1791411922 2572, 14001, 46, 0x0000000000000000 | 1.13 1.18 1.17 | cpu  317905695 2051251 69609281 27594598099 4979149 0 1191401 0 0 0
1791411923 2572, 14001, 45, 0x0000000000000000 | 1.13 1.18 1.17 | cpu  317905945 2051251 69609309 27594601231 4979150 0 1191401 0 0 0
1791411924 750, 7001, 45, 0x0000000000000000 | 1.13 1.18 1.17 | cpu  317905950 2051251 69609328 27594604621 4979150 0 1191401 0 0 0
1791411925 472, 810, 44, 0x0000000000000000 | 1.12 1.17 1.17 | cpu  317906004 2051251 69609345 27594607922 4979152 0 1191401 0 0 0
1791411926 285, 810, 44, 0x0000000000000000 | 1.12 1.17 1.17 | cpu  317906293 2051251 69609363 27594610984 4979154 0 1191401 0 0 0
1791411927 225, 405, 44, 0x0000000000000000 | 1.12 1.17 1.17 | cpu  317906382 2051251 69609379 27594614247 4979162 0 1191401 0 0 0
1791411928 2595, 13801, 45, 0x0000000000000000 | 1.12 1.17 1.17 | cpu  317906464 2051251 69609401 27594617495 4979166 0 1191401 0 0 0
1791411929 2572, 13801, 45, 0x0000000000000000 | 1.12 1.17 1.17 | cpu  317906566 2051251 69609405 27594620734 4979167 0 1191401 0 0 0
1791411931 2572, 13801, 45, 0x0000000000000000 | 1.11 1.17 1.17 | cpu  317906656 2051251 69609427 27594623973 4979173 0 1191401 0 0 0
1791411932 2572, 13801, 45, 0x0000000000000000 | 1.11 1.17 1.17 | cpu  317906752 2051251 69609441 27594627229 4979173 0 1191401 0 0 0
1791411933 2932, 13801, 46, 0x0000000000000000 | 1.11 1.17 1.17 | cpu  317906852 2051251 69609451 27594630483 4979173 0 1191401 0 0 0
1791411934 2932, 13801, 46, 0x0000000000000000 | 1.11 1.17 1.17 | cpu  317906953 2051251 69609463 27594633734 4979173 0 1191401 0 0 0
1791411935 2932, 13801, 46, 0x0000000000000000 | 1.18 1.18 1.18 | cpu  317907050 2051251 69609476 27594636990 4979174 0 1191401 0 0 0
1791411936 2932, 13801, 46, 0x0000000000000000 | 1.18 1.18 1.18 | cpu  317907146 2051251 69609490 27594640241 4979174 0 1191401 0 0 0
1791411937 2932, 13801, 46, 0x0000000000000000 | 1.18 1.18 1.18 | cpu  317907243 2051251 69609503 27594643498 4979174 0 1191401 0 0 0
1791411938 2932, 13801, 46, 0x0000000000000000 | 1.18 1.18 1.18 | cpu  317907324 2051251 69609531 27594646745 4979175 0 1191401 0 0 0
1791411939 2932, 13801, 45, 0x0000000000000000 | 1.18 1.18 1.18 | cpu  317907424 2051251 69609538 27594649988 4979176 0 1191401 0 0 0
1791411940 2932, 13801, 45, 0x0000000000000000 | 1.17 1.18 1.18 | cpu  317907722 2051251 69609543 27594653016 4979178 0 1191401 0 0 0
1791411941 2572, 13801, 44, 0x0000000000000000 | 1.17 1.18 1.18 | cpu  317908663 2051251 69609563 27594655418 4979178 0 1191401 0 0 0
1791411942 2572, 13801, 44, 0x0000000000000000 | 1.17 1.18 1.18 | cpu  317909518 2051251 69609585 27594657880 4979178 0 1191401 0 0 0
1791411943 2572, 13801, 44, 0x0000000000000000 | 1.17 1.18 1.18 | cpu  317909799 2051251 69609593 27594660951 4979178 0 1191401 0 0 0
1791411944 2715, 13801, 44, 0x0000000000000000 | 1.17 1.18 1.18 | cpu  317909906 2051251 69609597 27594664200 4979178 0 1191401 0 0 0
1791411945 2572, 13801, 44, 0x0000000000000000 | 1.15 1.18 1.18 | cpu  317910010 2051251 69609604 27594667442 4979178 0 1191401 0 0 0
1791411946 2572, 13801, 44, 0x0000000000000000 | 1.15 1.18 1.18 | cpu  317910114 2051251 69609608 27594670688 4979179 0 1191401 0 0 0
1791411947 2572, 13801, 44, 0x0000000000000000 | 1.15 1.18 1.18 | cpu  317910172 2051251 69609659 27594673929 4979179 0 1191401 0 0 0
1791411948 2572, 13801, 44, 0x0000000000000000 | 1.15 1.18 1.18 | cpu  317910230 2051251 69609709 27594677176 4979179 0 1191401 0 0 0
1791411949 2572, 13801, 44, 0x0000000000000000 | 1.15 1.18 1.18 | cpu  317910286 2051251 69609762 27594680422 4979179 0 1191401 0 0 0
1791411950 2572, 13801, 44, 0x0000000000000000 | 1.14 1.17 1.17 | cpu  317910342 2051251 69609817 27594683666 4979179 0 1191401 0 0 0
1791411952 2572, 13801, 44, 0x0000000000000000 | 1.14 1.17 1.17 | cpu  317910403 2051251 69609865 27594686908 4979179 0 1191401 0 0 0
1791411953 2572, 13801, 43, 0x0000000000000000 | 1.14 1.17 1.17 | cpu  317910463 2051251 69609914 27594690149 4979179 0 1191401 0 0 0
1791411954 2572, 13801, 43, 0x0000000000000000 | 1.14 1.17 1.17 | cpu  317910523 2051251 69609963 27594693396 4979179 0 1191401 0 0 0
1791411955 2572, 13801, 43, 0x0000000000000000 | 1.14 1.17 1.17 | cpu  317910581 2051251 69610013 27594696635 4979180 0 1191401 0 0 0
1791411956 2572, 13801, 43, 0x0000000000000000 | 1.13 1.17 1.17 | cpu  317910641 2051251 69610066 27594699870 4979180 0 1191401 0 0 0
1791411957 2572, 13801, 43, 0x0000000000000000 | 1.13 1.17 1.17 | cpu  317910702 2051251 69610114 27594703114 4979180 0 1191401 0 0 0
1791411958 2572, 13801, 43, 0x0000000000000000 | 1.13 1.17 1.17 | cpu  317910759 2051251 69610166 27594706353 4979180 0 1191401 0 0 0
1791411959 2572, 13801, 43, 0x0000000000000000 | 1.13 1.17 1.17 | cpu  317910818 2051251 69610216 27594709597 4979180 0 1191401 0 0 0
1791411960 2572, 13801, 43, 0x0000000000000000 | 1.12 1.17 1.17 | cpu  317910875 2051251 69610268 27594712838 4979180 0 1191401 0 0 0
1791411961 2572, 13801, 43, 0x0000000000000000 | 1.12 1.17 1.17 | cpu  317910932 2051251 69610321 27594716085 4979180 0 1191401 0 0 0
1791411962 2572, 13801, 43, 0x0000000000000000 | 1.12 1.17 1.17 | cpu  317910993 2051251 69610369 27594719322 4979182 0 1191401 0 0 0
1791411963 2572, 13801, 43, 0x0000000000000000 | 1.12 1.17 1.17 | cpu  317911052 2051251 69610419 27594722570 4979182 0 1191401 0 0 0
1791411964 2572, 13801, 43, 0x0000000000000000 | 1.12 1.17 1.17 | cpu  317911112 2051251 69610468 27594725817 4979182 0 1191401 0 0 0
1791411965 2572, 13801, 43, 0x0000000000000000 | 1.11 1.17 1.17 | cpu  317911171 2051251 69610520 27594729053 4979182 0 1191401 0 0 0
1791411966 2572, 13801, 43, 0x0000000000000000 | 1.11 1.17 1.17 | cpu  317911228 2051251 69610575 27594732298 4979182 0 1191401 0 0 0
1791411967 2572, 13801, 42, 0x0000000000000000 | 1.11 1.17 1.17 | cpu  317911290 2051251 69610639 27594735522 4979183 0 1191402 0 0 0
1791411968 2572, 13801, 42, 0x0000000000000000 | 1.11 1.17 1.17 | cpu  317911353 2051251 69610716 27594738729 4979183 0 1191402 0 0 0
1791411969 2572, 13801, 42, 0x0000000000000000 | 1.11 1.17 1.17 | cpu  317911413 2051251 69610766 27594741966 4979183 0 1191402 0 0 0
1791411970 2572, 13801, 42, 0x0000000000000000 | 1.18 1.18 1.18 | cpu  317911471 2051251 69610821 27594745212 4979183 0 1191402 0 0 0
1791411971 2572, 13801, 42, 0x0000000000000000 | 1.18 1.18 1.18 | cpu  317911530 2051251 69610871 27594748458 4979183 0 1191402 0 0 0
1791411972 2572, 13801, 42, 0x0000000000000000 | 1.18 1.18 1.18 | cpu  317911591 2051251 69610924 27594751694 4979183 0 1191402 0 0 0
1791411974 2580, 13801, 42, 0x0000000000000000 | 1.18 1.18 1.18 | cpu  317911792 2051251 69610986 27594754741 4979201 0 1191402 0 0 0
1791411975 2580, 13801, 42, 0x0000000000000000 | 1.18 1.18 1.18 | cpu  317912064 2051251 69611009 27594757786 4979204 0 1191402 0 0 0
1791411976 2572, 13801, 43, 0x0000000000000000 | 1.17 1.18 1.18 | cpu  317912167 2051251 69611030 27594761011 4979205 0 1191402 0 0 0
1791411977 2572, 13801, 42, 0x0000000000000000 | 1.17 1.18 1.18 | cpu  317912262 2051251 69611046 27594764252 4979206 0 1191402 0 0 0
1791411978 2580, 13801, 44, 0x0000000000000000 | 1.17 1.18 1.18 | cpu  317912380 2051251 69611063 27594767467 4979207 0 1191402 0 0 0
1791411979 2670, 13801, 42, 0x0000000000000000 | 1.17 1.18 1.18 | cpu  317912481 2051251 69611077 27594770714 4979209 0 1191402 0 0 0
1791411980 2917, 13801, 50, 0x0000000000000000 | 1.15 1.17 1.17 | cpu  317912586 2051251 69611081 27594773965 4979209 0 1191402 0 0 0
1791411981 2932, 13801, 44, 0x0000000000000000 | 1.15 1.17 1.17 | cpu  317912707 2051251 69611096 27594777194 4979210 0 1191402 0 0 0
1791411982 2917, 13801, 53, 0x0000000000000000 | 1.15 1.17 1.17 | cpu  317912812 2051251 69611100 27594780449 4979210 0 1191402 0 0 0
1791411983 2910, 13801, 52, 0x0000000000000000 | 1.15 1.17 1.17 | cpu  317912918 2051251 69611104 27594783703 4979210 0 1191402 0 0 0
1791411984 2917, 13801, 52, 0x0000000000000000 | 1.15 1.17 1.17 | cpu  317913024 2051251 69611107 27594786957 4979210 0 1191402 0 0 0
1791411985 2917, 13801, 53, 0x0000000000000004 | 1.14 1.17 1.17 | cpu  317913130 2051251 69611113 27594790205 4979210 0 1191402 0 0 0
1791411986 2925, 13801, 45, 0x0000000000000000 | 1.14 1.17 1.17 | cpu  317913233 2051251 69611121 27594793445 4979210 0 1191402 0 0 0
1791411987 2917, 13801, 49, 0x0000000000000000 | 1.14 1.17 1.17 | cpu  317913319 2051251 69611150 27594796677 4979212 0 1191402 0 0 0
1791411988 2932, 13801, 45, 0x0000000000000000 | 1.14 1.17 1.17 | cpu  317913413 2051251 69611175 27594799901 4979212 0 1191402 0 0 0
1791411989 2887, 13801, 44, 0x0000000000000000 | 1.14 1.17 1.17 | cpu  317913519 2051251 69611226 27594803090 4979213 0 1191402 0 0 0
1791411990 2572, 13801, 43, 0x0000000000000000 | 1.21 1.18 1.18 | cpu  317913647 2051251 69611251 27594806285 4979214 0 1191402 0 0 0
1791411991 2580, 13801, 43, 0x0000000000000000 | 1.21 1.18 1.18 | cpu  317913762 2051251 69611289 27594809486 4979215 0 1191402 0 0 0
1791411992 2917, 13801, 50, 0x0000000000000000 | 1.21 1.18 1.18 | cpu  317913869 2051251 69611303 27594812728 4979215 0 1191402 0 0 0
1791411993 2917, 13801, 51, 0x0000000000000000 | 1.21 1.18 1.18 | cpu  317913976 2051251 69611314 27594815979 4979215 0 1191402 0 0 0
1791411995 2917, 13801, 53, 0x0000000000000000 | 1.21 1.18 1.18 | cpu  317914082 2051251 69611326 27594819222 4979215 0 1191402 0 0 0
1791411996 2917, 13801, 52, 0x0000000000000000 | 1.19 1.18 1.18 | cpu  317914190 2051251 69611337 27594822480 4979215 0 1191402 0 0 0
1791411997 2917, 13801, 54, 0x0000000000000000 | 1.19 1.18 1.18 | cpu  317914297 2051251 69611346 27594825726 4979215 0 1191402 0 0 0
1791411998 2917, 13801, 52, 0x0000000000000000 | 1.19 1.18 1.18 | cpu  317914404 2051251 69611357 27594828976 4979215 0 1191402 0 0 0
1791411999 2910, 13801, 53, 0x0000000000000000 | 1.19 1.18 1.18 | cpu  317914510 2051251 69611369 27594832226 4979215 0 1191402 0 0 0
1791412000 2910, 13801, 54, 0x0000000000000000 | 1.18 1.18 1.18 | cpu  317914618 2051251 69611379 27594835476 4979216 0 1191402 0 0 0
1791412001 2917, 13801, 54, 0x0000000000000000 | 1.18 1.18 1.18 | cpu  317914724 2051251 69611388 27594838727 4979216 0 1191402 0 0 0
1791412002 2910, 13801, 53, 0x0000000000000000 | 1.18 1.18 1.18 | cpu  317914832 2051251 69611401 27594841966 4979216 0 1191402 0 0 0
1791412003 2902, 13801, 54, 0x0000000000000000 | 1.18 1.18 1.18 | cpu  317914939 2051251 69611411 27594845214 4979216 0 1191402 0 0 0
1791412004 2910, 13801, 53, 0x0000000000000000 | 1.18 1.18 1.18 | cpu  317915046 2051251 69611423 27594848461 4979216 0 1191402 0 0 0
1791412005 2910, 13801, 55, 0x0000000000000000 | 1.16 1.17 1.18 | cpu  317915153 2051251 69611434 27594851734 4979216 0 1191402 0 0 0
1791412006 2910, 13801, 55, 0x0000000000000000 | 1.16 1.17 1.18 | cpu  317915259 2051251 69611444 27594854977 4979216 0 1191402 0 0 0
1791412007 2910, 13801, 54, 0x0000000000000000 | 1.16 1.17 1.18 | cpu  317915366 2051251 69611455 27594858220 4979216 0 1191402 0 0 0
1791412008 2902, 13801, 55, 0x0000000000000000 | 1.16 1.17 1.18 | cpu  317915477 2051251 69611473 27594861452 4979216 0 1191402 0 0 0
1791412009 2910, 13801, 54, 0x0000000000000000 | 1.16 1.17 1.18 | cpu  317915584 2051251 69611485 27594864713 4979216 0 1191402 0 0 0
1791412010 2910, 13801, 55, 0x0000000000000000 | 1.15 1.17 1.17 | cpu  317915691 2051251 69611495 27594867964 4979218 0 1191402 0 0 0
1791412011 2902, 13801, 56, 0x0000000000000000 | 1.15 1.17 1.17 | cpu  317915798 2051251 69611506 27594871203 4979218 0 1191402 0 0 0
1791412012 2910, 13801, 54, 0x0000000000000000 | 1.15 1.17 1.17 | cpu  317915905 2051251 69611516 27594874455 4979218 0 1191402 0 0 0
1791412013 2910, 13801, 54, 0x0000000000000000 | 1.15 1.17 1.17 | cpu  317916014 2051251 69611529 27594877710 4979218 0 1191402 0 0 0
1791412015 2902, 13801, 56, 0x0000000000000000 | 1.15 1.17 1.17 | cpu  317916122 2051251 69611541 27594880963 4979218 0 1191402 0 0 0
1791412016 2910, 13801, 56, 0x0000000000000000 | 1.14 1.17 1.17 | cpu  317916230 2051251 69611553 27594884209 4979218 0 1191402 0 0 0
1791412017 2902, 13801, 57, 0x0000000000000000 | 1.14 1.17 1.17 | cpu  317916337 2051251 69611564 27594887458 4979218 0 1191402 0 0 0
1791412018 2910, 13801, 56, 0x0000000000000000 | 1.14 1.17 1.17 | cpu  317916445 2051251 69611576 27594890708 4979218 0 1191402 0 0 0
1791412019 2910, 13801, 56, 0x0000000000000000 | 1.14 1.17 1.17 | cpu  317916552 2051251 69611585 27594893953 4979219 0 1191402 0 0 0
1791412020 2902, 13801, 56, 0x0000000000000000 | 1.13 1.17 1.17 | cpu  317916658 2051251 69611596 27594897197 4979219 0 1191402 0 0 0
1791412021 2910, 13801, 55, 0x0000000000000000 | 1.13 1.17 1.17 | cpu  317916765 2051251 69611608 27594900439 4979220 0 1191402 0 0 0
1791412022 2910, 13801, 57, 0x0000000000000000 | 1.13 1.17 1.17 | cpu  317916873 2051251 69611620 27594903704 4979220 0 1191402 0 0 0
1791412023 2902, 13801, 57, 0x0000000000000000 | 1.13 1.17 1.17 | cpu  317916979 2051251 69611630 27594906956 4979220 0 1191402 0 0 0
1791412024 2910, 13801, 57, 0x0000000000000000 | 1.13 1.17 1.17 | cpu  317917086 2051251 69611640 27594910202 4979220 0 1191402 0 0 0
1791412025 2910, 13801, 57, 0x0000000000000000 | 1.12 1.16 1.17 | cpu  317917196 2051251 69611655 27594913443 4979221 0 1191402 0 0 0
1791412026 2910, 13801, 55, 0x0000000000000000 | 1.12 1.16 1.17 | cpu  317917301 2051251 69611668 27594916694 4979222 0 1191402 0 0 0
1791412027 2910, 13801, 56, 0x0000000000000000 | 1.12 1.16 1.17 | cpu  317917406 2051251 69611680 27594919948 4979222 0 1191402 0 0 0
1791412028 2910, 13801, 56, 0x0000000000000000 | 1.12 1.16 1.17 | cpu  317917512 2051251 69611693 27594923196 4979222 0 1191402 0 0 0
1791412029 2910, 13801, 56, 0x0000000000000000 | 1.12 1.16 1.17 | cpu  317917617 2051251 69611706 27594926446 4979222 0 1191402 0 0 0
1791412030 2910, 13801, 57, 0x0000000000000000 | 1.11 1.16 1.17 | cpu  317917725 2051251 69611719 27594929684 4979222 0 1191402 0 0 0
1791412031 2910, 13801, 56, 0x0000000000000000 | 1.11 1.16 1.17 | cpu  317917833 2051251 69611730 27594932924 4979222 0 1191402 0 0 0
1791412032 2910, 13801, 57, 0x0000000000000000 | 1.11 1.16 1.17 | cpu  317917941 2051251 69611744 27594936166 4979222 0 1191402 0 0 0
1791412033 2910, 13801, 58, 0x0000000000000000 | 1.11 1.16 1.17 | cpu  317918049 2051251 69611794 27594939362 4979222 0 1191402 0 0 0
1791412035 2910, 13801, 57, 0x0000000000000000 | 1.11 1.16 1.17 | cpu  317918155 2051251 69611807 27594942616 4979222 0 1191402 0 0 0
1791412036 2910, 13801, 57, 0x0000000000000000 | 1.18 1.17 1.18 | cpu  317918261 2051251 69611821 27594945867 4979222 0 1191402 0 0 0
1791412037 2910, 13801, 56, 0x0000000000000000 | 1.18 1.17 1.18 | cpu  317918371 2051251 69611838 27594949106 4979222 0 1191402 0 0 0
1791412038 2910, 13801, 55, 0x0000000000000000 | 1.18 1.17 1.18 | cpu  317918489 2051251 69611880 27594952307 4979222 0 1191402 0 0 0
1791412039 2910, 13801, 57, 0x0000000000000000 | 1.18 1.17 1.18 | cpu  317918597 2051251 69611891 27594955559 4979222 0 1191402 0 0 0
1791412040 2910, 13801, 56, 0x0000000000000000 | 1.16 1.17 1.17 | cpu  317918702 2051251 69611903 27594958808 4979222 0 1191402 0 0 0
1791412041 2910, 13801, 56, 0x0000000000000000 | 1.16 1.17 1.17 | cpu  317918808 2051251 69611917 27594962061 4979222 0 1191402 0 0 0
1791412042 2910, 13801, 57, 0x0000000000000000 | 1.16 1.17 1.17 | cpu  317918916 2051251 69611929 27594965304 4979223 0 1191402 0 0 0
1791412043 2910, 13801, 57, 0x0000000000000000 | 1.16 1.17 1.17 | cpu  317919020 2051251 69611943 27594968556 4979223 0 1191402 0 0 0
1791412044 2910, 13801, 56, 0x0000000000000000 | 1.16 1.17 1.17 | cpu  317919124 2051251 69611956 27594971797 4979223 0 1191402 0 0 0
1791412045 2910, 13801, 58, 0x0000000000000000 | 1.15 1.17 1.17 | cpu  317919231 2051251 69611968 27594975039 4979223 0 1191402 0 0 0
1791412046 2910, 13801, 57, 0x0000000000000000 | 1.15 1.17 1.17 | cpu  317919336 2051251 69611982 27594978286 4979223 0 1191402 0 0 0
1791412047 2910, 13801, 59, 0x0000000000000000 | 1.15 1.17 1.17 | cpu  317919440 2051251 69611995 27594981533 4979223 0 1191402 0 0 0
1791412048 2910, 13801, 59, 0x0000000000000000 | 1.15 1.17 1.17 | cpu  317919547 2051251 69612008 27594984779 4979223 0 1191402 0 0 0
1791412049 2910, 13801, 58, 0x0000000000000000 | 1.15 1.17 1.17 | cpu  317919652 2051251 69612021 27594988018 4979223 0 1191402 0 0 0
1791412050 2910, 13801, 58, 0x0000000000000000 | 1.14 1.16 1.17 | cpu  317919757 2051251 69612034 27594991252 4979223 0 1191402 0 0 0
1791412051 2910, 13801, 58, 0x0000000000000000 | 1.14 1.16 1.17 | cpu  317919863 2051251 69612047 27594994499 4979225 0 1191402 0 0 0
1791412052 2910, 13801, 59, 0x0000000000000000 | 1.14 1.16 1.17 | cpu  317919968 2051251 69612057 27594997742 4979225 0 1191402 0 0 0
1791412053 2910, 13801, 59, 0x0000000000000000 | 1.14 1.16 1.17 | cpu  317920073 2051251 69612071 27595000988 4979225 0 1191402 0 0 0
1791412055 2910, 13801, 59, 0x0000000000000000 | 1.14 1.16 1.17 | cpu  317920179 2051251 69612083 27595004235 4979225 0 1191402 0 0 0
1791412056 2910, 13801, 59, 0x0000000000000000 | 1.13 1.16 1.17 | cpu  317920285 2051251 69612097 27595007488 4979225 0 1191402 0 0 0
1791412057 2910, 13801, 57, 0x0000000000000000 | 1.13 1.16 1.17 | cpu  317920390 2051251 69612107 27595010725 4979226 0 1191402 0 0 0
1791412058 2910, 13801, 57, 0x0000000000000000 | 1.13 1.16 1.17 | cpu  317920497 2051251 69612122 27595013966 4979226 0 1191402 0 0 0
1791412059 2910, 13801, 59, 0x0000000000000000 | 1.13 1.16 1.17 | cpu  317920603 2051251 69612136 27595017203 4979227 0 1191402 0 0 0
1791412060 2910, 13801, 59, 0x0000000000000000 | 1.12 1.16 1.17 | cpu  317920711 2051251 69612150 27595020438 4979227 0 1191402 0 0 0
1791412061 2910, 13801, 59, 0x0000000000000000 | 1.12 1.16 1.17 | cpu  317920816 2051251 69612161 27595023680 4979227 0 1191402 0 0 0
1791412062 2910, 13801, 59, 0x0000000000000000 | 1.12 1.16 1.17 | cpu  317920921 2051251 69612174 27595026930 4979227 0 1191402 0 0 0
1791412063 2910, 13801, 59, 0x0000000000000000 | 1.12 1.16 1.17 | cpu  317921026 2051251 69612188 27595030177 4979227 0 1191402 0 0 0
1791412064 2910, 13801, 59, 0x0000000000000000 | 1.12 1.16 1.17 | cpu  317921130 2051251 69612202 27595033423 4979227 0 1191402 0 0 0
1791412065 2910, 13801, 54, 0x0000000000000000 | 1.11 1.16 1.17 | cpu  317921216 2051251 69612229 27595036661 4979227 0 1191402 0 0 0
1791412066 2932, 13801, 52, 0x0000000000000000 | 1.11 1.16 1.17 | cpu  317921268 2051251 69612287 27595039898 4979227 0 1191402 0 0 0
1791412067 2572, 13801, 51, 0x0000000000000000 | 1.11 1.16 1.17 | cpu  317921327 2051251 69612341 27595043136 4979227 0 1191402 0 0 0
1791412068 2572, 13801, 51, 0x0000000000000000 | 1.11 1.16 1.17 | cpu  317921392 2051251 69612385 27595046369 4979227 0 1191402 0 0 0
1791412069 2572, 13801, 50, 0x0000000000000000 | 1.11 1.16 1.17 | cpu  317921447 2051251 69612440 27595049610 4979227 0 1191402 0 0 0
1791412070 2572, 13801, 50, 0x0000000000000000 | 1.10 1.15 1.17 | cpu  317921524 2051251 69612477 27595052848 4979227 0 1191402 0 0 0
1791412071 2572, 13801, 50, 0x0000000000000000 | 1.10 1.15 1.17 | cpu  317921587 2051251 69612523 27595056089 4979227 0 1191402 0 0 0
1791412072 2572, 13801, 50, 0x0000000000000000 | 1.10 1.15 1.17 | cpu  317921648 2051251 69612577 27595059321 4979229 0 1191402 0 0 0
1791412073 2572, 13801, 49, 0x0000000000000000 | 1.10 1.15 1.17 | cpu  317921731 2051251 69612610 27595062546 4979229 0 1191402 0 0 0
1791412074 2572, 13801, 49, 0x0000000000000000 | 1.10 1.15 1.17 | cpu  317921818 2051251 69612634 27595065789 4979230 0 1191402 0 0 0
1791412075 2572, 13801, 49, 0x0000000000000000 | 1.17 1.17 1.17 | cpu  317921898 2051251 69612667 27595069026 4979230 0 1191402 0 0 0
1791412077 2572, 13801, 49, 0x0000000000000000 | 1.17 1.17 1.17 | cpu  317921993 2051251 69612685 27595072261 4979230 0 1191402 0 0 0
1791412078 2572, 13801, 49, 0x0000000000000000 | 1.17 1.17 1.17 | cpu  317922091 2051251 69612700 27595075493 4979230 0 1191402 0 0 0
1791412079 2572, 13801, 49, 0x0000000000000000 | 1.17 1.17 1.17 | cpu  317922190 2051251 69612712 27595078730 4979230 0 1191402 0 0 0
1791412080 2572, 13801, 48, 0x0000000000000000 | 1.17 1.17 1.17 | cpu  317922288 2051251 69612726 27595081965 4979230 0 1191402 0 0 0
1791412081 2572, 13801, 48, 0x0000000000000000 | 1.16 1.16 1.17 | cpu  317922389 2051251 69612738 27595085204 4979230 0 1191402 0 0 0
1791412082 2572, 13801, 48, 0x0000000000000000 | 1.16 1.16 1.17 | cpu  317922496 2051251 69612746 27595088453 4979230 0 1191402 0 0 0
1791412083 2572, 13801, 48, 0x0000000000000000 | 1.16 1.16 1.17 | cpu  317922611 2051251 69612780 27595091643 4979230 0 1191402 0 0 0
1791412084 2572, 13801, 48, 0x0000000000000000 | 1.16 1.16 1.17 | cpu  317922708 2051251 69612799 27595094873 4979231 0 1191402 0 0 0
1791412085 2572, 13801, 48, 0x0000000000000000 | 1.14 1.16 1.17 | cpu  317922812 2051251 69612820 27595098105 4979231 0 1191402 0 0 0
1791412086 2572, 13801, 48, 0x0000000000000000 | 1.14 1.16 1.17 | cpu  317922923 2051251 69612867 27595101289 4979231 0 1191402 0 0 0
1791412087 2572, 13801, 47, 0x0000000000000000 | 1.14 1.16 1.17 | cpu  317923029 2051251 69612871 27595104522 4979232 0 1191402 0 0 0
1791412088 2572, 13801, 47, 0x0000000000000000 | 1.14 1.16 1.17 | cpu  317923100 2051251 69612914 27595107756 4979232 0 1191402 0 0 0
1791412089 2572, 13801, 47, 0x0000000000000000 | 1.14 1.16 1.17 | cpu  317923201 2051251 69612925 27595110993 4979232 0 1191402 0 0 0
1791412090 2572, 13801, 47, 0x0000000000000000 | 1.13 1.16 1.17 | cpu  317923307 2051251 69612929 27595114232 4979232 0 1191402 0 0 0
1791412091 2572, 13801, 47, 0x0000000000000000 | 1.13 1.16 1.17 | cpu  317923413 2051251 69612935 27595117474 4979232 0 1191402 0 0 0
1791412092 2572, 13801, 47, 0x0000000000000000 | 1.13 1.16 1.17 | cpu  317923520 2051251 69612941 27595120711 4979232 0 1191402 0 0 0
1791412093 2572, 810, 46, 0x0000000000000000 | 1.13 1.16 1.17 | cpu  317923630 2051251 69612949 27595123981 4979233 0 1191402 0 0 0
1791412094 375, 810, 45, 0x0000000000000000 | 1.13 1.16 1.17 | cpu  317923737 2051251 69612955 27595127246 4979233 0 1191402 0 0 0
1791412095 225, 405, 45, 0x0000000000000000 | 1.12 1.16 1.17 | cpu  317923843 2051251 69612961 27595130504 4979234 0 1191402 0 0 0
1791412096 225, 405, 45, 0x0000000000000000 | 1.12 1.16 1.17 | cpu  317923951 2051251 69612978 27595133745 4979234 0 1191402 0 0 0
1791412098 225, 405, 45, 0x0000000000000000 | 1.12 1.16 1.17 | cpu  317924048 2051251 69613023 27595136984 4979234 0 1191402 0 0 0
1791412099 217, 405, 45, 0x0000000000000000 | 1.12 1.16 1.17 | cpu  317924143 2051251 69613040 27595140252 4979234 0 1191402 0 0 0
1791412100 225, 405, 44, 0x0000000000000000 | 1.12 1.16 1.17 | cpu  317924239 2051251 69613058 27595143513 4979234 0 1191402 0 0 0
1791412101 225, 405, 44, 0x0000000000000000 | 1.11 1.15 1.17 | cpu  317924336 2051251 69613077 27595146768 4979234 0 1191402 0 0 0
1791412102 225, 405, 44, 0x0000000000000000 | 1.11 1.15 1.17 | cpu  317924434 2051251 69613096 27595150033 4979234 0 1191402 0 0 0
1791412103 225, 405, 44, 0x0000000000000000 | 1.11 1.15 1.17 | cpu  317924539 2051251 69613106 27595153312 4979234 0 1191402 0 0 0
1791412104 225, 405, 44, 0x0000000000000000 | 1.11 1.15 1.17 | cpu  317924637 2051251 69613120 27595156591 4979234 0 1191402 0 0 0
1791412105 225, 405, 44, 0x0000000000000000 | 1.10 1.15 1.17 | cpu  317924745 2051251 69613127 27595159858 4979234 0 1191402 0 0 0
1791412106 225, 405, 44, 0x0000000000000000 | 1.10 1.15 1.17 | cpu  317924852 2051251 69613134 27595163128 4979235 0 1191402 0 0 0
1791412107 225, 405, 43, 0x0000000000000000 | 1.10 1.15 1.17 | cpu  317924958 2051251 69613141 27595166403 4979235 0 1191402 0 0 0
1791412108 225, 405, 43, 0x0000000000000000 | 1.10 1.15 1.17 | cpu  317925059 2051251 69613153 27595169659 4979235 0 1191402 0 0 0
1791412109 225, 405, 43, 0x0000000000000000 | 1.10 1.15 1.17 | cpu  317925156 2051251 69613167 27595172927 4979235 0 1191402 0 0 0
1791412110 225, 405, 43, 0x0000000000000000 | 1.09 1.15 1.17 | cpu  317925240 2051251 69613195 27595176194 4979235 0 1191402 0 0 0
1791412111 225, 405, 43, 0x0000000000000000 | 1.09 1.15 1.17 | cpu  317925308 2051251 69613240 27595179448 4979235 0 1191402 0 0 0
1791412112 225, 405, 43, 0x0000000000000000 | 1.09 1.15 1.17 | cpu  317925395 2051251 69613268 27595182707 4979235 0 1191402 0 0 0
1791412113 225, 405, 42, 0x0000000000000000 | 1.09 1.15 1.17 | cpu  317925458 2051251 69613326 27595185961 4979235 0 1191402 0 0 0
1791412114 225, 405, 42, 0x0000000000000000 | 1.09 1.15 1.17 | cpu  317925547 2051251 69613349 27595189226 4979235 0 1191402 0 0 0
1791412115 225, 405, 42, 0x0000000000000000 | 1.09 1.14 1.17 | cpu  317925634 2051251 69613380 27595192485 4979236 0 1191402 0 0 0
1791412117 225, 405, 42, 0x0000000000000000 | 1.09 1.14 1.17 | cpu  317925672 2051251 69613481 27595195728 4979237 0 1191403 0 0 0
1791412118 225, 405, 42, 0x0000000000000000 | 1.09 1.14 1.17 | cpu  317925767 2051251 69613524 27595198972 4979237 0 1191403 0 0 0
1791412119 225, 405, 42, 0x0000000000000000 | 1.09 1.14 1.17 | cpu  317925860 2051251 69613575 27595202211 4979237 0 1191403 0 0 0
1791412120 225, 405, 42, 0x0000000000000000 | 1.16 1.16 1.17 | cpu  317925955 2051251 69613641 27595205435 4979237 0 1191403 0 0 0
1791412121 225, 405, 42, 0x0000000000000000 | 1.16 1.16 1.17 | cpu  317926043 2051251 69613664 27595208701 4979238 0 1191403 0 0 0
1791412122 225, 405, 42, 0x0000000000000000 | 1.16 1.16 1.17 | cpu  317926130 2051251 69613687 27595211962 4979239 0 1191403 0 0 0
1791412123 225, 405, 41, 0x0000000000000000 | 1.16 1.16 1.17 | cpu  317926218 2051251 69613715 27595215215 4979239 0 1191403 0 0 0
1791412124 225, 405, 41, 0x0000000000000000 | 1.16 1.16 1.17 | cpu  317926308 2051251 69613743 27595218478 4979240 0 1191403 0 0 0
1791412125 225, 405, 41, 0x0000000000000000 | 1.15 1.16 1.17 | cpu  317926397 2051251 69613773 27595221741 4979240 0 1191404 0 0 0
1791412126 225, 405, 41, 0x0000000000000000 | 1.15 1.16 1.17 | cpu  317926485 2051251 69613803 27595224994 4979240 0 1191404 0 0 0
1791412127 225, 405, 41, 0x0000000000000000 | 1.15 1.16 1.17 | cpu  317926575 2051251 69613828 27595228277 4979240 0 1191404 0 0 0
1791412128 225, 405, 41, 0x0000000000000000 | 1.15 1.16 1.17 | cpu  317926667 2051251 69613853 27595231555 4979241 0 1191404 0 0 0
1791412129 225, 405, 41, 0x0000000000000000 | 1.15 1.16 1.17 | cpu  317926758 2051251 69613875 27595234813 4979241 0 1191405 0 0 0
1791412130 225, 405, 41, 0x0000000000000000 | 1.13 1.15 1.17 | cpu  317926850 2051251 69613898 27595238069 4979241 0 1191405 0 0 0
1791412131 225, 405, 40, 0x0000000000000000 | 1.13 1.15 1.17 | cpu  317926954 2051251 69613909 27595241328 4979241 0 1191405 0 0 0
1791412132 225, 405, 40, 0x0000000000000000 | 1.13 1.15 1.17 | cpu  317927062 2051251 69613920 27595244583 4979241 0 1191405 0 0 0
1791412133 225, 405, 40, 0x0000000000000000 | 1.13 1.15 1.17 | cpu  317927169 2051251 69613928 27595247840 4979241 0 1191405 0 0 0
1791412135 225, 405, 40, 0x0000000000000000 | 1.13 1.15 1.17 | cpu  317927274 2051251 69613938 27595251091 4979241 0 1191405 0 0 0
1791412136 225, 405, 40, 0x0000000000000000 | 1.12 1.15 1.17 | cpu  317927381 2051251 69613948 27595254344 4979241 0 1191405 0 0 0
1791412137 225, 405, 40, 0x0000000000000000 | 1.12 1.15 1.17 | cpu  317927488 2051251 69613958 27595257599 4979241 0 1191405 0 0 0
1791412138 225, 405, 40, 0x0000000000000000 | 1.12 1.15 1.17 | cpu  317927595 2051251 69613969 27595260867 4979242 0 1191405 0 0 0
1791412139 225, 405, 40, 0x0000000000000000 | 1.12 1.15 1.17 | cpu  317927701 2051251 69613978 27595264124 4979242 0 1191405 0 0 0
1791412140 225, 405, 40, 0x0000000000000000 | 1.11 1.15 1.17 | cpu  317927812 2051251 69613990 27595267375 4979242 0 1191405 0 0 0
1791412141 225, 405, 40, 0x0000000000000000 | 1.11 1.15 1.17 | cpu  317927916 2051251 69614001 27595270647 4979242 0 1191405 0 0 0
1791412142 225, 405, 40, 0x0000000000000000 | 1.11 1.15 1.17 | cpu  317928019 2051251 69614011 27595273908 4979242 0 1191405 0 0 0
1791412143 225, 405, 40, 0x0000000000000000 | 1.11 1.15 1.17 | cpu  317928124 2051251 69614023 27595277165 4979242 0 1191405 0 0 0
1791412144 225, 405, 40, 0x0000000000000000 | 1.11 1.15 1.17 | cpu  317928225 2051251 69614038 27595280418 4979242 0 1191405 0 0 0
1791412145 225, 405, 39, 0x0000000000000000 | 1.26 1.18 1.18 | cpu  317928331 2051251 69614048 27595283670 4979242 0 1191405 0 0 0
1791412146 225, 405, 39, 0x0000000000000000 | 1.26 1.18 1.18 | cpu  317928435 2051251 69614057 27595286928 4979242 0 1191405 0 0 0
1791412147 225, 405, 39, 0x0000000000000000 | 1.26 1.18 1.18 | cpu  317928538 2051251 69614074 27595290207 4979243 0 1191405 0 0 0
1791412148 225, 405, 39, 0x0000000000000000 | 1.26 1.18 1.18 | cpu  317928644 2051251 69614085 27595293464 4979243 0 1191405 0 0 0
1791412149 225, 405, 39, 0x0000000000000000 | 1.26 1.18 1.18 | cpu  317928746 2051251 69614099 27595296720 4979243 0 1191405 0 0 0
1791412150 225, 405, 39, 0x0000000000000000 | 1.24 1.17 1.18 | cpu  317928853 2051251 69614106 27595299974 4979243 0 1191405 0 0 0
1791412151 225, 405, 39, 0x0000000000000000 | 1.24 1.17 1.18 | cpu  317928955 2051251 69614122 27595303227 4979243 0 1191405 0 0 0
1791412152 225, 405, 39, 0x0000000000000000 | 1.24 1.17 1.18 | cpu  317929060 2051251 69614130 27595306489 4979243 0 1191405 0 0 0
1791412154 225, 405, 39, 0x0000000000000000 | 1.24 1.17 1.18 | cpu  317929163 2051251 69614142 27595309737 4979244 0 1191405 0 0 0
1791412155 225, 405, 39, 0x0000000000000000 | 1.24 1.17 1.18 | cpu  317929265 2051251 69614159 27595312988 4979244 0 1191405 0 0 0
1791412156 225, 405, 39, 0x0000000000000000 | 1.22 1.17 1.18 | cpu  317929369 2051251 69614168 27595316253 4979244 0 1191405 0 0 0
1791412157 225, 405, 39, 0x0000000000000000 | 1.22 1.17 1.18 | cpu  317929476 2051251 69614177 27595319541 4979244 0 1191405 0 0 0
1791412158 225, 405, 39, 0x0000000000000000 | 1.22 1.17 1.18 | cpu  317929579 2051251 69614194 27595322792 4979244 0 1191405 0 0 0
1791412159 225, 405, 39, 0x0000000000000000 | 1.22 1.17 1.18 | cpu  317929682 2051251 69614213 27595326041 4979244 0 1191405 0 0 0
1791412160 225, 405, 39, 0x0000000000000000 | 1.29 1.19 1.18 | cpu  317929790 2051251 69614232 27595329290 4979244 0 1191405 0 0 0
1791412161 225, 405, 39, 0x0000000000000000 | 1.29 1.19 1.18 | cpu  317929897 2051251 69614265 27595332525 4979244 0 1191405 0 0 0
1791412162 225, 405, 39, 0x0000000000000000 | 1.29 1.19 1.18 | cpu  317929998 2051251 69614285 27595335782 4979244 0 1191405 0 0 0
1791412163 225, 405, 39, 0x0000000000000000 | 1.29 1.19 1.18 | cpu  317930103 2051251 69614310 27595339025 4979244 0 1191405 0 0 0
1791412164 225, 405, 39, 0x0000000000000000 | 1.29 1.19 1.18 | cpu  317930208 2051251 69614320 27595342292 4979244 0 1191405 0 0 0
1791412165 225, 405, 39, 0x0000000000000000 | 1.26 1.18 1.18 | cpu  317930317 2051251 69614326 27595345549 4979244 0 1191405 0 0 0
1791412166 225, 405, 38, 0x0000000000000000 | 1.26 1.18 1.18 | cpu  317930419 2051251 69614339 27595348804 4979244 0 1191405 0 0 0
1791412167 225, 405, 38, 0x0000000000000000 | 1.26 1.18 1.18 | cpu  317930520 2051251 69614358 27595352055 4979244 0 1191405 0 0 0
1791412168 225, 405, 38, 0x0000000000000000 | 1.26 1.18 1.18 | cpu  317930622 2051251 69614374 27595355302 4979244 0 1191405 0 0 0
1791412169 225, 405, 38, 0x0000000000000000 | 1.26 1.18 1.18 | cpu  317930723 2051251 69614388 27595358556 4979244 0 1191405 0 0 0
1791412170 225, 405, 38, 0x0000000000000000 | 1.24 1.18 1.18 | cpu  317930830 2051251 69614392 27595361816 4979245 0 1191405 0 0 0
1791412171 225, 405, 38, 0x0000000000000000 | 1.24 1.18 1.18 | cpu  317930937 2051251 69614399 27595365102 4979245 0 1191405 0 0 0
1791412173 225, 405, 38, 0x0000000000000000 | 1.24 1.18 1.18 | cpu  317931038 2051251 69614415 27595368355 4979245 0 1191405 0 0 0
1791412174 225, 405, 38, 0x0000000000000000 | 1.24 1.18 1.18 | cpu  317931142 2051251 69614434 27595371634 4979245 0 1191406 0 0 0
1791412175 225, 405, 38, 0x0000000000000000 | 1.24 1.18 1.18 | cpu  317931244 2051251 69614448 27595374892 4979245 0 1191406 0 0 0
1791412176 225, 405, 38, 0x0000000000000000 | 1.22 1.18 1.18 | cpu  317931348 2051251 69614464 27595378156 4979245 0 1191406 0 0 0
1791412177 225, 405, 38, 0x0000000000000000 | 1.22 1.18 1.18 | cpu  317931452 2051251 69614473 27595381445 4979245 0 1191406 0 0 0
1791412178 217, 405, 38, 0x0000000000000000 | 1.22 1.18 1.18 | cpu  317931559 2051251 69614478 27595384707 4979246 0 1191406 0 0 0
1791412179 225, 405, 38, 0x0000000000000000 | 1.22 1.18 1.18 | cpu  317931666 2051251 69614485 27595387977 4979246 0 1191406 0 0 0
1791412180 225, 405, 38, 0x0000000000000000 | 1.20 1.17 1.18 | cpu  317931766 2051251 69614501 27595391228 4979246 0 1191406 0 0 0
1791412181 225, 405, 38, 0x0000000000000000 | 1.20 1.17 1.18 | cpu  317931869 2051251 69614520 27595394490 4979246 0 1191406 0 0 0
1791412182 225, 405, 38, 0x0000000000000000 | 1.20 1.17 1.18 | cpu  317931970 2051251 69614537 27595397748 4979246 0 1191406 0 0 0
1791412183 225, 405, 38, 0x0000000000000000 | 1.20 1.17 1.18 | cpu  317932072 2051251 69614552 27595401004 4979246 0 1191407 0 0 0
1791412184 225, 405, 38, 0x0000000000000000 | 1.20 1.17 1.18 | cpu  317932174 2051251 69614569 27595404260 4979247 0 1191407 0 0 0
1791412185 225, 405, 38, 0x0000000000000000 | 1.19 1.17 1.18 | cpu  317932276 2051251 69614584 27595407506 4979247 0 1191407 0 0 0
1791412186 225, 405, 38, 0x0000000000000000 | 1.19 1.17 1.18 | cpu  317932383 2051251 69614591 27595410768 4979248 0 1191407 0 0 0
1791412187 225, 405, 38, 0x0000000000000000 | 1.19 1.17 1.18 | cpu  317932490 2051251 69614596 27595414042 4979248 0 1191407 0 0 0
1791412188 225, 405, 38, 0x0000000000000000 | 1.19 1.17 1.18 | cpu  317932594 2051251 69614603 27595417296 4979248 0 1191408 0 0 0
1791412189 225, 405, 38, 0x0000000000000000 | 1.19 1.17 1.18 | cpu  317932696 2051251 69614624 27595420545 4979248 0 1191408 0 0 0
1791412190 225, 405, 37, 0x0000000000000000 | 1.17 1.17 1.17 | cpu  317932798 2051251 69614640 27595423795 4979248 0 1191408 0 0 0
1791412192 225, 405, 37, 0x0000000000000000 | 1.17 1.17 1.17 | cpu  317932900 2051251 69614661 27595427038 4979248 0 1191409 0 0 0
1791412193 225, 405, 37, 0x0000000000000000 | 1.17 1.17 1.17 | cpu  317933002 2051251 69614682 27595430286 4979248 0 1191410 0 0 0
1791412194 225, 405, 37, 0x0000000000000000 | 1.17 1.17 1.17 | cpu  317933103 2051251 69614699 27595433540 4979248 0 1191411 0 0 0
1791412195 217, 405, 37, 0x0000000000000000 | 1.17 1.17 1.17 | cpu  317933204 2051251 69614717 27595436804 4979248 0 1191411 0 0 0
1791412196 225, 405, 37, 0x0000000000000000 | 1.16 1.16 1.17 | cpu  317933305 2051251 69614737 27595440054 4979248 0 1191412 0 0 0
1791412197 225, 405, 37, 0x0000000000000000 | 1.16 1.16 1.17 | cpu  317933414 2051251 69614745 27595443316 4979248 0 1191412 0 0 0
1791412198 225, 405, 37, 0x0000000000000000 | 1.16 1.16 1.17 | cpu  317933520 2051251 69614750 27595446577 4979248 0 1191412 0 0 0
1791412199 225, 405, 37, 0x0000000000000000 | 1.16 1.16 1.17 | cpu  317933627 2051251 69614754 27595449853 4979248 0 1191412 0 0 0
1791412200 225, 405, 37, 0x0000000000000000 | 1.14 1.16 1.17 | cpu  317933731 2051251 69614774 27595453110 4979248 0 1191413 0 0 0
1791412201 225, 405, 37, 0x0000000000000000 | 1.14 1.16 1.17 | cpu  317933837 2051251 69614816 27595456350 4979255 0 1191420 0 0 0
1791412202 225, 405, 37, 0x0000000000000000 | 1.14 1.16 1.17 | cpu  317933950 2051251 69614846 27595459600 4979260 0 1191420 0 0 0
1791412203 225, 405, 37, 0x0000000000000000 | 1.14 1.16 1.17 | cpu  317934053 2051251 69614861 27595462878 4979261 0 1191420 0 0 0
1791412204 225, 405, 37, 0x0000000000000000 | 1.14 1.16 1.17 | cpu  317934157 2051251 69614881 27595466144 4979261 0 1191420 0 0 0
1791412205 225, 405, 37, 0x0000000000000000 | 1.13 1.16 1.17 | cpu  317934258 2051251 69614898 27595469414 4979262 0 1191420 0 0 0
1791412206 225, 405, 37, 0x0000000000000000 | 1.13 1.16 1.17 | cpu  317934361 2051251 69614914 27595472679 4979262 0 1191420 0 0 0
1791412207 225, 405, 37, 0x0000000000000000 | 1.13 1.16 1.17 | cpu  317934463 2051251 69614931 27595475931 4979263 0 1191420 0 0 0
1791412208 225, 405, 37, 0x0000000000000000 | 1.13 1.16 1.17 | cpu  317934565 2051251 69614947 27595479185 4979263 0 1191420 0 0 0
1791412210 225, 405, 37, 0x0000000000000000 | 1.13 1.16 1.17 | cpu  317934668 2051251 69614958 27595482443 4979263 0 1191420 0 0 0
1791412211 225, 405, 37, 0x0000000000000000 | 1.12 1.16 1.17 | cpu  317934775 2051251 69614963 27595485723 4979263 0 1191420 0 0 0
1791412212 225, 405, 37, 0x0000000000000000 | 1.12 1.16 1.17 | cpu  317934882 2051251 69614969 27595489001 4979264 0 1191420 0 0 0
1791412213 225, 405, 36, 0x0000000000000000 | 1.12 1.16 1.17 | cpu  317934989 2051251 69614973 27595492265 4979266 0 1191420 0 0 0
1791412214 225, 405, 36, 0x0000000000000000 | 1.12 1.16 1.17 | cpu  317935095 2051251 69614981 27595495528 4979266 0 1191420 0 0 0
1791412215 225, 405, 36, 0x0000000000000000 | 1.11 1.15 1.17 | cpu  317935198 2051251 69614994 27595498791 4979266 0 1191420 0 0 0
1791412216 225, 405, 36, 0x0000000000000000 | 1.11 1.15 1.17 | cpu  317935298 2051251 69615010 27595502049 4979266 0 1191420 0 0 0
1791412217 225, 405, 36, 0x0000000000000000 | 1.11 1.15 1.17 | cpu  317935400 2051251 69615025 27595505309 4979267 0 1191420 0 0 0
1791412218 225, 405, 36, 0x0000000000000000 | 1.11 1.15 1.17 | cpu  317935502 2051251 69615042 27595508564 4979267 0 1191420 0 0 0
1791412219 225, 405, 36, 0x0000000000000000 | 1.11 1.15 1.17 | cpu  317935605 2051251 69615060 27595511828 4979267 0 1191420 0 0 0
1791412220 225, 405, 36, 0x0000000000000000 | 1.10 1.15 1.17 | cpu  317935706 2051251 69615075 27595515085 4979267 0 1191420 0 0 0
1791412221 225, 405, 36, 0x0000000000000000 | 1.10 1.15 1.17 | cpu  317935808 2051251 69615093 27595518342 4979269 0 1191420 0 0 0
1791412222 225, 405, 36, 0x0000000000000000 | 1.10 1.15 1.17 | cpu  317935910 2051251 69615110 27595521595 4979270 0 1191420 0 0 0
1791412223 225, 405, 36, 0x0000000000000000 | 1.10 1.15 1.17 | cpu  317936013 2051251 69615148 27595524820 4979271 0 1191420 0 0 0
1791412224 225, 405, 36, 0x0000000000000000 | 1.10 1.15 1.17 | cpu  317936117 2051251 69615174 27595528064 4979272 0 1191420 0 0 0
1791412225 225, 405, 36, 0x0000000000000000 | 1.09 1.15 1.17 | cpu  317936219 2051251 69615190 27595531317 4979272 0 1191420 0 0 0
1791412226 225, 405, 36, 0x0000000000000000 | 1.09 1.15 1.17 | cpu  317936323 2051251 69615198 27595534577 4979272 0 1191420 0 0 0
1791412227 225, 405, 36, 0x0000000000000000 | 1.09 1.15 1.17 | cpu  317936430 2051251 69615203 27595537854 4979272 0 1191420 0 0 0
1791412229 217, 405, 36, 0x0000000000000000 | 1.09 1.15 1.17 | cpu  317936539 2051251 69615209 27595541115 4979273 0 1191420 0 0 0
1791412230 225, 405, 36, 0x0000000000000000 | 1.09 1.15 1.17 | cpu  317936652 2051251 69615231 27595544345 4979274 0 1191420 0 0 0
1791412231 225, 405, 36, 0x0000000000000000 | 1.17 1.16 1.17 | cpu  317936766 2051251 69615252 27595547589 4979275 0 1191421 0 0 0
1791412232 225, 405, 36, 0x0000000000000000 | 1.17 1.16 1.17 | cpu  317936871 2051251 69615256 27595550842 4979275 0 1191421 0 0 0
1791412233 225, 405, 36, 0x0000000000000000 | 1.17 1.16 1.17 | cpu  317936974 2051251 69615273 27595554094 4979275 0 1191421 0 0 0
1791412234 225, 405, 36, 0x0000000000000000 | 1.17 1.16 1.17 | cpu  317937076 2051251 69615287 27595557355 4979276 0 1191421 0 0 0
1791412235 225, 405, 36, 0x0000000000000000 | 1.31 1.19 1.18 | cpu  317937179 2051251 69615302 27595560615 4979276 0 1191421 0 0 0
1791412236 225, 405, 36, 0x0000000000000000 | 1.31 1.19 1.18 | cpu  317937281 2051251 69615318 27595563873 4979276 0 1191421 0 0 0
1791412237 225, 405, 36, 0x0000000000000000 | 1.31 1.19 1.18 | cpu  317937382 2051251 69615331 27595567123 4979276 0 1191421 0 0 0
1791412238 225, 405, 36, 0x0000000000000000 | 1.31 1.19 1.18 | cpu  317937485 2051251 69615346 27595570378 4979276 0 1191421 0 0 0
1791412239 225, 405, 35, 0x0000000000000000 | 1.31 1.19 1.18 | cpu  317937587 2051251 69615360 27595573633 4979277 0 1191421 0 0 0
1791412240 225, 405, 35, 0x0000000000000000 | 1.37 1.21 1.19 | cpu  317937693 2051251 69615386 27595576875 4979282 0 1191421 0 0 0
1791412241 225, 405, 35, 0x0000000000000000 | 1.37 1.21 1.19 | cpu  317937793 2051251 69615402 27595580129 4979285 0 1191421 0 0 0
1791412242 225, 405, 35, 0x0000000000000000 | 1.37 1.21 1.19 | cpu  317937897 2051251 69615419 27595583376 4979285 0 1191421 0 0 0
1791412243 225, 405, 35, 0x0000000000000000 | 1.37 1.21 1.19 | cpu  317937999 2051251 69615435 27595586629 4979285 0 1191421 0 0 0
1791412244 225, 405, 35, 0x0000000000000000 | 1.37 1.21 1.19 | cpu  317938100 2051251 69615450 27595589884 4979285 0 1191421 0 0 0
1791412245 225, 405, 35, 0x0000000000000000 | 1.34 1.20 1.19 | cpu  317938202 2051251 69615465 27595593139 4979285 0 1191421 0 0 0
1791412246 225, 405, 35, 0x0000000000000000 | 1.34 1.20 1.19 | cpu  317938303 2051251 69615480 27595596399 4979285 0 1191421 0 0 0
1791412247 225, 405, 35, 0x0000000000000000 | 1.34 1.20 1.19 | cpu  317938410 2051251 69615484 27595599663 4979286 0 1191421 0 0 0
1791412249 225, 405, 35, 0x0000000000000000 | 1.34 1.20 1.19 | cpu  317938516 2051251 69615489 27595602938 4979286 0 1191421 0 0 0
1791412250 225, 405, 35, 0x0000000000000000 | 1.34 1.20 1.19 | cpu  317938622 2051251 69615493 27595606205 4979286 0 1191421 0 0 0
1791412251 225, 405, 35, 0x0000000000000000 | 1.31 1.20 1.18 | cpu  317938729 2051251 69615497 27595609465 4979286 0 1191421 0 0 0
1791412252 225, 405, 35, 0x0000000000000000 | 1.31 1.20 1.18 | cpu  317938835 2051251 69615501 27595612728 4979286 0 1191421 0 0 0
1791412253 225, 405, 35, 0x0000000000000000 | 1.31 1.20 1.18 | cpu  317938942 2051251 69615507 27595615990 4979287 0 1191421 0 0 0
1791412254 225, 405, 35, 0x0000000000000000 | 1.31 1.20 1.18 | cpu  317939049 2051251 69615514 27595619257 4979289 0 1191421 0 0 0
1791412255 225, 405, 35, 0x0000000000000000 | 1.29 1.20 1.18 | cpu  317939152 2051251 69615527 27595622521 4979289 0 1191421 0 0 0
1791412256 225, 405, 35, 0x0000000000000000 | 1.29 1.20 1.18 | cpu  317939254 2051251 69615543 27595625771 4979289 0 1191421 0 0 0
1791412257 225, 405, 35, 0x0000000000000000 | 1.29 1.20 1.18 | cpu  317939382 2051251 69615572 27595628976 4979294 0 1191421 0 0 0
1791412258 225, 405, 35, 0x0000000000000000 | 1.29 1.20 1.18 | cpu  317939483 2051251 69615590 27595632231 4979294 0 1191421 0 0 0
1791412259 225, 405, 35, 0x0000000000000000 | 1.29 1.20 1.18 | cpu  317939582 2051251 69615607 27595635480 4979294 0 1191421 0 0 0
1791412260 225, 405, 35, 0x0000000000000000 | 1.26 1.19 1.18 | cpu  317939687 2051251 69615624 27595638734 4979295 0 1191421 0 0 0
1791412261 225, 405, 35, 0x0000000000000000 | 1.26 1.19 1.18 | cpu  317939797 2051251 69615657 27595641961 4979296 0 1191421 0 0 0
1791412262 217, 405, 35, 0x0000000000000000 | 1.26 1.19 1.18 | cpu  317939905 2051251 69615686 27595645191 4979296 0 1191421 0 0 0
1791412263 225, 405, 35, 0x0000000000000000 | 1.26 1.19 1.18 | cpu  317940008 2051251 69615702 27595648447 4979296 0 1191421 0 0 0
1791412264 225, 405, 34, 0x0000000000000000 | 1.26 1.19 1.18 | cpu  317940110 2051251 69615721 27595651699 4979296 0 1191421 0 0 0
1791412265 225, 405, 34, 0x0000000000000000 | 1.24 1.19 1.18 | cpu  317940213 2051251 69615738 27595654942 4979296 0 1191421 0 0 0
1791412266 225, 405, 34, 0x0000000000000000 | 1.24 1.19 1.18 | cpu  317940316 2051251 69615755 27595658184 4979307 0 1191421 0 0 0
1791412268 225, 405, 34, 0x0000000000000000 | 1.24 1.19 1.18 | cpu  317940419 2051251 69615771 27595661423 4979307 0 1191421 0 0 0
1791412269 225, 405, 34, 0x0000000000000000 | 1.24 1.19 1.18 | cpu  317940524 2051251 69615794 27595664657 4979308 0 1191421 0 0 0
1791412270 225, 405, 34, 0x0000000000000000 | 1.24 1.19 1.18 | cpu  317940646 2051251 69615818 27595667908 4979310 0 1191421 0 0 0
1791412271 225, 405, 34, 0x0000000000000000 | 1.22 1.18 1.18 | cpu  317940748 2051251 69615833 27595671164 4979310 0 1191421 0 0 0
1791412272 225, 405, 34, 0x0000000000000000 | 1.22 1.18 1.18 | cpu  317940849 2051251 69615849 27595674414 4979310 0 1191421 0 0 0
1791412273 225, 405, 34, 0x0000000000000000 | 1.22 1.18 1.18 | cpu  317940954 2051251 69615857 27595677676 4979310 0 1191421 0 0 0
1791412274 225, 405, 34, 0x0000000000000000 | 1.22 1.18 1.18 | cpu  317941060 2051251 69615862 27595680946 4979310 0 1191421 0 0 0
1791412275 225, 405, 34, 0x0000000000000000 | 1.20 1.18 1.18 | cpu  317941167 2051251 69615867 27595684214 4979310 0 1191421 0 0 0
1791412276 225, 405, 34, 0x0000000000000000 | 1.20 1.18 1.18 | cpu  317941273 2051251 69615873 27595687476 4979312 0 1191421 0 0 0
1791412277 225, 405, 34, 0x0000000000000000 | 1.20 1.18 1.18 | cpu  317941383 2051251 69615882 27595690729 4979312 0 1191421 0 0 0
1791412278 225, 405, 34, 0x0000000000000000 | 1.20 1.18 1.18 | cpu  317941488 2051251 69615887 27595693985 4979312 0 1191421 0 0 0
1791412279 217, 405, 34, 0x0000000000000000 | 1.20 1.18 1.18 | cpu  317941595 2051251 69615893 27595697258 4979312 0 1191421 0 0 0
1791412280 225, 405, 34, 0x0000000000000000 | 1.19 1.18 1.18 | cpu  317941701 2051251 69615900 27595700516 4979312 0 1191421 0 0 0
1791412281 225, 405, 34, 0x0000000000000000 | 1.19 1.18 1.18 | cpu  317941807 2051251 69615905 27595703779 4979313 0 1191421 0 0 0
1791412282 225, 405, 34, 0x0000000000000000 | 1.19 1.18 1.18 | cpu  317941909 2051251 69615922 27595707030 4979313 0 1191421 0 0 0
1791412283 225, 405, 34, 0x0000000000000000 | 1.19 1.18 1.18 | cpu  317942011 2051251 69615936 27595710281 4979313 0 1191421 0 0 0
1791412284 225, 405, 34, 0x0000000000000000 | 1.19 1.18 1.18 | cpu  317942114 2051251 69615950 27595713529 4979313 0 1191421 0 0 0
1791412285 225, 405, 34, 0x0000000000000000 | 1.17 1.17 1.18 | cpu  317942217 2051251 69615966 27595716781 4979313 0 1191422 0 0 0
1791412287 225, 405, 34, 0x0000000000000000 | 1.17 1.17 1.18 | cpu  317942320 2051251 69616007 27595720005 4979314 0 1191422 0 0 0
1791412288 225, 405, 34, 0x0000000000000000 | 1.17 1.17 1.18 | cpu  317942426 2051251 69616038 27595723243 4979314 0 1191422 0 0 0
1791412289 225, 405, 34, 0x0000000000000000 | 1.17 1.17 1.18 | cpu  317942528 2051251 69616052 27595726497 4979314 0 1191422 0 0 0
1791412290 225, 405, 34, 0x0000000000000000 | 1.17 1.17 1.18 | cpu  317942628 2051251 69616069 27595729750 4979314 0 1191422 0 0 0
1791412291 225, 405, 34, 0x0000000000000000 | 1.16 1.17 1.18 | cpu  317942731 2051251 69616083 27595733013 4979314 0 1191422 0 0 0
1791412292 225, 405, 34, 0x0000000000000000 | 1.16 1.17 1.18 | cpu  317942832 2051251 69616098 27595736262 4979314 0 1191422 0 0 0
1791412293 225, 405, 34, 0x0000000000000000 | 1.16 1.17 1.18 | cpu  317942935 2051251 69616114 27595739515 4979315 0 1191422 0 0 0
1791412294 225, 405, 34, 0x0000000000000000 | 1.16 1.17 1.18 | cpu  317943036 2051251 69616129 27595742763 4979315 0 1191422 0 0 0
1791412295 225, 405, 33, 0x0000000000000000 | 1.15 1.17 1.17 | cpu  317943138 2051251 69616144 27595746014 4979315 0 1191422 0 0 0
1791412296 225, 405, 33, 0x0000000000000000 | 1.15 1.17 1.17 | cpu  317943239 2051251 69616160 27595749271 4979315 0 1191422 0 0 0
1791412297 225, 405, 33, 0x0000000000000000 | 1.15 1.17 1.17 | cpu  317943342 2051251 69616173 27595752524 4979316 0 1191422 0 0 0
1791412298 225, 405, 33, 0x0000000000000000 | 1.15 1.17 1.17 | cpu  317943444 2051251 69616188 27595755778 4979316 0 1191422 0 0 0
1791412299 225, 405, 33, 0x0000000000000000 | 1.15 1.17 1.17 | cpu  317943546 2051251 69616205 27595759031 4979316 0 1191422 0 0 0
1791412300 225, 405, 33, 0x0000000000000000 | 1.13 1.17 1.17 | cpu  317943647 2051251 69616222 27595762293 4979317 0 1191422 0 0 0
1791412301 225, 405, 33, 0x0000000000000000 | 1.13 1.17 1.17 | cpu  317943748 2051251 69616237 27595765554 4979317 0 1191422 0 0 0
1791412302 225, 405, 33, 0x0000000000000000 | 1.13 1.17 1.17 | cpu  317943849 2051251 69616255 27595768805 4979317 0 1191422 0 0 0
1791412303 225, 405, 33, 0x0000000000000000 | 1.13 1.17 1.17 | cpu  317943949 2051251 69616270 27595772057 4979317 0 1191422 0 0 0
1791412304 225, 405, 33, 0x0000000000000000 | 1.13 1.17 1.17 | cpu  317944052 2051251 69616286 27595775324 4979317 0 1191422 0 0 0
1791412306 225, 405, 33, 0x0000000000000000 | 1.12 1.16 1.17 | cpu  317944160 2051251 69616291 27595778583 4979317 0 1191422 0 0 0
1791412307 225, 405, 33, 0x0000000000000000 | 1.12 1.16 1.17 | cpu  317944267 2051251 69616296 27595781850 4979317 0 1191422 0 0 0
1791412308 225, 405, 33, 0x0000000000000000 | 1.12 1.16 1.17 | cpu  317944373 2051251 69616300 27595785120 4979318 0 1191422 0 0 0
1791412309 225, 405, 33, 0x0000000000000000 | 1.12 1.16 1.17 | cpu  317944480 2051251 69616304 27595788377 4979318 0 1191422 0 0 0
1791412310 225, 405, 33, 0x0000000000000000 | 1.12 1.16 1.17 | cpu  317944586 2051251 69616308 27595791645 4979318 0 1191422 0 0 0
1791412311 225, 405, 33, 0x0000000000000000 | 1.11 1.16 1.17 | cpu  317944695 2051251 69616314 27595794903 4979318 0 1191422 0 0 0
1791412312 225, 405, 33, 0x0000000000000000 | 1.11 1.16 1.17 | cpu  317944801 2051251 69616319 27595798165 4979318 0 1191422 0 0 0
1791412313 225, 405, 33, 0x0000000000000000 | 1.11 1.16 1.17 | cpu  317944907 2051251 69616324 27595801429 4979318 0 1191422 0 0 0
1791412314 225, 405, 33, 0x0000000000000000 | 1.11 1.16 1.17 | cpu  317945014 2051251 69616328 27595804686 4979318 0 1191422 0 0 0
1791412315 225, 405, 33, 0x0000000000000000 | 1.10 1.16 1.17 | cpu  317945120 2051251 69616333 27595807940 4979318 0 1191422 0 0 0
1791412316 225, 405, 33, 0x0000000000000000 | 1.10 1.16 1.17 | cpu  317945224 2051251 69616341 27595811199 4979318 0 1191422 0 0 0
1791412317 225, 405, 33, 0x0000000000000000 | 1.10 1.16 1.17 | cpu  317945328 2051251 69616358 27595814467 4979318 0 1191422 0 0 0
1791412318 225, 405, 33, 0x0000000000000000 | 1.10 1.16 1.17 | cpu  317945432 2051251 69616382 27595817706 4979319 0 1191422 0 0 0
1791412319 225, 405, 33, 0x0000000000000000 | 1.10 1.16 1.17 | cpu  317945532 2051251 69616397 27595820962 4979319 0 1191422 0 0 0
1791412320 225, 405, 33, 0x0000000000000000 | 1.10 1.15 1.17 | cpu  317945634 2051251 69616412 27595824219 4979319 0 1191422 0 0 0
1791412321 225, 405, 33, 0x0000000000000000 | 1.10 1.15 1.17 | cpu  317945738 2051251 69616428 27595827477 4979319 0 1191422 0 0 0
1791412322 225, 405, 33, 0x0000000000000000 | 1.10 1.15 1.17 | cpu  317945841 2051251 69616445 27595830729 4979319 0 1191422 0 0 0
1791412323 225, 405, 33, 0x0000000000000000 | 1.10 1.15 1.17 | cpu  317945943 2051251 69616459 27595833982 4979319 0 1191422 0 0 0
1791412324 225, 405, 33, 0x0000000000000000 | 1.10 1.15 1.17 | cpu  317946049 2051251 69616476 27595837237 4979319 0 1191422 0 0 0
1791412326 225, 405, 33, 0x0000000000000000 | 1.09 1.15 1.17 | cpu  317946163 2051251 69616518 27595840449 4979319 0 1191422 0 0 0
1791412327 225, 405, 32, 0x0000000000000000 | 1.09 1.15 1.17 | cpu  317946265 2051251 69616536 27595843691 4979320 0 1191422 0 0 0
1791412328 225, 405, 32, 0x0000000000000000 | 1.09 1.15 1.17 | cpu  317946368 2051251 69616549 27595846975 4979321 0 1191422 0 0 0
1791412329 225, 405, 32, 0x0000000000000000 | 1.09 1.15 1.17 | cpu  317946471 2051251 69616564 27595850231 4979321 0 1191422 0 0 0
1791412330 225, 405, 32, 0x0000000000000000 | 1.08 1.15 1.17 | cpu  317946574 2051251 69616578 27595853487 4979321 0 1191422 0 0 0
1791412331 225, 405, 32, 0x0000000000000000 | 1.08 1.15 1.17 | cpu  317946678 2051251 69616591 27595856746 4979321 0 1191422 0 0 0
1791412332 225, 405, 32, 0x0000000000000000 | 1.08 1.15 1.17 | cpu  317946778 2051251 69616607 27595859990 4979321 0 1191422 0 0 0
1791412333 225, 405, 32, 0x0000000000000000 | 1.08 1.15 1.17 | cpu  317946880 2051251 69616621 27595863249 4979321 0 1191422 0 0 0
1791412334 225, 405, 32, 0x0000000000000000 | 1.08 1.15 1.17 | cpu  317946983 2051251 69616639 27595866499 4979322 0 1191422 0 0 0
1791412335 225, 405, 32, 0x0000000000000000 | 1.07 1.15 1.17 | cpu  317947083 2051251 69616653 27595869756 4979322 0 1191422 0 0 0
1791412336 225, 405, 32, 0x0000000000000000 | 1.07 1.15 1.17 | cpu  317947185 2051251 69616668 27595873013 4979322 0 1191422 0 0 0
1791412337 225, 405, 32, 0x0000000000000000 | 1.07 1.15 1.17 | cpu  317947286 2051251 69616684 27595876272 4979322 0 1191422 0 0 0
1791412338 225, 405, 32, 0x0000000000000000 | 1.07 1.15 1.17 | cpu  317947388 2051251 69616697 27595879525 4979322 0 1191422 0 0 0
1791412339 225, 405, 32, 0x0000000000000000 | 1.07 1.15 1.17 | cpu  317947491 2051251 69616714 27595882804 4979322 0 1191422 0 0 0
1791412340 225, 405, 32, 0x0000000000000000 | 1.07 1.14 1.17 | cpu  317947594 2051251 69616728 27595886050 4979322 0 1191422 0 0 0
1791412341 225, 405, 32, 0x0000000000000000 | 1.07 1.14 1.17 | cpu  317947696 2051251 69616744 27595889319 4979322 0 1191422 0 0 0
1791412342 225, 405, 32, 0x0000000000000000 | 1.07 1.14 1.17 | cpu  317947799 2051251 69616760 27595892568 4979322 0 1191422 0 0 0
1791412343 225, 405, 32, 0x0000000000000000 | 1.07 1.14 1.17 | cpu  317947901 2051251 69616773 27595895823 4979322 0 1191422 0 0 0
1791412345 225, 405, 32, 0x0000000000000000 | 1.07 1.14 1.17 | cpu  317948003 2051251 69616787 27595899080 4979322 0 1191422 0 0 0
1791412346 225, 405, 32, 0x0000000000000000 | 1.06 1.14 1.16 | cpu  317948110 2051251 69616793 27595902334 4979323 0 1191422 0 0 0
1791412347 225, 405, 32, 0x0000000000000000 | 1.06 1.14 1.16 | cpu  317948216 2051251 69616799 27595905603 4979323 0 1191422 0 0 0
1791412348 225, 405, 32, 0x0000000000000000 | 1.06 1.14 1.16 | cpu  317948324 2051251 69616807 27595908865 4979324 0 1191422 0 0 0
1791412349 225, 405, 32, 0x0000000000000000 | 1.06 1.14 1.16 | cpu  317948432 2051251 69616813 27595912123 4979324 0 1191422 0 0 0
1791412350 225, 405, 32, 0x0000000000000000 | 1.14 1.16 1.17 | cpu  317948540 2051251 69616836 27595915362 4979324 0 1191422 0 0 0
1791412351 225, 405, 32, 0x0000000000000000 | 1.14 1.16 1.17 | cpu  317948648 2051251 69616862 27595918604 4979324 0 1191423 0 0 0
1791412352 225, 405, 32, 0x0000000000000000 | 1.14 1.16 1.17 | cpu  317948755 2051251 69616867 27595921872 4979324 0 1191423 0 0 0
1791412353 225, 405, 32, 0x0000000000000000 | 1.14 1.16 1.17 | cpu  317948861 2051251 69616872 27595925135 4979324 0 1191423 0 0 0
1791412354 225, 405, 32, 0x0000000000000000 | 1.14 1.16 1.17 | cpu  317948968 2051251 69616877 27595928394 4979324 0 1191423 0 0 0
1791412355 225, 405, 32, 0x0000000000000000 | 1.13 1.15 1.17 | cpu  317949074 2051251 69616882 27595931668 4979324 0 1191423 0 0 0
1791412356 225, 405, 32, 0x0000000000000000 | 1.13 1.15 1.17 | cpu  317949181 2051251 69616888 27595934936 4979324 0 1191423 0 0 0
1791412357 225, 405, 32, 0x0000000000000000 | 1.13 1.15 1.17 | cpu  317949289 2051251 69616895 27595938190 4979324 0 1191423 0 0 0
1791412358 217, 405, 32, 0x0000000000000000 | 1.13 1.15 1.17 | cpu  317949395 2051251 69616900 27595941449 4979324 0 1191423 0 0 0
1791412359 225, 405, 32, 0x0000000000000000 | 1.13 1.15 1.17 | cpu  317949498 2051251 69616916 27595944715 4979324 0 1191423 0 0 0
1791412360 225, 405, 32, 0x0000000000000000 | 1.12 1.15 1.17 | cpu  317949599 2051251 69616931 27595947968 4979329 0 1191423 0 0 0
1791412361 225, 405, 31, 0x0000000000000000 | 1.12 1.15 1.17 | cpu  317949699 2051251 69616948 27595951224 4979329 0 1191423 0 0 0
1791412362 225, 405, 31, 0x0000000000000000 | 1.12 1.15 1.17 | cpu  317949800 2051251 69616964 27595954485 4979329 0 1191423 0 0 0
1791412364 225, 405, 31, 0x0000000000000000 | 1.12 1.15 1.17 | cpu  317949903 2051251 69616980 27595957752 4979330 0 1191423 0 0 0
1791412365 225, 405, 31, 0x0000000000000000 | 1.12 1.15 1.17 | cpu  317950005 2051251 69616996 27595961002 4979330 0 1191423 0 0 0
1791412366 225, 405, 31, 0x0000000000000000 | 1.11 1.15 1.17 | cpu  317950107 2051251 69617011 27595964261 4979330 0 1191423 0 0 0
1791412367 225, 405, 31, 0x0000000000000000 | 1.11 1.15 1.17 | cpu  317950208 2051251 69617026 27595967520 4979330 0 1191423 0 0 0
1791412368 225, 405, 31, 0x0000000000000000 | 1.11 1.15 1.17 | cpu  317950310 2051251 69617044 27595970773 4979330 0 1191423 0 0 0
1791412369 225, 405, 31, 0x0000000000000000 | 1.11 1.15 1.17 | cpu  317950414 2051251 69617059 27595974025 4979330 0 1191423 0 0 0
1791412370 225, 405, 31, 0x0000000000000000 | 1.18 1.16 1.17 | cpu  317950515 2051251 69617076 27595977275 4979330 0 1191423 0 0 0
1791412371 225, 405, 31, 0x0000000000000000 | 1.18 1.16 1.17 | cpu  317950617 2051251 69617092 27595980527 4979330 0 1191423 0 0 0
1791412372 225, 405, 31, 0x0000000000000000 | 1.18 1.16 1.17 | cpu  317950718 2051251 69617108 27595983779 4979330 0 1191423 0 0 0
1791412373 225, 405, 31, 0x0000000000000000 | 1.18 1.16 1.17 | cpu  317950819 2051251 69617124 27595987035 4979330 0 1191423 0 0 0
1791412374 225, 405, 31, 0x0000000000000000 | 1.18 1.16 1.17 | cpu  317950920 2051251 69617141 27595990293 4979330 0 1191423 0 0 0
1791412375 217, 405, 31, 0x0000000000000000 | 1.16 1.16 1.17 | cpu  317951021 2051251 69617155 27595993546 4979330 0 1191423 0 0 0
1791412376 225, 405, 31, 0x0000000000000000 | 1.16 1.16 1.17 | cpu  317951123 2051251 69617170 27595996792 4979330 0 1191423 0 0 0
1791412377 225, 405, 31, 0x0000000000000000 | 1.16 1.16 1.17 | cpu  317951226 2051251 69617187 27596000069 4979330 0 1191423 0 0 0
1791412378 225, 405, 31, 0x0000000000000000 | 1.16 1.16 1.17 | cpu  317951329 2051251 69617201 27596003317 4979330 0 1191423 0 0 0
1791412379 225, 405, 31, 0x0000000000000000 | 1.16 1.16 1.17 | cpu  317951431 2051251 69617218 27596006567 4979331 0 1191423 0 0 0
1791412380 225, 405, 31, 0x0000000000000000 | 1.15 1.16 1.17 | cpu  317951534 2051251 69617233 27596009821 4979331 0 1191423 0 0 0
1791412381 225, 405, 31, 0x0000000000000000 | 1.15 1.16 1.17 | cpu  317951634 2051251 69617248 27596013067 4979332 0 1191423 0 0 0
1791412383 225, 405, 31, 0x0000000000000000 | 1.15 1.16 1.17 | cpu  317951734 2051251 69617265 27596016322 4979332 0 1191423 0 0 0
1791412384 225, 405, 31, 0x0000000000000000 | 1.15 1.16 1.17 | cpu  317951835 2051251 69617280 27596019577 4979332 0 1191423 0 0 0
1791412385 225, 405, 31, 0x0000000000000000 | 1.15 1.16 1.17 | cpu  317951937 2051251 69617294 27596022833 4979332 0 1191423 0 0 0
1791412386 225, 405, 31, 0x0000000000000000 | 1.22 1.17 1.17 | cpu  317952039 2051251 69617310 27596026081 4979332 0 1191423 0 0 0
1791412387 225, 405, 31, 0x0000000000000000 | 1.22 1.17 1.17 | cpu  317952138 2051251 69617326 27596029331 4979332 0 1191423 0 0 0
1791412388 225, 405, 31, 0x0000000000000000 | 1.22 1.17 1.17 | cpu  317952242 2051251 69617343 27596032589 4979332 0 1191423 0 0 0
1791412389 225, 405, 31, 0x0000000000000000 | 1.22 1.17 1.17 | cpu  317952346 2051251 69617359 27596035845 4979333 0 1191423 0 0 0
1791412390 225, 405, 31, 0x0000000000000000 | 1.36 1.20 1.18 | cpu  317952460 2051251 69617402 27596039054 4979334 0 1191423 0 0 0
1791412391 225, 405, 31, 0x0000000000000000 | 1.36 1.20 1.18 | cpu  317952563 2051251 69617424 27596042291 4979334 0 1191423 0 0 0
1791412392 225, 405, 31, 0x0000000000000000 | 1.36 1.20 1.18 | cpu  317952665 2051251 69617441 27596045536 4979334 0 1191423 0 0 0
1791412393 225, 405, 31, 0x0000000000000000 | 1.36 1.20 1.18 | cpu  317952766 2051251 69617458 27596048784 4979335 0 1191423 0 0 0
1791412394 225, 405, 31, 0x0000000000000000 | 1.36 1.20 1.18 | cpu  317952867 2051251 69617472 27596052040 4979335 0 1191423 0 0 0
1791412395 225, 405, 31, 0x0000000000000000 | 1.33 1.20 1.18 | cpu  317952975 2051251 69617488 27596055286 4979335 0 1191423 0 0 0
1791412396 225, 405, 31, 0x0000000000000000 | 1.33 1.20 1.18 | cpu  317953082 2051251 69617492 27596058547 4979335 0 1191423 0 0 0
1791412397 225, 405, 31, 0x0000000000000000 | 1.33 1.20 1.18 | cpu  317953188 2051251 69617496 27596061812 4979335 0 1191423 0 0 0
1791412398 225, 405, 31, 0x0000000000000000 | 1.33 1.20 1.18 | cpu  317953294 2051251 69617500 27596065073 4979335 0 1191423 0 0 0
1791412399 225, 405, 31, 0x0000000000000000 | 1.33 1.20 1.18 | cpu  317953401 2051251 69617506 27596068338 4979335 0 1191423 0 0 0
1791412400 225, 405, 31, 0x0000000000000000 | 1.31 1.19 1.18 | cpu  317953507 2051251 69617512 27596071595 4979336 0 1191423 0 0 0
1791412401 225, 405, 31, 0x0000000000000000 | 1.31 1.19 1.18 | cpu  317953614 2051251 69617518 27596074859 4979336 0 1191423 0 0 0
1791412403 225, 405, 31, 0x0000000000000000 | 1.31 1.19 1.18 | cpu  317953723 2051251 69617524 27596078124 4979336 0 1191423 0 0 0
1791412404 225, 405, 30, 0x0000000000000000 | 1.31 1.19 1.18 | cpu  317953829 2051251 69617529 27596081386 4979336 0 1191423 0 0 0
1791412405 225, 405, 30, 0x0000000000000000 | 1.31 1.19 1.18 | cpu  317953935 2051251 69617535 27596084640 4979336 0 1191423 0 0 0
1791412406 225, 405, 30, 0x0000000000000000 | 1.28 1.19 1.18 | cpu  317954041 2051251 69617540 27596087897 4979336 0 1191423 0 0 0
1791412407 225, 405, 30, 0x0000000000000000 | 1.28 1.19 1.18 | cpu  317954148 2051251 69617545 27596091171 4979336 0 1191423 0 0 0
1791412408 225, 405, 30, 0x0000000000000000 | 1.28 1.19 1.18 | cpu  317954254 2051251 69617550 27596094434 4979336 0 1191423 0 0 0
1791412409 225, 405, 30, 0x0000000000000000 | 1.28 1.19 1.18 | cpu  317954362 2051251 69617556 27596097696 4979336 0 1191423 0 0 0
1791412410 217, 405, 30, 0x0000000000000000 | 1.26 1.19 1.18 | cpu  317954468 2051251 69617561 27596100956 4979336 0 1191423 0 0 0
1791412411 225, 405, 30, 0x0000000000000000 | 1.26 1.19 1.18 | cpu  317954575 2051251 69617566 27596104213 4979337 0 1191423 0 0 0
1791412412 225, 405, 30, 0x0000000000000000 | 1.26 1.19 1.18 | cpu  317954682 2051251 69617574 27596107462 4979337 0 1191423 0 0 0
1791412413 225, 405, 30, 0x0000000000000000 | 1.26 1.19 1.18 | cpu  317954787 2051251 69617611 27596110693 4979337 0 1191423 0 0 0
1791412414 225, 405, 30, 0x0000000000000000 | 1.26 1.19 1.18 | cpu  317954894 2051251 69617643 27596113924 4979337 0 1191423 0 0 0
1791412415 225, 405, 30, 0x0000000000000000 | 1.24 1.18 1.18 | cpu  317954997 2051251 69617659 27596117177 4979338 0 1191423 0 0 0
1791412416 225, 405, 30, 0x0000000000000000 | 1.24 1.18 1.18 | cpu  317955098 2051251 69617675 27596120426 4979339 0 1191423 0 0 0
1791412417 225, 405, 30, 0x0000000000000000 | 1.24 1.18 1.18 | cpu  317955201 2051251 69617693 27596123672 4979339 0 1191423 0 0 0
1791412418 225, 405, 30, 0x0000000000000000 | 1.24 1.18 1.18 | cpu  317955302 2051251 69617707 27596126923 4979339 0 1191423 0 0 0
1791412419 225, 405, 30, 0x0000000000000000 | 1.24 1.18 1.18 | cpu  317955403 2051251 69617722 27596130164 4979340 0 1191423 0 0 0
1791412420 225, 405, 30, 0x0000000000000000 | 1.22 1.18 1.18 | cpu  317955504 2051251 69617737 27596133425 4979340 0 1191423 0 0 0
1791412422 225, 405, 30, 0x0000000000000000 | 1.22 1.18 1.18 | cpu  317955605 2051251 69617753 27596136681 4979340 0 1191423 0 0 0
1791412423 225, 405, 30, 0x0000000000000000 | 1.22 1.18 1.18 | cpu  317955706 2051251 69617769 27596139930 4979340 0 1191423 0 0 0
1791412424 225, 405, 30, 0x0000000000000000 | 1.22 1.18 1.18 | cpu  317955807 2051251 69617784 27596143182 4979340 0 1191423 0 0 0
1791412425 225, 405, 30, 0x0000000000000000 | 1.22 1.18 1.18 | cpu  317955908 2051251 69617800 27596146428 4979340 0 1191423 0 0 0
1791412426 225, 405, 30, 0x0000000000000000 | 1.20 1.18 1.18 | cpu  317956010 2051251 69617816 27596149678 4979340 0 1191423 0 0 0
1791412427 217, 405, 30, 0x0000000000000000 | 1.20 1.18 1.18 | cpu  317956112 2051251 69617830 27596152932 4979340 0 1191423 0 0 0
1791412428 225, 405, 30, 0x0000000000000000 | 1.20 1.18 1.18 | cpu  317956214 2051251 69617846 27596156197 4979340 0 1191423 0 0 0
1791412429 225, 405, 30, 0x0000000000000000 | 1.20 1.18 1.18 | cpu  317956315 2051251 69617866 27596159452 4979341 0 1191423 0 0 0
1791412430 225, 405, 30, 0x0000000000000000 | 1.18 1.17 1.18 | cpu  317956447 2051251 69617930 27596162639 4979345 0 1191432 0 0 0
1791412431 225, 405, 30, 0x0000000000000000 | 1.18 1.17 1.18 | cpu  317956549 2051251 69617983 27596165905 4979349 0 1191433 0 0 0
1791412432 225, 405, 30, 0x0000000000000000 | 1.18 1.17 1.18 | cpu  317956650 2051251 69618019 27596169142 4979349 0 1191433 0 0 0
1791412433 225, 405, 30, 0x0000000000000000 | 1.18 1.17 1.18 | cpu  317956752 2051251 69618058 27596172407 4979350 0 1191433 0 0 0
1791412434 225, 405, 30, 0x0000000000000000 | 1.18 1.17 1.18 | cpu  317956851 2051251 69618074 27596175657 4979350 0 1191433 0 0 0
1791412435 225, 405, 30, 0x0000000000000000 | 1.17 1.17 1.17 | cpu  317956952 2051251 69618131 27596178869 4979351 0 1191433 0 0 0
1791412436 225, 405, 30, 0x0000000000000000 | 1.17 1.17 1.17 | cpu  317957056 2051251 69618169 27596182092 4979351 0 1191433 0 0 0
1791412437 225, 405, 30, 0x0000000000000000 | 1.17 1.17 1.17 | cpu  317957157 2051251 69618190 27596185345 4979354 0 1191433 0 0 0
1791412438 225, 405, 30, 0x0000000000000000 | 1.17 1.17 1.17 | cpu  317957258 2051251 69618244 27596188563 4979354 0 1191433 0 0 0
1791412439 225, 405, 30, 0x0000000000000000 | 1.17 1.17 1.17 | cpu  317957358 2051251 69618264 27596191817 4979354 0 1191433 0 0 0
1791412441 225, 405, 30, 0x0000000000000000 | 1.16 1.17 1.17 | cpu  317957459 2051251 69618298 27596195046 4979355 0 1191433 0 0 0
1791412442 225, 405, 30, 0x0000000000000000 | 1.16 1.17 1.17 | cpu  317957561 2051251 69618340 27596198256 4979358 0 1191433 0 0 0
1791412443 225, 405, 30, 0x0000000000000000 | 1.16 1.17 1.17 | cpu  317957663 2051251 69618378 27596201475 4979359 0 1191433 0 0 0
1791412444 225, 405, 30, 0x0000000000000000 | 1.16 1.17 1.17 | cpu  317957762 2051251 69618417 27596204703 4979361 0 1191433 0 0 0
1791412445 225, 405, 30, 0x0000000000000000 | 1.16 1.17 1.17 | cpu  317957862 2051251 69618437 27596207958 4979363 0 1191433 0 0 0
1791412446 225, 405, 30, 0x0000000000000000 | 1.22 1.18 1.18 | cpu  317957964 2051251 69618467 27596211188 4979366 0 1191433 0 0 0
1791412447 225, 405, 30, 0x0000000000000000 | 1.22 1.18 1.18 | cpu  317958064 2051251 69618505 27596214408 4979369 0 1191433 0 0 0
1791412448 225, 405, 30, 0x0000000000000000 | 1.22 1.18 1.18 | cpu  317958163 2051251 69618538 27596217644 4979372 0 1191433 0 0 0
1791412450 225, 405, 29, 0x0000000000000000 | 1.22 1.18 1.18 | cpu  317958259 2051251 69618874 27596222941 4979373 0 1191434 0 0 0
1791412451 225, 405, 29, 0x0000000000000000 | 1.20 1.18 1.18 | cpu  317958343 2051251 69618909 27596226211 4979376 0 1191436 0 0 0
1791412452 225, 405, 29, 0x0000000000000000 | 1.20 1.18 1.18 | cpu  317958428 2051251 69618948 27596229517 4979377 0 1191436 0 0 0
1791412453 225, 405, 29, 0x0000000000000000 | 1.20 1.18 1.18 | cpu  317958519 2051251 69618984 27596232800 4979378 0 1191436 0 0 0
1791412454 225, 405, 29, 0x0000000000000000 | 1.20 1.18 1.18 | cpu  317958610 2051251 69619023 27596236159 4979379 0 1191436 0 0 0
1791412455 225, 405, 29, 0x0000000000000000 | 1.19 1.17 1.18 | cpu  317958700 2051251 69619062 27596239457 4979382 0 1191436 0 0 0
1791412456 225, 405, 29, 0x0000000000000000 | 1.19 1.17 1.18 | cpu  317958786 2051251 69619093 27596242693 4979386 0 1191436 0 0 0
1791412457 225, 405, 29, 0x0000000000000000 | 1.19 1.17 1.18 | cpu  317958866 2051251 69619146 27596245908 4979398 0 1191436 0 0 0
1791412458 225, 405, 29, 0x0000000000000000 | 1.19 1.17 1.18 | cpu  317958952 2051251 69619166 27596249285 4979423 0 1191436 0 0 0
1791412459 225, 405, 29, 0x0000000000000000 | 1.19 1.17 1.18 | cpu  317959037 2051251 69619211 27596252504 4979438 0 1191436 0 0 0
1791412460 217, 405, 29, 0x0000000000000000 | 1.17 1.17 1.18 | cpu  317959112 2051251 69619228 27596255832 4979465 0 1191436 0 0 0
1791412461 225, 405, 29, 0x0000000000000000 | 1.17 1.17 1.18 | cpu  317959186 2051251 69619278 27596259050 4979486 0 1191436 0 0 0
1791412463 225, 405, 29, 0x0000000000000000 | 1.17 1.17 1.18 | cpu  317959258 2051251 69619298 27596262331 4979514 0 1191436 0 0 0
1791412464 225, 405, 29, 0x0000000000000000 | 1.17 1.17 1.18 | cpu  317959267 2051251 69619345 27596265646 4979592 0 1191436 0 0 0
1791412465 225, 405, 29, 0x0000000000000000 | 1.17 1.17 1.18 | cpu  317959332 2051251 69619360 27596268922 4979623 0 1191436 0 0 0
1791412466 225, 405, 29, 0x0000000000000000 | 1.24 1.19 1.18 | cpu  317959439 2051251 69619383 27596272167 4979624 0 1191436 0 0 0
1791412467 225, 405, 29, 0x0000000000000000 | 1.24 1.19 1.18 | cpu  317959545 2051251 69619391 27596275426 4979624 0 1191436 0 0 0
1791412468 225, 405, 29, 0x0000000000000000 | 1.24 1.19 1.18 | cpu  317959612 2051251 69619429 27596278702 4979655 0 1191436 0 0 0
1791412469 225, 405, 29, 0x0000000000000000 | 1.24 1.19 1.18 | cpu  317959674 2051251 69619464 27596281950 4979694 0 1191436 0 0 0
1791412470 225, 405, 29, 0x0000000000000000 | 1.22 1.18 1.18 | cpu  317959781 2051251 69619470 27596285223 4979695 0 1191436 0 0 0
1791412471 225, 405, 29, 0x0000000000000000 | 1.22 1.18 1.18 | cpu  317959888 2051251 69619487 27596288480 4979696 0 1191436 0 0 0
1791412472 225, 405, 29, 0x0000000000000000 | 1.22 1.18 1.18 | cpu  317959999 2051251 69619502 27596291739 4979701 0 1191436 0 0 0
1791412473 225, 405, 29, 0x0000000000000000 | 1.22 1.18 1.18 | cpu  317960106 2051251 69619508 27596295004 4979701 0 1191436 0 0 0
1791412474 225, 405, 29, 0x0000000000000000 | 1.22 1.18 1.18 | cpu  317960214 2051251 69619515 27596298268 4979704 0 1191436 0 0 0
1791412475 225, 405, 29, 0x0000000000000000 | 1.20 1.18 1.18 | cpu  317960321 2051251 69619525 27596301524 4979706 0 1191436 0 0 0
1791412476 225, 405, 29, 0x0000000000000000 | 1.20 1.18 1.18 | cpu  317960430 2051251 69619539 27596304768 4979707 0 1191436 0 0 0
1791412477 225, 405, 29, 0x0000000000000000 | 1.20 1.18 1.18 | cpu  317960540 2051251 69619588 27596307988 4979707 0 1191436 0 0 0
1791412478 225, 405, 29, 0x0000000000000000 | 1.20 1.18 1.18 | cpu  317960647 2051251 69619594 27596311266 4979707 0 1191436 0 0 0
1791412480 225, 405, 29, 0x0000000000000000 | 1.20 1.18 1.18 | cpu  317960753 2051251 69619600 27596314530 4979709 0 1191436 0 0 0
1791412481 225, 405, 29, 0x0000000000000000 | 1.19 1.18 1.18 | cpu  317960860 2051251 69619605 27596317798 4979712 0 1191436 0 0 0
1791412482 225, 405, 29, 0x0000000000000000 | 1.19 1.18 1.18 | cpu  317960967 2051251 69619611 27596321069 4979712 0 1191436 0 0 0
1791412483 225, 405, 29, 0x0000000000000000 | 1.19 1.18 1.18 | cpu  317961075 2051251 69619617 27596324339 4979713 0 1191436 0 0 0
1791412484 225, 405, 29, 0x0000000000000000 | 1.19 1.18 1.18 | cpu  317961182 2051251 69619622 27596327600 4979713 0 1191436 0 0 0
1791412485 225, 405, 29, 0x0000000000000000 | 1.19 1.18 1.18 | cpu  317961289 2051251 69619628 27596330859 4979714 0 1191436 0 0 0
1791412486 225, 405, 29, 0x0000000000000000 | 1.25 1.19 1.18 | cpu  317961395 2051251 69619633 27596334119 4979714 0 1191436 0 0 0
1791412487 225, 405, 29, 0x0000000000000000 | 1.25 1.19 1.18 | cpu  317961502 2051251 69619638 27596337379 4979715 0 1191436 0 0 0
1791412488 225, 405, 29, 0x0000000000000000 | 1.25 1.19 1.18 | cpu  317961586 2051251 69619654 27596340637 4979730 0 1191436 0 0 0
1791412489 225, 405, 29, 0x0000000000000000 | 1.25 1.19 1.18 | cpu  317961668 2051251 69619670 27596343896 4979748 0 1191436 0 0 0
1791412490 225, 405, 29, 0x0000000000000000 | 1.23 1.19 1.18 | cpu  317961754 2051251 69619684 27596347148 4979766 0 1191436 0 0 0
1791412491 225, 405, 29, 0x0000000000000000 | 1.23 1.19 1.18 | cpu  317961799 2051251 69619745 27596350482 4979782 0 1191437 0 0 0
1791412492 225, 405, 29, 0x0000000000000000 | 1.23 1.19 1.18 | cpu  317961863 2051251 69619801 27596353765 4979788 0 1191438 0 0 0
1791412493 225, 405, 29, 0x0000000000000000 | 1.23 1.19 1.18 | cpu  317961958 2051251 69619817 27596357018 4979793 0 1191438 0 0 0
1791412494 225, 405, 29, 0x0000000000000000 | 1.23 1.19 1.18 | cpu  317962058 2051251 69619835 27596360273 4979797 0 1191438 0 0 0
1791412495 225, 405, 29, 0x0000000000000000 | 1.21 1.18 1.18 | cpu  317962153 2051251 69619852 27596363520 4979803 0 1191438 0 0 0
1791412496 225, 405, 29, 0x0000000000000000 | 1.21 1.18 1.18 | cpu  317962244 2051251 69619868 27596366776 4979815 0 1191439 0 0 0
1791412497 225, 405, 29, 0x0000000000000000 | 1.21 1.18 1.18 | cpu  317962333 2051251 69619885 27596370034 4979825 0 1191439 0 0 0
1791412499 225, 405, 29, 0x0000000000000000 | 1.21 1.18 1.18 | cpu  317962425 2051251 69619900 27596373286 4979834 0 1191439 0 0 0
1791412500 225, 405, 29, 0x0000000000000000 | 1.21 1.18 1.18 | cpu  317962516 2051251 69619920 27596376539 4979844 0 1191439 0 0 0
1791412501 225, 405, 28, 0x0000000000000000 | 1.19 1.18 1.18 | cpu  317962615 2051251 69619938 27596379787 4979855 0 1191439 0 0 0
1791412502 225, 405, 29, 0x0000000000000000 | 1.19 1.18 1.18 | cpu  317962723 2051251 69619982 27596382970 4979897 0 1191439 0 0 0
1791412503 225, 405, 28, 0x0000000000000000 | 1.19 1.18 1.18 | cpu  317962833 2051251 69620030 27596386179 4979902 0 1191439 0 0 0
1791412504 225, 405, 28, 0x0000000000000000 | 1.19 1.18 1.18 | cpu  317962929 2051251 69620046 27596389436 4979907 0 1191439 0 0 0
1791412505 225, 405, 28, 0x0000000000000000 | 1.18 1.18 1.18 | cpu  317963031 2051251 69620061 27596392684 4979910 0 1191439 0 0 0
1791412506 225, 405, 28, 0x0000000000000000 | 1.18 1.18 1.18 | cpu  317963130 2051251 69620078 27596395937 4979912 0 1191439 0 0 0
1791412507 225, 405, 28, 0x0000000000000000 | 1.18 1.18 1.18 | cpu  317963227 2051251 69620093 27596399193 4979916 0 1191439 0 0 0
1791412508 225, 405, 28, 0x0000000000000000 | 1.18 1.18 1.18 | cpu  317963325 2051251 69620110 27596402450 4979920 0 1191439 0 0 0
1791412509 225, 405, 28, 0x0000000000000000 | 1.18 1.18 1.18 | cpu  317963423 2051251 69620124 27596405708 4979923 0 1191439 0 0 0
1791412510 225, 405, 28, 0x0000000000000000 | 1.16 1.17 1.18 | cpu  317963522 2051251 69620140 27596408958 4979926 0 1191439 0 0 0
1791412511 225, 405, 28, 0x0000000000000000 | 1.16 1.17 1.18 | cpu  317963622 2051251 69620155 27596412218 4979928 0 1191439 0 0 0
1791412512 225, 405, 28, 0x0000000000000000 | 1.16 1.17 1.18 | cpu  317963697 2051251 69620171 27596415479 4979953 0 1191439 0 0 0
1791412513 225, 405, 28, 0x0000000000000000 | 1.16 1.17 1.18 | cpu  317963759 2051251 69620185 27596418736 4979994 0 1191439 0 0 0
1791412514 225, 405, 28, 0x0000000000000000 | 1.16 1.17 1.18 | cpu  317963831 2051251 69620205 27596422003 4980023 0 1191440 0 0 0
1791412515 225, 405, 28, 0x0000000000000000 | 1.15 1.17 1.18 | cpu  317963898 2051251 69620221 27596425270 4980060 0 1191440 0 0 0
1791412516 225, 405, 28, 0x0000000000000000 | 1.15 1.17 1.18 | cpu  317963954 2051251 69620237 27596428524 4980107 0 1191440 0 0 0
1791412518 225, 405, 28, 0x0000000000000000 | 1.15 1.17 1.18 | cpu  317964027 2051251 69620256 27596431763 4980156 0 1191440 0 0 0
1791412519 225, 405, 28, 0x0000000000000000 | 1.15 1.17 1.18 | cpu  317964101 2051251 69620305 27596434984 4980200 0 1191440 0 0 0
1791412520 225, 405, 28, 0x0000000000000000 | 1.15 1.17 1.18 | cpu  317964163 2051251 69620317 27596438236 4980239 0 1191440 0 0 0
1791412521 225, 405, 28, 0x0000000000000000 | 1.14 1.17 1.18 | cpu  317964225 2051251 69620332 27596441489 4980281 0 1191440 0 0 0
1791412522 225, 405, 28, 0x0000000000000000 | 1.14 1.17 1.18 | cpu  317964299 2051251 69620348 27596444737 4980309 0 1191440 0 0 0
1791412523 225, 405, 28, 0x0000000000000000 | 1.14 1.17 1.18 | cpu  317964381 2051251 69620365 27596447982 4980331 0 1191440 0 0 0
1791412524 225, 405, 28, 0x0000000000000000 | 1.14 1.17 1.18 | cpu  317964459 2051251 69620379 27596451238 4980354 0 1191440 0 0 0
1791412525 225, 405, 28, 0x0000000000000000 | 1.13 1.16 1.17 | cpu  317964535 2051251 69620395 27596454490 4980381 0 1191440 0 0 0
1791412526 225, 405, 28, 0x0000000000000000 | 1.13 1.16 1.17 | cpu  317964614 2051251 69620412 27596457756 4980404 0 1191440 0 0 0
1791412527 225, 405, 28, 0x0000000000000000 | 1.13 1.16 1.17 | cpu  317964709 2051251 69620428 27596461012 4980411 0 1191440 0 0 0
1791412528 225, 405, 28, 0x0000000000000000 | 1.13 1.16 1.17 | cpu  317964808 2051251 69620444 27596464267 4980414 0 1191440 0 0 0
1791412529 225, 405, 28, 0x0000000000000000 | 1.13 1.16 1.17 | cpu  317964907 2051251 69620463 27596467521 4980417 0 1191440 0 0 0
1791412530 225, 405, 28, 0x0000000000000000 | 1.12 1.16 1.17 | cpu  317965004 2051251 69620479 27596470782 4980420 0 1191440 0 0 0
1791412531 225, 405, 28, 0x0000000000000000 | 1.12 1.16 1.17 | cpu  317965102 2051251 69620493 27596474031 4980423 0 1191440 0 0 0
1791412532 225, 405, 28, 0x0000000000000000 | 1.12 1.16 1.17 | cpu  317965201 2051251 69620509 27596477289 4980426 0 1191440 0 0 0
1791412533 225, 405, 28, 0x0000000000000000 | 1.12 1.16 1.17 | cpu  317965299 2051251 69620525 27596480541 4980432 0 1191440 0 0 0
1791412534 225, 405, 28, 0x0000000000000000 | 1.12 1.16 1.17 | cpu  317965372 2051251 69620558 27596483904 4980448 0 1191440 0 0 0
1791412536 225, 405, 28, 0x0000000000000000 | 1.11 1.16 1.17 | cpu  317965475 2051251 69620563 27596487167 4980454 0 1191440 0 0 0
1791412537 225, 405, 28, 0x0000000000000000 | 1.11 1.16 1.17 | cpu  317965579 2051251 69620568 27596490425 4980456 0 1191440 0 0 0
1791412538 225, 405, 28, 0x0000000000000000 | 1.11 1.16 1.17 | cpu  317965682 2051251 69620579 27596493675 4980460 0 1191440 0 0 0
1791412539 225, 405, 28, 0x0000000000000000 | 1.11 1.16 1.17 | cpu  317965781 2051251 69620597 27596496929 4980464 0 1191440 0 0 0
1791412540 217, 405, 28, 0x0000000000000000 | 1.11 1.16 1.17 | cpu  317965883 2051251 69620616 27596500176 4980467 0 1191440 0 0 0
1791412541 225, 405, 28, 0x0000000000000000 | 1.18 1.17 1.18 | cpu  317965985 2051251 69620684 27596503369 4980470 0 1191440 0 0 0
1791412542 225, 405, 28, 0x0000000000000000 | 1.18 1.17 1.18 | cpu  317966084 2051251 69620698 27596506623 4980472 0 1191440 0 0 0
1791412543 225, 405, 28, 0x0000000000000000 | 1.18 1.17 1.18 | cpu  317966184 2051251 69620716 27596509871 4980475 0 1191440 0 0 0
1791412544 225, 405, 28, 0x0000000000000000 | 1.18 1.17 1.18 | cpu  317966286 2051251 69620728 27596513126 4980476 0 1191440 0 0 0
1791412545 225, 405, 28, 0x0000000000000000 | 1.16 1.17 1.18 | cpu  317966392 2051251 69620739 27596516380 4980476 0 1191440 0 0 0
1791412546 225, 405, 28, 0x0000000000000000 | 1.16 1.17 1.18 | cpu  317966501 2051251 69620750 27596519634 4980479 0 1191440 0 0 0
1791412547 225, 405, 28, 0x0000000000000000 | 1.16 1.17 1.18 | cpu  317966608 2051251 69620760 27596522886 4980479 0 1191440 0 0 0
1791412548 225, 405, 28, 0x0000000000000000 | 1.16 1.17 1.18 | cpu  317966714 2051251 69620769 27596526138 4980479 0 1191440 0 0 0
1791412549 225, 405, 28, 0x0000000000000000 | 1.16 1.17 1.18 | cpu  317966821 2051251 69620780 27596529390 4980480 0 1191440 0 0 0
1791412550 225, 405, 28, 0x0000000000000000 | 1.63 1.27 1.21 | cpu  317966932 2051251 69620797 27596532545 4980567 0 1191440 0 0 0
1791412551 225, 405, 28, 0x0000000000000000 | 1.63 1.27 1.21 | cpu  317967041 2051251 69620810 27596535802 4980568 0 1191440 0 0 0
1791412552 225, 405, 28, 0x0000000000000000 | 1.63 1.27 1.21 | cpu  317967147 2051251 69620818 27596539058 4980568 0 1191440 0 0 0
1791412553 225, 405, 28, 0x0000000000000000 | 1.63 1.27 1.21 | cpu  317967253 2051251 69620829 27596542310 4980569 0 1191440 0 0 0
1791412554 225, 405, 28, 0x0000000000000000 | 1.63 1.27 1.21 | cpu  317967360 2051251 69620837 27596545568 4980569 0 1191440 0 0 0
1791412556 225, 405, 28, 0x0000000000000000 | 1.58 1.26 1.21 | cpu  317967464 2051251 69620849 27596548825 4980571 0 1191440 0 0 0
1791412557 217, 405, 28, 0x0000000000000000 | 1.58 1.26 1.21 | cpu  317967534 2051251 69620862 27596552081 4980603 0 1191440 0 0 0
1791412558 225, 405, 28, 0x0000000000000000 | 1.58 1.26 1.21 | cpu  317967640 2051251 69620875 27596555339 4980603 0 1191440 0 0 0
1791412559 225, 405, 28, 0x0000000000000000 | 1.58 1.26 1.21 | cpu  317967747 2051251 69620885 27596558595 4980603 0 1191440 0 0 0
1791412560 225, 405, 28, 0x0000000000000000 | 1.58 1.26 1.21 | cpu  317967853 2051251 69620897 27596561857 4980603 0 1191440 0 0 0
1791412561 225, 405, 28, 0x0000000000000000 | 1.53 1.26 1.20 | cpu  317967959 2051251 69620910 27596565123 4980607 0 1191440 0 0 0
1791412562 225, 405, 28, 0x0000000000000000 | 1.53 1.26 1.20 | cpu  317968054 2051251 69620939 27596568376 4980608 0 1191440 0 0 0
1791412563 225, 405, 28, 0x0000000000000000 | 1.53 1.26 1.20 | cpu  317968156 2051251 69620951 27596571636 4980608 0 1191440 0 0 0
1791412564 225, 405, 28, 0x0000000000000000 | 1.53 1.26 1.20 | cpu  317968262 2051251 69620956 27596574898 4980608 0 1191440 0 0 0
1791412565 225, 405, 28, 0x0000000000000000 | 1.49 1.25 1.20 | cpu  317968372 2051251 69620962 27596578157 4980610 0 1191440 0 0 0
1791412566 225, 405, 28, 0x0000000000000000 | 1.49 1.25 1.20 | cpu  317968492 2051251 69620995 27596581356 4980622 0 1191440 0 0 0
1791412567 225, 405, 28, 0x0000000000000000 | 1.49 1.25 1.20 | cpu  317968600 2051251 69621002 27596584621 4980622 0 1191440 0 0 0
1791412568 225, 405, 28, 0x0000000000000000 | 1.49 1.25 1.20 | cpu  317968707 2051251 69621006 27596587889 4980622 0 1191440 0 0 0
1791412569 225, 405, 28, 0x0000000000000000 | 1.49 1.25 1.20 | cpu  317968814 2051251 69621011 27596591156 4980622 0 1191440 0 0 0
1791412570 225, 405, 28, 0x0000000000000000 | 1.45 1.25 1.20 | cpu  317968919 2051251 69621017 27596594431 4980624 0 1191440 0 0 0
1791412571 225, 405, 28, 0x0000000000000000 | 1.45 1.25 1.20 | cpu  317969027 2051251 69621023 27596597722 4980624 0 1191440 0 0 0
1791412572 225, 405, 28, 0x0000000000000000 | 1.45 1.25 1.20 | cpu  317969133 2051251 69621029 27596600979 4980630 0 1191440 0 0 0
1791412574 225, 405, 28, 0x0000000000000000 | 1.45 1.25 1.20 | cpu  317969241 2051251 69621035 27596604236 4980630 0 1191440 0 0 0
1791412575 225, 405, 28, 0x0000000000000000 | 1.45 1.25 1.20 | cpu  317969348 2051251 69621040 27596607505 4980630 0 1191440 0 0 0
1791412576 225, 405, 28, 0x0000000000000000 | 1.50 1.26 1.21 | cpu  317969455 2051251 69621046 27596610778 4980630 0 1191440 0 0 0
1791412577 225, 405, 28, 0x0000000000000000 | 1.50 1.26 1.21 | cpu  317969562 2051251 69621052 27596614054 4980631 0 1191440 0 0 0
1791412578 225, 405, 27, 0x0000000000000000 | 1.50 1.26 1.21 | cpu  317969669 2051251 69621057 27596617317 4980631 0 1191440 0 0 0
1791412579 225, 405, 28, 0x0000000000000000 | 1.50 1.26 1.21 | cpu  317969775 2051251 69621062 27596620576 4980631 0 1191440 0 0 0
1791412580 225, 405, 28, 0x0000000000000000 | 1.54 1.27 1.21 | cpu  317969881 2051251 69621067 27596623817 4980649 0 1191440 0 0 0
1791412581 225, 405, 27, 0x0000000000000000 | 1.54 1.27 1.21 | cpu  317969988 2051251 69621076 27596627084 4980650 0 1191440 0 0 0
1791412582 225, 405, 28, 0x0000000000000000 | 1.54 1.27 1.21 | cpu  317970095 2051251 69621081 27596630347 4980650 0 1191440 0 0 0
1791412583 225, 405, 27, 0x0000000000000000 | 1.54 1.27 1.21 | cpu  317970201 2051251 69621086 27596633613 4980650 0 1191440 0 0 0
1791412584 225, 405, 27, 0x0000000000000000 | 1.54 1.27 1.21 | cpu  317970309 2051251 69621093 27596636876 4980650 0 1191440 0 0 0
1791412585 225, 405, 27, 0x0000000000000000 | 1.57 1.29 1.22 | cpu  317970419 2051251 69621101 27596640135 4980650 0 1191440 0 0 0
1791412586 225, 405, 27, 0x0000000000000000 | 1.57 1.29 1.22 | cpu  317970526 2051251 69621106 27596643395 4980651 0 1191440 0 0 0
1791412587 225, 405, 27, 0x0000000000000000 | 1.57 1.29 1.22 | cpu  317970632 2051251 69621110 27596646655 4980651 0 1191440 0 0 0
1791412588 225, 405, 27, 0x0000000000000000 | 1.57 1.29 1.22 | cpu  317970742 2051251 69621119 27596649883 4980676 0 1191440 0 0 0
1791412589 225, 405, 27, 0x0000000000000000 | 1.57 1.29 1.22 | cpu  317970838 2051251 69621140 27596653148 4980676 0 1191440 0 0 0
1791412590 217, 405, 27, 0x0000000000000000 | 1.53 1.28 1.21 | cpu  317970931 2051251 69621167 27596656424 4980677 0 1191440 0 0 0
1791412591 225, 405, 27, 0x0000000000000000 | 1.53 1.28 1.21 | cpu  317971030 2051251 69621182 27596659704 4980677 0 1191440 0 0 0
1791412593 225, 405, 27, 0x0000000000000000 | 1.53 1.28 1.21 | cpu  317971127 2051251 69621195 27596662976 4980681 0 1191440 0 0 0
1791412594 225, 405, 27, 0x0000000000000000 | 1.53 1.28 1.21 | cpu  317971172 2051251 69621209 27596666239 4980729 0 1191440 0 0 0
1791412595 225, 405, 27, 0x0000000000000000 | 1.53 1.28 1.21 | cpu  317971232 2051251 69621220 27596669511 4980769 0 1191440 0 0 0
1791412596 225, 405, 27, 0x0000000000000000 | 1.48 1.28 1.21 | cpu  317971318 2051251 69621228 27596672775 4980784 0 1191440 0 0 0
1791412597 225, 405, 27, 0x0000000000000000 | 1.48 1.28 1.21 | cpu  317971413 2051251 69621239 27596676039 4980793 0 1191440 0 0 0
1791412598 225, 405, 27, 0x0000000000000000 | 1.48 1.28 1.21 | cpu  317971507 2051251 69621247 27596679300 4980802 0 1191440 0 0 0
1791412599 225, 405, 27, 0x0000000000000000 | 1.48 1.28 1.21 | cpu  317971600 2051251 69621255 27596682561 4980811 0 1191440 0 0 0
1791412600 225, 405, 27, 0x0000000000000000 | 1.45 1.27 1.21 | cpu  317971665 2051251 69621268 27596685826 4980845 0 1191440 0 0 0
1791412601 225, 405, 27, 0x0000000000000000 | 1.45 1.27 1.21 | cpu  317971752 2051251 69621280 27596689148 4980865 0 1191441 0 0 0
1791412602 225, 405, 27, 0x0000000000000000 | 1.45 1.27 1.21 | cpu  317971766 2051251 69621300 27596692406 4980943 0 1191441 0 0 0
1791412603 225, 405, 27, 0x0000000000000000 | 1.45 1.27 1.21 | cpu  317971898 2051251 69621329 27596695600 4980950 0 1191441 0 0 0
1791412604 225, 405, 27, 0x0000000000000000 | 1.45 1.27 1.21 | cpu  317972009 2051251 69621378 27596698833 4980950 0 1191441 0 0 0
1791412605 225, 405, 27, 0x0000000000000000 | 1.41 1.27 1.21 | cpu  317972116 2051251 69621388 27596702102 4980950 0 1191441 0 0 0
1791412606 225, 405, 27, 0x0000000000000000 | 1.41 1.27 1.21 | cpu  317972223 2051251 69621400 27596705360 4980951 0 1191441 0 0 0
1791412607 217, 405, 27, 0x0000000000000000 | 1.41 1.27 1.21 | cpu  317972329 2051251 69621410 27596708624 4980951 0 1191441 0 0 0
1791412608 225, 405, 27, 0x0000000000000000 | 1.41 1.27 1.21 | cpu  317972437 2051251 69621423 27596711883 4980951 0 1191441 0 0 0
1791412609 225, 405, 27, 0x0000000000000000 | 1.41 1.27 1.21 | cpu  317972544 2051251 69621433 27596715139 4980951 0 1191441 0 0 0
1791412611 225, 405, 27, 0x0000000000000000 | 1.38 1.26 1.21 | cpu  317972651 2051251 69621443 27596718402 4980951 0 1191441 0 0 0
1791412612 225, 405, 27, 0x0000000000000000 | 1.38 1.26 1.21 | cpu  317972758 2051251 69621454 27596721666 4980952 0 1191441 0 0 0
1791412613 225, 405, 27, 0x0000000000000000 | 1.38 1.26 1.21 | cpu  317972865 2051251 69621460 27596724945 4980952 0 1191441 0 0 0
1791412614 225, 405, 27, 0x0000000000000000 | 1.38 1.26 1.21 | cpu  317972972 2051251 69621464 27596728230 4980952 0 1191441 0 0 0
1791412615 225, 405, 27, 0x0000000000000000 | 1.38 1.26 1.21 | cpu  317973078 2051251 69621474 27596731505 4980953 0 1191441 0 0 0
1791412616 225, 405, 27, 0x0000000000000000 | 1.35 1.26 1.21 | cpu  317973184 2051251 69621479 27596734776 4980953 0 1191441 0 0 0
1791412617 225, 405, 27, 0x0000000000000000 | 1.35 1.26 1.21 | cpu  317973291 2051251 69621483 27596738043 4980953 0 1191441 0 0 0
1791412618 225, 405, 27, 0x0000000000000000 | 1.35 1.26 1.21 | cpu  317973399 2051251 69621494 27596741303 4980954 0 1191441 0 0 0
1791412619 225, 405, 27, 0x0000000000000000 | 1.35 1.26 1.21 | cpu  317973499 2051251 69621511 27596744572 4980954 0 1191441 0 0 0
1791412620 225, 405, 27, 0x0000000000000000 | 1.32 1.25 1.20 | cpu  317973603 2051251 69621523 27596747850 4980954 0 1191441 0 0 0
1791412621 225, 405, 27, 0x0000000000000000 | 1.32 1.25 1.20 | cpu  317973696 2051251 69621537 27596751104 4980966 0 1191441 0 0 0
1791412622 225, 405, 27, 0x0000000000000000 | 1.32 1.25 1.20 | cpu  317973798 2051251 69621552 27596754350 4980983 0 1191441 0 0 0
1791412623 225, 405, 27, 0x0000000000000000 | 1.32 1.25 1.20 | cpu  317973903 2051251 69621563 27596757605 4980984 0 1191441 0 0 0
1791412624 225, 405, 27, 0x0000000000000000 | 1.32 1.25 1.20 | cpu  317974007 2051251 69621574 27596760879 4980987 0 1191441 0 0 0
1791412625 225, 405, 27, 0x0000000000000000 | 1.29 1.25 1.20 | cpu  317974114 2051251 69621584 27596764151 4980989 0 1191441 0 0 0
1791412626 225, 405, 27, 0x0000000000000000 | 1.29 1.25 1.20 | cpu  317974218 2051251 69621596 27596767407 4980992 0 1191441 0 0 0
1791412627 225, 405, 27, 0x0000000000000000 | 1.29 1.25 1.20 | cpu  317974327 2051251 69621617 27596770649 4980994 0 1191441 0 0 0
1791412628 225, 405, 27, 0x0000000000000000 | 1.29 1.25 1.20 | cpu  317974414 2051251 69621627 27596773902 4981014 0 1191441 0 0 0
1791412630 225, 405, 27, 0x0000000000000000 | 1.29 1.25 1.20 | cpu  317974505 2051251 69621641 27596777160 4981032 0 1191441 0 0 0
1791412631 225, 405, 27, 0x0000000000000000 | 1.35 1.26 1.21 | cpu  317974609 2051251 69621679 27596780367 4981050 0 1191441 0 0 0
1791412632 225, 405, 27, 0x0000000000000000 | 1.35 1.26 1.21 | cpu  317974715 2051251 69621690 27596783619 4981050 0 1191441 0 0 0
1791412633 225, 405, 27, 0x0000000000000000 | 1.35 1.26 1.21 | cpu  317974820 2051251 69621704 27596786870 4981050 0 1191441 0 0 0
1791412634 225, 405, 27, 0x0000000000000000 | 1.35 1.26 1.21 | cpu  317974925 2051251 69621715 27596790138 4981050 0 1191441 0 0 0
1791412635 225, 405, 27, 0x0000000000000000 | 1.35 1.26 1.21 | cpu  317975021 2051251 69621737 27596793417 4981051 0 1191441 0 0 0
1791412636 225, 405, 27, 0x0000000000000000 | 1.56 1.31 1.22 | cpu  317975117 2051251 69621760 27596796687 4981051 0 1191441 0 0 0
1791412637 225, 405, 27, 0x0000000000000000 | 1.56 1.31 1.22 | cpu  317975217 2051251 69621774 27596799954 4981051 0 1191441 0 0 0
1791412638 225, 405, 27, 0x0000000000000000 | 1.56 1.31 1.22 | cpu  317975315 2051251 69621788 27596803230 4981055 0 1191441 0 0 0
1791412639 225, 405, 27, 0x0000000000000000 | 1.56 1.31 1.22 | cpu  317975409 2051251 69621800 27596806489 4981065 0 1191441 0 0 0
1791412640 225, 405, 27, 0x0000000000000000 | 1.52 1.30 1.22 | cpu  317975505 2051251 69621810 27596809751 4981076 0 1191441 0 0 0
1791412641 225, 405, 27, 0x0000000000000000 | 1.52 1.30 1.22 | cpu  317975599 2051251 69621824 27596813023 4981090 0 1191441 0 0 0
1791412642 225, 405, 27, 0x0000000000000000 | 1.52 1.30 1.22 | cpu  317975697 2051251 69621838 27596816274 4981100 0 1191441 0 0 0
1791412643 225, 405, 27, 0x0000000000000000 | 1.52 1.30 1.22 | cpu  317975796 2051251 69621850 27596819529 4981109 0 1191441 0 0 0
1791412644 225, 405, 27, 0x0000000000000000 | 1.52 1.30 1.22 | cpu  317975893 2051251 69621862 27596822775 4981141 0 1191441 0 0 0
1791412645 225, 405, 27, 0x0000000000000000 | 1.56 1.31 1.23 | cpu  317975984 2051251 69621876 27596826025 4981160 0 1191441 0 0 0
1791412646 225, 405, 27, 0x0000000000000000 | 1.56 1.31 1.23 | cpu  317976080 2051251 69621916 27596829243 4981182 0 1191441 0 0 0
1791412648 225, 405, 27, 0x0000000000000000 | 1.56 1.31 1.23 | cpu  317976174 2051251 69621927 27596832503 4981195 0 1191441 0 0 0
1791412649 225, 405, 27, 0x0000000000000000 | 1.56 1.31 1.23 | cpu  317976256 2051251 69621941 27596835827 4981220 0 1191441 0 0 0
1791412650 225, 405, 27, 0x0000000000000000 | 1.56 1.31 1.23 | cpu  317976347 2051251 69621953 27596839067 4981255 0 1191441 0 0 0
1791412651 225, 405, 27, 0x0000000000000000 | 1.51 1.31 1.22 | cpu  317976444 2051251 69621965 27596842308 4981278 0 1191441 0 0 0
1791412652 225, 405, 27, 0x0000000000000000 | 1.51 1.31 1.22 | cpu  317976540 2051251 69621977 27596845562 4981287 0 1191441 0 0 0
1791412653 225, 405, 27, 0x0000000000000000 | 1.51 1.31 1.22 | cpu  317976638 2051251 69621990 27596848830 4981295 0 1191441 0 0 0
1791412654 225, 405, 27, 0x0000000000000000 | 1.51 1.31 1.22 | cpu  317976739 2051251 69622002 27596852086 4981303 0 1191441 0 0 0
1791412655 225, 405, 27, 0x0000000000000000 | 1.47 1.30 1.22 | cpu  317976838 2051251 69622014 27596855350 4981310 0 1191441 0 0 0
1791412656 225, 405, 27, 0x0000000000000000 | 1.47 1.30 1.22 | cpu  317976939 2051251 69622026 27596858620 4981317 0 1191441 0 0 0
1791412657 225, 405, 27, 0x0000000000000000 | 1.47 1.30 1.22 | cpu  317977039 2051251 69622037 27596861886 4981324 0 1191441 0 0 0
1791412658 225, 405, 27, 0x0000000000000000 | 1.47 1.30 1.22 | cpu  317977144 2051251 69622046 27596865145 4981326 0 1191441 0 0 0
1791412659 225, 405, 27, 0x0000000000000000 | 1.47 1.30 1.22 | cpu  317977245 2051251 69622057 27596868404 4981332 0 1191441 0 0 0
1791412660 225, 405, 27, 0x0000000000000000 | 1.43 1.30 1.22 | cpu  317977351 2051251 69622068 27596871667 4981333 0 1191441 0 0 0
1791412661 225, 405, 27, 0x0000000000000000 | 1.43 1.30 1.22 | cpu  317977457 2051251 69622078 27596874928 4981334 0 1191441 0 0 0
1791412662 225, 405, 27, 0x0000000000000000 | 1.43 1.30 1.22 | cpu  317977562 2051251 69622089 27596878190 4981336 0 1191441 0 0 0
1791412663 225, 405, 27, 0x0000000000000000 | 1.43 1.30 1.22 | cpu  317977669 2051251 69622098 27596881456 4981338 0 1191441 0 0 0
1791412664 225, 405, 27, 0x0000000000000000 | 1.43 1.30 1.22 | cpu  317977775 2051251 69622110 27596884715 4981339 0 1191441 0 0 0
1791412666 225, 405, 27, 0x0000000000000000 | 1.40 1.29 1.22 | cpu  317977883 2051251 69622122 27596887977 4981340 0 1191441 0 0 0
1791412667 225, 405, 27, 0x0000000000000000 | 1.40 1.29 1.22 | cpu  317977991 2051251 69622133 27596891241 4981341 0 1191441 0 0 0
1791412668 225, 405, 27, 0x0000000000000000 | 1.40 1.29 1.22 | cpu  317978103 2051251 69622181 27596894460 4981341 0 1191441 0 0 0
1791412669 225, 405, 27, 0x0000000000000000 | 1.40 1.29 1.22 | cpu  317978211 2051251 69622193 27596897728 4981341 0 1191441 0 0 0
1791412670 225, 405, 27, 0x0000000000000000 | 1.40 1.29 1.22 | cpu  317978317 2051251 69622202 27596900995 4981342 0 1191441 0 0 0
1791412671 225, 405, 27, 0x0000000000000000 | 1.36 1.29 1.22 | cpu  317978421 2051251 69622216 27596904265 4981342 0 1191441 0 0 0
1791412672 225, 405, 27, 0x0000000000000000 | 1.36 1.29 1.22 | cpu  317978528 2051251 69622229 27596907523 4981342 0 1191441 0 0 0
1791412673 225, 405, 27, 0x0000000000000000 | 1.36 1.29 1.22 | cpu  317978635 2051251 69622241 27596910789 4981342 0 1191441 0 0 0
1791412674 225, 405, 27, 0x0000000000000000 | 1.36 1.29 1.22 | cpu  317978741 2051251 69622250 27596914052 4981342 0 1191441 0 0 0
1791412675 225, 405, 27, 0x0000000000000000 | 1.34 1.28 1.22 | cpu  317978849 2051251 69622262 27596917318 4981342 0 1191441 0 0 0
1791412676 225, 405, 27, 0x0000000000000000 | 1.34 1.28 1.22 | cpu  317978954 2051251 69622272 27596920575 4981342 0 1191441 0 0 0
1791412677 225, 405, 27, 0x0000000000000000 | 1.34 1.28 1.22 | cpu  317979064 2051251 69622285 27596923854 4981342 0 1191441 0 0 0
1791412678 225, 405, 27, 0x0000000000000000 | 1.34 1.28 1.22 | cpu  317979171 2051251 69622295 27596927114 4981343 0 1191441 0 0 0
1791412679 225, 405, 27, 0x0000000000000000 | 1.34 1.28 1.22 | cpu  317979278 2051251 69622306 27596930390 4981343 0 1191441 0 0 0
1791412680 225, 405, 27, 0x0000000000000000 | 1.31 1.28 1.22 | cpu  317979384 2051251 69622316 27596933648 4981343 0 1191441 0 0 0
1791412681 225, 405, 27, 0x0000000000000000 | 1.31 1.28 1.22 | cpu  317979491 2051251 69622326 27596936897 4981344 0 1191441 0 0 0
1791412682 225, 405, 27, 0x0000000000000000 | 1.31 1.28 1.22 | cpu  317979598 2051251 69622335 27596940150 4981345 0 1191441 0 0 0
1791412683 225, 405, 27, 0x0000000000000000 | 1.31 1.28 1.22 | cpu  317979705 2051251 69622347 27596943411 4981345 0 1191441 0 0 0
1791412685 225, 405, 27, 0x0000000000000000 | 1.31 1.28 1.22 | cpu  317979812 2051251 69622356 27596946670 4981345 0 1191441 0 0 0
1791412686 225, 405, 27, 0x0000000000000000 | 1.28 1.27 1.21 | cpu  317979919 2051251 69622368 27596949941 4981346 0 1191441 0 0 0
1791412687 217, 405, 27, 0x0000000000000000 | 1.28 1.27 1.21 | cpu  317980026 2051251 69622377 27596953208 4981346 0 1191441 0 0 0
1791412688 225, 405, 27, 0x0000000000000000 | 1.28 1.27 1.21 | cpu  317980134 2051251 69622387 27596956465 4981346 0 1191441 0 0 0
1791412689 225, 405, 27, 0x0000000000000000 | 1.28 1.27 1.21 | cpu  317980243 2051251 69622400 27596959719 4981346 0 1191441 0 0 0
1791412690 225, 405, 27, 0x0000000000000000 | 1.28 1.27 1.21 | cpu  317980350 2051251 69622413 27596962990 4981347 0 1191441 0 0 0
1791412691 225, 405, 27, 0x0000000000000000 | 1.26 1.27 1.21 | cpu  317980456 2051251 69622423 27596966252 4981347 0 1191441 0 0 0
1791412692 225, 405, 27, 0x0000000000000000 | 1.26 1.27 1.21 | cpu  317980563 2051251 69622435 27596969512 4981347 0 1191441 0 0 0
1791412693 225, 405, 27, 0x0000000000000000 | 1.26 1.27 1.21 | cpu  317980670 2051251 69622448 27596972776 4981347 0 1191441 0 0 0
1791412694 225, 405, 27, 0x0000000000000000 | 1.26 1.27 1.21 | cpu  317980777 2051251 69622459 27596976032 4981347 0 1191441 0 0 0
1791412695 225, 405, 27, 0x0000000000000000 | 1.24 1.26 1.21 | cpu  317980884 2051251 69622473 27596979293 4981348 0 1191441 0 0 0
1791412696 225, 405, 27, 0x0000000000000000 | 1.24 1.26 1.21 | cpu  317980990 2051251 69622483 27596982555 4981348 0 1191441 0 0 0
1791412697 225, 405, 27, 0x0000000000000000 | 1.24 1.26 1.21 | cpu  317981096 2051251 69622489 27596985819 4981348 0 1191441 0 0 0
1791412698 225, 405, 27, 0x0000000000000000 | 1.24 1.26 1.21 | cpu  317981203 2051251 69622493 27596989082 4981348 0 1191441 0 0 0
1791412699 225, 405, 27, 0x0000000000000000 | 1.24 1.26 1.21 | cpu  317981309 2051251 69622498 27596992344 4981348 0 1191441 0 0 0
1791412700 225, 405, 27, 0x0000000000000000 | 1.22 1.26 1.21 | cpu  317981417 2051251 69622504 27596995605 4981348 0 1191441 0 0 0
1791412701 225, 405, 27, 0x0000000000000000 | 1.22 1.26 1.21 | cpu  317981523 2051251 69622514 27596998866 4981348 0 1191441 0 0 0
1791412702 225, 405, 27, 0x0000000000000000 | 1.22 1.26 1.21 | cpu  317981630 2051251 69622523 27597002126 4981348 0 1191441 0 0 0
1791412704 225, 405, 27, 0x0000000000000000 | 1.22 1.26 1.21 | cpu  317981737 2051251 69622533 27597005381 4981348 0 1191441 0 0 0
1791412705 225, 405, 27, 0x0000000000000000 | 1.22 1.26 1.21 | cpu  317981848 2051251 69622551 27597008629 4981348 0 1191441 0 0 0
1791412706 225, 405, 27, 0x0000000000000000 | 1.20 1.25 1.21 | cpu  317981955 2051251 69622562 27597011888 4981348 0 1191441 0 0 0
1791412707 225, 405, 27, 0x0000000000000000 | 1.20 1.25 1.21 | cpu  317982062 2051251 69622573 27597015144 4981348 0 1191441 0 0 0
1791412708 225, 405, 27, 0x0000000000000000 | 1.20 1.25 1.21 | cpu  317982169 2051251 69622583 27597018404 4981348 0 1191441 0 0 0
1791412709 225, 405, 27, 0x0000000000000000 | 1.20 1.25 1.21 | cpu  317982277 2051251 69622595 27597021665 4981348 0 1191441 0 0 0
1791412710 225, 405, 27, 0x0000000000000000 | 1.27 1.27 1.21 | cpu  317982383 2051251 69622604 27597024926 4981348 0 1191441 0 0 0
1791412711 225, 405, 27, 0x0000000000000000 | 1.27 1.27 1.21 | cpu  317982491 2051251 69622617 27597028175 4981348 0 1191441 0 0 0
1791412712 225, 405, 27, 0x0000000000000000 | 1.27 1.27 1.21 | cpu  317982599 2051251 69622629 27597031445 4981348 0 1191441 0 0 0
1791412713 225, 405, 27, 0x0000000000000000 | 1.27 1.27 1.21 | cpu  317982705 2051251 69622641 27597034698 4981348 0 1191441 0 0 0
1791412714 225, 405, 27, 0x0000000000000000 | 1.27 1.27 1.21 | cpu  317982812 2051251 69622649 27597037955 4981349 0 1191441 0 0 0
1791412715 225, 405, 27, 0x0000000000000000 | 1.24 1.26 1.21 | cpu  317982921 2051251 69622663 27597041209 4981349 0 1191441 0 0 0
1791412716 225, 405, 27, 0x0000000000000000 | 1.24 1.26 1.21 | cpu  317983028 2051251 69622672 27597044471 4981349 0 1191441 0 0 0
1791412717 225, 405, 27, 0x0000000000000000 | 1.24 1.26 1.21 | cpu  317983139 2051251 69622686 27597047725 4981349 0 1191441 0 0 0
1791412718 225, 405, 27, 0x0000000000000000 | 1.24 1.26 1.21 | cpu  317983245 2051251 69622696 27597050981 4981349 0 1191441 0 0 0
1791412719 225, 405, 27, 0x0000000000000000 | 1.24 1.26 1.21 | cpu  317983352 2051251 69622707 27597054238 4981350 0 1191441 0 0 0
1791412720 217, 405, 27, 0x0000000000000000 | 1.22 1.26 1.21 | cpu  317983460 2051251 69622719 27597057498 4981351 0 1191441 0 0 0
1791412722 225, 405, 27, 0x0000000000000000 | 1.22 1.26 1.21 | cpu  317983567 2051251 69622728 27597060768 4981351 0 1191441 0 0 0
1791412723 225, 405, 27, 0x0000000000000000 | 1.22 1.26 1.21 | cpu  317983676 2051251 69622740 27597064028 4981351 0 1191441 0 0 0
1791412724 225, 405, 27, 0x0000000000000000 | 1.22 1.26 1.21 | cpu  317983786 2051251 69622751 27597067303 4981352 0 1191441 0 0 0
1791412725 225, 405, 27, 0x0000000000000000 | 1.22 1.26 1.21 | cpu  317983893 2051251 69622760 27597070560 4981352 0 1191441 0 0 0
1791412726 225, 405, 27, 0x0000000000000000 | 1.21 1.25 1.21 | cpu  317984003 2051251 69622772 27597073808 4981352 0 1191441 0 0 0
1791412727 225, 405, 27, 0x0000000000000000 | 1.21 1.25 1.21 | cpu  317984111 2051251 69622782 27597077072 4981352 0 1191441 0 0 0
1791412728 225, 405, 27, 0x0000000000000000 | 1.21 1.25 1.21 | cpu  317984219 2051251 69622793 27597080329 4981352 0 1191441 0 0 0
1791412729 225, 405, 27, 0x0000000000000000 | 1.21 1.25 1.21 | cpu  317984327 2051251 69622804 27597083587 4981352 0 1191441 0 0 0
1791412730 225, 405, 27, 0x0000000000000000 | 1.19 1.25 1.21 | cpu  317984435 2051251 69622816 27597086847 4981352 0 1191441 0 0 0
1791412731 225, 405, 27, 0x0000000000000000 | 1.19 1.25 1.21 | cpu  317984546 2051251 69622861 27597090069 4981353 0 1191441 0 0 0
1791412732 225, 405, 27, 0x0000000000000000 | 1.19 1.25 1.21 | cpu  317984653 2051251 69622872 27597093332 4981353 0 1191441 0 0 0
1791412733 225, 405, 27, 0x0000000000000000 | 1.19 1.25 1.21 | cpu  317984760 2051251 69622884 27597096586 4981353 0 1191441 0 0 0
1791412734 225, 405, 27, 0x0000000000000000 | 1.19 1.25 1.21 | cpu  317984868 2051251 69622895 27597099847 4981353 0 1191441 0 0 0
1791412735 225, 405, 27, 0x0000000000000000 | 1.09 1.23 1.20 | cpu  317984975 2051251 69622905 27597103107 4981353 0 1191441 0 0 0
1791412736 225, 405, 27, 0x0000000000000000 | 1.09 1.23 1.20 | cpu  317985082 2051251 69622916 27597106361 4981353 0 1191441 0 0 0
1791412737 217, 405, 27, 0x0000000000000000 | 1.09 1.23 1.20 | cpu  317985189 2051251 69622928 27597109627 4981353 0 1191441 0 0 0
1791412738 225, 405, 27, 0x0000000000000000 | 1.09 1.23 1.20 | cpu  317985296 2051251 69622938 27597112888 4981353 0 1191441 0 0 0
1791412739 225, 405, 27, 0x0000000000000000 | 1.09 1.23 1.20 | cpu  317985402 2051251 69622951 27597116153 4981353 0 1191441 0 0 0
1791412741 225, 405, 27, 0x0000000000000000 | 1.09 1.22 1.20 | cpu  317985509 2051251 69622962 27597119413 4981354 0 1191441 0 0 0
1791412742 225, 405, 27, 0x0000000000000000 | 1.09 1.22 1.20 | cpu  317985619 2051251 69622974 27597122665 4981354 0 1191441 0 0 0
1791412743 225, 405, 27, 0x0000000000000000 | 1.09 1.22 1.20 | cpu  317985743 2051251 69623014 27597125879 4981354 0 1191442 0 0 0
1791412744 225, 405, 27, 0x0000000000000000 | 1.09 1.22 1.20 | cpu  317985850 2051251 69623024 27597129137 4981354 0 1191442 0 0 0
1791412745 225, 405, 27, 0x0000000000000000 | 1.09 1.22 1.20 | cpu  317985958 2051251 69623035 27597132419 4981354 0 1191442 0 0 0
1791412746 225, 405, 27, 0x0000000000000000 | 1.08 1.22 1.20 | cpu  317986066 2051251 69623046 27597135681 4981354 0 1191442 0 0 0
1791412747 225, 405, 27, 0x0000000000000000 | 1.08 1.22 1.20 | cpu  317986174 2051251 69623058 27597138957 4981354 0 1191442 0 0 0
1791412748 225, 405, 27, 0x0000000000000000 | 1.08 1.22 1.20 | cpu  317986281 2051251 69623066 27597142224 4981354 0 1191442 0 0 0
1791412749 225, 405, 27, 0x0000000000000000 | 1.08 1.22 1.20 | cpu  317986388 2051251 69623077 27597145496 4981354 0 1191442 0 0 0
1791412750 225, 405, 27, 0x0000000000000000 | 1.07 1.22 1.20 | cpu  317986495 2051251 69623087 27597148760 4981354 0 1191442 0 0 0
1791412751 225, 405, 27, 0x0000000000000000 | 1.07 1.22 1.20 | cpu  317986602 2051251 69623099 27597152031 4981354 0 1191442 0 0 0
1791412752 225, 405, 27, 0x0000000000000000 | 1.07 1.22 1.20 | cpu  317986709 2051251 69623108 27597155291 4981354 0 1191442 0 0 0
1791412753 225, 405, 27, 0x0000000000000000 | 1.07 1.22 1.20 | cpu  317986817 2051251 69623119 27597158576 4981354 0 1191442 0 0 0
1791412754 225, 405, 27, 0x0000000000000000 | 1.07 1.22 1.20 | cpu  317986924 2051251 69623129 27597161843 4981354 0 1191442 0 0 0
1791412755 225, 405, 27, 0x0000000000000000 | 1.07 1.21 1.19 | cpu  317987031 2051251 69623140 27597165106 4981354 0 1191442 0 0 0
1791412756 225, 405, 27, 0x0000000000000000 | 1.07 1.21 1.19 | cpu  317987138 2051251 69623149 27597168364 4981354 0 1191442 0 0 0
1791412757 225, 405, 27, 0x0000000000000000 | 1.07 1.21 1.19 | cpu  317987246 2051251 69623161 27597171629 4981354 0 1191442 0 0 0
1791412759 225, 405, 27, 0x0000000000000000 | 1.07 1.21 1.19 | cpu  317987355 2051251 69623172 27597174898 4981354 0 1191442 0 0 0
1791412760 225, 405, 27, 0x0000000000000000 | 1.07 1.21 1.19 | cpu  317987462 2051251 69623183 27597178160 4981354 0 1191442 0 0 0
1791412761 225, 405, 27, 0x0000000000000000 | 1.06 1.21 1.19 | cpu  317987569 2051251 69623194 27597181423 4981354 0 1191442 0 0 0
1791412762 225, 405, 27, 0x0000000000000000 | 1.06 1.21 1.19 | cpu  317987676 2051251 69623204 27597184686 4981354 0 1191442 0 0 0
1791412763 225, 405, 27, 0x0000000000000000 | 1.06 1.21 1.19 | cpu  317987784 2051251 69623218 27597187958 4981355 0 1191442 0 0 0
1791412764 225, 405, 27, 0x0000000000000000 | 1.06 1.21 1.19 | cpu  317987891 2051251 69623227 27597191227 4981355 0 1191442 0 0 0
1791412765 225, 405, 27, 0x0000000000000000 | 1.14 1.22 1.20 | cpu  317987998 2051251 69623237 27597194491 4981355 0 1191442 0 0 0
1791412766 225, 405, 27, 0x0000000000000000 | 1.14 1.22 1.20 | cpu  317988104 2051251 69623248 27597197751 4981355 0 1191442 0 0 0
1791412767 225, 405, 27, 0x0000000000000000 | 1.14 1.22 1.20 | cpu  317988213 2051251 69623262 27597201033 4981355 0 1191442 0 0 0
1791412768 225, 405, 27, 0x0000000000000000 | 1.14 1.22 1.20 | cpu  317988321 2051251 69623274 27597204292 4981355 0 1191442 0 0 0
1791412769 225, 405, 27, 0x0000000000000000 | 1.14 1.22 1.20 | cpu  317988428 2051251 69623285 27597207562 4981355 0 1191442 0 0 0
1791412770 225, 405, 27, 0x0000000000000000 | 1.12 1.22 1.20 | cpu  317988535 2051251 69623295 27597210827 4981355 0 1191442 0 0 0
1791412771 225, 405, 27, 0x0000000000000000 | 1.12 1.22 1.20 | cpu  317988646 2051251 69623306 27597214083 4981356 0 1191442 0 0 0
1791412772 217, 405, 27, 0x0000000000000000 | 1.12 1.22 1.20 | cpu  317988753 2051251 69623318 27597217360 4981357 0 1191442 0 0 0
1791412773 225, 405, 27, 0x0000000000000000 | 1.12 1.22 1.20 | cpu  317988860 2051251 69623328 27597220623 4981358 0 1191442 0 0 0
1791412774 225, 405, 27, 0x0000000000000000 | 1.12 1.22 1.20 | cpu  317988967 2051251 69623339 27597223883 4981358 0 1191442 0 0 0
1791412775 225, 405, 27, 0x0000000000000000 | 1.11 1.21 1.19 | cpu  317989075 2051251 69623350 27597227153 4981358 0 1191442 0 0 0
1791412777 225, 405, 27, 0x0000000000000000 | 1.11 1.21 1.19 | cpu  317989210 2051251 69623374 27597230367 4981359 0 1191442 0 0 0
1791412778 225, 405, 27, 0x0000000000000000 | 1.11 1.21 1.19 | cpu  317989317 2051251 69623385 27597233629 4981360 0 1191442 0 0 0
1791412779 225, 405, 27, 0x0000000000000000 | 1.11 1.21 1.19 | cpu  317989425 2051251 69623396 27597236914 4981360 0 1191442 0 0 0
1791412780 225, 405, 27, 0x0000000000000000 | 1.11 1.21 1.19 | cpu  317989533 2051251 69623407 27597240170 4981360 0 1191442 0 0 0
1791412781 225, 405, 27, 0x0000000000000000 | 1.11 1.21 1.19 | cpu  317989641 2051251 69623418 27597243444 4981361 0 1191442 0 0 0
1791412782 225, 405, 27, 0x0000000000000000 | 1.11 1.21 1.19 | cpu  317989752 2051251 69623436 27597246701 4981361 0 1191442 0 0 0
1791412783 225, 405, 27, 0x0000000000000000 | 1.11 1.21 1.19 | cpu  317989860 2051251 69623447 27597249956 4981361 0 1191442 0 0 0
1791412784 225, 405, 27, 0x0000000000000000 | 1.11 1.21 1.19 | cpu  317989966 2051251 69623460 27597253216 4981361 0 1191442 0 0 0
1791412785 225, 405, 27, 0x0000000000000000 | 1.10 1.21 1.19 | cpu  317990072 2051251 69623470 27597256477 4981361 0 1191442 0 0 0
1791412786 225, 405, 27, 0x0000000000000000 | 1.10 1.21 1.19 | cpu  317990180 2051251 69623481 27597259742 4981361 0 1191442 0 0 0
1791412787 225, 405, 27, 0x0000000000000000 | 1.10 1.21 1.19 | cpu  317990287 2051251 69623490 27597263005 4981361 0 1191442 0 0 0
1791412788 225, 405, 27, 0x0000000000000000 | 1.10 1.21 1.19 | cpu  317990394 2051251 69623501 27597266261 4981362 0 1191442 0 0 0
1791412789 217, 405, 27, 0x0000000000000000 | 1.10 1.21 1.19 | cpu  317990501 2051251 69623511 27597269522 4981363 0 1191442 0 0 0
1791412790 225, 405, 27, 0x0000000000000000 | 1.09 1.20 1.19 | cpu  317990609 2051251 69623525 27597272792 4981363 0 1191442 0 0 0
1791412791 225, 405, 27, 0x0000000000000000 | 1.09 1.20 1.19 | cpu  317990719 2051251 69623537 27597276049 4981363 0 1191442 0 0 0
1791412792 225, 405, 27, 0x0000000000000000 | 1.09 1.20 1.19 | cpu  317990828 2051251 69623552 27597279308 4981363 0 1191442 0 0 0
1791412793 225, 405, 27, 0x0000000000000000 | 1.09 1.20 1.19 | cpu  317990938 2051251 69623571 27597282561 4981363 0 1191442 0 0 0
1791412794 225, 405, 27, 0x0000000000000000 | 1.09 1.20 1.19 | cpu  317991047 2051251 69623607 27597285794 4981364 0 1191442 0 0 0
1791412796 225, 405, 27, 0x0000000000000000 | 1.08 1.20 1.19 | cpu  317991155 2051251 69623617 27597289066 4981364 0 1191442 0 0 0
1791412797 225, 405, 27, 0x0000000000000000 | 1.08 1.20 1.19 | cpu  317991261 2051251 69623627 27597292322 4981364 0 1191442 0 0 0
1791412798 225, 405, 27, 0x0000000000000000 | 1.08 1.20 1.19 | cpu  317991369 2051251 69623638 27597295595 4981364 0 1191442 0 0 0
1791412799 225, 405, 27, 0x0000000000000000 | 1.08 1.20 1.19 | cpu  317991477 2051251 69623647 27597298859 4981364 0 1191442 0 0 0
1791412800 225, 405, 27, 0x0000000000000000 | 1.08 1.20 1.19 | cpu  317991584 2051251 69623656 27597302122 4981364 0 1191442 0 0 0
1791412801 225, 405, 27, 0x0000000000000000 | 1.07 1.20 1.19 | cpu  317991691 2051251 69623666 27597305393 4981364 0 1191442 0 0 0
1791412802 225, 405, 27, 0x0000000000000000 | 1.07 1.20 1.19 | cpu  317991805 2051251 69623686 27597308642 4981369 0 1191442 0 0 0
1791412803 225, 405, 27, 0x0000000000000000 | 1.07 1.20 1.19 | cpu  317991923 2051251 69623703 27597311888 4981369 0 1191442 0 0 0
1791412804 225, 405, 27, 0x0000000000000000 | 1.07 1.20 1.19 | cpu  317992030 2051251 69623714 27597315155 4981369 0 1191442 0 0 0
1791412805 225, 405, 27, 0x0000000000000000 | 1.07 1.19 1.19 | cpu  317992137 2051251 69623726 27597318412 4981369 0 1191442 0 0 0
1791412806 225, 405, 27, 0x0000000000000000 | 1.07 1.19 1.19 | cpu  317992245 2051251 69623738 27597321669 4981369 0 1191442 0 0 0
1791412807 225, 405, 27, 0x0000000000000000 | 1.07 1.19 1.19 | cpu  317992352 2051251 69623747 27597324934 4981369 0 1191442 0 0 0
1791412808 225, 405, 27, 0x0000000000000000 | 1.07 1.19 1.19 | cpu  317992460 2051251 69623759 27597328229 4981370 0 1191442 0 0 0
1791412809 225, 405, 27, 0x0000000000000000 | 1.07 1.19 1.19 | cpu  317992566 2051251 69623769 27597331491 4981370 0 1191442 0 0 0
1791412810 225, 405, 27, 0x0000000000000000 | 1.06 1.19 1.18 | cpu  317992673 2051251 69623779 27597334753 4981370 0 1191442 0 0 0
1791412811 225, 405, 27, 0x0000000000000000 | 1.06 1.19 1.18 | cpu  317992781 2051251 69623789 27597338024 4981370 0 1191442 0 0 0
1791412812 225, 405, 27, 0x0000000000000000 | 1.06 1.19 1.18 | cpu  317992887 2051251 69623799 27597341285 4981370 0 1191442 0 0 0
1791412814 225, 405, 27, 0x0000000000000000 | 1.06 1.19 1.18 | cpu  317992994 2051251 69623808 27597344548 4981370 0 1191442 0 0 0
1791412815 225, 405, 27, 0x0000000000000000 | 1.06 1.19 1.18 | cpu  317993103 2051251 69623820 27597347800 4981370 0 1191442 0 0 0
1791412816 225, 405, 27, 0x0000000000000000 | 1.06 1.18 1.18 | cpu  317993210 2051251 69623829 27597351064 4981370 0 1191442 0 0 0
1791412817 225, 405, 27, 0x0000000000000000 | 1.06 1.18 1.18 | cpu  317993317 2051251 69623840 27597354324 4981370 0 1191442 0 0 0
1791412818 225, 405, 27, 0x0000000000000000 | 1.06 1.18 1.18 | cpu  317993425 2051251 69623852 27597357592 4981370 0 1191442 0 0 0
1791412819 225, 405, 27, 0x0000000000000000 | 1.06 1.18 1.18 | cpu  317993533 2051251 69623863 27597360855 4981370 0 1191442 0 0 0
1791412820 225, 405, 27, 0x0000000000000000 | 1.13 1.20 1.19 | cpu  317993640 2051251 69623875 27597364120 4981370 0 1191442 0 0 0
1791412821 225, 405, 27, 0x0000000000000000 | 1.13 1.20 1.19 | cpu  317993747 2051251 69623886 27597367382 4981371 0 1191442 0 0 0
1791412822 225, 405, 27, 0x0000000000000000 | 1.13 1.20 1.19 | cpu  317993854 2051251 69623898 27597370650 4981371 0 1191442 0 0 0
1791412823 225, 405, 27, 0x0000000000000000 | 1.13 1.20 1.19 | cpu  317993961 2051251 69623909 27597373917 4981371 0 1191442 0 0 0
1791412824 225, 405, 27, 0x0000000000000000 | 1.13 1.20 1.19 | cpu  317994067 2051251 69623918 27597377179 4981371 0 1191442 0 0 0
1791412825 225, 405, 27, 0x0000000000000000 | 1.12 1.20 1.19 | cpu  317994175 2051251 69623930 27597380456 4981371 0 1191442 0 0 0
1791412826 225, 405, 27, 0x0000000000000000 | 1.12 1.20 1.19 | cpu  317994283 2051251 69623942 27597383724 4981371 0 1191442 0 0 0
1791412827 225, 405, 27, 0x0000000000000000 | 1.12 1.20 1.19 | cpu  317994391 2051251 69623951 27597386992 4981371 0 1191442 0 0 0
1791412828 225, 405, 27, 0x0000000000000000 | 1.12 1.20 1.19 | cpu  317994498 2051251 69623965 27597390275 4981371 0 1191442 0 0 0
1791412829 225, 405, 27, 0x0000000000000000 | 1.12 1.20 1.19 | cpu  317994604 2051251 69623974 27597393533 4981371 0 1191442 0 0 0
1791412830 225, 405, 27, 0x0000000000000000 | 1.11 1.19 1.18 | cpu  317994711 2051251 69623985 27597396804 4981371 0 1191442 0 0 0
1791412832 225, 405, 27, 0x0000000000000000 | 1.11 1.19 1.18 | cpu  317994818 2051251 69623996 27597400069 4981371 0 1191442 0 0 0
1791412833 225, 405, 27, 0x0000000000000000 | 1.11 1.19 1.18 | cpu  317994925 2051251 69624007 27597403331 4981372 0 1191442 0 0 0
1791412834 225, 405, 27, 0x0000000000000000 | 1.11 1.19 1.18 | cpu  317995033 2051251 69624017 27597406595 4981372 0 1191442 0 0 0
1791412835 225, 405, 27, 0x0000000000000000 | 1.11 1.19 1.18 | cpu  317995140 2051251 69624028 27597409854 4981372 0 1191442 0 0 0
1791412836 225, 405, 27, 0x0000000000000000 | 1.10 1.19 1.18 | cpu  317995248 2051251 69624039 27597413136 4981372 0 1191442 0 0 0
1791412837 225, 405, 27, 0x0000000000000000 | 1.10 1.19 1.18 | cpu  317995356 2051251 69624050 27597416395 4981373 0 1191442 0 0 0
1791412838 225, 405, 27, 0x0000000000000000 | 1.10 1.19 1.18 | cpu  317995464 2051251 69624061 27597419661 4981373 0 1191442 0 0 0
1791412839 225, 405, 27, 0x0000000000000000 | 1.10 1.19 1.18 | cpu  317995571 2051251 69624072 27597422922 4981374 0 1191442 0 0 0
1791412840 225, 405, 27, 0x0000000000000000 | 1.09 1.18 1.18 | cpu  317995678 2051251 69624082 27597426191 4981374 0 1191442 0 0 0
1791412841 225, 405, 27, 0x0000000000000000 | 1.09 1.18 1.18 | cpu  317995785 2051251 69624094 27597429448 4981374 0 1191442 0 0 0
1791412842 225, 405, 27, 0x0000000000000000 | 1.09 1.18 1.18 | cpu  317995895 2051251 69624105 27597432705 4981374 0 1191442 0 0 0
1791412843 225, 405, 27, 0x0000000000000000 | 1.09 1.18 1.18 | cpu  317996002 2051251 69624116 27597435980 4981374 0 1191442 0 0 0
1791412844 225, 405, 27, 0x0000000000000000 | 1.09 1.18 1.18 | cpu  317996109 2051251 69624125 27597439244 4981374 0 1191442 0 0 0
1791412845 225, 405, 27, 0x0000000000000000 | 1.09 1.18 1.18 | cpu  317996217 2051251 69624136 27597442514 4981374 0 1191442 0 0 0
1791412846 225, 405, 27, 0x0000000000000000 | 1.09 1.18 1.18 | cpu  317996325 2051251 69624148 27597445776 4981375 0 1191442 0 0 0
1791412847 225, 405, 27, 0x0000000000000000 | 1.09 1.18 1.18 | cpu  317996434 2051251 69624159 27597449054 4981375 0 1191442 0 0 0
1791412848 225, 405, 27, 0x0000000000000000 | 1.09 1.18 1.18 | cpu  317996541 2051251 69624170 27597452313 4981375 0 1191442 0 0 0
1791412850 225, 405, 27, 0x0000000000000000 | 1.09 1.18 1.18 | cpu  317996649 2051251 69624181 27597455596 4981375 0 1191442 0 0 0
1791412851 225, 405, 27, 0x0000000000000000 | 1.08 1.18 1.18 | cpu  317996756 2051251 69624191 27597458854 4981375 0 1191442 0 0 0
1791412852 225, 405, 27, 0x0000000000000000 | 1.08 1.18 1.18 | cpu  317996863 2051251 69624204 27597462109 4981375 0 1191442 0 0 0
1791412853 225, 405, 27, 0x0000000000000000 | 1.08 1.18 1.18 | cpu  317996970 2051251 69624215 27597465372 4981375 0 1191442 0 0 0
1791412854 225, 405, 27, 0x0000000000000000 | 1.08 1.18 1.18 | cpu  317997077 2051251 69624226 27597468628 4981375 0 1191442 0 0 0
1791412855 225, 405, 27, 0x0000000000000000 | 1.08 1.18 1.18 | cpu  317997185 2051251 69624237 27597471886 4981375 0 1191442 0 0 0
1791412856 225, 405, 27, 0x0000000000000000 | 1.07 1.17 1.18 | cpu  317997294 2051251 69624249 27597475168 4981375 0 1191442 0 0 0
1791412857 225, 405, 27, 0x0000000000000000 | 1.07 1.17 1.18 | cpu  317997406 2051251 69624292 27597478400 4981375 0 1191442 0 0 0
1791412858 225, 405, 27, 0x0000000000000000 | 1.07 1.17 1.18 | cpu  317997513 2051251 69624304 27597481668 4981375 0 1191442 0 0 0
1791412859 225, 405, 27, 0x0000000000000000 | 1.07 1.17 1.18 | cpu  317997624 2051251 69624323 27597484913 4981376 0 1191442 0 0 0
1791412860 225, 405, 27, 0x0000000000000000 | 1.07 1.17 1.18 | cpu  317997733 2051251 69624335 27597488176 4981376 0 1191442 0 0 0
1791412861 225, 405, 27, 0x0000000000000000 | 1.07 1.17 1.18 | cpu  317997840 2051251 69624346 27597491441 4981376 0 1191442 0 0 0
1791412862 225, 405, 27, 0x0000000000000000 | 1.07 1.17 1.18 | cpu  317997947 2051251 69624357 27597494701 4981376 0 1191442 0 0 0
1791412863 225, 405, 27, 0x0000000000000000 | 1.07 1.17 1.18 | cpu  317998054 2051251 69624367 27597497962 4981376 0 1191442 0 0 0
1791412864 225, 405, 27, 0x0000000000000000 | 1.07 1.17 1.18 | cpu  317998161 2051251 69624377 27597501228 4981376 0 1191442 0 0 0
1791412865 225, 405, 27, 0x0000000000000000 | 1.06 1.17 1.18 | cpu  317998272 2051251 69624389 27597504502 4981376 0 1191442 0 0 0
1791412866 225, 405, 27, 0x0000000000000000 | 1.06 1.17 1.18 | cpu  317998379 2051251 69624399 27597507763 4981376 0 1191442 0 0 0
1791412867 217, 405, 27, 0x0000000000000000 | 1.06 1.17 1.18 | cpu  317998487 2051251 69624410 27597511024 4981376 0 1191442 0 0 0
1791412869 225, 405, 27, 0x0000000000000000 | 1.06 1.17 1.18 | cpu  317998594 2051251 69624421 27597514279 4981377 0 1191442 0 0 0
1791412870 225, 405, 27, 0x0000000000000000 | 1.06 1.17 1.18 | cpu  317998702 2051251 69624431 27597517555 4981377 0 1191442 0 0 0
1791412871 225, 405, 27, 0x0000000000000000 | 1.06 1.17 1.18 | cpu  317998809 2051251 69624441 27597520823 4981377 0 1191442 0 0 0
1791412872 225, 405, 27, 0x0000000000000000 | 1.06 1.17 1.18 | cpu  317998918 2051251 69624453 27597524076 4981377 0 1191442 0 0 0
1791412873 225, 405, 27, 0x0000000000000000 | 1.06 1.17 1.18 | cpu  317999025 2051251 69624461 27597527342 4981377 0 1191442 0 0 0
1791412874 225, 405, 27, 0x0000000000000000 | 1.06 1.17 1.18 | cpu  317999132 2051251 69624473 27597530603 4981378 0 1191442 0 0 0
1791412875 225, 405, 27, 0x0000000000000000 | 1.13 1.18 1.18 | cpu  317999239 2051251 69624483 27597533865 4981378 0 1191442 0 0 0
1791412876 225, 405, 27, 0x0000000000000000 | 1.13 1.18 1.18 | cpu  317999346 2051251 69624494 27597537128 4981378 0 1191442 0 0 0
1791412877 225, 405, 27, 0x0000000000000000 | 1.13 1.18 1.18 | cpu  317999453 2051251 69624504 27597540390 4981378 0 1191442 0 0 0
1791412878 225, 405, 27, 0x0000000000000000 | 1.13 1.18 1.18 | cpu  317999560 2051251 69624514 27597543648 4981378 0 1191442 0 0 0
1791412879 225, 405, 27, 0x0000000000000000 | 1.13 1.18 1.18 | cpu  317999669 2051251 69624524 27597546922 4981378 0 1191442 0 0 0
1791412880 225, 405, 27, 0x0000000000000000 | 1.12 1.18 1.18 | cpu  317999775 2051251 69624534 27597550189 4981378 0 1191442 0 0 0
1791412881 225, 405, 27, 0x0000000000000000 | 1.12 1.18 1.18 | cpu  317999882 2051251 69624545 27597553454 4981378 0 1191442 0 0 0
1791412882 225, 405, 27, 0x0000000000000000 | 1.12 1.18 1.18 | cpu  317999990 2051251 69624554 27597556714 4981378 0 1191442 0 0 0
1791412883 225, 405, 27, 0x0000000000000000 | 1.12 1.18 1.18 | cpu  318000099 2051251 69624566 27597559980 4981378 0 1191442 0 0 0
1791412884 217, 405, 27, 0x0000000000000000 | 1.12 1.18 1.18 | cpu  318000206 2051251 69624576 27597563246 4981378 0 1191442 0 0 0
1791412885 225, 405, 27, 0x0000000000000000 | 1.11 1.17 1.18 | cpu  318000314 2051251 69624587 27597566504 4981378 0 1191442 0 0 0
1791412887 225, 405, 27, 0x0000000000000000 | 1.11 1.17 1.18 | cpu  318000421 2051251 69624599 27597569774 4981379 0 1191442 0 0 0
1791412888 225, 405, 27, 0x0000000000000000 | 1.11 1.17 1.18 | cpu  318000528 2051251 69624608 27597573032 4981379 0 1191442 0 0 0
1791412889 225, 405, 27, 0x0000000000000000 | 1.11 1.17 1.18 | cpu  318000636 2051251 69624618 27597576302 4981379 0 1191442 0 0 0
1791412890 225, 405, 27, 0x0000000000000000 | 1.11 1.17 1.18 | cpu  318000742 2051251 69624628 27597579565 4981379 0 1191442 0 0 0
1791412891 225, 405, 27, 0x0000000000000000 | 1.10 1.17 1.18 | cpu  318000850 2051251 69624643 27597582820 4981380 0 1191442 0 0 0
1791412892 225, 405, 27, 0x0000000000000000 | 1.10 1.17 1.18 | cpu  318000958 2051251 69624654 27597586080 4981380 0 1191442 0 0 0
1791412893 225, 405, 27, 0x0000000000000000 | 1.10 1.17 1.18 | cpu  318001066 2051251 69624667 27597589342 4981380 0 1191442 0 0 0
1791412894 225, 405, 27, 0x0000000000000000 | 1.10 1.17 1.18 | cpu  318001175 2051251 69624679 27597592601 4981380 0 1191442 0 0 0
1791412895 225, 405, 27, 0x0000000000000000 | 1.09 1.17 1.18 | cpu  318001282 2051251 69624689 27597595864 4981380 0 1191442 0 0 0
1791412896 225, 405, 27, 0x0000000000000000 | 1.09 1.17 1.18 | cpu  318001389 2051251 69624700 27597599119 4981380 0 1191442 0 0 0
1791412897 225, 405, 27, 0x0000000000000000 | 1.09 1.17 1.18 | cpu  318001496 2051251 69624711 27597602385 4981380 0 1191442 0 0 0
1791412898 225, 405, 27, 0x0000000000000000 | 1.09 1.17 1.18 | cpu  318001605 2051251 69624722 27597605638 4981380 0 1191442 0 0 0
1791412899 225, 405, 27, 0x0000000000000000 | 1.09 1.17 1.18 | cpu  318001712 2051251 69624734 27597608897 4981381 0 1191442 0 0 0
1791412900 225, 405, 27, 0x0000000000000000 | 1.09 1.16 1.18 | cpu  318001819 2051251 69624745 27597612159 4981382 0 1191442 0 0 0
1791412901 225, 405, 27, 0x0000000000000000 | 1.09 1.16 1.18 | cpu  318001926 2051251 69624755 27597615419 4981382 0 1191442 0 0 0
1791412902 225, 405, 27, 0x0000000000000000 | 1.09 1.16 1.18 | cpu  318002034 2051251 69624765 27597618686 4981382 0 1191442 0 0 0
1791412903 225, 405, 27, 0x0000000000000000 | 1.09 1.16 1.18 | cpu  318002141 2051251 69624775 27597621950 4981382 0 1191442 0 0 0
1791412904 225, 405, 27, 0x0000000000000000 | 1.09 1.16 1.18 | cpu  318002248 2051251 69624785 27597625209 4981382 0 1191442 0 0 0
1791412906 225, 405, 27, 0x0000000000000000 | 1.08 1.16 1.17 | cpu  318002356 2051251 69624797 27597628474 4981383 0 1191442 0 0 0
1791412907 225, 405, 27, 0x0000000000000000 | 1.08 1.16 1.17 | cpu  318002463 2051251 69624807 27597631731 4981383 0 1191442 0 0 0
1791412908 225, 405, 27, 0x0000000000000000 | 1.08 1.16 1.17 | cpu  318002570 2051251 69624816 27597634998 4981383 0 1191442 0 0 0
1791412909 225, 405, 27, 0x0000000000000000 | 1.08 1.16 1.17 | cpu  318002676 2051251 69624826 27597638253 4981383 0 1191442 0 0 0
1791412910 225, 405, 27, 0x0000000000000000 | 1.08 1.16 1.17 | cpu  318002783 2051251 69624835 27597641511 4981383 0 1191442 0 0 0
1791412911 225, 405, 27, 0x0000000000000000 | 1.07 1.16 1.17 | cpu  318002890 2051251 69624847 27597644772 4981383 0 1191442 0 0 0
1791412912 225, 405, 27, 0x0000000000000000 | 1.07 1.16 1.17 | cpu  318002997 2051251 69624857 27597648030 4981383 0 1191442 0 0 0
1791412913 225, 405, 27, 0x0000000000000000 | 1.07 1.16 1.17 | cpu  318003104 2051251 69624868 27597651294 4981383 0 1191442 0 0 0
1791412914 225, 405, 27, 0x0000000000000000 | 1.07 1.16 1.17 | cpu  318003211 2051251 69624877 27597654558 4981383 0 1191442 0 0 0
1791412915 225, 405, 27, 0x0000000000000000 | 1.07 1.16 1.17 | cpu  318003318 2051251 69624888 27597657823 4981383 0 1191442 0 0 0
1791412916 225, 405, 27, 0x0000000000000000 | 1.07 1.16 1.17 | cpu  318003425 2051251 69624898 27597661088 4981383 0 1191442 0 0 0
1791412917 225, 405, 27, 0x0000000000000000 | 1.07 1.16 1.17 | cpu  318003536 2051251 69624912 27597664337 4981383 0 1191442 0 0 0
1791412918 225, 405, 27, 0x0000000000000000 | 1.07 1.16 1.17 | cpu  318003646 2051251 69624922 27597667590 4981383 0 1191442 0 0 0
1791412919 217, 405, 27, 0x0000000000000000 | 1.07 1.16 1.17 | cpu  318003754 2051251 69624936 27597670859 4981383 0 1191443 0 0 0
1791412920 225, 405, 27, 0x0000000000000000 | 1.06 1.15 1.17 | cpu  318003865 2051251 69624981 27597674077 4981383 0 1191443 0 0 0
1791412921 225, 405, 27, 0x0000000000000000 | 1.06 1.15 1.17 | cpu  318003975 2051251 69624994 27597677338 4981384 0 1191443 0 0 0
1791412922 225, 405, 27, 0x0000000000000000 | 1.06 1.15 1.17 | cpu  318004083 2051251 69625006 27597680624 4981385 0 1191443 0 0 0
1791412924 225, 405, 27, 0x0000000000000000 | 1.06 1.15 1.17 | cpu  318004189 2051251 69625016 27597683880 4981385 0 1191443 0 0 0
1791412925 225, 405, 27, 0x0000000000000000 | 1.06 1.15 1.17 | cpu  318004297 2051251 69625027 27597687156 4981385 0 1191443 0 0 0
1791412926 225, 405, 27, 0x0000000000000000 | 1.06 1.15 1.17 | cpu  318004404 2051251 69625036 27597690417 4981385 0 1191443 0 0 0
1791412927 225, 405, 27, 0x0000000000000000 | 1.06 1.15 1.17 | cpu  318004512 2051251 69625048 27597693694 4981385 0 1191443 0 0 0
1791412928 225, 405, 27, 0x0000000000000000 | 1.06 1.15 1.17 | cpu  318004619 2051251 69625057 27597696956 4981385 0 1191443 0 0 0
1791412929 225, 405, 27, 0x0000000000000000 | 1.06 1.15 1.17 | cpu  318004727 2051251 69625070 27597700228 4981385 0 1191443 0 0 0
1791412930 225, 405, 27, 0x0000000000000000 | 1.06 1.15 1.17 | cpu  318004834 2051251 69625079 27597703492 4981385 0 1191443 0 0 0
1791412931 225, 405, 27, 0x0000000000000000 | 1.13 1.16 1.18 | cpu  318004941 2051251 69625090 27597706752 4981385 0 1191443 0 0 0
1791412932 225, 405, 27, 0x0000000000000000 | 1.13 1.16 1.18 | cpu  318005048 2051251 69625101 27597710016 4981385 0 1191443 0 0 0
1791412933 225, 405, 27, 0x0000000000000000 | 1.13 1.16 1.18 | cpu  318005155 2051251 69625111 27597713279 4981385 0 1191443 0 0 0
1791412934 225, 405, 27, 0x0000000000000000 | 1.13 1.16 1.18 | cpu  318005267 2051251 69625125 27597716536 4981385 0 1191443 0 0 0
1791412935 225, 405, 27, 0x0000000000000000 | 1.12 1.16 1.17 | cpu  318005389 2051251 69625162 27597719752 4981385 0 1191443 0 0 0
1791412936 217, 405, 27, 0x0000000000000000 | 1.12 1.16 1.17 | cpu  318005496 2051251 69625173 27597723012 4981385 0 1191443 0 0 0
1791412937 225, 405, 27, 0x0000000000000000 | 1.12 1.16 1.17 | cpu  318005608 2051251 69625189 27597726265 4981385 0 1191443 0 0 0
1791412938 225, 405, 27, 0x0000000000000000 | 1.12 1.16 1.17 | cpu  318005715 2051251 69625201 27597729526 4981386 0 1191443 0 0 0
1791412939 225, 405, 27, 0x0000000000000000 | 1.12 1.16 1.17 | cpu  318005822 2051251 69625211 27597732784 4981386 0 1191443 0 0 0
1791412940 225, 405, 27, 0x0000000000000000 | 1.11 1.16 1.17 | cpu  318005929 2051251 69625225 27597736043 4981386 0 1191443 0 0 0
1791412942 225, 405, 27, 0x0000000000000000 | 1.11 1.16 1.17 | cpu  318006037 2051251 69625237 27597739306 4981387 0 1191443 0 0 0
1791412943 225, 405, 27, 0x0000000000000000 | 1.11 1.16 1.17 | cpu  318006146 2051251 69625249 27597742565 4981388 0 1191443 0 0 0
1791412944 225, 405, 27, 0x0000000000000000 | 1.11 1.16 1.17 | cpu  318006253 2051251 69625260 27597745825 4981388 0 1191443 0 0 0
1791412945 225, 405, 27, 0x0000000000000000 | 1.11 1.16 1.17 | cpu  318006360 2051251 69625271 27597749094 4981388 0 1191443 0 0 0
1791412946 225, 405, 27, 0x0000000000000000 | 1.10 1.16 1.17 | cpu  318006467 2051251 69625280 27597752358 4981388 0 1191443 0 0 0
1791412947 225, 405, 27, 0x0000000000000000 | 1.10 1.16 1.17 | cpu  318006574 2051251 69625291 27597755612 4981388 0 1191443 0 0 0
1791412948 225, 405, 27, 0x0000000000000000 | 1.10 1.16 1.17 | cpu  318006682 2051251 69625302 27597758895 4981388 0 1191443 0 0 0
1791412949 225, 405, 27, 0x0000000000000000 | 1.10 1.16 1.17 | cpu  318006789 2051251 69625312 27597762160 4981388 0 1191443 0 0 0
1791412950 225, 405, 27, 0x0000000000000000 | 1.09 1.15 1.17 | cpu  318006925 2051251 69625339 27597765371 4981388 0 1191443 0 0 0
1791412951 225, 405, 27, 0x0000000000000000 | 1.09 1.15 1.17 | cpu  318007034 2051251 69625352 27597768631 4981388 0 1191443 0 0 0
1791412952 225, 405, 27, 0x0000000000000000 | 1.09 1.15 1.17 | cpu  318007140 2051251 69625361 27597771896 4981388 0 1191443 0 0 0
1791412953 225, 405, 27, 0x0000000000000000 | 1.09 1.15 1.17 | cpu  318007263 2051251 69625392 27597775096 4981412 0 1191443 0 0 0
1791412954 225, 405, 27, 0x0000000000000000 | 1.09 1.15 1.17 | cpu  318007371 2051251 69625404 27597778354 4981413 0 1191443 0 0 0
1791412955 225, 405, 27, 0x0000000000000000 | 1.09 1.15 1.17 | cpu  318007479 2051251 69625415 27597781615 4981414 0 1191443 0 0 0
1791412956 225, 405, 27, 0x0000000000000000 | 1.09 1.15 1.17 | cpu  318007586 2051251 69625424 27597784875 4981415 0 1191443 0 0 0
1791412957 225, 405, 27, 0x0000000000000000 | 1.09 1.15 1.17 | cpu  318007694 2051251 69625438 27597788140 4981415 0 1191443 0 0 0
1791412958 225, 405, 27, 0x0000000000000000 | 1.09 1.15 1.17 | cpu  318007801 2051251 69625449 27597791402 4981415 0 1191443 0 0 0
1791412959 225, 405, 27, 0x0000000000000000 | 1.09 1.15 1.17 | cpu  318007908 2051251 69625457 27597794664 4981416 0 1191443 0 0 0
1791412961 225, 405, 27, 0x0000000000000000 | 1.08 1.15 1.17 | cpu  318008016 2051251 69625468 27597797929 4981416 0 1191443 0 0 0
1791412962 225, 405, 27, 0x0000000000000000 | 1.08 1.15 1.17 | cpu  318008123 2051251 69625476 27597801188 4981418 0 1191443 0 0 0
1791412963 225, 405, 27, 0x0000000000000000 | 1.08 1.15 1.17 | cpu  318008231 2051251 69625489 27597804441 4981418 0 1191443 0 0 0
1791412964 225, 405, 27, 0x0000000000000000 | 1.08 1.15 1.17 | cpu  318008338 2051251 69625502 27597807716 4981419 0 1191443 0 0 0
1791412965 225, 405, 27, 0x0000000000000000 | 1.08 1.15 1.17 | cpu  318008444 2051251 69625511 27597810974 4981419 0 1191443 0 0 0
1791412966 225, 405, 27, 0x0000000000000000 | 1.07 1.14 1.17 | cpu  318008552 2051251 69625523 27597814249 4981419 0 1191443 0 0 0
1791412967 225, 405, 27, 0x0000000000000000 | 1.07 1.14 1.17 | cpu  318008659 2051251 69625533 27597817514 4981420 0 1191443 0 0 0
1791412968 225, 405, 27, 0x0000000000000000 | 1.07 1.14 1.17 | cpu  318008767 2051251 69625544 27597820777 4981420 0 1191443 0 0 0
1791412969 225, 405, 27, 0x0000000000000000 | 1.07 1.14 1.17 | cpu  318008875 2051251 69625555 27597824059 4981420 0 1191443 0 0 0
1791412970 217, 405, 27, 0x0000000000000000 | 1.07 1.14 1.17 | cpu  318008983 2051251 69625564 27597827323 4981421 0 1191443 0 0 0
1791412971 225, 405, 27, 0x0000000000000000 | 1.07 1.14 1.17 | cpu  318009091 2051251 69625576 27597830604 4981421 0 1191443 0 0 0
1791412972 225, 405, 27, 0x0000000000000000 | 1.07 1.14 1.17 | cpu  318009197 2051251 69625587 27597833864 4981421 0 1191443 0 0 0
1791412973 225, 405, 27, 0x0000000000000000 | 1.07 1.14 1.17 | cpu  318009303 2051251 69625598 27597837122 4981421 0 1191443 0 0 0
1791412974 225, 405, 27, 0x0000000000000000 | 1.07 1.14 1.17 | cpu  318009412 2051251 69625609 27597840381 4981421 0 1191443 0 0 0
1791412975 225, 405, 27, 0x0000000000000000 | 1.06 1.14 1.17 | cpu  318009519 2051251 69625620 27597843636 4981421 0 1191443 0 0 0
1791412976 225, 405, 27, 0x0000000000000000 | 1.06 1.14 1.17 | cpu  318009627 2051251 69625631 27597846916 4981421 0 1191443 0 0 0
1791412977 225, 405, 27, 0x0000000000000000 | 1.06 1.14 1.17 | cpu  318009733 2051251 69625640 27597850176 4981421 0 1191443 0 0 0
1791412979 225, 405, 27, 0x0000000000000000 | 1.06 1.14 1.17 | cpu  318009841 2051251 69625651 27597853434 4981421 0 1191443 0 0 0
1791412980 225, 405, 27, 0x0000000000000000 | 1.06 1.14 1.17 | cpu  318009948 2051251 69625662 27597856692 4981421 0 1191443 0 0 0
1791412981 225, 405, 27, 0x0000000000000000 | 1.06 1.14 1.17 | cpu  318010055 2051251 69625672 27597859952 4981421 0 1191443 0 0 0
1791412982 225, 405, 27, 0x0000000000000000 | 1.06 1.14 1.17 | cpu  318010164 2051251 69625683 27597863202 4981421 0 1191443 0 0 0
1791412983 225, 405, 27, 0x0000000000000000 | 1.06 1.14 1.17 | cpu  318010274 2051251 69625695 27597866475 4981421 0 1191443 0 0 0
1791412984 225, 405, 27, 0x0000000000000000 | 1.06 1.14 1.17 | cpu  318010385 2051251 69625740 27597869696 4981421 0 1191443 0 0 0
1791412985 225, 405, 27, 0x0000000000000000 | 1.06 1.14 1.17 | cpu  318010493 2051251 69625752 27597872956 4981421 0 1191443 0 0 0
1791412986 225, 405, 27, 0x0000000000000000 | 1.05 1.13 1.16 | cpu  318010600 2051251 69625764 27597876215 4981421 0 1191443 0 0 0
1791412987 225, 405, 27, 0x0000000000000000 | 1.05 1.13 1.16 | cpu  318010707 2051251 69625776 27597879474 4981422 0 1191443 0 0 0
1791412988 225, 405, 27, 0x0000000000000000 | 1.05 1.13 1.16 | cpu  318010814 2051251 69625787 27597882749 4981422 0 1191443 0 0 0
1791412989 225, 405, 27, 0x0000000000000000 | 1.05 1.13 1.16 | cpu  318010921 2051251 69625796 27597886013 4981422 0 1191443 0 0 0
1791412990 225, 405, 27, 0x0000000000000000 | 1.05 1.13 1.16 | cpu  318011028 2051251 69625808 27597889275 4981422 0 1191443 0 0 0
1791412991 225, 405, 27, 0x0000000000000000 | 1.05 1.13 1.16 | cpu  318011135 2051251 69625819 27597892539 4981422 0 1191443 0 0 0
1791412992 225, 405, 27, 0x0000000000000000 | 1.05 1.13 1.16 | cpu  318011243 2051251 69625833 27597895794 4981422 0 1191443 0 0 0
1791412993 225, 405, 27, 0x0000000000000000 | 1.05 1.13 1.16 | cpu  318011351 2051251 69625842 27597899069 4981422 0 1191443 0 0 0
1791412994 225, 405, 27, 0x0000000000000000 | 1.05 1.13 1.16 | cpu  318011458 2051251 69625854 27597902339 4981422 0 1191443 0 0 0
1791412995 225, 405, 27, 0x0000000000000000 | 1.04 1.13 1.16 | cpu  318011565 2051251 69625864 27597905609 4981422 0 1191443 0 0 0
1791412997 225, 405, 27, 0x0000000000000000 | 1.04 1.13 1.16 | cpu  318011673 2051251 69625874 27597908867 4981423 0 1191443 0 0 0
1791412998 225, 405, 27, 0x0000000000000000 | 1.04 1.13 1.16 | cpu  318011781 2051251 69625888 27597912127 4981424 0 1191443 0 0 0
1791412999 225, 405, 27, 0x0000000000000000 | 1.04 1.13 1.16 | cpu  318011889 2051251 69625897 27597915392 4981424 0 1191443 0 0 0
1791413000 225, 405, 27, 0x0000000000000000 | 1.04 1.13 1.16 | cpu  318011996 2051251 69625908 27597918653 4981424 0 1191443 0 0 0
1791413001 225, 405, 27, 0x0000000000000000 | 1.12 1.14 1.17 | cpu  318012103 2051251 69625918 27597921923 4981424 0 1191443 0 0 0
1791413002 225, 405, 27, 0x0000000000000000 | 1.12 1.14 1.17 | cpu  318012210 2051251 69625929 27597925178 4981424 0 1191443 0 0 0
1791413003 225, 405, 27, 0x0000000000000000 | 1.12 1.14 1.17 | cpu  318012317 2051251 69625939 27597928436 4981425 0 1191443 0 0 0
1791413004 225, 405, 27, 0x0000000000000000 | 1.12 1.14 1.17 | cpu  318012424 2051251 69625950 27597931699 4981425 0 1191443 0 0 0
1791413005 225, 405, 27, 0x0000000000000000 | 1.11 1.14 1.17 | cpu  318012531 2051251 69625959 27597934960 4981425 0 1191443 0 0 0
1791413006 225, 405, 27, 0x0000000000000000 | 1.11 1.14 1.17 | cpu  318012641 2051251 69625971 27597938218 4981425 0 1191443 0 0 0
1791413007 225, 405, 27, 0x0000000000000000 | 1.11 1.14 1.17 | cpu  318012748 2051251 69625982 27597941477 4981425 0 1191443 0 0 0
1791413008 225, 405, 27, 0x0000000000000000 | 1.11 1.14 1.17 | cpu  318012858 2051251 69625995 27597944748 4981425 0 1191443 0 0 0
1791413009 225, 405, 27, 0x0000000000000000 | 1.11 1.14 1.17 | cpu  318012964 2051251 69626004 27597948004 4981425 0 1191443 0 0 0
1791413010 225, 405, 27, 0x0000000000000000 | 1.10 1.14 1.17 | cpu  318013071 2051251 69626015 27597951262 4981425 0 1191443 0 0 0
1791413011 225, 405, 27, 0x0000000000000000 | 1.10 1.14 1.17 | cpu  318013177 2051251 69626025 27597954521 4981425 0 1191443 0 0 0
1791413012 225, 405, 27, 0x0000000000000000 | 1.10 1.14 1.17 | cpu  318013284 2051251 69626036 27597957788 4981425 0 1191443 0 0 0
1791413013 225, 405, 27, 0x0000000000000000 | 1.10 1.14 1.17 | cpu  318013391 2051251 69626047 27597961045 4981425 0 1191443 0 0 0
1791413014 225, 405, 27, 0x0000000000000000 | 1.10 1.14 1.17 | cpu  318013502 2051251 69626067 27597964302 4981425 0 1191443 0 0 0
1791413016 225, 405, 27, 0x0000000000000000 | 1.09 1.14 1.16 | cpu  318013609 2051251 69626077 27597967565 4981425 0 1191443 0 0 0
1791413017 225, 405, 27, 0x0000000000000000 | 1.09 1.14 1.16 | cpu  318013717 2051251 69626087 27597970821 4981425 0 1191443 0 0 0
1791413018 225, 405, 27, 0x0000000000000000 | 1.09 1.14 1.16 | cpu  318013825 2051251 69626100 27597974079 4981425 0 1191443 0 0 0
1791413019 225, 405, 27, 0x0000000000000000 | 1.09 1.14 1.16 | cpu  318013933 2051251 69626109 27597977344 4981426 0 1191443 0 0 0
1791413020 375, 13801, 27, 0x0000000000000000 | 1.09 1.14 1.16 | cpu  318014014 2051251 69626125 27597980590 4981449 0 1191443 0 0 0
1791413021 2917, 13801, 34, 0x0000000000000000 | 1.08 1.13 1.16 | cpu  318014113 2051251 69626136 27597983845 4981457 0 1191443 0 0 0
1791413022 2925, 13801, 37, 0x0000000000000000 | 1.08 1.13 1.16 | cpu  318014221 2051251 69626150 27597987085 4981458 0 1191443 0 0 0
1791413023 2925, 13801, 39, 0x0000000000000000 | 1.08 1.13 1.16 | cpu  318014328 2051251 69626160 27597990343 4981458 0 1191443 0 0 0
1791413024 2932, 13801, 38, 0x0000000000000000 | 1.08 1.13 1.16 | cpu  318014434 2051251 69626170 27597993586 4981459 0 1191443 0 0 0
1791413025 2932, 13801, 38, 0x0000000000000000 | 1.08 1.13 1.16 | cpu  318014538 2051251 69626182 27597996819 4981460 0 1191443 0 0 0
1791413026 2925, 13801, 40, 0x0000000000000000 | 1.08 1.13 1.16 | cpu  318014646 2051251 69626194 27598000085 4981460 0 1191443 0 0 0
1791413027 2932, 13801, 40, 0x0000000000000000 | 1.08 1.13 1.16 | cpu  318014753 2051251 69626205 27598003344 4981461 0 1191443 0 0 0
1791413028 2932, 13801, 40, 0x0000000000000000 | 1.08 1.13 1.16 | cpu  318014861 2051251 69626215 27598006595 4981462 0 1191443 0 0 0
1791413029 2925, 13801, 40, 0x0000000000000000 | 1.08 1.13 1.16 | cpu  318014968 2051251 69626230 27598009847 4981464 0 1191443 0 0 0
1791413030 2932, 13801, 40, 0x0000000000000000 | 1.07 1.13 1.16 | cpu  318015081 2051251 69626245 27598013097 4981464 0 1191443 0 0 0
1791413031 2932, 13801, 40, 0x0000000000000000 | 1.07 1.13 1.16 | cpu  318015199 2051251 69626282 27598016318 4981465 0 1191443 0 0 0
1791413032 2932, 13801, 41, 0x0000000000000000 | 1.07 1.13 1.16 | cpu  318015307 2051251 69626293 27598019567 4981465 0 1191443 0 0 0
1791413033 2932, 13801, 40, 0x0000000000000000 | 1.07 1.13 1.16 | cpu  318015413 2051251 69626305 27598022814 4981466 0 1191443 0 0 0
1791413035 2925, 13801, 41, 0x0000000000000000 | 1.07 1.13 1.16 | cpu  318015520 2051251 69626316 27598026067 4981467 0 1191443 0 0 0
1791413036 2932, 13801, 41, 0x0000000000000000 | 1.07 1.13 1.16 | cpu  318015627 2051251 69626325 27598029321 4981467 0 1191443 0 0 0
1791413037 2932, 13801, 40, 0x0000000000000000 | 1.07 1.13 1.16 | cpu  318015733 2051251 69626337 27598032568 4981467 0 1191443 0 0 0
1791413038 2925, 13801, 42, 0x0000000000000000 | 1.07 1.13 1.16 | cpu  318015839 2051251 69626348 27598035816 4981467 0 1191443 0 0 0
1791413039 2932, 13801, 42, 0x0000000000000000 | 1.07 1.13 1.16 | cpu  318015945 2051251 69626359 27598039069 4981468 0 1191443 0 0 0
1791413040 2932, 13801, 42, 0x0000000000000000 | 1.07 1.13 1.16 | cpu  318016052 2051251 69626370 27598042331 4981468 0 1191443 0 0 0
1791413041 2925, 13801, 42, 0x0000000000000000 | 1.06 1.12 1.16 | cpu  318016159 2051251 69626381 27598045573 4981468 0 1191443 0 0 0
1791413042 2932, 13801, 42, 0x0000000000000000 | 1.06 1.12 1.16 | cpu  318016266 2051251 69626392 27598048817 4981468 0 1191443 0 0 0
1791413043 2925, 13801, 43, 0x0000000000000000 | 1.06 1.12 1.16 | cpu  318016376 2051251 69626406 27598052075 4981468 0 1191443 0 0 0
1791413044 2932, 13801, 43, 0x0000000000000000 | 1.06 1.12 1.16 | cpu  318016484 2051251 69626416 27598055325 4981468 0 1191443 0 0 0
1791413045 2932, 13801, 43, 0x0000000000000000 | 1.06 1.12 1.16 | cpu  318016592 2051251 69626428 27598058572 4981468 0 1191443 0 0 0
1791413046 2925, 13801, 43, 0x0000000000000000 | 1.06 1.12 1.16 | cpu  318016703 2051251 69626441 27598061811 4981468 0 1191443 0 0 0
1791413047 2925, 13801, 42, 0x0000000000000000 | 1.06 1.12 1.16 | cpu  318016831 2051251 69626519 27598064984 4981471 0 1191443 0 0 0
1791413048 2925, 13801, 43, 0x0000000000000000 | 1.06 1.12 1.16 | cpu  318016937 2051251 69626529 27598068231 4981471 0 1191443 0 0 0
1791413049 2917, 13801, 43, 0x0000000000000000 | 1.06 1.12 1.16 | cpu  318017045 2051251 69626540 27598071479 4981471 0 1191443 0 0 0
1791413050 2925, 13801, 45, 0x0000000000000000 | 1.05 1.12 1.16 | cpu  318017152 2051251 69626550 27598074732 4981471 0 1191443 0 0 0
1791413051 2925, 13801, 44, 0x0000000000000000 | 1.05 1.12 1.16 | cpu  318017259 2051251 69626562 27598077990 4981471 0 1191443 0 0 0
1791413052 2925, 13801, 45, 0x0000000000000000 | 1.05 1.12 1.16 | cpu  318017367 2051251 69626573 27598081244 4981472 0 1191443 0 0 0
1791413053 2917, 13801, 45, 0x0000000000000000 | 1.05 1.12 1.16 | cpu  318017473 2051251 69626585 27598084494 4981472 0 1191443 0 0 0
1791413055 2917, 13801, 45, 0x0000000000000000 | 1.05 1.12 1.16 | cpu  318017582 2051251 69626597 27598087747 4981472 0 1191443 0 0 0
1791413056 2917, 13801, 45, 0x0000000000000000 | 1.13 1.13 1.16 | cpu  318017688 2051251 69626608 27598091006 4981472 0 1191443 0 0 0
1791413057 2917, 13801, 44, 0x0000000000000000 | 1.13 1.13 1.16 | cpu  318017796 2051251 69626618 27598094259 4981473 0 1191443 0 0 0
1791413058 2917, 13801, 46, 0x0000000000000000 | 1.13 1.13 1.16 | cpu  318017902 2051251 69626629 27598097509 4981474 0 1191443 0 0 0
1791413059 2917, 13801, 45, 0x0000000000000000 | 1.13 1.13 1.16 | cpu  318018009 2051251 69626640 27598100757 4981474 0 1191443 0 0 0
1791413060 2917, 13801, 45, 0x0000000000000000 | 1.13 1.13 1.16 | cpu  318018116 2051251 69626652 27598104033 4981474 0 1191443 0 0 0
1791413061 2910, 13801, 46, 0x0000000000000000 | 1.12 1.13 1.16 | cpu  318018223 2051251 69626662 27598107288 4981474 0 1191443 0 0 0
1791413062 2917, 13801, 46, 0x0000000000000000 | 1.12 1.13 1.16 | cpu  318018331 2051251 69626673 27598110539 4981474 0 1191443 0 0 0
1791413063 2917, 13801, 46, 0x0000000000000000 | 1.12 1.13 1.16 | cpu  318018438 2051251 69626685 27598113789 4981474 0 1191443 0 0 0
1791413064 2917, 13801, 46, 0x0000000000000000 | 1.12 1.13 1.16 | cpu  318018546 2051251 69626696 27598117052 4981474 0 1191443 0 0 0
1791413065 2917, 13801, 46, 0x0000000000000000 | 1.11 1.13 1.16 | cpu  318018652 2051251 69626706 27598120300 4981474 0 1191443 0 0 0
1791413066 2917, 13801, 47, 0x0000000000000000 | 1.11 1.13 1.16 | cpu  318018762 2051251 69626721 27598123546 4981475 0 1191443 0 0 0
1791413067 2917, 13801, 46, 0x0000000000000000 | 1.11 1.13 1.16 | cpu  318018870 2051251 69626733 27598126787 4981475 0 1191443 0 0 0
1791413068 2917, 13801, 48, 0x0000000000000000 | 1.11 1.13 1.16 | cpu  318018978 2051251 69626745 27598130055 4981475 0 1191443 0 0 0
1791413069 2917, 13801, 47, 0x0000000000000000 | 1.11 1.13 1.16 | cpu  318019084 2051251 69626755 27598133299 4981476 0 1191443 0 0 0
1791413070 2917, 13801, 47, 0x0000000000000000 | 1.10 1.13 1.16 | cpu  318019192 2051251 69626766 27598136546 4981476 0 1191443 0 0 0
1791413071 2917, 13801, 47, 0x0000000000000000 | 1.10 1.13 1.16 | cpu  318019299 2051251 69626778 27598139797 4981476 0 1191443 0 0 0
1791413072 2917, 13801, 49, 0x0000000000000000 | 1.10 1.13 1.16 | cpu  318019407 2051251 69626788 27598143052 4981477 0 1191443 0 0 0
1791413074 2917, 13801, 48, 0x0000000000000000 | 1.10 1.13 1.16 | cpu  318019514 2051251 69626798 27598146302 4981477 0 1191443 0 0 0
1791413075 2917, 13801, 48, 0x0000000000000000 | 1.10 1.13 1.16 | cpu  318019622 2051251 69626812 27598149554 4981477 0 1191443 0 0 0
1791413076 2917, 13801, 48, 0x0000000000000000 | 1.17 1.14 1.16 | cpu  318019729 2051251 69626822 27598152795 4981477 0 1191443 0 0 0
1791413077 2917, 13801, 48, 0x0000000000000000 | 1.17 1.14 1.16 | cpu  318019834 2051251 69626833 27598156049 4981477 0 1191443 0 0 0
1791413078 2917, 13801, 49, 0x0000000000000000 | 1.17 1.14 1.16 | cpu  318019944 2051251 69626845 27598159300 4981478 0 1191443 0 0 0
1791413079 2917, 13801, 49, 0x0000000000000000 | 1.17 1.14 1.16 | cpu  318020051 2051251 69626856 27598162540 4981479 0 1191443 0 0 0
1791413080 2917, 13801, 50, 0x0000000000000000 | 1.17 1.14 1.16 | cpu  318020158 2051251 69626866 27598165791 4981479 0 1191443 0 0 0
1791413081 2917, 13801, 50, 0x0000000000000000 | 1.16 1.14 1.16 | cpu  318020266 2051251 69626878 27598169035 4981480 0 1191443 0 0 0
1791413082 2917, 13801, 50, 0x0000000000000000 | 1.16 1.14 1.16 | cpu  318020373 2051251 69626889 27598172286 4981480 0 1191443 0 0 0
1791413083 2917, 13801, 49, 0x0000000000000000 | 1.16 1.14 1.16 | cpu  318020479 2051251 69626900 27598175529 4981481 0 1191443 0 0 0
1791413084 2917, 13801, 49, 0x0000000000000000 | 1.16 1.14 1.16 | cpu  318020587 2051251 69626912 27598178789 4981481 0 1191443 0 0 0
1791413085 2917, 13801, 51, 0x0000000000000000 | 1.14 1.14 1.16 | cpu  318020694 2051251 69626922 27598182037 4981481 0 1191443 0 0 0
1791413086 2925, 13801, 50, 0x0000000000000000 | 1.14 1.14 1.16 | cpu  318020800 2051251 69626932 27598185279 4981481 0 1191443 0 0 0
1791413087 2917, 13801, 51, 0x0000000000000000 | 1.14 1.14 1.16 | cpu  318020911 2051251 69626944 27598188521 4981481 0 1191443 0 0 0
1791413088 2925, 13801, 51, 0x0000000000000000 | 1.14 1.14 1.16 | cpu  318021018 2051251 69626955 27598191776 4981481 0 1191443 0 0 0
1791413089 2917, 13801, 52, 0x0000000000000000 | 1.14 1.14 1.16 | cpu  318021126 2051251 69626966 27598195016 4981482 0 1191443 0 0 0
1791413090 2917, 13801, 52, 0x0000000000000000 | 1.13 1.13 1.16 | cpu  318021233 2051251 69626978 27598198264 4981483 0 1191443 0 0 0
1791413091 2925, 13801, 51, 0x0000000000000000 | 1.13 1.13 1.16 | cpu  318021343 2051251 69626999 27598201501 4981483 0 1191443 0 0 0
1791413092 2917, 13801, 52, 0x0000000000000000 | 1.13 1.13 1.16 | cpu  318021452 2051251 69627011 27598204745 4981483 0 1191443 0 0 0
1791413094 2925, 13801, 52, 0x0000000000000000 | 1.13 1.13 1.16 | cpu  318021560 2051251 69627022 27598208005 4981483 0 1191443 0 0 0
1791413095 2917, 13801, 53, 0x0000000000000000 | 1.13 1.13 1.16 | cpu  318021668 2051251 69627032 27598211257 4981483 0 1191443 0 0 0
1791413096 2917, 13801, 51, 0x0000000000000000 | 1.12 1.13 1.16 | cpu  318021775 2051251 69627043 27598214506 4981483 0 1191443 0 0 0
1791413097 2925, 13801, 52, 0x0000000000000000 | 1.12 1.13 1.16 | cpu  318021881 2051251 69627056 27598217753 4981484 0 1191443 0 0 0
1791413098 2925, 13801, 51, 0x0000000000000000 | 1.12 1.13 1.16 | cpu  318021988 2051251 69627066 27598221004 4981484 0 1191443 0 0 0
1791413099 2917, 13801, 52, 0x0000000000000000 | 1.12 1.13 1.16 | cpu  318022095 2051251 69627077 27598224248 4981484 0 1191443 0 0 0
1791413100 2925, 13801, 51, 0x0000000000000000 | 1.12 1.13 1.16 | cpu  318022203 2051251 69627088 27598227502 4981484 0 1191443 0 0 0
1791413101 2910, 13801, 53, 0x0000000000000000 | 1.11 1.13 1.16 | cpu  318022311 2051251 69627100 27598230757 4981484 0 1191443 0 0 0
1791413102 2917, 13801, 52, 0x0000000000000000 | 1.11 1.13 1.16 | cpu  318022432 2051251 69627122 27598233979 4981485 0 1191443 0 0 0
1791413103 2917, 13801, 52, 0x0000000000000000 | 1.11 1.13 1.16 | cpu  318022538 2051251 69627134 27598237226 4981485 0 1191443 0 0 0
1791413104 2910, 13801, 56, 0x0000000000000000 | 1.11 1.13 1.16 | cpu  318022645 2051251 69627145 27598240466 4981485 0 1191443 0 0 0
1791413105 2917, 13801, 53, 0x0000000000000000 | 1.10 1.13 1.16 | cpu  318022752 2051251 69627156 27598243723 4981485 0 1191443 0 0 0
1791413106 2917, 13801, 54, 0x0000000000000000 | 1.10 1.13 1.16 | cpu  318022860 2051251 69627166 27598246973 4981485 0 1191443 0 0 0
1791413107 2910, 13801, 53, 0x0000000000000000 | 1.10 1.13 1.16 | cpu  318022967 2051251 69627178 27598250216 4981485 0 1191443 0 0 0
1791413108 2910, 13801, 53, 0x0000000000000000 | 1.10 1.13 1.16 | cpu  318023074 2051251 69627190 27598253453 4981485 0 1191443 0 0 0
1791413109 2910, 13801, 53, 0x0000000000000000 | 1.10 1.13 1.16 | cpu  318023186 2051251 69627207 27598256696 4981485 0 1191443 0 0 0
1791413110 2910, 13801, 54, 0x0000000000000000 | 1.25 1.16 1.17 | cpu  318023302 2051251 69627257 27598259895 4981485 0 1191443 0 0 0
1791413111 2917, 13801, 54, 0x0000000000000000 | 1.25 1.16 1.17 | cpu  318023422 2051251 69627291 27598263106 4981485 0 1191443 0 0 0
1791413112 2910, 13801, 55, 0x0000000000000000 | 1.25 1.16 1.17 | cpu  318023528 2051251 69627302 27598266349 4981485 0 1191443 0 0 0
1791413114 2910, 13801, 55, 0x0000000000000000 | 1.25 1.16 1.17 | cpu  318023635 2051251 69627313 27598269604 4981485 0 1191443 0 0 0
1791413115 2910, 13801, 55, 0x0000000000000000 | 1.25 1.16 1.17 | cpu  318023742 2051251 69627322 27598272855 4981486 0 1191443 0 0 0
1791413116 2910, 13801, 55, 0x0000000000000000 | 1.23 1.16 1.17 | cpu  318023849 2051251 69627332 27598276098 4981486 0 1191443 0 0 0
1791413117 2910, 13801, 55, 0x0000000000000000 | 1.23 1.16 1.17 | cpu  318023956 2051251 69627343 27598279345 4981486 0 1191443 0 0 0
1791413118 2910, 13801, 54, 0x0000000000000000 | 1.23 1.16 1.17 | cpu  318024065 2051251 69627356 27598282600 4981486 0 1191443 0 0 0
1791413119 2902, 13801, 57, 0x0000000000000000 | 1.23 1.16 1.17 | cpu  318024172 2051251 69627368 27598285855 4981486 0 1191443 0 0 0
1791413120 2910, 13801, 55, 0x0000000000000000 | 1.23 1.16 1.17 | cpu  318024279 2051251 69627379 27598289104 4981486 0 1191443 0 0 0
1791413121 2910, 13801, 56, 0x0000000000000000 | 1.21 1.15 1.17 | cpu  318024386 2051251 69627391 27598292351 4981487 0 1191443 0 0 0
1791413122 2910, 13801, 56, 0x0000000000000000 | 1.21 1.15 1.17 | cpu  318024494 2051251 69627402 27598295612 4981487 0 1191443 0 0 0
1791413123 2910, 13801, 55, 0x0000000000000000 | 1.21 1.15 1.17 | cpu  318024610 2051251 69627414 27598298855 4981487 0 1191443 0 0 0
1791413124 2910, 13801, 57, 0x0000000000000000 | 1.21 1.15 1.17 | cpu  318024735 2051251 69627436 27598302069 4981487 0 1191443 0 0 0
1791413125 2910, 13801, 56, 0x0000000000000000 | 1.20 1.15 1.17 | cpu  318024843 2051251 69627447 27598305312 4981488 0 1191443 0 0 0
1791413126 2910, 13801, 55, 0x0000000000000000 | 1.20 1.15 1.17 | cpu  318024951 2051251 69627459 27598308562 4981488 0 1191443 0 0 0
1791413127 2910, 13801, 58, 0x0000000000000000 | 1.20 1.15 1.17 | cpu  318025058 2051251 69627470 27598311812 4981489 0 1191443 0 0 0
1791413128 2910, 13801, 56, 0x0000000000000000 | 1.20 1.15 1.17 | cpu  318025164 2051251 69627481 27598315057 4981489 0 1191443 0 0 0
1791413129 2910, 13801, 57, 0x0000000000000000 | 1.20 1.15 1.17 | cpu  318025272 2051251 69627492 27598318313 4981489 0 1191443 0 0 0
1791413130 2902, 13801, 57, 0x0000000000000000 | 1.18 1.15 1.16 | cpu  318025379 2051251 69627501 27598321561 4981489 0 1191443 0 0 0
1791413131 2910, 13801, 57, 0x0000000000000000 | 1.18 1.15 1.16 | cpu  318025485 2051251 69627512 27598324807 4981489 0 1191443 0 0 0
1791413132 2910, 13801, 58, 0x0000000000000000 | 1.18 1.15 1.16 | cpu  318025593 2051251 69627524 27598328065 4981489 0 1191443 0 0 0
1791413134 2910, 13801, 58, 0x0000000000000000 | 1.18 1.15 1.16 | cpu  318025701 2051251 69627535 27598331336 4981489 0 1191443 0 0 0
1791413135 2910, 13801, 58, 0x0000000000000000 | 1.18 1.15 1.16 | cpu  318025809 2051251 69627547 27598334585 4981489 0 1191443 0 0 0
1791413136 2910, 13801, 58, 0x0000000000000000 | 1.17 1.14 1.16 | cpu  318025916 2051251 69627559 27598337832 4981490 0 1191443 0 0 0
1791413137 2910, 13801, 58, 0x0000000000000000 | 1.17 1.14 1.16 | cpu  318026023 2051251 69627571 27598341082 4981490 0 1191443 0 0 0
1791413138 2910, 13801, 58, 0x0000000000000000 | 1.17 1.14 1.16 | cpu  318026130 2051251 69627581 27598344341 4981491 0 1191443 0 0 0
1791413139 2910, 13801, 59, 0x0000000000000000 | 1.17 1.14 1.16 | cpu  318026236 2051251 69627592 27598347596 4981491 0 1191443 0 0 0
1791413140 2910, 13801, 59, 0x0000000000000000 | 1.17 1.14 1.16 | cpu  318026343 2051251 69627607 27598350836 4981491 0 1191443 0 0 0
1791413141 2910, 13801, 59, 0x0000000000000000 | 1.31 1.18 1.17 | cpu  318026450 2051251 69627619 27598354085 4981491 0 1191443 0 0 0
1791413142 2910, 13801, 59, 0x0000000000000000 | 1.31 1.18 1.17 | cpu  318026559 2051251 69627633 27598357333 4981492 0 1191443 0 0 0
1791413143 2910, 13801, 58, 0x0000000000000000 | 1.31 1.18 1.17 | cpu  318026665 2051251 69627642 27598360577 4981493 0 1191443 0 0 0
1791413144 2910, 13801, 60, 0x0000000000000000 | 1.31 1.18 1.17 | cpu  318026772 2051251 69627653 27598363827 4981493 0 1191443 0 0 0
1791413145 2910, 13801, 59, 0x0000000000000000 | 1.29 1.17 1.17 | cpu  318026879 2051251 69627663 27598367073 4981493 0 1191443 0 0 0
1791413146 2910, 13801, 58, 0x0000000000000000 | 1.29 1.17 1.17 | cpu  318026989 2051251 69627679 27598370329 4981493 0 1191443 0 0 0
1791413147 2910, 13801, 59, 0x0000000000000000 | 1.29 1.17 1.17 | cpu  318027096 2051251 69627689 27598373580 4981493 0 1191443 0 0 0
1791413148 2910, 13801, 60, 0x0000000000000000 | 1.29 1.17 1.17 | cpu  318027203 2051251 69627701 27598376825 4981494 0 1191443 0 0 0
1791413149 2910, 13801, 58, 0x0000000000000000 | 1.29 1.17 1.17 | cpu  318027310 2051251 69627712 27598380073 4981494 0 1191443 0 0 0
1791413150 2910, 13801, 60, 0x0000000000000000 | 1.43 1.20 1.18 | cpu  318027418 2051251 69627723 27598383337 4981494 0 1191443 0 0 0
1791413151 2910, 13801, 59, 0x0000000000000000 | 1.43 1.20 1.18 | cpu  318027525 2051251 69627733 27598386589 4981494 0 1191444 0 0 0
1791413153 2910, 13801, 60, 0x0000000000000000 | 1.43 1.20 1.18 | cpu  318027632 2051251 69627744 27598389835 4981494 0 1191444 0 0 0
1791413154 2910, 13801, 60, 0x0000000000000000 | 1.43 1.20 1.18 | cpu  318027740 2051251 69627758 27598393084 4981494 0 1191444 0 0 0
1791413155 2910, 13801, 60, 0x0000000000000000 | 1.43 1.20 1.18 | cpu  318027847 2051251 69627768 27598396342 4981494 0 1191444 0 0 0
1791413156 2910, 13801, 60, 0x0000000000000000 | 1.39 1.20 1.18 | cpu  318027954 2051251 69627777 27598399595 4981494 0 1191444 0 0 0
1791413157 2910, 13801, 59, 0x0000000000000000 | 1.39 1.20 1.18 | cpu  318028060 2051251 69627788 27598402836 4981494 0 1191444 0 0 0
1791413158 2910, 13801, 60, 0x0000000000000000 | 1.39 1.20 1.18 | cpu  318028169 2051251 69627801 27598406082 4981495 0 1191444 0 0 0
1791413159 2910, 13801, 61, 0x0000000000000000 | 1.39 1.20 1.18 | cpu  318028277 2051251 69627813 27598409349 4981495 0 1191444 0 0 0
1791413160 2910, 13801, 61, 0x0000000000000000 | 1.39 1.20 1.18 | cpu  318028383 2051251 69627825 27598412599 4981495 0 1191444 0 0 0
1791413161 2910, 13801, 61, 0x0000000000000000 | 1.44 1.21 1.19 | cpu  318028489 2051251 69627836 27598415841 4981495 0 1191444 0 0 0
1791413162 2910, 13801, 60, 0x0000000000000000 | 1.44 1.21 1.19 | cpu  318028596 2051251 69627847 27598419078 4981496 0 1191444 0 0 0
1791413163 2910, 13801, 59, 0x0000000000000000 | 1.44 1.21 1.19 | cpu  318028704 2051251 69627859 27598422346 4981497 0 1191444 0 0 0
1791413164 2910, 13801, 60, 0x0000000000000000 | 1.44 1.21 1.19 | cpu  318028810 2051251 69627869 27598425598 4981497 0 1191444 0 0 0
1791413165 2910, 13801, 60, 0x0000000000000000 | 1.40 1.21 1.18 | cpu  318028917 2051251 69627880 27598428845 4981497 0 1191444 0 0 0
1791413166 2910, 13801, 59, 0x0000000000000000 | 1.40 1.21 1.18 | cpu  318029024 2051251 69627891 27598432088 4981497 0 1191444 0 0 0
1791413167 2910, 13801, 60, 0x0000000000000000 | 1.40 1.21 1.18 | cpu  318029132 2051251 69627904 27598435344 4981497 0 1191444 0 0 0
1791413168 2910, 13801, 60, 0x0000000000000000 | 1.40 1.21 1.18 | cpu  318029239 2051251 69627913 27598438593 4981497 0 1191444 0 0 0
1791413169 2910, 13801, 59, 0x0000000000000000 | 1.40 1.21 1.18 | cpu  318029350 2051251 69627933 27598441824 4981497 0 1191444 0 0 0
1791413170 2910, 13801, 61, 0x0000000000000000 | 1.37 1.21 1.18 | cpu  318029456 2051251 69627944 27598445064 4981497 0 1191444 0 0 0
1791413171 2910, 13801, 59, 0x0000000000000000 | 1.37 1.21 1.18 | cpu  318029565 2051251 69627956 27598448320 4981498 0 1191444 0 0 0
1791413173 2910, 13801, 60, 0x0000000000000000 | 1.37 1.21 1.18 | cpu  318029673 2051251 69627967 27598451568 4981498 0 1191444 0 0 0
1791413174 2910, 13801, 60, 0x0000000000000000 | 1.37 1.21 1.18 | cpu  318029783 2051251 69628014 27598454772 4981498 0 1191444 0 0 0
1791413175 2910, 13801, 60, 0x0000000000000000 | 1.37 1.21 1.18 | cpu  318029890 2051251 69628026 27598458026 4981498 0 1191444 0 0 0
1791413176 2910, 13801, 61, 0x0000000000000000 | 1.34 1.20 1.18 | cpu  318029999 2051251 69628036 27598461282 4981498 0 1191444 0 0 0
1791413177 2910, 13801, 60, 0x0000000000000000 | 1.34 1.20 1.18 | cpu  318030106 2051251 69628045 27598464530 4981498 0 1191444 0 0 0
1791413178 2910, 13801, 61, 0x0000000000000000 | 1.34 1.20 1.18 | cpu  318030212 2051251 69628057 27598467783 4981498 0 1191444 0 0 0
1791413179 2910, 13801, 61, 0x0000000000000000 | 1.34 1.20 1.18 | cpu  318030319 2051251 69628067 27598471034 4981498 0 1191444 0 0 0
1791413180 2910, 13801, 60, 0x0000000000000000 | 1.34 1.20 1.18 | cpu  318030427 2051251 69628079 27598474305 4981499 0 1191444 0 0 0
1791413181 2910, 13801, 61, 0x0000000000000000 | 1.31 1.20 1.18 | cpu  318030535 2051251 69628090 27598477542 4981499 0 1191444 0 0 0
1791413182 2902, 13801, 60, 0x0000000000000000 | 1.31 1.20 1.18 | cpu  318030642 2051251 69628103 27598480794 4981499 0 1191444 0 0 0
1791413183 2910, 13801, 59, 0x0000000000000000 | 1.31 1.20 1.18 | cpu  318030748 2051251 69628114 27598484038 4981499 0 1191444 0 0 0
1791413184 2910, 13801, 61, 0x0000000000000000 | 1.31 1.20 1.18 | cpu  318030856 2051251 69628126 27598487306 4981499 0 1191444 0 0 0
1791413185 2910, 13801, 60, 0x0000000000000000 | 1.29 1.20 1.18 | cpu  318030963 2051251 69628136 27598490557 4981499 0 1191444 0 0 0
1791413186 2910, 13801, 61, 0x0000000000000000 | 1.29 1.20 1.18 | cpu  318031070 2051251 69628147 27598493812 4981499 0 1191444 0 0 0
1791413187 2910, 13801, 61, 0x0000000000000000 | 1.29 1.20 1.18 | cpu  318031177 2051251 69628159 27598497063 4981499 0 1191444 0 0 0
1791413188 2910, 13801, 61, 0x0000000000000000 | 1.29 1.20 1.18 | cpu  318031283 2051251 69628171 27598500316 4981500 0 1191444 0 0 0
1791413189 2910, 13801, 61, 0x0000000000000000 | 1.29 1.20 1.18 | cpu  318031391 2051251 69628180 27598503567 4981500 0 1191444 0 0 0
1791413190 2910, 13801, 63, 0x0000000000000000 | 1.27 1.19 1.18 | cpu  318031505 2051251 69628195 27598506814 4981500 0 1191444 0 0 0
1791413191 2910, 13801, 61, 0x0000000000000000 | 1.27 1.19 1.18 | cpu  318031627 2051251 69628233 27598510018 4981500 0 1191444 0 0 0
1791413193 2910, 13801, 60, 0x0000000000000000 | 1.27 1.19 1.18 | cpu  318031737 2051251 69628249 27598513277 4981500 0 1191444 0 0 0
1791413194 2902, 13801, 60, 0x0000000000000000 | 1.27 1.19 1.18 | cpu  318031843 2051251 69628258 27598516521 4981500 0 1191444 0 0 0
1791413195 2910, 13801, 61, 0x0000000000000000 | 1.27 1.19 1.18 | cpu  318031951 2051251 69628269 27598519774 4981501 0 1191444 0 0 0
1791413196 2910, 13801, 60, 0x0000000000000000 | 1.24 1.19 1.18 | cpu  318032058 2051251 69628281 27598523016 4981501 0 1191444 0 0 0
1791413197 2902, 13801, 62, 0x0000000000000000 | 1.24 1.19 1.18 | cpu  318032165 2051251 69628291 27598526267 4981501 0 1191444 0 0 0
1791413198 2910, 13801, 61, 0x0000000000000000 | 1.24 1.19 1.18 | cpu  318032273 2051251 69628303 27598529512 4981501 0 1191444 0 0 0
1791413199 2910, 13801, 60, 0x0000000000000000 | 1.24 1.19 1.18 | cpu  318032380 2051251 69628314 27598532753 4981501 0 1191444 0 0 0
1791413200 2910, 13801, 60, 0x0000000000000000 | 1.24 1.19 1.18 | cpu  318032487 2051251 69628326 27598536002 4981502 0 1191444 0 0 0
1791413201 2910, 13801, 60, 0x0000000000000000 | 1.22 1.18 1.18 | cpu  318032594 2051251 69628334 27598539252 4981502 0 1191444 0 0 0
1791413202 2910, 13801, 60, 0x0000000000000000 | 1.22 1.18 1.18 | cpu  318032701 2051251 69628345 27598542502 4981502 0 1191444 0 0 0
1791413203 2910, 13801, 60, 0x0000000000000000 | 1.22 1.18 1.18 | cpu  318032810 2051251 69628357 27598545744 4981503 0 1191444 0 0 0
1791413204 2910, 13801, 61, 0x0000000000000000 | 1.22 1.18 1.18 | cpu  318032917 2051251 69628371 27598548999 4981503 0 1191444 0 0 0
1791413205 2902, 13801, 61, 0x0000000000000000 | 1.21 1.18 1.18 | cpu  318033025 2051251 69628381 27598552259 4981503 0 1191444 0 0 0
1791413206 2910, 13801, 60, 0x0000000000000000 | 1.21 1.18 1.18 | cpu  318033132 2051251 69628393 27598555510 4981503 0 1191444 0 0 0
1791413207 2910, 13801, 61, 0x0000000000000000 | 1.21 1.18 1.18 | cpu  318033239 2051251 69628403 27598558756 4981503 0 1191444 0 0 0
1791413208 2902, 13801, 61, 0x0000000000000000 | 1.21 1.18 1.18 | cpu  318033347 2051251 69628415 27598562014 4981503 0 1191444 0 0 0
1791413209 2910, 13801, 61, 0x0000000000000000 | 1.21 1.18 1.18 | cpu  318033454 2051251 69628425 27598565265 4981503 0 1191444 0 0 0
1791413210 2910, 13801, 61, 0x0000000000000000 | 1.19 1.18 1.17 | cpu  318033561 2051251 69628436 27598568517 4981503 0 1191444 0 0 0
1791413212 2910, 13801, 60, 0x0000000000000000 | 1.19 1.18 1.17 | cpu  318033669 2051251 69628446 27598571767 4981503 0 1191444 0 0 0
1791413213 2910, 13801, 60, 0x0000000000000000 | 1.19 1.18 1.17 | cpu  318033775 2051251 69628457 27598575012 4981503 0 1191444 0 0 0
1791413214 2910, 13801, 61, 0x0000000000000000 | 1.19 1.18 1.17 | cpu  318033882 2051251 69628466 27598578261 4981503 0 1191444 0 0 0
1791413215 2910, 13801, 61, 0x0000000000000000 | 1.19 1.18 1.17 | cpu  318033990 2051251 69628479 27598581512 4981503 0 1191444 0 0 0
1791413216 2910, 13801, 61, 0x0000000000000000 | 1.17 1.17 1.17 | cpu  318034097 2051251 69628490 27598584762 4981503 0 1191444 0 0 0
1791413217 2910, 13801, 65, 0x0000000000000000 | 1.17 1.17 1.17 | cpu  318034205 2051251 69628501 27598588026 4981503 0 1191444 0 0 0
1791413218 2910, 13801, 61, 0x0000000000000000 | 1.17 1.17 1.17 | cpu  318034313 2051251 69628513 27598591272 4981503 0 1191444 0 0 0
1791413219 2910, 13801, 59, 0x0000000000000000 | 1.17 1.17 1.17 | cpu  318034420 2051251 69628526 27598594520 4981503 0 1191444 0 0 0
1791413220 2910, 13801, 61, 0x0000000000000000 | 1.17 1.17 1.17 | cpu  318034527 2051251 69628536 27598597771 4981503 0 1191444 0 0 0
1791413221 2910, 13801, 60, 0x0000000000000000 | 1.24 1.19 1.18 | cpu  318034636 2051251 69628548 27598601039 4981504 0 1191444 0 0 0
1791413222 2910, 13801, 60, 0x0000000000000000 | 1.24 1.19 1.18 | cpu  318034743 2051251 69628558 27598604289 4981504 0 1191444 0 0 0
1791413223 2910, 13801, 60, 0x0000000000000000 | 1.24 1.19 1.18 | cpu  318034850 2051251 69628570 27598607530 4981504 0 1191444 0 0 0
1791413224 2910, 13801, 60, 0x0000000000000000 | 1.24 1.19 1.18 | cpu  318034957 2051251 69628581 27598610780 4981504 0 1191444 0 0 0
1791413225 2910, 13801, 61, 0x0000000000000000 | 1.22 1.19 1.18 | cpu  318035065 2051251 69628593 27598614038 4981504 0 1191444 0 0 0
1791413226 2910, 13801, 61, 0x0000000000000000 | 1.22 1.19 1.18 | cpu  318035172 2051251 69628605 27598617279 4981504 0 1191444 0 0 0
1791413227 2910, 13801, 60, 0x0000000000000000 | 1.22 1.19 1.18 | cpu  318035279 2051251 69628617 27598620530 4981505 0 1191444 0 0 0
1791413228 2902, 13801, 63, 0x0000000000000000 | 1.22 1.19 1.18 | cpu  318035385 2051251 69628628 27598623773 4981505 0 1191444 0 0 0
1791413229 2910, 13801, 60, 0x0000000000000000 | 1.22 1.19 1.18 | cpu  318035493 2051251 69628639 27598627039 4981505 0 1191444 0 0 0
1791413230 2910, 13801, 61, 0x0000000000000000 | 1.20 1.18 1.18 | cpu  318035600 2051251 69628648 27598630286 4981505 0 1191444 0 0 0
1791413232 2910, 13801, 61, 0x0000000000000000 | 1.20 1.18 1.18 | cpu  318035706 2051251 69628659 27598633528 4981505 0 1191444 0 0 0
1791413233 2910, 13801, 59, 0x0000000000000000 | 1.20 1.18 1.18 | cpu  318035814 2051251 69628669 27598636771 4981505 0 1191444 0 0 0
1791413234 2910, 13801, 60, 0x0000000000000000 | 1.20 1.18 1.18 | cpu  318035922 2051251 69628681 27598640044 4981505 0 1191444 0 0 0
1791413235 2910, 13801, 61, 0x0000000000000000 | 1.20 1.18 1.18 | cpu  318036031 2051251 69628690 27598643290 4981505 0 1191444 0 0 0
1791413236 2910, 13801, 60, 0x0000000000000000 | 1.19 1.18 1.18 | cpu  318036139 2051251 69628702 27598646533 4981505 0 1191444 0 0 0
1791413237 2910, 13801, 61, 0x0000000000000000 | 1.19 1.18 1.18 | cpu  318036248 2051251 69628742 27598649755 4981505 0 1191444 0 0 0
1791413238 2910, 13801, 61, 0x0000000000000000 | 1.19 1.18 1.18 | cpu  318036357 2051251 69628765 27598652983 4981505 0 1191444 0 0 0
1791413239 2910, 13801, 61, 0x0000000000000000 | 1.19 1.18 1.18 | cpu  318036465 2051251 69628774 27598656240 4981505 0 1191444 0 0 0
1791413240 2910, 13801, 60, 0x0000000000000000 | 1.25 1.19 1.18 | cpu  318036571 2051251 69628786 27598659489 4981505 0 1191444 0 0 0
1791413241 2910, 13801, 60, 0x0000000000000000 | 1.25 1.19 1.18 | cpu  318036681 2051251 69628799 27598662743 4981505 0 1191444 0 0 0
1791413242 2910, 13801, 61, 0x0000000000000000 | 1.25 1.19 1.18 | cpu  318036789 2051251 69628811 27598665994 4981505 0 1191444 0 0 0
1791413243 2910, 13801, 61, 0x0000000000000000 | 1.25 1.19 1.18 | cpu  318036896 2051251 69628822 27598669245 4981506 0 1191444 0 0 0
1791413244 2910, 13801, 61, 0x0000000000000000 | 1.25 1.19 1.18 | cpu  318037003 2051251 69628834 27598672498 4981507 0 1191444 0 0 0
1791413245 2910, 13801, 60, 0x0000000000000000 | 1.23 1.19 1.18 | cpu  318037110 2051251 69628845 27598675751 4981507 0 1191444 0 0 0
1791413246 2910, 13801, 60, 0x0000000000000000 | 1.23 1.19 1.18 | cpu  318037219 2051251 69628862 27598678991 4981507 0 1191444 0 0 0
1791413247 2910, 13801, 60, 0x0000000000000000 | 1.23 1.19 1.18 | cpu  318037327 2051251 69628873 27598682248 4981507 0 1191444 0 0 0
1791413248 2910, 13801, 61, 0x0000000000000000 | 1.23 1.19 1.18 | cpu  318037434 2051251 69628883 27598685492 4981507 0 1191444 0 0 0
1791413249 2910, 13801, 60, 0x0000000000000000 | 1.23 1.19 1.18 | cpu  318037542 2051251 69628896 27598688734 4981507 0 1191444 0 0 0
1791413250 2910, 13801, 60, 0x0000000000000000 | 1.21 1.19 1.18 | cpu  318037649 2051251 69628905 27598691981 4981508 0 1191444 0 0 0
1791413252 2910, 13801, 61, 0x0000000000000000 | 1.21 1.19 1.18 | cpu  318037756 2051251 69628916 27598695231 4981508 0 1191444 0 0 0
1791413253 2910, 13801, 60, 0x0000000000000000 | 1.21 1.19 1.18 | cpu  318037863 2051251 69628927 27598698487 4981509 0 1191444 0 0 0
1791413254 2910, 13801, 61, 0x0000000000000000 | 1.21 1.19 1.18 | cpu  318037971 2051251 69628940 27598701746 4981509 0 1191444 0 0 0
1791413255 2910, 13801, 60, 0x0000000000000000 | 1.21 1.19 1.18 | cpu  318038079 2051251 69628949 27598704999 4981509 0 1191444 0 0 0
1791413256 2910, 13801, 60, 0x0000000000000000 | 1.20 1.18 1.18 | cpu  318038187 2051251 69628960 27598708243 4981510 0 1191444 0 0 0
1791413257 2910, 13801, 60, 0x0000000000000000 | 1.20 1.18 1.18 | cpu  318038294 2051251 69628971 27598711485 4981510 0 1191444 0 0 0
1791413258 2910, 13801, 60, 0x0000000000000000 | 1.20 1.18 1.18 | cpu  318038401 2051251 69628983 27598714741 4981510 0 1191444 0 0 0
1791413259 2910, 13801, 60, 0x0000000000000000 | 1.20 1.18 1.18 | cpu  318038507 2051251 69628993 27598717989 4981510 0 1191444 0 0 0
1791413260 2910, 13801, 60, 0x0000000000000000 | 1.26 1.20 1.18 | cpu  318038614 2051251 69629005 27598721236 4981510 0 1191444 0 0 0
1791413261 2910, 13801, 60, 0x0000000000000000 | 1.26 1.20 1.18 | cpu  318038722 2051251 69629018 27598724479 4981510 0 1191444 0 0 0
1791413262 2910, 13801, 59, 0x0000000000000000 | 1.26 1.20 1.18 | cpu  318038829 2051251 69629029 27598727744 4981510 0 1191444 0 0 0
1791413263 2910, 13801, 60, 0x0000000000000000 | 1.26 1.20 1.18 | cpu  318038937 2051251 69629039 27598730998 4981510 0 1191444 0 0 0
1791413264 2910, 13801, 59, 0x0000000000000000 | 1.26 1.20 1.18 | cpu  318039044 2051251 69629051 27598734248 4981511 0 1191444 0 0 0
1791413265 2910, 13801, 60, 0x0000000000000000 | 1.24 1.19 1.18 | cpu  318039151 2051251 69629062 27598737503 4981511 0 1191444 0 0 0
1791413266 2910, 13801, 59, 0x0000000000000000 | 1.24 1.19 1.18 | cpu  318039258 2051251 69629072 27598740759 4981511 0 1191444 0 0 0
1791413267 2910, 13801, 60, 0x0000000000000000 | 1.24 1.19 1.18 | cpu  318039367 2051251 69629085 27598744001 4981511 0 1191444 0 0 0
1791413268 2902, 13801, 59, 0x0000000000000000 | 1.24 1.19 1.18 | cpu  318039473 2051251 69629097 27598747251 4981511 0 1191444 0 0 0
1791413269 2910, 13801, 60, 0x0000000000000000 | 1.24 1.19 1.18 | cpu  318039580 2051251 69629109 27598750505 4981511 0 1191444 0 0 0
1791413271 2910, 13801, 60, 0x0000000000000000 | 1.22 1.19 1.18 | cpu  318039687 2051251 69629119 27598753752 4981511 0 1191444 0 0 0
1791413272 2902, 13801, 60, 0x0000000000000000 | 1.22 1.19 1.18 | cpu  318039794 2051251 69629130 27598756993 4981511 0 1191444 0 0 0
1791413273 2910, 13801, 60, 0x0000000000000000 | 1.22 1.19 1.18 | cpu  318039902 2051251 69629144 27598760238 4981511 0 1191444 0 0 0
1791413274 2910, 13801, 59, 0x0000000000000000 | 1.22 1.19 1.18 | cpu  318040008 2051251 69629156 27598763494 4981511 0 1191444 0 0 0
1791413275 2910, 13801, 59, 0x0000000000000000 | 1.22 1.19 1.18 | cpu  318040115 2051251 69629166 27598766748 4981511 0 1191444 0 0 0
1791413276 2910, 13801, 59, 0x0000000000000000 | 1.20 1.19 1.18 | cpu  318040222 2051251 69629177 27598769992 4981512 0 1191444 0 0 0
1791413277 2910, 13801, 60, 0x0000000000000000 | 1.20 1.19 1.18 | cpu  318040328 2051251 69629188 27598773238 4981512 0 1191444 0 0 0
1791413278 2910, 13801, 59, 0x0000000000000000 | 1.20 1.19 1.18 | cpu  318040436 2051251 69629199 27598776494 4981512 0 1191444 0 0 0
1791413279 2910, 13801, 60, 0x0000000000000000 | 1.20 1.19 1.18 | cpu  318040543 2051251 69629208 27598779747 4981512 0 1191444 0 0 0
1791413280 2902, 13801, 61, 0x0000000000000000 | 1.27 1.20 1.18 | cpu  318040649 2051251 69629220 27598783001 4981512 0 1191444 0 0 0
1791413281 2910, 13801, 60, 0x0000000000000000 | 1.27 1.20 1.18 | cpu  318040756 2051251 69629231 27598786246 4981512 0 1191444 0 0 0
1791413282 2910, 13801, 60, 0x0000000000000000 | 1.27 1.20 1.18 | cpu  318040863 2051251 69629244 27598789504 4981512 0 1191444 0 0 0
1791413283 2902, 13801, 59, 0x0000000000000000 | 1.27 1.20 1.18 | cpu  318040970 2051251 69629256 27598792744 4981512 0 1191444 0 0 0
1791413284 2910, 13801, 60, 0x0000000000000000 | 1.27 1.20 1.18 | cpu  318041078 2051251 69629267 27598795993 4981512 0 1191444 0 0 0
1791413285 2910, 13801, 59, 0x0000000000000000 | 1.24 1.20 1.18 | cpu  318041186 2051251 69629280 27598799236 4981513 0 1191444 0 0 0
1791413286 2910, 13801, 58, 0x0000000000000000 | 1.24 1.20 1.18 | cpu  318041300 2051251 69629295 27598802495 4981514 0 1191444 0 0 0
1791413287 2910, 13801, 59, 0x0000000000000000 | 1.24 1.20 1.18 | cpu  318041420 2051251 69629334 27598805692 4981514 0 1191444 0 0 0
1791413288 2902, 13801, 59, 0x0000000000000000 | 1.24 1.20 1.18 | cpu  318041527 2051251 69629346 27598808952 4981514 0 1191444 0 0 0
1791413289 2910, 13801, 60, 0x0000000000000000 | 1.24 1.20 1.18 | cpu  318041635 2051251 69629357 27598812199 4981514 0 1191444 0 0 0
1791413291 2910, 13801, 59, 0x0000000000000000 | 1.22 1.19 1.18 | cpu  318041742 2051251 69629367 27598815449 4981514 0 1191444 0 0 0
1791413292 2902, 13801, 59, 0x0000000000000004 | 1.22 1.19 1.18 | cpu  318041849 2051251 69629378 27598818701 4981515 0 1191444 0 0 0
1791413293 2910, 13801, 59, 0x0000000000000000 | 1.22 1.19 1.18 | cpu  318041957 2051251 69629393 27598821938 4981515 0 1191444 0 0 0
1791413294 2910, 13801, 59, 0x0000000000000000 | 1.22 1.19 1.18 | cpu  318042064 2051251 69629404 27598825192 4981515 0 1191444 0 0 0
1791413295 2902, 13801, 59, 0x0000000000000000 | 1.22 1.19 1.18 | cpu  318042172 2051251 69629417 27598828441 4981515 0 1191444 0 0 0
1791413296 2910, 13801, 59, 0x0000000000000000 | 1.21 1.19 1.18 | cpu  318042279 2051251 69629428 27598831697 4981515 0 1191444 0 0 0
1791413297 2910, 13801, 58, 0x0000000000000000 | 1.21 1.19 1.18 | cpu  318042415 2051251 69629454 27598834905 4981515 0 1191444 0 0 0
1791413298 2910, 13801, 59, 0x0000000000000000 | 1.21 1.19 1.18 | cpu  318042523 2051251 69629466 27598838161 4981516 0 1191444 0 0 0
1791413299 2910, 13801, 59, 0x0000000000000000 | 1.21 1.19 1.18 | cpu  318042631 2051251 69629477 27598841410 4981516 0 1191444 0 0 0
1791413300 2902, 13801, 60, 0x0000000000000000 | 1.27 1.20 1.18 | cpu  318042741 2051251 69629498 27598844658 4981516 0 1191444 0 0 0
1791413301 2910, 13801, 59, 0x0000000000000000 | 1.27 1.20 1.18 | cpu  318042850 2051251 69629536 27598847877 4981516 0 1191445 0 0 0
1791413302 2910, 13801, 58, 0x0000000000000000 | 1.27 1.20 1.18 | cpu  318042959 2051251 69629549 27598851151 4981517 0 1191445 0 0 0
1791413303 2910, 13801, 59, 0x0000000000000000 | 1.27 1.20 1.18 | cpu  318043065 2051251 69629558 27598854405 4981517 0 1191445 0 0 0
1791413304 2910, 13801, 58, 0x0000000000000000 | 1.27 1.20 1.18 | cpu  318043172 2051251 69629568 27598857655 4981517 0 1191445 0 0 0
1791413305 2910, 13801, 59, 0x0000000000000000 | 1.25 1.20 1.18 | cpu  318043280 2051251 69629582 27598860910 4981517 0 1191445 0 0 0
1791413306 2902, 13801, 59, 0x0000000000000000 | 1.25 1.20 1.18 | cpu  318043388 2051251 69629594 27598864151 4981517 0 1191445 0 0 0
1791413307 2910, 13801, 59, 0x0000000000000000 | 1.25 1.20 1.18 | cpu  318043494 2051251 69629604 27598867399 4981517 0 1191445 0 0 0
1791413308 2902, 13801, 59, 0x0000000000000000 | 1.25 1.20 1.18 | cpu  318043602 2051251 69629616 27598870655 4981517 0 1191445 0 0 0
1791413310 2910, 13801, 58, 0x0000000000000000 | 1.25 1.20 1.18 | cpu  318043709 2051251 69629628 27598873904 4981518 0 1191445 0 0 0
1791413311 2910, 13801, 58, 0x0000000000000000 | 1.23 1.20 1.18 | cpu  318043816 2051251 69629639 27598877152 4981518 0 1191445 0 0 0
1791413312 2902, 13801, 60, 0x0000000000000000 | 1.23 1.20 1.18 | cpu  318043923 2051251 69629648 27598880408 4981518 0 1191445 0 0 0
1791413313 2910, 13801, 59, 0x0000000000000000 | 1.23 1.20 1.18 | cpu  318044030 2051251 69629659 27598883657 4981518 0 1191445 0 0 0
1791413314 2910, 13801, 58, 0x0000000000000000 | 1.23 1.20 1.18 | cpu  318044137 2051251 69629670 27598886907 4981518 0 1191445 0 0 0
1791413315 2902, 13801, 58, 0x0000000000000000 | 1.23 1.20 1.18 | cpu  318044245 2051251 69629681 27598890159 4981518 0 1191445 0 0 0
1791413316 2910, 13801, 59, 0x0000000000000000 | 1.21 1.19 1.18 | cpu  318044352 2051251 69629691 27598893407 4981518 0 1191445 0 0 0
1791413317 2910, 13801, 59, 0x0000000000000000 | 1.21 1.19 1.18 | cpu  318044459 2051251 69629702 27598896664 4981519 0 1191445 0 0 0
1791413318 2910, 13801, 58, 0x0000000000000000 | 1.21 1.19 1.18 | cpu  318044570 2051251 69629720 27598899893 4981519 0 1191445 0 0 0
1791413319 2910, 13801, 58, 0x0000000000000000 | 1.21 1.19 1.18 | cpu  318044685 2051251 69629744 27598903139 4981519 0 1191445 0 0 0
1791413320 2902, 13801, 58, 0x0000000000000000 | 1.19 1.19 1.18 | cpu  318044798 2051251 69629771 27598906359 4981519 0 1191445 0 0 0
1791413321 2910, 13801, 58, 0x0000000000000000 | 1.19 1.19 1.18 | cpu  318044905 2051251 69629782 27598909607 4981519 0 1191445 0 0 0
1791413322 2910, 13801, 58, 0x0000000000000000 | 1.19 1.19 1.18 | cpu  318045012 2051251 69629793 27598912860 4981519 0 1191445 0 0 0
1791413323 2902, 13801, 58, 0x0000000000000000 | 1.19 1.19 1.18 | cpu  318045119 2051251 69629804 27598916113 4981520 0 1191445 0 0 0
1791413324 2910, 13801, 58, 0x0000000000000000 | 1.19 1.19 1.18 | cpu  318045228 2051251 69629820 27598919346 4981520 0 1191445 0 0 0
1791413325 2910, 13801, 59, 0x0000000000000000 | 1.18 1.19 1.18 | cpu  318045336 2051251 69629831 27598922594 4981520 0 1191445 0 0 0
1791413326 2902, 13801, 59, 0x0000000000000000 | 1.18 1.19 1.18 | cpu  318045443 2051251 69629842 27598925846 4981520 0 1191445 0 0 0
1791413327 2910, 13801, 59, 0x0000000000000000 | 1.18 1.19 1.18 | cpu  318045549 2051251 69629854 27598929105 4981520 0 1191445 0 0 0
1791413328 2910, 13801, 58, 0x0000000000000000 | 1.18 1.19 1.18 | cpu  318045657 2051251 69629867 27598932353 4981520 0 1191445 0 0 0
1791413330 2910, 13801, 57, 0x0000000000000000 | 1.18 1.19 1.18 | cpu  318045765 2051251 69629879 27598935597 4981521 0 1191445 0 0 0
1791413331 2910, 13801, 57, 0x0000000000000000 | 1.16 1.18 1.18 | cpu  318045872 2051251 69629890 27598938847 4981521 0 1191445 0 0 0
1791413332 2902, 13801, 58, 0x0000000000000000 | 1.16 1.18 1.18 | cpu  318045980 2051251 69629902 27598942117 4981521 0 1191445 0 0 0
1791413333 2910, 13801, 57, 0x0000000000000000 | 1.16 1.18 1.18 | cpu  318046087 2051251 69629911 27598945366 4981521 0 1191445 0 0 0
1791413334 2910, 13801, 59, 0x0000000000000000 | 1.16 1.18 1.18 | cpu  318046194 2051251 69629922 27598948607 4981521 0 1191445 0 0 0
1791413335 2902, 13801, 58, 0x0000000000000000 | 1.16 1.18 1.18 | cpu  318046301 2051251 69629934 27598951859 4981521 0 1191445 0 0 0
1791413336 2910, 13801, 58, 0x0000000000000000 | 1.23 1.20 1.18 | cpu  318046409 2051251 69629944 27598955117 4981521 0 1191445 0 0 0
1791413337 2910, 13801, 58, 0x0000000000000000 | 1.23 1.20 1.18 | cpu  318046515 2051251 69629954 27598958368 4981521 0 1191445 0 0 0
1791413338 2910, 13801, 58, 0x0000000000000000 | 1.23 1.20 1.18 | cpu  318046622 2051251 69629966 27598961623 4981521 0 1191445 0 0 0
1791413339 2910, 13801, 58, 0x0000000000000000 | 1.23 1.20 1.18 | cpu  318046730 2051251 69629977 27598964873 4981521 0 1191445 0 0 0
1791413340 2910, 13801, 59, 0x0000000000000000 | 1.21 1.19 1.18 | cpu  318046837 2051251 69629988 27598968134 4981521 0 1191445 0 0 0
1791413341 2910, 13801, 58, 0x0000000000000000 | 1.21 1.19 1.18 | cpu  318046945 2051251 69630001 27598971381 4981521 0 1191445 0 0 0
1791413342 2910, 13801, 58, 0x0000000000000000 | 1.21 1.19 1.18 | cpu  318047053 2051251 69630013 27598974628 4981521 0 1191445 0 0 0
1791413343 2902, 13801, 59, 0x0000000000000000 | 1.21 1.19 1.18 | cpu  318047161 2051251 69630025 27598977883 4981521 0 1191445 0 0 0
1791413344 2910, 13801, 59, 0x0000000000000000 | 1.21 1.19 1.18 | cpu  318047268 2051251 69630035 27598981135 4981521 0 1191445 0 0 0
1791413345 2910, 13801, 59, 0x0000000000000000 | 1.27 1.21 1.19 | cpu  318047374 2051251 69630046 27598984381 4981521 0 1191445 0 0 0
1791413346 2902, 13801, 59, 0x0000000000000000 | 1.27 1.21 1.19 | cpu  318047485 2051251 69630059 27598987620 4981522 0 1191445 0 0 0
1791413347 2910, 13801, 58, 0x0000000000000000 | 1.27 1.21 1.19 | cpu  318047592 2051251 69630070 27598990879 4981522 0 1191445 0 0 0
1791413348 2910, 13801, 58, 0x0000000000000000 | 1.27 1.21 1.19 | cpu  318047698 2051251 69630080 27598994123 4981522 0 1191445 0 0 0
1791413350 2910, 13801, 58, 0x0000000000000000 | 1.27 1.21 1.19 | cpu  318047804 2051251 69630091 27598997374 4981523 0 1191445 0 0 0
1791413351 2910, 13801, 57, 0x0000000000000000 | 1.25 1.20 1.18 | cpu  318047912 2051251 69630104 27599000624 4981523 0 1191445 0 0 0
1791413352 2910, 13801, 58, 0x0000000000000000 | 1.25 1.20 1.18 | cpu  318048021 2051251 69630117 27599003876 4981523 0 1191445 0 0 0
1791413353 2910, 13801, 58, 0x0000000000000000 | 1.25 1.20 1.18 | cpu  318048127 2051251 69630126 27599007125 4981523 0 1191445 0 0 0
1791413354 2910, 13801, 57, 0x0000000000000000 | 1.25 1.20 1.18 | cpu  318048234 2051251 69630137 27599010366 4981523 0 1191445 0 0 0
1791413355 2902, 13801, 59, 0x0000000000000000 | 1.25 1.20 1.18 | cpu  318048341 2051251 69630149 27599013617 4981523 0 1191445 0 0 0
1791413356 2910, 13801, 57, 0x0000000000000000 | 1.31 1.22 1.19 | cpu  318048448 2051251 69630161 27599016874 4981524 0 1191445 0 0 0
1791413357 2910, 13801, 59, 0x0000000000000000 | 1.31 1.22 1.19 | cpu  318048556 2051251 69630171 27599020122 4981524 0 1191445 0 0 0
1791413358 2902, 13801, 57, 0x0000000000000000 | 1.31 1.22 1.19 | cpu  318048663 2051251 69630183 27599023370 4981524 0 1191445 0 0 0
1791413359 2910, 13801, 58, 0x0000000000000000 | 1.31 1.22 1.19 | cpu  318048770 2051251 69630194 27599026624 4981524 0 1191445 0 0 0
1791413360 2910, 13801, 57, 0x0000000000000000 | 1.29 1.21 1.19 | cpu  318048878 2051251 69630206 27599029896 4981524 0 1191445 0 0 0
1791413361 2910, 13801, 57, 0x0000000000000000 | 1.29 1.21 1.19 | cpu  318048985 2051251 69630217 27599033147 4981524 0 1191445 0 0 0
1791413362 2910, 13801, 58, 0x0000000000000000 | 1.29 1.21 1.19 | cpu  318049093 2051251 69630230 27599036396 4981525 0 1191445 0 0 0
1791413363 2910, 13801, 59, 0x0000000000000000 | 1.29 1.21 1.19 | cpu  318049202 2051251 69630244 27599039633 4981525 0 1191445 0 0 0
1791413364 2910, 13801, 58, 0x0000000000000000 | 1.29 1.21 1.19 | cpu  318049313 2051251 69630288 27599042851 4981525 0 1191445 0 0 0
1791413365 2910, 13801, 58, 0x0000000000000000 | 1.26 1.21 1.19 | cpu  318049420 2051251 69630298 27599046103 4981525 0 1191445 0 0 0
1791413366 2902, 13801, 58, 0x0000000000000000 | 1.26 1.21 1.19 | cpu  318049527 2051251 69630310 27599049345 4981525 0 1191445 0 0 0
1791413367 2910, 13801, 58, 0x0000000000000000 | 1.26 1.21 1.19 | cpu  318049635 2051251 69630323 27599052586 4981525 0 1191445 0 0 0
1791413369 2910, 13801, 58, 0x0000000000000000 | 1.26 1.21 1.19 | cpu  318049742 2051251 69630334 27599055842 4981525 0 1191445 0 0 0
1791413370 2902, 13801, 57, 0x0000000000000000 | 1.26 1.21 1.19 | cpu  318049849 2051251 69630343 27599059094 4981525 0 1191445 0 0 0
1791413371 2910, 13801, 58, 0x0000000000000000 | 1.24 1.20 1.18 | cpu  318049957 2051251 69630355 27599062342 4981525 0 1191445 0 0 0
1791413372 2910, 13801, 58, 0x0000000000000000 | 1.24 1.20 1.18 | cpu  318050064 2051251 69630366 27599065589 4981525 0 1191445 0 0 0
1791413373 2910, 13801, 57, 0x0000000000000000 | 1.24 1.20 1.18 | cpu  318050173 2051251 69630379 27599068855 4981525 0 1191445 0 0 0
1791413374 2910, 13801, 57, 0x0000000000000000 | 1.24 1.20 1.18 | cpu  318050278 2051251 69630390 27599072103 4981526 0 1191445 0 0 0
1791413375 2910, 13801, 57, 0x0000000000000000 | 1.24 1.20 1.18 | cpu  318050387 2051251 69630403 27599075356 4981526 0 1191445 0 0 0
1791413376 2910, 13801, 58, 0x0000000000000000 | 1.22 1.20 1.18 | cpu  318050494 2051251 69630414 27599078598 4981526 0 1191445 0 0 0
1791413377 2910, 13801, 57, 0x0000000000000000 | 1.22 1.20 1.18 | cpu  318050601 2051251 69630425 27599081857 4981526 0 1191445 0 0 0
1791413378 2902, 13801, 59, 0x0000000000000000 | 1.22 1.20 1.18 | cpu  318050707 2051251 69630436 27599085102 4981527 0 1191445 0 0 0
1791413379 2910, 13801, 57, 0x0000000000000000 | 1.22 1.20 1.18 | cpu  318050814 2051251 69630449 27599088354 4981528 0 1191445 0 0 0
1791413380 2910, 13801, 58, 0x0000000000000000 | 1.20 1.20 1.18 | cpu  318050921 2051251 69630461 27599091603 4981528 0 1191445 0 0 0
1791413381 2902, 13801, 58, 0x0000000000000000 | 1.20 1.20 1.18 | cpu  318051029 2051251 69630471 27599094859 4981528 0 1191445 0 0 0
1791413382 2910, 13801, 58, 0x0000000000000000 | 1.20 1.20 1.18 | cpu  318051136 2051251 69630481 27599098107 4981528 0 1191445 0 0 0
1791413383 2910, 13801, 57, 0x0000000000000000 | 1.20 1.20 1.18 | cpu  318051243 2051251 69630493 27599101358 4981528 0 1191445 0 0 0
1791413384 2910, 13801, 59, 0x0000000000000000 | 1.20 1.20 1.18 | cpu  318051350 2051251 69630505 27599104614 4981529 0 1191445 0 0 0
1791413385 2910, 13801, 58, 0x0000000000000000 | 1.19 1.19 1.18 | cpu  318051456 2051251 69630517 27599107879 4981529 0 1191445 0 0 0
1791413386 2902, 13801, 58, 0x0000000000000000 | 1.19 1.19 1.18 | cpu  318051564 2051251 69630528 27599111130 4981529 0 1191445 0 0 0
1791413387 2910, 13801, 57, 0x0000000000000000 | 1.19 1.19 1.18 | cpu  318051671 2051251 69630539 27599114375 4981529 0 1191445 0 0 0
1791413389 2910, 13801, 58, 0x0000000000000000 | 1.19 1.19 1.18 | cpu  318051777 2051251 69630550 27599117620 4981529 0 1191445 0 0 0
1791413390 2902, 13801, 58, 0x0000000000000000 | 1.19 1.19 1.18 | cpu  318051886 2051251 69630560 27599120884 4981529 0 1191445 0 0 0
1791413391 2910, 13801, 59, 0x0000000000000000 | 1.17 1.19 1.18 | cpu  318051993 2051251 69630570 27599124141 4981529 0 1191445 0 0 0
1791413392 2910, 13801, 58, 0x0000000000000000 | 1.17 1.19 1.18 | cpu  318052100 2051251 69630582 27599127388 4981530 0 1191445 0 0 0
1791413393 2902, 13801, 58, 0x0000000000000000 | 1.17 1.19 1.18 | cpu  318052208 2051251 69630595 27599130631 4981530 0 1191445 0 0 0
1791413394 2910, 13801, 57, 0x0000000000000000 | 1.17 1.19 1.18 | cpu  318052316 2051251 69630609 27599133903 4981531 0 1191445 0 0 0
1791413395 2910, 13801, 56, 0x0000000000000000 | 1.17 1.19 1.18 | cpu  318052423 2051251 69630618 27599137160 4981531 0 1191445 0 0 0
1791413396 2910, 13801, 57, 0x0000000000000000 | 1.16 1.19 1.18 | cpu  318052530 2051251 69630629 27599140407 4981531 0 1191445 0 0 0
1791413397 2910, 13801, 58, 0x0000000000000000 | 1.16 1.19 1.18 | cpu  318052637 2051251 69630644 27599143651 4981531 0 1191445 0 0 0
1791413398 2902, 13801, 58, 0x0000000000000000 | 1.16 1.19 1.18 | cpu  318052745 2051251 69630656 27599146913 4981531 0 1191445 0 0 0
1791413399 2910, 13801, 57, 0x0000000000000000 | 1.16 1.19 1.18 | cpu  318052853 2051251 69630666 27599150167 4981533 0 1191445 0 0 0
1791413400 2910, 13801, 57, 0x0000000000000000 | 1.15 1.18 1.18 | cpu  318052959 2051251 69630677 27599153412 4981533 0 1191445 0 0 0
1791413401 2910, 13801, 58, 0x0000000000000000 | 1.15 1.18 1.18 | cpu  318053084 2051251 69630708 27599156615 4981534 0 1191445 0 0 0
1791413402 2910, 13801, 57, 0x0000000000000000 | 1.15 1.18 1.18 | cpu  318053194 2051251 69630721 27599159859 4981534 0 1191445 0 0 0
1791413403 2910, 13801, 58, 0x0000000000000000 | 1.15 1.18 1.18 | cpu  318053300 2051251 69630731 27599163111 4981534 0 1191445 0 0 0
1791413404 2902, 13801, 59, 0x0000000000000000 | 1.15 1.18 1.18 | cpu  318053408 2051251 69630742 27599166357 4981535 0 1191445 0 0 0
1791413405 2910, 13801, 58, 0x0000000000000000 | 1.13 1.18 1.18 | cpu  318053515 2051251 69630753 27599169606 4981535 0 1191445 0 0 0
1791413406 2902, 13801, 58, 0x0000000000000000 | 1.13 1.18 1.18 | cpu  318053622 2051251 69630764 27599172855 4981535 0 1191445 0 0 0
1791413408 2910, 13801, 57, 0x0000000000000000 | 1.13 1.18 1.18 | cpu  318053730 2051251 69630774 27599176106 4981535 0 1191445 0 0 0
1791413409 2910, 13801, 57, 0x0000000000000000 | 1.13 1.18 1.18 | cpu  318053837 2051251 69630785 27599179352 4981535 0 1191445 0 0 0
1791413410 2902, 13801, 59, 0x0000000000000000 | 1.13 1.18 1.18 | cpu  318053946 2051251 69630798 27599182611 4981535 0 1191445 0 0 0
1791413411 2910, 13801, 58, 0x0000000000000000 | 1.12 1.18 1.18 | cpu  318054053 2051251 69630807 27599185861 4981535 0 1191445 0 0 0
1791413412 2910, 13801, 57, 0x0000000000000000 | 1.12 1.18 1.18 | cpu  318054159 2051251 69630818 27599189106 4981535 0 1191445 0 0 0
1791413413 2902, 13801, 59, 0x0000000000000000 | 1.12 1.18 1.18 | cpu  318054265 2051251 69630830 27599192365 4981537 0 1191445 0 0 0
1791413414 2902, 13801, 58, 0x0000000000000000 | 1.12 1.18 1.18 | cpu  318054373 2051251 69630841 27599195618 4981537 0 1191445 0 0 0
1791413415 2902, 13801, 59, 0x0000000000000000 | 1.12 1.18 1.18 | cpu  318054481 2051251 69630851 27599198867 4981537 0 1191446 0 0 0
1791413416 2910, 13801, 59, 0x0000000000000000 | 1.11 1.17 1.17 | cpu  318054588 2051251 69630861 27599202117 4981537 0 1191446 0 0 0
1791413417 2902, 13801, 61, 0x0000000000000000 | 1.11 1.17 1.17 | cpu  318054699 2051251 69630875 27599205360 4981537 0 1191446 0 0 0
1791413418 2925, 13801, 52, 0x0000000000000000 | 1.11 1.17 1.17 | cpu  318054804 2051251 69630882 27599208606 4981539 0 1191446 0 0 0
1791413419 2932, 13801, 50, 0x0000000000000000 | 1.11 1.17 1.17 | cpu  318054906 2051251 69630887 27599211859 4981543 0 1191446 0 0 0
1791413420 2572, 13801, 49, 0x0000000000000000 | 1.10 1.17 1.17 | cpu  318055010 2051251 69630891 27599215110 4981544 0 1191446 0 0 0
1791413421 2572, 13801, 49, 0x0000000000000000 | 1.10 1.17 1.17 | cpu  318055115 2051251 69630897 27599218354 4981548 0 1191446 0 0 0
1791413422 2572, 13801, 48, 0x0000000000000000 | 1.10 1.17 1.17 | cpu  318055217 2051251 69630901 27599221601 4981551 0 1191446 0 0 0
1791413423 2572, 13801, 48, 0x0000000000000000 | 1.10 1.17 1.17 | cpu  318055319 2051251 69630904 27599224851 4981555 0 1191446 0 0 0
1791413424 2572, 13801, 48, 0x0000000000000000 | 1.10 1.17 1.17 | cpu  318055423 2051251 69630908 27599228103 4981557 0 1191446 0 0 0
1791413425 2932, 13801, 48, 0x0000000000000000 | 1.10 1.17 1.17 | cpu  318055484 2051251 69630959 27599231429 4981606 0 1191446 0 0 0
1791413427 2932, 13801, 48, 0x0000000000000000 | 1.10 1.17 1.17 | cpu  318055503 2051251 69630985 27599234748 4981694 0 1191446 0 0 0
1791413428 2572, 13801, 47, 0x0000000000000000 | 1.10 1.17 1.17 | cpu  318055512 2051251 69631047 27599238038 4981776 0 1191446 0 0 0
1791413429 2572, 13801, 47, 0x0000000000000000 | 1.10 1.17 1.17 | cpu  318055546 2051251 69631069 27599241376 4981835 0 1191446 0 0 0
1791413430 2572, 13801, 47, 0x0000000000000000 | 1.10 1.17 1.17 | cpu  318055583 2051251 69631086 27599244632 4981882 0 1191446 0 0 0
1791413431 2572, 13801, 47, 0x0000000000000000 | 1.09 1.16 1.17 | cpu  318055689 2051251 69631090 27599247871 4981883 0 1191446 0 0 0
1791413432 2572, 13801, 46, 0x0000000000000000 | 1.09 1.16 1.17 | cpu  318055796 2051251 69631095 27599251107 4981884 0 1191446 0 0 0
1791413433 2572, 13801, 46, 0x0000000000000000 | 1.09 1.16 1.17 | cpu  318055902 2051251 69631099 27599254356 4981884 0 1191446 0 0 0
1791413434 2572, 13801, 46, 0x0000000000000000 | 1.09 1.16 1.17 | cpu  318056007 2051251 69631103 27599257597 4981885 0 1191446 0 0 0
1791413435 2572, 13801, 46, 0x0000000000000000 | 1.09 1.16 1.17 | cpu  318056113 2051251 69631107 27599260848 4981885 0 1191446 0 0 0
1791413436 2572, 13801, 46, 0x0000000000000000 | 1.08 1.16 1.17 | cpu  318056219 2051251 69631111 27599264101 4981885 0 1191446 0 0 0
1791413437 2572, 13801, 46, 0x0000000000000000 | 1.08 1.16 1.17 | cpu  318056325 2051251 69631115 27599267356 4981885 0 1191446 0 0 0
1791413438 2572, 13801, 46, 0x0000000000000000 | 1.08 1.16 1.17 | cpu  318056431 2051251 69631118 27599270607 4981885 0 1191446 0 0 0
1791413439 2572, 13801, 45, 0x0000000000000000 | 1.08 1.16 1.17 | cpu  318056537 2051251 69631122 27599273854 4981886 0 1191446 0 0 0
1791413440 2572, 13801, 45, 0x0000000000000000 | 1.07 1.16 1.17 | cpu  318056643 2051251 69631126 27599277100 4981886 0 1191446 0 0 0
1791413441 2572, 13801, 45, 0x0000000000000000 | 1.07 1.16 1.17 | cpu  318056748 2051251 69631131 27599280340 4981887 0 1191446 0 0 0
1791413442 2572, 13801, 45, 0x0000000000000000 | 1.07 1.16 1.17 | cpu  318056856 2051251 69631137 27599283604 4981887 0 1191446 0 0 0
1791413443 412, 810, 44, 0x0000000000000000 | 1.07 1.16 1.17 | cpu  318056963 2051251 69631142 27599286867 4981887 0 1191446 0 0 0
1791413444 217, 405, 44, 0x0000000000000000 | 1.07 1.16 1.17 | cpu  318057070 2051251 69631146 27599290139 4981888 0 1191446 0 0 0
1791413445 225, 405, 44, 0x0000000000000000 | 1.07 1.16 1.17 | cpu  318057176 2051251 69631151 27599293408 4981889 0 1191446 0 0 0
1791413447 225, 405, 43, 0x0000000000000000 | 1.07 1.16 1.17 | cpu  318057283 2051251 69631156 27599296684 4981889 0 1191446 0 0 0
1791413448 225, 405, 43, 0x0000000000000000 | 1.07 1.16 1.17 | cpu  318057389 2051251 69631161 27599299966 4981889 0 1191446 0 0 0
1791413449 225, 405, 43, 0x0000000000000000 | 1.07 1.16 1.17 | cpu  318057496 2051251 69631165 27599303232 4981889 0 1191446 0 0 0
1791413450 225, 405, 43, 0x0000000000000000 | 1.07 1.16 1.17 | cpu  318057602 2051251 69631169 27599306507 4981889 0 1191446 0 0 0
1791413451 225, 405, 43, 0x0000000000000000 | 1.06 1.15 1.17 | cpu  318057708 2051251 69631174 27599309773 4981889 0 1191446 0 0 0
1791413452 225, 405, 43, 0x0000000000000000 | 1.06 1.15 1.17 | cpu  318057814 2051251 69631178 27599313044 4981890 0 1191446 0 0 0
1791413453 225, 405, 43, 0x0000000000000000 | 1.06 1.15 1.17 | cpu  318057920 2051251 69631183 27599316309 4981890 0 1191446 0 0 0
1791413454 225, 405, 43, 0x0000000000000000 | 1.06 1.15 1.17 | cpu  318058028 2051251 69631188 27599319599 4981890 0 1191446 0 0 0
1791413455 225, 405, 42, 0x0000000000000000 | 1.14 1.17 1.17 | cpu  318058136 2051251 69631194 27599322866 4981890 0 1191446 0 0 0
1791413456 225, 405, 42, 0x0000000000000000 | 1.14 1.17 1.17 | cpu  318058242 2051251 69631199 27599326144 4981890 0 1191446 0 0 0
1791413457 225, 405, 42, 0x0000000000000000 | 1.14 1.17 1.17 | cpu  318058349 2051251 69631203 27599329393 4981910 0 1191446 0 0 0
1791413458 225, 405, 42, 0x0000000000000000 | 1.14 1.17 1.17 | cpu  318058455 2051251 69631208 27599332657 4981910 0 1191446 0 0 0
1791413459 225, 405, 42, 0x0000000000000000 | 1.14 1.17 1.17 | cpu  318058561 2051251 69631212 27599335925 4981910 0 1191446 0 0 0
1791413460 225, 405, 42, 0x0000000000000000 | 1.13 1.16 1.17 | cpu  318058669 2051251 69631218 27599339193 4981910 0 1191446 0 0 0
1791413461 225, 405, 42, 0x0000000000000000 | 1.13 1.16 1.17 | cpu  318058776 2051251 69631223 27599342462 4981910 0 1191446 0 0 0
1791413462 225, 405, 42, 0x0000000000000000 | 1.13 1.16 1.17 | cpu  318058885 2051251 69631230 27599345715 4981923 0 1191446 0 0 0
1791413463 225, 405, 41, 0x0000000000000000 | 1.13 1.16 1.17 | cpu  318058998 2051251 69631250 27599348964 4981923 0 1191446 0 0 0
1791413465 225, 405, 41, 0x0000000000000000 | 1.13 1.16 1.17 | cpu  318059112 2051251 69631273 27599352211 4981923 0 1191446 0 0 0
1791413466 225, 405, 41, 0x0000000000000000 | 1.12 1.16 1.17 | cpu  318059218 2051251 69631278 27599355483 4981923 0 1191446 0 0 0
1791413467 225, 405, 41, 0x0000000000000000 | 1.12 1.16 1.17 | cpu  318059326 2051251 69631283 27599358748 4981924 0 1191446 0 0 0
1791413468 225, 405, 41, 0x0000000000000000 | 1.12 1.16 1.17 | cpu  318059435 2051251 69631291 27599362038 4981924 0 1191446 0 0 0
1791413469 225, 405, 41, 0x0000000000000000 | 1.12 1.16 1.17 | cpu  318059542 2051251 69631296 27599365317 4981924 0 1191446 0 0 0
1791413470 225, 405, 41, 0x0000000000000000 | 1.12 1.16 1.17 | cpu  318059659 2051251 69631304 27599368590 4981924 0 1191446 0 0 0
1791413471 225, 405, 41, 0x0000000000000000 | 1.43 1.22 1.19 | cpu  318059782 2051251 69631319 27599371832 4981936 0 1191446 0 0 0
1791413472 225, 405, 40, 0x0000000000000000 | 1.43 1.22 1.19 | cpu  318059889 2051251 69631323 27599375112 4981936 0 1191446 0 0 0
1791413473 225, 405, 40, 0x0000000000000000 | 1.43 1.22 1.19 | cpu  318059995 2051251 69631329 27599378393 4981936 0 1191446 0 0 0
1791413474 225, 405, 40, 0x0000000000000000 | 1.43 1.22 1.19 | cpu  318060101 2051251 69631333 27599381666 4981936 0 1191446 0 0 0
1791413475 225, 405, 40, 0x0000000000000000 | 1.39 1.22 1.19 | cpu  318060208 2051251 69631338 27599384937 4981936 0 1191446 0 0 0
1791413476 225, 405, 40, 0x0000000000000000 | 1.39 1.22 1.19 | cpu  318060315 2051251 69631341 27599388206 4981936 0 1191446 0 0 0
1791413477 225, 405, 40, 0x0000000000000000 | 1.39 1.22 1.19 | cpu  318060421 2051251 69631346 27599391475 4981937 0 1191446 0 0 0
1791413478 225, 405, 40, 0x0000000000000000 | 1.39 1.22 1.19 | cpu  318060535 2051251 69631362 27599394720 4981937 0 1191446 0 0 0
1791413479 225, 405, 40, 0x0000000000000000 | 1.39 1.22 1.19 | cpu  318060648 2051251 69631377 27599397989 4981937 0 1191446 0 0 0
1791413480 225, 405, 40, 0x0000000000000000 | 1.36 1.22 1.19 | cpu  318060762 2051251 69631401 27599401234 4981937 0 1191446 0 0 0
1791413481 225, 405, 39, 0x0000000000000000 | 1.36 1.22 1.19 | cpu  318060869 2051251 69631406 27599404503 4981937 0 1191446 0 0 0
1791413483 225, 405, 39, 0x0000000000000000 | 1.36 1.22 1.19 | cpu  318060975 2051251 69631410 27599407773 4981937 0 1191446 0 0 0
1791413484 225, 405, 39, 0x0000000000000000 | 1.36 1.22 1.19 | cpu  318061081 2051251 69631415 27599411040 4981937 0 1191446 0 0 0
1791413485 225, 405, 39, 0x0000000000000000 | 1.36 1.22 1.19 | cpu  318061188 2051251 69631419 27599414313 4981937 0 1191446 0 0 0
1791413486 225, 405, 39, 0x0000000000000000 | 1.33 1.21 1.19 | cpu  318061294 2051251 69631423 27599417587 4981937 0 1191446 0 0 0
1791413487 225, 405, 39, 0x0000000000000000 | 1.33 1.21 1.19 | cpu  318061400 2051251 69631431 27599420854 4981937 0 1191446 0 0 0
1791413488 225, 405, 39, 0x0000000000000000 | 1.33 1.21 1.19 | cpu  318061447 2051251 69631444 27599424139 4981989 0 1191446 0 0 0
1791413489 225, 405, 39, 0x0000000000000000 | 1.33 1.21 1.19 | cpu  318061556 2051251 69631452 27599427402 4981989 0 1191446 0 0 0
1791413490 225, 405, 39, 0x0000000000000000 | 1.33 1.21 1.19 | cpu  318061664 2051251 69631458 27599430678 4981989 0 1191447 0 0 0
1791413491 225, 405, 39, 0x0000000000000000 | 1.30 1.21 1.19 | cpu  318061758 2051251 69631501 27599433919 4982002 0 1191447 0 0 0
1791413492 225, 405, 39, 0x0000000000000000 | 1.30 1.21 1.19 | cpu  318061821 2051251 69631517 27599437198 4982038 0 1191447 0 0 0
1791413493 225, 405, 39, 0x0000000000000000 | 1.30 1.21 1.19 | cpu  318061864 2051251 69631532 27599440466 4982089 0 1191447 0 0 0
1791413494 225, 405, 39, 0x0000000000000000 | 1.30 1.21 1.19 | cpu  318061939 2051251 69631544 27599443729 4982115 0 1191447 0 0 0
1791413495 225, 405, 39, 0x0000000000000000 | 1.28 1.21 1.18 | cpu  318062018 2051251 69631553 27599447015 4982140 0 1191447 0 0 0
1791413496 217, 405, 39, 0x0000000000000000 | 1.28 1.21 1.18 | cpu  318062127 2051251 69631558 27599450297 4982140 0 1191447 0 0 0
1791413497 225, 405, 39, 0x0000000000000000 | 1.28 1.21 1.18 | cpu  318062189 2051251 69631570 27599453600 4982178 0 1191447 0 0 0
1791413498 225, 405, 39, 0x0000000000000000 | 1.28 1.21 1.18 | cpu  318062228 2051251 69631584 27599456878 4982233 0 1191447 0 0 0
1791413499 225, 405, 39, 0x0000000000000000 | 1.28 1.21 1.18 | cpu  318062270 2051251 69631597 27599460143 4982288 0 1191447 0 0 0
1791413501 225, 405, 39, 0x0000000000000000 | 1.26 1.20 1.18 | cpu  318062315 2051251 69631610 27599463407 4982342 0 1191447 0 0 0
1791413502 225, 405, 38, 0x0000000000000000 | 1.26 1.20 1.18 | cpu  318062359 2051251 69631621 27599466695 4982398 0 1191447 0 0 0
1791413503 225, 405, 38, 0x0000000000000000 | 1.26 1.20 1.18 | cpu  318062401 2051251 69631634 27599469997 4982454 0 1191447 0 0 0
1791413504 225, 405, 38, 0x0000000000000000 | 1.26 1.20 1.18 | cpu  318062443 2051251 69631648 27599473287 4982511 0 1191447 0 0 0
1791413505 225, 405, 38, 0x0000000000000000 | 1.26 1.20 1.18 | cpu  318062486 2051251 69631661 27599476556 4982567 0 1191447 0 0 0
1791413506 225, 405, 38, 0x0000000000000000 | 1.24 1.20 1.18 | cpu  318062528 2051251 69631673 27599479828 4982623 0 1191447 0 0 0
1791413507 225, 405, 38, 0x0000000000000000 | 1.24 1.20 1.18 | cpu  318062570 2051251 69631683 27599483099 4982678 0 1191447 0 0 0
1791413508 225, 405, 38, 0x0000000000000000 | 1.24 1.20 1.18 | cpu  318062635 2051251 69631702 27599486387 4982707 0 1191447 0 0 0
1791413509 225, 405, 38, 0x0000000000000000 | 1.24 1.20 1.18 | cpu  318062727 2051251 69631722 27599489651 4982709 0 1191447 0 0 0
1791413510 225, 405, 38, 0x0000000000000000 | 1.22 1.20 1.18 | cpu  318062827 2051251 69631733 27599492937 4982709 0 1191447 0 0 0
1791413511 225, 405, 38, 0x0000000000000000 | 1.22 1.20 1.18 | cpu  318062931 2051251 69631747 27599496207 4982709 0 1191447 0 0 0
1791413512 225, 405, 38, 0x0000000000000000 | 1.22 1.20 1.18 | cpu  318063046 2051251 69631789 27599499437 4982709 0 1191447 0 0 0
1791413513 225, 405, 38, 0x0000000000000000 | 1.22 1.20 1.18 | cpu  318063146 2051251 69631800 27599502708 4982709 0 1191447 0 0 0
1791413514 225, 405, 38, 0x0000000000000000 | 1.22 1.20 1.18 | cpu  318063246 2051251 69631810 27599505975 4982709 0 1191447 0 0 0
1791413515 225, 405, 38, 0x0000000000000000 | 1.20 1.19 1.18 | cpu  318063348 2051251 69631820 27599509259 4982709 0 1191447 0 0 0
1791413516 225, 405, 38, 0x0000000000000000 | 1.20 1.19 1.18 | cpu  318063449 2051251 69631830 27599512526 4982710 0 1191447 0 0 0
1791413517 225, 405, 38, 0x0000000000000000 | 1.20 1.19 1.18 | cpu  318063548 2051251 69631844 27599515795 4982710 0 1191447 0 0 0
1791413519 225, 405, 38, 0x0000000000000000 | 1.20 1.19 1.18 | cpu  318063650 2051251 69631855 27599519079 4982710 0 1191447 0 0 0
1791413520 225, 405, 38, 0x0000000000000000 | 1.20 1.19 1.18 | cpu  318063751 2051251 69631864 27599522349 4982710 0 1191447 0 0 0
1791413521 225, 405, 38, 0x0000000000000000 | 1.18 1.19 1.18 | cpu  318063852 2051251 69631874 27599525619 4982710 0 1191447 0 0 0
1791413522 225, 405, 38, 0x0000000000000000 | 1.18 1.19 1.18 | cpu  318063947 2051251 69631890 27599528891 4982710 0 1191447 0 0 0
1791413523 225, 405, 38, 0x0000000000000000 | 1.18 1.19 1.18 | cpu  318064041 2051251 69631908 27599532171 4982710 0 1191447 0 0 0
1791413524 225, 405, 38, 0x0000000000000000 | 1.18 1.19 1.18 | cpu  318064141 2051251 69631923 27599535441 4982710 0 1191447 0 0 0
1791413525 225, 405, 38, 0x0000000000000000 | 1.18 1.19 1.18 | cpu  318064222 2051251 69631935 27599538715 4982728 0 1191447 0 0 0
1791413526 225, 405, 38, 0x0000000000000000 | 1.17 1.18 1.18 | cpu  318064273 2051251 69631943 27599541986 4982779 0 1191447 0 0 0
1791413527 225, 405, 37, 0x0000000000000000 | 1.17 1.18 1.18 | cpu  318064309 2051251 69631978 27599545430 4982828 0 1191447 0 0 0
1791413528 225, 405, 37, 0x0000000000000000 | 1.17 1.18 1.18 | cpu  318064309 2051251 69632094 27599548787 4982828 0 1191447 0 0 0
1791413529 225, 405, 37, 0x0000000000000000 | 1.17 1.18 1.18 | cpu  318064310 2051251 69632204 27599552085 4982828 0 1191447 0 0 0
