1791106076 705, 2619, 45, 0x0000000000000001 | 6.28 6.05 5.57 | cpu  2148108080 50793221 274708592 15039817423 1677997 0 10746383 0 0 0
1791106077 375, 2619, 45, 0x0000000000000001 | 6.28 6.05 5.57 | cpu  2148109041 50793221 274709038 15039846172 1677997 0 10746414 0 0 0
1791106078 345, 2619, 44, 0x0000000000000001 | 6.28 6.05 5.57 | cpu  2148109388 50793221 274709345 15039870697 1677997 0 10746422 0 0 0
1791106079 345, 2619, 44, 0x0000000000000001 | 6.17 6.04 5.56 | cpu  2148110294 50793221 274709591 15039895736 1677997 0 10746441 0 0 0
1791106080 345, 2619, 44, 0x0000000000000001 | 6.17 6.04 5.56 | cpu  2148110655 50793221 274709817 15039921011 1677998 0 10746451 0 0 0
1791106082 345, 2619, 44, 0x0000000000000001 | 6.17 6.04 5.56 | cpu  2148110951 50793221 274709898 15039946436 1677998 0 10746464 0 0 0
1791106083 1785, 2619, 44, 0x0000000000000000 | 6.17 6.04 5.56 | cpu  2148111299 50793222 274710025 15039972537 1677998 0 10746472 0 0 0
1791106084 1785, 2619, 45, 0x0000000000000000 | 6.00 6.00 5.56 | cpu  2148112430 50793222 274710188 15039996411 1677998 0 10746498 0 0 0
1791106085 1785, 2619, 44, 0x0000000000000000 | 6.00 6.00 5.56 | cpu  2148113213 50793222 274710342 15040020306 1677998 0 10746511 0 0 0
1791106086 1785, 2619, 44, 0x0000000000000000 | 6.00 6.00 5.56 | cpu  2148113882 50793222 274710623 15040044255 1677998 0 10746538 0 0 0
1791106087 1785, 2619, 45, 0x0000000000000000 | 6.00 6.00 5.56 | cpu  2148114732 50793222 274710912 15040070566 1678000 0 10746567 0 0 0
1791106088 1785, 2619, 44, 0x0000000000000000 | 6.00 6.00 5.56 | cpu  2148115396 50793222 274711193 15040095878 1678001 0 10746584 0 0 0
1791106090 1785, 2619, 44, 0x0000000000000000 | 5.84 5.97 5.55 | cpu  2148116100 50793222 274711410 15040120287 1678001 0 10746611 0 0 0
1791106091 1785, 2619, 44, 0x0000000000000000 | 5.84 5.97 5.55 | cpu  2148116760 50793222 274711742 15040144491 1678001 0 10746634 0 0 0
1791106092 1785, 2619, 44, 0x0000000000000000 | 5.84 5.97 5.55 | cpu  2148117467 50793222 274711935 15040169887 1678001 0 10746652 0 0 0
1791106093 1785, 2619, 44, 0x0000000000000000 | 5.84 5.97 5.55 | cpu  2148118124 50793222 274712132 15040195798 1678001 0 10746667 0 0 0
1791106094 1785, 2619, 44, 0x0000000000000000 | 5.77 5.95 5.54 | cpu  2148118964 50793222 274712310 15040220829 1678002 0 10746686 0 0 0
1791106095 1785, 2619, 44, 0x0000000000000000 | 5.77 5.95 5.54 | cpu  2148119672 50793222 274712488 15040244968 1678002 0 10746700 0 0 0
1791106097 1785, 2619, 44, 0x0000000000000000 | 5.77 5.95 5.54 | cpu  2148120331 50793222 274712679 15040269745 1678002 0 10746716 0 0 0
1791106098 1785, 2619, 44, 0x0000000000000000 | 5.77 5.95 5.54 | cpu  2148121002 50793222 274712888 15040293816 1678002 0 10746726 0 0 0
1791106099 1785, 2619, 44, 0x0000000000000000 | 5.95 5.99 5.56 | cpu  2148121698 50793222 274713090 15040318995 1678004 0 10746743 0 0 0
1791106100 1785, 2619, 44, 0x0000000000000000 | 5.95 5.99 5.56 | cpu  2148122495 50793222 274713284 15040344452 1678004 0 10746763 0 0 0
1791106101 1785, 2619, 44, 0x0000000000000000 | 5.95 5.99 5.56 | cpu  2148122954 50793222 274713524 15040370370 1678006 0 10746774 0 0 0
1791106102 1785, 2619, 44, 0x0000000000000000 | 5.95 5.99 5.56 | cpu  2148123261 50793222 274713807 15040396267 1678006 0 10746790 0 0 0
1791106104 1785, 2619, 44, 0x0000000000000000 | 5.95 5.99 5.56 | cpu  2148123596 50793222 274714282 15040421028 1678007 0 10746807 0 0 0
1791106105 1785, 2619, 44, 0x0000000000000000 | 6.12 6.02 5.57 | cpu  2148123950 50793222 274714660 15040446014 1678007 0 10746825 0 0 0
1791106106 1785, 2619, 44, 0x0000000000000000 | 6.12 6.02 5.57 | cpu  2148124362 50793222 274714962 15040471318 1678007 0 10746840 0 0 0
1791106107 1785, 2619, 43, 0x0000000000000000 | 6.12 6.02 5.57 | cpu  2148124762 50793222 274715250 15040499551 1678007 0 10746856 0 0 0
1791106108 1785, 2619, 43, 0x0000000000000000 | 6.12 6.02 5.57 | cpu  2148125133 50793222 274715487 15040525554 1678007 0 10746862 0 0 0
1791106110 1785, 2619, 43, 0x0000000000000000 | 6.19 6.04 5.58 | cpu  2148125486 50793222 274715745 15040550731 1678007 0 10746874 0 0 0
1791106111 1785, 2619, 43, 0x0000000000000000 | 6.19 6.04 5.58 | cpu  2148125886 50793222 274715987 15040576538 1678010 0 10746892 0 0 0
1791106112 1785, 2619, 43, 0x0000000000000000 | 6.19 6.04 5.58 | cpu  2148126274 50793223 274716158 15040601041 1678010 0 10746904 0 0 0
1791106113 1785, 2619, 43, 0x0000000000000000 | 6.19 6.04 5.58 | cpu  2148126670 50793223 274716394 15040627092 1678010 0 10746927 0 0 0
1791106114 1785, 2619, 43, 0x0000000000000000 | 6.25 6.05 5.59 | cpu  2148127152 50793224 274716685 15040652118 1678011 0 10746950 0 0 0
1791106115 1785, 2619, 43, 0x0000000000000000 | 6.25 6.05 5.59 | cpu  2148127674 50793224 274717204 15040677269 1678011 0 10746969 0 0 0
1791106117 1785, 2619, 43, 0x0000000000000000 | 6.25 6.05 5.59 | cpu  2148128101 50793224 274717584 15040703276 1678011 0 10746982 0 0 0
1791106118 1785, 2619, 43, 0x0000000000000000 | 6.25 6.05 5.59 | cpu  2148128497 50793224 274717878 15040728144 1678011 0 10746995 0 0 0
1791106119 1785, 2619, 43, 0x0000000000000000 | 6.31 6.07 5.59 | cpu  2148128900 50793224 274718706 15040752895 1678011 0 10747025 0 0 0
1791106120 1785, 2619, 43, 0x0000000000000000 | 6.31 6.07 5.59 | cpu  2148129294 50793224 274718973 15040778591 1678012 0 10747041 0 0 0
1791106121 1785, 2619, 43, 0x0000000000000000 | 6.31 6.07 5.59 | cpu  2148129640 50793224 274719274 15040804529 1678012 0 10747058 0 0 0
1791106122 1785, 2619, 43, 0x0000000000000000 | 6.31 6.07 5.59 | cpu  2148129961 50793224 274719582 15040829255 1678012 0 10747068 0 0 0
1791106124 1785, 2619, 43, 0x0000000000000000 | 6.31 6.07 5.59 | cpu  2148130324 50793224 274719978 15040854352 1678012 0 10747086 0 0 0
1791106125 1785, 2619, 43, 0x0000000000000000 | 6.29 6.07 5.60 | cpu  2148130695 50793224 274720399 15040879202 1678013 0 10747098 0 0 0
1791106126 1785, 2619, 43, 0x0000000000000000 | 6.29 6.07 5.60 | cpu  2148131141 50793224 274720814 15040905515 1678013 0 10747122 0 0 0
1791106127 1785, 2619, 43, 0x0000000000000000 | 6.29 6.07 5.60 | cpu  2148131508 50793224 274721130 15040932149 1678013 0 10747140 0 0 0
1791106128 1785, 2619, 43, 0x0000000000000000 | 6.29 6.07 5.60 | cpu  2148131898 50793224 274721407 15040957704 1678013 0 10747152 0 0 0
1791106130 1785, 2619, 43, 0x0000000000000000 | 6.02 6.02 5.58 | cpu  2148132228 50793224 274721522 15040983039 1678013 0 10747159 0 0 0
1791106131 1785, 2619, 43, 0x0000000000000000 | 6.02 6.02 5.58 | cpu  2148132554 50793224 274721646 15041008262 1678013 0 10747166 0 0 0
1791106132 1785, 2619, 43, 0x0000000000000000 | 6.02 6.02 5.58 | cpu  2148132896 50793224 274721773 15041033515 1678013 0 10747174 0 0 0
1791106133 1785, 2619, 43, 0x0000000000000000 | 6.02 6.02 5.58 | cpu  2148133188 50793224 274721883 15041058944 1678013 0 10747179 0 0 0
1791106134 1785, 2619, 43, 0x0000000000000000 | 6.02 6.01 5.58 | cpu  2148133595 50793224 274722255 15041083900 1678014 0 10747192 0 0 0
1791106135 1785, 2619, 42, 0x0000000000000000 | 6.02 6.01 5.58 | cpu  2148134068 50793225 274722763 15041110188 1678014 0 10747221 0 0 0
1791106137 1785, 2619, 42, 0x0000000000000000 | 6.02 6.01 5.58 | cpu  2148134512 50793225 274723274 15041135004 1678014 0 10747254 0 0 0
1791106138 1785, 2619, 42, 0x0000000000000000 | 6.02 6.01 5.58 | cpu  2148134909 50793225 274723694 15041159936 1678014 0 10747276 0 0 0
1791106139 1785, 2619, 42, 0x0000000000000000 | 6.18 6.05 5.60 | cpu  2148135334 50793225 274724052 15041185121 1678014 0 10747310 0 0 0
1791106140 1785, 2619, 42, 0x0000000000000000 | 6.18 6.05 5.60 | cpu  2148135753 50793225 274724355 15041210806 1678015 0 10747337 0 0 0
1791106141 1785, 2619, 42, 0x0000000000000000 | 6.18 6.05 5.60 | cpu  2148136135 50793225 274724533 15041235897 1678015 0 10747352 0 0 0
1791106142 1785, 2619, 42, 0x0000000000000000 | 6.18 6.05 5.60 | cpu  2148136478 50793226 274724671 15041261952 1678015 0 10747362 0 0 0
1791106144 1785, 2619, 42, 0x0000000000000000 | 6.18 6.05 5.60 | cpu  2148136891 50793226 274724814 15041288054 1678015 0 10747374 0 0 0
1791106145 1785, 2619, 42, 0x0000000000000000 | 6.16 6.05 5.60 | cpu  2148137321 50793226 274725040 15041314599 1678015 0 10747398 0 0 0
1791106146 1785, 2619, 42, 0x0000000000000000 | 6.16 6.05 5.60 | cpu  2148137740 50793226 274725308 15041340373 1678015 0 10747415 0 0 0
1791106147 1785, 2619, 42, 0x0000000000000000 | 6.16 6.05 5.60 | cpu  2148138135 50793226 274725622 15041365552 1678017 0 10747436 0 0 0
1791106148 1785, 2619, 42, 0x0000000000000000 | 6.16 6.05 5.60 | cpu  2148138578 50793226 274725970 15041391178 1678017 0 10747467 0 0 0
1791106149 1785, 2619, 42, 0x0000000000000000 | 6.07 6.03 5.60 | cpu  2148139013 50793226 274726302 15041416014 1678018 0 10747513 0 0 0
1791106151 1785, 2619, 42, 0x0000000000000000 | 6.07 6.03 5.60 | cpu  2148139425 50793226 274726615 15041441768 1678018 0 10747533 0 0 0
1791106152 1785, 2619, 42, 0x0000000000000000 | 6.07 6.03 5.60 | cpu  2148139832 50793226 274726845 15041466285 1678018 0 10747553 0 0 0
1791106153 1785, 2619, 42, 0x0000000000000000 | 6.07 6.03 5.60 | cpu  2148140185 50793226 274727011 15041491907 1678018 0 10747565 0 0 0
1791106154 1785, 2619, 42, 0x0000000000000000 | 5.99 6.01 5.59 | cpu  2148140679 50793226 274727408 15041516706 1678018 0 10747588 0 0 0
1791106155 1785, 2619, 42, 0x0000000000000000 | 5.99 6.01 5.59 | cpu  2148141094 50793226 274727648 15041542680 1678018 0 10747608 0 0 0
1791106157 1785, 2619, 42, 0x0000000000000000 | 5.99 6.01 5.59 | cpu  2148141669 50793226 274727882 15041567819 1678018 0 10747635 0 0 0
1791106158 1785, 2619, 42, 0x0000000000000000 | 5.99 6.01 5.59 | cpu  2148142168 50793226 274728135 15041591674 1678018 0 10747666 0 0 0
1791106159 1785, 2619, 42, 0x0000000000000000 | 6.07 6.03 5.60 | cpu  2148142772 50793226 274729221 15041616789 1678019 0 10747696 0 0 0
1791106160 1785, 2619, 42, 0x0000000000000000 | 6.07 6.03 5.60 | cpu  2148143244 50793226 274729665 15041642490 1678019 0 10747734 0 0 0
1791106161 1785, 2619, 42, 0x0000000000000000 | 6.07 6.03 5.60 | cpu  2148143638 50793226 274729959 15041668403 1678019 0 10747756 0 0 0
1791106162 1785, 2619, 42, 0x0000000000000000 | 6.07 6.03 5.60 | cpu  2148144035 50793226 274730182 15041692930 1678021 0 10747782 0 0 0
1791106164 1785, 2619, 42, 0x0000000000000000 | 6.07 6.03 5.60 | cpu  2148144425 50793226 274730439 15041718546 1678021 0 10747796 0 0 0
1791106165 1785, 2619, 42, 0x0000000000000000 | 6.06 6.03 5.60 | cpu  2148144826 50793226 274730697 15041744320 1678021 0 10747817 0 0 0
1791106166 1785, 2619, 42, 0x0000000000000000 | 6.06 6.03 5.60 | cpu  2148145237 50793226 274730990 15041769132 1678021 0 10747849 0 0 0
1791106167 1785, 2619, 42, 0x0000000000000000 | 6.06 6.03 5.60 | cpu  2148145610 50793226 274731204 15041794082 1678021 0 10747862 0 0 0
1791106168 1785, 2619, 42, 0x0000000000000000 | 6.06 6.03 5.60 | cpu  2148145973 50793226 274731420 15041818964 1678021 0 10747886 0 0 0
1791106169 1785, 2619, 42, 0x0000000000000000 | 5.98 6.01 5.60 | cpu  2148146350 50793226 274731620 15041844121 1678021 0 10747903 0 0 0
1791106170 1785, 2619, 42, 0x0000000000000000 | 5.98 6.01 5.60 | cpu  2148146715 50793226 274731848 15041869429 1678023 0 10747924 0 0 0
1791106172 1785, 2619, 42, 0x0000000000000000 | 5.98 6.01 5.60 | cpu  2148147093 50793226 274732061 15041894571 1678024 0 10747938 0 0 0
1791106173 1785, 2619, 42, 0x0000000000000000 | 5.98 6.01 5.60 | cpu  2148147438 50793226 274732272 15041919840 1678024 0 10747966 0 0 0
1791106174 1785, 2619, 42, 0x0000000000000000 | 6.46 6.11 5.64 | cpu  2148147890 50793226 274732489 15041945755 1678024 0 10747996 0 0 0
1791106175 1785, 2619, 42, 0x0000000000000000 | 6.46 6.11 5.64 | cpu  2148148382 50793226 274732758 15041970246 1678024 0 10748032 0 0 0
1791106176 1785, 2619, 42, 0x0000000000000000 | 6.46 6.11 5.64 | cpu  2148148880 50793226 274733036 15041995802 1678024 0 10748076 0 0 0
1791106177 1785, 2619, 42, 0x0000000000000000 | 6.46 6.11 5.64 | cpu  2148149318 50793226 274733173 15042021382 1678024 0 10748099 0 0 0
1791106179 1785, 2619, 42, 0x0000000000000000 | 6.46 6.11 5.64 | cpu  2148149775 50793226 274733332 15042046971 1678024 0 10748112 0 0 0
1791106180 1785, 2619, 42, 0x0000000000000000 | 6.42 6.11 5.64 | cpu  2148150197 50793226 274733463 15042072459 1678026 0 10748123 0 0 0
1791106181 1785, 2619, 42, 0x0000000000000000 | 6.42 6.11 5.64 | cpu  2148150618 50793226 274733548 15042098141 1678027 0 10748140 0 0 0
1791106182 1785, 2619, 42, 0x0000000000000000 | 6.42 6.11 5.64 | cpu  2148151126 50793226 274733786 15042122348 1678028 0 10748167 0 0 0
1791106183 1785, 2619, 42, 0x0000000000000000 | 6.42 6.11 5.64 | cpu  2148151621 50793226 274734047 15042146781 1678028 0 10748197 0 0 0
1791106184 1785, 2619, 42, 0x0000000000000000 | 6.55 6.14 5.65 | cpu  2148152353 50793226 274734497 15042173930 1678029 0 10748221 0 0 0
1791106186 1785, 2619, 42, 0x0000000000000000 | 6.55 6.14 5.65 | cpu  2148152977 50793226 274734834 15042198190 1678029 0 10748242 0 0 0
1791106187 1785, 2619, 42, 0x0000000000000000 | 6.55 6.14 5.65 | cpu  2148153561 50793227 274735240 15042226415 1678030 0 10748258 0 0 0
1791106188 1785, 2619, 42, 0x0000000000000000 | 6.55 6.14 5.65 | cpu  2148154210 50793227 274736278 15042251133 1678030 0 10748283 0 0 0
1791106189 1785, 2619, 42, 0x0000000000000000 | 6.58 6.16 5.66 | cpu  2148154796 50793227 274736566 15042276993 1678030 0 10748312 0 0 0
1791106190 1785, 2619, 42, 0x0000000000000000 | 6.58 6.16 5.66 | cpu  2148155237 50793227 274736666 15042301252 1678030 0 10748329 0 0 0
1791106192 1785, 2619, 42, 0x0000000000000000 | 6.58 6.16 5.66 | cpu  2148155674 50793227 274736746 15042326860 1678030 0 10748339 0 0 0
1791106193 1785, 2619, 42, 0x0000000000000000 | 6.58 6.16 5.66 | cpu  2148156035 50793227 274737021 15042352237 1678031 0 10748348 0 0 0
1791106194 1785, 2619, 42, 0x0000000000000000 | 6.62 6.17 5.66 | cpu  2148156444 50793227 274737235 15042377606 1678038 0 10748355 0 0 0
1791106195 1785, 2619, 42, 0x0000000000000000 | 6.62 6.17 5.66 | cpu  2148156958 50793227 274737473 15042401845 1678057 0 10748373 0 0 0
1791106196 1785, 2619, 42, 0x0000000000000000 | 6.62 6.17 5.66 | cpu  2148157548 50793227 274737807 15042426222 1678062 0 10748393 0 0 0
1791106197 1785, 2619, 42, 0x0000000000000000 | 6.62 6.17 5.66 | cpu  2148158016 50793227 274738102 15042450397 1678072 0 10748411 0 0 0
1791106199 1785, 2619, 42, 0x0000000000000000 | 6.62 6.17 5.66 | cpu  2148158534 50793227 274738582 15042474991 1678072 0 10748436 0 0 0
1791106200 1785, 2619, 42, 0x0000000000000000 | 6.97 6.25 5.69 | cpu  2148159089 50793227 274739114 15042498609 1678075 0 10748460 0 0 0
1791106201 1785, 2619, 42, 0x0000000000000000 | 6.97 6.25 5.69 | cpu  2148159634 50793227 274739535 15042523970 1678077 0 10748487 0 0 0
1791106202 1785, 2619, 42, 0x0000000000000000 | 6.97 6.25 5.69 | cpu  2148160097 50793228 274739877 15042549791 1678078 0 10748509 0 0 0
1791106203 1785, 2619, 42, 0x0000000000000000 | 6.97 6.25 5.69 | cpu  2148160514 50793228 274740211 15042575959 1678078 0 10748527 0 0 0
1791106204 1785, 2619, 42, 0x0000000000000000 | 6.97 6.26 5.70 | cpu  2148160908 50793228 274740488 15042600485 1678078 0 10748550 0 0 0
1791106205 1785, 2619, 42, 0x0000000000000000 | 6.97 6.26 5.70 | cpu  2148161844 50793228 274740720 15042625206 1678078 0 10748573 0 0 0
1791106207 1785, 2619, 42, 0x0000000000000000 | 6.97 6.26 5.70 | cpu  2148162413 50793228 274741080 15042653493 1678079 0 10748606 0 0 0
1791106208 1785, 2619, 42, 0x0000000000000000 | 6.97 6.26 5.70 | cpu  2148162886 50793228 274741463 15042678467 1678079 0 10748625 0 0 0
1791106209 1785, 2619, 42, 0x0000000000000000 | 7.21 6.33 5.72 | cpu  2148163318 50793228 274741752 15042703176 1678079 0 10748647 0 0 0
1791106210 1785, 2619, 42, 0x0000000000000000 | 7.21 6.33 5.72 | cpu  2148163826 50793228 274742031 15042727338 1678079 0 10748677 0 0 0
1791106211 1785, 2619, 42, 0x0000000000000000 | 7.21 6.33 5.72 | cpu  2148164288 50793228 274742273 15042752364 1678081 0 10748698 0 0 0
1791106213 1785, 2619, 42, 0x0000000000000000 | 7.21 6.33 5.72 | cpu  2148164638 50793228 274742428 15042777252 1678081 0 10748707 0 0 0
1791106214 1785, 2619, 42, 0x0000000000000000 | 7.21 6.33 5.72 | cpu  2148165030 50793228 274742502 15042803498 1678081 0 10748719 0 0 0
1791106215 1785, 2619, 42, 0x0000000000000000 | 7.20 6.34 5.73 | cpu  2148165422 50793228 274742564 15042828308 1678081 0 10748726 0 0 0
1791106216 1785, 2619, 42, 0x0000000000000000 | 7.20 6.34 5.73 | cpu  2148165802 50793228 274742661 15042853461 1678081 0 10748734 0 0 0
1791106217 1785, 2619, 42, 0x0000000000000000 | 7.20 6.34 5.73 | cpu  2148166152 50793228 274742798 15042878009 1678081 0 10748738 0 0 0
1791106218 1785, 2619, 42, 0x0000000000000000 | 7.20 6.34 5.73 | cpu  2148166599 50793228 274742987 15042903093 1678081 0 10748750 0 0 0
1791106219 1785, 2619, 42, 0x0000000000000000 | 7.10 6.33 5.73 | cpu  2148167039 50793228 274743248 15042928338 1678081 0 10748762 0 0 0
1791106221 1785, 2619, 42, 0x0000000000000000 | 7.10 6.33 5.73 | cpu  2148167491 50793228 274743488 15042954428 1678081 0 10748774 0 0 0
1791106222 1785, 2619, 42, 0x0000000000000000 | 7.10 6.33 5.73 | cpu  2148167916 50793229 274743720 15042980665 1678084 0 10748810 0 0 0
1791106223 1785, 2619, 42, 0x0000000000000000 | 7.10 6.33 5.73 | cpu  2148168384 50793230 274743917 15043006815 1678085 0 10748821 0 0 0
1791106224 1785, 2619, 42, 0x0000000000000000 | 6.85 6.29 5.72 | cpu  2148168832 50793230 274744111 15043031880 1678085 0 10748837 0 0 0
1791106225 1785, 2619, 42, 0x0000000000000000 | 6.85 6.29 5.72 | cpu  2148169262 50793230 274744280 15043056950 1678086 0 10748851 0 0 0
1791106227 1785, 2619, 42, 0x0000000000000000 | 6.85 6.29 5.72 | cpu  2148169723 50793230 274744612 15043081896 1678088 0 10748864 0 0 0
1791106228 1785, 2619, 42, 0x0000000000000000 | 6.85 6.29 5.72 | cpu  2148170099 50793230 274744783 15043106663 1678088 0 10748886 0 0 0
1791106229 1785, 2619, 42, 0x0000000000000000 | 6.85 6.29 5.72 | cpu  2148170549 50793230 274744931 15043131751 1678088 0 10748908 0 0 0
1791106230 1785, 2619, 42, 0x0000000000000000 | 6.86 6.30 5.73 | cpu  2148171030 50793230 274745264 15043157024 1678088 0 10748927 0 0 0
1791106231 1785, 2619, 42, 0x0000000000000000 | 6.86 6.30 5.73 | cpu  2148171494 50793230 274745678 15043182033 1678089 0 10748942 0 0 0
1791106232 1785, 2619, 42, 0x0000000000000000 | 6.86 6.30 5.73 | cpu  2148171863 50793230 274745920 15043206888 1678089 0 10748957 0 0 0
1791106233 1785, 2619, 42, 0x0000000000000000 | 6.86 6.30 5.73 | cpu  2148172285 50793230 274746193 15043232175 1678089 0 10748975 0 0 0
1791106235 1785, 2619, 42, 0x0000000000000000 | 6.72 6.28 5.73 | cpu  2148172676 50793230 274746441 15043255992 1678089 0 10748996 0 0 0
1791106236 1785, 2619, 42, 0x0000000000000000 | 6.72 6.28 5.73 | cpu  2148173087 50793230 274746702 15043281471 1678089 0 10749012 0 0 0
1791106237 1785, 2619, 42, 0x0000000000000000 | 6.72 6.28 5.73 | cpu  2148173506 50793230 274747001 15043306340 1678090 0 10749032 0 0 0
1791106238 1785, 2619, 42, 0x0000000000000000 | 6.72 6.28 5.73 | cpu  2148173924 50793233 274747348 15043331228 1678091 0 10749062 0 0 0
1791106239 1785, 2619, 42, 0x0000000000000000 | 6.66 6.28 5.73 | cpu  2148174415 50793233 274747535 15043356903 1678093 0 10749079 0 0 0
1791106240 1785, 2619, 42, 0x0000000000000000 | 6.66 6.28 5.73 | cpu  2148174898 50793233 274747678 15043381899 1678093 0 10749087 0 0 0
1791106242 1785, 2619, 42, 0x0000000000000000 | 6.66 6.28 5.73 | cpu  2148175314 50793233 274747848 15043406541 1678094 0 10749105 0 0 0
1791106243 1785, 2619, 42, 0x0000000000000000 | 6.66 6.28 5.73 | cpu  2148175744 50793233 274748040 15043431439 1678094 0 10749128 0 0 0
1791106244 1785, 2619, 42, 0x0000000000000000 | 6.66 6.28 5.73 | cpu  2148176186 50793233 274748258 15043457389 1678094 0 10749150 0 0 0
1791106245 1785, 2619, 42, 0x0000000000000000 | 6.69 6.29 5.74 | cpu  2148176672 50793233 274748530 15043483265 1678096 0 10749178 0 0 0
1791106246 1785, 2619, 42, 0x0000000000000000 | 6.69 6.29 5.74 | cpu  2148177120 50793233 274748918 15043508090 1678096 0 10749201 0 0 0
1791106247 1785, 2619, 42, 0x0000000000000000 | 6.69 6.29 5.74 | cpu  2148177516 50793233 274749249 15043532089 1678096 0 10749213 0 0 0
1791106248 1785, 2619, 42, 0x0000000000000000 | 6.69 6.29 5.74 | cpu  2148177987 50793233 274749652 15043556607 1678098 0 10749245 0 0 0
1791106250 1785, 2619, 42, 0x0000000000000000 | 6.55 6.27 5.73 | cpu  2148178454 50793233 274749958 15043581393 1678098 0 10749272 0 0 0
1791106251 1785, 2619, 42, 0x0000000000000000 | 6.55 6.27 5.73 | cpu  2148178872 50793233 274750187 15043606081 1678098 0 10749279 0 0 0
1791106252 1785, 2619, 42, 0x0000000000000000 | 6.55 6.27 5.73 | cpu  2148179216 50793233 274750350 15043630391 1678098 0 10749282 0 0 0
1791106253 1785, 2619, 42, 0x0000000000000000 | 6.55 6.27 5.73 | cpu  2148179630 50793233 274750570 15043654975 1678099 0 10749289 0 0 0
1791106254 1785, 2619, 42, 0x0000000000000000 | 6.59 6.28 5.74 | cpu  2148180089 50793234 274750805 15043679674 1678099 0 10749303 0 0 0
1791106255 1785, 2619, 42, 0x0000000000000000 | 6.59 6.28 5.74 | cpu  2148180512 50793234 274750982 15043704696 1678099 0 10749321 0 0 0
1791106256 1785, 2619, 42, 0x0000000000000000 | 6.59 6.28 5.74 | cpu  2148180911 50793234 274751181 15043728662 1678100 0 10749339 0 0 0
1791106257 1785, 2619, 42, 0x0000000000000000 | 6.59 6.28 5.74 | cpu  2148181323 50793234 274751414 15043753729 1678100 0 10749354 0 0 0
1791106259 1785, 2619, 42, 0x0000000000000000 | 6.59 6.28 5.74 | cpu  2148181746 50793234 274751675 15043779006 1678100 0 10749369 0 0 0
1791106260 1785, 2619, 42, 0x0000000000000000 | 6.70 6.31 5.75 | cpu  2148182188 50793234 274751933 15043805002 1678100 0 10749382 0 0 0
1791106261 1785, 2619, 42, 0x0000000000000000 | 6.70 6.31 5.75 | cpu  2148182642 50793234 274752171 15043832325 1678100 0 10749396 0 0 0
1791106262 1785, 2619, 42, 0x0000000000000000 | 6.70 6.31 5.75 | cpu  2148183026 50793234 274752266 15043856279 1678100 0 10749400 0 0 0
1791106263 1785, 2619, 42, 0x0000000000000000 | 6.70 6.31 5.75 | cpu  2148183858 50793234 274752344 15043881031 1678100 0 10749404 0 0 0
1791106265 1785, 2619, 42, 0x0000000000000000 | 6.48 6.27 5.74 | cpu  2148184365 50793234 274752477 15043909618 1678100 0 10749414 0 0 0
1791106266 1785, 2619, 42, 0x0000000000000000 | 6.48 6.27 5.74 | cpu  2148185280 50793234 274752952 15043933280 1678105 0 10749420 0 0 0
1791106267 1785, 2619, 42, 0x0000000000000000 | 6.48 6.27 5.74 | cpu  2148185726 50793234 274753157 15043957601 1678105 0 10749432 0 0 0
1791106268 1785, 2619, 42, 0x0000000000000000 | 6.48 6.27 5.74 | cpu  2148186242 50793234 274753430 15043982448 1678112 0 10749448 0 0 0
1791106269 1785, 2619, 42, 0x0000000000000000 | 6.60 6.30 5.75 | cpu  2148186787 50793234 274753674 15044007223 1678114 0 10749462 0 0 0
1791106270 1785, 2619, 43, 0x0000000000000000 | 6.60 6.30 5.75 | cpu  2148187316 50793234 274753938 15044031670 1678122 0 10749494 0 0 0
1791106272 1785, 2619, 42, 0x0000000000000000 | 6.60 6.30 5.75 | cpu  2148187840 50793234 274754215 15044059130 1678128 0 10749512 0 0 0
1791106273 1785, 2619, 42, 0x0000000000000000 | 6.60 6.30 5.75 | cpu  2148188332 50793234 274754522 15044084696 1678132 0 10749535 0 0 0
1791106274 1785, 2619, 42, 0x0000000000000000 | 6.48 6.28 5.75 | cpu  2148188758 50793234 274754616 15044110325 1678132 0 10749546 0 0 0
1791106275 1785, 2619, 42, 0x0000000000000000 | 6.48 6.28 5.75 | cpu  2148189147 50793234 274754696 15044135196 1678132 0 10749550 0 0 0
1791106276 1785, 2619, 42, 0x0000000000000000 | 6.48 6.28 5.75 | cpu  2148189629 50793234 274754849 15044161771 1678132 0 10749556 0 0 0
1791106277 1785, 2619, 42, 0x0000000000000000 | 6.48 6.28 5.75 | cpu  2148190023 50793234 274755032 15044187502 1678132 0 10749562 0 0 0
1791106279 1785, 2619, 42, 0x0000000000000000 | 6.48 6.28 5.75 | cpu  2148190509 50793234 274755596 15044213107 1678133 0 10749596 0 0 0
1791106280 1785, 2619, 42, 0x0000000000000000 | 6.68 6.32 5.77 | cpu  2148190960 50793234 274756022 15044237469 1678133 0 10749613 0 0 0
1791106281 1785, 2619, 42, 0x0000000000000000 | 6.68 6.32 5.77 | cpu  2148191412 50793234 274756412 15044262054 1678133 0 10749641 0 0 0
1791106282 1785, 2619, 42, 0x0000000000000000 | 6.68 6.32 5.77 | cpu  2148191803 50793234 274756716 15044286648 1678135 0 10749658 0 0 0
1791106283 1785, 2619, 42, 0x0000000000000000 | 6.68 6.32 5.77 | cpu  2148192215 50793234 274756974 15044311662 1678135 0 10749664 0 0 0
1791106284 1785, 2619, 42, 0x0000000000000000 | 6.54 6.30 5.76 | cpu  2148192618 50793234 274757229 15044336217 1678135 0 10749672 0 0 0
1791106286 1785, 2619, 42, 0x0000000000000000 | 6.54 6.30 5.76 | cpu  2148193002 50793234 274757401 15044360856 1678135 0 10749686 0 0 0
1791106287 1785, 2619, 42, 0x0000000000000000 | 6.54 6.30 5.76 | cpu  2148193363 50793235 274757463 15044386927 1678135 0 10749693 0 0 0
1791106288 1785, 2619, 42, 0x0000000000000000 | 6.54 6.30 5.76 | cpu  2148193774 50793235 274757589 15044411821 1678135 0 10749702 0 0 0
1791106289 1785, 2619, 42, 0x0000000000000000 | 6.50 6.29 5.76 | cpu  2148194171 50793235 274757731 15044436959 1678135 0 10749707 0 0 0
1791106290 1785, 2619, 42, 0x0000000000000000 | 6.50 6.29 5.76 | cpu  2148194600 50793235 274757924 15044462185 1678135 0 10749725 0 0 0
1791106291 1785, 2619, 42, 0x0000000000000000 | 6.50 6.29 5.76 | cpu  2148195016 50793235 274758275 15044486693 1678135 0 10749740 0 0 0
1791106292 1785, 2619, 42, 0x0000000000000000 | 6.50 6.29 5.76 | cpu  2148195405 50793235 274758560 15044511091 1678135 0 10749759 0 0 0
1791106294 1785, 2619, 42, 0x0000000000000000 | 6.50 6.29 5.76 | cpu  2148195848 50793235 274758808 15044537079 1678136 0 10749770 0 0 0
1791106295 1785, 2619, 42, 0x0000000000000000 | 6.70 6.34 5.78 | cpu  2148196279 50793235 274759165 15044562449 1678136 0 10749781 0 0 0
1791106296 1785, 2619, 42, 0x0000000000000000 | 6.70 6.34 5.78 | cpu  2148196684 50793235 274759420 15044587190 1678136 0 10749789 0 0 0
1791106297 1785, 2619, 42, 0x0000000000000000 | 6.70 6.34 5.78 | cpu  2148197028 50793235 274759560 15044612398 1678136 0 10749796 0 0 0
1791106298 1785, 2619, 42, 0x0000000000000000 | 6.70 6.34 5.78 | cpu  2148197432 50793235 274759663 15044637560 1678136 0 10749803 0 0 0
1791106299 1785, 2619, 42, 0x0000000000000000 | 6.80 6.37 5.79 | cpu  2148197831 50793235 274759820 15044661769 1678136 0 10749808 0 0 0
1791106301 1785, 2619, 42, 0x0000000000000000 | 6.80 6.37 5.79 | cpu  2148198245 50793235 274759963 15044687368 1678136 0 10749815 0 0 0
1791106302 1785, 2619, 42, 0x0000000000000000 | 6.80 6.37 5.79 | cpu  2148198613 50793235 274760074 15044711965 1678136 0 10749823 0 0 0
1791106303 1785, 2619, 42, 0x0000000000000000 | 6.80 6.37 5.79 | cpu  2148199041 50793235 274760265 15044737517 1678136 0 10749831 0 0 0
1791106304 1785, 2619, 42, 0x0000000000000000 | 6.90 6.39 5.80 | cpu  2148199446 50793235 274760426 15044763165 1678136 0 10749848 0 0 0
1791106305 1785, 2619, 42, 0x0000000000000000 | 6.90 6.39 5.80 | cpu  2148199855 50793235 274760590 15044789099 1678136 0 10749853 0 0 0
1791106306 1785, 2619, 42, 0x0000000000000000 | 6.90 6.39 5.80 | cpu  2148200244 50793235 274760756 15044816803 1678136 0 10749873 0 0 0
1791106308 1785, 2619, 42, 0x0000000000000000 | 6.90 6.39 5.80 | cpu  2148200642 50793235 274760938 15044841570 1678136 0 10749890 0 0 0
1791106309 1785, 2619, 42, 0x0000000000000000 | 6.90 6.39 5.80 | cpu  2148201114 50793235 274761148 15044866427 1678136 0 10749901 0 0 0
1791106310 1785, 2619, 42, 0x0000000000000000 | 6.67 6.35 5.79 | cpu  2148201517 50793236 274761366 15044890591 1678136 0 10749915 0 0 0
1791106311 1785, 2619, 42, 0x0000000000000000 | 6.67 6.35 5.79 | cpu  2148201967 50793236 274761620 15044916513 1678136 0 10749935 0 0 0
1791106312 1785, 2619, 42, 0x0000000000000000 | 6.67 6.35 5.79 | cpu  2148202345 50793236 274761830 15044941290 1678136 0 10749942 0 0 0
1791106313 1785, 2619, 42, 0x0000000000000000 | 6.67 6.35 5.79 | cpu  2148202724 50793236 274762014 15044966764 1678136 0 10749948 0 0 0
1791106315 1785, 2619, 42, 0x0000000000000000 | 6.61 6.35 5.80 | cpu  2148203136 50793236 274762264 15044991334 1678136 0 10749956 0 0 0
1791106316 1785, 2619, 42, 0x0000000000000000 | 6.61 6.35 5.80 | cpu  2148203555 50793236 274762540 15045016850 1678136 0 10749966 0 0 0
1791106317 1785, 2619, 42, 0x0000000000000000 | 6.61 6.35 5.80 | cpu  2148203928 50793236 274762785 15045041951 1678137 0 10749977 0 0 0
1791106318 1785, 2619, 42, 0x0000000000000000 | 6.61 6.35 5.80 | cpu  2148204421 50793236 274763010 15045067545 1678137 0 10749988 0 0 0
1791106319 1785, 2619, 42, 0x0000000000000000 | 6.57 6.34 5.80 | cpu  2148204848 50793236 274763259 15045092783 1678137 0 10750013 0 0 0
1791106320 1785, 2619, 42, 0x0000000000000000 | 6.57 6.34 5.80 | cpu  2148205289 50793236 274763497 15045118808 1678137 0 10750028 0 0 0
1791106322 1785, 2619, 42, 0x0000000000000000 | 6.57 6.34 5.80 | cpu  2148205674 50793236 274763629 15045144861 1678137 0 10750039 0 0 0
1791106323 1785, 2619, 42, 0x0000000000000000 | 6.57 6.34 5.80 | cpu  2148206103 50793236 274763772 15045170193 1678137 0 10750049 0 0 0
1791106324 1785, 2619, 42, 0x0000000000000000 | 6.57 6.34 5.80 | cpu  2148206468 50793236 274763849 15045195192 1678137 0 10750062 0 0 0
1791106325 1785, 2619, 42, 0x0000000000000000 | 6.36 6.30 5.79 | cpu  2148206842 50793236 274763935 15045220927 1678137 0 10750065 0 0 0
1791106326 1785, 2619, 42, 0x0000000000000000 | 6.36 6.30 5.79 | cpu  2148207234 50793236 274764082 15045245724 1678138 0 10750072 0 0 0
1791106327 1785, 2619, 42, 0x0000000000000000 | 6.36 6.30 5.79 | cpu  2148207588 50793236 274764236 15045271507 1678138 0 10750078 0 0 0
1791106328 1785, 2619, 42, 0x0000000000000000 | 6.36 6.30 5.79 | cpu  2148207987 50793236 274764459 15045296305 1678138 0 10750089 0 0 0
1791106330 1785, 2619, 42, 0x0000000000000000 | 6.33 6.30 5.79 | cpu  2148208510 50793236 274764742 15045321623 1678138 0 10750108 0 0 0
1791106331 1785, 2619, 42, 0x0000000000000000 | 6.33 6.30 5.79 | cpu  2148209132 50793236 274765042 15045348105 1678138 0 10750124 0 0 0
1791106332 1785, 2619, 42, 0x0000000000000000 | 6.33 6.30 5.79 | cpu  2148209679 50793238 274765319 15045372559 1678139 0 10750142 0 0 0
1791106333 1785, 2619, 42, 0x0000000000000000 | 6.33 6.30 5.79 | cpu  2148210229 50793238 274765557 15045398132 1678139 0 10750172 0 0 0
1791106334 1785, 2619, 42, 0x0000000000000000 | 6.06 6.24 5.77 | cpu  2148210600 50793238 274765629 15045423435 1678139 0 10750181 0 0 0
1791106336 1785, 2619, 42, 0x0000000000000000 | 6.06 6.24 5.77 | cpu  2148210972 50793238 274765696 15045448309 1678139 0 10750185 0 0 0
1791106337 1785, 2619, 42, 0x0000000000000000 | 6.06 6.24 5.77 | cpu  2148211322 50793238 274765778 15045473876 1678139 0 10750192 0 0 0
1791106338 1785, 2619, 42, 0x0000000000000000 | 6.06 6.24 5.77 | cpu  2148211744 50793238 274766006 15045499581 1678139 0 10750203 0 0 0
1791106339 1785, 2619, 42, 0x0000000000000000 | 6.14 6.26 5.78 | cpu  2148212165 50793238 274766254 15045524182 1678140 0 10750217 0 0 0
1791106340 1785, 2619, 42, 0x0000000000000000 | 6.14 6.26 5.78 | cpu  2148212593 50793238 274766508 15045549347 1678140 0 10750230 0 0 0
1791106341 1785, 2619, 42, 0x0000000000000000 | 6.14 6.26 5.78 | cpu  2148213032 50793238 274766749 15045577116 1678140 0 10750232 0 0 0
1791106343 1785, 2619, 42, 0x0000000000000000 | 6.14 6.26 5.78 | cpu  2148213488 50793239 274766996 15045603198 1678142 0 10750244 0 0 0
1791106344 1785, 2619, 42, 0x0000000000000000 | 6.14 6.26 5.78 | cpu  2148213941 50793239 274767215 15045628261 1678142 0 10750257 0 0 0
1791106345 1785, 2619, 42, 0x0000000000000000 | 6.05 6.23 5.78 | cpu  2148214352 50793239 274767335 15045653534 1678142 0 10750265 0 0 0
1791106346 1785, 2619, 42, 0x0000000000000000 | 6.05 6.23 5.78 | cpu  2148214733 50793239 274767396 15045678942 1678142 0 10750270 0 0 0
1791106347 1785, 2619, 42, 0x0000000000000000 | 6.05 6.23 5.78 | cpu  2148215060 50793239 274767456 15045702730 1678142 0 10750278 0 0 0
1791106348 1785, 2619, 42, 0x0000000000000000 | 6.05 6.23 5.78 | cpu  2148215470 50793239 274767545 15045728025 1678142 0 10750288 0 0 0
1791106350 1785, 2619, 42, 0x0000000000000000 | 5.96 6.21 5.77 | cpu  2148215909 50793239 274767720 15045753841 1678142 0 10750300 0 0 0
1791106351 1785, 2619, 42, 0x0000000000000000 | 5.96 6.21 5.77 | cpu  2148216352 50793239 274767970 15045778437 1678144 0 10750316 0 0 0
1791106352 1785, 2619, 42, 0x0000000000000000 | 5.96 6.21 5.77 | cpu  2148216750 50793239 274768196 15045802343 1678144 0 10750332 0 0 0
1791106353 1785, 2619, 42, 0x0000000000000000 | 5.96 6.21 5.77 | cpu  2148217199 50793239 274768441 15045827870 1678144 0 10750348 0 0 0
1791106354 1785, 2619, 42, 0x0000000000000000 | 6.05 6.23 5.78 | cpu  2148217636 50793239 274768724 15045853826 1678144 0 10750368 0 0 0
1791106355 1785, 2619, 42, 0x0000000000000000 | 6.05 6.23 5.78 | cpu  2148218058 50793239 274768910 15045880427 1678145 0 10750377 0 0 0
1791106356 1785, 2619, 42, 0x0000000000000000 | 6.05 6.23 5.78 | cpu  2148218495 50793239 274769152 15045905350 1678145 0 10750394 0 0 0
1791106358 1785, 2619, 42, 0x0000000000000000 | 6.05 6.23 5.78 | cpu  2148218870 50793239 274769301 15045929636 1678145 0 10750406 0 0 0
1791106359 1785, 2619, 42, 0x0000000000000000 | 6.05 6.23 5.78 | cpu  2148219273 50793239 274769392 15045954463 1678145 0 10750412 0 0 0
1791106360 1785, 2619, 42, 0x0000000000000000 | 5.96 6.21 5.77 | cpu  2148219705 50793239 274769545 15045979088 1678145 0 10750428 0 0 0
1791106361 1785, 2619, 42, 0x0000000000000000 | 5.96 6.21 5.77 | cpu  2148220164 50793239 274769690 15046005482 1678145 0 10750432 0 0 0
1791106362 1785, 2619, 42, 0x0000000000000000 | 5.96 6.21 5.77 | cpu  2148220533 50793239 274769881 15046030390 1678145 0 10750441 0 0 0
1791106363 1785, 2619, 42, 0x0000000000000000 | 5.96 6.21 5.77 | cpu  2148220962 50793239 274770114 15046055315 1678146 0 10750450 0 0 0
1791106365 1785, 2619, 42, 0x0000000000000000 | 5.89 6.19 5.77 | cpu  2148221363 50793239 274770300 15046080669 1678146 0 10750459 0 0 0
1791106366 1785, 2619, 42, 0x0000000000000000 | 5.89 6.19 5.77 | cpu  2148221742 50793239 274770460 15046105165 1678146 0 10750472 0 0 0
1791106367 1785, 2619, 42, 0x0000000000000000 | 5.89 6.19 5.77 | cpu  2148222122 50793239 274770613 15046130915 1678146 0 10750484 0 0 0
1791106368 1785, 2619, 42, 0x0000000000000000 | 5.89 6.19 5.77 | cpu  2148222560 50793239 274770819 15046157110 1678146 0 10750498 0 0 0
1791106369 1785, 2619, 42, 0x0000000000000000 | 5.73 6.15 5.76 | cpu  2148222948 50793240 274770932 15046182368 1678146 0 10750506 0 0 0
1791106370 1785, 2619, 42, 0x0000000000000000 | 5.73 6.15 5.76 | cpu  2148223333 50793240 274771092 15046207106 1678146 0 10750509 0 0 0
1791106371 1785, 2619, 42, 0x0000000000000000 | 5.73 6.15 5.76 | cpu  2148223725 50793240 274771223 15046231980 1678146 0 10750512 0 0 0
1791106373 1785, 2619, 42, 0x0000000000000000 | 5.73 6.15 5.76 | cpu  2148224131 50793240 274771364 15046257194 1678146 0 10750519 0 0 0
1791106374 1785, 2619, 42, 0x0000000000000000 | 5.73 6.15 5.76 | cpu  2148224548 50793240 274771556 15046282161 1678146 0 10750529 0 0 0
1791106375 1785, 2619, 42, 0x0000000000000000 | 5.60 6.11 5.75 | cpu  2148224947 50793240 274771726 15046307695 1678148 0 10750545 0 0 0
1791106376 1785, 2619, 42, 0x0000000000000000 | 5.60 6.11 5.75 | cpu  2148225340 50793240 274771873 15046332419 1678148 0 10750552 0 0 0
1791106377 1785, 2619, 42, 0x0000000000000000 | 5.60 6.11 5.75 | cpu  2148225738 50793240 274772038 15046359884 1678148 0 10750570 0 0 0
1791106378 1785, 2619, 42, 0x0000000000000000 | 5.60 6.11 5.75 | cpu  2148226125 50793240 274772186 15046384631 1678149 0 10750588 0 0 0
1791106380 1785, 2619, 42, 0x0000000000000000 | 5.79 6.15 5.76 | cpu  2148226570 50793240 274772436 15046410005 1678149 0 10750607 0 0 0
1791106381 1785, 2619, 42, 0x0000000000000000 | 5.79 6.15 5.76 | cpu  2148226974 50793240 274772618 15046435179 1678149 0 10750614 0 0 0
1791106382 1785, 2619, 42, 0x0000000000000000 | 5.79 6.15 5.76 | cpu  2148227352 50793240 274772734 15046459883 1678149 0 10750626 0 0 0
1791106383 1785, 2619, 42, 0x0000000000000000 | 5.79 6.15 5.76 | cpu  2148227752 50793240 274772861 15046484100 1678149 0 10750640 0 0 0
1791106384 1785, 2619, 42, 0x0000000000000000 | 5.56 6.09 5.75 | cpu  2148228148 50793240 274772969 15046509889 1678149 0 10750648 0 0 0
1791106385 1785, 2619, 42, 0x0000000000000000 | 5.56 6.09 5.75 | cpu  2148228546 50793240 274773096 15046534697 1678149 0 10750658 0 0 0
1791106387 1785, 2619, 42, 0x0000000000000000 | 5.56 6.09 5.75 | cpu  2148228900 50793240 274773244 15046559764 1678150 0 10750665 0 0 0
1791106388 1785, 2619, 42, 0x0000000000000000 | 5.56 6.09 5.75 | cpu  2148229280 50793240 274773399 15046583924 1678150 0 10750682 0 0 0
1791106389 1785, 2619, 42, 0x0000000000000000 | 5.56 6.09 5.75 | cpu  2148229669 50793240 274773581 15046609132 1678150 0 10750694 0 0 0
1791106390 1785, 2619, 42, 0x0000000000000000 | 5.52 6.07 5.74 | cpu  2148230115 50793240 274773828 15046634704 1678150 0 10750705 0 0 0
1791106391 1785, 2619, 42, 0x0000000000000000 | 5.52 6.07 5.74 | cpu  2148230541 50793240 274774083 15046661284 1678150 0 10750725 0 0 0
1791106392 1785, 2619, 42, 0x0000000000000000 | 5.52 6.07 5.74 | cpu  2148230965 50793240 274774288 15046685902 1678150 0 10750730 0 0 0
1791106393 1785, 2619, 42, 0x0000000000000000 | 5.52 6.07 5.74 | cpu  2148231403 50793241 274774436 15046712218 1678150 0 10750742 0 0 0
1791106395 1785, 2619, 42, 0x0000000000000000 | 5.40 6.04 5.73 | cpu  2148231792 50793241 274774513 15046737566 1678150 0 10750747 0 0 0
1791106396 1785, 2619, 42, 0x0000000000000000 | 5.40 6.04 5.73 | cpu  2148232163 50793241 274774572 15046762967 1678150 0 10750756 0 0 0
1791106397 1785, 2619, 42, 0x0000000000000000 | 5.40 6.04 5.73 | cpu  2148232497 50793241 274774645 15046787974 1678150 0 10750766 0 0 0
1791106398 1785, 2619, 43, 0x0000000000000000 | 5.40 6.04 5.73 | cpu  2148232903 50793241 274774804 15046813511 1678152 0 10750784 0 0 0
1791106399 1785, 2619, 42, 0x0000000000000000 | 5.45 6.04 5.74 | cpu  2148233302 50793241 274774999 15046838183 1678152 0 10750799 0 0 0
1791106400 1785, 2619, 42, 0x0000000000000000 | 5.45 6.04 5.74 | cpu  2148233721 50793241 274775246 15046862738 1678152 0 10750806 0 0 0
1791106402 1785, 2619, 42, 0x0000000000000000 | 5.45 6.04 5.74 | cpu  2148234193 50793241 274775522 15046889037 1678154 0 10750813 0 0 0
1791106403 1785, 2619, 42, 0x0000000000000000 | 5.45 6.04 5.74 | cpu  2148234610 50793241 274775879 15046913349 1678154 0 10750823 0 0 0
1791106404 1785, 2619, 42, 0x0000000000000000 | 5.45 6.04 5.74 | cpu  2148235053 50793241 274776180 15046938968 1678154 0 10750833 0 0 0
1791106405 1785, 2619, 42, 0x0000000000000000 | 5.41 6.02 5.73 | cpu  2148235452 50793241 274776285 15046964437 1678154 0 10750840 0 0 0
1791106406 1785, 2619, 42, 0x0000000000000000 | 5.41 6.02 5.73 | cpu  2148236138 50793241 274776372 15046988719 1678154 0 10750848 0 0 0
1791106407 1785, 2619, 42, 0x0000000000000000 | 5.41 6.02 5.73 | cpu  2148236820 50793241 274776464 15047012715 1678154 0 10750878 0 0 0
1791106408 1785, 2619, 42, 0x0000000000000000 | 5.41 6.02 5.73 | cpu  2148237200 50793241 274776535 15047038377 1678154 0 10750888 0 0 0
1791106410 1785, 2619, 42, 0x0000000000000000 | 5.30 5.99 5.72 | cpu  2148237628 50793241 274776676 15047063537 1678154 0 10750898 0 0 0
1791106411 1785, 2619, 42, 0x0000000000000000 | 5.30 5.99 5.72 | cpu  2148238106 50793241 274776944 15047088517 1678156 0 10750915 0 0 0
1791106412 1785, 2619, 42, 0x0000000000000000 | 5.30 5.99 5.72 | cpu  2148238471 50793241 274777151 15047112326 1678156 0 10750921 0 0 0
1791106413 1785, 2619, 42, 0x0000000000000000 | 5.30 5.99 5.72 | cpu  2148238922 50793241 274777408 15047138252 1678156 0 10750927 0 0 0
1791106414 1785, 2619, 42, 0x0000000000000000 | 5.35 5.99 5.72 | cpu  2148239360 50793241 274777642 15047163268 1678156 0 10750937 0 0 0
1791106415 1785, 2619, 42, 0x0000000000000000 | 5.35 5.99 5.72 | cpu  2148239755 50793241 274777839 15047188292 1678157 0 10750946 0 0 0
1791106417 1785, 2619, 42, 0x0000000000000000 | 5.35 5.99 5.72 | cpu  2148240121 50793241 274777954 15047213758 1678157 0 10750970 0 0 0
1791106418 1785, 2619, 42, 0x0000000000000000 | 5.35 5.99 5.72 | cpu  2148240509 50793241 274778023 15047238665 1678157 0 10750974 0 0 0
1791106419 1785, 2619, 42, 0x0000000000000000 | 5.35 5.99 5.72 | cpu  2148240871 50793241 274778082 15047263191 1678157 0 10750979 0 0 0
1791106420 1785, 2619, 42, 0x0000000000000000 | 5.24 5.95 5.71 | cpu  2148241266 50793241 274778184 15047288876 1678157 0 10750984 0 0 0
1791106421 1785, 2619, 42, 0x0000000000000000 | 5.24 5.95 5.71 | cpu  2148241664 50793241 274778383 15047315827 1678157 0 10750996 0 0 0
1791106422 1785, 2619, 42, 0x0000000000000000 | 5.24 5.95 5.71 | cpu  2148242089 50793241 274778780 15047340363 1678158 0 10751008 0 0 0
1791106423 1785, 2619, 42, 0x0000000000000000 | 5.24 5.95 5.71 | cpu  2148242523 50793241 274779051 15047364832 1678158 0 10751021 0 0 0
1791106425 1785, 2619, 42, 0x0000000000000000 | 5.30 5.96 5.72 | cpu  2148242965 50793241 274779294 15047389734 1678158 0 10751036 0 0 0
1791106426 1785, 2619, 42, 0x0000000000000000 | 5.30 5.96 5.72 | cpu  2148243348 50793241 274779485 15047414613 1678158 0 10751041 0 0 0
1791106427 1785, 2619, 42, 0x0000000000000000 | 5.30 5.96 5.72 | cpu  2148243703 50793241 274779635 15047439584 1678158 0 10751052 0 0 0
1791106428 1785, 2619, 42, 0x0000000000000000 | 5.30 5.96 5.72 | cpu  2148244086 50793241 274779786 15047464469 1678159 0 10751064 0 0 0
1791106429 1785, 2619, 42, 0x0000000000000000 | 5.12 5.91 5.70 | cpu  2148244470 50793241 274779864 15047490172 1678159 0 10751068 0 0 0
1791106430 1785, 2619, 42, 0x0000000000000000 | 5.12 5.91 5.70 | cpu  2148244876 50793241 274779977 15047516826 1678159 0 10751075 0 0 0
1791106432 1785, 2619, 42, 0x0000000000000000 | 5.12 5.91 5.70 | cpu  2148245242 50793241 274780150 15047541665 1678159 0 10751084 0 0 0
1791106433 1785, 2619, 42, 0x0000000000000000 | 5.12 5.91 5.70 | cpu  2148245666 50793241 274780286 15047566034 1678159 0 10751090 0 0 0
1791106434 1785, 2619, 42, 0x0000000000000000 | 5.12 5.91 5.70 | cpu  2148246081 50793241 274780483 15047591277 1678159 0 10751098 0 0 0
1791106435 1785, 2619, 42, 0x0000000000000000 | 5.11 5.89 5.70 | cpu  2148246505 50793241 274780728 15047616091 1678160 0 10751113 0 0 0
1791106436 1785, 2619, 42, 0x0000000000000000 | 5.11 5.89 5.70 | cpu  2148246913 50793241 274780920 15047642225 1678160 0 10751128 0 0 0
1791106437 1785, 2619, 42, 0x0000000000000000 | 5.11 5.89 5.70 | cpu  2148247304 50793241 274781082 15047666913 1678160 0 10751138 0 0 0
1791106438 1785, 2619, 42, 0x0000000000000000 | 5.11 5.89 5.70 | cpu  2148247692 50793241 274781244 15047692023 1678160 0 10751148 0 0 0
1791106440 1785, 2619, 42, 0x0000000000000000 | 5.34 5.93 5.71 | cpu  2148248092 50793241 274781420 15047717241 1678161 0 10751159 0 0 0
1791106441 1785, 2619, 42, 0x0000000000000000 | 5.34 5.93 5.71 | cpu  2148248485 50793242 274781559 15047742497 1678161 0 10751176 0 0 0
1791106442 1785, 2619, 42, 0x0000000000000000 | 5.34 5.93 5.71 | cpu  2148248859 50793242 274781709 15047768948 1678161 0 10751183 0 0 0
1791106443 1785, 2619, 42, 0x0000000000000000 | 5.34 5.93 5.71 | cpu  2148249308 50793242 274781850 15047794811 1678161 0 10751190 0 0 0
1791106444 1785, 2619, 42, 0x0000000000000000 | 5.31 5.91 5.71 | cpu  2148249728 50793242 274781991 15047820341 1678161 0 10751197 0 0 0
1791106446 1785, 2619, 42, 0x0000000000000000 | 5.31 5.91 5.71 | cpu  2148250229 50793242 274782157 15047845974 1678161 0 10751204 0 0 0
1791106447 1785, 2619, 42, 0x0000000000000000 | 5.31 5.91 5.71 | cpu  2148250571 50793242 274782314 15047870714 1678162 0 10751224 0 0 0
1791106448 1785, 2619, 42, 0x0000000000000000 | 5.31 5.91 5.71 | cpu  2148250965 50793242 274782483 15047895436 1678162 0 10751241 0 0 0
1791106449 1785, 2619, 42, 0x0000000000000000 | 5.31 5.91 5.71 | cpu  2148251356 50793242 274782632 15047920894 1678162 0 10751246 0 0 0
1791106450 1785, 2619, 42, 0x0000000000000000 | 5.29 5.90 5.70 | cpu  2148251772 50793242 274782793 15047946579 1678163 0 10751261 0 0 0
1791106451 1785, 2619, 42, 0x0000000000000000 | 5.29 5.90 5.70 | cpu  2148252157 50793242 274783025 15047971560 1678163 0 10751279 0 0 0
1791106452 1785, 2619, 42, 0x0000000000000000 | 5.29 5.90 5.70 | cpu  2148252594 50793242 274783218 15047997631 1678163 0 10751290 0 0 0
1791106454 1785, 2619, 42, 0x0000000000000000 | 5.29 5.90 5.70 | cpu  2148253012 50793242 274783442 15048022364 1678163 0 10751304 0 0 0
1791106455 1785, 2619, 42, 0x0000000000000000 | 5.27 5.88 5.70 | cpu  2148253436 50793242 274783608 15048047036 1678163 0 10751312 0 0 0
1791106456 1785, 2619, 42, 0x0000000000000000 | 5.27 5.88 5.70 | cpu  2148253824 50793242 274783710 15048075541 1678163 0 10751318 0 0 0
1791106457 1785, 2619, 42, 0x0000000000000000 | 5.27 5.88 5.70 | cpu  2148254233 50793242 274783803 15048100871 1678163 0 10751326 0 0 0
1791106458 1785, 2619, 42, 0x0000000000000000 | 5.27 5.88 5.70 | cpu  2148254625 50793242 274783972 15048125856 1678165 0 10751352 0 0 0
1791106460 1785, 2619, 42, 0x0000000000000000 | 5.24 5.87 5.69 | cpu  2148255031 50793242 274784145 15048150336 1678166 0 10751362 0 0 0
1791106461 1785, 2619, 42, 0x0000000000000000 | 5.24 5.87 5.69 | cpu  2148255435 50793242 274784322 15048174583 1678166 0 10751372 0 0 0
1791106462 1785, 2619, 42, 0x0000000000000000 | 5.24 5.87 5.69 | cpu  2148255796 50793242 274784555 15048199008 1678168 0 10751385 0 0 0
1791106463 1785, 2619, 42, 0x0000000000000000 | 5.24 5.87 5.69 | cpu  2148256222 50793242 274784798 15048224386 1678168 0 10751397 0 0 0
1791106464 1785, 2619, 42, 0x0000000000000000 | 5.24 5.87 5.69 | cpu  2148256638 50793242 274785005 15048249172 1678168 0 10751405 0 0 0
1791106465 1785, 2619, 42, 0x0000000000000000 | 5.38 5.89 5.70 | cpu  2148257059 50793242 274785139 15048274537 1678168 0 10751410 0 0 0
1791106466 1785, 2619, 42, 0x0000000000000000 | 5.38 5.89 5.70 | cpu  2148257420 50793242 274785220 15048299773 1678168 0 10751418 0 0 0
1791106468 1785, 2619, 42, 0x0000000000000000 | 5.38 5.89 5.70 | cpu  2148257824 50793242 274785398 15048325414 1678168 0 10751432 0 0 0
1791106469 1785, 2619, 42, 0x0000000000000000 | 5.38 5.89 5.70 | cpu  2148258178 50793242 274785488 15048349412 1678168 0 10751434 0 0 0
1791106470 1785, 2619, 42, 0x0000000000000000 | 5.27 5.85 5.69 | cpu  2148258569 50793242 274785641 15048374268 1678168 0 10751450 0 0 0
1791106471 1785, 2619, 42, 0x0000000000000000 | 5.27 5.85 5.69 | cpu  2148258975 50793242 274785865 15048401868 1678168 0 10751481 0 0 0
1791106472 1785, 2619, 42, 0x0000000000000000 | 5.27 5.85 5.69 | cpu  2148259386 50793242 274786122 15048426988 1678168 0 10751495 0 0 0
1791106473 1785, 2619, 42, 0x0000000000000000 | 5.27 5.85 5.69 | cpu  2148259817 50793242 274786341 15048451714 1678169 0 10751501 0 0 0
1791106474 1785, 2619, 42, 0x0000000000000000 | 5.33 5.86 5.69 | cpu  2148260229 50793242 274786578 15048476722 1678169 0 10751512 0 0 0
1791106476 1785, 2619, 42, 0x0000000000000000 | 5.33 5.86 5.69 | cpu  2148260659 50793242 274786810 15048501837 1678169 0 10751527 0 0 0
1791106477 1785, 2619, 42, 0x0000000000000000 | 5.33 5.86 5.69 | cpu  2148261005 50793242 274786883 15048527619 1678169 0 10751532 0 0 0
1791106478 1785, 2619, 42, 0x0000000000000000 | 5.33 5.86 5.69 | cpu  2148261372 50793246 274786952 15048553398 1678169 0 10751541 0 0 0
1791106479 1785, 2619, 42, 0x0000000000000000 | 5.22 5.82 5.68 | cpu  2148261749 50793246 274787011 15048578377 1678169 0 10751544 0 0 0
1791106480 1785, 2619, 42, 0x0000000000000000 | 5.22 5.82 5.68 | cpu  2148262148 50793246 274787084 15048603694 1678169 0 10751547 0 0 0
1791106481 1785, 2619, 42, 0x0000000000000000 | 5.22 5.82 5.68 | cpu  2148262540 50793246 274787248 15048629677 1678169 0 10751552 0 0 0
1791106483 1785, 2619, 42, 0x0000000000000000 | 5.22 5.82 5.68 | cpu  2148262968 50793246 274787485 15048654824 1678170 0 10751558 0 0 0
1791106484 1785, 2619, 42, 0x0000000000000000 | 5.22 5.82 5.68 | cpu  2148263415 50793246 274787739 15048680973 1678170 0 10751567 0 0 0
1791106485 1785, 2619, 42, 0x0000000000000000 | 5.21 5.81 5.68 | cpu  2148263827 50793246 274787984 15048705541 1678170 0 10751576 0 0 0
1791106486 1785, 2619, 42, 0x0000000000000000 | 5.21 5.81 5.68 | cpu  2148264214 50793246 274788298 15048730232 1678170 0 10751607 0 0 0
1791106487 1785, 2619, 42, 0x0000000000000000 | 5.21 5.81 5.68 | cpu  2148264618 50793246 274788658 15048755197 1678170 0 10751618 0 0 0
1791106488 1785, 2619, 42, 0x0000000000000000 | 5.21 5.81 5.68 | cpu  2148265013 50793246 274788952 15048779959 1678170 0 10751627 0 0 0
1791106490 1785, 2619, 42, 0x0000000000000000 | 5.19 5.80 5.68 | cpu  2148265434 50793246 274789143 15048804969 1678170 0 10751640 0 0 0
1791106491 1785, 2619, 42, 0x0000000000000000 | 5.19 5.80 5.68 | cpu  2148265808 50793246 274789320 15048830235 1678170 0 10751646 0 0 0
1791106492 1785, 2619, 42, 0x0000000000000000 | 5.19 5.80 5.68 | cpu  2148266160 50793246 274789517 15048855338 1678170 0 10751650 0 0 0
1791106493 1785, 2619, 42, 0x0000000000000000 | 5.19 5.80 5.68 | cpu  2148266599 50793246 274789816 15048881126 1678170 0 10751659 0 0 0
1791106494 1785, 2619, 42, 0x0000000000000000 | 5.34 5.82 5.68 | cpu  2148267037 50793246 274790042 15048906250 1678171 0 10751676 0 0 0
1791106495 1785, 2619, 42, 0x0000000000000000 | 5.34 5.82 5.68 | cpu  2148267464 50793246 274790286 15048931487 1678171 0 10751684 0 0 0
1791106496 1785, 2619, 43, 0x0000000000000000 | 5.34 5.82 5.68 | cpu  2148267858 50793246 274790510 15048957121 1678171 0 10751696 0 0 0
1791106498 1785, 2619, 42, 0x0000000000000000 | 5.34 5.82 5.68 | cpu  2148268274 50793246 274790664 15048982262 1678171 0 10751707 0 0 0
1791106499 1785, 2619, 42, 0x0000000000000000 | 5.34 5.82 5.68 | cpu  2148268687 50793246 274790824 15049008233 1678171 0 10751724 0 0 0
1791106500 1785, 2619, 43, 0x0000000000000000 | 5.23 5.79 5.68 | cpu  2148269102 50793246 274790973 15049033923 1678171 0 10751744 0 0 0
1791106501 1785, 2619, 42, 0x0000000000000000 | 5.23 5.79 5.68 | cpu  2148269454 50793246 274791094 15049058810 1678171 0 10751756 0 0 0
1791106502 1785, 2619, 42, 0x0000000000000000 | 5.23 5.79 5.68 | cpu  2148269927 50793246 274791378 15049084637 1678173 0 10751772 0 0 0
1791106504 1785, 2619, 42, 0x0000000000000000 | 5.23 5.79 5.68 | cpu  2148270552 50793246 274791637 15049109910 1678173 0 10751788 0 0 0
1791106505 1785, 2619, 42, 0x0000000000000000 | 5.37 5.81 5.68 | cpu  2148271115 50793246 274791852 15049134355 1678173 0 10751805 0 0 0
1791106506 1785, 2619, 42, 0x0000000000000000 | 5.37 5.81 5.68 | cpu  2148271723 50793246 274792139 15049160318 1678174 0 10751826 0 0 0
1791106507 1785, 2619, 42, 0x0000000000000000 | 5.37 5.81 5.68 | cpu  2148272175 50793247 274792367 15049184837 1678174 0 10751840 0 0 0
1791106508 1785, 2619, 42, 0x0000000000000000 | 5.37 5.81 5.68 | cpu  2148272585 50793247 274792575 15049210573 1678174 0 10751850 0 0 0
1791106509 1785, 2619, 42, 0x0000000000000000 | 5.42 5.81 5.68 | cpu  2148272959 50793247 274792736 15049234674 1678174 0 10751856 0 0 0
1791106510 1785, 2619, 42, 0x0000000000000000 | 5.42 5.81 5.68 | cpu  2148273354 50793247 274792906 15049259836 1678174 0 10751858 0 0 0
1791106512 1785, 2619, 42, 0x0000000000000000 | 5.42 5.81 5.68 | cpu  2148273704 50793248 274793054 15049284841 1678174 0 10751872 0 0 0
1791106513 1785, 2619, 42, 0x0000000000000000 | 5.42 5.81 5.68 | cpu  2148274102 50793248 274793186 15049309719 1678174 0 10751874 0 0 0
1791106514 1785, 2619, 42, 0x0000000000000000 | 5.42 5.81 5.68 | cpu  2148274503 50793248 274793328 15049334508 1678174 0 10751878 0 0 0
1791106515 1785, 2619, 42, 0x0000000000000000 | 5.31 5.78 5.68 | cpu  2148274900 50793251 274793462 15049358964 1678174 0 10751885 0 0 0
1791106516 1785, 2619, 42, 0x0000000000000000 | 5.31 5.78 5.68 | cpu  2148275345 50793251 274793604 15049383508 1678174 0 10751893 0 0 0
1791106517 1785, 2619, 42, 0x0000000000000000 | 5.31 5.78 5.68 | cpu  2148275741 50793251 274793761 15049408686 1678174 0 10751915 0 0 0
1791106518 1785, 2619, 42, 0x0000000000000000 | 5.31 5.78 5.68 | cpu  2148276155 50793252 274793976 15049433741 1678176 0 10751926 0 0 0
1791106520 1785, 2619, 42, 0x0000000000000000 | 5.28 5.77 5.67 | cpu  2148276543 50793252 274794128 15049458393 1678176 0 10751933 0 0 0
1791106521 1785, 2619, 42, 0x0000000000000000 | 5.28 5.77 5.67 | cpu  2148276936 50793252 274794284 15049485733 1678176 0 10751938 0 0 0
1791106522 1785, 2619, 42, 0x0000000000000000 | 5.28 5.77 5.67 | cpu  2148277348 50793252 274794486 15049510131 1678178 0 10751946 0 0 0
1791106523 1785, 2619, 42, 0x0000000000000000 | 5.28 5.77 5.67 | cpu  2148277738 50793252 274794736 15049534443 1678178 0 10751954 0 0 0
1791106524 1785, 2619, 43, 0x0000000000000000 | 5.26 5.75 5.67 | cpu  2148278159 50793252 274794889 15049560186 1678178 0 10751957 0 0 0
1791106525 1785, 2619, 43, 0x0000000000000000 | 5.26 5.75 5.67 | cpu  2148278563 50793252 274795014 15049584551 1678178 0 10751962 0 0 0
1791106526 1785, 2619, 43, 0x0000000000000000 | 5.26 5.75 5.67 | cpu  2148278953 50793252 274795146 15049608528 1678178 0 10751970 0 0 0
1791106528 1785, 2619, 43, 0x0000000000000000 | 5.26 5.75 5.67 | cpu  2148279341 50793252 274795215 15049634897 1678178 0 10751973 0 0 0
1791106529 1785, 2619, 42, 0x0000000000000000 | 5.26 5.75 5.67 | cpu  2148279724 50793253 274795314 15049659747 1678178 0 10751982 0 0 0
1791106530 1785, 2619, 42, 0x0000000000000000 | 5.40 5.77 5.67 | cpu  2148280134 50793253 274795491 15049684988 1678179 0 10751993 0 0 0
1791106531 1785, 2619, 42, 0x0000000000000000 | 5.40 5.77 5.67 | cpu  2148280491 50793253 274795648 15049710486 1678179 0 10751998 0 0 0
1791106532 1785, 2619, 42, 0x0000000000000000 | 5.40 5.77 5.67 | cpu  2148280917 50793253 274795983 15049736112 1678179 0 10752010 0 0 0
1791106533 1785, 2619, 42, 0x0000000000000000 | 5.40 5.77 5.67 | cpu  2148281365 50793253 274796373 15049761230 1678179 0 10752027 0 0 0
1791106535 1785, 2619, 42, 0x0000000000000000 | 5.45 5.78 5.68 | cpu  2148281833 50793254 274796708 15049787587 1678179 0 10752046 0 0 0
1791106536 1785, 2619, 42, 0x0000000000000000 | 5.45 5.78 5.68 | cpu  2148282233 50793254 274797006 15049812307 1678179 0 10752066 0 0 0
1791106537 1785, 2619, 42, 0x0000000000000000 | 5.45 5.78 5.68 | cpu  2148282615 50793254 274797213 15049836579 1678179 0 10752068 0 0 0
1791106538 1785, 2619, 43, 0x0000000000000000 | 5.45 5.78 5.68 | cpu  2148282988 50793254 274797284 15049861339 1678179 0 10752078 0 0 0
1791106539 1785, 2619, 43, 0x0000000000000000 | 5.33 5.75 5.67 | cpu  2148283360 50793254 274797352 15049886704 1678180 0 10752082 0 0 0
1791106540 1785, 2619, 43, 0x0000000000000000 | 5.33 5.75 5.67 | cpu  2148283737 50793254 274797427 15049912593 1678180 0 10752089 0 0 0
1791106542 1785, 2619, 42, 0x0000000000000000 | 5.33 5.75 5.67 | cpu  2148284112 50793254 274797578 15049937934 1678181 0 10752101 0 0 0
1791106543 1785, 2619, 42, 0x0000000000000000 | 5.33 5.75 5.67 | cpu  2148284543 50793254 274797812 15049963572 1678181 0 10752114 0 0 0
1791106544 1785, 2619, 42, 0x0000000000000000 | 5.33 5.75 5.67 | cpu  2148284941 50793254 274798056 15049988286 1678181 0 10752124 0 0 0
1791106545 1785, 2619, 42, 0x0000000000000000 | 5.54 5.79 5.68 | cpu  2148285386 50793254 274798276 15050013684 1678181 0 10752133 0 0 0
1791106546 1785, 2619, 42, 0x0000000000000000 | 5.54 5.79 5.68 | cpu  2148285775 50793254 274798499 15050038873 1678181 0 10752138 0 0 0
1791106547 1785, 2619, 42, 0x0000000000000000 | 5.54 5.79 5.68 | cpu  2148286202 50793254 274798758 15050064789 1678181 0 10752156 0 0 0
1791106549 1785, 2619, 42, 0x0000000000000000 | 5.54 5.79 5.68 | cpu  2148286584 50793254 274798845 15050090077 1678181 0 10752163 0 0 0
1791106550 1785, 2619, 42, 0x0000000000000000 | 5.34 5.74 5.67 | cpu  2148286960 50793254 274798924 15050115030 1678181 0 10752176 0 0 0
1791106551 1785, 2619, 42, 0x0000000000000000 | 5.34 5.74 5.67 | cpu  2148287284 50793254 274798982 15050139578 1678181 0 10752179 0 0 0
1791106552 1785, 2619, 42, 0x0000000000000000 | 5.34 5.74 5.67 | cpu  2148287646 50793254 274799057 15050164125 1678181 0 10752183 0 0 0
1791106553 1785, 2619, 42, 0x0000000000000000 | 5.34 5.74 5.67 | cpu  2148288065 50793254 274799345 15050188761 1678181 0 10752194 0 0 0
1791106554 1785, 2619, 42, 0x0000000000000000 | 5.55 5.78 5.68 | cpu  2148288472 50793254 274799625 15050213774 1678183 0 10752206 0 0 0
1791106555 1785, 2619, 42, 0x0000000000000000 | 5.55 5.78 5.68 | cpu  2148288897 50793254 274799854 15050238513 1678183 0 10752219 0 0 0
1791106556 1785, 2619, 42, 0x0000000000000000 | 5.55 5.78 5.68 | cpu  2148289280 50793255 274800078 15050263326 1678183 0 10752238 0 0 0
1791106558 1785, 2619, 42, 0x0000000000000000 | 5.55 5.78 5.68 | cpu  2148289726 50793255 274800315 15050289483 1678183 0 10752251 0 0 0
1791106559 1785, 2619, 42, 0x0000000000000000 | 5.55 5.78 5.68 | cpu  2148290126 50793255 274800472 15050314200 1678183 0 10752262 0 0 0
1791106560 1785, 2619, 42, 0x0000000000000000 | 5.43 5.75 5.67 | cpu  2148290521 50793255 274800608 15050339494 1678183 0 10752271 0 0 0
1791106561 1785, 2619, 42, 0x0000000000000000 | 5.43 5.75 5.67 | cpu  2148290861 50793255 274800664 15050365103 1678183 0 10752274 0 0 0
1791106562 1785, 2619, 42, 0x0000000000000000 | 5.43 5.75 5.67 | cpu  2148291237 50793256 274800730 15050390293 1678184 0 10752277 0 0 0
1791106563 1785, 2619, 42, 0x0000000000000000 | 5.43 5.75 5.67 | cpu  2148291626 50793256 274800852 15050415248 1678184 0 10752287 0 0 0
1791106565 1785, 2619, 42, 0x0000000000000000 | 5.56 5.77 5.68 | cpu  2148292073 50793256 274801022 15050439436 1678184 0 10752296 0 0 0
1791106566 1785, 2619, 42, 0x0000000000000000 | 5.56 5.77 5.68 | cpu  2148292483 50793256 274801224 15050465548 1678184 0 10752302 0 0 0
1791106567 1785, 2619, 42, 0x0000000000000000 | 5.56 5.77 5.68 | cpu  2148292939 50793256 274801477 15050491766 1678185 0 10752314 0 0 0
1791106568 1785, 2619, 42, 0x0000000000000000 | 5.56 5.77 5.68 | cpu  2148293348 50793256 274801701 15050516766 1678185 0 10752324 0 0 0
1791106569 1785, 2619, 42, 0x0000000000000000 | 5.59 5.77 5.68 | cpu  2148293727 50793256 274801854 15050541130 1678185 0 10752328 0 0 0
1791106570 1785, 2619, 42, 0x0000000000000000 | 5.59 5.77 5.68 | cpu  2148294125 50793256 274802014 15050566403 1678185 0 10752340 0 0 0
1791106572 1785, 2619, 42, 0x0000000000000000 | 5.59 5.77 5.68 | cpu  2148294458 50793256 274802166 15050590772 1678185 0 10752348 0 0 0
1791106573 1785, 2619, 42, 0x0000000000000000 | 5.59 5.77 5.68 | cpu  2148294832 50793256 274802237 15050616187 1678185 0 10752351 0 0 0
1791106574 1785, 2619, 42, 0x0000000000000000 | 5.59 5.77 5.68 | cpu  2148295231 50793256 274802361 15050641537 1678185 0 10752356 0 0 0
1791106575 1785, 2619, 42, 0x0000000000000000 | 5.54 5.76 5.67 | cpu  2148295654 50793256 274802522 15050666710 1678185 0 10752359 0 0 0
1791106576 1785, 2619, 42, 0x0000000000000000 | 5.54 5.76 5.67 | cpu  2148296033 50793256 274802659 15050691247 1678185 0 10752363 0 0 0
1791106577 1785, 2619, 42, 0x0000000000000000 | 5.54 5.76 5.67 | cpu  2148296504 50793256 274802853 15050717351 1678185 0 10752384 0 0 0
1791106578 1785, 2619, 42, 0x0000000000000000 | 5.54 5.76 5.67 | cpu  2148296916 50793256 274803063 15050742434 1678186 0 10752395 0 0 0
1791106580 1785, 2619, 42, 0x0000000000000000 | 5.50 5.75 5.67 | cpu  2148297324 50793256 274803246 15050767233 1678186 0 10752400 0 0 0
1791106581 1785, 2619, 42, 0x0000000000000000 | 5.50 5.75 5.67 | cpu  2148297661 50793256 274803385 15050791304 1678186 0 10752409 0 0 0
1791106582 1785, 2619, 42, 0x0000000000000000 | 5.50 5.75 5.67 | cpu  2148298066 50793256 274803632 15050815571 1678187 0 10752420 0 0 0
1791106583 1785, 2619, 42, 0x0000000000000000 | 5.50 5.75 5.67 | cpu  2148298509 50793257 274804115 15050840568 1678188 0 10752439 0 0 0
1791106584 1785, 2619, 42, 0x0000000000000000 | 5.50 5.75 5.67 | cpu  2148298955 50793257 274804492 15050865902 1678188 0 10752443 0 0 0
1791106585 1785, 2619, 42, 0x0000000000000000 | 5.70 5.78 5.68 | cpu  2148299359 50793257 274804764 15050890119 1678188 0 10752445 0 0 0
1791106586 1785, 2619, 42, 0x0000000000000000 | 5.70 5.78 5.68 | cpu  2148299750 50793257 274805043 15050915610 1678188 0 10752455 0 0 0
1791106588 1785, 2619, 42, 0x0000000000000000 | 5.70 5.78 5.68 | cpu  2148300169 50793257 274805284 15050940134 1678188 0 10752462 0 0 0
1791106589 1785, 2619, 43, 0x0000000000000000 | 5.70 5.78 5.68 | cpu  2148300565 50793257 274805500 15050965567 1678188 0 10752467 0 0 0
1791106590 1785, 2619, 42, 0x0000000000000000 | 5.64 5.77 5.68 | cpu  2148300972 50793257 274805760 15050991159 1678189 0 10752473 0 0 0
1791106591 1785, 2619, 43, 0x0000000000000000 | 5.64 5.77 5.68 | cpu  2148301319 50793258 274805914 15051015711 1678189 0 10752478 0 0 0
1791106592 1785, 2619, 43, 0x0000000000000000 | 5.64 5.77 5.68 | cpu  2148301711 50793258 274806078 15051041022 1678189 0 10752489 0 0 0
1791106593 1785, 2619, 42, 0x0000000000000000 | 5.64 5.77 5.68 | cpu  2148302148 50793258 274806289 15051066995 1678189 0 10752504 0 0 0
1791106595 1785, 2619, 42, 0x0000000000000000 | 5.75 5.79 5.69 | cpu  2148302570 50793258 274806544 15051092660 1678189 0 10752518 0 0 0
1791106596 1785, 2619, 42, 0x0000000000000000 | 5.75 5.79 5.69 | cpu  2148302999 50793258 274806734 15051118505 1678189 0 10752522 0 0 0
1791106597 1785, 2619, 42, 0x0000000000000000 | 5.75 5.79 5.69 | cpu  2148303436 50793258 274806941 15051143268 1678189 0 10752531 0 0 0
1791106598 1785, 2619, 42, 0x0000000000000000 | 5.75 5.79 5.69 | cpu  2148304069 50793258 274807381 15051167532 1678189 0 10752542 0 0 0
1791106599 1785, 2619, 42, 0x0000000000000000 | 5.85 5.81 5.69 | cpu  2148304552 50793258 274807640 15051192511 1678189 0 10752554 0 0 0
1791106600 1785, 2619, 42, 0x0000000000000000 | 5.85 5.81 5.69 | cpu  2148305061 50793258 274807848 15051217809 1678189 0 10752561 0 0 0
1791106601 1785, 2619, 42, 0x0000000000000000 | 5.85 5.81 5.69 | cpu  2148305513 50793258 274808115 15051242997 1678189 0 10752569 0 0 0
1791106603 1785, 2619, 42, 0x0000000000000000 | 5.85 5.81 5.69 | cpu  2148306000 50793258 274808398 15051267735 1678189 0 10752581 0 0 0
1791106604 1785, 2619, 42, 0x0000000000000000 | 5.85 5.81 5.69 | cpu  2148306517 50793258 274808724 15051292315 1678190 0 10752593 0 0 0
1791106605 1785, 2619, 42, 0x0000000000000000 | 6.03 5.85 5.71 | cpu  2148307020 50793258 274809089 15051316102 1678190 0 10752611 0 0 0
1791106606 1785, 2619, 42, 0x0000000000000000 | 6.03 5.85 5.71 | cpu  2148307491 50793258 274809430 15051341215 1678190 0 10752626 0 0 0
1791106607 1785, 2619, 42, 0x0000000000000000 | 6.03 5.85 5.71 | cpu  2148308027 50793258 274809714 15051366298 1678190 0 10752634 0 0 0
1791106608 1785, 2619, 42, 0x0000000000000000 | 6.03 5.85 5.71 | cpu  2148308527 50793258 274809900 15051391825 1678190 0 10752641 0 0 0
1791106610 1785, 2619, 42, 0x0000000000000000 | 6.18 5.89 5.72 | cpu  2148309011 50793258 274809997 15051416047 1678190 0 10752651 0 0 0
1791106611 1785, 2619, 42, 0x0000000000000000 | 6.18 5.89 5.72 | cpu  2148309404 50793258 274810076 15051440351 1678190 0 10752658 0 0 0
1791106612 1785, 2619, 42, 0x0000000000000000 | 6.18 5.89 5.72 | cpu  2148309897 50793258 274810196 15051466575 1678190 0 10752665 0 0 0
1791106613 1785, 2619, 42, 0x0000000000000000 | 6.18 5.89 5.72 | cpu  2148310374 50793258 274810372 15051492670 1678190 0 10752675 0 0 0
1791106614 1785, 2619, 42, 0x0000000000000000 | 6.18 5.89 5.72 | cpu  2148310803 50793259 274810688 15051517206 1678191 0 10752693 0 0 0
1791106615 1785, 2619, 42, 0x0000000000000000 | 6.33 5.92 5.73 | cpu  2148311255 50793259 274811064 15051544744 1678191 0 10752710 0 0 0
1791106617 1785, 2619, 42, 0x0000000000000000 | 6.33 5.92 5.73 | cpu  2148311697 50793259 274811375 15051569645 1678191 0 10752723 0 0 0
1791106618 1785, 2619, 43, 0x0000000000000000 | 6.33 5.92 5.73 | cpu  2148312166 50793259 274811709 15051595226 1678191 0 10752732 0 0 0
1791106619 1785, 2619, 42, 0x0000000000000000 | 6.33 5.92 5.73 | cpu  2148312662 50793259 274812067 15051620329 1678191 0 10752757 0 0 0
1791106620 1785, 2619, 42, 0x0000000000000000 | 6.38 5.94 5.74 | cpu  2148313067 50793259 274812204 15051644395 1678191 0 10752770 0 0 0
1791106621 1785, 2619, 42, 0x0000000000000000 | 6.38 5.94 5.74 | cpu  2148313430 50793260 274812293 15051669031 1678191 0 10752775 0 0 0
1791106622 1785, 2619, 42, 0x0000000000000000 | 6.38 5.94 5.74 | cpu  2148313798 50793260 274812363 15051694105 1678191 0 10752778 0 0 0
1791106623 1785, 2619, 42, 0x0000000000000000 | 6.38 5.94 5.74 | cpu  2148314171 50793260 274812422 15051719289 1678191 0 10752784 0 0 0
1791106625 1785, 2619, 42, 0x0000000000000000 | 6.35 5.94 5.74 | cpu  2148314638 50793260 274812576 15051744796 1678191 0 10752808 0 0 0
1791106626 1785, 2619, 42, 0x0000000000000000 | 6.35 5.94 5.74 | cpu  2148315023 50793260 274812797 15051770247 1678192 0 10752819 0 0 0
1791106627 1785, 2619, 42, 0x0000000000000000 | 6.35 5.94 5.74 | cpu  2148315457 50793260 274813006 15051794666 1678192 0 10752826 0 0 0
1791106628 1785, 2619, 42, 0x0000000000000000 | 6.35 5.94 5.74 | cpu  2148315892 50793260 274813252 15051819890 1678192 0 10752836 0 0 0
1791106629 1785, 2619, 42, 0x0000000000000000 | 6.64 6.01 5.76 | cpu  2148316381 50793260 274813525 15051845471 1678192 0 10752847 0 0 0
1791106631 1785, 2619, 42, 0x0000000000000000 | 6.64 6.01 5.76 | cpu  2148316865 50793260 274813710 15051872799 1678192 0 10752858 0 0 0
1791106632 1785, 2619, 42, 0x0000000000000000 | 6.64 6.01 5.76 | cpu  2148317344 50793260 274813899 15051899074 1678192 0 10752873 0 0 0
1791106633 1785, 2619, 42, 0x0000000000000000 | 6.64 6.01 5.76 | cpu  2148317813 50793261 274813986 15051924222 1678192 0 10752885 0 0 0
1791106634 1785, 2619, 42, 0x0000000000000000 | 6.64 6.01 5.76 | cpu  2148318274 50793261 274814081 15051949902 1678192 0 10752893 0 0 0
1791106635 1785, 2619, 42, 0x0000000000000000 | 6.43 5.97 5.75 | cpu  2148318780 50793261 274814239 15051974608 1678192 0 10752908 0 0 0
1791106636 1785, 2619, 42, 0x0000000000000000 | 6.43 5.97 5.75 | cpu  2148319210 50793261 274814407 15051999712 1678192 0 10752918 0 0 0
1791106638 1785, 2619, 42, 0x0000000000000000 | 6.43 5.97 5.75 | cpu  2148319758 50793261 274814643 15052024917 1678192 0 10752922 0 0 0
1791106639 1785, 2619, 42, 0x0000000000000000 | 6.43 5.97 5.75 | cpu  2148320291 50793262 274814884 15052049852 1678193 0 10752936 0 0 0
1791106640 1785, 2619, 42, 0x0000000000000000 | 6.40 5.97 5.75 | cpu  2148320826 50793262 274815108 15052075367 1678193 0 10752945 0 0 0
1791106641 1785, 2619, 42, 0x0000000000000000 | 6.40 5.97 5.75 | cpu  2148321323 50793262 274815274 15052100541 1678193 0 10752955 0 0 0
1791106642 1785, 2619, 42, 0x0000000000000000 | 6.40 5.97 5.75 | cpu  2148321803 50793262 274815466 15052124704 1678194 0 10752965 0 0 0
1791106643 1785, 2619, 42, 0x0000000000000000 | 6.40 5.97 5.75 | cpu  2148322276 50793262 274815672 15052150212 1678194 0 10752975 0 0 0
1791106644 1785, 2619, 43, 0x0000000000000000 | 6.21 5.94 5.75 | cpu  2148322757 50793262 274815802 15052175388 1678194 0 10752992 0 0 0
1791106646 1785, 2619, 42, 0x0000000000000000 | 6.21 5.94 5.75 | cpu  2148323229 50793262 274815946 15052199724 1678194 0 10753010 0 0 0
1791106647 1785, 2619, 43, 0x0000000000000000 | 6.21 5.94 5.75 | cpu  2148323742 50793262 274816131 15052225412 1678194 0 10753021 0 0 0
1791106648 1785, 2619, 42, 0x0000000000000000 | 6.21 5.94 5.75 | cpu  2148324239 50793262 274816300 15052250189 1678194 0 10753033 0 0 0
1791106649 1785, 2619, 42, 0x0000000000000000 | 6.21 5.94 5.75 | cpu  2148324706 50793262 274816540 15052275137 1678194 0 10753044 0 0 0
1791106650 1785, 2619, 42, 0x0000000000000000 | 6.19 5.94 5.75 | cpu  2148325130 50793262 274816816 15052302564 1678195 0 10753053 0 0 0
1791106651 1785, 2619, 42, 0x0000000000000000 | 6.19 5.94 5.75 | cpu  2148325573 50793262 274817057 15052328542 1678196 0 10753062 0 0 0
1791106653 1785, 2619, 42, 0x0000000000000000 | 6.19 5.94 5.75 | cpu  2148325946 50793262 274817214 15052352886 1678196 0 10753069 0 0 0
1791106654 1785, 2619, 42, 0x0000000000000000 | 6.19 5.94 5.75 | cpu  2148326339 50793262 274817365 15052378098 1678196 0 10753074 0 0 0
1791106655 1785, 2619, 42, 0x0000000000000000 | 6.41 5.99 5.76 | cpu  2148326743 50793262 274817558 15052403448 1678196 0 10753078 0 0 0
1791106656 1785, 2619, 42, 0x0000000000000000 | 6.41 5.99 5.76 | cpu  2148327172 50793262 274817741 15052427680 1678196 0 10753083 0 0 0
1791106657 1785, 2619, 42, 0x0000000000000000 | 6.41 5.99 5.76 | cpu  2148327622 50793262 274817899 15052453702 1678196 0 10753085 0 0 0
1791106658 1785, 2619, 42, 0x0000000000000000 | 6.41 5.99 5.76 | cpu  2148328019 50793262 274818034 15052478210 1678196 0 10753089 0 0 0
1791106660 1785, 2619, 42, 0x0000000000000000 | 6.30 5.98 5.76 | cpu  2148328430 50793262 274818184 15052503400 1678196 0 10753096 0 0 0
1791106661 1785, 2619, 42, 0x0000000000000000 | 6.30 5.98 5.76 | cpu  2148328769 50793263 274818263 15052528545 1678196 0 10753121 0 0 0
1791106662 1785, 2619, 42, 0x0000000000000000 | 6.30 5.98 5.76 | cpu  2148329246 50793263 274818494 15052553701 1678196 0 10753140 0 0 0
1791106663 1785, 2619, 42, 0x0000000000000000 | 6.30 5.98 5.76 | cpu  2148329663 50793263 274818823 15052578491 1678196 0 10753170 0 0 0
1791106664 1785, 2619, 42, 0x0000000000000000 | 6.30 5.98 5.76 | cpu  2148330055 50793263 274818996 15052603633 1678196 0 10753196 0 0 0
1791106665 1785, 2619, 42, 0x0000000000000000 | 6.36 5.99 5.77 | cpu  2148330471 50793263 274819225 15052630884 1678196 0 10753204 0 0 0
1791106667 1785, 2619, 42, 0x0000000000000000 | 6.36 5.99 5.77 | cpu  2148330980 50793263 274819521 15052657056 1678197 0 10753211 0 0 0
1791106668 1785, 2619, 42, 0x0000000000000000 | 6.36 5.99 5.77 | cpu  2148331465 50793263 274819822 15052682317 1678197 0 10753226 0 0 0
1791106669 1785, 2619, 42, 0x0000000000000000 | 6.36 5.99 5.77 | cpu  2148331902 50793263 274820030 15052706656 1678197 0 10753230 0 0 0
1791106670 1785, 2619, 42, 0x0000000000000000 | 6.33 5.99 5.77 | cpu  2148332309 50793264 274820238 15052731374 1678197 0 10753234 0 0 0
1791106671 1785, 2619, 42, 0x0000000000000000 | 6.33 5.99 5.77 | cpu  2148332661 50793264 274820368 15052756190 1678197 0 10753235 0 0 0
1791106672 1785, 2619, 42, 0x0000000000000000 | 6.33 5.99 5.77 | cpu  2148333046 50793264 274820510 15052780712 1678197 0 10753238 0 0 0
1791106673 1785, 2619, 42, 0x0000000000000000 | 6.33 5.99 5.77 | cpu  2148333471 50793264 274820788 15052806008 1678197 0 10753248 0 0 0
1791106675 1785, 2619, 42, 0x0000000000000000 | 6.70 6.08 5.80 | cpu  2148333934 50793264 274821304 15052830219 1678197 0 10753252 0 0 0
1791106676 1785, 2619, 42, 0x0000000000000000 | 6.70 6.08 5.80 | cpu  2148334360 50793264 274821761 15052853941 1678197 0 10753262 0 0 0
1791106677 1785, 2619, 42, 0x0000000000000000 | 6.70 6.08 5.80 | cpu  2148335048 50793264 274822146 15052878789 1678197 0 10753269 0 0 0
1791106678 1785, 2619, 42, 0x0000000000000000 | 6.70 6.08 5.80 | cpu  2148335668 50793264 274822556 15052904784 1678197 0 10753281 0 0 0
1791106679 1785, 2619, 42, 0x0000000000000000 | 6.81 6.11 5.81 | cpu  2148336298 50793264 274822964 15052930292 1678197 0 10753300 0 0 0
1791106680 1785, 2619, 42, 0x0000000000000000 | 6.81 6.11 5.81 | cpu  2148336806 50793264 274823212 15052954703 1678197 0 10753319 0 0 0
1791106682 1785, 2619, 42, 0x0000000000000000 | 6.81 6.11 5.81 | cpu  2148337202 50793264 274823353 15052979350 1678197 0 10753323 0 0 0
1791106683 1785, 2619, 42, 0x0000000000000000 | 6.81 6.11 5.81 | cpu  2148337603 50793264 274823549 15053003694 1678197 0 10753324 0 0 0
1791106684 1785, 2619, 42, 0x0000000000000000 | 6.81 6.11 5.81 | cpu  2148338000 50793264 274823773 15053027973 1678197 0 10753327 0 0 0
1791106685 1785, 2619, 42, 0x0000000000000000 | 6.74 6.11 5.81 | cpu  2148338454 50793265 274824069 15053053406 1678197 0 10753331 0 0 0
1791106686 1785, 2619, 42, 0x0000000000000000 | 6.74 6.11 5.81 | cpu  2148338936 50793265 274824675 15053078246 1678197 0 10753336 0 0 0
1791106687 1785, 2619, 42, 0x0000000000000000 | 6.74 6.11 5.81 | cpu  2148339424 50793265 274825454 15053102469 1678197 0 10753359 0 0 0
1791106688 1785, 2619, 42, 0x0000000000000000 | 6.74 6.11 5.81 | cpu  2148339900 50793265 274826091 15053126225 1678197 0 10753366 0 0 0
1791106689 1785, 2619, 42, 0x0000000000000000 | 6.76 6.12 5.82 | cpu  2148340321 50793265 274826449 15053150747 1678197 0 10753386 0 0 0
1791106691 1785, 2619, 42, 0x0000000000000000 | 6.76 6.12 5.82 | cpu  2148340729 50793265 274826759 15053176066 1678197 0 10753399 0 0 0
1791106692 1785, 2619, 42, 0x0000000000000000 | 6.76 6.12 5.82 | cpu  2148341148 50793265 274827034 15053200258 1678197 0 10753406 0 0 0
1791106693 1785, 2619, 42, 0x0000000000000000 | 6.76 6.12 5.82 | cpu  2148341530 50793265 274827237 15053224842 1678197 0 10753415 0 0 0
1791106694 1785, 2619, 42, 0x0000000000000000 | 6.76 6.12 5.82 | cpu  2148341932 50793265 274827542 15053249358 1678197 0 10753436 0 0 0
1791106695 1785, 2619, 42, 0x0000000000000000 | 7.02 6.19 5.84 | cpu  2148342340 50793265 274827860 15053276193 1678197 0 10753442 0 0 0
1791106696 1785, 2619, 42, 0x0000000000000000 | 7.02 6.19 5.84 | cpu  2148342759 50793266 274828172 15053300637 1678197 0 10753454 0 0 0
1791106698 1785, 2619, 42, 0x0000000000000000 | 7.02 6.19 5.84 | cpu  2148343193 50793266 274828511 15053325736 1678197 0 10753464 0 0 0
1791106699 1785, 2619, 42, 0x0000000000000000 | 7.02 6.19 5.84 | cpu  2148343622 50793266 274828848 15053350104 1678197 0 10753477 0 0 0
1791106700 1785, 2619, 42, 0x0000000000000000 | 7.18 6.23 5.86 | cpu  2148344044 50793266 274829192 15053374493 1678197 0 10753488 0 0 0
1791106701 1785, 2619, 42, 0x0000000000000000 | 7.18 6.23 5.86 | cpu  2148344432 50793266 274829544 15053399719 1678197 0 10753504 0 0 0
1791106702 1785, 2619, 42, 0x0000000000000000 | 7.18 6.23 5.86 | cpu  2148344840 50793266 274830022 15053424938 1678199 0 10753519 0 0 0
1791106703 1785, 2619, 42, 0x0000000000000000 | 7.18 6.23 5.86 | cpu  2148345249 50793266 274830492 15053450030 1678200 0 10753529 0 0 0
1791106704 1785, 2619, 42, 0x0000000000000000 | 7.17 6.25 5.86 | cpu  2148345614 50793266 274830862 15053474126 1678200 0 10753538 0 0 0
1791106706 1785, 2619, 42, 0x0000000000000000 | 7.17 6.25 5.86 | cpu  2148346116 50793266 274831550 15053501164 1678200 0 10753547 0 0 0
1791106707 1785, 2619, 42, 0x0000000000000000 | 7.17 6.25 5.86 | cpu  2148346786 50793266 274831894 15053526977 1678200 0 10753561 0 0 0
1791106708 1785, 2619, 42, 0x0000000000000000 | 7.17 6.25 5.86 | cpu  2148347194 50793266 274832383 15053552027 1678200 0 10753564 0 0 0
1791106709 1785, 2619, 42, 0x0000000000000000 | 7.17 6.25 5.86 | cpu  2148347727 50793266 274834246 15053574727 1678200 0 10753574 0 0 0
1791106710 1785, 2619, 42, 0x0000000000000000 | 7.39 6.31 5.89 | cpu  2148348166 50793266 274834890 15053598096 1678200 0 10753606 0 0 0
1791106711 1785, 2619, 42, 0x0000000000000000 | 7.39 6.31 5.89 | cpu  2148348592 50793266 274835278 15053623505 1678201 0 10753623 0 0 0
1791106713 1785, 2619, 42, 0x0000000000000000 | 7.39 6.31 5.89 | cpu  2148348973 50793266 274835541 15053648113 1678201 0 10753628 0 0 0
1791106714 1785, 2619, 42, 0x0000000000000000 | 7.39 6.31 5.89 | cpu  2148349374 50793266 274835808 15053673294 1678201 0 10753633 0 0 0
1791106715 1785, 2619, 42, 0x0000000000000000 | 7.20 6.29 5.88 | cpu  2148349780 50793266 274836088 15053698124 1678201 0 10753653 0 0 0
1791106716 1785, 2619, 42, 0x0000000000000000 | 7.20 6.29 5.88 | cpu  2148350122 50793266 274836282 15053723127 1678201 0 10753671 0 0 0
1791106717 1785, 2619, 42, 0x0000000000000000 | 7.20 6.29 5.88 | cpu  2148350551 50793266 274836664 15053748185 1678201 0 10753684 0 0 0
1791106718 1785, 2619, 42, 0x0000000000000000 | 7.20 6.29 5.88 | cpu  2148350971 50793266 274837050 15053773222 1678201 0 10753693 0 0 0
1791106720 1785, 2619, 42, 0x0000000000000000 | 7.43 6.35 5.90 | cpu  2148351506 50793266 274837433 15053798019 1678201 0 10753699 0 0 0
1791106721 1785, 2619, 42, 0x0000000000000000 | 7.43 6.35 5.90 | cpu  2148352468 50793266 274838042 15053822451 1678201 0 10753704 0 0 0
1791106722 1785, 2619, 42, 0x0000000000000000 | 7.43 6.35 5.90 | cpu  2148354254 50793266 274838509 15053845437 1678202 0 10753734 0 0 0
1791106723 1785, 2619, 42, 0x0000000000000000 | 7.43 6.35 5.90 | cpu  2148356172 50793266 274839115 15053867718 1678203 0 10753758 0 0 0
1791106724 1785, 2619, 42, 0x0000000000000000 | 7.43 6.35 5.90 | cpu  2148359012 50793266 274840420 15053889063 1678287 0 10753779 0 0 0
1791106725 1785, 2619, 42, 0x0000000000000000 | 7.55 6.39 5.92 | cpu  2148359677 50793266 274841044 15053912519 1678289 0 10753806 0 0 0
1791106726 1785, 2619, 42, 0x0000000000000000 | 7.55 6.39 5.92 | cpu  2148360302 50793266 274841580 15053937406 1678290 0 10753827 0 0 0
1791106728 1785, 2619, 42, 0x0000000000000000 | 7.55 6.39 5.92 | cpu  2148360843 50793266 274842078 15053961875 1678290 0 10753845 0 0 0
1791106729 1785, 2619, 42, 0x0000000000000000 | 7.55 6.39 5.92 | cpu  2148361285 50793266 274842630 15053985327 1678291 0 10753853 0 0 0
1791106730 1785, 2619, 42, 0x0000000000000000 | 7.67 6.44 5.94 | cpu  2148361772 50793266 274843168 15054010012 1678291 0 10753863 0 0 0
1791106731 1785, 2619, 42, 0x0000000000000000 | 7.67 6.44 5.94 | cpu  2148363192 50793266 274843850 15054033195 1678298 0 10753876 0 0 0
1791106732 1785, 2619, 42, 0x0000000000000000 | 7.67 6.44 5.94 | cpu  2148366474 50793266 274844418 15054055563 1678310 0 10753890 0 0 0
1791106733 1785, 2619, 42, 0x0000000000000000 | 7.67 6.44 5.94 | cpu  2148367924 50793266 274845042 15054079031 1678326 0 10753917 0 0 0
1791106734 1785, 2619, 42, 0x0000000000000000 | 16.74 8.34 6.56 | cpu  2148369139 50793267 274845635 15054101925 1678336 0 10753943 0 0 0
1791106735 1785, 2619, 42, 0x0000000000000000 | 16.74 8.34 6.56 | cpu  2148371280 50793267 274846108 15054124749 1678336 0 10753958 0 0 0
1791106737 1785, 2619, 42, 0x0000000000000000 | 16.74 8.34 6.56 | cpu  2148373204 50793267 274846638 15054146641 1678336 0 10753983 0 0 0
1791106738 1785, 2619, 42, 0x0000000000000000 | 16.74 8.34 6.56 | cpu  2148375107 50793267 274847211 15054169038 1678336 0 10753999 0 0 0
1791106739 1785, 2619, 42, 0x0000000000000000 | 16.74 8.34 6.56 | cpu  2148377063 50793267 274848104 15054191000 1678337 0 10754012 0 0 0
1791106740 1785, 2619, 42, 0x0000000000000000 | 24.85 10.16 7.15 | cpu  2148378858 50793267 274850062 15054214228 1678337 0 10754025 0 0 0
1791106741 1785, 2619, 42, 0x0000000000000000 | 24.85 10.16 7.15 | cpu  2148380206 50793267 274851422 15054237347 1678337 0 10754047 0 0 0
1791106742 1785, 2619, 42, 0x0000000000000000 | 24.85 10.16 7.15 | cpu  2148380618 50793267 274852209 15054261085 1678337 0 10754057 0 0 0
1791106743 1785, 2619, 42, 0x0000000000000000 | 24.85 10.16 7.15 | cpu  2148381023 50793267 274852710 15054284909 1678337 0 10754061 0 0 0
1791106745 1785, 2619, 42, 0x0000000000000000 | 23.50 10.12 7.16 | cpu  2148381538 50793267 274853341 15054308435 1678337 0 10754072 0 0 0
1791106746 1785, 2619, 42, 0x0000000000000000 | 23.50 10.12 7.16 | cpu  2148382099 50793267 274853910 15054332662 1678337 0 10754085 0 0 0
1791106747 1785, 2619, 42, 0x0000000000000000 | 23.50 10.12 7.16 | cpu  2148382588 50793267 274854493 15054356801 1678338 0 10754105 0 0 0
1791106748 1785, 2619, 42, 0x0000000000000000 | 23.50 10.12 7.16 | cpu  2148383430 50793267 274855260 15054380821 1678338 0 10754121 0 0 0
1791106749 1785, 2619, 42, 0x0000000000000000 | 23.50 10.12 7.16 | cpu  2148384456 50793267 274856056 15054405107 1678340 0 10754137 0 0 0
1791106750 1785, 2619, 42, 0x0000000000000000 | 22.34 10.11 7.17 | cpu  2148385052 50793267 274856582 15054429442 1678360 0 10754150 0 0 0
1791106751 1785, 2619, 42, 0x0000000000000000 | 22.34 10.11 7.17 | cpu  2148385680 50793267 274857187 15054453830 1678382 0 10754168 0 0 0
1791106753 1785, 2619, 42, 0x0000000000000000 | 22.34 10.11 7.17 | cpu  2148386206 50793267 274858112 15054476999 1678384 0 10754184 0 0 0
1791106754 1785, 2619, 42, 0x0000000000000000 | 22.34 10.11 7.17 | cpu  2148386632 50793267 274858535 15054501679 1678386 0 10754199 0 0 0
1791106755 1785, 2619, 42, 0x0000000000000000 | 21.11 10.05 7.17 | cpu  2148387972 50793267 274859086 15054525858 1678526 0 10754206 0 0 0
1791106756 1785, 2619, 42, 0x0000000000000000 | 21.11 10.05 7.17 | cpu  2148390366 50793268 274859791 15054548311 1678591 0 10754215 0 0 0
1791106757 1785, 2619, 42, 0x0000000000000000 | 21.11 10.05 7.17 | cpu  2148392769 50793268 274860736 15054568817 1678648 0 10754231 0 0 0
1791106758 1785, 2619, 42, 0x0000000000000000 | 21.11 10.05 7.17 | cpu  2148395534 50793268 274861866 15054589397 1678690 0 10754247 0 0 0
1791106759 1785, 2619, 42, 0x0000000000000000 | 20.54 10.12 7.20 | cpu  2148398206 50793268 274863180 15054609868 1678787 0 10754265 0 0 0
1791106760 1785, 2619, 42, 0x0000000000000000 | 20.54 10.12 7.20 | cpu  2148401042 50793268 274864532 15054630752 1679008 0 10754279 0 0 0
1791106762 1785, 2619, 42, 0x0000000000000000 | 20.54 10.12 7.20 | cpu  2148403975 50793268 274865509 15054651898 1679128 0 10754288 0 0 0
1791106763 1785, 2619, 42, 0x0000000000000000 | 20.54 10.12 7.20 | cpu  2148407041 50793268 274866512 15054673156 1679247 0 10754301 0 0 0
1791106764 1785, 2619, 42, 0x0000000000000000 | 20.54 10.12 7.20 | cpu  2148409835 50793268 274867450 15054693705 1679387 0 10754312 0 0 0
1791106765 1785, 2619, 42, 0x0000000000000000 | 19.54 10.08 7.21 | cpu  2148412673 50793268 274868354 15054714186 1679536 0 10754319 0 0 0
1791106766 1785, 2619, 42, 0x0000000000000000 | 19.54 10.08 7.21 | cpu  2148415584 50793268 274869152 15054734970 1679609 0 10754328 0 0 0
1791106767 1785, 2619, 42, 0x0000000000000000 | 19.54 10.08 7.21 | cpu  2148418190 50793268 274870265 15054756309 1679635 0 10754346 0 0 0
1791106768 1785, 2619, 42, 0x0000000000000000 | 19.54 10.08 7.21 | cpu  2148420850 50793268 274871378 15054777071 1679765 0 10754362 0 0 0
1791106769 1785, 2619, 42, 0x0000000000000000 | 18.93 10.12 7.24 | cpu  2148423469 50793268 274872570 15054797171 1679803 0 10754375 0 0 0
1791106771 1785, 2619, 42, 0x0000000000000000 | 18.93 10.12 7.24 | cpu  2148426082 50793268 274873673 15054819245 1679856 0 10754392 0 0 0
1791106772 1785, 2619, 42, 0x0000000000000000 | 18.93 10.12 7.24 | cpu  2148429002 50793268 274874925 15054840783 1679990 0 10754413 0 0 0
1791106773 1785, 2619, 42, 0x0000000000000000 | 18.93 10.12 7.24 | cpu  2148431938 50793268 274876141 15054862621 1680135 0 10754431 0 0 0
1791106774 1785, 2619, 42, 0x0000000000000000 | 18.93 10.12 7.24 | cpu  2148434570 50793268 274877494 15054883858 1680461 0 10754445 0 0 0
1791106775 1785, 2619, 42, 0x0000000000000000 | 18.22 10.11 7.25 | cpu  2148437342 50793268 274878894 15054904590 1680599 0 10754458 0 0 0
1791106776 1785, 2619, 42, 0x0000000000000000 | 18.22 10.11 7.25 | cpu  2148439914 50793268 274880081 15054925224 1680781 0 10754472 0 0 0
1791106777 1785, 2619, 42, 0x0000000000000000 | 18.22 10.11 7.25 | cpu  2148442599 50793268 274881150 15054947268 1680809 0 10754482 0 0 0
1791106779 1785, 2619, 42, 0x0000000000000000 | 18.22 10.11 7.25 | cpu  2148445455 50793268 274882245 15054968265 1680864 0 10754490 0 0 0
1791106780 1785, 2619, 42, 0x0000000000000000 | 17.40 10.08 7.25 | cpu  2148448172 50793268 274883394 15054990178 1680939 0 10754497 0 0 0
1791106781 1785, 2619, 42, 0x0000000000000000 | 17.40 10.08 7.25 | cpu  2148450592 50793268 274884431 15055012156 1681348 0 10754510 0 0 0
1791106782 1785, 2619, 42, 0x0000000000000000 | 17.40 10.08 7.25 | cpu  2148453357 50793268 274885376 15055032969 1681401 0 10754524 0 0 0
1791106783 1785, 2619, 42, 0x0000000000000000 | 17.40 10.08 7.25 | cpu  2148456091 50793268 274886277 15055054315 1681440 0 10754538 0 0 0
1791106784 1785, 2619, 42, 0x0000000000000000 | 17.40 10.08 7.25 | cpu  2148458886 50793268 274887114 15055075189 1681486 0 10754550 0 0 0
1791106785 1785, 2619, 42, 0x0000000000000000 | 16.57 10.03 7.25 | cpu  2148461654 50793268 274888138 15055096106 1681838 0 10754566 0 0 0
1791106786 1785, 2619, 42, 0x0000000000000000 | 16.57 10.03 7.25 | cpu  2148464309 50793268 274888974 15055117058 1681932 0 10754585 0 0 0
1791106788 1785, 2619, 42, 0x0000000000000000 | 16.57 10.03 7.25 | cpu  2148466924 50793269 274889898 15055138184 1682143 0 10754608 0 0 0
1791106789 1785, 2619, 42, 0x0000000000000000 | 16.57 10.03 7.25 | cpu  2148469731 50793269 274890803 15055159156 1682198 0 10754626 0 0 0
1791106790 1785, 2619, 42, 0x0000000000000000 | 15.80 9.98 7.25 | cpu  2148472387 50793269 274891719 15055180100 1682407 0 10754631 0 0 0
1791106791 1785, 2619, 42, 0x0000000000000000 | 15.80 9.98 7.25 | cpu  2148475150 50793269 274892566 15055201197 1682544 0 10754643 0 0 0
1791106792 1785, 2619, 42, 0x0000000000000000 | 15.80 9.98 7.25 | cpu  2148477909 50793269 274893500 15055222181 1682674 0 10754658 0 0 0
1791106793 1785, 2619, 42, 0x0000000000000000 | 15.80 9.98 7.25 | cpu  2148480928 50793269 274894740 15055244231 1682794 0 10754669 0 0 0
1791106794 1785, 2619, 42, 0x0000000000000000 | 15.66 10.04 7.29 | cpu  2148483770 50793269 274896047 15055265444 1682846 0 10754684 0 0 0
1791106795 1785, 2619, 42, 0x0000000000000000 | 15.66 10.04 7.29 | cpu  2148485562 50793269 274897044 15055286871 1682872 0 10754710 0 0 0
1791106797 1785, 2619, 42, 0x0000000000000000 | 15.66 10.04 7.29 | cpu  2148488236 50793269 274898372 15055307662 1682934 0 10754722 0 0 0
1791106798 1785, 2619, 42, 0x0000000000000000 | 15.66 10.04 7.29 | cpu  2148490840 50793269 274899608 15055328421 1683003 0 10754739 0 0 0
1791106799 1785, 2619, 42, 0x0000000000000000 | 15.66 10.04 7.29 | cpu  2148493849 50793269 274900939 15055349301 1683094 0 10754774 0 0 0
1791106800 1785, 2619, 43, 0x0000000000000000 | 15.12 10.03 7.30 | cpu  2148496520 50793269 274902124 15055370598 1683233 0 10754790 0 0 0
1791106801 1785, 2619, 43, 0x0000000000000000 | 15.12 10.03 7.30 | cpu  2148499163 50793269 274903316 15055391623 1683499 0 10754808 0 0 0
1791106802 1785, 2619, 42, 0x0000000000000000 | 15.12 10.03 7.30 | cpu  2148502246 50793269 274904496 15055413314 1683539 0 10754812 0 0 0
1791106803 1785, 2619, 43, 0x0000000000000000 | 15.12 10.03 7.30 | cpu  2148505193 50793269 274905559 15055434068 1683813 0 10754822 0 0 0
1791106805 1785, 2619, 43, 0x0000000000000000 | 14.71 10.03 7.31 | cpu  2148508447 50793269 274906495 15055455849 1683859 0 10754834 0 0 0
1791106806 1785, 2619, 42, 0x0000000000000000 | 14.71 10.03 7.31 | cpu  2148511131 50793269 274907515 15055476773 1684024 0 10754849 0 0 0
1791106807 1785, 2619, 42, 0x0000000000000000 | 14.71 10.03 7.31 | cpu  2148513029 50793269 274908378 15055499551 1684053 0 10754870 0 0 0
1791106808 1785, 2619, 42, 0x0000000000000000 | 14.71 10.03 7.31 | cpu  2148513721 50793269 274909049 15055522357 1684053 0 10754890 0 0 0
1791106809 1785, 2619, 42, 0x0000000000000000 | 14.71 10.03 7.31 | cpu  2148514334 50793269 274909594 15055547839 1684053 0 10754908 0 0 0
1791106810 1785, 2619, 42, 0x0000000000000000 | 14.25 10.01 7.32 | cpu  2148514854 50793269 274910092 15055572527 1684053 0 10754918 0 0 0
1791106811 1785, 2619, 43, 0x0000000000000000 | 14.25 10.01 7.32 | cpu  2148515514 50793269 274910599 15055596382 1684053 0 10754930 0 0 0
1791106813 1785, 2619, 43, 0x0000000000000000 | 14.25 10.01 7.32 | cpu  2148516070 50793270 274911042 15055620705 1684053 0 10754940 0 0 0
1791106814 1785, 2619, 42, 0x0000000000000000 | 14.25 10.01 7.32 | cpu  2148516732 50793270 274911448 15055644863 1684053 0 10754948 0 0 0
1791106815 1785, 2619, 43, 0x0000000000000000 | 13.35 9.89 7.30 | cpu  2148517321 50793270 274911691 15055669280 1684053 0 10754954 0 0 0
1791106816 1785, 2619, 43, 0x0000000000000000 | 13.35 9.89 7.30 | cpu  2148517842 50793270 274911941 15055694478 1684053 0 10754957 0 0 0
1791106817 1785, 2619, 42, 0x0000000000000000 | 13.35 9.89 7.30 | cpu  2148518540 50793270 274912324 15055719809 1684053 0 10754973 0 0 0
1791106818 1785, 2619, 43, 0x0000000000000000 | 13.35 9.89 7.30 | cpu  2148519100 50793270 274912755 15055743681 1684053 0 10754982 0 0 0
1791106819 1785, 2619, 42, 0x0000000000000000 | 12.44 9.76 7.27 | cpu  2148519964 50793270 274913176 15055769136 1684053 0 10755002 0 0 0
1791106821 1785, 2619, 42, 0x0000000000000000 | 12.44 9.76 7.27 | cpu  2148520679 50793270 274913803 15055793596 1684053 0 10755033 0 0 0
1791106822 1785, 2619, 42, 0x0000000000000000 | 12.44 9.76 7.27 | cpu  2148522279 50793270 274914430 15055816774 1684056 0 10755052 0 0 0
1791106823 1785, 2619, 42, 0x0000000000000000 | 12.44 9.76 7.27 | cpu  2148525093 50793270 274915161 15055838496 1684056 0 10755063 0 0 0
1791106824 1785, 2619, 43, 0x0000000000000000 | 12.44 9.76 7.27 | cpu  2148527216 50793270 274915708 15055861426 1684056 0 10755072 0 0 0
1791106825 1785, 2619, 43, 0x0000000000000000 | 11.53 9.62 7.24 | cpu  2148528014 50793270 274916243 15055885277 1684056 0 10755096 0 0 0
1791106826 1785, 2619, 43, 0x0000000000000000 | 11.53 9.62 7.24 | cpu  2148528532 50793270 274916528 15055911188 1684056 0 10755112 0 0 0
1791106827 1785, 2619, 43, 0x0000000000000000 | 11.53 9.62 7.24 | cpu  2148529006 50793271 274916830 15055936780 1684056 0 10755117 0 0 0
1791106829 1785, 2619, 43, 0x0000000000000000 | 11.53 9.62 7.24 | cpu  2148529523 50793271 274917244 15055961056 1684056 0 10755131 0 0 0
1791106830 1785, 2619, 43, 0x0000000000000000 | 11.73 9.69 7.27 | cpu  2148529973 50793271 274917611 15055985562 1684056 0 10755148 0 0 0
1791106831 1785, 2619, 43, 0x0000000000000000 | 11.73 9.69 7.27 | cpu  2148530510 50793271 274918000 15056010714 1684056 0 10755171 0 0 0
1791106832 1785, 2619, 43, 0x0000000000000000 | 11.73 9.69 7.27 | cpu  2148531469 50793271 274918408 15056035462 1684056 0 10755204 0 0 0
1791106833 1785, 2619, 42, 0x0000000000000000 | 11.73 9.69 7.27 | cpu  2148532269 50793271 274918786 15056059967 1684056 0 10755212 0 0 0
1791106834 1785, 2619, 42, 0x0000000000000000 | 11.43 9.66 7.28 | cpu  2148532706 50793271 274919058 15056084504 1684056 0 10755215 0 0 0
1791106836 1785, 2619, 42, 0x0000000000000000 | 11.43 9.66 7.28 | cpu  2148533172 50793271 274919299 15056109400 1684056 0 10755221 0 0 0
1791106837 1785, 2619, 43, 0x0000000000000000 | 11.43 9.66 7.28 | cpu  2148533646 50793271 274919489 15056134694 1684056 0 10755225 0 0 0
1791106838 1785, 2619, 43, 0x0000000000000000 | 11.43 9.66 7.28 | cpu  2148534106 50793271 274919695 15056160252 1684056 0 10755226 0 0 0
1791106839 1785, 2619, 43, 0x0000000000000000 | 11.43 9.66 7.28 | cpu  2148535744 50793271 274919939 15056182528 1684056 0 10755239 0 0 0
1791106840 1785, 2619, 43, 0x0000000000000000 | 11.15 9.63 7.28 | cpu  2148537854 50793271 274920290 15056204139 1684056 0 10755253 0 0 0
1791106841 1785, 2619, 43, 0x0000000000000000 | 11.15 9.63 7.28 | cpu  2148540268 50793271 274920902 15056227731 1684056 0 10755280 0 0 0
1791106842 1785, 2619, 43, 0x0000000000000000 | 11.15 9.63 7.28 | cpu  2148541972 50793271 274921543 15056250984 1684056 0 10755299 0 0 0
1791106844 1785, 2619, 43, 0x0000000000000000 | 11.15 9.63 7.28 | cpu  2148544113 50793271 274922158 15056272852 1684056 0 10755309 0 0 0
1791106845 1785, 2619, 42, 0x0000000000000000 | 11.22 9.67 7.31 | cpu  2148545096 50793271 274922688 15056295493 1684056 0 10755317 0 0 0
1791106846 1785, 2619, 42, 0x0000000000000000 | 11.22 9.67 7.31 | cpu  2148548637 50793271 274923107 15056317001 1684056 0 10755331 0 0 0
1791106847 1785, 2619, 42, 0x0000000000000000 | 11.22 9.67 7.31 | cpu  2148549229 50793271 274923446 15056341269 1684056 0 10755337 0 0 0
1791106848 1785, 2619, 42, 0x0000000000000000 | 11.22 9.67 7.31 | cpu  2148549734 50793271 274923708 15056366161 1684056 0 10755343 0 0 0
1791106849 1785, 2619, 42, 0x0000000000000000 | 11.22 9.67 7.31 | cpu  2148553238 50793271 274924014 15056389833 1684056 0 10755348 0 0 0
1791106850 1785, 2619, 43, 0x0000000000000000 | 20.17 11.55 7.93 | cpu  2148555984 50793271 274924408 15056411270 1684056 0 10755361 0 0 0
1791106852 1785, 2619, 43, 0x0000000000000000 | 20.17 11.55 7.93 | cpu  2148556657 50793271 274924827 15056435818 1684056 0 10755387 0 0 0
1791106853 1785, 2619, 43, 0x0000000000000000 | 20.17 11.55 7.93 | cpu  2148557771 50793271 274925394 15056460531 1684056 0 10755412 0 0 0
1791106854 1785, 2619, 43, 0x0000000000000000 | 20.17 11.55 7.93 | cpu  2148560929 50793271 274926198 15056481504 1684056 0 10755431 0 0 0
1791106855 1785, 2619, 43, 0x0000000000000000 | 21.92 12.06 8.11 | cpu  2148564070 50793271 274926720 15056503360 1684056 0 10755439 0 0 0
1791106856 1785, 2619, 43, 0x0000000000000000 | 21.92 12.06 8.11 | cpu  2148567607 50793271 274927202 15056524755 1684056 0 10755452 0 0 0
1791106857 1785, 2619, 43, 0x0000000000000000 | 21.92 12.06 8.11 | cpu  2148568718 50793271 274928998 15056546858 1684056 0 10755473 0 0 0
1791106858 1785, 2619, 42, 0x0000000000000000 | 21.92 12.06 8.11 | cpu  2148570539 50793271 274929744 15056570799 1684056 0 10755480 0 0 0
1791106860 1785, 2619, 42, 0x0000000000000000 | 38.34 15.63 9.29 | cpu  2148572905 50793271 274930191 15056593138 1684056 0 10755486 0 0 0
1791106861 1785, 2619, 42, 0x0000000000000000 | 38.34 15.63 9.29 | cpu  2148574326 50793272 274930586 15056617184 1684056 0 10755488 0 0 0
1791106862 1785, 2619, 43, 0x0000000000000000 | 38.34 15.63 9.29 | cpu  2148575218 50793272 274931028 15056642081 1684056 0 10755512 0 0 0
1791106863 1785, 2619, 43, 0x0000000000000000 | 38.34 15.63 9.29 | cpu  2148576184 50793272 274932142 15056665490 1684056 0 10755516 0 0 0
1791106864 1785, 2619, 42, 0x0000000000000000 | 38.34 15.63 9.29 | cpu  2148576978 50793272 274932979 15056690557 1684056 0 10755532 0 0 0
1791106865 1785, 2619, 43, 0x0000000000000000 | 38.15 15.97 9.43 | cpu  2148577760 50793272 274933729 15056714397 1684056 0 10755542 0 0 0
1791106867 1785, 2619, 43, 0x0000000000000000 | 38.15 15.97 9.43 | cpu  2148578603 50793272 274934258 15056738212 1684056 0 10755554 0 0 0
1791106868 1785, 2619, 43, 0x0000000000000000 | 38.15 15.97 9.43 | cpu  2148579260 50793272 274934705 15056762555 1684056 0 10755563 0 0 0
1791106869 1785, 2619, 43, 0x0000000000000000 | 38.15 15.97 9.43 | cpu  2148579959 50793272 274935216 15056787732 1684056 0 10755568 0 0 0
1791106870 1785, 2619, 43, 0x0000000000000000 | 35.82 15.85 9.43 | cpu  2148580549 50793272 274936131 15056811306 1684057 0 10755582 0 0 0
1791106871 1785, 2619, 43, 0x0000000000000000 | 35.82 15.85 9.43 | cpu  2148581270 50793272 274936592 15056836969 1684057 0 10755606 0 0 0
1791106872 1785, 2619, 43, 0x0000000000000000 | 35.82 15.85 9.43 | cpu  2148582934 50793272 274938279 15056858372 1684057 0 10755625 0 0 0
1791106873 1785, 2619, 42, 0x0000000000000000 | 35.82 15.85 9.43 | cpu  2148583816 50793272 274939070 15056883199 1684071 0 10755652 0 0 0
1791106875 1785, 2619, 43, 0x0000000000000000 | 42.24 17.51 10.00 | cpu  2148587316 50793272 274939313 15056904711 1684071 0 10755657 0 0 0
1791106876 1785, 2619, 43, 0x0000000000000000 | 42.24 17.51 10.00 | cpu  2148589367 50793272 274939534 15056926944 1684072 0 10755657 0 0 0
1791106877 1785, 2619, 43, 0x0000000000000000 | 42.24 17.51 10.00 | cpu  2148591331 50793272 274939810 15056949980 1684072 0 10755658 0 0 0
1791106878 1785, 2619, 42, 0x0000000000000000 | 42.24 17.51 10.00 | cpu  2148593283 50793272 274940140 15056972079 1684072 0 10755665 0 0 0
1791106879 1785, 2619, 42, 0x0000000000000000 | 42.24 17.51 10.00 | cpu  2148595336 50793272 274940548 15056996712 1684072 0 10755679 0 0 0
1791106880 1785, 2619, 43, 0x0000000000000000 | 45.66 18.64 10.40 | cpu  2148597334 50793272 274940887 15057018752 1684072 0 10755694 0 0 0
1791106881 1785, 2619, 43, 0x0000000000000000 | 45.66 18.64 10.40 | cpu  2148599333 50793272 274941239 15057041316 1684074 0 10755694 0 0 0
1791106882 1785, 2619, 43, 0x0000000000000000 | 45.66 18.64 10.40 | cpu  2148601659 50793272 274941756 15057064062 1684074 0 10755696 0 0 0
1791106884 1785, 2619, 43, 0x0000000000000000 | 45.66 18.64 10.40 | cpu  2148603725 50793272 274942299 15057087102 1684074 0 10755713 0 0 0
1791106885 1785, 2619, 43, 0x0000000000000000 | 42.81 18.49 10.40 | cpu  2148605632 50793272 274942709 15057109824 1684074 0 10755734 0 0 0
1791106886 1785, 2619, 43, 0x0000000000000000 | 42.81 18.49 10.40 | cpu  2148607655 50793272 274943202 15057132181 1684074 0 10755750 0 0 0
1791106887 1785, 2619, 42, 0x0000000000000000 | 42.81 18.49 10.40 | cpu  2148609930 50793272 274943598 15057155170 1684074 0 10755764 0 0 0
1791106888 1785, 2619, 42, 0x0000000000000000 | 42.81 18.49 10.40 | cpu  2148611974 50793272 274943872 15057177766 1684074 0 10755774 0 0 0
1791106889 1785, 2619, 43, 0x0000000000000000 | 42.81 18.49 10.40 | cpu  2148613892 50793272 274944388 15057201500 1684074 0 10755798 0 0 0
1791106890 1785, 2619, 43, 0x0000000000000000 | 40.26 18.37 10.40 | cpu  2148616056 50793272 274944910 15057225229 1684074 0 10755809 0 0 0
1791106892 1785, 2619, 43, 0x0000000000000000 | 40.26 18.37 10.40 | cpu  2148617984 50793273 274945370 15057247426 1684074 0 10755829 0 0 0
1791106893 1785, 2619, 43, 0x0000000000000000 | 40.26 18.37 10.40 | cpu  2148620133 50793273 274945866 15057270570 1684074 0 10755850 0 0 0
1791106894 1785, 2619, 42, 0x0000000000000000 | 40.26 18.37 10.40 | cpu  2148622096 50793273 274946337 15057294703 1684074 0 10755866 0 0 0
1791106895 1785, 2619, 43, 0x0000000000000000 | 37.92 18.24 10.41 | cpu  2148624227 50793273 274946878 15057318068 1684074 0 10755889 0 0 0
1791106896 1785, 2619, 43, 0x0000000000000000 | 37.92 18.24 10.41 | cpu  2148626171 50793273 274947193 15057341594 1684074 0 10755893 0 0 0
1791106897 1785, 2619, 42, 0x0000000000000000 | 37.92 18.24 10.41 | cpu  2148628169 50793273 274947408 15057365752 1684074 0 10755903 0 0 0
1791106899 1785, 2619, 42, 0x0000000000000000 | 37.92 18.24 10.41 | cpu  2148630254 50793273 274947639 15057389407 1684074 0 10755916 0 0 0
1791106900 1785, 2619, 42, 0x0000000000000000 | 35.44 18.06 10.39 | cpu  2148632074 50793273 274947879 15057411885 1684074 0 10755922 0 0 0
1791106901 1785, 2619, 42, 0x0000000000000000 | 35.44 18.06 10.39 | cpu  2148634085 50793273 274948245 15057433876 1684074 0 10755937 0 0 0
1791106902 1785, 2619, 42, 0x0000000000000000 | 35.44 18.06 10.39 | cpu  2148636170 50793273 274948661 15057456429 1684074 0 10755951 0 0 0
1791106903 1785, 2619, 43, 0x0000000000000000 | 35.44 18.06 10.39 | cpu  2148638403 50793273 274949200 15057479409 1684075 0 10755973 0 0 0
1791106904 1785, 2619, 43, 0x0000000000000000 | 35.44 18.06 10.39 | cpu  2148639958 50793273 274949812 15057499905 1684075 0 10755998 0 0 0
1791106905 1785, 2619, 43, 0x0000000000000000 | 34.93 18.24 10.49 | cpu  2148641952 50793273 274950592 15057521996 1684075 0 10756023 0 0 0
1791106906 1785, 2619, 43, 0x0000000000000000 | 34.93 18.24 10.49 | cpu  2148644108 50793273 274951299 15057544355 1684075 0 10756037 0 0 0
1791106908 1785, 2619, 43, 0x0000000000000000 | 34.93 18.24 10.49 | cpu  2148646276 50793273 274951807 15057566999 1684075 0 10756052 0 0 0
1791106909 1785, 2619, 42, 0x0000000000000000 | 34.93 18.24 10.49 | cpu  2148648284 50793273 274952166 15057593196 1684075 0 10756066 0 0 0
1791106910 1785, 2619, 42, 0x0000000000000000 | 32.77 18.07 10.48 | cpu  2148650319 50793273 274952439 15057615939 1684075 0 10756080 0 0 0
1791106911 1785, 2619, 42, 0x0000000000000000 | 32.77 18.07 10.48 | cpu  2148652414 50793273 274952847 15057638349 1684075 0 10756095 0 0 0
1791106912 1785, 2619, 42, 0x0000000000000000 | 32.77 18.07 10.48 | cpu  2148654412 50793273 274953235 15057661289 1684075 0 10756101 0 0 0
1791106913 1785, 2619, 43, 0x0000000000000000 | 32.77 18.07 10.48 | cpu  2148656566 50793273 274953651 15057684806 1684076 0 10756121 0 0 0
1791106915 1785, 2619, 43, 0x0000000000000000 | 30.79 17.90 10.46 | cpu  2148658259 50793273 274954008 15057707058 1684077 0 10756135 0 0 0
1791106916 1785, 2619, 43, 0x0000000000000000 | 30.79 17.90 10.46 | cpu  2148660356 50793273 274954368 15057729876 1684077 0 10756154 0 0 0
1791106917 1785, 2619, 43, 0x0000000000000000 | 30.79 17.90 10.46 | cpu  2148662362 50793273 274954664 15057753219 1684077 0 10756164 0 0 0
1791106918 1785, 2619, 43, 0x0000000000000000 | 30.79 17.90 10.46 | cpu  2148664405 50793273 274954996 15057776350 1684077 0 10756176 0 0 0
1791106919 1785, 2619, 43, 0x0000000000000000 | 30.79 17.90 10.46 | cpu  2148665833 50793273 274955247 15057798093 1684077 0 10756186 0 0 0
1791106920 1785, 2619, 43, 0x0000000000000000 | 29.04 17.75 10.45 | cpu  2148667784 50793274 274955547 15057821678 1684077 0 10756192 0 0 0
1791106921 1785, 2619, 43, 0x0000000000000000 | 29.04 17.75 10.45 | cpu  2148669850 50793274 274956005 15057845340 1684077 0 10756213 0 0 0
1791106922 1785, 2619, 43, 0x0000000000000000 | 29.04 17.75 10.45 | cpu  2148671936 50793274 274956496 15057868460 1684077 0 10756221 0 0 0
1791106924 1785, 2619, 42, 0x0000000000000000 | 29.04 17.75 10.45 | cpu  2148674063 50793274 274956821 15057893135 1684077 0 10756229 0 0 0
1791106925 1785, 2619, 43, 0x0000000000000000 | 27.68 17.66 10.46 | cpu  2148676183 50793274 274957387 15057915383 1684077 0 10756240 0 0 0
1791106926 1785, 2619, 42, 0x0000000000000000 | 27.68 17.66 10.46 | cpu  2148678533 50793274 274957947 15057937995 1684077 0 10756257 0 0 0
1791106927 1785, 2619, 43, 0x0000000000000000 | 27.68 17.66 10.46 | cpu  2148680676 50793274 274958441 15057960984 1684077 0 10756275 0 0 0
1791106928 1785, 2619, 43, 0x0000000000000000 | 27.68 17.66 10.46 | cpu  2148683018 50793274 274958971 15057984391 1684077 0 10756293 0 0 0
1791106929 1785, 2619, 43, 0x0000000000000000 | 27.68 17.66 10.46 | cpu  2148684987 50793274 274959280 15058006707 1684077 0 10756300 0 0 0
1791106931 1785, 2619, 43, 0x0000000000000000 | 26.26 17.53 10.46 | cpu  2148686954 50793274 274959604 15058029202 1684077 0 10756313 0 0 0
1791106932 1785, 2619, 43, 0x0000000000000000 | 26.26 17.53 10.46 | cpu  2148689132 50793274 274959903 15058053886 1684077 0 10756325 0 0 0
1791106933 1785, 2619, 43, 0x0000000000000000 | 26.26 17.53 10.46 | cpu  2148691302 50793274 274960252 15058077225 1684077 0 10756337 0 0 0
1791106934 1785, 2619, 43, 0x0000000000000000 | 26.26 17.53 10.46 | cpu  2148693106 50793274 274960550 15058099654 1684077 0 10756344 0 0 0
1791106935 1785, 2619, 42, 0x0000000000000000 | 24.88 17.39 10.45 | cpu  2148695192 50793274 274960817 15058122847 1684077 0 10756352 0 0 0
1791106936 1785, 2619, 42, 0x0000000000000000 | 24.88 17.39 10.45 | cpu  2148697291 50793274 274961223 15058146238 1684077 0 10756363 0 0 0
1791106937 1785, 2619, 42, 0x0000000000000000 | 24.88 17.39 10.45 | cpu  2148699323 50793274 274961704 15058168976 1684077 0 10756380 0 0 0
1791106939 1785, 2619, 42, 0x0000000000000000 | 24.88 17.39 10.45 | cpu  2148701359 50793274 274962246 15058193632 1684077 0 10756399 0 0 0
1791106940 1785, 2619, 42, 0x0000000000000000 | 23.69 17.27 10.45 | cpu  2148703031 50793274 274962674 15058216501 1684077 0 10756424 0 0 0
1791106941 1785, 2619, 42, 0x0000000000000000 | 23.69 17.27 10.45 | cpu  2148705008 50793274 274963201 15058238904 1684077 0 10756444 0 0 0
1791106942 1785, 2619, 43, 0x0000000000000000 | 23.69 17.27 10.45 | cpu  2148706952 50793274 274963745 15058262200 1684079 0 10756463 0 0 0
1791106943 1785, 2619, 42, 0x0000000000000000 | 23.69 17.27 10.45 | cpu  2148709093 50793274 274964234 15058285667 1684079 0 10756477 0 0 0
1791106944 1785, 2619, 42, 0x0000000000000000 | 23.69 17.27 10.45 | cpu  2148711004 50793274 274964581 15058308415 1684079 0 10756494 0 0 0
1791106946 1785, 2619, 42, 0x0000000000000000 | 28.20 18.31 10.82 | cpu  2148713112 50793274 274965108 15058331090 1684079 0 10756524 0 0 0
1791106947 1785, 2619, 42, 0x0000000000000000 | 28.20 18.31 10.82 | cpu  2148715192 50793274 274965565 15058353746 1684079 0 10756531 0 0 0
1791106948 1785, 2619, 42, 0x0000000000000000 | 28.20 18.31 10.82 | cpu  2148717381 50793274 274966060 15058376698 1684079 0 10756543 0 0 0
1791106949 1785, 2619, 42, 0x0000000000000000 | 28.20 18.31 10.82 | cpu  2148719223 50793274 274966635 15058399908 1684079 0 10756558 0 0 0
1791106950 1785, 2619, 42, 0x0000000000000000 | 26.82 18.19 10.82 | cpu  2148721497 50793275 274967054 15058423079 1684079 0 10756575 0 0 0
1791106951 1785, 2619, 42, 0x0000000000000000 | 26.82 18.19 10.82 | cpu  2148723483 50793275 274967444 15058445882 1684079 0 10756590 0 0 0
1791106952 1785, 2619, 43, 0x0000000000000000 | 26.82 18.19 10.82 | cpu  2148725280 50793275 274967989 15058467645 1684079 0 10756602 0 0 0
1791106954 1785, 2619, 42, 0x0000000000000000 | 26.82 18.19 10.82 | cpu  2148727270 50793275 274968591 15058492156 1684079 0 10756614 0 0 0
1791106955 1785, 2619, 42, 0x0000000000000000 | 25.31 18.02 10.81 | cpu  2148729123 50793275 274969047 15058514876 1684079 0 10756625 0 0 0
1791106956 1785, 2619, 42, 0x0000000000000000 | 25.31 18.02 10.81 | cpu  2148731027 50793275 274969443 15058537771 1684079 0 10756637 0 0 0
1791106957 1785, 2619, 42, 0x0000000000000000 | 25.31 18.02 10.81 | cpu  2148732939 50793275 274969774 15058560826 1684079 0 10756641 0 0 0
1791106958 1785, 2619, 42, 0x0000000000000000 | 25.31 18.02 10.81 | cpu  2148734886 50793276 274970093 15058583796 1684079 0 10756644 0 0 0
1791106959 1785, 2619, 42, 0x0000000000000000 | 25.31 18.02 10.81 | cpu  2148736666 50793276 274970423 15058607628 1684079 0 10756644 0 0 0
1791106960 1785, 2619, 42, 0x0000000000000000 | 23.84 17.83 10.79 | cpu  2148738639 50793276 274970939 15058631971 1684079 0 10756662 0 0 0
1791106962 1785, 2619, 42, 0x0000000000000000 | 23.84 17.83 10.79 | cpu  2148740581 50793276 274971668 15058656284 1684094 0 10756678 0 0 0
1791106963 1785, 2619, 42, 0x0000000000000000 | 23.84 17.83 10.79 | cpu  2148742645 50793276 274972482 15058679330 1684104 0 10756703 0 0 0
1791106964 1785, 2619, 42, 0x0000000000000000 | 23.84 17.83 10.79 | cpu  2148743400 50793276 274973007 15058703964 1684104 0 10756723 0 0 0
1791106965 1785, 2619, 42, 0x0000000000000000 | 23.06 17.77 10.81 | cpu  2148744248 50793276 274973569 15058728535 1684104 0 10756751 0 0 0
1791106966 1785, 2619, 42, 0x0000000000000000 | 23.06 17.77 10.81 | cpu  2148745197 50793276 274974164 15058752522 1684105 0 10756774 0 0 0
1791106967 1785, 2619, 42, 0x0000000000000000 | 23.06 17.77 10.81 | cpu  2148745688 50793276 274974849 15058778712 1684139 0 10756794 0 0 0
1791106969 1785, 2619, 42, 0x0000000000000000 | 23.06 17.77 10.81 | cpu  2148745988 50793276 274975407 15058802598 1684157 0 10756801 0 0 0
1791106970 1785, 2619, 42, 0x0000000000000000 | 21.69 17.57 10.78 | cpu  2148746389 50793276 274975747 15058827182 1684157 0 10756801 0 0 0
1791106971 1785, 2619, 42, 0x0000000000000000 | 21.69 17.57 10.78 | cpu  2148747138 50793276 274976256 15058851703 1684160 0 10756802 0 0 0
1791106972 1785, 2619, 42, 0x0000000000000000 | 21.69 17.57 10.78 | cpu  2148747750 50793276 274977000 15058877156 1684179 0 10756802 0 0 0
1791106973 1785, 2619, 42, 0x0000000000000000 | 21.69 17.57 10.78 | cpu  2148748225 50793276 274977698 15058904008 1684196 0 10756825 0 0 0
1791106975 1785, 2619, 42, 0x0000000000000000 | 20.83 17.46 10.78 | cpu  2148749143 50793276 274978462 15058930320 1684207 0 10756846 0 0 0
1791106976 1785, 2619, 42, 0x0000000000000000 | 20.83 17.46 10.78 | cpu  2148749798 50793276 274978958 15058954481 1684209 0 10756857 0 0 0
1791106977 1785, 2619, 42, 0x0000000000000000 | 20.83 17.46 10.78 | cpu  2148750872 50793276 274979352 15058977774 1684210 0 10756876 0 0 0
1791106978 1785, 2619, 42, 0x0000000000000000 | 20.83 17.46 10.78 | cpu  2148751896 50793276 274979726 15059000875 1684210 0 10756888 0 0 0
1791106979 1785, 2619, 42, 0x0000000000000000 | 20.83 17.46 10.78 | cpu  2148752627 50793276 274980127 15059025312 1684211 0 10756896 0 0 0
1791106980 1785, 2619, 42, 0x0000000000000000 | 19.65 17.27 10.75 | cpu  2148753511 50793276 274980431 15059050063 1684211 0 10756901 0 0 0
1791106981 1785, 2619, 42, 0x0000000000000000 | 19.65 17.27 10.75 | cpu  2148754359 50793276 274980734 15059073412 1684212 0 10756906 0 0 0
1791106983 1785, 2619, 42, 0x0000000000000000 | 19.65 17.27 10.75 | cpu  2148755116 50793277 274981248 15059097181 1684212 0 10756922 0 0 0
1791106984 1785, 2619, 42, 0x0000000000000000 | 19.65 17.27 10.75 | cpu  2148755714 50793277 274981658 15059121963 1684215 0 10756941 0 0 0
1791106985 1785, 2619, 42, 0x0000000000000000 | 19.03 17.19 10.76 | cpu  2148756536 50793277 274982196 15059146273 1684241 0 10756961 0 0 0
1791106986 1785, 2619, 42, 0x0000000000000000 | 19.03 17.19 10.76 | cpu  2148757600 50793277 274982940 15059169531 1684276 0 10756985 0 0 0
1791106987 1785, 2619, 42, 0x0000000000000000 | 19.03 17.19 10.76 | cpu  2148758538 50793277 274983480 15059192761 1684292 0 10756996 0 0 0
1791106988 1785, 2619, 42, 0x0000000000000000 | 19.03 17.19 10.76 | cpu  2148759288 50793277 274983971 15059218790 1684292 0 10757005 0 0 0
1791106989 1785, 2619, 42, 0x0000000000000000 | 19.03 17.19 10.76 | cpu  2148760053 50793277 274984369 15059242548 1684292 0 10757011 0 0 0
1791106991 1785, 2619, 42, 0x0000000000000000 | 18.31 17.07 10.76 | cpu  2148761211 50793277 274984861 15059266567 1684292 0 10757021 0 0 0
1791106992 1785, 2619, 42, 0x0000000000000000 | 18.31 17.07 10.76 | cpu  2148762131 50793277 274985145 15059290212 1684292 0 10757037 0 0 0
1791106993 1785, 2619, 42, 0x0000000000000000 | 18.31 17.07 10.76 | cpu  2148762978 50793277 274985505 15059314677 1684292 0 10757044 0 0 0
1791106994 1785, 2619, 42, 0x0000000000000000 | 18.31 17.07 10.76 | cpu  2148763845 50793277 274986000 15059338074 1684292 0 10757046 0 0 0
1791106995 1785, 2619, 42, 0x0000000000000000 | 17.40 16.90 10.74 | cpu  2148764817 50793277 274986355 15059361644 1684292 0 10757054 0 0 0
1791106996 1785, 2619, 42, 0x0000000000000000 | 17.40 16.90 10.74 | cpu  2148765721 50793277 274986796 15059386216 1684292 0 10757058 0 0 0
1791106997 1785, 2619, 42, 0x0000000000000000 | 17.40 16.90 10.74 | cpu  2148766828 50793277 274987319 15059410139 1684292 0 10757075 0 0 0
1791106998 1785, 2619, 42, 0x0000000000000000 | 17.40 16.90 10.74 | cpu  2148767856 50793277 274987734 15059434342 1684292 0 10757079 0 0 0
1791107000 1785, 2619, 42, 0x0000000000000000 | 16.65 16.75 10.72 | cpu  2148768735 50793277 274988022 15059458699 1684292 0 10757086 0 0 0
1791107001 1785, 2619, 42, 0x0000000000000000 | 16.65 16.75 10.72 | cpu  2148769970 50793277 274988416 15059482801 1684293 0 10757090 0 0 0
1791107002 1785, 2619, 42, 0x0000000000000000 | 16.65 16.75 10.72 | cpu  2148771140 50793277 274988740 15059507255 1684294 0 10757097 0 0 0
1791107003 1785, 2619, 42, 0x0000000000000000 | 16.65 16.75 10.72 | cpu  2148772058 50793278 274989036 15059534194 1684294 0 10757106 0 0 0
1791107004 1785, 2619, 42, 0x0000000000000000 | 16.65 16.75 10.72 | cpu  2148772990 50793278 274989292 15059558298 1684294 0 10757112 0 0 0
1791107005 1785, 2619, 42, 0x0000000000000000 | 15.96 16.60 10.71 | cpu  2148773926 50793278 274989710 15059581966 1684294 0 10757119 0 0 0
1791107007 1785, 2619, 42, 0x0000000000000000 | 15.96 16.60 10.71 | cpu  2148774437 50793278 274990219 15059606409 1684302 0 10757136 0 0 0
1791107008 1785, 2619, 42, 0x0000000000000000 | 15.96 16.60 10.71 | cpu  2148774833 50793278 274990774 15059631057 1684308 0 10757139 0 0 0
1791107009 1785, 2619, 42, 0x0000000000000000 | 15.96 16.60 10.71 | cpu  2148775571 50793278 274991303 15059655050 1684308 0 10757145 0 0 0
1791107010 1785, 2619, 42, 0x0000000000000000 | 15.48 16.50 10.70 | cpu  2148776005 50793278 274991797 15059679344 1684309 0 10757157 0 0 0
1791107011 1785, 2619, 42, 0x0000000000000000 | 15.48 16.50 10.70 | cpu  2148776463 50793278 274992294 15059704265 1684322 0 10757202 0 0 0
1791107012 1785, 2619, 42, 0x0000000000000000 | 15.48 16.50 10.70 | cpu  2148777057 50793278 274994113 15059727465 1684334 0 10757215 0 0 0
1791107013 1785, 2619, 42, 0x0000000000000000 | 15.48 16.50 10.70 | cpu  2148777858 50793278 274995900 15059750950 1684341 0 10757239 0 0 0
1791107015 1785, 2619, 42, 0x0000000000000000 | 15.36 16.45 10.72 | cpu  2148778983 50793278 274996480 15059776135 1684354 0 10757254 0 0 0
1791107016 1785, 2619, 42, 0x0000000000000000 | 15.36 16.45 10.72 | cpu  2148780213 50793278 274999681 15059798024 1684364 0 10757265 0 0 0
1791107017 1785, 2619, 42, 0x0000000000000000 | 15.36 16.45 10.72 | cpu  2148781064 50793278 275002608 15059819870 1684364 0 10757288 0 0 0
1791107018 1785, 2619, 42, 0x0000000000000000 | 15.36 16.45 10.72 | cpu  2148782104 50793278 275003659 15059843878 1684364 0 10757304 0 0 0
1791107019 1785, 2619, 42, 0x0000000000000000 | 15.36 16.45 10.72 | cpu  2148783142 50793278 275004190 15059868286 1684388 0 10757309 0 0 0
1791107021 1785, 2619, 42, 0x0000000000000000 | 15.01 16.36 10.72 | cpu  2148783734 50793278 275004748 15059893913 1684418 0 10757397 0 0 0
1791107022 1785, 2619, 42, 0x0000000000000000 | 15.01 16.36 10.72 | cpu  2148785038 50793278 275005120 15059917539 1684419 0 10757404 0 0 0
1791107023 1785, 2619, 42, 0x0000000000000000 | 15.01 16.36 10.72 | cpu  2148786335 50793278 275006669 15059939100 1684419 0 10757416 0 0 0
1791107024 1785, 2619, 42, 0x0000000000000000 | 15.01 16.36 10.72 | cpu  2148788022 50793279 275007256 15059963650 1684419 0 10757436 0 0 0
1791107025 1785, 2619, 42, 0x0000000000000000 | 15.25 16.39 10.76 | cpu  2148789514 50793279 275007883 15059988445 1684419 0 10757453 0 0 0
1791107026 1785, 2619, 42, 0x0000000000000000 | 15.25 16.39 10.76 | cpu  2148791276 50793279 275008347 15060011982 1684419 0 10757478 0 0 0
1791107028 1785, 2619, 42, 0x0000000000000000 | 15.25 16.39 10.76 | cpu  2148791738 50793279 275008752 15060036831 1684419 0 10757487 0 0 0
1791107029 1785, 2619, 43, 0x0000000000000000 | 15.25 16.39 10.76 | cpu  2148792098 50793279 275009060 15060060808 1684419 0 10757491 0 0 0
1791107030 1785, 2619, 42, 0x0000000000000000 | 14.59 16.23 10.74 | cpu  2148792537 50793279 275009425 15060086598 1684419 0 10757498 0 0 0
1791107031 1785, 2619, 43, 0x0000000000000000 | 14.59 16.23 10.74 | cpu  2148792972 50793279 275009815 15060112306 1684419 0 10757505 0 0 0
1791107032 1785, 2619, 43, 0x0000000000000000 | 14.59 16.23 10.74 | cpu  2148793422 50793279 275010266 15060136572 1684419 0 10757515 0 0 0
1791107033 1785, 2619, 43, 0x0000000000000000 | 14.59 16.23 10.74 | cpu  2148793844 50793279 275010719 15060160820 1684419 0 10757532 0 0 0
1791107034 1785, 2619, 43, 0x0000000000000000 | 14.59 16.23 10.74 | cpu  2148794316 50793279 275011231 15060185293 1684419 0 10757537 0 0 0
1791107036 1785, 2619, 43, 0x0000000000000000 | 14.38 16.16 10.75 | cpu  2148794773 50793279 275011756 15060210027 1684419 0 10757553 0 0 0
1791107037 1785, 2619, 43, 0x0000000000000000 | 14.38 16.16 10.75 | cpu  2148795247 50793280 275012268 15060234854 1684419 0 10757567 0 0 0
1791107038 1785, 2619, 42, 0x0000000000000000 | 14.38 16.16 10.75 | cpu  2148795696 50793280 275012675 15060262378 1684419 0 10757577 0 0 0
1791107039 1785, 2619, 42, 0x0000000000000000 | 14.38 16.16 10.75 | cpu  2148796114 50793280 275013030 15060286836 1684419 0 10757582 0 0 0
1791107040 1785, 2619, 42, 0x0000000000000000 | 13.71 15.99 10.72 | cpu  2148797267 50793280 275013350 15060310598 1684419 0 10757585 0 0 0
1791107041 1785, 2619, 43, 0x0000000000000000 | 13.71 15.99 10.72 | cpu  2148797945 50793283 275013644 15060334414 1684419 0 10757588 0 0 0
1791107043 1785, 2619, 43, 0x0000000000000000 | 13.71 15.99 10.72 | cpu  2148798420 50793284 275014053 15060359958 1684419 0 10757597 0 0 0
1791107044 1785, 2619, 43, 0x0000000000000000 | 13.71 15.99 10.72 | cpu  2148798852 50793284 275014522 15060384762 1684419 0 10757608 0 0 0
1791107045 1785, 2619, 42, 0x0000000000000000 | 13.25 15.86 10.71 | cpu  2148799348 50793284 275015047 15060410724 1684419 0 10757624 0 0 0
1791107046 1785, 2619, 43, 0x0000000000000000 | 13.25 15.86 10.71 | cpu  2148799840 50793284 275015571 15060435397 1684419 0 10757639 0 0 0
1791107047 1785, 2619, 43, 0x0000000000000000 | 13.25 15.86 10.71 | cpu  2148800328 50793284 275016090 15060460223 1684419 0 10757662 0 0 0
1791107048 1785, 2619, 43, 0x0000000000000000 | 13.25 15.86 10.71 | cpu  2148800751 50793284 275016494 15060484554 1684419 0 10757677 0 0 0
1791107050 1785, 2619, 42, 0x0000000000000000 | 12.99 15.76 10.70 | cpu  2148801306 50793284 275017094 15060510626 1684419 0 10757695 0 0 0
1791107051 1785, 2619, 42, 0x0000000000000000 | 12.99 15.76 10.70 | cpu  2148801708 50793284 275017668 15060536364 1684419 0 10757702 0 0 0
1791107052 1785, 2619, 42, 0x0000000000000000 | 12.99 15.76 10.70 | cpu  2148802086 50793285 275018169 15060561216 1684419 0 10757708 0 0 0
1791107053 1785, 2619, 42, 0x0000000000000000 | 12.99 15.76 10.70 | cpu  2148802442 50793285 275018622 15060586315 1684419 0 10757714 0 0 0
1791107054 1785, 2619, 42, 0x0000000000000000 | 12.99 15.76 10.70 | cpu  2148802838 50793285 275019118 15060611204 1684419 0 10757715 0 0 0
1791107055 1785, 2619, 42, 0x0000000000000000 | 12.67 15.65 10.70 | cpu  2148803837 50793285 275020172 15060634760 1684419 0 10757725 0 0 0
1791107057 1785, 2619, 42, 0x0000000000000000 | 12.67 15.65 10.70 | cpu  2148804326 50793285 275020838 15060660385 1684421 0 10757749 0 0 0
1791107058 1785, 2619, 42, 0x0000000000000000 | 12.67 15.65 10.70 | cpu  2148807308 50793285 275021407 15060683406 1684421 0 10757780 0 0 0
1791107059 1785, 2619, 42, 0x0000000000000000 | 12.67 15.65 10.70 | cpu  2148809817 50793285 275021848 15060705567 1684421 0 10757800 0 0 0
1791107060 1785, 2619, 42, 0x0000000000000000 | 12.46 15.56 10.69 | cpu  2148812996 50793285 275022249 15060726594 1684421 0 10757818 0 0 0
1791107061 1785, 2619, 42, 0x0000000000000000 | 12.46 15.56 10.69 | cpu  2148816074 50793285 275022674 15060747969 1684421 0 10757837 0 0 0
1791107062 1785, 2619, 42, 0x0000000000000000 | 12.46 15.56 10.69 | cpu  2148819488 50793285 275023108 15060769511 1684429 0 10757846 0 0 0
1791107063 1785, 2619, 42, 0x0000000000000000 | 12.46 15.56 10.69 | cpu  2148822742 50793285 275023619 15060791250 1684456 0 10757871 0 0 0
1791107065 1785, 2619, 42, 0x0000000000000000 | 12.26 15.47 10.69 | cpu  2148823770 50793285 275024189 15060815400 1684456 0 10757891 0 0 0
1791107066 1785, 2619, 42, 0x0000000000000000 | 12.26 15.47 10.69 | cpu  2148824527 50793285 275024701 15060839796 1684456 0 10757906 0 0 0
1791107067 1785, 2619, 42, 0x0000000000000000 | 12.26 15.47 10.69 | cpu  2148824938 50793285 275025258 15060865248 1684456 0 10757912 0 0 0
1791107068 1785, 2619, 42, 0x0000000000000000 | 12.26 15.47 10.69 | cpu  2148825293 50793285 275025771 15060889673 1684456 0 10757921 0 0 0
1791107069 1785, 2619, 42, 0x0000000000000000 | 12.26 15.47 10.69 | cpu  2148825658 50793285 275026294 15060914736 1684456 0 10757932 0 0 0
1791107070 1785, 2619, 42, 0x0000000000000000 | 11.92 15.34 10.67 | cpu  2148826028 50793285 275026713 15060939201 1684456 0 10757939 0 0 0
1791107072 1785, 2619, 42, 0x0000000000000000 | 11.92 15.34 10.67 | cpu  2148826378 50793285 275027092 15060963230 1684456 0 10757942 0 0 0
1791107073 1785, 2619, 42, 0x0000000000000000 | 11.92 15.34 10.67 | cpu  2148826787 50793285 275027568 15060991653 1684456 0 10757952 0 0 0
1791107074 1785, 2619, 42, 0x0000000000000000 | 11.92 15.34 10.67 | cpu  2148827182 50793285 275028152 15061017202 1684456 0 10757975 0 0 0
1791107075 1785, 2619, 42, 0x0000000000000000 | 12.01 15.30 10.69 | cpu  2148827584 50793285 275028736 15061042514 1684456 0 10757993 0 0 0
1791107076 1785, 2619, 42, 0x0000000000000000 | 12.01 15.30 10.69 | cpu  2148827967 50793285 275029333 15061067346 1684466 0 10758017 0 0 0
1791107078 1785, 2619, 42, 0x0000000000000000 | 12.01 15.30 10.69 | cpu  2148828380 50793285 275029844 15061091516 1684485 0 10758049 0 0 0
1791107079 1785, 2619, 42, 0x0000000000000000 | 12.01 15.30 10.69 | cpu  2148828800 50793285 275030178 15061115670 1684514 0 10758054 0 0 0
1791107080 1785, 2619, 42, 0x0000000000000000 | 11.61 15.16 10.67 | cpu  2148829304 50793285 275030611 15061140497 1684525 0 10758089 0 0 0
1791107081 1785, 2619, 42, 0x0000000000000000 | 11.61 15.16 10.67 | cpu  2148829838 50793285 275031018 15061165305 1684526 0 10758095 0 0 0
1791107082 1785, 2619, 42, 0x0000000000000000 | 11.61 15.16 10.67 | cpu  2148830374 50793285 275031423 15061190568 1684526 0 10758099 0 0 0
1791107083 1785, 2619, 42, 0x0000000000000000 | 11.61 15.16 10.67 | cpu  2148830872 50793285 275031766 15061214947 1684526 0 10758099 0 0 0
1791107084 1785, 2619, 42, 0x0000000000000000 | 11.61 15.16 10.67 | cpu  2148831470 50793285 275032255 15061239496 1684526 0 10758102 0 0 0
1791107085 1785, 2619, 42, 0x0000000000000000 | 11.48 15.08 10.66 | cpu  2148832086 50793286 275032536 15061263402 1684526 0 10758120 0 0 0
1791107087 1785, 2619, 42, 0x0000000000000000 | 11.48 15.08 10.66 | cpu  2148833013 50793286 275032884 15061288573 1684526 0 10758137 0 0 0
1791107088 1785, 2619, 42, 0x0000000000000000 | 11.48 15.08 10.66 | cpu  2148833580 50793286 275033212 15061313184 1684528 0 10758149 0 0 0
1791107089 1785, 2619, 42, 0x0000000000000000 | 11.48 15.08 10.66 | cpu  2148834190 50793286 275033448 15061337947 1684528 0 10758162 0 0 0
1791107090 1785, 2619, 42, 0x0000000000000000 | 11.28 14.98 10.65 | cpu  2148834792 50793286 275033687 15061362697 1684528 0 10758168 0 0 0
1791107091 1785, 2619, 42, 0x0000000000000000 | 11.28 14.98 10.65 | cpu  2148835417 50793286 275033990 15061388501 1684529 0 10758178 0 0 0
1791107092 1785, 2619, 42, 0x0000000000000000 | 11.28 14.98 10.65 | cpu  2148836068 50793286 275034270 15061412734 1684529 0 10758197 0 0 0
1791107094 1785, 2619, 42, 0x0000000000000000 | 11.28 14.98 10.65 | cpu  2148836664 50793287 275034609 15061438530 1684529 0 10758215 0 0 0
1791107095 1785, 2619, 42, 0x0000000000000000 | 11.26 14.91 10.65 | cpu  2148837239 50793287 275035070 15061463923 1684529 0 10758235 0 0 0
1791107096 1785, 2619, 42, 0x0000000000000000 | 11.26 14.91 10.65 | cpu  2148837810 50793287 275035646 15061489042 1684535 0 10758274 0 0 0
1791107097 1785, 2619, 41, 0x0000000000000000 | 11.26 14.91 10.65 | cpu  2148838325 50793287 275036180 15061513757 1684541 0 10758300 0 0 0
1791107098 1785, 2619, 42, 0x0000000000000000 | 11.26 14.91 10.65 | cpu  2148838760 50793287 275036618 15061538323 1684549 0 10758304 0 0 0
1791107099 1785, 2619, 42, 0x0000000000000000 | 11.26 14.91 10.65 | cpu  2148839236 50793287 275036947 15061563745 1684551 0 10758310 0 0 0
1791107101 1785, 2619, 42, 0x0000000000000000 | 11.08 14.81 10.64 | cpu  2148839692 50793288 275037240 15061588010 1684551 0 10758315 0 0 0
1791107102 1785, 2619, 42, 0x0000000000000000 | 11.08 14.81 10.64 | cpu  2148840197 50793288 275037579 15061612543 1684551 0 10758324 0 0 0
1791107103 1785, 2619, 42, 0x0000000000000000 | 11.08 14.81 10.64 | cpu  2148840706 50793288 275038098 15061636730 1684552 0 10758351 0 0 0
1791107104 1785, 2619, 42, 0x0000000000000000 | 11.08 14.81 10.64 | cpu  2148841292 50793288 275038798 15061660448 1684572 0 10758378 0 0 0
1791107105 1785, 2619, 41, 0x0000000000000000 | 11.31 14.80 10.66 | cpu  2148841796 50793288 275039515 15061684803 1684584 0 10758404 0 0 0
1791107106 1785, 2619, 41, 0x0000000000000000 | 11.31 14.80 10.66 | cpu  2148842817 50793288 275040096 15061709350 1684623 0 10758422 0 0 0
1791107107 1785, 2619, 41, 0x0000000000000000 | 11.31 14.80 10.66 | cpu  2148843393 50793288 275040656 15061733082 1684648 0 10758452 0 0 0
1791107109 1785, 2619, 41, 0x0000000000000000 | 11.31 14.80 10.66 | cpu  2148849088 50793288 275041124 15061751793 1684669 0 10758471 0 0 0
1791107110 1785, 2619, 41, 0x0000000000000000 | 11.77 14.84 10.70 | cpu  2148849652 50793288 275041888 15061775941 1684691 0 10758564 0 0 0
1791107111 1785, 2619, 41, 0x0000000000000000 | 11.77 14.84 10.70 | cpu  2148856264 50793288 275042177 15061793457 1684691 0 10758573 0 0 0
1791107112 1785, 2619, 41, 0x0000000000000000 | 11.77 14.84 10.70 | cpu  2148856832 50793288 275042676 15061818296 1684691 0 10758589 0 0 0
1791107113 1785, 2619, 41, 0x0000000000000000 | 11.77 14.84 10.70 | cpu  2148857316 50793288 275043070 15061842826 1684711 0 10758605 0 0 0
1791107114 1785, 2619, 41, 0x0000000000000000 | 11.77 14.84 10.70 | cpu  2148857865 50793288 275043490 15061867800 1684724 0 10758637 0 0 0
1791107115 1785, 2619, 41, 0x0000000000000000 | 11.70 14.77 10.70 | cpu  2148858484 50793288 275043966 15061894650 1684724 0 10758649 0 0 0
1791107117 1785, 2619, 41, 0x0000000000000000 | 11.70 14.77 10.70 | cpu  2148859053 50793288 275044467 15061918692 1684724 0 10758664 0 0 0
1791107118 1785, 2619, 41, 0x0000000000000000 | 11.70 14.77 10.70 | cpu  2148859607 50793288 275044959 15061942903 1684724 0 10758683 0 0 0
1791107119 1785, 2619, 41, 0x0000000000000000 | 11.70 14.77 10.70 | cpu  2148860206 50793288 275045392 15061968241 1684724 0 10758691 0 0 0
1791107120 1785, 2619, 41, 0x0000000000000000 | 11.49 14.68 10.69 | cpu  2148860750 50793288 275045751 15061992514 1684724 0 10758701 0 0 0
1791107121 1785, 2619, 41, 0x0000000000000000 | 11.49 14.68 10.69 | cpu  2148861372 50793288 275046061 15062016734 1684737 0 10758709 0 0 0
1791107122 1785, 2619, 41, 0x0000000000000000 | 11.49 14.68 10.69 | cpu  2148862013 50793288 275046313 15062041699 1684763 0 10758728 0 0 0
1791107124 1785, 2619, 41, 0x0000000000000000 | 11.49 14.68 10.69 | cpu  2148862591 50793288 275046565 15062066315 1684795 0 10758746 0 0 0
1791107125 1785, 2619, 41, 0x0000000000000000 | 11.21 14.56 10.68 | cpu  2148863256 50793289 275046772 15062091537 1684803 0 10758757 0 0 0
1791107126 1785, 2619, 41, 0x0000000000000000 | 11.21 14.56 10.68 | cpu  2148863947 50793289 275047019 15062117175 1684803 0 10758765 0 0 0
1791107127 1785, 2619, 41, 0x0000000000000000 | 11.21 14.56 10.68 | cpu  2148864920 50793289 275047282 15062142183 1684803 0 10758776 0 0 0
1791107128 1785, 2619, 41, 0x0000000000000000 | 11.21 14.56 10.68 | cpu  2148865635 50793290 275047610 15062166929 1684803 0 10758789 0 0 0
1791107129 1785, 2619, 41, 0x0000000000000000 | 11.21 14.56 10.68 | cpu  2148866322 50793290 275048026 15062191335 1684804 0 10758802 0 0 0
1791107131 1785, 2619, 41, 0x0000000000000000 | 11.11 14.49 10.67 | cpu  2148866846 50793290 275048372 15062215404 1684804 0 10758808 0 0 0
1791107132 1785, 2619, 41, 0x0000000000000000 | 11.11 14.49 10.67 | cpu  2148867359 50793290 275048707 15062239866 1684804 0 10758818 0 0 0
1791107133 1785, 2619, 41, 0x0000000000000000 | 11.11 14.49 10.67 | cpu  2148867793 50793290 275049160 15062264331 1684806 0 10758823 0 0 0
1791107134 1785, 2619, 41, 0x0000000000000000 | 11.11 14.49 10.67 | cpu  2148868239 50793290 275049511 15062288719 1684812 0 10758838 0 0 0
1791107135 1785, 2619, 41, 0x0000000000000000 | 10.86 14.38 10.66 | cpu  2148868740 50793290 275049859 15062314636 1684812 0 10758845 0 0 0
1791107136 1785, 2619, 40, 0x0000000000000000 | 10.86 14.38 10.66 | cpu  2148869230 50793290 275050257 15062339919 1684812 0 10758846 0 0 0
1791107138 1785, 2619, 40, 0x0000000000000000 | 10.86 14.38 10.66 | cpu  2148869740 50793290 275050627 15062367292 1684812 0 10758858 0 0 0
1791107139 1785, 2619, 41, 0x0000000000000000 | 10.86 14.38 10.66 | cpu  2148870259 50793290 275051077 15062392680 1684812 0 10758869 0 0 0
1791107140 1785, 2619, 41, 0x0000000000000000 | 11.03 14.36 10.67 | cpu  2148870784 50793290 275051604 15062418204 1684812 0 10758884 0 0 0
1791107141 1785, 2619, 41, 0x0000000000000000 | 11.03 14.36 10.67 | cpu  2148871297 50793290 275052211 15062443553 1684812 0 10758902 0 0 0
1791107142 1785, 2619, 41, 0x0000000000000000 | 11.03 14.36 10.67 | cpu  2148871795 50793291 275052839 15062467992 1684829 0 10758921 0 0 0
1791107143 1785, 2619, 41, 0x0000000000000000 | 11.03 14.36 10.67 | cpu  2148872231 50793291 275053351 15062492521 1684856 0 10758946 0 0 0
1791107145 1785, 2619, 41, 0x0000000000000000 | 11.03 14.36 10.67 | cpu  2148872692 50793292 275053874 15062516894 1684878 0 10758995 0 0 0
1791107146 1785, 2619, 41, 0x0000000000000000 | 10.87 14.27 10.66 | cpu  2148873217 50793292 275054352 15062542545 1684878 0 10759002 0 0 0
1791107147 1785, 2619, 40, 0x0000000000000000 | 10.87 14.27 10.66 | cpu  2148873720 50793292 275054873 15062566480 1684895 0 10759022 0 0 0
1791107148 1785, 2619, 40, 0x0000000000000000 | 10.87 14.27 10.66 | cpu  2148874542 50793292 275055258 15062590165 1684915 0 10759053 0 0 0
1791107149 1785, 2619, 40, 0x0000000000000000 | 10.87 14.27 10.66 | cpu  2148875033 50793292 275055614 15062614684 1684915 0 10759063 0 0 0
1791107150 1785, 2619, 40, 0x0000000000000000 | 10.64 14.16 10.65 | cpu  2148875530 50793292 275056000 15062639389 1684915 0 10759080 0 0 0
1791107151 1785, 2619, 40, 0x0000000000000000 | 10.64 14.16 10.65 | cpu  2148876014 50793292 275056387 15062664380 1684915 0 10759093 0 0 0
1791107153 1785, 2619, 40, 0x0000000000000000 | 10.64 14.16 10.65 | cpu  2148876467 50793292 275056775 15062688520 1684927 0 10759106 0 0 0
1791107154 1785, 2619, 40, 0x0000000000000000 | 10.64 14.16 10.65 | cpu  2148877008 50793292 275057188 15062713676 1684959 0 10759113 0 0 0
1791107155 1785, 2619, 41, 0x0000000000000000 | 10.99 14.18 10.67 | cpu  2148877534 50793292 275057697 15062737271 1684994 0 10759143 0 0 0
1791107156 1785, 2619, 41, 0x0000000000000000 | 10.99 14.18 10.67 | cpu  2148878042 50793292 275058371 15062761405 1685023 0 10759190 0 0 0
1791107157 1785, 2619, 41, 0x0000000000000000 | 10.99 14.18 10.67 | cpu  2148878546 50793292 275058859 15062785595 1685023 0 10759192 0 0 0
1791107158 1785, 2619, 40, 0x0000000000000000 | 10.99 14.18 10.67 | cpu  2148879012 50793292 275059306 15062809941 1685023 0 10759202 0 0 0
1791107159 1785, 2619, 40, 0x0000000000000000 | 10.99 14.18 10.67 | cpu  2148879542 50793292 275059830 15062835340 1685023 0 10759204 0 0 0
1791107161 1785, 2619, 40, 0x0000000000000000 | 10.75 14.07 10.65 | cpu  2148880000 50793292 275060312 15062859618 1685023 0 10759207 0 0 0
1791107162 1785, 2619, 40, 0x0000000000000000 | 10.75 14.07 10.65 | cpu  2148880503 50793295 275060786 15062885235 1685023 0 10759211 0 0 0
1791107163 1785, 2619, 40, 0x0000000000000000 | 10.75 14.07 10.65 | cpu  2148880925 50793296 275061354 15062909785 1685037 0 10759221 0 0 0
1791107164 1785, 2619, 40, 0x0000000000000000 | 10.75 14.07 10.65 | cpu  2148881422 50793296 275061975 15062934018 1685038 0 10759236 0 0 0
1791107165 1785, 2619, 40, 0x0000000000000000 | 10.61 13.99 10.64 | cpu  2148881973 50793296 275062562 15062960206 1685038 0 10759264 0 0 0
1791107166 1785, 2619, 40, 0x0000000000000000 | 10.61 13.99 10.64 | cpu  2148882465 50793296 275063178 15062984415 1685038 0 10759290 0 0 0
1791107168 1785, 2619, 40, 0x0000000000000000 | 10.61 13.99 10.64 | cpu  2148883592 50793296 275063663 15063007921 1685038 0 10759316 0 0 0
1791107169 1785, 2619, 40, 0x0000000000000000 | 10.61 13.99 10.64 | cpu  2148884142 50793296 275064181 15063032179 1685051 0 10759333 0 0 0
1791107170 1785, 2619, 41, 0x0000000000000000 | 10.40 13.89 10.63 | cpu  2148885417 50793296 275064585 15063054970 1685066 0 10759340 0 0 0
1791107171 1785, 2619, 41, 0x0000000000000000 | 10.40 13.89 10.63 | cpu  2148885854 50793296 275064949 15063078784 1685066 0 10759358 0 0 0
1791107172 1785, 2619, 41, 0x0000000000000000 | 10.40 13.89 10.63 | cpu  2148886283 50793296 275065323 15063104044 1685066 0 10759375 0 0 0
1791107173 1785, 2619, 40, 0x0000000000000000 | 10.40 13.89 10.63 | cpu  2148886674 50793296 275065648 15063127553 1685080 0 10759382 0 0 0
1791107174 1785, 2619, 40, 0x0000000000000000 | 10.40 13.89 10.63 | cpu  2148887176 50793296 275066100 15063152089 1685092 0 10759414 0 0 0
1791107175 1785, 2619, 40, 0x0000000000000000 | 10.37 13.83 10.63 | cpu  2148888312 50793296 275066631 15063175951 1685121 0 10759434 0 0 0
1791107177 1785, 2619, 40, 0x0000000000000000 | 10.37 13.83 10.63 | cpu  2148888825 50793296 275067192 15063200147 1685132 0 10759450 0 0 0
1791107178 1785, 2619, 40, 0x0000000000000000 | 10.37 13.83 10.63 | cpu  2148889339 50793296 275067677 15063224779 1685148 0 10759462 0 0 0
1791107193 1785, 2619, 40, 0x0000000000000000 | 11.33 13.87 10.69 | cpu  2148894782 50793296 275071763 15063554970 1685159 0 10759520 0 0 0
1791107194 1785, 2619, 41, 0x0000000000000000 | 11.33 13.87 10.69 | cpu  2148895402 50793296 275072068 15063580682 1685166 0 10759527 0 0 0
1791107195 1785, 2619, 41, 0x0000000000000000 | 10.91 13.74 10.67 | cpu  2148896006 50793296 275072219 15063605925 1685167 0 10759546 0 0 0
1791107196 1785, 2619, 41, 0x0000000000000000 | 10.91 13.74 10.67 | cpu  2148896654 50793296 275072442 15063631204 1685167 0 10759548 0 0 0
1791107198 1785, 2619, 41, 0x0000000000000000 | 10.91 13.74 10.67 | cpu  2148897398 50793296 275072728 15063654759 1685172 0 10759567 0 0 0
1791107199 1785, 2619, 41, 0x0000000000000000 | 10.91 13.74 10.67 | cpu  2148898236 50793296 275073128 15063679286 1685176 0 10759595 0 0 0
1791107200 1785, 2619, 41, 0x0000000000000000 | 11.15 13.74 10.68 | cpu  2148899025 50793296 275073580 15063703713 1685177 0 10759637 0 0 0
1791107201 1785, 2619, 41, 0x0000000000000000 | 11.15 13.74 10.68 | cpu  2148899719 50793296 275073913 15063729684 1685177 0 10759663 0 0 0
1791107202 1785, 2619, 41, 0x0000000000000000 | 11.15 13.74 10.68 | cpu  2148900472 50793296 275074156 15063755812 1685177 0 10759669 0 0 0
1791107203 1785, 2619, 41, 0x0000000000000000 | 11.15 13.74 10.68 | cpu  2148901069 50793296 275074452 15063780526 1685177 0 10759677 0 0 0
1791107205 1785, 2619, 41, 0x0000000000000000 | 11.15 13.74 10.68 | cpu  2148901640 50793296 275074747 15063805062 1685177 0 10759682 0 0 0
1791107206 1785, 2619, 41, 0x0000000000000000 | 11.30 13.73 10.70 | cpu  2148902218 50793296 275074976 15063830560 1685177 0 10759690 0 0 0
1791107207 1785, 2619, 41, 0x0000000000000000 | 11.30 13.73 10.70 | cpu  2148902825 50793296 275075358 15063855593 1685177 0 10759690 0 0 0
1791107208 1785, 2619, 41, 0x0000000000000000 | 11.30 13.73 10.70 | cpu  2148903394 50793296 275075661 15063880121 1685177 0 10759691 0 0 0
1791107209 1785, 2619, 41, 0x0000000000000000 | 11.30 13.73 10.70 | cpu  2148903916 50793296 275076045 15063906121 1685178 0 10759699 0 0 0
1791107210 1785, 2619, 41, 0x0000000000000000 | 11.12 13.65 10.69 | cpu  2148904475 50793296 275076508 15063931251 1685178 0 10759715 0 0 0
1791107212 1785, 2619, 41, 0x0000000000000000 | 11.12 13.65 10.69 | cpu  2148905045 50793296 275076862 15063955943 1685178 0 10759724 0 0 0
1791107213 1785, 2619, 41, 0x0000000000000000 | 11.12 13.65 10.69 | cpu  2148905617 50793296 275077164 15063980066 1685178 0 10759728 0 0 0
1791107214 1785, 2619, 41, 0x0000000000000000 | 11.12 13.65 10.69 | cpu  2148906309 50793296 275077406 15064004959 1685178 0 10759737 0 0 0
1791107215 1785, 2619, 41, 0x0000000000000000 | 10.71 13.52 10.66 | cpu  2148909512 50793296 275077635 15064026677 1685178 0 10759747 0 0 0
1791107216 1785, 2619, 41, 0x0000000000000000 | 10.71 13.52 10.66 | cpu  2148912458 50793297 275077904 15064048670 1685178 0 10759761 0 0 0
1791107217 1785, 2619, 41, 0x0000000000000000 | 10.71 13.52 10.66 | cpu  2148914888 50793297 275078143 15064070815 1685179 0 10759779 0 0 0
1791107218 1785, 2619, 41, 0x0000000000000000 | 10.71 13.52 10.66 | cpu  2148917716 50793297 275078464 15064092318 1685179 0 10759787 0 0 0
1791107220 1785, 2619, 41, 0x0000000000000000 | 10.71 13.52 10.66 | cpu  2148920846 50793297 275078734 15064114467 1685179 0 10759798 0 0 0
1791107221 1785, 2619, 41, 0x0000000000000000 | 10.41 13.41 10.64 | cpu  2148922836 50793297 275078987 15064136814 1685179 0 10759806 0 0 0
1791107222 1785, 2619, 41, 0x0000000000000000 | 10.41 13.41 10.64 | cpu  2148923503 50793297 275079217 15064162100 1685179 0 10759825 0 0 0
1791107223 1785, 2619, 41, 0x0000000000000000 | 10.41 13.41 10.64 | cpu  2148924427 50793297 275079388 15064186086 1685179 0 10759832 0 0 0
1791107224 1785, 2619, 41, 0x0000000000000000 | 10.41 13.41 10.64 | cpu  2148925062 50793297 275079628 15064210496 1685179 0 10759848 0 0 0
1791107225 1785, 2619, 41, 0x0000000000000000 | 10.22 13.32 10.63 | cpu  2148925700 50793297 275079854 15064235272 1685179 0 10759857 0 0 0
1791107226 1785, 2619, 41, 0x0000000000000000 | 10.22 13.32 10.63 | cpu  2148926341 50793297 275080140 15064259674 1685179 0 10759868 0 0 0
1791107228 1785, 2619, 41, 0x0000000000000000 | 10.22 13.32 10.63 | cpu  2148926874 50793297 275080499 15064284295 1685179 0 10759877 0 0 0
1791107229 1785, 2619, 41, 0x0000000000000000 | 10.22 13.32 10.63 | cpu  2148927478 50793297 275080824 15064309936 1685179 0 10759882 0 0 0
1791107230 1785, 2619, 41, 0x0000000000000000 | 10.12 13.25 10.62 | cpu  2148928050 50793297 275081109 15064334766 1685179 0 10759888 0 0 0
1791107231 1785, 2619, 40, 0x0000000000000000 | 10.12 13.25 10.62 | cpu  2148928637 50793297 275081388 15064359314 1685179 0 10759898 0 0 0
1791107232 1785, 2619, 40, 0x0000000000000000 | 10.12 13.25 10.62 | cpu  2148929114 50793297 275081579 15064383198 1685179 0 10759902 0 0 0
1791107233 1785, 2619, 40, 0x0000000000000000 | 10.12 13.25 10.62 | cpu  2148929668 50793297 275081833 15064408101 1685179 0 10759903 0 0 0
1791107234 1785, 2619, 40, 0x0000000000000000 | 10.12 13.25 10.62 | cpu  2148930315 50793297 275082170 15064433653 1685180 0 10759912 0 0 0
1791107236 1785, 2619, 41, 0x0000000000000000 | 10.03 13.18 10.61 | cpu  2148930912 50793297 275082484 15064458596 1685180 0 10759918 0 0 0
1791107237 1785, 2619, 41, 0x0000000000000000 | 10.03 13.18 10.61 | cpu  2148931549 50793297 275082856 15064484225 1685180 0 10759928 0 0 0
1791107238 1785, 2619, 41, 0x0000000000000000 | 10.03 13.18 10.61 | cpu  2148932120 50793297 275083216 15064509062 1685180 0 10759933 0 0 0
1791107239 1785, 2619, 41, 0x0000000000000000 | 10.03 13.18 10.61 | cpu  2148932776 50793297 275083591 15064534133 1685180 0 10759940 0 0 0
1791107240 1785, 2619, 40, 0x0000000000000000 | 9.95 13.11 10.60 | cpu  2148933431 50793297 275084041 15064559372 1685180 0 10759948 0 0 0
1791107241 1785, 2619, 41, 0x0000000000000000 | 9.95 13.11 10.60 | cpu  2148934064 50793297 275084450 15064584516 1685180 0 10759960 0 0 0
1791107243 1785, 2619, 41, 0x0000000000000000 | 9.95 13.11 10.60 | cpu  2148934643 50793297 275084685 15064609123 1685180 0 10759968 0 0 0
1791107244 1785, 2619, 40, 0x0000000000000000 | 9.95 13.11 10.60 | cpu  2148935546 50793297 275084934 15064632701 1685180 0 10759970 0 0 0
1791107245 1785, 2619, 40, 0x0000000000000000 | 9.87 13.04 10.59 | cpu  2148936128 50793297 275085243 15064657812 1685180 0 10759974 0 0 0
1791107246 1785, 2619, 40, 0x0000000000000000 | 9.87 13.04 10.59 | cpu  2148936771 50793297 275085634 15064683046 1685180 0 10759985 0 0 0
1791107247 1785, 2619, 40, 0x0000000000000000 | 9.87 13.04 10.59 | cpu  2148937355 50793297 275086048 15064707393 1685180 0 10759993 0 0 0
1791107248 1785, 2619, 40, 0x0000000000000000 | 9.87 13.04 10.59 | cpu  2148937990 50793298 275086522 15064732507 1685180 0 10760006 0 0 0
1791107250 1785, 2619, 40, 0x0000000000000000 | 9.87 13.04 10.59 | cpu  2148938640 50793298 275086888 15064757203 1685180 0 10760018 0 0 0
1791107251 1785, 2619, 40, 0x0000000000000000 | 9.72 12.96 10.58 | cpu  2148939280 50793298 275087227 15064781453 1685180 0 10760024 0 0 0
1791107252 1785, 2619, 40, 0x0000000000000000 | 9.72 12.96 10.58 | cpu  2148939897 50793298 275087556 15064808306 1685180 0 10760041 0 0 0
1791107253 1785, 2619, 40, 0x0000000000000000 | 9.72 12.96 10.58 | cpu  2148940473 50793298 275087754 15064833061 1685180 0 10760049 0 0 0
1791107254 1785, 2619, 40, 0x0000000000000000 | 9.72 12.96 10.58 | cpu  2148941101 50793298 275087945 15064858299 1685181 0 10760062 0 0 0
1791107255 1785, 2619, 40, 0x0000000000000000 | 9.58 12.88 10.56 | cpu  2148941682 50793298 275088170 15064882778 1685181 0 10760064 0 0 0
1791107257 1785, 2619, 40, 0x0000000000000000 | 9.58 12.88 10.56 | cpu  2148942277 50793298 275088381 15064907911 1685181 0 10760068 0 0 0
1791107258 1785, 2619, 40, 0x0000000000000000 | 9.58 12.88 10.56 | cpu  2148942906 50793298 275088735 15064932542 1685181 0 10760082 0 0 0
1791107259 1785, 2619, 40, 0x0000000000000000 | 9.58 12.88 10.56 | cpu  2148943516 50793298 275089221 15064957074 1685181 0 10760096 0 0 0
1791107260 1785, 2619, 40, 0x0000000000000000 | 9.54 12.81 10.56 | cpu  2148944132 50793298 275089606 15064980732 1685181 0 10760102 0 0 0
1791107261 1785, 2619, 40, 0x0000000000000000 | 9.54 12.81 10.56 | cpu  2148944762 50793298 275089971 15065005459 1685181 0 10760111 0 0 0
1791107262 1785, 2619, 40, 0x0000000000000000 | 9.54 12.81 10.56 | cpu  2148945278 50793298 275090309 15065029519 1685181 0 10760120 0 0 0
1791107263 1785, 2619, 40, 0x0000000000000000 | 9.54 12.81 10.56 | cpu  2148945856 50793298 275090611 15065054278 1685181 0 10760126 0 0 0
1791107265 1785, 2619, 40, 0x0000000000000000 | 9.54 12.81 10.56 | cpu  2148946647 50793299 275090844 15065078625 1685181 0 10760136 0 0 0
1791107266 1785, 2619, 40, 0x0000000000000000 | 9.33 12.71 10.54 | cpu  2148947162 50793299 275091072 15065103730 1685181 0 10760138 0 0 0
1791107267 1785, 2619, 40, 0x0000000000000000 | 9.33 12.71 10.54 | cpu  2148947674 50793299 275091312 15065131047 1685181 0 10760144 0 0 0
1791107268 1785, 2619, 40, 0x0000000000000000 | 9.33 12.71 10.54 | cpu  2148948225 50793299 275091625 15065155471 1685181 0 10760162 0 0 0
1791107269 1785, 2619, 40, 0x0000000000000000 | 9.33 12.71 10.54 | cpu  2148948740 50793299 275092039 15065181011 1685181 0 10760174 0 0 0
1791107270 1785, 2619, 40, 0x0000000000000000 | 9.15 12.62 10.52 | cpu  2148949216 50793299 275092448 15065206180 1685181 0 10760200 0 0 0
1791107272 1785, 2619, 39, 0x0000000000000000 | 9.15 12.62 10.52 | cpu  2148949670 50793299 275092845 15065230501 1685181 0 10760216 0 0 0
1791107273 1785, 2619, 39, 0x0000000000000000 | 9.15 12.62 10.52 | cpu  2148950067 50793299 275093206 15065256133 1685181 0 10760233 0 0 0
1791107274 1785, 2619, 39, 0x0000000000000000 | 9.15 12.62 10.52 | cpu  2148950476 50793299 275093545 15065281268 1685181 0 10760255 0 0 0
1791107275 1785, 2619, 39, 0x0000000000000000 | 9.05 12.54 10.50 | cpu  2148950901 50793299 275093922 15065306676 1685181 0 10760260 0 0 0
1791107276 1785, 2619, 39, 0x0000000000000000 | 9.05 12.54 10.50 | cpu  2148951332 50793299 275094352 15065331513 1685181 0 10760282 0 0 0
1791107277 1785, 2619, 39, 0x0000000000000000 | 9.05 12.54 10.50 | cpu  2148951735 50793299 275094588 15065356585 1685181 0 10760284 0 0 0
1791107279 1785, 2619, 39, 0x0000000000000000 | 9.05 12.54 10.50 | cpu  2148952193 50793299 275094918 15065381526 1685182 0 10760298 0 0 0
1791107280 1785, 2619, 39, 0x0000000000000000 | 9.05 12.54 10.50 | cpu  2148953062 50793299 275095224 15065406288 1685183 0 10760317 0 0 0
1791107281 1785, 2619, 39, 0x0000000000000000 | 8.97 12.47 10.49 | cpu  2148953634 50793300 275095534 15065431282 1685186 0 10760330 0 0 0
1791107282 1785, 2619, 39, 0x0000000000000000 | 8.97 12.47 10.49 | cpu  2148954146 50793300 275095972 15065457429 1685188 0 10760348 0 0 0
1791107283 1785, 2619, 39, 0x0000000000000000 | 8.97 12.47 10.49 | cpu  2148954621 50793300 275096324 15065482513 1685189 0 10760361 0 0 0
1791107284 1785, 2619, 39, 0x0000000000000000 | 8.97 12.47 10.49 | cpu  2148955164 50793300 275096574 15065508381 1685189 0 10760374 0 0 0
1791107286 1785, 2619, 39, 0x0000000000000000 | 8.73 12.36 10.47 | cpu  2148955899 50793300 275096829 15065533111 1685189 0 10760390 0 0 0
1791107287 1785, 2619, 39, 0x0000000000000000 | 8.73 12.36 10.47 | cpu  2148956357 50793300 275097129 15065560247 1685189 0 10760398 0 0 0
1791107288 1785, 2619, 39, 0x0000000000000000 | 8.73 12.36 10.47 | cpu  2148956858 50793300 275097472 15065585597 1685189 0 10760410 0 0 0
1791107289 1785, 2619, 39, 0x0000000000000000 | 8.73 12.36 10.47 | cpu  2148957339 50793300 275097753 15065610512 1685189 0 10760420 0 0 0
1791107290 1785, 2619, 39, 0x0000000000000000 | 8.51 12.25 10.44 | cpu  2148957874 50793300 275097994 15065635754 1685189 0 10760431 0 0 0
1791107291 1785, 2619, 39, 0x0000000000000000 | 8.51 12.25 10.44 | cpu  2148958392 50793300 275098300 15065661370 1685189 0 10760441 0 0 0
1791107293 1785, 2619, 39, 0x0000000000000000 | 8.51 12.25 10.44 | cpu  2148958821 50793300 275098565 15065686323 1685189 0 10760456 0 0 0
1791107294 1785, 2619, 39, 0x0000000000000000 | 8.51 12.25 10.44 | cpu  2148959288 50793300 275098868 15065711669 1685192 0 10760468 0 0 0
1791107295 1785, 2619, 39, 0x0000000000000000 | 8.31 12.15 10.42 | cpu  2148959758 50793300 275099294 15065736751 1685203 0 10760479 0 0 0
1791107296 1785, 2619, 39, 0x0000000000000000 | 8.31 12.15 10.42 | cpu  2148960298 50793300 275099736 15065762068 1685203 0 10760496 0 0 0
1791107297 1785, 2619, 39, 0x0000000000000000 | 8.31 12.15 10.42 | cpu  2148960838 50793300 275100422 15065785772 1685203 0 10760513 0 0 0
