1791057788 945, 7001, 45, 0x0000000000000000 | 36.84 47.47 62.31 | cpu  105725087 1691107 26933691 3201224154 67935 0 233010 0 0 0
1791057789 600, 7001, 45, 0x0000000000000000 | 36.84 47.47 62.31 | cpu  105730083 1691107 26933796 3201246690 67935 0 233011 0 0 0
1791057790 322, 810, 44, 0x0000000000000000 | 36.84 47.47 62.31 | cpu  105734438 1691107 26933863 3201271153 67935 0 233011 0 0 0
1791057791 225, 405, 44, 0x0000000000000000 | 44.38 48.85 62.68 | cpu  105740054 1691107 26933931 3201297026 67935 0 233012 0 0 0
1791057792 225, 405, 44, 0x0000000000000000 | 44.38 48.85 62.68 | cpu  105745498 1691107 26934112 3201319750 67935 0 233013 0 0 0
1791057793 225, 405, 44, 0x0000000000000000 | 44.38 48.85 62.68 | cpu  105750963 1691107 26934356 3201344204 67935 0 233014 0 0 0
1791057795 225, 405, 44, 0x0000000000000000 | 44.38 48.85 62.68 | cpu  105756179 1691107 26934441 3201369045 67935 0 233014 0 0 0
1791057796 2595, 13801, 45, 0x0000000000000000 | 49.71 49.89 62.94 | cpu  105762738 1691107 26934530 3201392610 67935 0 233015 0 0 0
1791057797 2602, 13801, 45, 0x0000000000000000 | 49.71 49.89 62.94 | cpu  105766683 1691107 26934697 3201416939 67935 0 233015 0 0 0
1791057798 2572, 13801, 45, 0x0000000000000000 | 49.71 49.89 62.94 | cpu  105771754 1691107 26934754 3201440632 67935 0 233016 0 0 0
1791057799 2610, 13801, 45, 0x0000000000000000 | 49.71 49.89 62.94 | cpu  105776998 1691107 26934891 3201463250 67935 0 233016 0 0 0
1791057800 2655, 13801, 45, 0x0000000000000000 | 49.71 49.89 62.94 | cpu  105782750 1691107 26935026 3201485966 67935 0 233017 0 0 0
1791057801 2647, 13801, 45, 0x0000000000000000 | 52.22 50.40 63.04 | cpu  105788317 1691107 26935131 3201509120 67935 0 233018 0 0 0
1791057803 2640, 13801, 45, 0x0000000000000000 | 52.22 50.40 63.04 | cpu  105793881 1691108 26935285 3201532418 67935 0 233018 0 0 0
1791057804 2647, 13801, 45, 0x0000000000000000 | 52.22 50.40 63.04 | cpu  105799349 1691108 26935408 3201555025 67935 0 233018 0 0 0
1791057805 2595, 13801, 45, 0x0000000000000000 | 52.22 50.40 63.04 | cpu  105804916 1691108 26935505 3201578378 67935 0 233018 0 0 0
1791057806 2572, 13801, 45, 0x0000000000000000 | 68.62 53.83 64.08 | cpu  105810883 1691108 26935566 3201601581 67935 0 233018 0 0 0
1791057807 2572, 13801, 45, 0x0000000000000000 | 68.62 53.83 64.08 | cpu  105816531 1691108 26935656 3201624471 67935 0 233018 0 0 0
1791057808 2572, 13801, 44, 0x0000000000000000 | 68.62 53.83 64.08 | cpu  105822170 1691108 26935708 3201648179 67935 0 233018 0 0 0
1791057809 2572, 13801, 44, 0x0000000000000000 | 68.62 53.83 64.08 | cpu  105828046 1691108 26935826 3201669730 67936 0 233018 0 0 0
1791057810 2572, 13801, 44, 0x0000000000000000 | 68.62 53.83 64.08 | cpu  105834303 1691108 26935914 3201693268 67936 0 233018 0 0 0
1791057812 2572, 13801, 44, 0x0000000000000000 | 64.48 53.22 63.83 | cpu  105839781 1691108 26936001 3201716136 67936 0 233018 0 0 0
1791057813 2715, 13801, 44, 0x0000000000000000 | 64.48 53.22 63.83 | cpu  105845431 1691108 26936161 3201739076 67936 0 233018 0 0 0
1791057814 2970, 13801, 45, 0x0000000000000000 | 64.48 53.22 63.83 | cpu  105850842 1691108 26936227 3201762029 67936 0 233018 0 0 0
1791057815 2985, 13801, 45, 0x0000000000000000 | 64.48 53.22 63.83 | cpu  105856410 1691108 26936317 3201785405 67936 0 233019 0 0 0
1791057816 2985, 13801, 45, 0x0000000000000000 | 69.73 54.50 64.18 | cpu  105861908 1691108 26936401 3201808281 67936 0 233020 0 0 0
1791057817 2797, 13801, 44, 0x0000000000000000 | 69.73 54.50 64.18 | cpu  105867330 1691108 26936437 3201831589 67936 0 233021 0 0 0
1791057818 2640, 13801, 44, 0x0000000000000000 | 69.73 54.50 64.18 | cpu  105872339 1691108 26936568 3201855505 67936 0 233022 0 0 0
1791057819 2647, 13801, 44, 0x0000000000000000 | 69.73 54.50 64.18 | cpu  105878287 1691108 26936605 3201880253 67936 0 233023 0 0 0
1791057821 2572, 13801, 44, 0x0000000000000000 | 85.05 57.92 65.24 | cpu  105883698 1691108 26936656 3201903678 67936 0 233024 0 0 0
1791057822 2572, 13801, 44, 0x0000000000000000 | 85.05 57.92 65.24 | cpu  105889157 1691108 26936780 3201927193 67936 0 233024 0 0 0
1791057823 2572, 13801, 44, 0x0000000000000000 | 85.05 57.92 65.24 | cpu  105893511 1691108 26936901 3201950277 67936 0 233025 0 0 0
1791057824 2632, 13801, 44, 0x0000000000000000 | 85.05 57.92 65.24 | cpu  105898355 1691108 26936978 3201974032 67936 0 233026 0 0 0
1791057825 2572, 13801, 44, 0x0000000000000000 | 85.05 57.92 65.24 | cpu  105902986 1691108 26937115 3201997651 67936 0 233026 0 0 0
1791057826 2572, 13801, 44, 0x0000000000000000 | 78.40 57.00 64.90 | cpu  105907403 1691108 26937276 3202021951 67936 0 233027 0 0 0
1791057827 2595, 13801, 44, 0x0000000000000000 | 78.40 57.00 64.90 | cpu  105912547 1691108 26937437 3202045337 67936 0 233027 0 0 0
1791057829 2587, 13801, 44, 0x0000000000000000 | 78.40 57.00 64.90 | cpu  105918439 1691108 26937506 3202068922 67936 0 233027 0 0 0
1791057830 2587, 13801, 44, 0x0000000000000000 | 78.40 57.00 64.90 | cpu  105923845 1691108 26937565 3202092522 67936 0 233027 0 0 0
1791057831 2587, 13801, 44, 0x0000000000000000 | 72.36 56.10 64.57 | cpu  105929364 1691108 26937635 3202115231 67936 0 233027 0 0 0
1791057832 2587, 13801, 44, 0x0000000000000000 | 72.36 56.10 64.57 | cpu  105934622 1691108 26937699 3202138895 67936 0 233028 0 0 0
1791057833 2587, 13801, 43, 0x0000000000000000 | 72.36 56.10 64.57 | cpu  105939936 1691108 26937829 3202162209 67936 0 233028 0 0 0
1791057834 2572, 13801, 43, 0x0000000000000000 | 72.36 56.10 64.57 | cpu  105945548 1691108 26937898 3202186186 67936 0 233029 0 0 0
1791057835 2572, 13801, 43, 0x0000000000000000 | 72.36 56.10 64.57 | cpu  105950562 1691108 26937932 3202209599 67936 0 233029 0 0 0
1791057836 2580, 13801, 43, 0x0000000000000000 | 66.80 55.22 64.24 | cpu  105959212 1691108 26938064 3202232924 67936 0 233029 0 0 0
1791057838 2572, 13801, 43, 0x0000000000000000 | 66.80 55.22 64.24 | cpu  105969153 1691108 26938206 3202254852 67937 0 233029 0 0 0
1791057839 2572, 13801, 43, 0x0000000000000000 | 66.80 55.22 64.24 | cpu  105978281 1691108 26938314 3202274631 67937 0 233029 0 0 0
1791057840 2572, 13801, 43, 0x0000000000000000 | 66.80 55.22 64.24 | cpu  105987345 1691108 26938404 3202294045 67937 0 233029 0 0 0
1791057841 2572, 13801, 43, 0x0000000000000000 | 61.62 54.33 63.90 | cpu  105992411 1691108 26938506 3202318590 67937 0 233030 0 0 0
1791057842 2572, 13801, 43, 0x0000000000000000 | 61.62 54.33 63.90 | cpu  105997222 1691108 26938596 3202342975 67937 0 233030 0 0 0
1791057844 2572, 13801, 43, 0x0000000000000000 | 61.62 54.33 63.90 | cpu  106002350 1691108 26939002 3202366852 67937 0 233032 0 0 0
1791057845 2572, 13801, 43, 0x0000000000000000 | 61.62 54.33 63.90 | cpu  106007033 1691108 26939660 3202390840 67937 0 233032 0 0 0
1791057846 2572, 13801, 43, 0x0000000000000000 | 57.56 53.61 63.62 | cpu  106012174 1691108 26940114 3202414312 67937 0 233032 0 0 0
1791057847 2572, 13801, 43, 0x0000000000000000 | 57.56 53.61 63.62 | cpu  106017717 1691108 26940212 3202437084 67937 0 233032 0 0 0
1791057848 2572, 13801, 43, 0x0000000000000000 | 57.56 53.61 63.62 | cpu  106022937 1691108 26940357 3202460932 67937 0 233033 0 0 0
1791057849 2572, 13801, 43, 0x0000000000000000 | 57.56 53.61 63.62 | cpu  106027904 1691108 26940614 3202485247 67937 0 233034 0 0 0
1791057850 2572, 13801, 43, 0x0000000000000000 | 57.56 53.61 63.62 | cpu  106032973 1691108 26940826 3202509748 67937 0 233036 0 0 0
1791057852 2572, 13801, 43, 0x0000000000000000 | 63.44 54.90 63.98 | cpu  106037824 1691108 26941196 3202533841 67937 0 233036 0 0 0
1791057853 2572, 13801, 43, 0x0000000000000000 | 63.44 54.90 63.98 | cpu  106042244 1691108 26941359 3202558587 67938 0 233041 0 0 0
1791057854 2572, 13801, 43, 0x0000000000000000 | 63.44 54.90 63.98 | cpu  106047150 1691108 26941498 3202583421 67938 0 233041 0 0 0
1791057855 2572, 13801, 43, 0x0000000000000000 | 63.44 54.90 63.98 | cpu  106052184 1691108 26941674 3202607809 67938 0 233041 0 0 0
1791057856 2572, 13801, 42, 0x0000000000000000 | 58.60 54.04 63.65 | cpu  106056549 1691108 26942383 3202631715 67938 0 233042 0 0 0
1791057857 2572, 13801, 42, 0x0000000000000000 | 58.60 54.04 63.65 | cpu  106061457 1691108 26942482 3202655133 67938 0 233043 0 0 0
1791057858 2572, 13801, 42, 0x0000000000000000 | 58.60 54.04 63.65 | cpu  106065859 1691108 26942730 3202678593 67938 0 233043 0 0 0
1791057860 2572, 13801, 42, 0x0000000000000000 | 58.60 54.04 63.65 | cpu  106071052 1691108 26942832 3202703117 67938 0 233044 0 0 0
1791057861 2572, 13801, 42, 0x0000000000000000 | 58.60 54.04 63.65 | cpu  106076089 1691109 26942970 3202726131 67938 0 233044 0 0 0
1791057862 2572, 13801, 42, 0x0000000000000000 | 54.23 53.21 63.33 | cpu  106081478 1691109 26943065 3202749348 67938 0 233044 0 0 0
1791057863 2572, 13801, 42, 0x0000000000000000 | 54.23 53.21 63.33 | cpu  106086681 1691109 26943177 3202773369 67938 0 233045 0 0 0
1791057864 2572, 13801, 42, 0x0000000000000000 | 54.23 53.21 63.33 | cpu  106091664 1691109 26943256 3202797178 67938 0 233045 0 0 0
1791057865 2572, 13801, 42, 0x0000000000000000 | 54.23 53.21 63.33 | cpu  106096536 1691109 26943370 3202820365 67938 0 233046 0 0 0
1791057866 2572, 13801, 42, 0x0000000000000000 | 60.38 54.50 63.70 | cpu  106102008 1691109 26943681 3202844859 67938 0 233047 0 0 0
1791057867 2572, 13801, 42, 0x0000000000000000 | 60.38 54.50 63.70 | cpu  106106191 1691109 26944358 3202868271 67938 0 233048 0 0 0
1791057869 2572, 13801, 42, 0x0000000000000000 | 60.38 54.50 63.70 | cpu  106111115 1691109 26944850 3202891483 67938 0 233048 0 0 0
1791057870 2572, 13801, 42, 0x0000000000000000 | 60.38 54.50 63.70 | cpu  106116827 1691109 26944937 3202915016 67938 0 233049 0 0 0
1791057871 2572, 13801, 42, 0x0000000000000000 | 66.11 55.78 64.06 | cpu  106122558 1691109 26945050 3202940316 67938 0 233050 0 0 0
1791057872 2572, 13801, 42, 0x0000000000000000 | 66.11 55.78 64.06 | cpu  106127904 1691109 26945176 3202964280 67938 0 233050 0 0 0
1791057873 2572, 13801, 42, 0x0000000000000000 | 66.11 55.78 64.06 | cpu  106132989 1691109 26945270 3202989447 67938 0 233051 0 0 0
1791057874 2580, 13801, 42, 0x0000000000000000 | 66.11 55.78 64.06 | cpu  106137853 1691109 26945504 3203014011 67938 0 233052 0 0 0
1791057876 2572, 13801, 42, 0x0000000000000000 | 66.11 55.78 64.06 | cpu  106142237 1691109 26945591 3203038235 67938 0 233052 0 0 0
1791057877 2572, 13801, 42, 0x0000000000000000 | 61.06 54.91 63.74 | cpu  106147119 1691109 26945678 3203062268 67938 0 233054 0 0 0
1791057878 2572, 13801, 42, 0x0000000000000000 | 61.06 54.91 63.74 | cpu  106151900 1691109 26945841 3203086076 67938 0 233054 0 0 0
1791057879 2572, 13801, 42, 0x0000000000000000 | 61.06 54.91 63.74 | cpu  106156745 1691109 26945915 3203109665 67938 0 233054 0 0 0
1791057880 2572, 13801, 42, 0x0000000000000000 | 61.06 54.91 63.74 | cpu  106162644 1691109 26945996 3203132957 67938 0 233054 0 0 0
1791057881 2572, 13801, 42, 0x0000000000000000 | 56.41 54.05 63.41 | cpu  106168381 1691109 26946066 3203156134 67938 0 233054 0 0 0
1791057882 2572, 13801, 42, 0x0000000000000000 | 56.41 54.05 63.41 | cpu  106173700 1691109 26946168 3203180422 67938 0 233055 0 0 0
1791057883 2572, 13801, 42, 0x0000000000000000 | 56.41 54.05 63.41 | cpu  106179294 1691109 26946310 3203204419 67938 0 233062 0 0 0
1791057885 2572, 13801, 41, 0x0000000000000000 | 56.41 54.05 63.41 | cpu  106184570 1691110 26946410 3203229316 67938 0 233072 0 0 0
1791057886 2572, 13801, 41, 0x0000000000000000 | 54.21 53.63 63.22 | cpu  106189841 1691110 26946516 3203253752 67938 0 233080 0 0 0
1791057887 2572, 13801, 41, 0x0000000000000000 | 54.21 53.63 63.22 | cpu  106195282 1691110 26946630 3203277210 67938 0 233086 0 0 0
1791057888 2572, 13801, 41, 0x0000000000000000 | 54.21 53.63 63.22 | cpu  106200902 1691110 26946763 3203301371 67938 0 233099 0 0 0
1791057889 2572, 13801, 41, 0x0000000000000000 | 54.21 53.63 63.22 | cpu  106206122 1691110 26946892 3203325724 67938 0 233106 0 0 0
1791057890 2572, 13801, 41, 0x0000000000000000 | 54.21 53.63 63.22 | cpu  106211070 1691110 26946997 3203350340 67938 0 233111 0 0 0
1791057892 2572, 13801, 41, 0x0000000000000000 | 50.11 52.79 62.90 | cpu  106216617 1691110 26947108 3203374968 67938 0 233122 0 0 0
1791057893 2572, 13801, 41, 0x0000000000000000 | 50.11 52.79 62.90 | cpu  106221918 1691110 26947204 3203398663 67938 0 233126 0 0 0
1791057894 2572, 13801, 41, 0x0000000000000000 | 50.11 52.79 62.90 | cpu  106227121 1691110 26947356 3203423371 67938 0 233130 0 0 0
1791057895 2572, 13801, 41, 0x0000000000000000 | 50.11 52.79 62.90 | cpu  106233055 1691110 26947532 3203448114 67938 0 233136 0 0 0
1791057896 2572, 13801, 41, 0x0000000000000000 | 46.34 51.96 62.58 | cpu  106237479 1691110 26947632 3203472415 67938 0 233141 0 0 0
1791057897 2572, 13801, 41, 0x0000000000000000 | 46.34 51.96 62.58 | cpu  106242740 1691110 26947782 3203495352 67938 0 233147 0 0 0
1791057899 2572, 13801, 41, 0x0000000000000000 | 46.34 51.96 62.58 | cpu  106248026 1691110 26947881 3203519020 67938 0 233154 0 0 0
1791057900 2572, 13801, 41, 0x0000000000000000 | 46.34 51.96 62.58 | cpu  106253138 1691110 26948078 3203543004 67938 0 233159 0 0 0
1791057901 2572, 13801, 41, 0x0000000000000000 | 53.04 53.26 62.94 | cpu  106258033 1691110 26948169 3203566586 67938 0 233160 0 0 0
1791057902 2572, 13801, 41, 0x0000000000000000 | 53.04 53.26 62.94 | cpu  106263560 1691110 26948316 3203591720 67938 0 233161 0 0 0
1791057903 2572, 13801, 41, 0x0000000000000000 | 53.04 53.26 62.94 | cpu  106269164 1691110 26948461 3203616397 67940 0 233164 0 0 0
1791057904 2572, 13801, 41, 0x0000000000000000 | 53.04 53.26 62.94 | cpu  106274822 1691110 26948742 3203640919 67940 0 233172 0 0 0
1791057906 2572, 13801, 41, 0x0000000000000000 | 53.04 53.26 62.94 | cpu  106280228 1691110 26949139 3203665339 67940 0 233188 0 0 0
1791057907 2572, 13801, 41, 0x0000000000000000 | 52.40 53.12 62.84 | cpu  106285398 1691110 26949399 3203689546 67940 0 233206 0 0 0
1791057908 2572, 13801, 41, 0x0000000000000000 | 52.40 53.12 62.84 | cpu  106291008 1691110 26949582 3203713789 67940 0 233220 0 0 0
1791057909 2580, 13801, 41, 0x0000000000000000 | 52.40 53.12 62.84 | cpu  106296502 1691110 26949745 3203737500 67940 0 233225 0 0 0
1791057910 2970, 13801, 45, 0x0000000000000000 | 52.40 53.12 62.84 | cpu  106302013 1691110 26949860 3203760799 67940 0 233238 0 0 0
1791057911 2985, 13801, 45, 0x0000000000000000 | 58.77 54.43 63.22 | cpu  106307379 1691110 26950009 3203784986 67940 0 233247 0 0 0
1791057913 2977, 13801, 44, 0x0000000000000000 | 58.77 54.43 63.22 | cpu  106313406 1691110 26950126 3203809139 67940 0 233261 0 0 0
1791057914 2647, 13801, 43, 0x0000000000000000 | 58.77 54.43 63.22 | cpu  106319004 1691110 26950244 3203832623 67940 0 233275 0 0 0
1791057915 2977, 13801, 44, 0x0000000000000000 | 58.77 54.43 63.22 | cpu  106324284 1691110 26950402 3203855738 67940 0 233283 0 0 0
1791057916 2977, 13801, 45, 0x0000000000000000 | 54.38 53.59 62.90 | cpu  106329373 1691110 26950518 3203878612 67940 0 233294 0 0 0
1791057917 2962, 13801, 50, 0x0000000000000000 | 54.38 53.59 62.90 | cpu  106331891 1691110 26951652 3203900027 69460 0 233302 0 0 0
1791057918 2977, 13801, 45, 0x0000000000000000 | 54.38 53.59 62.90 | cpu  106336223 1691110 26952315 3203921089 71239 0 233310 0 0 0
1791057919 2970, 13801, 51, 0x0000000000000000 | 54.38 53.59 62.90 | cpu  106340623 1691110 26952959 3203945191 71629 0 233312 0 0 0
1791057920 2970, 13801, 47, 0x0000000000000000 | 54.38 53.59 62.90 | cpu  106345095 1691110 26953203 3203968771 71649 0 233314 0 0 0
1791057922 2977, 13801, 46, 0x0000000000000000 | 50.51 52.80 62.59 | cpu  106349945 1691110 26953441 3203992931 71674 0 233316 0 0 0
1791057923 2970, 13801, 47, 0x0000000000000000 | 50.51 52.80 62.59 | cpu  106354888 1691110 26953669 3204016412 71687 0 233316 0 0 0
1791057924 2985, 13801, 46, 0x0000000000000000 | 50.51 52.80 62.59 | cpu  106359879 1691110 26953712 3204038993 71687 0 233317 0 0 0
1791057925 2970, 13801, 47, 0x0000000000000000 | 50.51 52.80 62.59 | cpu  106365210 1691110 26953765 3204062480 71687 0 233318 0 0 0
1791057926 2970, 13801, 48, 0x0000000000000000 | 46.79 51.99 62.28 | cpu  106370477 1691110 26953817 3204085976 71687 0 233328 0 0 0
1791057927 2970, 13801, 49, 0x0000000000000000 | 46.79 51.99 62.28 | cpu  106375681 1691110 26953894 3204109712 71687 0 233335 0 0 0
1791057928 2977, 13801, 47, 0x0000000000000000 | 46.79 51.99 62.28 | cpu  106380280 1691110 26954096 3204133914 71688 0 233336 0 0 0
1791057929 2970, 13801, 49, 0x0000000000000000 | 46.79 51.99 62.28 | cpu  106385320 1691110 26954226 3204157728 71688 0 233340 0 0 0
1791057931 2970, 13801, 49, 0x0000000000000000 | 46.79 51.99 62.28 | cpu  106390464 1691110 26954368 3204182113 71688 0 233342 0 0 0
1791057932 2962, 13801, 50, 0x0000000000000000 | 43.28 51.18 61.96 | cpu  106395002 1691110 26954492 3204206618 71688 0 233344 0 0 0
1791057933 2970, 13801, 50, 0x0000000000000000 | 43.28 51.18 61.96 | cpu  106399588 1691110 26954606 3204231479 71689 0 233346 0 0 0
1791057934 2977, 13801, 47, 0x0000000000000000 | 43.28 51.18 61.96 | cpu  106404428 1691110 26954794 3204255376 71690 0 233348 0 0 0
1791057935 2970, 13801, 48, 0x0000000000000000 | 43.28 51.18 61.96 | cpu  106410202 1691110 26954931 3204278197 71690 0 233352 0 0 0
1791057936 2962, 13801, 52, 0x0000000000000000 | 40.13 50.40 61.65 | cpu  106415366 1691110 26955038 3204301743 71690 0 233355 0 0 0
1791057937 2970, 13801, 48, 0x0000000000000000 | 40.13 50.40 61.65 | cpu  106420278 1691110 26955161 3204325413 71691 0 233359 0 0 0
1791057939 2977, 13801, 50, 0x0000000000000000 | 40.13 50.40 61.65 | cpu  106425233 1691110 26955257 3204348815 71691 0 233362 0 0 0
1791057940 2970, 13801, 50, 0x0000000000000000 | 40.13 50.40 61.65 | cpu  106430098 1691110 26955485 3204372588 71693 0 233365 0 0 0
1791057941 2970, 13801, 48, 0x0000000000000000 | 47.33 51.72 62.01 | cpu  106435066 1691110 26955557 3204396238 71693 0 233366 0 0 0
1791057942 2985, 13801, 47, 0x0000000000000000 | 47.33 51.72 62.01 | cpu  106440244 1691110 26955623 3204419942 71693 0 233366 0 0 0
1791057943 2970, 13801, 48, 0x0000000000000000 | 47.33 51.72 62.01 | cpu  106445624 1691110 26955716 3204443273 71718 0 233368 0 0 0
1791057944 2977, 13801, 47, 0x0000000000000000 | 47.33 51.72 62.01 | cpu  106450281 1691110 26955779 3204466876 71766 0 233370 0 0 0
1791057945 2970, 13801, 50, 0x0000000000000000 | 47.33 51.72 62.01 | cpu  106454950 1691110 26955904 3204489966 71771 0 233374 0 0 0
1791057946 2977, 13801, 49, 0x0000000000000000 | 44.02 50.96 61.71 | cpu  106459968 1691110 26955974 3204512998 71775 0 233375 0 0 0
1791057948 2970, 13801, 50, 0x0000000000000000 | 44.02 50.96 61.71 | cpu  106464907 1691110 26956130 3204536836 71778 0 233377 0 0 0
1791057949 2977, 13801, 49, 0x0000000000000000 | 44.02 50.96 61.71 | cpu  106469775 1691110 26956246 3204560035 71783 0 233378 0 0 0
1791057950 2985, 13801, 49, 0x0000000000000000 | 44.02 50.96 61.71 | cpu  106475197 1691110 26956318 3204582483 71793 0 233378 0 0 0
1791057951 2977, 13801, 48, 0x0000000000000000 | 40.97 50.21 61.41 | cpu  106479780 1691110 26956510 3204606908 71807 0 233379 0 0 0
1791057952 2962, 13801, 53, 0x0000000000000000 | 40.97 50.21 61.41 | cpu  106484728 1691110 26956603 3204631078 71816 0 233380 0 0 0
1791057953 2970, 13801, 50, 0x0000000000000000 | 40.97 50.21 61.41 | cpu  106490569 1691110 26956801 3204654202 71818 0 233382 0 0 0
1791057954 2962, 13801, 53, 0x0000000000000000 | 40.97 50.21 61.41 | cpu  106495617 1691110 26957116 3204676865 71826 0 233383 0 0 0
1791057955 2970, 13801, 50, 0x0000000000000000 | 40.97 50.21 61.41 | cpu  106500855 1691110 26957271 3204700635 71827 0 233383 0 0 0
1791057957 2985, 13801, 49, 0x0000000000000000 | 38.41 49.53 61.13 | cpu  106506440 1691110 26957461 3204724251 71830 0 233388 0 0 0
1791057958 2970, 13801, 51, 0x0000000000000000 | 38.41 49.53 61.13 | cpu  106511447 1691110 26957574 3204746664 71836 0 233394 0 0 0
1791057959 2820, 13801, 49, 0x0000000000000000 | 38.41 49.53 61.13 | cpu  106516242 1691110 26957712 3204769136 71839 0 233395 0 0 0
1791057960 2970, 13801, 51, 0x0000000000000000 | 38.41 49.53 61.13 | cpu  106521466 1691110 26957900 3204792937 71858 0 233395 0 0 0
1791057961 2955, 13801, 52, 0x0000000000000000 | 45.99 50.91 61.52 | cpu  106526834 1691110 26958043 3204816749 71860 0 233395 0 0 0
1791057962 2970, 13801, 52, 0x0000000000000000 | 45.99 50.91 61.52 | cpu  106532076 1691110 26958186 3204839659 71864 0 233397 0 0 0
1791057963 2955, 13801, 51, 0x0000000000000000 | 45.99 50.91 61.52 | cpu  106537723 1691110 26958289 3204862679 71867 0 233398 0 0 0
1791057964 2970, 13801, 52, 0x0000000000000000 | 45.99 50.91 61.52 | cpu  106542935 1691110 26958418 3204886832 71867 0 233398 0 0 0
1791057965 2970, 13801, 51, 0x0000000000000000 | 45.99 50.91 61.52 | cpu  106547935 1691110 26958548 3204910081 71909 0 233399 0 0 0
1791057967 2970, 13801, 52, 0x0000000000000000 | 45.11 50.65 61.38 | cpu  106552549 1691110 26958636 3204933953 71909 0 233400 0 0 0
1791057968 2985, 13801, 50, 0x0000000000000000 | 45.11 50.65 61.38 | cpu  106557189 1691110 26958868 3204958855 71909 0 233420 0 0 0
1791057969 2977, 13801, 50, 0x0000000000000000 | 45.11 50.65 61.38 | cpu  106561186 1694897 26960043 3204979043 71909 0 233484 0 0 0
1791057970 2962, 13801, 52, 0x0000000000000000 | 45.11 50.65 61.38 | cpu  106565898 1699855 26960814 3204997976 71909 0 233562 0 0 0
1791057971 2970, 13801, 51, 0x0000000000000000 | 55.83 52.78 62.01 | cpu  106569798 1704510 26961798 3205017533 71909 0 233592 0 0 0
1791057972 2970, 13801, 52, 0x0000000000000000 | 55.83 52.78 62.01 | cpu  106573500 1709297 26962609 3205037004 71909 0 233592 0 0 0
1791057973 2962, 13801, 53, 0x0000000000000000 | 55.83 52.78 62.01 | cpu  106578339 1713916 26963387 3205054697 71909 0 233592 0 0 0
1791057974 2970, 13801, 50, 0x0000000000000000 | 55.83 52.78 62.01 | cpu  106582008 1718388 26964214 3205073732 71909 0 233592 0 0 0
1791057976 2970, 13801, 50, 0x0000000000000000 | 55.83 52.78 62.01 | cpu  106585993 1723113 26964998 3205093128 71909 0 233592 0 0 0
1791057977 2760, 13801, 52, 0x0000000000000000 | 55.52 52.77 61.95 | cpu  106591204 1728189 26965948 3205113295 71909 0 233592 0 0 0
1791057978 2970, 13801, 53, 0x0000000000000000 | 55.52 52.77 61.95 | cpu  106595017 1732781 26966694 3205132342 71909 0 233594 0 0 0
1791057979 2947, 13801, 55, 0x0000000000000000 | 55.52 52.77 61.95 | cpu  106598818 1737409 26967401 3205151114 71909 0 233594 0 0 0
1791057980 2962, 13801, 53, 0x0000000000000000 | 55.52 52.77 61.95 | cpu  106602658 1742063 26968050 3205169910 71909 0 233594 0 0 0
1791057981 2955, 13801, 56, 0x0000000000000000 | 55.40 52.79 61.91 | cpu  106606054 1746767 26968621 3205188580 71909 0 233595 0 0 0
1791057982 2955, 13801, 53, 0x0000000000000000 | 55.40 52.79 61.91 | cpu  106610050 1751516 26969303 3205207537 71909 0 233596 0 0 0
1791057983 2962, 13801, 53, 0x0000000000000000 | 55.40 52.79 61.91 | cpu  106614037 1756414 26969847 3205226960 71924 0 233597 0 0 0
1791057985 2955, 13801, 58, 0x0000000000000000 | 55.40 52.79 61.91 | cpu  106617854 1761188 26970287 3205245263 71926 0 233598 0 0 0
1791057986 2970, 13801, 55, 0x0000000000000000 | 55.40 52.79 61.91 | cpu  106621828 1766280 26970736 3205264830 71926 0 233598 0 0 0
1791057987 2962, 13801, 55, 0x0000000000000000 | 55.05 52.76 61.85 | cpu  106625749 1771496 26971088 3205284693 71926 0 233599 0 0 0
1791057988 2962, 13801, 54, 0x0000000000000000 | 55.05 52.76 61.85 | cpu  106629854 1776765 26971433 3205304740 71926 0 233600 0 0 0
1791057989 2955, 13801, 55, 0x0000000000000000 | 55.05 52.76 61.85 | cpu  106633765 1781772 26971727 3205323496 71926 0 233600 0 0 0
1791057990 2947, 13801, 56, 0x0000000000000000 | 55.05 52.76 61.85 | cpu  106637566 1786626 26972121 3205341839 71926 0 233600 0 0 0
1791057991 2955, 13801, 58, 0x0000000000000000 | 54.72 52.73 61.79 | cpu  106641120 1791651 26972351 3205360757 71926 0 233601 0 0 0
1791057992 2955, 13801, 55, 0x0000000000000000 | 54.72 52.73 61.79 | cpu  106645382 1797047 26972567 3205380977 71927 0 233602 0 0 0
1791057993 2955, 13801, 55, 0x0000000000000000 | 54.72 52.73 61.79 | cpu  106649291 1802059 26972767 3205399381 71929 0 233604 0 0 0
1791057995 2962, 13801, 54, 0x0000000000000000 | 54.72 52.73 61.79 | cpu  106653468 1807358 26972942 3205418724 71929 0 233605 0 0 0
1791057996 2955, 13801, 58, 0x0000000000000000 | 54.72 52.73 61.79 | cpu  106657442 1812537 26973182 3205437846 71929 0 233606 0 0 0
1791057997 2955, 13801, 55, 0x0000000000000000 | 54.43 52.70 61.73 | cpu  106661452 1817755 26973389 3205457141 71929 0 233607 0 0 0
1791057998 2955, 13801, 55, 0x0000000000000000 | 54.43 52.70 61.73 | cpu  106665403 1822768 26973705 3205476092 71929 0 233608 0 0 0
1791057999 2947, 13801, 59, 0x0000000000000000 | 54.43 52.70 61.73 | cpu  106669475 1827849 26974038 3205495264 71930 0 233610 0 0 0
1791058000 2955, 13801, 57, 0x0000000000000000 | 54.43 52.70 61.73 | cpu  106673556 1833021 26974387 3205514860 71930 0 233610 0 0 0
1791058001 2962, 13801, 55, 0x0000000000000000 | 54.31 52.70 61.69 | cpu  106677875 1838218 26974802 3205534385 71930 0 233610 0 0 0
1791058002 2962, 13801, 51, 0x0000000000000000 | 54.31 52.70 61.69 | cpu  106681859 1843406 26975151 3205553689 71930 0 233610 0 0 0
1791058004 2962, 13801, 54, 0x0000000000000000 | 54.31 52.70 61.69 | cpu  106686241 1848601 26975467 3205572918 71930 0 233616 0 0 0
1791058005 2955, 13801, 55, 0x0000000000000000 | 54.31 52.70 61.69 | cpu  106690319 1853804 26975718 3205592219 71930 0 233616 0 0 0
1791058006 2962, 13801, 54, 0x0000000000000000 | 54.13 52.69 61.63 | cpu  106694062 1858784 26975989 3205611004 71930 0 233616 0 0 0
1791058007 2955, 13801, 56, 0x0000000000000000 | 54.13 52.69 61.63 | cpu  106699268 1863835 26976334 3205628617 71932 0 233617 0 0 0
1791058008 2962, 13801, 54, 0x0000000000000000 | 54.13 52.69 61.63 | cpu  106703208 1868759 26976638 3205647066 71932 0 233618 0 0 0
1791058009 2962, 13801, 53, 0x0000000000000000 | 54.13 52.69 61.63 | cpu  106708467 1874074 26977102 3205665619 71932 0 233618 0 0 0
1791058010 2962, 13801, 55, 0x0000000000000000 | 54.13 52.69 61.63 | cpu  106713647 1879367 26977444 3205684523 71933 0 233618 0 0 0
1791058011 2947, 13801, 57, 0x0000000000000000 | 53.88 52.66 61.58 | cpu  106717674 1884468 26977722 3205703658 71933 0 233619 0 0 0
1791058012 2962, 13801, 54, 0x0000000000000000 | 53.88 52.66 61.58 | cpu  106721547 1889358 26978059 3205722042 71933 0 233620 0 0 0
1791058014 2955, 13801, 54, 0x0000000000000000 | 53.88 52.66 61.58 | cpu  106725617 1894715 26978350 3205742150 71933 0 233620 0 0 0
1791058015 2962, 13801, 54, 0x0000000000000000 | 53.88 52.66 61.58 | cpu  106729464 1899693 26978671 3205761038 71933 0 233621 0 0 0
1791058016 2962, 13801, 55, 0x0000000000000000 | 53.81 52.67 61.53 | cpu  106733198 1904842 26978985 3205780540 71933 0 233621 0 0 0
1791058017 2955, 13801, 58, 0x0000000000000000 | 53.81 52.67 61.53 | cpu  106736998 1909781 26979343 3205799516 71934 0 233622 0 0 0
1791058018 2955, 13801, 56, 0x0000000000000000 | 53.81 52.67 61.53 | cpu  106740742 1914541 26979831 3205818059 71934 0 233622 0 0 0
1791058019 2962, 13801, 55, 0x0000000000000000 | 53.81 52.67 61.53 | cpu  106744536 1919252 26980320 3205836603 71934 0 233624 0 0 0
1791058020 2955, 13801, 58, 0x0000000000000000 | 53.81 52.67 61.53 | cpu  106748698 1922970 26980594 3205856990 71934 0 233625 0 0 0
1791058021 2947, 13801, 58, 0x0000000000000000 | 51.66 52.24 61.35 | cpu  106753076 1925538 26980698 3205877938 71934 0 233625 0 0 0
1791058022 2962, 13801, 55, 0x0000000000000000 | 51.66 52.24 61.35 | cpu  106757258 1928156 26980804 3205899695 71934 0 233626 0 0 0
1791058024 2962, 13801, 55, 0x0000000000000000 | 51.66 52.24 61.35 | cpu  106761396 1930730 26980936 3205920741 71934 0 233626 0 0 0
1791058025 2955, 13801, 57, 0x0000000000000000 | 51.66 52.24 61.35 | cpu  106765763 1933348 26981080 3205943303 71934 0 233627 0 0 0
1791058026 2955, 13801, 57, 0x0000000000000000 | 51.66 52.24 61.35 | cpu  106769991 1935646 26981218 3205964868 71934 0 233627 0 0 0
1791058027 2947, 13801, 57, 0x0000000000000000 | 49.52 51.79 61.15 | cpu  106773779 1937836 26981306 3205986602 71934 0 233627 0 0 0
1791058028 2962, 13801, 56, 0x0000000000000000 | 49.52 51.79 61.15 | cpu  106777492 1939851 26981451 3206008399 71934 0 233628 0 0 0
1791058029 2962, 13801, 56, 0x0000000000000000 | 49.52 51.79 61.15 | cpu  106781507 1941706 26981612 3206030237 71934 0 233629 0 0 0
1791058030 2955, 13801, 58, 0x0000000000000000 | 49.52 51.79 61.15 | cpu  106785376 1943422 26981738 3206052405 71934 0 233630 0 0 0
1791058031 2955, 13801, 57, 0x0000000000000000 | 57.25 53.36 61.61 | cpu  106789586 1945088 26981855 3206075299 71934 0 233630 0 0 0
1791058032 2962, 13801, 55, 0x0000000000000000 | 57.25 53.36 61.61 | cpu  106793927 1946396 26982001 3206099204 71934 0 233630 0 0 0
1791058034 2962, 13801, 56, 0x0000000000000000 | 57.25 53.36 61.61 | cpu  106798320 1947507 26982139 3206122978 71934 0 233632 0 0 0
1791058035 2955, 13801, 58, 0x0000000000000000 | 57.25 53.36 61.61 | cpu  106802627 1948398 26982414 3206145275 71934 0 233634 0 0 0
1791058036 2962, 13801, 56, 0x0000000000000000 | 62.11 54.43 61.91 | cpu  106807402 1949274 26982549 3206169364 71936 0 233634 0 0 0
1791058037 2970, 13801, 56, 0x0000000000000000 | 62.11 54.43 61.91 | cpu  106811798 1950008 26982681 3206191618 71936 0 233635 0 0 0
1791058038 2955, 13801, 57, 0x0000000000000000 | 62.11 54.43 61.91 | cpu  106816379 1950756 26982754 3206214247 71936 0 233636 0 0 0
1791058039 2955, 13801, 60, 0x0000000000000000 | 62.11 54.43 61.91 | cpu  106821338 1951489 26982850 3206237871 71936 0 233637 0 0 0
1791058040 2970, 13801, 55, 0x0000000000000000 | 62.11 54.43 61.91 | cpu  106826132 1951904 26982982 3206261402 71936 0 233637 0 0 0
1791058041 2962, 13801, 57, 0x0000000000000000 | 67.79 55.73 62.29 | cpu  106830483 1952212 26983033 3206283949 71936 0 233637 0 0 0
1791058042 2962, 13801, 56, 0x0000000000000000 | 67.79 55.73 62.29 | cpu  106835216 1952542 26983092 3206307493 71936 0 233638 0 0 0
1791058044 2962, 13801, 56, 0x0000000000000000 | 67.79 55.73 62.29 | cpu  106840093 1952796 26983168 3206331004 71936 0 233638 0 0 0
1791058045 2947, 13801, 58, 0x0000000000000000 | 67.79 55.73 62.29 | cpu  106844964 1952900 26983228 3206354391 71936 0 233639 0 0 0
1791058046 2962, 13801, 57, 0x0000000000000000 | 73.09 57.03 62.68 | cpu  106849676 1953003 26983428 3206377846 71936 0 233640 0 0 0
1791058047 2970, 13801, 55, 0x0000000000000000 | 73.09 57.03 62.68 | cpu  106854730 1953114 26983492 3206401540 71936 0 233642 0 0 0
1791058048 2955, 13801, 57, 0x0000000000000000 | 73.09 57.03 62.68 | cpu  106859628 1953153 26983640 3206425261 71936 0 233642 0 0 0
1791058049 2955, 13801, 60, 0x0000000000000000 | 73.09 57.03 62.68 | cpu  106864498 1953198 26983922 3206448838 71936 0 233642 0 0 0
1791058050 2955, 13801, 57, 0x0000000000000000 | 73.09 57.03 62.68 | cpu  106869161 1953468 26984357 3206472375 71936 0 233642 0 0 0
1791058051 2955, 13801, 58, 0x0000000000000000 | 67.64 56.17 62.37 | cpu  106873978 1953468 26984570 3206495887 71936 0 233644 0 0 0
1791058053 2962, 13801, 59, 0x0000000000000000 | 67.64 56.17 62.37 | cpu  106879250 1953468 26984712 3206519773 71936 0 233644 0 0 0
1791058054 2955, 13801, 56, 0x0000000000000000 | 67.64 56.17 62.37 | cpu  106884373 1953468 26984825 3206543624 71936 0 233644 0 0 0
1791058055 2977, 13801, 57, 0x0000000000000000 | 67.64 56.17 62.37 | cpu  106889696 1953468 26984920 3206567354 71936 0 233645 0 0 0
1791058056 2955, 13801, 57, 0x0000000000000000 | 66.31 56.08 62.31 | cpu  106894143 1955154 26985806 3206589025 71936 0 233645 0 0 0
1791058057 2955, 13801, 56, 0x0000000000000000 | 66.31 56.08 62.31 | cpu  106898637 1959796 26986752 3206608191 71936 0 233646 0 0 0
1791058058 2955, 13801, 57, 0x0000000000000000 | 66.31 56.08 62.31 | cpu  106902969 1964346 26987499 3206626598 71936 0 233646 0 0 0
1791058059 2955, 13801, 56, 0x0000000000000000 | 66.31 56.08 62.31 | cpu  106907023 1969044 26988191 3206645656 71936 0 233646 0 0 0
1791058060 2962, 13801, 55, 0x0000000000000000 | 66.31 56.08 62.31 | cpu  106911246 1973707 26988968 3206664786 71936 0 233647 0 0 0
1791058062 2955, 13801, 58, 0x0000000000000000 | 65.16 56.02 62.25 | cpu  106915360 1978546 26989754 3206684697 71936 0 233647 0 0 0
1791058063 2962, 13801, 56, 0x0000000000000000 | 65.16 56.02 62.25 | cpu  106919230 1983326 26990612 3206704515 71936 0 233648 0 0 0
1791058064 2962, 13801, 56, 0x0000000000000000 | 65.16 56.02 62.25 | cpu  106923232 1987962 26991368 3206723642 71936 0 233649 0 0 0
1791058065 2955, 13801, 59, 0x0000000000000000 | 65.16 56.02 62.25 | cpu  106927187 1992789 26991982 3206742839 71936 0 233650 0 0 0
1791058066 2962, 13801, 55, 0x0000000000000000 | 64.11 55.95 62.19 | cpu  106931112 1997500 26992633 3206761711 71936 0 233650 0 0 0
1791058067 2962, 13801, 55, 0x0000000000000000 | 64.11 55.95 62.19 | cpu  106935316 2002536 26993223 3206781602 71936 0 233650 0 0 0
1791058068 2962, 13801, 55, 0x0000000000000000 | 64.11 55.95 62.19 | cpu  106939398 2007259 26993845 3206800143 71936 0 233651 0 0 0
1791058070 2955, 13801, 55, 0x0000000000000000 | 64.11 55.95 62.19 | cpu  106943483 2012250 26994262 3206819205 71936 0 233651 0 0 0
1791058071 2955, 13801, 60, 0x0000000000000000 | 64.11 55.95 62.19 | cpu  106947513 2017271 26994620 3206838253 71936 0 233651 0 0 0
1791058072 2955, 13801, 55, 0x0000000000000000 | 63.22 55.90 62.14 | cpu  106951590 2022295 26994971 3206857212 71936 0 233651 0 0 0
1791058073 2955, 13801, 55, 0x0000000000000000 | 63.22 55.90 62.14 | cpu  106955506 2027343 26995370 3206876371 71936 0 233652 0 0 0
1791058074 2962, 13801, 56, 0x0000000000000000 | 63.22 55.90 62.14 | cpu  106959564 2032230 26995812 3206894581 71939 0 233652 0 0 0
1791058075 2962, 13801, 55, 0x0000000000000000 | 63.22 55.90 62.14 | cpu  106963746 2037527 26996196 3206914705 71939 0 233652 0 0 0
1791058076 2955, 13801, 59, 0x0000000000000000 | 62.24 55.82 62.08 | cpu  106967490 2042450 26996501 3206933190 71939 0 233652 0 0 0
1791058077 2962, 13801, 56, 0x0000000000000000 | 62.24 55.82 62.08 | cpu  106971253 2047650 26996798 3206952605 71939 0 233652 0 0 0
1791058078 2970, 13801, 54, 0x0000000000000000 | 62.24 55.82 62.08 | cpu  106975185 2052808 26997040 3206971368 71939 0 233652 0 0 0
1791058080 2955, 13801, 56, 0x0000000000000000 | 62.24 55.82 62.08 | cpu  106979574 2058088 26997316 3206990585 71939 0 233653 0 0 0
1791058081 2970, 13801, 53, 0x0000000000000000 | 62.24 55.82 62.08 | cpu  106984622 2063218 26997565 3207008310 71939 0 233654 0 0 0
1791058082 2955, 13801, 56, 0x0000000000000000 | 61.50 55.77 62.04 | cpu  106989371 2068494 26997874 3207027054 71939 0 233655 0 0 0
1791058083 2962, 13801, 56, 0x0000000000000000 | 61.50 55.77 62.04 | cpu  106993172 2073529 26998170 3207045678 71939 0 233656 0 0 0
1791058084 2955, 13801, 60, 0x0000000000000000 | 61.50 55.77 62.04 | cpu  106997379 2078712 26998485 3207064792 71939 0 233657 0 0 0
1791058085 2955, 13801, 58, 0x0000000000000000 | 61.50 55.77 62.04 | cpu  107001458 2083625 26998942 3207083397 71939 0 233657 0 0 0
1791058086 2962, 13801, 56, 0x0000000000000000 | 60.66 55.69 61.98 | cpu  107005658 2088766 26999248 3207102761 71939 0 233658 0 0 0
1791058087 2955, 13801, 57, 0x0000000000000000 | 60.66 55.69 61.98 | cpu  107009658 2093890 26999514 3207121758 71939 0 233658 0 0 0
1791058088 2955, 13801, 55, 0x0000000000000000 | 60.66 55.69 61.98 | cpu  107013504 2099029 26999747 3207140732 71939 0 233659 0 0 0
1791058090 2962, 13801, 55, 0x0000000000000000 | 60.66 55.69 61.98 | cpu  107017806 2104308 26999968 3207160244 71939 0 233660 0 0 0
1791058091 2962, 13801, 54, 0x0000000000000000 | 60.66 55.69 61.98 | cpu  107022090 2109327 27000280 3207178760 71939 0 233660 0 0 0
1791058092 2962, 13801, 54, 0x0000000000000000 | 70.14 57.74 62.60 | cpu  107026001 2114320 27000626 3207197779 71939 0 233660 0 0 0
1791058093 2962, 13801, 55, 0x0000000000000000 | 70.14 57.74 62.60 | cpu  107030097 2119404 27000960 3207216944 71939 0 233660 0 0 0
1791058094 2917, 13801, 55, 0x0000000000000000 | 70.14 57.74 62.60 | cpu  107034218 2124621 27001260 3207236231 71939 0 233660 0 0 0
1791058095 2955, 13801, 57, 0x0000000000000000 | 70.14 57.74 62.60 | cpu  107038012 2129552 27001530 3207254593 71939 0 233661 0 0 0
1791058096 2955, 13801, 56, 0x0000000000000000 | 78.85 59.75 63.23 | cpu  107042322 2134524 27001927 3207273283 71939 0 233662 0 0 0
1791058097 2955, 13801, 58, 0x0000000000000000 | 78.85 59.75 63.23 | cpu  107046236 2139481 27002276 3207292033 71939 0 233662 0 0 0
1791058098 2947, 13801, 57, 0x0000000000000000 | 78.85 59.75 63.23 | cpu  107052695 2144712 27004585 3207307651 71939 0 233663 0 0 0
1791058100 2955, 13801, 57, 0x0000000000000000 | 78.85 59.75 63.23 | cpu  107058590 2149718 27008897 3207320351 71939 0 233664 0 0 0
1791058101 2955, 13801, 58, 0x0000000000000000 | 78.85 59.75 63.23 | cpu  107065133 2154746 27010285 3207335573 71939 0 233665 0 0 0
1791058102 2955, 13801, 58, 0x0000000000000000 | 79.75 60.25 63.37 | cpu  107069744 2159800 27014510 3207350983 71939 0 233666 0 0 0
1791058103 2962, 13801, 55, 0x0000000000000000 | 79.75 60.25 63.37 | cpu  107075227 2164617 27017810 3207365075 71940 0 233667 0 0 0
1791058104 2955, 13801, 58, 0x0000000000000000 | 79.75 60.25 63.37 | cpu  107083183 2169551 27019730 3207378963 71940 0 233668 0 0 0
1791058105 2962, 13801, 57, 0x0000000000000000 | 79.75 60.25 63.37 | cpu  107089320 2174328 27022647 3207393395 71940 0 233668 0 0 0
1791058106 2962, 13801, 56, 0x0000000000000000 | 81.69 60.98 63.59 | cpu  107093573 2178825 27027244 3207409584 71940 0 233670 0 0 0
1791058107 2955, 13801, 58, 0x0000000000000000 | 81.69 60.98 63.59 | cpu  107100725 2181480 27028164 3207427310 71940 0 233670 0 0 0
1791058109 2962, 13801, 55, 0x0000000000000000 | 81.69 60.98 63.59 | cpu  107108242 2184132 27028977 3207445447 71940 0 233671 0 0 0
1791058110 2962, 13801, 56, 0x0000000000000000 | 81.69 60.98 63.59 | cpu  107112970 2186749 27032915 3207463127 71940 0 233673 0 0 0
1791058111 2962, 13801, 56, 0x0000000000000000 | 81.69 60.98 63.59 | cpu  107117104 2189222 27036956 3207480123 71940 0 233674 0 0 0
1791058112 2962, 13801, 56, 0x0000000000000000 | 80.27 61.03 63.60 | cpu  107121686 2191529 27040491 3207497743 71940 0 233674 0 0 0
1791058113 2955, 13801, 58, 0x0000000000000000 | 80.27 61.03 63.60 | cpu  107127302 2193729 27042758 3207515200 71940 0 233675 0 0 0
1791058114 2962, 13801, 56, 0x0000000000000000 | 80.27 61.03 63.60 | cpu  107134086 2195866 27044174 3207532771 71940 0 233676 0 0 0
1791058115 2955, 13801, 59, 0x0000000000000000 | 80.27 61.03 63.60 | cpu  107140424 2197949 27046312 3207549851 71940 0 233676 0 0 0
1791058116 2955, 13801, 57, 0x0000000000000000 | 78.73 61.03 63.58 | cpu  107148480 2199977 27047316 3207567531 71941 0 233678 0 0 0
1791058117 2970, 13801, 54, 0x0000000000000000 | 78.73 61.03 63.58 | cpu  107156856 2201894 27048001 3207586339 71946 0 233678 0 0 0
1791058118 2955, 13801, 56, 0x0000000000000000 | 78.73 61.03 63.58 | cpu  107164525 2203642 27048554 3207604033 71947 0 233678 0 0 0
1791058120 2955, 13801, 57, 0x0000000000000000 | 78.73 61.03 63.58 | cpu  107172381 2205293 27049338 3207623316 71947 0 233678 0 0 0
1791058121 2955, 13801, 58, 0x0000000000000000 | 78.73 61.03 63.58 | cpu  107179563 2206509 27050322 3207642114 71947 0 233680 0 0 0
1791058122 2962, 13801, 53, 0x0000000000000000 | 76.67 60.90 63.52 | cpu  107187283 2207541 27051514 3207662179 71947 0 233681 0 0 0
1791058123 2962, 13801, 57, 0x0000000000000000 | 76.67 60.90 63.52 | cpu  107194578 2208449 27052494 3207681483 71947 0 233682 0 0 0
1791058124 2962, 13801, 56, 0x0000000000000000 | 76.67 60.90 63.52 | cpu  107202647 2209369 27053156 3207701954 71947 0 233682 0 0 0
1791058125 2955, 13801, 59, 0x0000000000000000 | 76.67 60.90 63.52 | cpu  107210799 2210233 27053380 3207721245 71947 0 233683 0 0 0
1791058126 2962, 13801, 56, 0x0000000000000000 | 74.45 60.70 63.45 | cpu  107219677 2210920 27053549 3207740499 71947 0 233683 0 0 0
1791058128 2955, 13801, 58, 0x0000000000000000 | 74.45 60.70 63.45 | cpu  107227838 2211397 27053765 3207760162 71947 0 233684 0 0 0
1791058129 2962, 13801, 56, 0x0000000000000000 | 74.45 60.70 63.45 | cpu  107235742 2211810 27053966 3207779568 71947 0 233684 0 0 0
1791058130 2947, 13801, 58, 0x0000000000000000 | 74.45 60.70 63.45 | cpu  107244002 2212202 27054274 3207799744 71947 0 233685 0 0 0
1791058131 2947, 13801, 53, 0x0000000000000000 | 72.25 60.47 63.36 | cpu  107251988 2212519 27054585 3207819672 71947 0 233686 0 0 0
1791058132 2955, 13801, 56, 0x0000000000000000 | 72.25 60.47 63.36 | cpu  107259875 2212803 27054983 3207839098 71947 0 233687 0 0 0
1791058133 2955, 13801, 58, 0x0000000000000000 | 72.25 60.47 63.36 | cpu  107267924 2212914 27055379 3207859239 71947 0 233688 0 0 0
1791058134 2970, 13801, 54, 0x0000000000000000 | 72.25 60.47 63.36 | cpu  107276360 2213024 27055814 3207879147 71947 0 233690 0 0 0
1791058135 2962, 13801, 56, 0x0000000000000000 | 72.25 60.47 63.36 | cpu  107284576 2213093 27056213 3207899182 71947 0 233693 0 0 0
1791058136 2962, 13801, 56, 0x0000000000000000 | 69.91 60.18 63.25 | cpu  107293319 2213102 27056701 3207919493 71947 0 233693 0 0 0
1791058138 2962, 13801, 57, 0x0000000000000000 | 69.91 60.18 63.25 | cpu  107301796 2213158 27057113 3207939392 71947 0 233710 0 0 0
1791058139 2962, 13801, 57, 0x0000000000000000 | 69.91 60.18 63.25 | cpu  107309798 2213168 27057537 3207958983 71947 0 233730 0 0 0
1791058140 2970, 13801, 54, 0x0000000000000000 | 69.91 60.18 63.25 | cpu  107319869 2213168 27057988 3207977153 71947 0 233734 0 0 0
1791058141 2955, 13801, 56, 0x0000000000000000 | 67.92 59.93 63.15 | cpu  107328310 2213168 27058340 3207996957 71947 0 233735 0 0 0
1791058142 2962, 13801, 55, 0x0000000000000000 | 67.92 59.93 63.15 | cpu  107337114 2213168 27058688 3208017262 71947 0 233738 0 0 0
1791058143 2955, 13801, 59, 0x0000000000000000 | 67.92 59.93 63.15 | cpu  107346147 2213168 27059019 3208037683 71947 0 233738 0 0 0
1791058144 2955, 13801, 61, 0x0000000000000000 | 67.92 59.93 63.15 | cpu  107354723 2213168 27059247 3208057171 71947 0 233739 0 0 0
1791058146 2955, 13801, 56, 0x0000000000000000 | 67.92 59.93 63.15 | cpu  107362613 2213168 27059599 3208077286 71947 0 233740 0 0 0
1791058147 2962, 13801, 58, 0x0000000000000000 | 65.92 59.65 63.04 | cpu  107371876 2213168 27060381 3208103272 71947 0 233742 0 0 0
1791058148 2962, 13801, 56, 0x0000000000000000 | 65.92 59.65 63.04 | cpu  107381829 2213168 27061607 3208134065 71948 0 233743 0 0 0
1791058150 2955, 13801, 56, 0x0000000000000000 | 65.92 59.65 63.04 | cpu  107390551 2213168 27062868 3208161924 71951 0 233748 0 0 0
1791058151 2962, 13801, 54, 0x0000000000000000 | 64.16 59.39 62.94 | cpu  107398498 2213168 27063742 3208183300 71951 0 233748 0 0 0
1791058152 2947, 13801, 58, 0x0000000000000000 | 64.16 59.39 62.94 | cpu  107406854 2213168 27064367 3208204649 71951 0 233749 0 0 0
1791058154 2962, 13801, 54, 0x0000000000000000 | 64.16 59.39 62.94 | cpu  107415207 2213168 27064780 3208224900 71951 0 233750 0 0 0
1791058155 2955, 13801, 56, 0x0000000000000000 | 64.16 59.39 62.94 | cpu  107424594 2213168 27065113 3208246798 71951 0 233750 0 0 0
1791058156 2977, 13801, 54, 0x0000000000000000 | 62.95 59.21 62.86 | cpu  107434675 2213168 27065380 3208265665 71951 0 233750 0 0 0
1791058157 2955, 13801, 58, 0x0000000000000000 | 62.95 59.21 62.86 | cpu  107444048 2213169 27065495 3208285339 71951 0 233750 0 0 0
1791058158 2947, 13801, 57, 0x0000000000000000 | 62.95 59.21 62.86 | cpu  107452854 2213169 27065651 3208304704 71951 0 233751 0 0 0
1791058159 2962, 13801, 55, 0x0000000000000000 | 62.95 59.21 62.86 | cpu  107462104 2213169 27065769 3208324680 71951 0 233752 0 0 0
1791058160 2962, 13801, 55, 0x0000000000000000 | 62.95 59.21 62.86 | cpu  107470955 2213169 27065914 3208344536 71951 0 233752 0 0 0
1791058162 2955, 13801, 56, 0x0000000000000000 | 71.60 61.07 63.44 | cpu  107479514 2213169 27066027 3208364341 71951 0 233754 0 0 0
1791058163 2947, 13801, 56, 0x0000000000000000 | 71.60 61.07 63.44 | cpu  107488446 2213169 27066301 3208384077 71951 0 233755 0 0 0
1791058164 2955, 13801, 61, 0x0000000000000000 | 71.60 61.07 63.44 | cpu  107497664 2213169 27066400 3208404561 71951 0 233755 0 0 0
1791058165 2962, 13801, 55, 0x0000000000000000 | 71.60 61.07 63.44 | cpu  107506875 2213169 27066508 3208424965 71951 0 233756 0 0 0
1791058166 2970, 13801, 54, 0x0000000000000000 | 79.72 62.93 64.03 | cpu  107515490 2213169 27066627 3208444458 71951 0 233757 0 0 0
1791058167 2962, 13801, 55, 0x0000000000000000 | 79.72 62.93 64.03 | cpu  107524259 2213169 27066746 3208464611 71951 0 233758 0 0 0
1791058168 2962, 13801, 55, 0x0000000000000000 | 79.72 62.93 64.03 | cpu  107533177 2213169 27066845 3208485022 71951 0 233759 0 0 0
1791058169 2962, 13801, 55, 0x0000000000000000 | 79.72 62.93 64.03 | cpu  107541840 2213169 27066918 3208504559 71951 0 233759 0 0 0
1791058171 2955, 13801, 58, 0x0000000000000000 | 79.72 62.93 64.03 | cpu  107550528 2213169 27067019 3208524689 71952 0 233760 0 0 0
1791058172 2962, 13801, 56, 0x0000000000000000 | 77.02 62.65 63.94 | cpu  107559380 2213169 27067170 3208544737 71952 0 233760 0 0 0
1791058173 2962, 13801, 54, 0x0000000000000000 | 77.02 62.65 63.94 | cpu  107568408 2213169 27067256 3208565621 71952 0 233761 0 0 0
1791058174 2962, 13801, 55, 0x0000000000000000 | 77.02 62.65 63.94 | cpu  107577096 2213169 27067336 3208585429 71952 0 233762 0 0 0
1791058175 2955, 13801, 57, 0x0000000000000000 | 77.02 62.65 63.94 | cpu  107585939 2213169 27067520 3208606326 71952 0 233762 0 0 0
1791058176 2970, 13801, 54, 0x0000000000000000 | 84.47 64.43 64.51 | cpu  107594853 2213169 27067618 3208627389 71952 0 233762 0 0 0
1791058178 2955, 13801, 56, 0x0000000000000000 | 84.47 64.43 64.51 | cpu  107603200 2213169 27067763 3208647005 71952 0 233764 0 0 0
1791058179 2970, 13801, 54, 0x0000000000000000 | 84.47 64.43 64.51 | cpu  107611896 2213169 27067840 3208666858 71952 0 233765 0 0 0
1791058180 2955, 13801, 55, 0x0000000000000000 | 84.47 64.43 64.51 | cpu  107620319 2213169 27067931 3208686561 71952 0 233765 0 0 0
1791058181 2962, 13801, 55, 0x0000000000000000 | 84.47 64.43 64.51 | cpu  107629124 2213169 27068005 3208706729 71952 0 233765 0 0 0
1791058182 2955, 13801, 56, 0x0000000000000000 | 81.15 64.07 64.39 | cpu  107638139 2213169 27068088 3208728056 71952 0 233766 0 0 0
1791058183 2955, 13801, 54, 0x0000000000000000 | 81.15 64.07 64.39 | cpu  107646968 2213169 27068214 3208748221 71952 0 233766 0 0 0
1791058184 2955, 13801, 62, 0x0000000000000000 | 81.15 64.07 64.39 | cpu  107655680 2213169 27068296 3208768431 71952 0 233768 0 0 0
1791058185 2947, 13801, 58, 0x0000000000000000 | 81.15 64.07 64.39 | cpu  107664757 2213169 27068381 3208789945 71952 0 233770 0 0 0
1791058187 2962, 13801, 55, 0x0000000000000000 | 88.34 65.85 64.96 | cpu  107673490 2213169 27068460 3208810447 71952 0 233771 0 0 0
1791058188 2970, 13801, 54, 0x0000000000000000 | 88.34 65.85 64.96 | cpu  107682647 2213169 27068567 3208831657 71952 0 233773 0 0 0
1791058189 2955, 13801, 57, 0x0000000000000000 | 88.34 65.85 64.96 | cpu  107691206 2213169 27068799 3208851991 71952 0 233774 0 0 0
1791058190 2947, 13801, 57, 0x0000000000000000 | 88.34 65.85 64.96 | cpu  107700495 2213169 27069048 3208874970 71952 0 233774 0 0 0
1791058191 2955, 13801, 57, 0x0000000000000000 | 84.47 65.42 64.83 | cpu  107708642 2213169 27069461 3208896703 71952 0 233774 0 0 0
1791058193 2970, 13801, 54, 0x0000000000000000 | 84.47 65.42 64.83 | cpu  107716862 2213170 27069581 3208917979 71952 0 233774 0 0 0
1791058194 2947, 13801, 57, 0x0000000000000000 | 84.47 65.42 64.83 | cpu  107724084 2213170 27069766 3208938701 71952 0 233774 0 0 0
1791058195 2955, 13801, 58, 0x0000000000000000 | 84.47 65.42 64.83 | cpu  107731100 2213170 27070000 3208961023 71952 0 233776 0 0 0
1791058196 2947, 13801, 55, 0x0000000000000000 | 90.04 66.89 65.31 | cpu  107738114 2213170 27070191 3208982697 71952 0 233776 0 0 0
1791058197 2962, 13801, 55, 0x0000000000000000 | 90.04 66.89 65.31 | cpu  107745275 2213170 27070341 3209003525 71952 0 233776 0 0 0
1791058198 2955, 13801, 55, 0x0000000000000000 | 90.04 66.89 65.31 | cpu  107752216 2213170 27070536 3209024372 71952 0 233776 0 0 0
1791058199 2955, 13801, 54, 0x0000000000000000 | 90.04 66.89 65.31 | cpu  107759182 2213170 27070654 3209045920 71952 0 233777 0 0 0
1791058200 2962, 13801, 59, 0x0000000000000000 | 90.04 66.89 65.31 | cpu  107766188 2213170 27070883 3209068154 71952 0 233777 0 0 0
1791058202 2955, 13801, 60, 0x0000000000000000 | 84.43 66.11 65.06 | cpu  107772317 2213170 27070972 3209091700 71952 0 233777 0 0 0
1791058203 2962, 13801, 57, 0x0000000000000000 | 84.43 66.11 65.06 | cpu  107778669 2213170 27071166 3209115068 71952 0 233777 0 0 0
1791058204 2962, 13801, 54, 0x0000000000000000 | 84.43 66.11 65.06 | cpu  107784974 2213170 27071397 3209137394 71952 0 233778 0 0 0
1791058205 2955, 13801, 55, 0x0000000000000000 | 84.43 66.11 65.06 | cpu  107791124 2213170 27071583 3209160084 71953 0 233778 0 0 0
1791058206 2955, 13801, 54, 0x0000000000000000 | 78.79 65.25 64.79 | cpu  107796977 2213170 27071855 3209182294 71953 0 233779 0 0 0
1791058207 2955, 13801, 55, 0x0000000000000000 | 78.79 65.25 64.79 | cpu  107803153 2213170 27071970 3209207075 71953 0 233780 0 0 0
1791058209 2962, 13801, 55, 0x0000000000000000 | 78.79 65.25 64.79 | cpu  107808866 2213170 27072078 3209230348 71953 0 233780 0 0 0
1791058210 2947, 13801, 53, 0x0000000000000000 | 78.79 65.25 64.79 | cpu  107814423 2213170 27072154 3209253728 71953 0 233780 0 0 0
1791058211 2947, 13801, 57, 0x0000000000000000 | 78.79 65.25 64.79 | cpu  107819949 2213170 27072236 3209277498 71953 0 233780 0 0 0
1791058212 2962, 13801, 55, 0x0000000000000000 | 73.44 64.36 64.51 | cpu  107825545 2213170 27072359 3209301350 71953 0 233781 0 0 0
1791058213 2955, 13801, 55, 0x0000000000000000 | 73.44 64.36 64.51 | cpu  107831120 2213170 27072473 3209325988 71953 0 233781 0 0 0
1791058214 2955, 13801, 58, 0x0000000000000000 | 73.44 64.36 64.51 | cpu  107836362 2213170 27072734 3209349123 71953 0 233782 0 0 0
1791058215 2955, 13801, 59, 0x0000000000000000 | 73.44 64.36 64.51 | cpu  107841763 2213170 27072871 3209372467 71953 0 233782 0 0 0
1791058217 2955, 13801, 57, 0x0000000000000000 | 67.96 63.38 64.19 | cpu  107846803 2213170 27073004 3209396213 71953 0 233783 0 0 0
1791058218 2962, 13801, 56, 0x0000000000000000 | 67.96 63.38 64.19 | cpu  107851766 2213170 27073058 3209419605 71953 0 233783 0 0 0
1791058219 2962, 13801, 56, 0x0000000000000000 | 67.96 63.38 64.19 | cpu  107856813 2213170 27073121 3209444073 71953 0 233783 0 0 0
1791058220 2962, 13801, 55, 0x0000000000000000 | 67.96 63.38 64.19 | cpu  107861840 2213170 27073194 3209467528 71953 0 233784 0 0 0
1791058221 2955, 13801, 60, 0x0000000000000000 | 73.01 64.50 64.55 | cpu  107866847 2213170 27073256 3209491675 71953 0 233784 0 0 0
1791058222 2962, 13801, 58, 0x0000000000000000 | 73.01 64.50 64.55 | cpu  107871870 2213170 27073352 3209515072 71953 0 233784 0 0 0
1791058223 2962, 13801, 56, 0x0000000000000000 | 73.01 64.50 64.55 | cpu  107876908 2213170 27073493 3209538627 71953 0 233784 0 0 0
1791058224 2947, 13801, 59, 0x0000000000000000 | 73.01 64.50 64.55 | cpu  107881524 2213170 27073552 3209561699 71953 0 233784 0 0 0
1791058225 2962, 13801, 56, 0x0000000000000000 | 73.01 64.50 64.55 | cpu  107886086 2213170 27073663 3209584828 71953 0 233786 0 0 0
1791058227 2955, 13801, 60, 0x0000000000000000 | 67.40 63.48 64.21 | cpu  107890762 2213170 27073726 3209608009 71953 0 233787 0 0 0
1791058228 2955, 13801, 57, 0x0000000000000000 | 67.40 63.48 64.21 | cpu  107895302 2213170 27073802 3209631867 71953 0 233788 0 0 0
1791058229 2955, 13801, 59, 0x0000000000000000 | 67.40 63.48 64.21 | cpu  107900040 2213170 27073902 3209655702 71953 0 233793 0 0 0
1791058230 2955, 13801, 58, 0x0000000000000000 | 67.40 63.48 64.21 | cpu  107904730 2213170 27073942 3209679158 71953 0 233795 0 0 0
1791058231 2962, 13801, 57, 0x0000000000000000 | 64.89 63.02 64.06 | cpu  107909843 2213170 27073985 3209702795 71953 0 233795 0 0 0
1791058232 2962, 13801, 56, 0x0000000000000000 | 64.89 63.02 64.06 | cpu  107914649 2213170 27074042 3209726409 71953 0 233795 0 0 0
1791058233 2962, 13801, 54, 0x0000000000000000 | 64.89 63.02 64.06 | cpu  107919702 2213170 27074145 3209749280 71953 0 233795 0 0 0
1791058234 2977, 13801, 54, 0x0000000000000000 | 64.89 63.02 64.06 | cpu  107924629 2213170 27074215 3209773247 71953 0 233796 0 0 0
1791058235 2970, 13801, 54, 0x0000000000000000 | 64.89 63.02 64.06 | cpu  107929196 2213170 27074258 3209797158 71954 0 233796 0 0 0
1791058237 2970, 13801, 54, 0x0000000000000000 | 59.93 62.03 63.73 | cpu  107934242 2213170 27074305 3209821019 71954 0 233797 0 0 0
1791058238 2955, 13801, 56, 0x0000000000000000 | 59.93 62.03 63.73 | cpu  107939264 2213170 27074349 3209845078 71954 0 233798 0 0 0
1791058239 2962, 13801, 55, 0x0000000000000000 | 59.93 62.03 63.73 | cpu  107944388 2213170 27074492 3209869237 71954 0 233799 0 0 0
1791058240 2970, 13801, 54, 0x0000000000000000 | 59.93 62.03 63.73 | cpu  107949285 2213170 27074632 3209892461 71954 0 233800 0 0 0
1791058241 2962, 13801, 54, 0x0000000000000000 | 55.37 61.05 63.41 | cpu  107954384 2213170 27074699 3209915535 71954 0 233800 0 0 0
1791058242 2962, 13801, 54, 0x0000000000000000 | 55.37 61.05 63.41 | cpu  107959323 2213170 27074734 3209938752 71954 0 233800 0 0 0
1791058243 2962, 13801, 54, 0x0000000000000000 | 55.37 61.05 63.41 | cpu  107964372 2213170 27074802 3209962604 71954 0 233801 0 0 0
1791058244 2962, 13801, 55, 0x0000000000000000 | 55.37 61.05 63.41 | cpu  107969656 2213170 27074864 3209986662 71954 0 233801 0 0 0
1791058246 2955, 13801, 56, 0x0000000000000000 | 55.37 61.05 63.41 | cpu  107974712 2213170 27074943 3210009495 71954 0 233802 0 0 0
1791058247 2955, 13801, 58, 0x0000000000000000 | 51.18 60.08 63.08 | cpu  107979961 2213170 27074987 3210033869 71954 0 233802 0 0 0
1791058248 2955, 13801, 55, 0x0000000000000000 | 51.18 60.08 63.08 | cpu  107985047 2213170 27075020 3210056591 71954 0 233802 0 0 0
1791058249 2947, 13801, 57, 0x0000000000000000 | 51.18 60.08 63.08 | cpu  107990260 2213170 27075068 3210080271 71954 0 233802 0 0 0
1791058250 2955, 13801, 59, 0x0000000000000000 | 51.18 60.08 63.08 | cpu  107995605 2213170 27075136 3210103444 71954 0 233802 0 0 0
1791058251 2955, 13801, 58, 0x0000000000000000 | 47.40 59.15 62.77 | cpu  108000636 2213170 27075207 3210126243 71954 0 233803 0 0 0
1791058252 2955, 13801, 56, 0x0000000000000000 | 47.40 59.15 62.77 | cpu  108006866 2213170 27075439 3210149562 71954 0 233803 0 0 0
1791058253 2962, 13801, 55, 0x0000000000000000 | 47.40 59.15 62.77 | cpu  108011593 2213170 27076053 3210172886 71954 0 233803 0 0 0
1791058255 2685, 13801, 54, 0x0000000000000000 | 47.40 59.15 62.77 | cpu  108016852 2213170 27076515 3210196168 71954 0 233803 0 0 0
1791058256 2955, 13801, 56, 0x0000000000000000 | 47.40 59.15 62.77 | cpu  108022593 2213170 27076589 3210219984 71954 0 233804 0 0 0
1791058257 2962, 13801, 56, 0x0000000000000000 | 44.24 58.30 62.47 | cpu  108028268 2213170 27076650 3210244213 71954 0 233804 0 0 0
1791058258 2947, 13801, 58, 0x0000000000000000 | 44.24 58.30 62.47 | cpu  108033949 2213170 27076701 3210266587 71954 0 233808 0 0 0
1791058259 2962, 13801, 55, 0x0000000000000000 | 44.24 58.30 62.47 | cpu  108039347 2213170 27076783 3210289783 71954 0 233808 0 0 0
1791058260 2955, 13801, 56, 0x0000000000000000 | 44.24 58.30 62.47 | cpu  108044525 2213170 27076845 3210313621 71954 0 233809 0 0 0
1791058261 2947, 13801, 59, 0x0000000000000000 | 44.87 58.20 62.41 | cpu  108049787 2213170 27076934 3210335444 71954 0 233820 0 0 0
1791058262 2955, 13801, 61, 0x0000000000000000 | 44.87 58.20 62.41 | cpu  108055027 2213170 27077014 3210359050 71954 0 233830 0 0 0
1791058264 2962, 13801, 57, 0x0000000000000000 | 44.87 58.20 62.41 | cpu  108060264 2213170 27077065 3210382059 71954 0 233840 0 0 0
1791058265 2955, 13801, 59, 0x0000000000000000 | 44.87 58.20 62.41 | cpu  108065570 2213170 27077143 3210405085 71954 0 233841 0 0 0
1791058266 2962, 13801, 55, 0x0000000000000000 | 44.87 58.20 62.41 | cpu  108070672 2213170 27077205 3210429108 71955 0 233842 0 0 0
1791058267 2955, 13801, 56, 0x0000000000000000 | 41.59 57.30 62.10 | cpu  108075926 2213170 27077282 3210452785 71955 0 233843 0 0 0
1791058268 2955, 13801, 59, 0x0000000000000000 | 41.59 57.30 62.10 | cpu  108080949 2213170 27077354 3210475512 71955 0 233844 0 0 0
1791058269 2962, 13801, 56, 0x0000000000000000 | 41.59 57.30 62.10 | cpu  108085939 2213170 27077410 3210498901 71955 0 233844 0 0 0
1791058270 2962, 13801, 56, 0x0000000000000000 | 41.59 57.30 62.10 | cpu  108091159 2213170 27077461 3210522542 71956 0 233845 0 0 0
1791058271 2955, 13801, 56, 0x0000000000000000 | 38.58 56.41 61.79 | cpu  108096243 2213170 27077514 3210545802 71956 0 233845 0 0 0
1791058273 2962, 13801, 55, 0x0000000000000000 | 38.58 56.41 61.79 | cpu  108100946 2213170 27077612 3210568956 71956 0 233846 0 0 0
1791058274 2947, 13801, 58, 0x0000000000000000 | 38.58 56.41 61.79 | cpu  108105663 2213170 27077846 3210592994 71956 0 233862 0 0 0
1791058275 2955, 13801, 57, 0x0000000000000000 | 38.58 56.41 61.79 | cpu  108110497 2213170 27078130 3210617461 71956 0 233863 0 0 0
1791058276 2970, 13801, 54, 0x0000000000000000 | 38.58 56.41 61.79 | cpu  108115693 2213170 27078282 3210640568 71956 0 233863 0 0 0
1791058277 2955, 13801, 57, 0x0000000000000000 | 35.89 55.56 61.48 | cpu  108120990 2213170 27078461 3210664021 71956 0 233864 0 0 0
1791058278 2962, 13801, 56, 0x0000000000000000 | 35.89 55.56 61.48 | cpu  108126234 2213170 27078670 3210687473 71956 0 233864 0 0 0
1791058279 2865, 13801, 53, 0x0000000000000000 | 35.89 55.56 61.48 | cpu  108131472 2213170 27078869 3210710457 71956 0 233864 0 0 0
1791058280 2955, 13801, 56, 0x0000000000000000 | 35.89 55.56 61.48 | cpu  108136749 2213170 27079039 3210733968 71956 0 233864 0 0 0
1791058282 2947, 13801, 57, 0x0000000000000000 | 33.50 54.73 61.18 | cpu  108142310 2213170 27079387 3210756119 71956 0 233872 0 0 0
1791058283 2947, 13801, 58, 0x0000000000000000 | 33.50 54.73 61.18 | cpu  108146472 2213170 27080040 3210779137 71956 0 233874 0 0 0
1791058284 2962, 13801, 56, 0x0000000000000000 | 33.50 54.73 61.18 | cpu  108151372 2213170 27080437 3210802622 71956 0 233878 0 0 0
1791058285 2955, 13801, 57, 0x0000000000000000 | 33.50 54.73 61.18 | cpu  108156833 2213170 27080505 3210826059 71956 0 233892 0 0 0
1791058286 2955, 13801, 55, 0x0000000000000000 | 31.22 53.91 60.88 | cpu  108161923 2213170 27080604 3210849741 71956 0 233929 0 0 0
1791058287 2955, 13801, 58, 0x0000000000000000 | 31.22 53.91 60.88 | cpu  108167312 2213170 27080682 3210873167 71958 0 233930 0 0 0
1791058288 2955, 13801, 61, 0x0000000000000000 | 31.22 53.91 60.88 | cpu  108172245 2213170 27080731 3210896151 71959 0 233930 0 0 0
1791058289 2955, 13801, 57, 0x0000000000000000 | 31.22 53.91 60.88 | cpu  108176808 2213170 27080780 3210919607 71959 0 233930 0 0 0
1791058290 2962, 13801, 56, 0x0000000000000000 | 31.22 53.91 60.88 | cpu  108181855 2213170 27080868 3210942728 71959 0 233931 0 0 0
1791058292 2955, 13801, 56, 0x0000000000000000 | 29.04 53.08 60.58 | cpu  108186783 2213170 27080898 3210965897 71959 0 233932 0 0 0
1791058293 2955, 13801, 56, 0x0000000000000000 | 29.04 53.08 60.58 | cpu  108191758 2213170 27080933 3210988932 71959 0 233933 0 0 0
1791058294 2962, 13801, 55, 0x0000000000000000 | 29.04 53.08 60.58 | cpu  108196714 2213170 27080983 3211012330 71959 0 233934 0 0 0
1791058295 2955, 13801, 57, 0x0000000000000000 | 29.04 53.08 60.58 | cpu  108201866 2213171 27081026 3211035476 71959 0 233934 0 0 0
1791058296 2970, 13801, 54, 0x0000000000000000 | 29.04 53.08 60.58 | cpu  108206906 2213171 27081101 3211058558 71959 0 233934 0 0 0
1791058297 2955, 13801, 59, 0x0000000000000000 | 27.03 52.27 60.27 | cpu  108211824 2213171 27081156 3211081450 71959 0 233934 0 0 0
1791058298 2955, 13801, 58, 0x0000000000000000 | 27.03 52.27 60.27 | cpu  108217010 2213171 27081241 3211104488 71959 0 233934 0 0 0
1791058299 2955, 13801, 55, 0x0000000000000000 | 27.03 52.27 60.27 | cpu  108222047 2213171 27081316 3211128435 71959 0 233935 0 0 0
1791058300 2955, 13801, 57, 0x0000000000000000 | 27.03 52.27 60.27 | cpu  108227216 2213171 27081356 3211152657 71959 0 233936 0 0 0
1791058302 2947, 13801, 59, 0x0000000000000000 | 25.43 51.51 59.99 | cpu  108232256 2213171 27081442 3211175870 71959 0 233936 0 0 0
1791058303 2955, 13801, 56, 0x0000000000000000 | 25.43 51.51 59.99 | cpu  108237216 2213171 27081506 3211198635 71959 0 233936 0 0 0
1791058304 2955, 13801, 54, 0x0000000000000000 | 25.43 51.51 59.99 | cpu  108241993 2213171 27081602 3211221542 71959 0 233937 0 0 0
1791058305 2962, 13801, 58, 0x0000000000000000 | 25.43 51.51 59.99 | cpu  108247227 2213171 27081697 3211245969 71959 0 233937 0 0 0
1791058306 2955, 13801, 56, 0x0000000000000000 | 25.43 51.51 59.99 | cpu  108251984 2213171 27081769 3211269000 71959 0 233938 0 0 0
1791058307 2962, 13801, 55, 0x0000000000000000 | 23.87 50.76 59.70 | cpu  108257078 2213171 27081911 3211292192 71959 0 233939 0 0 0
1791058308 2947, 13801, 58, 0x0000000000000000 | 23.87 50.76 59.70 | cpu  108262229 2213171 27081958 3211315265 71959 0 233940 0 0 0
1791058309 2955, 13801, 56, 0x0000000000000000 | 23.87 50.76 59.70 | cpu  108266930 2213171 27081994 3211338736 71959 0 233940 0 0 0
1791058310 2947, 13801, 58, 0x0000000000000000 | 23.87 50.76 59.70 | cpu  108271833 2213171 27082034 3211362071 71959 0 233940 0 0 0
1791058311 2962, 13801, 56, 0x0000000000000000 | 32.45 52.09 60.08 | cpu  108277057 2213171 27082092 3211385579 71959 0 233941 0 0 0
1791058313 2962, 13801, 58, 0x0000000000000000 | 32.45 52.09 60.08 | cpu  108282174 2213171 27082195 3211409248 71959 0 233942 0 0 0
1791058314 2962, 13801, 56, 0x0000000000000000 | 32.45 52.09 60.08 | cpu  108287260 2213171 27082330 3211432123 71959 0 233943 0 0 0
1791058315 2962, 13801, 55, 0x0000000000000000 | 32.45 52.09 60.08 | cpu  108292586 2213171 27082842 3211453993 71959 0 233944 0 0 0
1791058316 2962, 13801, 57, 0x0000000000000000 | 32.45 52.09 60.08 | cpu  108297343 2213171 27083403 3211477663 71959 0 233945 0 0 0
1791058317 2955, 13801, 56, 0x0000000000000000 | 30.73 51.41 59.82 | cpu  108302673 2213171 27083466 3211500690 71959 0 233946 0 0 0
1791058318 2955, 13801, 55, 0x0000000000000000 | 30.73 51.41 59.82 | cpu  108307966 2213171 27083554 3211524661 71959 0 233947 0 0 0
1791058319 2962, 13801, 53, 0x0000000000000000 | 30.73 51.41 59.82 | cpu  108313192 2213171 27083610 3211548771 71959 0 233948 0 0 0
1791058320 2962, 13801, 54, 0x0000000000000000 | 30.73 51.41 59.82 | cpu  108318266 2213171 27083652 3211571979 71959 0 233948 0 0 0
1791058322 2955, 13801, 57, 0x0000000000000000 | 38.84 52.75 60.20 | cpu  108323194 2213171 27083694 3211594887 71959 0 233948 0 0 0
1791058323 2962, 13801, 56, 0x0000000000000000 | 38.84 52.75 60.20 | cpu  108328219 2213171 27083832 3211617357 71959 0 233949 0 0 0
1791058324 2962, 13801, 55, 0x0000000000000000 | 38.84 52.75 60.20 | cpu  108333154 2213171 27083971 3211641521 71959 0 233950 0 0 0
1791058325 2962, 13801, 56, 0x0000000000000000 | 38.84 52.75 60.20 | cpu  108338163 2213171 27084012 3211665081 71959 0 233950 0 0 0
1791058326 2962, 13801, 55, 0x0000000000000000 | 36.13 51.95 59.91 | cpu  108343408 2213171 27084078 3211688665 71959 0 233951 0 0 0
1791058327 2955, 13801, 57, 0x0000000000000000 | 36.13 51.95 59.91 | cpu  108348551 2213171 27084144 3211712585 71959 0 233951 0 0 0
1791058328 2962, 13801, 56, 0x0000000000000000 | 36.13 51.95 59.91 | cpu  108353702 2213171 27084208 3211735739 71959 0 233951 0 0 0
1791058329 2947, 13801, 58, 0x0000000000000000 | 36.13 51.95 59.91 | cpu  108358764 2213171 27084309 3211758877 71959 0 233951 0 0 0
1791058330 2947, 13801, 59, 0x0000000000000000 | 36.13 51.95 59.91 | cpu  108363834 2213171 27084378 3211782172 71959 0 233952 0 0 0
1791058332 2955, 13801, 57, 0x0000000000000000 | 33.56 51.16 59.61 | cpu  108368669 2213172 27084424 3211805897 71960 0 233952 0 0 0
1791058333 2955, 13801, 59, 0x0000000000000000 | 33.56 51.16 59.61 | cpu  108373402 2213172 27084518 3211829427 71960 0 233953 0 0 0
1791058334 2962, 13801, 55, 0x0000000000000000 | 33.56 51.16 59.61 | cpu  108378321 2213172 27084592 3211852874 71960 0 233953 0 0 0
1791058335 2962, 13801, 55, 0x0000000000000000 | 33.56 51.16 59.61 | cpu  108383498 2213172 27084701 3211877176 71960 0 233953 0 0 0
1791058336 2955, 13801, 58, 0x0000000000000000 | 41.28 52.47 59.99 | cpu  108388350 2213172 27084740 3211900189 71960 0 233953 0 0 0
1791058337 2962, 13801, 56, 0x0000000000000000 | 41.28 52.47 59.99 | cpu  108393282 2213172 27084832 3211922600 71960 0 233954 0 0 0
1791058338 2955, 13801, 57, 0x0000000000000000 | 41.28 52.47 59.99 | cpu  108398298 2213172 27084967 3211945803 71961 0 233954 0 0 0
1791058339 2955, 13801, 56, 0x0000000000000000 | 41.28 52.47 59.99 | cpu  108403310 2213172 27085032 3211969888 71961 0 233954 0 0 0
1791058341 2947, 13801, 59, 0x0000000000000000 | 41.28 52.47 59.99 | cpu  108408359 2213172 27085142 3211993198 71961 0 233954 0 0 0
1791058342 2955, 13801, 57, 0x0000000000000000 | 38.22 51.64 59.68 | cpu  108413164 2213172 27085180 3212016430 71961 0 233954 0 0 0
1791058343 2962, 13801, 55, 0x0000000000000000 | 38.22 51.64 59.68 | cpu  108418155 2213172 27085223 3212039771 71961 0 233954 0 0 0
1791058344 2962, 13801, 55, 0x0000000000000000 | 38.22 51.64 59.68 | cpu  108423164 2213172 27085285 3212063030 71961 0 233955 0 0 0
1791058345 2955, 13801, 55, 0x0000000000000000 | 38.22 51.64 59.68 | cpu  108428250 2213172 27085344 3212087293 71961 0 233956 0 0 0
1791058346 2955, 13801, 55, 0x0000000000000000 | 45.65 52.96 60.06 | cpu  108433200 2213172 27085438 3212110479 71961 0 233956 0 0 0
1791058347 2955, 13801, 58, 0x0000000000000000 | 45.65 52.96 60.06 | cpu  108438386 2213172 27085505 3212133693 71961 0 233958 0 0 0
1791058348 2955, 13801, 60, 0x0000000000000000 | 45.65 52.96 60.06 | cpu  108442863 2213172 27086128 3212156351 71961 0 233958 0 0 0
1791058349 2955, 13801, 57, 0x0000000000000000 | 45.65 52.96 60.06 | cpu  108447544 2213172 27086723 3212180003 71962 0 233959 0 0 0
1791058351 2970, 13801, 54, 0x0000000000000000 | 45.65 52.96 60.06 | cpu  108452742 2213172 27086811 3212202651 71962 0 233960 0 0 0
1791058352 2955, 13801, 57, 0x0000000000000000 | 52.64 54.29 60.45 | cpu  108458094 2213172 27086902 3212225361 71962 0 233961 0 0 0
1791058353 2955, 13801, 58, 0x0000000000000000 | 52.64 54.29 60.45 | cpu  108463592 2213172 27086960 3212247714 71962 0 233961 0 0 0
1791058354 2955, 13801, 59, 0x0000000000000000 | 52.64 54.29 60.45 | cpu  108468896 2213172 27087041 3212270889 71962 0 233961 0 0 0
1791058355 2955, 13801, 57, 0x0000000000000000 | 52.64 54.29 60.45 | cpu  108474198 2213172 27087095 3212293520 71962 0 233962 0 0 0
1791058356 2955, 13801, 57, 0x0000000000000000 | 52.64 54.29 60.45 | cpu  108479669 2213172 27087151 3212316334 71962 0 233962 0 0 0
1791058357 2955, 13801, 56, 0x0000000000000000 | 48.91 53.49 60.16 | cpu  108485282 2213172 27087251 3212339807 71962 0 233962 0 0 0
1791058358 2962, 13801, 55, 0x0000000000000000 | 48.91 53.49 60.16 | cpu  108490443 2213172 27087326 3212362819 71962 0 233962 0 0 0
1791058359 2955, 13801, 56, 0x0000000000000000 | 48.91 53.49 60.16 | cpu  108495662 2213172 27087392 3212385705 71962 0 233962 0 0 0
1791058360 2805, 13801, 56, 0x0000000000000000 | 48.91 53.49 60.16 | cpu  108501159 2213172 27087450 3212409825 71962 0 233962 0 0 0
1791058362 2955, 13801, 56, 0x0000000000000000 | 54.36 54.54 60.47 | cpu  108506426 2213172 27087512 3212433487 71962 0 233962 0 0 0
1791058363 2955, 13801, 56, 0x0000000000000000 | 54.36 54.54 60.47 | cpu  108511344 2213172 27087617 3212455957 71962 0 233962 0 0 0
1791058364 2962, 13801, 55, 0x0000000000000000 | 54.36 54.54 60.47 | cpu  108516653 2213172 27087737 3212478956 71962 0 233962 0 0 0
1791058365 2955, 13801, 56, 0x0000000000000000 | 54.36 54.54 60.47 | cpu  108521759 2213174 27087786 3212501778 71962 0 233963 0 0 0
1791058366 2955, 13801, 56, 0x0000000000000000 | 60.50 55.81 60.85 | cpu  108526712 2213174 27087836 3212525163 71962 0 233964 0 0 0
1791058367 2955, 13801, 57, 0x0000000000000000 | 60.50 55.81 60.85 | cpu  108531811 2213174 27087893 3212548720 71962 0 233964 0 0 0
1791058368 2962, 13801, 55, 0x0000000000000000 | 60.50 55.81 60.85 | cpu  108536650 2213174 27088059 3212572835 71962 0 233964 0 0 0
1791058369 2970, 13801, 54, 0x0000000000000000 | 60.50 55.81 60.85 | cpu  108542175 2213174 27088184 3212594772 71962 0 233965 0 0 0
1791058370 2955, 13801, 60, 0x0000000000000000 | 60.50 55.81 60.85 | cpu  108547055 2213174 27088242 3212618017 71962 0 233965 0 0 0
1791058372 2970, 13801, 54, 0x0000000000000000 | 59.18 55.62 60.76 | cpu  108552367 2213174 27088290 3212641147 71962 0 233965 0 0 0
1791058373 2947, 13801, 58, 0x0000000000000000 | 59.18 55.62 60.76 | cpu  108557959 2213174 27088379 3212663348 71962 0 233965 0 0 0
1791058374 2955, 13801, 57, 0x0000000000000000 | 59.18 55.62 60.76 | cpu  108562979 2213174 27088470 3212685785 71962 0 233966 0 0 0
1791058375 2970, 13801, 54, 0x0000000000000000 | 59.18 55.62 60.76 | cpu  108568116 2213174 27088548 3212708647 71962 0 233967 0 0 0
1791058376 2955, 13801, 56, 0x0000000000000000 | 59.18 55.62 60.76 | cpu  108572976 2213174 27088603 3212732692 71962 0 233968 0 0 0
1791058377 2955, 13801, 58, 0x0000000000000000 | 64.93 56.87 61.13 | cpu  108578208 2213174 27088650 3212756766 71962 0 233972 0 0 0
1791058378 2955, 13801, 55, 0x0000000000000000 | 64.93 56.87 61.13 | cpu  108583328 2213174 27088707 3212780084 71963 0 233973 0 0 0
1791058379 2962, 13801, 56, 0x0000000000000000 | 64.93 56.87 61.13 | cpu  108588425 2213174 27088798 3212803793 71963 0 233974 0 0 0
1791058381 2955, 13801, 57, 0x0000000000000000 | 64.93 56.87 61.13 | cpu  108593367 2213174 27088861 3212827613 71963 0 233975 0 0 0
1791058382 2970, 13801, 54, 0x0000000000000000 | 59.97 55.97 60.82 | cpu  108598300 2213174 27088926 3212850456 71963 0 233976 0 0 0
1791058383 2962, 13801, 54, 0x0000000000000000 | 59.97 55.97 60.82 | cpu  108603078 2213174 27088968 3212873763 71963 0 233977 0 0 0
1791058384 2970, 13801, 53, 0x0000000000000000 | 59.97 55.97 60.82 | cpu  108608034 2213174 27089017 3212897037 71963 0 233977 0 0 0
1791058385 2970, 13801, 54, 0x0000000000000000 | 59.97 55.97 60.82 | cpu  108612727 2213174 27089082 3212921001 71965 0 233977 0 0 0
1791058386 2962, 13801, 53, 0x0000000000000000 | 59.97 55.97 60.82 | cpu  108618453 2213174 27089193 3212942681 71965 0 233978 0 0 0
1791058387 2970, 13801, 54, 0x0000000000000000 | 55.57 55.13 60.52 | cpu  108623405 2213174 27089231 3212965603 71965 0 233978 0 0 0
1791058388 2962, 13801, 57, 0x0000000000000000 | 55.57 55.13 60.52 | cpu  108628467 2213174 27089305 3212988495 71965 0 233978 0 0 0
1791058389 2962, 13801, 56, 0x0000000000000000 | 55.57 55.13 60.52 | cpu  108633454 2213174 27089356 3213011615 71965 0 233978 0 0 0
1791058390 2947, 13801, 57, 0x0000000000000000 | 55.57 55.13 60.52 | cpu  108638626 2213174 27089413 3213034986 71965 0 233980 0 0 0
1791058392 2947, 13801, 58, 0x0000000000000000 | 51.36 54.26 60.21 | cpu  108643600 2213174 27089506 3213058393 71965 0 233980 0 0 0
1791058393 2955, 13801, 59, 0x0000000000000000 | 51.36 54.26 60.21 | cpu  108648771 2213174 27089552 3213083225 71965 0 233981 0 0 0
1791058394 2962, 13801, 56, 0x0000000000000000 | 51.36 54.26 60.21 | cpu  108653809 2213174 27089592 3213107620 71965 0 233981 0 0 0
1791058395 2962, 13801, 56, 0x0000000000000000 | 51.36 54.26 60.21 | cpu  108658671 2213174 27089634 3213131265 71965 0 233981 0 0 0
1791058396 2955, 13801, 57, 0x0000000000000000 | 47.64 53.44 59.91 | cpu  108663843 2213174 27089701 3213155157 71965 0 233982 0 0 0
1791058397 2955, 13801, 58, 0x0000000000000000 | 47.64 53.44 59.91 | cpu  108668416 2213174 27089775 3213178368 71965 0 233983 0 0 0
1791058398 2970, 13801, 54, 0x0000000000000000 | 47.64 53.44 59.91 | cpu  108672975 2213174 27089889 3213201080 71965 0 233983 0 0 0
1791058399 2820, 13801, 54, 0x0000000000000000 | 47.64 53.44 59.91 | cpu  108677992 2213174 27089942 3213224941 71965 0 233983 0 0 0
1791058401 2955, 13801, 58, 0x0000000000000000 | 47.64 53.44 59.91 | cpu  108682593 2213174 27089982 3213248483 71965 0 233983 0 0 0
1791058402 2955, 13801, 55, 0x0000000000000000 | 44.07 52.61 59.61 | cpu  108687533 2213174 27090029 3213271736 71965 0 233984 0 0 0
1791058403 2955, 13801, 60, 0x0000000000000000 | 44.07 52.61 59.61 | cpu  108692634 2213174 27090238 3213294379 71965 0 233984 0 0 0
1791058404 2962, 13801, 54, 0x0000000000000000 | 44.07 52.61 59.61 | cpu  108697651 2213174 27090468 3213316345 71965 0 233985 0 0 0
1791058405 2955, 13801, 57, 0x0000000000000000 | 44.07 52.61 59.61 | cpu  108703122 2213174 27090536 3213339390 71965 0 233985 0 0 0
1791058406 2955, 13801, 60, 0x0000000000000000 | 44.07 52.61 59.61 | cpu  108708317 2213174 27090577 3213363132 71965 0 233985 0 0 0
1791058407 2947, 13801, 59, 0x0000000000000000 | 41.02 51.83 59.32 | cpu  108713403 2213174 27090633 3213385754 71965 0 233986 0 0 0
1791058408 2962, 13801, 57, 0x0000000000000000 | 41.02 51.83 59.32 | cpu  108718862 2213174 27090741 3213409298 71965 0 233991 0 0 0
1791058409 2947, 13801, 57, 0x0000000000000000 | 41.02 51.83 59.32 | cpu  108724237 2213174 27090834 3213433052 71965 0 233992 0 0 0
1791058411 2947, 13801, 58, 0x0000000000000000 | 41.02 51.83 59.32 | cpu  108729278 2213174 27090883 3213455543 71965 0 233992 0 0 0
1791058412 2947, 13801, 59, 0x0000000000000000 | 41.98 51.85 59.29 | cpu  108734339 2213174 27090922 3213479423 71965 0 233993 0 0 0
1791058413 2962, 13801, 55, 0x0000000000000000 | 41.98 51.85 59.29 | cpu  108739219 2213174 27090968 3213502593 71965 0 233993 0 0 0
1791058414 2962, 13801, 56, 0x0000000000000000 | 41.98 51.85 59.29 | cpu  108744080 2213174 27091046 3213525536 71965 0 233994 0 0 0
1791058415 2955, 13801, 56, 0x0000000000000000 | 41.98 51.85 59.29 | cpu  108749032 2213174 27091079 3213548803 71965 0 233994 0 0 0
1791058416 2970, 13801, 61, 0x0000000000000000 | 41.98 51.85 59.29 | cpu  108753960 2213174 27091163 3213571828 71965 0 233994 0 0 0
1791058417 2955, 13801, 57, 0x0000000000000000 | 49.11 53.17 59.67 | cpu  108758968 2213174 27091202 3213594702 71965 0 233994 0 0 0
1791058418 2955, 13801, 60, 0x0000000000000000 | 49.11 53.17 59.67 | cpu  108764062 2213174 27091390 3213618642 71965 0 233994 0 0 0
1791058419 2955, 13801, 60, 0x0000000000000000 | 49.11 53.17 59.67 | cpu  108768900 2213174 27091554 3213642426 71965 0 233996 0 0 0
1791058421 2947, 13801, 59, 0x0000000000000000 | 49.11 53.17 59.67 | cpu  108773530 2213174 27091607 3213666710 71965 0 233996 0 0 0
1791058422 2962, 13801, 55, 0x0000000000000000 | 55.75 54.48 60.06 | cpu  108777974 2213174 27091659 3213690112 71965 0 233996 0 0 0
1791058423 2955, 13801, 61, 0x0000000000000000 | 55.75 54.48 60.06 | cpu  108782476 2213174 27091727 3213713851 71965 0 233996 0 0 0
1791058424 2962, 13801, 57, 0x0000000000000000 | 55.75 54.48 60.06 | cpu  108787133 2213174 27091790 3213738217 71965 0 233997 0 0 0
1791058425 2932, 13801, 59, 0x0000000000000000 | 55.75 54.48 60.06 | cpu  108792589 2213174 27091954 3213761118 71965 0 233997 0 0 0
1791058426 2962, 13801, 55, 0x0000000000000000 | 55.75 54.48 60.06 | cpu  108797610 2213174 27091999 3213784211 71965 0 233997 0 0 0
1791058427 2947, 13801, 59, 0x0000000000000000 | 51.68 53.65 59.76 | cpu  108803051 2213174 27092044 3213807620 71965 0 233997 0 0 0
1791058428 2962, 13801, 57, 0x0000000000000000 | 51.68 53.65 59.76 | cpu  108808098 2213174 27092081 3213830847 71965 0 233998 0 0 0
1791058429 2962, 13801, 55, 0x0000000000000000 | 51.68 53.65 59.76 | cpu  108813193 2213175 27092136 3213853724 71965 0 233998 0 0 0
1791058430 2947, 13801, 58, 0x0000000000000000 | 51.68 53.65 59.76 | cpu  108818213 2213175 27092246 3213876706 71965 0 233998 0 0 0
1791058432 2955, 13801, 56, 0x0000000000000000 | 47.94 52.85 59.47 | cpu  108823658 2213175 27092304 3213900041 71965 0 233998 0 0 0
1791058433 2947, 13801, 59, 0x0000000000000000 | 47.94 52.85 59.47 | cpu  108828697 2213175 27092381 3213922871 71965 0 233999 0 0 0
1791058434 2955, 13801, 59, 0x0000000000000000 | 47.94 52.85 59.47 | cpu  108834012 2213175 27092496 3213945915 71965 0 234004 0 0 0
1791058435 2955, 13801, 56, 0x0000000000000000 | 47.94 52.85 59.47 | cpu  108838746 2213175 27092655 3213969262 71965 0 234007 0 0 0
1791058436 2955, 13801, 61, 0x0000000000000000 | 47.94 52.85 59.47 | cpu  108843510 2213175 27092745 3213992139 71965 0 234008 0 0 0
1791058437 2962, 13801, 57, 0x0000000000000000 | 44.51 52.05 59.18 | cpu  108848026 2213175 27092789 3214015356 71965 0 234008 0 0 0
1791058438 2955, 13801, 61, 0x0000000000000000 | 44.51 52.05 59.18 | cpu  108852844 2213175 27092833 3214038260 71965 0 234008 0 0 0
1791058439 2955, 13801, 58, 0x0000000000000000 | 44.51 52.05 59.18 | cpu  108857609 2213175 27092870 3214061879 71965 0 234008 0 0 0
1791058440 2947, 13801, 58, 0x0000000000000000 | 44.51 52.05 59.18 | cpu  108862294 2213175 27092921 3214085571 71965 0 234009 0 0 0
1791058442 2970, 13801, 56, 0x0000000000000000 | 41.26 51.25 58.88 | cpu  108866924 2213175 27093081 3214109072 71965 0 234010 0 0 0
1791058443 2955, 13801, 56, 0x0000000000000000 | 41.26 51.25 58.88 | cpu  108871589 2213175 27093120 3214133015 71965 0 234010 0 0 0
1791058444 2962, 13801, 55, 0x0000000000000000 | 41.26 51.25 58.88 | cpu  108876195 2213175 27093148 3214157167 71965 0 234010 0 0 0
1791058445 2962, 13801, 56, 0x0000000000000000 | 41.26 51.25 58.88 | cpu  108880958 2213175 27093195 3214181169 71965 0 234011 0 0 0
1791058446 2955, 13801, 55, 0x0000000000000000 | 41.26 51.25 58.88 | cpu  108885602 2213175 27093235 3214204324 71965 0 234012 0 0 0
1791058447 2962, 13801, 58, 0x0000000000000000 | 48.45 52.58 59.27 | cpu  108891138 2213175 27093448 3214226501 71965 0 234012 0 0 0
1791058448 2962, 13801, 56, 0x0000000000000000 | 48.45 52.58 59.27 | cpu  108896224 2213175 27093502 3214249821 71965 0 234012 0 0 0
1791058449 2962, 13801, 55, 0x0000000000000000 | 48.45 52.58 59.27 | cpu  108901050 2213175 27093581 3214273475 71965 0 234012 0 0 0
1791058450 2955, 13801, 57, 0x0000000000000000 | 48.45 52.58 59.27 | cpu  108905771 2213175 27093683 3214296302 71965 0 234012 0 0 0
1791058451 2955, 13801, 57, 0x0000000000000000 | 54.98 53.86 59.65 | cpu  108910405 2213175 27093724 3214319205 71965 0 234012 0 0 0
1791058453 2955, 13801, 58, 0x0000000000000000 | 54.98 53.86 59.65 | cpu  108915146 2213175 27093826 3214343030 71965 0 234014 0 0 0
1791058454 2955, 13801, 57, 0x0000000000000000 | 54.98 53.86 59.65 | cpu  108920144 2213175 27093871 3214366180 71965 0 234015 0 0 0
1791058455 2962, 13801, 56, 0x0000000000000000 | 54.98 53.86 59.65 | cpu  108925135 2213175 27093921 3214389392 71965 0 234015 0 0 0
1791058456 2962, 13801, 56, 0x0000000000000000 | 54.98 53.86 59.65 | cpu  108930214 2213175 27093969 3214413058 71965 0 234016 0 0 0
1791058457 2962, 13801, 59, 0x0000000000000000 | 61.07 55.14 60.03 | cpu  108935042 2213175 27094016 3214436580 71965 0 234016 0 0 0
1791058458 2955, 13801, 54, 0x0000000000000000 | 61.07 55.14 60.03 | cpu  108940007 2213175 27094108 3214460345 71965 0 234016 0 0 0
1791058459 2962, 13801, 56, 0x0000000000000000 | 61.07 55.14 60.03 | cpu  108944906 2213175 27094161 3214484738 71965 0 234016 0 0 0
1791058460 2955, 13801, 58, 0x0000000000000000 | 61.07 55.14 60.03 | cpu  108949752 2213175 27094201 3214509079 71965 0 234016 0 0 0
1791058462 2947, 13801, 58, 0x0000000000000000 | 66.59 56.39 60.41 | cpu  108954372 2213175 27094242 3214532904 71966 0 234016 0 0 0
1791058463 2962, 13801, 58, 0x0000000000000000 | 66.59 56.39 60.41 | cpu  108959113 2213175 27094272 3214556756 71966 0 234016 0 0 0
1791058464 2955, 13801, 58, 0x0000000000000000 | 66.59 56.39 60.41 | cpu  108964673 2213175 27094472 3214580648 71966 0 234017 0 0 0
1791058465 2947, 13801, 59, 0x0000000000000000 | 66.59 56.39 60.41 | cpu  108969835 2213175 27094542 3214603342 71966 0 234018 0 0 0
1791058466 2955, 13801, 61, 0x0000000000000000 | 66.59 56.39 60.41 | cpu  108974994 2213175 27094605 3214627360 71966 0 234020 0 0 0
1791058467 2955, 13801, 57, 0x0000000000000000 | 64.94 56.21 60.33 | cpu  108980214 2213175 27094771 3214649997 71966 0 234020 0 0 0
1791058468 2962, 13801, 56, 0x0000000000000000 | 64.94 56.21 60.33 | cpu  108985671 2213175 27094821 3214673629 71966 0 234020 0 0 0
1791058469 2955, 13801, 60, 0x0000000000000000 | 64.94 56.21 60.33 | cpu  108990494 2213175 27094933 3214696261 71966 0 234022 0 0 0
1791058470 2962, 13801, 56, 0x0000000000000000 | 64.94 56.21 60.33 | cpu  108995736 2213175 27094970 3214720435 71966 0 234024 0 0 0
1791058472 2962, 13801, 55, 0x0000000000000000 | 60.54 55.45 60.06 | cpu  109000290 2213175 27095061 3214744146 71966 0 234024 0 0 0
1791058473 2955, 13801, 56, 0x0000000000000000 | 60.54 55.45 60.06 | cpu  109005714 2213175 27095109 3214767204 71966 0 234024 0 0 0
1791058474 2947, 13801, 59, 0x0000000000000000 | 60.54 55.45 60.06 | cpu  109010937 2213175 27095162 3214790589 71966 0 234025 0 0 0
1791058475 2970, 13801, 61, 0x0000000000000000 | 60.54 55.45 60.06 | cpu  109016074 2213175 27095266 3214813501 71966 0 234026 0 0 0
1791058476 2962, 13801, 56, 0x0000000000000000 | 60.54 55.45 60.06 | cpu  109021122 2213175 27095306 3214836450 71966 0 234028 0 0 0
1791058477 2962, 13801, 56, 0x0000000000000000 | 58.65 55.14 59.93 | cpu  109026064 2213175 27095356 3214859191 71966 0 234036 0 0 0
1791058478 2955, 13801, 57, 0x0000000000000000 | 58.65 55.14 59.93 | cpu  109031609 2213175 27095392 3214882223 71966 0 234036 0 0 0
1791058479 2955, 13801, 60, 0x0000000000000000 | 58.65 55.14 59.93 | cpu  109037165 2213175 27095452 3214906746 71966 0 234038 0 0 0
1791058481 2947, 13801, 59, 0x0000000000000000 | 58.65 55.14 59.93 | cpu  109042413 2213175 27095549 3214930313 71966 0 234040 0 0 0
1791058482 2955, 13801, 58, 0x0000000000000000 | 54.20 54.27 59.63 | cpu  109047079 2213175 27095595 3214954324 71966 0 234040 0 0 0
1791058483 2970, 13801, 54, 0x0000000000000000 | 54.20 54.27 59.63 | cpu  109051932 2213175 27095811 3214977555 71966 0 234045 0 0 0
1791058484 2962, 13801, 54, 0x0000000000000000 | 54.20 54.27 59.63 | cpu  109056845 2213175 27095879 3215001298 71966 0 234050 0 0 0
1791058485 2955, 13801, 58, 0x0000000000000000 | 54.20 54.27 59.63 | cpu  109061752 2213175 27095922 3215024324 71966 0 234054 0 0 0
1791058486 2962, 13801, 55, 0x0000000000000000 | 54.20 54.27 59.63 | cpu  109066698 2213175 27096008 3215048064 71966 0 234058 0 0 0
1791058487 2955, 13801, 56, 0x0000000000000000 | 50.26 53.46 59.34 | cpu  109072140 2213175 27096063 3215072550 71966 0 234059 0 0 0
1791058488 2955, 13801, 60, 0x0000000000000000 | 50.26 53.46 59.34 | cpu  109077288 2213175 27096113 3215097114 71966 0 234059 0 0 0
1791058490 2955, 13801, 60, 0x0000000000000000 | 50.26 53.46 59.34 | cpu  109081791 2213175 27096193 3215119865 71966 0 234060 0 0 0
1791058491 2962, 13801, 53, 0x0000000000000000 | 50.26 53.46 59.34 | cpu  109086800 2213175 27096292 3215143241 71966 0 234060 0 0 0
1791058492 2955, 13801, 61, 0x0000000000000000 | 56.72 54.74 59.72 | cpu  109091800 2213175 27096384 3215165992 71966 0 234060 0 0 0
1791058493 2955, 13801, 58, 0x0000000000000000 | 56.72 54.74 59.72 | cpu  109096814 2213175 27096436 3215189389 71966 0 234060 0 0 0
1791058494 2947, 13801, 58, 0x0000000000000000 | 56.72 54.74 59.72 | cpu  109102114 2213175 27096488 3215213059 71966 0 234060 0 0 0
1791058495 2955, 13801, 55, 0x0000000000000000 | 56.72 54.74 59.72 | cpu  109107033 2213175 27096577 3215236334 71966 0 234060 0 0 0
1791058496 2962, 13801, 56, 0x0000000000000000 | 52.50 53.90 59.42 | cpu  109112270 2213175 27096660 3215259916 71966 0 234060 0 0 0
1791058497 2962, 13801, 55, 0x0000000000000000 | 52.50 53.90 59.42 | cpu  109117446 2213175 27096869 3215283381 71966 0 234062 0 0 0
1791058498 2970, 13801, 55, 0x0000000000000000 | 52.50 53.90 59.42 | cpu  109122292 2213175 27096990 3215307171 71966 0 234063 0 0 0
1791058500 2962, 13801, 54, 0x0000000000000000 | 52.50 53.90 59.42 | cpu  109127042 2213175 27097042 3215330136 71966 0 234063 0 0 0
1791058501 2947, 13801, 56, 0x0000000000000000 | 52.50 53.90 59.42 | cpu  109131953 2213175 27097118 3215353400 71966 0 234063 0 0 0
1791058502 2947, 13801, 59, 0x0000000000000000 | 48.54 53.06 59.12 | cpu  109137320 2213175 27097182 3215377057 71966 0 234064 0 0 0
1791058503 2955, 13801, 60, 0x0000000000000000 | 48.54 53.06 59.12 | cpu  109142571 2213175 27097337 3215399741 71966 0 234065 0 0 0
1791058504 2962, 13801, 56, 0x0000000000000000 | 48.54 53.06 59.12 | cpu  109147460 2213175 27097410 3215422984 71966 0 234065 0 0 0
1791058505 2970, 13801, 54, 0x0000000000000000 | 48.54 53.06 59.12 | cpu  109152746 2213175 27097466 3215447344 71966 0 234066 0 0 0
1791058506 2970, 13801, 54, 0x0000000000000000 | 45.05 52.26 58.83 | cpu  109157598 2213175 27097518 3215471134 71966 0 234067 0 0 0
1791058507 2955, 13801, 57, 0x0000000000000000 | 45.05 52.26 58.83 | cpu  109162568 2213175 27097568 3215494407 71966 0 234067 0 0 0
1791058508 2970, 13801, 54, 0x0000000000000000 | 45.05 52.26 58.83 | cpu  109167686 2213175 27097652 3215517140 71967 0 234068 0 0 0
1791058510 2947, 13801, 58, 0x0000000000000000 | 45.05 52.26 58.83 | cpu  109172833 2213175 27097735 3215540501 71967 0 234068 0 0 0
1791058511 2962, 13801, 55, 0x0000000000000000 | 45.05 52.26 58.83 | cpu  109177987 2213175 27097799 3215564101 71967 0 234068 0 0 0
1791058512 2962, 13801, 56, 0x0000000000000000 | 41.76 51.46 58.53 | cpu  109182897 2213175 27097850 3215587411 71967 0 234068 0 0 0
1791058513 2955, 13801, 57, 0x0000000000000000 | 41.76 51.46 58.53 | cpu  109188342 2213175 27097904 3215612124 71967 0 234068 0 0 0
1791058514 2962, 13801, 55, 0x0000000000000000 | 41.76 51.46 58.53 | cpu  109193546 2213175 27098006 3215636414 71967 0 234070 0 0 0
1791058515 2947, 13801, 56, 0x0000000000000000 | 41.76 51.46 58.53 | cpu  109198640 2213175 27098075 3215659195 71967 0 234070 0 0 0
1791058516 2955, 13801, 54, 0x0000000000000000 | 38.74 50.67 58.24 | cpu  109203570 2213175 27098143 3215682817 71967 0 234070 0 0 0
1791058517 2970, 13801, 54, 0x0000000000000000 | 38.74 50.67 58.24 | cpu  109208714 2213175 27098184 3215706054 71967 0 234071 0 0 0
1791058519 2962, 13801, 57, 0x0000000000000000 | 38.74 50.67 58.24 | cpu  109213699 2213175 27098284 3215728825 71967 0 234071 0 0 0
1791058520 2955, 13801, 59, 0x0000000000000000 | 38.74 50.67 58.24 | cpu  109218672 2213175 27098362 3215751674 71967 0 234071 0 0 0
1791058521 2962, 13801, 54, 0x0000000000000000 | 38.74 50.67 58.24 | cpu  109223533 2213175 27098443 3215774891 71967 0 234072 0 0 0
1791058522 2955, 13801, 58, 0x0000000000000000 | 35.88 49.88 57.94 | cpu  109228798 2213175 27098502 3215798412 71967 0 234072 0 0 0
1791058523 2955, 13801, 55, 0x0000000000000000 | 35.88 49.88 57.94 | cpu  109233890 2213175 27098544 3215822082 71967 0 234072 0 0 0
1791058524 2970, 13801, 55, 0x0000000000000000 | 35.88 49.88 57.94 | cpu  109238798 2213175 27098578 3215845128 71967 0 234073 0 0 0
1791058525 2842, 13801, 54, 0x0000000000000000 | 35.88 49.88 57.94 | cpu  109243575 2213176 27098658 3215868130 71967 0 234073 0 0 0
1791058526 2955, 13801, 58, 0x0000000000000000 | 33.24 49.10 57.65 | cpu  109249027 2213176 27098806 3215892049 71967 0 234074 0 0 0
1791058528 2962, 13801, 55, 0x0000000000000000 | 33.24 49.10 57.65 | cpu  109254698 2213176 27098873 3215914593 71967 0 234074 0 0 0
1791058529 2947, 13801, 56, 0x0000000000000000 | 33.24 49.10 57.65 | cpu  109259803 2213176 27098926 3215938069 71967 0 234075 0 0 0
1791058530 2962, 13801, 56, 0x0000000000000000 | 33.24 49.10 57.65 | cpu  109264780 2213176 27098974 3215960876 71967 0 234075 0 0 0
1791058531 2962, 13801, 55, 0x0000000000000000 | 33.24 49.10 57.65 | cpu  109270109 2213176 27099082 3215984972 71967 0 234076 0 0 0
1791058532 2970, 13801, 54, 0x0000000000000000 | 30.90 48.35 57.36 | cpu  109275003 2213176 27099173 3216008485 71967 0 234076 0 0 0
1791058533 2955, 13801, 57, 0x0000000000000000 | 30.90 48.35 57.36 | cpu  109279786 2213176 27099227 3216031407 71967 0 234076 0 0 0
1791058534 2962, 13801, 56, 0x0000000000000000 | 30.90 48.35 57.36 | cpu  109284563 2213176 27099275 3216054279 71967 0 234076 0 0 0
1791058535 2970, 13801, 54, 0x0000000000000000 | 30.90 48.35 57.36 | cpu  109289569 2213176 27099329 3216077593 71967 0 234076 0 0 0
1791058536 2970, 13801, 54, 0x0000000000000000 | 38.92 49.72 57.75 | cpu  109294613 2213176 27099440 3216100400 71967 0 234076 0 0 0
1791058537 2962, 13801, 54, 0x0000000000000000 | 38.92 49.72 57.75 | cpu  109299780 2213176 27099530 3216123874 71967 0 234077 0 0 0
1791058539 2962, 13801, 53, 0x0000000000000000 | 38.92 49.72 57.75 | cpu  109304690 2213176 27099592 3216146894 71967 0 234077 0 0 0
1791058540 2955, 13801, 59, 0x0000000000000000 | 38.92 49.72 57.75 | cpu  109309860 2213176 27099625 3216169585 71967 0 234077 0 0 0
1791058541 2970, 13801, 53, 0x0000000000000000 | 38.92 49.72 57.75 | cpu  109315033 2213176 27099690 3216192949 71968 0 234078 0 0 0
1791058542 2962, 13801, 55, 0x0000000000000000 | 36.12 48.96 57.47 | cpu  109320163 2213176 27099744 3216216236 71968 0 234078 0 0 0
1791058543 2962, 13801, 56, 0x0000000000000000 | 36.12 48.96 57.47 | cpu  109325352 2213176 27099864 3216240085 71968 0 234079 0 0 0
1791058544 2955, 13801, 56, 0x0000000000000000 | 36.12 48.96 57.47 | cpu  109331112 2213176 27100033 3216262775 71968 0 234079 0 0 0
1791058545 2955, 13801, 54, 0x0000000000000000 | 36.12 48.96 57.47 | cpu  109336176 2213176 27100138 3216285884 71968 0 234079 0 0 0
1791058546 2955, 13801, 57, 0x0000000000000000 | 33.63 48.23 57.18 | cpu  109341143 2213176 27100192 3216309339 71968 0 234079 0 0 0
1791058547 2955, 13801, 55, 0x0000000000000000 | 33.63 48.23 57.18 | cpu  109346337 2213176 27100241 3216332330 71968 0 234080 0 0 0
1791058549 2955, 13801, 57, 0x0000000000000000 | 33.63 48.23 57.18 | cpu  109350944 2213176 27100321 3216355319 71968 0 234080 0 0 0
1791058550 2955, 13801, 55, 0x0000000000000000 | 33.63 48.23 57.18 | cpu  109355981 2213176 27100364 3216378054 71968 0 234080 0 0 0
1791058551 2955, 13801, 55, 0x0000000000000000 | 33.63 48.23 57.18 | cpu  109361039 2213176 27100465 3216401191 71968 0 234080 0 0 0
1791058552 2962, 13801, 54, 0x0000000000000000 | 31.34 47.52 56.90 | cpu  109366050 2213176 27100512 3216424459 71968 0 234080 0 0 0
1791058553 2955, 13801, 52, 0x0000000000000000 | 31.34 47.52 56.90 | cpu  109371460 2213176 27100547 3216448025 71968 0 234080 0 0 0
1791058554 2955, 13801, 55, 0x0000000000000000 | 31.34 47.52 56.90 | cpu  109376915 2213176 27100702 3216471626 71968 0 234080 0 0 0
1791058555 2970, 13801, 53, 0x0000000000000000 | 31.34 47.52 56.90 | cpu  109381514 2213176 27101009 3216494759 71968 0 234081 0 0 0
1791058556 2955, 13801, 57, 0x0000000000000000 | 29.31 46.83 56.63 | cpu  109386743 2213176 27101080 3216517984 71968 0 234081 0 0 0
1791058557 2955, 13801, 55, 0x0000000000000000 | 29.31 46.83 56.63 | cpu  109391777 2213176 27101218 3216541087 71968 0 234081 0 0 0
1791058559 2962, 13801, 55, 0x0000000000000000 | 29.31 46.83 56.63 | cpu  109396440 2213176 27101819 3216564575 71968 0 234081 0 0 0
1791058560 2962, 13801, 56, 0x0000000000000000 | 29.31 46.83 56.63 | cpu  109401604 2213176 27101993 3216588153 71968 0 234081 0 0 0
1791058561 2955, 13801, 56, 0x0000000000000000 | 29.31 46.83 56.63 | cpu  109407128 2213176 27102250 3216610430 71968 0 234082 0 0 0
1791058562 2955, 13801, 58, 0x0000000000000000 | 27.60 46.18 56.37 | cpu  109412265 2213176 27102396 3216634432 71968 0 234091 0 0 0
1791058563 2955, 13801, 56, 0x0000000000000000 | 27.60 46.18 56.37 | cpu  109417375 2213176 27102461 3216658241 71968 0 234091 0 0 0
1791058564 2955, 13801, 57, 0x0000000000000000 | 27.60 46.18 56.37 | cpu  109422954 2213176 27102518 3216680992 71968 0 234091 0 0 0
1791058565 2962, 13801, 57, 0x0000000000000000 | 27.60 46.18 56.37 | cpu  109427924 2213176 27102618 3216704001 71969 0 234092 0 0 0
1791058566 2955, 13801, 57, 0x0000000000000000 | 25.63 45.46 56.08 | cpu  109432844 2213176 27102654 3216727059 71969 0 234093 0 0 0
1791058567 2962, 13801, 57, 0x0000000000000000 | 25.63 45.46 56.08 | cpu  109438054 2213177 27102689 3216749938 71969 0 234095 0 0 0
1791058569 2955, 13801, 60, 0x0000000000000000 | 25.63 45.46 56.08 | cpu  109443456 2213177 27102732 3216773376 71969 0 234096 0 0 0
1791058570 2955, 13801, 56, 0x0000000000000000 | 25.63 45.46 56.08 | cpu  109449082 2213177 27102774 3216796844 71969 0 234097 0 0 0
1791058571 2955, 13801, 55, 0x0000000000000000 | 25.63 45.46 56.08 | cpu  109454247 2213177 27102869 3216819627 71969 0 234097 0 0 0
1791058572 2955, 13801, 56, 0x0000000000000000 | 27.42 45.51 56.04 | cpu  109459564 2213177 27102908 3216843610 71969 0 234097 0 0 0
1791058573 2955, 13801, 58, 0x0000000000000000 | 27.42 45.51 56.04 | cpu  109464440 2213177 27102959 3216867385 71969 0 234098 0 0 0
1791058574 2947, 13801, 57, 0x0000000000000000 | 27.42 45.51 56.04 | cpu  109469360 2213177 27103010 3216890282 71969 0 234098 0 0 0
1791058575 2955, 13801, 60, 0x0000000000000000 | 27.42 45.51 56.04 | cpu  109474420 2213177 27103055 3216914236 71969 0 234101 0 0 0
1791058576 2962, 13801, 57, 0x0000000000000000 | 35.72 46.93 56.44 | cpu  109479445 2213177 27103146 3216937581 71969 0 234101 0 0 0
1791058578 2955, 13801, 57, 0x0000000000000000 | 35.72 46.93 56.44 | cpu  109484685 2213177 27103199 3216961014 71969 0 234101 0 0 0
1791058579 2962, 13801, 56, 0x0000000000000000 | 35.72 46.93 56.44 | cpu  109490430 2213177 27103283 3216983571 71969 0 234101 0 0 0
1791058580 2947, 13801, 58, 0x0000000000000000 | 35.72 46.93 56.44 | cpu  109495924 2213177 27103312 3217005718 71969 0 234101 0 0 0
1791058581 2962, 13801, 55, 0x0000000000000000 | 35.72 46.93 56.44 | cpu  109501346 2213177 27103361 3217028533 71969 0 234101 0 0 0
1791058582 2955, 13801, 56, 0x0000000000000000 | 33.26 46.23 56.16 | cpu  109506887 2213177 27103485 3217051262 71969 0 234101 0 0 0
1791058583 2955, 13801, 60, 0x0000000000000000 | 33.26 46.23 56.16 | cpu  109511864 2213177 27103530 3217074026 71969 0 234102 0 0 0
1791058584 2955, 13801, 58, 0x0000000000000000 | 33.26 46.23 56.16 | cpu  109517372 2213177 27103643 3217096926 71970 0 234102 0 0 0
1791058585 2970, 13801, 54, 0x0000000000000000 | 33.26 46.23 56.16 | cpu  109522788 2213177 27103698 3217120064 71970 0 234102 0 0 0
1791058586 2962, 13801, 57, 0x0000000000000000 | 30.91 45.53 55.88 | cpu  109527959 2213177 27103770 3217143338 71970 0 234103 0 0 0
1791058588 2955, 13801, 56, 0x0000000000000000 | 30.91 45.53 55.88 | cpu  109533034 2213177 27103877 3217166570 71970 0 234103 0 0 0
1791058589 2962, 13801, 56, 0x0000000000000000 | 30.91 45.53 55.88 | cpu  109537771 2213178 27103944 3217189574 71970 0 234104 0 0 0
1791058590 2955, 13801, 53, 0x0000000000000000 | 30.91 45.53 55.88 | cpu  109542702 2213178 27104040 3217213195 71970 0 234104 0 0 0
1791058591 2962, 13801, 57, 0x0000000000000000 | 30.91 45.53 55.88 | cpu  109547718 2213178 27104121 3217235638 71972 0 234104 0 0 0
1791058592 2955, 13801, 55, 0x0000000000000000 | 28.84 44.85 55.61 | cpu  109552500 2213178 27104199 3217259149 71972 0 234106 0 0 0
1791058593 2962, 13801, 55, 0x0000000000000000 | 28.84 44.85 55.61 | cpu  109557541 2213178 27104331 3217283218 71974 0 234106 0 0 0
1791058594 2955, 13801, 55, 0x0000000000000000 | 28.84 44.85 55.61 | cpu  109562781 2213178 27104382 3217306646 71974 0 234107 0 0 0
1791058595 2955, 13801, 57, 0x0000000000000000 | 28.84 44.85 55.61 | cpu  109568514 2213178 27104447 3217329115 71974 0 234109 0 0 0
1791058596 2947, 13801, 56, 0x0000000000000000 | 26.85 44.18 55.33 | cpu  109573852 2213178 27104570 3217351634 71974 0 234118 0 0 0
1791058597 2962, 13801, 55, 0x0000000000000000 | 26.85 44.18 55.33 | cpu  109578928 2213178 27104634 3217374487 71974 0 234125 0 0 0
1791058599 2955, 13801, 55, 0x0000000000000000 | 26.85 44.18 55.33 | cpu  109584210 2213178 27104742 3217397688 71974 0 234134 0 0 0
1791058600 2962, 13801, 54, 0x0000000000000000 | 26.85 44.18 55.33 | cpu  109589366 2213178 27104778 3217420848 71974 0 234134 0 0 0
1791058601 2947, 13801, 56, 0x0000000000000000 | 26.85 44.18 55.33 | cpu  109594466 2213178 27104830 3217444347 71974 0 234134 0 0 0
1791058602 2955, 13801, 59, 0x0000000000000000 | 25.02 43.51 55.06 | cpu  109599524 2213178 27104886 3217467725 71974 0 234135 0 0 0
1791058603 2962, 13801, 55, 0x0000000000000000 | 25.02 43.51 55.06 | cpu  109604664 2213178 27104940 3217491308 71974 0 234135 0 0 0
1791058604 2962, 13801, 55, 0x0000000000000000 | 25.02 43.51 55.06 | cpu  109609460 2213178 27105034 3217514736 71974 0 234135 0 0 0
1791058605 2955, 13801, 56, 0x0000000000000000 | 25.02 43.51 55.06 | cpu  109614380 2213178 27105076 3217537596 71974 0 234136 0 0 0
1791058606 2947, 13801, 56, 0x0000000000000000 | 23.50 42.89 54.79 | cpu  109619818 2213178 27105150 3217560282 71974 0 234136 0 0 0
1791058607 2962, 13801, 53, 0x0000000000000000 | 23.50 42.89 54.79 | cpu  109624830 2213178 27105190 3217583469 71974 0 234136 0 0 0
1791058609 2970, 13801, 54, 0x0000000000000000 | 23.50 42.89 54.79 | cpu  109629886 2213178 27105245 3217606164 71974 0 234136 0 0 0
1791058610 2962, 13801, 54, 0x0000000000000000 | 23.50 42.89 54.79 | cpu  109634986 2213178 27105350 3217629407 71974 0 234137 0 0 0
1791058611 2955, 13801, 55, 0x0000000000000000 | 23.50 42.89 54.79 | cpu  109640306 2213178 27105411 3217653188 71974 0 234138 0 0 0
1791058612 2947, 13801, 58, 0x0000000000000000 | 21.93 42.24 54.52 | cpu  109645705 2213178 27105536 3217676025 71974 0 234138 0 0 0
1791058613 2962, 13801, 55, 0x0000000000000000 | 21.93 42.24 54.52 | cpu  109651442 2213178 27105588 3217699375 71974 0 234140 0 0 0
1791058614 2962, 13801, 55, 0x0000000000000000 | 21.93 42.24 54.52 | cpu  109656673 2213178 27105635 3217722654 71974 0 234140 0 0 0
1791058615 2955, 13801, 58, 0x0000000000000000 | 21.93 42.24 54.52 | cpu  109661592 2213178 27105732 3217745831 71975 0 234140 0 0 0
1791058616 2955, 13801, 56, 0x0000000000000000 | 30.67 43.71 54.93 | cpu  109666824 2213178 27105789 3217768721 71975 0 234141 0 0 0
1791058618 2955, 13801, 55, 0x0000000000000000 | 30.67 43.71 54.93 | cpu  109672107 2213178 27105841 3217792035 71975 0 234141 0 0 0
1791058619 2962, 13801, 55, 0x0000000000000000 | 30.67 43.71 54.93 | cpu  109677403 2213178 27105907 3217815603 71975 0 234141 0 0 0
1791058620 2955, 13801, 57, 0x0000000000000000 | 30.67 43.71 54.93 | cpu  109682462 2213178 27105982 3217838728 71975 0 234142 0 0 0
1791058621 2955, 13801, 58, 0x0000000000000000 | 30.67 43.71 54.93 | cpu  109687440 2213178 27106093 3217861781 71975 0 234142 0 0 0
1791058622 2962, 13801, 56, 0x0000000000000000 | 28.69 43.09 54.67 | cpu  109692673 2213178 27106159 3217885677 71976 0 234143 0 0 0
1791058623 2947, 13801, 59, 0x0000000000000000 | 28.69 43.09 54.67 | cpu  109697592 2213178 27106248 3217909097 71976 0 234143 0 0 0
1791058624 2955, 13801, 58, 0x0000000000000000 | 28.69 43.09 54.67 | cpu  109702377 2213178 27106301 3217932246 71976 0 234144 0 0 0
1791058625 2955, 13801, 53, 0x0000000000000000 | 28.69 43.09 54.67 | cpu  109707020 2213178 27106414 3217956035 71976 0 234144 0 0 0
1791058626 2962, 13801, 55, 0x0000000000000000 | 26.79 42.45 54.40 | cpu  109711733 2213178 27106575 3217979610 71976 0 234144 0 0 0
1791058628 2962, 13801, 56, 0x0000000000000000 | 26.79 42.45 54.40 | cpu  109716690 2213178 27106670 3218002733 71976 0 234145 0 0 0
1791058629 2962, 13801, 57, 0x0000000000000000 | 26.79 42.45 54.40 | cpu  109722689 2213178 27106775 3218025496 71976 0 234148 0 0 0
1791058630 2947, 13801, 58, 0x0000000000000000 | 26.79 42.45 54.40 | cpu  109728187 2213178 27106830 3218048826 71976 0 234148 0 0 0
1791058631 2955, 13801, 57, 0x0000000000000000 | 26.79 42.45 54.40 | cpu  109733648 2213178 27106878 3218071670 71976 0 234148 0 0 0
1791058632 2962, 13801, 56, 0x0000000000000000 | 29.37 42.73 54.43 | cpu  109738849 2213178 27106979 3218093812 71976 0 234148 0 0 0
1791058633 2955, 13801, 58, 0x0000000000000000 | 29.37 42.73 54.43 | cpu  109744151 2213178 27107035 3218117612 71976 0 234148 0 0 0
1791058634 2970, 13801, 57, 0x0000000000000000 | 29.37 42.73 54.43 | cpu  109749470 2213178 27107079 3218140820 71976 0 234154 0 0 0
1791058635 2947, 13801, 59, 0x0000000000000000 | 29.37 42.73 54.43 | cpu  109754365 2213178 27107138 3218164013 71976 0 234155 0 0 0
1791058636 2955, 13801, 58, 0x0000000000000000 | 37.51 44.20 54.84 | cpu  109759628 2213178 27107193 3218186743 71976 0 234158 0 0 0
1791058638 2955, 13801, 62, 0x0000000000000000 | 37.51 44.20 54.84 | cpu  109765060 2213178 27107295 3218209830 71976 0 234158 0 0 0
1791058639 2962, 13801, 57, 0x0000000000000000 | 37.51 44.20 54.84 | cpu  109770207 2213178 27107346 3218232570 71976 0 234159 0 0 0
1791058640 2962, 13801, 56, 0x0000000000000000 | 37.51 44.20 54.84 | cpu  109775184 2213178 27107400 3218255365 71976 0 234159 0 0 0
1791058641 2962, 13801, 56, 0x0000000000000000 | 37.51 44.20 54.84 | cpu  109780340 2213178 27107441 3218278588 71976 0 234159 0 0 0
1791058642 2955, 13801, 55, 0x0000000000000000 | 39.79 44.56 54.90 | cpu  109785554 2213178 27107498 3218301340 71976 0 234160 0 0 0
1791058643 2760, 13801, 58, 0x0000000000000000 | 39.79 44.56 54.90 | cpu  109790914 2213178 27107602 3218324928 71976 0 234160 0 0 0
1791058644 2962, 13801, 55, 0x0000000000000000 | 39.79 44.56 54.90 | cpu  109796339 2213178 27107668 3218348840 71976 0 234160 0 0 0
1791058645 2962, 13801, 59, 0x0000000000000000 | 39.79 44.56 54.90 | cpu  109800876 2213178 27107752 3218372476 71976 0 234163 0 0 0
1791058646 2955, 13801, 56, 0x0000000000000000 | 36.85 43.87 54.62 | cpu  109805487 2213178 27107806 3218395735 71976 0 234163 0 0 0
1791058648 2962, 13801, 54, 0x0000000000000000 | 36.85 43.87 54.62 | cpu  109810361 2213178 27107846 3218419163 71976 0 234163 0 0 0
1791058649 2955, 13801, 58, 0x0000000000000000 | 36.85 43.87 54.62 | cpu  109815528 2213178 27107923 3218442826 71976 0 234164 0 0 0
1791058650 2962, 13801, 55, 0x0000000000000000 | 36.85 43.87 54.62 | cpu  109820756 2213178 27107967 3218466014 71976 0 234164 0 0 0
1791058651 2962, 13801, 53, 0x0000000000000000 | 36.85 43.87 54.62 | cpu  109826038 2213178 27108002 3218489451 71976 0 234165 0 0 0
1791058652 2970, 13801, 54, 0x0000000000000000 | 34.22 43.21 54.35 | cpu  109831616 2213178 27108048 3218513581 71976 0 234166 0 0 0
1791058653 2962, 13801, 54, 0x0000000000000000 | 34.22 43.21 54.35 | cpu  109836636 2213178 27108084 3218536544 71976 0 234166 0 0 0
1791058654 2955, 13801, 60, 0x0000000000000000 | 34.22 43.21 54.35 | cpu  109841636 2213178 27108177 3218560073 71976 0 234166 0 0 0
1791058655 2947, 13801, 59, 0x0000000000000000 | 34.22 43.21 54.35 | cpu  109846659 2213178 27108236 3218582978 71976 0 234167 0 0 0
1791058656 2955, 13801, 57, 0x0000000000000000 | 41.89 44.65 54.75 | cpu  109851349 2213178 27108271 3218606910 71976 0 234167 0 0 0
1791058658 2955, 13801, 57, 0x0000000000000000 | 41.89 44.65 54.75 | cpu  109856214 2213178 27108392 3218630414 71976 0 234167 0 0 0
1791058659 2970, 13801, 54, 0x0000000000000000 | 41.89 44.65 54.75 | cpu  109861477 2213178 27108433 3218653207 71976 0 234168 0 0 0
1791058660 2962, 13801, 54, 0x0000000000000000 | 41.89 44.65 54.75 | cpu  109866649 2213178 27108510 3218676203 71976 0 234168 0 0 0
1791058661 2962, 13801, 56, 0x0000000000000000 | 41.89 44.65 54.75 | cpu  109871744 2213178 27108577 3218700078 71976 0 234168 0 0 0
1791058662 2955, 13801, 56, 0x0000000000000000 | 38.77 43.96 54.47 | cpu  109876921 2213178 27108620 3218723446 71976 0 234170 0 0 0
1791058663 2962, 13801, 56, 0x0000000000000000 | 38.77 43.96 54.47 | cpu  109882039 2213178 27108660 3218746294 71976 0 234170 0 0 0
1791058664 2955, 13801, 58, 0x0000000000000000 | 38.77 43.96 54.47 | cpu  109887412 2213178 27108695 3218769345 71976 0 234170 0 0 0
1791058665 2955, 13801, 57, 0x0000000000000000 | 38.77 43.96 54.47 | cpu  109892594 2213178 27108764 3218792826 71976 0 234170 0 0 0
1791058666 2962, 13801, 55, 0x0000000000000000 | 35.99 43.29 54.20 | cpu  109897757 2213178 27108824 3218815089 71976 0 234171 0 0 0
1791058668 2955, 13801, 57, 0x0000000000000000 | 35.99 43.29 54.20 | cpu  109902926 2213178 27108864 3218838523 71976 0 234172 0 0 0
1791058669 2955, 13801, 53, 0x0000000000000000 | 35.99 43.29 54.20 | cpu  109908085 2213178 27108914 3218861893 71976 0 234173 0 0 0
1791058670 2955, 13801, 56, 0x0000000000000000 | 35.99 43.29 54.20 | cpu  109913124 2213178 27108954 3218885396 71976 0 234173 0 0 0
1791058671 2970, 13801, 54, 0x0000000000000000 | 35.99 43.29 54.20 | cpu  109917985 2213178 27109020 3218908565 71976 0 234173 0 0 0
1791058672 2962, 13801, 54, 0x0000000000000000 | 33.35 42.62 53.93 | cpu  109922821 2213178 27109083 3218931616 71976 0 234173 0 0 0
1791058673 2955, 13801, 55, 0x0000000000000000 | 33.35 42.62 53.93 | cpu  109927543 2213178 27109199 3218955111 71976 0 234175 0 0 0
1791058674 2962, 13801, 57, 0x0000000000000000 | 33.35 42.62 53.93 | cpu  109932654 2213178 27109318 3218977671 71976 0 234176 0 0 0
1791058675 2955, 13801, 58, 0x0000000000000000 | 33.35 42.62 53.93 | cpu  109937794 2213178 27109364 3219000540 71976 0 234178 0 0 0
1791058676 2962, 13801, 56, 0x0000000000000000 | 39.72 43.79 54.25 | cpu  109942679 2213178 27109440 3219023954 71977 0 234182 0 0 0
1791058678 2962, 13801, 57, 0x0000000000000000 | 39.72 43.79 54.25 | cpu  109947860 2213178 27109523 3219046851 71977 0 234183 0 0 0
1791058679 2947, 13801, 58, 0x0000000000000000 | 39.72 43.79 54.25 | cpu  109953087 2213178 27109574 3219070518 71977 0 234186 0 0 0
1791058680 2947, 13801, 58, 0x0000000000000000 | 39.72 43.79 54.25 | cpu  109959240 2213178 27109856 3219093556 71979 0 234186 0 0 0
1791058681 2955, 13801, 59, 0x0000000000000000 | 39.72 43.79 54.25 | cpu  109964273 2213178 27110410 3219117680 71986 0 234187 0 0 0
1791058682 2955, 13801, 56, 0x0000000000000000 | 43.67 44.54 54.43 | cpu  109969830 2213178 27110816 3219140675 71990 0 234187 0 0 0
1791058683 2955, 13801, 59, 0x0000000000000000 | 43.67 44.54 54.43 | cpu  109975048 2213178 27110872 3219162934 71990 0 234190 0 0 0
1791058684 2962, 13801, 55, 0x0000000000000000 | 43.67 44.54 54.43 | cpu  109980627 2213178 27110909 3219185393 71990 0 234192 0 0 0
1791058685 2962, 13801, 54, 0x0000000000000000 | 43.67 44.54 54.43 | cpu  109986014 2213178 27110969 3219208523 71990 0 234192 0 0 0
1791058687 2955, 13801, 58, 0x0000000000000000 | 40.41 43.85 54.16 | cpu  109991324 2213178 27111013 3219231381 71990 0 234193 0 0 0
1791058688 2955, 13801, 55, 0x0000000000000000 | 40.41 43.85 54.16 | cpu  109996579 2213178 27111083 3219254585 71990 0 234194 0 0 0
1791058689 2955, 13801, 58, 0x0000000000000000 | 40.41 43.85 54.16 | cpu  110001615 2213178 27111177 3219278398 71990 0 234194 0 0 0
1791058690 2962, 13801, 57, 0x0000000000000000 | 40.41 43.85 54.16 | cpu  110006497 2213178 27111273 3219302844 71990 0 234195 0 0 0
1791058691 2962, 13801, 56, 0x0000000000000000 | 40.41 43.85 54.16 | cpu  110011818 2213178 27111350 3219325964 71990 0 234196 0 0 0
1791058692 2955, 13801, 57, 0x0000000000000000 | 37.98 43.29 53.92 | cpu  110016269 2213178 27111449 3219349726 71990 0 234196 0 0 0
1791058693 2955, 13801, 59, 0x0000000000000000 | 37.98 43.29 53.92 | cpu  110021773 2213178 27111522 3219373906 71990 0 234197 0 0 0
1791058694 2962, 13801, 55, 0x0000000000000000 | 37.98 43.29 53.92 | cpu  110027206 2213178 27111582 3219396903 71990 0 234197 0 0 0
1791058696 2970, 13801, 53, 0x0000000000000000 | 37.98 43.29 53.92 | cpu  110032482 2213178 27111619 3219419587 71990 0 234198 0 0 0
1791058697 2970, 13801, 54, 0x0000000000000000 | 45.43 44.75 54.33 | cpu  110037895 2213178 27111666 3219442515 71990 0 234199 0 0 0
1791058698 2970, 13801, 53, 0x0000000000000000 | 45.43 44.75 54.33 | cpu  110043108 2213178 27111716 3219466395 71990 0 234199 0 0 0
1791058699 2572, 13801, 50, 0x0000000000000000 | 45.43 44.75 54.33 | cpu  110048255 2213178 27111810 3219489999 71990 0 234199 0 0 0
1791058700 2572, 13801, 50, 0x0000000000000000 | 45.43 44.75 54.33 | cpu  110053636 2213178 27111923 3219513105 71990 0 234199 0 0 0
1791058701 2572, 13801, 50, 0x0000000000000000 | 45.43 44.75 54.33 | cpu  110058872 2213178 27112020 3219536476 71990 0 234200 0 0 0
1791058702 2572, 13801, 50, 0x0000000000000000 | 42.03 44.05 54.06 | cpu  110064256 2213178 27112106 3219559164 71990 0 234200 0 0 0
1791058703 2572, 13801, 49, 0x0000000000000000 | 42.03 44.05 54.06 | cpu  110069218 2213178 27112202 3219582977 71990 0 234201 0 0 0
1791058704 2572, 13801, 49, 0x0000000000000000 | 42.03 44.05 54.06 | cpu  110074652 2213178 27112311 3219606362 71990 0 234202 0 0 0
1791058706 2572, 13801, 49, 0x0000000000000000 | 42.03 44.05 54.06 | cpu  110079782 2213178 27112429 3219630506 71990 0 234203 0 0 0
1791058707 2572, 13801, 49, 0x0000000000000000 | 49.07 45.48 54.47 | cpu  110084877 2213178 27112499 3219653201 71990 0 234203 0 0 0
1791058708 2572, 13801, 49, 0x0000000000000000 | 49.07 45.48 54.47 | cpu  110090363 2213178 27112588 3219677948 71990 0 234203 0 0 0
1791058709 2572, 13801, 49, 0x0000000000000000 | 49.07 45.48 54.47 | cpu  110095586 2213178 27112679 3219701526 71990 0 234204 0 0 0
1791058710 2572, 13801, 48, 0x0000000000000000 | 49.07 45.48 54.47 | cpu  110100866 2213178 27112784 3219724488 71990 0 234205 0 0 0
1791058711 2572, 13801, 48, 0x0000000000000000 | 49.07 45.48 54.47 | cpu  110106131 2213178 27112891 3219747607 71990 0 234205 0 0 0
1791058712 2572, 13801, 48, 0x0000000000000000 | 45.38 44.78 54.19 | cpu  110111895 2213178 27112992 3219771226 71990 0 234206 0 0 0
1791058714 2572, 13801, 48, 0x0000000000000000 | 45.38 44.78 54.19 | cpu  110116842 2213178 27113078 3219794625 71990 0 234206 0 0 0
1791058715 2572, 13801, 48, 0x0000000000000000 | 45.38 44.78 54.19 | cpu  110122089 2213178 27113163 3219817589 71990 0 234207 0 0 0
1791058716 2572, 13801, 48, 0x0000000000000000 | 45.38 44.78 54.19 | cpu  110127568 2213178 27113321 3219841886 71990 0 234207 0 0 0
1791058717 2572, 13801, 48, 0x0000000000000000 | 41.99 44.08 53.91 | cpu  110133020 2213178 27113415 3219865289 71990 0 234208 0 0 0
1791058718 2572, 13801, 48, 0x0000000000000000 | 41.99 44.08 53.91 | cpu  110138515 2213178 27113502 3219888741 71990 0 234208 0 0 0
1791058719 2572, 13801, 48, 0x0000000000000000 | 41.99 44.08 53.91 | cpu  110143771 2213178 27113598 3219911833 71990 0 234209 0 0 0
1791058720 2572, 13801, 47, 0x0000000000000000 | 41.99 44.08 53.91 | cpu  110148727 2213178 27113684 3219934990 71990 0 234210 0 0 0
1791058721 2572, 13801, 47, 0x0000000000000000 | 39.03 43.43 53.65 | cpu  110154224 2213178 27113815 3219958264 71990 0 234211 0 0 0
1791058723 2572, 13801, 47, 0x0000000000000000 | 39.03 43.43 53.65 | cpu  110159459 2213178 27113921 3219981839 71990 0 234212 0 0 0
1791058724 2572, 13801, 47, 0x0000000000000000 | 39.03 43.43 53.65 | cpu  110164931 2213178 27114005 3220005129 71990 0 234212 0 0 0
1791058725 2572, 13801, 47, 0x0000000000000000 | 39.03 43.43 53.65 | cpu  110170320 2213178 27114092 3220027919 71990 0 234213 0 0 0
1791058726 2572, 13801, 47, 0x0000000000000000 | 39.03 43.43 53.65 | cpu  110175318 2213178 27114191 3220050661 71990 0 234213 0 0 0
1791058727 2572, 13801, 47, 0x0000000000000000 | 36.14 42.76 53.38 | cpu  110180606 2213178 27114306 3220074263 71990 0 234214 0 0 0
1791058728 2572, 13801, 47, 0x0000000000000000 | 36.14 42.76 53.38 | cpu  110185564 2213178 27114389 3220097684 71990 0 234214 0 0 0
1791058729 2572, 13801, 47, 0x0000000000000000 | 36.14 42.76 53.38 | cpu  110191062 2213178 27114455 3220121041 71990 0 234214 0 0 0
1791058730 2572, 13801, 47, 0x0000000000000000 | 36.14 42.76 53.38 | cpu  110196440 2213178 27114526 3220145406 71990 0 234215 0 0 0
1791058732 2572, 13801, 47, 0x0000000000000000 | 33.49 42.10 53.11 | cpu  110201603 2213178 27114620 3220168399 71990 0 234215 0 0 0
1791058733 2572, 13801, 47, 0x0000000000000000 | 33.49 42.10 53.11 | cpu  110207085 2213178 27114755 3220191179 71990 0 234215 0 0 0
1791058734 2572, 13801, 47, 0x0000000000000000 | 33.49 42.10 53.11 | cpu  110212278 2213178 27114920 3220214374 71990 0 234216 0 0 0
1791058735 2580, 13801, 46, 0x0000000000000000 | 33.49 42.10 53.11 | cpu  110217098 2213178 27114992 3220237793 71990 0 234216 0 0 0
