1791058738 832, 7001, 45, 0x0000000000000000 | 30.97 41.43 52.83 | cpu  110230920 2213178 27115292 3220299541 71990 0 234217 0 0 0
1791058739 525, 7001, 45, 0x0000000000000000 | 30.97 41.43 52.83 | cpu  110235935 2213178 27115995 3220324009 71990 0 234224 0 0 0
1791058740 277, 810, 45, 0x0000000000000000 | 30.97 41.43 52.83 | cpu  110240315 2213178 27116401 3220348510 71990 0 234225 0 0 0
1791058741 225, 810, 45, 0x0000000000000000 | 30.97 41.43 52.83 | cpu  110245610 2213178 27116445 3220371696 71990 0 234228 0 0 0
1791058742 225, 405, 45, 0x0000000000000000 | 28.73 40.80 52.56 | cpu  110251224 2213178 27116493 3220394300 71990 0 234229 0 0 0
1791058743 225, 405, 45, 0x0000000000000000 | 28.73 40.80 52.56 | cpu  110256951 2213178 27116560 3220417757 71990 0 234230 0 0 0
1791058745 225, 405, 45, 0x0000000000000000 | 28.73 40.80 52.56 | cpu  110262649 2213179 27116673 3220442137 71990 0 234232 0 0 0
1791058746 397, 14001, 44, 0x0000000000000000 | 28.73 40.80 52.56 | cpu  110268503 2213179 27116729 3220466093 71991 0 234236 0 0 0
1791058747 2572, 13801, 45, 0x0000000000000000 | 26.83 40.20 52.31 | cpu  110273611 2213179 27116790 3220488995 71991 0 234236 0 0 0
1791058748 2572, 13801, 45, 0x0000000000000000 | 26.83 40.20 52.31 | cpu  110278625 2213179 27116843 3220512312 71991 0 234237 0 0 0
1791058749 2572, 13801, 45, 0x0000000000000000 | 26.83 40.20 52.31 | cpu  110283566 2213179 27116904 3220535880 71991 0 234238 0 0 0
1791058750 2572, 13801, 45, 0x0000000000000000 | 26.83 40.20 52.31 | cpu  110288613 2213179 27117002 3220559714 71991 0 234238 0 0 0
1791058751 2572, 13801, 45, 0x0000000000000000 | 25.00 39.60 52.05 | cpu  110293456 2213179 27117112 3220583103 71991 0 234238 0 0 0
1791058753 2572, 13801, 45, 0x0000000000000000 | 25.00 39.60 52.05 | cpu  110298868 2213179 27117158 3220606296 71991 0 234238 0 0 0
1791058754 2572, 13801, 45, 0x0000000000000000 | 25.00 39.60 52.05 | cpu  110303944 2213179 27117266 3220629266 71991 0 234238 0 0 0
1791058755 2602, 13801, 45, 0x0000000000000000 | 25.00 39.60 52.05 | cpu  110309226 2213179 27117338 3220652649 71991 0 234238 0 0 0
1791058756 2760, 13801, 46, 0x0000000000000000 | 25.00 39.60 52.05 | cpu  110314135 2213179 27117486 3220675780 71991 0 234238 0 0 0
1791058757 2962, 13801, 46, 0x0000000000000000 | 23.24 38.99 51.78 | cpu  110319054 2213179 27117584 3220698991 71991 0 234238 0 0 0
1791058758 2985, 13801, 46, 0x0000000000000000 | 23.24 38.99 51.78 | cpu  110324066 2213179 27117650 3220722283 71991 0 234238 0 0 0
1791058759 2985, 13801, 46, 0x0000000000000000 | 23.24 38.99 51.78 | cpu  110329207 2213179 27117722 3220745978 71991 0 234239 0 0 0
1791058760 2985, 13801, 46, 0x0000000000000000 | 23.24 38.99 51.78 | cpu  110333519 2213179 27117803 3220769763 71991 0 234239 0 0 0
1791058761 2985, 13801, 46, 0x0000000000000000 | 28.90 39.91 52.01 | cpu  110338607 2213179 27117906 3220793333 71991 0 234239 0 0 0
1791058763 2985, 13801, 46, 0x0000000000000000 | 28.90 39.91 52.01 | cpu  110343908 2213179 27117964 3220816887 71991 0 234239 0 0 0
1791058764 2985, 13801, 46, 0x0000000000000000 | 28.90 39.91 52.01 | cpu  110349193 2213179 27118023 3220839762 71991 0 234240 0 0 0
1791058765 2985, 13801, 46, 0x0000000000000000 | 28.90 39.91 52.01 | cpu  110354516 2213179 27118081 3220863507 71991 0 234241 0 0 0
1791058766 2985, 13801, 46, 0x0000000000000000 | 28.90 39.91 52.01 | cpu  110359803 2213179 27118165 3220888074 71991 0 234241 0 0 0
1791058767 2985, 13801, 46, 0x0000000000000000 | 29.95 39.94 51.96 | cpu  110364895 2213179 27118293 3220912223 71991 0 234241 0 0 0
1791058768 2985, 13801, 46, 0x0000000000000000 | 29.95 39.94 51.96 | cpu  110370034 2213179 27118364 3220936419 71991 0 234242 0 0 0
1791058769 2985, 13801, 46, 0x0000000000000000 | 29.95 39.94 51.96 | cpu  110375136 2213179 27118432 3220958663 71991 0 234242 0 0 0
1791058770 2985, 13801, 46, 0x0000000000000000 | 29.95 39.94 51.96 | cpu  110380251 2213179 27118661 3220982225 71991 0 234244 0 0 0
1791058772 2985, 13801, 46, 0x0000000000000000 | 34.76 40.77 52.16 | cpu  110385389 2213179 27118771 3221004947 71991 0 234245 0 0 0
1791058773 2985, 13801, 46, 0x0000000000000000 | 34.76 40.77 52.16 | cpu  110390439 2213179 27118884 3221027561 71991 0 234246 0 0 0
1791058774 2985, 13801, 46, 0x0000000000000000 | 34.76 40.77 52.16 | cpu  110395679 2213179 27119016 3221051229 71991 0 234247 0 0 0
1791058775 2572, 13801, 45, 0x0000000000000000 | 34.76 40.77 52.16 | cpu  110400712 2213179 27119166 3221077066 71991 0 234247 0 0 0
1791058776 2572, 13801, 45, 0x0000000000000000 | 34.76 40.77 52.16 | cpu  110405538 2213179 27119224 3221101245 71991 0 234248 0 0 0
1791058777 2572, 13801, 45, 0x0000000000000000 | 42.31 42.24 52.57 | cpu  110410426 2213179 27119292 3221125063 71991 0 234248 0 0 0
1791058778 2572, 13801, 45, 0x0000000000000000 | 42.31 42.24 52.57 | cpu  110415028 2213179 27119429 3221148459 71991 0 234248 0 0 0
1791058780 2572, 13801, 45, 0x0000000000000000 | 42.31 42.24 52.57 | cpu  110420524 2213179 27119469 3221172243 71991 0 234248 0 0 0
1791058781 2655, 13801, 45, 0x0000000000000000 | 42.31 42.24 52.57 | cpu  110432614 2213179 27119554 3221194677 71991 0 234249 0 0 0
1791058782 2602, 13801, 45, 0x0000000000000000 | 39.16 41.59 52.31 | cpu  110440538 2213179 27119618 3221215741 71991 0 234250 0 0 0
1791058783 2602, 13801, 45, 0x0000000000000000 | 39.16 41.59 52.31 | cpu  110449082 2213179 27119783 3221236085 71991 0 234250 0 0 0
1791058784 2595, 13801, 45, 0x0000000000000000 | 39.16 41.59 52.31 | cpu  110456958 2213179 27119923 3221257373 71991 0 234250 0 0 0
1791058785 2595, 13801, 45, 0x0000000000000000 | 39.16 41.59 52.31 | cpu  110464690 2213179 27120029 3221278450 71991 0 234250 0 0 0
1791058787 2602, 13801, 45, 0x0000000000000000 | 46.51 43.07 52.73 | cpu  110473108 2213179 27120289 3221298209 71991 0 234252 0 0 0
1791058788 2625, 13801, 45, 0x0000000000000000 | 46.51 43.07 52.73 | cpu  110478187 2213179 27120340 3221320755 71992 0 234252 0 0 0
1791058789 2572, 13801, 44, 0x0000000000000000 | 46.51 43.07 52.73 | cpu  110483296 2213179 27120466 3221345330 71992 0 234253 0 0 0
1791058790 2662, 13801, 45, 0x0000000000000000 | 46.51 43.07 52.73 | cpu  110488468 2213179 27120500 3221368429 71992 0 234253 0 0 0
1791058791 2572, 13801, 44, 0x0000000000000000 | 46.51 43.07 52.73 | cpu  110493772 2213179 27120535 3221391854 71992 0 234253 0 0 0
1791058792 2572, 13801, 44, 0x0000000000000000 | 43.03 42.41 52.46 | cpu  110498472 2213179 27120599 3221415659 71992 0 234254 0 0 0
1791058793 2572, 13801, 44, 0x0000000000000000 | 43.03 42.41 52.46 | cpu  110503499 2213179 27120637 3221437933 71992 0 234254 0 0 0
1791058794 2572, 13801, 44, 0x0000000000000000 | 43.03 42.41 52.46 | cpu  110508703 2213179 27120752 3221462022 71992 0 234259 0 0 0
1791058795 2572, 13801, 44, 0x0000000000000000 | 43.03 42.41 52.46 | cpu  110513890 2213179 27120844 3221484936 71992 0 234260 0 0 0
1791058797 2572, 13801, 44, 0x0000000000000000 | 50.15 43.89 52.89 | cpu  110518675 2213179 27120934 3221507921 71992 0 234260 0 0 0
1791058798 2572, 13801, 44, 0x0000000000000000 | 50.15 43.89 52.89 | cpu  110523705 2213179 27121064 3221530952 71992 0 234260 0 0 0
1791058799 2572, 13801, 44, 0x0000000000000000 | 50.15 43.89 52.89 | cpu  110528936 2213179 27121215 3221554224 71992 0 234260 0 0 0
1791058800 2572, 13801, 44, 0x0000000000000000 | 50.15 43.89 52.89 | cpu  110533933 2213179 27121358 3221578037 71992 0 234260 0 0 0
1791058801 2572, 13801, 44, 0x0000000000000000 | 50.15 43.89 52.89 | cpu  110539048 2213179 27121474 3221601382 71992 0 234261 0 0 0
1791058802 2572, 13801, 44, 0x0000000000000000 | 46.46 43.23 52.63 | cpu  110544030 2213179 27121686 3221625031 71992 0 234261 0 0 0
1791058803 2572, 13801, 44, 0x0000000000000000 | 46.46 43.23 52.63 | cpu  110549046 2213179 27121857 3221649178 71992 0 234262 0 0 0
1791058804 2572, 13801, 44, 0x0000000000000000 | 46.46 43.23 52.63 | cpu  110555657 2213179 27122460 3221670835 71992 0 234262 0 0 0
1791058805 2572, 13801, 44, 0x0000000000000000 | 46.46 43.23 52.63 | cpu  110560732 2213179 27122630 3221693435 71993 0 234262 0 0 0
1791058807 2572, 13801, 44, 0x0000000000000000 | 42.98 42.56 52.36 | cpu  110565577 2213179 27122723 3221717755 71993 0 234263 0 0 0
1791058808 2572, 13801, 44, 0x0000000000000000 | 42.98 42.56 52.36 | cpu  110570686 2213179 27122811 3221741277 71993 0 234264 0 0 0
1791058809 2572, 13801, 43, 0x0000000000000000 | 42.98 42.56 52.36 | cpu  110575550 2213179 27122885 3221765532 71993 0 234264 0 0 0
1791058810 2572, 13801, 43, 0x0000000000000000 | 42.98 42.56 52.36 | cpu  110580300 2213179 27122959 3221788821 71993 0 234264 0 0 0
1791058811 2572, 13801, 43, 0x0000000000000000 | 42.98 42.56 52.36 | cpu  110584918 2213179 27123084 3221812667 71993 0 234264 0 0 0
1791058812 2572, 13801, 43, 0x0000000000000000 | 43.38 42.65 52.34 | cpu  110589646 2213179 27123178 3221836906 71993 0 234265 0 0 0
1791058813 2572, 13801, 43, 0x0000000000000000 | 43.38 42.65 52.34 | cpu  110594504 2213179 27123251 3221860918 71993 0 234265 0 0 0
1791058815 2572, 13801, 43, 0x0000000000000000 | 43.38 42.65 52.34 | cpu  110599304 2213179 27123365 3221884970 71993 0 234265 0 0 0
1791058816 2572, 13801, 43, 0x0000000000000000 | 43.38 42.65 52.34 | cpu  110603726 2213179 27123493 3221908649 71993 0 234266 0 0 0
1791058817 2572, 13801, 43, 0x0000000000000000 | 40.15 41.99 52.07 | cpu  110608519 2213179 27123620 3221932570 71993 0 234266 0 0 0
1791058818 2572, 13801, 43, 0x0000000000000000 | 40.15 41.99 52.07 | cpu  110613517 2213179 27123801 3221957132 71993 0 234267 0 0 0
1791058819 2572, 13801, 43, 0x0000000000000000 | 40.15 41.99 52.07 | cpu  110617925 2213179 27123951 3221981273 71993 0 234267 0 0 0
1791058820 2572, 13801, 43, 0x0000000000000000 | 40.15 41.99 52.07 | cpu  110623791 2213179 27124148 3222005267 71993 0 234268 0 0 0
1791058821 2572, 13801, 43, 0x0000000000000000 | 40.15 41.99 52.07 | cpu  110628104 2213179 27124264 3222029273 71993 0 234269 0 0 0
1791058822 2572, 13801, 43, 0x0000000000000000 | 37.17 41.35 51.81 | cpu  110633292 2213179 27124458 3222053104 71993 0 234269 0 0 0
1791058824 2572, 13801, 43, 0x0000000000000000 | 37.17 41.35 51.81 | cpu  110638758 2213179 27124600 3222075767 71993 0 234270 0 0 0
1791058825 2572, 13801, 43, 0x0000000000000000 | 37.17 41.35 51.81 | cpu  110644051 2213179 27124750 3222099745 71993 0 234270 0 0 0
1791058826 2572, 13801, 43, 0x0000000000000000 | 37.17 41.35 51.81 | cpu  110649587 2213179 27124834 3222122965 71993 0 234270 0 0 0
1791058827 2572, 13801, 43, 0x0000000000000000 | 34.43 40.71 51.55 | cpu  110654913 2213179 27124922 3222146540 71993 0 234270 0 0 0
1791058828 2572, 13801, 43, 0x0000000000000000 | 34.43 40.71 51.55 | cpu  110660005 2213179 27125108 3222171301 71993 0 234271 0 0 0
1791058829 2572, 13801, 43, 0x0000000000000000 | 34.43 40.71 51.55 | cpu  110665250 2213179 27125185 3222194925 71993 0 234272 0 0 0
1791058830 2572, 13801, 43, 0x0000000000000000 | 34.43 40.71 51.55 | cpu  110670668 2213179 27125258 3222217839 71993 0 234272 0 0 0
1791058832 2572, 13801, 43, 0x0000000000000000 | 37.60 41.26 51.67 | cpu  110676019 2213179 27125357 3222241726 71993 0 234272 0 0 0
1791058833 2572, 13801, 43, 0x0000000000000000 | 37.60 41.26 51.67 | cpu  110681369 2213179 27125449 3222264844 71993 0 234272 0 0 0
1791058834 2572, 13801, 43, 0x0000000000000000 | 37.60 41.26 51.67 | cpu  110686507 2213179 27125669 3222289376 71993 0 234272 0 0 0
1791058835 2572, 13801, 43, 0x0000000000000000 | 37.60 41.26 51.67 | cpu  110691679 2213179 27125792 3222313051 71993 0 234274 0 0 0
1791058836 2572, 13801, 42, 0x0000000000000000 | 37.60 41.26 51.67 | cpu  110696994 2213179 27125876 3222337127 71993 0 234274 0 0 0
1791058837 2572, 13801, 42, 0x0000000000000000 | 34.75 40.61 51.40 | cpu  110701993 2213179 27125960 3222360620 71993 0 234275 0 0 0
1791058838 2572, 13801, 42, 0x0000000000000000 | 34.75 40.61 51.40 | cpu  110706962 2213179 27126049 3222384554 71993 0 234276 0 0 0
1791058839 2572, 13801, 42, 0x0000000000000000 | 34.75 40.61 51.40 | cpu  110712170 2213179 27126173 3222408451 71993 0 234276 0 0 0
1791058841 2572, 13801, 42, 0x0000000000000000 | 34.75 40.61 51.40 | cpu  110717939 2213179 27126313 3222432687 71993 0 234276 0 0 0
1791058842 2572, 13801, 42, 0x0000000000000000 | 32.37 40.02 51.15 | cpu  110723788 2213179 27126432 3222456177 71993 0 234277 0 0 0
1791058843 2572, 13801, 42, 0x0000000000000000 | 32.37 40.02 51.15 | cpu  110729231 2213179 27126512 3222479542 71993 0 234277 0 0 0
1791058844 2572, 13801, 42, 0x0000000000000000 | 32.37 40.02 51.15 | cpu  110734761 2213179 27126595 3222503886 71993 0 234277 0 0 0
1791058845 2572, 13801, 42, 0x0000000000000000 | 32.37 40.02 51.15 | cpu  110740355 2213180 27126724 3222527618 71993 0 234278 0 0 0
1791058846 2572, 13801, 42, 0x0000000000000000 | 30.02 39.40 50.89 | cpu  110745785 2213180 27126803 3222551648 71993 0 234278 0 0 0
1791058848 2572, 13801, 42, 0x0000000000000000 | 30.02 39.40 50.89 | cpu  110750885 2213180 27126889 3222574816 71993 0 234279 0 0 0
1791058849 2572, 13801, 42, 0x0000000000000000 | 30.02 39.40 50.89 | cpu  110755987 2213180 27126994 3222598483 71993 0 234279 0 0 0
1791058850 2572, 13801, 42, 0x0000000000000000 | 30.02 39.40 50.89 | cpu  110761326 2213180 27127074 3222622629 71993 0 234279 0 0 0
1791058851 2610, 13801, 42, 0x0000000000000000 | 30.02 39.40 50.89 | cpu  110766505 2213180 27127198 3222646962 71993 0 234279 0 0 0
1791058852 2827, 13801, 44, 0x0000000000000000 | 43.15 41.97 51.66 | cpu  110771944 2213180 27127250 3222671215 71993 0 234279 0 0 0
1791058853 2977, 13801, 45, 0x0000000000000000 | 43.15 41.97 51.66 | cpu  110776750 2213180 27127302 3222695685 71993 0 234279 0 0 0
1791058854 2985, 13801, 45, 0x0000000000000000 | 43.15 41.97 51.66 | cpu  110781577 2213180 27127356 3222719484 71993 0 234281 0 0 0
1791058856 2985, 13801, 45, 0x0000000000000000 | 43.15 41.97 51.66 | cpu  110786550 2213180 27127387 3222742822 71993 0 234281 0 0 0
1791058857 2985, 13801, 45, 0x0000000000000000 | 39.85 41.31 51.39 | cpu  110791415 2213180 27127454 3222767279 71993 0 234281 0 0 0
1791058858 2985, 13801, 45, 0x0000000000000000 | 39.85 41.31 51.39 | cpu  110796663 2213180 27127491 3222791476 71993 0 234281 0 0 0
1791058859 2985, 13801, 45, 0x0000000000000000 | 39.85 41.31 51.39 | cpu  110801399 2213180 27127522 3222815333 71993 0 234282 0 0 0
1791058860 2977, 13801, 45, 0x0000000000000000 | 39.85 41.31 51.39 | cpu  110806522 2213180 27127540 3222838984 71993 0 234282 0 0 0
1791058861 2977, 13801, 46, 0x0000000000000000 | 39.85 41.31 51.39 | cpu  110811785 2213180 27127578 3222863124 71993 0 234282 0 0 0
1791058862 2970, 13801, 46, 0x0000000000000000 | 41.39 41.60 51.43 | cpu  110817819 2213180 27127696 3222886327 71993 0 234282 0 0 0
1791058863 2962, 13801, 47, 0x0000000000000000 | 41.39 41.60 51.43 | cpu  110823510 2213180 27127736 3222909244 71993 0 234282 0 0 0
1791058865 2962, 13801, 47, 0x0000000000000000 | 41.39 41.60 51.43 | cpu  110828846 2213180 27127767 3222932933 71993 0 234283 0 0 0
1791058866 2977, 13801, 54, 0x0000000000000000 | 41.39 41.60 51.43 | cpu  110834587 2213180 27127825 3222956139 71993 0 234283 0 0 0
1791058867 2977, 13801, 49, 0x0000000000000000 | 38.23 40.94 51.17 | cpu  110839962 2213180 27127882 3222980084 71993 0 234283 0 0 0
1791058868 2985, 13801, 45, 0x0000000000000000 | 38.23 40.94 51.17 | cpu  110845248 2213180 27127930 3223003271 71993 0 234283 0 0 0
1791058869 2985, 13801, 46, 0x0000000000000000 | 38.23 40.94 51.17 | cpu  110850427 2213180 27127958 3223026406 71993 0 234283 0 0 0
1791058870 2970, 13801, 49, 0x0000000000000000 | 38.23 40.94 51.17 | cpu  110855675 2213180 27128008 3223050117 71993 0 234284 0 0 0
1791058871 2977, 13801, 51, 0x0000000000000000 | 38.23 40.94 51.17 | cpu  110860743 2213180 27128036 3223074540 71993 0 234284 0 0 0
1791058873 2985, 13801, 45, 0x0000000000000000 | 35.49 40.33 50.92 | cpu  110865365 2213180 27128105 3223097774 71997 0 234284 0 0 0
1791058874 2985, 13801, 45, 0x0000000000000000 | 35.49 40.33 50.92 | cpu  110869846 2213180 27128332 3223122129 71997 0 234284 0 0 0
1791058875 2977, 13801, 47, 0x0000000000000000 | 35.49 40.33 50.92 | cpu  110874714 2213180 27128364 3223146188 71997 0 234285 0 0 0
1791058876 2985, 13801, 45, 0x0000000000000000 | 35.49 40.33 50.92 | cpu  110879826 2213180 27128388 3223170649 71997 0 234286 0 0 0
1791058877 2985, 13801, 46, 0x0000000000000000 | 42.98 41.80 51.34 | cpu  110885006 2213180 27128412 3223193796 71997 0 234286 0 0 0
1791058878 2962, 13801, 50, 0x0000000000000000 | 42.98 41.80 51.34 | cpu  110889204 2213180 27129177 3223216813 71997 0 234286 0 0 0
1791058879 2985, 13801, 46, 0x0000000000000000 | 42.98 41.80 51.34 | cpu  110893875 2213180 27129223 3223241211 71997 0 234287 0 0 0
1791058880 2955, 13801, 48, 0x0000000000000000 | 42.98 41.80 51.34 | cpu  110899697 2213180 27129440 3223265023 71997 0 234288 0 0 0
1791058882 2962, 13801, 49, 0x0000000000000000 | 49.95 43.27 51.76 | cpu  110904760 2213180 27130162 3223289885 71997 0 234289 0 0 0
1791058883 2985, 13801, 46, 0x0000000000000000 | 49.95 43.27 51.76 | cpu  110909537 2213180 27130880 3223314243 71997 0 234289 0 0 0
1791058884 2985, 13801, 46, 0x0000000000000000 | 49.95 43.27 51.76 | cpu  110915150 2213180 27131045 3223337434 71997 0 234290 0 0 0
1791058885 2985, 13801, 46, 0x0000000000000000 | 49.95 43.27 51.76 | cpu  110920236 2213180 27131067 3223360929 71997 0 234290 0 0 0
1791058886 2977, 13801, 47, 0x0000000000000000 | 49.95 43.27 51.76 | cpu  110925778 2213180 27131104 3223384284 71997 0 234291 0 0 0
1791058887 2970, 13801, 47, 0x0000000000000000 | 54.92 44.41 52.08 | cpu  110931630 2213180 27131139 3223407912 71997 0 234293 0 0 0
1791058888 2962, 13801, 48, 0x0000000000000000 | 54.92 44.41 52.08 | cpu  110936606 2213180 27131221 3223431535 71997 0 234294 0 0 0
1791058890 2955, 13801, 48, 0x0000000000000000 | 54.92 44.41 52.08 | cpu  110942120 2213180 27131324 3223455012 71997 0 234296 0 0 0
1791058891 2985, 13801, 46, 0x0000000000000000 | 54.92 44.41 52.08 | cpu  110947530 2213180 27131345 3223477953 71997 0 234298 0 0 0
1791058892 2977, 13801, 47, 0x0000000000000000 | 57.57 45.13 52.28 | cpu  110952702 2213180 27131361 3223501792 71997 0 234299 0 0 0
1791058893 2970, 13801, 49, 0x0000000000000000 | 57.57 45.13 52.28 | cpu  110957899 2213180 27131413 3223525384 71997 0 234300 0 0 0
1791058894 2985, 13801, 46, 0x0000000000000000 | 57.57 45.13 52.28 | cpu  110963033 2213180 27131436 3223549429 71997 0 234300 0 0 0
1791058895 2985, 13801, 47, 0x0000000000000000 | 57.57 45.13 52.28 | cpu  110968007 2213180 27131525 3223573123 71997 0 234301 0 0 0
1791058896 2985, 13801, 47, 0x0000000000000000 | 57.57 45.13 52.28 | cpu  110973055 2213180 27131575 3223596829 71997 0 234301 0 0 0
1791058897 2970, 13801, 49, 0x0000000000000000 | 53.20 44.43 52.01 | cpu  110977515 2213180 27131670 3223620734 71997 0 234301 0 0 0
1791058899 2970, 13801, 53, 0x0000000000000000 | 53.20 44.43 52.01 | cpu  110982235 2213180 27131794 3223645053 71997 0 234301 0 0 0
1791058900 2985, 13801, 51, 0x0000000000000000 | 53.20 44.43 52.01 | cpu  110987179 2213180 27131813 3223669491 71997 0 234301 0 0 0
1791058901 2985, 13801, 47, 0x0000000000000000 | 53.20 44.43 52.01 | cpu  110992115 2213180 27131890 3223693916 71997 0 234301 0 0 0
1791058902 2985, 13801, 47, 0x0000000000000000 | 49.10 43.73 51.74 | cpu  110997111 2213180 27131912 3223718133 71997 0 234302 0 0 0
1791058903 2977, 13801, 52, 0x0000000000000000 | 49.10 43.73 51.74 | cpu  111002302 2213180 27131932 3223741749 71997 0 234302 0 0 0
1791058904 2985, 13801, 47, 0x0000000000000000 | 49.10 43.73 51.74 | cpu  111007556 2213180 27131950 3223766050 71998 0 234302 0 0 0
1791058905 2985, 13801, 46, 0x0000000000000000 | 49.10 43.73 51.74 | cpu  111012962 2213180 27132041 3223790794 71998 0 234302 0 0 0
1791058907 2572, 13801, 45, 0x0000000000000000 | 45.33 43.03 51.47 | cpu  111017748 2213180 27132138 3223814175 71998 0 234303 0 0 0
1791058908 2587, 13801, 45, 0x0000000000000000 | 45.33 43.03 51.47 | cpu  111022909 2213180 27132188 3223837967 71998 0 234303 0 0 0
1791058909 2572, 13801, 45, 0x0000000000000000 | 45.33 43.03 51.47 | cpu  111027792 2213180 27132257 3223861998 71998 0 234304 0 0 0
1791058910 2580, 13801, 45, 0x0000000000000000 | 45.33 43.03 51.47 | cpu  111032792 2213180 27132295 3223885109 71998 0 234304 0 0 0
1791058911 2580, 13801, 45, 0x0000000000000000 | 45.33 43.03 51.47 | cpu  111038012 2213180 27132360 3223908868 71998 0 234304 0 0 0
1791058912 2580, 13801, 45, 0x0000000000000000 | 42.02 42.39 51.22 | cpu  111043201 2213180 27132438 3223933036 71998 0 234305 0 0 0
1791058913 2580, 13801, 45, 0x0000000000000000 | 42.02 42.39 51.22 | cpu  111048051 2213180 27132489 3223956453 71998 0 234306 0 0 0
1791058915 2572, 13801, 44, 0x0000000000000000 | 42.02 42.39 51.22 | cpu  111052854 2213180 27132660 3223980367 71998 0 234308 0 0 0
1791058916 2587, 13801, 44, 0x0000000000000000 | 42.02 42.39 51.22 | cpu  111057990 2213180 27132718 3224004763 71998 0 234308 0 0 0
1791058917 2580, 13801, 44, 0x0000000000000000 | 38.81 41.72 50.95 | cpu  111063248 2213180 27132746 3224028269 71998 0 234308 0 0 0
1791058918 2572, 13801, 44, 0x0000000000000000 | 38.81 41.72 50.95 | cpu  111068537 2213180 27132824 3224052245 71998 0 234308 0 0 0
1791058919 2572, 13801, 44, 0x0000000000000000 | 38.81 41.72 50.95 | cpu  111073851 2213180 27132845 3224075725 71998 0 234308 0 0 0
1791058920 2632, 13801, 45, 0x0000000000000000 | 38.81 41.72 50.95 | cpu  111078638 2213180 27132889 3224099555 71998 0 234309 0 0 0
1791058921 2580, 13801, 44, 0x0000000000000000 | 38.81 41.72 50.95 | cpu  111083570 2213180 27132940 3224123577 71998 0 234309 0 0 0
1791058922 2580, 13801, 44, 0x0000000000000000 | 46.03 43.16 51.37 | cpu  111088550 2213180 27132960 3224147390 71998 0 234310 0 0 0
1791058924 2572, 13801, 44, 0x0000000000000000 | 46.03 43.16 51.37 | cpu  111093640 2213180 27133079 3224171953 71998 0 234310 0 0 0
1791058925 2782, 13801, 46, 0x0000000000000000 | 46.03 43.16 51.37 | cpu  111099046 2213180 27133111 3224196004 71998 0 234311 0 0 0
1791058926 2977, 13801, 45, 0x0000000000000000 | 46.03 43.16 51.37 | cpu  111104520 2213180 27133148 3224220460 71998 0 234312 0 0 0
1791058927 2985, 13801, 46, 0x0000000000000000 | 42.51 42.48 51.11 | cpu  111109455 2213180 27133175 3224244989 71998 0 234312 0 0 0
1791058928 2940, 13801, 54, 0x0000000000000004 | 42.51 42.48 51.11 | cpu  111114579 2213180 27133231 3224269600 71998 0 234313 0 0 0
1791058929 2970, 13801, 48, 0x0000000000000000 | 42.51 42.48 51.11 | cpu  111119743 2213180 27133344 3224292913 71998 0 234314 0 0 0
1791058931 2985, 13801, 46, 0x0000000000000000 | 42.51 42.48 51.11 | cpu  111124244 2213180 27133372 3224317398 71998 0 234314 0 0 0
1791058932 2962, 13801, 51, 0x0000000000000004 | 39.26 41.81 50.84 | cpu  111129291 2213180 27133406 3224342163 71998 0 234314 0 0 0
1791058933 2985, 13801, 46, 0x0000000000000000 | 39.26 41.81 50.84 | cpu  111134589 2213180 27133707 3224367145 71998 0 234315 0 0 0
1791058934 2985, 13801, 46, 0x0000000000000000 | 39.26 41.81 50.84 | cpu  111139170 2213180 27134366 3224391261 71998 0 234316 0 0 0
1791058935 2985, 13801, 47, 0x0000000000000000 | 39.26 41.81 50.84 | cpu  111144457 2213180 27134674 3224414291 71998 0 234316 0 0 0
1791058936 2985, 13801, 47, 0x0000000000000000 | 39.26 41.81 50.84 | cpu  111149609 2213180 27134721 3224437817 71998 0 234318 0 0 0
1791058937 2970, 13801, 47, 0x0000000000000000 | 46.53 43.27 51.27 | cpu  111155401 2213180 27134760 3224461113 71998 0 234318 0 0 0
1791058939 2962, 13801, 54, 0x0000000000000000 | 46.53 43.27 51.27 | cpu  111160405 2213180 27134806 3224484920 71998 0 234318 0 0 0
1791058940 2985, 13801, 47, 0x0000000000000000 | 46.53 43.27 51.27 | cpu  111165176 2213180 27134871 3224509440 71998 0 234319 0 0 0
1791058941 2977, 13801, 56, 0x0000000000000000 | 46.53 43.27 51.27 | cpu  111170388 2213180 27134919 3224532975 71998 0 234320 0 0 0
1791058942 2985, 13801, 47, 0x0000000000000000 | 43.04 42.60 51.01 | cpu  111175295 2213180 27134946 3224556373 71998 0 234320 0 0 0
1791058943 2985, 13801, 47, 0x0000000000000000 | 43.04 42.60 51.01 | cpu  111180187 2213180 27135001 3224580625 71998 0 234321 0 0 0
1791058944 2977, 13801, 48, 0x0000000000000000 | 43.04 42.60 51.01 | cpu  111185107 2213180 27135084 3224604611 71998 0 234321 0 0 0
1791058945 2970, 13801, 54, 0x0000000000000000 | 43.04 42.60 51.01 | cpu  111190226 2213180 27135232 3224629691 71998 0 234322 0 0 0
1791058946 2970, 13801, 52, 0x0000000000000000 | 43.04 42.60 51.01 | cpu  111195007 2213180 27135268 3224653783 71998 0 234322 0 0 0
1791058948 2985, 13801, 47, 0x0000000000000000 | 45.52 43.13 51.13 | cpu  111199789 2213180 27135295 3224678101 71998 0 234323 0 0 0
1791058949 2985, 13801, 47, 0x0000000000000000 | 45.52 43.13 51.13 | cpu  111204998 2213180 27135313 3224702131 71998 0 234323 0 0 0
1791058950 2955, 13801, 49, 0x0000000000000000 | 45.52 43.13 51.13 | cpu  111209730 2213180 27135333 3224726181 71998 0 234324 0 0 0
1791058951 2985, 13801, 47, 0x0000000000000000 | 45.52 43.13 51.13 | cpu  111214895 2213180 27135393 3224750537 71998 0 234326 0 0 0
1791058952 2985, 13801, 47, 0x0000000000000000 | 42.04 42.44 50.87 | cpu  111220005 2213180 27135422 3224774775 71998 0 234326 0 0 0
1791058953 2985, 13801, 47, 0x0000000000000000 | 42.04 42.44 50.87 | cpu  111224909 2213180 27135538 3224798115 71998 0 234326 0 0 0
1791058954 2595, 13801, 45, 0x0000000000000000 | 42.04 42.44 50.87 | cpu  111229963 2213180 27135569 3224822762 71998 0 234326 0 0 0
1791058956 2572, 13801, 45, 0x0000000000000000 | 42.04 42.44 50.87 | cpu  111234911 2213180 27135586 3224846807 71998 0 234326 0 0 0
1791058957 2587, 13801, 45, 0x0000000000000000 | 38.91 41.79 50.61 | cpu  111239677 2213180 27135666 3224871548 71998 0 234326 0 0 0
1791058958 2587, 13801, 45, 0x0000000000000000 | 38.91 41.79 50.61 | cpu  111245186 2213180 27135705 3224895766 71998 0 234327 0 0 0
1791058959 2572, 13801, 45, 0x0000000000000000 | 38.91 41.79 50.61 | cpu  111250520 2213180 27135734 3224920142 71998 0 234327 0 0 0
1791058960 2595, 13801, 46, 0x0000000000000000 | 38.91 41.79 50.61 | cpu  111255596 2213180 27135765 3224944033 71998 0 234327 0 0 0
1791058961 2580, 13801, 45, 0x0000000000000000 | 38.91 41.79 50.61 | cpu  111260176 2213180 27135808 3224968254 71998 0 234328 0 0 0
1791058962 2572, 13801, 45, 0x0000000000000000 | 45.08 43.02 50.96 | cpu  111265172 2213180 27135885 3224992125 71998 0 234328 0 0 0
1791058964 2572, 13801, 45, 0x0000000000000000 | 45.08 43.02 50.96 | cpu  111270254 2213180 27135926 3225015951 71998 0 234328 0 0 0
1791058965 2572, 13801, 45, 0x0000000000000000 | 45.08 43.02 50.96 | cpu  111275380 2213180 27135950 3225040014 71998 0 234329 0 0 0
1791058966 2572, 13801, 45, 0x0000000000000000 | 45.08 43.02 50.96 | cpu  111280334 2213180 27135985 3225063964 71998 0 234329 0 0 0
1791058967 2572, 13801, 45, 0x0000000000000000 | 51.40 44.36 51.36 | cpu  111285742 2213180 27136018 3225087596 71998 0 234329 0 0 0
1791058968 2572, 13801, 45, 0x0000000000000000 | 51.40 44.36 51.36 | cpu  111290636 2213180 27136101 3225110997 71998 0 234329 0 0 0
1791058969 2572, 13801, 45, 0x0000000000000000 | 51.40 44.36 51.36 | cpu  111295726 2213180 27136125 3225134298 71998 0 234330 0 0 0
1791058970 2572, 13801, 44, 0x0000000000000000 | 51.40 44.36 51.36 | cpu  111300935 2213180 27136154 3225158857 71998 0 234330 0 0 0
1791058972 2617, 13801, 45, 0x0000000000000000 | 47.53 43.68 51.10 | cpu  111306496 2213180 27136174 3225183378 71998 0 234330 0 0 0
1791058973 2587, 13801, 44, 0x0000000000000000 | 47.53 43.68 51.10 | cpu  111311370 2213180 27136201 3225207248 71998 0 234331 0 0 0
1791058974 2662, 13801, 45, 0x0000000000000000 | 47.53 43.68 51.10 | cpu  111316692 2213180 27136279 3225231385 71998 0 234332 0 0 0
1791058975 2580, 13801, 44, 0x0000000000000000 | 47.53 43.68 51.10 | cpu  111321910 2213180 27136298 3225254666 71998 0 234332 0 0 0
1791058976 2595, 13801, 45, 0x0000000000000000 | 47.53 43.68 51.10 | cpu  111327002 2213180 27136330 3225278317 71998 0 234333 0 0 0
1791058977 2640, 13801, 46, 0x0000000000000000 | 54.05 45.09 51.51 | cpu  111331932 2213180 27136411 3225301898 71998 0 234333 0 0 0
1791058978 2610, 13801, 45, 0x0000000000000000 | 54.05 45.09 51.51 | cpu  111336901 2213180 27136440 3225325812 71999 0 234333 0 0 0
1791058980 2572, 13801, 44, 0x0000000000000000 | 54.05 45.09 51.51 | cpu  111342301 2213180 27136518 3225350051 71999 0 234334 0 0 0
1791058981 2955, 13801, 47, 0x0000000000000000 | 54.05 45.09 51.51 | cpu  111347569 2213180 27136540 3225374031 71999 0 234335 0 0 0
1791058982 2985, 13801, 46, 0x0000000000000000 | 53.41 45.11 51.48 | cpu  111352420 2213180 27136574 3225398399 71999 0 234335 0 0 0
1791058983 2962, 13801, 55, 0x0000000000000000 | 53.41 45.11 51.48 | cpu  111357482 2213180 27136644 3225422652 71999 0 234335 0 0 0
1791058984 2985, 13801, 46, 0x0000000000000000 | 53.41 45.11 51.48 | cpu  111362595 2213180 27136663 3225446849 71999 0 234336 0 0 0
1791058985 2962, 13801, 51, 0x0000000000000004 | 53.41 45.11 51.48 | cpu  111368226 2213180 27136740 3225471585 71999 0 234337 0 0 0
1791058986 2985, 13801, 46, 0x0000000000000000 | 53.41 45.11 51.48 | cpu  111373048 2213180 27136761 3225496028 71999 0 234337 0 0 0
1791058988 2947, 13801, 49, 0x0000000000000000 | 59.46 46.50 51.90 | cpu  111378190 2213180 27136787 3225520327 71999 0 234337 0 0 0
1791058989 2985, 13801, 46, 0x0000000000000000 | 59.46 46.50 51.90 | cpu  111383194 2213180 27136812 3225544229 71999 0 234338 0 0 0
1791058990 2970, 13801, 48, 0x0000000000000000 | 59.46 46.50 51.90 | cpu  111388487 2213180 27136841 3225567691 71999 0 234338 0 0 0
1791058991 2962, 13801, 53, 0x0000000000000000 | 59.46 46.50 51.90 | cpu  111393182 2213180 27136934 3225591874 71999 0 234338 0 0 0
1791058992 2985, 13801, 47, 0x0000000000000000 | 54.94 45.78 51.64 | cpu  111397915 2213180 27136985 3225615999 71999 0 234338 0 0 0
1791058993 2962, 13801, 48, 0x0000000000000000 | 54.94 45.78 51.64 | cpu  111402546 2213180 27137020 3225640188 71999 0 234338 0 0 0
1791058994 2985, 13801, 46, 0x0000000000000000 | 54.94 45.78 51.64 | cpu  111407143 2213180 27137166 3225664294 71999 0 234338 0 0 0
1791058996 2955, 13801, 48, 0x0000000000000000 | 54.94 45.78 51.64 | cpu  111412329 2213180 27137237 3225688115 71999 0 234340 0 0 0
1791058997 2940, 13801, 54, 0x0000000000000000 | 60.87 47.16 52.05 | cpu  111416728 2213180 27137295 3225713088 71999 0 234340 0 0 0
1791058998 2977, 13801, 48, 0x0000000000000000 | 60.87 47.16 52.05 | cpu  111421692 2213180 27137332 3225737441 71999 0 234341 0 0 0
1791058999 2970, 13801, 54, 0x0000000000000000 | 60.87 47.16 52.05 | cpu  111426160 2213180 27137352 3225761500 71999 0 234341 0 0 0
1791059000 2985, 13801, 47, 0x0000000000000000 | 60.87 47.16 52.05 | cpu  111430440 2213180 27137371 3225785316 71999 0 234341 0 0 0
1791059001 2985, 13801, 48, 0x0000000000000000 | 60.87 47.16 52.05 | cpu  111435433 2213180 27137418 3225810194 71999 0 234341 0 0 0
1791059002 2977, 13801, 53, 0x0000000000000000 | 56.32 46.44 51.80 | cpu  111440603 2213180 27137472 3225835112 71999 0 234341 0 0 0
1791059003 2985, 13801, 47, 0x0000000000000000 | 56.32 46.44 51.80 | cpu  111445066 2213180 27137501 3225859033 71999 0 234342 0 0 0
1791059005 2970, 13801, 48, 0x0000000000000000 | 56.32 46.44 51.80 | cpu  111449586 2213180 27137523 3225882800 71999 0 234342 0 0 0
1791059006 2947, 13801, 50, 0x0000000000000000 | 56.32 46.44 51.80 | cpu  111454208 2213180 27137538 3225906150 71999 0 234342 0 0 0
1791059007 2985, 13801, 47, 0x0000000000000000 | 52.05 45.72 51.53 | cpu  111458325 2213180 27137576 3225930786 71999 0 234343 0 0 0
1791059008 2962, 13801, 52, 0x0000000000000000 | 52.05 45.72 51.53 | cpu  111462774 2213180 27137653 3225954573 71999 0 234343 0 0 0
1791059009 2985, 13801, 47, 0x0000000000000000 | 52.05 45.72 51.53 | cpu  111467428 2213180 27137693 3225978913 71999 0 234344 0 0 0
1791059010 2985, 13801, 47, 0x0000000000000000 | 52.05 45.72 51.53 | cpu  111472013 2213180 27137821 3226003507 71999 0 234345 0 0 0
1791059011 2572, 13801, 46, 0x0000000000000000 | 52.05 45.72 51.53 | cpu  111477018 2213180 27137901 3226026777 71999 0 234345 0 0 0
1791059012 2572, 13801, 46, 0x0000000000000000 | 48.04 45.00 51.27 | cpu  111482108 2213180 27137959 3226051837 71999 0 234346 0 0 0
1791059014 2572, 13801, 46, 0x0000000000000000 | 48.04 45.00 51.27 | cpu  111486614 2213180 27138002 3226076105 71999 0 234346 0 0 0
1791059015 2580, 13801, 45, 0x0000000000000000 | 48.04 45.00 51.27 | cpu  111491087 2213180 27138034 3226100493 71999 0 234346 0 0 0
1791059016 2587, 13801, 45, 0x0000000000000000 | 48.04 45.00 51.27 | cpu  111496270 2213180 27138056 3226123987 71999 0 234347 0 0 0
1791059017 2572, 13801, 45, 0x0000000000000000 | 44.35 44.28 51.00 | cpu  111501456 2213180 27138100 3226148294 71999 0 234348 0 0 0
1791059018 2572, 13801, 45, 0x0000000000000000 | 44.35 44.28 51.00 | cpu  111506339 2213180 27138252 3226171562 71999 0 234348 0 0 0
1791059019 2595, 13801, 46, 0x0000000000000000 | 44.35 44.28 51.00 | cpu  111511348 2213180 27138298 3226195529 71999 0 234348 0 0 0
1791059020 2587, 13801, 45, 0x0000000000000000 | 44.35 44.28 51.00 | cpu  111516319 2213180 27138322 3226219980 71999 0 234349 0 0 0
1791059022 2572, 13801, 45, 0x0000000000000000 | 44.35 44.28 51.00 | cpu  111521291 2213180 27138344 3226244213 71999 0 234349 0 0 0
1791059023 2572, 13801, 45, 0x0000000000000000 | 41.04 43.60 50.74 | cpu  111526332 2213180 27138379 3226269321 71999 0 234349 0 0 0
1791059024 2595, 13801, 45, 0x0000000000000000 | 41.04 43.60 50.74 | cpu  111531417 2213180 27138449 3226293813 71999 0 234349 0 0 0
1791059025 2595, 13801, 45, 0x0000000000000000 | 41.04 43.60 50.74 | cpu  111537102 2213180 27138479 3226318094 71999 0 234350 0 0 0
1791059026 2572, 13801, 45, 0x0000000000000000 | 41.04 43.60 50.74 | cpu  111542025 2213180 27138503 3226341384 71999 0 234350 0 0 0
1791059027 2587, 13801, 45, 0x0000000000000000 | 48.08 45.02 51.16 | cpu  111546567 2213180 27138523 3226365256 71999 0 234350 0 0 0
1791059028 2572, 13801, 45, 0x0000000000000000 | 48.08 45.02 51.16 | cpu  111551185 2213180 27138549 3226388778 71999 0 234350 0 0 0
1791059029 2587, 13801, 45, 0x0000000000000000 | 48.08 45.02 51.16 | cpu  111556294 2213180 27138611 3226412409 71999 0 234350 0 0 0
1791059031 2572, 13801, 45, 0x0000000000000000 | 48.08 45.02 51.16 | cpu  111561632 2213180 27138646 3226435469 71999 0 234351 0 0 0
1791059032 2587, 13801, 45, 0x0000000000000000 | 44.39 44.30 50.90 | cpu  111566343 2213180 27138664 3226459201 71999 0 234351 0 0 0
1791059033 2572, 13801, 45, 0x0000000000000000 | 44.39 44.30 50.90 | cpu  111571813 2213180 27138684 3226483170 72000 0 234352 0 0 0
1791059034 2595, 13801, 45, 0x0000000000000000 | 44.39 44.30 50.90 | cpu  111577066 2213180 27138716 3226507766 72000 0 234352 0 0 0
1791059035 2610, 13801, 45, 0x0000000000000000 | 44.39 44.30 50.90 | cpu  111582034 2213180 27138786 3226531489 72000 0 234352 0 0 0
1791059036 2587, 13801, 45, 0x0000000000000000 | 44.39 44.30 50.90 | cpu  111587250 2213180 27138817 3226555889 72000 0 234352 0 0 0
1791059037 2580, 13801, 44, 0x0000000000000000 | 41.00 43.60 50.64 | cpu  111592406 2213180 27138842 3226580111 72000 0 234352 0 0 0
1791059039 2572, 13801, 44, 0x0000000000000000 | 41.00 43.60 50.64 | cpu  111596884 2213180 27138861 3226603794 72000 0 234352 0 0 0
1791059040 2587, 13801, 44, 0x0000000000000000 | 41.00 43.60 50.64 | cpu  111601899 2213180 27138887 3226627541 72000 0 234352 0 0 0
1791059041 2617, 13801, 45, 0x0000000000000000 | 41.00 43.60 50.64 | cpu  111607309 2213180 27138958 3226652006 72000 0 234353 0 0 0
1791059042 2572, 13801, 44, 0x0000000000000000 | 38.20 42.97 50.40 | cpu  111611670 2213180 27138980 3226676508 72000 0 234353 0 0 0
1791059043 2647, 13801, 48, 0x0000000000000000 | 38.20 42.97 50.40 | cpu  111616262 2213180 27139016 3226700739 72000 0 234354 0 0 0
1791059044 2970, 13801, 46, 0x0000000000000000 | 38.20 42.97 50.40 | cpu  111621319 2213180 27139033 3226724592 72000 0 234354 0 0 0
1791059045 2707, 13801, 45, 0x0000000000000000 | 38.20 42.97 50.40 | cpu  111626752 2213180 27139072 3226748112 72000 0 234354 0 0 0
1791059047 2572, 13801, 44, 0x0000000000000000 | 38.20 42.97 50.40 | cpu  111632188 2213180 27139138 3226771448 72000 0 234354 0 0 0
1791059048 2685, 13801, 48, 0x0000000000000000 | 41.94 43.67 50.58 | cpu  111637064 2213180 27139168 3226795551 72000 0 234355 0 0 0
1791059049 2572, 13801, 44, 0x0000000000000000 | 41.94 43.67 50.58 | cpu  111642504 2213180 27139190 3226820048 72000 0 234355 0 0 0
1791059050 2707, 13801, 54, 0x0000000000000004 | 41.94 43.67 50.58 | cpu  111648182 2213180 27139280 3226843237 72000 0 234356 0 0 0
1791059051 2572, 13801, 45, 0x0000000000000000 | 41.94 43.67 50.58 | cpu  111653277 2213180 27139348 3226866406 72000 0 234358 0 0 0
1791059052 2647, 13801, 46, 0x0000000000000000 | 38.91 43.01 50.33 | cpu  111658864 2213180 27139418 3226889664 72000 0 234358 0 0 0
1791059053 2925, 13801, 49, 0x0000000000000004 | 38.91 43.01 50.33 | cpu  111664381 2213180 27139438 3226912707 72000 0 234359 0 0 0
1791059054 2962, 13801, 56, 0x0000000000000000 | 38.91 43.01 50.33 | cpu  111669619 2213180 27139469 3226935469 72000 0 234359 0 0 0
1791059056 2985, 13801, 46, 0x0000000000000000 | 38.91 43.01 50.33 | cpu  111674483 2213180 27139504 3226959523 72000 0 234359 0 0 0
1791059057 2985, 13801, 47, 0x0000000000000000 | 44.36 44.08 50.64 | cpu  111679240 2213180 27139526 3226983485 72000 0 234359 0 0 0
1791059058 2985, 13801, 47, 0x0000000000000000 | 44.36 44.08 50.64 | cpu  111684134 2213180 27139615 3227007844 72000 0 234360 0 0 0
1791059059 2970, 13801, 48, 0x0000000000000000 | 44.36 44.08 50.64 | cpu  111689011 2213180 27139657 3227032730 72000 0 234360 0 0 0
1791059060 2970, 13801, 48, 0x0000000000000000 | 44.36 44.08 50.64 | cpu  111694261 2213180 27139728 3227057321 72000 0 234360 0 0 0
1791059061 2932, 13801, 49, 0x0000000000000000 | 44.36 44.08 50.64 | cpu  111699048 2213180 27139760 3227080812 72000 0 234360 0 0 0
1791059062 2985, 13801, 47, 0x0000000000000000 | 41.05 43.39 50.38 | cpu  111704186 2213180 27139776 3227104519 72000 0 234361 0 0 0
1791059064 2977, 13801, 48, 0x0000000000000000 | 41.05 43.39 50.38 | cpu  111709418 2213180 27139853 3227128840 72000 0 234361 0 0 0
1791059065 2955, 13801, 48, 0x0000000000000000 | 41.05 43.39 50.38 | cpu  111714522 2213180 27139874 3227152841 72000 0 234362 0 0 0
1791059066 2977, 13801, 51, 0x0000000000000000 | 41.05 43.39 50.38 | cpu  111719133 2213180 27139890 3227177194 72000 0 234362 0 0 0
1791059067 2985, 13801, 47, 0x0000000000000000 | 37.92 42.71 50.12 | cpu  111724640 2213180 27139942 3227200580 72000 0 234362 0 0 0
1791059068 2985, 13801, 48, 0x0000000000000000 | 37.92 42.71 50.12 | cpu  111730022 2213180 27139982 3227224699 72000 0 234363 0 0 0
1791059069 2962, 13801, 49, 0x0000000000000000 | 37.92 42.71 50.12 | cpu  111735123 2213180 27140060 3227248605 72000 0 234363 0 0 0
1791059070 2955, 13801, 56, 0x0000000000000004 | 37.92 42.71 50.12 | cpu  111740370 2213180 27140084 3227272683 72000 0 234365 0 0 0
1791059072 2970, 13801, 54, 0x0000000000000000 | 37.92 42.71 50.12 | cpu  111745492 2213180 27140131 3227296532 72000 0 234366 0 0 0
1791059073 2970, 13801, 54, 0x0000000000000000 | 35.04 42.03 49.86 | cpu  111750440 2213180 27140172 3227320051 72000 0 234366 0 0 0
1791059074 2985, 13801, 48, 0x0000000000000000 | 35.04 42.03 49.86 | cpu  111755613 2213180 27140203 3227343702 72000 0 234366 0 0 0
1791059075 2970, 13801, 55, 0x0000000000000004 | 35.04 42.03 49.86 | cpu  111760104 2213180 27140379 3227368667 72000 0 234366 0 0 0
1791059076 2985, 13801, 47, 0x0000000000000000 | 35.04 42.03 49.86 | cpu  111765080 2213180 27140408 3227393164 72000 0 234367 0 0 0
1791059077 2760, 13801, 47, 0x0000000000000000 | 42.65 43.49 50.29 | cpu  111770783 2213180 27140425 3227417514 72000 0 234367 0 0 0
1791059078 2662, 13801, 47, 0x0000000000000000 | 42.65 43.49 50.29 | cpu  111776126 2213180 27140458 3227441629 72000 0 234368 0 0 0
1791059080 2587, 13801, 46, 0x0000000000000000 | 42.65 43.49 50.29 | cpu  111781415 2213180 27140500 3227464910 72000 0 234368 0 0 0
1791059081 2572, 13801, 46, 0x0000000000000000 | 42.65 43.49 50.29 | cpu  111786623 2213180 27140581 3227489580 72000 0 234368 0 0 0
1791059082 2587, 13801, 45, 0x0000000000000000 | 43.56 43.66 50.31 | cpu  111791726 2213180 27140616 3227513116 72000 0 234368 0 0 0
1791059083 2587, 13801, 45, 0x0000000000000000 | 43.56 43.66 50.31 | cpu  111796666 2213181 27140700 3227537057 72000 0 234368 0 0 0
1791059084 2670, 13801, 46, 0x0000000000000000 | 43.56 43.66 50.31 | cpu  111801634 2213181 27140719 3227561227 72000 0 234369 0 0 0
1791059085 2572, 13801, 45, 0x0000000000000000 | 43.56 43.66 50.31 | cpu  111806346 2213182 27140766 3227585776 72000 0 234369 0 0 0
1791059086 2985, 13801, 47, 0x0000000000000000 | 43.56 43.66 50.31 | cpu  111811184 2213182 27140814 3227609987 72000 0 234370 0 0 0
1791059088 2977, 13801, 47, 0x0000000000000000 | 40.23 42.97 50.05 | cpu  111816331 2213182 27140848 3227633806 72000 0 234370 0 0 0
1791059089 2947, 13801, 53, 0x0000000000000000 | 40.23 42.97 50.05 | cpu  111821548 2213182 27140924 3227657242 72000 0 234371 0 0 0
1791059090 2970, 13801, 49, 0x0000000000000000 | 40.23 42.97 50.05 | cpu  111827312 2213182 27140956 3227681382 72000 0 234371 0 0 0
1791059091 2985, 13801, 47, 0x0000000000000000 | 40.23 42.97 50.05 | cpu  111832474 2213182 27141084 3227705154 72000 0 234372 0 0 0
1791059092 2572, 13801, 46, 0x0000000000000000 | 47.34 44.40 50.48 | cpu  111837931 2213182 27141124 3227728515 72000 0 234373 0 0 0
1791059093 2572, 13801, 45, 0x0000000000000000 | 47.34 44.40 50.48 | cpu  111843742 2213182 27141150 3227752526 72000 0 234373 0 0 0
1791059094 2572, 13801, 46, 0x0000000000000000 | 47.34 44.40 50.48 | cpu  111849343 2213182 27141180 3227776569 72000 0 234374 0 0 0
1791059096 2580, 13801, 45, 0x0000000000000000 | 47.34 44.40 50.48 | cpu  111854548 2213182 27141216 3227799708 72000 0 234375 0 0 0
1791059097 2985, 13801, 47, 0x0000000000000000 | 43.87 43.73 50.23 | cpu  111859565 2213182 27141291 3227822776 72000 0 234375 0 0 0
1791059098 2880, 13801, 46, 0x0000000000000000 | 43.87 43.73 50.23 | cpu  111864646 2213182 27141343 3227845875 72000 0 234376 0 0 0
1791059099 2572, 13801, 45, 0x0000000000000000 | 43.87 43.73 50.23 | cpu  111869643 2213182 27141376 3227868938 72000 0 234376 0 0 0
1791059100 2580, 13801, 45, 0x0000000000000000 | 43.87 43.73 50.23 | cpu  111875103 2213182 27141406 3227891921 72000 0 234376 0 0 0
1791059101 2580, 13801, 45, 0x0000000000000000 | 43.87 43.73 50.23 | cpu  111880672 2213182 27141452 3227915929 72000 0 234376 0 0 0
1791059102 2572, 13801, 45, 0x0000000000000000 | 40.59 43.05 49.97 | cpu  111885805 2213182 27141545 3227940044 72000 0 234376 0 0 0
1791059103 2572, 13801, 45, 0x0000000000000000 | 40.59 43.05 49.97 | cpu  111890685 2213182 27141634 3227963813 72000 0 234376 0 0 0
1791059105 2580, 13801, 45, 0x0000000000000000 | 40.59 43.05 49.97 | cpu  111895962 2213182 27141668 3227987242 72000 0 234378 0 0 0
1791059106 2572, 13801, 45, 0x0000000000000000 | 40.59 43.05 49.97 | cpu  111900678 2213182 27141757 3228010562 72001 0 234378 0 0 0
1791059107 2572, 13801, 45, 0x0000000000000000 | 47.51 44.45 50.39 | cpu  111905758 2213182 27141804 3228033735 72001 0 234378 0 0 0
1791059108 2572, 13801, 44, 0x0000000000000000 | 47.51 44.45 50.39 | cpu  111911088 2213182 27141871 3228056876 72001 0 234378 0 0 0
1791059109 2580, 13801, 44, 0x0000000000000000 | 47.51 44.45 50.39 | cpu  111916217 2213182 27141943 3228079609 72001 0 234379 0 0 0
1791059110 2572, 13801, 44, 0x0000000000000000 | 47.51 44.45 50.39 | cpu  111921304 2213182 27141981 3228102653 72001 0 234379 0 0 0
1791059111 2572, 13801, 44, 0x0000000000000000 | 47.51 44.45 50.39 | cpu  111926333 2213182 27142026 3228125870 72001 0 234380 0 0 0
1791059112 2572, 13801, 44, 0x0000000000000000 | 44.43 43.86 50.16 | cpu  111931616 2213182 27142064 3228149134 72001 0 234383 0 0 0
1791059113 2572, 13801, 44, 0x0000000000000000 | 44.43 43.86 50.16 | cpu  111936752 2213182 27142144 3228172870 72001 0 234388 0 0 0
1791059114 2572, 13801, 44, 0x0000000000000000 | 44.43 43.86 50.16 | cpu  111941751 2213182 27142214 3228196022 72001 0 234393 0 0 0
1791059116 2572, 13801, 44, 0x0000000000000000 | 44.43 43.86 50.16 | cpu  111947409 2213182 27142566 3228217455 72001 0 234395 0 0 0
1791059117 2572, 13801, 44, 0x0000000000000000 | 44.43 43.86 50.16 | cpu  111952171 2213182 27143130 3228239959 72001 0 234396 0 0 0
1791059118 2572, 13801, 44, 0x0000000000000000 | 41.67 43.30 49.95 | cpu  111957883 2213182 27143406 3228262673 72001 0 234396 0 0 0
1791059119 2572, 13801, 44, 0x0000000000000000 | 41.67 43.30 49.95 | cpu  111963060 2213182 27143469 3228284671 72001 0 234397 0 0 0
1791059120 2572, 13801, 44, 0x0000000000000000 | 41.67 43.30 49.95 | cpu  111968303 2213182 27143558 3228307004 72001 0 234398 0 0 0
1791059121 2572, 13801, 44, 0x0000000000000000 | 41.67 43.30 49.95 | cpu  111973288 2213182 27143614 3228330269 72001 0 234398 0 0 0
1791059122 2572, 13801, 44, 0x0000000000000000 | 40.82 43.09 49.85 | cpu  111978041 2213182 27143679 3228353647 72001 0 234398 0 0 0
1791059123 2572, 13801, 44, 0x0000000000000000 | 40.82 43.09 49.85 | cpu  111982801 2213182 27143842 3228376305 72001 0 234398 0 0 0
1791059124 2572, 13801, 44, 0x0000000000000000 | 40.82 43.09 49.85 | cpu  111988236 2213182 27143893 3228399950 72001 0 234398 0 0 0
1791059126 2580, 13801, 44, 0x0000000000000000 | 40.82 43.09 49.85 | cpu  111993712 2213182 27143972 3228423982 72001 0 234398 0 0 0
1791059127 2572, 13801, 44, 0x0000000000000000 | 40.82 43.09 49.85 | cpu  111998948 2213182 27143998 3228447192 72001 0 234398 0 0 0
1791059128 2572, 13801, 44, 0x0000000000000000 | 48.12 44.57 50.29 | cpu  112003792 2213182 27144036 3228471004 72001 0 234398 0 0 0
1791059129 2572, 13801, 43, 0x0000000000000000 | 48.12 44.57 50.29 | cpu  112008900 2213182 27144084 3228494927 72001 0 234398 0 0 0
1791059130 2572, 13801, 43, 0x0000000000000000 | 48.12 44.57 50.29 | cpu  112013986 2213182 27144159 3228517981 72001 0 234398 0 0 0
1791059131 2572, 13801, 43, 0x0000000000000000 | 48.12 44.57 50.29 | cpu  112018571 2213182 27144466 3228541242 72001 0 234400 0 0 0
1791059132 2572, 13801, 43, 0x0000000000000000 | 44.58 43.89 50.04 | cpu  112023312 2213182 27144586 3228563708 72001 0 234400 0 0 0
1791059133 2572, 13801, 43, 0x0000000000000000 | 44.58 43.89 50.04 | cpu  112027940 2213182 27144678 3228586970 72001 0 234401 0 0 0
1791059134 2572, 13801, 43, 0x0000000000000000 | 44.58 43.89 50.04 | cpu  112032435 2213182 27145695 3228609535 72001 0 234402 0 0 0
1791059135 2572, 13801, 43, 0x0000000000000000 | 44.58 43.89 50.04 | cpu  112037282 2213182 27145753 3228632828 72001 0 234403 0 0 0
1791059137 2572, 13801, 43, 0x0000000000000000 | 44.58 43.89 50.04 | cpu  112042256 2213182 27146446 3228654733 72001 0 234406 0 0 0
1791059138 2580, 13801, 43, 0x0000000000000000 | 43.34 43.65 49.93 | cpu  112047506 2213182 27147105 3228677551 72001 0 234406 0 0 0
1791059139 2580, 13801, 43, 0x0000000000000000 | 43.34 43.65 49.93 | cpu  112052483 2213182 27147261 3228700808 72001 0 234406 0 0 0
1791059140 2572, 13801, 43, 0x0000000000000000 | 43.34 43.65 49.93 | cpu  112057332 2213182 27147325 3228724346 72001 0 234407 0 0 0
1791059141 2572, 13801, 43, 0x0000000000000000 | 43.34 43.65 49.93 | cpu  112062357 2213182 27147368 3228747759 72001 0 234407 0 0 0
1791059142 2572, 13801, 43, 0x0000000000000000 | 50.20 45.06 50.35 | cpu  112067091 2213182 27147475 3228770857 72001 0 234408 0 0 0
1791059143 2572, 13801, 43, 0x0000000000000000 | 50.20 45.06 50.35 | cpu  112071702 2213182 27147571 3228794860 72001 0 234409 0 0 0
1791059144 2572, 13801, 43, 0x0000000000000000 | 50.20 45.06 50.35 | cpu  112076397 2213182 27147620 3228818309 72001 0 234410 0 0 0
1791059145 2572, 13801, 43, 0x0000000000000000 | 50.20 45.06 50.35 | cpu  112081100 2213182 27147719 3228842241 72001 0 234410 0 0 0
1791059147 2580, 13801, 43, 0x0000000000000000 | 50.20 45.06 50.35 | cpu  112085544 2213182 27147803 3228865599 72002 0 234411 0 0 0
1791059148 2572, 13801, 43, 0x0000000000000000 | 56.67 46.49 50.78 | cpu  112090394 2213182 27147967 3228888569 72002 0 234411 0 0 0
1791059149 2602, 13801, 43, 0x0000000000000000 | 56.67 46.49 50.78 | cpu  112095454 2213182 27148037 3228912223 72002 0 234412 0 0 0
1791059150 2572, 13801, 43, 0x0000000000000000 | 56.67 46.49 50.78 | cpu  112099923 2213182 27148094 3228935575 72002 0 234412 0 0 0
1791059151 2580, 13801, 43, 0x0000000000000000 | 56.67 46.49 50.78 | cpu  112104472 2213182 27148136 3228958794 72002 0 234412 0 0 0
1791059152 2572, 13801, 43, 0x0000000000000000 | 62.54 47.88 51.21 | cpu  112108963 2213182 27148173 3228983006 72002 0 234412 0 0 0
1791059153 2632, 13801, 43, 0x0000000000000000 | 62.54 47.88 51.21 | cpu  112113522 2213182 27148262 3229006801 72002 0 234414 0 0 0
1791059154 2572, 13801, 42, 0x0000000000000000 | 62.54 47.88 51.21 | cpu  112118305 2213182 27148305 3229030779 72002 0 234415 0 0 0
1791059155 2580, 13801, 43, 0x0000000000000000 | 62.54 47.88 51.21 | cpu  112122981 2213182 27148338 3229053827 72002 0 234416 0 0 0
1791059156 2572, 13801, 42, 0x0000000000000000 | 62.54 47.88 51.21 | cpu  112127488 2213182 27148389 3229077977 72002 0 234416 0 0 0
1791059158 2745, 13801, 45, 0x0000000000000000 | 57.69 47.12 50.95 | cpu  112131882 2213182 27148431 3229101833 72002 0 234417 0 0 0
1791059159 2572, 13801, 42, 0x0000000000000000 | 57.69 47.12 50.95 | cpu  112136263 2213182 27148528 3229125194 72002 0 234418 0 0 0
1791059160 2572, 13801, 42, 0x0000000000000000 | 57.69 47.12 50.95 | cpu  112140910 2213182 27148556 3229148665 72002 0 234418 0 0 0
1791059161 2572, 13801, 42, 0x0000000000000000 | 57.69 47.12 50.95 | cpu  112145404 2213182 27148585 3229171859 72002 0 234419 0 0 0
1791059162 2587, 13801, 42, 0x0000000000000000 | 53.23 46.37 50.68 | cpu  112150340 2213182 27148612 3229195652 72002 0 234419 0 0 0
1791059163 2572, 13801, 42, 0x0000000000000000 | 53.23 46.37 50.68 | cpu  112155036 2213182 27148648 3229219311 72002 0 234419 0 0 0
1791059164 2572, 13801, 42, 0x0000000000000000 | 53.23 46.37 50.68 | cpu  112159914 2213182 27148760 3229244433 72002 0 234419 0 0 0
1791059165 2572, 13801, 42, 0x0000000000000000 | 53.23 46.37 50.68 | cpu  112164820 2213182 27148837 3229267613 72002 0 234420 0 0 0
1791059167 2595, 13801, 42, 0x0000000000000000 | 53.23 46.37 50.68 | cpu  112169042 2213182 27148876 3229291409 72002 0 234420 0 0 0
1791059168 2985, 13801, 43, 0x0000000000000000 | 49.29 45.66 50.43 | cpu  112173312 2213182 27148928 3229314940 72002 0 234420 0 0 0
1791059169 2985, 13801, 43, 0x0000000000000000 | 49.29 45.66 50.43 | cpu  112177927 2213182 27148983 3229338988 72002 0 234420 0 0 0
1791059170 2580, 13801, 42, 0x0000000000000000 | 49.29 45.66 50.43 | cpu  112182856 2213182 27149142 3229362034 72002 0 234421 0 0 0
1791059171 2572, 13801, 42, 0x0000000000000000 | 49.29 45.66 50.43 | cpu  112187510 2213182 27149284 3229385100 72002 0 234421 0 0 0
1791059172 2580, 13801, 42, 0x0000000000000000 | 45.50 44.94 50.17 | cpu  112192358 2213182 27149320 3229408514 72002 0 234421 0 0 0
1791059173 2572, 13801, 42, 0x0000000000000000 | 45.50 44.94 50.17 | cpu  112196993 2213182 27149365 3229433358 72002 0 234422 0 0 0
1791059174 2580, 13801, 42, 0x0000000000000000 | 45.50 44.94 50.17 | cpu  112202031 2213182 27149424 3229457357 72002 0 234422 0 0 0
1791059175 2572, 13801, 42, 0x0000000000000000 | 45.50 44.94 50.17 | cpu  112206970 2213182 27149547 3229480814 72002 0 234423 0 0 0
1791059177 2580, 13801, 42, 0x0000000000000000 | 45.50 44.94 50.17 | cpu  112211660 2213182 27149610 3229504201 72002 0 234424 0 0 0
1791059178 2572, 13801, 42, 0x0000000000000000 | 42.10 44.24 49.92 | cpu  112216554 2213182 27149684 3229527199 72002 0 234424 0 0 0
1791059179 2580, 13801, 42, 0x0000000000000000 | 42.10 44.24 49.92 | cpu  112221508 2213182 27149718 3229551006 72002 0 234424 0 0 0
1791059180 2572, 13801, 42, 0x0000000000000000 | 42.10 44.24 49.92 | cpu  112226267 2213182 27149750 3229574470 72002 0 234424 0 0 0
1791059181 2580, 13801, 42, 0x0000000000000000 | 42.10 44.24 49.92 | cpu  112231146 2213182 27149825 3229598080 72002 0 234425 0 0 0
1791059182 2572, 13801, 42, 0x0000000000000000 | 38.89 43.54 49.66 | cpu  112235902 2213182 27149902 3229621122 72002 0 234426 0 0 0
1791059183 2580, 13801, 42, 0x0000000000000000 | 38.89 43.54 49.66 | cpu  112240754 2213182 27149935 3229644398 72002 0 234426 0 0 0
1791059184 2572, 13801, 42, 0x0000000000000000 | 38.89 43.54 49.66 | cpu  112245775 2213182 27150021 3229668325 72002 0 234426 0 0 0
1791059185 2572, 13801, 42, 0x0000000000000000 | 38.89 43.54 49.66 | cpu  112250658 2213182 27150058 3229691711 72002 0 234426 0 0 0
1791059187 2572, 13801, 42, 0x0000000000000000 | 38.89 43.54 49.66 | cpu  112255648 2213182 27150249 3229715143 72002 0 234428 0 0 0
1791059188 2580, 13801, 42, 0x0000000000000000 | 36.09 42.88 49.41 | cpu  112260382 2213182 27150361 3229737995 72002 0 234429 0 0 0
1791059189 2572, 13801, 42, 0x0000000000000000 | 36.09 42.88 49.41 | cpu  112265186 2213182 27150396 3229761070 72002 0 234429 0 0 0
1791059190 2580, 13801, 42, 0x0000000000000000 | 36.09 42.88 49.41 | cpu  112270128 2213182 27150426 3229784888 72003 0 234430 0 0 0
1791059191 2572, 13801, 42, 0x0000000000000000 | 36.09 42.88 49.41 | cpu  112275051 2213182 27150454 3229809004 72003 0 234430 0 0 0
1791059192 2580, 13801, 42, 0x0000000000000000 | 33.44 42.22 49.16 | cpu  112279839 2213182 27150510 3229832613 72003 0 234431 0 0 0
1791059193 2572, 13801, 41, 0x0000000000000000 | 33.44 42.22 49.16 | cpu  112284899 2213182 27150575 3229856784 72003 0 234431 0 0 0
1791059194 2580, 13801, 41, 0x0000000000000000 | 33.44 42.22 49.16 | cpu  112289707 2213182 27150611 3229880380 72003 0 234432 0 0 0
1791059195 2602, 13801, 42, 0x0000000000000000 | 33.44 42.22 49.16 | cpu  112294693 2213182 27150644 3229903929 72003 0 234432 0 0 0
1791059197 2587, 13801, 42, 0x0000000000000000 | 33.44 42.22 49.16 | cpu  112299413 2213182 27150673 3229927890 72003 0 234432 0 0 0
1791059198 2602, 13801, 42, 0x0000000000000000 | 30.92 41.55 48.91 | cpu  112304045 2213182 27150737 3229951794 72003 0 234432 0 0 0
1791059199 2962, 13801, 44, 0x0000000000000000 | 30.92 41.55 48.91 | cpu  112308959 2213182 27150814 3229975089 72003 0 234434 0 0 0
1791059200 2962, 13801, 42, 0x0000000000000000 | 30.92 41.55 48.91 | cpu  112314077 2213182 27150850 3229997800 72003 0 234434 0 0 0
1791059201 2572, 13801, 42, 0x0000000000000000 | 30.92 41.55 48.91 | cpu  112319080 2213182 27150887 3230020673 72003 0 234434 0 0 0
1791059202 2572, 13801, 42, 0x0000000000000000 | 28.61 40.90 48.66 | cpu  112323873 2213182 27150921 3230043895 72003 0 234435 0 0 0
1791059203 2572, 13801, 41, 0x0000000000000000 | 28.61 40.90 48.66 | cpu  112328635 2213182 27150984 3230067142 72003 0 234435 0 0 0
1791059204 2580, 13801, 41, 0x0000000000000000 | 28.61 40.90 48.66 | cpu  112333366 2213182 27151070 3230090253 72003 0 234436 0 0 0
1791059205 2572, 13801, 41, 0x0000000000000000 | 28.61 40.90 48.66 | cpu  112338042 2213182 27151097 3230113382 72003 0 234436 0 0 0
1791059206 2572, 13801, 41, 0x0000000000000000 | 28.61 40.90 48.66 | cpu  112342717 2213182 27151159 3230137126 72003 0 234436 0 0 0
1791059208 2572, 13801, 41, 0x0000000000000000 | 36.65 42.36 49.09 | cpu  112347491 2213182 27151201 3230160109 72003 0 234436 0 0 0
1791059209 2580, 13801, 41, 0x0000000000000000 | 36.65 42.36 49.09 | cpu  112352312 2213182 27151241 3230183684 72003 0 234436 0 0 0
1791059210 2572, 13801, 41, 0x0000000000000000 | 36.65 42.36 49.09 | cpu  112357464 2213182 27151324 3230207464 72003 0 234436 0 0 0
1791059211 2572, 13801, 41, 0x0000000000000000 | 36.65 42.36 49.09 | cpu  112362095 2213182 27151379 3230230882 72003 0 234437 0 0 0
1791059212 2572, 13801, 41, 0x0000000000000000 | 33.87 41.69 48.84 | cpu  112367213 2213182 27151484 3230254501 72003 0 234438 0 0 0
1791059213 2580, 13801, 41, 0x0000000000000000 | 33.87 41.69 48.84 | cpu  112371925 2213182 27151531 3230278180 72003 0 234439 0 0 0
1791059214 2572, 13801, 41, 0x0000000000000000 | 33.87 41.69 48.84 | cpu  112376903 2213182 27151567 3230302614 72003 0 234440 0 0 0
1791059215 2572, 13801, 41, 0x0000000000000000 | 33.87 41.69 48.84 | cpu  112381827 2213182 27151702 3230326998 72003 0 234440 0 0 0
1791059217 2572, 13801, 41, 0x0000000000000000 | 33.87 41.69 48.84 | cpu  112386904 2213182 27151740 3230351040 72003 0 234441 0 0 0
1791059218 2572, 13801, 41, 0x0000000000000000 | 31.40 41.05 48.59 | cpu  112391493 2213182 27151853 3230374800 72003 0 234442 0 0 0
1791059219 2580, 13801, 41, 0x0000000000000000 | 31.40 41.05 48.59 | cpu  112395700 2213183 27152000 3230398549 72003 0 234442 0 0 0
1791059220 2572, 13801, 41, 0x0000000000000000 | 31.40 41.05 48.59 | cpu  112400383 2213183 27152082 3230422924 72003 0 234442 0 0 0
1791059221 2580, 13801, 41, 0x0000000000000000 | 31.40 41.05 48.59 | cpu  112404775 2213183 27152204 3230445949 72003 0 234442 0 0 0
1791059222 2572, 13801, 41, 0x0000000000000000 | 29.13 40.41 48.35 | cpu  112409662 2213183 27152292 3230469597 72003 0 234443 0 0 0
1791059223 2580, 13801, 41, 0x0000000000000000 | 29.13 40.41 48.35 | cpu  112414588 2213183 27152351 3230493586 72003 0 234443 0 0 0
1791059224 2572, 13801, 41, 0x0000000000000000 | 29.13 40.41 48.35 | cpu  112419626 2213183 27152404 3230517573 72003 0 234445 0 0 0
1791059225 2572, 13801, 41, 0x0000000000000000 | 29.13 40.41 48.35 | cpu  112424472 2213183 27152498 3230541739 72004 0 234447 0 0 0
1791059227 2572, 13801, 41, 0x0000000000000000 | 29.13 40.41 48.35 | cpu  112429411 2213183 27152585 3230564617 72004 0 234448 0 0 0
1791059228 2580, 13801, 41, 0x0000000000000000 | 26.95 39.78 48.10 | cpu  112434036 2213183 27152634 3230587632 72004 0 234448 0 0 0
1791059229 2580, 13801, 41, 0x0000000000000000 | 26.95 39.78 48.10 | cpu  112439002 2213183 27152675 3230611145 72004 0 234448 0 0 0
1791059230 2572, 13801, 41, 0x0000000000000000 | 26.95 39.78 48.10 | cpu  112443736 2213183 27152712 3230634356 72004 0 234448 0 0 0
1791059231 2572, 13801, 41, 0x0000000000000000 | 26.95 39.78 48.10 | cpu  112448493 2213183 27152760 3230657996 72004 0 234451 0 0 0
1791059232 2580, 13801, 41, 0x0000000000000000 | 25.11 39.18 47.86 | cpu  112453290 2213183 27152903 3230681475 72004 0 234452 0 0 0
1791059233 2572, 13801, 41, 0x0000000000000000 | 25.11 39.18 47.86 | cpu  112457974 2213183 27152960 3230704181 72004 0 234454 0 0 0
1791059234 2572, 13801, 41, 0x0000000000000000 | 25.11 39.18 47.86 | cpu  112462911 2213183 27152984 3230727839 72004 0 234454 0 0 0
1791059235 2572, 13801, 41, 0x0000000000000000 | 25.11 39.18 47.86 | cpu  112467835 2213183 27153032 3230750589 72004 0 234456 0 0 0
1791059236 2572, 13801, 41, 0x0000000000000000 | 25.11 39.18 47.86 | cpu  112472521 2213183 27153067 3230774098 72004 0 234457 0 0 0
1791059238 2572, 13801, 41, 0x0000000000000000 | 23.34 38.58 47.62 | cpu  112477517 2213183 27153151 3230797689 72004 0 234459 0 0 0
1791059239 2572, 13801, 41, 0x0000000000000000 | 23.34 38.58 47.62 | cpu  112482210 2213183 27153247 3230821047 72004 0 234460 0 0 0
1791059240 2572, 13801, 41, 0x0000000000000000 | 23.34 38.58 47.62 | cpu  112487184 2213183 27153308 3230844571 72004 0 234463 0 0 0
1791059241 2580, 13801, 41, 0x0000000000000000 | 23.34 38.58 47.62 | cpu  112492025 2213183 27153364 3230868185 72004 0 234463 0 0 0
1791059242 2572, 13801, 41, 0x0000000000000000 | 21.63 37.97 47.37 | cpu  112496879 2213183 27153434 3230891705 72004 0 234465 0 0 0
1791059243 2580, 13801, 41, 0x0000000000000000 | 21.63 37.97 47.37 | cpu  112501679 2213183 27153542 3230915118 72004 0 234466 0 0 0
1791059244 2572, 13801, 40, 0x0000000000000000 | 21.63 37.97 47.37 | cpu  112506496 2213183 27153581 3230938090 72004 0 234468 0 0 0
1791059245 2572, 13801, 40, 0x0000000000000000 | 21.63 37.97 47.37 | cpu  112511215 2213183 27153627 3230961660 72004 0 234468 0 0 0
1791059246 2572, 13801, 40, 0x0000000000000000 | 21.63 37.97 47.37 | cpu  112515840 2213183 27153689 3230985461 72004 0 234470 0 0 0
1791059248 2572, 13801, 40, 0x0000000000000000 | 30.31 39.50 47.82 | cpu  112520770 2213183 27153748 3231008825 72004 0 234472 0 0 0
1791059249 2572, 13801, 40, 0x0000000000000000 | 30.31 39.50 47.82 | cpu  112525600 2213183 27153859 3231032138 72004 0 234472 0 0 0
1791059250 2580, 13801, 40, 0x0000000000000000 | 30.31 39.50 47.82 | cpu  112530531 2213183 27153930 3231056656 72004 0 234473 0 0 0
1791059251 2572, 13801, 41, 0x0000000000000000 | 30.31 39.50 47.82 | cpu  112535172 2213183 27154028 3231079161 72004 0 234473 0 0 0
1791059252 2917, 13801, 52, 0x0000000000000004 | 28.36 38.94 47.59 | cpu  112540013 2213183 27154155 3231102001 72004 0 234474 0 0 0
1791059253 2992, 13801, 43, 0x0000000000000000 | 28.36 38.94 47.59 | cpu  112545175 2213183 27154245 3231125752 72004 0 234474 0 0 0
1791059254 2992, 13801, 51, 0x0000000000000004 | 28.36 38.94 47.59 | cpu  112551015 2213183 27154426 3231147227 72004 0 234475 0 0 0
1791059255 2985, 13801, 43, 0x0000000000000000 | 28.36 38.94 47.59 | cpu  112556178 2213183 27154500 3231169858 72004 0 234475 0 0 0
1791059256 2970, 13801, 55, 0x0000000000000004 | 28.36 38.94 47.59 | cpu  112561405 2213183 27154582 3231192396 72004 0 234475 0 0 0
1791059257 2985, 13801, 43, 0x0000000000000000 | 26.49 38.38 47.36 | cpu  112566539 2213183 27154652 3231216000 72004 0 234475 0 0 0
1791059259 2932, 13801, 51, 0x0000000000000004 | 26.49 38.38 47.36 | cpu  112571659 2213183 27154816 3231239928 72004 0 234475 0 0 0
1791059260 2992, 13801, 43, 0x0000000000000000 | 26.49 38.38 47.36 | cpu  112576658 2213183 27155026 3231263027 72004 0 234476 0 0 0
1791059261 2977, 13801, 52, 0x0000000000000000 | 26.49 38.38 47.36 | cpu  112581685 2213183 27155094 3231286091 72004 0 234476 0 0 0
1791059262 2985, 13801, 43, 0x0000000000000000 | 34.94 39.94 47.82 | cpu  112586581 2213183 27155189 3231310077 72004 0 234476 0 0 0
1791059263 2977, 13801, 46, 0x0000000000000000 | 34.94 39.94 47.82 | cpu  112591806 2213183 27155334 3231333991 72004 0 234477 0 0 0
1791059264 2985, 13801, 43, 0x0000000000000004 | 34.94 39.94 47.82 | cpu  112597091 2213184 27155532 3231357433 72004 0 234478 0 0 0
1791059265 2947, 13801, 50, 0x0000000000000000 | 34.94 39.94 47.82 | cpu  112602301 2213184 27155796 3231380534 72004 0 234478 0 0 0
1791059266 2985, 13801, 44, 0x0000000000000000 | 34.94 39.94 47.82 | cpu  112607554 2213184 27155969 3231404047 72004 0 234479 0 0 0
1791059268 2955, 13801, 49, 0x0000000000000004 | 42.72 41.46 48.27 | cpu  112612622 2213184 27156076 3231427029 72004 0 234479 0 0 0
1791059269 2985, 13801, 44, 0x0000000000000000 | 42.72 41.46 48.27 | cpu  112618019 2213184 27156239 3231451021 72004 0 234479 0 0 0
1791059270 2985, 13801, 44, 0x0000000000000000 | 42.72 41.46 48.27 | cpu  112623029 2213184 27156385 3231474133 72004 0 234481 0 0 0
1791059271 2947, 13801, 52, 0x0000000000000000 | 42.72 41.46 48.27 | cpu  112628047 2213184 27156530 3231497199 72004 0 234482 0 0 0
1791059272 2985, 13801, 44, 0x0000000000000000 | 39.61 40.84 48.03 | cpu  112633165 2213204 27156750 3231521796 72005 0 234483 0 0 0
1791059273 2962, 13801, 50, 0x0000000000000000 | 39.61 40.84 48.03 | cpu  112637394 2218018 27157763 3231542423 72005 0 234484 0 0 0
1791059274 2985, 13801, 44, 0x0000000000000000 | 39.61 40.84 48.03 | cpu  112641231 2222809 27158413 3231561815 72005 0 234484 0 0 0
1791059276 2977, 13801, 45, 0x0000000000000000 | 39.61 40.84 48.03 | cpu  112645026 2227411 27159214 3231581065 72005 0 234484 0 0 0
1791059277 2955, 13801, 54, 0x0000000000000000 | 39.61 40.84 48.03 | cpu  112648512 2231944 27159958 3231599497 72005 0 234484 0 0 0
1791059278 2985, 13801, 44, 0x0000000000000000 | 40.53 41.01 48.05 | cpu  112652434 2236651 27160628 3231618553 72005 0 234485 0 0 0
1791059279 2985, 13801, 45, 0x0000000000000000 | 40.53 41.01 48.05 | cpu  112656169 2241263 27161489 3231638305 72005 0 234497 0 0 0
1791059280 2985, 13801, 44, 0x0000000000000000 | 40.53 41.01 48.05 | cpu  112660024 2245895 27162180 3231657266 72005 0 234497 0 0 0
1791059281 2970, 13801, 48, 0x0000000000000000 | 40.53 41.01 48.05 | cpu  112663634 2250326 27162910 3231675819 72005 0 234497 0 0 0
1791059282 2985, 13801, 45, 0x0000000000000000 | 41.45 41.19 48.07 | cpu  112667568 2254983 27163705 3231694875 72005 0 234501 0 0 0
1791059283 2985, 13801, 44, 0x0000000000000000 | 41.45 41.19 48.07 | cpu  112671478 2259889 27164403 3231714785 72005 0 234522 0 0 0
1791059284 2587, 13801, 44, 0x0000000000000000 | 41.45 41.19 48.07 | cpu  112675422 2264627 27165052 3231733912 72005 0 234524 0 0 0
1791059286 2572, 13801, 42, 0x0000000000000000 | 41.45 41.19 48.07 | cpu  112679500 2269662 27165594 3231753612 72005 0 234525 0 0 0
1791059287 2580, 13801, 42, 0x0000000000000000 | 41.45 41.19 48.07 | cpu  112683718 2274683 27166283 3231773688 72005 0 234528 0 0 0
1791059288 2572, 13801, 42, 0x0000000000000000 | 42.21 41.36 48.09 | cpu  112687832 2279666 27166872 3231792967 72005 0 234532 0 0 0
1791059289 2595, 13801, 43, 0x0000000000000000 | 42.21 41.36 48.09 | cpu  112692153 2284878 27167327 3231812679 72005 0 234535 0 0 0
1791059290 2572, 13801, 42, 0x0000000000000000 | 42.21 41.36 48.09 | cpu  112696214 2289856 27167730 3231831500 72005 0 234535 0 0 0
1791059291 2572, 13801, 42, 0x0000000000000000 | 42.21 41.36 48.09 | cpu  112700049 2294858 27168120 3231850410 72005 0 234536 0 0 0
1791059292 2572, 13801, 42, 0x0000000000000000 | 43.00 41.53 48.11 | cpu  112703945 2299842 27168478 3231869192 72005 0 234538 0 0 0
1791059293 2572, 13801, 42, 0x0000000000000000 | 43.00 41.53 48.11 | cpu  112708225 2305122 27168951 3231888950 72005 0 234539 0 0 0
1791059295 2677, 13801, 43, 0x0000000000000000 | 43.00 41.53 48.11 | cpu  112711990 2310104 27169268 3231907654 72005 0 234541 0 0 0
1791059296 3000, 13801, 43, 0x0000000000000000 | 43.00 41.53 48.11 | cpu  112715800 2315222 27169558 3231926538 72005 0 234543 0 0 0
1791059297 2580, 13801, 42, 0x0000000000000000 | 43.72 41.71 48.13 | cpu  112719652 2320238 27169784 3231944987 72005 0 234544 0 0 0
1791059298 2572, 13801, 42, 0x0000000000000000 | 43.72 41.71 48.13 | cpu  112723703 2325327 27170047 3231963565 72005 0 234546 0 0 0
1791059299 2572, 13801, 42, 0x0000000000000000 | 43.72 41.71 48.13 | cpu  112728005 2330495 27170280 3231982481 72005 0 234548 0 0 0
1791059300 2602, 13801, 42, 0x0000000000000000 | 43.72 41.71 48.13 | cpu  112731979 2335497 27170508 3232000749 72005 0 234551 0 0 0
1791059301 2572, 13801, 42, 0x0000000000000000 | 43.72 41.71 48.13 | cpu  112735850 2340733 27170718 3232020076 72005 0 234555 0 0 0
1791059302 2572, 13801, 42, 0x0000000000000000 | 54.39 43.95 48.82 | cpu  112739963 2345905 27171041 3232039483 72005 0 234558 0 0 0
1791059303 2572, 13801, 42, 0x0000000000000000 | 54.39 43.95 48.82 | cpu  112743848 2350980 27171437 3232058842 72005 0 234561 0 0 0
1791059305 2580, 13801, 42, 0x0000000000000000 | 54.39 43.95 48.82 | cpu  112748034 2356016 27171787 3232077540 72005 0 234562 0 0 0
1791059306 2745, 13801, 43, 0x0000000000000000 | 54.39 43.95 48.82 | cpu  112751641 2360960 27172114 3232096530 72005 0 234564 0 0 0
1791059307 2572, 13801, 42, 0x0000000000000000 | 54.39 43.95 48.82 | cpu  112755434 2366024 27172357 3232115298 72005 0 234565 0 0 0
1791059308 2572, 13801, 42, 0x0000000000000000 | 54.20 44.09 48.84 | cpu  112759533 2371187 27172639 3232134607 72005 0 234565 0 0 0
1791059309 2580, 13801, 42, 0x0000000000000000 | 54.20 44.09 48.84 | cpu  112764067 2376539 27172926 3232154315 72005 0 234566 0 0 0
1791059310 2572, 13801, 42, 0x0000000000000000 | 54.20 44.09 48.84 | cpu  112768092 2381600 27173277 3232173287 72005 0 234569 0 0 0
1791059311 2572, 13801, 41, 0x0000000000000000 | 54.20 44.09 48.84 | cpu  112772449 2386662 27173591 3232192147 72006 0 234570 0 0 0
1791059312 2572, 13801, 41, 0x0000000000000000 | 61.95 45.86 49.39 | cpu  112776408 2391863 27173930 3232211756 72006 0 234574 0 0 0
1791059314 2580, 13801, 41, 0x0000000000000000 | 61.95 45.86 49.39 | cpu  112780133 2396840 27174244 3232230484 72006 0 234574 0 0 0
1791059315 2572, 13801, 41, 0x0000000000000000 | 61.95 45.86 49.39 | cpu  112784206 2401826 27174558 3232249131 72006 0 234578 0 0 0
1791059316 2610, 13801, 41, 0x0000000000000000 | 61.95 45.86 49.39 | cpu  112787846 2406882 27174911 3232268125 72006 0 234584 0 0 0
1791059317 2572, 13801, 41, 0x0000000000000000 | 61.95 45.86 49.39 | cpu  112791485 2411778 27175241 3232286551 72006 0 234585 0 0 0
1791059318 2580, 13801, 41, 0x0000000000000000 | 61.07 45.95 49.40 | cpu  112795357 2416858 27175521 3232305580 72006 0 234589 0 0 0
1791059319 2572, 13801, 41, 0x0000000000000000 | 61.07 45.95 49.40 | cpu  112799536 2422215 27175864 3232325584 72006 0 234591 0 0 0
1791059320 2572, 13801, 41, 0x0000000000000000 | 61.07 45.95 49.40 | cpu  112803676 2427095 27176269 3232343669 72013 0 234592 0 0 0
1791059321 2572, 13801, 42, 0x0000000000000000 | 61.07 45.95 49.40 | cpu  112808231 2432294 27177216 3232362643 72038 0 234592 0 0 0
1791059322 2572, 13801, 41, 0x0000000000000000 | 71.08 48.27 50.13 | cpu  112811937 2437049 27178232 3232380926 72065 0 234594 0 0 0
1791059324 2580, 13801, 41, 0x0000000000000000 | 71.08 48.27 50.13 | cpu  112815549 2441913 27179193 3232399918 72086 0 234594 0 0 0
1791059325 2572, 13801, 41, 0x0000000000000000 | 71.08 48.27 50.13 | cpu  112820393 2445783 27179614 3232418784 72091 0 234595 0 0 0
1791059326 2572, 13801, 41, 0x0000000000000000 | 71.08 48.27 50.13 | cpu  112824462 2448458 27179714 3232440785 72091 0 234596 0 0 0
1791059327 2985, 13801, 43, 0x0000000000000000 | 71.08 48.27 50.13 | cpu  112829312 2450966 27179818 3232460525 72091 0 234596 0 0 0
1791059328 3000, 13801, 42, 0x0000000000000000 | 67.71 47.95 50.02 | cpu  112833580 2453702 27179944 3232482907 72091 0 234598 0 0 0
1791059329 2580, 13801, 41, 0x0000000000000000 | 67.71 47.95 50.02 | cpu  112838051 2456326 27180067 3232505853 72091 0 234598 0 0 0
1791059330 2572, 13801, 41, 0x0000000000000000 | 67.71 47.95 50.02 | cpu  112842114 2458548 27180250 3232527874 72091 0 234599 0 0 0
1791059331 2572, 13801, 41, 0x0000000000000000 | 67.71 47.95 50.02 | cpu  112846559 2460731 27180326 3232549457 72092 0 234600 0 0 0
1791059332 2580, 13801, 41, 0x0000000000000000 | 64.13 47.54 49.87 | cpu  112850799 2462862 27180446 3232571286 72092 0 234600 0 0 0
1791059334 2572, 13801, 41, 0x0000000000000000 | 64.13 47.54 49.87 | cpu  112855122 2464718 27180661 3232593217 72092 0 234602 0 0 0
1791059335 2572, 13801, 41, 0x0000000000000000 | 64.13 47.54 49.87 | cpu  112859729 2466588 27180762 3232615801 72092 0 234603 0 0 0
1791059336 2572, 13801, 41, 0x0000000000000000 | 64.13 47.54 49.87 | cpu  112864174 2468412 27180877 3232638429 72092 0 234604 0 0 0
1791059337 2685, 13801, 42, 0x0000000000000000 | 60.51 47.06 49.70 | cpu  112868343 2469958 27180978 3232661253 72092 0 234605 0 0 0
1791059338 2572, 13801, 41, 0x0000000000000000 | 60.51 47.06 49.70 | cpu  112872947 2471019 27181128 3232685094 72092 0 234606 0 0 0
1791059339 2572, 13801, 41, 0x0000000000000000 | 60.51 47.06 49.70 | cpu  112877978 2471961 27181252 3232707446 72092 0 234606 0 0 0
1791059340 2572, 13801, 41, 0x0000000000000000 | 60.51 47.06 49.70 | cpu  112882590 2472885 27181383 3232730361 72092 0 234607 0 0 0
1791059341 2572, 13801, 41, 0x0000000000000000 | 60.51 47.06 49.70 | cpu  112887179 2473746 27181492 3232753628 72092 0 234607 0 0 0
1791059343 2572, 13801, 41, 0x0000000000000000 | 56.39 46.43 49.49 | cpu  112891497 2474464 27181552 3232776644 72092 0 234607 0 0 0
1791059344 2580, 13801, 41, 0x0000000000000000 | 56.39 46.43 49.49 | cpu  112896441 2474980 27181932 3232799932 72092 0 234608 0 0 0
1791059345 2580, 13801, 41, 0x0000000000000000 | 56.39 46.43 49.49 | cpu  112901029 2475404 27182602 3232822730 72092 0 234608 0 0 0
1791059346 2572, 13801, 41, 0x0000000000000000 | 56.39 46.43 49.49 | cpu  112905916 2475724 27182876 3232844735 72092 0 234608 0 0 0
1791059347 2685, 13801, 42, 0x0000000000000000 | 62.52 47.87 49.93 | cpu  112910797 2476055 27182920 3232868176 72092 0 234609 0 0 0
1791059348 2572, 13801, 41, 0x0000000000000000 | 62.52 47.87 49.93 | cpu  112916368 2476275 27182995 3232890509 72092 0 234609 0 0 0
1791059349 2580, 13801, 41, 0x0000000000000000 | 62.52 47.87 49.93 | cpu  112921164 2476388 27183065 3232913551 72092 0 234609 0 0 0
1791059350 2580, 13801, 41, 0x0000000000000000 | 62.52 47.87 49.93 | cpu  112925782 2476494 27183129 3232937087 72092 0 234610 0 0 0
1791059351 2572, 13801, 40, 0x0000000000000000 | 62.52 47.87 49.93 | cpu  112930308 2476602 27183170 3232960155 72092 0 234610 0 0 0
1791059353 2580, 13801, 40, 0x0000000000000000 | 57.76 47.12 49.68 | cpu  112935080 2476637 27183297 3232984021 72092 0 234610 0 0 0
1791059354 2572, 13801, 40, 0x0000000000000000 | 57.76 47.12 49.68 | cpu  112939821 2476686 27183514 3233006514 72092 0 234610 0 0 0
1791059355 2572, 13801, 40, 0x0000000000000000 | 57.76 47.12 49.68 | cpu  112944656 2476930 27183820 3233030646 72092 0 234611 0 0 0
1791059356 2580, 13801, 40, 0x0000000000000000 | 57.76 47.12 49.68 | cpu  112949629 2476930 27184000 3233053671 72092 0 234612 0 0 0
1791059357 2572, 13801, 40, 0x0000000000000000 | 53.45 46.41 49.44 | cpu  112954861 2476930 27184106 3233077438 72092 0 234613 0 0 0
1791059358 2580, 13801, 40, 0x0000000000000000 | 53.45 46.41 49.44 | cpu  112959660 2476930 27184165 3233099888 72092 0 234614 0 0 0
1791059359 2572, 13801, 40, 0x0000000000000000 | 53.45 46.41 49.44 | cpu  112965323 2476930 27184250 3233123718 72092 0 234614 0 0 0
1791059360 2572, 13801, 40, 0x0000000000000000 | 53.45 46.41 49.44 | cpu  112970548 2479870 27185306 3233142928 72092 0 234616 0 0 0
1791059361 2572, 13801, 40, 0x0000000000000000 | 53.45 46.41 49.44 | cpu  112974744 2484555 27186156 3233162402 72092 0 234616 0 0 0
1791059363 3000, 13801, 41, 0x0000000000000000 | 53.25 46.48 49.45 | cpu  112978786 2489229 27186925 3233181986 72092 0 234616 0 0 0
1791059364 2580, 13801, 40, 0x0000000000000000 | 53.25 46.48 49.45 | cpu  112983228 2494058 27187625 3233201319 72092 0 234618 0 0 0
1791059365 2572, 13801, 40, 0x0000000000000000 | 53.25 46.48 49.45 | cpu  112987204 2498669 27188340 3233220133 72092 0 234619 0 0 0
1791059366 2572, 13801, 40, 0x0000000000000000 | 53.25 46.48 49.45 | cpu  112991242 2503142 27189148 3233238728 72092 0 234619 0 0 0
1791059367 2685, 13801, 42, 0x0000000000000000 | 53.15 46.58 49.46 | cpu  112995473 2507746 27189924 3233257739 72092 0 234619 0 0 0
1791059368 3000, 13801, 41, 0x0000000000000000 | 53.15 46.58 49.46 | cpu  112999660 2512499 27190664 3233277169 72092 0 234620 0 0 0
1791059369 2587, 13801, 41, 0x0000000000000000 | 53.15 46.58 49.46 | cpu  113003944 2517494 27191297 3233297135 72092 0 234620 0 0 0
1791059370 2572, 13801, 40, 0x0000000000000000 | 53.15 46.58 49.46 | cpu  113010525 2522253 27191914 3233313306 72092 0 234622 0 0 0
1791059372 2587, 13801, 40, 0x0000000000000000 | 53.15 46.58 49.46 | cpu  113016397 2527163 27192523 3233330983 72092 0 234630 0 0 0
1791059373 2572, 13801, 40, 0x0000000000000000 | 52.98 46.65 49.47 | cpu  113020530 2531931 27193053 3233349328 72092 0 234630 0 0 0
1791059374 2572, 13801, 40, 0x0000000000000000 | 52.98 46.65 49.47 | cpu  113022596 2537124 27193469 3233371301 72092 0 234631 0 0 0
1791059375 2595, 13801, 40, 0x0000000000000000 | 52.98 46.65 49.47 | cpu  113023956 2541989 27193856 3233392226 72092 0 234632 0 0 0
1791059376 2572, 13801, 40, 0x0000000000000000 | 52.98 46.65 49.47 | cpu  113025350 2547098 27194266 3233414388 72092 0 234632 0 0 0
1791059377 2902, 13801, 46, 0x0000000000000000 | 52.74 46.71 49.47 | cpu  113026915 2552054 27194645 3233435746 72092 0 234634 0 0 0
1791059378 2820, 13801, 56, 0x0000000000000004 | 52.74 46.71 49.47 | cpu  113028181 2556986 27195016 3233457083 72092 0 234635 0 0 0
1791059379 2752, 13801, 56, 0x0000000000000004 | 52.74 46.71 49.47 | cpu  113029550 2561940 27195366 3233478407 72092 0 234636 0 0 0
1791059380 2760, 13801, 56, 0x0000000000000004 | 52.74 46.71 49.47 | cpu  113032014 2566910 27195611 3233498360 72092 0 234637 0 0 0
1791059382 2917, 13801, 56, 0x0000000000000004 | 52.74 46.71 49.47 | cpu  113036002 2572093 27195808 3233517333 72093 0 234637 0 0 0
1791059383 2917, 13801, 57, 0x0000000000000004 | 62.77 48.89 50.16 | cpu  113040180 2577312 27196010 3233536382 72093 0 234637 0 0 0
1791059384 2955, 13801, 48, 0x0000000000000000 | 62.77 48.89 50.16 | cpu  113044287 2582482 27196261 3233555158 72093 0 234638 0 0 0
1791059385 2947, 13801, 51, 0x0000000000000000 | 62.77 48.89 50.16 | cpu  113048073 2587560 27196478 3233574037 72093 0 234638 0 0 0
1791059386 2985, 13801, 45, 0x0000000000000000 | 62.77 48.89 50.16 | cpu  113052214 2592979 27196676 3233594074 72093 0 234639 0 0 0
1791059387 2955, 13801, 50, 0x0000000000000000 | 72.00 51.03 50.85 | cpu  113056122 2598133 27196926 3233613405 72093 0 234641 0 0 0
1791059388 2985, 13801, 45, 0x0000000000000000 | 72.00 51.03 50.85 | cpu  113059928 2603329 27197286 3233633117 72096 0 234641 0 0 0
1791059389 2985, 13801, 44, 0x0000000000000000 | 72.00 51.03 50.85 | cpu  113063797 2608279 27197704 3233651903 72096 0 234641 0 0 0
1791059391 2572, 13801, 43, 0x0000000000000000 | 72.00 51.03 50.85 | cpu  113067521 2613325 27197991 3233671063 72096 0 234642 0 0 0
1791059392 2580, 13801, 43, 0x0000000000000000 | 72.00 51.03 50.85 | cpu  113071279 2618457 27198206 3233690267 72096 0 234642 0 0 0
1791059393 2572, 13801, 43, 0x0000000000000000 | 70.32 51.03 50.85 | cpu  113074968 2623488 27198456 3233709093 72096 0 234642 0 0 0
1791059394 2572, 13801, 43, 0x0000000000000000 | 70.32 51.03 50.85 | cpu  113078735 2628572 27198664 3233728087 72096 0 234643 0 0 0
1791059395 2572, 13801, 43, 0x0000000000000000 | 70.32 51.03 50.85 | cpu  113082592 2633678 27198994 3233747134 72096 0 234643 0 0 0
1791059396 2580, 13801, 43, 0x0000000000000000 | 70.32 51.03 50.85 | cpu  113086631 2638838 27199337 3233766713 72096 0 234644 0 0 0
1791059397 2572, 13801, 43, 0x0000000000000000 | 68.69 51.01 50.84 | cpu  113090645 2643905 27199662 3233785738 72096 0 234644 0 0 0
1791059398 2572, 13801, 43, 0x0000000000000000 | 68.69 51.01 50.84 | cpu  113094504 2648977 27199966 3233804804 72096 0 234644 0 0 0
1791059399 2572, 13801, 43, 0x0000000000000000 | 68.69 51.01 50.84 | cpu  113098590 2654160 27200271 3233824227 72096 0 234646 0 0 0
1791059401 2580, 13801, 43, 0x0000000000000000 | 68.69 51.01 50.84 | cpu  113102573 2659128 27200632 3233842924 72096 0 234646 0 0 0
1791059402 2572, 13801, 42, 0x0000000000000000 | 68.69 51.01 50.84 | cpu  113106631 2664096 27200965 3233861573 72096 0 234647 0 0 0
1791059403 2572, 13801, 42, 0x0000000000000000 | 77.28 53.09 51.52 | cpu  113110793 2669406 27201290 3233881473 72096 0 234647 0 0 0
1791059404 2572, 13801, 42, 0x0000000000000000 | 77.28 53.09 51.52 | cpu  113114659 2674459 27201552 3233900428 72096 0 234647 0 0 0
1791059405 2580, 13801, 42, 0x0000000000000000 | 77.28 53.09 51.52 | cpu  113118685 2679408 27201928 3233919087 72096 0 234647 0 0 0
1791059406 2572, 13801, 42, 0x0000000000000000 | 77.28 53.09 51.52 | cpu  113122558 2684630 27202412 3233939257 72096 0 234647 0 0 0
1791059407 2580, 13801, 42, 0x0000000000000000 | 75.10 53.04 51.51 | cpu  113126435 2689482 27202889 3233958285 72096 0 234649 0 0 0
1791059408 2707, 13801, 44, 0x0000000000000000 | 75.10 53.04 51.51 | cpu  113130583 2694432 27203351 3233977506 72096 0 234649 0 0 0
1791059409 2580, 13801, 42, 0x0000000000000000 | 75.10 53.04 51.51 | cpu  113134310 2698418 27203755 3233996757 72097 0 234649 0 0 0
1791059410 2572, 13801, 42, 0x0000000000000000 | 75.10 53.04 51.51 | cpu  113138406 2700940 27203838 3234017374 72097 0 234649 0 0 0
1791059412 2580, 13801, 42, 0x0000000000000000 | 75.10 53.04 51.51 | cpu  113142646 2703525 27204004 3234038824 72097 0 234650 0 0 0
1791059413 2572, 13801, 42, 0x0000000000000000 | 71.17 52.59 51.37 | cpu  113146707 2706040 27204108 3234059546 72097 0 234650 0 0 0
1791059414 2962, 13801, 47, 0x0000000000000000 | 71.17 52.59 51.37 | cpu  113152198 2708630 27204346 3234080346 72097 0 234650 0 0 0
1791059415 3000, 13801, 43, 0x0000000000000000 | 71.17 52.59 51.37 | cpu  113156462 2710930 27204462 3234101047 72097 0 234650 0 0 0
1791059416 2572, 13801, 42, 0x0000000000000000 | 71.17 52.59 51.37 | cpu  113161049 2713264 27204589 3234123007 72097 0 234651 0 0 0
1791059417 2587, 13801, 42, 0x0000000000000000 | 77.56 54.22 51.91 | cpu  113165367 2715471 27204802 3234144796 72097 0 234651 0 0 0
1791059418 2655, 13801, 43, 0x0000000000000000 | 77.56 54.22 51.91 | cpu  113169773 2717493 27204948 3234166880 72097 0 234652 0 0 0
1791059419 2572, 13801, 42, 0x0000000000000000 | 77.56 54.22 51.91 | cpu  113174177 2719312 27205077 3234189215 72097 0 234652 0 0 0
1791059420 2572, 13801, 42, 0x0000000000000000 | 77.56 54.22 51.91 | cpu  113178420 2721064 27205175 3234211308 72097 0 234652 0 0 0
1791059422 2992, 13801, 43, 0x0000000000000000 | 77.56 54.22 51.91 | cpu  113182998 2722686 27205290 3234233692 72097 0 234652 0 0 0
1791059423 3000, 13801, 43, 0x0000000000000000 | 72.71 53.60 51.72 | cpu  113187279 2723966 27205472 3234255802 72097 0 234654 0 0 0
1791059424 2580, 13801, 42, 0x0000000000000000 | 72.71 53.60 51.72 | cpu  113191759 2725032 27205593 3234279371 72097 0 234660 0 0 0
1791059425 2572, 13801, 42, 0x0000000000000000 | 72.71 53.60 51.72 | cpu  113196078 2725960 27205678 3234301807 72097 0 234662 0 0 0
1791059426 2572, 13801, 42, 0x0000000000000000 | 72.71 53.60 51.72 | cpu  113200556 2726860 27205731 3234324466 72097 0 234662 0 0 0
1791059427 2572, 13801, 42, 0x0000000000000000 | 67.85 52.91 51.51 | cpu  113205347 2727635 27205789 3234347147 72097 0 234663 0 0 0
1791059428 2572, 13801, 42, 0x0000000000000000 | 67.85 52.91 51.51 | cpu  113209821 2728274 27205933 3234370248 72097 0 234663 0 0 0
1791059429 2572, 13801, 42, 0x0000000000000000 | 67.85 52.91 51.51 | cpu  113214300 2728730 27206000 3234393099 72097 0 234663 0 0 0
1791059430 2572, 13801, 42, 0x0000000000000000 | 67.85 52.91 51.51 | cpu  113219176 2729154 27206066 3234416648 72097 0 234664 0 0 0
1791059432 2647, 13801, 43, 0x0000000000000000 | 67.85 52.91 51.51 | cpu  113223805 2729441 27206126 3234438971 72097 0 234668 0 0 0
1791059433 2572, 13801, 42, 0x0000000000000000 | 72.99 54.22 51.94 | cpu  113228098 2729754 27206180 3234461808 72097 0 234670 0 0 0
1791059434 2572, 13801, 41, 0x0000000000000000 | 72.99 54.22 51.94 | cpu  113232809 2729998 27206255 3234485564 72097 0 234670 0 0 0
1791059435 2580, 13801, 41, 0x0000000000000000 | 72.99 54.22 51.94 | cpu  113237143 2730186 27206350 3234508695 72097 0 234670 0 0 0
1791059436 2572, 13801, 41, 0x0000000000000000 | 72.99 54.22 51.94 | cpu  113241825 2730252 27206448 3234532569 72097 0 234671 0 0 0
1791059437 2572, 13801, 42, 0x0000000000000000 | 67.38 53.37 51.67 | cpu  113246603 2730256 27206589 3234556559 72097 0 234672 0 0 0
1791059438 2580, 13801, 41, 0x0000000000000000 | 67.38 53.37 51.67 | cpu  113251308 2730293 27206707 3234580509 72097 0 234672 0 0 0
1791059439 2580, 13801, 41, 0x0000000000000000 | 67.38 53.37 51.67 | cpu  113255859 2730319 27206819 3234603741 72097 0 234672 0 0 0
1791059440 2572, 13801, 41, 0x0000000000000000 | 67.38 53.37 51.67 | cpu  113260495 2730319 27206938 3234627647 72097 0 234672 0 0 0
1791059442 2662, 13801, 44, 0x0000000000000000 | 67.38 53.37 51.67 | cpu  113265276 2730319 27207009 3234650913 72097 0 234673 0 0 0
1791059443 3000, 13801, 42, 0x0000000000000000 | 62.23 52.54 51.41 | cpu  113269884 2730319 27207103 3234674561 72097 0 234673 0 0 0
1791059444 3000, 13801, 42, 0x0000000000000000 | 62.23 52.54 51.41 | cpu  113274544 2730319 27207195 3234698354 72097 0 234673 0 0 0
1791059445 2572, 13801, 41, 0x0000000000000000 | 62.23 52.54 51.41 | cpu  113279220 2730319 27207297 3234721960 72097 0 234673 0 0 0
1791059446 2580, 13801, 41, 0x0000000000000000 | 62.23 52.54 51.41 | cpu  113283915 2730320 27207437 3234745040 72097 0 234674 0 0 0
1791059447 2917, 13801, 44, 0x0000000000000000 | 59.48 52.13 51.29 | cpu  113289356 2730320 27207560 3234770038 72097 0 234675 0 0 0
1791059448 2992, 13801, 43, 0x0000000000000000 | 59.48 52.13 51.29 | cpu  113293805 2730320 27207694 3234793373 72097 0 234675 0 0 0
1791059449 3000, 13801, 42, 0x0000000000000000 | 59.48 52.13 51.29 | cpu  113298863 2730320 27207806 3234816802 72097 0 234675 0 0 0
1791059450 2572, 13801, 41, 0x0000000000000000 | 59.48 52.13 51.29 | cpu  113303757 2730320 27207919 3234839895 72097 0 234676 0 0 0
1791059452 2580, 13801, 41, 0x0000000000000000 | 59.48 52.13 51.29 | cpu  113308568 2730320 27208081 3234863374 72097 0 234676 0 0 0
1791059453 2572, 13801, 41, 0x0000000000000000 | 55.04 51.33 51.03 | cpu  113313713 2730320 27208141 3234886775 72097 0 234676 0 0 0
1791059454 3000, 13801, 42, 0x0000000000000000 | 55.04 51.33 51.03 | cpu  113318746 2730320 27208208 3234909579 72097 0 234676 0 0 0
1791059455 2572, 13801, 41, 0x0000000000000000 | 55.04 51.33 51.03 | cpu  113323946 2730320 27208258 3234933115 72097 0 234676 0 0 0
1791059456 2580, 13801, 41, 0x0000000000000000 | 55.04 51.33 51.03 | cpu  113329104 2730320 27208350 3234957558 72097 0 234676 0 0 0
1791059457 2572, 13801, 41, 0x0000000000000000 | 61.04 52.64 51.46 | cpu  113333830 2730320 27208432 3234981716 72097 0 234676 0 0 0
1791059458 2992, 13801, 43, 0x0000000000000000 | 61.04 52.64 51.46 | cpu  113338200 2730320 27208512 3235006115 72097 0 234676 0 0 0
1791059459 2955, 13801, 50, 0x0000000000000004 | 61.04 52.64 51.46 | cpu  113343208 2730320 27208605 3235029066 72097 0 234679 0 0 0
1791059460 2985, 13801, 43, 0x0000000000000000 | 61.04 52.64 51.46 | cpu  113348064 2730320 27208683 3235052370 72097 0 234679 0 0 0
1791059462 2962, 13801, 49, 0x0000000000000000 | 61.04 52.64 51.46 | cpu  113352988 2730320 27208796 3235075282 72097 0 234679 0 0 0
1791059463 2970, 13801, 43, 0x0000000000000004 | 56.48 51.83 51.20 | cpu  113358173 2730320 27208902 3235098792 72097 0 234680 0 0 0
1791059464 2985, 13801, 44, 0x0000000000000000 | 56.48 51.83 51.20 | cpu  113363218 2730320 27209048 3235122498 72097 0 234680 0 0 0
1791059465 2962, 13801, 47, 0x0000000000000000 | 56.48 51.83 51.20 | cpu  113369064 2730320 27209126 3235146330 72097 0 234680 0 0 0
1791059466 2970, 13801, 46, 0x0000000000000004 | 56.48 51.83 51.20 | cpu  113374434 2730320 27209180 3235168861 72097 0 234680 0 0 0
1791059467 2985, 13801, 44, 0x0000000000000000 | 52.43 51.07 50.96 | cpu  113379471 2730320 27209252 3235191933 72097 0 234681 0 0 0
1791059468 2970, 13801, 45, 0x0000000000000000 | 52.43 51.07 50.96 | cpu  113384811 2730320 27209348 3235214514 72097 0 234682 0 0 0
1791059469 2947, 13801, 52, 0x0000000000000004 | 52.43 51.07 50.96 | cpu  113389990 2730320 27209428 3235237192 72097 0 234683 0 0 0
1791059470 2985, 13801, 44, 0x0000000000000000 | 52.43 51.07 50.96 | cpu  113394836 2730320 27209512 3235260169 72097 0 234684 0 0 0
1791059472 2985, 13801, 44, 0x0000000000000000 | 52.43 51.07 50.96 | cpu  113399873 2730320 27209573 3235283749 72097 0 234684 0 0 0
1791059473 2970, 13801, 52, 0x0000000000000004 | 48.55 50.29 50.71 | cpu  113404732 2730320 27209636 3235307202 72097 0 234684 0 0 0
1791059474 2947, 13801, 50, 0x0000000000000000 | 48.55 50.29 50.71 | cpu  113409800 2730320 27209719 3235330580 72097 0 234684 0 0 0
1791059475 2985, 13801, 44, 0x0000000000000000 | 48.55 50.29 50.71 | cpu  113414819 2730320 27209781 3235354318 72097 0 234685 0 0 0
1791059476 2977, 13801, 46, 0x0000000000000000 | 48.55 50.29 50.71 | cpu  113419906 2730320 27209828 3235376512 72097 0 234686 0 0 0
1791059477 2985, 13801, 44, 0x0000000000000000 | 55.08 51.61 51.13 | cpu  113424677 2730320 27209872 3235400148 72097 0 234686 0 0 0
1791059478 2955, 13801, 47, 0x0000000000000000 | 55.08 51.61 51.13 | cpu  113429675 2730320 27209927 3235423675 72097 0 234687 0 0 0
1791059479 2985, 13801, 45, 0x0000000000000000 | 55.08 51.61 51.13 | cpu  113434008 2730320 27210065 3235447053 72097 0 234688 0 0 0
1791059480 2970, 13801, 53, 0x0000000000000004 | 55.08 51.61 51.13 | cpu  113438839 2730320 27210128 3235470122 72097 0 234688 0 0 0
1791059482 2985, 13801, 45, 0x0000000000000000 | 55.08 51.61 51.13 | cpu  113443818 2730320 27210210 3235492563 72097 0 234689 0 0 0
1791059483 2985, 13801, 44, 0x0000000000000004 | 50.99 50.82 50.88 | cpu  113449465 2730320 27210273 3235515896 72097 0 234690 0 0 0
1791059484 2985, 13801, 45, 0x0000000000000000 | 50.99 50.82 50.88 | cpu  113454863 2730320 27210329 3235538733 72097 0 234690 0 0 0
1791059485 2985, 13801, 45, 0x0000000000000000 | 50.99 50.82 50.88 | cpu  113460234 2730320 27210430 3235561440 72097 0 234691 0 0 0
1791059486 2977, 13801, 46, 0x0000000000000000 | 50.99 50.82 50.88 | cpu  113465345 2730320 27210486 3235584023 72097 0 234692 0 0 0
1791059487 2985, 13801, 45, 0x0000000000000000 | 49.31 50.47 50.77 | cpu  113470610 2730320 27210536 3235606906 72097 0 234694 0 0 0
1791059488 2970, 13801, 53, 0x0000000000000004 | 49.31 50.47 50.77 | cpu  113476000 2730320 27210600 3235630303 72097 0 234694 0 0 0
1791059489 2955, 13801, 48, 0x0000000000000000 | 49.31 50.47 50.77 | cpu  113481306 2730320 27210664 3235653743 72097 0 234694 0 0 0
1791059490 2985, 13801, 45, 0x0000000000000000 | 49.31 50.47 50.77 | cpu  113486351 2730320 27210762 3235677032 72097 0 234696 0 0 0
1791059492 2947, 13801, 50, 0x0000000000000000 | 49.31 50.47 50.77 | cpu  113491720 2730320 27210822 3235700496 72097 0 234696 0 0 0
1791059493 2985, 13801, 45, 0x0000000000000000 | 55.93 51.83 51.20 | cpu  113496996 2730320 27210876 3235724155 72097 0 234696 0 0 0
1791059494 2572, 13801, 43, 0x0000000000000000 | 55.93 51.83 51.20 | cpu  113501617 2730320 27210909 3235748205 72097 0 234696 0 0 0
1791059495 2580, 13801, 43, 0x0000000000000000 | 55.93 51.83 51.20 | cpu  113506556 2730320 27210948 3235771371 72097 0 234697 0 0 0
1791059496 2572, 13801, 43, 0x0000000000000000 | 55.93 51.83 51.20 | cpu  113511472 2730320 27211050 3235794392 72097 0 234698 0 0 0
1791059497 2962, 13801, 49, 0x0000000000000000 | 55.05 51.71 51.17 | cpu  113516262 2730320 27211117 3235817412 72097 0 234698 0 0 0
1791059498 2985, 13801, 45, 0x0000000000000000 | 55.05 51.71 51.17 | cpu  113521792 2730320 27211216 3235839840 72097 0 234698 0 0 0
1791059499 2715, 13801, 44, 0x0000000000000000 | 55.05 51.71 51.17 | cpu  113527358 2730320 27211257 3235862455 72097 0 234699 0 0 0
1791059500 2947, 13801, 51, 0x0000000000000000 | 55.05 51.71 51.17 | cpu  113532701 2730320 27211325 3235884949 72097 0 234699 0 0 0
1791059501 2947, 13801, 50, 0x0000000000000000 | 55.05 51.71 51.17 | cpu  113537886 2730320 27211420 3235908081 72097 0 234699 0 0 0
1791059503 2955, 13801, 52, 0x0000000000000000 | 50.96 50.92 50.92 | cpu  113543042 2730320 27211470 3235931941 72097 0 234699 0 0 0
1791059504 2947, 13801, 52, 0x0000000000000000 | 50.96 50.92 50.92 | cpu  113548263 2730320 27211517 3235955184 72097 0 234701 0 0 0
1791059505 2947, 13801, 51, 0x0000000000000000 | 50.96 50.92 50.92 | cpu  113553088 2730320 27211559 3235978382 72097 0 234702 0 0 0
1791059506 2985, 13801, 46, 0x0000000000000000 | 50.96 50.92 50.92 | cpu  113557926 2730320 27211615 3236002169 72097 0 234702 0 0 0
1791059507 2985, 13801, 46, 0x0000000000000000 | 49.61 50.64 50.82 | cpu  113562486 2730320 27211722 3236026896 72097 0 234702 0 0 0
1791059508 2595, 13801, 45, 0x0000000000000000 | 49.61 50.64 50.82 | cpu  113567958 2730320 27211787 3236050592 72097 0 234702 0 0 0
1791059509 2572, 13801, 44, 0x0000000000000000 | 49.61 50.64 50.82 | cpu  113573292 2730320 27211838 3236073526 72097 0 234702 0 0 0
1791059510 2587, 13801, 44, 0x0000000000000000 | 49.61 50.64 50.82 | cpu  113578398 2730320 27211879 3236096314 72097 0 234703 0 0 0
1791059512 2572, 13801, 44, 0x0000000000000000 | 49.61 50.64 50.82 | cpu  113583017 2730320 27211958 3236120483 72097 0 234704 0 0 0
1791059513 2572, 13801, 44, 0x0000000000000000 | 47.95 50.28 50.71 | cpu  113588056 2730320 27212060 3236144417 72097 0 234704 0 0 0
1791059514 2572, 13801, 44, 0x0000000000000000 | 47.95 50.28 50.71 | cpu  113593962 2730320 27212166 3236165941 72097 0 234705 0 0 0
1791059515 2572, 13801, 44, 0x0000000000000000 | 47.95 50.28 50.71 | cpu  113598935 2730320 27212211 3236188882 72097 0 234705 0 0 0
1791059516 2572, 13801, 44, 0x0000000000000000 | 47.95 50.28 50.71 | cpu  113603807 2730320 27212260 3236211879 72097 0 234705 0 0 0
1791059517 2595, 13801, 44, 0x0000000000000000 | 47.40 50.13 50.65 | cpu  113609408 2730320 27212311 3236234523 72097 0 234706 0 0 0
1791059518 2617, 13801, 44, 0x0000000000000000 | 47.40 50.13 50.65 | cpu  113614336 2730320 27212408 3236257544 72097 0 234706 0 0 0
1791059519 2947, 13801, 52, 0x0000000000000000 | 47.40 50.13 50.65 | cpu  113619615 2730320 27212457 3236280555 72097 0 234706 0 0 0
1791059520 2985, 13801, 45, 0x0000000000000000 | 47.40 50.13 50.65 | cpu  113624997 2730320 27212515 3236304461 72097 0 234706 0 0 0
1791059522 2955, 13801, 51, 0x0000000000000000 | 47.40 50.13 50.65 | cpu  113630092 2730320 27212558 3236327685 72097 0 234707 0 0 0
1791059523 2977, 13801, 50, 0x0000000000000000 | 48.41 50.29 50.70 | cpu  113635657 2730320 27212602 3236351817 72097 0 234708 0 0 0
1791059524 2985, 13801, 45, 0x0000000000000000 | 48.41 50.29 50.70 | cpu  113640686 2730320 27212782 3236374766 72097 0 234708 0 0 0
1791059525 2985, 13801, 44, 0x0000000000000000 | 48.41 50.29 50.70 | cpu  113645992 2730320 27212882 3236398186 72097 0 234709 0 0 0
1791059526 2572, 13801, 44, 0x0000000000000000 | 48.41 50.29 50.70 | cpu  113651380 2730320 27212926 3236421311 72098 0 234709 0 0 0
1791059527 2580, 13801, 44, 0x0000000000000000 | 44.85 49.52 50.45 | cpu  113656784 2730320 27212969 3236444818 72098 0 234710 0 0 0
1791059528 2947, 13801, 51, 0x0000000000000000 | 44.85 49.52 50.45 | cpu  113661862 2730320 27213012 3236468349 72098 0 234710 0 0 0
1791059529 2985, 13801, 46, 0x0000000000000000 | 44.85 49.52 50.45 | cpu  113666939 2730320 27213114 3236491553 72098 0 234710 0 0 0
1791059531 2985, 13801, 45, 0x0000000000000000 | 44.85 49.52 50.45 | cpu  113671743 2730320 27213160 3236515026 72098 0 234711 0 0 0
1791059532 2925, 13801, 47, 0x0000000000000000 | 44.85 49.52 50.45 | cpu  113676424 2730320 27213192 3236538655 72098 0 234711 0 0 0
1791059533 2985, 13801, 46, 0x0000000000000000 | 46.14 49.71 50.51 | cpu  113681076 2730320 27213233 3236562134 72098 0 234711 0 0 0
1791059534 2910, 13801, 56, 0x0000000000000004 | 46.14 49.71 50.51 | cpu  113685446 2730320 27213311 3236585577 72098 0 234716 0 0 0
1791059535 2572, 13801, 45, 0x0000000000000000 | 46.14 49.71 50.51 | cpu  113690196 2730320 27213461 3236608805 72098 0 234730 0 0 0
1791059536 2850, 13801, 48, 0x0000000000000000 | 46.14 49.71 50.51 | cpu  113694636 2730320 27213509 3236632502 72098 0 234732 0 0 0
1791059537 2985, 13801, 46, 0x0000000000000000 | 42.69 48.94 50.26 | cpu  113699449 2730320 27213560 3236655884 72098 0 234732 0 0 0
1791059538 2925, 13801, 47, 0x0000000000000000 | 42.69 48.94 50.26 | cpu  113703993 2730320 27213613 3236679587 72098 0 234732 0 0 0
1791059539 2985, 13801, 46, 0x0000000000000000 | 42.69 48.94 50.26 | cpu  113708480 2730320 27213664 3236702887 72098 0 234732 0 0 0
1791059540 2985, 13801, 46, 0x0000000000000000 | 42.69 48.94 50.26 | cpu  113713135 2730320 27213758 3236726470 72098 0 234732 0 0 0
1791059542 2970, 13801, 57, 0x0000000000000000 | 42.69 48.94 50.26 | cpu  113717684 2730320 27213796 3236750090 72098 0 234732 0 0 0
1791059543 2985, 13801, 46, 0x0000000000000000 | 39.51 48.17 50.00 | cpu  113722179 2730320 27213845 3236773723 72098 0 234732 0 0 0
1791059544 2985, 13801, 47, 0x0000000000000000 | 39.51 48.17 50.00 | cpu  113726484 2730320 27213892 3236797293 72098 0 234732 0 0 0
1791059545 2970, 13801, 54, 0x0000000000000004 | 39.51 48.17 50.00 | cpu  113731540 2730320 27213958 3236821099 72098 0 234733 0 0 0
1791059546 2985, 13801, 47, 0x0000000000000000 | 39.51 48.17 50.00 | cpu  113736013 2730320 27214052 3236844788 72098 0 234733 0 0 0
1791059547 2925, 13801, 54, 0x0000000000000004 | 36.59 47.42 49.75 | cpu  113740852 2730320 27214100 3236868349 72098 0 234733 0 0 0
1791059548 2977, 13801, 48, 0x0000000000000000 | 36.59 47.42 49.75 | cpu  113745678 2730320 27214152 3236892047 72098 0 234734 0 0 0
1791059549 2985, 13801, 47, 0x0000000000000000 | 36.59 47.42 49.75 | cpu  113750613 2730320 27214207 3236916011 72098 0 234734 0 0 0
1791059550 2947, 13801, 48, 0x0000000000000000 | 36.59 47.42 49.75 | cpu  113755475 2730320 27214251 3236940385 72098 0 234734 0 0 0
1791059552 2962, 13801, 53, 0x0000000000000000 | 36.59 47.42 49.75 | cpu  113760051 2730320 27214337 3236964011 72098 0 234734 0 0 0
1791059553 2985, 13801, 47, 0x0000000000000000 | 44.07 48.80 50.18 | cpu  113764440 2730320 27214408 3236987139 72098 0 234735 0 0 0
1791059554 2955, 13801, 48, 0x0000000000000000 | 44.07 48.80 50.18 | cpu  113768978 2730320 27214485 3237010276 72098 0 234735 0 0 0
1791059555 2985, 13801, 47, 0x0000000000000000 | 44.07 48.80 50.18 | cpu  113773558 2730320 27214632 3237034237 72098 0 234736 0 0 0
1791059556 2985, 13801, 47, 0x0000000000000000 | 44.07 48.80 50.18 | cpu  113778009 2730320 27214704 3237057111 72098 0 234737 0 0 0
1791059557 2962, 13801, 53, 0x0000000000000004 | 40.94 48.07 49.94 | cpu  113782780 2730320 27214784 3237080243 72098 0 234737 0 0 0
1791059558 2955, 13801, 48, 0x0000000000000000 | 40.94 48.07 49.94 | cpu  113787577 2730320 27214862 3237104407 72098 0 234737 0 0 0
1791059559 2940, 13801, 52, 0x0000000000000000 | 40.94 48.07 49.94 | cpu  113791918 2730320 27214906 3237128395 72098 0 234737 0 0 0
1791059560 2985, 13801, 48, 0x0000000000000000 | 40.94 48.07 49.94 | cpu  113796866 2730320 27214970 3237151816 72098 0 234738 0 0 0
1791059561 2985, 13801, 48, 0x0000000000000000 | 40.94 48.07 49.94 | cpu  113801857 2730320 27215012 3237175751 72098 0 234739 0 0 0
1791059563 2895, 13801, 49, 0x0000000000000000 | 37.98 47.34 49.69 | cpu  113806649 2730320 27215082 3237199048 72098 0 234740 0 0 0
1791059564 2947, 13801, 60, 0x0000000000000004 | 37.98 47.34 49.69 | cpu  113811522 2730320 27215154 3237222442 72098 0 234740 0 0 0
1791059565 2985, 13801, 48, 0x0000000000000000 | 37.98 47.34 49.69 | cpu  113816838 2730320 27215220 3237245810 72099 0 234740 0 0 0
1791059566 2910, 13801, 59, 0x0000000000000004 | 37.98 47.34 49.69 | cpu  113821908 2730320 27215256 3237268187 72099 0 234741 0 0 0
1791059567 2985, 13801, 48, 0x0000000000000000 | 39.10 47.41 49.70 | cpu  113827145 2730320 27215296 3237291378 72099 0 234742 0 0 0
1791059568 2865, 13801, 49, 0x0000000000000000 | 39.10 47.41 49.70 | cpu  113831970 2730320 27215380 3237315171 72099 0 234742 0 0 0
1791059569 2985, 13801, 48, 0x0000000000000000 | 39.10 47.41 49.70 | cpu  113836308 2730320 27215523 3237339522 72099 0 234743 0 0 0
1791059570 2962, 13801, 50, 0x0000000000000000 | 39.10 47.41 49.70 | cpu  113841102 2730320 27215640 3237364531 72099 0 234744 0 0 0
1791059572 2985, 13801, 48, 0x0000000000000000 | 39.10 47.41 49.70 | cpu  113846009 2730320 27215687 3237387778 72099 0 234744 0 0 0
1791059573 2962, 13801, 49, 0x0000000000000000 | 36.21 46.68 49.45 | cpu  113850772 2730320 27215746 3237411172 72099 0 234745 0 0 0
1791059574 2985, 13801, 48, 0x0000000000000000 | 36.21 46.68 49.45 | cpu  113855926 2730320 27215830 3237434930 72099 0 234746 0 0 0
1791059575 2917, 13801, 49, 0x0000000000000000 | 36.21 46.68 49.45 | cpu  113860689 2730320 27215905 3237457878 72099 0 234747 0 0 0
1791059576 2932, 13801, 60, 0x0000000000000004 | 36.21 46.68 49.45 | cpu  113865833 2730320 27215951 3237481539 72099 0 234748 0 0 0
1791059577 2985, 13801, 49, 0x0000000000000000 | 36.92 46.65 49.43 | cpu  113870796 2730320 27216006 3237505127 72099 0 234748 0 0 0
1791059578 2970, 13801, 56, 0x0000000000000000 | 36.92 46.65 49.43 | cpu  113875762 2730320 27216068 3237528387 72099 0 234748 0 0 0
1791059579 2985, 13801, 49, 0x0000000000000000 | 36.92 46.65 49.43 | cpu  113880716 2730320 27216124 3237551936 72099 0 234749 0 0 0
1791059580 2925, 13801, 58, 0x0000000000000000 | 36.92 46.65 49.43 | cpu  113885380 2730320 27216240 3237574514 72100 0 234750 0 0 0
1791059582 2985, 13801, 48, 0x0000000000000000 | 36.92 46.65 49.43 | cpu  113890350 2730320 27216298 3237598276 72100 0 234750 0 0 0
1791059583 2977, 13801, 50, 0x0000000000000000 | 34.20 45.92 49.18 | cpu  113897009 2730320 27216432 3237621126 72100 0 234752 0 0 0
1791059584 2985, 13801, 49, 0x0000000000000000 | 34.20 45.92 49.18 | cpu  113901601 2730320 27216489 3237644587 72100 0 234752 0 0 0
1791059585 2947, 13801, 50, 0x0000000000000000 | 34.20 45.92 49.18 | cpu  113906004 2730320 27216538 3237668104 72100 0 234752 0 0 0
1791059586 2977, 13801, 56, 0x0000000000000004 | 34.20 45.92 49.18 | cpu  113910808 2730320 27216697 3237691161 72100 0 234754 0 0 0
1791059587 2985, 13801, 49, 0x0000000000000000 | 31.70 45.21 48.93 | cpu  113916568 2730320 27216773 3237715055 72100 0 234754 0 0 0
1791059588 2947, 13801, 57, 0x0000000000000004 | 31.70 45.21 48.93 | cpu  113921267 2730320 27216805 3237738061 72100 0 234754 0 0 0
1791059589 2962, 13801, 52, 0x0000000000000000 | 31.70 45.21 48.93 | cpu  113926042 2730320 27216843 3237762289 72100 0 234754 0 0 0
1791059590 2985, 13801, 49, 0x0000000000000000 | 31.70 45.21 48.93 | cpu  113930819 2730320 27216895 3237786051 72100 0 234755 0 0 0
1791059592 2895, 13801, 52, 0x0000000000000000 | 31.70 45.21 48.93 | cpu  113935794 2730320 27216992 3237809934 72100 0 234755 0 0 0
1791059593 2985, 13801, 49, 0x0000000000000000 | 29.48 44.53 48.69 | cpu  113940685 2730320 27217062 3237832704 72100 0 234755 0 0 0
1791059594 2985, 13801, 51, 0x0000000000000004 | 29.48 44.53 48.69 | cpu  113945742 2730320 27217121 3237855992 72100 0 234756 0 0 0
1791059595 2985, 13801, 49, 0x0000000000000000 | 29.48 44.53 48.69 | cpu  113950670 2730320 27217175 3237879738 72100 0 234756 0 0 0
1791059596 2925, 13801, 51, 0x0000000000000000 | 29.48 44.53 48.69 | cpu  113955556 2730320 27217240 3237902157 72101 0 234756 0 0 0
1791059597 2985, 13801, 49, 0x0000000000000000 | 37.53 45.94 49.13 | cpu  113960452 2730320 27217362 3237926775 72101 0 234758 0 0 0
1791059598 2970, 13801, 49, 0x0000000000000004 | 37.53 45.94 49.13 | cpu  113965660 2730320 27217439 3237949639 72101 0 234758 0 0 0
1791059599 2985, 13801, 49, 0x0000000000000000 | 37.53 45.94 49.13 | cpu  113971250 2730320 27217574 3237972246 72102 0 234758 0 0 0
1791059601 2767, 13801, 51, 0x0000000000000000 | 37.53 45.94 49.13 | cpu  113975847 2730320 27217639 3237995820 72102 0 234759 0 0 0
1791059602 2640, 13801, 54, 0x0000000000000004 | 37.53 45.94 49.13 | cpu  113981229 2730320 27217702 3238018484 72102 0 234759 0 0 0
1791059603 2572, 13801, 49, 0x0000000000000000 | 45.26 47.41 49.58 | cpu  113986379 2730320 27217883 3238041516 72102 0 234760 0 0 0
1791059604 2835, 13801, 54, 0x0000000000000000 | 45.26 47.41 49.58 | cpu  113991188 2730320 27217945 3238064429 72102 0 234760 0 0 0
1791059605 2985, 13801, 49, 0x0000000000000000 | 45.26 47.41 49.58 | cpu  113996804 2730320 27218007 3238088195 72102 0 234760 0 0 0
1791059606 2940, 13801, 53, 0x0000000000000000 | 45.26 47.41 49.58 | cpu  114001984 2730320 27218044 3238111519 72102 0 234761 0 0 0
1791059607 2985, 13801, 49, 0x0000000000000000 | 42.03 46.70 49.34 | cpu  114007259 2730320 27218089 3238134452 72102 0 234761 0 0 0
1791059608 2977, 13801, 59, 0x0000000000000004 | 42.03 46.70 49.34 | cpu  114012529 2730320 27218200 3238156544 72102 0 234761 0 0 0
1791059609 2910, 13801, 52, 0x0000000000000000 | 42.03 46.70 49.34 | cpu  114017183 2730320 27218248 3238180258 72102 0 234761 0 0 0
1791059610 2985, 13801, 49, 0x0000000000000000 | 42.03 46.70 49.34 | cpu  114021997 2730320 27218312 3238204001 72102 0 234762 0 0 0
1791059612 2962, 13801, 51, 0x0000000000000000 | 42.03 46.70 49.34 | cpu  114026875 2730320 27218362 3238226852 72102 0 234762 0 0 0
1791059613 2985, 13801, 49, 0x0000000000000000 | 38.99 45.99 49.10 | cpu  114031649 2730320 27218398 3238250426 72102 0 234762 0 0 0
1791059614 2932, 13801, 56, 0x0000000000000000 | 38.99 45.99 49.10 | cpu  114036364 2730320 27218543 3238274214 72102 0 234762 0 0 0
1791059615 2985, 13801, 49, 0x0000000000000000 | 38.99 45.99 49.10 | cpu  114041504 2730320 27218605 3238299549 72102 0 234762 0 0 0
1791059616 2985, 13801, 50, 0x0000000000000000 | 38.99 45.99 49.10 | cpu  114046590 2730320 27218648 3238322898 72102 0 234764 0 0 0
1791059617 2970, 13801, 53, 0x0000000000000000 | 46.28 47.39 49.53 | cpu  114051347 2730320 27218698 3238346496 72102 0 234764 0 0 0
1791059618 2932, 13801, 52, 0x0000000000000000 | 46.28 47.39 49.53 | cpu  114056336 2730320 27218734 3238369679 72102 0 234765 0 0 0
1791059619 2985, 13801, 49, 0x0000000000000000 | 46.28 47.39 49.53 | cpu  114060936 2730320 27218831 3238393636 72102 0 234765 0 0 0
1791059621 2985, 13801, 49, 0x0000000000000000 | 46.28 47.39 49.53 | cpu  114065843 2730320 27218870 3238417388 72102 0 234765 0 0 0
1791059622 2985, 13801, 49, 0x0000000000000000 | 46.28 47.39 49.53 | cpu  114070804 2730320 27218929 3238440650 72102 0 234766 0 0 0
1791059623 2587, 13801, 48, 0x0000000000000000 | 42.89 46.67 49.29 | cpu  114075743 2730320 27218979 3238463802 72102 0 234766 0 0 0
1791059624 2602, 13801, 48, 0x0000000000000000 | 42.89 46.67 49.29 | cpu  114080415 2730320 27219012 3238487298 72102 0 234767 0 0 0
1791059625 2572, 13801, 48, 0x0000000000000000 | 42.89 46.67 49.29 | cpu  114084962 2730320 27219109 3238510758 72102 0 234768 0 0 0
1791059626 2572, 13801, 48, 0x0000000000000000 | 42.89 46.67 49.29 | cpu  114089490 2730320 27219164 3238533991 72102 0 234768 0 0 0
1791059627 2572, 13801, 48, 0x0000000000000000 | 40.02 46.01 49.06 | cpu  114094117 2730320 27219228 3238557943 72102 0 234768 0 0 0
1791059628 2587, 13801, 47, 0x0000000000000000 | 40.02 46.01 49.06 | cpu  114098801 2730320 27219272 3238581376 72102 0 234768 0 0 0
1791059629 2602, 13801, 47, 0x0000000000000000 | 40.02 46.01 49.06 | cpu  114103259 2730320 27219356 3238604684 72102 0 234770 0 0 0
1791059630 2587, 13801, 48, 0x0000000000000000 | 40.02 46.01 49.06 | cpu  114107888 2730320 27219460 3238628488 72102 0 234770 0 0 0
1791059632 2895, 13801, 54, 0x0000000000000000 | 40.02 46.01 49.06 | cpu  114112327 2730320 27219511 3238652566 72102 0 234770 0 0 0
1791059633 2947, 13801, 54, 0x0000000000000000 | 47.22 47.40 49.50 | cpu  114117006 2730320 27219557 3238676600 72102 0 234770 0 0 0
1791059634 2940, 13801, 55, 0x0000000000000000 | 47.22 47.40 49.50 | cpu  114121609 2730320 27219596 3238700254 72102 0 234770 0 0 0
1791059635 2940, 13801, 55, 0x0000000000000000 | 47.22 47.40 49.50 | cpu  114125956 2730320 27219644 3238724389 72102 0 234770 0 0 0
1791059636 2955, 13801, 54, 0x0000000000000000 | 47.22 47.40 49.50 | cpu  114130238 2730320 27219734 3238747903 72102 0 234771 0 0 0
1791059637 2947, 13801, 55, 0x0000000000000000 | 43.68 46.67 49.25 | cpu  114134650 2730320 27219798 3238771518 72102 0 234771 0 0 0
1791059638 2947, 13801, 55, 0x0000000000000000 | 43.68 46.67 49.25 | cpu  114139242 2730320 27219844 3238795501 72102 0 234772 0 0 0
1791059639 2985, 13801, 50, 0x0000000000000000 | 43.68 46.67 49.25 | cpu  114143798 2730320 27219912 3238818844 72102 0 234772 0 0 0
1791059640 2940, 13801, 56, 0x0000000000000000 | 43.68 46.67 49.25 | cpu  114148190 2730320 27219955 3238842018 72102 0 234773 0 0 0
1791059642 2955, 13801, 55, 0x0000000000000000 | 43.68 46.67 49.25 | cpu  114152835 2730320 27220069 3238867002 72102 0 234773 0 0 0
1791059643 2940, 13801, 57, 0x0000000000000000 | 50.59 48.05 49.68 | cpu  114157532 2730320 27220106 3238891135 72102 0 234773 0 0 0
1791059644 2932, 13801, 57, 0x0000000000000000 | 50.59 48.05 49.68 | cpu  114162104 2730320 27220141 3238915315 72102 0 234773 0 0 0
1791059645 2985, 13801, 51, 0x0000000000000000 | 50.59 48.05 49.68 | cpu  114166818 2730320 27220188 3238939001 72102 0 234773 0 0 0
1791059646 2985, 13801, 51, 0x0000000000000000 | 50.59 48.05 49.68 | cpu  114172077 2730320 27220234 3238962223 72102 0 234774 0 0 0
1791059647 2572, 13801, 49, 0x0000000000000000 | 46.86 47.32 49.43 | cpu  114176640 2730320 27220332 3238986467 72102 0 234774 0 0 0
1791059648 2947, 13801, 55, 0x0000000000000000 | 46.86 47.32 49.43 | cpu  114181255 2730320 27220397 3239010284 72102 0 234774 0 0 0
1791059649 2985, 13801, 51, 0x0000000000000000 | 46.86 47.32 49.43 | cpu  114186009 2730320 27220468 3239033748 72102 0 234774 0 0 0
1791059651 2985, 13801, 50, 0x0000000000000000 | 46.86 47.32 49.43 | cpu  114190688 2730320 27220514 3239057269 72105 0 234776 0 0 0
1791059652 2895, 13801, 57, 0x0000000000000000 | 46.86 47.32 49.43 | cpu  114195109 2730320 27220556 3239081060 72105 0 234776 0 0 0
1791059653 2985, 13801, 50, 0x0000000000000000 | 43.35 46.58 49.18 | cpu  114200040 2730321 27220666 3239106069 72106 0 234776 0 0 0
1791059654 2580, 13801, 49, 0x0000000000000000 | 43.35 46.58 49.18 | cpu  114204888 2730321 27220715 3239129824 72106 0 234777 0 0 0
1791059655 2572, 13801, 49, 0x0000000000000000 | 43.35 46.58 49.18 | cpu  114210210 2730321 27220752 3239153456 72107 0 234777 0 0 0
1791059656 2580, 13801, 49, 0x0000000000000000 | 43.35 46.58 49.18 | cpu  114215545 2730321 27220788 3239175905 72107 0 234778 0 0 0
1791059657 2940, 13801, 56, 0x0000000000000000 | 40.12 45.86 48.94 | cpu  114220367 2730321 27220832 3239198937 72107 0 234778 0 0 0
1791059658 2940, 13801, 55, 0x0000000000000000 | 40.12 45.86 48.94 | cpu  114225085 2730321 27220921 3239222052 72107 0 234778 0 0 0
1791059659 2925, 13801, 58, 0x0000000000000000 | 40.12 45.86 48.94 | cpu  114229776 2730321 27220991 3239245350 72107 0 234779 0 0 0
1791059661 2940, 13801, 57, 0x0000000000000000 | 40.12 45.86 48.94 | cpu  114234804 2730321 27221033 3239268707 72107 0 234780 0 0 0
1791059662 2955, 13801, 55, 0x0000000000000000 | 40.12 45.86 48.94 | cpu  114239739 2730321 27221067 3239292178 72107 0 234780 0 0 0
1791059663 2977, 13801, 52, 0x0000000000000000 | 37.22 45.16 48.69 | cpu  114245012 2730321 27221157 3239316221 72107 0 234780 0 0 0
1791059664 2692, 13801, 51, 0x0000000000000000 | 37.22 45.16 48.69 | cpu  114250152 2730321 27221285 3239340124 72107 0 234781 0 0 0
1791059665 2625, 13801, 50, 0x0000000000000000 | 37.22 45.16 48.69 | cpu  114255034 2730321 27221334 3239364074 72107 0 234781 0 0 0
1791059666 2947, 13801, 56, 0x0000000000000000 | 37.22 45.16 48.69 | cpu  114259954 2730321 27221377 3239387062 72107 0 234781 0 0 0
1791059667 2947, 13801, 55, 0x0000000000000000 | 35.04 44.58 48.49 | cpu  114264536 2730321 27221425 3239410512 72107 0 234781 0 0 0
1791059668 2955, 13801, 53, 0x0000000000000000 | 35.04 44.58 48.49 | cpu  114269546 2730321 27221474 3239434616 72107 0 234782 0 0 0
1791059670 2940, 13801, 57, 0x0000000000000000 | 35.04 44.58 48.49 | cpu  114274401 2730321 27221578 3239459118 72107 0 234782 0 0 0
1791059671 2940, 13801, 57, 0x0000000000000000 | 35.04 44.58 48.49 | cpu  114279002 2730321 27221631 3239482530 72107 0 234784 0 0 0
1791059672 2955, 13801, 54, 0x0000000000000000 | 35.04 44.58 48.49 | cpu  114283944 2730321 27221688 3239505977 72107 0 234784 0 0 0
1791059673 2955, 13801, 57, 0x0000000000000000 | 42.73 46.02 48.93 | cpu  114289164 2730321 27221740 3239530866 72107 0 234784 0 0 0
1791059674 2940, 13801, 57, 0x0000000000000000 | 42.73 46.02 48.93 | cpu  114294411 2730321 27221799 3239553771 72107 0 234786 0 0 0
1791059675 2947, 13801, 57, 0x0000000000000000 | 42.73 46.02 48.93 | cpu  114299838 2730321 27221975 3239577524 72107 0 234786 0 0 0
1791059676 2970, 13801, 53, 0x0000000000000000 | 42.73 46.02 48.93 | cpu  114304850 2730321 27222035 3239601380 72107 0 234786 0 0 0
1791059677 2947, 13801, 57, 0x0000000000000000 | 39.63 45.32 48.69 | cpu  114309554 2730321 27222078 3239624625 72107 0 234787 0 0 0
1791059679 2932, 13801, 59, 0x0000000000000000 | 39.63 45.32 48.69 | cpu  114314769 2730321 27222136 3239647871 72107 0 234789 0 0 0
1791059680 2940, 13801, 57, 0x0000000000000000 | 39.63 45.32 48.69 | cpu  114319805 2730321 27222227 3239671336 72107 0 234789 0 0 0
1791059681 2955, 13801, 57, 0x0000000000000000 | 39.63 45.32 48.69 | cpu  114324746 2730321 27222351 3239695133 72107 0 234789 0 0 0
1791059682 2940, 13801, 58, 0x0000000000000000 | 39.63 45.32 48.69 | cpu  114329306 2730321 27222420 3239718282 72107 0 234790 0 0 0
1791059683 2947, 13801, 58, 0x0000000000000000 | 36.77 44.63 48.45 | cpu  114334173 2730321 27222514 3239742417 72107 0 234790 0 0 0
1791059684 2955, 13801, 57, 0x0000000000000000 | 36.77 44.63 48.45 | cpu  114339430 2730321 27222561 3239765800 72107 0 234790 0 0 0
1791059685 2940, 13801, 58, 0x0000000000000000 | 36.77 44.63 48.45 | cpu  114344641 2730321 27222671 3239788920 72107 0 234791 0 0 0
1791059686 2947, 13801, 59, 0x0000000000000000 | 36.77 44.63 48.45 | cpu  114349332 2730321 27222748 3239811606 72107 0 234791 0 0 0
1791059687 2955, 13801, 58, 0x0000000000000000 | 34.15 43.96 48.21 | cpu  114354085 2730321 27222803 3239834827 72107 0 234791 0 0 0
1791059689 2947, 13801, 57, 0x0000000000000000 | 34.15 43.96 48.21 | cpu  114358808 2730321 27222846 3239857503 72107 0 234792 0 0 0
1791059690 2940, 13801, 58, 0x0000000000000000 | 34.15 43.96 48.21 | cpu  114363637 2730321 27222900 3239880971 72107 0 234793 0 0 0
1791059691 2940, 13801, 58, 0x0000000000000000 | 34.15 43.96 48.21 | cpu  114368507 2730321 27222947 3239904266 72107 0 234793 0 0 0
1791059692 2955, 13801, 55, 0x0000000000000000 | 34.15 43.96 48.21 | cpu  114373252 2730321 27223050 3239927741 72107 0 234793 0 0 0
1791059693 2977, 13801, 53, 0x0000000000000000 | 41.83 45.39 48.65 | cpu  114378208 2730321 27223126 3239950680 72107 0 234793 0 0 0
1791059694 2940, 13801, 59, 0x0000000000000000 | 41.83 45.39 48.65 | cpu  114383107 2730321 27223196 3239973749 72107 0 234794 0 0 0
1791059695 2940, 13801, 59, 0x0000000000000000 | 41.83 45.39 48.65 | cpu  114388065 2730321 27223238 3239997292 72107 0 234794 0 0 0
1791059696 2940, 13801, 59, 0x0000000000000000 | 41.83 45.39 48.65 | cpu  114393028 2730321 27223290 3240020488 72107 0 234794 0 0 0
1791059697 2955, 13801, 58, 0x0000000000000000 | 49.05 46.82 49.10 | cpu  114398422 2730321 27223447 3240042962 72107 0 234794 0 0 0
1791059698 2932, 13801, 60, 0x0000000000000000 | 49.05 46.82 49.10 | cpu  114403219 2730321 27223513 3240065475 72107 0 234795 0 0 0
1791059700 2947, 13801, 59, 0x0000000000000000 | 49.05 46.82 49.10 | cpu  114408339 2730321 27223566 3240088816 72107 0 234795 0 0 0
1791059701 2977, 13801, 53, 0x0000000000000000 | 49.05 46.82 49.10 | cpu  114413080 2730321 27223620 3240111353 72107 0 234795 0 0 0
1791059702 2707, 13801, 52, 0x0000000000000000 | 49.05 46.82 49.10 | cpu  114417398 2730321 27223700 3240134830 72107 0 234795 0 0 0
1791059703 2925, 13801, 59, 0x0000000000000000 | 55.69 48.24 49.54 | cpu  114422008 2730321 27223838 3240158752 72107 0 234796 0 0 0
1791059704 2932, 13801, 60, 0x0000000000000000 | 55.69 48.24 49.54 | cpu  114426712 2730321 27223943 3240182299 72107 0 234796 0 0 0
1791059705 2940, 13801, 60, 0x0000000000000000 | 55.69 48.24 49.54 | cpu  114431220 2730321 27223980 3240205732 72107 0 234796 0 0 0
1791059706 2962, 13801, 55, 0x0000000000000000 | 55.69 48.24 49.54 | cpu  114435958 2730321 27224075 3240229437 72107 0 234796 0 0 0
1791059707 2947, 13801, 59, 0x0000000000000000 | 54.75 48.17 49.51 | cpu  114440617 2730321 27224334 3240254082 72107 0 234796 0 0 0
1791059708 2932, 13801, 60, 0x0000000000000000 | 54.75 48.17 49.51 | cpu  114445372 2730321 27224490 3240277911 72107 0 234796 0 0 0
1791059710 2940, 13801, 60, 0x0000000000000000 | 54.75 48.17 49.51 | cpu  114450220 2730321 27224672 3240301098 72107 0 234796 0 0 0
1791059711 2940, 13801, 60, 0x0000000000000000 | 54.75 48.17 49.51 | cpu  114454811 2730321 27225574 3240323339 72107 0 234797 0 0 0
1791059712 2977, 13801, 53, 0x0000000000000000 | 54.75 48.17 49.51 | cpu  114459469 2730321 27225676 3240347490 72107 0 234799 0 0 0
1791059713 2970, 13801, 54, 0x0000000000000000 | 50.69 47.43 49.27 | cpu  114463844 2730321 27225796 3240370797 72107 0 234800 0 0 0
1791059714 2985, 13801, 52, 0x0000000000000000 | 50.69 47.43 49.27 | cpu  114468456 2730321 27225870 3240394156 72108 0 234800 0 0 0
1791059715 2580, 13801, 51, 0x0000000000000000 | 50.69 47.43 49.27 | cpu  114473026 2730321 27225976 3240418194 72108 0 234800 0 0 0
1791059716 2572, 13801, 51, 0x0000000000000000 | 50.69 47.43 49.27 | cpu  114477701 2730321 27226022 3240442224 72108 0 234801 0 0 0
1791059717 2595, 13801, 50, 0x0000000000000000 | 46.87 46.70 49.02 | cpu  114483124 2730321 27226091 3240466222 72108 0 234801 0 0 0
1791059718 2940, 13801, 58, 0x0000000000000000 | 46.87 46.70 49.02 | cpu  114488170 2730321 27226124 3240490234 72108 0 234801 0 0 0
1791059720 2940, 13801, 58, 0x0000000000000000 | 46.87 46.70 49.02 | cpu  114492946 2730322 27226166 3240514131 72108 0 234802 0 0 0
1791059721 2940, 13801, 57, 0x0000000000000000 | 46.87 46.70 49.02 | cpu  114497922 2730322 27226261 3240537309 72108 0 234802 0 0 0
1791059722 2932, 13801, 59, 0x0000000000000000 | 46.87 46.70 49.02 | cpu  114503051 2730322 27226304 3240560637 72108 0 234803 0 0 0
1791059723 2940, 13801, 59, 0x0000000000000000 | 53.53 48.08 49.45 | cpu  114507835 2730322 27226348 3240583891 72108 0 234803 0 0 0
1791059724 2940, 13801, 58, 0x0000000000000000 | 53.53 48.08 49.45 | cpu  114512732 2730322 27226392 3240607261 72109 0 234804 0 0 0
1791059725 2932, 13801, 57, 0x0000000000000000 | 53.53 48.08 49.45 | cpu  114518162 2730322 27226456 3240631325 72109 0 234805 0 0 0
1791059726 2977, 13801, 53, 0x0000000000000000 | 53.53 48.08 49.45 | cpu  114522992 2730322 27226556 3240654598 72109 0 234805 0 0 0
1791059727 2715, 13801, 51, 0x0000000000000000 | 51.16 47.68 49.32 | cpu  114527810 2730322 27226651 3240677968 72109 0 234806 0 0 0
1791059728 2587, 13801, 50, 0x0000000000000000 | 51.16 47.68 49.32 | cpu  114532729 2730322 27226761 3240701784 72109 0 234806 0 0 0
1791059730 2640, 13801, 51, 0x0000000000000000 | 51.16 47.68 49.32 | cpu  114537657 2730322 27226834 3240724624 72109 0 234806 0 0 0
1791059731 2985, 13801, 51, 0x0000000000000000 | 51.16 47.68 49.32 | cpu  114542572 2730322 27226938 3240748895 72109 0 234806 0 0 0
1791059732 2985, 13801, 51, 0x0000000000000000 | 51.16 47.68 49.32 | cpu  114547859 2730322 27227040 3240772799 72109 0 234807 0 0 0
1791059733 2985, 13801, 51, 0x0000000000000000 | 47.31 46.94 49.07 | cpu  114553008 2730322 27227080 3240796092 72109 0 234807 0 0 0
1791059734 2572, 13801, 50, 0x0000000000000000 | 47.31 46.94 49.07 | cpu  114557984 2730322 27227161 3240819395 72109 0 234808 0 0 0
1791059735 2572, 13801, 49, 0x0000000000000000 | 47.31 46.94 49.07 | cpu  114563248 2730322 27227228 3240843342 72109 0 234808 0 0 0
1791059736 2932, 13801, 57, 0x0000000000000000 | 47.31 46.94 49.07 | cpu  114568460 2730322 27227286 3240867229 72109 0 234809 0 0 0
1791059738 2947, 13801, 56, 0x0000000000000000 | 53.93 48.32 49.50 | cpu  114573586 2730322 27227383 3240890964 72109 0 234810 0 0 0
1791059739 2977, 13801, 52, 0x0000000000000000 | 53.93 48.32 49.50 | cpu  114578702 2730322 27227428 3240914872 72109 0 234812 0 0 0
1791059740 2985, 13801, 50, 0x0000000000000000 | 53.93 48.32 49.50 | cpu  114583580 2730322 27227486 3240938086 72109 0 234813 0 0 0
1791059741 2940, 13801, 57, 0x0000000000000000 | 53.93 48.32 49.50 | cpu  114588696 2730322 27227531 3240961393 72109 0 234814 0 0 0
1791059742 2947, 13801, 55, 0x0000000000000000 | 53.93 48.32 49.50 | cpu  114593558 2730322 27227589 3240984449 72109 0 234814 0 0 0
1791059743 2940, 13801, 56, 0x0000000000000000 | 60.10 49.69 49.94 | cpu  114598134 2730322 27227682 3241007657 72109 0 234814 0 0 0
1791059744 2940, 13801, 57, 0x0000000000000000 | 60.10 49.69 49.94 | cpu  114602977 2730322 27227766 3241030943 72109 0 234815 0 0 0
1791059745 2947, 13801, 56, 0x0000000000000000 | 60.10 49.69 49.94 | cpu  114608111 2730322 27227845 3241054399 72109 0 234815 0 0 0
1791059746 2940, 13801, 57, 0x0000000000000000 | 60.10 49.69 49.94 | cpu  114613093 2730322 27227994 3241077404 72109 0 234817 0 0 0
1791059747 2955, 13801, 56, 0x0000000000000000 | 55.61 48.93 49.69 | cpu  114618191 2730322 27228107 3241101605 72109 0 234818 0 0 0
1791059749 2955, 13801, 56, 0x0000000000000000 | 55.61 48.93 49.69 | cpu  114623007 2730322 27228227 3241124158 72109 0 234818 0 0 0
1791059750 2947, 13801, 58, 0x0000000000000000 | 55.61 48.93 49.69 | cpu  114628111 2730322 27228335 3241148814 72109 0 234819 0 0 0
1791059751 2932, 13801, 58, 0x0000000000000000 | 55.61 48.93 49.69 | cpu  114633411 2730322 27228389 3241171932 72109 0 234822 0 0 0
1791059752 2985, 13801, 51, 0x0000000000000000 | 55.61 48.93 49.69 | cpu  114638556 2730322 27228450 3241195885 72109 0 234823 0 0 0
1791059753 2932, 13801, 57, 0x0000000000000000 | 61.00 50.16 50.09 | cpu  114642980 2730322 27228518 3241218873 72109 0 234824 0 0 0
1791059754 2940, 13801, 58, 0x0000000000000000 | 61.00 50.16 50.09 | cpu  114647878 2730322 27228616 3241242902 72109 0 234824 0 0 0
1791059755 2955, 13801, 57, 0x0000000000000000 | 61.00 50.16 50.09 | cpu  114652950 2730322 27228692 3241266859 72110 0 234824 0 0 0
1791059756 2947, 13801, 58, 0x0000000000000000 | 61.00 50.16 50.09 | cpu  114657934 2730322 27228754 3241290085 72110 0 234824 0 0 0
1791059758 2947, 13801, 56, 0x0000000000000000 | 66.61 51.50 50.52 | cpu  114663072 2730322 27228898 3241313783 72110 0 234825 0 0 0
1791059759 2955, 13801, 56, 0x0000000000000000 | 66.61 51.50 50.52 | cpu  114668138 2730322 27229019 3241337863 72110 0 234825 0 0 0
1791059760 2955, 13801, 54, 0x0000000000000000 | 66.61 51.50 50.52 | cpu  114673015 2730322 27229140 3241360500 72110 0 234825 0 0 0
1791059761 2985, 13801, 51, 0x0000000000000000 | 66.61 51.50 50.52 | cpu  114678273 2730322 27229208 3241384328 72110 0 234825 0 0 0
1791059762 2940, 13801, 58, 0x0000000000000000 | 66.61 51.50 50.52 | cpu  114683286 2730322 27229296 3241407436 72110 0 234825 0 0 0
1791059763 2947, 13801, 57, 0x0000000000000000 | 71.53 52.77 50.94 | cpu  114688640 2730322 27229362 3241430995 72110 0 234826 0 0 0
1791059764 2932, 13801, 59, 0x0000000000000000 | 71.53 52.77 50.94 | cpu  114693994 2730322 27229432 3241454462 72111 0 234826 0 0 0
1791059765 2925, 13801, 59, 0x0000000000000000 | 71.53 52.77 50.94 | cpu  114699225 2730322 27229529 3241477814 72111 0 234826 0 0 0
1791059767 2940, 13801, 59, 0x0000000000000000 | 71.53 52.77 50.94 | cpu  114704351 2730322 27229612 3241501909 72112 0 234827 0 0 0
1791059768 2947, 13801, 58, 0x0000000000000000 | 66.12 51.96 50.69 | cpu  114709891 2730322 27229844 3241524393 72112 0 234828 0 0 0
1791059769 2940, 13801, 57, 0x0000000000000000 | 66.12 51.96 50.69 | cpu  114714541 2730322 27230419 3241548076 72120 0 234828 0 0 0
1791059770 2925, 13801, 59, 0x0000000000000000 | 66.12 51.96 50.69 | cpu  114719329 2730322 27230922 3241571263 72129 0 234828 0 0 0
1791059771 2932, 13801, 59, 0x0000000000000000 | 66.12 51.96 50.69 | cpu  114724668 2730322 27231066 3241594115 72129 0 234828 0 0 0
1791059772 2940, 13801, 59, 0x0000000000000000 | 67.47 52.48 50.86 | cpu  114730277 2730322 27231122 3241617959 72129 0 234829 0 0 0
1791059773 2940, 13801, 58, 0x0000000000000000 | 67.47 52.48 50.86 | cpu  114735496 2730322 27231238 3241640311 72129 0 234834 0 0 0
1791059774 2932, 13801, 59, 0x0000000000000000 | 67.47 52.48 50.86 | cpu  114740763 2730322 27231349 3241663693 72129 0 234836 0 0 0
1791059776 2932, 13801, 59, 0x0000000000000000 | 67.47 52.48 50.86 | cpu  114745892 2730322 27231395 3241686806 72129 0 234854 0 0 0
1791059777 2932, 13801, 59, 0x0000000000000000 | 67.47 52.48 50.86 | cpu  114751151 2730322 27231511 3241709671 72130 0 234865 0 0 0
1791059778 2932, 13801, 59, 0x0000000000000000 | 72.56 53.78 51.29 | cpu  114756738 2730322 27231553 3241733488 72130 0 234866 0 0 0
1791059779 2962, 13801, 54, 0x0000000000000000 | 72.56 53.78 51.29 | cpu  114762225 2730322 27231600 3241756802 72130 0 234867 0 0 0
1791059780 2955, 13801, 57, 0x0000000000000000 | 72.56 53.78 51.29 | cpu  114767546 2730322 27231646 3241779518 72130 0 234867 0 0 0
1791059781 2940, 13801, 59, 0x0000000000000000 | 72.56 53.78 51.29 | cpu  114773022 2730322 27231703 3241802462 72130 0 234867 0 0 0
1791059782 2932, 13801, 60, 0x0000000000000000 | 67.07 52.96 51.04 | cpu  114778554 2730322 27231789 3241825583 72130 0 234867 0 0 0
1791059783 2940, 13801, 59, 0x0000000000000000 | 67.07 52.96 51.04 | cpu  114784138 2730322 27231838 3241847851 72130 0 234869 0 0 0
1791059784 2940, 13801, 59, 0x0000000000000000 | 67.07 52.96 51.04 | cpu  114789575 2730322 27231873 3241869890 72130 0 234869 0 0 0
1791059786 2925, 13801, 60, 0x0000000000000000 | 67.07 52.96 51.04 | cpu  114795072 2730322 27231918 3241893566 72130 0 234870 0 0 0
1791059787 2932, 13801, 61, 0x0000000000000000 | 67.07 52.96 51.04 | cpu  114800700 2730322 27231952 3241916715 72130 0 234870 0 0 0
1791059788 2940, 13801, 58, 0x0000000000000000 | 68.66 53.52 51.23 | cpu  114806104 2730322 27232054 3241939913 72130 0 234871 0 0 0
1791059789 2977, 13801, 52, 0x0000000000000000 | 68.66 53.52 51.23 | cpu  114811357 2730322 27232111 3241962285 72130 0 234872 0 0 0
1791059790 2572, 13801, 51, 0x0000000000000000 | 68.66 53.52 51.23 | cpu  114816438 2730322 27232156 3241985468 72130 0 234873 0 0 0
1791059791 2595, 13801, 51, 0x0000000000000000 | 68.66 53.52 51.23 | cpu  114821510 2730322 27232206 3242008706 72130 0 234874 0 0 0
1791059792 2595, 13801, 51, 0x0000000000000000 | 67.41 53.51 51.24 | cpu  114826141 2730322 27232323 3242032347 72130 0 234874 0 0 0
1791059793 2572, 13801, 50, 0x0000000000000000 | 67.41 53.51 51.24 | cpu  114831306 2730322 27232446 3242056178 72130 0 234874 0 0 0
1791059795 2572, 13801, 50, 0x0000000000000000 | 67.41 53.51 51.24 | cpu  114836360 2730322 27232510 3242080928 72130 0 234880 0 0 0
1791059796 2572, 13801, 50, 0x0000000000000000 | 67.41 53.51 51.24 | cpu  114841433 2730322 27232571 3242103399 72130 0 234881 0 0 0
1791059797 2602, 13801, 50, 0x0000000000000000 | 67.41 53.51 51.24 | cpu  114846219 2730322 27232614 3242126343 72130 0 234882 0 0 0
1791059798 2602, 13801, 50, 0x0000000000000000 | 62.33 52.69 50.99 | cpu  114851165 2730322 27232679 3242149544 72130 0 234882 0 0 0
1791059799 2580, 13801, 49, 0x0000000000000000 | 62.33 52.69 50.99 | cpu  114856014 2730322 27232778 3242172700 72130 0 234883 0 0 0
1791059800 2572, 13801, 50, 0x0000000000000000 | 62.33 52.69 50.99 | cpu  114861286 2730322 27232823 3242195786 72130 0 234883 0 0 0
1791059801 2767, 13801, 54, 0x0000000000000000 | 62.33 52.69 50.99 | cpu  114866596 2730322 27232868 3242219059 72130 0 234884 0 0 0
1791059802 2955, 13801, 55, 0x0000000000000000 | 57.66 51.88 50.73 | cpu  114871725 2730322 27232904 3242242829 72130 0 234884 0 0 0
1791059803 2940, 13801, 57, 0x0000000000000000 | 57.66 51.88 50.73 | cpu  114876758 2730322 27232950 3242267132 72130 0 234885 0 0 0
1791059805 2940, 13801, 56, 0x0000000000000000 | 57.66 51.88 50.73 | cpu  114881691 2730322 27233052 3242290441 72130 0 234885 0 0 0
1791059806 2947, 13801, 56, 0x0000000000000000 | 57.66 51.88 50.73 | cpu  114886834 2730322 27233117 3242314420 72130 0 234886 0 0 0
1791059807 2940, 13801, 57, 0x0000000000000000 | 57.66 51.88 50.73 | cpu  114891866 2730322 27233174 3242337319 72130 0 234886 0 0 0
1791059808 2970, 13801, 55, 0x0000000000000000 | 53.36 51.09 50.48 | cpu  114896552 2730322 27233221 3242360658 72130 0 234886 0 0 0
1791059809 2940, 13801, 57, 0x0000000000000000 | 53.36 51.09 50.48 | cpu  114901367 2730322 27233296 3242384359 72132 0 234886 0 0 0
1791059810 2985, 13801, 51, 0x0000000000000000 | 53.36 51.09 50.48 | cpu  114906316 2730322 27233406 3242407325 72132 0 234887 0 0 0
1791059811 2955, 13801, 56, 0x0000000000000000 | 53.36 51.09 50.48 | cpu  114911329 2730322 27233463 3242430492 72132 0 234887 0 0 0
1791059812 2917, 13801, 59, 0x0000000000000000 | 49.33 50.29 50.23 | cpu  114916467 2730322 27233500 3242453869 72132 0 234888 0 0 0
1791059813 2932, 13801, 58, 0x0000000000000000 | 49.33 50.29 50.23 | cpu  114921619 2730322 27233528 3242477034 72132 0 234892 0 0 0
1791059815 2940, 13801, 58, 0x0000000000000000 | 49.33 50.29 50.23 | cpu  114926838 2730322 27233594 3242500744 72132 0 234895 0 0 0
1791059816 2940, 13801, 58, 0x0000000000000000 | 49.33 50.29 50.23 | cpu  114931563 2730322 27233694 3242524391 72132 0 234896 0 0 0
1791059817 2940, 13801, 57, 0x0000000000000000 | 49.33 50.29 50.23 | cpu  114937004 2730322 27234119 3242545752 72132 0 234897 0 0 0
1791059818 2985, 13801, 51, 0x0000000000000000 | 45.70 49.52 49.98 | cpu  114941479 2730322 27234717 3242568641 72132 0 234899 0 0 0
1791059819 2572, 13801, 50, 0x0000000000000000 | 45.70 49.52 49.98 | cpu  114946780 2730322 27234971 3242590814 72132 0 234899 0 0 0
1791059820 2940, 13801, 58, 0x0000000000000000 | 45.70 49.52 49.98 | cpu  114952117 2730322 27235064 3242612868 72132 0 234899 0 0 0
1791059821 2940, 13801, 56, 0x0000000000000000 | 45.70 49.52 49.98 | cpu  114957891 2730322 27235169 3242635240 72132 0 234900 0 0 0
1791059822 2925, 13801, 58, 0x0000000000000000 | 45.70 49.52 49.98 | cpu  114963135 2730322 27235221 3242657698 72132 0 234901 0 0 0
1791059823 2940, 13801, 57, 0x0000000000000000 | 42.44 48.78 49.74 | cpu  114968142 2730322 27235294 3242680925 72132 0 234901 0 0 0
1791059824 2947, 13801, 57, 0x0000000000000000 | 42.44 48.78 49.74 | cpu  114973490 2730322 27235354 3242703759 72132 0 234901 0 0 0
1791059825 2947, 13801, 57, 0x0000000000000000 | 42.44 48.78 49.74 | cpu  114977980 2730322 27235415 3242727396 72132 0 234902 0 0 0
1791059827 2932, 13801, 57, 0x0000000000000000 | 42.44 48.78 49.74 | cpu  114983120 2730322 27235518 3242751401 72132 0 234902 0 0 0
1791059828 2932, 13801, 58, 0x0000000000000000 | 42.48 48.68 49.70 | cpu  114988347 2730322 27235594 3242774545 72132 0 234902 0 0 0
1791059829 2955, 13801, 56, 0x0000000000000000 | 42.48 48.68 49.70 | cpu  114993560 2730322 27235684 3242797568 72132 0 234903 0 0 0
1791059830 2940, 13801, 58, 0x0000000000000000 | 42.48 48.68 49.70 | cpu  114998990 2730322 27235740 3242821524 72132 0 234903 0 0 0
1791059831 2947, 13801, 56, 0x0000000000000000 | 42.48 48.68 49.70 | cpu  115003968 2730322 27235808 3242844348 72133 0 234904 0 0 0
1791059832 2947, 13801, 57, 0x0000000000000000 | 42.48 48.68 49.70 | cpu  115008850 2730322 27235882 3242867700 72133 0 234905 0 0 0
1791059833 2932, 13801, 59, 0x0000000000000000 | 39.48 47.96 49.46 | cpu  115013660 2730322 27235957 3242891261 72133 0 234906 0 0 0
1791059834 2940, 13801, 57, 0x0000000000000000 | 39.48 47.96 49.46 | cpu  115018296 2730322 27236040 3242914431 72133 0 234907 0 0 0
1791059836 2947, 13801, 57, 0x0000000000000000 | 39.48 47.96 49.46 | cpu  115023051 2730322 27236086 3242937401 72133 0 234907 0 0 0
1791059837 2955, 13801, 57, 0x0000000000000000 | 39.48 47.96 49.46 | cpu  115028048 2730322 27236128 3242960503 72133 0 234908 0 0 0
1791059838 2955, 13801, 57, 0x0000000000000000 | 41.29 48.19 49.53 | cpu  115033118 2730322 27236198 3242983222 72133 0 234908 0 0 0
1791059839 2947, 13801, 59, 0x0000000000000000 | 41.29 48.19 49.53 | cpu  115038085 2730322 27236287 3243007242 72133 0 234909 0 0 0
1791059840 2977, 13801, 52, 0x0000000000000000 | 41.29 48.19 49.53 | cpu  115042673 2730322 27236351 3243030760 72133 0 234910 0 0 0
1791059841 2940, 13801, 59, 0x0000000000000000 | 41.29 48.19 49.53 | cpu  115047517 2730322 27236405 3243054184 72133 0 234910 0 0 0
1791059842 2940, 13801, 58, 0x0000000000000000 | 41.29 48.19 49.53 | cpu  115052221 2730322 27236464 3243077351 72133 0 234910 0 0 0
1791059843 2985, 13801, 52, 0x0000000000000000 | 38.22 47.44 49.28 | cpu  115056677 2730322 27236553 3243101281 72133 0 234911 0 0 0
1791059844 2955, 13801, 55, 0x0000000000000000 | 38.22 47.44 49.28 | cpu  115061639 2730322 27236653 3243124733 72133 0 234912 0 0 0
1791059845 2962, 13801, 57, 0x0000000000000000 | 38.22 47.44 49.28 | cpu  115066642 2730322 27236707 3243148258 72133 0 234912 0 0 0
1791059847 2985, 13801, 52, 0x0000000000000000 | 38.22 47.44 49.28 | cpu  115071680 2730322 27236770 3243171639 72133 0 234912 0 0 0
1791059848 2970, 13801, 53, 0x0000000000000000 | 35.40 46.70 49.03 | cpu  115076494 2730322 27236826 3243195005 72133 0 234913 0 0 0
1791059849 2970, 13801, 56, 0x0000000000000000 | 35.40 46.70 49.03 | cpu  115081468 2730322 27236920 3243218144 72133 0 234913 0 0 0
1791059850 2977, 13801, 52, 0x0000000000000000 | 35.40 46.70 49.03 | cpu  115086273 2730322 27236992 3243241499 72133 0 234913 0 0 0
1791059851 2947, 13801, 58, 0x0000000000000000 | 35.40 46.70 49.03 | cpu  115091218 2730322 27237033 3243264312 72133 0 234914 0 0 0
1791059852 2977, 13801, 52, 0x0000000000000000 | 35.40 46.70 49.03 | cpu  115096139 2730322 27237092 3243287429 72133 0 234914 0 0 0
1791059853 2947, 13801, 58, 0x0000000000000000 | 32.80 45.98 48.78 | cpu  115101015 2730322 27237150 3243310794 72133 0 234914 0 0 0
1791059854 2932, 13801, 59, 0x0000000000000000 | 32.80 45.98 48.78 | cpu  115105659 2730322 27237215 3243334334 72133 0 234916 0 0 0
1791059855 2947, 13801, 57, 0x0000000000000000 | 32.80 45.98 48.78 | cpu  115110515 2730322 27237304 3243357483 72133 0 234916 0 0 0
1791059857 2955, 13801, 56, 0x0000000000000000 | 32.80 45.98 48.78 | cpu  115115505 2730322 27237376 3243380815 72133 0 234917 0 0 0
1791059858 2977, 13801, 52, 0x0000000000000000 | 40.59 47.37 49.22 | cpu  115120492 2730322 27237467 3243403370 72133 0 234918 0 0 0
1791059859 2947, 13801, 57, 0x0000000000000000 | 40.59 47.37 49.22 | cpu  115125160 2730322 27237560 3243427023 72133 0 234918 0 0 0
1791059860 2925, 13801, 60, 0x0000000000000000 | 40.59 47.37 49.22 | cpu  115130284 2730322 27237604 3243450311 72133 0 234918 0 0 0
1791059861 2940, 13801, 58, 0x0000000000000000 | 40.59 47.37 49.22 | cpu  115135270 2730322 27237699 3243473647 72133 0 234919 0 0 0
1791059862 2947, 13801, 58, 0x0000000000000000 | 40.59 47.37 49.22 | cpu  115140549 2730323 27237748 3243498209 72134 0 234919 0 0 0
1791059863 2947, 13801, 58, 0x0000000000000000 | 37.66 46.65 48.97 | cpu  115145487 2730323 27237811 3243522410 72134 0 234920 0 0 0
1791059864 2925, 13801, 59, 0x0000000000000000 | 37.66 46.65 48.97 | cpu  115150627 2730323 27237861 3243546111 72134 0 234921 0 0 0
1791059865 2932, 13801, 59, 0x0000000000000000 | 37.66 46.65 48.97 | cpu  115155430 2730323 27237902 3243569809 72134 0 234921 0 0 0
1791059867 2940, 13801, 58, 0x0000000000000000 | 37.66 46.65 48.97 | cpu  115160411 2730323 27237984 3243593101 72134 0 234921 0 0 0
1791059868 2947, 13801, 57, 0x0000000000000000 | 35.04 45.96 48.74 | cpu  115165619 2730323 27238028 3243615854 72134 0 234921 0 0 0
1791059869 2947, 13801, 58, 0x0000000000000000 | 35.04 45.96 48.74 | cpu  115170659 2730323 27238075 3243639133 72134 0 234922 0 0 0
1791059870 2940, 13801, 58, 0x0000000000000000 | 35.04 45.96 48.74 | cpu  115175732 2730323 27238116 3243662033 72134 0 234923 0 0 0
1791059871 2940, 13801, 59, 0x0000000000000000 | 35.04 45.96 48.74 | cpu  115180670 2730323 27238148 3243685310 72134 0 234924 0 0 0
1791059872 2947, 13801, 58, 0x0000000000000000 | 35.04 45.96 48.74 | cpu  115185489 2730323 27238251 3243709023 72134 0 234924 0 0 0
1791059873 2947, 13801, 59, 0x0000000000000000 | 32.64 45.28 48.50 | cpu  115190311 2730323 27238309 3243732936 72134 0 234926 0 0 0
1791059874 2940, 13801, 59, 0x0000000000000000 | 32.64 45.28 48.50 | cpu  115194948 2730323 27238342 3243755869 72134 0 234927 0 0 0
1791059875 2932, 13801, 60, 0x0000000000000000 | 32.64 45.28 48.50 | cpu  115199962 2730323 27238384 3243778807 72134 0 234927 0 0 0
1791059877 2932, 13801, 60, 0x0000000000000000 | 32.64 45.28 48.50 | cpu  115204587 2730323 27238450 3243802492 72134 0 234927 0 0 0
1791059878 2932, 13801, 60, 0x0000000000000000 | 40.59 46.72 48.95 | cpu  115209765 2730323 27238560 3243825595 72134 0 234928 0 0 0
1791059879 2925, 13801, 60, 0x0000000000000000 | 40.59 46.72 48.95 | cpu  115214828 2730323 27238618 3243848580 72134 0 234928 0 0 0
1791059880 2940, 13801, 60, 0x0000000000000000 | 40.59 46.72 48.95 | cpu  115220200 2730323 27238660 3243872248 72134 0 234929 0 0 0
1791059881 2940, 13801, 60, 0x0000000000000000 | 40.59 46.72 48.95 | cpu  115225388 2730323 27238696 3243895020 72134 0 234930 0 0 0
1791059882 2932, 13801, 60, 0x0000000000000000 | 40.59 46.72 48.95 | cpu  115230599 2730323 27238756 3243918580 72134 0 234930 0 0 0
1791059883 2947, 13801, 55, 0x0000000000000000 | 37.74 46.03 48.72 | cpu  115235616 2730323 27238855 3243942546 72134 0 234930 0 0 0
1791059884 2932, 13801, 59, 0x0000000000000000 | 37.74 46.03 48.72 | cpu  115240688 2730323 27238902 3243966673 72134 0 234931 0 0 0
1791059885 2925, 13801, 62, 0x0000000000000000 | 37.74 46.03 48.72 | cpu  115245915 2730323 27238947 3243989660 72134 0 234931 0 0 0
1791059887 2932, 13801, 60, 0x0000000000000000 | 37.74 46.03 48.72 | cpu  115251086 2730323 27238995 3244012893 72135 0 234931 0 0 0
1791059888 2940, 13801, 59, 0x0000000000000000 | 34.96 45.31 48.47 | cpu  115255828 2730323 27239072 3244036988 72135 0 234932 0 0 0
1791059889 2932, 13801, 60, 0x0000000000000000 | 34.96 45.31 48.47 | cpu  115260732 2730323 27239168 3244060476 72135 0 234934 0 0 0
1791059890 2925, 13801, 61, 0x0000000000000000 | 34.96 45.31 48.47 | cpu  115266214 2730323 27239219 3244083914 72135 0 234935 0 0 0
1791059891 2940, 13801, 59, 0x0000000000000000 | 34.96 45.31 48.47 | cpu  115271257 2730323 27239253 3244107646 72135 0 234936 0 0 0
1791059892 2940, 13801, 60, 0x0000000000000000 | 34.96 45.31 48.47 | cpu  115276036 2730323 27239288 3244131281 72135 0 234936 0 0 0
1791059893 2940, 13801, 59, 0x0000000000000000 | 32.40 44.61 48.22 | cpu  115281058 2730323 27239341 3244154713 72135 0 234936 0 0 0
1791059894 2940, 13801, 60, 0x0000000000000000 | 32.40 44.61 48.22 | cpu  115285933 2730323 27239437 3244179042 72135 0 234936 0 0 0
1791059896 2925, 13801, 60, 0x0000000000000000 | 32.40 44.61 48.22 | cpu  115291069 2730323 27239488 3244201427 72135 0 234936 0 0 0
1791059897 2932, 13801, 60, 0x0000000000000000 | 32.40 44.61 48.22 | cpu  115296256 2730323 27239540 3244224660 72135 0 234937 0 0 0
1791059898 2932, 13801, 61, 0x0000000000000000 | 30.21 43.95 47.99 | cpu  115301435 2730323 27239578 3244248160 72135 0 234938 0 0 0
1791059899 2947, 13801, 58, 0x0000000000000000 | 30.21 43.95 47.99 | cpu  115306210 2730323 27239638 3244271152 72135 0 234938 0 0 0
1791059900 2925, 13801, 61, 0x0000000000000000 | 30.21 43.95 47.99 | cpu  115311140 2730323 27239735 3244295135 72135 0 234938 0 0 0
1791059901 2947, 13801, 59, 0x0000000000000000 | 30.21 43.95 47.99 | cpu  115316049 2730323 27239785 3244319159 72135 0 234938 0 0 0
1791059902 2932, 13801, 59, 0x0000000000000000 | 28.11 43.29 47.76 | cpu  115321251 2730323 27239825 3244343523 72135 0 234939 0 0 0
1791059903 2940, 13801, 60, 0x0000000000000000 | 28.11 43.29 47.76 | cpu  115326039 2730323 27239874 3244367217 72135 0 234939 0 0 0
1791059905 2977, 13801, 54, 0x0000000000000000 | 28.11 43.29 47.76 | cpu  115330766 2730323 27239925 3244390843 72135 0 234940 0 0 0
1791059906 2962, 13801, 54, 0x0000000000000000 | 28.11 43.29 47.76 | cpu  115335382 2730323 27240099 3244413936 72135 0 234940 0 0 0
1791059907 2572, 13801, 52, 0x0000000000000000 | 28.11 43.29 47.76 | cpu  115340380 2730323 27240259 3244437523 72135 0 234941 0 0 0
1791059908 2940, 13801, 59, 0x0000000000000000 | 36.27 44.73 48.20 | cpu  115345118 2730323 27240322 3244460821 72135 0 234942 0 0 0
1791059909 2947, 13801, 58, 0x0000000000000000 | 36.27 44.73 48.20 | cpu  115349958 2730323 27240366 3244484181 72135 0 234942 0 0 0
1791059910 2947, 13801, 58, 0x0000000000000000 | 36.27 44.73 48.20 | cpu  115354804 2730323 27240413 3244507256 72135 0 234943 0 0 0
1791059911 2977, 13801, 53, 0x0000000000000000 | 36.27 44.73 48.20 | cpu  115359710 2730323 27240498 3244530586 72135 0 234943 0 0 0
1791059912 2947, 13801, 61, 0x0000000000000000 | 36.27 44.73 48.20 | cpu  115364384 2730323 27240602 3244553944 72135 0 234944 0 0 0
1791059913 2947, 13801, 58, 0x0000000000000000 | 33.76 44.07 47.97 | cpu  115369314 2730323 27240639 3244577472 72135 0 234944 0 0 0
1791059914 2932, 13801, 60, 0x0000000000000000 | 33.76 44.07 47.97 | cpu  115374140 2730323 27240679 3244600479 72135 0 234944 0 0 0
1791059916 2940, 13801, 58, 0x0000000000000000 | 33.76 44.07 47.97 | cpu  115378592 2730323 27240716 3244624506 72135 0 234945 0 0 0
1791059917 2925, 13801, 60, 0x0000000000000000 | 33.76 44.07 47.97 | cpu  115383356 2730323 27240808 3244647680 72135 0 234945 0 0 0
1791059918 2940, 13801, 59, 0x0000000000000000 | 35.70 44.30 48.02 | cpu  115388361 2730323 27240851 3244670939 72135 0 234946 0 0 0
1791059919 2940, 13801, 59, 0x0000000000000000 | 35.70 44.30 48.02 | cpu  115393099 2730323 27240898 3244694569 72135 0 234947 0 0 0
1791059920 2940, 13801, 59, 0x0000000000000000 | 35.70 44.30 48.02 | cpu  115397738 2730323 27240952 3244717741 72135 0 234948 0 0 0
1791059921 2932, 13801, 60, 0x0000000000000000 | 35.70 44.30 48.02 | cpu  115402636 2730323 27241064 3244742289 72135 0 234948 0 0 0
1791059922 2955, 13801, 58, 0x0000000000000000 | 33.49 43.70 47.80 | cpu  115407222 2730323 27241316 3244767104 72135 0 234949 0 0 0
1791059923 2947, 13801, 58, 0x0000000000000000 | 33.49 43.70 47.80 | cpu  115411630 2730323 27241404 3244790835 72135 0 234949 0 0 0
1791059925 2947, 13801, 59, 0x0000000000000000 | 33.49 43.70 47.80 | cpu  115416455 2730323 27241458 3244814319 72135 0 234949 0 0 0
1791059926 2940, 13801, 59, 0x0000000000000000 | 33.49 43.70 47.80 | cpu  115421573 2730324 27241502 3244838484 72135 0 234950 0 0 0
1791059927 2932, 13801, 59, 0x0000000000000000 | 33.49 43.70 47.80 | cpu  115426652 2730324 27241548 3244861209 72135 0 234951 0 0 0
1791059928 2940, 13801, 59, 0x0000000000000000 | 41.30 45.15 48.25 | cpu  115431884 2730324 27241648 3244885265 72135 0 234952 0 0 0
1791059929 2955, 13801, 58, 0x0000000000000000 | 41.30 45.15 48.25 | cpu  115436867 2730324 27241683 3244908490 72135 0 234952 0 0 0
1791059930 2947, 13801, 59, 0x0000000000000000 | 41.30 45.15 48.25 | cpu  115441044 2730324 27241731 3244932484 72135 0 234953 0 0 0
1791059931 2947, 13801, 58, 0x0000000000000000 | 41.30 45.15 48.25 | cpu  115445440 2730324 27241780 3244957555 72135 0 234953 0 0 0
1791059932 2940, 13801, 58, 0x0000000000000000 | 48.48 46.57 48.70 | cpu  115450172 2730324 27241828 3244980740 72135 0 234954 0 0 0
1791059933 2977, 13801, 53, 0x0000000000000000 | 48.48 46.57 48.70 | cpu  115455400 2730324 27241932 3245003804 72135 0 234954 0 0 0
1791059935 2940, 13801, 59, 0x0000000000000000 | 48.48 46.57 48.70 | cpu  115460125 2730324 27241983 3245027389 72135 0 234954 0 0 0
1791059936 2932, 13801, 61, 0x0000000000000000 | 48.48 46.57 48.70 | cpu  115465166 2730324 27242028 3245050533 72135 0 234955 0 0 0
1791059937 2940, 13801, 59, 0x0000000000000000 | 48.48 46.57 48.70 | cpu  115469956 2730324 27242068 3245074161 72135 0 234955 0 0 0
1791059938 2970, 13801, 55, 0x0000000000000000 | 44.84 45.85 48.45 | cpu  115474733 2730324 27242117 3245098540 72135 0 234955 0 0 0
1791059939 2925, 13801, 61, 0x0000000000000000 | 44.84 45.85 48.45 | cpu  115479552 2730324 27242203 3245121842 72135 0 234956 0 0 0
1791059940 2932, 13801, 60, 0x0000000000000000 | 44.84 45.85 48.45 | cpu  115484458 2730324 27242247 3245144294 72135 0 234956 0 0 0
1791059941 2940, 13801, 58, 0x0000000000000000 | 44.84 45.85 48.45 | cpu  115490052 2730324 27242308 3245168162 72135 0 234956 0 0 0
1791059942 2940, 13801, 59, 0x0000000000000000 | 41.49 45.14 48.21 | cpu  115495276 2730324 27242352 3245191786 72135 0 234956 0 0 0
1791059944 2947, 13801, 57, 0x0000000000000000 | 41.49 45.14 48.21 | cpu  115500357 2730324 27242392 3245214886 72135 0 234956 0 0 0
1791059945 2925, 13801, 58, 0x0000000000000000 | 41.49 45.14 48.21 | cpu  115505071 2730324 27242502 3245237966 72135 0 234957 0 0 0
1791059946 2932, 13801, 59, 0x0000000000000000 | 41.49 45.14 48.21 | cpu  115510390 2730324 27242541 3245261887 72136 0 234958 0 0 0
1791059947 2955, 13801, 57, 0x0000000000000000 | 41.49 45.14 48.21 | cpu  115515388 2730324 27242586 3245286392 72136 0 234958 0 0 0
1791059948 2940, 13801, 58, 0x0000000000000000 | 38.64 44.49 47.98 | cpu  115520517 2730324 27242672 3245310522 72136 0 234960 0 0 0
1791059949 2947, 13801, 58, 0x0000000000000000 | 38.64 44.49 47.98 | cpu  115525783 2730324 27242836 3245334162 72136 0 234961 0 0 0
1791059950 2932, 13801, 58, 0x0000000000000000 | 38.64 44.49 47.98 | cpu  115531001 2730324 27242929 3245356320 72136 0 234962 0 0 0
1791059951 2940, 13801, 59, 0x0000000000000000 | 38.64 44.49 47.98 | cpu  115536264 2730324 27242979 3245378884 72136 0 234962 0 0 0
1791059952 2947, 13801, 58, 0x0000000000000000 | 46.12 45.94 48.43 | cpu  115541485 2730324 27243047 3245401933 72136 0 234963 0 0 0
1791059954 2947, 13801, 57, 0x0000000000000000 | 46.12 45.94 48.43 | cpu  115546465 2730324 27243092 3245424724 72136 0 234964 0 0 0
1791059955 2947, 13801, 59, 0x0000000000000000 | 46.12 45.94 48.43 | cpu  115551497 2730324 27243138 3245447553 72136 0 234965 0 0 0
1791059956 2940, 13801, 60, 0x0000000000000000 | 46.12 45.94 48.43 | cpu  115556052 2730324 27243238 3245472123 72136 0 234965 0 0 0
1791059957 2940, 13801, 58, 0x0000000000000000 | 46.12 45.94 48.43 | cpu  115560732 2730324 27243266 3245496086 72136 0 234965 0 0 0
1791059958 2977, 13801, 53, 0x0000000000000000 | 42.75 45.24 48.19 | cpu  115565393 2730324 27243304 3245519741 72136 0 234966 0 0 0
1791059959 2932, 13801, 59, 0x0000000000000000 | 42.75 45.24 48.19 | cpu  115570460 2730324 27243342 3245543478 72136 0 234966 0 0 0
1791059960 2947, 13801, 58, 0x0000000000000000 | 42.75 45.24 48.19 | cpu  115574888 2730324 27243375 3245567405 72136 0 234966 0 0 0
1791059961 2977, 13801, 52, 0x0000000000000000 | 42.75 45.24 48.19 | cpu  115579962 2730324 27243458 3245589984 72136 0 234966 0 0 0
1791059962 2985, 13801, 52, 0x0000000000000000 | 49.73 46.65 48.63 | cpu  115585109 2730324 27243501 3245612756 72136 0 234966 0 0 0
1791059964 2580, 13801, 50, 0x0000000000000000 | 49.73 46.65 48.63 | cpu  115590333 2730324 27243537 3245635419 72136 0 234966 0 0 0
1791059965 2572, 13801, 50, 0x0000000000000000 | 49.73 46.65 48.63 | cpu  115595326 2730324 27243575 3245658866 72136 0 234966 0 0 0
1791059966 2842, 13801, 54, 0x0000000000000000 | 49.73 46.65 48.63 | cpu  115600940 2730324 27243676 3245680919 72136 0 234967 0 0 0
1791059967 2940, 13801, 57, 0x0000000000000000 | 49.73 46.65 48.63 | cpu  115606752 2730324 27243762 3245703531 72136 0 234967 0 0 0
1791059968 2947, 13801, 57, 0x0000000000000000 | 46.15 45.96 48.40 | cpu  115611884 2730324 27243802 3245725928 72136 0 234967 0 0 0
1791059969 2940, 13801, 57, 0x0000000000000000 | 46.15 45.96 48.40 | cpu  115617682 2730324 27243849 3245748745 72136 0 234969 0 0 0
1791059970 2932, 13801, 58, 0x0000000000000000 | 46.15 45.96 48.40 | cpu  115623175 2730324 27243882 3245771157 72136 0 234969 0 0 0
1791059971 2925, 13801, 59, 0x0000000000000000 | 46.15 45.96 48.40 | cpu  115628567 2730324 27243925 3245794545 72136 0 234970 0 0 0
1791059972 2940, 13801, 57, 0x0000000000000000 | 53.11 47.41 48.85 | cpu  115633962 2730324 27244011 3245817017 72136 0 234970 0 0 0
1791059973 2940, 13801, 57, 0x0000000000000000 | 53.11 47.41 48.85 | cpu  115639359 2730324 27244065 3245840063 72136 0 234970 0 0 0
1791059975 2962, 13801, 53, 0x0000000000000000 | 53.11 47.41 48.85 | cpu  115644738 2730324 27244117 3245863283 72136 0 234970 0 0 0
1791059976 2955, 13801, 56, 0x0000000000000000 | 53.11 47.41 48.85 | cpu  115650018 2730324 27244159 3245886468 72136 0 234970 0 0 0
1791059977 2925, 13801, 59, 0x0000000000000000 | 53.11 47.41 48.85 | cpu  115655741 2730324 27244211 3245910669 72136 0 234970 0 0 0
1791059978 2947, 13801, 57, 0x0000000000000000 | 59.35 48.79 49.29 | cpu  115661074 2730324 27244292 3245933557 72136 0 234970 0 0 0
1791059979 2940, 13801, 58, 0x0000000000000000 | 59.35 48.79 49.29 | cpu  115666103 2730324 27244354 3245956692 72136 0 234971 0 0 0
1791059980 2940, 13801, 56, 0x0000000000000000 | 59.35 48.79 49.29 | cpu  115671282 2730324 27244402 3245980455 72136 0 234972 0 0 0
1791059981 2932, 13801, 58, 0x0000000000000000 | 59.35 48.79 49.29 | cpu  115676451 2730324 27244439 3246003331 72136 0 234972 0 0 0
1791059982 2940, 13801, 57, 0x0000000000000000 | 54.91 48.05 49.05 | cpu  115681554 2730324 27244479 3246026389 72136 0 234972 0 0 0
1791059984 2925, 13801, 58, 0x0000000000000000 | 54.91 48.05 49.05 | cpu  115686469 2730324 27244568 3246050015 72136 0 234972 0 0 0
1791059985 2932, 13801, 58, 0x0000000000000000 | 54.91 48.05 49.05 | cpu  115691824 2730324 27244632 3246074125 72136 0 234972 0 0 0
1791059986 2932, 13801, 58, 0x0000000000000000 | 54.91 48.05 49.05 | cpu  115696876 2730324 27244739 3246097651 72136 0 234972 0 0 0
1791059987 2985, 13801, 52, 0x0000000000000000 | 54.91 48.05 49.05 | cpu  115702492 2730324 27244801 3246120847 72136 0 234972 0 0 0
1791059988 2962, 13801, 52, 0x0000000000000000 | 50.84 47.32 48.81 | cpu  115707417 2730324 27244852 3246144082 72136 0 234973 0 0 0
1791059989 2880, 13801, 63, 0x0000000000000004 | 50.84 47.32 48.81 | cpu  115712112 2730324 27244981 3246167168 72136 0 234973 0 0 0
1791059990 2977, 13801, 52, 0x0000000000000000 | 50.84 47.32 48.81 | cpu  115716885 2730324 27245085 3246190776 72136 0 234974 0 0 0
1791059991 2887, 13801, 55, 0x0000000000000000 | 50.84 47.32 48.81 | cpu  115722106 2730324 27245128 3246213669 72136 0 234974 0 0 0
1791059992 2977, 13801, 57, 0x0000000000000004 | 47.25 46.63 48.58 | cpu  115727474 2730324 27245223 3246235667 72136 0 234975 0 0 0
1791059994 2977, 13801, 52, 0x0000000000000000 | 47.25 46.63 48.58 | cpu  115732401 2730324 27245282 3246259212 72136 0 234976 0 0 0
1791059995 2880, 13801, 57, 0x0000000000000000 | 47.25 46.63 48.58 | cpu  115737614 2730324 27245375 3246283332 72136 0 234976 0 0 0
1791059996 2970, 13801, 55, 0x0000000000000004 | 47.25 46.63 48.58 | cpu  115742928 2730324 27245431 3246306525 72136 0 234976 0 0 0
1791059997 2985, 13801, 51, 0x0000000000000000 | 47.25 46.63 48.58 | cpu  115748022 2730324 27245487 3246329466 72137 0 234976 0 0 0
1791059998 2977, 13801, 52, 0x0000000000000000 | 50.91 47.40 48.82 | cpu  115752746 2730324 27245552 3246352520 72140 0 234981 0 0 0
1791059999 2962, 13801, 52, 0x0000000000000000 | 50.91 47.40 48.82 | cpu  115757477 2730324 27245616 3246376420 72140 0 234992 0 0 0
1791060000 2872, 13801, 54, 0x0000000000000000 | 50.91 47.40 48.82 | cpu  115762333 2730324 27245708 3246400061 72140 0 235000 0 0 0
1791060001 2985, 13801, 51, 0x0000000000000000 | 50.91 47.40 48.82 | cpu  115767054 2730324 27245796 3246422443 72140 0 235009 0 0 0
1791060002 2872, 13801, 61, 0x0000000000000004 | 47.39 46.73 48.59 | cpu  115771775 2730324 27245878 3246446487 72140 0 235016 0 0 0
1791060004 2977, 13801, 52, 0x0000000000000000 | 47.39 46.73 48.59 | cpu  115778735 2730324 27245977 3246467927 72140 0 235018 0 0 0
1791060005 2985, 13801, 51, 0x0000000000000000 | 47.39 46.73 48.59 | cpu  115785366 2730324 27246061 3246488970 72141 0 235018 0 0 0
1791060006 2887, 13801, 53, 0x0000000000000000 | 47.39 46.73 48.59 | cpu  115790056 2730324 27246208 3246511634 72150 0 235018 0 0 0
1791060007 2985, 13801, 51, 0x0000000000000000 | 47.39 46.73 48.59 | cpu  115794251 2730324 27246292 3246535073 72163 0 235018 0 0 0
1791060008 2910, 13801, 62, 0x0000000000000004 | 44.08 46.06 48.36 | cpu  115798724 2730324 27246376 3246558563 72163 0 235018 0 0 0
1791060009 2985, 13801, 51, 0x0000000000000000 | 44.08 46.06 48.36 | cpu  115803236 2730325 27246481 3246582361 72163 0 235018 0 0 0
1791060010 2932, 13801, 55, 0x0000000000000000 | 44.08 46.06 48.36 | cpu  115808512 2730325 27246536 3246606178 72164 0 235019 0 0 0
1791060011 2985, 13801, 51, 0x0000000000000000 | 44.08 46.06 48.36 | cpu  115813752 2730325 27246612 3246628960 72164 0 235019 0 0 0
1791060012 2970, 13801, 61, 0x0000000000000000 | 40.95 45.37 48.13 | cpu  115819148 2730325 27246707 3246652148 72164 0 235019 0 0 0
1791060014 2970, 13801, 51, 0x0000000000000000 | 40.95 45.37 48.13 | cpu  115824156 2730325 27246779 3246675853 72164 0 235020 0 0 0
1791060015 2985, 13801, 50, 0x0000000000000000 | 40.95 45.37 48.13 | cpu  115829223 2730325 27246847 3246698750 72164 0 235020 0 0 0
1791060016 2962, 13801, 61, 0x0000000000000000 | 40.95 45.37 48.13 | cpu  115834562 2730325 27246912 3246721800 72164 0 235020 0 0 0
1791060017 2925, 13801, 57, 0x0000000000000000 | 40.95 45.37 48.13 | cpu  115839867 2730325 27247013 3246744449 72164 0 235020 0 0 0
1791060018 2932, 13801, 56, 0x0000000000000000 | 44.40 46.02 48.32 | cpu  115845273 2730325 27247084 3246767276 72164 0 235020 0 0 0
1791060019 2947, 13801, 56, 0x0000000000000000 | 44.40 46.02 48.32 | cpu  115850774 2730325 27247141 3246790044 72164 0 235021 0 0 0
1791060020 2940, 13801, 56, 0x0000000000000000 | 44.40 46.02 48.32 | cpu  115856469 2730325 27247215 3246813319 72164 0 235021 0 0 0
1791060021 2940, 13801, 56, 0x0000000000000000 | 44.40 46.02 48.32 | cpu  115861965 2730325 27247275 3246836362 72164 0 235021 0 0 0
1791060022 2947, 13801, 56, 0x0000000000000000 | 42.12 45.52 48.15 | cpu  115867341 2730325 27247344 3246859430 72164 0 235021 0 0 0
1791060024 2940, 13801, 56, 0x0000000000000000 | 42.12 45.52 48.15 | cpu  115872221 2730325 27247408 3246882398 72164 0 235021 0 0 0
1791060025 2932, 13801, 57, 0x0000000000000000 | 42.12 45.52 48.15 | cpu  115877417 2730325 27247471 3246905270 72165 0 235022 0 0 0
1791060026 2947, 13801, 56, 0x0000000000000000 | 42.12 45.52 48.15 | cpu  115882710 2730325 27247543 3246928860 72165 0 235022 0 0 0
1791060027 2940, 13801, 57, 0x0000000000000000 | 42.12 45.52 48.15 | cpu  115888078 2730325 27247626 3246952031 72165 0 235022 0 0 0
1791060028 2932, 13801, 57, 0x0000000000000000 | 39.15 44.84 47.92 | cpu  115893351 2730325 27247715 3246974627 72165 0 235022 0 0 0
1791060029 2940, 13801, 56, 0x0000000000000000 | 39.15 44.84 47.92 | cpu  115898633 2730325 27247800 3246997778 72165 0 235023 0 0 0
1791060030 2947, 13801, 56, 0x0000000000000000 | 39.15 44.84 47.92 | cpu  115903752 2730325 27247865 3247020487 72165 0 235023 0 0 0
1791060031 2947, 13801, 56, 0x0000000000000000 | 39.15 44.84 47.92 | cpu  115908863 2730325 27247925 3247043096 72165 0 235023 0 0 0
1791060032 2947, 13801, 57, 0x0000000000000000 | 46.66 46.31 48.37 | cpu  115913444 2730325 27248024 3247066923 72165 0 235024 0 0 0
1791060034 2955, 13801, 56, 0x0000000000000000 | 46.66 46.31 48.37 | cpu  115918166 2730325 27248101 3247089987 72165 0 235024 0 0 0
1791060035 2932, 13801, 58, 0x0000000000000000 | 46.66 46.31 48.37 | cpu  115922583 2730325 27248320 3247113168 72165 0 235025 0 0 0
1791060036 2932, 13801, 58, 0x0000000000000000 | 46.66 46.31 48.37 | cpu  115927256 2730325 27248470 3247136831 72165 0 235026 0 0 0
1791060037 2940, 13801, 56, 0x0000000000000000 | 46.66 46.31 48.37 | cpu  115932237 2730325 27248594 3247160894 72165 0 235026 0 0 0
1791060038 2932, 13801, 57, 0x0000000000000000 | 43.33 45.62 48.14 | cpu  115937354 2730325 27248658 3247184020 72165 0 235027 0 0 0
1791060039 2955, 13801, 56, 0x0000000000000000 | 43.33 45.62 48.14 | cpu  115942364 2730325 27248725 3247207596 72165 0 235027 0 0 0
1791060040 2940, 13801, 57, 0x0000000000000000 | 43.33 45.62 48.14 | cpu  115947644 2730325 27248800 3247231396 72165 0 235027 0 0 0
1791060041 2947, 13801, 57, 0x0000000000000000 | 43.33 45.62 48.14 | cpu  115953077 2730325 27248853 3247254238 72165 0 235027 0 0 0
1791060042 2940, 13801, 57, 0x0000000000000000 | 40.26 44.95 47.91 | cpu  115958493 2730325 27248900 3247277267 72165 0 235027 0 0 0
1791060044 2947, 13801, 57, 0x0000000000000000 | 40.26 44.95 47.91 | cpu  115963712 2730325 27248962 3247300513 72165 0 235027 0 0 0
1791060045 2947, 13801, 57, 0x0000000000000000 | 40.26 44.95 47.91 | cpu  115968871 2730325 27249031 3247324374 72165 0 235027 0 0 0
1791060046 2925, 13801, 58, 0x0000000000000000 | 40.26 44.95 47.91 | cpu  115974067 2730325 27249121 3247347507 72165 0 235028 0 0 0
1791060047 2940, 13801, 58, 0x0000000000000000 | 40.26 44.95 47.91 | cpu  115979368 2730325 27249207 3247371506 72165 0 235028 0 0 0
1791060048 2977, 13801, 52, 0x0000000000000000 | 47.12 46.29 48.33 | cpu  115983766 2730325 27249296 3247394701 72165 0 235028 0 0 0
1791060049 2932, 13801, 58, 0x0000000000000000 | 47.12 46.29 48.33 | cpu  115988915 2730325 27249367 3247419111 72165 0 235028 0 0 0
1791060050 2947, 13801, 58, 0x0000000000000000 | 47.12 46.29 48.33 | cpu  115993332 2730325 27249600 3247441962 72165 0 235029 0 0 0
1791060051 2970, 13801, 53, 0x0000000000000000 | 47.12 46.29 48.33 | cpu  115997777 2730325 27249793 3247465222 72165 0 235029 0 0 0
1791060052 2940, 13801, 58, 0x0000000000000000 | 53.76 47.68 48.77 | cpu  116003246 2730325 27249835 3247489272 72167 0 235030 0 0 0
1791060054 2940, 13801, 58, 0x0000000000000000 | 53.76 47.68 48.77 | cpu  116013410 2730325 27249880 3247506846 72167 0 235030 0 0 0
1791060055 2940, 13801, 57, 0x0000000000000000 | 53.76 47.68 48.77 | cpu  116023265 2730325 27249938 3247524868 72167 0 235030 0 0 0
1791060056 2947, 13801, 57, 0x0000000000000000 | 53.76 47.68 48.77 | cpu  116030931 2730325 27250208 3247545109 72167 0 235030 0 0 0
1791060057 2940, 13801, 57, 0x0000000000000000 | 53.76 47.68 48.77 | cpu  116037634 2730325 27250312 3247568876 72168 0 235031 0 0 0
1791060058 2947, 13801, 57, 0x0000000000000000 | 49.78 46.96 48.53 | cpu  116046216 2730325 27250401 3247587749 72168 0 235032 0 0 0
1791060059 2947, 13801, 57, 0x0000000000000000 | 49.78 46.96 48.53 | cpu  116052690 2730325 27250878 3247608027 72168 0 235032 0 0 0
1791060060 2977, 13801, 53, 0x0000000000000000 | 49.78 46.96 48.53 | cpu  116057509 2730325 27251562 3247631642 72168 0 235033 0 0 0
1791060061 2940, 13801, 58, 0x0000000000000000 | 49.78 46.96 48.53 | cpu  116064712 2730325 27252109 3247651990 72168 0 235033 0 0 0
1791060062 2925, 13801, 60, 0x0000000000000000 | 56.28 48.35 48.97 | cpu  116073634 2730325 27252444 3247670555 72168 0 235034 0 0 0
1791060064 2940, 13801, 58, 0x0000000000000000 | 56.28 48.35 48.97 | cpu  116082938 2730325 27252609 3247688519 72168 0 235034 0 0 0
1791060065 2947, 13801, 59, 0x0000000000000000 | 56.28 48.35 48.97 | cpu  116093667 2730325 27252773 3247706936 72168 0 235034 0 0 0
1791060066 2940, 13801, 58, 0x0000000000000000 | 56.28 48.35 48.97 | cpu  116102334 2730325 27253718 3247724709 72168 0 235051 0 0 0
1791060067 2932, 13801, 60, 0x0000000000000000 | 56.28 48.35 48.97 | cpu  116110758 2730326 27254943 3247745568 72168 0 235067 0 0 0
1791060068 2932, 13801, 59, 0x0000000000000000 | 53.94 48.00 48.85 | cpu  116116488 2730326 27256520 3247769933 72168 0 235079 0 0 0
1791060069 2940, 13801, 57, 0x0000000000000000 | 53.94 48.00 48.85 | cpu  116120978 2730326 27257360 3247793752 72168 0 235082 0 0 0
1791060071 2932, 13801, 59, 0x0000000000000000 | 53.94 48.00 48.85 | cpu  116125300 2730326 27258005 3247817059 72168 0 235083 0 0 0
1791060072 2932, 13801, 58, 0x0000000000000000 | 53.94 48.00 48.85 | cpu  116129948 2730326 27258662 3247840099 72168 0 235083 0 0 0
1791060073 2932, 13801, 59, 0x0000000000000000 | 50.50 47.38 48.65 | cpu  116134360 2730326 27259330 3247863399 72168 0 235084 0 0 0
1791060074 2962, 13801, 54, 0x0000000000000000 | 50.50 47.38 48.65 | cpu  116138654 2730326 27259992 3247886678 72168 0 235084 0 0 0
1791060075 2940, 13801, 59, 0x0000000000000000 | 50.50 47.38 48.65 | cpu  116143127 2730326 27260628 3247909670 72168 0 235085 0 0 0
1791060076 2932, 13801, 59, 0x0000000000000000 | 50.50 47.38 48.65 | cpu  116147726 2730326 27261268 3247932672 72168 0 235085 0 0 0
1791060077 2940, 13801, 59, 0x0000000000000000 | 50.50 47.38 48.65 | cpu  116153578 2730326 27261520 3247954440 72168 0 235086 0 0 0
1791060078 2947, 13801, 58, 0x0000000000000000 | 46.85 46.68 48.41 | cpu  116157751 2730326 27261583 3247978653 72168 0 235086 0 0 0
1791060079 2955, 13801, 57, 0x0000000000000000 | 46.85 46.68 48.41 | cpu  116162861 2730326 27261661 3248001933 72168 0 235088 0 0 0
1791060080 2985, 13801, 53, 0x0000000000000000 | 46.85 46.68 48.41 | cpu  116167991 2730326 27261729 3248024559 72168 0 235088 0 0 0
1791060082 2940, 13801, 58, 0x0000000000000000 | 46.85 46.68 48.41 | cpu  116172404 2730326 27261779 3248048048 72168 0 235088 0 0 0
1791060083 2940, 13801, 58, 0x0000000000000000 | 43.98 46.09 48.21 | cpu  116176748 2730326 27261934 3248071575 72168 0 235089 0 0 0
1791060084 2947, 13801, 58, 0x0000000000000000 | 43.98 46.09 48.21 | cpu  116181284 2730326 27262141 3248095456 72168 0 235089 0 0 0
1791060085 2977, 13801, 53, 0x0000000000000000 | 43.98 46.09 48.21 | cpu  116186257 2730326 27262220 3248118763 72168 0 235089 0 0 0
1791060086 2985, 13801, 52, 0x0000000000000000 | 43.98 46.09 48.21 | cpu  116192714 2730326 27262362 3248140989 72168 0 235090 0 0 0
1791060087 2572, 13801, 51, 0x0000000000000000 | 43.98 46.09 48.21 | cpu  116197143 2730326 27262574 3248165721 72168 0 235090 0 0 0
1791060088 2572, 13801, 51, 0x0000000000000000 | 40.86 45.40 47.98 | cpu  116201802 2730326 27262737 3248189284 72168 0 235091 0 0 0
1791060089 2797, 13801, 54, 0x0000000000000000 | 40.86 45.40 47.98 | cpu  116207013 2730326 27262969 3248213352 72168 0 235094 0 0 0
1791060090 2955, 13801, 56, 0x0000000000000000 | 40.86 45.40 47.98 | cpu  116211968 2730326 27263122 3248236500 72168 0 235095 0 0 0
1791060092 2940, 13801, 57, 0x0000000000000000 | 40.86 45.40 47.98 | cpu  116217170 2730326 27263176 3248259646 72169 0 235096 0 0 0
1791060093 2947, 13801, 57, 0x0000000000000000 | 37.83 44.70 47.74 | cpu  116222465 2730326 27263238 3248282402 72169 0 235097 0 0 0
1791060094 2955, 13801, 57, 0x0000000000000000 | 37.83 44.70 47.74 | cpu  116227684 2730326 27263322 3248306459 72169 0 235097 0 0 0
1791060095 2947, 13801, 58, 0x0000000000000000 | 37.83 44.70 47.74 | cpu  116233055 2730326 27263376 3248329360 72169 0 235098 0 0 0
1791060096 2940, 13801, 58, 0x0000000000000000 | 37.83 44.70 47.74 | cpu  116238390 2730327 27263463 3248352986 72169 0 235098 0 0 0
1791060097 2940, 13801, 58, 0x0000000000000000 | 37.83 44.70 47.74 | cpu  116243752 2730327 27263526 3248377099 72169 0 235098 0 0 0
1791060098 2932, 13801, 58, 0x0000000000000000 | 35.20 44.04 47.51 | cpu  116248697 2730327 27263663 3248401064 72169 0 235098 0 0 0
1791060100 2947, 13801, 57, 0x0000000000000000 | 35.20 44.04 47.51 | cpu  116253342 2730327 27263822 3248424474 72169 0 235099 0 0 0
1791060101 2940, 13801, 58, 0x0000000000000000 | 35.20 44.04 47.51 | cpu  116258435 2730327 27263880 3248448349 72169 0 235100 0 0 0
1791060102 2932, 13801, 59, 0x0000000000000000 | 35.20 44.04 47.51 | cpu  116263489 2730327 27263950 3248472070 72169 0 235100 0 0 0
1791060103 2940, 13801, 58, 0x0000000000000000 | 32.70 43.38 47.27 | cpu  116268363 2730327 27264007 3248494623 72169 0 235101 0 0 0
1791060104 2940, 13801, 59, 0x0000000000000000 | 32.70 43.38 47.27 | cpu  116273496 2730327 27264093 3248518442 72169 0 235102 0 0 0
1791060105 2940, 13801, 58, 0x0000000000000000 | 32.70 43.38 47.27 | cpu  116278469 2730327 27264133 3248541440 72169 0 235102 0 0 0
1791060106 2947, 13801, 58, 0x0000000000000000 | 32.70 43.38 47.27 | cpu  116283728 2730327 27264191 3248564888 72169 0 235103 0 0 0
1791060107 2940, 13801, 58, 0x0000000000000000 | 32.70 43.38 47.27 | cpu  116289155 2730327 27264258 3248587296 72169 0 235103 0 0 0
1791060108 2940, 13801, 58, 0x0000000000000000 | 40.49 44.81 47.72 | cpu  116294534 2730327 27264331 3248610296 72169 0 235103 0 0 0
1791060110 2940, 13801, 58, 0x0000000000000000 | 40.49 44.81 47.72 | cpu  116300821 2730327 27264798 3248632252 72169 0 235105 0 0 0
1791060111 2932, 13801, 57, 0x0000000000000000 | 40.49 44.81 47.72 | cpu  116305803 2730327 27264880 3248655924 72169 0 235106 0 0 0
1791060112 2932, 13801, 57, 0x0000000000000000 | 40.49 44.81 47.72 | cpu  116310535 2730327 27265026 3248679914 72169 0 235106 0 0 0
1791060113 2932, 13801, 59, 0x0000000000000000 | 39.09 44.45 47.59 | cpu  116315380 2730327 27265136 3248704129 72169 0 235107 0 0 0
1791060114 2955, 13801, 57, 0x0000000000000000 | 39.09 44.45 47.59 | cpu  116324798 2730327 27265276 3248722556 72169 0 235107 0 0 0
1791060115 2940, 13801, 57, 0x0000000000000000 | 39.09 44.45 47.59 | cpu  116335036 2730327 27265522 3248739863 72169 0 235107 0 0 0
1791060116 2940, 13801, 59, 0x0000000000000000 | 39.09 44.45 47.59 | cpu  116344772 2730327 27265619 3248757663 72171 0 235107 0 0 0
1791060117 2932, 13801, 59, 0x0000000000000000 | 39.09 44.45 47.59 | cpu  116354181 2730327 27265765 3248776239 72171 0 235107 0 0 0
1791060118 2940, 13801, 58, 0x0000000000000000 | 36.60 43.85 47.37 | cpu  116361144 2730327 27265872 3248796816 72171 0 235108 0 0 0
1791060119 2940, 13801, 58, 0x0000000000000000 | 36.60 43.85 47.37 | cpu  116370340 2730327 27265929 3248815163 72171 0 235108 0 0 0
1791060121 2932, 13801, 59, 0x0000000000000000 | 36.60 43.85 47.37 | cpu  116380186 2730327 27266010 3248832803 72171 0 235109 0 0 0
1791060122 2947, 13801, 58, 0x0000000000000000 | 36.60 43.85 47.37 | cpu  116389684 2730327 27266095 3248850771 72171 0 235109 0 0 0
1791060123 2940, 13801, 59, 0x0000000000000000 | 33.99 43.19 47.14 | cpu  116399202 2730327 27266218 3248869419 72171 0 235109 0 0 0
1791060124 2932, 13801, 60, 0x0000000000000000 | 33.99 43.19 47.14 | cpu  116406250 2730327 27266459 3248891366 72193 0 235112 0 0 0
1791060125 2940, 13801, 58, 0x0000000000000000 | 33.99 43.19 47.14 | cpu  116412412 2730327 27266894 3248912619 72329 0 235112 0 0 0
1791060126 2947, 13801, 58, 0x0000000000000000 | 33.99 43.19 47.14 | cpu  116416853 2730327 27267342 3248936915 72421 0 235114 0 0 0
1791060127 2947, 13801, 58, 0x0000000000000000 | 33.99 43.19 47.14 | cpu  116421627 2730327 27267820 3248959727 72532 0 235115 0 0 0
1791060128 2940, 13801, 58, 0x0000000000000000 | 33.35 42.90 47.03 | cpu  116426300 2730327 27268286 3248982001 72718 0 235122 0 0 0
1791060129 2940, 13801, 58, 0x0000000000000000 | 33.35 42.90 47.03 | cpu  116434631 2730327 27268606 3249001000 72821 0 235122 0 0 0
1791060131 2940, 13801, 58, 0x0000000000000000 | 33.35 42.90 47.03 | cpu  116444041 2730327 27268796 3249020843 72847 0 235122 0 0 0
1791060132 2940, 13801, 58, 0x0000000000000000 | 33.35 42.90 47.03 | cpu  116453270 2730327 27268982 3249039156 72875 0 235122 0 0 0
1791060133 2932, 13801, 59, 0x0000000000000000 | 35.16 43.12 47.07 | cpu  116463058 2730327 27269099 3249059086 72905 0 235122 0 0 0
1791060134 2970, 13801, 54, 0x0000000000000000 | 35.16 43.12 47.07 | cpu  116471378 2730327 27269282 3249077605 72925 0 235123 0 0 0
1791060135 2955, 13801, 56, 0x0000000000000000 | 35.16 43.12 47.07 | cpu  116475471 2730327 27269942 3249101282 72925 0 235123 0 0 0
1791060136 2940, 13801, 58, 0x0000000000000000 | 35.16 43.12 47.07 | cpu  116480059 2730327 27270612 3249125051 72925 0 235123 0 0 0
1791060137 2940, 13801, 57, 0x0000000000000000 | 35.16 43.12 47.07 | cpu  116484512 2730327 27271259 3249148440 72925 0 235123 0 0 0
1791060138 2955, 13801, 57, 0x0000000000000000 | 41.24 44.24 47.42 | cpu  116488982 2730327 27271901 3249172739 72925 0 235123 0 0 0
1791060140 2977, 13801, 53, 0x0000000000000000 | 41.24 44.24 47.42 | cpu  116493103 2730327 27272489 3249195779 72925 0 235124 0 0 0
1791060141 2940, 13801, 57, 0x0000000000000000 | 41.24 44.24 47.42 | cpu  116497262 2730327 27273192 3249219625 72925 0 235125 0 0 0
1791060142 2940, 13801, 58, 0x0000000000000000 | 41.24 44.24 47.42 | cpu  116501763 2730327 27273820 3249243079 72925 0 235126 0 0 0
1791060143 2925, 13801, 60, 0x0000000000000000 | 40.90 44.12 47.36 | cpu  116505973 2730327 27274465 3249265957 72925 0 235128 0 0 0
1791060144 2977, 13801, 58, 0x0000000000000000 | 40.90 44.12 47.36 | cpu  116511461 2730327 27274872 3249289186 72925 0 235130 0 0 0
1791060145 2947, 13801, 58, 0x0000000000000000 | 40.90 44.12 47.36 | cpu  116516044 2730327 27274946 3249313120 72925 0 235130 0 0 0
1791060146 2932, 13801, 58, 0x0000000000000000 | 40.90 44.12 47.36 | cpu  116520876 2730327 27275116 3249336529 72925 0 235130 0 0 0
1791060147 2940, 13801, 59, 0x0000000000000000 | 40.90 44.12 47.36 | cpu  116525792 2730327 27275184 3249360608 72925 0 235131 0 0 0
1791060149 2947, 13801, 58, 0x0000000000000000 | 48.19 45.58 47.82 | cpu  116530503 2730327 27275240 3249385413 72925 0 235131 0 0 0
1791060150 2932, 13801, 58, 0x0000000000000000 | 48.19 45.58 47.82 | cpu  116535649 2730327 27275298 3249409037 72925 0 235131 0 0 0
1791060151 2970, 13801, 55, 0x0000000000000000 | 48.19 45.58 47.82 | cpu  116540222 2730327 27275358 3249433100 72925 0 235132 0 0 0
1791060152 2932, 13801, 59, 0x0000000000000000 | 48.19 45.58 47.82 | cpu  116544554 2730327 27275448 3249457209 72925 0 235134 0 0 0
1791060153 2932, 13801, 59, 0x0000000000000000 | 44.65 44.89 47.58 | cpu  116550940 2730327 27275532 3249479247 72925 0 235134 0 0 0
1791060154 2932, 13801, 58, 0x0000000000000000 | 44.65 44.89 47.58 | cpu  116555751 2730327 27275599 3249502931 72925 0 235134 0 0 0
1791060155 2947, 13801, 58, 0x0000000000000000 | 44.65 44.89 47.58 | cpu  116560831 2730327 27275663 3249526255 72925 0 235136 0 0 0
1791060156 2940, 13801, 59, 0x0000000000000000 | 44.65 44.89 47.58 | cpu  116565998 2730328 27275734 3249549936 72925 0 235136 0 0 0
1791060157 2940, 13801, 58, 0x0000000000000000 | 44.65 44.89 47.58 | cpu  116571174 2730328 27275836 3249573196 72925 0 235136 0 0 0
1791060159 2940, 13801, 58, 0x0000000000000000 | 41.56 44.25 47.36 | cpu  116576301 2730328 27275899 3249596979 72925 0 235137 0 0 0
1791060160 2940, 13801, 59, 0x0000000000000000 | 41.56 44.25 47.36 | cpu  116581480 2730328 27275949 3249620666 72925 0 235138 0 0 0
1791060161 2947, 13801, 59, 0x0000000000000000 | 41.56 44.25 47.36 | cpu  116586629 2730328 27276017 3249644759 72925 0 235138 0 0 0
1791060162 2932, 13801, 59, 0x0000000000000000 | 41.56 44.25 47.36 | cpu  116591557 2730328 27276093 3249668775 72925 0 235138 0 0 0
1791060163 2932, 13801, 59, 0x0000000000000000 | 48.72 45.69 47.81 | cpu  116596501 2730328 27276180 3249691575 72925 0 235139 0 0 0
1791060164 2932, 13801, 59, 0x0000000000000000 | 48.72 45.69 47.81 | cpu  116601587 2730328 27276242 3249714625 72925 0 235140 0 0 0
1791060165 2940, 13801, 58, 0x0000000000000000 | 48.72 45.69 47.81 | cpu  116606732 2730328 27276289 3249737377 72925 0 235140 0 0 0
1791060166 2977, 13801, 54, 0x0000000000000000 | 48.72 45.69 47.81 | cpu  116611782 2730328 27276336 3249760528 72925 0 235140 0 0 0
1791060168 2932, 13801, 58, 0x0000000000000000 | 45.30 45.03 47.58 | cpu  116617070 2730328 27276382 3249784293 72925 0 235141 0 0 0
1791060169 2962, 13801, 57, 0x0000000000000000 | 45.30 45.03 47.58 | cpu  116625122 2730328 27276606 3249804124 72925 0 235141 0 0 0
1791060170 2940, 13801, 57, 0x0000000000000000 | 45.30 45.03 47.58 | cpu  116630306 2730328 27276800 3249826700 72925 0 235141 0 0 0
1791060171 2925, 13801, 59, 0x0000000000000000 | 45.30 45.03 47.58 | cpu  116636139 2730328 27276985 3249848080 72925 0 235141 0 0 0
1791060172 2932, 13801, 59, 0x0000000000000000 | 45.30 45.03 47.58 | cpu  116641374 2730328 27277112 3249870127 72925 0 235141 0 0 0
1791060173 2925, 13801, 61, 0x0000000000000000 | 41.99 44.35 47.35 | cpu  116646682 2730328 27277162 3249893435 72925 0 235142 0 0 0
1791060174 2940, 13801, 59, 0x0000000000000000 | 41.99 44.35 47.35 | cpu  116650958 2730328 27277248 3249916884 72925 0 235142 0 0 0
1791060175 2947, 13801, 58, 0x0000000000000000 | 41.99 44.35 47.35 | cpu  116656201 2730328 27277369 3249940757 72925 0 235143 0 0 0
1791060176 2932, 13801, 59, 0x0000000000000000 | 41.99 44.35 47.35 | cpu  116662217 2730328 27277503 3249962740 72925 0 235144 0 0 0
1791060177 2925, 13801, 60, 0x0000000000000000 | 41.99 44.35 47.35 | cpu  116666974 2730328 27277576 3249987143 72925 0 235144 0 0 0
1791060179 2940, 13801, 59, 0x0000000000000000 | 42.79 44.47 47.37 | cpu  116672221 2730328 27277715 3250011746 72925 0 235146 0 0 0
1791060180 2947, 13801, 57, 0x0000000000000000 | 42.79 44.47 47.37 | cpu  116677209 2730328 27277935 3250035358 72925 0 235148 0 0 0
1791060181 2940, 13801, 59, 0x0000000000000000 | 42.79 44.47 47.37 | cpu  116682412 2730328 27277972 3250059164 72925 0 235148 0 0 0
1791060182 2925, 13801, 60, 0x0000000000000000 | 42.79 44.47 47.37 | cpu  116687507 2730328 27278002 3250083431 72925 0 235149 0 0 0
1791060183 2947, 13801, 59, 0x0000000000000000 | 49.86 45.91 47.82 | cpu  116692655 2730328 27278036 3250106153 72925 0 235150 0 0 0
1791060184 2947, 13801, 58, 0x0000000000000000 | 49.86 45.91 47.82 | cpu  116697637 2730328 27278091 3250129902 72925 0 235150 0 0 0
1791060185 2940, 13801, 58, 0x0000000000000000 | 49.86 45.91 47.82 | cpu  116702894 2730328 27278220 3250153460 72926 0 235151 0 0 0
1791060187 2932, 13801, 60, 0x0000000000000000 | 49.86 45.91 47.82 | cpu  116708092 2730328 27278253 3250176855 72926 0 235152 0 0 0
1791060188 2940, 13801, 60, 0x0000000000000000 | 56.28 47.31 48.26 | cpu  116713182 2730328 27278292 3250199732 72926 0 235152 0 0 0
1791060189 2947, 13801, 59, 0x0000000000000000 | 56.28 47.31 48.26 | cpu  116718528 2730328 27278347 3250223156 72926 0 235153 0 0 0
1791060190 2932, 13801, 59, 0x0000000000000000 | 56.28 47.31 48.26 | cpu  116723748 2730328 27278410 3250246215 72926 0 235153 0 0 0
1791060191 2947, 13801, 59, 0x0000000000000000 | 56.28 47.31 48.26 | cpu  116729001 2730328 27278524 3250270036 72926 0 235154 0 0 0
1791060192 2947, 13801, 58, 0x0000000000000000 | 56.28 47.31 48.26 | cpu  116733759 2730328 27278573 3250293338 72926 0 235160 0 0 0
1791060193 2955, 13801, 57, 0x0000000000000000 | 53.77 46.94 48.14 | cpu  116738574 2730328 27278621 3250317357 72926 0 235163 0 0 0
1791060194 2940, 13801, 58, 0x0000000000000000 | 53.77 46.94 48.14 | cpu  116743359 2730328 27278691 3250341356 72926 0 235166 0 0 0
1791060195 2947, 13801, 58, 0x0000000000000000 | 53.77 46.94 48.14 | cpu  116750514 2730328 27278973 3250361393 72926 0 235166 0 0 0
1791060197 2947, 13801, 58, 0x0000000000000000 | 53.77 46.94 48.14 | cpu  116756740 2730328 27279214 3250384549 72926 0 235166 0 0 0
1791060198 2947, 13801, 57, 0x0000000000000000 | 49.70 46.21 47.90 | cpu  116761708 2730328 27279374 3250409933 72926 0 235167 0 0 0
1791060199 2947, 13801, 58, 0x0000000000000000 | 49.70 46.21 47.90 | cpu  116766990 2730328 27279437 3250434344 72926 0 235170 0 0 0
1791060200 2947, 13801, 57, 0x0000000000000000 | 49.70 46.21 47.90 | cpu  116771680 2730328 27279490 3250457237 72926 0 235170 0 0 0
1791060201 2932, 13801, 58, 0x0000000000000000 | 49.70 46.21 47.90 | cpu  116776275 2730328 27279573 3250480488 72926 0 235171 0 0 0
1791060202 2925, 13801, 60, 0x0000000000000000 | 49.70 46.21 47.90 | cpu  116782549 2730328 27279704 3250501498 72926 0 235171 0 0 0
1791060203 2940, 13801, 59, 0x0000000000000000 | 52.13 46.77 48.07 | cpu  116786978 2730328 27279745 3250524999 72926 0 235172 0 0 0
1791060204 2932, 13801, 59, 0x0000000000000000 | 52.13 46.77 48.07 | cpu  116791997 2730328 27279788 3250547923 72926 0 235172 0 0 0
1791060206 2932, 13801, 59, 0x0000000000000000 | 52.13 46.77 48.07 | cpu  116796704 2730328 27279861 3250570980 72926 0 235172 0 0 0
1791060207 2932, 13801, 60, 0x0000000000000000 | 52.13 46.77 48.07 | cpu  116801846 2730328 27279929 3250594247 72926 0 235173 0 0 0
1791060208 2940, 13801, 59, 0x0000000000000000 | 48.28 46.06 47.83 | cpu  116806807 2730328 27280028 3250617476 72926 0 235173 0 0 0
1791060209 2932, 13801, 59, 0x0000000000000000 | 48.28 46.06 47.83 | cpu  116811364 2730328 27280087 3250640611 72926 0 235173 0 0 0
1791060210 2947, 13801, 57, 0x0000000000000000 | 48.28 46.06 47.83 | cpu  116816382 2730328 27280134 3250664022 72926 0 235174 0 0 0
1791060211 2947, 13801, 59, 0x0000000000000000 | 48.28 46.06 47.83 | cpu  116821140 2730328 27280270 3250687984 72926 0 235174 0 0 0
1791060212 2925, 13801, 60, 0x0000000000000000 | 48.28 46.06 47.83 | cpu  116827742 2730328 27280382 3250712047 72926 0 235174 0 0 0
1791060213 2947, 13801, 58, 0x0000000000000000 | 45.29 45.48 47.63 | cpu  116833700 2730328 27280693 3250733271 72926 0 235175 0 0 0
1791060214 2947, 13801, 58, 0x0000000000000000 | 45.29 45.48 47.63 | cpu  116840206 2730328 27280815 3250755158 72926 0 235175 0 0 0
1791060216 2940, 13801, 58, 0x0000000000000000 | 45.29 45.48 47.63 | cpu  116845897 2730328 27280934 3250777943 72926 0 235176 0 0 0
1791060217 2940, 13801, 59, 0x0000000000000000 | 45.29 45.48 47.63 | cpu  116850593 2730328 27280976 3250801707 72926 0 235176 0 0 0
1791060218 2932, 13801, 60, 0x0000000000000000 | 42.06 44.80 47.41 | cpu  116855301 2730328 27281044 3250825916 72926 0 235176 0 0 0
1791060219 2925, 13801, 62, 0x0000000000000000 | 42.06 44.80 47.41 | cpu  116860596 2730328 27281145 3250849718 72926 0 235177 0 0 0
1791060220 2947, 13801, 59, 0x0000000000000000 | 42.06 44.80 47.41 | cpu  116866233 2730328 27281206 3250871895 72926 0 235178 0 0 0
1791060221 2962, 13801, 54, 0x0000000000000000 | 42.06 44.80 47.41 | cpu  116870290 2730328 27281268 3250896778 72926 0 235186 0 0 0
1791060222 2977, 13801, 53, 0x0000000000000000 | 42.06 44.80 47.41 | cpu  116874526 2730328 27281343 3250920348 72926 0 235192 0 0 0
1791060223 2572, 13801, 51, 0x0000000000000000 | 39.02 44.13 47.17 | cpu  116879037 2730328 27281425 3250943847 72926 0 235192 0 0 0
1791060224 2572, 13801, 51, 0x0000000000000000 | 39.02 44.13 47.17 | cpu  116883342 2730328 27281532 3250967304 72926 0 235192 0 0 0
1791060226 2632, 13801, 52, 0x0000000000000000 | 39.02 44.13 47.17 | cpu  116888403 2730328 27281604 3250991233 72926 0 235192 0 0 0
1791060227 2947, 13801, 57, 0x0000000000000000 | 39.02 44.13 47.17 | cpu  116893664 2730328 27281653 3251014190 72926 0 235193 0 0 0
1791060228 2955, 13801, 56, 0x0000000000000000 | 36.21 43.46 46.94 | cpu  116899365 2730328 27281704 3251038000 72926 0 235193 0 0 0
1791060229 2940, 13801, 58, 0x0000000000000000 | 36.21 43.46 46.94 | cpu  116904582 2730328 27281764 3251060817 72926 0 235193 0 0 0
1791060230 2940, 13801, 58, 0x0000000000000000 | 36.21 43.46 46.94 | cpu  116910895 2730328 27281915 3251082973 72926 0 235193 0 0 0
1791060231 2940, 13801, 59, 0x0000000000000000 | 36.21 43.46 46.94 | cpu  116916613 2730328 27282222 3251105781 72926 0 235194 0 0 0
1791060232 2940, 13801, 59, 0x0000000000000000 | 36.21 43.46 46.94 | cpu  116922838 2730328 27282358 3251127675 72926 0 235194 0 0 0
1791060233 2925, 13801, 59, 0x0000000000000000 | 33.63 42.80 46.71 | cpu  116928145 2730328 27282502 3251150062 72926 0 235194 0 0 0
1791060235 2932, 13801, 58, 0x0000000000000000 | 33.63 42.80 46.71 | cpu  116933062 2730328 27282560 3251174352 72926 0 235194 0 0 0
1791060236 2947, 13801, 58, 0x0000000000000000 | 33.63 42.80 46.71 | cpu  116937835 2730328 27282642 3251197327 72926 0 235196 0 0 0
1791060237 2940, 13801, 59, 0x0000000000000000 | 33.63 42.80 46.71 | cpu  116942988 2730328 27282684 3251219687 72926 0 235196 0 0 0
1791060238 2932, 13801, 59, 0x0000000000000000 | 31.26 42.16 46.48 | cpu  116949506 2730328 27282750 3251242556 72926 0 235197 0 0 0
1791060239 2940, 13801, 58, 0x0000000000000000 | 31.26 42.16 46.48 | cpu  116953926 2730328 27282794 3251266078 72926 0 235198 0 0 0
1791060240 2925, 13801, 61, 0x0000000000000000 | 31.26 42.16 46.48 | cpu  116958662 2730328 27282939 3251290005 72926 0 235198 0 0 0
1791060241 2932, 13801, 60, 0x0000000000000000 | 31.26 42.16 46.48 | cpu  116963308 2730328 27283129 3251314146 72926 0 235198 0 0 0
1791060242 2940, 13801, 59, 0x0000000000000000 | 31.26 42.16 46.48 | cpu  116968240 2730328 27283302 3251337402 72926 0 235198 0 0 0
1791060243 2947, 13801, 58, 0x0000000000000000 | 29.08 41.53 46.25 | cpu  116973165 2730328 27283343 3251361241 72926 0 235199 0 0 0
1791060245 2940, 13801, 59, 0x0000000000000000 | 29.08 41.53 46.25 | cpu  116977949 2730328 27283538 3251384571 72926 0 235203 0 0 0
1791060246 2947, 13801, 58, 0x0000000000000000 | 29.08 41.53 46.25 | cpu  116983025 2730328 27283634 3251407923 72926 0 235212 0 0 0
1791060247 2932, 13801, 59, 0x0000000000000000 | 29.08 41.53 46.25 | cpu  116988086 2730328 27283705 3251430946 72926 0 235212 0 0 0
1791060248 2940, 13801, 58, 0x0000000000000000 | 27.07 40.90 46.02 | cpu  116993357 2730328 27283754 3251455121 72926 0 235213 0 0 0
1791060249 2940, 13801, 59, 0x0000000000000000 | 27.07 40.90 46.02 | cpu  116998666 2730328 27283787 3251478036 72926 0 235214 0 0 0
1791060250 2932, 13801, 59, 0x0000000000000000 | 27.07 40.90 46.02 | cpu  117003963 2730328 27283830 3251501070 72926 0 235214 0 0 0
1791060251 2940, 13801, 58, 0x0000000000000000 | 27.07 40.90 46.02 | cpu  117009085 2730328 27283913 3251524728 72926 0 235215 0 0 0
1791060252 2947, 13801, 59, 0x0000000000000000 | 27.07 40.90 46.02 | cpu  117014917 2730328 27284095 3251547489 72926 0 235215 0 0 0
1791060254 2947, 13801, 58, 0x0000000000000000 | 25.14 40.27 45.79 | cpu  117020895 2730328 27284428 3251569927 72926 0 235216 0 0 0
1791060255 2977, 13801, 53, 0x0000000000000000 | 25.14 40.27 45.79 | cpu  117027602 2730328 27284591 3251592431 72927 0 235217 0 0 0
1791060256 2947, 13801, 59, 0x0000000000000000 | 25.14 40.27 45.79 | cpu  117033052 2730328 27284709 3251614773 72927 0 235218 0 0 0
1791060257 2925, 13801, 59, 0x0000000000000000 | 25.14 40.27 45.79 | cpu  117038022 2730328 27284753 3251637719 72927 0 235218 0 0 0
1791060258 2947, 13801, 59, 0x0000000000000000 | 23.45 39.67 45.57 | cpu  117042243 2730328 27284825 3251661829 72927 0 235218 0 0 0
1791060259 2947, 13801, 58, 0x0000000000000000 | 23.45 39.67 45.57 | cpu  117046904 2730328 27285034 3251685446 72927 0 235218 0 0 0
1791060260 2955, 13801, 54, 0x0000000000000000 | 23.45 39.67 45.57 | cpu  117052321 2730328 27285063 3251707657 72927 0 235218 0 0 0
1791060261 2977, 13801, 52, 0x0000000000000000 | 23.45 39.67 45.57 | cpu  117056818 2730328 27285092 3251731031 72927 0 235222 0 0 0
1791060262 2692, 13801, 52, 0x0000000000000000 | 23.45 39.67 45.57 | cpu  117061367 2730328 27285136 3251754102 72927 0 235225 0 0 0
1791060263 2572, 13801, 52, 0x0000000000000000 | 21.89 39.08 45.34 | cpu  117066179 2730328 27285218 3251778176 72927 0 235229 0 0 0
1791060265 2572, 13801, 51, 0x0000000000000000 | 21.89 39.08 45.34 | cpu  117070628 2730328 27285253 3251802240 72927 0 235229 0 0 0
1791060266 2932, 13801, 58, 0x0000000000000000 | 21.89 39.08 45.34 | cpu  117075429 2730328 27285282 3251825451 72927 0 235229 0 0 0
1791060267 2947, 13801, 56, 0x0000000000000000 | 21.89 39.08 45.34 | cpu  117080385 2730328 27285316 3251848686 72927 0 235229 0 0 0
1791060268 2925, 13801, 58, 0x0000000000000000 | 30.07 40.49 45.77 | cpu  117085589 2730328 27285354 3251872366 72927 0 235229 0 0 0
1791060269 2932, 13801, 57, 0x0000000000000000 | 30.07 40.49 45.77 | cpu  117090787 2730328 27285425 3251895382 72927 0 235230 0 0 0
1791060270 2932, 13801, 58, 0x0000000000000000 | 30.07 40.49 45.77 | cpu  117096024 2730328 27285450 3251918472 72927 0 235231 0 0 0
1791060271 2947, 13801, 58, 0x0000000000000000 | 30.07 40.49 45.77 | cpu  117101279 2730328 27285475 3251942021 72927 0 235232 0 0 0
1791060272 2940, 13801, 57, 0x0000000000000000 | 30.07 40.49 45.77 | cpu  117105624 2730328 27285524 3251965860 72927 0 235234 0 0 0
1791060274 2932, 13801, 59, 0x0000000000000000 | 27.90 39.87 45.54 | cpu  117110528 2730328 27285578 3251990448 72927 0 235234 0 0 0
1791060275 2932, 13801, 59, 0x0000000000000000 | 27.90 39.87 45.54 | cpu  117115150 2730328 27285774 3252013100 72927 0 235235 0 0 0
1791060276 2940, 13801, 58, 0x0000000000000000 | 27.90 39.87 45.54 | cpu  117119744 2730328 27285832 3252037075 72927 0 235236 0 0 0
1791060277 2940, 13801, 58, 0x0000000000000000 | 27.90 39.87 45.54 | cpu  117125036 2730328 27285858 3252060535 72927 0 235236 0 0 0
1791060278 2940, 13801, 58, 0x0000000000000000 | 25.91 39.25 45.31 | cpu  117130377 2730328 27285885 3252083892 72927 0 235237 0 0 0
1791060279 2955, 13801, 57, 0x0000000000000000 | 25.91 39.25 45.31 | cpu  117135403 2730328 27285930 3252106658 72927 0 235238 0 0 0
1791060280 2977, 13801, 52, 0x0000000000000000 | 25.91 39.25 45.31 | cpu  117140693 2730328 27286002 3252129663 72927 0 235238 0 0 0
1791060281 2955, 13801, 53, 0x0000000000000000 | 25.91 39.25 45.31 | cpu  117148716 2730328 27286115 3252149071 72927 0 235238 0 0 0
1791060282 2947, 13801, 58, 0x0000000000000000 | 25.91 39.25 45.31 | cpu  117153403 2730328 27286542 3252172322 72927 0 235238 0 0 0
1791060283 2932, 13801, 59, 0x0000000000000000 | 40.97 42.15 46.22 | cpu  117159842 2730328 27286854 3252193121 72927 0 235239 0 0 0
1791060285 2932, 13801, 59, 0x0000000000000000 | 40.97 42.15 46.22 | cpu  117164598 2730328 27287064 3252215686 72927 0 235240 0 0 0
1791060286 2940, 13801, 59, 0x0000000000000000 | 40.97 42.15 46.22 | cpu  117169538 2730328 27287235 3252238706 72927 0 235242 0 0 0
1791060287 2947, 13801, 59, 0x0000000000000000 | 40.97 42.15 46.22 | cpu  117174274 2730328 27287749 3252261971 72927 0 235242 0 0 0
1791060288 2932, 13801, 58, 0x0000000000000000 | 38.09 41.54 45.99 | cpu  117179239 2730328 27287813 3252285341 72927 0 235243 0 0 0
1791060289 2925, 13801, 59, 0x0000000000000000 | 38.09 41.54 45.99 | cpu  117184605 2730328 27287929 3252308641 72927 0 235243 0 0 0
1791060290 2932, 13801, 60, 0x0000000000000000 | 38.09 41.54 45.99 | cpu  117189463 2730328 27288009 3252331647 72927 0 235244 0 0 0
1791060291 2932, 13801, 60, 0x0000000000000000 | 38.09 41.54 45.99 | cpu  117194607 2730328 27288110 3252353994 72927 0 235245 0 0 0
1791060292 2940, 13801, 57, 0x0000000000000000 | 38.09 41.54 45.99 | cpu  117199238 2730328 27288149 3252377896 72927 0 235246 0 0 0
1791060293 2940, 13801, 58, 0x0000000000000000 | 35.44 40.93 45.77 | cpu  117204550 2730328 27288198 3252400553 72927 0 235246 0 0 0
1791060294 2947, 13801, 58, 0x0000000000000000 | 35.44 40.93 45.77 | cpu  117210457 2730328 27288272 3252422132 72927 0 235247 0 0 0
1791060296 2940, 13801, 57, 0x0000000000000000 | 35.44 40.93 45.77 | cpu  117215138 2730328 27288308 3252445891 72927 0 235247 0 0 0
1791060297 2940, 13801, 57, 0x0000000000000000 | 35.44 40.93 45.77 | cpu  117220135 2730328 27288413 3252470370 72927 0 235248 0 0 0
1791060298 2940, 13801, 58, 0x0000000000000000 | 43.09 42.43 46.23 | cpu  117225109 2730328 27288473 3252494404 72927 0 235248 0 0 0
1791060299 2940, 13801, 57, 0x0000000000000000 | 43.09 42.43 46.23 | cpu  117230129 2730328 27288596 3252517683 72927 0 235248 0 0 0
1791060300 2955, 13801, 57, 0x0000000000000000 | 43.09 42.43 46.23 | cpu  117235340 2730328 27288629 3252540708 72927 0 235248 0 0 0
1791060301 2947, 13801, 57, 0x0000000000000000 | 43.09 42.43 46.23 | cpu  117241075 2730328 27288675 3252563553 72927 0 235248 0 0 0
1791060302 2940, 13801, 59, 0x0000000000000000 | 43.09 42.43 46.23 | cpu  117246060 2730328 27288783 3252587589 72927 0 235249 0 0 0
1791060303 2947, 13801, 57, 0x0000000000000000 | 39.96 41.79 46.00 | cpu  117251167 2730328 27288851 3252611691 72927 0 235251 0 0 0
1791060305 2932, 13801, 59, 0x0000000000000000 | 39.96 41.79 46.00 | cpu  117256228 2730328 27288924 3252635416 72927 0 235251 0 0 0
1791060306 2940, 13801, 58, 0x0000000000000000 | 39.96 41.79 46.00 | cpu  117261246 2730328 27289023 3252658773 72927 0 235252 0 0 0
1791060307 2940, 13801, 60, 0x0000000000000000 | 39.96 41.79 46.00 | cpu  117266982 2730328 27289070 3252683582 72927 0 235252 0 0 0
1791060308 2940, 13801, 59, 0x0000000000000000 | 37.00 41.14 45.77 | cpu  117274037 2730328 27289184 3252703864 72927 0 235253 0 0 0
1791060309 2932, 13801, 60, 0x0000000000000000 | 37.00 41.14 45.77 | cpu  117279662 2730328 27289384 3252726688 72927 0 235258 0 0 0
1791060310 2940, 13801, 59, 0x0000000000000000 | 37.00 41.14 45.77 | cpu  117285240 2730328 27289432 3252748732 72927 0 235258 0 0 0
1791060311 2925, 13801, 60, 0x0000000000000000 | 37.00 41.14 45.77 | cpu  117290357 2730328 27289525 3252772431 72927 0 235259 0 0 0
1791060312 2932, 13801, 60, 0x0000000000000000 | 37.00 41.14 45.77 | cpu  117295303 2730328 27289654 3252796211 72927 0 235259 0 0 0
1791060314 2932, 13801, 60, 0x0000000000000000 | 39.16 41.52 45.87 | cpu  117301557 2730328 27289824 3252818700 72927 0 235260 0 0 0
1791060315 2932, 13801, 60, 0x0000000000000000 | 39.16 41.52 45.87 | cpu  117306631 2730328 27289896 3252842468 72927 0 235260 0 0 0
1791060316 2955, 13801, 57, 0x0000000000000000 | 39.16 41.52 45.87 | cpu  117311895 2730328 27290011 3252866654 72927 0 235261 0 0 0
1791060317 2940, 13801, 58, 0x0000000000000000 | 39.16 41.52 45.87 | cpu  117317056 2730328 27290082 3252889616 72927 0 235262 0 0 0
1791060318 2962, 13801, 53, 0x0000000000000000 | 46.04 42.91 46.30 | cpu  117322546 2730328 27290128 3252912708 72927 0 235262 0 0 0
1791060319 2947, 13801, 58, 0x0000000000000000 | 46.04 42.91 46.30 | cpu  117327920 2730328 27290205 3252935481 72927 0 235262 0 0 0
1791060320 2947, 13801, 58, 0x0000000000000000 | 46.04 42.91 46.30 | cpu  117332979 2730328 27290240 3252957866 72927 0 235269 0 0 0
1791060321 2940, 13801, 59, 0x0000000000000000 | 46.04 42.91 46.30 | cpu  117338656 2730328 27290280 3252980920 72927 0 235270 0 0 0
1791060322 2947, 13801, 58, 0x0000000000000000 | 46.04 42.91 46.30 | cpu  117343529 2730328 27290376 3253003787 72927 0 235271 0 0 0
1791060324 2940, 13801, 59, 0x0000000000000000 | 52.44 44.29 46.72 | cpu  117348437 2730328 27290430 3253027504 72927 0 235271 0 0 0
1791060325 2932, 13801, 58, 0x0000000000000000 | 52.44 44.29 46.72 | cpu  117352858 2730328 27290509 3253050950 72927 0 235272 0 0 0
1791060326 2932, 13801, 60, 0x0000000000000000 | 52.44 44.29 46.72 | cpu  117357688 2730328 27290551 3253074413 72927 0 235272 0 0 0
1791060327 2940, 13801, 58, 0x0000000000000000 | 52.44 44.29 46.72 | cpu  117362809 2730328 27290582 3253098111 72927 0 235272 0 0 0
1791060328 2925, 13801, 61, 0x0000000000000000 | 48.48 43.60 46.49 | cpu  117367957 2730328 27290608 3253120633 72927 0 235272 0 0 0
1791060329 2932, 13801, 60, 0x0000000000000000 | 48.48 43.60 46.49 | cpu  117373132 2730328 27290636 3253143409 72927 0 235272 0 0 0
1791060330 2947, 13801, 59, 0x0000000000000000 | 48.48 43.60 46.49 | cpu  117380236 2730328 27290777 3253164078 72927 0 235273 0 0 0
1791060331 2925, 13801, 59, 0x0000000000000000 | 48.48 43.60 46.49 | cpu  117385853 2730328 27290873 3253186971 72927 0 235273 0 0 0
1791060332 2947, 13801, 58, 0x0000000000000000 | 48.48 43.60 46.49 | cpu  117390840 2730328 27290911 3253210327 72927 0 235273 0 0 0
1791060334 2932, 13801, 59, 0x0000000000000000 | 44.92 42.95 46.26 | cpu  117395435 2730328 27290941 3253233198 72927 0 235274 0 0 0
1791060335 2947, 13801, 59, 0x0000000000000000 | 44.92 42.95 46.26 | cpu  117400486 2730328 27290978 3253257430 72927 0 235276 0 0 0
1791060336 2940, 13801, 60, 0x0000000000000000 | 44.92 42.95 46.26 | cpu  117406886 2730328 27291090 3253278684 72927 0 235276 0 0 0
1791060337 2947, 13801, 57, 0x0000000000000000 | 44.92 42.95 46.26 | cpu  117410999 2730328 27291136 3253302831 72927 0 235276 0 0 0
1791060338 2940, 13801, 59, 0x0000000000000000 | 41.56 42.28 46.03 | cpu  117415604 2730328 27291170 3253326203 72927 0 235276 0 0 0
1791060339 2940, 13801, 58, 0x0000000000000000 | 41.56 42.28 46.03 | cpu  117420586 2730328 27291199 3253350238 72927 0 235276 0 0 0
1791060340 2932, 13801, 58, 0x0000000000000000 | 41.56 42.28 46.03 | cpu  117425445 2730328 27291228 3253373858 72927 0 235276 0 0 0
1791060341 2925, 13801, 59, 0x0000000000000000 | 41.56 42.28 46.03 | cpu  117430355 2730328 27291303 3253397123 72927 0 235277 0 0 0
1791060342 2932, 13801, 60, 0x0000000000000000 | 41.56 42.28 46.03 | cpu  117435260 2730328 27291330 3253420902 72927 0 235278 0 0 0
1791060344 2955, 13801, 58, 0x0000000000000000 | 47.68 43.54 46.42 | cpu  117439821 2730328 27291367 3253445081 72927 0 235278 0 0 0
1791060345 2977, 13801, 53, 0x0000000000000000 | 47.68 43.54 46.42 | cpu  117444669 2730328 27291405 3253469479 72927 0 235278 0 0 0
1791060346 2932, 13801, 59, 0x0000000000000000 | 47.68 43.54 46.42 | cpu  117449214 2730328 27291434 3253493024 72927 0 235278 0 0 0
1791060347 2925, 13801, 60, 0x0000000000000000 | 47.68 43.54 46.42 | cpu  117453842 2730328 27291516 3253516561 72927 0 235278 0 0 0
1791060348 2925, 13801, 59, 0x0000000000000000 | 44.18 42.88 46.19 | cpu  117458255 2730328 27291550 3253539752 72927 0 235278 0 0 0
1791060349 2932, 13801, 59, 0x0000000000000000 | 44.18 42.88 46.19 | cpu  117463239 2730328 27291592 3253564040 72927 0 235280 0 0 0
1791060350 2932, 13801, 60, 0x0000000000000000 | 44.18 42.88 46.19 | cpu  117467816 2730328 27291622 3253588157 72927 0 235280 0 0 0
1791060351 2940, 13801, 58, 0x0000000000000000 | 44.18 42.88 46.19 | cpu  117472718 2730328 27291660 3253612538 72927 0 235281 0 0 0
1791060352 2940, 13801, 59, 0x0000000000000000 | 44.18 42.88 46.19 | cpu  117477323 2730328 27291732 3253635775 72927 0 235281 0 0 0
1791060354 2947, 13801, 59, 0x0000000000000000 | 40.97 42.24 45.96 | cpu  117482474 2730328 27291766 3253658821 72927 0 235282 0 0 0
1791060355 2940, 13801, 58, 0x0000000000000000 | 40.97 42.24 45.96 | cpu  117487537 2730328 27291807 3253682497 72927 0 235282 0 0 0
1791060356 2932, 13801, 57, 0x0000000000000000 | 40.97 42.24 45.96 | cpu  117492844 2730328 27291836 3253705181 72927 0 235283 0 0 0
1791060357 2940, 13801, 59, 0x0000000000000000 | 40.97 42.24 45.96 | cpu  117498537 2730328 27291873 3253728961 72928 0 235283 0 0 0
1791060358 2940, 13801, 59, 0x0000000000000000 | 37.93 41.59 45.73 | cpu  117503885 2730328 27291949 3253752004 72928 0 235283 0 0 0
1791060359 2947, 13801, 58, 0x0000000000000000 | 37.93 41.59 45.73 | cpu  117509110 2730328 27291983 3253774993 72928 0 235284 0 0 0
1791060360 2947, 13801, 57, 0x0000000000000000 | 37.93 41.59 45.73 | cpu  117514444 2730328 27292018 3253797936 72928 0 235284 0 0 0
1791060361 2940, 13801, 59, 0x0000000000000000 | 37.93 41.59 45.73 | cpu  117519895 2730328 27292080 3253820510 72928 0 235284 0 0 0
1791060362 2940, 13801, 57, 0x0000000000000000 | 37.93 41.59 45.73 | cpu  117524894 2730328 27292132 3253843111 72928 0 235285 0 0 0
1791060364 2932, 13801, 59, 0x0000000000000000 | 35.21 40.96 45.50 | cpu  117530378 2730328 27292221 3253865970 72928 0 235286 0 0 0
1791060365 2932, 13801, 58, 0x0000000000000000 | 35.21 40.96 45.50 | cpu  117535773 2730328 27292275 3253888932 72928 0 235286 0 0 0
1791060366 2932, 13801, 58, 0x0000000000000000 | 35.21 40.96 45.50 | cpu  117541297 2730328 27292331 3253912022 72928 0 235287 0 0 0
1791060367 2947, 13801, 59, 0x0000000000000000 | 35.21 40.96 45.50 | cpu  117546433 2730328 27292380 3253935278 72928 0 235288 0 0 0
1791060368 2940, 13801, 59, 0x0000000000000000 | 32.79 40.36 45.29 | cpu  117551275 2730328 27292427 3253958368 72928 0 235288 0 0 0
1791060369 2947, 13801, 58, 0x0000000000000000 | 32.79 40.36 45.29 | cpu  117556635 2730328 27292529 3253981991 72928 0 235289 0 0 0
1791060370 2932, 13801, 59, 0x0000000000000000 | 32.79 40.36 45.29 | cpu  117561946 2730328 27292580 3254005918 72928 0 235289 0 0 0
1791060371 2947, 13801, 57, 0x0000000000000000 | 32.79 40.36 45.29 | cpu  117567527 2730328 27292648 3254029449 72928 0 235290 0 0 0
1791060373 2947, 13801, 58, 0x0000000000000000 | 32.79 40.36 45.29 | cpu  117572932 2730328 27292699 3254053437 72928 0 235290 0 0 0
1791060374 2932, 13801, 59, 0x0000000000000000 | 40.65 41.87 45.75 | cpu  117578161 2730328 27292808 3254076912 72928 0 235291 0 0 0
1791060375 2940, 13801, 58, 0x0000000000000000 | 40.65 41.87 45.75 | cpu  117583151 2730328 27292914 3254100456 72928 0 235292 0 0 0
1791060376 2940, 13801, 58, 0x0000000000000000 | 40.65 41.87 45.75 | cpu  117588555 2730328 27292986 3254125193 72928 0 235292 0 0 0
1791060377 2932, 13801, 60, 0x0000000000000000 | 40.65 41.87 45.75 | cpu  117593785 2730328 27293050 3254148119 72928 0 235293 0 0 0
1791060378 2940, 13801, 59, 0x0000000000000000 | 37.64 41.22 45.52 | cpu  117598803 2730328 27293208 3254172665 72928 0 235293 0 0 0
1791060379 2940, 13801, 59, 0x0000000000000000 | 37.64 41.22 45.52 | cpu  117603628 2730328 27293361 3254196315 72928 0 235293 0 0 0
1791060381 2932, 13801, 59, 0x0000000000000000 | 37.64 41.22 45.52 | cpu  117608687 2730328 27293525 3254219018 72928 0 235294 0 0 0
1791060382 2947, 13801, 58, 0x0000000000000000 | 37.64 41.22 45.52 | cpu  117613912 2730328 27293595 3254242656 72928 0 235294 0 0 0
1791060383 2940, 13801, 58, 0x0000000000000000 | 45.12 42.71 45.98 | cpu  117619219 2730328 27293703 3254265552 72928 0 235295 0 0 0
1791060384 2947, 13801, 59, 0x0000000000000000 | 45.12 42.71 45.98 | cpu  117624268 2730328 27293811 3254289083 72928 0 235295 0 0 0
1791060385 2932, 13801, 58, 0x0000000000000000 | 45.12 42.71 45.98 | cpu  117629242 2730328 27293922 3254312170 72928 0 235296 0 0 0
1791060386 2947, 13801, 58, 0x0000000000000000 | 45.12 42.71 45.98 | cpu  117634386 2730328 27294056 3254334825 72928 0 235296 0 0 0
1791060387 2955, 13801, 57, 0x0000000000000000 | 45.12 42.71 45.98 | cpu  117639480 2730328 27294214 3254357555 72928 0 235297 0 0 0
1791060388 2947, 13801, 58, 0x0000000000000000 | 41.82 42.07 45.75 | cpu  117644833 2730328 27294260 3254380654 72928 0 235297 0 0 0
1791060389 2940, 13801, 60, 0x0000000000000000 | 41.82 42.07 45.75 | cpu  117649592 2730328 27294354 3254404184 72928 0 235297 0 0 0
1791060390 2940, 13801, 55, 0x0000000000000000 | 41.82 42.07 45.75 | cpu  117654816 2730328 27294402 3254428179 72928 0 235298 0 0 0
1791060392 2977, 13801, 53, 0x0000000000000000 | 41.82 42.07 45.75 | cpu  117660048 2730328 27294474 3254451666 72928 0 235298 0 0 0
1791060393 2962, 13801, 58, 0x0000000000000000 | 38.71 41.42 45.52 | cpu  117665092 2730328 27294498 3254474984 72928 0 235299 0 0 0
1791060394 2947, 13801, 57, 0x0000000000000000 | 38.71 41.42 45.52 | cpu  117670142 2730328 27294531 3254497736 72928 0 235299 0 0 0
1791060395 2947, 13801, 57, 0x0000000000000000 | 38.71 41.42 45.52 | cpu  117675342 2730328 27294560 3254521781 72928 0 235299 0 0 0
1791060396 2940, 13801, 58, 0x0000000000000000 | 38.71 41.42 45.52 | cpu  117680480 2730328 27294598 3254545096 72928 0 235300 0 0 0
1791060397 2940, 13801, 57, 0x0000000000000000 | 38.71 41.42 45.52 | cpu  117685920 2730328 27294666 3254568449 72928 0 235300 0 0 0
1791060398 2932, 13801, 58, 0x0000000000000000 | 35.85 40.78 45.29 | cpu  117690998 2730328 27294704 3254591576 72928 0 235300 0 0 0
1791060399 2925, 13801, 58, 0x0000000000000000 | 35.85 40.78 45.29 | cpu  117696259 2730328 27294756 3254614634 72928 0 235302 0 0 0
1791060401 2932, 13801, 59, 0x0000000000000000 | 35.85 40.78 45.29 | cpu  117701153 2730328 27294797 3254638124 72928 0 235302 0 0 0
1791060402 2947, 13801, 57, 0x0000000000000000 | 35.85 40.78 45.29 | cpu  117706342 2730328 27294834 3254660916 72928 0 235303 0 0 0
1791060403 2947, 13801, 58, 0x0000000000000000 | 43.63 42.32 45.76 | cpu  117711094 2730328 27295060 3254684770 72928 0 235304 0 0 0
1791060404 2955, 13801, 56, 0x0000000000000000 | 43.63 42.32 45.76 | cpu  117716026 2730328 27295082 3254708282 72928 0 235304 0 0 0
1791060405 2940, 13801, 59, 0x0000000000000000 | 43.63 42.32 45.76 | cpu  117721069 2730328 27295121 3254732818 72928 0 235304 0 0 0
1791060406 2955, 13801, 57, 0x0000000000000000 | 43.63 42.32 45.76 | cpu  117726508 2730328 27295147 3254755675 72928 0 235305 0 0 0
1791060407 2932, 13801, 59, 0x0000000000000000 | 43.63 42.32 45.76 | cpu  117732070 2730328 27295186 3254778085 72930 0 235305 0 0 0
1791060408 2947, 13801, 57, 0x0000000000000000 | 40.46 41.68 45.54 | cpu  117737477 2730328 27295255 3254800977 72930 0 235305 0 0 0
1791060409 2932, 13801, 60, 0x0000000000000000 | 40.46 41.68 45.54 | cpu  117742864 2730328 27295284 3254824292 72930 0 235306 0 0 0
1791060411 2932, 13801, 58, 0x0000000000000000 | 40.46 41.68 45.54 | cpu  117748100 2730328 27295322 3254847569 72930 0 235306 0 0 0
1791060412 2955, 13801, 57, 0x0000000000000000 | 40.46 41.68 45.54 | cpu  117753360 2730328 27295362 3254871190 72930 0 235307 0 0 0
1791060413 2932, 13801, 59, 0x0000000000000000 | 45.31 42.66 45.84 | cpu  117758424 2730328 27295396 3254894620 72930 0 235307 0 0 0
1791060414 2940, 13801, 60, 0x0000000000000000 | 45.31 42.66 45.84 | cpu  117763921 2730328 27295463 3254918234 72930 0 235308 0 0 0
1791060415 2940, 13801, 58, 0x0000000000000000 | 45.31 42.66 45.84 | cpu  117769050 2730328 27295499 3254941037 72930 0 235308 0 0 0
1791060416 2940, 13801, 58, 0x0000000000000000 | 45.31 42.66 45.84 | cpu  117773857 2730328 27295525 3254963975 72930 0 235308 0 0 0
1791060417 2955, 13801, 57, 0x0000000000000000 | 45.31 42.66 45.84 | cpu  117779352 2730328 27295556 3254987367 72930 0 235310 0 0 0
1791060418 2940, 13801, 58, 0x0000000000000000 | 52.17 44.13 46.30 | cpu  117784385 2730328 27295597 3255010135 72930 0 235310 0 0 0
1791060419 2947, 13801, 58, 0x0000000000000000 | 52.17 44.13 46.30 | cpu  117789626 2730329 27295670 3255032788 72930 0 235310 0 0 0
1791060421 2947, 13801, 58, 0x0000000000000000 | 52.17 44.13 46.30 | cpu  117794822 2730329 27295694 3255055840 72930 0 235310 0 0 0
1791060422 2940, 13801, 59, 0x0000000000000000 | 52.17 44.13 46.30 | cpu  117800097 2730329 27295720 3255079120 72930 0 235311 0 0 0
1791060423 2940, 13801, 58, 0x0000000000000000 | 54.32 44.71 46.47 | cpu  117805736 2730329 27295754 3255103044 72930 0 235311 0 0 0
1791060424 2977, 13801, 52, 0x0000000000000000 | 54.32 44.71 46.47 | cpu  117810604 2730329 27295802 3255127343 72930 0 235312 0 0 0
1791060425 2932, 13801, 57, 0x0000000000000000 | 54.32 44.71 46.47 | cpu  117815586 2730329 27295866 3255150742 72930 0 235312 0 0 0
1791060426 2932, 13801, 59, 0x0000000000000000 | 54.32 44.71 46.47 | cpu  117820794 2730329 27295893 3255173208 72930 0 235313 0 0 0
1791060427 2947, 13801, 58, 0x0000000000000000 | 54.32 44.71 46.47 | cpu  117825773 2730329 27295920 3255196623 72930 0 235314 0 0 0
1791060428 2970, 13801, 52, 0x0000000000000000 | 60.54 46.16 46.93 | cpu  117831098 2730329 27295962 3255220860 72930 0 235314 0 0 0
1791060430 2940, 13801, 57, 0x0000000000000000 | 60.54 46.16 46.93 | cpu  117836690 2730329 27296026 3255244258 72930 0 235314 0 0 0
1791060431 2955, 13801, 56, 0x0000000000000000 | 60.54 46.16 46.93 | cpu  117841953 2730329 27296084 3255267245 72930 0 235315 0 0 0
1791060432 2940, 13801, 57, 0x0000000000000000 | 60.54 46.16 46.93 | cpu  117846744 2730329 27296140 3255290529 72930 0 235316 0 0 0
1791060433 2955, 13801, 56, 0x0000000000000000 | 55.93 45.44 46.69 | cpu  117851895 2730329 27296192 3255314103 72930 0 235317 0 0 0
1791060434 2940, 13801, 58, 0x0000000000000000 | 55.93 45.44 46.69 | cpu  117857352 2730329 27296349 3255338843 72930 0 235317 0 0 0
1791060435 2940, 13801, 57, 0x0000000000000000 | 55.93 45.44 46.69 | cpu  117862109 2730329 27296528 3255362755 72930 0 235317 0 0 0
1791060436 2947, 13801, 57, 0x0000000000000000 | 55.93 45.44 46.69 | cpu  117867350 2730329 27296589 3255385915 72930 0 235317 0 0 0
1791060437 2940, 13801, 59, 0x0000000000000000 | 55.93 45.44 46.69 | cpu  117872332 2730329 27296678 3255409632 72930 0 235317 0 0 0
1791060439 2940, 13801, 59, 0x0000000000000000 | 51.77 44.75 46.46 | cpu  117877609 2730329 27296766 3255433309 72930 0 235317 0 0 0
1791060440 2947, 13801, 58, 0x0000000000000000 | 51.77 44.75 46.46 | cpu  117882924 2730329 27296830 3255456425 72930 0 235317 0 0 0
1791060441 2932, 13801, 58, 0x0000000000000000 | 51.77 44.75 46.46 | cpu  117888342 2730329 27296892 3255479368 72930 0 235318 0 0 0
1791060442 2947, 13801, 56, 0x0000000000000000 | 51.77 44.75 46.46 | cpu  117893745 2730329 27296948 3255502394 72930 0 235318 0 0 0
1791060443 2940, 13801, 59, 0x0000000000000000 | 47.95 44.08 46.24 | cpu  117899152 2730329 27296977 3255525113 72930 0 235319 0 0 0
1791060444 2932, 13801, 59, 0x0000000000000000 | 47.95 44.08 46.24 | cpu  117904803 2730329 27297030 3255548811 72930 0 235320 0 0 0
1791060445 2932, 13801, 60, 0x0000000000000000 | 47.95 44.08 46.24 | cpu  117910097 2730329 27297154 3255572164 72930 0 235320 0 0 0
1791060446 2947, 13801, 57, 0x0000000000000000 | 47.95 44.08 46.24 | cpu  117914808 2730329 27297306 3255595202 72930 0 235320 0 0 0
1791060448 2925, 13801, 58, 0x0000000000000000 | 47.95 44.08 46.24 | cpu  117919831 2730329 27297469 3255619075 72930 0 235322 0 0 0
1791060449 2925, 13801, 59, 0x0000000000000000 | 53.16 45.22 46.60 | cpu  117924301 2730329 27297548 3255643412 72930 0 235322 0 0 0
1791060450 2947, 13801, 57, 0x0000000000000000 | 53.16 45.22 46.60 | cpu  117929216 2730329 27297676 3255666877 72930 0 235323 0 0 0
1791060451 2977, 13801, 52, 0x0000000000000000 | 53.16 45.22 46.60 | cpu  117934396 2730329 27297906 3255690029 72930 0 235324 0 0 0
1791060452 2947, 13801, 57, 0x0000000000000000 | 53.16 45.22 46.60 | cpu  117939814 2730329 27297981 3255712919 72930 0 235324 0 0 0
1791060453 2955, 13801, 59, 0x0000000000000000 | 59.31 46.63 47.04 | cpu  117945425 2730329 27298064 3255736831 72930 0 235325 0 0 0
1791060454 2932, 13801, 58, 0x0000000000000000 | 59.31 46.63 47.04 | cpu  117951072 2730329 27298150 3255760292 72930 0 235326 0 0 0
1791060455 2925, 13801, 58, 0x0000000000000000 | 59.31 46.63 47.04 | cpu  117956316 2730329 27298206 3255782869 72930 0 235326 0 0 0
1791060456 2940, 13801, 58, 0x0000000000000000 | 59.31 46.63 47.04 | cpu  117961617 2730329 27298304 3255806342 72930 0 235326 0 0 0
1791060458 2932, 13801, 60, 0x0000000000000000 | 59.31 46.63 47.04 | cpu  117966565 2730329 27298376 3255829578 72930 0 235326 0 0 0
1791060459 2940, 13801, 58, 0x0000000000000000 | 54.96 45.94 46.82 | cpu  117971578 2730329 27298428 3255853493 72930 0 235326 0 0 0
1791060460 2955, 13801, 57, 0x0000000000000000 | 54.96 45.94 46.82 | cpu  117976796 2730329 27298459 3255877035 72930 0 235326 0 0 0
1791060461 2932, 13801, 59, 0x0000000000000000 | 54.96 45.94 46.82 | cpu  117982167 2730329 27298492 3255900948 72930 0 235328 0 0 0
1791060462 2940, 13801, 58, 0x0000000000000000 | 54.96 45.94 46.82 | cpu  117987336 2730329 27298519 3255923906 72930 0 235328 0 0 0
1791060463 2940, 13801, 58, 0x0000000000000000 | 54.24 45.94 46.81 | cpu  117992893 2730329 27298584 3255947857 72930 0 235329 0 0 0
1791060464 2977, 13801, 52, 0x0000000000000000 | 54.24 45.94 46.81 | cpu  117997648 2730329 27298630 3255970774 72930 0 235330 0 0 0
1791060465 2985, 13801, 57, 0x0000000000000000 | 54.24 45.94 46.81 | cpu  118002866 2730329 27298666 3255993841 72930 0 235330 0 0 0
1791060467 2940, 13801, 58, 0x0000000000000000 | 54.24 45.94 46.81 | cpu  118010978 2730329 27298768 3256016380 72931 0 235332 0 0 0
1791060468 2940, 13801, 59, 0x0000000000000000 | 60.39 47.35 47.27 | cpu  118017138 2730329 27299048 3256038636 72931 0 235332 0 0 0
1791060469 2955, 13801, 53, 0x0000000000000000 | 60.39 47.35 47.27 | cpu  118022164 2730329 27299236 3256061400 72931 0 235333 0 0 0
1791060470 2962, 13801, 52, 0x0000000000000000 | 60.39 47.35 47.27 | cpu  118026992 2730329 27299284 3256084190 72931 0 235334 0 0 0
1791060471 2932, 13801, 58, 0x0000000000000000 | 60.39 47.35 47.27 | cpu  118031390 2730329 27299313 3256107598 72931 0 235334 0 0 0
1791060472 2947, 13801, 57, 0x0000000000000000 | 60.39 47.35 47.27 | cpu  118036038 2730329 27299361 3256131624 72931 0 235334 0 0 0
1791060473 2962, 13801, 53, 0x0000000000000000 | 66.04 48.74 47.72 | cpu  118042056 2730329 27299405 3256153018 72931 0 235334 0 0 0
1791060474 2932, 13801, 57, 0x0000000000000000 | 66.04 48.74 47.72 | cpu  118045844 2730329 27299472 3256177455 72931 0 235335 0 0 0
1791060475 2932, 13801, 58, 0x0000000000000000 | 66.04 48.74 47.72 | cpu  118050127 2730329 27299513 3256202146 72931 0 235335 0 0 0
1791060477 2932, 13801, 58, 0x0000000000000000 | 66.04 48.74 47.72 | cpu  118054240 2730329 27299541 3256225869 72931 0 235335 0 0 0
1791060478 2932, 13801, 60, 0x0000000000000000 | 66.04 48.74 47.72 | cpu  118058450 2730329 27299566 3256249007 72931 0 235335 0 0 0
1791060479 2932, 13801, 58, 0x0000000000000000 | 61.08 48.00 47.48 | cpu  118062801 2730330 27299599 3256273008 72931 0 235335 0 0 0
1791060480 2932, 13801, 58, 0x0000000000000000 | 61.08 48.00 47.48 | cpu  118066792 2730330 27299669 3256297157 72931 0 235335 0 0 0
1791060481 2940, 13801, 57, 0x0000000000000000 | 61.08 48.00 47.48 | cpu  118070990 2730330 27299724 3256321383 72931 0 235335 0 0 0
1791060482 2925, 13801, 58, 0x0000000000000000 | 61.08 48.00 47.48 | cpu  118075864 2730330 27299749 3256345598 72931 0 235335 0 0 0
1791060483 2955, 13801, 53, 0x0000000000000000 | 60.83 48.16 47.54 | cpu  118080570 2730330 27299776 3256369059 72931 0 235336 0 0 0
1791060484 2947, 13801, 57, 0x0000000000000000 | 60.83 48.16 47.54 | cpu  118085566 2730330 27299802 3256392492 72931 0 235336 0 0 0
1791060485 2932, 13801, 58, 0x0000000000000000 | 60.83 48.16 47.54 | cpu  118090836 2730330 27299881 3256416502 72932 0 235337 0 0 0
1791060487 2947, 13801, 58, 0x0000000000000000 | 60.83 48.16 47.54 | cpu  118095826 2730330 27299921 3256440190 72932 0 235337 0 0 0
1791060488 2955, 13801, 56, 0x0000000000000000 | 60.83 48.16 47.54 | cpu  118100668 2730330 27299944 3256464014 72932 0 235338 0 0 0
1791060489 2940, 13801, 57, 0x0000000000000000 | 56.20 47.41 47.30 | cpu  118105401 2730330 27299974 3256487464 72932 0 235338 0 0 0
1791060490 2947, 13801, 57, 0x0000000000000000 | 56.20 47.41 47.30 | cpu  118110376 2730330 27300007 3256511737 72932 0 235338 0 0 0
1791060491 2932, 13801, 58, 0x0000000000000000 | 56.20 47.41 47.30 | cpu  118115284 2730330 27300073 3256535263 72932 0 235339 0 0 0
1791060492 2932, 13801, 58, 0x0000000000000000 | 56.20 47.41 47.30 | cpu  118120506 2730330 27300118 3256558914 72932 0 235339 0 0 0
1791060493 2940, 13801, 57, 0x0000000000000000 | 55.54 47.42 47.30 | cpu  118125561 2730330 27300142 3256581930 72932 0 235340 0 0 0
1791060494 2940, 13801, 56, 0x0000000000000000 | 55.54 47.42 47.30 | cpu  118131083 2730330 27300166 3256605205 72932 0 235341 0 0 0
1791060496 2932, 13801, 57, 0x0000000000000000 | 55.54 47.42 47.30 | cpu  118136016 2730330 27300230 3256628761 72932 0 235342 0 0 0
1791060497 2932, 13801, 57, 0x0000000000000000 | 55.54 47.42 47.30 | cpu  118141418 2730330 27300306 3256652357 72932 0 235343 0 0 0
1791060498 2925, 13801, 59, 0x0000000000000000 | 61.74 48.85 47.76 | cpu  118146681 2730330 27300385 3256675228 72932 0 235343 0 0 0
1791060499 2940, 13801, 57, 0x0000000000000000 | 61.74 48.85 47.76 | cpu  118151917 2730330 27300426 3256697375 72932 0 235344 0 0 0
1791060500 2932, 13801, 59, 0x0000000000000000 | 61.74 48.85 47.76 | cpu  118157151 2730330 27300458 3256721250 72932 0 235345 0 0 0
1791060501 2940, 13801, 58, 0x0000000000000000 | 61.74 48.85 47.76 | cpu  118162504 2730330 27300533 3256744499 72932 0 235345 0 0 0
1791060502 2932, 13801, 58, 0x0000000000000000 | 61.74 48.85 47.76 | cpu  118167816 2730330 27300668 3256766921 72932 0 235345 0 0 0
1791060503 2932, 13801, 58, 0x0000000000000000 | 57.28 48.13 47.54 | cpu  118172854 2730330 27300766 3256790409 72932 0 235346 0 0 0
1791060504 2932, 13801, 59, 0x0000000000000000 | 57.28 48.13 47.54 | cpu  118178232 2730330 27300810 3256813258 72932 0 235346 0 0 0
1791060506 2940, 13801, 58, 0x0000000000000000 | 57.28 48.13 47.54 | cpu  118183504 2730330 27300852 3256835608 72932 0 235347 0 0 0
1791060507 2940, 13801, 58, 0x0000000000000000 | 57.28 48.13 47.54 | cpu  118188745 2730330 27300902 3256858685 72932 0 235347 0 0 0
1791060508 2940, 13801, 57, 0x0000000000000000 | 57.28 48.13 47.54 | cpu  118194326 2730330 27300953 3256881896 72932 0 235347 0 0 0
1791060509 2932, 13801, 58, 0x0000000000000000 | 53.17 47.43 47.31 | cpu  118200070 2730330 27301011 3256905790 72932 0 235348 0 0 0
1791060510 2970, 13801, 57, 0x0000000000000000 | 53.17 47.43 47.31 | cpu  118205503 2730330 27301050 3256928445 72932 0 235349 0 0 0
1791060511 2932, 13801, 59, 0x0000000000000000 | 53.17 47.43 47.31 | cpu  118211058 2730330 27301113 3256950821 72932 0 235349 0 0 0
1791060512 2932, 13801, 60, 0x0000000000000000 | 53.17 47.43 47.31 | cpu  118215953 2730330 27301254 3256973954 72932 0 235350 0 0 0
1791060513 2932, 13801, 59, 0x0000000000000000 | 59.49 48.84 47.77 | cpu  118221522 2730330 27301318 3256997134 72932 0 235350 0 0 0
1791060514 2932, 13801, 58, 0x0000000000000000 | 59.49 48.84 47.77 | cpu  118226689 2730330 27301385 3257020733 72932 0 235350 0 0 0
1791060516 2932, 13801, 57, 0x0000000000000000 | 59.49 48.84 47.77 | cpu  118231450 2730330 27301420 3257043698 72932 0 235351 0 0 0
1791060517 2925, 13801, 59, 0x0000000000000000 | 59.49 48.84 47.77 | cpu  118236458 2730330 27301448 3257067000 72932 0 235352 0 0 0
1791060518 2932, 13801, 59, 0x0000000000000000 | 59.49 48.84 47.77 | cpu  118241680 2730330 27301480 3257090172 72932 0 235352 0 0 0
1791060519 2940, 13801, 57, 0x0000000000000000 | 65.13 50.19 48.21 | cpu  118246907 2730330 27301526 3257113164 72932 0 235352 0 0 0
1791060520 2932, 13801, 58, 0x0000000000000000 | 65.13 50.19 48.21 | cpu  118251913 2730330 27301596 3257136145 72932 0 235353 0 0 0
1791060521 2925, 13801, 60, 0x0000000000000000 | 65.13 50.19 48.21 | cpu  118257062 2730330 27301626 3257158583 72932 0 235355 0 0 0
1791060522 2925, 13801, 60, 0x0000000000000000 | 65.13 50.19 48.21 | cpu  118265146 2730330 27301773 3257177687 72932 0 235356 0 0 0
1791060523 2940, 13801, 57, 0x0000000000000000 | 60.16 49.40 47.97 | cpu  118269768 2730330 27301845 3257201902 72932 0 235358 0 0 0
1791060524 2940, 13801, 58, 0x0000000000000000 | 60.16 49.40 47.97 | cpu  118275110 2730330 27301880 3257225444 72932 0 235359 0 0 0
1791060525 2940, 13801, 57, 0x0000000000000000 | 60.16 49.40 47.97 | cpu  118280135 2730332 27301983 3257250086 72932 0 235360 0 0 0
1791060527 2932, 13801, 58, 0x0000000000000000 | 60.16 49.40 47.97 | cpu  118284921 2730332 27302013 3257273782 72932 0 235361 0 0 0
1791060528 2925, 13801, 59, 0x0000000000000000 | 60.16 49.40 47.97 | cpu  118291038 2730332 27302070 3257295190 72932 0 235362 0 0 0
1791060529 2947, 13801, 57, 0x0000000000000000 | 55.74 48.67 47.74 | cpu  118295579 2730332 27302094 3257319152 72932 0 235362 0 0 0
1791060530 2940, 13801, 58, 0x0000000000000000 | 55.74 48.67 47.74 | cpu  118300166 2730332 27302136 3257343167 72932 0 235362 0 0 0
1791060531 2940, 13801, 57, 0x0000000000000000 | 55.74 48.67 47.74 | cpu  118304797 2730332 27302256 3257366839 72932 0 235363 0 0 0
1791060532 2947, 13801, 57, 0x0000000000000000 | 55.74 48.67 47.74 | cpu  118309697 2730332 27302285 3257390324 72932 0 235363 0 0 0
1791060533 2940, 13801, 57, 0x0000000000000000 | 56.00 48.84 47.80 | cpu  118315007 2730332 27302314 3257414355 72932 0 235363 0 0 0
1791060534 2932, 13801, 59, 0x0000000000000000 | 56.00 48.84 47.80 | cpu  118320291 2730332 27302348 3257437737 72932 0 235363 0 0 0
1791060536 2940, 13801, 58, 0x0000000000000000 | 56.00 48.84 47.80 | cpu  118325324 2730332 27302387 3257461286 72932 0 235364 0 0 0
1791060537 2977, 13801, 56, 0x0000000000000000 | 56.00 48.84 47.80 | cpu  118330394 2730332 27302462 3257484736 72932 0 235364 0 0 0
1791060538 2947, 13801, 59, 0x0000000000000000 | 62.01 50.20 48.25 | cpu  118334932 2730332 27302517 3257508603 72932 0 235365 0 0 0
1791060539 2940, 13801, 57, 0x0000000000000000 | 62.01 50.20 48.25 | cpu  118339870 2730332 27302558 3257532025 72932 0 235366 0 0 0
1791060540 2947, 13801, 58, 0x0000000000000000 | 62.01 50.20 48.25 | cpu  118345190 2730332 27302588 3257556154 72932 0 235368 0 0 0
1791060541 2932, 13801, 58, 0x0000000000000000 | 62.01 50.20 48.25 | cpu  118349056 2730332 27302637 3257580808 72932 0 235368 0 0 0
1791060542 2925, 13801, 61, 0x0000000000000000 | 62.01 50.20 48.25 | cpu  118354071 2730332 27302703 3257604633 72932 0 235368 0 0 0
1791060543 2947, 13801, 58, 0x0000000000000000 | 67.45 51.53 48.68 | cpu  118359132 2730332 27302741 3257628106 72932 0 235368 0 0 0
1791060545 2947, 13801, 58, 0x0000000000000000 | 67.45 51.53 48.68 | cpu  118364424 2730332 27302780 3257651734 72932 0 235370 0 0 0
1791060546 2932, 13801, 58, 0x0000000000000000 | 67.45 51.53 48.68 | cpu  118369160 2730332 27302898 3257675536 72932 0 235371 0 0 0
1791060547 2925, 13801, 58, 0x0000000000000000 | 67.45 51.53 48.68 | cpu  118374262 2730332 27303016 3257699328 72932 0 235372 0 0 0
1791060548 2940, 13801, 58, 0x0000000000000000 | 62.53 50.77 48.46 | cpu  118379521 2730332 27303102 3257723466 72932 0 235372 0 0 0
1791060549 2955, 13801, 57, 0x0000000000000000 | 62.53 50.77 48.46 | cpu  118387976 2730332 27303248 3257744105 72932 0 235372 0 0 0
1791060550 2947, 13801, 57, 0x0000000000000000 | 62.53 50.77 48.46 | cpu  118392519 2730332 27303331 3257767694 72932 0 235374 0 0 0
1791060551 2932, 13801, 58, 0x0000000000000000 | 62.53 50.77 48.46 | cpu  118396873 2730332 27303362 3257792031 72932 0 235374 0 0 0
1791060552 2940, 13801, 59, 0x0000000000000000 | 62.53 50.77 48.46 | cpu  118401944 2730332 27303430 3257814699 72932 0 235375 0 0 0
1791060554 2940, 13801, 59, 0x0000000000000000 | 57.92 50.01 48.22 | cpu  118407022 2730332 27303496 3257837049 72932 0 235375 0 0 0
1791060555 2947, 13801, 58, 0x0000000000000000 | 57.92 50.01 48.22 | cpu  118413992 2730332 27303569 3257859069 72932 0 235375 0 0 0
1791060556 2947, 13801, 58, 0x0000000000000000 | 57.92 50.01 48.22 | cpu  118418929 2730332 27303614 3257882441 72932 0 235377 0 0 0
1791060557 2940, 13801, 59, 0x0000000000000000 | 57.92 50.01 48.22 | cpu  118423860 2730332 27303644 3257906057 72932 0 235378 0 0 0
1791060558 2932, 13801, 58, 0x0000000000000000 | 53.45 49.21 47.97 | cpu  118429136 2730332 27303708 3257929412 72932 0 235378 0 0 0
1791060559 2940, 13801, 58, 0x0000000000000000 | 53.45 49.21 47.97 | cpu  118434434 2730332 27303781 3257953194 72932 0 235378 0 0 0
1791060560 2955, 13801, 57, 0x0000000000000000 | 53.45 49.21 47.97 | cpu  118439599 2730332 27303840 3257976175 72932 0 235379 0 0 0
1791060561 2932, 13801, 60, 0x0000000000000000 | 53.45 49.21 47.97 | cpu  118445019 2730332 27303907 3258000056 72932 0 235379 0 0 0
1791060562 2932, 13801, 59, 0x0000000000000000 | 53.45 49.21 47.97 | cpu  118449910 2730332 27304058 3258022317 72932 0 235379 0 0 0
1791060564 2940, 13801, 58, 0x0000000000000000 | 49.49 48.46 47.74 | cpu  118455160 2730332 27304127 3258046126 72932 0 235380 0 0 0
1791060565 2940, 13801, 58, 0x0000000000000000 | 49.49 48.46 47.74 | cpu  118460176 2730332 27304202 3258069566 72932 0 235380 0 0 0
1791060566 2925, 13801, 59, 0x0000000000000000 | 49.49 48.46 47.74 | cpu  118465312 2730332 27304225 3258092913 72932 0 235381 0 0 0
1791060567 2932, 13801, 58, 0x0000000000000000 | 49.49 48.46 47.74 | cpu  118470281 2730332 27304324 3258115793 72932 0 235382 0 0 0
1791060568 2970, 13801, 59, 0x0000000000000000 | 45.76 47.71 47.50 | cpu  118475319 2730332 27304370 3258139409 72932 0 235384 0 0 0
1791060569 2947, 13801, 58, 0x0000000000000000 | 45.76 47.71 47.50 | cpu  118479971 2730332 27304401 3258162979 72932 0 235385 0 0 0
1791060570 2955, 13801, 58, 0x0000000000000000 | 45.76 47.71 47.50 | cpu  118485261 2730332 27304475 3258185959 72932 0 235385 0 0 0
1791060571 2940, 13801, 58, 0x0000000000000000 | 45.76 47.71 47.50 | cpu  118490197 2730332 27304506 3258209806 72932 0 235385 0 0 0
1791060572 2940, 13801, 58, 0x0000000000000000 | 45.76 47.71 47.50 | cpu  118495105 2730332 27304552 3258233280 72932 0 235393 0 0 0
1791060574 2925, 13801, 58, 0x0000000000000000 | 52.43 49.06 47.93 | cpu  118499644 2730332 27304588 3258256961 72932 0 235393 0 0 0
1791060575 2932, 13801, 59, 0x0000000000000000 | 52.43 49.06 47.93 | cpu  118504184 2730332 27304616 3258280088 72932 0 235393 0 0 0
1791060576 2940, 13801, 56, 0x0000000000000000 | 52.43 49.06 47.93 | cpu  118508490 2730332 27304724 3258304129 72932 0 235393 0 0 0
1791060577 2947, 13801, 59, 0x0000000000000000 | 52.43 49.06 47.93 | cpu  118513398 2730332 27304754 3258327429 72932 0 235394 0 0 0
1791060578 2940, 13801, 59, 0x0000000000000000 | 48.39 48.28 47.69 | cpu  118518113 2730332 27304888 3258352016 72932 0 235395 0 0 0
1791060579 2932, 13801, 58, 0x0000000000000000 | 48.39 48.28 47.69 | cpu  118523144 2730332 27304987 3258376616 72932 0 235396 0 0 0
1791060580 2925, 13801, 59, 0x0000000000000000 | 48.39 48.28 47.69 | cpu  118527728 2730332 27305021 3258401329 72932 0 235398 0 0 0
1791060581 2925, 13801, 59, 0x0000000000000000 | 48.39 48.28 47.69 | cpu  118532204 2730332 27305098 3258424505 72932 0 235398 0 0 0
1791060583 2940, 13801, 61, 0x0000000000000000 | 48.39 48.28 47.69 | cpu  118536559 2730332 27305171 3258448883 72932 0 235399 0 0 0
1791060584 2932, 13801, 59, 0x0000000000000000 | 44.67 47.51 47.44 | cpu  118541077 2730332 27305200 3258473686 72932 0 235400 0 0 0
1791060585 2940, 13801, 59, 0x0000000000000000 | 44.67 47.51 47.44 | cpu  118546334 2730332 27305229 3258497054 72932 0 235400 0 0 0
1791060586 2940, 13801, 59, 0x0000000000000000 | 44.67 47.51 47.44 | cpu  118551558 2730332 27305288 3258521054 72932 0 235401 0 0 0
1791060587 2940, 13801, 58, 0x0000000000000000 | 44.67 47.51 47.44 | cpu  118556356 2730332 27305362 3258544888 72932 0 235401 0 0 0
1791060588 2932, 13801, 58, 0x0000000000000000 | 51.43 48.86 47.88 | cpu  118561320 2730332 27305392 3258568099 72932 0 235402 0 0 0
1791060589 2925, 13801, 59, 0x0000000000000000 | 51.43 48.86 47.88 | cpu  118565872 2730332 27305414 3258591629 72932 0 235402 0 0 0
1791060590 2985, 13801, 55, 0x0000000000000000 | 51.43 48.86 47.88 | cpu  118570296 2730332 27305445 3258615891 72932 0 235402 0 0 0
1791060592 2947, 13801, 58, 0x0000000000000000 | 51.43 48.86 47.88 | cpu  118574830 2730332 27305484 3258639808 72932 0 235403 0 0 0
1791060593 2947, 13801, 59, 0x0000000000000000 | 51.43 48.86 47.88 | cpu  118579814 2730332 27305566 3258663384 72932 0 235404 0 0 0
1791060594 2940, 13801, 59, 0x0000000000000000 | 47.47 48.08 47.63 | cpu  118584742 2730332 27305586 3258686353 72932 0 235404 0 0 0
1791060595 2947, 13801, 58, 0x0000000000000000 | 47.47 48.08 47.63 | cpu  118589610 2730332 27305616 3258709947 72932 0 235404 0 0 0
1791060596 2925, 13801, 59, 0x0000000000000000 | 47.47 48.08 47.63 | cpu  118594740 2730332 27305642 3258733543 72932 0 235404 0 0 0
1791060597 2940, 13801, 58, 0x0000000000000000 | 47.47 48.08 47.63 | cpu  118599571 2730332 27305667 3258757806 72932 0 235405 0 0 0
1791060598 2940, 13801, 58, 0x0000000000000000 | 46.55 47.88 47.57 | cpu  118603761 2730332 27305750 3258781171 72932 0 235405 0 0 0
1791060599 2947, 13801, 58, 0x0000000000000000 | 46.55 47.88 47.57 | cpu  118608452 2730332 27305776 3258804256 72932 0 235406 0 0 0
1791060600 2947, 13801, 57, 0x0000000000000000 | 46.55 47.88 47.57 | cpu  118613280 2730332 27305809 3258827609 72932 0 235406 0 0 0
1791060602 2947, 13801, 57, 0x0000000000000000 | 46.55 47.88 47.57 | cpu  118618104 2730332 27305855 3258851180 72932 0 235406 0 0 0
1791060603 2932, 13801, 59, 0x0000000000000000 | 46.55 47.88 47.57 | cpu  118623048 2730332 27305930 3258875412 72932 0 235407 0 0 0
1791060604 2932, 13801, 58, 0x0000000000000000 | 43.06 47.14 47.33 | cpu  118627826 2730332 27306010 3258899412 72932 0 235408 0 0 0
1791060605 2932, 13801, 59, 0x0000000000000000 | 43.06 47.14 47.33 | cpu  118632635 2730332 27306042 3258923021 72932 0 235408 0 0 0
1791060606 2940, 13801, 58, 0x0000000000000000 | 43.06 47.14 47.33 | cpu  118637291 2730332 27306076 3258947880 72932 0 235408 0 0 0
1791060607 2955, 13801, 56, 0x0000000000000000 | 43.06 47.14 47.33 | cpu  118642384 2730332 27306106 3258972026 72932 0 235408 0 0 0
1791060608 2947, 13801, 58, 0x0000000000000000 | 39.85 46.40 47.09 | cpu  118647486 2730332 27306197 3258996690 72932 0 235408 0 0 0
1791060609 2947, 13801, 59, 0x0000000000000000 | 39.85 46.40 47.09 | cpu  118652276 2730332 27306284 3259020311 72932 0 235408 0 0 0
1791060611 2932, 13801, 59, 0x0000000000000000 | 39.85 46.40 47.09 | cpu  118657071 2730332 27306309 3259043845 72932 0 235409 0 0 0
1791060612 2947, 13801, 58, 0x0000000000000000 | 39.85 46.40 47.09 | cpu  118661488 2730332 27306329 3259067313 72932 0 235409 0 0 0
1791060613 2947, 13801, 57, 0x0000000000000000 | 39.85 46.40 47.09 | cpu  118665794 2730332 27306367 3259091148 72932 0 235409 0 0 0
1791060614 2925, 13801, 60, 0x0000000000000000 | 36.82 45.67 46.85 | cpu  118670714 2730332 27306392 3259115521 72932 0 235410 0 0 0
1791060615 2932, 13801, 59, 0x0000000000000000 | 36.82 45.67 46.85 | cpu  118675433 2730332 27306492 3259138653 72932 0 235410 0 0 0
1791060616 2940, 13801, 58, 0x0000000000000000 | 36.82 45.67 46.85 | cpu  118680288 2730332 27306534 3259162041 72932 0 235411 0 0 0
1791060617 2947, 13801, 57, 0x0000000000000000 | 36.82 45.67 46.85 | cpu  118685202 2730332 27306556 3259185687 72932 0 235411 0 0 0
1791060618 2932, 13801, 59, 0x0000000000000000 | 34.11 44.96 46.61 | cpu  118689908 2730332 27306583 3259208733 72932 0 235412 0 0 0
1791060619 2955, 13801, 57, 0x0000000000000000 | 34.11 44.96 46.61 | cpu  118694586 2730332 27306610 3259231894 72932 0 235412 0 0 0
1791060621 2947, 13801, 57, 0x0000000000000000 | 34.11 44.96 46.61 | cpu  118699234 2730332 27306706 3259255721 72932 0 235412 0 0 0
1791060622 2955, 13801, 57, 0x0000000000000000 | 34.11 44.96 46.61 | cpu  118704158 2730332 27306746 3259279361 72932 0 235412 0 0 0
1791060623 2955, 13801, 57, 0x0000000000000000 | 34.11 44.96 46.61 | cpu  118708949 2730332 27306776 3259303281 72932 0 235413 0 0 0
1791060624 2947, 13801, 58, 0x0000000000000000 | 41.71 46.35 47.06 | cpu  118713663 2730332 27306800 3259326462 72932 0 235413 0 0 0
1791060625 2940, 13801, 58, 0x0000000000000000 | 41.71 46.35 47.06 | cpu  118718340 2730332 27306856 3259349957 72932 0 235413 0 0 0
1791060626 2940, 13801, 58, 0x0000000000000000 | 41.71 46.35 47.06 | cpu  118722678 2730332 27306926 3259373804 72932 0 235414 0 0 0
1791060627 2932, 13801, 58, 0x0000000000000000 | 41.71 46.35 47.06 | cpu  118727332 2730332 27306994 3259396965 72932 0 235414 0 0 0
1791060628 2947, 13801, 58, 0x0000000000000000 | 38.53 45.62 46.81 | cpu  118731966 2730332 27307028 3259420131 72932 0 235414 0 0 0
1791060629 2940, 13801, 58, 0x0000000000000000 | 38.53 45.62 46.81 | cpu  118736727 2730332 27307063 3259443310 72932 0 235414 0 0 0
1791060630 2940, 13801, 59, 0x0000000000000000 | 38.53 45.62 46.81 | cpu  118743880 2730332 27307196 3259463661 72932 0 235414 0 0 0
1791060632 2940, 13801, 59, 0x0000000000000000 | 38.53 45.62 46.81 | cpu  118749133 2730332 27307384 3259486469 72932 0 235415 0 0 0
1791060633 2932, 13801, 59, 0x0000000000000000 | 38.53 45.62 46.81 | cpu  118754405 2730332 27307434 3259510394 72932 0 235415 0 0 0
1791060634 2932, 13801, 59, 0x0000000000000000 | 35.69 44.91 46.58 | cpu  118759232 2730332 27307460 3259534818 72932 0 235416 0 0 0
1791060635 2947, 13801, 59, 0x0000000000000000 | 35.69 44.91 46.58 | cpu  118763019 2730332 27307491 3259559357 72932 0 235417 0 0 0
1791060636 2932, 13801, 59, 0x0000000000000000 | 35.69 44.91 46.58 | cpu  118768776 2730332 27307551 3259581562 72932 0 235417 0 0 0
1791060637 2940, 13801, 58, 0x0000000000000000 | 35.69 44.91 46.58 | cpu  118773846 2730332 27307652 3259604819 72932 0 235417 0 0 0
1791060638 2955, 13801, 57, 0x0000000000000000 | 43.16 46.31 47.02 | cpu  118778814 2730332 27307678 3259628440 72932 0 235417 0 0 0
1791060639 2932, 13801, 60, 0x0000000000000000 | 43.16 46.31 47.02 | cpu  118783827 2730332 27307714 3259652260 72932 0 235418 0 0 0
1791060640 2940, 13801, 59, 0x0000000000000000 | 43.16 46.31 47.02 | cpu  118788674 2730332 27307746 3259674906 72932 0 235418 0 0 0
1791060642 2947, 13801, 60, 0x0000000000000000 | 43.16 46.31 47.02 | cpu  118793491 2730332 27307781 3259697956 72932 0 235418 0 0 0
1791060643 2940, 13801, 59, 0x0000000000000000 | 43.16 46.31 47.02 | cpu  118798380 2730332 27307880 3259720745 72932 0 235419 0 0 0
1791060644 2955, 13801, 58, 0x0000000000000000 | 50.11 47.69 47.47 | cpu  118803388 2730332 27307946 3259743984 72932 0 235419 0 0 0
1791060645 2947, 13801, 58, 0x0000000000000000 | 50.11 47.69 47.47 | cpu  118808206 2730332 27307973 3259767111 72932 0 235419 0 0 0
1791060646 2932, 13801, 60, 0x0000000000000000 | 50.11 47.69 47.47 | cpu  118813127 2730332 27308022 3259790533 72932 0 235419 0 0 0
1791060647 2940, 13801, 58, 0x0000000000000000 | 50.11 47.69 47.47 | cpu  118818230 2730332 27308060 3259814063 72932 0 235420 0 0 0
1791060648 2932, 13801, 59, 0x0000000000000000 | 46.50 46.99 47.24 | cpu  118823105 2730332 27308135 3259837510 72932 0 235420 0 0 0
1791060649 2940, 13801, 60, 0x0000000000000000 | 46.50 46.99 47.24 | cpu  118827909 2730332 27308194 3259861384 72932 0 235420 0 0 0
1791060650 2940, 13801, 59, 0x0000000000000000 | 46.50 46.99 47.24 | cpu  118832754 2730332 27308277 3259884710 72932 0 235421 0 0 0
1791060652 2940, 13801, 60, 0x0000000000000000 | 46.50 46.99 47.24 | cpu  118837680 2730332 27308314 3259907783 72932 0 235422 0 0 0
1791060653 2947, 13801, 59, 0x0000000000000000 | 46.50 46.99 47.24 | cpu  118842582 2730332 27308364 3259931529 72932 0 235422 0 0 0
1791060654 2977, 13801, 53, 0x0000000000000000 | 53.19 48.36 47.68 | cpu  118847609 2730332 27308486 3259955650 72932 0 235422 0 0 0
1791060655 2670, 13801, 51, 0x0000000000000000 | 53.19 48.36 47.68 | cpu  118852596 2730332 27308574 3259978996 72932 0 235423 0 0 0
1791060656 2572, 13801, 51, 0x0000000000000000 | 53.19 48.36 47.68 | cpu  118857649 2730332 27308694 3260002902 72932 0 235424 0 0 0
1791060657 2572, 13801, 51, 0x0000000000000000 | 53.19 48.36 47.68 | cpu  118862715 2730332 27308780 3260027291 72932 0 235425 0 0 0
1791060658 2572, 13801, 50, 0x0000000000000000 | 49.25 47.63 47.45 | cpu  118867759 2730332 27308874 3260051963 72932 0 235426 0 0 0
1791060659 2572, 13801, 50, 0x0000000000000000 | 49.25 47.63 47.45 | cpu  118872879 2730332 27309017 3260075886 72932 0 235427 0 0 0
1791060661 2572, 13801, 50, 0x0000000000000000 | 49.25 47.63 47.45 | cpu  118878041 2730332 27309111 3260100449 72932 0 235428 0 0 0
1791060662 2572, 13801, 50, 0x0000000000000000 | 49.25 47.63 47.45 | cpu  118882887 2730332 27309186 3260123938 72932 0 235429 0 0 0
1791060663 2572, 13801, 49, 0x0000000000000000 | 55.80 49.01 47.90 | cpu  118888033 2730332 27309297 3260148060 72932 0 235430 0 0 0
1791060664 2572, 13801, 49, 0x0000000000000000 | 55.80 49.01 47.90 | cpu  118892946 2730332 27309372 3260172094 72932 0 235430 0 0 0
1791060665 2572, 13801, 49, 0x0000000000000000 | 55.80 49.01 47.90 | cpu  118898025 2730332 27309518 3260195826 72933 0 235432 0 0 0
1791060666 2572, 13801, 49, 0x0000000000000000 | 55.80 49.01 47.90 | cpu  118902919 2730332 27309618 3260219291 72933 0 235433 0 0 0
1791060667 2572, 13801, 48, 0x0000000000000000 | 55.80 49.01 47.90 | cpu  118907986 2730332 27309726 3260243252 72933 0 235434 0 0 0
1791060669 2572, 13801, 48, 0x0000000000000000 | 51.65 48.26 47.66 | cpu  118913008 2730332 27309830 3260267102 72933 0 235434 0 0 0
1791060670 2572, 13801, 48, 0x0000000000000000 | 51.65 48.26 47.66 | cpu  118920822 2730332 27310028 3260287051 72933 0 235435 0 0 0
1791060671 2572, 13801, 48, 0x0000000000000000 | 51.65 48.26 47.66 | cpu  118925973 2730332 27310202 3260311467 72933 0 235435 0 0 0
1791060672 2572, 13801, 48, 0x0000000000000000 | 51.65 48.26 47.66 | cpu  118930093 2730332 27310288 3260335542 72933 0 235435 0 0 0
1791060673 2572, 13801, 48, 0x0000000000000000 | 47.75 47.51 47.42 | cpu  118934462 2730332 27310374 3260358956 72933 0 235436 0 0 0
1791060674 2572, 13801, 47, 0x0000000000000000 | 47.75 47.51 47.42 | cpu  118938450 2730332 27310650 3260384130 72933 0 235436 0 0 0
1791060675 2572, 13801, 47, 0x0000000000000000 | 47.75 47.51 47.42 | cpu  118944551 2730332 27310774 3260407286 72933 0 235436 0 0 0
1791060676 2572, 13801, 47, 0x0000000000000000 | 47.75 47.51 47.42 | cpu  118949108 2730332 27310926 3260431030 72933 0 235438 0 0 0
1791060678 2572, 13801, 47, 0x0000000000000000 | 47.75 47.51 47.42 | cpu  118953532 2730332 27311445 3260455428 72933 0 235448 0 0 0
1791060679 2572, 13801, 47, 0x0000000000000000 | 50.73 48.14 47.62 | cpu  118958298 2730332 27311535 3260480030 72933 0 235448 0 0 0
1791060680 2572, 13801, 47, 0x0000000000000000 | 50.73 48.14 47.62 | cpu  118963322 2730332 27311622 3260503696 72933 0 235448 0 0 0
1791060681 2572, 13801, 47, 0x0000000000000000 | 50.73 48.14 47.62 | cpu  118968343 2730332 27311746 3260527671 72933 0 235450 0 0 0
1791060682 2572, 13801, 47, 0x0000000000000000 | 50.73 48.14 47.62 | cpu  118973392 2730332 27311884 3260551680 72933 0 235452 0 0 0
1791060683 2985, 13801, 47, 0x0000000000000000 | 46.91 47.39 47.39 | cpu  118978304 2730332 27311987 3260576162 72933 0 235452 0 0 0
1791060684 2985, 13801, 48, 0x0000000000000000 | 46.91 47.39 47.39 | cpu  118982882 2730332 27312154 3260600405 72933 0 235452 0 0 0
1791060686 2985, 13801, 47, 0x0000000000000000 | 46.91 47.39 47.39 | cpu  118987684 2730332 27312408 3260625582 72933 0 235453 0 0 0
1791060687 2572, 13801, 46, 0x0000000000000000 | 46.91 47.39 47.39 | cpu  118992687 2730332 27312460 3260649679 72933 0 235454 0 0 0
1791060688 2572, 13801, 46, 0x0000000000000000 | 46.91 47.39 47.39 | cpu  118997464 2730332 27312544 3260673091 72933 0 235455 0 0 0
1791060689 2572, 13801, 46, 0x0000000000000000 | 43.39 46.65 47.15 | cpu  119001842 2730332 27312714 3260697216 72933 0 235456 0 0 0
