1791055714 2572, 14001, 46, 0x0000000000000000 | 61.19 55.11 46.69 | cpu  93464057 1037011 25624972 3162488812 58324 0 218650 0 0 0
1791055715 2572, 7001, 46, 0x0000000000000000 | 56.69 54.28 46.47 | cpu  93469668 1037011 25625128 3162512643 58324 0 218656 0 0 0
1791055716 270, 810, 45, 0x0000000000000000 | 56.69 54.28 46.47 | cpu  93473930 1037011 25625258 3162536471 58324 0 218657 0 0 0
1791055717 240, 810, 45, 0x0000000000000000 | 56.69 54.28 46.47 | cpu  93478328 1037011 25625309 3162560675 58324 0 218657 0 0 0
1791055718 225, 405, 45, 0x0000000000000000 | 56.69 54.28 46.47 | cpu  93482856 1037011 25625374 3162584240 58324 0 218658 0 0 0
1791055719 217, 405, 44, 0x0000000000000000 | 52.39 53.43 46.23 | cpu  93487490 1037011 25625426 3162608074 58324 0 218658 0 0 0
1791055721 225, 405, 44, 0x0000000000000000 | 52.39 53.43 46.23 | cpu  93492426 1037011 25625528 3162632085 58324 0 218658 0 0 0
1791055722 225, 14001, 44, 0x0000000000000000 | 52.39 53.43 46.23 | cpu  93497554 1037011 25625571 3162654582 58324 0 218659 0 0 0
1791055723 2572, 13801, 45, 0x0000000000000000 | 52.39 53.43 46.23 | cpu  93501774 1037011 25625642 3162678911 58325 0 218659 0 0 0
1791055724 2572, 13801, 45, 0x0000000000000000 | 52.39 53.43 46.23 | cpu  93506588 1037011 25625707 3162702048 58325 0 218660 0 0 0
1791055725 2572, 13801, 45, 0x0000000000000000 | 58.61 54.70 46.68 | cpu  93511128 1037011 25625757 3162724934 58325 0 218661 0 0 0
1791055726 2572, 13801, 45, 0x0000000000000000 | 58.61 54.70 46.68 | cpu  93515932 1037011 25625836 3162748087 58329 0 218662 0 0 0
1791055727 2572, 13801, 45, 0x0000000000000000 | 58.61 54.70 46.68 | cpu  93521113 1037011 25625876 3162772072 58330 0 218663 0 0 0
1791055728 2572, 13801, 45, 0x0000000000000000 | 58.61 54.70 46.68 | cpu  93526135 1037011 25625934 3162795415 58332 0 218663 0 0 0
1791055729 2572, 13801, 45, 0x0000000000000000 | 54.23 53.86 46.45 | cpu  93531340 1037011 25625962 3162818690 58332 0 218664 0 0 0
1791055731 2572, 13801, 45, 0x0000000000000000 | 54.23 53.86 46.45 | cpu  93536908 1037011 25626005 3162842652 58333 0 218664 0 0 0
1791055732 2595, 13801, 45, 0x0000000000000000 | 54.23 53.86 46.45 | cpu  93542028 1037011 25626180 3162866686 58336 0 218664 0 0 0
1791055733 2602, 13801, 45, 0x0000000000000000 | 54.23 53.86 46.45 | cpu  93547296 1037011 25626268 3162889824 58336 0 218664 0 0 0
1791055734 2602, 13801, 45, 0x0000000000000000 | 54.94 54.01 46.54 | cpu  93552240 1037011 25626341 3162913001 58336 0 218664 0 0 0
1791055735 2602, 13801, 46, 0x0000000000000000 | 54.94 54.01 46.54 | cpu  93557085 1037011 25626416 3162936123 58336 0 218664 0 0 0
1791055736 2602, 13801, 45, 0x0000000000000000 | 54.94 54.01 46.54 | cpu  93561514 1037011 25626518 3162959870 58336 0 218666 0 0 0
1791055737 2602, 13801, 45, 0x0000000000000000 | 54.94 54.01 46.54 | cpu  93566301 1037011 25626635 3162985205 58336 0 218666 0 0 0
1791055738 2602, 13801, 45, 0x0000000000000000 | 54.94 54.01 46.54 | cpu  93571038 1037011 25626711 3163008493 58336 0 218666 0 0 0
1791055740 2602, 13801, 45, 0x0000000000000000 | 50.78 53.16 46.31 | cpu  93575952 1037011 25626797 3163031719 58336 0 218667 0 0 0
1791055741 2602, 13801, 45, 0x0000000000000000 | 50.78 53.16 46.31 | cpu  93580466 1037011 25626879 3163056527 58336 0 218667 0 0 0
1791055742 2602, 13801, 45, 0x0000000000000000 | 50.78 53.16 46.31 | cpu  93584680 1037011 25626999 3163080292 58336 0 218667 0 0 0
1791055743 2602, 13801, 45, 0x0000000000000000 | 50.78 53.16 46.31 | cpu  93588853 1037011 25627097 3163103522 58336 0 218668 0 0 0
1791055744 2595, 13801, 45, 0x0000000000000000 | 47.03 52.35 46.08 | cpu  93593199 1037011 25627218 3163126585 58336 0 218668 0 0 0
1791055745 2572, 13801, 45, 0x0000000000000000 | 47.03 52.35 46.08 | cpu  93597718 1037011 25627353 3163150526 58336 0 218668 0 0 0
1791055746 2572, 13801, 45, 0x0000000000000000 | 47.03 52.35 46.08 | cpu  93602050 1037011 25627491 3163174452 58336 0 218670 0 0 0
1791055747 2572, 13801, 44, 0x0000000000000000 | 47.03 52.35 46.08 | cpu  93606578 1037011 25627658 3163198552 58336 0 218670 0 0 0
1791055748 2572, 13801, 44, 0x0000000000000000 | 47.03 52.35 46.08 | cpu  93610937 1037011 25627831 3163222240 58336 0 218671 0 0 0
1791055750 2580, 13801, 44, 0x0000000000000000 | 43.42 51.51 45.85 | cpu  93615075 1037011 25627891 3163246069 58336 0 218671 0 0 0
1791055751 2572, 13801, 44, 0x0000000000000000 | 43.42 51.51 45.85 | cpu  93619328 1037011 25627916 3163270039 58336 0 218672 0 0 0
1791055752 2572, 13801, 44, 0x0000000000000000 | 43.42 51.51 45.85 | cpu  93623883 1037011 25627961 3163294174 58336 0 218672 0 0 0
1791055753 2572, 13801, 44, 0x0000000000000000 | 43.42 51.51 45.85 | cpu  93628175 1037011 25628010 3163318628 58337 0 218672 0 0 0
1791055754 2572, 13801, 44, 0x0000000000000000 | 43.42 51.51 45.85 | cpu  93632494 1037011 25628060 3163342555 58337 0 218672 0 0 0
1791055755 2572, 13801, 44, 0x0000000000000000 | 40.19 50.71 45.62 | cpu  93636876 1037011 25628083 3163367148 58337 0 218673 0 0 0
1791055756 2640, 13801, 44, 0x0000000000000000 | 40.19 50.71 45.62 | cpu  93649303 1037011 25628126 3163391186 58337 0 218673 0 0 0
1791055758 2602, 13801, 45, 0x0000000000000000 | 40.19 50.71 45.62 | cpu  93655063 1037011 25628215 3163414836 58337 0 218674 0 0 0
1791055759 2602, 13801, 45, 0x0000000000000000 | 40.19 50.71 45.62 | cpu  93661049 1037011 25628344 3163437466 58345 0 218675 0 0 0
1791055760 2602, 13801, 44, 0x0000000000000000 | 37.29 49.93 45.39 | cpu  93666084 1037011 25628388 3163460651 58345 0 218676 0 0 0
1791055761 2602, 13801, 45, 0x0000000000000000 | 37.29 49.93 45.39 | cpu  93671987 1037011 25628456 3163484076 58345 0 218676 0 0 0
1791055762 2602, 13801, 45, 0x0000000000000000 | 37.29 49.93 45.39 | cpu  93678248 1037011 25628506 3163506428 58345 0 218676 0 0 0
1791055763 2632, 13801, 44, 0x0000000000000000 | 37.29 49.93 45.39 | cpu  93680915 1037011 25628559 3163532104 58345 0 218678 0 0 0
1791055764 2572, 13801, 44, 0x0000000000000000 | 34.62 49.17 45.17 | cpu  93683345 1037011 25628633 3163557714 58345 0 218679 0 0 0
1791055765 2572, 13801, 44, 0x0000000000000000 | 34.62 49.17 45.17 | cpu  93688221 1037011 25628660 3163581127 58346 0 218679 0 0 0
1791055767 2572, 13801, 44, 0x0000000000000000 | 34.62 49.17 45.17 | cpu  93692940 1037011 25628718 3163605330 58346 0 218680 0 0 0
1791055768 2572, 13801, 44, 0x0000000000000000 | 34.62 49.17 45.17 | cpu  93697240 1037011 25628761 3163629499 58346 0 218680 0 0 0
1791055769 2572, 13801, 44, 0x0000000000000000 | 34.62 49.17 45.17 | cpu  93701480 1037011 25628829 3163653379 58346 0 218680 0 0 0
1791055770 2572, 13801, 44, 0x0000000000000000 | 42.26 50.51 45.62 | cpu  93706327 1037011 25628984 3163676825 58346 0 218680 0 0 0
1791055771 2572, 13801, 44, 0x0000000000000000 | 42.26 50.51 45.62 | cpu  93711089 1037011 25629127 3163700515 58346 0 218680 0 0 0
1791055772 2572, 13801, 44, 0x0000000000000000 | 42.26 50.51 45.62 | cpu  93715320 1037011 25629236 3163724061 58346 0 218681 0 0 0
1791055773 2572, 13801, 44, 0x0000000000000000 | 42.26 50.51 45.62 | cpu  93719924 1037011 25629327 3163747106 58346 0 218681 0 0 0
1791055774 2572, 13801, 43, 0x0000000000000000 | 49.29 51.83 46.08 | cpu  93724660 1037011 25629411 3163769859 58346 0 218681 0 0 0
1791055775 2572, 13801, 43, 0x0000000000000000 | 49.29 51.83 46.08 | cpu  93729310 1037011 25629529 3163793102 58346 0 218681 0 0 0
1791055776 2572, 13801, 43, 0x0000000000000000 | 49.29 51.83 46.08 | cpu  93733934 1037011 25629608 3163816518 58346 0 218681 0 0 0
1791055778 2572, 13801, 43, 0x0000000000000000 | 49.29 51.83 46.08 | cpu  93738570 1037011 25629701 3163839751 58346 0 218682 0 0 0
1791055779 2572, 13801, 43, 0x0000000000000000 | 49.29 51.83 46.08 | cpu  93743417 1037011 25629802 3163863340 58346 0 218689 0 0 0
1791055780 2572, 13801, 43, 0x0000000000000000 | 50.31 52.00 46.16 | cpu  93748358 1037011 25629926 3163886425 58346 0 218715 0 0 0
1791055781 2572, 13801, 43, 0x0000000000000000 | 50.31 52.00 46.16 | cpu  93753347 1037011 25630050 3163908899 58346 0 218718 0 0 0
1791055782 2572, 13801, 43, 0x0000000000000000 | 50.31 52.00 46.16 | cpu  93758154 1037011 25630130 3163932094 58346 0 218718 0 0 0
1791055783 2572, 13801, 43, 0x0000000000000000 | 50.31 52.00 46.16 | cpu  93763172 1037011 25630248 3163957100 58346 0 218718 0 0 0
1791055784 2572, 13801, 43, 0x0000000000000000 | 47.32 51.35 45.99 | cpu  93767442 1037011 25630321 3163980683 58346 0 218719 0 0 0
1791055785 2572, 13801, 43, 0x0000000000000000 | 47.32 51.35 45.99 | cpu  93771713 1037011 25630399 3164004501 58346 0 218720 0 0 0
1791055786 2572, 13801, 43, 0x0000000000000000 | 47.32 51.35 45.99 | cpu  93776743 1037011 25630525 3164026984 58346 0 218720 0 0 0
1791055787 2572, 13801, 43, 0x0000000000000000 | 47.32 51.35 45.99 | cpu  93781644 1037011 25630608 3164050123 58346 0 218720 0 0 0
1791055789 2572, 13801, 43, 0x0000000000000000 | 47.32 51.35 45.99 | cpu  93787077 1037011 25630700 3164073209 58346 0 218722 0 0 0
1791055790 2572, 13801, 43, 0x0000000000000000 | 43.77 50.55 45.76 | cpu  93791890 1037011 25630775 3164096347 58346 0 218723 0 0 0
1791055791 2572, 13801, 43, 0x0000000000000000 | 43.77 50.55 45.76 | cpu  93796749 1037011 25630856 3164120902 58346 0 218723 0 0 0
1791055792 2572, 13801, 43, 0x0000000000000000 | 43.77 50.55 45.76 | cpu  93801680 1037011 25630971 3164143541 58346 0 218724 0 0 0
1791055793 2572, 13801, 43, 0x0000000000000000 | 43.77 50.55 45.76 | cpu  93806784 1037011 25631060 3164165806 58346 0 218724 0 0 0
1791055794 2572, 13801, 43, 0x0000000000000000 | 50.19 51.77 46.18 | cpu  93811976 1037011 25631157 3164190004 58346 0 218725 0 0 0
1791055795 2572, 13801, 43, 0x0000000000000000 | 50.19 51.77 46.18 | cpu  93817235 1037011 25631304 3164213188 58346 0 218726 0 0 0
1791055796 2572, 13801, 43, 0x0000000000000000 | 50.19 51.77 46.18 | cpu  93822486 1037011 25631395 3164236006 58346 0 218726 0 0 0
1791055798 2572, 13801, 43, 0x0000000000000000 | 50.19 51.77 46.18 | cpu  93827955 1037011 25631525 3164259136 58346 0 218728 0 0 0
1791055799 2572, 13801, 43, 0x0000000000000000 | 50.19 51.77 46.18 | cpu  93832820 1037011 25631644 3164283255 58346 0 218728 0 0 0
1791055800 2572, 13801, 42, 0x0000000000000000 | 46.57 50.99 45.95 | cpu  93837808 1037011 25631736 3164307283 58346 0 218728 0 0 0
1791055801 2572, 13801, 43, 0x0000000000000000 | 46.57 50.99 45.95 | cpu  93842498 1037011 25631828 3164332225 58346 0 218729 0 0 0
1791055802 2572, 13801, 42, 0x0000000000000000 | 46.57 50.99 45.95 | cpu  93846512 1037011 25631934 3164355245 58346 0 218729 0 0 0
1791055803 2572, 13801, 42, 0x0000000000000000 | 46.57 50.99 45.95 | cpu  93850727 1037011 25632114 3164378795 58346 0 218730 0 0 0
1791055804 2572, 13801, 42, 0x0000000000000000 | 53.25 52.30 46.41 | cpu  93855098 1037011 25632234 3164402767 58347 0 218730 0 0 0
1791055805 2572, 13801, 42, 0x0000000000000000 | 53.25 52.30 46.41 | cpu  93859441 1037011 25632329 3164426411 58347 0 218730 0 0 0
1791055806 2572, 13801, 42, 0x0000000000000000 | 53.25 52.30 46.41 | cpu  93864162 1037011 25632416 3164450073 58347 0 218731 0 0 0
1791055808 2572, 13801, 42, 0x0000000000000000 | 53.25 52.30 46.41 | cpu  93868550 1037011 25632531 3164473620 58347 0 218732 0 0 0
1791055809 2572, 13801, 42, 0x0000000000000000 | 53.25 52.30 46.41 | cpu  93872714 1037011 25632700 3164498843 58347 0 218732 0 0 0
1791055810 2572, 13801, 42, 0x0000000000000000 | 50.83 51.82 46.28 | cpu  93877511 1037011 25632840 3164522129 58347 0 218732 0 0 0
1791055811 2572, 13801, 42, 0x0000000000000000 | 50.83 51.82 46.28 | cpu  93881794 1037011 25632921 3164546171 58347 0 218733 0 0 0
1791055812 2572, 13801, 42, 0x0000000000000000 | 50.83 51.82 46.28 | cpu  93886137 1037011 25633012 3164569789 58347 0 218736 0 0 0
1791055813 2572, 13801, 42, 0x0000000000000000 | 50.83 51.82 46.28 | cpu  93890489 1037011 25633112 3164593587 58347 0 218736 0 0 0
1791055814 2572, 13801, 42, 0x0000000000000000 | 47.00 51.01 46.05 | cpu  93894916 1037011 25633236 3164617531 58347 0 218736 0 0 0
1791055815 2572, 13801, 42, 0x0000000000000000 | 47.00 51.01 46.05 | cpu  93899420 1037011 25633309 3164641453 58347 0 218737 0 0 0
1791055816 2572, 13801, 42, 0x0000000000000000 | 47.00 51.01 46.05 | cpu  93903588 1037011 25633400 3164665319 58347 0 218737 0 0 0
1791055818 2572, 13801, 42, 0x0000000000000000 | 47.00 51.01 46.05 | cpu  93907870 1037011 25633501 3164689832 58347 0 218738 0 0 0
1791055819 2572, 13801, 42, 0x0000000000000000 | 47.00 51.01 46.05 | cpu  93912391 1037011 25633582 3164714014 58347 0 218738 0 0 0
1791055820 2572, 13801, 42, 0x0000000000000000 | 43.64 50.24 45.83 | cpu  93916570 1037011 25633713 3164737732 58347 0 218739 0 0 0
1791055821 2572, 13801, 42, 0x0000000000000000 | 43.64 50.24 45.83 | cpu  93921069 1037011 25633846 3164762602 58347 0 218740 0 0 0
1791055822 2572, 13801, 42, 0x0000000000000000 | 43.64 50.24 45.83 | cpu  93925512 1037011 25633944 3164786640 58347 0 218740 0 0 0
1791055823 2572, 13801, 42, 0x0000000000000000 | 43.64 50.24 45.83 | cpu  93929952 1037011 25634104 3164810478 58347 0 218741 0 0 0
1791055824 2572, 13801, 42, 0x0000000000000000 | 40.54 49.49 45.61 | cpu  93934462 1037011 25634227 3164835411 58355 0 218742 0 0 0
1791055825 2587, 13801, 42, 0x0000000000000000 | 40.54 49.49 45.61 | cpu  93939521 1037011 25634631 3164860782 58374 0 218742 0 0 0
1791055827 2617, 13801, 42, 0x0000000000000000 | 40.54 49.49 45.61 | cpu  93945161 1037011 25634740 3164884698 58384 0 218743 0 0 0
1791055828 2685, 13801, 49, 0x0000000000000000 | 40.54 49.49 45.61 | cpu  93949799 1037011 25634867 3164908640 58385 0 218743 0 0 0
1791055829 2977, 13801, 49, 0x0000000000000000 | 40.54 49.49 45.61 | cpu  93954145 1037011 25635576 3164931917 58392 0 218744 0 0 0
1791055830 2947, 13801, 45, 0x0000000000000000 | 47.95 50.88 46.08 | cpu  93959688 1037011 25635750 3164959996 58392 0 218744 0 0 0
1791055831 2962, 13801, 45, 0x0000000000000000 | 47.95 50.88 46.08 | cpu  93964330 1037011 25635856 3164984242 58392 0 218745 0 0 0
1791055832 2955, 13801, 45, 0x0000000000000000 | 47.95 50.88 46.08 | cpu  93968402 1037011 25635894 3165007935 58392 0 218746 0 0 0
1791055834 2962, 13801, 45, 0x0000000000000000 | 47.95 50.88 46.08 | cpu  93973045 1037011 25635958 3165032678 58392 0 218746 0 0 0
1791055835 2977, 13801, 45, 0x0000000000000000 | 44.35 50.08 45.85 | cpu  93977633 1037011 25636031 3165057422 58392 0 218746 0 0 0
1791055836 2970, 13801, 45, 0x0000000000000000 | 44.35 50.08 45.85 | cpu  93982097 1037011 25636158 3165081658 58392 0 218746 0 0 0
1791055837 2977, 13801, 46, 0x0000000000000000 | 44.35 50.08 45.85 | cpu  93986377 1037011 25636210 3165105919 58392 0 218746 0 0 0
1791055838 2970, 13801, 46, 0x0000000000000000 | 44.35 50.08 45.85 | cpu  93990744 1037011 25636238 3165130624 58392 0 218746 0 0 0
1791055839 2955, 13801, 46, 0x0000000000000000 | 41.12 49.32 45.62 | cpu  93995736 1037011 25636359 3165156728 58392 0 218746 0 0 0
1791055840 2955, 13801, 46, 0x0000000000000000 | 41.12 49.32 45.62 | cpu  94000514 1037011 25636416 3165180535 58392 0 218747 0 0 0
1791055842 2962, 13801, 47, 0x0000000000000000 | 41.12 49.32 45.62 | cpu  94004662 1037011 25636489 3165204242 58392 0 218748 0 0 0
1791055843 2977, 13801, 48, 0x0000000000000000 | 41.12 49.32 45.62 | cpu  94009063 1037011 25636539 3165228932 58392 0 218749 0 0 0
1791055844 2985, 13801, 49, 0x0000000000000000 | 41.12 49.32 45.62 | cpu  94013324 1037011 25636685 3165252653 58392 0 218749 0 0 0
1791055845 2985, 13801, 49, 0x0000000000000000 | 38.06 48.55 45.39 | cpu  94017939 1037016 25636708 3165277582 58392 0 218750 0 0 0
1791055846 2985, 13801, 45, 0x0000000000000000 | 38.06 48.55 45.39 | cpu  94022115 1037016 25636751 3165301370 58392 0 218750 0 0 0
1791055847 2977, 13801, 45, 0x0000000000000000 | 38.06 48.55 45.39 | cpu  94026422 1037016 25636822 3165326018 58392 0 218751 0 0 0
1791055848 2970, 13801, 46, 0x0000000000000000 | 38.06 48.55 45.39 | cpu  94030740 1037016 25636916 3165349860 58392 0 218751 0 0 0
1791055849 2970, 13801, 46, 0x0000000000000000 | 35.26 47.79 45.16 | cpu  94035163 1037016 25636981 3165373684 58392 0 218751 0 0 0
1791055851 2985, 13801, 50, 0x0000000000000000 | 35.26 47.79 45.16 | cpu  94039678 1037016 25637040 3165398338 58392 0 218752 0 0 0
1791055852 2985, 13801, 45, 0x0000000000000000 | 35.26 47.79 45.16 | cpu  94044033 1037016 25637068 3165421647 58392 0 218752 0 0 0
1791055853 2970, 13801, 47, 0x0000000000000000 | 35.26 47.79 45.16 | cpu  94048501 1037016 25637139 3165446380 58392 0 218752 0 0 0
1791055854 2985, 13801, 46, 0x0000000000000004 | 35.26 47.79 45.16 | cpu  94053066 1037016 25637228 3165471192 58392 0 218754 0 0 0
1791055855 2985, 13801, 45, 0x0000000000000000 | 32.67 47.05 44.94 | cpu  94058906 1037016 25637285 3165493825 58392 0 218758 0 0 0
1791055856 2962, 13801, 47, 0x0000000000000000 | 32.67 47.05 44.94 | cpu  94063852 1037016 25637355 3165518422 58392 0 218761 0 0 0
1791055857 2962, 13801, 47, 0x0000000000000000 | 32.67 47.05 44.94 | cpu  94068130 1037016 25637483 3165542275 58392 0 218763 0 0 0
1791055858 2977, 13801, 53, 0x0000000000000004 | 32.67 47.05 44.94 | cpu  94072399 1037016 25637611 3165565892 58392 0 218766 0 0 0
1791055860 2985, 13801, 46, 0x0000000000000000 | 30.30 46.32 44.71 | cpu  94076635 1037016 25637728 3165590468 58392 0 218770 0 0 0
1791055861 2985, 13801, 46, 0x0000000000000000 | 30.30 46.32 44.71 | cpu  94081256 1037016 25637807 3165613912 58392 0 218773 0 0 0
1791055862 2985, 13801, 46, 0x0000000000000000 | 30.30 46.32 44.71 | cpu  94085658 1037016 25637860 3165638221 58392 0 218779 0 0 0
1791055863 2985, 13801, 46, 0x0000000000000000 | 30.30 46.32 44.71 | cpu  94090363 1037016 25637904 3165663210 58392 0 218784 0 0 0
1791055864 2985, 13801, 46, 0x0000000000000000 | 30.30 46.32 44.71 | cpu  94094794 1037016 25638002 3165687334 58392 0 218789 0 0 0
1791055865 2977, 13801, 46, 0x0000000000000000 | 38.36 47.72 45.17 | cpu  94099295 1037016 25638035 3165711784 58392 0 218791 0 0 0
1791055866 2962, 13801, 54, 0x0000000000000000 | 38.36 47.72 45.17 | cpu  94103686 1037016 25638139 3165735503 58392 0 218794 0 0 0
1791055867 2977, 13801, 51, 0x0000000000000000 | 38.36 47.72 45.17 | cpu  94108724 1037016 25638467 3165762978 58392 0 218797 0 0 0
1791055869 2985, 13801, 46, 0x0000000000000000 | 38.36 47.72 45.17 | cpu  94112942 1037016 25638606 3165786557 58392 0 218799 0 0 0
1791055870 2970, 13801, 47, 0x0000000000000000 | 35.69 47.01 44.96 | cpu  94117680 1037016 25638776 3165810330 58392 0 218800 0 0 0
1791055871 2970, 13801, 49, 0x0000000000000000 | 35.69 47.01 44.96 | cpu  94122364 1037016 25638950 3165833627 58392 0 218805 0 0 0
1791055872 2970, 13801, 53, 0x0000000000000000 | 35.69 47.01 44.96 | cpu  94127074 1037016 25640487 3165858341 58392 0 218808 0 0 0
1791055873 2985, 13801, 46, 0x0000000000000000 | 35.69 47.01 44.96 | cpu  94131494 1037016 25640594 3165883439 58392 0 218810 0 0 0
1791055874 2985, 13801, 46, 0x0000000000000000 | 33.07 46.28 44.73 | cpu  94136225 1037016 25640661 3165908365 58392 0 218815 0 0 0
1791055876 2977, 13801, 47, 0x0000000000000000 | 33.07 46.28 44.73 | cpu  94140618 1037016 25640726 3165932040 58392 0 218817 0 0 0
1791055877 2970, 13801, 47, 0x0000000000000000 | 33.07 46.28 44.73 | cpu  94144970 1037016 25640788 3165955359 58392 0 218821 0 0 0
1791055878 2985, 13801, 46, 0x0000000000000000 | 33.07 46.28 44.73 | cpu  94149300 1037016 25640818 3165978933 58392 0 218822 0 0 0
1791055879 2970, 13801, 48, 0x0000000000000000 | 33.07 46.28 44.73 | cpu  94153570 1037016 25640852 3166002647 58393 0 218823 0 0 0
1791055880 2985, 13801, 46, 0x0000000000000000 | 30.66 45.56 44.51 | cpu  94158217 1037016 25640888 3166027020 58393 0 218826 0 0 0
1791055881 2632, 13801, 45, 0x0000000000000000 | 30.66 45.56 44.51 | cpu  94162640 1037016 25640958 3166050606 58393 0 218828 0 0 0
1791055882 2572, 13801, 45, 0x0000000000000000 | 30.66 45.56 44.51 | cpu  94167006 1037016 25640998 3166073752 58393 0 218829 0 0 0
1791055883 2580, 13801, 44, 0x0000000000000000 | 30.66 45.56 44.51 | cpu  94171512 1037016 25641058 3166098445 58393 0 218831 0 0 0
1791055884 2572, 13801, 44, 0x0000000000000000 | 38.62 46.97 44.97 | cpu  94176029 1037016 25641091 3166122393 58393 0 218831 0 0 0
1791055885 2572, 13801, 44, 0x0000000000000000 | 38.62 46.97 44.97 | cpu  94180434 1037016 25641128 3166146136 58393 0 218832 0 0 0
1791055887 2580, 13801, 44, 0x0000000000000000 | 38.62 46.97 44.97 | cpu  94184984 1037016 25641230 3166169641 58398 0 218832 0 0 0
1791055888 2595, 13801, 44, 0x0000000000000000 | 38.62 46.97 44.97 | cpu  94189893 1037016 25641286 3166193026 58398 0 218833 0 0 0
1791055889 2587, 13801, 44, 0x0000000000000000 | 38.62 46.97 44.97 | cpu  94194427 1037016 25641360 3166217538 58399 0 218834 0 0 0
1791055890 2572, 13801, 44, 0x0000000000000000 | 35.77 46.24 44.74 | cpu  94199517 1037016 25641605 3166242289 58399 0 218851 0 0 0
1791055891 2587, 13801, 44, 0x0000000000000000 | 35.77 46.24 44.74 | cpu  94204673 1037016 25641935 3166266697 58399 0 218876 0 0 0
1791055892 2572, 13801, 44, 0x0000000000000000 | 35.77 46.24 44.74 | cpu  94210081 1037016 25642189 3166290591 58399 0 218891 0 0 0
1791055893 2572, 13801, 44, 0x0000000000000000 | 35.77 46.24 44.74 | cpu  94215417 1037016 25642320 3166315257 58399 0 218910 0 0 0
1791055895 2572, 13801, 44, 0x0000000000000000 | 33.54 45.60 44.54 | cpu  94220846 1037016 25642444 3166339241 58401 0 218924 0 0 0
1791055896 2580, 13801, 44, 0x0000000000000000 | 33.54 45.60 44.54 | cpu  94225914 1037016 25642562 3166362605 58401 0 218939 0 0 0
1791055897 2580, 13801, 44, 0x0000000000000000 | 33.54 45.60 44.54 | cpu  94230932 1037016 25642704 3166386323 58401 0 218951 0 0 0
1791055898 2572, 13801, 44, 0x0000000000000000 | 33.54 45.60 44.54 | cpu  94235760 1037016 25642861 3166410529 58401 0 218968 0 0 0
1791055899 2895, 13801, 46, 0x0000000000000000 | 41.43 47.03 45.02 | cpu  94240688 1037016 25642957 3166434037 58401 0 218980 0 0 0
1791055900 2955, 13801, 53, 0x0000000000000000 | 41.43 47.03 45.02 | cpu  94246156 1037016 25643057 3166457127 58401 0 218993 0 0 0
1791055901 2985, 13801, 45, 0x0000000000000000 | 41.43 47.03 45.02 | cpu  94251447 1037016 25643141 3166480949 58401 0 219004 0 0 0
1791055903 2955, 13801, 46, 0x0000000000000000 | 41.43 47.03 45.02 | cpu  94258734 1037016 25643885 3166509665 59743 0 219018 0 0 0
1791055904 2962, 13801, 48, 0x0000000000000000 | 50.76 48.88 45.62 | cpu  94263417 1037016 25645341 3166531783 61731 0 219027 0 0 0
1791055905 2985, 13801, 53, 0x0000000000000004 | 50.76 48.88 45.62 | cpu  94268227 1037016 25645896 3166556546 62370 0 219030 0 0 0
1791055907 2985, 13801, 46, 0x0000000000000000 | 50.76 48.88 45.62 | cpu  94273532 1037016 25646177 3166582328 62394 0 219045 0 0 0
1791055908 2985, 13801, 46, 0x0000000000000000 | 50.76 48.88 45.62 | cpu  94278171 1037016 25646508 3166607354 62417 0 219079 0 0 0
1791055909 2985, 13801, 45, 0x0000000000000000 | 50.76 48.88 45.62 | cpu  94283757 1037016 25646707 3166631258 62445 0 219081 0 0 0
1791055910 2970, 13801, 48, 0x0000000000000000 | 47.02 48.13 45.40 | cpu  94289000 1037016 25646766 3166654645 62445 0 219097 0 0 0
1791055911 2947, 13801, 49, 0x0000000000000000 | 47.02 48.13 45.40 | cpu  94294412 1037016 25646795 3166677350 62445 0 219104 0 0 0
1791055912 2955, 13801, 46, 0x0000000000000000 | 47.02 48.13 45.40 | cpu  94299870 1037016 25646836 3166700839 62445 0 219105 0 0 0
1791055913 2955, 13801, 47, 0x0000000000000000 | 47.02 48.13 45.40 | cpu  94305453 1037016 25646926 3166724999 62445 0 219107 0 0 0
1791055915 2985, 13801, 46, 0x0000000000000000 | 43.49 47.38 45.17 | cpu  94310943 1037016 25646966 3166748014 62445 0 219111 0 0 0
1791055916 2977, 13801, 47, 0x0000000000000000 | 43.49 47.38 45.17 | cpu  94316414 1037016 25646997 3166770982 62445 0 219113 0 0 0
1791055917 2985, 13801, 52, 0x0000000000000000 | 43.49 47.38 45.17 | cpu  94321734 1037016 25647075 3166794356 62446 0 219115 0 0 0
1791055918 2985, 13801, 46, 0x0000000000000000 | 43.49 47.38 45.17 | cpu  94326875 1037016 25647238 3166817065 62446 0 219118 0 0 0
1791055919 2970, 13801, 47, 0x0000000000000000 | 43.49 47.38 45.17 | cpu  94332571 1037016 25647424 3166840115 62446 0 219122 0 0 0
1791055920 2985, 13801, 46, 0x0000000000000000 | 40.57 46.71 44.97 | cpu  94338664 1037016 25647608 3166864608 62446 0 219124 0 0 0
1791055921 2985, 13801, 47, 0x0000000000000000 | 40.57 46.71 44.97 | cpu  94344178 1037016 25647810 3166888987 62447 0 219135 0 0 0
1791055923 2917, 13801, 54, 0x0000000000000000 | 40.57 46.71 44.97 | cpu  94349157 1037016 25647985 3166913671 62447 0 219136 0 0 0
1791055924 2985, 13801, 50, 0x0000000000000004 | 40.57 46.71 44.97 | cpu  94355209 1037016 25648270 3166938206 62448 0 219137 0 0 0
1791055925 2985, 13801, 47, 0x0000000000000000 | 37.72 46.02 44.75 | cpu  94360664 1037016 25648482 3166961862 62448 0 219138 0 0 0
1791055926 2985, 13801, 47, 0x0000000000000000 | 37.72 46.02 44.75 | cpu  94366419 1037016 25648590 3166985723 62449 0 219140 0 0 0
1791055927 2962, 13801, 48, 0x0000000000000000 | 37.72 46.02 44.75 | cpu  94372126 1037016 25648682 3167009654 62449 0 219142 0 0 0
1791055928 2985, 13801, 46, 0x0000000000000000 | 37.72 46.02 44.75 | cpu  94377244 1037016 25648792 3167033443 62450 0 219144 0 0 0
1791055930 2587, 13801, 45, 0x0000000000000000 | 35.02 45.32 44.53 | cpu  94382446 1037016 25648847 3167056851 62450 0 219145 0 0 0
1791055931 2572, 13801, 45, 0x0000000000000000 | 35.02 45.32 44.53 | cpu  94387786 1037016 25648948 3167080151 62450 0 219146 0 0 0
1791055932 2572, 13801, 45, 0x0000000000000000 | 35.02 45.32 44.53 | cpu  94393592 1037016 25648998 3167102499 62466 0 219148 0 0 0
1791055933 2587, 13801, 45, 0x0000000000000000 | 35.02 45.32 44.53 | cpu  94398913 1037016 25649047 3167126475 62521 0 219149 0 0 0
1791055934 2572, 13801, 45, 0x0000000000000000 | 35.02 45.32 44.53 | cpu  94404378 1037016 25649089 3167149880 62528 0 219150 0 0 0
1791055935 2572, 13801, 45, 0x0000000000000000 | 32.54 44.64 44.31 | cpu  94409572 1037016 25649148 3167173341 62532 0 219151 0 0 0
1791055936 2572, 13801, 45, 0x0000000000000000 | 32.54 44.64 44.31 | cpu  94415147 1037016 25649228 3167195978 62535 0 219152 0 0 0
1791055937 2587, 13801, 45, 0x0000000000000000 | 32.54 44.64 44.31 | cpu  94421174 1037016 25649279 3167218541 62545 0 219152 0 0 0
1791055939 2572, 13801, 45, 0x0000000000000000 | 32.54 44.64 44.31 | cpu  94426430 1037016 25649331 3167241848 62553 0 219154 0 0 0
1791055940 2587, 13801, 44, 0x0000000000000000 | 30.33 43.98 44.10 | cpu  94431841 1037016 25649376 3167264607 62566 0 219159 0 0 0
1791055941 2572, 13801, 44, 0x0000000000000000 | 30.33 43.98 44.10 | cpu  94437319 1037016 25649457 3167288288 62574 0 219166 0 0 0
1791055942 2572, 13801, 44, 0x0000000000000000 | 30.33 43.98 44.10 | cpu  94442556 1037016 25649522 3167311186 62584 0 219175 0 0 0
1791055943 2572, 13801, 44, 0x0000000000000000 | 30.33 43.98 44.10 | cpu  94448041 1037016 25649548 3167334811 62584 0 219179 0 0 0
1791055944 2572, 13801, 44, 0x0000000000000000 | 38.47 45.44 44.57 | cpu  94453284 1037016 25649580 3167357860 62586 0 219180 0 0 0
1791055945 2580, 13801, 44, 0x0000000000000000 | 38.47 45.44 44.57 | cpu  94458912 1037016 25649617 3167381041 62592 0 219181 0 0 0
1791055946 2572, 13801, 44, 0x0000000000000000 | 38.47 45.44 44.57 | cpu  94464610 1037016 25649720 3167403375 62597 0 219182 0 0 0
1791055947 2572, 13801, 44, 0x0000000000000000 | 38.47 45.44 44.57 | cpu  94470605 1037016 25649784 3167427056 62601 0 219183 0 0 0
1791055949 2595, 13801, 44, 0x0000000000000000 | 38.47 45.44 44.57 | cpu  94476184 1037016 25649840 3167449624 62618 0 219184 0 0 0
1791055950 2595, 13801, 44, 0x0000000000000000 | 43.16 46.29 44.86 | cpu  94481747 1037016 25649882 3167473557 62621 0 219184 0 0 0
1791055951 2572, 13801, 45, 0x0000000000000000 | 43.16 46.29 44.86 | cpu  94487675 1037016 25649926 3167496869 62624 0 219185 0 0 0
1791055952 2670, 13801, 54, 0x0000000000000000 | 43.16 46.29 44.86 | cpu  94492999 1037016 25649982 3167519026 62625 0 219185 0 0 0
1791055953 2692, 13801, 45, 0x0000000000000000 | 43.16 46.29 44.86 | cpu  94498423 1037016 25650062 3167542134 62660 0 219186 0 0 0
1791055954 2955, 13801, 48, 0x0000000000000000 | 39.94 45.58 44.63 | cpu  94504158 1037016 25650176 3167566611 62667 0 219207 0 0 0
1791055955 2925, 13801, 55, 0x0000000000000000 | 39.94 45.58 44.63 | cpu  94509546 1037016 25650323 3167590253 62667 0 219246 0 0 0
1791055957 2985, 13801, 54, 0x0000000000000004 | 39.94 45.58 44.63 | cpu  94515240 1037016 25650488 3167614178 62667 0 219284 0 0 0
1791055958 2985, 13801, 46, 0x0000000000000000 | 39.94 45.58 44.63 | cpu  94521088 1037016 25650677 3167637438 62667 0 219293 0 0 0
1791055959 2970, 13801, 47, 0x0000000000000000 | 39.94 45.58 44.63 | cpu  94527498 1037016 25650911 3167659889 62667 0 219294 0 0 0
1791055960 2955, 13801, 47, 0x0000000000000000 | 37.06 44.89 44.41 | cpu  94533049 1037016 25650963 3167684154 62667 0 219295 0 0 0
1791055961 2970, 13801, 47, 0x0000000000000000 | 37.06 44.89 44.41 | cpu  94538960 1037016 25651021 3167708082 62667 0 219296 0 0 0
1791055962 2970, 13801, 48, 0x0000000000000000 | 37.06 44.89 44.41 | cpu  94543813 1037016 25651104 3167731818 62671 0 219297 0 0 0
1791055963 2925, 13801, 48, 0x0000000000000000 | 37.06 44.89 44.41 | cpu  94548584 1037017 25651214 3167755675 62671 0 219298 0 0 0
1791055965 2947, 13801, 52, 0x0000000000000000 | 37.62 44.87 44.41 | cpu  94553508 1037022 25651268 3167778985 62671 0 219298 0 0 0
1791055966 2970, 13801, 47, 0x0000000000000000 | 37.62 44.87 44.41 | cpu  94558616 1037022 25651309 3167802339 62671 0 219299 0 0 0
1791055967 2940, 13801, 48, 0x0000000000000000 | 37.62 44.87 44.41 | cpu  94563788 1037022 25651336 3167825438 62671 0 219299 0 0 0
1791055968 2977, 13801, 56, 0x0000000000000000 | 37.62 44.87 44.41 | cpu  94569088 1037022 25651392 3167848193 62671 0 219299 0 0 0
1791055969 2985, 13801, 47, 0x0000000000000004 | 37.62 44.87 44.41 | cpu  94574708 1037022 25651544 3167872077 62671 0 219300 0 0 0
1791055970 2985, 13801, 47, 0x0000000000000000 | 40.85 45.42 44.59 | cpu  94579966 1037022 25651585 3167895146 62686 0 219300 0 0 0
1791055971 2977, 13801, 47, 0x0000000000000000 | 40.85 45.42 44.59 | cpu  94585342 1037022 25651687 3167918176 62688 0 219301 0 0 0
1791055972 2970, 13801, 49, 0x0000000000000000 | 40.85 45.42 44.59 | cpu  94590764 1037022 25651732 3167941596 62691 0 219302 0 0 0
1791055974 2947, 13801, 50, 0x0000000000000000 | 40.85 45.42 44.59 | cpu  94595897 1037022 25651778 3167965216 62691 0 219302 0 0 0
1791055975 2947, 13801, 57, 0x0000000000000000 | 45.83 46.38 44.90 | cpu  94601006 1037022 25651853 3167987246 62691 0 219303 0 0 0
1791055976 2985, 13801, 47, 0x0000000000000000 | 45.83 46.38 44.90 | cpu  94606332 1037022 25651887 3168010438 62691 0 219304 0 0 0
1791055977 2940, 13801, 48, 0x0000000000000000 | 45.83 46.38 44.90 | cpu  94611718 1037022 25651914 3168033733 62692 0 219305 0 0 0
1791055978 2962, 13801, 51, 0x0000000000000000 | 45.83 46.38 44.90 | cpu  94617148 1037022 25652012 3168056396 62696 0 219306 0 0 0
1791055979 2985, 13801, 47, 0x0000000000000000 | 45.83 46.38 44.90 | cpu  94622447 1037022 25652054 3168079920 62697 0 219307 0 0 0
1791055980 2572, 13801, 46, 0x0000000000000000 | 42.48 45.67 44.68 | cpu  94627968 1037022 25652153 3168103599 62781 0 219307 0 0 0
1791055981 2580, 13801, 45, 0x0000000000000000 | 42.48 45.67 44.68 | cpu  94633380 1037022 25652179 3168127074 62781 0 219308 0 0 0
1791055982 2595, 13801, 45, 0x0000000000000000 | 42.48 45.67 44.68 | cpu  94639054 1037022 25652216 3168150523 62781 0 219308 0 0 0
1791055984 2572, 13801, 45, 0x0000000000000000 | 42.48 45.67 44.68 | cpu  94644604 1037022 25652248 3168173579 62782 0 219309 0 0 0
1791055985 2587, 13801, 45, 0x0000000000000000 | 39.40 44.98 44.47 | cpu  94650361 1037022 25652332 3168196554 62782 0 219310 0 0 0
1791055986 2595, 13801, 45, 0x0000000000000000 | 39.40 44.98 44.47 | cpu  94655982 1037022 25652500 3168219487 62782 0 219316 0 0 0
1791055987 2572, 13801, 45, 0x0000000000000000 | 39.40 44.98 44.47 | cpu  94661440 1037022 25652595 3168242555 62782 0 219318 0 0 0
1791055988 2595, 13801, 45, 0x0000000000000000 | 39.40 44.98 44.47 | cpu  94666858 1037022 25652676 3168265605 62784 0 219319 0 0 0
1791055989 2587, 13801, 45, 0x0000000000000000 | 36.72 44.33 44.26 | cpu  94672018 1037022 25652787 3168288038 62784 0 219320 0 0 0
1791055990 2572, 13801, 45, 0x0000000000000000 | 36.72 44.33 44.26 | cpu  94677616 1037022 25652818 3168310990 62784 0 219320 0 0 0
1791055991 2587, 13801, 45, 0x0000000000000000 | 36.72 44.33 44.26 | cpu  94682511 1037022 25652885 3168334116 62784 0 219321 0 0 0
1791055993 2647, 13801, 45, 0x0000000000000000 | 36.72 44.33 44.26 | cpu  94688505 1037022 25652916 3168357293 62786 0 219321 0 0 0
1791055994 2572, 13801, 45, 0x0000000000000000 | 36.72 44.33 44.26 | cpu  94693422 1037022 25652951 3168380054 62787 0 219322 0 0 0
1791055995 2587, 13801, 45, 0x0000000000000000 | 34.10 43.66 44.04 | cpu  94698756 1037022 25653008 3168402648 62787 0 219322 0 0 0
1791055996 2587, 13801, 45, 0x0000000000000000 | 34.10 43.66 44.04 | cpu  94706275 1037022 25653356 3168426872 62787 0 219323 0 0 0
1791055997 2572, 13801, 45, 0x0000000000000000 | 34.10 43.66 44.04 | cpu  94711717 1037022 25653443 3168449416 62787 0 219324 0 0 0
1791055998 2572, 13801, 44, 0x0000000000000000 | 34.10 43.66 44.04 | cpu  94717191 1037022 25653481 3168472765 62787 0 219324 0 0 0
1791055999 2587, 13801, 45, 0x0000000000000000 | 34.34 43.55 44.00 | cpu  94722568 1037022 25653516 3168495979 62787 0 219325 0 0 0
1791056000 2587, 13801, 44, 0x0000000000000000 | 34.34 43.55 44.00 | cpu  94728084 1037022 25653542 3168519138 62788 0 219326 0 0 0
1791056002 2587, 13801, 44, 0x0000000000000000 | 34.34 43.55 44.00 | cpu  94733474 1037022 25653598 3168543166 62788 0 219328 0 0 0
1791056003 2580, 13801, 44, 0x0000000000000000 | 34.34 43.55 44.00 | cpu  94738929 1037022 25653693 3168565728 62788 0 219332 0 0 0
1791056004 2595, 13801, 48, 0x0000000000000000 | 34.34 43.55 44.00 | cpu  94744523 1037022 25653841 3168589007 62788 0 219342 0 0 0
1791056005 2595, 13801, 44, 0x0000000000000000 | 31.99 42.91 43.79 | cpu  94750158 1037022 25653923 3168611288 62788 0 219346 0 0 0
1791056006 2572, 13801, 44, 0x0000000000000000 | 31.99 42.91 43.79 | cpu  94755701 1037022 25653958 3168634347 62788 0 219350 0 0 0
1791056007 2640, 13801, 44, 0x0000000000000000 | 31.99 42.91 43.79 | cpu  94761170 1037022 25654018 3168658433 62788 0 219354 0 0 0
1791056008 2572, 13801, 44, 0x0000000000000000 | 31.99 42.91 43.79 | cpu  94766794 1037022 25654093 3168681000 62788 0 219358 0 0 0
1791056009 2647, 13801, 45, 0x0000000000000000 | 39.43 44.28 44.23 | cpu  94772512 1037022 25654135 3168704063 62788 0 219358 0 0 0
1791056011 2587, 13801, 44, 0x0000000000000000 | 39.43 44.28 44.23 | cpu  94778130 1037022 25654171 3168727701 62788 0 219360 0 0 0
1791056012 2572, 13801, 44, 0x0000000000000000 | 39.43 44.28 44.23 | cpu  94783687 1037022 25654194 3168751048 62788 0 219361 0 0 0
1791056013 2565, 13801, 44, 0x0000000000000000 | 39.43 44.28 44.23 | cpu  94789228 1037022 25654240 3168774171 62788 0 219362 0 0 0
1791056014 2587, 13801, 44, 0x0000000000000000 | 39.43 44.28 44.23 | cpu  94794672 1037022 25654310 3168797160 62788 0 219368 0 0 0
1791056015 2610, 13801, 44, 0x0000000000000000 | 36.60 43.61 44.02 | cpu  94799788 1037022 25654338 3168820417 62788 0 219377 0 0 0
1791056016 2572, 13801, 44, 0x0000000000000000 | 36.60 43.61 44.02 | cpu  94805586 1037022 25654370 3168843549 62788 0 219378 0 0 0
1791056017 2572, 13801, 44, 0x0000000000000000 | 36.60 43.61 44.02 | cpu  94811154 1037022 25654412 3168867454 62788 0 219379 0 0 0
1791056018 2970, 13801, 51, 0x0000000000000004 | 36.60 43.61 44.02 | cpu  94816700 1037022 25654505 3168891510 62789 0 219380 0 0 0
1791056020 2970, 13801, 46, 0x0000000000000000 | 44.16 45.06 44.48 | cpu  94822374 1037022 25654646 3168914920 62789 0 219381 0 0 0
1791056021 2970, 13801, 56, 0x0000000000000004 | 44.16 45.06 44.48 | cpu  94827974 1037022 25654772 3168938163 62789 0 219382 0 0 0
1791056022 2955, 13801, 54, 0x0000000000000000 | 44.16 45.06 44.48 | cpu  94833650 1037022 25654802 3168961673 62789 0 219382 0 0 0
1791056023 2985, 13801, 52, 0x0000000000000004 | 44.16 45.06 44.48 | cpu  94839368 1037022 25654835 3168984791 62789 0 219383 0 0 0
1791056024 2962, 13801, 47, 0x0000000000000000 | 51.35 46.53 44.96 | cpu  94844894 1037022 25654896 3169007863 62791 0 219383 0 0 0
1791056025 2962, 13801, 47, 0x0000000000000000 | 51.35 46.53 44.96 | cpu  94850487 1037022 25654932 3169030986 62791 0 219383 0 0 0
1791056026 2970, 13801, 47, 0x0000000000000000 | 51.35 46.53 44.96 | cpu  94856231 1037022 25654951 3169053523 62791 0 219385 0 0 0
1791056028 2962, 13801, 47, 0x0000000000000000 | 51.35 46.53 44.96 | cpu  94861828 1037022 25654972 3169076591 62791 0 219388 0 0 0
1791056029 2940, 13801, 48, 0x0000000000000000 | 51.35 46.53 44.96 | cpu  94867439 1037022 25655006 3169099646 62791 0 219388 0 0 0
1791056030 2932, 13801, 48, 0x0000000000000000 | 47.56 45.83 44.74 | cpu  94873095 1037022 25655073 3169122685 62791 0 219389 0 0 0
1791056031 2985, 13801, 46, 0x0000000000000004 | 47.56 45.83 44.74 | cpu  94878706 1037022 25655136 3169145362 62791 0 219389 0 0 0
1791056032 2970, 13801, 47, 0x0000000000000000 | 47.56 45.83 44.74 | cpu  94884452 1037022 25655161 3169168204 62791 0 219390 0 0 0
1791056033 2955, 13801, 47, 0x0000000000000000 | 47.56 45.83 44.74 | cpu  94889892 1037022 25655271 3169190311 62791 0 219392 0 0 0
1791056034 2760, 13801, 53, 0x0000000000000000 | 51.76 46.73 45.04 | cpu  94895545 1037022 25655308 3169213646 62791 0 219392 0 0 0
1791056035 2985, 13801, 46, 0x0000000000000000 | 51.76 46.73 45.04 | cpu  94901187 1037022 25655441 3169236062 62791 0 219394 0 0 0
1791056036 2985, 13801, 47, 0x0000000000000000 | 51.76 46.73 45.04 | cpu  94906882 1037022 25655491 3169259354 62791 0 219414 0 0 0
1791056038 2985, 13801, 47, 0x0000000000000000 | 51.76 46.73 45.04 | cpu  94912538 1037022 25655551 3169282252 62791 0 219415 0 0 0
1791056039 2955, 13801, 48, 0x0000000000000000 | 51.76 46.73 45.04 | cpu  94918180 1037022 25655616 3169305235 62791 0 219416 0 0 0
1791056040 2955, 13801, 50, 0x0000000000000000 | 58.11 48.13 45.50 | cpu  94924019 1037022 25655637 3169328086 62791 0 219416 0 0 0
1791056041 2947, 13801, 51, 0x0000000000000000 | 58.11 48.13 45.50 | cpu  94929717 1037022 25655718 3169350394 62791 0 219417 0 0 0
1791056042 2985, 13801, 47, 0x0000000000000000 | 58.11 48.13 45.50 | cpu  94935386 1037022 25655780 3169373685 62791 0 219418 0 0 0
1791056043 2962, 13801, 48, 0x0000000000000000 | 58.11 48.13 45.50 | cpu  94941043 1037022 25655858 3169396661 62791 0 219419 0 0 0
1791056044 2985, 13801, 47, 0x0000000000000000 | 60.10 48.71 45.70 | cpu  94946375 1037022 25655921 3169419524 62791 0 219420 0 0 0
1791056045 2985, 13801, 47, 0x0000000000000000 | 60.10 48.71 45.70 | cpu  94951693 1037022 25655966 3169442112 62791 0 219424 0 0 0
1791056046 2595, 13801, 45, 0x0000000000000000 | 60.10 48.71 45.70 | cpu  94957477 1037022 25656035 3169465507 62791 0 219424 0 0 0
1791056048 2572, 13801, 45, 0x0000000000000000 | 60.10 48.71 45.70 | cpu  94963227 1037022 25656054 3169488828 62791 0 219425 0 0 0
1791056049 2610, 13801, 46, 0x0000000000000000 | 60.10 48.71 45.70 | cpu  94968953 1037022 25656118 3169511678 62791 0 219432 0 0 0
1791056050 2610, 13801, 45, 0x0000000000000000 | 63.37 49.57 46.00 | cpu  94974726 1037022 25656152 3169534999 62791 0 219447 0 0 0
1791056051 2587, 13801, 45, 0x0000000000000000 | 63.37 49.57 46.00 | cpu  94980058 1037022 25656278 3169557809 62791 0 219455 0 0 0
1791056052 2572, 13801, 45, 0x0000000000000000 | 63.37 49.57 46.00 | cpu  94985618 1037022 25656450 3169581703 62791 0 219457 0 0 0
1791056053 2572, 13801, 45, 0x0000000000000000 | 63.37 49.57 46.00 | cpu  94990763 1037022 25656564 3169604668 62791 0 219458 0 0 0
1791056054 2985, 13801, 46, 0x0000000000000000 | 58.62 48.82 45.77 | cpu  94996407 1037022 25656626 3169627527 62791 0 219459 0 0 0
1791056056 2985, 13801, 48, 0x0000000000000000 | 58.62 48.82 45.77 | cpu  95002142 1037022 25656742 3169651075 62791 0 219461 0 0 0
1791056057 2947, 13801, 51, 0x0000000000000000 | 58.62 48.82 45.77 | cpu  95007597 1037022 25656812 3169673580 62792 0 219462 0 0 0
1791056058 2985, 13801, 50, 0x0000000000000000 | 58.62 48.82 45.77 | cpu  95012572 1037022 25656888 3169696536 62793 0 219464 0 0 0
1791056059 2985, 13801, 46, 0x0000000000000000 | 58.62 48.82 45.77 | cpu  95017792 1037022 25656918 3169719921 62793 0 219466 0 0 0
1791056060 2955, 13801, 46, 0x0000000000000000 | 64.50 50.20 46.24 | cpu  95022605 1037022 25656951 3169743219 62793 0 219472 0 0 0
1791056061 2677, 13801, 45, 0x0000000000000000 | 64.50 50.20 46.24 | cpu  95027936 1037022 25657002 3169766898 62793 0 219472 0 0 0
1791056062 2617, 13801, 45, 0x0000000000000000 | 64.50 50.20 46.24 | cpu  95033514 1037022 25657120 3169789943 62793 0 219472 0 0 0
1791056063 2610, 13801, 45, 0x0000000000000000 | 64.50 50.20 46.24 | cpu  95038726 1037022 25657246 3169813005 62794 0 219473 0 0 0
1791056064 2782, 13801, 50, 0x0000000000000000 | 59.73 49.45 46.02 | cpu  95043792 1037022 25657303 3169835055 62795 0 219474 0 0 0
1791056066 2985, 13801, 46, 0x0000000000000000 | 59.73 49.45 46.02 | cpu  95049637 1037022 25657362 3169858443 62795 0 219474 0 0 0
1791056067 2580, 13801, 45, 0x0000000000000000 | 59.73 49.45 46.02 | cpu  95054669 1037022 25657405 3169882071 62795 0 219475 0 0 0
1791056068 2572, 13801, 44, 0x0000000000000000 | 59.73 49.45 46.02 | cpu  95059844 1037022 25657473 3169905412 62795 0 219476 0 0 0
1791056069 2580, 13801, 44, 0x0000000000000000 | 59.73 49.45 46.02 | cpu  95065180 1037022 25657567 3169928156 62795 0 219477 0 0 0
1791056070 2580, 13801, 44, 0x0000000000000000 | 55.27 48.69 45.79 | cpu  95070603 1037022 25657599 3169951647 62795 0 219482 0 0 0
1791056071 2610, 13801, 44, 0x0000000000000000 | 55.27 48.69 45.79 | cpu  95076237 1037022 25657660 3169974738 62797 0 219493 0 0 0
1791056072 2572, 13801, 44, 0x0000000000000000 | 55.27 48.69 45.79 | cpu  95081696 1037022 25657702 3169996966 62797 0 219493 0 0 0
1791056073 2580, 13801, 44, 0x0000000000000000 | 55.27 48.69 45.79 | cpu  95086913 1037022 25657737 3170019142 62797 0 219493 0 0 0
1791056074 2572, 13801, 44, 0x0000000000000000 | 58.77 49.53 46.08 | cpu  95092194 1037022 25657805 3170041939 62797 0 219494 0 0 0
1791056075 2572, 13801, 44, 0x0000000000000000 | 58.77 49.53 46.08 | cpu  95097679 1037022 25657840 3170064733 62797 0 219494 0 0 0
1791056077 2572, 13801, 44, 0x0000000000000000 | 58.77 49.53 46.08 | cpu  95103552 1037022 25657870 3170087804 62797 0 219495 0 0 0
1791056078 2580, 13801, 44, 0x0000000000000000 | 58.77 49.53 46.08 | cpu  95108860 1037022 25657895 3170110031 62797 0 219495 0 0 0
1791056079 2572, 13801, 44, 0x0000000000000000 | 58.77 49.53 46.08 | cpu  95114005 1037022 25657962 3170132066 62797 0 219495 0 0 0
1791056080 2572, 13801, 44, 0x0000000000000000 | 64.71 50.91 46.54 | cpu  95120018 1037022 25658052 3170155311 62797 0 219504 0 0 0
1791056081 2580, 13801, 44, 0x0000000000000000 | 64.71 50.91 46.54 | cpu  95126610 1037022 25658333 3170175909 62797 0 219527 0 0 0
1791056082 2580, 13801, 44, 0x0000000000000000 | 64.71 50.91 46.54 | cpu  95132508 1037022 25664156 3170194598 62797 0 219527 0 0 0
1791056083 2572, 13801, 44, 0x0000000000000000 | 64.71 50.91 46.54 | cpu  95138036 1037022 25669099 3170212392 62797 0 219527 0 0 0
1791056084 2572, 13801, 44, 0x0000000000000000 | 59.77 50.12 46.31 | cpu  95143642 1037022 25673980 3170229823 62797 0 219528 0 0 0
1791056085 2572, 13801, 43, 0x0000000000000000 | 59.77 50.12 46.31 | cpu  95149371 1037022 25679020 3170247042 62797 0 219530 0 0 0
1791056087 2572, 13801, 43, 0x0000000000000000 | 59.77 50.12 46.31 | cpu  95155559 1037022 25683371 3170264025 62801 0 219531 0 0 0
1791056088 2572, 13801, 43, 0x0000000000000000 | 59.77 50.12 46.31 | cpu  95162766 1037022 25687103 3170280698 62809 0 219532 0 0 0
1791056089 2580, 13801, 43, 0x0000000000000000 | 59.77 50.12 46.31 | cpu  95170941 1037022 25689258 3170297553 62826 0 219532 0 0 0
1791056090 2572, 13801, 43, 0x0000000000000000 | 55.39 49.37 46.09 | cpu  95180349 1037022 25690892 3170314119 62826 0 219537 0 0 0
1791056091 2572, 13801, 43, 0x0000000000000000 | 55.39 49.37 46.09 | cpu  95187233 1037022 25694764 3170330959 62826 0 219538 0 0 0
1791056092 2572, 13801, 43, 0x0000000000000000 | 55.39 49.37 46.09 | cpu  95193220 1037022 25699252 3170348192 62826 0 219539 0 0 0
1791056093 2572, 13801, 43, 0x0000000000000000 | 55.39 49.37 46.09 | cpu  95199134 1037022 25703602 3170365863 62826 0 219539 0 0 0
1791056094 2572, 13801, 43, 0x0000000000000000 | 55.39 49.37 46.09 | cpu  95205228 1037022 25708038 3170383923 62826 0 219539 0 0 0
1791056095 2572, 13801, 43, 0x0000000000000000 | 61.68 50.77 46.56 | cpu  95210902 1037022 25712781 3170401402 62826 0 219539 0 0 0
1791056096 2580, 13801, 43, 0x0000000000000000 | 61.68 50.77 46.56 | cpu  95216490 1037022 25717721 3170418931 62826 0 219539 0 0 0
1791056098 2572, 13801, 43, 0x0000000000000000 | 61.68 50.77 46.56 | cpu  95222094 1037022 25722881 3170436808 62826 0 219540 0 0 0
1791056099 2572, 13801, 43, 0x0000000000000000 | 61.68 50.77 46.56 | cpu  95227752 1037022 25728058 3170454140 62826 0 219540 0 0 0
1791056100 2580, 13801, 43, 0x0000000000000000 | 57.06 50.00 46.33 | cpu  95233262 1037022 25733406 3170471729 62826 0 219540 0 0 0
1791056101 2572, 13801, 43, 0x0000000000000000 | 57.06 50.00 46.33 | cpu  95238540 1037022 25738460 3170489208 62826 0 219540 0 0 0
1791056102 2572, 13801, 43, 0x0000000000000000 | 57.06 50.00 46.33 | cpu  95243889 1037022 25744186 3170506849 62826 0 219541 0 0 0
1791056103 2580, 13801, 43, 0x0000000000000000 | 57.06 50.00 46.33 | cpu  95249206 1037022 25749676 3170524175 62826 0 219541 0 0 0
1791056104 2580, 13801, 43, 0x0000000000000000 | 57.06 50.00 46.33 | cpu  95254524 1037022 25755196 3170541629 62826 0 219542 0 0 0
1791056105 2572, 13801, 42, 0x0000000000000000 | 52.73 49.22 46.10 | cpu  95259318 1037022 25760443 3170559219 62826 0 219542 0 0 0
1791056106 2580, 13801, 42, 0x0000000000000000 | 52.73 49.22 46.10 | cpu  95264358 1037022 25765643 3170576615 62826 0 219542 0 0 0
1791056107 2572, 13801, 42, 0x0000000000000000 | 52.73 49.22 46.10 | cpu  95269952 1037022 25771594 3170594265 62826 0 219542 0 0 0
1791056109 2572, 13801, 42, 0x0000000000000000 | 52.73 49.22 46.10 | cpu  95274999 1037022 25777082 3170611893 62826 0 219543 0 0 0
1791056110 2580, 13801, 42, 0x0000000000000000 | 59.08 50.59 46.56 | cpu  95280060 1037022 25782606 3170629764 62826 0 219543 0 0 0
1791056111 2572, 13801, 42, 0x0000000000000000 | 59.08 50.59 46.56 | cpu  95285205 1037022 25788017 3170647578 62826 0 219543 0 0 0
1791056112 2572, 13801, 42, 0x0000000000000000 | 59.08 50.59 46.56 | cpu  95290188 1037022 25793417 3170665066 62826 0 219543 0 0 0
1791056113 2580, 13801, 42, 0x0000000000000000 | 59.08 50.59 46.56 | cpu  95295378 1037022 25798726 3170682888 62826 0 219543 0 0 0
1791056114 2572, 13801, 42, 0x0000000000000000 | 59.08 50.59 46.56 | cpu  95300755 1037022 25803948 3170700221 62826 0 219543 0 0 0
1791056115 2572, 13801, 42, 0x0000000000000000 | 54.51 49.79 46.32 | cpu  95306163 1037022 25809045 3170717594 62826 0 219544 0 0 0
1791056116 2580, 13801, 42, 0x0000000000000000 | 54.51 49.79 46.32 | cpu  95311934 1037022 25813922 3170735366 62826 0 219544 0 0 0
1791056117 2572, 13801, 42, 0x0000000000000000 | 54.51 49.79 46.32 | cpu  95317611 1037022 25819288 3170753919 62826 0 219544 0 0 0
1791056119 2580, 13801, 42, 0x0000000000000000 | 54.51 49.79 46.32 | cpu  95323485 1037022 25824725 3170772892 62827 0 219544 0 0 0
1791056120 2580, 13801, 42, 0x0000000000000000 | 50.46 49.02 46.09 | cpu  95328664 1037022 25829502 3170790273 62827 0 219545 0 0 0
1791056121 2572, 13801, 42, 0x0000000000000000 | 50.46 49.02 46.09 | cpu  95334616 1037022 25833950 3170807662 62827 0 219546 0 0 0
1791056122 2572, 13801, 42, 0x0000000000000000 | 50.46 49.02 46.09 | cpu  95342128 1037022 25837726 3170825726 62827 0 219546 0 0 0
1791056123 2580, 13801, 42, 0x0000000000000000 | 50.46 49.02 46.09 | cpu  95349403 1037022 25840689 3170843237 62827 0 219546 0 0 0
1791056124 2572, 13801, 42, 0x0000000000000000 | 50.46 49.02 46.09 | cpu  95356569 1037022 25843584 3170860524 62827 0 219546 0 0 0
1791056125 2572, 13801, 42, 0x0000000000000000 | 46.66 48.26 45.86 | cpu  95363194 1037022 25847828 3170878262 62827 0 219546 0 0 0
1791056126 2580, 13801, 42, 0x0000000000000000 | 46.66 48.26 45.86 | cpu  95369057 1037022 25852332 3170895571 62827 0 219546 0 0 0
1791056127 2572, 13801, 42, 0x0000000000000000 | 46.66 48.26 45.86 | cpu  95375323 1037022 25856809 3170912566 62827 0 219548 0 0 0
1791056128 2572, 13801, 42, 0x0000000000000000 | 46.66 48.26 45.86 | cpu  95382222 1037022 25860856 3170930052 62827 0 219548 0 0 0
1791056130 2580, 13801, 42, 0x0000000000000000 | 65.19 52.08 47.11 | cpu  95388591 1037022 25865223 3170947576 62827 0 219548 0 0 0
1791056131 2745, 13801, 42, 0x0000000000000000 | 65.19 52.08 47.11 | cpu  95394602 1037022 25869790 3170964968 62827 0 219548 0 0 0
1791056132 2572, 13801, 42, 0x0000000000000000 | 65.19 52.08 47.11 | cpu  95400769 1037022 25874345 3170982527 62827 0 219548 0 0 0
1791056133 2580, 13801, 41, 0x0000000000000000 | 65.19 52.08 47.11 | cpu  95407000 1037022 25878572 3171000130 62827 0 219548 0 0 0
1791056134 2572, 13801, 41, 0x0000000000000000 | 65.19 52.08 47.11 | cpu  95413661 1037022 25882536 3171017478 62827 0 219549 0 0 0
1791056135 2572, 13801, 41, 0x0000000000000000 | 73.02 53.92 47.73 | cpu  95419759 1037022 25886718 3171034816 62827 0 219550 0 0 0
1791056136 2572, 13801, 41, 0x0000000000000000 | 73.02 53.92 47.73 | cpu  95425667 1037022 25891292 3171052359 62827 0 219550 0 0 0
1791056137 2580, 13801, 41, 0x0000000000000000 | 73.02 53.92 47.73 | cpu  95432137 1037022 25895822 3171069615 62827 0 219551 0 0 0
1791056138 2572, 13801, 41, 0x0000000000000000 | 73.02 53.92 47.73 | cpu  95438435 1037022 25900372 3171087105 62827 0 219551 0 0 0
1791056139 2572, 13801, 41, 0x0000000000000000 | 90.32 57.82 49.03 | cpu  95444316 1037022 25904956 3171104398 62827 0 219551 0 0 0
1791056141 2580, 13801, 41, 0x0000000000000000 | 90.32 57.82 49.03 | cpu  95450104 1037023 25909835 3171121834 62827 0 219551 0 0 0
1791056142 2580, 13801, 41, 0x0000000000000000 | 90.32 57.82 49.03 | cpu  95455538 1037023 25914348 3171139069 62827 0 219552 0 0 0
1791056143 2572, 13801, 41, 0x0000000000000000 | 90.32 57.82 49.03 | cpu  95461354 1037023 25919120 3171156523 62827 0 219552 0 0 0
1791056144 2572, 13801, 41, 0x0000000000000000 | 90.32 57.82 49.03 | cpu  95467084 1037023 25924001 3171173893 62827 0 219552 0 0 0
1791056145 2580, 13801, 41, 0x0000000000000000 | 96.94 59.73 49.69 | cpu  95472534 1037023 25929069 3171191374 62827 0 219553 0 0 0
1791056146 2572, 13801, 41, 0x0000000000000000 | 96.94 59.73 49.69 | cpu  95478093 1037023 25934159 3171208626 62827 0 219554 0 0 0
1791056147 2580, 13801, 41, 0x0000000000000000 | 96.94 59.73 49.69 | cpu  95483543 1037023 25939383 3171225738 62827 0 219554 0 0 0
1791056148 2580, 13801, 41, 0x0000000000000000 | 96.94 59.73 49.69 | cpu  95488804 1037023 25944569 3171242736 62827 0 219554 0 0 0
1791056149 2572, 13801, 41, 0x0000000000000000 | 96.94 59.73 49.69 | cpu  95494037 1037023 25949454 3171260032 62827 0 219555 0 0 0
1791056150 2580, 13801, 41, 0x0000000000000000 | 112.48 63.57 50.99 | cpu  95499746 1037023 25955032 3171277457 62827 0 219555 0 0 0
1791056151 2572, 13801, 41, 0x0000000000000000 | 112.48 63.57 50.99 | cpu  95505200 1037023 25960264 3171294957 62827 0 219555 0 0 0
1791056153 2572, 13801, 41, 0x0000000000000000 | 112.48 63.57 50.99 | cpu  95510738 1037023 25965740 3171312870 62827 0 219556 0 0 0
1791056154 2572, 13801, 41, 0x0000000000000000 | 112.48 63.57 50.99 | cpu  95516063 1037023 25971232 3171330607 62827 0 219556 0 0 0
1791056155 2580, 13801, 41, 0x0000000000000000 | 126.93 67.38 52.29 | cpu  95521103 1037023 25976452 3171348966 62827 0 219557 0 0 0
1791056156 2572, 13801, 41, 0x0000000000000000 | 126.93 67.38 52.29 | cpu  95526382 1037023 25981797 3171366505 62827 0 219557 0 0 0
1791056157 2572, 13801, 41, 0x0000000000000000 | 126.93 67.38 52.29 | cpu  95532003 1037023 25987635 3171384316 62827 0 219558 0 0 0
1791056158 2580, 13801, 41, 0x0000000000000000 | 126.93 67.38 52.29 | cpu  95537654 1037023 25992733 3171402358 62827 0 219558 0 0 0
1791056159 2572, 13801, 41, 0x0000000000000000 | 126.93 67.38 52.29 | cpu  95543114 1037023 25997728 3171419936 62827 0 219558 0 0 0
1791056160 2572, 13801, 41, 0x0000000000000000 | 129.98 69.00 52.89 | cpu  95548500 1037023 26002609 3171438421 62827 0 219558 0 0 0
1791056162 2700, 13801, 41, 0x0000000000000000 | 129.98 69.00 52.89 | cpu  95554458 1037023 26007316 3171455973 62827 0 219558 0 0 0
1791056163 2580, 13801, 41, 0x0000000000000000 | 129.98 69.00 52.89 | cpu  95560108 1037023 26012344 3171473213 62827 0 219558 0 0 0
1791056164 2572, 13801, 41, 0x0000000000000000 | 129.98 69.00 52.89 | cpu  95566200 1037023 26017026 3171490575 62827 0 219558 0 0 0
1791056165 2580, 13801, 40, 0x0000000000000000 | 135.51 71.16 53.68 | cpu  95572680 1037023 26021593 3171508497 62827 0 219558 0 0 0
1791056166 2572, 13801, 40, 0x0000000000000000 | 135.51 71.16 53.68 | cpu  95579040 1037023 26025961 3171525940 62827 0 219558 0 0 0
1791056167 2572, 13801, 40, 0x0000000000000000 | 135.51 71.16 53.68 | cpu  95585041 1037023 26030326 3171543602 62827 0 219558 0 0 0
1791056168 2572, 13801, 40, 0x0000000000000000 | 135.51 71.16 53.68 | cpu  95591026 1037023 26034329 3171561110 62827 0 219559 0 0 0
1791056169 2580, 13801, 40, 0x0000000000000000 | 135.51 71.16 53.68 | cpu  95597188 1037023 26038578 3171578600 62827 0 219560 0 0 0
1791056170 2572, 13801, 40, 0x0000000000000000 | 138.11 72.77 54.29 | cpu  95603891 1037023 26042410 3171595878 62827 0 219560 0 0 0
1791056171 2610, 13801, 41, 0x0000000000000000 | 138.11 72.77 54.29 | cpu  95611385 1037023 26045464 3171613040 62827 0 219560 0 0 0
1791056172 2572, 13801, 40, 0x0000000000000000 | 138.11 72.77 54.29 | cpu  95619157 1037023 26048042 3171630189 62827 0 219560 0 0 0
1791056174 2572, 13801, 40, 0x0000000000000000 | 138.11 72.77 54.29 | cpu  95627521 1037023 26049952 3171648428 62827 0 219561 0 0 0
1791056175 2640, 13801, 41, 0x0000000000000000 | 127.37 71.63 54.02 | cpu  95636917 1037023 26050794 3171665620 62827 0 219561 0 0 0
1791056176 2677, 13801, 44, 0x0000000000000000 | 127.37 71.63 54.02 | cpu  95646560 1037023 26051606 3171682618 62827 0 219561 0 0 0
1791056177 2677, 13801, 42, 0x0000000000000000 | 127.37 71.63 54.02 | cpu  95655919 1037023 26052268 3171699859 62827 0 219561 0 0 0
1791056178 3000, 13801, 41, 0x0000000000000000 | 127.37 71.63 54.02 | cpu  95665299 1037023 26053370 3171717360 62827 0 219561 0 0 0
1791056179 2970, 13801, 41, 0x0000000000000000 | 127.37 71.63 54.02 | cpu  95673678 1037023 26055508 3171734465 62827 0 219562 0 0 0
1791056180 2572, 13801, 40, 0x0000000000000000 | 127.66 72.61 54.44 | cpu  95681885 1037023 26057883 3171751927 62827 0 219562 0 0 0
1791056181 2572, 13801, 41, 0x0000000000000000 | 127.66 72.61 54.44 | cpu  95689690 1037023 26060552 3171769173 62827 0 219562 0 0 0
1791056182 2580, 13801, 40, 0x0000000000000000 | 127.66 72.61 54.44 | cpu  95697584 1037023 26063246 3171786424 62827 0 219562 0 0 0
1791056183 2572, 13801, 40, 0x0000000000000000 | 127.66 72.61 54.44 | cpu  95705701 1037023 26065855 3171804576 62827 0 219562 0 0 0
1791056184 2580, 13801, 40, 0x0000000000000000 | 117.68 71.46 54.16 | cpu  95713857 1037023 26068467 3171822813 62827 0 219562 0 0 0
1791056186 2572, 13801, 40, 0x0000000000000000 | 117.68 71.46 54.16 | cpu  95721478 1037023 26071190 3171839839 62827 0 219563 0 0 0
1791056187 2572, 13801, 40, 0x0000000000000000 | 117.68 71.46 54.16 | cpu  95729328 1037023 26073876 3171856878 62827 0 219563 0 0 0
1791056188 2580, 13801, 40, 0x0000000000000000 | 117.68 71.46 54.16 | cpu  95736872 1037023 26076402 3171874345 62827 0 219563 0 0 0
1791056189 2572, 13801, 40, 0x0000000000000000 | 117.68 71.46 54.16 | cpu  95745250 1037023 26079366 3171891904 62831 0 219563 0 0 0
1791056190 2572, 13801, 40, 0x0000000000000000 | 108.50 70.32 53.89 | cpu  95752696 1037023 26082328 3171909393 62831 0 219564 0 0 0
1791056191 2572, 13801, 40, 0x0000000000000000 | 108.50 70.32 53.89 | cpu  95760897 1037023 26085592 3171928011 62831 0 219564 0 0 0
1791056192 2572, 13801, 40, 0x0000000000000000 | 108.50 70.32 53.89 | cpu  95768087 1037023 26088904 3171945169 62831 0 219564 0 0 0
1791056193 2572, 13801, 40, 0x0000000000000000 | 108.50 70.32 53.89 | cpu  95775108 1037023 26092704 3171962275 62831 0 219564 0 0 0
1791056194 2580, 13801, 40, 0x0000000000000000 | 100.13 69.22 53.62 | cpu  95780446 1037023 26097787 3171979934 62831 0 219564 0 0 0
1791056195 2572, 13801, 40, 0x0000000000000000 | 100.13 69.22 53.62 | cpu  95785565 1037023 26102947 3171997405 62831 0 219564 0 0 0
1791056197 2580, 13801, 40, 0x0000000000000000 | 100.13 69.22 53.62 | cpu  95790934 1037023 26108038 3172014414 62831 0 219564 0 0 0
1791056198 2580, 13801, 40, 0x0000000000000000 | 100.13 69.22 53.62 | cpu  95796416 1037023 26113277 3172031326 62831 0 219564 0 0 0
1791056199 2572, 13801, 40, 0x0000000000000000 | 100.13 69.22 53.62 | cpu  95801839 1037024 26118537 3172048410 62831 0 219565 0 0 0
1791056200 2572, 13801, 40, 0x0000000000000000 | 92.35 68.12 53.35 | cpu  95806870 1037024 26123770 3172065755 62831 0 219565 0 0 0
1791056201 2580, 13801, 40, 0x0000000000000000 | 92.35 68.12 53.35 | cpu  95812080 1037024 26128524 3172083117 62831 0 219565 0 0 0
1791056202 2572, 13801, 40, 0x0000000000000000 | 92.35 68.12 53.35 | cpu  95817335 1037024 26133622 3172100409 62831 0 219565 0 0 0
1791056203 3000, 13801, 41, 0x0000000000000000 | 92.35 68.12 53.35 | cpu  95822653 1037024 26138719 3172118190 62831 0 219565 0 0 0
1791056204 3000, 13801, 41, 0x0000000000000000 | 92.35 68.12 53.35 | cpu  95827908 1037024 26143733 3172135236 62831 0 219565 0 0 0
1791056205 2572, 13801, 40, 0x0000000000000000 | 85.19 67.04 53.08 | cpu  95833420 1037024 26148600 3172152354 62831 0 219565 0 0 0
1791056206 2572, 13801, 40, 0x0000000000000000 | 85.19 67.04 53.08 | cpu  95838826 1037024 26153008 3172169727 62831 0 219566 0 0 0
1791056207 2625, 13801, 40, 0x0000000000000000 | 85.19 67.04 53.08 | cpu  95844663 1037024 26157397 3172186911 62831 0 219566 0 0 0
1791056208 2572, 13801, 40, 0x0000000000000000 | 85.19 67.04 53.08 | cpu  95850779 1037024 26161698 3172203979 62831 0 219566 0 0 0
1791056209 2580, 13801, 40, 0x0000000000000000 | 78.61 65.97 52.81 | cpu  95856536 1037024 26166266 3172220902 62831 0 219567 0 0 0
1791056211 2572, 13801, 40, 0x0000000000000000 | 78.61 65.97 52.81 | cpu  95861965 1037024 26170497 3172238403 62831 0 219567 0 0 0
1791056212 2572, 13801, 39, 0x0000000000000000 | 78.61 65.97 52.81 | cpu  95867942 1037024 26174989 3172255154 62831 0 219568 0 0 0
1791056213 2580, 13801, 39, 0x0000000000000000 | 78.61 65.97 52.81 | cpu  95873787 1037024 26179442 3172272034 62831 0 219568 0 0 0
1791056214 2572, 13801, 39, 0x0000000000000000 | 78.61 65.97 52.81 | cpu  95879465 1037024 26183364 3172289477 62831 0 219568 0 0 0
1791056215 2572, 13801, 39, 0x0000000000000000 | 74.08 65.24 52.64 | cpu  95885420 1037024 26187592 3172306524 62831 0 219568 0 0 0
1791056216 2580, 13801, 39, 0x0000000000000000 | 74.08 65.24 52.64 | cpu  95891575 1037024 26191648 3172323597 62831 0 219568 0 0 0
1791056217 2572, 13801, 39, 0x0000000000000000 | 74.08 65.24 52.64 | cpu  95897730 1037024 26195080 3172341026 62831 0 219569 0 0 0
1791056218 2580, 13801, 39, 0x0000000000000000 | 74.08 65.24 52.64 | cpu  95904922 1037024 26197966 3172358009 62831 0 219570 0 0 0
1791056219 2572, 13801, 39, 0x0000000000000000 | 74.08 65.24 52.64 | cpu  95912553 1037024 26200519 3172374870 62831 0 219570 0 0 0
1791056220 2572, 13801, 39, 0x0000000000000000 | 68.47 64.23 52.38 | cpu  95919684 1037024 26202975 3172392370 62831 0 219571 0 0 0
1791056221 2572, 13801, 39, 0x0000000000000000 | 68.47 64.23 52.38 | cpu  95927153 1037024 26205607 3172409859 62831 0 219571 0 0 0
1791056222 2722, 13801, 43, 0x0000000000000000 | 68.47 64.23 52.38 | cpu  95934674 1037024 26208294 3172427225 62831 0 219572 0 0 0
1791056223 2580, 13801, 39, 0x0000000000000000 | 68.47 64.23 52.38 | cpu  95942510 1037024 26210676 3172444462 62831 0 219572 0 0 0
1791056224 2572, 13801, 39, 0x0000000000000000 | 64.51 63.48 52.20 | cpu  95950132 1037024 26213259 3172461744 62831 0 219573 0 0 0
1791056226 2580, 13801, 39, 0x0000000000000000 | 64.51 63.48 52.20 | cpu  95956396 1037024 26216725 3172479302 62831 0 219574 0 0 0
1791056227 2580, 13801, 39, 0x0000000000000000 | 64.51 63.48 52.20 | cpu  95963036 1037024 26220200 3172496598 62831 0 219575 0 0 0
1791056228 2572, 13801, 39, 0x0000000000000000 | 64.51 63.48 52.20 | cpu  95970093 1037024 26223280 3172513852 62831 0 219577 0 0 0
1791056229 2572, 13801, 39, 0x0000000000000000 | 64.51 63.48 52.20 | cpu  95977937 1037024 26225627 3172530846 62831 0 219578 0 0 0
1791056230 2580, 13801, 39, 0x0000000000000000 | 60.06 62.57 51.97 | cpu  95985450 1037024 26227784 3172548564 62831 0 219578 0 0 0
1791056231 2572, 13801, 39, 0x0000000000000000 | 60.06 62.57 51.97 | cpu  95993053 1037024 26230381 3172565804 62831 0 219579 0 0 0
1791056232 2572, 13801, 39, 0x0000000000000000 | 60.06 62.57 51.97 | cpu  96001245 1037024 26232126 3172583482 62831 0 219580 0 0 0
1791056233 2610, 13801, 39, 0x0000000000000000 | 60.06 62.57 51.97 | cpu  96010792 1037024 26232998 3172600755 62831 0 219580 0 0 0
1791056234 3000, 13801, 41, 0x0000000000000000 | 60.06 62.57 51.97 | cpu  96020472 1037024 26233731 3172618428 62831 0 219581 0 0 0
1791056235 3000, 13801, 41, 0x0000000000000000 | 55.49 61.58 51.70 | cpu  96030296 1037024 26234268 3172636182 62831 0 219582 0 0 0
1791056236 3000, 13801, 48, 0x0000000000000004 | 55.49 61.58 51.70 | cpu  96039417 1037024 26234886 3172653803 62831 0 219582 0 0 0
1791056237 2985, 13801, 53, 0x0000000000000004 | 55.49 61.58 51.70 | cpu  96048754 1037024 26235564 3172671234 62831 0 219582 0 0 0
1791056239 2970, 13801, 45, 0x0000000000000000 | 55.49 61.58 51.70 | cpu  96057872 1037024 26236413 3172689225 62831 0 219583 0 0 0
1791056240 3000, 13801, 41, 0x0000000000000000 | 58.90 62.19 51.95 | cpu  96067207 1037024 26237272 3172707018 62831 0 219585 0 0 0
1791056241 2970, 13801, 41, 0x0000000000000000 | 58.90 62.19 51.95 | cpu  96076502 1037024 26238138 3172724708 62831 0 219586 0 0 0
1791056242 3000, 13801, 41, 0x0000000000000000 | 58.90 62.19 51.95 | cpu  96085666 1037024 26239096 3172742380 62831 0 219587 0 0 0
1791056243 3000, 13801, 41, 0x0000000000000000 | 58.90 62.19 51.95 | cpu  96095102 1037024 26239979 3172759898 62831 0 219589 0 0 0
1791056244 2977, 13801, 50, 0x0000000000000004 | 58.90 62.19 51.95 | cpu  96104424 1037024 26240959 3172777404 62831 0 219590 0 0 0
1791056245 2955, 13801, 42, 0x0000000000000000 | 54.82 61.29 51.72 | cpu  96113692 1037024 26241885 3172795298 62831 0 219591 0 0 0
1791056246 2992, 13801, 42, 0x0000000000000000 | 54.82 61.29 51.72 | cpu  96122863 1037024 26243001 3172812974 62831 0 219591 0 0 0
1791056247 3000, 13801, 42, 0x0000000000000000 | 54.82 61.29 51.72 | cpu  96130984 1037024 26244148 3172830753 62831 0 219592 0 0 0
1791056248 2947, 13801, 46, 0x0000000000000000 | 54.82 61.29 51.72 | cpu  96139534 1037024 26245624 3172848329 62831 0 219593 0 0 0
1791056249 2985, 13801, 42, 0x0000000000000000 | 52.91 60.78 51.60 | cpu  96148354 1037024 26247049 3172866263 62831 0 219593 0 0 0
1791056251 3000, 13801, 42, 0x0000000000000000 | 52.91 60.78 51.60 | cpu  96156794 1037024 26248741 3172884223 62831 0 219594 0 0 0
1791056252 3000, 13801, 42, 0x0000000000000000 | 52.91 60.78 51.60 | cpu  96165056 1037024 26250577 3172901635 62831 0 219594 0 0 0
1791056253 3000, 13801, 42, 0x0000000000000000 | 52.91 60.78 51.60 | cpu  96173169 1037024 26252614 3172919059 62831 0 219595 0 0 0
1791056254 3000, 13801, 42, 0x0000000000000000 | 52.91 60.78 51.60 | cpu  96181198 1037024 26254810 3172936550 62831 0 219598 0 0 0
1791056255 2992, 13801, 48, 0x0000000000000004 | 67.01 63.58 52.56 | cpu  96189235 1037024 26256968 3172954188 62831 0 219598 0 0 0
1791056256 2932, 13801, 44, 0x0000000000000000 | 67.01 63.58 52.56 | cpu  96197398 1037024 26258922 3172971837 62831 0 219598 0 0 0
1791056257 2977, 13801, 43, 0x0000000000000000 | 67.01 63.58 52.56 | cpu  96205886 1037024 26260452 3172989554 62831 0 219598 0 0 0
1791056258 2955, 13801, 45, 0x0000000000000000 | 67.01 63.58 52.56 | cpu  96214865 1037024 26261639 3173007151 62831 0 219600 0 0 0
1791056259 2970, 13801, 43, 0x0000000000000000 | 67.01 63.58 52.56 | cpu  96223103 1037024 26262676 3173024864 62831 0 219600 0 0 0
1791056260 2992, 13801, 43, 0x0000000000000000 | 76.38 65.58 53.26 | cpu  96232132 1037025 26263667 3173042508 62831 0 219602 0 0 0
1791056261 2992, 13801, 42, 0x0000000000000000 | 76.38 65.58 53.26 | cpu  96242074 1037025 26264639 3173061105 62831 0 219602 0 0 0
1791056263 3000, 13801, 49, 0x0000000000000004 | 76.38 65.58 53.26 | cpu  96250780 1037025 26265472 3173078901 62831 0 219602 0 0 0
1791056264 3000, 13801, 42, 0x0000000000000000 | 76.38 65.58 53.26 | cpu  96260278 1037025 26266329 3173096765 62831 0 219602 0 0 0
1791056265 3000, 13801, 46, 0x0000000000000004 | 84.92 67.53 53.96 | cpu  96269461 1037025 26267145 3173114071 62831 0 219603 0 0 0
1791056266 2955, 13801, 45, 0x0000000000000000 | 84.92 67.53 53.96 | cpu  96278665 1037025 26268038 3173131668 62831 0 219603 0 0 0
1791056267 2985, 13801, 43, 0x0000000000000000 | 84.92 67.53 53.96 | cpu  96287925 1037025 26269047 3173149636 62831 0 219604 0 0 0
1791056268 3000, 13801, 43, 0x0000000000000000 | 84.92 67.53 53.96 | cpu  96297010 1037025 26269980 3173167352 62831 0 219604 0 0 0
1791056269 3000, 13801, 48, 0x0000000000000004 | 84.92 67.53 53.96 | cpu  96305902 1037025 26271037 3173185023 62831 0 219604 0 0 0
1791056270 2985, 13801, 43, 0x0000000000000000 | 103.10 71.58 55.35 | cpu  96314992 1037025 26272034 3173202893 62831 0 219604 0 0 0
1791056271 2812, 13801, 43, 0x0000000000000000 | 103.10 71.58 55.35 | cpu  96323486 1037025 26272899 3173220771 62831 0 219606 0 0 0
1791056272 2985, 13801, 43, 0x0000000000000000 | 103.10 71.58 55.35 | cpu  96332398 1037025 26273860 3173238516 62831 0 219606 0 0 0
1791056273 2985, 13801, 43, 0x0000000000000000 | 103.10 71.58 55.35 | cpu  96341564 1037025 26274944 3173256535 62831 0 219607 0 0 0
1791056275 2572, 13801, 42, 0x0000000000000000 | 119.03 75.41 56.67 | cpu  96350626 1037025 26275971 3173274522 62831 0 219608 0 0 0
1791056276 2572, 13801, 41, 0x0000000000000000 | 119.03 75.41 56.67 | cpu  96359092 1037025 26277176 3173292532 62831 0 219608 0 0 0
1791056277 2587, 13801, 41, 0x0000000000000000 | 119.03 75.41 56.67 | cpu  96367807 1037025 26278354 3173310445 62831 0 219610 0 0 0
1791056278 2572, 13801, 41, 0x0000000000000000 | 119.03 75.41 56.67 | cpu  96376709 1037025 26279451 3173328488 62831 0 219610 0 0 0
1791056279 2572, 13801, 41, 0x0000000000000000 | 119.03 75.41 56.67 | cpu  96385612 1037026 26280592 3173346491 62831 0 219611 0 0 0
1791056280 2580, 13801, 41, 0x0000000000000000 | 136.89 79.84 58.21 | cpu  96394473 1037026 26281687 3173364212 62831 0 219611 0 0 0
1791056281 2572, 13801, 41, 0x0000000000000000 | 136.89 79.84 58.21 | cpu  96403241 1037026 26282908 3173381708 62831 0 219612 0 0 0
1791056282 2572, 13801, 41, 0x0000000000000000 | 136.89 79.84 58.21 | cpu  96411797 1037026 26284170 3173399858 62831 0 219612 0 0 0
1791056283 2572, 13801, 41, 0x0000000000000000 | 136.89 79.84 58.21 | cpu  96420025 1037026 26285421 3173417551 62832 0 219613 0 0 0
1791056284 2632, 13801, 41, 0x0000000000000000 | 136.89 79.84 58.21 | cpu  96428841 1037026 26286692 3173435532 62832 0 219613 0 0 0
1791056285 2572, 13801, 41, 0x0000000000000000 | 150.67 83.64 59.55 | cpu  96437730 1037026 26287930 3173453124 62832 0 219614 0 0 0
1791056287 2572, 13801, 41, 0x0000000000000000 | 150.67 83.64 59.55 | cpu  96446530 1037026 26289028 3173471016 62832 0 219615 0 0 0
1791056288 2572, 13801, 41, 0x0000000000000000 | 150.67 83.64 59.55 | cpu  96456078 1037026 26290301 3173490192 62832 0 219616 0 0 0
1791056289 2670, 13801, 42, 0x0000000000000000 | 150.67 83.64 59.55 | cpu  96465156 1037026 26291440 3173508070 62832 0 219616 0 0 0
1791056290 3000, 13801, 42, 0x0000000000000000 | 153.74 85.39 60.25 | cpu  96473672 1037026 26292482 3173525897 62832 0 219617 0 0 0
1791056291 3000, 13801, 42, 0x0000000000000000 | 153.74 85.39 60.25 | cpu  96483184 1037026 26293566 3173544192 62832 0 219618 0 0 0
1791056292 2580, 13801, 41, 0x0000000000000000 | 153.74 85.39 60.25 | cpu  96492171 1037026 26294711 3173562027 62832 0 219619 0 0 0
1791056293 2572, 13801, 41, 0x0000000000000000 | 153.74 85.39 60.25 | cpu  96501186 1037026 26295840 3173580116 62832 0 219621 0 0 0
1791056294 2580, 13801, 41, 0x0000000000000000 | 153.74 85.39 60.25 | cpu  96510010 1037026 26296892 3173597839 62832 0 219621 0 0 0
1791056295 2572, 13801, 41, 0x0000000000000000 | 157.04 87.21 60.97 | cpu  96519144 1037026 26297884 3173615742 62832 0 219621 0 0 0
1791056296 2572, 13801, 41, 0x0000000000000000 | 157.04 87.21 60.97 | cpu  96527771 1037026 26298871 3173633609 62832 0 219622 0 0 0
1791056298 2572, 13801, 40, 0x0000000000000000 | 157.04 87.21 60.97 | cpu  96536731 1037026 26299772 3173651137 62832 0 219622 0 0 0
1791056299 2572, 13801, 40, 0x0000000000000000 | 157.04 87.21 60.97 | cpu  96545941 1037026 26300707 3173669159 62832 0 219623 0 0 0
1791056300 2572, 13801, 40, 0x0000000000000000 | 154.88 87.92 61.34 | cpu  96555166 1037026 26301583 3173686892 62832 0 219626 0 0 0
1791056301 2572, 13801, 40, 0x0000000000000000 | 154.88 87.92 61.34 | cpu  96564238 1037026 26302629 3173704725 62832 0 219626 0 0 0
1791056302 2902, 13801, 41, 0x0000000000000000 | 154.88 87.92 61.34 | cpu  96573435 1037026 26303614 3173722317 62832 0 219627 0 0 0
1791056303 2902, 13801, 41, 0x0000000000000000 | 154.88 87.92 61.34 | cpu  96582669 1037026 26304529 3173740009 62832 0 219628 0 0 0
1791056304 2580, 13801, 40, 0x0000000000000000 | 154.88 87.92 61.34 | cpu  96591744 1037026 26305639 3173758045 62832 0 219628 0 0 0
1791056305 2572, 13801, 40, 0x0000000000000000 | 142.63 86.49 61.02 | cpu  96600802 1037026 26306711 3173776095 62832 0 219630 0 0 0
1791056306 2572, 13801, 40, 0x0000000000000000 | 142.63 86.49 61.02 | cpu  96609931 1037026 26307759 3173794970 62832 0 219631 0 0 0
1791056307 2572, 13801, 40, 0x0000000000000000 | 142.63 86.49 61.02 | cpu  96618955 1037026 26308770 3173813558 62832 0 219633 0 0 0
1791056309 2572, 13801, 40, 0x0000000000000000 | 142.63 86.49 61.02 | cpu  96629681 1037026 26310081 3173834308 62832 0 219633 0 0 0
1791056310 2572, 13801, 40, 0x0000000000000000 | 131.45 85.11 60.71 | cpu  96639374 1037026 26311319 3173853321 62832 0 219636 0 0 0
1791056311 2572, 13801, 40, 0x0000000000000000 | 131.45 85.11 60.71 | cpu  96648298 1037026 26312478 3173871225 62832 0 219637 0 0 0
1791056312 2572, 13801, 40, 0x0000000000000000 | 131.45 85.11 60.71 | cpu  96657507 1037026 26313444 3173889189 62832 0 219638 0 0 0
1791056313 2572, 13801, 40, 0x0000000000000000 | 131.45 85.11 60.71 | cpu  96666329 1037026 26314584 3173907412 62832 0 219639 0 0 0
1791056314 2812, 13801, 41, 0x0000000000000000 | 131.45 85.11 60.71 | cpu  96674950 1037026 26315658 3173925576 62832 0 219641 0 0 0
1791056315 2572, 13801, 40, 0x0000000000000000 | 121.17 83.75 60.40 | cpu  96684326 1037026 26316926 3173944108 62832 0 219642 0 0 0
1791056317 2572, 13801, 40, 0x0000000000000000 | 121.17 83.75 60.40 | cpu  96693212 1037026 26318031 3173962408 62832 0 219642 0 0 0
1791056318 2580, 13801, 40, 0x0000000000000000 | 121.17 83.75 60.40 | cpu  96703084 1037026 26319224 3173981930 62832 0 219643 0 0 0
1791056319 2572, 13801, 40, 0x0000000000000000 | 121.17 83.75 60.40 | cpu  96711690 1037026 26320464 3173999941 62832 0 219643 0 0 0
1791056320 2572, 13801, 40, 0x0000000000000000 | 111.62 82.39 60.09 | cpu  96720643 1037026 26321574 3174017798 62832 0 219643 0 0 0
1791056321 3000, 13801, 41, 0x0000000000000000 | 111.62 82.39 60.09 | cpu  96729571 1037026 26322825 3174035595 62834 0 219645 0 0 0
1791056322 3000, 13801, 41, 0x0000000000000000 | 111.62 82.39 60.09 | cpu  96738494 1037026 26324043 3174053358 62834 0 219646 0 0 0
1791056323 2572, 13801, 40, 0x0000000000000000 | 111.62 82.39 60.09 | cpu  96747683 1037026 26325219 3174072699 62834 0 219647 0 0 0
1791056324 2572, 13801, 40, 0x0000000000000000 | 111.62 82.39 60.09 | cpu  96757356 1037026 26326428 3174091705 62834 0 219648 0 0 0
1791056326 2572, 13801, 40, 0x0000000000000000 | 102.92 81.07 59.78 | cpu  96766516 1037026 26327520 3174110228 62834 0 219649 0 0 0
1791056327 2902, 13801, 45, 0x0000000000000000 | 102.92 81.07 59.78 | cpu  96775660 1037026 26328656 3174127902 62835 0 219650 0 0 0
1791056328 2572, 13801, 40, 0x0000000000000000 | 102.92 81.07 59.78 | cpu  96784667 1037026 26329942 3174145596 62835 0 219650 0 0 0
1791056329 2572, 13801, 40, 0x0000000000000000 | 102.92 81.07 59.78 | cpu  96793571 1037026 26331177 3174163370 62835 0 219651 0 0 0
1791056330 2580, 13801, 40, 0x0000000000000000 | 94.84 79.76 59.47 | cpu  96802648 1037026 26332336 3174180876 62835 0 219652 0 0 0
1791056331 2580, 13801, 40, 0x0000000000000000 | 94.84 79.76 59.47 | cpu  96811564 1037026 26333604 3174198404 62835 0 219652 0 0 0
1791056332 2572, 13801, 40, 0x0000000000000000 | 94.84 79.76 59.47 | cpu  96821172 1037026 26335042 3174218777 62838 0 219655 0 0 0
1791056333 2572, 13801, 40, 0x0000000000000000 | 94.84 79.76 59.47 | cpu  96830127 1037026 26336325 3174236677 62838 0 219656 0 0 0
1791056334 2580, 13801, 40, 0x0000000000000000 | 94.84 79.76 59.47 | cpu  96839057 1037026 26337517 3174254634 62838 0 219657 0 0 0
1791056336 2580, 13801, 40, 0x0000000000000000 | 87.65 78.52 59.18 | cpu  96848046 1037026 26338895 3174272800 62838 0 219657 0 0 0
1791056337 2580, 13801, 40, 0x0000000000000000 | 87.65 78.52 59.18 | cpu  96857009 1037026 26340228 3174289943 62838 0 219657 0 0 0
1791056338 2580, 13801, 40, 0x0000000000000000 | 87.65 78.52 59.18 | cpu  96865839 1037026 26341487 3174307764 62838 0 219657 0 0 0
1791056339 2580, 13801, 40, 0x0000000000000000 | 87.65 78.52 59.18 | cpu  96874608 1037026 26342903 3174325695 62838 0 219662 0 0 0
1791056340 2692, 13801, 40, 0x0000000000000000 | 91.12 79.39 59.56 | cpu  96883574 1037026 26344196 3174344174 62838 0 219662 0 0 0
1791056341 2572, 13801, 39, 0x0000000000000000 | 91.12 79.39 59.56 | cpu  96892602 1037026 26345483 3174361890 62838 0 219663 0 0 0
1791056343 2587, 13801, 39, 0x0000000000000000 | 91.12 79.39 59.56 | cpu  96911151 1037026 26348200 3174398334 62838 0 219664 0 0 0
1791056344 2572, 13801, 39, 0x0000000000000000 | 91.12 79.39 59.56 | cpu  96920412 1037026 26349384 3174416704 62838 0 219665 0 0 0
1791056346 2572, 13801, 39, 0x0000000000000000 | 94.23 80.23 59.94 | cpu  96929386 1037026 26350609 3174434466 62838 0 219666 0 0 0
1791056347 2572, 13801, 39, 0x0000000000000000 | 94.23 80.23 59.94 | cpu  96938360 1037026 26351818 3174452259 62838 0 219666 0 0 0
1791056348 2580, 13801, 39, 0x0000000000000000 | 94.23 80.23 59.94 | cpu  96948140 1037026 26353016 3174471977 62838 0 219666 0 0 0
1791056349 2572, 13801, 39, 0x0000000000000000 | 94.23 80.23 59.94 | cpu  96957218 1037026 26354165 3174489910 62838 0 219666 0 0 0
1791056351 2572, 13801, 39, 0x0000000000000000 | 97.18 81.07 60.32 | cpu  96975069 1037026 26356530 3174524695 62838 0 219667 0 0 0
1791056352 2722, 13801, 40, 0x0000000000000000 | 97.18 81.07 60.32 | cpu  96984858 1037026 26357833 3174544068 62838 0 219668 0 0 0
1791056353 2580, 13801, 39, 0x0000000000000000 | 97.18 81.07 60.32 | cpu  96993978 1037026 26359042 3174562855 62838 0 219668 0 0 0
1791056355 2572, 13801, 39, 0x0000000000000000 | 89.72 79.79 60.02 | cpu  97003098 1037026 26360049 3174581175 62838 0 219668 0 0 0
1791056356 2572, 13801, 39, 0x0000000000000000 | 89.72 79.79 60.02 | cpu  97021006 1037026 26362392 3174615625 62838 0 219670 0 0 0
1791056358 2572, 13801, 39, 0x0000000000000000 | 89.72 79.79 60.02 | cpu  97029575 1037026 26363414 3174633283 62838 0 219670 0 0 0
1791056359 2572, 13801, 39, 0x0000000000000000 | 89.72 79.79 60.02 | cpu  97038217 1037026 26364348 3174651007 62838 0 219670 0 0 0
1791056361 2580, 13801, 39, 0x0000000000000000 | 82.93 78.55 59.73 | cpu  97059362 1037026 26366618 3174692209 62838 0 219672 0 0 0
1791056365 2572, 13801, 39, 0x0000000000000000 | 77.57 77.51 59.49 | cpu  97106818 1037026 26370598 3174781332 62838 0 219674 0 0 0
1791056368 2572, 13801, 39, 0x0000000000000000 | 77.57 77.51 59.49 | cpu  97115782 1037026 26371265 3174799061 62838 0 219674 0 0 0
1791056369 2580, 13801, 39, 0x0000000000000000 | 77.57 77.51 59.49 | cpu  97125655 1037026 26371890 3174816780 62838 0 219674 0 0 0
1791056370 2572, 13801, 39, 0x0000000000000000 | 71.52 76.26 59.18 | cpu  97135496 1037026 26372640 3174835282 62838 0 219675 0 0 0
1791056371 2580, 13801, 39, 0x0000000000000000 | 71.52 76.26 59.18 | cpu  97147684 1037026 26373629 3174857195 62838 0 219676 0 0 0
1791056373 2572, 13801, 39, 0x0000000000000000 | 71.52 76.26 59.18 | cpu  97157184 1037026 26374350 3174874813 62838 0 219676 0 0 0
1791056374 2580, 13801, 39, 0x0000000000000000 | 71.52 76.26 59.18 | cpu  97166322 1037026 26374926 3174892346 62838 0 219676 0 0 0
1791056375 2580, 13801, 39, 0x0000000000000000 | 65.95 75.02 58.87 | cpu  97177117 1037026 26375526 3174911081 62838 0 219676 0 0 0
1791056376 2977, 13801, 42, 0x0000000000000000 | 65.95 75.02 58.87 | cpu  97186998 1037026 26376096 3174929050 62838 0 219677 0 0 0
1791056377 3000, 13801, 40, 0x0000000000000000 | 65.95 75.02 58.87 | cpu  97199039 1037026 26376874 3174951086 62838 0 219678 0 0 0
1791056378 2572, 13801, 39, 0x0000000000000000 | 65.95 75.02 58.87 | cpu  97208093 1037026 26377402 3174968608 62838 0 219678 0 0 0
1791056380 2572, 13801, 39, 0x0000000000000000 | 73.72 76.48 59.43 | cpu  97223161 1037026 26378268 3174995387 62838 0 219678 0 0 0
1791056381 2572, 13801, 39, 0x0000000000000000 | 73.72 76.48 59.43 | cpu  97239124 1037026 26379124 3175024057 62838 0 219678 0 0 0
1791056385 2587, 13801, 39, 0x0000000000000000 | 81.03 77.95 60.00 | cpu  97272632 1037026 26380449 3175083247 62838 0 219679 0 0 0
1791056387 2782, 13801, 55, 0x0000000000000004 | 81.03 77.95 60.00 | cpu  97282294 1037026 26380751 3175100761 62838 0 219679 0 0 0
1791056388 2895, 13801, 57, 0x0000000000000004 | 81.03 77.95 60.00 | cpu  97292568 1037027 26381063 3175118271 62838 0 219679 0 0 0
1791056389 2880, 13801, 56, 0x0000000000000004 | 81.03 77.95 60.00 | cpu  97302915 1037027 26381411 3175136334 62838 0 219680 0 0 0
1791056390 2805, 13801, 55, 0x0000000000000004 | 97.69 81.46 61.23 | cpu  97313494 1037027 26381698 3175153921 62838 0 219680 0 0 0
1791056391 2940, 13801, 57, 0x0000000000000004 | 97.69 81.46 61.23 | cpu  97323978 1037027 26382071 3175171519 62838 0 219680 0 0 0
1791056392 2925, 13801, 56, 0x0000000000000004 | 97.69 81.46 61.23 | cpu  97334637 1037027 26382362 3175189028 62838 0 219680 0 0 0
1791056393 2985, 13801, 44, 0x0000000000000000 | 97.69 81.46 61.23 | cpu  97344278 1037027 26382668 3175206724 62838 0 219681 0 0 0
1791056394 2947, 13801, 50, 0x0000000000000000 | 97.69 81.46 61.23 | cpu  97354440 1037027 26383014 3175224489 62838 0 219681 0 0 0
1791056395 2985, 13801, 43, 0x0000000000000000 | 113.09 84.92 62.46 | cpu  97364911 1037027 26383398 3175242023 62838 0 219681 0 0 0
1791056397 2962, 13801, 48, 0x0000000000000000 | 113.09 84.92 62.46 | cpu  97375112 1037027 26383725 3175259688 62838 0 219681 0 0 0
1791056398 2985, 13801, 44, 0x0000000000000000 | 113.09 84.92 62.46 | cpu  97386050 1037027 26384098 3175277961 62838 0 219682 0 0 0
1791056399 3000, 13801, 43, 0x0000000000000000 | 113.09 84.92 62.46 | cpu  97396520 1037027 26384468 3175296131 62839 0 219683 0 0 0
1791056400 2572, 13801, 42, 0x0000000000000000 | 129.74 88.84 63.85 | cpu  97406810 1037027 26384909 3175313384 62839 0 219684 0 0 0
1791056401 2572, 13801, 42, 0x0000000000000000 | 129.74 88.84 63.85 | cpu  97419783 1037027 26386123 3175333801 62839 0 219685 0 0 0
1791056402 2572, 13801, 42, 0x0000000000000000 | 129.74 88.84 63.85 | cpu  97430113 1037027 26386554 3175350838 62840 0 219691 0 0 0
1791056403 2617, 13801, 42, 0x0000000000000000 | 129.74 88.84 63.85 | cpu  97440246 1037027 26386933 3175369424 62840 0 219696 0 0 0
1791056405 2572, 13801, 42, 0x0000000000000000 | 132.40 90.07 64.38 | cpu  97451043 1037027 26387218 3175387507 62840 0 219696 0 0 0
1791056406 2580, 13801, 42, 0x0000000000000000 | 132.40 90.07 64.38 | cpu  97460517 1037027 26388773 3175403840 62840 0 219696 0 0 0
1791056407 2580, 13801, 41, 0x0000000000000000 | 132.40 90.07 64.38 | cpu  97470939 1037027 26389367 3175420246 62840 0 219696 0 0 0
1791056408 2572, 13801, 41, 0x0000000000000000 | 132.40 90.07 64.38 | cpu  97480863 1037027 26389666 3175437593 62840 0 219697 0 0 0
1791056409 2572, 13801, 41, 0x0000000000000000 | 132.40 90.07 64.38 | cpu  97491133 1037027 26389930 3175454860 62840 0 219697 0 0 0
1791056410 2610, 13801, 42, 0x0000000000000000 | 145.18 93.42 65.60 | cpu  97501026 1037027 26390280 3175472355 62841 0 219700 0 0 0
1791056411 2572, 13801, 41, 0x0000000000000000 | 145.18 93.42 65.60 | cpu  97514042 1037027 26392287 3175493935 62843 0 219700 0 0 0
1791056413 2572, 13801, 41, 0x0000000000000000 | 145.18 93.42 65.60 | cpu  97525882 1037027 26392946 3175514167 62843 0 219701 0 0 0
1791056415 2625, 13801, 41, 0x0000000000000000 | 156.86 96.70 66.82 | cpu  97550660 1037027 26394400 3175556512 62853 0 219702 0 0 0
1791056418 2572, 13801, 41, 0x0000000000000000 | 167.76 99.96 68.03 | cpu  97592664 1037027 26397641 3175628777 62856 0 219703 0 0 0
1791056423 2580, 13801, 41, 0x0000000000000000 | 164.26 100.36 68.33 | cpu  97640185 1037027 26401623 3175717575 62857 0 219707 0 0 0
1791056429 2625, 13801, 41, 0x0000000000000000 | 164.40 101.45 68.86 | cpu  97690272 1037028 26408135 3175829344 62870 0 219714 0 0 0
1791056435 2572, 13801, 41, 0x0000000000000000 | 164.68 102.56 69.39 | cpu  97731143 1037028 26414090 3175925457 62873 0 219730 0 0 0
1791056442 2572, 13801, 40, 0x0000000000000000 | 174.16 106.70 71.10 | cpu  97785162 1037029 26422587 3176052251 62875 0 219747 0 0 0
1791056449 2580, 13801, 40, 0x0000000000000000 | 169.83 106.93 71.36 | cpu  97843986 1037029 26431702 3176184474 62876 0 219758 0 0 0
1791056458 2580, 13801, 40, 0x0000000000000000 | 152.29 105.25 71.20 | cpu  97924244 1037029 26441450 3176357735 62876 0 219762 0 0 0
1791056469 3000, 13801, 41, 0x0000000000000000 | 145.70 105.32 71.58 | cpu  98007201 1037029 26447863 3176524850 62876 0 219764 0 0 0
1791056481 3000, 13801, 42, 0x0000000000000000 | 137.14 104.88 71.80 | cpu  98108336 1037029 26453300 3176702557 62876 0 219770 0 0 0
1791056491 2940, 13801, 44, 0x0000000000000000 | 119.11 102.09 71.25 | cpu  98191916 1037030 26457975 3176847178 62876 0 219775 0 0 0
1791056495 2962, 13801, 51, 0x0000000000000004 | 110.21 100.52 70.91 | cpu  98202432 1037030 26458524 3176864560 62876 0 219775 0 0 0
1791056496 2962, 13801, 43, 0x0000000000000000 | 110.21 100.52 70.91 | cpu  98212755 1037030 26459582 3176882123 62877 0 219777 0 0 0
1791056497 2992, 13801, 43, 0x0000000000000000 | 110.21 100.52 70.91 | cpu  98223944 1037030 26460250 3176901613 62877 0 219777 0 0 0
1791056498 2835, 13801, 43, 0x0000000000000000 | 110.21 100.52 70.91 | cpu  98235052 1037030 26461633 3176918714 62877 0 219778 0 0 0
1791056499 3000, 13801, 42, 0x0000000000000000 | 110.21 100.52 70.91 | cpu  98246117 1037030 26462242 3176937581 62877 0 219780 0 0 0
1791056500 2985, 13801, 43, 0x0000000000000000 | 101.78 98.94 70.55 | cpu  98256335 1037030 26462672 3176955223 62877 0 219780 0 0 0
1791056502 3000, 13801, 43, 0x0000000000000000 | 101.78 98.94 70.55 | cpu  98267311 1037030 26463151 3176973683 62877 0 219781 0 0 0
1791056503 2962, 13801, 45, 0x0000000000000000 | 101.78 98.94 70.55 | cpu  98277666 1037030 26463622 3176990902 62878 0 219782 0 0 0
1791056504 2985, 13801, 43, 0x0000000000000000 | 101.78 98.94 70.55 | cpu  98288257 1037030 26464104 3177009146 62879 0 219787 0 0 0
1791056505 2992, 13801, 53, 0x0000000000000004 | 105.89 99.84 71.00 | cpu  98298929 1037030 26464504 3177026966 62880 0 219810 0 0 0
1791056506 2992, 13801, 43, 0x0000000000000000 | 105.89 99.84 71.00 | cpu  98313961 1037030 26465106 3177051705 62882 0 219832 0 0 0
1791056508 2955, 13801, 45, 0x0000000000000000 | 105.89 99.84 71.00 | cpu  98325096 1039402 26466290 3177068006 62882 0 219852 0 0 0
1791056509 2985, 13801, 43, 0x0000000000000000 | 105.89 99.84 71.00 | cpu  98335744 1044588 26467367 3177081558 62882 0 219876 0 0 0
1791056510 2985, 13801, 43, 0x0000000000000000 | 113.50 101.52 71.70 | cpu  98346154 1049481 26468443 3177094409 62882 0 219895 0 0 0
1791056511 2992, 13801, 52, 0x0000000000000004 | 113.50 101.52 71.70 | cpu  98356303 1054219 26469541 3177107394 62882 0 219911 0 0 0
1791056513 3000, 13801, 43, 0x0000000000000004 | 113.50 101.52 71.70 | cpu  98367624 1059340 26470586 3177120775 62882 0 219930 0 0 0
1791056514 2985, 13801, 43, 0x0000000000000000 | 113.50 101.52 71.70 | cpu  98378627 1064446 26471644 3177134347 62882 0 219957 0 0 0
1791056515 2985, 13801, 43, 0x0000000000000004 | 131.16 105.37 73.10 | cpu  98390974 1069718 26472920 3177147661 62882 0 219977 0 0 0
1791056516 2985, 13801, 44, 0x0000000000000000 | 131.16 105.37 73.10 | cpu  98401175 1074381 26473994 3177160350 62882 0 219993 0 0 0
1791056517 2985, 13801, 43, 0x0000000000000000 | 131.16 105.37 73.10 | cpu  98412117 1079337 26475087 3177173542 62882 0 220013 0 0 0
1791056518 2940, 13801, 48, 0x0000000000000000 | 131.16 105.37 73.10 | cpu  98422470 1084134 26476199 3177186927 62882 0 220034 0 0 0
1791056520 2970, 13801, 48, 0x0000000000000000 | 137.39 107.10 73.83 | cpu  98433026 1088979 26477288 3177199936 62882 0 220053 0 0 0
1791056521 2985, 13801, 44, 0x0000000000000000 | 137.39 107.10 73.83 | cpu  98443385 1093749 26478299 3177212436 62882 0 220075 0 0 0
1791056522 2985, 13801, 43, 0x0000000000000000 | 137.39 107.10 73.83 | cpu  98454524 1098863 26479293 3177225623 62882 0 220097 0 0 0
1791056523 2955, 13801, 49, 0x0000000000000000 | 137.39 107.10 73.83 | cpu  98465890 1104109 26480340 3177239255 62882 0 220117 0 0 0
1791056524 2985, 13801, 45, 0x0000000000000000 | 137.39 107.10 73.83 | cpu  98476935 1109264 26481328 3177252611 62882 0 220139 0 0 0
1791056526 2962, 13801, 47, 0x0000000000000000 | 152.98 110.83 75.22 | cpu  98487963 1114439 26482307 3177265983 62882 0 220157 0 0 0
1791056527 2970, 13801, 47, 0x0000000000000000 | 152.98 110.83 75.22 | cpu  98498076 1119436 26483164 3177278961 62882 0 220176 0 0 0
1791056528 2947, 13801, 50, 0x0000000000000000 | 152.98 110.83 75.22 | cpu  98508968 1124732 26483978 3177292447 62882 0 220194 0 0 0
1791056529 2947, 13801, 50, 0x0000000000000000 | 152.98 110.83 75.22 | cpu  98520158 1130018 26484774 3177305125 62882 0 220210 0 0 0
1791056530 2962, 13801, 48, 0x0000000000000000 | 168.11 114.67 76.65 | cpu  98530661 1135182 26485514 3177317902 62882 0 220225 0 0 0
1791056531 2970, 13801, 45, 0x0000000000000000 | 168.11 114.67 76.65 | cpu  98541436 1140621 26486286 3177331594 62882 0 220245 0 0 0
1791056533 2962, 13801, 44, 0x0000000000000000 | 168.11 114.67 76.65 | cpu  98553059 1146233 26487017 3177345039 62882 0 220269 0 0 0
1791056534 2572, 13801, 43, 0x0000000000000000 | 168.11 114.67 76.65 | cpu  98564359 1151824 26487773 3177358864 62882 0 220286 0 0 0
1791056535 2602, 13801, 43, 0x0000000000000000 | 180.68 118.16 77.99 | cpu  98574266 1156961 26488408 3177372023 62882 0 220308 0 0 0
1791056536 2595, 13801, 43, 0x0000000000000000 | 180.68 118.16 77.99 | cpu  98584788 1162292 26489045 3177385036 62883 0 220331 0 0 0
1791056537 2572, 13801, 43, 0x0000000000000000 | 180.68 118.16 77.99 | cpu  98595532 1167835 26489677 3177398772 62883 0 220351 0 0 0
1791056539 2595, 13801, 43, 0x0000000000000000 | 180.68 118.16 77.99 | cpu  98605444 1173053 26490175 3177411659 62883 0 220368 0 0 0
1791056540 2587, 13801, 43, 0x0000000000000000 | 189.67 121.06 79.14 | cpu  98616517 1178584 26490692 3177424779 62883 0 220388 0 0 0
1791056541 2572, 13801, 42, 0x0000000000000000 | 189.67 121.06 79.14 | cpu  98627002 1183936 26491218 3177437646 62883 0 220402 0 0 0
1791056542 2572, 13801, 42, 0x0000000000000000 | 189.67 121.06 79.14 | cpu  98637945 1189240 26491810 3177449823 62883 0 220421 0 0 0
1791056543 2572, 13801, 42, 0x0000000000000000 | 189.67 121.06 79.14 | cpu  98648114 1194593 26492426 3177462937 62883 0 220434 0 0 0
1791056544 2610, 13801, 42, 0x0000000000000000 | 189.67 121.06 79.14 | cpu  98659003 1200074 26492981 3177476004 62883 0 220454 0 0 0
1791056546 2572, 13801, 42, 0x0000000000000000 | 192.50 122.79 79.93 | cpu  98669719 1205496 26493705 3177489520 62883 0 220472 0 0 0
1791056547 2595, 13801, 43, 0x0000000000000000 | 192.50 122.79 79.93 | cpu  98680994 1210813 26494552 3177502159 62883 0 220491 0 0 0
1791056548 2572, 13801, 42, 0x0000000000000000 | 192.50 122.79 79.93 | cpu  98691466 1215922 26495232 3177514685 62883 0 220515 0 0 0
1791056549 2595, 13801, 43, 0x0000000000000000 | 192.50 122.79 79.93 | cpu  98701810 1221158 26495914 3177527333 62883 0 220529 0 0 0
1791056550 2955, 13801, 49, 0x0000000000000000 | 191.26 123.69 80.45 | cpu  98713932 1227157 26496603 3177541857 62883 0 220550 0 0 0
1791056552 2955, 13801, 49, 0x0000000000000000 | 191.26 123.69 80.45 | cpu  98725140 1232798 26497178 3177555643 62883 0 220569 0 0 0
1791056553 2947, 13801, 48, 0x0000000000000000 | 191.26 123.69 80.45 | cpu  98736104 1238173 26497806 3177568750 62883 0 220590 0 0 0
1791056554 2962, 13801, 48, 0x0000000000000000 | 191.26 123.69 80.45 | cpu  98746038 1243398 26498419 3177581861 62883 0 220606 0 0 0
1791056555 2985, 13801, 44, 0x0000000000000000 | 191.16 124.79 81.04 | cpu  98757067 1248869 26499127 3177595041 62883 0 220625 0 0 0
1791056556 2580, 13801, 43, 0x0000000000000000 | 191.16 124.79 81.04 | cpu  98767865 1254280 26499814 3177608492 62883 0 220643 0 0 0
1791056557 2580, 13801, 43, 0x0000000000000000 | 191.16 124.79 81.04 | cpu  98778744 1259712 26500547 3177621896 62883 0 220660 0 0 0
1791056559 2572, 13801, 42, 0x0000000000000000 | 191.16 124.79 81.04 | cpu  98789372 1265169 26501193 3177635489 62883 0 220676 0 0 0
1791056560 2572, 13801, 42, 0x0000000000000000 | 190.18 125.69 81.56 | cpu  98799563 1270409 26501904 3177648873 62883 0 220692 0 0 0
1791056561 2572, 13801, 42, 0x0000000000000000 | 190.18 125.69 81.56 | cpu  98810084 1275575 26502543 3177661422 62883 0 220705 0 0 0
1791056562 2572, 13801, 43, 0x0000000000000000 | 190.18 125.69 81.56 | cpu  98820301 1280739 26503129 3177674143 62883 0 220726 0 0 0
1791056563 2962, 13801, 47, 0x0000000000000000 | 190.18 125.69 81.56 | cpu  98830863 1286003 26503902 3177687088 62883 0 220750 0 0 0
1791056564 2985, 13801, 44, 0x0000000000000000 | 190.18 125.69 81.56 | cpu  98841358 1291323 26504575 3177700367 62883 0 220774 0 0 0
1791056566 2902, 13801, 46, 0x0000000000000000 | 179.20 124.48 81.41 | cpu  98852700 1297017 26505278 3177714394 62883 0 220794 0 0 0
1791056567 2985, 13801, 45, 0x0000000000000000 | 179.20 124.48 81.41 | cpu  98864285 1302728 26505928 3177728553 62883 0 220811 0 0 0
1791056568 2985, 13801, 44, 0x0000000000000000 | 179.20 124.48 81.41 | cpu  98874656 1307864 26506600 3177741305 62883 0 220830 0 0 0
1791056569 2970, 13801, 45, 0x0000000000000000 | 179.20 124.48 81.41 | cpu  98884812 1313011 26507327 3177754702 62883 0 220852 0 0 0
1791056570 2985, 13801, 44, 0x0000000000000000 | 168.93 123.26 81.25 | cpu  98896436 1318602 26508194 3177768676 62883 0 220866 0 0 0
1791056572 2985, 13801, 44, 0x0000000000000004 | 168.93 123.26 81.25 | cpu  98906630 1323600 26509090 3177781452 62883 0 220875 0 0 0
1791056573 2985, 13801, 44, 0x0000000000000000 | 168.93 123.26 81.25 | cpu  98917356 1328588 26509878 3177793914 62883 0 220898 0 0 0
1791056574 2985, 13801, 44, 0x0000000000000000 | 168.93 123.26 81.25 | cpu  98927884 1332095 26510563 3177808545 62883 0 220916 0 0 0
1791056575 2902, 13801, 47, 0x0000000000000000 | 157.65 121.68 80.96 | cpu  98937986 1334857 26510998 3177823814 62884 0 220931 0 0 0
1791056576 2895, 13801, 47, 0x0000000000000000 | 157.65 121.68 80.96 | cpu  98948842 1337745 26511497 3177840045 62884 0 220949 0 0 0
1791056577 2985, 13801, 45, 0x0000000000000000 | 157.65 121.68 80.96 | cpu  98958884 1340312 26512009 3177855346 62884 0 220967 0 0 0
1791056578 2985, 13801, 49, 0x0000000000000004 | 157.65 121.68 80.96 | cpu  98969906 1343002 26512534 3177870866 62884 0 220980 0 0 0
1791056580 2932, 13801, 47, 0x0000000000000000 | 157.65 121.68 80.96 | cpu  98979922 1345531 26512932 3177886795 62884 0 220997 0 0 0
1791056581 2985, 13801, 44, 0x0000000000000000 | 147.02 120.08 80.66 | cpu  98990871 1348033 26513382 3177902577 62884 0 221016 0 0 0
1791056582 2985, 13801, 45, 0x0000000000000000 | 147.02 120.08 80.66 | cpu  99000877 1350349 26513764 3177918937 62884 0 221027 0 0 0
1791056583 2985, 13801, 49, 0x0000000000000004 | 147.02 120.08 80.66 | cpu  99011637 1352638 26514282 3177935368 62888 0 221044 0 0 0
1791056584 2985, 13801, 45, 0x0000000000000000 | 147.02 120.08 80.66 | cpu  99021757 1354682 26514803 3177951340 62888 0 221055 0 0 0
1791056585 2985, 13801, 45, 0x0000000000000000 | 136.85 118.41 80.33 | cpu  99031960 1356500 26515192 3177967380 62888 0 221072 0 0 0
1791056586 2587, 13801, 44, 0x0000000000000000 | 136.85 118.41 80.33 | cpu  99042123 1358242 26515564 3177983543 62888 0 221084 0 0 0
1791056588 2985, 13801, 45, 0x0000000000000000 | 136.85 118.41 80.33 | cpu  99052652 1360054 26515994 3178000194 62888 0 221104 0 0 0
1791056589 2985, 13801, 45, 0x0000000000000000 | 136.85 118.41 80.33 | cpu  99062678 1361587 26516476 3178016959 62888 0 221120 0 0 0
1791056590 2985, 13801, 45, 0x0000000000000000 | 127.01 116.68 79.98 | cpu  99074284 1362810 26516894 3178035199 62888 0 221134 0 0 0
1791056591 2985, 13801, 45, 0x0000000000000000 | 127.01 116.68 79.98 | cpu  99084294 1363771 26517244 3178052191 62888 0 221145 0 0 0
1791056592 2985, 13801, 45, 0x0000000000000000 | 127.01 116.68 79.98 | cpu  99094332 1364703 26517692 3178069304 62888 0 221158 0 0 0
1791056593 2985, 13801, 45, 0x0000000000000004 | 127.01 116.68 79.98 | cpu  99104396 1365691 26518086 3178086356 62888 0 221175 0 0 0
1791056594 2925, 13801, 56, 0x0000000000000000 | 127.01 116.68 79.98 | cpu  99115309 1366582 26518548 3178103630 62888 0 221193 0 0 0
1791056596 2985, 13801, 52, 0x0000000000000004 | 127.89 117.03 80.29 | cpu  99126526 1367401 26518919 3178123074 62888 0 221210 0 0 0
1791056597 2947, 13801, 46, 0x0000000000000000 | 127.89 117.03 80.29 | cpu  99136929 1367966 26519272 3178140138 62888 0 221224 0 0 0
1791056598 2985, 13801, 45, 0x0000000000000000 | 127.89 117.03 80.29 | cpu  99147459 1368399 26519596 3178157909 62888 0 221242 0 0 0
1791056599 2985, 13801, 45, 0x0000000000000000 | 127.89 117.03 80.29 | cpu  99157804 1368735 26519902 3178175844 62888 0 221257 0 0 0
1791056600 2985, 13801, 45, 0x0000000000000000 | 128.70 117.38 80.60 | cpu  99168634 1369070 26520281 3178193423 62888 0 221278 0 0 0
1791056601 2985, 13801, 45, 0x0000000000000000 | 128.70 117.38 80.60 | cpu  99178832 1369392 26520587 3178210590 62888 0 221295 0 0 0
1791056602 2962, 13801, 49, 0x0000000000000000 | 128.70 117.38 80.60 | cpu  99188838 1369627 26520899 3178228108 62888 0 221308 0 0 0
1791056604 2940, 13801, 52, 0x0000000000000000 | 128.70 117.38 80.60 | cpu  99199210 1369729 26521165 3178246085 62888 0 221321 0 0 0
1791056605 2985, 13801, 46, 0x0000000000000000 | 118.64 115.48 80.18 | cpu  99210338 1369842 26521470 3178264478 62888 0 221339 0 0 0
1791056606 2985, 13801, 46, 0x0000000000000000 | 118.64 115.48 80.18 | cpu  99225303 1369996 26522053 3178289176 62888 0 221361 0 0 0
1791056607 2940, 13801, 50, 0x0000000000000000 | 118.64 115.48 80.18 | cpu  99235739 1370067 26522366 3178306942 62888 0 221377 0 0 0
1791056609 2985, 13801, 46, 0x0000000000000000 | 118.64 115.48 80.18 | cpu  99245840 1370075 26522730 3178324468 62888 0 221392 0 0 0
1791056610 2985, 13801, 46, 0x0000000000000000 | 109.94 113.73 79.80 | cpu  99255992 1370263 26523420 3178341642 62888 0 221410 0 0 0
1791056611 2977, 13801, 55, 0x0000000000000004 | 109.94 113.73 79.80 | cpu  99267249 1370431 26523810 3178360519 62888 0 221422 0 0 0
1791056612 2955, 13801, 47, 0x0000000000000000 | 109.94 113.73 79.80 | cpu  99277291 1370431 26524221 3178378289 62888 0 221434 0 0 0
1791056613 2985, 13801, 47, 0x0000000000000000 | 109.94 113.73 79.80 | cpu  99287783 1370431 26524498 3178395695 62888 0 221449 0 0 0
1791056614 2985, 13801, 46, 0x0000000000000000 | 109.94 113.73 79.80 | cpu  99299051 1370431 26524822 3178414546 62888 0 221466 0 0 0
1791056615 2910, 13801, 57, 0x0000000000000000 | 101.37 111.89 79.39 | cpu  99309768 1370431 26525148 3178432225 62889 0 221484 0 0 0
1791056617 2985, 13801, 47, 0x0000000000000000 | 101.37 111.89 79.39 | cpu  99320271 1372547 26526244 3178447377 62889 0 221500 0 0 0
1791056618 2985, 13801, 47, 0x0000000000000000 | 101.37 111.89 79.39 | cpu  99330342 1377060 26527436 3178460144 62889 0 221518 0 0 0
1791056619 2985, 13801, 46, 0x0000000000000000 | 101.37 111.89 79.39 | cpu  99340581 1381818 26528427 3178473079 62889 0 221542 0 0 0
1791056620 2977, 13801, 54, 0x0000000000000004 | 107.27 112.94 79.91 | cpu  99350938 1386594 26529423 3178485886 62889 0 221561 0 0 0
1791056621 2985, 13801, 46, 0x0000000000000000 | 107.27 112.94 79.91 | cpu  99361932 1391728 26530373 3178499437 62889 0 221576 0 0 0
1791056622 2955, 13801, 57, 0x0000000000000000 | 107.27 112.94 79.91 | cpu  99372085 1396482 26531464 3178512648 62889 0 221598 0 0 0
1791056623 2977, 13801, 47, 0x0000000000000000 | 107.27 112.94 79.91 | cpu  99382994 1401470 26532590 3178526358 62889 0 221624 0 0 0
1791056625 2895, 13801, 49, 0x0000000000000000 | 103.48 112.06 79.80 | cpu  99394597 1406682 26533692 3178540220 62891 0 221640 0 0 0
1791056626 2977, 13801, 47, 0x0000000000000000 | 103.48 112.06 79.80 | cpu  99405017 1411393 26534793 3178553315 62891 0 221658 0 0 0
1791056627 2985, 13801, 46, 0x0000000000000000 | 103.48 112.06 79.80 | cpu  99415873 1416270 26535792 3178565997 62891 0 221680 0 0 0
1791056628 2985, 13801, 47, 0x0000000000000000 | 103.48 112.06 79.80 | cpu  99427284 1421502 26536783 3178579561 62891 0 221700 0 0 0
1791056629 2985, 13801, 46, 0x0000000000000000 | 103.48 112.06 79.80 | cpu  99438065 1426584 26537784 3178592858 62891 0 221731 0 0 0
1791056631 2985, 13801, 47, 0x0000000000000000 | 121.06 115.56 81.11 | cpu  99448980 1431676 26538779 3178606180 62891 0 221760 0 0 0
1791056632 2985, 13801, 47, 0x0000000000000000 | 121.06 115.56 81.11 | cpu  99458933 1436451 26539745 3178619041 62891 0 221791 0 0 0
1791056633 2985, 13801, 47, 0x0000000000000000 | 121.06 115.56 81.11 | cpu  99470283 1441713 26540574 3178632065 62891 0 221812 0 0 0
1791056634 2985, 13801, 47, 0x0000000000000000 | 121.06 115.56 81.11 | cpu  99481384 1446979 26541346 3178645015 62891 0 221836 0 0 0
1791056635 2985, 13801, 46, 0x0000000000000000 | 132.99 118.13 82.12 | cpu  99492596 1452449 26542107 3178658228 62891 0 221868 0 0 0
1791056637 2985, 13801, 46, 0x0000000000000000 | 132.99 118.13 82.12 | cpu  99503394 1457805 26542821 3178671509 62891 0 221898 0 0 0
1791056638 2977, 13801, 55, 0x0000000000000004 | 132.99 118.13 82.12 | cpu  99515123 1463787 26543808 3178686747 62891 0 221937 0 0 0
1791056639 2970, 13801, 48, 0x0000000000000000 | 132.99 118.13 82.12 | cpu  99525630 1469222 26544490 3178700571 62891 0 221959 0 0 0
1791056640 2985, 13801, 47, 0x0000000000000000 | 137.88 119.39 82.72 | cpu  99536373 1474573 26545264 3178714024 62891 0 221987 0 0 0
1791056641 2985, 13801, 47, 0x0000000000000000 | 137.88 119.39 82.72 | cpu  99546536 1479717 26546024 3178726881 62891 0 222009 0 0 0
1791056643 2985, 13801, 51, 0x0000000000000004 | 137.88 119.39 82.72 | cpu  99557455 1484986 26546644 3178739458 62891 0 222032 0 0 0
1791056644 2572, 13801, 46, 0x0000000000000000 | 137.88 119.39 82.72 | cpu  99567615 1490281 26547209 3178752536 62891 0 222048 0 0 0
1791056645 2985, 13801, 46, 0x0000000000000004 | 142.37 120.63 83.32 | cpu  99578168 1495826 26547823 3178766198 62891 0 222066 0 0 0
1791056646 2977, 13801, 60, 0x0000000000000004 | 142.37 120.63 83.32 | cpu  99588882 1501141 26548366 3178778562 62891 0 222084 0 0 0
1791056647 2985, 13801, 47, 0x0000000000000000 | 142.37 120.63 83.32 | cpu  99599846 1506720 26548923 3178791926 62891 0 222101 0 0 0
1791056648 2902, 13801, 49, 0x0000000000000000 | 142.37 120.63 83.32 | cpu  99610481 1511974 26549524 3178804615 62891 0 222122 0 0 0
1791056650 2985, 13801, 47, 0x0000000000000000 | 142.37 120.63 83.32 | cpu  99620724 1517258 26550039 3178817553 62891 0 222142 0 0 0
1791056651 2977, 13801, 48, 0x0000000000000000 | 156.91 124.00 84.61 | cpu  99632198 1522643 26550571 3178829689 62891 0 222167 0 0 0
1791056652 2985, 13801, 47, 0x0000000000000000 | 156.91 124.00 84.61 | cpu  99642476 1527853 26551130 3178842669 62891 0 222188 0 0 0
1791056653 2985, 13801, 48, 0x0000000000000004 | 156.91 124.00 84.61 | cpu  99652928 1533175 26551884 3178856295 62891 0 222204 0 0 0
1791056654 2887, 13801, 47, 0x0000000000000000 | 156.91 124.00 84.61 | cpu  99663476 1538302 26552606 3178869155 62891 0 222221 0 0 0
1791056655 2962, 13801, 49, 0x0000000000000000 | 159.48 125.08 85.17 | cpu  99675035 1543947 26553208 3178882798 62891 0 222239 0 0 0
1791056656 2985, 13801, 47, 0x0000000000000000 | 159.48 125.08 85.17 | cpu  99685187 1549102 26553790 3178895572 62891 0 222262 0 0 0
1791056658 2985, 13801, 47, 0x0000000000000000 | 159.48 125.08 85.17 | cpu  99696044 1554624 26554440 3178909133 62891 0 222276 0 0 0
1791056659 2985, 13801, 47, 0x0000000000000000 | 159.48 125.08 85.17 | cpu  99706358 1559934 26555034 3178922317 62891 0 222296 0 0 0
1791056660 2895, 13801, 49, 0x0000000000000000 | 172.02 128.25 86.41 | cpu  99717756 1565644 26555649 3178936114 62891 0 222326 0 0 0
1791056661 2947, 13801, 55, 0x0000000000000000 | 172.02 128.25 86.41 | cpu  99728545 1571110 26556356 3178949834 62891 0 222344 0 0 0
1791056662 2940, 13801, 49, 0x0000000000000000 | 172.02 128.25 86.41 | cpu  99739558 1576541 26557065 3178963542 62891 0 222360 0 0 0
1791056664 2985, 13801, 47, 0x0000000000000000 | 172.02 128.25 86.41 | cpu  99749918 1581849 26557775 3178976903 62891 0 222380 0 0 0
1791056665 2985, 13801, 47, 0x0000000000000000 | 183.63 131.39 87.65 | cpu  99760348 1587181 26558364 3178990360 62891 0 222396 0 0 0
1791056666 2985, 13801, 47, 0x0000000000000000 | 183.63 131.39 87.65 | cpu  99771079 1592451 26558980 3179003135 62891 0 222414 0 0 0
1791056667 2985, 13801, 52, 0x0000000000000004 | 183.63 131.39 87.65 | cpu  99781224 1597582 26559639 3179015861 62891 0 222428 0 0 0
1791056668 2985, 13801, 47, 0x0000000000000000 | 183.63 131.39 87.65 | cpu  99791821 1602983 26560362 3179029548 62891 0 222448 0 0 0
1791056670 2985, 13801, 49, 0x0000000000000004 | 183.63 131.39 87.65 | cpu  99803003 1608656 26561201 3179043651 62893 0 222465 0 0 0
1791056671 2985, 13801, 47, 0x0000000000000000 | 194.07 134.42 88.87 | cpu  99814036 1613962 26561904 3179056183 62896 0 222482 0 0 0
1791056672 2985, 13801, 48, 0x0000000000000000 | 194.07 134.42 88.87 | cpu  99825038 1619348 26562535 3179069153 62896 0 222496 0 0 0
1791056673 2985, 13801, 47, 0x0000000000000000 | 194.07 134.42 88.87 | cpu  99836652 1625172 26563174 3179083550 62896 0 222520 0 0 0
1791056674 2985, 13801, 48, 0x0000000000000000 | 194.07 134.42 88.87 | cpu  99846933 1630291 26563869 3179096477 62896 0 222548 0 0 0
1791056675 2985, 13801, 47, 0x0000000000000000 | 196.22 135.85 89.58 | cpu  99857840 1635524 26564653 3179109592 62896 0 222570 0 0 0
1791056677 2985, 13801, 48, 0x0000000000000000 | 196.22 135.85 89.58 | cpu  99868209 1640832 26565438 3179123459 62896 0 222588 0 0 0
1791056678 2985, 13801, 48, 0x0000000000000000 | 196.22 135.85 89.58 | cpu  99879523 1646172 26566241 3179136913 62896 0 222610 0 0 0
1791056679 2985, 13801, 48, 0x0000000000000000 | 196.22 135.85 89.58 | cpu  99890100 1651080 26566976 3179150095 62896 0 222625 0 0 0
1791056680 2985, 13801, 47, 0x0000000000000000 | 195.65 136.74 90.11 | cpu  99901342 1654245 26567486 3179166478 62896 0 222636 0 0 0
1791056681 2962, 13801, 51, 0x0000000000000000 | 195.65 136.74 90.11 | cpu  99912348 1657064 26567889 3179182986 62896 0 222647 0 0 0
1791056683 2985, 13801, 47, 0x0000000000000000 | 195.65 136.74 90.11 | cpu  99922988 1659722 26568244 3179198356 62896 0 222662 0 0 0
1791056684 2595, 13801, 46, 0x0000000000000000 | 195.65 136.74 90.11 | cpu  99933604 1662446 26568666 3179214491 62896 0 222677 0 0 0
1791056685 2572, 13801, 46, 0x0000000000000000 | 185.90 135.70 90.03 | cpu  99944061 1665053 26569018 3179229853 62896 0 222691 0 0 0
1791056686 2572, 13801, 46, 0x0000000000000000 | 185.90 135.70 90.03 | cpu  99955001 1667696 26569470 3179246472 62896 0 222703 0 0 0
1791056687 2572, 13801, 46, 0x0000000000000000 | 185.90 135.70 90.03 | cpu  99965298 1670096 26569861 3179262119 62896 0 222714 0 0 0
1791056688 2572, 13801, 46, 0x0000000000000000 | 185.90 135.70 90.03 | cpu  99979140 1673041 26570328 3179282809 62896 0 222740 0 0 0
1791056690 2572, 13801, 48, 0x0000000000000000 | 172.86 133.82 89.66 | cpu  99989374 1675092 26570802 3179298428 62896 0 222759 0 0 0
1791056691 2625, 13801, 46, 0x0000000000000000 | 172.86 133.82 89.66 | cpu  100000269 1677169 26571228 3179315212 62896 0 222780 0 0 0
1791056692 2572, 13801, 46, 0x0000000000000000 | 172.86 133.82 89.66 | cpu  100010566 1678923 26571611 3179331043 62896 0 222813 0 0 0
1791056693 2572, 13801, 45, 0x0000000000000000 | 172.86 133.82 89.66 | cpu  100022438 1680855 26572011 3179348859 62896 0 222828 0 0 0
1791056695 2572, 13801, 45, 0x0000000000000000 | 172.86 133.82 89.66 | cpu  100033630 1682506 26572421 3179366303 62896 0 222849 0 0 0
1791056696 2572, 13801, 45, 0x0000000000000000 | 160.22 131.85 89.26 | cpu  100044286 1683756 26572744 3179383421 62896 0 222870 0 0 0
1791056697 2625, 13801, 46, 0x0000000000000000 | 160.22 131.85 89.26 | cpu  100055866 1684828 26573107 3179401041 62896 0 222885 0 0 0
1791056698 2572, 13801, 45, 0x0000000000000000 | 160.22 131.85 89.26 | cpu  100066407 1685729 26573502 3179417371 62896 0 222899 0 0 0
1791056699 2572, 13801, 48, 0x0000000000000000 | 160.22 131.85 89.26 | cpu  100077925 1686660 26573866 3179434863 62896 0 222921 0 0 0
1791056700 2955, 13801, 52, 0x0000000000000000 | 148.27 129.84 88.84 | cpu  100089443 1687548 26574225 3179452866 62896 0 222939 0 0 0
1791056702 2970, 13801, 52, 0x0000000000000000 | 148.27 129.84 88.84 | cpu  100100542 1688344 26574706 3179470561 62896 0 222964 0 0 0
1791056703 2955, 13801, 52, 0x0000000000000000 | 148.27 129.84 88.84 | cpu  100111550 1688844 26575160 3179487865 62896 0 222988 0 0 0
1791056704 2955, 13801, 53, 0x0000000000000000 | 148.27 129.84 88.84 | cpu  100121773 1689268 26575466 3179505214 62896 0 223003 0 0 0
1791056705 2955, 13801, 52, 0x0000000000000000 | 136.96 127.81 88.40 | cpu  100132288 1689689 26575775 3179525145 62896 0 223022 0 0 0
1791056706 2947, 13801, 52, 0x0000000000000000 | 136.96 127.81 88.40 | cpu  100141401 1690014 26576038 3179544166 62896 0 223037 0 0 0
1791056707 2962, 13801, 53, 0x0000000000000000 | 136.96 127.81 88.40 | cpu  100150460 1690323 26576306 3179562805 62896 0 223053 0 0 0
1791056708 2970, 13801, 52, 0x0000000000000000 | 136.96 127.81 88.40 | cpu  100160927 1690572 26576605 3179583504 62896 0 223070 0 0 0
1791056710 2947, 13801, 53, 0x0000000000000000 | 136.96 127.81 88.40 | cpu  100170792 1690797 26576901 3179603414 62896 0 223084 0 0 0
1791056711 2962, 13801, 52, 0x0000000000000000 | 126.31 125.75 87.95 | cpu  100180807 1690911 26577130 3179623520 62896 0 223092 0 0 0
1791056712 2940, 13801, 53, 0x0000000000000000 | 126.31 125.75 87.95 | cpu  100190108 1691009 26577422 3179643956 62896 0 223104 0 0 0
1791056713 2955, 13801, 53, 0x0000000000000000 | 126.31 125.75 87.95 | cpu  100200151 1691016 26577873 3179663503 62896 0 223115 0 0 0
1791056714 2932, 13801, 54, 0x0000000000000000 | 126.31 125.75 87.95 | cpu  100209127 1691054 26578280 3179682609 62896 0 223127 0 0 0
1791056716 2977, 13801, 49, 0x0000000000000000 | 116.43 123.71 87.49 | cpu  100218029 1691093 26578680 3179702492 62896 0 223141 0 0 0
1791056717 2962, 13801, 48, 0x0000000000000000 | 116.43 123.71 87.49 | cpu  100227949 1691093 26579053 3179724717 62896 0 223150 0 0 0
1791056718 2700, 13801, 47, 0x0000000000000000 | 116.43 123.71 87.49 | cpu  100236926 1691093 26579441 3179743975 62896 0 223160 0 0 0
1791056719 2962, 13801, 53, 0x0000000000000000 | 116.43 123.71 87.49 | cpu  100247116 1691093 26579833 3179764410 62896 0 223177 0 0 0
1791056721 2985, 13801, 49, 0x0000000000000000 | 107.83 121.81 87.07 | cpu  100261838 1691093 26580616 3179795875 62896 0 223203 0 0 0
1791056722 2572, 13801, 47, 0x0000000000000000 | 107.83 121.81 87.07 | cpu  100275939 1691093 26581791 3179825974 62896 0 223229 0 0 0
1791056724 2610, 13801, 53, 0x0000000000000000 | 107.83 121.81 87.07 | cpu  100284827 1691093 26582350 3179845994 62896 0 223241 0 0 0
1791056725 2985, 13801, 48, 0x0000000000000000 | 99.60 119.87 86.63 | cpu  100293675 1691093 26582745 3179865371 62896 0 223259 0 0 0
1791056726 2797, 13801, 47, 0x0000000000000000 | 99.60 119.87 86.63 | cpu  100303013 1691093 26583262 3179885218 62896 0 223276 0 0 0
1791056727 2580, 13801, 46, 0x0000000000000000 | 99.60 119.87 86.63 | cpu  100314848 1691093 26583738 3179910761 62896 0 223293 0 0 0
1791056729 2572, 13801, 46, 0x0000000000000000 | 99.60 119.87 86.63 | cpu  100323776 1691093 26584274 3179929907 62896 0 223305 0 0 0
1791056730 2572, 13801, 46, 0x0000000000000000 | 96.27 118.84 86.48 | cpu  100333618 1691093 26584817 3179950963 62896 0 223317 0 0 0
1791056731 2985, 13801, 47, 0x0000000000000000 | 96.27 118.84 86.48 | cpu  100344513 1691093 26585317 3179974231 62896 0 223328 0 0 0
1791056733 2572, 13801, 46, 0x0000000000000000 | 96.27 118.84 86.48 | cpu  100353533 1691093 26585852 3179994500 62896 0 223341 0 0 0
1791056734 2572, 13801, 46, 0x0000000000000000 | 96.27 118.84 86.48 | cpu  100362787 1691093 26586287 3180013591 62896 0 223352 0 0 0
1791056735 2580, 13801, 46, 0x0000000000000000 | 98.97 119.03 86.71 | cpu  100371284 1691093 26586784 3180033109 62896 0 223366 0 0 0
1791056736 2572, 13801, 46, 0x0000000000000000 | 98.97 119.03 86.71 | cpu  100380485 1691093 26587242 3180053504 62896 0 223381 0 0 0
1791056737 2947, 13801, 54, 0x0000000000000000 | 98.97 119.03 86.71 | cpu  100389666 1691093 26587748 3180073716 62896 0 223397 0 0 0
1791056738 2947, 13801, 54, 0x0000000000000000 | 98.97 119.03 86.71 | cpu  100398327 1691093 26588275 3180093915 62896 0 223418 0 0 0
1791056739 2932, 13801, 55, 0x0000000000000000 | 98.97 119.03 86.71 | cpu  100406211 1691093 26588710 3180113520 62896 0 223435 0 0 0
1791056741 2962, 13801, 50, 0x0000000000000000 | 94.40 117.75 86.47 | cpu  100415882 1691094 26589203 3180139781 62896 0 223445 0 0 0
1791056742 2985, 13801, 49, 0x0000000000000000 | 94.40 117.75 86.47 | cpu  100423018 1691094 26589581 3180161222 62896 0 223451 0 0 0
1791056743 2632, 13801, 50, 0x0000000000000000 | 94.40 117.75 86.47 | cpu  100429508 1691094 26590048 3180182266 62896 0 223462 0 0 0
1791056744 2812, 13801, 51, 0x0000000000000000 | 94.40 117.75 86.47 | cpu  100435964 1691094 26590331 3180206108 62896 0 223472 0 0 0
1791056745 2940, 13801, 54, 0x0000000000000000 | 96.37 117.77 86.64 | cpu  100441842 1691094 26590607 3180228040 62896 0 223475 0 0 0
1791056746 2932, 13801, 54, 0x0000000000000000 | 96.37 117.77 86.64 | cpu  100447548 1691094 26590801 3180249856 62896 0 223481 0 0 0
1791056748 2932, 13801, 51, 0x0000000000000000 | 96.37 117.77 86.64 | cpu  100452561 1691094 26590989 3180272777 62896 0 223488 0 0 0
1791056749 2932, 13801, 56, 0x0000000000000000 | 96.37 117.77 86.64 | cpu  100457885 1691094 26591256 3180295560 62896 0 223499 0 0 0
1791056750 2940, 13801, 56, 0x0000000000000000 | 89.70 116.03 86.25 | cpu  100463113 1691094 26591465 3180318507 62896 0 223507 0 0 0
1791056751 2940, 13801, 52, 0x0000000000000000 | 89.70 116.03 86.25 | cpu  100468209 1691094 26591716 3180343407 62896 0 223515 0 0 0
1791056752 2985, 13801, 50, 0x0000000000000000 | 89.70 116.03 86.25 | cpu  100472968 1691094 26591930 3180366794 62896 0 223525 0 0 0
1791056753 2985, 13801, 50, 0x0000000000000000 | 89.70 116.03 86.25 | cpu  100477899 1691094 26592128 3180390512 62896 0 223531 0 0 0
1791056754 2940, 13801, 56, 0x0000000000000000 | 89.70 116.03 86.25 | cpu  100482352 1691094 26592394 3180413541 62896 0 223543 0 0 0
1791056755 2940, 13801, 56, 0x0000000000000000 | 82.83 114.17 85.81 | cpu  100486752 1691094 26592506 3180437265 62896 0 223550 0 0 0
1791056757 2940, 13801, 56, 0x0000000000000000 | 82.83 114.17 85.81 | cpu  100491797 1691094 26592590 3180460830 62896 0 223558 0 0 0
1791056758 2925, 13801, 57, 0x0000000000000000 | 82.83 114.17 85.81 | cpu  100496542 1691094 26592700 3180484565 62896 0 223570 0 0 0
1791056759 2940, 13801, 54, 0x0000000000000000 | 82.83 114.17 85.81 | cpu  100501625 1691094 26592799 3180509221 62896 0 223591 0 0 0
1791056760 2947, 13801, 55, 0x0000000000000000 | 86.69 114.45 86.05 | cpu  100506640 1691094 26593038 3180532863 62896 0 223598 0 0 0
1791056761 2932, 13801, 57, 0x0000000000000000 | 86.69 114.45 86.05 | cpu  100511282 1691094 26593124 3180555922 62896 0 223600 0 0 0
1791056762 2947, 13801, 56, 0x0000000000000000 | 86.69 114.45 86.05 | cpu  100516378 1691094 26593206 3180579535 62896 0 223607 0 0 0
1791056763 2955, 13801, 55, 0x0000000000000000 | 86.69 114.45 86.05 | cpu  100521060 1691094 26593303 3180604050 62896 0 223613 0 0 0
1791056764 2932, 13801, 56, 0x0000000000000000 | 86.69 114.45 86.05 | cpu  100525711 1691094 26593352 3180627336 62896 0 223616 0 0 0
1791056766 2932, 13801, 56, 0x0000000000000000 | 80.07 112.61 85.61 | cpu  100530534 1691094 26593500 3180651213 62896 0 223618 0 0 0
1791056767 2955, 13801, 55, 0x0000000000000000 | 80.07 112.61 85.61 | cpu  100535446 1691094 26593576 3180675215 62896 0 223621 0 0 0
1791056768 2985, 13801, 56, 0x0000000000000000 | 80.07 112.61 85.61 | cpu  100540437 1691094 26593646 3180700147 62896 0 223623 0 0 0
1791056769 2940, 13801, 57, 0x0000000000000000 | 80.07 112.61 85.61 | cpu  100545348 1691094 26593700 3180724470 62896 0 223624 0 0 0
1791056770 2940, 13801, 58, 0x0000000000000000 | 73.98 110.81 85.17 | cpu  100550365 1691094 26593850 3180748492 62896 0 223628 0 0 0
1791056771 2932, 13801, 57, 0x0000000000000000 | 73.98 110.81 85.17 | cpu  100554960 1691094 26594119 3180771278 62896 0 223632 0 0 0
1791056772 2985, 13801, 51, 0x0000000000000000 | 73.98 110.81 85.17 | cpu  100560000 1691094 26594175 3180795917 62896 0 223633 0 0 0
1791056773 2932, 13801, 56, 0x0000000000000000 | 73.98 110.81 85.17 | cpu  100564732 1691094 26594239 3180820260 62896 0 223634 0 0 0
1791056775 2932, 13801, 61, 0x0000000000000000 | 73.98 110.81 85.17 | cpu  100569472 1691094 26594306 3180843756 62896 0 223637 0 0 0
1791056776 2940, 13801, 58, 0x0000000000000000 | 73.18 110.03 85.06 | cpu  100574725 1691094 26594367 3180866578 62896 0 223639 0 0 0
1791056777 2985, 13801, 52, 0x0000000000000000 | 73.18 110.03 85.06 | cpu  100579544 1691094 26594464 3180890217 62896 0 223640 0 0 0
1791056778 2940, 13801, 58, 0x0000000000000000 | 73.18 110.03 85.06 | cpu  100584578 1691094 26594528 3180914343 62896 0 223643 0 0 0
1791056779 2940, 13801, 58, 0x0000000000000000 | 73.18 110.03 85.06 | cpu  100589179 1691094 26594576 3180938735 62896 0 223644 0 0 0
1791056780 2985, 13801, 51, 0x0000000000000000 | 67.64 108.27 84.62 | cpu  100593915 1691094 26594626 3180961708 62896 0 223645 0 0 0
1791056781 2782, 13801, 50, 0x0000000000000000 | 67.64 108.27 84.62 | cpu  100598755 1691094 26594698 3180985655 62896 0 223647 0 0 0
1791056782 2745, 13801, 57, 0x0000000000000000 | 67.64 108.27 84.62 | cpu  100603489 1691094 26594804 3181009480 62896 0 223649 0 0 0
1791056784 2925, 13801, 57, 0x0000000000000000 | 67.64 108.27 84.62 | cpu  100608422 1691094 26594866 3181032745 62896 0 223650 0 0 0
1791056785 2940, 13801, 58, 0x0000000000000000 | 67.64 108.27 84.62 | cpu  100613058 1691094 26594940 3181056282 62896 0 223650 0 0 0
1791056786 2940, 13801, 57, 0x0000000000000000 | 62.62 106.56 84.19 | cpu  100617934 1691095 26595000 3181080195 62897 0 223651 0 0 0
1791056787 2977, 13801, 52, 0x0000000000000000 | 62.62 106.56 84.19 | cpu  100623038 1691095 26595182 3181104239 62897 0 223655 0 0 0
1791056788 2932, 13801, 58, 0x0000000000000000 | 62.62 106.56 84.19 | cpu  100627842 1691095 26595276 3181127216 62897 0 223658 0 0 0
1791056789 2940, 13801, 58, 0x0000000000000000 | 62.62 106.56 84.19 | cpu  100632557 1691095 26595325 3181151841 62897 0 223659 0 0 0
1791056790 2940, 13801, 59, 0x0000000000000000 | 57.85 104.84 83.76 | cpu  100637094 1691095 26595375 3181175134 62897 0 223660 0 0 0
1791056791 2985, 13801, 52, 0x0000000000000000 | 57.85 104.84 83.76 | cpu  100641706 1691095 26595440 3181198954 62897 0 223664 0 0 0
1791056792 2940, 13801, 59, 0x0000000000000000 | 57.85 104.84 83.76 | cpu  100646649 1691095 26595483 3181222239 62897 0 223666 0 0 0
1791056794 2977, 13801, 52, 0x0000000000000000 | 57.85 104.84 83.76 | cpu  100651638 1691095 26595592 3181245208 62897 0 223668 0 0 0
1791056795 2632, 13801, 51, 0x0000000000000000 | 57.85 104.84 83.76 | cpu  100656724 1691095 26595646 3181268578 62897 0 223670 0 0 0
1791056796 2572, 13801, 50, 0x0000000000000000 | 53.46 103.15 83.32 | cpu  100662005 1691095 26595695 3181291417 62897 0 223671 0 0 0
1791056797 2580, 13801, 50, 0x0000000000000000 | 53.46 103.15 83.32 | cpu  100667244 1691095 26595792 3181315358 62897 0 223674 0 0 0
1791056798 2932, 13801, 57, 0x0000000000000000 | 53.46 103.15 83.32 | cpu  100672474 1691095 26595939 3181339340 62897 0 223678 0 0 0
1791056799 2940, 13801, 58, 0x0000000000000000 | 53.46 103.15 83.32 | cpu  100677037 1691095 26596150 3181362261 62898 0 223688 0 0 0
1791056800 2947, 13801, 57, 0x0000000000000000 | 59.99 103.68 83.60 | cpu  100682070 1691095 26596324 3181385740 62898 0 223694 0 0 0
1791056801 2940, 13801, 59, 0x0000000000000000 | 59.99 103.68 83.60 | cpu  100687058 1691095 26596527 3181411103 62898 0 223696 0 0 0
1791056803 2940, 13801, 59, 0x0000000000000000 | 59.99 103.68 83.60 | cpu  100692058 1691095 26596701 3181434675 62898 0 223698 0 0 0
1791056804 2940, 13801, 58, 0x0000000000000000 | 59.99 103.68 83.60 | cpu  100696878 1691095 26596891 3181458843 62898 0 223701 0 0 0
1791056805 2977, 13801, 56, 0x0000000000000000 | 65.75 104.15 83.86 | cpu  100701758 1691096 26597141 3181482416 62898 0 223703 0 0 0
1791056806 2970, 13801, 53, 0x0000000000000000 | 65.75 104.15 83.86 | cpu  100706320 1691096 26597284 3181505830 62898 0 223706 0 0 0
1791056807 2985, 13801, 52, 0x0000000000000000 | 65.75 104.15 83.86 | cpu  100711208 1691096 26597338 3181529593 62898 0 223714 0 0 0
1791056808 2587, 13801, 50, 0x0000000000000000 | 65.75 104.15 83.86 | cpu  100715957 1691096 26597422 3181553241 62898 0 223716 0 0 0
1791056809 2587, 13801, 50, 0x0000000000000000 | 65.75 104.15 83.86 | cpu  100721322 1691096 26597481 3181575667 62898 0 223717 0 0 0
1791056810 2940, 13801, 59, 0x0000000000000000 | 60.81 102.48 83.43 | cpu  100726470 1691096 26597584 3181599286 62898 0 223718 0 0 0
1791056811 2932, 13801, 58, 0x0000000000000000 | 60.81 102.48 83.43 | cpu  100731143 1691096 26597635 3181622331 62898 0 223719 0 0 0
1791056813 2970, 13801, 52, 0x0000000000000000 | 60.81 102.48 83.43 | cpu  100735712 1691096 26597714 3181645702 62898 0 223731 0 0 0
1791056814 2962, 13801, 51, 0x0000000000000000 | 60.81 102.48 83.43 | cpu  100740315 1691096 26597782 3181669267 62898 0 223731 0 0 0
1791056815 2580, 13801, 50, 0x0000000000000000 | 60.81 102.48 83.43 | cpu  100744950 1691096 26597849 3181692221 62898 0 223734 0 0 0
1791056816 2572, 13801, 50, 0x0000000000000000 | 56.34 100.87 83.01 | cpu  100749928 1691096 26598072 3181715599 62898 0 223737 0 0 0
1791056817 2580, 13801, 50, 0x0000000000000000 | 56.34 100.87 83.01 | cpu  100755253 1691096 26598168 3181741483 62898 0 223742 0 0 0
1791056818 2985, 13801, 51, 0x0000000000000000 | 56.34 100.87 83.01 | cpu  100759987 1691096 26598306 3181765002 62898 0 223745 0 0 0
1791056819 2940, 13801, 56, 0x0000000000000000 | 56.34 100.87 83.01 | cpu  100764781 1691096 26598363 3181788483 62898 0 223747 0 0 0
1791056820 2940, 13801, 56, 0x0000000000000000 | 52.07 99.24 82.58 | cpu  100769628 1691096 26598424 3181813027 62898 0 223750 0 0 0
1791056822 2932, 13801, 58, 0x0000000000000000 | 52.07 99.24 82.58 | cpu  100774305 1691096 26598522 3181836442 62898 0 223752 0 0 0
1791056823 2940, 13801, 58, 0x0000000000000000 | 52.07 99.24 82.58 | cpu  100779295 1691096 26598583 3181860424 62898 0 223758 0 0 0
1791056824 2947, 13801, 56, 0x0000000000000000 | 52.07 99.24 82.58 | cpu  100784158 1691096 26598629 3181884468 62898 0 223764 0 0 0
1791056825 2932, 13801, 58, 0x0000000000000000 | 48.30 97.68 82.16 | cpu  100789114 1691096 26598758 3181908394 62898 0 223766 0 0 0
1791056826 2955, 13801, 57, 0x0000000000000000 | 48.30 97.68 82.16 | cpu  100794325 1691096 26599042 3181933763 62898 0 223771 0 0 0
1791056827 2955, 13801, 57, 0x0000000000000000 | 48.30 97.68 82.16 | cpu  100798632 1691096 26599216 3181957837 62898 0 223774 0 0 0
1791056828 2947, 13801, 59, 0x0000000000000000 | 48.30 97.68 82.16 | cpu  100803012 1691096 26599323 3181981182 62898 0 223777 0 0 0
1791056830 2940, 13801, 58, 0x0000000000000000 | 48.30 97.68 82.16 | cpu  100807632 1691096 26600462 3182004183 62898 0 223780 0 0 0
1791056831 2970, 13801, 52, 0x0000000000000000 | 44.75 96.12 81.74 | cpu  100812072 1691096 26600553 3182027889 62898 0 223784 0 0 0
1791056832 2940, 13801, 57, 0x0000000000000000 | 44.75 96.12 81.74 | cpu  100816868 1691096 26600682 3182052134 62898 0 223787 0 0 0
1791056833 2947, 13801, 57, 0x0000000000000000 | 44.75 96.12 81.74 | cpu  100821518 1691096 26600821 3182075286 62898 0 223789 0 0 0
1791056834 2985, 13801, 57, 0x0000000000000000 | 44.75 96.12 81.74 | cpu  100826491 1691096 26600872 3182098628 62898 0 223792 0 0 0
1791056835 2947, 13801, 58, 0x0000000000000000 | 41.57 94.61 81.33 | cpu  100831434 1691096 26600931 3182123161 62898 0 223794 0 0 0
1791056836 2985, 13801, 56, 0x0000000000000000 | 41.57 94.61 81.33 | cpu  100836230 1691096 26600995 3182147451 62898 0 223796 0 0 0
1791056837 2955, 13801, 58, 0x0000000000000000 | 41.57 94.61 81.33 | cpu  100841196 1691096 26601065 3182171652 62898 0 223797 0 0 0
1791056839 2940, 13801, 58, 0x0000000000000000 | 41.57 94.61 81.33 | cpu  100846152 1691096 26601165 3182195436 62899 0 223799 0 0 0
1791056840 2940, 13801, 59, 0x0000000000000000 | 41.57 94.61 81.33 | cpu  100850947 1691096 26601213 3182218872 62899 0 223801 0 0 0
1791056841 2947, 13801, 58, 0x0000000000000000 | 48.65 95.20 81.59 | cpu  100856054 1691096 26601270 3182243567 62899 0 223802 0 0 0
1791056842 2947, 13801, 58, 0x0000000000000000 | 48.65 95.20 81.59 | cpu  100860958 1691096 26601342 3182266899 62899 0 223803 0 0 0
1791056843 2932, 13801, 58, 0x0000000000000000 | 48.65 95.20 81.59 | cpu  100865645 1691096 26601392 3182290484 62899 0 223805 0 0 0
1791056844 2970, 13801, 53, 0x0000000000000000 | 48.65 95.20 81.59 | cpu  100870331 1691096 26601492 3182313821 62908 0 223808 0 0 0
1791056845 2932, 13801, 58, 0x0000000000000000 | 44.99 93.66 81.17 | cpu  100874984 1691096 26601542 3182337023 62908 0 223811 0 0 0
1791056846 2947, 13801, 59, 0x0000000000000000 | 44.99 93.66 81.17 | cpu  100880095 1691096 26601596 3182361213 62908 0 223814 0 0 0
1791056847 2947, 13801, 59, 0x0000000000000000 | 44.99 93.66 81.17 | cpu  100884998 1691096 26601644 3182384208 62908 0 223817 0 0 0
1791056849 2947, 13801, 59, 0x0000000000000000 | 44.99 93.66 81.17 | cpu  100889950 1691096 26601692 3182407443 62908 0 223820 0 0 0
1791056850 2932, 13801, 58, 0x0000000000000000 | 44.99 93.66 81.17 | cpu  100894911 1691096 26601821 3182431482 62908 0 223821 0 0 0
1791056851 2925, 13801, 58, 0x0000000000000000 | 41.71 92.18 80.76 | cpu  100899703 1691096 26601890 3182454011 62908 0 223823 0 0 0
1791056852 2932, 13801, 58, 0x0000000000000000 | 41.71 92.18 80.76 | cpu  100904753 1691096 26601940 3182477436 62908 0 223824 0 0 0
1791056853 2962, 13801, 53, 0x0000000000000000 | 41.71 92.18 80.76 | cpu  100909726 1691096 26601984 3182500737 62908 0 223827 0 0 0
1791056854 2947, 13801, 57, 0x0000000000000000 | 41.71 92.18 80.76 | cpu  100914617 1691096 26602035 3182524529 62908 0 223829 0 0 0
1791056855 2940, 13801, 60, 0x0000000000000000 | 38.69 90.71 80.34 | cpu  100919808 1691096 26602160 3182548682 62908 0 223831 0 0 0
1791056856 2932, 13801, 59, 0x0000000000000000 | 38.69 90.71 80.34 | cpu  100924466 1691096 26602195 3182572377 62908 0 223832 0 0 0
1791056857 2940, 13801, 59, 0x0000000000000000 | 38.69 90.71 80.34 | cpu  100929184 1691096 26602232 3182596010 62908 0 223834 0 0 0
1791056859 2955, 13801, 58, 0x0000000000000000 | 38.69 90.71 80.34 | cpu  100933624 1691096 26602308 3182619113 62908 0 223835 0 0 0
1791056860 2947, 13801, 58, 0x0000000000000000 | 38.69 90.71 80.34 | cpu  100938253 1691096 26602377 3182642238 62908 0 223836 0 0 0
1791056861 2940, 13801, 58, 0x0000000000000000 | 35.83 89.26 79.93 | cpu  100942846 1691096 26602469 3182665801 62908 0 223839 0 0 0
1791056862 2932, 13801, 58, 0x0000000000000000 | 35.83 89.26 79.93 | cpu  100947692 1691096 26602511 3182689566 62908 0 223840 0 0 0
1791056863 2940, 13801, 58, 0x0000000000000000 | 35.83 89.26 79.93 | cpu  100952246 1691096 26602551 3182713040 62908 0 223841 0 0 0
1791056864 2925, 13801, 60, 0x0000000000000000 | 35.83 89.26 79.93 | cpu  100956866 1691096 26602626 3182737112 62908 0 223843 0 0 0
1791056865 2932, 13801, 59, 0x0000000000000000 | 33.20 87.82 79.51 | cpu  100961589 1691096 26602674 3182761305 62908 0 223844 0 0 0
1791056866 2977, 13801, 53, 0x0000000000000000 | 33.20 87.82 79.51 | cpu  100966129 1691096 26602767 3182784375 62908 0 223847 0 0 0
1791056867 2790, 13801, 52, 0x0000000000000000 | 33.20 87.82 79.51 | cpu  100970766 1691096 26602806 3182807890 62908 0 223848 0 0 0
1791056869 2587, 13801, 51, 0x0000000000000000 | 33.20 87.82 79.51 | cpu  100975524 1691096 26602874 3182831353 62908 0 223848 0 0 0
1791056870 2602, 13801, 51, 0x0000000000000000 | 33.20 87.82 79.51 | cpu  100980172 1691096 26602927 3182854476 62908 0 223849 0 0 0
1791056871 2595, 13801, 51, 0x0000000000000000 | 30.78 86.41 79.10 | cpu  100984787 1691096 26602976 3182877927 62908 0 223850 0 0 0
1791056872 2617, 13801, 51, 0x0000000000000000 | 30.78 86.41 79.10 | cpu  100989427 1691096 26603071 3182902077 62909 0 223851 0 0 0
1791056873 2617, 13801, 51, 0x0000000000000000 | 30.78 86.41 79.10 | cpu  100994216 1691096 26603144 3182925303 62909 0 223852 0 0 0
1791056874 2587, 13801, 50, 0x0000000000000000 | 30.78 86.41 79.10 | cpu  100999539 1691096 26603275 3182951363 62909 0 223857 0 0 0
1791056875 2580, 13801, 50, 0x0000000000000000 | 38.81 87.16 79.38 | cpu  101004591 1691096 26603447 3182975820 62912 0 223859 0 0 0
1791056877 2940, 13801, 58, 0x0000000000000000 | 38.81 87.16 79.38 | cpu  101009574 1691096 26603743 3183000491 62912 0 223863 0 0 0
1791056878 2947, 13801, 58, 0x0000000000000000 | 38.81 87.16 79.38 | cpu  101014740 1691096 26603899 3183023847 62912 0 223872 0 0 0
1791056879 2940, 13801, 57, 0x0000000000000000 | 38.81 87.16 79.38 | cpu  101019673 1691096 26603974 3183048702 62912 0 223876 0 0 0
1791056880 2940, 13801, 57, 0x0000000000000000 | 36.10 85.79 78.98 | cpu  101024567 1691096 26604128 3183073648 62912 0 223881 0 0 0
1791056881 2940, 13801, 57, 0x0000000000000000 | 36.10 85.79 78.98 | cpu  101029255 1691096 26605130 3183096960 62912 0 223883 0 0 0
1791056882 2940, 13801, 59, 0x0000000000000000 | 36.10 85.79 78.98 | cpu  101033942 1691096 26605265 3183120769 62912 0 223886 0 0 0
1791056883 2970, 13801, 57, 0x0000000000000000 | 36.10 85.79 78.98 | cpu  101038850 1691096 26605427 3183144600 62912 0 223890 0 0 0
1791056884 2940, 13801, 58, 0x0000000000000000 | 36.10 85.79 78.98 | cpu  101043174 1691096 26605470 3183168385 62912 0 223893 0 0 0
1791056886 2940, 13801, 59, 0x0000000000000000 | 43.62 86.53 79.26 | cpu  101048070 1691096 26605530 3183191726 62912 0 223898 0 0 0
1791056887 2932, 13801, 58, 0x0000000000000000 | 43.62 86.53 79.26 | cpu  101052584 1691096 26605565 3183214785 62912 0 223900 0 0 0
1791056888 2932, 13801, 57, 0x0000000000000000 | 43.62 86.53 79.26 | cpu  101057268 1691096 26605627 3183238170 62912 0 223900 0 0 0
1791056889 2925, 13801, 59, 0x0000000000000000 | 43.62 86.53 79.26 | cpu  101062466 1691096 26605736 3183262065 62912 0 223905 0 0 0
1791056890 2925, 13801, 58, 0x0000000000000000 | 40.53 85.17 78.86 | cpu  101067268 1691096 26605786 3183285309 62912 0 223908 0 0 0
1791056891 2932, 13801, 61, 0x0000000000000000 | 40.53 85.17 78.86 | cpu  101071760 1691096 26605831 3183308540 62913 0 223912 0 0 0
1791056892 2940, 13801, 58, 0x0000000000000000 | 40.53 85.17 78.86 | cpu  101076356 1691096 26605893 3183332901 62913 0 223914 0 0 0
1791056893 2940, 13801, 58, 0x0000000000000000 | 40.53 85.17 78.86 | cpu  101081117 1691096 26606007 3183356640 62913 0 223919 0 0 0
1791056894 2940, 13801, 58, 0x0000000000000000 | 40.53 85.17 78.86 | cpu  101085800 1691096 26606103 3183380877 62913 0 223920 0 0 0
1791056896 2947, 13801, 57, 0x0000000000000000 | 47.69 85.92 79.13 | cpu  101090452 1691096 26606153 3183404557 62913 0 223923 0 0 0
1791056897 2947, 13801, 57, 0x0000000000000000 | 47.69 85.92 79.13 | cpu  101095088 1691096 26606194 3183428752 62913 0 223924 0 0 0
1791056898 2940, 13801, 59, 0x0000000000000000 | 47.69 85.92 79.13 | cpu  101099758 1691096 26606269 3183452802 62913 0 223928 0 0 0
1791056899 2940, 13801, 58, 0x0000000000000000 | 47.69 85.92 79.13 | cpu  101104704 1691096 26606410 3183476977 62913 0 223930 0 0 0
1791056900 2955, 13801, 57, 0x0000000000000000 | 44.19 84.56 78.73 | cpu  101109339 1691096 26606502 3183500569 62913 0 223932 0 0 0
1791056901 2940, 13801, 59, 0x0000000000000000 | 44.19 84.56 78.73 | cpu  101113722 1691096 26606580 3183523805 62913 0 223933 0 0 0
1791056902 2947, 13801, 59, 0x0000000000000000 | 44.19 84.56 78.73 | cpu  101118460 1691096 26606634 3183547374 62913 0 223936 0 0 0
1791056903 2947, 13801, 61, 0x0000000000000000 | 44.19 84.56 78.73 | cpu  101123022 1691096 26606672 3183570769 62913 0 223937 0 0 0
1791056904 2932, 13801, 59, 0x0000000000000000 | 44.19 84.56 78.73 | cpu  101127735 1691096 26606707 3183593853 62913 0 223938 0 0 0
1791056906 2955, 13801, 58, 0x0000000000000000 | 41.06 83.24 78.33 | cpu  101133112 1691096 26606805 3183616739 62913 0 223940 0 0 0
1791056907 2977, 13801, 53, 0x0000000000000000 | 41.06 83.24 78.33 | cpu  101138208 1691096 26606860 3183640846 62913 0 223940 0 0 0
1791056908 2955, 13801, 58, 0x0000000000000000 | 41.06 83.24 78.33 | cpu  101143397 1691096 26606905 3183663929 62913 0 223941 0 0 0
1791056909 2955, 13801, 57, 0x0000000000000000 | 41.06 83.24 78.33 | cpu  101148673 1691096 26606954 3183686465 62913 0 223952 0 0 0
1791056910 2955, 13801, 58, 0x0000000000000000 | 38.01 81.90 77.93 | cpu  101154134 1691096 26607006 3183709369 62913 0 223961 0 0 0
1791056911 2977, 13801, 53, 0x0000000000000000 | 38.01 81.90 77.93 | cpu  101159544 1691096 26607164 3183731992 62913 0 223964 0 0 0
1791056912 2940, 13801, 60, 0x0000000000000000 | 38.01 81.90 77.93 | cpu  101165234 1691096 26607235 3183754906 62913 0 223967 0 0 0
1791056913 2940, 13801, 57, 0x0000000000000000 | 38.01 81.90 77.93 | cpu  101170687 1691096 26607279 3183777444 62913 0 223969 0 0 0
1791056914 2985, 13801, 55, 0x0000000000000000 | 38.01 81.90 77.93 | cpu  101176419 1691097 26607477 3183800180 62913 0 223975 0 0 0
1791056916 2970, 13801, 52, 0x0000000000000000 | 45.53 82.73 78.22 | cpu  101181952 1691097 26607536 3183823190 62913 0 223984 0 0 0
1791056917 2655, 13801, 51, 0x0000000000000000 | 45.53 82.73 78.22 | cpu  101187260 1691097 26607628 3183844909 62913 0 223993 0 0 0
1791056918 2985, 13801, 57, 0x0000000000000000 | 45.53 82.73 78.22 | cpu  101192768 1691097 26607700 3183868111 62913 0 224000 0 0 0
1791056919 2985, 13801, 51, 0x0000000000000000 | 45.53 82.73 78.22 | cpu  101198339 1691097 26607773 3183891073 62914 0 224008 0 0 0
1791056920 2947, 13801, 53, 0x0000000000000000 | 50.54 83.15 78.38 | cpu  101203639 1691097 26607849 3183913850 62914 0 224014 0 0 0
1791056921 2947, 13801, 58, 0x0000000000000000 | 50.54 83.15 78.38 | cpu  101209149 1691097 26607912 3183936831 62914 0 224026 0 0 0
1791056922 2947, 13801, 53, 0x0000000000000000 | 50.54 83.15 78.38 | cpu  101214710 1691097 26608012 3183961172 62914 0 224036 0 0 0
1791056923 2977, 13801, 54, 0x0000000000000000 | 50.54 83.15 78.38 | cpu  101220074 1691097 26608091 3183983310 62914 0 224046 0 0 0
1791056924 2947, 13801, 54, 0x0000000000000000 | 50.54 83.15 78.38 | cpu  101225757 1691097 26608166 3184007229 62914 0 224057 0 0 0
1791056926 2962, 13801, 52, 0x0000000000000000 | 54.34 83.40 78.48 | cpu  101231070 1691097 26608240 3184029163 62914 0 224068 0 0 0
1791056927 2932, 13801, 58, 0x0000000000000000 | 54.34 83.40 78.48 | cpu  101236590 1691097 26608346 3184052348 62914 0 224077 0 0 0
1791056928 2947, 13801, 57, 0x0000000000000000 | 54.34 83.40 78.48 | cpu  101242037 1691097 26608451 3184075648 62914 0 224090 0 0 0
1791056929 2985, 13801, 52, 0x0000000000000000 | 54.34 83.40 78.48 | cpu  101247384 1691097 26608529 3184097952 62914 0 224100 0 0 0
1791056930 2985, 13801, 51, 0x0000000000000000 | 60.48 84.19 78.77 | cpu  101252916 1691097 26608594 3184120847 62914 0 224110 0 0 0
1791056931 2580, 13801, 50, 0x0000000000000000 | 60.48 84.19 78.77 | cpu  101258769 1691097 26608659 3184144508 62914 0 224115 0 0 0
1791056932 2572, 13801, 49, 0x0000000000000000 | 60.48 84.19 78.77 | cpu  101264146 1691097 26608702 3184167204 62914 0 224120 0 0 0
1791056933 2677, 13801, 53, 0x0000000000000000 | 60.48 84.19 78.77 | cpu  101269518 1691097 26608771 3184189581 62914 0 224123 0 0 0
1791056934 2947, 13801, 57, 0x0000000000000000 | 60.48 84.19 78.77 | cpu  101274632 1691097 26608856 3184212539 62914 0 224125 0 0 0
1791056936 2955, 13801, 55, 0x0000000000000000 | 55.95 82.86 78.36 | cpu  101280089 1691097 26608937 3184235799 62915 0 224126 0 0 0
1791056937 2932, 13801, 58, 0x0000000000000000 | 55.95 82.86 78.36 | cpu  101285870 1691097 26609102 3184258827 62915 0 224141 0 0 0
1791056938 2947, 13801, 56, 0x0000000000000000 | 55.95 82.86 78.36 | cpu  101291538 1691097 26609358 3184281230 62915 0 224169 0 0 0
1791056939 2947, 13801, 57, 0x0000000000000000 | 55.95 82.86 78.36 | cpu  101297417 1691097 26609654 3184305291 62915 0 224181 0 0 0
1791056940 2925, 13801, 60, 0x0000000000000000 | 51.95 81.58 77.97 | cpu  101303326 1691097 26609823 3184328434 62915 0 224194 0 0 0
1791056941 2932, 13801, 59, 0x0000000000000000 | 51.95 81.58 77.97 | cpu  101309353 1691097 26609986 3184351177 62915 0 224207 0 0 0
1791056942 2940, 13801, 58, 0x0000000000000000 | 51.95 81.58 77.97 | cpu  101315700 1691097 26610138 3184375293 62915 0 224232 0 0 0
1791056944 2932, 13801, 57, 0x0000000000000000 | 51.95 81.58 77.97 | cpu  101321748 1691097 26610285 3184398521 62915 0 224252 0 0 0
1791056945 2947, 13801, 57, 0x0000000000000000 | 51.95 81.58 77.97 | cpu  101327287 1691097 26610520 3184420818 62915 0 224278 0 0 0
1791056946 2940, 13801, 57, 0x0000000000000000 | 48.19 80.31 77.58 | cpu  101333132 1691097 26610661 3184444097 62915 0 224294 0 0 0
1791056947 2955, 13801, 52, 0x0000000000000000 | 48.19 80.31 77.58 | cpu  101339043 1691097 26610771 3184466965 62915 0 224310 0 0 0
1791056948 2947, 13801, 56, 0x0000000000000000 | 48.19 80.31 77.58 | cpu  101344847 1691097 26610880 3184489671 62915 0 224322 0 0 0
1791056949 2940, 13801, 57, 0x0000000000000000 | 48.19 80.31 77.58 | cpu  101350457 1691097 26611002 3184512196 62915 0 224340 0 0 0
1791056950 2940, 13801, 59, 0x0000000000000000 | 48.50 79.84 77.44 | cpu  101355225 1691097 26611937 3184531036 65332 0 224344 0 0 0
1791056952 2932, 13801, 59, 0x0000000000000000 | 48.50 79.84 77.44 | cpu  101360972 1691097 26612832 3184553049 66746 0 224350 0 0 0
1791056953 2932, 13801, 58, 0x0000000000000000 | 48.50 79.84 77.44 | cpu  101366053 1691097 26613371 3184576195 67092 0 224354 0 0 0
1791056954 2940, 13801, 57, 0x0000000000000000 | 48.50 79.84 77.44 | cpu  101371655 1691097 26613615 3184599273 67114 0 224363 0 0 0
1791056955 2932, 13801, 59, 0x0000000000000000 | 53.50 80.36 77.63 | cpu  101377208 1691097 26613825 3184620978 67144 0 224366 0 0 0
1791056956 2925, 13801, 59, 0x0000000000000000 | 53.50 80.36 77.63 | cpu  101382723 1691097 26614045 3184644119 67158 0 224370 0 0 0
1791056957 2940, 13801, 59, 0x0000000000000000 | 53.50 80.36 77.63 | cpu  101388400 1691097 26614119 3184666681 67158 0 224373 0 0 0
1791056958 2932, 13801, 59, 0x0000000000000000 | 53.50 80.36 77.63 | cpu  101393956 1691097 26614179 3184689773 67158 0 224375 0 0 0
1791056959 2932, 13801, 59, 0x0000000000000000 | 53.50 80.36 77.63 | cpu  101399416 1691097 26614226 3184712937 67158 0 224379 0 0 0
1791056961 2947, 13801, 57, 0x0000000000000000 | 52.98 79.81 77.46 | cpu  101405208 1691097 26614283 3184736810 67158 0 224382 0 0 0
1791056962 2932, 13801, 59, 0x0000000000000000 | 52.98 79.81 77.46 | cpu  101410754 1691097 26614390 3184759447 67158 0 224385 0 0 0
1791056963 2940, 13801, 58, 0x0000000000000000 | 52.98 79.81 77.46 | cpu  101415810 1691097 26614519 3184782023 67158 0 224393 0 0 0
1791056964 2955, 13801, 59, 0x0000000000000000 | 52.98 79.81 77.46 | cpu  101421492 1691097 26614609 3184805843 67158 0 224400 0 0 0
1791056965 2932, 13801, 58, 0x0000000000000000 | 49.06 78.55 77.07 | cpu  101426700 1691097 26614734 3184827812 67158 0 224400 0 0 0
1791056966 2940, 13801, 58, 0x0000000000000000 | 49.06 78.55 77.07 | cpu  101431953 1691097 26614879 3184851142 67158 0 224402 0 0 0
1791056967 2932, 13801, 59, 0x0000000000000000 | 49.06 78.55 77.07 | cpu  101437338 1691097 26615060 3184875622 67159 0 224407 0 0 0
1791056968 2932, 13801, 59, 0x0000000000000000 | 49.06 78.55 77.07 | cpu  101443302 1691097 26615217 3184899135 67159 0 224412 0 0 0
1791056970 2947, 13801, 58, 0x0000000000000000 | 49.06 78.55 77.07 | cpu  101449044 1691097 26615364 3184923235 67160 0 224418 0 0 0
1791056971 2932, 13801, 59, 0x0000000000000000 | 55.70 79.43 77.36 | cpu  101454050 1691097 26615543 3184947101 67164 0 224428 0 0 0
1791056972 2940, 13801, 58, 0x0000000000000000 | 55.70 79.43 77.36 | cpu  101459847 1691097 26615696 3184971610 67164 0 224432 0 0 0
1791056973 2940, 13801, 58, 0x0000000000000000 | 55.70 79.43 77.36 | cpu  101465123 1691097 26615894 3184995183 67165 0 224436 0 0 0
1791056974 2970, 13801, 56, 0x0000000000000000 | 55.70 79.43 77.36 | cpu  101470150 1691097 26615996 3185018271 67165 0 224437 0 0 0
1791056975 2925, 13801, 59, 0x0000000000000000 | 51.72 78.22 76.98 | cpu  101475858 1691097 26616134 3185041587 67167 0 224458 0 0 0
1791056976 2947, 13801, 57, 0x0000000000000000 | 51.72 78.22 76.98 | cpu  101481398 1691097 26616184 3185064230 67167 0 224461 0 0 0
1791056978 2932, 13801, 60, 0x0000000000000000 | 51.72 78.22 76.98 | cpu  101487166 1691097 26616242 3185087977 67168 0 224464 0 0 0
1791056979 2940, 13801, 59, 0x0000000000000000 | 51.72 78.22 76.98 | cpu  101493148 1691097 26616406 3185109739 67212 0 224468 0 0 0
1791056980 2977, 13801, 55, 0x0000000000000000 | 51.72 78.22 76.98 | cpu  101497978 1691097 26616484 3185132490 67254 0 224470 0 0 0
1791056981 2977, 13801, 52, 0x0000000000000000 | 47.90 76.98 76.59 | cpu  101503474 1691097 26616579 3185154455 67258 0 224471 0 0 0
1791056982 2572, 13801, 51, 0x0000000000000000 | 47.90 76.98 76.59 | cpu  101509105 1691097 26616644 3185177439 67261 0 224473 0 0 0
1791056983 2572, 13801, 51, 0x0000000000000000 | 47.90 76.98 76.59 | cpu  101514614 1691097 26616698 3185199981 67264 0 224475 0 0 0
1791056984 2940, 13801, 57, 0x0000000000000000 | 47.90 76.98 76.59 | cpu  101520432 1691097 26616793 3185222204 67273 0 224478 0 0 0
1791056985 2940, 13801, 58, 0x0000000000000000 | 44.62 75.82 76.21 | cpu  101525892 1691097 26616894 3185245273 67282 0 224480 0 0 0
1791056986 2940, 13801, 58, 0x0000000000000000 | 44.62 75.82 76.21 | cpu  101531526 1691097 26616943 3185267791 67296 0 224483 0 0 0
1791056988 2917, 13801, 59, 0x0000000000000000 | 44.62 75.82 76.21 | cpu  101537112 1691097 26616989 3185290307 67304 0 224485 0 0 0
1791056989 2940, 13801, 58, 0x0000000000000000 | 44.62 75.82 76.21 | cpu  101542682 1691097 26617042 3185312424 67307 0 224488 0 0 0
1791056990 2932, 13801, 58, 0x0000000000000000 | 44.62 75.82 76.21 | cpu  101548514 1691097 26617122 3185335665 67314 0 224494 0 0 0
1791056991 2947, 13801, 58, 0x0000000000000000 | 51.62 76.75 76.51 | cpu  101554079 1691097 26617260 3185358306 67315 0 224508 0 0 0
1791056992 2940, 13801, 59, 0x0000000000000000 | 51.62 76.75 76.51 | cpu  101559419 1691097 26617325 3185380333 67321 0 224519 0 0 0
1791056993 2932, 13801, 59, 0x0000000000000000 | 51.62 76.75 76.51 | cpu  101565292 1691097 26617402 3185404165 67324 0 224526 0 0 0
1791056994 2940, 13801, 60, 0x0000000000000000 | 51.62 76.75 76.51 | cpu  101570908 1691097 26617453 3185426737 67328 0 224531 0 0 0
1791056995 2947, 13801, 58, 0x0000000000000000 | 50.13 76.03 76.28 | cpu  101576453 1691097 26617538 3185449503 67345 0 224548 0 0 0
1791056996 2932, 13801, 60, 0x0000000000000000 | 50.13 76.03 76.28 | cpu  101582320 1691097 26617634 3185472288 67348 0 224560 0 0 0
1791056998 2955, 13801, 57, 0x0000000000000000 | 50.13 76.03 76.28 | cpu  101587861 1691097 26617696 3185494813 67351 0 224570 0 0 0
1791056999 2947, 13801, 59, 0x0000000000000000 | 50.13 76.03 76.28 | cpu  101593517 1691097 26617762 3185517104 67352 0 224578 0 0 0
1791057000 2947, 13801, 61, 0x0000000000000000 | 50.13 76.03 76.28 | cpu  101599364 1691097 26617825 3185540423 67388 0 224584 0 0 0
1791057001 2940, 13801, 60, 0x0000000000000000 | 56.77 76.97 76.58 | cpu  101605093 1691097 26617966 3185565604 67394 0 224604 0 0 0
1791057002 2940, 13801, 59, 0x0000000000000000 | 56.77 76.97 76.58 | cpu  101610653 1691097 26618172 3185588348 67394 0 224661 0 0 0
1791057003 2940, 13801, 58, 0x0000000000000000 | 56.77 76.97 76.58 | cpu  101616337 1691097 26618327 3185610847 67394 0 224706 0 0 0
1791057004 2955, 13801, 58, 0x0000000000000000 | 56.77 76.97 76.58 | cpu  101621570 1691097 26618532 3185632799 67394 0 224736 0 0 0
1791057005 2947, 13801, 58, 0x0000000000000000 | 62.79 77.89 76.88 | cpu  101627020 1691097 26618820 3185655259 67394 0 224741 0 0 0
1791057007 2947, 13801, 58, 0x0000000000000000 | 62.79 77.89 76.88 | cpu  101632868 1691097 26618972 3185678782 67394 0 224743 0 0 0
1791057008 2932, 13801, 56, 0x0000000000000000 | 62.79 77.89 76.88 | cpu  101637300 1691097 26619093 3185702799 67394 0 224745 0 0 0
1791057009 2970, 13801, 53, 0x0000000000000000 | 62.79 77.89 76.88 | cpu  101642627 1691097 26619279 3185725883 67394 0 224757 0 0 0
1791057010 2940, 13801, 61, 0x0000000000000000 | 62.79 77.89 76.88 | cpu  101647124 1691097 26619416 3185750280 67394 0 224760 0 0 0
1791057011 2940, 13801, 60, 0x0000000000000000 | 58.32 76.71 76.50 | cpu  101653016 1691097 26619563 3185773520 67394 0 224762 0 0 0
1791057012 2947, 13801, 58, 0x0000000000000000 | 58.32 76.71 76.50 | cpu  101658642 1691097 26619688 3185796206 67395 0 224766 0 0 0
1791057013 2917, 13801, 60, 0x0000000000000000 | 58.32 76.71 76.50 | cpu  101664164 1691097 26619798 3185818388 67395 0 224768 0 0 0
1791057014 2932, 13801, 59, 0x0000000000000000 | 58.32 76.71 76.50 | cpu  101669680 1691097 26619855 3185841006 67396 0 224769 0 0 0
1791057015 2932, 13801, 59, 0x0000000000000000 | 63.90 77.56 76.78 | cpu  101675234 1691097 26619945 3185863518 67396 0 224771 0 0 0
1791057017 2932, 13801, 60, 0x0000000000000000 | 63.90 77.56 76.78 | cpu  101681278 1691097 26620031 3185886782 67409 0 224771 0 0 0
1791057018 2955, 13801, 58, 0x0000000000000000 | 63.90 77.56 76.78 | cpu  101686965 1691097 26620134 3185910149 67423 0 224772 0 0 0
1791057019 2940, 13801, 59, 0x0000000000000000 | 63.90 77.56 76.78 | cpu  101692596 1691097 26620240 3185932574 67468 0 224773 0 0 0
1791057020 2940, 13801, 58, 0x0000000000000000 | 63.90 77.56 76.78 | cpu  101697964 1691097 26620318 3185954839 67484 0 224773 0 0 0
1791057021 2947, 13801, 58, 0x0000000000000000 | 60.23 76.57 76.47 | cpu  101702788 1691097 26620397 3185978647 67501 0 224773 0 0 0
1791057022 2940, 13801, 59, 0x0000000000000000 | 60.23 76.57 76.47 | cpu  101707860 1691097 26620492 3186003603 67521 0 224774 0 0 0
1791057023 2947, 13801, 59, 0x0000000000000000 | 60.23 76.57 76.47 | cpu  101713190 1691097 26620626 3186027429 67525 0 224775 0 0 0
1791057024 2940, 13801, 59, 0x0000000000000000 | 60.23 76.57 76.47 | cpu  101718422 1691097 26620734 3186049875 67540 0 224775 0 0 0
1791057026 2940, 13801, 59, 0x0000000000000000 | 55.80 75.38 76.08 | cpu  101724336 1691097 26621654 3186071810 67549 0 224776 0 0 0
1791057027 2947, 13801, 59, 0x0000000000000000 | 55.80 75.38 76.08 | cpu  101729078 1691097 26621739 3186095299 67574 0 224777 0 0 0
1791057028 2947, 13801, 59, 0x0000000000000000 | 55.80 75.38 76.08 | cpu  101733956 1691097 26621805 3186118506 67584 0 224778 0 0 0
1791057029 2947, 13801, 58, 0x0000000000000000 | 55.80 75.38 76.08 | cpu  101738396 1691097 26621889 3186141545 67594 0 224779 0 0 0
1791057030 2940, 13801, 59, 0x0000000000000000 | 51.90 74.25 75.71 | cpu  101742760 1691097 26621992 3186165750 67598 0 224779 0 0 0
1791057031 2962, 13801, 54, 0x0000000000000000 | 51.90 74.25 75.71 | cpu  101747667 1691097 26622056 3186189182 67601 0 224780 0 0 0
1791057032 2977, 13801, 55, 0x0000000000000000 | 51.90 74.25 75.71 | cpu  101752087 1691097 26622124 3186213104 67610 0 224781 0 0 0
1791057033 2932, 13801, 59, 0x0000000000000000 | 51.90 74.25 75.71 | cpu  101756881 1691097 26622188 3186238156 67617 0 224782 0 0 0
1791057035 2947, 13801, 59, 0x0000000000000000 | 51.90 74.25 75.71 | cpu  101761370 1691097 26622277 3186261985 67668 0 224782 0 0 0
1791057036 2977, 13801, 53, 0x0000000000000000 | 49.98 73.48 75.45 | cpu  101765862 1691097 26622426 3186285088 67670 0 224783 0 0 0
1791057037 2632, 13801, 51, 0x0000000000000000 | 49.98 73.48 75.45 | cpu  101770685 1691097 26622476 3186308233 67672 0 224783 0 0 0
1791057038 2572, 13801, 51, 0x0000000000000000 | 49.98 73.48 75.45 | cpu  101776244 1691097 26622540 3186330561 67673 0 224784 0 0 0
1791057039 2572, 13801, 51, 0x0000000000000000 | 49.98 73.48 75.45 | cpu  101781818 1691097 26622623 3186352587 67674 0 224785 0 0 0
1791057040 2955, 13801, 56, 0x0000000000000000 | 46.38 72.34 75.08 | cpu  101786388 1691097 26622707 3186377829 67674 0 224794 0 0 0
1791057041 2940, 13801, 58, 0x0000000000000000 | 46.38 72.34 75.08 | cpu  101792222 1691097 26622953 3186400293 67674 0 224834 0 0 0
1791057042 2940, 13801, 59, 0x0000000000000000 | 46.38 72.34 75.08 | cpu  101796577 1691097 26623065 3186424549 67674 0 224864 0 0 0
1791057043 2940, 13801, 59, 0x0000000000000000 | 46.38 72.34 75.08 | cpu  101800929 1691097 26623188 3186447359 67674 0 224897 0 0 0
1791057045 2947, 13801, 59, 0x0000000000000000 | 46.38 72.34 75.08 | cpu  101805702 1691097 26623320 3186471207 67674 0 224931 0 0 0
1791057046 2932, 13801, 57, 0x0000000000000000 | 44.51 71.52 74.80 | cpu  101810743 1691097 26623463 3186495810 67675 0 224965 0 0 0
1791057047 2932, 13801, 57, 0x0000000000000000 | 44.51 71.52 74.80 | cpu  101815508 1691097 26623643 3186519185 67675 0 225005 0 0 0
1791057048 2947, 13801, 53, 0x0000000000000000 | 44.51 71.52 74.80 | cpu  101820238 1691097 26623826 3186542850 67675 0 225036 0 0 0
1791057049 2955, 13801, 56, 0x0000000000000000 | 44.51 71.52 74.80 | cpu  101825230 1691097 26623954 3186568022 67675 0 225064 0 0 0
1791057050 2932, 13801, 59, 0x0000000000000000 | 41.34 70.42 74.42 | cpu  101830189 1691097 26624094 3186592221 67675 0 225086 0 0 0
1791057051 2940, 13801, 58, 0x0000000000000000 | 41.34 70.42 74.42 | cpu  101835024 1691097 26624248 3186616613 67675 0 225112 0 0 0
1791057053 2947, 13801, 58, 0x0000000000000000 | 41.34 70.42 74.42 | cpu  101839989 1691097 26624412 3186640777 67675 0 225132 0 0 0
1791057054 2947, 13801, 57, 0x0000000000000000 | 41.34 70.42 74.42 | cpu  101844674 1691097 26624528 3186665027 67675 0 225164 0 0 0
1791057055 2932, 13801, 58, 0x0000000000000000 | 41.34 70.42 74.42 | cpu  101849386 1691097 26624655 3186687833 67675 0 225189 0 0 0
1791057056 2940, 13801, 58, 0x0000000000000000 | 38.35 69.32 74.04 | cpu  101854016 1691097 26624777 3186711670 67675 0 225213 0 0 0
1791057057 2932, 13801, 58, 0x0000000000000000 | 38.35 69.32 74.04 | cpu  101858753 1691098 26624898 3186735324 67675 0 225240 0 0 0
1791057058 2940, 13801, 58, 0x0000000000000000 | 38.35 69.32 74.04 | cpu  101863692 1691098 26625226 3186760397 67675 0 225264 0 0 0
1791057059 2932, 13801, 59, 0x0000000000000000 | 38.35 69.32 74.04 | cpu  101868615 1691098 26625407 3186784295 67675 0 225296 0 0 0
1791057060 2887, 13801, 54, 0x0000000000000000 | 35.60 68.23 73.67 | cpu  101873364 1691098 26625537 3186808427 67675 0 225328 0 0 0
1791057062 2977, 13801, 52, 0x0000000000000000 | 35.60 68.23 73.67 | cpu  101878076 1691098 26625657 3186831551 67675 0 225362 0 0 0
1791057063 2985, 13801, 60, 0x0000000000000004 | 35.60 68.23 73.67 | cpu  101882918 1691098 26625780 3186854668 67675 0 225381 0 0 0
1791057064 2962, 13801, 52, 0x0000000000000000 | 35.60 68.23 73.67 | cpu  101887944 1691098 26625942 3186878723 67675 0 225414 0 0 0
1791057065 2895, 13801, 52, 0x0000000000000000 | 35.60 68.23 73.67 | cpu  101892826 1691098 26626082 3186900941 67675 0 225442 0 0 0
1791057066 2955, 13801, 54, 0x0000000000000000 | 36.35 67.85 73.51 | cpu  101897979 1691098 26626226 3186924279 67675 0 225461 0 0 0
1791057067 2985, 13801, 52, 0x0000000000000000 | 36.35 67.85 73.51 | cpu  101902422 1691098 26626346 3186947684 67675 0 225482 0 0 0
1791057068 2925, 13801, 52, 0x0000000000000000 | 36.35 67.85 73.51 | cpu  101907229 1691098 26626487 3186971807 67675 0 225510 0 0 0
1791057069 2955, 13801, 52, 0x0000000000000000 | 36.35 67.85 73.51 | cpu  101912495 1691098 26626632 3186995577 67675 0 225550 0 0 0
1791057071 2955, 13801, 52, 0x0000000000000000 | 41.61 68.41 73.66 | cpu  101917605 1691098 26626762 3187019427 67675 0 225582 0 0 0
1791057072 2970, 13801, 53, 0x0000000000000000 | 41.61 68.41 73.66 | cpu  101922308 1691098 26626949 3187042452 67677 0 225607 0 0 0
1791057073 2925, 13801, 54, 0x0000000000000004 | 41.61 68.41 73.66 | cpu  101927530 1691098 26627234 3187066104 67681 0 225624 0 0 0
1791057074 2977, 13801, 51, 0x0000000000000000 | 41.61 68.41 73.66 | cpu  101932702 1691098 26627646 3187089096 67691 0 225657 0 0 0
1791057075 2947, 13801, 53, 0x0000000000000000 | 41.61 68.41 73.66 | cpu  101937579 1691098 26628037 3187112040 67694 0 225692 0 0 0
1791057076 2970, 13801, 51, 0x0000000000000000 | 39.16 67.46 73.33 | cpu  101942337 1691098 26628150 3187136268 67694 0 225716 0 0 0
1791057077 2962, 13801, 56, 0x0000000000000004 | 39.16 67.46 73.33 | cpu  101947604 1691098 26628286 3187160090 67694 0 225744 0 0 0
1791057078 2985, 13801, 51, 0x0000000000000000 | 39.16 67.46 73.33 | cpu  101952586 1691098 26628985 3187182699 67694 0 225768 0 0 0
1791057080 2962, 13801, 52, 0x0000000000000000 | 39.16 67.46 73.33 | cpu  101957449 1691098 26629103 3187206301 67694 0 225790 0 0 0
1791057081 2985, 13801, 62, 0x0000000000000004 | 36.34 66.41 72.96 | cpu  101962669 1691098 26629249 3187228617 67694 0 225813 0 0 0
1791057082 2925, 13801, 52, 0x0000000000000000 | 36.34 66.41 72.96 | cpu  101968109 1691098 26629368 3187252095 67694 0 225838 0 0 0
1791057083 2985, 13801, 60, 0x0000000000000000 | 36.34 66.41 72.96 | cpu  101973154 1691098 26629468 3187275418 67694 0 225865 0 0 0
1791057084 2977, 13801, 51, 0x0000000000000000 | 36.34 66.41 72.96 | cpu  101978985 1691098 26629642 3187299897 67694 0 225898 0 0 0
1791057085 2985, 13801, 50, 0x0000000000000000 | 39.36 66.53 72.96 | cpu  101984408 1691098 26629810 3187323581 67694 0 225925 0 0 0
1791057086 2955, 13801, 53, 0x0000000000000004 | 39.36 66.53 72.96 | cpu  101990032 1691098 26629960 3187346742 67694 0 225946 0 0 0
1791057087 2985, 13801, 51, 0x0000000000000000 | 39.36 66.53 72.96 | cpu  101995354 1691098 26630106 3187371132 67694 0 225970 0 0 0
1791057089 2970, 13801, 56, 0x0000000000000000 | 39.36 66.53 72.96 | cpu  102000853 1691098 26630277 3187395043 67694 0 225994 0 0 0
1791057090 2977, 13801, 55, 0x0000000000000000 | 39.36 66.53 72.96 | cpu  102006278 1691098 26630524 3187418986 67694 0 226015 0 0 0
1791057091 2970, 13801, 51, 0x0000000000000000 | 36.93 65.58 72.62 | cpu  102011822 1691098 26630728 3187442198 67695 0 226046 0 0 0
1791057092 2985, 13801, 49, 0x0000000000000000 | 36.93 65.58 72.62 | cpu  102017855 1691098 26630883 3187465766 67695 0 226068 0 0 0
1791057093 2580, 13801, 49, 0x0000000000000000 | 36.93 65.58 72.62 | cpu  102023355 1691098 26631001 3187487710 67695 0 226082 0 0 0
1791057094 2572, 13801, 48, 0x0000000000000000 | 36.93 65.58 72.62 | cpu  102028934 1691098 26631124 3187511031 67695 0 226110 0 0 0
1791057095 2700, 13801, 55, 0x0000000000000000 | 34.29 64.55 72.25 | cpu  102034544 1691098 26631214 3187533248 67695 0 226130 0 0 0
1791057097 2940, 13801, 56, 0x0000000000000000 | 34.29 64.55 72.25 | cpu  102040206 1691098 26631364 3187556663 67695 0 226149 0 0 0
1791057098 2947, 13801, 55, 0x0000000000000000 | 34.29 64.55 72.25 | cpu  102046108 1691098 26631520 3187580709 67695 0 226177 0 0 0
1791057099 2925, 13801, 56, 0x0000000000000000 | 34.29 64.55 72.25 | cpu  102051891 1691098 26631642 3187603536 67695 0 226197 0 0 0
1791057100 2932, 13801, 56, 0x0000000000000000 | 42.36 65.72 72.59 | cpu  102057692 1691098 26631797 3187626836 67695 0 226226 0 0 0
1791057101 2940, 13801, 56, 0x0000000000000000 | 42.36 65.72 72.59 | cpu  102063353 1691098 26631942 3187649618 67697 0 226257 0 0 0
1791057102 2940, 13801, 58, 0x0000000000000000 | 42.36 65.72 72.59 | cpu  102069078 1691098 26632132 3187672961 67697 0 226281 0 0 0
1791057103 2947, 13801, 55, 0x0000000000000000 | 42.36 65.72 72.59 | cpu  102074552 1691098 26632299 3187696369 67697 0 226325 0 0 0
1791057105 2932, 13801, 56, 0x0000000000000000 | 42.36 65.72 72.59 | cpu  102080280 1691098 26632496 3187719802 67697 0 226350 0 0 0
1791057106 2932, 13801, 57, 0x0000000000000000 | 49.45 66.81 72.90 | cpu  102086025 1691098 26632795 3187744379 67703 0 226375 0 0 0
1791057107 2940, 13801, 56, 0x0000000000000000 | 49.45 66.81 72.90 | cpu  102091713 1691098 26633087 3187767190 67714 0 226394 0 0 0
1791057108 2947, 13801, 56, 0x0000000000000000 | 49.45 66.81 72.90 | cpu  102096954 1691098 26633432 3187790852 67721 0 226415 0 0 0
1791057109 2947, 13801, 58, 0x0000000000000000 | 49.45 66.81 72.90 | cpu  102102391 1691098 26633578 3187813437 67721 0 226441 0 0 0
1791057110 2947, 13801, 56, 0x0000000000000000 | 46.05 65.81 72.55 | cpu  102107846 1691098 26633701 3187835389 67721 0 226471 0 0 0
1791057111 2985, 13801, 51, 0x0000000000000000 | 46.05 65.81 72.55 | cpu  102113452 1691098 26633844 3187858109 67721 0 226502 0 0 0
1791057113 2985, 13801, 50, 0x0000000000000000 | 46.05 65.81 72.55 | cpu  102119140 1691098 26633962 3187882226 67721 0 226534 0 0 0
1791057114 2572, 13801, 49, 0x0000000000000000 | 46.05 65.81 72.55 | cpu  102124387 1691098 26634157 3187904843 67721 0 226561 0 0 0
1791057115 2580, 13801, 49, 0x0000000000000000 | 46.05 65.81 72.55 | cpu  102129654 1691098 26634317 3187928064 67722 0 226587 0 0 0
1791057116 2962, 13801, 54, 0x0000000000000000 | 43.01 64.85 72.20 | cpu  102134736 1691098 26634464 3187951277 67722 0 226612 0 0 0
1791057117 2932, 13801, 56, 0x0000000000000000 | 43.01 64.85 72.20 | cpu  102139857 1691098 26634567 3187974012 67722 0 226640 0 0 0
1791057118 2940, 13801, 57, 0x0000000000000000 | 43.01 64.85 72.20 | cpu  102145285 1691098 26634680 3187998104 67722 0 226663 0 0 0
1791057119 2940, 13801, 55, 0x0000000000000000 | 43.01 64.85 72.20 | cpu  102150058 1691098 26634835 3188021695 67722 0 226687 0 0 0
1791057120 2932, 13801, 57, 0x0000000000000000 | 49.09 65.75 72.45 | cpu  102155416 1691098 26634980 3188045949 67722 0 226708 0 0 0
1791057122 2985, 13801, 53, 0x0000000000000000 | 49.09 65.75 72.45 | cpu  102160660 1691098 26635186 3188068932 67722 0 226730 0 0 0
1791057123 2940, 13801, 56, 0x0000000000000000 | 49.09 65.75 72.45 | cpu  102165202 1691098 26635366 3188092310 67722 0 226747 0 0 0
1791057124 2940, 13801, 56, 0x0000000000000000 | 49.09 65.75 72.45 | cpu  102170773 1691098 26635570 3188113769 67722 0 226774 0 0 0
1791057125 2947, 13801, 57, 0x0000000000000000 | 49.09 65.75 72.45 | cpu  102178121 1691098 26640695 3188131195 67722 0 226811 0 0 0
1791057126 2947, 13801, 57, 0x0000000000000000 | 46.04 64.84 72.12 | cpu  102183986 1691098 26645230 3188148664 67726 0 226852 0 0 0
1791057127 2970, 13801, 56, 0x0000000000000000 | 46.04 64.84 72.12 | cpu  102191521 1691098 26647538 3188166912 67739 0 226892 0 0 0
1791057128 2947, 13801, 56, 0x0000000000000000 | 46.04 64.84 72.12 | cpu  102196769 1691098 26651529 3188185782 67740 0 226918 0 0 0
1791057129 2925, 13801, 57, 0x0000000000000000 | 46.04 64.84 72.12 | cpu  102201819 1691098 26656556 3188205757 67740 0 226969 0 0 0
1791057131 2932, 13801, 58, 0x0000000000000000 | 49.08 65.16 72.18 | cpu  102206404 1691098 26662174 3188225225 67740 0 227014 0 0 0
1791057132 2947, 13801, 55, 0x0000000000000000 | 49.08 65.16 72.18 | cpu  102210576 1691098 26668029 3188244448 67740 0 227051 0 0 0
1791057133 2932, 13801, 56, 0x0000000000000000 | 49.08 65.16 72.18 | cpu  102215605 1691098 26673821 3188262512 67756 0 227093 0 0 0
1791057134 2947, 13801, 56, 0x0000000000000000 | 49.08 65.16 72.18 | cpu  102220546 1691098 26679186 3188282087 67756 0 227138 0 0 0
1791057135 2940, 13801, 58, 0x0000000000000000 | 52.12 65.53 72.26 | cpu  102228218 1691098 26682036 3188299161 67756 0 227193 0 0 0
1791057136 2932, 13801, 57, 0x0000000000000000 | 52.12 65.53 72.26 | cpu  102234888 1691098 26685598 3188319465 67756 0 227235 0 0 0
1791057137 2932, 13801, 57, 0x0000000000000000 | 52.12 65.53 72.26 | cpu  102240923 1691098 26689693 3188339971 67756 0 227284 0 0 0
1791057139 2947, 13801, 57, 0x0000000000000000 | 52.12 65.53 72.26 | cpu  102252284 1691098 26694850 3188352411 67757 0 227314 0 0 0
1791057140 2932, 13801, 57, 0x0000000000000000 | 52.12 65.53 72.26 | cpu  102262562 1691098 26701211 3188364310 67773 0 227354 0 0 0
1791057141 2940, 13801, 58, 0x0000000000000000 | 54.75 65.85 72.33 | cpu  102268099 1691098 26706080 3188382036 67784 0 227388 0 0 0
1791057142 2947, 13801, 57, 0x0000000000000000 | 54.75 65.85 72.33 | cpu  102274149 1691098 26711517 3188398583 67792 0 227413 0 0 0
1791057143 2947, 13801, 57, 0x0000000000000000 | 54.75 65.85 72.33 | cpu  102278302 1691098 26717265 3188417469 67796 0 227450 0 0 0
1791057144 2985, 13801, 55, 0x0000000000000000 | 54.75 65.85 72.33 | cpu  102284434 1691098 26722476 3188434440 67797 0 227490 0 0 0
1791057145 2940, 13801, 58, 0x0000000000000000 | 57.41 66.22 72.42 | cpu  102290216 1691098 26727617 3188453681 67798 0 227531 0 0 0
1791057146 2947, 13801, 56, 0x0000000000000000 | 57.41 66.22 72.42 | cpu  102298430 1691098 26730749 3188470766 67798 0 227580 0 0 0
1791057148 2940, 13801, 57, 0x0000000000000000 | 57.41 66.22 72.42 | cpu  102307802 1691098 26731537 3188489141 67798 0 227621 0 0 0
1791057149 2947, 13801, 57, 0x0000000000000000 | 57.41 66.22 72.42 | cpu  102315782 1691098 26733840 3188508978 67798 0 227678 0 0 0
1791057150 2940, 13801, 57, 0x0000000000000000 | 57.41 66.22 72.42 | cpu  102322922 1691098 26735969 3188527383 67800 0 227726 0 0 0
1791057151 2947, 13801, 58, 0x0000000000000000 | 59.70 66.55 72.49 | cpu  102328640 1691098 26739858 3188546879 67800 0 227762 0 0 0
1791057152 2940, 13801, 59, 0x0000000000000000 | 59.70 66.55 72.49 | cpu  102332920 1691098 26745405 3188565838 67800 0 227804 0 0 0
1791057153 2932, 13801, 57, 0x0000000000000000 | 59.70 66.55 72.49 | cpu  102337266 1691098 26750712 3188584557 67800 0 227844 0 0 0
1791057154 2932, 13801, 59, 0x0000000000000000 | 59.70 66.55 72.49 | cpu  102342286 1691098 26756122 3188604043 67800 0 227890 0 0 0
1791057156 2940, 13801, 59, 0x0000000000000000 | 61.89 66.89 72.57 | cpu  102346950 1691098 26761536 3188623261 67800 0 227924 0 0 0
1791057157 2940, 13801, 57, 0x0000000000000000 | 61.89 66.89 72.57 | cpu  102352190 1691098 26766802 3188643572 67800 0 227968 0 0 0
1791057158 2940, 13801, 58, 0x0000000000000000 | 61.89 66.89 72.57 | cpu  102357669 1691098 26770853 3188661785 67800 0 227993 0 0 0
1791057159 2940, 13801, 59, 0x0000000000000000 | 61.89 66.89 72.57 | cpu  102363246 1691098 26774856 3188679777 67800 0 228025 0 0 0
1791057160 2977, 13801, 52, 0x0000000000000000 | 61.89 66.89 72.57 | cpu  102370188 1691098 26777919 3188697092 67800 0 228060 0 0 0
1791057161 2977, 13801, 55, 0x0000000000000000 | 74.15 69.35 73.33 | cpu  102378465 1691098 26779250 3188715115 67801 0 228115 0 0 0
1791057162 2985, 13801, 53, 0x0000000000000000 | 74.15 69.35 73.33 | cpu  102384288 1691098 26783375 3188734303 67802 0 228160 0 0 0
1791057163 2947, 13801, 58, 0x0000000000000000 | 74.15 69.35 73.33 | cpu  102389858 1691098 26787856 3188752954 67802 0 228201 0 0 0
1791057165 2940, 13801, 59, 0x0000000000000000 | 74.15 69.35 73.33 | cpu  102395437 1691098 26792375 3188771320 67802 0 228245 0 0 0
1791057166 2970, 13801, 53, 0x0000000000000000 | 75.18 69.64 73.41 | cpu  102401578 1691098 26796944 3188790186 67803 0 228290 0 0 0
1791057167 2947, 13801, 56, 0x0000000000000000 | 75.18 69.64 73.41 | cpu  102408981 1691098 26800536 3188807644 67803 0 228336 0 0 0
1791057168 2947, 13801, 58, 0x0000000000000000 | 75.18 69.64 73.41 | cpu  102417032 1691098 26802525 3188826196 67803 0 228373 0 0 0
1791057169 2947, 13801, 58, 0x0000000000000000 | 75.18 69.64 73.41 | cpu  102425427 1691098 26803902 3188844841 67803 0 228403 0 0 0
1791057170 2947, 13801, 58, 0x0000000000000000 | 78.37 70.39 73.63 | cpu  102434983 1691098 26805234 3188864282 67803 0 228448 0 0 0
1791057171 2955, 13801, 56, 0x0000000000000000 | 78.37 70.39 73.63 | cpu  102443374 1691098 26806558 3188882580 67803 0 228504 0 0 0
1791057172 2962, 13801, 55, 0x0000000000000000 | 78.37 70.39 73.63 | cpu  102452078 1691098 26807966 3188900463 67804 0 228557 0 0 0
1791057174 2947, 13801, 58, 0x0000000000000000 | 78.37 70.39 73.63 | cpu  102460492 1691098 26809315 3188918559 67814 0 228613 0 0 0
1791057175 2932, 13801, 57, 0x0000000000000000 | 78.37 70.39 73.63 | cpu  102470033 1691098 26810382 3188937485 67817 0 228685 0 0 0
1791057176 2947, 13801, 57, 0x0000000000000000 | 80.18 70.90 73.78 | cpu  102478504 1691098 26811461 3188955541 67818 0 228747 0 0 0
1791057177 2955, 13801, 56, 0x0000000000000000 | 80.18 70.90 73.78 | cpu  102487391 1691098 26812533 3188974135 67818 0 228812 0 0 0
1791057178 2955, 13801, 55, 0x0000000000000000 | 80.18 70.90 73.78 | cpu  102496644 1691098 26813622 3188994087 67818 0 228858 0 0 0
1791057179 2947, 13801, 57, 0x0000000000000000 | 80.18 70.90 73.78 | cpu  102505319 1691098 26814558 3189012627 67818 0 228898 0 0 0
1791057180 2940, 13801, 57, 0x0000000000000000 | 80.73 71.17 73.85 | cpu  102514017 1691098 26816024 3189031792 67818 0 228939 0 0 0
1791057181 2940, 13801, 58, 0x0000000000000000 | 80.73 71.17 73.85 | cpu  102523213 1691098 26817256 3189051503 67818 0 228985 0 0 0
1791057183 2940, 13801, 57, 0x0000000000000000 | 80.73 71.17 73.85 | cpu  102533249 1691098 26818895 3189070664 67818 0 229066 0 0 0
1791057184 2947, 13801, 57, 0x0000000000000000 | 80.73 71.17 73.85 | cpu  102542574 1691098 26820298 3189088205 67818 0 229110 0 0 0
1791057185 2955, 13801, 57, 0x0000000000000000 | 80.73 71.17 73.85 | cpu  102552205 1691098 26821950 3189106217 67818 0 229168 0 0 0
1791057186 2940, 13801, 57, 0x0000000000000000 | 81.55 71.50 73.94 | cpu  102561760 1691098 26823441 3189127804 67818 0 229226 0 0 0
1791057187 2940, 13801, 57, 0x0000000000000000 | 81.55 71.50 73.94 | cpu  102570977 1691098 26824873 3189147370 67818 0 229293 0 0 0
1791057189 2947, 13801, 58, 0x0000000000000000 | 81.55 71.50 73.94 | cpu  102581113 1691098 26826348 3189169768 67818 0 229382 0 0 0
1791057190 2940, 13801, 59, 0x0000000000000000 | 81.55 71.50 73.94 | cpu  102589969 1691098 26827352 3189189202 67818 0 229437 0 0 0
1791057191 2940, 13801, 59, 0x0000000000000000 | 82.07 71.77 74.02 | cpu  102599226 1691098 26828150 3189208392 67818 0 229480 0 0 0
1791057192 2947, 13801, 57, 0x0000000000000000 | 82.07 71.77 74.02 | cpu  102609128 1691098 26828892 3189228768 67818 0 229528 0 0 0
1791057193 2940, 13801, 57, 0x0000000000000000 | 82.07 71.77 74.02 | cpu  102618223 1691098 26829483 3189247272 67818 0 229560 0 0 0
1791057195 2947, 13801, 58, 0x0000000000000000 | 82.07 71.77 74.02 | cpu  102628214 1691098 26830029 3189268419 67818 0 229599 0 0 0
1791057196 2947, 13801, 54, 0x0000000000000000 | 91.67 73.93 74.71 | cpu  102637945 1691098 26830448 3189287871 67818 0 229632 0 0 0
1791057197 2940, 13801, 58, 0x0000000000000000 | 91.67 73.93 74.71 | cpu  102647502 1691098 26830785 3189306953 67818 0 229659 0 0 0
1791057198 2940, 13801, 59, 0x0000000000000000 | 91.67 73.93 74.71 | cpu  102656898 1691098 26831143 3189326340 67819 0 229683 0 0 0
1791057199 2940, 13801, 59, 0x0000000000000000 | 91.67 73.93 74.71 | cpu  102666610 1691098 26831624 3189345946 67819 0 229714 0 0 0
1791057200 2955, 13801, 58, 0x0000000000000000 | 91.14 74.12 74.76 | cpu  102676216 1691098 26832064 3189364618 67819 0 229733 0 0 0
1791057201 2947, 13801, 58, 0x0000000000000000 | 91.14 74.12 74.76 | cpu  102687096 1691098 26832658 3189380580 67819 0 229755 0 0 0
1791057203 2940, 13801, 58, 0x0000000000000000 | 91.14 74.12 74.76 | cpu  102696652 1691098 26833837 3189400296 67819 0 229784 0 0 0
1791057204 2940, 13801, 60, 0x0000000000000000 | 91.14 74.12 74.76 | cpu  102705690 1691098 26835026 3189417917 67819 0 229812 0 0 0
1791057205 2940, 13801, 59, 0x0000000000000000 | 91.14 74.12 74.76 | cpu  102715994 1691098 26835693 3189436589 67819 0 229841 0 0 0
1791057206 2932, 13801, 59, 0x0000000000000000 | 85.44 73.22 74.47 | cpu  102725756 1691098 26836257 3189456363 67819 0 229874 0 0 0
1791057207 2932, 13801, 59, 0x0000000000000000 | 85.44 73.22 74.47 | cpu  102735067 1691098 26836934 3189474332 67821 0 229897 0 0 0
1791057208 2955, 13801, 57, 0x0000000000000000 | 85.44 73.22 74.47 | cpu  102744487 1691098 26837683 3189493941 67824 0 229927 0 0 0
1791057209 2940, 13801, 58, 0x0000000000000000 | 85.44 73.22 74.47 | cpu  102753865 1691098 26838355 3189512890 67824 0 229951 0 0 0
1791057211 2925, 13801, 62, 0x0000000000000000 | 80.20 72.34 74.17 | cpu  102763042 1691098 26838974 3189531704 67824 0 229977 0 0 0
1791057212 2940, 13801, 60, 0x0000000000000000 | 80.20 72.34 74.17 | cpu  102772243 1691098 26839535 3189550032 67824 0 230006 0 0 0
1791057213 2947, 13801, 58, 0x0000000000000000 | 80.20 72.34 74.17 | cpu  102780938 1691098 26840070 3189568381 67824 0 230030 0 0 0
1791057214 2932, 13801, 58, 0x0000000000000000 | 80.20 72.34 74.17 | cpu  102790447 1691098 26840641 3189587509 67824 0 230055 0 0 0
1791057215 2940, 13801, 59, 0x0000000000000000 | 80.20 72.34 74.17 | cpu  102799990 1691098 26841149 3189606337 67824 0 230070 0 0 0
1791057216 2947, 13801, 58, 0x0000000000000000 | 84.43 73.34 74.49 | cpu  102809969 1691098 26841776 3189626665 67824 0 230092 0 0 0
1791057217 2932, 13801, 60, 0x0000000000000000 | 84.43 73.34 74.49 | cpu  102819267 1691098 26842400 3189645365 67824 0 230111 0 0 0
1791057219 2925, 13801, 60, 0x0000000000000000 | 84.43 73.34 74.49 | cpu  102829145 1691098 26843053 3189664211 67824 0 230133 0 0 0
1791057220 2947, 13801, 58, 0x0000000000000000 | 84.43 73.34 74.49 | cpu  102838600 1691099 26843946 3189681537 67824 0 230156 0 0 0
1791057221 2955, 13801, 57, 0x0000000000000000 | 88.96 74.47 74.85 | cpu  102848018 1691099 26845206 3189700859 67824 0 230178 0 0 0
1791057222 2932, 13801, 58, 0x0000000000000000 | 88.96 74.47 74.85 | cpu  102858096 1691099 26845936 3189719526 67825 0 230204 0 0 0
1791057223 2940, 13801, 58, 0x0000000000000000 | 88.96 74.47 74.85 | cpu  102867375 1691099 26846478 3189738403 67825 0 230216 0 0 0
1791057224 2947, 13801, 58, 0x0000000000000000 | 88.96 74.47 74.85 | cpu  102877746 1691100 26846997 3189756444 67827 0 230236 0 0 0
1791057225 2947, 13801, 54, 0x0000000000000000 | 91.12 75.16 75.07 | cpu  102887051 1691100 26847508 3189776342 67828 0 230264 0 0 0
1791057227 2947, 13801, 57, 0x0000000000000000 | 91.12 75.16 75.07 | cpu  102897344 1691100 26848139 3189797865 67828 0 230290 0 0 0
1791057228 2940, 13801, 58, 0x0000000000000000 | 91.12 75.16 75.07 | cpu  102907738 1691100 26848759 3189819095 67828 0 230314 0 0 0
1791057229 2940, 13801, 59, 0x0000000000000000 | 91.12 75.16 75.07 | cpu  102918289 1691100 26849580 3189841563 67828 0 230342 0 0 0
1791057231 2955, 13801, 58, 0x0000000000000000 | 85.91 74.34 74.81 | cpu  102934660 1691100 26851231 3189877749 67828 0 230376 0 0 0
1791057233 2947, 13801, 58, 0x0000000000000000 | 85.91 74.34 74.81 | cpu  102954254 1691100 26853295 3189920936 67828 0 230431 0 0 0
1791057236 2940, 13801, 58, 0x0000000000000000 | 82.23 73.77 74.62 | cpu  102974907 1691100 26855882 3189966652 67828 0 230491 0 0 0
1791057239 2940, 13801, 59, 0x0000000000000000 | 82.23 73.77 74.62 | cpu  102995447 1691100 26858237 3190012365 67828 0 230543 0 0 0
1791057240 2955, 13801, 57, 0x0000000000000000 | 76.45 72.71 74.27 | cpu  103006851 1691100 26859277 3190031720 67840 0 230580 0 0 0
1791057242 2947, 13801, 57, 0x0000000000000000 | 76.45 72.71 74.27 | cpu  103016529 1691100 26860356 3190051726 67856 0 230608 0 0 0
1791057243 2955, 13801, 57, 0x0000000000000000 | 76.45 72.71 74.27 | cpu  103026080 1691100 26861162 3190071320 67858 0 230642 0 0 0
1791057244 2940, 13801, 57, 0x0000000000000000 | 76.45 72.71 74.27 | cpu  103035004 1691100 26862002 3190090422 67858 0 230665 0 0 0
1791057245 2947, 13801, 57, 0x0000000000000000 | 70.73 71.59 73.90 | cpu  103043771 1691100 26862759 3190109537 67858 0 230690 0 0 0
1791057246 2947, 13801, 57, 0x0000000000000000 | 70.73 71.59 73.90 | cpu  103052950 1691100 26863329 3190128731 67858 0 230709 0 0 0
1791057248 2955, 13801, 57, 0x0000000000000000 | 70.73 71.59 73.90 | cpu  103062385 1691100 26863761 3190148468 67858 0 230735 0 0 0
1791057249 2947, 13801, 58, 0x0000000000000000 | 70.73 71.59 73.90 | cpu  103072498 1691100 26864340 3190168412 67858 0 230765 0 0 0
1791057250 2955, 13801, 57, 0x0000000000000000 | 70.73 71.59 73.90 | cpu  103082318 1691100 26864984 3190187664 67858 0 230788 0 0 0
1791057251 2940, 13801, 58, 0x0000000000000000 | 65.38 70.46 73.52 | cpu  103091685 1691100 26865412 3190206959 67858 0 230814 0 0 0
1791057252 2940, 13801, 57, 0x0000000000000000 | 65.38 70.46 73.52 | cpu  103100731 1691100 26865806 3190225746 67858 0 230828 0 0 0
1791057253 2947, 13801, 57, 0x0000000000000000 | 65.38 70.46 73.52 | cpu  103110521 1691100 26866141 3190245401 67858 0 230851 0 0 0
1791057254 2940, 13801, 58, 0x0000000000000000 | 65.38 70.46 73.52 | cpu  103120445 1691100 26866507 3190265420 67858 0 230885 0 0 0
1791057256 2932, 13801, 57, 0x0000000000000000 | 67.19 70.76 73.60 | cpu  103130500 1691100 26866888 3190285763 67858 0 230923 0 0 0
1791057257 2940, 13801, 59, 0x0000000000000000 | 67.19 70.76 73.60 | cpu  103140120 1691100 26867126 3190305053 67858 0 230945 0 0 0
1791057258 2940, 13801, 58, 0x0000000000000000 | 67.19 70.76 73.60 | cpu  103149729 1691100 26867381 3190324423 67858 0 230971 0 0 0
1791057259 2955, 13801, 55, 0x0000000000000000 | 67.19 70.76 73.60 | cpu  103159390 1691100 26867627 3190344053 67858 0 231003 0 0 0
1791057260 2940, 13801, 58, 0x0000000000000000 | 69.02 71.08 73.69 | cpu  103169713 1691100 26867852 3190365091 67858 0 231031 0 0 0
1791057262 2947, 13801, 57, 0x0000000000000000 | 69.02 71.08 73.69 | cpu  103179682 1691100 26868133 3190384925 67858 0 231062 0 0 0
1791057263 2947, 13801, 57, 0x0000000000000000 | 69.02 71.08 73.69 | cpu  103190749 1691100 26868549 3190403029 67859 0 231088 0 0 0
1791057264 2947, 13801, 57, 0x0000000000000000 | 69.02 71.08 73.69 | cpu  103200131 1691100 26869448 3190422381 67859 0 231109 0 0 0
1791057265 2947, 13801, 57, 0x0000000000000000 | 69.02 71.08 73.69 | cpu  103210142 1691100 26870423 3190441609 67859 0 231134 0 0 0
1791057266 2947, 13801, 56, 0x0000000000000000 | 80.63 73.45 74.44 | cpu  103220657 1691100 26870990 3190460821 67860 0 231158 0 0 0
1791057267 2955, 13801, 57, 0x0000000000000000 | 80.63 73.45 74.44 | cpu  103230316 1691100 26871249 3190479997 67860 0 231182 0 0 0
1791057269 2955, 13801, 56, 0x0000000000000000 | 80.63 73.45 74.44 | cpu  103240635 1691100 26871596 3190498938 67860 0 231209 0 0 0
1791057270 2947, 13801, 56, 0x0000000000000000 | 80.63 73.45 74.44 | cpu  103250172 1691100 26871857 3190518105 67860 0 231234 0 0 0
1791057271 2947, 13801, 55, 0x0000000000000000 | 81.14 73.67 74.51 | cpu  103260124 1691100 26872088 3190538442 67860 0 231254 0 0 0
1791057272 2940, 13801, 58, 0x0000000000000000 | 81.14 73.67 74.51 | cpu  103270283 1691100 26872360 3190558632 67860 0 231273 0 0 0
1791057273 2940, 13801, 56, 0x0000000000000000 | 81.14 73.67 74.51 | cpu  103280523 1691100 26872728 3190577995 67862 0 231295 0 0 0
1791057274 2955, 13801, 56, 0x0000000000000000 | 81.14 73.67 74.51 | cpu  103290356 1691100 26873066 3190597263 67867 0 231318 0 0 0
1791057276 2947, 13801, 57, 0x0000000000000000 | 91.78 76.00 75.26 | cpu  103300172 1691100 26873265 3190616493 67867 0 231341 0 0 0
1791057277 2962, 13801, 56, 0x0000000000000000 | 91.78 76.00 75.26 | cpu  103309509 1691100 26873518 3190635671 67867 0 231356 0 0 0
1791057278 2955, 13801, 56, 0x0000000000000000 | 91.78 76.00 75.26 | cpu  103319840 1691100 26873807 3190656056 67867 0 231378 0 0 0
1791057279 2940, 13801, 56, 0x0000000000000000 | 91.78 76.00 75.26 | cpu  103330576 1691100 26874158 3190674303 67867 0 231398 0 0 0
1791057280 2940, 13801, 58, 0x0000000000000000 | 92.20 76.35 75.38 | cpu  103340654 1691100 26875227 3190694280 67867 0 231412 0 0 0
1791057281 2947, 13801, 58, 0x0000000000000000 | 92.20 76.35 75.38 | cpu  103350902 1691100 26876231 3190712670 67867 0 231432 0 0 0
1791057283 2947, 13801, 56, 0x0000000000000000 | 92.20 76.35 75.38 | cpu  103361085 1691100 26876702 3190731355 67867 0 231450 0 0 0
1791057284 2947, 13801, 56, 0x0000000000000000 | 92.20 76.35 75.38 | cpu  103370874 1691100 26876945 3190750279 67867 0 231473 0 0 0
1791057285 2947, 13801, 56, 0x0000000000000000 | 92.20 76.35 75.38 | cpu  103380812 1691100 26877130 3190769197 67867 0 231490 0 0 0
1791057286 2947, 13801, 55, 0x0000000000000000 | 102.11 78.67 76.13 | cpu  103390225 1691100 26877278 3190788203 67867 0 231504 0 0 0
1791057287 2962, 13801, 52, 0x0000000000000000 | 102.11 78.67 76.13 | cpu  103399864 1691100 26877478 3190807961 67867 0 231522 0 0 0
1791057288 2970, 13801, 52, 0x0000000000000000 | 102.11 78.67 76.13 | cpu  103409653 1691100 26877649 3190828203 67867 0 231545 0 0 0
1791057290 2962, 13801, 55, 0x0000000000000000 | 102.11 78.67 76.13 | cpu  103419062 1691100 26877863 3190847669 67867 0 231570 0 0 0
1791057291 2947, 13801, 56, 0x0000000000000000 | 110.83 80.87 76.86 | cpu  103429931 1691100 26878075 3190869662 67867 0 231598 0 0 0
1791057292 2947, 13801, 56, 0x0000000000000000 | 110.83 80.87 76.86 | cpu  103439070 1691100 26878239 3190888700 67867 0 231615 0 0 0
1791057293 2940, 13801, 57, 0x0000000000000000 | 110.83 80.87 76.86 | cpu  103448888 1691100 26878422 3190908110 67867 0 231632 0 0 0
1791057294 2955, 13801, 53, 0x0000000000000000 | 110.83 80.87 76.86 | cpu  103458137 1691100 26878590 3190927088 67867 0 231645 0 0 0
1791057295 2962, 13801, 54, 0x0000000000000000 | 108.68 80.92 76.90 | cpu  103468063 1691100 26878839 3190947437 67867 0 231667 0 0 0
1791057297 2940, 13801, 56, 0x0000000000000000 | 108.68 80.92 76.90 | cpu  103477691 1691100 26879029 3190967507 67867 0 231686 0 0 0
1791057298 2955, 13801, 56, 0x0000000000000000 | 108.68 80.92 76.90 | cpu  103487228 1691100 26879257 3190987418 67867 0 231702 0 0 0
1791057299 2932, 13801, 57, 0x0000000000000000 | 108.68 80.92 76.90 | cpu  103497385 1691100 26879466 3191008102 67867 0 231720 0 0 0
1791057300 2947, 13801, 56, 0x0000000000000000 | 108.68 80.92 76.90 | cpu  103506999 1691100 26879666 3191027157 67867 0 231730 0 0 0
1791057301 2940, 13801, 57, 0x0000000000000000 | 106.79 80.99 76.94 | cpu  103516462 1691100 26879911 3191046390 67867 0 231752 0 0 0
1791057302 2947, 13801, 56, 0x0000000000000000 | 106.79 80.99 76.94 | cpu  103526420 1691100 26880186 3191066781 67867 0 231770 0 0 0
1791057304 2947, 13801, 56, 0x0000000000000000 | 106.79 80.99 76.94 | cpu  103536438 1691100 26880422 3191086887 67867 0 231778 0 0 0
1791057305 2947, 13801, 56, 0x0000000000000000 | 106.79 80.99 76.94 | cpu  103546454 1691100 26880595 3191107273 67867 0 231784 0 0 0
1791057306 2947, 13801, 55, 0x0000000000000000 | 104.88 81.02 76.97 | cpu  103556522 1691100 26880940 3191127171 67876 0 231792 0 0 0
1791057307 2947, 13801, 56, 0x0000000000000000 | 104.88 81.02 76.97 | cpu  103565708 1691100 26881209 3191146242 67882 0 231797 0 0 0
1791057308 2932, 13801, 56, 0x0000000000000000 | 104.88 81.02 76.97 | cpu  103575469 1691100 26881442 3191166060 67882 0 231804 0 0 0
1791057309 2940, 13801, 56, 0x0000000000000000 | 104.88 81.02 76.97 | cpu  103585250 1691100 26881654 3191186591 67882 0 231806 0 0 0
1791057311 2955, 13801, 55, 0x0000000000000000 | 113.06 83.11 77.67 | cpu  103594450 1691100 26881968 3191206201 67882 0 231808 0 0 0
1791057312 2955, 13801, 55, 0x0000000000000000 | 113.06 83.11 77.67 | cpu  103603830 1691100 26882248 3191225787 67882 0 231813 0 0 0
1791057313 2940, 13801, 56, 0x0000000000000000 | 113.06 83.11 77.67 | cpu  103614215 1691100 26882502 3191247620 67882 0 231814 0 0 0
1791057314 2955, 13801, 56, 0x0000000000000000 | 113.06 83.11 77.67 | cpu  103627724 1691100 26882864 3191275324 67882 0 231818 0 0 0
1791057316 2955, 13801, 56, 0x0000000000000000 | 110.09 83.00 77.66 | cpu  103637163 1691100 26883106 3191295321 67882 0 231822 0 0 0
1791057317 2947, 13801, 55, 0x0000000000000000 | 110.09 83.00 77.66 | cpu  103646583 1691100 26883270 3191314660 67882 0 231827 0 0 0
1791057318 2947, 13801, 56, 0x0000000000000000 | 110.09 83.00 77.66 | cpu  103655780 1691100 26883612 3191334307 67882 0 231832 0 0 0
1791057319 2947, 13801, 56, 0x0000000000000000 | 110.09 83.00 77.66 | cpu  103665038 1691100 26883806 3191354111 67882 0 231835 0 0 0
1791057320 2940, 13801, 57, 0x0000000000000000 | 107.12 82.83 77.64 | cpu  103675363 1691100 26884094 3191375860 67882 0 231837 0 0 0
1791057322 2955, 13801, 56, 0x0000000000000000 | 107.12 82.83 77.64 | cpu  103685340 1691100 26884512 3191396313 67882 0 231842 0 0 0
1791057323 2947, 13801, 56, 0x0000000000000000 | 107.12 82.83 77.64 | cpu  103694843 1691100 26884719 3191416523 67882 0 231847 0 0 0
1791057324 2947, 13801, 55, 0x0000000000000000 | 107.12 82.83 77.64 | cpu  103704487 1691100 26885098 3191437016 67882 0 231851 0 0 0
1791057325 2940, 13801, 56, 0x0000000000000000 | 103.35 82.45 77.54 | cpu  103713825 1691100 26885375 3191456854 67882 0 231855 0 0 0
1791057326 2947, 13801, 56, 0x0000000000000000 | 103.35 82.45 77.54 | cpu  103723148 1691100 26885601 3191476231 67882 0 231862 0 0 0
1791057327 2947, 13801, 56, 0x0000000000000000 | 103.35 82.45 77.54 | cpu  103732156 1691100 26885820 3191495108 67882 0 231870 0 0 0
1791057329 2985, 13801, 51, 0x0000000000000000 | 103.35 82.45 77.54 | cpu  103741726 1691100 26886012 3191514936 67882 0 231875 0 0 0
1791057330 2940, 13801, 56, 0x0000000000000000 | 103.35 82.45 77.54 | cpu  103751898 1691100 26886370 3191536611 67882 0 231880 0 0 0
1791057331 2940, 13801, 59, 0x0000000000000000 | 109.65 84.10 78.10 | cpu  103760901 1691100 26886759 3191556397 67882 0 231884 0 0 0
1791057332 2940, 13801, 56, 0x0000000000000000 | 109.65 84.10 78.10 | cpu  103769908 1691100 26887179 3191577483 67882 0 231889 0 0 0
1791057333 2947, 13801, 56, 0x0000000000000000 | 109.65 84.10 78.10 | cpu  103778487 1691100 26887640 3191599324 67882 0 231894 0 0 0
1791057335 2955, 13801, 56, 0x0000000000000000 | 109.65 84.10 78.10 | cpu  103785988 1691100 26887936 3191620931 67882 0 231897 0 0 0
1791057336 2932, 13801, 58, 0x0000000000000000 | 103.35 83.22 77.85 | cpu  103792781 1691100 26888174 3191642373 67882 0 231904 0 0 0
1791057337 2940, 13801, 58, 0x0000000000000000 | 103.35 83.22 77.85 | cpu  103800328 1691100 26888393 3191664757 67882 0 231908 0 0 0
1791057338 2947, 13801, 56, 0x0000000000000000 | 103.35 83.22 77.85 | cpu  103806861 1691100 26888691 3191686253 67882 0 231912 0 0 0
1791057339 2932, 13801, 59, 0x0000000000000000 | 103.35 83.22 77.85 | cpu  103813761 1691100 26888979 3191709152 67882 0 231916 0 0 0
1791057340 2940, 13801, 59, 0x0000000000000000 | 96.83 82.20 77.55 | cpu  103819581 1691100 26889197 3191730609 67882 0 231921 0 0 0
1791057341 2940, 13801, 57, 0x0000000000000000 | 96.83 82.20 77.55 | cpu  103825614 1691100 26889406 3191752315 67882 0 231925 0 0 0
1791057342 2947, 13801, 56, 0x0000000000000000 | 96.83 82.20 77.55 | cpu  103831897 1691100 26889571 3191775687 67882 0 231931 0 0 0
1791057344 2947, 13801, 58, 0x0000000000000000 | 96.83 82.20 77.55 | cpu  103837830 1691100 26889848 3191798594 67882 0 231936 0 0 0
1791057345 2947, 13801, 58, 0x0000000000000000 | 96.83 82.20 77.55 | cpu  103843738 1691100 26890045 3191822653 67882 0 231939 0 0 0
1791057346 2947, 13801, 58, 0x0000000000000000 | 100.29 83.16 77.89 | cpu  103848918 1691100 26890309 3191845133 67882 0 231946 0 0 0
1791057347 2940, 13801, 57, 0x0000000000000000 | 100.29 83.16 77.89 | cpu  103853914 1691100 26890378 3191868313 67882 0 231953 0 0 0
1791057348 2925, 13801, 59, 0x0000000000000000 | 100.29 83.16 77.89 | cpu  103859182 1691100 26890506 3191891886 67882 0 231956 0 0 0
1791057349 2940, 13801, 59, 0x0000000000000000 | 100.29 83.16 77.89 | cpu  103864372 1691100 26890669 3191915082 67882 0 231959 0 0 0
1791057350 2947, 13801, 58, 0x0000000000000000 | 92.82 81.90 77.50 | cpu  103869704 1691100 26890715 3191940207 67882 0 231962 0 0 0
1791057352 2947, 13801, 58, 0x0000000000000000 | 92.82 81.90 77.50 | cpu  103874533 1691100 26890843 3191963322 67882 0 231963 0 0 0
1791057353 2932, 13801, 58, 0x0000000000000000 | 92.82 81.90 77.50 | cpu  103879276 1691100 26890944 3191986715 67882 0 231965 0 0 0
1791057354 2932, 13801, 58, 0x0000000000000000 | 92.82 81.90 77.50 | cpu  103883998 1691100 26891046 3192011210 67882 0 231966 0 0 0
1791057355 2932, 13801, 60, 0x0000000000000000 | 92.82 81.90 77.50 | cpu  103889034 1691100 26891102 3192035711 67882 0 231967 0 0 0
1791057356 2940, 13801, 59, 0x0000000000000000 | 85.79 80.62 77.12 | cpu  103893709 1691100 26891184 3192059672 67882 0 231968 0 0 0
1791057357 2955, 13801, 53, 0x0000000000000000 | 85.79 80.62 77.12 | cpu  103898396 1691100 26891308 3192084032 67882 0 231969 0 0 0
1791057358 2955, 13801, 54, 0x0000000000000000 | 85.79 80.62 77.12 | cpu  103902942 1691100 26891370 3192107552 67882 0 231969 0 0 0
1791057360 2985, 13801, 55, 0x0000000000000000 | 85.79 80.62 77.12 | cpu  103908037 1691100 26891510 3192136010 67882 0 231970 0 0 0
1791057361 2572, 13801, 50, 0x0000000000000000 | 79.16 79.33 76.72 | cpu  103912297 1691100 26891559 3192159784 67882 0 231971 0 0 0
1791057362 2572, 13801, 50, 0x0000000000000000 | 79.16 79.33 76.72 | cpu  103917321 1691100 26891598 3192183441 67882 0 231972 0 0 0
1791057363 2595, 13801, 50, 0x0000000000000000 | 79.16 79.33 76.72 | cpu  103922150 1691100 26891722 3192206606 67882 0 231973 0 0 0
1791057364 2595, 13801, 50, 0x0000000000000000 | 79.16 79.33 76.72 | cpu  103927136 1691100 26891803 3192230233 67882 0 231974 0 0 0
1791057365 2985, 13801, 54, 0x0000000000000000 | 79.16 79.33 76.72 | cpu  103932428 1691100 26891892 3192253760 67882 0 231974 0 0 0
1791057366 2955, 13801, 56, 0x0000000000000000 | 83.23 80.18 77.00 | cpu  103937370 1691100 26891924 3192277442 67882 0 231974 0 0 0
1791057367 2940, 13801, 57, 0x0000000000000000 | 83.23 80.18 77.00 | cpu  103942486 1691100 26891969 3192301426 67882 0 231975 0 0 0
1791057369 2947, 13801, 58, 0x0000000000000000 | 83.23 80.18 77.00 | cpu  103947568 1691100 26892065 3192326441 67882 0 231976 0 0 0
1791057370 2947, 13801, 58, 0x0000000000000000 | 83.23 80.18 77.00 | cpu  103952193 1691100 26892118 3192350475 67882 0 231977 0 0 0
1791057371 2947, 13801, 58, 0x0000000000000000 | 76.88 78.91 76.61 | cpu  103956726 1691100 26892170 3192375094 67882 0 231977 0 0 0
1791057372 2940, 13801, 58, 0x0000000000000000 | 76.88 78.91 76.61 | cpu  103961548 1691100 26892227 3192399047 67882 0 231978 0 0 0
1791057373 2932, 13801, 58, 0x0000000000000000 | 76.88 78.91 76.61 | cpu  103966033 1691100 26892325 3192422641 67882 0 231979 0 0 0
1791057374 2947, 13801, 56, 0x0000000000000000 | 76.88 78.91 76.61 | cpu  103970853 1691100 26892407 3192447405 67882 0 231980 0 0 0
1791057375 2932, 13801, 58, 0x0000000000000000 | 70.97 77.65 76.22 | cpu  103975813 1691100 26892458 3192470172 67882 0 231980 0 0 0
1791057377 2925, 13801, 58, 0x0000000000000000 | 70.97 77.65 76.22 | cpu  103981007 1691100 26892542 3192494175 67882 0 231982 0 0 0
1791057378 2947, 13801, 58, 0x0000000000000000 | 70.97 77.65 76.22 | cpu  103985678 1691100 26892644 3192517308 67882 0 231984 0 0 0
1791057379 2940, 13801, 59, 0x0000000000000000 | 70.97 77.65 76.22 | cpu  103990845 1691100 26892737 3192541951 67882 0 231988 0 0 0
1791057380 2940, 13801, 59, 0x0000000000000000 | 70.97 77.65 76.22 | cpu  103995680 1691100 26892860 3192565990 67882 0 231993 0 0 0
1791057381 2977, 13801, 52, 0x0000000000000000 | 65.68 76.44 75.83 | cpu  104000235 1691100 26892918 3192589501 67882 0 232001 0 0 0
1791057382 2947, 13801, 54, 0x0000000000000000 | 65.68 76.44 75.83 | cpu  104005318 1691100 26892960 3192612469 67882 0 232007 0 0 0
1791057383 2947, 13801, 58, 0x0000000000000000 | 65.68 76.44 75.83 | cpu  104009736 1691100 26893027 3192636415 67882 0 232012 0 0 0
1791057384 2962, 13801, 58, 0x0000000000000000 | 65.68 76.44 75.83 | cpu  104015854 1691100 26893111 3192660492 67882 0 232018 0 0 0
1791057386 2947, 13801, 59, 0x0000000000000000 | 64.43 76.00 75.69 | cpu  104021472 1691100 26893231 3192684837 67882 0 232025 0 0 0
1791057387 2932, 13801, 58, 0x0000000000000000 | 64.43 76.00 75.69 | cpu  104026402 1691100 26893354 3192708072 67882 0 232035 0 0 0
1791057388 2932, 13801, 59, 0x0000000000000000 | 64.43 76.00 75.69 | cpu  104031748 1691100 26893461 3192732273 67882 0 232046 0 0 0
1791057389 2925, 13801, 59, 0x0000000000000000 | 64.43 76.00 75.69 | cpu  104037024 1691100 26893590 3192755911 67882 0 232054 0 0 0
1791057390 2917, 13801, 60, 0x0000000000000000 | 64.43 76.00 75.69 | cpu  104042024 1691100 26893736 3192779516 67883 0 232066 0 0 0
1791057391 2932, 13801, 59, 0x0000000000000000 | 59.67 74.83 75.31 | cpu  104046570 1691100 26893830 3192803464 67883 0 232071 0 0 0
1791057392 2940, 13801, 58, 0x0000000000000000 | 59.67 74.83 75.31 | cpu  104051511 1691100 26893883 3192825949 67883 0 232080 0 0 0
1791057393 2940, 13801, 58, 0x0000000000000000 | 59.67 74.83 75.31 | cpu  104056723 1691100 26893952 3192848574 67883 0 232085 0 0 0
1791057395 2940, 13801, 58, 0x0000000000000000 | 59.67 74.83 75.31 | cpu  104061578 1691100 26894011 3192872005 67883 0 232089 0 0 0
1791057396 2977, 13801, 53, 0x0000000000000000 | 65.54 75.79 75.62 | cpu  104066084 1691100 26894095 3192895698 67883 0 232097 0 0 0
1791057397 2932, 13801, 58, 0x0000000000000000 | 65.54 75.79 75.62 | cpu  104070978 1691100 26894210 3192919097 67883 0 232105 0 0 0
1791057398 2947, 13801, 58, 0x0000000000000000 | 65.54 75.79 75.62 | cpu  104076137 1691100 26894322 3192941807 67883 0 232113 0 0 0
1791057399 2940, 13801, 58, 0x0000000000000000 | 65.54 75.79 75.62 | cpu  104081492 1691100 26894368 3192964505 67883 0 232118 0 0 0
1791057400 2932, 13801, 61, 0x0000000000000000 | 65.54 75.79 75.62 | cpu  104087007 1691100 26894426 3192987141 67883 0 232130 0 0 0
1791057401 2947, 13801, 58, 0x0000000000000000 | 70.70 76.69 75.92 | cpu  104092536 1691100 26894526 3193009836 67883 0 232138 0 0 0
1791057402 2932, 13801, 60, 0x0000000000000000 | 70.70 76.69 75.92 | cpu  104097812 1691100 26894665 3193032671 67883 0 232144 0 0 0
1791057403 2940, 13801, 59, 0x0000000000000000 | 70.70 76.69 75.92 | cpu  104103207 1691100 26894751 3193055583 67883 0 232152 0 0 0
1791057404 2947, 13801, 57, 0x0000000000000000 | 70.70 76.69 75.92 | cpu  104108630 1691100 26894840 3193078775 67883 0 232159 0 0 0
1791057406 2932, 13801, 58, 0x0000000000000000 | 65.44 75.50 75.53 | cpu  104113540 1691100 26894937 3193102090 67883 0 232167 0 0 0
1791057407 2932, 13801, 59, 0x0000000000000000 | 65.44 75.50 75.53 | cpu  104117961 1691100 26895023 3193126472 67883 0 232173 0 0 0
1791057408 2940, 13801, 59, 0x0000000000000000 | 65.44 75.50 75.53 | cpu  104122855 1691100 26895122 3193149098 67883 0 232180 0 0 0
1791057409 2947, 13801, 57, 0x0000000000000000 | 65.44 75.50 75.53 | cpu  104127390 1691100 26895206 3193171783 67883 0 232190 0 0 0
1791057410 2940, 13801, 59, 0x0000000000000000 | 65.44 75.50 75.53 | cpu  104131748 1691100 26895414 3193194489 67883 0 232200 0 0 0
1791057411 2932, 13801, 60, 0x0000000000000000 | 60.52 74.31 75.15 | cpu  104136398 1691100 26895456 3193217939 67883 0 232207 0 0 0
1791057412 2940, 13801, 60, 0x0000000000000000 | 60.52 74.31 75.15 | cpu  104141011 1691100 26895509 3193241468 67883 0 232216 0 0 0
1791057413 2940, 13801, 59, 0x0000000000000000 | 60.52 74.31 75.15 | cpu  104145544 1691100 26895630 3193265476 67883 0 232222 0 0 0
1791057414 2955, 13801, 58, 0x0000000000000000 | 60.52 74.31 75.15 | cpu  104150279 1691100 26895713 3193290295 67883 0 232226 0 0 0
1791057416 2947, 13801, 58, 0x0000000000000000 | 55.91 73.13 74.76 | cpu  104154674 1691100 26895764 3193313799 67883 0 232229 0 0 0
1791057417 2947, 13801, 59, 0x0000000000000000 | 55.91 73.13 74.76 | cpu  104159046 1691100 26895878 3193337149 67888 0 232238 0 0 0
1791057418 2947, 13801, 60, 0x0000000000000000 | 55.91 73.13 74.76 | cpu  104163582 1691100 26895928 3193361076 67888 0 232241 0 0 0
1791057419 2932, 13801, 59, 0x0000000000000000 | 55.91 73.13 74.76 | cpu  104168022 1691100 26896060 3193384635 67888 0 232246 0 0 0
1791057420 2947, 13801, 59, 0x0000000000000000 | 55.91 73.13 74.76 | cpu  104172364 1691100 26896111 3193408082 67888 0 232252 0 0 0
1791057421 2940, 13801, 58, 0x0000000000000000 | 51.68 71.96 74.38 | cpu  104176730 1691100 26896170 3193431854 67888 0 232260 0 0 0
1791057422 2932, 13801, 61, 0x0000000000000000 | 51.68 71.96 74.38 | cpu  104181138 1691100 26896260 3193455518 67888 0 232267 0 0 0
1791057423 2932, 13801, 60, 0x0000000000000000 | 51.68 71.96 74.38 | cpu  104185747 1691100 26896434 3193480010 67888 0 232282 0 0 0
1791057424 2932, 13801, 59, 0x0000000000000000 | 51.68 71.96 74.38 | cpu  104190630 1691100 26896713 3193505013 67888 0 232295 0 0 0
1791057426 2940, 13801, 58, 0x0000000000000000 | 47.94 70.85 74.00 | cpu  104195431 1691100 26896956 3193529211 67888 0 232302 0 0 0
1791057427 2932, 13801, 60, 0x0000000000000000 | 47.94 70.85 74.00 | cpu  104200238 1691100 26897149 3193553036 67888 0 232313 0 0 0
1791057428 2947, 13801, 59, 0x0000000000000000 | 47.94 70.85 74.00 | cpu  104204894 1691100 26897331 3193576587 67888 0 232319 0 0 0
1791057429 2940, 13801, 59, 0x0000000000000000 | 47.94 70.85 74.00 | cpu  104210460 1691100 26897534 3193600689 67888 0 232329 0 0 0
1791057430 2940, 13801, 59, 0x0000000000000000 | 47.94 70.85 74.00 | cpu  104215146 1691100 26897766 3193625044 67888 0 232344 0 0 0
1791057431 2947, 13801, 60, 0x0000000000000000 | 44.58 69.78 73.64 | cpu  104220045 1691100 26897921 3193648207 67888 0 232354 0 0 0
1791057432 2940, 13801, 58, 0x0000000000000000 | 44.58 69.78 73.64 | cpu  104224500 1691100 26897986 3193671757 67888 0 232359 0 0 0
1791057433 2955, 13801, 58, 0x0000000000000000 | 44.58 69.78 73.64 | cpu  104229170 1691100 26898038 3193695381 67888 0 232368 0 0 0
1791057435 2940, 13801, 59, 0x0000000000000000 | 44.58 69.78 73.64 | cpu  104233862 1691100 26898113 3193719508 67888 0 232373 0 0 0
1791057436 2925, 13801, 59, 0x0000000000000000 | 41.41 68.70 73.27 | cpu  104238440 1691100 26898237 3193743191 67888 0 232377 0 0 0
1791057437 2940, 13801, 59, 0x0000000000000000 | 41.41 68.70 73.27 | cpu  104243223 1691100 26898291 3193766619 67888 0 232383 0 0 0
1791057438 2940, 13801, 60, 0x0000000000000000 | 41.41 68.70 73.27 | cpu  104248140 1691100 26898348 3193790640 67888 0 232386 0 0 0
1791057439 2932, 13801, 60, 0x0000000000000000 | 41.41 68.70 73.27 | cpu  104252476 1691100 26898413 3193813939 67888 0 232389 0 0 0
1791057440 2940, 13801, 60, 0x0000000000000000 | 41.41 68.70 73.27 | cpu  104256938 1691100 26898471 3193837369 67888 0 232392 0 0 0
1791057441 2947, 13801, 58, 0x0000000000000000 | 38.33 67.61 72.89 | cpu  104261617 1691100 26898637 3193861090 67888 0 232398 0 0 0
1791057442 2932, 13801, 62, 0x0000000000000000 | 38.33 67.61 72.89 | cpu  104266220 1691100 26898726 3193885864 67888 0 232405 0 0 0
1791057444 2940, 13801, 60, 0x0000000000000000 | 38.33 67.61 72.89 | cpu  104270840 1691100 26898787 3193909292 67888 0 232413 0 0 0
1791057445 2947, 13801, 60, 0x0000000000000000 | 38.33 67.61 72.89 | cpu  104274961 1691100 26898836 3193932919 67888 0 232424 0 0 0
1791057446 2925, 13801, 59, 0x0000000000000000 | 35.66 66.57 72.53 | cpu  104279972 1691100 26898894 3193956141 67888 0 232433 0 0 0
1791057447 2932, 13801, 59, 0x0000000000000000 | 35.66 66.57 72.53 | cpu  104284370 1691100 26899014 3193979823 67888 0 232442 0 0 0
1791057448 2932, 13801, 61, 0x0000000000000000 | 35.66 66.57 72.53 | cpu  104289080 1691101 26899117 3194004171 67888 0 232450 0 0 0
1791057449 2940, 13801, 60, 0x0000000000000000 | 35.66 66.57 72.53 | cpu  104293449 1691101 26899176 3194028344 67888 0 232456 0 0 0
1791057450 2977, 13801, 55, 0x0000000000000000 | 35.66 66.57 72.53 | cpu  104298093 1691101 26899375 3194052795 67888 0 232466 0 0 0
1791057451 2940, 13801, 59, 0x0000000000000000 | 33.05 65.51 72.15 | cpu  104302566 1691101 26899504 3194076052 67888 0 232478 0 0 0
1791057452 2955, 13801, 59, 0x0000000000000000 | 33.05 65.51 72.15 | cpu  104307188 1691101 26899662 3194100576 67888 0 232485 0 0 0
1791057454 2947, 13801, 59, 0x0000000000000000 | 33.05 65.51 72.15 | cpu  104312035 1691101 26899845 3194125372 67888 0 232499 0 0 0
1791057455 2932, 13801, 62, 0x0000000000000000 | 33.05 65.51 72.15 | cpu  104317402 1691101 26899958 3194148185 67888 0 232514 0 0 0
1791057456 2932, 13801, 61, 0x0000000000000000 | 40.81 66.58 72.46 | cpu  104322388 1691101 26900091 3194170427 67888 0 232526 0 0 0
1791057457 2940, 13801, 59, 0x0000000000000000 | 40.81 66.58 72.46 | cpu  104327711 1691101 26900220 3194194306 67888 0 232534 0 0 0
1791057458 2947, 13801, 60, 0x0000000000000000 | 40.81 66.58 72.46 | cpu  104333384 1691101 26900502 3194216493 67892 0 232549 0 0 0
1791057459 2932, 13801, 59, 0x0000000000000000 | 40.81 66.58 72.46 | cpu  104338230 1691101 26901088 3194239472 67899 0 232559 0 0 0
1791057460 2932, 13801, 58, 0x0000000000000000 | 40.81 66.58 72.46 | cpu  104343135 1691101 26901553 3194261301 67903 0 232567 0 0 0
1791057461 2925, 13801, 60, 0x0000000000000000 | 38.02 65.58 72.11 | cpu  104348290 1691101 26901640 3194283904 67903 0 232572 0 0 0
1791057462 2925, 13801, 60, 0x0000000000000000 | 38.02 65.58 72.11 | cpu  104353261 1691101 26901753 3194307032 67903 0 232579 0 0 0
1791057464 2925, 13801, 60, 0x0000000000000000 | 38.02 65.58 72.11 | cpu  104358756 1691101 26901868 3194329712 67903 0 232586 0 0 0
1791057465 2940, 13801, 60, 0x0000000000000000 | 38.02 65.58 72.11 | cpu  104363664 1691101 26901934 3194352502 67903 0 232591 0 0 0
1791057466 2940, 13801, 59, 0x0000000000000000 | 35.38 64.57 71.75 | cpu  104368664 1691101 26902011 3194376194 67903 0 232594 0 0 0
1791057467 2947, 13801, 60, 0x0000000000000000 | 35.38 64.57 71.75 | cpu  104373620 1691101 26902091 3194398403 67903 0 232596 0 0 0
1791057468 2932, 13801, 60, 0x0000000000000000 | 35.38 64.57 71.75 | cpu  104378786 1691101 26902141 3194420950 67903 0 232602 0 0 0
1791057469 2940, 13801, 59, 0x0000000000000000 | 35.38 64.57 71.75 | cpu  104383377 1691101 26902237 3194444841 67904 0 232610 0 0 0
1791057470 2940, 13801, 59, 0x0000000000000000 | 35.38 64.57 71.75 | cpu  104387778 1691101 26902310 3194468322 67904 0 232614 0 0 0
1791057471 2940, 13801, 60, 0x0000000000000000 | 43.12 65.69 72.07 | cpu  104393031 1691101 26902374 3194491264 67904 0 232618 0 0 0
1791057472 2940, 13801, 60, 0x0000000000000000 | 43.12 65.69 72.07 | cpu  104398411 1691101 26902428 3194513962 67904 0 232622 0 0 0
1791057473 2947, 13801, 59, 0x0000000000000000 | 43.12 65.69 72.07 | cpu  104403070 1691101 26902466 3194538153 67904 0 232626 0 0 0
1791057475 2932, 13801, 60, 0x0000000000000000 | 43.12 65.69 72.07 | cpu  104407801 1691101 26902554 3194562605 67904 0 232630 0 0 0
1791057476 2940, 13801, 59, 0x0000000000000000 | 39.90 64.65 71.70 | cpu  104412464 1691101 26902624 3194585643 67908 0 232634 0 0 0
1791057477 2940, 13801, 59, 0x0000000000000000 | 39.90 64.65 71.70 | cpu  104417238 1691101 26902679 3194609697 67908 0 232639 0 0 0
1791057478 2925, 13801, 60, 0x0000000000000000 | 39.90 64.65 71.70 | cpu  104421755 1691101 26902750 3194633759 67908 0 232643 0 0 0
1791057479 2932, 13801, 59, 0x0000000000000000 | 39.90 64.65 71.70 | cpu  104426458 1691101 26902793 3194658714 67908 0 232646 0 0 0
1791057480 2940, 13801, 59, 0x0000000000000000 | 39.90 64.65 71.70 | cpu  104431670 1691101 26903086 3194682179 67908 0 232654 0 0 0
1791057481 2947, 13801, 58, 0x0000000000000000 | 37.11 63.66 71.34 | cpu  104436880 1691101 26903166 3194704602 67908 0 232660 0 0 0
1791057482 2932, 13801, 60, 0x0000000000000000 | 37.11 63.66 71.34 | cpu  104442156 1691101 26903226 3194727382 67908 0 232668 0 0 0
1791057483 2947, 13801, 59, 0x0000000000000000 | 37.11 63.66 71.34 | cpu  104447722 1691101 26903366 3194749992 67908 0 232676 0 0 0
1791057485 2947, 13801, 58, 0x0000000000000000 | 37.11 63.66 71.34 | cpu  104453255 1691101 26903460 3194773150 67908 0 232684 0 0 0
1791057486 2947, 13801, 58, 0x0000000000000000 | 34.54 62.69 70.98 | cpu  104458438 1691101 26903570 3194796499 67908 0 232691 0 0 0
1791057487 2940, 13801, 58, 0x0000000000000000 | 34.54 62.69 70.98 | cpu  104463515 1691101 26903740 3194820302 67908 0 232694 0 0 0
1791057488 2940, 13801, 59, 0x0000000000000000 | 34.54 62.69 70.98 | cpu  104468666 1691101 26903843 3194843913 67908 0 232701 0 0 0
1791057489 2962, 13801, 53, 0x0000000000000000 | 34.54 62.69 70.98 | cpu  104473696 1691101 26903903 3194868030 67908 0 232708 0 0 0
1791057490 2977, 13801, 52, 0x0000000000000000 | 34.54 62.69 70.98 | cpu  104478922 1691101 26903968 3194893170 67908 0 232713 0 0 0
1791057491 2940, 13801, 59, 0x0000000000000000 | 42.42 63.85 71.32 | cpu  104483668 1691101 26904075 3194916667 67908 0 232719 0 0 0
1791057493 2947, 13801, 59, 0x0000000000000000 | 42.42 63.85 71.32 | cpu  104488549 1691101 26904131 3194939952 67908 0 232725 0 0 0
1791057494 2925, 13801, 59, 0x0000000000000000 | 42.42 63.85 71.32 | cpu  104493730 1691101 26904191 3194964674 67908 0 232731 0 0 0
1791057495 2925, 13801, 59, 0x0000000000000000 | 42.42 63.85 71.32 | cpu  104498601 1691101 26904238 3194988052 67908 0 232736 0 0 0
1791057496 2932, 13801, 60, 0x0000000000000000 | 49.60 64.99 71.64 | cpu  104503442 1691101 26904311 3195011814 67908 0 232739 0 0 0
1791057497 2932, 13801, 60, 0x0000000000000000 | 49.60 64.99 71.64 | cpu  104508406 1691101 26904407 3195035600 67908 0 232744 0 0 0
1791057498 2932, 13801, 59, 0x0000000000000000 | 49.60 64.99 71.64 | cpu  104513230 1691101 26904477 3195059753 67908 0 232749 0 0 0
1791057499 2947, 13801, 58, 0x0000000000000000 | 49.60 64.99 71.64 | cpu  104518362 1691101 26904541 3195082756 67908 0 232752 0 0 0
1791057500 2947, 13801, 58, 0x0000000000000000 | 45.94 63.97 71.28 | cpu  104523128 1691101 26904589 3195106043 67908 0 232754 0 0 0
1791057502 2947, 13801, 59, 0x0000000000000000 | 45.94 63.97 71.28 | cpu  104528110 1691101 26904728 3195128946 67908 0 232760 0 0 0
1791057503 2940, 13801, 60, 0x0000000000000000 | 45.94 63.97 71.28 | cpu  104533090 1691101 26905243 3195151501 67908 0 232766 0 0 0
1791057504 2947, 13801, 57, 0x0000000000000000 | 45.94 63.97 71.28 | cpu  104537504 1691101 26905844 3195174433 67908 0 232768 0 0 0
1791057505 2932, 13801, 59, 0x0000000000000000 | 45.94 63.97 71.28 | cpu  104542463 1691101 26906008 3195197624 67908 0 232769 0 0 0
1791057506 2940, 13801, 58, 0x0000000000000000 | 42.58 62.98 70.92 | cpu  104547452 1691101 26906057 3195221350 67908 0 232770 0 0 0
1791057507 2977, 13801, 53, 0x0000000000000000 | 42.58 62.98 70.92 | cpu  104551846 1691101 26906107 3195244349 67908 0 232771 0 0 0
1791057508 2932, 13801, 59, 0x0000000000000000 | 42.58 62.98 70.92 | cpu  104556514 1691101 26906172 3195268130 67908 0 232771 0 0 0
1791057509 2940, 13801, 58, 0x0000000000000000 | 42.58 62.98 70.92 | cpu  104561235 1691101 26906243 3195292490 67908 0 232772 0 0 0
1791057510 2947, 13801, 60, 0x0000000000000000 | 42.58 62.98 70.92 | cpu  104565815 1691101 26906321 3195315195 67908 0 232772 0 0 0
1791057511 2932, 13801, 59, 0x0000000000000000 | 39.58 62.01 70.56 | cpu  104570726 1691101 26906370 3195338225 67908 0 232773 0 0 0
1791057513 2940, 13801, 59, 0x0000000000000000 | 39.58 62.01 70.56 | cpu  104575622 1691101 26906490 3195362129 67908 0 232774 0 0 0
1791057514 2925, 13801, 59, 0x0000000000000000 | 39.58 62.01 70.56 | cpu  104580552 1691101 26906559 3195386034 67908 0 232774 0 0 0
1791057515 2947, 13801, 58, 0x0000000000000000 | 39.58 62.01 70.56 | cpu  104585126 1691101 26906715 3195409888 67908 0 232775 0 0 0
1791057516 2940, 13801, 59, 0x0000000000000000 | 36.65 61.03 70.20 | cpu  104589416 1691101 26906841 3195432815 67908 0 232776 0 0 0
1791057517 2947, 13801, 59, 0x0000000000000000 | 36.65 61.03 70.20 | cpu  104593937 1691101 26906947 3195457107 67908 0 232776 0 0 0
1791057518 2947, 13801, 59, 0x0000000000000000 | 36.65 61.03 70.20 | cpu  104599640 1691101 26907204 3195480225 67909 0 232778 0 0 0
1791057519 2947, 13801, 58, 0x0000000000000000 | 36.65 61.03 70.20 | cpu  104604744 1691101 26907333 3195503969 67909 0 232779 0 0 0
1791057520 2932, 13801, 59, 0x0000000000000000 | 34.11 60.10 69.85 | cpu  104609825 1691101 26907418 3195527208 67909 0 232782 0 0 0
1791057521 2947, 13801, 58, 0x0000000000000000 | 34.11 60.10 69.85 | cpu  104615438 1691101 26907457 3195549486 67909 0 232788 0 0 0
1791057523 2925, 13801, 59, 0x0000000000000000 | 34.11 60.10 69.85 | cpu  104620553 1691101 26907538 3195573303 67909 0 232789 0 0 0
1791057524 2932, 13801, 59, 0x0000000000000000 | 34.11 60.10 69.85 | cpu  104625893 1691101 26907582 3195596076 67909 0 232790 0 0 0
1791057525 2947, 13801, 58, 0x0000000000000000 | 34.11 60.10 69.85 | cpu  104630724 1691105 26907672 3195619635 67909 0 232793 0 0 0
1791057526 2955, 13801, 57, 0x0000000000000000 | 31.70 59.17 69.50 | cpu  104635580 1691105 26907831 3195643020 67909 0 232806 0 0 0
1791057527 2940, 13801, 60, 0x0000000000000000 | 31.70 59.17 69.50 | cpu  104640207 1691105 26907885 3195666286 67909 0 232809 0 0 0
1791057528 2947, 13801, 58, 0x0000000000000000 | 31.70 59.17 69.50 | cpu  104644928 1691105 26907919 3195689828 67909 0 232810 0 0 0
1791057529 2940, 13801, 58, 0x0000000000000000 | 31.70 59.17 69.50 | cpu  104650129 1691105 26907949 3195713020 67909 0 232812 0 0 0
1791057530 2955, 13801, 57, 0x0000000000000000 | 31.70 59.17 69.50 | cpu  104654513 1691105 26907983 3195736015 67909 0 232812 0 0 0
1791057531 2940, 13801, 58, 0x0000000000000000 | 37.49 59.92 69.68 | cpu  104659483 1691105 26908069 3195759663 67909 0 232813 0 0 0
1791057533 2940, 13801, 57, 0x0000000000000000 | 37.49 59.92 69.68 | cpu  104664281 1691105 26908100 3195783198 67909 0 232814 0 0 0
1791057534 2947, 13801, 57, 0x0000000000000000 | 37.49 59.92 69.68 | cpu  104669163 1691105 26908127 3195808078 67909 0 232820 0 0 0
1791057535 2940, 13801, 58, 0x0000000000000000 | 37.49 59.92 69.68 | cpu  104675122 1691105 26908232 3195830190 67909 0 232821 0 0 0
1791057536 2932, 13801, 58, 0x0000000000000000 | 41.78 60.43 69.80 | cpu  104680440 1691105 26908272 3195853849 67909 0 232822 0 0 0
1791057537 2940, 13801, 57, 0x0000000000000000 | 41.78 60.43 69.80 | cpu  104685601 1691105 26908381 3195877961 67909 0 232823 0 0 0
1791057538 2940, 13801, 58, 0x0000000000000000 | 41.78 60.43 69.80 | cpu  104691038 1691105 26908460 3195900523 67909 0 232824 0 0 0
1791057539 2940, 13801, 57, 0x0000000000000000 | 41.78 60.43 69.80 | cpu  104696668 1691105 26908494 3195924019 67909 0 232824 0 0 0
1791057540 2955, 13801, 57, 0x0000000000000000 | 49.00 61.62 70.13 | cpu  104701798 1691105 26908524 3195947259 67909 0 232824 0 0 0
1791057542 2940, 13801, 57, 0x0000000000000000 | 49.00 61.62 70.13 | cpu  104706367 1691105 26908570 3195970426 67909 0 232824 0 0 0
1791057543 2925, 13801, 59, 0x0000000000000000 | 49.00 61.62 70.13 | cpu  104711341 1691105 26908661 3195993434 67909 0 232825 0 0 0
1791057544 2940, 13801, 59, 0x0000000000000000 | 49.00 61.62 70.13 | cpu  104716330 1691105 26908695 3196016747 67909 0 232826 0 0 0
1791057545 2955, 13801, 57, 0x0000000000000000 | 49.00 61.62 70.13 | cpu  104721337 1691105 26908737 3196040335 67909 0 232831 0 0 0
1791057546 2932, 13801, 59, 0x0000000000000000 | 45.40 60.66 69.77 | cpu  104726436 1691105 26908778 3196064412 67909 0 232841 0 0 0
1791057547 2932, 13801, 58, 0x0000000000000000 | 45.40 60.66 69.77 | cpu  104731443 1691105 26908831 3196088153 67909 0 232856 0 0 0
1791057548 2955, 13801, 57, 0x0000000000000000 | 45.40 60.66 69.77 | cpu  104736184 1691105 26908926 3196111508 67909 0 232861 0 0 0
1791057549 2947, 13801, 57, 0x0000000000000000 | 45.40 60.66 69.77 | cpu  104741185 1691105 26908960 3196135426 67909 0 232862 0 0 0
1791057550 2955, 13801, 57, 0x0000000000000000 | 42.00 59.71 69.42 | cpu  104746165 1691105 26909000 3196160025 67909 0 232863 0 0 0
1791057552 2940, 13801, 59, 0x0000000000000000 | 42.00 59.71 69.42 | cpu  104750976 1691105 26909099 3196183739 67909 0 232863 0 0 0
1791057553 2947, 13801, 59, 0x0000000000000000 | 42.00 59.71 69.42 | cpu  104756551 1691105 26909324 3196205550 67909 0 232863 0 0 0
1791057554 2940, 13801, 58, 0x0000000000000000 | 42.00 59.71 69.42 | cpu  104761671 1691105 26909425 3196228823 67909 0 232863 0 0 0
1791057555 2947, 13801, 59, 0x0000000000000000 | 42.00 59.71 69.42 | cpu  104766788 1691105 26909456 3196252303 67909 0 232863 0 0 0
1791057556 2940, 13801, 60, 0x0000000000000000 | 49.13 60.89 69.75 | cpu  104771617 1691105 26909529 3196274963 67909 0 232863 0 0 0
1791057557 2947, 13801, 57, 0x0000000000000000 | 49.13 60.89 69.75 | cpu  104774785 1691105 26909592 3196301515 67909 0 232864 0 0 0
1791057558 2955, 13801, 57, 0x0000000000000000 | 49.13 60.89 69.75 | cpu  104776972 1691105 26909640 3196327697 67909 0 232864 0 0 0
1791057559 2932, 13801, 59, 0x0000000000000000 | 49.13 60.89 69.75 | cpu  104779088 1691105 26909770 3196353907 67909 0 232865 0 0 0
1791057561 2940, 13801, 57, 0x0000000000000000 | 45.51 59.95 69.39 | cpu  104780986 1691105 26909819 3196380691 67909 0 232865 0 0 0
1791057562 2962, 13801, 58, 0x0000000000000000 | 45.51 59.95 69.39 | cpu  104782922 1691105 26909882 3196406434 67909 0 232865 0 0 0
1791057563 2940, 13801, 59, 0x0000000000000000 | 45.51 59.95 69.39 | cpu  104784888 1691105 26909935 3196432891 67909 0 232866 0 0 0
1791057564 2940, 13801, 58, 0x0000000000000000 | 45.51 59.95 69.39 | cpu  104786070 1691105 26910023 3196460141 67909 0 232866 0 0 0
1791057565 2932, 13801, 60, 0x0000000000000000 | 45.51 59.95 69.39 | cpu  104787120 1691105 26910148 3196487347 67909 0 232866 0 0 0
1791057566 2932, 13801, 60, 0x0000000000000000 | 42.11 59.00 69.04 | cpu  104787440 1691105 26910206 3196515931 67909 0 232866 0 0 0
1791057567 2932, 13801, 59, 0x0000000000000000 | 42.11 59.00 69.04 | cpu  104787721 1691105 26910330 3196544054 67909 0 232868 0 0 0
1791057568 2947, 13801, 57, 0x0000000000000000 | 42.11 59.00 69.04 | cpu  104788569 1691105 26911182 3196572726 67915 0 232870 0 0 0
1791057569 2932, 13801, 58, 0x0000000000000000 | 42.11 59.00 69.04 | cpu  104789612 1691105 26911424 3196598909 67915 0 232872 0 0 0
1791057571 2932, 13801, 59, 0x0000000000000000 | 39.06 58.09 68.69 | cpu  104790613 1691105 26911648 3196625450 67915 0 232874 0 0 0
1791057572 2940, 13801, 57, 0x0000000000000000 | 39.06 58.09 68.69 | cpu  104791714 1691105 26912669 3196651840 67915 0 232874 0 0 0
1791057573 2932, 13801, 60, 0x0000000000000000 | 39.06 58.09 68.69 | cpu  104792282 1691105 26912746 3196680159 67915 0 232878 0 0 0
1791057574 2940, 13801, 58, 0x0000000000000000 | 39.06 58.09 68.69 | cpu  104796912 1691105 26912858 3196702470 67915 0 232880 0 0 0
1791057575 2940, 13801, 59, 0x0000000000000000 | 39.06 58.09 68.69 | cpu  104801989 1691105 26912910 3196727342 67915 0 232882 0 0 0
1791057576 2925, 13801, 59, 0x0000000000000000 | 46.50 59.31 69.03 | cpu  104806980 1691105 26913015 3196751425 67915 0 232882 0 0 0
1791057577 2940, 13801, 59, 0x0000000000000000 | 46.50 59.31 69.03 | cpu  104811986 1691105 26913110 3196775435 67915 0 232882 0 0 0
1791057578 2940, 13801, 60, 0x0000000000000000 | 46.50 59.31 69.03 | cpu  104817064 1691105 26913164 3196798720 67915 0 232882 0 0 0
1791057580 2932, 13801, 58, 0x0000000000000000 | 46.50 59.31 69.03 | cpu  104822288 1691105 26913284 3196822771 67915 0 232883 0 0 0
1791057581 2947, 13801, 57, 0x0000000000000000 | 43.18 58.41 68.68 | cpu  104826989 1691105 26913443 3196846348 67915 0 232884 0 0 0
1791057582 2932, 13801, 57, 0x0000000000000000 | 43.18 58.41 68.68 | cpu  104832266 1691105 26913757 3196870401 67916 0 232886 0 0 0
1791057583 2940, 13801, 58, 0x0000000000000000 | 43.18 58.41 68.68 | cpu  104837005 1691105 26914000 3196893458 67916 0 232886 0 0 0
1791057584 2947, 13801, 57, 0x0000000000000000 | 43.18 58.41 68.68 | cpu  104841615 1691105 26914244 3196917582 67916 0 232887 0 0 0
1791057585 2940, 13801, 58, 0x0000000000000000 | 43.18 58.41 68.68 | cpu  104846749 1691105 26914579 3196941817 67916 0 232898 0 0 0
1791057586 2940, 13801, 58, 0x0000000000000000 | 40.04 57.51 68.34 | cpu  104852071 1691105 26914864 3196963699 67916 0 232899 0 0 0
1791057587 2947, 13801, 57, 0x0000000000000000 | 40.04 57.51 68.34 | cpu  104856952 1691105 26915038 3196986684 67917 0 232902 0 0 0
1791057589 2947, 13801, 57, 0x0000000000000000 | 40.04 57.51 68.34 | cpu  104861878 1691105 26915201 3197009432 67917 0 232902 0 0 0
1791057590 2940, 13801, 58, 0x0000000000000000 | 40.04 57.51 68.34 | cpu  104867332 1691105 26915374 3197032867 67917 0 232903 0 0 0
1791057591 2940, 13801, 57, 0x0000000000000000 | 37.15 56.62 67.99 | cpu  104872546 1691105 26915618 3197056204 67918 0 232904 0 0 0
1791057592 2932, 13801, 58, 0x0000000000000000 | 37.15 56.62 67.99 | cpu  104877155 1691105 26915758 3197081023 67918 0 232906 0 0 0
1791057593 2925, 13801, 58, 0x0000000000000000 | 37.15 56.62 67.99 | cpu  104882012 1691105 26915886 3197104436 67918 0 232906 0 0 0
1791057594 2925, 13801, 59, 0x0000000000000000 | 37.15 56.62 67.99 | cpu  104886894 1691105 26915942 3197127633 67918 0 232906 0 0 0
1791057595 2940, 13801, 58, 0x0000000000000000 | 37.15 56.62 67.99 | cpu  104891922 1691105 26915976 3197150964 67918 0 232906 0 0 0
1791057596 2932, 13801, 58, 0x0000000000000000 | 44.67 57.85 68.33 | cpu  104896977 1691105 26916019 3197174563 67918 0 232906 0 0 0
1791057598 2940, 13801, 58, 0x0000000000000000 | 44.67 57.85 68.33 | cpu  104902094 1691105 26916075 3197197616 67918 0 232907 0 0 0
1791057599 2932, 13801, 59, 0x0000000000000000 | 44.67 57.85 68.33 | cpu  104907154 1691105 26916168 3197220394 67918 0 232908 0 0 0
1791057600 2940, 13801, 58, 0x0000000000000000 | 44.67 57.85 68.33 | cpu  104912018 1691105 26916224 3197243353 67918 0 232908 0 0 0
1791057601 2940, 13801, 59, 0x0000000000000000 | 51.02 58.95 68.63 | cpu  104916983 1691105 26916314 3197267017 67918 0 232908 0 0 0
1791057602 2940, 13801, 57, 0x0000000000000000 | 51.02 58.95 68.63 | cpu  104922101 1691105 26916401 3197290291 67918 0 232908 0 0 0
1791057603 2932, 13801, 59, 0x0000000000000000 | 51.02 58.95 68.63 | cpu  104927169 1691105 26916538 3197312869 67918 0 232909 0 0 0
1791057604 2940, 13801, 58, 0x0000000000000000 | 51.02 58.95 68.63 | cpu  104932423 1691105 26917303 3197336187 67918 0 232909 0 0 0
1791057605 2925, 13801, 60, 0x0000000000000000 | 51.02 58.95 68.63 | cpu  104936889 1691105 26917925 3197359243 67919 0 232909 0 0 0
1791057606 2932, 13801, 59, 0x0000000000000000 | 47.82 58.16 68.32 | cpu  104942037 1691105 26918091 3197382129 67919 0 232912 0 0 0
1791057607 2940, 13801, 58, 0x0000000000000000 | 47.82 58.16 68.32 | cpu  104947548 1691105 26918167 3197405765 67919 0 232912 0 0 0
1791057609 2940, 13801, 57, 0x0000000000000000 | 47.82 58.16 68.32 | cpu  104952568 1691105 26918219 3197429295 67919 0 232913 0 0 0
1791057610 2925, 13801, 58, 0x0000000000000000 | 47.82 58.16 68.32 | cpu  104957719 1691105 26918390 3197452325 67919 0 232913 0 0 0
1791057611 2925, 13801, 59, 0x0000000000000000 | 44.31 57.26 67.97 | cpu  104963053 1691105 26918445 3197475262 67919 0 232913 0 0 0
1791057612 2932, 13801, 59, 0x0000000000000000 | 44.31 57.26 67.97 | cpu  104968862 1691105 26918496 3197497207 67919 0 232914 0 0 0
1791057613 2932, 13801, 59, 0x0000000000000000 | 44.31 57.26 67.97 | cpu  104972895 1691105 26918551 3197521043 67919 0 232915 0 0 0
1791057614 2932, 13801, 54, 0x0000000000000000 | 44.31 57.26 67.97 | cpu  104976897 1691105 26918620 3197545313 67919 0 232915 0 0 0
1791057615 2932, 13801, 59, 0x0000000000000000 | 44.31 57.26 67.97 | cpu  104981417 1691105 26918728 3197568726 67919 0 232916 0 0 0
1791057616 2932, 13801, 58, 0x0000000000000000 | 41.08 56.37 67.63 | cpu  104985912 1691105 26918758 3197592598 67919 0 232916 0 0 0
1791057617 2955, 13801, 57, 0x0000000000000000 | 41.08 56.37 67.63 | cpu  104990298 1691105 26918809 3197616435 67919 0 232916 0 0 0
1791057619 2977, 13801, 58, 0x0000000000000000 | 41.08 56.37 67.63 | cpu  104994875 1691105 26918851 3197639874 67919 0 232917 0 0 0
1791057620 2940, 13801, 57, 0x0000000000000000 | 41.08 56.37 67.63 | cpu  104999658 1691105 26918898 3197663152 67919 0 232917 0 0 0
1791057621 2940, 13801, 58, 0x0000000000000000 | 38.19 55.52 67.29 | cpu  105004448 1691105 26918984 3197686471 67919 0 232917 0 0 0
1791057622 2932, 13801, 59, 0x0000000000000000 | 38.19 55.52 67.29 | cpu  105009379 1691105 26919027 3197709799 67919 0 232917 0 0 0
1791057623 2947, 13801, 57, 0x0000000000000000 | 38.19 55.52 67.29 | cpu  105014285 1691105 26919077 3197733296 67919 0 232917 0 0 0
1791057624 2940, 13801, 59, 0x0000000000000000 | 38.19 55.52 67.29 | cpu  105019394 1691105 26919108 3197756280 67919 0 232917 0 0 0
1791057625 2947, 13801, 57, 0x0000000000000000 | 38.19 55.52 67.29 | cpu  105024725 1691105 26919150 3197778927 67919 0 232918 0 0 0
1791057626 2955, 13801, 58, 0x0000000000000000 | 45.62 56.77 67.63 | cpu  105029693 1691105 26919295 3197801604 67919 0 232919 0 0 0
1791057627 2947, 13801, 58, 0x0000000000000000 | 45.62 56.77 67.63 | cpu  105034488 1691105 26919362 3197825568 67919 0 232920 0 0 0
1791057628 2932, 13801, 59, 0x0000000000000000 | 45.62 56.77 67.63 | cpu  105039524 1691105 26919431 3197849108 67919 0 232920 0 0 0
1791057630 2932, 13801, 58, 0x0000000000000000 | 45.62 56.77 67.63 | cpu  105044604 1691105 26919833 3197870938 67920 0 232920 0 0 0
1791057631 2947, 13801, 56, 0x0000000000000000 | 42.37 55.91 67.30 | cpu  105048932 1691105 26920521 3197894581 67920 0 232921 0 0 0
1791057632 2940, 13801, 58, 0x0000000000000000 | 42.37 55.91 67.30 | cpu  105053835 1691105 26920911 3197917888 67920 0 232922 0 0 0
1791057633 2947, 13801, 58, 0x0000000000000000 | 42.37 55.91 67.30 | cpu  105058953 1691105 26920951 3197940256 67920 0 232922 0 0 0
1791057634 2947, 13801, 59, 0x0000000000000000 | 42.37 55.91 67.30 | cpu  105064567 1691105 26921014 3197962880 67920 0 232923 0 0 0
1791057635 2940, 13801, 59, 0x0000000000000000 | 42.37 55.91 67.30 | cpu  105069825 1691105 26921053 3197985909 67920 0 232923 0 0 0
1791057636 2932, 13801, 58, 0x0000000000000000 | 39.22 55.03 66.95 | cpu  105074759 1691105 26921105 3198008807 67920 0 232924 0 0 0
1791057637 2940, 13801, 57, 0x0000000000000000 | 39.22 55.03 66.95 | cpu  105079857 1691105 26921265 3198032575 67920 0 232924 0 0 0
1791057638 2925, 13801, 58, 0x0000000000000000 | 39.22 55.03 66.95 | cpu  105084749 1691105 26921348 3198055374 67920 0 232925 0 0 0
1791057639 2925, 13801, 59, 0x0000000000000000 | 39.22 55.03 66.95 | cpu  105089411 1691105 26921401 3198079007 67920 0 232925 0 0 0
1791057641 2932, 13801, 59, 0x0000000000000000 | 36.48 54.20 66.62 | cpu  105094363 1691105 26921504 3198101822 67920 0 232926 0 0 0
1791057642 2947, 13801, 57, 0x0000000000000000 | 36.48 54.20 66.62 | cpu  105099440 1691105 26921573 3198124697 67920 0 232926 0 0 0
1791057643 2947, 13801, 58, 0x0000000000000000 | 36.48 54.20 66.62 | cpu  105103862 1691105 26921766 3198147822 67921 0 232926 0 0 0
1791057644 2932, 13801, 58, 0x0000000000000000 | 36.48 54.20 66.62 | cpu  105108520 1691105 26921844 3198170994 67921 0 232926 0 0 0
1791057645 2932, 13801, 53, 0x0000000000000000 | 36.48 54.20 66.62 | cpu  105113530 1691105 26921944 3198194079 67921 0 232927 0 0 0
1791057646 2940, 13801, 57, 0x0000000000000000 | 43.97 55.46 66.96 | cpu  105118362 1691105 26922067 3198217960 67921 0 232927 0 0 0
1791057647 2932, 13801, 58, 0x0000000000000000 | 43.97 55.46 66.96 | cpu  105123312 1691105 26922138 3198241327 67921 0 232927 0 0 0
1791057648 2947, 13801, 59, 0x0000000000000000 | 43.97 55.46 66.96 | cpu  105128036 1691105 26922343 3198266171 67921 0 232928 0 0 0
1791057649 2947, 13801, 58, 0x0000000000000000 | 43.97 55.46 66.96 | cpu  105133046 1691105 26922423 3198290494 67921 0 232928 0 0 0
1791057651 2925, 13801, 58, 0x0000000000000000 | 40.76 54.61 66.62 | cpu  105138024 1691105 26922482 3198315664 67921 0 232929 0 0 0
1791057652 2925, 13801, 57, 0x0000000000000000 | 40.76 54.61 66.62 | cpu  105143628 1691105 26922605 3198337486 67921 0 232930 0 0 0
1791057653 2947, 13801, 57, 0x0000000000000000 | 40.76 54.61 66.62 | cpu  105149065 1691105 26922672 3198360416 67921 0 232931 0 0 0
1791057654 2940, 13801, 58, 0x0000000000000000 | 40.76 54.61 66.62 | cpu  105153910 1691105 26922806 3198384295 67921 0 232931 0 0 0
1791057655 2940, 13801, 59, 0x0000000000000000 | 40.76 54.61 66.62 | cpu  105159067 1691105 26922960 3198407573 67921 0 232932 0 0 0
1791057656 2932, 13801, 57, 0x0000000000000000 | 47.91 55.86 66.96 | cpu  105164290 1691105 26923012 3198431308 67921 0 232933 0 0 0
1791057657 2940, 13801, 58, 0x0000000000000000 | 47.91 55.86 66.96 | cpu  105169095 1691105 26923127 3198455420 67921 0 232934 0 0 0
1791057659 2925, 13801, 58, 0x0000000000000000 | 47.91 55.86 66.96 | cpu  105174157 1691105 26923262 3198478831 67921 0 232934 0 0 0
1791057660 2932, 13801, 60, 0x0000000000000000 | 47.91 55.86 66.96 | cpu  105179146 1691105 26923436 3198502616 67921 0 232935 0 0 0
1791057661 2985, 13801, 58, 0x0000000000000000 | 44.39 55.00 66.62 | cpu  105183354 1691105 26923528 3198528034 67921 0 232936 0 0 0
1791057662 2940, 13801, 57, 0x0000000000000000 | 44.39 55.00 66.62 | cpu  105187667 1691105 26923643 3198552535 67921 0 232936 0 0 0
1791057663 2955, 13801, 56, 0x0000000000000000 | 44.39 55.00 66.62 | cpu  105192000 1691105 26923775 3198576621 67921 0 232937 0 0 0
1791057664 2940, 13801, 58, 0x0000000000000000 | 44.39 55.00 66.62 | cpu  105196386 1691105 26923828 3198600586 67921 0 232937 0 0 0
1791057665 2940, 13801, 58, 0x0000000000000000 | 44.39 55.00 66.62 | cpu  105200647 1691105 26923933 3198624161 67922 0 232937 0 0 0
1791057666 2947, 13801, 59, 0x0000000000000000 | 41.16 54.15 66.29 | cpu  105205640 1691105 26923980 3198647610 67922 0 232938 0 0 0
1791057667 2940, 13801, 58, 0x0000000000000000 | 41.16 54.15 66.29 | cpu  105210276 1691105 26924086 3198670623 67922 0 232938 0 0 0
1791057669 2955, 13801, 56, 0x0000000000000000 | 41.16 54.15 66.29 | cpu  105215140 1691105 26924173 3198694388 67922 0 232939 0 0 0
1791057670 2940, 13801, 56, 0x0000000000000000 | 41.16 54.15 66.29 | cpu  105220729 1691105 26924309 3198716377 67922 0 232939 0 0 0
1791057671 2940, 13801, 58, 0x0000000000000000 | 38.34 53.35 65.96 | cpu  105225867 1691105 26924441 3198739908 67922 0 232939 0 0 0
1791057672 2932, 13801, 58, 0x0000000000000000 | 38.34 53.35 65.96 | cpu  105230588 1691105 26924477 3198763772 67922 0 232940 0 0 0
1791057673 2940, 13801, 57, 0x0000000000000000 | 38.34 53.35 65.96 | cpu  105235449 1691105 26924518 3198787621 67922 0 232940 0 0 0
1791057674 2932, 13801, 57, 0x0000000000000000 | 38.34 53.35 65.96 | cpu  105240290 1691105 26924545 3198811611 67922 0 232944 0 0 0
1791057675 2940, 13801, 57, 0x0000000000000000 | 38.34 53.35 65.96 | cpu  105244946 1691105 26924598 3198835419 67922 0 232944 0 0 0
1791057676 2932, 13801, 60, 0x0000000000000000 | 38.00 53.03 65.79 | cpu  105249998 1691105 26924683 3198858563 67922 0 232944 0 0 0
1791057677 2925, 13801, 57, 0x0000000000000000 | 38.00 53.03 65.79 | cpu  105255010 1691105 26924769 3198882687 67922 0 232946 0 0 0
1791057679 2925, 13801, 58, 0x0000000000000000 | 38.00 53.03 65.79 | cpu  105259848 1691105 26924829 3198906375 67922 0 232946 0 0 0
1791057680 2940, 13801, 58, 0x0000000000000000 | 38.00 53.03 65.79 | cpu  105264875 1691105 26924869 3198930951 67922 0 232947 0 0 0
1791057681 2947, 13801, 57, 0x0000000000000000 | 35.27 52.22 65.46 | cpu  105270214 1691105 26925006 3198953394 67922 0 232947 0 0 0
1791057682 2947, 13801, 56, 0x0000000000000000 | 35.27 52.22 65.46 | cpu  105275475 1691105 26925092 3198975530 67922 0 232948 0 0 0
1791057683 2932, 13801, 57, 0x0000000000000000 | 35.27 52.22 65.46 | cpu  105280155 1691105 26925126 3198998756 67922 0 232949 0 0 0
1791057684 2932, 13801, 58, 0x0000000000000000 | 35.27 52.22 65.46 | cpu  105285338 1691105 26925206 3199021375 67922 0 232951 0 0 0
1791057685 2955, 13801, 56, 0x0000000000000000 | 35.27 52.22 65.46 | cpu  105290497 1691105 26925246 3199044415 67922 0 232953 0 0 0
1791057686 2940, 13801, 59, 0x0000000000000000 | 32.69 51.40 65.12 | cpu  105295620 1691105 26925300 3199067934 67922 0 232953 0 0 0
1791057687 2947, 13801, 56, 0x0000000000000000 | 32.69 51.40 65.12 | cpu  105300496 1691105 26925398 3199091515 67922 0 232954 0 0 0
1791057689 2947, 13801, 57, 0x0000000000000000 | 32.69 51.40 65.12 | cpu  105305535 1691105 26925482 3199114995 67922 0 232954 0 0 0
1791057690 2940, 13801, 59, 0x0000000000000000 | 32.69 51.40 65.12 | cpu  105310434 1691105 26925510 3199137866 67922 0 232954 0 0 0
1791057691 2955, 13801, 58, 0x0000000000000000 | 30.31 50.59 64.79 | cpu  105315374 1691105 26925567 3199160643 67922 0 232954 0 0 0
1791057692 2947, 13801, 57, 0x0000000000000000 | 30.31 50.59 64.79 | cpu  105320572 1691105 26925693 3199182978 67922 0 232956 0 0 0
1791057693 2955, 13801, 57, 0x0000000000000000 | 30.31 50.59 64.79 | cpu  105325740 1691105 26925794 3199205990 67922 0 232957 0 0 0
1791057694 2955, 13801, 56, 0x0000000000000000 | 30.31 50.59 64.79 | cpu  105330706 1691105 26925845 3199229262 67922 0 232958 0 0 0
1791057695 2932, 13801, 61, 0x0000000000000000 | 30.31 50.59 64.79 | cpu  105336010 1691105 26925895 3199254137 67922 0 232958 0 0 0
1791057696 2932, 13801, 59, 0x0000000000000000 | 38.45 51.95 65.15 | cpu  105340912 1691105 26925966 3199277272 67922 0 232959 0 0 0
1791057697 2940, 13801, 59, 0x0000000000000000 | 38.45 51.95 65.15 | cpu  105345484 1691105 26926124 3199301069 67922 0 232959 0 0 0
1791057699 2932, 13801, 59, 0x0000000000000000 | 38.45 51.95 65.15 | cpu  105349381 1691105 26926249 3199325506 67922 0 232960 0 0 0
1791057700 2947, 13801, 58, 0x0000000000000000 | 38.45 51.95 65.15 | cpu  105353307 1691105 26926297 3199349446 67922 0 232960 0 0 0
1791057701 2985, 13801, 51, 0x0000000000000000 | 38.82 51.80 65.03 | cpu  105357292 1691105 26926374 3199373233 67922 0 232960 0 0 0
1791057702 2632, 13801, 50, 0x0000000000000000 | 38.82 51.80 65.03 | cpu  105361451 1691105 26926404 3199396698 67922 0 232961 0 0 0
1791057703 2572, 13801, 49, 0x0000000000000000 | 38.82 51.80 65.03 | cpu  105365462 1691105 26926478 3199420382 67922 0 232961 0 0 0
1791057704 2580, 13801, 49, 0x0000000000000000 | 38.82 51.80 65.03 | cpu  105369759 1691105 26926566 3199444694 67922 0 232961 0 0 0
1791057705 2955, 13801, 56, 0x0000000000000000 | 38.82 51.80 65.03 | cpu  105373963 1691105 26926606 3199468434 67922 0 232961 0 0 0
1791057706 2970, 13801, 51, 0x0000000000000000 | 36.03 51.00 64.70 | cpu  105378092 1691105 26926639 3199491846 67922 0 232961 0 0 0
1791057707 2955, 13801, 55, 0x0000000000000000 | 36.03 51.00 64.70 | cpu  105382944 1691105 26926693 3199515404 67922 0 232962 0 0 0
1791057708 2932, 13801, 56, 0x0000000000000000 | 36.03 51.00 64.70 | cpu  105388042 1691105 26926764 3199538509 67922 0 232962 0 0 0
1791057710 2947, 13801, 56, 0x0000000000000000 | 36.03 51.00 64.70 | cpu  105393268 1691105 26926885 3199561365 67922 0 232966 0 0 0
1791057711 2947, 13801, 57, 0x0000000000000000 | 43.64 52.33 65.06 | cpu  105398088 1691105 26926976 3199584979 67922 0 232967 0 0 0
1791057712 2932, 13801, 58, 0x0000000000000000 | 43.64 52.33 65.06 | cpu  105402723 1691106 26927086 3199608866 67922 0 232968 0 0 0
1791057713 2932, 13801, 57, 0x0000000000000000 | 43.64 52.33 65.06 | cpu  105407728 1691106 26927169 3199632450 67922 0 232968 0 0 0
1791057714 2940, 13801, 56, 0x0000000000000000 | 43.64 52.33 65.06 | cpu  105412143 1691106 26927416 3199655706 67922 0 232970 0 0 0
1791057715 2947, 13801, 55, 0x0000000000000000 | 43.64 52.33 65.06 | cpu  105417400 1691106 26927502 3199678555 67922 0 232970 0 0 0
1791057716 2932, 13801, 57, 0x0000000000000000 | 40.54 51.55 64.74 | cpu  105422323 1691106 26927556 3199701310 67922 0 232970 0 0 0
1791057717 2947, 13801, 57, 0x0000000000000000 | 40.54 51.55 64.74 | cpu  105427624 1691106 26927665 3199725174 67923 0 232971 0 0 0
1791057718 2947, 13801, 56, 0x0000000000000000 | 40.54 51.55 64.74 | cpu  105432602 1691106 26927736 3199748651 67923 0 232973 0 0 0
1791057720 2955, 13801, 56, 0x0000000000000000 | 40.54 51.55 64.74 | cpu  105437784 1691106 26927944 3199770555 67923 0 232974 0 0 0
1791057721 2955, 13801, 56, 0x0000000000000000 | 37.69 50.77 64.42 | cpu  105442830 1691106 26928082 3199794531 67923 0 232975 0 0 0
1791057722 2932, 13801, 56, 0x0000000000000000 | 37.69 50.77 64.42 | cpu  105448053 1691106 26928148 3199818414 67923 0 232975 0 0 0
1791057723 2925, 13801, 57, 0x0000000000000000 | 37.69 50.77 64.42 | cpu  105452911 1691106 26928240 3199841505 67923 0 232975 0 0 0
1791057724 2932, 13801, 57, 0x0000000000000000 | 37.69 50.77 64.42 | cpu  105457898 1691106 26928305 3199864771 67923 0 232978 0 0 0
1791057725 2940, 13801, 57, 0x0000000000000000 | 37.69 50.77 64.42 | cpu  105463045 1691106 26928456 3199889701 67923 0 232978 0 0 0
1791057726 2932, 13801, 56, 0x0000000000000000 | 35.00 50.00 64.09 | cpu  105467852 1691106 26928622 3199913185 67923 0 232978 0 0 0
1791057727 2925, 13801, 56, 0x0000000000000000 | 35.00 50.00 64.09 | cpu  105472878 1691106 26928774 3199936462 67923 0 232978 0 0 0
1791057729 2932, 13801, 58, 0x0000000000000000 | 35.00 50.00 64.09 | cpu  105477658 1691106 26928823 3199960945 67924 0 232979 0 0 0
1791057730 2932, 13801, 58, 0x0000000000000000 | 35.00 50.00 64.09 | cpu  105482404 1691106 26928952 3199985553 67924 0 232980 0 0 0
1791057731 2932, 13801, 57, 0x0000000000000000 | 32.51 49.23 63.77 | cpu  105487110 1691106 26929058 3200008619 67924 0 232981 0 0 0
1791057732 2940, 13801, 56, 0x0000000000000000 | 32.51 49.23 63.77 | cpu  105491968 1691106 26929136 3200031951 67924 0 232982 0 0 0
1791057733 2925, 13801, 58, 0x0000000000000000 | 32.51 49.23 63.77 | cpu  105497043 1691106 26929191 3200056284 67924 0 232982 0 0 0
1791057734 2925, 13801, 56, 0x0000000000000000 | 32.51 49.23 63.77 | cpu  105501980 1691106 26929222 3200079026 67924 0 232982 0 0 0
1791057735 2970, 13801, 56, 0x0000000000000000 | 32.51 49.23 63.77 | cpu  105506941 1691106 26929267 3200102513 67924 0 232982 0 0 0
1791057736 2940, 13801, 59, 0x0000000000000000 | 30.23 48.48 63.45 | cpu  105511527 1691106 26929340 3200126254 67924 0 232982 0 0 0
1791057737 2940, 13801, 58, 0x0000000000000000 | 30.23 48.48 63.45 | cpu  105515684 1691106 26929440 3200150013 67924 0 232983 0 0 0
1791057739 2932, 13801, 57, 0x0000000000000000 | 30.23 48.48 63.45 | cpu  105520392 1691106 26929498 3200174952 67924 0 232988 0 0 0
1791057740 2932, 13801, 57, 0x0000000000000000 | 30.23 48.48 63.45 | cpu  105524675 1691106 26929531 3200199472 67924 0 232990 0 0 0
1791057741 2932, 13801, 56, 0x0000000000000000 | 28.05 47.73 63.12 | cpu  105528943 1691106 26929564 3200222464 67924 0 232990 0 0 0
1791057742 2940, 13801, 57, 0x0000000000000000 | 28.05 47.73 63.12 | cpu  105533186 1691106 26929592 3200246103 67924 0 232991 0 0 0
1791057743 2932, 13801, 59, 0x0000000000000000 | 28.05 47.73 63.12 | cpu  105537523 1691106 26929655 3200269921 67924 0 232991 0 0 0
1791057744 2932, 13801, 58, 0x0000000000000000 | 28.05 47.73 63.12 | cpu  105542203 1691106 26929718 3200293361 67924 0 232991 0 0 0
1791057745 2940, 13801, 58, 0x0000000000000000 | 28.05 47.73 63.12 | cpu  105547059 1691106 26929775 3200317475 67924 0 232993 0 0 0
1791057746 2940, 13801, 58, 0x0000000000000000 | 26.04 46.98 62.80 | cpu  105551523 1691106 26929803 3200341257 67924 0 232993 0 0 0
1791057747 2940, 13801, 58, 0x0000000000000000 | 26.04 46.98 62.80 | cpu  105555876 1691106 26929842 3200365194 67924 0 232994 0 0 0
1791057749 2925, 13801, 58, 0x0000000000000000 | 26.04 46.98 62.80 | cpu  105560072 1691106 26929907 3200389764 67924 0 232994 0 0 0
1791057750 2932, 13801, 58, 0x0000000000000000 | 26.04 46.98 62.80 | cpu  105564209 1691106 26929953 3200413554 67924 0 232994 0 0 0
1791057751 2985, 13801, 52, 0x0000000000000000 | 34.37 48.36 63.16 | cpu  105568422 1691106 26930010 3200437508 67924 0 232994 0 0 0
1791057752 2985, 13801, 51, 0x0000000000000000 | 34.37 48.36 63.16 | cpu  105572704 1691106 26930096 3200461611 67924 0 232996 0 0 0
1791057753 2572, 13801, 50, 0x0000000000000000 | 34.37 48.36 63.16 | cpu  105577187 1691106 26930174 3200485190 67924 0 232996 0 0 0
1791057754 2572, 13801, 49, 0x0000000000000000 | 34.37 48.36 63.16 | cpu  105581552 1691106 26930276 3200508515 67924 0 232997 0 0 0
1791057755 2572, 13801, 49, 0x0000000000000000 | 34.37 48.36 63.16 | cpu  105585881 1691106 26930369 3200531915 67924 0 232997 0 0 0
1791057756 2572, 13801, 49, 0x0000000000000000 | 31.86 47.61 62.84 | cpu  105590502 1691106 26930448 3200555930 67924 0 232997 0 0 0
1791057757 2572, 13801, 49, 0x0000000000000000 | 31.86 47.61 62.84 | cpu  105594846 1691106 26930538 3200580131 67924 0 232998 0 0 0
1791057759 2572, 13801, 48, 0x0000000000000000 | 31.86 47.61 62.84 | cpu  105599280 1691106 26930630 3200604306 67924 0 232998 0 0 0
1791057760 2572, 13801, 48, 0x0000000000000000 | 31.86 47.61 62.84 | cpu  105603750 1691106 26930757 3200627612 67924 0 232999 0 0 0
1791057761 2572, 13801, 48, 0x0000000000000000 | 29.54 46.87 62.52 | cpu  105608115 1691106 26930863 3200651154 67924 0 232999 0 0 0
1791057762 2572, 13801, 48, 0x0000000000000000 | 29.54 46.87 62.52 | cpu  105612665 1691106 26930954 3200675316 67924 0 233000 0 0 0
1791057763 2572, 13801, 48, 0x0000000000000000 | 29.54 46.87 62.52 | cpu  105616701 1691106 26931035 3200699016 67924 0 233001 0 0 0
1791057764 2572, 13801, 48, 0x0000000000000000 | 29.54 46.87 62.52 | cpu  105621503 1691106 26931136 3200722782 67924 0 233001 0 0 0
1791057765 2572, 13801, 47, 0x0000000000000000 | 29.54 46.87 62.52 | cpu  105627208 1691106 26931235 3200744747 67924 0 233001 0 0 0
1791057766 2572, 13801, 47, 0x0000000000000000 | 37.75 48.28 62.89 | cpu  105632541 1691106 26931337 3200767726 67924 0 233001 0 0 0
1791057767 2572, 13801, 47, 0x0000000000000000 | 37.75 48.28 62.89 | cpu  105637314 1691106 26931418 3200790580 67924 0 233001 0 0 0
1791057768 2572, 13801, 47, 0x0000000000000000 | 37.75 48.28 62.89 | cpu  105642700 1691106 26931518 3200813939 67924 0 233002 0 0 0
1791057770 2572, 13801, 47, 0x0000000000000000 | 37.75 48.28 62.89 | cpu  105647462 1691106 26931606 3200837643 67924 0 233003 0 0 0
1791057771 2572, 13801, 47, 0x0000000000000000 | 35.05 47.55 62.57 | cpu  105652268 1691106 26931716 3200861050 67924 0 233003 0 0 0
1791057772 2572, 13801, 47, 0x0000000000000000 | 35.05 47.55 62.57 | cpu  105656907 1691106 26931829 3200884952 67924 0 233003 0 0 0
1791057773 2572, 13801, 47, 0x0000000000000000 | 35.05 47.55 62.57 | cpu  105661365 1691106 26931959 3200908914 67924 0 233003 0 0 0
1791057774 2572, 13801, 46, 0x0000000000000000 | 35.05 47.55 62.57 | cpu  105665095 1691106 26932052 3200932919 67924 0 233003 0 0 0
1791057775 2572, 13801, 46, 0x0000000000000000 | 35.05 47.55 62.57 | cpu  105669326 1691106 26932148 3200958079 67924 0 233003 0 0 0
1791057776 2572, 13801, 46, 0x0000000000000000 | 42.81 48.95 62.95 | cpu  105674077 1691106 26932262 3200981941 67924 0 233003 0 0 0
1791057777 2572, 13801, 46, 0x0000000000000000 | 42.81 48.95 62.95 | cpu  105679219 1691106 26932381 3201006542 67924 0 233004 0 0 0
1791057779 2572, 13801, 46, 0x0000000000000000 | 42.81 48.95 62.95 | cpu  105684103 1691106 26932493 3201029824 67924 0 233006 0 0 0
1791057780 2572, 13801, 46, 0x0000000000000000 | 42.81 48.95 62.95 | cpu  105689608 1691106 26932684 3201053795 67935 0 233006 0 0 0
1791057781 2572, 13801, 46, 0x0000000000000000 | 39.78 48.22 62.63 | cpu  105695299 1691106 26932893 3201077179 67935 0 233006 0 0 0
1791057782 2572, 13801, 46, 0x0000000000000000 | 39.78 48.22 62.63 | cpu  105700080 1691106 26933133 3201101457 67935 0 233007 0 0 0
1791057783 2572, 13801, 46, 0x0000000000000000 | 39.78 48.22 62.63 | cpu  105705529 1691107 26933223 3201125877 67935 0 233008 0 0 0
1791057784 2572, 13801, 46, 0x0000000000000000 | 39.78 48.22 62.63 | cpu  105711040 1691107 26933353 3201149712 67935 0 233009 0 0 0
