{
  "bitsandbytes_version": "0.49.2",
  "cuda_version": "12.8",
  "final_weight_div_AB": 0.2275849171967766,
  "final_weight_div_AC": 0.20298640958991981,
  "first_flip_step_AB": 3,
  "first_flip_step_AC": 3,
  "first_weight_div_step_AB": 2,
  "first_weight_div_step_AC": 2,
  "flip_AB": [
    0,
    0,
    7,
    1,
    3,
    10,
    7,
    5,
    4,
    9,
    6,
    5,
    4,
    12,
    14,
    18,
    21,
    8,
    11,
    21,
    7,
    3,
    4,
    7,
    5,
    17,
    12,
    40,
    11,
    9,
    20,
    15,
    16,
    26,
    18,
    19,
    36,
    26,
    14,
    16,
    10,
    6,
    17,
    15,
    25,
    16,
    9,
    27,
    32,
    32,
    18,
    9,
    15,
    6,
    24,
    29,
    26,
    16,
    21,
    24
  ],
  "flip_AC": [
    0,
    0,
    6,
    2,
    2,
    2,
    4,
    3,
    5,
    6,
    5,
    9,
    6,
    12,
    26,
    21,
    21,
    7,
    6,
    27,
    4,
    4,
    9,
    6,
    6,
    18,
    9,
    35,
    11,
    10,
    16,
    13,
    10,
    21,
    15,
    16,
    31,
    24,
    13,
    20,
    7,
    7,
    17,
    15,
    20,
    16,
    9,
    26,
    32,
    28,
    17,
    8,
    17,
    5,
    22,
    25,
    16,
    15,
    17,
    18
  ],
  "gpu_name": "NVIDIA RTX A5000",
  "job_type": "divergence_curve",
  "loss_A": [
    1.1868918389081955,
    1.3382505774497986,
    1.5627848953008652,
    1.292685329914093,
    1.1773887760937214,
    1.5413563251495361,
    1.3380343317985535,
    0.8806545613333583,
    1.0871362015604973,
    1.198807641863823,
    1.7317077815532684,
    1.4328589737415314,
    1.4291767328977585,
    0.6618245802819729,
    0.516582790762186,
    0.8925856985151768,
    0.6698669940233231,
    0.9129120130091906,
    1.2944619357585907,
    1.0553111881017685,
    1.9229386001825333,
    1.305823802947998,
    1.4081211239099503,
    0.9831964895129204,
    0.6254352354444563,
    1.9217569008469582,
    1.0273235365748405,
    1.0590158998966217,
    0.9246008322807029,
    0.5307946279644966,
    1.4228303879499435,
    1.0387109816074371,
    1.0585497617721558,
    1.249915972352028,
    0.7996592056006193,
    0.6742043234407902,
    0.6705684810876846,
    0.7110001891851425,
    1.5652373135089874,
    1.7236663848161697,
    1.4898215681314468,
    1.345673754811287,
    1.2061015963554382,
    1.4333084523677826,
    1.0791439712047577,
    1.0879082754254341,
    1.6709848195314407,
    0.9221968054771423,
    0.590037152171135,
    1.0710783302783966,
    1.1929318010807037,
    1.2792043387889862,
    3.3616245687007904,
    1.5964060723781586,
    1.3511060178279877,
    1.4922695085406303,
    1.121994286775589,
    2.9917385578155518,
    0.6453006193041801,
    0.5261097680777311
  ],
  "loss_B": [
    1.1868918389081955,
    1.3382505774497986,
    1.561659261584282,
    1.2861979454755783,
    1.1750677898526192,
    1.5413039401173592,
    1.336612492799759,
    0.8738888902589679,
    1.0804466754198074,
    1.205299124121666,
    1.7421797215938568,
    1.4399580657482147,
    1.4341450780630112,
    0.6180751491338015,
    0.5465315710753202,
    0.9297990738414228,
    0.6706594303250313,
    1.03162089176476,
    1.3068476021289825,
    1.0399188697338104,
    1.9847379475831985,
    1.3004838824272156,
    1.497318685054779,
    0.968857929110527,
    0.6527919108048081,
    1.915238507091999,
    1.002191562205553,
    1.0592314898967743,
    0.9321993624325842,
    0.5140957683324814,
    1.3943652510643005,
    1.0204851999878883,
    1.0646005868911743,
    1.2603939175605774,
    0.8032999152783304,
    0.6730988472700119,
    0.6928927786648273,
    0.7784012109041214,
    1.770750254392624,
    1.704972043633461,
    1.4973573833703995,
    1.3375164866447449,
    1.2148891687393188,
    1.4737288653850555,
    1.0616480000317097,
    1.1197251975536346,
    1.6032043248414993,
    0.9274474456906319,
    0.5962341651320457,
    1.064280167222023,
    1.157554293051362,
    1.2713838517665863,
    3.327574610710144,
    1.5893829762935638,
    1.3666622340679169,
    1.475813314318657,
    1.1362376138567924,
    2.936178684234619,
    0.6516433954238892,
    0.5258656358346343
  ],
  "loss_C": [
    1.1868918389081955,
    1.3382505774497986,
    1.5607035756111145,
    1.2872152924537659,
    1.172210592776537,
    1.538654325529933,
    1.3429216742515564,
    0.8782337578013539,
    1.074350044131279,
    1.1997588723897934,
    1.7392241954803467,
    1.4409528076648712,
    1.4328532665967941,
    0.6321543529629707,
    0.5363178811967373,
    0.9161681928671896,
    0.6739959642291069,
    1.0698221046477556,
    1.290737897157669,
    1.0563356131315231,
    1.9392754286527634,
    1.3111632168293,
    1.4332899153232574,
    0.9820099174976349,
    0.631073335185647,
    1.903298057615757,
    0.9950557872653008,
    1.0715372562408447,
    0.9256688794121146,
    0.5242369286715984,
    1.4191035330295563,
    1.0187361985445023,
    1.069728210568428,
    1.246213138103485,
    0.812000036239624,
    0.6655921563506126,
    0.6850964389741421,
    0.7600421756505966,
    1.6613980829715729,
    1.6776327788829803,
    1.4995169937610626,
    1.3534990698099136,
    1.202636569738388,
    1.4568161964416504,
    1.083372112363577,
    1.139529101550579,
    1.58875323086977,
    0.911364583298564,
    0.6202401332557201,
    1.0776184499263763,
    1.1704737497493625,
    1.2746502757072449,
    3.262161284685135,
    1.6193726360797882,
    1.3610246926546097,
    1.4875478893518448,
    1.1446249783039093,
    2.997525542974472,
    0.6476763561367989,
    0.5204405514523387
  ],
  "n_params_total": 60817408,
  "seed": 0,
  "status": "pass",
  "steps": 60,
  "storage_mode": "bf16",
  "subset_K": 2000000,
  "timestamp": "2026-07-06T00:16:53Z",
  "torch_version": "2.8.0+cu128",
  "weight_div_AB": [
    0.0,
    0.00014972653020425017,
    0.003606990150686258,
    0.007733068742667489,
    0.013216172219954546,
    0.01925357103890858,
    0.024754911829420193,
    0.029921270402490992,
    0.03486477274663052,
    0.03954614895364727,
    0.044083407276116794,
    0.04835472693904783,
    0.05250707564234671,
    0.05669574343920727,
    0.06083403394650253,
    0.06507727358604236,
    0.06926678473836759,
    0.07398680395253063,
    0.07934380650123907,
    0.0849771522424503,
    0.0907233190618539,
    0.09622894546358696,
    0.10172135254425141,
    0.10708966316138818,
    0.11227248987718336,
    0.11731847809643736,
    0.12221474057372066,
    0.12694037716949919,
    0.1315472057762717,
    0.13611818569796044,
    0.14067146738014222,
    0.14509473883297222,
    0.14938662265275257,
    0.15353725888084283,
    0.15751566494204589,
    0.16134405064964746,
    0.1650261451666722,
    0.16861228678180776,
    0.17213010292553138,
    0.175621468557182,
    0.17903439744640254,
    0.1822815271308547,
    0.1854074549638092,
    0.1884040417313493,
    0.19132451847371232,
    0.19416994882974534,
    0.19696525237426532,
    0.19970556759080318,
    0.20238194137350254,
    0.2049885794078389,
    0.20754930400420063,
    0.21006324138866825,
    0.21253022468554553,
    0.214911848694625,
    0.2171965779218205,
    0.21939469638273928,
    0.22152633893437276,
    0.22359483525806434,
    0.22561466232194485,
    0.2275849171967766
  ],