{
 "modes": [
  "fp4",
  "nf4",
  "int8",
  "fp8",
  "fp16"
 ],
 "pearson": [
  [
   1.0,
   0.7443,
   0.301,
   0.5843,
   0.3926
  ],
  [
   0.7443,
   1.0,
   0.3177,
   0.79,
   0.5204
  ],
  [
   0.301,
   0.3177,
   1.0,
   0.622,
   0.7447
  ],
  [
   0.5843,
   0.79,
   0.622,
   1.0,
   0.7199
  ],
  [
   0.3926,
   0.5204,
   0.7447,
   0.7199,
   1.0
  ]
 ],
 "spearman": [
  [
   1.0,
   0.4734,
   0.1908,
   0.2267,
   0.1786
  ],
  [
   0.4734,
   1.0,
   0.0712,
   0.145,
   0.0319
  ],
  [
   0.1908,
   0.0712,
   1.0,
   0.4482,
   0.6356
  ],
  [
   0.2267,
   0.145,
   0.4482,
   1.0,
   0.4505
  ],
  [
   0.1786,
   0.0319,
   0.6356,
   0.4505,
   1.0
  ]
 ],
 "eigenvalues": [
  3.319,
  0.9958,
  0.3487,
  0.2235,
  0.113
 ],
 "pc1_loadings": [
  -0.4045,
  -0.4598,
  -0.3983,
  -0.5073,
  -0.4571
 ],
 "pc2_loadings": [
  0.5294,
  0.4474,
  -0.5952,
  0.006,
  -0.4065
 ],
 "triad_loadings_nf4_fp4_fp8": [
  1.0032,
  0.742,
  0.7875
 ],
 "example_index": [
  0,
  1,
  2,
  3,
  4,
  5,
  6,
  7,
  8,
  9,
  10,
  11,
  12,
  13,
  14,
  15,
  16,
  17,
  18,
  19,
  20,
  21,
  22,
  23,
  24,
  25,
  26,
  27,
  28,
  29,
  30,
  31,
  32,
  33,
  34,
  35,
  36,
  37,
  38,
  39,
  40,
  41,
  42,
  43,
  44,
  45,
  46,
  47,
  48,
  49,
  50,
  51,
  52,
  53,
  54,
  55,
  56,
  57,
  58,
  59,
  60,
  61,
  62,
  63
 ],
 "pc1_scores": [
  1.26037,
  0.44889,
  -0.19461,
  -0.22572,
  -0.18555,
  0.05904,
  -0.13011,
  0.45997,
  2.11026,
  -0.99549,
  12.71987,
  -0.52639,
  -0.58148,
  0.37561,
  -1.19938,
  0.29897,
  -1.30051,
  -2.50292,
  -2.7907,
  -1.43513,
  0.45862,
  -0.13051,
  0.34581,
  -0.43461,
  0.41664,
  1.94902,
  0.98866,
  -0.87775,
  -0.23349,
  0.09053,
  -0.25329,
  -0.15736,
  0.09812,
  0.57019,
  0.22212,
  -1.2211,
  -0.26875,
  -0.08539,
  -0.38112,
  -0.62187,
  -0.12501,
  -0.33774,
  -0.76142,
  0.42038,
  -0.22869,
  -0.87778,
  -2.2031,
  -0.30168,
  -0.32945,
  -0.01172,
  0.53074,
  0.50242,
  -0.10864,
  -0.49462,
  -0.35485,
  -0.21614,
  -0.08247,
  -0.72126,
  0.68152,
  0.495,
  -0.31483,
  -1.28681,
  0.06912,
  -0.08241
 ],
 "pc2_scores": [
  -0.83516,
  1.85925,
  0.81106,
  0.189,
  -0.33593,
  -0.46585,
  0.20669,
  0.64722,
  0.09377,
  -0.17116,
  -1.19557,
  0.14473,
  -0.34815,
  -0.36161,
  -0.09468,
  -0.29779,
  -1.84638,
  -0.66656,
  -0.6493,
  2.22154,
  0.01406,
  0.08295,
  0.00197,
  -0.01891,
  2.26928,
  5.07667,
  0.28303,
  -1.30351,
  -0.36125,
  -0.00197,
  -0.25351,
  -0.27425,
  0.70301,
  -0.18844,
  -0.08778,
  -0.43845,
  -0.40348,
  -2.02708,
  -0.08069,
  0.50354,
  -0.22701,
  0.06412,
  -0.48096,
  0.51459,
  0.01021,
  -0.38264,
  0.46458,
  -2.13231,
  0.00229,
  -0.13823,
  -0.68021,
  -0.27442,
  0.18054,
  -0.18085,
  -0.0244,
  -0.37535,
  0.1898,
  0.39056,
  -0.8518,
  0.70658,
  0.18821,
  0.24073,
  0.21565,
  0.18001
 ]
}