{
  "olmoe_E64": {
    "E": 64,
    "k": 8,
    "pts": [
      [
        1,
        0.125
      ],
      [
        2,
        0.216796875
      ],
      [
        4,
        0.298828125
      ],
      [
        8,
        0.36328125
      ],
      [
        16,
        0.5439453125
      ],
      [
        32,
        0.6123046875
      ],
      [
        64,
        0.8359375
      ],
      [
        128,
        0.9248046875
      ],
      [
        256,
        0.97265625
      ],
      [
        512,
        0.986328125
      ],
      [
        1024,
        0.99609375
      ],
      [
        2048,
        0.9990234375
      ]
    ],
    "real_cross_0.5": 14.1,
    "null_cross_0.5": 5.2,
    "real_cross_0.9": 110.1,
    "null_cross_0.9": 17.2,
    "plateau_at_2048": 0.999,
    "widen_0.5": 2.7
  },
  "qwen30b_E128": {
    "E": 128,
    "k": 8,
    "pts": [
      [
        1,
        0.0625
      ],
      [
        2,
        0.11344401041666667
      ],
      [
        4,
        0.15608723958333334
      ],
      [
        8,
        0.21223958333333334
      ],
      [
        16,
        0.3050130208333333
      ],
      [
        32,
        0.3828125
      ],
      [
        64,
        0.5301106770833334
      ],
      [
        128,
        0.6292317708333334
      ],
      [
        256,
        0.68701171875
      ],
      [
        512,
        0.73046875
      ],
      [
        1024,
        0.7747395833333334
      ],
      [
        2048,
        0.7955729166666666
      ]
    ],
    "real_cross_0.5": 57.5,
    "null_cross_0.5": 10.7,
    "real_cross_0.9": null,
    "null_cross_0.9": 35.7,
    "plateau_at_2048": 0.7956,
    "widen_0.5": 5.4
  },
  "corpus": "wikitext-103 diverse (confound-checked; repetitive-corpus runs kept as *_repetitive)",
  "note": "real routing imbalance/correlation WIDENS the sparse-read window vs the uniform null; wider-expert model (128) has the wider window AND lower plateau -> more experts = more SSD-tier benefit"
}