1791028872 2415, 14001, 41, 0x0000000000000000 | 1.23 1.25 1.27 | cpu  69153802 7327 7272228 4758819798 268772 0 110798 0 0 0
1791028873 877, 7001, 40, 0x0000000000000000 | 1.23 1.25 1.27 | cpu  69154415 7327 7272255 4758828568 268772 0 110798 0 0 0
1791028874 555, 7001, 40, 0x0000000000000000 | 1.23 1.25 1.27 | cpu  69154472 7327 7272287 4758837928 268773 0 110798 0 0 0
1791028875 262, 810, 40, 0x0000000000000000 | 1.13 1.23 1.27 | cpu  69154479 7327 7272307 4758847414 268773 0 110798 0 0 0
1791028876 195, 405, 40, 0x0000000000000000 | 1.13 1.23 1.27 | cpu  69154542 7327 7272328 4758856759 268773 0 110798 0 0 0
1791028877 195, 405, 39, 0x0000000000000000 | 1.13 1.23 1.27 | cpu  69154639 7327 7272353 4758866132 268773 0 110798 0 0 0
1791028878 195, 405, 39, 0x0000000000000000 | 1.13 1.23 1.27 | cpu  69154738 7327 7272375 4758875504 268773 0 110798 0 0 0
1791028879 195, 405, 39, 0x0000000000000000 | 1.13 1.23 1.27 | cpu  69155364 7327 7272393 4758884339 268774 0 110798 0 0 0
1791028880 2445, 13801, 40, 0x0000000000000000 | 1.12 1.23 1.26 | cpu  69155444 7327 7272430 4758893629 268774 0 110798 0 0 0
1791028881 2415, 13801, 40, 0x0000000000000000 | 1.12 1.23 1.26 | cpu  69155536 7327 7272455 4758902939 268774 0 110798 0 0 0
1791028882 2415, 13801, 40, 0x0000000000000000 | 1.12 1.23 1.26 | cpu  69155665 7327 7272484 4758912193 268774 0 110798 0 0 0
1791028883 2415, 13801, 40, 0x0000000000000000 | 1.12 1.23 1.26 | cpu  69155764 7327 7272501 4758921529 268774 0 110798 0 0 0
1791028884 2415, 13801, 40, 0x0000000000000000 | 1.12 1.23 1.26 | cpu  69155861 7327 7272548 4758930829 268775 0 110798 0 0 0
1791028885 2415, 13801, 40, 0x0000000000000000 | 1.11 1.22 1.26 | cpu  69155959 7327 7272584 4758940130 268776 0 110798 0 0 0
1791028887 2415, 13801, 40, 0x0000000000000000 | 1.11 1.22 1.26 | cpu  69156051 7327 7272606 4758949422 268776 0 110798 0 0 0
1791028888 2415, 13801, 40, 0x0000000000000000 | 1.11 1.22 1.26 | cpu  69156158 7327 7272617 4758958728 268776 0 110798 0 0 0
1791028889 2415, 13801, 40, 0x0000000000000000 | 1.11 1.22 1.26 | cpu  69156264 7327 7272630 4758968028 268776 0 110798 0 0 0
1791028890 2782, 13801, 41, 0x0000000000000000 | 1.10 1.22 1.26 | cpu  69156367 7327 7272678 4758977282 268777 0 110798 0 0 0
1791028891 2782, 13801, 41, 0x0000000000000000 | 1.10 1.22 1.26 | cpu  69156481 7327 7272724 4758986551 268777 0 110798 0 0 0
1791028892 2647, 13801, 40, 0x0000000000000000 | 1.10 1.22 1.26 | cpu  69156591 7327 7272769 4758995774 268777 0 110798 0 0 0
1791028893 2542, 13801, 40, 0x0000000000000000 | 1.10 1.22 1.26 | cpu  69156693 7327 7272810 4759005046 268777 0 110798 0 0 0
1791028894 2452, 13801, 40, 0x0000000000000000 | 1.10 1.22 1.26 | cpu  69156800 7327 7272850 4759014256 268777 0 110798 0 0 0
1791028895 2452, 13801, 40, 0x0000000000000000 | 1.09 1.21 1.26 | cpu  69156906 7327 7272884 4759023503 268777 0 110798 0 0 0
1791028896 2430, 13801, 40, 0x0000000000000000 | 1.09 1.21 1.26 | cpu  69157016 7327 7272920 4759032748 268777 0 110798 0 0 0
1791028897 2422, 13801, 40, 0x0000000000000000 | 1.09 1.21 1.26 | cpu  69157121 7327 7272961 4759042004 268777 0 110798 0 0 0
1791028898 2452, 13801, 41, 0x0000000000000000 | 1.09 1.21 1.26 | cpu  69157233 7327 7273002 4759051246 268777 0 110798 0 0 0
1791028899 2445, 13801, 40, 0x0000000000000000 | 1.09 1.21 1.26 | cpu  69157342 7327 7273042 4759060540 268777 0 110798 0 0 0
1791028900 2452, 13801, 40, 0x0000000000000000 | 1.08 1.21 1.26 | cpu  69157454 7327 7273090 4759069794 268778 0 110798 0 0 0
1791028902 2452, 13801, 40, 0x0000000000000000 | 1.08 1.21 1.26 | cpu  69157563 7327 7273130 4759079088 268778 0 110798 0 0 0
1791028903 2452, 13801, 40, 0x0000000000000000 | 1.08 1.21 1.26 | cpu  69157667 7327 7273170 4759088362 268779 0 110798 0 0 0
1791028904 2452, 13801, 40, 0x0000000000000000 | 1.08 1.21 1.26 | cpu  69157797 7327 7273215 4759097650 268779 0 110798 0 0 0
1791028905 2445, 13801, 40, 0x0000000000000000 | 1.16 1.22 1.26 | cpu  69157868 7327 7273317 4759106937 268781 0 110798 0 0 0
1791028906 2422, 13801, 40, 0x0000000000000000 | 1.16 1.22 1.26 | cpu  69157894 7327 7273399 4759116275 268781 0 110798 0 0 0
1791028907 2415, 13801, 39, 0x0000000000000000 | 1.16 1.22 1.26 | cpu  69158512 7327 7273420 4759125086 268781 0 110798 0 0 0
1791028908 2452, 13801, 40, 0x0000000000000000 | 1.16 1.22 1.26 | cpu  69159693 7327 7273454 4759133293 268781 0 110798 0 0 0
1791028909 2452, 13801, 40, 0x0000000000000000 | 1.16 1.22 1.26 | cpu  69160416 7327 7273479 4759142050 268781 0 110798 0 0 0
1791028910 2452, 13801, 41, 0x0000000000000000 | 4.59 1.93 1.49 | cpu  69161143 7327 7273510 4759150893 268782 0 110798 0 0 0
1791028911 2452, 13801, 40, 0x0000000000000000 | 4.59 1.93 1.49 | cpu  69161822 7327 7273538 4759159668 268782 0 110798 0 0 0
1791028912 2445, 13801, 40, 0x0000000000000000 | 4.59 1.93 1.49 | cpu  69162473 7327 7273606 4759168323 268782 0 110798 0 0 0
1791028913 2452, 13801, 40, 0x0000000000000000 | 4.59 1.93 1.49 | cpu  69162966 7327 7273630 4759177237 268782 0 110798 0 0 0
1791028914 2482, 13801, 39, 0x0000000000000000 | 4.59 1.93 1.49 | cpu  69163080 7327 7273643 4759186517 268782 0 110798 0 0 0
1791028916 2415, 13801, 39, 0x0000000000000000 | 4.30 1.92 1.49 | cpu  69163193 7327 7273665 4759195792 268783 0 110798 0 0 0
1791028917 2415, 13801, 39, 0x0000000000000000 | 4.30 1.92 1.49 | cpu  69163302 7327 7273674 4759205031 268783 0 110798 0 0 0
1791028918 2415, 13801, 39, 0x0000000000000000 | 4.30 1.92 1.49 | cpu  69163413 7327 7273743 4759214228 268783 0 110798 0 0 0
1791028919 2415, 13801, 39, 0x0000000000000000 | 4.30 1.92 1.49 | cpu  69163524 7327 7273751 4759223442 268783 0 110798 0 0 0
1791028920 2422, 13801, 39, 0x0000000000000000 | 4.04 1.90 1.49 | cpu  69163630 7327 7273768 4759232695 268783 0 110798 0 0 0
1791028921 2415, 13801, 39, 0x0000000000000000 | 4.04 1.90 1.49 | cpu  69163751 7327 7273811 4759241987 268784 0 110798 0 0 0
1791028922 2415, 13801, 39, 0x0000000000000000 | 4.04 1.90 1.49 | cpu  69163868 7327 7273829 4759251259 268784 0 110798 0 0 0
1791028923 2415, 13801, 39, 0x0000000000000000 | 4.04 1.90 1.49 | cpu  69163984 7327 7273842 4759260506 268784 0 110798 0 0 0
1791028924 2415, 13801, 39, 0x0000000000000000 | 4.04 1.90 1.49 | cpu  69164100 7327 7273855 4759269787 268784 0 110798 0 0 0
1791028925 2415, 13801, 39, 0x0000000000000000 | 3.79 1.89 1.48 | cpu  69164213 7327 7273866 4759279074 268785 0 110798 0 0 0
1791028926 2415, 13801, 39, 0x0000000000000000 | 3.79 1.89 1.48 | cpu  69164300 7327 7273903 4759288340 268785 0 110798 0 0 0
1791028927 2415, 13801, 39, 0x0000000000000000 | 3.79 1.89 1.48 | cpu  69164387 7327 7273939 4759297673 268785 0 110798 0 0 0
1791028928 2415, 13801, 39, 0x0000000000000000 | 3.79 1.89 1.48 | cpu  69164472 7327 7273974 4759306954 268785 0 110798 0 0 0
1791028929 2415, 13801, 39, 0x0000000000000000 | 3.79 1.89 1.48 | cpu  69164557 7327 7274010 4759316257 268786 0 110798 0 0 0
1791028930 2415, 13801, 39, 0x0000000000000000 | 3.65 1.89 1.49 | cpu  69164645 7327 7274050 4759325553 268786 0 110798 0 0 0
1791028932 2415, 13801, 39, 0x0000000000000000 | 3.65 1.89 1.49 | cpu  69164730 7327 7274087 4759334806 268786 0 110798 0 0 0
1791028933 2415, 13801, 39, 0x0000000000000000 | 3.65 1.89 1.49 | cpu  69164819 7327 7274124 4759344088 268786 0 110798 0 0 0
1791028934 2415, 13801, 39, 0x0000000000000000 | 3.65 1.89 1.49 | cpu  69164902 7327 7274164 4759353371 268787 0 110798 0 0 0
1791028935 2415, 13801, 39, 0x0000000000000000 | 3.52 1.89 1.49 | cpu  69164996 7327 7274200 4759362662 268787 0 110798 0 0 0
1791028936 2415, 13801, 39, 0x0000000000000000 | 3.52 1.89 1.49 | cpu  69165083 7327 7274238 4759371954 268788 0 110798 0 0 0
1791028937 2415, 13801, 39, 0x0000000000000000 | 3.52 1.89 1.49 | cpu  69165169 7327 7274276 4759381240 268788 0 110798 0 0 0
1791028938 2415, 13801, 38, 0x0000000000000000 | 3.52 1.89 1.49 | cpu  69165253 7327 7274315 4759390473 268788 0 110798 0 0 0
1791028939 2415, 13801, 38, 0x0000000000000000 | 3.52 1.89 1.49 | cpu  69165339 7327 7274353 4759399745 268789 0 110798 0 0 0
1791028940 2415, 13801, 38, 0x0000000000000000 | 3.32 1.88 1.49 | cpu  69165427 7327 7274390 4759409000 268789 0 110798 0 0 0
1791028941 2415, 13801, 38, 0x0000000000000000 | 3.32 1.88 1.49 | cpu  69165517 7327 7274429 4759418307 268789 0 110798 0 0 0
1791028942 2415, 13801, 38, 0x0000000000000000 | 3.32 1.88 1.49 | cpu  69165604 7327 7274465 4759427605 268789 0 110798 0 0 0
1791028943 2415, 13801, 38, 0x0000000000000000 | 3.32 1.88 1.49 | cpu  69165688 7327 7274504 4759436922 268789 0 110798 0 0 0
1791028944 2415, 13801, 38, 0x0000000000000000 | 3.32 1.88 1.49 | cpu  69165775 7327 7274539 4759446201 268789 0 110798 0 0 0
1791028945 2415, 13801, 38, 0x0000000000000000 | 3.13 1.86 1.48 | cpu  69165859 7327 7274574 4759455488 268789 0 110798 0 0 0
1791028947 2415, 13801, 38, 0x0000000000000000 | 3.13 1.86 1.48 | cpu  69165948 7327 7274611 4759464750 268789 0 110798 0 0 0
1791028948 2415, 13801, 38, 0x0000000000000000 | 3.13 1.86 1.48 | cpu  69166034 7327 7274647 4759473991 268789 0 110798 0 0 0
1791028949 2415, 13801, 38, 0x0000000000000000 | 3.13 1.86 1.48 | cpu  69166119 7327 7274684 4759483228 268789 0 110798 0 0 0
1791028950 2415, 13801, 38, 0x0000000000000000 | 2.96 1.85 1.48 | cpu  69166207 7327 7274724 4759492520 268789 0 110798 0 0 0
1791028951 2415, 13801, 38, 0x0000000000000000 | 2.96 1.85 1.48 | cpu  69166293 7327 7274781 4759501799 268789 0 110798 0 0 0
1791028952 2415, 13801, 38, 0x0000000000000000 | 2.96 1.85 1.48 | cpu  69166381 7327 7274819 4759511081 268790 0 110798 0 0 0
1791028953 2415, 13801, 38, 0x0000000000000000 | 2.96 1.85 1.48 | cpu  69166471 7327 7274864 4759520342 268790 0 110798 0 0 0
1791028954 2415, 13801, 38, 0x0000000000000000 | 2.96 1.85 1.48 | cpu  69166560 7327 7274906 4759529609 268790 0 110798 0 0 0
1791028955 2415, 13801, 38, 0x0000000000000000 | 2.80 1.83 1.48 | cpu  69166643 7327 7274945 4759538865 268790 0 110798 0 0 0
1791028956 2415, 13801, 38, 0x0000000000000000 | 2.80 1.83 1.48 | cpu  69166728 7327 7274984 4759548144 268791 0 110798 0 0 0
1791028957 2415, 13801, 38, 0x0000000000000000 | 2.80 1.83 1.48 | cpu  69166818 7327 7275023 4759557400 268791 0 110798 0 0 0
1791028958 2415, 13801, 38, 0x0000000000000000 | 2.80 1.83 1.48 | cpu  69166907 7327 7275062 4759566691 268791 0 110798 0 0 0
1791028959 2415, 13801, 38, 0x0000000000000000 | 2.80 1.83 1.48 | cpu  69166996 7327 7275098 4759575963 268791 0 110798 0 0 0
1791028960 2415, 13801, 38, 0x0000000000000000 | 2.66 1.82 1.47 | cpu  69167083 7327 7275135 4759585289 268792 0 110798 0 0 0
1791028961 2415, 13801, 38, 0x0000000000000000 | 2.66 1.82 1.47 | cpu  69167171 7327 7275170 4759594579 268792 0 110798 0 0 0
1791028963 2415, 13801, 38, 0x0000000000000000 | 2.66 1.82 1.47 | cpu  69167253 7327 7275207 4759603856 268792 0 110798 0 0 0
1791028964 2415, 13801, 38, 0x0000000000000000 | 2.66 1.82 1.47 | cpu  69167342 7327 7275242 4759613094 268792 0 110798 0 0 0
1791028965 2415, 13801, 38, 0x0000000000000000 | 2.60 1.82 1.48 | cpu  69167429 7327 7275278 4759622343 268792 0 110798 0 0 0
1791028966 2415, 13801, 38, 0x0000000000000000 | 2.60 1.82 1.48 | cpu  69167516 7327 7275316 4759631656 268793 0 110798 0 0 0
1791028967 2415, 13801, 38, 0x0000000000000000 | 2.60 1.82 1.48 | cpu  69167601 7327 7275355 4759640945 268794 0 110798 0 0 0
1791028968 2415, 13801, 38, 0x0000000000000000 | 2.60 1.82 1.48 | cpu  69167691 7327 7275391 4759650183 268794 0 110798 0 0 0
1791028969 2415, 13801, 38, 0x0000000000000000 | 2.60 1.82 1.48 | cpu  69167779 7327 7275430 4759659436 268794 0 110798 0 0 0
1791028970 2415, 13801, 38, 0x0000000000000000 | 2.48 1.81 1.47 | cpu  69167866 7327 7275469 4759668719 268794 0 110798 0 0 0
1791028971 2415, 13801, 38, 0x0000000000000000 | 2.48 1.81 1.47 | cpu  69167955 7327 7275511 4759678016 268794 0 110798 0 0 0
1791028972 2415, 13801, 37, 0x0000000000000000 | 2.48 1.81 1.47 | cpu  69168042 7327 7275550 4759687327 268794 0 110798 0 0 0
1791028973 2415, 13801, 37, 0x0000000000000000 | 2.48 1.81 1.47 | cpu  69168130 7327 7275589 4759696612 268794 0 110798 0 0 0
1791028974 2415, 13801, 37, 0x0000000000000000 | 2.48 1.81 1.47 | cpu  69168218 7327 7275629 4759705900 268794 0 110798 0 0 0
1791028975 2415, 13801, 37, 0x0000000000000000 | 2.36 1.79 1.47 | cpu  69168313 7327 7275689 4759715188 268795 0 110799 0 0 0
1791028976 2415, 13801, 37, 0x0000000000000000 | 2.36 1.79 1.47 | cpu  69168404 7327 7275751 4759724446 268795 0 110799 0 0 0
1791028978 2415, 13801, 37, 0x0000000000000000 | 2.36 1.79 1.47 | cpu  69168490 7327 7275787 4759733729 268795 0 110799 0 0 0
1791028979 2415, 13801, 37, 0x0000000000000000 | 2.36 1.79 1.47 | cpu  69168575 7327 7275824 4759743000 268795 0 110799 0 0 0
1791028980 2415, 13801, 37, 0x0000000000000000 | 2.36 1.79 1.47 | cpu  69168662 7327 7275859 4759752284 268795 0 110799 0 0 0
1791028981 2415, 13801, 37, 0x0000000000000000 | 2.57 1.85 1.49 | cpu  69168752 7327 7275900 4759761551 268795 0 110799 0 0 0
1791028982 2415, 13801, 37, 0x0000000000000000 | 2.57 1.85 1.49 | cpu  69168845 7327 7275939 4759770801 268795 0 110799 0 0 0
1791028983 2415, 13801, 37, 0x0000000000000000 | 2.57 1.85 1.49 | cpu  69168939 7327 7275996 4759780088 268795 0 110799 0 0 0
1791028984 2415, 13801, 37, 0x0000000000000000 | 2.57 1.85 1.49 | cpu  69169022 7327 7276034 4759789356 268795 0 110799 0 0 0
1791028985 2415, 13801, 37, 0x0000000000000000 | 2.44 1.83 1.49 | cpu  69169107 7327 7276074 4759798676 268795 0 110799 0 0 0
1791028986 2415, 13801, 37, 0x0000000000000000 | 2.44 1.83 1.49 | cpu  69169198 7327 7276117 4759807952 268796 0 110799 0 0 0
1791028987 2415, 13801, 37, 0x0000000000000000 | 2.44 1.83 1.49 | cpu  69169282 7327 7276158 4759817253 268796 0 110799 0 0 0
1791028988 2415, 13801, 37, 0x0000000000000000 | 2.44 1.83 1.49 | cpu  69169368 7327 7276196 4759826570 268796 0 110799 0 0 0
1791028989 2415, 13801, 37, 0x0000000000000000 | 2.44 1.83 1.49 | cpu  69169456 7327 7276235 4759835861 268796 0 110799 0 0 0
1791028990 2415, 13801, 37, 0x0000000000000000 | 2.33 1.82 1.48 | cpu  69169542 7327 7276272 4759845127 268796 0 110799 0 0 0
1791028991 2415, 13801, 37, 0x0000000000000000 | 2.33 1.82 1.48 | cpu  69169633 7327 7276308 4759854423 268796 0 110799 0 0 0
1791028992 2415, 13801, 37, 0x0000000000000000 | 2.33 1.82 1.48 | cpu  69169725 7327 7276358 4759863691 268796 0 110799 0 0 0
1791028994 2415, 13801, 37, 0x0000000000000000 | 2.33 1.82 1.48 | cpu  69169810 7327 7276395 4759872917 268797 0 110799 0 0 0
1791028995 2415, 13801, 37, 0x0000000000000000 | 2.33 1.82 1.48 | cpu  69169899 7327 7276433 4759882180 268797 0 110799 0 0 0
1791028996 2415, 13801, 37, 0x0000000000000000 | 2.30 1.82 1.49 | cpu  69169981 7327 7276473 4759891466 268797 0 110799 0 0 0
1791028997 2415, 13801, 37, 0x0000000000000000 | 2.30 1.82 1.49 | cpu  69170071 7327 7276512 4759900698 268797 0 110799 0 0 0
1791028998 2415, 13801, 37, 0x0000000000000000 | 2.30 1.82 1.49 | cpu  69170156 7327 7276551 4759909950 268798 0 110799 0 0 0
1791028999 2415, 13801, 37, 0x0000000000000000 | 2.30 1.82 1.49 | cpu  69170243 7327 7276592 4759919223 268798 0 110799 0 0 0
1791029000 2415, 13801, 37, 0x0000000000000000 | 2.20 1.81 1.48 | cpu  69170338 7327 7276630 4759928552 268798 0 110799 0 0 0
1791029001 2415, 13801, 37, 0x0000000000000000 | 2.20 1.81 1.48 | cpu  69170445 7327 7276710 4759937755 268798 0 110799 0 0 0
1791029002 2415, 13801, 37, 0x0000000000000000 | 2.20 1.81 1.48 | cpu  69170529 7327 7276746 4759947059 268798 0 110799 0 0 0
1791029003 2415, 13801, 37, 0x0000000000000000 | 2.20 1.81 1.48 | cpu  69170619 7327 7276789 4759956321 268798 0 110799 0 0 0
1791029004 2415, 13801, 37, 0x0000000000000000 | 2.20 1.81 1.48 | cpu  69170709 7327 7276832 4759965650 268799 0 110799 0 0 0
1791029005 2415, 13801, 37, 0x0000000000000000 | 2.10 1.80 1.48 | cpu  69170794 7327 7276870 4759974902 268799 0 110799 0 0 0
1791029006 2415, 13801, 37, 0x0000000000000000 | 2.10 1.80 1.48 | cpu  69170881 7327 7276910 4759984191 268799 0 110799 0 0 0
1791029007 2415, 13801, 37, 0x0000000000000000 | 2.10 1.80 1.48 | cpu  69170971 7327 7276950 4759993482 268799 0 110799 0 0 0
1791029009 2415, 13801, 37, 0x0000000000000000 | 2.10 1.80 1.48 | cpu  69171059 7327 7276986 4760002772 268799 0 110799 0 0 0
1791029010 2415, 13801, 37, 0x0000000000000000 | 2.10 1.80 1.48 | cpu  69171144 7327 7277024 4760012043 268799 0 110799 0 0 0
1791029011 2415, 13801, 37, 0x0000000000000000 | 2.01 1.78 1.48 | cpu  69171233 7327 7277059 4760021332 268799 0 110799 0 0 0
1791029012 2415, 13801, 37, 0x0000000000000000 | 2.01 1.78 1.48 | cpu  69171318 7327 7277097 4760030628 268799 0 110799 0 0 0
1791029013 2415, 13801, 37, 0x0000000000000000 | 2.01 1.78 1.48 | cpu  69171406 7327 7277139 4760039917 268799 0 110799 0 0 0
1791029014 2415, 13801, 37, 0x0000000000000000 | 2.01 1.78 1.48 | cpu  69171497 7327 7277176 4760049162 268799 0 110799 0 0 0
1791029015 2415, 13801, 37, 0x0000000000000000 | 1.93 1.77 1.48 | cpu  69171584 7327 7277239 4760058407 268800 0 110799 0 0 0
1791029016 2415, 13801, 36, 0x0000000000000000 | 1.93 1.77 1.48 | cpu  69171669 7327 7277278 4760067690 268800 0 110799 0 0 0
1791029017 2415, 13801, 36, 0x0000000000000000 | 1.93 1.77 1.48 | cpu  69171753 7327 7277315 4760076955 268800 0 110799 0 0 0
1791029018 2415, 13801, 36, 0x0000000000000000 | 1.93 1.77 1.48 | cpu  69171840 7327 7277355 4760086234 268800 0 110799 0 0 0
1791029019 2415, 13801, 36, 0x0000000000000000 | 1.93 1.77 1.48 | cpu  69171924 7327 7277393 4760095479 268800 0 110799 0 0 0
1791029020 2415, 13801, 36, 0x0000000000000000 | 1.86 1.76 1.47 | cpu  69172014 7327 7277431 4760104793 268801 0 110799 0 0 0
1791029021 2415, 13801, 36, 0x0000000000000000 | 1.86 1.76 1.47 | cpu  69172102 7327 7277469 4760114078 268801 0 110799 0 0 0
1791029022 2415, 13801, 36, 0x0000000000000000 | 1.86 1.76 1.47 | cpu  69172187 7327 7277506 4760123319 268801 0 110799 0 0 0
1791029023 2415, 13801, 36, 0x0000000000000000 | 1.86 1.76 1.47 | cpu  69172270 7327 7277541 4760132532 268801 0 110799 0 0 0
1791029025 2415, 13801, 36, 0x0000000000000000 | 1.86 1.76 1.47 | cpu  69172356 7327 7277579 4760141782 268801 0 110799 0 0 0
1791029026 2415, 13801, 36, 0x0000000000000000 | 1.79 1.74 1.47 | cpu  69172449 7327 7277621 4760151116 268801 0 110799 0 0 0
1791029027 2415, 13801, 36, 0x0000000000000000 | 1.79 1.74 1.47 | cpu  69172535 7327 7277659 4760160429 268801 0 110799 0 0 0
1791029028 2415, 13801, 36, 0x0000000000000000 | 1.79 1.74 1.47 | cpu  69172624 7327 7277691 4760169688 268801 0 110799 0 0 0
1791029029 2415, 13801, 36, 0x0000000000000000 | 1.79 1.74 1.47 | cpu  69172721 7327 7277710 4760179001 268802 0 110799 0 0 0
1791029030 2422, 13801, 36, 0x0000000000000000 | 1.80 1.75 1.47 | cpu  69173378 7327 7277753 4760187735 268802 0 110799 0 0 0
1791029031 2955, 13801, 38, 0x0000000000000000 | 1.80 1.75 1.47 | cpu  69173577 7327 7277779 4760196927 268803 0 110799 0 0 0
1791029032 2940, 13801, 39, 0x0000000000000000 | 1.80 1.75 1.47 | cpu  69173782 7327 7277810 4760206060 268803 0 110799 0 0 0
1791029033 2910, 13801, 40, 0x0000000000000000 | 1.80 1.75 1.47 | cpu  69174007 7327 7277870 4760215236 268803 0 110799 0 0 0
1791029034 2932, 13801, 46, 0x0000000000000004 | 1.80 1.75 1.47 | cpu  69174134 7327 7277902 4760224455 268803 0 110799 0 0 0
1791029035 2962, 13801, 38, 0x0000000000000000 | 1.74 1.73 1.47 | cpu  69174240 7327 7277913 4760233725 268803 0 110799 0 0 0
1791029036 2962, 13801, 39, 0x0000000000000000 | 1.74 1.73 1.47 | cpu  69174352 7327 7277923 4760242970 268803 0 110799 0 0 0
1791029037 2955, 13801, 39, 0x0000000000000000 | 1.74 1.73 1.47 | cpu  69174478 7327 7277971 4760252217 268803 0 110799 0 0 0
1791029038 2955, 13801, 41, 0x0000000000000000 | 1.74 1.73 1.47 | cpu  69174592 7327 7277992 4760261591 268803 0 110799 0 0 0
1791029040 2962, 13801, 39, 0x0000000000000000 | 1.74 1.73 1.47 | cpu  69174700 7327 7278003 4760270909 268803 0 110799 0 0 0
1791029041 2947, 13801, 40, 0x0000000000000000 | 1.68 1.72 1.47 | cpu  69174817 7327 7278014 4760280221 268804 0 110799 0 0 0
1791029042 2947, 13801, 46, 0x0000000000000004 | 1.68 1.72 1.47 | cpu  69174923 7327 7278025 4760289521 268804 0 110799 0 0 0
1791029043 2962, 13801, 39, 0x0000000000000000 | 1.68 1.72 1.47 | cpu  69175031 7327 7278035 4760298817 268804 0 110799 0 0 0
1791029044 2962, 13801, 40, 0x0000000000000000 | 1.68 1.72 1.47 | cpu  69175136 7327 7278046 4760308066 268804 0 110799 0 0 0
1791029045 2925, 13801, 40, 0x0000000000000000 | 1.63 1.71 1.46 | cpu  69175245 7327 7278057 4760317379 268804 0 110799 0 0 0
1791029046 2962, 13801, 39, 0x0000000000000000 | 1.63 1.71 1.46 | cpu  69175354 7327 7278067 4760326730 268804 0 110799 0 0 0
1791029047 2962, 13801, 40, 0x0000000000000000 | 1.63 1.71 1.46 | cpu  69175468 7327 7278134 4760335985 268804 0 110799 0 0 0
1791029048 2947, 13801, 46, 0x0000000000000000 | 1.63 1.71 1.46 | cpu  69175577 7327 7278173 4760345285 268805 0 110799 0 0 0
1791029049 2962, 13801, 40, 0x0000000000000000 | 1.63 1.71 1.46 | cpu  69175708 7327 7278225 4760354541 268805 0 110799 0 0 0
1791029050 2940, 13801, 41, 0x0000000000000000 | 1.58 1.70 1.46 | cpu  69175819 7327 7278239 4760363827 268805 0 110799 0 0 0
1791029051 2962, 13801, 39, 0x0000000000000000 | 1.58 1.70 1.46 | cpu  69175925 7327 7278248 4760373109 268805 0 110799 0 0 0
1791029052 2955, 13801, 40, 0x0000000000000000 | 1.58 1.70 1.46 | cpu  69176031 7327 7278258 4760382401 268805 0 110799 0 0 0
1791029053 2962, 13801, 39, 0x0000000000000000 | 1.58 1.70 1.46 | cpu  69176138 7327 7278267 4760391748 268805 0 110799 0 0 0
1791029055 2962, 13801, 40, 0x0000000000000000 | 1.58 1.70 1.46 | cpu  69176247 7327 7278276 4760401051 268805 0 110799 0 0 0
1791029056 2940, 13801, 42, 0x0000000000000000 | 1.53 1.69 1.46 | cpu  69176374 7327 7278294 4760410275 268806 0 110799 0 0 0
1791029057 2962, 13801, 40, 0x0000000000000000 | 1.53 1.69 1.46 | cpu  69176482 7327 7278302 4760419558 268806 0 110799 0 0 0
1791029058 2962, 13801, 39, 0x0000000000000000 | 1.53 1.69 1.46 | cpu  69176592 7327 7278315 4760428823 268806 0 110799 0 0 0
1791029059 2955, 13801, 40, 0x0000000000000000 | 1.53 1.69 1.46 | cpu  69176698 7327 7278325 4760438198 268806 0 110799 0 0 0
1791029060 2962, 13801, 40, 0x0000000000000000 | 1.49 1.67 1.46 | cpu  69176815 7327 7278338 4760447466 268807 0 110799 0 0 0
1791029061 2932, 13801, 48, 0x0000000000000004 | 1.49 1.67 1.46 | cpu  69176922 7327 7278350 4760456787 268807 0 110799 0 0 0
1791029062 2962, 13801, 40, 0x0000000000000000 | 1.49 1.67 1.46 | cpu  69177029 7327 7278361 4760466064 268807 0 110799 0 0 0
1791029063 2932, 13801, 42, 0x0000000000000000 | 1.49 1.67 1.46 | cpu  69177145 7327 7278373 4760475359 268807 0 110799 0 0 0
1791029064 2955, 13801, 42, 0x0000000000000000 | 1.49 1.67 1.46 | cpu  69177254 7327 7278385 4760484652 268807 0 110799 0 0 0
1791029065 2962, 13801, 40, 0x0000000000000000 | 1.53 1.68 1.46 | cpu  69177382 7327 7278433 4760493938 268808 0 110799 0 0 0
1791029066 2962, 13801, 40, 0x0000000000000000 | 1.53 1.68 1.46 | cpu  69177489 7327 7278441 4760503197 268808 0 110799 0 0 0
1791029067 2962, 13801, 40, 0x0000000000000000 | 1.53 1.68 1.46 | cpu  69177596 7327 7278450 4760512460 268809 0 110799 0 0 0
1791029068 2940, 13801, 41, 0x0000000000000000 | 1.53 1.68 1.46 | cpu  69177700 7327 7278461 4760521710 268809 0 110799 0 0 0
1791029070 2947, 13801, 46, 0x0000000000000004 | 1.53 1.68 1.46 | cpu  69177816 7327 7278477 4760531034 268809 0 110799 0 0 0
1791029071 2962, 13801, 40, 0x0000000000000000 | 1.49 1.67 1.46 | cpu  69177930 7327 7278495 4760540417 268809 0 110799 0 0 0
1791029072 2947, 13801, 41, 0x0000000000000000 | 1.49 1.67 1.46 | cpu  69178044 7327 7278508 4760549724 268810 0 110799 0 0 0
1791029073 2917, 13801, 43, 0x0000000000000000 | 1.49 1.67 1.46 | cpu  69178152 7327 7278517 4760559011 268810 0 110799 0 0 0
1791029074 2962, 13801, 40, 0x0000000000000000 | 1.49 1.67 1.46 | cpu  69178258 7327 7278526 4760568310 268810 0 110799 0 0 0
1791029075 2947, 13801, 46, 0x0000000000000004 | 1.45 1.66 1.45 | cpu  69178366 7327 7278535 4760577579 268810 0 110799 0 0 0
1791029076 2962, 13801, 41, 0x0000000000000000 | 1.45 1.66 1.45 | cpu  69178471 7327 7278544 4760586807 268810 0 110799 0 0 0
1791029077 2962, 13801, 40, 0x0000000000000000 | 1.45 1.66 1.45 | cpu  69178577 7327 7278555 4760596175 268811 0 110799 0 0 0
1791029078 2955, 13801, 41, 0x0000000000000000 | 1.45 1.66 1.45 | cpu  69178683 7327 7278563 4760605437 268811 0 110799 0 0 0
1791029079 2962, 13801, 40, 0x0000000000000000 | 1.45 1.66 1.45 | cpu  69178796 7327 7278576 4760614753 268811 0 110799 0 0 0
1791029080 2962, 13801, 41, 0x0000000000000000 | 1.41 1.65 1.45 | cpu  69178916 7327 7278599 4760624029 268811 0 110799 0 0 0
1791029081 2932, 13801, 43, 0x0000000000000000 | 1.41 1.65 1.45 | cpu  69179045 7327 7278648 4760633264 268811 0 110799 0 0 0
1791029082 2962, 13801, 40, 0x0000000000000000 | 1.41 1.65 1.45 | cpu  69179160 7327 7278669 4760642607 268812 0 110799 0 0 0
1791029083 2947, 13801, 41, 0x0000000000000000 | 1.41 1.65 1.45 | cpu  69179268 7327 7278678 4760651906 268812 0 110799 0 0 0
1791029085 2962, 13801, 40, 0x0000000000000000 | 1.41 1.65 1.45 | cpu  69179380 7327 7278695 4760661223 268812 0 110799 0 0 0
1791029086 2550, 13801, 40, 0x0000000000000000 | 1.38 1.64 1.45 | cpu  69179486 7327 7278705 4760670526 268813 0 110799 0 0 0
1791029087 2415, 13801, 40, 0x0000000000000000 | 1.38 1.64 1.45 | cpu  69179593 7327 7278714 4760679807 268813 0 110799 0 0 0
1791029088 2947, 13801, 46, 0x0000000000000000 | 1.38 1.64 1.45 | cpu  69179701 7327 7278724 4760689098 268813 0 110799 0 0 0
1791029089 2962, 13801, 41, 0x0000000000000000 | 1.38 1.64 1.45 | cpu  69179808 7327 7278735 4760698435 268813 0 110799 0 0 0
1791029090 2962, 13801, 40, 0x0000000000000000 | 1.35 1.62 1.45 | cpu  69179915 7327 7278745 4760707709 268813 0 110799 0 0 0
1791029091 2962, 13801, 40, 0x0000000000000000 | 1.35 1.62 1.45 | cpu  69180024 7327 7278755 4760717009 268815 0 110799 0 0 0
1791029092 2415, 13801, 39, 0x0000000000000000 | 1.35 1.62 1.45 | cpu  69180129 7327 7278764 4760726277 268815 0 110799 0 0 0
1791029093 2415, 13801, 39, 0x0000000000000000 | 1.35 1.62 1.45 | cpu  69180237 7327 7278775 4760735599 268816 0 110799 0 0 0
1791029094 2415, 13801, 39, 0x0000000000000000 | 1.35 1.62 1.45 | cpu  69180348 7327 7278863 4760744849 268816 0 110799 0 0 0
1791029095 2422, 13801, 39, 0x0000000000000000 | 1.32 1.61 1.44 | cpu  69180455 7327 7278874 4760754168 268816 0 110799 0 0 0
1791029096 2422, 13801, 39, 0x0000000000000000 | 1.32 1.61 1.44 | cpu  69180562 7327 7278882 4760763475 268816 0 110799 0 0 0
1791029097 2422, 13801, 39, 0x0000000000000000 | 1.32 1.61 1.44 | cpu  69180667 7327 7278894 4760772771 268817 0 110799 0 0 0
1791029098 2422, 13801, 39, 0x0000000000000000 | 1.32 1.61 1.44 | cpu  69180780 7327 7278905 4760782093 268817 0 110799 0 0 0
1791029100 2415, 13801, 39, 0x0000000000000000 | 1.32 1.61 1.44 | cpu  69180897 7327 7278936 4760791367 268817 0 110799 0 0 0
1791029101 2415, 13801, 38, 0x0000000000000000 | 1.37 1.62 1.45 | cpu  69181010 7327 7278974 4760800641 268817 0 110799 0 0 0
1791029102 2415, 13801, 38, 0x0000000000000000 | 1.37 1.62 1.45 | cpu  69181140 7327 7278995 4760809930 268817 0 110799 0 0 0
1791029103 2415, 13801, 38, 0x0000000000000000 | 1.37 1.62 1.45 | cpu  69181290 7327 7279036 4760819163 268818 0 110799 0 0 0
1791029104 2422, 13801, 38, 0x0000000000000000 | 1.37 1.62 1.45 | cpu  69181398 7327 7279049 4760828453 268818 0 110799 0 0 0
1791029105 2422, 13801, 38, 0x0000000000000000 | 1.34 1.61 1.44 | cpu  69181504 7327 7279058 4760837758 268818 0 110799 0 0 0
1791029106 2422, 13801, 38, 0x0000000000000000 | 1.34 1.61 1.44 | cpu  69181614 7327 7279069 4760847036 268818 0 110799 0 0 0
1791029107 2535, 13801, 41, 0x0000000000000000 | 1.34 1.61 1.44 | cpu  69181726 7327 7279084 4760856316 268819 0 110799 0 0 0
1791029108 2415, 13801, 38, 0x0000000000000000 | 1.34 1.61 1.44 | cpu  69181835 7327 7279097 4760865631 268820 0 110799 0 0 0
1791029109 2415, 13801, 38, 0x0000000000000000 | 1.34 1.61 1.44 | cpu  69181941 7327 7279110 4760874924 268820 0 110799 0 0 0
1791029110 2422, 13801, 38, 0x0000000000000000 | 1.32 1.60 1.44 | cpu  69182047 7327 7279119 4760884205 268820 0 110799 0 0 0
1791029111 2422, 13801, 38, 0x0000000000000000 | 1.32 1.60 1.44 | cpu  69182154 7327 7279129 4760893536 268820 0 110799 0 0 0
1791029112 2422, 13801, 38, 0x0000000000000000 | 1.32 1.60 1.44 | cpu  69182259 7327 7279152 4760902822 268820 0 110799 0 0 0
1791029113 2422, 13801, 38, 0x0000000000000000 | 1.32 1.60 1.44 | cpu  69182364 7327 7279163 4760912123 268821 0 110799 0 0 0
1791029115 2415, 13801, 38, 0x0000000000000000 | 1.32 1.60 1.44 | cpu  69182474 7327 7279197 4760921340 268821 0 110799 0 0 0
1791029116 2445, 13801, 38, 0x0000000000000000 | 1.29 1.59 1.44 | cpu  69182583 7327 7279211 4760930649 268821 0 110799 0 0 0
1791029117 2917, 13801, 40, 0x0000000000000000 | 1.29 1.59 1.44 | cpu  69182693 7327 7279222 4760939885 268821 0 110799 0 0 0
1791029118 2962, 13801, 40, 0x0000000000000000 | 1.29 1.59 1.44 | cpu  69182801 7327 7279233 4760949209 268821 0 110799 0 0 0
1791029119 2925, 13801, 50, 0x0000000000000004 | 1.29 1.59 1.44 | cpu  69182908 7327 7279241 4760958493 268822 0 110799 0 0 0
1791029120 2962, 13801, 40, 0x0000000000000000 | 1.27 1.58 1.44 | cpu  69183016 7327 7279251 4760967762 268822 0 110799 0 0 0
1791029121 2932, 13801, 41, 0x0000000000000000 | 1.27 1.58 1.44 | cpu  69183123 7327 7279265 4760977043 268822 0 110799 0 0 0
1791029122 2962, 13801, 40, 0x0000000000000000 | 1.27 1.58 1.44 | cpu  69183236 7327 7279274 4760986341 268822 0 110799 0 0 0
1791029123 2940, 13801, 47, 0x0000000000000004 | 1.27 1.58 1.44 | cpu  69183342 7327 7279285 4760995655 268824 0 110799 0 0 0
1791029124 2962, 13801, 40, 0x0000000000000000 | 1.27 1.58 1.44 | cpu  69183453 7327 7279297 4761005046 268824 0 110799 0 0 0
1791029125 2940, 13801, 42, 0x0000000000000000 | 1.25 1.57 1.43 | cpu  69183559 7327 7279307 4761014311 268824 0 110799 0 0 0
1791029126 2962, 13801, 40, 0x0000000000000000 | 1.25 1.57 1.43 | cpu  69183665 7327 7279316 4761023547 268824 0 110799 0 0 0
1791029127 2962, 13801, 41, 0x0000000000000000 | 1.25 1.57 1.43 | cpu  69183771 7327 7279326 4761032848 268825 0 110799 0 0 0
1791029128 2925, 13801, 47, 0x0000000000000000 | 1.25 1.57 1.43 | cpu  69183887 7327 7279342 4761042219 268826 0 110799 0 0 0
1791029129 2962, 13801, 41, 0x0000000000000000 | 1.25 1.57 1.43 | cpu  69183996 7327 7279352 4761051501 268826 0 110799 0 0 0
1791029131 2962, 13801, 40, 0x0000000000000000 | 1.22 1.56 1.43 | cpu  69184102 7327 7279362 4761060851 268826 0 110799 0 0 0
1791029132 2917, 13801, 45, 0x0000000000000000 | 1.22 1.56 1.43 | cpu  69184213 7327 7279369 4761070144 268826 0 110799 0 0 0
1791029133 2902, 13801, 40, 0x0000000000000000 | 1.22 1.56 1.43 | cpu  69184325 7327 7279383 4761079423 268826 0 110799 0 0 0
1791029134 2940, 13801, 45, 0x0000000000000000 | 1.22 1.56 1.43 | cpu  69184433 7327 7279393 4761088712 268827 0 110799 0 0 0
1791029135 2962, 13801, 41, 0x0000000000000000 | 1.21 1.55 1.43 | cpu  69184541 7327 7279405 4761098017 268827 0 110799 0 0 0
1791029136 2947, 13801, 47, 0x0000000000000000 | 1.21 1.55 1.43 | cpu  69184648 7327 7279413 4761107306 268827 0 110799 0 0 0
1791029137 2947, 13801, 41, 0x0000000000000000 | 1.21 1.55 1.43 | cpu  69184755 7327 7279421 4761116595 268827 0 110799 0 0 0
1791029138 2962, 13801, 40, 0x0000000000000000 | 1.21 1.55 1.43 | cpu  69184861 7327 7279431 4761125879 268827 0 110799 0 0 0
1791029139 2947, 13801, 41, 0x0000000000000000 | 1.21 1.55 1.43 | cpu  69184968 7327 7279440 4761135112 268828 0 110799 0 0 0
1791029140 2962, 13801, 40, 0x0000000000000000 | 1.19 1.54 1.43 | cpu  69185078 7327 7279454 4761144386 268828 0 110799 0 0 0
1791029141 2962, 13801, 41, 0x0000000000000000 | 1.19 1.54 1.43 | cpu  69185188 7327 7279464 4761153718 268828 0 110799 0 0 0
1791029142 2947, 13801, 48, 0x0000000000000000 | 1.19 1.54 1.43 | cpu  69185295 7327 7279472 4761163003 268828 0 110799 0 0 0
1791029143 2962, 13801, 41, 0x0000000000000000 | 1.19 1.54 1.43 | cpu  69185401 7327 7279482 4761172280 268829 0 110799 0 0 0
1791029144 2962, 13801, 41, 0x0000000000000000 | 1.19 1.54 1.43 | cpu  69185511 7327 7279506 4761181564 268829 0 110799 0 0 0
1791029146 2962, 13801, 41, 0x0000000000000000 | 1.17 1.53 1.42 | cpu  69185617 7327 7279515 4761190849 268829 0 110799 0 0 0
1791029147 2940, 13801, 41, 0x0000000000000000 | 1.17 1.53 1.42 | cpu  69185725 7327 7279523 4761200090 268829 0 110799 0 0 0
1791029148 2962, 13801, 40, 0x0000000000000000 | 1.17 1.53 1.42 | cpu  69185840 7327 7279549 4761209382 268829 0 110799 0 0 0
1791029149 2437, 13801, 40, 0x0000000000000000 | 1.17 1.53 1.42 | cpu  69185947 7327 7279562 4761218665 268830 0 110799 0 0 0
1791029150 2415, 13801, 39, 0x0000000000000000 | 1.16 1.52 1.42 | cpu  69186056 7327 7279572 4761227995 268830 0 110799 0 0 0
1791029151 2415, 13801, 39, 0x0000000000000000 | 1.16 1.52 1.42 | cpu  69186168 7327 7279584 4761237302 268830 0 110799 0 0 0
1791029152 2415, 13801, 39, 0x0000000000000000 | 1.16 1.52 1.42 | cpu  69186276 7327 7279594 4761246674 268830 0 110799 0 0 0
1791029153 2437, 13801, 39, 0x0000000000000000 | 1.16 1.52 1.42 | cpu  69186382 7327 7279604 4761255983 268830 0 110799 0 0 0
1791029154 2422, 13801, 39, 0x0000000000000000 | 1.16 1.52 1.42 | cpu  69186493 7327 7279618 4761265285 268832 0 110799 0 0 0
1791029155 2415, 13801, 39, 0x0000000000000000 | 1.15 1.51 1.42 | cpu  69186599 7327 7279627 4761274571 268832 0 110799 0 0 0
1791029156 2415, 13801, 39, 0x0000000000000000 | 1.15 1.51 1.42 | cpu  69186705 7327 7279636 4761283871 268832 0 110799 0 0 0
1791029157 2452, 13801, 39, 0x0000000000000000 | 1.15 1.51 1.42 | cpu  69186814 7327 7279649 4761293198 268832 0 110799 0 0 0
1791029158 2437, 13801, 39, 0x0000000000000000 | 1.15 1.51 1.42 | cpu  69186923 7327 7279660 4761302534 268832 0 110799 0 0 0
1791029159 2415, 13801, 38, 0x0000000000000000 | 1.15 1.51 1.42 | cpu  69187032 7327 7279673 4761311892 268833 0 110799 0 0 0
1791029161 2415, 13801, 38, 0x0000000000000000 | 1.14 1.50 1.42 | cpu  69187143 7327 7279683 4761321219 268833 0 110799 0 0 0
1791029162 2415, 13801, 38, 0x0000000000000000 | 1.14 1.50 1.42 | cpu  69187254 7327 7279701 4761330550 268834 0 110799 0 0 0
1791029163 2422, 13801, 38, 0x0000000000000000 | 1.14 1.50 1.42 | cpu  69187375 7327 7279763 4761339783 268834 0 110799 0 0 0
1791029164 2415, 13801, 38, 0x0000000000000000 | 1.14 1.50 1.42 | cpu  69187480 7327 7279774 4761349075 268834 0 110799 0 0 0
1791029165 2475, 13801, 38, 0x0000000000000000 | 1.12 1.50 1.41 | cpu  69187589 7327 7279784 4761358366 268834 0 110799 0 0 0
1791029166 2422, 13801, 38, 0x0000000000000000 | 1.12 1.50 1.41 | cpu  69187696 7327 7279794 4761367685 268834 0 110799 0 0 0
1791029167 2415, 13801, 38, 0x0000000000000000 | 1.12 1.50 1.41 | cpu  69187804 7327 7279804 4761377016 268835 0 110799 0 0 0
1791029168 2452, 13801, 38, 0x0000000000000000 | 1.12 1.50 1.41 | cpu  69187912 7327 7279815 4761386328 268835 0 110799 0 0 0
1791029169 2415, 13801, 38, 0x0000000000000000 | 1.12 1.50 1.41 | cpu  69188022 7327 7279828 4761395598 268836 0 110799 0 0 0
1791029170 2460, 13801, 38, 0x0000000000000000 | 1.11 1.49 1.41 | cpu  69188129 7327 7279835 4761404894 268836 0 110799 0 0 0
1791029171 2415, 13801, 38, 0x0000000000000000 | 1.11 1.49 1.41 | cpu  69188234 7327 7279845 4761414167 268836 0 110799 0 0 0
1791029172 2415, 13801, 38, 0x0000000000000000 | 1.11 1.49 1.41 | cpu  69188344 7327 7279858 4761423473 268836 0 110799 0 0 0
1791029173 2452, 13801, 38, 0x0000000000000000 | 1.11 1.49 1.41 | cpu  69188450 7327 7279866 4761432749 268836 0 110799 0 0 0
1791029174 2415, 13801, 38, 0x0000000000000000 | 1.11 1.49 1.41 | cpu  69188562 7327 7279879 4761442008 268837 0 110799 0 0 0
1791029176 2467, 13801, 38, 0x0000000000000000 | 1.10 1.48 1.41 | cpu  69188671 7327 7279888 4761451257 268837 0 110799 0 0 0
1791029177 2557, 13801, 40, 0x0000000000000000 | 1.10 1.48 1.41 | cpu  69188777 7327 7279903 4761460500 268837 0 110799 0 0 0
1791029178 2415, 13801, 38, 0x0000000000000000 | 1.10 1.48 1.41 | cpu  69188884 7327 7279919 4761469791 268837 0 110799 0 0 0
1791029179 2422, 13801, 38, 0x0000000000000000 | 1.10 1.48 1.41 | cpu  69188995 7327 7279928 4761479118 268838 0 110799 0 0 0
1791029180 2415, 13801, 38, 0x0000000000000000 | 1.10 1.47 1.41 | cpu  69189101 7327 7279946 4761488412 268838 0 110799 0 0 0
1791029181 2737, 13801, 40, 0x0000000000000000 | 1.10 1.47 1.41 | cpu  69189207 7327 7279955 4761497664 268838 0 110799 0 0 0
1791029182 2962, 13801, 39, 0x0000000000000000 | 1.10 1.47 1.41 | cpu  69189317 7327 7279964 4761506915 268838 0 110799 0 0 0
1791029183 2962, 13801, 40, 0x0000000000000000 | 1.10 1.47 1.41 | cpu  69189428 7327 7279973 4761516270 268838 0 110799 0 0 0
1791029184 2850, 13801, 39, 0x0000000000000000 | 1.10 1.47 1.41 | cpu  69189537 7327 7279983 4761525600 268839 0 110799 0 0 0
1791029185 2887, 13801, 42, 0x0000000000000000 | 1.09 1.46 1.40 | cpu  69189648 7327 7280000 4761534895 268840 0 110799 0 0 0
1791029186 2962, 13801, 40, 0x0000000000000000 | 1.09 1.46 1.40 | cpu  69189752 7327 7280010 4761544141 268840 0 110799 0 0 0
1791029187 2932, 13801, 49, 0x0000000000000004 | 1.09 1.46 1.40 | cpu  69189860 7327 7280018 4761553458 268840 0 110799 0 0 0
1791029188 2932, 13801, 41, 0x0000000000000000 | 1.09 1.46 1.40 | cpu  69189970 7327 7280027 4761562771 268840 0 110799 0 0 0
1791029189 2962, 13801, 40, 0x0000000000000000 | 1.09 1.46 1.40 | cpu  69190079 7327 7280040 4761572064 268841 0 110799 0 0 0
1791029190 2962, 13801, 40, 0x0000000000000000 | 1.08 1.45 1.40 | cpu  69190186 7327 7280049 4761581383 268841 0 110799 0 0 0
1791029192 2932, 13801, 41, 0x0000000000000000 | 1.08 1.45 1.40 | cpu  69190293 7327 7280058 4761590674 268841 0 110799 0 0 0
1791029193 2962, 13801, 40, 0x0000000000000000 | 1.08 1.45 1.40 | cpu  69190403 7327 7280068 4761599960 268841 0 110799 0 0 0
1791029194 2910, 13801, 43, 0x0000000000000000 | 1.08 1.45 1.40 | cpu  69190511 7327 7280077 4761609272 268841 0 110799 0 0 0
1791029195 2962, 13801, 40, 0x0000000000000000 | 1.07 1.45 1.40 | cpu  69190617 7327 7280090 4761618546 268842 0 110799 0 0 0
1791029196 2887, 13801, 43, 0x0000000000000000 | 1.07 1.45 1.40 | cpu  69190724 7327 7280098 4761627827 268842 0 110799 0 0 0
1791029197 2962, 13801, 40, 0x0000000000000000 | 1.07 1.45 1.40 | cpu  69190834 7327 7280111 4761637147 268842 0 110799 0 0 0
1791029198 2962, 13801, 41, 0x0000000000000000 | 1.07 1.45 1.40 | cpu  69190944 7327 7280121 4761646431 268842 0 110799 0 0 0
1791029199 2962, 13801, 40, 0x0000000000000000 | 1.07 1.45 1.40 | cpu  69191050 7327 7280131 4761655801 268842 0 110799 0 0 0
1791029200 2902, 13801, 42, 0x0000000000000000 | 1.07 1.44 1.40 | cpu  69191158 7327 7280143 4761665114 268843 0 110799 0 0 0
1791029201 2962, 13801, 40, 0x0000000000000000 | 1.07 1.44 1.40 | cpu  69191272 7327 7280153 4761674419 268843 0 110799 0 0 0
1791029202 2550, 13801, 39, 0x0000000000000000 | 1.07 1.44 1.40 | cpu  69191380 7327 7280162 4761683751 268843 0 110799 0 0 0
1791029203 2932, 13801, 43, 0x0000000000000000 | 1.07 1.44 1.40 | cpu  69191487 7327 7280172 4761693050 268843 0 110799 0 0 0
1791029204 2962, 13801, 40, 0x0000000000000000 | 1.07 1.44 1.40 | cpu  69191594 7327 7280182 4761702295 268843 0 110799 0 0 0
1791029205 2962, 13801, 40, 0x0000000000000000 | 1.06 1.43 1.39 | cpu  69191701 7327 7280192 4761711595 268844 0 110799 0 0 0
1791029207 2925, 13801, 44, 0x0000000000000000 | 1.06 1.43 1.39 | cpu  69191809 7327 7280199 4761720860 268845 0 110799 0 0 0
1791029208 2962, 13801, 41, 0x0000000000000000 | 1.06 1.43 1.39 | cpu  69191924 7327 7280221 4761730168 268845 0 110799 0 0 0
1791029209 2925, 13801, 49, 0x0000000000000004 | 1.06 1.43 1.39 | cpu  69192033 7327 7280229 4761739487 268845 0 110799 0 0 0
1791029210 2962, 13801, 41, 0x0000000000000000 | 1.06 1.42 1.39 | cpu  69192143 7327 7280247 4761748818 268845 0 110799 0 0 0
1791029211 2925, 13801, 48, 0x0000000000000004 | 1.06 1.42 1.39 | cpu  69192250 7327 7280256 4761758123 268846 0 110799 0 0 0
1791029212 2962, 13801, 41, 0x0000000000000000 | 1.06 1.42 1.39 | cpu  69192357 7327 7280271 4761767450 268846 0 110799 0 0 0
1791029213 2902, 13801, 49, 0x0000000000000000 | 1.06 1.42 1.39 | cpu  69192464 7327 7280279 4761776765 268846 0 110799 0 0 0
1791029214 2962, 13801, 41, 0x0000000000000000 | 1.06 1.42 1.39 | cpu  69192578 7327 7280290 4761786020 268846 0 110799 0 0 0
1791029215 2962, 13801, 40, 0x0000000000000000 | 1.05 1.42 1.39 | cpu  69192684 7327 7280301 4761795308 268846 0 110799 0 0 0
1791029216 2962, 13801, 40, 0x0000000000000000 | 1.05 1.42 1.39 | cpu  69192794 7327 7280313 4761804612 268847 0 110799 0 0 0
1791029217 2415, 13801, 39, 0x0000000000000000 | 1.05 1.42 1.39 | cpu  69192906 7327 7280321 4761813901 268847 0 110799 0 0 0
1791029218 2422, 13801, 39, 0x0000000000000000 | 1.05 1.42 1.39 | cpu  69193014 7327 7280330 4761823228 268847 0 110799 0 0 0
1791029219 2415, 13801, 39, 0x0000000000000000 | 1.05 1.42 1.39 | cpu  69193126 7327 7280342 4761832528 268847 0 110799 0 0 0
1791029220 2415, 13801, 39, 0x0000000000000000 | 1.05 1.41 1.39 | cpu  69193233 7327 7280352 4761841833 268848 0 110799 0 0 0
1791029222 2415, 13801, 38, 0x0000000000000000 | 1.05 1.41 1.39 | cpu  69193339 7327 7280362 4761851122 268848 0 110799 0 0 0
1791029223 2445, 13801, 39, 0x0000000000000000 | 1.05 1.41 1.39 | cpu  69193448 7327 7280372 4761860461 268848 0 110799 0 0 0
1791029224 2437, 13801, 38, 0x0000000000000000 | 1.05 1.41 1.39 | cpu  69193559 7327 7280382 4761869769 268848 0 110799 0 0 0
1791029225 2437, 13801, 39, 0x0000000000000000 | 1.12 1.42 1.39 | cpu  69193685 7327 7280405 4761879081 268848 0 110800 0 0 0
1791029226 2437, 13801, 39, 0x0000000000000000 | 1.12 1.42 1.39 | cpu  69193809 7327 7280458 4761888338 268849 0 110800 0 0 0
1791029227 2437, 13801, 39, 0x0000000000000000 | 1.12 1.42 1.39 | cpu  69193916 7327 7280468 4761897632 268850 0 110800 0 0 0
1791029228 2415, 13801, 38, 0x0000000000000000 | 1.12 1.42 1.39 | cpu  69194029 7327 7280477 4761906923 268850 0 110800 0 0 0
1791029229 2415, 13801, 38, 0x0000000000000000 | 1.12 1.42 1.39 | cpu  69194154 7327 7280495 4761916189 268851 0 110800 0 0 0
1791029230 2467, 13801, 38, 0x0000000000000000 | 1.11 1.41 1.39 | cpu  69194261 7327 7280502 4761925454 268851 0 110800 0 0 0
1791029231 2452, 13801, 38, 0x0000000000000000 | 1.11 1.41 1.39 | cpu  69194372 7327 7280515 4761934762 268851 0 110800 0 0 0
1791029232 2437, 13801, 38, 0x0000000000000000 | 1.11 1.41 1.39 | cpu  69194481 7327 7280527 4761944068 268851 0 110800 0 0 0
1791029233 2415, 13801, 38, 0x0000000000000000 | 1.11 1.41 1.39 | cpu  69194591 7327 7280536 4761953349 268851 0 110800 0 0 0
1791029234 2415, 13801, 38, 0x0000000000000000 | 1.11 1.41 1.39 | cpu  69194698 7327 7280547 4761962621 268852 0 110800 0 0 0
1791029235 2437, 13801, 38, 0x0000000000000000 | 1.10 1.41 1.39 | cpu  69194802 7327 7280559 4761971904 268852 0 110800 0 0 0
1791029237 2437, 13801, 38, 0x0000000000000000 | 1.10 1.41 1.39 | cpu  69194910 7327 7280568 4761981189 268852 0 110800 0 0 0
1791029238 2437, 13801, 38, 0x0000000000000000 | 1.10 1.41 1.39 | cpu  69195016 7327 7280579 4761990498 268852 0 110800 0 0 0
1791029239 2422, 13801, 38, 0x0000000000000000 | 1.10 1.41 1.39 | cpu  69195123 7327 7280588 4761999795 268852 0 110800 0 0 0
1791029240 2415, 13801, 38, 0x0000000000000000 | 1.18 1.42 1.39 | cpu  69195231 7327 7280601 4762009134 268853 0 110800 0 0 0
1791029241 2415, 13801, 38, 0x0000000000000000 | 1.18 1.42 1.39 | cpu  69195340 7327 7280612 4762018421 268854 0 110800 0 0 0
1791029242 2415, 13801, 38, 0x0000000000000000 | 1.18 1.42 1.39 | cpu  69195450 7327 7280636 4762027716 268854 0 110800 0 0 0
1791029243 2415, 13801, 38, 0x0000000000000000 | 1.18 1.42 1.39 | cpu  69195555 7327 7280645 4762036966 268854 0 110800 0 0 0
1791029244 2415, 13801, 38, 0x0000000000000000 | 1.18 1.42 1.39 | cpu  69195662 7327 7280661 4762046315 268854 0 110800 0 0 0
1791029245 2415, 13801, 38, 0x0000000000000000 | 1.16 1.41 1.39 | cpu  69195769 7327 7280671 4762055599 268854 0 110800 0 0 0
1791029246 2415, 13801, 38, 0x0000000000000000 | 1.16 1.41 1.39 | cpu  69195875 7327 7280681 4762064887 268855 0 110800 0 0 0
1791029247 2415, 13801, 38, 0x0000000000000000 | 1.16 1.41 1.39 | cpu  69195982 7327 7280690 4762074211 268855 0 110800 0 0 0
1791029248 2415, 13801, 38, 0x0000000000000000 | 1.16 1.41 1.39 | cpu  69196089 7327 7280701 4762083462 268855 0 110800 0 0 0
1791029249 2415, 13801, 37, 0x0000000000000000 | 1.16 1.41 1.39 | cpu  69196203 7327 7280712 4762092753 268855 0 110800 0 0 0
1791029250 2415, 13801, 37, 0x0000000000000000 | 1.15 1.40 1.38 | cpu  69196309 7327 7280719 4762102015 268855 0 110800 0 0 0
1791029252 2415, 13801, 38, 0x0000000000000000 | 1.15 1.40 1.38 | cpu  69196414 7327 7280731 4762111304 268856 0 110800 0 0 0
1791029253 2415, 13801, 37, 0x0000000000000000 | 1.15 1.40 1.38 | cpu  69196520 7327 7280740 4762120537 268856 0 110800 0 0 0
1791029254 2415, 13801, 37, 0x0000000000000000 | 1.15 1.40 1.38 | cpu  69196630 7327 7280754 4762129834 268856 0 110800 0 0 0
1791029255 2415, 13801, 37, 0x0000000000000000 | 1.22 1.41 1.39 | cpu  69196737 7327 7280765 4762139100 268856 0 110800 0 0 0
1791029256 2415, 13801, 38, 0x0000000000000000 | 1.22 1.41 1.39 | cpu  69196843 7327 7280775 4762148331 268856 0 110800 0 0 0
1791029257 2482, 13801, 38, 0x0000000000000000 | 1.22 1.41 1.39 | cpu  69196952 7327 7280786 4762157628 268858 0 110800 0 0 0
1791029258 2962, 13801, 39, 0x0000000000000000 | 1.22 1.41 1.39 | cpu  69197061 7327 7280799 4762166941 268858 0 110800 0 0 0
1791029259 2565, 13801, 39, 0x0000000000000000 | 1.22 1.41 1.39 | cpu  69197170 7327 7280813 4762176219 268858 0 110800 0 0 0
1791029260 2460, 13801, 39, 0x0000000000000000 | 1.20 1.40 1.39 | cpu  69197283 7327 7280827 4762185511 268858 0 110800 0 0 0
1791029261 2422, 13801, 37, 0x0000000000000000 | 1.20 1.40 1.39 | cpu  69197389 7327 7280838 4762194799 268858 0 110800 0 0 0
1791029262 2415, 13801, 37, 0x0000000000000000 | 1.20 1.40 1.39 | cpu  69197494 7327 7280846 4762204054 268859 0 110800 0 0 0
1791029263 2415, 13801, 38, 0x0000000000000000 | 1.20 1.40 1.39 | cpu  69197600 7327 7280855 4762213330 268859 0 110800 0 0 0
1791029264 2895, 13801, 39, 0x0000000000000000 | 1.20 1.40 1.39 | cpu  69197708 7327 7280867 4762222681 268859 0 110800 0 0 0
1791029265 2962, 13801, 39, 0x0000000000000000 | 1.18 1.40 1.38 | cpu  69197820 7327 7280880 4762231976 268859 0 110800 0 0 0
1791029266 2932, 13801, 47, 0x0000000000000004 | 1.18 1.40 1.38 | cpu  69197927 7327 7280889 4762241246 268859 0 110800 0 0 0
1791029268 2962, 13801, 40, 0x0000000000000000 | 1.18 1.40 1.38 | cpu  69198033 7327 7280899 4762250515 268859 0 110800 0 0 0
1791029269 2887, 13801, 41, 0x0000000000000000 | 1.18 1.40 1.38 | cpu  69198141 7327 7280906 4762259796 268860 0 110800 0 0 0
1791029270 2962, 13801, 39, 0x0000000000000000 | 1.18 1.40 1.38 | cpu  69198248 7327 7280917 4762269079 268860 0 110800 0 0 0
1791029271 2925, 13801, 41, 0x0000000000000000 | 1.17 1.39 1.38 | cpu  69198358 7327 7280926 4762278349 268860 0 110800 0 0 0
1791029272 2962, 13801, 40, 0x0000000000000000 | 1.17 1.39 1.38 | cpu  69198464 7327 7280937 4762287635 268860 0 110800 0 0 0
1791029273 2932, 13801, 40, 0x0000000000000000 | 1.17 1.39 1.38 | cpu  69198576 7327 7280948 4762296956 268860 0 110800 0 0 0
1791029274 2962, 13801, 40, 0x0000000000000000 | 1.17 1.39 1.38 | cpu  69198683 7327 7280969 4762306249 268861 0 110800 0 0 0
1791029275 2947, 13801, 41, 0x0000000000000000 | 1.15 1.38 1.38 | cpu  69198790 7327 7280978 4762315527 268861 0 110800 0 0 0
1791029276 2947, 13801, 47, 0x0000000000000004 | 1.15 1.38 1.38 | cpu  69198899 7327 7280994 4762324789 268861 0 110800 0 0 0
1791029277 2962, 13801, 40, 0x0000000000000000 | 1.15 1.38 1.38 | cpu  69199005 7327 7281005 4762334095 268862 0 110800 0 0 0
1791029278 2640, 13801, 41, 0x0000000000000000 | 1.15 1.38 1.38 | cpu  69199110 7327 7281013 4762343337 268862 0 110800 0 0 0
1791029279 2962, 13801, 40, 0x0000000000000000 | 1.15 1.38 1.38 | cpu  69199218 7327 7281023 4762352638 268863 0 110800 0 0 0
1791029280 2962, 13801, 40, 0x0000000000000000 | 1.14 1.38 1.38 | cpu  69199331 7327 7281031 4762361968 268863 0 110800 0 0 0
1791029281 2955, 13801, 40, 0x0000000000000000 | 1.14 1.38 1.38 | cpu  69199451 7327 7281047 4762371254 268863 0 110800 0 0 0
1791029283 2962, 13801, 40, 0x0000000000000000 | 1.14 1.38 1.38 | cpu  69199561 7327 7281059 4762380505 268864 0 110800 0 0 0
1791029284 2940, 13801, 47, 0x0000000000000000 | 1.14 1.38 1.38 | cpu  69199668 7327 7281068 4762389800 268864 0 110800 0 0 0
1791029285 2962, 13801, 40, 0x0000000000000000 | 1.14 1.38 1.38 | cpu  69199776 7327 7281083 4762399208 268864 0 110800 0 0 0
1791029286 2940, 13801, 42, 0x0000000000000000 | 1.13 1.37 1.37 | cpu  69199882 7327 7281093 4762408472 268864 0 110800 0 0 0
1791029287 2962, 13801, 40, 0x0000000000000000 | 1.13 1.37 1.37 | cpu  69200010 7327 7281114 4762417756 268865 0 110800 0 0 0
1791029288 2947, 13801, 41, 0x0000000000000000 | 1.13 1.37 1.37 | cpu  69200134 7327 7281172 4762426928 268865 0 110800 0 0 0
1791029289 2940, 13801, 47, 0x0000000000000004 | 1.13 1.37 1.37 | cpu  69200265 7327 7281227 4762436198 268865 0 110800 0 0 0
1791029290 2947, 13801, 41, 0x0000000000000000 | 1.12 1.36 1.37 | cpu  69200378 7327 7281236 4762445472 268865 0 110800 0 0 0
1791029291 2917, 13801, 47, 0x0000000000000000 | 1.12 1.36 1.37 | cpu  69200485 7327 7281245 4762454729 268865 0 110800 0 0 0
1791029292 2962, 13801, 40, 0x0000000000000000 | 1.12 1.36 1.37 | cpu  69200592 7327 7281258 4762464043 268866 0 110800 0 0 0
1791029293 2962, 13801, 40, 0x0000000000000000 | 1.12 1.36 1.37 | cpu  69200699 7327 7281265 4762473289 268867 0 110800 0 0 0
1791029294 2955, 13801, 41, 0x0000000000000000 | 1.12 1.36 1.37 | cpu  69200813 7327 7281278 4762482645 268867 0 110800 0 0 0
1791029295 2955, 13801, 40, 0x0000000000000000 | 1.11 1.36 1.37 | cpu  69200920 7327 7281287 4762491923 268867 0 110800 0 0 0
1791029296 2962, 13801, 40, 0x0000000000000000 | 1.11 1.36 1.37 | cpu  69201027 7327 7281295 4762501201 268867 0 110800 0 0 0
1791029298 2415, 13801, 39, 0x0000000000000000 | 1.11 1.36 1.37 | cpu  69201138 7327 7281306 4762510516 268867 0 110800 0 0 0
1791029299 2557, 13801, 39, 0x0000000000000000 | 1.11 1.36 1.37 | cpu  69201244 7327 7281316 4762519834 268868 0 110800 0 0 0
1791029300 2452, 13801, 39, 0x0000000000000000 | 1.11 1.36 1.37 | cpu  69201354 7327 7281331 4762529121 268868 0 110800 0 0 0
1791029301 2437, 13801, 39, 0x0000000000000000 | 1.10 1.35 1.37 | cpu  69201463 7327 7281340 4762538424 268868 0 110800 0 0 0
1791029302 2437, 13801, 39, 0x0000000000000000 | 1.10 1.35 1.37 | cpu  69201577 7327 7281358 4762547700 268868 0 110800 0 0 0
1791029303 2415, 13801, 38, 0x0000000000000000 | 1.10 1.35 1.37 | cpu  69201683 7327 7281372 4762556985 268868 0 110800 0 0 0
1791029304 2415, 13801, 38, 0x0000000000000000 | 1.10 1.35 1.37 | cpu  69201793 7327 7281383 4762566247 268869 0 110800 0 0 0
1791029305 2415, 13801, 38, 0x0000000000000000 | 1.09 1.35 1.36 | cpu  69201900 7327 7281394 4762575540 268869 0 110800 0 0 0
1791029306 2415, 13801, 38, 0x0000000000000000 | 1.09 1.35 1.36 | cpu  69202009 7327 7281413 4762584827 268869 0 110800 0 0 0
1791029307 2437, 13801, 38, 0x0000000000000000 | 1.09 1.35 1.36 | cpu  69202119 7327 7281426 4762594149 268870 0 110800 0 0 0
1791029308 2437, 13801, 38, 0x0000000000000000 | 1.09 1.35 1.36 | cpu  69202228 7327 7281442 4762603471 268870 0 110800 0 0 0
1791029309 2415, 13801, 38, 0x0000000000000000 | 1.09 1.35 1.36 | cpu  69202333 7327 7281453 4762612744 268871 0 110800 0 0 0
1791029310 2415, 13801, 38, 0x0000000000000000 | 1.08 1.34 1.36 | cpu  69202447 7327 7281465 4762621976 268871 0 110800 0 0 0
1791029311 2452, 13801, 38, 0x0000000000000000 | 1.08 1.34 1.36 | cpu  69202552 7327 7281475 4762631231 268871 0 110800 0 0 0
1791029312 2437, 13801, 38, 0x0000000000000000 | 1.08 1.34 1.36 | cpu  69202659 7327 7281485 4762640508 268872 0 110800 0 0 0
1791029314 2415, 13801, 38, 0x0000000000000000 | 1.08 1.34 1.36 | cpu  69202766 7327 7281495 4762649846 268872 0 110800 0 0 0
1791029315 2962, 13801, 39, 0x0000000000000000 | 1.08 1.34 1.36 | cpu  69202878 7327 7281507 4762659148 268872 0 110800 0 0 0
1791029316 2962, 13801, 39, 0x0000000000000000 | 1.08 1.33 1.36 | cpu  69202983 7327 7281517 4762668483 268872 0 110800 0 0 0
1791029317 2632, 13801, 39, 0x0000000000000000 | 1.08 1.33 1.36 | cpu  69203089 7327 7281526 4762677797 268872 0 110800 0 0 0
1791029318 2467, 13801, 38, 0x0000000000000000 | 1.08 1.33 1.36 | cpu  69203196 7327 7281535 4762687077 268873 0 110800 0 0 0
1791029319 2415, 13801, 38, 0x0000000000000000 | 1.08 1.33 1.36 | cpu  69203302 7327 7281546 4762696366 268873 0 110800 0 0 0
1791029320 2422, 13801, 38, 0x0000000000000000 | 1.07 1.33 1.36 | cpu  69203414 7327 7281556 4762705648 268873 0 110800 0 0 0
1791029321 2542, 13801, 39, 0x0000000000000000 | 1.07 1.33 1.36 | cpu  69203520 7327 7281564 4762714914 268873 0 110800 0 0 0
1791029322 2415, 13801, 38, 0x0000000000000000 | 1.07 1.33 1.36 | cpu  69203633 7327 7281577 4762724241 268873 0 110800 0 0 0
1791029323 2415, 13801, 38, 0x0000000000000000 | 1.07 1.33 1.36 | cpu  69203739 7327 7281589 4762733543 268874 0 110800 0 0 0
1791029324 2512, 13801, 38, 0x0000000000000000 | 1.07 1.33 1.36 | cpu  69203846 7327 7281597 4762742815 268874 0 110800 0 0 0
1791029325 2962, 13801, 39, 0x0000000000000000 | 1.15 1.34 1.36 | cpu  69203954 7327 7281609 4762752091 268875 0 110800 0 0 0
1791029326 2962, 13801, 39, 0x0000000000000000 | 1.15 1.34 1.36 | cpu  69204062 7327 7281618 4762761404 268875 0 110800 0 0 0
1791029327 2947, 13801, 39, 0x0000000000000000 | 1.15 1.34 1.36 | cpu  69204169 7327 7281632 4762770715 268875 0 110800 0 0 0
1791029329 2415, 13801, 38, 0x0000000000000000 | 1.15 1.34 1.36 | cpu  69204277 7327 7281642 4762780024 268876 0 110800 0 0 0
1791029330 2415, 13801, 38, 0x0000000000000000 | 1.15 1.34 1.36 | cpu  69204387 7327 7281652 4762789399 268876 0 110800 0 0 0
1791029331 2452, 13801, 38, 0x0000000000000000 | 1.13 1.33 1.36 | cpu  69204548 7327 7281748 4762798596 268879 0 110800 0 0 0
1791029332 2415, 13801, 38, 0x0000000000000000 | 1.13 1.33 1.36 | cpu  69204651 7327 7281763 4762807917 268879 0 110800 0 0 0
1791029333 2415, 13801, 38, 0x0000000000000000 | 1.13 1.33 1.36 | cpu  69204755 7327 7281787 4762817233 268879 0 110800 0 0 0
1791029334 2422, 13801, 38, 0x0000000000000000 | 1.13 1.33 1.36 | cpu  69204870 7327 7281857 4762826522 268879 0 110801 0 0 0
1791029335 2415, 13801, 38, 0x0000000000000000 | 1.36 1.38 1.37 | cpu  69204982 7327 7281887 4762835840 268880 0 110801 0 0 0
1791029336 2422, 13801, 38, 0x0000000000000000 | 1.36 1.38 1.37 | cpu  69205092 7327 7281902 4762845127 268880 0 110801 0 0 0
1791029337 2422, 13801, 37, 0x0000000000000000 | 1.36 1.38 1.37 | cpu  69205221 7327 7281964 4762854335 268880 0 110801 0 0 0
1791029338 2422, 13801, 37, 0x0000000000000000 | 1.36 1.38 1.37 | cpu  69205332 7327 7281995 4762863617 268880 0 110801 0 0 0
1791029339 2415, 13801, 37, 0x0000000000000000 | 1.36 1.38 1.37 | cpu  69205446 7327 7282016 4762872915 268880 0 110801 0 0 0
1791029340 2422, 13801, 37, 0x0000000000000000 | 1.41 1.39 1.38 | cpu  69205554 7327 7282036 4762882193 268881 0 110801 0 0 0
1791029341 2415, 13801, 37, 0x0000000000000000 | 1.41 1.39 1.38 | cpu  69205665 7327 7282062 4762891492 268882 0 110801 0 0 0
1791029342 2452, 13801, 37, 0x0000000000000000 | 1.41 1.39 1.38 | cpu  69205763 7327 7282094 4762900786 268882 0 110801 0 0 0
1791029344 2415, 13801, 37, 0x0000000000000000 | 1.41 1.39 1.38 | cpu  69205874 7327 7282110 4762910080 268882 0 110801 0 0 0
1791029345 2415, 13801, 37, 0x0000000000000000 | 1.41 1.39 1.38 | cpu  69205987 7327 7282132 4762919328 268882 0 110801 0 0 0
1791029346 2422, 13801, 37, 0x0000000000000000 | 1.38 1.38 1.37 | cpu  69206099 7327 7282151 4762928620 268882 0 110801 0 0 0
1791029347 2415, 13801, 37, 0x0000000000000000 | 1.38 1.38 1.37 | cpu  69206208 7327 7282168 4762937912 268882 0 110801 0 0 0
1791029348 2415, 13801, 37, 0x0000000000000000 | 1.38 1.38 1.37 | cpu  69206328 7327 7282187 4762947165 268882 0 110801 0 0 0
1791029349 2422, 13801, 37, 0x0000000000000000 | 1.38 1.38 1.37 | cpu  69206443 7327 7282209 4762956477 268883 0 110801 0 0 0
1791029350 2422, 13801, 37, 0x0000000000000000 | 1.35 1.38 1.37 | cpu  69206558 7327 7282227 4762965766 268883 0 110801 0 0 0
1791029351 2415, 13801, 37, 0x0000000000000000 | 1.35 1.38 1.37 | cpu  69206688 7327 7282295 4762974972 268885 0 110801 0 0 0
1791029352 2415, 13801, 37, 0x0000000000000000 | 1.35 1.38 1.37 | cpu  69206797 7327 7282314 4762984254 268885 0 110801 0 0 0
1791029353 2452, 13801, 37, 0x0000000000000000 | 1.35 1.38 1.37 | cpu  69206926 7327 7282371 4762993479 268885 0 110801 0 0 0
1791029354 2415, 13801, 37, 0x0000000000000000 | 1.35 1.38 1.37 | cpu  69207035 7327 7282392 4763002763 268886 0 110801 0 0 0
1791029355 2415, 13801, 37, 0x0000000000000000 | 1.32 1.37 1.37 | cpu  69207145 7327 7282409 4763012051 268886 0 110801 0 0 0
1791029356 2422, 13801, 37, 0x0000000000000000 | 1.32 1.37 1.37 | cpu  69207262 7327 7282431 4763021360 268886 0 110801 0 0 0
1791029357 2422, 13801, 37, 0x0000000000000000 | 1.32 1.37 1.37 | cpu  69207380 7327 7282453 4763030650 268886 0 110801 0 0 0
1791029359 2415, 13801, 37, 0x0000000000000000 | 1.32 1.37 1.37 | cpu  69207492 7327 7282473 4763039909 268886 0 110801 0 0 0
1791029360 2415, 13801, 37, 0x0000000000000000 | 1.32 1.37 1.37 | cpu  69207601 7327 7282491 4763049191 268886 0 110801 0 0 0
1791029361 2422, 13801, 37, 0x0000000000000000 | 1.38 1.38 1.37 | cpu  69207711 7327 7282509 4763058476 268886 0 110801 0 0 0
1791029362 2415, 13801, 37, 0x0000000000000000 | 1.38 1.38 1.37 | cpu  69207820 7327 7282526 4763067766 268887 0 110801 0 0 0
1791029363 2415, 13801, 37, 0x0000000000000000 | 1.38 1.38 1.37 | cpu  69207932 7327 7282544 4763077084 268887 0 110801 0 0 0
1791029364 2460, 13801, 38, 0x0000000000000000 | 1.38 1.38 1.37 | cpu  69208042 7327 7282561 4763086391 268887 0 110801 0 0 0
1791029365 2422, 13801, 37, 0x0000000000000000 | 1.35 1.37 1.37 | cpu  69208151 7327 7282578 4763095663 268887 0 110801 0 0 0
1791029366 2415, 13801, 37, 0x0000000000000000 | 1.35 1.37 1.37 | cpu  69208264 7327 7282597 4763104933 268887 0 110801 0 0 0
1791029367 2415, 13801, 37, 0x0000000000000000 | 1.35 1.37 1.37 | cpu  69208381 7327 7282618 4763114218 268888 0 110801 0 0 0
1791029368 2415, 13801, 37, 0x0000000000000000 | 1.35 1.37 1.37 | cpu  69208489 7327 7282633 4763123505 268888 0 110801 0 0 0
1791029369 2467, 13801, 37, 0x0000000000000000 | 1.35 1.37 1.37 | cpu  69208599 7327 7282651 4763132798 268888 0 110801 0 0 0
1791029370 2415, 13801, 37, 0x0000000000000000 | 1.40 1.38 1.37 | cpu  69208708 7327 7282690 4763142089 268888 0 110801 0 0 0
1791029371 2415, 13801, 36, 0x0000000000000000 | 1.40 1.38 1.37 | cpu  69208821 7327 7282708 4763151349 268888 0 110801 0 0 0
1791029372 2422, 13801, 36, 0x0000000000000000 | 1.40 1.38 1.37 | cpu  69208933 7327 7282725 4763160599 268890 0 110801 0 0 0
1791029374 2415, 13801, 36, 0x0000000000000000 | 1.40 1.38 1.37 | cpu  69209044 7327 7282748 4763169908 268890 0 110801 0 0 0
1791029375 2520, 13801, 37, 0x0000000000000000 | 1.40 1.38 1.37 | cpu  69209157 7327 7282765 4763179262 268891 0 110801 0 0 0
1791029376 2415, 13801, 36, 0x0000000000000000 | 1.37 1.38 1.37 | cpu  69209267 7327 7282781 4763188540 268891 0 110801 0 0 0
1791029377 2415, 13801, 36, 0x0000000000000000 | 1.37 1.38 1.37 | cpu  69209379 7327 7282803 4763197855 268891 0 110801 0 0 0
1791029378 2415, 13801, 36, 0x0000000000000000 | 1.37 1.38 1.37 | cpu  69209489 7327 7282821 4763207159 268891 0 110801 0 0 0
1791029379 2422, 13801, 36, 0x0000000000000000 | 1.37 1.38 1.37 | cpu  69209602 7327 7282839 4763216460 268891 0 110801 0 0 0
1791029380 2415, 13801, 36, 0x0000000000000000 | 1.34 1.37 1.37 | cpu  69209720 7327 7282867 4763225729 268892 0 110801 0 0 0
1791029381 2415, 13801, 36, 0x0000000000000000 | 1.34 1.37 1.37 | cpu  69209831 7327 7282886 4763234948 268892 0 110801 0 0 0
1791029382 2415, 13801, 36, 0x0000000000000000 | 1.34 1.37 1.37 | cpu  69209945 7327 7282906 4763244211 268892 0 110801 0 0 0
1791029383 2415, 13801, 36, 0x0000000000000000 | 1.34 1.37 1.37 | cpu  69210062 7327 7282926 4763253497 268892 0 110801 0 0 0
1791029384 2422, 13801, 36, 0x0000000000000000 | 1.34 1.37 1.37 | cpu  69210175 7327 7282947 4763262762 268892 0 110801 0 0 0
1791029385 2415, 13801, 36, 0x0000000000000000 | 1.39 1.38 1.37 | cpu  69210300 7327 7283004 4763272005 268892 0 110801 0 0 0
1791029386 2415, 13801, 36, 0x0000000000000000 | 1.39 1.38 1.37 | cpu  69210415 7327 7283021 4763281245 268892 0 110801 0 0 0
1791029387 2415, 13801, 36, 0x0000000000000000 | 1.39 1.38 1.37 | cpu  69210524 7327 7283039 4763290514 268893 0 110801 0 0 0
1791029389 2415, 13801, 36, 0x0000000000000000 | 1.39 1.38 1.37 | cpu  69210633 7327 7283059 4763299822 268893 0 110801 0 0 0
1791029390 2422, 13801, 36, 0x0000000000000000 | 1.39 1.38 1.37 | cpu  69210743 7327 7283078 4763309094 268894 0 110801 0 0 0
1791029391 2415, 13801, 36, 0x0000000000000000 | 1.36 1.38 1.37 | cpu  69210859 7327 7283100 4763318389 268894 0 110801 0 0 0
1791029392 2415, 13801, 36, 0x0000000000000000 | 1.36 1.38 1.37 | cpu  69210972 7327 7283125 4763327680 268894 0 110802 0 0 0
1791029393 2415, 13801, 36, 0x0000000000000000 | 1.36 1.38 1.37 | cpu  69211081 7327 7283142 4763336941 268895 0 110802 0 0 0
1791029394 2422, 13801, 36, 0x0000000000000000 | 1.36 1.38 1.37 | cpu  69211192 7327 7283158 4763346218 268895 0 110802 0 0 0
1791029395 2415, 13801, 36, 0x0000000000000000 | 1.33 1.37 1.37 | cpu  69211301 7327 7283177 4763355543 268896 0 110802 0 0 0
1791029396 2422, 13801, 36, 0x0000000000000000 | 1.33 1.37 1.37 | cpu  69211414 7327 7283196 4763364865 268896 0 110802 0 0 0
1791029397 2415, 13801, 36, 0x0000000000000000 | 1.33 1.37 1.37 | cpu  69211527 7327 7283218 4763374168 268896 0 110802 0 0 0
1791029398 2415, 13801, 36, 0x0000000000000000 | 1.33 1.37 1.37 | cpu  69211639 7327 7283239 4763383471 268896 0 110802 0 0 0
1791029399 2422, 13801, 36, 0x0000000000000000 | 1.33 1.37 1.37 | cpu  69211759 7327 7283261 4763392787 268896 0 110802 0 0 0
1791029400 2415, 13801, 36, 0x0000000000000000 | 1.30 1.36 1.37 | cpu  69211876 7327 7283287 4763402066 268897 0 110802 0 0 0
1791029401 2415, 13801, 36, 0x0000000000000000 | 1.30 1.36 1.37 | cpu  69212036 7327 7283372 4763411248 268897 0 110802 0 0 0
1791029402 2415, 13801, 36, 0x0000000000000000 | 1.30 1.36 1.37 | cpu  69212212 7327 7283420 4763420447 268897 0 110802 0 0 0
1791029404 2415, 13801, 36, 0x0000000000000000 | 1.30 1.36 1.37 | cpu  69212323 7327 7283436 4763429733 268898 0 110802 0 0 0
1791029405 2415, 13801, 36, 0x0000000000000000 | 1.30 1.36 1.37 | cpu  69212431 7327 7283456 4763439014 268899 0 110802 0 0 0
1791029406 2422, 13801, 36, 0x0000000000000000 | 1.28 1.36 1.36 | cpu  69212547 7327 7283478 4763448308 268899 0 110802 0 0 0
1791029407 2415, 13801, 36, 0x0000000000000000 | 1.28 1.36 1.36 | cpu  69212656 7327 7283493 4763457548 268899 0 110802 0 0 0
1791029408 2415, 13801, 36, 0x0000000000000000 | 1.28 1.36 1.36 | cpu  69212773 7327 7283517 4763466791 268900 0 110802 0 0 0
1791029409 2415, 13801, 36, 0x0000000000000000 | 1.28 1.36 1.36 | cpu  69212882 7327 7283538 4763476079 268900 0 110802 0 0 0
1791029410 2422, 13801, 36, 0x0000000000000000 | 1.26 1.35 1.36 | cpu  69212992 7327 7283554 4763485346 268900 0 110802 0 0 0
1791029411 2422, 13801, 36, 0x0000000000000000 | 1.26 1.35 1.36 | cpu  69213103 7327 7283572 4763494592 268900 0 110802 0 0 0
1791029412 2415, 13801, 36, 0x0000000000000000 | 1.26 1.35 1.36 | cpu  69213214 7327 7283589 4763503868 268900 0 110802 0 0 0
1791029413 2415, 13801, 36, 0x0000000000000000 | 1.26 1.35 1.36 | cpu  69213329 7327 7283614 4763513159 268900 0 110802 0 0 0
1791029414 2422, 13801, 36, 0x0000000000000000 | 1.26 1.35 1.36 | cpu  69213451 7327 7283656 4763522441 268900 0 110802 0 0 0
1791029415 2415, 13801, 36, 0x0000000000000000 | 1.40 1.38 1.37 | cpu  69213571 7327 7283698 4763531665 268900 0 110802 0 0 0
1791029416 2415, 13801, 36, 0x0000000000000000 | 1.40 1.38 1.37 | cpu  69213702 7327 7283727 4763540954 268900 0 110802 0 0 0
1791029417 2422, 13801, 36, 0x0000000000000000 | 1.40 1.38 1.37 | cpu  69213827 7327 7283776 4763550221 268900 0 110802 0 0 0
1791029419 2415, 13801, 35, 0x0000000000000000 | 1.40 1.38 1.37 | cpu  69213936 7327 7283798 4763559532 268901 0 110802 0 0 0
1791029420 2962, 13801, 37, 0x0000000000000000 | 1.40 1.38 1.37 | cpu  69214046 7327 7283816 4763568827 268901 0 110802 0 0 0
1791029421 2962, 13801, 37, 0x0000000000000000 | 1.36 1.37 1.37 | cpu  69214155 7327 7283831 4763578092 268901 0 110802 0 0 0
1791029422 2415, 13801, 36, 0x0000000000000000 | 1.36 1.37 1.37 | cpu  69214266 7327 7283850 4763587354 268901 0 110802 0 0 0
1791029423 2415, 13801, 36, 0x0000000000000000 | 1.36 1.37 1.37 | cpu  69214377 7327 7283868 4763596649 268902 0 110802 0 0 0
1791029424 2422, 13801, 36, 0x0000000000000000 | 1.36 1.37 1.37 | cpu  69214487 7327 7283884 4763605932 268902 0 110802 0 0 0
1791029425 2415, 13801, 36, 0x0000000000000000 | 1.33 1.37 1.37 | cpu  69214605 7327 7283904 4763615197 268902 0 110802 0 0 0
1791029426 2415, 13801, 35, 0x0000000000000000 | 1.33 1.37 1.37 | cpu  69214716 7327 7283920 4763624504 268903 0 110802 0 0 0
1791029427 2415, 13801, 35, 0x0000000000000000 | 1.33 1.37 1.37 | cpu  69214825 7327 7283940 4763633766 268903 0 110802 0 0 0
1791029428 2422, 13801, 35, 0x0000000000000000 | 1.33 1.37 1.37 | cpu  69214935 7327 7283959 4763643091 268905 0 110802 0 0 0
1791029429 2415, 13801, 35, 0x0000000000000000 | 1.33 1.37 1.37 | cpu  69215045 7327 7283975 4763652371 268905 0 110802 0 0 0
1791029430 2415, 13801, 35, 0x0000000000000000 | 1.31 1.36 1.36 | cpu  69215155 7327 7283993 4763661650 268905 0 110802 0 0 0
1791029431 2415, 13801, 35, 0x0000000000000000 | 1.31 1.36 1.36 | cpu  69215265 7327 7284009 4763670907 268905 0 110802 0 0 0
1791029432 2422, 13801, 35, 0x0000000000000000 | 1.31 1.36 1.36 | cpu  69215381 7327 7284029 4763680177 268905 0 110802 0 0 0
1791029433 2422, 13801, 35, 0x0000000000000000 | 1.31 1.36 1.36 | cpu  69215491 7327 7284048 4763689507 268906 0 110802 0 0 0
1791029435 2415, 13801, 35, 0x0000000000000000 | 1.31 1.36 1.36 | cpu  69215605 7327 7284064 4763698806 268907 0 110802 0 0 0
1791029436 2415, 13801, 35, 0x0000000000000000 | 1.28 1.35 1.36 | cpu  69215726 7327 7284100 4763708089 268907 0 110802 0 0 0
1791029437 2422, 13801, 35, 0x0000000000000000 | 1.28 1.35 1.36 | cpu  69215838 7327 7284118 4763717376 268907 0 110802 0 0 0
1791029438 2415, 13801, 35, 0x0000000000000000 | 1.28 1.35 1.36 | cpu  69215947 7327 7284138 4763726676 268907 0 110802 0 0 0
1791029439 2415, 13801, 35, 0x0000000000000000 | 1.28 1.35 1.36 | cpu  69216057 7327 7284157 4763735941 268908 0 110802 0 0 0
1791029440 2422, 13801, 35, 0x0000000000000000 | 1.26 1.35 1.36 | cpu  69216170 7327 7284175 4763745207 268908 0 110802 0 0 0
1791029441 2415, 13801, 35, 0x0000000000000000 | 1.26 1.35 1.36 | cpu  69216278 7327 7284191 4763754442 268908 0 110802 0 0 0
1791029442 2422, 13801, 35, 0x0000000000000000 | 1.26 1.35 1.36 | cpu  69216390 7327 7284210 4763763742 268908 0 110802 0 0 0
1791029443 2415, 13801, 35, 0x0000000000000000 | 1.26 1.35 1.36 | cpu  69216500 7327 7284227 4763773013 268908 0 110802 0 0 0
1791029444 2415, 13801, 35, 0x0000000000000000 | 1.26 1.35 1.36 | cpu  69216612 7327 7284247 4763782285 268909 0 110802 0 0 0
1791029445 2422, 13801, 35, 0x0000000000000000 | 1.24 1.34 1.36 | cpu  69216722 7327 7284263 4763791578 268909 0 110802 0 0 0
1791029446 2415, 13801, 35, 0x0000000000000000 | 1.24 1.34 1.36 | cpu  69216833 7327 7284285 4763800833 268909 0 110802 0 0 0
1791029447 2415, 13801, 35, 0x0000000000000000 | 1.24 1.34 1.36 | cpu  69216951 7327 7284305 4763810127 268909 0 110802 0 0 0
1791029448 2422, 13801, 35, 0x0000000000000000 | 1.24 1.34 1.36 | cpu  69217058 7327 7284325 4763819414 268909 0 110802 0 0 0
1791029450 2422, 13801, 35, 0x0000000000000000 | 1.24 1.34 1.36 | cpu  69217169 7327 7284343 4763828666 268909 0 110802 0 0 0
1791029451 2415, 13801, 35, 0x0000000000000000 | 1.22 1.33 1.36 | cpu  69217281 7327 7284362 4763837934 268909 0 110802 0 0 0
1791029452 2415, 13801, 35, 0x0000000000000000 | 1.22 1.33 1.36 | cpu  69217383 7327 7284385 4763847196 268909 0 110802 0 0 0
1791029453 2415, 13801, 35, 0x0000000000000000 | 1.22 1.33 1.36 | cpu  69217491 7327 7284406 4763856490 268909 0 110802 0 0 0
1791029454 2437, 13801, 35, 0x0000000000000000 | 1.22 1.33 1.36 | cpu  69217601 7327 7284424 4763865802 268910 0 110802 0 0 0
1791029455 2497, 13801, 35, 0x0000000000000000 | 1.20 1.33 1.35 | cpu  69217712 7327 7284442 4763875093 268910 0 110802 0 0 0
1791029456 2415, 13801, 35, 0x0000000000000000 | 1.20 1.33 1.35 | cpu  69217821 7327 7284460 4763884353 268910 0 110802 0 0 0
1791029457 2850, 13801, 39, 0x0000000000000000 | 1.20 1.33 1.35 | cpu  69217945 7327 7284493 4763893585 268910 0 110802 0 0 0
1791029458 2962, 13801, 36, 0x0000000000000000 | 1.20 1.33 1.35 | cpu  69218056 7327 7284509 4763902880 268910 0 110802 0 0 0
1791029459 2550, 13801, 35, 0x0000000000000000 | 1.20 1.33 1.35 | cpu  69218169 7327 7284530 4763912135 268911 0 110802 0 0 0
1791029460 2422, 13801, 35, 0x0000000000000000 | 1.35 1.36 1.36 | cpu  69218280 7327 7284545 4763921455 268912 0 110802 0 0 0
1791029461 2415, 13801, 35, 0x0000000000000000 | 1.35 1.36 1.36 | cpu  69218392 7327 7284566 4763930698 268912 0 110802 0 0 0
1791029462 2415, 13801, 35, 0x0000000000000000 | 1.35 1.36 1.36 | cpu  69218503 7327 7284583 4763939979 268912 0 110802 0 0 0
1791029463 2422, 13801, 35, 0x0000000000000000 | 1.35 1.36 1.36 | cpu  69218616 7327 7284598 4763949247 268912 0 110802 0 0 0
1791029465 2422, 13801, 35, 0x0000000000000000 | 1.35 1.36 1.36 | cpu  69218725 7327 7284617 4763958506 268912 0 110802 0 0 0
1791029466 2415, 13801, 35, 0x0000000000000000 | 1.32 1.35 1.36 | cpu  69218840 7327 7284637 4763967765 268914 0 110802 0 0 0
1791029467 2415, 13801, 35, 0x0000000000000000 | 1.32 1.35 1.36 | cpu  69218950 7327 7284655 4763977075 268914 0 110802 0 0 0
1791029468 2415, 13801, 35, 0x0000000000000000 | 1.32 1.35 1.36 | cpu  69219060 7327 7284684 4763986304 268914 0 110802 0 0 0
1791029469 2422, 13801, 35, 0x0000000000000000 | 1.32 1.35 1.36 | cpu  69219172 7327 7284704 4763995625 268914 0 110802 0 0 0
1791029470 2415, 13801, 35, 0x0000000000000000 | 1.29 1.34 1.36 | cpu  69219283 7327 7284730 4764004938 268915 0 110802 0 0 0
1791029471 2415, 13801, 35, 0x0000000000000000 | 1.29 1.34 1.36 | cpu  69219394 7327 7284746 4764014248 268915 0 110802 0 0 0
1791029472 2415, 13801, 35, 0x0000000000000000 | 1.29 1.34 1.36 | cpu  69219504 7327 7284767 4764023532 268915 0 110802 0 0 0
1791029473 2452, 13801, 35, 0x0000000000000000 | 1.29 1.34 1.36 | cpu  69219614 7327 7284782 4764032807 268916 0 110802 0 0 0
1791029474 2415, 13801, 35, 0x0000000000000000 | 1.29 1.34 1.36 | cpu  69219727 7327 7284801 4764042077 268916 0 110802 0 0 0
1791029475 2422, 13801, 35, 0x0000000000000000 | 1.27 1.34 1.36 | cpu  69219837 7327 7284819 4764051319 268916 0 110802 0 0 0
1791029476 2422, 13801, 35, 0x0000000000000000 | 1.27 1.34 1.36 | cpu  69219953 7327 7284839 4764060585 268916 0 110802 0 0 0
1791029477 2415, 13801, 35, 0x0000000000000000 | 1.27 1.34 1.36 | cpu  69220074 7327 7284899 4764069828 268916 0 110802 0 0 0
1791029478 2415, 13801, 35, 0x0000000000000000 | 1.27 1.34 1.36 | cpu  69220188 7327 7284925 4764079158 268917 0 110802 0 0 0
1791029479 2415, 13801, 35, 0x0000000000000000 | 1.27 1.34 1.36 | cpu  69220302 7327 7284948 4764088454 268918 0 110802 0 0 0
1791029481 2422, 13801, 35, 0x0000000000000000 | 1.25 1.33 1.35 | cpu  69220410 7327 7284963 4764097706 268918 0 110802 0 0 0
1791029482 2415, 13801, 35, 0x0000000000000000 | 1.25 1.33 1.35 | cpu  69220525 7327 7284984 4764106978 268918 0 110802 0 0 0
1791029483 2415, 13801, 35, 0x0000000000000000 | 1.25 1.33 1.35 | cpu  69220644 7327 7285004 4764116190 268918 0 110802 0 0 0
1791029484 2505, 13801, 38, 0x0000000000000000 | 1.25 1.33 1.35 | cpu  69220753 7327 7285020 4764125471 268918 0 110802 0 0 0
1791029485 2422, 13801, 35, 0x0000000000000000 | 1.31 1.34 1.36 | cpu  69220864 7327 7285038 4764134768 268919 0 110802 0 0 0
1791029486 2415, 13801, 35, 0x0000000000000000 | 1.31 1.34 1.36 | cpu  69220971 7327 7285058 4764144022 268919 0 110802 0 0 0
1791029487 2415, 13801, 35, 0x0000000000000000 | 1.31 1.34 1.36 | cpu  69221080 7327 7285074 4764153271 268919 0 110802 0 0 0
1791029488 2415, 13801, 35, 0x0000000000000000 | 1.31 1.34 1.36 | cpu  69221191 7327 7285097 4764162521 268919 0 110802 0 0 0
1791029489 2535, 13801, 37, 0x0000000000000000 | 1.31 1.34 1.36 | cpu  69221299 7327 7285114 4764171807 268919 0 110802 0 0 0
1791029490 2415, 13801, 35, 0x0000000000000000 | 1.28 1.34 1.36 | cpu  69221410 7327 7285131 4764181093 268920 0 110802 0 0 0
1791029491 2415, 13801, 35, 0x0000000000000000 | 1.28 1.34 1.36 | cpu  69221520 7327 7285152 4764190385 268920 0 110802 0 0 0
1791029492 2422, 13801, 35, 0x0000000000000000 | 1.28 1.34 1.36 | cpu  69221641 7327 7285170 4764199700 268920 0 110802 0 0 0
1791029493 2415, 13801, 35, 0x0000000000000000 | 1.28 1.34 1.36 | cpu  69221750 7327 7285188 4764208977 268920 0 110802 0 0 0
1791029494 2415, 13801, 35, 0x0000000000000000 | 1.28 1.34 1.36 | cpu  69221860 7327 7285207 4764218259 268921 0 110802 0 0 0
1791029496 2415, 13801, 35, 0x0000000000000000 | 1.26 1.33 1.35 | cpu  69221969 7327 7285227 4764227543 268922 0 110802 0 0 0
1791029497 2422, 13801, 35, 0x0000000000000000 | 1.26 1.33 1.35 | cpu  69222081 7327 7285246 4764236854 268922 0 110802 0 0 0
1791029498 2415, 13801, 35, 0x0000000000000000 | 1.26 1.33 1.35 | cpu  69222193 7327 7285263 4764246140 268922 0 110802 0 0 0
1791029499 2415, 13801, 35, 0x0000000000000000 | 1.26 1.33 1.35 | cpu  69222302 7327 7285282 4764255471 268923 0 110802 0 0 0
1791029500 2452, 13801, 35, 0x0000000000000000 | 1.32 1.34 1.36 | cpu  69222412 7327 7285312 4764264760 268923 0 110802 0 0 0
1791029501 2415, 13801, 35, 0x0000000000000000 | 1.32 1.34 1.36 | cpu  69222524 7327 7285333 4764274050 268923 0 110802 0 0 0
1791029502 2415, 13801, 35, 0x0000000000000000 | 1.32 1.34 1.36 | cpu  69222639 7327 7285354 4764283344 268923 0 110802 0 0 0
1791029503 2415, 13801, 35, 0x0000000000000000 | 1.32 1.34 1.36 | cpu  69222747 7327 7285371 4764292579 268923 0 110802 0 0 0
1791029504 2422, 13801, 35, 0x0000000000000000 | 1.32 1.34 1.36 | cpu  69222859 7327 7285391 4764301853 268924 0 110802 0 0 0
1791029505 2760, 13801, 35, 0x0000000000000000 | 1.29 1.34 1.36 | cpu  69222967 7327 7285408 4764311080 268924 0 110802 0 0 0
1791029506 2415, 13801, 35, 0x0000000000000000 | 1.29 1.34 1.36 | cpu  69223078 7327 7285428 4764320365 268924 0 110802 0 0 0
1791029507 2415, 13801, 35, 0x0000000000000000 | 1.29 1.34 1.36 | cpu  69223191 7327 7285451 4764329665 268924 0 110802 0 0 0
1791029508 2422, 13801, 35, 0x0000000000000000 | 1.29 1.34 1.36 | cpu  69223302 7327 7285467 4764338974 268924 0 110802 0 0 0
1791029509 2415, 13801, 35, 0x0000000000000000 | 1.29 1.34 1.36 | cpu  69223415 7327 7285488 4764348273 268925 0 110802 0 0 0
1791029511 2467, 13801, 35, 0x0000000000000000 | 1.35 1.35 1.36 | cpu  69223527 7327 7285504 4764357568 268925 0 110802 0 0 0
1791029512 2415, 13801, 35, 0x0000000000000000 | 1.35 1.35 1.36 | cpu  69223641 7327 7285524 4764366847 268925 0 110802 0 0 0
1791029513 2415, 13801, 34, 0x0000000000000000 | 1.35 1.35 1.36 | cpu  69223751 7327 7285540 4764376124 268925 0 110802 0 0 0
1791029514 2422, 13801, 35, 0x0000000000000000 | 1.35 1.35 1.36 | cpu  69223863 7327 7285556 4764385442 268925 0 110802 0 0 0
1791029515 2415, 13801, 34, 0x0000000000000000 | 1.48 1.38 1.37 | cpu  69223974 7327 7285572 4764394733 268926 0 110802 0 0 0
1791029516 2415, 13801, 34, 0x0000000000000000 | 1.48 1.38 1.37 | cpu  69224083 7327 7285595 4764404013 268926 0 110802 0 0 0
1791029517 2422, 13801, 34, 0x0000000000000000 | 1.48 1.38 1.37 | cpu  69224190 7327 7285618 4764413273 268926 0 110802 0 0 0
1791029518 2902, 13801, 42, 0x0000000000000004 | 1.48 1.38 1.37 | cpu  69224298 7327 7285640 4764422550 268926 0 110802 0 0 0
1791029519 2865, 13801, 37, 0x0000000000000000 | 1.48 1.38 1.37 | cpu  69224410 7327 7285656 4764431826 268926 0 110802 0 0 0
1791029520 2962, 13801, 36, 0x0000000000000000 | 1.44 1.37 1.37 | cpu  69224523 7327 7285675 4764441130 268928 0 110802 0 0 0
1791029521 2962, 13801, 36, 0x0000000000000000 | 1.44 1.37 1.37 | cpu  69224640 7327 7285697 4764450475 268928 0 110802 0 0 0
1791029522 2872, 13801, 38, 0x0000000000000000 | 1.44 1.37 1.37 | cpu  69224757 7327 7285714 4764459737 268928 0 110802 0 0 0
1791029523 2962, 13801, 37, 0x0000000000000000 | 1.44 1.37 1.37 | cpu  69224870 7327 7285734 4764469028 268928 0 110802 0 0 0
1791029524 2962, 13801, 36, 0x0000000000000000 | 1.44 1.37 1.37 | cpu  69224979 7327 7285750 4764478300 268928 0 110802 0 0 0
1791029526 2962, 13801, 37, 0x0000000000000000 | 1.41 1.36 1.37 | cpu  69225090 7327 7285769 4764487610 268929 0 110802 0 0 0
1791029527 2925, 13801, 47, 0x0000000000000004 | 1.41 1.36 1.37 | cpu  69225204 7327 7285793 4764496900 268930 0 110802 0 0 0
1791029528 2902, 13801, 37, 0x0000000000000000 | 1.41 1.36 1.37 | cpu  69225315 7327 7285810 4764506216 268930 0 110802 0 0 0
1791029529 2962, 13801, 37, 0x0000000000000000 | 1.41 1.36 1.37 | cpu  69225430 7327 7285830 4764515506 268930 0 110802 0 0 0
1791029530 2932, 13801, 40, 0x0000000000000004 | 1.54 1.39 1.37 | cpu  69225548 7327 7285850 4764524797 268930 0 110802 0 0 0
1791029531 2955, 13801, 37, 0x0000000000000000 | 1.54 1.39 1.37 | cpu  69225658 7327 7285869 4764534142 268931 0 110802 0 0 0
1791029532 2962, 13801, 37, 0x0000000000000000 | 1.54 1.39 1.37 | cpu  69225774 7327 7285901 4764543432 268931 0 110802 0 0 0
1791029533 2962, 13801, 44, 0x0000000000000000 | 1.54 1.39 1.37 | cpu  69225884 7327 7285919 4764552816 268931 0 110802 0 0 0
1791029534 2962, 13801, 38, 0x0000000000000000 | 1.54 1.39 1.37 | cpu  69226000 7327 7285954 4764562124 268931 0 110802 0 0 0
1791029535 2955, 13801, 38, 0x0000000000000000 | 1.57 1.40 1.38 | cpu  69226112 7327 7285975 4764571429 268931 0 110802 0 0 0
1791029536 2962, 13801, 38, 0x0000000000000000 | 1.57 1.40 1.38 | cpu  69226224 7327 7285995 4764580700 268932 0 110802 0 0 0
1791029537 2962, 13801, 37, 0x0000000000000000 | 1.57 1.40 1.38 | cpu  69226334 7327 7286016 4764590024 268932 0 110802 0 0 0
1791029538 2902, 13801, 41, 0x0000000000000004 | 1.57 1.40 1.38 | cpu  69226456 7327 7286038 4764599316 268932 0 110802 0 0 0
1791029539 2940, 13801, 38, 0x0000000000000000 | 1.57 1.40 1.38 | cpu  69226584 7327 7286103 4764608559 268932 0 110802 0 0 0
1791029541 2917, 13801, 39, 0x0000000000000004 | 1.53 1.39 1.37 | cpu  69226695 7327 7286122 4764617853 268932 0 110802 0 0 0
1791029542 2940, 13801, 38, 0x0000000000000000 | 1.53 1.39 1.37 | cpu  69226810 7327 7286140 4764627133 268932 0 110802 0 0 0
1791029543 2962, 13801, 38, 0x0000000000000000 | 1.53 1.39 1.37 | cpu  69226922 7327 7286162 4764636449 268932 0 110802 0 0 0
1791029544 2962, 13801, 47, 0x0000000000000000 | 1.53 1.39 1.37 | cpu  69227032 7327 7286177 4764645740 268933 0 110802 0 0 0
1791029545 2932, 13801, 39, 0x0000000000000000 | 1.56 1.41 1.38 | cpu  69227143 7327 7286197 4764655052 268933 0 110802 0 0 0
1791029546 2962, 13801, 38, 0x0000000000000000 | 1.56 1.41 1.38 | cpu  69227253 7327 7286219 4764664397 268933 0 110802 0 0 0
1791029547 2962, 13801, 38, 0x0000000000000000 | 1.56 1.41 1.38 | cpu  69227362 7327 7286234 4764673653 268933 0 110802 0 0 0
1791029548 2962, 13801, 38, 0x0000000000000000 | 1.56 1.41 1.38 | cpu  69227473 7327 7286251 4764682926 268933 0 110802 0 0 0
1791029549 2940, 13801, 40, 0x0000000000000004 | 1.56 1.41 1.38 | cpu  69227589 7327 7286268 4764692198 268934 0 110802 0 0 0
1791029550 2962, 13801, 38, 0x0000000000000000 | 1.52 1.40 1.38 | cpu  69227703 7327 7286288 4764701415 268934 0 110802 0 0 0
1791029551 2962, 13801, 38, 0x0000000000000000 | 1.52 1.40 1.38 | cpu  69227815 7327 7286310 4764710777 268935 0 110802 0 0 0
1791029552 2962, 13801, 38, 0x0000000000000000 | 1.52 1.40 1.38 | cpu  69227925 7327 7286325 4764720032 268935 0 110802 0 0 0
1791029553 2947, 13801, 45, 0x0000000000000004 | 1.52 1.40 1.38 | cpu  69228036 7327 7286341 4764729304 268935 0 110802 0 0 0
1791029554 2737, 13801, 38, 0x0000000000000000 | 1.52 1.40 1.38 | cpu  69228144 7327 7286360 4764738625 268935 0 110802 0 0 0
1791029556 2422, 13801, 37, 0x0000000000000000 | 1.48 1.39 1.37 | cpu  69228254 7327 7286378 4764747905 268935 0 110802 0 0 0
1791029557 2415, 13801, 37, 0x0000000000000000 | 1.48 1.39 1.37 | cpu  69228367 7327 7286396 4764757199 268936 0 110802 0 0 0
1791029558 2415, 13801, 37, 0x0000000000000000 | 1.48 1.39 1.37 | cpu  69228480 7327 7286418 4764766487 268936 0 110802 0 0 0
1791029559 2415, 13801, 37, 0x0000000000000000 | 1.48 1.39 1.37 | cpu  69228596 7327 7286439 4764775775 268936 0 110802 0 0 0
1791029560 2460, 13801, 37, 0x0000000000000000 | 1.52 1.40 1.38 | cpu  69228702 7327 7286454 4764785044 268937 0 110802 0 0 0
1791029561 2415, 13801, 36, 0x0000000000000000 | 1.52 1.40 1.38 | cpu  69228815 7327 7286472 4764794318 268937 0 110802 0 0 0
1791029562 2415, 13801, 36, 0x0000000000000000 | 1.52 1.40 1.38 | cpu  69228925 7327 7286493 4764803578 268938 0 110802 0 0 0
1791029563 2415, 13801, 36, 0x0000000000000000 | 1.52 1.40 1.38 | cpu  69229033 7327 7286510 4764812865 268938 0 110802 0 0 0
1791029564 2415, 13801, 36, 0x0000000000000000 | 1.52 1.40 1.38 | cpu  69229142 7327 7286535 4764822111 268938 0 110802 0 0 0
1791029565 2482, 13801, 37, 0x0000000000000000 | 1.48 1.39 1.37 | cpu  69229251 7327 7286555 4764831366 268938 0 110802 0 0 0
1791029566 2415, 13801, 36, 0x0000000000000000 | 1.48 1.39 1.37 | cpu  69229362 7327 7286579 4764840687 268939 0 110802 0 0 0
1791029567 2602, 13801, 37, 0x0000000000000000 | 1.48 1.39 1.37 | cpu  69229478 7327 7286601 4764849995 268939 0 110802 0 0 0
1791029568 2842, 13801, 37, 0x0000000000000000 | 1.48 1.39 1.37 | cpu  69229595 7327 7286619 4764859266 268939 0 110802 0 0 0
1791029569 2422, 13801, 36, 0x0000000000000000 | 1.48 1.39 1.37 | cpu  69229704 7327 7286636 4764868551 268939 0 110802 0 0 0
1791029571 2422, 13801, 36, 0x0000000000000000 | 1.52 1.41 1.38 | cpu  69229815 7327 7286651 4764877822 268940 0 110802 0 0 0
1791029572 2415, 13801, 36, 0x0000000000000000 | 1.52 1.41 1.38 | cpu  69229928 7327 7286671 4764887118 268940 0 110802 0 0 0
1791029573 2415, 13801, 36, 0x0000000000000000 | 1.52 1.41 1.38 | cpu  69230044 7327 7286690 4764896423 268940 0 110802 0 0 0
1791029574 2415, 13801, 36, 0x0000000000000000 | 1.52 1.41 1.38 | cpu  69230154 7327 7286709 4764905656 268940 0 110802 0 0 0
1791029575 2422, 13801, 36, 0x0000000000000000 | 1.56 1.42 1.38 | cpu  69230269 7327 7286727 4764914928 268940 0 110802 0 0 0
1791029576 2415, 13801, 36, 0x0000000000000000 | 1.56 1.42 1.38 | cpu  69230401 7327 7286751 4764924253 268941 0 110802 0 0 0
1791029577 2415, 13801, 36, 0x0000000000000000 | 1.56 1.42 1.38 | cpu  69230514 7327 7286770 4764933532 268942 0 110802 0 0 0
1791029578 2415, 13801, 36, 0x0000000000000000 | 1.56 1.42 1.38 | cpu  69230631 7327 7286786 4764942844 268942 0 110802 0 0 0
1791029579 2415, 13801, 36, 0x0000000000000000 | 1.56 1.42 1.38 | cpu  69230739 7327 7286805 4764952144 268942 0 110802 0 0 0
1791029580 2827, 13801, 37, 0x0000000000000000 | 1.51 1.41 1.38 | cpu  69230850 7327 7286823 4764961460 268942 0 110802 0 0 0
1791029581 2827, 13801, 37, 0x0000000000000000 | 1.51 1.41 1.38 | cpu  69230962 7327 7286843 4764970788 268942 0 110802 0 0 0
1791029582 2422, 13801, 36, 0x0000000000000000 | 1.51 1.41 1.38 | cpu  69231077 7327 7286863 4764980086 268943 0 110802 0 0 0
1791029583 2415, 13801, 36, 0x0000000000000000 | 1.51 1.41 1.38 | cpu  69231189 7327 7286883 4764989383 268943 0 110802 0 0 0
1791029584 2415, 13801, 36, 0x0000000000000000 | 1.51 1.41 1.38 | cpu  69231299 7327 7286900 4764998649 268943 0 110802 0 0 0
1791029586 2415, 13801, 36, 0x0000000000000000 | 1.47 1.40 1.38 | cpu  69231409 7327 7286915 4765007926 268943 0 110802 0 0 0
1791029587 2415, 13801, 36, 0x0000000000000000 | 1.47 1.40 1.38 | cpu  69231518 7327 7286935 4765017172 268943 0 110802 0 0 0
1791029588 2422, 13801, 36, 0x0000000000000000 | 1.47 1.40 1.38 | cpu  69231635 7327 7286952 4765026435 268944 0 110802 0 0 0
1791029589 2422, 13801, 36, 0x0000000000000000 | 1.47 1.40 1.38 | cpu  69231748 7327 7286970 4765035742 268946 0 110802 0 0 0
1791029590 2415, 13801, 36, 0x0000000000000000 | 1.51 1.41 1.38 | cpu  69231856 7327 7286989 4765045021 268946 0 110802 0 0 0
1791029591 2415, 13801, 36, 0x0000000000000000 | 1.51 1.41 1.38 | cpu  69231969 7327 7287008 4765054337 268946 0 110802 0 0 0
1791029592 2962, 13801, 37, 0x0000000000000000 | 1.51 1.41 1.38 | cpu  69232078 7327 7287025 4765063605 268947 0 110802 0 0 0
1791029593 2542, 13801, 36, 0x0000000000000000 | 1.51 1.41 1.38 | cpu  69232188 7327 7287043 4765072880 268947 0 110802 0 0 0
1791029594 2415, 13801, 36, 0x0000000000000000 | 1.51 1.41 1.38 | cpu  69232296 7327 7287063 4765082157 268947 0 110802 0 0 0
1791029595 2422, 13801, 36, 0x0000000000000000 | 1.55 1.42 1.38 | cpu  69232409 7327 7287083 4765091431 268947 0 110802 0 0 0
1791029596 2422, 13801, 36, 0x0000000000000000 | 1.55 1.42 1.38 | cpu  69232521 7327 7287110 4765100711 268947 0 110802 0 0 0
1791029597 2467, 13801, 36, 0x0000000000000000 | 1.55 1.42 1.38 | cpu  69232637 7327 7287131 4765109991 268948 0 110802 0 0 0
1791029598 2415, 13801, 36, 0x0000000000000000 | 1.55 1.42 1.38 | cpu  69232746 7327 7287148 4765119252 268949 0 110802 0 0 0
1791029599 2415, 13801, 36, 0x0000000000000000 | 1.55 1.42 1.38 | cpu  69232856 7327 7287169 4765128529 268949 0 110802 0 0 0
1791029600 2415, 13801, 36, 0x0000000000000000 | 1.59 1.43 1.39 | cpu  69232975 7327 7287193 4765137794 268949 0 110802 0 0 0
1791029602 2422, 13801, 36, 0x0000000000000000 | 1.59 1.43 1.39 | cpu  69233097 7327 7287258 4765146991 268949 0 110802 0 0 0
1791029603 2917, 13801, 41, 0x0000000000000000 | 1.59 1.43 1.39 | cpu  69233206 7327 7287279 4765156275 268950 0 110802 0 0 0
1791029604 2962, 13801, 37, 0x0000000000000000 | 1.59 1.43 1.39 | cpu  69233318 7327 7287295 4765165559 268950 0 110802 0 0 0
1791029605 2752, 13801, 36, 0x0000000000000000 | 1.59 1.43 1.39 | cpu  69233427 7327 7287311 4765174774 268950 0 110802 0 0 0
1791029606 2415, 13801, 36, 0x0000000000000000 | 1.54 1.42 1.38 | cpu  69233536 7327 7287329 4765184034 268950 0 110802 0 0 0
1791029607 2415, 13801, 36, 0x0000000000000000 | 1.54 1.42 1.38 | cpu  69233657 7327 7287352 4765193260 268950 0 110802 0 0 0
1791029608 2415, 13801, 36, 0x0000000000000000 | 1.54 1.42 1.38 | cpu  69233769 7327 7287372 4765202525 268950 0 110802 0 0 0
1791029609 2415, 13801, 36, 0x0000000000000000 | 1.54 1.42 1.38 | cpu  69233879 7327 7287391 4765211769 268951 0 110802 0 0 0
1791029610 2422, 13801, 35, 0x0000000000000000 | 1.50 1.42 1.38 | cpu  69233991 7327 7287409 4765221014 268951 0 110802 0 0 0
1791029611 2415, 13801, 35, 0x0000000000000000 | 1.50 1.42 1.38 | cpu  69234112 7327 7287429 4765230280 268951 0 110802 0 0 0
1791029612 2415, 13801, 35, 0x0000000000000000 | 1.50 1.42 1.38 | cpu  69234230 7327 7287460 4765239518 268951 0 110802 0 0 0
1791029613 2415, 13801, 35, 0x0000000000000000 | 1.50 1.42 1.38 | cpu  69234340 7327 7287481 4765248776 268952 0 110802 0 0 0
1791029614 2557, 13801, 36, 0x0000000000000000 | 1.50 1.42 1.38 | cpu  69234451 7327 7287498 4765257988 268952 0 110802 0 0 0
1791029615 2422, 13801, 35, 0x0000000000000000 | 1.46 1.41 1.38 | cpu  69234564 7327 7287514 4765267241 268952 0 110802 0 0 0
1791029616 2422, 13801, 35, 0x0000000000000000 | 1.46 1.41 1.38 | cpu  69234678 7327 7287532 4765276556 268952 0 110802 0 0 0
1791029618 2415, 13801, 35, 0x0000000000000000 | 1.46 1.41 1.38 | cpu  69234790 7327 7287549 4765285834 268953 0 110802 0 0 0
1791029619 2415, 13801, 35, 0x0000000000000000 | 1.46 1.41 1.38 | cpu  69234906 7327 7287571 4765295087 268953 0 110802 0 0 0
1791029620 2415, 13801, 37, 0x0000000000000000 | 1.46 1.41 1.38 | cpu  69235015 7327 7287587 4765304365 268954 0 110802 0 0 0
1791029621 2422, 13801, 35, 0x0000000000000000 | 1.42 1.40 1.38 | cpu  69235126 7327 7287604 4765313603 268954 0 110802 0 0 0
1791029622 2415, 13801, 35, 0x0000000000000000 | 1.42 1.40 1.38 | cpu  69235236 7327 7287621 4765322832 268954 0 110802 0 0 0
1791029623 2415, 13801, 35, 0x0000000000000000 | 1.42 1.40 1.38 | cpu  69235344 7327 7287642 4765332093 268954 0 110802 0 0 0
1791029624 2415, 13801, 35, 0x0000000000000000 | 1.42 1.40 1.38 | cpu  69235454 7327 7287661 4765341348 268955 0 110802 0 0 0
1791029625 2415, 13801, 35, 0x0000000000000000 | 1.39 1.40 1.37 | cpu  69235568 7327 7287680 4765350636 268955 0 110802 0 0 0
1791029626 2415, 13801, 35, 0x0000000000000000 | 1.39 1.40 1.37 | cpu  69235682 7327 7287700 4765359893 268955 0 110802 0 0 0
1791029627 2415, 13801, 35, 0x0000000000000000 | 1.39 1.40 1.37 | cpu  69235790 7327 7287719 4765369163 268955 0 110802 0 0 0
1791029628 2422, 13801, 35, 0x0000000000000000 | 1.39 1.40 1.37 | cpu  69235903 7327 7287749 4765378455 268956 0 110802 0 0 0
1791029629 2415, 13801, 35, 0x0000000000000000 | 1.39 1.40 1.37 | cpu  69236014 7327 7287771 4765387689 268956 0 110802 0 0 0
1791029630 2415, 13801, 35, 0x0000000000000000 | 1.36 1.39 1.37 | cpu  69236125 7327 7287789 4765396964 268956 0 110802 0 0 0
1791029631 2415, 13801, 36, 0x0000000000000000 | 1.36 1.39 1.37 | cpu  69236239 7327 7287810 4765406245 268956 0 110802 0 0 0
1791029633 2415, 13801, 35, 0x0000000000000000 | 1.36 1.39 1.37 | cpu  69236352 7327 7287831 4765415524 268956 0 110802 0 0 0
1791029634 2422, 13801, 35, 0x0000000000000000 | 1.36 1.39 1.37 | cpu  69236463 7327 7287852 4765424795 268957 0 110802 0 0 0
1791029635 2422, 13801, 35, 0x0000000000000000 | 1.36 1.39 1.37 | cpu  69236576 7327 7287868 4765434031 268958 0 110802 0 0 0
1791029636 2415, 13801, 35, 0x0000000000000000 | 1.33 1.38 1.37 | cpu  69236686 7327 7287884 4765443310 268958 0 110802 0 0 0
1791029637 2415, 13801, 35, 0x0000000000000000 | 1.33 1.38 1.37 | cpu  69236796 7327 7287904 4765452546 268958 0 110802 0 0 0
1791029638 2422, 13801, 35, 0x0000000000000000 | 1.33 1.38 1.37 | cpu  69236905 7327 7287919 4765461794 268958 0 110802 0 0 0
1791029639 2422, 13801, 35, 0x0000000000000000 | 1.33 1.38 1.37 | cpu  69237013 7327 7287940 4765471038 268958 0 110802 0 0 0
1791029640 2422, 13801, 35, 0x0000000000000000 | 1.30 1.38 1.37 | cpu  69237125 7327 7287957 4765480337 268959 0 110802 0 0 0
1791029641 2415, 13801, 35, 0x0000000000000000 | 1.30 1.38 1.37 | cpu  69237258 7327 7287983 4765489628 268959 0 110802 0 0 0
1791029642 2415, 13801, 35, 0x0000000000000000 | 1.30 1.38 1.37 | cpu  69237407 7327 7288009 4765498849 268959 0 110803 0 0 0
1791029643 2415, 13801, 35, 0x0000000000000000 | 1.30 1.38 1.37 | cpu  69237573 7327 7288049 4765508029 268959 0 110803 0 0 0
1791029644 2415, 13801, 35, 0x0000000000000000 | 1.30 1.38 1.37 | cpu  69237687 7327 7288067 4765517301 268959 0 110803 0 0 0
1791029645 2422, 13801, 35, 0x0000000000000000 | 1.28 1.37 1.36 | cpu  69237797 7327 7288082 4765526522 268959 0 110803 0 0 0
1791029646 2415, 13801, 35, 0x0000000000000000 | 1.28 1.37 1.36 | cpu  69237906 7327 7288103 4765535805 268959 0 110803 0 0 0
1791029647 2415, 13801, 35, 0x0000000000000000 | 1.28 1.37 1.36 | cpu  69238018 7327 7288123 4765545100 268959 0 110803 0 0 0
1791029649 2940, 13801, 37, 0x0000000000000000 | 1.28 1.37 1.36 | cpu  69238127 7327 7288145 4765554434 268960 0 110803 0 0 0
1791029650 2955, 13801, 36, 0x0000000000000000 | 1.28 1.37 1.36 | cpu  69238233 7327 7288167 4765563719 268960 0 110803 0 0 0
1791029651 2415, 13801, 35, 0x0000000000000000 | 1.25 1.36 1.36 | cpu  69238346 7327 7288185 4765573003 268961 0 110803 0 0 0
1791029652 2430, 13801, 35, 0x0000000000000000 | 1.25 1.36 1.36 | cpu  69238457 7327 7288204 4765582277 268961 0 110803 0 0 0
1791029653 2415, 13801, 38, 0x0000000000000000 | 1.25 1.36 1.36 | cpu  69238570 7327 7288227 4765591574 268961 0 110803 0 0 0
1791029654 2467, 13801, 35, 0x0000000000000000 | 1.25 1.36 1.36 | cpu  69238683 7327 7288244 4765600809 268962 0 110803 0 0 0
1791029655 2415, 13801, 35, 0x0000000000000000 | 1.23 1.36 1.36 | cpu  69238803 7327 7288269 4765610048 268963 0 110803 0 0 0
1791029656 2415, 13801, 35, 0x0000000000000000 | 1.23 1.36 1.36 | cpu  69238917 7327 7288301 4765619339 268963 0 110803 0 0 0
1791029657 2595, 13801, 35, 0x0000000000000000 | 1.23 1.36 1.36 | cpu  69239046 7327 7288358 4765628548 268963 0 110803 0 0 0
1791029658 2415, 13801, 35, 0x0000000000000000 | 1.23 1.36 1.36 | cpu  69239157 7327 7288378 4765637866 268963 0 110803 0 0 0
1791029659 2925, 13801, 40, 0x0000000000000000 | 1.23 1.36 1.36 | cpu  69239272 7327 7288397 4765647180 268964 0 110803 0 0 0
1791029660 2760, 13801, 50, 0x0000000000000004 | 1.21 1.35 1.36 | cpu  69239385 7327 7288415 4765656453 268964 0 110803 0 0 0
1791029661 2670, 13801, 51, 0x0000000000000004 | 1.21 1.35 1.36 | cpu  69239499 7327 7288445 4765665778 268964 0 110803 0 0 0
1791029662 2662, 13801, 51, 0x0000000000000004 | 1.21 1.35 1.36 | cpu  69239621 7327 7288464 4765675120 268964 0 110803 0 0 0
1791029664 2842, 13801, 53, 0x0000000000000004 | 1.21 1.35 1.36 | cpu  69239752 7327 7288535 4765684335 268965 0 110803 0 0 0
1791029665 2857, 13801, 52, 0x0000000000000004 | 1.21 1.35 1.36 | cpu  69239865 7327 7288553 4765693658 268965 0 110803 0 0 0
1791029666 2895, 13801, 44, 0x0000000000000000 | 1.20 1.34 1.36 | cpu  69239973 7327 7288572 4765702931 268965 0 110803 0 0 0
1791029667 2910, 13801, 44, 0x0000000000000000 | 1.20 1.34 1.36 | cpu  69240084 7327 7288590 4765712215 268965 0 110803 0 0 0
1791029668 2962, 13801, 40, 0x0000000000000000 | 1.20 1.34 1.36 | cpu  69240195 7327 7288608 4765721440 268965 0 110803 0 0 0
1791029669 2955, 13801, 43, 0x0000000000000000 | 1.20 1.34 1.36 | cpu  69240307 7327 7288626 4765730735 268965 0 110803 0 0 0
1791029670 2932, 13801, 42, 0x0000000000000000 | 1.18 1.34 1.35 | cpu  69240419 7327 7288645 4765740002 268965 0 110803 0 0 0
1791029671 2962, 13801, 39, 0x0000000000000000 | 1.18 1.34 1.35 | cpu  69240530 7327 7288664 4765749257 268965 0 110803 0 0 0
1791029672 2550, 13801, 38, 0x0000000000000000 | 1.18 1.34 1.35 | cpu  69240639 7327 7288680 4765758544 268965 0 110803 0 0 0
1791029673 2415, 13801, 38, 0x0000000000000000 | 1.18 1.34 1.35 | cpu  69240754 7327 7288702 4765767804 268965 0 110803 0 0 0
1791029674 2415, 13801, 37, 0x0000000000000000 | 1.18 1.34 1.35 | cpu  69240862 7327 7288720 4765777057 268966 0 110803 0 0 0
1791029675 2422, 13801, 37, 0x0000000000000000 | 1.25 1.35 1.36 | cpu  69240975 7327 7288739 4765786269 268966 0 110803 0 0 0
1791029676 2460, 13801, 37, 0x0000000000000000 | 1.25 1.35 1.36 | cpu  69241083 7327 7288760 4765795493 268966 0 110803 0 0 0
1791029677 2415, 13801, 37, 0x0000000000000000 | 1.25 1.35 1.36 | cpu  69241192 7327 7288780 4765804756 268966 0 110803 0 0 0
1791029679 2415, 13801, 37, 0x0000000000000000 | 1.25 1.35 1.36 | cpu  69241303 7327 7288794 4765814008 268966 0 110803 0 0 0
1791029680 2415, 13801, 37, 0x0000000000000000 | 1.25 1.35 1.36 | cpu  69241411 7327 7288814 4765823296 268968 0 110803 0 0 0
1791029681 2415, 13801, 37, 0x0000000000000000 | 1.23 1.34 1.36 | cpu  69241519 7327 7288833 4765832577 268968 0 110803 0 0 0
1791029682 2812, 13801, 40, 0x0000000000000000 | 1.23 1.34 1.36 | cpu  69241629 7327 7288853 4765841835 268968 0 110803 0 0 0
1791029683 2422, 13801, 37, 0x0000000000000000 | 1.23 1.34 1.36 | cpu  69241747 7327 7288873 4765851104 268968 0 110803 0 0 0
1791029684 2415, 13801, 37, 0x0000000000000000 | 1.23 1.34 1.36 | cpu  69241855 7327 7288891 4765860394 268968 0 110803 0 0 0
1791029685 2415, 13801, 37, 0x0000000000000000 | 1.21 1.34 1.35 | cpu  69241965 7327 7288905 4765869639 268970 0 110803 0 0 0
1791029686 2422, 13801, 37, 0x0000000000000000 | 1.21 1.34 1.35 | cpu  69242078 7327 7288922 4765878903 268970 0 110803 0 0 0
1791029687 2415, 13801, 37, 0x0000000000000000 | 1.21 1.34 1.35 | cpu  69242198 7327 7288948 4765888188 268970 0 110803 0 0 0
1791029688 2422, 13801, 37, 0x0000000000000000 | 1.21 1.34 1.35 | cpu  69242321 7327 7288987 4765897408 268970 0 110803 0 0 0
1791029689 2415, 13801, 36, 0x0000000000000000 | 1.21 1.34 1.35 | cpu  69242448 7327 7289035 4765906623 268970 0 110803 0 0 0
1791029690 2415, 13801, 36, 0x0000000000000000 | 1.27 1.35 1.36 | cpu  69242555 7327 7289053 4765915879 268970 0 110803 0 0 0
1791029691 2422, 13801, 36, 0x0000000000000000 | 1.27 1.35 1.36 | cpu  69242669 7327 7289070 4765925144 268970 0 110803 0 0 0
1791029692 2422, 13801, 36, 0x0000000000000000 | 1.27 1.35 1.36 | cpu  69242779 7327 7289086 4765934359 268970 0 110803 0 0 0
1791029693 2955, 13801, 37, 0x0000000000000000 | 1.27 1.35 1.36 | cpu  69242888 7327 7289113 4765943590 268970 0 110803 0 0 0
1791029695 2962, 13801, 37, 0x0000000000000000 | 1.27 1.35 1.36 | cpu  69243000 7327 7289130 4765952860 268970 0 110803 0 0 0
1791029696 2415, 13801, 36, 0x0000000000000000 | 1.25 1.34 1.36 | cpu  69243111 7327 7289151 4765962161 268971 0 110803 0 0 0
1791029697 2415, 13801, 36, 0x0000000000000000 | 1.25 1.34 1.36 | cpu  69243222 7327 7289171 4765971426 268971 0 110803 0 0 0
1791029698 2422, 13801, 36, 0x0000000000000000 | 1.25 1.34 1.36 | cpu  69243336 7327 7289190 4765980668 268971 0 110803 0 0 0
1791029699 2857, 13801, 40, 0x0000000000000000 | 1.25 1.34 1.36 | cpu  69243448 7327 7289212 4765989943 268971 0 110803 0 0 0
1791029700 2962, 13801, 37, 0x0000000000000000 | 1.23 1.34 1.35 | cpu  69243556 7327 7289230 4765999178 268972 0 110803 0 0 0
1791029701 2752, 13801, 37, 0x0000000000000000 | 1.23 1.34 1.35 | cpu  69243669 7327 7289245 4766008417 268973 0 110803 0 0 0
1791029702 2437, 13801, 36, 0x0000000000000000 | 1.23 1.34 1.35 | cpu  69243824 7327 7289305 4766017585 268973 0 110803 0 0 0
1791029703 2415, 13801, 37, 0x0000000000000000 | 1.23 1.34 1.35 | cpu  69243947 7327 7289326 4766026817 268973 0 110803 0 0 0
1791029704 2415, 13801, 36, 0x0000000000000000 | 1.23 1.34 1.35 | cpu  69244056 7327 7289345 4766036061 268973 0 110803 0 0 0
1791029705 2422, 13801, 36, 0x0000000000000000 | 1.29 1.35 1.36 | cpu  69244163 7327 7289364 4766045346 268974 0 110803 0 0 0
1791029706 2415, 13801, 36, 0x0000000000000000 | 1.29 1.35 1.36 | cpu  69244273 7327 7289386 4766054589 268974 0 110803 0 0 0
1791029707 2482, 13801, 36, 0x0000000000000000 | 1.29 1.35 1.36 | cpu  69244384 7327 7289407 4766063903 268974 0 110803 0 0 0
1791029708 2415, 13801, 36, 0x0000000000000000 | 1.29 1.35 1.36 | cpu  69244497 7327 7289424 4766073198 268975 0 110803 0 0 0
1791029709 2587, 13801, 37, 0x0000000000000000 | 1.29 1.35 1.36 | cpu  69244610 7327 7289448 4766082486 268975 0 110803 0 0 0
1791029711 2452, 13801, 36, 0x0000000000000000 | 1.27 1.34 1.36 | cpu  69244725 7327 7289471 4766091816 268975 0 110803 0 0 0
1791029712 2415, 13801, 36, 0x0000000000000000 | 1.27 1.34 1.36 | cpu  69244837 7327 7289488 4766101047 268975 0 110803 0 0 0
1791029713 2415, 13801, 36, 0x0000000000000000 | 1.27 1.34 1.36 | cpu  69244948 7327 7289507 4766110314 268976 0 110803 0 0 0
1791029714 2422, 13801, 36, 0x0000000000000000 | 1.27 1.34 1.36 | cpu  69245061 7327 7289526 4766119575 268976 0 110803 0 0 0
1791029715 2415, 13801, 36, 0x0000000000000000 | 1.33 1.35 1.36 | cpu  69245171 7327 7289544 4766128820 268977 0 110803 0 0 0
1791029716 2415, 13801, 36, 0x0000000000000000 | 1.33 1.35 1.36 | cpu  69245280 7327 7289564 4766138058 268977 0 110803 0 0 0
1791029717 2415, 13801, 36, 0x0000000000000000 | 1.33 1.35 1.36 | cpu  69245392 7327 7289583 4766147360 268977 0 110803 0 0 0
1791029718 2415, 13801, 36, 0x0000000000000000 | 1.33 1.35 1.36 | cpu  69245502 7327 7289599 4766156616 268978 0 110803 0 0 0
1791029719 2422, 13801, 36, 0x0000000000000000 | 1.33 1.35 1.36 | cpu  69245611 7327 7289616 4766165857 268978 0 110803 0 0 0
1791029720 2422, 13801, 36, 0x0000000000000000 | 1.30 1.35 1.36 | cpu  69245725 7327 7289633 4766175129 268978 0 110803 0 0 0
1791029721 2415, 13801, 36, 0x0000000000000000 | 1.30 1.35 1.36 | cpu  69245839 7327 7289655 4766184397 268979 0 110803 0 0 0
1791029722 2415, 13801, 36, 0x0000000000000000 | 1.30 1.35 1.36 | cpu  69245951 7327 7289671 4766193615 268979 0 110803 0 0 0
1791029723 2422, 13801, 36, 0x0000000000000000 | 1.30 1.35 1.36 | cpu  69246061 7327 7289688 4766202858 268980 0 110803 0 0 0
1791029724 2415, 13801, 36, 0x0000000000000000 | 1.30 1.35 1.36 | cpu  69246179 7327 7289709 4766212124 268980 0 110803 0 0 0
1791029725 2422, 13801, 36, 0x0000000000000000 | 1.36 1.36 1.36 | cpu  69246302 7327 7289780 4766221384 268980 0 110803 0 0 0
1791029727 2415, 13801, 36, 0x0000000000000000 | 1.36 1.36 1.36 | cpu  69246414 7327 7289798 4766230670 268980 0 110803 0 0 0
1791029728 2415, 13801, 36, 0x0000000000000000 | 1.36 1.36 1.36 | cpu  69246522 7327 7289821 4766239934 268980 0 110803 0 0 0
1791029729 2422, 13801, 36, 0x0000000000000000 | 1.36 1.36 1.36 | cpu  69246632 7327 7289836 4766249159 268982 0 110803 0 0 0
1791029730 2415, 13801, 36, 0x0000000000000000 | 1.36 1.36 1.36 | cpu  69246745 7327 7289856 4766258470 268982 0 110803 0 0 0
1791029731 2415, 13801, 36, 0x0000000000000000 | 1.33 1.35 1.36 | cpu  69246852 7327 7289876 4766267746 268982 0 110803 0 0 0
1791029732 2415, 13801, 36, 0x0000000000000000 | 1.33 1.35 1.36 | cpu  69246973 7327 7289896 4766276995 268982 0 110803 0 0 0
1791029733 2422, 13801, 36, 0x0000000000000000 | 1.33 1.35 1.36 | cpu  69247086 7327 7289918 4766286249 268982 0 110803 0 0 0
1791029734 2422, 13801, 36, 0x0000000000000000 | 1.33 1.35 1.36 | cpu  69247194 7327 7289936 4766295507 268983 0 110803 0 0 0
1791029735 2415, 13801, 36, 0x0000000000000000 | 1.30 1.35 1.36 | cpu  69247305 7327 7289951 4766304723 268983 0 110803 0 0 0
1791029736 2415, 13801, 36, 0x0000000000000000 | 1.30 1.35 1.36 | cpu  69247415 7327 7289970 4766313985 268983 0 110803 0 0 0
1791029737 2415, 13801, 35, 0x0000000000000000 | 1.30 1.35 1.36 | cpu  69247524 7327 7289988 4766323283 268983 0 110803 0 0 0
1791029738 2422, 13801, 35, 0x0000000000000000 | 1.30 1.35 1.36 | cpu  69247635 7327 7290004 4766332555 268983 0 110803 0 0 0
1791029739 2925, 13801, 41, 0x0000000000000000 | 1.30 1.35 1.36 | cpu  69247751 7327 7290021 4766341781 268984 0 110803 0 0 0
1791029740 2962, 13801, 37, 0x0000000000000000 | 1.28 1.34 1.36 | cpu  69247860 7327 7290036 4766351037 268984 0 110803 0 0 0
1791029742 2415, 13801, 36, 0x0000000000000000 | 1.28 1.34 1.36 | cpu  69247973 7327 7290055 4766360314 268984 0 110803 0 0 0
1791029743 2422, 13801, 36, 0x0000000000000000 | 1.28 1.34 1.36 | cpu  69248088 7327 7290075 4766369593 268985 0 110803 0 0 0
1791029744 2415, 13801, 36, 0x0000000000000000 | 1.28 1.34 1.36 | cpu  69248200 7327 7290098 4766378858 268985 0 110803 0 0 0
1791029745 2415, 13801, 36, 0x0000000000000000 | 1.28 1.34 1.36 | cpu  69248308 7327 7290115 4766388173 268986 0 110803 0 0 0
1791029746 2415, 13801, 36, 0x0000000000000000 | 1.25 1.33 1.35 | cpu  69248415 7327 7290134 4766397453 268986 0 110803 0 0 0
1791029747 2775, 13801, 38, 0x0000000000000000 | 1.25 1.33 1.35 | cpu  69248527 7327 7290152 4766406714 268986 0 110803 0 0 0
1791029748 2422, 13801, 36, 0x0000000000000000 | 1.25 1.33 1.35 | cpu  69248639 7327 7290173 4766415952 268986 0 110803 0 0 0
1791029749 2415, 13801, 36, 0x0000000000000000 | 1.25 1.33 1.35 | cpu  69248761 7327 7290195 4766425233 268988 0 110803 0 0 0
1791029750 2422, 13801, 35, 0x0000000000000000 | 1.23 1.33 1.35 | cpu  69248886 7327 7290216 4766434474 268988 0 110803 0 0 0
1791029751 2415, 13801, 35, 0x0000000000000000 | 1.23 1.33 1.35 | cpu  69249002 7327 7290240 4766443730 268988 0 110803 0 0 0
1791029752 2415, 13801, 35, 0x0000000000000000 | 1.23 1.33 1.35 | cpu  69249130 7327 7290297 4766452980 268988 0 110803 0 0 0
1791029753 2962, 13801, 36, 0x0000000000000000 | 1.23 1.33 1.35 | cpu  69249242 7327 7290322 4766462233 268988 0 110803 0 0 0
1791029754 2962, 13801, 36, 0x0000000000000000 | 1.23 1.33 1.35 | cpu  69249351 7327 7290339 4766471474 268989 0 110803 0 0 0
1791029755 2415, 13801, 36, 0x0000000000000000 | 1.22 1.32 1.35 | cpu  69249467 7327 7290356 4766480765 268989 0 110803 0 0 0
1791029756 2422, 13801, 35, 0x0000000000000000 | 1.22 1.32 1.35 | cpu  69249578 7327 7290374 4766490060 268990 0 110803 0 0 0
1791029758 2415, 13801, 35, 0x0000000000000000 | 1.22 1.32 1.35 | cpu  69249690 7327 7290406 4766499323 268990 0 110803 0 0 0
1791029759 2655, 13801, 38, 0x0000000000000000 | 1.22 1.32 1.35 | cpu  69249803 7327 7290420 4766508599 268990 0 110803 0 0 0
1791029760 2962, 13801, 37, 0x0000000000000000 | 1.22 1.32 1.35 | cpu  69249917 7327 7290438 4766517926 268990 0 110803 0 0 0
1791029761 2925, 13801, 47, 0x0000000000000000 | 1.28 1.33 1.35 | cpu  69250027 7327 7290461 4766527189 268991 0 110803 0 0 0
1791029762 2895, 13801, 38, 0x0000000000000000 | 1.28 1.33 1.35 | cpu  69250139 7327 7290479 4766536491 268991 0 110803 0 0 0
1791029763 2962, 13801, 37, 0x0000000000000000 | 1.28 1.33 1.35 | cpu  69250249 7327 7290495 4766545742 268991 0 110803 0 0 0
1791029764 2932, 13801, 43, 0x0000000000000004 | 1.28 1.33 1.35 | cpu  69250359 7327 7290513 4766555044 268991 0 110803 0 0 0
1791029765 2917, 13801, 38, 0x0000000000000000 | 1.26 1.33 1.35 | cpu  69250469 7327 7290528 4766564311 268992 0 110803 0 0 0
1791029766 2962, 13801, 43, 0x0000000000000000 | 1.26 1.33 1.35 | cpu  69250583 7327 7290554 4766573582 268992 0 110803 0 0 0
1791029767 2917, 13801, 39, 0x0000000000000000 | 1.26 1.33 1.35 | cpu  69250701 7327 7290579 4766582823 268992 0 110803 0 0 0
1791029768 2962, 13801, 38, 0x0000000000000000 | 1.26 1.33 1.35 | cpu  69250818 7327 7290600 4766592104 268993 0 110803 0 0 0
1791029769 2872, 13801, 39, 0x0000000000000000 | 1.26 1.33 1.35 | cpu  69250929 7327 7290619 4766601386 268993 0 110803 0 0 0
1791029770 2962, 13801, 38, 0x0000000000000000 | 1.24 1.32 1.35 | cpu  69251037 7327 7290639 4766610670 268993 0 110803 0 0 0
1791029771 2932, 13801, 39, 0x0000000000000000 | 1.24 1.32 1.35 | cpu  69251152 7327 7290659 4766619949 268993 0 110803 0 0 0
1791029773 2910, 13801, 39, 0x0000000000000000 | 1.24 1.32 1.35 | cpu  69251261 7327 7290675 4766629221 268993 0 110803 0 0 0
1791029774 2962, 13801, 38, 0x0000000000000000 | 1.24 1.32 1.35 | cpu  69251372 7327 7290692 4766638532 268995 0 110803 0 0 0
1791029775 2910, 13801, 39, 0x0000000000000000 | 1.24 1.32 1.35 | cpu  69251482 7327 7290709 4766647736 268995 0 110803 0 0 0
1791029776 2962, 13801, 38, 0x0000000000000000 | 1.22 1.32 1.35 | cpu  69251591 7327 7290729 4766657034 268995 0 110803 0 0 0
1791029777 2962, 13801, 47, 0x0000000000000000 | 1.22 1.32 1.35 | cpu  69251705 7327 7290746 4766666274 268995 0 110803 0 0 0
1791029778 2587, 13801, 49, 0x0000000000000004 | 1.22 1.32 1.35 | cpu  69251821 7327 7290768 4766675535 268995 0 110803 0 0 0
1791029779 2895, 13801, 39, 0x0000000000000000 | 1.22 1.32 1.35 | cpu  69251931 7327 7290787 4766684823 268996 0 110803 0 0 0
1791029780 2940, 13801, 40, 0x0000000000000004 | 1.20 1.31 1.35 | cpu  69252038 7327 7290804 4766694035 268996 0 110803 0 0 0
1791029781 2955, 13801, 39, 0x0000000000000000 | 1.20 1.31 1.35 | cpu  69252151 7327 7290823 4766703322 268996 0 110803 0 0 0
1791029782 2962, 13801, 39, 0x0000000000000000 | 1.20 1.31 1.35 | cpu  69252268 7327 7290851 4766712586 268997 0 110803 0 0 0
1791029783 2947, 13801, 49, 0x0000000000000004 | 1.20 1.31 1.35 | cpu  69252380 7327 7290870 4766721865 268998 0 110803 0 0 0
1791029784 2940, 13801, 39, 0x0000000000000000 | 1.20 1.31 1.35 | cpu  69252511 7327 7290933 4766731049 268998 0 110803 0 0 0
1791029785 2962, 13801, 39, 0x0000000000000000 | 1.18 1.31 1.34 | cpu  69252631 7327 7290955 4766740328 268998 0 110803 0 0 0
1791029786 2962, 13801, 45, 0x0000000000000000 | 1.18 1.31 1.34 | cpu  69252758 7327 7290986 4766749626 268999 0 110803 0 0 0
1791029788 2962, 13801, 46, 0x0000000000000000 | 1.18 1.31 1.34 | cpu  69252879 7327 7291044 4766758962 268999 0 110804 0 0 0
1791029789 2917, 13801, 40, 0x0000000000000000 | 1.18 1.31 1.34 | cpu  69252993 7327 7291061 4766768231 268999 0 110804 0 0 0
1791029790 2962, 13801, 39, 0x0000000000000000 | 1.18 1.31 1.34 | cpu  69253103 7327 7291088 4766777511 268999 0 110804 0 0 0
1791029791 2947, 13801, 49, 0x0000000000000004 | 1.25 1.32 1.35 | cpu  69253211 7327 7291104 4766786729 268999 0 110804 0 0 0
1791029792 2902, 13801, 41, 0x0000000000000004 | 1.25 1.32 1.35 | cpu  69253322 7327 7291125 4766795978 269000 0 110804 0 0 0
1791029793 2902, 13801, 40, 0x0000000000000000 | 1.25 1.32 1.35 | cpu  69253431 7327 7291146 4766805199 269000 0 110804 0 0 0
1791029794 2962, 13801, 39, 0x0000000000000000 | 1.25 1.32 1.35 | cpu  69253539 7327 7291164 4766814476 269001 0 110804 0 0 0
1791029795 2962, 13801, 39, 0x0000000000000000 | 1.23 1.31 1.35 | cpu  69253648 7327 7291182 4766823709 269001 0 110804 0 0 0
1791029796 2730, 13801, 38, 0x0000000000000000 | 1.23 1.31 1.35 | cpu  69253764 7327 7291201 4766832948 269001 0 110804 0 0 0
1791029797 2932, 13801, 42, 0x0000000000000000 | 1.23 1.31 1.35 | cpu  69253875 7327 7291218 4766842171 269001 0 110804 0 0 0
1791029798 2962, 13801, 39, 0x0000000000000000 | 1.23 1.31 1.35 | cpu  69253991 7327 7291240 4766851495 269001 0 110804 0 0 0
1791029799 2940, 13801, 42, 0x0000000000000000 | 1.23 1.31 1.35 | cpu  69254106 7327 7291256 4766860807 269002 0 110804 0 0 0
1791029800 2962, 13801, 39, 0x0000000000000000 | 1.29 1.33 1.35 | cpu  69254241 7327 7291317 4766869985 269002 0 110804 0 0 0
1791029801 2962, 13801, 39, 0x0000000000000000 | 1.29 1.33 1.35 | cpu  69254352 7327 7291337 4766879203 269002 0 110804 0 0 0
1791029802 2685, 13801, 43, 0x0000000000000000 | 1.29 1.33 1.35 | cpu  69254461 7327 7291354 4766888461 269003 0 110804 0 0 0
1791029804 2962, 13801, 39, 0x0000000000000000 | 1.29 1.33 1.35 | cpu  69254573 7327 7291369 4766897705 269003 0 110804 0 0 0
1791029805 2925, 13801, 42, 0x0000000000000000 | 1.29 1.33 1.35 | cpu  69254684 7327 7291387 4766906978 269004 0 110804 0 0 0
1791029806 2932, 13801, 43, 0x0000000000000000 | 1.27 1.32 1.35 | cpu  69254802 7327 7291403 4766916247 269004 0 110804 0 0 0
1791029807 2940, 13801, 43, 0x0000000000000000 | 1.27 1.32 1.35 | cpu  69254916 7327 7291421 4766925489 269004 0 110804 0 0 0
1791029808 2910, 13801, 44, 0x0000000000000000 | 1.27 1.32 1.35 | cpu  69255035 7327 7291442 4766934767 269004 0 110804 0 0 0
1791029809 2925, 13801, 43, 0x0000000000000000 | 1.27 1.32 1.35 | cpu  69255148 7327 7291456 4766944059 269006 0 110804 0 0 0
1791029810 2932, 13801, 43, 0x0000000000000000 | 1.25 1.31 1.35 | cpu  69255259 7327 7291473 4766953334 269006 0 110804 0 0 0
1791029811 2962, 13801, 40, 0x0000000000000000 | 1.25 1.31 1.35 | cpu  69255372 7327 7291499 4766962594 269007 0 110804 0 0 0
1791029812 2565, 13801, 39, 0x0000000000000000 | 1.25 1.31 1.35 | cpu  69255483 7327 7291520 4766971809 269007 0 110804 0 0 0
1791029813 2415, 13801, 39, 0x0000000000000000 | 1.25 1.31 1.35 | cpu  69255593 7327 7291539 4766981061 269007 0 110804 0 0 0
1791029814 2415, 13801, 38, 0x0000000000000000 | 1.25 1.31 1.35 | cpu  69255702 7327 7291559 4766990339 269007 0 110804 0 0 0
1791029815 2437, 13801, 38, 0x0000000000000000 | 1.23 1.31 1.34 | cpu  69255817 7327 7291577 4766999610 269007 0 110804 0 0 0
1791029816 2437, 13801, 38, 0x0000000000000000 | 1.23 1.31 1.34 | cpu  69255927 7327 7291596 4767008858 269007 0 110804 0 0 0
1791029817 2415, 13801, 38, 0x0000000000000000 | 1.23 1.31 1.34 | cpu  69256036 7327 7291615 4767018149 269008 0 110804 0 0 0
1791029818 2415, 13801, 38, 0x0000000000000000 | 1.23 1.31 1.34 | cpu  69256145 7327 7291630 4767027390 269008 0 110804 0 0 0
1791029820 2437, 13801, 38, 0x0000000000000000 | 1.23 1.31 1.34 | cpu  69256254 7327 7291648 4767036660 269008 0 110804 0 0 0
1791029821 2415, 13801, 38, 0x0000000000000000 | 1.21 1.30 1.34 | cpu  69256364 7327 7291667 4767045963 269008 0 110804 0 0 0
1791029822 2415, 13801, 38, 0x0000000000000000 | 1.21 1.30 1.34 | cpu  69256472 7327 7291689 4767055245 269008 0 110804 0 0 0
1791029823 2437, 13801, 38, 0x0000000000000000 | 1.21 1.30 1.34 | cpu  69256584 7327 7291720 4767064505 269009 0 110804 0 0 0
1791029824 2415, 13801, 38, 0x0000000000000000 | 1.21 1.30 1.34 | cpu  69256694 7327 7291735 4767073742 269009 0 110804 0 0 0
1791029825 2415, 13801, 38, 0x0000000000000000 | 1.27 1.31 1.35 | cpu  69256805 7327 7291760 4767083024 269009 0 110804 0 0 0
1791029826 2940, 13801, 42, 0x0000000000000000 | 1.27 1.31 1.35 | cpu  69256918 7327 7291777 4767092319 269009 0 110804 0 0 0
1791029827 2925, 13801, 43, 0x0000000000000000 | 1.27 1.31 1.35 | cpu  69257030 7327 7291794 4767101569 269009 0 110804 0 0 0
1791029828 2962, 13801, 41, 0x0000000000000000 | 1.27 1.31 1.35 | cpu  69257142 7327 7291816 4767110838 269010 0 110804 0 0 0
1791029829 2932, 13801, 43, 0x0000000000000000 | 1.27 1.31 1.35 | cpu  69257260 7327 7291838 4767120123 269010 0 110804 0 0 0
1791029830 2917, 13801, 43, 0x0000000000000000 | 1.25 1.31 1.34 | cpu  69257372 7327 7291854 4767129426 269010 0 110804 0 0 0
1791029831 2940, 13801, 42, 0x0000000000000000 | 1.25 1.31 1.34 | cpu  69257484 7327 7291870 4767138707 269010 0 110804 0 0 0
1791029832 2932, 13801, 43, 0x0000000000000000 | 1.25 1.31 1.34 | cpu  69257601 7327 7291893 4767147969 269010 0 110804 0 0 0
1791029833 2955, 13801, 40, 0x0000000000000000 | 1.25 1.31 1.34 | cpu  69257714 7327 7291910 4767157243 269012 0 110804 0 0 0
1791029835 2962, 13801, 40, 0x0000000000000000 | 1.25 1.31 1.34 | cpu  69257831 7327 7291931 4767166485 269012 0 110804 0 0 0
1791029836 2940, 13801, 47, 0x0000000000000004 | 1.23 1.30 1.34 | cpu  69257943 7327 7291949 4767175730 269013 0 110804 0 0 0
1791029837 2940, 13801, 41, 0x0000000000000000 | 1.23 1.30 1.34 | cpu  69258052 7327 7291965 4767184979 269013 0 110804 0 0 0
1791029838 2962, 13801, 44, 0x0000000000000000 | 1.23 1.30 1.34 | cpu  69258163 7327 7291986 4767194225 269013 0 110804 0 0 0
1791029839 2715, 13801, 41, 0x0000000000000000 | 1.23 1.30 1.34 | cpu  69258273 7327 7292003 4767203495 269013 0 110804 0 0 0
1791029840 2962, 13801, 40, 0x0000000000000000 | 1.21 1.30 1.34 | cpu  69258381 7327 7292022 4767212735 269013 0 110804 0 0 0
1791029841 2917, 13801, 42, 0x0000000000000000 | 1.21 1.30 1.34 | cpu  69258491 7327 7292043 4767222002 269014 0 110804 0 0 0
1791029842 2962, 13801, 41, 0x0000000000000000 | 1.21 1.30 1.34 | cpu  69258604 7327 7292059 4767231258 269014 0 110804 0 0 0
1791029843 2962, 13801, 49, 0x0000000000000000 | 1.21 1.30 1.34 | cpu  69258717 7327 7292078 4767240523 269014 0 110804 0 0 0
1791029844 2962, 13801, 41, 0x0000000000000000 | 1.21 1.30 1.34 | cpu  69258835 7327 7292106 4767249759 269015 0 110804 0 0 0
1791029845 2947, 13801, 46, 0x0000000000000004 | 1.19 1.29 1.34 | cpu  69258948 7327 7292123 4767258999 269015 0 110804 0 0 0
1791029846 2962, 13801, 41, 0x0000000000000000 | 1.19 1.29 1.34 | cpu  69259062 7327 7292149 4767268279 269015 0 110804 0 0 0
1791029847 2865, 13801, 42, 0x0000000000000004 | 1.19 1.29 1.34 | cpu  69259173 7327 7292167 4767277557 269015 0 110804 0 0 0
1791029848 2962, 13801, 41, 0x0000000000000000 | 1.19 1.29 1.34 | cpu  69259291 7327 7292191 4767286794 269015 0 110804 0 0 0
1791029849 2902, 13801, 43, 0x0000000000000004 | 1.19 1.29 1.34 | cpu  69259410 7327 7292253 4767296036 269016 0 110804 0 0 0
1791029851 2940, 13801, 52, 0x0000000000000004 | 1.18 1.29 1.34 | cpu  69259523 7327 7292270 4767305356 269016 0 110804 0 0 0
1791029852 2880, 13801, 42, 0x0000000000000000 | 1.18 1.29 1.34 | cpu  69259634 7327 7292290 4767314597 269016 0 110804 0 0 0
1791029853 2962, 13801, 41, 0x0000000000000000 | 1.18 1.29 1.34 | cpu  69259747 7327 7292311 4767323891 269016 0 110804 0 0 0
1791029854 2910, 13801, 44, 0x0000000000000004 | 1.18 1.29 1.34 | cpu  69259855 7327 7292328 4767333144 269016 0 110804 0 0 0
1791029855 2962, 13801, 41, 0x0000000000000000 | 1.18 1.29 1.34 | cpu  69259968 7327 7292357 4767342449 269017 0 110804 0 0 0
1791029856 2955, 13801, 52, 0x0000000000000004 | 1.16 1.28 1.33 | cpu  69260079 7327 7292374 4767351711 269017 0 110804 0 0 0
1791029857 2955, 13801, 41, 0x0000000000000000 | 1.16 1.28 1.33 | cpu  69260196 7327 7292404 4767361022 269017 0 110804 0 0 0
1791029858 2962, 13801, 41, 0x0000000000000000 | 1.16 1.28 1.33 | cpu  69260307 7327 7292421 4767370255 269017 0 110804 0 0 0
1791029859 2917, 13801, 44, 0x0000000000000004 | 1.16 1.28 1.33 | cpu  69260419 7327 7292441 4767379555 269018 0 110804 0 0 0
1791029860 2962, 13801, 41, 0x0000000000000000 | 1.15 1.28 1.33 | cpu  69260528 7327 7292457 4767388837 269018 0 110804 0 0 0
1791029861 2902, 13801, 43, 0x0000000000000000 | 1.15 1.28 1.33 | cpu  69260640 7327 7292478 4767398080 269018 0 110804 0 0 0
1791029862 2962, 13801, 41, 0x0000000000000000 | 1.15 1.28 1.33 | cpu  69260752 7327 7292496 4767407398 269018 0 110804 0 0 0
1791029863 2962, 13801, 41, 0x0000000000000000 | 1.15 1.28 1.33 | cpu  69260861 7327 7292514 4767416632 269019 0 110804 0 0 0
1791029864 2932, 13801, 42, 0x0000000000000000 | 1.15 1.28 1.33 | cpu  69260972 7327 7292532 4767425870 269019 0 110804 0 0 0
1791029865 2895, 13801, 46, 0x0000000000000000 | 1.14 1.27 1.33 | cpu  69261084 7327 7292548 4767435120 269019 0 110804 0 0 0
1791029867 2962, 13801, 41, 0x0000000000000000 | 1.14 1.27 1.33 | cpu  69261194 7327 7292568 4767444329 269020 0 110804 0 0 0
1791029868 2962, 13801, 41, 0x0000000000000000 | 1.14 1.27 1.33 | cpu  69261307 7327 7292580 4767453595 269020 0 110804 0 0 0
1791029869 2962, 13801, 41, 0x0000000000000000 | 1.14 1.27 1.33 | cpu  69261419 7327 7292600 4767462896 269021 0 110804 0 0 0
1791029870 2902, 13801, 42, 0x0000000000000000 | 1.14 1.27 1.33 | cpu  69261530 7327 7292621 4767472214 269021 0 110804 0 0 0
1791029871 2910, 13801, 46, 0x0000000000000004 | 1.13 1.27 1.33 | cpu  69261641 7327 7292637 4767481456 269021 0 110804 0 0 0
1791029872 2962, 13801, 42, 0x0000000000000000 | 1.13 1.27 1.33 | cpu  69261755 7327 7292656 4767490718 269021 0 110804 0 0 0
1791029873 2857, 13801, 43, 0x0000000000000000 | 1.13 1.27 1.33 | cpu  69261868 7327 7292677 4767499953 269021 0 110804 0 0 0
1791029874 2962, 13801, 42, 0x0000000000000000 | 1.13 1.27 1.33 | cpu  69261976 7327 7292694 4767509233 269022 0 110804 0 0 0
1791029875 2842, 13801, 43, 0x0000000000000000 | 1.12 1.26 1.33 | cpu  69262085 7327 7292712 4767518498 269022 0 110804 0 0 0
1791029876 2962, 13801, 50, 0x0000000000000000 | 1.12 1.26 1.33 | cpu  69262197 7327 7292731 4767527752 269022 0 110804 0 0 0
1791029877 2947, 13801, 42, 0x0000000000000000 | 1.12 1.26 1.33 | cpu  69262307 7327 7292750 4767537042 269022 0 110804 0 0 0
1791029878 2925, 13801, 45, 0x0000000000000004 | 1.12 1.26 1.33 | cpu  69262421 7327 7292770 4767546296 269022 0 110804 0 0 0
1791029879 2962, 13801, 42, 0x0000000000000000 | 1.12 1.26 1.33 | cpu  69262534 7327 7292791 4767555502 269023 0 110804 0 0 0
1791029880 2835, 13801, 43, 0x0000000000000000 | 1.19 1.28 1.33 | cpu  69262644 7327 7292810 4767564740 269023 0 110804 0 0 0
1791029882 2962, 13801, 42, 0x0000000000000000 | 1.19 1.28 1.33 | cpu  69262761 7327 7292834 4767574030 269024 0 110804 0 0 0
1791029883 2917, 13801, 43, 0x0000000000000000 | 1.19 1.28 1.33 | cpu  69262875 7327 7292853 4767583284 269024 0 110804 0 0 0
1791029884 2955, 13801, 42, 0x0000000000000000 | 1.19 1.28 1.33 | cpu  69262986 7327 7292872 4767592580 269024 0 110804 0 0 0
1791029885 2940, 13801, 43, 0x0000000000000000 | 1.19 1.28 1.33 | cpu  69263099 7327 7292889 4767601855 269024 0 110804 0 0 0
1791029886 2962, 13801, 42, 0x0000000000000000 | 1.17 1.27 1.33 | cpu  69263208 7327 7292910 4767611113 269024 0 110804 0 0 0
1791029887 2902, 13801, 45, 0x0000000000000004 | 1.17 1.27 1.33 | cpu  69263318 7327 7292931 4767620363 269025 0 110804 0 0 0
1791029888 2955, 13801, 42, 0x0000000000000000 | 1.17 1.27 1.33 | cpu  69263430 7327 7292950 4767629624 269025 0 110804 0 0 0
1791029889 2962, 13801, 52, 0x0000000000000004 | 1.17 1.27 1.33 | cpu  69263539 7327 7292971 4767638914 269026 0 110804 0 0 0
1791029890 2947, 13801, 51, 0x0000000000000000 | 1.16 1.27 1.33 | cpu  69263649 7327 7292990 4767648158 269026 0 110804 0 0 0
1791029891 2932, 13801, 43, 0x0000000000000000 | 1.16 1.27 1.33 | cpu  69263767 7327 7293011 4767657404 269026 0 110804 0 0 0
1791029892 2962, 13801, 42, 0x0000000000000000 | 1.16 1.27 1.33 | cpu  69263875 7327 7293029 4767666653 269026 0 110804 0 0 0
1791029893 2895, 13801, 44, 0x0000000000000000 | 1.16 1.27 1.33 | cpu  69263985 7327 7293046 4767675902 269027 0 110804 0 0 0
1791029894 2962, 13801, 42, 0x0000000000000000 | 1.16 1.27 1.33 | cpu  69264098 7327 7293066 4767685162 269028 0 110804 0 0 0
1791029895 2947, 13801, 50, 0x0000000000000004 | 1.14 1.26 1.33 | cpu  69264209 7327 7293080 4767694449 269028 0 110804 0 0 0
1791029896 2895, 13801, 43, 0x0000000000000000 | 1.14 1.26 1.33 | cpu  69264320 7327 7293100 4767703719 269028 0 110804 0 0 0
1791029898 2955, 13801, 52, 0x0000000000000004 | 1.14 1.26 1.33 | cpu  69264429 7327 7293117 4767712999 269028 0 110804 0 0 0
1791029899 2925, 13801, 43, 0x0000000000000000 | 1.14 1.26 1.33 | cpu  69264539 7327 7293134 4767722217 269029 0 110804 0 0 0
1791029900 2962, 13801, 42, 0x0000000000000000 | 1.14 1.26 1.33 | cpu  69264651 7327 7293154 4767731479 269029 0 110804 0 0 0
1791029901 2962, 13801, 42, 0x0000000000000000 | 1.21 1.27 1.33 | cpu  69264759 7327 7293171 4767740712 269029 0 110804 0 0 0
1791029902 2917, 13801, 45, 0x0000000000000004 | 1.21 1.27 1.33 | cpu  69264869 7327 7293190 4767749932 269030 0 110804 0 0 0
1791029903 2932, 13801, 43, 0x0000000000000000 | 1.21 1.27 1.33 | cpu  69264983 7327 7293212 4767759183 269030 0 110804 0 0 0
1791029904 2962, 13801, 42, 0x0000000000000000 | 1.21 1.27 1.33 | cpu  69265093 7327 7293230 4767768430 269030 0 110804 0 0 0
1791029905 2850, 13801, 43, 0x0000000000000000 | 1.20 1.27 1.33 | cpu  69265202 7327 7293252 4767777739 269031 0 110804 0 0 0
1791029906 2910, 13801, 43, 0x0000000000000000 | 1.20 1.27 1.33 | cpu  69265315 7327 7293271 4767786995 269031 0 110804 0 0 0
1791029907 2962, 13801, 42, 0x0000000000000000 | 1.20 1.27 1.33 | cpu  69265434 7327 7293292 4767796224 269031 0 110804 0 0 0
1791029908 2647, 13801, 51, 0x0000000000000000 | 1.20 1.27 1.33 | cpu  69265544 7327 7293310 4767805502 269031 0 110804 0 0 0
1791029909 2902, 13801, 43, 0x0000000000000000 | 1.20 1.27 1.33 | cpu  69265657 7327 7293329 4767814787 269032 0 110804 0 0 0
1791029910 2962, 13801, 51, 0x0000000000000000 | 1.26 1.28 1.33 | cpu  69265775 7327 7293354 4767824011 269032 0 110804 0 0 0
1791029911 2932, 13801, 43, 0x0000000000000000 | 1.26 1.28 1.33 | cpu  69265900 7327 7293419 4767833199 269032 0 110804 0 0 0
1791029912 2962, 13801, 42, 0x0000000000000000 | 1.26 1.28 1.33 | cpu  69266010 7327 7293435 4767842439 269032 0 110804 0 0 0
1791029914 2857, 13801, 45, 0x0000000000000004 | 1.26 1.28 1.33 | cpu  69266123 7327 7293457 4767851691 269032 0 110804 0 0 0
1791029915 2962, 13801, 42, 0x0000000000000000 | 1.26 1.28 1.33 | cpu  69266233 7327 7293476 4767860974 269033 0 110804 0 0 0
1791029916 2962, 13801, 53, 0x0000000000000000 | 1.24 1.28 1.33 | cpu  69266341 7327 7293492 4767870224 269033 0 110804 0 0 0
1791029917 2895, 13801, 43, 0x0000000000000000 | 1.24 1.28 1.33 | cpu  69266455 7327 7293511 4767879456 269033 0 110804 0 0 0
1791029918 2745, 13801, 45, 0x0000000000000004 | 1.24 1.28 1.33 | cpu  69266567 7327 7293530 4767888726 269033 0 110804 0 0 0
1791029919 2955, 13801, 43, 0x0000000000000000 | 1.24 1.28 1.33 | cpu  69266678 7327 7293554 4767898012 269034 0 110804 0 0 0
1791029920 2962, 13801, 42, 0x0000000000000000 | 1.30 1.29 1.33 | cpu  69266791 7327 7293571 4767907249 269034 0 110804 0 0 0
1791029921 2857, 13801, 44, 0x0000000000000000 | 1.30 1.29 1.33 | cpu  69266907 7327 7293601 4767916564 269034 0 110804 0 0 0
1791029922 2932, 13801, 43, 0x0000000000000000 | 1.30 1.29 1.33 | cpu  69267018 7327 7293621 4767925810 269034 0 110804 0 0 0
1791029923 2962, 13801, 42, 0x0000000000000000 | 1.30 1.29 1.33 | cpu  69267151 7327 7293647 4767935081 269034 0 110804 0 0 0
1791029924 2947, 13801, 47, 0x0000000000000004 | 1.30 1.29 1.33 | cpu  69267260 7327 7293662 4767944327 269035 0 110804 0 0 0
1791029925 2955, 13801, 43, 0x0000000000000000 | 1.36 1.30 1.34 | cpu  69267374 7327 7293684 4767953632 269035 0 110804 0 0 0
1791029926 2947, 13801, 52, 0x0000000000000004 | 1.36 1.30 1.34 | cpu  69267488 7327 7293706 4767962861 269035 0 110804 0 0 0
1791029927 2955, 13801, 43, 0x0000000000000000 | 1.36 1.30 1.34 | cpu  69267600 7327 7293726 4767972106 269035 0 110804 0 0 0
1791029928 2962, 13801, 53, 0x0000000000000004 | 1.36 1.30 1.34 | cpu  69267738 7327 7293788 4767981292 269036 0 110804 0 0 0
1791029930 2962, 13801, 42, 0x0000000000000000 | 1.36 1.30 1.34 | cpu  69267847 7327 7293806 4767990554 269037 0 110804 0 0 0
1791029931 2932, 13801, 45, 0x0000000000000000 | 1.33 1.30 1.33 | cpu  69267957 7327 7293825 4767999821 269037 0 110804 0 0 0
1791029932 2955, 13801, 43, 0x0000000000000000 | 1.33 1.30 1.33 | cpu  69268066 7327 7293843 4768009032 269037 0 110804 0 0 0
1791029933 2962, 13801, 42, 0x0000000000000000 | 1.33 1.30 1.33 | cpu  69268178 7327 7293863 4768018272 269037 0 110804 0 0 0
1791029934 2415, 13801, 41, 0x0000000000000000 | 1.33 1.30 1.33 | cpu  69268287 7327 7293883 4768027538 269037 0 110804 0 0 0
1791029935 2437, 13801, 41, 0x0000000000000000 | 1.38 1.31 1.34 | cpu  69268398 7327 7293900 4768036818 269039 0 110804 0 0 0
1791029936 2415, 13801, 41, 0x0000000000000000 | 1.38 1.31 1.34 | cpu  69268508 7327 7293918 4768046079 269039 0 110804 0 0 0
1791029937 2415, 13801, 40, 0x0000000000000000 | 1.38 1.31 1.34 | cpu  69268622 7327 7293939 4768055358 269039 0 110804 0 0 0
1791029938 2437, 13801, 40, 0x0000000000000000 | 1.38 1.31 1.34 | cpu  69268738 7327 7293956 4768064652 269039 0 110804 0 0 0
1791029939 2415, 13801, 40, 0x0000000000000000 | 1.38 1.31 1.34 | cpu  69268847 7327 7293972 4768073957 269039 0 110804 0 0 0
1791029940 2460, 13801, 40, 0x0000000000000000 | 1.35 1.30 1.34 | cpu  69268957 7327 7293990 4768083193 269040 0 110804 0 0 0
1791029941 2415, 13801, 40, 0x0000000000000000 | 1.35 1.30 1.34 | cpu  69269064 7327 7294014 4768092445 269040 0 110804 0 0 0
1791029942 2482, 13801, 40, 0x0000000000000000 | 1.35 1.30 1.34 | cpu  69269177 7327 7294030 4768101712 269040 0 110804 0 0 0
1791029943 2415, 13801, 40, 0x0000000000000000 | 1.35 1.30 1.34 | cpu  69269286 7327 7294050 4768110963 269040 0 110804 0 0 0
1791029944 2422, 13801, 40, 0x0000000000000000 | 1.35 1.30 1.34 | cpu  69269396 7327 7294068 4768120250 269040 0 110804 0 0 0
1791029946 2527, 13801, 40, 0x0000000000000000 | 1.32 1.30 1.33 | cpu  69269504 7327 7294084 4768129527 269041 0 110804 0 0 0
1791029947 2415, 13801, 40, 0x0000000000000000 | 1.32 1.30 1.33 | cpu  69269613 7327 7294105 4768138768 269041 0 110804 0 0 0
1791029948 2917, 13801, 45, 0x0000000000000000 | 1.32 1.30 1.33 | cpu  69269736 7327 7294126 4768148127 269041 0 110804 0 0 0
1791029949 2917, 13801, 46, 0x0000000000000000 | 1.32 1.30 1.33 | cpu  69269852 7327 7294149 4768157417 269041 0 110804 0 0 0
1791029950 2932, 13801, 45, 0x0000000000000000 | 1.32 1.30 1.33 | cpu  69269965 7327 7294165 4768166717 269041 0 110804 0 0 0
1791029951 2917, 13801, 46, 0x0000000000000000 | 1.30 1.29 1.33 | cpu  69270078 7327 7294193 4768176090 269042 0 110804 0 0 0
1791029952 2917, 13801, 46, 0x0000000000000000 | 1.30 1.29 1.33 | cpu  69270191 7327 7294210 4768185398 269042 0 110804 0 0 0
1791029953 2955, 13801, 42, 0x0000000000000000 | 1.30 1.29 1.33 | cpu  69270303 7327 7294224 4768194658 269043 0 110804 0 0 0
1791029954 2932, 13801, 45, 0x0000000000000000 | 1.30 1.29 1.33 | cpu  69270416 7327 7294247 4768203982 269043 0 110804 0 0 0
1791029955 2940, 13801, 43, 0x0000000000000000 | 1.27 1.29 1.33 | cpu  69270527 7327 7294260 4768213242 269043 0 110804 0 0 0
1791029956 2962, 13801, 42, 0x0000000000000000 | 1.27 1.29 1.33 | cpu  69270642 7327 7294281 4768222531 269044 0 110804 0 0 0
1791029957 2415, 13801, 41, 0x0000000000000000 | 1.27 1.29 1.33 | cpu  69270756 7327 7294302 4768231803 269044 0 110804 0 0 0
1791029958 2415, 13801, 40, 0x0000000000000000 | 1.27 1.29 1.33 | cpu  69270866 7327 7294320 4768241078 269044 0 110804 0 0 0
1791029959 2437, 13801, 40, 0x0000000000000000 | 1.27 1.29 1.33 | cpu  69270978 7327 7294344 4768250355 269045 0 110804 0 0 0
1791029961 2452, 13801, 40, 0x0000000000000000 | 1.33 1.30 1.33 | cpu  69271091 7327 7294364 4768259585 269046 0 110804 0 0 0
1791029962 2415, 13801, 41, 0x0000000000000000 | 1.33 1.30 1.33 | cpu  69271199 7327 7294387 4768268864 269046 0 110804 0 0 0
1791029963 2415, 13801, 40, 0x0000000000000000 | 1.33 1.30 1.33 | cpu  69271310 7327 7294405 4768278149 269046 0 110804 0 0 0
1791029964 2415, 13801, 40, 0x0000000000000000 | 1.33 1.30 1.33 | cpu  69271418 7327 7294425 4768287452 269047 0 110804 0 0 0
1791029965 2482, 13801, 40, 0x0000000000000000 | 1.33 1.30 1.33 | cpu  69271528 7327 7294442 4768296747 269047 0 110804 0 0 0
1791029966 2467, 13801, 40, 0x0000000000000000 | 1.39 1.31 1.34 | cpu  69271642 7327 7294463 4768305988 269047 0 110804 0 0 0
1791029967 2415, 13801, 40, 0x0000000000000000 | 1.39 1.31 1.34 | cpu  69271753 7327 7294482 4768315292 269047 0 110804 0 0 0
1791029968 2925, 13801, 43, 0x0000000000000000 | 1.39 1.31 1.34 | cpu  69271863 7327 7294501 4768324627 269047 0 110804 0 0 0
1791029969 2917, 13801, 46, 0x0000000000000000 | 1.39 1.31 1.34 | cpu  69271977 7327 7294517 4768333981 269048 0 110804 0 0 0
1791029970 2932, 13801, 45, 0x0000000000000000 | 1.35 1.31 1.34 | cpu  69272090 7327 7294535 4768343266 269048 0 110804 0 0 0
1791029971 2917, 13801, 45, 0x0000000000000000 | 1.35 1.31 1.34 | cpu  69272209 7327 7294556 4768352538 269048 0 110804 0 0 0
1791029972 2910, 13801, 46, 0x0000000000000000 | 1.35 1.31 1.34 | cpu  69272324 7327 7294576 4768361758 269048 0 110805 0 0 0
1791029973 2932, 13801, 44, 0x0000000000000000 | 1.35 1.31 1.34 | cpu  69272446 7327 7294639 4768371019 269049 0 110805 0 0 0
1791029974 2925, 13801, 46, 0x0000000000000000 | 1.35 1.31 1.34 | cpu  69272559 7327 7294657 4768380311 269049 0 110805 0 0 0
1791029976 2917, 13801, 46, 0x0000000000000000 | 1.33 1.30 1.33 | cpu  69272679 7327 7294675 4768389604 269049 0 110805 0 0 0
1791029977 2925, 13801, 45, 0x0000000000000000 | 1.33 1.30 1.33 | cpu  69272792 7327 7294692 4768398918 269049 0 110805 0 0 0
1791029978 2902, 13801, 48, 0x0000000000000000 | 1.33 1.30 1.33 | cpu  69272903 7327 7294711 4768408235 269049 0 110805 0 0 0
1791029979 2917, 13801, 47, 0x0000000000000000 | 1.33 1.30 1.33 | cpu  69273015 7327 7294726 4768417505 269050 0 110805 0 0 0
1791029980 2962, 13801, 42, 0x0000000000000000 | 1.33 1.30 1.33 | cpu  69273122 7327 7294745 4768426779 269050 0 110805 0 0 0
1791029981 2925, 13801, 43, 0x0000000000000000 | 1.30 1.29 1.33 | cpu  69273232 7327 7294764 4768436059 269051 0 110805 0 0 0
1791029982 2415, 13801, 41, 0x0000000000000000 | 1.30 1.29 1.33 | cpu  69273347 7327 7294786 4768445350 269051 0 110805 0 0 0
1791029983 2925, 13801, 45, 0x0000000000000000 | 1.30 1.29 1.33 | cpu  69273463 7327 7294811 4768454641 269051 0 110805 0 0 0
1791029984 2932, 13801, 45, 0x0000000000000000 | 1.30 1.29 1.33 | cpu  69273576 7327 7294827 4768463908 269051 0 110805 0 0 0
1791029985 2962, 13801, 42, 0x0000000000000000 | 1.27 1.29 1.33 | cpu  69273690 7327 7294845 4768473179 269051 0 110805 0 0 0
1791029986 2940, 13801, 42, 0x0000000000000000 | 1.27 1.29 1.33 | cpu  69273804 7327 7294867 4768482488 269052 0 110805 0 0 0
1791029987 2415, 13801, 41, 0x0000000000000000 | 1.27 1.29 1.33 | cpu  69273912 7327 7294886 4768491760 269052 0 110805 0 0 0
1791029988 2887, 13801, 47, 0x0000000000000000 | 1.27 1.29 1.33 | cpu  69274023 7327 7294903 4768501074 269053 0 110805 0 0 0
1791029989 2962, 13801, 42, 0x0000000000000000 | 1.27 1.29 1.33 | cpu  69274133 7327 7294922 4768510333 269053 0 110805 0 0 0
1791029991 2415, 13801, 41, 0x0000000000000000 | 1.33 1.30 1.33 | cpu  69274244 7327 7294942 4768519573 269054 0 110805 0 0 0
1791029992 2415, 13801, 41, 0x0000000000000000 | 1.33 1.30 1.33 | cpu  69274354 7327 7294961 4768528857 269054 0 110805 0 0 0
1791029993 2422, 13801, 41, 0x0000000000000000 | 1.33 1.30 1.33 | cpu  69274463 7327 7294982 4768538168 269054 0 110805 0 0 0
1791029994 2415, 13801, 41, 0x0000000000000000 | 1.33 1.30 1.33 | cpu  69274575 7327 7295002 4768547392 269055 0 110805 0 0 0
1791029995 2917, 13801, 43, 0x0000000000000000 | 1.33 1.30 1.33 | cpu  69274692 7327 7295021 4768556708 269055 0 110805 0 0 0
1791029996 2962, 13801, 42, 0x0000000000000000 | 1.31 1.30 1.33 | cpu  69274800 7327 7295040 4768565940 269055 0 110805 0 0 0
1791029997 2415, 13801, 41, 0x0000000000000000 | 1.31 1.30 1.33 | cpu  69274907 7327 7295064 4768575251 269055 0 110805 0 0 0
1791029998 2415, 13801, 40, 0x0000000000000000 | 1.31 1.30 1.33 | cpu  69275015 7327 7295079 4768584517 269055 0 110805 0 0 0
1791029999 2415, 13801, 40, 0x0000000000000000 | 1.31 1.30 1.33 | cpu  69275133 7327 7295105 4768593742 269056 0 110805 0 0 0
1791030000 2475, 13801, 44, 0x0000000000000000 | 1.28 1.29 1.33 | cpu  69275244 7327 7295123 4768603075 269056 0 110805 0 0 0
1791030001 2932, 13801, 46, 0x0000000000000000 | 1.28 1.29 1.33 | cpu  69275369 7327 7295147 4768612389 269056 0 110805 0 0 0
1791030002 2917, 13801, 46, 0x0000000000000000 | 1.28 1.29 1.33 | cpu  69275546 7327 7295203 4768621608 269056 0 110805 0 0 0
1791030003 2925, 13801, 46, 0x0000000000000000 | 1.28 1.29 1.33 | cpu  69275662 7327 7295222 4768630895 269056 0 110805 0 0 0
1791030004 2895, 13801, 47, 0x0000000000000000 | 1.28 1.29 1.33 | cpu  69275781 7327 7295244 4768640240 269057 0 110805 0 0 0
1791030006 2932, 13801, 45, 0x0000000000000000 | 1.26 1.29 1.33 | cpu  69275892 7327 7295262 4768649582 269057 0 110805 0 0 0
1791030007 2932, 13801, 43, 0x0000000000000000 | 1.26 1.29 1.33 | cpu  69276005 7327 7295283 4768658855 269057 0 110805 0 0 0
1791030008 2962, 13801, 42, 0x0000000000000000 | 1.26 1.29 1.33 | cpu  69276118 7327 7295300 4768668083 269057 0 110805 0 0 0
1791030009 2415, 13801, 41, 0x0000000000000000 | 1.26 1.29 1.33 | cpu  69276229 7327 7295321 4768677337 269057 0 110805 0 0 0
1791030010 2617, 13801, 42, 0x0000000000000000 | 1.26 1.29 1.33 | cpu  69276340 7327 7295340 4768686558 269057 0 110805 0 0 0
1791030011 2415, 13801, 41, 0x0000000000000000 | 1.24 1.28 1.33 | cpu  69276446 7327 7295360 4768695857 269057 0 110805 0 0 0
1791030012 2932, 13801, 46, 0x0000000000000000 | 1.24 1.28 1.33 | cpu  69276559 7327 7295383 4768705167 269058 0 110805 0 0 0
1791030013 2925, 13801, 47, 0x0000000000000000 | 1.24 1.28 1.33 | cpu  69276679 7327 7295403 4768714459 269058 0 110805 0 0 0
1791030014 2955, 13801, 43, 0x0000000000000000 | 1.24 1.28 1.33 | cpu  69276788 7327 7295419 4768723725 269058 0 110805 0 0 0
1791030015 2932, 13801, 42, 0x0000000000000000 | 1.30 1.29 1.33 | cpu  69276898 7327 7295436 4768732966 269058 0 110805 0 0 0
1791030016 2917, 13801, 45, 0x0000000000000000 | 1.30 1.29 1.33 | cpu  69277015 7327 7295463 4768742263 269058 0 110805 0 0 0
1791030017 2910, 13801, 47, 0x0000000000000000 | 1.30 1.29 1.33 | cpu  69277125 7327 7295478 4768751542 269059 0 110805 0 0 0
1791030018 2910, 13801, 48, 0x0000000000000000 | 1.30 1.29 1.33 | cpu  69277238 7327 7295499 4768760849 269059 0 110805 0 0 0
1791030019 2910, 13801, 47, 0x0000000000000000 | 1.30 1.29 1.33 | cpu  69277349 7327 7295515 4768770112 269060 0 110805 0 0 0
1791030021 2955, 13801, 43, 0x0000000000000000 | 1.43 1.32 1.34 | cpu  69277458 7327 7295531 4768779350 269060 0 110805 0 0 0
1791030022 2902, 13801, 46, 0x0000000000000000 | 1.43 1.32 1.34 | cpu  69277568 7327 7295552 4768788634 269061 0 110805 0 0 0
1791030023 2932, 13801, 43, 0x0000000000000000 | 1.43 1.32 1.34 | cpu  69277686 7327 7295571 4768797919 269061 0 110805 0 0 0
1791030024 2962, 13801, 45, 0x0000000000000000 | 1.43 1.32 1.34 | cpu  69277795 7327 7295588 4768807199 269061 0 110805 0 0 0
1791030025 2895, 13801, 47, 0x0000000000000000 | 1.43 1.32 1.34 | cpu  69277908 7327 7295604 4768816524 269063 0 110805 0 0 0
1791030026 2917, 13801, 47, 0x0000000000000000 | 1.40 1.32 1.34 | cpu  69278021 7327 7295621 4768825850 269063 0 110805 0 0 0
1791030027 2925, 13801, 47, 0x0000000000000000 | 1.40 1.32 1.34 | cpu  69278133 7327 7295638 4768835152 269063 0 110805 0 0 0
1791030028 2910, 13801, 47, 0x0000000000000000 | 1.40 1.32 1.34 | cpu  69278248 7327 7295659 4768844424 269063 0 110805 0 0 0
1791030029 2925, 13801, 47, 0x0000000000000000 | 1.40 1.32 1.34 | cpu  69278360 7327 7295675 4768853703 269065 0 110805 0 0 0
1791030030 2902, 13801, 49, 0x0000000000000000 | 1.37 1.31 1.34 | cpu  69278470 7327 7295690 4768862940 269065 0 110805 0 0 0
1791030031 2910, 13801, 48, 0x0000000000000000 | 1.37 1.31 1.34 | cpu  69278586 7327 7295705 4768872247 269065 0 110805 0 0 0
1791030032 2917, 13801, 47, 0x0000000000000000 | 1.37 1.31 1.34 | cpu  69278707 7327 7295726 4768881530 269065 0 110805 0 0 0
1791030033 2925, 13801, 48, 0x0000000000000000 | 1.37 1.31 1.34 | cpu  69278819 7327 7295742 4768890790 269065 0 110805 0 0 0
1791030034 2932, 13801, 47, 0x0000000000000000 | 1.37 1.31 1.34 | cpu  69278938 7327 7295761 4768900036 269066 0 110805 0 0 0
1791030036 2902, 13801, 48, 0x0000000000000000 | 1.34 1.31 1.33 | cpu  69279064 7327 7295823 4768909314 269066 0 110805 0 0 0
1791030037 2910, 13801, 47, 0x0000000000000000 | 1.34 1.31 1.33 | cpu  69279179 7327 7295842 4768918617 269066 0 110805 0 0 0
1791030038 2925, 13801, 48, 0x0000000000000000 | 1.34 1.31 1.33 | cpu  69279291 7327 7295858 4768927881 269066 0 110805 0 0 0
1791030039 2932, 13801, 47, 0x0000000000000000 | 1.34 1.31 1.33 | cpu  69279406 7327 7295878 4768937137 269067 0 110805 0 0 0
1791030040 2910, 13801, 48, 0x0000000000000000 | 1.34 1.31 1.33 | cpu  69279521 7327 7295895 4768946459 269067 0 110805 0 0 0
1791030041 2902, 13801, 48, 0x0000000000000000 | 1.31 1.30 1.33 | cpu  69279633 7327 7295910 4768955754 269067 0 110805 0 0 0
1791030042 2917, 13801, 48, 0x0000000000000000 | 1.31 1.30 1.33 | cpu  69279753 7327 7295927 4768965024 269067 0 110805 0 0 0
1791030043 2925, 13801, 48, 0x0000000000000000 | 1.31 1.30 1.33 | cpu  69279865 7327 7295943 4768974322 269068 0 110805 0 0 0
1791030044 2925, 13801, 48, 0x0000000000000000 | 1.31 1.30 1.33 | cpu  69279977 7327 7295957 4768983576 269069 0 110805 0 0 0
1791030045 2917, 13801, 45, 0x0000000000000000 | 1.29 1.30 1.33 | cpu  69280088 7327 7295972 4768992776 269069 0 110805 0 0 0
1791030046 2917, 13801, 48, 0x0000000000000000 | 1.29 1.30 1.33 | cpu  69280199 7327 7295989 4769002075 269069 0 110805 0 0 0
1791030047 2910, 13801, 49, 0x0000000000000000 | 1.29 1.30 1.33 | cpu  69280314 7327 7296005 4769011367 269069 0 110805 0 0 0
1791030048 2917, 13801, 48, 0x0000000000000000 | 1.29 1.30 1.33 | cpu  69280435 7327 7296033 4769020634 269069 0 110805 0 0 0
1791030049 2910, 13801, 48, 0x0000000000000000 | 1.29 1.30 1.33 | cpu  69280548 7327 7296049 4769029911 269070 0 110805 0 0 0
1791030050 2955, 13801, 44, 0x0000000000000000 | 1.34 1.31 1.33 | cpu  69280660 7327 7296074 4769039187 269070 0 110805 0 0 0
1791030052 2917, 13801, 49, 0x0000000000000000 | 1.34 1.31 1.33 | cpu  69280778 7327 7296092 4769048483 269070 0 110805 0 0 0
1791030053 2910, 13801, 50, 0x0000000000000000 | 1.34 1.31 1.33 | cpu  69280891 7327 7296110 4769057795 269072 0 110805 0 0 0
1791030054 2910, 13801, 48, 0x0000000000000000 | 1.34 1.31 1.33 | cpu  69281004 7327 7296130 4769067082 269072 0 110805 0 0 0
1791030055 2925, 13801, 46, 0x0000000000000000 | 1.34 1.31 1.33 | cpu  69281115 7327 7296144 4769076360 269072 0 110805 0 0 0
1791030056 2955, 13801, 44, 0x0000000000000000 | 1.32 1.30 1.33 | cpu  69281225 7327 7296163 4769085592 269072 0 110805 0 0 0
1791030057 2887, 13801, 48, 0x0000000000000000 | 1.32 1.30 1.33 | cpu  69281335 7327 7296180 4769094895 269072 0 110805 0 0 0
1791030058 2910, 13801, 49, 0x0000000000000000 | 1.32 1.30 1.33 | cpu  69281453 7327 7296200 4769104205 269073 0 110805 0 0 0
1791030059 2925, 13801, 46, 0x0000000000000000 | 1.32 1.30 1.33 | cpu  69281564 7327 7296216 4769113422 269074 0 110805 0 0 0
1791030060 2955, 13801, 45, 0x0000000000000000 | 1.37 1.31 1.34 | cpu  69281674 7327 7296232 4769122694 269074 0 110805 0 0 0
1791030061 2542, 13801, 45, 0x0000000000000000 | 1.37 1.31 1.34 | cpu  69281785 7327 7296253 4769131972 269074 0 110805 0 0 0
1791030062 2475, 13801, 43, 0x0000000000000000 | 1.37 1.31 1.34 | cpu  69281897 7327 7296273 4769141191 269074 0 110805 0 0 0
1791030063 2910, 13801, 49, 0x0000000000000000 | 1.37 1.31 1.34 | cpu  69282008 7327 7296291 4769150501 269074 0 110805 0 0 0
1791030064 2902, 13801, 49, 0x0000000000000000 | 1.37 1.31 1.34 | cpu  69282121 7327 7296306 4769159790 269075 0 110805 0 0 0
1791030065 2917, 13801, 49, 0x0000000000000000 | 1.34 1.31 1.33 | cpu  69282234 7327 7296322 4769169100 269075 0 110805 0 0 0
1791030067 2917, 13801, 50, 0x0000000000000000 | 1.34 1.31 1.33 | cpu  69282349 7327 7296339 4769178363 269075 0 110805 0 0 0
1791030068 2917, 13801, 49, 0x0000000000000000 | 1.34 1.31 1.33 | cpu  69282461 7327 7296354 4769187660 269075 0 110805 0 0 0
1791030069 2932, 13801, 49, 0x0000000000000000 | 1.34 1.31 1.33 | cpu  69282576 7327 7296373 4769196964 269075 0 110805 0 0 0
1791030070 2910, 13801, 50, 0x0000000000000000 | 1.34 1.31 1.33 | cpu  69282699 7327 7296394 4769206264 269075 0 110805 0 0 0
1791030071 2947, 13801, 48, 0x0000000000000000 | 1.39 1.32 1.34 | cpu  69282813 7327 7296407 4769215595 269075 0 110805 0 0 0
1791030072 2917, 13801, 49, 0x0000000000000000 | 1.39 1.32 1.34 | cpu  69282948 7327 7296468 4769224815 269075 0 110805 0 0 0
1791030073 2917, 13801, 50, 0x0000000000000000 | 1.39 1.32 1.34 | cpu  69283063 7327 7296487 4769234038 269076 0 110805 0 0 0
1791030074 2955, 13801, 45, 0x0000000000000000 | 1.39 1.32 1.34 | cpu  69283172 7327 7296501 4769243234 269076 0 110805 0 0 0
1791030075 2902, 13801, 50, 0x0000000000000000 | 1.36 1.31 1.34 | cpu  69283285 7327 7296519 4769252535 269076 0 110805 0 0 0
1791030076 2910, 13801, 45, 0x0000000000000000 | 1.36 1.31 1.34 | cpu  69283409 7327 7296548 4769261755 269076 0 110805 0 0 0
1791030077 2955, 13801, 45, 0x0000000000000000 | 1.36 1.31 1.34 | cpu  69283518 7327 7296565 4769271040 269076 0 110805 0 0 0
1791030078 2415, 13801, 44, 0x0000000000000000 | 1.36 1.31 1.34 | cpu  69283627 7327 7296583 4769280262 269077 0 110805 0 0 0
1791030079 2422, 13801, 43, 0x0000000000000000 | 1.36 1.31 1.34 | cpu  69283741 7327 7296600 4769289580 269077 0 110805 0 0 0
1791030080 2415, 13801, 43, 0x0000000000000000 | 1.33 1.31 1.33 | cpu  69283848 7327 7296623 4769298853 269077 0 110805 0 0 0
1791030081 2415, 13801, 43, 0x0000000000000000 | 1.33 1.31 1.33 | cpu  69283960 7327 7296641 4769308143 269077 0 110805 0 0 0
1791030083 2917, 13801, 49, 0x0000000000000000 | 1.33 1.31 1.33 | cpu  69284077 7327 7296665 4769317492 269077 0 110805 0 0 0
1791030084 2917, 13801, 48, 0x0000000000000000 | 1.33 1.31 1.33 | cpu  69284193 7327 7296680 4769326800 269079 0 110805 0 0 0
1791030085 2940, 13801, 45, 0x0000000000000000 | 1.33 1.31 1.33 | cpu  69284308 7327 7296701 4769336023 269079 0 110805 0 0 0
1791030086 2955, 13801, 46, 0x0000000000000000 | 1.31 1.30 1.33 | cpu  69284418 7327 7296720 4769345344 269079 0 110805 0 0 0
1791030087 2925, 13801, 49, 0x0000000000000000 | 1.31 1.30 1.33 | cpu  69284533 7327 7296741 4769354640 269079 0 110805 0 0 0
1791030088 2910, 13801, 49, 0x0000000000000000 | 1.31 1.30 1.33 | cpu  69284645 7327 7296758 4769363953 269079 0 110805 0 0 0
1791030089 2902, 13801, 51, 0x0000000000000000 | 1.31 1.30 1.33 | cpu  69284761 7327 7296777 4769373263 269080 0 110805 0 0 0
1791030090 2910, 13801, 49, 0x0000000000000000 | 1.28 1.30 1.33 | cpu  69284874 7327 7296794 4769382536 269080 0 110805 0 0 0
1791030091 2932, 13801, 46, 0x0000000000000000 | 1.28 1.30 1.33 | cpu  69284985 7327 7296807 4769391774 269080 0 110805 0 0 0
1791030092 2910, 13801, 49, 0x0000000000000000 | 1.28 1.30 1.33 | cpu  69285105 7327 7296830 4769401088 269080 0 110805 0 0 0
1791030093 2932, 13801, 46, 0x0000000000000000 | 1.28 1.30 1.33 | cpu  69285217 7327 7296846 4769410341 269080 0 110805 0 0 0
1791030094 2955, 13801, 45, 0x0000000000000000 | 1.28 1.30 1.33 | cpu  69285325 7327 7296863 4769419598 269081 0 110805 0 0 0
1791030095 2437, 13801, 44, 0x0000000000000000 | 1.34 1.31 1.33 | cpu  69285437 7327 7296885 4769428859 269081 0 110805 0 0 0
1791030096 2415, 13801, 43, 0x0000000000000000 | 1.34 1.31 1.33 | cpu  69285582 7327 7296915 4769438134 269081 0 110805 0 0 0
1791030098 2437, 13801, 43, 0x0000000000000000 | 1.34 1.31 1.33 | cpu  69285704 7327 7296951 4769447421 269081 0 110805 0 0 0
1791030099 2910, 13801, 50, 0x0000000000000000 | 1.34 1.31 1.33 | cpu  69285826 7327 7296998 4769456705 269081 0 110805 0 0 0
1791030100 2895, 13801, 50, 0x0000000000000000 | 1.34 1.31 1.33 | cpu  69285939 7327 7297016 4769465978 269083 0 110805 0 0 0
1791030101 2910, 13801, 50, 0x0000000000000000 | 1.31 1.30 1.33 | cpu  69286054 7327 7297033 4769475272 269083 0 110805 0 0 0
1791030102 2932, 13801, 48, 0x0000000000000000 | 1.31 1.30 1.33 | cpu  69286166 7327 7297049 4769484543 269083 0 110805 0 0 0
1791030103 2955, 13801, 45, 0x0000000000000000 | 1.31 1.30 1.33 | cpu  69286276 7327 7297066 4769493763 269083 0 110805 0 0 0
1791030104 2955, 13801, 45, 0x0000000000000000 | 1.31 1.30 1.33 | cpu  69286386 7327 7297082 4769503017 269083 0 110805 0 0 0
1791030105 2917, 13801, 50, 0x0000000000000000 | 1.29 1.30 1.33 | cpu  69286498 7327 7297099 4769512346 269083 0 110805 0 0 0
1791030106 2925, 13801, 49, 0x0000000000000000 | 1.29 1.30 1.33 | cpu  69286613 7327 7297118 4769521703 269083 0 110805 0 0 0
1791030107 2932, 13801, 46, 0x0000000000000000 | 1.29 1.30 1.33 | cpu  69286729 7327 7297139 4769530953 269083 0 110805 0 0 0
1791030108 2917, 13801, 49, 0x0000000000000000 | 1.29 1.30 1.33 | cpu  69286844 7327 7297157 4769540233 269083 0 110805 0 0 0
1791030109 2902, 13801, 51, 0x0000000000000000 | 1.29 1.30 1.33 | cpu  69286958 7327 7297174 4769549518 269084 0 110805 0 0 0
1791030110 2917, 13801, 49, 0x0000000000000000 | 1.26 1.29 1.33 | cpu  69287070 7327 7297189 4769558815 269084 0 110805 0 0 0
1791030111 2925, 13801, 49, 0x0000000000000000 | 1.26 1.29 1.33 | cpu  69287184 7327 7297208 4769568126 269084 0 110805 0 0 0
1791030113 2917, 13801, 50, 0x0000000000000000 | 1.26 1.29 1.33 | cpu  69287297 7327 7297235 4769577435 269084 0 110805 0 0 0
1791030114 2947, 13801, 46, 0x0000000000000000 | 1.26 1.29 1.33 | cpu  69287407 7327 7297249 4769586724 269084 0 110805 0 0 0
1791030115 2932, 13801, 49, 0x0000000000000000 | 1.26 1.29 1.33 | cpu  69287519 7327 7297269 4769596032 269086 0 110805 0 0 0
1791030116 2925, 13801, 49, 0x0000000000000000 | 1.24 1.29 1.33 | cpu  69287630 7327 7297286 4769605309 269086 0 110805 0 0 0
1791030117 2940, 13801, 46, 0x0000000000000000 | 1.24 1.29 1.33 | cpu  69287742 7327 7297307 4769614600 269086 0 110805 0 0 0
1791030118 2955, 13801, 47, 0x0000000000000000 | 1.24 1.29 1.33 | cpu  69287855 7327 7297326 4769623894 269086 0 110805 0 0 0
1791030119 2925, 13801, 50, 0x0000000000000000 | 1.24 1.29 1.33 | cpu  69287971 7327 7297347 4769633250 269086 0 110805 0 0 0
1791030120 2910, 13801, 50, 0x0000000000000000 | 1.30 1.30 1.33 | cpu  69288083 7327 7297363 4769642534 269087 0 110805 0 0 0
1791030121 2955, 13801, 45, 0x0000000000000000 | 1.30 1.30 1.33 | cpu  69288195 7327 7297383 4769651815 269087 0 110805 0 0 0
1791030122 2910, 13801, 49, 0x0000000000000000 | 1.30 1.30 1.33 | cpu  69288309 7327 7297403 4769661092 269087 0 110805 0 0 0
1791030123 2917, 13801, 50, 0x0000000000000000 | 1.30 1.30 1.33 | cpu  69288421 7327 7297419 4769670378 269087 0 110805 0 0 0
1791030124 2925, 13801, 50, 0x0000000000000000 | 1.30 1.30 1.33 | cpu  69288530 7327 7297436 4769679611 269088 0 110805 0 0 0
1791030125 2917, 13801, 50, 0x0000000000000000 | 1.28 1.30 1.33 | cpu  69288641 7327 7297454 4769688953 269088 0 110805 0 0 0
1791030126 2925, 13801, 50, 0x0000000000000000 | 1.28 1.30 1.33 | cpu  69288761 7327 7297469 4769698276 269088 0 110805 0 0 0
1791030128 2932, 13801, 46, 0x0000000000000000 | 1.28 1.30 1.33 | cpu  69288872 7327 7297487 4769707534 269088 0 110805 0 0 0
1791030129 2925, 13801, 49, 0x0000000000000000 | 1.28 1.30 1.33 | cpu  69288985 7327 7297507 4769716834 269089 0 110805 0 0 0
1791030130 2910, 13801, 52, 0x0000000000000000 | 1.28 1.30 1.33 | cpu  69289103 7327 7297526 4769726134 269089 0 110805 0 0 0
1791030131 2917, 13801, 50, 0x0000000000000000 | 1.26 1.29 1.33 | cpu  69289214 7327 7297543 4769735398 269089 0 110805 0 0 0
1791030132 2910, 13801, 51, 0x0000000000000000 | 1.26 1.29 1.33 | cpu  69289329 7327 7297563 4769744693 269089 0 110805 0 0 0
1791030133 2910, 13801, 50, 0x0000000000000000 | 1.26 1.29 1.33 | cpu  69289444 7327 7297581 4769753957 269089 0 110805 0 0 0
1791030134 2917, 13801, 51, 0x0000000000000000 | 1.26 1.29 1.33 | cpu  69289555 7327 7297597 4769763202 269091 0 110805 0 0 0
1791030135 2902, 13801, 52, 0x0000000000000000 | 1.24 1.29 1.32 | cpu  69289673 7327 7297617 4769772495 269091 0 110805 0 0 0
1791030136 2917, 13801, 50, 0x0000000000000000 | 1.24 1.29 1.32 | cpu  69289794 7327 7297638 4769781802 269091 0 110805 0 0 0
1791030137 2917, 13801, 50, 0x0000000000000000 | 1.24 1.29 1.32 | cpu  69289904 7327 7297653 4769791089 269091 0 110805 0 0 0
1791030138 2917, 13801, 51, 0x0000000000000000 | 1.24 1.29 1.32 | cpu  69290019 7327 7297670 4769800344 269091 0 110805 0 0 0
1791030139 2917, 13801, 50, 0x0000000000000000 | 1.24 1.29 1.32 | cpu  69290132 7327 7297686 4769809683 269091 0 110805 0 0 0
1791030140 2932, 13801, 50, 0x0000000000000000 | 1.22 1.28 1.32 | cpu  69290244 7327 7297701 4769818944 269092 0 110805 0 0 0
1791030141 2925, 13801, 50, 0x0000000000000000 | 1.22 1.28 1.32 | cpu  69290364 7327 7297720 4769828218 269092 0 110805 0 0 0
1791030143 2910, 13801, 51, 0x0000000000000000 | 1.22 1.28 1.32 | cpu  69290481 7327 7297738 4769837555 269092 0 110805 0 0 0
1791030144 2910, 13801, 50, 0x0000000000000000 | 1.22 1.28 1.32 | cpu  69290593 7327 7297753 4769846844 269093 0 110805 0 0 0
1791030145 2917, 13801, 51, 0x0000000000000000 | 1.22 1.28 1.32 | cpu  69290711 7327 7297776 4769856167 269093 0 110805 0 0 0
1791030146 2910, 13801, 51, 0x0000000000000000 | 1.20 1.28 1.32 | cpu  69290826 7327 7297795 4769865466 269094 0 110805 0 0 0
1791030147 2917, 13801, 50, 0x0000000000000000 | 1.20 1.28 1.32 | cpu  69290936 7327 7297815 4769874772 269094 0 110805 0 0 0
1791030148 2947, 13801, 47, 0x0000000000000000 | 1.20 1.28 1.32 | cpu  69291045 7327 7297831 4769884068 269094 0 110805 0 0 0
1791030149 2917, 13801, 50, 0x0000000000000000 | 1.20 1.28 1.32 | cpu  69291156 7327 7297847 4769893362 269095 0 110805 0 0 0
1791030150 2917, 13801, 51, 0x0000000000000000 | 1.18 1.27 1.32 | cpu  69291273 7327 7297868 4769902687 269095 0 110805 0 0 0
1791030151 2932, 13801, 47, 0x0000000000000000 | 1.18 1.27 1.32 | cpu  69291396 7327 7297905 4769911958 269095 0 110805 0 0 0
1791030152 2910, 13801, 51, 0x0000000000000000 | 1.18 1.27 1.32 | cpu  69291517 7327 7297948 4769921241 269095 0 110805 0 0 0
1791030153 2910, 13801, 50, 0x0000000000000000 | 1.18 1.27 1.32 | cpu  69291641 7327 7297977 4769930533 269095 0 110805 0 0 0
1791030154 2917, 13801, 50, 0x0000000000000000 | 1.18 1.27 1.32 | cpu  69291759 7327 7297991 4769939792 269096 0 110805 0 0 0
1791030155 2932, 13801, 50, 0x0000000000000000 | 1.17 1.27 1.32 | cpu  69291872 7327 7298007 4769949065 269097 0 110805 0 0 0
1791030156 2955, 13801, 49, 0x0000000000000000 | 1.17 1.27 1.32 | cpu  69291983 7327 7298026 4769958389 269097 0 110805 0 0 0
1791030158 2917, 13801, 51, 0x0000000000000000 | 1.17 1.27 1.32 | cpu  69292099 7327 7298045 4769967692 269097 0 110805 0 0 0
1791030159 2917, 13801, 51, 0x0000000000000000 | 1.17 1.27 1.32 | cpu  69292210 7327 7298061 4769977014 269097 0 110805 0 0 0
1791030160 2910, 13801, 51, 0x0000000000000000 | 1.17 1.27 1.32 | cpu  69292327 7327 7298079 4769986308 269097 0 110805 0 0 0
1791030161 2917, 13801, 52, 0x0000000000000000 | 1.23 1.28 1.32 | cpu  69292461 7327 7298133 4769995565 269097 0 110805 0 0 0
1791030162 2925, 13801, 50, 0x0000000000000000 | 1.23 1.28 1.32 | cpu  69292576 7327 7298161 4770004842 269097 0 110805 0 0 0
1791030163 2910, 13801, 52, 0x0000000000000000 | 1.23 1.28 1.32 | cpu  69292690 7327 7298176 4770014136 269097 0 110805 0 0 0
1791030164 2902, 13801, 49, 0x0000000000000000 | 1.23 1.28 1.32 | cpu  69292810 7327 7298196 4770023403 269097 0 110805 0 0 0
1791030165 2910, 13801, 52, 0x0000000000000000 | 1.22 1.27 1.32 | cpu  69292920 7327 7298209 4770032657 269098 0 110805 0 0 0
1791030166 2955, 13801, 46, 0x0000000000000000 | 1.22 1.27 1.32 | cpu  69293037 7327 7298228 4770041890 269098 0 110805 0 0 0
1791030167 2542, 13801, 46, 0x0000000000000000 | 1.22 1.27 1.32 | cpu  69293160 7327 7298273 4770051146 269098 0 110805 0 0 0
1791030168 2415, 13801, 45, 0x0000000000000000 | 1.22 1.27 1.32 | cpu  69293278 7327 7298312 4770060384 269098 0 110805 0 0 0
1791030169 2437, 13801, 45, 0x0000000000000000 | 1.22 1.27 1.32 | cpu  69293387 7327 7298328 4770069658 269098 0 110805 0 0 0
1791030170 2415, 13801, 44, 0x0000000000000000 | 1.20 1.27 1.32 | cpu  69293496 7327 7298346 4770078934 269098 0 110805 0 0 0
1791030171 2460, 13801, 44, 0x0000000000000000 | 1.20 1.27 1.32 | cpu  69293604 7327 7298365 4770088179 269098 0 110805 0 0 0
1791030173 2415, 13801, 44, 0x0000000000000000 | 1.20 1.27 1.32 | cpu  69293721 7327 7298382 4770097457 269098 0 110805 0 0 0
1791030174 2437, 13801, 44, 0x0000000000000000 | 1.20 1.27 1.32 | cpu  69293833 7327 7298401 4770106749 269098 0 110805 0 0 0
1791030175 2415, 13801, 44, 0x0000000000000000 | 1.20 1.27 1.32 | cpu  69293939 7327 7298419 4770116007 269098 0 110805 0 0 0
1791030176 2437, 13801, 44, 0x0000000000000000 | 1.18 1.26 1.31 | cpu  69294052 7327 7298438 4770125282 269099 0 110805 0 0 0
1791030177 2415, 13801, 44, 0x0000000000000000 | 1.18 1.26 1.31 | cpu  69294162 7327 7298463 4770134539 269099 0 110805 0 0 0
1791030178 2460, 13801, 43, 0x0000000000000000 | 1.18 1.26 1.31 | cpu  69294271 7327 7298482 4770143836 269099 0 110805 0 0 0
1791030179 2910, 13801, 49, 0x0000000000000000 | 1.18 1.26 1.31 | cpu  69294382 7327 7298499 4770153147 269099 0 110805 0 0 0
1791030180 2932, 13801, 48, 0x0000000000000000 | 1.17 1.26 1.31 | cpu  69294496 7327 7298522 4770162377 269099 0 110805 0 0 0
1791030181 2910, 13801, 49, 0x0000000000000000 | 1.17 1.26 1.31 | cpu  69294611 7327 7298539 4770171658 269100 0 110805 0 0 0
1791030182 2917, 13801, 49, 0x0000000000000000 | 1.17 1.26 1.31 | cpu  69294736 7327 7298565 4770180951 269100 0 110805 0 0 0
1791030183 2917, 13801, 49, 0x0000000000000000 | 1.17 1.26 1.31 | cpu  69294867 7327 7298615 4770190227 269100 0 110805 0 0 0
1791030184 2925, 13801, 49, 0x0000000000000000 | 1.17 1.26 1.31 | cpu  69294985 7327 7298642 4770199506 269100 0 110805 0 0 0
1791030185 2902, 13801, 50, 0x0000000000000000 | 1.15 1.25 1.31 | cpu  69295096 7327 7298659 4770208806 269100 0 110805 0 0 0
1791030186 2917, 13801, 50, 0x0000000000000000 | 1.15 1.25 1.31 | cpu  69295208 7327 7298677 4770218059 269101 0 110805 0 0 0
1791030188 2955, 13801, 45, 0x0000000000000000 | 1.15 1.25 1.31 | cpu  69295319 7327 7298697 4770227331 269101 0 110805 0 0 0
1791030189 2917, 13801, 50, 0x0000000000000000 | 1.15 1.25 1.31 | cpu  69295432 7327 7298716 4770236633 269101 0 110805 0 0 0
1791030190 2925, 13801, 50, 0x0000000000000000 | 1.15 1.25 1.31 | cpu  69295544 7327 7298732 4770245895 269101 0 110805 0 0 0
1791030191 2910, 13801, 51, 0x0000000000000000 | 1.14 1.25 1.31 | cpu  69295656 7327 7298751 4770255198 269101 0 110805 0 0 0
1791030192 2917, 13801, 50, 0x0000000000000000 | 1.14 1.25 1.31 | cpu  69295775 7327 7298769 4770264480 269101 0 110805 0 0 0
1791030193 2910, 13801, 51, 0x0000000000000000 | 1.14 1.25 1.31 | cpu  69295887 7327 7298787 4770273775 269102 0 110805 0 0 0
1791030194 2902, 13801, 51, 0x0000000000000000 | 1.14 1.25 1.31 | cpu  69295999 7327 7298802 4770283053 269102 0 110805 0 0 0
1791030195 2917, 13801, 51, 0x0000000000000000 | 1.13 1.25 1.31 | cpu  69296107 7327 7298815 4770292328 269102 0 110805 0 0 0
1791030196 2917, 13801, 51, 0x0000000000000000 | 1.13 1.25 1.31 | cpu  69296222 7327 7298835 4770301693 269103 0 110805 0 0 0
1791030197 2910, 13801, 51, 0x0000000000000000 | 1.13 1.25 1.31 | cpu  69296335 7327 7298853 4770311035 269103 0 110805 0 0 0
1791030198 2917, 13801, 51, 0x0000000000000000 | 1.13 1.25 1.31 | cpu  69296455 7327 7298877 4770320281 269104 0 110805 0 0 0
1791030199 2932, 13801, 46, 0x0000000000000000 | 1.13 1.25 1.31 | cpu  69296587 7327 7298937 4770329523 269104 0 110805 0 0 0
1791030200 2955, 13801, 45, 0x0000000000000000 | 1.12 1.24 1.31 | cpu  69296696 7327 7298957 4770338860 269104 0 110805 0 0 0
1791030201 2910, 13801, 51, 0x0000000000000000 | 1.12 1.24 1.31 | cpu  69296816 7327 7298976 4770348162 269105 0 110805 0 0 0
1791030203 2917, 13801, 50, 0x0000000000000000 | 1.12 1.24 1.31 | cpu  69296928 7327 7298991 4770357425 269105 0 110805 0 0 0
1791030204 2917, 13801, 51, 0x0000000000000000 | 1.12 1.24 1.31 | cpu  69297040 7327 7299006 4770366711 269106 0 110805 0 0 0
1791030205 2910, 13801, 51, 0x0000000000000000 | 1.12 1.24 1.31 | cpu  69297152 7327 7299024 4770376058 269106 0 110805 0 0 0
1791030206 2917, 13801, 52, 0x0000000000000000 | 1.11 1.24 1.30 | cpu  69297263 7327 7299041 4770385377 269106 0 110805 0 0 0
1791030207 2925, 13801, 50, 0x0000000000000000 | 1.11 1.24 1.30 | cpu  69297378 7327 7299061 4770394713 269106 0 110805 0 0 0
1791030208 2925, 13801, 50, 0x0000000000000000 | 1.11 1.24 1.30 | cpu  69297493 7327 7299080 4770404030 269106 0 110805 0 0 0
1791030209 2902, 13801, 50, 0x0000000000000000 | 1.11 1.24 1.30 | cpu  69297606 7327 7299106 4770413369 269107 0 110805 0 0 0
1791030210 2917, 13801, 51, 0x0000000000000000 | 1.10 1.23 1.30 | cpu  69297727 7327 7299127 4770422702 269107 0 110805 0 0 0
1791030211 2925, 13801, 51, 0x0000000000000000 | 1.10 1.23 1.30 | cpu  69297839 7327 7299141 4770431958 269107 0 110805 0 0 0
1791030212 2932, 13801, 51, 0x0000000000000000 | 1.10 1.23 1.30 | cpu  69297953 7327 7299161 4770441287 269107 0 110805 0 0 0
1791030213 2910, 13801, 51, 0x0000000000000000 | 1.10 1.23 1.30 | cpu  69298067 7327 7299184 4770450574 269108 0 110805 0 0 0
1791030214 2917, 13801, 50, 0x0000000000000000 | 1.10 1.23 1.30 | cpu  69298179 7327 7299199 4770459855 269108 0 110805 0 0 0
1791030215 2917, 13801, 51, 0x0000000000000000 | 1.09 1.23 1.30 | cpu  69298292 7327 7299215 4770469169 269108 0 110805 0 0 0
1791030216 2932, 13801, 50, 0x0000000000000000 | 1.09 1.23 1.30 | cpu  69298406 7327 7299232 4770478518 269108 0 110805 0 0 0
1791030218 2917, 13801, 52, 0x0000000000000000 | 1.09 1.23 1.30 | cpu  69298519 7327 7299248 4770487850 269108 0 110805 0 0 0
1791030219 2932, 13801, 50, 0x0000000000000000 | 1.09 1.23 1.30 | cpu  69298640 7327 7299265 4770497141 269109 0 110805 0 0 0
1791030220 2925, 13801, 50, 0x0000000000000000 | 1.09 1.23 1.30 | cpu  69298756 7327 7299281 4770506431 269109 0 110805 0 0 0
1791030221 2917, 13801, 52, 0x0000000000000000 | 1.08 1.22 1.30 | cpu  69298872 7327 7299302 4770515763 269109 0 110805 0 0 0
1791030222 2925, 13801, 50, 0x0000000000000000 | 1.08 1.22 1.30 | cpu  69298987 7327 7299318 4770525049 269109 0 110805 0 0 0
1791030223 2932, 13801, 50, 0x0000000000000000 | 1.08 1.22 1.30 | cpu  69299112 7327 7299354 4770534384 269109 0 110806 0 0 0
1791030224 2925, 13801, 51, 0x0000000000000000 | 1.08 1.22 1.30 | cpu  69299234 7327 7299402 4770543647 269110 0 110806 0 0 0
1791030225 2910, 13801, 53, 0x0000000000000000 | 1.08 1.22 1.30 | cpu  69299349 7327 7299423 4770552965 269110 0 110806 0 0 0
1791030226 2902, 13801, 52, 0x0000000000000000 | 1.08 1.22 1.30 | cpu  69299465 7327 7299441 4770562249 269110 0 110806 0 0 0
1791030227 2917, 13801, 51, 0x0000000000000000 | 1.08 1.22 1.30 | cpu  69299577 7327 7299458 4770571548 269110 0 110806 0 0 0
1791030228 2940, 13801, 50, 0x0000000000000000 | 1.08 1.22 1.30 | cpu  69299689 7327 7299477 4770580866 269111 0 110806 0 0 0
1791030229 2940, 13801, 47, 0x0000000000000000 | 1.08 1.22 1.30 | cpu  69299806 7327 7299498 4770590150 269111 0 110806 0 0 0
1791030230 2955, 13801, 46, 0x0000000000000000 | 1.15 1.23 1.30 | cpu  69299924 7327 7299528 4770599444 269111 0 110806 0 0 0
1791030232 2955, 13801, 47, 0x0000000000000000 | 1.15 1.23 1.30 | cpu  69300059 7327 7299590 4770608636 269111 0 110806 0 0 0
1791030233 2782, 13801, 46, 0x0000000000000000 | 1.15 1.23 1.30 | cpu  69300176 7327 7299613 4770617935 269111 0 110806 0 0 0
1791030234 2415, 13801, 45, 0x0000000000000000 | 1.15 1.23 1.30 | cpu  69300289 7327 7299632 4770627249 269112 0 110806 0 0 0
1791030235 2490, 13801, 45, 0x0000000000000000 | 1.15 1.23 1.30 | cpu  69300399 7327 7299647 4770636539 269112 0 110806 0 0 0
1791030236 2737, 13801, 49, 0x0000000000000000 | 1.14 1.23 1.30 | cpu  69300510 7327 7299665 4770645834 269112 0 110806 0 0 0
1791030237 2625, 13801, 45, 0x0000000000000000 | 1.14 1.23 1.30 | cpu  69300620 7327 7299683 4770655136 269112 0 110806 0 0 0
1791030238 2565, 13801, 48, 0x0000000000000000 | 1.14 1.23 1.30 | cpu  69300733 7327 7299699 4770664433 269112 0 110806 0 0 0
1791030239 2955, 13801, 46, 0x0000000000000000 | 1.14 1.23 1.30 | cpu  69300844 7327 7299717 4770673720 269113 0 110806 0 0 0
1791030240 2917, 13801, 50, 0x0000000000000000 | 1.13 1.23 1.30 | cpu  69300956 7327 7299732 4770682997 269113 0 110806 0 0 0
1791030241 2925, 13801, 47, 0x0000000000000000 | 1.13 1.23 1.30 | cpu  69301070 7327 7299754 4770692241 269113 0 110806 0 0 0
1791030242 2932, 13801, 47, 0x0000000000000000 | 1.13 1.23 1.30 | cpu  69301184 7327 7299774 4770701483 269113 0 110806 0 0 0
1791030243 2925, 13801, 49, 0x0000000000000000 | 1.13 1.23 1.30 | cpu  69301294 7327 7299791 4770710723 269113 0 110806 0 0 0
1791030244 2947, 13801, 46, 0x0000000000000000 | 1.13 1.23 1.30 | cpu  69301407 7327 7299814 4770720040 269114 0 110806 0 0 0
1791030245 2910, 13801, 47, 0x0000000000000000 | 1.12 1.22 1.29 | cpu  69301524 7327 7299835 4770729373 269114 0 110806 0 0 0
1791030247 2925, 13801, 46, 0x0000000000000000 | 1.12 1.22 1.29 | cpu  69301635 7327 7299853 4770738682 269114 0 110806 0 0 0
1791030248 2910, 13801, 50, 0x0000000000000000 | 1.12 1.22 1.29 | cpu  69301769 7327 7299917 4770747938 269114 0 110806 0 0 0
1791030249 2917, 13801, 51, 0x0000000000000000 | 1.12 1.22 1.29 | cpu  69301883 7327 7299935 4770757248 269114 0 110806 0 0 0
1791030250 2932, 13801, 49, 0x0000000000000000 | 1.12 1.22 1.29 | cpu  69301996 7327 7299952 4770766591 269114 0 110806 0 0 0
1791030251 2910, 13801, 51, 0x0000000000000000 | 1.11 1.22 1.29 | cpu  69302108 7327 7299969 4770775934 269114 0 110806 0 0 0
1791030252 2925, 13801, 50, 0x0000000000000000 | 1.11 1.22 1.29 | cpu  69302221 7327 7299988 4770785290 269114 0 110806 0 0 0
1791030253 2932, 13801, 50, 0x0000000000000000 | 1.11 1.22 1.29 | cpu  69302331 7327 7300005 4770794586 269114 0 110806 0 0 0
1791030254 2910, 13801, 51, 0x0000000000000000 | 1.11 1.22 1.29 | cpu  69302443 7327 7300021 4770803847 269115 0 110806 0 0 0
1791030255 2917, 13801, 50, 0x0000000000000000 | 1.10 1.21 1.29 | cpu  69302558 7327 7300041 4770813120 269116 0 110806 0 0 0
1791030256 2917, 13801, 51, 0x0000000000000000 | 1.10 1.21 1.29 | cpu  69302673 7327 7300058 4770822418 269116 0 110806 0 0 0
1791030257 2925, 13801, 51, 0x0000000000000000 | 1.10 1.21 1.29 | cpu  69302796 7327 7300079 4770831732 269116 0 110806 0 0 0
1791030258 2902, 13801, 52, 0x0000000000000000 | 1.10 1.21 1.29 | cpu  69302910 7327 7300096 4770841034 269117 0 110806 0 0 0
1791030259 2902, 13801, 53, 0x0000000000000000 | 1.10 1.21 1.29 | cpu  69303022 7327 7300116 4770850349 269117 0 110806 0 0 0
1791030260 2910, 13801, 52, 0x0000000000000000 | 1.09 1.21 1.29 | cpu  69303132 7327 7300131 4770859634 269117 0 110806 0 0 0
1791030262 2917, 13801, 51, 0x0000000000000000 | 1.09 1.21 1.29 | cpu  69303245 7327 7300150 4770868922 269117 0 110806 0 0 0
1791030263 2925, 13801, 51, 0x0000000000000000 | 1.09 1.21 1.29 | cpu  69303357 7327 7300168 4770878216 269117 0 110806 0 0 0
1791030264 2902, 13801, 53, 0x0000000000000000 | 1.09 1.21 1.29 | cpu  69303468 7327 7300184 4770887500 269118 0 110806 0 0 0
1791030265 2917, 13801, 51, 0x0000000000000000 | 1.09 1.21 1.29 | cpu  69303579 7327 7300200 4770896790 269118 0 110806 0 0 0
1791030266 2932, 13801, 51, 0x0000000000000000 | 1.08 1.21 1.29 | cpu  69303693 7327 7300217 4770906073 269118 0 110806 0 0 0
1791030267 2917, 13801, 51, 0x0000000000000000 | 1.08 1.21 1.29 | cpu  69303810 7327 7300237 4770915347 269118 0 110806 0 0 0
1791030268 2925, 13801, 51, 0x0000000000000000 | 1.08 1.21 1.29 | cpu  69303926 7327 7300254 4770924652 269119 0 110806 0 0 0
1791030269 2925, 13801, 51, 0x0000000000000000 | 1.08 1.21 1.29 | cpu  69304039 7327 7300270 4770933947 269119 0 110806 0 0 0
1791030270 2932, 13801, 51, 0x0000000000000000 | 1.08 1.20 1.28 | cpu  69304167 7327 7300296 4770943207 269119 0 110806 0 0 0
1791030271 2925, 13801, 50, 0x0000000000000000 | 1.08 1.20 1.28 | cpu  69304278 7327 7300311 4770952479 269119 0 110806 0 0 0
1791030272 2910, 13801, 52, 0x0000000000000000 | 1.08 1.20 1.28 | cpu  69304393 7327 7300327 4770961772 269119 0 110806 0 0 0
1791030273 2917, 13801, 53, 0x0000000000000000 | 1.08 1.20 1.28 | cpu  69304504 7327 7300351 4770971030 269120 0 110806 0 0 0
1791030274 2917, 13801, 52, 0x0000000000000000 | 1.08 1.20 1.28 | cpu  69304619 7327 7300369 4770980344 269121 0 110806 0 0 0
1791030275 2910, 13801, 52, 0x0000000000000000 | 1.07 1.20 1.28 | cpu  69304732 7327 7300385 4770989632 269121 0 110806 0 0 0
1791030277 2917, 13801, 50, 0x0000000000000000 | 1.07 1.20 1.28 | cpu  69304846 7327 7300409 4770998912 269121 0 110806 0 0 0
1791030278 2955, 13801, 47, 0x0000000000000000 | 1.07 1.20 1.28 | cpu  69304963 7327 7300428 4771008196 269121 0 110806 0 0 0
1791030279 2925, 13801, 51, 0x0000000000000000 | 1.07 1.20 1.28 | cpu  69305093 7327 7300460 4771017488 269122 0 110806 0 0 0
1791030280 2910, 13801, 51, 0x0000000000000000 | 1.07 1.20 1.28 | cpu  69305218 7327 7300513 4771026779 269122 0 110806 0 0 0
1791030281 2917, 13801, 52, 0x0000000000000000 | 1.06 1.20 1.28 | cpu  69305333 7327 7300529 4771036082 269122 0 110806 0 0 0
1791030282 2925, 13801, 51, 0x0000000000000000 | 1.06 1.20 1.28 | cpu  69305449 7327 7300547 4771045454 269122 0 110806 0 0 0
1791030283 2917, 13801, 50, 0x0000000000000000 | 1.06 1.20 1.28 | cpu  69305561 7327 7300564 4771054709 269122 0 110806 0 0 0
1791030284 2917, 13801, 51, 0x0000000000000000 | 1.06 1.20 1.28 | cpu  69305674 7327 7300581 4771064028 269123 0 110806 0 0 0
1791030285 2917, 13801, 51, 0x0000000000000000 | 1.14 1.21 1.28 | cpu  69305789 7327 7300598 4771073329 269123 0 110806 0 0 0
1791030286 2895, 13801, 52, 0x0000000000000000 | 1.14 1.21 1.28 | cpu  69305903 7327 7300615 4771082638 269124 0 110806 0 0 0
1791030287 2917, 13801, 51, 0x0000000000000000 | 1.14 1.21 1.28 | cpu  69306019 7327 7300633 4771091931 269124 0 110806 0 0 0
1791030288 2955, 13801, 47, 0x0000000000000000 | 1.14 1.21 1.28 | cpu  69306135 7327 7300655 4771101269 269124 0 110806 0 0 0
1791030289 2925, 13801, 50, 0x0000000000000000 | 1.14 1.21 1.28 | cpu  69306251 7327 7300675 4771110548 269125 0 110806 0 0 0
1791030290 2902, 13801, 51, 0x0000000000000000 | 1.21 1.22 1.29 | cpu  69306363 7327 7300692 4771119810 269125 0 110806 0 0 0
1791030292 2902, 13801, 51, 0x0000000000000000 | 1.21 1.22 1.29 | cpu  69306477 7327 7300711 4771129122 269125 0 110806 0 0 0
1791030293 2925, 13801, 52, 0x0000000000000000 | 1.21 1.22 1.29 | cpu  69306593 7327 7300726 4771138426 269125 0 110806 0 0 0
1791030294 2932, 13801, 50, 0x0000000000000000 | 1.21 1.22 1.29 | cpu  69306721 7327 7300786 4771147727 269125 0 110806 0 0 0
1791030295 2895, 13801, 52, 0x0000000000000000 | 1.21 1.22 1.29 | cpu  69306851 7327 7300829 4771157061 269125 0 110806 0 0 0
1791030296 2917, 13801, 51, 0x0000000000000000 | 1.27 1.24 1.29 | cpu  69306978 7327 7300871 4771166383 269125 0 110806 0 0 0
1791030297 2917, 13801, 52, 0x0000000000000000 | 1.27 1.24 1.29 | cpu  69307090 7327 7300885 4771175627 269125 0 110806 0 0 0
1791030298 2925, 13801, 51, 0x0000000000000000 | 1.27 1.24 1.29 | cpu  69307203 7327 7300901 4771184929 269125 0 110806 0 0 0
1791030299 2902, 13801, 52, 0x0000000000000000 | 1.27 1.24 1.29 | cpu  69307314 7327 7300916 4771194210 269126 0 110806 0 0 0
1791030300 2925, 13801, 52, 0x0000000000000000 | 1.25 1.23 1.29 | cpu  69307425 7327 7300931 4771203524 269126 0 110806 0 0 0
1791030301 2925, 13801, 51, 0x0000000000000000 | 1.25 1.23 1.29 | cpu  69307540 7327 7300950 4771212798 269126 0 110806 0 0 0
1791030302 2910, 13801, 52, 0x0000000000000000 | 1.25 1.23 1.29 | cpu  69307697 7327 7301003 4771221996 269126 0 110806 0 0 0
1791030303 2925, 13801, 51, 0x0000000000000000 | 1.25 1.23 1.29 | cpu  69307831 7327 7301019 4771231268 269126 0 110806 0 0 0
1791030304 2917, 13801, 51, 0x0000000000000000 | 1.25 1.23 1.29 | cpu  69307944 7327 7301037 4771240600 269127 0 110806 0 0 0
1791030306 2910, 13801, 51, 0x0000000000000000 | 1.23 1.23 1.29 | cpu  69308056 7327 7301054 4771249914 269127 0 110806 0 0 0
1791030307 2887, 13801, 52, 0x0000000000000000 | 1.23 1.23 1.29 | cpu  69308169 7327 7301079 4771259240 269127 0 110806 0 0 0
1791030308 2917, 13801, 51, 0x0000000000000000 | 1.23 1.23 1.29 | cpu  69308289 7327 7301096 4771268568 269128 0 110806 0 0 0
1791030309 2932, 13801, 50, 0x0000000000000000 | 1.23 1.23 1.29 | cpu  69308410 7327 7301128 4771277842 269128 0 110806 0 0 0
1791030310 2887, 13801, 52, 0x0000000000000000 | 1.23 1.23 1.29 | cpu  69308522 7327 7301146 4771287146 269128 0 110806 0 0 0
1791030311 2917, 13801, 52, 0x0000000000000000 | 1.21 1.22 1.29 | cpu  69308637 7327 7301162 4771296453 269128 0 110806 0 0 0
1791030312 2932, 13801, 51, 0x0000000000000000 | 1.21 1.22 1.29 | cpu  69308753 7327 7301182 4771305728 269128 0 110806 0 0 0
1791030313 2887, 13801, 52, 0x0000000000000000 | 1.21 1.22 1.29 | cpu  69308868 7327 7301202 4771315061 269129 0 110806 0 0 0
1791030314 2887, 13801, 52, 0x0000000000000000 | 1.21 1.22 1.29 | cpu  69308985 7327 7301221 4771324382 269129 0 110806 0 0 0
1791030315 2917, 13801, 51, 0x0000000000000000 | 1.19 1.22 1.28 | cpu  69309097 7327 7301235 4771333671 269129 0 110806 0 0 0
1791030316 2932, 13801, 48, 0x0000000000000000 | 1.19 1.22 1.28 | cpu  69309209 7327 7301254 4771342912 269129 0 110806 0 0 0
1791030317 2955, 13801, 47, 0x0000000000000000 | 1.19 1.22 1.28 | cpu  69309317 7327 7301273 4771352198 269129 0 110806 0 0 0
1791030318 2452, 13801, 46, 0x0000000000000000 | 1.19 1.22 1.28 | cpu  69309426 7327 7301289 4771361463 269130 0 110806 0 0 0
1791030319 2917, 13801, 51, 0x0000000000000000 | 1.19 1.22 1.28 | cpu  69309541 7327 7301305 4771370768 269130 0 110806 0 0 0
1791030321 2932, 13801, 48, 0x0000000000000000 | 1.18 1.22 1.28 | cpu  69309652 7327 7301316 4771380086 269130 0 110806 0 0 0
1791030322 2917, 13801, 52, 0x0000000000000000 | 1.18 1.22 1.28 | cpu  69309764 7327 7301331 4771389375 269130 0 110806 0 0 0
1791030323 2925, 13801, 51, 0x0000000000000000 | 1.18 1.22 1.28 | cpu  69309881 7327 7301348 4771398714 269130 0 110806 0 0 0
1791030324 2917, 13801, 51, 0x0000000000000000 | 1.18 1.22 1.28 | cpu  69309998 7327 7301365 4771408027 269131 0 110806 0 0 0
1791030325 2925, 13801, 52, 0x0000000000000000 | 1.18 1.22 1.28 | cpu  69310110 7327 7301380 4771417351 269131 0 110806 0 0 0
1791030326 2910, 13801, 52, 0x0000000000000000 | 1.16 1.21 1.28 | cpu  69310222 7327 7301398 4771426648 269131 0 110806 0 0 0
1791030327 2917, 13801, 51, 0x0000000000000000 | 1.16 1.21 1.28 | cpu  69310336 7327 7301415 4771435908 269131 0 110806 0 0 0
1791030328 2925, 13801, 53, 0x0000000000000000 | 1.16 1.21 1.28 | cpu  69310449 7327 7301430 4771445224 269131 0 110806 0 0 0
1791030329 2917, 13801, 52, 0x0000000000000000 | 1.16 1.21 1.28 | cpu  69310561 7327 7301448 4771454491 269132 0 110806 0 0 0
1791030330 2925, 13801, 51, 0x0000000000000000 | 1.15 1.21 1.28 | cpu  69310671 7327 7301463 4771463749 269132 0 110806 0 0 0
1791030331 2895, 13801, 52, 0x0000000000000000 | 1.15 1.21 1.28 | cpu  69310785 7327 7301479 4771473086 269132 0 110806 0 0 0
1791030332 2917, 13801, 53, 0x0000000000000000 | 1.15 1.21 1.28 | cpu  69310903 7327 7301497 4771482449 269132 0 110806 0 0 0
1791030333 2917, 13801, 51, 0x0000000000000000 | 1.15 1.21 1.28 | cpu  69311016 7327 7301514 4771491761 269132 0 110806 0 0 0
1791030334 2902, 13801, 52, 0x0000000000000000 | 1.15 1.21 1.28 | cpu  69311132 7327 7301531 4771501038 269133 0 110806 0 0 0
1791030336 2925, 13801, 52, 0x0000000000000000 | 1.14 1.20 1.28 | cpu  69311248 7327 7301548 4771510309 269133 0 110806 0 0 0
1791030337 2925, 13801, 52, 0x0000000000000000 | 1.14 1.20 1.28 | cpu  69311362 7327 7301565 4771519584 269133 0 110806 0 0 0
1791030338 2917, 13801, 52, 0x0000000000000000 | 1.14 1.20 1.28 | cpu  69311474 7327 7301582 4771528860 269133 0 110806 0 0 0
1791030339 2925, 13801, 52, 0x0000000000000000 | 1.14 1.20 1.28 | cpu  69311584 7327 7301603 4771538099 269133 0 110806 0 0 0
1791030340 2932, 13801, 52, 0x0000000000000000 | 1.14 1.20 1.28 | cpu  69311695 7327 7301618 4771547354 269134 0 110806 0 0 0
1791030341 2925, 13801, 52, 0x0000000000000000 | 1.13 1.20 1.27 | cpu  69311808 7327 7301638 4771556647 269134 0 110806 0 0 0
1791030342 2910, 13801, 52, 0x0000000000000000 | 1.13 1.20 1.27 | cpu  69311926 7327 7301655 4771565970 269134 0 110806 0 0 0
1791030343 2925, 13801, 52, 0x0000000000000000 | 1.13 1.20 1.27 | cpu  69312041 7327 7301669 4771575272 269134 0 110806 0 0 0
1791030344 2925, 13801, 54, 0x0000000000000000 | 1.13 1.20 1.27 | cpu  69312151 7327 7301685 4771584554 269135 0 110806 0 0 0
1791030345 2910, 13801, 52, 0x0000000000000000 | 1.12 1.20 1.27 | cpu  69312264 7327 7301701 4771593879 269135 0 110806 0 0 0
1791030346 2902, 13801, 52, 0x0000000000000000 | 1.12 1.20 1.27 | cpu  69312377 7327 7301718 4771603145 269135 0 110806 0 0 0
1791030347 2925, 13801, 51, 0x0000000000000000 | 1.12 1.20 1.27 | cpu  69312491 7327 7301738 4771612420 269136 0 110806 0 0 0
1791030348 2932, 13801, 50, 0x0000000000000000 | 1.12 1.20 1.27 | cpu  69312603 7327 7301754 4771621722 269136 0 110806 0 0 0
1791030349 2910, 13801, 52, 0x0000000000000000 | 1.12 1.20 1.27 | cpu  69312715 7327 7301769 4771630990 269137 0 110806 0 0 0
1791030351 2925, 13801, 52, 0x0000000000000000 | 1.11 1.19 1.27 | cpu  69312834 7327 7301785 4771640280 269137 0 110806 0 0 0
1791030352 2932, 13801, 49, 0x0000000000000000 | 1.11 1.19 1.27 | cpu  69312945 7327 7301800 4771649536 269137 0 110806 0 0 0
1791030353 2895, 13801, 52, 0x0000000000000000 | 1.11 1.19 1.27 | cpu  69313057 7327 7301818 4771658824 269137 0 110806 0 0 0
1791030354 2917, 13801, 52, 0x0000000000000000 | 1.11 1.19 1.27 | cpu  69313169 7327 7301830 4771668100 269137 0 110806 0 0 0
1791030355 2925, 13801, 48, 0x0000000000000000 | 1.11 1.19 1.27 | cpu  69313289 7327 7301856 4771677382 269138 0 110806 0 0 0
1791030356 2917, 13801, 52, 0x0000000000000000 | 1.10 1.19 1.27 | cpu  69313414 7327 7301921 4771686621 269138 0 110807 0 0 0
1791030357 2887, 13801, 54, 0x0000000000000000 | 1.10 1.19 1.27 | cpu  69313532 7327 7301939 4771695892 269138 0 110807 0 0 0
1791030358 2910, 13801, 52, 0x0000000000000000 | 1.10 1.19 1.27 | cpu  69313653 7327 7301956 4771705155 269138 0 110807 0 0 0
1791030359 2925, 13801, 52, 0x0000000000000000 | 1.10 1.19 1.27 | cpu  69313789 7327 7302016 4771714383 269138 0 110807 0 0 0
1791030360 2917, 13801, 52, 0x0000000000000000 | 1.09 1.19 1.27 | cpu  69313901 7327 7302031 4771723634 269139 0 110807 0 0 0
1791030361 2932, 13801, 51, 0x0000000000000000 | 1.09 1.19 1.27 | cpu  69314013 7327 7302046 4771732868 269139 0 110807 0 0 0
1791030362 2917, 13801, 53, 0x0000000000000000 | 1.09 1.19 1.27 | cpu  69314132 7327 7302064 4771742161 269139 0 110807 0 0 0
1791030363 2902, 13801, 51, 0x0000000000000000 | 1.09 1.19 1.27 | cpu  69314246 7327 7302083 4771751415 269139 0 110807 0 0 0
1791030364 2925, 13801, 51, 0x0000000000000000 | 1.09 1.19 1.27 | cpu  69314358 7327 7302099 4771760683 269139 0 110807 0 0 0
1791030365 2925, 13801, 51, 0x0000000000000000 | 1.08 1.18 1.27 | cpu  69314470 7327 7302115 4771769988 269140 0 110807 0 0 0
1791030367 2910, 13801, 53, 0x0000000000000000 | 1.08 1.18 1.27 | cpu  69314585 7327 7302131 4771779261 269140 0 110807 0 0 0
1791030368 2925, 13801, 51, 0x0000000000000000 | 1.08 1.18 1.27 | cpu  69314697 7327 7302145 4771788562 269140 0 110807 0 0 0
1791030369 2932, 13801, 51, 0x0000000000000000 | 1.08 1.18 1.27 | cpu  69314817 7327 7302161 4771797899 269140 0 110807 0 0 0
1791030370 2895, 13801, 52, 0x0000000000000000 | 1.08 1.18 1.27 | cpu  69314931 7327 7302180 4771807176 269140 0 110807 0 0 0
1791030371 2925, 13801, 52, 0x0000000000000000 | 1.08 1.18 1.26 | cpu  69315043 7327 7302204 4771816439 269140 0 110807 0 0 0
1791030372 2925, 13801, 51, 0x0000000000000000 | 1.08 1.18 1.26 | cpu  69315156 7327 7302224 4771825678 269140 0 110807 0 0 0
1791030373 2925, 13801, 52, 0x0000000000000000 | 1.08 1.18 1.26 | cpu  69315274 7327 7302247 4771835011 269141 0 110807 0 0 0
1791030374 2902, 13801, 52, 0x0000000000000000 | 1.08 1.18 1.26 | cpu  69315387 7327 7302263 4771844301 269141 0 110807 0 0 0
1791030375 2925, 13801, 52, 0x0000000000000000 | 1.07 1.18 1.26 | cpu  69315519 7327 7302324 4771853556 269141 0 110807 0 0 0
1791030376 2925, 13801, 51, 0x0000000000000000 | 1.07 1.18 1.26 | cpu  69315634 7327 7302340 4771862853 269141 0 110807 0 0 0
1791030377 2887, 13801, 52, 0x0000000000000000 | 1.07 1.18 1.26 | cpu  69315749 7327 7302356 4771872172 269141 0 110807 0 0 0
1791030378 2917, 13801, 53, 0x0000000000000000 | 1.07 1.18 1.26 | cpu  69315863 7327 7302372 4771881527 269142 0 110807 0 0 0
1791030379 2917, 13801, 53, 0x0000000000000000 | 1.07 1.18 1.26 | cpu  69315975 7327 7302389 4771890837 269142 0 110807 0 0 0
1791030381 2902, 13801, 53, 0x0000000000000000 | 1.06 1.17 1.26 | cpu  69316088 7327 7302402 4771900159 269142 0 110807 0 0 0
1791030382 2902, 13801, 53, 0x0000000000000000 | 1.06 1.17 1.26 | cpu  69316209 7327 7302422 4771909465 269142 0 110807 0 0 0
1791030383 2932, 13801, 52, 0x0000000000000000 | 1.06 1.17 1.26 | cpu  69316325 7327 7302441 4771918759 269142 0 110807 0 0 0
1791030384 2925, 13801, 51, 0x0000000000000000 | 1.06 1.17 1.26 | cpu  69316439 7327 7302454 4771928052 269143 0 110807 0 0 0
1791030385 2895, 13801, 51, 0x0000000000000000 | 1.06 1.17 1.26 | cpu  69316552 7327 7302470 4771937320 269143 0 110807 0 0 0
1791030386 2917, 13801, 51, 0x0000000000000000 | 1.06 1.17 1.26 | cpu  69316671 7327 7302498 4771946568 269143 0 110807 0 0 0
1791030387 2917, 13801, 52, 0x0000000000000000 | 1.06 1.17 1.26 | cpu  69316783 7327 7302517 4771955853 269143 0 110807 0 0 0
1791030388 2902, 13801, 49, 0x0000000000000000 | 1.06 1.17 1.26 | cpu  69316892 7327 7302534 4771965123 269143 0 110807 0 0 0
1791030389 2917, 13801, 52, 0x0000000000000000 | 1.06 1.17 1.26 | cpu  69317004 7327 7302552 4771974433 269144 0 110807 0 0 0
1791030390 2925, 13801, 52, 0x0000000000000000 | 1.05 1.17 1.26 | cpu  69317119 7327 7302564 4771983692 269144 0 110807 0 0 0
1791030391 2932, 13801, 49, 0x0000000000000000 | 1.05 1.17 1.26 | cpu  69317229 7327 7302579 4771992947 269144 0 110807 0 0 0
1791030392 2940, 13801, 48, 0x0000000000000000 | 1.05 1.17 1.26 | cpu  69317343 7327 7302600 4772002202 269144 0 110807 0 0 0
1791030393 2415, 13801, 47, 0x0000000000000000 | 1.05 1.17 1.26 | cpu  69317455 7327 7302616 4772011439 269144 0 110807 0 0 0
1791030394 2415, 13801, 46, 0x0000000000000000 | 1.05 1.17 1.26 | cpu  69317565 7327 7302631 4772020670 269145 0 110807 0 0 0
1791030395 2415, 13801, 46, 0x0000000000000000 | 1.05 1.16 1.26 | cpu  69317674 7327 7302647 4772029928 269145 0 110807 0 0 0
1791030397 2422, 13801, 46, 0x0000000000000000 | 1.05 1.16 1.26 | cpu  69317786 7327 7302669 4772039245 269145 0 110807 0 0 0
1791030398 2527, 13801, 48, 0x0000000000000000 | 1.05 1.16 1.26 | cpu  69317893 7327 7302685 4772048496 269145 0 110807 0 0 0
1791030399 2902, 13801, 52, 0x0000000000000000 | 1.05 1.16 1.26 | cpu  69318011 7327 7302708 4772057761 269145 0 110807 0 0 0
1791030400 2925, 13801, 51, 0x0000000000000000 | 1.05 1.16 1.26 | cpu  69318123 7327 7302724 4772067009 269145 0 110807 0 0 0
1791030401 2932, 13801, 52, 0x0000000000000000 | 1.04 1.16 1.26 | cpu  69318234 7327 7302737 4772076306 269146 0 110807 0 0 0
1791030402 2925, 13801, 50, 0x0000000000000000 | 1.04 1.16 1.26 | cpu  69318350 7327 7302755 4772085647 269146 0 110807 0 0 0
1791030403 2925, 13801, 51, 0x0000000000000000 | 1.04 1.16 1.26 | cpu  69318461 7327 7302776 4772094947 269146 0 110807 0 0 0
1791030404 2910, 13801, 53, 0x0000000000000000 | 1.04 1.16 1.26 | cpu  69318575 7327 7302797 4772104263 269146 0 110807 0 0 0
1791030405 2910, 13801, 53, 0x0000000000000000 | 1.04 1.16 1.25 | cpu  69318689 7327 7302819 4772113626 269147 0 110807 0 0 0
1791030406 2917, 13801, 51, 0x0000000000000000 | 1.04 1.16 1.25 | cpu  69318802 7327 7302833 4772122903 269147 0 110807 0 0 0
1791030407 2917, 13801, 51, 0x0000000000000000 | 1.04 1.16 1.25 | cpu  69318919 7327 7302852 4772132160 269147 0 110807 0 0 0
1791030408 2917, 13801, 52, 0x0000000000000000 | 1.04 1.16 1.25 | cpu  69319030 7327 7302870 4772141438 269147 0 110807 0 0 0
1791030409 2925, 13801, 50, 0x0000000000000000 | 1.04 1.16 1.25 | cpu  69319141 7327 7302885 4772150709 269147 0 110807 0 0 0
1791030410 2955, 13801, 48, 0x0000000000000000 | 1.04 1.16 1.25 | cpu  69319250 7327 7302903 4772159979 269148 0 110807 0 0 0
1791030412 2932, 13801, 50, 0x0000000000000000 | 1.04 1.16 1.25 | cpu  69319364 7327 7302919 4772169283 269148 0 110807 0 0 0
1791030413 2925, 13801, 51, 0x0000000000000000 | 1.04 1.16 1.25 | cpu  69319481 7327 7302936 4772178529 269148 0 110807 0 0 0
1791030414 2910, 13801, 51, 0x0000000000000000 | 1.04 1.16 1.25 | cpu  69319593 7327 7302952 4772187838 269148 0 110807 0 0 0
1791030415 2917, 13801, 52, 0x0000000000000000 | 1.04 1.16 1.25 | cpu  69319713 7327 7302975 4772197068 269148 0 110807 0 0 0
1791030416 2932, 13801, 51, 0x0000000000000000 | 1.03 1.15 1.25 | cpu  69319830 7327 7302990 4772206338 269149 0 110807 0 0 0
1791030417 2917, 13801, 51, 0x0000000000000000 | 1.03 1.15 1.25 | cpu  69319951 7327 7303013 4772215604 269149 0 110807 0 0 0
1791030418 2925, 13801, 52, 0x0000000000000000 | 1.03 1.15 1.25 | cpu  69320080 7327 7303074 4772224827 269149 0 110807 0 0 0
1791030419 2932, 13801, 51, 0x0000000000000000 | 1.03 1.15 1.25 | cpu  69320194 7327 7303091 4772234104 269149 0 110807 0 0 0
1791030420 2917, 13801, 51, 0x0000000000000000 | 1.03 1.15 1.25 | cpu  69320305 7327 7303107 4772243446 269150 0 110807 0 0 0
1791030421 2925, 13801, 51, 0x0000000000000000 | 1.03 1.15 1.25 | cpu  69320419 7327 7303125 4772252700 269150 0 110807 0 0 0
1791030422 2925, 13801, 53, 0x0000000000000000 | 1.03 1.15 1.25 | cpu  69320533 7327 7303139 4772262010 269150 0 110807 0 0 0
1791030423 2917, 13801, 51, 0x0000000000000000 | 1.03 1.15 1.25 | cpu  69320648 7327 7303155 4772271315 269150 0 110807 0 0 0
1791030424 2910, 13801, 52, 0x0000000000000000 | 1.03 1.15 1.25 | cpu  69320759 7327 7303170 4772280622 269150 0 110807 0 0 0
1791030425 2917, 13801, 54, 0x0000000000000000 | 1.03 1.15 1.25 | cpu  69320871 7327 7303186 4772289901 269151 0 110807 0 0 0
1791030427 2917, 13801, 52, 0x0000000000000000 | 1.03 1.15 1.25 | cpu  69320989 7327 7303207 4772299167 269151 0 110807 0 0 0
1791030428 2955, 13801, 48, 0x0000000000000000 | 1.03 1.15 1.25 | cpu  69321096 7327 7303224 4772308414 269151 0 110807 0 0 0
1791030429 2940, 13801, 58, 0x0000000000000004 | 1.03 1.15 1.25 | cpu  69321208 7327 7303242 4772317686 269152 0 110807 0 0 0
1791030430 2917, 13801, 48, 0x0000000000000000 | 1.03 1.15 1.25 | cpu  69321315 7327 7303259 4772326908 269152 0 110807 0 0 0
1791030431 2955, 13801, 47, 0x0000000000000000 | 1.03 1.14 1.25 | cpu  69321424 7327 7303276 4772336164 269152 0 110807 0 0 0
1791030432 2872, 13801, 48, 0x0000000000000000 | 1.03 1.14 1.25 | cpu  69321537 7327 7303295 4772345424 269152 0 110807 0 0 0
1791030433 2895, 13801, 52, 0x0000000000000000 | 1.03 1.14 1.25 | cpu  69321648 7327 7303312 4772354631 269152 0 110807 0 0 0
1791030434 2947, 13801, 48, 0x0000000000000000 | 1.03 1.14 1.25 | cpu  69321757 7327 7303328 4772363889 269153 0 110807 0 0 0
1791030435 2955, 13801, 58, 0x0000000000000004 | 1.02 1.14 1.25 | cpu  69321868 7327 7303354 4772373154 269153 0 110807 0 0 0
1791030436 2610, 13801, 48, 0x0000000000000000 | 1.02 1.14 1.25 | cpu  69321978 7327 7303372 4772382401 269153 0 110807 0 0 0
1791030437 2947, 13801, 59, 0x0000000000000004 | 1.02 1.14 1.25 | cpu  69322088 7327 7303396 4772391618 269153 0 110807 0 0 0
1791030438 2955, 13801, 47, 0x0000000000000000 | 1.02 1.14 1.25 | cpu  69322199 7327 7303415 4772400869 269153 0 110807 0 0 0
1791030439 2880, 13801, 48, 0x0000000000000000 | 1.02 1.14 1.25 | cpu  69322311 7327 7303432 4772410117 269154 0 110807 0 0 0
1791030440 2955, 13801, 56, 0x0000000000000004 | 1.02 1.14 1.24 | cpu  69322420 7327 7303451 4772419379 269155 0 110807 0 0 0
1791030441 2955, 13801, 47, 0x0000000000000000 | 1.02 1.14 1.24 | cpu  69322528 7327 7303472 4772428617 269155 0 110807 0 0 0
1791030442 2932, 13801, 59, 0x0000000000000004 | 1.02 1.14 1.24 | cpu  69322641 7327 7303494 4772437839 269155 0 110807 0 0 0
1791030444 2932, 13801, 58, 0x0000000000000004 | 1.02 1.14 1.24 | cpu  69322773 7327 7303520 4772447079 269156 0 110807 0 0 0
1791030445 2940, 13801, 52, 0x0000000000000000 | 1.02 1.14 1.24 | cpu  69322883 7327 7303537 4772456341 269156 0 110807 0 0 0
1791030446 2932, 13801, 47, 0x0000000000000000 | 1.02 1.14 1.24 | cpu  69322994 7327 7303556 4772465659 269156 0 110807 0 0 0
1791030447 2955, 13801, 54, 0x0000000000000004 | 1.02 1.14 1.24 | cpu  69323104 7327 7303575 4772474932 269156 0 110807 0 0 0
1791030448 2850, 13801, 48, 0x0000000000000000 | 1.02 1.14 1.24 | cpu  69323216 7327 7303592 4772484217 269156 0 110807 0 0 0
1791030449 2955, 13801, 46, 0x0000000000000000 | 1.02 1.14 1.24 | cpu  69323327 7327 7303611 4772493427 269156 0 110807 0 0 0
1791030450 2872, 13801, 55, 0x0000000000000004 | 1.02 1.13 1.24 | cpu  69323436 7327 7303628 4772502689 269157 0 110807 0 0 0
1791030451 2955, 13801, 47, 0x0000000000000000 | 1.02 1.13 1.24 | cpu  69323550 7327 7303646 4772511955 269157 0 110807 0 0 0
1791030452 2955, 13801, 46, 0x0000000000000000 | 1.02 1.13 1.24 | cpu  69323660 7327 7303667 4772521281 269157 0 110807 0 0 0
1791030453 2932, 13801, 48, 0x0000000000000000 | 1.02 1.13 1.24 | cpu  69323771 7327 7303686 4772530538 269157 0 110807 0 0 0
1791030454 2955, 13801, 46, 0x0000000000000000 | 1.02 1.13 1.24 | cpu  69323880 7327 7303703 4772539788 269157 0 110807 0 0 0
1791030455 2955, 13801, 54, 0x0000000000000004 | 1.02 1.13 1.24 | cpu  69323993 7327 7303720 4772549053 269157 0 110807 0 0 0
1791030456 2902, 13801, 50, 0x0000000000000000 | 1.02 1.13 1.24 | cpu  69324103 7327 7303738 4772558294 269157 0 110807 0 0 0
1791030457 2947, 13801, 46, 0x0000000000000000 | 1.02 1.13 1.24 | cpu  69324217 7327 7303760 4772567611 269157 0 110807 0 0 0
1791030459 2887, 13801, 52, 0x0000000000000000 | 1.02 1.13 1.24 | cpu  69324327 7327 7303780 4772576918 269157 0 110807 0 0 0
1791030460 2902, 13801, 50, 0x0000000000000000 | 1.02 1.13 1.24 | cpu  69324438 7327 7303798 4772586253 269157 0 110807 0 0 0
1791030461 2917, 13801, 50, 0x0000000000000000 | 1.10 1.15 1.24 | cpu  69324555 7327 7303819 4772595563 269157 0 110807 0 0 0
1791030462 2925, 13801, 49, 0x0000000000000000 | 1.10 1.15 1.24 | cpu  69324668 7327 7303838 4772604861 269158 0 110807 0 0 0
1791030463 2925, 13801, 50, 0x0000000000000000 | 1.10 1.15 1.24 | cpu  69324791 7327 7303868 4772614159 269159 0 110807 0 0 0
1791030464 2932, 13801, 49, 0x0000000000000000 | 1.10 1.15 1.24 | cpu  69324900 7327 7303885 4772623448 269159 0 110807 0 0 0
1791030465 2940, 13801, 50, 0x0000000000000000 | 1.17 1.16 1.25 | cpu  69325010 7327 7303899 4772632729 269159 0 110807 0 0 0
1791030466 2917, 13801, 49, 0x0000000000000000 | 1.17 1.16 1.25 | cpu  69325121 7327 7303916 4772642024 269159 0 110807 0 0 0
1791030467 2925, 13801, 49, 0x0000000000000000 | 1.17 1.16 1.25 | cpu  69325235 7327 7303941 4772651357 269159 0 110807 0 0 0
1791030468 2917, 13801, 50, 0x0000000000000000 | 1.17 1.16 1.25 | cpu  69325349 7327 7303960 4772660676 269160 0 110807 0 0 0
1791030469 2902, 13801, 52, 0x0000000000000000 | 1.17 1.16 1.25 | cpu  69325465 7327 7303978 4772669953 269160 0 110807 0 0 0
1791030470 2917, 13801, 52, 0x0000000000000000 | 1.15 1.16 1.25 | cpu  69325577 7327 7303998 4772679270 269160 0 110807 0 0 0
1791030471 2932, 13801, 49, 0x0000000000000000 | 1.15 1.16 1.25 | cpu  69325690 7327 7304016 4772688552 269161 0 110807 0 0 0
1791030472 2902, 13801, 52, 0x0000000000000000 | 1.15 1.16 1.25 | cpu  69325804 7327 7304040 4772697852 269161 0 110807 0 0 0
1791030474 2902, 13801, 53, 0x0000000000000000 | 1.15 1.16 1.25 | cpu  69325916 7327 7304060 4772707216 269161 0 110807 0 0 0
1791030475 2917, 13801, 50, 0x0000000000000000 | 1.15 1.16 1.25 | cpu  69326029 7327 7304076 4772716544 269161 0 110807 0 0 0
1791030476 2917, 13801, 51, 0x0000000000000000 | 1.14 1.16 1.25 | cpu  69326141 7327 7304092 4772725849 269162 0 110807 0 0 0
1791030477 2917, 13801, 52, 0x0000000000000000 | 1.14 1.16 1.25 | cpu  69326259 7327 7304110 4772735122 269162 0 110807 0 0 0
1791030478 2932, 13801, 50, 0x0000000000000000 | 1.14 1.16 1.25 | cpu  69326375 7327 7304130 4772744467 269163 0 110807 0 0 0
1791030479 2925, 13801, 51, 0x0000000000000000 | 1.14 1.16 1.25 | cpu  69326503 7327 7304158 4772753734 269163 0 110807 0 0 0
1791030480 2947, 13801, 47, 0x0000000000000000 | 1.13 1.15 1.24 | cpu  69326619 7327 7304211 4772762946 269163 0 110807 0 0 0
1791030481 2925, 13801, 50, 0x0000000000000000 | 1.13 1.15 1.24 | cpu  69326729 7327 7304231 4772772204 269163 0 110807 0 0 0
1791030482 2925, 13801, 51, 0x0000000000000000 | 1.13 1.15 1.24 | cpu  69326847 7327 7304250 4772781494 269163 0 110807 0 0 0
1791030483 2932, 13801, 50, 0x0000000000000000 | 1.13 1.15 1.24 | cpu  69326970 7327 7304272 4772790826 269164 0 110807 0 0 0
1791030484 2910, 13801, 51, 0x0000000000000000 | 1.13 1.15 1.24 | cpu  69327082 7327 7304289 4772800124 269164 0 110807 0 0 0
1791030485 2910, 13801, 53, 0x0000000000000000 | 1.12 1.15 1.24 | cpu  69327194 7327 7304307 4772809409 269164 0 110807 0 0 0
1791030486 2917, 13801, 51, 0x0000000000000000 | 1.12 1.15 1.24 | cpu  69327310 7327 7304327 4772818695 269164 0 110807 0 0 0
1791030487 2917, 13801, 50, 0x0000000000000000 | 1.12 1.15 1.24 | cpu  69327425 7327 7304346 4772827975 269165 0 110807 0 0 0
1791030489 2910, 13801, 51, 0x0000000000000000 | 1.12 1.15 1.24 | cpu  69327543 7327 7304367 4772837282 269165 0 110807 0 0 0
1791030490 2932, 13801, 48, 0x0000000000000000 | 1.12 1.15 1.24 | cpu  69327654 7327 7304383 4772846562 269165 0 110807 0 0 0
1791030491 2932, 13801, 50, 0x0000000000000000 | 1.11 1.15 1.24 | cpu  69327764 7327 7304401 4772855862 269165 0 110807 0 0 0
1791030492 2925, 13801, 51, 0x0000000000000000 | 1.11 1.15 1.24 | cpu  69327879 7327 7304418 4772865192 269165 0 110807 0 0 0
1791030493 2925, 13801, 50, 0x0000000000000000 | 1.11 1.15 1.24 | cpu  69327991 7327 7304434 4772874477 269166 0 110807 0 0 0
1791030494 2925, 13801, 50, 0x0000000000000000 | 1.11 1.15 1.24 | cpu  69328104 7327 7304451 4772883791 269166 0 110807 0 0 0
1791030495 2917, 13801, 52, 0x0000000000000000 | 1.18 1.16 1.25 | cpu  69328220 7327 7304469 4772893075 269166 0 110807 0 0 0
1791030496 2917, 13801, 52, 0x0000000000000000 | 1.18 1.16 1.25 | cpu  69328335 7327 7304487 4772902437 269166 0 110807 0 0 0
1791030497 2925, 13801, 50, 0x0000000000000000 | 1.18 1.16 1.25 | cpu  69328450 7327 7304502 4772911750 269166 0 110807 0 0 0
1791030498 2925, 13801, 50, 0x0000000000000000 | 1.18 1.16 1.25 | cpu  69328562 7327 7304518 4772920996 269166 0 110807 0 0 0
1791030499 2917, 13801, 53, 0x0000000000000000 | 1.18 1.16 1.25 | cpu  69328673 7327 7304542 4772930284 269166 0 110807 0 0 0
1791030500 2917, 13801, 51, 0x0000000000000000 | 1.17 1.16 1.24 | cpu  69328787 7327 7304561 4772939622 269166 0 110807 0 0 0
1791030501 2955, 13801, 50, 0x0000000000000000 | 1.17 1.16 1.24 | cpu  69328901 7327 7304583 4772948959 269166 0 110807 0 0 0
1791030503 2917, 13801, 50, 0x0000000000000000 | 1.17 1.16 1.24 | cpu  69329014 7327 7304604 4772958269 269167 0 110807 0 0 0
1791030504 2925, 13801, 50, 0x0000000000000000 | 1.17 1.16 1.24 | cpu  69329127 7327 7304620 4772967554 269168 0 110807 0 0 0
1791030505 2917, 13801, 51, 0x0000000000000000 | 1.17 1.16 1.24 | cpu  69329239 7327 7304635 4772976810 269168 0 110807 0 0 0
1791030506 2925, 13801, 52, 0x0000000000000000 | 1.15 1.16 1.24 | cpu  69329352 7327 7304653 4772986179 269168 0 110807 0 0 0
1791030507 2932, 13801, 50, 0x0000000000000000 | 1.15 1.16 1.24 | cpu  69329471 7327 7304672 4772995447 269168 0 110807 0 0 0
1791030508 2910, 13801, 51, 0x0000000000000000 | 1.15 1.16 1.24 | cpu  69329585 7327 7304691 4773004725 269168 0 110807 0 0 0
1791030509 2917, 13801, 53, 0x0000000000000000 | 1.15 1.16 1.24 | cpu  69329696 7327 7304709 4773014032 269168 0 110807 0 0 0
1791030510 2917, 13801, 52, 0x0000000000000000 | 1.22 1.17 1.25 | cpu  69329806 7327 7304724 4773023312 269168 0 110807 0 0 0
1791030511 2917, 13801, 51, 0x0000000000000000 | 1.22 1.17 1.25 | cpu  69329920 7327 7304741 4773032593 269168 0 110807 0 0 0
1791030512 2925, 13801, 51, 0x0000000000000000 | 1.22 1.17 1.25 | cpu  69330032 7327 7304760 4773041844 269168 0 110807 0 0 0
1791030513 2917, 13801, 52, 0x0000000000000000 | 1.22 1.17 1.25 | cpu  69330145 7327 7304775 4773051106 269168 0 110807 0 0 0
1791030514 2925, 13801, 51, 0x0000000000000000 | 1.22 1.17 1.25 | cpu  69330256 7327 7304792 4773060359 269168 0 110807 0 0 0
1791030515 2917, 13801, 51, 0x0000000000000000 | 1.20 1.17 1.25 | cpu  69330370 7327 7304811 4773069629 269168 0 110807 0 0 0
1791030516 2917, 13801, 52, 0x0000000000000000 | 1.20 1.17 1.25 | cpu  69330486 7327 7304827 4773078894 269168 0 110807 0 0 0
1791030517 2932, 13801, 51, 0x0000000000000000 | 1.20 1.17 1.25 | cpu  69330603 7327 7304846 4773088161 269168 0 110807 0 0 0
1791030519 2917, 13801, 51, 0x0000000000000000 | 1.20 1.17 1.25 | cpu  69330717 7327 7304861 4773097426 269170 0 110807 0 0 0
1791030520 2917, 13801, 51, 0x0000000000000000 | 1.20 1.17 1.25 | cpu  69330829 7327 7304881 4773106714 269170 0 110807 0 0 0
1791030521 2917, 13801, 54, 0x0000000000000000 | 1.19 1.16 1.24 | cpu  69330943 7327 7304897 4773116024 269170 0 110807 0 0 0
1791030522 2917, 13801, 52, 0x0000000000000000 | 1.19 1.16 1.24 | cpu  69331055 7327 7304915 4773125343 269170 0 110807 0 0 0
1791030523 2925, 13801, 51, 0x0000000000000000 | 1.19 1.16 1.24 | cpu  69331168 7327 7304930 4773134646 269170 0 110807 0 0 0
1791030524 2917, 13801, 53, 0x0000000000000000 | 1.19 1.16 1.24 | cpu  69331279 7327 7304943 4773143882 269170 0 110807 0 0 0
1791030525 2917, 13801, 51, 0x0000000000000000 | 1.25 1.18 1.25 | cpu  69331391 7327 7304959 4773153163 269170 0 110807 0 0 0
1791030526 2917, 13801, 51, 0x0000000000000000 | 1.25 1.18 1.25 | cpu  69331507 7327 7304976 4773162441 269170 0 110807 0 0 0
1791030527 2947, 13801, 52, 0x0000000000000000 | 1.25 1.18 1.25 | cpu  69331621 7327 7304995 4773171734 269170 0 110807 0 0 0
1791030528 2917, 13801, 52, 0x0000000000000000 | 1.25 1.18 1.25 | cpu  69331734 7327 7305011 4773181024 269170 0 110807 0 0 0
1791030529 2910, 13801, 51, 0x0000000000000000 | 1.25 1.18 1.25 | cpu  69331851 7327 7305030 4773190319 269171 0 110807 0 0 0
1791030530 2925, 13801, 53, 0x0000000000000000 | 1.23 1.17 1.25 | cpu  69331968 7327 7305047 4773199615 269171 0 110807 0 0 0
1791030531 2917, 13801, 50, 0x0000000000000000 | 1.23 1.17 1.25 | cpu  69332078 7327 7305070 4773208889 269171 0 110807 0 0 0
1791030532 2902, 13801, 52, 0x0000000000000000 | 1.23 1.17 1.25 | cpu  69332194 7327 7305090 4773218158 269171 0 110807 0 0 0
1791030534 2917, 13801, 53, 0x0000000000000000 | 1.23 1.17 1.25 | cpu  69332307 7327 7305109 4773227456 269172 0 110807 0 0 0
1791030535 2917, 13801, 53, 0x0000000000000000 | 1.23 1.17 1.25 | cpu  69332425 7327 7305130 4773236752 269172 0 110807 0 0 0
1791030536 2925, 13801, 51, 0x0000000000000000 | 1.21 1.17 1.25 | cpu  69332536 7327 7305145 4773246027 269172 0 110807 0 0 0
1791030537 2917, 13801, 52, 0x0000000000000000 | 1.21 1.17 1.25 | cpu  69332648 7327 7305164 4773255230 269172 0 110807 0 0 0
1791030538 2917, 13801, 53, 0x0000000000000000 | 1.21 1.17 1.25 | cpu  69332758 7327 7305179 4773264478 269172 0 110807 0 0 0
1791030539 2955, 13801, 47, 0x0000000000000000 | 1.21 1.17 1.25 | cpu  69332865 7327 7305199 4773273718 269172 0 110807 0 0 0
1791030540 2752, 13801, 46, 0x0000000000000000 | 1.21 1.17 1.25 | cpu  69332991 7327 7305232 4773282972 269173 0 110807 0 0 0
1791030541 2917, 13801, 53, 0x0000000000000000 | 1.20 1.17 1.24 | cpu  69333117 7327 7305289 4773292244 269173 0 110807 0 0 0
1791030542 2955, 13801, 48, 0x0000000000000000 | 1.20 1.17 1.24 | cpu  69333232 7327 7305312 4773301485 269173 0 110808 0 0 0
1791030543 2917, 13801, 53, 0x0000000000000000 | 1.20 1.17 1.24 | cpu  69333346 7327 7305329 4773310689 269173 0 110808 0 0 0
1791030544 2917, 13801, 52, 0x0000000000000000 | 1.20 1.17 1.24 | cpu  69333458 7327 7305344 4773320011 269173 0 110808 0 0 0
1791030545 2955, 13801, 48, 0x0000000000000000 | 1.18 1.17 1.24 | cpu  69333568 7327 7305364 4773329327 269173 0 110808 0 0 0
1791030546 2932, 13801, 51, 0x0000000000000000 | 1.18 1.17 1.24 | cpu  69333682 7327 7305381 4773338612 269173 0 110808 0 0 0
1791030547 2932, 13801, 48, 0x0000000000000000 | 1.18 1.17 1.24 | cpu  69333795 7327 7305396 4773347975 269173 0 110808 0 0 0
1791030549 2925, 13801, 51, 0x0000000000000000 | 1.18 1.17 1.24 | cpu  69333912 7327 7305413 4773357274 269174 0 110808 0 0 0
1791030550 2917, 13801, 50, 0x0000000000000000 | 1.18 1.17 1.24 | cpu  69334029 7327 7305433 4773366583 269174 0 110808 0 0 0
1791030551 2917, 13801, 53, 0x0000000000000000 | 1.16 1.16 1.24 | cpu  69334141 7327 7305452 4773375844 269174 0 110808 0 0 0
1791030552 2925, 13801, 50, 0x0000000000000000 | 1.16 1.16 1.24 | cpu  69334264 7327 7305470 4773385147 269175 0 110808 0 0 0
1791030553 2932, 13801, 51, 0x0000000000000000 | 1.16 1.16 1.24 | cpu  69334376 7327 7305488 4773394462 269175 0 110808 0 0 0
1791030554 2925, 13801, 52, 0x0000000000000000 | 1.16 1.16 1.24 | cpu  69334488 7327 7305505 4773403706 269175 0 110808 0 0 0
1791030555 2932, 13801, 51, 0x0000000000000000 | 1.16 1.16 1.24 | cpu  69334606 7327 7305522 4773413032 269175 0 110808 0 0 0
1791030556 2917, 13801, 51, 0x0000000000000000 | 1.15 1.16 1.24 | cpu  69334719 7327 7305536 4773422347 269175 0 110808 0 0 0
1791030557 2932, 13801, 52, 0x0000000000000000 | 1.15 1.16 1.24 | cpu  69334839 7327 7305556 4773431648 269175 0 110808 0 0 0
1791030558 2925, 13801, 52, 0x0000000000000000 | 1.15 1.16 1.24 | cpu  69334951 7327 7305573 4773440935 269175 0 110808 0 0 0
1791030559 2932, 13801, 51, 0x0000000000000000 | 1.15 1.16 1.24 | cpu  69335066 7327 7305588 4773450256 269176 0 110808 0 0 0
1791030560 2925, 13801, 51, 0x0000000000000000 | 1.14 1.16 1.24 | cpu  69335179 7327 7305602 4773459534 269177 0 110808 0 0 0
1791030561 2910, 13801, 53, 0x0000000000000000 | 1.14 1.16 1.24 | cpu  69335293 7327 7305621 4773468812 269177 0 110808 0 0 0
1791030562 2925, 13801, 51, 0x0000000000000000 | 1.14 1.16 1.24 | cpu  69335407 7327 7305635 4773478140 269177 0 110808 0 0 0
1791030564 2925, 13801, 51, 0x0000000000000000 | 1.14 1.16 1.24 | cpu  69335523 7327 7305651 4773487470 269177 0 110808 0 0 0
1791030565 2917, 13801, 51, 0x0000000000000000 | 1.14 1.16 1.24 | cpu  69335638 7327 7305674 4773496754 269178 0 110808 0 0 0
1791030566 2910, 13801, 52, 0x0000000000000000 | 1.13 1.15 1.24 | cpu  69335753 7327 7305692 4773506047 269179 0 110808 0 0 0
1791030567 2925, 13801, 52, 0x0000000000000000 | 1.13 1.15 1.24 | cpu  69335866 7327 7305713 4773515363 269179 0 110808 0 0 0
1791030568 2917, 13801, 52, 0x0000000000000000 | 1.13 1.15 1.24 | cpu  69335981 7327 7305730 4773524638 269179 0 110808 0 0 0
1791030569 2895, 13801, 54, 0x0000000000000000 | 1.13 1.15 1.24 | cpu  69336095 7327 7305746 4773533927 269179 0 110808 0 0 0
1791030570 2917, 13801, 51, 0x0000000000000000 | 1.13 1.15 1.24 | cpu  69336207 7327 7305763 4773543220 269180 0 110808 0 0 0
1791030571 2917, 13801, 52, 0x0000000000000000 | 1.12 1.15 1.24 | cpu  69336323 7327 7305778 4773552504 269180 0 110808 0 0 0
1791030572 2910, 13801, 53, 0x0000000000000000 | 1.12 1.15 1.24 | cpu  69336438 7327 7305796 4773561819 269180 0 110808 0 0 0
1791030573 2910, 13801, 53, 0x0000000000000000 | 1.12 1.15 1.24 | cpu  69336556 7327 7305814 4773571159 269180 0 110808 0 0 0
1791030574 2925, 13801, 51, 0x0000000000000000 | 1.12 1.15 1.24 | cpu  69336675 7327 7305834 4773580426 269181 0 110808 0 0 0
1791030575 2932, 13801, 50, 0x0000000000000000 | 1.11 1.15 1.23 | cpu  69336785 7327 7305849 4773589683 269181 0 110808 0 0 0
1791030576 2917, 13801, 53, 0x0000000000000000 | 1.11 1.15 1.23 | cpu  69336901 7327 7305868 4773598941 269181 0 110808 0 0 0
1791030577 2925, 13801, 51, 0x0000000000000000 | 1.11 1.15 1.23 | cpu  69337015 7327 7305884 4773608245 269181 0 110808 0 0 0
1791030579 2925, 13801, 51, 0x0000000000000000 | 1.11 1.15 1.23 | cpu  69337125 7327 7305897 4773617523 269181 0 110808 0 0 0
1791030580 2925, 13801, 51, 0x0000000000000000 | 1.11 1.15 1.23 | cpu  69337237 7327 7305911 4773626789 269182 0 110808 0 0 0
1791030581 2895, 13801, 53, 0x0000000000000000 | 1.10 1.15 1.23 | cpu  69337353 7327 7305928 4773636071 269182 0 110808 0 0 0
1791030582 2917, 13801, 52, 0x0000000000000000 | 1.10 1.15 1.23 | cpu  69337465 7327 7305946 4773645355 269182 0 110808 0 0 0
1791030583 2955, 13801, 48, 0x0000000000000000 | 1.10 1.15 1.23 | cpu  69337579 7327 7305964 4773654643 269182 0 110808 0 0 0
1791030584 2917, 13801, 52, 0x0000000000000000 | 1.10 1.15 1.23 | cpu  69337690 7327 7305978 4773663925 269182 0 110808 0 0 0
1791030585 2932, 13801, 51, 0x0000000000000000 | 1.10 1.15 1.23 | cpu  69337806 7327 7305994 4773673200 269183 0 110808 0 0 0
1791030586 2917, 13801, 53, 0x0000000000000000 | 1.09 1.14 1.23 | cpu  69337924 7327 7306016 4773682486 269183 0 110808 0 0 0
1791030587 2910, 13801, 53, 0x0000000000000000 | 1.09 1.14 1.23 | cpu  69338038 7327 7306033 4773691789 269183 0 110808 0 0 0
1791030588 2925, 13801, 52, 0x0000000000000000 | 1.09 1.14 1.23 | cpu  69338149 7327 7306048 4773701016 269183 0 110808 0 0 0
1791030589 2902, 13801, 53, 0x0000000000000000 | 1.09 1.14 1.23 | cpu  69338263 7327 7306065 4773710280 269184 0 110808 0 0 0
1791030590 2910, 13801, 53, 0x0000000000000000 | 1.08 1.14 1.23 | cpu  69338375 7327 7306081 4773719601 269184 0 110808 0 0 0
1791030591 2925, 13801, 51, 0x0000000000000000 | 1.08 1.14 1.23 | cpu  69338487 7327 7306100 4773728896 269184 0 110808 0 0 0
1791030592 2917, 13801, 52, 0x0000000000000000 | 1.08 1.14 1.23 | cpu  69338600 7327 7306117 4773738176 269184 0 110808 0 0 0
1791030594 2902, 13801, 54, 0x0000000000000000 | 1.08 1.14 1.23 | cpu  69338715 7327 7306133 4773747500 269184 0 110808 0 0 0
1791030595 2917, 13801, 52, 0x0000000000000000 | 1.08 1.14 1.23 | cpu  69338827 7327 7306148 4773756773 269185 0 110808 0 0 0
1791030596 2932, 13801, 52, 0x0000000000000000 | 1.08 1.14 1.23 | cpu  69338938 7327 7306167 4773766050 269186 0 110808 0 0 0
1791030597 2917, 13801, 52, 0x0000000000000000 | 1.08 1.14 1.23 | cpu  69339052 7327 7306195 4773775331 269186 0 110808 0 0 0
1791030598 2910, 13801, 54, 0x0000000000000000 | 1.08 1.14 1.23 | cpu  69339166 7327 7306212 4773784589 269186 0 110808 0 0 0
1791030599 2917, 13801, 53, 0x0000000000000000 | 1.08 1.14 1.23 | cpu  69339278 7327 7306232 4773793883 269186 0 110808 0 0 0
1791030600 2917, 13801, 52, 0x0000000000000000 | 1.08 1.14 1.23 | cpu  69339390 7327 7306249 4773803147 269187 0 110808 0 0 0
1791030601 2925, 13801, 52, 0x0000000000000000 | 1.15 1.15 1.23 | cpu  69339530 7327 7306291 4773812410 269187 0 110808 0 0 0
1791030602 2917, 13801, 53, 0x0000000000000000 | 1.15 1.15 1.23 | cpu  69339689 7327 7306329 4773821599 269187 0 110808 0 0 0
1791030603 2917, 13801, 52, 0x0000000000000000 | 1.15 1.15 1.23 | cpu  69339822 7327 7306392 4773830867 269187 0 110808 0 0 0
1791030604 2925, 13801, 53, 0x0000000000000000 | 1.15 1.15 1.23 | cpu  69339936 7327 7306409 4773840158 269187 0 110808 0 0 0
1791030605 2910, 13801, 52, 0x0000000000000000 | 1.14 1.15 1.23 | cpu  69340049 7327 7306425 4773849450 269188 0 110808 0 0 0
1791030606 2917, 13801, 53, 0x0000000000000000 | 1.14 1.15 1.23 | cpu  69340162 7327 7306443 4773858707 269188 0 110808 0 0 0
1791030607 2910, 13801, 52, 0x0000000000000000 | 1.14 1.15 1.23 | cpu  69340277 7327 7306463 4773867956 269188 0 110808 0 0 0
1791030608 2910, 13801, 53, 0x0000000000000000 | 1.14 1.15 1.23 | cpu  69340396 7327 7306485 4773877215 269188 0 110808 0 0 0
1791030610 2917, 13801, 52, 0x0000000000000000 | 1.14 1.15 1.23 | cpu  69340511 7327 7306503 4773886518 269188 0 110808 0 0 0
1791030611 2925, 13801, 52, 0x0000000000000000 | 1.13 1.15 1.23 | cpu  69340623 7327 7306518 4773895839 269188 0 110808 0 0 0
1791030612 2917, 13801, 53, 0x0000000000000000 | 1.13 1.15 1.23 | cpu  69340735 7327 7306534 4773905095 269188 0 110808 0 0 0
1791030613 2917, 13801, 53, 0x0000000000000000 | 1.13 1.15 1.23 | cpu  69340850 7327 7306553 4773914413 269188 0 110808 0 0 0
1791030614 2917, 13801, 53, 0x0000000000000000 | 1.13 1.15 1.23 | cpu  69340964 7327 7306569 4773923708 269189 0 110808 0 0 0
1791030615 2910, 13801, 52, 0x0000000000000000 | 1.13 1.15 1.23 | cpu  69341077 7327 7306585 4773932993 269189 0 110808 0 0 0
1791030616 2917, 13801, 53, 0x0000000000000000 | 1.12 1.14 1.23 | cpu  69341199 7327 7306608 4773942280 269189 0 110808 0 0 0
1791030617 2895, 13801, 51, 0x0000000000000000 | 1.12 1.14 1.23 | cpu  69341327 7327 7306630 4773951572 269190 0 110808 0 0 0
1791030618 2917, 13801, 53, 0x0000000000000000 | 1.12 1.14 1.23 | cpu  69341452 7327 7306658 4773960835 269190 0 110808 0 0 0
1791030619 2887, 13801, 54, 0x0000000000000000 | 1.12 1.14 1.23 | cpu  69341569 7327 7306676 4773970064 269190 0 110808 0 0 0
1791030620 2902, 13801, 54, 0x0000000000000000 | 1.11 1.14 1.23 | cpu  69341686 7327 7306697 4773979290 269190 0 110808 0 0 0
1791030621 2932, 13801, 52, 0x0000000000000000 | 1.11 1.14 1.23 | cpu  69341796 7327 7306717 4773988584 269190 0 110808 0 0 0
1791030622 2910, 13801, 53, 0x0000000000000000 | 1.11 1.14 1.23 | cpu  69341909 7327 7306733 4773997867 269190 0 110808 0 0 0
1791030623 2925, 13801, 52, 0x0000000000000000 | 1.11 1.14 1.23 | cpu  69342022 7327 7306750 4774007174 269191 0 110808 0 0 0
1791030625 2917, 13801, 53, 0x0000000000000000 | 1.11 1.14 1.23 | cpu  69342134 7327 7306765 4774016447 269191 0 110808 0 0 0
1791030626 2917, 13801, 53, 0x0000000000000000 | 1.10 1.14 1.22 | cpu  69342245 7327 7306782 4774025735 269191 0 110808 0 0 0
1791030627 2925, 13801, 51, 0x0000000000000000 | 1.10 1.14 1.22 | cpu  69342358 7327 7306798 4774035010 269193 0 110808 0 0 0
1791030628 2895, 13801, 54, 0x0000000000000000 | 1.10 1.14 1.22 | cpu  69342470 7327 7306817 4774044273 269193 0 110808 0 0 0
1791030629 2917, 13801, 52, 0x0000000000000000 | 1.10 1.14 1.22 | cpu  69342588 7327 7306844 4774053611 269194 0 110808 0 0 0
1791030630 2895, 13801, 54, 0x0000000000000000 | 1.10 1.14 1.22 | cpu  69342702 7327 7306860 4774062950 269194 0 110808 0 0 0
1791030631 2895, 13801, 53, 0x0000000000000000 | 1.09 1.14 1.22 | cpu  69342835 7327 7306923 4774072170 269194 0 110808 0 0 0
1791030632 2902, 13801, 54, 0x0000000000000000 | 1.09 1.14 1.22 | cpu  69342955 7327 7306946 4774081436 269194 0 110808 0 0 0
1791030633 2902, 13801, 50, 0x0000000000000000 | 1.09 1.14 1.22 | cpu  69343066 7327 7306960 4774090694 269194 0 110808 0 0 0
1791030634 2925, 13801, 52, 0x0000000000000000 | 1.09 1.14 1.22 | cpu  69343177 7327 7306979 4774099974 269194 0 110808 0 0 0
1791030635 2902, 13801, 52, 0x0000000000000000 | 1.16 1.15 1.23 | cpu  69343292 7327 7306996 4774109244 269194 0 110808 0 0 0
1791030636 2925, 13801, 53, 0x0000000000000000 | 1.16 1.15 1.23 | cpu  69343401 7327 7307010 4774118471 269195 0 110808 0 0 0
1791030637 2917, 13801, 53, 0x0000000000000000 | 1.16 1.15 1.23 | cpu  69343515 7327 7307030 4774127751 269195 0 110808 0 0 0
1791030638 2925, 13801, 52, 0x0000000000000000 | 1.16 1.15 1.23 | cpu  69343630 7327 7307048 4774137048 269195 0 110808 0 0 0
1791030640 2902, 13801, 53, 0x0000000000000000 | 1.16 1.15 1.23 | cpu  69343742 7327 7307066 4774146310 269196 0 110808 0 0 0
1791030641 2895, 13801, 52, 0x0000000000000000 | 1.23 1.17 1.23 | cpu  69343854 7327 7307082 4774155634 269196 0 110808 0 0 0
1791030642 2902, 13801, 54, 0x0000000000000000 | 1.23 1.17 1.23 | cpu  69343966 7327 7307102 4774164943 269196 0 110808 0 0 0
1791030643 2917, 13801, 52, 0x0000000000000000 | 1.23 1.17 1.23 | cpu  69344082 7327 7307123 4774174244 269196 0 110808 0 0 0
1791030644 2902, 13801, 53, 0x0000000000000000 | 1.23 1.17 1.23 | cpu  69344198 7327 7307137 4774183543 269196 0 110808 0 0 0
1791030645 2895, 13801, 53, 0x0000000000000000 | 1.23 1.17 1.23 | cpu  69344317 7327 7307156 4774192853 269196 0 110808 0 0 0
1791030646 2910, 13801, 53, 0x0000000000000000 | 1.21 1.16 1.23 | cpu  69344430 7327 7307173 4774202171 269196 0 110808 0 0 0
1791030647 2910, 13801, 53, 0x0000000000000000 | 1.21 1.16 1.23 | cpu  69344563 7327 7307235 4774211389 269196 0 110808 0 0 0
1791030648 2925, 13801, 53, 0x0000000000000000 | 1.21 1.16 1.23 | cpu  69344679 7327 7307254 4774220680 269196 0 110808 0 0 0
1791030649 2902, 13801, 54, 0x0000000000000000 | 1.21 1.16 1.23 | cpu  69344792 7327 7307271 4774229964 269196 0 110808 0 0 0
1791030650 2947, 13801, 49, 0x0000000000000000 | 1.20 1.16 1.23 | cpu  69344903 7327 7307284 4774239267 269197 0 110808 0 0 0
1791030651 2917, 13801, 54, 0x0000000000000000 | 1.20 1.16 1.23 | cpu  69345012 7327 7307298 4774248516 269197 0 110808 0 0 0
1791030652 2910, 13801, 53, 0x0000000000000000 | 1.20 1.16 1.23 | cpu  69345129 7327 7307314 4774257797 269197 0 110808 0 0 0
1791030653 2887, 13801, 54, 0x0000000000000000 | 1.20 1.16 1.23 | cpu  69345242 7327 7307334 4774267113 269197 0 110808 0 0 0
1791030655 2902, 13801, 54, 0x0000000000000000 | 1.20 1.16 1.23 | cpu  69345358 7327 7307352 4774276411 269197 0 110808 0 0 0
1791030656 2895, 13801, 55, 0x0000000000000000 | 1.18 1.16 1.23 | cpu  69345471 7327 7307371 4774285725 269198 0 110808 0 0 0
1791030657 2902, 13801, 53, 0x0000000000000000 | 1.18 1.16 1.23 | cpu  69345584 7327 7307388 4774295012 269198 0 110808 0 0 0
1791030658 2925, 13801, 53, 0x0000000000000000 | 1.18 1.16 1.23 | cpu  69345703 7327 7307408 4774304318 269199 0 110808 0 0 0
1791030659 2902, 13801, 52, 0x0000000000000000 | 1.18 1.16 1.23 | cpu  69345816 7327 7307423 4774313660 269199 0 110808 0 0 0
1791030660 2910, 13801, 55, 0x0000000000000000 | 1.18 1.16 1.23 | cpu  69345930 7327 7307438 4774322963 269199 0 110808 0 0 0
1791030661 2902, 13801, 53, 0x0000000000000000 | 1.16 1.15 1.23 | cpu  69346048 7327 7307469 4774332250 269200 0 110808 0 0 0
1791030662 2902, 13801, 53, 0x0000000000000000 | 1.16 1.15 1.23 | cpu  69346167 7327 7307487 4774341535 269200 0 110808 0 0 0
1791030663 2925, 13801, 53, 0x0000000000000000 | 1.16 1.15 1.23 | cpu  69346279 7327 7307507 4774350833 269200 0 110808 0 0 0
1791030664 2895, 13801, 53, 0x0000000000000000 | 1.16 1.15 1.23 | cpu  69346408 7327 7307529 4774360130 269200 0 110808 0 0 0
1791030665 2902, 13801, 53, 0x0000000000000000 | 1.15 1.15 1.22 | cpu  69346531 7327 7307590 4774369395 269201 0 110808 0 0 0
1791030666 2925, 13801, 53, 0x0000000000000000 | 1.15 1.15 1.22 | cpu  69346648 7327 7307607 4774378691 269201 0 110808 0 0 0
1791030667 2910, 13801, 54, 0x0000000000000000 | 1.15 1.15 1.22 | cpu  69346764 7327 7307626 4774387978 269201 0 110808 0 0 0
1791030668 2917, 13801, 53, 0x0000000000000000 | 1.15 1.15 1.22 | cpu  69346880 7327 7307643 4774397287 269202 0 110808 0 0 0
1791030670 2925, 13801, 53, 0x0000000000000000 | 1.15 1.15 1.22 | cpu  69346991 7327 7307658 4774406592 269202 0 110808 0 0 0
1791030671 2902, 13801, 54, 0x0000000000000000 | 1.14 1.15 1.22 | cpu  69347103 7327 7307676 4774415877 269202 0 110808 0 0 0
1791030672 2910, 13801, 54, 0x0000000000000000 | 1.14 1.15 1.22 | cpu  69347220 7327 7307693 4774425268 269202 0 110808 0 0 0
1791030673 2910, 13801, 53, 0x0000000000000000 | 1.14 1.15 1.22 | cpu  69347333 7327 7307710 4774434553 269202 0 110808 0 0 0
1791030674 2902, 13801, 53, 0x0000000000000000 | 1.14 1.15 1.22 | cpu  69347445 7327 7307726 4774443841 269202 0 110808 0 0 0
1791030675 2917, 13801, 53, 0x0000000000000000 | 1.14 1.15 1.22 | cpu  69347556 7327 7307743 4774453116 269202 0 110808 0 0 0
1791030676 2925, 13801, 52, 0x0000000000000000 | 1.13 1.15 1.22 | cpu  69347666 7327 7307757 4774462375 269202 0 110808 0 0 0
1791030677 2902, 13801, 54, 0x0000000000000000 | 1.13 1.15 1.22 | cpu  69347788 7327 7307777 4774471690 269202 0 110808 0 0 0
1791030678 2925, 13801, 52, 0x0000000000000000 | 1.13 1.15 1.22 | cpu  69347902 7327 7307796 4774480966 269203 0 110808 0 0 0
1791030679 2955, 13801, 49, 0x0000000000000000 | 1.13 1.15 1.22 | cpu  69348010 7327 7307815 4774490180 269203 0 110808 0 0 0
1791030680 2925, 13801, 52, 0x0000000000000000 | 1.20 1.16 1.23 | cpu  69348124 7327 7307833 4774499455 269203 0 110808 0 0 0
1791030681 2910, 13801, 54, 0x0000000000000000 | 1.20 1.16 1.23 | cpu  69348233 7327 7307851 4774508720 269203 0 110808 0 0 0
1791030682 2917, 13801, 54, 0x0000000000000000 | 1.20 1.16 1.23 | cpu  69348352 7327 7307872 4774518050 269203 0 110808 0 0 0
1791030683 2925, 13801, 52, 0x0000000000000000 | 1.20 1.16 1.23 | cpu  69348463 7327 7307887 4774527364 269204 0 110808 0 0 0
1791030685 2955, 13801, 49, 0x0000000000000000 | 1.20 1.16 1.23 | cpu  69348572 7327 7307903 4774536671 269204 0 110808 0 0 0
1791030686 2917, 13801, 53, 0x0000000000000000 | 1.18 1.16 1.22 | cpu  69348684 7327 7307919 4774545949 269204 0 110808 0 0 0
1791030687 2925, 13801, 53, 0x0000000000000000 | 1.18 1.16 1.22 | cpu  69348797 7327 7307934 4774555221 269204 0 110808 0 0 0
1791030688 2925, 13801, 53, 0x0000000000000000 | 1.18 1.16 1.22 | cpu  69348909 7327 7307952 4774564487 269204 0 110808 0 0 0
1791030689 2917, 13801, 53, 0x0000000000000000 | 1.18 1.16 1.22 | cpu  69349025 7327 7307971 4774573786 269206 0 110808 0 0 0
1791030690 2917, 13801, 54, 0x0000000000000000 | 1.18 1.16 1.22 | cpu  69349139 7327 7307987 4774583028 269206 0 110808 0 0 0
1791030691 2917, 13801, 52, 0x0000000000000000 | 1.17 1.15 1.22 | cpu  69349252 7327 7308002 4774592326 269206 0 110808 0 0 0
1791030692 2902, 13801, 54, 0x0000000000000000 | 1.17 1.15 1.22 | cpu  69349365 7327 7308021 4774601613 269206 0 110808 0 0 0
1791030693 2917, 13801, 53, 0x0000000000000000 | 1.17 1.15 1.22 | cpu  69349476 7327 7308046 4774610917 269206 0 110808 0 0 0
1791030694 2895, 13801, 53, 0x0000000000000000 | 1.17 1.15 1.22 | cpu  69349590 7327 7308062 4774620269 269207 0 110808 0 0 0
1791030695 2910, 13801, 54, 0x0000000000000000 | 1.15 1.15 1.22 | cpu  69349717 7327 7308094 4774629542 269207 0 110808 0 0 0
1791030696 2917, 13801, 52, 0x0000000000000000 | 1.15 1.15 1.22 | cpu  69349829 7327 7308112 4774638829 269207 0 110808 0 0 0
1791030697 2910, 13801, 52, 0x0000000000000000 | 1.15 1.15 1.22 | cpu  69349945 7327 7308129 4774648152 269207 0 110808 0 0 0
1791030698 2925, 13801, 54, 0x0000000000000000 | 1.15 1.15 1.22 | cpu  69350057 7327 7308145 4774657451 269207 0 110808 0 0 0
1791030700 2932, 13801, 52, 0x0000000000000000 | 1.15 1.15 1.22 | cpu  69350174 7327 7308164 4774666753 269207 0 110808 0 0 0
1791030701 2917, 13801, 52, 0x0000000000000000 | 1.14 1.15 1.22 | cpu  69350284 7327 7308181 4774676021 269207 0 110808 0 0 0
1791030702 2925, 13801, 52, 0x0000000000000000 | 1.14 1.15 1.22 | cpu  69350394 7327 7308197 4774685321 269207 0 110808 0 0 0
1791030703 2925, 13801, 52, 0x0000000000000000 | 1.14 1.15 1.22 | cpu  69350507 7327 7308217 4774694626 269207 0 110808 0 0 0
1791030704 2932, 13801, 51, 0x0000000000000000 | 1.14 1.15 1.22 | cpu  69350618 7327 7308237 4774704015 269208 0 110808 0 0 0
1791030705 2902, 13801, 52, 0x0000000000000000 | 1.14 1.15 1.22 | cpu  69350728 7327 7308254 4774713315 269208 0 110808 0 0 0
1791030706 2917, 13801, 53, 0x0000000000000000 | 1.13 1.15 1.22 | cpu  69350845 7327 7308276 4774722627 269208 0 110808 0 0 0
1791030707 2925, 13801, 51, 0x0000000000000000 | 1.13 1.15 1.22 | cpu  69350965 7327 7308296 4774731943 269208 0 110808 0 0 0
1791030708 2932, 13801, 52, 0x0000000000000000 | 1.13 1.15 1.22 | cpu  69351077 7327 7308310 4774741227 269208 0 110808 0 0 0
1791030709 2910, 13801, 52, 0x0000000000000000 | 1.13 1.15 1.22 | cpu  69351191 7327 7308330 4774750530 269208 0 110808 0 0 0
1791030710 2925, 13801, 53, 0x0000000000000000 | 1.12 1.14 1.22 | cpu  69351303 7327 7308347 4774759859 269208 0 110808 0 0 0
1791030711 2925, 13801, 52, 0x0000000000000000 | 1.12 1.14 1.22 | cpu  69351420 7327 7308368 4774769198 269208 0 110808 0 0 0
1791030712 2910, 13801, 52, 0x0000000000000000 | 1.12 1.14 1.22 | cpu  69351534 7327 7308386 4774778496 269208 0 110808 0 0 0
1791030714 2932, 13801, 49, 0x0000000000000000 | 1.12 1.14 1.22 | cpu  69351645 7327 7308403 4774787802 269208 0 110808 0 0 0
1791030715 2910, 13801, 52, 0x0000000000000000 | 1.12 1.14 1.22 | cpu  69351757 7327 7308419 4774797094 269210 0 110808 0 0 0
1791030716 2917, 13801, 51, 0x0000000000000000 | 1.19 1.16 1.22 | cpu  69351869 7327 7308433 4774806350 269210 0 110808 0 0 0
1791030717 2940, 13801, 48, 0x0000000000000000 | 1.19 1.16 1.22 | cpu  69351982 7327 7308455 4774815584 269210 0 110808 0 0 0
1791030718 2752, 13801, 47, 0x0000000000000000 | 1.19 1.16 1.22 | cpu  69352092 7327 7308475 4774824853 269210 0 110808 0 0 0
1791030719 2415, 13801, 46, 0x0000000000000000 | 1.19 1.16 1.22 | cpu  69352199 7327 7308493 4774834129 269211 0 110808 0 0 0
1791030720 2415, 13801, 46, 0x0000000000000000 | 1.19 1.16 1.22 | cpu  69352308 7327 7308508 4774843400 269211 0 110808 0 0 0
1791030721 2422, 13801, 46, 0x0000000000000000 | 1.25 1.17 1.23 | cpu  69352420 7327 7308525 4774852696 269211 0 110808 0 0 0
1791030722 2925, 13801, 49, 0x0000000000000000 | 1.25 1.17 1.23 | cpu  69352537 7327 7308543 4774862043 269211 0 110808 0 0 0
1791030723 2932, 13801, 50, 0x0000000000000000 | 1.25 1.17 1.23 | cpu  69352652 7327 7308564 4774871322 269211 0 110808 0 0 0
1791030724 2925, 13801, 51, 0x0000000000000000 | 1.25 1.17 1.23 | cpu  69352766 7327 7308580 4774880658 269211 0 110808 0 0 0
1791030725 2925, 13801, 52, 0x0000000000000000 | 1.23 1.17 1.22 | cpu  69352887 7327 7308603 4774889976 269212 0 110808 0 0 0
1791030726 2925, 13801, 51, 0x0000000000000000 | 1.23 1.17 1.22 | cpu  69353010 7327 7308639 4774899261 269212 0 110808 0 0 0
1791030727 2925, 13801, 50, 0x0000000000000000 | 1.23 1.17 1.22 | cpu  69353131 7327 7308689 4774908569 269212 0 110808 0 0 0
1791030729 2925, 13801, 50, 0x0000000000000000 | 1.23 1.17 1.22 | cpu  69353246 7327 7308706 4774917844 269213 0 110808 0 0 0
1791030730 2917, 13801, 52, 0x0000000000000000 | 1.23 1.17 1.22 | cpu  69353358 7327 7308723 4774927179 269213 0 110808 0 0 0
1791030731 2910, 13801, 51, 0x0000000000000000 | 1.21 1.17 1.22 | cpu  69353471 7327 7308737 4774936456 269213 0 110808 0 0 0
1791030732 2925, 13801, 52, 0x0000000000000000 | 1.21 1.17 1.22 | cpu  69353584 7327 7308755 4774945684 269213 0 110808 0 0 0
1791030733 2917, 13801, 51, 0x0000000000000000 | 1.21 1.17 1.22 | cpu  69353704 7327 7308776 4774954981 269213 0 110808 0 0 0
1791030734 2910, 13801, 51, 0x0000000000000000 | 1.21 1.17 1.22 | cpu  69353823 7327 7308794 4774964266 269213 0 110808 0 0 0
1791030735 2925, 13801, 52, 0x0000000000000000 | 1.21 1.17 1.22 | cpu  69353937 7327 7308810 4774973500 269214 0 110808 0 0 0
1791030736 2932, 13801, 50, 0x0000000000000000 | 1.20 1.16 1.22 | cpu  69354049 7327 7308825 4774982821 269214 0 110808 0 0 0
1791030737 2925, 13801, 51, 0x0000000000000000 | 1.20 1.16 1.22 | cpu  69354165 7327 7308844 4774992113 269214 0 110808 0 0 0
1791030738 2887, 13801, 52, 0x0000000000000000 | 1.20 1.16 1.22 | cpu  69354279 7327 7308862 4775001345 269215 0 110808 0 0 0
1791030739 2917, 13801, 51, 0x0000000000000000 | 1.20 1.16 1.22 | cpu  69354391 7327 7308880 4775010618 269215 0 110808 0 0 0
1791030740 2932, 13801, 51, 0x0000000000000000 | 1.18 1.16 1.22 | cpu  69354504 7327 7308894 4775019912 269215 0 110808 0 0 0
1791030741 2887, 13801, 52, 0x0000000000000000 | 1.18 1.16 1.22 | cpu  69354617 7327 7308910 4775029219 269215 0 110808 0 0 0
1791030742 2917, 13801, 52, 0x0000000000000000 | 1.18 1.16 1.22 | cpu  69354737 7327 7308930 4775038499 269215 0 110808 0 0 0
1791030744 2925, 13801, 51, 0x0000000000000000 | 1.18 1.16 1.22 | cpu  69354853 7327 7308947 4775047856 269216 0 110808 0 0 0
1791030745 2925, 13801, 51, 0x0000000000000000 | 1.18 1.16 1.22 | cpu  69354966 7327 7308964 4775057177 269216 0 110808 0 0 0
1791030746 2902, 13801, 51, 0x0000000000000000 | 1.17 1.16 1.22 | cpu  69355080 7327 7308982 4775066471 269216 0 110808 0 0 0
1791030747 2925, 13801, 51, 0x0000000000000000 | 1.17 1.16 1.22 | cpu  69355192 7327 7308998 4775075774 269216 0 110808 0 0 0
1791030748 2925, 13801, 52, 0x0000000000000000 | 1.17 1.16 1.22 | cpu  69355306 7327 7309015 4775085064 269217 0 110808 0 0 0
1791030749 2925, 13801, 51, 0x0000000000000000 | 1.17 1.16 1.22 | cpu  69355420 7327 7309030 4775094357 269217 0 110808 0 0 0
1791030750 2932, 13801, 52, 0x0000000000000000 | 1.17 1.16 1.22 | cpu  69355537 7327 7309051 4775103650 269217 0 110809 0 0 0
1791030751 2925, 13801, 51, 0x0000000000000000 | 1.15 1.15 1.22 | cpu  69355654 7327 7309069 4775112964 269218 0 110809 0 0 0
1791030752 2925, 13801, 51, 0x0000000000000000 | 1.15 1.15 1.22 | cpu  69355766 7327 7309084 4775122268 269218 0 110809 0 0 0
1791030753 2910, 13801, 51, 0x0000000000000000 | 1.15 1.15 1.22 | cpu  69355881 7327 7309103 4775131582 269219 0 110809 0 0 0
1791030754 2925, 13801, 53, 0x0000000000000000 | 1.15 1.15 1.22 | cpu  69355996 7327 7309120 4775140902 269219 0 110809 0 0 0
1791030755 2917, 13801, 52, 0x0000000000000000 | 1.14 1.15 1.22 | cpu  69356108 7327 7309135 4775150201 269220 0 110809 0 0 0
1791030756 2902, 13801, 51, 0x0000000000000000 | 1.14 1.15 1.22 | cpu  69356226 7327 7309154 4775159483 269220 0 110809 0 0 0
1791030757 2925, 13801, 51, 0x0000000000000000 | 1.14 1.15 1.22 | cpu  69356348 7327 7309188 4775168788 269220 0 110809 0 0 0
1791030759 2932, 13801, 51, 0x0000000000000000 | 1.14 1.15 1.22 | cpu  69356482 7327 7309251 4775178011 269220 0 110809 0 0 0
1791030760 2925, 13801, 52, 0x0000000000000000 | 1.14 1.15 1.22 | cpu  69356597 7327 7309267 4775187296 269220 0 110809 0 0 0
1791030761 2895, 13801, 51, 0x0000000000000000 | 1.13 1.15 1.21 | cpu  69356708 7327 7309288 4775196579 269220 0 110809 0 0 0
1791030762 2925, 13801, 52, 0x0000000000000000 | 1.13 1.15 1.21 | cpu  69356824 7327 7309307 4775205892 269220 0 110809 0 0 0
1791030763 2940, 13801, 51, 0x0000000000000000 | 1.13 1.15 1.21 | cpu  69356936 7327 7309321 4775215183 269220 0 110809 0 0 0
1791030764 2925, 13801, 51, 0x0000000000000000 | 1.13 1.15 1.21 | cpu  69357047 7327 7309335 4775224483 269221 0 110809 0 0 0
1791030765 2917, 13801, 51, 0x0000000000000000 | 1.13 1.15 1.21 | cpu  69357159 7327 7309351 4775233821 269221 0 110809 0 0 0
1791030766 2917, 13801, 51, 0x0000000000000000 | 1.12 1.15 1.21 | cpu  69357271 7327 7309367 4775243116 269221 0 110809 0 0 0
1791030767 2902, 13801, 51, 0x0000000000000000 | 1.12 1.15 1.21 | cpu  69357384 7327 7309385 4775252376 269221 0 110809 0 0 0
1791030768 2932, 13801, 52, 0x0000000000000000 | 1.12 1.15 1.21 | cpu  69357502 7327 7309402 4775261621 269221 0 110809 0 0 0
1791030769 2542, 13801, 47, 0x0000000000000000 | 1.12 1.15 1.21 | cpu  69357612 7327 7309420 4775270875 269222 0 110809 0 0 0
1791030770 2437, 13801, 46, 0x0000000000000000 | 1.11 1.14 1.21 | cpu  69357723 7327 7309435 4775280161 269222 0 110809 0 0 0
1791030771 2415, 13801, 46, 0x0000000000000000 | 1.11 1.14 1.21 | cpu  69357832 7327 7309452 4775289393 269222 0 110809 0 0 0
1791030772 2415, 13801, 46, 0x0000000000000000 | 1.11 1.14 1.21 | cpu  69357956 7327 7309484 4775298638 269222 0 110809 0 0 0
1791030774 2550, 13801, 47, 0x0000000000000000 | 1.11 1.14 1.21 | cpu  69358065 7327 7309503 4775307918 269222 0 110809 0 0 0
1791030775 2415, 13801, 45, 0x0000000000000000 | 1.11 1.14 1.21 | cpu  69358194 7327 7309564 4775317155 269223 0 110809 0 0 0
1791030776 2550, 13801, 50, 0x0000000000000000 | 1.10 1.14 1.21 | cpu  69358303 7327 7309582 4775326442 269223 0 110809 0 0 0
1791030777 2917, 13801, 50, 0x0000000000000000 | 1.10 1.14 1.21 | cpu  69358420 7327 7309598 4775335690 269223 0 110809 0 0 0
1791030778 2932, 13801, 50, 0x0000000000000000 | 1.10 1.14 1.21 | cpu  69358532 7327 7309618 4775344998 269223 0 110809 0 0 0
1791030779 2955, 13801, 46, 0x0000000000000000 | 1.10 1.14 1.21 | cpu  69358643 7327 7309636 4775354318 269223 0 110809 0 0 0
1791030780 2760, 13801, 45, 0x0000000000000000 | 1.10 1.14 1.21 | cpu  69358757 7327 7309656 4775363592 269223 0 110809 0 0 0
1791030781 2415, 13801, 45, 0x0000000000000000 | 1.09 1.14 1.21 | cpu  69358868 7327 7309674 4775372863 269223 0 110809 0 0 0
1791030782 2415, 13801, 45, 0x0000000000000000 | 1.09 1.14 1.21 | cpu  69358983 7327 7309693 4775382097 269224 0 110809 0 0 0
1791030783 2415, 13801, 45, 0x0000000000000000 | 1.09 1.14 1.21 | cpu  69359093 7327 7309710 4775391349 269224 0 110809 0 0 0
1791030784 2895, 13801, 51, 0x0000000000000000 | 1.09 1.14 1.21 | cpu  69359205 7327 7309726 4775400577 269225 0 110809 0 0 0
1791030785 2917, 13801, 51, 0x0000000000000000 | 1.08 1.14 1.21 | cpu  69359321 7327 7309742 4775409904 269225 0 110809 0 0 0
1791030786 2925, 13801, 49, 0x0000000000000000 | 1.08 1.14 1.21 | cpu  69359434 7327 7309756 4775419154 269225 0 110809 0 0 0
1791030787 2910, 13801, 51, 0x0000000000000000 | 1.08 1.14 1.21 | cpu  69359557 7327 7309778 4775428430 269225 0 110809 0 0 0
1791030788 2925, 13801, 50, 0x0000000000000000 | 1.08 1.14 1.21 | cpu  69359698 7327 7309844 4775437703 269226 0 110809 0 0 0
1791030790 2932, 13801, 50, 0x0000000000000000 | 1.08 1.14 1.21 | cpu  69359835 7327 7309880 4775447039 269226 0 110809 0 0 0
1791030791 2925, 13801, 50, 0x0000000000000000 | 1.24 1.17 1.22 | cpu  69359979 7327 7309941 4775456295 269227 0 110809 0 0 0
1791030792 2902, 13801, 52, 0x0000000000000000 | 1.24 1.17 1.22 | cpu  69360093 7327 7309959 4775465596 269227 0 110809 0 0 0
1791030793 2917, 13801, 51, 0x0000000000000000 | 1.24 1.17 1.22 | cpu  69360214 7327 7309984 4775474864 269227 0 110809 0 0 0
1791030794 2917, 13801, 50, 0x0000000000000000 | 1.24 1.17 1.22 | cpu  69360331 7327 7309998 4775484186 269227 0 110809 0 0 0
1791030795 2917, 13801, 51, 0x0000000000000000 | 1.24 1.17 1.22 | cpu  69360443 7327 7310014 4775493471 269227 0 110809 0 0 0
1791030796 2932, 13801, 50, 0x0000000000000000 | 1.22 1.16 1.22 | cpu  69360556 7327 7310031 4775502835 269228 0 110809 0 0 0
1791030797 2925, 13801, 50, 0x0000000000000000 | 1.22 1.16 1.22 | cpu  69360672 7327 7310050 4775512116 269228 0 110809 0 0 0
1791030798 2917, 13801, 51, 0x0000000000000000 | 1.22 1.16 1.22 | cpu  69360786 7327 7310065 4775521436 269228 0 110809 0 0 0
1791030799 2925, 13801, 50, 0x0000000000000000 | 1.22 1.16 1.22 | cpu  69360900 7327 7310083 4775530748 269228 0 110809 0 0 0
1791030800 2932, 13801, 50, 0x0000000000000000 | 1.20 1.16 1.21 | cpu  69361012 7327 7310099 4775540118 269228 0 110809 0 0 0
1791030801 2947, 13801, 47, 0x0000000000000000 | 1.20 1.16 1.21 | cpu  69361123 7327 7310115 4775549433 269228 0 110809 0 0 0
1791030802 2955, 13801, 47, 0x0000000000000000 | 1.20 1.16 1.21 | cpu  69361244 7327 7310139 4775558703 269229 0 110809 0 0 0
1791030804 2955, 13801, 51, 0x0000000000000000 | 1.20 1.16 1.21 | cpu  69361355 7327 7310154 4775568014 269229 0 110809 0 0 0
1791030805 2917, 13801, 53, 0x0000000000000000 | 1.20 1.16 1.21 | cpu  69361472 7327 7310172 4775577321 269229 0 110809 0 0 0
1791030806 2917, 13801, 53, 0x0000000000000000 | 1.18 1.16 1.21 | cpu  69361590 7327 7310190 4775586648 269229 0 110809 0 0 0
1791030807 2917, 13801, 52, 0x0000000000000000 | 1.18 1.16 1.21 | cpu  69361706 7327 7310207 4775595982 269229 0 110809 0 0 0
1791030808 2940, 13801, 51, 0x0000000000000000 | 1.18 1.16 1.21 | cpu  69361821 7327 7310229 4775605305 269230 0 110809 0 0 0
1791030809 2925, 13801, 51, 0x0000000000000000 | 1.18 1.16 1.21 | cpu  69361933 7327 7310246 4775614606 269230 0 110809 0 0 0
1791030810 2902, 13801, 52, 0x0000000000000000 | 1.18 1.16 1.21 | cpu  69362046 7327 7310266 4775623879 269230 0 110809 0 0 0
1791030811 2910, 13801, 52, 0x0000000000000000 | 1.17 1.16 1.21 | cpu  69362161 7327 7310282 4775633190 269231 0 110809 0 0 0
1791030812 2902, 13801, 53, 0x0000000000000000 | 1.17 1.16 1.21 | cpu  69362273 7327 7310304 4775642442 269231 0 110809 0 0 0
1791030813 2917, 13801, 51, 0x0000000000000000 | 1.17 1.16 1.21 | cpu  69362386 7327 7310320 4775651738 269232 0 110809 0 0 0
1791030814 2917, 13801, 52, 0x0000000000000000 | 1.17 1.16 1.21 | cpu  69362502 7327 7310336 4775661006 269232 0 110809 0 0 0
1791030815 2895, 13801, 52, 0x0000000000000000 | 1.16 1.15 1.21 | cpu  69362616 7327 7310352 4775670278 269232 0 110809 0 0 0
1791030816 2895, 13801, 53, 0x0000000000000000 | 1.16 1.15 1.21 | cpu  69362727 7327 7310365 4775679503 269233 0 110809 0 0 0
1791030817 2917, 13801, 52, 0x0000000000000000 | 1.16 1.15 1.21 | cpu  69362840 7327 7310385 4775688805 269233 0 110809 0 0 0
1791030819 2910, 13801, 52, 0x0000000000000000 | 1.16 1.15 1.21 | cpu  69362953 7327 7310400 4775698074 269233 0 110809 0 0 0
1791030820 2910, 13801, 51, 0x0000000000000000 | 1.16 1.15 1.21 | cpu  69363067 7327 7310417 4775707397 269233 0 110809 0 0 0
1791030821 2917, 13801, 53, 0x0000000000000000 | 1.14 1.15 1.21 | cpu  69363178 7327 7310432 4775716692 269233 0 110809 0 0 0
1791030822 2917, 13801, 52, 0x0000000000000000 | 1.14 1.15 1.21 | cpu  69363290 7327 7310455 4775725980 269234 0 110809 0 0 0
1791030823 2917, 13801, 51, 0x0000000000000000 | 1.14 1.15 1.21 | cpu  69363402 7327 7310473 4775735246 269234 0 110809 0 0 0
1791030824 2910, 13801, 52, 0x0000000000000000 | 1.14 1.15 1.21 | cpu  69363515 7327 7310489 4775744550 269234 0 110809 0 0 0
1791030825 2917, 13801, 51, 0x0000000000000000 | 1.14 1.15 1.21 | cpu  69363630 7327 7310510 4775753851 269234 0 110809 0 0 0
1791030826 2932, 13801, 50, 0x0000000000000000 | 1.37 1.20 1.22 | cpu  69363742 7327 7310526 4775763211 269234 0 110809 0 0 0
1791030827 2925, 13801, 51, 0x0000000000000000 | 1.37 1.20 1.22 | cpu  69363855 7327 7310542 4775772525 269235 0 110809 0 0 0
1791030828 2902, 13801, 51, 0x0000000000000000 | 1.37 1.20 1.22 | cpu  69363972 7327 7310560 4775781794 269235 0 110809 0 0 0
1791030829 2917, 13801, 52, 0x0000000000000000 | 1.37 1.20 1.22 | cpu  69364084 7327 7310577 4775791063 269235 0 110809 0 0 0
1791030830 2925, 13801, 52, 0x0000000000000000 | 1.42 1.21 1.23 | cpu  69364196 7327 7310595 4775800318 269235 0 110809 0 0 0
1791030831 2910, 13801, 52, 0x0000000000000000 | 1.42 1.21 1.23 | cpu  69364309 7327 7310612 4775809594 269235 0 110809 0 0 0
1791030832 2910, 13801, 54, 0x0000000000000000 | 1.42 1.21 1.23 | cpu  69364427 7327 7310634 4775818923 269236 0 110809 0 0 0
1791030834 2925, 13801, 51, 0x0000000000000000 | 1.42 1.21 1.23 | cpu  69364542 7327 7310649 4775828241 269236 0 110809 0 0 0
1791030835 2932, 13801, 52, 0x0000000000000000 | 1.42 1.21 1.23 | cpu  69364659 7327 7310666 4775837550 269236 0 110809 0 0 0
1791030836 2917, 13801, 52, 0x0000000000000000 | 1.39 1.21 1.23 | cpu  69364771 7327 7310680 4775846800 269236 0 110809 0 0 0
1791030837 2895, 13801, 52, 0x0000000000000000 | 1.39 1.21 1.23 | cpu  69364892 7327 7310705 4775856138 269236 0 110809 0 0 0
1791030838 2910, 13801, 52, 0x0000000000000000 | 1.39 1.21 1.23 | cpu  69365007 7327 7310722 4775865512 269237 0 110809 0 0 0
1791030839 2917, 13801, 52, 0x0000000000000000 | 1.39 1.21 1.23 | cpu  69365119 7327 7310736 4775874807 269237 0 110809 0 0 0
1791030840 2925, 13801, 51, 0x0000000000000000 | 1.39 1.21 1.23 | cpu  69365230 7327 7310751 4775884059 269237 0 110809 0 0 0
1791030841 2902, 13801, 53, 0x0000000000000000 | 1.36 1.20 1.22 | cpu  69365342 7327 7310769 4775893329 269237 0 110809 0 0 0
1791030842 2902, 13801, 52, 0x0000000000000000 | 1.36 1.20 1.22 | cpu  69365459 7327 7310787 4775902644 269238 0 110809 0 0 0
1791030843 2917, 13801, 52, 0x0000000000000000 | 1.36 1.20 1.22 | cpu  69365573 7327 7310801 4775911885 269238 0 110809 0 0 0
1791030844 2917, 13801, 53, 0x0000000000000000 | 1.36 1.20 1.22 | cpu  69365685 7327 7310819 4775921170 269239 0 110809 0 0 0
1791030845 2902, 13801, 53, 0x0000000000000000 | 1.33 1.20 1.22 | cpu  69365803 7327 7310837 4775930517 269239 0 110809 0 0 0
1791030846 2917, 13801, 51, 0x0000000000000000 | 1.33 1.20 1.22 | cpu  69365914 7327 7310853 4775939838 269239 0 110809 0 0 0
1791030847 2932, 13801, 51, 0x0000000000000000 | 1.33 1.20 1.22 | cpu  69366032 7327 7310874 4775949146 269239 0 110809 0 0 0
1791030849 2917, 13801, 52, 0x0000000000000000 | 1.33 1.20 1.22 | cpu  69366146 7327 7310892 4775958455 269240 0 110809 0 0 0
1791030850 2917, 13801, 52, 0x0000000000000000 | 1.33 1.20 1.22 | cpu  69366274 7327 7310922 4775967747 269240 0 110809 0 0 0
1791030851 2917, 13801, 52, 0x0000000000000000 | 1.38 1.21 1.23 | cpu  69366399 7327 7310983 4775976935 269240 0 110809 0 0 0
1791030852 2925, 13801, 50, 0x0000000000000000 | 1.38 1.21 1.23 | cpu  69366510 7327 7310995 4775986204 269240 0 110809 0 0 0
1791030853 2925, 13801, 48, 0x0000000000000000 | 1.38 1.21 1.23 | cpu  69366631 7327 7311017 4775995468 269240 0 110809 0 0 0
1791030854 2910, 13801, 52, 0x0000000000000000 | 1.38 1.21 1.23 | cpu  69366762 7327 7311072 4776004747 269240 0 110809 0 0 0
1791030855 2917, 13801, 52, 0x0000000000000000 | 1.38 1.21 1.23 | cpu  69366877 7327 7311101 4776014064 269240 0 110809 0 0 0
1791030856 2925, 13801, 51, 0x0000000000000000 | 1.43 1.23 1.23 | cpu  69366990 7327 7311118 4776023340 269240 0 110809 0 0 0
1791030857 2925, 13801, 52, 0x0000000000000000 | 1.43 1.23 1.23 | cpu  69367113 7327 7311144 4776032648 269240 0 110809 0 0 0
1791030858 2895, 13801, 53, 0x0000000000000000 | 1.43 1.23 1.23 | cpu  69367226 7327 7311163 4776041987 269240 0 110809 0 0 0
1791030859 2887, 13801, 53, 0x0000000000000000 | 1.43 1.23 1.23 | cpu  69367341 7327 7311184 4776051286 269241 0 110809 0 0 0
1791030860 2917, 13801, 53, 0x0000000000000000 | 1.40 1.22 1.23 | cpu  69367454 7327 7311200 4776060615 269241 0 110809 0 0 0
1791030861 2917, 13801, 52, 0x0000000000000000 | 1.40 1.22 1.23 | cpu  69367571 7327 7311219 4776070006 269241 0 110809 0 0 0
1791030862 2925, 13801, 52, 0x0000000000000000 | 1.40 1.22 1.23 | cpu  69367692 7327 7311235 4776079306 269241 0 110809 0 0 0
1791030864 2902, 13801, 54, 0x0000000000000000 | 1.40 1.22 1.23 | cpu  69367804 7327 7311251 4776088630 269242 0 110809 0 0 0
1791030865 2917, 13801, 52, 0x0000000000000000 | 1.40 1.22 1.23 | cpu  69367917 7327 7311267 4776097923 269242 0 110809 0 0 0
1791030866 2925, 13801, 51, 0x0000000000000000 | 1.37 1.22 1.23 | cpu  69368027 7327 7311282 4776107216 269242 0 110809 0 0 0
1791030867 2925, 13801, 52, 0x0000000000000000 | 1.37 1.22 1.23 | cpu  69368140 7327 7311299 4776116515 269242 0 110809 0 0 0
1791030868 2887, 13801, 52, 0x0000000000000000 | 1.37 1.22 1.23 | cpu  69368259 7327 7311318 4776125847 269242 0 110809 0 0 0
1791030869 2910, 13801, 53, 0x0000000000000000 | 1.37 1.22 1.23 | cpu  69368371 7327 7311333 4776135136 269243 0 110809 0 0 0
1791030870 2932, 13801, 51, 0x0000000000000000 | 1.37 1.22 1.23 | cpu  69368505 7327 7311393 4776144416 269243 0 110809 0 0 0
1791030871 2902, 13801, 53, 0x0000000000000000 | 1.34 1.21 1.23 | cpu  69368622 7327 7311412 4776153755 269243 0 110809 0 0 0
1791030872 2925, 13801, 51, 0x0000000000000000 | 1.34 1.21 1.23 | cpu  69368742 7327 7311429 4776163094 269243 0 110809 0 0 0
1791030873 2917, 13801, 53, 0x0000000000000000 | 1.34 1.21 1.23 | cpu  69368854 7327 7311442 4776172411 269243 0 110809 0 0 0
1791030874 2910, 13801, 52, 0x0000000000000000 | 1.34 1.21 1.23 | cpu  69368967 7327 7311459 4776181706 269244 0 110809 0 0 0
1791030875 2925, 13801, 52, 0x0000000000000000 | 1.31 1.21 1.23 | cpu  69369081 7327 7311475 4776191028 269245 0 110809 0 0 0
1791030876 2895, 13801, 52, 0x0000000000000000 | 1.31 1.21 1.23 | cpu  69369192 7327 7311491 4776200332 269245 0 110809 0 0 0
1791030878 2917, 13801, 51, 0x0000000000000000 | 1.31 1.21 1.23 | cpu  69369305 7327 7311507 4776209645 269245 0 110809 0 0 0
1791030879 2925, 13801, 52, 0x0000000000000000 | 1.31 1.21 1.23 | cpu  69369417 7327 7311524 4776218907 269245 0 110809 0 0 0
1791030880 2917, 13801, 52, 0x0000000000000000 | 1.31 1.21 1.23 | cpu  69369526 7327 7311541 4776228178 269245 0 110809 0 0 0
1791030881 2902, 13801, 52, 0x0000000000000000 | 1.28 1.21 1.22 | cpu  69369639 7327 7311558 4776237454 269245 0 110809 0 0 0
1791030882 2902, 13801, 53, 0x0000000000000000 | 1.28 1.21 1.22 | cpu  69369760 7327 7311577 4776246733 269245 0 110809 0 0 0
1791030883 2910, 13801, 53, 0x0000000000000000 | 1.28 1.21 1.22 | cpu  69369878 7327 7311599 4776256102 269245 0 110809 0 0 0
1791030884 2925, 13801, 52, 0x0000000000000000 | 1.28 1.21 1.22 | cpu  69369996 7327 7311617 4776265382 269246 0 110809 0 0 0
1791030885 2895, 13801, 53, 0x0000000000000000 | 1.28 1.21 1.22 | cpu  69370108 7327 7311631 4776274667 269246 0 110809 0 0 0
1791030886 2910, 13801, 49, 0x0000000000000000 | 1.34 1.22 1.23 | cpu  69370241 7327 7311689 4776283880 269246 0 110809 0 0 0
1791030887 2925, 13801, 52, 0x0000000000000000 | 1.34 1.22 1.23 | cpu  69370353 7327 7311709 4776293113 269246 0 110809 0 0 0
1791030888 2895, 13801, 53, 0x0000000000000000 | 1.34 1.22 1.23 | cpu  69370465 7327 7311725 4776302410 269246 0 110809 0 0 0
1791030889 2910, 13801, 53, 0x0000000000000000 | 1.34 1.22 1.23 | cpu  69370577 7327 7311744 4776311733 269247 0 110809 0 0 0
1791030890 2902, 13801, 52, 0x0000000000000000 | 1.31 1.22 1.23 | cpu  69370693 7327 7311761 4776321091 269247 0 110809 0 0 0
1791030891 2910, 13801, 52, 0x0000000000000000 | 1.31 1.22 1.23 | cpu  69370806 7327 7311776 4776330416 269247 0 110809 0 0 0
1791030893 2917, 13801, 53, 0x0000000000000000 | 1.31 1.22 1.23 | cpu  69370920 7327 7311796 4776339725 269247 0 110809 0 0 0
1791030894 2910, 13801, 53, 0x0000000000000000 | 1.31 1.22 1.23 | cpu  69371036 7327 7311815 4776349043 269247 0 110809 0 0 0
1791030895 2917, 13801, 52, 0x0000000000000000 | 1.31 1.22 1.23 | cpu  69371148 7327 7311828 4776358302 269247 0 110809 0 0 0
1791030896 2917, 13801, 52, 0x0000000000000000 | 1.29 1.21 1.23 | cpu  69371261 7327 7311843 4776367618 269247 0 110809 0 0 0
1791030897 2910, 13801, 52, 0x0000000000000000 | 1.29 1.21 1.23 | cpu  69371372 7327 7311860 4776376907 269247 0 110809 0 0 0
1791030898 2925, 13801, 52, 0x0000000000000000 | 1.29 1.21 1.23 | cpu  69371485 7327 7311877 4776386220 269247 0 110809 0 0 0
1791030899 2925, 13801, 51, 0x0000000000000000 | 1.29 1.21 1.23 | cpu  69371601 7327 7311891 4776395574 269247 0 110809 0 0 0
1791030900 2910, 13801, 52, 0x0000000000000000 | 1.29 1.21 1.23 | cpu  69371713 7327 7311908 4776404861 269248 0 110809 0 0 0
1791030901 2902, 13801, 52, 0x0000000000000000 | 1.35 1.22 1.23 | cpu  69371848 7327 7311950 4776414173 269248 0 110809 0 0 0
1791030902 2917, 13801, 53, 0x0000000000000000 | 1.35 1.22 1.23 | cpu  69371994 7327 7311982 4776423411 269248 0 110809 0 0 0
1791030903 2910, 13801, 53, 0x0000000000000000 | 1.35 1.22 1.23 | cpu  69372108 7327 7312000 4776432731 269248 0 110809 0 0 0
1791030904 2917, 13801, 52, 0x0000000000000000 | 1.35 1.22 1.23 | cpu  69372224 7327 7312021 4776442080 269249 0 110809 0 0 0
1791030905 2925, 13801, 52, 0x0000000000000000 | 1.32 1.22 1.23 | cpu  69372339 7327 7312037 4776451376 269249 0 110809 0 0 0
1791030906 2932, 13801, 52, 0x0000000000000000 | 1.32 1.22 1.23 | cpu  69372453 7327 7312054 4776460682 269250 0 110809 0 0 0
1791030908 2917, 13801, 52, 0x0000000000000000 | 1.32 1.22 1.23 | cpu  69372571 7327 7312071 4776469978 269250 0 110809 0 0 0
1791030909 2917, 13801, 52, 0x0000000000000000 | 1.32 1.22 1.23 | cpu  69372684 7327 7312088 4776479279 269250 0 110809 0 0 0
1791030910 2895, 13801, 52, 0x0000000000000000 | 1.32 1.22 1.23 | cpu  69372796 7327 7312103 4776488584 269250 0 110809 0 0 0
1791030911 2910, 13801, 53, 0x0000000000000000 | 1.29 1.22 1.23 | cpu  69372912 7327 7312121 4776497893 269250 0 110809 0 0 0
1791030912 2917, 13801, 53, 0x0000000000000000 | 1.29 1.22 1.23 | cpu  69373041 7327 7312162 4776507186 269250 0 110809 0 0 0
1791030913 2895, 13801, 53, 0x0000000000000000 | 1.29 1.22 1.23 | cpu  69373156 7327 7312203 4776516455 269250 0 110810 0 0 0
1791030914 2917, 13801, 52, 0x0000000000000000 | 1.29 1.22 1.23 | cpu  69373268 7327 7312218 4776525709 269251 0 110810 0 0 0
1791030915 2925, 13801, 51, 0x0000000000000000 | 1.43 1.25 1.24 | cpu  69373381 7327 7312240 4776535013 269251 0 110810 0 0 0
1791030916 2917, 13801, 52, 0x0000000000000000 | 1.43 1.25 1.24 | cpu  69373502 7327 7312259 4776544355 269251 0 110810 0 0 0
1791030917 2910, 13801, 52, 0x0000000000000000 | 1.43 1.25 1.24 | cpu  69373616 7327 7312275 4776553677 269251 0 110810 0 0 0
1791030918 2895, 13801, 54, 0x0000000000000000 | 1.43 1.25 1.24 | cpu  69373730 7327 7312294 4776562980 269251 0 110810 0 0 0
1791030919 2910, 13801, 53, 0x0000000000000000 | 1.43 1.25 1.24 | cpu  69373843 7327 7312317 4776572297 269251 0 110810 0 0 0
1791030920 2925, 13801, 52, 0x0000000000000000 | 1.39 1.24 1.24 | cpu  69373963 7327 7312332 4776581618 269251 0 110810 0 0 0
1791030922 2925, 13801, 49, 0x0000000000000000 | 1.39 1.24 1.24 | cpu  69374075 7327 7312349 4776590963 269251 0 110810 0 0 0
1791030923 2925, 13801, 51, 0x0000000000000000 | 1.39 1.24 1.24 | cpu  69374189 7327 7312366 4776600204 269251 0 110810 0 0 0
1791030924 2917, 13801, 53, 0x0000000000000000 | 1.39 1.24 1.24 | cpu  69374302 7327 7312382 4776609577 269251 0 110810 0 0 0
1791030925 2910, 13801, 52, 0x0000000000000000 | 1.39 1.24 1.24 | cpu  69374422 7327 7312400 4776618866 269252 0 110810 0 0 0
1791030926 2910, 13801, 53, 0x0000000000000000 | 1.36 1.24 1.23 | cpu  69374534 7327 7312416 4776628193 269252 0 110810 0 0 0
1791030927 2925, 13801, 52, 0x0000000000000000 | 1.36 1.24 1.23 | cpu  69374655 7327 7312445 4776637460 269252 0 110810 0 0 0
1791030928 2910, 13801, 52, 0x0000000000000000 | 1.36 1.24 1.23 | cpu  69374772 7327 7312466 4776646792 269252 0 110810 0 0 0
1791030929 2902, 13801, 53, 0x0000000000000000 | 1.36 1.24 1.23 | cpu  69374883 7327 7312482 4776656024 269254 0 110810 0 0 0
1791030930 2917, 13801, 52, 0x0000000000000000 | 1.41 1.25 1.24 | cpu  69374998 7327 7312498 4776665343 269254 0 110810 0 0 0
1791030931 2917, 13801, 53, 0x0000000000000000 | 1.41 1.25 1.24 | cpu  69375110 7327 7312514 4776674645 269254 0 110810 0 0 0
1791030932 2902, 13801, 52, 0x0000000000000000 | 1.41 1.25 1.24 | cpu  69375227 7327 7312537 4776683955 269254 0 110810 0 0 0
1791030933 2917, 13801, 53, 0x0000000000000000 | 1.41 1.25 1.24 | cpu  69375342 7327 7312552 4776693278 269254 0 110810 0 0 0
1791030934 2910, 13801, 53, 0x0000000000000000 | 1.41 1.25 1.24 | cpu  69375455 7327 7312568 4776702587 269255 0 110810 0 0 0
1791030935 2917, 13801, 54, 0x0000000000000000 | 1.38 1.25 1.24 | cpu  69375566 7327 7312583 4776711876 269255 0 110810 0 0 0
1791030937 2925, 13801, 52, 0x0000000000000000 | 1.38 1.25 1.24 | cpu  69375679 7327 7312597 4776721225 269255 0 110810 0 0 0
1791030938 2902, 13801, 53, 0x0000000000000000 | 1.38 1.25 1.24 | cpu  69375792 7327 7312616 4776730535 269256 0 110810 0 0 0
1791030939 2917, 13801, 52, 0x0000000000000000 | 1.38 1.25 1.24 | cpu  69375908 7327 7312634 4776739826 269256 0 110810 0 0 0
1791030940 2925, 13801, 52, 0x0000000000000000 | 1.38 1.25 1.24 | cpu  69376021 7327 7312648 4776749064 269257 0 110810 0 0 0
1791030941 2932, 13801, 52, 0x0000000000000000 | 1.35 1.24 1.24 | cpu  69376133 7327 7312664 4776758353 269257 0 110810 0 0 0
1791030942 2910, 13801, 53, 0x0000000000000000 | 1.35 1.24 1.24 | cpu  69376249 7327 7312680 4776767669 269257 0 110810 0 0 0
1791030943 2910, 13801, 52, 0x0000000000000000 | 1.35 1.24 1.24 | cpu  69376363 7327 7312696 4776776987 269257 0 110810 0 0 0
1791030944 2925, 13801, 53, 0x0000000000000000 | 1.35 1.24 1.24 | cpu  69376474 7327 7312711 4776786263 269257 0 110810 0 0 0
1791030945 2910, 13801, 52, 0x0000000000000000 | 1.40 1.25 1.24 | cpu  69376587 7327 7312726 4776795548 269257 0 110810 0 0 0
1791030946 2940, 13801, 49, 0x0000000000000000 | 1.40 1.25 1.24 | cpu  69376698 7327 7312743 4776804810 269257 0 110810 0 0 0
1791030947 2955, 13801, 47, 0x0000000000000000 | 1.40 1.25 1.24 | cpu  69376806 7327 7312759 4776814066 269257 0 110810 0 0 0
1791030948 2415, 13801, 51, 0x0000000000000000 | 1.40 1.25 1.24 | cpu  69376923 7327 7312781 4776823353 269257 0 110810 0 0 0
1791030949 2910, 13801, 51, 0x0000000000000000 | 1.40 1.25 1.24 | cpu  69377039 7327 7312799 4776832723 269258 0 110810 0 0 0
1791030950 2925, 13801, 52, 0x0000000000000000 | 1.53 1.28 1.25 | cpu  69377178 7327 7312862 4776841939 269258 0 110810 0 0 0
1791030952 2910, 13801, 53, 0x0000000000000000 | 1.53 1.28 1.25 | cpu  69377291 7327 7312885 4776851259 269258 0 110810 0 0 0
1791030953 2902, 13801, 52, 0x0000000000000000 | 1.53 1.28 1.25 | cpu  69377404 7327 7312902 4776860567 269258 0 110810 0 0 0
1791030954 2902, 13801, 54, 0x0000000000000000 | 1.53 1.28 1.25 | cpu  69377517 7327 7312921 4776869866 269258 0 110810 0 0 0
1791030955 2917, 13801, 51, 0x0000000000000000 | 1.53 1.28 1.25 | cpu  69377629 7327 7312937 4776879166 269259 0 110810 0 0 0
1791030956 2902, 13801, 52, 0x0000000000000000 | 1.49 1.28 1.25 | cpu  69377741 7327 7312953 4776888499 269259 0 110810 0 0 0
1791030957 2895, 13801, 53, 0x0000000000000000 | 1.49 1.28 1.25 | cpu  69377858 7327 7312972 4776897813 269259 0 110810 0 0 0
1791030958 2902, 13801, 49, 0x0000000000000000 | 1.49 1.28 1.25 | cpu  69377973 7327 7312987 4776907192 269259 0 110810 0 0 0
1791030959 2917, 13801, 51, 0x0000000000000000 | 1.49 1.28 1.25 | cpu  69378088 7327 7313003 4776916495 269259 0 110810 0 0 0
1791030960 2932, 13801, 51, 0x0000000000000000 | 1.45 1.27 1.25 | cpu  69378199 7327 7313018 4776925754 269259 0 110810 0 0 0
1791030961 2910, 13801, 52, 0x0000000000000000 | 1.45 1.27 1.25 | cpu  69378315 7327 7313037 4776935016 269259 0 110810 0 0 0
1791030962 2932, 13801, 52, 0x0000000000000000 | 1.45 1.27 1.25 | cpu  69378431 7327 7313055 4776944359 269259 0 110810 0 0 0
1791030963 2932, 13801, 51, 0x0000000000000000 | 1.45 1.27 1.25 | cpu  69378571 7327 7313078 4776953659 269260 0 110810 0 0 0
1791030964 2910, 13801, 53, 0x0000000000000000 | 1.45 1.27 1.25 | cpu  69378690 7327 7313099 4776962973 269260 0 110810 0 0 0
1791030965 2902, 13801, 52, 0x0000000000000000 | 1.41 1.27 1.25 | cpu  69378803 7327 7313115 4776972310 269261 0 110810 0 0 0
1791030967 2925, 13801, 53, 0x0000000000000000 | 1.41 1.27 1.25 | cpu  69378935 7327 7313173 4776981586 269261 0 110810 0 0 0
1791030968 2902, 13801, 53, 0x0000000000000000 | 1.41 1.27 1.25 | cpu  69379053 7327 7313190 4776990859 269261 0 110810 0 0 0
1791030969 2925, 13801, 52, 0x0000000000000000 | 1.41 1.27 1.25 | cpu  69379170 7327 7313210 4777000171 269262 0 110810 0 0 0
1791030970 2895, 13801, 54, 0x0000000000000000 | 1.41 1.27 1.25 | cpu  69379283 7327 7313227 4777009495 269262 0 110810 0 0 0
1791030971 2887, 13801, 54, 0x0000000000000000 | 1.38 1.26 1.24 | cpu  69379395 7327 7313241 4777018789 269262 0 110810 0 0 0
1791030972 2910, 13801, 53, 0x0000000000000000 | 1.38 1.26 1.24 | cpu  69379507 7327 7313258 4777028035 269262 0 110810 0 0 0
1791030973 2925, 13801, 51, 0x0000000000000000 | 1.38 1.26 1.24 | cpu  69379638 7327 7313283 4777037378 269262 0 110810 0 0 0
1791030974 2895, 13801, 54, 0x0000000000000000 | 1.38 1.26 1.24 | cpu  69379763 7327 7313344 4777046653 269263 0 110810 0 0 0
1791030975 2902, 13801, 53, 0x0000000000000000 | 1.35 1.26 1.24 | cpu  69379878 7327 7313360 4777055906 269263 0 110810 0 0 0
1791030976 2895, 13801, 53, 0x0000000000000000 | 1.35 1.26 1.24 | cpu  69379997 7327 7313375 4777065216 269263 0 110810 0 0 0
1791030977 2910, 13801, 54, 0x0000000000000000 | 1.35 1.26 1.24 | cpu  69380111 7327 7313392 4777074528 269263 0 110810 0 0 0
1791030978 2917, 13801, 53, 0x0000000000000000 | 1.35 1.26 1.24 | cpu  69380223 7327 7313408 4777083807 269263 0 110810 0 0 0
1791030979 2932, 13801, 51, 0x0000000000000000 | 1.35 1.26 1.24 | cpu  69380338 7327 7313424 4777093087 269264 0 110810 0 0 0
1791030981 2902, 13801, 52, 0x0000000000000000 | 1.32 1.26 1.24 | cpu  69380456 7327 7313443 4777102404 269264 0 110810 0 0 0
1791030982 2917, 13801, 53, 0x0000000000000000 | 1.32 1.26 1.24 | cpu  69380573 7327 7313462 4777111689 269264 0 110810 0 0 0
1791030983 2925, 13801, 53, 0x0000000000000000 | 1.32 1.26 1.24 | cpu  69380711 7327 7313526 4777120939 269264 0 110810 0 0 0
1791030984 2932, 13801, 53, 0x0000000000000000 | 1.32 1.26 1.24 | cpu  69380823 7327 7313548 4777130257 269264 0 110810 0 0 0
1791030985 2925, 13801, 52, 0x0000000000000000 | 1.32 1.26 1.24 | cpu  69380942 7327 7313564 4777139553 269265 0 110810 0 0 0
1791030986 2895, 13801, 53, 0x0000000000000000 | 1.37 1.27 1.25 | cpu  69381058 7327 7313585 4777148878 269265 0 110810 0 0 0
1791030987 2910, 13801, 53, 0x0000000000000000 | 1.37 1.27 1.25 | cpu  69381169 7327 7313599 4777158122 269265 0 110810 0 0 0
1791030988 2932, 13801, 51, 0x0000000000000000 | 1.37 1.27 1.25 | cpu  69381285 7327 7313618 4777167424 269265 0 110810 0 0 0
1791030989 2917, 13801, 53, 0x0000000000000000 | 1.37 1.27 1.25 | cpu  69381397 7327 7313634 4777176752 269265 0 110810 0 0 0
1791030990 2902, 13801, 53, 0x0000000000000000 | 1.34 1.26 1.24 | cpu  69381510 7327 7313651 4777186088 269266 0 110810 0 0 0
1791030991 2955, 13801, 52, 0x0000000000000000 | 1.34 1.26 1.24 | cpu  69381623 7327 7313664 4777195453 269266 0 110810 0 0 0
1791030992 2925, 13801, 52, 0x0000000000000000 | 1.34 1.26 1.24 | cpu  69381735 7327 7313678 4777204728 269266 0 110810 0 0 0
1791030993 2932, 13801, 49, 0x0000000000000000 | 1.34 1.26 1.24 | cpu  69381851 7327 7313694 4777213995 269266 0 110810 0 0 0
1791030994 2955, 13801, 48, 0x0000000000000000 | 1.34 1.26 1.24 | cpu  69381963 7327 7313712 4777223261 269266 0 110810 0 0 0
1791030996 2415, 13801, 46, 0x0000000000000000 | 1.32 1.26 1.24 | cpu  69382075 7327 7313730 4777232519 269267 0 110810 0 0 0
1791030997 2415, 13801, 46, 0x0000000000000000 | 1.32 1.26 1.24 | cpu  69382185 7327 7313747 4777241774 269267 0 110810 0 0 0
1791030998 2415, 13801, 46, 0x0000000000000000 | 1.32 1.26 1.24 | cpu  69382296 7327 7313765 4777251049 269267 0 110810 0 0 0
1791030999 2797, 13801, 49, 0x0000000000000000 | 1.32 1.26 1.24 | cpu  69382407 7327 7313781 4777260355 269267 0 110810 0 0 0
1791031000 2910, 13801, 53, 0x0000000000000000 | 1.32 1.26 1.24 | cpu  69382519 7327 7313796 4777269606 269267 0 110810 0 0 0
1791031001 2917, 13801, 52, 0x0000000000000000 | 1.29 1.25 1.24 | cpu  69382630 7327 7313813 4777278871 269268 0 110810 0 0 0
1791031002 2932, 13801, 51, 0x0000000000000000 | 1.29 1.25 1.24 | cpu  69382745 7327 7313830 4777288172 269268 0 110810 0 0 0
1791031003 2917, 13801, 51, 0x0000000000000000 | 1.29 1.25 1.24 | cpu  69382857 7327 7313846 4777297486 269268 0 110810 0 0 0
1791031004 2917, 13801, 51, 0x0000000000000000 | 1.29 1.25 1.24 | cpu  69382975 7327 7313869 4777306794 269268 0 110810 0 0 0
1791031005 2910, 13801, 52, 0x0000000000000000 | 1.27 1.25 1.24 | cpu  69383093 7327 7313890 4777316124 269268 0 110810 0 0 0
1791031006 2902, 13801, 52, 0x0000000000000000 | 1.27 1.25 1.24 | cpu  69383205 7327 7313903 4777325413 269268 0 110810 0 0 0
1791031007 2925, 13801, 52, 0x0000000000000000 | 1.27 1.25 1.24 | cpu  69383325 7327 7313925 4777334706 269268 0 110810 0 0 0
1791031008 2932, 13801, 52, 0x0000000000000000 | 1.27 1.25 1.24 | cpu  69383439 7327 7313943 4777344019 269268 0 110810 0 0 0
1791031009 2910, 13801, 52, 0x0000000000000000 | 1.27 1.25 1.24 | cpu  69383551 7327 7313959 4777353299 269268 0 110810 0 0 0
1791031011 2910, 13801, 53, 0x0000000000000000 | 1.25 1.25 1.24 | cpu  69383667 7327 7313974 4777362605 269268 0 110810 0 0 0
1791031012 2917, 13801, 53, 0x0000000000000000 | 1.25 1.25 1.24 | cpu  69383778 7327 7313990 4777371902 269269 0 110810 0 0 0
1791031013 2925, 13801, 53, 0x0000000000000000 | 1.25 1.25 1.24 | cpu  69383903 7327 7314011 4777381223 269269 0 110810 0 0 0
1791031014 2917, 13801, 52, 0x0000000000000000 | 1.25 1.25 1.24 | cpu  69384026 7327 7314048 4777390520 269269 0 110810 0 0 0
1791031015 2910, 13801, 51, 0x0000000000000000 | 1.25 1.25 1.24 | cpu  69384150 7327 7314089 4777399763 269269 0 110810 0 0 0
1791031016 2925, 13801, 53, 0x0000000000000000 | 1.23 1.24 1.24 | cpu  69384262 7327 7314112 4777409031 269269 0 110810 0 0 0
1791031017 2932, 13801, 52, 0x0000000000000000 | 1.23 1.24 1.24 | cpu  69384372 7327 7314127 4777418318 269269 0 110810 0 0 0
1791031018 2925, 13801, 51, 0x0000000000000000 | 1.23 1.24 1.24 | cpu  69384489 7327 7314151 4777427652 269269 0 110810 0 0 0
1791031019 2902, 13801, 53, 0x0000000000000000 | 1.23 1.24 1.24 | cpu  69384607 7327 7314173 4777436974 269270 0 110810 0 0 0
1791031020 2910, 13801, 53, 0x0000000000000000 | 1.29 1.25 1.24 | cpu  69384719 7327 7314189 4777446323 269270 0 110810 0 0 0
1791031021 2917, 13801, 52, 0x0000000000000000 | 1.29 1.25 1.24 | cpu  69384832 7327 7314207 4777455594 269270 0 110810 0 0 0
1791031022 2932, 13801, 54, 0x0000000000000000 | 1.29 1.25 1.24 | cpu  69384945 7327 7314225 4777464894 269270 0 110810 0 0 0
1791031023 2910, 13801, 53, 0x0000000000000000 | 1.29 1.25 1.24 | cpu  69385058 7327 7314242 4777474170 269270 0 110810 0 0 0
1791031024 2895, 13801, 52, 0x0000000000000000 | 1.29 1.25 1.24 | cpu  69385170 7327 7314259 4777483488 269270 0 110810 0 0 0
1791031026 2925, 13801, 53, 0x0000000000000000 | 1.27 1.25 1.24 | cpu  69385281 7327 7314274 4777492797 269270 0 110810 0 0 0
1791031027 2910, 13801, 52, 0x0000000000000000 | 1.27 1.25 1.24 | cpu  69385392 7327 7314291 4777502139 269271 0 110810 0 0 0
1791031028 2925, 13801, 52, 0x0000000000000000 | 1.27 1.25 1.24 | cpu  69385506 7327 7314307 4777511434 269272 0 110810 0 0 0
1791031029 2947, 13801, 51, 0x0000000000000000 | 1.27 1.25 1.24 | cpu  69385622 7327 7314330 4777520710 269272 0 110810 0 0 0
1791031030 2925, 13801, 53, 0x0000000000000000 | 1.27 1.25 1.24 | cpu  69385750 7327 7314371 4777529990 269272 0 110810 0 0 0
1791031031 2917, 13801, 53, 0x0000000000000000 | 1.32 1.26 1.24 | cpu  69385876 7327 7314415 4777539262 269273 0 110810 0 0 0
1791031032 2925, 13801, 51, 0x0000000000000000 | 1.32 1.26 1.24 | cpu  69385991 7327 7314432 4777548539 269273 0 110810 0 0 0
1791031033 2902, 13801, 53, 0x0000000000000000 | 1.32 1.26 1.24 | cpu  69386103 7327 7314450 4777557850 269273 0 110810 0 0 0
1791031034 2902, 13801, 51, 0x0000000000000000 | 1.32 1.26 1.24 | cpu  69386216 7327 7314468 4777567161 269273 0 110810 0 0 0
1791031035 2917, 13801, 54, 0x0000000000000000 | 1.38 1.28 1.25 | cpu  69386338 7327 7314492 4777576442 269274 0 110810 0 0 0
1791031036 2917, 13801, 52, 0x0000000000000000 | 1.38 1.28 1.25 | cpu  69386465 7327 7314550 4777585735 269274 0 110810 0 0 0
1791031037 2925, 13801, 51, 0x0000000000000000 | 1.38 1.28 1.25 | cpu  69386578 7327 7314569 4777595052 269274 0 110810 0 0 0
1791031038 2917, 13801, 51, 0x0000000000000000 | 1.38 1.28 1.25 | cpu  69386690 7327 7314587 4777604310 269274 0 110810 0 0 0
1791031039 2932, 13801, 53, 0x0000000000000000 | 1.38 1.28 1.25 | cpu  69386805 7327 7314602 4777613608 269274 0 110810 0 0 0
1791031041 2910, 13801, 53, 0x0000000000000000 | 1.35 1.27 1.25 | cpu  69386916 7327 7314620 4777622938 269274 0 110810 0 0 0
1791031042 2917, 13801, 52, 0x0000000000000000 | 1.35 1.27 1.25 | cpu  69387031 7327 7314640 4777632224 269274 0 110810 0 0 0
1791031043 2925, 13801, 51, 0x0000000000000000 | 1.35 1.27 1.25 | cpu  69387145 7327 7314658 4777641489 269274 0 110810 0 0 0
1791031044 2917, 13801, 53, 0x0000000000000000 | 1.35 1.27 1.25 | cpu  69387257 7327 7314674 4777650772 269274 0 110810 0 0 0
1791031045 2940, 13801, 49, 0x0000000000000000 | 1.35 1.27 1.25 | cpu  69387371 7327 7314695 4777660127 269275 0 110810 0 0 0
1791031046 2947, 13801, 52, 0x0000000000000000 | 1.32 1.27 1.25 | cpu  69387481 7327 7314712 4777669470 269275 0 110810 0 0 0
1791031047 2910, 13801, 53, 0x0000000000000000 | 1.32 1.27 1.25 | cpu  69387593 7327 7314728 4777678763 269275 0 110810 0 0 0
1791031048 2902, 13801, 53, 0x0000000000000000 | 1.32 1.27 1.25 | cpu  69387705 7327 7314753 4777688009 269275 0 110810 0 0 0
1791031049 2902, 13801, 53, 0x0000000000000000 | 1.32 1.27 1.25 | cpu  69387815 7327 7314772 4777697278 269275 0 110810 0 0 0
1791031050 2947, 13801, 48, 0x0000000000000000 | 1.29 1.26 1.24 | cpu  69387929 7327 7314793 4777706596 269275 0 110810 0 0 0
1791031051 2895, 13801, 53, 0x0000000000000000 | 1.29 1.26 1.24 | cpu  69388041 7327 7314810 4777715883 269276 0 110810 0 0 0
1791031052 2910, 13801, 54, 0x0000000000000000 | 1.29 1.26 1.24 | cpu  69388153 7327 7314826 4777725176 269276 0 110810 0 0 0
1791031053 2925, 13801, 52, 0x0000000000000000 | 1.29 1.26 1.24 | cpu  69388271 7327 7314851 4777734443 269276 0 110810 0 0 0
1791031054 2947, 13801, 51, 0x0000000000000000 | 1.29 1.26 1.24 | cpu  69388382 7327 7314870 4777743745 269276 0 110810 0 0 0
1791031056 2932, 13801, 53, 0x0000000000000000 | 1.27 1.26 1.24 | cpu  69388493 7327 7314887 4777753017 269277 0 110810 0 0 0
1791031057 2917, 13801, 52, 0x0000000000000000 | 1.27 1.26 1.24 | cpu  69388606 7327 7314906 4777762314 269277 0 110810 0 0 0
1791031058 2925, 13801, 53, 0x0000000000000000 | 1.27 1.26 1.24 | cpu  69388722 7327 7314926 4777771603 269277 0 110810 0 0 0
1791031059 2917, 13801, 51, 0x0000000000000000 | 1.27 1.26 1.24 | cpu  69388834 7327 7314944 4777780882 269277 0 110810 0 0 0
1791031060 2902, 13801, 53, 0x0000000000000000 | 1.27 1.26 1.24 | cpu  69388947 7327 7314960 4777790183 269277 0 110810 0 0 0
1791031061 2917, 13801, 52, 0x0000000000000000 | 1.33 1.27 1.25 | cpu  69389059 7327 7314976 4777799493 269277 0 110810 0 0 0
1791031062 2917, 13801, 51, 0x0000000000000000 | 1.33 1.27 1.25 | cpu  69389175 7327 7314994 4777808760 269278 0 110810 0 0 0
1791031063 2902, 13801, 52, 0x0000000000000000 | 1.33 1.27 1.25 | cpu  69389287 7327 7315010 4777818072 269278 0 110810 0 0 0
1791031064 2910, 13801, 52, 0x0000000000000000 | 1.33 1.27 1.25 | cpu  69389403 7327 7315033 4777827365 269278 0 110810 0 0 0
1791031065 2917, 13801, 53, 0x0000000000000000 | 1.30 1.26 1.25 | cpu  69389516 7327 7315048 4777836665 269278 0 110810 0 0 0
1791031066 2902, 13801, 53, 0x0000000000000000 | 1.30 1.26 1.25 | cpu  69389631 7327 7315066 4777845995 269279 0 110810 0 0 0
1791031067 2917, 13801, 51, 0x0000000000000000 | 1.30 1.26 1.25 | cpu  69389743 7327 7315082 4777855311 269279 0 110810 0 0 0
1791031068 2902, 13801, 54, 0x0000000000000000 | 1.30 1.26 1.25 | cpu  69389854 7327 7315100 4777864587 269279 0 110810 0 0 0
1791031069 2902, 13801, 53, 0x0000000000000000 | 1.30 1.26 1.25 | cpu  69389965 7327 7315119 4777873836 269279 0 110810 0 0 0
1791031071 2940, 13801, 52, 0x0000000000000000 | 1.28 1.26 1.24 | cpu  69390080 7327 7315133 4777883122 269279 0 110810 0 0 0
1791031072 2917, 13801, 52, 0x0000000000000000 | 1.28 1.26 1.24 | cpu  69390193 7327 7315150 4777892462 269280 0 110810 0 0 0
1791031073 2932, 13801, 51, 0x0000000000000000 | 1.28 1.26 1.24 | cpu  69390307 7327 7315166 4777901778 269280 0 110810 0 0 0
1791031074 2917, 13801, 51, 0x0000000000000000 | 1.28 1.26 1.24 | cpu  69390420 7327 7315185 4777911073 269280 0 110810 0 0 0
1791031075 2902, 13801, 51, 0x0000000000000000 | 1.28 1.26 1.24 | cpu  69390531 7327 7315201 4777920331 269280 0 110810 0 0 0
1791031076 2925, 13801, 51, 0x0000000000000000 | 1.25 1.26 1.24 | cpu  69390646 7327 7315219 4777929618 269280 0 110810 0 0 0
1791031077 2932, 13801, 51, 0x0000000000000000 | 1.25 1.26 1.24 | cpu  69390757 7327 7315235 4777938903 269281 0 110810 0 0 0
1791031078 2902, 13801, 52, 0x0000000000000000 | 1.25 1.26 1.24 | cpu  69390868 7327 7315251 4777948215 269281 0 110810 0 0 0
1791031079 2902, 13801, 53, 0x0000000000000000 | 1.25 1.26 1.24 | cpu  69390987 7327 7315268 4777957532 269281 0 110810 0 0 0
1791031080 2925, 13801, 52, 0x0000000000000000 | 1.31 1.27 1.25 | cpu  69391099 7327 7315291 4777966811 269281 0 110810 0 0 0
1791031081 2932, 13801, 52, 0x0000000000000000 | 1.31 1.27 1.25 | cpu  69391221 7327 7315311 4777976090 269281 0 110810 0 0 0
1791031082 2925, 13801, 51, 0x0000000000000000 | 1.31 1.27 1.25 | cpu  69391348 7327 7315345 4777985408 269282 0 110810 0 0 0
1791031083 2902, 13801, 53, 0x0000000000000000 | 1.31 1.27 1.25 | cpu  69391465 7327 7315361 4777994746 269282 0 110810 0 0 0
1791031085 2917, 13801, 52, 0x0000000000000000 | 1.31 1.27 1.25 | cpu  69391579 7327 7315378 4778004032 269282 0 110810 0 0 0
1791031086 2917, 13801, 52, 0x0000000000000000 | 1.37 1.28 1.25 | cpu  69391691 7327 7315394 4778013342 269282 0 110810 0 0 0
1791031087 2910, 13801, 52, 0x0000000000000000 | 1.37 1.28 1.25 | cpu  69391807 7327 7315413 4778022654 269283 0 110810 0 0 0
1791031088 2902, 13801, 53, 0x0000000000000000 | 1.37 1.28 1.25 | cpu  69391919 7327 7315430 4778031952 269283 0 110810 0 0 0
1791031089 2917, 13801, 53, 0x0000000000000000 | 1.37 1.28 1.25 | cpu  69392038 7327 7315448 4778041269 269283 0 110810 0 0 0
1791031090 2910, 13801, 53, 0x0000000000000000 | 1.37 1.28 1.25 | cpu  69392153 7327 7315467 4778050591 269284 0 110810 0 0 0
1791031091 2910, 13801, 52, 0x0000000000000000 | 1.34 1.28 1.25 | cpu  69392265 7327 7315480 4778059871 269284 0 110810 0 0 0
1791031092 2910, 13801, 53, 0x0000000000000000 | 1.34 1.28 1.25 | cpu  69392377 7327 7315497 4778069186 269285 0 110810 0 0 0
1791031093 2910, 13801, 53, 0x0000000000000000 | 1.34 1.28 1.25 | cpu  69392490 7327 7315517 4778078566 269285 0 110810 0 0 0
1791031094 2917, 13801, 53, 0x0000000000000000 | 1.34 1.28 1.25 | cpu  69392603 7327 7315533 4778087869 269285 0 110810 0 0 0
1791031095 2902, 13801, 54, 0x0000000000000000 | 1.31 1.27 1.25 | cpu  69392716 7327 7315549 4778097152 269285 0 110810 0 0 0
1791031096 2902, 13801, 52, 0x0000000000000000 | 1.31 1.27 1.25 | cpu  69392835 7327 7315572 4778106527 269285 0 110811 0 0 0
1791031097 2902, 13801, 53, 0x0000000000000000 | 1.31 1.27 1.25 | cpu  69392961 7327 7315630 4778115830 269285 0 110811 0 0 0
1791031098 2917, 13801, 52, 0x0000000000000000 | 1.31 1.27 1.25 | cpu  69393084 7327 7315654 4778125108 269285 0 110811 0 0 0
1791031100 2910, 13801, 52, 0x0000000000000000 | 1.31 1.27 1.25 | cpu  69393199 7327 7315676 4778134383 269286 0 110811 0 0 0
1791031101 2895, 13801, 54, 0x0000000000000000 | 1.29 1.27 1.25 | cpu  69393312 7327 7315692 4778143702 269286 0 110811 0 0 0
1791031102 2895, 13801, 54, 0x0000000000000000 | 1.29 1.27 1.25 | cpu  69393424 7327 7315706 4778152999 269286 0 110811 0 0 0
1791031103 2902, 13801, 52, 0x0000000000000000 | 1.29 1.27 1.25 | cpu  69393535 7327 7315722 4778162260 269286 0 110811 0 0 0
1791031104 2955, 13801, 51, 0x0000000000000000 | 1.29 1.27 1.25 | cpu  69393642 7327 7315738 4778171542 269286 0 110811 0 0 0
1791031105 2917, 13801, 53, 0x0000000000000000 | 1.29 1.27 1.25 | cpu  69393755 7327 7315757 4778180824 269287 0 110811 0 0 0
1791031106 2902, 13801, 54, 0x0000000000000000 | 1.26 1.26 1.25 | cpu  69393866 7327 7315774 4778190120 269287 0 110811 0 0 0
1791031107 2895, 13801, 52, 0x0000000000000000 | 1.26 1.26 1.25 | cpu  69393983 7327 7315797 4778199453 269287 0 110811 0 0 0
1791031108 2895, 13801, 53, 0x0000000000000000 | 1.26 1.26 1.25 | cpu  69394105 7327 7315817 4778208828 269287 0 110811 0 0 0
1791031109 2917, 13801, 53, 0x0000000000000000 | 1.26 1.26 1.25 | cpu  69394217 7327 7315834 4778218148 269288 0 110811 0 0 0
1791031110 2925, 13801, 52, 0x0000000000000000 | 1.24 1.26 1.24 | cpu  69394331 7327 7315854 4778227457 269288 0 110811 0 0 0
1791031111 2895, 13801, 53, 0x0000000000000000 | 1.24 1.26 1.24 | cpu  69394443 7327 7315869 4778236745 269288 0 110811 0 0 0
1791031112 2902, 13801, 53, 0x0000000000000000 | 1.24 1.26 1.24 | cpu  69394555 7327 7315894 4778246042 269288 0 110811 0 0 0
1791031113 2902, 13801, 53, 0x0000000000000000 | 1.24 1.26 1.24 | cpu  69394667 7327 7315909 4778255365 269288 0 110811 0 0 0
1791031115 2910, 13801, 52, 0x0000000000000000 | 1.24 1.26 1.24 | cpu  69394780 7327 7315932 4778264636 269288 0 110811 0 0 0
1791031116 2910, 13801, 52, 0x0000000000000000 | 1.22 1.25 1.24 | cpu  69394896 7327 7315951 4778273947 269288 0 110811 0 0 0
1791031117 2895, 13801, 54, 0x0000000000000000 | 1.22 1.25 1.24 | cpu  69395010 7327 7315967 4778283250 269288 0 110811 0 0 0
1791031118 2902, 13801, 54, 0x0000000000000000 | 1.22 1.25 1.24 | cpu  69395127 7327 7315985 4778292538 269288 0 110811 0 0 0
1791031119 2902, 13801, 53, 0x0000000000000000 | 1.22 1.25 1.24 | cpu  69395241 7327 7316006 4778301854 269288 0 110811 0 0 0
1791031120 2925, 13801, 52, 0x0000000000000000 | 1.22 1.25 1.24 | cpu  69395354 7327 7316022 4778311192 269289 0 110811 0 0 0
1791031121 2932, 13801, 52, 0x0000000000000000 | 1.20 1.25 1.24 | cpu  69395468 7327 7316039 4778320466 269289 0 110811 0 0 0
1791031122 2917, 13801, 54, 0x0000000000000000 | 1.20 1.25 1.24 | cpu  69395580 7327 7316056 4778329788 269289 0 110811 0 0 0
1791031123 2925, 13801, 52, 0x0000000000000000 | 1.20 1.25 1.24 | cpu  69395693 7327 7316073 4778339087 269290 0 110811 0 0 0
1791031124 2910, 13801, 52, 0x0000000000000000 | 1.20 1.25 1.24 | cpu  69395807 7327 7316090 4778348369 269290 0 110811 0 0 0
1791031125 2895, 13801, 54, 0x0000000000000000 | 1.19 1.24 1.24 | cpu  69395922 7327 7316104 4778357616 269291 0 110811 0 0 0
1791031126 2910, 13801, 51, 0x0000000000000000 | 1.19 1.24 1.24 | cpu  69396035 7327 7316123 4778366927 269291 0 110811 0 0 0
1791031127 2925, 13801, 52, 0x0000000000000000 | 1.19 1.24 1.24 | cpu  69396148 7327 7316139 4778376256 269291 0 110811 0 0 0
1791031128 2895, 13801, 54, 0x0000000000000000 | 1.19 1.24 1.24 | cpu  69396258 7327 7316153 4778385531 269291 0 110811 0 0 0
1791031130 2917, 13801, 52, 0x0000000000000000 | 1.19 1.24 1.24 | cpu  69396370 7327 7316173 4778394838 269291 0 110811 0 0 0
1791031131 2925, 13801, 53, 0x0000000000000000 | 1.65 1.34 1.27 | cpu  69396528 7327 7316255 4778404024 269294 0 110811 0 0 0
1791031132 2932, 13801, 52, 0x0000000000000000 | 1.65 1.34 1.27 | cpu  69396639 7327 7316271 4778413309 269294 0 110811 0 0 0
1791031133 2910, 13801, 52, 0x0000000000000000 | 1.65 1.34 1.27 | cpu  69396757 7327 7316293 4778422589 269294 0 110811 0 0 0
1791031134 2910, 13801, 53, 0x0000000000000000 | 1.65 1.34 1.27 | cpu  69396872 7327 7316341 4778431839 269294 0 110811 0 0 0
1791031135 2910, 13801, 54, 0x0000000000000000 | 1.65 1.34 1.27 | cpu  69396983 7327 7316360 4778441098 269295 0 110811 0 0 0
1791031136 2955, 13801, 53, 0x0000000000000000 | 1.68 1.35 1.28 | cpu  69397093 7327 7316376 4778450402 269295 0 110811 0 0 0
1791031137 2917, 13801, 52, 0x0000000000000000 | 1.68 1.35 1.28 | cpu  69397237 7327 7316402 4778459680 269295 0 110811 0 0 0
1791031138 2925, 13801, 51, 0x0000000000000000 | 1.68 1.35 1.28 | cpu  69397347 7327 7316420 4778468943 269295 0 110811 0 0 0
1791031139 2947, 13801, 52, 0x0000000000000000 | 1.68 1.35 1.28 | cpu  69397458 7327 7316434 4778478204 269295 0 110811 0 0 0
1791031140 2925, 13801, 53, 0x0000000000000000 | 1.71 1.36 1.28 | cpu  69397574 7327 7316454 4778487436 269296 0 110811 0 0 0
1791031141 2925, 13801, 52, 0x0000000000000000 | 1.71 1.36 1.28 | cpu  69397687 7327 7316471 4778496721 269296 0 110811 0 0 0
1791031142 2917, 13801, 52, 0x0000000000000000 | 1.71 1.36 1.28 | cpu  69397818 7327 7316530 4778505975 269296 0 110811 0 0 0
1791031143 2925, 13801, 53, 0x0000000000000000 | 1.71 1.36 1.28 | cpu  69397937 7327 7316548 4778515261 269296 0 110811 0 0 0
1791031145 2917, 13801, 52, 0x0000000000000000 | 1.71 1.36 1.28 | cpu  69398055 7327 7316573 4778524582 269296 0 110811 0 0 0
1791031146 2902, 13801, 54, 0x0000000000000000 | 1.65 1.35 1.28 | cpu  69398168 7327 7316588 4778533906 269296 0 110811 0 0 0
1791031147 2917, 13801, 52, 0x0000000000000000 | 1.65 1.35 1.28 | cpu  69398282 7327 7316605 4778543187 269296 0 110811 0 0 0
1791031148 2917, 13801, 52, 0x0000000000000000 | 1.65 1.35 1.28 | cpu  69398394 7327 7316628 4778552498 269296 0 110811 0 0 0
1791031149 2925, 13801, 52, 0x0000000000000000 | 1.65 1.35 1.28 | cpu  69398505 7327 7316642 4778561791 269296 0 110811 0 0 0
1791031150 2917, 13801, 53, 0x0000000000000000 | 1.65 1.35 1.28 | cpu  69398619 7327 7316664 4778571047 269297 0 110811 0 0 0
1791031151 2902, 13801, 54, 0x0000000000000000 | 1.60 1.35 1.28 | cpu  69398731 7327 7316679 4778580338 269297 0 110811 0 0 0
1791031152 2910, 13801, 53, 0x0000000000000000 | 1.60 1.35 1.28 | cpu  69398842 7327 7316694 4778589614 269297 0 110811 0 0 0
1791031153 2917, 13801, 52, 0x0000000000000000 | 1.60 1.35 1.28 | cpu  69398953 7327 7316711 4778598875 269297 0 110811 0 0 0
1791031154 2932, 13801, 52, 0x0000000000000000 | 1.60 1.35 1.28 | cpu  69399065 7327 7316729 4778608153 269297 0 110811 0 0 0
1791031155 2917, 13801, 52, 0x0000000000000000 | 1.55 1.34 1.27 | cpu  69399179 7327 7316746 4778617432 269297 0 110811 0 0 0
1791031156 2917, 13801, 53, 0x0000000000000000 | 1.55 1.34 1.27 | cpu  69399301 7327 7316768 4778626678 269298 0 110811 0 0 0
1791031157 2917, 13801, 54, 0x0000000000000000 | 1.55 1.34 1.27 | cpu  69399423 7327 7316794 4778636027 269298 0 110811 0 0 0
1791031158 2917, 13801, 53, 0x0000000000000000 | 1.55 1.34 1.27 | cpu  69399560 7327 7316856 4778645293 269298 0 110811 0 0 0
1791031160 2917, 13801, 54, 0x0000000000000000 | 1.55 1.34 1.27 | cpu  69399694 7327 7316934 4778654553 269299 0 110811 0 0 0
1791031161 2902, 13801, 53, 0x0000000000000000 | 1.51 1.34 1.27 | cpu  69399807 7327 7316950 4778663832 269299 0 110811 0 0 0
1791031162 2917, 13801, 52, 0x0000000000000000 | 1.51 1.34 1.27 | cpu  69399922 7327 7316966 4778673155 269299 0 110811 0 0 0
1791031163 2917, 13801, 52, 0x0000000000000000 | 1.51 1.34 1.27 | cpu  69400034 7327 7316982 4778682415 269299 0 110811 0 0 0
1791031164 2910, 13801, 53, 0x0000000000000000 | 1.51 1.34 1.27 | cpu  69400148 7327 7317000 4778691721 269299 0 110811 0 0 0
1791031165 2910, 13801, 53, 0x0000000000000000 | 1.51 1.34 1.27 | cpu  69400263 7327 7317018 4778701014 269300 0 110811 0 0 0
1791031166 2902, 13801, 53, 0x0000000000000000 | 1.47 1.33 1.27 | cpu  69400374 7327 7317030 4778710295 269300 0 110811 0 0 0
1791031167 2910, 13801, 53, 0x0000000000000000 | 1.47 1.33 1.27 | cpu  69400491 7327 7317048 4778719587 269301 0 110811 0 0 0
1791031168 2932, 13801, 52, 0x0000000000000000 | 1.47 1.33 1.27 | cpu  69400603 7327 7317064 4778728905 269301 0 110811 0 0 0
1791031169 2895, 13801, 52, 0x0000000000000000 | 1.47 1.33 1.27 | cpu  69400715 7327 7317081 4778738192 269301 0 110811 0 0 0
1791031170 2910, 13801, 53, 0x0000000000000000 | 1.43 1.33 1.27 | cpu  69400830 7327 7317098 4778747493 269302 0 110811 0 0 0
1791031171 2917, 13801, 53, 0x0000000000000000 | 1.43 1.33 1.27 | cpu  69400941 7327 7317115 4778756775 269302 0 110811 0 0 0
1791031172 2895, 13801, 54, 0x0000000000000000 | 1.43 1.33 1.27 | cpu  69401055 7327 7317130 4778766053 269302 0 110811 0 0 0
1791031173 2917, 13801, 52, 0x0000000000000000 | 1.43 1.33 1.27 | cpu  69401162 7327 7317144 4778775314 269302 0 110811 0 0 0
1791031175 2917, 13801, 52, 0x0000000000000000 | 1.43 1.33 1.27 | cpu  69401278 7327 7317162 4778784618 269302 0 110811 0 0 0
1791031176 2902, 13801, 53, 0x0000000000000000 | 1.39 1.32 1.27 | cpu  69401390 7327 7317176 4778793925 269302 0 110811 0 0 0
1791031177 2895, 13801, 53, 0x0000000000000000 | 1.39 1.32 1.27 | cpu  69401501 7327 7317198 4778803184 269302 0 110811 0 0 0
1791031178 2902, 13801, 54, 0x0000000000000000 | 1.39 1.32 1.27 | cpu  69401616 7327 7317218 4778812501 269302 0 110811 0 0 0
1791031179 2902, 13801, 54, 0x0000000000000000 | 1.39 1.32 1.27 | cpu  69401732 7327 7317232 4778821750 269302 0 110811 0 0 0
1791031180 2925, 13801, 52, 0x0000000000000000 | 1.39 1.32 1.27 | cpu  69401844 7327 7317254 4778831055 269302 0 110811 0 0 0
1791031181 2932, 13801, 53, 0x0000000000000000 | 1.36 1.31 1.27 | cpu  69401957 7327 7317270 4778840374 269303 0 110811 0 0 0
1791031182 2910, 13801, 52, 0x0000000000000000 | 1.36 1.31 1.27 | cpu  69402072 7327 7317287 4778849693 269303 0 110811 0 0 0
1791031183 2917, 13801, 53, 0x0000000000000000 | 1.36 1.31 1.27 | cpu  69402187 7327 7317301 4778858984 269303 0 110811 0 0 0
1791031184 2917, 13801, 52, 0x0000000000000000 | 1.36 1.31 1.27 | cpu  69402300 7327 7317317 4778868284 269303 0 110811 0 0 0
1791031185 2910, 13801, 53, 0x0000000000000000 | 1.33 1.31 1.26 | cpu  69402412 7327 7317332 4778877572 269303 0 110811 0 0 0
1791031186 2917, 13801, 53, 0x0000000000000000 | 1.33 1.31 1.26 | cpu  69402524 7327 7317346 4778886824 269303 0 110811 0 0 0
1791031187 2925, 13801, 50, 0x0000000000000000 | 1.33 1.31 1.26 | cpu  69402642 7327 7317369 4778896132 269304 0 110811 0 0 0
1791031188 2917, 13801, 52, 0x0000000000000000 | 1.33 1.31 1.26 | cpu  69402761 7327 7317391 4778905458 269304 0 110811 0 0 0
1791031190 2925, 13801, 52, 0x0000000000000000 | 1.33 1.31 1.26 | cpu  69402889 7327 7317435 4778914718 269304 0 110811 0 0 0
1791031191 2917, 13801, 52, 0x0000000000000000 | 1.31 1.30 1.26 | cpu  69403012 7327 7317480 4778923976 269305 0 110811 0 0 0
1791031192 2887, 13801, 54, 0x0000000000000000 | 1.31 1.30 1.26 | cpu  69403126 7327 7317497 4778933288 269305 0 110811 0 0 0
1791031193 2902, 13801, 53, 0x0000000000000000 | 1.31 1.30 1.26 | cpu  69403240 7327 7317512 4778942594 269305 0 110811 0 0 0
1791031194 2917, 13801, 52, 0x0000000000000000 | 1.31 1.30 1.26 | cpu  69403352 7327 7317528 4778951910 269305 0 110811 0 0 0
1791031195 2895, 13801, 53, 0x0000000000000000 | 1.31 1.30 1.26 | cpu  69403466 7327 7317545 4778961202 269305 0 110811 0 0 0
1791031196 2902, 13801, 53, 0x0000000000000000 | 1.28 1.30 1.26 | cpu  69403581 7327 7317562 4778970476 269306 0 110811 0 0 0
1791031197 2917, 13801, 53, 0x0000000000000000 | 1.28 1.30 1.26 | cpu  69403693 7327 7317579 4778979759 269306 0 110811 0 0 0
1791031198 2902, 13801, 53, 0x0000000000000000 | 1.28 1.30 1.26 | cpu  69403803 7327 7317595 4778989023 269306 0 110811 0 0 0
1791031199 2910, 13801, 52, 0x0000000000000000 | 1.28 1.30 1.26 | cpu  69403917 7327 7317612 4778998314 269306 0 110811 0 0 0
1791031200 2895, 13801, 53, 0x0000000000000000 | 1.26 1.29 1.26 | cpu  69404030 7327 7317627 4779007631 269306 0 110811 0 0 0
1791031201 2917, 13801, 53, 0x0000000000000000 | 1.26 1.29 1.26 | cpu  69404170 7327 7317667 4779016851 269307 0 110811 0 0 0
1791031202 2917, 13801, 52, 0x0000000000000000 | 1.26 1.29 1.26 | cpu  69404323 7327 7317702 4779026061 269307 0 110811 0 0 0
1791031203 2917, 13801, 52, 0x0000000000000000 | 1.26 1.29 1.26 | cpu  69404434 7327 7317721 4779035342 269307 0 110811 0 0 0
1791031205 2925, 13801, 52, 0x0000000000000000 | 1.26 1.29 1.26 | cpu  69404557 7327 7317740 4779044627 269307 0 110811 0 0 0
1791031206 2917, 13801, 53, 0x0000000000000000 | 1.24 1.29 1.26 | cpu  69404688 7327 7317789 4779053902 269308 0 110811 0 0 0
1791031207 2917, 13801, 53, 0x0000000000000000 | 1.24 1.29 1.26 | cpu  69404804 7327 7317814 4779063215 269308 0 110811 0 0 0
1791031208 2955, 13801, 50, 0x0000000000000000 | 1.24 1.29 1.26 | cpu  69404918 7327 7317828 4779072509 269308 0 110811 0 0 0
1791031209 2917, 13801, 52, 0x0000000000000000 | 1.24 1.29 1.26 | cpu  69405031 7327 7317851 4779081781 269308 0 110811 0 0 0
1791031210 2932, 13801, 52, 0x0000000000000000 | 1.24 1.29 1.26 | cpu  69405148 7327 7317868 4779091072 269308 0 110811 0 0 0
1791031211 2887, 13801, 54, 0x0000000000000000 | 1.22 1.28 1.26 | cpu  69405259 7327 7317884 4779100370 269308 0 110811 0 0 0
1791031212 2902, 13801, 53, 0x0000000000000000 | 1.22 1.28 1.26 | cpu  69405374 7327 7317904 4779109618 269308 0 110811 0 0 0
1791031213 2925, 13801, 52, 0x0000000000000000 | 1.22 1.28 1.26 | cpu  69405490 7327 7317921 4779118903 269308 0 110811 0 0 0
1791031214 2925, 13801, 52, 0x0000000000000000 | 1.22 1.28 1.26 | cpu  69405603 7327 7317938 4779128190 269309 0 110811 0 0 0
1791031215 2895, 13801, 53, 0x0000000000000000 | 1.20 1.28 1.26 | cpu  69405714 7327 7317951 4779137449 269309 0 110811 0 0 0
1791031216 2910, 13801, 52, 0x0000000000000000 | 1.20 1.28 1.26 | cpu  69405828 7327 7317967 4779146715 269309 0 110811 0 0 0
1791031217 2932, 13801, 52, 0x0000000000000000 | 1.20 1.28 1.26 | cpu  69405940 7327 7317985 4779156061 269309 0 110811 0 0 0
1791031218 2925, 13801, 53, 0x0000000000000000 | 1.20 1.28 1.26 | cpu  69406055 7327 7318000 4779165358 269310 0 110811 0 0 0
1791031220 2917, 13801, 52, 0x0000000000000000 | 1.20 1.28 1.26 | cpu  69406172 7327 7318023 4779174680 269311 0 110811 0 0 0
1791031221 2917, 13801, 52, 0x0000000000000000 | 1.34 1.31 1.27 | cpu  69406296 7327 7318053 4779183998 269311 0 110812 0 0 0
1791031222 2932, 13801, 53, 0x0000000000000000 | 1.34 1.31 1.27 | cpu  69406421 7327 7318105 4779193294 269311 0 110812 0 0 0
1791031223 2925, 13801, 53, 0x0000000000000000 | 1.34 1.31 1.27 | cpu  69406533 7327 7318121 4779202590 269311 0 110812 0 0 0
1791031224 2895, 13801, 53, 0x0000000000000000 | 1.34 1.31 1.27 | cpu  69406648 7327 7318142 4779211895 269311 0 110812 0 0 0
1791031225 2895, 13801, 54, 0x0000000000000000 | 1.34 1.31 1.27 | cpu  69406761 7327 7318160 4779221192 269312 0 110812 0 0 0
1791031226 2902, 13801, 53, 0x0000000000000000 | 1.32 1.30 1.26 | cpu  69406874 7327 7318176 4779230511 269312 0 110812 0 0 0
1791031227 2902, 13801, 52, 0x0000000000000000 | 1.32 1.30 1.26 | cpu  69406987 7327 7318192 4779239841 269312 0 110812 0 0 0
1791031228 2917, 13801, 52, 0x0000000000000000 | 1.32 1.30 1.26 | cpu  69407099 7327 7318209 4779249117 269312 0 110812 0 0 0
1791031229 2925, 13801, 52, 0x0000000000000000 | 1.32 1.30 1.26 | cpu  69407211 7327 7318226 4779258412 269313 0 110812 0 0 0
1791031230 2932, 13801, 53, 0x0000000000000000 | 1.37 1.31 1.27 | cpu  69407327 7327 7318242 4779267688 269314 0 110812 0 0 0
1791031231 2925, 13801, 53, 0x0000000000000000 | 1.37 1.31 1.27 | cpu  69407442 7327 7318260 4779276939 269314 0 110812 0 0 0
1791031232 2925, 13801, 52, 0x0000000000000000 | 1.37 1.31 1.27 | cpu  69407558 7327 7318279 4779286244 269314 0 110812 0 0 0
1791031233 2917, 13801, 53, 0x0000000000000000 | 1.37 1.31 1.27 | cpu  69407668 7327 7318293 4779295514 269314 0 110812 0 0 0
1791031235 2917, 13801, 54, 0x0000000000000000 | 1.37 1.31 1.27 | cpu  69407783 7327 7318314 4779304807 269314 0 110812 0 0 0
1791031236 2925, 13801, 52, 0x0000000000000000 | 1.34 1.31 1.27 | cpu  69407899 7327 7318333 4779314066 269314 0 110812 0 0 0
1791031237 2917, 13801, 53, 0x0000000000000000 | 1.34 1.31 1.27 | cpu  69408019 7327 7318358 4779323344 269314 0 110812 0 0 0
1791031238 2887, 13801, 56, 0x0000000000000000 | 1.34 1.31 1.27 | cpu  69408134 7327 7318375 4779332641 269314 0 110812 0 0 0
1791031239 2902, 13801, 53, 0x0000000000000000 | 1.34 1.31 1.27 | cpu  69408246 7327 7318393 4779341894 269314 0 110812 0 0 0
1791031240 2902, 13801, 53, 0x0000000000000000 | 1.34 1.31 1.27 | cpu  69408360 7327 7318411 4779351174 269315 0 110812 0 0 0
1791031241 2902, 13801, 52, 0x0000000000000000 | 1.31 1.30 1.27 | cpu  69408472 7327 7318431 4779360440 269315 0 110812 0 0 0
1791031242 2910, 13801, 53, 0x0000000000000000 | 1.31 1.30 1.27 | cpu  69408584 7327 7318444 4779369733 269315 0 110812 0 0 0
1791031243 2925, 13801, 52, 0x0000000000000000 | 1.31 1.30 1.27 | cpu  69408695 7327 7318458 4779379029 269315 0 110812 0 0 0
1791031244 2895, 13801, 52, 0x0000000000000000 | 1.31 1.30 1.27 | cpu  69408808 7327 7318482 4779388310 269316 0 110812 0 0 0
1791031245 2910, 13801, 52, 0x0000000000000000 | 1.29 1.30 1.26 | cpu  69408920 7327 7318499 4779397593 269316 0 110812 0 0 0
1791031246 2932, 13801, 51, 0x0000000000000000 | 1.29 1.30 1.26 | cpu  69409037 7327 7318517 4779406874 269316 0 110812 0 0 0
1791031247 2925, 13801, 53, 0x0000000000000000 | 1.29 1.30 1.26 | cpu  69409149 7327 7318535 4779416188 269316 0 110812 0 0 0
1791031248 2917, 13801, 52, 0x0000000000000000 | 1.29 1.30 1.26 | cpu  69409265 7327 7318550 4779425511 269316 0 110812 0 0 0
1791031250 2932, 13801, 51, 0x0000000000000000 | 1.29 1.30 1.26 | cpu  69409380 7327 7318567 4779434826 269317 0 110812 0 0 0
1791031251 2932, 13801, 52, 0x0000000000000000 | 1.27 1.29 1.26 | cpu  69409492 7327 7318584 4779444126 269317 0 110812 0 0 0
1791031252 2925, 13801, 52, 0x0000000000000000 | 1.27 1.29 1.26 | cpu  69409606 7327 7318602 4779453408 269317 0 110812 0 0 0
1791031253 2902, 13801, 53, 0x0000000000000000 | 1.27 1.29 1.26 | cpu  69409719 7327 7318617 4779462726 269317 0 110812 0 0 0
1791031254 2910, 13801, 52, 0x0000000000000000 | 1.27 1.29 1.26 | cpu  69409831 7327 7318631 4779472030 269317 0 110812 0 0 0
1791031255 2917, 13801, 53, 0x0000000000000000 | 1.27 1.29 1.26 | cpu  69409949 7327 7318651 4779481335 269318 0 110812 0 0 0
1791031256 2910, 13801, 52, 0x0000000000000000 | 1.32 1.30 1.27 | cpu  69410062 7327 7318668 4779490609 269318 0 110812 0 0 0
1791031257 2917, 13801, 53, 0x0000000000000000 | 1.32 1.30 1.27 | cpu  69410186 7327 7318687 4779499878 269318 0 110812 0 0 0
1791031258 2895, 13801, 53, 0x0000000000000000 | 1.32 1.30 1.27 | cpu  69410302 7327 7318707 4779509163 269318 0 110812 0 0 0
1791031259 2917, 13801, 53, 0x0000000000000000 | 1.32 1.30 1.27 | cpu  69410415 7327 7318724 4779518480 269318 0 110812 0 0 0
1791031260 2902, 13801, 53, 0x0000000000000000 | 1.30 1.30 1.27 | cpu  69410528 7327 7318739 4779527741 269319 0 110812 0 0 0
1791031261 2895, 13801, 53, 0x0000000000000000 | 1.30 1.30 1.27 | cpu  69410641 7327 7318755 4779537071 269319 0 110812 0 0 0
1791031262 2917, 13801, 53, 0x0000000000000000 | 1.30 1.30 1.27 | cpu  69410753 7327 7318772 4779546380 269319 0 110812 0 0 0
1791031263 2902, 13801, 53, 0x0000000000000000 | 1.30 1.30 1.27 | cpu  69410868 7327 7318789 4779555692 269319 0 110812 0 0 0
1791031265 2895, 13801, 53, 0x0000000000000000 | 1.30 1.30 1.27 | cpu  69410980 7327 7318806 4779564969 269319 0 110812 0 0 0
1791031266 2925, 13801, 52, 0x0000000000000000 | 1.27 1.29 1.26 | cpu  69411096 7327 7318823 4779574258 269320 0 110812 0 0 0
1791031267 2895, 13801, 53, 0x0000000000000000 | 1.27 1.29 1.26 | cpu  69411209 7327 7318839 4779583620 269320 0 110812 0 0 0
1791031268 2902, 13801, 54, 0x0000000000000000 | 1.27 1.29 1.26 | cpu  69411320 7327 7318853 4779592872 269320 0 110812 0 0 0
1791031269 2917, 13801, 52, 0x0000000000000000 | 1.27 1.29 1.26 | cpu  69411433 7327 7318873 4779602159 269320 0 110812 0 0 0
1791031270 2917, 13801, 52, 0x0000000000000000 | 1.27 1.29 1.26 | cpu  69411551 7327 7318892 4779611470 269320 0 110812 0 0 0
1791031271 2932, 13801, 53, 0x0000000000000000 | 1.25 1.29 1.26 | cpu  69411663 7327 7318909 4779620746 269320 0 110812 0 0 0
1791031272 2910, 13801, 54, 0x0000000000000000 | 1.25 1.29 1.26 | cpu  69411775 7327 7318922 4779629996 269320 0 110812 0 0 0
1791031273 2895, 13801, 53, 0x0000000000000000 | 1.25 1.29 1.26 | cpu  69411890 7327 7318938 4779639258 269320 0 110812 0 0 0
1791031274 2925, 13801, 52, 0x0000000000000000 | 1.25 1.29 1.26 | cpu  69412005 7327 7318962 4779648556 269321 0 110812 0 0 0
1791031275 2910, 13801, 53, 0x0000000000000000 | 1.23 1.28 1.26 | cpu  69412120 7327 7318978 4779657816 269321 0 110812 0 0 0
1791031276 2917, 13801, 53, 0x0000000000000000 | 1.23 1.28 1.26 | cpu  69412232 7327 7319000 4779667143 269321 0 110812 0 0 0
1791031277 2955, 13801, 50, 0x0000000000000000 | 1.23 1.28 1.26 | cpu  69412343 7327 7319014 4779676424 269321 0 110812 0 0 0
1791031278 2917, 13801, 51, 0x0000000000000000 | 1.23 1.28 1.26 | cpu  69412455 7327 7319032 4779685681 269321 0 110812 0 0 0
1791031280 2925, 13801, 52, 0x0000000000000000 | 1.23 1.28 1.26 | cpu  69412568 7327 7319051 4779694953 269322 0 110812 0 0 0
1791031281 2887, 13801, 52, 0x0000000000000000 | 1.21 1.28 1.26 | cpu  69412683 7327 7319070 4779704221 269323 0 110812 0 0 0
1791031282 2902, 13801, 53, 0x0000000000000000 | 1.21 1.28 1.26 | cpu  69412800 7327 7319088 4779713510 269323 0 110812 0 0 0
1791031283 2917, 13801, 54, 0x0000000000000000 | 1.21 1.28 1.26 | cpu  69412935 7327 7319145 4779722798 269323 0 110812 0 0 0
1791031284 2902, 13801, 53, 0x0000000000000000 | 1.21 1.28 1.26 | cpu  69413049 7327 7319171 4779732046 269323 0 110812 0 0 0
1791031285 2910, 13801, 53, 0x0000000000000000 | 1.21 1.28 1.26 | cpu  69413163 7327 7319191 4779741313 269323 0 110812 0 0 0
1791031286 2940, 13801, 49, 0x0000000000000000 | 1.20 1.27 1.26 | cpu  69413273 7327 7319210 4779750629 269323 0 110812 0 0 0
1791031287 2917, 13801, 52, 0x0000000000000000 | 1.20 1.27 1.26 | cpu  69413385 7327 7319225 4779759904 269323 0 110812 0 0 0
1791031288 2955, 13801, 48, 0x0000000000000000 | 1.20 1.27 1.26 | cpu  69413496 7327 7319243 4779769192 269323 0 110812 0 0 0
1791031289 2955, 13801, 48, 0x0000000000000000 | 1.20 1.27 1.26 | cpu  69413609 7327 7319263 4779778524 269323 0 110812 0 0 0
1791031290 2932, 13801, 48, 0x0000000000000000 | 1.26 1.29 1.26 | cpu  69413720 7327 7319277 4779787750 269324 0 110812 0 0 0
1791031291 2955, 13801, 51, 0x0000000000000000 | 1.26 1.29 1.26 | cpu  69413828 7327 7319297 4779797019 269324 0 110812 0 0 0
1791031292 2932, 13801, 51, 0x0000000000000000 | 1.26 1.29 1.26 | cpu  69413948 7327 7319314 4779806303 269324 0 110812 0 0 0
1791031293 2925, 13801, 52, 0x0000000000000000 | 1.26 1.29 1.26 | cpu  69414050 7327 7319341 4779815530 269324 0 110812 0 0 0
1791031295 2955, 13801, 47, 0x0000000000000000 | 1.26 1.29 1.26 | cpu  69414139 7327 7319375 4779824806 269324 0 110812 0 0 0
1791031296 2955, 13801, 46, 0x0000000000000000 | 1.24 1.28 1.26 | cpu  69414226 7327 7319410 4779834071 269324 0 110812 0 0 0
1791031297 2415, 13801, 46, 0x0000000000000000 | 1.24 1.28 1.26 | cpu  69414311 7327 7319448 4779843335 269324 0 110812 0 0 0
1791031298 2415, 13801, 45, 0x0000000000000000 | 1.24 1.28 1.26 | cpu  69414398 7327 7319482 4779852613 269324 0 110812 0 0 0
1791031299 2415, 13801, 45, 0x0000000000000000 | 1.24 1.28 1.26 | cpu  69414482 7327 7319517 4779861916 269324 0 110812 0 0 0
1791031300 2415, 13801, 45, 0x0000000000000000 | 1.24 1.28 1.26 | cpu  69414568 7327 7319554 4779871161 269324 0 110812 0 0 0
1791031301 2415, 13801, 45, 0x0000000000000000 | 1.22 1.28 1.26 | cpu  69414654 7327 7319591 4779880433 269324 0 110812 0 0 0
1791031302 2415, 13801, 45, 0x0000000000000000 | 1.22 1.28 1.26 | cpu  69414740 7327 7319628 4779889719 269324 0 110812 0 0 0
1791031303 2415, 13801, 45, 0x0000000000000000 | 1.22 1.28 1.26 | cpu  69414827 7327 7319663 4779898989 269324 0 110812 0 0 0
1791031304 2415, 13801, 44, 0x0000000000000000 | 1.22 1.28 1.26 | cpu  69414914 7327 7319702 4779908246 269324 0 110812 0 0 0
1791031305 2415, 13801, 44, 0x0000000000000000 | 1.20 1.27 1.26 | cpu  69415003 7327 7319739 4779917564 269325 0 110812 0 0 0
1791031306 2415, 13801, 44, 0x0000000000000000 | 1.20 1.27 1.26 | cpu  69415088 7327 7319786 4779926792 269325 0 110812 0 0 0
1791031307 2415, 13801, 44, 0x0000000000000000 | 1.20 1.27 1.26 | cpu  69415175 7327 7319824 4779936090 269325 0 110812 0 0 0
1791031308 2415, 13801, 44, 0x0000000000000000 | 1.20 1.27 1.26 | cpu  69415260 7327 7319866 4779945394 269325 0 110812 0 0 0
1791031309 2415, 13801, 44, 0x0000000000000000 | 1.20 1.27 1.26 | cpu  69415349 7327 7319904 4779954702 269325 0 110812 0 0 0
1791031311 2415, 13801, 44, 0x0000000000000000 | 1.18 1.27 1.26 | cpu  69415457 7327 7319951 4779963980 269326 0 110812 0 0 0
1791031312 2415, 13801, 44, 0x0000000000000000 | 1.18 1.27 1.26 | cpu  69415541 7327 7319988 4779973256 269327 0 110812 0 0 0
1791031313 2415, 13801, 44, 0x0000000000000000 | 1.18 1.27 1.26 | cpu  69415626 7327 7320026 4779982575 269327 0 110812 0 0 0
1791031314 2415, 13801, 44, 0x0000000000000000 | 1.18 1.27 1.26 | cpu  69415718 7327 7320074 4779991828 269327 0 110812 0 0 0
1791031315 2415, 13801, 44, 0x0000000000000000 | 1.18 1.27 1.26 | cpu  69415807 7327 7320111 4780001071 269327 0 110812 0 0 0
1791031316 2415, 13801, 44, 0x0000000000000000 | 1.17 1.26 1.26 | cpu  69415892 7327 7320148 4780010328 269328 0 110812 0 0 0
1791031317 2415, 13801, 43, 0x0000000000000000 | 1.17 1.26 1.26 | cpu  69415977 7327 7320185 4780019617 269328 0 110812 0 0 0
1791031318 2415, 13801, 43, 0x0000000000000000 | 1.17 1.26 1.26 | cpu  69416061 7327 7320222 4780028877 269328 0 110812 0 0 0
1791031319 2415, 13801, 43, 0x0000000000000000 | 1.17 1.26 1.26 | cpu  69416153 7327 7320259 4780038145 269328 0 110812 0 0 0
1791031320 2415, 13801, 43, 0x0000000000000000 | 1.24 1.27 1.26 | cpu  69416242 7327 7320296 4780047402 269328 0 110812 0 0 0
1791031321 2415, 13801, 43, 0x0000000000000000 | 1.24 1.27 1.26 | cpu  69416329 7327 7320336 4780056675 269329 0 110812 0 0 0
1791031322 2415, 13801, 43, 0x0000000000000000 | 1.24 1.27 1.26 | cpu  69416416 7327 7320376 4780065914 269329 0 110812 0 0 0
1791031323 2415, 13801, 43, 0x0000000000000000 | 1.24 1.27 1.26 | cpu  69416501 7327 7320413 4780075139 269329 0 110812 0 0 0
1791031324 2415, 13801, 43, 0x0000000000000000 | 1.24 1.27 1.26 | cpu  69416586 7327 7320449 4780084449 269329 0 110812 0 0 0
1791031326 2415, 13801, 43, 0x0000000000000000 | 1.22 1.27 1.26 | cpu  69416670 7327 7320486 4780093702 269329 0 110812 0 0 0
1791031327 2415, 13801, 43, 0x0000000000000000 | 1.22 1.27 1.26 | cpu  69416761 7327 7320525 4780102999 269330 0 110812 0 0 0
1791031328 2415, 13801, 43, 0x0000000000000000 | 1.22 1.27 1.26 | cpu  69416843 7327 7320564 4780112272 269330 0 110812 0 0 0
1791031329 2415, 13801, 43, 0x0000000000000000 | 1.22 1.27 1.26 | cpu  69416930 7327 7320604 4780121572 269330 0 110812 0 0 0
1791031330 2415, 13801, 43, 0x0000000000000000 | 1.22 1.27 1.26 | cpu  69417018 7327 7320639 4780130873 269330 0 110812 0 0 0
1791031331 2415, 13801, 43, 0x0000000000000000 | 1.20 1.26 1.26 | cpu  69417102 7327 7320678 4780140174 269330 0 110812 0 0 0
1791031332 2415, 13801, 42, 0x0000000000000000 | 1.20 1.26 1.26 | cpu  69417189 7327 7320722 4780149509 269330 0 110812 0 0 0
1791031333 2415, 13801, 42, 0x0000000000000000 | 1.20 1.26 1.26 | cpu  69417275 7327 7320761 4780158857 269330 0 110812 0 0 0
1791031334 2415, 13801, 42, 0x0000000000000000 | 1.20 1.26 1.26 | cpu  69417359 7327 7320801 4780168205 269331 0 110812 0 0 0
1791031335 2415, 13801, 42, 0x0000000000000000 | 1.18 1.26 1.26 | cpu  69417443 7327 7320836 4780177519 269331 0 110812 0 0 0
1791031336 2415, 13801, 42, 0x0000000000000000 | 1.18 1.26 1.26 | cpu  69417531 7327 7320877 4780186839 269331 0 110812 0 0 0
1791031337 2415, 13801, 42, 0x0000000000000000 | 1.18 1.26 1.26 | cpu  69417623 7327 7320921 4780196159 269331 0 110812 0 0 0
1791031338 2415, 13801, 42, 0x0000000000000000 | 1.18 1.26 1.26 | cpu  69417709 7327 7320970 4780205466 269331 0 110812 0 0 0
1791031339 2415, 13801, 42, 0x0000000000000000 | 1.18 1.26 1.26 | cpu  69417804 7327 7321009 4780214768 269332 0 110812 0 0 0
1791031341 2415, 13801, 42, 0x0000000000000000 | 1.25 1.27 1.26 | cpu  69417891 7327 7321052 4780224091 269332 0 110812 0 0 0
1791031342 2415, 13801, 42, 0x0000000000000000 | 1.25 1.27 1.26 | cpu  69417975 7327 7321091 4780233425 269332 0 110812 0 0 0
1791031343 2415, 13801, 42, 0x0000000000000000 | 1.25 1.27 1.26 | cpu  69418063 7327 7321133 4780242780 269332 0 110812 0 0 0
1791031344 2415, 13801, 42, 0x0000000000000000 | 1.25 1.27 1.26 | cpu  69418156 7327 7321175 4780252094 269334 0 110813 0 0 0
1791031345 2445, 13801, 42, 0x0000000000000000 | 1.25 1.27 1.26 | cpu  69418245 7327 7321269 4780261375 269334 0 110813 0 0 0
1791031346 2415, 13801, 42, 0x0000000000000000 | 1.23 1.27 1.26 | cpu  69418300 7327 7321365 4780270644 269334 0 110813 0 0 0
1791031347 2415, 13801, 42, 0x0000000000000000 | 1.23 1.27 1.26 | cpu  69418316 7327 7321474 4780280040 269334 0 110813 0 0 0
1791031348 2415, 13801, 42, 0x0000000000000000 | 1.23 1.27 1.26 | cpu  69418383 7327 7321561 4780289302 269334 0 110813 0 0 0
1791031349 2415, 13801, 41, 0x0000000000000000 | 1.23 1.27 1.26 | cpu  69418492 7327 7321575 4780298578 269334 0 110813 0 0 0
1791031350 2415, 13801, 41, 0x0000000000000000 | 1.21 1.26 1.26 | cpu  69418590 7327 7321593 4780307819 269335 0 110813 0 0 0
