1791047257 2647, 14001, 44, 0x0000000000000000 | 11.40 13.48 15.20 | cpu  69096886 1002 13671060 2592351328 488112 0 200806 0 0 0
1791047258 877, 7001, 44, 0x0000000000000000 | 11.40 13.48 15.20 | cpu  69098797 1002 13671276 2592375415 488112 0 200809 0 0 0
1791047259 555, 7001, 43, 0x0000000000000004 | 11.40 13.48 15.20 | cpu  69100223 1002 13671354 2592398091 488114 0 200812 0 0 0
1791047260 300, 810, 43, 0x0000000000000004 | 11.40 13.48 15.20 | cpu  69101670 1002 13671438 2592421425 488118 0 200812 0 0 0
1791047261 300, 405, 43, 0x0000000000000004 | 10.81 13.32 15.14 | cpu  69102102 1002 13671485 2592445987 488119 0 200812 0 0 0
1791047262 300, 405, 43, 0x0000000000000004 | 10.81 13.32 15.14 | cpu  69103516 1002 13671537 2592470171 488119 0 200812 0 0 0
1791047264 300, 405, 43, 0x0000000000000004 | 10.81 13.32 15.14 | cpu  69105704 1002 13671570 2592494964 488119 0 200812 0 0 0
1791047265 2662, 13801, 43, 0x0000000000000000 | 10.81 13.32 15.14 | cpu  69106384 1002 13671649 2592519667 488120 0 200812 0 0 0
1791047266 2647, 13801, 43, 0x0000000000000000 | 10.81 13.32 15.14 | cpu  69107242 1002 13671740 2592544596 488125 0 200812 0 0 0
1791047267 2647, 13801, 43, 0x0000000000000000 | 10.34 13.18 15.08 | cpu  69108041 1002 13671817 2592568163 488126 0 200813 0 0 0
1791047268 2647, 13801, 43, 0x0000000000000000 | 10.34 13.18 15.08 | cpu  69108750 1002 13671931 2592591939 488137 0 200813 0 0 0
1791047269 2647, 13801, 43, 0x0000000000000000 | 10.34 13.18 15.08 | cpu  69109180 1002 13672079 2592616376 488148 0 200813 0 0 0
1791047270 2647, 13801, 43, 0x0000000000000000 | 10.34 13.18 15.08 | cpu  69109607 1002 13672122 2592641507 488153 0 200814 0 0 0
1791047272 2647, 13801, 43, 0x0000000000000000 | 9.83 13.03 15.02 | cpu  69110015 1002 13672146 2592665972 488156 0 200815 0 0 0
1791047273 2647, 13801, 43, 0x0000000000000000 | 9.83 13.03 15.02 | cpu  69110366 1003 13672174 2592691311 488157 0 200815 0 0 0
1791047274 2700, 13801, 44, 0x0000000000000000 | 9.83 13.03 15.02 | cpu  69110745 1003 13672228 2592716106 488167 0 200815 0 0 0
1791047275 3045, 13801, 44, 0x0000000000000000 | 9.83 13.03 15.02 | cpu  69111055 1003 13672276 2592741101 488167 0 200815 0 0 0
1791047276 3045, 13801, 45, 0x0000000000000000 | 9.83 13.03 15.02 | cpu  69111358 1003 13672324 2592765651 488167 0 200815 0 0 0
1791047277 3045, 13801, 44, 0x0000000000000000 | 9.29 12.87 14.96 | cpu  69111674 1003 13672375 2592790131 488167 0 200816 0 0 0
1791047278 3045, 13801, 44, 0x0000000000000000 | 9.29 12.87 14.96 | cpu  69114608 1003 13672487 2592812050 488169 0 200817 0 0 0
1791047279 3045, 13801, 44, 0x0000000000000000 | 9.29 12.87 14.96 | cpu  69114943 1003 13672960 2592836016 488169 0 200817 0 0 0
1791047281 3045, 13801, 44, 0x0000000000000000 | 9.29 12.87 14.96 | cpu  69117216 1003 13673099 2592858979 488169 0 200817 0 0 0
1791047282 3045, 13801, 44, 0x0000000000000000 | 8.86 12.72 14.90 | cpu  69118102 1003 13673279 2592882667 488173 0 200817 0 0 0
1791047283 2670, 13801, 43, 0x0000000000000000 | 8.86 12.72 14.90 | cpu  69119076 1003 13673356 2592906409 488173 0 200817 0 0 0
1791047284 2677, 13801, 43, 0x0000000000000000 | 8.86 12.72 14.90 | cpu  69120100 1003 13673488 2592930898 488173 0 200817 0 0 0
1791047285 2670, 13801, 43, 0x0000000000000000 | 8.86 12.72 14.90 | cpu  69120514 1003 13673566 2592955588 488173 0 200818 0 0 0
1791047286 2670, 13801, 43, 0x0000000000000000 | 8.86 12.72 14.90 | cpu  69122608 1003 13673634 2592978241 488177 0 200818 0 0 0
1791047287 3045, 13801, 44, 0x0000000000000000 | 8.55 12.59 14.84 | cpu  69122997 1003 13673680 2593002764 488177 0 200818 0 0 0
1791047288 3045, 13801, 43, 0x0000000000000000 | 8.55 12.59 14.84 | cpu  69123344 1003 13673734 2593028640 488177 0 200818 0 0 0
1791047290 3045, 13801, 44, 0x0000000000000000 | 8.55 12.59 14.84 | cpu  69123685 1003 13673788 2593053953 488177 0 200818 0 0 0
1791047291 3045, 13801, 43, 0x0000000000000000 | 8.55 12.59 14.84 | cpu  69124374 1003 13673858 2593078175 488177 0 200819 0 0 0
1791047292 3045, 13801, 43, 0x0000000000000000 | 8.19 12.45 14.79 | cpu  69124736 1003 13673964 2593102542 488177 0 200819 0 0 0
1791047293 3045, 13801, 43, 0x0000000000000000 | 8.19 12.45 14.79 | cpu  69125080 1003 13674094 2593126929 488179 0 200819 0 0 0
1791047294 2647, 13801, 42, 0x0000000000000000 | 8.19 12.45 14.79 | cpu  69126174 1003 13674818 2593151442 488180 0 200822 0 0 0
1791047295 2647, 13801, 42, 0x0000000000000000 | 8.19 12.45 14.79 | cpu  69126358 1003 13674990 2593176424 488181 0 200822 0 0 0
1791047296 2647, 13801, 42, 0x0000000000000000 | 7.93 12.32 14.73 | cpu  69127151 1003 13675212 2593200204 488181 0 200822 0 0 0
1791047297 2647, 13801, 42, 0x0000000000000000 | 7.93 12.32 14.73 | cpu  69127784 1003 13675349 2593225201 488184 0 200823 0 0 0
1791047299 2647, 13801, 42, 0x0000000000000000 | 7.93 12.32 14.73 | cpu  69128392 1003 13675443 2593249329 488186 0 200824 0 0 0
1791047300 2647, 13801, 42, 0x0000000000000000 | 7.93 12.32 14.73 | cpu  69131467 1004 13675822 2593272176 488187 0 200825 0 0 0
1791047301 2647, 13801, 42, 0x0000000000000000 | 7.93 12.32 14.73 | cpu  69133848 1004 13676185 2593295566 488190 0 200825 0 0 0
1791047302 2647, 13801, 42, 0x0000000000000000 | 7.62 12.18 14.67 | cpu  69134779 1004 13676386 2593320230 488190 0 200827 0 0 0
1791047303 2647, 13801, 42, 0x0000000000000000 | 7.62 12.18 14.67 | cpu  69136524 1004 13676453 2593343685 488190 0 200827 0 0 0
1791047304 2707, 13801, 42, 0x0000000000000000 | 7.62 12.18 14.67 | cpu  69141646 1004 13676501 2593371248 488193 0 200828 0 0 0
1791047306 2677, 13801, 42, 0x0000000000000000 | 7.62 12.18 14.67 | cpu  69145665 1004 13676589 2593392070 488194 0 200830 0 0 0
1791047307 2662, 13801, 42, 0x0000000000000000 | 11.57 12.93 14.90 | cpu  69150593 1004 13676725 2593411340 488194 0 200830 0 0 0
1791047308 2670, 13801, 42, 0x0000000000000000 | 11.57 12.93 14.90 | cpu  69154536 1004 13676796 2593432329 488198 0 200831 0 0 0
1791047309 2670, 13801, 42, 0x0000000000000000 | 11.57 12.93 14.90 | cpu  69158350 1004 13676851 2593453911 488198 0 200832 0 0 0
1791047310 2670, 13801, 42, 0x0000000000000000 | 11.57 12.93 14.90 | cpu  69162216 1004 13676892 2593476006 488198 0 200832 0 0 0
1791047311 2745, 13801, 42, 0x0000000000000000 | 10.97 12.78 14.84 | cpu  69164124 1004 13676920 2593498974 488199 0 200832 0 0 0
1791047313 2685, 13801, 42, 0x0000000000000000 | 10.97 12.78 14.84 | cpu  69164556 1004 13676971 2593523805 488199 0 200832 0 0 0
1791047314 2647, 13801, 42, 0x0000000000000000 | 10.97 12.78 14.84 | cpu  69165059 1004 13677010 2593549506 488200 0 200832 0 0 0
1791047315 2647, 13801, 42, 0x0000000000000000 | 10.97 12.78 14.84 | cpu  69165503 1004 13677035 2593574514 488203 0 200832 0 0 0
1791047316 2647, 13801, 41, 0x0000000000000000 | 10.97 12.78 14.84 | cpu  69165886 1004 13677123 2593598943 488205 0 200832 0 0 0
1791047317 2647, 13801, 41, 0x0000000000000000 | 10.49 12.65 14.79 | cpu  69166280 1004 13677287 2593623787 488205 0 200836 0 0 0
1791047318 2647, 13801, 41, 0x0000000000000000 | 10.49 12.65 14.79 | cpu  69167310 1004 13677338 2593647963 488205 0 200836 0 0 0
1791047319 2647, 13801, 41, 0x0000000000000000 | 10.49 12.65 14.79 | cpu  69167990 1004 13677450 2593671976 488208 0 200837 0 0 0
1791047320 2647, 13801, 41, 0x0000000000000000 | 10.49 12.65 14.79 | cpu  69170338 1004 13677563 2593694558 488208 0 200837 0 0 0
1791047322 2647, 13801, 41, 0x0000000000000000 | 9.97 12.51 14.73 | cpu  69173806 1004 13677680 2593717554 488211 0 200837 0 0 0
1791047323 2647, 13801, 41, 0x0000000000000000 | 9.97 12.51 14.73 | cpu  69175316 1004 13677947 2593742124 488218 0 200837 0 0 0
1791047324 2647, 13801, 41, 0x0000000000000000 | 9.97 12.51 14.73 | cpu  69176616 1004 13678075 2593766476 488219 0 200837 0 0 0
1791047325 2647, 13801, 41, 0x0000000000000000 | 9.97 12.51 14.73 | cpu  69178070 1004 13678192 2593789738 488220 0 200837 0 0 0
1791047326 2647, 13801, 41, 0x0000000000000000 | 9.73 12.41 14.69 | cpu  69179453 1004 13678307 2593813268 488220 0 200838 0 0 0
1791047327 2647, 13801, 41, 0x0000000000000000 | 9.73 12.41 14.69 | cpu  69180173 1004 13678383 2593837242 488220 0 200838 0 0 0
1791047328 2647, 13801, 41, 0x0000000000000000 | 9.73 12.41 14.69 | cpu  69181829 1004 13678505 2593860290 488221 0 200838 0 0 0
1791047330 2647, 13801, 41, 0x0000000000000000 | 9.73 12.41 14.69 | cpu  69183272 1004 13678633 2593884692 488221 0 200838 0 0 0
1791047331 2647, 13801, 41, 0x0000000000000000 | 9.73 12.41 14.69 | cpu  69184554 1004 13678761 2593908878 488221 0 200838 0 0 0
1791047332 2647, 13801, 41, 0x0000000000000000 | 9.43 12.31 14.64 | cpu  69185449 1004 13678912 2593933910 488221 0 200838 0 0 0
1791047333 2647, 13801, 41, 0x0000000000000000 | 9.43 12.31 14.64 | cpu  69186933 1004 13679012 2593957880 488222 0 200838 0 0 0
1791047334 2647, 13801, 41, 0x0000000000000000 | 9.43 12.31 14.64 | cpu  69188026 1004 13679163 2593981596 488222 0 200840 0 0 0
1791047335 2647, 13801, 41, 0x0000000000000000 | 9.43 12.31 14.64 | cpu  69188334 1004 13679321 2594005992 488225 0 200840 0 0 0
1791047336 2647, 13801, 41, 0x0000000000000000 | 8.92 12.15 14.58 | cpu  69188604 1004 13679408 2594030514 488225 0 200840 0 0 0
1791047337 2647, 13801, 41, 0x0000000000000000 | 8.92 12.15 14.58 | cpu  69188992 1004 13679486 2594054995 488225 0 200840 0 0 0
1791047339 2647, 13801, 41, 0x0000000000000000 | 8.92 12.15 14.58 | cpu  69189382 1004 13679563 2594079398 488225 0 200840 0 0 0
1791047340 2647, 13801, 41, 0x0000000000000000 | 8.92 12.15 14.58 | cpu  69189779 1004 13679638 2594104199 488226 0 200840 0 0 0
1791047341 2647, 13801, 40, 0x0000000000000000 | 8.92 12.15 14.58 | cpu  69190161 1004 13679712 2594128663 488226 0 200840 0 0 0
1791047342 2647, 13801, 41, 0x0000000000000000 | 8.52 12.02 14.52 | cpu  69190581 1004 13679789 2594153424 488226 0 200840 0 0 0
1791047343 2647, 13801, 41, 0x0000000000000000 | 8.52 12.02 14.52 | cpu  69191895 1004 13679935 2594178077 488227 0 200840 0 0 0
1791047344 2647, 13801, 40, 0x0000000000000000 | 8.52 12.02 14.52 | cpu  69192720 1004 13680047 2594201999 488228 0 200841 0 0 0
1791047345 2647, 13801, 40, 0x0000000000000000 | 8.52 12.02 14.52 | cpu  69193366 1004 13680158 2594226134 488228 0 200842 0 0 0
1791047346 2647, 13801, 40, 0x0000000000000000 | 8.24 11.90 14.47 | cpu  69194266 1004 13680293 2594250892 488230 0 200842 0 0 0
1791047348 2647, 13801, 40, 0x0000000000000000 | 8.24 11.90 14.47 | cpu  69194595 1004 13680391 2594275945 488230 0 200842 0 0 0
1791047349 2647, 13801, 40, 0x0000000000000000 | 8.24 11.90 14.47 | cpu  69194824 1004 13680590 2594300587 488230 0 200842 0 0 0
1791047350 2647, 13801, 40, 0x0000000000000000 | 8.24 11.90 14.47 | cpu  69195094 1004 13680678 2594325185 488230 0 200842 0 0 0
1791047351 2647, 13801, 40, 0x0000000000000000 | 8.24 11.90 14.47 | cpu  69195373 1004 13680756 2594349765 488231 0 200842 0 0 0
1791047352 2647, 13801, 40, 0x0000000000000000 | 7.98 11.79 14.42 | cpu  69197657 1004 13680849 2594372214 488234 0 200846 0 0 0
1791047353 2647, 13801, 40, 0x0000000000000000 | 7.98 11.79 14.42 | cpu  69199227 1004 13681042 2594395566 488234 0 200846 0 0 0
1791047354 2647, 13801, 40, 0x0000000000000000 | 7.98 11.79 14.42 | cpu  69201189 1004 13681240 2594418494 488234 0 200846 0 0 0
1791047355 2647, 13801, 40, 0x0000000000000000 | 7.98 11.79 14.42 | cpu  69202397 1004 13681353 2594442220 488234 0 200849 0 0 0
1791047357 2647, 13801, 40, 0x0000000000000000 | 7.82 11.69 14.37 | cpu  69203324 1004 13681464 2594465971 488234 0 200849 0 0 0
1791047358 2647, 13801, 40, 0x0000000000000000 | 7.82 11.69 14.37 | cpu  69204186 1004 13681628 2594490769 488235 0 200849 0 0 0
1791047359 2647, 13801, 40, 0x0000000000000000 | 7.82 11.69 14.37 | cpu  69206012 1004 13681799 2594513657 488235 0 200851 0 0 0
1791047360 2647, 13801, 40, 0x0000000000000000 | 7.82 11.69 14.37 | cpu  69206279 1004 13681962 2594539067 488235 0 200851 0 0 0
1791047361 2647, 13801, 40, 0x0000000000000000 | 7.82 11.69 14.37 | cpu  69206486 1004 13682105 2594563675 488235 0 200851 0 0 0
1791047362 2647, 13801, 40, 0x0000000000000000 | 7.44 11.54 14.31 | cpu  69206890 1004 13682218 2594588410 488235 0 200851 0 0 0
1791047363 2647, 13801, 40, 0x0000000000000000 | 7.44 11.54 14.31 | cpu  69207295 1004 13682406 2594613828 488237 0 200851 0 0 0
1791047365 2647, 13801, 40, 0x0000000000000000 | 7.44 11.54 14.31 | cpu  69207699 1004 13682572 2594639010 488237 0 200851 0 0 0
1791047366 2647, 13801, 40, 0x0000000000000000 | 7.44 11.54 14.31 | cpu  69208746 1004 13682774 2594663097 488237 0 200854 0 0 0
1791047367 2647, 13801, 40, 0x0000000000000000 | 7.16 11.42 14.26 | cpu  69209348 1004 13682895 2594687329 488237 0 200854 0 0 0
1791047368 2647, 13801, 40, 0x0000000000000000 | 7.16 11.42 14.26 | cpu  69211015 1004 13683022 2594711118 488237 0 200855 0 0 0
1791047369 2647, 13801, 40, 0x0000000000000000 | 7.16 11.42 14.26 | cpu  69214538 1004 13683202 2594732530 488239 0 200856 0 0 0
1791047370 2647, 13801, 40, 0x0000000000000000 | 7.16 11.42 14.26 | cpu  69215884 1004 13683608 2594755454 488245 0 200856 0 0 0
1791047371 2647, 13801, 40, 0x0000000000000000 | 7.15 11.35 14.22 | cpu  69217050 1004 13683837 2594779820 488248 0 200856 0 0 0
1791047372 2647, 13801, 40, 0x0000000000000000 | 7.15 11.35 14.22 | cpu  69218301 1004 13683992 2594803218 488248 0 200858 0 0 0
1791047374 2647, 13801, 40, 0x0000000000000000 | 7.15 11.35 14.22 | cpu  69219844 1004 13684142 2594827392 488248 0 200858 0 0 0
1791047375 2647, 13801, 40, 0x0000000000000000 | 7.15 11.35 14.22 | cpu  69220877 1004 13684252 2594851202 488250 0 200858 0 0 0
1791047376 2647, 13801, 40, 0x0000000000000000 | 7.15 11.35 14.22 | cpu  69221882 1004 13684388 2594874982 488252 0 200859 0 0 0
1791047377 2647, 13801, 40, 0x0000000000000000 | 6.89 11.22 14.16 | cpu  69222903 1004 13684482 2594899554 488266 0 200863 0 0 0
1791047378 2662, 13801, 40, 0x0000000000000000 | 6.89 11.22 14.16 | cpu  69223273 1004 13684554 2594923964 488313 0 200863 0 0 0
1791047379 2647, 13801, 40, 0x0000000000000000 | 6.89 11.22 14.16 | cpu  69224292 1004 13684587 2594947685 488382 0 200864 0 0 0
1791047380 2647, 13801, 40, 0x0000000000000000 | 6.89 11.22 14.16 | cpu  69225292 1004 13684729 2594972395 488410 0 200864 0 0 0
1791047381 2985, 13801, 42, 0x0000000000000000 | 22.36 14.36 15.16 | cpu  69228024 1004 13684895 2594994774 488414 0 200864 0 0 0
1791047383 3045, 13801, 42, 0x0000000000000000 | 22.36 14.36 15.16 | cpu  69228928 1004 13685047 2595019057 488414 0 200864 0 0 0
1791047384 3030, 13801, 50, 0x0000000000000004 | 22.36 14.36 15.16 | cpu  69229603 1004 13685166 2595043570 488414 0 200866 0 0 0
1791047385 3030, 13801, 44, 0x0000000000000004 | 22.36 14.36 15.16 | cpu  69230487 1004 13685253 2595067915 488415 0 200868 0 0 0
1791047386 3015, 13801, 43, 0x0000000000000000 | 22.36 14.36 15.16 | cpu  69231023 1004 13685298 2595092977 488415 0 200870 0 0 0
1791047387 3045, 13801, 42, 0x0000000000000000 | 29.94 16.06 15.71 | cpu  69232186 1004 13685397 2595117009 488415 0 200870 0 0 0
1791047388 3045, 13801, 50, 0x0000000000000000 | 29.94 16.06 15.71 | cpu  69232924 1004 13685498 2595140973 488417 0 200872 0 0 0
1791047389 3045, 13801, 49, 0x0000000000000004 | 29.94 16.06 15.71 | cpu  69233920 1004 13685546 2595165538 488417 0 200872 0 0 0
1791047391 3037, 13801, 45, 0x0000000000000004 | 29.94 16.06 15.71 | cpu  69234729 1004 13685621 2595189801 488417 0 200875 0 0 0
1791047392 3022, 13801, 44, 0x0000000000000000 | 27.86 15.86 15.65 | cpu  69235142 1004 13685674 2595214265 488417 0 200878 0 0 0
1791047393 3045, 13801, 43, 0x0000000000000000 | 27.86 15.86 15.65 | cpu  69236052 1004 13685810 2595239591 488417 0 200888 0 0 0
1791047394 3045, 13801, 43, 0x0000000000000000 | 27.86 15.86 15.65 | cpu  69236834 1004 13685924 2595264059 488420 0 200890 0 0 0
1791047395 3052, 13801, 47, 0x0000000000000000 | 27.86 15.86 15.65 | cpu  69237554 1004 13686013 2595289047 488420 0 200890 0 0 0
1791047396 3045, 13801, 49, 0x0000000000000000 | 27.86 15.86 15.65 | cpu  69238392 1004 13686075 2595313428 488421 0 200891 0 0 0
1791047397 3037, 13801, 50, 0x0000000000000000 | 26.03 15.68 15.59 | cpu  69238957 1004 13686144 2595338944 488422 0 200892 0 0 0
1791047399 3045, 13801, 49, 0x0000000000000000 | 26.03 15.68 15.59 | cpu  69239298 1004 13686180 2595363456 488422 0 200896 0 0 0
1791047400 3037, 13801, 49, 0x0000000000000000 | 26.03 15.68 15.59 | cpu  69239628 1004 13686238 2595388200 488424 0 200898 0 0 0
1791047401 3030, 13801, 48, 0x0000000000000000 | 26.03 15.68 15.59 | cpu  69239962 1004 13686371 2595413155 488424 0 200900 0 0 0
1791047402 3045, 13801, 48, 0x0000000000000000 | 24.27 15.49 15.53 | cpu  69240299 1004 13686436 2595438112 488425 0 200904 0 0 0
1791047403 3045, 13801, 43, 0x0000000000000000 | 24.27 15.49 15.53 | cpu  69240672 1004 13686520 2595462733 488425 0 200912 0 0 0
1791047404 3045, 13801, 43, 0x0000000000000000 | 24.27 15.49 15.53 | cpu  69241012 1004 13686549 2595488135 488426 0 200913 0 0 0
1791047405 3030, 13801, 44, 0x0000000000000000 | 24.27 15.49 15.53 | cpu  69241361 1004 13686578 2595513488 488426 0 200913 0 0 0
1791047406 3015, 13801, 44, 0x0000000000000000 | 22.56 15.28 15.46 | cpu  69241701 1004 13686598 2595538090 488426 0 200913 0 0 0
1791047408 3030, 13801, 44, 0x0000000000000000 | 22.56 15.28 15.46 | cpu  69242036 1004 13686622 2595562951 488426 0 200914 0 0 0
1791047409 3030, 13801, 44, 0x0000000000000000 | 22.56 15.28 15.46 | cpu  69242962 1004 13686669 2595587277 488426 0 200915 0 0 0
1791047410 3015, 13801, 44, 0x0000000000000000 | 22.56 15.28 15.46 | cpu  69243630 1004 13686734 2595611885 488428 0 200915 0 0 0
1791047411 3045, 13801, 44, 0x0000000000000000 | 22.56 15.28 15.46 | cpu  69244411 1004 13686786 2595635945 488428 0 200917 0 0 0
1791047412 3045, 13801, 45, 0x0000000000000000 | 21.24 15.12 15.41 | cpu  69245116 1004 13686840 2595660028 488428 0 200919 0 0 0
1791047413 3037, 13801, 52, 0x0000000000000004 | 21.24 15.12 15.41 | cpu  69245866 1004 13686881 2595684414 488428 0 200919 0 0 0
1791047414 3015, 13801, 46, 0x0000000000000000 | 21.24 15.12 15.41 | cpu  69246226 1004 13686898 2595708901 488428 0 200920 0 0 0
1791047415 3015, 13801, 46, 0x0000000000000000 | 21.24 15.12 15.41 | cpu  69246559 1004 13686916 2595733437 488429 0 200920 0 0 0
1791047417 3037, 13801, 50, 0x0000000000000000 | 19.77 14.92 15.34 | cpu  69246892 1004 13686930 2595758045 488429 0 200921 0 0 0
1791047418 3037, 13801, 50, 0x0000000000000000 | 19.77 14.92 15.34 | cpu  69247236 1004 13686960 2595783604 488429 0 200922 0 0 0
1791047419 3045, 13801, 44, 0x0000000000000000 | 19.77 14.92 15.34 | cpu  69249002 1004 13687090 2595807090 488431 0 200924 0 0 0
1791047420 3045, 13801, 44, 0x0000000000000000 | 19.77 14.92 15.34 | cpu  69253178 1004 13687142 2595827995 488432 0 200924 0 0 0
1791047421 3045, 13801, 44, 0x0000000000000000 | 19.77 14.92 15.34 | cpu  69253943 1004 13687260 2595852117 488439 0 200924 0 0 0
1791047422 3045, 13801, 44, 0x0000000000000000 | 18.59 14.76 15.29 | cpu  69255852 1004 13687316 2595875026 488440 0 200926 0 0 0
1791047423 3045, 13801, 44, 0x0000000000000000 | 18.59 14.76 15.29 | cpu  69257295 1004 13687415 2595899310 488442 0 200930 0 0 0
1791047424 3045, 13801, 44, 0x0000000000000000 | 18.59 14.76 15.29 | cpu  69258907 1004 13687472 2595922539 488442 0 200932 0 0 0
1791047426 3037, 13801, 51, 0x0000000000000000 | 18.59 14.76 15.29 | cpu  69259774 1004 13687551 2595948084 488445 0 200932 0 0 0
1791047427 3037, 13801, 45, 0x0000000000000000 | 17.50 14.60 15.23 | cpu  69261223 1004 13687617 2595971755 488445 0 200932 0 0 0
1791047428 3037, 13801, 45, 0x0000000000000000 | 17.50 14.60 15.23 | cpu  69262636 1004 13687837 2595994834 488448 0 200932 0 0 0
1791047429 3045, 13801, 44, 0x0000000000000000 | 17.50 14.60 15.23 | cpu  69264527 1004 13688029 2596017821 488448 0 200936 0 0 0
1791047430 2647, 13801, 43, 0x0000000000000000 | 17.50 14.60 15.23 | cpu  69265439 1004 13688088 2596042482 488450 0 200938 0 0 0
1791047431 2647, 13801, 43, 0x0000000000000000 | 17.50 14.60 15.23 | cpu  69266579 1004 13688148 2596066928 488450 0 200938 0 0 0
1791047432 2655, 13801, 43, 0x0000000000000000 | 16.58 14.45 15.18 | cpu  69268801 1004 13688194 2596089878 488451 0 200942 0 0 0
1791047433 2647, 13801, 42, 0x0000000000000000 | 16.58 14.45 15.18 | cpu  69269220 1004 13688228 2596114806 488451 0 200942 0 0 0
1791047435 2655, 13801, 43, 0x0000000000000000 | 16.58 14.45 15.18 | cpu  69270153 1004 13688272 2596138771 488451 0 200943 0 0 0
1791047436 2670, 13801, 42, 0x0000000000000000 | 16.58 14.45 15.18 | cpu  69271049 1004 13688324 2596162591 488451 0 200951 0 0 0
1791047437 2647, 13801, 42, 0x0000000000000000 | 15.65 14.30 15.12 | cpu  69271862 1004 13688378 2596186639 488453 0 200953 0 0 0
1791047438 2647, 13801, 42, 0x0000000000000000 | 15.65 14.30 15.12 | cpu  69272883 1004 13688418 2596210414 488454 0 200954 0 0 0
1791047439 2655, 13801, 42, 0x0000000000000000 | 15.65 14.30 15.12 | cpu  69273884 1004 13688460 2596234250 488454 0 200956 0 0 0
1791047440 2707, 13801, 42, 0x0000000000000000 | 15.65 14.30 15.12 | cpu  69274708 1004 13688517 2596258396 488454 0 200957 0 0 0
1791047441 2647, 13801, 42, 0x0000000000000000 | 19.85 15.19 15.41 | cpu  69275718 1004 13688562 2596282633 488454 0 200959 0 0 0
1791047442 2647, 13801, 42, 0x0000000000000000 | 19.85 15.19 15.41 | cpu  69276698 1004 13688638 2596306564 488455 0 200962 0 0 0
1791047444 2655, 13801, 42, 0x0000000000000000 | 19.85 15.19 15.41 | cpu  69277144 1005 13688800 2596330850 488456 0 200965 0 0 0
1791047445 2685, 13801, 42, 0x0000000000000000 | 19.85 15.19 15.41 | cpu  69277951 1005 13688902 2596356183 488459 0 200967 0 0 0
1791047446 2647, 13801, 42, 0x0000000000000000 | 19.85 15.19 15.41 | cpu  69281104 1005 13689167 2596378016 488459 0 200968 0 0 0
1791047447 3045, 13801, 43, 0x0000000000000000 | 19.30 15.15 15.40 | cpu  69283484 1005 13689439 2596401134 488459 0 200968 0 0 0
1791047448 3015, 13801, 44, 0x0000000000000000 | 19.30 15.15 15.40 | cpu  69284577 1005 13689720 2596425188 488462 0 200969 0 0 0
1791047449 3000, 13801, 46, 0x0000000000000004 | 19.30 15.15 15.40 | cpu  69286216 1005 13689848 2596448097 488462 0 200970 0 0 0
1791047450 3007, 13801, 45, 0x0000000000000000 | 19.30 15.15 15.40 | cpu  69287108 1005 13689886 2596472977 488462 0 200971 0 0 0
1791047451 3015, 13801, 46, 0x0000000000000004 | 18.15 14.98 15.34 | cpu  69288454 1005 13689932 2596496812 488462 0 200972 0 0 0
1791047453 3030, 13801, 46, 0x0000000000000000 | 18.15 14.98 15.34 | cpu  69289226 1005 13690006 2596520826 488462 0 200974 0 0 0
1791047454 3022, 13801, 45, 0x0000000000000000 | 18.15 14.98 15.34 | cpu  69291786 1005 13690063 2596543552 488467 0 200975 0 0 0
1791047455 3045, 13801, 44, 0x0000000000000000 | 18.15 14.98 15.34 | cpu  69292548 1005 13690127 2596568033 488467 0 200976 0 0 0
1791047456 3022, 13801, 46, 0x0000000000000004 | 18.15 14.98 15.34 | cpu  69292948 1005 13690146 2596593067 488470 0 200976 0 0 0
1791047457 3015, 13801, 46, 0x0000000000000004 | 16.94 14.78 15.27 | cpu  69293327 1005 13690164 2596618191 488470 0 200977 0 0 0
1791047458 3030, 13801, 53, 0x0000000000000004 | 16.94 14.78 15.27 | cpu  69293781 1005 13690206 2596642464 488470 0 200977 0 0 0
1791047459 3045, 13801, 44, 0x0000000000000000 | 16.94 14.78 15.27 | cpu  69294237 1005 13690263 2596667068 488475 0 200981 0 0 0
1791047461 3030, 13801, 45, 0x0000000000000000 | 16.94 14.78 15.27 | cpu  69294697 1005 13690352 2596692342 488475 0 200984 0 0 0
1791047462 3030, 13801, 46, 0x0000000000000000 | 16.14 14.65 15.23 | cpu  69295679 1005 13690453 2596716119 488475 0 200984 0 0 0
1791047463 3045, 13801, 48, 0x0000000000000000 | 16.14 14.65 15.23 | cpu  69296544 1005 13690516 2596740627 488479 0 200986 0 0 0
1791047464 3045, 13801, 44, 0x0000000000000000 | 16.14 14.65 15.23 | cpu  69297448 1005 13690565 2596765145 488483 0 200987 0 0 0
1791047465 3045, 13801, 45, 0x0000000000000000 | 16.14 14.65 15.23 | cpu  69298278 1005 13690618 2596789242 488484 0 200990 0 0 0
1791047466 3030, 13801, 45, 0x0000000000000000 | 16.14 14.65 15.23 | cpu  69298777 1005 13690737 2596813414 488487 0 200999 0 0 0
1791047467 3015, 13801, 48, 0x0000000000000004 | 15.17 14.48 15.17 | cpu  69299768 1005 13690833 2596837310 488487 0 201000 0 0 0
1791047468 3037, 13801, 53, 0x0000000000000004 | 15.17 14.48 15.17 | cpu  69300476 1005 13690896 2596861422 488488 0 201001 0 0 0
1791047469 3037, 13801, 52, 0x0000000000000000 | 15.17 14.48 15.17 | cpu  69301274 1005 13690950 2596885690 488489 0 201004 0 0 0
1791047471 3045, 13801, 45, 0x0000000000000000 | 15.17 14.48 15.17 | cpu  69302362 1005 13690991 2596910582 488489 0 201005 0 0 0
1791047472 3030, 13801, 52, 0x0000000000000004 | 14.20 14.28 15.10 | cpu  69302740 1005 13691015 2596935873 488493 0 201007 0 0 0
1791047473 3045, 13801, 44, 0x0000000000000000 | 14.20 14.28 15.10 | cpu  69303111 1005 13691052 2596961986 488493 0 201010 0 0 0
1791047474 2647, 13801, 43, 0x0000000000000000 | 14.20 14.28 15.10 | cpu  69303456 1005 13691087 2596987774 488493 0 201013 0 0 0
1791047475 2655, 13801, 43, 0x0000000000000000 | 14.20 14.28 15.10 | cpu  69303752 1005 13691163 2597012271 488493 0 201014 0 0 0
1791047476 2647, 13801, 43, 0x0000000000000000 | 13.38 14.11 15.04 | cpu  69304157 1005 13691229 2597036731 488498 0 201016 0 0 0
1791047477 2647, 13801, 43, 0x0000000000000000 | 13.38 14.11 15.04 | cpu  69304479 1005 13691257 2597061289 488498 0 201016 0 0 0
1791047479 2647, 13801, 43, 0x0000000000000000 | 13.38 14.11 15.04 | cpu  69304810 1005 13691292 2597085914 488500 0 201018 0 0 0
1791047480 2670, 13801, 43, 0x0000000000000000 | 13.38 14.11 15.04 | cpu  69305626 1005 13691329 2597110021 488500 0 201018 0 0 0
1791047481 2647, 13801, 43, 0x0000000000000000 | 13.38 14.11 15.04 | cpu  69306422 1005 13691385 2597134809 488500 0 201020 0 0 0
1791047482 2655, 13801, 42, 0x0000000000000000 | 12.63 13.95 14.98 | cpu  69307232 1005 13691431 2597158795 488500 0 201020 0 0 0
1791047483 2655, 13801, 43, 0x0000000000000000 | 12.63 13.95 14.98 | cpu  69308040 1005 13691516 2597183000 488500 0 201021 0 0 0
1791047484 2647, 13801, 42, 0x0000000000000000 | 12.63 13.95 14.98 | cpu  69308436 1005 13691546 2597208341 488503 0 201024 0 0 0
1791047485 2647, 13801, 42, 0x0000000000000000 | 12.63 13.95 14.98 | cpu  69308789 1005 13691577 2597233377 488504 0 201031 0 0 0
1791047486 2647, 13801, 42, 0x0000000000000000 | 11.86 13.76 14.92 | cpu  69309199 1005 13691594 2597257916 488504 0 201032 0 0 0
1791047488 2662, 13801, 42, 0x0000000000000000 | 11.86 13.76 14.92 | cpu  69310011 1005 13691628 2597281828 488504 0 201033 0 0 0
1791047489 2647, 13801, 42, 0x0000000000000000 | 11.86 13.76 14.92 | cpu  69310876 1005 13691682 2597306329 488506 0 201033 0 0 0
1791047490 2647, 13801, 42, 0x0000000000000000 | 11.86 13.76 14.92 | cpu  69311586 1005 13691747 2597330811 488512 0 201034 0 0 0
1791047491 2707, 13801, 42, 0x0000000000000000 | 11.86 13.76 14.92 | cpu  69312508 1005 13691800 2597355794 488515 0 201035 0 0 0
1791047492 2655, 13801, 43, 0x0000000000000000 | 11.47 13.65 14.88 | cpu  69313555 1005 13691990 2597379792 488515 0 201038 0 0 0
1791047493 2647, 13801, 42, 0x0000000000000000 | 11.47 13.65 14.88 | cpu  69318594 1005 13692144 2597399575 488516 0 201040 0 0 0
1791047494 2647, 13801, 42, 0x0000000000000000 | 11.47 13.65 14.88 | cpu  69322414 1005 13692357 2597420739 488516 0 201040 0 0 0
1791047496 3007, 13801, 52, 0x0000000000000004 | 11.47 13.65 14.88 | cpu  69326356 1005 13692523 2597441412 488518 0 201040 0 0 0
1791047497 3045, 13801, 43, 0x0000000000000000 | 10.87 13.49 14.82 | cpu  69329415 1005 13693354 2597462833 488519 0 201041 0 0 0
1791047498 3000, 13801, 47, 0x0000000000000004 | 10.87 13.49 14.82 | cpu  69331840 1005 13694843 2597484219 488521 0 201048 0 0 0
1791047499 3015, 13801, 52, 0x0000000000000000 | 10.87 13.49 14.82 | cpu  69336804 1005 13696356 2597504269 488522 0 201052 0 0 0
1791047500 3045, 13801, 44, 0x0000000000000000 | 10.87 13.49 14.82 | cpu  69339735 1005 13696680 2597526814 488522 0 201052 0 0 0
1791047501 3030, 13801, 44, 0x0000000000000000 | 10.87 13.49 14.82 | cpu  69341681 1005 13696864 2597549476 488525 0 201053 0 0 0
1791047502 3045, 13801, 44, 0x0000000000000000 | 10.40 13.35 14.76 | cpu  69342419 1005 13696934 2597573641 488525 0 201054 0 0 0
1791047503 3045, 13801, 47, 0x0000000000000000 | 10.40 13.35 14.76 | cpu  69344123 1005 13696982 2597596671 488528 0 201056 0 0 0
1791047505 3037, 13801, 51, 0x0000000000000000 | 10.40 13.35 14.76 | cpu  69344921 1005 13697028 2597620572 488528 0 201060 0 0 0
1791047506 2985, 13801, 50, 0x0000000000000004 | 10.40 13.35 14.76 | cpu  69347434 1005 13697213 2597643597 488532 0 201063 0 0 0
1791047507 3015, 13801, 55, 0x0000000000000004 | 10.05 13.23 14.72 | cpu  69348360 1005 13697254 2597667448 488532 0 201065 0 0 0
1791047508 3045, 13801, 44, 0x0000000000000000 | 10.05 13.23 14.72 | cpu  69348806 1005 13697292 2597691833 488534 0 201067 0 0 0
1791047509 3045, 13801, 44, 0x0000000000000000 | 10.05 13.23 14.72 | cpu  69349198 1005 13697316 2597716790 488534 0 201068 0 0 0
1791047510 3045, 13801, 45, 0x0000000000000000 | 10.05 13.23 14.72 | cpu  69349634 1005 13697337 2597741155 488534 0 201070 0 0 0
1791047511 3037, 13801, 45, 0x0000000000000000 | 10.05 13.23 14.72 | cpu  69350610 1005 13697371 2597765543 488534 0 201070 0 0 0
1791047512 3037, 13801, 45, 0x0000000000000000 | 9.64 13.09 14.66 | cpu  69351574 1005 13697428 2597789664 488534 0 201073 0 0 0
1791047514 3045, 13801, 45, 0x0000000000000000 | 9.64 13.09 14.66 | cpu  69352391 1005 13697482 2597814240 488535 0 201073 0 0 0
1791047515 3037, 13801, 45, 0x0000000000000000 | 9.64 13.09 14.66 | cpu  69353363 1005 13697596 2597838113 488535 0 201074 0 0 0
1791047516 3045, 13801, 45, 0x0000000000000000 | 9.64 13.09 14.66 | cpu  69353763 1005 13697625 2597863359 488535 0 201076 0 0 0
1791047517 3045, 13801, 45, 0x0000000000000000 | 9.19 12.94 14.61 | cpu  69354376 1005 13697700 2597887616 488535 0 201079 0 0 0
1791047518 3030, 13801, 45, 0x0000000000000000 | 9.19 12.94 14.61 | cpu  69354796 1005 13697729 2597912319 488535 0 201079 0 0 0
1791047519 3022, 13801, 46, 0x0000000000000000 | 9.19 12.94 14.61 | cpu  69356206 1005 13697758 2597937688 488537 0 201081 0 0 0
1791047520 3045, 13801, 44, 0x0000000000000000 | 9.19 12.94 14.61 | cpu  69359683 1005 13697858 2597959432 488541 0 201082 0 0 0
1791047521 2655, 13801, 44, 0x0000000000000000 | 8.85 12.81 14.56 | cpu  69361520 1005 13697923 2597983457 488541 0 201082 0 0 0
1791047523 2647, 13801, 43, 0x0000000000000000 | 8.85 12.81 14.56 | cpu  69362418 1005 13697983 2598007036 488541 0 201082 0 0 0
1791047524 2647, 13801, 43, 0x0000000000000000 | 8.85 12.81 14.56 | cpu  69363798 1005 13698034 2598030548 488543 0 201084 0 0 0
1791047525 2670, 13801, 43, 0x0000000000000000 | 8.85 12.81 14.56 | cpu  69364265 1005 13698070 2598055854 488543 0 201088 0 0 0
1791047526 2647, 13801, 43, 0x0000000000000000 | 8.85 12.81 14.56 | cpu  69366345 1006 13698104 2598078669 488545 0 201088 0 0 0
1791047527 2670, 13801, 43, 0x0000000000000000 | 8.46 12.66 14.50 | cpu  69366782 1006 13698120 2598103123 488545 0 201089 0 0 0
1791047528 2647, 13801, 43, 0x0000000000000000 | 8.46 12.66 14.50 | cpu  69367652 1006 13698176 2598127100 488545 0 201089 0 0 0
1791047529 2647, 13801, 43, 0x0000000000000000 | 8.46 12.66 14.50 | cpu  69368374 1006 13698259 2598151147 488547 0 201090 0 0 0
1791047530 2677, 13801, 43, 0x0000000000000000 | 8.46 12.66 14.50 | cpu  69369297 1006 13698316 2598175446 488547 0 201092 0 0 0
1791047532 2647, 13801, 44, 0x0000000000000000 | 8.27 12.55 14.45 | cpu  69370218 1006 13698442 2598200609 488547 0 201096 0 0 0
1791047533 2647, 13801, 42, 0x0000000000000000 | 8.27 12.55 14.45 | cpu  69370785 1006 13698632 2598225177 488547 0 201110 0 0 0
1791047534 2662, 13801, 43, 0x0000000000000000 | 8.27 12.55 14.45 | cpu  69371781 1006 13698692 2598249377 488551 0 201111 0 0 0
1791047535 2647, 13801, 43, 0x0000000000000000 | 8.27 12.55 14.45 | cpu  69372654 1006 13698745 2598274177 488553 0 201111 0 0 0
1791047536 2655, 13801, 42, 0x0000000000000000 | 8.27 12.55 14.45 | cpu  69373367 1006 13698803 2598299240 488553 0 201112 0 0 0
1791047537 2647, 13801, 42, 0x0000000000000000 | 7.93 12.41 14.40 | cpu  69374166 1006 13698844 2598323115 488553 0 201112 0 0 0
1791047538 2670, 13801, 42, 0x0000000000000000 | 7.93 12.41 14.40 | cpu  69374777 1006 13698915 2598347872 488553 0 201113 0 0 0
1791047540 2662, 13801, 42, 0x0000000000000000 | 7.93 12.41 14.40 | cpu  69375660 1006 13699024 2598371642 488553 0 201113 0 0 0
1791047541 2647, 13801, 42, 0x0000000000000000 | 7.93 12.41 14.40 | cpu  69379142 1006 13699091 2598393038 488553 0 201114 0 0 0
1791047542 2647, 13801, 42, 0x0000000000000000 | 7.69 12.29 14.35 | cpu  69380450 1006 13699331 2598417090 488584 0 201114 0 0 0
1791047543 2722, 13801, 42, 0x0000000000000000 | 7.69 12.29 14.35 | cpu  69382235 1006 13699508 2598439689 488595 0 201116 0 0 0
1791047544 2647, 13801, 43, 0x0000000000000000 | 7.69 12.29 14.35 | cpu  69382684 1006 13699525 2598464529 488595 0 201117 0 0 0
1791047545 2647, 13801, 42, 0x0000000000000000 | 7.69 12.29 14.35 | cpu  69383722 1006 13699559 2598488631 488595 0 201117 0 0 0
1791047546 2677, 13801, 42, 0x0000000000000000 | 7.69 12.29 14.35 | cpu  69384161 1006 13699592 2598513460 488595 0 201118 0 0 0
1791047547 2647, 13801, 42, 0x0000000000000000 | 16.36 14.01 14.89 | cpu  69386631 1006 13699653 2598535542 488596 0 201118 0 0 0
1791047549 2647, 13801, 43, 0x0000000000000000 | 16.36 14.01 14.89 | cpu  69387818 1006 13699716 2598560068 488596 0 201119 0 0 0
1791047550 2647, 13801, 42, 0x0000000000000000 | 16.36 14.01 14.89 | cpu  69388614 1006 13699763 2598584355 488596 0 201121 0 0 0
1791047551 2940, 13801, 42, 0x0000000000000000 | 16.36 14.01 14.89 | cpu  69389372 1006 13699797 2598608359 488596 0 201122 0 0 0
1791047552 2947, 13801, 42, 0x0000000000000000 | 15.45 13.86 14.84 | cpu  69390391 1006 13699856 2598632161 488597 0 201124 0 0 0
1791047553 2715, 13801, 42, 0x0000000000000000 | 15.45 13.86 14.84 | cpu  69391328 1006 13699916 2598656014 488597 0 201126 0 0 0
1791047554 2647, 13801, 42, 0x0000000000000000 | 15.45 13.86 14.84 | cpu  69392100 1006 13699984 2598680140 488597 0 201128 0 0 0
1791047555 2782, 13801, 44, 0x0000000000000004 | 15.45 13.86 14.84 | cpu  69393024 1006 13700120 2598703932 488597 0 201139 0 0 0
1791047556 3015, 13801, 52, 0x0000000000000004 | 15.45 13.86 14.84 | cpu  69393349 1006 13700280 2598728331 488599 0 201155 0 0 0
1791047557 3045, 13801, 46, 0x0000000000000000 | 14.46 13.68 14.77 | cpu  69393638 1006 13700379 2598753238 488602 0 201156 0 0 0
1791047559 3045, 13801, 45, 0x0000000000000000 | 14.46 13.68 14.77 | cpu  69393918 1006 13700458 2598777801 488603 0 201160 0 0 0
1791047560 3037, 13801, 52, 0x0000000000000000 | 14.46 13.68 14.77 | cpu  69394247 1006 13700494 2598802702 488603 0 201161 0 0 0
1791047561 3045, 13801, 44, 0x0000000000000000 | 14.46 13.68 14.77 | cpu  69395505 1006 13700560 2598826409 488605 0 201163 0 0 0
1791047562 3045, 13801, 44, 0x0000000000000000 | 13.70 13.53 14.72 | cpu  69398777 1006 13700640 2598847848 488606 0 201163 0 0 0
1791047563 3045, 13801, 51, 0x0000000000000000 | 13.70 13.53 14.72 | cpu  69400159 1006 13700852 2598872011 488607 0 201165 0 0 0
1791047564 3030, 13801, 52, 0x0000000000000000 | 13.70 13.53 14.72 | cpu  69401483 1006 13700956 2598895617 488607 0 201166 0 0 0
1791047565 3000, 13801, 48, 0x0000000000000004 | 13.70 13.53 14.72 | cpu  69403075 1006 13701008 2598918890 488607 0 201166 0 0 0
1791047566 2985, 13801, 46, 0x0000000000000000 | 21.97 15.25 15.27 | cpu  69403928 1006 13701031 2598943225 488607 0 201167 0 0 0
1791047568 3022, 13801, 54, 0x0000000000000004 | 21.97 15.25 15.27 | cpu  69405963 1006 13701173 2598966547 488607 0 201168 0 0 0
1791047569 3045, 13801, 44, 0x0000000000000000 | 21.97 15.25 15.27 | cpu  69407110 1006 13701270 2598991626 488608 0 201169 0 0 0
1791047570 3045, 13801, 44, 0x0000000000000000 | 21.97 15.25 15.27 | cpu  69407752 1006 13701410 2599017065 488608 0 201171 0 0 0
1791047571 3045, 13801, 44, 0x0000000000000000 | 21.97 15.25 15.27 | cpu  69408429 1006 13701494 2599041652 488608 0 201182 0 0 0
1791047572 3045, 13801, 45, 0x0000000000000000 | 20.61 15.08 15.22 | cpu  69409526 1006 13701560 2599065485 488608 0 201183 0 0 0
1791047573 3045, 13801, 44, 0x0000000000000000 | 20.61 15.08 15.22 | cpu  69410418 1006 13701652 2599089854 488610 0 201183 0 0 0
1791047574 3045, 13801, 44, 0x0000000000000000 | 20.61 15.08 15.22 | cpu  69411586 1006 13701741 2599114551 488610 0 201184 0 0 0
1791047576 3045, 13801, 45, 0x0000000000000000 | 20.61 15.08 15.22 | cpu  69412497 1006 13701843 2599138401 488610 0 201186 0 0 0
1791047577 3045, 13801, 51, 0x0000000000000000 | 19.36 14.91 15.16 | cpu  69413695 1006 13701903 2599163073 488610 0 201187 0 0 0
1791047578 3045, 13801, 45, 0x0000000000000000 | 19.36 14.91 15.16 | cpu  69414393 1006 13701999 2599187770 488610 0 201188 0 0 0
1791047579 3030, 13801, 45, 0x0000000000000000 | 19.36 14.91 15.16 | cpu  69415228 1006 13702094 2599211937 488610 0 201190 0 0 0
1791047580 3037, 13801, 44, 0x0000000000000000 | 19.36 14.91 15.16 | cpu  69415905 1006 13702137 2599236150 488611 0 201191 0 0 0
1791047581 2670, 13801, 43, 0x0000000000000000 | 19.36 14.91 15.16 | cpu  69416276 1006 13702194 2599261100 488613 0 201192 0 0 0
1791047582 2722, 13801, 43, 0x0000000000000000 | 18.05 14.71 15.10 | cpu  69418612 1006 13702296 2599286381 488707 0 201193 0 0 0
1791047584 2647, 13801, 43, 0x0000000000000000 | 18.05 14.71 15.10 | cpu  69421210 1006 13702525 2599308626 488708 0 201193 0 0 0
1791047585 2685, 13801, 43, 0x0000000000000000 | 18.05 14.71 15.10 | cpu  69423072 1006 13702664 2599331032 488708 0 201194 0 0 0
1791047586 2655, 13801, 43, 0x0000000000000000 | 18.05 14.71 15.10 | cpu  69423896 1006 13702771 2599355806 488709 0 201196 0 0 0
1791047587 2737, 13801, 43, 0x0000000000000000 | 16.93 14.54 15.04 | cpu  69424880 1006 13702837 2599379581 488713 0 201197 0 0 0
1791047588 2647, 13801, 44, 0x0000000000000000 | 16.93 14.54 15.04 | cpu  69425328 1006 13702874 2599405042 488715 0 201197 0 0 0
1791047589 3045, 13801, 45, 0x0000000000000000 | 16.93 14.54 15.04 | cpu  69427340 1006 13703014 2599428009 488715 0 201197 0 0 0
1791047590 2850, 13801, 43, 0x0000000000000000 | 16.93 14.54 15.04 | cpu  69427744 1006 13703049 2599452924 488715 0 201197 0 0 0
1791047592 3045, 13801, 44, 0x0000000000000000 | 15.89 14.36 14.98 | cpu  69428348 1006 13703110 2599478888 488716 0 201197 0 0 0
1791047593 3015, 13801, 44, 0x0000000000000000 | 15.89 14.36 14.98 | cpu  69429434 1006 13703214 2599502997 488716 0 201198 0 0 0
1791047594 2700, 13801, 43, 0x0000000000000000 | 15.89 14.36 14.98 | cpu  69430298 1006 13703273 2599527386 488719 0 201198 0 0 0
1791047595 2647, 13801, 43, 0x0000000000000000 | 15.89 14.36 14.98 | cpu  69431253 1006 13703344 2599551961 488719 0 201199 0 0 0
1791047596 2775, 13801, 44, 0x0000000000000000 | 15.89 14.36 14.98 | cpu  69432396 1006 13703412 2599575098 488721 0 201201 0 0 0
1791047597 2655, 13801, 43, 0x0000000000000000 | 14.94 14.19 14.92 | cpu  69433048 1006 13703538 2599599193 488724 0 201202 0 0 0
1791047598 3045, 13801, 44, 0x0000000000000000 | 14.94 14.19 14.92 | cpu  69433982 1006 13703736 2599624246 488729 0 201203 0 0 0
1791047599 3045, 13801, 43, 0x0000000000000000 | 14.94 14.19 14.92 | cpu  69434783 1006 13703837 2599647838 488730 0 201205 0 0 0
1791047601 2647, 13801, 42, 0x0000000000000000 | 14.94 14.19 14.92 | cpu  69435454 1006 13703880 2599672117 488730 0 201208 0 0 0
1791047602 2647, 13801, 42, 0x0000000000000000 | 14.06 14.02 14.86 | cpu  69435808 1006 13704018 2599697223 488730 0 201232 0 0 0
1791047603 2647, 13801, 42, 0x0000000000000000 | 14.06 14.02 14.86 | cpu  69436122 1006 13704096 2599721580 488731 0 201234 0 0 0
1791047604 2662, 13801, 42, 0x0000000000000000 | 14.06 14.02 14.86 | cpu  69437510 1006 13704185 2599745508 488734 0 201234 0 0 0
1791047605 2647, 13801, 42, 0x0000000000000000 | 14.06 14.02 14.86 | cpu  69440848 1006 13704256 2599765704 488734 0 201234 0 0 0
1791047606 2647, 13801, 42, 0x0000000000000000 | 14.06 14.02 14.86 | cpu  69442574 1006 13704368 2599788848 488734 0 201236 0 0 0
1791047607 2647, 13801, 42, 0x0000000000000000 | 13.26 13.85 14.80 | cpu  69443389 1006 13704441 2599812679 488734 0 201239 0 0 0
1791047608 2670, 13801, 42, 0x0000000000000000 | 13.26 13.85 14.80 | cpu  69444988 1006 13704520 2599836626 488734 0 201244 0 0 0
1791047609 2647, 13801, 42, 0x0000000000000000 | 13.26 13.85 14.80 | cpu  69445963 1006 13704609 2599860679 488735 0 201248 0 0 0
1791047611 2647, 13801, 42, 0x0000000000000000 | 13.26 13.85 14.80 | cpu  69448458 1006 13704697 2599883342 488735 0 201250 0 0 0
1791047612 2647, 13801, 42, 0x0000000000000000 | 12.51 13.69 14.74 | cpu  69449255 1006 13704770 2599907785 488735 0 201252 0 0 0
1791047613 2647, 13801, 42, 0x0000000000000000 | 12.51 13.69 14.74 | cpu  69449897 1006 13704876 2599931895 488735 0 201256 0 0 0
1791047614 2647, 13801, 42, 0x0000000000000000 | 12.51 13.69 14.74 | cpu  69450251 1006 13704927 2599956762 488736 0 201259 0 0 0
1791047615 2647, 13801, 42, 0x0000000000000000 | 12.51 13.69 14.74 | cpu  69451270 1006 13704993 2599980912 488736 0 201262 0 0 0
1791047616 2647, 13801, 42, 0x0000000000000000 | 12.51 13.69 14.74 | cpu  69451988 1006 13705118 2600004424 488736 0 201264 0 0 0
1791047617 2647, 13801, 41, 0x0000000000000000 | 20.80 15.39 15.29 | cpu  69452930 1006 13705190 2600028360 488736 0 201266 0 0 0
1791047618 2647, 13801, 41, 0x0000000000000000 | 20.80 15.39 15.29 | cpu  69453774 1006 13705278 2600052257 488736 0 201268 0 0 0
1791047620 2647, 13801, 41, 0x0000000000000000 | 20.80 15.39 15.29 | cpu  69454734 1006 13705379 2600076064 488740 0 201269 0 0 0
1791047621 2647, 13801, 41, 0x0000000000000000 | 20.80 15.39 15.29 | cpu  69455576 1006 13705509 2600100757 488741 0 201271 0 0 0
1791047622 2647, 13801, 41, 0x0000000000000000 | 19.62 15.23 15.23 | cpu  69456336 1006 13705618 2600124785 488751 0 201272 0 0 0
1791047623 2647, 13801, 41, 0x0000000000000000 | 19.62 15.23 15.23 | cpu  69457210 1006 13705690 2600149403 488751 0 201276 0 0 0
1791047624 2647, 13801, 41, 0x0000000000000000 | 19.62 15.23 15.23 | cpu  69458016 1006 13705748 2600174257 488751 0 201278 0 0 0
1791047625 2647, 13801, 41, 0x0000000000000000 | 19.62 15.23 15.23 | cpu  69458787 1006 13705842 2600198656 488753 0 201282 0 0 0
1791047626 2647, 13801, 41, 0x0000000000000000 | 19.62 15.23 15.23 | cpu  69461802 1006 13706299 2600219889 488753 0 201285 0 0 0
1791047627 2647, 13801, 41, 0x0000000000000000 | 19.01 15.18 15.22 | cpu  69464068 1006 13706627 2600242566 488755 0 201289 0 0 0
1791047629 2647, 13801, 41, 0x0000000000000000 | 19.01 15.18 15.22 | cpu  69464799 1006 13706836 2600266596 488755 0 201293 0 0 0
1791047630 2647, 13801, 41, 0x0000000000000000 | 19.01 15.18 15.22 | cpu  69466203 1006 13706888 2600289168 488756 0 201296 0 0 0
1791047631 2647, 13801, 41, 0x0000000000000000 | 19.01 15.18 15.22 | cpu  69467809 1006 13706963 2600313100 488756 0 201299 0 0 0
1791047632 2647, 13801, 41, 0x0000000000000000 | 18.20 15.07 15.18 | cpu  69468648 1006 13707046 2600337369 488756 0 201302 0 0 0
1791047633 2647, 13801, 41, 0x0000000000000000 | 18.20 15.07 15.18 | cpu  69470094 1006 13707156 2600361881 488756 0 201306 0 0 0
1791047634 2647, 13801, 41, 0x0000000000000000 | 18.20 15.07 15.18 | cpu  69471761 1006 13707244 2600384566 488759 0 201310 0 0 0
1791047635 2647, 13801, 41, 0x0000000000000000 | 18.20 15.07 15.18 | cpu  69472750 1006 13707326 2600408935 488759 0 201313 0 0 0
1791047636 2647, 13801, 41, 0x0000000000000000 | 17.31 14.94 15.14 | cpu  69473386 1006 13707476 2600433695 488759 0 201316 0 0 0
1791047638 2647, 13801, 41, 0x0000000000000000 | 17.31 14.94 15.14 | cpu  69474203 1006 13707616 2600457527 488759 0 201318 0 0 0
1791047639 2647, 13801, 41, 0x0000000000000000 | 17.31 14.94 15.14 | cpu  69474943 1006 13707700 2600481096 488761 0 201324 0 0 0
1791047640 2647, 13801, 41, 0x0000000000000000 | 17.31 14.94 15.14 | cpu  69476069 1006 13707785 2600504742 488761 0 201327 0 0 0
1791047641 2647, 13801, 41, 0x0000000000000000 | 17.31 14.94 15.14 | cpu  69476930 1006 13707870 2600529526 488761 0 201331 0 0 0
1791047642 2647, 13801, 41, 0x0000000000000000 | 16.32 14.77 15.08 | cpu  69477702 1006 13707949 2600554857 488761 0 201334 0 0 0
1791047643 2647, 13801, 41, 0x0000000000000000 | 16.32 14.77 15.08 | cpu  69478468 1006 13708028 2600578953 488762 0 201337 0 0 0
1791047644 2647, 13801, 41, 0x0000000000000000 | 16.32 14.77 15.08 | cpu  69478808 1006 13708088 2600603293 488765 0 201339 0 0 0
1791047645 2647, 13801, 40, 0x0000000000000000 | 16.32 14.77 15.08 | cpu  69479284 1006 13708142 2600627660 488765 0 201344 0 0 0
1791047647 2647, 13801, 40, 0x0000000000000000 | 15.41 14.61 15.03 | cpu  69480506 1006 13708246 2600652714 488766 0 201350 0 0 0
1791047648 2655, 13801, 40, 0x0000000000000000 | 15.41 14.61 15.03 | cpu  69483120 1006 13708530 2600673740 488767 0 201351 0 0 0
1791047649 2647, 13801, 40, 0x0000000000000000 | 15.41 14.61 15.03 | cpu  69485318 1006 13708928 2600695476 488767 0 201357 0 0 0
1791047650 2647, 13801, 40, 0x0000000000000000 | 15.41 14.61 15.03 | cpu  69486249 1006 13709136 2600718711 488768 0 201362 0 0 0
1791047651 2647, 13801, 40, 0x0000000000000000 | 15.41 14.61 15.03 | cpu  69488249 1006 13709219 2600741948 488768 0 201367 0 0 0
1791047652 2647, 13801, 40, 0x0000000000000000 | 14.50 14.44 14.97 | cpu  69489526 1006 13709305 2600766168 488768 0 201371 0 0 0
1791047653 2647, 13801, 40, 0x0000000000000000 | 14.50 14.44 14.97 | cpu  69490428 1006 13709450 2600790223 488776 0 201376 0 0 0
1791047654 2647, 13801, 40, 0x0000000000000000 | 14.50 14.44 14.97 | cpu  69491433 1006 13709553 2600815064 488776 0 201378 0 0 0
1791047655 2647, 13801, 40, 0x0000000000000000 | 14.50 14.44 14.97 | cpu  69493406 1006 13709614 2600837012 488777 0 201383 0 0 0
1791047657 2677, 13801, 40, 0x0000000000000000 | 13.58 14.25 14.91 | cpu  69493740 1006 13709664 2600861797 488777 0 201390 0 0 0
1791047658 2647, 13801, 40, 0x0000000000000000 | 13.58 14.25 14.91 | cpu  69493993 1006 13709720 2600887309 488777 0 201391 0 0 0
1791047659 2647, 13801, 40, 0x0000000000000000 | 13.58 14.25 14.91 | cpu  69494268 1006 13709768 2600911890 488777 0 201402 0 0 0
1791047660 2647, 13801, 40, 0x0000000000000000 | 13.58 14.25 14.91 | cpu  69494628 1006 13709836 2600936417 488778 0 201416 0 0 0
1791047661 3052, 13801, 41, 0x0000000000000000 | 13.58 14.25 14.91 | cpu  69494984 1006 13709882 2600961270 488780 0 201421 0 0 0
1791047662 2865, 13801, 40, 0x0000000000000000 | 12.81 14.08 14.85 | cpu  69495359 1006 13709943 2600986896 488780 0 201424 0 0 0
1791047663 2647, 13801, 40, 0x0000000000000000 | 12.81 14.08 14.85 | cpu  69495717 1006 13710073 2601011248 488780 0 201430 0 0 0
1791047665 2647, 13801, 41, 0x0000000000000000 | 12.81 14.08 14.85 | cpu  69496625 1006 13710224 2601035361 488780 0 201441 0 0 0
1791047666 2647, 13801, 40, 0x0000000000000000 | 12.81 14.08 14.85 | cpu  69497354 1006 13710309 2601059321 488782 0 201447 0 0 0
1791047667 2647, 13801, 40, 0x0000000000000000 | 12.03 13.89 14.78 | cpu  69497978 1006 13710443 2601084263 488782 0 201451 0 0 0
1791047668 2647, 13801, 40, 0x0000000000000000 | 12.03 13.89 14.78 | cpu  69498667 1006 13710555 2601108236 488782 0 201453 0 0 0
1791047669 2647, 13801, 40, 0x0000000000000000 | 12.03 13.89 14.78 | cpu  69502025 1006 13710609 2601129116 488782 0 201459 0 0 0
1791047670 2647, 13801, 40, 0x0000000000000000 | 12.03 13.89 14.78 | cpu  69503664 1006 13710778 2601152734 488786 0 201464 0 0 0
1791047671 2647, 13801, 40, 0x0000000000000000 | 12.03 13.89 14.78 | cpu  69504460 1006 13710914 2601176470 488789 0 201468 0 0 0
1791047672 2647, 13801, 40, 0x0000000000000000 | 11.38 13.73 14.73 | cpu  69505996 1006 13710983 2601199452 488789 0 201470 0 0 0
1791047673 2647, 13801, 40, 0x0000000000000000 | 11.38 13.73 14.73 | cpu  69507278 1006 13711083 2601223804 488789 0 201472 0 0 0
1791047675 2647, 13801, 40, 0x0000000000000000 | 11.38 13.73 14.73 | cpu  69508651 1006 13711178 2601246614 488789 0 201475 0 0 0
1791047676 2647, 13801, 40, 0x0000000000000000 | 11.38 13.73 14.73 | cpu  69510150 1006 13711262 2601269840 488790 0 201480 0 0 0
1791047677 2647, 13801, 40, 0x0000000000000000 | 10.71 13.55 14.66 | cpu  69511184 1006 13711332 2601295036 488792 0 201481 0 0 0
1791047678 2647, 13801, 40, 0x0000000000000000 | 10.71 13.55 14.66 | cpu  69511561 1006 13711397 2601320115 488792 0 201483 0 0 0
1791047679 2647, 13801, 40, 0x0000000000000000 | 10.71 13.55 14.66 | cpu  69512609 1006 13711451 2601345083 488792 0 201488 0 0 0
1791047680 2647, 13801, 40, 0x0000000000000000 | 10.71 13.55 14.66 | cpu  69512958 1006 13711516 2601369476 488794 0 201491 0 0 0
1791047681 2647, 13801, 40, 0x0000000000000000 | 10.71 13.55 14.66 | cpu  69514927 1006 13711602 2601393027 488796 0 201494 0 0 0
1791047682 2647, 13801, 40, 0x0000000000000000 | 10.25 13.41 14.61 | cpu  69515814 1006 13711672 2601417203 488796 0 201498 0 0 0
1791047684 2647, 13801, 40, 0x0000000000000000 | 10.25 13.41 14.61 | cpu  69516417 1006 13711779 2601442230 488796 0 201503 0 0 0
1791047685 2647, 13801, 40, 0x0000000000000000 | 10.25 13.41 14.61 | cpu  69517146 1006 13712001 2601466994 488802 0 201508 0 0 0
1791047686 2647, 13801, 41, 0x0000000000000000 | 10.25 13.41 14.61 | cpu  69517923 1006 13712086 2601490920 488802 0 201512 0 0 0
1791047687 2662, 13801, 40, 0x0000000000000000 | 9.75 13.25 14.55 | cpu  69518976 1006 13712174 2601514197 488803 0 201516 0 0 0
1791047688 2647, 13801, 40, 0x0000000000000000 | 9.75 13.25 14.55 | cpu  69519799 1006 13712262 2601537582 488805 0 201517 0 0 0
1791047689 3052, 13801, 41, 0x0000000000000000 | 9.75 13.25 14.55 | cpu  69520870 1006 13712353 2601561686 488805 0 201522 0 0 0
1791047690 3052, 13801, 41, 0x0000000000000000 | 9.75 13.25 14.55 | cpu  69521952 1006 13712476 2601584444 488805 0 201526 0 0 0
1791047691 2647, 13801, 40, 0x0000000000000000 | 9.75 13.25 14.55 | cpu  69522316 1006 13712526 2601609079 488805 0 201532 0 0 0
1791047693 2647, 13801, 40, 0x0000000000000000 | 9.29 13.10 14.50 | cpu  69522569 1006 13712583 2601633759 488805 0 201538 0 0 0
1791047694 2647, 13801, 40, 0x0000000000000000 | 9.29 13.10 14.50 | cpu  69522820 1006 13712676 2601658358 488806 0 201546 0 0 0
1791047695 2647, 13801, 40, 0x0000000000000000 | 9.29 13.10 14.50 | cpu  69523062 1006 13712722 2601683460 488806 0 201554 0 0 0
1791047696 2647, 13801, 40, 0x0000000000000000 | 9.29 13.10 14.50 | cpu  69526084 1006 13712819 2601704549 488806 0 201555 0 0 0
1791047697 2647, 13801, 40, 0x0000000000000000 | 8.79 12.93 14.43 | cpu  69526922 1006 13713063 2601728769 488820 0 201563 0 0 0
1791047698 2647, 13801, 40, 0x0000000000000000 | 8.79 12.93 14.43 | cpu  69528240 1006 13713270 2601753041 488829 0 201568 0 0 0
1791047699 2647, 13801, 40, 0x0000000000000000 | 8.79 12.93 14.43 | cpu  69528607 1006 13713342 2601778065 488832 0 201572 0 0 0
1791047700 2647, 13801, 40, 0x0000000000000000 | 8.79 12.93 14.43 | cpu  69529657 1007 13713508 2601802168 488832 0 201577 0 0 0
1791047702 2677, 13801, 40, 0x0000000000000000 | 8.40 12.78 14.38 | cpu  69530042 1007 13713658 2601827175 488832 0 201597 0 0 0
1791047703 2647, 13801, 40, 0x0000000000000000 | 8.40 12.78 14.38 | cpu  69531965 1007 13713801 2601849163 488832 0 201602 0 0 0
1791047704 2647, 13801, 40, 0x0000000000000000 | 8.40 12.78 14.38 | cpu  69532291 1007 13713856 2601873974 488832 0 201605 0 0 0
1791047705 2647, 13801, 40, 0x0000000000000000 | 8.40 12.78 14.38 | cpu  69532548 1007 13713914 2601899487 488833 0 201610 0 0 0
1791047706 2647, 13801, 40, 0x0000000000000000 | 8.40 12.78 14.38 | cpu  69532857 1007 13713973 2601924209 488833 0 201612 0 0 0
1791047707 2647, 13801, 40, 0x0000000000000000 | 8.13 12.65 14.33 | cpu  69533216 1007 13714032 2601948722 488833 0 201615 0 0 0
1791047708 2647, 13801, 40, 0x0000000000000000 | 8.13 12.65 14.33 | cpu  69533572 1007 13714081 2601973297 488833 0 201618 0 0 0
1791047709 2895, 13801, 42, 0x0000000000000000 | 8.13 12.65 14.33 | cpu  69534524 1007 13714131 2601997066 488833 0 201623 0 0 0
1791047711 2647, 13801, 40, 0x0000000000000000 | 8.13 12.65 14.33 | cpu  69535296 1007 13714206 2602022378 488835 0 201631 0 0 0
1791047712 2647, 13801, 40, 0x0000000000000000 | 7.80 12.51 14.27 | cpu  69536161 1007 13714292 2602047555 488836 0 201636 0 0 0
1791047713 2647, 13801, 40, 0x0000000000000000 | 7.80 12.51 14.27 | cpu  69536950 1007 13714362 2602071833 488836 0 201638 0 0 0
1791047714 2647, 13801, 40, 0x0000000000000000 | 7.80 12.51 14.27 | cpu  69537468 1007 13714461 2602096457 488836 0 201646 0 0 0
1791047715 2647, 13801, 40, 0x0000000000000000 | 7.80 12.51 14.27 | cpu  69538354 1007 13714591 2602120748 488836 0 201650 0 0 0
1791047716 2647, 13801, 40, 0x0000000000000000 | 7.80 12.51 14.27 | cpu  69539143 1007 13714698 2602145253 488836 0 201655 0 0 0
1791047717 2647, 13801, 41, 0x0000000000000000 | 7.58 12.38 14.22 | cpu  69542401 1007 13714803 2602165648 488836 0 201657 0 0 0
1791047718 2647, 13801, 39, 0x0000000000000000 | 7.58 12.38 14.22 | cpu  69543728 1007 13715004 2602189039 488836 0 201660 0 0 0
1791047720 2647, 13801, 39, 0x0000000000000000 | 7.58 12.38 14.22 | cpu  69545809 1007 13715123 2602211238 488836 0 201664 0 0 0
1791047721 2647, 13801, 40, 0x0000000000000000 | 7.58 12.38 14.22 | cpu  69547032 1007 13715213 2602235484 488836 0 201666 0 0 0
1791047722 2647, 13801, 39, 0x0000000000000000 | 7.37 12.26 14.17 | cpu  69547929 1007 13715292 2602259736 488836 0 201669 0 0 0
1791047723 2647, 13801, 39, 0x0000000000000000 | 7.37 12.26 14.17 | cpu  69548978 1007 13715388 2602283172 488837 0 201673 0 0 0
1791047724 2647, 13801, 39, 0x0000000000000000 | 7.37 12.26 14.17 | cpu  69550784 1007 13715445 2602306119 488837 0 201680 0 0 0
1791047725 2647, 13801, 39, 0x0000000000000000 | 7.37 12.26 14.17 | cpu  69551729 1007 13715509 2602330321 488837 0 201685 0 0 0
1791047726 2647, 13801, 39, 0x0000000000000000 | 7.37 12.26 14.17 | cpu  69552348 1007 13715587 2602353888 488837 0 201690 0 0 0
1791047727 2647, 13801, 39, 0x0000000000000000 | 7.10 12.12 14.12 | cpu  69553132 1007 13715680 2602377697 488838 0 201696 0 0 0
1791047728 2647, 13801, 39, 0x0000000000000000 | 7.10 12.12 14.12 | cpu  69553898 1007 13715761 2602401651 488839 0 201703 0 0 0
1791047730 2647, 13801, 39, 0x0000000000000000 | 7.10 12.12 14.12 | cpu  69554623 1007 13715924 2602426899 488839 0 201710 0 0 0
1791047731 2647, 13801, 39, 0x0000000000000000 | 7.10 12.12 14.12 | cpu  69555002 1007 13716052 2602452467 488839 0 201714 0 0 0
1791047732 2647, 13801, 39, 0x0000000000000000 | 7.01 12.02 14.07 | cpu  69556180 1007 13716140 2602476407 488839 0 201720 0 0 0
1791047733 2647, 13801, 39, 0x0000000000000000 | 7.01 12.02 14.07 | cpu  69556882 1007 13716219 2602499644 488839 0 201723 0 0 0
1791047734 2647, 13801, 39, 0x0000000000000000 | 7.01 12.02 14.07 | cpu  69557623 1007 13716312 2602524076 488842 0 201732 0 0 0
1791047735 2902, 13801, 41, 0x0000000000000000 | 7.01 12.02 14.07 | cpu  69558418 1007 13716384 2602547994 488842 0 201737 0 0 0
1791047736 3045, 13801, 51, 0x0000000000000000 | 7.01 12.02 14.07 | cpu  69559191 1007 13716431 2602572310 488842 0 201744 0 0 0
1791047737 3037, 13801, 42, 0x0000000000000000 | 6.77 11.89 14.02 | cpu  69559826 1007 13716512 2602596496 488842 0 201749 0 0 0
1791047739 2962, 13801, 45, 0x0000000000000004 | 6.77 11.89 14.02 | cpu  69561737 1007 13716590 2602619209 488842 0 201755 0 0 0
1791047740 3052, 13801, 41, 0x0000000000000000 | 6.77 11.89 14.02 | cpu  69564449 1007 13716717 2602640802 488843 0 201760 0 0 0
1791047741 3045, 13801, 52, 0x0000000000000000 | 6.77 11.89 14.02 | cpu  69566075 1007 13716786 2602663897 488843 0 201763 0 0 0
1791047742 3037, 13801, 42, 0x0000000000000000 | 6.71 11.79 13.98 | cpu  69567406 1008 13716866 2602687234 488843 0 201765 0 0 0
1791047743 2955, 13801, 45, 0x0000000000000004 | 6.71 11.79 13.98 | cpu  69568785 1008 13716947 2602711425 488844 0 201770 0 0 0
1791047744 3052, 13801, 47, 0x0000000000000000 | 6.71 11.79 13.98 | cpu  69569772 1008 13717027 2602735952 488844 0 201773 0 0 0
1791047745 3015, 13801, 43, 0x0000000000000000 | 6.71 11.79 13.98 | cpu  69572546 1008 13717094 2602757970 488846 0 201777 0 0 0
1791047746 3045, 13801, 52, 0x0000000000000004 | 6.71 11.79 13.98 | cpu  69573200 1008 13717226 2602782190 488850 0 201782 0 0 0
1791047747 3052, 13801, 42, 0x0000000000000000 | 6.65 11.69 13.93 | cpu  69573899 1008 13717365 2602806622 488850 0 201785 0 0 0
1791047749 3022, 13801, 43, 0x0000000000000000 | 6.65 11.69 13.93 | cpu  69574642 1008 13717534 2602831070 488850 0 201788 0 0 0
1791047750 3052, 13801, 42, 0x0000000000000000 | 6.65 11.69 13.93 | cpu  69575113 1008 13717608 2602855309 488850 0 201792 0 0 0
1791047751 2970, 13801, 44, 0x0000000000000004 | 6.65 11.69 13.93 | cpu  69576326 1008 13717685 2602879393 488850 0 201795 0 0 0
1791047752 3052, 13801, 42, 0x0000000000000000 | 6.52 11.58 13.88 | cpu  69577031 1008 13717770 2602903399 488850 0 201798 0 0 0
1791047753 3030, 13801, 44, 0x0000000000000000 | 6.52 11.58 13.88 | cpu  69577959 1008 13717855 2602927243 488851 0 201801 0 0 0
1791047754 3045, 13801, 43, 0x0000000000000000 | 6.52 11.58 13.88 | cpu  69578661 1008 13717958 2602951506 488853 0 201806 0 0 0
1791047755 3030, 13801, 46, 0x0000000000000004 | 6.52 11.58 13.88 | cpu  69579031 1008 13718004 2602976690 488853 0 201810 0 0 0
1791047756 3045, 13801, 43, 0x0000000000000000 | 6.52 11.58 13.88 | cpu  69579385 1008 13718056 2603000778 488853 0 201814 0 0 0
1791047758 3007, 13801, 44, 0x0000000000000000 | 6.24 11.44 13.83 | cpu  69579684 1008 13718111 2603026079 488853 0 201817 0 0 0
1791047759 3045, 13801, 43, 0x0000000000000000 | 6.24 11.44 13.83 | cpu  69579954 1008 13718170 2603051681 488855 0 201822 0 0 0
1791047760 3007, 13801, 44, 0x0000000000000000 | 6.24 11.44 13.83 | cpu  69583787 1008 13718286 2603071977 488855 0 201824 0 0 0
1791047761 3015, 13801, 53, 0x0000000000000004 | 6.24 11.44 13.83 | cpu  69585011 1008 13718410 2603095985 488857 0 201828 0 0 0
1791047762 2992, 13801, 43, 0x0000000000000000 | 6.14 11.33 13.78 | cpu  69586756 1008 13718501 2603120952 488857 0 201832 0 0 0
1791047763 3045, 13801, 43, 0x0000000000000000 | 6.14 11.33 13.78 | cpu  69588199 1008 13718576 2603143425 488857 0 201834 0 0 0
1791047764 3030, 13801, 50, 0x0000000000000004 | 6.14 11.33 13.78 | cpu  69589365 1008 13718773 2603167749 488858 0 201839 0 0 0
1791047765 3052, 13801, 43, 0x0000000000000000 | 6.14 11.33 13.78 | cpu  69591320 1008 13718967 2603190615 488859 0 201844 0 0 0
1791047767 2865, 13801, 42, 0x0000000000000000 | 6.13 11.24 13.74 | cpu  69592463 1008 13719080 2603214899 488860 0 201852 0 0 0
1791047768 2662, 13801, 42, 0x0000000000000000 | 6.13 11.24 13.74 | cpu  69593096 1008 13719164 2603238970 488860 0 201856 0 0 0
1791047769 2670, 13801, 42, 0x0000000000000000 | 6.13 11.24 13.74 | cpu  69596124 1008 13719373 2603259669 488862 0 201859 0 0 0
1791047770 2662, 13801, 42, 0x0000000000000000 | 6.13 11.24 13.74 | cpu  69599958 1008 13719607 2603280313 488862 0 201861 0 0 0
1791047771 2707, 13801, 42, 0x0000000000000000 | 6.13 11.24 13.74 | cpu  69603779 1008 13719862 2603300927 488864 0 201864 0 0 0
1791047772 2647, 13801, 41, 0x0000000000000000 | 14.92 12.98 14.29 | cpu  69606957 1008 13720443 2603322574 488864 0 201870 0 0 0
1791047773 2662, 13801, 41, 0x0000000000000000 | 14.92 12.98 14.29 | cpu  69609198 1008 13721909 2603343993 488864 0 201876 0 0 0
1791047774 2775, 13801, 43, 0x0000000000000000 | 14.92 12.98 14.29 | cpu  69611919 1008 13723794 2603365205 488865 0 201882 0 0 0
1791047776 2970, 13801, 43, 0x0000000000000000 | 14.92 12.98 14.29 | cpu  69613103 1008 13724295 2603388910 488865 0 201886 0 0 0
1791047777 2917, 13801, 42, 0x0000000000000000 | 14.05 12.83 14.23 | cpu  69613683 1008 13724378 2603413007 488867 0 201889 0 0 0
1791047778 2647, 13801, 41, 0x0000000000000000 | 14.05 12.83 14.23 | cpu  69614426 1008 13724492 2603437424 488875 0 201894 0 0 0
1791047779 2647, 13801, 41, 0x0000000000000000 | 14.05 12.83 14.23 | cpu  69614703 1008 13724595 2603461978 488875 0 201901 0 0 0
1791047780 2647, 13801, 41, 0x0000000000000000 | 14.05 12.83 14.23 | cpu  69617075 1008 13724662 2603483586 488875 0 201906 0 0 0
1791047781 2647, 13801, 41, 0x0000000000000000 | 14.05 12.83 14.23 | cpu  69617898 1008 13725178 2603507416 488875 0 201908 0 0 0
1791047782 2647, 13801, 41, 0x0000000000000000 | 13.16 12.67 14.17 | cpu  69619934 1008 13725404 2603529270 488876 0 201914 0 0 0
1791047783 2647, 13801, 41, 0x0000000000000000 | 13.16 12.67 14.17 | cpu  69621997 1008 13725553 2603551589 488876 0 201918 0 0 0
1791047784 2662, 13801, 41, 0x0000000000000000 | 13.16 12.67 14.17 | cpu  69623313 1008 13725642 2603575657 488876 0 201922 0 0 0
1791047786 2647, 13801, 41, 0x0000000000000000 | 13.16 12.67 14.17 | cpu  69624031 1008 13725726 2603599148 488876 0 201925 0 0 0
1791047787 2647, 13801, 41, 0x0000000000000000 | 12.59 12.56 14.12 | cpu  69624882 1008 13725802 2603623814 488879 0 201929 0 0 0
1791047788 2647, 13801, 41, 0x0000000000000000 | 12.59 12.56 14.12 | cpu  69627416 1008 13725891 2603647024 488879 0 201936 0 0 0
1791047789 2647, 13801, 41, 0x0000000000000000 | 12.59 12.56 14.12 | cpu  69628044 1008 13725977 2603671261 488879 0 201938 0 0 0
1791047790 2647, 13801, 41, 0x0000000000000000 | 12.59 12.56 14.12 | cpu  69628862 1009 13726058 2603695672 488880 0 201940 0 0 0
1791047791 2647, 13801, 41, 0x0000000000000000 | 12.59 12.56 14.12 | cpu  69629512 1009 13726152 2603719715 488880 0 201944 0 0 0
1791047792 2647, 13801, 41, 0x0000000000000000 | 11.98 12.43 14.08 | cpu  69630666 1009 13726332 2603743692 488883 0 201949 0 0 0
1791047793 2647, 13801, 41, 0x0000000000000000 | 11.98 12.43 14.08 | cpu  69631027 1009 13726373 2603768106 488883 0 201951 0 0 0
1791047795 2647, 13801, 41, 0x0000000000000000 | 11.98 12.43 14.08 | cpu  69631854 1009 13726450 2603792241 488884 0 201954 0 0 0
1791047796 2647, 13801, 41, 0x0000000000000000 | 11.98 12.43 14.08 | cpu  69632540 1009 13726653 2603816510 488884 0 201957 0 0 0
1791047797 2647, 13801, 40, 0x0000000000000000 | 11.50 12.33 14.03 | cpu  69633355 1009 13726820 2603841330 488884 0 201964 0 0 0
1791047798 2902, 13801, 41, 0x0000000000000000 | 11.50 12.33 14.03 | cpu  69634040 1009 13726906 2603865307 488885 0 201966 0 0 0
1791047799 2902, 13801, 41, 0x0000000000000000 | 11.50 12.33 14.03 | cpu  69634680 1009 13727003 2603889395 488885 0 201969 0 0 0
1791047800 2647, 13801, 41, 0x0000000000000000 | 11.50 12.33 14.03 | cpu  69635497 1009 13727069 2603913454 488885 0 201972 0 0 0
1791047801 2647, 13801, 40, 0x0000000000000000 | 11.50 12.33 14.03 | cpu  69637379 1009 13727177 2603938340 488885 0 201975 0 0 0
1791047802 3052, 13801, 42, 0x0000000000000000 | 10.98 12.20 13.98 | cpu  69640198 1009 13727274 2603961058 488885 0 201980 0 0 0
1791047804 3052, 13801, 41, 0x0000000000000000 | 10.98 12.20 13.98 | cpu  69642143 1009 13727352 2603983614 488887 0 201985 0 0 0
1791047805 2647, 13801, 41, 0x0000000000000000 | 10.98 12.20 13.98 | cpu  69643647 1009 13727421 2604006243 488887 0 201989 0 0 0
1791047806 2647, 13801, 40, 0x0000000000000000 | 10.98 12.20 13.98 | cpu  69644696 1009 13727504 2604030781 488887 0 201995 0 0 0
1791047807 2647, 13801, 40, 0x0000000000000000 | 10.42 12.07 13.93 | cpu  69645469 1009 13727581 2604055065 488887 0 202000 0 0 0
1791047808 2647, 13801, 40, 0x0000000000000000 | 10.42 12.07 13.93 | cpu  69648013 1009 13727667 2604076780 488887 0 202004 0 0 0
1791047809 2647, 13801, 40, 0x0000000000000000 | 10.42 12.07 13.93 | cpu  69649032 1009 13727789 2604100886 488888 0 202008 0 0 0
1791047810 2647, 13801, 40, 0x0000000000000000 | 10.42 12.07 13.93 | cpu  69649791 1009 13727914 2604125231 488888 0 202012 0 0 0
1791047811 2647, 13801, 40, 0x0000000000000000 | 10.42 12.07 13.93 | cpu  69650475 1009 13728009 2604149420 488888 0 202016 0 0 0
1791047813 2647, 13801, 40, 0x0000000000000000 | 10.07 11.97 13.89 | cpu  69651235 1009 13728264 2604173242 488888 0 202018 0 0 0
1791047814 2647, 13801, 40, 0x0000000000000000 | 10.07 11.97 13.89 | cpu  69652100 1009 13728344 2604198087 488890 0 202024 0 0 0
1791047815 2662, 13801, 43, 0x0000000000000000 | 10.07 11.97 13.89 | cpu  69652836 1009 13728434 2604222130 488890 0 202026 0 0 0
1791047816 2647, 13801, 40, 0x0000000000000000 | 10.07 11.97 13.89 | cpu  69653600 1009 13728510 2604246915 488890 0 202031 0 0 0
1791047817 2647, 13801, 40, 0x0000000000000000 | 9.58 11.83 13.83 | cpu  69654238 1009 13728604 2604271756 488890 0 202036 0 0 0
1791047818 2647, 13801, 40, 0x0000000000000000 | 9.58 11.83 13.83 | cpu  69655318 1009 13728712 2604295595 488891 0 202040 0 0 0
1791047819 2737, 13801, 40, 0x0000000000000000 | 9.58 11.83 13.83 | cpu  69656054 1009 13728821 2604319935 488891 0 202043 0 0 0
1791047820 2647, 13801, 40, 0x0000000000000000 | 9.58 11.83 13.83 | cpu  69656680 1009 13728892 2604344458 488891 0 202046 0 0 0
1791047822 2647, 13801, 40, 0x0000000000000000 | 9.58 11.83 13.83 | cpu  69657500 1009 13729010 2604368481 488892 0 202056 0 0 0
1791047823 2647, 13801, 40, 0x0000000000000000 | 9.29 11.74 13.79 | cpu  69660266 1009 13729069 2604389514 488892 0 202056 0 0 0
1791047824 2670, 13801, 40, 0x0000000000000000 | 9.29 11.74 13.79 | cpu  69663698 1009 13729124 2604410195 488894 0 202056 0 0 0
1791047825 2647, 13801, 40, 0x0000000000000000 | 9.29 11.74 13.79 | cpu  69665271 1009 13729324 2604433072 488897 0 202058 0 0 0
1791047826 2647, 13801, 40, 0x0000000000000000 | 9.29 11.74 13.79 | cpu  69666865 1009 13729452 2604455404 488900 0 202061 0 0 0
1791047827 2647, 13801, 40, 0x0000000000000000 | 8.79 11.59 13.73 | cpu  69668312 1009 13729545 2604478985 488901 0 202068 0 0 0
1791047828 2647, 13801, 40, 0x0000000000000000 | 8.79 11.59 13.73 | cpu  69669872 1009 13729652 2604501253 488901 0 202073 0 0 0
1791047829 2647, 13801, 40, 0x0000000000000000 | 8.79 11.59 13.73 | cpu  69671612 1010 13729762 2604524340 488901 0 202082 0 0 0
1791047830 2647, 13801, 40, 0x0000000000000000 | 8.79 11.59 13.73 | cpu  69673162 1010 13729834 2604547099 488901 0 202084 0 0 0
1791047831 2647, 13801, 40, 0x0000000000000000 | 8.79 11.59 13.73 | cpu  69674754 1010 13729941 2604571660 488905 0 202086 0 0 0
1791047833 2647, 13801, 40, 0x0000000000000000 | 8.49 11.48 13.69 | cpu  69675566 1010 13730006 2604595940 488905 0 202088 0 0 0
1791047834 2647, 13801, 40, 0x0000000000000000 | 8.49 11.48 13.69 | cpu  69676800 1010 13730051 2604620393 488905 0 202089 0 0 0
1791047835 2647, 13801, 40, 0x0000000000000000 | 8.49 11.48 13.69 | cpu  69677945 1010 13730137 2604643241 488905 0 202091 0 0 0
1791047836 2647, 13801, 40, 0x0000000000000000 | 8.49 11.48 13.69 | cpu  69680242 1010 13730239 2604664847 488905 0 202095 0 0 0
1791047837 2647, 13801, 42, 0x0000000000000000 | 12.21 12.20 13.91 | cpu  69680928 1010 13730316 2604688499 488906 0 202098 0 0 0
1791047838 3052, 13801, 41, 0x0000000000000000 | 12.21 12.20 13.91 | cpu  69681632 1010 13730365 2604712883 488908 0 202100 0 0 0
1791047839 2647, 13801, 40, 0x0000000000000000 | 12.21 12.20 13.91 | cpu  69682456 1010 13730423 2604736678 488908 0 202106 0 0 0
1791047840 2647, 13801, 40, 0x0000000000000000 | 12.21 12.20 13.91 | cpu  69683216 1010 13730523 2604760979 488918 0 202112 0 0 0
1791047841 2677, 13801, 40, 0x0000000000000000 | 12.21 12.20 13.91 | cpu  69684051 1010 13730606 2604785355 488925 0 202112 0 0 0
1791047843 2707, 13801, 41, 0x0000000000000000 | 11.63 12.08 13.86 | cpu  69684942 1010 13730693 2604809753 488925 0 202116 0 0 0
1791047844 2647, 13801, 40, 0x0000000000000000 | 11.63 12.08 13.86 | cpu  69685428 1010 13730745 2604834113 488925 0 202126 0 0 0
1791047845 2647, 13801, 40, 0x0000000000000000 | 11.63 12.08 13.86 | cpu  69685770 1010 13730793 2604858080 488925 0 202130 0 0 0
1791047846 2962, 13801, 53, 0x0000000000000004 | 11.63 12.08 13.86 | cpu  69686137 1010 13730841 2604882563 488926 0 202133 0 0 0
1791047847 2737, 13801, 55, 0x0000000000000004 | 11.02 11.95 13.81 | cpu  69686540 1010 13730894 2604908406 488928 0 202139 0 0 0
1791047848 2895, 13801, 56, 0x0000000000000004 | 11.02 11.95 13.81 | cpu  69687441 1010 13730981 2604932359 488928 0 202142 0 0 0
1791047849 2827, 13801, 57, 0x0000000000000004 | 11.02 11.95 13.81 | cpu  69688092 1010 13731068 2604957051 488928 0 202146 0 0 0
1791047850 2910, 13801, 56, 0x0000000000000004 | 11.02 11.95 13.81 | cpu  69688864 1010 13731148 2604981358 488928 0 202150 0 0 0
1791047852 2910, 13801, 57, 0x0000000000000004 | 11.02 11.95 13.81 | cpu  69689770 1010 13731239 2605005399 488928 0 202152 0 0 0
1791047853 3015, 13801, 50, 0x0000000000000000 | 10.46 11.82 13.75 | cpu  69690347 1010 13731335 2605030738 488929 0 202158 0 0 0
1791047854 3045, 13801, 45, 0x0000000000000000 | 10.46 11.82 13.75 | cpu  69691114 1010 13731394 2605055442 488929 0 202163 0 0 0
1791047855 3022, 13801, 50, 0x0000000000000000 | 10.46 11.82 13.75 | cpu  69691736 1010 13731457 2605079781 488929 0 202164 0 0 0
1791047856 3045, 13801, 45, 0x0000000000000000 | 10.46 11.82 13.75 | cpu  69692544 1010 13731549 2605104587 488929 0 202169 0 0 0
1791047857 3045, 13801, 44, 0x0000000000000000 | 10.02 11.70 13.71 | cpu  69693299 1010 13731630 2605129025 488929 0 202175 0 0 0
1791047858 2647, 13801, 43, 0x0000000000000000 | 10.02 11.70 13.71 | cpu  69694440 1010 13731712 2605153018 488933 0 202178 0 0 0
1791047859 2647, 13801, 43, 0x0000000000000000 | 10.02 11.70 13.71 | cpu  69695036 1010 13731801 2605176964 488933 0 202178 0 0 0
1791047861 2647, 13801, 43, 0x0000000000000000 | 10.02 11.70 13.71 | cpu  69696204 1010 13731955 2605200237 488935 0 202181 0 0 0
1791047862 2647, 13801, 43, 0x0000000000000000 | 9.54 11.58 13.65 | cpu  69699924 1010 13732181 2605220424 488935 0 202187 0 0 0
1791047863 2647, 13801, 42, 0x0000000000000000 | 9.54 11.58 13.65 | cpu  69701473 1010 13732477 2605245067 488935 0 202189 0 0 0
1791047864 2647, 13801, 42, 0x0000000000000000 | 9.54 11.58 13.65 | cpu  69703117 1010 13732623 2605268845 488940 0 202190 0 0 0
1791047865 3045, 13801, 43, 0x0000000000000000 | 9.54 11.58 13.65 | cpu  69704489 1010 13732706 2605292371 488940 0 202195 0 0 0
1791047866 2865, 13801, 43, 0x0000000000000000 | 9.54 11.58 13.65 | cpu  69705341 1010 13732769 2605315939 488940 0 202197 0 0 0
1791047867 2647, 13801, 42, 0x0000000000000000 | 9.26 11.48 13.61 | cpu  69707170 1010 13732864 2605338379 488943 0 202202 0 0 0
1791047868 2647, 13801, 42, 0x0000000000000000 | 9.26 11.48 13.61 | cpu  69707908 1010 13732940 2605362779 488944 0 202202 0 0 0
1791047870 2647, 13801, 42, 0x0000000000000000 | 9.26 11.48 13.61 | cpu  69708242 1010 13732980 2605388102 488944 0 202202 0 0 0
1791047871 2647, 13801, 42, 0x0000000000000000 | 9.26 11.48 13.61 | cpu  69708794 1010 13733028 2605413105 488944 0 202203 0 0 0
1791047872 2647, 13801, 42, 0x0000000000000000 | 8.83 11.36 13.56 | cpu  69709218 1010 13733069 2605437403 488944 0 202203 0 0 0
1791047873 2647, 13801, 42, 0x0000000000000000 | 8.83 11.36 13.56 | cpu  69709650 1010 13733129 2605461786 488944 0 202203 0 0 0
1791047874 3052, 13801, 43, 0x0000000000000000 | 8.83 11.36 13.56 | cpu  69710138 1010 13733186 2605487355 488944 0 202204 0 0 0
1791047875 2647, 13801, 42, 0x0000000000000000 | 8.83 11.36 13.56 | cpu  69711258 1010 13733254 2605510483 488944 0 202206 0 0 0
1791047876 2647, 13801, 42, 0x0000000000000000 | 8.83 11.36 13.56 | cpu  69712079 1010 13733384 2605535660 488944 0 202206 0 0 0
1791047877 2647, 13801, 42, 0x0000000000000000 | 8.61 11.27 13.52 | cpu  69712945 1010 13733484 2605558792 488944 0 202208 0 0 0
1791047879 3052, 13801, 43, 0x0000000000000000 | 8.61 11.27 13.52 | cpu  69713740 1010 13733544 2605583085 488947 0 202208 0 0 0
1791047880 3052, 13801, 43, 0x0000000000000000 | 8.61 11.27 13.52 | cpu  69714111 1010 13733586 2605607725 488947 0 202208 0 0 0
1791047881 2647, 13801, 42, 0x0000000000000000 | 8.61 11.27 13.52 | cpu  69715054 1010 13733706 2605632187 488949 0 202209 0 0 0
1791047882 2647, 13801, 42, 0x0000000000000000 | 8.80 11.27 13.51 | cpu  69717221 1010 13734016 2605654432 488949 0 202210 0 0 0
1791047883 2647, 13801, 42, 0x0000000000000000 | 8.80 11.27 13.51 | cpu  69719718 1010 13734456 2605675905 488949 0 202212 0 0 0
1791047884 2647, 13801, 42, 0x0000000000000000 | 8.80 11.27 13.51 | cpu  69720586 1010 13734745 2605699690 488950 0 202212 0 0 0
1791047885 3052, 13801, 42, 0x0000000000000000 | 8.80 11.27 13.51 | cpu  69722426 1010 13734824 2605722490 488950 0 202212 0 0 0
1791047886 3052, 13801, 42, 0x0000000000000000 | 8.80 11.27 13.51 | cpu  69723912 1010 13734947 2605745189 488953 0 202213 0 0 0
1791047887 2647, 13801, 42, 0x0000000000000000 | 8.41 11.14 13.45 | cpu  69724315 1010 13734974 2605769516 488954 0 202214 0 0 0
1791047889 2647, 13801, 41, 0x0000000000000000 | 8.41 11.14 13.45 | cpu  69727258 1010 13735065 2605791655 488954 0 202214 0 0 0
1791047890 2647, 13801, 41, 0x0000000000000000 | 8.41 11.14 13.45 | cpu  69728578 1010 13735136 2605815319 488955 0 202215 0 0 0
1791047891 2647, 13801, 41, 0x0000000000000000 | 8.41 11.14 13.45 | cpu  69729542 1010 13735206 2605839442 488957 0 202215 0 0 0
1791047892 2647, 13801, 41, 0x0000000000000000 | 8.22 11.06 13.41 | cpu  69730248 1010 13735281 2605863415 488958 0 202215 0 0 0
1791047893 2647, 13801, 41, 0x0000000000000000 | 8.22 11.06 13.41 | cpu  69731046 1010 13735390 2605887592 488959 0 202216 0 0 0
1791047894 2647, 13801, 41, 0x0000000000000000 | 8.22 11.06 13.41 | cpu  69731970 1010 13735471 2605912686 488960 0 202218 0 0 0
1791047895 2647, 13801, 41, 0x0000000000000000 | 8.22 11.06 13.41 | cpu  69732754 1010 13735558 2605936224 488961 0 202221 0 0 0
1791047896 2647, 13801, 41, 0x0000000000000000 | 8.22 11.06 13.41 | cpu  69733859 1010 13735620 2605960275 488962 0 202222 0 0 0
1791047898 2647, 13801, 41, 0x0000000000000000 | 7.96 10.96 13.37 | cpu  69734893 1010 13735675 2605984533 488966 0 202224 0 0 0
1791047899 2647, 13801, 41, 0x0000000000000000 | 7.96 10.96 13.37 | cpu  69735614 1010 13735734 2606008154 488966 0 202224 0 0 0
1791047900 2647, 13801, 41, 0x0000000000000000 | 7.96 10.96 13.37 | cpu  69736417 1010 13735791 2606032558 488966 0 202224 0 0 0
1791047901 2647, 13801, 41, 0x0000000000000000 | 7.96 10.96 13.37 | cpu  69737174 1010 13735836 2606056472 488966 0 202224 0 0 0
1791047902 2715, 13801, 41, 0x0000000000000000 | 7.49 10.81 13.31 | cpu  69737462 1010 13735875 2606081827 488966 0 202225 0 0 0
1791047903 2647, 13801, 41, 0x0000000000000000 | 7.49 10.81 13.31 | cpu  69740110 1010 13735986 2606104276 488977 0 202226 0 0 0
1791047904 2647, 13801, 41, 0x0000000000000000 | 7.49 10.81 13.31 | cpu  69741876 1010 13736221 2606127344 488989 0 202226 0 0 0
1791047905 2647, 13801, 41, 0x0000000000000000 | 7.49 10.81 13.31 | cpu  69743424 1011 13736432 2606150396 488997 0 202227 0 0 0
1791047906 3022, 13801, 47, 0x0000000000000000 | 7.49 10.81 13.31 | cpu  69744487 1011 13736506 2606173709 488997 0 202228 0 0 0
1791047908 3052, 13801, 42, 0x0000000000000000 | 7.21 10.70 13.26 | cpu  69745936 1011 13736580 2606197906 488997 0 202229 0 0 0
1791047909 2647, 13801, 41, 0x0000000000000000 | 7.21 10.70 13.26 | cpu  69747009 1011 13736652 2606221328 488999 0 202229 0 0 0
1791047910 2647, 13801, 41, 0x0000000000000000 | 7.21 10.70 13.26 | cpu  69749064 1011 13736733 2606243392 488999 0 202231 0 0 0
1791047911 3022, 13801, 45, 0x0000000000000000 | 7.21 10.70 13.26 | cpu  69750280 1011 13736790 2606267034 488999 0 202233 0 0 0
1791047912 3045, 13801, 45, 0x0000000000000000 | 6.95 10.58 13.21 | cpu  69751007 1011 13736847 2606291063 488999 0 202233 0 0 0
1791047913 3052, 13801, 42, 0x0000000000000000 | 6.95 10.58 13.21 | cpu  69751366 1011 13736876 2606315472 488999 0 202234 0 0 0
1791047914 2647, 13801, 41, 0x0000000000000000 | 6.95 10.58 13.21 | cpu  69752482 1011 13736929 2606339413 489000 0 202234 0 0 0
1791047915 2647, 13801, 41, 0x0000000000000000 | 6.95 10.58 13.21 | cpu  69753228 1011 13736989 2606364291 489000 0 202234 0 0 0
1791047917 2775, 13801, 45, 0x0000000000000000 | 6.95 10.58 13.21 | cpu  69754142 1011 13737064 2606388952 489000 0 202236 0 0 0
1791047918 2977, 13801, 44, 0x0000000000000004 | 6.79 10.49 13.16 | cpu  69754882 1011 13737103 2606413217 489000 0 202238 0 0 0
1791047919 3045, 13801, 46, 0x0000000000000000 | 6.79 10.49 13.16 | cpu  69755190 1011 13737126 2606437819 489001 0 202238 0 0 0
1791047920 3045, 13801, 43, 0x0000000000000000 | 6.79 10.49 13.16 | cpu  69755413 1011 13737149 2606462478 489001 0 202238 0 0 0
1791047921 3030, 13801, 43, 0x0000000000000000 | 6.79 10.49 13.16 | cpu  69755640 1012 13737175 2606486799 489002 0 202240 0 0 0
1791047922 3045, 13801, 43, 0x0000000000000000 | 6.41 10.35 13.10 | cpu  69755868 1012 13737209 2606511258 489004 0 202240 0 0 0
1791047923 3007, 13801, 45, 0x0000000000000004 | 6.41 10.35 13.10 | cpu  69757700 1012 13737279 2606534884 489004 0 202242 0 0 0
1791047924 2970, 13801, 45, 0x0000000000000004 | 6.41 10.35 13.10 | cpu  69759798 1012 13737388 2606557007 489004 0 202242 0 0 0
1791047925 3007, 13801, 45, 0x0000000000000000 | 6.41 10.35 13.10 | cpu  69761254 1012 13737602 2606579951 489004 0 202242 0 0 0
1791047927 3030, 13801, 49, 0x0000000000000004 | 6.41 10.35 13.10 | cpu  69762616 1012 13737686 2606604157 489005 0 202243 0 0 0
1791047928 3030, 13801, 51, 0x0000000000000000 | 6.22 10.25 13.05 | cpu  69764210 1012 13737759 2606628317 489008 0 202244 0 0 0
1791047929 3007, 13801, 52, 0x0000000000000000 | 6.22 10.25 13.05 | cpu  69765154 1012 13737801 2606652436 489008 0 202247 0 0 0
1791047930 3037, 13801, 44, 0x0000000000000000 | 6.22 10.25 13.05 | cpu  69767171 1012 13737844 2606674461 489008 0 202248 0 0 0
1791047931 3007, 13801, 54, 0x0000000000000004 | 6.22 10.25 13.05 | cpu  69767481 1012 13737867 2606698925 489008 0 202248 0 0 0
1791047932 3045, 13801, 44, 0x0000000000000000 | 5.88 10.11 12.99 | cpu  69767714 1012 13737894 2606723851 489008 0 202248 0 0 0
1791047933 3037, 13801, 51, 0x0000000000000000 | 5.88 10.11 12.99 | cpu  69768059 1012 13737916 2606748435 489008 0 202248 0 0 0
1791047934 3045, 13801, 44, 0x0000000000000000 | 5.88 10.11 12.99 | cpu  69769281 1012 13737956 2606772154 489009 0 202249 0 0 0
1791047935 3022, 13801, 45, 0x0000000000000000 | 5.88 10.11 12.99 | cpu  69770030 1012 13738008 2606796257 489009 0 202250 0 0 0
1791047937 3030, 13801, 54, 0x0000000000000004 | 5.88 10.11 12.99 | cpu  69770870 1012 13738076 2606820977 489009 0 202252 0 0 0
1791047938 3037, 13801, 44, 0x0000000000000000 | 5.81 10.02 12.95 | cpu  69771712 1012 13738113 2606845776 489009 0 202253 0 0 0
1791047939 3007, 13801, 47, 0x0000000000000004 | 5.81 10.02 12.95 | cpu  69772049 1012 13738144 2606870112 489009 0 202253 0 0 0
1791047940 3045, 13801, 46, 0x0000000000000000 | 5.81 10.02 12.95 | cpu  69772886 1012 13738198 2606893523 489012 0 202255 0 0 0
1791047941 3045, 13801, 44, 0x0000000000000000 | 5.81 10.02 12.95 | cpu  69773642 1012 13738317 2606917886 489012 0 202256 0 0 0
1791047942 3045, 13801, 44, 0x0000000000000000 | 5.66 9.92 12.90 | cpu  69774397 1012 13738378 2606942433 489012 0 202259 0 0 0
1791047943 3030, 13801, 45, 0x0000000000000000 | 5.66 9.92 12.90 | cpu  69775043 1012 13738422 2606966133 489012 0 202260 0 0 0
1791047944 3045, 13801, 48, 0x0000000000000000 | 5.66 9.92 12.90 | cpu  69777740 1012 13738455 2606987364 489013 0 202260 0 0 0
1791047945 3037, 13801, 44, 0x0000000000000000 | 5.66 9.92 12.90 | cpu  69778173 1012 13738930 2607011241 489016 0 202262 0 0 0
1791047947 3022, 13801, 50, 0x0000000000000000 | 5.66 9.92 12.90 | cpu  69780075 1012 13739024 2607033836 489016 0 202262 0 0 0
1791047948 3045, 13801, 45, 0x0000000000000000 | 6.01 9.92 12.89 | cpu  69781788 1012 13739172 2607056540 489016 0 202262 0 0 0
1791047949 3015, 13801, 51, 0x0000000000000000 | 6.01 9.92 12.89 | cpu  69782764 1012 13739399 2607080547 489019 0 202264 0 0 0
1791047950 3037, 13801, 45, 0x0000000000000000 | 6.01 9.92 12.89 | cpu  69784048 1012 13739769 2607104960 489022 0 202284 0 0 0
1791047951 3045, 13801, 44, 0x0000000000000000 | 6.01 9.92 12.89 | cpu  69784894 1012 13739972 2607128876 489022 0 202300 0 0 0
1791047952 3030, 13801, 50, 0x0000000000000000 | 21.22 13.01 13.87 | cpu  69786843 1012 13740144 2607152748 489023 0 202318 0 0 0
1791047953 3022, 13801, 51, 0x0000000000000000 | 21.22 13.01 13.87 | cpu  69787194 1012 13740296 2607178009 489023 0 202320 0 0 0
1791047955 3022, 13801, 51, 0x0000000000000000 | 21.22 13.01 13.87 | cpu  69787830 1012 13740450 2607202845 489023 0 202324 0 0 0
1791047956 3045, 13801, 45, 0x0000000000000000 | 21.22 13.01 13.87 | cpu  69788459 1012 13740622 2607226969 489025 0 202324 0 0 0
1791047957 2647, 13801, 44, 0x0000000000000000 | 20.25 12.95 13.84 | cpu  69789327 1012 13740829 2607250970 489026 0 202324 0 0 0
1791047958 2647, 13801, 44, 0x0000000000000000 | 20.25 12.95 13.84 | cpu  69790477 1012 13741007 2607274535 489029 0 202325 0 0 0
1791047959 2647, 13801, 44, 0x0000000000000000 | 20.25 12.95 13.84 | cpu  69791132 1012 13741159 2607299042 489029 0 202328 0 0 0
1791047960 2662, 13801, 43, 0x0000000000000000 | 20.25 12.95 13.84 | cpu  69791487 1012 13741315 2607324424 489030 0 202328 0 0 0
1791047961 2677, 13801, 43, 0x0000000000000000 | 20.25 12.95 13.84 | cpu  69791867 1012 13741491 2607350885 489030 0 202330 0 0 0
1791047963 2670, 13801, 43, 0x0000000000000000 | 19.02 12.81 13.80 | cpu  69793010 1012 13741710 2607376637 489030 0 202332 0 0 0
1791047964 2670, 13801, 43, 0x0000000000000000 | 19.02 12.81 13.80 | cpu  69793612 1012 13741895 2607401659 489030 0 202332 0 0 0
1791047965 2760, 13801, 43, 0x0000000000000000 | 19.02 12.81 13.80 | cpu  69796358 1012 13742096 2607424923 489030 0 202335 0 0 0
1791047966 2662, 13801, 43, 0x0000000000000000 | 19.02 12.81 13.80 | cpu  69798377 1012 13742323 2607449528 489031 0 202335 0 0 0
1791047967 3007, 13801, 51, 0x0000000000000000 | 17.82 12.67 13.74 | cpu  69799838 1012 13742488 2607472371 489031 0 202336 0 0 0
1791047968 3045, 13801, 45, 0x0000000000000000 | 17.82 12.67 13.74 | cpu  69801398 1012 13742666 2607496525 489033 0 202357 0 0 0
1791047970 3022, 13801, 51, 0x0000000000000000 | 17.82 12.67 13.74 | cpu  69802293 1012 13742787 2607521232 489033 0 202358 0 0 0
1791047971 3030, 13801, 49, 0x0000000000000000 | 17.82 12.67 13.74 | cpu  69803466 1012 13742922 2607544997 489033 0 202359 0 0 0
1791047972 3045, 13801, 44, 0x0000000000000000 | 16.87 12.56 13.70 | cpu  69805627 1012 13743025 2607567207 489033 0 202360 0 0 0
1791047973 2647, 13801, 43, 0x0000000000000000 | 16.87 12.56 13.70 | cpu  69805897 1012 13743068 2607591705 489034 0 202368 0 0 0
1791047974 2647, 13801, 43, 0x0000000000000000 | 16.87 12.56 13.70 | cpu  69806121 1012 13743109 2607616325 489034 0 202403 0 0 0
1791047975 2760, 13801, 47, 0x0000000000000000 | 16.87 12.56 13.70 | cpu  69806417 1012 13743138 2607641071 489034 0 202403 0 0 0
1791047976 3037, 13801, 46, 0x0000000000000000 | 16.87 12.56 13.70 | cpu  69806828 1012 13743176 2607665904 489035 0 202403 0 0 0
1791047977 2992, 13801, 55, 0x0000000000000004 | 15.76 12.40 13.64 | cpu  69807168 1012 13743206 2607690546 489035 0 202403 0 0 0
1791047978 3045, 13801, 45, 0x0000000000000000 | 15.76 12.40 13.64 | cpu  69808107 1012 13743231 2607714382 489036 0 202404 0 0 0
1791047980 2992, 13801, 47, 0x0000000000000000 | 15.76 12.40 13.64 | cpu  69808778 1012 13743290 2607738851 489036 0 202404 0 0 0
1791047981 3015, 13801, 54, 0x0000000000000000 | 15.76 12.40 13.64 | cpu  69809535 1012 13743350 2607763500 489036 0 202404 0 0 0
1791047982 3045, 13801, 45, 0x0000000000000000 | 14.74 12.24 13.59 | cpu  69810420 1012 13743408 2607787518 489036 0 202405 0 0 0
1791047983 3007, 13801, 46, 0x0000000000000000 | 14.74 12.24 13.59 | cpu  69810696 1012 13743437 2607812561 489036 0 202405 0 0 0
1791047984 2947, 13801, 48, 0x0000000000000004 | 14.74 12.24 13.59 | cpu  69810925 1012 13743463 2607837510 489036 0 202406 0 0 0
1791047985 3037, 13801, 56, 0x0000000000000004 | 14.74 12.24 13.59 | cpu  69811785 1012 13743507 2607861803 489036 0 202406 0 0 0
1791047986 3045, 13801, 45, 0x0000000000000000 | 14.74 12.24 13.59 | cpu  69814728 1012 13743615 2607884331 489040 0 202406 0 0 0
1791047987 3045, 13801, 45, 0x0000000000000000 | 14.28 12.19 13.56 | cpu  69815006 1012 13743938 2607909731 489056 0 202407 0 0 0
1791047989 2970, 13801, 46, 0x0000000000000000 | 14.28 12.19 13.56 | cpu  69817045 1012 13744076 2607932406 489059 0 202407 0 0 0
1791047990 3007, 13801, 56, 0x0000000000000004 | 14.28 12.19 13.56 | cpu  69818357 1012 13744160 2607955851 489059 0 202407 0 0 0
1791047991 3045, 13801, 45, 0x0000000000000000 | 14.28 12.19 13.56 | cpu  69819068 1012 13744238 2607980140 489059 0 202407 0 0 0
1791047992 2865, 13801, 50, 0x0000000000000004 | 13.38 12.04 13.50 | cpu  69819728 1012 13744284 2608004225 489061 0 202407 0 0 0
1791047993 3045, 13801, 45, 0x0000000000000000 | 13.38 12.04 13.50 | cpu  69821755 1012 13744330 2608027919 489062 0 202408 0 0 0
1791047994 3000, 13801, 46, 0x0000000000000000 | 13.38 12.04 13.50 | cpu  69822736 1012 13744377 2608051814 489062 0 202408 0 0 0
1791047995 3015, 13801, 48, 0x0000000000000004 | 13.38 12.04 13.50 | cpu  69823467 1012 13744437 2608075904 489062 0 202408 0 0 0
1791047996 3030, 13801, 56, 0x0000000000000004 | 13.38 12.04 13.50 | cpu  69824290 1012 13744495 2608099810 489062 0 202408 0 0 0
1791047998 3045, 13801, 46, 0x0000000000000000 | 12.71 11.92 13.46 | cpu  69824996 1012 13744544 2608123528 489062 0 202408 0 0 0
1791047999 3030, 13801, 46, 0x0000000000000000 | 12.71 11.92 13.46 | cpu  69825392 1012 13744570 2608148134 489064 0 202408 0 0 0
1791048000 2985, 13801, 47, 0x0000000000000000 | 12.71 11.92 13.46 | cpu  69826477 1012 13744627 2608171894 489064 0 202408 0 0 0
1791048001 3022, 13801, 54, 0x0000000000000000 | 12.71 11.92 13.46 | cpu  69827213 1012 13744696 2608195498 489064 0 202409 0 0 0
1791048002 3045, 13801, 46, 0x0000000000000000 | 12.09 11.80 13.41 | cpu  69828094 1012 13744784 2608219799 489064 0 202409 0 0 0
1791048003 3000, 13801, 53, 0x0000000000000000 | 12.09 11.80 13.41 | cpu  69828669 1012 13744894 2608244583 489064 0 202409 0 0 0
1791048004 3037, 13801, 54, 0x0000000000000000 | 12.09 11.80 13.41 | cpu  69831716 1012 13745153 2608266188 489066 0 202410 0 0 0
1791048005 3045, 13801, 46, 0x0000000000000000 | 12.09 11.80 13.41 | cpu  69835833 1012 13745414 2608286126 489066 0 202410 0 0 0
1791048006 3045, 13801, 46, 0x0000000000000000 | 12.09 11.80 13.41 | cpu  69839583 1012 13745632 2608306909 489067 0 202410 0 0 0
1791048008 3037, 13801, 47, 0x0000000000000000 | 20.33 13.52 13.96 | cpu  69845622 1012 13745846 2608325052 489067 0 202410 0 0 0
1791048009 2932, 13801, 47, 0x0000000000000000 | 20.33 13.52 13.96 | cpu  69850046 1012 13747144 2608344370 489070 0 202411 0 0 0
1791048010 3045, 13801, 46, 0x0000000000000000 | 20.33 13.52 13.96 | cpu  69852530 1012 13748936 2608365379 489073 0 202412 0 0 0
1791048011 3015, 13801, 47, 0x0000000000000000 | 20.33 13.52 13.96 | cpu  69854456 1012 13749468 2608387938 489075 0 202412 0 0 0
1791048012 2932, 13801, 47, 0x0000000000000000 | 19.02 13.36 13.91 | cpu  69855863 1012 13749534 2608411419 489075 0 202412 0 0 0
1791048013 3007, 13801, 48, 0x0000000000000000 | 19.02 13.36 13.91 | cpu  69857076 1012 13749608 2608434180 489075 0 202417 0 0 0
1791048014 3045, 13801, 46, 0x0000000000000000 | 19.02 13.36 13.91 | cpu  69858388 1012 13749660 2608458350 489076 0 202423 0 0 0
1791048015 3030, 13801, 47, 0x0000000000000000 | 19.02 13.36 13.91 | cpu  69859237 1012 13749708 2608481949 489076 0 202425 0 0 0
1791048016 2992, 13801, 47, 0x0000000000000000 | 19.02 13.36 13.91 | cpu  69860652 1012 13749781 2608505378 489076 0 202426 0 0 0
1791048018 2962, 13801, 47, 0x0000000000000000 | 17.82 13.20 13.85 | cpu  69862068 1012 13749841 2608528671 489076 0 202426 0 0 0
1791048019 3007, 13801, 47, 0x0000000000000000 | 17.82 13.20 13.85 | cpu  69862746 1012 13749893 2608552790 489078 0 202426 0 0 0
1791048020 3022, 13801, 49, 0x0000000000000004 | 17.82 13.20 13.85 | cpu  69864761 1012 13749933 2608575044 489079 0 202426 0 0 0
1791048021 3015, 13801, 56, 0x0000000000000004 | 17.82 13.20 13.85 | cpu  69865923 1012 13749995 2608599244 489079 0 202429 0 0 0
1791048022 3045, 13801, 47, 0x0000000000000000 | 16.71 13.05 13.80 | cpu  69866812 1012 13750048 2608623253 489079 0 202429 0 0 0
1791048023 3045, 13801, 47, 0x0000000000000000 | 16.71 13.05 13.80 | cpu  69867774 1012 13750168 2608648559 489084 0 202431 0 0 0
1791048024 3007, 13801, 47, 0x0000000000000000 | 16.71 13.05 13.80 | cpu  69868169 1012 13750205 2608673357 489085 0 202431 0 0 0
1791048025 3000, 13801, 47, 0x0000000000000000 | 16.71 13.05 13.80 | cpu  69869233 1012 13750255 2608697224 489085 0 202432 0 0 0
1791048027 2977, 13801, 48, 0x0000000000000000 | 16.71 13.05 13.80 | cpu  69870098 1012 13750402 2608721136 489099 0 202435 0 0 0
1791048028 2970, 13801, 49, 0x0000000000000000 | 15.85 12.93 13.76 | cpu  69871203 1012 13750524 2608744753 489102 0 202436 0 0 0
1791048029 3045, 13801, 47, 0x0000000000000000 | 15.85 12.93 13.76 | cpu  69871998 1012 13750569 2608769094 489102 0 202439 0 0 0
1791048030 3015, 13801, 48, 0x0000000000000000 | 15.85 12.93 13.76 | cpu  69872461 1012 13750602 2608793471 489105 0 202442 0 0 0
1791048031 3015, 13801, 56, 0x0000000000000000 | 15.85 12.93 13.76 | cpu  69872832 1012 13750637 2608817397 489105 0 202443 0 0 0
1791048032 3045, 13801, 47, 0x0000000000000000 | 14.90 12.78 13.70 | cpu  69873772 1012 13750683 2608841674 489108 0 202444 0 0 0
1791048033 3015, 13801, 59, 0x0000000000000004 | 14.90 12.78 13.70 | cpu  69874630 1012 13750753 2608865800 489108 0 202444 0 0 0
1791048034 3045, 13801, 47, 0x0000000000000000 | 14.90 12.78 13.70 | cpu  69877857 1012 13750940 2608887694 489111 0 202445 0 0 0
1791048036 2985, 13801, 47, 0x0000000000000000 | 14.90 12.78 13.70 | cpu  69879192 1012 13751406 2608911075 489111 0 202447 0 0 0
1791048037 3022, 13801, 59, 0x0000000000000004 | 14.90 12.78 13.70 | cpu  69880787 1012 13751730 2608935193 489111 0 202447 0 0 0
1791048038 3000, 13801, 49, 0x0000000000000000 | 14.11 12.65 13.66 | cpu  69882189 1012 13751826 2608957748 489112 0 202450 0 0 0
1791048039 2992, 13801, 56, 0x0000000000000000 | 14.11 12.65 13.66 | cpu  69882539 1012 13751858 2608982287 489112 0 202454 0 0 0
1791048040 3045, 13801, 47, 0x0000000000000000 | 14.11 12.65 13.66 | cpu  69883522 1012 13751888 2609006060 489115 0 202455 0 0 0
1791048041 3022, 13801, 48, 0x0000000000000000 | 14.11 12.65 13.66 | cpu  69883857 1012 13751922 2609030217 489116 0 202455 0 0 0
1791048042 2977, 13801, 51, 0x0000000000000004 | 13.14 12.48 13.59 | cpu  69886190 1012 13751964 2609053036 489119 0 202456 0 0 0
1791048043 3045, 13801, 47, 0x0000000000000000 | 13.14 12.48 13.59 | cpu  69886976 1012 13752041 2609077218 489119 0 202457 0 0 0
1791048044 2992, 13801, 47, 0x0000000000000000 | 13.14 12.48 13.59 | cpu  69887768 1012 13752104 2609101974 489123 0 202459 0 0 0
1791048046 3045, 13801, 50, 0x0000000000000000 | 13.14 12.48 13.59 | cpu  69888774 1012 13752160 2609126178 489123 0 202459 0 0 0
1791048047 2880, 13801, 58, 0x0000000000000004 | 13.14 12.48 13.59 | cpu  69889175 1012 13752200 2609151241 489123 0 202460 0 0 0
1791048048 3045, 13801, 47, 0x0000000000000000 | 12.33 12.32 13.54 | cpu  69890391 1012 13752303 2609176903 489125 0 202460 0 0 0
1791048049 2970, 13801, 49, 0x0000000000000004 | 12.33 12.32 13.54 | cpu  69891218 1012 13752358 2609200817 489125 0 202461 0 0 0
1791048050 3045, 13801, 47, 0x0000000000000000 | 12.33 12.32 13.54 | cpu  69891884 1012 13752424 2609225150 489126 0 202462 0 0 0
1791048051 3030, 13801, 48, 0x0000000000000000 | 12.33 12.32 13.54 | cpu  69892676 1012 13752483 2609249565 489126 0 202463 0 0 0
1791048052 3045, 13801, 54, 0x0000000000000000 | 11.58 12.16 13.48 | cpu  69892978 1012 13752530 2609274147 489127 0 202463 0 0 0
1791048053 3045, 13801, 47, 0x0000000000000000 | 11.58 12.16 13.48 | cpu  69893207 1012 13752566 2609298834 489127 0 202464 0 0 0
1791048055 3000, 13801, 48, 0x0000000000000000 | 11.58 12.16 13.48 | cpu  69893435 1012 13752603 2609323489 489127 0 202465 0 0 0
1791048056 3037, 13801, 56, 0x0000000000000000 | 11.58 12.16 13.48 | cpu  69895967 1012 13752728 2609345547 489131 0 202468 0 0 0
1791048057 2977, 13801, 48, 0x0000000000000000 | 11.05 12.05 13.43 | cpu  69898265 1012 13752819 2609368011 489131 0 202470 0 0 0
1791048058 3045, 13801, 51, 0x0000000000000000 | 11.05 12.05 13.43 | cpu  69900239 1012 13752899 2609390419 489134 0 202471 0 0 0
1791048059 3045, 13801, 47, 0x0000000000000000 | 11.05 12.05 13.43 | cpu  69901472 1012 13752978 2609414560 489134 0 202471 0 0 0
1791048060 3045, 13801, 46, 0x0000000000000000 | 11.05 12.05 13.43 | cpu  69902013 1012 13753016 2609439047 489135 0 202472 0 0 0
1791048061 2662, 13801, 45, 0x0000000000000000 | 11.05 12.05 13.43 | cpu  69902370 1012 13753052 2609463534 489138 0 202472 0 0 0
1791048062 2662, 13801, 45, 0x0000000000000000 | 10.49 11.91 13.38 | cpu  69904670 1012 13753099 2609485235 489138 0 202473 0 0 0
1791048064 2662, 13801, 45, 0x0000000000000000 | 10.49 11.91 13.38 | cpu  69905535 1012 13753149 2609510305 489138 0 202474 0 0 0
1791048065 2670, 13801, 45, 0x0000000000000000 | 10.49 11.91 13.38 | cpu  69906255 1012 13753209 2609534721 489138 0 202475 0 0 0
1791048066 2685, 13801, 45, 0x0000000000000000 | 10.49 11.91 13.38 | cpu  69907043 1012 13753270 2609559613 489140 0 202476 0 0 0
1791048067 2670, 13801, 45, 0x0000000000000000 | 9.97 11.78 13.33 | cpu  69907848 1012 13753384 2609583120 489143 0 202476 0 0 0
1791048068 2670, 13801, 49, 0x0000000000000000 | 9.97 11.78 13.33 | cpu  69908526 1012 13753476 2609607534 489143 0 202476 0 0 0
1791048069 2647, 13801, 48, 0x0000000000000000 | 9.97 11.78 13.33 | cpu  69909399 1012 13753628 2609631545 489143 0 202477 0 0 0
1791048070 3030, 13801, 51, 0x0000000000000000 | 9.97 11.78 13.33 | cpu  69910126 1012 13753692 2609655446 489143 0 202477 0 0 0
1791048071 3045, 13801, 46, 0x0000000000000000 | 9.97 11.78 13.33 | cpu  69912803 1012 13753772 2609677997 489144 0 202478 0 0 0
1791048072 3015, 13801, 53, 0x0000000000000000 | 10.05 11.77 13.32 | cpu  69913836 1013 13754236 2609700759 489144 0 202478 0 0 0
1791048074 3007, 13801, 54, 0x0000000000000000 | 10.05 11.77 13.32 | cpu  69915812 1013 13754319 2609722700 489144 0 202479 0 0 0
1791048075 3030, 13801, 52, 0x0000000000000000 | 10.05 11.77 13.32 | cpu  69917268 1013 13754507 2609747015 489144 0 202479 0 0 0
1791048076 3030, 13801, 53, 0x0000000000000000 | 10.05 11.77 13.32 | cpu  69918562 1013 13754570 2609770764 489144 0 202481 0 0 0
1791048077 3000, 13801, 54, 0x0000000000000000 | 9.73 11.67 13.28 | cpu  69919867 1013 13754639 2609793878 489146 0 202481 0 0 0
1791048078 3015, 13801, 53, 0x0000000000000000 | 9.73 11.67 13.28 | cpu  69920530 1013 13754676 2609818582 489146 0 202482 0 0 0
1791048079 3007, 13801, 53, 0x0000000000000000 | 9.73 11.67 13.28 | cpu  69922210 1013 13754710 2609841878 489146 0 202482 0 0 0
1791048080 3015, 13801, 55, 0x0000000000000000 | 9.73 11.67 13.28 | cpu  69922924 1013 13754782 2609866965 489146 0 202484 0 0 0
1791048081 3030, 13801, 49, 0x0000000000000000 | 9.73 11.67 13.28 | cpu  69923619 1013 13754838 2609890995 489148 0 202484 0 0 0
1791048083 3045, 13801, 48, 0x0000000000000000 | 9.27 11.54 13.23 | cpu  69924354 1013 13754913 2609914845 489148 0 202485 0 0 0
1791048084 3030, 13801, 53, 0x0000000000000000 | 9.27 11.54 13.23 | cpu  69925103 1013 13754991 2609939003 489148 0 202485 0 0 0
1791048085 3045, 13801, 48, 0x0000000000000000 | 9.27 11.54 13.23 | cpu  69925961 1013 13755076 2609962907 489148 0 202486 0 0 0
1791048086 3045, 13801, 48, 0x0000000000000000 | 9.27 11.54 13.23 | cpu  69927174 1013 13755149 2609987854 489153 0 202487 0 0 0
1791048087 3045, 13801, 47, 0x0000000000000000 | 9.09 11.47 13.20 | cpu  69928154 1013 13755222 2610012732 489155 0 202488 0 0 0
1791048088 3022, 13801, 48, 0x0000000000000000 | 9.09 11.47 13.20 | cpu  69929458 1013 13755313 2610035868 489157 0 202490 0 0 0
1791048089 3045, 13801, 47, 0x0000000000000000 | 9.09 11.47 13.20 | cpu  69930438 1013 13755355 2610059992 489157 0 202490 0 0 0
1791048090 2647, 13801, 46, 0x0000000000000000 | 9.09 11.47 13.20 | cpu  69930837 1013 13755389 2610084544 489157 0 202490 0 0 0
1791048092 2647, 13801, 46, 0x0000000000000000 | 9.09 11.47 13.20 | cpu  69931829 1013 13755462 2610108521 489160 0 202499 0 0 0
1791048093 3030, 13801, 48, 0x0000000000000000 | 8.60 11.33 13.14 | cpu  69935727 1013 13755602 2610129013 489161 0 202499 0 0 0
1791048094 3045, 13801, 46, 0x0000000000000000 | 8.60 11.33 13.14 | cpu  69936551 1013 13755841 2610152917 489169 0 202512 0 0 0
1791048095 2655, 13801, 45, 0x0000000000000000 | 8.60 11.33 13.14 | cpu  69938365 1013 13755920 2610176238 489172 0 202514 0 0 0
1791048096 2647, 13801, 45, 0x0000000000000000 | 8.60 11.33 13.14 | cpu  69939290 1013 13755982 2610199646 489172 0 202514 0 0 0
1791048097 3007, 13801, 52, 0x0000000000000000 | 8.23 11.20 13.09 | cpu  69940332 1013 13756040 2610223159 489179 0 202514 0 0 0
1791048098 3015, 13801, 52, 0x0000000000000000 | 8.23 11.20 13.09 | cpu  69941198 1013 13756120 2610247370 489179 0 202514 0 0 0
1791048099 3007, 13801, 54, 0x0000000000000000 | 8.23 11.20 13.09 | cpu  69943654 1013 13756190 2610270109 489179 0 202515 0 0 0
1791048100 3030, 13801, 52, 0x0000000000000000 | 8.23 11.20 13.09 | cpu  69944312 1013 13756254 2610294289 489179 0 202515 0 0 0
1791048102 3045, 13801, 47, 0x0000000000000000 | 8.23 11.20 13.09 | cpu  69945053 1013 13756288 2610318180 489179 0 202515 0 0 0
1791048103 2662, 13801, 46, 0x0000000000000000 | 7.89 11.09 13.04 | cpu  69945841 1013 13756359 2610343529 489182 0 202516 0 0 0
1791048104 2670, 13801, 46, 0x0000000000000000 | 7.89 11.09 13.04 | cpu  69946559 1013 13756424 2610368163 489182 0 202516 0 0 0
1791048105 2857, 13801, 50, 0x0000000000000000 | 7.89 11.09 13.04 | cpu  69947496 1013 13756483 2610392099 489182 0 202516 0 0 0
1791048106 3015, 13801, 53, 0x0000000000000000 | 7.89 11.09 13.04 | cpu  69947902 1013 13756514 2610416688 489182 0 202516 0 0 0
1791048107 3015, 13801, 53, 0x0000000000000000 | 7.58 10.97 12.99 | cpu  69948243 1013 13756543 2610441337 489184 0 202516 0 0 0
1791048108 3022, 13801, 52, 0x0000000000000000 | 7.58 10.97 12.99 | cpu  69948514 1013 13756583 2610466395 489187 0 202516 0 0 0
1791048109 3007, 13801, 55, 0x0000000000000000 | 7.58 10.97 12.99 | cpu  69948775 1013 13756614 2610491999 489187 0 202517 0 0 0
1791048111 3015, 13801, 54, 0x0000000000000000 | 7.58 10.97 12.99 | cpu  69949015 1013 13756640 2610516669 489187 0 202517 0 0 0
1791048112 3037, 13801, 47, 0x0000000000000000 | 7.58 10.97 12.99 | cpu  69949239 1013 13756667 2610541314 489187 0 202517 0 0 0
1791048113 2700, 13801, 46, 0x0000000000000000 | 7.21 10.84 12.94 | cpu  69951844 1014 13756718 2610563843 489191 0 202517 0 0 0
1791048114 2977, 13801, 53, 0x0000000000000000 | 7.21 10.84 12.94 | cpu  69953813 1014 13756850 2610585948 489191 0 202518 0 0 0
1791048115 3015, 13801, 53, 0x0000000000000000 | 7.21 10.84 12.94 | cpu  69955636 1014 13757011 2610608547 489191 0 202518 0 0 0
1791048116 3000, 13801, 54, 0x0000000000000000 | 7.21 10.84 12.94 | cpu  69956584 1014 13757072 2610632252 489191 0 202518 0 0 0
1791048117 3022, 13801, 53, 0x0000000000000000 | 7.20 10.77 12.91 | cpu  69957656 1014 13757112 2610656101 489191 0 202518 0 0 0
1791048118 3000, 13801, 53, 0x0000000000000000 | 7.20 10.77 12.91 | cpu  69958607 1014 13757173 2610680131 489194 0 202519 0 0 0
1791048119 3022, 13801, 53, 0x0000000000000000 | 7.20 10.77 12.91 | cpu  69961000 1014 13757236 2610702632 489195 0 202520 0 0 0
1791048121 3030, 13801, 54, 0x0000000000000000 | 7.20 10.77 12.91 | cpu  69961874 1014 13757290 2610727130 489195 0 202520 0 0 0
1791048122 3015, 13801, 54, 0x0000000000000000 | 7.20 10.77 12.91 | cpu  69962329 1014 13757345 2610752466 489195 0 202522 0 0 0
1791048123 3022, 13801, 54, 0x0000000000000000 | 6.78 10.63 12.85 | cpu  69962614 1014 13757374 2610777223 489195 0 202522 0 0 0
1791048124 3007, 13801, 55, 0x0000000000000000 | 6.78 10.63 12.85 | cpu  69962954 1014 13757417 2610801785 489196 0 202522 0 0 0
1791048125 3045, 13801, 49, 0x0000000000000000 | 6.78 10.63 12.85 | cpu  69963293 1014 13757455 2610826630 489196 0 202523 0 0 0
1791048126 3022, 13801, 54, 0x0000000000000000 | 6.78 10.63 12.85 | cpu  69963629 1014 13757491 2610851296 489198 0 202523 0 0 0
1791048127 3015, 13801, 54, 0x0000000000000000 | 6.64 10.53 12.81 | cpu  69964052 1014 13757526 2610876178 489201 0 202523 0 0 0
1791048128 3007, 13801, 55, 0x0000000000000000 | 6.64 10.53 12.81 | cpu  69964396 1014 13757553 2610900861 489203 0 202524 0 0 0
1791048130 3007, 13801, 56, 0x0000000000000000 | 6.64 10.53 12.81 | cpu  69965272 1014 13757604 2610924949 489203 0 202524 0 0 0
1791048131 3007, 13801, 55, 0x0000000000000000 | 6.64 10.53 12.81 | cpu  69965832 1014 13757666 2610949299 489203 0 202525 0 0 0
1791048132 3045, 13801, 49, 0x0000000000000000 | 6.64 10.53 12.81 | cpu  69966514 1014 13757735 2610973453 489203 0 202525 0 0 0
1791048133 3015, 13801, 55, 0x0000000000000000 | 6.58 10.46 12.77 | cpu  69967161 1014 13757849 2610997786 489205 0 202526 0 0 0
1791048134 3007, 13801, 56, 0x0000000000000000 | 6.58 10.46 12.77 | cpu  69969538 1014 13757950 2611019517 489212 0 202526 0 0 0
1791048135 3015, 13801, 55, 0x0000000000000000 | 6.58 10.46 12.77 | cpu  69970924 1014 13758424 2611043396 489212 0 202526 0 0 0
1791048136 3015, 13801, 56, 0x0000000000000000 | 6.58 10.46 12.77 | cpu  69973475 1014 13758512 2611065624 489214 0 202526 0 0 0
1791048137 3007, 13801, 56, 0x0000000000000000 | 6.94 10.47 12.76 | cpu  69975176 1014 13758718 2611089261 489214 0 202526 0 0 0
1791048139 3030, 13801, 50, 0x0000000000000000 | 6.94 10.47 12.76 | cpu  69976066 1014 13758765 2611113251 489218 0 202526 0 0 0
1791048140 3037, 13801, 49, 0x0000000000000000 | 6.94 10.47 12.76 | cpu  69977003 1014 13758804 2611137030 489219 0 202526 0 0 0
1791048141 2662, 13801, 53, 0x0000000000000000 | 6.94 10.47 12.76 | cpu  69977325 1014 13758841 2611161233 489219 0 202526 0 0 0
1791048142 2647, 13801, 48, 0x0000000000000000 | 6.94 10.47 12.76 | cpu  69979338 1014 13758915 2611183580 489222 0 202526 0 0 0
1791048143 3000, 13801, 55, 0x0000000000000000 | 6.86 10.39 12.72 | cpu  69980585 1014 13758974 2611207281 489222 0 202526 0 0 0
1791048144 3007, 13801, 56, 0x0000000000000000 | 6.86 10.39 12.72 | cpu  69981416 1014 13759030 2611231010 489224 0 202526 0 0 0
1791048145 3000, 13801, 56, 0x0000000000000000 | 6.86 10.39 12.72 | cpu  69982387 1014 13759088 2611254956 489224 0 202528 0 0 0
1791048146 3045, 13801, 49, 0x0000000000000000 | 6.86 10.39 12.72 | cpu  69982917 1014 13759132 2611279406 489224 0 202530 0 0 0
1791048147 3007, 13801, 57, 0x0000000000000000 | 6.71 10.30 12.68 | cpu  69983427 1014 13759167 2611303893 489224 0 202530 0 0 0
1791048149 3015, 13801, 57, 0x0000000000000000 | 6.71 10.30 12.68 | cpu  69983939 1014 13759234 2611329295 489229 0 202540 0 0 0
1791048150 3045, 13801, 51, 0x0000000000000000 | 6.71 10.30 12.68 | cpu  69984505 1014 13759301 2611354721 489232 0 202541 0 0 0
1791048151 3000, 13801, 56, 0x0000000000000000 | 6.71 10.30 12.68 | cpu  69984919 1014 13759336 2611378675 489232 0 202542 0 0 0
1791048152 3045, 13801, 49, 0x0000000000000000 | 6.50 10.20 12.64 | cpu  69985305 1014 13759376 2611403209 489232 0 202545 0 0 0
1791048153 3045, 13801, 49, 0x0000000000000000 | 6.50 10.20 12.64 | cpu  69985711 1014 13759437 2611427583 489232 0 202546 0 0 0
1791048154 2647, 13801, 48, 0x0000000000000000 | 6.50 10.20 12.64 | cpu  69986117 1014 13759478 2611452165 489236 0 202551 0 0 0
1791048155 2647, 13801, 47, 0x0000000000000000 | 6.50 10.20 12.64 | cpu  69989799 1014 13759623 2611472465 489239 0 202552 0 0 0
1791048156 3045, 13801, 48, 0x0000000000000000 | 6.50 10.20 12.64 | cpu  69991178 1014 13760242 2611495020 489247 0 202556 0 0 0
1791048157 3007, 13801, 56, 0x0000000000000000 | 15.27 11.95 13.19 | cpu  69993463 1014 13760467 2611518610 489247 0 202556 0 0 0
1791048159 3007, 13801, 55, 0x0000000000000000 | 15.27 11.95 13.19 | cpu  69995321 1014 13760600 2611542312 489247 0 202557 0 0 0
1791048160 3007, 13801, 56, 0x0000000000000000 | 15.27 11.95 13.19 | cpu  69996308 1014 13761030 2611565560 489248 0 202557 0 0 0
1791048161 3007, 13801, 56, 0x0000000000000000 | 15.27 11.95 13.19 | cpu  69996652 1014 13761054 2611590274 489248 0 202558 0 0 0
1791048162 3015, 13801, 55, 0x0000000000000000 | 14.28 11.80 13.14 | cpu  69997006 1014 13761086 2611614981 489248 0 202558 0 0 0
1791048163 3022, 13801, 55, 0x0000000000000000 | 14.28 11.80 13.14 | cpu  69999058 1015 13761156 2611638149 489248 0 202559 0 0 0
1791048164 3045, 13801, 49, 0x0000000000000000 | 14.28 11.80 13.14 | cpu  69999355 1015 13761188 2611662823 489248 0 202559 0 0 0
1791048165 3045, 13801, 49, 0x0000000000000000 | 14.28 11.80 13.14 | cpu  69999586 1015 13761227 2611687803 489250 0 202562 0 0 0
1791048166 2647, 13801, 48, 0x0000000000000000 | 14.28 11.80 13.14 | cpu  69999842 1015 13761264 2611712548 489250 0 202563 0 0 0
1791048168 2647, 13801, 48, 0x0000000000000000 | 13.46 11.67 13.09 | cpu  70000598 1015 13761306 2611737678 489251 0 202565 0 0 0
1791048169 3000, 13801, 55, 0x0000000000000000 | 13.46 11.67 13.09 | cpu  70001379 1015 13761365 2611761764 489253 0 202566 0 0 0
1791048170 3022, 13801, 54, 0x0000000000000000 | 13.46 11.67 13.09 | cpu  70002201 1015 13761430 2611786732 489253 0 202567 0 0 0
1791048171 3045, 13801, 49, 0x0000000000000000 | 13.46 11.67 13.09 | cpu  70002950 1015 13761492 2611810773 489253 0 202567 0 0 0
1791048172 3000, 13801, 55, 0x0000000000000000 | 12.62 11.53 13.03 | cpu  70003296 1015 13761527 2611835649 489253 0 202568 0 0 0
1791048173 3022, 13801, 55, 0x0000000000000000 | 12.62 11.53 13.03 | cpu  70003533 1015 13761556 2611860818 489255 0 202568 0 0 0
1791048174 3015, 13801, 56, 0x0000000000000000 | 12.62 11.53 13.03 | cpu  70003777 1015 13761585 2611886387 489255 0 202569 0 0 0
1791048176 3007, 13801, 56, 0x0000000000000000 | 12.62 11.53 13.03 | cpu  70005264 1015 13761622 2611908987 489256 0 202570 0 0 0
1791048177 3022, 13801, 55, 0x0000000000000000 | 12.62 11.53 13.03 | cpu  70006760 1015 13761970 2611931434 489256 0 202571 0 0 0
1791048178 3015, 13801, 56, 0x0000000000000000 | 12.25 11.47 13.01 | cpu  70008668 1015 13762212 2611953599 489258 0 202573 0 0 0
1791048179 3015, 13801, 56, 0x0000000000000000 | 12.25 11.47 13.01 | cpu  70009435 1015 13762392 2611978151 489259 0 202574 0 0 0
1791048180 3037, 13801, 50, 0x0000000000000000 | 12.25 11.47 13.01 | cpu  70010552 1015 13762422 2612001114 489259 0 202575 0 0 0
1791048181 3015, 13801, 55, 0x0000000000000000 | 12.25 11.47 13.01 | cpu  70011875 1015 13762523 2612025259 489259 0 202576 0 0 0
1791048182 3037, 13801, 51, 0x0000000000000000 | 11.67 11.36 12.96 | cpu  70012651 1015 13762616 2612049602 489259 0 202576 0 0 0
1791048183 3015, 13801, 55, 0x0000000000000000 | 11.67 11.36 12.96 | cpu  70014226 1015 13762761 2612073487 489263 0 202576 0 0 0
1791048184 3022, 13801, 55, 0x0000000000000000 | 11.67 11.36 12.96 | cpu  70015526 1015 13762790 2612097896 489263 0 202576 0 0 0
1791048186 3022, 13801, 56, 0x0000000000000000 | 11.67 11.36 12.96 | cpu  70015787 1015 13762814 2612122525 489263 0 202577 0 0 0
1791048187 3022, 13801, 56, 0x0000000000000000 | 11.67 11.36 12.96 | cpu  70016021 1015 13762844 2612147910 489265 0 202577 0 0 0
1791048188 3022, 13801, 55, 0x0000000000000000 | 10.90 11.21 12.90 | cpu  70016334 1015 13762874 2612172638 489265 0 202578 0 0 0
1791048189 3015, 13801, 57, 0x0000000000000000 | 10.90 11.21 12.90 | cpu  70017553 1015 13762933 2612196567 489265 0 202578 0 0 0
1791048190 3045, 13801, 58, 0x0000000000000000 | 10.90 11.21 12.90 | cpu  70018586 1015 13763000 2612220483 489265 0 202579 0 0 0
1791048191 3015, 13801, 57, 0x0000000000000000 | 10.90 11.21 12.90 | cpu  70019651 1015 13763053 2612244567 489265 0 202580 0 0 0
1791048192 3022, 13801, 56, 0x0000000000000000 | 10.18 11.05 12.84 | cpu  70019985 1015 13763092 2612269353 489267 0 202583 0 0 0
1791048194 3015, 13801, 57, 0x0000000000000000 | 10.18 11.05 12.84 | cpu  70020220 1015 13763122 2612294596 489267 0 202583 0 0 0
1791048195 3015, 13801, 56, 0x0000000000000000 | 10.18 11.05 12.84 | cpu  70020540 1015 13763152 2612319705 489267 0 202585 0 0 0
1791048196 3015, 13801, 56, 0x0000000000000000 | 10.18 11.05 12.84 | cpu  70021041 1015 13763190 2612345565 489267 0 202586 0 0 0
1791048197 3007, 13801, 56, 0x0000000000000000 | 9.69 10.94 12.80 | cpu  70021292 1015 13763242 2612370295 489267 0 202587 0 0 0
1791048198 2992, 13801, 57, 0x0000000000000000 | 9.69 10.94 12.80 | cpu  70023431 1015 13763348 2612393578 489271 0 202590 0 0 0
1791048199 3000, 13801, 56, 0x0000000000000000 | 9.69 10.94 12.80 | cpu  70024979 1015 13763803 2612416239 489271 0 202590 0 0 0
1791048200 3007, 13801, 57, 0x0000000000000000 | 9.69 10.94 12.80 | cpu  70027413 1015 13763990 2612438110 489275 0 202592 0 0 0
1791048201 3015, 13801, 57, 0x0000000000000000 | 9.69 10.94 12.80 | cpu  70028840 1015 13764175 2612460731 489275 0 202593 0 0 0
1791048202 3007, 13801, 58, 0x0000000000000000 | 9.31 10.84 12.75 | cpu  70030320 1015 13764236 2612484184 489275 0 202602 0 0 0
1791048204 3007, 13801, 58, 0x0000000000000000 | 9.31 10.84 12.75 | cpu  70031470 1015 13764267 2612507970 489277 0 202604 0 0 0
1791048205 3007, 13801, 59, 0x0000000000000000 | 9.31 10.84 12.75 | cpu  70032071 1015 13764295 2612532359 489277 0 202610 0 0 0
1791048206 3015, 13801, 58, 0x0000000000000000 | 9.31 10.84 12.75 | cpu  70034800 1015 13764393 2612554212 489279 0 202610 0 0 0
1791048207 3022, 13801, 57, 0x0000000000000000 | 8.97 10.74 12.71 | cpu  70035614 1015 13764452 2612578067 489279 0 202611 0 0 0
1791048208 3007, 13801, 58, 0x0000000000000000 | 8.97 10.74 12.71 | cpu  70036522 1015 13764514 2612602285 489279 0 202612 0 0 0
1791048209 3000, 13801, 57, 0x0000000000000000 | 8.97 10.74 12.71 | cpu  70036838 1015 13764558 2612627015 489282 0 202617 0 0 0
1791048210 3007, 13801, 59, 0x0000000000000000 | 8.97 10.74 12.71 | cpu  70037355 1015 13764702 2612652218 489283 0 202618 0 0 0
1791048211 3022, 13801, 57, 0x0000000000000000 | 8.97 10.74 12.71 | cpu  70038457 1015 13764752 2612675960 489291 0 202620 0 0 0
1791048213 3030, 13801, 57, 0x0000000000000000 | 8.57 10.63 12.67 | cpu  70039310 1015 13764838 2612700040 489291 0 202620 0 0 0
1791048214 2992, 13801, 58, 0x0000000000000000 | 8.57 10.63 12.67 | cpu  70040045 1015 13764907 2612724267 489293 0 202622 0 0 0
1791048215 3045, 13801, 52, 0x0000000000000000 | 8.57 10.63 12.67 | cpu  70040858 1015 13764974 2612749580 489293 0 202622 0 0 0
1791048216 3022, 13801, 51, 0x0000000000000000 | 8.57 10.63 12.67 | cpu  70041210 1015 13765031 2612774060 489295 0 202623 0 0 0
1791048217 2647, 13801, 50, 0x0000000000000000 | 8.04 10.49 12.61 | cpu  70041460 1015 13765070 2612798541 489295 0 202624 0 0 0
1791048218 2647, 13801, 49, 0x0000000000000000 | 8.04 10.49 12.61 | cpu  70045399 1015 13765140 2612820202 489296 0 202624 0 0 0
1791048219 2647, 13801, 49, 0x0000000000000000 | 8.04 10.49 12.61 | cpu  70046165 1015 13765411 2612844587 489305 0 202625 0 0 0
1791048220 2647, 13801, 49, 0x0000000000000000 | 8.04 10.49 12.61 | cpu  70047551 1015 13765480 2612867885 489305 0 202626 0 0 0
1791048222 2647, 13801, 49, 0x0000000000000000 | 8.04 10.49 12.61 | cpu  70049540 1016 13765570 2612890542 489305 0 202629 0 0 0
1791048223 2655, 13801, 49, 0x0000000000000000 | 7.64 10.36 12.56 | cpu  70049884 1016 13765615 2612914598 489309 0 202629 0 0 0
1791048224 2677, 13801, 49, 0x0000000000000000 | 7.64 10.36 12.56 | cpu  70050225 1016 13765667 2612939523 489311 0 202630 0 0 0
1791048225 2902, 13801, 55, 0x0000000000000000 | 7.64 10.36 12.56 | cpu  70052199 1016 13765710 2612961712 489311 0 202630 0 0 0
1791048226 3022, 13801, 55, 0x0000000000000000 | 7.64 10.36 12.56 | cpu  70052572 1016 13765732 2612986444 489311 0 202630 0 0 0
1791048227 3007, 13801, 56, 0x0000000000000000 | 7.27 10.24 12.50 | cpu  70052800 1016 13765759 2613011260 489313 0 202630 0 0 0
1791048228 3015, 13801, 56, 0x0000000000000000 | 7.27 10.24 12.50 | cpu  70053072 1016 13765790 2613035846 489316 0 202632 0 0 0
1791048229 3015, 13801, 56, 0x0000000000000000 | 7.27 10.24 12.50 | cpu  70054065 1016 13765860 2613060674 489316 0 202633 0 0 0
1791048230 3007, 13801, 56, 0x0000000000000000 | 7.27 10.24 12.50 | cpu  70054903 1017 13765976 2613084607 489316 0 202636 0 0 0
1791048232 3045, 13801, 50, 0x0000000000000000 | 7.27 10.24 12.50 | cpu  70055742 1017 13766076 2613108712 489317 0 202640 0 0 0
1791048233 3022, 13801, 55, 0x0000000000000000 | 7.09 10.15 12.46 | cpu  70056424 1017 13766123 2613133005 489317 0 202641 0 0 0
1791048234 3007, 13801, 56, 0x0000000000000000 | 7.09 10.15 12.46 | cpu  70056689 1017 13766143 2613157878 489324 0 202643 0 0 0
1791048235 3000, 13801, 58, 0x0000000000000000 | 7.09 10.15 12.46 | cpu  70056960 1017 13766188 2613182500 489324 0 202643 0 0 0
1791048236 3007, 13801, 56, 0x0000000000000000 | 7.09 10.15 12.46 | cpu  70057238 1017 13766240 2613207413 489324 0 202643 0 0 0
1791048237 3007, 13801, 57, 0x0000000000000000 | 15.73 11.89 13.01 | cpu  70058064 1017 13766288 2613231313 489326 0 202643 0 0 0
1791048238 3015, 13801, 58, 0x0000000000000000 | 15.73 11.89 13.01 | cpu  70058820 1017 13766344 2613255680 489326 0 202643 0 0 0
1791048239 3045, 13801, 51, 0x0000000000000000 | 15.73 11.89 13.01 | cpu  70059564 1017 13766398 2613279795 489327 0 202644 0 0 0
1791048241 3007, 13801, 57, 0x0000000000000000 | 15.73 11.89 13.01 | cpu  70060374 1017 13766444 2613304013 489328 0 202644 0 0 0
1791048242 3007, 13801, 57, 0x0000000000000000 | 15.73 11.89 13.01 | cpu  70060625 1017 13766471 2613329131 489328 0 202644 0 0 0
1791048243 3015, 13801, 57, 0x0000000000000000 | 14.71 11.74 12.96 | cpu  70061567 1017 13766516 2613352770 489330 0 202644 0 0 0
1791048244 3022, 13801, 57, 0x0000000000000000 | 14.71 11.74 12.96 | cpu  70062806 1017 13766657 2613376557 489331 0 202646 0 0 0
1791048245 3015, 13801, 56, 0x0000000000000000 | 14.71 11.74 12.96 | cpu  70065672 1017 13766998 2613397834 489332 0 202646 0 0 0
1791048246 3045, 13801, 51, 0x0000000000000000 | 14.71 11.74 12.96 | cpu  70067948 1017 13767285 2613419895 489332 0 202646 0 0 0
1791048247 3015, 13801, 57, 0x0000000000000000 | 14.65 11.78 12.97 | cpu  70068844 1017 13767542 2613442927 489332 0 202648 0 0 0
1791048248 3015, 13801, 56, 0x0000000000000000 | 14.65 11.78 12.97 | cpu  70070674 1017 13767611 2613465741 489332 0 202648 0 0 0
1791048249 3030, 13801, 52, 0x0000000000000000 | 14.65 11.78 12.97 | cpu  70072074 1017 13767668 2613488667 489334 0 202648 0 0 0
1791048250 3007, 13801, 58, 0x0000000000000000 | 14.65 11.78 12.97 | cpu  70072967 1017 13767703 2613513572 489334 0 202649 0 0 0
1791048252 3022, 13801, 56, 0x0000000000000000 | 14.65 11.78 12.97 | cpu  70073652 1017 13767745 2613538058 489334 0 202650 0 0 0
1791048253 3000, 13801, 59, 0x0000000000000000 | 24.53 13.88 13.64 | cpu  70075959 1017 13767811 2613560825 489334 0 202652 0 0 0
1791048254 3022, 13801, 57, 0x0000000000000000 | 24.53 13.88 13.64 | cpu  70076701 1017 13767865 2613586005 489334 0 202652 0 0 0
1791048255 3022, 13801, 57, 0x0000000000000000 | 24.53 13.88 13.64 | cpu  70077371 1017 13767915 2613610313 489336 0 202656 0 0 0
1791048256 3022, 13801, 57, 0x0000000000000000 | 24.53 13.88 13.64 | cpu  70077997 1017 13767945 2613634684 489336 0 202658 0 0 0
1791048257 3022, 13801, 57, 0x0000000000000000 | 22.80 13.70 13.58 | cpu  70078393 1017 13767978 2613659378 489336 0 202660 0 0 0
1791048258 3015, 13801, 60, 0x0000000000000000 | 22.80 13.70 13.58 | cpu  70078722 1017 13768010 2613683416 489337 0 202660 0 0 0
1791048259 3007, 13801, 58, 0x0000000000000000 | 22.80 13.70 13.58 | cpu  70079050 1017 13768037 2613707650 489337 0 202661 0 0 0
1791048261 3015, 13801, 58, 0x0000000000000000 | 22.80 13.70 13.58 | cpu  70079294 1017 13768066 2613731915 489337 0 202662 0 0 0
1791048262 3037, 13801, 57, 0x0000000000000000 | 22.80 13.70 13.58 | cpu  70080392 1017 13768179 2613755465 489339 0 202662 0 0 0
1791048263 3022, 13801, 53, 0x0000000000000000 | 21.22 13.52 13.52 | cpu  70081112 1017 13768252 2613779725 489340 0 202663 0 0 0
1791048264 3045, 13801, 53, 0x0000000000000000 | 21.22 13.52 13.52 | cpu  70082009 1017 13768307 2613803592 489340 0 202664 0 0 0
1791048265 3045, 13801, 52, 0x0000000000000000 | 21.22 13.52 13.52 | cpu  70082296 1017 13768339 2613828643 489340 0 202666 0 0 0
1791048266 3037, 13801, 56, 0x0000000000000000 | 21.22 13.52 13.52 | cpu  70085837 1017 13768389 2613849376 489343 0 202666 0 0 0
1791048267 3037, 13801, 52, 0x0000000000000000 | 28.73 15.20 14.07 | cpu  70087146 1017 13768443 2613872408 489348 0 202667 0 0 0
1791048268 3015, 13801, 53, 0x0000000000000000 | 28.73 15.20 14.07 | cpu  70088504 1017 13768506 2613894927 489348 0 202667 0 0 0
1791048269 3045, 13801, 51, 0x0000000000000000 | 28.73 15.20 14.07 | cpu  70089992 1017 13768571 2613918569 489349 0 202668 0 0 0
1791048271 3030, 13801, 52, 0x0000000000000000 | 28.73 15.20 14.07 | cpu  70090841 1017 13768616 2613943077 489349 0 202668 0 0 0
1791048272 3000, 13801, 58, 0x0000000000000000 | 28.73 15.20 14.07 | cpu  70092162 1017 13768661 2613967317 489349 0 202669 0 0 0
1791048273 3015, 13801, 57, 0x0000000000000000 | 26.75 15.02 14.01 | cpu  70093654 1017 13768704 2613990745 489353 0 202669 0 0 0
1791048274 3045, 13801, 51, 0x0000000000000000 | 26.75 15.02 14.01 | cpu  70094362 1017 13768772 2614015245 489353 0 202669 0 0 0
1791048275 3045, 13801, 51, 0x0000000000000000 | 26.75 15.02 14.01 | cpu  70095216 1017 13768833 2614039253 489353 0 202670 0 0 0
1791048276 2647, 13801, 50, 0x0000000000000000 | 26.75 15.02 14.01 | cpu  70096055 1017 13768880 2614063731 489353 0 202671 0 0 0
1791048277 2647, 13801, 49, 0x0000000000000000 | 33.90 16.69 14.56 | cpu  70099024 1017 13769065 2614086092 489357 0 202672 0 0 0
1791048278 3007, 13801, 56, 0x0000000000000000 | 33.90 16.69 14.56 | cpu  70102728 1017 13769265 2614106203 489358 0 202672 0 0 0
1791048280 3015, 13801, 57, 0x0000000000000000 | 33.90 16.69 14.56 | cpu  70106792 1017 13769507 2614127844 489358 0 202672 0 0 0
1791048281 2992, 13801, 61, 0x0000000000000000 | 33.90 16.69 14.56 | cpu  70109199 1017 13770349 2614149840 489358 0 202673 0 0 0
1791048282 3022, 13801, 56, 0x0000000000000000 | 33.90 16.69 14.56 | cpu  70111350 1017 13772461 2614170704 489358 0 202673 0 0 0
1791048283 3022, 13801, 57, 0x0000000000000000 | 40.31 18.31 15.10 | cpu  70112892 1017 13773823 2614192371 489358 0 202674 0 0 0
1791048284 3007, 13801, 59, 0x0000000000000000 | 40.31 18.31 15.10 | cpu  70113667 1017 13773902 2614216659 489360 0 202674 0 0 0
1791048285 3045, 13801, 51, 0x0000000000000000 | 40.31 18.31 15.10 | cpu  70114438 1017 13773982 2614241453 489360 0 202674 0 0 0
1791048286 3007, 13801, 57, 0x0000000000000000 | 40.31 18.31 15.10 | cpu  70115133 1017 13774030 2614266258 489360 0 202674 0 0 0
1791048287 3022, 13801, 56, 0x0000000000000000 | 37.40 18.07 15.04 | cpu  70118315 1017 13774167 2614288390 489361 0 202674 0 0 0
1791048289 3007, 13801, 57, 0x0000000000000000 | 37.40 18.07 15.04 | cpu  70119126 1017 13774322 2614312464 489368 0 202676 0 0 0
1791048290 3022, 13801, 56, 0x0000000000000000 | 37.40 18.07 15.04 | cpu  70120466 1017 13774421 2614336118 489371 0 202676 0 0 0
1791048291 3015, 13801, 58, 0x0000000000000000 | 37.40 18.07 15.04 | cpu  70121425 1017 13774475 2614360083 489371 0 202678 0 0 0
1791048292 3022, 13801, 57, 0x0000000000000000 | 37.40 18.07 15.04 | cpu  70122629 1017 13774549 2614383812 489371 0 202679 0 0 0
1791048293 3015, 13801, 58, 0x0000000000000000 | 34.97 17.89 14.99 | cpu  70123303 1017 13774627 2614408411 489374 0 202681 0 0 0
1791048294 3007, 13801, 58, 0x0000000000000000 | 34.97 17.89 14.99 | cpu  70125427 1017 13774672 2614431165 489374 0 202681 0 0 0
1791048295 3015, 13801, 58, 0x0000000000000000 | 34.97 17.89 14.99 | cpu  70125732 1017 13774697 2614455882 489374 0 202682 0 0 0
1791048296 3015, 13801, 59, 0x0000000000000000 | 34.97 17.89 14.99 | cpu  70125957 1017 13774718 2614480341 489374 0 202682 0 0 0
1791048298 3022, 13801, 58, 0x0000000000000000 | 32.41 17.64 14.93 | cpu  70126321 1017 13774747 2614504859 489375 0 202684 0 0 0
1791048299 3015, 13801, 58, 0x0000000000000000 | 32.41 17.64 14.93 | cpu  70126667 1017 13774773 2614529596 489376 0 202684 0 0 0
1791048300 2992, 13801, 59, 0x0000000000000000 | 32.41 17.64 14.93 | cpu  70127002 1018 13774806 2614554255 489376 0 202685 0 0 0
1791048301 2992, 13801, 60, 0x0000000000000000 | 32.41 17.64 14.93 | cpu  70127292 1018 13774848 2614579255 489376 0 202686 0 0 0
1791048302 2992, 13801, 60, 0x0000000000000000 | 30.21 17.43 14.87 | cpu  70127584 1018 13774916 2614604693 489376 0 202694 0 0 0
1791048303 3007, 13801, 58, 0x0000000000000000 | 30.21 17.43 14.87 | cpu  70130757 1018 13774948 2614626354 489378 0 202695 0 0 0
1791048304 3007, 13801, 59, 0x0000000000000000 | 30.21 17.43 14.87 | cpu  70132323 1018 13775131 2614649485 489378 0 202697 0 0 0
1791048305 3015, 13801, 59, 0x0000000000000000 | 30.21 17.43 14.87 | cpu  70134308 1018 13775238 2614671975 489378 0 202700 0 0 0
1791048306 3022, 13801, 58, 0x0000000000000000 | 30.21 17.43 14.87 | cpu  70135341 1018 13775293 2614695564 489381 0 202701 0 0 0
1791048308 3007, 13801, 60, 0x0000000000000000 | 28.27 17.24 14.83 | cpu  70136462 1018 13775350 2614719469 489381 0 202702 0 0 0
1791048309 3007, 13801, 59, 0x0000000000000000 | 28.27 17.24 14.83 | cpu  70137162 1018 13775388 2614743660 489383 0 202702 0 0 0
1791048310 3045, 13801, 54, 0x0000000000000000 | 28.27 17.24 14.83 | cpu  70139654 1018 13775432 2614765552 489383 0 202704 0 0 0
1791048311 3015, 13801, 59, 0x0000000000000000 | 28.27 17.24 14.83 | cpu  70140453 1018 13775494 2614789720 489383 0 202704 0 0 0
1791048312 3015, 13801, 58, 0x0000000000000000 | 26.89 17.14 14.81 | cpu  70141122 1018 13775552 2614813447 489383 0 202704 0 0 0
1791048313 3015, 13801, 59, 0x0000000000000000 | 26.89 17.14 14.81 | cpu  70141850 1018 13775653 2614837148 489383 0 202704 0 0 0
1791048314 3022, 13801, 59, 0x0000000000000000 | 26.89 17.14 14.81 | cpu  70142224 1018 13775686 2614861813 489385 0 202704 0 0 0
1791048315 3007, 13801, 60, 0x0000000000000000 | 26.89 17.14 14.81 | cpu  70143103 1018 13775718 2614885494 489385 0 202704 0 0 0
1791048316 3022, 13801, 57, 0x0000000000000000 | 26.89 17.14 14.81 | cpu  70143945 1018 13775771 2614909186 489385 0 202704 0 0 0
1791048318 3007, 13801, 59, 0x0000000000000000 | 25.06 16.92 14.75 | cpu  70144683 1018 13775824 2614933042 489385 0 202704 0 0 0
1791048319 3022, 13801, 58, 0x0000000000000000 | 25.06 16.92 14.75 | cpu  70145506 1018 13775863 2614958443 489385 0 202706 0 0 0
1791048320 3007, 13801, 59, 0x0000000000000000 | 25.06 16.92 14.75 | cpu  70146381 1018 13775897 2614983274 489387 0 202706 0 0 0
1791048321 3007, 13801, 57, 0x0000000000000000 | 25.06 16.92 14.75 | cpu  70146968 1018 13775951 2615007524 489387 0 202706 0 0 0
1791048322 3037, 13801, 53, 0x0000000000000000 | 23.29 16.69 14.68 | cpu  70147677 1018 13776015 2615032532 489387 0 202706 0 0 0
1791048323 2670, 13801, 51, 0x0000000000000000 | 23.29 16.69 14.68 | cpu  70148380 1018 13776070 2615056618 489389 0 202707 0 0 0
1791048324 2865, 13801, 57, 0x0000000000000000 | 23.29 16.69 14.68 | cpu  70151102 1018 13776115 2615079718 489389 0 202707 0 0 0
1791048325 3007, 13801, 57, 0x0000000000000000 | 23.29 16.69 14.68 | cpu  70151389 1018 13776634 2615103828 489389 0 202707 0 0 0
1791048327 3015, 13801, 57, 0x0000000000000000 | 23.29 16.69 14.68 | cpu  70153437 1018 13776724 2615125747 489392 0 202708 0 0 0
1791048328 3015, 13801, 57, 0x0000000000000000 | 21.75 16.48 14.63 | cpu  70154600 1018 13776966 2615149721 489392 0 202708 0 0 0
1791048329 3000, 13801, 59, 0x0000000000000000 | 21.75 16.48 14.63 | cpu  70155749 1018 13777017 2615173601 489392 0 202708 0 0 0
1791048330 3022, 13801, 59, 0x0000000000000000 | 21.75 16.48 14.63 | cpu  70157206 1018 13777072 2615197175 489392 0 202708 0 0 0
1791048331 3007, 13801, 59, 0x0000000000000000 | 21.75 16.48 14.63 | cpu  70158099 1018 13777139 2615221228 489392 0 202708 0 0 0
1791048332 3022, 13801, 57, 0x0000000000000000 | 20.32 16.27 14.57 | cpu  70160183 1018 13777188 2615244811 489396 0 202708 0 0 0
1791048333 3000, 13801, 59, 0x0000000000000000 | 20.32 16.27 14.57 | cpu  70160946 1018 13777222 2615269078 489396 0 202708 0 0 0
1791048334 3000, 13801, 59, 0x0000000000000000 | 20.32 16.27 14.57 | cpu  70161644 1018 13777271 2615293280 489396 0 202709 0 0 0
1791048336 3007, 13801, 58, 0x0000000000000000 | 20.32 16.27 14.57 | cpu  70162352 1018 13777324 2615317626 489396 0 202709 0 0 0
1791048337 3015, 13801, 54, 0x0000000000000000 | 20.32 16.27 14.57 | cpu  70163175 1018 13777383 2615341744 489396 0 202710 0 0 0
1791048338 3022, 13801, 57, 0x0000000000000000 | 19.02 16.06 14.51 | cpu  70163576 1018 13777426 2615366171 489397 0 202710 0 0 0
1791048339 3007, 13801, 58, 0x0000000000000000 | 19.02 16.06 14.51 | cpu  70164692 1018 13777484 2615389846 489397 0 202710 0 0 0
1791048340 3000, 13801, 59, 0x0000000000000000 | 19.02 16.06 14.51 | cpu  70165508 1018 13777548 2615413529 489397 0 202710 0 0 0
1791048341 3000, 13801, 60, 0x0000000000000000 | 19.02 16.06 14.51 | cpu  70166348 1018 13777608 2615437463 489397 0 202710 0 0 0
1791048342 2992, 13801, 59, 0x0000000000000000 | 17.73 15.85 14.45 | cpu  70166836 1018 13777639 2615461538 489399 0 202710 0 0 0
1791048343 3015, 13801, 58, 0x0000000000000000 | 17.73 15.85 14.45 | cpu  70167762 1018 13777682 2615485298 489399 0 202711 0 0 0
1791048344 3022, 13801, 58, 0x0000000000000000 | 17.73 15.85 14.45 | cpu  70168525 1018 13777735 2615509639 489399 0 202712 0 0 0
1791048346 3022, 13801, 59, 0x0000000000000000 | 17.73 15.85 14.45 | cpu  70170915 1018 13777812 2615533113 489399 0 202712 0 0 0
1791048347 3022, 13801, 59, 0x0000000000000000 | 17.73 15.85 14.45 | cpu  70173523 1018 13777882 2615555320 489399 0 202712 0 0 0
1791048348 3037, 13801, 53, 0x0000000000000000 | 17.19 15.77 14.43 | cpu  70175337 1018 13777978 2615579230 489403 0 202713 0 0 0
1791048349 3007, 13801, 60, 0x0000000000000000 | 17.19 15.77 14.43 | cpu  70176628 1018 13778036 2615602859 489403 0 202713 0 0 0
1791048350 3007, 13801, 61, 0x0000000000000000 | 17.19 15.77 14.43 | cpu  70177541 1018 13778082 2615626811 489403 0 202713 0 0 0
1791048351 3015, 13801, 59, 0x0000000000000000 | 17.19 15.77 14.43 | cpu  70177918 1018 13778107 2615651510 489407 0 202713 0 0 0
1791048352 2992, 13801, 60, 0x0000000000000000 | 16.06 15.55 14.37 | cpu  70179933 1018 13778148 2615674442 489408 0 202713 0 0 0
1791048353 3007, 13801, 59, 0x0000000000000000 | 16.06 15.55 14.37 | cpu  70180977 1018 13778190 2615698144 489410 0 202713 0 0 0
1791048355 3007, 13801, 58, 0x0000000000000000 | 16.06 15.55 14.37 | cpu  70181714 1018 13778248 2615722366 489410 0 202713 0 0 0
1791048356 3007, 13801, 59, 0x0000000000000000 | 16.06 15.55 14.37 | cpu  70182358 1018 13778301 2615746282 489410 0 202713 0 0 0
1791048357 3022, 13801, 57, 0x0000000000000000 | 16.06 15.55 14.37 | cpu  70183596 1018 13778360 2615770156 489410 0 202714 0 0 0
1791048358 3015, 13801, 60, 0x0000000000000000 | 15.17 15.38 14.32 | cpu  70184432 1018 13778423 2615794654 489410 0 202714 0 0 0
1791048359 3022, 13801, 57, 0x0000000000000000 | 15.17 15.38 14.32 | cpu  70185207 1018 13778490 2615819600 489410 0 202714 0 0 0
1791048360 3022, 13801, 58, 0x0000000000000000 | 15.17 15.38 14.32 | cpu  70186082 1018 13778539 2615843760 489411 0 202714 0 0 0
1791048361 3015, 13801, 59, 0x0000000000000000 | 15.17 15.38 14.32 | cpu  70186421 1018 13778561 2615868419 489411 0 202714 0 0 0
1791048362 3007, 13801, 59, 0x0000000000000000 | 14.36 15.21 14.27 | cpu  70186845 1018 13778594 2615892879 489416 0 202714 0 0 0
1791048364 3037, 13801, 53, 0x0000000000000000 | 14.36 15.21 14.27 | cpu  70188000 1018 13778643 2615917197 489416 0 202715 0 0 0
1791048365 3007, 13801, 59, 0x0000000000000000 | 14.36 15.21 14.27 | cpu  70188634 1018 13778692 2615941538 489417 0 202715 0 0 0
1791048366 3015, 13801, 59, 0x0000000000000000 | 14.36 15.21 14.27 | cpu  70189395 1018 13778747 2615965740 489419 0 202716 0 0 0
1791048367 3015, 13801, 58, 0x0000000000000000 | 14.36 15.21 14.27 | cpu  70190576 1018 13778789 2615989947 489419 0 202716 0 0 0
1791048368 3007, 13801, 59, 0x0000000000000000 | 13.53 15.02 14.21 | cpu  70191290 1018 13778844 2616014088 489419 0 202716 0 0 0
1791048369 3007, 13801, 60, 0x0000000000000000 | 13.53 15.02 14.21 | cpu  70191953 1018 13778904 2616038412 489419 0 202716 0 0 0
1791048370 3007, 13801, 60, 0x0000000000000000 | 13.53 15.02 14.21 | cpu  70193176 1018 13778988 2616062526 489421 0 202717 0 0 0
1791048371 3022, 13801, 59, 0x0000000000000000 | 13.53 15.02 14.21 | cpu  70193767 1018 13779046 2616086464 489422 0 202717 0 0 0
1791048372 3030, 13801, 54, 0x0000000000000000 | 12.68 14.82 14.15 | cpu  70194456 1018 13779129 2616110946 489422 0 202718 0 0 0
1791048374 3045, 13801, 53, 0x0000000000000000 | 12.68 14.82 14.15 | cpu  70196976 1018 13779271 2616132728 489426 0 202718 0 0 0
1791048375 2647, 13801, 51, 0x0000000000000000 | 12.68 14.82 14.15 | cpu  70198822 1018 13779339 2616155892 489429 0 202718 0 0 0
1791048376 2647, 13801, 51, 0x0000000000000000 | 12.68 14.82 14.15 | cpu  70200784 1018 13779407 2616177814 489429 0 202718 0 0 0
1791048377 3022, 13801, 56, 0x0000000000000000 | 12.68 14.82 14.15 | cpu  70202036 1018 13779470 2616201161 489429 0 202718 0 0 0
1791048378 3015, 13801, 58, 0x0000000000000000 | 12.07 14.66 14.10 | cpu  70202977 1018 13779520 2616226185 489432 0 202718 0 0 0
1791048379 3022, 13801, 58, 0x0000000000000000 | 12.07 14.66 14.10 | cpu  70203412 1018 13779556 2616250256 489433 0 202719 0 0 0
1791048380 3015, 13801, 58, 0x0000000000000000 | 12.07 14.66 14.10 | cpu  70205341 1018 13779592 2616272981 489433 0 202719 0 0 0
1791048381 3000, 13801, 59, 0x0000000000000000 | 12.07 14.66 14.10 | cpu  70206154 1018 13779629 2616297273 489433 0 202719 0 0 0
1791048382 3007, 13801, 58, 0x0000000000000000 | 15.59 15.34 14.33 | cpu  70206854 1018 13779686 2616321488 489433 0 202719 0 0 0
1791048384 3015, 13801, 58, 0x0000000000000000 | 15.59 15.34 14.33 | cpu  70207910 1018 13779790 2616345261 489434 0 202720 0 0 0
1791048385 3030, 13801, 57, 0x0000000000000000 | 15.59 15.34 14.33 | cpu  70208795 1018 13779838 2616369314 489434 0 202720 0 0 0
1791048386 3015, 13801, 58, 0x0000000000000000 | 15.59 15.34 14.33 | cpu  70209755 1018 13779872 2616393397 489434 0 202720 0 0 0
1791048387 3007, 13801, 59, 0x0000000000000000 | 15.59 15.34 14.33 | cpu  70210417 1018 13779932 2616417803 489434 0 202720 0 0 0
1791048388 3022, 13801, 58, 0x0000000000000000 | 14.74 15.17 14.28 | cpu  70211153 1018 13779990 2616441550 489436 0 202720 0 0 0
1791048389 3015, 13801, 58, 0x0000000000000000 | 14.74 15.17 14.28 | cpu  70212048 1018 13780088 2616465984 489436 0 202721 0 0 0
1791048390 3022, 13801, 59, 0x0000000000000000 | 14.74 15.17 14.28 | cpu  70212350 1018 13780262 2616490598 489436 0 202721 0 0 0
1791048391 3022, 13801, 58, 0x0000000000000000 | 14.74 15.17 14.28 | cpu  70213071 1018 13780354 2616514070 489436 0 202721 0 0 0
1791048393 3037, 13801, 53, 0x0000000000000000 | 13.88 14.99 14.22 | cpu  70213708 1018 13780422 2616538452 489436 0 202721 0 0 0
1791048394 3015, 13801, 59, 0x0000000000000000 | 13.88 14.99 14.22 | cpu  70214432 1018 13780485 2616562661 489439 0 202721 0 0 0
1791048395 3000, 13801, 59, 0x0000000000000000 | 13.88 14.99 14.22 | cpu  70215366 1018 13780535 2616586337 489439 0 202721 0 0 0
1791048396 3037, 13801, 54, 0x0000000000000004 | 13.88 14.99 14.22 | cpu  70215715 1019 13780563 2616610693 489439 0 202721 0 0 0
1791048397 3037, 13801, 53, 0x0000000000000000 | 13.88 14.99 14.22 | cpu  70216715 1019 13780622 2616634577 489439 0 202721 0 0 0
1791048398 2985, 13801, 54, 0x0000000000000000 | 13.09 14.80 14.17 | cpu  70218221 1019 13780702 2616659295 489439 0 202723 0 0 0
1791048399 3030, 13801, 60, 0x0000000000000004 | 13.09 14.80 14.17 | cpu  70221181 1019 13780973 2616681541 489441 0 202723 0 0 0
1791048400 3037, 13801, 52, 0x0000000000000004 | 13.09 14.80 14.17 | cpu  70223143 1019 13781269 2616704584 489441 0 202723 0 0 0
1791048401 3037, 13801, 52, 0x0000000000000000 | 13.09 14.80 14.17 | cpu  70224085 1019 13781442 2616728312 489441 0 202724 0 0 0
1791048403 2985, 13801, 54, 0x0000000000000000 | 12.36 14.62 14.11 | cpu  70225988 1019 13781499 2616751998 489441 0 202724 0 0 0
1791048404 2910, 13801, 53, 0x0000000000000000 | 12.36 14.62 14.11 | cpu  70227140 1019 13781553 2616775130 489441 0 202724 0 0 0
1791048405 3015, 13801, 53, 0x0000000000000000 | 12.36 14.62 14.11 | cpu  70228135 1019 13781604 2616799488 489441 0 202725 0 0 0
1791048406 2985, 13801, 53, 0x0000000000000000 | 12.36 14.62 14.11 | cpu  70229372 1019 13781658 2616824518 489444 0 202725 0 0 0
1791048407 2985, 13801, 53, 0x0000000000000000 | 11.69 14.45 14.06 | cpu  70231326 1020 13781722 2616846607 489444 0 202725 0 0 0
1791048408 2985, 13801, 53, 0x0000000000000000 | 11.69 14.45 14.06 | cpu  70232161 1020 13781781 2616870236 489446 0 202725 0 0 0
1791048409 3000, 13801, 62, 0x0000000000000000 | 11.69 14.45 14.06 | cpu  70233057 1020 13781834 2616894171 489446 0 202727 0 0 0
1791048410 3037, 13801, 52, 0x0000000000000000 | 11.69 14.45 14.06 | cpu  70234016 1020 13781876 2616917660 489446 0 202727 0 0 0
1791048412 3030, 13801, 53, 0x0000000000000000 | 11.69 14.45 14.06 | cpu  70234822 1020 13781932 2616941688 489446 0 202728 0 0 0
1791048413 2970, 13801, 61, 0x0000000000000004 | 11.07 14.27 14.00 | cpu  70235541 1020 13782004 2616966425 489446 0 202728 0 0 0
1791048414 3045, 13801, 52, 0x0000000000000000 | 11.07 14.27 14.00 | cpu  70236495 1020 13782080 2616990657 489446 0 202729 0 0 0
1791048415 2910, 13801, 56, 0x0000000000000000 | 11.07 14.27 14.00 | cpu  70237583 1020 13782132 2617014395 489448 0 202729 0 0 0
1791048416 3030, 13801, 59, 0x0000000000000004 | 11.07 14.27 14.00 | cpu  70238368 1020 13782181 2617038066 489448 0 202730 0 0 0
1791048417 3037, 13801, 51, 0x0000000000000000 | 10.59 14.12 13.96 | cpu  70239152 1020 13782239 2617062130 489449 0 202731 0 0 0
1791048418 2970, 13801, 54, 0x0000000000000000 | 10.59 14.12 13.96 | cpu  70239616 1020 13782282 2617086698 489449 0 202731 0 0 0
1791048419 2647, 13801, 50, 0x0000000000000000 | 10.59 14.12 13.96 | cpu  70240519 1020 13782325 2617110624 489449 0 202731 0 0 0
1791048420 2977, 13801, 54, 0x0000000000000000 | 10.59 14.12 13.96 | cpu  70241232 1020 13782393 2617134218 489452 0 202731 0 0 0
1791048422 3045, 13801, 51, 0x0000000000000000 | 10.59 14.12 13.96 | cpu  70241958 1020 13782458 2617158583 489453 0 202731 0 0 0
1791048423 3000, 13801, 60, 0x0000000000000000 | 10.06 13.95 13.90 | cpu  70242608 1020 13782560 2617182805 489453 0 202732 0 0 0
1791048424 3007, 13801, 58, 0x0000000000000000 | 10.06 13.95 13.90 | cpu  70243591 1020 13782659 2617206579 489453 0 202732 0 0 0
1791048425 3015, 13801, 57, 0x0000000000000000 | 10.06 13.95 13.90 | cpu  70244312 1020 13782705 2617230750 489453 0 202732 0 0 0
1791048426 3000, 13801, 59, 0x0000000000000000 | 10.06 13.95 13.90 | cpu  70244918 1020 13782766 2617255230 489458 0 202732 0 0 0
1791048427 3000, 13801, 58, 0x0000000000000000 | 9.49 13.77 13.84 | cpu  70246086 1020 13782839 2617278959 489458 0 202732 0 0 0
1791048428 3015, 13801, 57, 0x0000000000000000 | 9.49 13.77 13.84 | cpu  70246914 1020 13782905 2617304851 489458 0 202732 0 0 0
1791048429 3007, 13801, 58, 0x0000000000000000 | 9.49 13.77 13.84 | cpu  70247657 1020 13782967 2617329138 489458 0 202733 0 0 0
1791048431 3022, 13801, 57, 0x0000000000000000 | 9.49 13.77 13.84 | cpu  70248306 1020 13783039 2617353031 489458 0 202733 0 0 0
1791048432 3015, 13801, 58, 0x0000000000000000 | 9.49 13.77 13.84 | cpu  70249051 1020 13783070 2617377274 489463 0 202733 0 0 0
1791048433 3000, 13801, 58, 0x0000000000000000 | 9.05 13.61 13.79 | cpu  70249757 1020 13783126 2617401602 489463 0 202733 0 0 0
1791048434 3015, 13801, 57, 0x0000000000000000 | 9.05 13.61 13.79 | cpu  70250492 1020 13783177 2617425889 489463 0 202733 0 0 0
1791048435 3015, 13801, 57, 0x0000000000000000 | 9.05 13.61 13.79 | cpu  70251304 1020 13783212 2617450145 489464 0 202733 0 0 0
1791048436 3007, 13801, 58, 0x0000000000000000 | 9.05 13.61 13.79 | cpu  70253707 1020 13783260 2617473199 489467 0 202734 0 0 0
1791048437 3045, 13801, 52, 0x0000000000000000 | 8.57 13.43 13.73 | cpu  70255322 1020 13783305 2617496422 489468 0 202734 0 0 0
1791048438 3045, 13801, 51, 0x0000000000000000 | 8.57 13.43 13.73 | cpu  70256654 1020 13783357 2617519785 489469 0 202734 0 0 0
1791048440 2647, 13801, 50, 0x0000000000000000 | 8.57 13.43 13.73 | cpu  70257560 1020 13783386 2617544165 489469 0 202734 0 0 0
1791048441 2647, 13801, 50, 0x0000000000000000 | 8.57 13.43 13.73 | cpu  70258319 1020 13783418 2617568280 489469 0 202734 0 0 0
1791048442 2985, 13801, 59, 0x0000000000000000 | 8.57 13.43 13.73 | cpu  70259134 1020 13783478 2617592558 489472 0 202734 0 0 0
1791048443 3045, 13801, 51, 0x0000000000000000 | 8.36 13.31 13.69 | cpu  70261302 1020 13783550 2617615216 489472 0 202734 0 0 0
1791048444 3000, 13801, 58, 0x0000000000000000 | 8.36 13.31 13.69 | cpu  70262282 1020 13783599 2617639037 489472 0 202735 0 0 0
1791048445 3015, 13801, 57, 0x0000000000000000 | 8.36 13.31 13.69 | cpu  70262806 1020 13783632 2617663422 489472 0 202736 0 0 0
1791048446 3022, 13801, 58, 0x0000000000000000 | 8.36 13.31 13.69 | cpu  70263573 1020 13783680 2617687036 489472 0 202736 0 0 0
1791048447 3022, 13801, 56, 0x0000000000000000 | 8.17 13.18 13.65 | cpu  70264395 1020 13783739 2617711518 489474 0 202736 0 0 0
1791048448 3015, 13801, 57, 0x0000000000000000 | 8.17 13.18 13.65 | cpu  70265379 1020 13783823 2617734990 489474 0 202736 0 0 0
1791048450 3015, 13801, 57, 0x0000000000000000 | 8.17 13.18 13.65 | cpu  70266284 1020 13783877 2617759453 489474 0 202737 0 0 0
1791048451 3015, 13801, 57, 0x0000000000000000 | 8.17 13.18 13.65 | cpu  70267126 1020 13783923 2617783477 489474 0 202737 0 0 0
1791048452 3007, 13801, 58, 0x0000000000000000 | 8.17 13.18 13.65 | cpu  70267846 1020 13783975 2617807979 489474 0 202737 0 0 0
1791048453 3000, 13801, 60, 0x0000000000000000 | 8.16 13.10 13.62 | cpu  70268467 1020 13784056 2617832291 489476 0 202737 0 0 0
1791048454 3000, 13801, 59, 0x0000000000000000 | 8.16 13.10 13.62 | cpu  70269104 1020 13784129 2617856221 489476 0 202738 0 0 0
1791048455 3015, 13801, 58, 0x0000000000000000 | 8.16 13.10 13.62 | cpu  70269706 1020 13784202 2617881055 489476 0 202738 0 0 0
1791048456 3015, 13801, 57, 0x0000000000000000 | 8.16 13.10 13.62 | cpu  70271664 1020 13784266 2617903803 489476 0 202738 0 0 0
1791048457 3022, 13801, 57, 0x0000000000000000 | 7.91 12.96 13.57 | cpu  70274829 1021 13784492 2617925791 489477 0 202739 0 0 0
1791048459 3015, 13801, 58, 0x0000000000000000 | 7.91 12.96 13.57 | cpu  70276404 1021 13784793 2617948384 489479 0 202739 0 0 0
1791048460 3007, 13801, 58, 0x0000000000000000 | 7.91 12.96 13.57 | cpu  70278176 1021 13784993 2617971813 489485 0 202739 0 0 0
1791048461 3007, 13801, 59, 0x0000000000000000 | 7.91 12.96 13.57 | cpu  70279471 1021 13785113 2617995593 489487 0 202740 0 0 0
1791048462 3000, 13801, 59, 0x0000000000000000 | 7.91 12.96 13.57 | cpu  70281131 1021 13785154 2618018876 489487 0 202741 0 0 0
1791048463 3007, 13801, 58, 0x0000000000000000 | 7.59 12.81 13.52 | cpu  70282128 1021 13785208 2618042428 489487 0 202741 0 0 0
1791048464 3015, 13801, 57, 0x0000000000000000 | 7.59 12.81 13.52 | cpu  70283100 1021 13785243 2618066508 489487 0 202741 0 0 0
1791048465 2992, 13801, 59, 0x0000000000000000 | 7.59 12.81 13.52 | cpu  70284187 1021 13785282 2618090013 489487 0 202742 0 0 0
1791048466 3015, 13801, 58, 0x0000000000000000 | 7.59 12.81 13.52 | cpu  70285191 1021 13785342 2618114011 489487 0 202742 0 0 0
1791048467 3007, 13801, 59, 0x0000000000000000 | 7.38 12.68 13.47 | cpu  70286929 1021 13785444 2618136966 489489 0 202742 0 0 0
1791048469 3022, 13801, 57, 0x0000000000000000 | 7.38 12.68 13.47 | cpu  70288358 1021 13785570 2618161211 489489 0 202742 0 0 0
1791048470 3015, 13801, 59, 0x0000000000000000 | 7.38 12.68 13.47 | cpu  70288808 1021 13785607 2618185222 489489 0 202743 0 0 0
1791048471 3030, 13801, 58, 0x0000000000000000 | 7.38 12.68 13.47 | cpu  70290774 1021 13785698 2618208001 489489 0 202743 0 0 0
1791048472 3007, 13801, 60, 0x0000000000000000 | 7.38 12.68 13.47 | cpu  70292066 1021 13785760 2618231183 489490 0 202743 0 0 0
1791048473 3015, 13801, 58, 0x0000000000000000 | 7.11 12.54 13.42 | cpu  70292837 1022 13785831 2618254551 489492 0 202743 0 0 0
1791048474 3015, 13801, 58, 0x0000000000000000 | 7.11 12.54 13.42 | cpu  70294017 1022 13785884 2618279703 489492 0 202743 0 0 0
1791048475 3000, 13801, 60, 0x0000000000000000 | 7.11 12.54 13.42 | cpu  70294878 1022 13785935 2618303856 489492 0 202743 0 0 0
1791048476 3000, 13801, 60, 0x0000000000000000 | 7.11 12.54 13.42 | cpu  70295744 1022 13785990 2618328345 489492 0 202743 0 0 0
1791048477 3022, 13801, 59, 0x0000000000000000 | 6.94 12.41 13.38 | cpu  70296563 1022 13786040 2618352348 489492 0 202744 0 0 0
1791048479 3015, 13801, 57, 0x0000000000000000 | 6.94 12.41 13.38 | cpu  70297649 1022 13786098 2618376616 489493 0 202744 0 0 0
1791048480 3045, 13801, 52, 0x0000000000000000 | 6.94 12.41 13.38 | cpu  70298450 1022 13786154 2618401139 489493 0 202744 0 0 0
1791048481 3015, 13801, 60, 0x0000000000000000 | 6.94 12.41 13.38 | cpu  70299218 1022 13786208 2618425416 489493 0 202745 0 0 0
1791048482 3015, 13801, 56, 0x0000000000000000 | 6.94 12.41 13.38 | cpu  70299865 1022 13786244 2618450175 489493 0 202745 0 0 0
1791048483 3022, 13801, 59, 0x0000000000000000 | 6.63 12.26 13.32 | cpu  70300504 1022 13786272 2618474798 489494 0 202746 0 0 0
1791048484 3015, 13801, 59, 0x0000000000000000 | 6.63 12.26 13.32 | cpu  70303657 1022 13786326 2618495780 489495 0 202746 0 0 0
1791048485 3007, 13801, 59, 0x0000000000000000 | 6.63 12.26 13.32 | cpu  70304457 1022 13786557 2618519798 489495 0 202746 0 0 0
1791048486 3007, 13801, 60, 0x0000000000000000 | 6.63 12.26 13.32 | cpu  70305337 1022 13786591 2618544149 489499 0 202746 0 0 0
1791048488 3015, 13801, 59, 0x0000000000000000 | 6.26 12.09 13.26 | cpu  70306654 1022 13786628 2618567828 489499 0 202746 0 0 0
1791048489 3022, 13801, 58, 0x0000000000000000 | 6.26 12.09 13.26 | cpu  70307485 1022 13786678 2618592284 489499 0 202746 0 0 0
1791048490 3015, 13801, 59, 0x0000000000000000 | 6.26 12.09 13.26 | cpu  70308667 1022 13786737 2618616168 489501 0 202746 0 0 0
1791048491 3022, 13801, 58, 0x0000000000000000 | 6.26 12.09 13.26 | cpu  70310771 1022 13786779 2618638131 489501 0 202746 0 0 0
1791048492 3022, 13801, 59, 0x0000000000000000 | 6.26 12.09 13.26 | cpu  70311112 1022 13786807 2618662791 489501 0 202746 0 0 0
1791048493 3015, 13801, 59, 0x0000000000000000 | 6.00 11.94 13.20 | cpu  70311370 1022 13786829 2618686977 489501 0 202746 0 0 0
1791048494 3022, 13801, 58, 0x0000000000000000 | 6.00 11.94 13.20 | cpu  70311686 1022 13786861 2618711736 489503 0 202746 0 0 0
1791048495 3007, 13801, 60, 0x0000000000000000 | 6.00 11.94 13.20 | cpu  70312035 1022 13786882 2618736733 489503 0 202747 0 0 0
1791048496 3022, 13801, 59, 0x0000000000000000 | 6.00 11.94 13.20 | cpu  70312928 1022 13786918 2618760340 489503 0 202747 0 0 0
1791048498 3007, 13801, 60, 0x0000000000000000 | 5.84 11.80 13.16 | cpu  70313693 1022 13786993 2618785097 489505 0 202747 0 0 0
1791048499 3000, 13801, 60, 0x0000000000000000 | 5.84 11.80 13.16 | cpu  70314516 1022 13787046 2618809158 489505 0 202747 0 0 0
1791048500 2992, 13801, 61, 0x0000000000000000 | 5.84 11.80 13.16 | cpu  70315282 1022 13787079 2618833473 489507 0 202748 0 0 0
1791048501 3000, 13801, 61, 0x0000000000000000 | 5.84 11.80 13.16 | cpu  70316562 1022 13787132 2618857568 489507 0 202748 0 0 0
1791048502 3015, 13801, 60, 0x0000000000000000 | 5.84 11.80 13.16 | cpu  70317245 1022 13787191 2618882278 489507 0 202748 0 0 0
1791048503 3015, 13801, 59, 0x0000000000000000 | 5.69 11.67 13.11 | cpu  70317938 1022 13787246 2618906945 489507 0 202749 0 0 0
1791048504 3007, 13801, 59, 0x0000000000000000 | 5.69 11.67 13.11 | cpu  70318474 1022 13787279 2618931425 489507 0 202749 0 0 0
1791048506 3007, 13801, 59, 0x0000000000000000 | 5.69 11.67 13.11 | cpu  70319341 1022 13787323 2618955872 489509 0 202749 0 0 0
1791048507 3007, 13801, 59, 0x0000000000000000 | 5.69 11.67 13.11 | cpu  70319994 1022 13787376 2618980323 489509 0 202749 0 0 0
1791048508 3007, 13801, 61, 0x0000000000000000 | 5.55 11.55 13.06 | cpu  70320764 1022 13787438 2619004515 489509 0 202750 0 0 0
1791048509 3022, 13801, 60, 0x0000000000000000 | 5.55 11.55 13.06 | cpu  70321481 1022 13787522 2619028730 489509 0 202752 0 0 0
1791048510 3007, 13801, 60, 0x0000000000000000 | 5.55 11.55 13.06 | cpu  70321722 1022 13787542 2619053873 489509 0 202752 0 0 0
1791048511 3007, 13801, 61, 0x0000000000000000 | 5.55 11.55 13.06 | cpu  70321952 1022 13787564 2619078560 489510 0 202752 0 0 0
1791048512 3015, 13801, 60, 0x0000000000000000 | 5.27 11.39 13.00 | cpu  70322177 1022 13787592 2619102947 489510 0 202752 0 0 0
1791048513 3015, 13801, 60, 0x0000000000000000 | 5.27 11.39 13.00 | cpu  70322412 1022 13787614 2619128145 489510 0 202752 0 0 0
1791048514 3007, 13801, 61, 0x0000000000000000 | 5.27 11.39 13.00 | cpu  70322705 1022 13787642 2619152847 489510 0 202752 0 0 0
1791048516 3022, 13801, 59, 0x0000000000000000 | 5.27 11.39 13.00 | cpu  70322952 1022 13787666 2619177185 489510 0 202753 0 0 0
1791048517 3022, 13801, 59, 0x0000000000000000 | 5.27 11.39 13.00 | cpu  70323195 1022 13787702 2619201900 489512 0 202753 0 0 0
1791048518 3007, 13801, 59, 0x0000000000000000 | 5.01 11.23 12.94 | cpu  70323459 1022 13787755 2619226471 489512 0 202753 0 0 0
1791048519 3015, 13801, 59, 0x0000000000000000 | 5.01 11.23 12.94 | cpu  70324359 1022 13787856 2619250193 489512 0 202753 0 0 0
1791048520 3007, 13801, 59, 0x0000000000000000 | 5.01 11.23 12.94 | cpu  70326933 1022 13787920 2619272091 489512 0 202753 0 0 0
1791048521 3015, 13801, 60, 0x0000000000000000 | 5.01 11.23 12.94 | cpu  70328198 1022 13788426 2619295952 489512 0 202753 0 0 0
1791048522 3022, 13801, 57, 0x0000000000000000 | 13.97 12.99 13.50 | cpu  70330886 1022 13788546 2619317436 489516 0 202754 0 0 0
1791048523 3007, 13801, 61, 0x0000000000000000 | 13.97 12.99 13.50 | cpu  70332207 1022 13788723 2619342072 489516 0 202754 0 0 0
1791048525 3007, 13801, 60, 0x0000000000000000 | 13.97 12.99 13.50 | cpu  70333490 1022 13788781 2619365656 489516 0 202754 0 0 0
1791048526 3015, 13801, 59, 0x0000000000000000 | 13.97 12.99 13.50 | cpu  70334891 1022 13788828 2619389167 489516 0 202754 0 0 0
1791048527 3015, 13801, 60, 0x0000000000000000 | 13.97 12.99 13.50 | cpu  70335776 1022 13788862 2619413599 489516 0 202754 0 0 0
1791048528 3030, 13801, 58, 0x0000000000000000 | 13.18 12.84 13.45 | cpu  70338153 1022 13788930 2619435585 489526 0 202755 0 0 0
1791048529 3022, 13801, 59, 0x0000000000000000 | 13.18 12.84 13.45 | cpu  70338974 1022 13788978 2619459716 489526 0 202757 0 0 0
1791048530 3007, 13801, 60, 0x0000000000000000 | 13.18 12.84 13.45 | cpu  70339972 1022 13789035 2619483142 489526 0 202758 0 0 0
1791048531 3000, 13801, 61, 0x0000000000000000 | 13.18 12.84 13.45 | cpu  70340832 1022 13789087 2619506424 489526 0 202759 0 0 0
1791048532 3007, 13801, 60, 0x0000000000000000 | 12.52 12.71 13.40 | cpu  70341630 1022 13789151 2619530544 489526 0 202760 0 0 0
1791048533 3007, 13801, 60, 0x0000000000000000 | 12.52 12.71 13.40 | cpu  70342492 1022 13789216 2619554897 489527 0 202762 0 0 0
1791048535 3022, 13801, 59, 0x0000000000000000 | 12.52 12.71 13.40 | cpu  70343182 1022 13789269 2619579206 489527 0 202762 0 0 0
1791048536 3015, 13801, 59, 0x0000000000000000 | 12.52 12.71 13.40 | cpu  70343528 1022 13789293 2619604159 489527 0 202762 0 0 0
1791048537 3015, 13801, 59, 0x0000000000000000 | 12.52 12.71 13.40 | cpu  70344320 1022 13789329 2619628249 489527 0 202762 0 0 0
1791048538 3022, 13801, 58, 0x0000000000000000 | 11.84 12.56 13.35 | cpu  70345020 1022 13789384 2619652982 489529 0 202762 0 0 0
1791048539 3007, 13801, 59, 0x0000000000000000 | 11.84 12.56 13.35 | cpu  70345758 1022 13789434 2619677327 489533 0 202762 0 0 0
1791048540 3007, 13801, 62, 0x0000000000000000 | 11.84 12.56 13.35 | cpu  70346648 1022 13789479 2619700901 489533 0 202762 0 0 0
1791048541 3007, 13801, 59, 0x0000000000000000 | 11.84 12.56 13.35 | cpu  70347205 1022 13789584 2619726422 489534 0 202763 0 0 0
1791048542 3015, 13801, 59, 0x0000000000000000 | 11.29 12.44 13.30 | cpu  70350835 1022 13789661 2619748972 489535 0 202763 0 0 0
1791048544 3015, 13801, 59, 0x0000000000000000 | 11.29 12.44 13.30 | cpu  70352499 1022 13789860 2619773798 489542 0 202763 0 0 0
1791048545 3015, 13801, 59, 0x0000000000000000 | 11.29 12.44 13.30 | cpu  70354290 1022 13790012 2619797846 489549 0 202764 0 0 0
1791048546 3022, 13801, 58, 0x0000000000000000 | 11.29 12.44 13.30 | cpu  70357115 1022 13790283 2619820041 489551 0 202796 0 0 0
1791048547 3022, 13801, 58, 0x0000000000000000 | 11.29 12.44 13.30 | cpu  70360272 1022 13791141 2619842722 489551 0 202809 0 0 0
1791048548 3022, 13801, 59, 0x0000000000000000 | 30.25 16.35 14.57 | cpu  70361302 1022 13791882 2619866060 489551 0 202820 0 0 0
1791048549 3007, 13801, 60, 0x0000000000000000 | 30.25 16.35 14.57 | cpu  70362562 1022 13791975 2619889634 489551 0 202822 0 0 0
1791048551 3015, 13801, 59, 0x0000000000000000 | 30.25 16.35 14.57 | cpu  70363915 1022 13792049 2619913141 489553 0 202822 0 0 0
1791048552 3015, 13801, 59, 0x0000000000000000 | 30.25 16.35 14.57 | cpu  70365373 1022 13792132 2619936960 489553 0 202822 0 0 0
1791048553 2992, 13801, 62, 0x0000000000000000 | 28.06 16.13 14.50 | cpu  70366206 1022 13792193 2619961052 489553 0 202823 0 0 0
1791048554 3015, 13801, 55, 0x0000000000000000 | 28.06 16.13 14.50 | cpu  70368127 1023 13792252 2619983596 489553 0 202823 0 0 0
1791048555 3007, 13801, 61, 0x0000000000000000 | 28.06 16.13 14.50 | cpu  70369434 1023 13792302 2620007111 489557 0 202823 0 0 0
1791048556 3022, 13801, 60, 0x0000000000000000 | 28.06 16.13 14.50 | cpu  70370205 1023 13792350 2620032159 489557 0 202823 0 0 0
1791048557 3007, 13801, 60, 0x0000000000000000 | 26.06 15.91 14.44 | cpu  70371479 1023 13792469 2620055223 489557 0 202824 0 0 0
1791048558 3000, 13801, 60, 0x0000000000000000 | 26.06 15.91 14.44 | cpu  70372324 1023 13792522 2620079237 489557 0 202825 0 0 0
1791048559 3015, 13801, 59, 0x0000000000000000 | 26.06 15.91 14.44 | cpu  70373022 1023 13792575 2620103449 489557 0 202825 0 0 0
1791048561 3022, 13801, 59, 0x0000000000000000 | 26.06 15.91 14.44 | cpu  70373740 1023 13792604 2620127722 489558 0 202828 0 0 0
1791048562 3007, 13801, 62, 0x0000000000000000 | 26.06 15.91 14.44 | cpu  70374738 1023 13792654 2620152077 489558 0 202829 0 0 0
1791048563 3015, 13801, 60, 0x0000000000000000 | 24.21 15.69 14.38 | cpu  70376425 1023 13792718 2620175851 489558 0 202829 0 0 0
1791048564 3007, 13801, 61, 0x0000000000000000 | 24.21 15.69 14.38 | cpu  70378646 1023 13793037 2620197755 489558 0 202830 0 0 0
1791048565 3015, 13801, 61, 0x0000000000000000 | 24.21 15.69 14.38 | cpu  70381585 1023 13793312 2620218703 489558 0 202831 0 0 0
1791048566 3007, 13801, 61, 0x0000000000000000 | 24.21 15.69 14.38 | cpu  70382315 1023 13793538 2620242929 489559 0 202832 0 0 0
1791048567 3022, 13801, 59, 0x0000000000000000 | 22.75 15.53 14.33 | cpu  70384144 1023 13793687 2620265511 489559 0 202834 0 0 0
1791048568 3022, 13801, 59, 0x0000000000000000 | 22.75 15.53 14.33 | cpu  70385606 1023 13793764 2620288445 489559 0 202835 0 0 0
1791048569 3015, 13801, 60, 0x0000000000000000 | 22.75 15.53 14.33 | cpu  70386557 1023 13793814 2620312393 489559 0 202836 0 0 0
1791048571 3015, 13801, 61, 0x0000000000000000 | 22.75 15.53 14.33 | cpu  70388040 1023 13793886 2620336037 489559 0 202836 0 0 0
1791048572 3015, 13801, 59, 0x0000000000000000 | 22.75 15.53 14.33 | cpu  70389830 1023 13793935 2620359190 489561 0 202836 0 0 0
1791048573 2992, 13801, 60, 0x0000000000000000 | 21.25 15.34 14.28 | cpu  70390554 1023 13794165 2620383331 489572 0 202839 0 0 0
1791048574 3022, 13801, 59, 0x0000000000000000 | 21.25 15.34 14.28 | cpu  70391312 1023 13794215 2620407516 489572 0 202839 0 0 0
1791048575 3037, 13801, 54, 0x0000000000000000 | 21.25 15.34 14.28 | cpu  70392068 1023 13794267 2620431477 489572 0 202840 0 0 0
1791048576 3037, 13801, 53, 0x0000000000000000 | 21.25 15.34 14.28 | cpu  70392945 1023 13794334 2620456479 489572 0 202841 0 0 0
1791048577 3015, 13801, 60, 0x0000000000000000 | 19.95 15.17 14.23 | cpu  70393768 1023 13795059 2620479958 489572 0 202841 0 0 0
1791048578 3022, 13801, 59, 0x0000000000000000 | 19.95 15.17 14.23 | cpu  70394737 1023 13795100 2620504461 489588 0 202842 0 0 0
1791048580 3015, 13801, 60, 0x0000000000000000 | 19.95 15.17 14.23 | cpu  70395430 1023 13795154 2620528138 489588 0 202842 0 0 0
1791048581 3015, 13801, 59, 0x0000000000000000 | 19.95 15.17 14.23 | cpu  70396212 1023 13795224 2620552460 489588 0 202842 0 0 0
1791048582 3022, 13801, 59, 0x0000000000000000 | 19.95 15.17 14.23 | cpu  70397033 1023 13795283 2620578037 489588 0 202842 0 0 0
1791048583 3022, 13801, 58, 0x0000000000000000 | 18.75 15.00 14.18 | cpu  70398170 1023 13795500 2620601864 489590 0 202842 0 0 0
1791048584 3015, 13801, 59, 0x0000000000000000 | 18.75 15.00 14.18 | cpu  70399771 1023 13795563 2620625442 489590 0 202843 0 0 0
1791048585 3000, 13801, 60, 0x0000000000000000 | 18.75 15.00 14.18 | cpu  70402676 1023 13795680 2620647382 489590 0 202843 0 0 0
1791048586 3000, 13801, 60, 0x0000000000000000 | 18.75 15.00 14.18 | cpu  70404331 1023 13795733 2620670857 489591 0 202843 0 0 0
1791048587 3000, 13801, 60, 0x0000000000000000 | 17.65 14.83 14.13 | cpu  70405510 1023 13795780 2620695529 489591 0 202843 0 0 0
1791048589 3007, 13801, 59, 0x0000000000000000 | 17.65 14.83 14.13 | cpu  70407034 1023 13795844 2620719414 489593 0 202843 0 0 0
1791048590 3022, 13801, 59, 0x0000000000000000 | 17.65 14.83 14.13 | cpu  70407874 1023 13795899 2620743508 489593 0 202843 0 0 0
1791048591 3007, 13801, 59, 0x0000000000000000 | 17.65 14.83 14.13 | cpu  70410286 1023 13795950 2620765927 489595 0 202844 0 0 0
1791048592 3022, 13801, 58, 0x0000000000000000 | 17.65 14.83 14.13 | cpu  70410636 1023 13795975 2620790564 489595 0 202849 0 0 0
1791048593 3022, 13801, 59, 0x0000000000000000 | 16.48 14.64 14.07 | cpu  70411409 1024 13796021 2620815145 489595 0 202850 0 0 0
1791048594 3022, 13801, 60, 0x0000000000000000 | 16.48 14.64 14.07 | cpu  70412180 1024 13796072 2620840127 489597 0 202852 0 0 0
1791048595 3022, 13801, 59, 0x0000000000000000 | 16.48 14.64 14.07 | cpu  70412886 1024 13796142 2620863991 489597 0 202852 0 0 0
1791048597 3015, 13801, 59, 0x0000000000000000 | 16.48 14.64 14.07 | cpu  70413740 1024 13796190 2620888622 489597 0 202853 0 0 0
1791048598 3022, 13801, 59, 0x0000000000000000 | 15.48 14.46 14.01 | cpu  70414193 1024 13796226 2620913972 489597 0 202854 0 0 0
1791048599 3022, 13801, 55, 0x0000000000000000 | 15.48 14.46 14.01 | cpu  70415279 1024 13796390 2620937694 489601 0 202856 0 0 0
1791048600 3007, 13801, 61, 0x0000000000000000 | 15.48 14.46 14.01 | cpu  70415959 1024 13796494 2620961792 489603 0 202857 0 0 0
1791048601 3022, 13801, 59, 0x0000000000000000 | 15.48 14.46 14.01 | cpu  70416813 1024 13796554 2620986648 489603 0 202857 0 0 0
1791048602 3022, 13801, 59, 0x0000000000000000 | 15.48 14.46 14.01 | cpu  70417680 1024 13796677 2621010846 489603 0 202858 0 0 0
1791048603 3007, 13801, 59, 0x0000000000000000 | 14.72 14.32 13.97 | cpu  70418642 1024 13796760 2621034752 489604 0 202858 0 0 0
1791048604 3022, 13801, 58, 0x0000000000000000 | 14.72 14.32 13.97 | cpu  70419198 1024 13796814 2621059138 489606 0 202858 0 0 0
1791048606 3022, 13801, 59, 0x0000000000000000 | 14.72 14.32 13.97 | cpu  70419940 1024 13796862 2621083518 489608 0 202858 0 0 0
1791048607 3015, 13801, 59, 0x0000000000000000 | 14.72 14.32 13.97 | cpu  70420946 1024 13796918 2621107016 489608 0 202859 0 0 0
1791048608 2992, 13801, 62, 0x0000000000000000 | 13.78 14.13 13.91 | cpu  70421565 1024 13796974 2621131024 489608 0 202861 0 0 0
1791048609 3007, 13801, 60, 0x0000000000000000 | 13.78 14.13 13.91 | cpu  70422358 1024 13797027 2621155122 489608 0 202862 0 0 0
1791048610 3015, 13801, 59, 0x0000000000000000 | 13.78 14.13 13.91 | cpu  70422936 1024 13797084 2621179476 489608 0 202862 0 0 0
1791048611 3000, 13801, 60, 0x0000000000000000 | 13.78 14.13 13.91 | cpu  70426136 1024 13797173 2621201614 489608 0 202863 0 0 0
1791048612 3007, 13801, 60, 0x0000000000000000 | 13.00 13.96 13.86 | cpu  70427324 1024 13797217 2621225400 489612 0 202863 0 0 0
1791048613 3022, 13801, 59, 0x0000000000000000 | 13.00 13.96 13.86 | cpu  70428111 1024 13797265 2621248922 489612 0 202863 0 0 0
1791048614 3007, 13801, 61, 0x0000000000000000 | 13.00 13.96 13.86 | cpu  70429515 1024 13797290 2621273152 489612 0 202863 0 0 0
1791048616 3015, 13801, 60, 0x0000000000000000 | 13.00 13.96 13.86 | cpu  70430653 1024 13797333 2621296130 489613 0 202864 0 0 0
1791048617 3015, 13801, 60, 0x0000000000000000 | 13.00 13.96 13.86 | cpu  70431345 1024 13797406 2621319856 489613 0 202864 0 0 0
1791048618 3022, 13801, 59, 0x0000000000000000 | 12.27 13.80 13.81 | cpu  70433780 1024 13797464 2621341513 489615 0 202864 0 0 0
1791048619 3015, 13801, 59, 0x0000000000000000 | 12.27 13.80 13.81 | cpu  70434490 1024 13797501 2621365821 489615 0 202866 0 0 0
1791048620 3007, 13801, 59, 0x0000000000000000 | 12.27 13.80 13.81 | cpu  70434722 1024 13797523 2621391027 489616 0 202866 0 0 0
1791048621 3000, 13801, 60, 0x0000000000000000 | 12.27 13.80 13.81 | cpu  70435052 1024 13797554 2621415819 489616 0 202877 0 0 0
1791048622 3015, 13801, 60, 0x0000000000000000 | 11.77 13.67 13.76 | cpu  70435461 1024 13797616 2621441349 489616 0 202882 0 0 0
1791048623 3007, 13801, 61, 0x0000000000000000 | 11.77 13.67 13.76 | cpu  70435822 1024 13797693 2621466126 489619 0 202886 0 0 0
1791048624 3022, 13801, 60, 0x0000000000000000 | 11.77 13.67 13.76 | cpu  70436583 1024 13797724 2621490264 489619 0 202886 0 0 0
1791048626 3022, 13801, 59, 0x0000000000000000 | 11.77 13.67 13.76 | cpu  70437273 1024 13797778 2621513992 489619 0 202889 0 0 0
1791048627 3015, 13801, 60, 0x0000000000000000 | 11.77 13.67 13.76 | cpu  70438102 1024 13797834 2621538205 489620 0 202889 0 0 0
1791048628 3007, 13801, 59, 0x0000000000000000 | 11.15 13.51 13.71 | cpu  70438820 1024 13797885 2621562564 489623 0 202890 0 0 0
1791048629 3015, 13801, 55, 0x0000000000000000 | 11.15 13.51 13.71 | cpu  70439445 1024 13797916 2621586880 489624 0 202893 0 0 0
1791048630 3015, 13801, 59, 0x0000000000000000 | 11.15 13.51 13.71 | cpu  70439684 1024 13797963 2621611959 489624 0 202893 0 0 0
1791048631 3030, 13801, 58, 0x0000000000000000 | 11.15 13.51 13.71 | cpu  70439966 1024 13797986 2621636988 489624 0 202894 0 0 0
1791048632 3037, 13801, 54, 0x0000000000000000 | 11.14 13.47 13.70 | cpu  70441454 1024 13798070 2621660411 489624 0 202895 0 0 0
1791048633 3037, 13801, 53, 0x0000000000000000 | 11.14 13.47 13.70 | cpu  70442985 1024 13798393 2621682595 489626 0 202897 0 0 0
1791048635 2647, 13801, 52, 0x0000000000000000 | 11.14 13.47 13.70 | cpu  70445141 1024 13798592 2621704757 489626 0 202898 0 0 0
1791048636 2647, 13801, 51, 0x0000000000000000 | 11.14 13.47 13.70 | cpu  70446273 1024 13798793 2621727834 489626 0 202899 0 0 0
1791048637 2647, 13801, 51, 0x0000000000000000 | 11.14 13.47 13.70 | cpu  70448075 1024 13798854 2621750195 489626 0 202902 0 0 0
1791048638 3007, 13801, 58, 0x0000000000000000 | 10.65 13.33 13.65 | cpu  70449486 1024 13798920 2621773748 489627 0 202908 0 0 0
1791048639 3022, 13801, 56, 0x0000000000000000 | 10.65 13.33 13.65 | cpu  70450205 1024 13798960 2621797668 489629 0 202909 0 0 0
1791048640 3000, 13801, 59, 0x0000000000000000 | 10.65 13.33 13.65 | cpu  70451352 1024 13799013 2621821391 489629 0 202913 0 0 0
1791048641 3015, 13801, 59, 0x0000000000000000 | 10.65 13.33 13.65 | cpu  70453521 1024 13799085 2621843400 489629 0 202914 0 0 0
1791048642 3007, 13801, 59, 0x0000000000000000 | 10.65 13.33 13.65 | cpu  70454306 1024 13799134 2621867067 489629 0 202916 0 0 0
1791048643 3022, 13801, 57, 0x0000000000000000 | 10.19 13.19 13.60 | cpu  70454971 1024 13799176 2621891738 489629 0 202918 0 0 0
1791048644 3015, 13801, 58, 0x0000000000000000 | 10.19 13.19 13.60 | cpu  70455826 1024 13799217 2621915915 489630 0 202918 0 0 0
1791048646 3015, 13801, 58, 0x0000000000000000 | 10.19 13.19 13.60 | cpu  70456555 1024 13799284 2621940081 489630 0 202918 0 0 0
1791048647 3015, 13801, 58, 0x0000000000000000 | 10.19 13.19 13.60 | cpu  70457427 1024 13799400 2621964489 489630 0 202924 0 0 0
1791048648 3015, 13801, 58, 0x0000000000000000 | 9.70 13.03 13.55 | cpu  70458258 1024 13799493 2621988639 489630 0 202925 0 0 0
1791048649 3015, 13801, 58, 0x0000000000000000 | 9.70 13.03 13.55 | cpu  70458614 1024 13799524 2622013275 489632 0 202925 0 0 0
1791048650 3030, 13801, 58, 0x0000000000000000 | 9.70 13.03 13.55 | cpu  70458840 1024 13799546 2622037661 489632 0 202925 0 0 0
1791048651 3015, 13801, 59, 0x0000000000000000 | 9.70 13.03 13.55 | cpu  70459076 1024 13799566 2622062630 489632 0 202929 0 0 0
1791048652 3022, 13801, 59, 0x0000000000000000 | 9.32 12.90 13.50 | cpu  70459304 1024 13799594 2622087521 489632 0 202929 0 0 0
1791048653 3007, 13801, 60, 0x0000000000000000 | 9.32 12.90 13.50 | cpu  70462300 1024 13799681 2622108573 489635 0 202929 0 0 0
1791048654 3007, 13801, 61, 0x0000000000000000 | 9.32 12.90 13.50 | cpu  70464414 1024 13799756 2622131880 489635 0 202930 0 0 0
1791048656 3007, 13801, 60, 0x0000000000000000 | 9.32 12.90 13.50 | cpu  70465889 1024 13799833 2622155492 489635 0 202932 0 0 0
1791048657 3000, 13801, 60, 0x0000000000000000 | 9.32 12.90 13.50 | cpu  70467863 1024 13799877 2622178349 489635 0 202932 0 0 0
1791048658 3015, 13801, 59, 0x0000000000000000 | 8.89 12.75 13.45 | cpu  70468820 1024 13799912 2622202389 489635 0 202932 0 0 0
1791048659 3007, 13801, 60, 0x0000000000000000 | 8.89 12.75 13.45 | cpu  70469515 1024 13799970 2622226639 489635 0 202933 0 0 0
1791048660 3007, 13801, 59, 0x0000000000000000 | 8.89 12.75 13.45 | cpu  70471946 1024 13800020 2622248132 489635 0 202934 0 0 0
1791048661 3000, 13801, 60, 0x0000000000000000 | 8.89 12.75 13.45 | cpu  70472622 1024 13800083 2622272316 489635 0 202934 0 0 0
1791048662 3015, 13801, 55, 0x0000000000000000 | 8.89 12.75 13.45 | cpu  70473428 1024 13800151 2622296358 489636 0 202934 0 0 0
1791048663 3022, 13801, 58, 0x0000000000000000 | 8.50 12.61 13.40 | cpu  70474351 1024 13800924 2622319424 489638 0 202936 0 0 0
1791048664 3022, 13801, 59, 0x0000000000000000 | 8.50 12.61 13.40 | cpu  70475672 1024 13801002 2622342601 489638 0 202940 0 0 0
1791048666 3015, 13801, 58, 0x0000000000000000 | 8.50 12.61 13.40 | cpu  70476503 1024 13801054 2622366572 489639 0 202941 0 0 0
1791048667 3015, 13801, 59, 0x0000000000000000 | 8.50 12.61 13.40 | cpu  70477542 1024 13801433 2622390637 489643 0 202943 0 0 0
1791048668 3022, 13801, 59, 0x0000000000000000 | 8.06 12.45 13.35 | cpu  70478352 1024 13801474 2622415355 489643 0 202943 0 0 0
1791048669 3015, 13801, 59, 0x0000000000000000 | 8.06 12.45 13.35 | cpu  70478674 1024 13801503 2622440072 489643 0 202943 0 0 0
1791048670 3000, 13801, 60, 0x0000000000000000 | 8.06 12.45 13.35 | cpu  70479382 1024 13801538 2622464394 489647 0 202944 0 0 0
1791048671 3007, 13801, 60, 0x0000000000000000 | 8.06 12.45 13.35 | cpu  70480104 1024 13801587 2622488102 489647 0 202945 0 0 0
1791048672 3007, 13801, 60, 0x0000000000000000 | 7.90 12.34 13.31 | cpu  70480811 1024 13801642 2622512986 489647 0 202947 0 0 0
1791048673 3015, 13801, 59, 0x0000000000000000 | 7.90 12.34 13.31 | cpu  70481621 1024 13801722 2622537577 489647 0 202948 0 0 0
1791048675 3022, 13801, 58, 0x0000000000000000 | 7.90 12.34 13.31 | cpu  70481929 1024 13801748 2622562215 489647 0 202954 0 0 0
1791048676 3015, 13801, 59, 0x0000000000000000 | 7.90 12.34 13.31 | cpu  70482160 1024 13801769 2622586755 489650 0 202955 0 0 0
1791048677 3000, 13801, 60, 0x0000000000000000 | 7.90 12.34 13.31 | cpu  70485244 1024 13801870 2622608197 489651 0 202955 0 0 0
1791048678 3015, 13801, 60, 0x0000000000000000 | 16.47 14.04 13.85 | cpu  70486424 1025 13801982 2622632124 489651 0 202956 0 0 0
1791048679 3000, 13801, 60, 0x0000000000000000 | 16.47 14.04 13.85 | cpu  70488217 1025 13802032 2622655175 489652 0 202958 0 0 0
1791048680 3000, 13801, 60, 0x0000000000000000 | 16.47 14.04 13.85 | cpu  70489681 1025 13802089 2622678602 489652 0 202959 0 0 0
1791048681 3015, 13801, 59, 0x0000000000000000 | 16.47 14.04 13.85 | cpu  70490580 1025 13802135 2622702268 489654 0 202961 0 0 0
1791048682 3007, 13801, 60, 0x0000000000000000 | 15.47 13.88 13.80 | cpu  70491782 1025 13802172 2622726254 489656 0 202967 0 0 0
1791048683 3022, 13801, 58, 0x0000000000000000 | 15.47 13.88 13.80 | cpu  70493894 1025 13802219 2622749397 489656 0 202968 0 0 0
1791048685 3022, 13801, 59, 0x0000000000000000 | 15.47 13.88 13.80 | cpu  70494452 1025 13802279 2622773019 489656 0 202969 0 0 0
1791048686 3022, 13801, 59, 0x0000000000000000 | 15.47 13.88 13.80 | cpu  70495178 1025 13802332 2622797766 489656 0 202971 0 0 0
1791048687 3000, 13801, 61, 0x0000000000000000 | 15.47 13.88 13.80 | cpu  70495826 1025 13802384 2622822063 489659 0 202971 0 0 0
1791048688 3015, 13801, 56, 0x0000000000000000 | 14.47 13.70 13.74 | cpu  70496160 1025 13802403 2622846181 489659 0 202974 0 0 0
1791048689 3022, 13801, 58, 0x0000000000000000 | 14.47 13.70 13.74 | cpu  70497048 1025 13802440 2622869424 489659 0 202977 0 0 0
1791048690 3015, 13801, 58, 0x0000000000000000 | 14.47 13.70 13.74 | cpu  70497768 1025 13802494 2622893699 489661 0 202978 0 0 0
1791048691 2992, 13801, 61, 0x0000000000000000 | 14.47 13.70 13.74 | cpu  70498505 1025 13802541 2622918098 489661 0 202978 0 0 0
1791048692 3007, 13801, 60, 0x0000000000000000 | 31.09 17.15 14.86 | cpu  70499982 1025 13802613 2622940842 489662 0 202980 0 0 0
1791048693 3015, 13801, 60, 0x0000000000000000 | 31.09 17.15 14.86 | cpu  70502219 1025 13802887 2622963844 489664 0 202983 0 0 0
1791048695 3015, 13801, 60, 0x0000000000000000 | 31.09 17.15 14.86 | cpu  70504815 1025 13803188 2622986321 489665 0 202985 0 0 0
1791048696 3015, 13801, 59, 0x0000000000000000 | 31.09 17.15 14.86 | cpu  70505538 1025 13803396 2623010526 489665 0 202987 0 0 0
1791048697 3015, 13801, 58, 0x0000000000000000 | 31.09 17.15 14.86 | cpu  70507075 1025 13803511 2623034125 489665 0 202987 0 0 0
1791048698 3000, 13801, 60, 0x0000000000000000 | 29.00 16.95 14.81 | cpu  70508518 1025 13803576 2623058427 489669 0 202987 0 0 0
1791048699 3022, 13801, 58, 0x0000000000000000 | 29.00 16.95 14.81 | cpu  70508882 1025 13803605 2623083824 489670 0 202988 0 0 0
1791048700 3015, 13801, 59, 0x0000000000000000 | 29.00 16.95 14.81 | cpu  70510346 1025 13803726 2623107689 489670 0 202989 0 0 0
1791048701 3022, 13801, 59, 0x0000000000000000 | 29.00 16.95 14.81 | cpu  70512325 1025 13803788 2623129659 489670 0 202989 0 0 0
1791048703 3015, 13801, 60, 0x0000000000000000 | 26.92 16.72 14.74 | cpu  70513031 1025 13803850 2623153890 489670 0 202989 0 0 0
1791048704 3007, 13801, 60, 0x0000000000000000 | 26.92 16.72 14.74 | cpu  70513705 1025 13803889 2623178208 489671 0 202990 0 0 0
1791048705 3022, 13801, 59, 0x0000000000000000 | 26.92 16.72 14.74 | cpu  70514470 1025 13803921 2623202614 489671 0 202990 0 0 0
1791048706 3007, 13801, 59, 0x0000000000000000 | 26.92 16.72 14.74 | cpu  70515160 1025 13803974 2623226938 489673 0 202991 0 0 0
1791048707 3007, 13801, 59, 0x0000000000000000 | 26.92 16.72 14.74 | cpu  70515964 1025 13804029 2623251170 489673 0 202991 0 0 0
1791048708 3007, 13801, 61, 0x0000000000000000 | 25.17 16.53 14.69 | cpu  70516655 1025 13804094 2623275365 489675 0 202991 0 0 0
1791048709 3007, 13801, 61, 0x0000000000000000 | 25.17 16.53 14.69 | cpu  70517328 1025 13804167 2623299996 489675 0 202992 0 0 0
1791048710 3007, 13801, 60, 0x0000000000000000 | 25.17 16.53 14.69 | cpu  70517668 1025 13804201 2623324643 489675 0 202992 0 0 0
1791048711 3000, 13801, 61, 0x0000000000000000 | 25.17 16.53 14.69 | cpu  70518188 1025 13804294 2623348696 489675 0 202993 0 0 0
1791048713 3007, 13801, 61, 0x0000000000000000 | 23.39 16.30 14.63 | cpu  70518432 1025 13804316 2623373466 489675 0 202994 0 0 0
1791048714 3007, 13801, 60, 0x0000000000000000 | 23.39 16.30 14.63 | cpu  70522161 1025 13804471 2623395036 489679 0 202996 0 0 0
1791048715 3000, 13801, 60, 0x0000000000000000 | 23.39 16.30 14.63 | cpu  70523708 1025 13804581 2623419360 489679 0 202997 0 0 0
1791048716 3007, 13801, 59, 0x0000000000000000 | 23.39 16.30 14.63 | cpu  70525122 1025 13804633 2623442416 489679 0 202998 0 0 0
1791048717 3007, 13801, 61, 0x0000000000000000 | 23.39 16.30 14.63 | cpu  70526379 1025 13804710 2623465284 489685 0 202999 0 0 0
1791048718 3015, 13801, 61, 0x0000000000000000 | 22.00 16.13 14.58 | cpu  70527074 1025 13804744 2623489661 489685 0 203008 0 0 0
1791048719 3022, 13801, 59, 0x0000000000000000 | 22.00 16.13 14.58 | cpu  70528524 1025 13804788 2623512809 489687 0 203010 0 0 0
1791048720 3022, 13801, 58, 0x0000000000000000 | 22.00 16.13 14.58 | cpu  70530763 1025 13805278 2623535533 489687 0 203011 0 0 0
1791048722 3015, 13801, 59, 0x0000000000000000 | 22.00 16.13 14.58 | cpu  70531764 1025 13805348 2623559812 489687 0 203016 0 0 0
1791048723 3015, 13801, 59, 0x0000000000000000 | 20.88 15.99 14.55 | cpu  70532786 1025 13805420 2623584978 489692 0 203019 0 0 0
1791048724 3015, 13801, 59, 0x0000000000000000 | 20.88 15.99 14.55 | cpu  70534079 1025 13806477 2623607167 489703 0 203023 0 0 0
1791048725 3000, 13801, 60, 0x0000000000000000 | 20.88 15.99 14.55 | cpu  70534541 1025 13806556 2623631647 489703 0 203024 0 0 0
1791048726 3000, 13801, 60, 0x0000000000000000 | 20.88 15.99 14.55 | cpu  70534925 1025 13806661 2623656383 489705 0 203024 0 0 0
1791048727 3000, 13801, 61, 0x0000000000000000 | 20.88 15.99 14.55 | cpu  70535338 1025 13806769 2623680537 489705 0 203048 0 0 0
1791048728 3015, 13801, 60, 0x0000000000000000 | 19.68 15.83 14.50 | cpu  70536218 1025 13807449 2623703845 489705 0 203050 0 0 0
1791048729 3007, 13801, 60, 0x0000000000000000 | 19.68 15.83 14.50 | cpu  70536993 1025 13807562 2623727854 489717 0 203051 0 0 0
1791048731 3022, 13801, 59, 0x0000000000000000 | 19.68 15.83 14.50 | cpu  70537899 1025 13807669 2623752259 489719 0 203052 0 0 0
1791048732 3015, 13801, 59, 0x0000000000000000 | 19.68 15.83 14.50 | cpu  70538709 1025 13807738 2623776620 489720 0 203052 0 0 0
1791048733 3000, 13801, 61, 0x0000000000000000 | 18.27 15.60 14.43 | cpu  70538993 1025 13807766 2623801808 489720 0 203052 0 0 0
1791048734 3015, 13801, 59, 0x0000000000000000 | 18.27 15.60 14.43 | cpu  70540592 1025 13807841 2623825243 489720 0 203055 0 0 0
1791048735 3015, 13801, 59, 0x0000000000000000 | 18.27 15.60 14.43 | cpu  70543394 1025 13807929 2623846383 489724 0 203056 0 0 0
1791048736 3007, 13801, 60, 0x0000000000000000 | 18.27 15.60 14.43 | cpu  70544663 1026 13808010 2623870191 489726 0 203056 0 0 0
1791048737 3007, 13801, 60, 0x0000000000000000 | 18.27 15.60 14.43 | cpu  70545805 1026 13808061 2623893579 489726 0 203056 0 0 0
1791048738 3022, 13801, 60, 0x0000000000000000 | 17.21 15.42 14.38 | cpu  70547044 1026 13808096 2623916828 489726 0 203056 0 0 0
1791048739 3000, 13801, 60, 0x0000000000000000 | 17.21 15.42 14.38 | cpu  70547974 1026 13808146 2623940847 489726 0 203056 0 0 0
1791048741 3007, 13801, 60, 0x0000000000000000 | 17.21 15.42 14.38 | cpu  70550025 1026 13808207 2623963854 489726 0 203056 0 0 0
1791048742 3007, 13801, 59, 0x0000000000000000 | 17.21 15.42 14.38 | cpu  70551047 1026 13808265 2623987474 489729 0 203060 0 0 0
1791048743 3007, 13801, 59, 0x0000000000000000 | 16.07 15.22 14.32 | cpu  70551795 1026 13808335 2624011593 489729 0 203062 0 0 0
1791048744 3015, 13801, 60, 0x0000000000000000 | 16.07 15.22 14.32 | cpu  70552496 1026 13808372 2624035453 489729 0 203063 0 0 0
1791048745 3015, 13801, 59, 0x0000000000000000 | 16.07 15.22 14.32 | cpu  70553313 1026 13808428 2624059598 489729 0 203070 0 0 0
1791048746 3015, 13801, 60, 0x0000000000000000 | 16.07 15.22 14.32 | cpu  70554000 1026 13808472 2624083778 489732 0 203072 0 0 0
1791048747 3007, 13801, 60, 0x0000000000000000 | 16.07 15.22 14.32 | cpu  70554936 1026 13808527 2624107666 489733 0 203072 0 0 0
1791048748 3022, 13801, 59, 0x0000000000000000 | 15.10 15.03 14.26 | cpu  70555845 1026 13808586 2624132087 489733 0 203074 0 0 0
1791048749 3015, 13801, 59, 0x0000000000000000 | 15.10 15.03 14.26 | cpu  70556714 1026 13808640 2624156124 489733 0 203075 0 0 0
1791048751 3015, 13801, 59, 0x0000000000000000 | 15.10 15.03 14.26 | cpu  70557283 1026 13808702 2624180938 489733 0 203076 0 0 0
1791048752 3007, 13801, 60, 0x0000000000000000 | 15.10 15.03 14.26 | cpu  70558070 1026 13808742 2624205055 489733 0 203076 0 0 0
1791048753 3007, 13801, 57, 0x0000000000000000 | 14.13 14.83 14.20 | cpu  70558392 1026 13808775 2624229142 489735 0 203077 0 0 0
1791048754 3030, 13801, 58, 0x0000000000000000 | 14.13 14.83 14.20 | cpu  70558613 1026 13808797 2624253397 489735 0 203077 0 0 0
1791048755 3015, 13801, 59, 0x0000000000000000 | 14.13 14.83 14.20 | cpu  70559576 1026 13808855 2624277834 489735 0 203080 0 0 0
1791048756 3015, 13801, 59, 0x0000000000000000 | 14.13 14.83 14.20 | cpu  70562177 1026 13809100 2624300327 489736 0 203080 0 0 0
1791048757 3015, 13801, 59, 0x0000000000000000 | 14.13 14.83 14.20 | cpu  70564180 1026 13809174 2624323235 489738 0 203081 0 0 0
1791048758 3015, 13801, 58, 0x0000000000000000 | 22.21 16.49 14.75 | cpu  70565944 1026 13809266 2624345480 489740 0 203081 0 0 0
1791048759 3007, 13801, 60, 0x0000000000000000 | 22.21 16.49 14.75 | cpu  70566871 1026 13809315 2624369215 489740 0 203084 0 0 0
1791048761 3007, 13801, 60, 0x0000000000000000 | 22.21 16.49 14.75 | cpu  70567231 1026 13809342 2624394675 489742 0 203084 0 0 0
1791048762 3022, 13801, 59, 0x0000000000000000 | 22.21 16.49 14.75 | cpu  70568326 1026 13809390 2624419020 489742 0 203086 0 0 0
1791048763 3022, 13801, 58, 0x0000000000000000 | 32.28 18.68 15.46 | cpu  70570728 1026 13809467 2624442046 489744 0 203086 0 0 0
1791048764 3022, 13801, 58, 0x0000000000000000 | 32.28 18.68 15.46 | cpu  70571503 1026 13809523 2624466638 489745 0 203086 0 0 0
1791048765 3000, 13801, 59, 0x0000000000000000 | 32.28 18.68 15.46 | cpu  70572285 1026 13809574 2624490914 489745 0 203087 0 0 0
1791048766 3030, 13801, 58, 0x0000000000000000 | 32.28 18.68 15.46 | cpu  70572691 1026 13809614 2624515864 489745 0 203087 0 0 0
1791048767 3000, 13801, 59, 0x0000000000000000 | 30.10 18.45 15.40 | cpu  70573025 1026 13809646 2624540375 489747 0 203088 0 0 0
1791048769 3015, 13801, 59, 0x0000000000000000 | 30.10 18.45 15.40 | cpu  70573360 1026 13809673 2624564714 489749 0 203088 0 0 0
1791048770 2985, 13801, 61, 0x0000000000000000 | 30.10 18.45 15.40 | cpu  70574194 1026 13809707 2624588909 489749 0 203088 0 0 0
1791048771 3007, 13801, 61, 0x0000000000000000 | 30.10 18.45 15.40 | cpu  70574880 1026 13809764 2624613172 489749 0 203089 0 0 0
1791048772 3022, 13801, 58, 0x0000000000000000 | 30.10 18.45 15.40 | cpu  70575612 1026 13809814 2624637352 489749 0 203091 0 0 0
1791048773 3007, 13801, 60, 0x0000000000000000 | 27.93 18.19 15.34 | cpu  70576214 1026 13809884 2624661664 489751 0 203092 0 0 0
1791048774 3015, 13801, 59, 0x0000000000000000 | 27.93 18.19 15.34 | cpu  70576824 1026 13809919 2624686035 489753 0 203092 0 0 0
1791048775 3015, 13801, 60, 0x0000000000000000 | 27.93 18.19 15.34 | cpu  70577644 1026 13810048 2624709292 489753 0 203093 0 0 0
1791048776 3022, 13801, 59, 0x0000000000000000 | 27.93 18.19 15.34 | cpu  70578361 1026 13810105 2624733048 489754 0 203094 0 0 0
1791048777 3022, 13801, 59, 0x0000000000000000 | 26.09 17.97 15.28 | cpu  70582188 1026 13810344 2624754275 489754 0 203095 0 0 0
1791048779 3015, 13801, 60, 0x0000000000000000 | 26.09 17.97 15.28 | cpu  70583758 1026 13810918 2624776401 489760 0 203095 0 0 0
1791048780 3022, 13801, 58, 0x0000000000000000 | 26.09 17.97 15.28 | cpu  70585170 1026 13810951 2624799996 489760 0 203095 0 0 0
1791048781 3015, 13801, 59, 0x0000000000000000 | 26.09 17.97 15.28 | cpu  70586675 1026 13811440 2624822812 489760 0 203096 0 0 0
1791048782 3007, 13801, 60, 0x0000000000000000 | 26.09 17.97 15.28 | cpu  70587492 1026 13811496 2624846421 489760 0 203096 0 0 0
1791048783 3022, 13801, 58, 0x0000000000000000 | 24.32 17.74 15.22 | cpu  70589192 1026 13811578 2624870274 489760 0 203096 0 0 0
1791048784 3015, 13801, 59, 0x0000000000000000 | 24.32 17.74 15.22 | cpu  70590847 1026 13811636 2624892647 489762 0 203096 0 0 0
1791048785 3007, 13801, 61, 0x0000000000000000 | 24.32 17.74 15.22 | cpu  70591532 1026 13811702 2624916847 489762 0 203097 0 0 0
1791048786 3022, 13801, 59, 0x0000000000000000 | 24.32 17.74 15.22 | cpu  70592114 1026 13811766 2624940705 489765 0 203097 0 0 0
1791048787 3015, 13801, 60, 0x0000000000000000 | 24.32 17.74 15.22 | cpu  70593066 1026 13811824 2624964513 489765 0 203100 0 0 0
1791048788 3022, 13801, 59, 0x0000000000000000 | 22.77 17.53 15.17 | cpu  70593459 1026 13811864 2624989102 489767 0 203100 0 0 0
1791048790 3015, 13801, 60, 0x0000000000000000 | 22.77 17.53 15.17 | cpu  70593874 1026 13811894 2625013537 489767 0 203101 0 0 0
1791048791 3015, 13801, 59, 0x0000000000000000 | 22.77 17.53 15.17 | cpu  70594684 1026 13811924 2625037650 489767 0 203102 0 0 0
1791048792 3037, 13801, 53, 0x0000000000000000 | 22.77 17.53 15.17 | cpu  70595392 1026 13811988 2625061644 489767 0 203102 0 0 0
1791048793 3007, 13801, 59, 0x0000000000000000 | 21.27 17.30 15.11 | cpu  70596114 1026 13812045 2625085928 489767 0 203103 0 0 0
1791048794 3015, 13801, 58, 0x0000000000000000 | 21.27 17.30 15.11 | cpu  70596716 1026 13812108 2625110826 489771 0 203104 0 0 0
1791048795 3022, 13801, 59, 0x0000000000000000 | 21.27 17.30 15.11 | cpu  70597880 1026 13812164 2625134324 489771 0 203106 0 0 0
1791048796 3007, 13801, 58, 0x0000000000000000 | 21.27 17.30 15.11 | cpu  70598452 1026 13812238 2625158267 489773 0 203108 0 0 0
1791048797 3022, 13801, 59, 0x0000000000000000 | 19.97 17.10 15.05 | cpu  70599175 1026 13812296 2625182527 489773 0 203108 0 0 0
1791048799 3007, 13801, 59, 0x0000000000000000 | 19.97 17.10 15.05 | cpu  70599796 1026 13812364 2625207178 489773 0 203110 0 0 0
1791048800 3015, 13801, 58, 0x0000000000000000 | 19.97 17.10 15.05 | cpu  70603483 1026 13812487 2625228799 489773 0 203113 0 0 0
1791048801 3022, 13801, 58, 0x0000000000000000 | 19.97 17.10 15.05 | cpu  70605646 1026 13812562 2625251146 489773 0 203113 0 0 0
1791048802 3022, 13801, 58, 0x0000000000000000 | 19.97 17.10 15.05 | cpu  70607341 1026 13812624 2625273610 489775 0 203114 0 0 0
1791048803 3007, 13801, 59, 0x0000000000000000 | 18.69 16.88 14.99 | cpu  70608717 1026 13812683 2625297195 489775 0 203115 0 0 0
1791048804 3007, 13801, 59, 0x0000000000000000 | 18.69 16.88 14.99 | cpu  70609634 1026 13812737 2625322109 489775 0 203123 0 0 0
1791048805 3022, 13801, 59, 0x0000000000000000 | 18.69 16.88 14.99 | cpu  70609993 1026 13812761 2625346828 489775 0 203124 0 0 0
1791048806 3007, 13801, 60, 0x0000000000000000 | 18.69 16.88 14.99 | cpu  70611948 1026 13812818 2625370111 489775 0 203124 0 0 0
1791048807 3022, 13801, 58, 0x0000000000000000 | 17.35 16.63 14.92 | cpu  70612248 1026 13812872 2625394817 489775 0 203126 0 0 0
1791048809 3015, 13801, 58, 0x0000000000000000 | 17.35 16.63 14.92 | cpu  70612497 1026 13812902 2625419920 489775 0 203127 0 0 0
1791048810 3022, 13801, 59, 0x0000000000000000 | 17.35 16.63 14.92 | cpu  70613606 1026 13812956 2625443609 489776 0 203129 0 0 0
1791048811 3007, 13801, 60, 0x0000000000000000 | 17.35 16.63 14.92 | cpu  70614403 1026 13813022 2625467797 489776 0 203129 0 0 0
1791048812 3022, 13801, 60, 0x0000000000000000 | 17.35 16.63 14.92 | cpu  70615274 1026 13813077 2625491763 489778 0 203129 0 0 0
1791048813 3015, 13801, 60, 0x0000000000000000 | 16.36 16.44 14.87 | cpu  70615914 1026 13813117 2625516058 489778 0 203130 0 0 0
1791048814 3015, 13801, 61, 0x0000000000000000 | 16.36 16.44 14.87 | cpu  70616628 1026 13813156 2625540683 489781 0 203131 0 0 0
1791048815 3022, 13801, 59, 0x0000000000000000 | 16.36 16.44 14.87 | cpu  70617353 1026 13813210 2625564908 489782 0 203131 0 0 0
1791048816 3022, 13801, 58, 0x0000000000000000 | 16.36 16.44 14.87 | cpu  70618151 1026 13813274 2625589531 489783 0 203131 0 0 0
1791048818 3037, 13801, 53, 0x0000000000000000 | 15.45 16.25 14.81 | cpu  70618938 1026 13813352 2625613592 489783 0 203131 0 0 0
1791048819 3007, 13801, 60, 0x0000000000000000 | 15.45 16.25 14.81 | cpu  70619209 1026 13813380 2625637932 489783 0 203134 0 0 0
1791048820 3015, 13801, 59, 0x0000000000000000 | 15.45 16.25 14.81 | cpu  70620061 1026 13813428 2625662017 489785 0 203134 0 0 0
1791048821 3037, 13801, 54, 0x0000000000000000 | 15.45 16.25 14.81 | cpu  70620815 1026 13813491 2625686399 489786 0 203134 0 0 0
1791048822 3000, 13801, 60, 0x0000000000000000 | 15.45 16.25 14.81 | cpu  70621417 1026 13813602 2625710725 489786 0 203136 0 0 0
1791048823 3022, 13801, 60, 0x0000000000000000 | 14.45 16.03 14.75 | cpu  70622156 1026 13813690 2625735043 489788 0 203137 0 0 0
1791048824 3015, 13801, 60, 0x0000000000000000 | 14.45 16.03 14.75 | cpu  70622491 1026 13813715 2625759844 489788 0 203137 0 0 0
1791048825 2992, 13801, 60, 0x0000000000000000 | 14.45 16.03 14.75 | cpu  70622922 1026 13813743 2625783866 489788 0 203137 0 0 0
1791048826 3022, 13801, 59, 0x0000000000000000 | 14.45 16.03 14.75 | cpu  70623147 1026 13813767 2625808222 489788 0 203138 0 0 0
1791048828 3037, 13801, 54, 0x0000000000000000 | 13.54 15.81 14.69 | cpu  70623888 1026 13813842 2625832162 489788 0 203140 0 0 0
1791048829 3022, 13801, 58, 0x0000000000000000 | 13.54 15.81 14.69 | cpu  70624558 1026 13813897 2625856227 489792 0 203141 0 0 0
1791048830 3007, 13801, 59, 0x0000000000000000 | 13.54 15.81 14.69 | cpu  70625142 1026 13813967 2625880598 489792 0 203142 0 0 0
1791048831 3007, 13801, 60, 0x0000000000000000 | 13.54 15.81 14.69 | cpu  70625854 1026 13814013 2625904837 489792 0 203142 0 0 0
1791048832 2992, 13801, 61, 0x0000000000000000 | 13.54 15.81 14.69 | cpu  70626261 1026 13814040 2625929477 489792 0 203142 0 0 0
1791048833 3000, 13801, 59, 0x0000000000000000 | 12.77 15.62 14.63 | cpu  70627124 1026 13814099 2625953464 489793 0 203143 0 0 0
1791048834 3015, 13801, 58, 0x0000000000000000 | 12.77 15.62 14.63 | cpu  70628118 1026 13814541 2625977295 489793 0 203144 0 0 0
1791048835 3022, 13801, 58, 0x0000000000000000 | 12.77 15.62 14.63 | cpu  70628743 1026 13814600 2626001707 489793 0 203145 0 0 0
1791048837 3007, 13801, 60, 0x0000000000000000 | 12.77 15.62 14.63 | cpu  70629630 1026 13814980 2626026377 489793 0 203145 0 0 0
1791048838 3022, 13801, 59, 0x0000000000000000 | 11.99 15.41 14.57 | cpu  70630614 1026 13815159 2626050740 489793 0 203145 0 0 0
1791048839 3015, 13801, 59, 0x0000000000000000 | 11.99 15.41 14.57 | cpu  70631322 1026 13815242 2626075724 489793 0 203147 0 0 0
1791048840 3015, 13801, 59, 0x0000000000000000 | 11.99 15.41 14.57 | cpu  70631920 1026 13815350 2626100650 489793 0 203147 0 0 0
1791048841 3000, 13801, 60, 0x0000000000000000 | 11.99 15.41 14.57 | cpu  70632950 1026 13815412 2626124417 489797 0 203147 0 0 0
1791048842 3007, 13801, 60, 0x0000000000000000 | 11.99 15.41 14.57 | cpu  70633270 1026 13815450 2626148988 489797 0 203148 0 0 0
1791048843 3022, 13801, 58, 0x0000000000000000 | 11.19 15.18 14.50 | cpu  70634073 1026 13815486 2626173166 489797 0 203149 0 0 0
1791048844 3015, 13801, 59, 0x0000000000000000 | 11.19 15.18 14.50 | cpu  70634774 1026 13815536 2626196931 489797 0 203150 0 0 0
1791048846 3015, 13801, 60, 0x0000000000000000 | 11.19 15.18 14.50 | cpu  70635366 1026 13815590 2626221370 489797 0 203150 0 0 0
1791048847 3022, 13801, 58, 0x0000000000000000 | 11.19 15.18 14.50 | cpu  70636224 1026 13815674 2626245112 489798 0 203150 0 0 0
1791048848 3022, 13801, 58, 0x0000000000000000 | 10.53 14.98 14.44 | cpu  70636583 1026 13815706 2626269739 489798 0 203154 0 0 0
1791048849 3015, 13801, 58, 0x0000000000000000 | 10.53 14.98 14.44 | cpu  70637564 1026 13815754 2626293882 489798 0 203155 0 0 0
1791048850 3015, 13801, 60, 0x0000000000000000 | 10.53 14.98 14.44 | cpu  70638298 1026 13815799 2626318069 489798 0 203156 0 0 0
1791048851 3007, 13801, 60, 0x0000000000000000 | 10.53 14.98 14.44 | cpu  70638870 1026 13815865 2626341954 489798 0 203157 0 0 0
1791048852 3000, 13801, 60, 0x0000000000000000 | 10.53 14.98 14.44 | cpu  70640011 1026 13815955 2626366937 489799 0 203158 0 0 0
1791048853 3000, 13801, 60, 0x0000000000000000 | 9.93 14.78 14.38 | cpu  70643946 1026 13816105 2626388095 489799 0 203158 0 0 0
1791048855 3007, 13801, 59, 0x0000000000000000 | 9.93 14.78 14.38 | cpu  70645164 1026 13816600 2626411448 489800 0 203158 0 0 0
1791048856 3007, 13801, 60, 0x0000000000000000 | 9.93 14.78 14.38 | cpu  70647141 1026 13816880 2626433922 489808 0 203161 0 0 0
1791048857 3007, 13801, 60, 0x0000000000000000 | 9.93 14.78 14.38 | cpu  70648327 1026 13817027 2626457047 489810 0 203161 0 0 0
1791048858 3015, 13801, 60, 0x0000000000000000 | 9.46 14.60 14.32 | cpu  70649298 1026 13817064 2626480982 489813 0 203161 0 0 0
1791048859 3015, 13801, 60, 0x0000000000000000 | 9.46 14.60 14.32 | cpu  70650902 1026 13817126 2626504419 489815 0 203161 0 0 0
1791048860 3015, 13801, 58, 0x0000000000000000 | 9.46 14.60 14.32 | cpu  70652461 1026 13817204 2626527909 489815 0 203161 0 0 0
1791048861 3000, 13801, 60, 0x0000000000000000 | 9.46 14.60 14.32 | cpu  70653911 1026 13817273 2626550646 489816 0 203161 0 0 0
1791048862 3007, 13801, 60, 0x0000000000000000 | 9.46 14.60 14.32 | cpu  70655229 1026 13817334 2626575292 489817 0 203166 0 0 0
1791048863 2992, 13801, 61, 0x0000000000000000 | 9.02 14.43 14.26 | cpu  70655579 1026 13817366 2626599978 489817 0 203166 0 0 0
1791048865 3000, 13801, 60, 0x0000000000000000 | 9.02 14.43 14.26 | cpu  70656479 1026 13817401 2626624314 489817 0 203166 0 0 0
1791048866 3000, 13801, 60, 0x0000000000000000 | 9.02 14.43 14.26 | cpu  70656796 1026 13817440 2626648935 489817 0 203166 0 0 0
1791048867 3022, 13801, 59, 0x0000000000000000 | 9.02 14.43 14.26 | cpu  70658806 1026 13817480 2626672501 489819 0 203166 0 0 0
1791048868 3007, 13801, 60, 0x0000000000000000 | 8.62 14.25 14.21 | cpu  70659318 1026 13817505 2626696862 489819 0 203166 0 0 0
1791048869 3015, 13801, 61, 0x0000000000000000 | 8.62 14.25 14.21 | cpu  70659558 1026 13817536 2626721824 489819 0 203167 0 0 0
1791048870 3015, 13801, 60, 0x0000000000000000 | 8.62 14.25 14.21 | cpu  70659788 1026 13817560 2626747076 489819 0 203167 0 0 0
1791048871 3022, 13801, 55, 0x0000000000000000 | 8.62 14.25 14.21 | cpu  70660620 1026 13817603 2626771561 489819 0 203168 0 0 0
1791048872 3007, 13801, 60, 0x0000000000000000 | 8.33 14.10 14.16 | cpu  70661422 1026 13817672 2626795668 489821 0 203169 0 0 0
1791048874 3037, 13801, 53, 0x0000000000000000 | 8.33 14.10 14.16 | cpu  70662297 1026 13817744 2626819773 489822 0 203170 0 0 0
1791048875 3007, 13801, 60, 0x0000000000000000 | 8.33 14.10 14.16 | cpu  70663270 1026 13817802 2626843871 489822 0 203172 0 0 0
1791048876 3015, 13801, 60, 0x0000000000000000 | 8.33 14.10 14.16 | cpu  70664036 1026 13817829 2626868293 489822 0 203174 0 0 0
1791048877 3022, 13801, 59, 0x0000000000000000 | 8.33 14.10 14.16 | cpu  70664740 1026 13817895 2626892624 489822 0 203175 0 0 0
1791048878 3015, 13801, 59, 0x0000000000000000 | 8.22 13.98 14.12 | cpu  70665625 1026 13817960 2626916690 489824 0 203179 0 0 0
1791048879 3007, 13801, 59, 0x0000000000000000 | 8.22 13.98 14.12 | cpu  70666225 1026 13818016 2626941105 489824 0 203179 0 0 0
1791048880 3022, 13801, 60, 0x0000000000000000 | 8.22 13.98 14.12 | cpu  70666868 1026 13818047 2626965390 489824 0 203180 0 0 0
1791048881 3015, 13801, 59, 0x0000000000000000 | 8.22 13.98 14.12 | cpu  70667145 1026 13818071 2626990537 489824 0 203180 0 0 0
1791048883 3022, 13801, 60, 0x0000000000000000 | 7.88 13.82 14.07 | cpu  70668075 1027 13818137 2627014693 489824 0 203180 0 0 0
1791048884 3022, 13801, 59, 0x0000000000000000 | 7.88 13.82 14.07 | cpu  70669927 1027 13818201 2627038440 489827 0 203180 0 0 0
1791048885 3000, 13801, 60, 0x0000000000000000 | 7.88 13.82 14.07 | cpu  70672573 1027 13818292 2627059777 489827 0 203180 0 0 0
1791048886 3007, 13801, 59, 0x0000000000000000 | 7.88 13.82 14.07 | cpu  70673886 1027 13818469 2627083318 489828 0 203181 0 0 0
1791048887 3022, 13801, 59, 0x0000000000000000 | 7.88 13.82 14.07 | cpu  70674744 1027 13818503 2627107642 489828 0 203184 0 0 0
1791048888 3015, 13801, 59, 0x0000000000000000 | 7.57 13.65 14.01 | cpu  70676338 1027 13818550 2627131479 489830 0 203185 0 0 0
1791048889 3022, 13801, 59, 0x0000000000000000 | 7.57 13.65 14.01 | cpu  70677047 1027 13818604 2627155701 489832 0 203185 0 0 0
1791048890 3022, 13801, 57, 0x0000000000000000 | 7.57 13.65 14.01 | cpu  70679818 1027 13819082 2627176962 489832 0 203185 0 0 0
1791048892 3015, 13801, 60, 0x0000000000000000 | 7.57 13.65 14.01 | cpu  70680610 1027 13819136 2627201279 489833 0 203186 0 0 0
1791048893 3007, 13801, 60, 0x0000000000000000 | 7.20 13.48 13.95 | cpu  70681164 1027 13819602 2627224964 489833 0 203186 0 0 0
1791048894 3015, 13801, 59, 0x0000000000000000 | 7.20 13.48 13.95 | cpu  70682224 1027 13819668 2627248831 489835 0 203187 0 0 0
1791048895 3000, 13801, 60, 0x0000000000000000 | 7.20 13.48 13.95 | cpu  70682924 1027 13819736 2627273001 489835 0 203188 0 0 0
1791048896 3000, 13801, 60, 0x0000000000000000 | 7.20 13.48 13.95 | cpu  70683726 1027 13819785 2627296997 489835 0 203188 0 0 0
1791048897 3007, 13801, 60, 0x0000000000000000 | 7.20 13.48 13.95 | cpu  70684432 1027 13819834 2627321702 489835 0 203188 0 0 0
1791048898 3022, 13801, 59, 0x0000000000000000 | 6.87 13.30 13.89 | cpu  70684777 1027 13819872 2627346268 489835 0 203190 0 0 0
1791048899 3015, 13801, 59, 0x0000000000000000 | 6.87 13.30 13.89 | cpu  70685050 1027 13819898 2627371663 489836 0 203190 0 0 0
1791048900 2992, 13801, 60, 0x0000000000000000 | 6.87 13.30 13.89 | cpu  70685286 1027 13819934 2627396321 489836 0 203191 0 0 0
1791048902 3007, 13801, 59, 0x0000000000000000 | 6.87 13.30 13.89 | cpu  70685542 1027 13819993 2627421066 489838 0 203192 0 0 0
1791048903 3015, 13801, 60, 0x0000000000000000 | 6.56 13.13 13.83 | cpu  70686865 1027 13820092 2627445538 489838 0 203193 0 0 0
1791048904 3022, 13801, 59, 0x0000000000000000 | 6.56 13.13 13.83 | cpu  70690259 1027 13820290 2627466119 489839 0 203193 0 0 0
1791048905 3022, 13801, 59, 0x0000000000000000 | 6.56 13.13 13.83 | cpu  70691558 1027 13820339 2627490193 489839 0 203193 0 0 0
1791048906 3015, 13801, 60, 0x0000000000000000 | 6.56 13.13 13.83 | cpu  70692915 1027 13820400 2627514696 489839 0 203194 0 0 0
1791048907 3007, 13801, 60, 0x0000000000000000 | 6.56 13.13 13.83 | cpu  70694417 1027 13820452 2627538525 489840 0 203195 0 0 0
1791048908 3022, 13801, 59, 0x0000000000000000 | 6.35 12.98 13.78 | cpu  70695436 1027 13820507 2627562432 489841 0 203196 0 0 0
1791048910 3007, 13801, 59, 0x0000000000000000 | 6.35 12.98 13.78 | cpu  70697726 1027 13820574 2627584752 489843 0 203196 0 0 0
1791048911 3007, 13801, 60, 0x0000000000000000 | 6.35 12.98 13.78 | cpu  70698506 1027 13820634 2627610205 489843 0 203198 0 0 0
1791048912 3007, 13801, 59, 0x0000000000000000 | 6.35 12.98 13.78 | cpu  70699172 1027 13820682 2627634005 489843 0 203198 0 0 0
1791048913 3022, 13801, 58, 0x0000000000000000 | 6.08 12.81 13.72 | cpu  70700019 1027 13820724 2627659325 489843 0 203198 0 0 0
1791048914 3007, 13801, 61, 0x0000000000000000 | 6.08 12.81 13.72 | cpu  70700697 1027 13820782 2627683676 489845 0 203199 0 0 0
1791048915 3007, 13801, 61, 0x0000000000000000 | 6.08 12.81 13.72 | cpu  70701490 1027 13820838 2627706966 489845 0 203199 0 0 0
1791048916 3015, 13801, 60, 0x0000000000000000 | 6.08 12.81 13.72 | cpu  70702217 1027 13820900 2627731297 489845 0 203199 0 0 0
1791048917 3015, 13801, 59, 0x0000000000000000 | 6.08 12.81 13.72 | cpu  70702912 1027 13820953 2627755983 489845 0 203200 0 0 0
1791048918 3015, 13801, 59, 0x0000000000000000 | 5.84 12.65 13.67 | cpu  70703602 1027 13820991 2627779964 489845 0 203200 0 0 0
1791048920 3022, 13801, 59, 0x0000000000000000 | 5.84 12.65 13.67 | cpu  70704406 1027 13821039 2627803970 489847 0 203200 0 0 0
1791048921 3007, 13801, 60, 0x0000000000000000 | 5.84 12.65 13.67 | cpu  70705067 1027 13821100 2627828209 489847 0 203200 0 0 0
1791048922 3015, 13801, 60, 0x0000000000000000 | 5.84 12.65 13.67 | cpu  70705906 1027 13821156 2627852260 489847 0 203200 0 0 0
1791048923 3015, 13801, 60, 0x0000000000000000 | 5.77 12.52 13.62 | cpu  70706269 1027 13821204 2627876994 489847 0 203204 0 0 0
1791048924 3022, 13801, 56, 0x0000000000000000 | 5.77 12.52 13.62 | cpu  70709082 1027 13821250 2627899258 489847 0 203205 0 0 0
1791048925 3000, 13801, 59, 0x0000000000000000 | 5.77 12.52 13.62 | cpu  70711057 1027 13821290 2627921856 489847 0 203205 0 0 0
1791048926 3015, 13801, 60, 0x0000000000000000 | 5.77 12.52 13.62 | cpu  70712478 1027 13821332 2627945161 489849 0 203205 0 0 0
1791048927 3007, 13801, 60, 0x0000000000000000 | 5.77 12.52 13.62 | cpu  70712822 1027 13821358 2627969855 489849 0 203205 0 0 0
1791048929 3015, 13801, 59, 0x0000000000000000 | 5.55 12.36 13.56 | cpu  70713752 1027 13821384 2627993908 489849 0 203206 0 0 0
1791048930 3007, 13801, 61, 0x0000000000000000 | 5.55 12.36 13.56 | cpu  70714098 1027 13821409 2628018601 489849 0 203206 0 0 0
1791048931 3015, 13801, 60, 0x0000000000000000 | 5.55 12.36 13.56 | cpu  70715735 1027 13821454 2628042126 489849 0 203206 0 0 0
1791048932 3015, 13801, 60, 0x0000000000000000 | 5.55 12.36 13.56 | cpu  70716406 1027 13821508 2628066413 489850 0 203209 0 0 0
1791048933 3022, 13801, 59, 0x0000000000000000 | 5.26 12.19 13.50 | cpu  70716646 1027 13821564 2628091169 489850 0 203209 0 0 0
1791048934 3022, 13801, 59, 0x0000000000000000 | 5.26 12.19 13.50 | cpu  70716890 1027 13821596 2628115795 489850 0 203209 0 0 0
1791048935 3015, 13801, 60, 0x0000000000000000 | 5.26 12.19 13.50 | cpu  70717218 1027 13821625 2628139944 489850 0 203210 0 0 0
1791048936 3022, 13801, 60, 0x0000000000000000 | 5.26 12.19 13.50 | cpu  70717556 1027 13821649 2628164560 489850 0 203210 0 0 0
1791048937 3000, 13801, 62, 0x0000000000000000 | 5.26 12.19 13.50 | cpu  70717892 1027 13821678 2628189305 489852 0 203210 0 0 0
1791048939 3015, 13801, 60, 0x0000000000000000 | 5.16 12.06 13.45 | cpu  70718650 1027 13821714 2628213522 489852 0 203210 0 0 0
1791048940 3015, 13801, 59, 0x0000000000000000 | 5.16 12.06 13.45 | cpu  70719437 1027 13821771 2628238533 489853 0 203210 0 0 0
1791048941 3007, 13801, 60, 0x0000000000000000 | 5.16 12.06 13.45 | cpu  70720031 1027 13821828 2628262837 489853 0 203210 0 0 0
1791048942 3022, 13801, 59, 0x0000000000000000 | 5.16 12.06 13.45 | cpu  70722358 1027 13821932 2628285859 489853 0 203211 0 0 0
1791048943 3022, 13801, 59, 0x0000000000000000 | 5.07 11.92 13.40 | cpu  70724416 1027 13822056 2628308682 489856 0 203211 0 0 0
1791048944 3022, 13801, 59, 0x0000000000000000 | 5.07 11.92 13.40 | cpu  70726263 1027 13822106 2628330896 489856 0 203211 0 0 0
1791048945 3015, 13801, 59, 0x0000000000000000 | 5.07 11.92 13.40 | cpu  70727648 1027 13822171 2628354443 489856 0 203211 0 0 0
1791048946 2992, 13801, 61, 0x0000000000000000 | 5.07 11.92 13.40 | cpu  70728472 1027 13822227 2628378440 489856 0 203211 0 0 0
1791048948 3000, 13801, 60, 0x0000000000000000 | 4.98 11.79 13.35 | cpu  70729382 1027 13822747 2628402381 489858 0 203211 0 0 0
1791048949 2992, 13801, 59, 0x0000000000000000 | 4.98 11.79 13.35 | cpu  70731330 1027 13822816 2628425591 489858 0 203212 0 0 0
1791048950 3015, 13801, 59, 0x0000000000000000 | 4.98 11.79 13.35 | cpu  70731619 1027 13822843 2628450233 489858 0 203212 0 0 0
1791048951 3022, 13801, 58, 0x0000000000000000 | 4.98 11.79 13.35 | cpu  70732263 1027 13823265 2628474200 489858 0 203212 0 0 0
1791048952 3037, 13801, 53, 0x0000000000000000 | 4.98 11.79 13.35 | cpu  70732535 1027 13823294 2628499287 489858 0 203212 0 0 0
1791048953 3037, 13801, 53, 0x0000000000000000 | 4.90 11.66 13.30 | cpu  70732942 1027 13823320 2628523707 489862 0 203212 0 0 0
1791048954 2647, 13801, 51, 0x0000000000000000 | 4.90 11.66 13.30 | cpu  70733306 1027 13823353 2628548627 489863 0 203212 0 0 0
1791048955 2775, 13801, 55, 0x0000000000000000 | 4.90 11.66 13.30 | cpu  70734440 1027 13823414 2628572404 489863 0 203213 0 0 0
1791048956 3022, 13801, 57, 0x0000000000000000 | 4.90 11.66 13.30 | cpu  70735138 1027 13823474 2628597076 489863 0 203213 0 0 0
1791048958 3022, 13801, 57, 0x0000000000000000 | 4.83 11.53 13.25 | cpu  70736055 1027 13823530 2628621576 489863 0 203213 0 0 0
1791048959 3007, 13801, 59, 0x0000000000000000 | 4.83 11.53 13.25 | cpu  70739148 1027 13823600 2628642706 489864 0 203213 0 0 0
1791048960 3015, 13801, 59, 0x0000000000000000 | 4.83 11.53 13.25 | cpu  70740315 1027 13823654 2628665946 489866 0 203216 0 0 0
1791048961 3022, 13801, 60, 0x0000000000000000 | 4.83 11.53 13.25 | cpu  70741723 1027 13823680 2628689682 489866 0 203220 0 0 0
1791048962 3007, 13801, 61, 0x0000000000000000 | 4.83 11.53 13.25 | cpu  70742578 1027 13823709 2628713378 489869 0 203220 0 0 0
1791048963 3007, 13801, 59, 0x0000000000000000 | 4.84 11.42 13.20 | cpu  70742988 1027 13823735 2628737823 489869 0 203220 0 0 0
1791048964 3022, 13801, 58, 0x0000000000000000 | 4.84 11.42 13.20 | cpu  70743351 1027 13823765 2628762895 489871 0 203220 0 0 0
1791048965 3007, 13801, 59, 0x0000000000000000 | 4.84 11.42 13.20 | cpu  70745298 1027 13823808 2628785058 489871 0 203220 0 0 0
1791048966 3022, 13801, 58, 0x0000000000000000 | 4.84 11.42 13.20 | cpu  70745654 1027 13823894 2628809555 489872 0 203220 0 0 0
1791048968 3022, 13801, 58, 0x0000000000000000 | 4.70 11.28 13.15 | cpu  70745938 1027 13824002 2628834397 489872 0 203220 0 0 0
1791048969 3022, 13801, 58, 0x0000000000000000 | 4.70 11.28 13.15 | cpu  70746618 1027 13824040 2628858687 489872 0 203221 0 0 0
1791048970 3015, 13801, 59, 0x0000000000000000 | 4.70 11.28 13.15 | cpu  70747398 1027 13824094 2628883231 489874 0 203221 0 0 0
1791048971 3007, 13801, 60, 0x0000000000000000 | 4.70 11.28 13.15 | cpu  70748099 1027 13824150 2628907536 489874 0 203222 0 0 0
1791048972 3007, 13801, 59, 0x0000000000000000 | 4.70 11.28 13.15 | cpu  70748978 1027 13824203 2628931760 489875 0 203222 0 0 0
1791048973 3007, 13801, 60, 0x0000000000000000 | 4.72 11.18 13.10 | cpu  70749480 1027 13824239 2628956082 489875 0 203222 0 0 0
1791048974 3015, 13801, 59, 0x0000000000000000 | 4.72 11.18 13.10 | cpu  70750440 1027 13824293 2628980245 489875 0 203222 0 0 0
1791048975 3015, 13801, 59, 0x0000000000000000 | 4.72 11.18 13.10 | cpu  70751191 1027 13824356 2629004133 489876 0 203222 0 0 0
1791048977 3015, 13801, 59, 0x0000000000000000 | 4.72 11.18 13.10 | cpu  70751887 1027 13824402 2629028448 489876 0 203222 0 0 0
1791048978 3037, 13801, 53, 0x0000000000000000 | 4.58 11.04 13.05 | cpu  70752908 1027 13824452 2629052245 489876 0 203222 0 0 0
1791048979 3000, 13801, 59, 0x0000000000000000 | 4.58 11.04 13.05 | cpu  70753522 1027 13824518 2629076703 489877 0 203223 0 0 0
1791048980 3000, 13801, 60, 0x0000000000000000 | 4.58 11.04 13.05 | cpu  70754288 1027 13824578 2629100982 489877 0 203223 0 0 0
1791048981 3015, 13801, 59, 0x0000000000000000 | 4.58 11.04 13.05 | cpu  70755017 1027 13824648 2629126368 489879 0 203224 0 0 0
1791048982 3007, 13801, 60, 0x0000000000000000 | 4.58 11.04 13.05 | cpu  70756058 1027 13824756 2629150268 489879 0 203224 0 0 0
1791048983 3015, 13801, 59, 0x0000000000000000 | 4.54 10.93 13.00 | cpu  70756831 1027 13824816 2629174658 489879 0 203225 0 0 0
1791048984 3015, 13801, 60, 0x0000000000000000 | 4.54 10.93 13.00 | cpu  70757402 1027 13824871 2629199096 489879 0 203225 0 0 0
1791048986 3007, 13801, 61, 0x0000000000000000 | 4.54 10.93 13.00 | cpu  70758237 1027 13824960 2629222869 489882 0 203225 0 0 0
1791048987 3007, 13801, 59, 0x0000000000000000 | 4.54 10.93 13.00 | cpu  70758591 1027 13824989 2629247822 489885 0 203226 0 0 0
1791048988 3015, 13801, 59, 0x0000000000000000 | 4.41 10.79 12.94 | cpu  70759612 1027 13825036 2629271826 489885 0 203226 0 0 0
1791048989 3015, 13801, 58, 0x0000000000000000 | 4.41 10.79 12.94 | cpu  70760202 1027 13825095 2629296149 489885 0 203227 0 0 0
1791048990 3022, 13801, 59, 0x0000000000000000 | 4.41 10.79 12.94 | cpu  70760966 1027 13825150 2629320390 489885 0 203227 0 0 0
1791048991 3007, 13801, 60, 0x0000000000000000 | 4.41 10.79 12.94 | cpu  70761559 1027 13825192 2629344822 489885 0 203227 0 0 0
1791048992 3007, 13801, 60, 0x0000000000000000 | 4.41 10.79 12.94 | cpu  70761783 1027 13825220 2629369626 489886 0 203228 0 0 0
1791048993 3015, 13801, 59, 0x0000000000000000 | 4.22 10.65 12.89 | cpu  70762574 1027 13825262 2629393319 489888 0 203228 0 0 0
1791048994 3030, 13801, 59, 0x0000000000000000 | 4.22 10.65 12.89 | cpu  70763172 1027 13825316 2629417787 489888 0 203228 0 0 0
1791048996 3015, 13801, 59, 0x0000000000000000 | 4.22 10.65 12.89 | cpu  70763944 1027 13825372 2629442395 489888 0 203229 0 0 0
1791048997 3015, 13801, 60, 0x0000000000000000 | 4.22 10.65 12.89 | cpu  70764686 1027 13825424 2629466587 489888 0 203230 0 0 0
1791048998 3030, 13801, 54, 0x0000000000000000 | 4.04 10.50 12.83 | cpu  70765020 1027 13825483 2629490985 489888 0 203232 0 0 0
1791048999 3037, 13801, 53, 0x0000000000000000 | 4.04 10.50 12.83 | cpu  70765982 1027 13825580 2629514702 489888 0 203233 0 0 0
1791049000 2647, 13801, 51, 0x0000000000000000 | 4.04 10.50 12.83 | cpu  70766478 1027 13825700 2629538972 489891 0 203233 0 0 0
1791049001 2647, 13801, 51, 0x0000000000000000 | 4.04 10.50 12.83 | cpu  70767165 1027 13825797 2629563541 489891 0 203233 0 0 0
1791049002 2647, 13801, 51, 0x0000000000000000 | 4.04 10.50 12.83 | cpu  70767699 1027 13825893 2629588511 489891 0 203233 0 0 0
1791049003 2647, 13801, 50, 0x0000000000000000 | 9.96 11.62 13.18 | cpu  70768598 1027 13825998 2629612277 489891 0 203233 0 0 0
1791049005 2647, 13801, 50, 0x0000000000000000 | 9.96 11.62 13.18 | cpu  70769124 1027 13826106 2629636597 489891 0 203233 0 0 0
1791049006 2647, 13801, 50, 0x0000000000000000 | 9.96 11.62 13.18 | cpu  70770169 1027 13826635 2629660499 489893 0 203234 0 0 0
1791049007 2647, 13801, 49, 0x0000000000000000 | 9.96 11.62 13.18 | cpu  70770671 1027 13826727 2629685733 489893 0 203234 0 0 0
1791049008 2647, 13801, 49, 0x0000000000000000 | 9.41 11.48 13.12 | cpu  70771199 1027 13827224 2629710541 489895 0 203234 0 0 0
1791049009 2647, 13801, 49, 0x0000000000000000 | 9.41 11.48 13.12 | cpu  70772200 1027 13827370 2629734553 489895 0 203235 0 0 0
1791049010 2647, 13801, 49, 0x0000000000000000 | 9.41 11.48 13.12 | cpu  70772733 1027 13827506 2629758912 489895 0 203235 0 0 0
1791049011 2647, 13801, 49, 0x0000000000000000 | 9.41 11.48 13.12 | cpu  70773385 1027 13827618 2629782898 489895 0 203235 0 0 0
1791049012 2647, 13801, 48, 0x0000000000000000 | 9.41 11.48 13.12 | cpu  70773931 1027 13827742 2629807703 489895 0 203235 0 0 0
1791049014 2647, 13801, 48, 0x0000000000000000 | 8.89 11.34 13.07 | cpu  70775029 1027 13827874 2629831572 489898 0 203236 0 0 0
1791049015 2647, 13801, 48, 0x0000000000000000 | 8.89 11.34 13.07 | cpu  70777713 1027 13827995 2629853673 489900 0 203236 0 0 0
1791049016 2647, 13801, 48, 0x0000000000000000 | 8.89 11.34 13.07 | cpu  70778482 1027 13828066 2629877553 489902 0 203236 0 0 0
1791049017 2647, 13801, 48, 0x0000000000000000 | 8.89 11.34 13.07 | cpu  70779327 1027 13828139 2629901516 489905 0 203236 0 0 0
1791049018 2647, 13801, 47, 0x0000000000000000 | 8.50 11.22 13.02 | cpu  70780304 1027 13828222 2629925276 489905 0 203236 0 0 0
1791049019 2647, 13801, 47, 0x0000000000000000 | 8.50 11.22 13.02 | cpu  70780582 1027 13828302 2629949892 489906 0 203236 0 0 0
1791049020 2647, 13801, 47, 0x0000000000000000 | 8.50 11.22 13.02 | cpu  70782444 1027 13828388 2629974370 489906 0 203236 0 0 0
1791049021 2647, 13801, 47, 0x0000000000000000 | 8.50 11.22 13.02 | cpu  70782753 1027 13828458 2629999366 489906 0 203236 0 0 0
1791049023 2647, 13801, 47, 0x0000000000000000 | 8.06 11.08 12.96 | cpu  70783010 1027 13828554 2630023873 489906 0 203236 0 0 0
1791049024 2647, 13801, 47, 0x0000000000000000 | 8.06 11.08 12.96 | cpu  70783935 1027 13828645 2630047749 489906 0 203236 0 0 0
1791049025 2647, 13801, 46, 0x0000000000000000 | 8.06 11.08 12.96 | cpu  70784599 1027 13828749 2630072222 489908 0 203236 0 0 0
1791049026 2647, 13801, 46, 0x0000000000000000 | 8.06 11.08 12.96 | cpu  70785316 1027 13828860 2630096710 489908 0 203236 0 0 0
1791049027 2700, 13801, 46, 0x0000000000000000 | 8.06 11.08 12.96 | cpu  70786147 1027 13828959 2630120681 489910 0 203236 0 0 0
1791049028 2647, 13801, 46, 0x0000000000000000 | 7.73 10.96 12.92 | cpu  70786527 1027 13829074 2630145203 489910 0 203238 0 0 0
1791049029 2647, 13801, 46, 0x0000000000000000 | 7.73 10.96 12.92 | cpu  70787417 1027 13829224 2630168486 489910 0 203238 0 0 0
1791049030 2647, 13801, 46, 0x0000000000000000 | 7.73 10.96 12.92 | cpu  70787966 1027 13829379 2630192761 489911 0 203238 0 0 0
1791049032 2647, 13801, 46, 0x0000000000000000 | 7.73 10.96 12.92 | cpu  70788699 1027 13829481 2630216393 489913 0 203239 0 0 0
1791049033 2647, 13801, 46, 0x0000000000000000 | 7.43 10.85 12.87 | cpu  70789297 1027 13829549 2630241034 489914 0 203239 0 0 0
