1791049851 2647, 7001, 45, 0x0000000000000000 | 9.05 11.60 12.64 | cpu  71572046 1044 13895946 2647711486 490478 0 203846 0 0 0
1791049852 735, 7001, 44, 0x0000000000000000 | 9.05 11.60 12.64 | cpu  71573309 1044 13896003 2647734938 490478 0 203848 0 0 0
1791049853 300, 810, 43, 0x0000000000000000 | 8.81 11.50 12.61 | cpu  71574065 1044 13896117 2647760805 490484 0 203849 0 0 0
1791049854 300, 810, 43, 0x0000000000000004 | 8.81 11.50 12.61 | cpu  71574699 1044 13896194 2647785164 490488 0 203850 0 0 0
1791049856 300, 810, 43, 0x0000000000000004 | 8.81 11.50 12.61 | cpu  71575539 1044 13896278 2647810008 490488 0 203852 0 0 0
1791049857 300, 405, 43, 0x0000000000000004 | 8.81 11.50 12.61 | cpu  71576310 1044 13896340 2647834955 490488 0 203854 0 0 0
1791049858 300, 405, 42, 0x0000000000000004 | 8.81 11.50 12.61 | cpu  71577253 1044 13896384 2647859363 490489 0 203854 0 0 0
1791049859 300, 405, 42, 0x0000000000000004 | 8.66 11.43 12.58 | cpu  71579630 1044 13896459 2647881943 490493 0 203855 0 0 0
1791049860 2647, 13801, 43, 0x0000000000000000 | 8.66 11.43 12.58 | cpu  71582937 1044 13897233 2647902213 490502 0 203855 0 0 0
1791049861 2647, 13801, 43, 0x0000000000000000 | 8.66 11.43 12.58 | cpu  71584147 1044 13897510 2647925773 490510 0 203856 0 0 0
1791049862 2647, 13801, 43, 0x0000000000000000 | 8.66 11.43 12.58 | cpu  71584986 1044 13897656 2647949529 490514 0 203857 0 0 0
1791049863 2647, 13801, 43, 0x0000000000000000 | 8.13 11.27 12.52 | cpu  71585756 1044 13897810 2647973266 490514 0 203858 0 0 0
1791049865 2647, 13801, 43, 0x0000000000000000 | 8.13 11.27 12.52 | cpu  71587204 1044 13898548 2647996800 490515 0 203859 0 0 0
1791049866 2647, 13801, 43, 0x0000000000000000 | 8.13 11.27 12.52 | cpu  71588405 1044 13898691 2648020194 490521 0 203861 0 0 0
1791049867 2647, 13801, 43, 0x0000000000000000 | 8.13 11.27 12.52 | cpu  71589679 1044 13898798 2648043814 490526 0 203863 0 0 0
1791049868 2670, 13801, 43, 0x0000000000000000 | 8.13 11.27 12.52 | cpu  71590368 1044 13898886 2648068256 490526 0 203864 0 0 0
1791049869 2670, 13801, 43, 0x0000000000000000 | 7.80 11.15 12.47 | cpu  71591252 1044 13899022 2648091971 490526 0 203864 0 0 0
1791049870 2677, 13801, 43, 0x0000000000000000 | 7.80 11.15 12.47 | cpu  71592676 1044 13899135 2648115197 490526 0 203864 0 0 0
1791049871 2677, 13801, 43, 0x0000000000000000 | 7.80 11.15 12.47 | cpu  71593191 1044 13899242 2648139801 490529 0 203865 0 0 0
1791049872 2670, 13801, 43, 0x0000000000000000 | 7.80 11.15 12.47 | cpu  71595374 1044 13899350 2648162648 490534 0 203865 0 0 0
1791049873 3045, 13801, 44, 0x0000000000000000 | 7.41 11.02 12.42 | cpu  71595854 1044 13899459 2648187229 490534 0 203865 0 0 0
1791049875 3045, 13801, 44, 0x0000000000000000 | 7.41 11.02 12.42 | cpu  71595932 1044 13899506 2648212127 490535 0 203865 0 0 0
1791049876 3045, 13801, 44, 0x0000000000000000 | 7.41 11.02 12.42 | cpu  71596040 1044 13899562 2648237120 490545 0 203865 0 0 0
1791049877 3045, 13801, 44, 0x0000000000000000 | 7.41 11.02 12.42 | cpu  71596249 1044 13899624 2648262571 490545 0 203866 0 0 0
1791049878 3045, 13801, 44, 0x0000000000000000 | 7.41 11.02 12.42 | cpu  71596445 1044 13899670 2648287262 490545 0 203866 0 0 0
1791049879 3045, 13801, 44, 0x0000000000000000 | 7.14 10.90 12.38 | cpu  71596756 1044 13899808 2648312707 490545 0 203866 0 0 0
1791049880 3045, 13801, 44, 0x0000000000000000 | 7.14 10.90 12.38 | cpu  71597658 1044 13899898 2648336714 490545 0 203866 0 0 0
1791049881 3045, 13801, 44, 0x0000000000000000 | 7.14 10.90 12.38 | cpu  71598258 1044 13899975 2648361361 490547 0 203866 0 0 0
1791049883 3045, 13801, 44, 0x0000000000000000 | 7.14 10.90 12.38 | cpu  71598690 1044 13900080 2648385634 490547 0 203866 0 0 0
1791049884 3045, 13801, 44, 0x0000000000000000 | 6.73 10.75 12.32 | cpu  71599242 1044 13900150 2648409816 490547 0 203866 0 0 0
1791049885 3045, 13801, 43, 0x0000000000000000 | 6.73 10.75 12.32 | cpu  71599749 1044 13900286 2648433918 490547 0 203868 0 0 0
1791049886 2700, 13801, 43, 0x0000000000000000 | 6.73 10.75 12.32 | cpu  71602142 1044 13900451 2648456533 490548 0 203872 0 0 0
1791049887 2647, 13801, 42, 0x0000000000000000 | 6.73 10.75 12.32 | cpu  71604049 1044 13900687 2648479725 490549 0 203872 0 0 0
1791049888 2647, 13801, 42, 0x0000000000000000 | 6.73 10.75 12.32 | cpu  71604992 1044 13900746 2648503904 490549 0 203872 0 0 0
1791049889 2647, 13801, 42, 0x0000000000000000 | 15.24 12.45 12.86 | cpu  71606524 1044 13900782 2648528165 490549 0 203873 0 0 0
1791049890 2745, 13801, 42, 0x0000000000000000 | 15.24 12.45 12.86 | cpu  71609387 1044 13900840 2648555170 490549 0 203874 0 0 0
1791049892 2715, 13801, 44, 0x0000000000000000 | 15.24 12.45 12.86 | cpu  71613072 1044 13900921 2648576223 490549 0 203875 0 0 0
1791049893 2677, 13801, 42, 0x0000000000000000 | 15.24 12.45 12.86 | cpu  71617566 1044 13901014 2648597223 490553 0 203876 0 0 0
1791049894 2670, 13801, 42, 0x0000000000000000 | 14.26 12.29 12.81 | cpu  71621243 1044 13901122 2648618727 490553 0 203876 0 0 0
1791049895 2670, 13801, 43, 0x0000000000000000 | 14.26 12.29 12.81 | cpu  71625296 1044 13901226 2648641075 490553 0 203876 0 0 0
1791049896 2670, 13801, 42, 0x0000000000000000 | 14.26 12.29 12.81 | cpu  71628494 1044 13901293 2648663018 490553 0 203876 0 0 0
1791049897 2737, 13801, 42, 0x0000000000000000 | 14.26 12.29 12.81 | cpu  71630960 1044 13901369 2648685998 490556 0 203880 0 0 0
1791049899 2685, 13801, 42, 0x0000000000000000 | 17.52 13.00 13.04 | cpu  71631576 1044 13901505 2648710992 490560 0 203883 0 0 0
1791049900 2677, 13801, 43, 0x0000000000000000 | 17.52 13.00 13.04 | cpu  71632192 1044 13901651 2648735001 490560 0 203885 0 0 0
1791049901 2662, 13801, 42, 0x0000000000000000 | 17.52 13.00 13.04 | cpu  71632992 1044 13901806 2648759018 490560 0 203886 0 0 0
1791049902 2647, 13801, 42, 0x0000000000000000 | 17.52 13.00 13.04 | cpu  71633762 1044 13901964 2648784185 490560 0 203887 0 0 0
1791049903 2647, 13801, 42, 0x0000000000000000 | 17.52 13.00 13.04 | cpu  71634265 1044 13902187 2648809696 490562 0 203888 0 0 0
1791049904 2647, 13801, 42, 0x0000000000000000 | 16.44 12.85 12.99 | cpu  71634783 1044 13902396 2648834990 490567 0 203890 0 0 0
1791049905 2647, 13801, 42, 0x0000000000000000 | 16.44 12.85 12.99 | cpu  71635433 1044 13902492 2648859127 490568 0 203895 0 0 0
1791049907 2647, 13801, 42, 0x0000000000000000 | 16.44 12.85 12.99 | cpu  71637840 1044 13902610 2648881876 490569 0 203895 0 0 0
1791049908 2647, 13801, 42, 0x0000000000000000 | 16.44 12.85 12.99 | cpu  71639696 1044 13902735 2648904630 490572 0 203896 0 0 0
1791049909 2647, 13801, 41, 0x0000000000000000 | 15.36 12.69 12.93 | cpu  71640636 1044 13902852 2648928373 490573 0 203896 0 0 0
1791049910 2647, 13801, 41, 0x0000000000000000 | 15.36 12.69 12.93 | cpu  71642111 1044 13902941 2648952349 490573 0 203899 0 0 0
1791049911 2647, 13801, 41, 0x0000000000000000 | 15.36 12.69 12.93 | cpu  71642868 1044 13903044 2648976708 490573 0 203900 0 0 0
1791049912 2647, 13801, 41, 0x0000000000000000 | 15.36 12.69 12.93 | cpu  71643518 1044 13903151 2649000739 490573 0 203900 0 0 0
1791049913 2647, 13801, 41, 0x0000000000000000 | 15.36 12.69 12.93 | cpu  71645664 1045 13903262 2649023265 490577 0 203900 0 0 0
1791049914 2647, 13801, 41, 0x0000000000000000 | 14.53 12.56 12.89 | cpu  71646269 1045 13903400 2649047571 490577 0 203900 0 0 0
1791049915 2647, 13801, 41, 0x0000000000000000 | 14.53 12.56 12.89 | cpu  71646370 1045 13903478 2649072324 490577 0 203900 0 0 0
1791049917 2647, 13801, 41, 0x0000000000000000 | 14.53 12.56 12.89 | cpu  71646473 1045 13903570 2649097077 490577 0 203900 0 0 0
1791049918 2647, 13801, 41, 0x0000000000000000 | 14.53 12.56 12.89 | cpu  71646630 1045 13903646 2649121893 490577 0 203900 0 0 0
1791049919 2647, 13801, 41, 0x0000000000000000 | 13.53 12.38 12.83 | cpu  71646790 1045 13903721 2649146600 490579 0 203900 0 0 0
1791049920 2647, 13801, 41, 0x0000000000000000 | 13.53 12.38 12.83 | cpu  71647002 1045 13903794 2649171149 490579 0 203901 0 0 0
1791049921 2647, 13801, 41, 0x0000000000000000 | 13.53 12.38 12.83 | cpu  71647192 1045 13903881 2649195862 490579 0 203902 0 0 0
1791049922 2647, 13801, 41, 0x0000000000000000 | 13.53 12.38 12.83 | cpu  71647360 1045 13903958 2649220468 490579 0 203902 0 0 0
1791049923 2647, 13801, 41, 0x0000000000000000 | 12.77 12.24 12.78 | cpu  71647534 1045 13904387 2649244540 490580 0 203903 0 0 0
1791049924 2647, 13801, 41, 0x0000000000000000 | 12.77 12.24 12.78 | cpu  71647651 1045 13904578 2649269082 490582 0 203905 0 0 0
1791049925 2647, 13801, 41, 0x0000000000000000 | 12.77 12.24 12.78 | cpu  71647715 1045 13904766 2649293617 490582 0 203905 0 0 0
1791049927 2647, 13801, 41, 0x0000000000000000 | 12.77 12.24 12.78 | cpu  71647765 1045 13904972 2649319020 490582 0 203905 0 0 0
1791049929 2647, 13801, 41, 0x0000000000000000 | 12.22 12.14 12.75 | cpu  71649704 1045 13905438 2649374918 490584 0 203906 0 0 0
1791049930 2647, 13801, 41, 0x0000000000000000 | 12.22 12.14 12.75 | cpu  71651286 1045 13905565 2649397750 490589 0 203907 0 0 0
1791049931 2647, 13801, 41, 0x0000000000000000 | 12.22 12.14 12.75 | cpu  71652020 1045 13905734 2649421596 490593 0 203914 0 0 0
1791049933 2647, 13801, 41, 0x0000000000000000 | 12.22 12.14 12.75 | cpu  71653292 1045 13905952 2649446162 490593 0 203915 0 0 0
1791049934 2647, 13801, 41, 0x0000000000000000 | 11.48 11.99 12.69 | cpu  71653473 1045 13906167 2649472450 490593 0 203918 0 0 0
1791049935 2647, 13801, 41, 0x0000000000000000 | 11.48 11.99 12.69 | cpu  71653909 1045 13906378 2649498438 490595 0 203922 0 0 0
1791049936 2647, 13801, 41, 0x0000000000000000 | 11.48 11.99 12.69 | cpu  71655372 1045 13906472 2649521631 490597 0 203922 0 0 0
1791049937 2647, 13801, 41, 0x0000000000000000 | 11.48 11.99 12.69 | cpu  71655463 1045 13906640 2649546271 490597 0 203924 0 0 0
1791049938 2647, 13801, 41, 0x0000000000000000 | 10.80 11.84 12.64 | cpu  71655523 1045 13906771 2649571366 490597 0 203932 0 0 0
1791049939 2647, 13801, 41, 0x0000000000000000 | 10.80 11.84 12.64 | cpu  71655576 1045 13906843 2649596127 490598 0 203933 0 0 0
1791049941 2647, 13801, 40, 0x0000000000000000 | 10.80 11.84 12.64 | cpu  71655729 1045 13906926 2649621396 490598 0 203935 0 0 0
1791049942 2647, 13801, 40, 0x0000000000000000 | 10.80 11.84 12.64 | cpu  71656160 1045 13906999 2649646232 490598 0 203936 0 0 0
1791049943 2647, 13801, 40, 0x0000000000000000 | 10.80 11.84 12.64 | cpu  71656322 1045 13907082 2649670839 490598 0 203939 0 0 0
1791049944 2647, 13801, 40, 0x0000000000000000 | 10.10 11.67 12.58 | cpu  71656720 1045 13907233 2649696846 490598 0 203940 0 0 0
1791049945 2647, 13801, 40, 0x0000000000000000 | 10.10 11.67 12.58 | cpu  71656884 1045 13907303 2649721490 490611 0 203942 0 0 0
1791049946 2647, 13801, 40, 0x0000000000000000 | 10.10 11.67 12.58 | cpu  71656955 1045 13907380 2649746328 490611 0 203943 0 0 0
1791049947 2647, 13801, 40, 0x0000000000000000 | 10.10 11.67 12.58 | cpu  71657010 1045 13907456 2649771085 490613 0 203944 0 0 0
1791049948 2647, 13801, 40, 0x0000000000000000 | 9.37 11.50 12.52 | cpu  71657068 1045 13907536 2649795870 490613 0 203948 0 0 0
1791049950 2647, 13801, 40, 0x0000000000000000 | 9.37 11.50 12.52 | cpu  71660186 1045 13907625 2649817765 490613 0 203948 0 0 0
1791049951 2647, 13801, 40, 0x0000000000000000 | 9.37 11.50 12.52 | cpu  71660524 1045 13907707 2649842180 490615 0 203949 0 0 0
1791049952 2647, 13801, 40, 0x0000000000000000 | 9.37 11.50 12.52 | cpu  71661719 1045 13907780 2649866428 490615 0 203949 0 0 0
1791049953 2647, 13801, 40, 0x0000000000000000 | 9.37 11.50 12.52 | cpu  71662418 1045 13907850 2649890349 490615 0 203950 0 0 0
1791049954 2647, 13801, 40, 0x0000000000000000 | 8.78 11.34 12.46 | cpu  71662578 1045 13907920 2649914907 490615 0 203952 0 0 0
1791049955 2647, 13801, 40, 0x0000000000000000 | 8.78 11.34 12.46 | cpu  71663052 1045 13908002 2649939154 490615 0 203952 0 0 0
1791049956 2647, 13801, 40, 0x0000000000000000 | 8.78 11.34 12.46 | cpu  71664453 1045 13908076 2649962379 490615 0 203952 0 0 0
1791049957 2647, 13801, 40, 0x0000000000000000 | 8.78 11.34 12.46 | cpu  71664531 1045 13908152 2649987012 490618 0 203952 0 0 0
1791049958 2662, 13801, 40, 0x0000000000000000 | 8.16 11.17 12.40 | cpu  71664602 1045 13908214 2650011966 490618 0 203955 0 0 0
1791049960 2662, 13801, 40, 0x0000000000000000 | 8.16 11.17 12.40 | cpu  71665342 1045 13908276 2650036408 490622 0 203956 0 0 0
1791049961 2835, 13801, 42, 0x0000000000000000 | 8.16 11.17 12.40 | cpu  71665657 1045 13908309 2650061236 490622 0 203956 0 0 0
1791049962 3045, 13801, 50, 0x0000000000000004 | 8.16 11.17 12.40 | cpu  71665960 1045 13908348 2650085878 490623 0 203956 0 0 0
1791049963 3045, 13801, 46, 0x0000000000000000 | 8.16 11.17 12.40 | cpu  71666137 1045 13908386 2650110570 490623 0 203956 0 0 0
1791049964 3022, 13801, 44, 0x0000000000000000 | 7.58 11.00 12.34 | cpu  71666252 1045 13908400 2650135547 490625 0 203956 0 0 0
1791049965 3015, 13801, 43, 0x0000000000000000 | 7.58 11.00 12.34 | cpu  71666362 1045 13908412 2650160354 490632 0 203957 0 0 0
1791049966 3037, 13801, 43, 0x0000000000000000 | 7.58 11.00 12.34 | cpu  71666471 1045 13908432 2650185652 490632 0 203957 0 0 0
1791049967 3045, 13801, 43, 0x0000000000000000 | 7.58 11.00 12.34 | cpu  71666579 1045 13908451 2650210482 490637 0 203957 0 0 0
1791049969 3045, 13801, 48, 0x0000000000000004 | 7.06 10.83 12.28 | cpu  71666690 1045 13908469 2650235117 490638 0 203960 0 0 0
1791049970 3045, 13801, 50, 0x0000000000000004 | 7.06 10.83 12.28 | cpu  71666801 1045 13908491 2650260481 490644 0 203960 0 0 0
1791049971 3022, 13801, 45, 0x0000000000000000 | 7.06 10.83 12.28 | cpu  71666910 1045 13908502 2650285358 490644 0 203960 0 0 0
1791049972 3022, 13801, 44, 0x0000000000000000 | 7.06 10.83 12.28 | cpu  71667017 1045 13908521 2650310050 490644 0 203960 0 0 0
1791049973 3030, 13801, 44, 0x0000000000000000 | 7.06 10.83 12.28 | cpu  71667132 1045 13908544 2650334989 490644 0 203960 0 0 0
1791049974 3037, 13801, 43, 0x0000000000000000 | 6.57 10.67 12.22 | cpu  71667240 1045 13908557 2650359732 490646 0 203961 0 0 0
1791049975 3045, 13801, 44, 0x0000000000000000 | 6.57 10.67 12.22 | cpu  71667347 1045 13908574 2650384533 490647 0 203962 0 0 0
1791049976 3030, 13801, 44, 0x0000000000000000 | 6.57 10.67 12.22 | cpu  71667458 1045 13908585 2650409264 490647 0 203962 0 0 0
1791049977 3037, 13801, 45, 0x0000000000000000 | 6.57 10.67 12.22 | cpu  71667565 1045 13908600 2650434424 490647 0 203962 0 0 0
1791049979 3037, 13801, 44, 0x0000000000000000 | 6.12 10.51 12.16 | cpu  71667676 1045 13908612 2650459306 490647 0 203962 0 0 0
1791049980 3037, 13801, 44, 0x0000000000000000 | 6.12 10.51 12.16 | cpu  71667789 1045 13908628 2650484036 490652 0 203965 0 0 0
1791049981 3045, 13801, 45, 0x0000000000000000 | 6.12 10.51 12.16 | cpu  71667901 1045 13908651 2650508798 490656 0 203965 0 0 0
1791049982 3045, 13801, 48, 0x0000000000000000 | 6.12 10.51 12.16 | cpu  71668019 1045 13908666 2650534034 490656 0 203965 0 0 0
1791049983 3045, 13801, 43, 0x0000000000000000 | 6.12 10.51 12.16 | cpu  71668131 1045 13908685 2650558858 490656 0 203966 0 0 0
1791049984 3037, 13801, 44, 0x0000000000000000 | 5.71 10.35 12.10 | cpu  71668236 1045 13908700 2650583565 490659 0 203966 0 0 0
1791049985 3015, 13801, 44, 0x0000000000000000 | 5.71 10.35 12.10 | cpu  71668359 1045 13908729 2650608318 490665 0 203966 0 0 0
1791049986 3030, 13801, 44, 0x0000000000000000 | 5.71 10.35 12.10 | cpu  71668618 1045 13908749 2650633486 490666 0 203968 0 0 0
1791049988 3022, 13801, 44, 0x0000000000000000 | 5.71 10.35 12.10 | cpu  71669048 1045 13908768 2650658492 490666 0 203969 0 0 0
1791049989 3022, 13801, 44, 0x0000000000000000 | 5.42 10.21 12.04 | cpu  71669317 1045 13908794 2650683387 490666 0 203969 0 0 0
1791049990 3037, 13801, 44, 0x0000000000000000 | 5.42 10.21 12.04 | cpu  71669593 1045 13908812 2650707992 490670 0 203969 0 0 0
1791049991 3030, 13801, 44, 0x0000000000000000 | 5.42 10.21 12.04 | cpu  71669865 1045 13908850 2650733024 490676 0 203972 0 0 0
1791049992 3045, 13801, 44, 0x0000000000000000 | 5.42 10.21 12.04 | cpu  71670126 1045 13908900 2650759178 490678 0 203974 0 0 0
1791049993 3045, 13801, 51, 0x0000000000000000 | 5.42 10.21 12.04 | cpu  71670293 1045 13909124 2650783803 490679 0 203974 0 0 0
1791049994 3045, 13801, 51, 0x0000000000000000 | 5.14 10.08 11.99 | cpu  71670510 1045 13909142 2650808911 490680 0 203974 0 0 0
1791049996 3045, 13801, 44, 0x0000000000000000 | 5.14 10.08 11.99 | cpu  71670638 1045 13909828 2650833681 490680 0 203976 0 0 0
1791049997 3030, 13801, 44, 0x0000000000000000 | 5.14 10.08 11.99 | cpu  71670831 1045 13909870 2650858126 490680 0 203976 0 0 0
1791049998 3037, 13801, 44, 0x0000000000000000 | 5.14 10.08 11.99 | cpu  71670975 1045 13909973 2650883464 490680 0 203977 0 0 0
1791049999 3030, 13801, 44, 0x0000000000000000 | 5.05 9.97 11.95 | cpu  71671111 1045 13910033 2650908776 490687 0 203977 0 0 0
1791050000 3030, 13801, 44, 0x0000000000000000 | 5.05 9.97 11.95 | cpu  71671220 1045 13910050 2650933972 490689 0 203977 0 0 0
1791050001 3022, 13801, 44, 0x0000000000000000 | 5.05 9.97 11.95 | cpu  71671334 1045 13910132 2650958772 490691 0 203978 0 0 0
1791050002 3030, 13801, 45, 0x0000000000000000 | 5.05 9.97 11.95 | cpu  71671443 1045 13910147 2650983513 490693 0 203978 0 0 0
1791050003 3022, 13801, 45, 0x0000000000000000 | 4.81 9.84 11.89 | cpu  71671558 1045 13910174 2651008678 490693 0 203978 0 0 0
1791050005 3022, 13801, 44, 0x0000000000000000 | 4.81 9.84 11.89 | cpu  71671668 1045 13910184 2651033507 490697 0 203978 0 0 0
1791050006 3037, 13801, 45, 0x0000000000000000 | 4.81 9.84 11.89 | cpu  71671786 1045 13910201 2651058816 490697 0 203978 0 0 0
1791050007 2970, 13801, 46, 0x0000000000000000 | 4.81 9.84 11.89 | cpu  71671900 1045 13910274 2651083358 490697 0 203978 0 0 0
1791050008 3045, 13801, 44, 0x0000000000000000 | 4.81 9.84 11.89 | cpu  71673062 1045 13910298 2651107422 490700 0 203980 0 0 0
1791050009 3015, 13801, 43, 0x0000000000000000 | 4.66 9.73 11.85 | cpu  71675335 1045 13910357 2651130864 490704 0 203980 0 0 0
1791050010 2647, 13801, 43, 0x0000000000000000 | 4.66 9.73 11.85 | cpu  71676083 1045 13910371 2651155251 490707 0 203981 0 0 0
1791050011 2655, 13801, 43, 0x0000000000000000 | 4.66 9.73 11.85 | cpu  71677228 1045 13910393 2651179111 490707 0 203982 0 0 0
1791050012 2670, 13801, 43, 0x0000000000000000 | 4.66 9.73 11.85 | cpu  71677617 1045 13910414 2651203527 490707 0 203982 0 0 0
1791050014 2647, 13801, 42, 0x0000000000000000 | 4.45 9.60 11.79 | cpu  71677838 1045 13910424 2651228453 490710 0 203982 0 0 0
1791050015 2647, 13801, 42, 0x0000000000000000 | 4.45 9.60 11.79 | cpu  71679641 1045 13910458 2651251240 490715 0 203982 0 0 0
1791050016 2662, 13801, 42, 0x0000000000000000 | 4.45 9.60 11.79 | cpu  71679833 1045 13910522 2651275813 490715 0 203983 0 0 0
1791050017 2662, 13801, 42, 0x0000000000000000 | 4.45 9.60 11.79 | cpu  71679944 1045 13910538 2651300983 490716 0 203983 0 0 0
1791050018 2647, 13801, 42, 0x0000000000000000 | 4.45 9.60 11.79 | cpu  71680084 1045 13910552 2651326153 490716 0 203983 0 0 0
1791050019 2647, 13801, 42, 0x0000000000000000 | 4.25 9.47 11.74 | cpu  71680302 1045 13910571 2651351132 490718 0 203984 0 0 0
1791050020 2707, 13801, 42, 0x0000000000000000 | 4.25 9.47 11.74 | cpu  71680524 1045 13910582 2651376071 490718 0 203985 0 0 0
1791050021 2700, 13801, 42, 0x0000000000000000 | 4.25 9.47 11.74 | cpu  71680746 1045 13910604 2651401087 490718 0 203985 0 0 0
1791050022 2647, 13801, 42, 0x0000000000000000 | 4.25 9.47 11.74 | cpu  71680962 1045 13910708 2651425903 490720 0 203986 0 0 0
1791050024 2647, 13801, 44, 0x0000000000000000 | 4.07 9.35 11.69 | cpu  71681193 1045 13910729 2651450833 490720 0 203986 0 0 0
1791050025 2692, 13801, 42, 0x0000000000000000 | 4.07 9.35 11.69 | cpu  71681414 1045 13910770 2651475491 490722 0 203987 0 0 0
1791050026 2947, 13801, 44, 0x0000000000000000 | 4.07 9.35 11.69 | cpu  71681644 1045 13910790 2651500062 490722 0 203987 0 0 0
1791050027 3030, 13801, 45, 0x0000000000000000 | 4.07 9.35 11.69 | cpu  71681830 1045 13910818 2651524706 490722 0 203987 0 0 0
1791050028 3045, 13801, 53, 0x0000000000000004 | 4.07 9.35 11.69 | cpu  71681940 1045 13910833 2651549492 490724 0 203988 0 0 0
1791050029 3030, 13801, 46, 0x0000000000000000 | 3.82 9.21 11.63 | cpu  71682048 1045 13910852 2651574509 490726 0 203988 0 0 0
1791050030 3037, 13801, 47, 0x0000000000000000 | 3.82 9.21 11.63 | cpu  71682539 1045 13910878 2651598878 490726 0 203989 0 0 0
1791050031 3037, 13801, 50, 0x0000000000000000 | 3.82 9.21 11.63 | cpu  71685341 1045 13910910 2651620811 490726 0 203989 0 0 0
1791050033 3045, 13801, 51, 0x0000000000000004 | 3.82 9.21 11.63 | cpu  71685825 1045 13910926 2651644986 490728 0 203989 0 0 0
1791050034 3037, 13801, 47, 0x0000000000000000 | 3.68 9.09 11.58 | cpu  71686482 1045 13910941 2651669212 490728 0 203990 0 0 0
1791050035 3030, 13801, 45, 0x0000000000000000 | 3.68 9.09 11.58 | cpu  71687192 1045 13910953 2651693086 490729 0 203990 0 0 0
1791050036 3007, 13801, 44, 0x0000000000000000 | 3.68 9.09 11.58 | cpu  71687414 1045 13910966 2651717594 490729 0 203990 0 0 0
1791050037 3007, 13801, 45, 0x0000000000000000 | 3.68 9.09 11.58 | cpu  71688926 1045 13911046 2651741356 490729 0 203990 0 0 0
1791050038 3045, 13801, 50, 0x0000000000000000 | 3.68 9.09 11.58 | cpu  71689370 1045 13911065 2651765613 490731 0 203990 0 0 0
1791050039 3037, 13801, 47, 0x0000000000000000 | 3.46 8.95 11.52 | cpu  71689503 1045 13911078 2651790735 490731 0 203990 0 0 0
1791050040 3045, 13801, 50, 0x0000000000000000 | 3.46 8.95 11.52 | cpu  71689612 1045 13911096 2651815865 490731 0 203990 0 0 0
1791050041 3045, 13801, 44, 0x0000000000000004 | 3.46 8.95 11.52 | cpu  71689828 1045 13911121 2651840514 490731 0 203991 0 0 0
1791050043 3045, 13801, 51, 0x0000000000000004 | 3.46 8.95 11.52 | cpu  71690049 1045 13911142 2651865186 490731 0 203992 0 0 0
1791050044 3045, 13801, 49, 0x0000000000000004 | 3.35 8.84 11.47 | cpu  71690266 1045 13911157 2651889832 490731 0 203992 0 0 0
1791050045 3045, 13801, 50, 0x0000000000000004 | 3.35 8.84 11.47 | cpu  71690487 1045 13911169 2651914562 490733 0 203992 0 0 0
1791050046 3045, 13801, 52, 0x0000000000000000 | 3.35 8.84 11.47 | cpu  71690709 1045 13911185 2651939048 490734 0 203992 0 0 0
1791050047 3045, 13801, 54, 0x0000000000000000 | 3.35 8.84 11.47 | cpu  71690837 1045 13911198 2651963780 490734 0 203993 0 0 0
1791050048 3045, 13801, 44, 0x0000000000000000 | 3.35 8.84 11.47 | cpu  71690952 1045 13911213 2651988583 490734 0 203993 0 0 0
1791050049 3030, 13801, 45, 0x0000000000000000 | 3.16 8.71 11.41 | cpu  71691068 1045 13911231 2652013350 490734 0 203994 0 0 0
1791050050 3045, 13801, 44, 0x0000000000000000 | 3.16 8.71 11.41 | cpu  71691174 1045 13911245 2652038126 490738 0 203994 0 0 0
1791050051 2662, 13801, 43, 0x0000000000000000 | 3.16 8.71 11.41 | cpu  71691280 1045 13911264 2652062788 490738 0 203994 0 0 0
1791050053 2647, 13801, 43, 0x0000000000000000 | 3.16 8.71 11.41 | cpu  71694228 1045 13911343 2652085254 490739 0 203995 0 0 0
1791050054 2670, 13801, 43, 0x0000000000000000 | 3.07 8.60 11.36 | cpu  71694946 1045 13911364 2652109273 490739 0 203995 0 0 0
1791050055 2647, 13801, 43, 0x0000000000000000 | 3.07 8.60 11.36 | cpu  71696134 1045 13911377 2652132704 490739 0 203995 0 0 0
1791050056 2647, 13801, 43, 0x0000000000000000 | 3.07 8.60 11.36 | cpu  71696948 1045 13911389 2652156622 490739 0 203995 0 0 0
1791050057 2670, 13801, 42, 0x0000000000000000 | 3.07 8.60 11.36 | cpu  71697166 1045 13911406 2652181111 490741 0 203995 0 0 0
1791050058 2647, 13801, 42, 0x0000000000000000 | 3.07 8.60 11.36 | cpu  71697664 1045 13911454 2652205749 490743 0 203995 0 0 0
1791050059 2655, 13801, 42, 0x0000000000000000 | 2.90 8.47 11.31 | cpu  71699218 1045 13911472 2652229306 490744 0 203996 0 0 0
1791050060 2647, 13801, 42, 0x0000000000000000 | 2.90 8.47 11.31 | cpu  71699380 1045 13911504 2652255862 490749 0 203996 0 0 0
1791050062 2647, 13801, 42, 0x0000000000000000 | 2.90 8.47 11.31 | cpu  71699488 1045 13911526 2652280940 490753 0 203996 0 0 0
1791050063 2685, 13801, 42, 0x0000000000000000 | 2.90 8.47 11.31 | cpu  71699692 1045 13911546 2652306093 490753 0 203996 0 0 0
1791050064 2647, 13801, 42, 0x0000000000000000 | 2.83 8.36 11.26 | cpu  71699910 1045 13911567 2652331092 490753 0 203996 0 0 0
1791050065 2647, 13801, 43, 0x0000000000000000 | 2.83 8.36 11.26 | cpu  71700190 1045 13911631 2652355569 490753 0 203996 0 0 0
1791050066 2647, 13801, 42, 0x0000000000000000 | 2.83 8.36 11.26 | cpu  71700300 1045 13911670 2652380231 490755 0 203997 0 0 0
1791050067 2647, 13801, 42, 0x0000000000000000 | 2.83 8.36 11.26 | cpu  71700408 1045 13911692 2652405019 490757 0 203998 0 0 0
1791050068 2655, 13801, 42, 0x0000000000000000 | 2.83 8.36 11.26 | cpu  71700520 1045 13911706 2652429826 490757 0 203998 0 0 0
1791050069 2722, 13801, 42, 0x0000000000000000 | 2.68 8.24 11.20 | cpu  71700636 1045 13911726 2652454558 490757 0 204000 0 0 0
1791050070 2647, 13801, 42, 0x0000000000000000 | 2.68 8.24 11.20 | cpu  71700753 1045 13911765 2652479125 490757 0 204000 0 0 0
1791050072 2647, 13801, 43, 0x0000000000000000 | 2.68 8.24 11.20 | cpu  71700875 1045 13911823 2652503866 490759 0 204000 0 0 0
1791050073 2655, 13801, 42, 0x0000000000000000 | 2.68 8.24 11.20 | cpu  71701002 1045 13911849 2652529016 490762 0 204001 0 0 0
1791050074 2647, 13801, 42, 0x0000000000000000 | 2.55 8.12 11.14 | cpu  71701110 1045 13911860 2652553790 490762 0 204001 0 0 0
1791050075 3052, 13801, 53, 0x0000000000000000 | 2.55 8.12 11.14 | cpu  71701219 1045 13911873 2652578524 490762 0 204001 0 0 0
1791050076 3037, 13801, 43, 0x0000000000000000 | 2.55 8.12 11.14 | cpu  71701328 1045 13911886 2652603273 490762 0 204001 0 0 0
1791050077 3007, 13801, 44, 0x0000000000000000 | 2.55 8.12 11.14 | cpu  71701436 1045 13911903 2652628102 490762 0 204001 0 0 0
1791050078 3045, 13801, 53, 0x0000000000000004 | 2.55 8.12 11.14 | cpu  71701550 1045 13911915 2652653937 490766 0 204001 0 0 0
1791050079 3045, 13801, 43, 0x0000000000000000 | 2.42 8.00 11.09 | cpu  71701662 1045 13911928 2652679542 490766 0 204002 0 0 0
1791050081 3007, 13801, 44, 0x0000000000000000 | 2.42 8.00 11.09 | cpu  71701772 1045 13911940 2652704759 490768 0 204002 0 0 0
1791050082 3045, 13801, 50, 0x0000000000000000 | 2.42 8.00 11.09 | cpu  71701882 1045 13911958 2652729950 490769 0 204002 0 0 0
1791050083 3045, 13801, 51, 0x0000000000000004 | 2.42 8.00 11.09 | cpu  71701992 1045 13911970 2652754787 490769 0 204003 0 0 0
1791050084 3037, 13801, 44, 0x0000000000000000 | 2.31 7.88 11.04 | cpu  71702104 1045 13911992 2652779585 490771 0 204003 0 0 0
1791050085 3007, 13801, 44, 0x0000000000000000 | 2.31 7.88 11.04 | cpu  71702402 1045 13912009 2652804089 490771 0 204003 0 0 0
1791050086 2992, 13801, 44, 0x0000000000000000 | 2.31 7.88 11.04 | cpu  71702510 1045 13912022 2652828770 490775 0 204003 0 0 0
1791050087 2977, 13801, 45, 0x0000000000000000 | 2.31 7.88 11.04 | cpu  71702620 1045 13912038 2652853375 490775 0 204004 0 0 0
1791050088 3045, 13801, 44, 0x0000000000000004 | 2.31 7.88 11.04 | cpu  71702731 1045 13912053 2652878549 490777 0 204004 0 0 0
1791050089 3030, 13801, 44, 0x0000000000000000 | 2.28 7.79 10.99 | cpu  71702841 1045 13912064 2652903287 490777 0 204004 0 0 0
1791050091 3030, 13801, 45, 0x0000000000000000 | 2.28 7.79 10.99 | cpu  71702950 1045 13912076 2652928183 490778 0 204004 0 0 0
1791050092 3037, 13801, 46, 0x0000000000000000 | 2.28 7.79 10.99 | cpu  71703062 1045 13912092 2652953484 490778 0 204005 0 0 0
1791050093 3045, 13801, 53, 0x0000000000000004 | 2.28 7.79 10.99 | cpu  71703175 1045 13912146 2652978156 490779 0 204005 0 0 0
1791050094 3045, 13801, 51, 0x0000000000000004 | 2.18 7.67 10.93 | cpu  71703293 1045 13912166 2653003239 490779 0 204005 0 0 0
1791050095 3037, 13801, 44, 0x0000000000000000 | 2.18 7.67 10.93 | cpu  71704954 1045 13912190 2653025819 490779 0 204006 0 0 0
1791050096 3007, 13801, 45, 0x0000000000000000 | 2.18 7.67 10.93 | cpu  71706776 1045 13912541 2653049249 490783 0 204006 0 0 0
1791050097 3030, 13801, 45, 0x0000000000000000 | 2.18 7.67 10.93 | cpu  71708602 1045 13912708 2653071976 490784 0 204006 0 0 0
1791050098 3030, 13801, 45, 0x0000000000000000 | 2.25 7.60 10.89 | cpu  71709222 1045 13912820 2653095846 490784 0 204007 0 0 0
1791050100 3045, 13801, 44, 0x0000000000000000 | 2.25 7.60 10.89 | cpu  71709969 1045 13912831 2653120213 490785 0 204007 0 0 0
1791050101 3022, 13801, 45, 0x0000000000000000 | 2.25 7.60 10.89 | cpu  71710775 1045 13912852 2653145010 490785 0 204007 0 0 0
1791050102 3045, 13801, 44, 0x0000000000000000 | 2.25 7.60 10.89 | cpu  71711010 1045 13912890 2653169428 490785 0 204008 0 0 0
1791050103 2700, 13801, 43, 0x0000000000000000 | 2.25 7.60 10.89 | cpu  71712626 1045 13913000 2653192887 490785 0 204008 0 0 0
1791050104 2662, 13801, 43, 0x0000000000000000 | 2.23 7.50 10.84 | cpu  71712998 1045 13913027 2653217233 490787 0 204008 0 0 0
1791050105 2647, 13801, 43, 0x0000000000000000 | 2.23 7.50 10.84 | cpu  71713109 1045 13913043 2653241977 490787 0 204008 0 0 0
1791050106 2662, 13801, 43, 0x0000000000000000 | 2.23 7.50 10.84 | cpu  71713221 1045 13913060 2653266659 490787 0 204008 0 0 0
1791050107 2647, 13801, 43, 0x0000000000000000 | 2.23 7.50 10.84 | cpu  71713403 1045 13913081 2653291258 490787 0 204008 0 0 0
1791050108 2670, 13801, 42, 0x0000000000000000 | 2.29 7.43 10.80 | cpu  71713619 1045 13913094 2653315814 490787 0 204008 0 0 0
1791050110 2647, 13801, 43, 0x0000000000000000 | 2.29 7.43 10.80 | cpu  71713841 1045 13913111 2653341264 490791 0 204009 0 0 0
1791050111 2647, 13801, 42, 0x0000000000000000 | 2.29 7.43 10.80 | cpu  71714060 1045 13913124 2653365877 490791 0 204009 0 0 0
1791050112 2647, 13801, 42, 0x0000000000000000 | 2.29 7.43 10.80 | cpu  71714185 1045 13913144 2653390575 490793 0 204011 0 0 0
1791050113 2655, 13801, 42, 0x0000000000000000 | 2.29 7.43 10.80 | cpu  71714294 1045 13913164 2653415488 490793 0 204011 0 0 0
1791050114 2662, 13801, 42, 0x0000000000000000 | 2.18 7.32 10.75 | cpu  71714402 1045 13913177 2653440682 490793 0 204011 0 0 0
1791050115 2670, 13801, 42, 0x0000000000000000 | 2.18 7.32 10.75 | cpu  71714517 1045 13913192 2653466685 490796 0 204012 0 0 0
1791050116 2655, 13801, 42, 0x0000000000000000 | 2.18 7.32 10.75 | cpu  71718025 1045 13913220 2653488033 490796 0 204012 0 0 0
1791050118 2647, 13801, 42, 0x0000000000000000 | 2.18 7.32 10.75 | cpu  71718835 1045 13913288 2653514120 490797 0 204014 0 0 0
1791050119 2655, 13801, 42, 0x0000000000000000 | 2.25 7.25 10.71 | cpu  71719590 1045 13913314 2653539146 490797 0 204015 0 0 0
1791050120 2662, 13801, 42, 0x0000000000000000 | 2.25 7.25 10.71 | cpu  71720372 1045 13913326 2653563450 490799 0 204015 0 0 0
1791050121 2655, 13801, 42, 0x0000000000000000 | 2.25 7.25 10.71 | cpu  71720589 1045 13913341 2653588032 490799 0 204015 0 0 0
1791050122 2647, 13801, 42, 0x0000000000000000 | 2.25 7.25 10.71 | cpu  71721763 1045 13913375 2653611723 490801 0 204015 0 0 0
1791050123 2662, 13801, 42, 0x0000000000000000 | 2.25 7.25 10.71 | cpu  71722650 1045 13913396 2653636003 490801 0 204015 0 0 0
1791050124 2670, 13801, 42, 0x0000000000000000 | 2.15 7.14 10.65 | cpu  71722774 1045 13913409 2653660686 490801 0 204016 0 0 0
1791050125 2677, 13801, 42, 0x0000000000000000 | 2.15 7.14 10.65 | cpu  71722891 1045 13913426 2653686338 490803 0 204016 0 0 0
1791050127 2647, 13801, 42, 0x0000000000000000 | 2.15 7.14 10.65 | cpu  71723107 1045 13913448 2653710940 490803 0 204016 0 0 0
1791050128 2655, 13801, 41, 0x0000000000000000 | 2.15 7.14 10.65 | cpu  71723332 1045 13913466 2653736426 490803 0 204016 0 0 0
1791050129 2655, 13801, 41, 0x0000000000000000 | 2.22 7.08 10.61 | cpu  71723538 1045 13913502 2653761381 490803 0 204016 0 0 0
1791050130 2715, 13801, 42, 0x0000000000000000 | 2.22 7.08 10.61 | cpu  71723657 1045 13913566 2653786544 490803 0 204016 0 0 0
1791050131 2647, 13801, 45, 0x0000000000000000 | 2.22 7.08 10.61 | cpu  71723778 1045 13913581 2653811156 490803 0 204016 0 0 0
1791050132 2715, 13801, 42, 0x0000000000000000 | 2.22 7.08 10.61 | cpu  71727283 1045 13913645 2653833440 490807 0 204016 0 0 0
1791050133 3052, 13801, 42, 0x0000000000000000 | 2.22 7.08 10.61 | cpu  71728009 1045 13913666 2653857752 490807 0 204016 0 0 0
1791050134 2917, 13801, 42, 0x0000000000000000 | 2.20 6.99 10.57 | cpu  71728829 1045 13913684 2653882247 490807 0 204018 0 0 0
1791050136 2647, 13801, 41, 0x0000000000000000 | 2.20 6.99 10.57 | cpu  71729638 1045 13913698 2653906553 490807 0 204018 0 0 0
1791050137 2655, 13801, 41, 0x0000000000000000 | 2.20 6.99 10.57 | cpu  71729854 1045 13913712 2653931047 490807 0 204019 0 0 0
1791050138 3000, 13801, 42, 0x0000000000000000 | 2.20 6.99 10.57 | cpu  71731082 1045 13913740 2653955157 490811 0 204019 0 0 0
1791050139 2985, 13801, 43, 0x0000000000000000 | 2.18 6.91 10.52 | cpu  71731899 1045 13913751 2653979502 490811 0 204019 0 0 0
1791050140 3007, 13801, 44, 0x0000000000000000 | 2.18 6.91 10.52 | cpu  71732043 1045 13913764 2654004211 490811 0 204019 0 0 0
1791050141 2985, 13801, 44, 0x0000000000000000 | 2.18 6.91 10.52 | cpu  71732234 1045 13913805 2654029201 490816 0 204019 0 0 0
1791050142 3015, 13801, 44, 0x0000000000000000 | 2.18 6.91 10.52 | cpu  71732594 1045 13913833 2654054424 490816 0 204023 0 0 0
1791050143 3022, 13801, 45, 0x0000000000000000 | 2.18 6.91 10.52 | cpu  71732964 1045 13913852 2654078849 490818 0 204024 0 0 0
1791050145 3015, 13801, 44, 0x0000000000000000 | 2.33 6.86 10.48 | cpu  71733353 1045 13913870 2654103983 490818 0 204024 0 0 0
1791050146 3022, 13801, 44, 0x0000000000000000 | 2.33 6.86 10.48 | cpu  71733730 1045 13913902 2654128508 490818 0 204024 0 0 0
1791050147 3015, 13801, 44, 0x0000000000000000 | 2.33 6.86 10.48 | cpu  71734139 1045 13913924 2654154260 490820 0 204024 0 0 0
1791050148 3037, 13801, 47, 0x0000000000000004 | 2.33 6.86 10.48 | cpu  71734426 1045 13914163 2654178556 490827 0 204032 0 0 0
1791050149 3045, 13801, 44, 0x0000000000000000 | 2.38 6.80 10.44 | cpu  71734690 1045 13914200 2654203491 490827 0 204032 0 0 0
1791050150 3007, 13801, 44, 0x0000000000000000 | 2.38 6.80 10.44 | cpu  71734806 1045 13914315 2654228114 490827 0 204035 0 0 0
1791050151 3007, 13801, 44, 0x0000000000000000 | 2.38 6.80 10.44 | cpu  71735160 1045 13914942 2654251852 490829 0 204036 0 0 0
1791050152 3030, 13801, 45, 0x0000000000000000 | 2.38 6.80 10.44 | cpu  71735315 1045 13915036 2654276432 490830 0 204037 0 0 0
1791050154 3037, 13801, 46, 0x0000000000000000 | 2.35 6.72 10.40 | cpu  71738374 1045 13915124 2654299345 490836 0 204039 0 0 0
1791050155 3037, 13801, 47, 0x0000000000000000 | 2.35 6.72 10.40 | cpu  71738825 1045 13915606 2654324610 490838 0 204039 0 0 0
1791050156 3045, 13801, 49, 0x0000000000000000 | 2.35 6.72 10.40 | cpu  71740626 1045 13915738 2654347543 490838 0 204039 0 0 0
1791050157 3045, 13801, 50, 0x0000000000000000 | 2.35 6.72 10.40 | cpu  71741864 1045 13915822 2654370706 490838 0 204040 0 0 0
1791050158 3045, 13801, 50, 0x0000000000000000 | 2.35 6.72 10.40 | cpu  71742081 1045 13915833 2654395147 490838 0 204040 0 0 0
1791050159 3022, 13801, 46, 0x0000000000000000 | 2.32 6.64 10.35 | cpu  71742814 1045 13915846 2654419280 490844 0 204040 0 0 0
1791050160 3045, 13801, 51, 0x0000000000000000 | 2.32 6.64 10.35 | cpu  71743035 1045 13915857 2654444056 490844 0 204041 0 0 0
1791050161 3045, 13801, 44, 0x0000000000000000 | 2.32 6.64 10.35 | cpu  71744825 1045 13915887 2654467912 490844 0 204042 0 0 0
1791050163 3045, 13801, 45, 0x0000000000000000 | 2.32 6.64 10.35 | cpu  71745125 1045 13915911 2654492360 490844 0 204042 0 0 0
1791050164 3037, 13801, 44, 0x0000000000000000 | 2.30 6.56 10.31 | cpu  71745264 1045 13915934 2654517231 490844 0 204042 0 0 0
1791050165 2737, 13801, 43, 0x0000000000000000 | 2.30 6.56 10.31 | cpu  71745372 1045 13915962 2654542024 490849 0 204042 0 0 0
1791050166 2670, 13801, 43, 0x0000000000000000 | 2.30 6.56 10.31 | cpu  71745584 1045 13915982 2654566728 490850 0 204042 0 0 0
1791050167 2707, 13801, 43, 0x0000000000000000 | 2.30 6.56 10.31 | cpu  71745802 1045 13915995 2654591387 490850 0 204042 0 0 0
1791050168 2647, 13801, 43, 0x0000000000000000 | 2.30 6.56 10.31 | cpu  71746020 1045 13916018 2654616049 490850 0 204043 0 0 0
1791050169 2662, 13801, 42, 0x0000000000000000 | 2.27 6.48 10.26 | cpu  71746237 1045 13916032 2654640613 490850 0 204043 0 0 0
1791050170 2655, 13801, 42, 0x0000000000000000 | 2.27 6.48 10.26 | cpu  71746372 1045 13916093 2654666267 490852 0 204043 0 0 0
1791050171 3045, 13801, 44, 0x0000000000000000 | 2.27 6.48 10.26 | cpu  71746484 1045 13916111 2654691443 490852 0 204044 0 0 0
1791050173 3037, 13801, 44, 0x0000000000000000 | 2.27 6.48 10.26 | cpu  71746602 1045 13916134 2654716166 490852 0 204044 0 0 0
1791050174 3015, 13801, 50, 0x0000000000000000 | 2.17 6.39 10.21 | cpu  71746710 1045 13916143 2654740846 490852 0 204044 0 0 0
1791050175 3045, 13801, 44, 0x0000000000000000 | 2.17 6.39 10.21 | cpu  71749006 1045 13916172 2654763993 490859 0 204046 0 0 0
1791050176 3045, 13801, 43, 0x0000000000000000 | 2.17 6.39 10.21 | cpu  71751138 1045 13916204 2654786823 490861 0 204046 0 0 0
1791050177 2655, 13801, 42, 0x0000000000000000 | 2.17 6.39 10.21 | cpu  71751796 1045 13916213 2654810829 490863 0 204046 0 0 0
1791050178 2647, 13801, 45, 0x0000000000000000 | 2.17 6.39 10.21 | cpu  71752537 1045 13916230 2654834896 490863 0 204048 0 0 0
1791050179 2647, 13801, 42, 0x0000000000000000 | 2.08 6.30 10.16 | cpu  71753284 1045 13916269 2654858841 490867 0 204048 0 0 0
1791050180 2962, 13801, 45, 0x0000000000000000 | 2.08 6.30 10.16 | cpu  71753503 1045 13916292 2654883371 490867 0 204048 0 0 0
1791050182 3045, 13801, 43, 0x0000000000000000 | 2.08 6.30 10.16 | cpu  71755273 1045 13916332 2654907204 490869 0 204048 0 0 0
1791050183 2857, 13801, 42, 0x0000000000000000 | 2.08 6.30 10.16 | cpu  71755534 1045 13916362 2654931195 490869 0 204048 0 0 0
1791050184 2647, 13801, 42, 0x0000000000000000 | 1.99 6.21 10.11 | cpu  71755644 1045 13916388 2654956111 490871 0 204049 0 0 0
1791050185 2647, 13801, 42, 0x0000000000000000 | 1.99 6.21 10.11 | cpu  71755769 1045 13916413 2654981063 490871 0 204049 0 0 0
1791050186 2647, 13801, 42, 0x0000000000000000 | 1.99 6.21 10.11 | cpu  71755984 1045 13916436 2655005480 490871 0 204050 0 0 0
1791050187 2670, 13801, 42, 0x0000000000000000 | 1.99 6.21 10.11 | cpu  71756198 1045 13916471 2655030170 490872 0 204052 0 0 0
1791050188 2647, 13801, 42, 0x0000000000000000 | 1.99 6.21 10.11 | cpu  71756409 1045 13916503 2655054375 490872 0 204052 0 0 0
1791050189 2647, 13801, 42, 0x0000000000000000 | 1.99 6.14 10.07 | cpu  71756628 1045 13916524 2655079034 490872 0 204052 0 0 0
1791050190 2647, 13801, 42, 0x0000000000000000 | 1.99 6.14 10.07 | cpu  71756844 1045 13916546 2655103509 490882 0 204052 0 0 0
1791050192 2647, 13801, 41, 0x0000000000000000 | 1.99 6.14 10.07 | cpu  71756972 1045 13916576 2655128974 490882 0 204055 0 0 0
1791050193 2647, 13801, 41, 0x0000000000000000 | 1.99 6.14 10.07 | cpu  71757084 1045 13916600 2655153670 490884 0 204055 0 0 0
1791050194 2647, 13801, 41, 0x0000000000000000 | 1.91 6.06 10.02 | cpu  71757202 1045 13916691 2655178390 490884 0 204056 0 0 0
1791050195 2647, 13801, 41, 0x0000000000000000 | 1.91 6.06 10.02 | cpu  71757312 1045 13916713 2655203049 490886 0 204056 0 0 0
1791050196 2647, 13801, 41, 0x0000000000000000 | 1.91 6.06 10.02 | cpu  71758810 1045 13916771 2655226387 490886 0 204056 0 0 0
1791050197 2647, 13801, 41, 0x0000000000000000 | 1.91 6.06 10.02 | cpu  71760047 1045 13917176 2655248975 490887 0 204056 0 0 0
1791050198 2647, 13801, 41, 0x0000000000000000 | 1.91 6.06 10.02 | cpu  71761900 1045 13917465 2655271850 490889 0 204056 0 0 0
1791050199 2655, 13801, 41, 0x0000000000000000 | 1.92 5.99 9.98 | cpu  71762612 1045 13917606 2655295296 490891 0 204058 0 0 0
1791050200 2647, 13801, 41, 0x0000000000000000 | 1.92 5.99 9.98 | cpu  71763285 1045 13917624 2655318783 490891 0 204058 0 0 0
1791050201 2647, 13801, 41, 0x0000000000000000 | 1.92 5.99 9.98 | cpu  71764056 1045 13917646 2655342703 490891 0 204058 0 0 0
1791050203 2647, 13801, 41, 0x0000000000000000 | 1.92 5.99 9.98 | cpu  71764271 1045 13917668 2655367150 490891 0 204058 0 0 0
1791050204 2647, 13801, 41, 0x0000000000000000 | 1.93 5.92 9.93 | cpu  71764494 1045 13917689 2655391983 490892 0 204060 0 0 0
1791050205 2647, 13801, 41, 0x0000000000000000 | 1.93 5.92 9.93 | cpu  71766272 1045 13917725 2655414852 490892 0 204060 0 0 0
1791050206 2647, 13801, 41, 0x0000000000000000 | 1.93 5.92 9.93 | cpu  71766690 1045 13917752 2655439126 490892 0 204060 0 0 0
1791050207 2647, 13801, 41, 0x0000000000000000 | 1.93 5.92 9.93 | cpu  71766801 1045 13917775 2655463289 490892 0 204060 0 0 0
1791050208 2647, 13801, 41, 0x0000000000000000 | 1.93 5.92 9.93 | cpu  71766957 1045 13917804 2655487828 490894 0 204062 0 0 0
1791050209 2647, 13801, 41, 0x0000000000000000 | 1.93 5.86 9.89 | cpu  71767174 1045 13917832 2655512369 490894 0 204063 0 0 0
1791050210 2647, 13801, 41, 0x0000000000000000 | 1.93 5.86 9.89 | cpu  71767390 1045 13917857 2655536856 490894 0 204063 0 0 0
1791050211 2647, 13801, 41, 0x0000000000000000 | 1.93 5.86 9.89 | cpu  71767612 1045 13917874 2655561356 490894 0 204063 0 0 0
1791050212 2647, 13801, 41, 0x0000000000000000 | 1.93 5.86 9.89 | cpu  71767832 1045 13917898 2655586237 490894 0 204064 0 0 0
1791050214 2647, 13801, 41, 0x0000000000000000 | 1.94 5.79 9.85 | cpu  71768052 1045 13917924 2655610841 490896 0 204064 0 0 0
1791050215 2647, 13801, 41, 0x0000000000000000 | 1.94 5.79 9.85 | cpu  71768272 1045 13917945 2655635446 490896 0 204070 0 0 0
1791050216 2647, 13801, 40, 0x0000000000000000 | 1.94 5.79 9.85 | cpu  71768492 1045 13917968 2655660044 490896 0 204070 0 0 0
1791050217 2647, 13801, 40, 0x0000000000000000 | 1.94 5.79 9.85 | cpu  71768678 1045 13917990 2655684729 490896 0 204070 0 0 0
1791050218 2647, 13801, 40, 0x0000000000000000 | 1.94 5.79 9.85 | cpu  71768795 1045 13918014 2655709388 490896 0 204070 0 0 0
1791050219 2647, 13801, 40, 0x0000000000000000 | 1.86 5.71 9.80 | cpu  71768904 1045 13918036 2655733640 490897 0 204070 0 0 0
1791050220 2647, 13801, 40, 0x0000000000000000 | 1.86 5.71 9.80 | cpu  71769010 1045 13918057 2655757885 490897 0 204070 0 0 0
1791050221 2647, 13801, 40, 0x0000000000000000 | 1.86 5.71 9.80 | cpu  71769120 1045 13918090 2655782518 490898 0 204070 0 0 0
1791050222 2647, 13801, 41, 0x0000000000000000 | 1.86 5.71 9.80 | cpu  71769568 1045 13918219 2655807481 490899 0 204072 0 0 0
1791050224 2647, 13801, 40, 0x0000000000000000 | 2.43 5.77 9.80 | cpu  71771723 1045 13918524 2655828956 490899 0 204074 0 0 0
1791050225 2647, 13801, 40, 0x0000000000000000 | 2.43 5.77 9.80 | cpu  71773105 1045 13918952 2655853125 490902 0 204074 0 0 0
1791050226 2647, 13801, 40, 0x0000000000000000 | 2.43 5.77 9.80 | cpu  71773858 1045 13919088 2655877145 490903 0 204075 0 0 0
1791050227 2647, 13801, 40, 0x0000000000000000 | 2.43 5.77 9.80 | cpu  71775085 1045 13919178 2655901166 490903 0 204076 0 0 0
1791050228 2647, 13801, 40, 0x0000000000000000 | 2.43 5.77 9.80 | cpu  71775720 1045 13919204 2655925459 490903 0 204076 0 0 0
1791050229 2647, 13801, 40, 0x0000000000000000 | 2.48 5.72 9.76 | cpu  71776132 1045 13919228 2655949893 490903 0 204076 0 0 0
1791050230 2647, 13801, 40, 0x0000000000000000 | 2.48 5.72 9.76 | cpu  71776352 1045 13919247 2655974426 490906 0 204076 0 0 0
1791050231 2647, 13801, 40, 0x0000000000000000 | 2.48 5.72 9.76 | cpu  71778026 1045 13919298 2655996606 490907 0 204076 0 0 0
1791050232 2647, 13801, 40, 0x0000000000000000 | 2.48 5.72 9.76 | cpu  71778226 1045 13919332 2656021280 490908 0 204076 0 0 0
1791050234 2647, 13801, 40, 0x0000000000000000 | 2.44 5.66 9.72 | cpu  71778338 1045 13919360 2656046335 490908 0 204076 0 0 0
1791050235 2647, 13801, 40, 0x0000000000000000 | 2.44 5.66 9.72 | cpu  71778475 1045 13919388 2656071067 490909 0 204076 0 0 0
1791050236 2647, 13801, 40, 0x0000000000000000 | 2.44 5.66 9.72 | cpu  71778685 1045 13919415 2656095217 490909 0 204076 0 0 0
1791050237 2647, 13801, 40, 0x0000000000000000 | 2.44 5.66 9.72 | cpu  71778905 1045 13919436 2656119773 490909 0 204076 0 0 0
1791050238 2647, 13801, 40, 0x0000000000000000 | 2.44 5.66 9.72 | cpu  71779126 1045 13919463 2656144379 490909 0 204077 0 0 0
1791050239 2647, 13801, 40, 0x0000000000000000 | 2.41 5.60 9.68 | cpu  71779342 1045 13919486 2656168818 490909 0 204077 0 0 0
1791050240 2647, 13801, 40, 0x0000000000000000 | 2.41 5.60 9.68 | cpu  71779560 1045 13919505 2656193036 490909 0 204077 0 0 0
1791050241 2647, 13801, 40, 0x0000000000000000 | 2.41 5.60 9.68 | cpu  71779779 1045 13919534 2656217717 490914 0 204077 0 0 0
1791050242 2647, 13801, 40, 0x0000000000000000 | 2.41 5.60 9.68 | cpu  71779907 1045 13919561 2656242895 490914 0 204077 0 0 0
1791050244 2647, 13801, 40, 0x0000000000000000 | 2.45 5.56 9.64 | cpu  71780024 1045 13919602 2656268375 490914 0 204078 0 0 0
1791050245 2647, 13801, 40, 0x0000000000000000 | 2.45 5.56 9.64 | cpu  71780136 1045 13919626 2656293195 490914 0 204078 0 0 0
1791050246 2647, 13801, 40, 0x0000000000000000 | 2.45 5.56 9.64 | cpu  71780248 1045 13919648 2656318039 490918 0 204078 0 0 0
1791050247 2670, 13801, 40, 0x0000000000000000 | 2.45 5.56 9.64 | cpu  71780356 1045 13919672 2656342790 490920 0 204078 0 0 0
1791050248 2647, 13801, 40, 0x0000000000000000 | 2.45 5.56 9.64 | cpu  71780475 1045 13919756 2656367470 490920 0 204084 0 0 0
1791050249 2647, 13801, 40, 0x0000000000000000 | 2.50 5.51 9.60 | cpu  71782643 1045 13919788 2656390125 490921 0 204084 0 0 0
1791050250 2647, 13801, 40, 0x0000000000000000 | 2.50 5.51 9.60 | cpu  71783992 1045 13919829 2656413374 490921 0 204084 0 0 0
1791050251 2647, 13801, 40, 0x0000000000000000 | 2.50 5.51 9.60 | cpu  71785134 1045 13919851 2656437257 490923 0 204084 0 0 0
1791050252 2647, 13801, 40, 0x0000000000000000 | 2.50 5.51 9.60 | cpu  71785912 1045 13919890 2656461254 490923 0 204084 0 0 0
1791050254 2647, 13801, 39, 0x0000000000000000 | 2.54 5.47 9.57 | cpu  71786133 1045 13919919 2656485736 490923 0 204084 0 0 0
1791050255 2647, 13801, 39, 0x0000000000000000 | 2.54 5.47 9.57 | cpu  71786358 1045 13919943 2656510211 490923 0 204084 0 0 0
1791050256 2647, 13801, 39, 0x0000000000000000 | 2.54 5.47 9.57 | cpu  71788137 1045 13919984 2656533253 490924 0 204085 0 0 0
1791050257 2647, 13801, 39, 0x0000000000000000 | 2.54 5.47 9.57 | cpu  71788318 1045 13920013 2656557894 490926 0 204085 0 0 0
1791050258 2647, 13801, 39, 0x0000000000000000 | 2.54 5.47 9.57 | cpu  71788431 1045 13920104 2656582498 490926 0 204085 0 0 0
1791050259 2745, 13801, 40, 0x0000000000000000 | 2.50 5.41 9.53 | cpu  71788592 1045 13920126 2656607100 490926 0 204086 0 0 0
1791050260 2647, 13801, 39, 0x0000000000000000 | 2.50 5.41 9.53 | cpu  71788811 1045 13920150 2656632077 490926 0 204086 0 0 0
1791050261 2647, 13801, 39, 0x0000000000000000 | 2.50 5.41 9.53 | cpu  71789033 1045 13920172 2656656918 490927 0 204086 0 0 0
1791050262 2647, 13801, 39, 0x0000000000000000 | 2.50 5.41 9.53 | cpu  71789250 1045 13920200 2656681739 490931 0 204086 0 0 0
1791050264 2647, 13801, 39, 0x0000000000000000 | 2.45 5.36 9.49 | cpu  71789477 1045 13920226 2656706572 490931 0 204086 0 0 0
1791050265 2647, 13801, 39, 0x0000000000000000 | 2.45 5.36 9.49 | cpu  71789690 1045 13920247 2656731175 490931 0 204087 0 0 0
1791050266 2647, 13801, 39, 0x0000000000000000 | 2.45 5.36 9.49 | cpu  71789809 1045 13920266 2656755944 490931 0 204087 0 0 0
1791050267 2677, 13801, 39, 0x0000000000000000 | 2.45 5.36 9.49 | cpu  71789915 1045 13920298 2656780675 490933 0 204087 0 0 0
1791050268 2647, 13801, 39, 0x0000000000000000 | 2.45 5.36 9.49 | cpu  71790025 1045 13920327 2656805353 490937 0 204088 0 0 0
1791050269 2647, 13801, 39, 0x0000000000000000 | 2.34 5.28 9.44 | cpu  71790136 1045 13920347 2656830403 490937 0 204088 0 0 0
1791050270 2670, 13801, 39, 0x0000000000000000 | 2.34 5.28 9.44 | cpu  71792163 1045 13920376 2656853532 490937 0 204088 0 0 0
1791050271 3037, 13801, 41, 0x0000000000000000 | 2.34 5.28 9.44 | cpu  71792970 1045 13920804 2656877109 490937 0 204089 0 0 0
1791050273 3052, 13801, 40, 0x0000000000000000 | 2.34 5.28 9.44 | cpu  71794914 1045 13921035 2656898955 490940 0 204090 0 0 0
1791050274 2647, 13801, 39, 0x0000000000000000 | 2.47 5.26 9.41 | cpu  71795725 1045 13921187 2656923421 490944 0 204092 0 0 0
1791050275 2647, 13801, 39, 0x0000000000000000 | 2.47 5.26 9.41 | cpu  71796677 1045 13921208 2656946416 490944 0 204094 0 0 0
1791050276 2670, 13801, 39, 0x0000000000000000 | 2.47 5.26 9.41 | cpu  71797704 1045 13921235 2656970147 490944 0 204096 0 0 0
1791050277 2647, 13801, 39, 0x0000000000000000 | 2.47 5.26 9.41 | cpu  71798093 1045 13921262 2656994960 490944 0 204096 0 0 0
1791050278 2647, 13801, 39, 0x0000000000000000 | 2.47 5.26 9.41 | cpu  71799515 1045 13921300 2657018312 490947 0 204099 0 0 0
1791050279 2647, 13801, 39, 0x0000000000000000 | 2.59 5.24 9.38 | cpu  71800528 1045 13921340 2657042875 490951 0 204100 0 0 0
1791050280 2647, 13801, 39, 0x0000000000000000 | 2.59 5.24 9.38 | cpu  71800657 1045 13921364 2657067543 490951 0 204100 0 0 0
1791050281 2647, 13801, 39, 0x0000000000000000 | 2.59 5.24 9.38 | cpu  71800766 1045 13921386 2657092240 490951 0 204100 0 0 0
1791050283 2647, 13801, 39, 0x0000000000000000 | 2.59 5.24 9.38 | cpu  71800939 1045 13921417 2657116710 490951 0 204100 0 0 0
1791050284 2670, 13801, 39, 0x0000000000000000 | 2.63 5.20 9.35 | cpu  71801343 1045 13921445 2657140941 490953 0 204100 0 0 0
1791050285 2647, 13801, 39, 0x0000000000000000 | 2.63 5.20 9.35 | cpu  71801563 1045 13921466 2657165512 490955 0 204102 0 0 0
1791050286 2647, 13801, 39, 0x0000000000000000 | 2.63 5.20 9.35 | cpu  71801780 1045 13921490 2657190026 490955 0 204102 0 0 0
1791050287 2647, 13801, 39, 0x0000000000000000 | 2.63 5.20 9.35 | cpu  71802008 1045 13921520 2657215046 490955 0 204103 0 0 0
1791050288 2647, 13801, 39, 0x0000000000000000 | 2.63 5.20 9.35 | cpu  71802150 1045 13921544 2657239733 490955 0 204103 0 0 0
1791050289 2647, 13801, 39, 0x0000000000000000 | 2.50 5.13 9.30 | cpu  71802264 1045 13921568 2657264498 490957 0 204104 0 0 0
1791050290 2647, 13801, 39, 0x0000000000000000 | 2.50 5.13 9.30 | cpu  71802372 1045 13921594 2657289348 490959 0 204104 0 0 0
1791050291 2880, 13801, 40, 0x0000000000000000 | 2.50 5.13 9.30 | cpu  71802536 1045 13921663 2657314458 490959 0 204107 0 0 0
1791050293 2647, 13801, 39, 0x0000000000000000 | 2.50 5.13 9.30 | cpu  71802648 1045 13921686 2657339232 490959 0 204107 0 0 0
1791050294 2647, 13801, 39, 0x0000000000000000 | 2.38 5.06 9.26 | cpu  71802764 1045 13921717 2657363890 490959 0 204107 0 0 0
1791050295 2647, 13801, 39, 0x0000000000000000 | 2.38 5.06 9.26 | cpu  71803078 1045 13921762 2657388433 490964 0 204107 0 0 0
1791050296 2647, 13801, 39, 0x0000000000000000 | 2.38 5.06 9.26 | cpu  71803190 1045 13921782 2657413664 490965 0 204107 0 0 0
1791050297 2647, 13801, 39, 0x0000000000000000 | 2.38 5.06 9.26 | cpu  71803307 1045 13921805 2657438372 490965 0 204108 0 0 0
1791050298 2647, 13801, 39, 0x0000000000000000 | 2.38 5.06 9.26 | cpu  71806665 1045 13921852 2657459752 490965 0 204108 0 0 0
1791050299 2647, 13801, 39, 0x0000000000000000 | 2.43 5.03 9.22 | cpu  71806966 1045 13921883 2657484316 490968 0 204108 0 0 0
1791050300 2647, 13801, 39, 0x0000000000000000 | 2.43 5.03 9.22 | cpu  71808299 1045 13921911 2657507753 490969 0 204108 0 0 0
1791050301 2647, 13801, 39, 0x0000000000000000 | 2.43 5.03 9.22 | cpu  71809117 1045 13921930 2657531589 490969 0 204108 0 0 0
1791050303 2647, 13801, 39, 0x0000000000000000 | 2.43 5.03 9.22 | cpu  71809332 1045 13921954 2657555650 490972 0 204109 0 0 0
1791050304 2647, 13801, 39, 0x0000000000000000 | 2.47 5.00 9.19 | cpu  71809551 1045 13921988 2657579879 490972 0 204109 0 0 0
1791050305 2647, 13801, 39, 0x0000000000000000 | 2.47 5.00 9.19 | cpu  71811395 1045 13922030 2657601786 490973 0 204109 0 0 0
1791050306 2647, 13801, 39, 0x0000000000000000 | 2.47 5.00 9.19 | cpu  71811578 1045 13922052 2657626466 490973 0 204109 0 0 0
1791050307 2647, 13801, 39, 0x0000000000000000 | 2.47 5.00 9.19 | cpu  71811686 1045 13922075 2657651262 490973 0 204109 0 0 0
1791050308 2647, 13801, 39, 0x0000000000000000 | 2.47 5.00 9.19 | cpu  71811860 1045 13922107 2657676931 490974 0 204109 0 0 0
1791050309 2647, 13801, 39, 0x0000000000000000 | 2.43 4.95 9.15 | cpu  71812082 1045 13922132 2657701557 490974 0 204110 0 0 0
1791050310 2647, 13801, 39, 0x0000000000000000 | 2.43 4.95 9.15 | cpu  71812312 1045 13922160 2657726921 490977 0 204110 0 0 0
1791050311 2647, 13801, 39, 0x0000000000000000 | 2.43 4.95 9.15 | cpu  71812533 1045 13922193 2657751529 490977 0 204110 0 0 0
1791050313 2647, 13801, 39, 0x0000000000000000 | 2.43 4.95 9.15 | cpu  71812754 1045 13922216 2657776164 490977 0 204110 0 0 0
1791050314 2647, 13801, 39, 0x0000000000000000 | 2.48 4.91 9.12 | cpu  71812930 1045 13922249 2657800812 490978 0 204112 0 0 0
1791050315 2647, 13801, 39, 0x0000000000000000 | 2.48 4.91 9.12 | cpu  71813043 1045 13922268 2657825485 490978 0 204112 0 0 0
1791050316 2647, 13801, 39, 0x0000000000000000 | 2.48 4.91 9.12 | cpu  71813151 1045 13922296 2657850286 490982 0 204112 0 0 0
1791050317 2647, 13801, 39, 0x0000000000000000 | 2.48 4.91 9.12 | cpu  71813260 1045 13922318 2657875169 490982 0 204112 0 0 0
1791050318 2977, 13801, 42, 0x0000000000000000 | 2.48 4.91 9.12 | cpu  71813373 1045 13922344 2657900250 490982 0 204112 0 0 0
1791050319 3052, 13801, 40, 0x0000000000000000 | 2.60 4.90 9.09 | cpu  71815648 1045 13922410 2657923175 490985 0 204112 0 0 0
1791050320 2962, 13801, 42, 0x0000000000000000 | 2.60 4.90 9.09 | cpu  71816720 1045 13922437 2657946776 490986 0 204112 0 0 0
1791050321 3052, 13801, 51, 0x0000000000000004 | 2.60 4.90 9.09 | cpu  71818067 1045 13922500 2657970206 490988 0 204112 0 0 0
1791050323 2647, 13801, 40, 0x0000000000000000 | 2.60 4.90 9.09 | cpu  71819052 1045 13922562 2657994834 490988 0 204112 0 0 0
1791050324 3045, 13801, 46, 0x0000000000000000 | 2.55 4.85 9.05 | cpu  71819282 1045 13922594 2658019581 490988 0 204112 0 0 0
1791050325 3045, 13801, 41, 0x0000000000000000 | 2.55 4.85 9.05 | cpu  71819512 1045 13922644 2658044661 490988 0 204112 0 0 0
1791050326 3022, 13801, 42, 0x0000000000000000 | 2.55 4.85 9.05 | cpu  71821352 1045 13922699 2658067972 490988 0 204112 0 0 0
1791050327 3045, 13801, 47, 0x0000000000000000 | 2.55 4.85 9.05 | cpu  71821523 1045 13922721 2658092639 490988 0 204112 0 0 0
1791050328 3045, 13801, 42, 0x0000000000000000 | 2.55 4.85 9.05 | cpu  71821630 1045 13922755 2658117386 490990 0 204112 0 0 0
1791050329 2977, 13801, 42, 0x0000000000000000 | 2.43 4.79 9.01 | cpu  71821802 1045 13922784 2658142064 490990 0 204112 0 0 0
1791050330 3052, 13801, 42, 0x0000000000000000 | 2.43 4.79 9.01 | cpu  71822029 1045 13922816 2658167130 490990 0 204112 0 0 0
1791050332 3000, 13801, 43, 0x0000000000000000 | 2.43 4.79 9.01 | cpu  71822249 1045 13922837 2658191748 490990 0 204113 0 0 0
1791050333 3052, 13801, 42, 0x0000000000000004 | 2.43 4.79 9.01 | cpu  71822468 1045 13922865 2658216283 490990 0 204113 0 0 0
1791050334 2985, 13801, 42, 0x0000000000000000 | 2.39 4.74 8.97 | cpu  71822682 1045 13922890 2658240798 490992 0 204113 0 0 0
1791050335 3045, 13801, 42, 0x0000000000000000 | 2.39 4.74 8.97 | cpu  71822908 1045 13922912 2658265458 490992 0 204113 0 0 0
1791050336 3007, 13801, 43, 0x0000000000000000 | 2.39 4.74 8.97 | cpu  71823130 1045 13922932 2658289916 490992 0 204113 0 0 0
1791050337 3052, 13801, 42, 0x0000000000000000 | 2.39 4.74 8.97 | cpu  71823245 1045 13922958 2658314249 490992 0 204113 0 0 0
1791050338 3030, 13801, 42, 0x0000000000000000 | 2.39 4.74 8.97 | cpu  71823355 1045 13922984 2658339018 490992 0 204113 0 0 0
1791050339 3030, 13801, 43, 0x0000000000000000 | 2.28 4.68 8.93 | cpu  71823463 1045 13923008 2658363846 490992 0 204114 0 0 0
1791050340 3022, 13801, 44, 0x0000000000000000 | 2.28 4.68 8.93 | cpu  71823575 1045 13923028 2658389022 490992 0 204114 0 0 0
1791050341 3045, 13801, 47, 0x0000000000000000 | 2.28 4.68 8.93 | cpu  71824890 1045 13923054 2658411454 490995 0 204114 0 0 0
1791050343 3045, 13801, 49, 0x0000000000000000 | 2.28 4.68 8.93 | cpu  71826990 1045 13923177 2658434406 490995 0 204114 0 0 0
1791050344 3045, 13801, 42, 0x0000000000000004 | 2.26 4.63 8.89 | cpu  71828298 1045 13923205 2658458135 490995 0 204114 0 0 0
1791050345 3030, 13801, 43, 0x0000000000000000 | 2.26 4.63 8.89 | cpu  71828521 1045 13923225 2658483042 490995 0 204114 0 0 0
1791050346 3052, 13801, 43, 0x0000000000000000 | 2.26 4.63 8.89 | cpu  71829270 1045 13923275 2658507366 491001 0 204114 0 0 0
1791050347 3052, 13801, 42, 0x0000000000000000 | 2.26 4.63 8.89 | cpu  71829490 1045 13923297 2658532343 491004 0 204114 0 0 0
1791050348 2662, 13801, 41, 0x0000000000000000 | 2.26 4.63 8.89 | cpu  71831280 1045 13923337 2658554967 491004 0 204115 0 0 0
1791050349 2670, 13801, 41, 0x0000000000000000 | 2.24 4.59 8.85 | cpu  71831497 1045 13923358 2658579693 491004 0 204115 0 0 0
1791050350 2662, 13801, 41, 0x0000000000000000 | 2.24 4.59 8.85 | cpu  71831607 1045 13923382 2658604485 491004 0 204116 0 0 0
1791050352 2647, 13801, 41, 0x0000000000000000 | 2.24 4.59 8.85 | cpu  71831737 1045 13923408 2658629187 491005 0 204116 0 0 0
1791050353 2647, 13801, 41, 0x0000000000000000 | 2.24 4.59 8.85 | cpu  71831954 1045 13923436 2658653307 491005 0 204116 0 0 0
1791050354 2647, 13801, 41, 0x0000000000000000 | 2.22 4.54 8.82 | cpu  71832171 1045 13923462 2658677832 491005 0 204116 0 0 0
1791050355 2662, 13801, 41, 0x0000000000000000 | 2.22 4.54 8.82 | cpu  71832383 1045 13923489 2658702314 491005 0 204117 0 0 0
1791050356 2647, 13801, 42, 0x0000000000000000 | 2.22 4.54 8.82 | cpu  71832598 1045 13923512 2658726977 491005 0 204117 0 0 0
1791050357 3052, 13801, 42, 0x0000000000000000 | 2.22 4.54 8.82 | cpu  71832823 1045 13923535 2658751605 491012 0 204118 0 0 0
1791050358 3052, 13801, 42, 0x0000000000000000 | 2.22 4.54 8.82 | cpu  71832980 1045 13923566 2658776317 491012 0 204120 0 0 0
1791050359 2647, 13801, 41, 0x0000000000000000 | 2.12 4.49 8.77 | cpu  71833094 1045 13923589 2658801167 491012 0 204120 0 0 0
1791050360 2647, 13801, 41, 0x0000000000000000 | 2.12 4.49 8.77 | cpu  71833204 1045 13923610 2658825824 491012 0 204120 0 0 0
1791050361 2647, 13801, 41, 0x0000000000000000 | 2.12 4.49 8.77 | cpu  71833314 1045 13923630 2658850454 491012 0 204121 0 0 0
1791050363 2647, 13801, 41, 0x0000000000000000 | 2.12 4.49 8.77 | cpu  71833706 1045 13923665 2658875035 491030 0 204128 0 0 0
1791050364 2647, 13801, 41, 0x0000000000000000 | 2.03 4.43 8.73 | cpu  71836890 1045 13923688 2658895661 491030 0 204128 0 0 0
1791050365 2647, 13801, 40, 0x0000000000000000 | 2.03 4.43 8.73 | cpu  71837683 1045 13923710 2658920399 491030 0 204128 0 0 0
1791050366 2962, 13801, 41, 0x0000000000000000 | 2.03 4.43 8.73 | cpu  71838428 1045 13923732 2658944349 491030 0 204128 0 0 0
1791050367 2940, 13801, 41, 0x0000000000000000 | 2.03 4.43 8.73 | cpu  71839242 1045 13923751 2658967737 491034 0 204128 0 0 0
1791050368 2647, 13801, 41, 0x0000000000000000 | 2.03 4.43 8.73 | cpu  71839460 1045 13923775 2658991766 491038 0 204128 0 0 0
1791050369 2647, 13801, 40, 0x0000000000000000 | 2.03 4.39 8.70 | cpu  71840380 1045 13923818 2659015788 491038 0 204129 0 0 0
1791050370 2647, 13801, 40, 0x0000000000000000 | 2.03 4.39 8.70 | cpu  71841623 1045 13923838 2659039439 491038 0 204130 0 0 0
1791050371 2647, 13801, 40, 0x0000000000000000 | 2.03 4.39 8.70 | cpu  71841772 1045 13923862 2659064568 491038 0 204130 0 0 0
1791050373 2647, 13801, 40, 0x0000000000000000 | 2.03 4.39 8.70 | cpu  71841949 1045 13924042 2659089999 491045 0 204130 0 0 0
1791050374 2647, 13801, 40, 0x0000000000000000 | 2.11 4.36 8.66 | cpu  71842162 1045 13924095 2659114541 491049 0 204133 0 0 0
1791050375 2647, 13801, 40, 0x0000000000000000 | 2.11 4.36 8.66 | cpu  71842379 1045 13924124 2659138636 491049 0 204134 0 0 0
1791050376 2647, 13801, 40, 0x0000000000000000 | 2.11 4.36 8.66 | cpu  71842602 1045 13924145 2659163653 491049 0 204134 0 0 0
1791050377 2647, 13801, 40, 0x0000000000000000 | 2.11 4.36 8.66 | cpu  71842837 1045 13924675 2659187262 491049 0 204135 0 0 0
1791050378 2647, 13801, 40, 0x0000000000000000 | 2.11 4.36 8.66 | cpu  71843056 1045 13924700 2659211759 491060 0 204135 0 0 0
1791050379 3052, 13801, 41, 0x0000000000000000 | 2.10 4.32 8.63 | cpu  71843276 1045 13924722 2659236309 491060 0 204135 0 0 0
1791050380 2647, 13801, 40, 0x0000000000000000 | 2.10 4.32 8.63 | cpu  71843413 1045 13924752 2659261120 491060 0 204136 0 0 0
1791050381 2647, 13801, 40, 0x0000000000000000 | 2.10 4.32 8.63 | cpu  71843522 1045 13924774 2659285854 491060 0 204136 0 0 0
1791050383 2647, 13801, 40, 0x0000000000000000 | 2.10 4.32 8.63 | cpu  71843634 1045 13924804 2659311136 491060 0 204137 0 0 0
1791050384 3052, 13801, 41, 0x0000000000000000 | 2.09 4.29 8.59 | cpu  71843747 1045 13924828 2659335900 491062 0 204137 0 0 0
1791050385 3052, 13801, 41, 0x0000000000000000 | 2.09 4.29 8.59 | cpu  71844605 1045 13924952 2659360101 491063 0 204140 0 0 0
1791050386 2647, 13801, 40, 0x0000000000000000 | 2.09 4.29 8.59 | cpu  71846614 1045 13925332 2659383439 491063 0 204142 0 0 0
1791050387 2647, 13801, 40, 0x0000000000000000 | 2.09 4.29 8.59 | cpu  71848448 1045 13925597 2659407082 491063 0 204143 0 0 0
1791050388 2647, 13801, 40, 0x0000000000000000 | 2.09 4.29 8.59 | cpu  71849160 1045 13925724 2659431037 491065 0 204143 0 0 0
1791050389 2647, 13801, 40, 0x0000000000000000 | 4.00 4.65 8.69 | cpu  71849965 1045 13925755 2659455128 491066 0 204144 0 0 0
1791050390 2647, 13801, 40, 0x0000000000000000 | 4.00 4.65 8.69 | cpu  71850759 1045 13925777 2659479007 491066 0 204148 0 0 0
1791050392 2647, 13801, 40, 0x0000000000000000 | 4.00 4.65 8.69 | cpu  71850994 1045 13925864 2659504253 491066 0 204149 0 0 0
1791050393 2647, 13801, 40, 0x0000000000000000 | 4.00 4.65 8.69 | cpu  71851895 1045 13925904 2659528132 491069 0 204152 0 0 0
1791050394 2647, 13801, 40, 0x0000000000000000 | 3.84 4.60 8.65 | cpu  71852983 1045 13925928 2659551841 491072 0 204152 0 0 0
1791050395 2647, 13801, 40, 0x0000000000000000 | 3.84 4.60 8.65 | cpu  71853124 1045 13925950 2659576160 491072 0 204156 0 0 0
1791050396 2647, 13801, 40, 0x0000000000000000 | 3.84 4.60 8.65 | cpu  71853232 1045 13925971 2659600409 491072 0 204156 0 0 0
1791050397 2647, 13801, 40, 0x0000000000000000 | 3.84 4.60 8.65 | cpu  71853386 1045 13925995 2659625007 491074 0 204157 0 0 0
1791050398 2647, 13801, 40, 0x0000000000000000 | 3.84 4.60 8.65 | cpu  71853604 1045 13926021 2659649117 491074 0 204157 0 0 0
1791050399 2647, 13801, 40, 0x0000000000000000 | 3.78 4.58 8.62 | cpu  71853819 1045 13926045 2659673625 491076 0 204157 0 0 0
1791050400 2662, 13801, 40, 0x0000000000000000 | 3.78 4.58 8.62 | cpu  71853960 1045 13926067 2659698180 491076 0 204158 0 0 0
1791050401 2647, 13801, 40, 0x0000000000000000 | 3.78 4.58 8.62 | cpu  71854086 1045 13926108 2659722714 491076 0 204158 0 0 0
1791050403 2647, 13801, 40, 0x0000000000000000 | 3.78 4.58 8.62 | cpu  71854238 1045 13926211 2659747726 491076 0 204160 0 0 0
1791050404 2647, 13801, 40, 0x0000000000000000 | 3.79 4.57 8.60 | cpu  71854366 1045 13926242 2659772300 491079 0 204160 0 0 0
1791050405 2647, 13801, 40, 0x0000000000000000 | 3.79 4.57 8.60 | cpu  71854477 1045 13926264 2659797108 491079 0 204160 0 0 0
1791050406 2647, 13801, 39, 0x0000000000000000 | 3.79 4.57 8.60 | cpu  71856232 1045 13926294 2659821020 491079 0 204160 0 0 0
1791050407 2647, 13801, 39, 0x0000000000000000 | 3.79 4.57 8.60 | cpu  71858024 1045 13926326 2659843828 491079 0 204161 0 0 0
1791050408 2647, 13801, 39, 0x0000000000000000 | 3.79 4.57 8.60 | cpu  71859137 1045 13926346 2659866342 491079 0 204161 0 0 0
1791050409 2647, 13801, 39, 0x0000000000000000 | 3.65 4.52 8.56 | cpu  71859694 1045 13926368 2659890512 491082 0 204161 0 0 0
1791050410 2647, 13801, 39, 0x0000000000000000 | 3.65 4.52 8.56 | cpu  71860078 1045 13926388 2659914774 491083 0 204162 0 0 0
1791050411 2647, 13801, 39, 0x0000000000000000 | 3.65 4.52 8.56 | cpu  71860297 1045 13926408 2659939281 491083 0 204162 0 0 0
1791050413 2647, 13801, 39, 0x0000000000000000 | 3.65 4.52 8.56 | cpu  71862120 1045 13926446 2659962093 491083 0 204162 0 0 0
1791050414 2647, 13801, 39, 0x0000000000000000 | 3.65 4.52 8.56 | cpu  71862334 1045 13926467 2659986995 491086 0 204162 0 0 0
1791050415 3052, 13801, 40, 0x0000000000000000 | 3.60 4.50 8.53 | cpu  71862446 1045 13926490 2660011690 491087 0 204162 0 0 0
1791050416 2647, 13801, 39, 0x0000000000000000 | 3.60 4.50 8.53 | cpu  71862588 1045 13926512 2660036637 491087 0 204162 0 0 0
1791050417 2647, 13801, 39, 0x0000000000000000 | 3.60 4.50 8.53 | cpu  71862803 1045 13926534 2660060877 491087 0 204162 0 0 0
1791050418 2647, 13801, 39, 0x0000000000000000 | 3.60 4.50 8.53 | cpu  71863027 1045 13926564 2660085564 491087 0 204163 0 0 0
1791050419 3052, 13801, 40, 0x0000000000000000 | 3.47 4.46 8.49 | cpu  71863240 1045 13926590 2660110116 491089 0 204164 0 0 0
1791050420 3045, 13801, 40, 0x0000000000000000 | 3.47 4.46 8.49 | cpu  71863452 1045 13926615 2660134310 491091 0 204164 0 0 0
1791050421 2662, 13801, 40, 0x0000000000000000 | 3.47 4.46 8.49 | cpu  71863739 1045 13926679 2660159644 491099 0 204166 0 0 0
1791050423 2647, 13801, 40, 0x0000000000000000 | 3.47 4.46 8.49 | cpu  71864259 1045 13926729 2660184584 491101 0 204169 0 0 0
1791050424 2647, 13801, 42, 0x0000000000000000 | 3.59 4.46 8.47 | cpu  71864799 1045 13926827 2660209506 491101 0 204170 0 0 0
1791050425 2647, 13801, 39, 0x0000000000000000 | 3.59 4.46 8.47 | cpu  71865269 1045 13926864 2660234206 491102 0 204177 0 0 0
1791050426 2662, 13801, 39, 0x0000000000000000 | 3.59 4.46 8.47 | cpu  71865713 1045 13926906 2660258866 491102 0 204180 0 0 0
1791050427 3015, 13801, 52, 0x0000000000000004 | 3.59 4.46 8.47 | cpu  71866134 1045 13926983 2660284290 491114 0 204186 0 0 0
1791050428 2760, 13801, 55, 0x0000000000000004 | 3.59 4.46 8.47 | cpu  71869740 1045 13927328 2660304378 491119 0 204186 0 0 0
1791050429 2880, 13801, 56, 0x0000000000000004 | 3.54 4.44 8.45 | cpu  71870029 1045 13927389 2660329068 491121 0 204186 0 0 0
1791050430 2775, 13801, 57, 0x0000000000000004 | 3.54 4.44 8.45 | cpu  71871237 1045 13927482 2660352823 491121 0 204186 0 0 0
1791050432 2932, 13801, 56, 0x0000000000000004 | 3.54 4.44 8.45 | cpu  71871701 1045 13928265 2660377596 491121 0 204189 0 0 0
1791050433 2925, 13801, 57, 0x0000000000000004 | 3.54 4.44 8.45 | cpu  71872578 1045 13928332 2660401604 491124 0 204189 0 0 0
1791050434 3022, 13801, 51, 0x0000000000000000 | 3.58 4.43 8.42 | cpu  71872850 1045 13928424 2660426220 491124 0 204189 0 0 0
1791050435 3045, 13801, 44, 0x0000000000000000 | 3.58 4.43 8.42 | cpu  71874691 1045 13928490 2660450361 491130 0 204189 0 0 0
1791050436 3022, 13801, 49, 0x0000000000000000 | 3.58 4.43 8.42 | cpu  71874910 1045 13928514 2660475132 491131 0 204189 0 0 0
1791050437 3037, 13801, 44, 0x0000000000000000 | 3.58 4.43 8.42 | cpu  71875026 1045 13928546 2660499911 491131 0 204190 0 0 0
1791050438 3045, 13801, 43, 0x0000000000000000 | 3.58 4.43 8.42 | cpu  71875162 1045 13928573 2660525164 491131 0 204191 0 0 0
1791050439 2647, 13801, 42, 0x0000000000000000 | 3.45 4.39 8.39 | cpu  71875387 1045 13928660 2660549777 491131 0 204194 0 0 0
1791050441 2647, 13801, 42, 0x0000000000000000 | 3.45 4.39 8.39 | cpu  71875614 1045 13928691 2660575128 491143 0 204194 0 0 0
1791050442 2647, 13801, 42, 0x0000000000000000 | 3.45 4.39 8.39 | cpu  71875801 1045 13928715 2660599829 491143 0 204194 0 0 0
1791050443 2647, 13801, 42, 0x0000000000000000 | 3.45 4.39 8.39 | cpu  71875909 1045 13928746 2660624449 491145 0 204194 0 0 0
1791050444 2647, 13801, 42, 0x0000000000000000 | 3.26 4.34 8.35 | cpu  71876054 1045 13928777 2660649181 491145 0 204194 0 0 0
1791050445 2647, 13801, 42, 0x0000000000000000 | 3.26 4.34 8.35 | cpu  71876170 1045 13928800 2660673985 491152 0 204195 0 0 0
1791050446 2647, 13801, 42, 0x0000000000000000 | 3.26 4.34 8.35 | cpu  71876282 1045 13928819 2660698667 491152 0 204195 0 0 0
1791050447 2647, 13801, 42, 0x0000000000000000 | 3.26 4.34 8.35 | cpu  71876397 1045 13928840 2660723804 491152 0 204196 0 0 0
1791050448 2647, 13801, 42, 0x0000000000000000 | 3.26 4.34 8.35 | cpu  71876512 1045 13928880 2660748464 491154 0 204198 0 0 0
1791050450 2647, 13801, 42, 0x0000000000000000 | 3.24 4.31 8.32 | cpu  71876626 1045 13928925 2660773196 491154 0 204200 0 0 0
1791050451 2647, 13801, 41, 0x0000000000000000 | 3.24 4.31 8.32 | cpu  71876743 1045 13928991 2660797913 491159 0 204206 0 0 0
1791050452 2647, 13801, 41, 0x0000000000000000 | 3.24 4.31 8.32 | cpu  71876854 1045 13929009 2660822733 491160 0 204206 0 0 0
1791050453 2647, 13801, 41, 0x0000000000000000 | 3.24 4.31 8.32 | cpu  71876964 1045 13929032 2660847447 491160 0 204206 0 0 0
1791050454 2647, 13801, 41, 0x0000000000000000 | 3.06 4.26 8.28 | cpu  71877075 1045 13929056 2660872219 491163 0 204206 0 0 0
1791050455 3052, 13801, 42, 0x0000000000000000 | 3.06 4.26 8.28 | cpu  71877186 1045 13929074 2660896899 491163 0 204206 0 0 0
1791050456 3052, 13801, 42, 0x0000000000000000 | 3.06 4.26 8.28 | cpu  71877296 1045 13929092 2660921537 491165 0 204208 0 0 0
1791050457 2647, 13801, 41, 0x0000000000000000 | 3.06 4.26 8.28 | cpu  71877408 1045 13929116 2660946897 491165 0 204208 0 0 0
1791050458 2647, 13801, 41, 0x0000000000000000 | 3.06 4.26 8.28 | cpu  71877519 1045 13929136 2660971777 491170 0 204208 0 0 0
1791050460 3052, 13801, 42, 0x0000000000000000 | 2.89 4.20 8.24 | cpu  71877628 1045 13929160 2660996954 491170 0 204208 0 0 0
1791050461 3052, 13801, 42, 0x0000000000000000 | 2.89 4.20 8.24 | cpu  71877743 1045 13929187 2661021853 491172 0 204208 0 0 0
1791050462 2662, 13801, 41, 0x0000000000000000 | 2.89 4.20 8.24 | cpu  71877858 1045 13929216 2661046582 491172 0 204216 0 0 0
1791050463 2647, 13801, 41, 0x0000000000000000 | 2.89 4.20 8.24 | cpu  71877966 1045 13929244 2661071270 491172 0 204218 0 0 0
1791050464 2700, 13801, 41, 0x0000000000000000 | 2.90 4.18 8.21 | cpu  71878118 1045 13929299 2661097803 491175 0 204219 0 0 0
1791050465 3000, 13801, 43, 0x0000000000000000 | 2.90 4.18 8.21 | cpu  71878250 1045 13929333 2661122488 491176 0 204220 0 0 0
1791050466 3052, 13801, 42, 0x0000000000000000 | 2.90 4.18 8.21 | cpu  71878361 1045 13929357 2661147610 491178 0 204220 0 0 0
1791050467 2647, 13801, 41, 0x0000000000000000 | 2.90 4.18 8.21 | cpu  71878473 1045 13929380 2661172706 491178 0 204220 0 0 0
1791050469 2647, 13801, 41, 0x0000000000000000 | 2.90 4.18 8.21 | cpu  71878579 1045 13929404 2661197509 491182 0 204221 0 0 0
1791050470 2662, 13801, 41, 0x0000000000000000 | 2.75 4.13 8.17 | cpu  71878686 1045 13929438 2661222306 491182 0 204221 0 0 0
1791050471 2647, 13801, 41, 0x0000000000000000 | 2.75 4.13 8.17 | cpu  71878805 1045 13929478 2661246889 491184 0 204222 0 0 0
1791050472 2647, 13801, 41, 0x0000000000000000 | 2.75 4.13 8.17 | cpu  71878932 1045 13929543 2661271436 491184 0 204223 0 0 0
1791050473 2647, 13801, 41, 0x0000000000000000 | 2.75 4.13 8.17 | cpu  71879048 1045 13929571 2661296084 491184 0 204224 0 0 0
1791050474 2647, 13801, 41, 0x0000000000000000 | 2.61 4.08 8.13 | cpu  71879155 1045 13929592 2661320764 491189 0 204224 0 0 0
1791050475 3052, 13801, 42, 0x0000000000000000 | 2.61 4.08 8.13 | cpu  71879266 1045 13929613 2661345455 491189 0 204224 0 0 0
1791050476 2647, 13801, 41, 0x0000000000000000 | 2.61 4.08 8.13 | cpu  71879379 1045 13929633 2661370604 491190 0 204224 0 0 0
1791050477 2647, 13801, 41, 0x0000000000000000 | 2.61 4.08 8.13 | cpu  71879495 1045 13929650 2661395765 491190 0 204225 0 0 0
1791050479 2647, 13801, 41, 0x0000000000000000 | 2.61 4.08 8.13 | cpu  71879608 1045 13929671 2661420539 491190 0 204225 0 0 0
1791050480 2647, 13801, 40, 0x0000000000000000 | 2.48 4.03 8.09 | cpu  71879724 1045 13929728 2661445334 491192 0 204226 0 0 0
1791050481 2647, 13801, 40, 0x0000000000000000 | 2.48 4.03 8.09 | cpu  71879841 1045 13929765 2661470082 491192 0 204226 0 0 0
1791050482 2647, 13801, 40, 0x0000000000000000 | 2.48 4.03 8.09 | cpu  71879951 1045 13929788 2661494773 491192 0 204226 0 0 0
1791050483 3022, 13801, 43, 0x0000000000000000 | 2.48 4.03 8.09 | cpu  71880071 1045 13929816 2661519466 491192 0 204227 0 0 0
1791050484 3052, 13801, 41, 0x0000000000000000 | 2.36 3.98 8.06 | cpu  71881328 1045 13929841 2661543899 491192 0 204227 0 0 0
1791050485 2700, 13801, 41, 0x0000000000000000 | 2.36 3.98 8.06 | cpu  71883510 1045 13929920 2661566057 491194 0 204228 0 0 0
1791050486 2647, 13801, 40, 0x0000000000000000 | 2.36 3.98 8.06 | cpu  71884230 1045 13929943 2661590248 491194 0 204228 0 0 0
1791050488 2835, 13801, 46, 0x0000000000000000 | 2.36 3.98 8.06 | cpu  71884935 1045 13929966 2661614338 491196 0 204228 0 0 0
1791050489 3052, 13801, 42, 0x0000000000000000 | 2.36 3.98 8.06 | cpu  71885615 1045 13929991 2661638380 491197 0 204228 0 0 0
1791050490 3052, 13801, 41, 0x0000000000000000 | 2.33 3.94 8.02 | cpu  71885833 1045 13930010 2661662870 491198 0 204228 0 0 0
1791050491 2647, 13801, 41, 0x0000000000000000 | 2.33 3.94 8.02 | cpu  71887598 1045 13930049 2661685632 491198 0 204228 0 0 0
1791050492 2647, 13801, 40, 0x0000000000000000 | 2.33 3.94 8.02 | cpu  71887805 1045 13930075 2661710143 491198 0 204228 0 0 0
1791050493 3052, 13801, 52, 0x0000000000000000 | 2.33 3.94 8.02 | cpu  71887934 1045 13930106 2661734794 491198 0 204228 0 0 0
1791050494 3045, 13801, 42, 0x0000000000000000 | 2.55 3.96 8.01 | cpu  71888051 1045 13930137 2661759088 491198 0 204233 0 0 0
1791050495 3015, 13801, 42, 0x0000000000000000 | 2.55 3.96 8.01 | cpu  71888264 1045 13930165 2661783762 491200 0 204233 0 0 0
1791050496 2970, 13801, 43, 0x0000000000000000 | 2.55 3.96 8.01 | cpu  71888485 1045 13930188 2661808401 491200 0 204235 0 0 0
1791050497 2985, 13801, 44, 0x0000000000000000 | 2.55 3.96 8.01 | cpu  71888946 1045 13930215 2661833168 491204 0 204235 0 0 0
1791050499 3045, 13801, 47, 0x0000000000000000 | 2.55 3.96 8.01 | cpu  71889172 1045 13930242 2661858255 491204 0 204236 0 0 0
1791050500 3052, 13801, 52, 0x0000000000000004 | 2.58 3.95 7.98 | cpu  71889358 1045 13930268 2661883267 491206 0 204236 0 0 0
1791050501 3045, 13801, 50, 0x0000000000000004 | 2.58 3.95 7.98 | cpu  71889473 1045 13930287 2661908126 491206 0 204236 0 0 0
1791050502 3045, 13801, 43, 0x0000000000000000 | 2.58 3.95 7.98 | cpu  71889588 1045 13930310 2661933266 491208 0 204237 0 0 0
1791050503 3022, 13801, 43, 0x0000000000000000 | 2.58 3.95 7.98 | cpu  71889700 1045 13930335 2661958037 491212 0 204237 0 0 0
1791050504 2985, 13801, 43, 0x0000000000000000 | 2.54 3.91 7.95 | cpu  71889810 1045 13930359 2661982915 491212 0 204237 0 0 0
1791050505 3045, 13801, 54, 0x0000000000000000 | 2.54 3.91 7.95 | cpu  71889936 1045 13930390 2662008893 491213 0 204245 0 0 0
1791050506 3045, 13801, 43, 0x0000000000000000 | 2.54 3.91 7.95 | cpu  71890047 1045 13930417 2662033756 491215 0 204245 0 0 0
1791050508 2992, 13801, 45, 0x0000000000000000 | 2.54 3.91 7.95 | cpu  71890163 1045 13930440 2662058495 491216 0 204245 0 0 0
1791050509 3045, 13801, 50, 0x0000000000000004 | 2.54 3.91 7.95 | cpu  71890275 1045 13930464 2662083162 491218 0 204245 0 0 0
1791050510 3030, 13801, 44, 0x0000000000000000 | 2.49 3.88 7.91 | cpu  71890384 1045 13930486 2662107897 491218 0 204245 0 0 0
1791050511 3045, 13801, 43, 0x0000000000000000 | 2.49 3.88 7.91 | cpu  71890497 1045 13930511 2662133006 491218 0 204245 0 0 0
1791050512 3030, 13801, 44, 0x0000000000000000 | 2.49 3.88 7.91 | cpu  71890612 1045 13930534 2662158106 491218 0 204245 0 0 0
1791050513 3037, 13801, 46, 0x0000000000000000 | 2.49 3.88 7.91 | cpu  71890724 1045 13930560 2662182741 491220 0 204245 0 0 0
1791050514 3037, 13801, 44, 0x0000000000000000 | 2.45 3.85 7.88 | cpu  71890845 1045 13930649 2662208287 491222 0 204245 0 0 0
1791050515 3015, 13801, 45, 0x0000000000000000 | 2.45 3.85 7.88 | cpu  71890960 1045 13930670 2662232606 491222 0 204245 0 0 0
1791050517 3045, 13801, 52, 0x0000000000000004 | 2.45 3.85 7.88 | cpu  71893472 1045 13930862 2662253797 491222 0 204245 0 0 0
1791050518 3045, 13801, 44, 0x0000000000000000 | 2.45 3.85 7.88 | cpu  71894590 1045 13931319 2662277395 491222 0 204253 0 0 0
1791050519 3015, 13801, 46, 0x0000000000000000 | 2.45 3.85 7.88 | cpu  71895590 1045 13931436 2662301285 491227 0 204255 0 0 0
1791050520 3030, 13801, 44, 0x0000000000000000 | 2.50 3.83 7.86 | cpu  71896343 1045 13931474 2662325543 491229 0 204255 0 0 0
1791050521 2707, 13801, 45, 0x0000000000000000 | 2.50 3.83 7.86 | cpu  71897438 1045 13931496 2662349428 491229 0 204255 0 0 0
1791050522 2992, 13801, 43, 0x0000000000000000 | 2.50 3.83 7.86 | cpu  71897959 1045 13931562 2662372802 491230 0 204257 0 0 0
1791050523 3022, 13801, 48, 0x0000000000000000 | 2.50 3.83 7.86 | cpu  71898185 1045 13931602 2662397464 491232 0 204259 0 0 0
1791050524 3045, 13801, 43, 0x0000000000000000 | 7.34 4.82 8.15 | cpu  71899938 1045 13931636 2662420062 491234 0 204259 0 0 0
1791050525 2647, 13801, 42, 0x0000000000000000 | 7.34 4.82 8.15 | cpu  71900134 1045 13931654 2662445024 491236 0 204259 0 0 0
1791050526 2647, 13801, 42, 0x0000000000000000 | 7.34 4.82 8.15 | cpu  71900249 1045 13931676 2662469863 491236 0 204259 0 0 0
1791050528 2647, 13801, 42, 0x0000000000000000 | 7.34 4.82 8.15 | cpu  71900366 1045 13931699 2662494765 491236 0 204259 0 0 0
1791050529 3030, 13801, 49, 0x0000000000000000 | 7.34 4.82 8.15 | cpu  71900589 1045 13931727 2662519384 491238 0 204261 0 0 0
1791050530 3007, 13801, 50, 0x0000000000000000 | 6.99 4.79 8.12 | cpu  71900809 1045 13931748 2662544046 491239 0 204261 0 0 0
1791050531 3045, 13801, 44, 0x0000000000000000 | 6.99 4.79 8.12 | cpu  71901030 1045 13931771 2662568805 491239 0 204261 0 0 0
1791050532 3022, 13801, 49, 0x0000000000000000 | 6.99 4.79 8.12 | cpu  71901222 1045 13931790 2662593556 491241 0 204262 0 0 0
1791050533 3030, 13801, 50, 0x0000000000000000 | 6.99 4.79 8.12 | cpu  71901344 1045 13931823 2662618408 491241 0 204262 0 0 0
1791050534 3022, 13801, 50, 0x0000000000000000 | 6.51 4.72 8.09 | cpu  71901460 1045 13931838 2662643213 491243 0 204262 0 0 0
1791050535 3022, 13801, 50, 0x0000000000000000 | 6.51 4.72 8.09 | cpu  71901579 1045 13931917 2662667736 491244 0 204262 0 0 0
1791050537 3045, 13801, 45, 0x0000000000000000 | 6.51 4.72 8.09 | cpu  71901688 1045 13931937 2662692504 491244 0 204262 0 0 0
1791050538 2857, 13801, 43, 0x0000000000000000 | 6.51 4.72 8.09 | cpu  71903487 1045 13931970 2662714662 491246 0 204262 0 0 0
1791050539 2647, 13801, 43, 0x0000000000000000 | 6.51 4.72 8.09 | cpu  71905225 1045 13932039 2662737086 491246 0 204262 0 0 0
1791050540 2662, 13801, 43, 0x0000000000000000 | 6.15 4.68 8.05 | cpu  71906538 1045 13932065 2662759990 491250 0 204264 0 0 0
1791050541 2662, 13801, 43, 0x0000000000000000 | 6.15 4.68 8.05 | cpu  71906757 1045 13932091 2662785033 491251 0 204264 0 0 0
1791050542 2647, 13801, 42, 0x0000000000000000 | 6.15 4.68 8.05 | cpu  71907671 1045 13932112 2662808902 491253 0 204264 0 0 0
1791050543 2647, 13801, 42, 0x0000000000000000 | 6.15 4.68 8.05 | cpu  71907890 1045 13932144 2662833404 491253 0 204265 0 0 0
1791050544 2700, 13801, 43, 0x0000000000000000 | 5.82 4.63 8.02 | cpu  71909719 1045 13932175 2662856345 491253 0 204265 0 0 0
1791050545 2662, 13801, 42, 0x0000000000000000 | 5.82 4.63 8.02 | cpu  71909923 1045 13932202 2662880966 491255 0 204265 0 0 0
1791050546 2662, 13801, 42, 0x0000000000000000 | 5.82 4.63 8.02 | cpu  71910033 1045 13932223 2662905966 491255 0 204265 0 0 0
1791050548 3030, 13801, 49, 0x0000000000000000 | 5.82 4.63 8.02 | cpu  71910176 1045 13932242 2662930355 491256 0 204266 0 0 0
1791050549 3015, 13801, 47, 0x0000000000000000 | 5.82 4.63 8.02 | cpu  71910400 1045 13932274 2662954849 491256 0 204271 0 0 0
1791050550 3015, 13801, 50, 0x0000000000000000 | 5.51 4.59 7.99 | cpu  71910624 1045 13932298 2662979110 491258 0 204272 0 0 0
1791050551 3030, 13801, 48, 0x0000000000000000 | 5.51 4.59 7.99 | cpu  71910843 1045 13932323 2663003624 491259 0 204273 0 0 0
1791050552 3045, 13801, 44, 0x0000000000000000 | 5.51 4.59 7.99 | cpu  71911069 1045 13932346 2663028096 491259 0 204275 0 0 0
1791050553 3015, 13801, 43, 0x0000000000000000 | 5.51 4.59 7.99 | cpu  71911290 1045 13932374 2663053163 491259 0 204275 0 0 0
1791050554 2647, 13801, 43, 0x0000000000000000 | 5.15 4.53 7.95 | cpu  71911409 1045 13932397 2663077769 491260 0 204275 0 0 0
1791050555 2647, 13801, 42, 0x0000000000000000 | 5.15 4.53 7.95 | cpu  71911518 1045 13932422 2663102559 491261 0 204276 0 0 0
1791050556 3030, 13801, 50, 0x0000000000000000 | 5.15 4.53 7.95 | cpu  71911635 1045 13932441 2663127841 491261 0 204276 0 0 0
1791050558 3037, 13801, 45, 0x0000000000000000 | 5.15 4.53 7.95 | cpu  71911751 1045 13932512 2663151936 491261 0 204276 0 0 0
1791050559 3045, 13801, 52, 0x0000000000000004 | 5.15 4.53 7.95 | cpu  71911870 1045 13932540 2663176663 491261 0 204277 0 0 0
1791050560 3007, 13801, 45, 0x0000000000000000 | 4.90 4.49 7.92 | cpu  71914257 1045 13932752 2663197951 491264 0 204278 0 0 0
1791050561 3037, 13801, 56, 0x0000000000000000 | 4.90 4.49 7.92 | cpu  71915170 1045 13932781 2663221023 491264 0 204278 0 0 0
1791050562 3015, 13801, 53, 0x0000000000000004 | 4.90 4.49 7.92 | cpu  71916343 1045 13932801 2663244587 491264 0 204279 0 0 0
1791050563 3022, 13801, 45, 0x0000000000000000 | 4.90 4.49 7.92 | cpu  71917145 1045 13932827 2663267851 491264 0 204280 0 0 0
1791050564 3007, 13801, 46, 0x0000000000000000 | 4.67 4.45 7.89 | cpu  71917366 1045 13932850 2663292385 491264 0 204281 0 0 0
1791050565 3000, 13801, 48, 0x0000000000000000 | 4.67 4.45 7.89 | cpu  71917778 1045 13932876 2663316946 491266 0 204281 0 0 0
1791050566 3045, 13801, 56, 0x0000000000000004 | 4.67 4.45 7.89 | cpu  71919302 1045 13932903 2663340491 491271 0 204281 0 0 0
1791050567 3045, 13801, 45, 0x0000000000000000 | 4.67 4.45 7.89 | cpu  71919443 1045 13932944 2663365245 491273 0 204282 0 0 0
1791050569 2985, 13801, 45, 0x0000000000000000 | 4.67 4.45 7.89 | cpu  71919552 1045 13932969 2663390018 491273 0 204282 0 0 0
1791050570 2962, 13801, 46, 0x0000000000000000 | 4.37 4.39 7.85 | cpu  71919730 1045 13932991 2663414706 491273 0 204283 0 0 0
1791050571 2940, 13801, 46, 0x0000000000000000 | 4.37 4.39 7.85 | cpu  71919949 1045 13933012 2663439354 491275 0 204286 0 0 0
1791050572 2700, 13801, 44, 0x0000000000000000 | 4.37 4.39 7.85 | cpu  71920174 1045 13933032 2663464329 491276 0 204287 0 0 0
1791050573 2925, 13801, 46, 0x0000000000000000 | 4.37 4.39 7.85 | cpu  71920397 1045 13933061 2663488784 491280 0 204287 0 0 0
1791050574 3037, 13801, 48, 0x0000000000000000 | 4.26 4.36 7.82 | cpu  71920634 1045 13933095 2663514235 491280 0 204289 0 0 0
1791050575 3045, 13801, 54, 0x0000000000000004 | 4.26 4.36 7.82 | cpu  71920858 1045 13933119 2663539333 491280 0 204289 0 0 0
1791050576 3045, 13801, 50, 0x0000000000000004 | 4.26 4.36 7.82 | cpu  71921267 1045 13933149 2663563861 491282 0 204290 0 0 0
1791050577 2985, 13801, 46, 0x0000000000000000 | 4.26 4.36 7.82 | cpu  71921381 1045 13933170 2663588767 491282 0 204291 0 0 0
1791050579 3000, 13801, 46, 0x0000000000000000 | 4.26 4.36 7.82 | cpu  71921538 1045 13933278 2663613784 491292 0 204291 0 0 0
1791050580 3000, 13801, 46, 0x0000000000000000 | 4.08 4.33 7.79 | cpu  71921810 1045 13933312 2663639238 491292 0 204292 0 0 0
1791050581 3030, 13801, 47, 0x0000000000000000 | 4.08 4.33 7.79 | cpu  71923076 1045 13933364 2663662464 491293 0 204293 0 0 0
1791050582 3045, 13801, 45, 0x0000000000000000 | 4.08 4.33 7.79 | cpu  71926064 1045 13933406 2663684017 491294 0 204293 0 0 0
1791050583 3022, 13801, 46, 0x0000000000000000 | 4.08 4.33 7.79 | cpu  71926969 1045 13933430 2663707311 491294 0 204295 0 0 0
1791050584 3007, 13801, 51, 0x0000000000000000 | 3.99 4.30 7.76 | cpu  71928013 1045 13933462 2663731863 491300 0 204295 0 0 0
1791050585 2962, 13801, 46, 0x0000000000000000 | 3.99 4.30 7.76 | cpu  71929004 1045 13933683 2663756610 491304 0 204297 0 0 0
1791050586 2902, 13801, 46, 0x0000000000000000 | 3.99 4.30 7.76 | cpu  71929276 1045 13933767 2663781226 491304 0 204297 0 0 0
1791050588 2970, 13801, 47, 0x0000000000000000 | 3.99 4.30 7.76 | cpu  71930373 1045 13933832 2663805520 491304 0 204298 0 0 0
1791050589 2992, 13801, 50, 0x0000000000000000 | 3.99 4.30 7.76 | cpu  71931494 1045 13934382 2663828986 491305 0 204300 0 0 0
1791050590 3045, 13801, 50, 0x0000000000000004 | 3.99 4.30 7.74 | cpu  71931739 1045 13934426 2663853547 491308 0 204300 0 0 0
1791050591 2992, 13801, 46, 0x0000000000000000 | 3.99 4.30 7.74 | cpu  71931889 1045 13934518 2663878189 491308 0 204302 0 0 0
1791050592 2947, 13801, 48, 0x0000000000000000 | 3.99 4.30 7.74 | cpu  71932094 1045 13934576 2663902668 491315 0 204311 0 0 0
1791050593 3045, 13801, 55, 0x0000000000000004 | 3.99 4.30 7.74 | cpu  71932318 1045 13934601 2663926853 491315 0 204311 0 0 0
1791050594 3037, 13801, 46, 0x0000000000000000 | 3.83 4.26 7.71 | cpu  71932543 1045 13934624 2663951980 491315 0 204311 0 0 0
1791050595 2992, 13801, 48, 0x0000000000000000 | 3.83 4.26 7.71 | cpu  71932764 1045 13934646 2663976605 491317 0 204312 0 0 0
1791050596 3045, 13801, 54, 0x0000000000000004 | 3.83 4.26 7.71 | cpu  71932984 1045 13934668 2664001616 491317 0 204312 0 0 0
1791050598 3015, 13801, 46, 0x0000000000000000 | 3.83 4.26 7.71 | cpu  71933205 1045 13934697 2664025712 491323 0 204312 0 0 0
1791050599 2977, 13801, 47, 0x0000000000000000 | 3.83 4.26 7.71 | cpu  71933434 1045 13934723 2664050707 491323 0 204312 0 0 0
1791050600 3045, 13801, 46, 0x0000000000000004 | 3.69 4.22 7.68 | cpu  71933582 1045 13934748 2664075571 491327 0 204313 0 0 0
1791050601 3022, 13801, 46, 0x0000000000000000 | 3.69 4.22 7.68 | cpu  71933693 1045 13934768 2664100439 491327 0 204313 0 0 0
1791050602 3007, 13801, 48, 0x0000000000000000 | 3.69 4.22 7.68 | cpu  71933808 1045 13934788 2664125880 491333 0 204314 0 0 0
1791050603 3045, 13801, 46, 0x0000000000000004 | 3.69 4.22 7.68 | cpu  71933921 1045 13934814 2664151256 491333 0 204314 0 0 0
1791050604 3015, 13801, 47, 0x0000000000000000 | 3.47 4.17 7.65 | cpu  71934030 1045 13934838 2664176033 491333 0 204314 0 0 0
1791050605 3045, 13801, 56, 0x0000000000000004 | 3.47 4.17 7.65 | cpu  71934142 1045 13934858 2664200786 491337 0 204314 0 0 0
1791050607 3045, 13801, 46, 0x0000000000000000 | 3.47 4.17 7.65 | cpu  71934261 1045 13934887 2664225377 491339 0 204314 0 0 0
1791050608 2985, 13801, 47, 0x0000000000000000 | 3.47 4.17 7.65 | cpu  71937684 1045 13934969 2664246181 491341 0 204314 0 0 0
1791050609 3037, 13801, 49, 0x0000000000000000 | 3.47 4.17 7.65 | cpu  71938436 1045 13935006 2664271467 491341 0 204318 0 0 0
1791050610 3045, 13801, 46, 0x0000000000000000 | 3.43 4.15 7.62 | cpu  71939101 1045 13935030 2664295551 491343 0 204318 0 0 0
1791050611 3030, 13801, 52, 0x0000000000000000 | 3.43 4.15 7.62 | cpu  71939776 1045 13935047 2664319251 491343 0 204318 0 0 0
1791050612 3045, 13801, 46, 0x0000000000000000 | 3.43 4.15 7.62 | cpu  71939994 1045 13935068 2664343788 491347 0 204318 0 0 0
1791050613 2940, 13801, 47, 0x0000000000000000 | 3.43 4.15 7.62 | cpu  71941199 1045 13935106 2664367868 491347 0 204318 0 0 0
1791050614 3045, 13801, 55, 0x0000000000000004 | 3.32 4.11 7.59 | cpu  71942030 1045 13935130 2664390925 491347 0 204318 0 0 0
1791050615 3000, 13801, 47, 0x0000000000000000 | 3.32 4.11 7.59 | cpu  71942257 1045 13935210 2664415339 491348 0 204318 0 0 0
1791050617 3015, 13801, 51, 0x0000000000000000 | 3.32 4.11 7.59 | cpu  71942375 1045 13935230 2664440466 491348 0 204318 0 0 0
1791050618 3045, 13801, 56, 0x0000000000000004 | 3.32 4.11 7.59 | cpu  71942502 1045 13935250 2664465120 491352 0 204318 0 0 0
1791050619 3022, 13801, 47, 0x0000000000000000 | 3.32 4.11 7.59 | cpu  71942720 1045 13935277 2664489719 491352 0 204319 0 0 0
1791050620 3022, 13801, 52, 0x0000000000000000 | 3.29 4.09 7.57 | cpu  71942944 1045 13935300 2664514317 491352 0 204319 0 0 0
1791050621 3045, 13801, 54, 0x0000000000000004 | 3.29 4.09 7.57 | cpu  71943156 1045 13935326 2664538790 491353 0 204319 0 0 0
1791050622 3045, 13801, 46, 0x0000000000000000 | 3.29 4.09 7.57 | cpu  71943375 1045 13935345 2664563366 491353 0 204319 0 0 0
1791050623 3022, 13801, 47, 0x0000000000000000 | 3.29 4.09 7.57 | cpu  71943600 1045 13935372 2664587855 491356 0 204319 0 0 0
1791050624 3022, 13801, 47, 0x0000000000000000 | 3.11 4.04 7.53 | cpu  71943748 1045 13935394 2664612396 491356 0 204319 0 0 0
1791050625 2947, 13801, 49, 0x0000000000000000 | 3.11 4.04 7.53 | cpu  71943866 1045 13935416 2664637666 491356 0 204319 0 0 0
1791050627 3045, 13801, 46, 0x0000000000000000 | 3.11 4.04 7.53 | cpu  71943976 1045 13935436 2664662374 491356 0 204319 0 0 0
1791050628 2985, 13801, 48, 0x0000000000000000 | 3.11 4.04 7.53 | cpu  71944091 1045 13935464 2664687495 491359 0 204320 0 0 0
1791050629 3045, 13801, 47, 0x0000000000000000 | 3.11 4.04 7.53 | cpu  71944203 1045 13935488 2664712074 491362 0 204320 0 0 0
1791050630 2970, 13801, 48, 0x0000000000000000 | 2.94 3.99 7.49 | cpu  71944319 1045 13935513 2664737589 491362 0 204320 0 0 0
1791050631 3045, 13801, 55, 0x0000000000000004 | 2.94 3.99 7.49 | cpu  71944434 1045 13935536 2664762306 491362 0 204320 0 0 0
1791050632 3045, 13801, 47, 0x0000000000000004 | 2.94 3.99 7.49 | cpu  71944543 1045 13935558 2664787144 491362 0 204320 0 0 0
1791050633 2947, 13801, 48, 0x0000000000000000 | 2.94 3.99 7.49 | cpu  71944655 1045 13935578 2664811857 491364 0 204320 0 0 0
1791050634 3030, 13801, 51, 0x0000000000000000 | 2.78 3.94 7.46 | cpu  71944771 1045 13935637 2664836801 491365 0 204320 0 0 0
1791050635 3045, 13801, 55, 0x0000000000000004 | 2.78 3.94 7.46 | cpu  71944884 1045 13935680 2664861606 491365 0 204320 0 0 0
1791050637 3045, 13801, 47, 0x0000000000000004 | 2.78 3.94 7.46 | cpu  71945006 1045 13935702 2664887109 491365 0 204320 0 0 0
1791050638 2992, 13801, 47, 0x0000000000000000 | 2.78 3.94 7.46 | cpu  71945414 1045 13935809 2664912410 491367 0 204320 0 0 0
1791050639 3045, 13801, 47, 0x0000000000000000 | 2.80 3.93 7.43 | cpu  71948043 1045 13935848 2664934942 491368 0 204320 0 0 0
1791050640 3045, 13801, 46, 0x0000000000000000 | 2.80 3.93 7.43 | cpu  71949130 1045 13935876 2664958543 491368 0 204321 0 0 0
1791050641 3045, 13801, 46, 0x0000000000000000 | 2.80 3.93 7.43 | cpu  71950511 1045 13935900 2664981923 491368 0 204322 0 0 0
1791050642 2655, 13801, 45, 0x0000000000000000 | 2.80 3.93 7.43 | cpu  71951296 1045 13935968 2665007166 491368 0 204322 0 0 0
1791050643 2647, 13801, 45, 0x0000000000000000 | 2.80 3.93 7.43 | cpu  71951517 1045 13936020 2665031700 491370 0 204324 0 0 0
1791050644 2647, 13801, 45, 0x0000000000000000 | 2.82 3.91 7.41 | cpu  71951736 1045 13936044 2665056291 491370 0 204324 0 0 0
1791050646 2647, 13801, 47, 0x0000000000000000 | 2.82 3.91 7.41 | cpu  71953460 1045 13936081 2665078444 491370 0 204328 0 0 0
1791050647 2647, 13801, 45, 0x0000000000000000 | 2.82 3.91 7.41 | cpu  71953680 1045 13936105 2665103438 491372 0 204329 0 0 0
1791050648 2647, 13801, 44, 0x0000000000000000 | 2.82 3.91 7.41 | cpu  71953878 1045 13936134 2665128756 491372 0 204330 0 0 0
1791050649 2685, 13801, 44, 0x0000000000000000 | 2.67 3.86 7.38 | cpu  71953989 1045 13936160 2665153939 491374 0 204330 0 0 0
1791050650 2707, 13801, 44, 0x0000000000000000 | 2.67 3.86 7.38 | cpu  71954152 1045 13936187 2665178533 491374 0 204330 0 0 0
1791050651 2722, 13801, 44, 0x0000000000000000 | 2.67 3.86 7.38 | cpu  71954364 1045 13936218 2665203247 491374 0 204331 0 0 0
1791050652 3022, 13801, 51, 0x0000000000000000 | 2.67 3.86 7.38 | cpu  71954592 1045 13936242 2665228365 491376 0 204331 0 0 0
1791050653 3015, 13801, 53, 0x0000000000000000 | 2.67 3.86 7.38 | cpu  71954812 1045 13936262 2665253095 491376 0 204331 0 0 0
1791050655 3015, 13801, 53, 0x0000000000000000 | 2.62 3.83 7.35 | cpu  71955044 1045 13936294 2665277880 491377 0 204331 0 0 0
1791050656 3037, 13801, 50, 0x0000000000000000 | 2.62 3.83 7.35 | cpu  71955263 1045 13936314 2665302518 491377 0 204331 0 0 0
1791050657 3045, 13801, 46, 0x0000000000000000 | 2.62 3.83 7.35 | cpu  71955449 1045 13936339 2665327516 491377 0 204331 0 0 0
1791050658 2700, 13801, 45, 0x0000000000000000 | 2.62 3.83 7.35 | cpu  71955567 1045 13936362 2665352636 491377 0 204332 0 0 0
1791050659 2647, 13801, 44, 0x0000000000000000 | 2.49 3.78 7.31 | cpu  71955676 1045 13936387 2665377103 491377 0 204332 0 0 0
1791050660 2647, 13801, 44, 0x0000000000000000 | 2.49 3.78 7.31 | cpu  71957820 1045 13936413 2665399105 491381 0 204332 0 0 0
1791050661 3022, 13801, 51, 0x0000000000000000 | 2.49 3.78 7.31 | cpu  71958431 1045 13936874 2665422936 491383 0 204334 0 0 0
1791050662 3030, 13801, 51, 0x0000000000000000 | 2.49 3.78 7.31 | cpu  71960268 1045 13937068 2665445204 491383 0 204334 0 0 0
1791050663 3022, 13801, 53, 0x0000000000000000 | 2.49 3.78 7.31 | cpu  71960959 1045 13937262 2665469182 491383 0 204335 0 0 0
1791050665 3037, 13801, 47, 0x0000000000000000 | 2.45 3.75 7.28 | cpu  71961646 1045 13937307 2665493165 491387 0 204335 0 0 0
1791050666 3007, 13801, 52, 0x0000000000000000 | 2.45 3.75 7.28 | cpu  71962463 1045 13937350 2665516329 491387 0 204335 0 0 0
1791050667 3015, 13801, 53, 0x0000000000000000 | 2.45 3.75 7.28 | cpu  71962669 1045 13937384 2665540573 491390 0 204336 0 0 0
1791050668 3007, 13801, 54, 0x0000000000000000 | 2.45 3.75 7.28 | cpu  71962881 1045 13937404 2665564635 491390 0 204337 0 0 0
1791050669 3045, 13801, 47, 0x0000000000000000 | 2.45 3.75 7.28 | cpu  71964600 1045 13937454 2665587214 491390 0 204338 0 0 0
1791050670 3030, 13801, 52, 0x0000000000000000 | 2.57 3.76 7.27 | cpu  71965104 1045 13937481 2665611599 491392 0 204340 0 0 0
1791050671 3030, 13801, 51, 0x0000000000000000 | 2.57 3.76 7.27 | cpu  71965220 1045 13937499 2665636724 491392 0 204340 0 0 0
1791050672 3045, 13801, 46, 0x0000000000000000 | 2.57 3.76 7.27 | cpu  71965384 1045 13937526 2665661688 491392 0 204340 0 0 0
1791050673 2647, 13801, 51, 0x0000000000000000 | 2.57 3.76 7.27 | cpu  71965610 1045 13937554 2665686697 491392 0 204340 0 0 0
1791050674 3045, 13801, 47, 0x0000000000000000 | 2.53 3.73 7.24 | cpu  71965833 1045 13937577 2665711286 491392 0 204340 0 0 0
1791050676 3045, 13801, 46, 0x0000000000000000 | 2.53 3.73 7.24 | cpu  71966047 1045 13937603 2665735747 491395 0 204345 0 0 0
1791050677 2647, 13801, 45, 0x0000000000000000 | 2.53 3.73 7.24 | cpu  71966266 1045 13937629 2665760151 491396 0 204345 0 0 0
1791050678 2647, 13801, 45, 0x0000000000000000 | 2.53 3.73 7.24 | cpu  71966470 1045 13937653 2665785121 491396 0 204346 0 0 0
1791050679 3045, 13801, 46, 0x0000000000000000 | 2.48 3.70 7.21 | cpu  71966588 1045 13937677 2665810157 491396 0 204347 0 0 0
1791050680 3045, 13801, 45, 0x0000000000000000 | 2.48 3.70 7.21 | cpu  71966700 1045 13937697 2665835022 491396 0 204347 0 0 0
1791050681 2647, 13801, 45, 0x0000000000000000 | 2.48 3.70 7.21 | cpu  71966832 1045 13937730 2665859702 491398 0 204348 0 0 0
1791050682 2647, 13801, 44, 0x0000000000000000 | 2.48 3.70 7.21 | cpu  71969333 1045 13937939 2665881225 491402 0 204348 0 0 0
1791050683 3022, 13801, 52, 0x0000000000000000 | 2.48 3.70 7.21 | cpu  71970261 1045 13938332 2665905408 491402 0 204349 0 0 0
1791050684 3030, 13801, 53, 0x0000000000000000 | 2.45 3.67 7.18 | cpu  71971478 1045 13938433 2665928770 491402 0 204350 0 0 0
1791050686 3000, 13801, 53, 0x0000000000000000 | 2.45 3.67 7.18 | cpu  71972164 1045 13938524 2665953186 491402 0 204350 0 0 0
1791050687 3030, 13801, 49, 0x0000000000000000 | 2.45 3.67 7.18 | cpu  71973096 1045 13938610 2665976664 491404 0 204350 0 0 0
1791050688 3045, 13801, 46, 0x0000000000000000 | 2.45 3.67 7.18 | cpu  71973314 1045 13938634 2666000780 491405 0 204352 0 0 0
1791050689 2670, 13801, 45, 0x0000000000000000 | 2.45 3.67 7.18 | cpu  71973537 1045 13938662 2666025425 491405 0 204352 0 0 0
1791050690 2895, 13801, 50, 0x0000000000000000 | 2.49 3.66 7.16 | cpu  71975274 1045 13938700 2666047641 491405 0 204352 0 0 0
1791050691 3022, 13801, 52, 0x0000000000000000 | 2.49 3.66 7.16 | cpu  71975480 1045 13938714 2666072279 491405 0 204353 0 0 0
1791050692 3022, 13801, 53, 0x0000000000000000 | 2.49 3.66 7.16 | cpu  71975595 1045 13938734 2666097022 491409 0 204354 0 0 0
1791050693 3015, 13801, 52, 0x0000000000000000 | 2.49 3.66 7.16 | cpu  71975715 1045 13938759 2666121918 491412 0 204354 0 0 0
1791050694 3007, 13801, 54, 0x0000000000000000 | 2.53 3.65 7.14 | cpu  71975932 1045 13938792 2666146578 491412 0 204355 0 0 0
1791050695 3037, 13801, 48, 0x0000000000000000 | 2.53 3.65 7.14 | cpu  71976152 1045 13938810 2666171061 491412 0 204356 0 0 0
1791050697 3045, 13801, 47, 0x0000000000000000 | 2.53 3.65 7.14 | cpu  71976370 1045 13938834 2666195798 491412 0 204356 0 0 0
1791050698 3022, 13801, 53, 0x0000000000000000 | 2.53 3.65 7.14 | cpu  71976600 1045 13938854 2666220491 491414 0 204356 0 0 0
1791050699 3007, 13801, 54, 0x0000000000000000 | 2.53 3.65 7.14 | cpu  71976788 1045 13938875 2666245158 491416 0 204358 0 0 0
1791050700 3022, 13801, 53, 0x0000000000000000 | 2.49 3.62 7.11 | cpu  71976911 1045 13938900 2666269542 491416 0 204358 0 0 0
1791050701 3007, 13801, 55, 0x0000000000000000 | 2.49 3.62 7.11 | cpu  71977037 1045 13938943 2666293857 491416 0 204358 0 0 0
1791050702 3045, 13801, 52, 0x0000000000000000 | 2.49 3.62 7.11 | cpu  71977182 1045 13938985 2666318975 491416 0 204358 0 0 0
1791050703 3015, 13801, 53, 0x0000000000000000 | 2.49 3.62 7.11 | cpu  71979736 1045 13939026 2666340198 491420 0 204359 0 0 0
1791050704 3015, 13801, 54, 0x0000000000000000 | 3.09 3.73 7.12 | cpu  71980202 1045 13939514 2666364147 491420 0 204360 0 0 0
1791050705 3015, 13801, 53, 0x0000000000000000 | 3.09 3.73 7.12 | cpu  71981775 1045 13939615 2666386538 491420 0 204360 0 0 0
1791050707 3030, 13801, 53, 0x0000000000000000 | 3.09 3.73 7.12 | cpu  71983146 1045 13939797 2666409498 491423 0 204360 0 0 0
1791050708 3007, 13801, 54, 0x0000000000000000 | 3.09 3.73 7.12 | cpu  71983538 1045 13939852 2666434727 491423 0 204361 0 0 0
1791050709 3007, 13801, 54, 0x0000000000000000 | 3.09 3.73 7.12 | cpu  71984406 1045 13939916 2666458733 491423 0 204361 0 0 0
1791050710 3015, 13801, 55, 0x0000000000000000 | 3.24 3.75 7.11 | cpu  71984787 1045 13939938 2666483279 491426 0 204362 0 0 0
1791050711 3015, 13801, 55, 0x0000000000000000 | 3.24 3.75 7.11 | cpu  71986778 1045 13939970 2666505606 491426 0 204364 0 0 0
1791050712 3015, 13801, 55, 0x0000000000000000 | 3.24 3.75 7.11 | cpu  71987160 1045 13940196 2666535069 491430 0 204365 0 0 0
1791050713 3030, 13801, 50, 0x0000000000000000 | 3.24 3.75 7.11 | cpu  71987306 1045 13940299 2666559251 491430 0 204366 0 0 0
1791050715 3037, 13801, 48, 0x0000000000000000 | 3.22 3.74 7.09 | cpu  71987493 1045 13940349 2666583734 491432 0 204366 0 0 0
1791050716 3007, 13801, 55, 0x0000000000000000 | 3.22 3.74 7.09 | cpu  71987715 1045 13940851 2666608312 491432 0 204399 0 0 0
1791050717 3000, 13801, 55, 0x0000000000000000 | 3.22 3.74 7.09 | cpu  71988037 1045 13940892 2666632910 491433 0 204399 0 0 0
1791050718 3015, 13801, 51, 0x0000000000000000 | 3.22 3.74 7.09 | cpu  71988304 1045 13940974 2666657223 491433 0 204399 0 0 0
1791050719 3037, 13801, 49, 0x0000000000000000 | 3.29 3.74 7.07 | cpu  71988533 1045 13941042 2666681712 491439 0 204404 0 0 0
1791050720 3007, 13801, 55, 0x0000000000000000 | 3.29 3.74 7.07 | cpu  71988761 1045 13941058 2666706450 491441 0 204404 0 0 0
1791050721 3015, 13801, 55, 0x0000000000000000 | 3.29 3.74 7.07 | cpu  71988980 1045 13941078 2666730582 491441 0 204404 0 0 0
1791050722 3045, 13801, 49, 0x0000000000000000 | 3.29 3.74 7.07 | cpu  71989104 1045 13941105 2666755525 491441 0 204404 0 0 0
1791050723 2962, 13801, 56, 0x0000000000000000 | 3.29 3.74 7.07 | cpu  71989216 1045 13941132 2666779895 491441 0 204404 0 0 0
1791050724 3007, 13801, 55, 0x0000000000000000 | 3.18 3.71 7.05 | cpu  71989333 1045 13941159 2666804328 491445 0 204405 0 0 0
1791050726 3007, 13801, 56, 0x0000000000000000 | 3.18 3.71 7.05 | cpu  71989452 1045 13941185 2666829129 491445 0 204405 0 0 0
1791050727 3015, 13801, 54, 0x0000000000000000 | 3.18 3.71 7.05 | cpu  71989568 1045 13941217 2666854062 491447 0 204405 0 0 0
1791050728 3007, 13801, 59, 0x0000000000000000 | 3.18 3.71 7.05 | cpu  71989688 1045 13941295 2666878474 491447 0 204406 0 0 0
1791050729 3045, 13801, 54, 0x0000000000000000 | 3.17 3.70 7.02 | cpu  71989800 1045 13941323 2666903266 491447 0 204406 0 0 0
1791050730 3007, 13801, 56, 0x0000000000000000 | 3.17 3.70 7.02 | cpu  71993188 1045 13941439 2666924839 491448 0 204406 0 0 0
1791050731 3030, 13801, 50, 0x0000000000000000 | 3.17 3.70 7.02 | cpu  71993339 1045 13941613 2666949210 491465 0 204408 0 0 0
1791050732 2985, 13801, 57, 0x0000000000000000 | 3.17 3.70 7.02 | cpu  71994523 1045 13941676 2666972427 491474 0 204409 0 0 0
1791050733 3045, 13801, 49, 0x0000000000000000 | 3.17 3.70 7.02 | cpu  71994725 1045 13941712 2666996832 491474 0 204409 0 0 0
1791050734 2857, 13801, 48, 0x0000000000000000 | 3.07 3.67 7.00 | cpu  71995574 1045 13941750 2667019908 491474 0 204409 0 0 0
1791050736 2647, 13801, 48, 0x0000000000000000 | 3.07 3.67 7.00 | cpu  71995767 1045 13941796 2667044331 491475 0 204409 0 0 0
1791050737 2647, 13801, 47, 0x0000000000000000 | 3.07 3.67 7.00 | cpu  71997756 1045 13941849 2667067905 491477 0 204410 0 0 0
1791050738 3007, 13801, 55, 0x0000000000000000 | 3.07 3.67 7.00 | cpu  71997982 1045 13941868 2667092539 491479 0 204410 0 0 0
1791050739 3007, 13801, 55, 0x0000000000000000 | 3.07 3.67 7.00 | cpu  71998108 1045 13941891 2667117672 491479 0 204411 0 0 0
1791050740 3000, 13801, 57, 0x0000000000000000 | 2.91 3.63 6.96 | cpu  71998235 1045 13941909 2667142393 491479 0 204411 0 0 0
1791050741 3007, 13801, 57, 0x0000000000000000 | 2.91 3.63 6.96 | cpu  71998464 1045 13941940 2667167033 491479 0 204412 0 0 0
1791050742 3015, 13801, 55, 0x0000000000000000 | 2.91 3.63 6.96 | cpu  71998690 1045 13941960 2667192067 491479 0 204412 0 0 0
1791050743 3015, 13801, 56, 0x0000000000000000 | 2.91 3.63 6.96 | cpu  71998922 1045 13942048 2667216751 491481 0 204413 0 0 0
1791050744 3045, 13801, 49, 0x0000000000000000 | 3.00 3.63 6.95 | cpu  71999141 1045 13942082 2667241234 491483 0 204413 0 0 0
1791050746 3045, 13801, 49, 0x0000000000000000 | 3.00 3.63 6.95 | cpu  71999301 1045 13942119 2667265799 491483 0 204413 0 0 0
1791050747 2647, 13801, 48, 0x0000000000000000 | 3.00 3.63 6.95 | cpu  71999408 1045 13942140 2667290504 491486 0 204414 0 0 0
1791050748 2647, 13801, 48, 0x0000000000000000 | 3.00 3.63 6.95 | cpu  71999522 1045 13942170 2667315145 491489 0 204414 0 0 0
1791050749 3000, 13801, 56, 0x0000000000000000 | 3.00 3.63 6.95 | cpu  71999840 1045 13942194 2667339703 491491 0 204415 0 0 0
1791050750 3022, 13801, 55, 0x0000000000000000 | 2.92 3.60 6.92 | cpu  71999957 1045 13942215 2667364512 491493 0 204415 0 0 0
1791050751 3045, 13801, 49, 0x0000000000000000 | 2.92 3.60 6.92 | cpu  72000065 1045 13942237 2667389187 491493 0 204415 0 0 0
1791050752 3015, 13801, 56, 0x0000000000000000 | 2.92 3.60 6.92 | cpu  72000179 1045 13942260 2667414337 491496 0 204415 0 0 0
1791050753 3022, 13801, 56, 0x0000000000000000 | 2.92 3.60 6.92 | cpu  72000294 1045 13942276 2667439111 491498 0 204416 0 0 0
1791050754 3015, 13801, 56, 0x0000000000000000 | 2.76 3.56 6.89 | cpu  72000406 1045 13942300 2667463911 491498 0 204416 0 0 0
1791050756 3007, 13801, 56, 0x0000000000000000 | 2.76 3.56 6.89 | cpu  72000520 1045 13942319 2667488645 491500 0 204416 0 0 0
1791050757 3022, 13801, 57, 0x0000000000000000 | 2.76 3.56 6.89 | cpu  72000639 1045 13942345 2667513536 491501 0 204417 0 0 0
1791050758 3007, 13801, 56, 0x0000000000000000 | 2.76 3.56 6.89 | cpu  72000753 1045 13942364 2667538412 491501 0 204417 0 0 0
1791050759 3022, 13801, 55, 0x0000000000000000 | 2.70 3.53 6.86 | cpu  72000930 1045 13942393 2667563636 491503 0 204418 0 0 0
1791050760 3022, 13801, 55, 0x0000000000000000 | 2.70 3.53 6.86 | cpu  72001046 1045 13942416 2667588460 491503 0 204418 0 0 0
1791050761 3037, 13801, 56, 0x0000000000000000 | 2.70 3.53 6.86 | cpu  72001172 1045 13942435 2667613283 491503 0 204421 0 0 0
1791050762 3007, 13801, 51, 0x0000000000000000 | 2.70 3.53 6.86 | cpu  72004106 1045 13942500 2667634882 491506 0 204421 0 0 0
1791050763 3015, 13801, 56, 0x0000000000000000 | 2.70 3.53 6.86 | cpu  72004815 1045 13942627 2667659078 491506 0 204421 0 0 0
1791050765 3045, 13801, 50, 0x0000000000000000 | 2.64 3.51 6.84 | cpu  72006110 1045 13942650 2667682431 491506 0 204421 0 0 0
1791050766 3022, 13801, 56, 0x0000000000000000 | 2.64 3.51 6.84 | cpu  72006899 1045 13942670 2667706576 491508 0 204422 0 0 0
1791050767 3015, 13801, 57, 0x0000000000000000 | 2.64 3.51 6.84 | cpu  72007130 1045 13942686 2667731654 491508 0 204423 0 0 0
1791050768 3015, 13801, 57, 0x0000000000000000 | 2.64 3.51 6.84 | cpu  72007371 1045 13942710 2667756821 491509 0 204423 0 0 0
1791050769 3007, 13801, 58, 0x0000000000000000 | 2.67 3.50 6.82 | cpu  72009139 1045 13942754 2667779107 491509 0 204423 0 0 0
1791050770 3022, 13801, 56, 0x0000000000000000 | 2.67 3.50 6.82 | cpu  72009318 1045 13942781 2667804512 491509 0 204423 0 0 0
1791050771 3022, 13801, 57, 0x0000000000000000 | 2.67 3.50 6.82 | cpu  72009437 1045 13942870 2667829373 491509 0 204423 0 0 0
1791050772 3007, 13801, 58, 0x0000000000000000 | 2.67 3.50 6.82 | cpu  72009628 1045 13942896 2667854570 491513 0 204424 0 0 0
1791050773 3000, 13801, 57, 0x0000000000000000 | 2.67 3.50 6.82 | cpu  72009856 1045 13942929 2667879268 491513 0 204424 0 0 0
1791050775 3015, 13801, 57, 0x0000000000000000 | 2.62 3.47 6.79 | cpu  72010082 1045 13942950 2667904012 491513 0 204425 0 0 0
1791050776 3007, 13801, 57, 0x0000000000000000 | 2.62 3.47 6.79 | cpu  72010305 1045 13942969 2667928639 491513 0 204425 0 0 0
1791050777 2992, 13801, 58, 0x0000000000000000 | 2.62 3.47 6.79 | cpu  72010529 1045 13942994 2667953463 491514 0 204425 0 0 0
1791050778 3015, 13801, 58, 0x0000000000000000 | 2.62 3.47 6.79 | cpu  72010758 1045 13943012 2667978211 491516 0 204425 0 0 0
1791050779 3007, 13801, 59, 0x0000000000000000 | 2.65 3.47 6.77 | cpu  72010988 1045 13943039 2668003333 491516 0 204427 0 0 0
1791050780 3022, 13801, 53, 0x0000000000000000 | 2.65 3.47 6.77 | cpu  72011190 1045 13943065 2668027817 491516 0 204427 0 0 0
1791050781 3015, 13801, 58, 0x0000000000000000 | 2.65 3.47 6.77 | cpu  72011310 1045 13943084 2668052821 491518 0 204427 0 0 0
1791050782 3000, 13801, 59, 0x0000000000000000 | 2.65 3.47 6.77 | cpu  72011425 1045 13943108 2668077809 491518 0 204428 0 0 0
1791050784 3000, 13801, 59, 0x0000000000000000 | 2.65 3.47 6.77 | cpu  72011539 1045 13943125 2668102722 491519 0 204428 0 0 0
1791050785 3022, 13801, 53, 0x0000000000000000 | 2.52 3.43 6.74 | cpu  72011653 1045 13943147 2668127370 491521 0 204428 0 0 0
1791050786 3037, 13801, 56, 0x0000000000000000 | 2.52 3.43 6.74 | cpu  72011762 1045 13943170 2668152154 491521 0 204429 0 0 0
1791050787 3015, 13801, 57, 0x0000000000000000 | 2.52 3.43 6.74 | cpu  72011873 1045 13943190 2668177005 491524 0 204429 0 0 0
1791050788 3007, 13801, 57, 0x0000000000000000 | 2.52 3.43 6.74 | cpu  72011993 1045 13943209 2668201907 491524 0 204430 0 0 0
1791050789 3007, 13801, 58, 0x0000000000000000 | 2.48 3.40 6.71 | cpu  72012116 1045 13943262 2668227550 491526 0 204430 0 0 0
1791050790 3015, 13801, 58, 0x0000000000000000 | 2.48 3.40 6.71 | cpu  72012238 1045 13943312 2668252457 491527 0 204430 0 0 0
1791050791 3000, 13801, 59, 0x0000000000000000 | 2.48 3.40 6.71 | cpu  72014382 1045 13943373 2668274578 491528 0 204430 0 0 0
1791050792 3030, 13801, 52, 0x0000000000000000 | 2.48 3.40 6.71 | cpu  72015923 1045 13943422 2668297645 491528 0 204432 0 0 0
1791050794 3045, 13801, 51, 0x0000000000000000 | 2.48 3.40 6.71 | cpu  72017089 1045 13943443 2668320345 491528 0 204432 0 0 0
1791050795 2647, 13801, 50, 0x0000000000000000 | 2.44 3.38 6.69 | cpu  72017834 1045 13943465 2668344396 491532 0 204432 0 0 0
1791050796 2647, 13801, 50, 0x0000000000000000 | 2.44 3.38 6.69 | cpu  72018148 1045 13943513 2668369072 491537 0 204432 0 0 0
1791050797 2670, 13801, 49, 0x0000000000000000 | 2.44 3.38 6.69 | cpu  72018524 1045 13943536 2668393908 491537 0 204432 0 0 0
1791050798 2662, 13801, 49, 0x0000000000000000 | 2.44 3.38 6.69 | cpu  72020570 1045 13943586 2668417092 491537 0 204432 0 0 0
1791050799 2662, 13801, 49, 0x0000000000000000 | 2.56 3.39 6.67 | cpu  72020919 1045 13943614 2668441478 491537 0 204432 0 0 0
1791050800 2692, 13801, 49, 0x0000000000000000 | 2.56 3.39 6.67 | cpu  72021181 1045 13943644 2668465881 491539 0 204432 0 0 0
1791050801 2647, 13801, 49, 0x0000000000000000 | 2.56 3.39 6.67 | cpu  72021492 1045 13943674 2668490424 491539 0 204432 0 0 0
1791050802 3022, 13801, 55, 0x0000000000000000 | 2.56 3.39 6.67 | cpu  72021750 1045 13943710 2668515568 491540 0 204434 0 0 0
1791050804 3015, 13801, 56, 0x0000000000000000 | 2.56 3.39 6.67 | cpu  72021978 1045 13943728 2668540653 491540 0 204435 0 0 0
1791050805 3015, 13801, 56, 0x0000000000000000 | 2.52 3.37 6.65 | cpu  72022204 1045 13943749 2668565813 491540 0 204435 0 0 0
1791050806 3000, 13801, 58, 0x0000000000000000 | 2.52 3.37 6.65 | cpu  72022362 1045 13943774 2668590526 491543 0 204435 0 0 0
1791050807 3015, 13801, 52, 0x0000000000000000 | 2.52 3.37 6.65 | cpu  72022472 1045 13943794 2668615185 491546 0 204435 0 0 0
1791050808 3015, 13801, 56, 0x0000000000000000 | 2.52 3.37 6.65 | cpu  72022587 1045 13943818 2668639994 491547 0 204436 0 0 0
1791050809 3022, 13801, 58, 0x0000000000000000 | 2.40 3.33 6.62 | cpu  72022719 1045 13943853 2668664768 491549 0 204436 0 0 0
1791050810 3015, 13801, 58, 0x0000000000000000 | 2.40 3.33 6.62 | cpu  72025278 1045 13943950 2668686056 491550 0 204437 0 0 0
1791050811 3007, 13801, 57, 0x0000000000000000 | 2.40 3.33 6.62 | cpu  72025496 1045 13944448 2668710398 491551 0 204446 0 0 0
1791050812 3007, 13801, 58, 0x0000000000000000 | 2.40 3.33 6.62 | cpu  72027452 1045 13944552 2668732578 491552 0 204446 0 0 0
1791050814 3045, 13801, 51, 0x0000000000000000 | 2.40 3.33 6.62 | cpu  72028682 1045 13944623 2668756153 491554 0 204447 0 0 0
1791050815 3015, 13801, 53, 0x0000000000000000 | 2.36 3.30 6.59 | cpu  72028908 1045 13944644 2668780902 491554 0 204448 0 0 0
1791050816 3045, 13801, 56, 0x0000000000000000 | 2.36 3.30 6.59 | cpu  72029731 1045 13944664 2668804767 491554 0 204448 0 0 0
1791050817 3015, 13801, 58, 0x0000000000000000 | 2.36 3.30 6.59 | cpu  72029954 1045 13944680 2668829461 491554 0 204448 0 0 0
1791050818 3015, 13801, 56, 0x0000000000000000 | 2.36 3.30 6.59 | cpu  72031479 1045 13944724 2668852089 491554 0 204448 0 0 0
1791050819 3015, 13801, 58, 0x0000000000000000 | 2.42 3.30 6.57 | cpu  72031982 1045 13944741 2668876288 491555 0 204449 0 0 0
1791050820 3022, 13801, 58, 0x0000000000000000 | 2.42 3.30 6.57 | cpu  72032204 1045 13944764 2668900767 491555 0 204450 0 0 0
1791050821 3022, 13801, 58, 0x0000000000000000 | 2.42 3.30 6.57 | cpu  72032321 1045 13944791 2668925506 491555 0 204450 0 0 0
1791050822 3015, 13801, 58, 0x0000000000000000 | 2.42 3.30 6.57 | cpu  72032466 1045 13944826 2668951067 491557 0 204450 0 0 0
1791050824 3022, 13801, 56, 0x0000000000000000 | 2.42 3.30 6.57 | cpu  72032705 1045 13944910 2668975629 491559 0 204453 0 0 0
1791050825 3007, 13801, 59, 0x0000000000000000 | 2.46 3.29 6.55 | cpu  72033213 1045 13944960 2669000030 491559 0 204453 0 0 0
1791050826 3022, 13801, 57, 0x0000000000000000 | 2.46 3.29 6.55 | cpu  72033428 1045 13944984 2669024192 491559 0 204453 0 0 0
1791050827 3000, 13801, 59, 0x0000000000000000 | 2.46 3.29 6.55 | cpu  72033656 1045 13945002 2669049313 491559 0 204454 0 0 0
1791050828 3015, 13801, 58, 0x0000000000000000 | 2.46 3.29 6.55 | cpu  72033808 1045 13945022 2669073949 491559 0 204458 0 0 0
1791050829 3007, 13801, 58, 0x0000000000000000 | 2.35 3.25 6.52 | cpu  72033928 1045 13945043 2669098747 491561 0 204458 0 0 0
1791050830 3015, 13801, 58, 0x0000000000000000 | 2.35 3.25 6.52 | cpu  72034046 1045 13945066 2669123699 491561 0 204459 0 0 0
1791050831 3022, 13801, 57, 0x0000000000000000 | 2.35 3.25 6.52 | cpu  72036531 1045 13945096 2669146496 491561 0 204459 0 0 0
1791050832 3022, 13801, 59, 0x0000000000000000 | 2.35 3.25 6.52 | cpu  72037821 1045 13945198 2669169891 491561 0 204460 0 0 0
1791050834 3015, 13801, 59, 0x0000000000000000 | 2.35 3.25 6.52 | cpu  72038594 1045 13945217 2669194007 491561 0 204460 0 0 0
1791050835 3007, 13801, 59, 0x0000000000000000 | 2.32 3.23 6.50 | cpu  72039937 1045 13945272 2669217044 491564 0 204461 0 0 0
1791050836 3037, 13801, 52, 0x0000000000000000 | 2.32 3.23 6.50 | cpu  72040159 1045 13945327 2669241427 491566 0 204461 0 0 0
1791050837 3045, 13801, 52, 0x0000000000000000 | 2.32 3.23 6.50 | cpu  72040388 1045 13945354 2669266553 491566 0 204462 0 0 0
1791050838 3030, 13801, 52, 0x0000000000000000 | 2.32 3.23 6.50 | cpu  72042201 1045 13945386 2669288633 491566 0 204462 0 0 0
1791050839 2940, 13801, 52, 0x0000000000000000 | 2.21 3.20 6.47 | cpu  72042392 1045 13945410 2669314030 491570 0 204462 0 0 0
1791050840 3015, 13801, 53, 0x0000000000000000 | 2.21 3.20 6.47 | cpu  72042496 1045 13945435 2669338464 491570 0 204463 0 0 0
1791050841 3015, 13801, 58, 0x0000000000000000 | 2.21 3.20 6.47 | cpu  72042875 1045 13945458 2669362456 491572 0 204463 0 0 0
1791050842 3015, 13801, 53, 0x0000000000000000 | 2.21 3.20 6.47 | cpu  72043091 1045 13945483 2669386660 491572 0 204463 0 0 0
1791050844 3022, 13801, 58, 0x0000000000000000 | 2.21 3.20 6.47 | cpu  72043313 1045 13945502 2669411249 491572 0 204463 0 0 0
1791050845 3015, 13801, 58, 0x0000000000000000 | 2.19 3.18 6.44 | cpu  72043528 1045 13945531 2669436014 491576 0 204463 0 0 0
1791050846 3007, 13801, 58, 0x0000000000000000 | 2.19 3.18 6.44 | cpu  72043748 1045 13945553 2669460588 491577 0 204463 0 0 0
1791050847 3022, 13801, 57, 0x0000000000000000 | 2.19 3.18 6.44 | cpu  72043935 1045 13945572 2669485271 491579 0 204464 0 0 0
1791050848 3015, 13801, 58, 0x0000000000000000 | 2.19 3.18 6.44 | cpu  72044060 1045 13945598 2669509964 491579 0 204465 0 0 0
1791050849 3022, 13801, 58, 0x0000000000000000 | 2.10 3.14 6.41 | cpu  72044176 1045 13945616 2669534832 491579 0 204467 0 0 0
1791050850 3000, 13801, 58, 0x0000000000000000 | 2.10 3.14 6.41 | cpu  72044289 1045 13945640 2669559684 491583 0 204467 0 0 0
1791050851 3007, 13801, 57, 0x0000000000000000 | 2.10 3.14 6.41 | cpu  72044400 1045 13945659 2669583959 491583 0 204467 0 0 0
1791050852 3015, 13801, 58, 0x0000000000000000 | 2.10 3.14 6.41 | cpu  72045808 1045 13945711 2669607359 491583 0 204468 0 0 0
1791050854 3007, 13801, 59, 0x0000000000000000 | 2.10 3.14 6.41 | cpu  72047208 1045 13946070 2669629787 491583 0 204474 0 0 0
1791050855 3007, 13801, 58, 0x0000000000000000 | 2.01 3.10 6.38 | cpu  72049064 1045 13946222 2669652513 491586 0 204474 0 0 0
1791050856 3015, 13801, 57, 0x0000000000000000 | 2.01 3.10 6.38 | cpu  72049437 1045 13946383 2669677468 491590 0 204475 0 0 0
1791050857 2992, 13801, 59, 0x0000000000000000 | 2.01 3.10 6.38 | cpu  72049910 1045 13946401 2669701817 491590 0 204475 0 0 0
1791050858 3015, 13801, 57, 0x0000000000000000 | 2.01 3.10 6.38 | cpu  72051005 1045 13946504 2669725927 491591 0 204475 0 0 0
1791050859 3007, 13801, 58, 0x0000000000000000 | 2.09 3.10 6.37 | cpu  72051364 1045 13946537 2669750313 491591 0 204476 0 0 0
1791050860 3022, 13801, 57, 0x0000000000000000 | 2.09 3.10 6.37 | cpu  72051574 1045 13946571 2669774964 491591 0 204476 0 0 0
1791050861 3022, 13801, 58, 0x0000000000000000 | 2.09 3.10 6.37 | cpu  72053451 1045 13946612 2669799323 491591 0 204476 0 0 0
1791050862 3022, 13801, 59, 0x0000000000000000 | 2.09 3.10 6.37 | cpu  72053623 1045 13946636 2669824064 491591 0 204476 0 0 0
1791050864 3015, 13801, 59, 0x0000000000000000 | 2.09 3.10 6.37 | cpu  72053736 1045 13946655 2669848429 491594 0 204477 0 0 0
1791050865 3015, 13801, 59, 0x0000000000000000 | 2.00 3.07 6.34 | cpu  72053909 1045 13946682 2669873156 491594 0 204483 0 0 0
1791050866 3007, 13801, 59, 0x0000000000000000 | 2.00 3.07 6.34 | cpu  72054134 1045 13946704 2669897527 491594 0 204483 0 0 0
1791050867 3007, 13801, 59, 0x0000000000000000 | 2.00 3.07 6.34 | cpu  72054373 1045 13946770 2669922798 491594 0 204484 0 0 0
1791050868 3007, 13801, 59, 0x0000000000000000 | 2.00 3.07 6.34 | cpu  72054602 1045 13946796 2669947479 491597 0 204485 0 0 0
1791050869 3007, 13801, 58, 0x0000000000000000 | 2.00 3.05 6.31 | cpu  72054824 1045 13946818 2669972183 491597 0 204486 0 0 0
1791050870 3037, 13801, 56, 0x0000000000000000 | 2.00 3.05 6.31 | cpu  72055054 1045 13946842 2669996911 491597 0 204489 0 0 0
1791050871 3007, 13801, 59, 0x0000000000000000 | 2.00 3.05 6.31 | cpu  72055281 1045 13946860 2670021776 491597 0 204491 0 0 0
1791050872 3022, 13801, 58, 0x0000000000000000 | 2.00 3.05 6.31 | cpu  72055446 1045 13946882 2670046417 491600 0 204491 0 0 0
1791050874 3007, 13801, 60, 0x0000000000000000 | 2.00 3.05 6.31 | cpu  72055569 1045 13946903 2670071832 491600 0 204495 0 0 0
1791050875 3015, 13801, 58, 0x0000000000000000 | 1.92 3.02 6.28 | cpu  72055683 1045 13946928 2670096683 491601 0 204497 0 0 0
1791050876 3015, 13801, 60, 0x0000000000000000 | 1.92 3.02 6.28 | cpu  72055796 1045 13946947 2670121602 491601 0 204498 0 0 0
1791050877 3007, 13801, 60, 0x0000000000000000 | 1.92 3.02 6.28 | cpu  72055912 1045 13946964 2670146803 491601 0 204498 0 0 0
1791050878 3015, 13801, 59, 0x0000000000000000 | 1.92 3.02 6.28 | cpu  72056025 1045 13946983 2670171588 491603 0 204498 0 0 0
1791050879 3015, 13801, 59, 0x0000000000000000 | 1.85 2.98 6.26 | cpu  72056137 1045 13947001 2670196069 491603 0 204498 0 0 0
1791050880 3015, 13801, 60, 0x0000000000000000 | 1.85 2.98 6.26 | cpu  72056256 1045 13947024 2670220738 491603 0 204500 0 0 0
1791050881 3022, 13801, 59, 0x0000000000000000 | 1.85 2.98 6.26 | cpu  72056376 1045 13947046 2670245926 491603 0 204500 0 0 0
1791050883 3007, 13801, 60, 0x0000000000000000 | 1.85 2.98 6.26 | cpu  72056490 1045 13947070 2670270686 491603 0 204500 0 0 0
1791050884 3022, 13801, 59, 0x0000000000000000 | 1.85 2.98 6.26 | cpu  72056602 1045 13947088 2670295527 491604 0 204501 0 0 0
1791050885 3007, 13801, 59, 0x0000000000000000 | 1.86 2.96 6.23 | cpu  72056715 1045 13947109 2670319921 491604 0 204502 0 0 0
1791050886 3007, 13801, 60, 0x0000000000000000 | 1.86 2.96 6.23 | cpu  72056830 1045 13947134 2670344687 491604 0 204502 0 0 0
1791050887 3015, 13801, 58, 0x0000000000000000 | 1.86 2.96 6.23 | cpu  72056942 1045 13947152 2670369440 491606 0 204504 0 0 0
1791050888 2992, 13801, 60, 0x0000000000000000 | 1.86 2.96 6.23 | cpu  72057056 1045 13947169 2670394229 491606 0 204504 0 0 0
1791050889 3000, 13801, 61, 0x0000000000000000 | 1.87 2.95 6.21 | cpu  72057175 1045 13947190 2670418971 491610 0 204504 0 0 0
1791050890 3015, 13801, 54, 0x0000000000000000 | 1.87 2.95 6.21 | cpu  72057282 1045 13947219 2670443672 491610 0 204505 0 0 0
1791050891 3037, 13801, 53, 0x0000000000000000 | 1.87 2.95 6.21 | cpu  72057388 1045 13947242 2670468241 491611 0 204505 0 0 0
1791050893 2760, 13801, 52, 0x0000000000000000 | 1.87 2.95 6.21 | cpu  72057498 1045 13947269 2670493392 491611 0 204505 0 0 0
1791050894 3007, 13801, 60, 0x0000000000000000 | 1.87 2.95 6.21 | cpu  72057611 1045 13947292 2670517803 491611 0 204505 0 0 0
1791050895 3015, 13801, 59, 0x0000000000000000 | 1.80 2.92 6.18 | cpu  72058026 1045 13947313 2670541872 491612 0 204505 0 0 0
1791050896 3030, 13801, 53, 0x0000000000000000 | 1.80 2.92 6.18 | cpu  72058136 1045 13947339 2670567053 491612 0 204506 0 0 0
1791050897 3022, 13801, 56, 0x0000000000000000 | 1.80 2.92 6.18 | cpu  72058253 1045 13947356 2670591943 491614 0 204506 0 0 0
1791050898 3007, 13801, 59, 0x0000000000000000 | 1.80 2.92 6.18 | cpu  72058375 1045 13947380 2670616783 491616 0 204506 0 0 0
1791050899 3022, 13801, 60, 0x0000000000000000 | 1.82 2.90 6.16 | cpu  72058491 1045 13947464 2670640975 491616 0 204506 0 0 0
1791050900 3007, 13801, 58, 0x0000000000000000 | 1.82 2.90 6.16 | cpu  72058614 1045 13947488 2670666098 491617 0 204506 0 0 0
1791050901 3000, 13801, 59, 0x0000000000000000 | 1.82 2.90 6.16 | cpu  72058726 1045 13947508 2670690595 491617 0 204507 0 0 0
1791050903 3007, 13801, 59, 0x0000000000000000 | 1.82 2.90 6.16 | cpu  72058845 1045 13947527 2670715762 491617 0 204507 0 0 0
1791050904 3007, 13801, 60, 0x0000000000000000 | 1.82 2.90 6.16 | cpu  72058956 1045 13947545 2670740500 491617 0 204507 0 0 0
1791050905 3015, 13801, 58, 0x0000000000000000 | 1.75 2.87 6.13 | cpu  72059076 1045 13947572 2670765145 491617 0 204509 0 0 0
1791050906 3007, 13801, 59, 0x0000000000000000 | 1.75 2.87 6.13 | cpu  72059186 1045 13947588 2670789557 491621 0 204509 0 0 0
1791050907 3022, 13801, 59, 0x0000000000000000 | 1.75 2.87 6.13 | cpu  72059298 1045 13947608 2670814413 491623 0 204509 0 0 0
1791050908 3022, 13801, 59, 0x0000000000000000 | 1.75 2.87 6.13 | cpu  72059410 1045 13947626 2670839116 491625 0 204510 0 0 0
1791050909 3015, 13801, 60, 0x0000000000000000 | 1.69 2.84 6.10 | cpu  72059524 1045 13947652 2670864078 491625 0 204510 0 0 0
1791050910 3015, 13801, 60, 0x0000000000000000 | 1.69 2.84 6.10 | cpu  72059638 1045 13947672 2670888916 491625 0 204510 0 0 0
1791050911 3037, 13801, 53, 0x0000000000000000 | 1.69 2.84 6.10 | cpu  72059748 1045 13947692 2670913684 491625 0 204510 0 0 0
1791050913 3022, 13801, 59, 0x0000000000000000 | 1.69 2.84 6.10 | cpu  72059862 1045 13947713 2670937922 491628 0 204510 0 0 0
1791050914 3022, 13801, 59, 0x0000000000000000 | 1.69 2.84 6.10 | cpu  72059974 1045 13947736 2670963229 491630 0 204511 0 0 0
1791050915 3015, 13801, 59, 0x0000000000000000 | 1.64 2.81 6.08 | cpu  72060088 1045 13947760 2670988020 491630 0 204511 0 0 0
1791050916 3007, 13801, 59, 0x0000000000000000 | 1.64 2.81 6.08 | cpu  72060208 1045 13947786 2671012680 491630 0 204511 0 0 0
1791050917 3007, 13801, 55, 0x0000000000000000 | 1.64 2.81 6.08 | cpu  72060318 1045 13947810 2671037445 491630 0 204511 0 0 0
1791050918 3007, 13801, 59, 0x0000000000000000 | 1.64 2.81 6.08 | cpu  72060428 1045 13947829 2671062116 491630 0 204512 0 0 0
1791050919 2992, 13801, 61, 0x0000000000000000 | 1.58 2.78 6.05 | cpu  72060547 1045 13947856 2671086947 491634 0 204512 0 0 0
1791050920 3015, 13801, 58, 0x0000000000000000 | 1.58 2.78 6.05 | cpu  72060658 1045 13947879 2671111786 491634 0 204512 0 0 0
1791050921 3030, 13801, 57, 0x0000000000000000 | 1.58 2.78 6.05 | cpu  72060771 1045 13947896 2671136567 491634 0 204513 0 0 0
1791050923 2992, 13801, 60, 0x0000000000000000 | 1.58 2.78 6.05 | cpu  72060889 1045 13947923 2671161398 491634 0 204514 0 0 0
1791050924 3007, 13801, 59, 0x0000000000000000 | 1.58 2.78 6.05 | cpu  72061003 1045 13947941 2671186249 491636 0 204515 0 0 0
1791050925 3007, 13801, 58, 0x0000000000000000 | 1.54 2.75 6.02 | cpu  72061112 1045 13947966 2671210640 491637 0 204515 0 0 0
1791050926 3015, 13801, 58, 0x0000000000000000 | 1.54 2.75 6.02 | cpu  72061226 1045 13947986 2671235452 491637 0 204516 0 0 0
1791050927 3022, 13801, 58, 0x0000000000000000 | 1.54 2.75 6.02 | cpu  72061337 1045 13948004 2671260206 491637 0 204516 0 0 0
1791050928 3015, 13801, 59, 0x0000000000000000 | 1.54 2.75 6.02 | cpu  72061461 1045 13948035 2671285335 491639 0 204516 0 0 0
1791050929 3022, 13801, 59, 0x0000000000000000 | 1.49 2.72 5.99 | cpu  72061574 1045 13948052 2671310084 491639 0 204517 0 0 0
1791050930 3007, 13801, 58, 0x0000000000000000 | 1.49 2.72 5.99 | cpu  72061688 1045 13948073 2671334497 491639 0 204517 0 0 0
1791050931 3015, 13801, 58, 0x0000000000000000 | 1.49 2.72 5.99 | cpu  72061800 1045 13948093 2671359455 491639 0 204517 0 0 0
1791050933 3007, 13801, 58, 0x0000000000000000 | 1.49 2.72 5.99 | cpu  72061911 1045 13948114 2671383854 491641 0 204518 0 0 0
1791050934 3015, 13801, 59, 0x0000000000000000 | 1.49 2.72 5.99 | cpu  72062024 1045 13948134 2671408631 491643 0 204518 0 0 0
1791050935 3022, 13801, 58, 0x0000000000000000 | 1.45 2.69 5.97 | cpu  72062138 1045 13948155 2671433508 491643 0 204518 0 0 0
1791050936 3022, 13801, 59, 0x0000000000000000 | 1.45 2.69 5.97 | cpu  72062251 1045 13948176 2671458217 491643 0 204519 0 0 0
1791050937 3015, 13801, 60, 0x0000000000000000 | 1.45 2.69 5.97 | cpu  72062364 1045 13948194 2671482949 491643 0 204520 0 0 0
1791050938 3015, 13801, 60, 0x0000000000000000 | 1.45 2.69 5.97 | cpu  72062477 1045 13948211 2671507663 491647 0 204520 0 0 0
1791050939 3007, 13801, 59, 0x0000000000000000 | 1.42 2.66 5.94 | cpu  72062589 1045 13948232 2671531840 491647 0 204520 0 0 0
1791050940 3007, 13801, 59, 0x0000000000000000 | 1.42 2.66 5.94 | cpu  72062700 1045 13948255 2671556295 491647 0 204520 0 0 0
1791050941 3022, 13801, 59, 0x0000000000000000 | 1.42 2.66 5.94 | cpu  72062813 1045 13948277 2671580943 491648 0 204520 0 0 0
1791050943 3037, 13801, 53, 0x0000000000000000 | 1.42 2.66 5.94 | cpu  72062919 1045 13948305 2671605711 491648 0 204520 0 0 0
1791050944 3045, 13801, 52, 0x0000000000000000 | 1.42 2.66 5.94 | cpu  72063030 1045 13948340 2671630794 491650 0 204520 0 0 0
1791050945 2700, 13801, 51, 0x0000000000000000 | 1.46 2.65 5.92 | cpu  72063206 1045 13948414 2671655727 491650 0 204521 0 0 0
1791050946 2647, 13801, 54, 0x0000000000000000 | 1.46 2.65 5.92 | cpu  72063319 1045 13948441 2671681080 491651 0 204521 0 0 0
1791050947 3007, 13801, 58, 0x0000000000000000 | 1.46 2.65 5.92 | cpu  72063434 1045 13948462 2671705981 491653 0 204522 0 0 0
1791050948 3030, 13801, 52, 0x0000000000000000 | 1.46 2.65 5.92 | cpu  72063549 1045 13948483 2671730819 491655 0 204523 0 0 0
1791050949 3022, 13801, 59, 0x0000000000000000 | 1.43 2.62 5.89 | cpu  72063671 1045 13948508 2671755979 491655 0 204524 0 0 0
1791050950 3015, 13801, 58, 0x0000000000000000 | 1.43 2.62 5.89 | cpu  72063794 1045 13948533 2671780750 491655 0 204524 0 0 0
1791050951 3007, 13801, 59, 0x0000000000000000 | 1.43 2.62 5.89 | cpu  72063905 1045 13948552 2671804745 491655 0 204524 0 0 0
1791050953 3015, 13801, 59, 0x0000000000000000 | 1.43 2.62 5.89 | cpu  72064021 1045 13948573 2671829763 491655 0 204524 0 0 0
1791050954 3015, 13801, 57, 0x0000000000000000 | 1.43 2.62 5.89 | cpu  72064134 1045 13948592 2671854636 491658 0 204524 0 0 0
1791050955 3037, 13801, 54, 0x0000000000000000 | 1.47 2.61 5.87 | cpu  72065803 1045 13948714 2671877064 491660 0 204525 0 0 0
1791050956 3015, 13801, 58, 0x0000000000000000 | 1.47 2.61 5.87 | cpu  72066718 1045 13949190 2671900788 491660 0 204526 0 0 0
1791050957 3007, 13801, 58, 0x0000000000000000 | 1.47 2.61 5.87 | cpu  72068543 1045 13949312 2671922878 491660 0 204526 0 0 0
1791050958 3022, 13801, 57, 0x0000000000000000 | 1.47 2.61 5.87 | cpu  72069169 1045 13949430 2671946865 491661 0 204526 0 0 0
1791050959 3015, 13801, 58, 0x0000000000000000 | 1.52 2.60 5.85 | cpu  72069894 1045 13949454 2671970155 491661 0 204527 0 0 0
1791050960 3022, 13801, 58, 0x0000000000000000 | 1.52 2.60 5.85 | cpu  72070583 1045 13949544 2671994283 491663 0 204527 0 0 0
1791050961 3015, 13801, 57, 0x0000000000000000 | 1.52 2.60 5.85 | cpu  72070812 1045 13949565 2672019346 491663 0 204528 0 0 0
1791050963 3007, 13801, 58, 0x0000000000000000 | 1.52 2.60 5.85 | cpu  72072062 1045 13949598 2672043452 491663 0 204528 0 0 0
1791050964 3007, 13801, 59, 0x0000000000000000 | 1.52 2.60 5.85 | cpu  72072838 1045 13949680 2672066705 491663 0 204529 0 0 0
1791050965 3000, 13801, 59, 0x0000000000000000 | 1.47 2.57 5.82 | cpu  72072978 1045 13949706 2672091843 491663 0 204530 0 0 0
1791050966 3037, 13801, 63, 0x0000000000000004 | 1.47 2.57 5.82 | cpu  72073087 1045 13949732 2672116477 491665 0 204530 0 0 0
1791050967 3037, 13801, 52, 0x0000000000000000 | 1.47 2.57 5.82 | cpu  72073246 1045 13949753 2672141203 491666 0 204530 0 0 0
1791050968 2985, 13801, 53, 0x0000000000000000 | 1.47 2.57 5.82 | cpu  72073464 1045 13949780 2672165990 491666 0 204531 0 0 0
1791050969 2925, 13801, 54, 0x0000000000000000 | 1.52 2.56 5.80 | cpu  72073685 1045 13949798 2672190556 491666 0 204532 0 0 0
1791050970 2962, 13801, 54, 0x0000000000000000 | 1.52 2.56 5.80 | cpu  72073900 1045 13949825 2672215095 491666 0 204532 0 0 0
1791050971 3037, 13801, 62, 0x0000000000000004 | 1.52 2.56 5.80 | cpu  72074120 1045 13949846 2672239581 491667 0 204532 0 0 0
1791050973 3037, 13801, 60, 0x0000000000000004 | 1.52 2.56 5.80 | cpu  72074339 1045 13949869 2672264100 491667 0 204532 0 0 0
1791050974 3037, 13801, 62, 0x0000000000000004 | 1.52 2.56 5.80 | cpu  72074499 1045 13949898 2672288792 491667 0 204542 0 0 0
1791050975 3045, 13801, 63, 0x0000000000000004 | 1.47 2.54 5.78 | cpu  72074612 1045 13949925 2672313506 491667 0 204542 0 0 0
1791050976 3037, 13801, 61, 0x0000000000000004 | 1.47 2.54 5.78 | cpu  72074724 1045 13949945 2672338233 491667 0 204542 0 0 0
1791050977 2992, 13801, 61, 0x0000000000000004 | 1.47 2.54 5.78 | cpu  72074834 1045 13949967 2672363024 491669 0 204542 0 0 0
1791050978 2985, 13801, 52, 0x0000000000000000 | 1.47 2.54 5.78 | cpu  72074944 1045 13949988 2672387782 491669 0 204543 0 0 0
1791050979 3007, 13801, 53, 0x0000000000000000 | 1.52 2.53 5.76 | cpu  72075054 1045 13950010 2672412622 491673 0 204543 0 0 0
1791050980 3007, 13801, 52, 0x0000000000000000 | 1.52 2.53 5.76 | cpu  72075169 1045 13950035 2672436817 491674 0 204543 0 0 0
1791050981 3030, 13801, 57, 0x0000000000000000 | 1.52 2.53 5.76 | cpu  72075283 1045 13950060 2672461597 491675 0 204543 0 0 0
1791050982 3045, 13801, 51, 0x0000000000000000 | 1.52 2.53 5.76 | cpu  72075392 1045 13950083 2672486300 491675 0 204543 0 0 0
1791050984 3022, 13801, 51, 0x0000000000000000 | 1.52 2.53 5.76 | cpu  72075507 1045 13950112 2672511038 491675 0 204544 0 0 0
1791050985 2992, 13801, 56, 0x0000000000000000 | 1.72 2.55 5.75 | cpu  72075676 1045 13950183 2672536298 491677 0 204545 0 0 0
1791050986 3045, 13801, 51, 0x0000000000000000 | 1.72 2.55 5.75 | cpu  72076834 1045 13950299 2672558944 491677 0 204545 0 0 0
1791050987 2977, 13801, 52, 0x0000000000000000 | 1.72 2.55 5.75 | cpu  72079245 1045 13950347 2672580832 491677 0 204545 0 0 0
1791050988 3045, 13801, 61, 0x0000000000000000 | 1.72 2.55 5.75 | cpu  72079996 1045 13950370 2672605238 491679 0 204546 0 0 0
1791050989 3045, 13801, 51, 0x0000000000000000 | 1.72 2.55 5.75 | cpu  72080830 1045 13950408 2672628319 491685 0 204548 0 0 0
1791050990 3045, 13801, 60, 0x0000000000000004 | 1.90 2.58 5.74 | cpu  72081859 1045 13950459 2672651604 491686 0 204548 0 0 0
1791050991 3037, 13801, 51, 0x0000000000000000 | 1.90 2.58 5.74 | cpu  72082396 1045 13950489 2672676316 491686 0 204551 0 0 0
1791050992 3000, 13801, 55, 0x0000000000000000 | 1.90 2.58 5.74 | cpu  72083870 1045 13950532 2672698790 491686 0 204552 0 0 0
1791050993 3007, 13801, 57, 0x0000000000000000 | 1.90 2.58 5.74 | cpu  72085022 1045 13950567 2672722063 491688 0 204558 0 0 0
1791050995 3015, 13801, 57, 0x0000000000000000 | 2.15 2.62 5.73 | cpu  72085489 1045 13950609 2672747390 491694 0 204577 0 0 0
1791050996 3022, 13801, 56, 0x0000000000000000 | 2.15 2.62 5.73 | cpu  72085846 1045 13950801 2672771790 491700 0 204578 0 0 0
1791050997 3007, 13801, 58, 0x0000000000000000 | 2.15 2.62 5.73 | cpu  72086312 1045 13951198 2672796282 491703 0 204582 0 0 0
1791050998 3007, 13801, 59, 0x0000000000000000 | 2.15 2.62 5.73 | cpu  72086645 1045 13951233 2672820569 491703 0 204582 0 0 0
1791050999 2992, 13801, 58, 0x0000000000000000 | 2.15 2.62 5.73 | cpu  72086876 1045 13951418 2672845125 491704 0 204584 0 0 0
1791051000 3015, 13801, 56, 0x0000000000000000 | 2.62 2.71 5.74 | cpu  72087207 1045 13952240 2672868393 491704 0 204585 0 0 0
1791051001 3000, 13801, 58, 0x0000000000000000 | 2.62 2.71 5.74 | cpu  72087473 1045 13952360 2672892946 491712 0 204586 0 0 0
1791051002 3007, 13801, 58, 0x0000000000000000 | 2.62 2.71 5.74 | cpu  72087740 1045 13952448 2672917791 491717 0 204588 0 0 0
1791051004 3015, 13801, 58, 0x0000000000000000 | 2.62 2.71 5.74 | cpu  72087985 1045 13952476 2672943091 491717 0 204588 0 0 0
1791051005 3022, 13801, 58, 0x0000000000000000 | 2.65 2.71 5.73 | cpu  72088212 1045 13952497 2672967868 491717 0 204588 0 0 0
1791051006 3022, 13801, 58, 0x0000000000000000 | 2.65 2.71 5.73 | cpu  72088346 1045 13952516 2672993113 491717 0 204589 0 0 0
1791051007 3022, 13801, 53, 0x0000000000000000 | 2.65 2.71 5.73 | cpu  72088460 1045 13952537 2673017838 491717 0 204589 0 0 0
1791051008 3045, 13801, 51, 0x0000000000000000 | 2.65 2.71 5.73 | cpu  72089610 1045 13952586 2673041288 491722 0 204590 0 0 0
1791051009 2700, 13801, 50, 0x0000000000000000 | 20.53 6.42 6.91 | cpu  72093521 1045 13952610 2673062193 491722 0 204590 0 0 0
1791051010 2647, 13801, 50, 0x0000000000000000 | 20.53 6.42 6.91 | cpu  72096957 1045 13952637 2673083599 491722 0 204590 0 0 0
1791051011 2910, 13801, 55, 0x0000000000000000 | 20.53 6.42 6.91 | cpu  72100516 1045 13952696 2673104967 491724 0 204590 0 0 0
1791051012 3007, 13801, 57, 0x0000000000000000 | 20.53 6.42 6.91 | cpu  72101959 1045 13952767 2673128245 491726 0 204591 0 0 0
1791051014 2992, 13801, 58, 0x0000000000000000 | 20.53 6.42 6.91 | cpu  72102075 1045 13952928 2673153609 491726 0 204591 0 0 0
1791051015 3007, 13801, 57, 0x0000000000000000 | 19.13 6.36 6.89 | cpu  72102192 1045 13953073 2673178671 491726 0 204592 0 0 0
1791051016 3007, 13801, 52, 0x0000000000000000 | 19.13 6.36 6.89 | cpu  72102328 1045 13953181 2673203269 491726 0 204592 0 0 0
1791051017 3022, 13801, 55, 0x0000000000000000 | 19.13 6.36 6.89 | cpu  72103460 1045 13953205 2673227167 491726 0 204592 0 0 0
1791051018 3022, 13801, 57, 0x0000000000000000 | 19.13 6.36 6.89 | cpu  72106743 1045 13953295 2673248210 491727 0 204592 0 0 0
1791051019 3022, 13801, 57, 0x0000000000000000 | 18.40 6.42 6.91 | cpu  72108578 1045 13953552 2673269967 491752 0 204593 0 0 0
1791051020 3015, 13801, 58, 0x0000000000000000 | 18.40 6.42 6.91 | cpu  72108701 1045 13954070 2673293946 491875 0 204599 0 0 0
1791051021 3045, 13801, 56, 0x0000000000000000 | 18.40 6.42 6.91 | cpu  72108823 1045 13954572 2673317544 492027 0 204602 0 0 0
1791051022 3022, 13801, 57, 0x0000000000000000 | 18.40 6.42 6.91 | cpu  72109895 1045 13954974 2673341107 492108 0 204611 0 0 0
1791051024 3007, 13801, 58, 0x0000000000000000 | 18.40 6.42 6.91 | cpu  72112662 1045 13955072 2673362477 492111 0 204611 0 0 0
1791051025 3007, 13801, 58, 0x0000000000000000 | 17.72 6.48 6.92 | cpu  72112911 1045 13955666 2673387645 492290 0 204614 0 0 0
1791051026 3022, 13801, 57, 0x0000000000000000 | 17.72 6.48 6.92 | cpu  72113034 1045 13956259 2673411577 492474 0 204615 0 0 0
1791051027 3015, 13801, 57, 0x0000000000000000 | 17.72 6.48 6.92 | cpu  72113156 1045 13956860 2673435918 492669 0 204618 0 0 0
1791051028 3000, 13801, 57, 0x0000000000000000 | 17.72 6.48 6.92 | cpu  72113634 1045 13957519 2673459841 492865 0 204622 0 0 0
1791051029 2992, 13801, 59, 0x0000000000000000 | 17.11 6.54 6.94 | cpu  72113749 1045 13958092 2673483706 493073 0 204633 0 0 0
1791051030 3007, 13801, 58, 0x0000000000000000 | 17.11 6.54 6.94 | cpu  72113873 1045 13958709 2673508336 493288 0 204635 0 0 0
1791051032 3022, 13801, 59, 0x0000000000000000 | 17.11 6.54 6.94 | cpu  72115509 1045 13958876 2673532385 493347 0 204636 0 0 0
1791051033 3015, 13801, 59, 0x0000000000000000 | 17.11 6.54 6.94 | cpu  72116184 1045 13958898 2673556812 493347 0 204636 0 0 0
1791051034 3022, 13801, 58, 0x0000000000000000 | 17.11 6.54 6.94 | cpu  72116732 1045 13958913 2673580992 493350 0 204637 0 0 0
1791051035 3022, 13801, 59, 0x0000000000000000 | 15.90 6.46 6.91 | cpu  72116958 1045 13958930 2673605779 493350 0 204638 0 0 0
1791051036 3015, 13801, 58, 0x0000000000000000 | 15.90 6.46 6.91 | cpu  72117454 1045 13958957 2673630653 493350 0 204639 0 0 0
1791051037 3007, 13801, 59, 0x0000000000000000 | 15.90 6.46 6.91 | cpu  72118816 1045 13958999 2673653745 493351 0 204639 0 0 0
1791051038 3022, 13801, 58, 0x0000000000000000 | 15.90 6.46 6.91 | cpu  72119040 1045 13959016 2673678411 493351 0 204641 0 0 0
1791051039 3015, 13801, 58, 0x0000000000000000 | 14.78 6.39 6.89 | cpu  72119240 1045 13959062 2673703099 493352 0 204641 0 0 0
1791051040 3007, 13801, 60, 0x0000000000000000 | 14.78 6.39 6.89 | cpu  72119370 1045 13959096 2673727931 493352 0 204641 0 0 0
1791051042 3007, 13801, 58, 0x0000000000000000 | 14.78 6.39 6.89 | cpu  72119484 1045 13959114 2673752803 493352 0 204641 0 0 0
1791051043 3015, 13801, 59, 0x0000000000000000 | 14.78 6.39 6.89 | cpu  72119688 1045 13959142 2673777390 493354 0 204642 0 0 0
1791051044 3000, 13801, 54, 0x0000000000000000 | 14.78 6.39 6.89 | cpu  72119907 1045 13959159 2673802001 493354 0 204642 0 0 0
1791051045 3007, 13801, 59, 0x0000000000000000 | 13.84 6.33 6.87 | cpu  72120132 1045 13959181 2673826286 493354 0 204642 0 0 0
1791051046 3007, 13801, 58, 0x0000000000000000 | 13.84 6.33 6.87 | cpu  72120362 1045 13959204 2673850914 493360 0 204642 0 0 0
1791051047 3022, 13801, 59, 0x0000000000000000 | 13.84 6.33 6.87 | cpu  72120590 1045 13959259 2673875379 493360 0 204643 0 0 0
1791051048 3015, 13801, 60, 0x0000000000000000 | 13.84 6.33 6.87 | cpu  72120826 1045 13959321 2673900129 493361 0 204643 0 0 0
1791051049 3037, 13801, 52, 0x0000000000000000 | 12.89 6.26 6.84 | cpu  72121052 1045 13959347 2673925289 493361 0 204643 0 0 0
1791051050 3007, 13801, 53, 0x0000000000000000 | 12.89 6.26 6.84 | cpu  72121273 1045 13959366 2673949745 493362 0 204644 0 0 0
1791051052 3015, 13801, 60, 0x0000000000000000 | 12.89 6.26 6.84 | cpu  72121496 1045 13959386 2673974509 493362 0 204644 0 0 0
1791051053 3030, 13801, 53, 0x0000000000000000 | 12.89 6.26 6.84 | cpu  72121614 1045 13959412 2673999165 493365 0 204645 0 0 0
1791051054 3037, 13801, 57, 0x0000000000000000 | 12.89 6.26 6.84 | cpu  72121730 1045 13959433 2674023943 493365 0 204645 0 0 0
1791051055 3007, 13801, 57, 0x0000000000000000 | 11.94 6.17 6.81 | cpu  72123482 1045 13959461 2674047082 493365 0 204645 0 0 0
1791051056 3007, 13801, 58, 0x0000000000000000 | 11.94 6.17 6.81 | cpu  72126884 1045 13959500 2674067581 493365 0 204645 0 0 0
1791051057 3007, 13801, 58, 0x0000000000000000 | 11.94 6.17 6.81 | cpu  72130392 1045 13959517 2674089197 493365 0 204646 0 0 0
1791051058 3022, 13801, 57, 0x0000000000000000 | 11.94 6.17 6.81 | cpu  72133981 1045 13959554 2674110098 493367 0 204646 0 0 0
1791051059 3022, 13801, 58, 0x0000000000000000 | 11.06 6.09 6.78 | cpu  72137447 1045 13959583 2674131402 493367 0 204647 0 0 0
1791051060 3015, 13801, 58, 0x0000000000000000 | 11.06 6.09 6.78 | cpu  72140096 1045 13959619 2674153622 493369 0 204647 0 0 0
1791051061 3022, 13801, 58, 0x0000000000000000 | 11.06 6.09 6.78 | cpu  72143573 1045 13959637 2674174638 493369 0 204650 0 0 0
1791051063 3022, 13801, 57, 0x0000000000000000 | 11.06 6.09 6.78 | cpu  72147551 1045 13959656 2674196177 493369 0 204650 0 0 0
1791051064 3022, 13801, 57, 0x0000000000000000 | 11.06 6.09 6.78 | cpu  72151062 1045 13959698 2674218048 493374 0 204650 0 0 0
1791051065 3015, 13801, 59, 0x0000000000000000 | 10.26 6.00 6.75 | cpu  72154645 1045 13959726 2674238521 493374 0 204650 0 0 0
1791051066 3000, 13801, 60, 0x0000000000000000 | 10.26 6.00 6.75 | cpu  72158091 1045 13959743 2674259452 493374 0 204650 0 0 0
1791051067 3007, 13801, 58, 0x0000000000000000 | 10.26 6.00 6.75 | cpu  72161291 1045 13959759 2674280841 493374 0 204650 0 0 0
1791051068 3000, 13801, 60, 0x0000000000000000 | 10.26 6.00 6.75 | cpu  72161418 1045 13960340 2674305447 493374 0 204650 0 0 0
1791051069 2992, 13801, 59, 0x0000000000000000 | 9.51 5.92 6.71 | cpu  72162307 1045 13960752 2674328994 493378 0 204650 0 0 0
1791051070 3015, 13801, 60, 0x0000000000000000 | 9.51 5.92 6.71 | cpu  72164547 1045 13961006 2674351855 493433 0 204652 0 0 0
1791051071 3007, 13801, 60, 0x0000000000000000 | 9.51 5.92 6.71 | cpu  72164669 1045 13961538 2674376234 493648 0 204656 0 0 0
1791051073 3015, 13801, 59, 0x0000000000000000 | 9.51 5.92 6.71 | cpu  72164796 1045 13962090 2674400594 493839 0 204662 0 0 0
1791051074 3022, 13801, 60, 0x0000000000000000 | 9.51 5.92 6.71 | cpu  72164916 1045 13962605 2674424273 494039 0 204664 0 0 0
1791051075 3022, 13801, 58, 0x0000000000000000 | 9.55 5.99 6.73 | cpu  72165040 1045 13963170 2674448080 494261 0 204670 0 0 0
1791051076 3015, 13801, 60, 0x0000000000000000 | 9.55 5.99 6.73 | cpu  72165162 1045 13963750 2674472838 494481 0 204672 0 0 0
1791051077 3015, 13801, 60, 0x0000000000000000 | 9.55 5.99 6.73 | cpu  72165279 1045 13964284 2674496657 494708 0 204674 0 0 0
1791051078 3007, 13801, 61, 0x0000000000000000 | 9.55 5.99 6.73 | cpu  72167098 1045 13964337 2674519398 494723 0 204677 0 0 0
1791051079 3007, 13801, 59, 0x0000000000000000 | 8.95 5.92 6.71 | cpu  72167324 1045 13964351 2674544062 494723 0 204677 0 0 0
1791051080 3015, 13801, 59, 0x0000000000000000 | 8.95 5.92 6.71 | cpu  72169085 1045 13964392 2674567120 494725 0 204677 0 0 0
1791051082 3015, 13801, 59, 0x0000000000000000 | 8.95 5.92 6.71 | cpu  72169259 1045 13964412 2674592154 494725 0 204679 0 0 0
1791051083 3007, 13801, 61, 0x0000000000000000 | 8.95 5.92 6.71 | cpu  72169376 1045 13964435 2674617063 494725 0 204680 0 0 0
1791051084 3015, 13801, 59, 0x0000000000000000 | 8.95 5.92 6.71 | cpu  72169556 1045 13964458 2674641805 494726 0 204680 0 0 0
1791051085 2992, 13801, 61, 0x0000000000000000 | 8.39 5.86 6.68 | cpu  72169782 1045 13964476 2674666481 494726 0 204680 0 0 0
1791051086 3015, 13801, 58, 0x0000000000000000 | 8.39 5.86 6.68 | cpu  72170007 1045 13964497 2674691177 494727 0 204681 0 0 0
1791051087 3015, 13801, 59, 0x0000000000000000 | 8.39 5.86 6.68 | cpu  72170231 1045 13964516 2674715822 494727 0 204682 0 0 0
1791051088 2992, 13801, 61, 0x0000000000000000 | 8.39 5.86 6.68 | cpu  72170459 1045 13964539 2674740586 494727 0 204683 0 0 0
1791051089 3022, 13801, 59, 0x0000000000000000 | 7.88 5.79 6.66 | cpu  72170688 1045 13964562 2674765765 494728 0 204690 0 0 0
1791051090 3022, 13801, 60, 0x0000000000000000 | 7.88 5.79 6.66 | cpu  72170916 1045 13964584 2674790460 494728 0 204690 0 0 0
1791051092 3015, 13801, 60, 0x0000000000000000 | 7.88 5.79 6.66 | cpu  72171134 1045 13964676 2674816035 494729 0 204691 0 0 0
1791051093 3022, 13801, 60, 0x0000000000000000 | 7.88 5.79 6.66 | cpu  72171255 1045 13964697 2674841019 494729 0 204692 0 0 0
1791051094 3015, 13801, 59, 0x0000000000000000 | 7.88 5.79 6.66 | cpu  72171695 1045 13964725 2674865841 494729 0 204693 0 0 0
1791051095 3007, 13801, 60, 0x0000000000000000 | 7.33 5.71 6.62 | cpu  72171810 1045 13964747 2674890814 494731 0 204696 0 0 0
1791051096 3015, 13801, 60, 0x0000000000000000 | 7.33 5.71 6.62 | cpu  72171924 1045 13964764 2674915444 494731 0 204698 0 0 0
1791051097 3037, 13801, 56, 0x0000000000000000 | 7.33 5.71 6.62 | cpu  72173819 1045 13964813 2674937891 494734 0 204700 0 0 0
1791051098 3030, 13801, 58, 0x0000000000000000 | 7.33 5.71 6.62 | cpu  72175935 1045 13964914 2674960056 494734 0 204700 0 0 0
1791051099 3007, 13801, 58, 0x0000000000000000 | 7.46 5.77 6.64 | cpu  72176578 1045 13965567 2674984307 494734 0 204701 0 0 0
1791051101 3015, 13801, 59, 0x0000000000000000 | 7.46 5.77 6.64 | cpu  72176712 1045 13966218 2675008767 494734 0 204704 0 0 0
1791051102 3022, 13801, 58, 0x0000000000000000 | 7.46 5.77 6.64 | cpu  72176856 1045 13966838 2675033785 494735 0 204704 0 0 0
1791051103 3015, 13801, 59, 0x0000000000000000 | 7.46 5.77 6.64 | cpu  72178001 1045 13967241 2675057251 494737 0 204704 0 0 0
1791051104 3015, 13801, 60, 0x0000000000000000 | 7.46 5.77 6.64 | cpu  72178755 1045 13967262 2675080631 494738 0 204704 0 0 0
1791051105 3015, 13801, 61, 0x0000000000000000 | 7.03 5.70 6.61 | cpu  72179242 1045 13967286 2675104597 494738 0 204705 0 0 0
1791051106 3015, 13801, 59, 0x0000000000000000 | 7.03 5.70 6.61 | cpu  72180735 1045 13967321 2675128123 494738 0 204705 0 0 0
1791051107 3022, 13801, 58, 0x0000000000000000 | 7.03 5.70 6.61 | cpu  72181112 1045 13967342 2675153400 494738 0 204705 0 0 0
1791051108 3015, 13801, 60, 0x0000000000000000 | 7.03 5.70 6.61 | cpu  72181230 1045 13967362 2675178636 494741 0 204705 0 0 0
1791051110 3015, 13801, 59, 0x0000000000000000 | 6.70 5.66 6.59 | cpu  72181422 1045 13967395 2675204112 494741 0 204705 0 0 0
1791051111 3022, 13801, 59, 0x0000000000000000 | 6.70 5.66 6.59 | cpu  72181646 1045 13967424 2675228457 494741 0 204705 0 0 0
1791051112 3007, 13801, 62, 0x0000000000000000 | 6.70 5.66 6.59 | cpu  72181863 1045 13967447 2675253193 494741 0 204706 0 0 0
1791051113 3007, 13801, 60, 0x0000000000000000 | 6.70 5.66 6.59 | cpu  72182042 1045 13967471 2675277954 494742 0 204706 0 0 0
1791051114 3015, 13801, 60, 0x0000000000000000 | 6.70 5.66 6.59 | cpu  72182161 1045 13967486 2675303192 494742 0 204706 0 0 0
1791051115 3015, 13801, 59, 0x0000000000000000 | 6.25 5.58 6.56 | cpu  72182274 1045 13967510 2675328177 494746 0 204706 0 0 0
1791051116 3015, 13801, 58, 0x0000000000000000 | 6.25 5.58 6.56 | cpu  72182385 1045 13967530 2675352906 494746 0 204706 0 0 0
1791051117 3007, 13801, 59, 0x0000000000000000 | 6.25 5.58 6.56 | cpu  72182562 1045 13967551 2675377690 494746 0 204706 0 0 0
1791051119 3022, 13801, 60, 0x0000000000000000 | 6.25 5.58 6.56 | cpu  72185250 1045 13967587 2675400812 494749 0 204706 0 0 0
1791051120 3022, 13801, 59, 0x0000000000000000 | 5.99 5.54 6.54 | cpu  72186743 1045 13967607 2675423192 494749 0 204706 0 0 0
1791051121 3015, 13801, 60, 0x0000000000000000 | 5.99 5.54 6.54 | cpu  72187580 1045 13967630 2675447677 494749 0 204707 0 0 0
1791051122 3022, 13801, 60, 0x0000000000000000 | 5.99 5.54 6.54 | cpu  72187804 1045 13967654 2675472331 494750 0 204707 0 0 0
1791051123 3007, 13801, 59, 0x0000000000000000 | 5.99 5.54 6.54 | cpu  72189593 1045 13967686 2675495451 494750 0 204707 0 0 0
1791051124 3037, 13801, 53, 0x0000000000000000 | 5.99 5.54 6.54 | cpu  72189725 1045 13967707 2675520359 494752 0 204708 0 0 0
1791051125 3015, 13801, 59, 0x0000000000000000 | 5.75 5.50 6.52 | cpu  72189838 1045 13967733 2675544992 494752 0 204708 0 0 0
1791051126 3022, 13801, 60, 0x0000000000000000 | 5.75 5.50 6.52 | cpu  72190004 1045 13967753 2675569686 494752 0 204708 0 0 0
1791051127 3000, 13801, 60, 0x0000000000000000 | 5.75 5.50 6.52 | cpu  72190226 1045 13967774 2675594432 494753 0 204708 0 0 0
1791051129 3015, 13801, 60, 0x0000000000000000 | 5.75 5.50 6.52 | cpu  72190450 1045 13967796 2675619184 494753 0 204708 0 0 0
1791051130 3007, 13801, 60, 0x0000000000000000 | 5.53 5.45 6.51 | cpu  72190671 1045 13967817 2675643917 494755 0 204708 0 0 0
1791051131 3015, 13801, 59, 0x0000000000000000 | 5.53 5.45 6.51 | cpu  72190905 1045 13967851 2675669038 494755 0 204708 0 0 0
1791051132 3007, 13801, 59, 0x0000000000000000 | 5.53 5.45 6.51 | cpu  72191050 1045 13967873 2675693791 494755 0 204708 0 0 0
1791051133 3022, 13801, 60, 0x0000000000000000 | 5.53 5.45 6.51 | cpu  72191172 1045 13967899 2675719298 494756 0 204708 0 0 0
1791051134 3022, 13801, 60, 0x0000000000000000 | 5.53 5.45 6.51 | cpu  72191282 1045 13967917 2675743685 494757 0 204708 0 0 0
1791051135 3007, 13801, 60, 0x0000000000000000 | 5.24 5.40 6.48 | cpu  72191396 1045 13967941 2675768637 494758 0 204708 0 0 0
1791051136 3015, 13801, 60, 0x0000000000000000 | 5.24 5.40 6.48 | cpu  72191508 1045 13967960 2675793679 494760 0 204708 0 0 0
1791051137 3015, 13801, 59, 0x0000000000000000 | 5.24 5.40 6.48 | cpu  72191623 1045 13967979 2675818498 494760 0 204708 0 0 0
1791051139 3022, 13801, 59, 0x0000000000000000 | 5.24 5.40 6.48 | cpu  72192786 1045 13968001 2675842471 494760 0 204710 0 0 0
1791051140 3015, 13801, 60, 0x0000000000000000 | 4.98 5.34 6.46 | cpu  72195710 1045 13968031 2675863660 494760 0 204710 0 0 0
1791051141 3030, 13801, 58, 0x0000000000000000 | 4.98 5.34 6.46 | cpu  72196441 1045 13968056 2675887887 494760 0 204711 0 0 0
1791051142 3007, 13801, 59, 0x0000000000000000 | 4.98 5.34 6.46 | cpu  72197188 1045 13968076 2675912128 494761 0 204711 0 0 0
1791051143 3000, 13801, 60, 0x0000000000000000 | 4.98 5.34 6.46 | cpu  72198899 1045 13968099 2675935585 494761 0 204711 0 0 0
1791051144 3007, 13801, 60, 0x0000000000000000 | 4.98 5.34 6.46 | cpu  72199096 1045 13968119 2675960516 494763 0 204711 0 0 0
1791051145 3007, 13801, 59, 0x0000000000000000 | 4.66 5.27 6.43 | cpu  72199217 1045 13968146 2675985718 494763 0 204711 0 0 0
1791051146 3015, 13801, 59, 0x0000000000000000 | 4.66 5.27 6.43 | cpu  72199342 1045 13968172 2676011103 494765 0 204712 0 0 0
1791051148 3030, 13801, 59, 0x0000000000000000 | 4.66 5.27 6.43 | cpu  72199558 1045 13968198 2676035561 494765 0 204712 0 0 0
1791051149 3037, 13801, 53, 0x0000000000000000 | 4.66 5.27 6.43 | cpu  72199771 1045 13968231 2676060153 494765 0 204712 0 0 0
1791051150 3037, 13801, 52, 0x0000000000000000 | 4.53 5.23 6.41 | cpu  72199988 1045 13968257 2676084809 494765 0 204712 0 0 0
1791051151 3022, 13801, 60, 0x0000000000000000 | 4.53 5.23 6.41 | cpu  72200213 1045 13968276 2676109536 494765 0 204712 0 0 0
1791051152 3022, 13801, 58, 0x0000000000000000 | 4.53 5.23 6.41 | cpu  72200437 1045 13968296 2676134347 494765 0 204712 0 0 0
1791051153 3015, 13801, 59, 0x0000000000000000 | 4.53 5.23 6.41 | cpu  72200608 1045 13968325 2676159353 494767 0 204712 0 0 0
1791051154 3022, 13801, 58, 0x0000000000000000 | 4.53 5.23 6.41 | cpu  72200729 1045 13968349 2676184243 494767 0 204712 0 0 0
1791051155 3022, 13801, 58, 0x0000000000000000 | 4.33 5.18 6.38 | cpu  72201848 1045 13968435 2676207867 494768 0 204712 0 0 0
1791051156 3007, 13801, 59, 0x0000000000000000 | 4.33 5.18 6.38 | cpu  72204254 1045 13968572 2676230230 494769 0 204718 0 0 0
1791051158 3007, 13801, 59, 0x0000000000000000 | 4.33 5.18 6.38 | cpu  72206027 1045 13968624 2676254887 494771 0 204719 0 0 0
1791051159 3007, 13801, 59, 0x0000000000000000 | 4.33 5.18 6.38 | cpu  72207319 1045 13968663 2676278569 494771 0 204719 0 0 0
1791051160 3015, 13801, 60, 0x0000000000000000 | 4.14 5.12 6.36 | cpu  72207553 1045 13968689 2676304035 494771 0 204719 0 0 0
1791051161 3015, 13801, 59, 0x0000000000000000 | 4.14 5.12 6.36 | cpu  72209442 1045 13968713 2676326679 494771 0 204719 0 0 0
1791051162 3015, 13801, 59, 0x0000000000000000 | 4.14 5.12 6.36 | cpu  72209609 1045 13968736 2676351807 494771 0 204719 0 0 0
1791051163 3022, 13801, 58, 0x0000000000000000 | 4.14 5.12 6.36 | cpu  72209723 1045 13968764 2676376614 494773 0 204719 0 0 0
1791051164 3007, 13801, 59, 0x0000000000000000 | 3.97 5.07 6.34 | cpu  72209910 1045 13968788 2676401283 494773 0 204719 0 0 0
1791051165 3022, 13801, 58, 0x0000000000000000 | 3.97 5.07 6.34 | cpu  72210130 1045 13968814 2676425907 494773 0 204719 0 0 0
1791051167 3000, 13801, 59, 0x0000000000000000 | 3.97 5.07 6.34 | cpu  72210316 1045 13968832 2676450750 494773 0 204719 0 0 0
1791051168 3015, 13801, 59, 0x0000000000000000 | 3.97 5.07 6.34 | cpu  72210435 1045 13968862 2676475547 494775 0 204719 0 0 0
1791051169 3015, 13801, 58, 0x0000000000000000 | 3.97 5.07 6.34 | cpu  72210550 1045 13968880 2676500367 494775 0 204719 0 0 0
1791051170 3015, 13801, 59, 0x0000000000000000 | 3.73 5.00 6.31 | cpu  72210663 1045 13968902 2676525198 494775 0 204719 0 0 0
1791051171 3022, 13801, 59, 0x0000000000000000 | 3.73 5.00 6.31 | cpu  72212744 1045 13968960 2676547082 494776 0 204720 0 0 0
1791051172 3007, 13801, 60, 0x0000000000000000 | 3.73 5.00 6.31 | cpu  72214664 1045 13969006 2676570753 494781 0 204720 0 0 0
1791051173 3037, 13801, 59, 0x0000000000000000 | 3.73 5.00 6.31 | cpu  72216065 1045 13969048 2676594569 494782 0 204722 0 0 0
1791051174 3022, 13801, 54, 0x0000000000000000 | 3.75 4.99 6.30 | cpu  72216449 1045 13969078 2676619895 494782 0 204725 0 0 0
1791051176 3045, 13801, 53, 0x0000000000000000 | 3.75 4.99 6.30 | cpu  72218547 1045 13969177 2676642024 494782 0 204726 0 0 0
1791051177 2647, 13801, 51, 0x0000000000000000 | 3.75 4.99 6.30 | cpu  72218875 1045 13969245 2676667102 494782 0 204726 0 0 0
1791051178 2647, 13801, 51, 0x0000000000000000 | 3.75 4.99 6.30 | cpu  72219331 1045 13969473 2676691806 494786 0 204727 0 0 0
1791051179 3022, 13801, 57, 0x0000000000000000 | 3.75 4.99 6.30 | cpu  72219532 1045 13969566 2676716539 494788 0 204733 0 0 0
1791051180 3022, 13801, 58, 0x0000000000000000 | 3.77 4.97 6.28 | cpu  72220078 1045 13969641 2676740702 494788 0 204735 0 0 0
1791051181 3022, 13801, 59, 0x0000000000000000 | 3.77 4.97 6.28 | cpu  72220316 1045 13969752 2676765098 494788 0 204737 0 0 0
1791051182 3022, 13801, 58, 0x0000000000000000 | 3.77 4.97 6.28 | cpu  72220624 1045 13970626 2676788750 494790 0 204737 0 0 0
1791051183 3007, 13801, 58, 0x0000000000000000 | 3.77 4.97 6.28 | cpu  72220907 1045 13970718 2676814617 494792 0 204740 0 0 0
1791051184 3015, 13801, 59, 0x0000000000000000 | 3.63 4.92 6.26 | cpu  72221135 1045 13970745 2676839327 494797 0 204746 0 0 0
1791051186 3007, 13801, 59, 0x0000000000000000 | 3.63 4.92 6.26 | cpu  72221362 1045 13970766 2676863986 494797 0 204746 0 0 0
1791051187 3015, 13801, 58, 0x0000000000000000 | 3.63 4.92 6.26 | cpu  72221480 1045 13970785 2676888852 494797 0 204747 0 0 0
1791051188 3022, 13801, 57, 0x0000000000000000 | 3.63 4.92 6.26 | cpu  72221592 1045 13970805 2676913622 494797 0 204747 0 0 0
1791051189 3007, 13801, 60, 0x0000000000000000 | 3.63 4.92 6.26 | cpu  72221707 1045 13970822 2676938336 494800 0 204747 0 0 0
1791051190 3015, 13801, 59, 0x0000000000000000 | 3.42 4.85 6.23 | cpu  72221827 1045 13970852 2676963037 494801 0 204747 0 0 0
1791051191 3015, 13801, 60, 0x0000000000000000 | 3.42 4.85 6.23 | cpu  72221942 1045 13970874 2676987875 494801 0 204747 0 0 0
1791051192 3007, 13801, 59, 0x0000000000000000 | 3.42 4.85 6.23 | cpu  72222065 1045 13970898 2677013075 494801 0 204748 0 0 0
1791051193 3015, 13801, 59, 0x0000000000000000 | 3.42 4.85 6.23 | cpu  72222566 1045 13970927 2677037654 494802 0 204748 0 0 0
1791051195 3022, 13801, 58, 0x0000000000000000 | 3.23 4.79 6.20 | cpu  72225887 1045 13970968 2677059095 494806 0 204748 0 0 0
1791051196 3015, 13801, 59, 0x0000000000000000 | 3.23 4.79 6.20 | cpu  72226622 1045 13970990 2677082465 494806 0 204748 0 0 0
1791051197 3022, 13801, 58, 0x0000000000000000 | 3.23 4.79 6.20 | cpu  72227371 1045 13971010 2677106852 494806 0 204748 0 0 0
1791051198 3022, 13801, 59, 0x0000000000000000 | 3.23 4.79 6.20 | cpu  72228343 1045 13971035 2677131122 494806 0 204749 0 0 0
1791051199 3015, 13801, 59, 0x0000000000000000 | 3.23 4.79 6.20 | cpu  72229447 1045 13971054 2677154498 494806 0 204749 0 0 0
1791051200 3015, 13801, 60, 0x0000000000000000 | 3.05 4.73 6.17 | cpu  72229570 1045 13971076 2677179252 494808 0 204750 0 0 0
1791051201 3007, 13801, 54, 0x0000000000000000 | 3.05 4.73 6.17 | cpu  72229669 1045 13971108 2677203879 494808 0 204750 0 0 0
1791051202 3007, 13801, 58, 0x0000000000000000 | 3.05 4.73 6.17 | cpu  72229874 1045 13971136 2677229081 494808 0 204750 0 0 0
1791051203 3022, 13801, 58, 0x0000000000000000 | 3.05 4.73 6.17 | cpu  72230098 1045 13971160 2677254198 494808 0 204750 0 0 0
1791051205 3015, 13801, 58, 0x0000000000000000 | 2.96 4.68 6.15 | cpu  72230320 1045 13971182 2677278808 494808 0 204751 0 0 0
1791051206 3022, 13801, 58, 0x0000000000000000 | 2.96 4.68 6.15 | cpu  72230542 1045 13971211 2677303509 494811 0 204751 0 0 0
1791051207 3015, 13801, 58, 0x0000000000000000 | 2.96 4.68 6.15 | cpu  72230767 1045 13971238 2677328135 494811 0 204751 0 0 0
1791051208 3022, 13801, 58, 0x0000000000000000 | 2.96 4.68 6.15 | cpu  72230992 1045 13971259 2677353279 494811 0 204752 0 0 0
1791051209 3015, 13801, 58, 0x0000000000000000 | 2.96 4.68 6.15 | cpu  72231188 1045 13971279 2677378354 494816 0 204752 0 0 0
1791051210 3037, 13801, 53, 0x0000000000000000 | 2.81 4.62 6.12 | cpu  72231301 1045 13971299 2677403126 494816 0 204752 0 0 0
1791051211 3037, 13801, 52, 0x0000000000000000 | 2.81 4.62 6.12 | cpu  72231408 1045 13971337 2677427855 494816 0 204752 0 0 0
1791051212 2655, 13801, 51, 0x0000000000000000 | 2.81 4.62 6.12 | cpu  72231512 1045 13971366 2677452803 494819 0 204752 0 0 0
1791051214 2730, 13801, 51, 0x0000000000000000 | 2.81 4.62 6.12 | cpu  72234320 1045 13971426 2677475016 494822 0 204753 0 0 0
1791051215 2670, 13801, 50, 0x0000000000000000 | 2.82 4.59 6.11 | cpu  72236200 1045 13971454 2677498486 494825 0 204754 0 0 0
1791051216 2887, 13801, 57, 0x0000000000000000 | 2.82 4.59 6.11 | cpu  72236899 1045 13971482 2677522872 494825 0 204755 0 0 0
1791051217 3030, 13801, 52, 0x0000000000000000 | 2.82 4.59 6.11 | cpu  72237119 1045 13971505 2677547516 494825 0 204756 0 0 0
1791051218 3045, 13801, 51, 0x0000000000000000 | 2.82 4.59 6.11 | cpu  72238890 1045 13971534 2677570133 494828 0 204756 0 0 0
1791051219 2647, 13801, 50, 0x0000000000000000 | 2.82 4.59 6.11 | cpu  72239026 1045 13971558 2677595205 494828 0 204756 0 0 0
1791051220 2647, 13801, 49, 0x0000000000000000 | 2.76 4.55 6.08 | cpu  72239144 1045 13971651 2677619901 494830 0 204758 0 0 0
1791051221 2647, 13801, 55, 0x0000000000000000 | 2.76 4.55 6.08 | cpu  72239307 1045 13971684 2677644597 494830 0 204758 0 0 0
1791051222 3007, 13801, 57, 0x0000000000000000 | 2.76 4.55 6.08 | cpu  72239527 1045 13971711 2677669432 494832 0 204758 0 0 0
1791051224 3007, 13801, 57, 0x0000000000000000 | 2.76 4.55 6.08 | cpu  72239756 1045 13971736 2677694229 494832 0 204759 0 0 0
1791051225 3022, 13801, 56, 0x0000000000000000 | 2.70 4.51 6.06 | cpu  72239985 1045 13971756 2677719007 494834 0 204759 0 0 0
1791051226 3007, 13801, 57, 0x0000000000000000 | 2.70 4.51 6.06 | cpu  72240208 1045 13971784 2677743489 494835 0 204759 0 0 0
1791051227 3015, 13801, 57, 0x0000000000000000 | 2.70 4.51 6.06 | cpu  72240433 1045 13971805 2677768230 494835 0 204760 0 0 0
1791051228 3015, 13801, 57, 0x0000000000000000 | 2.70 4.51 6.06 | cpu  72240663 1045 13971827 2677793023 494837 0 204762 0 0 0
1791051229 3022, 13801, 57, 0x0000000000000000 | 2.70 4.51 6.06 | cpu  72240833 1045 13971843 2677817817 494837 0 204764 0 0 0
1791051230 3015, 13801, 57, 0x0000000000000000 | 2.56 4.45 6.04 | cpu  72240952 1045 13971860 2677842737 494838 0 204764 0 0 0
1791051231 3015, 13801, 57, 0x0000000000000000 | 2.56 4.45 6.04 | cpu  72241068 1045 13971883 2677867672 494838 0 204764 0 0 0
1791051232 3015, 13801, 54, 0x0000000000000000 | 2.56 4.45 6.04 | cpu  72241180 1045 13971906 2677892497 494838 0 204764 0 0 0
1791051234 3022, 13801, 52, 0x0000000000000000 | 2.56 4.45 6.04 | cpu  72241943 1045 13971935 2677916893 494842 0 204764 0 0 0
1791051235 3015, 13801, 58, 0x0000000000000000 | 2.43 4.39 6.01 | cpu  72245212 1045 13971961 2677939032 494843 0 204764 0 0 0
1791051236 3007, 13801, 59, 0x0000000000000000 | 2.43 4.39 6.01 | cpu  72245944 1045 13971990 2677963234 494843 0 204765 0 0 0
1791051237 3015, 13801, 53, 0x0000000000000000 | 2.43 4.39 6.01 | cpu  72246777 1045 13972017 2677988191 494843 0 204766 0 0 0
1791051238 3007, 13801, 57, 0x0000000000000000 | 2.43 4.39 6.01 | cpu  72248314 1045 13972038 2678010739 494843 0 204766 0 0 0
1791051239 3015, 13801, 52, 0x0000000000000000 | 2.43 4.39 6.01 | cpu  72248744 1045 13972070 2678035206 494846 0 204766 0 0 0
1791051240 3015, 13801, 57, 0x0000000000000000 | 2.32 4.33 5.98 | cpu  72248859 1045 13972096 2678060706 494846 0 204766 0 0 0
1791051241 3000, 13801, 58, 0x0000000000000000 | 2.32 4.33 5.98 | cpu  72248970 1045 13972118 2678085518 494849 0 204766 0 0 0
1791051243 3000, 13801, 59, 0x0000000000000000 | 2.32 4.33 5.98 | cpu  72249184 1045 13972145 2678110106 494849 0 204766 0 0 0
1791051244 2992, 13801, 59, 0x0000000000000000 | 2.32 4.33 5.98 | cpu  72249411 1045 13972165 2678134893 494850 0 204766 0 0 0
1791051245 3000, 13801, 59, 0x0000000000000000 | 2.29 4.29 5.96 | cpu  72249636 1045 13972184 2678159744 494853 0 204766 0 0 0
1791051246 3022, 13801, 57, 0x0000000000000000 | 2.29 4.29 5.96 | cpu  72249862 1045 13972210 2678184602 494853 0 204766 0 0 0
1791051247 3022, 13801, 58, 0x0000000000000000 | 2.29 4.29 5.96 | cpu  72250096 1045 13972235 2678209289 494855 0 204766 0 0 0
1791051248 3015, 13801, 58, 0x0000000000000000 | 2.29 4.29 5.96 | cpu  72250270 1045 13972257 2678234306 494855 0 204766 0 0 0
1791051249 3015, 13801, 59, 0x0000000000000000 | 2.29 4.29 5.96 | cpu  72250386 1045 13972276 2678259420 494855 0 204766 0 0 0
1791051250 3022, 13801, 57, 0x0000000000000000 | 2.27 4.26 5.94 | cpu  72250514 1045 13972302 2678284717 494857 0 204766 0 0 0
1791051252 3015, 13801, 58, 0x0000000000000000 | 2.27 4.26 5.94 | cpu  72252189 1045 13972331 2678307788 494857 0 204766 0 0 0
1791051253 3000, 13801, 58, 0x0000000000000000 | 2.27 4.26 5.94 | cpu  72254857 1045 13972412 2678329281 494857 0 204766 0 0 0
1791051254 3015, 13801, 57, 0x0000000000000000 | 2.27 4.26 5.94 | cpu  72257805 1045 13972586 2678350902 494857 0 204766 0 0 0
1791051255 3022, 13801, 59, 0x0000000000000000 | 2.25 4.22 5.92 | cpu  72258780 1045 13972648 2678374767 494857 0 204767 0 0 0
1791051256 3022, 13801, 58, 0x0000000000000000 | 2.25 4.22 5.92 | cpu  72259851 1045 13972670 2678398752 494859 0 204767 0 0 0
1791051257 3030, 13801, 59, 0x0000000000000000 | 2.25 4.22 5.92 | cpu  72261435 1045 13972690 2678421767 494859 0 204767 0 0 0
1791051258 3015, 13801, 59, 0x0000000000000000 | 2.25 4.22 5.92 | cpu  72262458 1045 13972712 2678444676 494859 0 204767 0 0 0
1791051259 3007, 13801, 59, 0x0000000000000000 | 2.25 4.22 5.92 | cpu  72263471 1045 13972736 2678468537 494859 0 204768 0 0 0
1791051260 3015, 13801, 57, 0x0000000000000000 | 2.39 4.21 5.91 | cpu  72263698 1045 13972756 2678493276 494859 0 204768 0 0 0
1791051261 3000, 13801, 59, 0x0000000000000000 | 2.39 4.21 5.91 | cpu  72265520 1045 13972781 2678516053 494860 0 204768 0 0 0
1791051263 3000, 13801, 59, 0x0000000000000000 | 2.39 4.21 5.91 | cpu  72265678 1045 13972804 2678540788 494861 0 204768 0 0 0
1791051264 3022, 13801, 53, 0x0000000000000000 | 2.39 4.21 5.91 | cpu  72265782 1045 13972830 2678566069 494861 0 204768 0 0 0
1791051265 3015, 13801, 59, 0x0000000000000000 | 2.36 4.18 5.88 | cpu  72265893 1045 13972851 2678590446 494862 0 204768 0 0 0
1791051266 3022, 13801, 57, 0x0000000000000000 | 2.36 4.18 5.88 | cpu  72266099 1045 13972876 2678614715 494864 0 204768 0 0 0
1791051267 3015, 13801, 58, 0x0000000000000000 | 2.36 4.18 5.88 | cpu  72266321 1045 13972898 2678639382 494867 0 204768 0 0 0
1791051268 3015, 13801, 59, 0x0000000000000000 | 2.36 4.18 5.88 | cpu  72266471 1045 13972916 2678664057 494868 0 204768 0 0 0
1791051269 3015, 13801, 58, 0x0000000000000000 | 2.36 4.18 5.88 | cpu  72266593 1045 13972950 2678688872 494868 0 204768 0 0 0
1791051270 3037, 13801, 56, 0x0000000000000000 | 2.33 4.14 5.86 | cpu  72266698 1045 13972983 2678713676 494868 0 204768 0 0 0
1791051271 3015, 13801, 59, 0x0000000000000000 | 2.33 4.14 5.86 | cpu  72266897 1045 13973033 2678738431 494875 0 204768 0 0 0
1791051273 3022, 13801, 59, 0x0000000000000000 | 2.33 4.14 5.86 | cpu  72267167 1045 13973062 2678763283 494879 0 204769 0 0 0
1791051274 3015, 13801, 61, 0x0000000000000000 | 2.33 4.14 5.86 | cpu  72267644 1045 13973101 2678787752 494880 0 204769 0 0 0
1791051275 3000, 13801, 61, 0x0000000000000000 | 2.46 4.14 5.85 | cpu  72271615 1045 13973143 2678809691 494880 0 204770 0 0 0
1791051276 3007, 13801, 58, 0x0000000000000000 | 2.46 4.14 5.85 | cpu  72272597 1045 13973170 2678833377 494880 0 204770 0 0 0
1791051277 3022, 13801, 58, 0x0000000000000000 | 2.46 4.14 5.85 | cpu  72273468 1045 13973203 2678857143 494884 0 204770 0 0 0
1791051278 3007, 13801, 60, 0x0000000000000000 | 2.46 4.14 5.85 | cpu  72275104 1045 13973426 2678885380 494887 0 204771 0 0 0
1791051280 3015, 13801, 60, 0x0000000000000000 | 2.59 4.14 5.84 | cpu  72275602 1045 13973521 2678909686 494887 0 204771 0 0 0
1791051281 3000, 13801, 59, 0x0000000000000000 | 2.59 4.14 5.84 | cpu  72275758 1045 13973614 2678933885 494887 0 204771 0 0 0
1791051282 3015, 13801, 59, 0x0000000000000000 | 2.59 4.14 5.84 | cpu  72275920 1045 13974072 2678957705 494890 0 204771 0 0 0
1791051283 3000, 13801, 59, 0x0000000000000000 | 2.59 4.14 5.84 | cpu  72276202 1045 13974155 2678982327 494891 0 204771 0 0 0
1791051284 3022, 13801, 58, 0x0000000000000000 | 2.59 4.14 5.84 | cpu  72276470 1045 13974280 2679006872 494895 0 204772 0 0 0
1791051285 3015, 13801, 59, 0x0000000000000000 | 2.54 4.10 5.82 | cpu  72276698 1045 13974330 2679031535 494898 0 204776 0 0 0
1791051286 3022, 13801, 60, 0x0000000000000000 | 2.54 4.10 5.82 | cpu  72276920 1045 13974358 2679056186 494898 0 204776 0 0 0
1791051287 3015, 13801, 59, 0x0000000000000000 | 2.54 4.10 5.82 | cpu  72277151 1045 13974377 2679081679 494900 0 204776 0 0 0
1791051288 3000, 13801, 60, 0x0000000000000000 | 2.54 4.10 5.82 | cpu  72277348 1045 13974400 2679105964 494900 0 204777 0 0 0
1791051290 3037, 13801, 53, 0x0000000000000000 | 2.41 4.05 5.80 | cpu  72277460 1045 13974424 2679130807 494901 0 204777 0 0 0
1791051291 3015, 13801, 60, 0x0000000000000000 | 2.41 4.05 5.80 | cpu  72280886 1045 13974481 2679152366 494958 0 204777 0 0 0
1791051292 3007, 13801, 59, 0x0000000000000000 | 2.41 4.05 5.80 | cpu  72282090 1045 13974502 2679175944 494958 0 204778 0 0 0
1791051293 3000, 13801, 61, 0x0000000000000000 | 2.41 4.05 5.80 | cpu  72282831 1045 13974524 2679200117 494959 0 204779 0 0 0
1791051294 3015, 13801, 58, 0x0000000000000000 | 2.41 4.05 5.80 | cpu  72283356 1045 13974550 2679224737 494959 0 204786 0 0 0
1791051295 2992, 13801, 60, 0x0000000000000000 | 2.30 4.00 5.77 | cpu  72284810 1045 13974572 2679248297 494959 0 204786 0 0 0
1791051296 3000, 13801, 59, 0x0000000000000000 | 2.30 4.00 5.77 | cpu  72284927 1045 13974598 2679273229 494961 0 204786 0 0 0
1791051297 3007, 13801, 59, 0x0000000000000000 | 2.30 4.00 5.77 | cpu  72285040 1045 13974619 2679298346 494961 0 204786 0 0 0
1791051298 3015, 13801, 60, 0x0000000000000000 | 2.30 4.00 5.77 | cpu  72285269 1045 13974664 2679323216 494962 0 204789 0 0 0
1791051300 3022, 13801, 59, 0x0000000000000000 | 2.28 3.96 5.75 | cpu  72285493 1045 13974684 2679347994 494963 0 204790 0 0 0
1791051301 3015, 13801, 59, 0x0000000000000000 | 2.28 3.96 5.75 | cpu  72285928 1045 13974706 2679371986 494963 0 204791 0 0 0
1791051302 3022, 13801, 59, 0x0000000000000000 | 2.28 3.96 5.75 | cpu  72286191 1045 13974782 2679397177 494963 0 204792 0 0 0
1791051303 3015, 13801, 59, 0x0000000000000000 | 2.28 3.96 5.75 | cpu  72286434 1045 13974812 2679421970 494966 0 204792 0 0 0
1791051304 3007, 13801, 58, 0x0000000000000000 | 2.28 3.96 5.75 | cpu  72286666 1045 13974836 2679447115 494967 0 204792 0 0 0
1791051305 3007, 13801, 60, 0x0000000000000000 | 2.25 3.93 5.73 | cpu  72286858 1045 13974854 2679472116 494967 0 204792 0 0 0
1791051306 3015, 13801, 59, 0x0000000000000000 | 2.25 3.93 5.73 | cpu  72286975 1045 13974880 2679496967 494967 0 204792 0 0 0
1791051307 3022, 13801, 60, 0x0000000000000000 | 2.25 3.93 5.73 | cpu  72287089 1045 13974896 2679521889 494967 0 204792 0 0 0
1791051309 3015, 13801, 60, 0x0000000000000000 | 2.25 3.93 5.73 | cpu  72287203 1045 13974916 2679546745 494971 0 204793 0 0 0
1791051310 3015, 13801, 61, 0x0000000000000000 | 2.15 3.88 5.70 | cpu  72287314 1045 13974933 2679571562 494971 0 204793 0 0 0
1791051311 3007, 13801, 60, 0x0000000000000000 | 2.15 3.88 5.70 | cpu  72287441 1045 13974964 2679596894 494971 0 204794 0 0 0
1791051312 3007, 13801, 60, 0x0000000000000000 | 2.15 3.88 5.70 | cpu  72290034 1045 13975022 2679620006 494971 0 204794 0 0 0
1791051313 3022, 13801, 58, 0x0000000000000000 | 2.15 3.88 5.70 | cpu  72292440 1045 13975068 2679642062 494971 0 204794 0 0 0
1791051314 3037, 13801, 56, 0x0000000000000000 | 2.15 3.88 5.70 | cpu  72293108 1045 13975087 2679666330 494973 0 204794 0 0 0
1791051315 3015, 13801, 59, 0x0000000000000000 | 2.22 3.87 5.69 | cpu  72293836 1045 13975147 2679691246 494973 0 204794 0 0 0
1791051316 3000, 13801, 61, 0x0000000000000000 | 2.22 3.87 5.69 | cpu  72295514 1045 13975176 2679714497 494973 0 204795 0 0 0
1791051318 3015, 13801, 59, 0x0000000000000000 | 2.22 3.87 5.69 | cpu  72295791 1045 13975215 2679739938 494979 0 204795 0 0 0
1791051319 3022, 13801, 59, 0x0000000000000000 | 2.22 3.87 5.69 | cpu  72296050 1045 13975243 2679764624 494979 0 204796 0 0 0
1791051320 3015, 13801, 59, 0x0000000000000000 | 2.28 3.85 5.67 | cpu  72296332 1045 13975264 2679788875 494979 0 204796 0 0 0
1791051321 3015, 13801, 60, 0x0000000000000000 | 2.28 3.85 5.67 | cpu  72296708 1045 13975293 2679813166 494979 0 204797 0 0 0
1791051322 3015, 13801, 62, 0x0000000000000000 | 2.28 3.85 5.67 | cpu  72297086 1045 13975317 2679837506 494979 0 204797 0 0 0
1791051323 3007, 13801, 59, 0x0000000000000000 | 2.28 3.85 5.67 | cpu  72297478 1045 13975352 2679862043 494980 0 204798 0 0 0
1791051324 3015, 13801, 60, 0x0000000000000000 | 2.28 3.85 5.67 | cpu  72297776 1045 13975377 2679886809 494985 0 204800 0 0 0
1791051325 3007, 13801, 60, 0x0000000000000000 | 2.26 3.82 5.65 | cpu  72298006 1045 13975396 2679911963 494985 0 204800 0 0 0
1791051327 3022, 13801, 59, 0x0000000000000000 | 2.26 3.82 5.65 | cpu  72298144 1045 13975419 2679936921 494986 0 204800 0 0 0
1791051328 3015, 13801, 60, 0x0000000000000000 | 2.26 3.82 5.65 | cpu  72298268 1045 13975440 2679961783 494986 0 204801 0 0 0
1791051329 3022, 13801, 59, 0x0000000000000000 | 2.26 3.82 5.65 | cpu  72298386 1045 13975462 2679986723 494986 0 204801 0 0 0
1791051330 3015, 13801, 59, 0x0000000000000000 | 2.16 3.78 5.63 | cpu  72298500 1045 13975482 2680011693 494990 0 204801 0 0 0
1791051331 3022, 13801, 58, 0x0000000000000000 | 2.16 3.78 5.63 | cpu  72298651 1045 13975522 2680038011 494990 0 204803 0 0 0
1791051332 3015, 13801, 59, 0x0000000000000000 | 2.16 3.78 5.63 | cpu  72299926 1045 13975624 2680061704 494994 0 204804 0 0 0
1791051333 3007, 13801, 59, 0x0000000000000000 | 2.16 3.78 5.63 | cpu  72302655 1045 13975687 2680084076 494994 0 204804 0 0 0
1791051334 3015, 13801, 60, 0x0000000000000000 | 2.31 3.78 5.62 | cpu  72303318 1045 13975712 2680108248 495001 0 204804 0 0 0
1791051336 3030, 13801, 54, 0x0000000000000000 | 2.31 3.78 5.62 | cpu  72304082 1045 13975748 2680132272 495004 0 204805 0 0 0
1791051337 3037, 13801, 53, 0x0000000000000000 | 2.31 3.78 5.62 | cpu  72305931 1045 13975774 2680155291 495004 0 204805 0 0 0
1791051338 3007, 13801, 61, 0x0000000000000000 | 2.31 3.78 5.62 | cpu  72306181 1045 13975800 2680180023 495005 0 204805 0 0 0
1791051339 3022, 13801, 58, 0x0000000000000000 | 2.31 3.78 5.62 | cpu  72306296 1045 13975828 2680204765 495005 0 204805 0 0 0
1791051340 3022, 13801, 58, 0x0000000000000000 | 2.36 3.77 5.60 | cpu  72306418 1045 13975848 2680230112 495007 0 204805 0 0 0
1791051341 3015, 13801, 59, 0x0000000000000000 | 2.36 3.77 5.60 | cpu  72306642 1045 13975878 2680254701 495008 0 204806 0 0 0
1791051342 3015, 13801, 58, 0x0000000000000000 | 2.36 3.77 5.60 | cpu  72306862 1045 13975900 2680279005 495008 0 204806 0 0 0
1791051343 3007, 13801, 60, 0x0000000000000000 | 2.36 3.77 5.60 | cpu  72307087 1045 13975920 2680303757 495012 0 204806 0 0 0
1791051344 3007, 13801, 60, 0x0000000000000000 | 2.41 3.75 5.59 | cpu  72307306 1045 13975943 2680328482 495012 0 204807 0 0 0
1791051346 3022, 13801, 59, 0x0000000000000000 | 2.41 3.75 5.59 | cpu  72307537 1045 13975968 2680353145 495014 0 204807 0 0 0
1791051347 3022, 13801, 58, 0x0000000000000000 | 2.41 3.75 5.59 | cpu  72307764 1045 13975987 2680377751 495015 0 204807 0 0 0
1791051348 3022, 13801, 58, 0x0000000000000000 | 2.41 3.75 5.59 | cpu  72307924 1045 13976018 2680402822 495017 0 204808 0 0 0
1791051349 3007, 13801, 60, 0x0000000000000000 | 2.41 3.75 5.59 | cpu  72308047 1045 13976102 2680427099 495017 0 204808 0 0 0
1791051350 3022, 13801, 58, 0x0000000000000000 | 2.46 3.74 5.58 | cpu  72308165 1045 13976130 2680451959 495017 0 204808 0 0 0
1791051351 3015, 13801, 59, 0x0000000000000000 | 2.46 3.74 5.58 | cpu  72308280 1045 13976159 2680476346 495017 0 204808 0 0 0
1791051352 3022, 13801, 59, 0x0000000000000000 | 2.46 3.74 5.58 | cpu  72308393 1045 13976178 2680500870 495017 0 204808 0 0 0
1791051353 3007, 13801, 61, 0x0000000000000000 | 2.46 3.74 5.58 | cpu  72308507 1045 13976201 2680525711 495018 0 204808 0 0 0
1791051354 3022, 13801, 58, 0x0000000000000000 | 2.46 3.74 5.58 | cpu  72310870 1045 13976242 2680547284 495020 0 204809 0 0 0
1791051356 3000, 13801, 61, 0x0000000000000000 | 20.28 7.41 6.76 | cpu  72312614 1045 13976262 2680570603 495020 0 204809 0 0 0
1791051357 3007, 13801, 59, 0x0000000000000000 | 20.28 7.41 6.76 | cpu  72313872 1045 13976284 2680594197 495020 0 204810 0 0 0
1791051358 3007, 13801, 59, 0x0000000000000000 | 20.28 7.41 6.76 | cpu  72314098 1045 13976305 2680619023 495020 0 204810 0 0 0
1791051359 3007, 13801, 60, 0x0000000000000000 | 20.28 7.41 6.76 | cpu  72315884 1045 13976326 2680641388 495020 0 204810 0 0 0
1791051360 3030, 13801, 59, 0x0000000000000000 | 18.74 7.31 6.72 | cpu  72316051 1045 13976348 2680665258 495022 0 204810 0 0 0
1791051361 3022, 13801, 59, 0x0000000000000000 | 18.74 7.31 6.72 | cpu  72316173 1045 13976376 2680690871 495022 0 204810 0 0 0
1791051362 3022, 13801, 59, 0x0000000000000000 | 18.74 7.31 6.72 | cpu  72316326 1045 13976397 2680715617 495022 0 204810 0 0 0
1791051363 3030, 13801, 58, 0x0000000000000000 | 18.74 7.31 6.72 | cpu  72316543 1045 13976430 2680740680 495022 0 204810 0 0 0
1791051364 3022, 13801, 58, 0x0000000000000000 | 18.74 7.31 6.72 | cpu  72316766 1045 13976448 2680765427 495022 0 204810 0 0 0
1791051366 3015, 13801, 60, 0x0000000000000000 | 17.56 7.25 6.71 | cpu  72316986 1045 13976474 2680790097 495022 0 204810 0 0 0
1791051367 3030, 13801, 58, 0x0000000000000000 | 17.56 7.25 6.71 | cpu  72317214 1045 13976500 2680814853 495024 0 204811 0 0 0
1791051368 3015, 13801, 59, 0x0000000000000000 | 17.56 7.25 6.71 | cpu  72317436 1045 13976520 2680839492 495026 0 204811 0 0 0
1791051369 3015, 13801, 58, 0x0000000000000000 | 17.56 7.25 6.71 | cpu  72317600 1045 13976542 2680864736 495026 0 204811 0 0 0
1791051370 3022, 13801, 58, 0x0000000000000000 | 16.23 7.15 6.68 | cpu  72317721 1045 13976566 2680889562 495026 0 204812 0 0 0
1791051371 3007, 13801, 60, 0x0000000000000000 | 16.23 7.15 6.68 | cpu  72321234 1045 13976595 2680909939 495026 0 204812 0 0 0
1791051372 3022, 13801, 59, 0x0000000000000000 | 16.23 7.15 6.68 | cpu  72322528 1045 13976638 2680934215 495029 0 204812 0 0 0
1791051373 3007, 13801, 59, 0x0000000000000000 | 16.23 7.15 6.68 | cpu  72323306 1045 13976661 2680957947 495029 0 204812 0 0 0
1791051374 3022, 13801, 58, 0x0000000000000000 | 16.23 7.15 6.68 | cpu  72324063 1045 13976690 2680982080 495029 0 204812 0 0 0
1791051376 3015, 13801, 60, 0x0000000000000000 | 15.17 7.08 6.66 | cpu  72325464 1045 13976714 2681005626 495029 0 204812 0 0 0
1791051377 3015, 13801, 59, 0x0000000000000000 | 15.17 7.08 6.66 | cpu  72325590 1045 13976734 2681030443 495029 0 204813 0 0 0
1791051378 3022, 13801, 58, 0x0000000000000000 | 15.17 7.08 6.66 | cpu  72325704 1045 13976755 2681055279 495032 0 204813 0 0 0
1791051379 3007, 13801, 59, 0x0000000000000000 | 15.17 7.08 6.66 | cpu  72325903 1045 13976778 2681080292 495033 0 204813 0 0 0
1791051380 3015, 13801, 59, 0x0000000000000000 | 14.12 6.99 6.63 | cpu  72326126 1045 13976798 2681104967 495033 0 204813 0 0 0
1791051381 3000, 13801, 60, 0x0000000000000000 | 14.12 6.99 6.63 | cpu  72326351 1045 13976827 2681129602 495033 0 204813 0 0 0
1791051382 3007, 13801, 60, 0x0000000000000000 | 14.12 6.99 6.63 | cpu  72326578 1045 13976854 2681154696 495033 0 204816 0 0 0
1791051383 3022, 13801, 58, 0x0000000000000000 | 14.12 6.99 6.63 | cpu  72326804 1045 13976874 2681179349 495038 0 204816 0 0 0
1791051384 3022, 13801, 59, 0x0000000000000000 | 13.15 6.91 6.61 | cpu  72327002 1045 13976898 2681204049 495038 0 204818 0 0 0
1791051386 3007, 13801, 60, 0x0000000000000000 | 13.15 6.91 6.61 | cpu  72327121 1045 13976924 2681229782 495038 0 204818 0 0 0
1791051387 3007, 13801, 60, 0x0000000000000000 | 13.15 6.91 6.61 | cpu  72327804 1045 13977028 2681253026 495039 0 204818 0 0 0
1791051388 3022, 13801, 58, 0x0000000000000000 | 13.15 6.91 6.61 | cpu  72329813 1045 13977102 2681274895 495039 0 204818 0 0 0
1791051389 3000, 13801, 59, 0x0000000000000000 | 13.15 6.91 6.61 | cpu  72332187 1045 13977128 2681296678 495042 0 204818 0 0 0
1791051390 3007, 13801, 60, 0x0000000000000000 | 12.25 6.83 6.58 | cpu  72333294 1045 13977146 2681320500 495042 0 204818 0 0 0
1791051391 3030, 13801, 58, 0x0000000000000000 | 12.25 6.83 6.58 | cpu  72333636 1045 13977167 2681345127 495042 0 204818 0 0 0
1791051392 3022, 13801, 58, 0x0000000000000000 | 12.25 6.83 6.58 | cpu  72335335 1045 13977221 2681367557 495042 0 204818 0 0 0
1791051393 3022, 13801, 58, 0x0000000000000000 | 12.25 6.83 6.58 | cpu  72335513 1045 13977249 2681392390 495042 0 204818 0 0 0
1791051394 3022, 13801, 58, 0x0000000000000000 | 12.25 6.83 6.58 | cpu  72335630 1045 13977269 2681417642 495044 0 204819 0 0 0
1791051396 3007, 13801, 59, 0x0000000000000000 | 11.51 6.77 6.56 | cpu  72335814 1045 13977292 2681442418 495044 0 204819 0 0 0
1791051397 3022, 13801, 59, 0x0000000000000000 | 11.51 6.77 6.56 | cpu  72336042 1045 13977315 2681467249 495044 0 204820 0 0 0
1791051398 3015, 13801, 61, 0x0000000000000000 | 11.51 6.77 6.56 | cpu  72336267 1045 13977334 2681492013 495044 0 204820 0 0 0
1791051399 3022, 13801, 59, 0x0000000000000000 | 11.51 6.77 6.56 | cpu  72336498 1045 13977360 2681516802 495044 0 204820 0 0 0
1791051400 2992, 13801, 61, 0x0000000000000000 | 10.75 6.69 6.54 | cpu  72336720 1045 13977381 2681541611 495047 0 204820 0 0 0
1791051401 3007, 13801, 60, 0x0000000000000000 | 10.75 6.69 6.54 | cpu  72336903 1045 13977408 2681566780 495047 0 204822 0 0 0
1791051402 3007, 13801, 60, 0x0000000000000000 | 10.75 6.69 6.54 | cpu  72337018 1045 13977428 2681591735 495049 0 204822 0 0 0
1791051403 3015, 13801, 61, 0x0000000000000000 | 10.75 6.69 6.54 | cpu  72337132 1045 13977451 2681616852 495049 0 204822 0 0 0
1791051405 3022, 13801, 61, 0x0000000000000000 | 10.13 6.62 6.52 | cpu  72337246 1045 13977471 2681641790 495051 0 204823 0 0 0
1791051406 3015, 13801, 61, 0x0000000000000000 | 10.13 6.62 6.52 | cpu  72337356 1045 13977490 2681666421 495052 0 204824 0 0 0
1791051407 3015, 13801, 60, 0x0000000000000000 | 10.13 6.62 6.52 | cpu  72337477 1045 13977524 2681691242 495052 0 204824 0 0 0
1791051408 3037, 13801, 54, 0x0000000000000000 | 10.13 6.62 6.52 | cpu  72339997 1045 13977569 2681712770 495054 0 204824 0 0 0
1791051409 3015, 13801, 59, 0x0000000000000000 | 10.13 6.62 6.52 | cpu  72341260 1045 13977593 2681736378 495055 0 204824 0 0 0
1791051410 3022, 13801, 59, 0x0000000000000000 | 9.56 6.56 6.50 | cpu  72342742 1045 13977668 2681759816 495057 0 204825 0 0 0
1791051411 3015, 13801, 60, 0x0000000000000000 | 9.56 6.56 6.50 | cpu  72342971 1045 13977694 2681784495 495057 0 204826 0 0 0
1791051412 3015, 13801, 59, 0x0000000000000000 | 9.56 6.56 6.50 | cpu  72344790 1045 13977756 2681806720 495057 0 204826 0 0 0
1791051413 3015, 13801, 59, 0x0000000000000000 | 9.56 6.56 6.50 | cpu  72345327 1045 13977834 2681831679 495058 0 204827 0 0 0
1791051414 3007, 13801, 61, 0x0000000000000000 | 8.95 6.49 6.48 | cpu  72345440 1045 13977854 2681856817 495058 0 204827 0 0 0
1791051416 3015, 13801, 59, 0x0000000000000000 | 8.95 6.49 6.48 | cpu  72345601 1045 13977876 2681881680 495058 0 204827 0 0 0
1791051417 3015, 13801, 60, 0x0000000000000000 | 8.95 6.49 6.48 | cpu  72345816 1045 13977904 2681906321 495059 0 204828 0 0 0
1791051418 3007, 13801, 61, 0x0000000000000000 | 8.95 6.49 6.48 | cpu  72346049 1045 13977929 2681931960 495059 0 204830 0 0 0
1791051419 3007, 13801, 60, 0x0000000000000000 | 8.95 6.49 6.48 | cpu  72346272 1045 13977948 2681956780 495061 0 204830 0 0 0
1791051420 3007, 13801, 60, 0x0000000000000000 | 8.40 6.41 6.45 | cpu  72346440 1045 13977969 2681981702 495061 0 204831 0 0 0
1791051421 3015, 13801, 60, 0x0000000000000000 | 8.40 6.41 6.45 | cpu  72346567 1045 13977996 2682006538 495061 0 204832 0 0 0
1791051422 3015, 13801, 60, 0x0000000000000000 | 8.40 6.41 6.45 | cpu  72346681 1045 13978019 2682031738 495061 0 204832 0 0 0
1791051423 3015, 13801, 59, 0x0000000000000000 | 8.40 6.41 6.45 | cpu  72346797 1045 13978044 2682056599 495065 0 204832 0 0 0
1791051425 3022, 13801, 58, 0x0000000000000000 | 7.80 6.32 6.42 | cpu  72347158 1045 13978066 2682081395 495065 0 204832 0 0 0
1791051426 3022, 13801, 58, 0x0000000000000000 | 7.80 6.32 6.42 | cpu  72347280 1045 13978092 2682106449 495065 0 204835 0 0 0
1791051427 3015, 13801, 60, 0x0000000000000000 | 7.80 6.32 6.42 | cpu  72347392 1045 13978113 2682131397 495065 0 204836 0 0 0
1791051428 3015, 13801, 60, 0x0000000000000000 | 7.80 6.32 6.42 | cpu  72349949 1045 13978155 2682153718 495065 0 204836 0 0 0
1791051429 3007, 13801, 60, 0x0000000000000000 | 7.80 6.32 6.42 | cpu  72351838 1045 13978180 2682176904 495069 0 204836 0 0 0
1791051430 3007, 13801, 59, 0x0000000000000000 | 7.34 6.25 6.40 | cpu  72352652 1045 13978210 2682201079 495069 0 204836 0 0 0
1791051431 3007, 13801, 59, 0x0000000000000000 | 7.34 6.25 6.40 | cpu  72352876 1045 13978234 2682225236 495069 0 204836 0 0 0
1791051432 3007, 13801, 60, 0x0000000000000000 | 7.34 6.25 6.40 | cpu  72354786 1045 13978260 2682247374 495069 0 204836 0 0 0
1791051433 3015, 13801, 59, 0x0000000000000000 | 7.34 6.25 6.40 | cpu  72355176 1045 13978281 2682271999 495069 0 204837 0 0 0
1791051435 3007, 13801, 60, 0x0000000000000000 | 6.83 6.16 6.37 | cpu  72355290 1045 13978299 2682296417 495072 0 204837 0 0 0
1791051436 3015, 13801, 59, 0x0000000000000000 | 6.83 6.16 6.37 | cpu  72355451 1045 13978324 2682320740 495072 0 204838 0 0 0
1791051437 3007, 13801, 60, 0x0000000000000000 | 6.83 6.16 6.37 | cpu  72355670 1045 13978343 2682344997 495072 0 204839 0 0 0
1791051438 3007, 13801, 62, 0x0000000000000000 | 6.83 6.16 6.37 | cpu  72355891 1045 13978365 2682369656 495072 0 204839 0 0 0
1791051439 3015, 13801, 60, 0x0000000000000000 | 6.83 6.16 6.37 | cpu  72356060 1045 13978384 2682394416 495074 0 204839 0 0 0
1791051440 3015, 13801, 59, 0x0000000000000000 | 6.44 6.09 6.35 | cpu  72356173 1045 13978405 2682419362 495074 0 204840 0 0 0
1791051441 3037, 13801, 54, 0x0000000000000000 | 6.44 6.09 6.35 | cpu  72356284 1045 13978439 2682444076 495075 0 204840 0 0 0
1791051442 3000, 13801, 61, 0x0000000000000000 | 6.44 6.09 6.35 | cpu  72356396 1045 13978460 2682468868 495075 0 204841 0 0 0
1791051443 3015, 13801, 61, 0x0000000000000000 | 6.44 6.09 6.35 | cpu  72356518 1045 13978477 2682493981 495075 0 204842 0 0 0
1791051445 3015, 13801, 59, 0x0000000000000000 | 6.09 6.03 6.32 | cpu  72359337 1045 13978528 2682515552 495076 0 204842 0 0 0
1791051446 3007, 13801, 61, 0x0000000000000000 | 6.09 6.03 6.32 | cpu  72361777 1045 13978587 2682537935 495078 0 204842 0 0 0
1791051447 3015, 13801, 61, 0x0000000000000000 | 6.09 6.03 6.32 | cpu  72362462 1045 13978616 2682562606 495078 0 204843 0 0 0
1791051448 3007, 13801, 61, 0x0000000000000000 | 6.09 6.03 6.32 | cpu  72363217 1045 13978640 2682586781 495078 0 204843 0 0 0
1791051449 2992, 13801, 62, 0x0000000000000000 | 6.09 6.03 6.32 | cpu  72365015 1045 13978661 2682609836 495078 0 204843 0 0 0
1791051450 2992, 13801, 61, 0x0000000000000000 | 5.76 5.96 6.30 | cpu  72365252 1045 13978683 2682634482 495081 0 204843 0 0 0
1791051451 3000, 13801, 60, 0x0000000000000000 | 5.76 5.96 6.30 | cpu  72365368 1045 13978705 2682659270 495081 0 204844 0 0 0
1791051452 3000, 13801, 60, 0x0000000000000000 | 5.76 5.96 6.30 | cpu  72365514 1045 13978732 2682683696 495081 0 204844 0 0 0
1791051453 3007, 13801, 62, 0x0000000000000000 | 5.76 5.96 6.30 | cpu  72365738 1045 13978755 2682708524 495081 0 204844 0 0 0
1791051455 3007, 13801, 61, 0x0000000000000000 | 5.54 5.91 6.28 | cpu  72365972 1045 13978777 2682733983 495081 0 204844 0 0 0
1791051456 3030, 13801, 59, 0x0000000000000000 | 5.54 5.91 6.28 | cpu  72366195 1045 13978798 2682758339 495083 0 204844 0 0 0
1791051457 3015, 13801, 60, 0x0000000000000000 | 5.54 5.91 6.28 | cpu  72366412 1045 13978823 2682782609 495083 0 204844 0 0 0
1791051458 3000, 13801, 61, 0x0000000000000000 | 5.54 5.91 6.28 | cpu  72366640 1045 13978842 2682807619 495084 0 204844 0 0 0
1791051459 3000, 13801, 61, 0x0000000000000000 | 5.54 5.91 6.28 | cpu  72366851 1045 13978861 2682832289 495084 0 204845 0 0 0
1791051460 3015, 13801, 60, 0x0000000000000000 | 5.17 5.83 6.25 | cpu  72366969 1045 13978880 2682857033 495084 0 204846 0 0 0
1791051461 2992, 13801, 61, 0x0000000000000000 | 5.17 5.83 6.25 | cpu  72367087 1045 13978907 2682881832 495088 0 204846 0 0 0
1791051462 3022, 13801, 59, 0x0000000000000000 | 5.17 5.83 6.25 | cpu  72367201 1045 13978930 2682906645 495089 0 204847 0 0 0
1791051464 3022, 13801, 59, 0x0000000000000000 | 5.17 5.83 6.25 | cpu  72367322 1045 13978950 2682932212 495089 0 204848 0 0 0
1791051465 3022, 13801, 60, 0x0000000000000000 | 4.84 5.75 6.22 | cpu  72367434 1045 13978968 2682956652 495089 0 204848 0 0 0
1791051466 3007, 13801, 60, 0x0000000000000000 | 4.84 5.75 6.22 | cpu  72370130 1045 13979051 2682978886 495092 0 204848 0 0 0
1791051467 3000, 13801, 61, 0x0000000000000000 | 4.84 5.75 6.22 | cpu  72372726 1045 13979130 2683000305 495094 0 204848 0 0 0
1791051468 3022, 13801, 59, 0x0000000000000000 | 4.84 5.75 6.22 | cpu  72373393 1045 13979148 2683024418 495096 0 204848 0 0 0
1791051469 3022, 13801, 59, 0x0000000000000000 | 4.84 5.75 6.22 | cpu  72374149 1045 13979170 2683048210 495096 0 204848 0 0 0
1791051470 3022, 13801, 60, 0x0000000000000000 | 4.61 5.68 6.20 | cpu  72375413 1045 13979195 2683072514 495096 0 204849 0 0 0
1791051471 3022, 13801, 59, 0x0000000000000000 | 4.61 5.68 6.20 | cpu  72376167 1045 13979219 2683096778 495096 0 204850 0 0 0
1791051472 3000, 13801, 62, 0x0000000000000000 | 4.61 5.68 6.20 | cpu  72376280 1045 13979242 2683121129 495097 0 204850 0 0 0
1791051474 3007, 13801, 59, 0x0000000000000000 | 4.61 5.68 6.20 | cpu  72376421 1045 13979270 2683145864 495097 0 204850 0 0 0
1791051475 3015, 13801, 60, 0x0000000000000000 | 4.40 5.62 6.18 | cpu  72376645 1045 13979295 2683170868 495097 0 204850 0 0 0
1791051476 3007, 13801, 60, 0x0000000000000000 | 4.40 5.62 6.18 | cpu  72376878 1045 13979322 2683196065 495097 0 204857 0 0 0
1791051477 3000, 13801, 60, 0x0000000000000000 | 4.40 5.62 6.18 | cpu  72377099 1045 13979415 2683220296 495098 0 204859 0 0 0
1791051478 3015, 13801, 60, 0x0000000000000000 | 4.40 5.62 6.18 | cpu  72377315 1045 13979432 2683244615 495100 0 204860 0 0 0
1791051479 3022, 13801, 58, 0x0000000000000000 | 4.40 5.62 6.18 | cpu  72377589 1045 13979454 2683269301 495100 0 204861 0 0 0
1791051480 3022, 13801, 59, 0x0000000000000000 | 4.13 5.55 6.15 | cpu  72377704 1045 13979470 2683294108 495100 0 204861 0 0 0
1791051481 3007, 13801, 60, 0x0000000000000000 | 4.13 5.55 6.15 | cpu  72377824 1045 13979492 2683318410 495100 0 204861 0 0 0
1791051482 3007, 13801, 60, 0x0000000000000000 | 4.13 5.55 6.15 | cpu  72379901 1045 13979534 2683340752 495104 0 204861 0 0 0
1791051484 3007, 13801, 60, 0x0000000000000000 | 4.13 5.55 6.15 | cpu  72382166 1045 13979556 2683363396 495106 0 204861 0 0 0
1791051485 3015, 13801, 60, 0x0000000000000000 | 3.96 5.49 6.13 | cpu  72383354 1045 13979577 2683386455 495106 0 204862 0 0 0
1791051486 3007, 13801, 59, 0x0000000000000000 | 3.96 5.49 6.13 | cpu  72383775 1045 13979601 2683410975 495106 0 204862 0 0 0
1791051487 2992, 13801, 61, 0x0000000000000000 | 3.96 5.49 6.13 | cpu  72385671 1045 13979654 2683433365 495106 0 204863 0 0 0
1791051488 3015, 13801, 60, 0x0000000000000000 | 3.96 5.49 6.13 | cpu  72385858 1045 13979697 2683458094 495106 0 204863 0 0 0
1791051489 3022, 13801, 59, 0x0000000000000000 | 3.96 5.49 6.13 | cpu  72385971 1045 13979717 2683482516 495106 0 204863 0 0 0
1791051490 3015, 13801, 59, 0x0000000000000000 | 3.72 5.41 6.10 | cpu  72386106 1045 13979737 2683507253 495109 0 204863 0 0 0
1791051491 3000, 13801, 60, 0x0000000000000000 | 3.72 5.41 6.10 | cpu  72386327 1045 13979766 2683531536 495109 0 204864 0 0 0
1791051492 3000, 13801, 60, 0x0000000000000000 | 3.72 5.41 6.10 | cpu  72386549 1045 13979790 2683556178 495109 0 204864 0 0 0
1791051493 3022, 13801, 59, 0x0000000000000000 | 3.72 5.41 6.10 | cpu  72386837 1045 13979823 2683581256 495109 0 204865 0 0 0
1791051495 3007, 13801, 61, 0x0000000000000000 | 3.58 5.35 6.08 | cpu  72386971 1045 13979842 2683606020 495111 0 204871 0 0 0
1791051496 3007, 13801, 60, 0x0000000000000000 | 3.58 5.35 6.08 | cpu  72387088 1045 13979864 2683631208 495111 0 204871 0 0 0
1791051497 3007, 13801, 60, 0x0000000000000000 | 3.58 5.35 6.08 | cpu  72387199 1045 13979889 2683656084 495112 0 204873 0 0 0
1791051498 3030, 13801, 58, 0x0000000000000000 | 3.58 5.35 6.08 | cpu  72387344 1045 13979917 2683680507 495112 0 204876 0 0 0
1791051499 3022, 13801, 59, 0x0000000000000000 | 3.58 5.35 6.08 | cpu  72391208 1045 13979964 2683702074 495112 0 204878 0 0 0
1791051500 3015, 13801, 59, 0x0000000000000000 | 3.46 5.30 6.06 | cpu  72392079 1045 13979984 2683726020 495112 0 204878 0 0 0
1791051501 3022, 13801, 60, 0x0000000000000000 | 3.46 5.30 6.06 | cpu  72392916 1045 13980007 2683750245 495114 0 204879 0 0 0
1791051502 3015, 13801, 60, 0x0000000000000000 | 3.46 5.30 6.06 | cpu  72393872 1045 13980041 2683774116 495114 0 204879 0 0 0
1791051503 3022, 13801, 59, 0x0000000000000000 | 3.46 5.30 6.06 | cpu  72395037 1045 13980059 2683797773 495114 0 204879 0 0 0
1791051505 3007, 13801, 59, 0x0000000000000000 | 3.42 5.26 6.04 | cpu  72395208 1045 13980116 2683824050 495114 0 204884 0 0 0
1791051506 3000, 13801, 60, 0x0000000000000000 | 3.42 5.26 6.04 | cpu  72395338 1045 13980147 2683849297 495114 0 204891 0 0 0
1791051507 3015, 13801, 60, 0x0000000000000000 | 3.42 5.26 6.04 | cpu  72395546 1045 13980174 2683874376 495115 0 204891 0 0 0
1791051508 3015, 13801, 59, 0x0000000000000000 | 3.42 5.26 6.04 | cpu  72395776 1045 13980193 2683899555 495115 0 204896 0 0 0
1791051509 3015, 13801, 59, 0x0000000000000000 | 3.42 5.26 6.04 | cpu  72396005 1045 13980230 2683923900 495115 0 204897 0 0 0
1791051510 3015, 13801, 59, 0x0000000000000000 | 3.31 5.21 6.02 | cpu  72396246 1045 13980263 2683949662 495120 0 204898 0 0 0
1791051511 3015, 13801, 60, 0x0000000000000000 | 3.31 5.21 6.02 | cpu  72396413 1045 13980333 2683974790 495120 0 204899 0 0 0
1791051513 3015, 13801, 60, 0x0000000000000000 | 3.31 5.21 6.02 | cpu  72396533 1045 13980369 2684000419 495120 0 204899 0 0 0
1791051514 3037, 13801, 54, 0x0000000000000000 | 3.31 5.21 6.02 | cpu  72396645 1045 13980387 2684025309 495120 0 204900 0 0 0
1791051515 3022, 13801, 59, 0x0000000000000000 | 21.14 8.87 7.20 | cpu  72398292 1045 13980421 2684048936 495121 0 204900 0 0 0
1791051516 3007, 13801, 59, 0x0000000000000000 | 21.14 8.87 7.20 | cpu  72400760 1045 13980450 2684071322 495122 0 204900 0 0 0
1791051517 3015, 13801, 60, 0x0000000000000000 | 21.14 8.87 7.20 | cpu  72401493 1045 13980469 2684095085 495122 0 204900 0 0 0
1791051518 3022, 13801, 58, 0x0000000000000000 | 21.14 8.87 7.20 | cpu  72402279 1045 13980486 2684119258 495122 0 204900 0 0 0
1791051519 3007, 13801, 60, 0x0000000000000000 | 21.14 8.87 7.20 | cpu  72404095 1045 13980509 2684142978 495122 0 204900 0 0 0
1791051520 3022, 13801, 57, 0x0000000000000000 | 19.61 8.76 7.17 | cpu  72404441 1045 13980542 2684169192 495124 0 204902 0 0 0
1791051522 3030, 13801, 58, 0x0000000000000000 | 19.61 8.76 7.17 | cpu  72404557 1045 13980567 2684193637 495124 0 204902 0 0 0
1791051523 3007, 13801, 61, 0x0000000000000000 | 19.61 8.76 7.17 | cpu  72404703 1045 13980595 2684218412 495126 0 204902 0 0 0
1791051524 3022, 13801, 59, 0x0000000000000000 | 19.61 8.76 7.17 | cpu  72404928 1045 13980618 2684243088 495126 0 204902 0 0 0
1791051525 3022, 13801, 59, 0x0000000000000000 | 18.20 8.64 7.14 | cpu  72405155 1045 13980644 2684267785 495126 0 204902 0 0 0
1791051526 3022, 13801, 59, 0x0000000000000000 | 18.20 8.64 7.14 | cpu  72405380 1045 13980668 2684292482 495127 0 204902 0 0 0
1791051527 3022, 13801, 59, 0x0000000000000000 | 18.20 8.64 7.14 | cpu  72405607 1045 13980694 2684317132 495127 0 204903 0 0 0
1791051528 3007, 13801, 60, 0x0000000000000000 | 18.20 8.64 7.14 | cpu  72405834 1045 13980716 2684341838 495132 0 204903 0 0 0
1791051529 3007, 13801, 60, 0x0000000000000000 | 18.20 8.64 7.14 | cpu  72406015 1045 13980736 2684366584 495132 0 204905 0 0 0
1791051531 3007, 13801, 60, 0x0000000000000000 | 16.82 8.52 7.11 | cpu  72406133 1045 13980760 2684391051 495132 0 204915 0 0 0
1791051532 3022, 13801, 60, 0x0000000000000000 | 16.82 8.52 7.11 | cpu  72408746 1045 13980814 2684412714 495133 0 204922 0 0 0
1791051533 3015, 13801, 60, 0x0000000000000000 | 16.82 8.52 7.11 | cpu  72410287 1045 13980844 2684436256 495136 0 204922 0 0 0
1791051534 3022, 13801, 60, 0x0000000000000000 | 16.82 8.52 7.11 | cpu  72411624 1045 13980862 2684459846 495136 0 204923 0 0 0
1791051535 3007, 13801, 60, 0x0000000000000000 | 15.63 8.41 7.08 | cpu  72411846 1045 13980882 2684484112 495136 0 204923 0 0 0
1791051536 3022, 13801, 59, 0x0000000000000000 | 15.63 8.41 7.08 | cpu  72413665 1045 13980908 2684506244 495136 0 204925 0 0 0
1791051537 3015, 13801, 59, 0x0000000000000000 | 15.63 8.41 7.08 | cpu  72413846 1045 13980928 2684530949 495136 0 204926 0 0 0
1791051538 3022, 13801, 59, 0x0000000000000000 | 15.63 8.41 7.08 | cpu  72413961 1045 13980948 2684556064 495136 0 204926 0 0 0
1791051539 3007, 13801, 60, 0x0000000000000000 | 15.63 8.41 7.08 | cpu  72414121 1045 13980970 2684581352 495138 0 204927 0 0 0
1791051541 3015, 13801, 59, 0x0000000000000000 | 14.62 8.32 7.06 | cpu  72414342 1045 13981025 2684606026 495138 0 204927 0 0 0
1791051542 3022, 13801, 58, 0x0000000000000000 | 14.62 8.32 7.06 | cpu  72414571 1045 13981090 2684630646 495138 0 204928 0 0 0
1791051543 3007, 13801, 59, 0x0000000000000000 | 14.62 8.32 7.06 | cpu  72414796 1045 13981111 2684655408 495138 0 204928 0 0 0
1791051544 3030, 13801, 58, 0x0000000000000000 | 14.62 8.32 7.06 | cpu  72415022 1045 13981140 2684680251 495138 0 204928 0 0 0
1791051545 3022, 13801, 59, 0x0000000000000000 | 13.69 8.23 7.04 | cpu  72415247 1045 13981169 2684704953 495140 0 204929 0 0 0
1791051546 3022, 13801, 58, 0x0000000000000000 | 13.69 8.23 7.04 | cpu  72415470 1045 13981193 2684729246 495145 0 204929 0 0 0
1791051547 3015, 13801, 59, 0x0000000000000000 | 13.69 8.23 7.04 | cpu  72415685 1045 13981210 2684754001 495145 0 204930 0 0 0
1791051548 3015, 13801, 59, 0x0000000000000000 | 13.69 8.23 7.04 | cpu  72415809 1045 13981233 2684778762 495145 0 204930 0 0 0
1791051549 3015, 13801, 58, 0x0000000000000000 | 13.69 8.23 7.04 | cpu  72415924 1045 13981250 2684803610 495145 0 204930 0 0 0
1791051551 3015, 13801, 60, 0x0000000000000000 | 12.67 8.11 7.00 | cpu  72416037 1045 13981268 2684828206 495147 0 204930 0 0 0
1791051552 3015, 13801, 61, 0x0000000000000000 | 12.67 8.11 7.00 | cpu  72417184 1045 13981298 2684852529 495147 0 204930 0 0 0
1791051553 3007, 13801, 61, 0x0000000000000000 | 12.67 8.11 7.00 | cpu  72420255 1045 13981329 2684874528 495147 0 204930 0 0 0
1791051554 3007, 13801, 60, 0x0000000000000000 | 12.67 8.11 7.00 | cpu  72421028 1045 13981346 2684898754 495148 0 204930 0 0 0
1791051555 3007, 13801, 60, 0x0000000000000000 | 11.82 8.01 6.98 | cpu  72421834 1045 13981367 2684922841 495148 0 204930 0 0 0
1791051556 3007, 13801, 60, 0x0000000000000000 | 11.82 8.01 6.98 | cpu  72423594 1045 13981390 2684946077 495150 0 204930 0 0 0
1791051557 3022, 13801, 59, 0x0000000000000000 | 11.82 8.01 6.98 | cpu  72423810 1045 13981430 2684971218 495157 0 204931 0 0 0
1791051558 3007, 13801, 61, 0x0000000000000000 | 11.82 8.01 6.98 | cpu  72424303 1045 13981490 2684995600 495158 0 204934 0 0 0
1791051560 3015, 13801, 60, 0x0000000000000000 | 11.82 8.01 6.98 | cpu  72424748 1045 13981515 2685020820 495158 0 204938 0 0 0
1791051561 2992, 13801, 61, 0x0000000000000000 | 11.43 7.99 6.98 | cpu  72425291 1045 13981546 2685045496 495158 0 204941 0 0 0
1791051562 3037, 13801, 54, 0x0000000000000000 | 11.43 7.99 6.98 | cpu  72425856 1045 13981578 2685070288 495158 0 204947 0 0 0
1791051563 3022, 13801, 59, 0x0000000000000000 | 11.43 7.99 6.98 | cpu  72426408 1045 13981614 2685094728 495161 0 204951 0 0 0
1791051564 3015, 13801, 60, 0x0000000000000000 | 11.43 7.99 6.98 | cpu  72426967 1045 13981727 2685121293 495163 0 204954 0 0 0
1791051565 3015, 13801, 59, 0x0000000000000000 | 11.00 7.96 6.97 | cpu  72427315 1045 13982090 2685146030 495173 0 204962 0 0 0
1791051566 3022, 13801, 60, 0x0000000000000000 | 11.00 7.96 6.97 | cpu  72427629 1045 13982156 2685171170 495173 0 204962 0 0 0
1791051568 3007, 13801, 60, 0x0000000000000000 | 11.00 7.96 6.97 | cpu  72427826 1045 13982287 2685196450 495173 0 204962 0 0 0
1791051569 2992, 13801, 61, 0x0000000000000000 | 11.00 7.96 6.97 | cpu  72428043 1045 13982898 2685220641 495175 0 204962 0 0 0
1791051570 3022, 13801, 60, 0x0000000000000000 | 10.28 7.86 6.95 | cpu  72428199 1045 13982984 2685245269 495175 0 204964 0 0 0
1791051571 3022, 13801, 61, 0x0000000000000000 | 10.28 7.86 6.95 | cpu  72428324 1045 13983036 2685270521 495183 0 204964 0 0 0
1791051572 3015, 13801, 61, 0x0000000000000000 | 10.28 7.86 6.95 | cpu  72428436 1045 13983060 2685295426 495183 0 204965 0 0 0
1791051573 3007, 13801, 60, 0x0000000000000000 | 10.28 7.86 6.95 | cpu  72428560 1045 13983098 2685320349 495183 0 204965 0 0 0
1791051574 3037, 13801, 54, 0x0000000000000000 | 10.28 7.86 6.95 | cpu  72428627 1045 13983164 2685345446 495183 0 204966 0 0 0
1791051575 3037, 13801, 53, 0x0000000000000000 | 9.61 7.76 6.92 | cpu  72428869 1045 13983290 2685369978 495186 0 204969 0 0 0
1791051576 2647, 13801, 52, 0x0000000000000000 | 9.61 7.76 6.92 | cpu  72431185 1045 13983454 2685392383 495188 0 204970 0 0 0
1791051578 2647, 13801, 51, 0x0000000000000000 | 9.61 7.76 6.92 | cpu  72433763 1045 13983612 2685415535 495188 0 204971 0 0 0
1791051579 2647, 13801, 51, 0x0000000000000000 | 9.61 7.76 6.92 | cpu  72435505 1045 13984026 2685438912 495192 0 204972 0 0 0
1791051580 2647, 13801, 51, 0x0000000000000000 | 9.56 7.78 6.93 | cpu  72435565 1045 13984708 2685463119 495194 0 204974 0 0 0
1791051581 2647, 13801, 50, 0x0000000000000000 | 9.56 7.78 6.93 | cpu  72435636 1045 13985382 2685487356 495198 0 204976 0 0 0
1791051582 2647, 13801, 50, 0x0000000000000000 | 9.56 7.78 6.93 | cpu  72435704 1045 13986063 2685512787 495203 0 204976 0 0 0
1791051583 2647, 13801, 50, 0x0000000000000000 | 9.56 7.78 6.93 | cpu  72437810 1045 13986180 2685535631 495203 0 204977 0 0 0
1791051584 2647, 13801, 49, 0x0000000000000000 | 9.56 7.78 6.93 | cpu  72438994 1045 13986251 2685559076 495203 0 204978 0 0 0
1791051586 2647, 13801, 49, 0x0000000000000000 | 8.96 7.69 6.90 | cpu  72440026 1045 13986333 2685582881 495203 0 204978 0 0 0
1791051587 2647, 13801, 49, 0x0000000000000000 | 8.96 7.69 6.90 | cpu  72441000 1045 13986405 2685606627 495206 0 204978 0 0 0
1791051588 2647, 13801, 49, 0x0000000000000000 | 8.96 7.69 6.90 | cpu  72441945 1045 13986478 2685630578 495206 0 204980 0 0 0
1791051589 2647, 13801, 49, 0x0000000000000000 | 8.96 7.69 6.90 | cpu  72443669 1045 13986561 2685654453 495208 0 204980 0 0 0
1791051590 2647, 13801, 48, 0x0000000000000000 | 8.40 7.59 6.88 | cpu  72443828 1045 13986637 2685679027 495208 0 204981 0 0 0
1791051591 2647, 13801, 48, 0x0000000000000000 | 8.40 7.59 6.88 | cpu  72443878 1045 13986708 2685703722 495208 0 204982 0 0 0
1791051592 2647, 13801, 48, 0x0000000000000000 | 8.40 7.59 6.88 | cpu  72443962 1045 13986785 2685728324 495209 0 204982 0 0 0
1791051593 2647, 13801, 48, 0x0000000000000000 | 8.40 7.59 6.88 | cpu  72444122 1045 13986856 2685752811 495210 0 204983 0 0 0
1791051594 2647, 13801, 48, 0x0000000000000000 | 8.40 7.59 6.88 | cpu  72444281 1045 13986930 2685777444 495212 0 204985 0 0 0
1791051596 2647, 13801, 48, 0x0000000000000000 | 7.89 7.50 6.85 | cpu  72444440 1045 13987000 2685801968 495212 0 204985 0 0 0
1791051597 2647, 13801, 47, 0x0000000000000000 | 7.89 7.50 6.85 | cpu  72444500 1045 13987072 2685826729 495215 0 204987 0 0 0
1791051598 2647, 13801, 47, 0x0000000000000000 | 7.89 7.50 6.85 | cpu  72444991 1045 13987171 2685851000 495215 0 204988 0 0 0
1791051599 2647, 13801, 47, 0x0000000000000000 | 7.89 7.50 6.85 | cpu  72447228 1045 13987308 2685873815 495215 0 204988 0 0 0
1791051600 2647, 13801, 47, 0x0000000000000000 | 7.98 7.52 6.86 | cpu  72449296 1045 13987689 2685896357 495221 0 204988 0 0 0
1791051601 2647, 13801, 47, 0x0000000000000000 | 7.98 7.52 6.86 | cpu  72449359 1045 13988330 2685920407 495230 0 204989 0 0 0
1791051602 2647, 13801, 47, 0x0000000000000000 | 7.98 7.52 6.86 | cpu  72449417 1045 13989034 2685944862 495241 0 204989 0 0 0
1791051603 2647, 13801, 46, 0x0000000000000000 | 7.98 7.52 6.86 | cpu  72449472 1045 13989748 2685969825 495254 0 204992 0 0 0
1791051604 2647, 13801, 46, 0x0000000000000000 | 7.98 7.52 6.86 | cpu  72450794 1045 13990062 2685993065 495257 0 204992 0 0 0
1791051606 2647, 13801, 46, 0x0000000000000000 | 7.58 7.45 6.84 | cpu  72451592 1045 13990140 2686016898 495258 0 204993 0 0 0
1791051607 2647, 13801, 46, 0x0000000000000000 | 7.58 7.45 6.84 | cpu  72453086 1045 13990224 2686039673 495259 0 204995 0 0 0
