2026/10/03 11:17:30.177, 1, 0, 2910, 97.73, 5
2026/10/03 11:17:30.229, 1, 0, 2910, 97.73, 5
2026/10/03 11:17:30.279, 1, 0, 2910, 97.73, 5
2026/10/03 11:17:30.329, 1, 0, 2910, 97.73, 5
2026/10/03 11:17:30.379, 1, 0, 2910, 97.73, 5
2026/10/03 11:17:30.430, 1, 0, 2910, 97.73, 5
2026/10/03 11:17:30.480, 1, 0, 2910, 97.73, 5
2026/10/03 11:17:30.530, 1, 0, 2910, 97.73, 5
2026/10/03 11:17:30.580, 1, 0, 2910, 97.73, 5
2026/10/03 11:17:30.630, 1, 0, 2910, 97.73, 5
2026/10/03 11:17:30.680, 1, 0, 2910, 97.73, 5
2026/10/03 11:17:30.730, 1, 0, 2910, 97.73, 5
2026/10/03 11:17:30.781, 1, 0, 2910, 97.73, 5
2026/10/03 11:17:30.831, 2, 0, 2910, 97.73, 5
2026/10/03 11:17:30.893, 4, 0, 2475, 69.98, 5
2026/10/03 11:17:30.943, 4, 0, 2475, 69.98, 5
2026/10/03 11:17:30.993, 4, 0, 2475, 69.98, 5
2026/10/03 11:17:31.043, 4, 0, 2475, 69.98, 5
2026/10/03 11:17:31.094, 4, 0, 2475, 69.98, 5
2026/10/03 11:17:31.144, 4, 0, 2475, 69.98, 5
2026/10/03 11:17:31.194, 4, 0, 2475, 69.98, 5
2026/10/03 11:17:31.244, 4, 0, 2475, 69.98, 5
2026/10/03 11:17:31.294, 4, 0, 2475, 69.98, 5
2026/10/03 11:17:31.344, 4, 0, 1110, 47.75, 5
2026/10/03 11:17:31.394, 4, 0, 1110, 47.75, 5
2026/10/03 11:17:31.445, 4, 0, 1110, 47.75, 5
2026/10/03 11:17:31.495, 4, 0, 1110, 47.75, 5
2026/10/03 11:17:31.545, 4, 0, 1110, 47.75, 5
2026/10/03 11:17:31.595, 4, 0, 1110, 47.75, 5
2026/10/03 11:17:31.645, 4, 0, 1110, 47.75, 5
2026/10/03 11:17:31.695, 4, 0, 1110, 47.75, 5
2026/10/03 11:17:31.745, 4, 0, 1110, 47.75, 5
2026/10/03 11:17:31.796, 4, 0, 1110, 47.75, 5
2026/10/03 11:17:31.846, 4, 0, 840, 45.86, 5
2026/10/03 11:17:31.896, 4, 0, 840, 45.86, 5
2026/10/03 11:17:31.946, 4, 0, 840, 45.86, 5
2026/10/03 11:17:31.996, 4, 0, 840, 45.86, 5
2026/10/03 11:17:32.046, 4, 0, 840, 45.86, 5
2026/10/03 11:17:32.096, 4, 0, 840, 45.86, 5
2026/10/03 11:17:32.146, 4, 0, 840, 45.86, 5
2026/10/03 11:17:32.197, 4, 0, 840, 45.86, 5
2026/10/03 11:17:32.247, 4, 0, 840, 45.86, 5
2026/10/03 11:17:32.297, 4, 0, 840, 45.86, 5
2026/10/03 11:17:32.347, 4, 0, 840, 45.40, 5
2026/10/03 11:17:32.397, 4, 0, 840, 45.40, 5
2026/10/03 11:17:32.447, 4, 0, 840, 45.40, 5
2026/10/03 11:17:32.497, 4, 0, 840, 45.40, 5
2026/10/03 11:17:32.547, 4, 0, 840, 45.40, 5
2026/10/03 11:17:32.598, 4, 0, 840, 45.40, 5
2026/10/03 11:17:32.648, 4, 0, 840, 45.40, 5
2026/10/03 11:17:32.698, 4, 0, 840, 45.40, 5
2026/10/03 11:17:32.748, 4, 0, 840, 45.40, 5
2026/10/03 11:17:32.798, 4, 0, 840, 45.40, 5
2026/10/03 11:17:32.848, 4, 0, 840, 45.40, 5
2026/10/03 11:17:32.898, 4, 0, 840, 45.40, 5
2026/10/03 11:17:32.949, 4, 0, 840, 45.40, 5
2026/10/03 11:17:32.999, 4, 0, 840, 45.40, 5
2026/10/03 11:17:33.049, 4, 0, 840, 45.40, 5
2026/10/03 11:17:33.100, 4, 0, 840, 45.40, 5
2026/10/03 11:17:33.150, 4, 0, 840, 45.40, 5
2026/10/03 11:17:33.200, 4, 0, 840, 45.40, 5
2026/10/03 11:17:33.250, 4, 0, 840, 45.40, 5
2026/10/03 11:17:33.300, 4, 0, 840, 45.40, 5
2026/10/03 11:17:33.351, 4, 0, 532, 42.45, 5
2026/10/03 11:17:33.401, 4, 0, 532, 42.45, 5
2026/10/03 11:17:33.451, 4, 0, 532, 42.45, 5
2026/10/03 11:17:33.502, 4, 0, 532, 42.45, 5
2026/10/03 11:17:33.552, 4, 0, 532, 42.45, 5
2026/10/03 11:17:33.602, 4, 0, 532, 42.45, 5
2026/10/03 11:17:33.652, 4, 0, 532, 42.45, 5
2026/10/03 11:17:33.702, 4, 0, 532, 42.45, 5
2026/10/03 11:17:33.753, 4, 0, 532, 42.45, 5
2026/10/03 11:17:33.803, 4, 0, 532, 42.45, 5
2026/10/03 11:17:33.853, 4, 0, 532, 42.45, 5
2026/10/03 11:17:33.903, 21, 0, 532, 42.45, 5
2026/10/03 11:17:33.953, 508, 0, 532, 42.45, 5
2026/10/03 11:17:34.004, 508, 0, 532, 42.45, 5
2026/10/03 11:17:34.054, 508, 0, 532, 42.45, 5
2026/10/03 11:17:34.104, 508, 0, 532, 42.45, 5
2026/10/03 11:17:34.154, 508, 0, 532, 42.45, 5
2026/10/03 11:17:34.204, 508, 0, 532, 42.45, 5
2026/10/03 11:17:34.255, 510, 0, 532, 42.45, 5
2026/10/03 11:17:34.305, 510, 0, 532, 42.45, 5
2026/10/03 11:17:34.355, 1110, 0, 2475, 69.36, 5
2026/10/03 11:17:34.405, 1110, 0, 2475, 69.36, 5
2026/10/03 11:17:34.455, 1110, 0, 2475, 69.36, 5
2026/10/03 11:17:34.506, 1854, 0, 2475, 69.36, 5
2026/10/03 11:17:34.556, 2198, 0, 2475, 69.36, 5
2026/10/03 11:17:34.606, 2544, 0, 2475, 69.36, 5
2026/10/03 11:17:34.656, 2868, 0, 2475, 69.36, 5
2026/10/03 11:17:34.706, 3192, 0, 2475, 69.36, 5
2026/10/03 11:17:34.756, 3456, 0, 2475, 69.36, 5
2026/10/03 11:17:34.807, 3456, 0, 2475, 69.36, 5
2026/10/03 11:17:34.857, 3456, 14, 2580, 80.86, 5
2026/10/03 11:17:34.907, 3456, 14, 2580, 80.86, 5
2026/10/03 11:17:34.957, 3456, 14, 2580, 80.86, 5
2026/10/03 11:17:35.008, 3456, 14, 2580, 80.86, 5
2026/10/03 11:17:35.058, 3456, 14, 2580, 80.86, 5
2026/10/03 11:17:35.108, 3456, 14, 2580, 80.86, 5
2026/10/03 11:17:35.158, 3456, 14, 2580, 80.86, 5
2026/10/03 11:17:35.208, 3656, 14, 2580, 80.86, 5
2026/10/03 11:17:35.258, 3656, 14, 2580, 80.86, 5
2026/10/03 11:17:35.309, 3676, 14, 2580, 80.86, 5
2026/10/03 11:17:35.359, 3676, 14, 2475, 70.58, 5
2026/10/03 11:17:35.409, 3776, 14, 2475, 70.58, 5
2026/10/03 11:17:35.459, 3858, 14, 2475, 70.58, 5
2026/10/03 11:17:35.509, 3858, 14, 2475, 70.58, 5
2026/10/03 11:17:35.560, 3858, 14, 2475, 70.58, 5
2026/10/03 11:17:35.610, 3858, 14, 2475, 70.58, 5
2026/10/03 11:17:35.660, 4058, 14, 2475, 70.58, 5
2026/10/03 11:17:35.710, 4058, 14, 2475, 70.58, 5
2026/10/03 11:17:35.760, 4078, 14, 2475, 70.58, 5
2026/10/03 11:17:35.811, 4078, 14, 2475, 70.58, 5
2026/10/03 11:17:35.861, 4178, 1, 2475, 71.26, 5
2026/10/03 11:17:35.911, 4178, 1, 2475, 71.26, 5
2026/10/03 11:17:35.961, 4198, 1, 2475, 71.26, 5
2026/10/03 11:17:36.011, 4198, 1, 2475, 71.26, 5
2026/10/03 11:17:36.062, 4378, 1, 2475, 71.26, 5
2026/10/03 11:17:36.112, 4378, 1, 2475, 71.26, 5
2026/10/03 11:17:36.162, 4398, 1, 2475, 71.26, 5
2026/10/03 11:17:36.212, 4398, 1, 2475, 71.26, 5
2026/10/03 11:17:36.262, 4498, 1, 2475, 71.26, 5
2026/10/03 11:17:36.313, 4518, 1, 2475, 71.26, 5
2026/10/03 11:17:36.363, 4518, 1, 2482, 70.36, 5
2026/10/03 11:17:36.413, 4518, 1, 2482, 70.36, 5
2026/10/03 11:17:36.463, 4698, 1, 2482, 70.36, 5
2026/10/03 11:17:36.513, 4698, 1, 2482, 70.36, 5
2026/10/03 11:17:36.564, 4738, 1, 2482, 70.36, 5
2026/10/03 11:17:36.614, 4738, 1, 2482, 70.36, 5
2026/10/03 11:17:36.664, 4818, 1, 2482, 70.36, 5
2026/10/03 11:17:36.714, 4838, 1, 2482, 70.36, 5
2026/10/03 11:17:36.764, 4838, 1, 2482, 70.36, 5
2026/10/03 11:17:36.814, 4838, 1, 2482, 70.36, 5
2026/10/03 11:17:36.865, 5038, 1, 2482, 70.00, 5
2026/10/03 11:17:36.915, 5038, 1, 2482, 70.00, 5
2026/10/03 11:17:36.965, 5058, 1, 2482, 70.00, 5
2026/10/03 11:17:37.015, 5058, 1, 2482, 70.00, 5
2026/10/03 11:17:37.066, 5158, 1, 2482, 70.00, 5
2026/10/03 11:17:37.116, 5158, 1, 2482, 70.00, 5
2026/10/03 11:17:37.166, 5158, 1, 2482, 70.00, 5
2026/10/03 11:17:37.216, 5358, 1, 2482, 70.00, 5
2026/10/03 11:17:37.266, 5358, 1, 2482, 70.00, 5
2026/10/03 11:17:37.317, 5358, 1, 2482, 70.00, 5
2026/10/03 11:17:37.367, 5378, 1, 2482, 70.87, 5
2026/10/03 11:17:37.417, 5478, 1, 2482, 70.87, 5
2026/10/03 11:17:37.467, 5478, 1, 2482, 70.87, 5
2026/10/03 11:17:37.517, 5478, 1, 2482, 70.87, 5
2026/10/03 11:17:37.567, 5478, 1, 2482, 70.87, 5
2026/10/03 11:17:37.618, 5678, 1, 2482, 70.87, 5
2026/10/03 11:17:37.668, 5678, 1, 2482, 70.87, 5
2026/10/03 11:17:37.718, 5698, 1, 2482, 70.87, 5
2026/10/03 11:17:37.768, 5698, 1, 2482, 70.87, 5
2026/10/03 11:17:37.818, 5798, 1, 2482, 70.87, 5
2026/10/03 11:17:37.868, 5798, 1, 2475, 69.61, 5
2026/10/03 11:17:37.919, 5818, 1, 2475, 69.61, 5
2026/10/03 11:17:37.969, 5818, 1, 2475, 69.61, 5
2026/10/03 11:17:38.019, 5998, 1, 2475, 69.61, 5
2026/10/03 11:17:38.069, 5998, 1, 2475, 69.61, 5
2026/10/03 11:17:38.119, 6018, 1, 2475, 69.61, 5
2026/10/03 11:17:38.169, 6018, 1, 2475, 69.61, 5
2026/10/03 11:17:38.220, 6118, 1, 2475, 69.61, 5
2026/10/03 11:17:38.270, 6138, 1, 2475, 69.61, 5
2026/10/03 11:17:38.320, 6138, 1, 2475, 69.61, 5
2026/10/03 11:17:38.370, 6318, 1, 2482, 69.26, 5
2026/10/03 11:17:38.421, 6318, 1, 2482, 69.26, 5
2026/10/03 11:17:38.471, 6318, 1, 2482, 69.26, 5
2026/10/03 11:17:38.521, 6358, 1, 2482, 69.26, 5
2026/10/03 11:17:38.571, 6438, 1, 2482, 69.26, 5
2026/10/03 11:17:38.621, 6438, 1, 2482, 69.26, 5
2026/10/03 11:17:38.671, 6458, 1, 2482, 69.26, 5
2026/10/03 11:17:38.722, 6458, 1, 2482, 69.26, 5
2026/10/03 11:17:38.772, 6658, 1, 2482, 69.26, 5
2026/10/03 11:17:38.822, 6658, 1, 2482, 69.26, 5
2026/10/03 11:17:38.872, 6678, 1, 2482, 68.90, 5
2026/10/03 11:17:38.922, 6678, 1, 2482, 68.90, 5
2026/10/03 11:17:38.973, 6778, 1, 2482, 68.90, 5
2026/10/03 11:17:39.023, 6778, 1, 2482, 68.90, 5
2026/10/03 11:17:39.073, 6778, 1, 2482, 68.90, 5
2026/10/03 11:17:39.123, 6778, 1, 2482, 68.90, 5
2026/10/03 11:17:39.173, 6978, 1, 2482, 68.90, 5
2026/10/03 11:17:39.224, 6978, 1, 2482, 68.90, 5
2026/10/03 11:17:39.274, 6998, 1, 2482, 68.90, 5
2026/10/03 11:17:39.324, 7098, 1, 2482, 68.90, 5
2026/10/03 11:17:39.374, 7098, 1, 2475, 69.91, 5
2026/10/03 11:17:39.425, 7098, 1, 2475, 69.91, 5
2026/10/03 11:17:39.475, 7098, 1, 2475, 69.91, 5
2026/10/03 11:17:39.525, 7298, 1, 2475, 69.91, 5
2026/10/03 11:17:39.575, 7298, 1, 2475, 69.91, 5
2026/10/03 11:17:39.625, 7318, 1, 2475, 69.91, 5
2026/10/03 11:17:39.676, 7318, 1, 2475, 69.91, 5
2026/10/03 11:17:39.726, 7418, 1, 2475, 69.91, 5
2026/10/03 11:17:39.776, 7438, 1, 2475, 69.91, 5
2026/10/03 11:17:39.826, 7438, 1, 2475, 69.91, 5
2026/10/03 11:17:39.876, 7438, 5, 2482, 69.88, 5
2026/10/03 11:17:39.927, 7618, 5, 2482, 69.88, 5
2026/10/03 11:17:39.977, 7618, 5, 2482, 69.88, 5
2026/10/03 11:17:40.027, 7638, 5, 2482, 69.88, 5
2026/10/03 11:17:40.077, 7658, 5, 2482, 69.88, 5
2026/10/03 11:17:40.127, 7738, 5, 2482, 69.88, 5
2026/10/03 11:17:40.177, 7758, 5, 2482, 69.88, 5
2026/10/03 11:17:40.228, 7758, 5, 2482, 69.88, 5
2026/10/03 11:17:40.278, 7938, 5, 2482, 69.88, 5
2026/10/03 11:17:40.328, 7938, 5, 2482, 69.88, 5
2026/10/03 11:17:40.378, 7978, 5, 2482, 69.85, 5
2026/10/03 11:17:40.428, 7978, 5, 2482, 69.85, 5
2026/10/03 11:17:40.479, 8058, 5, 2482, 69.85, 5
2026/10/03 11:17:40.529, 8058, 5, 2482, 69.85, 5
2026/10/03 11:17:40.579, 8078, 5, 2482, 69.85, 5
2026/10/03 11:17:40.629, 8078, 5, 2482, 69.85, 5
2026/10/03 11:17:40.680, 8278, 5, 2482, 69.85, 5
2026/10/03 11:17:40.730, 8278, 5, 2482, 69.85, 5
2026/10/03 11:17:40.780, 8298, 5, 2482, 69.85, 5
2026/10/03 11:17:40.830, 8298, 5, 2482, 69.85, 5
2026/10/03 11:17:40.880, 8398, 8, 2475, 70.21, 5
2026/10/03 11:17:40.930, 8398, 8, 2475, 70.21, 5
2026/10/03 11:17:40.981, 8398, 8, 2475, 70.21, 5
2026/10/03 11:17:41.031, 8598, 8, 2475, 70.21, 5
2026/10/03 11:17:41.081, 8598, 8, 2475, 70.21, 5
2026/10/03 11:17:41.131, 8618, 8, 2475, 70.21, 5
2026/10/03 11:17:41.182, 8618, 8, 2475, 70.21, 5
2026/10/03 11:17:41.232, 8718, 8, 2475, 70.21, 5
2026/10/03 11:17:41.282, 8718, 8, 2475, 70.21, 5
2026/10/03 11:17:41.332, 8718, 8, 2475, 70.21, 5
2026/10/03 11:17:41.382, 8718, 8, 2482, 69.45, 5
2026/10/03 11:17:41.433, 8918, 8, 2482, 69.45, 5
2026/10/03 11:17:41.483, 8918, 8, 2482, 69.45, 5
2026/10/03 11:17:41.533, 8938, 8, 2482, 69.45, 5
2026/10/03 11:17:41.583, 8938, 8, 2482, 69.45, 5
2026/10/03 11:17:41.633, 9038, 8, 2482, 69.45, 5
2026/10/03 11:17:41.684, 9058, 8, 2482, 69.45, 5
2026/10/03 11:17:41.734, 9058, 8, 2482, 69.45, 5
2026/10/03 11:17:41.784, 9238, 8, 2482, 69.45, 5
2026/10/03 11:17:41.834, 9238, 8, 2482, 69.45, 5
2026/10/03 11:17:41.884, 9258, 1, 2482, 68.49, 5
2026/10/03 11:17:41.935, 9258, 1, 2482, 68.49, 5
2026/10/03 11:17:41.985, 9358, 1, 2482, 68.49, 5
2026/10/03 11:17:42.035, 9358, 1, 2482, 68.49, 5
2026/10/03 11:17:42.085, 9378, 1, 2482, 68.49, 5
2026/10/03 11:17:42.135, 9378, 1, 2482, 68.49, 5
2026/10/03 11:17:42.186, 9558, 1, 2482, 68.49, 5
2026/10/03 11:17:42.236, 9558, 1, 2482, 68.49, 5
2026/10/03 11:17:42.286, 9598, 1, 2482, 68.49, 5
2026/10/03 11:17:42.336, 9598, 1, 2482, 68.49, 5
2026/10/03 11:17:42.387, 9678, 1, 2475, 70.86, 5
2026/10/03 11:17:42.437, 9698, 1, 2475, 70.86, 5
2026/10/03 11:17:42.487, 9698, 1, 2475, 70.86, 5
2026/10/03 11:17:42.537, 9898, 1, 2475, 70.86, 5
2026/10/03 11:17:42.588, 9898, 1, 2475, 70.86, 5
2026/10/03 11:17:42.638, 9918, 1, 2475, 70.86, 5
2026/10/03 11:17:42.688, 9918, 1, 2475, 70.86, 5
2026/10/03 11:17:42.738, 10018, 1, 2475, 70.86, 5
2026/10/03 11:17:42.788, 10018, 1, 2475, 70.86, 5
2026/10/03 11:17:42.838, 10018, 1, 2475, 70.86, 5
2026/10/03 11:17:42.889, 10018, 4, 2482, 71.59, 5
2026/10/03 11:17:42.939, 10218, 4, 2482, 71.59, 5
2026/10/03 11:17:42.989, 10218, 4, 2482, 71.59, 5
2026/10/03 11:17:43.039, 10238, 4, 2482, 71.59, 5
2026/10/03 11:17:43.090, 10238, 4, 2482, 71.59, 5
2026/10/03 11:17:43.140, 10338, 4, 2482, 71.59, 5
2026/10/03 11:17:43.190, 10338, 4, 2482, 71.59, 5
2026/10/03 11:17:43.240, 10338, 4, 2482, 71.59, 5
2026/10/03 11:17:43.290, 10538, 4, 2482, 71.59, 5
2026/10/03 11:17:43.341, 10538, 4, 2482, 71.59, 5
2026/10/03 11:17:43.391, 10558, 4, 2482, 68.22, 5
2026/10/03 11:17:43.441, 10558, 4, 2482, 68.22, 5
2026/10/03 11:17:43.491, 10658, 4, 2482, 68.22, 5
2026/10/03 11:17:43.541, 10658, 4, 2482, 68.22, 5
2026/10/03 11:17:43.592, 10678, 4, 2482, 68.22, 5
2026/10/03 11:17:43.642, 10678, 4, 2482, 68.22, 5
2026/10/03 11:17:43.692, 10858, 4, 2482, 68.22, 5
2026/10/03 11:17:43.742, 10858, 4, 2482, 68.22, 5
2026/10/03 11:17:43.793, 10878, 4, 2482, 68.22, 5
2026/10/03 11:17:43.843, 10898, 4, 2482, 68.22, 5
2026/10/03 11:17:43.893, 10978, 9, 2475, 68.12, 5
2026/10/03 11:17:43.943, 10998, 9, 2475, 68.12, 5
2026/10/03 11:17:43.993, 10998, 9, 2475, 68.12, 5
2026/10/03 11:17:44.044, 11178, 9, 2475, 68.12, 5
2026/10/03 11:17:44.094, 11178, 9, 2475, 68.12, 5
2026/10/03 11:17:44.144, 11218, 9, 2475, 68.12, 5
2026/10/03 11:17:44.194, 11218, 9, 2475, 68.12, 5
2026/10/03 11:17:44.244, 11298, 9, 2475, 68.12, 5
2026/10/03 11:17:44.295, 11318, 9, 2475, 68.12, 5
2026/10/03 11:17:44.345, 11318, 9, 2482, 68.27, 5
2026/10/03 11:17:44.395, 11318, 9, 2482, 68.27, 5
2026/10/03 11:17:44.445, 11518, 9, 2482, 68.27, 5
2026/10/03 11:17:44.496, 11538, 9, 2482, 68.27, 5
2026/10/03 11:17:44.546, 11538, 9, 2482, 68.27, 5
2026/10/03 11:17:44.596, 11638, 9, 2482, 68.27, 5
2026/10/03 11:17:44.646, 11638, 9, 2482, 68.27, 5
2026/10/03 11:17:44.696, 11638, 9, 2482, 68.27, 5
2026/10/03 11:17:44.747, 11638, 9, 2482, 68.27, 5
2026/10/03 11:17:44.797, 11838, 9, 2482, 68.27, 5
2026/10/03 11:17:44.847, 11838, 0, 2482, 68.33, 5
2026/10/03 11:17:44.898, 11858, 0, 2482, 68.33, 5
2026/10/03 11:17:44.948, 11858, 0, 2482, 68.33, 5
2026/10/03 11:17:44.998, 11958, 0, 2482, 68.33, 5
2026/10/03 11:17:45.048, 11958, 0, 2482, 68.33, 5
2026/10/03 11:17:45.098, 11958, 0, 2482, 68.33, 5
2026/10/03 11:17:45.149, 12158, 0, 2482, 68.33, 5
2026/10/03 11:17:45.199, 12158, 0, 2482, 68.33, 5
2026/10/03 11:17:45.249, 12178, 0, 2482, 68.33, 5
2026/10/03 11:17:45.299, 12178, 0, 2482, 68.33, 5
2026/10/03 11:17:45.349, 12278, 0, 2475, 67.42, 5
2026/10/03 11:17:45.399, 12298, 0, 2475, 67.42, 5
2026/10/03 11:17:45.450, 12298, 0, 2475, 67.42, 5
2026/10/03 11:17:45.500, 12478, 0, 2475, 67.42, 5
2026/10/03 11:17:45.550, 12478, 0, 2475, 67.42, 5
2026/10/03 11:17:45.600, 12498, 0, 2475, 67.42, 5
2026/10/03 11:17:45.651, 12598, 0, 2475, 67.42, 5
2026/10/03 11:17:45.701, 12598, 0, 2475, 67.42, 5
2026/10/03 11:17:45.751, 12618, 0, 2475, 67.42, 5
2026/10/03 11:17:45.801, 12618, 0, 2475, 67.42, 5
2026/10/03 11:17:45.851, 12798, 2, 2482, 68.65, 5
2026/10/03 11:17:45.902, 12798, 2, 2482, 68.65, 5
2026/10/03 11:17:45.952, 12838, 2, 2482, 68.65, 5
2026/10/03 11:17:46.002, 12838, 2, 2482, 68.65, 5
2026/10/03 11:17:46.052, 12918, 2, 2482, 68.65, 5
2026/10/03 11:17:46.102, 12938, 2, 2482, 68.65, 5
2026/10/03 11:17:46.152, 12938, 2, 2482, 68.65, 5
2026/10/03 11:17:46.203, 13138, 2, 2482, 68.65, 5
2026/10/03 11:17:46.253, 13138, 2, 2482, 68.65, 5
2026/10/03 11:17:46.303, 13158, 2, 2482, 68.65, 5
2026/10/03 11:17:46.353, 13158, 2, 2482, 68.78, 5
2026/10/03 11:17:46.404, 13258, 2, 2482, 68.78, 5
2026/10/03 11:17:46.454, 13258, 2, 2482, 68.78, 5
2026/10/03 11:17:46.504, 13258, 2, 2482, 68.78, 5
2026/10/03 11:17:46.554, 13258, 2, 2482, 68.78, 5
2026/10/03 11:17:46.605, 13458, 2, 2482, 68.78, 5
2026/10/03 11:17:46.655, 13458, 2, 2482, 68.78, 5
2026/10/03 11:17:46.705, 13478, 2, 2482, 68.78, 5
2026/10/03 11:17:46.755, 13578, 2, 2482, 68.78, 5
2026/10/03 11:17:46.806, 13578, 2, 2482, 68.78, 5
2026/10/03 11:17:46.856, 13578, 2, 2475, 67.03, 5
2026/10/03 11:17:46.906, 13578, 2, 2475, 67.03, 5
2026/10/03 11:17:46.956, 13578, 2, 2475, 67.03, 5
2026/10/03 11:17:47.006, 13578, 2, 2475, 67.03, 5
2026/10/03 11:17:47.057, 13578, 2, 2475, 67.03, 5
2026/10/03 11:17:47.107, 13778, 2, 2475, 67.03, 5
2026/10/03 11:17:47.157, 13778, 2, 2475, 67.03, 5
2026/10/03 11:17:47.207, 13798, 2, 2475, 67.03, 5
2026/10/03 11:17:47.257, 13898, 2, 2475, 67.03, 5
2026/10/03 11:17:47.308, 13898, 2, 2475, 67.03, 5
2026/10/03 11:17:47.358, 13918, 2, 2482, 68.21, 5
2026/10/03 11:17:47.408, 13918, 2, 2482, 68.21, 5
2026/10/03 11:17:47.458, 14098, 2, 2482, 68.21, 5
2026/10/03 11:17:47.508, 14098, 2, 2482, 68.21, 5
2026/10/03 11:17:47.559, 14118, 2, 2482, 68.21, 5
2026/10/03 11:17:47.609, 14118, 2, 2482, 68.21, 5
2026/10/03 11:17:47.659, 14218, 2, 2482, 68.21, 5
2026/10/03 11:17:47.709, 14238, 2, 2482, 68.21, 5
2026/10/03 11:17:47.759, 14238, 2, 2482, 68.21, 5
2026/10/03 11:17:47.810, 14418, 2, 2482, 68.21, 5
2026/10/03 11:17:47.860, 14418, 1, 2482, 67.51, 5
2026/10/03 11:17:47.910, 14458, 1, 2482, 67.51, 5
2026/10/03 11:17:47.960, 14458, 1, 2482, 67.51, 5
2026/10/03 11:17:48.010, 14538, 1, 2482, 67.51, 5
2026/10/03 11:17:48.061, 14538, 1, 2482, 67.51, 5
2026/10/03 11:17:48.111, 14558, 1, 2482, 67.51, 5
2026/10/03 11:17:48.161, 14558, 1, 2482, 67.51, 5
2026/10/03 11:17:48.211, 14758, 1, 2482, 67.51, 5
2026/10/03 11:17:48.262, 14758, 1, 2482, 67.51, 5
2026/10/03 11:17:48.312, 14778, 1, 2482, 67.51, 5
2026/10/03 11:17:48.362, 14878, 1, 2475, 68.29, 5
2026/10/03 11:17:48.412, 14878, 1, 2475, 68.29, 5
2026/10/03 11:17:48.462, 14878, 1, 2475, 68.29, 5
2026/10/03 11:17:48.512, 14878, 1, 2475, 68.29, 5
2026/10/03 11:17:48.563, 15078, 1, 2475, 68.29, 5
2026/10/03 11:17:48.613, 15078, 1, 2475, 68.29, 5
2026/10/03 11:17:48.663, 15098, 1, 2475, 68.29, 5
2026/10/03 11:17:48.713, 15098, 1, 2475, 68.29, 5
2026/10/03 11:17:48.763, 15198, 1, 2475, 68.29, 5
2026/10/03 11:17:48.814, 15198, 1, 2475, 68.29, 5
2026/10/03 11:17:48.864, 15198, 5, 2482, 67.69, 5
2026/10/03 11:17:48.914, 15398, 5, 2482, 67.69, 5
2026/10/03 11:17:48.964, 15398, 5, 2482, 67.69, 5
2026/10/03 11:17:49.015, 15418, 5, 2482, 67.69, 5
2026/10/03 11:17:49.065, 15418, 5, 2482, 67.69, 5
2026/10/03 11:17:49.115, 15518, 5, 2482, 67.69, 5
2026/10/03 11:17:49.165, 15518, 5, 2482, 67.69, 5
2026/10/03 11:17:49.215, 15538, 5, 2482, 67.69, 5
2026/10/03 11:17:49.266, 15538, 5, 2482, 67.69, 5
2026/10/03 11:17:49.316, 15718, 5, 2482, 67.69, 5
2026/10/03 11:17:49.366, 15718, 5, 2482, 67.37, 5
2026/10/03 11:17:49.416, 15738, 5, 2482, 67.37, 5
2026/10/03 11:17:49.466, 15738, 5, 2482, 67.37, 5
2026/10/03 11:17:49.517, 15838, 5, 2482, 67.37, 5
2026/10/03 11:17:49.567, 15858, 5, 2482, 67.37, 5
2026/10/03 11:17:49.617, 15858, 5, 2482, 67.37, 5
2026/10/03 11:17:49.667, 15858, 5, 2482, 67.37, 5
2026/10/03 11:17:49.717, 16038, 5, 2482, 67.37, 5
2026/10/03 11:17:49.768, 16038, 5, 2482, 67.37, 5
2026/10/03 11:17:49.818, 16078, 5, 2482, 67.37, 5
2026/10/03 11:17:49.868, 16158, 9, 2475, 69.25, 5
2026/10/03 11:17:49.918, 16158, 9, 2475, 69.25, 5
2026/10/03 11:17:49.968, 16178, 9, 2475, 69.25, 5
2026/10/03 11:17:50.018, 16178, 9, 2475, 69.25, 5
2026/10/03 11:17:50.069, 16378, 9, 2475, 69.25, 5
2026/10/03 11:17:50.119, 16378, 9, 2475, 69.25, 5
2026/10/03 11:17:50.169, 16398, 9, 2475, 69.25, 5
2026/10/03 11:17:50.219, 16398, 9, 2475, 69.25, 5
2026/10/03 11:17:50.269, 16498, 9, 2475, 69.25, 5
2026/10/03 11:17:50.319, 16498, 9, 2475, 69.25, 5
2026/10/03 11:17:50.370, 16498, 9, 2482, 68.94, 5
2026/10/03 11:17:50.420, 16498, 9, 2482, 68.94, 5
2026/10/03 11:17:50.470, 16698, 9, 2482, 68.94, 5
2026/10/03 11:17:50.520, 16698, 9, 2482, 68.94, 5
2026/10/03 11:17:50.570, 16718, 9, 2482, 68.94, 5
2026/10/03 11:17:50.621, 16818, 9, 2482, 68.94, 5
2026/10/03 11:17:50.671, 16818, 9, 2482, 68.94, 5
2026/10/03 11:17:50.721, 16818, 9, 2482, 68.94, 5
2026/10/03 11:17:50.771, 16818, 9, 2482, 68.94, 5
2026/10/03 11:17:50.822, 17018, 9, 2482, 68.94, 5
2026/10/03 11:17:50.872, 17018, 1, 2482, 68.49, 5
2026/10/03 11:17:50.922, 17038, 1, 2482, 68.49, 5
2026/10/03 11:17:50.972, 17038, 1, 2482, 68.49, 5
2026/10/03 11:17:51.022, 17138, 1, 2482, 68.49, 5
2026/10/03 11:17:51.072, 17158, 1, 2482, 68.49, 5
2026/10/03 11:17:51.123, 17158, 1, 2482, 68.49, 5
2026/10/03 11:17:51.173, 17158, 1, 2482, 68.49, 5
2026/10/03 11:17:51.223, 17338, 1, 2482, 68.49, 5
2026/10/03 11:17:51.273, 17358, 1, 2482, 68.49, 5
2026/10/03 11:17:51.324, 17358, 1, 2482, 68.49, 5
2026/10/03 11:17:51.374, 17458, 1, 2475, 68.80, 5
2026/10/03 11:17:51.424, 17458, 1, 2475, 68.80, 5
2026/10/03 11:17:51.474, 17478, 1, 2475, 68.80, 5
2026/10/03 11:17:51.524, 17478, 1, 2475, 68.80, 5
2026/10/03 11:17:51.575, 17658, 1, 2475, 68.80, 5
2026/10/03 11:17:51.625, 17658, 1, 2475, 68.80, 5
2026/10/03 11:17:51.675, 17698, 1, 2475, 68.80, 5
2026/10/03 11:17:51.725, 17698, 1, 2475, 68.80, 5
2026/10/03 11:17:51.775, 17778, 1, 2475, 68.80, 5
2026/10/03 11:17:51.826, 17798, 1, 2475, 68.80, 5
2026/10/03 11:17:51.876, 17798, 5, 2482, 68.37, 5
2026/10/03 11:17:51.926, 17998, 5, 2482, 68.37, 5
2026/10/03 11:17:51.976, 17998, 5, 2482, 68.37, 5
2026/10/03 11:17:52.026, 18018, 5, 2482, 68.37, 5
2026/10/03 11:17:52.077, 18018, 5, 2482, 68.37, 5
2026/10/03 11:17:52.127, 18118, 5, 2482, 68.37, 5
2026/10/03 11:17:52.177, 18118, 5, 2482, 68.37, 5
2026/10/03 11:17:52.227, 18118, 5, 2482, 68.37, 5
2026/10/03 11:17:52.277, 18118, 5, 2482, 68.37, 5
2026/10/03 11:17:52.328, 18318, 5, 2482, 68.37, 5
2026/10/03 11:17:52.378, 18318, 5, 2482, 68.59, 5
2026/10/03 11:17:52.428, 18338, 5, 2482, 68.59, 5
2026/10/03 11:17:52.478, 18338, 5, 2482, 68.59, 5
2026/10/03 11:17:52.528, 18438, 5, 2482, 68.59, 5
2026/10/03 11:17:52.578, 18438, 5, 2482, 68.59, 5
2026/10/03 11:17:52.629, 18438, 5, 2482, 68.59, 5
2026/10/03 11:17:52.679, 18438, 5, 2482, 68.59, 5
2026/10/03 11:17:52.729, 18638, 5, 2482, 68.59, 5
2026/10/03 11:17:52.779, 18658, 5, 2482, 68.59, 5
2026/10/03 11:17:52.830, 18658, 5, 2482, 68.59, 5
2026/10/03 11:17:52.880, 18758, 9, 2475, 68.98, 5
2026/10/03 11:17:52.930, 18758, 9, 2475, 68.98, 5
2026/10/03 11:17:52.980, 18778, 9, 2475, 68.98, 5
2026/10/03 11:17:53.030, 18778, 9, 2475, 68.98, 5
2026/10/03 11:17:53.081, 18958, 9, 2475, 68.98, 5
2026/10/03 11:17:53.131, 18958, 9, 2475, 68.98, 5
2026/10/03 11:17:53.181, 18978, 9, 2475, 68.98, 5
2026/10/03 11:17:53.231, 18978, 9, 2475, 68.98, 5
2026/10/03 11:17:53.281, 19078, 9, 2475, 68.98, 5
2026/10/03 11:17:53.331, 19098, 9, 2475, 68.98, 5
2026/10/03 11:17:53.382, 19098, 9, 2482, 68.16, 5
2026/10/03 11:17:53.432, 19098, 9, 2482, 68.16, 5
2026/10/03 11:17:53.482, 19098, 9, 2482, 68.16, 5
2026/10/03 11:17:53.532, 19098, 9, 2482, 68.16, 5
2026/10/03 11:17:53.582, 19098, 9, 2482, 68.16, 5
2026/10/03 11:17:53.632, 19098, 9, 2482, 68.16, 5
2026/10/03 11:17:53.683, 19098, 9, 2482, 68.16, 5
2026/10/03 11:17:53.733, 19098, 9, 2482, 68.16, 5
2026/10/03 11:17:53.783, 19098, 9, 2482, 68.16, 5
2026/10/03 11:17:53.834, 19098, 9, 2482, 68.16, 5
2026/10/03 11:17:53.884, 19098, 0, 2475, 67.85, 5
2026/10/03 11:17:53.934, 19098, 0, 2475, 67.85, 5
2026/10/03 11:17:53.985, 19098, 0, 2475, 67.85, 5
2026/10/03 11:17:54.035, 19098, 0, 2475, 67.85, 5
2026/10/03 11:17:54.086, 19098, 0, 2475, 67.85, 5
2026/10/03 11:17:54.136, 19098, 0, 2475, 67.85, 5
2026/10/03 11:17:54.187, 19098, 0, 2475, 67.85, 5
2026/10/03 11:17:54.237, 19098, 0, 2475, 67.85, 5
2026/10/03 11:17:54.287, 19098, 0, 2475, 67.85, 5
2026/10/03 11:17:54.338, 19098, 0, 2475, 67.85, 5
2026/10/03 11:17:54.388, 19098, 0, 2475, 67.52, 5
2026/10/03 11:17:54.438, 19098, 0, 2475, 67.52, 5
2026/10/03 11:17:54.489, 19098, 0, 2475, 67.52, 5
2026/10/03 11:17:54.539, 19098, 0, 2475, 67.52, 5
2026/10/03 11:17:54.590, 19098, 0, 2475, 67.52, 5
2026/10/03 11:17:54.640, 19098, 0, 2475, 67.52, 5
2026/10/03 11:17:54.690, 19098, 0, 2475, 67.52, 5
2026/10/03 11:17:54.741, 19098, 0, 2475, 67.52, 5
2026/10/03 11:17:54.791, 19098, 0, 2475, 67.52, 5
2026/10/03 11:17:54.842, 19098, 0, 2475, 67.52, 5
2026/10/03 11:17:54.892, 19098, 0, 2475, 67.05, 5
2026/10/03 11:17:54.942, 19098, 0, 2475, 67.05, 5
2026/10/03 11:17:54.992, 19098, 0, 2475, 67.05, 5
2026/10/03 11:17:55.042, 19098, 0, 2475, 67.05, 5
2026/10/03 11:17:55.093, 19098, 0, 2475, 67.05, 5
2026/10/03 11:17:55.143, 19098, 0, 2475, 67.05, 5
2026/10/03 11:17:55.193, 19098, 0, 2475, 67.05, 5
2026/10/03 11:17:55.243, 19098, 0, 2475, 67.05, 5
2026/10/03 11:17:55.293, 19098, 0, 2475, 67.05, 5
2026/10/03 11:17:55.343, 19098, 0, 2475, 67.05, 5
2026/10/03 11:17:55.393, 19098, 0, 2475, 68.25, 5
2026/10/03 11:17:55.444, 19098, 0, 2475, 68.25, 5
2026/10/03 11:17:55.494, 19098, 0, 2475, 68.25, 5
2026/10/03 11:17:55.545, 19098, 0, 2475, 68.25, 5
2026/10/03 11:17:55.595, 19098, 0, 2475, 68.25, 5
2026/10/03 11:17:55.645, 19098, 0, 2475, 68.25, 5
2026/10/03 11:17:55.696, 19098, 0, 2475, 68.25, 5
2026/10/03 11:17:55.746, 19098, 0, 2475, 68.25, 5
2026/10/03 11:17:55.796, 19098, 0, 2475, 68.25, 5
2026/10/03 11:17:55.846, 19098, 0, 2475, 67.21, 5
2026/10/03 11:17:55.897, 19098, 0, 2475, 67.21, 5
2026/10/03 11:17:55.947, 19098, 0, 2475, 67.21, 5
2026/10/03 11:17:55.997, 19098, 0, 2475, 67.21, 5
2026/10/03 11:17:56.048, 19098, 0, 2475, 67.21, 5
2026/10/03 11:17:56.098, 19098, 0, 2475, 67.21, 5
2026/10/03 11:17:56.149, 19098, 0, 2475, 67.21, 5
2026/10/03 11:17:56.199, 19098, 0, 2475, 67.21, 5
2026/10/03 11:17:56.249, 19098, 0, 2475, 67.21, 5
2026/10/03 11:17:56.300, 19098, 0, 2475, 67.21, 5
2026/10/03 11:17:56.350, 19098, 0, 2475, 67.22, 5
2026/10/03 11:17:56.400, 19098, 0, 2475, 67.22, 5
2026/10/03 11:17:56.450, 19098, 0, 2475, 67.22, 5
2026/10/03 11:17:56.501, 19098, 0, 2475, 67.22, 5
2026/10/03 11:17:56.551, 19098, 0, 2475, 67.22, 5
2026/10/03 11:17:56.601, 19098, 0, 2475, 67.22, 5
2026/10/03 11:17:56.651, 19098, 0, 2475, 67.22, 5
2026/10/03 11:17:56.701, 19098, 0, 2475, 67.22, 5
2026/10/03 11:17:56.751, 19098, 0, 2475, 67.22, 5
2026/10/03 11:17:56.802, 19098, 0, 2475, 67.22, 5
2026/10/03 11:17:56.852, 19098, 0, 2475, 67.34, 5
2026/10/03 11:17:56.902, 19098, 0, 2475, 67.34, 5
2026/10/03 11:17:56.952, 19098, 0, 2475, 67.34, 5
2026/10/03 11:17:57.002, 19098, 0, 2475, 67.34, 5
2026/10/03 11:17:57.052, 19098, 0, 2475, 67.34, 5
2026/10/03 11:17:57.103, 19098, 0, 2475, 67.34, 5
2026/10/03 11:17:57.153, 19098, 0, 2475, 67.34, 5
2026/10/03 11:17:57.203, 19098, 0, 2475, 67.34, 5
2026/10/03 11:17:57.253, 19098, 0, 2475, 67.34, 5
2026/10/03 11:17:57.304, 19098, 0, 2475, 67.34, 5
2026/10/03 11:17:57.354, 19098, 0, 2475, 67.54, 5
2026/10/03 11:17:57.404, 19098, 0, 2475, 67.54, 5
2026/10/03 11:17:57.454, 19098, 0, 2475, 67.54, 5
2026/10/03 11:17:57.504, 19098, 0, 2475, 67.54, 5
2026/10/03 11:17:57.555, 19098, 0, 2475, 67.54, 5
2026/10/03 11:17:57.605, 19098, 0, 2475, 67.54, 5
2026/10/03 11:17:57.655, 19098, 0, 2475, 67.54, 5
2026/10/03 11:17:57.705, 19098, 0, 2475, 67.54, 5
2026/10/03 11:17:57.755, 19098, 0, 2475, 67.54, 5
2026/10/03 11:17:57.805, 19098, 0, 2475, 67.54, 5
2026/10/03 11:17:57.855, 19098, 0, 2475, 67.78, 5
2026/10/03 11:17:57.906, 19098, 0, 2475, 67.78, 5
2026/10/03 11:17:57.956, 19098, 0, 2475, 67.78, 5
2026/10/03 11:17:58.006, 19098, 0, 2475, 67.78, 5
2026/10/03 11:17:58.056, 19098, 0, 2475, 67.78, 5
2026/10/03 11:17:58.107, 19098, 0, 2475, 67.78, 5
2026/10/03 11:17:58.157, 19098, 0, 2475, 67.78, 5
2026/10/03 11:17:58.207, 19098, 0, 2475, 67.78, 5
2026/10/03 11:17:58.257, 19098, 0, 2475, 67.78, 5
2026/10/03 11:17:58.307, 19098, 0, 2475, 67.78, 5
2026/10/03 11:17:58.358, 19098, 0, 2475, 67.20, 5
2026/10/03 11:17:58.408, 19098, 0, 2475, 67.20, 5
2026/10/03 11:17:58.458, 19098, 0, 2475, 67.20, 5
2026/10/03 11:17:58.508, 19098, 0, 2475, 67.20, 5
2026/10/03 11:17:58.558, 19098, 0, 2475, 67.20, 5
2026/10/03 11:17:58.608, 19098, 0, 2475, 67.20, 5
2026/10/03 11:17:58.659, 19098, 0, 2475, 67.20, 5
2026/10/03 11:17:58.709, 19098, 0, 2475, 67.20, 5
2026/10/03 11:17:58.759, 19098, 0, 2475, 67.20, 5
2026/10/03 11:17:58.809, 19098, 0, 2475, 67.20, 5
2026/10/03 11:17:58.859, 19098, 0, 2475, 67.46, 5
2026/10/03 11:17:58.909, 19098, 0, 2475, 67.46, 5
2026/10/03 11:17:58.960, 19098, 0, 2475, 67.46, 5
2026/10/03 11:17:59.010, 19098, 0, 2475, 67.46, 5
2026/10/03 11:17:59.060, 19098, 0, 2475, 67.46, 5
2026/10/03 11:17:59.110, 19098, 0, 2475, 67.46, 5
2026/10/03 11:17:59.160, 19098, 0, 2475, 67.46, 5
2026/10/03 11:17:59.210, 19098, 0, 2475, 67.46, 5
2026/10/03 11:17:59.261, 19098, 0, 2475, 67.46, 5
2026/10/03 11:17:59.311, 19098, 0, 2475, 67.46, 5
2026/10/03 11:17:59.361, 19098, 0, 2475, 67.99, 5
2026/10/03 11:17:59.411, 19098, 0, 2475, 67.99, 5
2026/10/03 11:17:59.461, 19098, 0, 2475, 67.99, 5
2026/10/03 11:17:59.511, 19098, 0, 2475, 67.99, 5
2026/10/03 11:17:59.561, 19098, 0, 2475, 67.99, 5
2026/10/03 11:17:59.612, 19098, 0, 2475, 67.99, 5
2026/10/03 11:17:59.662, 19098, 0, 2475, 67.99, 5
2026/10/03 11:17:59.712, 19098, 0, 2475, 67.99, 5
2026/10/03 11:17:59.762, 19098, 0, 2475, 67.99, 5
2026/10/03 11:17:59.812, 19098, 0, 2475, 67.99, 5
2026/10/03 11:17:59.862, 19098, 0, 2475, 67.88, 5
2026/10/03 11:17:59.912, 19098, 0, 2475, 67.88, 5
2026/10/03 11:17:59.962, 19098, 0, 2475, 67.88, 5
2026/10/03 11:18:00.013, 19098, 0, 2475, 67.88, 5
2026/10/03 11:18:00.063, 19098, 0, 2475, 67.88, 5
2026/10/03 11:18:00.113, 19098, 0, 2475, 67.88, 5
2026/10/03 11:18:00.163, 19098, 0, 2475, 67.88, 5
2026/10/03 11:18:00.213, 19098, 0, 2475, 67.88, 5
2026/10/03 11:18:00.263, 19098, 0, 2475, 67.88, 5
2026/10/03 11:18:00.313, 19098, 0, 2475, 67.88, 5
2026/10/03 11:18:00.363, 19098, 0, 2475, 68.21, 5
2026/10/03 11:18:00.413, 19098, 0, 2475, 68.21, 5
2026/10/03 11:18:00.464, 19098, 0, 2475, 68.21, 5
2026/10/03 11:18:00.514, 19098, 0, 2475, 68.21, 5
2026/10/03 11:18:00.564, 19098, 0, 2475, 68.21, 5
2026/10/03 11:18:00.614, 19098, 0, 2475, 68.21, 5
2026/10/03 11:18:00.664, 19098, 0, 2475, 68.21, 5
2026/10/03 11:18:00.714, 19098, 0, 2475, 68.21, 5
2026/10/03 11:18:00.764, 19098, 0, 2475, 68.21, 5
2026/10/03 11:18:00.814, 19098, 0, 2475, 68.21, 5
2026/10/03 11:18:00.865, 19098, 0, 2475, 68.26, 5
2026/10/03 11:18:00.915, 19098, 0, 2475, 68.26, 5
2026/10/03 11:18:00.965, 19098, 0, 2475, 68.26, 5
2026/10/03 11:18:01.015, 19098, 0, 2475, 68.26, 5
2026/10/03 11:18:01.065, 19098, 0, 2475, 68.26, 5
2026/10/03 11:18:01.115, 19098, 0, 2475, 68.26, 5
2026/10/03 11:18:01.165, 19098, 0, 2475, 68.26, 5
2026/10/03 11:18:01.215, 19098, 0, 2475, 68.26, 5
2026/10/03 11:18:01.266, 19098, 0, 2475, 68.26, 5
2026/10/03 11:18:01.316, 19098, 0, 2475, 68.26, 5
2026/10/03 11:18:01.366, 19098, 0, 2475, 68.28, 5
2026/10/03 11:18:01.416, 19098, 0, 2475, 68.28, 5
2026/10/03 11:18:01.466, 19098, 0, 2475, 68.28, 5
2026/10/03 11:18:01.516, 19098, 0, 2475, 68.28, 5
2026/10/03 11:18:01.566, 19098, 0, 2475, 68.28, 5
2026/10/03 11:18:01.616, 19098, 0, 2475, 68.28, 5
2026/10/03 11:18:01.667, 19098, 0, 2475, 68.28, 5
2026/10/03 11:18:01.717, 19098, 0, 2475, 68.28, 5
2026/10/03 11:18:01.767, 19098, 0, 2475, 68.28, 5
2026/10/03 11:18:01.817, 19098, 0, 2475, 68.28, 5
2026/10/03 11:18:01.867, 19098, 0, 2475, 68.32, 5
2026/10/03 11:18:01.917, 19098, 0, 2475, 68.32, 5
2026/10/03 11:18:01.967, 19098, 0, 2475, 68.32, 5
2026/10/03 11:18:02.017, 19098, 0, 2475, 68.32, 5
2026/10/03 11:18:02.068, 19098, 0, 2475, 68.32, 5
2026/10/03 11:18:02.118, 19098, 0, 2475, 68.32, 5
2026/10/03 11:18:02.168, 19098, 0, 2475, 68.32, 5
2026/10/03 11:18:02.218, 19098, 0, 2475, 68.32, 5
2026/10/03 11:18:02.268, 19098, 0, 2475, 68.32, 5
2026/10/03 11:18:02.318, 19098, 0, 2475, 68.32, 5
2026/10/03 11:18:02.368, 19098, 0, 2475, 68.30, 5
2026/10/03 11:18:02.418, 19098, 0, 2475, 68.30, 5
2026/10/03 11:18:02.469, 19098, 0, 2475, 68.30, 5
2026/10/03 11:18:02.519, 19098, 0, 2475, 68.30, 5
2026/10/03 11:18:02.569, 19098, 0, 2475, 68.30, 5
2026/10/03 11:18:02.619, 19098, 0, 2475, 68.30, 5
2026/10/03 11:18:02.669, 19098, 0, 2475, 68.30, 5
2026/10/03 11:18:02.719, 19098, 0, 2475, 68.30, 5
2026/10/03 11:18:02.769, 19098, 0, 2475, 68.30, 5
2026/10/03 11:18:02.819, 19098, 0, 2475, 68.30, 5
2026/10/03 11:18:02.870, 19098, 0, 2475, 68.94, 5
2026/10/03 11:18:02.920, 19098, 0, 2475, 68.94, 5
2026/10/03 11:18:02.970, 19098, 0, 2475, 68.94, 5
2026/10/03 11:18:03.020, 19098, 0, 2475, 68.94, 5
2026/10/03 11:18:03.070, 19098, 0, 2475, 68.94, 5
2026/10/03 11:18:03.120, 19098, 0, 2475, 68.94, 5
2026/10/03 11:18:03.170, 19098, 0, 2475, 68.94, 5
2026/10/03 11:18:03.220, 19098, 0, 2475, 68.94, 5
2026/10/03 11:18:03.271, 19098, 0, 2475, 68.94, 5
2026/10/03 11:18:03.321, 19098, 0, 2475, 68.94, 5
2026/10/03 11:18:03.371, 19098, 0, 2475, 68.39, 5
2026/10/03 11:18:03.421, 19098, 0, 2475, 68.39, 5
2026/10/03 11:18:03.471, 19098, 0, 2475, 68.39, 5
2026/10/03 11:18:03.521, 19098, 0, 2475, 68.39, 5
2026/10/03 11:18:03.571, 19098, 0, 2475, 68.39, 5
2026/10/03 11:18:03.621, 19098, 0, 2475, 68.39, 5
2026/10/03 11:18:03.672, 19098, 0, 2475, 68.39, 5
2026/10/03 11:18:03.722, 19098, 0, 2475, 68.39, 5
2026/10/03 11:18:03.772, 19098, 0, 2475, 68.39, 5
2026/10/03 11:18:03.822, 19098, 0, 2475, 68.39, 5
2026/10/03 11:18:03.872, 19098, 0, 2475, 69.16, 5
2026/10/03 11:18:03.922, 19098, 0, 2475, 69.16, 5
2026/10/03 11:18:03.972, 19098, 0, 2475, 69.16, 5
2026/10/03 11:18:04.022, 19098, 0, 2475, 69.16, 5
2026/10/03 11:18:04.073, 19098, 0, 2475, 69.16, 5
2026/10/03 11:18:04.123, 19098, 0, 2475, 69.16, 5
2026/10/03 11:18:04.173, 19098, 0, 2475, 69.16, 5
2026/10/03 11:18:04.223, 19098, 0, 2475, 69.16, 5
2026/10/03 11:18:04.273, 19098, 0, 2475, 69.16, 5
2026/10/03 11:18:04.323, 19098, 0, 2475, 69.16, 5
2026/10/03 11:18:04.373, 19098, 0, 2475, 68.24, 5
2026/10/03 11:18:04.423, 19098, 0, 2475, 68.24, 5
2026/10/03 11:18:04.474, 19098, 0, 2475, 68.24, 5
2026/10/03 11:18:04.524, 19098, 0, 2475, 68.24, 5
2026/10/03 11:18:04.574, 19098, 0, 2475, 68.24, 5
2026/10/03 11:18:04.624, 19098, 0, 2475, 68.24, 5
2026/10/03 11:18:04.674, 19098, 0, 2475, 68.24, 5
2026/10/03 11:18:04.724, 19098, 0, 2475, 68.24, 5
2026/10/03 11:18:04.774, 19098, 0, 2475, 68.24, 5
2026/10/03 11:18:04.824, 19098, 0, 2475, 68.24, 5
2026/10/03 11:18:04.875, 19098, 0, 2475, 68.14, 5
2026/10/03 11:18:04.925, 19098, 0, 2475, 68.14, 5
2026/10/03 11:18:04.975, 19098, 0, 2475, 68.14, 5
2026/10/03 11:18:05.025, 19098, 0, 2475, 68.14, 5
2026/10/03 11:18:05.075, 19098, 0, 2475, 68.14, 5
2026/10/03 11:18:05.125, 19098, 0, 2475, 68.14, 5
2026/10/03 11:18:05.175, 19098, 0, 2475, 68.14, 5
2026/10/03 11:18:05.225, 19098, 0, 2475, 68.14, 5
2026/10/03 11:18:05.276, 19098, 0, 2475, 68.14, 5
2026/10/03 11:18:05.326, 19098, 0, 2475, 68.14, 5
2026/10/03 11:18:05.376, 19098, 0, 2475, 67.97, 5
2026/10/03 11:18:05.426, 19098, 0, 2475, 67.97, 5
2026/10/03 11:18:05.476, 19098, 0, 2475, 67.97, 5
2026/10/03 11:18:05.526, 19098, 0, 2475, 67.97, 5
2026/10/03 11:18:05.576, 19098, 0, 2475, 67.97, 5
2026/10/03 11:18:05.626, 19098, 0, 2475, 67.97, 5
2026/10/03 11:18:05.677, 19098, 0, 2475, 67.97, 5
2026/10/03 11:18:05.727, 19098, 0, 2475, 67.97, 5
2026/10/03 11:18:05.777, 19098, 0, 2475, 67.97, 5
2026/10/03 11:18:05.827, 19098, 0, 2475, 67.97, 5
2026/10/03 11:18:05.877, 19098, 0, 2475, 68.71, 5
2026/10/03 11:18:05.927, 19098, 0, 2475, 68.71, 5
2026/10/03 11:18:05.977, 19098, 0, 2475, 68.71, 5
2026/10/03 11:18:06.027, 19098, 0, 2475, 68.71, 5
2026/10/03 11:18:06.078, 19098, 0, 2475, 68.71, 5
2026/10/03 11:18:06.128, 19098, 0, 2475, 68.71, 5
2026/10/03 11:18:06.178, 19098, 0, 2475, 68.71, 5
2026/10/03 11:18:06.228, 19098, 0, 2475, 68.71, 5
2026/10/03 11:18:06.278, 19098, 0, 2475, 68.71, 5
2026/10/03 11:18:06.328, 19098, 0, 2475, 68.71, 5
2026/10/03 11:18:06.378, 19098, 0, 2475, 68.26, 5
2026/10/03 11:18:06.428, 19098, 0, 2475, 68.26, 5
2026/10/03 11:18:06.479, 19098, 0, 2475, 68.26, 5
2026/10/03 11:18:06.529, 19098, 0, 2475, 68.26, 5
2026/10/03 11:18:06.579, 19098, 0, 2475, 68.26, 5
2026/10/03 11:18:06.629, 19098, 0, 2475, 68.26, 5
2026/10/03 11:18:06.679, 19098, 0, 2475, 68.26, 5
2026/10/03 11:18:06.730, 19098, 0, 2475, 68.26, 5
2026/10/03 11:18:06.780, 19098, 0, 2475, 68.26, 5
2026/10/03 11:18:06.830, 19098, 0, 2475, 68.26, 5
2026/10/03 11:18:06.880, 19098, 0, 2475, 68.40, 5
2026/10/03 11:18:06.930, 19098, 0, 2475, 68.40, 5
2026/10/03 11:18:06.981, 19098, 0, 2475, 68.40, 5
2026/10/03 11:18:07.031, 19098, 0, 2475, 68.40, 5
2026/10/03 11:18:07.081, 19098, 0, 2475, 68.40, 5
2026/10/03 11:18:07.131, 19098, 0, 2475, 68.40, 5
2026/10/03 11:18:07.181, 19098, 0, 2475, 68.40, 5
2026/10/03 11:18:07.231, 19098, 0, 2475, 68.40, 5
2026/10/03 11:18:07.281, 19098, 0, 2475, 68.40, 5
2026/10/03 11:18:07.332, 19098, 0, 2475, 68.40, 5
2026/10/03 11:18:07.382, 19098, 0, 2475, 67.77, 5
2026/10/03 11:18:07.432, 19098, 0, 2475, 67.77, 5
2026/10/03 11:18:07.482, 19098, 0, 2475, 67.77, 5
2026/10/03 11:18:07.532, 19098, 0, 2475, 67.77, 5
2026/10/03 11:18:07.582, 19098, 0, 2475, 67.77, 5
2026/10/03 11:18:07.632, 19098, 0, 2475, 67.77, 5
2026/10/03 11:18:07.683, 19098, 0, 2475, 67.77, 5
2026/10/03 11:18:07.733, 19098, 0, 2475, 67.77, 5
2026/10/03 11:18:07.783, 19098, 0, 2475, 67.77, 5
2026/10/03 11:18:07.833, 19098, 0, 2475, 67.77, 5
2026/10/03 11:18:07.883, 19098, 0, 2475, 67.89, 5
2026/10/03 11:18:07.934, 19098, 0, 2475, 67.89, 5
2026/10/03 11:18:07.984, 19098, 0, 2475, 67.89, 5
2026/10/03 11:18:08.034, 19098, 0, 2475, 67.89, 5
2026/10/03 11:18:08.084, 19098, 0, 2475, 67.89, 5
2026/10/03 11:18:08.135, 19098, 0, 2475, 67.89, 5
2026/10/03 11:18:08.185, 19098, 0, 2475, 67.89, 5
2026/10/03 11:18:08.235, 19098, 0, 2475, 67.89, 5
2026/10/03 11:18:08.285, 19098, 0, 2475, 67.89, 5
2026/10/03 11:18:08.335, 19098, 0, 2475, 67.89, 5
2026/10/03 11:18:08.386, 19098, 0, 2475, 67.70, 5
2026/10/03 11:18:08.436, 19098, 0, 2475, 67.70, 5
2026/10/03 11:18:08.486, 19098, 0, 2475, 67.70, 5
2026/10/03 11:18:08.536, 19098, 0, 2475, 67.70, 5
2026/10/03 11:18:08.586, 19098, 0, 2475, 67.70, 5
2026/10/03 11:18:08.637, 19098, 0, 2475, 67.70, 5
2026/10/03 11:18:08.687, 19098, 0, 2475, 67.70, 5
2026/10/03 11:18:08.737, 19098, 0, 2475, 67.70, 5
2026/10/03 11:18:08.787, 19098, 0, 2475, 67.70, 5
2026/10/03 11:18:08.838, 19098, 0, 2475, 67.70, 5
2026/10/03 11:18:08.888, 19098, 0, 2475, 68.21, 5
2026/10/03 11:18:08.938, 19098, 0, 2475, 68.21, 5
2026/10/03 11:18:08.988, 19098, 0, 2475, 68.21, 5
2026/10/03 11:18:09.038, 19098, 0, 2475, 68.21, 5
2026/10/03 11:18:09.089, 19098, 0, 2475, 68.21, 5
2026/10/03 11:18:09.139, 19098, 0, 2475, 68.21, 5
2026/10/03 11:18:09.189, 19098, 0, 2475, 68.21, 5
2026/10/03 11:18:09.239, 19098, 0, 2475, 68.21, 5
2026/10/03 11:18:09.290, 19098, 0, 2475, 68.21, 5
2026/10/03 11:18:09.340, 19098, 0, 2475, 68.21, 5
2026/10/03 11:18:09.390, 19098, 0, 2475, 68.46, 5
2026/10/03 11:18:09.440, 19098, 0, 2475, 68.46, 5
2026/10/03 11:18:09.490, 19098, 0, 2475, 68.46, 5
2026/10/03 11:18:09.541, 19098, 0, 2475, 68.46, 5
2026/10/03 11:18:09.591, 19098, 0, 2475, 68.46, 5
2026/10/03 11:18:09.641, 19098, 0, 2475, 68.46, 5
2026/10/03 11:18:09.691, 19098, 0, 2475, 68.46, 5
2026/10/03 11:18:09.741, 19098, 0, 2475, 68.46, 5
2026/10/03 11:18:09.792, 19098, 0, 2475, 68.46, 5
2026/10/03 11:18:09.842, 19098, 0, 2475, 68.46, 5
2026/10/03 11:18:09.892, 19098, 0, 2475, 68.35, 5
2026/10/03 11:18:09.942, 19098, 0, 2475, 68.35, 5
2026/10/03 11:18:09.993, 19098, 0, 2475, 68.35, 5
2026/10/03 11:18:10.043, 19098, 0, 2475, 68.35, 5
2026/10/03 11:18:10.093, 19098, 0, 2475, 68.35, 5
2026/10/03 11:18:10.143, 19098, 0, 2475, 68.35, 5
2026/10/03 11:18:10.194, 19098, 0, 2475, 68.35, 5
2026/10/03 11:18:10.244, 19098, 0, 2475, 68.35, 5
2026/10/03 11:18:10.294, 19098, 0, 2475, 68.35, 5
2026/10/03 11:18:10.344, 19098, 0, 2475, 68.35, 5
2026/10/03 11:18:10.394, 19098, 0, 562, 36.10, 2
2026/10/03 11:18:10.445, 19098, 0, 562, 36.10, 2
2026/10/03 11:18:10.495, 19098, 0, 562, 36.10, 2
2026/10/03 11:18:10.545, 19098, 0, 562, 36.10, 2
2026/10/03 11:18:10.595, 19098, 0, 562, 36.10, 2
2026/10/03 11:18:10.646, 19098, 0, 562, 36.10, 2
2026/10/03 11:18:10.696, 19098, 0, 562, 36.10, 2
2026/10/03 11:18:10.746, 19098, 0, 562, 36.10, 2
2026/10/03 11:18:10.796, 19098, 0, 562, 36.10, 2
2026/10/03 11:18:10.846, 19098, 0, 382, 22.29, 2
2026/10/03 11:18:10.897, 19098, 0, 382, 22.29, 2
2026/10/03 11:18:10.947, 19098, 0, 382, 22.29, 2
2026/10/03 11:18:10.997, 19098, 0, 382, 22.29, 2
2026/10/03 11:18:11.047, 19098, 0, 382, 22.29, 2
2026/10/03 11:18:11.097, 19098, 0, 382, 22.29, 2
2026/10/03 11:18:11.148, 19098, 0, 382, 22.29, 2
2026/10/03 11:18:11.198, 19098, 0, 382, 22.29, 2
2026/10/03 11:18:11.248, 19098, 0, 382, 22.29, 2
2026/10/03 11:18:11.298, 19098, 0, 382, 22.29, 2
2026/10/03 11:18:11.349, 19098, 0, 382, 28.58, 2
2026/10/03 11:18:11.399, 19098, 0, 382, 28.58, 2
2026/10/03 11:18:11.449, 19098, 0, 382, 28.58, 2
2026/10/03 11:18:11.499, 19098, 0, 382, 28.58, 2
2026/10/03 11:18:11.550, 19098, 0, 382, 28.58, 2
2026/10/03 11:18:11.600, 19098, 0, 382, 28.58, 2
2026/10/03 11:18:11.650, 19098, 0, 382, 28.58, 2
2026/10/03 11:18:11.700, 19098, 0, 382, 28.58, 2
2026/10/03 11:18:11.750, 19098, 0, 382, 28.58, 2
2026/10/03 11:18:11.801, 19098, 0, 382, 28.58, 2
2026/10/03 11:18:11.851, 19098, 0, 382, 28.58, 2
2026/10/03 11:18:11.901, 19098, 0, 382, 28.58, 2
2026/10/03 11:18:11.951, 19098, 0, 382, 28.58, 2
2026/10/03 11:18:12.002, 19098, 0, 382, 28.58, 2
2026/10/03 11:18:12.052, 19098, 0, 382, 28.58, 2
2026/10/03 11:18:12.102, 19098, 0, 382, 28.58, 2
2026/10/03 11:18:12.152, 19098, 0, 382, 28.58, 2
2026/10/03 11:18:12.203, 19098, 0, 382, 28.58, 2
2026/10/03 11:18:12.253, 19098, 0, 382, 28.58, 2
2026/10/03 11:18:12.303, 19098, 0, 382, 28.58, 2
2026/10/03 11:18:12.353, 19098, 0, 217, 19.24, 1
2026/10/03 11:18:12.403, 19098, 0, 217, 19.24, 1
2026/10/03 11:18:12.454, 19098, 0, 217, 19.24, 1
2026/10/03 11:18:12.504, 19098, 0, 217, 19.24, 1
2026/10/03 11:18:12.554, 19098, 0, 217, 19.24, 1
2026/10/03 11:18:12.604, 19098, 0, 217, 19.24, 1
2026/10/03 11:18:12.655, 19098, 0, 217, 19.24, 1
2026/10/03 11:18:12.705, 19098, 0, 217, 19.24, 1
2026/10/03 11:18:12.755, 19098, 0, 217, 19.24, 1
2026/10/03 11:18:12.805, 19098, 0, 217, 19.24, 1
2026/10/03 11:18:12.855, 19098, 0, 217, 19.24, 1
2026/10/03 11:18:12.906, 19098, 0, 217, 19.24, 1
2026/10/03 11:18:12.956, 19098, 0, 217, 19.24, 1
2026/10/03 11:18:13.006, 19098, 0, 217, 19.24, 1
2026/10/03 11:18:13.056, 19098, 0, 217, 19.24, 1
2026/10/03 11:18:13.107, 19098, 0, 217, 19.24, 1
2026/10/03 11:18:13.157, 19098, 0, 217, 19.24, 1
2026/10/03 11:18:13.207, 19098, 0, 217, 19.24, 1
2026/10/03 11:18:13.257, 19098, 0, 217, 19.24, 1
2026/10/03 11:18:13.308, 19098, 0, 217, 19.24, 1
2026/10/03 11:18:13.358, 19098, 0, 195, 18.26, 1
2026/10/03 11:18:13.408, 19098, 0, 195, 18.26, 1
2026/10/03 11:18:13.458, 19098, 0, 195, 18.26, 1
2026/10/03 11:18:13.508, 19098, 0, 195, 18.26, 1
2026/10/03 11:18:13.559, 19098, 0, 195, 18.26, 1
2026/10/03 11:18:13.609, 19098, 0, 195, 18.26, 1
2026/10/03 11:18:13.659, 19098, 0, 195, 18.26, 1
2026/10/03 11:18:13.709, 19098, 0, 195, 18.26, 1
2026/10/03 11:18:13.759, 19098, 0, 195, 18.26, 1
2026/10/03 11:18:13.810, 19098, 0, 195, 18.26, 1
2026/10/03 11:18:13.860, 19098, 0, 195, 18.26, 1
2026/10/03 11:18:13.910, 19098, 0, 195, 18.26, 1
2026/10/03 11:18:13.960, 19098, 0, 195, 18.26, 1
2026/10/03 11:18:14.011, 19098, 0, 195, 18.26, 1
2026/10/03 11:18:14.061, 19098, 0, 195, 18.26, 1
2026/10/03 11:18:14.111, 19098, 0, 195, 18.26, 1
2026/10/03 11:18:14.161, 19098, 0, 195, 18.26, 1
2026/10/03 11:18:14.211, 19098, 0, 195, 18.26, 1
2026/10/03 11:18:14.262, 19098, 0, 195, 18.26, 1
2026/10/03 11:18:14.312, 19098, 0, 195, 18.26, 1
2026/10/03 11:18:14.362, 19098, 0, 195, 18.76, 1
2026/10/03 11:18:14.412, 19098, 0, 195, 18.76, 1
2026/10/03 11:18:14.463, 19098, 0, 195, 18.76, 1
2026/10/03 11:18:14.513, 19098, 0, 195, 18.76, 1
2026/10/03 11:18:14.563, 19098, 0, 195, 18.76, 1
2026/10/03 11:18:14.613, 19098, 0, 195, 18.76, 1
2026/10/03 11:18:14.663, 19098, 0, 195, 18.76, 1
2026/10/03 11:18:14.714, 19098, 0, 195, 18.76, 1
2026/10/03 11:18:14.764, 19098, 0, 195, 18.76, 1
2026/10/03 11:18:14.814, 19098, 0, 195, 18.76, 1
2026/10/03 11:18:14.864, 19098, 0, 195, 18.76, 1
2026/10/03 11:18:14.914, 19098, 0, 195, 18.76, 1
2026/10/03 11:18:14.965, 19098, 0, 195, 18.76, 1
2026/10/03 11:18:15.015, 19098, 0, 195, 18.76, 1
2026/10/03 11:18:15.065, 19098, 0, 195, 18.76, 1
2026/10/03 11:18:15.115, 19098, 0, 195, 18.76, 1
2026/10/03 11:18:15.166, 19098, 0, 195, 18.76, 1
2026/10/03 11:18:15.216, 19098, 0, 195, 18.76, 1
2026/10/03 11:18:15.266, 19098, 0, 195, 18.76, 1
2026/10/03 11:18:15.316, 19098, 0, 195, 18.76, 1
2026/10/03 11:18:15.367, 19098, 0, 195, 18.81, 1
2026/10/03 11:18:15.417, 19098, 0, 195, 18.81, 1
2026/10/03 11:18:15.467, 19098, 0, 195, 18.81, 1
2026/10/03 11:18:15.517, 19098, 0, 195, 18.81, 1
2026/10/03 11:18:15.567, 19098, 0, 195, 18.81, 1
2026/10/03 11:18:15.618, 19098, 0, 195, 18.81, 1
2026/10/03 11:18:15.668, 19098, 0, 195, 18.81, 1
2026/10/03 11:18:15.718, 19098, 0, 195, 18.81, 1
2026/10/03 11:18:15.768, 19098, 0, 195, 18.81, 1
2026/10/03 11:18:15.818, 19098, 0, 195, 18.81, 1
2026/10/03 11:18:15.869, 19098, 0, 195, 18.81, 1
2026/10/03 11:18:15.919, 19098, 0, 195, 18.81, 1
2026/10/03 11:18:15.969, 19098, 0, 195, 18.81, 1
2026/10/03 11:18:16.019, 19098, 0, 195, 18.81, 1
2026/10/03 11:18:16.070, 19098, 0, 195, 18.81, 1
2026/10/03 11:18:16.120, 19098, 0, 195, 18.81, 1
2026/10/03 11:18:16.170, 19098, 0, 195, 18.81, 1
2026/10/03 11:18:16.220, 19098, 0, 195, 18.81, 1
2026/10/03 11:18:16.270, 19098, 0, 195, 18.81, 1
2026/10/03 11:18:16.321, 19098, 0, 195, 18.81, 1
2026/10/03 11:18:16.371, 19098, 0, 195, 18.23, 1
2026/10/03 11:18:16.421, 19098, 0, 195, 18.23, 1
2026/10/03 11:18:16.471, 19098, 0, 195, 18.23, 1
2026/10/03 11:18:16.522, 19098, 0, 195, 18.23, 1
2026/10/03 11:18:16.572, 19098, 0, 195, 18.23, 1
2026/10/03 11:18:16.622, 19098, 0, 195, 18.23, 1
2026/10/03 11:18:16.672, 19098, 0, 195, 18.23, 1
2026/10/03 11:18:16.723, 19098, 0, 195, 18.23, 1
2026/10/03 11:18:16.773, 19098, 0, 195, 18.23, 1
2026/10/03 11:18:16.823, 19098, 0, 195, 18.23, 1
2026/10/03 11:18:16.873, 19098, 0, 195, 18.23, 1
2026/10/03 11:18:16.923, 19098, 0, 195, 18.23, 1
2026/10/03 11:18:16.974, 19098, 0, 195, 18.23, 1
2026/10/03 11:18:17.024, 19098, 0, 195, 18.23, 1
2026/10/03 11:18:17.074, 19098, 0, 195, 18.23, 1
2026/10/03 11:18:17.124, 19098, 0, 195, 18.23, 1
2026/10/03 11:18:17.174, 19098, 0, 195, 18.23, 1
2026/10/03 11:18:17.225, 19098, 0, 195, 18.23, 1
2026/10/03 11:18:17.275, 19098, 0, 195, 18.23, 1
2026/10/03 11:18:17.325, 19098, 0, 195, 18.23, 1
2026/10/03 11:18:17.375, 19098, 0, 195, 18.28, 1
2026/10/03 11:18:17.426, 19098, 0, 195, 18.28, 1
2026/10/03 11:18:17.476, 19098, 0, 195, 18.28, 1
2026/10/03 11:18:17.526, 19098, 0, 195, 18.28, 1
2026/10/03 11:18:17.576, 19098, 0, 195, 18.28, 1
2026/10/03 11:18:17.627, 19098, 0, 195, 18.28, 1
2026/10/03 11:18:17.677, 19098, 0, 195, 18.28, 1
2026/10/03 11:18:17.727, 19098, 0, 195, 18.28, 1
2026/10/03 11:18:17.777, 19098, 0, 195, 18.28, 1
2026/10/03 11:18:17.827, 19098, 0, 195, 18.28, 1
2026/10/03 11:18:17.878, 19098, 0, 195, 18.28, 1
2026/10/03 11:18:17.928, 19098, 0, 195, 18.28, 1
2026/10/03 11:18:17.978, 19098, 0, 195, 18.28, 1
2026/10/03 11:18:18.028, 19098, 0, 195, 18.28, 1
2026/10/03 11:18:18.079, 19098, 0, 195, 18.28, 1
2026/10/03 11:18:18.129, 19098, 0, 195, 18.28, 1
2026/10/03 11:18:18.179, 19098, 0, 195, 18.28, 1
2026/10/03 11:18:18.229, 19098, 0, 195, 18.28, 1
2026/10/03 11:18:18.279, 19098, 0, 195, 18.28, 1
2026/10/03 11:18:18.330, 19098, 0, 195, 18.28, 1
2026/10/03 11:18:18.380, 19098, 0, 195, 18.15, 1
2026/10/03 11:18:18.430, 19098, 0, 195, 18.15, 1
2026/10/03 11:18:18.480, 19098, 0, 195, 18.15, 1
2026/10/03 11:18:18.531, 19098, 0, 195, 18.15, 1
2026/10/03 11:18:18.581, 19098, 0, 195, 18.15, 1
2026/10/03 11:18:18.631, 19098, 0, 195, 18.15, 1
2026/10/03 11:18:18.681, 19098, 0, 195, 18.15, 1
2026/10/03 11:18:18.731, 19098, 0, 195, 18.15, 1
2026/10/03 11:18:18.782, 19098, 0, 195, 18.15, 1
2026/10/03 11:18:18.832, 19098, 0, 195, 18.15, 1
2026/10/03 11:18:18.882, 19098, 0, 195, 18.15, 1
2026/10/03 11:18:18.932, 19098, 0, 195, 18.15, 1
2026/10/03 11:18:18.982, 19098, 0, 195, 18.15, 1
2026/10/03 11:18:19.033, 19098, 0, 195, 18.15, 1
2026/10/03 11:18:19.083, 19098, 0, 195, 18.15, 1
2026/10/03 11:18:19.133, 19098, 0, 195, 18.15, 1
2026/10/03 11:18:19.183, 19098, 0, 195, 18.15, 1
2026/10/03 11:18:19.233, 19098, 0, 195, 18.15, 1
2026/10/03 11:18:19.284, 19098, 0, 195, 18.15, 1
2026/10/03 11:18:19.334, 19098, 0, 195, 18.15, 1
2026/10/03 11:18:19.384, 19098, 0, 195, 18.31, 1
2026/10/03 11:18:19.434, 19098, 0, 195, 18.31, 1
2026/10/03 11:18:19.484, 19098, 0, 195, 18.31, 1
2026/10/03 11:18:19.534, 19098, 0, 195, 18.31, 1
2026/10/03 11:18:19.585, 19098, 0, 195, 18.31, 1
2026/10/03 11:18:19.635, 19098, 0, 195, 18.31, 1
2026/10/03 11:18:19.685, 19098, 0, 195, 18.31, 1
2026/10/03 11:18:19.735, 19098, 0, 195, 18.31, 1
2026/10/03 11:18:19.785, 19098, 0, 195, 18.31, 1
2026/10/03 11:18:19.835, 19098, 0, 195, 18.31, 1
2026/10/03 11:18:19.885, 19098, 0, 195, 18.31, 1
2026/10/03 11:18:19.936, 19098, 0, 195, 18.31, 1
2026/10/03 11:18:19.986, 19098, 0, 195, 18.31, 1
2026/10/03 11:18:20.036, 19098, 0, 195, 18.31, 1
2026/10/03 11:18:20.086, 19098, 0, 195, 18.31, 1
2026/10/03 11:18:20.136, 19098, 0, 195, 18.31, 1
2026/10/03 11:18:20.186, 19098, 0, 195, 18.31, 1
2026/10/03 11:18:20.236, 19098, 0, 195, 18.31, 1
2026/10/03 11:18:20.286, 19098, 0, 195, 18.31, 1
2026/10/03 11:18:20.337, 19098, 0, 195, 18.31, 1
2026/10/03 11:18:20.387, 19098, 0, 195, 18.48, 1
2026/10/03 11:18:20.437, 19098, 0, 195, 18.48, 1
2026/10/03 11:18:20.487, 19098, 0, 195, 18.48, 1
2026/10/03 11:18:20.537, 19098, 0, 195, 18.48, 1
2026/10/03 11:18:20.587, 19098, 0, 195, 18.48, 1
2026/10/03 11:18:20.637, 19098, 0, 195, 18.48, 1
2026/10/03 11:18:20.687, 19098, 0, 195, 18.48, 1
2026/10/03 11:18:20.738, 19098, 0, 195, 18.48, 1
2026/10/03 11:18:20.788, 19098, 0, 195, 18.48, 1
2026/10/03 11:18:20.838, 19098, 0, 195, 18.48, 1
2026/10/03 11:18:20.888, 19098, 0, 195, 18.48, 1
2026/10/03 11:18:20.938, 19098, 0, 195, 18.48, 1
2026/10/03 11:18:20.988, 19098, 0, 195, 18.48, 1
2026/10/03 11:18:21.038, 19098, 0, 195, 18.48, 1
2026/10/03 11:18:21.089, 19098, 0, 195, 18.48, 1
2026/10/03 11:18:21.139, 19098, 0, 195, 18.48, 1
2026/10/03 11:18:21.189, 19098, 0, 195, 18.48, 1
2026/10/03 11:18:21.239, 19098, 0, 195, 18.48, 1
2026/10/03 11:18:21.289, 19098, 0, 195, 18.48, 1
2026/10/03 11:18:21.339, 19098, 0, 195, 18.48, 1
2026/10/03 11:18:21.389, 19098, 0, 195, 18.39, 1
2026/10/03 11:18:21.439, 19098, 0, 195, 18.39, 1
2026/10/03 11:18:21.490, 19098, 0, 195, 18.39, 1
2026/10/03 11:18:21.540, 19098, 0, 195, 18.39, 1
2026/10/03 11:18:21.590, 19098, 0, 195, 18.39, 1
2026/10/03 11:18:21.640, 19098, 0, 195, 18.39, 1
2026/10/03 11:18:21.690, 19098, 0, 195, 18.39, 1
2026/10/03 11:18:21.740, 19098, 0, 195, 18.39, 1
2026/10/03 11:18:21.791, 19098, 0, 195, 18.39, 1
2026/10/03 11:18:21.841, 19098, 0, 195, 18.39, 1
2026/10/03 11:18:21.891, 19098, 0, 195, 18.39, 1
2026/10/03 11:18:21.941, 19098, 0, 195, 18.39, 1
2026/10/03 11:18:21.991, 19298, 0, 195, 18.39, 1
2026/10/03 11:18:22.041, 19320, 0, 195, 18.39, 1
2026/10/03 11:18:22.092, 19442, 0, 195, 18.39, 1
2026/10/03 11:18:22.142, 19344, 0, 195, 18.39, 1
2026/10/03 11:18:22.192, 19326, 0, 195, 18.39, 1
2026/10/03 11:18:22.242, 19448, 0, 195, 18.39, 1
2026/10/03 11:18:22.293, 19348, 0, 195, 18.39, 1
2026/10/03 11:18:22.343, 19332, 0, 195, 18.39, 1
2026/10/03 11:18:22.393, 19452, 0, 2497, 76.28, 5
2026/10/03 11:18:22.444, 19334, 0, 2497, 76.28, 5
2026/10/03 11:18:22.494, 19456, 0, 2497, 76.28, 5
2026/10/03 11:18:22.544, 19338, 0, 2497, 76.28, 5
2026/10/03 11:18:22.594, 19340, 0, 2497, 76.28, 5
2026/10/03 11:18:22.645, 19382, 0, 2497, 76.28, 5
2026/10/03 11:18:22.695, 19344, 0, 2497, 76.28, 5
2026/10/03 11:18:22.745, 19466, 0, 2497, 76.28, 5
2026/10/03 11:18:22.795, 19346, 0, 2497, 76.28, 5
2026/10/03 11:18:22.846, 19410, 0, 2497, 76.28, 5
2026/10/03 11:18:22.896, 19370, 35, 2497, 75.96, 5
2026/10/03 11:18:22.946, 19352, 35, 2497, 75.96, 5
2026/10/03 11:18:22.996, 19474, 35, 2497, 75.96, 5
2026/10/03 11:18:23.047, 19356, 35, 2497, 75.96, 5
2026/10/03 11:18:23.097, 19378, 35, 2497, 75.96, 5
2026/10/03 11:18:23.147, 19480, 35, 2497, 75.96, 5
2026/10/03 11:18:23.197, 19382, 35, 2497, 75.96, 5
2026/10/03 11:18:23.248, 19484, 35, 2497, 75.96, 5
2026/10/03 11:18:23.298, 19364, 35, 2497, 75.96, 5
2026/10/03 11:18:23.348, 19388, 35, 2497, 75.78, 5
2026/10/03 11:18:23.399, 19488, 35, 2497, 75.78, 5
2026/10/03 11:18:23.449, 19390, 35, 2497, 75.78, 5
2026/10/03 11:18:23.499, 19172, 35, 2497, 75.78, 5
2026/10/03 11:18:23.549, 19172, 35, 2497, 75.78, 5
2026/10/03 11:18:23.600, 19172, 35, 2497, 75.78, 5
2026/10/03 11:18:23.650, 19172, 35, 2497, 75.78, 5
2026/10/03 11:18:23.701, 19172, 35, 2497, 75.78, 5
2026/10/03 11:18:23.751, 19172, 35, 2497, 75.78, 5
2026/10/03 11:18:23.801, 19172, 35, 2497, 75.78, 5
2026/10/03 11:18:23.852, 19172, 0, 2475, 67.96, 5
2026/10/03 11:18:23.902, 19172, 0, 2475, 67.96, 5
2026/10/03 11:18:23.952, 19172, 0, 2475, 67.96, 5
2026/10/03 11:18:24.003, 19172, 0, 2475, 67.96, 5
2026/10/03 11:18:24.053, 19172, 0, 2475, 67.96, 5
2026/10/03 11:18:24.103, 19172, 0, 2475, 67.96, 5
2026/10/03 11:18:24.154, 19172, 0, 2475, 67.96, 5
2026/10/03 11:18:24.204, 19172, 0, 2475, 67.96, 5
2026/10/03 11:18:24.255, 19172, 0, 2475, 67.96, 5
2026/10/03 11:18:24.305, 19172, 0, 2475, 67.96, 5
2026/10/03 11:18:24.355, 19172, 0, 2475, 67.43, 5
2026/10/03 11:18:24.406, 19172, 0, 2475, 67.43, 5
2026/10/03 11:18:24.456, 19172, 0, 2475, 67.43, 5
2026/10/03 11:18:24.507, 19172, 0, 2475, 67.43, 5
2026/10/03 11:18:24.557, 19172, 0, 2475, 67.43, 5
2026/10/03 11:18:24.607, 19172, 0, 2475, 67.43, 5
2026/10/03 11:18:24.658, 19172, 0, 2475, 67.43, 5
2026/10/03 11:18:24.708, 19172, 0, 2475, 67.43, 5
2026/10/03 11:18:24.759, 19172, 0, 2475, 67.43, 5
2026/10/03 11:18:24.809, 19172, 0, 2475, 67.43, 5
2026/10/03 11:18:24.859, 19172, 0, 2475, 68.36, 5
2026/10/03 11:18:24.909, 19172, 0, 2475, 68.36, 5
2026/10/03 11:18:24.960, 19172, 0, 2475, 68.36, 5
2026/10/03 11:18:25.010, 19172, 0, 2475, 68.36, 5
2026/10/03 11:18:25.060, 19172, 0, 2475, 68.36, 5
2026/10/03 11:18:25.110, 19172, 0, 2475, 68.36, 5
2026/10/03 11:18:25.161, 19172, 0, 2475, 68.36, 5
2026/10/03 11:18:25.211, 19172, 0, 2475, 68.36, 5
2026/10/03 11:18:25.261, 19172, 0, 2475, 68.36, 5
2026/10/03 11:18:25.311, 19172, 0, 2475, 68.36, 5
2026/10/03 11:18:25.361, 19172, 0, 2475, 67.85, 5
2026/10/03 11:18:25.411, 19172, 0, 2475, 67.85, 5
2026/10/03 11:18:25.462, 19172, 0, 2475, 67.85, 5
2026/10/03 11:18:25.512, 19172, 0, 2475, 67.85, 5
2026/10/03 11:18:25.562, 19172, 0, 2475, 67.85, 5
2026/10/03 11:18:25.612, 19172, 0, 2475, 67.85, 5
2026/10/03 11:18:25.662, 19172, 0, 2475, 67.85, 5
2026/10/03 11:18:25.713, 19172, 0, 2475, 67.85, 5
2026/10/03 11:18:25.763, 19172, 0, 2475, 67.85, 5
2026/10/03 11:18:25.813, 19172, 0, 2475, 67.85, 5
2026/10/03 11:18:25.863, 19172, 0, 2475, 67.79, 5
2026/10/03 11:18:25.913, 19172, 0, 2475, 67.79, 5
2026/10/03 11:18:25.963, 19172, 0, 2475, 67.79, 5
2026/10/03 11:18:26.014, 19172, 0, 2475, 67.79, 5
2026/10/03 11:18:26.064, 19172, 0, 2475, 67.79, 5
2026/10/03 11:18:26.114, 19172, 0, 2475, 67.79, 5
2026/10/03 11:18:26.164, 19172, 0, 2475, 67.79, 5
2026/10/03 11:18:26.214, 19172, 0, 2475, 67.79, 5
2026/10/03 11:18:26.264, 19172, 0, 2475, 67.79, 5
2026/10/03 11:18:26.314, 19172, 0, 2475, 67.79, 5
2026/10/03 11:18:26.365, 19172, 0, 2475, 68.43, 5
2026/10/03 11:18:26.415, 19172, 0, 2475, 68.43, 5
2026/10/03 11:18:26.465, 19172, 0, 2475, 68.43, 5
2026/10/03 11:18:26.515, 19172, 0, 2475, 68.43, 5
2026/10/03 11:18:26.565, 19172, 0, 2475, 68.43, 5
2026/10/03 11:18:26.615, 19172, 0, 2475, 68.43, 5
2026/10/03 11:18:26.666, 19172, 0, 2475, 68.43, 5
2026/10/03 11:18:26.716, 19172, 0, 2475, 68.43, 5
2026/10/03 11:18:26.766, 19172, 0, 2475, 68.43, 5
2026/10/03 11:18:26.816, 19172, 0, 2475, 68.43, 5
2026/10/03 11:18:26.867, 19172, 0, 2475, 68.36, 5
2026/10/03 11:18:26.917, 19172, 0, 2475, 68.36, 5
2026/10/03 11:18:26.967, 19172, 0, 2475, 68.36, 5
2026/10/03 11:18:27.017, 19172, 0, 2475, 68.36, 5
2026/10/03 11:18:27.067, 19172, 0, 2475, 68.36, 5
2026/10/03 11:18:27.117, 19172, 0, 2475, 68.36, 5
2026/10/03 11:18:27.168, 19172, 0, 2475, 68.36, 5
2026/10/03 11:18:27.218, 19172, 0, 2475, 68.36, 5
2026/10/03 11:18:27.268, 19172, 0, 2475, 68.36, 5
2026/10/03 11:18:27.318, 19172, 0, 2475, 68.36, 5
2026/10/03 11:18:27.368, 19172, 0, 2475, 68.33, 5
2026/10/03 11:18:27.419, 19172, 0, 2475, 68.33, 5
2026/10/03 11:18:27.469, 19172, 0, 2475, 68.33, 5
2026/10/03 11:18:27.519, 19172, 0, 2475, 68.33, 5
2026/10/03 11:18:27.569, 19172, 0, 2475, 68.33, 5
2026/10/03 11:18:27.619, 19172, 0, 2475, 68.33, 5
2026/10/03 11:18:27.670, 19172, 0, 2475, 68.33, 5
2026/10/03 11:18:27.720, 19172, 0, 2475, 68.33, 5
2026/10/03 11:18:27.770, 19172, 0, 2475, 68.33, 5
2026/10/03 11:18:27.820, 19172, 0, 2475, 68.33, 5
2026/10/03 11:18:27.870, 19182, 0, 2475, 69.03, 5
2026/10/03 11:18:27.920, 19242, 0, 2475, 69.03, 5
2026/10/03 11:18:27.971, 19284, 0, 2475, 69.03, 5
2026/10/03 11:18:28.021, 19346, 0, 2475, 69.03, 5
2026/10/03 11:18:28.071, 19446, 0, 2475, 69.03, 5
2026/10/03 11:18:28.121, 19446, 0, 2475, 69.03, 5
2026/10/03 11:18:28.171, 19446, 0, 2475, 69.03, 5
2026/10/03 11:18:28.221, 19446, 0, 2475, 69.03, 5
2026/10/03 11:18:28.272, 19566, 0, 2475, 69.03, 5
2026/10/03 11:18:28.322, 19568, 0, 2475, 69.03, 5
2026/10/03 11:18:28.372, 19568, 0, 2542, 136.36, 5
2026/10/03 11:18:28.422, 19568, 0, 2542, 136.36, 5
2026/10/03 11:18:28.472, 19568, 0, 2542, 136.36, 5
2026/10/03 11:18:28.523, 19568, 0, 2542, 136.36, 5
2026/10/03 11:18:28.573, 19568, 0, 2542, 136.36, 5
2026/10/03 11:18:28.623, 19568, 0, 2542, 136.36, 5
2026/10/03 11:18:28.673, 19628, 0, 2542, 136.36, 5
2026/10/03 11:18:28.724, 19628, 0, 2542, 136.36, 5
2026/10/03 11:18:28.774, 19628, 0, 2542, 136.36, 5
2026/10/03 11:18:28.824, 19628, 0, 2542, 136.36, 5
2026/10/03 11:18:28.874, 19628, 25, 2625, 167.33, 5
2026/10/03 11:18:28.925, 19630, 25, 2625, 167.33, 5
2026/10/03 11:18:28.975, 19630, 25, 2625, 167.33, 5
2026/10/03 11:18:29.025, 19630, 25, 2625, 167.33, 5
2026/10/03 11:18:29.075, 19630, 25, 2625, 167.33, 5
2026/10/03 11:18:29.125, 19630, 25, 2625, 167.33, 5
2026/10/03 11:18:29.176, 19630, 25, 2625, 167.33, 5
2026/10/03 11:18:29.226, 19630, 25, 2625, 167.33, 5
2026/10/03 11:18:29.276, 19630, 25, 2625, 167.33, 5
2026/10/03 11:18:29.326, 19630, 25, 2625, 167.33, 5
2026/10/03 11:18:29.376, 19630, 25, 2632, 154.90, 5
2026/10/03 11:18:29.427, 19630, 25, 2632, 154.90, 5
2026/10/03 11:18:29.477, 19632, 25, 2632, 154.90, 5
2026/10/03 11:18:29.527, 19632, 25, 2632, 154.90, 5
2026/10/03 11:18:29.577, 19632, 25, 2632, 154.90, 5
2026/10/03 11:18:29.627, 19632, 25, 2632, 154.90, 5
2026/10/03 11:18:29.678, 19632, 25, 2632, 154.90, 5
2026/10/03 11:18:29.728, 19632, 25, 2632, 154.90, 5
2026/10/03 11:18:29.778, 19672, 25, 2632, 154.90, 5
2026/10/03 11:18:29.828, 19672, 25, 2632, 154.90, 5
2026/10/03 11:18:29.879, 19672, 27, 2640, 132.22, 5
2026/10/03 11:18:29.929, 19672, 27, 2640, 132.22, 5
2026/10/03 11:18:29.979, 19672, 27, 2640, 132.22, 5
2026/10/03 11:18:30.029, 19674, 27, 2640, 132.22, 5
2026/10/03 11:18:30.080, 19674, 27, 2640, 132.22, 5
2026/10/03 11:18:30.130, 19674, 27, 2640, 132.22, 5
2026/10/03 11:18:30.180, 19694, 27, 2640, 132.22, 5
2026/10/03 11:18:30.231, 19694, 27, 2640, 132.22, 5
2026/10/03 11:18:30.281, 19694, 27, 2640, 132.22, 5
2026/10/03 11:18:30.332, 19694, 27, 2640, 132.22, 5
2026/10/03 11:18:30.382, 19694, 27, 2625, 168.16, 5
2026/10/03 11:18:30.432, 19694, 27, 2625, 168.16, 5
2026/10/03 11:18:30.482, 19694, 27, 2625, 168.16, 5
2026/10/03 11:18:30.533, 19696, 27, 2625, 168.16, 5
2026/10/03 11:18:30.583, 19716, 27, 2625, 168.16, 5
2026/10/03 11:18:30.633, 19716, 27, 2625, 168.16, 5
2026/10/03 11:18:30.683, 19716, 27, 2625, 168.16, 5
2026/10/03 11:18:30.733, 19716, 27, 2625, 168.16, 5
2026/10/03 11:18:30.784, 19716, 27, 2625, 168.16, 5
2026/10/03 11:18:30.834, 19716, 27, 2625, 168.16, 5
2026/10/03 11:18:30.884, 19716, 33, 2640, 139.82, 5
2026/10/03 11:18:30.934, 19716, 33, 2640, 139.82, 5
2026/10/03 11:18:30.984, 19736, 33, 2640, 139.82, 5
2026/10/03 11:18:31.035, 19736, 33, 2640, 139.82, 5
2026/10/03 11:18:31.085, 19738, 33, 2640, 139.82, 5
2026/10/03 11:18:31.135, 19738, 33, 2640, 139.82, 5
2026/10/03 11:18:31.185, 19738, 33, 2640, 139.82, 5
2026/10/03 11:18:31.236, 19758, 33, 2640, 139.82, 5
2026/10/03 11:18:31.286, 19758, 33, 2640, 139.82, 5
2026/10/03 11:18:31.336, 19758, 33, 2640, 139.82, 5
2026/10/03 11:18:31.386, 19758, 33, 2610, 154.49, 5
2026/10/03 11:18:31.437, 19758, 33, 2610, 154.49, 5
2026/10/03 11:18:31.487, 20118, 33, 2610, 154.49, 5
2026/10/03 11:18:31.537, 20118, 33, 2610, 154.49, 5
2026/10/03 11:18:31.587, 20118, 33, 2610, 154.49, 5
2026/10/03 11:18:31.637, 20118, 33, 2610, 154.49, 5
2026/10/03 11:18:31.688, 20118, 33, 2610, 154.49, 5
2026/10/03 11:18:31.738, 20118, 33, 2610, 154.49, 5
2026/10/03 11:18:31.788, 20118, 33, 2610, 154.49, 5
2026/10/03 11:18:31.838, 20118, 33, 2610, 154.49, 5
2026/10/03 11:18:31.889, 20118, 33, 2670, 176.47, 5
2026/10/03 11:18:31.939, 20118, 33, 2670, 176.47, 5
2026/10/03 11:18:31.989, 20118, 33, 2670, 176.47, 5
2026/10/03 11:18:32.039, 20118, 33, 2670, 176.47, 5
2026/10/03 11:18:32.090, 20118, 33, 2670, 176.47, 5
2026/10/03 11:18:32.140, 20118, 33, 2670, 176.47, 5
2026/10/03 11:18:32.190, 20118, 33, 2670, 176.47, 5
2026/10/03 11:18:32.240, 20118, 33, 2670, 176.47, 5
2026/10/03 11:18:32.291, 20118, 33, 2670, 176.47, 5
2026/10/03 11:18:32.341, 20118, 33, 2670, 176.47, 5
2026/10/03 11:18:32.391, 20118, 33, 2647, 160.31, 5
2026/10/03 11:18:32.441, 20118, 33, 2647, 160.31, 5
2026/10/03 11:18:32.492, 20118, 33, 2647, 160.31, 5
2026/10/03 11:18:32.542, 20118, 33, 2647, 160.31, 5
2026/10/03 11:18:32.592, 20118, 33, 2647, 160.31, 5
2026/10/03 11:18:32.642, 20118, 33, 2647, 160.31, 5
2026/10/03 11:18:32.692, 20118, 33, 2647, 160.31, 5
2026/10/03 11:18:32.743, 20118, 33, 2647, 160.31, 5
2026/10/03 11:18:32.793, 20118, 33, 2647, 160.31, 5
2026/10/03 11:18:32.843, 20118, 33, 2647, 160.31, 5
2026/10/03 11:18:32.894, 20118, 34, 2662, 147.99, 5
2026/10/03 11:18:32.944, 20118, 34, 2662, 147.99, 5
2026/10/03 11:18:32.994, 20118, 34, 2662, 147.99, 5
2026/10/03 11:18:33.045, 20118, 34, 2662, 147.99, 5
2026/10/03 11:18:33.095, 20118, 34, 2662, 147.99, 5
2026/10/03 11:18:33.145, 20118, 34, 2662, 147.99, 5
2026/10/03 11:18:33.195, 20118, 34, 2662, 147.99, 5
2026/10/03 11:18:33.246, 20118, 34, 2662, 147.99, 5
2026/10/03 11:18:33.296, 20118, 34, 2662, 147.99, 5
2026/10/03 11:18:33.346, 20118, 34, 2662, 147.99, 5
2026/10/03 11:18:33.396, 20118, 34, 2677, 176.99, 5
2026/10/03 11:18:33.446, 20118, 34, 2677, 176.99, 5
2026/10/03 11:18:33.497, 20118, 34, 2677, 176.99, 5
2026/10/03 11:18:33.547, 20118, 34, 2677, 176.99, 5
2026/10/03 11:18:33.598, 20118, 34, 2677, 176.99, 5
2026/10/03 11:18:33.648, 20118, 34, 2677, 176.99, 5
2026/10/03 11:18:33.698, 20118, 34, 2677, 176.99, 5
2026/10/03 11:18:33.749, 20118, 34, 2677, 176.99, 5
2026/10/03 11:18:33.799, 20118, 34, 2677, 176.99, 5
2026/10/03 11:18:33.849, 20118, 32, 2670, 173.70, 5
2026/10/03 11:18:33.900, 20118, 32, 2670, 173.70, 5
2026/10/03 11:18:33.950, 20118, 32, 2670, 173.70, 5
2026/10/03 11:18:34.000, 20118, 32, 2670, 173.70, 5
2026/10/03 11:18:34.051, 20118, 32, 2670, 173.70, 5
2026/10/03 11:18:34.101, 20118, 32, 2670, 173.70, 5
2026/10/03 11:18:34.151, 20118, 32, 2670, 173.70, 5
2026/10/03 11:18:34.201, 20118, 32, 2670, 173.70, 5
2026/10/03 11:18:34.251, 20118, 32, 2670, 173.70, 5
2026/10/03 11:18:34.302, 20118, 32, 2670, 173.70, 5
2026/10/03 11:18:34.352, 20118, 32, 2662, 175.90, 5
2026/10/03 11:18:34.403, 20118, 32, 2662, 175.90, 5
2026/10/03 11:18:34.453, 20118, 32, 2662, 175.90, 5
2026/10/03 11:18:34.503, 20118, 32, 2662, 175.90, 5
2026/10/03 11:18:34.553, 20118, 32, 2662, 175.90, 5
2026/10/03 11:18:34.604, 20118, 32, 2662, 175.90, 5
2026/10/03 11:18:34.654, 20118, 32, 2662, 175.90, 5
2026/10/03 11:18:34.704, 20118, 32, 2662, 175.90, 5
2026/10/03 11:18:34.755, 20118, 32, 2662, 175.90, 5
2026/10/03 11:18:34.805, 20118, 32, 2662, 175.90, 5
2026/10/03 11:18:34.855, 20118, 34, 2655, 148.95, 5
2026/10/03 11:18:34.905, 20118, 34, 2655, 148.95, 5
2026/10/03 11:18:34.956, 20118, 34, 2655, 148.95, 5
2026/10/03 11:18:35.006, 20118, 34, 2655, 148.95, 5
2026/10/03 11:18:35.056, 20118, 34, 2655, 148.95, 5
2026/10/03 11:18:35.107, 20118, 34, 2655, 148.95, 5
2026/10/03 11:18:35.157, 20118, 34, 2655, 148.95, 5
2026/10/03 11:18:35.207, 20118, 34, 2655, 148.95, 5
2026/10/03 11:18:35.257, 20118, 34, 2655, 148.95, 5
2026/10/03 11:18:35.308, 20118, 34, 2655, 148.95, 5
2026/10/03 11:18:35.358, 20118, 34, 2677, 176.59, 5
2026/10/03 11:18:35.408, 20118, 34, 2677, 176.59, 5
2026/10/03 11:18:35.458, 20118, 34, 2677, 176.59, 5
2026/10/03 11:18:35.509, 20118, 34, 2677, 176.59, 5
2026/10/03 11:18:35.559, 20118, 34, 2677, 176.59, 5
2026/10/03 11:18:35.609, 20118, 34, 2677, 176.59, 5
2026/10/03 11:18:35.659, 20118, 34, 2677, 176.59, 5
2026/10/03 11:18:35.710, 20118, 34, 2677, 176.59, 5
2026/10/03 11:18:35.760, 20118, 34, 2677, 176.59, 5
2026/10/03 11:18:35.810, 20118, 34, 2677, 176.59, 5
2026/10/03 11:18:35.860, 20118, 33, 2670, 178.27, 5
2026/10/03 11:18:35.910, 20118, 33, 2670, 178.27, 5
2026/10/03 11:18:35.961, 20118, 33, 2670, 178.27, 5
2026/10/03 11:18:36.011, 20118, 33, 2670, 178.27, 5
2026/10/03 11:18:36.061, 20118, 33, 2670, 178.27, 5
2026/10/03 11:18:36.112, 20118, 33, 2670, 178.27, 5
2026/10/03 11:18:36.162, 20118, 33, 2670, 178.27, 5
2026/10/03 11:18:36.212, 20118, 33, 2670, 178.27, 5
2026/10/03 11:18:36.263, 20118, 33, 2670, 178.27, 5
2026/10/03 11:18:36.313, 20118, 33, 2670, 178.27, 5
2026/10/03 11:18:36.363, 20118, 33, 2647, 160.30, 5
2026/10/03 11:18:36.414, 20118, 33, 2647, 160.30, 5
2026/10/03 11:18:36.465, 20118, 33, 2647, 160.30, 5
2026/10/03 11:18:36.515, 20118, 33, 2647, 160.30, 5
2026/10/03 11:18:36.565, 20118, 33, 2647, 160.30, 5
2026/10/03 11:18:36.615, 20118, 33, 2647, 160.30, 5
2026/10/03 11:18:36.666, 20118, 33, 2647, 160.30, 5
2026/10/03 11:18:36.716, 20118, 33, 2647, 160.30, 5
2026/10/03 11:18:36.767, 20118, 33, 2647, 160.30, 5
2026/10/03 11:18:36.817, 20118, 33, 2647, 160.30, 5
2026/10/03 11:18:36.867, 20118, 35, 2647, 157.26, 5
2026/10/03 11:18:36.917, 20118, 35, 2647, 157.26, 5
2026/10/03 11:18:36.968, 20118, 35, 2647, 157.26, 5
2026/10/03 11:18:37.018, 20118, 35, 2647, 157.26, 5
2026/10/03 11:18:37.068, 20118, 35, 2647, 157.26, 5
2026/10/03 11:18:37.118, 20118, 35, 2647, 157.26, 5
2026/10/03 11:18:37.169, 20118, 35, 2647, 157.26, 5
2026/10/03 11:18:37.219, 20118, 35, 2647, 157.26, 5
2026/10/03 11:18:37.269, 20118, 35, 2647, 157.26, 5
2026/10/03 11:18:37.320, 20118, 35, 2647, 157.26, 5
2026/10/03 11:18:37.370, 20118, 35, 2692, 175.54, 5
2026/10/03 11:18:37.420, 20118, 35, 2692, 175.54, 5
2026/10/03 11:18:37.470, 20118, 35, 2692, 175.54, 5
2026/10/03 11:18:37.521, 20118, 35, 2692, 175.54, 5
2026/10/03 11:18:37.571, 20118, 35, 2692, 175.54, 5
2026/10/03 11:18:37.621, 20118, 35, 2692, 175.54, 5
2026/10/03 11:18:37.672, 20118, 35, 2692, 175.54, 5
2026/10/03 11:18:37.722, 20118, 35, 2692, 175.54, 5
2026/10/03 11:18:37.773, 20118, 35, 2692, 175.54, 5
2026/10/03 11:18:37.823, 20118, 35, 2692, 175.54, 5
2026/10/03 11:18:37.873, 20118, 36, 2655, 165.55, 5
2026/10/03 11:18:37.923, 20118, 36, 2655, 165.55, 5
2026/10/03 11:18:37.974, 20118, 36, 2655, 165.55, 5
2026/10/03 11:18:38.024, 20118, 36, 2655, 165.55, 5
2026/10/03 11:18:38.074, 20118, 36, 2655, 165.55, 5
2026/10/03 11:18:38.125, 20118, 36, 2655, 165.55, 5
2026/10/03 11:18:38.175, 20118, 36, 2655, 165.55, 5
2026/10/03 11:18:38.225, 20118, 36, 2655, 165.55, 5
2026/10/03 11:18:38.276, 20118, 36, 2655, 165.55, 5
2026/10/03 11:18:38.326, 20118, 36, 2655, 165.55, 5
2026/10/03 11:18:38.376, 20118, 36, 2647, 144.46, 5
2026/10/03 11:18:38.426, 20118, 36, 2647, 144.46, 5
2026/10/03 11:18:38.477, 20118, 36, 2647, 144.46, 5
2026/10/03 11:18:38.527, 20118, 36, 2647, 144.46, 5
2026/10/03 11:18:38.577, 20118, 36, 2647, 144.46, 5
2026/10/03 11:18:38.627, 20118, 36, 2647, 144.46, 5
2026/10/03 11:18:38.678, 20118, 36, 2647, 144.46, 5
2026/10/03 11:18:38.728, 20118, 36, 2647, 144.46, 5
2026/10/03 11:18:38.778, 20118, 36, 2647, 144.46, 5
2026/10/03 11:18:38.828, 20118, 36, 2647, 144.46, 5
2026/10/03 11:18:38.879, 20118, 26, 2670, 176.43, 5
2026/10/03 11:18:38.929, 20118, 26, 2670, 176.43, 5
2026/10/03 11:18:38.979, 20118, 26, 2670, 176.43, 5
2026/10/03 11:18:39.029, 20118, 26, 2670, 176.43, 5
2026/10/03 11:18:39.079, 20118, 26, 2670, 176.43, 5
2026/10/03 11:18:39.130, 20118, 26, 2670, 176.43, 5
2026/10/03 11:18:39.180, 20118, 26, 2670, 176.43, 5
2026/10/03 11:18:39.230, 20118, 26, 2670, 176.43, 5
2026/10/03 11:18:39.281, 20118, 26, 2670, 176.43, 5
2026/10/03 11:18:39.331, 20118, 26, 2670, 176.43, 5
2026/10/03 11:18:39.381, 20118, 26, 2640, 146.31, 5
2026/10/03 11:18:39.431, 20118, 26, 2640, 146.31, 5
2026/10/03 11:18:39.482, 20118, 26, 2640, 146.31, 5
2026/10/03 11:18:39.532, 20118, 26, 2640, 146.31, 5
2026/10/03 11:18:39.582, 20118, 26, 2640, 146.31, 5
2026/10/03 11:18:39.632, 20118, 26, 2640, 146.31, 5
2026/10/03 11:18:39.683, 20118, 26, 2640, 146.31, 5
2026/10/03 11:18:39.733, 20118, 26, 2640, 146.31, 5
2026/10/03 11:18:39.783, 20118, 26, 2640, 146.31, 5
2026/10/03 11:18:39.834, 20118, 26, 2640, 146.31, 5
2026/10/03 11:18:39.884, 20118, 30, 2670, 185.95, 5
2026/10/03 11:18:39.934, 20118, 30, 2670, 185.95, 5
2026/10/03 11:18:39.984, 20118, 30, 2670, 185.95, 5
2026/10/03 11:18:40.035, 20118, 30, 2670, 185.95, 5
2026/10/03 11:18:40.085, 20118, 30, 2670, 185.95, 5
2026/10/03 11:18:40.135, 20118, 30, 2670, 185.95, 5
2026/10/03 11:18:40.186, 20118, 30, 2670, 185.95, 5
2026/10/03 11:18:40.236, 20118, 30, 2670, 185.95, 5
2026/10/03 11:18:40.286, 20118, 30, 2670, 185.95, 5
2026/10/03 11:18:40.337, 20118, 30, 2670, 185.95, 5
2026/10/03 11:18:40.387, 20118, 30, 2655, 162.65, 5
2026/10/03 11:18:40.437, 20118, 30, 2655, 162.65, 5
2026/10/03 11:18:40.487, 20118, 30, 2655, 162.65, 5
2026/10/03 11:18:40.538, 20118, 30, 2655, 162.65, 5
2026/10/03 11:18:40.588, 20118, 30, 2655, 162.65, 5
2026/10/03 11:18:40.638, 20118, 30, 2655, 162.65, 5
2026/10/03 11:18:40.688, 20118, 30, 2655, 162.65, 5
2026/10/03 11:18:40.738, 20118, 30, 2655, 162.65, 5
2026/10/03 11:18:40.789, 20118, 30, 2655, 162.65, 5
2026/10/03 11:18:40.839, 20118, 30, 2655, 162.65, 5
2026/10/03 11:18:40.889, 20118, 31, 2670, 161.27, 5
2026/10/03 11:18:40.939, 20118, 31, 2670, 161.27, 5
2026/10/03 11:18:40.990, 20118, 31, 2670, 161.27, 5
2026/10/03 11:18:41.040, 20118, 31, 2670, 161.27, 5
2026/10/03 11:18:41.090, 20118, 31, 2670, 161.27, 5
2026/10/03 11:18:41.140, 20118, 31, 2670, 161.27, 5
2026/10/03 11:18:41.191, 20118, 31, 2670, 161.27, 5
2026/10/03 11:18:41.241, 20118, 31, 2670, 161.27, 5
2026/10/03 11:18:41.292, 20118, 31, 2670, 161.27, 5
2026/10/03 11:18:41.342, 20118, 31, 2670, 161.27, 5
2026/10/03 11:18:41.393, 20118, 31, 2670, 172.88, 5
2026/10/03 11:18:41.443, 20118, 31, 2670, 172.88, 5
2026/10/03 11:18:41.493, 20118, 31, 2670, 172.88, 5
2026/10/03 11:18:41.543, 20118, 31, 2670, 172.88, 5
2026/10/03 11:18:41.594, 20118, 31, 2670, 172.88, 5
2026/10/03 11:18:41.644, 20118, 31, 2670, 172.88, 5
2026/10/03 11:18:41.694, 20118, 31, 2670, 172.88, 5
2026/10/03 11:18:41.745, 20118, 31, 2670, 172.88, 5
2026/10/03 11:18:41.795, 20118, 31, 2670, 172.88, 5
2026/10/03 11:18:41.845, 20118, 31, 2670, 172.88, 5
2026/10/03 11:18:41.895, 20118, 37, 2647, 156.33, 5
2026/10/03 11:18:41.946, 20118, 37, 2647, 156.33, 5
2026/10/03 11:18:41.996, 20118, 37, 2647, 156.33, 5
2026/10/03 11:18:42.046, 20118, 37, 2647, 156.33, 5
2026/10/03 11:18:42.096, 20118, 37, 2647, 156.33, 5
2026/10/03 11:18:42.147, 20118, 37, 2647, 156.33, 5
2026/10/03 11:18:42.197, 20118, 37, 2647, 156.33, 5
2026/10/03 11:18:42.248, 20118, 37, 2647, 156.33, 5
2026/10/03 11:18:42.298, 20118, 37, 2647, 156.33, 5
2026/10/03 11:18:42.348, 20118, 37, 2647, 156.33, 5
2026/10/03 11:18:42.398, 20118, 37, 2655, 152.29, 5
2026/10/03 11:18:42.449, 20118, 37, 2655, 152.29, 5
2026/10/03 11:18:42.499, 20118, 37, 2655, 152.29, 5
2026/10/03 11:18:42.549, 20118, 37, 2655, 152.29, 5
2026/10/03 11:18:42.600, 20118, 37, 2655, 152.29, 5
2026/10/03 11:18:42.650, 20118, 37, 2655, 152.29, 5
2026/10/03 11:18:42.700, 20118, 37, 2655, 152.29, 5
2026/10/03 11:18:42.750, 20118, 37, 2655, 152.29, 5
2026/10/03 11:18:42.801, 20118, 37, 2655, 152.29, 5
2026/10/03 11:18:42.851, 20118, 28, 2677, 185.98, 5
2026/10/03 11:18:42.901, 20118, 28, 2677, 185.98, 5
2026/10/03 11:18:42.952, 20118, 28, 2677, 185.98, 5
2026/10/03 11:18:43.002, 20118, 28, 2677, 185.98, 5
2026/10/03 11:18:43.052, 20118, 28, 2677, 185.98, 5
2026/10/03 11:18:43.102, 20118, 28, 2677, 185.98, 5
2026/10/03 11:18:43.153, 20118, 28, 2677, 185.98, 5
2026/10/03 11:18:43.203, 20118, 28, 2677, 185.98, 5
2026/10/03 11:18:43.254, 20118, 28, 2677, 185.98, 5
2026/10/03 11:18:43.304, 20118, 28, 2677, 185.98, 5
2026/10/03 11:18:43.354, 20118, 28, 2655, 162.97, 5
2026/10/03 11:18:43.405, 20118, 28, 2655, 162.97, 5
2026/10/03 11:18:43.455, 20118, 28, 2655, 162.97, 5
2026/10/03 11:18:43.505, 20118, 28, 2655, 162.97, 5
2026/10/03 11:18:43.556, 20118, 28, 2655, 162.97, 5
2026/10/03 11:18:43.606, 20118, 28, 2655, 162.97, 5
2026/10/03 11:18:43.656, 20118, 28, 2655, 162.97, 5
2026/10/03 11:18:43.707, 20118, 28, 2655, 162.97, 5
2026/10/03 11:18:43.757, 20118, 28, 2655, 162.97, 5
2026/10/03 11:18:43.807, 20118, 28, 2655, 162.97, 5
2026/10/03 11:18:43.858, 20118, 33, 2655, 148.02, 5
2026/10/03 11:18:43.908, 20118, 33, 2655, 148.02, 5
2026/10/03 11:18:43.958, 20118, 33, 2655, 148.02, 5
2026/10/03 11:18:44.009, 20118, 33, 2655, 148.02, 5
2026/10/03 11:18:44.059, 20118, 33, 2655, 148.02, 5
2026/10/03 11:18:44.109, 20118, 33, 2655, 148.02, 5
2026/10/03 11:18:44.159, 20118, 33, 2655, 148.02, 5
2026/10/03 11:18:44.210, 20118, 33, 2655, 148.02, 5
2026/10/03 11:18:44.260, 20118, 33, 2655, 148.02, 5
2026/10/03 11:18:44.310, 20118, 33, 2655, 148.02, 5
2026/10/03 11:18:44.360, 20118, 33, 2677, 175.44, 5
2026/10/03 11:18:44.411, 20118, 33, 2677, 175.44, 5
2026/10/03 11:18:44.461, 20118, 33, 2677, 175.44, 5
2026/10/03 11:18:44.511, 20118, 33, 2677, 175.44, 5
2026/10/03 11:18:44.562, 20118, 33, 2677, 175.44, 5
2026/10/03 11:18:44.612, 20118, 33, 2677, 175.44, 5
2026/10/03 11:18:44.662, 20118, 33, 2677, 175.44, 5
2026/10/03 11:18:44.712, 20118, 33, 2677, 175.44, 5
2026/10/03 11:18:44.763, 20118, 33, 2677, 175.44, 5
2026/10/03 11:18:44.813, 20118, 33, 2677, 175.44, 5
2026/10/03 11:18:44.864, 20118, 32, 2662, 180.54, 5
2026/10/03 11:18:44.914, 20118, 32, 2662, 180.54, 5
2026/10/03 11:18:44.964, 20118, 32, 2662, 180.54, 5
2026/10/03 11:18:45.014, 20118, 32, 2662, 180.54, 5
2026/10/03 11:18:45.065, 20118, 32, 2662, 180.54, 5
2026/10/03 11:18:45.115, 20118, 32, 2662, 180.54, 5
2026/10/03 11:18:45.166, 20118, 32, 2662, 180.54, 5
2026/10/03 11:18:45.216, 20118, 32, 2662, 180.54, 5
2026/10/03 11:18:45.266, 20118, 32, 2662, 180.54, 5
2026/10/03 11:18:45.316, 20118, 32, 2662, 180.54, 5
2026/10/03 11:18:45.367, 20118, 32, 2655, 200.00, 5
2026/10/03 11:18:45.417, 20118, 32, 2655, 200.00, 5
2026/10/03 11:18:45.468, 20118, 32, 2655, 200.00, 5
2026/10/03 11:18:45.518, 20118, 32, 2655, 200.00, 5
2026/10/03 11:18:45.569, 20118, 32, 2655, 200.00, 5
2026/10/03 11:18:45.619, 20118, 32, 2655, 200.00, 5
2026/10/03 11:18:45.669, 20118, 32, 2655, 200.00, 5
2026/10/03 11:18:45.719, 20118, 32, 2655, 200.00, 5
2026/10/03 11:18:45.769, 20118, 32, 2655, 200.00, 5
2026/10/03 11:18:45.820, 20118, 32, 2655, 200.00, 5
2026/10/03 11:18:45.870, 20118, 35, 2662, 145.05, 5
2026/10/03 11:18:45.920, 20118, 35, 2662, 145.05, 5
2026/10/03 11:18:45.970, 20118, 35, 2662, 145.05, 5
2026/10/03 11:18:46.021, 20118, 35, 2662, 145.05, 5
2026/10/03 11:18:46.071, 20118, 35, 2662, 145.05, 5
2026/10/03 11:18:46.121, 20118, 35, 2662, 145.05, 5
2026/10/03 11:18:46.172, 20118, 35, 2662, 145.05, 5
2026/10/03 11:18:46.222, 20118, 35, 2662, 145.05, 5
2026/10/03 11:18:46.272, 20118, 35, 2662, 145.05, 5
2026/10/03 11:18:46.323, 20118, 35, 2662, 145.05, 5
2026/10/03 11:18:46.373, 20118, 35, 2662, 178.40, 5
2026/10/03 11:18:46.423, 20118, 35, 2662, 178.40, 5
2026/10/03 11:18:46.473, 20118, 35, 2662, 178.40, 5
2026/10/03 11:18:46.524, 20118, 35, 2662, 178.40, 5
2026/10/03 11:18:46.574, 20118, 35, 2662, 178.40, 5
2026/10/03 11:18:46.624, 20118, 35, 2662, 178.40, 5
2026/10/03 11:18:46.674, 20118, 35, 2662, 178.40, 5
2026/10/03 11:18:46.725, 20118, 35, 2662, 178.40, 5
2026/10/03 11:18:46.775, 20118, 35, 2662, 178.40, 5
2026/10/03 11:18:46.825, 20118, 35, 2662, 178.40, 5
2026/10/03 11:18:46.875, 20118, 36, 2647, 144.10, 5
2026/10/03 11:18:46.926, 20118, 36, 2647, 144.10, 5
2026/10/03 11:18:46.976, 20118, 36, 2647, 144.10, 5
2026/10/03 11:18:47.026, 20118, 36, 2647, 144.10, 5
2026/10/03 11:18:47.076, 20118, 36, 2647, 144.10, 5
2026/10/03 11:18:47.127, 20118, 36, 2647, 144.10, 5
2026/10/03 11:18:47.177, 20118, 36, 2647, 144.10, 5
2026/10/03 11:18:47.227, 20118, 36, 2647, 144.10, 5
2026/10/03 11:18:47.278, 20118, 36, 2647, 144.10, 5
2026/10/03 11:18:47.328, 20118, 36, 2647, 144.10, 5
2026/10/03 11:18:47.378, 20118, 36, 2662, 172.51, 5
2026/10/03 11:18:47.428, 20118, 36, 2662, 172.51, 5
2026/10/03 11:18:47.479, 20118, 36, 2662, 172.51, 5
2026/10/03 11:18:47.529, 20118, 36, 2662, 172.51, 5
2026/10/03 11:18:47.579, 20118, 36, 2662, 172.51, 5
2026/10/03 11:18:47.629, 20118, 36, 2662, 172.51, 5
2026/10/03 11:18:47.680, 20118, 36, 2662, 172.51, 5
2026/10/03 11:18:47.730, 20118, 36, 2662, 172.51, 5
2026/10/03 11:18:47.781, 20118, 36, 2662, 172.51, 5
2026/10/03 11:18:47.831, 20118, 36, 2662, 172.51, 5
2026/10/03 11:18:47.881, 20118, 31, 2655, 149.12, 5
2026/10/03 11:18:47.931, 20118, 31, 2655, 149.12, 5
2026/10/03 11:18:47.982, 20118, 31, 2655, 149.12, 5
2026/10/03 11:18:48.032, 20118, 31, 2655, 149.12, 5
2026/10/03 11:18:48.082, 20118, 31, 2655, 149.12, 5
2026/10/03 11:18:48.132, 20118, 31, 2655, 149.12, 5
2026/10/03 11:18:48.182, 20118, 31, 2655, 149.12, 5
2026/10/03 11:18:48.233, 20118, 31, 2655, 149.12, 5
2026/10/03 11:18:48.283, 20118, 31, 2655, 149.12, 5
2026/10/03 11:18:48.334, 20118, 31, 2655, 149.12, 5
2026/10/03 11:18:48.384, 20118, 31, 2677, 173.12, 5
2026/10/03 11:18:48.434, 20118, 31, 2677, 173.12, 5
2026/10/03 11:18:48.485, 20118, 31, 2677, 173.12, 5
2026/10/03 11:18:48.535, 20118, 31, 2677, 173.12, 5
2026/10/03 11:18:48.585, 20118, 31, 2677, 173.12, 5
2026/10/03 11:18:48.635, 20118, 31, 2677, 173.12, 5
2026/10/03 11:18:48.685, 20118, 31, 2677, 173.12, 5
2026/10/03 11:18:48.736, 20118, 31, 2677, 173.12, 5
2026/10/03 11:18:48.786, 20118, 31, 2677, 173.12, 5
2026/10/03 11:18:48.836, 20118, 31, 2677, 173.12, 5
2026/10/03 11:18:48.887, 20118, 37, 2655, 149.47, 5
2026/10/03 11:18:48.937, 20118, 37, 2655, 149.47, 5
2026/10/03 11:18:48.987, 20118, 37, 2655, 149.47, 5
2026/10/03 11:18:49.038, 20118, 37, 2655, 149.47, 5
2026/10/03 11:18:49.088, 20118, 37, 2655, 149.47, 5
2026/10/03 11:18:49.138, 20118, 37, 2655, 149.47, 5
2026/10/03 11:18:49.188, 20118, 37, 2655, 149.47, 5
2026/10/03 11:18:49.238, 20118, 37, 2655, 149.47, 5
2026/10/03 11:18:49.289, 20118, 37, 2655, 149.47, 5
2026/10/03 11:18:49.339, 20118, 37, 2655, 149.47, 5
2026/10/03 11:18:49.389, 20118, 37, 2670, 174.78, 5
2026/10/03 11:18:49.440, 20118, 37, 2670, 174.78, 5
2026/10/03 11:18:49.490, 20118, 37, 2670, 174.78, 5
2026/10/03 11:18:49.540, 20118, 37, 2670, 174.78, 5
2026/10/03 11:18:49.590, 20118, 37, 2670, 174.78, 5
2026/10/03 11:18:49.640, 20118, 37, 2670, 174.78, 5
2026/10/03 11:18:49.691, 20118, 37, 2670, 174.78, 5
2026/10/03 11:18:49.741, 20118, 37, 2670, 174.78, 5
2026/10/03 11:18:49.791, 20118, 37, 2670, 174.78, 5
2026/10/03 11:18:49.841, 20118, 37, 2670, 174.78, 5
2026/10/03 11:18:49.892, 20118, 33, 2655, 171.10, 5
2026/10/03 11:18:49.942, 20118, 33, 2655, 171.10, 5
2026/10/03 11:18:49.992, 20118, 33, 2655, 171.10, 5
2026/10/03 11:18:50.043, 20118, 33, 2655, 171.10, 5
2026/10/03 11:18:50.093, 20118, 33, 2655, 171.10, 5
2026/10/03 11:18:50.143, 20118, 33, 2655, 171.10, 5
2026/10/03 11:18:50.194, 20118, 33, 2655, 171.10, 5
2026/10/03 11:18:50.244, 20118, 33, 2655, 171.10, 5
2026/10/03 11:18:50.294, 20118, 33, 2655, 171.10, 5
2026/10/03 11:18:50.345, 20118, 33, 2655, 171.10, 5
2026/10/03 11:18:50.395, 20118, 33, 2662, 175.89, 5
2026/10/03 11:18:50.445, 20118, 33, 2662, 175.89, 5
2026/10/03 11:18:50.496, 20118, 33, 2662, 175.89, 5
2026/10/03 11:18:50.546, 20118, 33, 2662, 175.89, 5
2026/10/03 11:18:50.596, 20118, 33, 2662, 175.89, 5
2026/10/03 11:18:50.646, 20118, 33, 2662, 175.89, 5
2026/10/03 11:18:50.697, 20118, 33, 2662, 175.89, 5
2026/10/03 11:18:50.747, 20118, 33, 2662, 175.89, 5
2026/10/03 11:18:50.797, 20118, 33, 2662, 175.89, 5
2026/10/03 11:18:50.848, 20118, 33, 2662, 175.89, 5
2026/10/03 11:18:50.898, 20118, 29, 2662, 194.31, 5
2026/10/03 11:18:50.948, 20118, 29, 2662, 194.31, 5
2026/10/03 11:18:50.999, 20118, 29, 2662, 194.31, 5
2026/10/03 11:18:51.049, 20118, 29, 2662, 194.31, 5
2026/10/03 11:18:51.099, 20118, 29, 2662, 194.31, 5
2026/10/03 11:18:51.149, 20118, 29, 2662, 194.31, 5
2026/10/03 11:18:51.199, 20118, 29, 2662, 194.31, 5
2026/10/03 11:18:51.250, 20118, 29, 2662, 194.31, 5
2026/10/03 11:18:51.300, 20118, 29, 2662, 194.31, 5
2026/10/03 11:18:51.350, 20118, 29, 2685, 165.00, 5
2026/10/03 11:18:51.400, 20118, 29, 2685, 165.00, 5
2026/10/03 11:18:51.451, 20118, 29, 2685, 165.00, 5
2026/10/03 11:18:51.501, 20118, 29, 2685, 165.00, 5
2026/10/03 11:18:51.551, 20118, 29, 2685, 165.00, 5
2026/10/03 11:18:51.601, 20118, 29, 2685, 165.00, 5
2026/10/03 11:18:51.652, 20118, 29, 2685, 165.00, 5
2026/10/03 11:18:51.702, 20118, 29, 2685, 165.00, 5
2026/10/03 11:18:51.752, 20118, 29, 2685, 165.00, 5
2026/10/03 11:18:51.802, 20118, 29, 2685, 165.00, 5
2026/10/03 11:18:51.853, 20118, 30, 2677, 172.00, 5
2026/10/03 11:18:51.903, 20118, 30, 2677, 172.00, 5
2026/10/03 11:18:51.954, 20118, 30, 2677, 172.00, 5
2026/10/03 11:18:52.004, 20118, 30, 2677, 172.00, 5
2026/10/03 11:18:52.054, 20118, 30, 2677, 172.00, 5
2026/10/03 11:18:52.104, 20118, 30, 2677, 172.00, 5
2026/10/03 11:18:52.154, 20118, 30, 2677, 172.00, 5
2026/10/03 11:18:52.205, 20118, 30, 2677, 172.00, 5
2026/10/03 11:18:52.255, 20118, 30, 2677, 172.00, 5
2026/10/03 11:18:52.306, 20118, 30, 2677, 172.00, 5
2026/10/03 11:18:52.356, 20118, 30, 2670, 177.29, 5
2026/10/03 11:18:52.406, 20118, 30, 2670, 177.29, 5
2026/10/03 11:18:52.456, 20118, 30, 2670, 177.29, 5
2026/10/03 11:18:52.507, 20118, 30, 2670, 177.29, 5
2026/10/03 11:18:52.557, 20118, 30, 2670, 177.29, 5
2026/10/03 11:18:52.607, 20118, 30, 2670, 177.29, 5
2026/10/03 11:18:52.658, 20118, 30, 2670, 177.29, 5
2026/10/03 11:18:52.708, 20118, 30, 2670, 177.29, 5
2026/10/03 11:18:52.758, 20118, 30, 2670, 177.29, 5
2026/10/03 11:18:52.809, 20118, 30, 2670, 177.29, 5
2026/10/03 11:18:52.859, 20118, 38, 2647, 161.87, 5
2026/10/03 11:18:52.909, 20118, 38, 2647, 161.87, 5
2026/10/03 11:18:52.960, 20118, 38, 2647, 161.87, 5
2026/10/03 11:18:53.010, 20118, 38, 2647, 161.87, 5
2026/10/03 11:18:53.060, 20118, 38, 2647, 161.87, 5
2026/10/03 11:18:53.110, 20118, 38, 2647, 161.87, 5
2026/10/03 11:18:53.161, 20118, 38, 2647, 161.87, 5
2026/10/03 11:18:53.211, 20118, 38, 2647, 161.87, 5
2026/10/03 11:18:53.262, 20118, 38, 2647, 161.87, 5
2026/10/03 11:18:53.312, 20118, 38, 2647, 161.87, 5
2026/10/03 11:18:53.362, 20118, 38, 2640, 158.99, 5
2026/10/03 11:18:53.413, 20118, 38, 2640, 158.99, 5
2026/10/03 11:18:53.463, 20118, 38, 2640, 158.99, 5
2026/10/03 11:18:53.513, 20118, 38, 2640, 158.99, 5
2026/10/03 11:18:53.564, 20118, 38, 2640, 158.99, 5
2026/10/03 11:18:53.614, 20118, 38, 2640, 158.99, 5
2026/10/03 11:18:53.664, 20118, 38, 2640, 158.99, 5
2026/10/03 11:18:53.715, 20118, 38, 2640, 158.99, 5
2026/10/03 11:18:53.765, 20118, 38, 2640, 158.99, 5
2026/10/03 11:18:53.815, 20118, 38, 2640, 158.99, 5
2026/10/03 11:18:53.866, 20118, 32, 2677, 167.90, 5
2026/10/03 11:18:53.916, 20118, 32, 2677, 167.90, 5
2026/10/03 11:18:53.966, 20118, 32, 2677, 167.90, 5
2026/10/03 11:18:54.017, 20118, 32, 2677, 167.90, 5
2026/10/03 11:18:54.067, 20118, 32, 2677, 167.90, 5
2026/10/03 11:18:54.117, 20118, 32, 2677, 167.90, 5
2026/10/03 11:18:54.168, 20118, 32, 2677, 167.90, 5
2026/10/03 11:18:54.218, 20118, 32, 2677, 167.90, 5
2026/10/03 11:18:54.268, 20118, 32, 2677, 167.90, 5
2026/10/03 11:18:54.318, 20118, 32, 2677, 167.90, 5
2026/10/03 11:18:54.369, 20118, 32, 2662, 167.22, 5
2026/10/03 11:18:54.419, 20118, 32, 2662, 167.22, 5
2026/10/03 11:18:54.469, 20118, 32, 2662, 167.22, 5
2026/10/03 11:18:54.519, 20118, 32, 2662, 167.22, 5
2026/10/03 11:18:54.570, 20118, 32, 2662, 167.22, 5
2026/10/03 11:18:54.620, 20118, 32, 2662, 167.22, 5
2026/10/03 11:18:54.671, 20118, 32, 2662, 167.22, 5
2026/10/03 11:18:54.721, 20118, 32, 2662, 167.22, 5
2026/10/03 11:18:54.771, 20118, 32, 2662, 167.22, 5
2026/10/03 11:18:54.821, 20118, 32, 2662, 167.22, 5
2026/10/03 11:18:54.871, 20118, 30, 2670, 171.64, 5
2026/10/03 11:18:54.922, 20118, 30, 2670, 171.64, 5
2026/10/03 11:18:54.972, 20118, 30, 2670, 171.64, 5
2026/10/03 11:18:55.022, 20118, 30, 2670, 171.64, 5
2026/10/03 11:18:55.072, 20118, 30, 2670, 171.64, 5
2026/10/03 11:18:55.122, 20118, 30, 2670, 171.64, 5
2026/10/03 11:18:55.173, 20118, 30, 2670, 171.64, 5
2026/10/03 11:18:55.224, 20118, 30, 2670, 171.64, 5
2026/10/03 11:18:55.274, 20118, 30, 2670, 171.64, 5
2026/10/03 11:18:55.324, 20118, 30, 2670, 171.64, 5
2026/10/03 11:18:55.374, 20118, 30, 2670, 178.51, 5
2026/10/03 11:18:55.425, 20118, 30, 2670, 178.51, 5
2026/10/03 11:18:55.475, 20118, 30, 2670, 178.51, 5
2026/10/03 11:18:55.526, 20118, 30, 2670, 178.51, 5
2026/10/03 11:18:55.576, 20118, 30, 2670, 178.51, 5
2026/10/03 11:18:55.626, 20118, 30, 2670, 178.51, 5
2026/10/03 11:18:55.677, 20118, 30, 2670, 178.51, 5
2026/10/03 11:18:55.727, 20118, 30, 2670, 178.51, 5
2026/10/03 11:18:55.777, 20118, 30, 2670, 178.51, 5
2026/10/03 11:18:55.827, 20118, 30, 2670, 178.51, 5
2026/10/03 11:18:55.878, 20118, 37, 2647, 157.65, 5
2026/10/03 11:18:55.928, 20118, 37, 2647, 157.65, 5
2026/10/03 11:18:55.978, 20118, 37, 2647, 157.65, 5
2026/10/03 11:18:56.029, 20118, 37, 2647, 157.65, 5
2026/10/03 11:18:56.079, 20118, 37, 2647, 157.65, 5
2026/10/03 11:18:56.129, 20118, 37, 2647, 157.65, 5
2026/10/03 11:18:56.180, 20118, 37, 2647, 157.65, 5
2026/10/03 11:18:56.230, 20118, 37, 2647, 157.65, 5
2026/10/03 11:18:56.281, 20118, 37, 2647, 157.65, 5
2026/10/03 11:18:56.331, 20118, 37, 2647, 157.65, 5
2026/10/03 11:18:56.381, 20118, 37, 2655, 149.28, 5
2026/10/03 11:18:56.431, 20118, 37, 2655, 149.28, 5
2026/10/03 11:18:56.482, 20118, 37, 2655, 149.28, 5
2026/10/03 11:18:56.532, 20118, 37, 2655, 149.28, 5
2026/10/03 11:18:56.582, 20118, 37, 2655, 149.28, 5
2026/10/03 11:18:56.633, 20118, 37, 2655, 149.28, 5
2026/10/03 11:18:56.683, 20118, 37, 2655, 149.28, 5
2026/10/03 11:18:56.733, 20118, 37, 2655, 149.28, 5
2026/10/03 11:18:56.783, 20118, 37, 2655, 149.28, 5
2026/10/03 11:18:56.834, 20118, 37, 2655, 149.28, 5
2026/10/03 11:18:56.884, 20118, 35, 2685, 171.70, 5
2026/10/03 11:18:56.934, 20118, 35, 2685, 171.70, 5
2026/10/03 11:18:56.984, 20118, 35, 2685, 171.70, 5
2026/10/03 11:18:57.035, 20118, 35, 2685, 171.70, 5
2026/10/03 11:18:57.085, 20118, 35, 2685, 171.70, 5
2026/10/03 11:18:57.135, 20118, 35, 2685, 171.70, 5
2026/10/03 11:18:57.186, 20118, 35, 2685, 171.70, 5
2026/10/03 11:18:57.236, 20118, 35, 2685, 171.70, 5
2026/10/03 11:18:57.286, 20118, 35, 2685, 171.70, 5
2026/10/03 11:18:57.337, 20118, 35, 2685, 171.70, 5
2026/10/03 11:18:57.387, 20118, 35, 2640, 156.71, 5
2026/10/03 11:18:57.437, 20118, 35, 2640, 156.71, 5
2026/10/03 11:18:57.488, 20118, 35, 2640, 156.71, 5
2026/10/03 11:18:57.538, 20118, 35, 2640, 156.71, 5
2026/10/03 11:18:57.588, 20118, 35, 2640, 156.71, 5
2026/10/03 11:18:57.638, 20118, 35, 2640, 156.71, 5
2026/10/03 11:18:57.689, 20118, 35, 2640, 156.71, 5
2026/10/03 11:18:57.739, 20118, 35, 2640, 156.71, 5
2026/10/03 11:18:57.789, 20118, 35, 2640, 156.71, 5
2026/10/03 11:18:57.839, 20118, 35, 2640, 156.71, 5
2026/10/03 11:18:57.890, 20118, 36, 2640, 154.68, 5
2026/10/03 11:18:57.940, 20118, 36, 2640, 154.68, 5
2026/10/03 11:18:57.990, 20118, 36, 2640, 154.68, 5
2026/10/03 11:18:58.041, 20118, 36, 2640, 154.68, 5
2026/10/03 11:18:58.091, 20118, 36, 2640, 154.68, 5
2026/10/03 11:18:58.141, 20118, 36, 2640, 154.68, 5
2026/10/03 11:18:58.192, 20118, 36, 2640, 154.68, 5
2026/10/03 11:18:58.242, 20118, 36, 2640, 154.68, 5
2026/10/03 11:18:58.292, 20118, 36, 2640, 154.68, 5
2026/10/03 11:18:58.342, 20118, 36, 2640, 154.68, 5
2026/10/03 11:18:58.393, 20118, 36, 2647, 145.80, 5
2026/10/03 11:18:58.443, 20118, 36, 2647, 145.80, 5
2026/10/03 11:18:58.493, 20118, 36, 2647, 145.80, 5
2026/10/03 11:18:58.544, 20118, 36, 2647, 145.80, 5
2026/10/03 11:18:58.594, 20118, 36, 2647, 145.80, 5
2026/10/03 11:18:58.644, 20118, 36, 2647, 145.80, 5
2026/10/03 11:18:58.695, 20118, 36, 2647, 145.80, 5
2026/10/03 11:18:58.745, 20118, 36, 2647, 145.80, 5
2026/10/03 11:18:58.795, 20118, 36, 2647, 145.80, 5
2026/10/03 11:18:58.845, 20118, 36, 2647, 145.80, 5
2026/10/03 11:18:58.895, 20118, 30, 2655, 148.13, 5
2026/10/03 11:18:58.946, 20118, 30, 2655, 148.13, 5
2026/10/03 11:18:58.996, 20118, 30, 2655, 148.13, 5
2026/10/03 11:18:59.047, 20118, 30, 2655, 148.13, 5
2026/10/03 11:18:59.097, 20118, 30, 2655, 148.13, 5
2026/10/03 11:18:59.147, 20118, 30, 2655, 148.13, 5
2026/10/03 11:18:59.197, 20118, 30, 2655, 148.13, 5
2026/10/03 11:18:59.248, 20118, 30, 2655, 148.13, 5
2026/10/03 11:18:59.298, 20118, 30, 2655, 148.13, 5
2026/10/03 11:18:59.348, 20118, 30, 2655, 148.13, 5
2026/10/03 11:18:59.398, 20118, 30, 2700, 171.77, 5
2026/10/03 11:18:59.449, 20118, 30, 2700, 171.77, 5
2026/10/03 11:18:59.499, 20118, 30, 2700, 171.77, 5
2026/10/03 11:18:59.549, 20118, 30, 2700, 171.77, 5
2026/10/03 11:18:59.600, 20118, 30, 2700, 171.77, 5
2026/10/03 11:18:59.650, 20118, 30, 2700, 171.77, 5
2026/10/03 11:18:59.700, 20118, 30, 2700, 171.77, 5
2026/10/03 11:18:59.750, 20118, 30, 2700, 171.77, 5
2026/10/03 11:18:59.801, 20118, 30, 2700, 171.77, 5
2026/10/03 11:18:59.851, 20118, 38, 2677, 170.43, 5
2026/10/03 11:18:59.901, 20118, 38, 2677, 170.43, 5
2026/10/03 11:18:59.951, 20118, 38, 2677, 170.43, 5
2026/10/03 11:19:00.002, 20118, 38, 2677, 170.43, 5
2026/10/03 11:19:00.052, 20118, 38, 2677, 170.43, 5
2026/10/03 11:19:00.102, 20118, 38, 2677, 170.43, 5
2026/10/03 11:19:00.152, 20118, 38, 2677, 170.43, 5
2026/10/03 11:19:00.203, 20118, 38, 2677, 170.43, 5
2026/10/03 11:19:00.253, 20118, 38, 2677, 170.43, 5
2026/10/03 11:19:00.303, 20118, 38, 2677, 170.43, 5
2026/10/03 11:19:00.353, 20118, 38, 2662, 152.63, 5
2026/10/03 11:19:00.404, 20118, 38, 2662, 152.63, 5
2026/10/03 11:19:00.454, 20118, 38, 2662, 152.63, 5
2026/10/03 11:19:00.504, 20118, 38, 2662, 152.63, 5
2026/10/03 11:19:00.555, 20118, 38, 2662, 152.63, 5
2026/10/03 11:19:00.605, 20118, 38, 2662, 152.63, 5
2026/10/03 11:19:00.655, 20118, 38, 2662, 152.63, 5
2026/10/03 11:19:00.705, 20118, 38, 2662, 152.63, 5
2026/10/03 11:19:00.756, 20118, 38, 2662, 152.63, 5
2026/10/03 11:19:00.806, 20118, 38, 2662, 152.63, 5
2026/10/03 11:19:00.856, 20118, 31, 2685, 179.62, 5
2026/10/03 11:19:00.906, 20118, 31, 2685, 179.62, 5
2026/10/03 11:19:00.957, 20118, 31, 2685, 179.62, 5
2026/10/03 11:19:01.007, 20118, 31, 2685, 179.62, 5
2026/10/03 11:19:01.057, 20118, 31, 2685, 179.62, 5
2026/10/03 11:19:01.108, 20118, 31, 2685, 179.62, 5
2026/10/03 11:19:01.158, 20118, 31, 2685, 179.62, 5
2026/10/03 11:19:01.208, 20118, 31, 2685, 179.62, 5
2026/10/03 11:19:01.258, 20118, 31, 2685, 179.62, 5
2026/10/03 11:19:01.308, 20118, 31, 2685, 179.62, 5
2026/10/03 11:19:01.359, 20118, 31, 2655, 154.61, 5
2026/10/03 11:19:01.409, 20118, 31, 2655, 154.61, 5
2026/10/03 11:19:01.459, 20118, 31, 2655, 154.61, 5
2026/10/03 11:19:01.509, 20118, 31, 2655, 154.61, 5
2026/10/03 11:19:01.560, 20118, 31, 2655, 154.61, 5
2026/10/03 11:19:01.610, 20118, 31, 2655, 154.61, 5
2026/10/03 11:19:01.660, 20118, 31, 2655, 154.61, 5
2026/10/03 11:19:01.711, 20118, 31, 2655, 154.61, 5
2026/10/03 11:19:01.761, 20118, 31, 2655, 154.61, 5
2026/10/03 11:19:01.811, 20118, 31, 2655, 154.61, 5
2026/10/03 11:19:01.861, 20118, 31, 2670, 164.70, 5
2026/10/03 11:19:01.912, 20118, 31, 2670, 164.70, 5
2026/10/03 11:19:01.962, 20118, 31, 2670, 164.70, 5
2026/10/03 11:19:02.012, 20118, 31, 2670, 164.70, 5
2026/10/03 11:19:02.062, 20118, 31, 2670, 164.70, 5
2026/10/03 11:19:02.113, 20118, 31, 2670, 164.70, 5
2026/10/03 11:19:02.163, 20118, 31, 2670, 164.70, 5
2026/10/03 11:19:02.213, 20118, 31, 2670, 164.70, 5
2026/10/03 11:19:02.264, 20118, 31, 2670, 164.70, 5
2026/10/03 11:19:02.314, 20118, 31, 2670, 164.70, 5
2026/10/03 11:19:02.364, 20118, 31, 2655, 159.66, 5
2026/10/03 11:19:02.415, 20118, 31, 2655, 159.66, 5
2026/10/03 11:19:02.465, 20118, 31, 2655, 159.66, 5
2026/10/03 11:19:02.515, 20118, 31, 2655, 159.66, 5
2026/10/03 11:19:02.565, 20118, 31, 2655, 159.66, 5
2026/10/03 11:19:02.616, 20118, 31, 2655, 159.66, 5
2026/10/03 11:19:02.666, 20118, 31, 2655, 159.66, 5
2026/10/03 11:19:02.716, 20118, 31, 2655, 159.66, 5
2026/10/03 11:19:02.767, 20118, 31, 2655, 159.66, 5
2026/10/03 11:19:02.817, 20118, 31, 2655, 159.66, 5
2026/10/03 11:19:02.867, 20118, 29, 2670, 178.91, 5
2026/10/03 11:19:02.917, 20118, 29, 2670, 178.91, 5
2026/10/03 11:19:02.968, 20118, 29, 2670, 178.91, 5
2026/10/03 11:19:03.018, 20118, 29, 2670, 178.91, 5
2026/10/03 11:19:03.068, 20118, 29, 2670, 178.91, 5
2026/10/03 11:19:03.118, 20118, 29, 2670, 178.91, 5
2026/10/03 11:19:03.168, 20118, 29, 2670, 178.91, 5
2026/10/03 11:19:03.219, 20118, 29, 2670, 178.91, 5
2026/10/03 11:19:03.269, 20118, 29, 2670, 178.91, 5
2026/10/03 11:19:03.319, 20118, 29, 2670, 178.91, 5
2026/10/03 11:19:03.370, 20118, 29, 2655, 170.62, 5
2026/10/03 11:19:03.420, 20118, 29, 2655, 170.62, 5
2026/10/03 11:19:03.470, 20118, 29, 2655, 170.62, 5
2026/10/03 11:19:03.520, 20118, 29, 2655, 170.62, 5
2026/10/03 11:19:03.571, 20118, 29, 2655, 170.62, 5
2026/10/03 11:19:03.621, 20118, 29, 2655, 170.62, 5
2026/10/03 11:19:03.671, 20118, 29, 2655, 170.62, 5
2026/10/03 11:19:03.722, 20118, 29, 2655, 170.62, 5
2026/10/03 11:19:03.772, 20118, 29, 2655, 170.62, 5
2026/10/03 11:19:03.823, 20118, 29, 2655, 170.62, 5
2026/10/03 11:19:03.873, 20118, 35, 2647, 147.63, 5
2026/10/03 11:19:03.924, 20118, 35, 2647, 147.63, 5
2026/10/03 11:19:03.974, 20118, 35, 2647, 147.63, 5
2026/10/03 11:19:04.024, 20118, 35, 2647, 147.63, 5
2026/10/03 11:19:04.074, 20118, 35, 2647, 147.63, 5
2026/10/03 11:19:04.125, 20118, 35, 2647, 147.63, 5
2026/10/03 11:19:04.175, 20118, 35, 2647, 147.63, 5
2026/10/03 11:19:04.225, 20118, 35, 2647, 147.63, 5
2026/10/03 11:19:04.276, 20118, 35, 2647, 147.63, 5
2026/10/03 11:19:04.326, 20118, 35, 2647, 147.63, 5
2026/10/03 11:19:04.376, 20118, 35, 2677, 180.05, 5
2026/10/03 11:19:04.427, 20118, 35, 2677, 180.05, 5
2026/10/03 11:19:04.477, 20118, 35, 2677, 180.05, 5
2026/10/03 11:19:04.527, 20118, 35, 2677, 180.05, 5
2026/10/03 11:19:04.578, 20118, 35, 2677, 180.05, 5
2026/10/03 11:19:04.628, 20118, 35, 2677, 180.05, 5
2026/10/03 11:19:04.678, 20118, 35, 2677, 180.05, 5
2026/10/03 11:19:04.728, 20118, 35, 2677, 180.05, 5
2026/10/03 11:19:04.779, 20118, 35, 2677, 180.05, 5
2026/10/03 11:19:04.829, 20118, 35, 2677, 180.05, 5
2026/10/03 11:19:04.879, 20118, 43, 2662, 155.67, 5
2026/10/03 11:19:04.929, 20118, 43, 2662, 155.67, 5
2026/10/03 11:19:04.980, 20118, 43, 2662, 155.67, 5
2026/10/03 11:19:05.030, 20118, 43, 2662, 155.67, 5
2026/10/03 11:19:05.080, 20118, 43, 2662, 155.67, 5
2026/10/03 11:19:05.131, 20118, 43, 2662, 155.67, 5
2026/10/03 11:19:05.181, 20118, 43, 2662, 155.67, 5
2026/10/03 11:19:05.231, 20118, 43, 2662, 155.67, 5
2026/10/03 11:19:05.281, 20118, 43, 2662, 155.67, 5
2026/10/03 11:19:05.332, 20118, 43, 2662, 155.67, 5
2026/10/03 11:19:05.382, 20118, 43, 2677, 180.42, 5
2026/10/03 11:19:05.432, 20118, 43, 2677, 180.42, 5
2026/10/03 11:19:05.482, 20118, 43, 2677, 180.42, 5
2026/10/03 11:19:05.532, 20118, 43, 2677, 180.42, 5
2026/10/03 11:19:05.583, 20118, 43, 2677, 180.42, 5
2026/10/03 11:19:05.633, 20118, 43, 2677, 180.42, 5
2026/10/03 11:19:05.683, 20118, 43, 2677, 180.42, 5
2026/10/03 11:19:05.734, 20118, 43, 2677, 180.42, 5
2026/10/03 11:19:05.784, 20118, 43, 2677, 180.42, 5
2026/10/03 11:19:05.834, 20118, 43, 2677, 180.42, 5
2026/10/03 11:19:05.885, 20118, 36, 2647, 163.64, 5
2026/10/03 11:19:05.935, 20118, 36, 2647, 163.64, 5
2026/10/03 11:19:05.986, 20118, 36, 2647, 163.64, 5
2026/10/03 11:19:06.036, 20118, 36, 2647, 163.64, 5
2026/10/03 11:19:06.086, 20118, 36, 2647, 163.64, 5
2026/10/03 11:19:06.137, 20118, 36, 2647, 163.64, 5
2026/10/03 11:19:06.187, 20118, 36, 2647, 163.64, 5
2026/10/03 11:19:06.237, 20118, 36, 2647, 163.64, 5
2026/10/03 11:19:06.287, 20118, 36, 2647, 163.64, 5
2026/10/03 11:19:06.338, 20118, 36, 2647, 163.64, 5
2026/10/03 11:19:06.388, 20118, 36, 2647, 146.00, 5
2026/10/03 11:19:06.438, 20118, 36, 2647, 146.00, 5
2026/10/03 11:19:06.488, 20118, 36, 2647, 146.00, 5
2026/10/03 11:19:06.539, 20118, 36, 2647, 146.00, 5
2026/10/03 11:19:06.589, 20118, 36, 2647, 146.00, 5
2026/10/03 11:19:06.639, 20118, 36, 2647, 146.00, 5
2026/10/03 11:19:06.690, 20118, 36, 2647, 146.00, 5
2026/10/03 11:19:06.740, 20118, 36, 2647, 146.00, 5
2026/10/03 11:19:06.790, 20118, 36, 2647, 146.00, 5
2026/10/03 11:19:06.840, 20118, 36, 2647, 146.00, 5
2026/10/03 11:19:06.891, 20118, 27, 2670, 177.84, 5
2026/10/03 11:19:06.941, 20118, 27, 2670, 177.84, 5
2026/10/03 11:19:06.991, 20118, 27, 2670, 177.84, 5
2026/10/03 11:19:07.041, 20118, 27, 2670, 177.84, 5
2026/10/03 11:19:07.091, 20118, 27, 2670, 177.84, 5
2026/10/03 11:19:07.142, 20118, 27, 2670, 177.84, 5
2026/10/03 11:19:07.192, 20118, 27, 2670, 177.84, 5
2026/10/03 11:19:07.242, 20118, 27, 2670, 177.84, 5
2026/10/03 11:19:07.292, 20118, 27, 2670, 177.84, 5
2026/10/03 11:19:07.343, 20118, 27, 2670, 177.84, 5
2026/10/03 11:19:07.393, 20118, 27, 2632, 164.21, 5
2026/10/03 11:19:07.443, 20118, 27, 2632, 164.21, 5
2026/10/03 11:19:07.493, 20118, 27, 2632, 164.21, 5
2026/10/03 11:19:07.543, 20118, 27, 2632, 164.21, 5
2026/10/03 11:19:07.594, 20118, 27, 2632, 164.21, 5
2026/10/03 11:19:07.645, 20118, 27, 2632, 164.21, 5
2026/10/03 11:19:07.695, 20118, 27, 2632, 164.21, 5
2026/10/03 11:19:07.745, 20118, 27, 2632, 164.21, 5
2026/10/03 11:19:07.795, 20118, 27, 2632, 164.21, 5
2026/10/03 11:19:07.846, 20118, 27, 2632, 164.21, 5
2026/10/03 11:19:07.896, 20118, 29, 2662, 168.08, 5
2026/10/03 11:19:07.947, 20118, 29, 2662, 168.08, 5
2026/10/03 11:19:07.997, 20118, 29, 2662, 168.08, 5
2026/10/03 11:19:08.047, 20118, 29, 2662, 168.08, 5
2026/10/03 11:19:08.097, 20118, 29, 2662, 168.08, 5
2026/10/03 11:19:08.147, 20118, 29, 2662, 168.08, 5
2026/10/03 11:19:08.198, 20118, 29, 2662, 168.08, 5
2026/10/03 11:19:08.248, 20118, 29, 2662, 168.08, 5
2026/10/03 11:19:08.299, 20118, 29, 2662, 168.08, 5
2026/10/03 11:19:08.349, 20118, 29, 2662, 168.08, 5
2026/10/03 11:19:08.399, 20118, 29, 2662, 173.79, 5
2026/10/03 11:19:08.450, 20118, 29, 2662, 173.79, 5
2026/10/03 11:19:08.500, 20118, 29, 2662, 173.79, 5
2026/10/03 11:19:08.550, 20118, 29, 2662, 173.79, 5
2026/10/03 11:19:08.600, 20118, 29, 2662, 173.79, 5
2026/10/03 11:19:08.650, 20118, 29, 2662, 173.79, 5
2026/10/03 11:19:08.701, 20118, 29, 2662, 173.79, 5
2026/10/03 11:19:08.751, 20118, 29, 2662, 173.79, 5
2026/10/03 11:19:08.801, 20118, 29, 2662, 173.79, 5
2026/10/03 11:19:08.852, 20118, 36, 2640, 159.05, 5
2026/10/03 11:19:08.902, 20118, 36, 2640, 159.05, 5
2026/10/03 11:19:08.952, 20118, 36, 2640, 159.05, 5
2026/10/03 11:19:09.003, 20118, 36, 2640, 159.05, 5
2026/10/03 11:19:09.053, 20118, 36, 2640, 159.05, 5
2026/10/03 11:19:09.104, 20118, 36, 2640, 159.05, 5
2026/10/03 11:19:09.154, 20118, 36, 2640, 159.05, 5
2026/10/03 11:19:09.204, 20118, 36, 2640, 159.05, 5
2026/10/03 11:19:09.254, 20118, 36, 2640, 159.05, 5
2026/10/03 11:19:09.305, 20118, 36, 2640, 159.05, 5
2026/10/03 11:19:09.355, 20118, 36, 2640, 153.83, 5
2026/10/03 11:19:09.405, 20118, 36, 2640, 153.83, 5
2026/10/03 11:19:09.456, 20118, 36, 2640, 153.83, 5
2026/10/03 11:19:09.506, 20118, 36, 2640, 153.83, 5
2026/10/03 11:19:09.556, 20118, 36, 2640, 153.83, 5
2026/10/03 11:19:09.607, 20118, 36, 2640, 153.83, 5
2026/10/03 11:19:09.657, 20118, 36, 2640, 153.83, 5
2026/10/03 11:19:09.707, 20118, 36, 2640, 153.83, 5
2026/10/03 11:19:09.758, 20118, 36, 2640, 153.83, 5
2026/10/03 11:19:09.808, 20118, 36, 2640, 153.83, 5
2026/10/03 11:19:09.858, 20118, 31, 2655, 147.35, 5
2026/10/03 11:19:09.909, 20118, 31, 2655, 147.35, 5
2026/10/03 11:19:09.959, 20118, 31, 2655, 147.35, 5
2026/10/03 11:19:10.009, 20118, 31, 2655, 147.35, 5
2026/10/03 11:19:10.060, 20118, 31, 2655, 147.35, 5
2026/10/03 11:19:10.110, 20118, 31, 2655, 147.35, 5
2026/10/03 11:19:10.160, 20118, 31, 2655, 147.35, 5
2026/10/03 11:19:10.210, 20118, 31, 2655, 147.35, 5
2026/10/03 11:19:10.260, 20118, 31, 2655, 147.35, 5
2026/10/03 11:19:10.311, 20118, 31, 2655, 147.35, 5
2026/10/03 11:19:10.361, 20118, 31, 2670, 165.57, 5
2026/10/03 11:19:10.411, 20118, 31, 2670, 165.57, 5
2026/10/03 11:19:10.462, 20118, 31, 2670, 165.57, 5
2026/10/03 11:19:10.512, 20118, 31, 2670, 165.57, 5
2026/10/03 11:19:10.562, 20118, 31, 2670, 165.57, 5
2026/10/03 11:19:10.613, 20118, 31, 2670, 165.57, 5
2026/10/03 11:19:10.663, 20118, 31, 2670, 165.57, 5
2026/10/03 11:19:10.713, 20118, 31, 2670, 165.57, 5
2026/10/03 11:19:10.763, 20118, 31, 2670, 165.57, 5
2026/10/03 11:19:10.814, 20118, 31, 2670, 165.57, 5
2026/10/03 11:19:10.864, 20118, 38, 2655, 164.44, 5
2026/10/03 11:19:10.914, 20118, 38, 2655, 164.44, 5
2026/10/03 11:19:10.964, 20118, 38, 2655, 164.44, 5
2026/10/03 11:19:11.015, 20118, 38, 2655, 164.44, 5
2026/10/03 11:19:11.065, 20118, 38, 2655, 164.44, 5
2026/10/03 11:19:11.115, 20118, 38, 2655, 164.44, 5
2026/10/03 11:19:11.165, 20118, 38, 2655, 164.44, 5
2026/10/03 11:19:11.215, 20118, 38, 2655, 164.44, 5
2026/10/03 11:19:11.266, 20118, 38, 2655, 164.44, 5
2026/10/03 11:19:11.316, 20118, 38, 2655, 164.44, 5
2026/10/03 11:19:11.366, 20118, 38, 2670, 163.44, 5
2026/10/03 11:19:11.416, 20118, 38, 2670, 163.44, 5
2026/10/03 11:19:11.467, 20118, 38, 2670, 163.44, 5
2026/10/03 11:19:11.517, 20118, 38, 2670, 163.44, 5
2026/10/03 11:19:11.567, 20118, 38, 2670, 163.44, 5
2026/10/03 11:19:11.617, 20118, 38, 2670, 163.44, 5
2026/10/03 11:19:11.667, 20118, 38, 2670, 163.44, 5
2026/10/03 11:19:11.718, 20118, 38, 2670, 163.44, 5
2026/10/03 11:19:11.768, 20118, 38, 2670, 163.44, 5
2026/10/03 11:19:11.818, 20118, 38, 2670, 163.44, 5
2026/10/03 11:19:11.869, 20118, 38, 2655, 162.25, 5
2026/10/03 11:19:11.919, 20118, 38, 2655, 162.25, 5
2026/10/03 11:19:11.970, 20118, 38, 2655, 162.25, 5
2026/10/03 11:19:12.020, 20118, 38, 2655, 162.25, 5
2026/10/03 11:19:12.070, 20118, 38, 2655, 162.25, 5
2026/10/03 11:19:12.120, 20118, 38, 2655, 162.25, 5
2026/10/03 11:19:12.170, 20118, 38, 2655, 162.25, 5
2026/10/03 11:19:12.221, 20118, 38, 2655, 162.25, 5
2026/10/03 11:19:12.271, 20118, 38, 2655, 162.25, 5
2026/10/03 11:19:12.321, 20118, 38, 2655, 162.25, 5
2026/10/03 11:19:12.372, 20118, 38, 2662, 183.65, 5
2026/10/03 11:19:12.422, 20118, 38, 2662, 183.65, 5
2026/10/03 11:19:12.472, 20118, 38, 2662, 183.65, 5
2026/10/03 11:19:12.522, 20118, 38, 2662, 183.65, 5
2026/10/03 11:19:12.573, 20118, 38, 2662, 183.65, 5
2026/10/03 11:19:12.623, 20118, 38, 2662, 183.65, 5
2026/10/03 11:19:12.673, 20118, 38, 2662, 183.65, 5
2026/10/03 11:19:12.724, 20118, 38, 2662, 183.65, 5
2026/10/03 11:19:12.774, 20118, 38, 2662, 183.65, 5
2026/10/03 11:19:12.824, 20118, 38, 2662, 183.65, 5
2026/10/03 11:19:12.875, 20118, 34, 2640, 145.76, 5
2026/10/03 11:19:12.925, 20118, 34, 2640, 145.76, 5
2026/10/03 11:19:12.975, 20118, 34, 2640, 145.76, 5
2026/10/03 11:19:13.026, 20118, 34, 2640, 145.76, 5
2026/10/03 11:19:13.076, 20118, 34, 2640, 145.76, 5
2026/10/03 11:19:13.126, 20118, 34, 2640, 145.76, 5
2026/10/03 11:19:13.176, 20118, 34, 2640, 145.76, 5
2026/10/03 11:19:13.227, 20118, 34, 2640, 145.76, 5
2026/10/03 11:19:13.277, 20118, 34, 2640, 145.76, 5
2026/10/03 11:19:13.327, 20118, 34, 2640, 145.76, 5
2026/10/03 11:19:13.378, 20118, 34, 2647, 161.38, 5
2026/10/03 11:19:13.428, 20118, 34, 2647, 161.38, 5
2026/10/03 11:19:13.478, 20118, 34, 2647, 161.38, 5
2026/10/03 11:19:13.529, 20118, 34, 2647, 161.38, 5
2026/10/03 11:19:13.579, 20118, 34, 2647, 161.38, 5
2026/10/03 11:19:13.629, 20118, 34, 2647, 161.38, 5
2026/10/03 11:19:13.679, 20118, 34, 2647, 161.38, 5
2026/10/03 11:19:13.729, 20118, 34, 2647, 161.38, 5
2026/10/03 11:19:13.780, 20118, 34, 2647, 161.38, 5
2026/10/03 11:19:13.830, 20118, 34, 2647, 161.38, 5
2026/10/03 11:19:13.880, 20118, 28, 2662, 176.84, 5
2026/10/03 11:19:13.930, 20118, 28, 2662, 176.84, 5
2026/10/03 11:19:13.981, 20118, 28, 2662, 176.84, 5
2026/10/03 11:19:14.031, 20118, 28, 2662, 176.84, 5
2026/10/03 11:19:14.082, 20118, 28, 2662, 176.84, 5
2026/10/03 11:19:14.132, 20118, 28, 2662, 176.84, 5
2026/10/03 11:19:14.182, 20118, 28, 2662, 176.84, 5
2026/10/03 11:19:14.232, 20118, 28, 2662, 176.84, 5
2026/10/03 11:19:14.283, 20118, 28, 2662, 176.84, 5
2026/10/03 11:19:14.333, 20118, 28, 2662, 176.84, 5
2026/10/03 11:19:14.383, 20118, 28, 2647, 146.21, 5
2026/10/03 11:19:14.433, 20118, 28, 2647, 146.21, 5
2026/10/03 11:19:14.484, 20118, 28, 2647, 146.21, 5
2026/10/03 11:19:14.534, 20118, 28, 2647, 146.21, 5
2026/10/03 11:19:14.584, 20118, 28, 2647, 146.21, 5
2026/10/03 11:19:14.634, 20118, 28, 2647, 146.21, 5
2026/10/03 11:19:14.684, 20118, 28, 2647, 146.21, 5
2026/10/03 11:19:14.735, 20118, 28, 2647, 146.21, 5
2026/10/03 11:19:14.785, 20118, 28, 2647, 146.21, 5
2026/10/03 11:19:14.835, 20118, 28, 2647, 146.21, 5
2026/10/03 11:19:14.886, 20118, 30, 2670, 177.37, 5
2026/10/03 11:19:14.936, 20118, 30, 2670, 177.37, 5
2026/10/03 11:19:14.986, 20118, 30, 2670, 177.37, 5
2026/10/03 11:19:15.036, 20118, 30, 2670, 177.37, 5
2026/10/03 11:19:15.087, 20118, 30, 2670, 177.37, 5
2026/10/03 11:19:15.137, 20118, 30, 2670, 177.37, 5
2026/10/03 11:19:15.187, 20118, 30, 2670, 177.37, 5
2026/10/03 11:19:15.237, 20118, 30, 2670, 177.37, 5
2026/10/03 11:19:15.288, 20118, 30, 2670, 177.37, 5
2026/10/03 11:19:15.338, 20118, 30, 2670, 177.37, 5
2026/10/03 11:19:15.388, 20118, 30, 2647, 150.40, 5
2026/10/03 11:19:15.438, 20118, 30, 2647, 150.40, 5
2026/10/03 11:19:15.489, 20118, 30, 2647, 150.40, 5
2026/10/03 11:19:15.539, 20118, 30, 2647, 150.40, 5
2026/10/03 11:19:15.589, 20118, 30, 2647, 150.40, 5
2026/10/03 11:19:15.639, 20118, 30, 2647, 150.40, 5
2026/10/03 11:19:15.689, 20118, 30, 2647, 150.40, 5
2026/10/03 11:19:15.740, 20118, 30, 2647, 150.40, 5
2026/10/03 11:19:15.790, 20118, 30, 2647, 150.40, 5
2026/10/03 11:19:15.841, 20118, 30, 2647, 150.40, 5
2026/10/03 11:19:15.891, 20118, 32, 2647, 170.20, 5
2026/10/03 11:19:15.941, 20118, 32, 2647, 170.20, 5
2026/10/03 11:19:15.991, 20118, 32, 2647, 170.20, 5
2026/10/03 11:19:16.042, 20118, 32, 2647, 170.20, 5
2026/10/03 11:19:16.092, 20118, 32, 2647, 170.20, 5
2026/10/03 11:19:16.142, 20118, 32, 2647, 170.20, 5
2026/10/03 11:19:16.192, 20118, 32, 2647, 170.20, 5
2026/10/03 11:19:16.243, 20118, 32, 2647, 170.20, 5
2026/10/03 11:19:16.293, 20118, 32, 2647, 170.20, 5
2026/10/03 11:19:16.343, 20118, 32, 2647, 170.20, 5
2026/10/03 11:19:16.393, 20118, 32, 2662, 163.99, 5
2026/10/03 11:19:16.444, 20118, 32, 2662, 163.99, 5
2026/10/03 11:19:16.494, 20118, 32, 2662, 163.99, 5
2026/10/03 11:19:16.544, 20118, 32, 2662, 163.99, 5
2026/10/03 11:19:16.594, 20118, 32, 2662, 163.99, 5
2026/10/03 11:19:16.644, 20118, 32, 2662, 163.99, 5
2026/10/03 11:19:16.695, 20118, 32, 2662, 163.99, 5
2026/10/03 11:19:16.745, 20118, 32, 2662, 163.99, 5
2026/10/03 11:19:16.795, 20118, 32, 2662, 163.99, 5
2026/10/03 11:19:16.845, 20118, 32, 2662, 163.99, 5
2026/10/03 11:19:16.896, 20118, 36, 2647, 162.91, 5
2026/10/03 11:19:16.946, 20118, 36, 2647, 162.91, 5
2026/10/03 11:19:16.996, 20118, 36, 2647, 162.91, 5
2026/10/03 11:19:17.047, 20118, 36, 2647, 162.91, 5
2026/10/03 11:19:17.097, 20118, 36, 2647, 162.91, 5
2026/10/03 11:19:17.147, 20118, 36, 2647, 162.91, 5
2026/10/03 11:19:17.198, 20118, 36, 2647, 162.91, 5
2026/10/03 11:19:17.248, 20118, 36, 2647, 162.91, 5
2026/10/03 11:19:17.299, 20118, 36, 2647, 162.91, 5
2026/10/03 11:19:17.349, 20118, 36, 2647, 162.91, 5
2026/10/03 11:19:17.399, 20118, 36, 2647, 153.56, 5
2026/10/03 11:19:17.449, 20118, 36, 2647, 153.56, 5
2026/10/03 11:19:17.500, 20118, 36, 2647, 153.56, 5
2026/10/03 11:19:17.550, 20118, 36, 2647, 153.56, 5
2026/10/03 11:19:17.601, 20118, 36, 2647, 153.56, 5
2026/10/03 11:19:17.651, 20118, 36, 2647, 153.56, 5
2026/10/03 11:19:17.701, 20118, 36, 2647, 153.56, 5
2026/10/03 11:19:17.751, 20118, 36, 2647, 153.56, 5
2026/10/03 11:19:17.802, 20118, 36, 2647, 153.56, 5
2026/10/03 11:19:17.852, 20118, 36, 2647, 153.56, 5
2026/10/03 11:19:17.902, 20118, 34, 2647, 150.44, 5
2026/10/03 11:19:17.952, 20118, 34, 2647, 150.44, 5
2026/10/03 11:19:18.003, 20118, 34, 2647, 150.44, 5
2026/10/03 11:19:18.053, 20118, 34, 2647, 150.44, 5
2026/10/03 11:19:18.103, 20118, 34, 2647, 150.44, 5
2026/10/03 11:19:18.154, 20118, 34, 2647, 150.44, 5
2026/10/03 11:19:18.204, 20118, 34, 2647, 150.44, 5
2026/10/03 11:19:18.254, 20118, 34, 2647, 150.44, 5
2026/10/03 11:19:18.305, 20118, 34, 2647, 150.44, 5
2026/10/03 11:19:18.355, 20118, 34, 2670, 149.82, 5
2026/10/03 11:19:18.405, 20118, 34, 2670, 149.82, 5
2026/10/03 11:19:18.455, 20118, 34, 2670, 149.82, 5
2026/10/03 11:19:18.506, 20118, 34, 2670, 149.82, 5
2026/10/03 11:19:18.556, 20118, 34, 2670, 149.82, 5
2026/10/03 11:19:18.607, 20118, 34, 2670, 149.82, 5
2026/10/03 11:19:18.657, 20118, 34, 2670, 149.82, 5
2026/10/03 11:19:18.707, 20118, 34, 2670, 149.82, 5
2026/10/03 11:19:18.758, 20118, 34, 2670, 149.82, 5
2026/10/03 11:19:18.808, 20118, 34, 2670, 149.82, 5
2026/10/03 11:19:18.858, 20118, 32, 2662, 160.29, 5
2026/10/03 11:19:18.908, 20118, 32, 2662, 160.29, 5
2026/10/03 11:19:18.959, 20118, 32, 2662, 160.29, 5
2026/10/03 11:19:19.009, 20118, 32, 2662, 160.29, 5
2026/10/03 11:19:19.059, 20118, 32, 2662, 160.29, 5
2026/10/03 11:19:19.110, 20118, 32, 2662, 160.29, 5
2026/10/03 11:19:19.160, 20118, 32, 2662, 160.29, 5
2026/10/03 11:19:19.210, 20118, 32, 2662, 160.29, 5
2026/10/03 11:19:19.260, 20118, 32, 2662, 160.29, 5
2026/10/03 11:19:19.311, 20118, 32, 2662, 160.29, 5
2026/10/03 11:19:19.361, 20118, 32, 2662, 180.88, 5
2026/10/03 11:19:19.412, 20118, 32, 2662, 180.88, 5
2026/10/03 11:19:19.462, 20118, 32, 2662, 180.88, 5
2026/10/03 11:19:19.512, 20118, 32, 2662, 180.88, 5
2026/10/03 11:19:19.562, 20118, 32, 2662, 180.88, 5
2026/10/03 11:19:19.613, 20118, 32, 2662, 180.88, 5
2026/10/03 11:19:19.663, 20118, 32, 2662, 180.88, 5
2026/10/03 11:19:19.713, 20118, 32, 2662, 180.88, 5
2026/10/03 11:19:19.764, 20118, 32, 2662, 180.88, 5
2026/10/03 11:19:19.814, 20118, 32, 2662, 180.88, 5
2026/10/03 11:19:19.864, 20118, 36, 2632, 154.98, 5
2026/10/03 11:19:19.914, 20118, 36, 2632, 154.98, 5
2026/10/03 11:19:19.965, 20118, 36, 2632, 154.98, 5
2026/10/03 11:19:20.015, 20118, 36, 2632, 154.98, 5
2026/10/03 11:19:20.065, 20118, 36, 2632, 154.98, 5
2026/10/03 11:19:20.115, 20118, 36, 2632, 154.98, 5
2026/10/03 11:19:20.166, 20118, 36, 2632, 154.98, 5
2026/10/03 11:19:20.216, 20118, 36, 2632, 154.98, 5
2026/10/03 11:19:20.266, 20118, 36, 2632, 154.98, 5
2026/10/03 11:19:20.317, 20118, 36, 2632, 154.98, 5
2026/10/03 11:19:20.367, 20118, 36, 2647, 143.50, 5
2026/10/03 11:19:20.417, 20118, 36, 2647, 143.50, 5
2026/10/03 11:19:20.467, 20118, 36, 2647, 143.50, 5
2026/10/03 11:19:20.518, 20118, 36, 2647, 143.50, 5
2026/10/03 11:19:20.568, 20118, 36, 2647, 143.50, 5
2026/10/03 11:19:20.618, 20118, 36, 2647, 143.50, 5
2026/10/03 11:19:20.668, 20118, 36, 2647, 143.50, 5
2026/10/03 11:19:20.719, 20118, 36, 2647, 143.50, 5
2026/10/03 11:19:20.769, 20118, 36, 2647, 143.50, 5
2026/10/03 11:19:20.820, 20118, 36, 2647, 143.50, 5
2026/10/03 11:19:20.870, 20118, 28, 2670, 175.16, 5
2026/10/03 11:19:20.920, 20118, 28, 2670, 175.16, 5
2026/10/03 11:19:20.970, 20118, 28, 2670, 175.16, 5
2026/10/03 11:19:21.021, 20118, 28, 2670, 175.16, 5
2026/10/03 11:19:21.071, 20118, 28, 2670, 175.16, 5
2026/10/03 11:19:21.121, 20118, 28, 2670, 175.16, 5
2026/10/03 11:19:21.172, 20118, 28, 2670, 175.16, 5
2026/10/03 11:19:21.222, 20118, 28, 2670, 175.16, 5
2026/10/03 11:19:21.272, 20118, 28, 2670, 175.16, 5
2026/10/03 11:19:21.323, 20118, 28, 2670, 175.16, 5
2026/10/03 11:19:21.373, 20118, 28, 2647, 165.13, 5
2026/10/03 11:19:21.423, 20118, 28, 2647, 165.13, 5
2026/10/03 11:19:21.473, 20118, 28, 2647, 165.13, 5
2026/10/03 11:19:21.524, 20118, 28, 2647, 165.13, 5
2026/10/03 11:19:21.574, 20118, 28, 2647, 165.13, 5
2026/10/03 11:19:21.624, 20118, 28, 2647, 165.13, 5
2026/10/03 11:19:21.674, 20118, 28, 2647, 165.13, 5
2026/10/03 11:19:21.725, 20118, 28, 2647, 165.13, 5
2026/10/03 11:19:21.775, 20118, 28, 2647, 165.13, 5
2026/10/03 11:19:21.826, 20118, 28, 2647, 165.13, 5
2026/10/03 11:19:21.876, 20118, 37, 2647, 152.39, 5
2026/10/03 11:19:21.926, 20118, 37, 2647, 152.39, 5
2026/10/03 11:19:21.977, 20118, 37, 2647, 152.39, 5
2026/10/03 11:19:22.027, 20118, 37, 2647, 152.39, 5
2026/10/03 11:19:22.077, 20118, 37, 2647, 152.39, 5
2026/10/03 11:19:22.128, 20118, 37, 2647, 152.39, 5
2026/10/03 11:19:22.178, 20118, 37, 2647, 152.39, 5
2026/10/03 11:19:22.228, 20118, 37, 2647, 152.39, 5
2026/10/03 11:19:22.279, 20118, 37, 2647, 152.39, 5
2026/10/03 11:19:22.329, 20118, 37, 2647, 152.39, 5
2026/10/03 11:19:22.379, 20118, 37, 2670, 179.40, 5
2026/10/03 11:19:22.430, 20118, 37, 2670, 179.40, 5
2026/10/03 11:19:22.480, 20118, 37, 2670, 179.40, 5
2026/10/03 11:19:22.530, 20118, 37, 2670, 179.40, 5
2026/10/03 11:19:22.581, 20118, 37, 2670, 179.40, 5
2026/10/03 11:19:22.631, 20118, 37, 2670, 179.40, 5
2026/10/03 11:19:22.681, 20118, 37, 2670, 179.40, 5
2026/10/03 11:19:22.732, 20118, 37, 2670, 179.40, 5
2026/10/03 11:19:22.782, 20118, 37, 2670, 179.40, 5
2026/10/03 11:19:22.832, 20118, 37, 2670, 179.40, 5
2026/10/03 11:19:22.883, 20118, 36, 2647, 167.07, 5
2026/10/03 11:19:22.933, 20118, 36, 2647, 167.07, 5
2026/10/03 11:19:22.983, 20118, 36, 2647, 167.07, 5
2026/10/03 11:19:23.033, 20118, 36, 2647, 167.07, 5
2026/10/03 11:19:23.083, 20118, 36, 2647, 167.07, 5
2026/10/03 11:19:23.134, 20118, 36, 2647, 167.07, 5
2026/10/03 11:19:23.184, 20118, 36, 2647, 167.07, 5
2026/10/03 11:19:23.234, 20118, 36, 2647, 167.07, 5
2026/10/03 11:19:23.285, 20118, 36, 2647, 167.07, 5
2026/10/03 11:19:23.336, 20118, 36, 2647, 167.07, 5
2026/10/03 11:19:23.386, 20118, 36, 2647, 146.38, 5
2026/10/03 11:19:23.436, 20118, 36, 2647, 146.38, 5
2026/10/03 11:19:23.487, 20118, 36, 2647, 146.38, 5
2026/10/03 11:19:23.537, 20118, 36, 2647, 146.38, 5
2026/10/03 11:19:23.587, 20118, 36, 2647, 146.38, 5
2026/10/03 11:19:23.637, 20118, 36, 2647, 146.38, 5
2026/10/03 11:19:23.688, 20118, 36, 2647, 146.38, 5
2026/10/03 11:19:23.738, 20118, 36, 2647, 146.38, 5
2026/10/03 11:19:23.788, 20118, 36, 2647, 146.38, 5
2026/10/03 11:19:23.838, 20118, 36, 2647, 146.38, 5
2026/10/03 11:19:23.888, 20118, 28, 2662, 173.81, 5
2026/10/03 11:19:23.939, 20118, 28, 2662, 173.81, 5
2026/10/03 11:19:23.989, 20118, 28, 2662, 173.81, 5
2026/10/03 11:19:24.039, 20118, 28, 2662, 173.81, 5
2026/10/03 11:19:24.089, 20118, 28, 2662, 173.81, 5
2026/10/03 11:19:24.140, 20118, 28, 2662, 173.81, 5
2026/10/03 11:19:24.190, 20118, 28, 2662, 173.81, 5
2026/10/03 11:19:24.240, 20118, 28, 2662, 173.81, 5
2026/10/03 11:19:24.290, 20118, 28, 2662, 173.81, 5
2026/10/03 11:19:24.341, 20118, 28, 2662, 173.81, 5
2026/10/03 11:19:24.391, 20118, 28, 2655, 154.41, 5
2026/10/03 11:19:24.442, 20118, 28, 2655, 154.41, 5
2026/10/03 11:19:24.492, 20118, 28, 2655, 154.41, 5
2026/10/03 11:19:24.542, 20118, 28, 2655, 154.41, 5
2026/10/03 11:19:24.593, 20118, 28, 2655, 154.41, 5
2026/10/03 11:19:24.643, 20118, 28, 2655, 154.41, 5
2026/10/03 11:19:24.693, 20118, 28, 2655, 154.41, 5
2026/10/03 11:19:24.743, 20118, 28, 2655, 154.41, 5
2026/10/03 11:19:24.793, 20118, 28, 2655, 154.41, 5
2026/10/03 11:19:24.844, 20118, 28, 2655, 154.41, 5
2026/10/03 11:19:24.894, 20118, 29, 2692, 173.70, 5
2026/10/03 11:19:24.944, 20118, 29, 2692, 173.70, 5
2026/10/03 11:19:24.994, 20118, 29, 2692, 173.70, 5
2026/10/03 11:19:25.045, 20118, 29, 2692, 173.70, 5
2026/10/03 11:19:25.095, 20118, 29, 2692, 173.70, 5
2026/10/03 11:19:25.145, 20118, 29, 2692, 173.70, 5
2026/10/03 11:19:25.196, 20118, 29, 2692, 173.70, 5
2026/10/03 11:19:25.246, 20118, 29, 2692, 173.70, 5
2026/10/03 11:19:25.296, 20118, 29, 2692, 173.70, 5
2026/10/03 11:19:25.347, 20118, 29, 2692, 173.70, 5
2026/10/03 11:19:25.397, 20118, 29, 2647, 170.90, 5
2026/10/03 11:19:25.448, 20118, 29, 2647, 170.90, 5
2026/10/03 11:19:25.498, 20118, 29, 2647, 170.90, 5
2026/10/03 11:19:25.548, 20118, 29, 2647, 170.90, 5
2026/10/03 11:19:25.598, 20118, 29, 2647, 170.90, 5
2026/10/03 11:19:25.649, 20118, 29, 2647, 170.90, 5
2026/10/03 11:19:25.699, 20118, 29, 2647, 170.90, 5
2026/10/03 11:19:25.749, 20118, 29, 2647, 170.90, 5
2026/10/03 11:19:25.800, 20118, 29, 2647, 170.90, 5
2026/10/03 11:19:25.850, 20118, 29, 2647, 170.90, 5
2026/10/03 11:19:25.900, 20118, 36, 2632, 154.48, 5
2026/10/03 11:19:25.951, 20118, 36, 2632, 154.48, 5
2026/10/03 11:19:26.001, 20118, 36, 2632, 154.48, 5
2026/10/03 11:19:26.052, 20118, 36, 2632, 154.48, 5
2026/10/03 11:19:26.102, 20118, 36, 2632, 154.48, 5
2026/10/03 11:19:26.152, 20118, 36, 2632, 154.48, 5
2026/10/03 11:19:26.202, 20118, 36, 2632, 154.48, 5
2026/10/03 11:19:26.253, 20118, 36, 2632, 154.48, 5
2026/10/03 11:19:26.303, 20118, 36, 2632, 154.48, 5
2026/10/03 11:19:26.353, 20118, 36, 2655, 149.18, 5
2026/10/03 11:19:26.403, 20118, 36, 2655, 149.18, 5
2026/10/03 11:19:26.454, 20118, 36, 2655, 149.18, 5
2026/10/03 11:19:26.504, 20118, 36, 2655, 149.18, 5
2026/10/03 11:19:26.554, 20118, 36, 2655, 149.18, 5
2026/10/03 11:19:26.605, 20118, 36, 2655, 149.18, 5
2026/10/03 11:19:26.655, 20118, 36, 2655, 149.18, 5
2026/10/03 11:19:26.705, 20118, 36, 2655, 149.18, 5
2026/10/03 11:19:26.755, 20118, 36, 2655, 149.18, 5
2026/10/03 11:19:26.805, 20118, 36, 2655, 149.18, 5
2026/10/03 11:19:26.856, 20118, 28, 2655, 163.49, 5
2026/10/03 11:19:26.906, 20118, 28, 2655, 163.49, 5
2026/10/03 11:19:26.956, 20118, 28, 2655, 163.49, 5
2026/10/03 11:19:27.006, 20118, 28, 2655, 163.49, 5
2026/10/03 11:19:27.056, 20118, 28, 2655, 163.49, 5
2026/10/03 11:19:27.107, 20118, 28, 2655, 163.49, 5
2026/10/03 11:19:27.157, 20118, 28, 2655, 163.49, 5
2026/10/03 11:19:27.207, 20118, 28, 2655, 163.49, 5
2026/10/03 11:19:27.257, 20118, 28, 2655, 163.49, 5
2026/10/03 11:19:27.307, 20118, 28, 2655, 163.49, 5
2026/10/03 11:19:27.358, 20118, 28, 2647, 167.81, 5
2026/10/03 11:19:27.408, 20118, 28, 2647, 167.81, 5
2026/10/03 11:19:27.458, 20118, 28, 2647, 167.81, 5
2026/10/03 11:19:27.508, 20118, 28, 2647, 167.81, 5
2026/10/03 11:19:27.559, 20118, 28, 2647, 167.81, 5
2026/10/03 11:19:27.609, 20118, 28, 2647, 167.81, 5
2026/10/03 11:19:27.659, 20118, 28, 2647, 167.81, 5
2026/10/03 11:19:27.709, 20118, 28, 2647, 167.81, 5
2026/10/03 11:19:27.760, 20118, 28, 2647, 167.81, 5
2026/10/03 11:19:27.810, 20118, 28, 2647, 167.81, 5
2026/10/03 11:19:27.861, 20118, 31, 2655, 159.30, 5
2026/10/03 11:19:27.911, 20118, 31, 2655, 159.30, 5
2026/10/03 11:19:27.962, 20118, 31, 2655, 159.30, 5
2026/10/03 11:19:28.012, 20118, 31, 2655, 159.30, 5
2026/10/03 11:19:28.062, 20118, 31, 2655, 159.30, 5
2026/10/03 11:19:28.112, 20118, 31, 2655, 159.30, 5
2026/10/03 11:19:28.163, 20118, 31, 2655, 159.30, 5
2026/10/03 11:19:28.213, 20118, 31, 2655, 159.30, 5
2026/10/03 11:19:28.263, 20118, 31, 2655, 159.30, 5
2026/10/03 11:19:28.313, 20118, 31, 2655, 159.30, 5
2026/10/03 11:19:28.363, 20118, 31, 2655, 170.26, 5
2026/10/03 11:19:28.414, 20118, 31, 2655, 170.26, 5
2026/10/03 11:19:28.464, 20118, 31, 2655, 170.26, 5
2026/10/03 11:19:28.514, 20118, 31, 2655, 170.26, 5
2026/10/03 11:19:28.564, 20118, 31, 2655, 170.26, 5
2026/10/03 11:19:28.614, 20118, 31, 2655, 170.26, 5
2026/10/03 11:19:28.665, 20118, 31, 2655, 170.26, 5
2026/10/03 11:19:28.715, 20118, 31, 2655, 170.26, 5
2026/10/03 11:19:28.765, 20118, 31, 2655, 170.26, 5
2026/10/03 11:19:28.815, 20118, 31, 2655, 170.26, 5
2026/10/03 11:19:28.866, 20118, 33, 2640, 141.88, 5
2026/10/03 11:19:28.916, 20118, 33, 2640, 141.88, 5
2026/10/03 11:19:28.966, 20118, 33, 2640, 141.88, 5
2026/10/03 11:19:29.016, 20118, 33, 2640, 141.88, 5
2026/10/03 11:19:29.067, 20118, 33, 2640, 141.88, 5
2026/10/03 11:19:29.117, 20118, 33, 2640, 141.88, 5
2026/10/03 11:19:29.168, 20118, 33, 2640, 141.88, 5
2026/10/03 11:19:29.218, 20118, 33, 2640, 141.88, 5
2026/10/03 11:19:29.268, 20118, 33, 2640, 141.88, 5
2026/10/03 11:19:29.318, 20118, 33, 2640, 141.88, 5
2026/10/03 11:19:29.369, 20118, 33, 2655, 176.90, 5
2026/10/03 11:19:29.419, 20118, 33, 2655, 176.90, 5
2026/10/03 11:19:29.469, 20118, 33, 2655, 176.90, 5
2026/10/03 11:19:29.519, 20118, 33, 2655, 176.90, 5
2026/10/03 11:19:29.570, 20118, 33, 2655, 176.90, 5
2026/10/03 11:19:29.620, 20118, 33, 2655, 176.90, 5
2026/10/03 11:19:29.670, 20118, 33, 2655, 176.90, 5
2026/10/03 11:19:29.721, 20118, 33, 2655, 176.90, 5
2026/10/03 11:19:29.771, 20118, 33, 2655, 176.90, 5
2026/10/03 11:19:29.822, 20118, 33, 2655, 176.90, 5
2026/10/03 11:19:29.872, 20118, 38, 2647, 151.57, 5
2026/10/03 11:19:29.922, 20118, 38, 2647, 151.57, 5
2026/10/03 11:19:29.972, 20118, 38, 2647, 151.57, 5
2026/10/03 11:19:30.022, 20118, 38, 2647, 151.57, 5
2026/10/03 11:19:30.072, 20118, 38, 2647, 151.57, 5
2026/10/03 11:19:30.123, 20118, 38, 2647, 151.57, 5
2026/10/03 11:19:30.173, 20118, 38, 2647, 151.57, 5
2026/10/03 11:19:30.223, 20118, 38, 2647, 151.57, 5
2026/10/03 11:19:30.274, 20118, 38, 2647, 151.57, 5
2026/10/03 11:19:30.324, 20118, 38, 2647, 151.57, 5
2026/10/03 11:19:30.374, 20118, 38, 2640, 159.40, 5
2026/10/03 11:19:30.424, 20118, 38, 2640, 159.40, 5
2026/10/03 11:19:30.475, 20118, 38, 2640, 159.40, 5
2026/10/03 11:19:30.525, 20118, 38, 2640, 159.40, 5
2026/10/03 11:19:30.575, 20118, 38, 2640, 159.40, 5
2026/10/03 11:19:30.625, 20118, 38, 2640, 159.40, 5
2026/10/03 11:19:30.676, 20118, 38, 2640, 159.40, 5
2026/10/03 11:19:30.726, 20118, 38, 2640, 159.40, 5
2026/10/03 11:19:30.777, 20118, 38, 2640, 159.40, 5
2026/10/03 11:19:30.827, 20118, 38, 2640, 159.40, 5
2026/10/03 11:19:30.878, 20118, 27, 2662, 176.32, 5
2026/10/03 11:19:30.928, 20118, 27, 2662, 176.32, 5
2026/10/03 11:19:30.978, 20118, 27, 2662, 176.32, 5
2026/10/03 11:19:31.029, 20118, 27, 2662, 176.32, 5
2026/10/03 11:19:31.079, 20118, 27, 2662, 176.32, 5
2026/10/03 11:19:31.129, 20118, 27, 2662, 176.32, 5
2026/10/03 11:19:31.180, 20118, 27, 2662, 176.32, 5
2026/10/03 11:19:31.230, 20118, 27, 2662, 176.32, 5
2026/10/03 11:19:31.280, 20118, 27, 2662, 176.32, 5
2026/10/03 11:19:31.330, 20118, 27, 2662, 176.32, 5
2026/10/03 11:19:31.380, 20118, 27, 2640, 145.47, 5
2026/10/03 11:19:31.431, 20118, 27, 2640, 145.47, 5
2026/10/03 11:19:31.481, 20118, 27, 2640, 145.47, 5
2026/10/03 11:19:31.531, 20118, 27, 2640, 145.47, 5
2026/10/03 11:19:31.581, 20118, 27, 2640, 145.47, 5
2026/10/03 11:19:31.632, 20118, 27, 2640, 145.47, 5
2026/10/03 11:19:31.682, 20118, 27, 2640, 145.47, 5
2026/10/03 11:19:31.733, 20118, 27, 2640, 145.47, 5
2026/10/03 11:19:31.783, 20118, 27, 2640, 145.47, 5
2026/10/03 11:19:31.833, 20118, 27, 2640, 145.47, 5
2026/10/03 11:19:31.884, 20118, 29, 2670, 173.87, 5
2026/10/03 11:19:31.934, 20118, 29, 2670, 173.87, 5
2026/10/03 11:19:31.984, 20118, 29, 2670, 173.87, 5
2026/10/03 11:19:32.035, 20118, 29, 2670, 173.87, 5
2026/10/03 11:19:32.085, 20118, 29, 2670, 173.87, 5
2026/10/03 11:19:32.135, 20118, 29, 2670, 173.87, 5
2026/10/03 11:19:32.185, 20118, 29, 2670, 173.87, 5
2026/10/03 11:19:32.235, 20118, 29, 2670, 173.87, 5
2026/10/03 11:19:32.286, 20118, 29, 2670, 173.87, 5
2026/10/03 11:19:32.336, 20118, 29, 2670, 173.87, 5
2026/10/03 11:19:32.386, 20118, 29, 2647, 163.34, 5
2026/10/03 11:19:32.436, 20118, 29, 2647, 163.34, 5
2026/10/03 11:19:32.487, 20118, 29, 2647, 163.34, 5
2026/10/03 11:19:32.537, 20118, 29, 2647, 163.34, 5
2026/10/03 11:19:32.587, 20118, 29, 2647, 163.34, 5
2026/10/03 11:19:32.637, 20118, 29, 2647, 163.34, 5
2026/10/03 11:19:32.688, 20118, 29, 2647, 163.34, 5
2026/10/03 11:19:32.738, 20118, 29, 2647, 163.34, 5
2026/10/03 11:19:32.788, 20118, 29, 2647, 163.34, 5
2026/10/03 11:19:32.838, 20118, 29, 2647, 163.34, 5
2026/10/03 11:19:32.889, 20118, 33, 2670, 161.90, 5
2026/10/03 11:19:32.939, 20118, 33, 2670, 161.90, 5
2026/10/03 11:19:32.989, 20118, 33, 2670, 161.90, 5
2026/10/03 11:19:33.039, 20118, 33, 2670, 161.90, 5
2026/10/03 11:19:33.090, 20118, 33, 2670, 161.90, 5
2026/10/03 11:19:33.140, 20118, 33, 2670, 161.90, 5
2026/10/03 11:19:33.191, 20118, 33, 2670, 161.90, 5
2026/10/03 11:19:33.241, 20118, 33, 2670, 161.90, 5
2026/10/03 11:19:33.291, 20118, 33, 2670, 161.90, 5
2026/10/03 11:19:33.341, 20118, 33, 2670, 161.90, 5
2026/10/03 11:19:33.392, 20118, 33, 2662, 155.26, 5
2026/10/03 11:19:33.442, 20118, 33, 2662, 155.26, 5
2026/10/03 11:19:33.492, 20118, 33, 2662, 155.26, 5
2026/10/03 11:19:33.542, 20118, 33, 2662, 155.26, 5
2026/10/03 11:19:33.593, 20118, 33, 2662, 155.26, 5
2026/10/03 11:19:33.643, 20118, 33, 2662, 155.26, 5
2026/10/03 11:19:33.693, 20118, 33, 2662, 155.26, 5
2026/10/03 11:19:33.743, 20118, 33, 2662, 155.26, 5
2026/10/03 11:19:33.794, 20118, 33, 2662, 155.26, 5
2026/10/03 11:19:33.844, 20118, 33, 2662, 155.26, 5
2026/10/03 11:19:33.894, 20118, 29, 2670, 176.03, 5
2026/10/03 11:19:33.944, 20118, 29, 2670, 176.03, 5
2026/10/03 11:19:33.995, 20118, 29, 2670, 176.03, 5
2026/10/03 11:19:34.045, 20118, 29, 2670, 176.03, 5
2026/10/03 11:19:34.095, 20118, 29, 2670, 176.03, 5
2026/10/03 11:19:34.146, 20118, 29, 2670, 176.03, 5
2026/10/03 11:19:34.196, 20118, 29, 2670, 176.03, 5
2026/10/03 11:19:34.246, 20118, 29, 2670, 176.03, 5
2026/10/03 11:19:34.296, 20118, 29, 2670, 176.03, 5
2026/10/03 11:19:34.347, 20118, 29, 2670, 176.03, 5
2026/10/03 11:19:34.397, 20118, 29, 2640, 156.43, 5
2026/10/03 11:19:34.447, 20118, 29, 2640, 156.43, 5
2026/10/03 11:19:34.498, 20118, 29, 2640, 156.43, 5
2026/10/03 11:19:34.548, 20118, 29, 2640, 156.43, 5
2026/10/03 11:19:34.598, 20118, 29, 2640, 156.43, 5
2026/10/03 11:19:34.649, 20118, 29, 2640, 156.43, 5
2026/10/03 11:19:34.699, 20118, 29, 2640, 156.43, 5
2026/10/03 11:19:34.749, 20118, 29, 2640, 156.43, 5
2026/10/03 11:19:34.800, 20118, 29, 2640, 156.43, 5
2026/10/03 11:19:34.850, 20118, 29, 2640, 156.43, 5
2026/10/03 11:19:34.900, 20118, 30, 2662, 171.16, 5
2026/10/03 11:19:34.951, 20118, 30, 2662, 171.16, 5
2026/10/03 11:19:35.001, 20118, 30, 2662, 171.16, 5
2026/10/03 11:19:35.051, 20118, 30, 2662, 171.16, 5
2026/10/03 11:19:35.101, 20118, 30, 2662, 171.16, 5
2026/10/03 11:19:35.151, 20118, 30, 2662, 171.16, 5
2026/10/03 11:19:35.202, 20118, 30, 2662, 171.16, 5
2026/10/03 11:19:35.252, 20118, 30, 2662, 171.16, 5
2026/10/03 11:19:35.303, 20118, 30, 2662, 171.16, 5
2026/10/03 11:19:35.353, 20118, 30, 2662, 171.16, 5
2026/10/03 11:19:35.403, 20118, 30, 2647, 168.51, 5
2026/10/03 11:19:35.453, 20118, 30, 2647, 168.51, 5
2026/10/03 11:19:35.504, 20118, 30, 2647, 168.51, 5
2026/10/03 11:19:35.554, 20118, 30, 2647, 168.51, 5
2026/10/03 11:19:35.604, 20118, 30, 2647, 168.51, 5
2026/10/03 11:19:35.654, 20118, 30, 2647, 168.51, 5
2026/10/03 11:19:35.705, 20118, 30, 2647, 168.51, 5
2026/10/03 11:19:35.755, 20118, 30, 2647, 168.51, 5
2026/10/03 11:19:35.805, 20118, 30, 2647, 168.51, 5
2026/10/03 11:19:35.856, 20118, 29, 2662, 172.09, 5
2026/10/03 11:19:35.906, 20118, 29, 2662, 172.09, 5
2026/10/03 11:19:35.957, 20118, 29, 2662, 172.09, 5
2026/10/03 11:19:36.007, 20118, 29, 2662, 172.09, 5
2026/10/03 11:19:36.058, 20118, 29, 2662, 172.09, 5
2026/10/03 11:19:36.108, 20118, 29, 2662, 172.09, 5
2026/10/03 11:19:36.158, 20118, 29, 2662, 172.09, 5
2026/10/03 11:19:36.208, 20118, 29, 2662, 172.09, 5
2026/10/03 11:19:36.258, 20118, 29, 2662, 172.09, 5
2026/10/03 11:19:36.309, 20118, 29, 2662, 172.09, 5
2026/10/03 11:19:36.359, 20118, 29, 2640, 156.40, 5
2026/10/03 11:19:36.409, 20118, 29, 2640, 156.40, 5
2026/10/03 11:19:36.460, 20118, 29, 2640, 156.40, 5
2026/10/03 11:19:36.510, 20118, 29, 2640, 156.40, 5
2026/10/03 11:19:36.560, 20118, 29, 2640, 156.40, 5
2026/10/03 11:19:36.610, 20118, 29, 2640, 156.40, 5
2026/10/03 11:19:36.660, 20118, 29, 2640, 156.40, 5
2026/10/03 11:19:36.711, 20118, 29, 2640, 156.40, 5
2026/10/03 11:19:36.761, 20118, 29, 2640, 156.40, 5
2026/10/03 11:19:36.811, 20118, 29, 2640, 156.40, 5
2026/10/03 11:19:36.861, 20118, 28, 2662, 177.18, 5
2026/10/03 11:19:36.912, 20118, 28, 2662, 177.18, 5
2026/10/03 11:19:36.962, 20118, 28, 2662, 177.18, 5
2026/10/03 11:19:37.012, 20118, 28, 2662, 177.18, 5
2026/10/03 11:19:37.063, 20118, 28, 2662, 177.18, 5
2026/10/03 11:19:37.113, 20118, 28, 2662, 177.18, 5
2026/10/03 11:19:37.163, 20118, 28, 2662, 177.18, 5
2026/10/03 11:19:37.213, 20118, 28, 2662, 177.18, 5
2026/10/03 11:19:37.264, 20118, 28, 2662, 177.18, 5
2026/10/03 11:19:37.314, 20118, 28, 2662, 177.18, 5
2026/10/03 11:19:37.365, 20118, 28, 2640, 147.61, 5
2026/10/03 11:19:37.415, 20118, 28, 2640, 147.61, 5
2026/10/03 11:19:37.465, 20118, 28, 2640, 147.61, 5
2026/10/03 11:19:37.515, 20118, 28, 2640, 147.61, 5
2026/10/03 11:19:37.566, 20118, 28, 2640, 147.61, 5
2026/10/03 11:19:37.616, 20118, 28, 2640, 147.61, 5
2026/10/03 11:19:37.666, 20118, 28, 2640, 147.61, 5
2026/10/03 11:19:37.716, 20118, 28, 2640, 147.61, 5
2026/10/03 11:19:37.767, 20118, 28, 2640, 147.61, 5
2026/10/03 11:19:37.817, 20118, 28, 2640, 147.61, 5
2026/10/03 11:19:37.868, 20118, 28, 2662, 172.44, 5
2026/10/03 11:19:37.918, 20118, 28, 2662, 172.44, 5
2026/10/03 11:19:37.968, 20118, 28, 2662, 172.44, 5
2026/10/03 11:19:38.019, 20118, 28, 2662, 172.44, 5
2026/10/03 11:19:38.069, 20118, 28, 2662, 172.44, 5
2026/10/03 11:19:38.119, 20118, 28, 2662, 172.44, 5
2026/10/03 11:19:38.170, 20118, 28, 2662, 172.44, 5
2026/10/03 11:19:38.220, 20118, 28, 2662, 172.44, 5
2026/10/03 11:19:38.270, 20118, 28, 2662, 172.44, 5
2026/10/03 11:19:38.321, 20118, 28, 2662, 172.44, 5
2026/10/03 11:19:38.371, 20118, 28, 2647, 172.09, 5
2026/10/03 11:19:38.422, 20118, 28, 2647, 172.09, 5
2026/10/03 11:19:38.472, 20118, 28, 2647, 172.09, 5
2026/10/03 11:19:38.522, 20118, 28, 2647, 172.09, 5
2026/10/03 11:19:38.572, 20118, 28, 2647, 172.09, 5
2026/10/03 11:19:38.623, 20118, 28, 2647, 172.09, 5
2026/10/03 11:19:38.673, 20118, 28, 2647, 172.09, 5
2026/10/03 11:19:38.723, 20118, 28, 2647, 172.09, 5
2026/10/03 11:19:38.774, 20118, 28, 2647, 172.09, 5
2026/10/03 11:19:38.824, 20118, 28, 2647, 172.09, 5
2026/10/03 11:19:38.875, 20118, 28, 2662, 171.81, 5
2026/10/03 11:19:38.925, 20118, 28, 2662, 171.81, 5
2026/10/03 11:19:38.975, 20118, 28, 2662, 171.81, 5
2026/10/03 11:19:39.026, 20118, 28, 2662, 171.81, 5
2026/10/03 11:19:39.076, 20118, 28, 2662, 171.81, 5
2026/10/03 11:19:39.126, 20118, 28, 2662, 171.81, 5
2026/10/03 11:19:39.177, 20118, 28, 2662, 171.81, 5
2026/10/03 11:19:39.227, 20118, 28, 2662, 171.81, 5
2026/10/03 11:19:39.278, 20118, 28, 2662, 171.81, 5
2026/10/03 11:19:39.328, 20118, 28, 2662, 171.81, 5
2026/10/03 11:19:39.379, 20118, 28, 2640, 156.68, 5
2026/10/03 11:19:39.429, 20118, 28, 2640, 156.68, 5
2026/10/03 11:19:39.479, 20118, 28, 2640, 156.68, 5
2026/10/03 11:19:39.529, 20118, 28, 2640, 156.68, 5
2026/10/03 11:19:39.580, 20118, 28, 2640, 156.68, 5
2026/10/03 11:19:39.630, 20118, 28, 2640, 156.68, 5
2026/10/03 11:19:39.680, 20118, 28, 2640, 156.68, 5
2026/10/03 11:19:39.730, 20118, 28, 2640, 156.68, 5
2026/10/03 11:19:39.780, 20118, 28, 2640, 156.68, 5
2026/10/03 11:19:39.831, 20118, 28, 2640, 156.68, 5
2026/10/03 11:19:39.881, 20118, 31, 2655, 153.00, 5
2026/10/03 11:19:39.931, 20118, 31, 2655, 153.00, 5
2026/10/03 11:19:39.982, 20118, 31, 2655, 153.00, 5
2026/10/03 11:19:40.032, 20118, 31, 2655, 153.00, 5
2026/10/03 11:19:40.082, 20118, 31, 2655, 153.00, 5
2026/10/03 11:19:40.133, 20118, 31, 2655, 153.00, 5
2026/10/03 11:19:40.183, 20118, 31, 2655, 153.00, 5
2026/10/03 11:19:40.233, 20118, 31, 2655, 153.00, 5
2026/10/03 11:19:40.283, 20118, 31, 2655, 153.00, 5
2026/10/03 11:19:40.334, 20118, 31, 2655, 153.00, 5
2026/10/03 11:19:40.384, 20118, 31, 2655, 174.88, 5
2026/10/03 11:19:40.434, 20118, 31, 2655, 174.88, 5
2026/10/03 11:19:40.484, 20118, 31, 2655, 174.88, 5
2026/10/03 11:19:40.535, 20118, 31, 2655, 174.88, 5
2026/10/03 11:19:40.585, 20118, 31, 2655, 174.88, 5
2026/10/03 11:19:40.636, 20118, 31, 2655, 174.88, 5
2026/10/03 11:19:40.686, 20118, 31, 2655, 174.88, 5
2026/10/03 11:19:40.736, 20118, 31, 2655, 174.88, 5
2026/10/03 11:19:40.787, 20118, 31, 2655, 174.88, 5
2026/10/03 11:19:40.837, 20118, 31, 2655, 174.88, 5
2026/10/03 11:19:40.887, 20118, 35, 2632, 150.22, 5
2026/10/03 11:19:40.938, 20118, 35, 2632, 150.22, 5
2026/10/03 11:19:40.988, 20118, 35, 2632, 150.22, 5
2026/10/03 11:19:41.038, 20118, 35, 2632, 150.22, 5
2026/10/03 11:19:41.089, 20118, 35, 2632, 150.22, 5
2026/10/03 11:19:41.139, 20118, 35, 2632, 150.22, 5
2026/10/03 11:19:41.189, 20118, 35, 2632, 150.22, 5
2026/10/03 11:19:41.239, 20118, 35, 2632, 150.22, 5
2026/10/03 11:19:41.290, 20118, 35, 2632, 150.22, 5
2026/10/03 11:19:41.340, 20118, 35, 2632, 150.22, 5
2026/10/03 11:19:41.390, 20118, 35, 2677, 182.51, 5
2026/10/03 11:19:41.441, 20118, 35, 2677, 182.51, 5
2026/10/03 11:19:41.491, 20118, 35, 2677, 182.51, 5
2026/10/03 11:19:41.541, 20118, 35, 2677, 182.51, 5
2026/10/03 11:19:41.591, 20118, 35, 2677, 182.51, 5
2026/10/03 11:19:41.641, 20118, 35, 2677, 182.51, 5
2026/10/03 11:19:41.692, 20118, 35, 2677, 182.51, 5
2026/10/03 11:19:41.742, 20118, 35, 2677, 182.51, 5
2026/10/03 11:19:41.793, 20118, 35, 2677, 182.51, 5
2026/10/03 11:19:41.843, 20118, 35, 2677, 182.51, 5
2026/10/03 11:19:41.893, 20118, 38, 2647, 149.77, 5
2026/10/03 11:19:41.944, 20118, 38, 2647, 149.77, 5
2026/10/03 11:19:41.994, 20118, 38, 2647, 149.77, 5
2026/10/03 11:19:42.044, 20118, 38, 2647, 149.77, 5
2026/10/03 11:19:42.095, 20118, 38, 2647, 149.77, 5
2026/10/03 11:19:42.145, 20118, 38, 2647, 149.77, 5
2026/10/03 11:19:42.195, 20118, 38, 2647, 149.77, 5
2026/10/03 11:19:42.245, 20118, 38, 2647, 149.77, 5
2026/10/03 11:19:42.295, 20118, 38, 2647, 149.77, 5
2026/10/03 11:19:42.346, 20118, 38, 2647, 149.77, 5
2026/10/03 11:19:42.396, 20118, 38, 2670, 178.36, 5
2026/10/03 11:19:42.446, 20118, 38, 2670, 178.36, 5
2026/10/03 11:19:42.496, 20118, 38, 2670, 178.36, 5
2026/10/03 11:19:42.547, 20118, 38, 2670, 178.36, 5
2026/10/03 11:19:42.597, 20118, 38, 2670, 178.36, 5
2026/10/03 11:19:42.647, 20118, 38, 2670, 178.36, 5
2026/10/03 11:19:42.697, 20118, 38, 2670, 178.36, 5
2026/10/03 11:19:42.748, 20118, 38, 2670, 178.36, 5
2026/10/03 11:19:42.798, 20118, 38, 2670, 178.36, 5
2026/10/03 11:19:42.848, 20118, 38, 2670, 178.36, 5
2026/10/03 11:19:42.898, 20118, 37, 2640, 147.07, 5
2026/10/03 11:19:42.949, 20118, 37, 2640, 147.07, 5
2026/10/03 11:19:42.999, 20118, 37, 2640, 147.07, 5
2026/10/03 11:19:43.049, 20118, 37, 2640, 147.07, 5
2026/10/03 11:19:43.099, 20118, 37, 2640, 147.07, 5
2026/10/03 11:19:43.150, 20118, 37, 2640, 147.07, 5
2026/10/03 11:19:43.200, 20118, 37, 2640, 147.07, 5
2026/10/03 11:19:43.250, 20118, 37, 2640, 147.07, 5
2026/10/03 11:19:43.301, 20118, 37, 2640, 147.07, 5
2026/10/03 11:19:43.351, 20118, 37, 2640, 147.07, 5
2026/10/03 11:19:43.401, 20118, 37, 2670, 176.96, 5
2026/10/03 11:19:43.451, 20118, 37, 2670, 176.96, 5
2026/10/03 11:19:43.502, 20118, 37, 2670, 176.96, 5
2026/10/03 11:19:43.552, 20118, 37, 2670, 176.96, 5
2026/10/03 11:19:43.602, 20118, 37, 2670, 176.96, 5
2026/10/03 11:19:43.652, 20118, 37, 2670, 176.96, 5
2026/10/03 11:19:43.703, 20118, 37, 2670, 176.96, 5
2026/10/03 11:19:43.753, 20118, 37, 2670, 176.96, 5
2026/10/03 11:19:43.804, 20118, 37, 2670, 176.96, 5
2026/10/03 11:19:43.854, 20118, 37, 2632, 154.99, 5
2026/10/03 11:19:43.904, 20118, 36, 2632, 154.99, 5
2026/10/03 11:19:43.954, 20118, 36, 2632, 154.99, 5
2026/10/03 11:19:44.005, 20118, 36, 2632, 154.99, 5
2026/10/03 11:19:44.055, 20118, 36, 2632, 154.99, 5
2026/10/03 11:19:44.105, 20118, 36, 2632, 154.99, 5
2026/10/03 11:19:44.156, 20118, 36, 2632, 154.99, 5
2026/10/03 11:19:44.206, 20118, 36, 2632, 154.99, 5
2026/10/03 11:19:44.256, 20118, 36, 2632, 154.99, 5
2026/10/03 11:19:44.306, 20118, 36, 2632, 154.99, 5
2026/10/03 11:19:44.357, 20118, 36, 2670, 173.88, 5
2026/10/03 11:19:44.407, 20118, 36, 2670, 173.88, 5
2026/10/03 11:19:44.458, 20118, 36, 2670, 173.88, 5
2026/10/03 11:19:44.508, 20118, 36, 2670, 173.88, 5
2026/10/03 11:19:44.558, 20118, 36, 2670, 173.88, 5
2026/10/03 11:19:44.609, 20118, 36, 2670, 173.88, 5
2026/10/03 11:19:44.659, 20118, 36, 2670, 173.88, 5
2026/10/03 11:19:44.710, 20118, 36, 2670, 173.88, 5
2026/10/03 11:19:44.760, 20118, 36, 2670, 173.88, 5
2026/10/03 11:19:44.810, 20118, 36, 2670, 173.88, 5
2026/10/03 11:19:44.861, 20118, 37, 2647, 146.75, 5
2026/10/03 11:19:44.911, 20118, 37, 2647, 146.75, 5
2026/10/03 11:19:44.961, 20118, 37, 2647, 146.75, 5
2026/10/03 11:19:45.011, 20118, 37, 2647, 146.75, 5
2026/10/03 11:19:45.062, 20118, 37, 2647, 146.75, 5
2026/10/03 11:19:45.112, 20118, 37, 2647, 146.75, 5
2026/10/03 11:19:45.163, 20118, 37, 2647, 146.75, 5
2026/10/03 11:19:45.213, 20118, 37, 2647, 146.75, 5
2026/10/03 11:19:45.263, 20118, 37, 2647, 146.75, 5
2026/10/03 11:19:45.313, 20118, 37, 2647, 146.75, 5
2026/10/03 11:19:45.363, 20118, 37, 2670, 176.52, 5
2026/10/03 11:19:45.414, 20118, 37, 2670, 176.52, 5
2026/10/03 11:19:45.464, 20118, 37, 2670, 176.52, 5
2026/10/03 11:19:45.514, 20118, 37, 2670, 176.52, 5
2026/10/03 11:19:45.564, 20118, 37, 2670, 176.52, 5
2026/10/03 11:19:45.615, 20118, 37, 2670, 176.52, 5
2026/10/03 11:19:45.665, 20118, 37, 2670, 176.52, 5
2026/10/03 11:19:45.715, 20118, 37, 2670, 176.52, 5
2026/10/03 11:19:45.765, 20118, 37, 2670, 176.52, 5
2026/10/03 11:19:45.816, 20118, 37, 2670, 176.52, 5
2026/10/03 11:19:45.866, 20118, 35, 2640, 160.20, 5
2026/10/03 11:19:45.916, 20118, 35, 2640, 160.20, 5
2026/10/03 11:19:45.967, 20118, 35, 2640, 160.20, 5
2026/10/03 11:19:46.017, 20118, 35, 2640, 160.20, 5
2026/10/03 11:19:46.068, 20118, 35, 2640, 160.20, 5
2026/10/03 11:19:46.118, 20118, 35, 2640, 160.20, 5
2026/10/03 11:19:46.169, 20118, 35, 2640, 160.20, 5
2026/10/03 11:19:46.219, 20118, 35, 2640, 160.20, 5
2026/10/03 11:19:46.269, 20118, 35, 2640, 160.20, 5
2026/10/03 11:19:46.319, 20118, 35, 2640, 160.20, 5
2026/10/03 11:19:46.370, 20118, 35, 2647, 146.17, 5
2026/10/03 11:19:46.420, 20118, 35, 2647, 146.17, 5
2026/10/03 11:19:46.470, 20118, 35, 2647, 146.17, 5
2026/10/03 11:19:46.520, 20118, 35, 2647, 146.17, 5
2026/10/03 11:19:46.571, 20118, 35, 2647, 146.17, 5
2026/10/03 11:19:46.621, 20118, 35, 2647, 146.17, 5
2026/10/03 11:19:46.672, 20118, 35, 2647, 146.17, 5
2026/10/03 11:19:46.722, 20118, 35, 2647, 146.17, 5
2026/10/03 11:19:46.772, 20118, 35, 2647, 146.17, 5
2026/10/03 11:19:46.823, 20118, 35, 2647, 146.17, 5
2026/10/03 11:19:46.873, 20118, 28, 2670, 182.83, 5
2026/10/03 11:19:46.923, 20118, 28, 2670, 182.83, 5
2026/10/03 11:19:46.973, 20118, 28, 2670, 182.83, 5
2026/10/03 11:19:47.024, 20118, 28, 2670, 182.83, 5
2026/10/03 11:19:47.074, 20118, 28, 2670, 182.83, 5
2026/10/03 11:19:47.125, 20118, 28, 2670, 182.83, 5
2026/10/03 11:19:47.175, 20118, 28, 2670, 182.83, 5
2026/10/03 11:19:47.225, 20118, 28, 2670, 182.83, 5
2026/10/03 11:19:47.276, 20118, 28, 2670, 182.83, 5
2026/10/03 11:19:47.326, 20118, 28, 2670, 182.83, 5
2026/10/03 11:19:47.376, 20118, 28, 2647, 144.71, 5
2026/10/03 11:19:47.427, 20118, 28, 2647, 144.71, 5
2026/10/03 11:19:47.477, 20118, 28, 2647, 144.71, 5
2026/10/03 11:19:47.527, 20118, 28, 2647, 144.71, 5
2026/10/03 11:19:47.577, 20118, 28, 2647, 144.71, 5
2026/10/03 11:19:47.628, 20118, 28, 2647, 144.71, 5
2026/10/03 11:19:47.678, 20118, 28, 2647, 144.71, 5
2026/10/03 11:19:47.728, 20118, 28, 2647, 144.71, 5
2026/10/03 11:19:47.779, 20118, 28, 2647, 144.71, 5
2026/10/03 11:19:47.830, 20118, 28, 2647, 144.71, 5
2026/10/03 11:19:47.880, 20118, 37, 2662, 178.02, 5
2026/10/03 11:19:47.930, 20118, 37, 2662, 178.02, 5
2026/10/03 11:19:47.981, 20118, 37, 2662, 178.02, 5
2026/10/03 11:19:48.031, 20118, 37, 2662, 178.02, 5
2026/10/03 11:19:48.081, 20118, 37, 2662, 178.02, 5
2026/10/03 11:19:48.132, 20118, 37, 2662, 178.02, 5
2026/10/03 11:19:48.182, 20118, 37, 2662, 178.02, 5
2026/10/03 11:19:48.232, 20118, 37, 2662, 178.02, 5
2026/10/03 11:19:48.282, 20118, 37, 2662, 178.02, 5
2026/10/03 11:19:48.333, 20118, 37, 2662, 178.02, 5
2026/10/03 11:19:48.383, 20118, 37, 2640, 142.05, 5
2026/10/03 11:19:48.434, 20118, 37, 2640, 142.05, 5
2026/10/03 11:19:48.484, 20118, 37, 2640, 142.05, 5
2026/10/03 11:19:48.534, 20118, 37, 2640, 142.05, 5
2026/10/03 11:19:48.584, 20118, 37, 2640, 142.05, 5
2026/10/03 11:19:48.635, 20118, 37, 2640, 142.05, 5
2026/10/03 11:19:48.685, 20118, 37, 2640, 142.05, 5
2026/10/03 11:19:48.735, 20118, 37, 2640, 142.05, 5
2026/10/03 11:19:48.785, 20118, 37, 2640, 142.05, 5
2026/10/03 11:19:48.835, 20118, 37, 2640, 142.05, 5
2026/10/03 11:19:48.886, 20118, 37, 2670, 177.51, 5
2026/10/03 11:19:48.936, 20118, 37, 2670, 177.51, 5
2026/10/03 11:19:48.986, 20118, 37, 2670, 177.51, 5
2026/10/03 11:19:49.036, 20118, 37, 2670, 177.51, 5
2026/10/03 11:19:49.087, 20118, 37, 2670, 177.51, 5
2026/10/03 11:19:49.137, 20118, 37, 2670, 177.51, 5
2026/10/03 11:19:49.188, 20118, 37, 2670, 177.51, 5
2026/10/03 11:19:49.238, 20118, 37, 2670, 177.51, 5
2026/10/03 11:19:49.288, 20118, 37, 2670, 177.51, 5
2026/10/03 11:19:49.338, 20118, 37, 2670, 177.51, 5
2026/10/03 11:19:49.388, 20118, 37, 2632, 159.48, 5
2026/10/03 11:19:49.439, 20118, 37, 2632, 159.48, 5
2026/10/03 11:19:49.489, 20118, 37, 2632, 159.48, 5
2026/10/03 11:19:49.540, 20118, 37, 2632, 159.48, 5
2026/10/03 11:19:49.590, 20118, 37, 2632, 159.48, 5
2026/10/03 11:19:49.640, 20118, 37, 2632, 159.48, 5
2026/10/03 11:19:49.690, 20118, 37, 2632, 159.48, 5
2026/10/03 11:19:49.740, 20118, 37, 2632, 159.48, 5
2026/10/03 11:19:49.791, 20118, 37, 2632, 159.48, 5
2026/10/03 11:19:49.841, 20118, 37, 2632, 159.48, 5
2026/10/03 11:19:49.892, 20118, 39, 2662, 182.13, 5
2026/10/03 11:19:49.942, 20118, 39, 2662, 182.13, 5
2026/10/03 11:19:49.992, 20118, 39, 2662, 182.13, 5
2026/10/03 11:19:50.043, 20118, 39, 2662, 182.13, 5
2026/10/03 11:19:50.093, 20118, 39, 2662, 182.13, 5
2026/10/03 11:19:50.143, 20118, 39, 2662, 182.13, 5
2026/10/03 11:19:50.193, 20118, 39, 2662, 182.13, 5
2026/10/03 11:19:50.244, 20118, 39, 2662, 182.13, 5
2026/10/03 11:19:50.294, 20118, 39, 2662, 182.13, 5
2026/10/03 11:19:50.345, 20118, 39, 2662, 182.13, 5
2026/10/03 11:19:50.395, 20118, 39, 2655, 159.62, 5
2026/10/03 11:19:50.445, 20118, 39, 2655, 159.62, 5
2026/10/03 11:19:50.495, 20118, 39, 2655, 159.62, 5
2026/10/03 11:19:50.545, 20118, 39, 2655, 159.62, 5
2026/10/03 11:19:50.596, 20118, 39, 2655, 159.62, 5
2026/10/03 11:19:50.646, 20118, 39, 2655, 159.62, 5
2026/10/03 11:19:50.696, 20118, 39, 2655, 159.62, 5
2026/10/03 11:19:50.746, 20118, 39, 2655, 159.62, 5
2026/10/03 11:19:50.796, 20118, 39, 2655, 159.62, 5
2026/10/03 11:19:50.847, 20118, 39, 2655, 159.62, 5
2026/10/03 11:19:50.897, 20118, 34, 2647, 155.11, 5
2026/10/03 11:19:50.947, 20118, 34, 2647, 155.11, 5
2026/10/03 11:19:50.998, 20118, 34, 2647, 155.11, 5
2026/10/03 11:19:51.048, 20118, 34, 2647, 155.11, 5
2026/10/03 11:19:51.098, 20118, 34, 2647, 155.11, 5
2026/10/03 11:19:51.149, 20118, 34, 2647, 155.11, 5
2026/10/03 11:19:51.199, 20118, 34, 2647, 155.11, 5
2026/10/03 11:19:51.249, 20118, 34, 2647, 155.11, 5
2026/10/03 11:19:51.299, 20118, 34, 2647, 155.11, 5
2026/10/03 11:19:51.349, 20118, 34, 2647, 155.11, 5
2026/10/03 11:19:51.400, 20118, 34, 2670, 179.00, 5
2026/10/03 11:19:51.450, 20118, 34, 2670, 179.00, 5
2026/10/03 11:19:51.501, 20118, 34, 2670, 179.00, 5
2026/10/03 11:19:51.551, 20118, 34, 2670, 179.00, 5
2026/10/03 11:19:51.601, 20118, 34, 2670, 179.00, 5
2026/10/03 11:19:51.651, 20118, 34, 2670, 179.00, 5
2026/10/03 11:19:51.701, 20118, 34, 2670, 179.00, 5
2026/10/03 11:19:51.752, 20118, 34, 2670, 179.00, 5
2026/10/03 11:19:51.802, 20118, 34, 2670, 179.00, 5
2026/10/03 11:19:51.852, 20118, 34, 2670, 179.00, 5
2026/10/03 11:19:51.902, 20118, 27, 2647, 142.54, 5
2026/10/03 11:19:51.953, 20118, 27, 2647, 142.54, 5
2026/10/03 11:19:52.003, 20118, 27, 2647, 142.54, 5
2026/10/03 11:19:52.054, 20118, 27, 2647, 142.54, 5
2026/10/03 11:19:52.104, 20118, 27, 2647, 142.54, 5
2026/10/03 11:19:52.154, 20118, 27, 2647, 142.54, 5
2026/10/03 11:19:52.205, 20118, 27, 2647, 142.54, 5
2026/10/03 11:19:52.255, 20118, 27, 2647, 142.54, 5
2026/10/03 11:19:52.305, 20118, 27, 2647, 142.54, 5
2026/10/03 11:19:52.356, 20118, 27, 2662, 198.43, 5
2026/10/03 11:19:52.406, 20118, 27, 2662, 198.43, 5
2026/10/03 11:19:52.456, 20118, 27, 2662, 198.43, 5
2026/10/03 11:19:52.506, 20118, 27, 2662, 198.43, 5
2026/10/03 11:19:52.557, 20118, 27, 2662, 198.43, 5
2026/10/03 11:19:52.607, 20118, 27, 2662, 198.43, 5
2026/10/03 11:19:52.658, 20118, 27, 2662, 198.43, 5
2026/10/03 11:19:52.708, 20118, 27, 2662, 198.43, 5
2026/10/03 11:19:52.758, 20118, 27, 2662, 198.43, 5
2026/10/03 11:19:52.809, 20118, 27, 2662, 198.43, 5
2026/10/03 11:19:52.859, 20118, 28, 2640, 139.86, 5
2026/10/03 11:19:52.910, 20118, 28, 2640, 139.86, 5
2026/10/03 11:19:52.960, 20118, 28, 2640, 139.86, 5
2026/10/03 11:19:53.011, 20118, 28, 2640, 139.86, 5
2026/10/03 11:19:53.061, 20118, 28, 2640, 139.86, 5
2026/10/03 11:19:53.111, 20118, 28, 2640, 139.86, 5
2026/10/03 11:19:53.162, 20118, 28, 2640, 139.86, 5
2026/10/03 11:19:53.212, 20118, 28, 2640, 139.86, 5
2026/10/03 11:19:53.262, 20118, 28, 2640, 139.86, 5
2026/10/03 11:19:53.312, 20118, 28, 2640, 139.86, 5
2026/10/03 11:19:53.362, 20118, 28, 2662, 172.65, 5
2026/10/03 11:19:53.413, 20118, 28, 2662, 172.65, 5
2026/10/03 11:19:53.463, 20118, 28, 2662, 172.65, 5
2026/10/03 11:19:53.513, 20118, 28, 2662, 172.65, 5
2026/10/03 11:19:53.563, 20118, 28, 2662, 172.65, 5
2026/10/03 11:19:53.614, 20118, 28, 2662, 172.65, 5
2026/10/03 11:19:53.664, 20118, 28, 2662, 172.65, 5
2026/10/03 11:19:53.714, 20118, 28, 2662, 172.65, 5
2026/10/03 11:19:53.765, 20118, 28, 2662, 172.65, 5
2026/10/03 11:19:53.815, 20118, 28, 2662, 172.65, 5
2026/10/03 11:19:53.865, 20118, 32, 2632, 149.26, 5
2026/10/03 11:19:53.916, 20118, 32, 2632, 149.26, 5
2026/10/03 11:19:53.966, 20118, 32, 2632, 149.26, 5
2026/10/03 11:19:54.016, 20118, 32, 2632, 149.26, 5
2026/10/03 11:19:54.066, 20118, 32, 2632, 149.26, 5
2026/10/03 11:19:54.117, 20118, 32, 2632, 149.26, 5
2026/10/03 11:19:54.167, 20118, 32, 2632, 149.26, 5
2026/10/03 11:19:54.218, 20118, 32, 2632, 149.26, 5
2026/10/03 11:19:54.268, 20118, 32, 2632, 149.26, 5
2026/10/03 11:19:54.319, 20118, 32, 2632, 149.26, 5
2026/10/03 11:19:54.369, 20118, 32, 2655, 151.94, 5
2026/10/03 11:19:54.419, 20118, 32, 2655, 151.94, 5
2026/10/03 11:19:54.470, 20118, 32, 2655, 151.94, 5
2026/10/03 11:19:54.520, 20118, 32, 2655, 151.94, 5
2026/10/03 11:19:54.570, 20118, 32, 2655, 151.94, 5
2026/10/03 11:19:54.620, 20118, 32, 2655, 151.94, 5
2026/10/03 11:19:54.671, 20118, 32, 2655, 151.94, 5
2026/10/03 11:19:54.721, 20118, 32, 2655, 151.94, 5
2026/10/03 11:19:54.772, 20118, 32, 2655, 151.94, 5
2026/10/03 11:19:54.822, 20118, 32, 2655, 151.94, 5
2026/10/03 11:19:54.872, 20118, 34, 2655, 164.55, 5
2026/10/03 11:19:54.923, 20118, 34, 2655, 164.55, 5
2026/10/03 11:19:54.973, 20118, 34, 2655, 164.55, 5
2026/10/03 11:19:55.023, 20118, 34, 2655, 164.55, 5
2026/10/03 11:19:55.073, 20118, 34, 2655, 164.55, 5
2026/10/03 11:19:55.124, 20118, 34, 2655, 164.55, 5
2026/10/03 11:19:55.174, 20118, 34, 2655, 164.55, 5
2026/10/03 11:19:55.225, 20118, 34, 2655, 164.55, 5
2026/10/03 11:19:55.275, 20118, 34, 2655, 164.55, 5
2026/10/03 11:19:55.325, 20118, 34, 2655, 164.55, 5
2026/10/03 11:19:55.375, 20118, 34, 2647, 154.52, 5
2026/10/03 11:19:55.425, 20118, 34, 2647, 154.52, 5
2026/10/03 11:19:55.476, 20118, 34, 2647, 154.52, 5
2026/10/03 11:19:55.526, 20118, 34, 2647, 154.52, 5
2026/10/03 11:19:55.576, 20118, 34, 2647, 154.52, 5
2026/10/03 11:19:55.626, 20118, 34, 2647, 154.52, 5
2026/10/03 11:19:55.676, 20118, 34, 2647, 154.52, 5
2026/10/03 11:19:55.727, 20118, 34, 2647, 154.52, 5
2026/10/03 11:19:55.777, 20118, 34, 2647, 154.52, 5
2026/10/03 11:19:55.827, 20118, 34, 2647, 154.52, 5
2026/10/03 11:19:55.878, 20118, 30, 2662, 165.15, 5
2026/10/03 11:19:55.928, 20118, 30, 2662, 165.15, 5
2026/10/03 11:19:55.978, 20118, 30, 2662, 165.15, 5
2026/10/03 11:19:56.028, 20118, 30, 2662, 165.15, 5
2026/10/03 11:19:56.079, 20118, 30, 2662, 165.15, 5
2026/10/03 11:19:56.129, 20118, 30, 2662, 165.15, 5
2026/10/03 11:19:56.180, 20118, 30, 2662, 165.15, 5
2026/10/03 11:19:56.230, 20118, 30, 2662, 165.15, 5
2026/10/03 11:19:56.280, 20118, 30, 2662, 165.15, 5
2026/10/03 11:19:56.330, 20118, 30, 2662, 165.15, 5
2026/10/03 11:19:56.380, 20118, 30, 2647, 165.72, 5
2026/10/03 11:19:56.431, 20118, 30, 2647, 165.72, 5
2026/10/03 11:19:56.481, 20118, 30, 2647, 165.72, 5
2026/10/03 11:19:56.532, 20118, 30, 2647, 165.72, 5
2026/10/03 11:19:56.582, 20118, 30, 2647, 165.72, 5
2026/10/03 11:19:56.632, 20118, 30, 2647, 165.72, 5
2026/10/03 11:19:56.682, 20118, 30, 2647, 165.72, 5
2026/10/03 11:19:56.733, 20118, 30, 2647, 165.72, 5
2026/10/03 11:19:56.783, 20118, 30, 2647, 165.72, 5
2026/10/03 11:19:56.833, 20118, 30, 2647, 165.72, 5
2026/10/03 11:19:56.884, 20118, 31, 2632, 150.89, 5
2026/10/03 11:19:56.934, 20118, 31, 2632, 150.89, 5
2026/10/03 11:19:56.984, 20118, 31, 2632, 150.89, 5
2026/10/03 11:19:57.035, 20118, 31, 2632, 150.89, 5
2026/10/03 11:19:57.085, 20118, 31, 2632, 150.89, 5
2026/10/03 11:19:57.136, 20118, 31, 2632, 150.89, 5
2026/10/03 11:19:57.186, 20118, 31, 2632, 150.89, 5
2026/10/03 11:19:57.236, 20118, 31, 2632, 150.89, 5
2026/10/03 11:19:57.286, 20118, 31, 2632, 150.89, 5
2026/10/03 11:19:57.336, 20118, 31, 2632, 150.89, 5
2026/10/03 11:19:57.387, 20118, 31, 2647, 146.85, 5
2026/10/03 11:19:57.437, 20118, 31, 2647, 146.85, 5
2026/10/03 11:19:57.487, 20118, 31, 2647, 146.85, 5
2026/10/03 11:19:57.537, 20118, 31, 2647, 146.85, 5
2026/10/03 11:19:57.588, 20118, 31, 2647, 146.85, 5
2026/10/03 11:19:57.638, 20118, 31, 2647, 146.85, 5
2026/10/03 11:19:57.688, 20118, 31, 2647, 146.85, 5
2026/10/03 11:19:57.738, 20118, 31, 2647, 146.85, 5
2026/10/03 11:19:57.788, 20118, 31, 2647, 146.85, 5
2026/10/03 11:19:57.839, 20118, 31, 2647, 146.85, 5
2026/10/03 11:19:57.889, 20118, 28, 2647, 148.65, 5
2026/10/03 11:19:57.939, 20118, 28, 2647, 148.65, 5
2026/10/03 11:19:57.989, 20118, 28, 2647, 148.65, 5
2026/10/03 11:19:58.040, 20118, 28, 2647, 148.65, 5
2026/10/03 11:19:58.090, 20118, 28, 2647, 148.65, 5
2026/10/03 11:19:58.140, 20118, 28, 2647, 148.65, 5
2026/10/03 11:19:58.190, 20118, 28, 2647, 148.65, 5
2026/10/03 11:19:58.240, 20118, 28, 2647, 148.65, 5
2026/10/03 11:19:58.291, 20118, 28, 2647, 148.65, 5
2026/10/03 11:19:58.341, 20118, 28, 2647, 148.65, 5
2026/10/03 11:19:58.391, 20118, 28, 2482, 68.56, 5
2026/10/03 11:19:58.441, 20118, 28, 2482, 68.56, 5
2026/10/03 11:19:58.491, 20118, 28, 2482, 68.56, 5
2026/10/03 11:19:58.541, 20118, 28, 2482, 68.56, 5
2026/10/03 11:19:58.592, 20118, 28, 2482, 68.56, 5
2026/10/03 11:19:58.642, 20118, 28, 2482, 68.56, 5
2026/10/03 11:19:58.692, 20118, 28, 2482, 68.56, 5
2026/10/03 11:19:58.742, 20118, 28, 2482, 68.56, 5
2026/10/03 11:19:58.792, 20118, 28, 2482, 68.56, 5
2026/10/03 11:19:58.842, 20118, 28, 2482, 68.56, 5
2026/10/03 11:19:58.892, 20118, 0, 2482, 68.94, 5
2026/10/03 11:19:58.943, 20118, 0, 2482, 68.94, 5
2026/10/03 11:19:58.993, 20118, 0, 2482, 68.94, 5
2026/10/03 11:19:59.043, 20118, 0, 2482, 68.94, 5
2026/10/03 11:19:59.093, 20118, 0, 2482, 68.94, 5
2026/10/03 11:19:59.144, 20118, 0, 2482, 68.94, 5
2026/10/03 11:19:59.194, 20118, 0, 2482, 68.94, 5
2026/10/03 11:19:59.244, 20118, 0, 2482, 68.94, 5
2026/10/03 11:19:59.294, 20118, 0, 2482, 68.94, 5
2026/10/03 11:19:59.345, 20118, 0, 2482, 68.94, 5
2026/10/03 11:19:59.395, 20118, 0, 2475, 67.77, 5
2026/10/03 11:19:59.445, 20118, 0, 2475, 67.77, 5
2026/10/03 11:19:59.495, 20118, 0, 2475, 67.77, 5
2026/10/03 11:19:59.545, 20118, 0, 2475, 67.77, 5
2026/10/03 11:19:59.596, 20120, 0, 2475, 67.77, 5
2026/10/03 11:19:59.646, 20120, 0, 2475, 67.77, 5
2026/10/03 11:19:59.696, 20120, 0, 2475, 67.77, 5
2026/10/03 11:19:59.746, 20120, 0, 2475, 67.77, 5
2026/10/03 11:19:59.796, 20120, 0, 2475, 67.77, 5
2026/10/03 11:19:59.847, 20120, 0, 2475, 67.77, 5
2026/10/03 11:19:59.897, 20120, 0, 2482, 68.35, 5
2026/10/03 11:19:59.947, 20120, 0, 2482, 68.35, 5
2026/10/03 11:19:59.997, 20120, 0, 2482, 68.35, 5
2026/10/03 11:20:00.047, 20122, 0, 2482, 68.35, 5
2026/10/03 11:20:00.098, 20122, 0, 2482, 68.35, 5
2026/10/03 11:20:00.148, 20122, 0, 2482, 68.35, 5
2026/10/03 11:20:00.198, 20122, 0, 2482, 68.35, 5
2026/10/03 11:20:00.248, 20122, 0, 2482, 68.35, 5
2026/10/03 11:20:00.298, 20122, 0, 2482, 68.35, 5
2026/10/03 11:20:00.348, 20122, 0, 2482, 68.35, 5
2026/10/03 11:20:00.398, 20122, 0, 2482, 67.51, 5
2026/10/03 11:20:00.449, 20122, 0, 2482, 67.51, 5
2026/10/03 11:20:00.499, 20122, 0, 2482, 67.51, 5
2026/10/03 11:20:00.549, 20122, 0, 2482, 67.51, 5
2026/10/03 11:20:00.599, 20122, 0, 2482, 67.51, 5
2026/10/03 11:20:00.649, 20122, 0, 2482, 67.51, 5
2026/10/03 11:20:00.700, 20122, 0, 2482, 67.51, 5
2026/10/03 11:20:00.750, 20122, 0, 2482, 67.51, 5
2026/10/03 11:20:00.800, 20122, 0, 2482, 67.51, 5
2026/10/03 11:20:00.850, 20122, 0, 2482, 67.51, 5
2026/10/03 11:20:00.900, 20122, 0, 2475, 67.83, 5
2026/10/03 11:20:00.951, 20122, 0, 2475, 67.83, 5
2026/10/03 11:20:01.001, 20122, 0, 2475, 67.83, 5
2026/10/03 11:20:01.051, 20122, 0, 2475, 67.83, 5
2026/10/03 11:20:01.101, 20122, 0, 2475, 67.83, 5
2026/10/03 11:20:01.151, 20122, 0, 2475, 67.83, 5
2026/10/03 11:20:01.202, 20122, 0, 2475, 67.83, 5
2026/10/03 11:20:01.252, 20122, 0, 2475, 67.83, 5
2026/10/03 11:20:01.302, 20124, 0, 2475, 67.83, 5
2026/10/03 11:20:01.352, 20124, 0, 2475, 67.83, 5
2026/10/03 11:20:01.402, 20124, 0, 2482, 69.18, 5
2026/10/03 11:20:01.452, 20124, 0, 2482, 69.18, 5
2026/10/03 11:20:01.503, 20124, 0, 2482, 69.18, 5
2026/10/03 11:20:01.553, 20124, 0, 2482, 69.18, 5
2026/10/03 11:20:01.603, 20124, 0, 2482, 69.18, 5
2026/10/03 11:20:01.653, 20124, 0, 2482, 69.18, 5
2026/10/03 11:20:01.703, 20124, 0, 2482, 69.18, 5
2026/10/03 11:20:01.754, 20126, 0, 2482, 69.18, 5
2026/10/03 11:20:01.804, 20126, 0, 2482, 69.18, 5
2026/10/03 11:20:01.854, 20126, 0, 2482, 69.18, 5
2026/10/03 11:20:01.904, 20126, 0, 2482, 68.52, 5
2026/10/03 11:20:01.954, 20126, 0, 2482, 68.52, 5
2026/10/03 11:20:02.004, 20126, 0, 2482, 68.52, 5
2026/10/03 11:20:02.055, 20126, 0, 2482, 68.52, 5
2026/10/03 11:20:02.105, 20126, 0, 2482, 68.52, 5
2026/10/03 11:20:02.155, 20126, 0, 2482, 68.52, 5
2026/10/03 11:20:02.205, 20128, 0, 2482, 68.52, 5
2026/10/03 11:20:02.255, 20128, 0, 2482, 68.52, 5
2026/10/03 11:20:02.305, 20128, 0, 2482, 68.52, 5
2026/10/03 11:20:02.356, 20128, 0, 2482, 69.04, 5
2026/10/03 11:20:02.406, 20128, 0, 2482, 69.04, 5
2026/10/03 11:20:02.456, 20128, 0, 2482, 69.04, 5
2026/10/03 11:20:02.506, 20128, 0, 2482, 69.04, 5
2026/10/03 11:20:02.556, 20128, 0, 2482, 69.04, 5
2026/10/03 11:20:02.607, 20128, 0, 2482, 69.04, 5
2026/10/03 11:20:02.657, 20128, 0, 2482, 69.04, 5
2026/10/03 11:20:02.707, 20128, 0, 2482, 69.04, 5
2026/10/03 11:20:02.757, 20128, 0, 2482, 69.04, 5
2026/10/03 11:20:02.807, 20128, 0, 2482, 69.04, 5
2026/10/03 11:20:02.857, 20128, 0, 2475, 67.96, 5
2026/10/03 11:20:02.908, 20128, 0, 2475, 67.96, 5
2026/10/03 11:20:02.958, 20128, 0, 2475, 67.96, 5
2026/10/03 11:20:03.008, 20128, 0, 2475, 67.96, 5
2026/10/03 11:20:03.058, 20128, 0, 2475, 67.96, 5
2026/10/03 11:20:03.108, 20128, 0, 2475, 67.96, 5
2026/10/03 11:20:03.159, 20128, 0, 2475, 67.96, 5
2026/10/03 11:20:03.209, 20128, 0, 2475, 67.96, 5
2026/10/03 11:20:03.259, 20128, 0, 2475, 67.96, 5
2026/10/03 11:20:03.309, 20128, 0, 2475, 67.96, 5
2026/10/03 11:20:03.359, 20128, 0, 2475, 68.25, 5
2026/10/03 11:20:03.409, 20128, 0, 2475, 68.25, 5
2026/10/03 11:20:03.460, 20130, 0, 2475, 68.25, 5
2026/10/03 11:20:03.510, 20130, 0, 2475, 68.25, 5
2026/10/03 11:20:03.560, 20130, 0, 2475, 68.25, 5
2026/10/03 11:20:03.610, 20130, 0, 2475, 68.25, 5
2026/10/03 11:20:03.660, 20130, 0, 2475, 68.25, 5
2026/10/03 11:20:03.710, 20130, 0, 2475, 68.25, 5
2026/10/03 11:20:03.761, 20130, 0, 2475, 68.25, 5
2026/10/03 11:20:03.811, 20130, 0, 2475, 68.25, 5
2026/10/03 11:20:03.861, 20130, 0, 2482, 68.11, 5
2026/10/03 11:20:03.911, 20132, 0, 2482, 68.11, 5
2026/10/03 11:20:03.961, 20132, 0, 2482, 68.11, 5
2026/10/03 11:20:04.011, 20132, 0, 2482, 68.11, 5
2026/10/03 11:20:04.062, 20132, 0, 2482, 68.11, 5
2026/10/03 11:20:04.112, 20132, 0, 2482, 68.11, 5
2026/10/03 11:20:04.162, 20132, 0, 2482, 68.11, 5
2026/10/03 11:20:04.212, 20132, 0, 2482, 68.11, 5
2026/10/03 11:20:04.262, 20132, 0, 2482, 68.11, 5
2026/10/03 11:20:04.313, 20132, 0, 2482, 68.11, 5
2026/10/03 11:20:04.363, 20132, 0, 2475, 68.07, 5
2026/10/03 11:20:04.413, 20132, 0, 2475, 68.07, 5
2026/10/03 11:20:04.463, 20132, 0, 2475, 68.07, 5
2026/10/03 11:20:04.513, 20132, 0, 2475, 68.07, 5
2026/10/03 11:20:04.564, 20132, 0, 2475, 68.07, 5
2026/10/03 11:20:04.614, 20132, 0, 2475, 68.07, 5
2026/10/03 11:20:04.664, 20132, 0, 2475, 68.07, 5
2026/10/03 11:20:04.714, 20132, 0, 2475, 68.07, 5
2026/10/03 11:20:04.764, 20132, 0, 2475, 68.07, 5
2026/10/03 11:20:04.814, 20132, 0, 2475, 68.07, 5
2026/10/03 11:20:04.865, 20132, 0, 2482, 68.46, 5
2026/10/03 11:20:04.915, 20132, 0, 2482, 68.46, 5
2026/10/03 11:20:04.965, 20132, 0, 2482, 68.46, 5
2026/10/03 11:20:05.016, 20132, 0, 2482, 68.46, 5
2026/10/03 11:20:05.066, 20132, 0, 2482, 68.46, 5
2026/10/03 11:20:05.116, 20132, 0, 2482, 68.46, 5
2026/10/03 11:20:05.166, 20134, 0, 2482, 68.46, 5
2026/10/03 11:20:05.217, 20134, 0, 2482, 68.46, 5
2026/10/03 11:20:05.267, 20134, 0, 2482, 68.46, 5
2026/10/03 11:20:05.317, 20134, 0, 2482, 68.46, 5
2026/10/03 11:20:05.367, 20134, 0, 2482, 67.80, 5
2026/10/03 11:20:05.417, 20134, 0, 2482, 67.80, 5
2026/10/03 11:20:05.467, 20134, 0, 2482, 67.80, 5
2026/10/03 11:20:05.518, 20134, 0, 2482, 67.80, 5
2026/10/03 11:20:05.568, 20134, 0, 2482, 67.80, 5
2026/10/03 11:20:05.618, 20136, 0, 2482, 67.80, 5
2026/10/03 11:20:05.668, 20136, 0, 2482, 67.80, 5
2026/10/03 11:20:05.718, 20136, 0, 2482, 67.80, 5
2026/10/03 11:20:05.768, 20136, 0, 2482, 67.80, 5
2026/10/03 11:20:05.819, 20136, 0, 2482, 67.80, 5
2026/10/03 11:20:05.869, 20136, 0, 2475, 67.31, 5
2026/10/03 11:20:05.919, 20136, 0, 2475, 67.31, 5
2026/10/03 11:20:05.969, 20136, 0, 2475, 67.31, 5
2026/10/03 11:20:06.019, 20136, 0, 2475, 67.31, 5
2026/10/03 11:20:06.070, 20136, 0, 2475, 67.31, 5
2026/10/03 11:20:06.120, 20136, 0, 2475, 67.31, 5
2026/10/03 11:20:06.170, 20136, 0, 2475, 67.31, 5
2026/10/03 11:20:06.220, 20136, 0, 2475, 67.31, 5
2026/10/03 11:20:06.271, 20136, 0, 2475, 67.31, 5
2026/10/03 11:20:06.321, 20136, 0, 2475, 67.31, 5
2026/10/03 11:20:06.371, 20136, 0, 2475, 67.29, 5
2026/10/03 11:20:06.421, 20136, 0, 2475, 67.29, 5
2026/10/03 11:20:06.471, 20136, 0, 2475, 67.29, 5
2026/10/03 11:20:06.521, 20136, 0, 2475, 67.29, 5
2026/10/03 11:20:06.572, 20136, 0, 2475, 67.29, 5
2026/10/03 11:20:06.622, 20136, 0, 2475, 67.29, 5
2026/10/03 11:20:06.672, 20136, 0, 2475, 67.29, 5
2026/10/03 11:20:06.722, 20136, 0, 2475, 67.29, 5
2026/10/03 11:20:06.772, 20136, 0, 2475, 67.29, 5
2026/10/03 11:20:06.823, 20136, 0, 2475, 67.29, 5
2026/10/03 11:20:06.873, 20138, 0, 2475, 67.34, 5
2026/10/03 11:20:06.923, 20138, 0, 2475, 67.34, 5
2026/10/03 11:20:06.973, 20138, 0, 2475, 67.34, 5
2026/10/03 11:20:07.023, 20138, 0, 2475, 67.34, 5
2026/10/03 11:20:07.073, 20138, 0, 2475, 67.34, 5
2026/10/03 11:20:07.123, 20138, 0, 2475, 67.34, 5
2026/10/03 11:20:07.174, 20138, 0, 2475, 67.34, 5
2026/10/03 11:20:07.224, 20138, 0, 2475, 67.34, 5
2026/10/03 11:20:07.274, 20140, 0, 2475, 67.34, 5
2026/10/03 11:20:07.324, 20140, 0, 2475, 67.34, 5
2026/10/03 11:20:07.374, 20140, 0, 2482, 68.12, 5
2026/10/03 11:20:07.424, 20140, 0, 2482, 68.12, 5
2026/10/03 11:20:07.475, 20140, 0, 2482, 68.12, 5
2026/10/03 11:20:07.525, 20140, 0, 2482, 68.12, 5
2026/10/03 11:20:07.575, 20140, 0, 2482, 68.12, 5
2026/10/03 11:20:07.625, 20140, 0, 2482, 68.12, 5
2026/10/03 11:20:07.676, 20140, 0, 2482, 68.12, 5
2026/10/03 11:20:07.726, 20140, 0, 2482, 68.12, 5
2026/10/03 11:20:07.776, 20140, 0, 2482, 68.12, 5
2026/10/03 11:20:07.826, 20140, 0, 2482, 68.12, 5
2026/10/03 11:20:07.876, 20140, 0, 2475, 67.68, 5
2026/10/03 11:20:07.926, 20140, 0, 2475, 67.68, 5
2026/10/03 11:20:07.977, 20140, 0, 2475, 67.68, 5
2026/10/03 11:20:08.027, 20140, 0, 2475, 67.68, 5
2026/10/03 11:20:08.077, 20140, 0, 2475, 67.68, 5
2026/10/03 11:20:08.127, 20140, 0, 2475, 67.68, 5
2026/10/03 11:20:08.177, 20140, 0, 2475, 67.68, 5
2026/10/03 11:20:08.228, 20140, 0, 2475, 67.68, 5
2026/10/03 11:20:08.278, 20140, 0, 2475, 67.68, 5
2026/10/03 11:20:08.328, 20140, 0, 2475, 67.68, 5
2026/10/03 11:20:08.378, 20140, 0, 2482, 67.20, 5
2026/10/03 11:20:08.428, 20140, 0, 2482, 67.20, 5
2026/10/03 11:20:08.479, 20140, 0, 2482, 67.20, 5
2026/10/03 11:20:08.529, 20140, 0, 2482, 67.20, 5
2026/10/03 11:20:08.579, 20142, 0, 2482, 67.20, 5
2026/10/03 11:20:08.629, 20142, 0, 2482, 67.20, 5
2026/10/03 11:20:08.679, 20142, 0, 2482, 67.20, 5
2026/10/03 11:20:08.729, 20142, 0, 2482, 67.20, 5
2026/10/03 11:20:08.780, 20144, 0, 2482, 67.20, 5
2026/10/03 11:20:08.830, 20144, 0, 2482, 67.20, 5
2026/10/03 11:20:08.880, 20144, 0, 2482, 67.61, 5
2026/10/03 11:20:08.930, 20144, 0, 2482, 67.61, 5
2026/10/03 11:20:08.980, 20144, 0, 2482, 67.61, 5
2026/10/03 11:20:09.030, 20144, 0, 2482, 67.61, 5
2026/10/03 11:20:09.081, 20144, 0, 2482, 67.61, 5
2026/10/03 11:20:09.131, 20144, 0, 2482, 67.61, 5
2026/10/03 11:20:09.181, 20144, 0, 2482, 67.61, 5
2026/10/03 11:20:09.231, 20144, 0, 2482, 67.61, 5
2026/10/03 11:20:09.281, 20144, 0, 2482, 67.61, 5
2026/10/03 11:20:09.332, 20144, 0, 2482, 67.61, 5
2026/10/03 11:20:09.382, 20144, 0, 2475, 66.94, 5
2026/10/03 11:20:09.432, 20144, 0, 2475, 66.94, 5
2026/10/03 11:20:09.482, 20144, 0, 2475, 66.94, 5
2026/10/03 11:20:09.532, 20144, 0, 2475, 66.94, 5
2026/10/03 11:20:09.583, 20144, 0, 2475, 66.94, 5
2026/10/03 11:20:09.633, 20144, 0, 2475, 66.94, 5
2026/10/03 11:20:09.683, 20144, 0, 2475, 66.94, 5
2026/10/03 11:20:09.733, 20144, 0, 2475, 66.94, 5
2026/10/03 11:20:09.783, 20144, 0, 2475, 66.94, 5
2026/10/03 11:20:09.833, 20144, 0, 2475, 66.94, 5
2026/10/03 11:20:09.884, 20144, 2, 2482, 67.92, 5
2026/10/03 11:20:09.934, 20144, 2, 2482, 67.92, 5
2026/10/03 11:20:09.984, 20144, 2, 2482, 67.92, 5
2026/10/03 11:20:10.034, 20144, 2, 2482, 67.92, 5
2026/10/03 11:20:10.084, 20144, 2, 2482, 67.92, 5
2026/10/03 11:20:10.135, 20144, 2, 2482, 67.92, 5
2026/10/03 11:20:10.185, 20144, 2, 2482, 67.92, 5
2026/10/03 11:20:10.235, 20144, 2, 2482, 67.92, 5
2026/10/03 11:20:10.285, 20146, 2, 2482, 67.92, 5
2026/10/03 11:20:10.335, 20146, 2, 2482, 67.92, 5
2026/10/03 11:20:10.385, 20146, 2, 2482, 67.63, 5
2026/10/03 11:20:10.436, 20146, 2, 2482, 67.63, 5
2026/10/03 11:20:10.486, 20148, 2, 2482, 67.63, 5
2026/10/03 11:20:10.536, 20148, 2, 2482, 67.63, 5
2026/10/03 11:20:10.586, 20148, 2, 2482, 67.63, 5
2026/10/03 11:20:10.636, 20148, 2, 2482, 67.63, 5
2026/10/03 11:20:10.686, 20148, 2, 2482, 67.63, 5
2026/10/03 11:20:10.736, 20148, 2, 2482, 67.63, 5
2026/10/03 11:20:10.787, 20148, 2, 2482, 67.63, 5
2026/10/03 11:20:10.837, 20148, 2, 2482, 67.63, 5
2026/10/03 11:20:10.887, 20148, 0, 2482, 67.64, 5
2026/10/03 11:20:10.937, 20148, 0, 2482, 67.64, 5
2026/10/03 11:20:10.987, 20148, 0, 2482, 67.64, 5
2026/10/03 11:20:11.038, 20148, 0, 2482, 67.64, 5
2026/10/03 11:20:11.088, 20148, 0, 2482, 67.64, 5
2026/10/03 11:20:11.138, 20148, 0, 2482, 67.64, 5
2026/10/03 11:20:11.188, 20148, 0, 2482, 67.64, 5
2026/10/03 11:20:11.238, 20148, 0, 2482, 67.64, 5
2026/10/03 11:20:11.289, 20148, 0, 2482, 67.64, 5
2026/10/03 11:20:11.339, 20148, 0, 2482, 67.64, 5
2026/10/03 11:20:11.389, 20148, 0, 2475, 67.17, 5
2026/10/03 11:20:11.439, 20148, 0, 2475, 67.17, 5
2026/10/03 11:20:11.489, 20148, 0, 2475, 67.17, 5
2026/10/03 11:20:11.540, 20150, 0, 2475, 67.17, 5
2026/10/03 11:20:11.590, 20150, 0, 2475, 67.17, 5
2026/10/03 11:20:11.640, 20150, 0, 2475, 67.17, 5
2026/10/03 11:20:11.690, 20150, 0, 2475, 67.17, 5
2026/10/03 11:20:11.740, 20150, 0, 2475, 67.17, 5
2026/10/03 11:20:11.791, 20150, 0, 2475, 67.17, 5
2026/10/03 11:20:11.841, 20150, 0, 2475, 67.17, 5
2026/10/03 11:20:11.891, 20150, 0, 2475, 67.90, 5
2026/10/03 11:20:11.941, 20150, 0, 2475, 67.90, 5
2026/10/03 11:20:11.991, 20150, 0, 2475, 67.90, 5
2026/10/03 11:20:12.042, 20150, 0, 2475, 67.90, 5
2026/10/03 11:20:12.092, 20150, 0, 2475, 67.90, 5
2026/10/03 11:20:12.142, 20150, 0, 2475, 67.90, 5
2026/10/03 11:20:12.192, 20152, 0, 2475, 67.90, 5
2026/10/03 11:20:12.242, 20152, 0, 2475, 67.90, 5
2026/10/03 11:20:12.292, 20152, 0, 2475, 67.90, 5
2026/10/03 11:20:12.342, 20152, 0, 2475, 67.90, 5
2026/10/03 11:20:12.393, 20152, 0, 2482, 67.42, 5
2026/10/03 11:20:12.443, 20152, 0, 2482, 67.42, 5
2026/10/03 11:20:12.493, 20152, 0, 2482, 67.42, 5
2026/10/03 11:20:12.543, 20152, 0, 2482, 67.42, 5
2026/10/03 11:20:12.593, 20152, 0, 2482, 67.42, 5
2026/10/03 11:20:12.643, 20152, 0, 2482, 67.42, 5
2026/10/03 11:20:12.694, 20152, 0, 2482, 67.42, 5
2026/10/03 11:20:12.744, 20152, 0, 2482, 67.42, 5
2026/10/03 11:20:12.794, 20152, 0, 2482, 67.42, 5
2026/10/03 11:20:12.844, 20152, 0, 2482, 67.42, 5
2026/10/03 11:20:12.894, 20152, 0, 2475, 67.53, 5
2026/10/03 11:20:12.945, 20152, 0, 2475, 67.53, 5
2026/10/03 11:20:12.995, 20152, 0, 2475, 67.53, 5
2026/10/03 11:20:13.045, 20152, 0, 2475, 67.53, 5
2026/10/03 11:20:13.095, 20152, 0, 2475, 67.53, 5
2026/10/03 11:20:13.145, 20152, 0, 2475, 67.53, 5
2026/10/03 11:20:13.195, 20152, 0, 2475, 67.53, 5
2026/10/03 11:20:13.246, 20154, 0, 2475, 67.53, 5
2026/10/03 11:20:13.296, 20154, 0, 2475, 67.53, 5
2026/10/03 11:20:13.346, 20154, 0, 2475, 67.53, 5
2026/10/03 11:20:13.396, 20154, 0, 2482, 67.22, 5
2026/10/03 11:20:13.446, 20154, 0, 2482, 67.22, 5
2026/10/03 11:20:13.497, 20154, 0, 2482, 67.22, 5
2026/10/03 11:20:13.547, 20154, 0, 2482, 67.22, 5
2026/10/03 11:20:13.597, 20154, 0, 2482, 67.22, 5
2026/10/03 11:20:13.647, 20154, 0, 2482, 67.22, 5
2026/10/03 11:20:13.697, 20154, 0, 2482, 67.22, 5
2026/10/03 11:20:13.748, 20154, 0, 2482, 67.22, 5
2026/10/03 11:20:13.798, 20154, 0, 2482, 67.22, 5
2026/10/03 11:20:13.848, 20154, 0, 2482, 67.22, 5
2026/10/03 11:20:13.898, 20156, 0, 2482, 69.60, 5
2026/10/03 11:20:13.948, 20156, 0, 2482, 69.60, 5
2026/10/03 11:20:13.998, 20156, 0, 2482, 69.60, 5
2026/10/03 11:20:14.049, 20156, 0, 2482, 69.60, 5
2026/10/03 11:20:14.099, 20156, 0, 2482, 69.60, 5
2026/10/03 11:20:14.149, 20156, 0, 2482, 69.60, 5
2026/10/03 11:20:14.199, 20156, 0, 2482, 69.60, 5
2026/10/03 11:20:14.249, 20156, 0, 2482, 69.60, 5
2026/10/03 11:20:14.299, 20156, 0, 2482, 69.60, 5
2026/10/03 11:20:14.350, 20156, 0, 2482, 69.60, 5
2026/10/03 11:20:14.400, 20156, 0, 2482, 66.87, 5
2026/10/03 11:20:14.450, 20156, 0, 2482, 66.87, 5
2026/10/03 11:20:14.500, 20156, 0, 2482, 66.87, 5
2026/10/03 11:20:14.551, 20156, 0, 2482, 66.87, 5
2026/10/03 11:20:14.601, 20156, 0, 2482, 66.87, 5
2026/10/03 11:20:14.651, 20156, 0, 2482, 66.87, 5
2026/10/03 11:20:14.701, 20156, 0, 2482, 66.87, 5
2026/10/03 11:20:14.752, 20156, 0, 2482, 66.87, 5
2026/10/03 11:20:14.802, 20156, 0, 2482, 66.87, 5
2026/10/03 11:20:14.852, 20156, 0, 2482, 66.87, 5
2026/10/03 11:20:14.902, 20156, 0, 2475, 66.90, 5
2026/10/03 11:20:14.952, 20158, 0, 2475, 66.90, 5
2026/10/03 11:20:15.003, 20158, 0, 2475, 66.90, 5
2026/10/03 11:20:15.053, 20158, 0, 2475, 66.90, 5
2026/10/03 11:20:15.104, 20158, 0, 2475, 66.90, 5
2026/10/03 11:20:15.154, 20158, 0, 2475, 66.90, 5
2026/10/03 11:20:15.204, 20158, 0, 2475, 66.90, 5
2026/10/03 11:20:15.254, 20158, 0, 2475, 66.90, 5
2026/10/03 11:20:15.304, 20158, 0, 2475, 66.90, 5
2026/10/03 11:20:15.355, 20158, 0, 2475, 66.90, 5
2026/10/03 11:20:15.405, 20160, 0, 2475, 66.87, 5
2026/10/03 11:20:15.455, 20160, 0, 2475, 66.87, 5
2026/10/03 11:20:15.505, 20160, 0, 2475, 66.87, 5
2026/10/03 11:20:15.555, 20160, 0, 2475, 66.87, 5
2026/10/03 11:20:15.605, 20160, 0, 2475, 66.87, 5
2026/10/03 11:20:15.656, 20160, 0, 2475, 66.87, 5
2026/10/03 11:20:15.706, 20160, 0, 2475, 66.87, 5
2026/10/03 11:20:15.756, 20160, 0, 2475, 66.87, 5
2026/10/03 11:20:15.806, 20160, 0, 2475, 66.87, 5
2026/10/03 11:20:15.857, 20160, 1, 2482, 67.20, 5
2026/10/03 11:20:15.907, 20160, 1, 2482, 67.20, 5
2026/10/03 11:20:15.957, 20160, 1, 2482, 67.20, 5
2026/10/03 11:20:16.007, 20160, 1, 2482, 67.20, 5
2026/10/03 11:20:16.057, 20160, 1, 2482, 67.20, 5
2026/10/03 11:20:16.108, 20160, 1, 2482, 67.20, 5
2026/10/03 11:20:16.158, 20160, 1, 2482, 67.20, 5
2026/10/03 11:20:16.208, 20160, 1, 2482, 67.20, 5
2026/10/03 11:20:16.258, 20160, 1, 2482, 67.20, 5
2026/10/03 11:20:16.308, 20160, 1, 2482, 67.20, 5
2026/10/03 11:20:16.359, 20160, 1, 2475, 66.27, 5
2026/10/03 11:20:16.409, 20160, 1, 2475, 66.27, 5
2026/10/03 11:20:16.459, 20160, 1, 2475, 66.27, 5
2026/10/03 11:20:16.509, 20160, 1, 2475, 66.27, 5
2026/10/03 11:20:16.559, 20160, 1, 2475, 66.27, 5
2026/10/03 11:20:16.609, 20160, 1, 2475, 66.27, 5
2026/10/03 11:20:16.660, 20162, 1, 2475, 66.27, 5
2026/10/03 11:20:16.710, 20162, 1, 2475, 66.27, 5
2026/10/03 11:20:16.760, 20162, 1, 2475, 66.27, 5
2026/10/03 11:20:16.810, 20162, 1, 2475, 66.27, 5
2026/10/03 11:20:16.860, 20162, 0, 2482, 66.13, 5
2026/10/03 11:20:16.911, 20162, 0, 2482, 66.13, 5
2026/10/03 11:20:16.961, 20162, 0, 2482, 66.13, 5
2026/10/03 11:20:17.011, 20162, 0, 2482, 66.13, 5
2026/10/03 11:20:17.061, 20162, 0, 2482, 66.13, 5
2026/10/03 11:20:17.111, 20164, 0, 2482, 66.13, 5
2026/10/03 11:20:17.162, 20164, 0, 2482, 66.13, 5
2026/10/03 11:20:17.212, 20164, 0, 2482, 66.13, 5
2026/10/03 11:20:17.262, 20164, 0, 2482, 66.13, 5
2026/10/03 11:20:17.312, 20164, 0, 2482, 66.13, 5
2026/10/03 11:20:17.362, 20164, 0, 2482, 66.79, 5
2026/10/03 11:20:17.412, 20164, 0, 2482, 66.79, 5
2026/10/03 11:20:17.463, 20164, 0, 2482, 66.79, 5
2026/10/03 11:20:17.513, 20164, 0, 2482, 66.79, 5
2026/10/03 11:20:17.563, 20164, 0, 2482, 66.79, 5
2026/10/03 11:20:17.613, 20164, 0, 2482, 66.79, 5
2026/10/03 11:20:17.663, 20164, 0, 2482, 66.79, 5
2026/10/03 11:20:17.713, 20164, 0, 2482, 66.79, 5
2026/10/03 11:20:17.764, 20164, 0, 2482, 66.79, 5
2026/10/03 11:20:17.814, 20164, 0, 2482, 66.79, 5
2026/10/03 11:20:17.864, 20164, 0, 2475, 66.54, 5
2026/10/03 11:20:17.914, 20164, 0, 2475, 66.54, 5
2026/10/03 11:20:17.965, 20164, 0, 2475, 66.54, 5
2026/10/03 11:20:18.015, 20164, 0, 2475, 66.54, 5
2026/10/03 11:20:18.065, 20164, 0, 2475, 66.54, 5
2026/10/03 11:20:18.115, 20164, 0, 2475, 66.54, 5
2026/10/03 11:20:18.165, 20164, 0, 2475, 66.54, 5
2026/10/03 11:20:18.216, 20164, 0, 2475, 66.54, 5
2026/10/03 11:20:18.266, 20164, 0, 2475, 66.54, 5
2026/10/03 11:20:18.316, 20164, 0, 2475, 66.54, 5
2026/10/03 11:20:18.366, 20166, 0, 2482, 67.20, 5
2026/10/03 11:20:18.416, 20166, 0, 2482, 67.20, 5
2026/10/03 11:20:18.466, 20166, 0, 2482, 67.20, 5
2026/10/03 11:20:18.517, 20166, 0, 2482, 67.20, 5
2026/10/03 11:20:18.567, 20166, 0, 2482, 67.20, 5
2026/10/03 11:20:18.617, 20166, 0, 2482, 67.20, 5
2026/10/03 11:20:18.667, 20166, 0, 2482, 67.20, 5
2026/10/03 11:20:18.717, 20166, 0, 2482, 67.20, 5
2026/10/03 11:20:18.768, 20166, 0, 2482, 67.20, 5
2026/10/03 11:20:18.818, 20168, 0, 2482, 67.20, 5
2026/10/03 11:20:18.868, 20168, 0, 2482, 66.89, 5
2026/10/03 11:20:18.918, 20168, 0, 2482, 66.89, 5
2026/10/03 11:20:18.969, 20168, 0, 2482, 66.89, 5
2026/10/03 11:20:19.019, 20168, 0, 2482, 66.89, 5
2026/10/03 11:20:19.069, 20168, 0, 2482, 66.89, 5
2026/10/03 11:20:19.119, 20168, 0, 2482, 66.89, 5
2026/10/03 11:20:19.169, 20168, 0, 2482, 66.89, 5
2026/10/03 11:20:19.219, 20168, 0, 2482, 66.89, 5
2026/10/03 11:20:19.270, 20168, 0, 2482, 66.89, 5
2026/10/03 11:20:19.320, 20168, 0, 2482, 66.89, 5
2026/10/03 11:20:19.370, 20168, 0, 2482, 66.53, 5
2026/10/03 11:20:19.420, 20168, 0, 2482, 66.53, 5
2026/10/03 11:20:19.470, 20168, 0, 2482, 66.53, 5
2026/10/03 11:20:19.521, 20168, 0, 2482, 66.53, 5
2026/10/03 11:20:19.571, 20168, 0, 2482, 66.53, 5
2026/10/03 11:20:19.621, 20168, 0, 2482, 66.53, 5
2026/10/03 11:20:19.671, 20168, 0, 2482, 66.53, 5
2026/10/03 11:20:19.721, 20168, 0, 2482, 66.53, 5
2026/10/03 11:20:19.772, 20168, 0, 2482, 66.53, 5
2026/10/03 11:20:19.822, 20168, 0, 2482, 66.53, 5
2026/10/03 11:20:19.872, 20168, 0, 2475, 67.42, 5
2026/10/03 11:20:19.923, 20168, 0, 2475, 67.42, 5
2026/10/03 11:20:19.973, 20168, 0, 2475, 67.42, 5
2026/10/03 11:20:20.023, 20168, 0, 2475, 67.42, 5
2026/10/03 11:20:20.073, 20170, 0, 2475, 67.42, 5
2026/10/03 11:20:20.123, 20170, 0, 2475, 67.42, 5
2026/10/03 11:20:20.173, 20170, 0, 2475, 67.42, 5
2026/10/03 11:20:20.224, 20170, 0, 2475, 67.42, 5
2026/10/03 11:20:20.274, 20170, 0, 2475, 67.42, 5
2026/10/03 11:20:20.324, 20170, 0, 2475, 67.42, 5
2026/10/03 11:20:20.374, 20170, 0, 2475, 67.02, 5
2026/10/03 11:20:20.424, 20170, 0, 2475, 67.02, 5
2026/10/03 11:20:20.474, 20172, 0, 2475, 67.02, 5
2026/10/03 11:20:20.525, 20172, 0, 2475, 67.02, 5
2026/10/03 11:20:20.575, 20172, 0, 2475, 67.02, 5
2026/10/03 11:20:20.625, 20172, 0, 2475, 67.02, 5
2026/10/03 11:20:20.675, 20172, 0, 2475, 67.02, 5
2026/10/03 11:20:20.725, 20172, 0, 2475, 67.02, 5
2026/10/03 11:20:20.775, 20172, 0, 2475, 67.02, 5
2026/10/03 11:20:20.825, 20172, 0, 2475, 67.02, 5
2026/10/03 11:20:20.876, 20172, 0, 2482, 66.81, 5
2026/10/03 11:20:20.926, 20174, 0, 2482, 66.81, 5
2026/10/03 11:20:20.976, 20174, 0, 2482, 66.81, 5
2026/10/03 11:20:21.026, 20174, 0, 2482, 66.81, 5
2026/10/03 11:20:21.076, 20174, 0, 2482, 66.81, 5
2026/10/03 11:20:21.126, 20174, 0, 2482, 66.81, 5
2026/10/03 11:20:21.177, 20174, 0, 2482, 66.81, 5
2026/10/03 11:20:21.227, 20174, 0, 2482, 66.81, 5
2026/10/03 11:20:21.277, 20174, 0, 2482, 66.81, 5
2026/10/03 11:20:21.328, 20174, 0, 2482, 66.81, 5
2026/10/03 11:20:21.378, 20174, 0, 2475, 66.62, 5
2026/10/03 11:20:21.428, 20174, 0, 2475, 66.62, 5
2026/10/03 11:20:21.478, 20174, 0, 2475, 66.62, 5
2026/10/03 11:20:21.529, 20174, 0, 2475, 66.62, 5
2026/10/03 11:20:21.579, 20174, 0, 2475, 66.62, 5
2026/10/03 11:20:21.629, 20174, 0, 2475, 66.62, 5
2026/10/03 11:20:21.679, 20174, 0, 2475, 66.62, 5
2026/10/03 11:20:21.729, 20174, 0, 2475, 66.62, 5
2026/10/03 11:20:21.779, 20174, 0, 2475, 66.62, 5
2026/10/03 11:20:21.830, 20174, 0, 2475, 66.62, 5
2026/10/03 11:20:21.880, 20174, 0, 2482, 66.77, 5
2026/10/03 11:20:21.930, 20174, 0, 2482, 66.77, 5
2026/10/03 11:20:21.981, 20174, 0, 2482, 66.77, 5
2026/10/03 11:20:22.031, 20174, 0, 2482, 66.77, 5
2026/10/03 11:20:22.081, 20174, 0, 2482, 66.77, 5
2026/10/03 11:20:22.132, 20174, 0, 2482, 66.77, 5
2026/10/03 11:20:22.182, 20176, 0, 2482, 66.77, 5
2026/10/03 11:20:22.232, 20176, 0, 2482, 66.77, 5
2026/10/03 11:20:22.282, 20176, 0, 2482, 66.77, 5
2026/10/03 11:20:22.332, 20176, 0, 2482, 66.77, 5
2026/10/03 11:20:22.382, 20176, 0, 2482, 66.71, 5
2026/10/03 11:20:22.433, 20176, 0, 2482, 66.71, 5
2026/10/03 11:20:22.483, 20176, 0, 2482, 66.71, 5
2026/10/03 11:20:22.533, 20176, 0, 2482, 66.71, 5
2026/10/03 11:20:22.583, 20176, 0, 2482, 66.71, 5
2026/10/03 11:20:22.633, 20178, 0, 2482, 66.71, 5
2026/10/03 11:20:22.683, 20178, 0, 2482, 66.71, 5
2026/10/03 11:20:22.734, 20178, 0, 2482, 66.71, 5
2026/10/03 11:20:22.784, 20178, 0, 2482, 66.71, 5
2026/10/03 11:20:22.834, 20178, 0, 2482, 66.71, 5
2026/10/03 11:20:22.884, 20178, 0, 2482, 67.27, 5
2026/10/03 11:20:22.934, 20178, 0, 2482, 67.27, 5
2026/10/03 11:20:22.985, 20178, 0, 2482, 67.27, 5
2026/10/03 11:20:23.035, 20178, 0, 2482, 67.27, 5
2026/10/03 11:20:23.085, 20178, 0, 2482, 67.27, 5
2026/10/03 11:20:23.135, 20178, 0, 2482, 67.27, 5
2026/10/03 11:20:23.185, 20178, 0, 2482, 67.27, 5
2026/10/03 11:20:23.236, 20178, 0, 2482, 67.27, 5
2026/10/03 11:20:23.286, 20178, 0, 2482, 67.27, 5
2026/10/03 11:20:23.336, 20178, 0, 2482, 67.27, 5
2026/10/03 11:20:23.386, 20178, 0, 2475, 66.81, 5
2026/10/03 11:20:23.436, 20178, 0, 2475, 66.81, 5
2026/10/03 11:20:23.486, 20178, 0, 2475, 66.81, 5
2026/10/03 11:20:23.537, 20178, 0, 2475, 66.81, 5
2026/10/03 11:20:23.587, 20178, 0, 2475, 66.81, 5
2026/10/03 11:20:23.637, 20178, 0, 2475, 66.81, 5
2026/10/03 11:20:23.687, 20178, 0, 2475, 66.81, 5
2026/10/03 11:20:23.738, 20178, 0, 2475, 66.81, 5
2026/10/03 11:20:23.788, 20178, 0, 2475, 66.81, 5
2026/10/03 11:20:23.838, 20178, 0, 2475, 66.81, 5
2026/10/03 11:20:23.888, 20180, 0, 2475, 66.89, 5
2026/10/03 11:20:23.939, 20180, 0, 2475, 66.89, 5
2026/10/03 11:20:23.989, 20180, 0, 2475, 66.89, 5
2026/10/03 11:20:24.039, 20180, 0, 2475, 66.89, 5
2026/10/03 11:20:24.089, 20180, 0, 2475, 66.89, 5
2026/10/03 11:20:24.139, 20180, 0, 2475, 66.89, 5
2026/10/03 11:20:24.189, 20180, 0, 2475, 66.89, 5
2026/10/03 11:20:24.240, 20180, 0, 2475, 66.89, 5
2026/10/03 11:20:24.290, 20180, 0, 2475, 66.89, 5
2026/10/03 11:20:24.340, 20182, 0, 2475, 66.89, 5
2026/10/03 11:20:24.390, 20182, 0, 2482, 66.73, 5
2026/10/03 11:20:24.440, 20182, 0, 2482, 66.73, 5
2026/10/03 11:20:24.490, 20182, 0, 2482, 66.73, 5
2026/10/03 11:20:24.541, 20182, 0, 2482, 66.73, 5
2026/10/03 11:20:24.591, 20182, 0, 2482, 66.73, 5
2026/10/03 11:20:24.641, 20182, 0, 2482, 66.73, 5
2026/10/03 11:20:24.691, 20182, 0, 2482, 66.73, 5
2026/10/03 11:20:24.741, 20182, 0, 2482, 66.73, 5
2026/10/03 11:20:24.792, 20182, 0, 2482, 66.73, 5
2026/10/03 11:20:24.842, 20182, 0, 2482, 66.73, 5
2026/10/03 11:20:24.892, 20182, 0, 2475, 66.32, 5
2026/10/03 11:20:24.942, 20182, 0, 2475, 66.32, 5
2026/10/03 11:20:24.992, 20182, 0, 2475, 66.32, 5
2026/10/03 11:20:25.042, 20182, 0, 2475, 66.32, 5
2026/10/03 11:20:25.093, 20182, 0, 2475, 66.32, 5
2026/10/03 11:20:25.143, 20182, 0, 2475, 66.32, 5
2026/10/03 11:20:25.193, 20182, 0, 2475, 66.32, 5
2026/10/03 11:20:25.243, 20182, 0, 2475, 66.32, 5
2026/10/03 11:20:25.293, 20182, 0, 2475, 66.32, 5
2026/10/03 11:20:25.344, 20182, 0, 2475, 66.32, 5
2026/10/03 11:20:25.394, 20182, 0, 2482, 66.40, 5
2026/10/03 11:20:25.444, 20182, 0, 2482, 66.40, 5
2026/10/03 11:20:25.494, 20182, 0, 2482, 66.40, 5
2026/10/03 11:20:25.544, 20182, 0, 2482, 66.40, 5
2026/10/03 11:20:25.594, 20184, 0, 2482, 66.40, 5
2026/10/03 11:20:25.645, 20184, 0, 2482, 66.40, 5
2026/10/03 11:20:25.695, 20184, 0, 2482, 66.40, 5
2026/10/03 11:20:25.745, 20184, 0, 2482, 66.40, 5
2026/10/03 11:20:25.795, 20184, 0, 2482, 66.40, 5
2026/10/03 11:20:25.845, 20184, 0, 2482, 66.40, 5
2026/10/03 11:20:25.895, 20184, 0, 2482, 66.80, 5
2026/10/03 11:20:25.946, 20184, 0, 2482, 66.80, 5
2026/10/03 11:20:25.996, 20184, 0, 2482, 66.80, 5
2026/10/03 11:20:26.046, 20186, 0, 2482, 66.80, 5
2026/10/03 11:20:26.096, 20186, 0, 2482, 66.80, 5
2026/10/03 11:20:26.146, 20186, 0, 2482, 66.80, 5
2026/10/03 11:20:26.196, 20186, 0, 2482, 66.80, 5
2026/10/03 11:20:26.247, 20186, 0, 2482, 66.80, 5
2026/10/03 11:20:26.297, 20186, 0, 2482, 66.80, 5
2026/10/03 11:20:26.347, 20186, 0, 2482, 66.80, 5
2026/10/03 11:20:26.397, 20186, 0, 2475, 66.56, 5
2026/10/03 11:20:26.447, 20186, 0, 2475, 66.56, 5
2026/10/03 11:20:26.498, 20186, 0, 2475, 66.56, 5
2026/10/03 11:20:26.548, 20186, 0, 2475, 66.56, 5
2026/10/03 11:20:26.598, 20186, 0, 2475, 66.56, 5
2026/10/03 11:20:26.648, 20186, 0, 2475, 66.56, 5
2026/10/03 11:20:26.698, 20186, 0, 2475, 66.56, 5
2026/10/03 11:20:26.748, 20186, 0, 2475, 66.56, 5
2026/10/03 11:20:26.799, 20186, 0, 2475, 66.56, 5
2026/10/03 11:20:26.849, 20186, 0, 2475, 66.56, 5
2026/10/03 11:20:26.899, 20186, 2, 2475, 67.44, 5
2026/10/03 11:20:26.949, 20186, 2, 2475, 67.44, 5
2026/10/03 11:20:26.999, 20186, 2, 2475, 67.44, 5
2026/10/03 11:20:27.050, 20186, 2, 2475, 67.44, 5
2026/10/03 11:20:27.100, 20186, 2, 2475, 67.44, 5
2026/10/03 11:20:27.150, 20186, 2, 2475, 67.44, 5
2026/10/03 11:20:27.200, 20186, 2, 2475, 67.44, 5
2026/10/03 11:20:27.250, 20186, 2, 2475, 67.44, 5
2026/10/03 11:20:27.301, 20188, 2, 2475, 67.44, 5
2026/10/03 11:20:27.351, 20188, 2, 2475, 67.44, 5
2026/10/03 11:20:27.401, 20188, 2, 2482, 66.99, 5
2026/10/03 11:20:27.451, 20188, 2, 2482, 66.99, 5
2026/10/03 11:20:27.501, 20188, 2, 2482, 66.99, 5
2026/10/03 11:20:27.551, 20190, 2, 2482, 66.99, 5
2026/10/03 11:20:27.602, 20190, 2, 2482, 66.99, 5
2026/10/03 11:20:27.652, 20190, 2, 2482, 66.99, 5
2026/10/03 11:20:27.702, 20190, 2, 2482, 66.99, 5
2026/10/03 11:20:27.752, 20190, 2, 2482, 66.99, 5
2026/10/03 11:20:27.802, 20190, 2, 2482, 66.99, 5
2026/10/03 11:20:27.852, 20190, 2, 2482, 66.99, 5
2026/10/03 11:20:27.902, 20190, 0, 2482, 66.51, 5
2026/10/03 11:20:27.953, 20190, 0, 2482, 66.51, 5
2026/10/03 11:20:28.003, 20190, 0, 2482, 66.51, 5
2026/10/03 11:20:28.053, 20190, 0, 2482, 66.51, 5
2026/10/03 11:20:28.104, 20190, 0, 2482, 66.51, 5
2026/10/03 11:20:28.154, 20190, 0, 2482, 66.51, 5
2026/10/03 11:20:28.204, 20190, 0, 2482, 66.51, 5
2026/10/03 11:20:28.254, 20190, 0, 2482, 66.51, 5
2026/10/03 11:20:28.305, 20190, 0, 2482, 66.51, 5
2026/10/03 11:20:28.355, 20190, 0, 2482, 66.51, 5
2026/10/03 11:20:28.405, 20190, 0, 2475, 66.22, 5
2026/10/03 11:20:28.455, 20190, 0, 2475, 66.22, 5
2026/10/03 11:20:28.505, 20190, 0, 2475, 66.22, 5
2026/10/03 11:20:28.555, 20190, 0, 2475, 66.22, 5
2026/10/03 11:20:28.606, 20190, 0, 2475, 66.22, 5
2026/10/03 11:20:28.656, 20190, 0, 2475, 66.22, 5
2026/10/03 11:20:28.707, 20190, 0, 2475, 66.22, 5
2026/10/03 11:20:28.757, 20190, 0, 2475, 66.22, 5
2026/10/03 11:20:28.807, 20190, 0, 2475, 66.22, 5
2026/10/03 11:20:28.857, 20190, 0, 2475, 66.71, 5
2026/10/03 11:20:28.907, 20190, 0, 2475, 66.71, 5
2026/10/03 11:20:28.958, 20190, 0, 2475, 66.71, 5
2026/10/03 11:20:29.008, 20192, 0, 2475, 66.71, 5
2026/10/03 11:20:29.058, 20192, 0, 2475, 66.71, 5
2026/10/03 11:20:29.108, 20192, 0, 2475, 66.71, 5
2026/10/03 11:20:29.158, 20192, 0, 2475, 66.71, 5
2026/10/03 11:20:29.208, 20194, 0, 2475, 66.71, 5
2026/10/03 11:20:29.259, 20194, 0, 2475, 66.71, 5
2026/10/03 11:20:29.309, 20194, 0, 2475, 66.71, 5
2026/10/03 11:20:29.359, 20194, 0, 2482, 66.81, 5
2026/10/03 11:20:29.409, 20194, 0, 2482, 66.81, 5
2026/10/03 11:20:29.459, 20194, 0, 2482, 66.81, 5
2026/10/03 11:20:29.509, 20194, 0, 2482, 66.81, 5
2026/10/03 11:20:29.560, 20194, 0, 2482, 66.81, 5
2026/10/03 11:20:29.610, 20194, 0, 2482, 66.81, 5
2026/10/03 11:20:29.660, 20194, 0, 2482, 66.81, 5
2026/10/03 11:20:29.710, 20194, 0, 2482, 66.81, 5
2026/10/03 11:20:29.760, 20194, 0, 2482, 66.81, 5
2026/10/03 11:20:29.811, 20194, 0, 2482, 66.81, 5
2026/10/03 11:20:29.861, 20194, 0, 2475, 66.52, 5
2026/10/03 11:20:29.911, 20194, 0, 2475, 66.52, 5
2026/10/03 11:20:29.961, 20194, 0, 2475, 66.52, 5
2026/10/03 11:20:30.011, 20194, 0, 2475, 66.52, 5
2026/10/03 11:20:30.062, 20194, 0, 2475, 66.52, 5
2026/10/03 11:20:30.112, 20194, 0, 2475, 66.52, 5
2026/10/03 11:20:30.162, 20194, 0, 2475, 66.52, 5
2026/10/03 11:20:30.212, 20194, 0, 2475, 66.52, 5
2026/10/03 11:20:30.262, 20196, 0, 2475, 66.52, 5
2026/10/03 11:20:30.313, 20196, 0, 2475, 66.52, 5
2026/10/03 11:20:30.363, 20196, 0, 2482, 66.18, 5
2026/10/03 11:20:30.413, 20196, 0, 2482, 66.18, 5
2026/10/03 11:20:30.463, 20196, 0, 2482, 66.18, 5
2026/10/03 11:20:30.513, 20196, 0, 2482, 66.18, 5
2026/10/03 11:20:30.564, 20196, 0, 2482, 66.18, 5
2026/10/03 11:20:30.614, 20196, 0, 2482, 66.18, 5
2026/10/03 11:20:30.664, 20196, 0, 2482, 66.18, 5
2026/10/03 11:20:30.714, 20196, 0, 2482, 66.18, 5
2026/10/03 11:20:30.765, 20196, 0, 2482, 66.18, 5
2026/10/03 11:20:30.815, 20196, 0, 2482, 66.18, 5
2026/10/03 11:20:30.865, 20196, 0, 2482, 66.17, 5
2026/10/03 11:20:30.915, 20198, 0, 2482, 66.17, 5
2026/10/03 11:20:30.965, 20198, 0, 2482, 66.17, 5
2026/10/03 11:20:31.015, 20198, 0, 2482, 66.17, 5
2026/10/03 11:20:31.065, 20198, 0, 2482, 66.17, 5
2026/10/03 11:20:31.116, 20198, 0, 2482, 66.17, 5
2026/10/03 11:20:31.166, 20198, 0, 2482, 66.17, 5
2026/10/03 11:20:31.216, 20198, 0, 2482, 66.17, 5
2026/10/03 11:20:31.266, 20198, 0, 2482, 66.17, 5
2026/10/03 11:20:31.316, 20198, 0, 2482, 66.17, 5
2026/10/03 11:20:31.367, 20198, 0, 2482, 66.43, 5
2026/10/03 11:20:31.417, 20198, 0, 2482, 66.43, 5
2026/10/03 11:20:31.467, 20198, 0, 2482, 66.43, 5
2026/10/03 11:20:31.517, 20198, 0, 2482, 66.43, 5
2026/10/03 11:20:31.568, 20198, 0, 2482, 66.43, 5
2026/10/03 11:20:31.618, 20198, 0, 2482, 66.43, 5
2026/10/03 11:20:31.668, 20198, 0, 2482, 66.43, 5
2026/10/03 11:20:31.719, 20198, 0, 2482, 66.43, 5
2026/10/03 11:20:31.769, 20198, 0, 2482, 66.43, 5
2026/10/03 11:20:31.819, 20198, 0, 2482, 66.43, 5
2026/10/03 11:20:31.869, 20198, 0, 2475, 66.07, 5
2026/10/03 11:20:31.919, 20198, 0, 2475, 66.07, 5
2026/10/03 11:20:31.969, 20200, 0, 2475, 66.07, 5
2026/10/03 11:20:32.020, 20200, 0, 2475, 66.07, 5
2026/10/03 11:20:32.070, 20200, 0, 2475, 66.07, 5
2026/10/03 11:20:32.120, 20200, 0, 2475, 66.07, 5
2026/10/03 11:20:32.170, 20200, 0, 2475, 66.07, 5
2026/10/03 11:20:32.220, 20200, 0, 2475, 66.07, 5
2026/10/03 11:20:32.271, 20200, 0, 2475, 66.07, 5
2026/10/03 11:20:32.321, 20200, 0, 2475, 66.07, 5
2026/10/03 11:20:32.371, 20200, 0, 2475, 66.21, 5
2026/10/03 11:20:32.421, 20200, 0, 2475, 66.21, 5
2026/10/03 11:20:32.472, 20200, 0, 2475, 66.21, 5
2026/10/03 11:20:32.522, 20200, 0, 2475, 66.21, 5
2026/10/03 11:20:32.572, 20200, 0, 2475, 66.21, 5
2026/10/03 11:20:32.622, 20202, 0, 2475, 66.21, 5
2026/10/03 11:20:32.672, 20202, 0, 2475, 66.21, 5
2026/10/03 11:20:32.722, 20202, 0, 2475, 66.21, 5
2026/10/03 11:20:32.773, 20202, 0, 2475, 66.21, 5
2026/10/03 11:20:32.823, 20202, 0, 2475, 66.21, 5
2026/10/03 11:20:32.873, 20202, 1, 2482, 66.70, 5
2026/10/03 11:20:32.923, 20202, 1, 2482, 66.70, 5
2026/10/03 11:20:32.973, 20202, 1, 2482, 66.70, 5
2026/10/03 11:20:33.024, 20202, 1, 2482, 66.70, 5
2026/10/03 11:20:33.074, 20202, 1, 2482, 66.70, 5
2026/10/03 11:20:33.124, 20202, 1, 2482, 66.70, 5
2026/10/03 11:20:33.174, 20202, 1, 2482, 66.70, 5
2026/10/03 11:20:33.224, 20202, 1, 2482, 66.70, 5
2026/10/03 11:20:33.275, 20202, 1, 2482, 66.70, 5
2026/10/03 11:20:33.325, 20202, 1, 2482, 66.70, 5
2026/10/03 11:20:33.375, 20202, 1, 2475, 66.49, 5
2026/10/03 11:20:33.426, 20202, 1, 2475, 66.49, 5
2026/10/03 11:20:33.476, 20202, 1, 2475, 66.49, 5
2026/10/03 11:20:33.526, 20202, 1, 2475, 66.49, 5
2026/10/03 11:20:33.576, 20202, 1, 2475, 66.49, 5
2026/10/03 11:20:33.626, 20202, 1, 2475, 66.49, 5
2026/10/03 11:20:33.676, 20204, 1, 2475, 66.49, 5
2026/10/03 11:20:33.726, 20204, 1, 2475, 66.49, 5
2026/10/03 11:20:33.777, 20204, 1, 2475, 66.49, 5
2026/10/03 11:20:33.827, 20204, 1, 2475, 66.49, 5
2026/10/03 11:20:33.877, 20204, 0, 2482, 66.18, 5
2026/10/03 11:20:33.927, 20204, 0, 2482, 66.18, 5
2026/10/03 11:20:33.978, 20204, 0, 2482, 66.18, 5
2026/10/03 11:20:34.028, 20204, 0, 2482, 66.18, 5
2026/10/03 11:20:34.078, 20204, 0, 2482, 66.18, 5
2026/10/03 11:20:34.128, 20206, 0, 2482, 66.18, 5
2026/10/03 11:20:34.178, 20206, 0, 2482, 66.18, 5
2026/10/03 11:20:34.228, 20206, 0, 2482, 66.18, 5
2026/10/03 11:20:34.279, 20206, 0, 2482, 66.18, 5
2026/10/03 11:20:34.329, 20206, 0, 2482, 66.18, 5
2026/10/03 11:20:34.379, 20206, 0, 2482, 66.34, 5
2026/10/03 11:20:34.429, 20206, 0, 2482, 66.34, 5
2026/10/03 11:20:34.479, 20206, 0, 2482, 66.34, 5
2026/10/03 11:20:34.529, 20206, 0, 2482, 66.34, 5
2026/10/03 11:20:34.580, 20206, 0, 2482, 66.34, 5
2026/10/03 11:20:34.630, 20206, 0, 2482, 66.34, 5
2026/10/03 11:20:34.680, 20206, 0, 2482, 66.34, 5
2026/10/03 11:20:34.730, 20206, 0, 2482, 66.34, 5
2026/10/03 11:20:34.780, 20206, 0, 2482, 66.34, 5
2026/10/03 11:20:34.831, 20206, 0, 2482, 66.34, 5
2026/10/03 11:20:34.881, 20206, 0, 2475, 66.68, 5
2026/10/03 11:20:34.931, 20206, 0, 2475, 66.68, 5
2026/10/03 11:20:34.981, 20206, 0, 2475, 66.68, 5
2026/10/03 11:20:35.031, 20206, 0, 2475, 66.68, 5
2026/10/03 11:20:35.082, 20206, 0, 2475, 66.68, 5
2026/10/03 11:20:35.132, 20206, 0, 2475, 66.68, 5
2026/10/03 11:20:35.182, 20206, 0, 2475, 66.68, 5
2026/10/03 11:20:35.232, 20206, 0, 2475, 66.68, 5
2026/10/03 11:20:35.283, 20206, 0, 2475, 66.68, 5
2026/10/03 11:20:35.333, 20206, 0, 2475, 66.68, 5
2026/10/03 11:20:35.383, 20208, 0, 2475, 66.90, 5
2026/10/03 11:20:35.433, 20208, 0, 2475, 66.90, 5
2026/10/03 11:20:35.483, 20208, 0, 2475, 66.90, 5
2026/10/03 11:20:35.534, 20208, 0, 2475, 66.90, 5
2026/10/03 11:20:35.584, 20208, 0, 2475, 66.90, 5
2026/10/03 11:20:35.634, 20208, 0, 2475, 66.90, 5
2026/10/03 11:20:35.684, 20208, 0, 2475, 66.90, 5
2026/10/03 11:20:35.734, 20208, 0, 2475, 66.90, 5
2026/10/03 11:20:35.785, 20208, 0, 2475, 66.90, 5
2026/10/03 11:20:35.835, 20210, 0, 2475, 66.90, 5
2026/10/03 11:20:35.885, 20210, 0, 2482, 66.97, 5
2026/10/03 11:20:35.935, 20210, 0, 2482, 66.97, 5
2026/10/03 11:20:35.985, 20210, 0, 2482, 66.97, 5
2026/10/03 11:20:36.035, 20210, 0, 2482, 66.97, 5
2026/10/03 11:20:36.085, 20210, 0, 2482, 66.97, 5
2026/10/03 11:20:36.136, 20210, 0, 2482, 66.97, 5
2026/10/03 11:20:36.186, 20210, 0, 2482, 66.97, 5
2026/10/03 11:20:36.236, 20210, 0, 2482, 66.97, 5
2026/10/03 11:20:36.286, 20210, 0, 2482, 66.97, 5
2026/10/03 11:20:36.336, 20210, 0, 2482, 66.97, 5
2026/10/03 11:20:36.386, 20210, 0, 2482, 66.99, 5
2026/10/03 11:20:36.437, 20210, 0, 2482, 66.99, 5
2026/10/03 11:20:36.487, 20210, 0, 2482, 66.99, 5
2026/10/03 11:20:36.537, 20210, 0, 2482, 66.99, 5
2026/10/03 11:20:36.588, 20210, 0, 2482, 66.99, 5
2026/10/03 11:20:36.638, 20210, 0, 2482, 66.99, 5
2026/10/03 11:20:36.688, 20210, 0, 2482, 66.99, 5
2026/10/03 11:20:36.738, 20210, 0, 2482, 66.99, 5
2026/10/03 11:20:36.789, 20210, 0, 2482, 66.99, 5
2026/10/03 11:20:36.839, 20210, 0, 2482, 66.99, 5
2026/10/03 11:20:36.889, 20210, 0, 2475, 66.69, 5
2026/10/03 11:20:36.939, 20210, 0, 2475, 66.69, 5
2026/10/03 11:20:36.989, 20210, 0, 2475, 66.69, 5
2026/10/03 11:20:37.039, 20210, 0, 2475, 66.69, 5
2026/10/03 11:20:37.090, 20212, 0, 2475, 66.69, 5
2026/10/03 11:20:37.140, 20212, 0, 2475, 66.69, 5
2026/10/03 11:20:37.190, 20212, 0, 2475, 66.69, 5
2026/10/03 11:20:37.240, 20212, 0, 2475, 66.69, 5
2026/10/03 11:20:37.290, 20212, 0, 2475, 66.69, 5
2026/10/03 11:20:37.341, 20212, 0, 2475, 66.69, 5
2026/10/03 11:20:37.391, 20212, 0, 2475, 66.35, 5
2026/10/03 11:20:37.441, 20212, 0, 2475, 66.35, 5
2026/10/03 11:20:37.491, 20212, 0, 2475, 66.35, 5
2026/10/03 11:20:37.541, 20214, 0, 2475, 66.35, 5
2026/10/03 11:20:37.592, 20214, 0, 2475, 66.35, 5
2026/10/03 11:20:37.642, 20214, 0, 2475, 66.35, 5
2026/10/03 11:20:37.692, 20214, 0, 2475, 66.35, 5
2026/10/03 11:20:37.742, 20214, 0, 2475, 66.35, 5
2026/10/03 11:20:37.792, 20214, 0, 2475, 66.35, 5
2026/10/03 11:20:37.842, 20214, 0, 2475, 66.35, 5
2026/10/03 11:20:37.892, 20214, 0, 2482, 66.28, 5
2026/10/03 11:20:37.942, 20216, 0, 2482, 66.28, 5
2026/10/03 11:20:37.993, 20216, 0, 2482, 66.28, 5
2026/10/03 11:20:38.043, 20216, 0, 2482, 66.28, 5
2026/10/03 11:20:38.093, 20216, 0, 2482, 66.28, 5
2026/10/03 11:20:38.143, 20216, 0, 2482, 66.28, 5
2026/10/03 11:20:38.194, 20216, 0, 2482, 66.28, 5
2026/10/03 11:20:38.244, 20216, 0, 2482, 66.28, 5
2026/10/03 11:20:38.294, 20216, 0, 2482, 66.28, 5
2026/10/03 11:20:38.344, 20216, 0, 2482, 66.28, 5
2026/10/03 11:20:38.394, 20216, 0, 2475, 66.88, 5
2026/10/03 11:20:38.445, 20216, 0, 2475, 66.88, 5
2026/10/03 11:20:38.495, 20216, 0, 2475, 66.88, 5
2026/10/03 11:20:38.545, 20216, 0, 2475, 66.88, 5
2026/10/03 11:20:38.595, 20216, 0, 2475, 66.88, 5
2026/10/03 11:20:38.645, 20216, 0, 2475, 66.88, 5
2026/10/03 11:20:38.696, 20216, 0, 2475, 66.88, 5
2026/10/03 11:20:38.746, 20216, 0, 2475, 66.88, 5
2026/10/03 11:20:38.796, 20216, 0, 2475, 66.88, 5
2026/10/03 11:20:38.846, 20216, 0, 2475, 66.88, 5
2026/10/03 11:20:38.896, 20216, 2, 2482, 67.67, 5
2026/10/03 11:20:38.946, 20216, 2, 2482, 67.67, 5
2026/10/03 11:20:38.997, 20216, 2, 2482, 67.67, 5
2026/10/03 11:20:39.047, 20216, 2, 2482, 67.67, 5
2026/10/03 11:20:39.097, 20216, 2, 2482, 67.67, 5
2026/10/03 11:20:39.147, 20216, 2, 2482, 67.67, 5
2026/10/03 11:20:39.197, 20216, 2, 2482, 67.67, 5
2026/10/03 11:20:39.248, 20218, 2, 2482, 67.67, 5
2026/10/03 11:20:39.298, 20218, 2, 2482, 67.67, 5
2026/10/03 11:20:39.348, 20218, 2, 2482, 67.67, 5
2026/10/03 11:20:39.398, 20218, 2, 2482, 66.98, 5
2026/10/03 11:20:39.448, 20218, 2, 2482, 66.98, 5
2026/10/03 11:20:39.498, 20218, 2, 2482, 66.98, 5
2026/10/03 11:20:39.549, 20218, 2, 2482, 66.98, 5
2026/10/03 11:20:39.599, 20218, 2, 2482, 66.98, 5
2026/10/03 11:20:39.649, 20220, 2, 2482, 66.98, 5
2026/10/03 11:20:39.699, 20220, 2, 2482, 66.98, 5
2026/10/03 11:20:39.749, 20220, 2, 2482, 66.98, 5
2026/10/03 11:20:39.799, 20220, 2, 2482, 66.98, 5
2026/10/03 11:20:39.850, 20220, 2, 2482, 66.98, 5
2026/10/03 11:20:39.900, 20220, 0, 2482, 67.32, 5
2026/10/03 11:20:39.950, 20220, 0, 2482, 67.32, 5
2026/10/03 11:20:40.000, 20220, 0, 2482, 67.32, 5
2026/10/03 11:20:40.050, 20220, 0, 2482, 67.32, 5
2026/10/03 11:20:40.101, 20220, 0, 2482, 67.32, 5
2026/10/03 11:20:40.151, 20220, 0, 2482, 67.32, 5
2026/10/03 11:20:40.201, 20220, 0, 2482, 67.32, 5
2026/10/03 11:20:40.251, 20220, 0, 2482, 67.32, 5
2026/10/03 11:20:40.301, 20220, 0, 2482, 67.32, 5
2026/10/03 11:20:40.351, 20220, 0, 2482, 67.32, 5
2026/10/03 11:20:40.402, 20220, 0, 2475, 67.07, 5
2026/10/03 11:20:40.452, 20220, 0, 2475, 67.07, 5
2026/10/03 11:20:40.502, 20220, 0, 2475, 67.07, 5
2026/10/03 11:20:40.552, 20220, 0, 2475, 67.07, 5
2026/10/03 11:20:40.602, 20220, 0, 2475, 67.07, 5
2026/10/03 11:20:40.652, 20220, 0, 2475, 67.07, 5
2026/10/03 11:20:40.702, 20220, 0, 2475, 67.07, 5
2026/10/03 11:20:40.753, 20220, 0, 2475, 67.07, 5
2026/10/03 11:20:40.803, 20220, 0, 2475, 67.07, 5
2026/10/03 11:20:40.853, 20220, 0, 2475, 67.07, 5
2026/10/03 11:20:40.903, 20220, 0, 2475, 66.85, 5
2026/10/03 11:20:40.953, 20222, 0, 2475, 66.85, 5
2026/10/03 11:20:41.004, 20222, 0, 2475, 66.85, 5
2026/10/03 11:20:41.054, 20222, 0, 2475, 66.85, 5
2026/10/03 11:20:41.104, 20222, 0, 2475, 66.85, 5
2026/10/03 11:20:41.154, 20222, 0, 2475, 66.85, 5
2026/10/03 11:20:41.204, 20222, 0, 2475, 66.85, 5
2026/10/03 11:20:41.254, 20222, 0, 2475, 66.85, 5
2026/10/03 11:20:41.304, 20222, 0, 2475, 66.85, 5
2026/10/03 11:20:41.355, 20224, 0, 2475, 66.85, 5
2026/10/03 11:20:41.405, 20224, 0, 2482, 67.02, 5
2026/10/03 11:20:41.455, 20224, 0, 2482, 67.02, 5
2026/10/03 11:20:41.505, 20224, 0, 2482, 67.02, 5
2026/10/03 11:20:41.555, 20224, 0, 2482, 67.02, 5
2026/10/03 11:20:41.606, 20224, 0, 2482, 67.02, 5
2026/10/03 11:20:41.656, 20224, 0, 2482, 67.02, 5
2026/10/03 11:20:41.706, 20224, 0, 2482, 67.02, 5
2026/10/03 11:20:41.756, 20224, 0, 2482, 67.02, 5
2026/10/03 11:20:41.806, 20224, 0, 2482, 67.02, 5
2026/10/03 11:20:41.857, 20224, 0, 2475, 66.68, 5
2026/10/03 11:20:41.907, 20224, 0, 2475, 66.68, 5
2026/10/03 11:20:41.957, 20224, 0, 2475, 66.68, 5
2026/10/03 11:20:42.007, 20224, 0, 2475, 66.68, 5
2026/10/03 11:20:42.057, 20224, 0, 2475, 66.68, 5
2026/10/03 11:20:42.108, 20224, 0, 2475, 66.68, 5
2026/10/03 11:20:42.158, 20224, 0, 2475, 66.68, 5
2026/10/03 11:20:42.208, 20224, 0, 2475, 66.68, 5
2026/10/03 11:20:42.258, 20224, 0, 2475, 66.68, 5
2026/10/03 11:20:42.308, 20224, 0, 2475, 66.68, 5
2026/10/03 11:20:42.359, 20224, 0, 2482, 67.25, 5
2026/10/03 11:20:42.409, 20224, 0, 2482, 67.25, 5
2026/10/03 11:20:42.459, 20224, 0, 2482, 67.25, 5
2026/10/03 11:20:42.509, 20224, 0, 2482, 67.25, 5
2026/10/03 11:20:42.559, 20224, 0, 2482, 67.25, 5
2026/10/03 11:20:42.610, 20226, 0, 2482, 67.25, 5
2026/10/03 11:20:42.660, 20226, 0, 2482, 67.25, 5
2026/10/03 11:20:42.710, 20226, 0, 2482, 67.25, 5
2026/10/03 11:20:42.760, 20226, 0, 2482, 67.25, 5
2026/10/03 11:20:42.810, 20226, 0, 2482, 67.25, 5
2026/10/03 11:20:42.860, 20226, 0, 2482, 66.87, 5
2026/10/03 11:20:42.910, 20226, 0, 2482, 66.87, 5
2026/10/03 11:20:42.961, 20226, 0, 2482, 66.87, 5
2026/10/03 11:20:43.011, 20226, 0, 2482, 66.87, 5
2026/10/03 11:20:43.061, 20228, 0, 2482, 66.87, 5
2026/10/03 11:20:43.111, 20228, 0, 2482, 66.87, 5
2026/10/03 11:20:43.161, 20228, 0, 2482, 66.87, 5
2026/10/03 11:20:43.211, 20228, 0, 2482, 66.87, 5
2026/10/03 11:20:43.262, 20228, 0, 2482, 66.87, 5
2026/10/03 11:20:43.312, 20228, 0, 2482, 66.87, 5
2026/10/03 11:20:43.362, 20228, 0, 2475, 66.55, 5
2026/10/03 11:20:43.412, 20228, 0, 2475, 66.55, 5
2026/10/03 11:20:43.463, 20228, 0, 2475, 66.55, 5
2026/10/03 11:20:43.513, 20228, 0, 2475, 66.55, 5
2026/10/03 11:20:43.563, 20228, 0, 2475, 66.55, 5
2026/10/03 11:20:43.614, 20228, 0, 2475, 66.55, 5
2026/10/03 11:20:43.664, 20228, 0, 2475, 66.55, 5
2026/10/03 11:20:43.714, 20228, 0, 2475, 66.55, 5
2026/10/03 11:20:43.764, 20228, 0, 2475, 66.55, 5
2026/10/03 11:20:43.815, 20228, 0, 2475, 66.55, 5
2026/10/03 11:20:43.865, 20228, 0, 2475, 66.30, 5
2026/10/03 11:20:43.915, 20228, 0, 2475, 66.30, 5
2026/10/03 11:20:43.965, 20228, 0, 2475, 66.30, 5
2026/10/03 11:20:44.016, 20228, 0, 2475, 66.30, 5
2026/10/03 11:20:44.066, 20228, 0, 2475, 66.30, 5
2026/10/03 11:20:44.116, 20228, 0, 2475, 66.30, 5
2026/10/03 11:20:44.167, 20228, 0, 2475, 66.30, 5
2026/10/03 11:20:44.217, 20228, 0, 2475, 66.30, 5
2026/10/03 11:20:44.267, 20228, 0, 2475, 66.30, 5
2026/10/03 11:20:44.317, 20230, 0, 2475, 66.30, 5
2026/10/03 11:20:44.367, 20230, 0, 2475, 66.89, 5
2026/10/03 11:20:44.418, 20230, 0, 2475, 66.89, 5
2026/10/03 11:20:44.468, 20230, 0, 2475, 66.89, 5
2026/10/03 11:20:44.518, 20230, 0, 2475, 66.89, 5
2026/10/03 11:20:44.568, 20232, 0, 2475, 66.89, 5
2026/10/03 11:20:44.618, 20232, 0, 2475, 66.89, 5
2026/10/03 11:20:44.668, 20232, 0, 2475, 66.89, 5
2026/10/03 11:20:44.718, 20232, 0, 2475, 66.89, 5
2026/10/03 11:20:44.769, 20232, 0, 2475, 66.89, 5
2026/10/03 11:20:44.819, 20232, 0, 2475, 66.89, 5
2026/10/03 11:20:44.869, 20232, 0, 2482, 66.72, 5
2026/10/03 11:20:44.919, 20232, 0, 2482, 66.72, 5
2026/10/03 11:20:44.969, 20232, 0, 2482, 66.72, 5
2026/10/03 11:20:45.020, 20232, 0, 2482, 66.72, 5
2026/10/03 11:20:45.070, 20232, 0, 2482, 66.72, 5
2026/10/03 11:20:45.120, 20232, 0, 2482, 66.72, 5
2026/10/03 11:20:45.170, 20232, 0, 2482, 66.72, 5
2026/10/03 11:20:45.221, 20232, 0, 2482, 66.72, 5
2026/10/03 11:20:45.271, 20232, 0, 2482, 66.72, 5
2026/10/03 11:20:45.321, 20232, 0, 2482, 66.72, 5
2026/10/03 11:20:45.371, 20232, 0, 2475, 66.64, 5
2026/10/03 11:20:45.421, 20232, 0, 2475, 66.64, 5
2026/10/03 11:20:45.471, 20232, 0, 2475, 66.64, 5
2026/10/03 11:20:45.522, 20232, 0, 2475, 66.64, 5
2026/10/03 11:20:45.572, 20232, 0, 2475, 66.64, 5
2026/10/03 11:20:45.622, 20232, 0, 2475, 66.64, 5
2026/10/03 11:20:45.672, 20232, 0, 2475, 66.64, 5
2026/10/03 11:20:45.723, 20232, 0, 2475, 66.64, 5
2026/10/03 11:20:45.773, 20232, 0, 2475, 66.64, 5
2026/10/03 11:20:45.823, 20232, 0, 2475, 66.64, 5
2026/10/03 11:20:45.873, 20232, 0, 2475, 66.96, 5
2026/10/03 11:20:45.923, 20232, 0, 2475, 66.96, 5
2026/10/03 11:20:45.973, 20232, 0, 2475, 66.96, 5
2026/10/03 11:20:46.024, 20234, 0, 2475, 66.96, 5
2026/10/03 11:20:46.074, 20234, 0, 2475, 66.96, 5
2026/10/03 11:20:46.124, 20234, 0, 2475, 66.96, 5
2026/10/03 11:20:46.174, 20234, 0, 2475, 66.96, 5
2026/10/03 11:20:46.224, 20234, 0, 2475, 66.96, 5
2026/10/03 11:20:46.274, 20236, 0, 2475, 66.96, 5
2026/10/03 11:20:46.325, 20236, 0, 2475, 66.96, 5
2026/10/03 11:20:46.375, 20236, 0, 2482, 66.75, 5
2026/10/03 11:20:46.425, 20236, 0, 2482, 66.75, 5
2026/10/03 11:20:46.475, 20236, 0, 2482, 66.75, 5
2026/10/03 11:20:46.525, 20236, 0, 2482, 66.75, 5
2026/10/03 11:20:46.575, 20236, 0, 2482, 66.75, 5
2026/10/03 11:20:46.626, 20236, 0, 2482, 66.75, 5
2026/10/03 11:20:46.676, 20236, 0, 2482, 66.75, 5
2026/10/03 11:20:46.726, 20236, 0, 2482, 66.75, 5
2026/10/03 11:20:46.776, 20236, 0, 2482, 66.75, 5
2026/10/03 11:20:46.826, 20236, 0, 2482, 66.75, 5
2026/10/03 11:20:46.877, 20236, 0, 2475, 67.03, 5
2026/10/03 11:20:46.927, 20236, 0, 2475, 67.03, 5
2026/10/03 11:20:46.977, 20236, 0, 2475, 67.03, 5
2026/10/03 11:20:47.027, 20236, 0, 2475, 67.03, 5
2026/10/03 11:20:47.077, 20236, 0, 2475, 67.03, 5
2026/10/03 11:20:47.128, 20236, 0, 2475, 67.03, 5
2026/10/03 11:20:47.178, 20236, 0, 2475, 67.03, 5
2026/10/03 11:20:47.228, 20236, 0, 2475, 67.03, 5
2026/10/03 11:20:47.278, 20238, 0, 2475, 67.03, 5
2026/10/03 11:20:47.328, 20238, 0, 2475, 67.03, 5
2026/10/03 11:20:47.378, 20238, 0, 2482, 67.65, 5
2026/10/03 11:20:47.429, 20238, 0, 2482, 67.65, 5
2026/10/03 11:20:47.479, 20238, 0, 2482, 67.65, 5
2026/10/03 11:20:47.529, 20238, 0, 2482, 67.65, 5
2026/10/03 11:20:47.579, 20238, 0, 2482, 67.65, 5
2026/10/03 11:20:47.629, 20238, 0, 2482, 67.65, 5
2026/10/03 11:20:47.680, 20238, 0, 2482, 67.65, 5
2026/10/03 11:20:47.730, 20238, 0, 2482, 67.65, 5
2026/10/03 11:20:47.780, 20238, 0, 2482, 67.65, 5
2026/10/03 11:20:47.830, 20238, 0, 2482, 67.65, 5
2026/10/03 11:20:47.880, 20238, 0, 2482, 67.23, 5
2026/10/03 11:20:47.930, 20240, 0, 2482, 67.23, 5
2026/10/03 11:20:47.981, 20240, 0, 2482, 67.23, 5
2026/10/03 11:20:48.031, 20240, 0, 2482, 67.23, 5
2026/10/03 11:20:48.081, 20240, 0, 2482, 67.23, 5
2026/10/03 11:20:48.131, 20240, 0, 2482, 67.23, 5
2026/10/03 11:20:48.181, 20240, 0, 2482, 67.23, 5
2026/10/03 11:20:48.231, 20240, 0, 2482, 67.23, 5
2026/10/03 11:20:48.282, 20240, 0, 2482, 67.23, 5
2026/10/03 11:20:48.332, 20240, 0, 2482, 67.23, 5
2026/10/03 11:20:48.382, 20240, 0, 2482, 67.87, 5
2026/10/03 11:20:48.432, 20240, 0, 2482, 67.87, 5
2026/10/03 11:20:48.482, 20240, 0, 2482, 67.87, 5
2026/10/03 11:20:48.533, 20240, 0, 2482, 67.87, 5
2026/10/03 11:20:48.583, 20240, 0, 2482, 67.87, 5
2026/10/03 11:20:48.633, 20240, 0, 2482, 67.87, 5
2026/10/03 11:20:48.683, 20240, 0, 2482, 67.87, 5
2026/10/03 11:20:48.733, 20240, 0, 2482, 67.87, 5
2026/10/03 11:20:48.783, 20240, 0, 2482, 67.87, 5
2026/10/03 11:20:48.834, 20240, 0, 2482, 67.87, 5
2026/10/03 11:20:48.884, 20240, 0, 2475, 66.93, 5
2026/10/03 11:20:48.934, 20240, 0, 2475, 66.93, 5
2026/10/03 11:20:48.984, 20242, 0, 2475, 66.93, 5
2026/10/03 11:20:49.034, 20242, 0, 2475, 66.93, 5
2026/10/03 11:20:49.084, 20242, 0, 2475, 66.93, 5
2026/10/03 11:20:49.135, 20242, 0, 2475, 66.93, 5
2026/10/03 11:20:49.185, 20242, 0, 2475, 66.93, 5
2026/10/03 11:20:49.235, 20242, 0, 2475, 66.93, 5
2026/10/03 11:20:49.285, 20242, 0, 2475, 66.93, 5
2026/10/03 11:20:49.335, 20242, 0, 2475, 66.93, 5
2026/10/03 11:20:49.386, 20242, 0, 2475, 66.98, 5
2026/10/03 11:20:49.436, 20242, 0, 2475, 66.98, 5
2026/10/03 11:20:49.486, 20242, 0, 2475, 66.98, 5
2026/10/03 11:20:49.536, 20242, 0, 2475, 66.98, 5
2026/10/03 11:20:49.586, 20242, 0, 2475, 66.98, 5
2026/10/03 11:20:49.636, 20244, 0, 2475, 66.98, 5
2026/10/03 11:20:49.687, 20244, 0, 2475, 66.98, 5
2026/10/03 11:20:49.737, 20244, 0, 2475, 66.98, 5
2026/10/03 11:20:49.787, 20244, 0, 2475, 66.98, 5
2026/10/03 11:20:49.837, 20244, 0, 2475, 66.98, 5
2026/10/03 11:20:49.887, 20244, 1, 2482, 67.49, 5
2026/10/03 11:20:49.937, 20244, 1, 2482, 67.49, 5
2026/10/03 11:20:49.988, 20244, 1, 2482, 67.49, 5
2026/10/03 11:20:50.038, 20244, 1, 2482, 67.49, 5
2026/10/03 11:20:50.088, 20244, 1, 2482, 67.49, 5
2026/10/03 11:20:50.138, 20244, 1, 2482, 67.49, 5
2026/10/03 11:20:50.188, 20244, 1, 2482, 67.49, 5
2026/10/03 11:20:50.239, 20244, 1, 2482, 67.49, 5
2026/10/03 11:20:50.289, 20244, 1, 2482, 67.49, 5
2026/10/03 11:20:50.339, 20244, 1, 2482, 67.49, 5
2026/10/03 11:20:50.389, 20244, 1, 2475, 67.02, 5
2026/10/03 11:20:50.439, 20244, 1, 2475, 67.02, 5
2026/10/03 11:20:50.490, 20244, 1, 2475, 67.02, 5
2026/10/03 11:20:50.540, 20244, 1, 2475, 67.02, 5
2026/10/03 11:20:50.590, 20244, 1, 2475, 67.02, 5
2026/10/03 11:20:50.640, 20244, 1, 2475, 67.02, 5
2026/10/03 11:20:50.690, 20246, 1, 2475, 67.02, 5
2026/10/03 11:20:50.740, 20246, 1, 2475, 67.02, 5
2026/10/03 11:20:50.790, 20246, 1, 2475, 67.02, 5
2026/10/03 11:20:50.841, 20246, 1, 2475, 67.02, 5
2026/10/03 11:20:50.891, 20246, 0, 2482, 66.67, 5
2026/10/03 11:20:50.941, 20246, 0, 2482, 66.67, 5
2026/10/03 11:20:50.991, 20246, 0, 2482, 66.67, 5
2026/10/03 11:20:51.041, 20246, 0, 2482, 66.67, 5
2026/10/03 11:20:51.092, 20246, 0, 2482, 66.67, 5
2026/10/03 11:20:51.142, 20248, 0, 2482, 66.67, 5
2026/10/03 11:20:51.192, 20248, 0, 2482, 66.67, 5
2026/10/03 11:20:51.242, 20248, 0, 2482, 66.67, 5
2026/10/03 11:20:51.292, 20248, 0, 2482, 66.67, 5
2026/10/03 11:20:51.343, 20248, 0, 2482, 66.67, 5
2026/10/03 11:20:51.393, 20248, 0, 2482, 67.18, 5
2026/10/03 11:20:51.443, 20248, 0, 2482, 67.18, 5
2026/10/03 11:20:51.493, 20248, 0, 2482, 67.18, 5
2026/10/03 11:20:51.543, 20248, 0, 2482, 67.18, 5
2026/10/03 11:20:51.593, 20248, 0, 2482, 67.18, 5
2026/10/03 11:20:51.644, 20248, 0, 2482, 67.18, 5
2026/10/03 11:20:51.694, 20248, 0, 2482, 67.18, 5
2026/10/03 11:20:51.744, 20248, 0, 2482, 67.18, 5
2026/10/03 11:20:51.794, 20248, 0, 2482, 67.18, 5
2026/10/03 11:20:51.844, 20248, 0, 2482, 67.18, 5
2026/10/03 11:20:51.895, 20248, 0, 2475, 67.16, 5
2026/10/03 11:20:51.945, 20248, 0, 2475, 67.16, 5
2026/10/03 11:20:51.996, 20248, 0, 2475, 67.16, 5
2026/10/03 11:20:52.046, 20248, 0, 2475, 67.16, 5
2026/10/03 11:20:52.096, 20248, 0, 2475, 67.16, 5
2026/10/03 11:20:52.146, 20248, 0, 2475, 67.16, 5
2026/10/03 11:20:52.196, 20248, 0, 2475, 67.16, 5
2026/10/03 11:20:52.247, 20248, 0, 2475, 67.16, 5
2026/10/03 11:20:52.297, 20248, 0, 2475, 67.16, 5
2026/10/03 11:20:52.347, 20248, 0, 2475, 67.16, 5
2026/10/03 11:20:52.397, 20250, 0, 2475, 67.08, 5
2026/10/03 11:20:52.447, 20250, 0, 2475, 67.08, 5
2026/10/03 11:20:52.497, 20250, 0, 2475, 67.08, 5
2026/10/03 11:20:52.548, 20250, 0, 2475, 67.08, 5
2026/10/03 11:20:52.598, 20250, 0, 2475, 67.08, 5
2026/10/03 11:20:52.648, 20250, 0, 2475, 67.08, 5
2026/10/03 11:20:52.698, 20250, 0, 2475, 67.08, 5
2026/10/03 11:20:52.748, 20250, 0, 2475, 67.08, 5
2026/10/03 11:20:52.798, 20250, 0, 2475, 67.08, 5
2026/10/03 11:20:52.849, 20252, 0, 2475, 67.08, 5
2026/10/03 11:20:52.899, 20252, 0, 2482, 67.41, 5
2026/10/03 11:20:52.949, 20252, 0, 2482, 67.41, 5
2026/10/03 11:20:52.999, 20252, 0, 2482, 67.41, 5
2026/10/03 11:20:53.049, 20252, 0, 2482, 67.41, 5
2026/10/03 11:20:53.099, 20252, 0, 2482, 67.41, 5
2026/10/03 11:20:53.150, 20252, 0, 2482, 67.41, 5
2026/10/03 11:20:53.200, 20252, 0, 2482, 67.41, 5
2026/10/03 11:20:53.250, 20252, 0, 2482, 67.41, 5
2026/10/03 11:20:53.300, 20252, 0, 2482, 67.41, 5
2026/10/03 11:20:53.350, 20252, 0, 2482, 67.41, 5
2026/10/03 11:20:53.400, 20252, 0, 2482, 68.06, 5
2026/10/03 11:20:53.451, 20252, 0, 2482, 68.06, 5
2026/10/03 11:20:53.501, 20252, 0, 2482, 68.06, 5
2026/10/03 11:20:53.551, 20252, 0, 2482, 68.06, 5
2026/10/03 11:20:53.601, 20252, 0, 2482, 68.06, 5
2026/10/03 11:20:53.651, 20252, 0, 2482, 68.06, 5
2026/10/03 11:20:53.702, 20252, 0, 2482, 68.06, 5
2026/10/03 11:20:53.752, 20252, 0, 2482, 68.06, 5
2026/10/03 11:20:53.802, 20252, 0, 2482, 68.06, 5
2026/10/03 11:20:53.852, 20252, 0, 2482, 68.06, 5
2026/10/03 11:20:53.903, 20252, 0, 2475, 67.10, 5
2026/10/03 11:20:53.953, 20252, 0, 2475, 67.10, 5
2026/10/03 11:20:54.003, 20252, 0, 2475, 67.10, 5
2026/10/03 11:20:54.053, 20252, 0, 2475, 67.10, 5
2026/10/03 11:20:54.103, 20254, 0, 2475, 67.10, 5
2026/10/03 11:20:54.153, 20254, 0, 2475, 67.10, 5
2026/10/03 11:20:54.204, 20254, 0, 2475, 67.10, 5
2026/10/03 11:20:54.254, 20254, 0, 2475, 67.10, 5
2026/10/03 11:20:54.304, 20254, 0, 2475, 67.10, 5
2026/10/03 11:20:54.354, 20254, 0, 2475, 67.10, 5
2026/10/03 11:20:54.404, 20254, 0, 2482, 66.71, 5
2026/10/03 11:20:54.455, 20254, 0, 2482, 66.71, 5
2026/10/03 11:20:54.505, 20254, 0, 2482, 66.71, 5
2026/10/03 11:20:54.555, 20256, 0, 2482, 66.71, 5
2026/10/03 11:20:54.605, 20256, 0, 2482, 66.71, 5
2026/10/03 11:20:54.655, 20256, 0, 2482, 66.71, 5
2026/10/03 11:20:54.705, 20256, 0, 2482, 66.71, 5
2026/10/03 11:20:54.756, 20256, 0, 2482, 66.71, 5
2026/10/03 11:20:54.806, 20256, 0, 2482, 66.71, 5
2026/10/03 11:20:54.856, 20256, 0, 2482, 66.71, 5
2026/10/03 11:20:54.906, 20256, 0, 2482, 67.22, 5
2026/10/03 11:20:54.956, 20256, 0, 2482, 67.22, 5
2026/10/03 11:20:55.006, 20256, 0, 2482, 67.22, 5
2026/10/03 11:20:55.056, 20256, 0, 2482, 67.22, 5
2026/10/03 11:20:55.107, 20256, 0, 2482, 67.22, 5
2026/10/03 11:20:55.157, 20256, 0, 2482, 67.22, 5
2026/10/03 11:20:55.207, 20256, 0, 2482, 67.22, 5
2026/10/03 11:20:55.257, 20256, 0, 2482, 67.22, 5
2026/10/03 11:20:55.308, 20256, 0, 2482, 67.22, 5
2026/10/03 11:20:55.358, 20256, 0, 2475, 67.07, 5
2026/10/03 11:20:55.408, 20256, 0, 2475, 67.07, 5
2026/10/03 11:20:55.458, 20256, 0, 2475, 67.07, 5
2026/10/03 11:20:55.508, 20256, 0, 2475, 67.07, 5
2026/10/03 11:20:55.559, 20256, 0, 2475, 67.07, 5
2026/10/03 11:20:55.609, 20256, 0, 2475, 67.07, 5
2026/10/03 11:20:55.659, 20256, 0, 2475, 67.07, 5
2026/10/03 11:20:55.709, 20256, 0, 2475, 67.07, 5
2026/10/03 11:20:55.759, 20256, 0, 2475, 67.07, 5
2026/10/03 11:20:55.809, 20258, 0, 2475, 67.07, 5
2026/10/03 11:20:55.860, 20258, 2, 2482, 67.76, 5
2026/10/03 11:20:55.910, 20258, 2, 2482, 67.76, 5
2026/10/03 11:20:55.960, 20258, 2, 2482, 67.76, 5
2026/10/03 11:20:56.010, 20258, 2, 2482, 67.76, 5
2026/10/03 11:20:56.061, 20258, 2, 2482, 67.76, 5
2026/10/03 11:20:56.111, 20258, 2, 2482, 67.76, 5
2026/10/03 11:20:56.161, 20258, 2, 2482, 67.76, 5
2026/10/03 11:20:56.211, 20258, 2, 2482, 67.76, 5
2026/10/03 11:20:56.261, 20260, 2, 2482, 67.76, 5
2026/10/03 11:20:56.311, 20260, 2, 2482, 67.76, 5
2026/10/03 11:20:56.362, 20260, 2, 2482, 66.93, 5
2026/10/03 11:20:56.412, 20260, 2, 2482, 66.93, 5
2026/10/03 11:20:56.462, 20260, 2, 2482, 66.93, 5
2026/10/03 11:20:56.512, 20260, 2, 2482, 66.93, 5
2026/10/03 11:20:56.562, 20260, 2, 2482, 66.93, 5
2026/10/03 11:20:56.612, 20260, 2, 2482, 66.93, 5
2026/10/03 11:20:56.662, 20262, 2, 2482, 66.93, 5
2026/10/03 11:20:56.713, 20262, 2, 2482, 66.93, 5
2026/10/03 11:20:56.763, 20262, 2, 2482, 66.93, 5
2026/10/03 11:20:56.813, 20262, 2, 2482, 66.93, 5
2026/10/03 11:20:56.863, 20262, 0, 2482, 67.12, 5
2026/10/03 11:20:56.914, 20262, 0, 2482, 67.12, 5
2026/10/03 11:20:56.964, 20262, 0, 2482, 67.12, 5
2026/10/03 11:20:57.014, 20262, 0, 2482, 67.12, 5
2026/10/03 11:20:57.064, 20262, 0, 2482, 67.12, 5
2026/10/03 11:20:57.114, 20262, 0, 2482, 67.12, 5
2026/10/03 11:20:57.165, 20262, 0, 2482, 67.12, 5
2026/10/03 11:20:57.215, 20262, 0, 2482, 67.12, 5
2026/10/03 11:20:57.265, 20262, 0, 2482, 67.12, 5
2026/10/03 11:20:57.315, 20262, 0, 2482, 67.12, 5
2026/10/03 11:20:57.365, 20262, 0, 2475, 67.25, 5
2026/10/03 11:20:57.416, 20262, 0, 2475, 67.25, 5
2026/10/03 11:20:57.466, 20262, 0, 2475, 67.25, 5
2026/10/03 11:20:57.516, 20262, 0, 2475, 67.25, 5
2026/10/03 11:20:57.566, 20262, 0, 2475, 67.25, 5
2026/10/03 11:20:57.616, 20262, 0, 2475, 67.25, 5
2026/10/03 11:20:57.666, 20262, 0, 2475, 67.25, 5
2026/10/03 11:20:57.717, 20262, 0, 2475, 67.25, 5
2026/10/03 11:20:57.767, 20262, 0, 2475, 67.25, 5
2026/10/03 11:20:57.817, 20262, 0, 2475, 67.25, 5
2026/10/03 11:20:57.867, 20262, 0, 2475, 68.01, 5
2026/10/03 11:20:57.917, 20262, 0, 2475, 68.01, 5
2026/10/03 11:20:57.968, 20264, 0, 2475, 68.01, 5
2026/10/03 11:20:58.018, 20264, 0, 2475, 68.01, 5
2026/10/03 11:20:58.068, 20264, 0, 2475, 68.01, 5
2026/10/03 11:20:58.118, 20264, 0, 2475, 68.01, 5
2026/10/03 11:20:58.168, 20264, 0, 2475, 68.01, 5
2026/10/03 11:20:58.218, 20264, 0, 2475, 68.01, 5
2026/10/03 11:20:58.268, 20264, 0, 2475, 68.01, 5
2026/10/03 11:20:58.319, 20264, 0, 2475, 68.01, 5
2026/10/03 11:20:58.369, 20266, 0, 2482, 67.32, 5
2026/10/03 11:20:58.419, 20266, 0, 2482, 67.32, 5
2026/10/03 11:20:58.469, 20266, 0, 2482, 67.32, 5
2026/10/03 11:20:58.519, 20266, 0, 2482, 67.32, 5
2026/10/03 11:20:58.570, 20266, 0, 2482, 67.32, 5
2026/10/03 11:20:58.620, 20266, 0, 2482, 67.32, 5
2026/10/03 11:20:58.670, 20266, 0, 2482, 67.32, 5
2026/10/03 11:20:58.720, 20266, 0, 2482, 67.32, 5
2026/10/03 11:20:58.770, 20266, 0, 2482, 67.32, 5
2026/10/03 11:20:58.821, 20266, 0, 2482, 67.32, 5
2026/10/03 11:20:58.871, 20266, 0, 2475, 67.20, 5
2026/10/03 11:20:58.921, 20266, 0, 2475, 67.20, 5
2026/10/03 11:20:58.971, 20266, 0, 2475, 67.20, 5
2026/10/03 11:20:59.021, 20266, 0, 2475, 67.20, 5
2026/10/03 11:20:59.072, 20266, 0, 2475, 67.20, 5
2026/10/03 11:20:59.122, 20266, 0, 2475, 67.20, 5
2026/10/03 11:20:59.172, 20266, 0, 2475, 67.20, 5
2026/10/03 11:20:59.222, 20266, 0, 2475, 67.20, 5
2026/10/03 11:20:59.272, 20266, 0, 2475, 67.20, 5
2026/10/03 11:20:59.322, 20266, 0, 2475, 67.20, 5
2026/10/03 11:20:59.373, 20266, 0, 2482, 67.48, 5
2026/10/03 11:20:59.423, 20266, 0, 2482, 67.48, 5
2026/10/03 11:20:59.473, 20266, 0, 2482, 67.48, 5
2026/10/03 11:20:59.523, 20266, 0, 2482, 67.48, 5
2026/10/03 11:20:59.573, 20266, 0, 2482, 67.48, 5
2026/10/03 11:20:59.624, 20266, 0, 2482, 67.48, 5
2026/10/03 11:20:59.674, 20268, 0, 2482, 67.48, 5
2026/10/03 11:20:59.724, 20268, 0, 2482, 67.48, 5
2026/10/03 11:20:59.774, 20268, 0, 2482, 67.48, 5
2026/10/03 11:20:59.824, 20268, 0, 2482, 67.48, 5
2026/10/03 11:20:59.874, 20268, 0, 2482, 67.52, 5
2026/10/03 11:20:59.925, 20268, 0, 2482, 67.52, 5
2026/10/03 11:20:59.975, 20268, 0, 2482, 67.52, 5
2026/10/03 11:21:00.025, 20268, 0, 2482, 67.52, 5
2026/10/03 11:21:00.075, 20270, 0, 2482, 67.52, 5
2026/10/03 11:21:00.125, 20270, 0, 2482, 67.52, 5
2026/10/03 11:21:00.175, 20270, 0, 2482, 67.52, 5
2026/10/03 11:21:00.226, 20270, 0, 2482, 67.52, 5
2026/10/03 11:21:00.276, 20270, 0, 2482, 67.52, 5
2026/10/03 11:21:00.326, 20270, 0, 2482, 67.52, 5
2026/10/03 11:21:00.376, 20270, 0, 2475, 68.01, 5
2026/10/03 11:21:00.426, 20270, 0, 2475, 68.01, 5
2026/10/03 11:21:00.477, 20270, 0, 2475, 68.01, 5
2026/10/03 11:21:00.527, 20270, 0, 2475, 68.01, 5
2026/10/03 11:21:00.577, 20270, 0, 2475, 68.01, 5
2026/10/03 11:21:00.627, 20270, 0, 2475, 68.01, 5
2026/10/03 11:21:00.677, 20270, 0, 2475, 68.01, 5
2026/10/03 11:21:00.728, 20270, 0, 2475, 68.01, 5
2026/10/03 11:21:00.778, 20270, 0, 2475, 68.01, 5
2026/10/03 11:21:00.828, 20270, 0, 2475, 68.01, 5
2026/10/03 11:21:00.878, 20270, 0, 2475, 68.24, 5
2026/10/03 11:21:00.928, 20270, 0, 2475, 68.24, 5
2026/10/03 11:21:00.979, 20270, 0, 2475, 68.24, 5
2026/10/03 11:21:01.029, 20270, 0, 2475, 68.24, 5
2026/10/03 11:21:01.079, 20270, 0, 2475, 68.24, 5
2026/10/03 11:21:01.129, 20270, 0, 2475, 68.24, 5
2026/10/03 11:21:01.179, 20270, 0, 2475, 68.24, 5
2026/10/03 11:21:01.230, 20270, 0, 2475, 68.24, 5
2026/10/03 11:21:01.280, 20270, 0, 2475, 68.24, 5
2026/10/03 11:21:01.330, 20270, 0, 2475, 68.24, 5
2026/10/03 11:21:01.380, 20272, 0, 2475, 68.20, 5
2026/10/03 11:21:01.430, 20272, 0, 2475, 68.20, 5
2026/10/03 11:21:01.480, 20272, 0, 2475, 68.20, 5
2026/10/03 11:21:01.531, 20272, 0, 2475, 68.20, 5
2026/10/03 11:21:01.581, 20272, 0, 2475, 68.20, 5
2026/10/03 11:21:01.631, 20272, 0, 2475, 68.20, 5
2026/10/03 11:21:01.681, 20272, 0, 2475, 68.20, 5
2026/10/03 11:21:01.731, 20272, 0, 2475, 68.20, 5
2026/10/03 11:21:01.781, 20274, 0, 2475, 68.20, 5
2026/10/03 11:21:01.831, 20274, 0, 2475, 68.20, 5
2026/10/03 11:21:01.882, 20274, 1, 2482, 68.89, 5
2026/10/03 11:21:01.932, 20274, 1, 2482, 68.89, 5
2026/10/03 11:21:01.982, 20274, 1, 2482, 68.89, 5
2026/10/03 11:21:02.032, 20274, 1, 2482, 68.89, 5
2026/10/03 11:21:02.083, 20274, 1, 2482, 68.89, 5
2026/10/03 11:21:02.133, 20274, 1, 2482, 68.89, 5
2026/10/03 11:21:02.183, 20274, 1, 2482, 68.89, 5
2026/10/03 11:21:02.234, 20274, 1, 2482, 68.89, 5
2026/10/03 11:21:02.284, 20274, 1, 2482, 68.89, 5
2026/10/03 11:21:02.334, 20274, 1, 2482, 68.89, 5
2026/10/03 11:21:02.384, 20274, 1, 2475, 67.88, 5
2026/10/03 11:21:02.434, 20274, 1, 2475, 67.88, 5
2026/10/03 11:21:02.484, 20274, 1, 2475, 67.88, 5
2026/10/03 11:21:02.535, 20274, 1, 2475, 67.88, 5
2026/10/03 11:21:02.585, 20274, 1, 2475, 67.88, 5
2026/10/03 11:21:02.635, 20274, 1, 2475, 67.88, 5
2026/10/03 11:21:02.685, 20274, 1, 2475, 67.88, 5
2026/10/03 11:21:02.735, 20274, 1, 2475, 67.88, 5
2026/10/03 11:21:02.785, 20274, 1, 2475, 67.88, 5
2026/10/03 11:21:02.836, 20274, 1, 2475, 67.88, 5
2026/10/03 11:21:02.886, 20274, 0, 2482, 68.07, 5
2026/10/03 11:21:02.936, 20274, 0, 2482, 68.07, 5
2026/10/03 11:21:02.986, 20274, 0, 2482, 68.07, 5
2026/10/03 11:21:03.036, 20276, 0, 2482, 68.07, 5
2026/10/03 11:21:03.087, 20276, 0, 2482, 68.07, 5
2026/10/03 11:21:03.137, 20276, 0, 2482, 68.07, 5
2026/10/03 11:21:03.187, 20276, 0, 2482, 68.07, 5
2026/10/03 11:21:03.237, 20276, 0, 2482, 68.07, 5
2026/10/03 11:21:03.287, 20278, 0, 2482, 68.07, 5
2026/10/03 11:21:03.337, 20278, 0, 2482, 68.07, 5
2026/10/03 11:21:03.388, 20278, 0, 2482, 68.05, 5
2026/10/03 11:21:03.438, 20278, 0, 2482, 68.05, 5
2026/10/03 11:21:03.488, 20278, 0, 2482, 68.05, 5
2026/10/03 11:21:03.538, 20278, 0, 2482, 68.05, 5
2026/10/03 11:21:03.588, 20278, 0, 2482, 68.05, 5
2026/10/03 11:21:03.638, 20278, 0, 2482, 68.05, 5
2026/10/03 11:21:03.689, 20278, 0, 2482, 68.05, 5
2026/10/03 11:21:03.739, 20278, 0, 2482, 68.05, 5
2026/10/03 11:21:03.789, 20278, 0, 2482, 68.05, 5
2026/10/03 11:21:03.839, 20278, 0, 2482, 68.05, 5
2026/10/03 11:21:03.889, 20278, 0, 2475, 67.61, 5
2026/10/03 11:21:03.940, 20278, 0, 2475, 67.61, 5
2026/10/03 11:21:03.990, 20278, 0, 2475, 67.61, 5
2026/10/03 11:21:04.040, 20278, 0, 2475, 67.61, 5
2026/10/03 11:21:04.090, 20278, 0, 2475, 67.61, 5
2026/10/03 11:21:04.141, 20278, 0, 2475, 67.61, 5
2026/10/03 11:21:04.191, 20278, 0, 2475, 67.61, 5
2026/10/03 11:21:04.241, 20278, 0, 2475, 67.61, 5
2026/10/03 11:21:04.291, 20278, 0, 2475, 67.61, 5
2026/10/03 11:21:04.341, 20280, 0, 2475, 67.61, 5
2026/10/03 11:21:04.391, 20280, 0, 2482, 67.86, 5
2026/10/03 11:21:04.442, 20280, 0, 2482, 67.86, 5
2026/10/03 11:21:04.492, 20280, 0, 2482, 67.86, 5
2026/10/03 11:21:04.543, 20280, 0, 2482, 67.86, 5
2026/10/03 11:21:04.593, 20280, 0, 2482, 67.86, 5
2026/10/03 11:21:04.644, 20280, 0, 2482, 67.86, 5
2026/10/03 11:21:04.694, 20280, 0, 2482, 67.86, 5
2026/10/03 11:21:04.744, 20280, 0, 2482, 67.86, 5
2026/10/03 11:21:04.794, 20280, 0, 2482, 67.86, 5
2026/10/03 11:21:04.844, 20280, 0, 2482, 67.86, 5
2026/10/03 11:21:04.894, 20280, 0, 2482, 67.53, 5
2026/10/03 11:21:04.945, 20280, 0, 2482, 67.53, 5
2026/10/03 11:21:04.995, 20282, 0, 2482, 67.53, 5
2026/10/03 11:21:05.045, 20282, 0, 2482, 67.53, 5
2026/10/03 11:21:05.095, 20282, 0, 2482, 67.53, 5
2026/10/03 11:21:05.145, 20282, 0, 2482, 67.53, 5
2026/10/03 11:21:05.195, 20282, 0, 2482, 67.53, 5
2026/10/03 11:21:05.245, 20282, 0, 2482, 67.53, 5
2026/10/03 11:21:05.296, 20282, 0, 2482, 67.53, 5
2026/10/03 11:21:05.346, 20282, 0, 2482, 67.53, 5
2026/10/03 11:21:05.396, 20282, 0, 2482, 68.29, 5
2026/10/03 11:21:05.446, 20282, 0, 2482, 68.29, 5
2026/10/03 11:21:05.496, 20282, 0, 2482, 68.29, 5
2026/10/03 11:21:05.547, 20282, 0, 2482, 68.29, 5
2026/10/03 11:21:05.597, 20282, 0, 2482, 68.29, 5
2026/10/03 11:21:05.647, 20282, 0, 2482, 68.29, 5
2026/10/03 11:21:05.697, 20282, 0, 2482, 68.29, 5
2026/10/03 11:21:05.747, 20282, 0, 2482, 68.29, 5
2026/10/03 11:21:05.798, 20282, 0, 2482, 68.29, 5
2026/10/03 11:21:05.848, 20282, 0, 2482, 68.29, 5
2026/10/03 11:21:05.898, 20282, 0, 2475, 67.38, 5
2026/10/03 11:21:05.948, 20282, 0, 2475, 67.38, 5
2026/10/03 11:21:05.998, 20282, 0, 2475, 67.38, 5
2026/10/03 11:21:06.048, 20284, 0, 2475, 67.38, 5
2026/10/03 11:21:06.099, 20284, 0, 2475, 67.38, 5
2026/10/03 11:21:06.149, 20284, 0, 2475, 67.38, 5
2026/10/03 11:21:06.199, 20284, 0, 2475, 67.38, 5
2026/10/03 11:21:06.249, 20284, 0, 2475, 67.38, 5
2026/10/03 11:21:06.300, 20284, 0, 2475, 67.38, 5
2026/10/03 11:21:06.350, 20284, 0, 2475, 67.38, 5
2026/10/03 11:21:06.400, 20284, 0, 2475, 67.78, 5
2026/10/03 11:21:06.450, 20284, 0, 2475, 67.78, 5
2026/10/03 11:21:06.501, 20284, 0, 2475, 67.78, 5
2026/10/03 11:21:06.551, 20284, 0, 2475, 67.78, 5
2026/10/03 11:21:06.601, 20284, 0, 2475, 67.78, 5
2026/10/03 11:21:06.651, 20284, 0, 2475, 67.78, 5
2026/10/03 11:21:06.701, 20286, 0, 2475, 67.78, 5
2026/10/03 11:21:06.752, 20286, 0, 2475, 67.78, 5
2026/10/03 11:21:06.802, 20286, 0, 2475, 67.78, 5
2026/10/03 11:21:06.852, 20286, 0, 2475, 67.78, 5
2026/10/03 11:21:06.902, 20286, 0, 2482, 67.93, 5
2026/10/03 11:21:06.952, 20286, 0, 2482, 67.93, 5
2026/10/03 11:21:07.002, 20286, 0, 2482, 67.93, 5
2026/10/03 11:21:07.053, 20286, 0, 2482, 67.93, 5
2026/10/03 11:21:07.103, 20286, 0, 2482, 67.93, 5
2026/10/03 11:21:07.153, 20286, 0, 2482, 67.93, 5
2026/10/03 11:21:07.204, 20286, 0, 2482, 67.93, 5
2026/10/03 11:21:07.254, 20286, 0, 2482, 67.93, 5
2026/10/03 11:21:07.304, 20286, 0, 2482, 67.93, 5
2026/10/03 11:21:07.354, 20286, 0, 2482, 67.93, 5
2026/10/03 11:21:07.405, 20286, 0, 2475, 67.41, 5
2026/10/03 11:21:07.455, 20286, 0, 2475, 67.41, 5
2026/10/03 11:21:07.505, 20286, 0, 2475, 67.41, 5
2026/10/03 11:21:07.555, 20286, 0, 2475, 67.41, 5
2026/10/03 11:21:07.606, 20286, 0, 2475, 67.41, 5
2026/10/03 11:21:07.656, 20286, 0, 2475, 67.41, 5
2026/10/03 11:21:07.706, 20286, 0, 2475, 67.41, 5
2026/10/03 11:21:07.756, 20288, 0, 2475, 67.41, 5
2026/10/03 11:21:07.806, 20288, 0, 2475, 67.41, 5
2026/10/03 11:21:07.856, 20288, 0, 2475, 67.41, 5
2026/10/03 11:21:07.907, 20288, 0, 2482, 67.61, 5
2026/10/03 11:21:07.957, 20288, 0, 2482, 67.61, 5
2026/10/03 11:21:08.007, 20288, 0, 2482, 67.61, 5
2026/10/03 11:21:08.057, 20288, 0, 2482, 67.61, 5
2026/10/03 11:21:08.107, 20288, 0, 2482, 67.61, 5
2026/10/03 11:21:08.158, 20290, 0, 2482, 67.61, 5
2026/10/03 11:21:08.208, 20290, 0, 2482, 67.61, 5
2026/10/03 11:21:08.258, 20290, 0, 2482, 67.61, 5
2026/10/03 11:21:08.308, 20290, 0, 2482, 67.61, 5
2026/10/03 11:21:08.358, 20290, 0, 2482, 67.72, 5
2026/10/03 11:21:08.408, 20290, 0, 2482, 67.72, 5
2026/10/03 11:21:08.459, 20290, 0, 2482, 67.72, 5
2026/10/03 11:21:08.509, 20290, 0, 2482, 67.72, 5
2026/10/03 11:21:08.559, 20290, 0, 2482, 67.72, 5
2026/10/03 11:21:08.609, 20290, 0, 2482, 67.72, 5
2026/10/03 11:21:08.659, 20290, 0, 2482, 67.72, 5
2026/10/03 11:21:08.710, 20290, 0, 2482, 67.72, 5
2026/10/03 11:21:08.760, 20290, 0, 2482, 67.72, 5
2026/10/03 11:21:08.810, 20290, 0, 2482, 67.72, 5
2026/10/03 11:21:08.860, 20290, 0, 2475, 68.07, 5
2026/10/03 11:21:08.910, 20290, 0, 2475, 68.07, 5
2026/10/03 11:21:08.960, 20290, 0, 2475, 68.07, 5
2026/10/03 11:21:09.011, 20290, 0, 2475, 68.07, 5
2026/10/03 11:21:09.061, 20290, 0, 2475, 68.07, 5
2026/10/03 11:21:09.111, 20290, 0, 2475, 68.07, 5
2026/10/03 11:21:09.161, 20290, 0, 2475, 68.07, 5
2026/10/03 11:21:09.211, 20290, 0, 2475, 68.07, 5
2026/10/03 11:21:09.262, 20290, 0, 2475, 68.07, 5
2026/10/03 11:21:09.312, 20290, 0, 2475, 68.07, 5
2026/10/03 11:21:09.362, 20290, 0, 2475, 67.14, 5
2026/10/03 11:21:09.412, 20292, 0, 2475, 67.14, 5
2026/10/03 11:21:09.462, 20292, 0, 2475, 67.14, 5
2026/10/03 11:21:09.512, 20292, 0, 2475, 67.14, 5
2026/10/03 11:21:09.563, 20292, 0, 2475, 67.14, 5
2026/10/03 11:21:09.613, 20292, 0, 2475, 67.14, 5
2026/10/03 11:21:09.663, 20292, 0, 2475, 67.14, 5
2026/10/03 11:21:09.713, 20292, 0, 2475, 67.14, 5
2026/10/03 11:21:09.763, 20292, 0, 2475, 67.14, 5
2026/10/03 11:21:09.814, 20292, 0, 2475, 67.14, 5
2026/10/03 11:21:09.864, 20294, 0, 2475, 67.15, 5
2026/10/03 11:21:09.914, 20294, 0, 2475, 67.15, 5
2026/10/03 11:21:09.964, 20294, 0, 2475, 67.15, 5
2026/10/03 11:21:10.014, 20294, 0, 2475, 67.15, 5
2026/10/03 11:21:10.064, 20294, 0, 2475, 67.15, 5
2026/10/03 11:21:10.115, 20294, 0, 2475, 67.15, 5
2026/10/03 11:21:10.165, 20294, 0, 2475, 67.15, 5
2026/10/03 11:21:10.215, 20294, 0, 2475, 67.15, 5
2026/10/03 11:21:10.265, 20294, 0, 2475, 67.15, 5
2026/10/03 11:21:10.315, 20294, 0, 2475, 67.15, 5
2026/10/03 11:21:10.365, 20294, 0, 2482, 68.06, 5
2026/10/03 11:21:10.416, 20294, 0, 2482, 68.06, 5
2026/10/03 11:21:10.466, 20294, 0, 2482, 68.06, 5
2026/10/03 11:21:10.516, 20294, 0, 2482, 68.06, 5
2026/10/03 11:21:10.566, 20294, 0, 2482, 68.06, 5
2026/10/03 11:21:10.616, 20294, 0, 2482, 68.06, 5
2026/10/03 11:21:10.667, 20294, 0, 2482, 68.06, 5
2026/10/03 11:21:10.717, 20294, 0, 2482, 68.06, 5
2026/10/03 11:21:10.767, 20294, 0, 2482, 68.06, 5
2026/10/03 11:21:10.817, 20294, 0, 2482, 68.06, 5
2026/10/03 11:21:10.867, 20294, 0, 2475, 67.67, 5
2026/10/03 11:21:10.918, 20294, 0, 2475, 67.67, 5
2026/10/03 11:21:10.968, 20294, 0, 2475, 67.67, 5
2026/10/03 11:21:11.018, 20294, 0, 2475, 67.67, 5
2026/10/03 11:21:11.068, 20294, 0, 2475, 67.67, 5
2026/10/03 11:21:11.118, 20296, 0, 2475, 67.67, 5
2026/10/03 11:21:11.168, 20296, 0, 2475, 67.67, 5
2026/10/03 11:21:11.219, 20296, 0, 2475, 67.67, 5
2026/10/03 11:21:11.269, 20296, 0, 2475, 67.67, 5
2026/10/03 11:21:11.319, 20296, 0, 2475, 67.67, 5
2026/10/03 11:21:11.369, 20296, 0, 2482, 67.73, 5
2026/10/03 11:21:11.419, 20296, 0, 2482, 67.73, 5
2026/10/03 11:21:11.470, 20296, 0, 2482, 67.73, 5
2026/10/03 11:21:11.520, 20296, 0, 2482, 67.73, 5
2026/10/03 11:21:11.570, 20298, 0, 2482, 67.73, 5
2026/10/03 11:21:11.620, 20298, 0, 2482, 67.73, 5
2026/10/03 11:21:11.670, 20298, 0, 2482, 67.73, 5
2026/10/03 11:21:11.720, 20298, 0, 2482, 67.73, 5
2026/10/03 11:21:11.771, 20298, 0, 2482, 67.73, 5
2026/10/03 11:21:11.821, 20298, 0, 2482, 67.73, 5
2026/10/03 11:21:11.871, 20298, 0, 2482, 68.16, 5
2026/10/03 11:21:11.921, 20298, 0, 2482, 68.16, 5
2026/10/03 11:21:11.971, 20298, 0, 2482, 68.16, 5
2026/10/03 11:21:12.021, 20298, 0, 2482, 68.16, 5
2026/10/03 11:21:12.071, 20298, 0, 2482, 68.16, 5
2026/10/03 11:21:12.122, 20298, 0, 2482, 68.16, 5
2026/10/03 11:21:12.172, 20298, 0, 2482, 68.16, 5
2026/10/03 11:21:12.222, 20298, 0, 2482, 68.16, 5
2026/10/03 11:21:12.272, 20298, 0, 2482, 68.16, 5
2026/10/03 11:21:12.322, 20298, 0, 2482, 68.16, 5
2026/10/03 11:21:12.373, 20298, 0, 2475, 67.40, 5
2026/10/03 11:21:12.423, 20298, 0, 2475, 67.40, 5
2026/10/03 11:21:12.473, 20298, 0, 2475, 67.40, 5
2026/10/03 11:21:12.523, 20298, 0, 2475, 67.40, 5
2026/10/03 11:21:12.573, 20298, 0, 2475, 67.40, 5
2026/10/03 11:21:12.624, 20298, 0, 2475, 67.40, 5
2026/10/03 11:21:12.674, 20298, 0, 2475, 67.40, 5
2026/10/03 11:21:12.724, 20298, 0, 2475, 67.40, 5
2026/10/03 11:21:12.774, 20298, 0, 2475, 67.40, 5
2026/10/03 11:21:12.824, 20300, 0, 2475, 67.40, 5
2026/10/03 11:21:12.875, 20300, 2, 2482, 68.77, 5
2026/10/03 11:21:12.925, 20300, 2, 2482, 68.77, 5
2026/10/03 11:21:12.975, 20300, 2, 2482, 68.77, 5
2026/10/03 11:21:13.026, 20300, 2, 2482, 68.77, 5
2026/10/03 11:21:13.076, 20300, 2, 2482, 68.77, 5
2026/10/03 11:21:13.126, 20300, 2, 2482, 68.77, 5
2026/10/03 11:21:13.176, 20300, 2, 2482, 68.77, 5
2026/10/03 11:21:13.227, 20300, 2, 2482, 68.77, 5
2026/10/03 11:21:13.277, 20302, 2, 2482, 68.77, 5
2026/10/03 11:21:13.327, 20302, 2, 2482, 68.77, 5
2026/10/03 11:21:13.377, 20302, 2, 2482, 68.84, 5
2026/10/03 11:21:13.427, 20302, 2, 2482, 68.84, 5
2026/10/03 11:21:13.477, 20302, 2, 2482, 68.84, 5
2026/10/03 11:21:13.527, 20302, 2, 2482, 68.84, 5
2026/10/03 11:21:13.578, 20302, 2, 2482, 68.84, 5
2026/10/03 11:21:13.628, 20302, 2, 2482, 68.84, 5
2026/10/03 11:21:13.678, 20302, 2, 2482, 68.84, 5
2026/10/03 11:21:13.728, 20304, 2, 2482, 68.84, 5
2026/10/03 11:21:13.778, 20304, 2, 2482, 68.84, 5
2026/10/03 11:21:13.829, 20304, 2, 2482, 68.84, 5
2026/10/03 11:21:13.879, 20304, 0, 2482, 67.95, 5
2026/10/03 11:21:13.929, 20304, 0, 2482, 67.95, 5
2026/10/03 11:21:13.979, 20304, 0, 2482, 67.95, 5
2026/10/03 11:21:14.029, 20304, 0, 2482, 67.95, 5
2026/10/03 11:21:14.080, 20304, 0, 2482, 67.95, 5
2026/10/03 11:21:14.130, 20304, 0, 2482, 67.95, 5
2026/10/03 11:21:14.180, 20304, 0, 2482, 67.95, 5
2026/10/03 11:21:14.230, 20304, 0, 2482, 67.95, 5
2026/10/03 11:21:14.280, 20304, 0, 2482, 67.95, 5
2026/10/03 11:21:14.331, 20304, 0, 2482, 67.95, 5
2026/10/03 11:21:14.381, 20304, 0, 2475, 67.90, 5
2026/10/03 11:21:14.431, 20304, 0, 2475, 67.90, 5
2026/10/03 11:21:14.481, 20304, 0, 2475, 67.90, 5
2026/10/03 11:21:14.531, 20304, 0, 2475, 67.90, 5
2026/10/03 11:21:14.581, 20304, 0, 2475, 67.90, 5
2026/10/03 11:21:14.632, 20304, 0, 2475, 67.90, 5
2026/10/03 11:21:14.682, 20304, 0, 2475, 67.90, 5
2026/10/03 11:21:14.732, 20304, 0, 2475, 67.90, 5
2026/10/03 11:21:14.782, 20304, 0, 2475, 67.90, 5
2026/10/03 11:21:14.832, 20304, 0, 2475, 67.90, 5
2026/10/03 11:21:14.883, 20304, 0, 2475, 67.95, 5
2026/10/03 11:21:14.933, 20304, 0, 2475, 67.95, 5
2026/10/03 11:21:14.983, 20304, 0, 2475, 67.95, 5
2026/10/03 11:21:15.033, 20306, 0, 2475, 67.95, 5
2026/10/03 11:21:15.083, 20306, 0, 2475, 67.95, 5
2026/10/03 11:21:15.133, 20306, 0, 2475, 67.95, 5
2026/10/03 11:21:15.184, 20306, 0, 2475, 67.95, 5
2026/10/03 11:21:15.234, 20306, 0, 2475, 67.95, 5
2026/10/03 11:21:15.284, 20306, 0, 2475, 67.95, 5
2026/10/03 11:21:15.334, 20306, 0, 2475, 67.95, 5
2026/10/03 11:21:15.384, 20306, 0, 2482, 67.75, 5
2026/10/03 11:21:15.434, 20308, 0, 2482, 67.75, 5
2026/10/03 11:21:15.485, 20308, 0, 2482, 67.75, 5
2026/10/03 11:21:15.535, 20308, 0, 2482, 67.75, 5
2026/10/03 11:21:15.585, 20308, 0, 2482, 67.75, 5
2026/10/03 11:21:15.635, 20308, 0, 2482, 67.75, 5
2026/10/03 11:21:15.685, 20308, 0, 2482, 67.75, 5
2026/10/03 11:21:15.736, 20308, 0, 2482, 67.75, 5
2026/10/03 11:21:15.786, 20308, 0, 2482, 67.75, 5
2026/10/03 11:21:15.836, 20308, 0, 2482, 67.75, 5
2026/10/03 11:21:15.886, 20308, 0, 2475, 68.12, 5
2026/10/03 11:21:15.936, 20308, 0, 2475, 68.12, 5
2026/10/03 11:21:15.987, 20308, 0, 2475, 68.12, 5
2026/10/03 11:21:16.037, 20308, 0, 2475, 68.12, 5
2026/10/03 11:21:16.087, 20308, 0, 2475, 68.12, 5
2026/10/03 11:21:16.137, 20308, 0, 2475, 68.12, 5
2026/10/03 11:21:16.187, 20308, 0, 2475, 68.12, 5
2026/10/03 11:21:16.237, 20308, 0, 2475, 68.12, 5
2026/10/03 11:21:16.288, 20308, 0, 2475, 68.12, 5
2026/10/03 11:21:16.338, 20308, 0, 2475, 68.12, 5
2026/10/03 11:21:16.388, 20308, 0, 2482, 68.85, 5
2026/10/03 11:21:16.438, 20308, 0, 2482, 68.85, 5
2026/10/03 11:21:16.488, 20308, 0, 2482, 68.85, 5
2026/10/03 11:21:16.539, 20308, 0, 2482, 68.85, 5
2026/10/03 11:21:16.589, 20308, 0, 2482, 68.85, 5
2026/10/03 11:21:16.639, 20308, 0, 2482, 68.85, 5
2026/10/03 11:21:16.689, 20308, 0, 2482, 68.85, 5
2026/10/03 11:21:16.739, 20310, 0, 2482, 68.85, 5
2026/10/03 11:21:16.790, 20310, 0, 2482, 68.85, 5
2026/10/03 11:21:16.840, 20310, 0, 2482, 68.85, 5
2026/10/03 11:21:16.890, 20310, 0, 2482, 67.78, 5
2026/10/03 11:21:16.940, 20310, 0, 2482, 67.78, 5
2026/10/03 11:21:16.990, 20310, 0, 2482, 67.78, 5
2026/10/03 11:21:17.040, 20310, 0, 2482, 67.78, 5
2026/10/03 11:21:17.090, 20310, 0, 2482, 67.78, 5
2026/10/03 11:21:17.140, 20312, 0, 2482, 67.78, 5
2026/10/03 11:21:17.191, 20312, 0, 2482, 67.78, 5
2026/10/03 11:21:17.241, 20312, 0, 2482, 67.78, 5
2026/10/03 11:21:17.291, 20312, 0, 2482, 67.78, 5
2026/10/03 11:21:17.341, 20312, 0, 2482, 67.78, 5
2026/10/03 11:21:17.391, 20312, 0, 2482, 68.33, 5
2026/10/03 11:21:17.442, 20312, 0, 2482, 68.33, 5
2026/10/03 11:21:17.492, 20312, 0, 2482, 68.33, 5
2026/10/03 11:21:17.542, 20312, 0, 2482, 68.33, 5
2026/10/03 11:21:17.592, 20312, 0, 2482, 68.33, 5
2026/10/03 11:21:17.642, 20312, 0, 2482, 68.33, 5
2026/10/03 11:21:17.693, 20312, 0, 2482, 68.33, 5
2026/10/03 11:21:17.743, 20312, 0, 2482, 68.33, 5
2026/10/03 11:21:17.793, 20312, 0, 2482, 68.33, 5
2026/10/03 11:21:17.843, 20312, 0, 2482, 68.33, 5
2026/10/03 11:21:17.893, 20312, 0, 2475, 68.17, 5
2026/10/03 11:21:17.943, 20312, 0, 2475, 68.17, 5
2026/10/03 11:21:17.994, 20312, 0, 2475, 68.17, 5
2026/10/03 11:21:18.044, 20312, 0, 2475, 68.17, 5
2026/10/03 11:21:18.094, 20312, 0, 2475, 68.17, 5
2026/10/03 11:21:18.144, 20312, 0, 2475, 68.17, 5
2026/10/03 11:21:18.194, 20312, 0, 2475, 68.17, 5
2026/10/03 11:21:18.245, 20312, 0, 2475, 68.17, 5
2026/10/03 11:21:18.295, 20312, 0, 2475, 68.17, 5
2026/10/03 11:21:18.345, 20312, 0, 2475, 68.17, 5
2026/10/03 11:21:18.395, 20312, 0, 2475, 67.90, 5
2026/10/03 11:21:18.445, 20314, 0, 2475, 67.90, 5
2026/10/03 11:21:18.496, 20314, 0, 2475, 67.90, 5
2026/10/03 11:21:18.546, 20314, 0, 2475, 67.90, 5
2026/10/03 11:21:18.596, 20314, 0, 2475, 67.90, 5
2026/10/03 11:21:18.646, 20314, 0, 2475, 67.90, 5
2026/10/03 11:21:18.696, 20314, 0, 2475, 67.90, 5
2026/10/03 11:21:18.746, 20314, 0, 2475, 67.90, 5
2026/10/03 11:21:18.796, 20314, 0, 2475, 67.90, 5
2026/10/03 11:21:18.847, 20316, 0, 2475, 67.90, 5
2026/10/03 11:21:18.897, 20316, 1, 2482, 68.41, 5
2026/10/03 11:21:18.947, 20316, 1, 2482, 68.41, 5
2026/10/03 11:21:18.997, 20316, 1, 2482, 68.41, 5
2026/10/03 11:21:19.047, 20316, 1, 2482, 68.41, 5
2026/10/03 11:21:19.098, 20316, 1, 2482, 68.41, 5
2026/10/03 11:21:19.148, 20316, 1, 2482, 68.41, 5
2026/10/03 11:21:19.198, 20316, 1, 2482, 68.41, 5
2026/10/03 11:21:19.248, 20316, 1, 2482, 68.41, 5
2026/10/03 11:21:19.298, 20316, 1, 2482, 68.41, 5
2026/10/03 11:21:19.349, 20316, 1, 2482, 68.41, 5
2026/10/03 11:21:19.399, 20316, 1, 2475, 68.00, 5
2026/10/03 11:21:19.449, 20316, 1, 2475, 68.00, 5
2026/10/03 11:21:19.499, 20316, 1, 2475, 68.00, 5
2026/10/03 11:21:19.549, 20316, 1, 2475, 68.00, 5
2026/10/03 11:21:19.599, 20316, 1, 2475, 68.00, 5
2026/10/03 11:21:19.650, 20316, 1, 2475, 68.00, 5
2026/10/03 11:21:19.700, 20318, 1, 2475, 68.00, 5
2026/10/03 11:21:19.750, 20318, 1, 2475, 68.00, 5
2026/10/03 11:21:19.800, 20558, 1, 2475, 68.00, 5
2026/10/03 11:21:19.850, 20558, 1, 2475, 68.00, 5
2026/10/03 11:21:19.900, 20558, 4, 2625, 77.02, 5
2026/10/03 11:21:19.950, 20558, 4, 2625, 77.02, 5
2026/10/03 11:21:20.000, 20558, 4, 2625, 77.02, 5
2026/10/03 11:21:20.051, 20558, 4, 2625, 77.02, 5
2026/10/03 11:21:20.101, 20650, 4, 2625, 77.02, 5
2026/10/03 11:21:20.151, 20650, 4, 2625, 77.02, 5
2026/10/03 11:21:20.201, 20650, 4, 2625, 77.02, 5
2026/10/03 11:21:20.251, 20650, 4, 2625, 77.02, 5
2026/10/03 11:21:20.301, 20650, 4, 2625, 77.02, 5
2026/10/03 11:21:20.351, 20290, 4, 2625, 77.02, 5
2026/10/03 11:21:20.401, 20058, 4, 2632, 67.77, 5
2026/10/03 11:21:20.452, 20058, 4, 2632, 67.77, 5
2026/10/03 11:21:20.502, 20058, 4, 2632, 67.77, 5
2026/10/03 11:21:20.552, 20058, 4, 2632, 67.77, 5
2026/10/03 11:21:20.602, 20058, 4, 2632, 67.77, 5
2026/10/03 11:21:20.652, 20106, 4, 2632, 67.77, 5
2026/10/03 11:21:20.702, 20106, 4, 2632, 67.77, 5
2026/10/03 11:21:20.752, 20106, 4, 2632, 67.77, 5
2026/10/03 11:21:20.802, 20106, 4, 2632, 67.77, 5
2026/10/03 11:21:20.853, 20106, 4, 2632, 67.77, 5
2026/10/03 11:21:20.903, 20132, 0, 2602, 67.70, 5
2026/10/03 11:21:20.953, 20154, 0, 2602, 67.70, 5
2026/10/03 11:21:21.003, 20154, 0, 2602, 67.70, 5
2026/10/03 11:21:21.053, 20154, 0, 2602, 67.70, 5
2026/10/03 11:21:21.103, 20154, 0, 2602, 67.70, 5
2026/10/03 11:21:21.153, 20182, 0, 2602, 67.70, 5
2026/10/03 11:21:21.203, 20204, 0, 2602, 67.70, 5
2026/10/03 11:21:21.254, 20204, 0, 2602, 67.70, 5
2026/10/03 11:21:21.304, 20204, 0, 2602, 67.70, 5
2026/10/03 11:21:21.354, 20204, 0, 2602, 67.70, 5
2026/10/03 11:21:21.404, 20230, 0, 2602, 68.50, 5
2026/10/03 11:21:21.454, 21112, 0, 2602, 68.50, 5
2026/10/03 11:21:21.504, 22192, 0, 2602, 68.50, 5
2026/10/03 11:21:21.554, 22672, 0, 2602, 68.50, 5
2026/10/03 11:21:21.604, 22672, 0, 2602, 68.50, 5
2026/10/03 11:21:21.655, 22672, 0, 2602, 68.50, 5
2026/10/03 11:21:21.705, 22672, 0, 2602, 68.50, 5
2026/10/03 11:21:21.755, 22672, 0, 2602, 68.50, 5
2026/10/03 11:21:21.805, 22672, 0, 2602, 68.50, 5
2026/10/03 11:21:21.855, 22672, 0, 2602, 68.50, 5
2026/10/03 11:21:21.905, 22672, 93, 2857, 442.47, 5
2026/10/03 11:21:21.955, 22672, 93, 2857, 442.47, 5
2026/10/03 11:21:22.005, 22672, 93, 2857, 442.47, 5
2026/10/03 11:21:22.056, 22672, 93, 2857, 442.47, 5
2026/10/03 11:21:22.106, 22672, 93, 2857, 442.47, 5
2026/10/03 11:21:22.156, 22672, 93, 2857, 442.47, 5
2026/10/03 11:21:22.206, 22672, 93, 2857, 442.47, 5
2026/10/03 11:21:22.256, 22672, 93, 2857, 442.47, 5
2026/10/03 11:21:22.306, 22672, 93, 2857, 442.47, 5
2026/10/03 11:21:22.356, 22672, 93, 2857, 442.47, 5
2026/10/03 11:21:22.406, 22672, 93, 2857, 404.20, 5
2026/10/03 11:21:22.457, 22672, 93, 2857, 404.20, 5
2026/10/03 11:21:22.507, 22672, 93, 2857, 404.20, 5
2026/10/03 11:21:22.557, 22672, 93, 2857, 404.20, 5
2026/10/03 11:21:22.607, 22672, 93, 2857, 404.20, 5
2026/10/03 11:21:22.657, 22672, 93, 2857, 404.20, 5
2026/10/03 11:21:22.707, 22672, 93, 2857, 404.20, 5
2026/10/03 11:21:22.757, 22672, 93, 2857, 404.20, 5
2026/10/03 11:21:22.807, 22672, 93, 2857, 404.20, 5
2026/10/03 11:21:22.858, 22672, 93, 2857, 404.20, 5
2026/10/03 11:21:22.908, 22672, 79, 2857, 362.69, 5
2026/10/03 11:21:22.958, 22672, 79, 2857, 362.69, 5
2026/10/03 11:21:23.008, 22672, 79, 2857, 362.69, 5
2026/10/03 11:21:23.058, 22672, 79, 2857, 362.69, 5
2026/10/03 11:21:23.108, 22672, 79, 2857, 362.69, 5
2026/10/03 11:21:23.158, 22672, 79, 2857, 362.69, 5
2026/10/03 11:21:23.208, 22672, 79, 2857, 362.69, 5
2026/10/03 11:21:23.258, 22672, 79, 2857, 362.69, 5
2026/10/03 11:21:23.309, 22672, 79, 2857, 362.69, 5
2026/10/03 11:21:23.359, 22672, 79, 2865, 310.63, 5
2026/10/03 11:21:23.409, 22672, 79, 2865, 310.63, 5
2026/10/03 11:21:23.459, 22672, 79, 2865, 310.63, 5
2026/10/03 11:21:23.509, 22672, 79, 2865, 310.63, 5
2026/10/03 11:21:23.559, 22672, 79, 2865, 310.63, 5
2026/10/03 11:21:23.609, 22672, 79, 2865, 310.63, 5
2026/10/03 11:21:23.659, 22672, 79, 2865, 310.63, 5
2026/10/03 11:21:23.710, 22672, 79, 2865, 310.63, 5
2026/10/03 11:21:23.760, 22672, 79, 2865, 310.63, 5
2026/10/03 11:21:23.810, 22672, 79, 2865, 310.63, 5
2026/10/03 11:21:23.860, 22672, 57, 2865, 250.23, 5
2026/10/03 11:21:23.910, 22672, 57, 2865, 250.23, 5
2026/10/03 11:21:23.960, 22672, 57, 2865, 250.23, 5
2026/10/03 11:21:24.010, 22672, 57, 2865, 250.23, 5
2026/10/03 11:21:24.060, 22672, 57, 2865, 250.23, 5
2026/10/03 11:21:24.111, 22672, 57, 2865, 250.23, 5
2026/10/03 11:21:24.161, 22672, 57, 2865, 250.23, 5
2026/10/03 11:21:24.211, 22672, 57, 2865, 250.23, 5
2026/10/03 11:21:24.261, 22672, 57, 2865, 250.23, 5
2026/10/03 11:21:24.311, 22672, 57, 2865, 250.23, 5
2026/10/03 11:21:24.361, 22672, 57, 2872, 453.90, 5
2026/10/03 11:21:24.411, 22672, 57, 2872, 453.90, 5
2026/10/03 11:21:24.461, 22672, 57, 2872, 453.90, 5
2026/10/03 11:21:24.512, 22672, 57, 2872, 453.90, 5
2026/10/03 11:21:24.562, 22672, 57, 2872, 453.90, 5
2026/10/03 11:21:24.612, 22672, 57, 2872, 453.90, 5
2026/10/03 11:21:24.662, 22672, 57, 2872, 453.90, 5
2026/10/03 11:21:24.712, 22672, 57, 2872, 453.90, 5
2026/10/03 11:21:24.762, 22672, 57, 2872, 453.90, 5
2026/10/03 11:21:24.812, 22672, 57, 2872, 453.90, 5
2026/10/03 11:21:24.862, 22672, 79, 2857, 368.51, 5
2026/10/03 11:21:24.913, 22672, 79, 2857, 368.51, 5
2026/10/03 11:21:24.963, 22672, 79, 2857, 368.51, 5
2026/10/03 11:21:25.013, 22672, 79, 2857, 368.51, 5
2026/10/03 11:21:25.063, 22672, 79, 2857, 368.51, 5
2026/10/03 11:21:25.113, 22672, 79, 2857, 368.51, 5
2026/10/03 11:21:25.163, 22672, 79, 2857, 368.51, 5
2026/10/03 11:21:25.213, 22672, 79, 2857, 368.51, 5
2026/10/03 11:21:25.263, 22672, 79, 2857, 368.51, 5
2026/10/03 11:21:25.313, 22672, 79, 2857, 368.51, 5
2026/10/03 11:21:25.364, 22672, 79, 2857, 330.97, 5
2026/10/03 11:21:25.414, 22672, 79, 2857, 330.97, 5
2026/10/03 11:21:25.464, 22672, 79, 2857, 330.97, 5
2026/10/03 11:21:25.514, 22672, 79, 2857, 330.97, 5
2026/10/03 11:21:25.564, 22672, 79, 2857, 330.97, 5
2026/10/03 11:21:25.614, 22672, 79, 2857, 330.97, 5
2026/10/03 11:21:25.664, 22672, 79, 2857, 330.97, 5
2026/10/03 11:21:25.714, 22672, 79, 2857, 330.97, 5
2026/10/03 11:21:25.765, 22672, 79, 2857, 330.97, 5
2026/10/03 11:21:25.815, 22672, 79, 2857, 330.97, 5
2026/10/03 11:21:25.865, 22672, 63, 2865, 287.88, 5
2026/10/03 11:21:25.915, 22672, 63, 2865, 287.88, 5
2026/10/03 11:21:25.965, 22672, 63, 2865, 287.88, 5
2026/10/03 11:21:26.015, 22672, 63, 2865, 287.88, 5
2026/10/03 11:21:26.065, 22672, 63, 2865, 287.88, 5
2026/10/03 11:21:26.115, 22672, 63, 2865, 287.88, 5
2026/10/03 11:21:26.166, 22672, 63, 2865, 287.88, 5
2026/10/03 11:21:26.216, 22672, 63, 2865, 287.88, 5
2026/10/03 11:21:26.266, 22672, 63, 2865, 287.88, 5
2026/10/03 11:21:26.316, 22672, 63, 2865, 287.88, 5
2026/10/03 11:21:26.366, 22672, 63, 2872, 239.53, 5
2026/10/03 11:21:26.416, 22672, 63, 2872, 239.53, 5
2026/10/03 11:21:26.466, 22672, 63, 2872, 239.53, 5
2026/10/03 11:21:26.516, 22672, 63, 2872, 239.53, 5
2026/10/03 11:21:26.567, 22672, 63, 2872, 239.53, 5
2026/10/03 11:21:26.617, 22672, 63, 2872, 239.53, 5
2026/10/03 11:21:26.667, 22672, 63, 2872, 239.53, 5
2026/10/03 11:21:26.717, 22672, 63, 2872, 239.53, 5
2026/10/03 11:21:26.767, 22672, 63, 2872, 239.53, 5
2026/10/03 11:21:26.817, 22672, 63, 2872, 239.53, 5
2026/10/03 11:21:26.867, 22672, 51, 2865, 240.95, 5
2026/10/03 11:21:26.917, 22672, 51, 2865, 240.95, 5
2026/10/03 11:21:26.968, 22672, 51, 2865, 240.95, 5
2026/10/03 11:21:27.018, 22672, 51, 2865, 240.95, 5
2026/10/03 11:21:27.068, 22672, 51, 2865, 240.95, 5
2026/10/03 11:21:27.118, 22672, 51, 2865, 240.95, 5
2026/10/03 11:21:27.168, 22672, 51, 2865, 240.95, 5
2026/10/03 11:21:27.218, 22672, 51, 2865, 240.95, 5
2026/10/03 11:21:27.268, 22672, 51, 2865, 240.95, 5
2026/10/03 11:21:27.318, 22672, 51, 2865, 240.95, 5
2026/10/03 11:21:27.369, 22672, 51, 2865, 455.29, 5
2026/10/03 11:21:27.419, 22672, 51, 2865, 455.29, 5
2026/10/03 11:21:27.469, 22672, 51, 2865, 455.29, 5
2026/10/03 11:21:27.519, 22672, 51, 2865, 455.29, 5
2026/10/03 11:21:27.569, 22672, 51, 2865, 455.29, 5
2026/10/03 11:21:27.619, 22672, 51, 2865, 455.29, 5
2026/10/03 11:21:27.669, 22672, 51, 2865, 455.29, 5
2026/10/03 11:21:27.719, 22672, 51, 2865, 455.29, 5
2026/10/03 11:21:27.770, 22672, 51, 2865, 455.29, 5
2026/10/03 11:21:27.820, 22672, 51, 2865, 455.29, 5
2026/10/03 11:21:27.870, 22672, 99, 2850, 463.14, 5
2026/10/03 11:21:27.920, 22672, 99, 2850, 463.14, 5
2026/10/03 11:21:27.970, 22672, 99, 2850, 463.14, 5
2026/10/03 11:21:28.020, 22672, 99, 2850, 463.14, 5
2026/10/03 11:21:28.070, 22672, 99, 2850, 463.14, 5
2026/10/03 11:21:28.120, 22672, 99, 2850, 463.14, 5
2026/10/03 11:21:28.171, 22672, 99, 2850, 463.14, 5
2026/10/03 11:21:28.221, 22672, 99, 2850, 463.14, 5
2026/10/03 11:21:28.271, 22672, 99, 2850, 463.14, 5
2026/10/03 11:21:28.321, 22672, 99, 2850, 463.14, 5
2026/10/03 11:21:28.371, 22672, 99, 2850, 467.07, 5
2026/10/03 11:21:28.421, 22672, 99, 2850, 467.07, 5
2026/10/03 11:21:28.471, 22672, 99, 2850, 467.07, 5
2026/10/03 11:21:28.521, 22672, 99, 2850, 467.07, 5
2026/10/03 11:21:28.572, 22672, 99, 2850, 467.07, 5
2026/10/03 11:21:28.622, 22672, 99, 2850, 467.07, 5
2026/10/03 11:21:28.672, 22672, 99, 2850, 467.07, 5
2026/10/03 11:21:28.722, 22672, 99, 2850, 467.07, 5
2026/10/03 11:21:28.772, 22672, 99, 2850, 467.07, 5
2026/10/03 11:21:28.822, 22672, 99, 2850, 467.07, 5
2026/10/03 11:21:28.872, 22672, 99, 2850, 467.56, 5
2026/10/03 11:21:28.922, 22672, 99, 2850, 467.56, 5
2026/10/03 11:21:28.973, 22672, 99, 2850, 467.56, 5
2026/10/03 11:21:29.023, 22672, 99, 2850, 467.56, 5
2026/10/03 11:21:29.073, 22672, 99, 2850, 467.56, 5
2026/10/03 11:21:29.123, 22672, 99, 2850, 467.56, 5
2026/10/03 11:21:29.173, 22672, 99, 2850, 467.56, 5
2026/10/03 11:21:29.223, 22672, 99, 2850, 467.56, 5
2026/10/03 11:21:29.273, 22672, 99, 2850, 467.56, 5
2026/10/03 11:21:29.323, 22672, 99, 2850, 467.56, 5
2026/10/03 11:21:29.373, 22672, 99, 2850, 471.11, 5
2026/10/03 11:21:29.424, 22672, 99, 2850, 471.11, 5
2026/10/03 11:21:29.474, 22672, 99, 2850, 471.11, 5
2026/10/03 11:21:29.524, 22672, 99, 2850, 471.11, 5
2026/10/03 11:21:29.574, 22672, 99, 2850, 471.11, 5
2026/10/03 11:21:29.624, 22672, 99, 2850, 471.11, 5
2026/10/03 11:21:29.674, 22672, 99, 2850, 471.11, 5
2026/10/03 11:21:29.724, 22672, 99, 2850, 471.11, 5
2026/10/03 11:21:29.774, 22672, 99, 2850, 471.11, 5
2026/10/03 11:21:29.825, 22672, 99, 2850, 471.11, 5
2026/10/03 11:21:29.875, 22672, 99, 2850, 470.70, 5
2026/10/03 11:21:29.925, 22672, 99, 2850, 470.70, 5
2026/10/03 11:21:29.975, 22672, 99, 2850, 470.70, 5
2026/10/03 11:21:30.025, 22672, 99, 2850, 470.70, 5
2026/10/03 11:21:30.075, 22672, 99, 2850, 470.70, 5
2026/10/03 11:21:30.125, 22672, 99, 2850, 470.70, 5
2026/10/03 11:21:30.175, 22672, 99, 2850, 470.70, 5
2026/10/03 11:21:30.226, 22672, 99, 2850, 470.70, 5
2026/10/03 11:21:30.276, 22672, 99, 2850, 470.70, 5
2026/10/03 11:21:30.326, 22672, 99, 2850, 470.70, 5
2026/10/03 11:21:30.376, 22672, 99, 2850, 472.44, 5
2026/10/03 11:21:30.426, 22672, 99, 2850, 472.44, 5
2026/10/03 11:21:30.476, 22672, 99, 2850, 472.44, 5
2026/10/03 11:21:30.526, 22672, 99, 2850, 472.44, 5
2026/10/03 11:21:30.576, 22672, 99, 2850, 472.44, 5
2026/10/03 11:21:30.627, 22672, 99, 2850, 472.44, 5
2026/10/03 11:21:30.677, 22672, 99, 2850, 472.44, 5
2026/10/03 11:21:30.727, 22672, 99, 2850, 472.44, 5
2026/10/03 11:21:30.777, 22672, 99, 2850, 472.44, 5
2026/10/03 11:21:30.827, 22672, 99, 2850, 472.44, 5
2026/10/03 11:21:30.877, 22672, 99, 2850, 472.56, 5
2026/10/03 11:21:30.927, 22672, 99, 2850, 472.56, 5
2026/10/03 11:21:30.977, 22672, 99, 2850, 472.56, 5
2026/10/03 11:21:31.028, 22672, 99, 2850, 472.56, 5
2026/10/03 11:21:31.078, 22672, 99, 2850, 472.56, 5
2026/10/03 11:21:31.128, 22672, 99, 2850, 472.56, 5
2026/10/03 11:21:31.178, 22672, 99, 2850, 472.56, 5
2026/10/03 11:21:31.228, 22672, 99, 2850, 472.56, 5
2026/10/03 11:21:31.278, 22672, 99, 2850, 472.56, 5
2026/10/03 11:21:31.328, 22672, 99, 2850, 472.56, 5
2026/10/03 11:21:31.378, 22672, 99, 2850, 474.76, 5
2026/10/03 11:21:31.429, 22672, 99, 2850, 474.76, 5
2026/10/03 11:21:31.479, 22672, 99, 2850, 474.76, 5
2026/10/03 11:21:31.529, 22672, 99, 2850, 474.76, 5
2026/10/03 11:21:31.579, 22672, 99, 2850, 474.76, 5
2026/10/03 11:21:31.629, 22672, 99, 2850, 474.76, 5
2026/10/03 11:21:31.679, 22672, 99, 2850, 474.76, 5
2026/10/03 11:21:31.729, 22672, 99, 2850, 474.76, 5
2026/10/03 11:21:31.779, 22672, 99, 2850, 474.76, 5
2026/10/03 11:21:31.830, 22672, 99, 2850, 474.76, 5
2026/10/03 11:21:31.880, 22672, 99, 2850, 477.18, 5
2026/10/03 11:21:31.930, 22672, 99, 2850, 477.18, 5
2026/10/03 11:21:31.980, 22672, 99, 2850, 477.18, 5
2026/10/03 11:21:32.030, 22672, 99, 2850, 477.18, 5
2026/10/03 11:21:32.080, 22672, 99, 2850, 477.18, 5
2026/10/03 11:21:32.130, 22672, 99, 2850, 477.18, 5
2026/10/03 11:21:32.180, 22672, 99, 2850, 477.18, 5
2026/10/03 11:21:32.231, 22672, 99, 2850, 477.18, 5
2026/10/03 11:21:32.281, 22672, 99, 2850, 477.18, 5
2026/10/03 11:21:32.331, 22672, 99, 2850, 477.18, 5
2026/10/03 11:21:32.381, 22672, 99, 2850, 475.98, 5
2026/10/03 11:21:32.431, 22672, 99, 2850, 475.98, 5
2026/10/03 11:21:32.481, 22672, 99, 2850, 475.98, 5
2026/10/03 11:21:32.531, 22672, 99, 2850, 475.98, 5
2026/10/03 11:21:32.581, 22672, 99, 2850, 475.98, 5
2026/10/03 11:21:32.632, 22672, 99, 2850, 475.98, 5
2026/10/03 11:21:32.682, 22672, 99, 2850, 475.98, 5
2026/10/03 11:21:32.732, 22672, 99, 2850, 475.98, 5
2026/10/03 11:21:32.782, 22672, 99, 2850, 475.98, 5
2026/10/03 11:21:32.832, 22672, 99, 2850, 475.98, 5
2026/10/03 11:21:32.882, 22672, 99, 2850, 474.50, 5
2026/10/03 11:21:32.932, 22672, 99, 2850, 474.50, 5
2026/10/03 11:21:32.982, 22672, 99, 2850, 474.50, 5
2026/10/03 11:21:33.033, 22672, 99, 2850, 474.50, 5
2026/10/03 11:21:33.083, 22672, 99, 2850, 474.50, 5
2026/10/03 11:21:33.133, 22672, 99, 2850, 474.50, 5
2026/10/03 11:21:33.183, 22672, 99, 2850, 474.50, 5
2026/10/03 11:21:33.233, 22672, 99, 2850, 474.50, 5
2026/10/03 11:21:33.283, 22672, 99, 2850, 474.50, 5
2026/10/03 11:21:33.333, 22672, 99, 2850, 474.50, 5
2026/10/03 11:21:33.383, 22672, 99, 2850, 474.04, 5
2026/10/03 11:21:33.434, 22672, 99, 2850, 474.04, 5
2026/10/03 11:21:33.484, 22672, 99, 2850, 474.04, 5
2026/10/03 11:21:33.534, 22672, 99, 2850, 474.04, 5
2026/10/03 11:21:33.584, 22672, 99, 2850, 474.04, 5
2026/10/03 11:21:33.634, 22672, 99, 2850, 474.04, 5
2026/10/03 11:21:33.684, 22672, 99, 2850, 474.04, 5
2026/10/03 11:21:33.734, 22672, 99, 2850, 474.04, 5
2026/10/03 11:21:33.784, 22672, 99, 2850, 474.04, 5
2026/10/03 11:21:33.835, 22672, 99, 2850, 474.04, 5
2026/10/03 11:21:33.885, 22672, 99, 2850, 478.92, 5
2026/10/03 11:21:33.935, 22672, 99, 2850, 478.92, 5
2026/10/03 11:21:33.985, 22672, 99, 2850, 478.92, 5
2026/10/03 11:21:34.035, 22672, 99, 2850, 478.92, 5
2026/10/03 11:21:34.085, 22672, 99, 2850, 478.92, 5
2026/10/03 11:21:34.135, 22672, 99, 2850, 478.92, 5
2026/10/03 11:21:34.185, 22672, 99, 2850, 478.92, 5
2026/10/03 11:21:34.235, 22672, 99, 2850, 478.92, 5
2026/10/03 11:21:34.286, 22672, 99, 2850, 478.92, 5
2026/10/03 11:21:34.336, 22672, 99, 2850, 478.92, 5
2026/10/03 11:21:34.386, 22672, 99, 2850, 479.27, 5
2026/10/03 11:21:34.436, 22672, 99, 2850, 479.27, 5
2026/10/03 11:21:34.486, 22672, 99, 2850, 479.27, 5
2026/10/03 11:21:34.536, 22672, 99, 2850, 479.27, 5
2026/10/03 11:21:34.586, 22672, 99, 2850, 479.27, 5
2026/10/03 11:21:34.636, 22672, 99, 2850, 479.27, 5
2026/10/03 11:21:34.687, 22672, 99, 2850, 479.27, 5
2026/10/03 11:21:34.737, 22672, 99, 2850, 479.27, 5
2026/10/03 11:21:34.787, 22672, 99, 2850, 479.27, 5
2026/10/03 11:21:34.837, 22672, 99, 2850, 479.27, 5
2026/10/03 11:21:34.887, 22672, 99, 2850, 477.84, 5
2026/10/03 11:21:34.937, 22672, 99, 2850, 477.84, 5
2026/10/03 11:21:34.987, 22672, 99, 2850, 477.84, 5
2026/10/03 11:21:35.037, 22672, 99, 2850, 477.84, 5
2026/10/03 11:21:35.087, 22672, 99, 2850, 477.84, 5
2026/10/03 11:21:35.138, 22672, 99, 2850, 477.84, 5
2026/10/03 11:21:35.188, 22672, 99, 2850, 477.84, 5
2026/10/03 11:21:35.238, 22672, 99, 2850, 477.84, 5
2026/10/03 11:21:35.288, 22672, 99, 2850, 477.84, 5
2026/10/03 11:21:35.338, 22672, 99, 2850, 477.84, 5
2026/10/03 11:21:35.388, 22672, 99, 2850, 474.96, 5
2026/10/03 11:21:35.438, 22672, 99, 2850, 474.96, 5
2026/10/03 11:21:35.488, 22672, 99, 2850, 474.96, 5
2026/10/03 11:21:35.539, 22672, 99, 2850, 474.96, 5
2026/10/03 11:21:35.589, 22672, 99, 2850, 474.96, 5
2026/10/03 11:21:35.639, 22672, 99, 2850, 474.96, 5
2026/10/03 11:21:35.689, 22672, 99, 2850, 474.96, 5
2026/10/03 11:21:35.739, 22672, 99, 2850, 474.96, 5
2026/10/03 11:21:35.789, 22672, 99, 2850, 474.96, 5
2026/10/03 11:21:35.839, 22672, 99, 2850, 474.96, 5
2026/10/03 11:21:35.889, 22672, 99, 2850, 476.22, 5
2026/10/03 11:21:35.940, 22672, 99, 2850, 476.22, 5
2026/10/03 11:21:35.990, 22672, 99, 2850, 476.22, 5
2026/10/03 11:21:36.040, 22672, 99, 2850, 476.22, 5
2026/10/03 11:21:36.090, 22672, 99, 2850, 476.22, 5
2026/10/03 11:21:36.140, 22672, 99, 2850, 476.22, 5
2026/10/03 11:21:36.190, 22672, 99, 2850, 476.22, 5
2026/10/03 11:21:36.240, 22672, 99, 2850, 476.22, 5
2026/10/03 11:21:36.290, 22672, 99, 2850, 476.22, 5
2026/10/03 11:21:36.340, 22672, 99, 2850, 476.22, 5
2026/10/03 11:21:36.391, 22672, 99, 2850, 476.76, 5
2026/10/03 11:21:36.441, 22672, 99, 2850, 476.76, 5
2026/10/03 11:21:36.491, 22672, 99, 2850, 476.76, 5
2026/10/03 11:21:36.541, 22672, 99, 2850, 476.76, 5
2026/10/03 11:21:36.591, 22672, 99, 2850, 476.76, 5
2026/10/03 11:21:36.641, 22672, 99, 2850, 476.76, 5
2026/10/03 11:21:36.691, 22672, 99, 2850, 476.76, 5
2026/10/03 11:21:36.741, 22672, 99, 2850, 476.76, 5
2026/10/03 11:21:36.792, 22672, 99, 2850, 476.76, 5
2026/10/03 11:21:36.842, 22672, 99, 2850, 476.76, 5
2026/10/03 11:21:36.892, 22672, 99, 2850, 477.51, 5
2026/10/03 11:21:36.942, 22672, 99, 2850, 477.51, 5
2026/10/03 11:21:36.992, 22672, 99, 2850, 477.51, 5
2026/10/03 11:21:37.042, 22672, 99, 2850, 477.51, 5
2026/10/03 11:21:37.092, 22672, 99, 2850, 477.51, 5
2026/10/03 11:21:37.142, 22672, 99, 2850, 477.51, 5
2026/10/03 11:21:37.193, 22672, 99, 2850, 477.51, 5
2026/10/03 11:21:37.243, 22672, 99, 2850, 477.51, 5
2026/10/03 11:21:37.293, 22672, 99, 2850, 477.51, 5
2026/10/03 11:21:37.343, 22672, 99, 2850, 477.51, 5
2026/10/03 11:21:37.393, 22672, 99, 2850, 474.95, 5
2026/10/03 11:21:37.443, 22672, 99, 2850, 474.95, 5
2026/10/03 11:21:37.493, 22672, 99, 2850, 474.95, 5
2026/10/03 11:21:37.543, 22672, 99, 2850, 474.95, 5
2026/10/03 11:21:37.594, 22672, 99, 2850, 474.95, 5
2026/10/03 11:21:37.644, 22672, 99, 2850, 474.95, 5
2026/10/03 11:21:37.694, 22672, 99, 2850, 474.95, 5
2026/10/03 11:21:37.744, 22672, 99, 2850, 474.95, 5
2026/10/03 11:21:37.794, 22672, 99, 2850, 474.95, 5
2026/10/03 11:21:37.845, 22672, 99, 2850, 474.95, 5
2026/10/03 11:21:37.895, 22672, 0, 2895, 102.39, 5
2026/10/03 11:21:37.945, 22672, 0, 2895, 102.39, 5
2026/10/03 11:21:37.995, 22672, 0, 2895, 102.39, 5
2026/10/03 11:21:38.045, 22672, 0, 2895, 102.39, 5
2026/10/03 11:21:38.096, 22672, 0, 2895, 102.39, 5
2026/10/03 11:21:38.146, 22672, 0, 2895, 102.39, 5
2026/10/03 11:21:38.196, 22672, 0, 2895, 102.39, 5
2026/10/03 11:21:38.246, 22672, 0, 2895, 102.39, 5
2026/10/03 11:21:38.296, 22672, 0, 2895, 102.39, 5
2026/10/03 11:21:38.347, 22672, 0, 2895, 102.39, 5
2026/10/03 11:21:38.397, 22672, 0, 2910, 100.32, 5
2026/10/03 11:21:38.447, 22672, 0, 2910, 100.32, 5
2026/10/03 11:21:38.497, 22672, 0, 2910, 100.32, 5
2026/10/03 11:21:38.547, 22672, 0, 2910, 100.32, 5
2026/10/03 11:21:38.598, 22672, 0, 2910, 100.32, 5
2026/10/03 11:21:38.648, 22672, 0, 2910, 100.32, 5
2026/10/03 11:21:38.698, 22672, 0, 2910, 100.32, 5
2026/10/03 11:21:38.748, 22672, 0, 2910, 100.32, 5
2026/10/03 11:21:38.798, 22672, 0, 2910, 100.32, 5
2026/10/03 11:21:38.848, 22672, 0, 2910, 100.32, 5
2026/10/03 11:21:38.899, 22672, 0, 2910, 99.72, 5
2026/10/03 11:21:38.949, 22672, 0, 2910, 99.72, 5
2026/10/03 11:21:38.999, 22672, 0, 2910, 99.72, 5
2026/10/03 11:21:39.049, 22667, 0, 2910, 99.72, 5
2026/10/03 11:21:39.099, 22667, 0, 2910, 99.72, 5
2026/10/03 11:21:39.149, 1, 0, 2910, 99.72, 5
