2026/10/03 11:13:28.137, 1, 0, 2475, 68.14, 5
2026/10/03 11:13:28.190, 1, 0, 2475, 68.14, 5
2026/10/03 11:13:28.240, 1, 0, 2475, 68.14, 5
2026/10/03 11:13:28.291, 1, 0, 2475, 68.14, 5
2026/10/03 11:13:28.341, 1, 0, 2475, 68.14, 5
2026/10/03 11:13:28.391, 1, 0, 2475, 68.14, 5
2026/10/03 11:13:28.441, 1, 0, 2475, 68.14, 5
2026/10/03 11:13:28.491, 1, 0, 2475, 68.14, 5
2026/10/03 11:13:28.541, 1, 0, 2475, 68.14, 5
2026/10/03 11:13:28.592, 1, 0, 2475, 68.14, 5
2026/10/03 11:13:28.642, 1, 0, 2475, 68.14, 5
2026/10/03 11:13:28.692, 1, 0, 2475, 68.14, 5
2026/10/03 11:13:28.742, 1, 0, 2475, 68.14, 5
2026/10/03 11:13:28.792, 2, 0, 2475, 68.14, 5
2026/10/03 11:13:28.867, 4, 0, 780, 51.40, 5
2026/10/03 11:13:28.917, 4, 0, 780, 51.40, 5
2026/10/03 11:13:28.967, 4, 0, 780, 51.40, 5
2026/10/03 11:13:29.017, 4, 0, 780, 51.40, 5
2026/10/03 11:13:29.067, 4, 0, 780, 51.40, 5
2026/10/03 11:13:29.117, 4, 0, 780, 51.40, 5
2026/10/03 11:13:29.168, 4, 0, 780, 51.40, 5
2026/10/03 11:13:29.218, 4, 0, 780, 51.40, 5
2026/10/03 11:13:29.268, 4, 0, 780, 51.40, 5
2026/10/03 11:13:29.318, 4, 0, 615, 40.80, 5
2026/10/03 11:13:29.368, 4, 0, 615, 40.80, 5
2026/10/03 11:13:29.418, 4, 0, 615, 40.80, 5
2026/10/03 11:13:29.469, 4, 0, 615, 40.80, 5
2026/10/03 11:13:29.519, 4, 0, 615, 40.80, 5
2026/10/03 11:13:29.569, 4, 0, 615, 40.80, 5
2026/10/03 11:13:29.619, 4, 0, 615, 40.80, 5
2026/10/03 11:13:29.669, 4, 0, 615, 40.80, 5
2026/10/03 11:13:29.719, 4, 0, 615, 40.80, 5
2026/10/03 11:13:29.770, 4, 0, 615, 40.80, 5
2026/10/03 11:13:29.820, 4, 0, 487, 40.75, 5
2026/10/03 11:13:29.870, 4, 0, 487, 40.75, 5
2026/10/03 11:13:29.920, 4, 0, 487, 40.75, 5
2026/10/03 11:13:29.970, 4, 0, 487, 40.75, 5
2026/10/03 11:13:30.020, 4, 0, 487, 40.75, 5
2026/10/03 11:13:30.070, 4, 0, 487, 40.75, 5
2026/10/03 11:13:30.120, 4, 0, 487, 40.75, 5
2026/10/03 11:13:30.171, 4, 0, 487, 40.75, 5
2026/10/03 11:13:30.221, 4, 0, 487, 40.75, 5
2026/10/03 11:13:30.271, 4, 0, 487, 40.75, 5
2026/10/03 11:13:30.321, 4, 0, 435, 40.75, 5
2026/10/03 11:13:30.371, 4, 0, 435, 40.75, 5
2026/10/03 11:13:30.421, 4, 0, 435, 40.75, 5
2026/10/03 11:13:30.471, 4, 0, 435, 40.75, 5
2026/10/03 11:13:30.521, 4, 0, 435, 40.75, 5
2026/10/03 11:13:30.572, 4, 0, 435, 40.75, 5
2026/10/03 11:13:30.622, 4, 0, 435, 40.75, 5
2026/10/03 11:13:30.672, 4, 0, 435, 40.75, 5
2026/10/03 11:13:30.722, 4, 0, 435, 40.75, 5
2026/10/03 11:13:30.772, 4, 0, 435, 40.75, 5
2026/10/03 11:13:30.822, 4, 0, 435, 40.34, 5
2026/10/03 11:13:30.873, 4, 0, 435, 40.34, 5
2026/10/03 11:13:30.923, 4, 0, 435, 40.34, 5
2026/10/03 11:13:30.973, 4, 0, 435, 40.34, 5
2026/10/03 11:13:31.023, 4, 0, 435, 40.34, 5
2026/10/03 11:13:31.074, 4, 0, 435, 40.34, 5
2026/10/03 11:13:31.124, 4, 0, 435, 40.34, 5
2026/10/03 11:13:31.174, 4, 0, 435, 40.34, 5
2026/10/03 11:13:31.224, 4, 0, 435, 40.34, 5
2026/10/03 11:13:31.274, 4, 0, 435, 40.34, 5
2026/10/03 11:13:31.325, 4, 0, 270, 40.34, 2
2026/10/03 11:13:31.375, 4, 0, 270, 40.34, 2
2026/10/03 11:13:31.425, 4, 0, 270, 40.34, 2
2026/10/03 11:13:31.476, 4, 0, 270, 40.34, 2
2026/10/03 11:13:31.526, 4, 0, 270, 40.34, 2
2026/10/03 11:13:31.576, 4, 0, 270, 40.34, 2
2026/10/03 11:13:31.626, 4, 0, 270, 40.34, 2
2026/10/03 11:13:31.676, 4, 0, 270, 40.34, 2
2026/10/03 11:13:31.727, 4, 0, 270, 40.34, 2
2026/10/03 11:13:31.777, 4, 0, 270, 40.34, 2
2026/10/03 11:13:31.827, 4, 0, 270, 32.42, 2
2026/10/03 11:13:31.877, 21, 0, 270, 32.42, 2
2026/10/03 11:13:31.928, 508, 0, 270, 32.42, 2
2026/10/03 11:13:31.978, 508, 0, 270, 32.42, 2
2026/10/03 11:13:32.028, 508, 0, 270, 32.42, 2
2026/10/03 11:13:32.078, 508, 0, 270, 32.42, 2
2026/10/03 11:13:32.128, 508, 0, 270, 32.42, 2
2026/10/03 11:13:32.179, 508, 0, 270, 32.42, 2
2026/10/03 11:13:32.229, 510, 0, 270, 32.42, 2
2026/10/03 11:13:32.279, 510, 0, 270, 32.42, 2
2026/10/03 11:13:32.329, 1110, 0, 2445, 69.42, 5
2026/10/03 11:13:32.379, 1110, 0, 2445, 69.42, 5
2026/10/03 11:13:32.430, 1110, 0, 2445, 69.42, 5
2026/10/03 11:13:32.480, 1854, 0, 2445, 69.42, 5
2026/10/03 11:13:32.530, 2218, 0, 2445, 69.42, 5
2026/10/03 11:13:32.580, 2564, 0, 2445, 69.42, 5
2026/10/03 11:13:32.630, 2888, 0, 2445, 69.42, 5
2026/10/03 11:13:32.680, 3212, 0, 2445, 69.42, 5
2026/10/03 11:13:32.730, 3456, 0, 2445, 69.42, 5
2026/10/03 11:13:32.781, 3456, 0, 2445, 69.42, 5
2026/10/03 11:13:32.831, 3456, 11, 2550, 77.86, 5
2026/10/03 11:13:32.881, 3456, 11, 2550, 77.86, 5
2026/10/03 11:13:32.931, 3456, 11, 2550, 77.86, 5
2026/10/03 11:13:32.981, 3456, 11, 2550, 77.86, 5
2026/10/03 11:13:33.032, 3456, 11, 2550, 77.86, 5
2026/10/03 11:13:33.082, 3456, 11, 2550, 77.86, 5
2026/10/03 11:13:33.132, 3456, 11, 2550, 77.86, 5
2026/10/03 11:13:33.182, 3656, 11, 2550, 77.86, 5
2026/10/03 11:13:33.232, 3656, 11, 2550, 77.86, 5
2026/10/03 11:13:33.283, 3676, 11, 2550, 77.86, 5
2026/10/03 11:13:33.333, 3676, 11, 2475, 69.52, 5
2026/10/03 11:13:33.383, 3776, 11, 2475, 69.52, 5
2026/10/03 11:13:33.433, 3858, 11, 2475, 69.52, 5
2026/10/03 11:13:33.483, 3858, 11, 2475, 69.52, 5
2026/10/03 11:13:33.534, 3858, 11, 2475, 69.52, 5
2026/10/03 11:13:33.584, 3858, 11, 2475, 69.52, 5
2026/10/03 11:13:33.634, 4058, 11, 2475, 69.52, 5
2026/10/03 11:13:33.684, 4058, 11, 2475, 69.52, 5
2026/10/03 11:13:33.734, 4078, 11, 2475, 69.52, 5
2026/10/03 11:13:33.784, 4078, 11, 2475, 69.52, 5
2026/10/03 11:13:33.835, 4178, 1, 2497, 69.12, 5
2026/10/03 11:13:33.885, 4178, 1, 2497, 69.12, 5
2026/10/03 11:13:33.935, 4198, 1, 2497, 69.12, 5
2026/10/03 11:13:33.985, 4198, 1, 2497, 69.12, 5
2026/10/03 11:13:34.035, 4378, 1, 2497, 69.12, 5
2026/10/03 11:13:34.086, 4378, 1, 2497, 69.12, 5
2026/10/03 11:13:34.136, 4398, 1, 2497, 69.12, 5
2026/10/03 11:13:34.186, 4398, 1, 2497, 69.12, 5
2026/10/03 11:13:34.236, 4498, 1, 2497, 69.12, 5
2026/10/03 11:13:34.286, 4498, 1, 2497, 69.12, 5
2026/10/03 11:13:34.336, 4518, 1, 2482, 69.81, 5
2026/10/03 11:13:34.387, 4518, 1, 2482, 69.81, 5
2026/10/03 11:13:34.437, 4698, 1, 2482, 69.81, 5
2026/10/03 11:13:34.487, 4698, 1, 2482, 69.81, 5
2026/10/03 11:13:34.537, 4738, 1, 2482, 69.81, 5
2026/10/03 11:13:34.588, 4738, 1, 2482, 69.81, 5
2026/10/03 11:13:34.638, 4818, 1, 2482, 69.81, 5
2026/10/03 11:13:34.688, 4818, 1, 2482, 69.81, 5
2026/10/03 11:13:34.738, 4838, 1, 2482, 69.81, 5
2026/10/03 11:13:34.788, 4838, 1, 2482, 69.81, 5
2026/10/03 11:13:34.839, 5038, 1, 2475, 69.32, 5
2026/10/03 11:13:34.889, 5038, 1, 2475, 69.32, 5
2026/10/03 11:13:34.939, 5058, 1, 2475, 69.32, 5
2026/10/03 11:13:34.989, 5058, 1, 2475, 69.32, 5
2026/10/03 11:13:35.039, 5158, 1, 2475, 69.32, 5
2026/10/03 11:13:35.090, 5158, 1, 2475, 69.32, 5
2026/10/03 11:13:35.140, 5158, 1, 2475, 69.32, 5
2026/10/03 11:13:35.190, 5158, 1, 2475, 69.32, 5
2026/10/03 11:13:35.240, 5358, 1, 2475, 69.32, 5
2026/10/03 11:13:35.290, 5358, 1, 2475, 69.32, 5
2026/10/03 11:13:35.341, 5378, 1, 2475, 69.94, 5
2026/10/03 11:13:35.391, 5378, 1, 2475, 69.94, 5
2026/10/03 11:13:35.441, 5478, 1, 2475, 69.94, 5
2026/10/03 11:13:35.491, 5478, 1, 2475, 69.94, 5
2026/10/03 11:13:35.541, 5478, 1, 2475, 69.94, 5
2026/10/03 11:13:35.591, 5478, 1, 2475, 69.94, 5
2026/10/03 11:13:35.642, 5678, 1, 2475, 69.94, 5
2026/10/03 11:13:35.692, 5678, 1, 2475, 69.94, 5
2026/10/03 11:13:35.742, 5698, 1, 2475, 69.94, 5
2026/10/03 11:13:35.792, 5698, 1, 2475, 69.94, 5
2026/10/03 11:13:35.843, 5798, 1, 2482, 68.52, 5
2026/10/03 11:13:35.893, 5818, 1, 2482, 68.52, 5
2026/10/03 11:13:35.943, 5818, 1, 2482, 68.52, 5
2026/10/03 11:13:35.993, 5818, 1, 2482, 68.52, 5
2026/10/03 11:13:36.043, 5998, 1, 2482, 68.52, 5
2026/10/03 11:13:36.094, 5998, 1, 2482, 68.52, 5
2026/10/03 11:13:36.144, 6018, 1, 2482, 68.52, 5
2026/10/03 11:13:36.194, 6118, 1, 2482, 68.52, 5
2026/10/03 11:13:36.244, 6118, 1, 2482, 68.52, 5
2026/10/03 11:13:36.294, 6138, 1, 2482, 68.52, 5
2026/10/03 11:13:36.344, 6138, 1, 2482, 69.67, 5
2026/10/03 11:13:36.395, 6318, 1, 2482, 69.67, 5
2026/10/03 11:13:36.445, 6318, 1, 2482, 69.67, 5
2026/10/03 11:13:36.495, 6358, 1, 2482, 69.67, 5
2026/10/03 11:13:36.545, 6358, 1, 2482, 69.67, 5
2026/10/03 11:13:36.595, 6438, 1, 2482, 69.67, 5
2026/10/03 11:13:36.646, 6438, 1, 2482, 69.67, 5
2026/10/03 11:13:36.696, 6458, 1, 2482, 69.67, 5
2026/10/03 11:13:36.746, 6458, 1, 2482, 69.67, 5
2026/10/03 11:13:36.796, 6658, 1, 2482, 69.67, 5
2026/10/03 11:13:36.846, 6658, 0, 2475, 69.57, 5
2026/10/03 11:13:36.897, 6678, 0, 2475, 69.57, 5
2026/10/03 11:13:36.947, 6678, 0, 2475, 69.57, 5
2026/10/03 11:13:36.997, 6778, 0, 2475, 69.57, 5
2026/10/03 11:13:37.047, 6778, 0, 2475, 69.57, 5
2026/10/03 11:13:37.097, 6778, 0, 2475, 69.57, 5
2026/10/03 11:13:37.148, 6778, 0, 2475, 69.57, 5
2026/10/03 11:13:37.198, 6978, 0, 2475, 69.57, 5
2026/10/03 11:13:37.248, 6978, 0, 2475, 69.57, 5
2026/10/03 11:13:37.298, 6998, 0, 2475, 69.57, 5
2026/10/03 11:13:37.348, 7098, 0, 2482, 71.17, 5
2026/10/03 11:13:37.399, 7098, 0, 2482, 71.17, 5
2026/10/03 11:13:37.449, 7098, 0, 2482, 71.17, 5
2026/10/03 11:13:37.499, 7098, 0, 2482, 71.17, 5
2026/10/03 11:13:37.549, 7298, 0, 2482, 71.17, 5
2026/10/03 11:13:37.600, 7298, 0, 2482, 71.17, 5
2026/10/03 11:13:37.650, 7318, 0, 2482, 71.17, 5
2026/10/03 11:13:37.700, 7318, 0, 2482, 71.17, 5
2026/10/03 11:13:37.750, 7418, 0, 2482, 71.17, 5
2026/10/03 11:13:37.800, 7418, 0, 2482, 71.17, 5
2026/10/03 11:13:37.850, 7438, 4, 2482, 70.21, 5
2026/10/03 11:13:37.901, 7438, 4, 2482, 70.21, 5
2026/10/03 11:13:37.951, 7618, 4, 2482, 70.21, 5
2026/10/03 11:13:38.001, 7618, 4, 2482, 70.21, 5
2026/10/03 11:13:38.051, 7638, 4, 2482, 70.21, 5
2026/10/03 11:13:38.101, 7638, 4, 2482, 70.21, 5
2026/10/03 11:13:38.152, 7738, 4, 2482, 70.21, 5
2026/10/03 11:13:38.202, 7758, 4, 2482, 70.21, 5
2026/10/03 11:13:38.252, 7758, 4, 2482, 70.21, 5
2026/10/03 11:13:38.302, 7758, 4, 2482, 70.21, 5
2026/10/03 11:13:38.352, 7938, 4, 2475, 69.41, 5
2026/10/03 11:13:38.403, 7938, 4, 2475, 69.41, 5
2026/10/03 11:13:38.453, 7978, 4, 2475, 69.41, 5
2026/10/03 11:13:38.503, 7978, 4, 2475, 69.41, 5
2026/10/03 11:13:38.553, 8058, 4, 2475, 69.41, 5
2026/10/03 11:13:38.604, 8078, 4, 2475, 69.41, 5
2026/10/03 11:13:38.654, 8078, 4, 2475, 69.41, 5
2026/10/03 11:13:38.704, 8278, 4, 2475, 69.41, 5
2026/10/03 11:13:38.754, 8278, 4, 2475, 69.41, 5
2026/10/03 11:13:38.804, 8278, 4, 2475, 69.41, 5
2026/10/03 11:13:38.855, 8298, 9, 2475, 70.28, 5
2026/10/03 11:13:38.905, 8398, 9, 2475, 70.28, 5
2026/10/03 11:13:38.955, 8398, 9, 2475, 70.28, 5
2026/10/03 11:13:39.005, 8398, 9, 2475, 70.28, 5
2026/10/03 11:13:39.055, 8398, 9, 2475, 70.28, 5
2026/10/03 11:13:39.106, 8598, 9, 2475, 70.28, 5
2026/10/03 11:13:39.156, 8598, 9, 2475, 70.28, 5
2026/10/03 11:13:39.206, 8618, 9, 2475, 70.28, 5
2026/10/03 11:13:39.256, 8618, 9, 2475, 70.28, 5
2026/10/03 11:13:39.306, 8718, 9, 2475, 70.28, 5
2026/10/03 11:13:39.356, 8718, 9, 2482, 69.65, 5
2026/10/03 11:13:39.407, 8718, 9, 2482, 69.65, 5
2026/10/03 11:13:39.457, 8718, 9, 2482, 69.65, 5
2026/10/03 11:13:39.507, 8918, 9, 2482, 69.65, 5
2026/10/03 11:13:39.557, 8918, 9, 2482, 69.65, 5
2026/10/03 11:13:39.607, 8938, 9, 2482, 69.65, 5
2026/10/03 11:13:39.657, 8938, 9, 2482, 69.65, 5
2026/10/03 11:13:39.708, 9038, 9, 2482, 69.65, 5
2026/10/03 11:13:39.758, 9058, 9, 2482, 69.65, 5
2026/10/03 11:13:39.808, 9058, 9, 2482, 69.65, 5
2026/10/03 11:13:39.858, 9238, 5, 2482, 70.17, 5
2026/10/03 11:13:39.908, 9238, 5, 2482, 70.17, 5
2026/10/03 11:13:39.958, 9258, 5, 2482, 70.17, 5
2026/10/03 11:13:40.009, 9258, 5, 2482, 70.17, 5
2026/10/03 11:13:40.059, 9358, 5, 2482, 70.17, 5
2026/10/03 11:13:40.109, 9358, 5, 2482, 70.17, 5
2026/10/03 11:13:40.159, 9378, 5, 2482, 70.17, 5
2026/10/03 11:13:40.209, 9378, 5, 2482, 70.17, 5
2026/10/03 11:13:40.260, 9558, 5, 2482, 70.17, 5
2026/10/03 11:13:40.310, 9558, 5, 2482, 70.17, 5
2026/10/03 11:13:40.360, 9598, 5, 2475, 70.75, 5
2026/10/03 11:13:40.410, 9598, 5, 2475, 70.75, 5
2026/10/03 11:13:40.460, 9678, 5, 2475, 70.75, 5
2026/10/03 11:13:40.511, 9698, 5, 2475, 70.75, 5
2026/10/03 11:13:40.561, 9698, 5, 2475, 70.75, 5
2026/10/03 11:13:40.611, 9698, 5, 2475, 70.75, 5
2026/10/03 11:13:40.661, 9898, 5, 2475, 70.75, 5
2026/10/03 11:13:40.712, 9898, 5, 2475, 70.75, 5
2026/10/03 11:13:40.762, 9918, 5, 2475, 70.75, 5
2026/10/03 11:13:40.812, 10018, 5, 2475, 70.75, 5
2026/10/03 11:13:40.862, 10018, 1, 2482, 69.89, 5
2026/10/03 11:13:40.912, 10018, 1, 2482, 69.89, 5
2026/10/03 11:13:40.963, 10018, 1, 2482, 69.89, 5
2026/10/03 11:13:41.013, 10218, 1, 2482, 69.89, 5
2026/10/03 11:13:41.064, 10218, 1, 2482, 69.89, 5
2026/10/03 11:13:41.114, 10238, 1, 2482, 69.89, 5
2026/10/03 11:13:41.164, 10238, 1, 2482, 69.89, 5
2026/10/03 11:13:41.214, 10338, 1, 2482, 69.89, 5
2026/10/03 11:13:41.264, 10338, 1, 2482, 69.89, 5
2026/10/03 11:13:41.314, 10338, 1, 2482, 69.89, 5
2026/10/03 11:13:41.365, 10338, 1, 2482, 70.30, 5
2026/10/03 11:13:41.415, 10538, 1, 2482, 70.30, 5
2026/10/03 11:13:41.465, 10538, 1, 2482, 70.30, 5
2026/10/03 11:13:41.515, 10558, 1, 2482, 70.30, 5
2026/10/03 11:13:41.565, 10558, 1, 2482, 70.30, 5
2026/10/03 11:13:41.616, 10658, 1, 2482, 70.30, 5
2026/10/03 11:13:41.666, 10678, 1, 2482, 70.30, 5
2026/10/03 11:13:41.716, 10678, 1, 2482, 70.30, 5
2026/10/03 11:13:41.767, 10858, 1, 2482, 70.30, 5
2026/10/03 11:13:41.817, 10858, 1, 2482, 70.30, 5
2026/10/03 11:13:41.867, 10878, 0, 2475, 69.65, 5
2026/10/03 11:13:41.917, 10878, 0, 2475, 69.65, 5
2026/10/03 11:13:41.968, 10978, 0, 2475, 69.65, 5
2026/10/03 11:13:42.018, 10978, 0, 2475, 69.65, 5
2026/10/03 11:13:42.068, 10998, 0, 2475, 69.65, 5
2026/10/03 11:13:42.118, 10998, 0, 2475, 69.65, 5
2026/10/03 11:13:42.169, 11178, 0, 2475, 69.65, 5
2026/10/03 11:13:42.219, 11178, 0, 2475, 69.65, 5
2026/10/03 11:13:42.269, 11218, 0, 2475, 69.65, 5
2026/10/03 11:13:42.319, 11218, 0, 2482, 69.90, 5
2026/10/03 11:13:42.370, 11298, 0, 2482, 69.90, 5
2026/10/03 11:13:42.420, 11318, 0, 2482, 69.90, 5
2026/10/03 11:13:42.470, 11318, 0, 2482, 69.90, 5
2026/10/03 11:13:42.520, 11518, 0, 2482, 69.90, 5
2026/10/03 11:13:42.571, 11518, 0, 2482, 69.90, 5
2026/10/03 11:13:42.621, 11538, 0, 2482, 69.90, 5
2026/10/03 11:13:42.672, 11538, 0, 2482, 69.90, 5
2026/10/03 11:13:42.722, 11638, 0, 2482, 69.90, 5
2026/10/03 11:13:42.772, 11638, 0, 2482, 69.90, 5
2026/10/03 11:13:42.822, 11638, 5, 2482, 69.51, 5
2026/10/03 11:13:42.872, 11638, 5, 2482, 69.51, 5
2026/10/03 11:13:42.923, 11838, 5, 2482, 69.51, 5
2026/10/03 11:13:42.973, 11838, 5, 2482, 69.51, 5
2026/10/03 11:13:43.023, 11858, 5, 2482, 69.51, 5
2026/10/03 11:13:43.073, 11858, 5, 2482, 69.51, 5
2026/10/03 11:13:43.124, 11958, 5, 2482, 69.51, 5
2026/10/03 11:13:43.174, 11958, 5, 2482, 69.51, 5
2026/10/03 11:13:43.224, 11958, 5, 2482, 69.51, 5
2026/10/03 11:13:43.274, 12158, 5, 2482, 69.51, 5
2026/10/03 11:13:43.325, 12158, 5, 2475, 70.11, 5
2026/10/03 11:13:43.375, 12178, 5, 2475, 70.11, 5
2026/10/03 11:13:43.426, 12178, 5, 2475, 70.11, 5
2026/10/03 11:13:43.476, 12278, 5, 2475, 70.11, 5
2026/10/03 11:13:43.526, 12278, 5, 2475, 70.11, 5
2026/10/03 11:13:43.576, 12298, 5, 2475, 70.11, 5
2026/10/03 11:13:43.627, 12298, 5, 2475, 70.11, 5
2026/10/03 11:13:43.677, 12478, 5, 2475, 70.11, 5
2026/10/03 11:13:43.727, 12478, 5, 2475, 70.11, 5
2026/10/03 11:13:43.777, 12498, 5, 2475, 70.11, 5
2026/10/03 11:13:43.827, 12598, 2, 2482, 69.98, 5
2026/10/03 11:13:43.878, 12598, 2, 2482, 69.98, 5
2026/10/03 11:13:43.928, 12618, 2, 2482, 69.98, 5
2026/10/03 11:13:43.978, 12618, 2, 2482, 69.98, 5
2026/10/03 11:13:44.028, 12798, 2, 2482, 69.98, 5
2026/10/03 11:13:44.078, 12798, 2, 2482, 69.98, 5
2026/10/03 11:13:44.128, 12838, 2, 2482, 69.98, 5
2026/10/03 11:13:44.179, 12838, 2, 2482, 69.98, 5
2026/10/03 11:13:44.229, 12918, 2, 2482, 69.98, 5
2026/10/03 11:13:44.279, 12918, 2, 2482, 69.98, 5
2026/10/03 11:13:44.329, 12938, 2, 2482, 69.66, 5
2026/10/03 11:13:44.379, 12938, 2, 2482, 69.66, 5
2026/10/03 11:13:44.429, 13138, 2, 2482, 69.66, 5
2026/10/03 11:13:44.480, 13138, 2, 2482, 69.66, 5
2026/10/03 11:13:44.530, 13158, 2, 2482, 69.66, 5
2026/10/03 11:13:44.580, 13158, 2, 2482, 69.66, 5
2026/10/03 11:13:44.630, 13258, 2, 2482, 69.66, 5
2026/10/03 11:13:44.680, 13258, 2, 2482, 69.66, 5
2026/10/03 11:13:44.730, 13258, 2, 2482, 69.66, 5
2026/10/03 11:13:44.781, 13458, 2, 2482, 69.66, 5
2026/10/03 11:13:44.831, 13458, 1, 2475, 68.98, 5
2026/10/03 11:13:44.881, 13478, 1, 2475, 68.98, 5
2026/10/03 11:13:44.931, 13478, 1, 2475, 68.98, 5
2026/10/03 11:13:44.981, 13578, 1, 2475, 68.98, 5
2026/10/03 11:13:45.032, 13578, 1, 2475, 68.98, 5
2026/10/03 11:13:45.082, 13578, 1, 2475, 68.98, 5
2026/10/03 11:13:45.132, 13578, 1, 2475, 68.98, 5
2026/10/03 11:13:45.182, 13578, 1, 2475, 68.98, 5
2026/10/03 11:13:45.232, 13578, 1, 2475, 68.98, 5
2026/10/03 11:13:45.282, 13578, 1, 2475, 68.98, 5
2026/10/03 11:13:45.333, 13778, 1, 2482, 68.99, 5
2026/10/03 11:13:45.383, 13798, 1, 2482, 68.99, 5
2026/10/03 11:13:45.433, 13798, 1, 2482, 68.99, 5
2026/10/03 11:13:45.483, 13898, 1, 2482, 68.99, 5
2026/10/03 11:13:45.533, 13898, 1, 2482, 68.99, 5
2026/10/03 11:13:45.583, 13918, 1, 2482, 68.99, 5
2026/10/03 11:13:45.633, 13918, 1, 2482, 68.99, 5
2026/10/03 11:13:45.684, 14098, 1, 2482, 68.99, 5
2026/10/03 11:13:45.734, 14098, 1, 2482, 68.99, 5
2026/10/03 11:13:45.784, 14118, 1, 2482, 68.99, 5
2026/10/03 11:13:45.834, 14118, 10, 2482, 70.11, 5
2026/10/03 11:13:45.884, 14218, 10, 2482, 70.11, 5
2026/10/03 11:13:45.934, 14238, 10, 2482, 70.11, 5
2026/10/03 11:13:45.985, 14238, 10, 2482, 70.11, 5
2026/10/03 11:13:46.035, 14238, 10, 2482, 70.11, 5
2026/10/03 11:13:46.085, 14418, 10, 2482, 70.11, 5
2026/10/03 11:13:46.135, 14418, 10, 2482, 70.11, 5
2026/10/03 11:13:46.185, 14458, 10, 2482, 70.11, 5
2026/10/03 11:13:46.235, 14538, 10, 2482, 70.11, 5
2026/10/03 11:13:46.286, 14538, 10, 2482, 70.11, 5
2026/10/03 11:13:46.336, 14558, 10, 2482, 69.75, 5
2026/10/03 11:13:46.386, 14558, 10, 2482, 69.75, 5
2026/10/03 11:13:46.436, 14758, 10, 2482, 69.75, 5
2026/10/03 11:13:46.486, 14758, 10, 2482, 69.75, 5
2026/10/03 11:13:46.536, 14778, 10, 2482, 69.75, 5
2026/10/03 11:13:46.586, 14778, 10, 2482, 69.75, 5
2026/10/03 11:13:46.637, 14878, 10, 2482, 69.75, 5
2026/10/03 11:13:46.687, 14878, 10, 2482, 69.75, 5
2026/10/03 11:13:46.737, 14878, 10, 2482, 69.75, 5
2026/10/03 11:13:46.787, 14878, 10, 2482, 69.75, 5
2026/10/03 11:13:46.837, 15078, 1, 2475, 69.54, 5
2026/10/03 11:13:46.888, 15078, 1, 2475, 69.54, 5
2026/10/03 11:13:46.938, 15098, 1, 2475, 69.54, 5
2026/10/03 11:13:46.988, 15198, 1, 2475, 69.54, 5
2026/10/03 11:13:47.038, 15198, 1, 2475, 69.54, 5
2026/10/03 11:13:47.088, 15198, 1, 2475, 69.54, 5
2026/10/03 11:13:47.139, 15198, 1, 2475, 69.54, 5
2026/10/03 11:13:47.189, 15398, 1, 2475, 69.54, 5
2026/10/03 11:13:47.239, 15398, 1, 2475, 69.54, 5
2026/10/03 11:13:47.289, 15418, 1, 2475, 69.54, 5
2026/10/03 11:13:47.339, 15418, 1, 2482, 70.51, 5
2026/10/03 11:13:47.389, 15518, 1, 2482, 70.51, 5
2026/10/03 11:13:47.440, 15518, 1, 2482, 70.51, 5
2026/10/03 11:13:47.490, 15538, 1, 2482, 70.51, 5
2026/10/03 11:13:47.540, 15538, 1, 2482, 70.51, 5
2026/10/03 11:13:47.590, 15718, 1, 2482, 70.51, 5
2026/10/03 11:13:47.640, 15718, 1, 2482, 70.51, 5
2026/10/03 11:13:47.691, 15738, 1, 2482, 70.51, 5
2026/10/03 11:13:47.741, 15738, 1, 2482, 70.51, 5
2026/10/03 11:13:47.791, 15838, 1, 2482, 70.51, 5
2026/10/03 11:13:47.841, 15858, 6, 2482, 69.61, 5
2026/10/03 11:13:47.891, 15858, 6, 2482, 69.61, 5
2026/10/03 11:13:47.941, 16038, 6, 2482, 69.61, 5
2026/10/03 11:13:47.992, 16038, 6, 2482, 69.61, 5
2026/10/03 11:13:48.042, 16078, 6, 2482, 69.61, 5
2026/10/03 11:13:48.092, 16078, 6, 2482, 69.61, 5
2026/10/03 11:13:48.142, 16158, 6, 2482, 69.61, 5
2026/10/03 11:13:48.192, 16158, 6, 2482, 69.61, 5
2026/10/03 11:13:48.242, 16178, 6, 2482, 69.61, 5
2026/10/03 11:13:48.293, 16178, 6, 2482, 69.61, 5
2026/10/03 11:13:48.343, 16378, 6, 2475, 69.52, 5
2026/10/03 11:13:48.393, 16378, 6, 2475, 69.52, 5
2026/10/03 11:13:48.443, 16398, 6, 2475, 69.52, 5
2026/10/03 11:13:48.493, 16398, 6, 2475, 69.52, 5
2026/10/03 11:13:48.543, 16498, 6, 2475, 69.52, 5
2026/10/03 11:13:48.594, 16498, 6, 2475, 69.52, 5
2026/10/03 11:13:48.644, 16498, 6, 2475, 69.52, 5
2026/10/03 11:13:48.694, 16698, 6, 2475, 69.52, 5
2026/10/03 11:13:48.744, 16698, 6, 2475, 69.52, 5
2026/10/03 11:13:48.794, 16718, 6, 2475, 69.52, 5
2026/10/03 11:13:48.845, 16718, 10, 2475, 70.39, 5
2026/10/03 11:13:48.895, 16818, 10, 2475, 70.39, 5
2026/10/03 11:13:48.945, 16818, 10, 2475, 70.39, 5
2026/10/03 11:13:48.995, 16818, 10, 2475, 70.39, 5
2026/10/03 11:13:49.045, 16818, 10, 2475, 70.39, 5
2026/10/03 11:13:49.095, 17018, 10, 2475, 70.39, 5
2026/10/03 11:13:49.146, 17018, 10, 2475, 70.39, 5
2026/10/03 11:13:49.196, 17038, 10, 2475, 70.39, 5
2026/10/03 11:13:49.246, 17038, 10, 2475, 70.39, 5
2026/10/03 11:13:49.296, 17138, 10, 2475, 70.39, 5
2026/10/03 11:13:49.346, 17158, 10, 2482, 69.23, 5
2026/10/03 11:13:49.397, 17158, 10, 2482, 69.23, 5
2026/10/03 11:13:49.447, 17338, 10, 2482, 69.23, 5
2026/10/03 11:13:49.497, 17338, 10, 2482, 69.23, 5
2026/10/03 11:13:49.548, 17358, 10, 2482, 69.23, 5
2026/10/03 11:13:49.598, 17358, 10, 2482, 69.23, 5
2026/10/03 11:13:49.648, 17458, 10, 2482, 69.23, 5
2026/10/03 11:13:49.699, 17478, 10, 2482, 69.23, 5
2026/10/03 11:13:49.749, 17478, 10, 2482, 69.23, 5
2026/10/03 11:13:49.799, 17478, 10, 2482, 69.23, 5
2026/10/03 11:13:49.849, 17658, 1, 2482, 69.75, 5
2026/10/03 11:13:49.899, 17658, 1, 2482, 69.75, 5
2026/10/03 11:13:49.950, 17698, 1, 2482, 69.75, 5
2026/10/03 11:13:50.000, 17778, 1, 2482, 69.75, 5
2026/10/03 11:13:50.050, 17778, 1, 2482, 69.75, 5
2026/10/03 11:13:50.100, 17798, 1, 2482, 69.75, 5
2026/10/03 11:13:50.150, 17798, 1, 2482, 69.75, 5
2026/10/03 11:13:50.201, 17998, 1, 2482, 69.75, 5
2026/10/03 11:13:50.251, 17998, 1, 2482, 69.75, 5
2026/10/03 11:13:50.301, 18018, 1, 2482, 69.75, 5
2026/10/03 11:13:50.351, 18118, 1, 2482, 71.14, 5
2026/10/03 11:13:50.402, 18118, 1, 2482, 71.14, 5
2026/10/03 11:13:50.452, 18118, 1, 2482, 71.14, 5
2026/10/03 11:13:50.502, 18118, 1, 2482, 71.14, 5
2026/10/03 11:13:50.552, 18318, 1, 2482, 71.14, 5
2026/10/03 11:13:50.602, 18318, 1, 2482, 71.14, 5
2026/10/03 11:13:50.652, 18338, 1, 2482, 71.14, 5
2026/10/03 11:13:50.703, 18338, 1, 2482, 71.14, 5
2026/10/03 11:13:50.753, 18438, 1, 2482, 71.14, 5
2026/10/03 11:13:50.803, 18438, 1, 2482, 71.14, 5
2026/10/03 11:13:50.853, 18438, 5, 2482, 70.88, 5
2026/10/03 11:13:50.903, 18638, 5, 2482, 70.88, 5
2026/10/03 11:13:50.954, 18638, 5, 2482, 70.88, 5
2026/10/03 11:13:51.004, 18658, 5, 2482, 70.88, 5
2026/10/03 11:13:51.054, 18658, 5, 2482, 70.88, 5
2026/10/03 11:13:51.104, 18758, 5, 2482, 70.88, 5
2026/10/03 11:13:51.154, 18778, 5, 2482, 70.88, 5
2026/10/03 11:13:51.204, 18778, 5, 2482, 70.88, 5
2026/10/03 11:13:51.255, 18778, 5, 2482, 70.88, 5
2026/10/03 11:13:51.305, 18958, 5, 2482, 70.88, 5
2026/10/03 11:13:51.355, 18958, 5, 2475, 70.59, 5
2026/10/03 11:13:51.405, 18978, 5, 2475, 70.59, 5
2026/10/03 11:13:51.455, 19078, 5, 2475, 70.59, 5
2026/10/03 11:13:51.506, 19078, 5, 2475, 70.59, 5
2026/10/03 11:13:51.556, 19098, 5, 2475, 70.59, 5
2026/10/03 11:13:51.606, 19098, 5, 2475, 70.59, 5
2026/10/03 11:13:51.656, 19098, 5, 2475, 70.59, 5
2026/10/03 11:13:51.706, 19098, 5, 2475, 70.59, 5
2026/10/03 11:13:51.756, 19098, 5, 2475, 70.59, 5
2026/10/03 11:13:51.806, 19098, 5, 2475, 70.59, 5
2026/10/03 11:13:51.856, 19098, 0, 2482, 69.60, 5
2026/10/03 11:13:51.907, 19098, 0, 2482, 69.60, 5
2026/10/03 11:13:51.957, 19098, 0, 2482, 69.60, 5
2026/10/03 11:13:52.008, 19098, 0, 2482, 69.60, 5
2026/10/03 11:13:52.058, 19098, 0, 2482, 69.60, 5
2026/10/03 11:13:52.108, 19098, 0, 2482, 69.60, 5
2026/10/03 11:13:52.159, 19098, 0, 2482, 69.60, 5
2026/10/03 11:13:52.209, 19098, 0, 2482, 69.60, 5
2026/10/03 11:13:52.260, 19098, 0, 2482, 69.60, 5
2026/10/03 11:13:52.310, 19098, 0, 2482, 69.60, 5
2026/10/03 11:13:52.360, 19098, 0, 2475, 69.78, 5
2026/10/03 11:13:52.411, 19098, 0, 2475, 69.78, 5
2026/10/03 11:13:52.461, 19098, 0, 2475, 69.78, 5
2026/10/03 11:13:52.512, 19098, 0, 2475, 69.78, 5
2026/10/03 11:13:52.562, 19098, 0, 2475, 69.78, 5
2026/10/03 11:13:52.612, 19098, 0, 2475, 69.78, 5
2026/10/03 11:13:52.663, 19098, 0, 2475, 69.78, 5
2026/10/03 11:13:52.713, 19098, 0, 2475, 69.78, 5
2026/10/03 11:13:52.763, 19098, 0, 2475, 69.78, 5
2026/10/03 11:13:52.814, 19098, 0, 2475, 69.78, 5
2026/10/03 11:13:52.864, 19098, 0, 2475, 68.78, 5
2026/10/03 11:13:52.914, 19098, 0, 2475, 68.78, 5
2026/10/03 11:13:52.965, 19098, 0, 2475, 68.78, 5
2026/10/03 11:13:53.015, 19098, 0, 2475, 68.78, 5
2026/10/03 11:13:53.066, 19098, 0, 2475, 68.78, 5
2026/10/03 11:13:53.116, 19098, 0, 2475, 68.78, 5
2026/10/03 11:13:53.166, 19098, 0, 2475, 68.78, 5
2026/10/03 11:13:53.216, 19098, 0, 2475, 68.78, 5
2026/10/03 11:13:53.266, 19098, 0, 2475, 68.78, 5
2026/10/03 11:13:53.317, 19098, 0, 2475, 68.78, 5
2026/10/03 11:13:53.367, 19098, 0, 2475, 70.39, 5
2026/10/03 11:13:53.417, 19098, 0, 2475, 70.39, 5
2026/10/03 11:13:53.467, 19098, 0, 2475, 70.39, 5
2026/10/03 11:13:53.517, 19098, 0, 2475, 70.39, 5
2026/10/03 11:13:53.567, 19098, 0, 2475, 70.39, 5
2026/10/03 11:13:53.618, 19098, 0, 2475, 70.39, 5
2026/10/03 11:13:53.668, 19098, 0, 2475, 70.39, 5
2026/10/03 11:13:53.718, 19098, 0, 2475, 70.39, 5
2026/10/03 11:13:53.768, 19098, 0, 2475, 70.39, 5
2026/10/03 11:13:53.819, 19098, 0, 2475, 70.39, 5
2026/10/03 11:13:53.869, 19098, 0, 2475, 70.39, 5
2026/10/03 11:13:53.920, 19098, 0, 2475, 70.39, 5
2026/10/03 11:13:53.970, 19098, 0, 2475, 70.39, 5
2026/10/03 11:13:54.020, 19098, 0, 2475, 70.39, 5
2026/10/03 11:13:54.071, 19098, 0, 2475, 70.39, 5
2026/10/03 11:13:54.121, 19098, 0, 2475, 70.39, 5
2026/10/03 11:13:54.172, 19098, 0, 2475, 70.39, 5
2026/10/03 11:13:54.222, 19098, 0, 2475, 70.39, 5
2026/10/03 11:13:54.272, 19098, 0, 2475, 70.39, 5
2026/10/03 11:13:54.323, 19098, 0, 2475, 69.82, 5
2026/10/03 11:13:54.373, 19098, 0, 2475, 69.82, 5
2026/10/03 11:13:54.423, 19098, 0, 2475, 69.82, 5
2026/10/03 11:13:54.474, 19098, 0, 2475, 69.82, 5
2026/10/03 11:13:54.524, 19098, 0, 2475, 69.82, 5
2026/10/03 11:13:54.574, 19098, 0, 2475, 69.82, 5
2026/10/03 11:13:54.625, 19098, 0, 2475, 69.82, 5
2026/10/03 11:13:54.675, 19098, 0, 2475, 69.82, 5
2026/10/03 11:13:54.725, 19098, 0, 2475, 69.82, 5
2026/10/03 11:13:54.775, 19098, 0, 2475, 69.82, 5
2026/10/03 11:13:54.826, 19098, 0, 2475, 70.21, 5
2026/10/03 11:13:54.876, 19098, 0, 2475, 70.21, 5
2026/10/03 11:13:54.926, 19098, 0, 2475, 70.21, 5
2026/10/03 11:13:54.976, 19098, 0, 2475, 70.21, 5
2026/10/03 11:13:55.026, 19098, 0, 2475, 70.21, 5
2026/10/03 11:13:55.076, 19098, 0, 2475, 70.21, 5
2026/10/03 11:13:55.127, 19098, 0, 2475, 70.21, 5
2026/10/03 11:13:55.177, 19098, 0, 2475, 70.21, 5
2026/10/03 11:13:55.227, 19098, 0, 2475, 70.21, 5
2026/10/03 11:13:55.277, 19098, 0, 2475, 70.21, 5
2026/10/03 11:13:55.327, 19098, 0, 2475, 69.67, 5
2026/10/03 11:13:55.378, 19098, 0, 2475, 69.67, 5
2026/10/03 11:13:55.428, 19098, 0, 2475, 69.67, 5
2026/10/03 11:13:55.478, 19098, 0, 2475, 69.67, 5
2026/10/03 11:13:55.528, 19098, 0, 2475, 69.67, 5
2026/10/03 11:13:55.578, 19098, 0, 2475, 69.67, 5
2026/10/03 11:13:55.629, 19098, 0, 2475, 69.67, 5
2026/10/03 11:13:55.679, 19098, 0, 2475, 69.67, 5
2026/10/03 11:13:55.729, 19098, 0, 2475, 69.67, 5
2026/10/03 11:13:55.779, 19098, 0, 2475, 69.67, 5
2026/10/03 11:13:55.829, 19098, 0, 2475, 69.84, 5
2026/10/03 11:13:55.880, 19098, 0, 2475, 69.84, 5
2026/10/03 11:13:55.930, 19098, 0, 2475, 69.84, 5
2026/10/03 11:13:55.980, 19098, 0, 2475, 69.84, 5
2026/10/03 11:13:56.030, 19098, 0, 2475, 69.84, 5
2026/10/03 11:13:56.080, 19098, 0, 2475, 69.84, 5
2026/10/03 11:13:56.130, 19098, 0, 2475, 69.84, 5
2026/10/03 11:13:56.181, 19098, 0, 2475, 69.84, 5
2026/10/03 11:13:56.231, 19098, 0, 2475, 69.84, 5
2026/10/03 11:13:56.281, 19098, 0, 2475, 69.84, 5
2026/10/03 11:13:56.331, 19098, 0, 2475, 69.52, 5
2026/10/03 11:13:56.381, 19098, 0, 2475, 69.52, 5
2026/10/03 11:13:56.432, 19098, 0, 2475, 69.52, 5
2026/10/03 11:13:56.482, 19098, 0, 2475, 69.52, 5
2026/10/03 11:13:56.532, 19098, 0, 2475, 69.52, 5
2026/10/03 11:13:56.582, 19098, 0, 2475, 69.52, 5
2026/10/03 11:13:56.633, 19098, 0, 2475, 69.52, 5
2026/10/03 11:13:56.683, 19098, 0, 2475, 69.52, 5
2026/10/03 11:13:56.733, 19098, 0, 2475, 69.52, 5
2026/10/03 11:13:56.783, 19098, 0, 2475, 69.52, 5
2026/10/03 11:13:56.833, 19098, 0, 2475, 69.91, 5
2026/10/03 11:13:56.884, 19098, 0, 2475, 69.91, 5
2026/10/03 11:13:56.934, 19098, 0, 2475, 69.91, 5
2026/10/03 11:13:56.984, 19098, 0, 2475, 69.91, 5
2026/10/03 11:13:57.034, 19098, 0, 2475, 69.91, 5
2026/10/03 11:13:57.084, 19098, 0, 2475, 69.91, 5
2026/10/03 11:13:57.135, 19098, 0, 2475, 69.91, 5
2026/10/03 11:13:57.185, 19098, 0, 2475, 69.91, 5
2026/10/03 11:13:57.235, 19098, 0, 2475, 69.91, 5
2026/10/03 11:13:57.285, 19098, 0, 2475, 69.91, 5
2026/10/03 11:13:57.335, 19098, 0, 2475, 69.69, 5
2026/10/03 11:13:57.385, 19098, 0, 2475, 69.69, 5
2026/10/03 11:13:57.435, 19098, 0, 2475, 69.69, 5
2026/10/03 11:13:57.486, 19098, 0, 2475, 69.69, 5
2026/10/03 11:13:57.536, 19098, 0, 2475, 69.69, 5
2026/10/03 11:13:57.586, 19098, 0, 2475, 69.69, 5
2026/10/03 11:13:57.636, 19098, 0, 2475, 69.69, 5
2026/10/03 11:13:57.686, 19098, 0, 2475, 69.69, 5
2026/10/03 11:13:57.737, 19098, 0, 2475, 69.69, 5
2026/10/03 11:13:57.787, 19098, 0, 2475, 69.69, 5
2026/10/03 11:13:57.837, 19098, 0, 2475, 69.41, 5
2026/10/03 11:13:57.887, 19098, 0, 2475, 69.41, 5
2026/10/03 11:13:57.937, 19098, 0, 2475, 69.41, 5
2026/10/03 11:13:57.987, 19098, 0, 2475, 69.41, 5
2026/10/03 11:13:58.037, 19098, 0, 2475, 69.41, 5
2026/10/03 11:13:58.087, 19098, 0, 2475, 69.41, 5
2026/10/03 11:13:58.138, 19098, 0, 2475, 69.41, 5
2026/10/03 11:13:58.188, 19098, 0, 2475, 69.41, 5
2026/10/03 11:13:58.238, 19098, 0, 2475, 69.41, 5
2026/10/03 11:13:58.288, 19098, 0, 2475, 69.41, 5
2026/10/03 11:13:58.338, 19098, 0, 2475, 69.66, 5
2026/10/03 11:13:58.388, 19098, 0, 2475, 69.66, 5
2026/10/03 11:13:58.438, 19098, 0, 2475, 69.66, 5
2026/10/03 11:13:58.488, 19098, 0, 2475, 69.66, 5
2026/10/03 11:13:58.539, 19098, 0, 2475, 69.66, 5
2026/10/03 11:13:58.589, 19098, 0, 2475, 69.66, 5
2026/10/03 11:13:58.639, 19098, 0, 2475, 69.66, 5
2026/10/03 11:13:58.689, 19098, 0, 2475, 69.66, 5
2026/10/03 11:13:58.739, 19098, 0, 2475, 69.66, 5
2026/10/03 11:13:58.789, 19098, 0, 2475, 69.66, 5
2026/10/03 11:13:58.839, 19098, 0, 2475, 69.54, 5
2026/10/03 11:13:58.890, 19098, 0, 2475, 69.54, 5
2026/10/03 11:13:58.940, 19098, 0, 2475, 69.54, 5
2026/10/03 11:13:58.990, 19098, 0, 2475, 69.54, 5
2026/10/03 11:13:59.040, 19098, 0, 2475, 69.54, 5
2026/10/03 11:13:59.090, 19098, 0, 2475, 69.54, 5
2026/10/03 11:13:59.141, 19098, 0, 2475, 69.54, 5
2026/10/03 11:13:59.191, 19098, 0, 2475, 69.54, 5
2026/10/03 11:13:59.241, 19098, 0, 2475, 69.54, 5
2026/10/03 11:13:59.291, 19098, 0, 2475, 69.54, 5
2026/10/03 11:13:59.341, 19098, 0, 2475, 69.54, 5
2026/10/03 11:13:59.391, 19098, 0, 2475, 69.54, 5
2026/10/03 11:13:59.441, 19098, 0, 2475, 69.54, 5
2026/10/03 11:13:59.491, 19098, 0, 2475, 69.54, 5
2026/10/03 11:13:59.542, 19098, 0, 2475, 69.54, 5
2026/10/03 11:13:59.592, 19098, 0, 2475, 69.54, 5
2026/10/03 11:13:59.642, 19098, 0, 2475, 69.54, 5
2026/10/03 11:13:59.692, 19098, 0, 2475, 69.54, 5
2026/10/03 11:13:59.742, 19098, 0, 2475, 69.54, 5
2026/10/03 11:13:59.792, 19098, 0, 2475, 69.54, 5
2026/10/03 11:13:59.842, 19098, 0, 2475, 69.99, 5
2026/10/03 11:13:59.892, 19098, 0, 2475, 69.99, 5
2026/10/03 11:13:59.943, 19098, 0, 2475, 69.99, 5
2026/10/03 11:13:59.993, 19098, 0, 2475, 69.99, 5
2026/10/03 11:14:00.043, 19098, 0, 2475, 69.99, 5
2026/10/03 11:14:00.093, 19098, 0, 2475, 69.99, 5
2026/10/03 11:14:00.143, 19098, 0, 2475, 69.99, 5
2026/10/03 11:14:00.193, 19098, 0, 2475, 69.99, 5
2026/10/03 11:14:00.244, 19098, 0, 2475, 69.99, 5
2026/10/03 11:14:00.294, 19098, 0, 2475, 69.99, 5
2026/10/03 11:14:00.344, 19098, 0, 2475, 69.75, 5
2026/10/03 11:14:00.394, 19098, 0, 2475, 69.75, 5
2026/10/03 11:14:00.444, 19098, 0, 2475, 69.75, 5
2026/10/03 11:14:00.495, 19098, 0, 2475, 69.75, 5
2026/10/03 11:14:00.545, 19098, 0, 2475, 69.75, 5
2026/10/03 11:14:00.595, 19098, 0, 2475, 69.75, 5
2026/10/03 11:14:00.645, 19098, 0, 2475, 69.75, 5
2026/10/03 11:14:00.695, 19098, 0, 2475, 69.75, 5
2026/10/03 11:14:00.745, 19098, 0, 2475, 69.75, 5
2026/10/03 11:14:00.796, 19098, 0, 2475, 69.75, 5
2026/10/03 11:14:00.846, 19098, 0, 2475, 69.84, 5
2026/10/03 11:14:00.896, 19098, 0, 2475, 69.84, 5
2026/10/03 11:14:00.946, 19098, 0, 2475, 69.84, 5
2026/10/03 11:14:00.996, 19098, 0, 2475, 69.84, 5
2026/10/03 11:14:01.046, 19098, 0, 2475, 69.84, 5
2026/10/03 11:14:01.096, 19098, 0, 2475, 69.84, 5
2026/10/03 11:14:01.147, 19098, 0, 2475, 69.84, 5
2026/10/03 11:14:01.197, 19098, 0, 2475, 69.84, 5
2026/10/03 11:14:01.247, 19098, 0, 2475, 69.84, 5
2026/10/03 11:14:01.297, 19098, 0, 2475, 69.84, 5
2026/10/03 11:14:01.347, 19098, 0, 2475, 69.74, 5
2026/10/03 11:14:01.397, 19098, 0, 2475, 69.74, 5
2026/10/03 11:14:01.447, 19098, 0, 2475, 69.74, 5
2026/10/03 11:14:01.497, 19098, 0, 2475, 69.74, 5
2026/10/03 11:14:01.548, 19098, 0, 2475, 69.74, 5
2026/10/03 11:14:01.598, 19098, 0, 2475, 69.74, 5
2026/10/03 11:14:01.648, 19098, 0, 2475, 69.74, 5
2026/10/03 11:14:01.698, 19098, 0, 2475, 69.74, 5
2026/10/03 11:14:01.748, 19098, 0, 2475, 69.74, 5
2026/10/03 11:14:01.798, 19098, 0, 2475, 69.74, 5
2026/10/03 11:14:01.848, 19098, 0, 2475, 70.12, 5
2026/10/03 11:14:01.898, 19098, 0, 2475, 70.12, 5
2026/10/03 11:14:01.949, 19098, 0, 2475, 70.12, 5
2026/10/03 11:14:01.999, 19098, 0, 2475, 70.12, 5
2026/10/03 11:14:02.049, 19098, 0, 2475, 70.12, 5
2026/10/03 11:14:02.099, 19098, 0, 2475, 70.12, 5
2026/10/03 11:14:02.149, 19098, 0, 2475, 70.12, 5
2026/10/03 11:14:02.199, 19098, 0, 2475, 70.12, 5
2026/10/03 11:14:02.250, 19098, 0, 2475, 70.12, 5
2026/10/03 11:14:02.300, 19098, 0, 2475, 70.12, 5
2026/10/03 11:14:02.350, 19098, 0, 2475, 69.74, 5
2026/10/03 11:14:02.400, 19098, 0, 2475, 69.74, 5
2026/10/03 11:14:02.450, 19098, 0, 2475, 69.74, 5
2026/10/03 11:14:02.500, 19098, 0, 2475, 69.74, 5
2026/10/03 11:14:02.550, 19098, 0, 2475, 69.74, 5
2026/10/03 11:14:02.601, 19098, 0, 2475, 69.74, 5
2026/10/03 11:14:02.651, 19098, 0, 2475, 69.74, 5
2026/10/03 11:14:02.701, 19098, 0, 2475, 69.74, 5
2026/10/03 11:14:02.751, 19098, 0, 2475, 69.74, 5
2026/10/03 11:14:02.801, 19098, 0, 2475, 69.74, 5
2026/10/03 11:14:02.851, 19098, 0, 2475, 69.42, 5
2026/10/03 11:14:02.901, 19098, 0, 2475, 69.42, 5
2026/10/03 11:14:02.951, 19098, 0, 2475, 69.42, 5
2026/10/03 11:14:03.002, 19098, 0, 2475, 69.42, 5
2026/10/03 11:14:03.052, 19098, 0, 2475, 69.42, 5
2026/10/03 11:14:03.102, 19098, 0, 2475, 69.42, 5
2026/10/03 11:14:03.152, 19098, 0, 2475, 69.42, 5
2026/10/03 11:14:03.202, 19098, 0, 2475, 69.42, 5
2026/10/03 11:14:03.252, 19098, 0, 2475, 69.42, 5
2026/10/03 11:14:03.302, 19098, 0, 2475, 69.42, 5
2026/10/03 11:14:03.353, 19098, 0, 2475, 69.71, 5
2026/10/03 11:14:03.403, 19098, 0, 2475, 69.71, 5
2026/10/03 11:14:03.453, 19098, 0, 2475, 69.71, 5
2026/10/03 11:14:03.503, 19098, 0, 2475, 69.71, 5
2026/10/03 11:14:03.553, 19098, 0, 2475, 69.71, 5
2026/10/03 11:14:03.603, 19098, 0, 2475, 69.71, 5
2026/10/03 11:14:03.653, 19098, 0, 2475, 69.71, 5
2026/10/03 11:14:03.703, 19098, 0, 2475, 69.71, 5
2026/10/03 11:14:03.753, 19098, 0, 2475, 69.71, 5
2026/10/03 11:14:03.804, 19098, 0, 2475, 69.71, 5
2026/10/03 11:14:03.854, 19098, 0, 2475, 69.89, 5
2026/10/03 11:14:03.904, 19098, 0, 2475, 69.89, 5
2026/10/03 11:14:03.954, 19098, 0, 2475, 69.89, 5
2026/10/03 11:14:04.004, 19098, 0, 2475, 69.89, 5
2026/10/03 11:14:04.054, 19098, 0, 2475, 69.89, 5
2026/10/03 11:14:04.104, 19098, 0, 2475, 69.89, 5
2026/10/03 11:14:04.154, 19098, 0, 2475, 69.89, 5
2026/10/03 11:14:04.205, 19098, 0, 2475, 69.89, 5
2026/10/03 11:14:04.255, 19098, 0, 2475, 69.89, 5
2026/10/03 11:14:04.305, 19098, 0, 2475, 69.89, 5
2026/10/03 11:14:04.355, 19098, 0, 2475, 70.10, 5
2026/10/03 11:14:04.405, 19098, 0, 2475, 70.10, 5
2026/10/03 11:14:04.455, 19098, 0, 2475, 70.10, 5
2026/10/03 11:14:04.506, 19098, 0, 2475, 70.10, 5
2026/10/03 11:14:04.556, 19098, 0, 2475, 70.10, 5
2026/10/03 11:14:04.606, 19098, 0, 2475, 70.10, 5
2026/10/03 11:14:04.656, 19098, 0, 2475, 70.10, 5
2026/10/03 11:14:04.706, 19098, 0, 2475, 70.10, 5
2026/10/03 11:14:04.757, 19098, 0, 2475, 70.10, 5
2026/10/03 11:14:04.807, 19098, 0, 2475, 70.10, 5
2026/10/03 11:14:04.857, 19098, 0, 2475, 69.46, 5
2026/10/03 11:14:04.907, 19098, 0, 2475, 69.46, 5
2026/10/03 11:14:04.957, 19098, 0, 2475, 69.46, 5
2026/10/03 11:14:05.008, 19098, 0, 2475, 69.46, 5
2026/10/03 11:14:05.058, 19098, 0, 2475, 69.46, 5
2026/10/03 11:14:05.108, 19098, 0, 2475, 69.46, 5
2026/10/03 11:14:05.158, 19098, 0, 2475, 69.46, 5
2026/10/03 11:14:05.208, 19098, 0, 2475, 69.46, 5
2026/10/03 11:14:05.259, 19098, 0, 2475, 69.46, 5
2026/10/03 11:14:05.309, 19098, 0, 2475, 69.46, 5
2026/10/03 11:14:05.359, 19098, 0, 2475, 69.52, 5
2026/10/03 11:14:05.409, 19098, 0, 2475, 69.52, 5
2026/10/03 11:14:05.460, 19098, 0, 2475, 69.52, 5
2026/10/03 11:14:05.510, 19098, 0, 2475, 69.52, 5
2026/10/03 11:14:05.560, 19098, 0, 2475, 69.52, 5
2026/10/03 11:14:05.610, 19098, 0, 2475, 69.52, 5
2026/10/03 11:14:05.660, 19098, 0, 2475, 69.52, 5
2026/10/03 11:14:05.711, 19098, 0, 2475, 69.52, 5
2026/10/03 11:14:05.761, 19098, 0, 2475, 69.52, 5
2026/10/03 11:14:05.811, 19098, 0, 2475, 69.52, 5
2026/10/03 11:14:05.861, 19098, 0, 2475, 69.62, 5
2026/10/03 11:14:05.911, 19098, 0, 2475, 69.62, 5
2026/10/03 11:14:05.962, 19098, 0, 2475, 69.62, 5
2026/10/03 11:14:06.012, 19098, 0, 2475, 69.62, 5
2026/10/03 11:14:06.062, 19098, 0, 2475, 69.62, 5
2026/10/03 11:14:06.112, 19098, 0, 2475, 69.62, 5
2026/10/03 11:14:06.162, 19098, 0, 2475, 69.62, 5
2026/10/03 11:14:06.213, 19098, 0, 2475, 69.62, 5
2026/10/03 11:14:06.263, 19098, 0, 2475, 69.62, 5
2026/10/03 11:14:06.313, 19098, 0, 2475, 69.62, 5
2026/10/03 11:14:06.363, 19098, 0, 2475, 70.02, 5
2026/10/03 11:14:06.413, 19098, 0, 2475, 70.02, 5
2026/10/03 11:14:06.464, 19098, 0, 2475, 70.02, 5
2026/10/03 11:14:06.514, 19098, 0, 2475, 70.02, 5
2026/10/03 11:14:06.564, 19098, 0, 2475, 70.02, 5
2026/10/03 11:14:06.614, 19098, 0, 2475, 70.02, 5
2026/10/03 11:14:06.665, 19098, 0, 2475, 70.02, 5
2026/10/03 11:14:06.715, 19098, 0, 2475, 70.02, 5
2026/10/03 11:14:06.765, 19098, 0, 2475, 70.02, 5
2026/10/03 11:14:06.815, 19098, 0, 2475, 70.02, 5
2026/10/03 11:14:06.865, 19098, 0, 2475, 69.74, 5
2026/10/03 11:14:06.916, 19098, 0, 2475, 69.74, 5
2026/10/03 11:14:06.966, 19098, 0, 2475, 69.74, 5
2026/10/03 11:14:07.016, 19098, 0, 2475, 69.74, 5
2026/10/03 11:14:07.066, 19098, 0, 2475, 69.74, 5
2026/10/03 11:14:07.117, 19098, 0, 2475, 69.74, 5
2026/10/03 11:14:07.167, 19098, 0, 2475, 69.74, 5
2026/10/03 11:14:07.217, 19098, 0, 2475, 69.74, 5
2026/10/03 11:14:07.267, 19098, 0, 2475, 69.74, 5
2026/10/03 11:14:07.317, 19098, 0, 2475, 69.74, 5
2026/10/03 11:14:07.368, 19098, 0, 2475, 69.08, 5
2026/10/03 11:14:07.418, 19098, 0, 2475, 69.08, 5
2026/10/03 11:14:07.468, 19098, 0, 2475, 69.08, 5
2026/10/03 11:14:07.518, 19098, 0, 2475, 69.08, 5
2026/10/03 11:14:07.569, 19098, 0, 2475, 69.08, 5
2026/10/03 11:14:07.619, 19098, 0, 2475, 69.08, 5
2026/10/03 11:14:07.669, 19098, 0, 2475, 69.08, 5
2026/10/03 11:14:07.719, 19098, 0, 2475, 69.08, 5
2026/10/03 11:14:07.769, 19098, 0, 2475, 69.08, 5
2026/10/03 11:14:07.820, 19098, 0, 2475, 69.79, 5
2026/10/03 11:14:07.870, 19098, 0, 2475, 69.79, 5
2026/10/03 11:14:07.920, 19098, 0, 2475, 69.79, 5
2026/10/03 11:14:07.970, 19098, 0, 2475, 69.79, 5
2026/10/03 11:14:08.021, 19098, 0, 2475, 69.79, 5
2026/10/03 11:14:08.071, 19098, 0, 2475, 69.79, 5
2026/10/03 11:14:08.121, 19098, 0, 2475, 69.79, 5
2026/10/03 11:14:08.171, 19098, 0, 2475, 69.79, 5
2026/10/03 11:14:08.221, 19098, 0, 2475, 69.79, 5
2026/10/03 11:14:08.272, 19098, 0, 2475, 69.79, 5
2026/10/03 11:14:08.322, 19098, 0, 2475, 36.24, 2
2026/10/03 11:14:08.372, 19098, 0, 2475, 36.24, 2
2026/10/03 11:14:08.422, 19098, 0, 2475, 36.24, 2
2026/10/03 11:14:08.473, 19098, 0, 2475, 36.24, 2
2026/10/03 11:14:08.523, 19098, 0, 2475, 36.24, 2
2026/10/03 11:14:08.573, 19098, 0, 2475, 36.24, 2
2026/10/03 11:14:08.623, 19098, 0, 2475, 36.24, 2
2026/10/03 11:14:08.673, 19098, 0, 2475, 36.24, 2
2026/10/03 11:14:08.724, 19098, 0, 2475, 36.24, 2
2026/10/03 11:14:08.774, 19098, 0, 2475, 36.24, 2
2026/10/03 11:14:08.824, 19098, 0, 435, 23.73, 2
2026/10/03 11:14:08.874, 19098, 0, 435, 23.73, 2
2026/10/03 11:14:08.924, 19098, 0, 435, 23.73, 2
2026/10/03 11:14:08.975, 19098, 0, 435, 23.73, 2
2026/10/03 11:14:09.025, 19098, 0, 435, 23.73, 2
2026/10/03 11:14:09.075, 19098, 0, 435, 23.73, 2
2026/10/03 11:14:09.125, 19098, 0, 435, 23.73, 2
2026/10/03 11:14:09.176, 19098, 0, 435, 23.73, 2
2026/10/03 11:14:09.226, 19098, 0, 435, 23.73, 2
2026/10/03 11:14:09.276, 19098, 0, 435, 23.73, 2
2026/10/03 11:14:09.326, 19098, 0, 375, 29.55, 2
2026/10/03 11:14:09.376, 19098, 0, 375, 29.55, 2
2026/10/03 11:14:09.427, 19098, 0, 375, 29.55, 2
2026/10/03 11:14:09.477, 19098, 0, 375, 29.55, 2
2026/10/03 11:14:09.527, 19098, 0, 375, 29.55, 2
2026/10/03 11:14:09.577, 19098, 0, 375, 29.55, 2
2026/10/03 11:14:09.628, 19098, 0, 375, 29.55, 2
2026/10/03 11:14:09.678, 19098, 0, 375, 29.55, 2
2026/10/03 11:14:09.728, 19098, 0, 375, 29.55, 2
2026/10/03 11:14:09.778, 19098, 0, 375, 29.55, 2
2026/10/03 11:14:09.828, 19098, 0, 375, 29.55, 1
2026/10/03 11:14:09.879, 19098, 0, 375, 29.55, 1
2026/10/03 11:14:09.929, 19098, 0, 375, 29.55, 1
2026/10/03 11:14:09.979, 19098, 0, 375, 29.55, 1
2026/10/03 11:14:10.029, 19098, 0, 375, 29.55, 1
2026/10/03 11:14:10.080, 19098, 0, 375, 29.55, 1
2026/10/03 11:14:10.130, 19098, 0, 375, 29.55, 1
2026/10/03 11:14:10.180, 19098, 0, 375, 29.55, 1
2026/10/03 11:14:10.230, 19098, 0, 375, 29.55, 1
2026/10/03 11:14:10.280, 19098, 0, 375, 29.55, 1
2026/10/03 11:14:10.331, 19098, 0, 217, 20.19, 1
2026/10/03 11:14:10.381, 19098, 0, 217, 20.19, 1
2026/10/03 11:14:10.431, 19098, 0, 217, 20.19, 1
2026/10/03 11:14:10.481, 19098, 0, 217, 20.19, 1
2026/10/03 11:14:10.532, 19098, 0, 217, 20.19, 1
2026/10/03 11:14:10.582, 19098, 0, 217, 20.19, 1
2026/10/03 11:14:10.632, 19098, 0, 217, 20.19, 1
2026/10/03 11:14:10.682, 19098, 0, 217, 20.19, 1
2026/10/03 11:14:10.732, 19098, 0, 217, 20.19, 1
2026/10/03 11:14:10.783, 19098, 0, 217, 20.19, 1
2026/10/03 11:14:10.833, 19098, 0, 217, 20.19, 1
2026/10/03 11:14:10.883, 19098, 0, 217, 20.19, 1
2026/10/03 11:14:10.933, 19098, 0, 217, 20.19, 1
2026/10/03 11:14:10.984, 19098, 0, 217, 20.19, 1
2026/10/03 11:14:11.034, 19098, 0, 217, 20.19, 1
2026/10/03 11:14:11.084, 19098, 0, 217, 20.19, 1
2026/10/03 11:14:11.134, 19098, 0, 217, 20.19, 1
2026/10/03 11:14:11.184, 19098, 0, 217, 20.19, 1
2026/10/03 11:14:11.235, 19098, 0, 217, 20.19, 1
2026/10/03 11:14:11.285, 19098, 0, 217, 20.19, 1
2026/10/03 11:14:11.335, 19098, 0, 195, 19.69, 1
2026/10/03 11:14:11.385, 19098, 0, 195, 19.69, 1
2026/10/03 11:14:11.435, 19098, 0, 195, 19.69, 1
2026/10/03 11:14:11.486, 19098, 0, 195, 19.69, 1
2026/10/03 11:14:11.536, 19098, 0, 195, 19.69, 1
2026/10/03 11:14:11.586, 19098, 0, 195, 19.69, 1
2026/10/03 11:14:11.636, 19098, 0, 195, 19.69, 1
2026/10/03 11:14:11.687, 19098, 0, 195, 19.69, 1
2026/10/03 11:14:11.737, 19098, 0, 195, 19.69, 1
2026/10/03 11:14:11.787, 19098, 0, 195, 19.69, 1
2026/10/03 11:14:11.837, 19098, 0, 195, 19.69, 1
2026/10/03 11:14:11.887, 19098, 0, 195, 19.69, 1
2026/10/03 11:14:11.938, 19098, 0, 195, 19.69, 1
2026/10/03 11:14:11.988, 19098, 0, 195, 19.69, 1
2026/10/03 11:14:12.038, 19098, 0, 195, 19.69, 1
2026/10/03 11:14:12.088, 19098, 0, 195, 19.69, 1
2026/10/03 11:14:12.139, 19098, 0, 195, 19.69, 1
2026/10/03 11:14:12.189, 19098, 0, 195, 19.69, 1
2026/10/03 11:14:12.239, 19098, 0, 195, 19.69, 1
2026/10/03 11:14:12.289, 19098, 0, 195, 19.69, 1
2026/10/03 11:14:12.340, 19098, 0, 195, 19.73, 1
2026/10/03 11:14:12.390, 19098, 0, 195, 19.73, 1
2026/10/03 11:14:12.440, 19098, 0, 195, 19.73, 1
2026/10/03 11:14:12.490, 19098, 0, 195, 19.73, 1
2026/10/03 11:14:12.540, 19098, 0, 195, 19.73, 1
2026/10/03 11:14:12.591, 19098, 0, 195, 19.73, 1
2026/10/03 11:14:12.641, 19098, 0, 195, 19.73, 1
2026/10/03 11:14:12.691, 19098, 0, 195, 19.73, 1
2026/10/03 11:14:12.741, 19098, 0, 195, 19.73, 1
2026/10/03 11:14:12.792, 19098, 0, 195, 19.73, 1
2026/10/03 11:14:12.842, 19098, 0, 195, 19.73, 1
2026/10/03 11:14:12.892, 19098, 0, 195, 19.73, 1
2026/10/03 11:14:12.942, 19098, 0, 195, 19.73, 1
2026/10/03 11:14:12.992, 19098, 0, 195, 19.73, 1
2026/10/03 11:14:13.043, 19098, 0, 195, 19.73, 1
2026/10/03 11:14:13.093, 19098, 0, 195, 19.73, 1
2026/10/03 11:14:13.143, 19098, 0, 195, 19.73, 1
2026/10/03 11:14:13.193, 19098, 0, 195, 19.73, 1
2026/10/03 11:14:13.244, 19098, 0, 195, 19.73, 1
2026/10/03 11:14:13.294, 19098, 0, 195, 19.73, 1
2026/10/03 11:14:13.344, 19098, 0, 195, 19.84, 1
2026/10/03 11:14:13.394, 19098, 0, 195, 19.84, 1
2026/10/03 11:14:13.444, 19098, 0, 195, 19.84, 1
2026/10/03 11:14:13.495, 19098, 0, 195, 19.84, 1
2026/10/03 11:14:13.545, 19098, 0, 195, 19.84, 1
2026/10/03 11:14:13.595, 19098, 0, 195, 19.84, 1
2026/10/03 11:14:13.645, 19098, 0, 195, 19.84, 1
2026/10/03 11:14:13.695, 19098, 0, 195, 19.84, 1
2026/10/03 11:14:13.746, 19098, 0, 195, 19.84, 1
2026/10/03 11:14:13.796, 19098, 0, 195, 19.84, 1
2026/10/03 11:14:13.846, 19098, 0, 195, 19.84, 1
2026/10/03 11:14:13.896, 19098, 0, 195, 19.84, 1
2026/10/03 11:14:13.946, 19098, 0, 195, 19.84, 1
2026/10/03 11:14:13.997, 19098, 0, 195, 19.84, 1
2026/10/03 11:14:14.047, 19098, 0, 195, 19.84, 1
2026/10/03 11:14:14.097, 19098, 0, 195, 19.84, 1
2026/10/03 11:14:14.147, 19098, 0, 195, 19.84, 1
2026/10/03 11:14:14.197, 19098, 0, 195, 19.84, 1
2026/10/03 11:14:14.248, 19098, 0, 195, 19.84, 1
2026/10/03 11:14:14.298, 19098, 0, 195, 19.84, 1
2026/10/03 11:14:14.348, 19098, 0, 195, 20.45, 1
2026/10/03 11:14:14.398, 19098, 0, 195, 20.45, 1
2026/10/03 11:14:14.449, 19098, 0, 195, 20.45, 1
2026/10/03 11:14:14.499, 19098, 0, 195, 20.45, 1
2026/10/03 11:14:14.549, 19098, 0, 195, 20.45, 1
2026/10/03 11:14:14.599, 19098, 0, 195, 20.45, 1
2026/10/03 11:14:14.649, 19098, 0, 195, 20.45, 1
2026/10/03 11:14:14.700, 19098, 0, 195, 20.45, 1
2026/10/03 11:14:14.750, 19098, 0, 195, 20.45, 1
2026/10/03 11:14:14.800, 19098, 0, 195, 20.45, 1
2026/10/03 11:14:14.850, 19098, 0, 195, 20.45, 1
2026/10/03 11:14:14.901, 19098, 0, 195, 20.45, 1
2026/10/03 11:14:14.951, 19098, 0, 195, 20.45, 1
2026/10/03 11:14:15.001, 19098, 0, 195, 20.45, 1
2026/10/03 11:14:15.051, 19098, 0, 195, 20.45, 1
2026/10/03 11:14:15.101, 19098, 0, 195, 20.45, 1
2026/10/03 11:14:15.152, 19098, 0, 195, 20.45, 1
2026/10/03 11:14:15.202, 19098, 0, 195, 20.45, 1
2026/10/03 11:14:15.252, 19098, 0, 195, 20.45, 1
2026/10/03 11:14:15.302, 19098, 0, 195, 20.45, 1
2026/10/03 11:14:15.353, 19098, 0, 195, 20.61, 1
2026/10/03 11:14:15.403, 19098, 0, 195, 20.61, 1
2026/10/03 11:14:15.453, 19098, 0, 195, 20.61, 1
2026/10/03 11:14:15.503, 19098, 0, 195, 20.61, 1
2026/10/03 11:14:15.553, 19098, 0, 195, 20.61, 1
2026/10/03 11:14:15.604, 19098, 0, 195, 20.61, 1
2026/10/03 11:14:15.654, 19098, 0, 195, 20.61, 1
2026/10/03 11:14:15.704, 19098, 0, 195, 20.61, 1
2026/10/03 11:14:15.754, 19098, 0, 195, 20.61, 1
2026/10/03 11:14:15.805, 19098, 0, 195, 20.61, 1
2026/10/03 11:14:15.855, 19098, 0, 195, 20.61, 1
2026/10/03 11:14:15.905, 19098, 0, 195, 20.61, 1
2026/10/03 11:14:15.955, 19098, 0, 195, 20.61, 1
2026/10/03 11:14:16.005, 19098, 0, 195, 20.61, 1
2026/10/03 11:14:16.056, 19098, 0, 195, 20.61, 1
2026/10/03 11:14:16.106, 19098, 0, 195, 20.61, 1
2026/10/03 11:14:16.156, 19098, 0, 195, 20.61, 1
2026/10/03 11:14:16.206, 19098, 0, 195, 20.61, 1
2026/10/03 11:14:16.257, 19098, 0, 195, 20.61, 1
2026/10/03 11:14:16.307, 19098, 0, 195, 20.61, 1
2026/10/03 11:14:16.357, 19098, 0, 195, 20.19, 1
2026/10/03 11:14:16.407, 19098, 0, 195, 20.19, 1
2026/10/03 11:14:16.457, 19098, 0, 195, 20.19, 1
2026/10/03 11:14:16.508, 19098, 0, 195, 20.19, 1
2026/10/03 11:14:16.558, 19098, 0, 195, 20.19, 1
2026/10/03 11:14:16.608, 19098, 0, 195, 20.19, 1
2026/10/03 11:14:16.658, 19098, 0, 195, 20.19, 1
2026/10/03 11:14:16.709, 19098, 0, 195, 20.19, 1
2026/10/03 11:14:16.759, 19098, 0, 195, 20.19, 1
2026/10/03 11:14:16.809, 19098, 0, 195, 20.19, 1
2026/10/03 11:14:16.859, 19098, 0, 195, 20.19, 1
2026/10/03 11:14:16.909, 19098, 0, 195, 20.19, 1
2026/10/03 11:14:16.960, 19098, 0, 195, 20.19, 1
2026/10/03 11:14:17.010, 19098, 0, 195, 20.19, 1
2026/10/03 11:14:17.060, 19098, 0, 195, 20.19, 1
2026/10/03 11:14:17.110, 19098, 0, 195, 20.19, 1
2026/10/03 11:14:17.161, 19098, 0, 195, 20.19, 1
2026/10/03 11:14:17.211, 19098, 0, 195, 20.19, 1
2026/10/03 11:14:17.261, 19098, 0, 195, 20.19, 1
2026/10/03 11:14:17.311, 19098, 0, 195, 20.19, 1
2026/10/03 11:14:17.361, 19098, 0, 195, 19.57, 1
2026/10/03 11:14:17.412, 19098, 0, 195, 19.57, 1
2026/10/03 11:14:17.462, 19098, 0, 195, 19.57, 1
2026/10/03 11:14:17.512, 19098, 0, 195, 19.57, 1
2026/10/03 11:14:17.562, 19098, 0, 195, 19.57, 1
2026/10/03 11:14:17.612, 19098, 0, 195, 19.57, 1
2026/10/03 11:14:17.662, 19098, 0, 195, 19.57, 1
2026/10/03 11:14:17.713, 19098, 0, 195, 19.57, 1
2026/10/03 11:14:17.763, 19098, 0, 195, 19.57, 1
2026/10/03 11:14:17.813, 19098, 0, 195, 19.57, 1
2026/10/03 11:14:17.863, 19098, 0, 195, 19.57, 1
2026/10/03 11:14:17.913, 19098, 0, 195, 19.57, 1
2026/10/03 11:14:17.964, 19098, 0, 195, 19.57, 1
2026/10/03 11:14:18.014, 19098, 0, 195, 19.57, 1
2026/10/03 11:14:18.064, 19098, 0, 195, 19.57, 1
2026/10/03 11:14:18.114, 19098, 0, 195, 19.57, 1
2026/10/03 11:14:18.164, 19098, 0, 195, 19.57, 1
2026/10/03 11:14:18.215, 19098, 0, 195, 19.57, 1
2026/10/03 11:14:18.265, 19098, 0, 195, 19.57, 1
2026/10/03 11:14:18.315, 19098, 0, 195, 19.57, 1
2026/10/03 11:14:18.365, 19098, 0, 195, 20.63, 1
2026/10/03 11:14:18.416, 19098, 0, 195, 20.63, 1
2026/10/03 11:14:18.466, 19098, 0, 195, 20.63, 1
2026/10/03 11:14:18.516, 19098, 0, 195, 20.63, 1
2026/10/03 11:14:18.566, 19098, 0, 195, 20.63, 1
2026/10/03 11:14:18.616, 19098, 0, 195, 20.63, 1
2026/10/03 11:14:18.666, 19098, 0, 195, 20.63, 1
2026/10/03 11:14:18.716, 19098, 0, 195, 20.63, 1
2026/10/03 11:14:18.766, 19098, 0, 195, 20.63, 1
2026/10/03 11:14:18.817, 19098, 0, 195, 20.63, 1
2026/10/03 11:14:18.867, 19098, 0, 195, 20.63, 1
2026/10/03 11:14:18.917, 19098, 0, 195, 20.63, 1
2026/10/03 11:14:18.967, 19098, 0, 195, 20.63, 1
2026/10/03 11:14:19.017, 19098, 0, 195, 20.63, 1
2026/10/03 11:14:19.067, 19098, 0, 195, 20.63, 1
2026/10/03 11:14:19.117, 19098, 0, 195, 20.63, 1
2026/10/03 11:14:19.167, 19098, 0, 195, 20.63, 1
2026/10/03 11:14:19.218, 19098, 0, 195, 20.63, 1
2026/10/03 11:14:19.268, 19098, 0, 195, 20.63, 1
2026/10/03 11:14:19.318, 19098, 0, 195, 20.63, 1
2026/10/03 11:14:19.368, 19098, 0, 195, 20.00, 1
2026/10/03 11:14:19.418, 19098, 0, 195, 20.00, 1
2026/10/03 11:14:19.468, 19098, 0, 195, 20.00, 1
2026/10/03 11:14:19.518, 19098, 0, 195, 20.00, 1
2026/10/03 11:14:19.568, 19098, 0, 195, 20.00, 1
2026/10/03 11:14:19.619, 19098, 0, 195, 20.00, 1
2026/10/03 11:14:19.669, 19098, 0, 195, 20.00, 1
2026/10/03 11:14:19.719, 19098, 0, 195, 20.00, 1
2026/10/03 11:14:19.769, 19098, 0, 195, 20.00, 1
2026/10/03 11:14:19.819, 19098, 0, 195, 20.00, 1
2026/10/03 11:14:19.869, 19098, 0, 195, 20.00, 1
2026/10/03 11:14:19.920, 19098, 0, 195, 20.00, 1
2026/10/03 11:14:19.970, 19098, 0, 195, 20.00, 1
2026/10/03 11:14:20.020, 19098, 0, 195, 20.00, 1
2026/10/03 11:14:20.070, 19098, 0, 195, 20.00, 1
2026/10/03 11:14:20.120, 19098, 0, 195, 20.00, 1
2026/10/03 11:14:20.170, 19098, 0, 195, 20.00, 1
2026/10/03 11:14:20.221, 19098, 0, 195, 20.00, 1
2026/10/03 11:14:20.271, 19098, 0, 195, 20.00, 1
2026/10/03 11:14:20.321, 19098, 0, 195, 20.00, 1
2026/10/03 11:14:20.371, 19098, 0, 195, 19.77, 1
2026/10/03 11:14:20.421, 19098, 0, 195, 19.77, 1
2026/10/03 11:14:20.471, 19098, 0, 195, 19.77, 1
2026/10/03 11:14:20.521, 19098, 0, 195, 19.77, 1
2026/10/03 11:14:20.571, 19278, 0, 195, 19.77, 1
2026/10/03 11:14:20.622, 19338, 0, 195, 19.77, 1
2026/10/03 11:14:20.672, 19340, 0, 195, 19.77, 1
2026/10/03 11:14:20.722, 19442, 0, 195, 19.77, 1
2026/10/03 11:14:20.772, 19344, 0, 195, 19.77, 1
2026/10/03 11:14:20.823, 19446, 0, 195, 19.77, 1
2026/10/03 11:14:20.873, 19328, 38, 367, 78.19, 5
2026/10/03 11:14:20.923, 19450, 38, 367, 78.19, 5
2026/10/03 11:14:20.973, 19332, 38, 367, 78.19, 5
2026/10/03 11:14:21.024, 19314, 38, 367, 78.19, 5
2026/10/03 11:14:21.074, 19334, 38, 367, 78.19, 5
2026/10/03 11:14:21.124, 19356, 38, 367, 78.19, 5
2026/10/03 11:14:21.174, 19458, 38, 367, 78.19, 5
2026/10/03 11:14:21.225, 19340, 38, 367, 78.19, 5
2026/10/03 11:14:21.275, 19362, 38, 367, 78.19, 5
2026/10/03 11:14:21.325, 19464, 38, 2497, 84.84, 5
2026/10/03 11:14:21.376, 19366, 38, 2497, 84.84, 5
2026/10/03 11:14:21.426, 19368, 38, 2497, 84.84, 5
2026/10/03 11:14:21.476, 19470, 38, 2497, 84.84, 5
2026/10/03 11:14:21.527, 19352, 38, 2497, 84.84, 5
2026/10/03 11:14:21.577, 19374, 38, 2497, 84.84, 5
2026/10/03 11:14:21.627, 19376, 38, 2497, 84.84, 5
2026/10/03 11:14:21.677, 19478, 38, 2497, 84.84, 5
2026/10/03 11:14:21.728, 19482, 38, 2497, 84.84, 5
2026/10/03 11:14:21.778, 19484, 38, 2497, 84.84, 5
2026/10/03 11:14:21.828, 19186, 66, 2880, 106.06, 5
2026/10/03 11:14:21.879, 19368, 66, 2880, 106.06, 5
2026/10/03 11:14:21.929, 19390, 66, 2880, 106.06, 5
2026/10/03 11:14:21.979, 19172, 66, 2880, 106.06, 5
2026/10/03 11:14:22.030, 19172, 66, 2880, 106.06, 5
2026/10/03 11:14:22.080, 19172, 66, 2880, 106.06, 5
2026/10/03 11:14:22.130, 19172, 66, 2880, 106.06, 5
2026/10/03 11:14:22.181, 19172, 66, 2880, 106.06, 5
2026/10/03 11:14:22.231, 19172, 66, 2880, 106.06, 5
2026/10/03 11:14:22.281, 19172, 66, 2880, 106.06, 5
2026/10/03 11:14:22.332, 19172, 66, 2910, 97.36, 5
2026/10/03 11:14:22.382, 19172, 66, 2910, 97.36, 5
2026/10/03 11:14:22.432, 19172, 66, 2910, 97.36, 5
2026/10/03 11:14:22.483, 19172, 66, 2910, 97.36, 5
2026/10/03 11:14:22.533, 19172, 66, 2910, 97.36, 5
2026/10/03 11:14:22.584, 19172, 66, 2910, 97.36, 5
2026/10/03 11:14:22.634, 19172, 66, 2910, 97.36, 5
2026/10/03 11:14:22.684, 19172, 66, 2910, 97.36, 5
2026/10/03 11:14:22.735, 19172, 66, 2910, 97.36, 5
2026/10/03 11:14:22.785, 19172, 66, 2910, 97.36, 5
2026/10/03 11:14:22.835, 19172, 0, 2910, 97.32, 5
2026/10/03 11:14:22.885, 19172, 0, 2910, 97.32, 5
2026/10/03 11:14:22.936, 19172, 0, 2910, 97.32, 5
2026/10/03 11:14:22.986, 19172, 0, 2910, 97.32, 5
2026/10/03 11:14:23.037, 19172, 0, 2910, 97.32, 5
2026/10/03 11:14:23.087, 19172, 0, 2910, 97.32, 5
2026/10/03 11:14:23.137, 19172, 0, 2910, 97.32, 5
2026/10/03 11:14:23.187, 19172, 0, 2910, 97.32, 5
2026/10/03 11:14:23.238, 19172, 0, 2910, 97.32, 5
2026/10/03 11:14:23.288, 19172, 0, 2910, 97.32, 5
2026/10/03 11:14:23.339, 19172, 0, 2910, 97.66, 5
2026/10/03 11:14:23.389, 19172, 0, 2910, 97.66, 5
2026/10/03 11:14:23.439, 19172, 0, 2910, 97.66, 5
2026/10/03 11:14:23.490, 19172, 0, 2910, 97.66, 5
2026/10/03 11:14:23.540, 19172, 0, 2910, 97.66, 5
2026/10/03 11:14:23.590, 19172, 0, 2910, 97.66, 5
2026/10/03 11:14:23.640, 19172, 0, 2910, 97.66, 5
2026/10/03 11:14:23.690, 19172, 0, 2910, 97.66, 5
2026/10/03 11:14:23.741, 19172, 0, 2910, 97.66, 5
2026/10/03 11:14:23.791, 19172, 0, 2910, 97.66, 5
2026/10/03 11:14:23.841, 19172, 0, 2910, 97.86, 5
2026/10/03 11:14:23.891, 19172, 0, 2910, 97.86, 5
2026/10/03 11:14:23.941, 19172, 0, 2910, 97.86, 5
2026/10/03 11:14:23.991, 19172, 0, 2910, 97.86, 5
2026/10/03 11:14:24.042, 19172, 0, 2910, 97.86, 5
2026/10/03 11:14:24.092, 19172, 0, 2910, 97.86, 5
2026/10/03 11:14:24.142, 19172, 0, 2910, 97.86, 5
2026/10/03 11:14:24.192, 19172, 0, 2910, 97.86, 5
2026/10/03 11:14:24.243, 19172, 0, 2910, 97.86, 5
2026/10/03 11:14:24.293, 19172, 0, 2910, 97.86, 5
2026/10/03 11:14:24.343, 19172, 0, 2475, 70.32, 5
2026/10/03 11:14:24.393, 19172, 0, 2475, 70.32, 5
2026/10/03 11:14:24.443, 19172, 0, 2475, 70.32, 5
2026/10/03 11:14:24.494, 19172, 0, 2475, 70.32, 5
2026/10/03 11:14:24.544, 19172, 0, 2475, 70.32, 5
2026/10/03 11:14:24.594, 19172, 0, 2475, 70.32, 5
2026/10/03 11:14:24.644, 19172, 0, 2475, 70.32, 5
2026/10/03 11:14:24.694, 19172, 0, 2475, 70.32, 5
2026/10/03 11:14:24.744, 19172, 0, 2475, 70.32, 5
2026/10/03 11:14:24.795, 19172, 0, 2475, 70.32, 5
2026/10/03 11:14:24.845, 19172, 0, 2475, 70.31, 5
2026/10/03 11:14:24.895, 19172, 0, 2475, 70.31, 5
2026/10/03 11:14:24.945, 19172, 0, 2475, 70.31, 5
2026/10/03 11:14:24.995, 19172, 0, 2475, 70.31, 5
2026/10/03 11:14:25.046, 19172, 0, 2475, 70.31, 5
2026/10/03 11:14:25.096, 19172, 0, 2475, 70.31, 5
2026/10/03 11:14:25.146, 19172, 0, 2475, 70.31, 5
2026/10/03 11:14:25.196, 19172, 0, 2475, 70.31, 5
2026/10/03 11:14:25.246, 19172, 0, 2475, 70.31, 5
2026/10/03 11:14:25.297, 19172, 0, 2475, 70.31, 5
2026/10/03 11:14:25.347, 19172, 0, 2475, 69.99, 5
2026/10/03 11:14:25.397, 19172, 0, 2475, 69.99, 5
2026/10/03 11:14:25.447, 19172, 0, 2475, 69.99, 5
2026/10/03 11:14:25.497, 19172, 0, 2475, 69.99, 5
2026/10/03 11:14:25.548, 19172, 0, 2475, 69.99, 5
2026/10/03 11:14:25.598, 19172, 0, 2475, 69.99, 5
2026/10/03 11:14:25.648, 19172, 0, 2475, 69.99, 5
2026/10/03 11:14:25.698, 19172, 0, 2475, 69.99, 5
2026/10/03 11:14:25.748, 19172, 0, 2475, 69.99, 5
2026/10/03 11:14:25.799, 19172, 0, 2475, 69.99, 5
2026/10/03 11:14:25.849, 19172, 0, 2475, 69.83, 5
2026/10/03 11:14:25.899, 19172, 0, 2475, 69.83, 5
2026/10/03 11:14:25.949, 19172, 0, 2475, 69.83, 5
2026/10/03 11:14:25.999, 19172, 0, 2475, 69.83, 5
2026/10/03 11:14:26.050, 19172, 0, 2475, 69.83, 5
2026/10/03 11:14:26.100, 19172, 0, 2475, 69.83, 5
2026/10/03 11:14:26.150, 19172, 0, 2475, 69.83, 5
2026/10/03 11:14:26.200, 19172, 0, 2475, 69.83, 5
2026/10/03 11:14:26.250, 19172, 0, 2475, 69.83, 5
2026/10/03 11:14:26.300, 19172, 0, 2475, 69.83, 5
2026/10/03 11:14:26.351, 19222, 0, 2475, 69.69, 5
2026/10/03 11:14:26.401, 19242, 0, 2475, 69.69, 5
2026/10/03 11:14:26.451, 19346, 0, 2475, 69.69, 5
2026/10/03 11:14:26.501, 19346, 0, 2475, 69.69, 5
2026/10/03 11:14:26.552, 19446, 0, 2475, 69.69, 5
2026/10/03 11:14:26.602, 19446, 0, 2475, 69.69, 5
2026/10/03 11:14:26.652, 19446, 0, 2475, 69.69, 5
2026/10/03 11:14:26.702, 19566, 0, 2475, 69.69, 5
2026/10/03 11:14:26.752, 19566, 0, 2475, 69.69, 5
2026/10/03 11:14:26.803, 19568, 0, 2475, 69.69, 5
2026/10/03 11:14:26.853, 19568, 11, 2565, 100.08, 5
2026/10/03 11:14:26.903, 19568, 11, 2565, 100.08, 5
2026/10/03 11:14:26.953, 19568, 11, 2565, 100.08, 5
2026/10/03 11:14:27.004, 19568, 11, 2565, 100.08, 5
2026/10/03 11:14:27.054, 19568, 11, 2565, 100.08, 5
2026/10/03 11:14:27.104, 19628, 11, 2565, 100.08, 5
2026/10/03 11:14:27.154, 19628, 11, 2565, 100.08, 5
2026/10/03 11:14:27.204, 19628, 11, 2565, 100.08, 5
2026/10/03 11:14:27.255, 19628, 11, 2565, 100.08, 5
2026/10/03 11:14:27.305, 19628, 11, 2565, 100.08, 5
2026/10/03 11:14:27.355, 19628, 11, 2617, 171.19, 5
2026/10/03 11:14:27.406, 19630, 11, 2617, 171.19, 5
2026/10/03 11:14:27.456, 19630, 11, 2617, 171.19, 5
2026/10/03 11:14:27.506, 19630, 11, 2617, 171.19, 5
2026/10/03 11:14:27.556, 19630, 11, 2617, 171.19, 5
2026/10/03 11:14:27.606, 19630, 11, 2617, 171.19, 5
2026/10/03 11:14:27.657, 19630, 11, 2617, 171.19, 5
2026/10/03 11:14:27.707, 19630, 11, 2617, 171.19, 5
2026/10/03 11:14:27.757, 19630, 11, 2617, 171.19, 5
2026/10/03 11:14:27.807, 19630, 11, 2617, 171.19, 5
2026/10/03 11:14:27.858, 19630, 26, 2625, 165.43, 5
2026/10/03 11:14:27.908, 19632, 26, 2625, 165.43, 5
2026/10/03 11:14:27.958, 19632, 26, 2625, 165.43, 5
2026/10/03 11:14:28.008, 19632, 26, 2625, 165.43, 5
2026/10/03 11:14:28.058, 19632, 26, 2625, 165.43, 5
2026/10/03 11:14:28.109, 19632, 26, 2625, 165.43, 5
2026/10/03 11:14:28.159, 19632, 26, 2625, 165.43, 5
2026/10/03 11:14:28.210, 19672, 26, 2625, 165.43, 5
2026/10/03 11:14:28.260, 19672, 26, 2625, 165.43, 5
2026/10/03 11:14:28.310, 19672, 26, 2625, 165.43, 5
2026/10/03 11:14:28.360, 19672, 26, 2647, 133.76, 5
2026/10/03 11:14:28.411, 19672, 26, 2647, 133.76, 5
2026/10/03 11:14:28.461, 19674, 26, 2647, 133.76, 5
2026/10/03 11:14:28.511, 19674, 26, 2647, 133.76, 5
2026/10/03 11:14:28.561, 19674, 26, 2647, 133.76, 5
2026/10/03 11:14:28.612, 19694, 26, 2647, 133.76, 5
2026/10/03 11:14:28.662, 19694, 26, 2647, 133.76, 5
2026/10/03 11:14:28.712, 19694, 26, 2647, 133.76, 5
2026/10/03 11:14:28.762, 19694, 26, 2647, 133.76, 5
2026/10/03 11:14:28.813, 19694, 26, 2647, 133.76, 5
2026/10/03 11:14:28.863, 19694, 33, 2625, 163.08, 5
2026/10/03 11:14:28.913, 19694, 33, 2625, 163.08, 5
2026/10/03 11:14:28.964, 19694, 33, 2625, 163.08, 5
2026/10/03 11:14:29.014, 19716, 33, 2625, 163.08, 5
2026/10/03 11:14:29.064, 19716, 33, 2625, 163.08, 5
2026/10/03 11:14:29.114, 19716, 33, 2625, 163.08, 5
2026/10/03 11:14:29.164, 19716, 33, 2625, 163.08, 5
2026/10/03 11:14:29.215, 19716, 33, 2625, 163.08, 5
2026/10/03 11:14:29.265, 19716, 33, 2625, 163.08, 5
2026/10/03 11:14:29.315, 19716, 33, 2625, 163.08, 5
2026/10/03 11:14:29.366, 19716, 33, 2632, 155.18, 5
2026/10/03 11:14:29.416, 19716, 33, 2632, 155.18, 5
2026/10/03 11:14:29.466, 19736, 33, 2632, 155.18, 5
2026/10/03 11:14:29.517, 19736, 33, 2632, 155.18, 5
2026/10/03 11:14:29.567, 19738, 33, 2632, 155.18, 5
2026/10/03 11:14:29.617, 19738, 33, 2632, 155.18, 5
2026/10/03 11:14:29.667, 19738, 33, 2632, 155.18, 5
2026/10/03 11:14:29.718, 19758, 33, 2632, 155.18, 5
2026/10/03 11:14:29.768, 19758, 33, 2632, 155.18, 5
2026/10/03 11:14:29.818, 19758, 33, 2632, 155.18, 5
2026/10/03 11:14:29.868, 19758, 32, 2640, 162.23, 5
2026/10/03 11:14:29.918, 19758, 32, 2640, 162.23, 5
2026/10/03 11:14:29.969, 20118, 32, 2640, 162.23, 5
2026/10/03 11:14:30.019, 20118, 32, 2640, 162.23, 5
2026/10/03 11:14:30.069, 20118, 32, 2640, 162.23, 5
2026/10/03 11:14:30.120, 20118, 32, 2640, 162.23, 5
2026/10/03 11:14:30.170, 20118, 32, 2640, 162.23, 5
2026/10/03 11:14:30.220, 20118, 32, 2640, 162.23, 5
2026/10/03 11:14:30.270, 20118, 32, 2640, 162.23, 5
2026/10/03 11:14:30.321, 20118, 32, 2640, 162.23, 5
2026/10/03 11:14:30.371, 20118, 32, 2655, 173.83, 5
2026/10/03 11:14:30.421, 20118, 32, 2655, 173.83, 5
2026/10/03 11:14:30.472, 20118, 32, 2655, 173.83, 5
2026/10/03 11:14:30.522, 20118, 32, 2655, 173.83, 5
2026/10/03 11:14:30.572, 20118, 32, 2655, 173.83, 5
2026/10/03 11:14:30.623, 20118, 32, 2655, 173.83, 5
2026/10/03 11:14:30.673, 20118, 32, 2655, 173.83, 5
2026/10/03 11:14:30.724, 20118, 32, 2655, 173.83, 5
2026/10/03 11:14:30.774, 20118, 32, 2655, 173.83, 5
2026/10/03 11:14:30.824, 20118, 32, 2670, 164.25, 5
2026/10/03 11:14:30.874, 20118, 32, 2670, 164.25, 5
2026/10/03 11:14:30.925, 20118, 32, 2670, 164.25, 5
2026/10/03 11:14:30.975, 20118, 32, 2670, 164.25, 5
2026/10/03 11:14:31.025, 20118, 32, 2670, 164.25, 5
2026/10/03 11:14:31.075, 20118, 32, 2670, 164.25, 5
2026/10/03 11:14:31.126, 20118, 32, 2670, 164.25, 5
2026/10/03 11:14:31.176, 20118, 32, 2670, 164.25, 5
2026/10/03 11:14:31.226, 20118, 32, 2670, 164.25, 5
2026/10/03 11:14:31.276, 20118, 32, 2670, 164.25, 5
2026/10/03 11:14:31.327, 20118, 32, 2655, 156.37, 5
2026/10/03 11:14:31.377, 20118, 32, 2655, 156.37, 5
2026/10/03 11:14:31.428, 20118, 32, 2655, 156.37, 5
2026/10/03 11:14:31.478, 20118, 32, 2655, 156.37, 5
2026/10/03 11:14:31.528, 20118, 32, 2655, 156.37, 5
2026/10/03 11:14:31.578, 20118, 32, 2655, 156.37, 5
2026/10/03 11:14:31.628, 20118, 32, 2655, 156.37, 5
2026/10/03 11:14:31.679, 20118, 32, 2655, 156.37, 5
2026/10/03 11:14:31.729, 20118, 32, 2655, 156.37, 5
2026/10/03 11:14:31.780, 20118, 32, 2655, 156.37, 5
2026/10/03 11:14:31.830, 20118, 30, 2655, 158.44, 5
2026/10/03 11:14:31.880, 20118, 30, 2655, 158.44, 5
2026/10/03 11:14:31.930, 20118, 30, 2655, 158.44, 5
2026/10/03 11:14:31.981, 20118, 30, 2655, 158.44, 5
2026/10/03 11:14:32.031, 20118, 30, 2655, 158.44, 5
2026/10/03 11:14:32.081, 20118, 30, 2655, 158.44, 5
2026/10/03 11:14:32.132, 20118, 30, 2655, 158.44, 5
2026/10/03 11:14:32.182, 20118, 30, 2655, 158.44, 5
2026/10/03 11:14:32.232, 20118, 30, 2655, 158.44, 5
2026/10/03 11:14:32.282, 20118, 30, 2655, 158.44, 5
2026/10/03 11:14:32.333, 20118, 30, 2685, 171.51, 5
2026/10/03 11:14:32.383, 20118, 30, 2685, 171.51, 5
2026/10/03 11:14:32.434, 20118, 30, 2685, 171.51, 5
2026/10/03 11:14:32.484, 20118, 30, 2685, 171.51, 5
2026/10/03 11:14:32.534, 20118, 30, 2685, 171.51, 5
2026/10/03 11:14:32.584, 20118, 30, 2685, 171.51, 5
2026/10/03 11:14:32.634, 20118, 30, 2685, 171.51, 5
2026/10/03 11:14:32.685, 20118, 30, 2685, 171.51, 5
2026/10/03 11:14:32.735, 20118, 30, 2685, 171.51, 5
2026/10/03 11:14:32.785, 20118, 30, 2685, 171.51, 5
2026/10/03 11:14:32.835, 20118, 31, 2640, 181.85, 5
2026/10/03 11:14:32.886, 20118, 31, 2640, 181.85, 5
2026/10/03 11:14:32.936, 20118, 31, 2640, 181.85, 5
2026/10/03 11:14:32.986, 20118, 31, 2640, 181.85, 5
2026/10/03 11:14:33.036, 20118, 31, 2640, 181.85, 5
2026/10/03 11:14:33.087, 20118, 31, 2640, 181.85, 5
2026/10/03 11:14:33.137, 20118, 31, 2640, 181.85, 5
2026/10/03 11:14:33.188, 20118, 31, 2640, 181.85, 5
2026/10/03 11:14:33.238, 20118, 31, 2640, 181.85, 5
2026/10/03 11:14:33.289, 20118, 31, 2640, 181.85, 5
2026/10/03 11:14:33.339, 20118, 31, 2692, 182.46, 5
2026/10/03 11:14:33.389, 20118, 31, 2692, 182.46, 5
2026/10/03 11:14:33.439, 20118, 31, 2692, 182.46, 5
2026/10/03 11:14:33.490, 20118, 31, 2692, 182.46, 5
2026/10/03 11:14:33.540, 20118, 31, 2692, 182.46, 5
2026/10/03 11:14:33.590, 20118, 31, 2692, 182.46, 5
2026/10/03 11:14:33.641, 20118, 31, 2692, 182.46, 5
2026/10/03 11:14:33.691, 20118, 31, 2692, 182.46, 5
2026/10/03 11:14:33.741, 20118, 31, 2692, 182.46, 5
2026/10/03 11:14:33.792, 20118, 31, 2692, 182.46, 5
2026/10/03 11:14:33.842, 20118, 35, 2722, 165.61, 5
2026/10/03 11:14:33.892, 20118, 35, 2722, 165.61, 5
2026/10/03 11:14:33.942, 20118, 35, 2722, 165.61, 5
2026/10/03 11:14:33.992, 20118, 35, 2722, 165.61, 5
2026/10/03 11:14:34.043, 20118, 35, 2722, 165.61, 5
2026/10/03 11:14:34.093, 20118, 35, 2722, 165.61, 5
2026/10/03 11:14:34.143, 20118, 35, 2722, 165.61, 5
2026/10/03 11:14:34.193, 20118, 35, 2722, 165.61, 5
2026/10/03 11:14:34.244, 20118, 35, 2722, 165.61, 5
2026/10/03 11:14:34.294, 20118, 35, 2722, 165.61, 5
2026/10/03 11:14:34.344, 20118, 35, 2662, 160.64, 5
2026/10/03 11:14:34.394, 20118, 35, 2662, 160.64, 5
2026/10/03 11:14:34.445, 20118, 35, 2662, 160.64, 5
2026/10/03 11:14:34.495, 20118, 35, 2662, 160.64, 5
2026/10/03 11:14:34.545, 20118, 35, 2662, 160.64, 5
2026/10/03 11:14:34.595, 20118, 35, 2662, 160.64, 5
2026/10/03 11:14:34.646, 20118, 35, 2662, 160.64, 5
2026/10/03 11:14:34.696, 20118, 35, 2662, 160.64, 5
2026/10/03 11:14:34.746, 20118, 35, 2662, 160.64, 5
2026/10/03 11:14:34.796, 20118, 35, 2662, 160.64, 5
2026/10/03 11:14:34.847, 20118, 37, 2662, 172.21, 5
2026/10/03 11:14:34.897, 20118, 37, 2662, 172.21, 5
2026/10/03 11:14:34.947, 20118, 37, 2662, 172.21, 5
2026/10/03 11:14:34.998, 20118, 37, 2662, 172.21, 5
2026/10/03 11:14:35.048, 20118, 37, 2662, 172.21, 5
2026/10/03 11:14:35.098, 20118, 37, 2662, 172.21, 5
2026/10/03 11:14:35.149, 20118, 37, 2662, 172.21, 5
2026/10/03 11:14:35.199, 20118, 37, 2662, 172.21, 5
2026/10/03 11:14:35.249, 20118, 37, 2662, 172.21, 5
2026/10/03 11:14:35.300, 20118, 37, 2662, 172.21, 5
2026/10/03 11:14:35.350, 20118, 37, 2655, 155.93, 5
2026/10/03 11:14:35.400, 20118, 37, 2655, 155.93, 5
2026/10/03 11:14:35.451, 20118, 37, 2655, 155.93, 5
2026/10/03 11:14:35.501, 20118, 37, 2655, 155.93, 5
2026/10/03 11:14:35.551, 20118, 37, 2655, 155.93, 5
2026/10/03 11:14:35.602, 20118, 37, 2655, 155.93, 5
2026/10/03 11:14:35.652, 20118, 37, 2655, 155.93, 5
2026/10/03 11:14:35.702, 20118, 37, 2655, 155.93, 5
2026/10/03 11:14:35.752, 20118, 37, 2655, 155.93, 5
2026/10/03 11:14:35.803, 20118, 37, 2655, 155.93, 5
2026/10/03 11:14:35.853, 20118, 33, 2662, 180.69, 5
2026/10/03 11:14:35.904, 20118, 33, 2662, 180.69, 5
2026/10/03 11:14:35.954, 20118, 33, 2662, 180.69, 5
2026/10/03 11:14:36.004, 20118, 33, 2662, 180.69, 5
2026/10/03 11:14:36.054, 20118, 33, 2662, 180.69, 5
2026/10/03 11:14:36.105, 20118, 33, 2662, 180.69, 5
2026/10/03 11:14:36.155, 20118, 33, 2662, 180.69, 5
2026/10/03 11:14:36.205, 20118, 33, 2662, 180.69, 5
2026/10/03 11:14:36.255, 20118, 33, 2662, 180.69, 5
2026/10/03 11:14:36.305, 20118, 33, 2662, 180.69, 5
2026/10/03 11:14:36.356, 20118, 33, 2677, 182.28, 5
2026/10/03 11:14:36.406, 20118, 33, 2677, 182.28, 5
2026/10/03 11:14:36.457, 20118, 33, 2677, 182.28, 5
2026/10/03 11:14:36.507, 20118, 33, 2677, 182.28, 5
2026/10/03 11:14:36.557, 20118, 33, 2677, 182.28, 5
2026/10/03 11:14:36.608, 20118, 33, 2677, 182.28, 5
2026/10/03 11:14:36.658, 20118, 33, 2677, 182.28, 5
2026/10/03 11:14:36.708, 20118, 33, 2677, 182.28, 5
2026/10/03 11:14:36.758, 20118, 33, 2677, 182.28, 5
2026/10/03 11:14:36.808, 20118, 33, 2677, 182.28, 5
2026/10/03 11:14:36.859, 20118, 37, 2685, 167.75, 5
2026/10/03 11:14:36.909, 20118, 37, 2685, 167.75, 5
2026/10/03 11:14:36.960, 20118, 37, 2685, 167.75, 5
2026/10/03 11:14:37.010, 20118, 37, 2685, 167.75, 5
2026/10/03 11:14:37.060, 20118, 37, 2685, 167.75, 5
2026/10/03 11:14:37.111, 20118, 37, 2685, 167.75, 5
2026/10/03 11:14:37.161, 20118, 37, 2685, 167.75, 5
2026/10/03 11:14:37.211, 20118, 37, 2685, 167.75, 5
2026/10/03 11:14:37.262, 20118, 37, 2685, 167.75, 5
2026/10/03 11:14:37.312, 20118, 37, 2685, 167.75, 5
2026/10/03 11:14:37.362, 20118, 37, 2677, 154.42, 5
2026/10/03 11:14:37.412, 20118, 37, 2677, 154.42, 5
2026/10/03 11:14:37.462, 20118, 37, 2677, 154.42, 5
2026/10/03 11:14:37.513, 20118, 37, 2677, 154.42, 5
2026/10/03 11:14:37.563, 20118, 37, 2677, 154.42, 5
2026/10/03 11:14:37.614, 20118, 37, 2677, 154.42, 5
2026/10/03 11:14:37.664, 20118, 37, 2677, 154.42, 5
2026/10/03 11:14:37.715, 20118, 37, 2677, 154.42, 5
2026/10/03 11:14:37.765, 20118, 37, 2677, 154.42, 5
2026/10/03 11:14:37.815, 20118, 37, 2677, 154.42, 5
2026/10/03 11:14:37.865, 20118, 29, 2647, 169.74, 5
2026/10/03 11:14:37.916, 20118, 29, 2647, 169.74, 5
2026/10/03 11:14:37.967, 20118, 29, 2647, 169.74, 5
2026/10/03 11:14:38.017, 20118, 29, 2647, 169.74, 5
2026/10/03 11:14:38.068, 20118, 29, 2647, 169.74, 5
2026/10/03 11:14:38.118, 20118, 29, 2647, 169.74, 5
2026/10/03 11:14:38.168, 20118, 29, 2647, 169.74, 5
2026/10/03 11:14:38.218, 20118, 29, 2647, 169.74, 5
2026/10/03 11:14:38.269, 20118, 29, 2647, 169.74, 5
2026/10/03 11:14:38.319, 20118, 29, 2647, 169.74, 5
2026/10/03 11:14:38.369, 20118, 29, 2640, 193.73, 5
2026/10/03 11:14:38.419, 20118, 29, 2640, 193.73, 5
2026/10/03 11:14:38.470, 20118, 29, 2640, 193.73, 5
2026/10/03 11:14:38.520, 20118, 29, 2640, 193.73, 5
2026/10/03 11:14:38.570, 20118, 29, 2640, 193.73, 5
2026/10/03 11:14:38.620, 20118, 29, 2640, 193.73, 5
2026/10/03 11:14:38.671, 20118, 29, 2640, 193.73, 5
2026/10/03 11:14:38.721, 20118, 29, 2640, 193.73, 5
2026/10/03 11:14:38.771, 20118, 29, 2640, 193.73, 5
2026/10/03 11:14:38.821, 20118, 29, 2640, 193.73, 5
2026/10/03 11:14:38.872, 20118, 35, 2692, 162.29, 5
2026/10/03 11:14:38.922, 20118, 35, 2692, 162.29, 5
2026/10/03 11:14:38.972, 20118, 35, 2692, 162.29, 5
2026/10/03 11:14:39.022, 20118, 35, 2692, 162.29, 5
2026/10/03 11:14:39.072, 20118, 35, 2692, 162.29, 5
2026/10/03 11:14:39.123, 20118, 35, 2692, 162.29, 5
2026/10/03 11:14:39.173, 20118, 35, 2692, 162.29, 5
2026/10/03 11:14:39.223, 20118, 35, 2692, 162.29, 5
2026/10/03 11:14:39.273, 20118, 35, 2692, 162.29, 5
2026/10/03 11:14:39.324, 20118, 35, 2692, 162.29, 5
2026/10/03 11:14:39.374, 20118, 35, 2655, 180.36, 5
2026/10/03 11:14:39.424, 20118, 35, 2655, 180.36, 5
2026/10/03 11:14:39.474, 20118, 35, 2655, 180.36, 5
2026/10/03 11:14:39.525, 20118, 35, 2655, 180.36, 5
2026/10/03 11:14:39.575, 20118, 35, 2655, 180.36, 5
2026/10/03 11:14:39.625, 20118, 35, 2655, 180.36, 5
2026/10/03 11:14:39.676, 20118, 35, 2655, 180.36, 5
2026/10/03 11:14:39.726, 20118, 35, 2655, 180.36, 5
2026/10/03 11:14:39.776, 20118, 35, 2655, 180.36, 5
2026/10/03 11:14:39.827, 20118, 37, 2677, 174.68, 5
2026/10/03 11:14:39.877, 20118, 37, 2677, 174.68, 5
2026/10/03 11:14:39.927, 20118, 37, 2677, 174.68, 5
2026/10/03 11:14:39.978, 20118, 37, 2677, 174.68, 5
2026/10/03 11:14:40.028, 20118, 37, 2677, 174.68, 5
2026/10/03 11:14:40.078, 20118, 37, 2677, 174.68, 5
2026/10/03 11:14:40.128, 20118, 37, 2677, 174.68, 5
2026/10/03 11:14:40.179, 20118, 37, 2677, 174.68, 5
2026/10/03 11:14:40.229, 20118, 37, 2677, 174.68, 5
2026/10/03 11:14:40.280, 20118, 37, 2677, 174.68, 5
2026/10/03 11:14:40.330, 20118, 37, 2655, 152.18, 5
2026/10/03 11:14:40.380, 20118, 37, 2655, 152.18, 5
2026/10/03 11:14:40.430, 20118, 37, 2655, 152.18, 5
2026/10/03 11:14:40.481, 20118, 37, 2655, 152.18, 5
2026/10/03 11:14:40.531, 20118, 37, 2655, 152.18, 5
2026/10/03 11:14:40.581, 20118, 37, 2655, 152.18, 5
2026/10/03 11:14:40.631, 20118, 37, 2655, 152.18, 5
2026/10/03 11:14:40.681, 20118, 37, 2655, 152.18, 5
2026/10/03 11:14:40.732, 20118, 37, 2655, 152.18, 5
2026/10/03 11:14:40.782, 20118, 37, 2655, 152.18, 5
2026/10/03 11:14:40.832, 20118, 29, 2647, 170.34, 5
2026/10/03 11:14:40.882, 20118, 29, 2647, 170.34, 5
2026/10/03 11:14:40.933, 20118, 29, 2647, 170.34, 5
2026/10/03 11:14:40.983, 20118, 29, 2647, 170.34, 5
2026/10/03 11:14:41.034, 20118, 29, 2647, 170.34, 5
2026/10/03 11:14:41.084, 20118, 29, 2647, 170.34, 5
2026/10/03 11:14:41.134, 20118, 29, 2647, 170.34, 5
2026/10/03 11:14:41.185, 20118, 29, 2647, 170.34, 5
2026/10/03 11:14:41.235, 20118, 29, 2647, 170.34, 5
2026/10/03 11:14:41.285, 20118, 29, 2647, 170.34, 5
2026/10/03 11:14:41.335, 20118, 29, 2685, 180.68, 5
2026/10/03 11:14:41.386, 20118, 29, 2685, 180.68, 5
2026/10/03 11:14:41.436, 20118, 29, 2685, 180.68, 5
2026/10/03 11:14:41.487, 20118, 29, 2685, 180.68, 5
2026/10/03 11:14:41.537, 20118, 29, 2685, 180.68, 5
2026/10/03 11:14:41.588, 20118, 29, 2685, 180.68, 5
2026/10/03 11:14:41.638, 20118, 29, 2685, 180.68, 5
2026/10/03 11:14:41.688, 20118, 29, 2685, 180.68, 5
2026/10/03 11:14:41.738, 20118, 29, 2685, 180.68, 5
2026/10/03 11:14:41.789, 20118, 29, 2685, 180.68, 5
2026/10/03 11:14:41.839, 20118, 31, 2677, 160.59, 5
2026/10/03 11:14:41.890, 20118, 31, 2677, 160.59, 5
2026/10/03 11:14:41.940, 20118, 31, 2677, 160.59, 5
2026/10/03 11:14:41.990, 20118, 31, 2677, 160.59, 5
2026/10/03 11:14:42.041, 20118, 31, 2677, 160.59, 5
2026/10/03 11:14:42.091, 20118, 31, 2677, 160.59, 5
2026/10/03 11:14:42.142, 20118, 31, 2677, 160.59, 5
2026/10/03 11:14:42.192, 20118, 31, 2677, 160.59, 5
2026/10/03 11:14:42.242, 20118, 31, 2677, 160.59, 5
2026/10/03 11:14:42.292, 20118, 31, 2677, 160.59, 5
2026/10/03 11:14:42.343, 20118, 31, 2647, 153.25, 5
2026/10/03 11:14:42.393, 20118, 31, 2647, 153.25, 5
2026/10/03 11:14:42.443, 20118, 31, 2647, 153.25, 5
2026/10/03 11:14:42.493, 20118, 31, 2647, 153.25, 5
2026/10/03 11:14:42.544, 20118, 31, 2647, 153.25, 5
2026/10/03 11:14:42.594, 20118, 31, 2647, 153.25, 5
2026/10/03 11:14:42.644, 20118, 31, 2647, 153.25, 5
2026/10/03 11:14:42.694, 20118, 31, 2647, 153.25, 5
2026/10/03 11:14:42.744, 20118, 31, 2647, 153.25, 5
2026/10/03 11:14:42.795, 20118, 31, 2647, 153.25, 5
2026/10/03 11:14:42.845, 20118, 29, 2647, 164.18, 5
2026/10/03 11:14:42.896, 20118, 29, 2647, 164.18, 5
2026/10/03 11:14:42.946, 20118, 29, 2647, 164.18, 5
2026/10/03 11:14:42.996, 20118, 29, 2647, 164.18, 5
2026/10/03 11:14:43.047, 20118, 29, 2647, 164.18, 5
2026/10/03 11:14:43.097, 20118, 29, 2647, 164.18, 5
2026/10/03 11:14:43.147, 20118, 29, 2647, 164.18, 5
2026/10/03 11:14:43.197, 20118, 29, 2647, 164.18, 5
2026/10/03 11:14:43.247, 20118, 29, 2647, 164.18, 5
2026/10/03 11:14:43.298, 20118, 29, 2647, 164.18, 5
2026/10/03 11:14:43.348, 20118, 29, 2662, 183.10, 5
2026/10/03 11:14:43.398, 20118, 29, 2662, 183.10, 5
2026/10/03 11:14:43.448, 20118, 29, 2662, 183.10, 5
2026/10/03 11:14:43.499, 20118, 29, 2662, 183.10, 5
2026/10/03 11:14:43.549, 20118, 29, 2662, 183.10, 5
2026/10/03 11:14:43.600, 20118, 29, 2662, 183.10, 5
2026/10/03 11:14:43.650, 20118, 29, 2662, 183.10, 5
2026/10/03 11:14:43.700, 20118, 29, 2662, 183.10, 5
2026/10/03 11:14:43.750, 20118, 29, 2662, 183.10, 5
2026/10/03 11:14:43.801, 20118, 29, 2662, 183.10, 5
2026/10/03 11:14:43.851, 20118, 39, 2662, 190.65, 5
2026/10/03 11:14:43.901, 20118, 39, 2662, 190.65, 5
2026/10/03 11:14:43.952, 20118, 39, 2662, 190.65, 5
2026/10/03 11:14:44.002, 20118, 39, 2662, 190.65, 5
2026/10/03 11:14:44.053, 20118, 39, 2662, 190.65, 5
2026/10/03 11:14:44.103, 20118, 39, 2662, 190.65, 5
2026/10/03 11:14:44.153, 20118, 39, 2662, 190.65, 5
2026/10/03 11:14:44.203, 20118, 39, 2662, 190.65, 5
2026/10/03 11:14:44.254, 20118, 39, 2662, 190.65, 5
2026/10/03 11:14:44.304, 20118, 39, 2662, 190.65, 5
2026/10/03 11:14:44.355, 20118, 39, 2655, 174.47, 5
2026/10/03 11:14:44.405, 20118, 39, 2655, 174.47, 5
2026/10/03 11:14:44.455, 20118, 39, 2655, 174.47, 5
2026/10/03 11:14:44.505, 20118, 39, 2655, 174.47, 5
2026/10/03 11:14:44.556, 20118, 39, 2655, 174.47, 5
2026/10/03 11:14:44.606, 20118, 39, 2655, 174.47, 5
2026/10/03 11:14:44.656, 20118, 39, 2655, 174.47, 5
2026/10/03 11:14:44.706, 20118, 39, 2655, 174.47, 5
2026/10/03 11:14:44.757, 20118, 39, 2655, 174.47, 5
2026/10/03 11:14:44.807, 20118, 39, 2655, 174.47, 5
2026/10/03 11:14:44.858, 20118, 35, 2670, 163.73, 5
2026/10/03 11:14:44.908, 20118, 35, 2670, 163.73, 5
2026/10/03 11:14:44.958, 20118, 35, 2670, 163.73, 5
2026/10/03 11:14:45.009, 20118, 35, 2670, 163.73, 5
2026/10/03 11:14:45.059, 20118, 35, 2670, 163.73, 5
2026/10/03 11:14:45.109, 20118, 35, 2670, 163.73, 5
2026/10/03 11:14:45.159, 20118, 35, 2670, 163.73, 5
2026/10/03 11:14:45.210, 20118, 35, 2670, 163.73, 5
2026/10/03 11:14:45.260, 20118, 35, 2670, 163.73, 5
2026/10/03 11:14:45.310, 20118, 35, 2670, 163.73, 5
2026/10/03 11:14:45.361, 20118, 35, 2662, 157.90, 5
2026/10/03 11:14:45.411, 20118, 35, 2662, 157.90, 5
2026/10/03 11:14:45.461, 20118, 35, 2662, 157.90, 5
2026/10/03 11:14:45.511, 20118, 35, 2662, 157.90, 5
2026/10/03 11:14:45.562, 20118, 35, 2662, 157.90, 5
2026/10/03 11:14:45.612, 20118, 35, 2662, 157.90, 5
2026/10/03 11:14:45.662, 20118, 35, 2662, 157.90, 5
2026/10/03 11:14:45.712, 20118, 35, 2662, 157.90, 5
2026/10/03 11:14:45.763, 20118, 35, 2662, 157.90, 5
2026/10/03 11:14:45.813, 20118, 35, 2662, 157.90, 5
2026/10/03 11:14:45.864, 20118, 31, 2677, 174.86, 5
2026/10/03 11:14:45.914, 20118, 31, 2677, 174.86, 5
2026/10/03 11:14:45.964, 20118, 31, 2677, 174.86, 5
2026/10/03 11:14:46.014, 20118, 31, 2677, 174.86, 5
2026/10/03 11:14:46.065, 20118, 31, 2677, 174.86, 5
2026/10/03 11:14:46.115, 20118, 31, 2677, 174.86, 5
2026/10/03 11:14:46.165, 20118, 31, 2677, 174.86, 5
2026/10/03 11:14:46.215, 20118, 31, 2677, 174.86, 5
2026/10/03 11:14:46.266, 20118, 31, 2677, 174.86, 5
2026/10/03 11:14:46.316, 20118, 31, 2677, 174.86, 5
2026/10/03 11:14:46.366, 20118, 31, 2670, 169.37, 5
2026/10/03 11:14:46.416, 20118, 31, 2670, 169.37, 5
2026/10/03 11:14:46.467, 20118, 31, 2670, 169.37, 5
2026/10/03 11:14:46.517, 20118, 31, 2670, 169.37, 5
2026/10/03 11:14:46.567, 20118, 31, 2670, 169.37, 5
2026/10/03 11:14:46.617, 20118, 31, 2670, 169.37, 5
2026/10/03 11:14:46.668, 20118, 31, 2670, 169.37, 5
2026/10/03 11:14:46.718, 20118, 31, 2670, 169.37, 5
2026/10/03 11:14:46.768, 20118, 31, 2670, 169.37, 5
2026/10/03 11:14:46.818, 20118, 31, 2670, 169.37, 5
2026/10/03 11:14:46.869, 20118, 30, 2655, 173.03, 5
2026/10/03 11:14:46.919, 20118, 30, 2655, 173.03, 5
2026/10/03 11:14:46.969, 20118, 30, 2655, 173.03, 5
2026/10/03 11:14:47.019, 20118, 30, 2655, 173.03, 5
2026/10/03 11:14:47.070, 20118, 30, 2655, 173.03, 5
2026/10/03 11:14:47.120, 20118, 30, 2655, 173.03, 5
2026/10/03 11:14:47.170, 20118, 30, 2655, 173.03, 5
2026/10/03 11:14:47.220, 20118, 30, 2655, 173.03, 5
2026/10/03 11:14:47.271, 20118, 30, 2655, 173.03, 5
2026/10/03 11:14:47.321, 20118, 30, 2655, 173.03, 5
2026/10/03 11:14:47.371, 20118, 30, 2662, 162.58, 5
2026/10/03 11:14:47.421, 20118, 30, 2662, 162.58, 5
2026/10/03 11:14:47.472, 20118, 30, 2662, 162.58, 5
2026/10/03 11:14:47.522, 20118, 30, 2662, 162.58, 5
2026/10/03 11:14:47.572, 20118, 30, 2662, 162.58, 5
2026/10/03 11:14:47.622, 20118, 30, 2662, 162.58, 5
2026/10/03 11:14:47.672, 20118, 30, 2662, 162.58, 5
2026/10/03 11:14:47.723, 20118, 30, 2662, 162.58, 5
2026/10/03 11:14:47.773, 20118, 30, 2662, 162.58, 5
2026/10/03 11:14:47.824, 20118, 30, 2662, 162.58, 5
2026/10/03 11:14:47.874, 20118, 26, 2640, 155.44, 5
2026/10/03 11:14:47.924, 20118, 26, 2640, 155.44, 5
2026/10/03 11:14:47.975, 20118, 26, 2640, 155.44, 5
2026/10/03 11:14:48.025, 20118, 26, 2640, 155.44, 5
2026/10/03 11:14:48.076, 20118, 26, 2640, 155.44, 5
2026/10/03 11:14:48.126, 20118, 26, 2640, 155.44, 5
2026/10/03 11:14:48.176, 20118, 26, 2640, 155.44, 5
2026/10/03 11:14:48.226, 20118, 26, 2640, 155.44, 5
2026/10/03 11:14:48.277, 20118, 26, 2640, 155.44, 5
2026/10/03 11:14:48.327, 20118, 26, 2647, 173.68, 5
2026/10/03 11:14:48.377, 20118, 26, 2647, 173.68, 5
2026/10/03 11:14:48.428, 20118, 26, 2647, 173.68, 5
2026/10/03 11:14:48.478, 20118, 26, 2647, 173.68, 5
2026/10/03 11:14:48.528, 20118, 26, 2647, 173.68, 5
2026/10/03 11:14:48.579, 20118, 26, 2647, 173.68, 5
2026/10/03 11:14:48.629, 20118, 26, 2647, 173.68, 5
2026/10/03 11:14:48.679, 20118, 26, 2647, 173.68, 5
2026/10/03 11:14:48.729, 20118, 26, 2647, 173.68, 5
2026/10/03 11:14:48.779, 20118, 26, 2647, 173.68, 5
2026/10/03 11:14:48.830, 20118, 35, 2670, 165.67, 5
2026/10/03 11:14:48.880, 20118, 35, 2670, 165.67, 5
2026/10/03 11:14:48.931, 20118, 35, 2670, 165.67, 5
2026/10/03 11:14:48.981, 20118, 35, 2670, 165.67, 5
2026/10/03 11:14:49.031, 20118, 35, 2670, 165.67, 5
2026/10/03 11:14:49.081, 20118, 35, 2670, 165.67, 5
2026/10/03 11:14:49.132, 20118, 35, 2670, 165.67, 5
2026/10/03 11:14:49.182, 20118, 35, 2670, 165.67, 5
2026/10/03 11:14:49.233, 20118, 35, 2670, 165.67, 5
2026/10/03 11:14:49.283, 20118, 35, 2670, 165.67, 5
2026/10/03 11:14:49.333, 20118, 35, 2655, 186.42, 5
2026/10/03 11:14:49.384, 20118, 35, 2655, 186.42, 5
2026/10/03 11:14:49.434, 20118, 35, 2655, 186.42, 5
2026/10/03 11:14:49.485, 20118, 35, 2655, 186.42, 5
2026/10/03 11:14:49.535, 20118, 35, 2655, 186.42, 5
2026/10/03 11:14:49.585, 20118, 35, 2655, 186.42, 5
2026/10/03 11:14:49.635, 20118, 35, 2655, 186.42, 5
2026/10/03 11:14:49.686, 20118, 35, 2655, 186.42, 5
2026/10/03 11:14:49.736, 20118, 35, 2655, 186.42, 5
2026/10/03 11:14:49.786, 20118, 35, 2655, 186.42, 5
2026/10/03 11:14:49.837, 20118, 30, 2662, 169.54, 5
2026/10/03 11:14:49.887, 20118, 30, 2662, 169.54, 5
2026/10/03 11:14:49.937, 20118, 30, 2662, 169.54, 5
2026/10/03 11:14:49.988, 20118, 30, 2662, 169.54, 5
2026/10/03 11:14:50.038, 20118, 30, 2662, 169.54, 5
2026/10/03 11:14:50.089, 20118, 30, 2662, 169.54, 5
2026/10/03 11:14:50.139, 20118, 30, 2662, 169.54, 5
2026/10/03 11:14:50.189, 20118, 30, 2662, 169.54, 5
2026/10/03 11:14:50.240, 20118, 30, 2662, 169.54, 5
2026/10/03 11:14:50.290, 20118, 30, 2662, 169.54, 5
2026/10/03 11:14:50.340, 20118, 30, 2670, 172.55, 5
2026/10/03 11:14:50.390, 20118, 30, 2670, 172.55, 5
2026/10/03 11:14:50.441, 20118, 30, 2670, 172.55, 5
2026/10/03 11:14:50.491, 20118, 30, 2670, 172.55, 5
2026/10/03 11:14:50.541, 20118, 30, 2670, 172.55, 5
2026/10/03 11:14:50.591, 20118, 30, 2670, 172.55, 5
2026/10/03 11:14:50.642, 20118, 30, 2670, 172.55, 5
2026/10/03 11:14:50.692, 20118, 30, 2670, 172.55, 5
2026/10/03 11:14:50.742, 20118, 30, 2670, 172.55, 5
2026/10/03 11:14:50.792, 20118, 30, 2670, 172.55, 5
2026/10/03 11:14:50.843, 20118, 30, 2670, 156.05, 5
2026/10/03 11:14:50.893, 20118, 30, 2670, 156.05, 5
2026/10/03 11:14:50.943, 20118, 30, 2670, 156.05, 5
2026/10/03 11:14:50.993, 20118, 30, 2670, 156.05, 5
2026/10/03 11:14:51.044, 20118, 30, 2670, 156.05, 5
2026/10/03 11:14:51.094, 20118, 30, 2670, 156.05, 5
2026/10/03 11:14:51.144, 20118, 30, 2670, 156.05, 5
2026/10/03 11:14:51.195, 20118, 30, 2670, 156.05, 5
2026/10/03 11:14:51.245, 20118, 30, 2670, 156.05, 5
2026/10/03 11:14:51.295, 20118, 30, 2670, 156.05, 5
2026/10/03 11:14:51.345, 20118, 30, 2647, 179.40, 5
2026/10/03 11:14:51.396, 20118, 30, 2647, 179.40, 5
2026/10/03 11:14:51.446, 20118, 30, 2647, 179.40, 5
2026/10/03 11:14:51.496, 20118, 30, 2647, 179.40, 5
2026/10/03 11:14:51.547, 20118, 30, 2647, 179.40, 5
2026/10/03 11:14:51.597, 20118, 30, 2647, 179.40, 5
2026/10/03 11:14:51.648, 20118, 30, 2647, 179.40, 5
2026/10/03 11:14:51.698, 20118, 30, 2647, 179.40, 5
2026/10/03 11:14:51.748, 20118, 30, 2647, 179.40, 5
2026/10/03 11:14:51.798, 20118, 30, 2647, 179.40, 5
2026/10/03 11:14:51.849, 20118, 36, 2662, 168.72, 5
2026/10/03 11:14:51.899, 20118, 36, 2662, 168.72, 5
2026/10/03 11:14:51.949, 20118, 36, 2662, 168.72, 5
2026/10/03 11:14:51.999, 20118, 36, 2662, 168.72, 5
2026/10/03 11:14:52.050, 20118, 36, 2662, 168.72, 5
2026/10/03 11:14:52.100, 20118, 36, 2662, 168.72, 5
2026/10/03 11:14:52.150, 20118, 36, 2662, 168.72, 5
2026/10/03 11:14:52.200, 20118, 36, 2662, 168.72, 5
2026/10/03 11:14:52.250, 20118, 36, 2662, 168.72, 5
2026/10/03 11:14:52.301, 20118, 36, 2662, 168.72, 5
2026/10/03 11:14:52.351, 20118, 36, 2670, 158.72, 5
2026/10/03 11:14:52.402, 20118, 36, 2670, 158.72, 5
2026/10/03 11:14:52.452, 20118, 36, 2670, 158.72, 5
2026/10/03 11:14:52.502, 20118, 36, 2670, 158.72, 5
2026/10/03 11:14:52.553, 20118, 36, 2670, 158.72, 5
2026/10/03 11:14:52.604, 20118, 36, 2670, 158.72, 5
2026/10/03 11:14:52.654, 20118, 36, 2670, 158.72, 5
2026/10/03 11:14:52.704, 20118, 36, 2670, 158.72, 5
2026/10/03 11:14:52.754, 20118, 36, 2670, 158.72, 5
2026/10/03 11:14:52.805, 20118, 36, 2670, 158.72, 5
2026/10/03 11:14:52.855, 20118, 34, 2685, 186.23, 5
2026/10/03 11:14:52.906, 20118, 34, 2685, 186.23, 5
2026/10/03 11:14:52.956, 20118, 34, 2685, 186.23, 5
2026/10/03 11:14:53.007, 20118, 34, 2685, 186.23, 5
2026/10/03 11:14:53.057, 20118, 34, 2685, 186.23, 5
2026/10/03 11:14:53.107, 20118, 34, 2685, 186.23, 5
2026/10/03 11:14:53.158, 20118, 34, 2685, 186.23, 5
2026/10/03 11:14:53.209, 20118, 34, 2685, 186.23, 5
2026/10/03 11:14:53.259, 20118, 34, 2685, 186.23, 5
2026/10/03 11:14:53.309, 20118, 34, 2685, 186.23, 5
2026/10/03 11:14:53.360, 20118, 34, 2677, 175.06, 5
2026/10/03 11:14:53.410, 20118, 34, 2677, 175.06, 5
2026/10/03 11:14:53.460, 20118, 34, 2677, 175.06, 5
2026/10/03 11:14:53.511, 20118, 34, 2677, 175.06, 5
2026/10/03 11:14:53.561, 20118, 34, 2677, 175.06, 5
2026/10/03 11:14:53.611, 20118, 34, 2677, 175.06, 5
2026/10/03 11:14:53.662, 20118, 34, 2677, 175.06, 5
2026/10/03 11:14:53.712, 20118, 34, 2677, 175.06, 5
2026/10/03 11:14:53.762, 20118, 34, 2677, 175.06, 5
2026/10/03 11:14:53.813, 20118, 34, 2677, 175.06, 5
2026/10/03 11:14:53.863, 20118, 34, 2670, 159.98, 5
2026/10/03 11:14:53.913, 20118, 34, 2670, 159.98, 5
2026/10/03 11:14:53.963, 20118, 34, 2670, 159.98, 5
2026/10/03 11:14:54.014, 20118, 34, 2670, 159.98, 5
2026/10/03 11:14:54.064, 20118, 34, 2670, 159.98, 5
2026/10/03 11:14:54.114, 20118, 34, 2670, 159.98, 5
2026/10/03 11:14:54.165, 20118, 34, 2670, 159.98, 5
2026/10/03 11:14:54.215, 20118, 34, 2670, 159.98, 5
2026/10/03 11:14:54.265, 20118, 34, 2670, 159.98, 5
2026/10/03 11:14:54.316, 20118, 34, 2670, 159.98, 5
2026/10/03 11:14:54.366, 20118, 34, 2655, 152.62, 5
2026/10/03 11:14:54.416, 20118, 34, 2655, 152.62, 5
2026/10/03 11:14:54.466, 20118, 34, 2655, 152.62, 5
2026/10/03 11:14:54.517, 20118, 34, 2655, 152.62, 5
2026/10/03 11:14:54.567, 20118, 34, 2655, 152.62, 5
2026/10/03 11:14:54.618, 20118, 34, 2655, 152.62, 5
2026/10/03 11:14:54.668, 20118, 34, 2655, 152.62, 5
2026/10/03 11:14:54.718, 20118, 34, 2655, 152.62, 5
2026/10/03 11:14:54.769, 20118, 34, 2655, 152.62, 5
2026/10/03 11:14:54.819, 20118, 34, 2655, 152.62, 5
2026/10/03 11:14:54.869, 20118, 30, 2640, 153.87, 5
2026/10/03 11:14:54.919, 20118, 30, 2640, 153.87, 5
2026/10/03 11:14:54.970, 20118, 30, 2640, 153.87, 5
2026/10/03 11:14:55.020, 20118, 30, 2640, 153.87, 5
2026/10/03 11:14:55.070, 20118, 30, 2640, 153.87, 5
2026/10/03 11:14:55.121, 20118, 30, 2640, 153.87, 5
2026/10/03 11:14:55.171, 20118, 30, 2640, 153.87, 5
2026/10/03 11:14:55.222, 20118, 30, 2640, 153.87, 5
2026/10/03 11:14:55.272, 20118, 30, 2640, 153.87, 5
2026/10/03 11:14:55.322, 20118, 30, 2640, 153.87, 5
2026/10/03 11:14:55.372, 20118, 30, 2700, 179.23, 5
2026/10/03 11:14:55.422, 20118, 30, 2700, 179.23, 5
2026/10/03 11:14:55.473, 20118, 30, 2700, 179.23, 5
2026/10/03 11:14:55.523, 20118, 30, 2700, 179.23, 5
2026/10/03 11:14:55.574, 20118, 30, 2700, 179.23, 5
2026/10/03 11:14:55.624, 20118, 30, 2700, 179.23, 5
2026/10/03 11:14:55.674, 20118, 30, 2700, 179.23, 5
2026/10/03 11:14:55.724, 20118, 30, 2700, 179.23, 5
2026/10/03 11:14:55.775, 20118, 30, 2700, 179.23, 5
2026/10/03 11:14:55.825, 20118, 30, 2700, 179.23, 5
2026/10/03 11:14:55.876, 20118, 36, 2707, 173.88, 5
2026/10/03 11:14:55.926, 20118, 36, 2707, 173.88, 5
2026/10/03 11:14:55.976, 20118, 36, 2707, 173.88, 5
2026/10/03 11:14:56.026, 20118, 36, 2707, 173.88, 5
2026/10/03 11:14:56.077, 20118, 36, 2707, 173.88, 5
2026/10/03 11:14:56.127, 20118, 36, 2707, 173.88, 5
2026/10/03 11:14:56.178, 20118, 36, 2707, 173.88, 5
2026/10/03 11:14:56.228, 20118, 36, 2707, 173.88, 5
2026/10/03 11:14:56.278, 20118, 36, 2707, 173.88, 5
2026/10/03 11:14:56.328, 20118, 36, 2677, 176.84, 5
2026/10/03 11:14:56.379, 20118, 36, 2677, 176.84, 5
2026/10/03 11:14:56.430, 20118, 36, 2677, 176.84, 5
2026/10/03 11:14:56.480, 20118, 36, 2677, 176.84, 5
2026/10/03 11:14:56.530, 20118, 36, 2677, 176.84, 5
2026/10/03 11:14:56.580, 20118, 36, 2677, 176.84, 5
2026/10/03 11:14:56.631, 20118, 36, 2677, 176.84, 5
2026/10/03 11:14:56.681, 20118, 36, 2677, 176.84, 5
2026/10/03 11:14:56.731, 20118, 36, 2677, 176.84, 5
2026/10/03 11:14:56.781, 20118, 36, 2677, 176.84, 5
2026/10/03 11:14:56.832, 20118, 35, 2670, 173.82, 5
2026/10/03 11:14:56.882, 20118, 35, 2670, 173.82, 5
2026/10/03 11:14:56.932, 20118, 35, 2670, 173.82, 5
2026/10/03 11:14:56.983, 20118, 35, 2670, 173.82, 5
2026/10/03 11:14:57.033, 20118, 35, 2670, 173.82, 5
2026/10/03 11:14:57.083, 20118, 35, 2670, 173.82, 5
2026/10/03 11:14:57.134, 20118, 35, 2670, 173.82, 5
2026/10/03 11:14:57.184, 20118, 35, 2670, 173.82, 5
2026/10/03 11:14:57.234, 20118, 35, 2670, 173.82, 5
2026/10/03 11:14:57.285, 20118, 35, 2670, 173.82, 5
2026/10/03 11:14:57.335, 20118, 35, 2677, 166.36, 5
2026/10/03 11:14:57.385, 20118, 35, 2677, 166.36, 5
2026/10/03 11:14:57.436, 20118, 35, 2677, 166.36, 5
2026/10/03 11:14:57.486, 20118, 35, 2677, 166.36, 5
2026/10/03 11:14:57.536, 20118, 35, 2677, 166.36, 5
2026/10/03 11:14:57.586, 20118, 35, 2677, 166.36, 5
2026/10/03 11:14:57.636, 20118, 35, 2677, 166.36, 5
2026/10/03 11:14:57.687, 20118, 35, 2677, 166.36, 5
2026/10/03 11:14:57.737, 20118, 35, 2677, 166.36, 5
2026/10/03 11:14:57.787, 20118, 35, 2677, 166.36, 5
2026/10/03 11:14:57.838, 20118, 39, 2677, 178.03, 5
2026/10/03 11:14:57.888, 20118, 39, 2677, 178.03, 5
2026/10/03 11:14:57.938, 20118, 39, 2677, 178.03, 5
2026/10/03 11:14:57.988, 20118, 39, 2677, 178.03, 5
2026/10/03 11:14:58.039, 20118, 39, 2677, 178.03, 5
2026/10/03 11:14:58.089, 20118, 39, 2677, 178.03, 5
2026/10/03 11:14:58.139, 20118, 39, 2677, 178.03, 5
2026/10/03 11:14:58.189, 20118, 39, 2677, 178.03, 5
2026/10/03 11:14:58.240, 20118, 39, 2677, 178.03, 5
2026/10/03 11:14:58.290, 20118, 39, 2677, 178.03, 5
2026/10/03 11:14:58.340, 20118, 39, 2677, 154.36, 5
2026/10/03 11:14:58.390, 20118, 39, 2677, 154.36, 5
2026/10/03 11:14:58.441, 20118, 39, 2677, 154.36, 5
2026/10/03 11:14:58.491, 20118, 39, 2677, 154.36, 5
2026/10/03 11:14:58.541, 20118, 39, 2677, 154.36, 5
2026/10/03 11:14:58.591, 20118, 39, 2677, 154.36, 5
2026/10/03 11:14:58.642, 20118, 39, 2677, 154.36, 5
2026/10/03 11:14:58.692, 20118, 39, 2677, 154.36, 5
2026/10/03 11:14:58.742, 20118, 39, 2677, 154.36, 5
2026/10/03 11:14:58.792, 20118, 39, 2677, 154.36, 5
2026/10/03 11:14:58.843, 20118, 36, 2662, 181.90, 5
2026/10/03 11:14:58.893, 20118, 36, 2662, 181.90, 5
2026/10/03 11:14:58.943, 20118, 36, 2662, 181.90, 5
2026/10/03 11:14:58.993, 20118, 36, 2662, 181.90, 5
2026/10/03 11:14:59.044, 20118, 36, 2662, 181.90, 5
2026/10/03 11:14:59.094, 20118, 36, 2662, 181.90, 5
2026/10/03 11:14:59.144, 20118, 36, 2662, 181.90, 5
2026/10/03 11:14:59.194, 20118, 36, 2662, 181.90, 5
2026/10/03 11:14:59.245, 20118, 36, 2662, 181.90, 5
2026/10/03 11:14:59.295, 20118, 36, 2662, 181.90, 5
2026/10/03 11:14:59.345, 20118, 36, 2670, 155.80, 5
2026/10/03 11:14:59.395, 20118, 36, 2670, 155.80, 5
2026/10/03 11:14:59.446, 20118, 36, 2670, 155.80, 5
2026/10/03 11:14:59.496, 20118, 36, 2670, 155.80, 5
2026/10/03 11:14:59.546, 20118, 36, 2670, 155.80, 5
2026/10/03 11:14:59.596, 20118, 36, 2670, 155.80, 5
2026/10/03 11:14:59.647, 20118, 36, 2670, 155.80, 5
2026/10/03 11:14:59.697, 20118, 36, 2670, 155.80, 5
2026/10/03 11:14:59.747, 20118, 36, 2670, 155.80, 5
2026/10/03 11:14:59.798, 20118, 36, 2670, 155.80, 5
2026/10/03 11:14:59.848, 20118, 38, 2655, 182.57, 5
2026/10/03 11:14:59.899, 20118, 38, 2655, 182.57, 5
2026/10/03 11:14:59.949, 20118, 38, 2655, 182.57, 5
2026/10/03 11:14:59.999, 20118, 38, 2655, 182.57, 5
2026/10/03 11:15:00.049, 20118, 38, 2655, 182.57, 5
2026/10/03 11:15:00.100, 20118, 38, 2655, 182.57, 5
2026/10/03 11:15:00.150, 20118, 38, 2655, 182.57, 5
2026/10/03 11:15:00.200, 20118, 38, 2655, 182.57, 5
2026/10/03 11:15:00.251, 20118, 38, 2655, 182.57, 5
2026/10/03 11:15:00.301, 20118, 38, 2655, 182.57, 5
2026/10/03 11:15:00.351, 20118, 38, 2677, 174.03, 5
2026/10/03 11:15:00.402, 20118, 38, 2677, 174.03, 5
2026/10/03 11:15:00.452, 20118, 38, 2677, 174.03, 5
2026/10/03 11:15:00.502, 20118, 38, 2677, 174.03, 5
2026/10/03 11:15:00.553, 20118, 38, 2677, 174.03, 5
2026/10/03 11:15:00.603, 20118, 38, 2677, 174.03, 5
2026/10/03 11:15:00.653, 20118, 38, 2677, 174.03, 5
2026/10/03 11:15:00.704, 20118, 38, 2677, 174.03, 5
2026/10/03 11:15:00.754, 20118, 38, 2677, 174.03, 5
2026/10/03 11:15:00.804, 20118, 38, 2677, 174.03, 5
2026/10/03 11:15:00.854, 20118, 32, 2655, 178.61, 5
2026/10/03 11:15:00.904, 20118, 32, 2655, 178.61, 5
2026/10/03 11:15:00.955, 20118, 32, 2655, 178.61, 5
2026/10/03 11:15:01.005, 20118, 32, 2655, 178.61, 5
2026/10/03 11:15:01.055, 20118, 32, 2655, 178.61, 5
2026/10/03 11:15:01.106, 20118, 32, 2655, 178.61, 5
2026/10/03 11:15:01.156, 20118, 32, 2655, 178.61, 5
2026/10/03 11:15:01.206, 20118, 32, 2655, 178.61, 5
2026/10/03 11:15:01.257, 20118, 32, 2655, 178.61, 5
2026/10/03 11:15:01.307, 20118, 32, 2655, 178.61, 5
2026/10/03 11:15:01.357, 20118, 32, 2662, 148.67, 5
2026/10/03 11:15:01.408, 20118, 32, 2662, 148.67, 5
2026/10/03 11:15:01.458, 20118, 32, 2662, 148.67, 5
2026/10/03 11:15:01.508, 20118, 32, 2662, 148.67, 5
2026/10/03 11:15:01.559, 20118, 32, 2662, 148.67, 5
2026/10/03 11:15:01.609, 20118, 32, 2662, 148.67, 5
2026/10/03 11:15:01.660, 20118, 32, 2662, 148.67, 5
2026/10/03 11:15:01.710, 20118, 32, 2662, 148.67, 5
2026/10/03 11:15:01.761, 20118, 32, 2662, 148.67, 5
2026/10/03 11:15:01.811, 20118, 32, 2662, 148.67, 5
2026/10/03 11:15:01.861, 20118, 37, 2655, 177.22, 5
2026/10/03 11:15:01.911, 20118, 37, 2655, 177.22, 5
2026/10/03 11:15:01.961, 20118, 37, 2655, 177.22, 5
2026/10/03 11:15:02.012, 20118, 37, 2655, 177.22, 5
2026/10/03 11:15:02.062, 20118, 37, 2655, 177.22, 5
2026/10/03 11:15:02.113, 20118, 37, 2655, 177.22, 5
2026/10/03 11:15:02.163, 20118, 37, 2655, 177.22, 5
2026/10/03 11:15:02.213, 20118, 37, 2655, 177.22, 5
2026/10/03 11:15:02.263, 20118, 37, 2655, 177.22, 5
2026/10/03 11:15:02.314, 20118, 37, 2655, 177.22, 5
2026/10/03 11:15:02.364, 20118, 37, 2662, 156.38, 5
2026/10/03 11:15:02.414, 20118, 37, 2662, 156.38, 5
2026/10/03 11:15:02.464, 20118, 37, 2662, 156.38, 5
2026/10/03 11:15:02.515, 20118, 37, 2662, 156.38, 5
2026/10/03 11:15:02.565, 20118, 37, 2662, 156.38, 5
2026/10/03 11:15:02.615, 20118, 37, 2662, 156.38, 5
2026/10/03 11:15:02.665, 20118, 37, 2662, 156.38, 5
2026/10/03 11:15:02.716, 20118, 37, 2662, 156.38, 5
2026/10/03 11:15:02.766, 20118, 37, 2662, 156.38, 5
2026/10/03 11:15:02.816, 20118, 37, 2662, 156.38, 5
2026/10/03 11:15:02.866, 20118, 29, 2655, 162.14, 5
2026/10/03 11:15:02.916, 20118, 29, 2655, 162.14, 5
2026/10/03 11:15:02.967, 20118, 29, 2655, 162.14, 5
2026/10/03 11:15:03.017, 20118, 29, 2655, 162.14, 5
2026/10/03 11:15:03.067, 20118, 29, 2655, 162.14, 5
2026/10/03 11:15:03.117, 20118, 29, 2655, 162.14, 5
2026/10/03 11:15:03.168, 20118, 29, 2655, 162.14, 5
2026/10/03 11:15:03.218, 20118, 29, 2655, 162.14, 5
2026/10/03 11:15:03.268, 20118, 29, 2655, 162.14, 5
2026/10/03 11:15:03.318, 20118, 29, 2655, 162.14, 5
2026/10/03 11:15:03.368, 20118, 29, 2670, 169.53, 5
2026/10/03 11:15:03.419, 20118, 29, 2670, 169.53, 5
2026/10/03 11:15:03.469, 20118, 29, 2670, 169.53, 5
2026/10/03 11:15:03.519, 20118, 29, 2670, 169.53, 5
2026/10/03 11:15:03.569, 20118, 29, 2670, 169.53, 5
2026/10/03 11:15:03.620, 20118, 29, 2670, 169.53, 5
2026/10/03 11:15:03.670, 20118, 29, 2670, 169.53, 5
2026/10/03 11:15:03.720, 20118, 29, 2670, 169.53, 5
2026/10/03 11:15:03.770, 20118, 29, 2670, 169.53, 5
2026/10/03 11:15:03.821, 20118, 29, 2670, 169.53, 5
2026/10/03 11:15:03.871, 20118, 29, 2647, 163.62, 5
2026/10/03 11:15:03.921, 20118, 29, 2647, 163.62, 5
2026/10/03 11:15:03.971, 20118, 29, 2647, 163.62, 5
2026/10/03 11:15:04.022, 20118, 29, 2647, 163.62, 5
2026/10/03 11:15:04.072, 20118, 29, 2647, 163.62, 5
2026/10/03 11:15:04.122, 20118, 29, 2647, 163.62, 5
2026/10/03 11:15:04.173, 20118, 29, 2647, 163.62, 5
2026/10/03 11:15:04.223, 20118, 29, 2647, 163.62, 5
2026/10/03 11:15:04.273, 20118, 29, 2647, 163.62, 5
2026/10/03 11:15:04.323, 20118, 29, 2647, 163.62, 5
2026/10/03 11:15:04.373, 20118, 29, 2662, 175.44, 5
2026/10/03 11:15:04.424, 20118, 29, 2662, 175.44, 5
2026/10/03 11:15:04.474, 20118, 29, 2662, 175.44, 5
2026/10/03 11:15:04.524, 20118, 29, 2662, 175.44, 5
2026/10/03 11:15:04.574, 20118, 29, 2662, 175.44, 5
2026/10/03 11:15:04.625, 20118, 29, 2662, 175.44, 5
2026/10/03 11:15:04.675, 20118, 29, 2662, 175.44, 5
2026/10/03 11:15:04.726, 20118, 29, 2662, 175.44, 5
2026/10/03 11:15:04.776, 20118, 29, 2662, 175.44, 5
2026/10/03 11:15:04.826, 20118, 29, 2662, 175.44, 5
2026/10/03 11:15:04.876, 20118, 30, 2670, 153.27, 5
2026/10/03 11:15:04.926, 20118, 30, 2670, 153.27, 5
2026/10/03 11:15:04.977, 20118, 30, 2670, 153.27, 5
2026/10/03 11:15:05.027, 20118, 30, 2670, 153.27, 5
2026/10/03 11:15:05.078, 20118, 30, 2670, 153.27, 5
2026/10/03 11:15:05.128, 20118, 30, 2670, 153.27, 5
2026/10/03 11:15:05.178, 20118, 30, 2670, 153.27, 5
2026/10/03 11:15:05.229, 20118, 30, 2670, 153.27, 5
2026/10/03 11:15:05.279, 20118, 30, 2670, 153.27, 5
2026/10/03 11:15:05.329, 20118, 30, 2647, 179.49, 5
2026/10/03 11:15:05.380, 20118, 30, 2647, 179.49, 5
2026/10/03 11:15:05.430, 20118, 30, 2647, 179.49, 5
2026/10/03 11:15:05.481, 20118, 30, 2647, 179.49, 5
2026/10/03 11:15:05.531, 20118, 30, 2647, 179.49, 5
2026/10/03 11:15:05.581, 20118, 30, 2647, 179.49, 5
2026/10/03 11:15:05.631, 20118, 30, 2647, 179.49, 5
2026/10/03 11:15:05.682, 20118, 30, 2647, 179.49, 5
2026/10/03 11:15:05.732, 20118, 30, 2647, 179.49, 5
2026/10/03 11:15:05.782, 20118, 30, 2647, 179.49, 5
2026/10/03 11:15:05.832, 20118, 35, 2662, 173.62, 5
2026/10/03 11:15:05.882, 20118, 35, 2662, 173.62, 5
2026/10/03 11:15:05.933, 20118, 35, 2662, 173.62, 5
2026/10/03 11:15:05.984, 20118, 35, 2662, 173.62, 5
2026/10/03 11:15:06.034, 20118, 35, 2662, 173.62, 5
2026/10/03 11:15:06.084, 20118, 35, 2662, 173.62, 5
2026/10/03 11:15:06.134, 20118, 35, 2662, 173.62, 5
2026/10/03 11:15:06.184, 20118, 35, 2662, 173.62, 5
2026/10/03 11:15:06.235, 20118, 35, 2662, 173.62, 5
2026/10/03 11:15:06.285, 20118, 35, 2662, 173.62, 5
2026/10/03 11:15:06.335, 20118, 35, 2670, 148.97, 5
2026/10/03 11:15:06.385, 20118, 35, 2670, 148.97, 5
2026/10/03 11:15:06.436, 20118, 35, 2670, 148.97, 5
2026/10/03 11:15:06.486, 20118, 35, 2670, 148.97, 5
2026/10/03 11:15:06.536, 20118, 35, 2670, 148.97, 5
2026/10/03 11:15:06.586, 20118, 35, 2670, 148.97, 5
2026/10/03 11:15:06.636, 20118, 35, 2670, 148.97, 5
2026/10/03 11:15:06.687, 20118, 35, 2670, 148.97, 5
2026/10/03 11:15:06.737, 20118, 35, 2670, 148.97, 5
2026/10/03 11:15:06.787, 20118, 35, 2670, 148.97, 5
2026/10/03 11:15:06.838, 20118, 36, 2655, 174.91, 5
2026/10/03 11:15:06.888, 20118, 36, 2655, 174.91, 5
2026/10/03 11:15:06.938, 20118, 36, 2655, 174.91, 5
2026/10/03 11:15:06.988, 20118, 36, 2655, 174.91, 5
2026/10/03 11:15:07.038, 20118, 36, 2655, 174.91, 5
2026/10/03 11:15:07.089, 20118, 36, 2655, 174.91, 5
2026/10/03 11:15:07.139, 20118, 36, 2655, 174.91, 5
2026/10/03 11:15:07.189, 20118, 36, 2655, 174.91, 5
2026/10/03 11:15:07.239, 20118, 36, 2655, 174.91, 5
2026/10/03 11:15:07.290, 20118, 36, 2655, 174.91, 5
2026/10/03 11:15:07.340, 20118, 36, 2655, 146.64, 5
2026/10/03 11:15:07.390, 20118, 36, 2655, 146.64, 5
2026/10/03 11:15:07.440, 20118, 36, 2655, 146.64, 5
2026/10/03 11:15:07.491, 20118, 36, 2655, 146.64, 5
2026/10/03 11:15:07.541, 20118, 36, 2655, 146.64, 5
2026/10/03 11:15:07.591, 20118, 36, 2655, 146.64, 5
2026/10/03 11:15:07.641, 20118, 36, 2655, 146.64, 5
2026/10/03 11:15:07.692, 20118, 36, 2655, 146.64, 5
2026/10/03 11:15:07.742, 20118, 36, 2655, 146.64, 5
2026/10/03 11:15:07.792, 20118, 36, 2655, 146.64, 5
2026/10/03 11:15:07.842, 20118, 35, 2640, 175.74, 5
2026/10/03 11:15:07.893, 20118, 35, 2640, 175.74, 5
2026/10/03 11:15:07.943, 20118, 35, 2640, 175.74, 5
2026/10/03 11:15:07.993, 20118, 35, 2640, 175.74, 5
2026/10/03 11:15:08.044, 20118, 35, 2640, 175.74, 5
2026/10/03 11:15:08.094, 20118, 35, 2640, 175.74, 5
2026/10/03 11:15:08.145, 20118, 35, 2640, 175.74, 5
2026/10/03 11:15:08.195, 20118, 35, 2640, 175.74, 5
2026/10/03 11:15:08.245, 20118, 35, 2640, 175.74, 5
2026/10/03 11:15:08.295, 20118, 35, 2640, 175.74, 5
2026/10/03 11:15:08.346, 20118, 35, 2670, 161.38, 5
2026/10/03 11:15:08.396, 20118, 35, 2670, 161.38, 5
2026/10/03 11:15:08.446, 20118, 35, 2670, 161.38, 5
2026/10/03 11:15:08.496, 20118, 35, 2670, 161.38, 5
2026/10/03 11:15:08.547, 20118, 35, 2670, 161.38, 5
2026/10/03 11:15:08.597, 20118, 35, 2670, 161.38, 5
2026/10/03 11:15:08.647, 20118, 35, 2670, 161.38, 5
2026/10/03 11:15:08.698, 20118, 35, 2670, 161.38, 5
2026/10/03 11:15:08.748, 20118, 35, 2670, 161.38, 5
2026/10/03 11:15:08.798, 20118, 35, 2670, 161.38, 5
2026/10/03 11:15:08.848, 20118, 33, 2655, 157.43, 5
2026/10/03 11:15:08.898, 20118, 33, 2655, 157.43, 5
2026/10/03 11:15:08.949, 20118, 33, 2655, 157.43, 5
2026/10/03 11:15:08.999, 20118, 33, 2655, 157.43, 5
2026/10/03 11:15:09.049, 20118, 33, 2655, 157.43, 5
2026/10/03 11:15:09.099, 20118, 33, 2655, 157.43, 5
2026/10/03 11:15:09.150, 20118, 33, 2655, 157.43, 5
2026/10/03 11:15:09.200, 20118, 33, 2655, 157.43, 5
2026/10/03 11:15:09.250, 20118, 33, 2655, 157.43, 5
2026/10/03 11:15:09.300, 20118, 33, 2655, 157.43, 5
2026/10/03 11:15:09.351, 20118, 33, 2655, 183.35, 5
2026/10/03 11:15:09.401, 20118, 33, 2655, 183.35, 5
2026/10/03 11:15:09.452, 20118, 33, 2655, 183.35, 5
2026/10/03 11:15:09.502, 20118, 33, 2655, 183.35, 5
2026/10/03 11:15:09.553, 20118, 33, 2655, 183.35, 5
2026/10/03 11:15:09.603, 20118, 33, 2655, 183.35, 5
2026/10/03 11:15:09.653, 20118, 33, 2655, 183.35, 5
2026/10/03 11:15:09.704, 20118, 33, 2655, 183.35, 5
2026/10/03 11:15:09.754, 20118, 33, 2655, 183.35, 5
2026/10/03 11:15:09.805, 20118, 33, 2655, 183.35, 5
2026/10/03 11:15:09.855, 20118, 30, 2685, 147.79, 5
2026/10/03 11:15:09.906, 20118, 30, 2685, 147.79, 5
2026/10/03 11:15:09.956, 20118, 30, 2685, 147.79, 5
2026/10/03 11:15:10.006, 20118, 30, 2685, 147.79, 5
2026/10/03 11:15:10.057, 20118, 30, 2685, 147.79, 5
2026/10/03 11:15:10.107, 20118, 30, 2685, 147.79, 5
2026/10/03 11:15:10.157, 20118, 30, 2685, 147.79, 5
2026/10/03 11:15:10.208, 20118, 30, 2685, 147.79, 5
2026/10/03 11:15:10.258, 20118, 30, 2685, 147.79, 5
2026/10/03 11:15:10.309, 20118, 30, 2685, 147.79, 5
2026/10/03 11:15:10.359, 20118, 30, 2655, 180.59, 5
2026/10/03 11:15:10.410, 20118, 30, 2655, 180.59, 5
2026/10/03 11:15:10.460, 20118, 30, 2655, 180.59, 5
2026/10/03 11:15:10.510, 20118, 30, 2655, 180.59, 5
2026/10/03 11:15:10.561, 20118, 30, 2655, 180.59, 5
2026/10/03 11:15:10.611, 20118, 30, 2655, 180.59, 5
2026/10/03 11:15:10.661, 20118, 30, 2655, 180.59, 5
2026/10/03 11:15:10.712, 20118, 30, 2655, 180.59, 5
2026/10/03 11:15:10.762, 20118, 30, 2655, 180.59, 5
2026/10/03 11:15:10.812, 20118, 30, 2655, 180.59, 5
2026/10/03 11:15:10.863, 20118, 30, 2677, 146.17, 5
2026/10/03 11:15:10.913, 20118, 30, 2677, 146.17, 5
2026/10/03 11:15:10.964, 20118, 30, 2677, 146.17, 5
2026/10/03 11:15:11.014, 20118, 30, 2677, 146.17, 5
2026/10/03 11:15:11.064, 20118, 30, 2677, 146.17, 5
2026/10/03 11:15:11.115, 20118, 30, 2677, 146.17, 5
2026/10/03 11:15:11.165, 20118, 30, 2677, 146.17, 5
2026/10/03 11:15:11.215, 20118, 30, 2677, 146.17, 5
2026/10/03 11:15:11.265, 20118, 30, 2677, 146.17, 5
2026/10/03 11:15:11.316, 20118, 30, 2677, 146.17, 5
2026/10/03 11:15:11.366, 20118, 30, 2655, 176.26, 5
2026/10/03 11:15:11.416, 20118, 30, 2655, 176.26, 5
2026/10/03 11:15:11.466, 20118, 30, 2655, 176.26, 5
2026/10/03 11:15:11.517, 20118, 30, 2655, 176.26, 5
2026/10/03 11:15:11.567, 20118, 30, 2655, 176.26, 5
2026/10/03 11:15:11.617, 20118, 30, 2655, 176.26, 5
2026/10/03 11:15:11.668, 20118, 30, 2655, 176.26, 5
2026/10/03 11:15:11.718, 20118, 30, 2655, 176.26, 5
2026/10/03 11:15:11.768, 20118, 30, 2655, 176.26, 5
2026/10/03 11:15:11.818, 20118, 30, 2655, 176.26, 5
2026/10/03 11:15:11.869, 20118, 27, 2662, 149.84, 5
2026/10/03 11:15:11.919, 20118, 27, 2662, 149.84, 5
2026/10/03 11:15:11.969, 20118, 27, 2662, 149.84, 5
2026/10/03 11:15:12.019, 20118, 27, 2662, 149.84, 5
2026/10/03 11:15:12.069, 20118, 27, 2662, 149.84, 5
2026/10/03 11:15:12.120, 20118, 27, 2662, 149.84, 5
2026/10/03 11:15:12.170, 20118, 27, 2662, 149.84, 5
2026/10/03 11:15:12.220, 20118, 27, 2662, 149.84, 5
2026/10/03 11:15:12.270, 20118, 27, 2662, 149.84, 5
2026/10/03 11:15:12.321, 20118, 27, 2662, 149.84, 5
2026/10/03 11:15:12.371, 20118, 27, 2662, 176.38, 5
2026/10/03 11:15:12.421, 20118, 27, 2662, 176.38, 5
2026/10/03 11:15:12.471, 20118, 27, 2662, 176.38, 5
2026/10/03 11:15:12.522, 20118, 27, 2662, 176.38, 5
2026/10/03 11:15:12.572, 20118, 27, 2662, 176.38, 5
2026/10/03 11:15:12.622, 20118, 27, 2662, 176.38, 5
2026/10/03 11:15:12.673, 20118, 27, 2662, 176.38, 5
2026/10/03 11:15:12.723, 20118, 27, 2662, 176.38, 5
2026/10/03 11:15:12.774, 20118, 27, 2662, 176.38, 5
2026/10/03 11:15:12.824, 20118, 27, 2662, 176.38, 5
2026/10/03 11:15:12.875, 20118, 29, 2662, 147.79, 5
2026/10/03 11:15:12.925, 20118, 29, 2662, 147.79, 5
2026/10/03 11:15:12.975, 20118, 29, 2662, 147.79, 5
2026/10/03 11:15:13.026, 20118, 29, 2662, 147.79, 5
2026/10/03 11:15:13.076, 20118, 29, 2662, 147.79, 5
2026/10/03 11:15:13.127, 20118, 29, 2662, 147.79, 5
2026/10/03 11:15:13.177, 20118, 29, 2662, 147.79, 5
2026/10/03 11:15:13.227, 20118, 29, 2662, 147.79, 5
2026/10/03 11:15:13.277, 20118, 29, 2662, 147.79, 5
2026/10/03 11:15:13.327, 20118, 29, 2647, 173.58, 5
2026/10/03 11:15:13.378, 20118, 29, 2647, 173.58, 5
2026/10/03 11:15:13.428, 20118, 29, 2647, 173.58, 5
2026/10/03 11:15:13.478, 20118, 29, 2647, 173.58, 5
2026/10/03 11:15:13.529, 20118, 29, 2647, 173.58, 5
2026/10/03 11:15:13.579, 20118, 29, 2647, 173.58, 5
2026/10/03 11:15:13.629, 20118, 29, 2647, 173.58, 5
2026/10/03 11:15:13.680, 20118, 29, 2647, 173.58, 5
2026/10/03 11:15:13.730, 20118, 29, 2647, 173.58, 5
2026/10/03 11:15:13.781, 20118, 29, 2647, 173.58, 5
2026/10/03 11:15:13.831, 20118, 27, 2655, 152.43, 5
2026/10/03 11:15:13.882, 20118, 27, 2655, 152.43, 5
2026/10/03 11:15:13.932, 20118, 27, 2655, 152.43, 5
2026/10/03 11:15:13.982, 20118, 27, 2655, 152.43, 5
2026/10/03 11:15:14.032, 20118, 27, 2655, 152.43, 5
2026/10/03 11:15:14.083, 20118, 27, 2655, 152.43, 5
2026/10/03 11:15:14.133, 20118, 27, 2655, 152.43, 5
2026/10/03 11:15:14.184, 20118, 27, 2655, 152.43, 5
2026/10/03 11:15:14.234, 20118, 27, 2655, 152.43, 5
2026/10/03 11:15:14.285, 20118, 27, 2655, 152.43, 5
2026/10/03 11:15:14.335, 20118, 27, 2647, 172.07, 5
2026/10/03 11:15:14.385, 20118, 27, 2647, 172.07, 5
2026/10/03 11:15:14.435, 20118, 27, 2647, 172.07, 5
2026/10/03 11:15:14.486, 20118, 27, 2647, 172.07, 5
2026/10/03 11:15:14.536, 20118, 27, 2647, 172.07, 5
2026/10/03 11:15:14.586, 20118, 27, 2647, 172.07, 5
2026/10/03 11:15:14.636, 20118, 27, 2647, 172.07, 5
2026/10/03 11:15:14.687, 20118, 27, 2647, 172.07, 5
2026/10/03 11:15:14.737, 20118, 27, 2647, 172.07, 5
2026/10/03 11:15:14.787, 20118, 27, 2647, 172.07, 5
2026/10/03 11:15:14.837, 20118, 33, 2707, 156.77, 5
2026/10/03 11:15:14.887, 20118, 33, 2707, 156.77, 5
2026/10/03 11:15:14.938, 20118, 33, 2707, 156.77, 5
2026/10/03 11:15:14.988, 20118, 33, 2707, 156.77, 5
2026/10/03 11:15:15.038, 20118, 33, 2707, 156.77, 5
2026/10/03 11:15:15.088, 20118, 33, 2707, 156.77, 5
2026/10/03 11:15:15.139, 20118, 33, 2707, 156.77, 5
2026/10/03 11:15:15.189, 20118, 33, 2707, 156.77, 5
2026/10/03 11:15:15.240, 20118, 33, 2707, 156.77, 5
2026/10/03 11:15:15.290, 20118, 33, 2707, 156.77, 5
2026/10/03 11:15:15.340, 20118, 33, 2655, 153.99, 5
2026/10/03 11:15:15.390, 20118, 33, 2655, 153.99, 5
2026/10/03 11:15:15.441, 20118, 33, 2655, 153.99, 5
2026/10/03 11:15:15.491, 20118, 33, 2655, 153.99, 5
2026/10/03 11:15:15.541, 20118, 33, 2655, 153.99, 5
2026/10/03 11:15:15.591, 20118, 33, 2655, 153.99, 5
2026/10/03 11:15:15.642, 20118, 33, 2655, 153.99, 5
2026/10/03 11:15:15.692, 20118, 33, 2655, 153.99, 5
2026/10/03 11:15:15.742, 20118, 33, 2655, 153.99, 5
2026/10/03 11:15:15.792, 20118, 33, 2655, 153.99, 5
2026/10/03 11:15:15.843, 20118, 37, 2647, 179.22, 5
2026/10/03 11:15:15.893, 20118, 37, 2647, 179.22, 5
2026/10/03 11:15:15.943, 20118, 37, 2647, 179.22, 5
2026/10/03 11:15:15.993, 20118, 37, 2647, 179.22, 5
2026/10/03 11:15:16.043, 20118, 37, 2647, 179.22, 5
2026/10/03 11:15:16.094, 20118, 37, 2647, 179.22, 5
2026/10/03 11:15:16.144, 20118, 37, 2647, 179.22, 5
2026/10/03 11:15:16.194, 20118, 37, 2647, 179.22, 5
2026/10/03 11:15:16.245, 20118, 37, 2647, 179.22, 5
2026/10/03 11:15:16.295, 20118, 37, 2647, 179.22, 5
2026/10/03 11:15:16.345, 20118, 37, 2670, 167.20, 5
2026/10/03 11:15:16.395, 20118, 37, 2670, 167.20, 5
2026/10/03 11:15:16.446, 20118, 37, 2670, 167.20, 5
2026/10/03 11:15:16.496, 20118, 37, 2670, 167.20, 5
2026/10/03 11:15:16.546, 20118, 37, 2670, 167.20, 5
2026/10/03 11:15:16.596, 20118, 37, 2670, 167.20, 5
2026/10/03 11:15:16.647, 20118, 37, 2670, 167.20, 5
2026/10/03 11:15:16.697, 20118, 37, 2670, 167.20, 5
2026/10/03 11:15:16.747, 20118, 37, 2670, 167.20, 5
2026/10/03 11:15:16.797, 20118, 37, 2670, 167.20, 5
2026/10/03 11:15:16.847, 20118, 31, 2662, 158.51, 5
2026/10/03 11:15:16.898, 20118, 31, 2662, 158.51, 5
2026/10/03 11:15:16.948, 20118, 31, 2662, 158.51, 5
2026/10/03 11:15:16.999, 20118, 31, 2662, 158.51, 5
2026/10/03 11:15:17.049, 20118, 31, 2662, 158.51, 5
2026/10/03 11:15:17.099, 20118, 31, 2662, 158.51, 5
2026/10/03 11:15:17.150, 20118, 31, 2662, 158.51, 5
2026/10/03 11:15:17.200, 20118, 31, 2662, 158.51, 5
2026/10/03 11:15:17.250, 20118, 31, 2662, 158.51, 5
2026/10/03 11:15:17.300, 20118, 31, 2662, 158.51, 5
2026/10/03 11:15:17.351, 20118, 31, 2655, 150.91, 5
2026/10/03 11:15:17.401, 20118, 31, 2655, 150.91, 5
2026/10/03 11:15:17.452, 20118, 31, 2655, 150.91, 5
2026/10/03 11:15:17.502, 20118, 31, 2655, 150.91, 5
2026/10/03 11:15:17.552, 20118, 31, 2655, 150.91, 5
2026/10/03 11:15:17.602, 20118, 31, 2655, 150.91, 5
2026/10/03 11:15:17.653, 20118, 31, 2655, 150.91, 5
2026/10/03 11:15:17.703, 20118, 31, 2655, 150.91, 5
2026/10/03 11:15:17.753, 20118, 31, 2655, 150.91, 5
2026/10/03 11:15:17.803, 20118, 31, 2655, 150.91, 5
2026/10/03 11:15:17.853, 20118, 35, 2685, 183.83, 5
2026/10/03 11:15:17.904, 20118, 35, 2685, 183.83, 5
2026/10/03 11:15:17.954, 20118, 35, 2685, 183.83, 5
2026/10/03 11:15:18.004, 20118, 35, 2685, 183.83, 5
2026/10/03 11:15:18.054, 20118, 35, 2685, 183.83, 5
2026/10/03 11:15:18.104, 20118, 35, 2685, 183.83, 5
2026/10/03 11:15:18.155, 20118, 35, 2685, 183.83, 5
2026/10/03 11:15:18.205, 20118, 35, 2685, 183.83, 5
2026/10/03 11:15:18.256, 20118, 35, 2685, 183.83, 5
2026/10/03 11:15:18.306, 20118, 35, 2685, 183.83, 5
2026/10/03 11:15:18.356, 20118, 35, 2677, 167.75, 5
2026/10/03 11:15:18.406, 20118, 35, 2677, 167.75, 5
2026/10/03 11:15:18.456, 20118, 35, 2677, 167.75, 5
2026/10/03 11:15:18.507, 20118, 35, 2677, 167.75, 5
2026/10/03 11:15:18.557, 20118, 35, 2677, 167.75, 5
2026/10/03 11:15:18.607, 20118, 35, 2677, 167.75, 5
2026/10/03 11:15:18.657, 20118, 35, 2677, 167.75, 5
2026/10/03 11:15:18.708, 20118, 35, 2677, 167.75, 5
2026/10/03 11:15:18.758, 20118, 35, 2677, 167.75, 5
2026/10/03 11:15:18.808, 20118, 35, 2677, 167.75, 5
2026/10/03 11:15:18.858, 20118, 30, 2662, 152.09, 5
2026/10/03 11:15:18.908, 20118, 30, 2662, 152.09, 5
2026/10/03 11:15:18.959, 20118, 30, 2662, 152.09, 5
2026/10/03 11:15:19.009, 20118, 30, 2662, 152.09, 5
2026/10/03 11:15:19.059, 20118, 30, 2662, 152.09, 5
2026/10/03 11:15:19.109, 20118, 30, 2662, 152.09, 5
2026/10/03 11:15:19.160, 20118, 30, 2662, 152.09, 5
2026/10/03 11:15:19.210, 20118, 30, 2662, 152.09, 5
2026/10/03 11:15:19.260, 20118, 30, 2662, 152.09, 5
2026/10/03 11:15:19.310, 20118, 30, 2662, 152.09, 5
2026/10/03 11:15:19.360, 20118, 30, 2647, 167.23, 5
2026/10/03 11:15:19.411, 20118, 30, 2647, 167.23, 5
2026/10/03 11:15:19.461, 20118, 30, 2647, 167.23, 5
2026/10/03 11:15:19.511, 20118, 30, 2647, 167.23, 5
2026/10/03 11:15:19.561, 20118, 30, 2647, 167.23, 5
2026/10/03 11:15:19.612, 20118, 30, 2647, 167.23, 5
2026/10/03 11:15:19.662, 20118, 30, 2647, 167.23, 5
2026/10/03 11:15:19.713, 20118, 30, 2647, 167.23, 5
2026/10/03 11:15:19.763, 20118, 30, 2647, 167.23, 5
2026/10/03 11:15:19.813, 20118, 30, 2647, 167.23, 5
2026/10/03 11:15:19.864, 20118, 29, 2640, 166.26, 5
2026/10/03 11:15:19.914, 20118, 29, 2640, 166.26, 5
2026/10/03 11:15:19.964, 20118, 29, 2640, 166.26, 5
2026/10/03 11:15:20.015, 20118, 29, 2640, 166.26, 5
2026/10/03 11:15:20.065, 20118, 29, 2640, 166.26, 5
2026/10/03 11:15:20.115, 20118, 29, 2640, 166.26, 5
2026/10/03 11:15:20.165, 20118, 29, 2640, 166.26, 5
2026/10/03 11:15:20.216, 20118, 29, 2640, 166.26, 5
2026/10/03 11:15:20.267, 20118, 29, 2640, 166.26, 5
2026/10/03 11:15:20.317, 20118, 29, 2640, 166.26, 5
2026/10/03 11:15:20.367, 20118, 29, 2692, 160.12, 5
2026/10/03 11:15:20.418, 20118, 29, 2692, 160.12, 5
2026/10/03 11:15:20.468, 20118, 29, 2692, 160.12, 5
2026/10/03 11:15:20.518, 20118, 29, 2692, 160.12, 5
2026/10/03 11:15:20.568, 20118, 29, 2692, 160.12, 5
2026/10/03 11:15:20.619, 20118, 29, 2692, 160.12, 5
2026/10/03 11:15:20.669, 20118, 29, 2692, 160.12, 5
2026/10/03 11:15:20.719, 20118, 29, 2692, 160.12, 5
2026/10/03 11:15:20.769, 20118, 29, 2692, 160.12, 5
2026/10/03 11:15:20.820, 20118, 29, 2692, 160.12, 5
2026/10/03 11:15:20.870, 20118, 28, 2655, 158.52, 5
2026/10/03 11:15:20.920, 20118, 28, 2655, 158.52, 5
2026/10/03 11:15:20.971, 20118, 28, 2655, 158.52, 5
2026/10/03 11:15:21.021, 20118, 28, 2655, 158.52, 5
2026/10/03 11:15:21.071, 20118, 28, 2655, 158.52, 5
2026/10/03 11:15:21.122, 20118, 28, 2655, 158.52, 5
2026/10/03 11:15:21.172, 20118, 28, 2655, 158.52, 5
2026/10/03 11:15:21.222, 20118, 28, 2655, 158.52, 5
2026/10/03 11:15:21.272, 20118, 28, 2655, 158.52, 5
2026/10/03 11:15:21.322, 20118, 28, 2655, 158.52, 5
2026/10/03 11:15:21.373, 20118, 28, 2655, 168.60, 5
2026/10/03 11:15:21.423, 20118, 28, 2655, 168.60, 5
2026/10/03 11:15:21.474, 20118, 28, 2655, 168.60, 5
2026/10/03 11:15:21.524, 20118, 28, 2655, 168.60, 5
2026/10/03 11:15:21.574, 20118, 28, 2655, 168.60, 5
2026/10/03 11:15:21.625, 20118, 28, 2655, 168.60, 5
2026/10/03 11:15:21.675, 20118, 28, 2655, 168.60, 5
2026/10/03 11:15:21.725, 20118, 28, 2655, 168.60, 5
2026/10/03 11:15:21.776, 20118, 28, 2655, 168.60, 5
2026/10/03 11:15:21.826, 20118, 28, 2655, 168.60, 5
2026/10/03 11:15:21.876, 20118, 30, 2647, 166.02, 5
2026/10/03 11:15:21.927, 20118, 30, 2647, 166.02, 5
2026/10/03 11:15:21.977, 20118, 30, 2647, 166.02, 5
2026/10/03 11:15:22.027, 20118, 30, 2647, 166.02, 5
2026/10/03 11:15:22.078, 20118, 30, 2647, 166.02, 5
2026/10/03 11:15:22.128, 20118, 30, 2647, 166.02, 5
2026/10/03 11:15:22.178, 20118, 30, 2647, 166.02, 5
2026/10/03 11:15:22.228, 20118, 30, 2647, 166.02, 5
2026/10/03 11:15:22.279, 20118, 30, 2647, 166.02, 5
2026/10/03 11:15:22.329, 20118, 30, 2670, 164.28, 5
2026/10/03 11:15:22.380, 20118, 30, 2670, 164.28, 5
2026/10/03 11:15:22.430, 20118, 30, 2670, 164.28, 5
2026/10/03 11:15:22.480, 20118, 30, 2670, 164.28, 5
2026/10/03 11:15:22.531, 20118, 30, 2670, 164.28, 5
2026/10/03 11:15:22.581, 20118, 30, 2670, 164.28, 5
2026/10/03 11:15:22.631, 20118, 30, 2670, 164.28, 5
2026/10/03 11:15:22.681, 20118, 30, 2670, 164.28, 5
2026/10/03 11:15:22.731, 20118, 30, 2670, 164.28, 5
2026/10/03 11:15:22.782, 20118, 30, 2670, 164.28, 5
2026/10/03 11:15:22.832, 20118, 27, 2655, 154.11, 5
2026/10/03 11:15:22.882, 20118, 27, 2655, 154.11, 5
2026/10/03 11:15:22.932, 20118, 27, 2655, 154.11, 5
2026/10/03 11:15:22.983, 20118, 27, 2655, 154.11, 5
2026/10/03 11:15:23.033, 20118, 27, 2655, 154.11, 5
2026/10/03 11:15:23.083, 20118, 27, 2655, 154.11, 5
2026/10/03 11:15:23.133, 20118, 27, 2655, 154.11, 5
2026/10/03 11:15:23.183, 20118, 27, 2655, 154.11, 5
2026/10/03 11:15:23.234, 20118, 27, 2655, 154.11, 5
2026/10/03 11:15:23.284, 20118, 27, 2655, 154.11, 5
2026/10/03 11:15:23.334, 20118, 27, 2662, 163.34, 5
2026/10/03 11:15:23.384, 20118, 27, 2662, 163.34, 5
2026/10/03 11:15:23.434, 20118, 27, 2662, 163.34, 5
2026/10/03 11:15:23.485, 20118, 27, 2662, 163.34, 5
2026/10/03 11:15:23.535, 20118, 27, 2662, 163.34, 5
2026/10/03 11:15:23.585, 20118, 27, 2662, 163.34, 5
2026/10/03 11:15:23.635, 20118, 27, 2662, 163.34, 5
2026/10/03 11:15:23.686, 20118, 27, 2662, 163.34, 5
2026/10/03 11:15:23.736, 20118, 27, 2662, 163.34, 5
2026/10/03 11:15:23.786, 20118, 27, 2662, 163.34, 5
2026/10/03 11:15:23.836, 20118, 29, 2647, 146.08, 5
2026/10/03 11:15:23.886, 20118, 29, 2647, 146.08, 5
2026/10/03 11:15:23.937, 20118, 29, 2647, 146.08, 5
2026/10/03 11:15:23.987, 20118, 29, 2647, 146.08, 5
2026/10/03 11:15:24.037, 20118, 29, 2647, 146.08, 5
2026/10/03 11:15:24.088, 20118, 29, 2647, 146.08, 5
2026/10/03 11:15:24.139, 20118, 29, 2647, 146.08, 5
2026/10/03 11:15:24.189, 20118, 29, 2647, 146.08, 5
2026/10/03 11:15:24.239, 20118, 29, 2647, 146.08, 5
2026/10/03 11:15:24.289, 20118, 29, 2647, 146.08, 5
2026/10/03 11:15:24.340, 20118, 29, 2647, 173.81, 5
2026/10/03 11:15:24.390, 20118, 29, 2647, 173.81, 5
2026/10/03 11:15:24.440, 20118, 29, 2647, 173.81, 5
2026/10/03 11:15:24.490, 20118, 29, 2647, 173.81, 5
2026/10/03 11:15:24.541, 20118, 29, 2647, 173.81, 5
2026/10/03 11:15:24.591, 20118, 29, 2647, 173.81, 5
2026/10/03 11:15:24.642, 20118, 29, 2647, 173.81, 5
2026/10/03 11:15:24.692, 20118, 29, 2647, 173.81, 5
2026/10/03 11:15:24.743, 20118, 29, 2647, 173.81, 5
2026/10/03 11:15:24.793, 20118, 29, 2647, 173.81, 5
2026/10/03 11:15:24.843, 20118, 34, 2662, 157.06, 5
2026/10/03 11:15:24.893, 20118, 34, 2662, 157.06, 5
2026/10/03 11:15:24.944, 20118, 34, 2662, 157.06, 5
2026/10/03 11:15:24.994, 20118, 34, 2662, 157.06, 5
2026/10/03 11:15:25.044, 20118, 34, 2662, 157.06, 5
2026/10/03 11:15:25.095, 20118, 34, 2662, 157.06, 5
2026/10/03 11:15:25.145, 20118, 34, 2662, 157.06, 5
2026/10/03 11:15:25.195, 20118, 34, 2662, 157.06, 5
2026/10/03 11:15:25.246, 20118, 34, 2662, 157.06, 5
2026/10/03 11:15:25.296, 20118, 34, 2662, 157.06, 5
2026/10/03 11:15:25.346, 20118, 34, 2640, 142.95, 5
2026/10/03 11:15:25.396, 20118, 34, 2640, 142.95, 5
2026/10/03 11:15:25.446, 20118, 34, 2640, 142.95, 5
2026/10/03 11:15:25.497, 20118, 34, 2640, 142.95, 5
2026/10/03 11:15:25.547, 20118, 34, 2640, 142.95, 5
2026/10/03 11:15:25.597, 20118, 34, 2640, 142.95, 5
2026/10/03 11:15:25.648, 20118, 34, 2640, 142.95, 5
2026/10/03 11:15:25.698, 20118, 34, 2640, 142.95, 5
2026/10/03 11:15:25.748, 20118, 34, 2640, 142.95, 5
2026/10/03 11:15:25.798, 20118, 34, 2640, 142.95, 5
2026/10/03 11:15:25.848, 20118, 37, 2662, 172.34, 5
2026/10/03 11:15:25.899, 20118, 37, 2662, 172.34, 5
2026/10/03 11:15:25.949, 20118, 37, 2662, 172.34, 5
2026/10/03 11:15:25.999, 20118, 37, 2662, 172.34, 5
2026/10/03 11:15:26.049, 20118, 37, 2662, 172.34, 5
2026/10/03 11:15:26.099, 20118, 37, 2662, 172.34, 5
2026/10/03 11:15:26.150, 20118, 37, 2662, 172.34, 5
2026/10/03 11:15:26.200, 20118, 37, 2662, 172.34, 5
2026/10/03 11:15:26.250, 20118, 37, 2662, 172.34, 5
2026/10/03 11:15:26.301, 20118, 37, 2662, 172.34, 5
2026/10/03 11:15:26.351, 20118, 37, 2647, 159.87, 5
2026/10/03 11:15:26.402, 20118, 37, 2647, 159.87, 5
2026/10/03 11:15:26.452, 20118, 37, 2647, 159.87, 5
2026/10/03 11:15:26.502, 20118, 37, 2647, 159.87, 5
2026/10/03 11:15:26.552, 20118, 37, 2647, 159.87, 5
2026/10/03 11:15:26.603, 20118, 37, 2647, 159.87, 5
2026/10/03 11:15:26.653, 20118, 37, 2647, 159.87, 5
2026/10/03 11:15:26.703, 20118, 37, 2647, 159.87, 5
2026/10/03 11:15:26.753, 20118, 37, 2647, 159.87, 5
2026/10/03 11:15:26.804, 20118, 37, 2647, 159.87, 5
2026/10/03 11:15:26.854, 20118, 34, 2662, 158.29, 5
2026/10/03 11:15:26.904, 20118, 34, 2662, 158.29, 5
2026/10/03 11:15:26.955, 20118, 34, 2662, 158.29, 5
2026/10/03 11:15:27.005, 20118, 34, 2662, 158.29, 5
2026/10/03 11:15:27.055, 20118, 34, 2662, 158.29, 5
2026/10/03 11:15:27.105, 20118, 34, 2662, 158.29, 5
2026/10/03 11:15:27.156, 20118, 34, 2662, 158.29, 5
2026/10/03 11:15:27.206, 20118, 34, 2662, 158.29, 5
2026/10/03 11:15:27.256, 20118, 34, 2662, 158.29, 5
2026/10/03 11:15:27.306, 20118, 34, 2662, 158.29, 5
2026/10/03 11:15:27.357, 20118, 34, 2647, 164.59, 5
2026/10/03 11:15:27.407, 20118, 34, 2647, 164.59, 5
2026/10/03 11:15:27.458, 20118, 34, 2647, 164.59, 5
2026/10/03 11:15:27.508, 20118, 34, 2647, 164.59, 5
2026/10/03 11:15:27.558, 20118, 34, 2647, 164.59, 5
2026/10/03 11:15:27.608, 20118, 34, 2647, 164.59, 5
2026/10/03 11:15:27.658, 20118, 34, 2647, 164.59, 5
2026/10/03 11:15:27.709, 20118, 34, 2647, 164.59, 5
2026/10/03 11:15:27.759, 20118, 34, 2647, 164.59, 5
2026/10/03 11:15:27.809, 20118, 34, 2647, 164.59, 5
2026/10/03 11:15:27.859, 20118, 35, 2662, 163.75, 5
2026/10/03 11:15:27.910, 20118, 35, 2662, 163.75, 5
2026/10/03 11:15:27.960, 20118, 35, 2662, 163.75, 5
2026/10/03 11:15:28.010, 20118, 35, 2662, 163.75, 5
2026/10/03 11:15:28.061, 20118, 35, 2662, 163.75, 5
2026/10/03 11:15:28.111, 20118, 35, 2662, 163.75, 5
2026/10/03 11:15:28.161, 20118, 35, 2662, 163.75, 5
2026/10/03 11:15:28.212, 20118, 35, 2662, 163.75, 5
2026/10/03 11:15:28.262, 20118, 35, 2662, 163.75, 5
2026/10/03 11:15:28.312, 20118, 35, 2662, 163.75, 5
2026/10/03 11:15:28.363, 20118, 35, 2647, 169.26, 5
2026/10/03 11:15:28.413, 20118, 35, 2647, 169.26, 5
2026/10/03 11:15:28.463, 20118, 35, 2647, 169.26, 5
2026/10/03 11:15:28.513, 20118, 35, 2647, 169.26, 5
2026/10/03 11:15:28.564, 20118, 35, 2647, 169.26, 5
2026/10/03 11:15:28.614, 20118, 35, 2647, 169.26, 5
2026/10/03 11:15:28.664, 20118, 35, 2647, 169.26, 5
2026/10/03 11:15:28.714, 20118, 35, 2647, 169.26, 5
2026/10/03 11:15:28.764, 20118, 35, 2647, 169.26, 5
2026/10/03 11:15:28.815, 20118, 35, 2647, 169.26, 5
2026/10/03 11:15:28.865, 20118, 37, 2662, 169.89, 5
2026/10/03 11:15:28.915, 20118, 37, 2662, 169.89, 5
2026/10/03 11:15:28.965, 20118, 37, 2662, 169.89, 5
2026/10/03 11:15:29.016, 20118, 37, 2662, 169.89, 5
2026/10/03 11:15:29.066, 20118, 37, 2662, 169.89, 5
2026/10/03 11:15:29.116, 20118, 37, 2662, 169.89, 5
2026/10/03 11:15:29.167, 20118, 37, 2662, 169.89, 5
2026/10/03 11:15:29.217, 20118, 37, 2662, 169.89, 5
2026/10/03 11:15:29.267, 20118, 37, 2662, 169.89, 5
2026/10/03 11:15:29.317, 20118, 37, 2662, 169.89, 5
2026/10/03 11:15:29.368, 20118, 37, 2647, 152.41, 5
2026/10/03 11:15:29.418, 20118, 37, 2647, 152.41, 5
2026/10/03 11:15:29.469, 20118, 37, 2647, 152.41, 5
2026/10/03 11:15:29.519, 20118, 37, 2647, 152.41, 5
2026/10/03 11:15:29.569, 20118, 37, 2647, 152.41, 5
2026/10/03 11:15:29.620, 20118, 37, 2647, 152.41, 5
2026/10/03 11:15:29.670, 20118, 37, 2647, 152.41, 5
2026/10/03 11:15:29.720, 20118, 37, 2647, 152.41, 5
2026/10/03 11:15:29.770, 20118, 37, 2647, 152.41, 5
2026/10/03 11:15:29.821, 20118, 37, 2647, 152.41, 5
2026/10/03 11:15:29.872, 20118, 37, 2655, 176.45, 5
2026/10/03 11:15:29.922, 20118, 37, 2655, 176.45, 5
2026/10/03 11:15:29.972, 20118, 37, 2655, 176.45, 5
2026/10/03 11:15:30.022, 20118, 37, 2655, 176.45, 5
2026/10/03 11:15:30.073, 20118, 37, 2655, 176.45, 5
2026/10/03 11:15:30.123, 20118, 37, 2655, 176.45, 5
2026/10/03 11:15:30.173, 20118, 37, 2655, 176.45, 5
2026/10/03 11:15:30.223, 20118, 37, 2655, 176.45, 5
2026/10/03 11:15:30.273, 20118, 37, 2655, 176.45, 5
2026/10/03 11:15:30.324, 20118, 37, 2655, 176.45, 5
2026/10/03 11:15:30.374, 20118, 37, 2647, 146.64, 5
2026/10/03 11:15:30.424, 20118, 37, 2647, 146.64, 5
2026/10/03 11:15:30.475, 20118, 37, 2647, 146.64, 5
2026/10/03 11:15:30.525, 20118, 37, 2647, 146.64, 5
2026/10/03 11:15:30.575, 20118, 37, 2647, 146.64, 5
2026/10/03 11:15:30.626, 20118, 37, 2647, 146.64, 5
2026/10/03 11:15:30.676, 20118, 37, 2647, 146.64, 5
2026/10/03 11:15:30.726, 20118, 37, 2647, 146.64, 5
2026/10/03 11:15:30.776, 20118, 37, 2647, 146.64, 5
2026/10/03 11:15:30.827, 20118, 37, 2647, 146.64, 5
2026/10/03 11:15:30.877, 20118, 35, 2655, 170.74, 5
2026/10/03 11:15:30.927, 20118, 35, 2655, 170.74, 5
2026/10/03 11:15:30.977, 20118, 35, 2655, 170.74, 5
2026/10/03 11:15:31.028, 20118, 35, 2655, 170.74, 5
2026/10/03 11:15:31.078, 20118, 35, 2655, 170.74, 5
2026/10/03 11:15:31.128, 20118, 35, 2655, 170.74, 5
2026/10/03 11:15:31.179, 20118, 35, 2655, 170.74, 5
2026/10/03 11:15:31.229, 20118, 35, 2655, 170.74, 5
2026/10/03 11:15:31.279, 20118, 35, 2655, 170.74, 5
2026/10/03 11:15:31.330, 20118, 35, 2655, 156.27, 5
2026/10/03 11:15:31.380, 20118, 35, 2655, 156.27, 5
2026/10/03 11:15:31.430, 20118, 35, 2655, 156.27, 5
2026/10/03 11:15:31.480, 20118, 35, 2655, 156.27, 5
2026/10/03 11:15:31.531, 20118, 35, 2655, 156.27, 5
2026/10/03 11:15:31.581, 20118, 35, 2655, 156.27, 5
2026/10/03 11:15:31.631, 20118, 35, 2655, 156.27, 5
2026/10/03 11:15:31.681, 20118, 35, 2655, 156.27, 5
2026/10/03 11:15:31.732, 20118, 35, 2655, 156.27, 5
2026/10/03 11:15:31.782, 20118, 35, 2655, 156.27, 5
2026/10/03 11:15:31.832, 20118, 34, 2700, 159.94, 5
2026/10/03 11:15:31.882, 20118, 34, 2700, 159.94, 5
2026/10/03 11:15:31.932, 20118, 34, 2700, 159.94, 5
2026/10/03 11:15:31.983, 20118, 34, 2700, 159.94, 5
2026/10/03 11:15:32.033, 20118, 34, 2700, 159.94, 5
2026/10/03 11:15:32.083, 20118, 34, 2700, 159.94, 5
2026/10/03 11:15:32.133, 20118, 34, 2700, 159.94, 5
2026/10/03 11:15:32.183, 20118, 34, 2700, 159.94, 5
2026/10/03 11:15:32.234, 20118, 34, 2700, 159.94, 5
2026/10/03 11:15:32.285, 20118, 34, 2700, 159.94, 5
2026/10/03 11:15:32.335, 20118, 34, 2655, 178.26, 5
2026/10/03 11:15:32.385, 20118, 34, 2655, 178.26, 5
2026/10/03 11:15:32.435, 20118, 34, 2655, 178.26, 5
2026/10/03 11:15:32.486, 20118, 34, 2655, 178.26, 5
2026/10/03 11:15:32.536, 20118, 34, 2655, 178.26, 5
2026/10/03 11:15:32.587, 20118, 34, 2655, 178.26, 5
2026/10/03 11:15:32.637, 20118, 34, 2655, 178.26, 5
2026/10/03 11:15:32.688, 20118, 34, 2655, 178.26, 5
2026/10/03 11:15:32.738, 20118, 34, 2655, 178.26, 5
2026/10/03 11:15:32.788, 20118, 34, 2655, 178.26, 5
2026/10/03 11:15:32.839, 20118, 32, 2670, 156.09, 5
2026/10/03 11:15:32.889, 20118, 32, 2670, 156.09, 5
2026/10/03 11:15:32.939, 20118, 32, 2670, 156.09, 5
2026/10/03 11:15:32.989, 20118, 32, 2670, 156.09, 5
2026/10/03 11:15:33.039, 20118, 32, 2670, 156.09, 5
2026/10/03 11:15:33.090, 20118, 32, 2670, 156.09, 5
2026/10/03 11:15:33.140, 20118, 32, 2670, 156.09, 5
2026/10/03 11:15:33.190, 20118, 32, 2670, 156.09, 5
2026/10/03 11:15:33.241, 20118, 32, 2670, 156.09, 5
2026/10/03 11:15:33.291, 20118, 32, 2670, 156.09, 5
2026/10/03 11:15:33.341, 20118, 32, 2655, 162.92, 5
2026/10/03 11:15:33.391, 20118, 32, 2655, 162.92, 5
2026/10/03 11:15:33.441, 20118, 32, 2655, 162.92, 5
2026/10/03 11:15:33.492, 20118, 32, 2655, 162.92, 5
2026/10/03 11:15:33.542, 20118, 32, 2655, 162.92, 5
2026/10/03 11:15:33.592, 20118, 32, 2655, 162.92, 5
2026/10/03 11:15:33.642, 20118, 32, 2655, 162.92, 5
2026/10/03 11:15:33.692, 20118, 32, 2655, 162.92, 5
2026/10/03 11:15:33.743, 20118, 32, 2655, 162.92, 5
2026/10/03 11:15:33.793, 20118, 32, 2655, 162.92, 5
2026/10/03 11:15:33.843, 20118, 37, 2655, 177.45, 5
2026/10/03 11:15:33.894, 20118, 37, 2655, 177.45, 5
2026/10/03 11:15:33.944, 20118, 37, 2655, 177.45, 5
2026/10/03 11:15:33.994, 20118, 37, 2655, 177.45, 5
2026/10/03 11:15:34.044, 20118, 37, 2655, 177.45, 5
2026/10/03 11:15:34.095, 20118, 37, 2655, 177.45, 5
2026/10/03 11:15:34.145, 20118, 37, 2655, 177.45, 5
2026/10/03 11:15:34.195, 20118, 37, 2655, 177.45, 5
2026/10/03 11:15:34.245, 20118, 37, 2655, 177.45, 5
2026/10/03 11:15:34.295, 20118, 37, 2655, 177.45, 5
2026/10/03 11:15:34.346, 20118, 37, 2662, 173.63, 5
2026/10/03 11:15:34.396, 20118, 37, 2662, 173.63, 5
2026/10/03 11:15:34.446, 20118, 37, 2662, 173.63, 5
2026/10/03 11:15:34.497, 20118, 37, 2662, 173.63, 5
2026/10/03 11:15:34.547, 20118, 37, 2662, 173.63, 5
2026/10/03 11:15:34.597, 20118, 37, 2662, 173.63, 5
2026/10/03 11:15:34.648, 20118, 37, 2662, 173.63, 5
2026/10/03 11:15:34.698, 20118, 37, 2662, 173.63, 5
2026/10/03 11:15:34.748, 20118, 37, 2662, 173.63, 5
2026/10/03 11:15:34.799, 20118, 37, 2662, 173.63, 5
2026/10/03 11:15:34.849, 20118, 27, 2662, 152.65, 5
2026/10/03 11:15:34.899, 20118, 27, 2662, 152.65, 5
2026/10/03 11:15:34.950, 20118, 27, 2662, 152.65, 5
2026/10/03 11:15:35.000, 20118, 27, 2662, 152.65, 5
2026/10/03 11:15:35.050, 20118, 27, 2662, 152.65, 5
2026/10/03 11:15:35.100, 20118, 27, 2662, 152.65, 5
2026/10/03 11:15:35.150, 20118, 27, 2662, 152.65, 5
2026/10/03 11:15:35.201, 20118, 27, 2662, 152.65, 5
2026/10/03 11:15:35.251, 20118, 27, 2662, 152.65, 5
2026/10/03 11:15:35.301, 20118, 27, 2662, 152.65, 5
2026/10/03 11:15:35.351, 20118, 27, 2662, 161.53, 5
2026/10/03 11:15:35.402, 20118, 27, 2662, 161.53, 5
2026/10/03 11:15:35.452, 20118, 27, 2662, 161.53, 5
2026/10/03 11:15:35.502, 20118, 27, 2662, 161.53, 5
2026/10/03 11:15:35.553, 20118, 27, 2662, 161.53, 5
2026/10/03 11:15:35.603, 20118, 27, 2662, 161.53, 5
2026/10/03 11:15:35.653, 20118, 27, 2662, 161.53, 5
2026/10/03 11:15:35.703, 20118, 27, 2662, 161.53, 5
2026/10/03 11:15:35.753, 20118, 27, 2662, 161.53, 5
2026/10/03 11:15:35.804, 20118, 27, 2662, 161.53, 5
2026/10/03 11:15:35.854, 20118, 33, 2655, 177.06, 5
2026/10/03 11:15:35.904, 20118, 33, 2655, 177.06, 5
2026/10/03 11:15:35.955, 20118, 33, 2655, 177.06, 5
2026/10/03 11:15:36.005, 20118, 33, 2655, 177.06, 5
2026/10/03 11:15:36.055, 20118, 33, 2655, 177.06, 5
2026/10/03 11:15:36.105, 20118, 33, 2655, 177.06, 5
2026/10/03 11:15:36.156, 20118, 33, 2655, 177.06, 5
2026/10/03 11:15:36.206, 20118, 33, 2655, 177.06, 5
2026/10/03 11:15:36.256, 20118, 33, 2655, 177.06, 5
2026/10/03 11:15:36.307, 20118, 33, 2655, 177.06, 5
2026/10/03 11:15:36.357, 20118, 33, 2670, 151.42, 5
2026/10/03 11:15:36.407, 20118, 33, 2670, 151.42, 5
2026/10/03 11:15:36.458, 20118, 33, 2670, 151.42, 5
2026/10/03 11:15:36.508, 20118, 33, 2670, 151.42, 5
2026/10/03 11:15:36.558, 20118, 33, 2670, 151.42, 5
2026/10/03 11:15:36.609, 20118, 33, 2670, 151.42, 5
2026/10/03 11:15:36.659, 20118, 33, 2670, 151.42, 5
2026/10/03 11:15:36.709, 20118, 33, 2670, 151.42, 5
2026/10/03 11:15:36.760, 20118, 33, 2670, 151.42, 5
2026/10/03 11:15:36.810, 20118, 33, 2670, 151.42, 5
2026/10/03 11:15:36.860, 20118, 32, 2640, 169.23, 5
2026/10/03 11:15:36.910, 20118, 32, 2640, 169.23, 5
2026/10/03 11:15:36.961, 20118, 32, 2640, 169.23, 5
2026/10/03 11:15:37.011, 20118, 32, 2640, 169.23, 5
2026/10/03 11:15:37.061, 20118, 32, 2640, 169.23, 5
2026/10/03 11:15:37.111, 20118, 32, 2640, 169.23, 5
2026/10/03 11:15:37.162, 20118, 32, 2640, 169.23, 5
2026/10/03 11:15:37.212, 20118, 32, 2640, 169.23, 5
2026/10/03 11:15:37.262, 20118, 32, 2640, 169.23, 5
2026/10/03 11:15:37.313, 20118, 32, 2640, 169.23, 5
2026/10/03 11:15:37.363, 20118, 32, 2670, 144.24, 5
2026/10/03 11:15:37.413, 20118, 32, 2670, 144.24, 5
2026/10/03 11:15:37.463, 20118, 32, 2670, 144.24, 5
2026/10/03 11:15:37.514, 20118, 32, 2670, 144.24, 5
2026/10/03 11:15:37.564, 20118, 32, 2670, 144.24, 5
2026/10/03 11:15:37.614, 20118, 32, 2670, 144.24, 5
2026/10/03 11:15:37.665, 20118, 32, 2670, 144.24, 5
2026/10/03 11:15:37.715, 20118, 32, 2670, 144.24, 5
2026/10/03 11:15:37.765, 20118, 32, 2670, 144.24, 5
2026/10/03 11:15:37.815, 20118, 32, 2670, 144.24, 5
2026/10/03 11:15:37.866, 20118, 37, 2662, 168.43, 5
2026/10/03 11:15:37.916, 20118, 37, 2662, 168.43, 5
2026/10/03 11:15:37.966, 20118, 37, 2662, 168.43, 5
2026/10/03 11:15:38.017, 20118, 37, 2662, 168.43, 5
2026/10/03 11:15:38.067, 20118, 37, 2662, 168.43, 5
2026/10/03 11:15:38.117, 20118, 37, 2662, 168.43, 5
2026/10/03 11:15:38.168, 20118, 37, 2662, 168.43, 5
2026/10/03 11:15:38.218, 20118, 37, 2662, 168.43, 5
2026/10/03 11:15:38.268, 20118, 37, 2662, 168.43, 5
2026/10/03 11:15:38.319, 20118, 37, 2662, 168.43, 5
2026/10/03 11:15:38.369, 20118, 37, 2655, 148.47, 5
2026/10/03 11:15:38.419, 20118, 37, 2655, 148.47, 5
2026/10/03 11:15:38.469, 20118, 37, 2655, 148.47, 5
2026/10/03 11:15:38.519, 20118, 37, 2655, 148.47, 5
2026/10/03 11:15:38.570, 20118, 37, 2655, 148.47, 5
2026/10/03 11:15:38.620, 20118, 37, 2655, 148.47, 5
2026/10/03 11:15:38.670, 20118, 37, 2655, 148.47, 5
2026/10/03 11:15:38.721, 20118, 37, 2655, 148.47, 5
2026/10/03 11:15:38.771, 20118, 37, 2655, 148.47, 5
2026/10/03 11:15:38.821, 20118, 37, 2655, 148.47, 5
2026/10/03 11:15:38.871, 20118, 36, 2655, 167.46, 5
2026/10/03 11:15:38.922, 20118, 36, 2655, 167.46, 5
2026/10/03 11:15:38.972, 20118, 36, 2655, 167.46, 5
2026/10/03 11:15:39.022, 20118, 36, 2655, 167.46, 5
2026/10/03 11:15:39.072, 20118, 36, 2655, 167.46, 5
2026/10/03 11:15:39.123, 20118, 36, 2655, 167.46, 5
2026/10/03 11:15:39.173, 20118, 36, 2655, 167.46, 5
2026/10/03 11:15:39.223, 20118, 36, 2655, 167.46, 5
2026/10/03 11:15:39.273, 20118, 36, 2655, 167.46, 5
2026/10/03 11:15:39.324, 20118, 36, 2655, 167.46, 5
2026/10/03 11:15:39.374, 20118, 36, 2647, 145.56, 5
2026/10/03 11:15:39.424, 20118, 36, 2647, 145.56, 5
2026/10/03 11:15:39.474, 20118, 36, 2647, 145.56, 5
2026/10/03 11:15:39.525, 20118, 36, 2647, 145.56, 5
2026/10/03 11:15:39.575, 20118, 36, 2647, 145.56, 5
2026/10/03 11:15:39.625, 20118, 36, 2647, 145.56, 5
2026/10/03 11:15:39.676, 20118, 36, 2647, 145.56, 5
2026/10/03 11:15:39.726, 20118, 36, 2647, 145.56, 5
2026/10/03 11:15:39.776, 20118, 36, 2647, 145.56, 5
2026/10/03 11:15:39.827, 20118, 36, 2647, 145.56, 5
2026/10/03 11:15:39.877, 20118, 39, 2647, 179.17, 5
2026/10/03 11:15:39.927, 20118, 39, 2647, 179.17, 5
2026/10/03 11:15:39.977, 20118, 39, 2647, 179.17, 5
2026/10/03 11:15:40.028, 20118, 39, 2647, 179.17, 5
2026/10/03 11:15:40.078, 20118, 39, 2647, 179.17, 5
2026/10/03 11:15:40.128, 20118, 39, 2647, 179.17, 5
2026/10/03 11:15:40.178, 20118, 39, 2647, 179.17, 5
2026/10/03 11:15:40.229, 20118, 39, 2647, 179.17, 5
2026/10/03 11:15:40.279, 20118, 39, 2647, 179.17, 5
2026/10/03 11:15:40.329, 20118, 39, 2655, 179.68, 5
2026/10/03 11:15:40.379, 20118, 39, 2655, 179.68, 5
2026/10/03 11:15:40.430, 20118, 39, 2655, 179.68, 5
2026/10/03 11:15:40.480, 20118, 39, 2655, 179.68, 5
2026/10/03 11:15:40.530, 20118, 39, 2655, 179.68, 5
2026/10/03 11:15:40.581, 20118, 39, 2655, 179.68, 5
2026/10/03 11:15:40.631, 20118, 39, 2655, 179.68, 5
2026/10/03 11:15:40.681, 20118, 39, 2655, 179.68, 5
2026/10/03 11:15:40.732, 20118, 39, 2655, 179.68, 5
2026/10/03 11:15:40.782, 20118, 39, 2655, 179.68, 5
2026/10/03 11:15:40.832, 20118, 29, 2670, 144.73, 5
2026/10/03 11:15:40.883, 20118, 29, 2670, 144.73, 5
2026/10/03 11:15:40.933, 20118, 29, 2670, 144.73, 5
2026/10/03 11:15:40.983, 20118, 29, 2670, 144.73, 5
2026/10/03 11:15:41.033, 20118, 29, 2670, 144.73, 5
2026/10/03 11:15:41.084, 20118, 29, 2670, 144.73, 5
2026/10/03 11:15:41.134, 20118, 29, 2670, 144.73, 5
2026/10/03 11:15:41.184, 20118, 29, 2670, 144.73, 5
2026/10/03 11:15:41.234, 20118, 29, 2670, 144.73, 5
2026/10/03 11:15:41.285, 20118, 29, 2670, 144.73, 5
2026/10/03 11:15:41.335, 20118, 29, 2662, 171.00, 5
2026/10/03 11:15:41.385, 20118, 29, 2662, 171.00, 5
2026/10/03 11:15:41.435, 20118, 29, 2662, 171.00, 5
2026/10/03 11:15:41.486, 20118, 29, 2662, 171.00, 5
2026/10/03 11:15:41.536, 20118, 29, 2662, 171.00, 5
2026/10/03 11:15:41.586, 20118, 29, 2662, 171.00, 5
2026/10/03 11:15:41.636, 20118, 29, 2662, 171.00, 5
2026/10/03 11:15:41.687, 20118, 29, 2662, 171.00, 5
2026/10/03 11:15:41.737, 20118, 29, 2662, 171.00, 5
2026/10/03 11:15:41.788, 20118, 29, 2662, 171.00, 5
2026/10/03 11:15:41.838, 20118, 30, 2647, 167.77, 5
2026/10/03 11:15:41.888, 20118, 30, 2647, 167.77, 5
2026/10/03 11:15:41.938, 20118, 30, 2647, 167.77, 5
2026/10/03 11:15:41.988, 20118, 30, 2647, 167.77, 5
2026/10/03 11:15:42.039, 20118, 30, 2647, 167.77, 5
2026/10/03 11:15:42.089, 20118, 30, 2647, 167.77, 5
2026/10/03 11:15:42.139, 20118, 30, 2647, 167.77, 5
2026/10/03 11:15:42.189, 20118, 30, 2647, 167.77, 5
2026/10/03 11:15:42.240, 20118, 30, 2647, 167.77, 5
2026/10/03 11:15:42.290, 20118, 30, 2647, 167.77, 5
2026/10/03 11:15:42.340, 20118, 30, 2670, 153.87, 5
2026/10/03 11:15:42.390, 20118, 30, 2670, 153.87, 5
2026/10/03 11:15:42.440, 20118, 30, 2670, 153.87, 5
2026/10/03 11:15:42.491, 20118, 30, 2670, 153.87, 5
2026/10/03 11:15:42.541, 20118, 30, 2670, 153.87, 5
2026/10/03 11:15:42.591, 20118, 30, 2670, 153.87, 5
2026/10/03 11:15:42.641, 20118, 30, 2670, 153.87, 5
2026/10/03 11:15:42.692, 20118, 30, 2670, 153.87, 5
2026/10/03 11:15:42.742, 20118, 30, 2670, 153.87, 5
2026/10/03 11:15:42.792, 20118, 30, 2670, 153.87, 5
2026/10/03 11:15:42.843, 20118, 38, 2662, 182.02, 5
2026/10/03 11:15:42.893, 20118, 38, 2662, 182.02, 5
2026/10/03 11:15:42.943, 20118, 38, 2662, 182.02, 5
2026/10/03 11:15:42.994, 20118, 38, 2662, 182.02, 5
2026/10/03 11:15:43.044, 20118, 38, 2662, 182.02, 5
2026/10/03 11:15:43.094, 20118, 38, 2662, 182.02, 5
2026/10/03 11:15:43.145, 20118, 38, 2662, 182.02, 5
2026/10/03 11:15:43.195, 20118, 38, 2662, 182.02, 5
2026/10/03 11:15:43.245, 20118, 38, 2662, 182.02, 5
2026/10/03 11:15:43.295, 20118, 38, 2662, 182.02, 5
2026/10/03 11:15:43.346, 20118, 38, 2670, 145.30, 5
2026/10/03 11:15:43.396, 20118, 38, 2670, 145.30, 5
2026/10/03 11:15:43.446, 20118, 38, 2670, 145.30, 5
2026/10/03 11:15:43.496, 20118, 38, 2670, 145.30, 5
2026/10/03 11:15:43.546, 20118, 38, 2670, 145.30, 5
2026/10/03 11:15:43.597, 20118, 38, 2670, 145.30, 5
2026/10/03 11:15:43.647, 20118, 38, 2670, 145.30, 5
2026/10/03 11:15:43.697, 20118, 38, 2670, 145.30, 5
2026/10/03 11:15:43.747, 20118, 38, 2670, 145.30, 5
2026/10/03 11:15:43.797, 20118, 38, 2670, 145.30, 5
2026/10/03 11:15:43.848, 20118, 37, 2655, 176.69, 5
2026/10/03 11:15:43.898, 20118, 37, 2655, 176.69, 5
2026/10/03 11:15:43.948, 20118, 37, 2655, 176.69, 5
2026/10/03 11:15:43.998, 20118, 37, 2655, 176.69, 5
2026/10/03 11:15:44.049, 20118, 37, 2655, 176.69, 5
2026/10/03 11:15:44.099, 20118, 37, 2655, 176.69, 5
2026/10/03 11:15:44.149, 20118, 37, 2655, 176.69, 5
2026/10/03 11:15:44.199, 20118, 37, 2655, 176.69, 5
2026/10/03 11:15:44.250, 20118, 37, 2655, 176.69, 5
2026/10/03 11:15:44.300, 20118, 37, 2655, 176.69, 5
2026/10/03 11:15:44.350, 20118, 37, 2662, 146.18, 5
2026/10/03 11:15:44.401, 20118, 37, 2662, 146.18, 5
2026/10/03 11:15:44.451, 20118, 37, 2662, 146.18, 5
2026/10/03 11:15:44.501, 20118, 37, 2662, 146.18, 5
2026/10/03 11:15:44.552, 20118, 37, 2662, 146.18, 5
2026/10/03 11:15:44.602, 20118, 37, 2662, 146.18, 5
2026/10/03 11:15:44.652, 20118, 37, 2662, 146.18, 5
2026/10/03 11:15:44.702, 20118, 37, 2662, 146.18, 5
2026/10/03 11:15:44.753, 20118, 37, 2662, 146.18, 5
2026/10/03 11:15:44.803, 20118, 37, 2662, 146.18, 5
2026/10/03 11:15:44.853, 20118, 37, 2655, 179.59, 5
2026/10/03 11:15:44.903, 20118, 37, 2655, 179.59, 5
2026/10/03 11:15:44.954, 20118, 37, 2655, 179.59, 5
2026/10/03 11:15:45.004, 20118, 37, 2655, 179.59, 5
2026/10/03 11:15:45.054, 20118, 37, 2655, 179.59, 5
2026/10/03 11:15:45.105, 20118, 37, 2655, 179.59, 5
2026/10/03 11:15:45.155, 20118, 37, 2655, 179.59, 5
2026/10/03 11:15:45.205, 20118, 37, 2655, 179.59, 5
2026/10/03 11:15:45.255, 20118, 37, 2655, 179.59, 5
2026/10/03 11:15:45.306, 20118, 37, 2655, 179.59, 5
2026/10/03 11:15:45.356, 20118, 37, 2662, 148.98, 5
2026/10/03 11:15:45.406, 20118, 37, 2662, 148.98, 5
2026/10/03 11:15:45.456, 20118, 37, 2662, 148.98, 5
2026/10/03 11:15:45.507, 20118, 37, 2662, 148.98, 5
2026/10/03 11:15:45.557, 20118, 37, 2662, 148.98, 5
2026/10/03 11:15:45.607, 20118, 37, 2662, 148.98, 5
2026/10/03 11:15:45.657, 20118, 37, 2662, 148.98, 5
2026/10/03 11:15:45.708, 20118, 37, 2662, 148.98, 5
2026/10/03 11:15:45.758, 20118, 37, 2662, 148.98, 5
2026/10/03 11:15:45.808, 20118, 37, 2662, 148.98, 5
2026/10/03 11:15:45.858, 20118, 38, 2662, 179.97, 5
2026/10/03 11:15:45.909, 20118, 38, 2662, 179.97, 5
2026/10/03 11:15:45.959, 20118, 38, 2662, 179.97, 5
2026/10/03 11:15:46.009, 20118, 38, 2662, 179.97, 5
2026/10/03 11:15:46.060, 20118, 38, 2662, 179.97, 5
2026/10/03 11:15:46.110, 20118, 38, 2662, 179.97, 5
2026/10/03 11:15:46.160, 20118, 38, 2662, 179.97, 5
2026/10/03 11:15:46.211, 20118, 38, 2662, 179.97, 5
2026/10/03 11:15:46.261, 20118, 38, 2662, 179.97, 5
2026/10/03 11:15:46.311, 20118, 38, 2662, 179.97, 5
2026/10/03 11:15:46.361, 20118, 38, 2662, 152.41, 5
2026/10/03 11:15:46.411, 20118, 38, 2662, 152.41, 5
2026/10/03 11:15:46.462, 20118, 38, 2662, 152.41, 5
2026/10/03 11:15:46.512, 20118, 38, 2662, 152.41, 5
2026/10/03 11:15:46.562, 20118, 38, 2662, 152.41, 5
2026/10/03 11:15:46.612, 20118, 38, 2662, 152.41, 5
2026/10/03 11:15:46.663, 20118, 38, 2662, 152.41, 5
2026/10/03 11:15:46.713, 20118, 38, 2662, 152.41, 5
2026/10/03 11:15:46.763, 20118, 38, 2662, 152.41, 5
2026/10/03 11:15:46.814, 20118, 38, 2662, 152.41, 5
2026/10/03 11:15:46.864, 20118, 35, 2662, 162.84, 5
2026/10/03 11:15:46.914, 20118, 35, 2662, 162.84, 5
2026/10/03 11:15:46.964, 20118, 35, 2662, 162.84, 5
2026/10/03 11:15:47.015, 20118, 35, 2662, 162.84, 5
2026/10/03 11:15:47.065, 20118, 35, 2662, 162.84, 5
2026/10/03 11:15:47.115, 20118, 35, 2662, 162.84, 5
2026/10/03 11:15:47.165, 20118, 35, 2662, 162.84, 5
2026/10/03 11:15:47.216, 20118, 35, 2662, 162.84, 5
2026/10/03 11:15:47.266, 20118, 35, 2662, 162.84, 5
2026/10/03 11:15:47.316, 20118, 35, 2662, 162.84, 5
2026/10/03 11:15:47.367, 20118, 35, 2647, 164.54, 5
2026/10/03 11:15:47.417, 20118, 35, 2647, 164.54, 5
2026/10/03 11:15:47.467, 20118, 35, 2647, 164.54, 5
2026/10/03 11:15:47.518, 20118, 35, 2647, 164.54, 5
2026/10/03 11:15:47.568, 20118, 35, 2647, 164.54, 5
2026/10/03 11:15:47.618, 20118, 35, 2647, 164.54, 5
2026/10/03 11:15:47.668, 20118, 35, 2647, 164.54, 5
2026/10/03 11:15:47.718, 20118, 35, 2647, 164.54, 5
2026/10/03 11:15:47.769, 20118, 35, 2647, 164.54, 5
2026/10/03 11:15:47.819, 20118, 35, 2647, 164.54, 5
2026/10/03 11:15:47.869, 20118, 30, 2662, 148.73, 5
2026/10/03 11:15:47.919, 20118, 30, 2662, 148.73, 5
2026/10/03 11:15:47.970, 20118, 30, 2662, 148.73, 5
2026/10/03 11:15:48.020, 20118, 30, 2662, 148.73, 5
2026/10/03 11:15:48.070, 20118, 30, 2662, 148.73, 5
2026/10/03 11:15:48.120, 20118, 30, 2662, 148.73, 5
2026/10/03 11:15:48.170, 20118, 30, 2662, 148.73, 5
2026/10/03 11:15:48.221, 20118, 30, 2662, 148.73, 5
2026/10/03 11:15:48.271, 20118, 30, 2662, 148.73, 5
2026/10/03 11:15:48.321, 20118, 30, 2662, 148.73, 5
2026/10/03 11:15:48.371, 20118, 30, 2640, 208.04, 5
2026/10/03 11:15:48.422, 20118, 30, 2640, 208.04, 5
2026/10/03 11:15:48.472, 20118, 30, 2640, 208.04, 5
2026/10/03 11:15:48.522, 20118, 30, 2640, 208.04, 5
2026/10/03 11:15:48.572, 20118, 30, 2640, 208.04, 5
2026/10/03 11:15:48.623, 20118, 30, 2640, 208.04, 5
2026/10/03 11:15:48.673, 20118, 30, 2640, 208.04, 5
2026/10/03 11:15:48.723, 20118, 30, 2640, 208.04, 5
2026/10/03 11:15:48.774, 20118, 30, 2640, 208.04, 5
2026/10/03 11:15:48.824, 20118, 30, 2640, 208.04, 5
2026/10/03 11:15:48.874, 20118, 30, 2662, 165.18, 5
2026/10/03 11:15:48.925, 20118, 30, 2662, 165.18, 5
2026/10/03 11:15:48.975, 20118, 30, 2662, 165.18, 5
2026/10/03 11:15:49.025, 20118, 30, 2662, 165.18, 5
2026/10/03 11:15:49.076, 20118, 30, 2662, 165.18, 5
2026/10/03 11:15:49.126, 20118, 30, 2662, 165.18, 5
2026/10/03 11:15:49.176, 20118, 30, 2662, 165.18, 5
2026/10/03 11:15:49.226, 20118, 30, 2662, 165.18, 5
2026/10/03 11:15:49.277, 20118, 30, 2662, 165.18, 5
2026/10/03 11:15:49.327, 20118, 30, 2662, 165.18, 5
2026/10/03 11:15:49.377, 20118, 30, 2670, 142.39, 5
2026/10/03 11:15:49.427, 20118, 30, 2670, 142.39, 5
2026/10/03 11:15:49.477, 20118, 30, 2670, 142.39, 5
2026/10/03 11:15:49.528, 20118, 30, 2670, 142.39, 5
2026/10/03 11:15:49.578, 20118, 30, 2670, 142.39, 5
2026/10/03 11:15:49.629, 20118, 30, 2670, 142.39, 5
2026/10/03 11:15:49.679, 20118, 30, 2670, 142.39, 5
2026/10/03 11:15:49.729, 20118, 30, 2670, 142.39, 5
2026/10/03 11:15:49.779, 20118, 30, 2670, 142.39, 5
2026/10/03 11:15:49.829, 20118, 30, 2662, 163.17, 5
2026/10/03 11:15:49.880, 20118, 35, 2662, 163.17, 5
2026/10/03 11:15:49.930, 20118, 35, 2662, 163.17, 5
2026/10/03 11:15:49.981, 20118, 35, 2662, 163.17, 5
2026/10/03 11:15:50.031, 20118, 35, 2662, 163.17, 5
2026/10/03 11:15:50.081, 20118, 35, 2662, 163.17, 5
2026/10/03 11:15:50.131, 20118, 35, 2662, 163.17, 5
2026/10/03 11:15:50.182, 20118, 35, 2662, 163.17, 5
2026/10/03 11:15:50.232, 20118, 35, 2662, 163.17, 5
2026/10/03 11:15:50.282, 20118, 35, 2662, 163.17, 5
2026/10/03 11:15:50.332, 20118, 35, 2655, 181.46, 5
2026/10/03 11:15:50.383, 20118, 35, 2655, 181.46, 5
2026/10/03 11:15:50.433, 20118, 35, 2655, 181.46, 5
2026/10/03 11:15:50.483, 20118, 35, 2655, 181.46, 5
2026/10/03 11:15:50.533, 20118, 35, 2655, 181.46, 5
2026/10/03 11:15:50.584, 20118, 35, 2655, 181.46, 5
2026/10/03 11:15:50.634, 20118, 35, 2655, 181.46, 5
2026/10/03 11:15:50.684, 20118, 35, 2655, 181.46, 5
2026/10/03 11:15:50.734, 20118, 35, 2655, 181.46, 5
2026/10/03 11:15:50.785, 20118, 35, 2655, 181.46, 5
2026/10/03 11:15:50.835, 20118, 28, 2670, 142.44, 5
2026/10/03 11:15:50.885, 20118, 28, 2670, 142.44, 5
2026/10/03 11:15:50.936, 20118, 28, 2670, 142.44, 5
2026/10/03 11:15:50.986, 20118, 28, 2670, 142.44, 5
2026/10/03 11:15:51.036, 20118, 28, 2670, 142.44, 5
2026/10/03 11:15:51.086, 20118, 28, 2670, 142.44, 5
2026/10/03 11:15:51.136, 20118, 28, 2670, 142.44, 5
2026/10/03 11:15:51.187, 20118, 28, 2670, 142.44, 5
2026/10/03 11:15:51.237, 20118, 28, 2670, 142.44, 5
2026/10/03 11:15:51.287, 20118, 28, 2670, 142.44, 5
2026/10/03 11:15:51.337, 20118, 28, 2655, 175.60, 5
2026/10/03 11:15:51.388, 20118, 28, 2655, 175.60, 5
2026/10/03 11:15:51.438, 20118, 28, 2655, 175.60, 5
2026/10/03 11:15:51.488, 20118, 28, 2655, 175.60, 5
2026/10/03 11:15:51.538, 20118, 28, 2655, 175.60, 5
2026/10/03 11:15:51.589, 20118, 28, 2655, 175.60, 5
2026/10/03 11:15:51.639, 20118, 28, 2655, 175.60, 5
2026/10/03 11:15:51.689, 20118, 28, 2655, 175.60, 5
2026/10/03 11:15:51.739, 20118, 28, 2655, 175.60, 5
2026/10/03 11:15:51.789, 20118, 28, 2655, 175.60, 5
2026/10/03 11:15:51.840, 20118, 29, 2647, 163.19, 5
2026/10/03 11:15:51.890, 20118, 29, 2647, 163.19, 5
2026/10/03 11:15:51.940, 20118, 29, 2647, 163.19, 5
2026/10/03 11:15:51.991, 20118, 29, 2647, 163.19, 5
2026/10/03 11:15:52.041, 20118, 29, 2647, 163.19, 5
2026/10/03 11:15:52.091, 20118, 29, 2647, 163.19, 5
2026/10/03 11:15:52.142, 20118, 29, 2647, 163.19, 5
2026/10/03 11:15:52.192, 20118, 29, 2647, 163.19, 5
2026/10/03 11:15:52.242, 20118, 29, 2647, 163.19, 5
2026/10/03 11:15:52.293, 20118, 29, 2647, 163.19, 5
2026/10/03 11:15:52.343, 20118, 29, 2655, 148.33, 5
2026/10/03 11:15:52.393, 20118, 29, 2655, 148.33, 5
2026/10/03 11:15:52.444, 20118, 29, 2655, 148.33, 5
2026/10/03 11:15:52.494, 20118, 29, 2655, 148.33, 5
2026/10/03 11:15:52.544, 20118, 29, 2655, 148.33, 5
2026/10/03 11:15:52.594, 20118, 29, 2655, 148.33, 5
2026/10/03 11:15:52.645, 20118, 29, 2655, 148.33, 5
2026/10/03 11:15:52.695, 20118, 29, 2655, 148.33, 5
2026/10/03 11:15:52.745, 20118, 29, 2655, 148.33, 5
2026/10/03 11:15:52.796, 20118, 29, 2655, 148.33, 5
2026/10/03 11:15:52.846, 20118, 36, 2647, 174.31, 5
2026/10/03 11:15:52.897, 20118, 36, 2647, 174.31, 5
2026/10/03 11:15:52.947, 20118, 36, 2647, 174.31, 5
2026/10/03 11:15:52.997, 20118, 36, 2647, 174.31, 5
2026/10/03 11:15:53.048, 20118, 36, 2647, 174.31, 5
2026/10/03 11:15:53.098, 20118, 36, 2647, 174.31, 5
2026/10/03 11:15:53.148, 20118, 36, 2647, 174.31, 5
2026/10/03 11:15:53.198, 20118, 36, 2647, 174.31, 5
2026/10/03 11:15:53.248, 20118, 36, 2647, 174.31, 5
2026/10/03 11:15:53.299, 20118, 36, 2647, 174.31, 5
2026/10/03 11:15:53.349, 20118, 36, 2662, 147.83, 5
2026/10/03 11:15:53.399, 20118, 36, 2662, 147.83, 5
2026/10/03 11:15:53.450, 20118, 36, 2662, 147.83, 5
2026/10/03 11:15:53.500, 20118, 36, 2662, 147.83, 5
2026/10/03 11:15:53.551, 20118, 36, 2662, 147.83, 5
2026/10/03 11:15:53.601, 20118, 36, 2662, 147.83, 5
2026/10/03 11:15:53.651, 20118, 36, 2662, 147.83, 5
2026/10/03 11:15:53.702, 20118, 36, 2662, 147.83, 5
2026/10/03 11:15:53.752, 20118, 36, 2662, 147.83, 5
2026/10/03 11:15:53.802, 20118, 36, 2662, 147.83, 5
2026/10/03 11:15:53.853, 20118, 28, 2640, 161.76, 5
2026/10/03 11:15:53.903, 20118, 28, 2640, 161.76, 5
2026/10/03 11:15:53.953, 20118, 28, 2640, 161.76, 5
2026/10/03 11:15:54.003, 20118, 28, 2640, 161.76, 5
2026/10/03 11:15:54.054, 20118, 28, 2640, 161.76, 5
2026/10/03 11:15:54.104, 20118, 28, 2640, 161.76, 5
2026/10/03 11:15:54.154, 20118, 28, 2640, 161.76, 5
2026/10/03 11:15:54.204, 20118, 28, 2640, 161.76, 5
2026/10/03 11:15:54.255, 20118, 28, 2640, 161.76, 5
2026/10/03 11:15:54.305, 20118, 28, 2640, 161.76, 5
2026/10/03 11:15:54.355, 20118, 28, 2662, 152.47, 5
2026/10/03 11:15:54.405, 20118, 28, 2662, 152.47, 5
2026/10/03 11:15:54.456, 20118, 28, 2662, 152.47, 5
2026/10/03 11:15:54.506, 20118, 28, 2662, 152.47, 5
2026/10/03 11:15:54.556, 20118, 28, 2662, 152.47, 5
2026/10/03 11:15:54.607, 20118, 28, 2662, 152.47, 5
2026/10/03 11:15:54.657, 20118, 28, 2662, 152.47, 5
2026/10/03 11:15:54.707, 20118, 28, 2662, 152.47, 5
2026/10/03 11:15:54.757, 20118, 28, 2662, 152.47, 5
2026/10/03 11:15:54.808, 20118, 28, 2662, 152.47, 5
2026/10/03 11:15:54.858, 20118, 34, 2647, 176.03, 5
2026/10/03 11:15:54.908, 20118, 34, 2647, 176.03, 5
2026/10/03 11:15:54.959, 20118, 34, 2647, 176.03, 5
2026/10/03 11:15:55.009, 20118, 34, 2647, 176.03, 5
2026/10/03 11:15:55.059, 20118, 34, 2647, 176.03, 5
2026/10/03 11:15:55.109, 20118, 34, 2647, 176.03, 5
2026/10/03 11:15:55.160, 20118, 34, 2647, 176.03, 5
2026/10/03 11:15:55.210, 20118, 34, 2647, 176.03, 5
2026/10/03 11:15:55.260, 20118, 34, 2647, 176.03, 5
2026/10/03 11:15:55.310, 20118, 34, 2647, 176.03, 5
2026/10/03 11:15:55.361, 20118, 34, 2662, 151.05, 5
2026/10/03 11:15:55.411, 20118, 34, 2662, 151.05, 5
2026/10/03 11:15:55.461, 20118, 34, 2662, 151.05, 5
2026/10/03 11:15:55.512, 20118, 34, 2662, 151.05, 5
2026/10/03 11:15:55.562, 20118, 34, 2662, 151.05, 5
2026/10/03 11:15:55.612, 20118, 34, 2662, 151.05, 5
2026/10/03 11:15:55.662, 20118, 34, 2662, 151.05, 5
2026/10/03 11:15:55.713, 20118, 34, 2662, 151.05, 5
2026/10/03 11:15:55.763, 20118, 34, 2662, 151.05, 5
2026/10/03 11:15:55.813, 20118, 34, 2662, 151.05, 5
2026/10/03 11:15:55.863, 20118, 27, 2647, 157.78, 5
2026/10/03 11:15:55.914, 20118, 27, 2647, 157.78, 5
2026/10/03 11:15:55.964, 20118, 27, 2647, 157.78, 5
2026/10/03 11:15:56.014, 20118, 27, 2647, 157.78, 5
2026/10/03 11:15:56.064, 20118, 27, 2647, 157.78, 5
2026/10/03 11:15:56.115, 20118, 27, 2647, 157.78, 5
2026/10/03 11:15:56.165, 20118, 27, 2647, 157.78, 5
2026/10/03 11:15:56.215, 20118, 27, 2647, 157.78, 5
2026/10/03 11:15:56.265, 20118, 27, 2647, 157.78, 5
2026/10/03 11:15:56.316, 20118, 27, 2647, 157.78, 5
2026/10/03 11:15:56.366, 20118, 27, 2662, 165.88, 5
2026/10/03 11:15:56.416, 20118, 27, 2662, 165.88, 5
2026/10/03 11:15:56.467, 20118, 27, 2662, 165.88, 5
2026/10/03 11:15:56.517, 20118, 27, 2662, 165.88, 5
2026/10/03 11:15:56.567, 20118, 27, 2662, 165.88, 5
2026/10/03 11:15:56.617, 20118, 27, 2662, 165.88, 5
2026/10/03 11:15:56.668, 20118, 27, 2662, 165.88, 5
2026/10/03 11:15:56.718, 20118, 27, 2662, 165.88, 5
2026/10/03 11:15:56.768, 20118, 27, 2662, 165.88, 5
2026/10/03 11:15:56.819, 20118, 27, 2662, 165.88, 5
2026/10/03 11:15:56.869, 20118, 19, 2647, 141.53, 5
2026/10/03 11:15:56.919, 20118, 19, 2647, 141.53, 5
2026/10/03 11:15:56.970, 20118, 19, 2647, 141.53, 5
2026/10/03 11:15:57.020, 20118, 19, 2647, 141.53, 5
2026/10/03 11:15:57.070, 20118, 19, 2647, 141.53, 5
2026/10/03 11:15:57.120, 20118, 19, 2647, 141.53, 5
2026/10/03 11:15:57.170, 20118, 19, 2647, 141.53, 5
2026/10/03 11:15:57.221, 20118, 19, 2647, 141.53, 5
2026/10/03 11:15:57.271, 20118, 19, 2647, 141.53, 5
2026/10/03 11:15:57.321, 20118, 19, 2647, 141.53, 5
2026/10/03 11:15:57.371, 20118, 19, 2475, 70.58, 5
2026/10/03 11:15:57.421, 20118, 19, 2475, 70.58, 5
2026/10/03 11:15:57.471, 20118, 19, 2475, 70.58, 5
2026/10/03 11:15:57.522, 20118, 19, 2475, 70.58, 5
2026/10/03 11:15:57.572, 20118, 19, 2475, 70.58, 5
2026/10/03 11:15:57.622, 20118, 19, 2475, 70.58, 5
2026/10/03 11:15:57.672, 20118, 19, 2475, 70.58, 5
2026/10/03 11:15:57.722, 20118, 19, 2475, 70.58, 5
2026/10/03 11:15:57.772, 20118, 19, 2475, 70.58, 5
2026/10/03 11:15:57.823, 20118, 19, 2475, 70.58, 5
2026/10/03 11:15:57.873, 20118, 0, 2482, 69.97, 5
2026/10/03 11:15:57.923, 20118, 0, 2482, 69.97, 5
2026/10/03 11:15:57.973, 20118, 0, 2482, 69.97, 5
2026/10/03 11:15:58.023, 20118, 0, 2482, 69.97, 5
2026/10/03 11:15:58.074, 20118, 0, 2482, 69.97, 5
2026/10/03 11:15:58.124, 20118, 0, 2482, 69.97, 5
2026/10/03 11:15:58.174, 20118, 0, 2482, 69.97, 5
2026/10/03 11:15:58.224, 20118, 0, 2482, 69.97, 5
2026/10/03 11:15:58.275, 20118, 0, 2482, 69.97, 5
2026/10/03 11:15:58.325, 20118, 0, 2482, 69.97, 5
2026/10/03 11:15:58.375, 20118, 0, 2475, 68.78, 5
2026/10/03 11:15:58.425, 20118, 0, 2475, 68.78, 5
2026/10/03 11:15:58.475, 20118, 0, 2475, 68.78, 5
2026/10/03 11:15:58.525, 20120, 0, 2475, 68.78, 5
2026/10/03 11:15:58.576, 20120, 0, 2475, 68.78, 5
2026/10/03 11:15:58.626, 20120, 0, 2475, 68.78, 5
2026/10/03 11:15:58.676, 20120, 0, 2475, 68.78, 5
2026/10/03 11:15:58.727, 20120, 0, 2475, 68.78, 5
2026/10/03 11:15:58.777, 20120, 0, 2475, 68.78, 5
2026/10/03 11:15:58.827, 20120, 0, 2475, 68.78, 5
2026/10/03 11:15:58.877, 20120, 0, 2482, 68.56, 5
2026/10/03 11:15:58.927, 20120, 0, 2482, 68.56, 5
2026/10/03 11:15:58.978, 20122, 0, 2482, 68.56, 5
2026/10/03 11:15:59.028, 20122, 0, 2482, 68.56, 5
2026/10/03 11:15:59.078, 20122, 0, 2482, 68.56, 5
2026/10/03 11:15:59.128, 20122, 0, 2482, 68.56, 5
2026/10/03 11:15:59.178, 20122, 0, 2482, 68.56, 5
2026/10/03 11:15:59.228, 20122, 0, 2482, 68.56, 5
2026/10/03 11:15:59.279, 20122, 0, 2482, 68.56, 5
2026/10/03 11:15:59.329, 20122, 0, 2482, 68.56, 5
2026/10/03 11:15:59.379, 20122, 0, 2482, 69.13, 5
2026/10/03 11:15:59.429, 20122, 0, 2482, 69.13, 5
2026/10/03 11:15:59.479, 20122, 0, 2482, 69.13, 5
2026/10/03 11:15:59.529, 20122, 0, 2482, 69.13, 5
2026/10/03 11:15:59.580, 20122, 0, 2482, 69.13, 5
2026/10/03 11:15:59.630, 20122, 0, 2482, 69.13, 5
2026/10/03 11:15:59.680, 20122, 0, 2482, 69.13, 5
2026/10/03 11:15:59.730, 20122, 0, 2482, 69.13, 5
2026/10/03 11:15:59.780, 20122, 0, 2482, 69.13, 5
2026/10/03 11:15:59.831, 20122, 0, 2482, 69.13, 5
2026/10/03 11:15:59.881, 20122, 0, 2482, 68.89, 5
2026/10/03 11:15:59.931, 20122, 0, 2482, 68.89, 5
2026/10/03 11:15:59.981, 20122, 0, 2482, 68.89, 5
2026/10/03 11:16:00.032, 20122, 0, 2482, 68.89, 5
2026/10/03 11:16:00.082, 20122, 0, 2482, 68.89, 5
2026/10/03 11:16:00.132, 20122, 0, 2482, 68.89, 5
2026/10/03 11:16:00.182, 20122, 0, 2482, 68.89, 5
2026/10/03 11:16:00.232, 20122, 0, 2482, 68.89, 5
2026/10/03 11:16:00.282, 20124, 0, 2482, 68.89, 5
2026/10/03 11:16:00.333, 20124, 0, 2475, 68.69, 5
2026/10/03 11:16:00.383, 20124, 0, 2475, 68.69, 5
2026/10/03 11:16:00.433, 20124, 0, 2475, 68.69, 5
2026/10/03 11:16:00.483, 20124, 0, 2475, 68.69, 5
2026/10/03 11:16:00.533, 20124, 0, 2475, 68.69, 5
2026/10/03 11:16:00.584, 20124, 0, 2475, 68.69, 5
2026/10/03 11:16:00.634, 20124, 0, 2475, 68.69, 5
2026/10/03 11:16:00.684, 20124, 0, 2475, 68.69, 5
2026/10/03 11:16:00.734, 20126, 0, 2475, 68.69, 5
2026/10/03 11:16:00.784, 20126, 0, 2475, 68.69, 5
2026/10/03 11:16:00.835, 20126, 0, 2475, 69.81, 5
2026/10/03 11:16:00.885, 20126, 0, 2475, 69.81, 5
2026/10/03 11:16:00.935, 20126, 0, 2475, 69.81, 5
2026/10/03 11:16:00.985, 20126, 0, 2475, 69.81, 5
2026/10/03 11:16:01.035, 20126, 0, 2475, 69.81, 5
2026/10/03 11:16:01.085, 20126, 0, 2475, 69.81, 5
2026/10/03 11:16:01.136, 20126, 0, 2475, 69.81, 5
2026/10/03 11:16:01.186, 20128, 0, 2475, 69.81, 5
2026/10/03 11:16:01.236, 20128, 0, 2475, 69.81, 5
2026/10/03 11:16:01.286, 20128, 0, 2475, 69.81, 5
2026/10/03 11:16:01.336, 20128, 0, 2482, 69.50, 5
2026/10/03 11:16:01.386, 20128, 0, 2482, 69.50, 5
2026/10/03 11:16:01.437, 20128, 0, 2482, 69.50, 5
2026/10/03 11:16:01.487, 20128, 0, 2482, 69.50, 5
2026/10/03 11:16:01.538, 20128, 0, 2482, 69.50, 5
2026/10/03 11:16:01.588, 20128, 0, 2482, 69.50, 5
2026/10/03 11:16:01.638, 20128, 0, 2482, 69.50, 5
2026/10/03 11:16:01.689, 20128, 0, 2482, 69.50, 5
2026/10/03 11:16:01.739, 20128, 0, 2482, 69.50, 5
2026/10/03 11:16:01.789, 20128, 0, 2482, 69.50, 5
2026/10/03 11:16:01.839, 20128, 0, 2475, 68.74, 5
2026/10/03 11:16:01.890, 20128, 0, 2475, 68.74, 5
2026/10/03 11:16:01.940, 20128, 0, 2475, 68.74, 5
2026/10/03 11:16:01.990, 20128, 0, 2475, 68.74, 5
2026/10/03 11:16:02.040, 20128, 0, 2475, 68.74, 5
2026/10/03 11:16:02.090, 20128, 0, 2475, 68.74, 5
2026/10/03 11:16:02.141, 20128, 0, 2475, 68.74, 5
2026/10/03 11:16:02.191, 20128, 0, 2475, 68.74, 5
2026/10/03 11:16:02.241, 20128, 0, 2475, 68.74, 5
2026/10/03 11:16:02.291, 20128, 0, 2475, 68.74, 5
2026/10/03 11:16:02.341, 20128, 0, 2482, 68.93, 5
2026/10/03 11:16:02.392, 20128, 0, 2482, 68.93, 5
2026/10/03 11:16:02.442, 20128, 0, 2482, 68.93, 5
2026/10/03 11:16:02.492, 20128, 0, 2482, 68.93, 5
2026/10/03 11:16:02.542, 20130, 0, 2482, 68.93, 5
2026/10/03 11:16:02.592, 20130, 0, 2482, 68.93, 5
2026/10/03 11:16:02.643, 20130, 0, 2482, 68.93, 5
2026/10/03 11:16:02.693, 20130, 0, 2482, 68.93, 5
2026/10/03 11:16:02.743, 20130, 0, 2482, 68.93, 5
2026/10/03 11:16:02.793, 20130, 0, 2482, 68.93, 5
2026/10/03 11:16:02.843, 20130, 0, 2482, 69.55, 5
2026/10/03 11:16:02.893, 20130, 0, 2482, 69.55, 5
2026/10/03 11:16:02.944, 20130, 0, 2482, 69.55, 5
2026/10/03 11:16:02.994, 20132, 0, 2482, 69.55, 5
2026/10/03 11:16:03.044, 20132, 0, 2482, 69.55, 5
2026/10/03 11:16:03.094, 20132, 0, 2482, 69.55, 5
2026/10/03 11:16:03.144, 20132, 0, 2482, 69.55, 5
2026/10/03 11:16:03.194, 20132, 0, 2482, 69.55, 5
2026/10/03 11:16:03.245, 20132, 0, 2482, 69.55, 5
2026/10/03 11:16:03.295, 20132, 0, 2482, 69.55, 5
2026/10/03 11:16:03.345, 20132, 0, 2482, 68.81, 5
2026/10/03 11:16:03.395, 20132, 0, 2482, 68.81, 5
2026/10/03 11:16:03.445, 20132, 0, 2482, 68.81, 5
2026/10/03 11:16:03.496, 20132, 0, 2482, 68.81, 5
2026/10/03 11:16:03.546, 20132, 0, 2482, 68.81, 5
2026/10/03 11:16:03.596, 20132, 0, 2482, 68.81, 5
2026/10/03 11:16:03.646, 20132, 0, 2482, 68.81, 5
2026/10/03 11:16:03.696, 20132, 0, 2482, 68.81, 5
2026/10/03 11:16:03.747, 20132, 0, 2482, 68.81, 5
2026/10/03 11:16:03.797, 20132, 0, 2482, 68.81, 5
2026/10/03 11:16:03.847, 20132, 0, 2475, 68.85, 5
2026/10/03 11:16:03.897, 20132, 0, 2475, 68.85, 5
2026/10/03 11:16:03.947, 20132, 0, 2475, 68.85, 5
2026/10/03 11:16:03.998, 20132, 0, 2475, 68.85, 5
2026/10/03 11:16:04.048, 20132, 0, 2475, 68.85, 5
2026/10/03 11:16:04.098, 20132, 0, 2475, 68.85, 5
2026/10/03 11:16:04.148, 20132, 0, 2475, 68.85, 5
2026/10/03 11:16:04.198, 20132, 0, 2475, 68.85, 5
2026/10/03 11:16:04.249, 20132, 0, 2475, 68.85, 5
2026/10/03 11:16:04.299, 20134, 0, 2475, 68.85, 5
2026/10/03 11:16:04.349, 20134, 0, 2475, 68.35, 5
2026/10/03 11:16:04.399, 20134, 0, 2475, 68.35, 5
2026/10/03 11:16:04.449, 20134, 0, 2475, 68.35, 5
2026/10/03 11:16:04.499, 20134, 0, 2475, 68.35, 5
2026/10/03 11:16:04.550, 20134, 0, 2475, 68.35, 5
2026/10/03 11:16:04.600, 20134, 0, 2475, 68.35, 5
2026/10/03 11:16:04.650, 20134, 0, 2475, 68.35, 5
2026/10/03 11:16:04.700, 20134, 0, 2475, 68.35, 5
2026/10/03 11:16:04.750, 20136, 0, 2475, 68.35, 5
2026/10/03 11:16:04.800, 20136, 0, 2475, 68.35, 5
2026/10/03 11:16:04.850, 20136, 1, 2482, 69.43, 5
2026/10/03 11:16:04.901, 20136, 1, 2482, 69.43, 5
2026/10/03 11:16:04.951, 20136, 1, 2482, 69.43, 5
2026/10/03 11:16:05.001, 20136, 1, 2482, 69.43, 5
2026/10/03 11:16:05.051, 20136, 1, 2482, 69.43, 5
2026/10/03 11:16:05.102, 20136, 1, 2482, 69.43, 5
2026/10/03 11:16:05.152, 20136, 1, 2482, 69.43, 5
2026/10/03 11:16:05.202, 20136, 1, 2482, 69.43, 5
2026/10/03 11:16:05.252, 20136, 1, 2482, 69.43, 5
2026/10/03 11:16:05.302, 20136, 1, 2482, 69.43, 5
2026/10/03 11:16:05.353, 20136, 1, 2475, 68.75, 5
2026/10/03 11:16:05.403, 20136, 1, 2475, 68.75, 5
2026/10/03 11:16:05.453, 20136, 1, 2475, 68.75, 5
2026/10/03 11:16:05.503, 20136, 1, 2475, 68.75, 5
2026/10/03 11:16:05.553, 20136, 1, 2475, 68.75, 5
2026/10/03 11:16:05.604, 20136, 1, 2475, 68.75, 5
2026/10/03 11:16:05.654, 20136, 1, 2475, 68.75, 5
2026/10/03 11:16:05.704, 20136, 1, 2475, 68.75, 5
2026/10/03 11:16:05.754, 20136, 1, 2475, 68.75, 5
2026/10/03 11:16:05.804, 20136, 1, 2475, 68.75, 5
2026/10/03 11:16:05.855, 20136, 0, 2482, 68.60, 5
2026/10/03 11:16:05.905, 20136, 0, 2482, 68.60, 5
2026/10/03 11:16:05.955, 20136, 0, 2482, 68.60, 5
2026/10/03 11:16:06.005, 20136, 0, 2482, 68.60, 5
2026/10/03 11:16:06.055, 20138, 0, 2482, 68.60, 5
2026/10/03 11:16:06.106, 20138, 0, 2482, 68.60, 5
2026/10/03 11:16:06.156, 20138, 0, 2482, 68.60, 5
2026/10/03 11:16:06.206, 20138, 0, 2482, 68.60, 5
2026/10/03 11:16:06.256, 20138, 0, 2482, 68.60, 5
2026/10/03 11:16:06.306, 20138, 0, 2482, 68.60, 5
2026/10/03 11:16:06.356, 20138, 0, 2482, 68.13, 5
2026/10/03 11:16:06.407, 20138, 0, 2482, 68.13, 5
2026/10/03 11:16:06.457, 20138, 0, 2482, 68.13, 5
2026/10/03 11:16:06.507, 20140, 0, 2482, 68.13, 5
2026/10/03 11:16:06.557, 20140, 0, 2482, 68.13, 5
2026/10/03 11:16:06.607, 20140, 0, 2482, 68.13, 5
2026/10/03 11:16:06.657, 20140, 0, 2482, 68.13, 5
2026/10/03 11:16:06.707, 20140, 0, 2482, 68.13, 5
2026/10/03 11:16:06.758, 20140, 0, 2482, 68.13, 5
2026/10/03 11:16:06.808, 20140, 0, 2482, 68.13, 5
2026/10/03 11:16:06.858, 20140, 0, 2482, 68.49, 5
2026/10/03 11:16:06.908, 20140, 0, 2482, 68.49, 5
2026/10/03 11:16:06.959, 20140, 0, 2482, 68.49, 5
2026/10/03 11:16:07.009, 20140, 0, 2482, 68.49, 5
2026/10/03 11:16:07.059, 20140, 0, 2482, 68.49, 5
2026/10/03 11:16:07.109, 20140, 0, 2482, 68.49, 5
2026/10/03 11:16:07.159, 20140, 0, 2482, 68.49, 5
2026/10/03 11:16:07.209, 20140, 0, 2482, 68.49, 5
2026/10/03 11:16:07.260, 20140, 0, 2482, 68.49, 5
2026/10/03 11:16:07.310, 20140, 0, 2482, 68.49, 5
2026/10/03 11:16:07.360, 20140, 0, 2475, 68.15, 5
2026/10/03 11:16:07.410, 20140, 0, 2475, 68.15, 5
2026/10/03 11:16:07.460, 20140, 0, 2475, 68.15, 5
2026/10/03 11:16:07.510, 20140, 0, 2475, 68.15, 5
2026/10/03 11:16:07.560, 20140, 0, 2475, 68.15, 5
2026/10/03 11:16:07.611, 20140, 0, 2475, 68.15, 5
2026/10/03 11:16:07.661, 20140, 0, 2475, 68.15, 5
2026/10/03 11:16:07.711, 20140, 0, 2475, 68.15, 5
2026/10/03 11:16:07.761, 20140, 0, 2475, 68.15, 5
2026/10/03 11:16:07.811, 20142, 0, 2475, 68.15, 5
2026/10/03 11:16:07.861, 20142, 0, 2475, 68.24, 5
2026/10/03 11:16:07.911, 20142, 0, 2475, 68.24, 5
2026/10/03 11:16:07.961, 20142, 0, 2475, 68.24, 5
2026/10/03 11:16:08.012, 20144, 0, 2475, 68.24, 5
2026/10/03 11:16:08.062, 20144, 0, 2475, 68.24, 5
2026/10/03 11:16:08.112, 20144, 0, 2475, 68.24, 5
2026/10/03 11:16:08.162, 20144, 0, 2475, 68.24, 5
2026/10/03 11:16:08.212, 20144, 0, 2475, 68.24, 5
2026/10/03 11:16:08.262, 20144, 0, 2475, 68.24, 5
2026/10/03 11:16:08.312, 20144, 0, 2475, 68.24, 5
2026/10/03 11:16:08.362, 20144, 0, 2482, 68.02, 5
2026/10/03 11:16:08.413, 20144, 0, 2482, 68.02, 5
2026/10/03 11:16:08.463, 20144, 0, 2482, 68.02, 5
2026/10/03 11:16:08.513, 20144, 0, 2482, 68.02, 5
2026/10/03 11:16:08.563, 20144, 0, 2482, 68.02, 5
2026/10/03 11:16:08.613, 20144, 0, 2482, 68.02, 5
2026/10/03 11:16:08.663, 20144, 0, 2482, 68.02, 5
2026/10/03 11:16:08.714, 20144, 0, 2482, 68.02, 5
2026/10/03 11:16:08.764, 20144, 0, 2482, 68.02, 5
2026/10/03 11:16:08.814, 20144, 0, 2482, 68.02, 5
2026/10/03 11:16:08.864, 20144, 0, 2475, 68.14, 5
2026/10/03 11:16:08.914, 20144, 0, 2475, 68.14, 5
2026/10/03 11:16:08.964, 20144, 0, 2475, 68.14, 5
2026/10/03 11:16:09.014, 20144, 0, 2475, 68.14, 5
2026/10/03 11:16:09.064, 20144, 0, 2475, 68.14, 5
2026/10/03 11:16:09.114, 20144, 0, 2475, 68.14, 5
2026/10/03 11:16:09.165, 20144, 0, 2475, 68.14, 5
2026/10/03 11:16:09.215, 20144, 0, 2475, 68.14, 5
2026/10/03 11:16:09.265, 20144, 0, 2475, 68.14, 5
2026/10/03 11:16:09.315, 20144, 0, 2475, 68.14, 5
2026/10/03 11:16:09.365, 20144, 0, 2475, 68.66, 5
2026/10/03 11:16:09.415, 20144, 0, 2475, 68.66, 5
2026/10/03 11:16:09.465, 20144, 0, 2475, 68.66, 5
2026/10/03 11:16:09.516, 20144, 0, 2475, 68.66, 5
2026/10/03 11:16:09.566, 20146, 0, 2475, 68.66, 5
2026/10/03 11:16:09.616, 20146, 0, 2475, 68.66, 5
2026/10/03 11:16:09.666, 20146, 0, 2475, 68.66, 5
2026/10/03 11:16:09.716, 20146, 0, 2475, 68.66, 5
2026/10/03 11:16:09.766, 20146, 0, 2475, 68.66, 5
2026/10/03 11:16:09.816, 20148, 0, 2475, 68.66, 5
2026/10/03 11:16:09.866, 20148, 0, 2482, 68.18, 5
2026/10/03 11:16:09.917, 20148, 0, 2482, 68.18, 5
2026/10/03 11:16:09.967, 20148, 0, 2482, 68.18, 5
2026/10/03 11:16:10.017, 20148, 0, 2482, 68.18, 5
2026/10/03 11:16:10.067, 20148, 0, 2482, 68.18, 5
2026/10/03 11:16:10.117, 20148, 0, 2482, 68.18, 5
2026/10/03 11:16:10.167, 20148, 0, 2482, 68.18, 5
2026/10/03 11:16:10.218, 20148, 0, 2482, 68.18, 5
2026/10/03 11:16:10.268, 20148, 0, 2482, 68.18, 5
2026/10/03 11:16:10.318, 20148, 0, 2482, 68.18, 5
2026/10/03 11:16:10.368, 20148, 0, 2482, 68.87, 5
2026/10/03 11:16:10.418, 20148, 0, 2482, 68.87, 5
2026/10/03 11:16:10.468, 20148, 0, 2482, 68.87, 5
2026/10/03 11:16:10.519, 20148, 0, 2482, 68.87, 5
2026/10/03 11:16:10.569, 20148, 0, 2482, 68.87, 5
2026/10/03 11:16:10.619, 20148, 0, 2482, 68.87, 5
2026/10/03 11:16:10.669, 20148, 0, 2482, 68.87, 5
2026/10/03 11:16:10.719, 20148, 0, 2482, 68.87, 5
2026/10/03 11:16:10.770, 20148, 0, 2482, 68.87, 5
2026/10/03 11:16:10.820, 20148, 0, 2482, 68.87, 5
2026/10/03 11:16:10.870, 20150, 0, 2475, 68.71, 5
2026/10/03 11:16:10.920, 20150, 0, 2475, 68.71, 5
2026/10/03 11:16:10.970, 20150, 0, 2475, 68.71, 5
2026/10/03 11:16:11.020, 20150, 0, 2475, 68.71, 5
2026/10/03 11:16:11.071, 20150, 0, 2475, 68.71, 5
2026/10/03 11:16:11.121, 20150, 0, 2475, 68.71, 5
2026/10/03 11:16:11.171, 20150, 0, 2475, 68.71, 5
2026/10/03 11:16:11.221, 20150, 0, 2475, 68.71, 5
2026/10/03 11:16:11.271, 20150, 0, 2475, 68.71, 5
2026/10/03 11:16:11.322, 20150, 0, 2475, 68.71, 5
2026/10/03 11:16:11.372, 20150, 0, 2482, 68.78, 5
2026/10/03 11:16:11.422, 20150, 0, 2482, 68.78, 5
2026/10/03 11:16:11.472, 20150, 0, 2482, 68.78, 5
2026/10/03 11:16:11.522, 20150, 0, 2482, 68.78, 5
2026/10/03 11:16:11.572, 20152, 0, 2482, 68.78, 5
2026/10/03 11:16:11.623, 20152, 0, 2482, 68.78, 5
2026/10/03 11:16:11.673, 20152, 0, 2482, 68.78, 5
2026/10/03 11:16:11.723, 20152, 0, 2482, 68.78, 5
2026/10/03 11:16:11.773, 20152, 0, 2482, 68.78, 5
2026/10/03 11:16:11.824, 20152, 0, 2482, 68.78, 5
2026/10/03 11:16:11.874, 20152, 0, 2482, 68.47, 5
2026/10/03 11:16:11.924, 20152, 0, 2482, 68.47, 5
2026/10/03 11:16:11.974, 20152, 0, 2482, 68.47, 5
2026/10/03 11:16:12.024, 20152, 0, 2482, 68.47, 5
2026/10/03 11:16:12.075, 20152, 0, 2482, 68.47, 5
2026/10/03 11:16:12.125, 20152, 0, 2482, 68.47, 5
2026/10/03 11:16:12.176, 20152, 0, 2482, 68.47, 5
2026/10/03 11:16:12.226, 20152, 0, 2482, 68.47, 5
2026/10/03 11:16:12.276, 20152, 0, 2482, 68.47, 5
2026/10/03 11:16:12.326, 20152, 0, 2482, 68.47, 5
2026/10/03 11:16:12.376, 20152, 0, 2475, 68.72, 5
2026/10/03 11:16:12.427, 20152, 0, 2475, 68.72, 5
2026/10/03 11:16:12.477, 20152, 0, 2475, 68.72, 5
2026/10/03 11:16:12.527, 20152, 0, 2475, 68.72, 5
2026/10/03 11:16:12.577, 20152, 0, 2475, 68.72, 5
2026/10/03 11:16:12.627, 20154, 0, 2475, 68.72, 5
2026/10/03 11:16:12.677, 20154, 0, 2475, 68.72, 5
2026/10/03 11:16:12.728, 20154, 0, 2475, 68.72, 5
2026/10/03 11:16:12.778, 20154, 0, 2475, 68.72, 5
2026/10/03 11:16:12.828, 20154, 0, 2475, 68.72, 5
2026/10/03 11:16:12.878, 20154, 0, 2475, 70.98, 5
2026/10/03 11:16:12.928, 20154, 0, 2475, 70.98, 5
2026/10/03 11:16:12.979, 20154, 0, 2475, 70.98, 5
2026/10/03 11:16:13.029, 20154, 0, 2475, 70.98, 5
2026/10/03 11:16:13.079, 20154, 0, 2475, 70.98, 5
2026/10/03 11:16:13.129, 20154, 0, 2475, 70.98, 5
2026/10/03 11:16:13.179, 20154, 0, 2475, 70.98, 5
2026/10/03 11:16:13.229, 20154, 0, 2475, 70.98, 5
2026/10/03 11:16:13.280, 20154, 0, 2475, 70.98, 5
2026/10/03 11:16:13.330, 20156, 0, 2475, 70.98, 5
2026/10/03 11:16:13.380, 20156, 0, 2475, 67.18, 5
2026/10/03 11:16:13.430, 20156, 0, 2475, 67.18, 5
2026/10/03 11:16:13.480, 20156, 0, 2475, 67.18, 5
2026/10/03 11:16:13.530, 20156, 0, 2475, 67.18, 5
2026/10/03 11:16:13.580, 20156, 0, 2475, 67.18, 5
2026/10/03 11:16:13.631, 20156, 0, 2475, 67.18, 5
2026/10/03 11:16:13.681, 20156, 0, 2475, 67.18, 5
2026/10/03 11:16:13.731, 20156, 0, 2475, 67.18, 5
2026/10/03 11:16:13.781, 20156, 0, 2475, 67.18, 5
2026/10/03 11:16:13.831, 20156, 0, 2482, 67.18, 5
2026/10/03 11:16:13.882, 20156, 0, 2482, 67.62, 5
2026/10/03 11:16:13.932, 20156, 0, 2482, 67.62, 5
2026/10/03 11:16:13.982, 20156, 0, 2482, 67.62, 5
2026/10/03 11:16:14.032, 20156, 0, 2482, 67.62, 5
2026/10/03 11:16:14.083, 20156, 0, 2482, 67.62, 5
2026/10/03 11:16:14.133, 20156, 0, 2482, 67.62, 5
2026/10/03 11:16:14.183, 20156, 0, 2482, 67.62, 5
2026/10/03 11:16:14.233, 20156, 0, 2482, 67.62, 5
2026/10/03 11:16:14.283, 20156, 0, 2482, 67.62, 5
2026/10/03 11:16:14.333, 20156, 0, 2475, 67.25, 5
2026/10/03 11:16:14.384, 20156, 0, 2475, 67.25, 5
2026/10/03 11:16:14.434, 20158, 0, 2475, 67.25, 5
2026/10/03 11:16:14.484, 20158, 0, 2475, 67.25, 5
2026/10/03 11:16:14.534, 20158, 0, 2475, 67.25, 5
2026/10/03 11:16:14.585, 20158, 0, 2475, 67.25, 5
2026/10/03 11:16:14.635, 20158, 0, 2475, 67.25, 5
2026/10/03 11:16:14.685, 20158, 0, 2475, 67.25, 5
2026/10/03 11:16:14.735, 20158, 0, 2475, 67.25, 5
2026/10/03 11:16:14.785, 20158, 0, 2475, 67.25, 5
2026/10/03 11:16:14.836, 20158, 0, 2482, 67.19, 5
2026/10/03 11:16:14.886, 20160, 0, 2482, 67.19, 5
2026/10/03 11:16:14.936, 20160, 0, 2482, 67.19, 5
2026/10/03 11:16:14.986, 20160, 0, 2482, 67.19, 5
2026/10/03 11:16:15.036, 20160, 0, 2482, 67.19, 5
2026/10/03 11:16:15.086, 20160, 0, 2482, 67.19, 5
2026/10/03 11:16:15.137, 20160, 0, 2482, 67.19, 5
2026/10/03 11:16:15.187, 20160, 0, 2482, 67.19, 5
2026/10/03 11:16:15.237, 20160, 0, 2482, 67.19, 5
2026/10/03 11:16:15.287, 20160, 0, 2482, 67.19, 5
2026/10/03 11:16:15.337, 20160, 0, 2482, 67.00, 5
2026/10/03 11:16:15.387, 20160, 0, 2482, 67.00, 5
2026/10/03 11:16:15.438, 20160, 0, 2482, 67.00, 5
2026/10/03 11:16:15.488, 20160, 0, 2482, 67.00, 5
2026/10/03 11:16:15.538, 20160, 0, 2482, 67.00, 5
2026/10/03 11:16:15.588, 20160, 0, 2482, 67.00, 5
2026/10/03 11:16:15.638, 20160, 0, 2482, 67.00, 5
2026/10/03 11:16:15.689, 20160, 0, 2482, 67.00, 5
2026/10/03 11:16:15.739, 20160, 0, 2482, 67.00, 5
2026/10/03 11:16:15.789, 20160, 0, 2482, 67.00, 5
2026/10/03 11:16:15.839, 20160, 0, 2475, 67.25, 5
2026/10/03 11:16:15.889, 20160, 0, 2475, 67.25, 5
2026/10/03 11:16:15.940, 20160, 0, 2475, 67.25, 5
2026/10/03 11:16:15.990, 20160, 0, 2475, 67.25, 5
2026/10/03 11:16:16.040, 20160, 0, 2475, 67.25, 5
2026/10/03 11:16:16.090, 20160, 0, 2475, 67.25, 5
2026/10/03 11:16:16.140, 20160, 0, 2475, 67.25, 5
2026/10/03 11:16:16.190, 20162, 0, 2475, 67.25, 5
2026/10/03 11:16:16.240, 20162, 0, 2475, 67.25, 5
2026/10/03 11:16:16.291, 20162, 0, 2475, 67.25, 5
2026/10/03 11:16:16.341, 20162, 0, 2475, 68.28, 5
2026/10/03 11:16:16.391, 20162, 0, 2475, 68.28, 5
2026/10/03 11:16:16.441, 20162, 0, 2475, 68.28, 5
2026/10/03 11:16:16.491, 20162, 0, 2475, 68.28, 5
2026/10/03 11:16:16.542, 20162, 0, 2475, 68.28, 5
2026/10/03 11:16:16.592, 20162, 0, 2475, 68.28, 5
2026/10/03 11:16:16.642, 20164, 0, 2475, 68.28, 5
2026/10/03 11:16:16.692, 20164, 0, 2475, 68.28, 5
2026/10/03 11:16:16.742, 20164, 0, 2475, 68.28, 5
2026/10/03 11:16:16.793, 20164, 0, 2475, 68.28, 5
2026/10/03 11:16:16.843, 20164, 0, 2475, 67.74, 5
2026/10/03 11:16:16.893, 20164, 0, 2475, 67.74, 5
2026/10/03 11:16:16.943, 20164, 0, 2475, 67.74, 5
2026/10/03 11:16:16.993, 20164, 0, 2475, 67.74, 5
2026/10/03 11:16:17.043, 20164, 0, 2475, 67.74, 5
2026/10/03 11:16:17.093, 20164, 0, 2475, 67.74, 5
2026/10/03 11:16:17.144, 20164, 0, 2475, 67.74, 5
2026/10/03 11:16:17.194, 20164, 0, 2475, 67.74, 5
2026/10/03 11:16:17.244, 20164, 0, 2475, 67.74, 5
2026/10/03 11:16:17.294, 20164, 0, 2475, 67.74, 5
2026/10/03 11:16:17.344, 20164, 0, 2482, 67.47, 5
2026/10/03 11:16:17.395, 20164, 0, 2482, 67.47, 5
2026/10/03 11:16:17.445, 20164, 0, 2482, 67.47, 5
2026/10/03 11:16:17.495, 20164, 0, 2482, 67.47, 5
2026/10/03 11:16:17.545, 20164, 0, 2482, 67.47, 5
2026/10/03 11:16:17.595, 20164, 0, 2482, 67.47, 5
2026/10/03 11:16:17.645, 20164, 0, 2482, 67.47, 5
2026/10/03 11:16:17.696, 20164, 0, 2482, 67.47, 5
2026/10/03 11:16:17.746, 20164, 0, 2482, 67.47, 5
2026/10/03 11:16:17.796, 20164, 0, 2482, 67.47, 5
2026/10/03 11:16:17.846, 20164, 0, 2475, 67.21, 5
2026/10/03 11:16:17.896, 20164, 0, 2475, 67.21, 5
2026/10/03 11:16:17.946, 20166, 0, 2475, 67.21, 5
2026/10/03 11:16:17.997, 20166, 0, 2475, 67.21, 5
2026/10/03 11:16:18.047, 20166, 0, 2475, 67.21, 5
2026/10/03 11:16:18.098, 20166, 0, 2475, 67.21, 5
2026/10/03 11:16:18.148, 20166, 0, 2475, 67.21, 5
2026/10/03 11:16:18.199, 20166, 0, 2475, 67.21, 5
2026/10/03 11:16:18.249, 20166, 0, 2475, 67.21, 5
2026/10/03 11:16:18.299, 20166, 0, 2475, 67.21, 5
2026/10/03 11:16:18.349, 20166, 0, 2482, 66.76, 5
2026/10/03 11:16:18.399, 20168, 0, 2482, 66.76, 5
2026/10/03 11:16:18.449, 20168, 0, 2482, 66.76, 5
2026/10/03 11:16:18.500, 20168, 0, 2482, 66.76, 5
2026/10/03 11:16:18.550, 20168, 0, 2482, 66.76, 5
2026/10/03 11:16:18.600, 20168, 0, 2482, 66.76, 5
2026/10/03 11:16:18.650, 20168, 0, 2482, 66.76, 5
2026/10/03 11:16:18.700, 20168, 0, 2482, 66.76, 5
2026/10/03 11:16:18.750, 20168, 0, 2482, 66.76, 5
2026/10/03 11:16:18.801, 20168, 0, 2482, 66.76, 5
2026/10/03 11:16:18.851, 20168, 0, 2482, 67.84, 5
2026/10/03 11:16:18.901, 20168, 0, 2482, 67.84, 5
2026/10/03 11:16:18.951, 20168, 0, 2482, 67.84, 5
2026/10/03 11:16:19.001, 20168, 0, 2482, 67.84, 5
2026/10/03 11:16:19.052, 20168, 0, 2482, 67.84, 5
2026/10/03 11:16:19.102, 20168, 0, 2482, 67.84, 5
2026/10/03 11:16:19.152, 20168, 0, 2482, 67.84, 5
2026/10/03 11:16:19.202, 20168, 0, 2482, 67.84, 5
2026/10/03 11:16:19.252, 20168, 0, 2482, 67.84, 5
2026/10/03 11:16:19.303, 20168, 0, 2482, 67.84, 5
2026/10/03 11:16:19.353, 20168, 0, 2475, 67.64, 5
2026/10/03 11:16:19.403, 20168, 0, 2475, 67.64, 5
2026/10/03 11:16:19.453, 20168, 0, 2475, 67.64, 5
2026/10/03 11:16:19.503, 20168, 0, 2475, 67.64, 5
2026/10/03 11:16:19.554, 20168, 0, 2475, 67.64, 5
2026/10/03 11:16:19.604, 20168, 0, 2475, 67.64, 5
2026/10/03 11:16:19.654, 20168, 0, 2475, 67.64, 5
2026/10/03 11:16:19.704, 20170, 0, 2475, 67.64, 5
2026/10/03 11:16:19.754, 20170, 0, 2475, 67.64, 5
2026/10/03 11:16:19.804, 20170, 0, 2475, 67.64, 5
2026/10/03 11:16:19.855, 20170, 1, 2475, 67.67, 5
2026/10/03 11:16:19.905, 20170, 1, 2475, 67.67, 5
2026/10/03 11:16:19.955, 20170, 1, 2475, 67.67, 5
2026/10/03 11:16:20.005, 20170, 1, 2475, 67.67, 5
2026/10/03 11:16:20.056, 20170, 1, 2475, 67.67, 5
2026/10/03 11:16:20.106, 20170, 1, 2475, 67.67, 5
2026/10/03 11:16:20.156, 20170, 1, 2475, 67.67, 5
2026/10/03 11:16:20.206, 20172, 1, 2475, 67.67, 5
2026/10/03 11:16:20.256, 20172, 1, 2475, 67.67, 5
2026/10/03 11:16:20.306, 20172, 1, 2475, 67.67, 5
2026/10/03 11:16:20.357, 20172, 1, 2475, 67.35, 5
2026/10/03 11:16:20.407, 20172, 1, 2475, 67.35, 5
2026/10/03 11:16:20.457, 20172, 1, 2475, 67.35, 5
2026/10/03 11:16:20.507, 20172, 1, 2475, 67.35, 5
2026/10/03 11:16:20.557, 20172, 1, 2475, 67.35, 5
2026/10/03 11:16:20.607, 20174, 1, 2475, 67.35, 5
2026/10/03 11:16:20.657, 20174, 1, 2475, 67.35, 5
2026/10/03 11:16:20.708, 20174, 1, 2475, 67.35, 5
2026/10/03 11:16:20.758, 20174, 1, 2475, 67.35, 5
2026/10/03 11:16:20.808, 20174, 1, 2475, 67.35, 5
2026/10/03 11:16:20.858, 20174, 0, 2482, 68.06, 5
2026/10/03 11:16:20.908, 20174, 0, 2482, 68.06, 5
2026/10/03 11:16:20.959, 20174, 0, 2482, 68.06, 5
2026/10/03 11:16:21.009, 20174, 0, 2482, 68.06, 5
2026/10/03 11:16:21.059, 20174, 0, 2482, 68.06, 5
2026/10/03 11:16:21.109, 20174, 0, 2482, 68.06, 5
2026/10/03 11:16:21.159, 20174, 0, 2482, 68.06, 5
2026/10/03 11:16:21.210, 20174, 0, 2482, 68.06, 5
2026/10/03 11:16:21.260, 20174, 0, 2482, 68.06, 5
2026/10/03 11:16:21.310, 20174, 0, 2482, 68.06, 5
2026/10/03 11:16:21.360, 20174, 0, 2475, 67.60, 5
2026/10/03 11:16:21.411, 20174, 0, 2475, 67.60, 5
2026/10/03 11:16:21.461, 20174, 0, 2475, 67.60, 5
2026/10/03 11:16:21.511, 20174, 0, 2475, 67.60, 5
2026/10/03 11:16:21.561, 20174, 0, 2475, 67.60, 5
2026/10/03 11:16:21.611, 20174, 0, 2475, 67.60, 5
2026/10/03 11:16:21.661, 20174, 0, 2475, 67.60, 5
2026/10/03 11:16:21.712, 20174, 0, 2475, 67.60, 5
2026/10/03 11:16:21.762, 20174, 0, 2475, 67.60, 5
2026/10/03 11:16:21.812, 20174, 0, 2475, 67.60, 5
2026/10/03 11:16:21.862, 20174, 0, 2482, 67.71, 5
2026/10/03 11:16:21.912, 20174, 0, 2482, 67.71, 5
2026/10/03 11:16:21.963, 20176, 0, 2482, 67.71, 5
2026/10/03 11:16:22.013, 20176, 0, 2482, 67.71, 5
2026/10/03 11:16:22.063, 20176, 0, 2482, 67.71, 5
2026/10/03 11:16:22.113, 20176, 0, 2482, 67.71, 5
2026/10/03 11:16:22.163, 20176, 0, 2482, 67.71, 5
2026/10/03 11:16:22.213, 20176, 0, 2482, 67.71, 5
2026/10/03 11:16:22.264, 20176, 0, 2482, 67.71, 5
2026/10/03 11:16:22.314, 20176, 0, 2482, 67.71, 5
2026/10/03 11:16:22.364, 20176, 0, 2482, 68.36, 5
2026/10/03 11:16:22.414, 20178, 0, 2482, 68.36, 5
2026/10/03 11:16:22.464, 20178, 0, 2482, 68.36, 5
2026/10/03 11:16:22.514, 20178, 0, 2482, 68.36, 5
2026/10/03 11:16:22.565, 20178, 0, 2482, 68.36, 5
2026/10/03 11:16:22.615, 20178, 0, 2482, 68.36, 5
2026/10/03 11:16:22.665, 20178, 0, 2482, 68.36, 5
2026/10/03 11:16:22.715, 20178, 0, 2482, 68.36, 5
2026/10/03 11:16:22.766, 20178, 0, 2482, 68.36, 5
2026/10/03 11:16:22.816, 20178, 0, 2482, 68.36, 5
2026/10/03 11:16:22.866, 20178, 0, 2482, 67.45, 5
2026/10/03 11:16:22.917, 20178, 0, 2482, 67.45, 5
2026/10/03 11:16:22.967, 20178, 0, 2482, 67.45, 5
2026/10/03 11:16:23.017, 20178, 0, 2482, 67.45, 5
2026/10/03 11:16:23.067, 20178, 0, 2482, 67.45, 5
2026/10/03 11:16:23.117, 20178, 0, 2482, 67.45, 5
2026/10/03 11:16:23.168, 20178, 0, 2482, 67.45, 5
2026/10/03 11:16:23.218, 20178, 0, 2482, 67.45, 5
2026/10/03 11:16:23.268, 20178, 0, 2482, 67.45, 5
2026/10/03 11:16:23.318, 20178, 0, 2482, 67.45, 5
2026/10/03 11:16:23.368, 20178, 0, 2475, 67.63, 5
2026/10/03 11:16:23.418, 20178, 0, 2475, 67.63, 5
2026/10/03 11:16:23.469, 20178, 0, 2475, 67.63, 5
2026/10/03 11:16:23.519, 20178, 0, 2475, 67.63, 5
2026/10/03 11:16:23.569, 20178, 0, 2475, 67.63, 5
2026/10/03 11:16:23.619, 20178, 0, 2475, 67.63, 5
2026/10/03 11:16:23.669, 20178, 0, 2475, 67.63, 5
2026/10/03 11:16:23.719, 20180, 0, 2475, 67.63, 5
2026/10/03 11:16:23.770, 20180, 0, 2475, 67.63, 5
2026/10/03 11:16:23.820, 20180, 0, 2475, 67.63, 5
2026/10/03 11:16:23.870, 20180, 0, 2475, 68.04, 5
2026/10/03 11:16:23.920, 20180, 0, 2475, 68.04, 5
2026/10/03 11:16:23.970, 20180, 0, 2475, 68.04, 5
2026/10/03 11:16:24.020, 20180, 0, 2475, 68.04, 5
2026/10/03 11:16:24.071, 20180, 0, 2475, 68.04, 5
2026/10/03 11:16:24.121, 20180, 0, 2475, 68.04, 5
2026/10/03 11:16:24.171, 20182, 0, 2475, 68.04, 5
2026/10/03 11:16:24.221, 20182, 0, 2475, 68.04, 5
2026/10/03 11:16:24.271, 20182, 0, 2475, 68.04, 5
2026/10/03 11:16:24.322, 20182, 0, 2475, 68.04, 5
2026/10/03 11:16:24.372, 20182, 0, 2482, 67.71, 5
2026/10/03 11:16:24.422, 20182, 0, 2482, 67.71, 5
2026/10/03 11:16:24.472, 20182, 0, 2482, 67.71, 5
2026/10/03 11:16:24.522, 20182, 0, 2482, 67.71, 5
2026/10/03 11:16:24.573, 20182, 0, 2482, 67.71, 5
2026/10/03 11:16:24.623, 20182, 0, 2482, 67.71, 5
2026/10/03 11:16:24.673, 20182, 0, 2482, 67.71, 5
2026/10/03 11:16:24.723, 20182, 0, 2482, 67.71, 5
2026/10/03 11:16:24.773, 20182, 0, 2482, 67.71, 5
2026/10/03 11:16:24.824, 20182, 0, 2482, 67.71, 5
2026/10/03 11:16:24.874, 20182, 0, 2475, 67.57, 5
2026/10/03 11:16:24.924, 20182, 0, 2475, 67.57, 5
2026/10/03 11:16:24.974, 20182, 0, 2475, 67.57, 5
2026/10/03 11:16:25.024, 20182, 0, 2475, 67.57, 5
2026/10/03 11:16:25.074, 20182, 0, 2475, 67.57, 5
2026/10/03 11:16:25.125, 20182, 0, 2475, 67.57, 5
2026/10/03 11:16:25.175, 20182, 0, 2475, 67.57, 5
2026/10/03 11:16:25.225, 20182, 0, 2475, 67.57, 5
2026/10/03 11:16:25.275, 20182, 0, 2475, 67.57, 5
2026/10/03 11:16:25.325, 20182, 0, 2475, 67.57, 5
2026/10/03 11:16:25.376, 20182, 0, 2482, 67.82, 5
2026/10/03 11:16:25.426, 20182, 0, 2482, 67.82, 5
2026/10/03 11:16:25.476, 20184, 0, 2482, 67.82, 5
2026/10/03 11:16:25.526, 20184, 0, 2482, 67.82, 5
2026/10/03 11:16:25.576, 20184, 0, 2482, 67.82, 5
2026/10/03 11:16:25.626, 20184, 0, 2482, 67.82, 5
2026/10/03 11:16:25.677, 20184, 0, 2482, 67.82, 5
2026/10/03 11:16:25.727, 20184, 0, 2482, 67.82, 5
2026/10/03 11:16:25.777, 20184, 0, 2482, 67.82, 5
2026/10/03 11:16:25.827, 20184, 0, 2482, 67.82, 5
2026/10/03 11:16:25.877, 20184, 0, 2482, 67.39, 5
2026/10/03 11:16:25.927, 20186, 0, 2482, 67.39, 5
2026/10/03 11:16:25.978, 20186, 0, 2482, 67.39, 5
2026/10/03 11:16:26.028, 20186, 0, 2482, 67.39, 5
2026/10/03 11:16:26.078, 20186, 0, 2482, 67.39, 5
2026/10/03 11:16:26.128, 20186, 0, 2482, 67.39, 5
2026/10/03 11:16:26.178, 20186, 0, 2482, 67.39, 5
2026/10/03 11:16:26.229, 20186, 0, 2482, 67.39, 5
2026/10/03 11:16:26.279, 20186, 0, 2482, 67.39, 5
2026/10/03 11:16:26.330, 20186, 0, 2482, 67.39, 5
2026/10/03 11:16:26.380, 20186, 0, 2482, 67.11, 5
2026/10/03 11:16:26.430, 20186, 0, 2482, 67.11, 5
2026/10/03 11:16:26.480, 20186, 0, 2482, 67.11, 5
2026/10/03 11:16:26.531, 20186, 0, 2482, 67.11, 5
2026/10/03 11:16:26.581, 20186, 0, 2482, 67.11, 5
2026/10/03 11:16:26.631, 20186, 0, 2482, 67.11, 5
2026/10/03 11:16:26.681, 20186, 0, 2482, 67.11, 5
2026/10/03 11:16:26.731, 20186, 0, 2482, 67.11, 5
2026/10/03 11:16:26.781, 20186, 0, 2482, 67.11, 5
2026/10/03 11:16:26.832, 20186, 0, 2482, 67.11, 5
2026/10/03 11:16:26.882, 20186, 0, 2475, 66.95, 5
2026/10/03 11:16:26.932, 20186, 0, 2475, 66.95, 5
2026/10/03 11:16:26.982, 20186, 0, 2475, 66.95, 5
2026/10/03 11:16:27.032, 20186, 0, 2475, 66.95, 5
2026/10/03 11:16:27.083, 20186, 0, 2475, 66.95, 5
2026/10/03 11:16:27.133, 20186, 0, 2475, 66.95, 5
2026/10/03 11:16:27.183, 20186, 0, 2475, 66.95, 5
2026/10/03 11:16:27.233, 20188, 0, 2475, 66.95, 5
2026/10/03 11:16:27.283, 20188, 0, 2475, 66.95, 5
2026/10/03 11:16:27.334, 20188, 0, 2475, 67.81, 5
2026/10/03 11:16:27.384, 20188, 0, 2475, 67.81, 5
2026/10/03 11:16:27.434, 20188, 0, 2475, 67.81, 5
2026/10/03 11:16:27.484, 20190, 0, 2475, 67.81, 5
2026/10/03 11:16:27.534, 20190, 0, 2475, 67.81, 5
2026/10/03 11:16:27.584, 20190, 0, 2475, 67.81, 5
2026/10/03 11:16:27.635, 20190, 0, 2475, 67.81, 5
2026/10/03 11:16:27.685, 20190, 0, 2475, 67.81, 5
2026/10/03 11:16:27.735, 20190, 0, 2475, 67.81, 5
2026/10/03 11:16:27.785, 20190, 0, 2475, 67.81, 5
2026/10/03 11:16:27.835, 20190, 1, 2482, 68.01, 5
2026/10/03 11:16:27.885, 20190, 1, 2482, 68.01, 5
2026/10/03 11:16:27.936, 20190, 1, 2482, 68.01, 5
2026/10/03 11:16:27.986, 20190, 1, 2482, 68.01, 5
2026/10/03 11:16:28.036, 20190, 1, 2482, 68.01, 5
2026/10/03 11:16:28.086, 20190, 1, 2482, 68.01, 5
2026/10/03 11:16:28.136, 20190, 1, 2482, 68.01, 5
2026/10/03 11:16:28.187, 20190, 1, 2482, 68.01, 5
2026/10/03 11:16:28.237, 20190, 1, 2482, 68.01, 5
2026/10/03 11:16:28.287, 20190, 1, 2482, 68.01, 5
2026/10/03 11:16:28.337, 20190, 1, 2475, 67.37, 5
2026/10/03 11:16:28.387, 20190, 1, 2475, 67.37, 5
2026/10/03 11:16:28.438, 20190, 1, 2475, 67.37, 5
2026/10/03 11:16:28.488, 20190, 1, 2475, 67.37, 5
2026/10/03 11:16:28.538, 20190, 1, 2475, 67.37, 5
2026/10/03 11:16:28.588, 20190, 1, 2475, 67.37, 5
2026/10/03 11:16:28.638, 20190, 1, 2475, 67.37, 5
2026/10/03 11:16:28.688, 20190, 1, 2475, 67.37, 5
2026/10/03 11:16:28.739, 20190, 1, 2475, 67.37, 5
2026/10/03 11:16:28.789, 20190, 1, 2475, 67.37, 5
2026/10/03 11:16:28.839, 20190, 0, 2482, 67.66, 5
2026/10/03 11:16:28.889, 20190, 0, 2482, 67.66, 5
2026/10/03 11:16:28.939, 20190, 0, 2482, 67.66, 5
2026/10/03 11:16:28.990, 20192, 0, 2482, 67.66, 5
2026/10/03 11:16:29.040, 20192, 0, 2482, 67.66, 5
2026/10/03 11:16:29.090, 20192, 0, 2482, 67.66, 5
2026/10/03 11:16:29.140, 20192, 0, 2482, 67.66, 5
2026/10/03 11:16:29.190, 20192, 0, 2482, 67.66, 5
2026/10/03 11:16:29.240, 20194, 0, 2482, 67.66, 5
2026/10/03 11:16:29.291, 20194, 0, 2482, 67.66, 5
2026/10/03 11:16:29.341, 20194, 0, 2482, 68.11, 5
2026/10/03 11:16:29.391, 20194, 0, 2482, 68.11, 5
2026/10/03 11:16:29.441, 20194, 0, 2482, 68.11, 5
2026/10/03 11:16:29.491, 20194, 0, 2482, 68.11, 5
2026/10/03 11:16:29.542, 20194, 0, 2482, 68.11, 5
2026/10/03 11:16:29.592, 20194, 0, 2482, 68.11, 5
2026/10/03 11:16:29.642, 20194, 0, 2482, 68.11, 5
2026/10/03 11:16:29.692, 20194, 0, 2482, 68.11, 5
2026/10/03 11:16:29.742, 20194, 0, 2482, 68.11, 5
2026/10/03 11:16:29.793, 20194, 0, 2482, 68.11, 5
2026/10/03 11:16:29.843, 20194, 0, 2482, 67.19, 5
2026/10/03 11:16:29.893, 20194, 0, 2482, 67.19, 5
2026/10/03 11:16:29.943, 20194, 0, 2482, 67.19, 5
2026/10/03 11:16:29.993, 20194, 0, 2482, 67.19, 5
2026/10/03 11:16:30.044, 20194, 0, 2482, 67.19, 5
2026/10/03 11:16:30.094, 20194, 0, 2482, 67.19, 5
2026/10/03 11:16:30.144, 20194, 0, 2482, 67.19, 5
2026/10/03 11:16:30.194, 20194, 0, 2482, 67.19, 5
2026/10/03 11:16:30.244, 20194, 0, 2482, 67.19, 5
2026/10/03 11:16:30.294, 20196, 0, 2482, 67.19, 5
2026/10/03 11:16:30.345, 20196, 0, 2475, 67.71, 5
2026/10/03 11:16:30.395, 20196, 0, 2475, 67.71, 5
2026/10/03 11:16:30.445, 20196, 0, 2475, 67.71, 5
2026/10/03 11:16:30.495, 20196, 0, 2475, 67.71, 5
2026/10/03 11:16:30.545, 20196, 0, 2475, 67.71, 5
2026/10/03 11:16:30.596, 20196, 0, 2475, 67.71, 5
2026/10/03 11:16:30.646, 20196, 0, 2475, 67.71, 5
2026/10/03 11:16:30.696, 20196, 0, 2475, 67.71, 5
2026/10/03 11:16:30.746, 20196, 0, 2475, 67.71, 5
2026/10/03 11:16:30.796, 20196, 0, 2475, 67.71, 5
2026/10/03 11:16:30.846, 20196, 0, 2475, 67.73, 5
2026/10/03 11:16:30.897, 20196, 0, 2475, 67.73, 5
2026/10/03 11:16:30.947, 20196, 0, 2475, 67.73, 5
2026/10/03 11:16:30.997, 20198, 0, 2475, 67.73, 5
2026/10/03 11:16:31.047, 20198, 0, 2475, 67.73, 5
2026/10/03 11:16:31.097, 20198, 0, 2475, 67.73, 5
2026/10/03 11:16:31.147, 20198, 0, 2475, 67.73, 5
2026/10/03 11:16:31.198, 20198, 0, 2475, 67.73, 5
2026/10/03 11:16:31.248, 20198, 0, 2475, 67.73, 5
2026/10/03 11:16:31.298, 20198, 0, 2475, 67.73, 5
2026/10/03 11:16:31.348, 20198, 0, 2482, 67.92, 5
2026/10/03 11:16:31.398, 20198, 0, 2482, 67.92, 5
2026/10/03 11:16:31.449, 20198, 0, 2482, 67.92, 5
2026/10/03 11:16:31.499, 20198, 0, 2482, 67.92, 5
2026/10/03 11:16:31.549, 20198, 0, 2482, 67.92, 5
2026/10/03 11:16:31.599, 20198, 0, 2482, 67.92, 5
2026/10/03 11:16:31.649, 20198, 0, 2482, 67.92, 5
2026/10/03 11:16:31.699, 20198, 0, 2482, 67.92, 5
2026/10/03 11:16:31.750, 20198, 0, 2482, 67.92, 5
2026/10/03 11:16:31.800, 20198, 0, 2482, 67.92, 5
2026/10/03 11:16:31.850, 20198, 0, 2475, 67.51, 5
2026/10/03 11:16:31.900, 20198, 0, 2475, 67.51, 5
2026/10/03 11:16:31.951, 20198, 0, 2475, 67.51, 5
2026/10/03 11:16:32.001, 20198, 0, 2475, 67.51, 5
2026/10/03 11:16:32.051, 20200, 0, 2475, 67.51, 5
2026/10/03 11:16:32.101, 20200, 0, 2475, 67.51, 5
2026/10/03 11:16:32.151, 20200, 0, 2475, 67.51, 5
2026/10/03 11:16:32.202, 20200, 0, 2475, 67.51, 5
2026/10/03 11:16:32.252, 20200, 0, 2475, 67.51, 5
2026/10/03 11:16:32.302, 20200, 0, 2475, 67.51, 5
2026/10/03 11:16:32.352, 20200, 0, 2482, 67.76, 5
2026/10/03 11:16:32.402, 20200, 0, 2482, 67.76, 5
2026/10/03 11:16:32.453, 20200, 0, 2482, 67.76, 5
2026/10/03 11:16:32.503, 20200, 0, 2482, 67.76, 5
2026/10/03 11:16:32.553, 20200, 0, 2482, 67.76, 5
2026/10/03 11:16:32.603, 20200, 0, 2482, 67.76, 5
2026/10/03 11:16:32.653, 20200, 0, 2482, 67.76, 5
2026/10/03 11:16:32.703, 20200, 0, 2482, 67.76, 5
2026/10/03 11:16:32.753, 20202, 0, 2482, 67.76, 5
2026/10/03 11:16:32.804, 20202, 0, 2482, 67.76, 5
2026/10/03 11:16:32.854, 20202, 0, 2482, 68.15, 5
2026/10/03 11:16:32.904, 20202, 0, 2482, 68.15, 5
2026/10/03 11:16:32.954, 20202, 0, 2482, 68.15, 5
2026/10/03 11:16:33.004, 20202, 0, 2482, 68.15, 5
2026/10/03 11:16:33.055, 20202, 0, 2482, 68.15, 5
2026/10/03 11:16:33.105, 20202, 0, 2482, 68.15, 5
2026/10/03 11:16:33.155, 20202, 0, 2482, 68.15, 5
2026/10/03 11:16:33.205, 20202, 0, 2482, 68.15, 5
2026/10/03 11:16:33.255, 20202, 0, 2482, 68.15, 5
2026/10/03 11:16:33.306, 20202, 0, 2482, 68.15, 5
2026/10/03 11:16:33.356, 20202, 0, 2482, 67.78, 5
2026/10/03 11:16:33.406, 20202, 0, 2482, 67.78, 5
2026/10/03 11:16:33.456, 20202, 0, 2482, 67.78, 5
2026/10/03 11:16:33.506, 20202, 0, 2482, 67.78, 5
2026/10/03 11:16:33.557, 20202, 0, 2482, 67.78, 5
2026/10/03 11:16:33.607, 20202, 0, 2482, 67.78, 5
2026/10/03 11:16:33.657, 20202, 0, 2482, 67.78, 5
2026/10/03 11:16:33.707, 20202, 0, 2482, 67.78, 5
2026/10/03 11:16:33.757, 20202, 0, 2482, 67.78, 5
2026/10/03 11:16:33.807, 20204, 0, 2482, 67.78, 5
2026/10/03 11:16:33.858, 20204, 0, 2475, 67.50, 5
2026/10/03 11:16:33.908, 20204, 0, 2475, 67.50, 5
2026/10/03 11:16:33.958, 20204, 0, 2475, 67.50, 5
2026/10/03 11:16:34.008, 20204, 0, 2475, 67.50, 5
2026/10/03 11:16:34.058, 20204, 0, 2475, 67.50, 5
2026/10/03 11:16:34.109, 20204, 0, 2475, 67.50, 5
2026/10/03 11:16:34.159, 20204, 0, 2475, 67.50, 5
2026/10/03 11:16:34.209, 20204, 0, 2475, 67.50, 5
2026/10/03 11:16:34.259, 20206, 0, 2475, 67.50, 5
2026/10/03 11:16:34.309, 20206, 0, 2475, 67.50, 5
2026/10/03 11:16:34.360, 20206, 0, 2475, 67.73, 5
2026/10/03 11:16:34.410, 20206, 0, 2475, 67.73, 5
2026/10/03 11:16:34.460, 20206, 0, 2475, 67.73, 5
2026/10/03 11:16:34.510, 20206, 0, 2475, 67.73, 5
2026/10/03 11:16:34.560, 20206, 0, 2475, 67.73, 5
2026/10/03 11:16:34.610, 20206, 0, 2475, 67.73, 5
2026/10/03 11:16:34.660, 20206, 0, 2475, 67.73, 5
2026/10/03 11:16:34.711, 20206, 0, 2475, 67.73, 5
2026/10/03 11:16:34.761, 20206, 0, 2475, 67.73, 5
2026/10/03 11:16:34.811, 20206, 0, 2475, 67.73, 5
2026/10/03 11:16:34.861, 20206, 1, 2482, 68.13, 5
2026/10/03 11:16:34.911, 20206, 1, 2482, 68.13, 5
2026/10/03 11:16:34.962, 20206, 1, 2482, 68.13, 5
2026/10/03 11:16:35.012, 20206, 1, 2482, 68.13, 5
2026/10/03 11:16:35.062, 20206, 1, 2482, 68.13, 5
2026/10/03 11:16:35.112, 20206, 1, 2482, 68.13, 5
2026/10/03 11:16:35.162, 20206, 1, 2482, 68.13, 5
2026/10/03 11:16:35.213, 20206, 1, 2482, 68.13, 5
2026/10/03 11:16:35.263, 20206, 1, 2482, 68.13, 5
2026/10/03 11:16:35.313, 20206, 1, 2482, 68.13, 5
2026/10/03 11:16:35.363, 20206, 1, 2475, 67.09, 5
2026/10/03 11:16:35.413, 20206, 1, 2475, 67.09, 5
2026/10/03 11:16:35.463, 20206, 1, 2475, 67.09, 5
2026/10/03 11:16:35.514, 20206, 1, 2475, 67.09, 5
2026/10/03 11:16:35.564, 20208, 1, 2475, 67.09, 5
2026/10/03 11:16:35.614, 20208, 1, 2475, 67.09, 5
2026/10/03 11:16:35.664, 20208, 1, 2475, 67.09, 5
2026/10/03 11:16:35.714, 20208, 1, 2475, 67.09, 5
2026/10/03 11:16:35.764, 20208, 1, 2475, 67.09, 5
2026/10/03 11:16:35.815, 20208, 1, 2475, 67.09, 5
2026/10/03 11:16:35.865, 20208, 0, 2475, 67.82, 5
2026/10/03 11:16:35.915, 20208, 0, 2475, 67.82, 5
2026/10/03 11:16:35.965, 20208, 0, 2475, 67.82, 5
2026/10/03 11:16:36.015, 20210, 0, 2475, 67.82, 5
2026/10/03 11:16:36.066, 20210, 0, 2475, 67.82, 5
2026/10/03 11:16:36.116, 20210, 0, 2475, 67.82, 5
2026/10/03 11:16:36.166, 20210, 0, 2475, 67.82, 5
2026/10/03 11:16:36.216, 20210, 0, 2475, 67.82, 5
2026/10/03 11:16:36.266, 20210, 0, 2475, 67.82, 5
2026/10/03 11:16:36.316, 20210, 0, 2475, 67.82, 5
2026/10/03 11:16:36.366, 20210, 0, 2482, 67.71, 5
2026/10/03 11:16:36.417, 20210, 0, 2482, 67.71, 5
2026/10/03 11:16:36.467, 20210, 0, 2482, 67.71, 5
2026/10/03 11:16:36.517, 20210, 0, 2482, 67.71, 5
2026/10/03 11:16:36.567, 20210, 0, 2482, 67.71, 5
2026/10/03 11:16:36.617, 20210, 0, 2482, 67.71, 5
2026/10/03 11:16:36.667, 20210, 0, 2482, 67.71, 5
2026/10/03 11:16:36.718, 20210, 0, 2482, 67.71, 5
2026/10/03 11:16:36.768, 20210, 0, 2482, 67.71, 5
2026/10/03 11:16:36.818, 20210, 0, 2482, 67.71, 5
2026/10/03 11:16:36.868, 20210, 0, 2475, 67.18, 5
2026/10/03 11:16:36.918, 20210, 0, 2475, 67.18, 5
2026/10/03 11:16:36.969, 20210, 0, 2475, 67.18, 5
2026/10/03 11:16:37.019, 20210, 0, 2475, 67.18, 5
2026/10/03 11:16:37.069, 20210, 0, 2475, 67.18, 5
2026/10/03 11:16:37.119, 20210, 0, 2475, 67.18, 5
2026/10/03 11:16:37.169, 20210, 0, 2475, 67.18, 5
2026/10/03 11:16:37.220, 20210, 0, 2475, 67.18, 5
2026/10/03 11:16:37.270, 20210, 0, 2475, 67.18, 5
2026/10/03 11:16:37.320, 20212, 0, 2475, 67.18, 5
2026/10/03 11:16:37.370, 20212, 0, 2482, 67.32, 5
2026/10/03 11:16:37.420, 20212, 0, 2482, 67.32, 5
2026/10/03 11:16:37.470, 20212, 0, 2482, 67.32, 5
2026/10/03 11:16:37.521, 20212, 0, 2482, 67.32, 5
2026/10/03 11:16:37.571, 20212, 0, 2482, 67.32, 5
2026/10/03 11:16:37.621, 20212, 0, 2482, 67.32, 5
2026/10/03 11:16:37.671, 20212, 0, 2482, 67.32, 5
2026/10/03 11:16:37.721, 20212, 0, 2482, 67.32, 5
2026/10/03 11:16:37.771, 20214, 0, 2482, 67.32, 5
2026/10/03 11:16:37.822, 20214, 0, 2482, 67.32, 5
2026/10/03 11:16:37.872, 20214, 0, 2482, 67.78, 5
2026/10/03 11:16:37.922, 20214, 0, 2482, 67.78, 5
2026/10/03 11:16:37.972, 20214, 0, 2482, 67.78, 5
2026/10/03 11:16:38.022, 20214, 0, 2482, 67.78, 5
2026/10/03 11:16:38.072, 20214, 0, 2482, 67.78, 5
2026/10/03 11:16:38.123, 20214, 0, 2482, 67.78, 5
2026/10/03 11:16:38.173, 20214, 0, 2482, 67.78, 5
2026/10/03 11:16:38.223, 20216, 0, 2482, 67.78, 5
2026/10/03 11:16:38.273, 20216, 0, 2482, 67.78, 5
2026/10/03 11:16:38.323, 20216, 0, 2482, 67.78, 5
2026/10/03 11:16:38.374, 20216, 0, 2482, 68.64, 5
2026/10/03 11:16:38.424, 20216, 0, 2482, 68.64, 5
2026/10/03 11:16:38.474, 20216, 0, 2482, 68.64, 5
2026/10/03 11:16:38.524, 20216, 0, 2482, 68.64, 5
2026/10/03 11:16:38.575, 20216, 0, 2482, 68.64, 5
2026/10/03 11:16:38.625, 20216, 0, 2482, 68.64, 5
2026/10/03 11:16:38.675, 20216, 0, 2482, 68.64, 5
2026/10/03 11:16:38.725, 20216, 0, 2482, 68.64, 5
2026/10/03 11:16:38.776, 20216, 0, 2482, 68.64, 5
2026/10/03 11:16:38.826, 20216, 0, 2482, 68.64, 5
2026/10/03 11:16:38.876, 20216, 0, 2475, 67.60, 5
2026/10/03 11:16:38.926, 20216, 0, 2475, 67.60, 5
2026/10/03 11:16:38.976, 20216, 0, 2475, 67.60, 5
2026/10/03 11:16:39.027, 20216, 0, 2475, 67.60, 5
2026/10/03 11:16:39.077, 20216, 0, 2475, 67.60, 5
2026/10/03 11:16:39.127, 20216, 0, 2475, 67.60, 5
2026/10/03 11:16:39.177, 20216, 0, 2475, 67.60, 5
2026/10/03 11:16:39.227, 20216, 0, 2475, 67.60, 5
2026/10/03 11:16:39.278, 20216, 0, 2475, 67.60, 5
2026/10/03 11:16:39.328, 20216, 0, 2475, 67.60, 5
2026/10/03 11:16:39.378, 20216, 0, 2475, 67.28, 5
2026/10/03 11:16:39.428, 20216, 0, 2475, 67.28, 5
2026/10/03 11:16:39.478, 20216, 0, 2475, 67.28, 5
2026/10/03 11:16:39.528, 20218, 0, 2475, 67.28, 5
2026/10/03 11:16:39.579, 20218, 0, 2475, 67.28, 5
2026/10/03 11:16:39.629, 20218, 0, 2475, 67.28, 5
2026/10/03 11:16:39.679, 20218, 0, 2475, 67.28, 5
2026/10/03 11:16:39.729, 20218, 0, 2475, 67.28, 5
2026/10/03 11:16:39.779, 20218, 0, 2475, 67.28, 5
2026/10/03 11:16:39.829, 20218, 0, 2475, 67.28, 5
2026/10/03 11:16:39.879, 20218, 0, 2482, 67.25, 5
2026/10/03 11:16:39.930, 20218, 0, 2482, 67.25, 5
2026/10/03 11:16:39.980, 20220, 0, 2482, 67.25, 5
2026/10/03 11:16:40.030, 20220, 0, 2482, 67.25, 5
2026/10/03 11:16:40.080, 20220, 0, 2482, 67.25, 5
2026/10/03 11:16:40.130, 20220, 0, 2482, 67.25, 5
2026/10/03 11:16:40.180, 20220, 0, 2482, 67.25, 5
2026/10/03 11:16:40.231, 20220, 0, 2482, 67.25, 5
2026/10/03 11:16:40.281, 20220, 0, 2482, 67.25, 5
2026/10/03 11:16:40.331, 20220, 0, 2482, 67.25, 5
2026/10/03 11:16:40.381, 20220, 0, 2475, 67.82, 5
2026/10/03 11:16:40.431, 20220, 0, 2475, 67.82, 5
2026/10/03 11:16:40.482, 20220, 0, 2475, 67.82, 5
2026/10/03 11:16:40.532, 20220, 0, 2475, 67.82, 5
2026/10/03 11:16:40.582, 20220, 0, 2475, 67.82, 5
2026/10/03 11:16:40.632, 20220, 0, 2475, 67.82, 5
2026/10/03 11:16:40.682, 20220, 0, 2475, 67.82, 5
2026/10/03 11:16:40.733, 20220, 0, 2475, 67.82, 5
2026/10/03 11:16:40.783, 20220, 0, 2475, 67.82, 5
2026/10/03 11:16:40.833, 20220, 0, 2475, 67.13, 5
2026/10/03 11:16:40.883, 20220, 0, 2475, 67.13, 5
2026/10/03 11:16:40.933, 20220, 0, 2475, 67.13, 5
2026/10/03 11:16:40.983, 20220, 0, 2475, 67.13, 5
2026/10/03 11:16:41.034, 20220, 0, 2475, 67.13, 5
2026/10/03 11:16:41.084, 20220, 0, 2475, 67.13, 5
2026/10/03 11:16:41.134, 20220, 0, 2475, 67.13, 5
2026/10/03 11:16:41.184, 20220, 0, 2475, 67.13, 5
2026/10/03 11:16:41.235, 20220, 0, 2475, 67.13, 5
2026/10/03 11:16:41.285, 20220, 0, 2475, 67.13, 5
2026/10/03 11:16:41.335, 20222, 0, 2482, 67.47, 5
2026/10/03 11:16:41.385, 20222, 0, 2482, 67.47, 5
2026/10/03 11:16:41.435, 20222, 0, 2482, 67.47, 5
2026/10/03 11:16:41.485, 20222, 0, 2482, 67.47, 5
2026/10/03 11:16:41.536, 20222, 0, 2482, 67.47, 5
2026/10/03 11:16:41.586, 20222, 0, 2482, 67.47, 5
2026/10/03 11:16:41.636, 20222, 0, 2482, 67.47, 5
2026/10/03 11:16:41.686, 20222, 0, 2482, 67.47, 5
2026/10/03 11:16:41.736, 20222, 0, 2482, 67.47, 5
2026/10/03 11:16:41.786, 20224, 0, 2482, 67.47, 5
2026/10/03 11:16:41.837, 20224, 1, 2482, 67.12, 5
2026/10/03 11:16:41.887, 20224, 1, 2482, 67.12, 5
2026/10/03 11:16:41.937, 20224, 1, 2482, 67.12, 5
2026/10/03 11:16:41.987, 20224, 1, 2482, 67.12, 5
2026/10/03 11:16:42.037, 20224, 1, 2482, 67.12, 5
2026/10/03 11:16:42.087, 20224, 1, 2482, 67.12, 5
2026/10/03 11:16:42.138, 20224, 1, 2482, 67.12, 5
2026/10/03 11:16:42.188, 20224, 1, 2482, 67.12, 5
2026/10/03 11:16:42.238, 20224, 1, 2482, 67.12, 5
2026/10/03 11:16:42.288, 20224, 1, 2482, 67.12, 5
2026/10/03 11:16:42.339, 20224, 1, 2475, 67.61, 5
2026/10/03 11:16:42.389, 20224, 1, 2475, 67.61, 5
2026/10/03 11:16:42.439, 20224, 1, 2475, 67.61, 5
2026/10/03 11:16:42.489, 20224, 1, 2475, 67.61, 5
2026/10/03 11:16:42.539, 20224, 1, 2475, 67.61, 5
2026/10/03 11:16:42.590, 20224, 1, 2475, 67.61, 5
2026/10/03 11:16:42.640, 20224, 1, 2475, 67.61, 5
2026/10/03 11:16:42.690, 20224, 1, 2475, 67.61, 5
2026/10/03 11:16:42.740, 20224, 1, 2475, 67.61, 5
2026/10/03 11:16:42.790, 20224, 1, 2475, 67.61, 5
2026/10/03 11:16:42.840, 20224, 0, 2482, 67.67, 5
2026/10/03 11:16:42.891, 20224, 0, 2482, 67.67, 5
2026/10/03 11:16:42.941, 20224, 0, 2482, 67.67, 5
2026/10/03 11:16:42.991, 20224, 0, 2482, 67.67, 5
2026/10/03 11:16:43.041, 20224, 0, 2482, 67.67, 5
2026/10/03 11:16:43.091, 20226, 0, 2482, 67.67, 5
2026/10/03 11:16:43.142, 20226, 0, 2482, 67.67, 5
2026/10/03 11:16:43.192, 20226, 0, 2482, 67.67, 5
2026/10/03 11:16:43.242, 20226, 0, 2482, 67.67, 5
2026/10/03 11:16:43.292, 20226, 0, 2482, 67.67, 5
2026/10/03 11:16:43.342, 20226, 0, 2482, 67.70, 5
2026/10/03 11:16:43.392, 20226, 0, 2482, 67.70, 5
2026/10/03 11:16:43.443, 20226, 0, 2482, 67.70, 5
2026/10/03 11:16:43.493, 20226, 0, 2482, 67.70, 5
2026/10/03 11:16:43.543, 20228, 0, 2482, 67.70, 5
2026/10/03 11:16:43.593, 20228, 0, 2482, 67.70, 5
2026/10/03 11:16:43.643, 20228, 0, 2482, 67.70, 5
2026/10/03 11:16:43.693, 20228, 0, 2482, 67.70, 5
2026/10/03 11:16:43.744, 20228, 0, 2482, 67.70, 5
2026/10/03 11:16:43.794, 20228, 0, 2482, 67.70, 5
2026/10/03 11:16:43.844, 20228, 0, 2475, 68.10, 5
2026/10/03 11:16:43.894, 20228, 0, 2475, 68.10, 5
2026/10/03 11:16:43.944, 20228, 0, 2475, 68.10, 5
2026/10/03 11:16:43.995, 20228, 0, 2475, 68.10, 5
2026/10/03 11:16:44.045, 20228, 0, 2475, 68.10, 5
2026/10/03 11:16:44.095, 20228, 0, 2475, 68.10, 5
2026/10/03 11:16:44.146, 20228, 0, 2475, 68.10, 5
2026/10/03 11:16:44.196, 20228, 0, 2475, 68.10, 5
2026/10/03 11:16:44.246, 20228, 0, 2475, 68.10, 5
2026/10/03 11:16:44.296, 20228, 0, 2475, 68.10, 5
2026/10/03 11:16:44.346, 20228, 0, 2475, 67.66, 5
2026/10/03 11:16:44.396, 20228, 0, 2475, 67.66, 5
2026/10/03 11:16:44.446, 20228, 0, 2475, 67.66, 5
2026/10/03 11:16:44.497, 20228, 0, 2475, 67.66, 5
2026/10/03 11:16:44.547, 20228, 0, 2475, 67.66, 5
2026/10/03 11:16:44.597, 20228, 0, 2475, 67.66, 5
2026/10/03 11:16:44.647, 20228, 0, 2475, 67.66, 5
2026/10/03 11:16:44.697, 20228, 0, 2475, 67.66, 5
2026/10/03 11:16:44.748, 20228, 0, 2475, 67.66, 5
2026/10/03 11:16:44.798, 20228, 0, 2475, 67.66, 5
2026/10/03 11:16:44.848, 20230, 0, 2482, 67.43, 5
2026/10/03 11:16:44.898, 20230, 0, 2482, 67.43, 5
2026/10/03 11:16:44.948, 20230, 0, 2482, 67.43, 5
2026/10/03 11:16:44.999, 20230, 0, 2482, 67.43, 5
2026/10/03 11:16:45.049, 20232, 0, 2482, 67.43, 5
2026/10/03 11:16:45.099, 20232, 0, 2482, 67.43, 5
2026/10/03 11:16:45.149, 20232, 0, 2482, 67.43, 5
2026/10/03 11:16:45.199, 20232, 0, 2482, 67.43, 5
2026/10/03 11:16:45.249, 20232, 0, 2482, 67.43, 5
2026/10/03 11:16:45.299, 20232, 0, 2482, 67.43, 5
2026/10/03 11:16:45.350, 20232, 0, 2482, 67.69, 5
2026/10/03 11:16:45.400, 20232, 0, 2482, 67.69, 5
2026/10/03 11:16:45.450, 20232, 0, 2482, 67.69, 5
2026/10/03 11:16:45.500, 20232, 0, 2482, 67.69, 5
2026/10/03 11:16:45.550, 20232, 0, 2482, 67.69, 5
2026/10/03 11:16:45.601, 20232, 0, 2482, 67.69, 5
2026/10/03 11:16:45.651, 20232, 0, 2482, 67.69, 5
2026/10/03 11:16:45.701, 20232, 0, 2482, 67.69, 5
2026/10/03 11:16:45.751, 20232, 0, 2482, 67.69, 5
2026/10/03 11:16:45.801, 20232, 0, 2482, 67.69, 5
2026/10/03 11:16:45.852, 20232, 0, 2475, 67.68, 5
2026/10/03 11:16:45.902, 20232, 0, 2475, 67.68, 5
2026/10/03 11:16:45.952, 20232, 0, 2475, 67.68, 5
2026/10/03 11:16:46.002, 20232, 0, 2475, 67.68, 5
2026/10/03 11:16:46.052, 20232, 0, 2475, 67.68, 5
2026/10/03 11:16:46.102, 20232, 0, 2475, 67.68, 5
2026/10/03 11:16:46.153, 20232, 0, 2475, 67.68, 5
2026/10/03 11:16:46.203, 20232, 0, 2475, 67.68, 5
2026/10/03 11:16:46.253, 20232, 0, 2475, 67.68, 5
2026/10/03 11:16:46.303, 20232, 0, 2475, 67.68, 5
2026/10/03 11:16:46.354, 20232, 0, 2482, 67.54, 5
2026/10/03 11:16:46.404, 20232, 0, 2482, 67.54, 5
2026/10/03 11:16:46.454, 20232, 0, 2482, 67.54, 5
2026/10/03 11:16:46.504, 20232, 0, 2482, 67.54, 5
2026/10/03 11:16:46.555, 20232, 0, 2482, 67.54, 5
2026/10/03 11:16:46.605, 20234, 0, 2482, 67.54, 5
2026/10/03 11:16:46.655, 20234, 0, 2482, 67.54, 5
2026/10/03 11:16:46.705, 20234, 0, 2482, 67.54, 5
2026/10/03 11:16:46.755, 20234, 0, 2482, 67.54, 5
2026/10/03 11:16:46.805, 20234, 0, 2482, 67.54, 5
2026/10/03 11:16:46.856, 20236, 0, 2482, 67.99, 5
2026/10/03 11:16:46.906, 20236, 0, 2482, 67.99, 5
2026/10/03 11:16:46.956, 20236, 0, 2482, 67.99, 5
2026/10/03 11:16:47.006, 20236, 0, 2482, 67.99, 5
2026/10/03 11:16:47.056, 20236, 0, 2482, 67.99, 5
2026/10/03 11:16:47.107, 20236, 0, 2482, 67.99, 5
2026/10/03 11:16:47.157, 20236, 0, 2482, 67.99, 5
2026/10/03 11:16:47.207, 20236, 0, 2482, 67.99, 5
2026/10/03 11:16:47.257, 20236, 0, 2482, 67.99, 5
2026/10/03 11:16:47.307, 20236, 0, 2482, 67.99, 5
2026/10/03 11:16:47.358, 20236, 0, 2475, 69.03, 5
2026/10/03 11:16:47.408, 20236, 0, 2475, 69.03, 5
2026/10/03 11:16:47.458, 20236, 0, 2475, 69.03, 5
2026/10/03 11:16:47.508, 20236, 0, 2475, 69.03, 5
2026/10/03 11:16:47.558, 20236, 0, 2475, 69.03, 5
2026/10/03 11:16:47.609, 20236, 0, 2475, 69.03, 5
2026/10/03 11:16:47.659, 20236, 0, 2475, 69.03, 5
2026/10/03 11:16:47.709, 20236, 0, 2475, 69.03, 5
2026/10/03 11:16:47.759, 20236, 0, 2475, 69.03, 5
2026/10/03 11:16:47.809, 20236, 0, 2475, 69.03, 5
2026/10/03 11:16:47.859, 20236, 0, 2475, 68.36, 5
2026/10/03 11:16:47.910, 20238, 0, 2475, 68.36, 5
2026/10/03 11:16:47.960, 20238, 0, 2475, 68.36, 5
2026/10/03 11:16:48.010, 20238, 0, 2475, 68.36, 5
2026/10/03 11:16:48.060, 20238, 0, 2475, 68.36, 5
2026/10/03 11:16:48.110, 20238, 0, 2475, 68.36, 5
2026/10/03 11:16:48.161, 20238, 0, 2475, 68.36, 5
2026/10/03 11:16:48.211, 20238, 0, 2475, 68.36, 5
2026/10/03 11:16:48.261, 20238, 0, 2475, 68.36, 5
2026/10/03 11:16:48.311, 20238, 0, 2475, 68.36, 5
2026/10/03 11:16:48.361, 20238, 0, 2475, 68.16, 5
2026/10/03 11:16:48.412, 20238, 0, 2475, 68.16, 5
2026/10/03 11:16:48.462, 20238, 0, 2475, 68.16, 5
2026/10/03 11:16:48.512, 20238, 0, 2475, 68.16, 5
2026/10/03 11:16:48.562, 20238, 0, 2475, 68.16, 5
2026/10/03 11:16:48.612, 20240, 0, 2475, 68.16, 5
2026/10/03 11:16:48.662, 20240, 0, 2475, 68.16, 5
2026/10/03 11:16:48.713, 20240, 0, 2475, 68.16, 5
2026/10/03 11:16:48.763, 20240, 0, 2475, 68.16, 5
2026/10/03 11:16:48.813, 20240, 0, 2475, 68.16, 5
2026/10/03 11:16:48.863, 20240, 0, 2482, 68.11, 5
2026/10/03 11:16:48.913, 20240, 0, 2482, 68.11, 5
2026/10/03 11:16:48.963, 20240, 0, 2482, 68.11, 5
2026/10/03 11:16:49.014, 20240, 0, 2482, 68.11, 5
2026/10/03 11:16:49.064, 20240, 0, 2482, 68.11, 5
2026/10/03 11:16:49.114, 20240, 0, 2482, 68.11, 5
2026/10/03 11:16:49.164, 20240, 0, 2482, 68.11, 5
2026/10/03 11:16:49.214, 20240, 0, 2482, 68.11, 5
2026/10/03 11:16:49.265, 20240, 0, 2482, 68.11, 5
2026/10/03 11:16:49.315, 20240, 0, 2482, 68.11, 5
2026/10/03 11:16:49.365, 20240, 0, 2475, 68.00, 5
2026/10/03 11:16:49.415, 20240, 0, 2475, 68.00, 5
2026/10/03 11:16:49.465, 20240, 0, 2475, 68.00, 5
2026/10/03 11:16:49.516, 20240, 0, 2475, 68.00, 5
2026/10/03 11:16:49.566, 20240, 0, 2475, 68.00, 5
2026/10/03 11:16:49.616, 20240, 0, 2475, 68.00, 5
2026/10/03 11:16:49.666, 20242, 0, 2475, 68.00, 5
2026/10/03 11:16:49.716, 20242, 0, 2475, 68.00, 5
2026/10/03 11:16:49.766, 20242, 0, 2475, 68.00, 5
2026/10/03 11:16:49.817, 20242, 0, 2475, 68.00, 5
2026/10/03 11:16:49.867, 20242, 2, 2482, 68.97, 5
2026/10/03 11:16:49.917, 20242, 2, 2482, 68.97, 5
2026/10/03 11:16:49.967, 20242, 2, 2482, 68.97, 5
2026/10/03 11:16:50.018, 20242, 2, 2482, 68.97, 5
2026/10/03 11:16:50.068, 20242, 2, 2482, 68.97, 5
2026/10/03 11:16:50.118, 20242, 2, 2482, 68.97, 5
2026/10/03 11:16:50.168, 20242, 2, 2482, 68.97, 5
2026/10/03 11:16:50.218, 20242, 2, 2482, 68.97, 5
2026/10/03 11:16:50.269, 20242, 2, 2482, 68.97, 5
2026/10/03 11:16:50.319, 20242, 2, 2482, 68.97, 5
2026/10/03 11:16:50.369, 20244, 2, 2482, 68.47, 5
2026/10/03 11:16:50.419, 20244, 2, 2482, 68.47, 5
2026/10/03 11:16:50.469, 20244, 2, 2482, 68.47, 5
2026/10/03 11:16:50.519, 20244, 2, 2482, 68.47, 5
2026/10/03 11:16:50.570, 20244, 2, 2482, 68.47, 5
2026/10/03 11:16:50.620, 20244, 2, 2482, 68.47, 5
2026/10/03 11:16:50.670, 20244, 2, 2482, 68.47, 5
2026/10/03 11:16:50.720, 20244, 2, 2482, 68.47, 5
2026/10/03 11:16:50.770, 20244, 2, 2482, 68.47, 5
2026/10/03 11:16:50.820, 20244, 2, 2482, 68.47, 5
2026/10/03 11:16:50.871, 20244, 0, 2482, 68.25, 5
2026/10/03 11:16:50.921, 20244, 0, 2482, 68.25, 5
2026/10/03 11:16:50.972, 20244, 0, 2482, 68.25, 5
2026/10/03 11:16:51.022, 20244, 0, 2482, 68.25, 5
2026/10/03 11:16:51.073, 20244, 0, 2482, 68.25, 5
2026/10/03 11:16:51.123, 20244, 0, 2482, 68.25, 5
2026/10/03 11:16:51.173, 20244, 0, 2482, 68.25, 5
2026/10/03 11:16:51.223, 20244, 0, 2482, 68.25, 5
2026/10/03 11:16:51.273, 20244, 0, 2482, 68.25, 5
2026/10/03 11:16:51.323, 20244, 0, 2482, 68.25, 5
2026/10/03 11:16:51.374, 20244, 0, 2475, 67.84, 5
2026/10/03 11:16:51.424, 20244, 0, 2475, 67.84, 5
2026/10/03 11:16:51.474, 20246, 0, 2475, 67.84, 5
2026/10/03 11:16:51.524, 20246, 0, 2475, 67.84, 5
2026/10/03 11:16:51.574, 20246, 0, 2475, 67.84, 5
2026/10/03 11:16:51.624, 20246, 0, 2475, 67.84, 5
2026/10/03 11:16:51.675, 20246, 0, 2475, 67.84, 5
2026/10/03 11:16:51.725, 20246, 0, 2475, 67.84, 5
2026/10/03 11:16:51.775, 20246, 0, 2475, 67.84, 5
2026/10/03 11:16:51.825, 20246, 0, 2475, 67.84, 5
2026/10/03 11:16:51.875, 20246, 0, 2475, 67.88, 5
2026/10/03 11:16:51.926, 20248, 0, 2475, 67.88, 5
2026/10/03 11:16:51.976, 20248, 0, 2475, 67.88, 5
2026/10/03 11:16:52.026, 20248, 0, 2475, 67.88, 5
2026/10/03 11:16:52.076, 20248, 0, 2475, 67.88, 5
2026/10/03 11:16:52.126, 20248, 0, 2475, 67.88, 5
2026/10/03 11:16:52.176, 20248, 0, 2475, 67.88, 5
2026/10/03 11:16:52.227, 20248, 0, 2475, 67.88, 5
2026/10/03 11:16:52.277, 20248, 0, 2475, 67.88, 5
2026/10/03 11:16:52.327, 20248, 0, 2475, 67.88, 5
2026/10/03 11:16:52.377, 20248, 0, 2475, 67.21, 5
2026/10/03 11:16:52.427, 20248, 0, 2475, 67.21, 5
2026/10/03 11:16:52.477, 20248, 0, 2475, 67.21, 5
2026/10/03 11:16:52.528, 20248, 0, 2475, 67.21, 5
2026/10/03 11:16:52.578, 20248, 0, 2475, 67.21, 5
2026/10/03 11:16:52.628, 20248, 0, 2475, 67.21, 5
2026/10/03 11:16:52.678, 20248, 0, 2475, 67.21, 5
2026/10/03 11:16:52.728, 20248, 0, 2475, 67.21, 5
2026/10/03 11:16:52.779, 20248, 0, 2475, 67.21, 5
2026/10/03 11:16:52.829, 20248, 0, 2475, 67.21, 5
2026/10/03 11:16:52.879, 20248, 0, 2475, 67.99, 5
2026/10/03 11:16:52.929, 20248, 0, 2475, 67.99, 5
2026/10/03 11:16:52.979, 20248, 0, 2475, 67.99, 5
2026/10/03 11:16:53.030, 20248, 0, 2475, 67.99, 5
2026/10/03 11:16:53.080, 20248, 0, 2475, 67.99, 5
2026/10/03 11:16:53.130, 20248, 0, 2475, 67.99, 5
2026/10/03 11:16:53.180, 20248, 0, 2475, 67.99, 5
2026/10/03 11:16:53.230, 20250, 0, 2475, 67.99, 5
2026/10/03 11:16:53.280, 20250, 0, 2475, 67.99, 5
2026/10/03 11:16:53.331, 20250, 0, 2475, 67.99, 5
2026/10/03 11:16:53.381, 20250, 0, 2482, 68.53, 5
2026/10/03 11:16:53.431, 20250, 0, 2482, 68.53, 5
2026/10/03 11:16:53.481, 20250, 0, 2482, 68.53, 5
2026/10/03 11:16:53.531, 20250, 0, 2482, 68.53, 5
2026/10/03 11:16:53.582, 20250, 0, 2482, 68.53, 5
2026/10/03 11:16:53.632, 20250, 0, 2482, 68.53, 5
2026/10/03 11:16:53.682, 20252, 0, 2482, 68.53, 5
2026/10/03 11:16:53.733, 20252, 0, 2482, 68.53, 5
2026/10/03 11:16:53.783, 20252, 0, 2482, 68.53, 5
2026/10/03 11:16:53.833, 20252, 0, 2482, 68.53, 5
2026/10/03 11:16:53.883, 20252, 0, 2482, 68.29, 5
2026/10/03 11:16:53.933, 20252, 0, 2482, 68.29, 5
2026/10/03 11:16:53.983, 20252, 0, 2482, 68.29, 5
2026/10/03 11:16:54.034, 20252, 0, 2482, 68.29, 5
2026/10/03 11:16:54.084, 20252, 0, 2482, 68.29, 5
2026/10/03 11:16:54.134, 20252, 0, 2482, 68.29, 5
2026/10/03 11:16:54.184, 20252, 0, 2482, 68.29, 5
2026/10/03 11:16:54.234, 20252, 0, 2482, 68.29, 5
2026/10/03 11:16:54.284, 20252, 0, 2482, 68.29, 5
2026/10/03 11:16:54.335, 20252, 0, 2482, 67.96, 5
2026/10/03 11:16:54.385, 20252, 0, 2482, 67.96, 5
2026/10/03 11:16:54.435, 20252, 0, 2482, 67.96, 5
2026/10/03 11:16:54.485, 20252, 0, 2482, 67.96, 5
2026/10/03 11:16:54.535, 20252, 0, 2482, 67.96, 5
2026/10/03 11:16:54.586, 20252, 0, 2482, 67.96, 5
2026/10/03 11:16:54.636, 20252, 0, 2482, 67.96, 5
2026/10/03 11:16:54.686, 20252, 0, 2482, 67.96, 5
2026/10/03 11:16:54.736, 20252, 0, 2482, 67.96, 5
2026/10/03 11:16:54.786, 20252, 0, 2482, 67.96, 5
2026/10/03 11:16:54.837, 20252, 0, 2475, 67.81, 5
2026/10/03 11:16:54.887, 20252, 0, 2475, 67.81, 5
2026/10/03 11:16:54.937, 20252, 0, 2475, 67.81, 5
2026/10/03 11:16:54.987, 20254, 0, 2475, 67.81, 5
2026/10/03 11:16:55.037, 20254, 0, 2475, 67.81, 5
2026/10/03 11:16:55.087, 20254, 0, 2475, 67.81, 5
2026/10/03 11:16:55.138, 20254, 0, 2475, 67.81, 5
2026/10/03 11:16:55.188, 20254, 0, 2475, 67.81, 5
2026/10/03 11:16:55.238, 20254, 0, 2475, 67.81, 5
2026/10/03 11:16:55.288, 20254, 0, 2475, 67.81, 5
2026/10/03 11:16:55.338, 20254, 0, 2475, 67.82, 5
2026/10/03 11:16:55.389, 20254, 0, 2475, 67.82, 5
2026/10/03 11:16:55.439, 20256, 0, 2475, 67.82, 5
2026/10/03 11:16:55.489, 20256, 0, 2475, 67.82, 5
2026/10/03 11:16:55.539, 20256, 0, 2475, 67.82, 5
2026/10/03 11:16:55.589, 20256, 0, 2475, 67.82, 5
2026/10/03 11:16:55.639, 20256, 0, 2475, 67.82, 5
2026/10/03 11:16:55.690, 20256, 0, 2475, 67.82, 5
2026/10/03 11:16:55.740, 20256, 0, 2475, 67.82, 5
2026/10/03 11:16:55.790, 20256, 0, 2475, 67.82, 5
2026/10/03 11:16:55.840, 20256, 0, 2482, 68.42, 5
2026/10/03 11:16:55.890, 20256, 0, 2482, 68.42, 5
2026/10/03 11:16:55.940, 20256, 0, 2482, 68.42, 5
2026/10/03 11:16:55.991, 20256, 0, 2482, 68.42, 5
2026/10/03 11:16:56.041, 20256, 0, 2482, 68.42, 5
2026/10/03 11:16:56.091, 20256, 0, 2482, 68.42, 5
2026/10/03 11:16:56.141, 20256, 0, 2482, 68.42, 5
2026/10/03 11:16:56.191, 20256, 0, 2482, 68.42, 5
2026/10/03 11:16:56.242, 20256, 0, 2482, 68.42, 5
2026/10/03 11:16:56.292, 20256, 0, 2482, 68.42, 5
2026/10/03 11:16:56.342, 20256, 0, 2475, 67.96, 5
2026/10/03 11:16:56.392, 20256, 0, 2475, 67.96, 5
2026/10/03 11:16:56.442, 20256, 0, 2475, 67.96, 5
2026/10/03 11:16:56.493, 20256, 0, 2475, 67.96, 5
2026/10/03 11:16:56.543, 20256, 0, 2475, 67.96, 5
2026/10/03 11:16:56.593, 20256, 0, 2475, 67.96, 5
2026/10/03 11:16:56.643, 20256, 0, 2475, 67.96, 5
2026/10/03 11:16:56.693, 20256, 0, 2475, 67.96, 5
2026/10/03 11:16:56.743, 20256, 0, 2475, 67.96, 5
2026/10/03 11:16:56.794, 20258, 0, 2475, 67.96, 5
2026/10/03 11:16:56.844, 20258, 2, 2482, 67.54, 5
2026/10/03 11:16:56.894, 20258, 2, 2482, 67.54, 5
2026/10/03 11:16:56.944, 20258, 2, 2482, 67.54, 5
2026/10/03 11:16:56.994, 20258, 2, 2482, 67.54, 5
2026/10/03 11:16:57.045, 20258, 2, 2482, 67.54, 5
2026/10/03 11:16:57.095, 20258, 2, 2482, 67.54, 5
2026/10/03 11:16:57.145, 20258, 2, 2482, 67.54, 5
2026/10/03 11:16:57.195, 20258, 2, 2482, 67.54, 5
2026/10/03 11:16:57.245, 20260, 2, 2482, 67.54, 5
2026/10/03 11:16:57.296, 20260, 2, 2482, 67.54, 5
2026/10/03 11:16:57.346, 20260, 2, 2482, 67.89, 5
2026/10/03 11:16:57.396, 20260, 2, 2482, 67.89, 5
2026/10/03 11:16:57.446, 20260, 2, 2482, 67.89, 5
2026/10/03 11:16:57.496, 20260, 2, 2482, 67.89, 5
2026/10/03 11:16:57.546, 20260, 2, 2482, 67.89, 5
2026/10/03 11:16:57.596, 20260, 2, 2482, 67.89, 5
2026/10/03 11:16:57.646, 20260, 2, 2482, 67.89, 5
2026/10/03 11:16:57.697, 20262, 2, 2482, 67.89, 5
2026/10/03 11:16:57.747, 20262, 2, 2482, 67.89, 5
2026/10/03 11:16:57.797, 20262, 2, 2482, 67.89, 5
2026/10/03 11:16:57.847, 20262, 1, 2482, 68.52, 5
2026/10/03 11:16:57.897, 20262, 1, 2482, 68.52, 5
2026/10/03 11:16:57.947, 20262, 1, 2482, 68.52, 5
2026/10/03 11:16:57.998, 20262, 1, 2482, 68.52, 5
2026/10/03 11:16:58.048, 20262, 1, 2482, 68.52, 5
2026/10/03 11:16:58.099, 20262, 1, 2482, 68.52, 5
2026/10/03 11:16:58.149, 20262, 1, 2482, 68.52, 5
2026/10/03 11:16:58.199, 20262, 1, 2482, 68.52, 5
2026/10/03 11:16:58.249, 20262, 1, 2482, 68.52, 5
2026/10/03 11:16:58.299, 20262, 1, 2482, 68.52, 5
2026/10/03 11:16:58.350, 20262, 1, 2475, 67.42, 5
2026/10/03 11:16:58.400, 20262, 1, 2475, 67.42, 5
2026/10/03 11:16:58.450, 20262, 1, 2475, 67.42, 5
2026/10/03 11:16:58.500, 20262, 1, 2475, 67.42, 5
2026/10/03 11:16:58.550, 20262, 1, 2475, 67.42, 5
2026/10/03 11:16:58.600, 20262, 1, 2475, 67.42, 5
2026/10/03 11:16:58.650, 20262, 1, 2475, 67.42, 5
2026/10/03 11:16:58.701, 20262, 1, 2475, 67.42, 5
2026/10/03 11:16:58.751, 20262, 1, 2475, 67.42, 5
2026/10/03 11:16:58.801, 20262, 1, 2475, 67.42, 5
2026/10/03 11:16:58.851, 20262, 0, 2475, 67.68, 5
2026/10/03 11:16:58.901, 20262, 0, 2475, 67.68, 5
2026/10/03 11:16:58.952, 20262, 0, 2475, 67.68, 5
2026/10/03 11:16:59.002, 20264, 0, 2475, 67.68, 5
2026/10/03 11:16:59.052, 20264, 0, 2475, 67.68, 5
2026/10/03 11:16:59.102, 20264, 0, 2475, 67.68, 5
2026/10/03 11:16:59.152, 20264, 0, 2475, 67.68, 5
2026/10/03 11:16:59.202, 20264, 0, 2475, 67.68, 5
2026/10/03 11:16:59.253, 20264, 0, 2475, 67.68, 5
2026/10/03 11:16:59.303, 20264, 0, 2475, 67.68, 5
2026/10/03 11:16:59.353, 20264, 0, 2482, 68.27, 5
2026/10/03 11:16:59.403, 20264, 0, 2482, 68.27, 5
2026/10/03 11:16:59.453, 20266, 0, 2482, 68.27, 5
2026/10/03 11:16:59.503, 20266, 0, 2482, 68.27, 5
2026/10/03 11:16:59.554, 20266, 0, 2482, 68.27, 5
2026/10/03 11:16:59.604, 20266, 0, 2482, 68.27, 5
2026/10/03 11:16:59.654, 20266, 0, 2482, 68.27, 5
2026/10/03 11:16:59.704, 20266, 0, 2482, 68.27, 5
2026/10/03 11:16:59.754, 20266, 0, 2482, 68.27, 5
2026/10/03 11:16:59.805, 20266, 0, 2482, 68.27, 5
2026/10/03 11:16:59.855, 20266, 0, 2475, 68.16, 5
2026/10/03 11:16:59.905, 20266, 0, 2475, 68.16, 5
2026/10/03 11:16:59.955, 20266, 0, 2475, 68.16, 5
2026/10/03 11:17:00.006, 20266, 0, 2475, 68.16, 5
2026/10/03 11:17:00.056, 20266, 0, 2475, 68.16, 5
2026/10/03 11:17:00.106, 20266, 0, 2475, 68.16, 5
2026/10/03 11:17:00.156, 20266, 0, 2475, 68.16, 5
2026/10/03 11:17:00.206, 20266, 0, 2475, 68.16, 5
2026/10/03 11:17:00.256, 20266, 0, 2475, 68.16, 5
2026/10/03 11:17:00.306, 20266, 0, 2475, 68.16, 5
2026/10/03 11:17:00.357, 20266, 0, 2482, 67.71, 5
2026/10/03 11:17:00.407, 20266, 0, 2482, 67.71, 5
2026/10/03 11:17:00.457, 20266, 0, 2482, 67.71, 5
2026/10/03 11:17:00.507, 20266, 0, 2482, 67.71, 5
2026/10/03 11:17:00.557, 20266, 0, 2482, 67.71, 5
2026/10/03 11:17:00.608, 20266, 0, 2482, 67.71, 5
2026/10/03 11:17:00.658, 20266, 0, 2482, 67.71, 5
2026/10/03 11:17:00.708, 20266, 0, 2482, 67.71, 5
2026/10/03 11:17:00.758, 20266, 0, 2482, 67.71, 5
2026/10/03 11:17:00.809, 20268, 0, 2482, 67.71, 5
2026/10/03 11:17:00.859, 20268, 0, 2482, 67.46, 5
2026/10/03 11:17:00.909, 20268, 0, 2482, 67.46, 5
2026/10/03 11:17:00.959, 20268, 0, 2482, 67.46, 5
2026/10/03 11:17:01.009, 20268, 0, 2482, 67.46, 5
2026/10/03 11:17:01.059, 20268, 0, 2482, 67.46, 5
2026/10/03 11:17:01.110, 20268, 0, 2482, 67.46, 5
2026/10/03 11:17:01.160, 20268, 0, 2482, 67.46, 5
2026/10/03 11:17:01.210, 20270, 0, 2482, 67.46, 5
2026/10/03 11:17:01.260, 20270, 0, 2482, 67.46, 5
2026/10/03 11:17:01.310, 20270, 0, 2482, 67.46, 5
2026/10/03 11:17:01.360, 20270, 0, 2482, 68.17, 5
2026/10/03 11:17:01.411, 20270, 0, 2482, 68.17, 5
2026/10/03 11:17:01.461, 20270, 0, 2482, 68.17, 5
2026/10/03 11:17:01.511, 20270, 0, 2482, 68.17, 5
2026/10/03 11:17:01.561, 20270, 0, 2482, 68.17, 5
2026/10/03 11:17:01.611, 20270, 0, 2482, 68.17, 5
2026/10/03 11:17:01.662, 20270, 0, 2482, 68.17, 5
2026/10/03 11:17:01.712, 20270, 0, 2482, 68.17, 5
2026/10/03 11:17:01.762, 20270, 0, 2482, 68.17, 5
2026/10/03 11:17:01.812, 20270, 0, 2482, 68.17, 5
2026/10/03 11:17:01.862, 20270, 0, 2475, 66.77, 5
2026/10/03 11:17:01.913, 20270, 0, 2475, 66.77, 5
2026/10/03 11:17:01.963, 20270, 0, 2475, 66.77, 5
2026/10/03 11:17:02.013, 20270, 0, 2475, 66.77, 5
2026/10/03 11:17:02.063, 20270, 0, 2475, 66.77, 5
2026/10/03 11:17:02.113, 20270, 0, 2475, 66.77, 5
2026/10/03 11:17:02.164, 20270, 0, 2475, 66.77, 5
2026/10/03 11:17:02.214, 20270, 0, 2475, 66.77, 5
2026/10/03 11:17:02.264, 20270, 0, 2475, 66.77, 5
2026/10/03 11:17:02.314, 20270, 0, 2475, 66.77, 5
2026/10/03 11:17:02.364, 20270, 0, 2475, 67.94, 5
2026/10/03 11:17:02.415, 20270, 0, 2475, 67.94, 5
2026/10/03 11:17:02.465, 20270, 0, 2475, 67.94, 5
2026/10/03 11:17:02.515, 20270, 0, 2475, 67.94, 5
2026/10/03 11:17:02.565, 20272, 0, 2475, 67.94, 5
2026/10/03 11:17:02.615, 20272, 0, 2475, 67.94, 5
2026/10/03 11:17:02.665, 20272, 0, 2475, 67.94, 5
2026/10/03 11:17:02.716, 20272, 0, 2475, 67.94, 5
2026/10/03 11:17:02.766, 20272, 0, 2475, 67.94, 5
2026/10/03 11:17:02.816, 20272, 0, 2475, 67.94, 5
2026/10/03 11:17:02.866, 20272, 0, 2482, 68.49, 5
2026/10/03 11:17:02.916, 20272, 0, 2482, 68.49, 5
2026/10/03 11:17:02.966, 20272, 0, 2482, 68.49, 5
2026/10/03 11:17:03.016, 20274, 0, 2482, 68.49, 5
2026/10/03 11:17:03.067, 20274, 0, 2482, 68.49, 5
2026/10/03 11:17:03.117, 20274, 0, 2482, 68.49, 5
2026/10/03 11:17:03.167, 20274, 0, 2482, 68.49, 5
2026/10/03 11:17:03.217, 20274, 0, 2482, 68.49, 5
2026/10/03 11:17:03.267, 20274, 0, 2482, 68.49, 5
2026/10/03 11:17:03.318, 20274, 0, 2482, 68.49, 5
2026/10/03 11:17:03.368, 20274, 0, 2475, 68.18, 5
2026/10/03 11:17:03.418, 20274, 0, 2475, 68.18, 5
2026/10/03 11:17:03.469, 20274, 0, 2475, 68.18, 5
2026/10/03 11:17:03.519, 20274, 0, 2475, 68.18, 5
2026/10/03 11:17:03.569, 20274, 0, 2475, 68.18, 5
2026/10/03 11:17:03.619, 20274, 0, 2475, 68.18, 5
2026/10/03 11:17:03.669, 20274, 0, 2475, 68.18, 5
2026/10/03 11:17:03.720, 20274, 0, 2475, 68.18, 5
2026/10/03 11:17:03.770, 20274, 0, 2475, 68.18, 5
2026/10/03 11:17:03.820, 20274, 0, 2475, 68.18, 5
2026/10/03 11:17:03.870, 20274, 0, 2482, 68.39, 5
2026/10/03 11:17:03.920, 20274, 0, 2482, 68.39, 5
2026/10/03 11:17:03.970, 20274, 0, 2482, 68.39, 5
2026/10/03 11:17:04.021, 20274, 0, 2482, 68.39, 5
2026/10/03 11:17:04.071, 20274, 0, 2482, 68.39, 5
2026/10/03 11:17:04.121, 20274, 0, 2482, 68.39, 5
2026/10/03 11:17:04.171, 20274, 0, 2482, 68.39, 5
2026/10/03 11:17:04.221, 20274, 0, 2482, 68.39, 5
2026/10/03 11:17:04.272, 20274, 0, 2482, 68.39, 5
2026/10/03 11:17:04.322, 20276, 0, 2482, 68.39, 5
2026/10/03 11:17:04.372, 20276, 0, 2482, 68.46, 5
2026/10/03 11:17:04.422, 20276, 0, 2482, 68.46, 5
2026/10/03 11:17:04.472, 20276, 0, 2482, 68.46, 5
2026/10/03 11:17:04.522, 20278, 0, 2482, 68.46, 5
2026/10/03 11:17:04.573, 20278, 0, 2482, 68.46, 5
2026/10/03 11:17:04.623, 20278, 0, 2482, 68.46, 5
2026/10/03 11:17:04.673, 20278, 0, 2482, 68.46, 5
2026/10/03 11:17:04.723, 20278, 0, 2482, 68.46, 5
2026/10/03 11:17:04.773, 20278, 0, 2482, 68.46, 5
2026/10/03 11:17:04.823, 20278, 0, 2482, 68.46, 5
2026/10/03 11:17:04.874, 20278, 2, 2482, 68.40, 5
2026/10/03 11:17:04.924, 20278, 2, 2482, 68.40, 5
2026/10/03 11:17:04.974, 20278, 2, 2482, 68.40, 5
2026/10/03 11:17:05.024, 20278, 2, 2482, 68.40, 5
2026/10/03 11:17:05.074, 20278, 2, 2482, 68.40, 5
2026/10/03 11:17:05.125, 20278, 2, 2482, 68.40, 5
2026/10/03 11:17:05.175, 20278, 2, 2482, 68.40, 5
2026/10/03 11:17:05.225, 20278, 2, 2482, 68.40, 5
2026/10/03 11:17:05.275, 20278, 2, 2482, 68.40, 5
2026/10/03 11:17:05.326, 20278, 2, 2482, 68.40, 5
2026/10/03 11:17:05.376, 20278, 2, 2475, 68.29, 5
2026/10/03 11:17:05.426, 20278, 2, 2475, 68.29, 5
2026/10/03 11:17:05.476, 20278, 2, 2475, 68.29, 5
2026/10/03 11:17:05.526, 20278, 2, 2475, 68.29, 5
2026/10/03 11:17:05.576, 20278, 2, 2475, 68.29, 5
2026/10/03 11:17:05.627, 20280, 2, 2475, 68.29, 5
2026/10/03 11:17:05.677, 20280, 2, 2475, 68.29, 5
2026/10/03 11:17:05.727, 20280, 2, 2475, 68.29, 5
2026/10/03 11:17:05.777, 20280, 2, 2475, 68.29, 5
2026/10/03 11:17:05.828, 20280, 2, 2475, 68.29, 5
2026/10/03 11:17:05.878, 20280, 0, 2482, 68.31, 5
2026/10/03 11:17:05.928, 20280, 0, 2482, 68.31, 5
2026/10/03 11:17:05.978, 20280, 0, 2482, 68.31, 5
2026/10/03 11:17:06.028, 20280, 0, 2482, 68.31, 5
2026/10/03 11:17:06.079, 20280, 0, 2482, 68.31, 5
2026/10/03 11:17:06.129, 20280, 0, 2482, 68.31, 5
2026/10/03 11:17:06.179, 20280, 0, 2482, 68.31, 5
2026/10/03 11:17:06.229, 20280, 0, 2482, 68.31, 5
2026/10/03 11:17:06.279, 20282, 0, 2482, 68.31, 5
2026/10/03 11:17:06.329, 20282, 0, 2482, 68.31, 5
2026/10/03 11:17:06.380, 20282, 0, 2482, 68.23, 5
2026/10/03 11:17:06.430, 20282, 0, 2482, 68.23, 5
2026/10/03 11:17:06.480, 20282, 0, 2482, 68.23, 5
2026/10/03 11:17:06.530, 20282, 0, 2482, 68.23, 5
2026/10/03 11:17:06.580, 20282, 0, 2482, 68.23, 5
2026/10/03 11:17:06.630, 20282, 0, 2482, 68.23, 5
2026/10/03 11:17:06.681, 20282, 0, 2482, 68.23, 5
2026/10/03 11:17:06.731, 20282, 0, 2482, 68.23, 5
2026/10/03 11:17:06.781, 20282, 0, 2482, 68.23, 5
2026/10/03 11:17:06.831, 20282, 0, 2482, 68.23, 5
2026/10/03 11:17:06.882, 20282, 0, 2475, 68.46, 5
2026/10/03 11:17:06.932, 20282, 0, 2475, 68.46, 5
2026/10/03 11:17:06.982, 20282, 0, 2475, 68.46, 5
2026/10/03 11:17:07.033, 20282, 0, 2475, 68.46, 5
2026/10/03 11:17:07.083, 20282, 0, 2475, 68.46, 5
2026/10/03 11:17:07.133, 20282, 0, 2475, 68.46, 5
2026/10/03 11:17:07.183, 20282, 0, 2475, 68.46, 5
2026/10/03 11:17:07.233, 20282, 0, 2475, 68.46, 5
2026/10/03 11:17:07.283, 20282, 0, 2475, 68.46, 5
2026/10/03 11:17:07.334, 20282, 0, 2475, 68.26, 5
2026/10/03 11:17:07.384, 20284, 0, 2475, 68.26, 5
2026/10/03 11:17:07.434, 20284, 0, 2475, 68.26, 5
2026/10/03 11:17:07.484, 20284, 0, 2475, 68.26, 5
2026/10/03 11:17:07.535, 20284, 0, 2475, 68.26, 5
2026/10/03 11:17:07.585, 20284, 0, 2475, 68.26, 5
2026/10/03 11:17:07.635, 20284, 0, 2475, 68.26, 5
2026/10/03 11:17:07.685, 20284, 0, 2475, 68.26, 5
2026/10/03 11:17:07.736, 20284, 0, 2475, 68.26, 5
2026/10/03 11:17:07.786, 20284, 0, 2475, 68.26, 5
2026/10/03 11:17:07.836, 20284, 0, 2482, 68.83, 5
2026/10/03 11:17:07.886, 20284, 0, 2482, 68.83, 5
2026/10/03 11:17:07.936, 20284, 0, 2482, 68.83, 5
2026/10/03 11:17:07.987, 20284, 0, 2482, 68.83, 5
2026/10/03 11:17:08.037, 20286, 0, 2482, 68.83, 5
2026/10/03 11:17:08.087, 20286, 0, 2482, 68.83, 5
2026/10/03 11:17:08.137, 20286, 0, 2482, 68.83, 5
2026/10/03 11:17:08.187, 20286, 0, 2482, 68.83, 5
2026/10/03 11:17:08.237, 20286, 0, 2482, 68.83, 5
2026/10/03 11:17:08.287, 20286, 0, 2482, 68.83, 5
2026/10/03 11:17:08.338, 20286, 0, 2482, 68.42, 5
2026/10/03 11:17:08.388, 20286, 0, 2482, 68.42, 5
2026/10/03 11:17:08.438, 20286, 0, 2482, 68.42, 5
2026/10/03 11:17:08.488, 20286, 0, 2482, 68.42, 5
2026/10/03 11:17:08.538, 20286, 0, 2482, 68.42, 5
2026/10/03 11:17:08.589, 20286, 0, 2482, 68.42, 5
2026/10/03 11:17:08.639, 20286, 0, 2482, 68.42, 5
2026/10/03 11:17:08.689, 20286, 0, 2482, 68.42, 5
2026/10/03 11:17:08.740, 20286, 0, 2482, 68.42, 5
2026/10/03 11:17:08.790, 20286, 0, 2482, 68.42, 5
2026/10/03 11:17:08.840, 20286, 0, 2475, 67.74, 5
2026/10/03 11:17:08.890, 20286, 0, 2475, 67.74, 5
2026/10/03 11:17:08.940, 20286, 0, 2475, 67.74, 5
2026/10/03 11:17:08.991, 20286, 0, 2475, 67.74, 5
2026/10/03 11:17:09.041, 20286, 0, 2475, 67.74, 5
2026/10/03 11:17:09.091, 20286, 0, 2475, 67.74, 5
2026/10/03 11:17:09.141, 20288, 0, 2475, 67.74, 5
2026/10/03 11:17:09.191, 20288, 0, 2475, 67.74, 5
2026/10/03 11:17:09.241, 20288, 0, 2475, 67.74, 5
2026/10/03 11:17:09.292, 20288, 0, 2475, 67.74, 5
2026/10/03 11:17:09.342, 20288, 0, 2482, 68.48, 5
2026/10/03 11:17:09.392, 20288, 0, 2482, 68.48, 5
2026/10/03 11:17:09.442, 20288, 0, 2482, 68.48, 5
2026/10/03 11:17:09.492, 20288, 0, 2482, 68.48, 5
2026/10/03 11:17:09.543, 20288, 0, 2482, 68.48, 5
2026/10/03 11:17:09.593, 20290, 0, 2482, 68.48, 5
2026/10/03 11:17:09.643, 20290, 0, 2482, 68.48, 5
2026/10/03 11:17:09.693, 20290, 0, 2482, 68.48, 5
2026/10/03 11:17:09.743, 20290, 0, 2482, 68.48, 5
2026/10/03 11:17:09.793, 20290, 0, 2482, 68.48, 5
2026/10/03 11:17:09.843, 20290, 0, 2482, 68.52, 5
2026/10/03 11:17:09.894, 20290, 0, 2482, 68.52, 5
2026/10/03 11:17:09.944, 20290, 0, 2482, 68.52, 5
2026/10/03 11:17:09.994, 20290, 0, 2482, 68.52, 5
2026/10/03 11:17:10.044, 20290, 0, 2482, 68.52, 5
2026/10/03 11:17:10.094, 20290, 0, 2482, 68.52, 5
2026/10/03 11:17:10.144, 20290, 0, 2482, 68.52, 5
2026/10/03 11:17:10.195, 20290, 0, 2482, 68.52, 5
2026/10/03 11:17:10.245, 20290, 0, 2482, 68.52, 5
2026/10/03 11:17:10.295, 20290, 0, 2482, 68.52, 5
2026/10/03 11:17:10.345, 20290, 0, 2475, 68.57, 5
2026/10/03 11:17:10.396, 20290, 0, 2475, 68.57, 5
2026/10/03 11:17:10.446, 20290, 0, 2475, 68.57, 5
2026/10/03 11:17:10.496, 20290, 0, 2475, 68.57, 5
2026/10/03 11:17:10.546, 20290, 0, 2475, 68.57, 5
2026/10/03 11:17:10.597, 20290, 0, 2475, 68.57, 5
2026/10/03 11:17:10.647, 20290, 0, 2475, 68.57, 5
2026/10/03 11:17:10.697, 20290, 0, 2475, 68.57, 5
2026/10/03 11:17:10.747, 20290, 0, 2475, 68.57, 5
2026/10/03 11:17:10.797, 20290, 0, 2475, 68.57, 5
2026/10/03 11:17:10.847, 20290, 0, 2475, 67.99, 5
2026/10/03 11:17:10.898, 20292, 0, 2475, 67.99, 5
2026/10/03 11:17:10.948, 20292, 0, 2475, 67.99, 5
2026/10/03 11:17:10.998, 20292, 0, 2475, 67.99, 5
2026/10/03 11:17:11.048, 20292, 0, 2475, 67.99, 5
2026/10/03 11:17:11.098, 20292, 0, 2475, 67.99, 5
2026/10/03 11:17:11.149, 20292, 0, 2475, 67.99, 5
2026/10/03 11:17:11.199, 20292, 0, 2475, 67.99, 5
2026/10/03 11:17:11.249, 20292, 0, 2475, 67.99, 5
2026/10/03 11:17:11.299, 20292, 0, 2475, 67.99, 5
2026/10/03 11:17:11.349, 20294, 0, 2482, 67.96, 5
2026/10/03 11:17:11.400, 20294, 0, 2482, 67.96, 5
2026/10/03 11:17:11.450, 20294, 0, 2482, 67.96, 5
2026/10/03 11:17:11.500, 20294, 0, 2482, 67.96, 5
2026/10/03 11:17:11.550, 20294, 0, 2482, 67.96, 5
2026/10/03 11:17:11.600, 20294, 0, 2482, 67.96, 5
2026/10/03 11:17:11.650, 20294, 0, 2482, 67.96, 5
2026/10/03 11:17:11.701, 20294, 0, 2482, 67.96, 5
2026/10/03 11:17:11.751, 20294, 0, 2482, 67.96, 5
2026/10/03 11:17:11.801, 20294, 0, 2482, 67.96, 5
2026/10/03 11:17:11.851, 20294, 1, 2482, 68.12, 5
2026/10/03 11:17:11.901, 20294, 1, 2482, 68.12, 5
2026/10/03 11:17:11.951, 20294, 1, 2482, 68.12, 5
2026/10/03 11:17:12.002, 20294, 1, 2482, 68.12, 5
2026/10/03 11:17:12.052, 20294, 1, 2482, 68.12, 5
2026/10/03 11:17:12.102, 20294, 1, 2482, 68.12, 5
2026/10/03 11:17:12.152, 20294, 1, 2482, 68.12, 5
2026/10/03 11:17:12.202, 20294, 1, 2482, 68.12, 5
2026/10/03 11:17:12.253, 20294, 1, 2482, 68.12, 5
2026/10/03 11:17:12.303, 20294, 1, 2482, 68.12, 5
2026/10/03 11:17:12.353, 20294, 1, 2475, 68.56, 5
2026/10/03 11:17:12.403, 20294, 1, 2475, 68.56, 5
2026/10/03 11:17:12.453, 20294, 1, 2475, 68.56, 5
2026/10/03 11:17:12.504, 20294, 1, 2475, 68.56, 5
2026/10/03 11:17:12.554, 20294, 1, 2475, 68.56, 5
2026/10/03 11:17:12.604, 20296, 1, 2475, 68.56, 5
2026/10/03 11:17:12.654, 20296, 1, 2475, 68.56, 5
2026/10/03 11:17:12.705, 20296, 1, 2475, 68.56, 5
2026/10/03 11:17:12.755, 20296, 1, 2475, 68.56, 5
2026/10/03 11:17:12.805, 20296, 1, 2475, 68.56, 5
2026/10/03 11:17:12.855, 20296, 0, 2482, 68.36, 5
2026/10/03 11:17:12.905, 20296, 0, 2482, 68.36, 5
2026/10/03 11:17:12.956, 20296, 0, 2482, 68.36, 5
2026/10/03 11:17:13.006, 20296, 0, 2482, 68.36, 5
2026/10/03 11:17:13.056, 20298, 0, 2482, 68.36, 5
2026/10/03 11:17:13.106, 20298, 0, 2482, 68.36, 5
2026/10/03 11:17:13.156, 20298, 0, 2482, 68.36, 5
2026/10/03 11:17:13.206, 20298, 0, 2482, 68.36, 5
2026/10/03 11:17:13.257, 20298, 0, 2482, 68.36, 5
2026/10/03 11:17:13.307, 20298, 0, 2482, 68.36, 5
2026/10/03 11:17:13.357, 20298, 0, 2482, 68.10, 5
2026/10/03 11:17:13.407, 20298, 0, 2482, 68.10, 5
2026/10/03 11:17:13.457, 20298, 0, 2482, 68.10, 5
2026/10/03 11:17:13.507, 20298, 0, 2482, 68.10, 5
2026/10/03 11:17:13.558, 20298, 0, 2482, 68.10, 5
2026/10/03 11:17:13.608, 20298, 0, 2482, 68.10, 5
2026/10/03 11:17:13.658, 20298, 0, 2482, 68.10, 5
2026/10/03 11:17:13.708, 20298, 0, 2482, 68.10, 5
2026/10/03 11:17:13.758, 20298, 0, 2482, 68.10, 5
2026/10/03 11:17:13.809, 20298, 0, 2482, 68.10, 5
2026/10/03 11:17:13.859, 20298, 0, 2475, 68.50, 5
2026/10/03 11:17:13.909, 20298, 0, 2475, 68.50, 5
2026/10/03 11:17:13.959, 20298, 0, 2475, 68.50, 5
2026/10/03 11:17:14.010, 20298, 0, 2475, 68.50, 5
2026/10/03 11:17:14.060, 20298, 0, 2475, 68.50, 5
2026/10/03 11:17:14.110, 20298, 0, 2475, 68.50, 5
2026/10/03 11:17:14.160, 20298, 0, 2475, 68.50, 5
2026/10/03 11:17:14.210, 20298, 0, 2475, 68.50, 5
2026/10/03 11:17:14.260, 20298, 0, 2475, 68.50, 5
2026/10/03 11:17:14.311, 20298, 0, 2475, 68.50, 5
2026/10/03 11:17:14.361, 20300, 0, 2475, 68.32, 5
2026/10/03 11:17:14.411, 20300, 0, 2475, 68.32, 5
2026/10/03 11:17:14.462, 20300, 0, 2475, 68.32, 5
2026/10/03 11:17:14.512, 20300, 0, 2475, 68.32, 5
2026/10/03 11:17:14.562, 20300, 0, 2475, 68.32, 5
2026/10/03 11:17:14.612, 20300, 0, 2475, 68.32, 5
2026/10/03 11:17:14.662, 20300, 0, 2475, 68.32, 5
2026/10/03 11:17:14.713, 20300, 0, 2475, 68.32, 5
2026/10/03 11:17:14.763, 20300, 0, 2475, 68.32, 5
2026/10/03 11:17:14.813, 20302, 0, 2475, 68.32, 5
2026/10/03 11:17:14.863, 20302, 0, 2482, 68.63, 5
2026/10/03 11:17:14.913, 20302, 0, 2482, 68.63, 5
2026/10/03 11:17:14.963, 20302, 0, 2482, 68.63, 5
2026/10/03 11:17:15.014, 20302, 0, 2482, 68.63, 5
2026/10/03 11:17:15.064, 20302, 0, 2482, 68.63, 5
2026/10/03 11:17:15.114, 20302, 0, 2482, 68.63, 5
2026/10/03 11:17:15.164, 20302, 0, 2482, 68.63, 5
2026/10/03 11:17:15.214, 20302, 0, 2482, 68.63, 5
2026/10/03 11:17:15.264, 20304, 0, 2482, 68.63, 5
2026/10/03 11:17:15.315, 20304, 0, 2482, 68.63, 5
2026/10/03 11:17:15.365, 20304, 0, 2482, 68.50, 5
2026/10/03 11:17:15.415, 20304, 0, 2482, 68.50, 5
2026/10/03 11:17:15.465, 20304, 0, 2482, 68.50, 5
2026/10/03 11:17:15.515, 20304, 0, 2482, 68.50, 5
2026/10/03 11:17:15.565, 20304, 0, 2482, 68.50, 5
2026/10/03 11:17:15.616, 20304, 0, 2482, 68.50, 5
2026/10/03 11:17:15.666, 20304, 0, 2482, 68.50, 5
2026/10/03 11:17:15.717, 20304, 0, 2482, 68.50, 5
2026/10/03 11:17:15.767, 20304, 0, 2482, 68.50, 5
2026/10/03 11:17:15.817, 20304, 0, 2482, 68.50, 5
2026/10/03 11:17:15.867, 20304, 0, 2475, 68.05, 5
2026/10/03 11:17:15.917, 20304, 0, 2475, 68.05, 5
2026/10/03 11:17:15.968, 20304, 0, 2475, 68.05, 5
2026/10/03 11:17:16.018, 20304, 0, 2475, 68.05, 5
2026/10/03 11:17:16.068, 20304, 0, 2475, 68.05, 5
2026/10/03 11:17:16.118, 20304, 0, 2475, 68.05, 5
2026/10/03 11:17:16.168, 20304, 0, 2475, 68.05, 5
2026/10/03 11:17:16.218, 20304, 0, 2475, 68.05, 5
2026/10/03 11:17:16.269, 20304, 0, 2475, 68.05, 5
2026/10/03 11:17:16.319, 20304, 0, 2475, 68.05, 5
2026/10/03 11:17:16.369, 20304, 0, 2482, 68.75, 5
2026/10/03 11:17:16.419, 20304, 0, 2482, 68.75, 5
2026/10/03 11:17:16.470, 20304, 0, 2482, 68.75, 5
2026/10/03 11:17:16.520, 20304, 0, 2482, 68.75, 5
2026/10/03 11:17:16.570, 20306, 0, 2482, 68.75, 5
2026/10/03 11:17:16.620, 20306, 0, 2482, 68.75, 5
2026/10/03 11:17:16.670, 20306, 0, 2482, 68.75, 5
2026/10/03 11:17:16.720, 20306, 0, 2482, 68.75, 5
2026/10/03 11:17:16.771, 20306, 0, 2482, 68.75, 5
2026/10/03 11:17:16.821, 20306, 0, 2482, 68.75, 5
2026/10/03 11:17:16.871, 20306, 0, 2482, 68.13, 5
2026/10/03 11:17:16.921, 20306, 0, 2482, 68.13, 5
2026/10/03 11:17:16.971, 20306, 0, 2482, 68.13, 5
2026/10/03 11:17:17.021, 20308, 0, 2482, 68.13, 5
2026/10/03 11:17:17.071, 20308, 0, 2482, 68.13, 5
2026/10/03 11:17:17.122, 20308, 0, 2482, 68.13, 5
2026/10/03 11:17:17.172, 20308, 0, 2482, 68.13, 5
2026/10/03 11:17:17.222, 20308, 0, 2482, 68.13, 5
2026/10/03 11:17:17.272, 20308, 0, 2482, 68.13, 5
2026/10/03 11:17:17.323, 20308, 0, 2482, 68.13, 5
2026/10/03 11:17:17.373, 20308, 0, 2475, 68.02, 5
2026/10/03 11:17:17.423, 20308, 0, 2475, 68.02, 5
2026/10/03 11:17:17.474, 20308, 0, 2475, 68.02, 5
2026/10/03 11:17:17.524, 20308, 0, 2475, 68.02, 5
2026/10/03 11:17:17.574, 20308, 0, 2475, 68.02, 5
2026/10/03 11:17:17.624, 20308, 0, 2475, 68.02, 5
2026/10/03 11:17:17.674, 20308, 0, 2475, 68.02, 5
2026/10/03 11:17:17.725, 20308, 0, 2475, 68.02, 5
2026/10/03 11:17:17.775, 20308, 0, 2475, 68.02, 5
2026/10/03 11:17:17.825, 20308, 0, 2475, 68.02, 5
2026/10/03 11:17:17.875, 20308, 0, 2475, 68.30, 5
2026/10/03 11:17:17.925, 20308, 0, 2475, 68.30, 5
2026/10/03 11:17:17.975, 20308, 0, 2475, 68.30, 5
2026/10/03 11:17:18.026, 20308, 0, 2475, 68.30, 5
2026/10/03 11:17:18.076, 20308, 0, 2475, 68.30, 5
2026/10/03 11:17:18.126, 20308, 0, 2475, 68.30, 5
2026/10/03 11:17:18.177, 20308, 0, 2475, 68.30, 5
2026/10/03 11:17:18.227, 20308, 0, 2475, 68.30, 5
2026/10/03 11:17:18.277, 20308, 0, 2475, 68.30, 5
2026/10/03 11:17:18.327, 20310, 0, 2475, 68.30, 5
2026/10/03 11:17:18.377, 20310, 0, 2482, 68.20, 5
2026/10/03 11:17:18.428, 20310, 0, 2482, 68.20, 5
2026/10/03 11:17:18.478, 20310, 0, 2482, 68.20, 5
2026/10/03 11:17:18.528, 20310, 0, 2482, 68.20, 5
2026/10/03 11:17:18.578, 20310, 0, 2482, 68.20, 5
2026/10/03 11:17:18.628, 20310, 0, 2482, 68.20, 5
2026/10/03 11:17:18.678, 20310, 0, 2482, 68.20, 5
2026/10/03 11:17:18.728, 20310, 0, 2482, 68.20, 5
2026/10/03 11:17:18.779, 20312, 0, 2482, 68.20, 5
2026/10/03 11:17:18.829, 20312, 0, 2482, 68.20, 5
2026/10/03 11:17:18.879, 20312, 1, 2482, 68.75, 5
2026/10/03 11:17:18.929, 20312, 1, 2482, 68.75, 5
2026/10/03 11:17:18.979, 20312, 1, 2482, 68.75, 5
2026/10/03 11:17:19.029, 20312, 1, 2482, 68.75, 5
2026/10/03 11:17:19.080, 20312, 1, 2482, 68.75, 5
2026/10/03 11:17:19.130, 20312, 1, 2482, 68.75, 5
2026/10/03 11:17:19.180, 20312, 1, 2482, 68.75, 5
2026/10/03 11:17:19.230, 20312, 1, 2482, 68.75, 5
2026/10/03 11:17:19.280, 20312, 1, 2482, 68.75, 5
2026/10/03 11:17:19.331, 20312, 1, 2482, 68.75, 5
2026/10/03 11:17:19.381, 20312, 1, 2475, 68.64, 5
2026/10/03 11:17:19.431, 20312, 1, 2475, 68.64, 5
2026/10/03 11:17:19.481, 20312, 1, 2475, 68.64, 5
2026/10/03 11:17:19.531, 20312, 1, 2475, 68.64, 5
2026/10/03 11:17:19.582, 20312, 1, 2475, 68.64, 5
2026/10/03 11:17:19.632, 20312, 1, 2475, 68.64, 5
2026/10/03 11:17:19.682, 20312, 1, 2475, 68.64, 5
2026/10/03 11:17:19.732, 20312, 1, 2475, 68.64, 5
2026/10/03 11:17:19.782, 20312, 1, 2475, 68.64, 5
2026/10/03 11:17:19.833, 20312, 1, 2475, 68.64, 5
2026/10/03 11:17:19.883, 20312, 0, 2482, 68.60, 5
2026/10/03 11:17:19.933, 20312, 0, 2482, 68.60, 5
2026/10/03 11:17:19.983, 20312, 0, 2482, 68.60, 5
2026/10/03 11:17:20.033, 20312, 0, 2482, 68.60, 5
2026/10/03 11:17:20.084, 20314, 0, 2482, 68.60, 5
2026/10/03 11:17:20.134, 20314, 0, 2482, 68.60, 5
2026/10/03 11:17:20.184, 20314, 0, 2482, 68.60, 5
2026/10/03 11:17:20.234, 20314, 0, 2482, 68.60, 5
2026/10/03 11:17:20.284, 20314, 0, 2482, 68.60, 5
2026/10/03 11:17:20.334, 20314, 0, 2482, 68.49, 5
2026/10/03 11:17:20.385, 20314, 0, 2482, 68.49, 5
2026/10/03 11:17:20.435, 20314, 0, 2482, 68.49, 5
2026/10/03 11:17:20.485, 20314, 0, 2482, 68.49, 5
2026/10/03 11:17:20.535, 20316, 0, 2482, 68.49, 5
2026/10/03 11:17:20.585, 20316, 0, 2482, 68.49, 5
2026/10/03 11:17:20.635, 20316, 0, 2482, 68.49, 5
2026/10/03 11:17:20.686, 20316, 0, 2482, 68.49, 5
2026/10/03 11:17:20.736, 20316, 0, 2482, 68.49, 5
2026/10/03 11:17:20.786, 20316, 0, 2482, 68.49, 5
2026/10/03 11:17:20.837, 20316, 0, 2475, 68.46, 5
2026/10/03 11:17:20.887, 20316, 0, 2475, 68.46, 5
2026/10/03 11:17:20.937, 20316, 0, 2475, 68.46, 5
2026/10/03 11:17:20.987, 20316, 0, 2475, 68.46, 5
2026/10/03 11:17:21.037, 20316, 0, 2475, 68.46, 5
2026/10/03 11:17:21.088, 20316, 0, 2475, 68.46, 5
2026/10/03 11:17:21.138, 20316, 0, 2475, 68.46, 5
2026/10/03 11:17:21.188, 20316, 0, 2475, 68.46, 5
2026/10/03 11:17:21.238, 20316, 0, 2475, 68.46, 5
2026/10/03 11:17:21.288, 20316, 0, 2475, 68.46, 5
2026/10/03 11:17:21.338, 20316, 0, 2475, 68.04, 5
2026/10/03 11:17:21.389, 20318, 0, 2475, 68.04, 5
2026/10/03 11:17:21.439, 20318, 0, 2475, 68.04, 5
2026/10/03 11:17:21.489, 20410, 0, 2475, 68.04, 5
2026/10/03 11:17:21.539, 20410, 0, 2475, 68.04, 5
2026/10/03 11:17:21.589, 20410, 0, 2475, 68.04, 5
2026/10/03 11:17:21.639, 20410, 0, 2475, 68.04, 5
2026/10/03 11:17:21.689, 20410, 0, 2475, 68.04, 5
2026/10/03 11:17:21.740, 20410, 0, 2475, 68.04, 5
2026/10/03 11:17:21.790, 18472, 0, 2475, 68.04, 5
2026/10/03 11:17:21.840, 18636, 2, 2557, 68.59, 5
2026/10/03 11:17:21.890, 18716, 2, 2557, 68.59, 5
2026/10/03 11:17:21.940, 18856, 2, 2557, 68.59, 5
2026/10/03 11:17:21.990, 18976, 2, 2557, 68.59, 5
2026/10/03 11:17:22.040, 19096, 2, 2557, 68.59, 5
2026/10/03 11:17:22.091, 19196, 2, 2557, 68.59, 5
2026/10/03 11:17:22.141, 19316, 2, 2557, 68.59, 5
2026/10/03 11:17:22.191, 19476, 2, 2557, 68.59, 5
2026/10/03 11:17:22.241, 19616, 2, 2557, 68.59, 5
2026/10/03 11:17:22.291, 19736, 2, 2557, 68.59, 5
2026/10/03 11:17:22.341, 19876, 2, 2895, 249.96, 5
2026/10/03 11:17:22.391, 19996, 2, 2895, 249.96, 5
2026/10/03 11:17:22.441, 20116, 2, 2895, 249.96, 5
2026/10/03 11:17:22.492, 20236, 2, 2895, 249.96, 5
2026/10/03 11:17:22.542, 20356, 2, 2895, 249.96, 5
2026/10/03 11:17:22.592, 20536, 2, 2895, 249.96, 5
2026/10/03 11:17:22.642, 20658, 2, 2895, 249.96, 5
2026/10/03 11:17:22.692, 20658, 2, 2895, 249.96, 5
2026/10/03 11:17:22.742, 20658, 2, 2895, 249.96, 5
2026/10/03 11:17:22.792, 20658, 2, 2895, 249.96, 5
2026/10/03 11:17:22.842, 20658, 61, 2895, 179.68, 5
2026/10/03 11:17:22.893, 20658, 61, 2895, 179.68, 5
2026/10/03 11:17:22.943, 20658, 61, 2895, 179.68, 5
2026/10/03 11:17:22.993, 20658, 61, 2895, 179.68, 5
2026/10/03 11:17:23.043, 20658, 61, 2895, 179.68, 5
2026/10/03 11:17:23.093, 20658, 61, 2895, 179.68, 5
2026/10/03 11:17:23.143, 20658, 61, 2895, 179.68, 5
2026/10/03 11:17:23.193, 20658, 61, 2895, 179.68, 5
2026/10/03 11:17:23.244, 20658, 61, 2895, 179.68, 5
2026/10/03 11:17:23.294, 20658, 61, 2895, 179.68, 5
2026/10/03 11:17:23.344, 20658, 61, 2895, 249.10, 5
2026/10/03 11:17:23.394, 20658, 61, 2895, 249.10, 5
2026/10/03 11:17:23.444, 20658, 61, 2895, 249.10, 5
2026/10/03 11:17:23.494, 20658, 61, 2895, 249.10, 5
2026/10/03 11:17:23.544, 20658, 61, 2895, 249.10, 5
2026/10/03 11:17:23.594, 20658, 61, 2895, 249.10, 5
2026/10/03 11:17:23.645, 20658, 61, 2895, 249.10, 5
2026/10/03 11:17:23.695, 20658, 61, 2895, 249.10, 5
2026/10/03 11:17:23.745, 20658, 61, 2895, 249.10, 5
2026/10/03 11:17:23.795, 20658, 61, 2895, 249.10, 5
2026/10/03 11:17:23.845, 20658, 47, 2902, 159.00, 5
2026/10/03 11:17:23.895, 20658, 47, 2902, 159.00, 5
2026/10/03 11:17:23.945, 20658, 47, 2902, 159.00, 5
2026/10/03 11:17:23.995, 20658, 47, 2902, 159.00, 5
2026/10/03 11:17:24.046, 20658, 47, 2902, 159.00, 5
2026/10/03 11:17:24.096, 20658, 47, 2902, 159.00, 5
2026/10/03 11:17:24.146, 20658, 47, 2902, 159.00, 5
2026/10/03 11:17:24.196, 20658, 47, 2902, 159.00, 5
2026/10/03 11:17:24.246, 20658, 47, 2902, 159.00, 5
2026/10/03 11:17:24.296, 20658, 47, 2902, 159.00, 5
2026/10/03 11:17:24.346, 20658, 47, 2895, 274.00, 5
2026/10/03 11:17:24.397, 20658, 47, 2895, 274.00, 5
2026/10/03 11:17:24.447, 20658, 47, 2895, 274.00, 5
2026/10/03 11:17:24.497, 20658, 47, 2895, 274.00, 5
2026/10/03 11:17:24.547, 20658, 47, 2895, 274.00, 5
2026/10/03 11:17:24.597, 20658, 47, 2895, 274.00, 5
2026/10/03 11:17:24.647, 20658, 47, 2895, 274.00, 5
2026/10/03 11:17:24.697, 20658, 47, 2895, 274.00, 5
2026/10/03 11:17:24.747, 20658, 47, 2895, 274.00, 5
2026/10/03 11:17:24.797, 20658, 47, 2895, 274.00, 5
2026/10/03 11:17:24.848, 20658, 99, 2895, 274.36, 5
2026/10/03 11:17:24.898, 20658, 99, 2895, 274.36, 5
2026/10/03 11:17:24.948, 20658, 99, 2895, 274.36, 5
2026/10/03 11:17:24.998, 20658, 99, 2895, 274.36, 5
2026/10/03 11:17:25.048, 20658, 99, 2895, 274.36, 5
2026/10/03 11:17:25.098, 20658, 99, 2895, 274.36, 5
2026/10/03 11:17:25.148, 20658, 99, 2895, 274.36, 5
2026/10/03 11:17:25.198, 20658, 99, 2895, 274.36, 5
2026/10/03 11:17:25.249, 20658, 99, 2895, 274.36, 5
2026/10/03 11:17:25.299, 20658, 99, 2895, 274.36, 5
2026/10/03 11:17:25.349, 20658, 99, 2902, 276.26, 5
2026/10/03 11:17:25.399, 20658, 99, 2902, 276.26, 5
2026/10/03 11:17:25.449, 20658, 99, 2902, 276.26, 5
2026/10/03 11:17:25.499, 20658, 99, 2902, 276.26, 5
2026/10/03 11:17:25.549, 20658, 99, 2902, 276.26, 5
2026/10/03 11:17:25.600, 20658, 99, 2902, 276.26, 5
2026/10/03 11:17:25.650, 20658, 99, 2902, 276.26, 5
2026/10/03 11:17:25.700, 20658, 99, 2902, 276.26, 5
2026/10/03 11:17:25.750, 20658, 99, 2902, 276.26, 5
2026/10/03 11:17:25.800, 20658, 99, 2902, 276.26, 5
2026/10/03 11:17:25.850, 20658, 99, 2902, 275.91, 5
2026/10/03 11:17:25.900, 20658, 99, 2902, 275.91, 5
2026/10/03 11:17:25.950, 20658, 99, 2902, 275.91, 5
2026/10/03 11:17:26.001, 20658, 99, 2902, 275.91, 5
2026/10/03 11:17:26.051, 20658, 99, 2902, 275.91, 5
2026/10/03 11:17:26.101, 20658, 99, 2902, 275.91, 5
2026/10/03 11:17:26.151, 20658, 99, 2902, 275.91, 5
2026/10/03 11:17:26.201, 20658, 99, 2902, 275.91, 5
2026/10/03 11:17:26.251, 20658, 99, 2902, 275.91, 5
2026/10/03 11:17:26.301, 20658, 99, 2902, 275.91, 5
2026/10/03 11:17:26.351, 20658, 99, 2902, 280.26, 5
2026/10/03 11:17:26.402, 20658, 99, 2902, 280.26, 5
2026/10/03 11:17:26.452, 20658, 99, 2902, 280.26, 5
2026/10/03 11:17:26.502, 20658, 99, 2902, 280.26, 5
2026/10/03 11:17:26.552, 20658, 99, 2902, 280.26, 5
2026/10/03 11:17:26.602, 20658, 99, 2902, 280.26, 5
2026/10/03 11:17:26.652, 20658, 99, 2902, 280.26, 5
2026/10/03 11:17:26.702, 20658, 99, 2902, 280.26, 5
2026/10/03 11:17:26.753, 20658, 99, 2902, 280.26, 5
2026/10/03 11:17:26.803, 20658, 99, 2902, 280.26, 5
2026/10/03 11:17:26.853, 20658, 99, 2902, 280.98, 5
2026/10/03 11:17:26.903, 20658, 99, 2902, 280.98, 5
2026/10/03 11:17:26.953, 20658, 99, 2902, 280.98, 5
2026/10/03 11:17:27.003, 20658, 99, 2902, 280.98, 5
2026/10/03 11:17:27.053, 20658, 99, 2902, 280.98, 5
2026/10/03 11:17:27.103, 20658, 99, 2902, 280.98, 5
2026/10/03 11:17:27.154, 20658, 99, 2902, 280.98, 5
2026/10/03 11:17:27.204, 20658, 99, 2902, 280.98, 5
2026/10/03 11:17:27.254, 20658, 99, 2902, 280.98, 5
2026/10/03 11:17:27.304, 20658, 99, 2902, 280.98, 5
2026/10/03 11:17:27.354, 20658, 99, 2902, 284.19, 5
2026/10/03 11:17:27.404, 20658, 99, 2902, 284.19, 5
2026/10/03 11:17:27.454, 20658, 99, 2902, 284.19, 5
2026/10/03 11:17:27.504, 20658, 99, 2902, 284.19, 5
2026/10/03 11:17:27.554, 20658, 99, 2902, 284.19, 5
2026/10/03 11:17:27.605, 20658, 99, 2902, 284.19, 5
2026/10/03 11:17:27.655, 20658, 99, 2902, 284.19, 5
2026/10/03 11:17:27.705, 20658, 99, 2902, 284.19, 5
2026/10/03 11:17:27.755, 20658, 99, 2902, 284.19, 5
2026/10/03 11:17:27.805, 20658, 99, 2902, 284.19, 5
2026/10/03 11:17:27.855, 20658, 99, 2902, 281.87, 5
2026/10/03 11:17:27.905, 20658, 99, 2902, 281.87, 5
2026/10/03 11:17:27.956, 20658, 99, 2902, 281.87, 5
2026/10/03 11:17:28.006, 20658, 99, 2902, 281.87, 5
2026/10/03 11:17:28.056, 20658, 99, 2902, 281.87, 5
2026/10/03 11:17:28.106, 20658, 99, 2902, 281.87, 5
2026/10/03 11:17:28.156, 20658, 99, 2902, 281.87, 5
2026/10/03 11:17:28.206, 20658, 99, 2902, 281.87, 5
2026/10/03 11:17:28.256, 20658, 99, 2902, 281.87, 5
2026/10/03 11:17:28.306, 20658, 99, 2902, 281.87, 5
2026/10/03 11:17:28.356, 20658, 99, 2902, 278.96, 5
2026/10/03 11:17:28.407, 20658, 99, 2902, 278.96, 5
2026/10/03 11:17:28.457, 20658, 99, 2902, 278.96, 5
2026/10/03 11:17:28.516, 20658, 99, 2902, 278.96, 5
2026/10/03 11:17:28.566, 20658, 99, 2902, 278.96, 5
2026/10/03 11:17:28.617, 20658, 99, 2902, 278.96, 5
2026/10/03 11:17:28.667, 20658, 99, 2902, 278.96, 5
2026/10/03 11:17:28.717, 20658, 99, 2902, 278.96, 5
2026/10/03 11:17:28.767, 20658, 99, 2902, 278.96, 5
2026/10/03 11:17:28.817, 20658, 99, 2902, 278.96, 5
2026/10/03 11:17:28.868, 20658, 0, 2910, 98.65, 5
2026/10/03 11:17:28.918, 20658, 0, 2910, 98.65, 5
2026/10/03 11:17:28.968, 20658, 0, 2910, 98.65, 5
2026/10/03 11:17:29.018, 20658, 0, 2910, 98.65, 5
2026/10/03 11:17:29.068, 20658, 0, 2910, 98.65, 5
2026/10/03 11:17:29.118, 20658, 0, 2910, 98.65, 5
2026/10/03 11:17:29.169, 20658, 0, 2910, 98.65, 5
2026/10/03 11:17:29.219, 20658, 0, 2910, 98.65, 5
2026/10/03 11:17:29.269, 20658, 0, 2910, 98.65, 5
2026/10/03 11:17:29.319, 20658, 0, 2910, 98.65, 5
2026/10/03 11:17:29.369, 20658, 0, 2910, 98.21, 5
2026/10/03 11:17:29.419, 20658, 0, 2910, 98.21, 5
2026/10/03 11:17:29.469, 20658, 0, 2910, 98.21, 5
2026/10/03 11:17:29.519, 20658, 0, 2910, 98.21, 5
2026/10/03 11:17:29.569, 20658, 0, 2910, 98.21, 5
2026/10/03 11:17:29.620, 20658, 0, 2910, 98.21, 5
2026/10/03 11:17:29.670, 20658, 0, 2910, 98.21, 5
2026/10/03 11:17:29.720, 20658, 0, 2910, 98.21, 5
2026/10/03 11:17:29.770, 20658, 0, 2910, 98.21, 5
2026/10/03 11:17:29.820, 20653, 0, 2910, 98.21, 5
2026/10/03 11:17:29.870, 20653, 0, 2910, 97.73, 5
2026/10/03 11:17:29.920, 1, 0, 2910, 97.73, 5
