1791128603 2400, 14001, 53, 0x0000000000000000 | 38.91 32.45 26.04 | cpu  4408610821 10412317 654420671 45132709345 10348652 0 8248722 0 0 0
1791128604 1485, 7001, 52, 0x0000000000000000 | 38.91 32.45 26.04 | cpu  4408611714 10412317 654420859 45132736252 10348653 0 8248722 0 0 0
1791128605 307, 810, 51, 0x0000000000000000 | 38.91 32.45 26.04 | cpu  4408612532 10412317 654421159 45132763305 10348653 0 8248722 0 0 0
1791128606 270, 810, 51, 0x0000000000000000 | 36.28 32.01 25.93 | cpu  4408613949 10412317 654421799 45132789210 10348653 0 8248722 0 0 0
1791128607 180, 405, 51, 0x0000000000000000 | 36.28 32.01 25.93 | cpu  4408618985 10412317 654422215 45132812181 10348655 0 8248723 0 0 0
1791128609 180, 405, 51, 0x0000000000000000 | 36.28 32.01 25.93 | cpu  4408619662 10412317 654422599 45132839474 10348655 0 8248723 0 0 0
1791128610 180, 405, 51, 0x0000000000000000 | 36.28 32.01 25.93 | cpu  4408621601 10412317 654423703 45132864459 10348656 0 8248723 0 0 0
1791128611 2400, 13801, 51, 0x0000000000000000 | 36.28 32.01 25.93 | cpu  4408623851 10412318 654424310 45132889692 10348657 0 8248723 0 0 0
1791128612 2445, 13801, 52, 0x0000000000000000 | 45.31 33.95 26.60 | cpu  4408625668 10412318 654424739 45132915305 10348658 0 8248723 0 0 0
1791128613 2445, 13801, 52, 0x0000000000000000 | 45.31 33.95 26.60 | cpu  4408628184 10412318 654425470 45132939951 10348662 0 8248724 0 0 0
1791128614 2452, 13801, 52, 0x0000000000000000 | 45.31 33.95 26.60 | cpu  4408634027 10412318 654426251 45132961330 10348664 0 8248724 0 0 0
1791128615 2452, 13801, 52, 0x0000000000000000 | 45.31 33.95 26.60 | cpu  4408638894 10412318 654426840 45132983852 10348665 0 8248724 0 0 0
1791128616 2400, 13801, 51, 0x0000000000000000 | 42.08 33.47 26.48 | cpu  4408643639 10412318 654427248 45133006655 10348666 0 8248724 0 0 0
1791128617 2422, 13801, 51, 0x0000000000000000 | 42.08 33.47 26.48 | cpu  4408647851 10412318 654427634 45133029871 10348667 0 8248725 0 0 0
1791128618 2422, 13801, 51, 0x0000000000000000 | 42.08 33.47 26.48 | cpu  4408650648 10412318 654428023 45133054422 10348667 0 8248725 0 0 0
1791128619 2580, 13801, 52, 0x0000000000000000 | 42.08 33.47 26.48 | cpu  4408653289 10412318 654428825 45133078895 10348667 0 8248725 0 0 0
1791128621 2400, 13801, 51, 0x0000000000000000 | 42.08 33.47 26.48 | cpu  4408654752 10412318 654429356 45133104711 10348667 0 8248726 0 0 0
1791128622 2400, 13801, 51, 0x0000000000000000 | 39.11 33.00 26.36 | cpu  4408655911 10412318 654429734 45133130910 10348669 0 8248727 0 0 0
1791128623 2400, 13801, 51, 0x0000000000000000 | 39.11 33.00 26.36 | cpu  4408656884 10412318 654429962 45133157566 10348669 0 8248727 0 0 0
1791128624 2400, 13801, 51, 0x0000000000000000 | 39.11 33.00 26.36 | cpu  4408659409 10412318 654430574 45133182336 10348674 0 8248727 0 0 0
1791128625 2400, 13801, 51, 0x0000000000000000 | 39.11 33.00 26.36 | cpu  4408662270 10412318 654431252 45133206841 10348676 0 8248727 0 0 0
1791128626 2400, 13801, 51, 0x0000000000000000 | 38.86 33.05 26.42 | cpu  4408665279 10412319 654431849 45133230981 10348677 0 8248728 0 0 0
1791128627 2400, 13801, 51, 0x0000000000000000 | 38.86 33.05 26.42 | cpu  4408668408 10412319 654432340 45133255022 10348677 0 8248728 0 0 0
1791128628 2400, 13801, 51, 0x0000000000000000 | 38.86 33.05 26.42 | cpu  4408669095 10412319 654432920 45133281653 10348677 0 8248728 0 0 0
1791128629 2400, 13801, 51, 0x0000000000000000 | 38.86 33.05 26.42 | cpu  4408669839 10412319 654433397 45133308335 10348677 0 8248729 0 0 0
1791128630 2400, 13801, 51, 0x0000000000000000 | 38.86 33.05 26.42 | cpu  4408670527 10412320 654434100 45133334937 10348677 0 8248730 0 0 0
1791128631 2400, 13801, 50, 0x0000000000000000 | 37.43 32.85 26.39 | cpu  4408671691 10412320 654434465 45133361282 10348679 0 8248730 0 0 0
1791128633 2400, 13801, 50, 0x0000000000000000 | 37.43 32.85 26.39 | cpu  4408671841 10412320 654434937 45133388663 10348679 0 8248730 0 0 0
1791128634 2400, 13801, 50, 0x0000000000000000 | 37.43 32.85 26.39 | cpu  4408672698 10412320 654435644 45133414999 10348679 0 8248730 0 0 0
1791128635 2895, 13801, 52, 0x0000000000000000 | 37.43 32.85 26.39 | cpu  4408673630 10412320 654436288 45133441772 10348679 0 8248731 0 0 0
1791128636 2895, 13801, 52, 0x0000000000000000 | 37.43 32.85 26.39 | cpu  4408674911 10412320 654436965 45133467885 10348681 0 8248731 0 0 0
1791128637 2902, 13801, 52, 0x0000000000000000 | 34.91 32.40 26.28 | cpu  4408676813 10412320 654437431 45133493339 10348681 0 8248732 0 0 0
1791128638 2902, 13801, 52, 0x0000000000000000 | 34.91 32.40 26.28 | cpu  4408679556 10412321 654437764 45133518222 10348681 0 8248733 0 0 0
1791128639 2902, 13801, 52, 0x0000000000000000 | 34.91 32.40 26.28 | cpu  4408681736 10412321 654438069 45133544038 10348682 0 8248733 0 0 0
1791128640 2902, 13801, 52, 0x0000000000000000 | 34.91 32.40 26.28 | cpu  4408683174 10412321 654438403 45133570351 10348683 0 8248733 0 0 0
1791128641 2902, 13801, 52, 0x0000000000000000 | 32.52 31.94 26.16 | cpu  4408683621 10412321 654438675 45133597711 10348684 0 8248733 0 0 0
1791128642 2902, 13801, 52, 0x0000000000000000 | 32.52 31.94 26.16 | cpu  4408686038 10412321 654438835 45133622921 10348685 0 8248734 0 0 0
1791128643 2902, 13801, 52, 0x0000000000000000 | 32.52 31.94 26.16 | cpu  4408691245 10412321 654439196 45133645162 10348685 0 8248735 0 0 0
1791128645 2902, 13801, 52, 0x0000000000000000 | 32.52 31.94 26.16 | cpu  4408695303 10412322 654439520 45133668823 10348686 0 8248736 0 0 0
1791128646 2902, 13801, 52, 0x0000000000000000 | 32.52 31.94 26.16 | cpu  4408699833 10412322 654439988 45133692046 10348688 0 8248736 0 0 0
1791128647 2902, 13801, 52, 0x0000000000000000 | 32.56 31.96 26.20 | cpu  4408706552 10412322 654440173 45133713117 10348688 0 8248737 0 0 0
1791128648 2902, 13801, 52, 0x0000000000000000 | 32.56 31.96 26.20 | cpu  4408708282 10412322 654440537 45133738983 10348689 0 8248737 0 0 0
1791128649 2902, 13801, 52, 0x0000000000000000 | 32.56 31.96 26.20 | cpu  4408708590 10412322 654440701 45133766257 10348698 0 8248737 0 0 0
1791128650 2902, 13801, 52, 0x0000000000000000 | 32.56 31.96 26.20 | cpu  4408709865 10412322 654441152 45133792218 10348698 0 8248737 0 0 0
1791128651 2902, 13801, 52, 0x0000000000000000 | 30.27 31.50 26.08 | cpu  4408710715 10412323 654441545 45133818879 10348699 0 8248738 0 0 0
1791128652 2902, 13801, 52, 0x0000000000000000 | 30.27 31.50 26.08 | cpu  4408713542 10412323 654441738 45133843869 10348699 0 8248738 0 0 0
1791128653 2902, 13801, 52, 0x0000000000000000 | 30.27 31.50 26.08 | cpu  4408714263 10412323 654441970 45133870899 10348699 0 8248739 0 0 0
1791128654 2902, 13801, 52, 0x0000000000000000 | 30.27 31.50 26.08 | cpu  4408714928 10412323 654442198 45133897858 10348701 0 8248740 0 0 0
1791128656 2902, 13801, 52, 0x0000000000000000 | 30.27 31.50 26.08 | cpu  4408716219 10412323 654442409 45133924214 10348701 0 8248740 0 0 0
1791128657 2902, 13801, 52, 0x0000000000000000 | 28.64 31.14 25.99 | cpu  4408717739 10412323 654443091 45133949771 10348702 0 8248741 0 0 0
1791128658 2902, 13801, 52, 0x0000000000000000 | 28.64 31.14 25.99 | cpu  4408718294 10412323 654443499 45133976704 10348702 0 8248741 0 0 0
1791128659 2902, 13801, 52, 0x0000000000000000 | 28.64 31.14 25.99 | cpu  4408721500 10412323 654444010 45134001115 10348702 0 8248742 0 0 0
1791128660 2902, 13801, 52, 0x0000000000000000 | 28.64 31.14 25.99 | cpu  4408723209 10412323 654444645 45134026600 10348703 0 8248742 0 0 0
1791128661 2902, 13801, 52, 0x0000000000000000 | 27.63 30.89 25.94 | cpu  4408725529 10412323 654445003 45134051775 10348704 0 8248743 0 0 0
1791128662 2902, 13801, 52, 0x0000000000000000 | 27.63 30.89 25.94 | cpu  4408728140 10412323 654445324 45134077003 10348704 0 8248743 0 0 0
1791128663 2902, 13801, 52, 0x0000000000000000 | 27.63 30.89 25.94 | cpu  4408729403 10412323 654445764 45134103498 10348704 0 8248743 0 0 0
1791128664 2902, 13801, 52, 0x0000000000000000 | 27.63 30.89 25.94 | cpu  4408730493 10412323 654445945 45134130039 10348704 0 8248743 0 0 0
1791128665 2902, 13801, 52, 0x0000000000000000 | 27.63 30.89 25.94 | cpu  4408731049 10412324 654446225 45134157142 10348705 0 8248743 0 0 0
1791128666 2902, 13801, 52, 0x0000000000000000 | 27.18 30.74 25.92 | cpu  4408733968 10412324 654446916 45134181478 10348706 0 8248743 0 0 0
1791128668 2902, 13801, 52, 0x0000000000000000 | 27.18 30.74 25.92 | cpu  4408735048 10412324 654447192 45134208115 10348706 0 8248744 0 0 0
1791128669 2902, 13801, 52, 0x0000000000000000 | 27.18 30.74 25.92 | cpu  4408736146 10412324 654447757 45134234763 10348707 0 8248744 0 0 0
1791128670 2902, 13801, 52, 0x0000000000000000 | 27.18 30.74 25.92 | cpu  4408737137 10412324 654448284 45134261163 10348707 0 8248744 0 0 0
1791128671 2902, 13801, 52, 0x0000000000000000 | 27.18 30.74 25.92 | cpu  4408737575 10412324 654448536 45134288656 10348707 0 8248744 0 0 0
1791128672 2902, 13801, 52, 0x0000000000000000 | 35.50 32.41 26.48 | cpu  4408741212 10412324 654448799 45134312744 10348710 0 8248744 0 0 0
1791128673 2902, 13801, 52, 0x0000000000000000 | 35.50 32.41 26.48 | cpu  4408745649 10412325 654449392 45134335577 10348713 0 8248744 0 0 0
1791128674 2910, 13801, 52, 0x0000000000000000 | 35.50 32.41 26.48 | cpu  4408750429 10412325 654450648 45134357258 10348720 0 8248745 0 0 0
1791128675 2902, 13801, 52, 0x0000000000000000 | 35.50 32.41 26.48 | cpu  4408756989 10412325 654451036 45134378271 10348721 0 8248745 0 0 0
1791128676 2902, 13801, 52, 0x0000000000000000 | 35.37 32.43 26.52 | cpu  4408763447 10412325 654451393 45134399538 10348721 0 8248746 0 0 0
1791128677 2895, 13801, 52, 0x0000000000000000 | 35.37 32.43 26.52 | cpu  4408764496 10412325 654451745 45134426157 10348722 0 8248746 0 0 0
1791128678 2910, 13801, 52, 0x0000000000000000 | 35.37 32.43 26.52 | cpu  4408765983 10412325 654452382 45134451899 10348723 0 8248746 0 0 0
1791128680 2902, 13801, 52, 0x0000000000000000 | 35.37 32.43 26.52 | cpu  4408767248 10412325 654453081 45134477657 10348723 0 8248748 0 0 0
1791128681 2902, 13801, 52, 0x0000000000000000 | 35.37 32.43 26.52 | cpu  4408768335 10412325 654453462 45134504525 10348724 0 8248748 0 0 0
1791128682 2655, 13801, 51, 0x0000000000000000 | 33.02 31.99 26.41 | cpu  4408769049 10412325 654453788 45134531441 10348724 0 8248748 0 0 0
1791128683 2895, 13801, 52, 0x0000000000000000 | 33.02 31.99 26.41 | cpu  4408769922 10412326 654454145 45134558147 10348724 0 8248748 0 0 0
1791128684 2902, 13801, 52, 0x0000000000000000 | 33.02 31.99 26.41 | cpu  4408772319 10412326 654454926 45134583138 10348725 0 8248748 0 0 0
1791128685 2902, 13801, 52, 0x0000000000000000 | 33.02 31.99 26.41 | cpu  4408775493 10412326 654455481 45134607402 10348729 0 8248749 0 0 0
1791128686 2910, 13801, 52, 0x0000000000000000 | 30.86 31.56 26.30 | cpu  4408777546 10412326 654455928 45134632846 10348732 0 8248749 0 0 0
1791128687 2902, 13801, 52, 0x0000000000000000 | 30.86 31.56 26.30 | cpu  4408780927 10412326 654456414 45134657275 10348732 0 8248749 0 0 0
1791128688 2902, 13801, 52, 0x0000000000000000 | 30.86 31.56 26.30 | cpu  4408782356 10412326 654456832 45134683074 10348733 0 8248750 0 0 0
1791128689 2902, 13801, 52, 0x0000000000000000 | 30.86 31.56 26.30 | cpu  4408783320 10412326 654457422 45134709536 10348733 0 8248752 0 0 0
1791128691 2902, 13801, 52, 0x0000000000000000 | 30.86 31.56 26.30 | cpu  4408784403 10412327 654457778 45134736072 10348735 0 8248752 0 0 0
1791128692 2880, 13801, 52, 0x0000000000000000 | 28.79 31.12 26.19 | cpu  4408784780 10412327 654458132 45134763377 10348735 0 8248752 0 0 0
1791128693 2902, 13801, 52, 0x0000000000000000 | 28.79 31.12 26.19 | cpu  4408785338 10412327 654458524 45134790358 10348735 0 8248753 0 0 0
1791128694 2835, 13801, 52, 0x0000000000000000 | 28.79 31.12 26.19 | cpu  4408786855 10412327 654459257 45134816530 10348735 0 8248753 0 0 0
1791128695 2902, 13801, 53, 0x0000000000000000 | 28.79 31.12 26.19 | cpu  4408788257 10412327 654459969 45134842457 10348735 0 8248753 0 0 0
1791128696 2902, 13801, 52, 0x0000000000000000 | 27.36 30.79 26.11 | cpu  4408789614 10412328 654460588 45134868548 10348736 0 8248754 0 0 0
1791128697 2580, 13801, 52, 0x0000000000000000 | 27.36 30.79 26.11 | cpu  4408791439 10412328 654461200 45134894231 10348737 0 8248754 0 0 0
1791128698 2902, 13801, 52, 0x0000000000000000 | 27.36 30.79 26.11 | cpu  4408793672 10412328 654461649 45134919827 10348737 0 8248754 0 0 0
1791128699 2902, 13801, 52, 0x0000000000000000 | 27.36 30.79 26.11 | cpu  4408795433 10412329 654462142 45134945252 10348738 0 8248754 0 0 0
1791128700 2910, 13801, 52, 0x0000000000000000 | 27.36 30.79 26.11 | cpu  4408796765 10412329 654462804 45134971258 10348739 0 8248755 0 0 0
1791128702 2805, 13801, 52, 0x0000000000000000 | 30.78 31.44 26.34 | cpu  4408799150 10412329 654463278 45134996407 10348740 0 8248756 0 0 0
1791128703 2902, 13801, 52, 0x0000000000000000 | 30.78 31.44 26.34 | cpu  4408799528 10412331 654463794 45135024308 10348742 0 8248756 0 0 0
1791128704 2902, 13801, 52, 0x0000000000000000 | 30.78 31.44 26.34 | cpu  4408801170 10412331 654464522 45135049985 10348742 0 8248757 0 0 0
1791128705 2850, 13801, 52, 0x0000000000000000 | 30.78 31.44 26.34 | cpu  4408802504 10412331 654465248 45135076077 10348743 0 8248758 0 0 0
1791128706 2902, 13801, 52, 0x0000000000000000 | 30.78 31.44 26.34 | cpu  4408802871 10412331 654465577 45135103626 10348743 0 8248759 0 0 0
1791128707 2902, 13801, 52, 0x0000000000000000 | 28.79 31.02 26.23 | cpu  4408805305 10412331 654465954 45135128954 10348745 0 8248759 0 0 0
1791128708 2910, 13801, 52, 0x0000000000000000 | 28.79 31.02 26.23 | cpu  4408806291 10412331 654466625 45135155202 10348746 0 8248760 0 0 0
1791128709 2902, 13801, 52, 0x0000000000000000 | 28.79 31.02 26.23 | cpu  4408808147 10412331 654467281 45135180489 10348751 0 8248760 0 0 0
1791128710 2902, 13801, 52, 0x0000000000000000 | 28.79 31.02 26.23 | cpu  4408810907 10412332 654467744 45135205209 10348761 0 8248760 0 0 0
1791128711 2857, 13801, 52, 0x0000000000000000 | 28.25 30.87 26.21 | cpu  4408812927 10412332 654468175 45135230771 10348761 0 8248760 0 0 0
1791128713 2842, 13801, 52, 0x0000000000000000 | 28.25 30.87 26.21 | cpu  4408813607 10412332 654468596 45135257752 10348761 0 8248760 0 0 0
1791128714 2902, 13801, 52, 0x0000000000000000 | 28.25 30.87 26.21 | cpu  4408814635 10412332 654468941 45135284411 10348762 0 8248760 0 0 0
1791128715 2887, 13801, 52, 0x0000000000000000 | 28.25 30.87 26.21 | cpu  4408816447 10412332 654469604 45135309677 10348763 0 8248761 0 0 0
1791128716 2910, 13801, 52, 0x0000000000000000 | 28.25 30.87 26.21 | cpu  4408818290 10412332 654470040 45135335107 10348764 0 8248761 0 0 0
1791128717 2902, 13801, 52, 0x0000000000000000 | 26.39 30.44 26.09 | cpu  4408820850 10412332 654470265 45135360276 10348765 0 8248762 0 0 0
1791128718 2902, 13801, 52, 0x0000000000000000 | 26.39 30.44 26.09 | cpu  4408822913 10412332 654470988 45135385331 10348766 0 8248762 0 0 0
1791128719 2902, 13801, 52, 0x0000000000000000 | 26.39 30.44 26.09 | cpu  4408827524 10412332 654471528 45135408174 10348766 0 8248763 0 0 0
1791128720 2527, 13801, 52, 0x0000000000000000 | 26.39 30.44 26.09 | cpu  4408832507 10412333 654472056 45135430645 10348769 0 8248763 0 0 0
1791128721 2895, 13801, 52, 0x0000000000000000 | 24.59 30.00 25.98 | cpu  4408836430 10412334 654472325 45135454654 10348770 0 8248764 0 0 0
1791128722 2895, 13801, 52, 0x0000000000000000 | 24.59 30.00 25.98 | cpu  4408840061 10412334 654472618 45135478878 10348770 0 8248764 0 0 0
1791128723 2902, 13801, 52, 0x0000000000000000 | 24.59 30.00 25.98 | cpu  4408844601 10412334 654473229 45135501410 10348770 0 8248764 0 0 0
1791128725 2895, 13801, 52, 0x0000000000000000 | 24.59 30.00 25.98 | cpu  4408849140 10412334 654473865 45135524418 10348770 0 8248764 0 0 0
1791128726 2820, 13801, 52, 0x0000000000000000 | 24.59 30.00 25.98 | cpu  4408853747 10412334 654474099 45135547617 10348771 0 8248764 0 0 0
1791128727 2880, 13801, 52, 0x0000000000000000 | 24.15 29.81 25.94 | cpu  4408858536 10412334 654474610 45135570323 10348772 0 8248765 0 0 0
1791128728 2910, 13801, 52, 0x0000000000000000 | 24.15 29.81 25.94 | cpu  4408862882 10412334 654474945 45135593651 10348772 0 8248765 0 0 0
1791128729 2902, 13801, 52, 0x0000000000000000 | 24.15 29.81 25.94 | cpu  4408865240 10412334 654475164 45135618832 10348772 0 8248765 0 0 0
1791128730 2902, 13801, 52, 0x0000000000000000 | 24.15 29.81 25.94 | cpu  4408867097 10412334 654475771 45135643998 10348773 0 8248765 0 0 0
1791128731 2610, 13801, 51, 0x0000000000000000 | 22.69 29.42 25.83 | cpu  4408869719 10412334 654476360 45135668847 10348775 0 8248765 0 0 0
1791128732 2902, 13801, 52, 0x0000000000000000 | 22.69 29.42 25.83 | cpu  4408871590 10412334 654476634 45135694730 10348775 0 8248767 0 0 0
1791128733 2902, 13801, 53, 0x0000000000000000 | 22.69 29.42 25.83 | cpu  4408872890 10412334 654477194 45135721057 10348776 0 8248768 0 0 0
1791128734 2880, 13801, 52, 0x0000000000000000 | 22.69 29.42 25.83 | cpu  4408873353 10412334 654477430 45135748435 10348776 0 8248770 0 0 0
1791128735 2902, 13801, 52, 0x0000000000000000 | 22.69 29.42 25.83 | cpu  4408874412 10412335 654477748 45135774796 10348776 0 8248770 0 0 0
1791128737 2902, 13801, 53, 0x0000000000000000 | 22.72 29.31 25.81 | cpu  4408876236 10412335 654478344 45135800350 10348777 0 8248770 0 0 0
1791128738 2902, 13801, 52, 0x0000000000000000 | 22.72 29.31 25.81 | cpu  4408877606 10412335 654479061 45135826256 10348778 0 8248771 0 0 0
1791128739 2745, 13801, 51, 0x0000000000000000 | 22.72 29.31 25.81 | cpu  4408880164 10412335 654479775 45135850740 10348780 0 8248771 0 0 0
1791128740 2902, 13801, 52, 0x0000000000000000 | 22.72 29.31 25.81 | cpu  4408881576 10412335 654480233 45135876456 10348780 0 8248771 0 0 0
1791128741 2902, 13801, 52, 0x0000000000000000 | 22.72 29.31 25.81 | cpu  4408882447 10412335 654480560 45135903025 10348780 0 8248772 0 0 0
1791128742 2902, 13801, 52, 0x0000000000000000 | 23.78 29.42 25.87 | cpu  4408884233 10412335 654480860 45135929190 10348782 0 8248772 0 0 0
1791128743 2902, 13801, 52, 0x0000000000000000 | 23.78 29.42 25.87 | cpu  4408886197 10412335 654481013 45135955054 10348784 0 8248773 0 0 0
1791128744 2902, 13801, 53, 0x0000000000000000 | 23.78 29.42 25.87 | cpu  4408888152 10412335 654481516 45135980754 10348790 0 8248773 0 0 0
1791128745 2902, 13801, 53, 0x0000000000000000 | 23.78 29.42 25.87 | cpu  4408889234 10412335 654481941 45136007331 10348790 0 8248773 0 0 0
1791128746 2902, 13801, 52, 0x0000000000000000 | 22.20 29.00 25.75 | cpu  4408891701 10412335 654482176 45136032532 10348791 0 8248774 0 0 0
1791128747 2895, 13801, 52, 0x0000000000000000 | 22.20 29.00 25.75 | cpu  4408895920 10412335 654482575 45136056083 10348791 0 8248774 0 0 0
1791128749 2902, 13801, 52, 0x0000000000000000 | 22.20 29.00 25.75 | cpu  4408900184 10412335 654483153 45136079571 10348791 0 8248774 0 0 0
1791128750 2902, 13801, 52, 0x0000000000000000 | 22.20 29.00 25.75 | cpu  4408904765 10412335 654483473 45136102789 10348791 0 8248775 0 0 0
1791128751 2910, 13801, 52, 0x0000000000000000 | 22.20 29.00 25.75 | cpu  4408910536 10412336 654484028 45136124622 10348793 0 8248776 0 0 0
1791128752 2902, 13801, 52, 0x0000000000000000 | 20.90 28.62 25.65 | cpu  4408914271 10412336 654484401 45136148531 10348793 0 8248776 0 0 0
1791128753 2902, 13801, 52, 0x0000000000000000 | 20.90 28.62 25.65 | cpu  4408917853 10412336 654484618 45136172827 10348795 0 8248776 0 0 0
1791128754 2902, 13801, 52, 0x0000000000000000 | 20.90 28.62 25.65 | cpu  4408921839 10412336 654484901 45136196639 10348795 0 8248778 0 0 0
1791128755 2910, 13801, 52, 0x0000000000000000 | 20.90 28.62 25.65 | cpu  4408926494 10412336 654485517 45136219328 10348795 0 8248779 0 0 0
1791128756 2902, 13801, 52, 0x0000000000000000 | 19.47 28.19 25.52 | cpu  4408929697 10412337 654485771 45136244274 10348795 0 8248779 0 0 0
1791128757 2902, 13801, 52, 0x0000000000000000 | 19.47 28.19 25.52 | cpu  4408935270 10412337 654486022 45136266581 10348795 0 8248780 0 0 0
1791128758 2887, 13801, 52, 0x0000000000000000 | 19.47 28.19 25.52 | cpu  4408939820 10412337 654486629 45136289573 10348796 0 8248780 0 0 0
1791128760 2902, 13801, 52, 0x0000000000000000 | 19.47 28.19 25.52 | cpu  4408943441 10412337 654486828 45136313585 10348796 0 8248781 0 0 0
1791128761 2902, 13801, 53, 0x0000000000000000 | 19.47 28.19 25.52 | cpu  4408944339 10412338 654487173 45136340247 10348796 0 8248782 0 0 0
1791128762 2902, 13801, 53, 0x0000000000000000 | 18.39 27.82 25.42 | cpu  4408946012 10412338 654487791 45136366003 10348798 0 8248782 0 0 0
1791128763 2887, 13801, 53, 0x0000000000000000 | 18.39 27.82 25.42 | cpu  4408946493 10412338 654487996 45136393485 10348798 0 8248782 0 0 0
1791128764 2887, 13801, 53, 0x0000000000000000 | 18.39 27.82 25.42 | cpu  4408947881 10412338 654488247 45136419892 10348798 0 8248783 0 0 0
1791128765 2887, 13801, 53, 0x0000000000000000 | 18.39 27.82 25.42 | cpu  4408950137 10412339 654488477 45136445401 10348799 0 8248783 0 0 0
1791128766 2872, 13801, 53, 0x0000000000000000 | 19.72 27.94 25.47 | cpu  4408952192 10412339 654489104 45136470666 10348799 0 8248783 0 0 0
1791128767 2872, 13801, 52, 0x0000000000000000 | 19.72 27.94 25.47 | cpu  4408953218 10412339 654489401 45136497248 10348800 0 8248783 0 0 0
1791128768 2902, 13801, 52, 0x0000000000000000 | 19.72 27.94 25.47 | cpu  4408954860 10412339 654489792 45136523342 10348806 0 8248784 0 0 0
1791128769 2902, 13801, 52, 0x0000000000000000 | 19.72 27.94 25.47 | cpu  4408957049 10412339 654490110 45136548830 10348806 0 8248784 0 0 0
1791128771 2902, 13801, 52, 0x0000000000000000 | 19.72 27.94 25.47 | cpu  4408959907 10412339 654490357 45136573824 10348808 0 8248784 0 0 0
1791128772 2902, 13801, 53, 0x0000000000000000 | 19.90 27.84 25.45 | cpu  4408962306 10412339 654490778 45136599145 10348808 0 8248784 0 0 0
1791128773 2895, 13801, 53, 0x0000000000000000 | 19.90 27.84 25.45 | cpu  4408964166 10412340 654491101 45136624903 10348808 0 8248785 0 0 0
1791128774 2902, 13801, 53, 0x0000000000000000 | 19.90 27.84 25.45 | cpu  4408965844 10412340 654491429 45136650820 10348809 0 8248785 0 0 0
1791128775 2835, 13801, 52, 0x0000000000000000 | 19.90 27.84 25.45 | cpu  4408970600 10412340 654491688 45136673974 10348810 0 8248785 0 0 0
1791128776 2895, 13801, 53, 0x0000000000000000 | 19.83 27.70 25.42 | cpu  4408975117 10412340 654491845 45136697269 10348811 0 8248785 0 0 0
1791128777 2902, 13801, 53, 0x0000000000000000 | 19.83 27.70 25.42 | cpu  4408979507 10412340 654492227 45136720528 10348811 0 8248786 0 0 0
1791128778 2910, 13801, 52, 0x0000000000000000 | 19.83 27.70 25.42 | cpu  4408984037 10412340 654492680 45136743875 10348811 0 8248787 0 0 0
1791128779 2902, 13801, 52, 0x0000000000000000 | 19.83 27.70 25.42 | cpu  4408988396 10412340 654493065 45136767207 10348811 0 8248787 0 0 0
1791128780 2902, 13801, 52, 0x0000000000000000 | 19.83 27.70 25.42 | cpu  4408992572 10412341 654493379 45136790616 10348812 0 8248788 0 0 0
1791128782 2902, 13801, 53, 0x0000000000000000 | 18.48 27.29 25.30 | cpu  4408999303 10412341 654493640 45136811314 10348812 0 8248789 0 0 0
1791128783 2580, 13801, 51, 0x0000000000000000 | 18.48 27.29 25.30 | cpu  4409006210 10412341 654493769 45136832096 10348813 0 8248790 0 0 0
1791128784 2842, 13801, 52, 0x0000000000000000 | 18.48 27.29 25.30 | cpu  4409013533 10412341 654494005 45136852799 10348814 0 8248791 0 0 0
1791128785 2902, 13801, 53, 0x0000000000000000 | 18.48 27.29 25.30 | cpu  4409021688 10412341 654494455 45136872720 10348816 0 8248792 0 0 0
1791128786 2902, 13801, 53, 0x0000000000000000 | 18.48 27.29 25.30 | cpu  4409029229 10412342 654495049 45136892621 10348817 0 8248794 0 0 0
1791128787 2910, 13801, 52, 0x0000000000000000 | 19.88 27.43 25.35 | cpu  4409037778 10412342 654495460 45136911408 10348818 0 8248795 0 0 0
1791128788 2895, 13801, 52, 0x0000000000000000 | 19.88 27.43 25.35 | cpu  4409043272 10412342 654495772 45136933422 10348818 0 8248796 0 0 0
1791128789 2902, 13801, 52, 0x0000000000000000 | 19.88 27.43 25.35 | cpu  4409047898 10412342 654495988 45136956532 10348818 0 8248797 0 0 0
1791128790 2865, 13801, 52, 0x0000000000000000 | 19.88 27.43 25.35 | cpu  4409051584 10412342 654496186 45136980430 10348819 0 8248798 0 0 0
1791128791 2902, 13801, 53, 0x0000000000000000 | 20.21 27.37 25.35 | cpu  4409056198 10412342 654496559 45137003684 10348819 0 8248798 0 0 0
1791128792 2895, 13801, 53, 0x0000000000000000 | 20.21 27.37 25.35 | cpu  4409061369 10412342 654497187 45137025544 10348822 0 8248799 0 0 0
1791128794 2895, 13801, 53, 0x0000000000000000 | 20.21 27.37 25.35 | cpu  4409066614 10412342 654497538 45137049866 10348825 0 8248801 0 0 0
1791128795 2910, 13801, 52, 0x0000000000000000 | 20.21 27.37 25.35 | cpu  4409072601 10412342 654497912 45137071618 10348828 0 8248801 0 0 0
1791128796 2827, 13801, 52, 0x0000000000000000 | 20.21 27.37 25.35 | cpu  4409077895 10412342 654498409 45137094368 10348828 0 8248802 0 0 0
1791128797 2895, 13801, 52, 0x0000000000000000 | 26.60 28.58 25.75 | cpu  4409082621 10412343 654498814 45137117535 10348829 0 8248802 0 0 0
1791128798 2902, 13801, 53, 0x0000000000000000 | 26.60 28.58 25.75 | cpu  4409083695 10412343 654499223 45137143775 10348830 0 8248803 0 0 0
1791128799 2895, 13801, 53, 0x0000000000000000 | 26.60 28.58 25.75 | cpu  4409085859 10412343 654499817 45137168773 10348831 0 8248803 0 0 0
1791128800 2902, 13801, 52, 0x0000000000000000 | 26.60 28.58 25.75 | cpu  4409087158 10412343 654500117 45137194947 10348831 0 8248803 0 0 0
1791128801 2902, 13801, 53, 0x0000000000000000 | 25.43 28.31 25.67 | cpu  4409088450 10412343 654500535 45137221029 10348831 0 8248804 0 0 0
1791128802 2895, 13801, 53, 0x0000000000000000 | 25.43 28.31 25.67 | cpu  4409090392 10412344 654501167 45137246341 10348831 0 8248804 0 0 0
1791128803 2895, 13801, 52, 0x0000000000000000 | 25.43 28.31 25.67 | cpu  4409092674 10412344 654501626 45137271447 10348831 0 8248805 0 0 0
1791128805 2902, 13801, 52, 0x0000000000000000 | 25.43 28.31 25.67 | cpu  4409094129 10412344 654501969 45137297602 10348832 0 8248805 0 0 0
1791128806 2902, 13801, 53, 0x0000000000000000 | 25.43 28.31 25.67 | cpu  4409096594 10412345 654502391 45137322350 10348833 0 8248806 0 0 0
1791128807 2902, 13801, 53, 0x0000000000000000 | 25.08 28.18 25.65 | cpu  4409097873 10412345 654502858 45137348412 10348833 0 8248807 0 0 0
1791128808 2895, 13801, 53, 0x0000000000000000 | 25.08 28.18 25.65 | cpu  4409099156 10412345 654503518 45137374177 10348833 0 8248807 0 0 0
1791128809 2895, 13801, 53, 0x0000000000000000 | 25.08 28.18 25.65 | cpu  4409099630 10412345 654503963 45137401355 10348833 0 8248807 0 0 0
1791128810 2902, 13801, 53, 0x0000000000000000 | 25.08 28.18 25.65 | cpu  4409100535 10412345 654504412 45137428160 10348833 0 8248807 0 0 0
1791128811 2902, 13801, 52, 0x0000000000000000 | 23.55 27.81 25.54 | cpu  4409101940 10412345 654504984 45137454292 10348833 0 8248807 0 0 0
1791128812 2902, 13801, 53, 0x0000000000000000 | 23.55 27.81 25.54 | cpu  4409102977 10412345 654505239 45137481041 10348834 0 8248808 0 0 0
1791128813 2902, 13801, 53, 0x0000000000000000 | 23.55 27.81 25.54 | cpu  4409103524 10412345 654505580 45137508066 10348834 0 8248808 0 0 0
1791128814 2910, 13801, 52, 0x0000000000000000 | 23.55 27.81 25.54 | cpu  4409104760 10412345 654506132 45137534041 10348835 0 8248808 0 0 0
1791128815 2902, 13801, 52, 0x0000000000000000 | 23.55 27.81 25.54 | cpu  4409106138 10412346 654506707 45137560167 10348836 0 8248808 0 0 0
1791128817 2902, 13801, 53, 0x0000000000000000 | 22.14 27.45 25.44 | cpu  4409108701 10412346 654506980 45137585699 10348836 0 8248809 0 0 0
1791128818 2887, 13801, 53, 0x0000000000000000 | 22.14 27.45 25.44 | cpu  4409109484 10412346 654507266 45137612632 10348837 0 8248809 0 0 0
1791128819 2902, 13801, 53, 0x0000000000000000 | 22.14 27.45 25.44 | cpu  4409110643 10412346 654507693 45137639018 10348837 0 8248809 0 0 0
1791128820 2812, 13801, 52, 0x0000000000000000 | 22.14 27.45 25.44 | cpu  4409111847 10412347 654508267 45137665466 10348837 0 8248809 0 0 0
1791128821 2887, 13801, 53, 0x0000000000000000 | 22.14 27.45 25.44 | cpu  4409112894 10412348 654508789 45137691935 10348837 0 8248810 0 0 0
1791128822 2902, 13801, 52, 0x0000000000000000 | 20.93 27.11 25.34 | cpu  4409115621 10412348 654509140 45137717068 10348838 0 8248810 0 0 0
1791128823 2895, 13801, 53, 0x0000000000000000 | 20.93 27.11 25.34 | cpu  4409117096 10412348 654509396 45137743290 10348839 0 8248810 0 0 0
1791128824 2902, 13801, 53, 0x0000000000000000 | 20.93 27.11 25.34 | cpu  4409119636 10412348 654509687 45137768280 10348839 0 8248810 0 0 0
1791128825 2902, 13801, 52, 0x0000000000000000 | 20.93 27.11 25.34 | cpu  4409120835 10412348 654509864 45137795075 10348839 0 8248811 0 0 0
1791128826 2902, 13801, 53, 0x0000000000000000 | 22.38 27.31 25.41 | cpu  4409122766 10412348 654510380 45137820376 10348840 0 8248811 0 0 0
1791128828 2902, 13801, 53, 0x0000000000000000 | 22.38 27.31 25.41 | cpu  4409124093 10412348 654510947 45137846485 10348841 0 8248811 0 0 0
1791128829 2872, 13801, 53, 0x0000000000000000 | 22.38 27.31 25.41 | cpu  4409125914 10412348 654511355 45137872476 10348842 0 8248812 0 0 0
1791128830 2827, 13801, 53, 0x0000000000000000 | 22.38 27.31 25.41 | cpu  4409127817 10412348 654511647 45137898052 10348846 0 8248812 0 0 0
1791128831 2887, 13801, 53, 0x0000000000000000 | 22.38 27.31 25.41 | cpu  4409129815 10412348 654512381 45137923047 10348851 0 8248812 0 0 0
1791128832 2887, 13801, 53, 0x0000000000000000 | 20.99 26.94 25.30 | cpu  4409131759 10412349 654512783 45137948509 10348852 0 8248813 0 0 0
1791128833 2895, 13801, 52, 0x0000000000000000 | 20.99 26.94 25.30 | cpu  4409136030 10412349 654513168 45137971877 10348853 0 8248813 0 0 0
1791128834 2700, 13801, 52, 0x0000000000000000 | 20.99 26.94 25.30 | cpu  4409140185 10412349 654513631 45137995445 10348853 0 8248814 0 0 0
1791128835 2902, 13801, 52, 0x0000000000000000 | 20.99 26.94 25.30 | cpu  4409143668 10412350 654513966 45138019594 10348854 0 8248815 0 0 0
1791128836 2902, 13801, 52, 0x0000000000000000 | 20.51 26.74 25.25 | cpu  4409150824 10412350 654514510 45138039872 10348854 0 8248816 0 0 0
1791128837 2910, 13801, 52, 0x0000000000000000 | 20.51 26.74 25.25 | cpu  4409160610 10412350 654515069 45138057595 10348854 0 8248817 0 0 0
1791128838 2902, 13801, 52, 0x0000000000000000 | 20.51 26.74 25.25 | cpu  4409165221 10412350 654515454 45138080371 10348856 0 8248817 0 0 0
1791128840 2902, 13801, 53, 0x0000000000000000 | 20.51 26.74 25.25 | cpu  4409169852 10412350 654516328 45138103087 10348857 0 8248817 0 0 0
1791128841 2880, 13801, 52, 0x0000000000000000 | 20.51 26.74 25.25 | cpu  4409174917 10412351 654517004 45138125559 10348858 0 8248818 0 0 0
1791128842 2842, 13801, 52, 0x0000000000000000 | 19.43 26.41 25.15 | cpu  4409178764 10412351 654517492 45138149573 10348858 0 8248818 0 0 0
1791128843 2902, 13801, 53, 0x0000000000000000 | 19.43 26.41 25.15 | cpu  4409182635 10412351 654517996 45138173221 10348858 0 8248818 0 0 0
1791128844 2895, 13801, 53, 0x0000000000000000 | 19.43 26.41 25.15 | cpu  4409185625 10412351 654518436 45138197774 10348858 0 8248819 0 0 0
1791128845 2902, 13801, 53, 0x0000000000000000 | 19.43 26.41 25.15 | cpu  4409190339 10412351 654518977 45138220591 10348858 0 8248819 0 0 0
1791128846 2902, 13801, 52, 0x0000000000000000 | 18.51 26.11 25.06 | cpu  4409194749 10412352 654519493 45138243491 10348867 0 8248819 0 0 0
1791128847 2902, 13801, 53, 0x0000000000000000 | 18.51 26.11 25.06 | cpu  4409199528 10412352 654519835 45138266206 10348868 0 8248819 0 0 0
1791128848 2902, 13801, 53, 0x0000000000000000 | 18.51 26.11 25.06 | cpu  4409203271 10412353 654520055 45138290276 10348869 0 8248820 0 0 0
1791128849 2902, 13801, 52, 0x0000000000000000 | 18.51 26.11 25.06 | cpu  4409205633 10412353 654520550 45138315443 10348870 0 8248820 0 0 0
1791128851 2842, 13801, 52, 0x0000000000000000 | 18.51 26.11 25.06 | cpu  4409207395 10412353 654521100 45138340953 10348870 0 8248821 0 0 0
1791128852 2902, 13801, 53, 0x0000000000000000 | 21.75 26.65 25.24 | cpu  4409208833 10412353 654521751 45138366817 10348871 0 8248821 0 0 0
1791128853 2887, 13801, 53, 0x0000000000000000 | 21.75 26.65 25.24 | cpu  4409211020 10412353 654522138 45138391996 10348871 0 8248821 0 0 0
1791128854 2812, 13801, 52, 0x0000000000000000 | 21.75 26.65 25.24 | cpu  4409213655 10412353 654522716 45138416488 10348872 0 8248821 0 0 0
1791128855 2902, 13801, 53, 0x0000000000000000 | 21.75 26.65 25.24 | cpu  4409214772 10412353 654523024 45138442933 10348872 0 8248821 0 0 0
1791128856 2887, 13801, 53, 0x0000000000000000 | 21.75 26.65 25.24 | cpu  4409218336 10412353 654523292 45138467036 10348872 0 8248822 0 0 0
1791128857 2865, 13801, 52, 0x0000000000000000 | 20.49 26.31 25.14 | cpu  4409222570 10412354 654523735 45138491118 10348872 0 8248822 0 0 0
1791128858 2902, 13801, 53, 0x0000000000000000 | 20.49 26.31 25.14 | cpu  4409227157 10412354 654524337 45138514293 10348872 0 8248824 0 0 0
1791128859 2902, 13801, 53, 0x0000000000000000 | 20.49 26.31 25.14 | cpu  4409231547 10412354 654524847 45138537341 10348873 0 8248825 0 0 0
1791128860 2902, 13801, 53, 0x0000000000000000 | 20.49 26.31 25.14 | cpu  4409234542 10412354 654525303 45138561874 10348874 0 8248825 0 0 0
1791128861 2895, 13801, 53, 0x0000000000000000 | 20.05 26.12 25.08 | cpu  4409237850 10412354 654525587 45138586101 10348875 0 8248826 0 0 0
1791128863 2850, 13801, 53, 0x0000000000000000 | 20.05 26.12 25.08 | cpu  4409240582 10412354 654525800 45138611079 10348875 0 8248826 0 0 0
1791128864 2887, 13801, 53, 0x0000000000000000 | 20.05 26.12 25.08 | cpu  4409245887 10412354 654526386 45138633331 10348877 0 8248827 0 0 0
1791128865 2865, 13801, 53, 0x0000000000000000 | 20.05 26.12 25.08 | cpu  4409248067 10412354 654526965 45138658659 10348880 0 8248828 0 0 0
1791128866 2910, 13801, 52, 0x0000000000000000 | 20.05 26.12 25.08 | cpu  4409249205 10412355 654527432 45138685180 10348880 0 8248828 0 0 0
1791128867 2902, 13801, 53, 0x0000000000000000 | 18.85 25.77 24.97 | cpu  4409249937 10412355 654527814 45138711958 10348881 0 8248828 0 0 0
1791128868 2902, 13801, 53, 0x0000000000000000 | 18.85 25.77 24.97 | cpu  4409251427 10412355 654528096 45138738107 10348881 0 8248828 0 0 0
1791128869 2902, 13801, 53, 0x0000000000000000 | 18.85 25.77 24.97 | cpu  4409255013 10412355 654528451 45138761955 10348882 0 8248828 0 0 0
1791128870 2895, 13801, 53, 0x0000000000000000 | 18.85 25.77 24.97 | cpu  4409260389 10412355 654529188 45138784102 10348883 0 8248828 0 0 0
1791128871 2887, 13801, 53, 0x0000000000000000 | 25.26 26.99 25.37 | cpu  4409265245 10412355 654529510 45138807067 10348883 0 8248829 0 0 0
1791128872 2887, 13801, 53, 0x0000000000000000 | 25.26 26.99 25.37 | cpu  4409269461 10412355 654529744 45138830606 10348883 0 8248832 0 0 0
1791128874 2895, 13801, 52, 0x0000000000000000 | 25.26 26.99 25.37 | cpu  4409271323 10412355 654529972 45138856279 10348884 0 8248833 0 0 0
1791128875 2902, 13801, 53, 0x0000000000000000 | 25.26 26.99 25.37 | cpu  4409273055 10412355 654530551 45138881818 10348884 0 8248834 0 0 0
1791128876 2902, 13801, 53, 0x0000000000000000 | 25.26 26.99 25.37 | cpu  4409273521 10412356 654530806 45138909324 10348884 0 8248834 0 0 0
1791128877 2902, 13801, 53, 0x0000000000000000 | 23.64 26.62 25.26 | cpu  4409274732 10412356 654531162 45138935666 10348884 0 8248835 0 0 0
1791128878 2595, 13801, 51, 0x0000000000000000 | 23.64 26.62 25.26 | cpu  4409276268 10412356 654531667 45138961531 10348886 0 8248837 0 0 0
1791128879 2902, 13801, 53, 0x0000000000000000 | 23.64 26.62 25.26 | cpu  4409278460 10412356 654531986 45138987067 10348887 0 8248838 0 0 0
1791128880 2895, 13801, 53, 0x0000000000000000 | 23.64 26.62 25.26 | cpu  4409281090 10412356 654532233 45139012725 10348887 0 8248839 0 0 0
1791128881 2895, 13801, 52, 0x0000000000000000 | 22.31 26.30 25.16 | cpu  4409284244 10412356 654532366 45139037221 10348888 0 8248839 0 0 0
1791128882 2902, 13801, 53, 0x0000000000000000 | 22.31 26.30 25.16 | cpu  4409286825 10412356 654532718 45139061972 10348888 0 8248839 0 0 0
1791128883 2902, 13801, 53, 0x0000000000000000 | 22.31 26.30 25.16 | cpu  4409287859 10412356 654533124 45139088363 10348888 0 8248840 0 0 0
1791128884 2902, 13801, 52, 0x0000000000000000 | 22.31 26.30 25.16 | cpu  4409288227 10412357 654533485 45139115292 10348888 0 8248840 0 0 0
1791128886 2842, 13801, 52, 0x0000000000000000 | 22.31 26.30 25.16 | cpu  4409290526 10412357 654533981 45139140505 10348888 0 8248840 0 0 0
1791128887 2902, 13801, 53, 0x0000000000000000 | 21.08 25.97 25.06 | cpu  4409291620 10412357 654534574 45139166994 10348889 0 8248841 0 0 0
1791128888 2895, 13801, 53, 0x0000000000000000 | 21.08 25.97 25.06 | cpu  4409292430 10412358 654534833 45139193806 10348890 0 8248841 0 0 0
1791128889 2797, 13801, 52, 0x0000000000000000 | 21.08 25.97 25.06 | cpu  4409293821 10412358 654535539 45139219490 10348896 0 8248841 0 0 0
1791128890 2895, 13801, 53, 0x0000000000000000 | 21.08 25.97 25.06 | cpu  4409295324 10412358 654535843 45139245815 10348897 0 8248841 0 0 0
1791128891 2895, 13801, 53, 0x0000000000000000 | 21.16 25.91 25.05 | cpu  4409295765 10412358 654536221 45139273073 10348897 0 8248841 0 0 0
1791128892 2895, 13801, 52, 0x0000000000000000 | 21.16 25.91 25.05 | cpu  4409297091 10412358 654536821 45139299245 10348897 0 8248842 0 0 0
1791128893 2902, 13801, 53, 0x0000000000000000 | 21.16 25.91 25.05 | cpu  4409298326 10412358 654537120 45139325884 10348897 0 8248842 0 0 0
1791128894 2730, 13801, 52, 0x0000000000000000 | 21.16 25.91 25.05 | cpu  4409299973 10412358 654537248 45139352229 10348897 0 8248842 0 0 0
1791128895 2910, 13801, 52, 0x0000000000000000 | 21.16 25.91 25.05 | cpu  4409301273 10412358 654537778 45139378220 10348899 0 8248843 0 0 0
1791128897 2842, 13801, 52, 0x0000000000000000 | 19.94 25.58 24.95 | cpu  4409302571 10412358 654538482 45139404382 10348900 0 8248844 0 0 0
1791128898 2902, 13801, 52, 0x0000000000000000 | 19.94 25.58 24.95 | cpu  4409305143 10412358 654539116 45139428887 10348901 0 8248844 0 0 0
1791128899 2902, 13801, 52, 0x0000000000000000 | 19.94 25.58 24.95 | cpu  4409308714 10412358 654539459 45139452904 10348902 0 8248847 0 0 0
1791128900 2902, 13801, 53, 0x0000000000000000 | 19.94 25.58 24.95 | cpu  4409310457 10412358 654540011 45139478405 10348902 0 8248847 0 0 0
1791128901 2887, 13801, 53, 0x0000000000000000 | 19.94 25.58 24.95 | cpu  4409310981 10412358 654540241 45139505475 10348903 0 8248847 0 0 0
1791128902 2887, 13801, 53, 0x0000000000000000 | 18.83 25.25 24.84 | cpu  4409311639 10412358 654540556 45139532545 10348904 0 8248848 0 0 0
1791128903 2895, 13801, 53, 0x0000000000000000 | 18.83 25.25 24.84 | cpu  4409313397 10412358 654540848 45139558467 10348904 0 8248848 0 0 0
1791128904 2902, 13801, 53, 0x0000000000000000 | 18.83 25.25 24.84 | cpu  4409315187 10412358 654541588 45139584038 10348905 0 8248848 0 0 0
1791128905 2887, 13801, 53, 0x0000000000000000 | 18.83 25.25 24.84 | cpu  4409315914 10412358 654542101 45139610633 10348905 0 8248848 0 0 0
1791128906 2880, 13801, 53, 0x0000000000000000 | 18.92 25.17 24.82 | cpu  4409317772 10412358 654542308 45139636268 10348905 0 8248848 0 0 0
1791128907 2557, 13801, 52, 0x0000000000000000 | 18.92 25.17 24.82 | cpu  4409319147 10412359 654542526 45139662411 10348916 0 8248848 0 0 0
1791128909 2902, 13801, 53, 0x0000000000000000 | 18.92 25.17 24.82 | cpu  4409320781 10412359 654542780 45139688200 10348916 0 8248849 0 0 0
1791128910 2902, 13801, 53, 0x0000000000000000 | 18.92 25.17 24.82 | cpu  4409322371 10412360 654543356 45139713880 10348916 0 8248850 0 0 0
1791128911 2902, 13801, 53, 0x0000000000000000 | 18.92 25.17 24.82 | cpu  4409322859 10412360 654543562 45139741276 10348917 0 8248851 0 0 0
1791128912 2895, 13801, 53, 0x0000000000000000 | 18.05 24.88 24.73 | cpu  4409325838 10412360 654543885 45139765883 10348918 0 8248851 0 0 0
1791128913 2902, 13801, 53, 0x0000000000000000 | 18.05 24.88 24.73 | cpu  4409330829 10412360 654544578 45139788215 10348923 0 8248852 0 0 0
1791128914 2895, 13801, 52, 0x0000000000000000 | 18.05 24.88 24.73 | cpu  4409334896 10412360 654545044 45139811559 10348929 0 8248852 0 0 0
1791128915 2902, 13801, 52, 0x0000000000000000 | 18.05 24.88 24.73 | cpu  4409341177 10412360 654545340 45139833209 10348930 0 8248853 0 0 0
1791128916 2902, 13801, 53, 0x0000000000000000 | 17.00 24.55 24.62 | cpu  4409346168 10412360 654545846 45139855759 10348930 0 8248853 0 0 0
1791128917 2902, 13801, 53, 0x0000000000000000 | 17.00 24.55 24.62 | cpu  4409350050 10412360 654546027 45139879704 10348930 0 8248854 0 0 0
1791128918 2887, 13801, 53, 0x0000000000000000 | 17.00 24.55 24.62 | cpu  4409354148 10412360 654546223 45139903652 10348930 0 8248854 0 0 0
1791128919 2902, 13801, 52, 0x0000000000000000 | 17.00 24.55 24.62 | cpu  4409358851 10412360 654546694 45139926526 10348930 0 8248854 0 0 0
1791128921 2902, 13801, 53, 0x0000000000000000 | 17.00 24.55 24.62 | cpu  4409363975 10412360 654547211 45139948811 10348932 0 8248856 0 0 0
1791128922 2902, 13801, 53, 0x0000000000000000 | 17.16 24.46 24.59 | cpu  4409369047 10412360 654547552 45139971506 10348932 0 8248856 0 0 0
1791128923 2902, 13801, 53, 0x0000000000000000 | 17.16 24.46 24.59 | cpu  4409374803 10412361 654547801 45139993602 10348932 0 8248856 0 0 0
1791128924 2842, 13801, 52, 0x0000000000000000 | 17.16 24.46 24.59 | cpu  4409379069 10412361 654548090 45140017069 10348932 0 8248856 0 0 0
1791128925 2887, 13801, 53, 0x0000000000000000 | 17.16 24.46 24.59 | cpu  4409384974 10412361 654548274 45140038746 10348934 0 8248858 0 0 0
1791128926 2887, 13801, 53, 0x0000000000000000 | 20.75 25.08 24.79 | cpu  4409392298 10412361 654548586 45140058997 10348935 0 8248859 0 0 0
1791128927 2895, 13801, 53, 0x0000000000000000 | 20.75 25.08 24.79 | cpu  4409401051 10412361 654549225 45140077882 10348936 0 8248859 0 0 0
1791128928 2850, 13801, 52, 0x0000000000000000 | 20.75 25.08 24.79 | cpu  4409407022 10412361 654549493 45140099548 10348936 0 8248859 0 0 0
1791128929 2902, 13801, 53, 0x0000000000000000 | 20.75 25.08 24.79 | cpu  4409411603 10412361 654549715 45140122601 10348937 0 8248860 0 0 0
1791128930 2895, 13801, 53, 0x0000000000000000 | 20.75 25.08 24.79 | cpu  4409415786 10412361 654549919 45140146031 10348937 0 8248861 0 0 0
1791128931 2902, 13801, 53, 0x0000000000000000 | 19.41 24.73 24.68 | cpu  4409417277 10412361 654550115 45140172043 10348937 0 8248862 0 0 0
1791128933 2895, 13801, 53, 0x0000000000000000 | 19.41 24.73 24.68 | cpu  4409419222 10412361 654550434 45140197335 10348937 0 8248863 0 0 0
1791128934 2902, 13801, 53, 0x0000000000000000 | 19.41 24.73 24.68 | cpu  4409420419 10412361 654550938 45140223421 10348938 0 8248863 0 0 0
1791128935 2880, 13801, 53, 0x0000000000000000 | 19.41 24.73 24.68 | cpu  4409423021 10412362 654551155 45140249024 10348938 0 8248863 0 0 0
1791128936 2902, 13801, 53, 0x0000000000000000 | 19.41 24.73 24.68 | cpu  4409424515 10412362 654551387 45140275277 10348938 0 8248864 0 0 0
1791128937 2902, 13801, 53, 0x0000000000000000 | 18.18 24.39 24.57 | cpu  4409426164 10412362 654551755 45140301180 10348938 0 8248864 0 0 0
1791128938 2902, 13801, 53, 0x0000000000000000 | 18.18 24.39 24.57 | cpu  4409427563 10412362 654552422 45140327303 10348938 0 8248865 0 0 0
1791128939 2685, 13801, 52, 0x0000000000000000 | 18.18 24.39 24.57 | cpu  4409427846 10412362 654552627 45140354970 10348939 0 8248865 0 0 0
1791128940 2902, 13801, 53, 0x0000000000000000 | 18.18 24.39 24.57 | cpu  4409429568 10412363 654553045 45140380625 10348940 0 8248865 0 0 0
1791128941 2902, 13801, 53, 0x0000000000000000 | 28.01 26.32 25.19 | cpu  4409432358 10412363 654553643 45140405241 10348940 0 8248866 0 0 0
1791128942 2902, 13801, 53, 0x0000000000000000 | 28.01 26.32 25.19 | cpu  4409435333 10412363 654554088 45140430066 10348941 0 8248866 0 0 0
1791128944 2902, 13801, 53, 0x0000000000000000 | 28.01 26.32 25.19 | cpu  4409435631 10412364 654554389 45140457634 10348941 0 8248866 0 0 0
1791128945 2895, 13801, 53, 0x0000000000000000 | 28.01 26.32 25.19 | cpu  4409436936 10412364 654554664 45140483850 10348942 0 8248866 0 0 0
1791128946 2902, 13801, 53, 0x0000000000000000 | 28.01 26.32 25.19 | cpu  4409438582 10412364 654554990 45140509960 10348942 0 8248866 0 0 0
1791128947 2520, 13801, 52, 0x0000000000000000 | 28.49 26.45 25.24 | cpu  4409441157 10412364 654555761 45140534777 10348944 0 8248867 0 0 0
1791128948 2887, 13801, 53, 0x0000000000000000 | 28.49 26.45 25.24 | cpu  4409443581 10412365 654556212 45140559872 10348945 0 8248868 0 0 0
1791128949 2887, 13801, 53, 0x0000000000000000 | 28.49 26.45 25.24 | cpu  4409446100 10412365 654556690 45140584574 10348946 0 8248868 0 0 0
1791128950 2895, 13801, 53, 0x0000000000000000 | 28.49 26.45 25.24 | cpu  4409449042 10412365 654557214 45140609433 10348948 0 8248868 0 0 0
1791128951 2865, 13801, 53, 0x0000000000000000 | 27.97 26.38 25.22 | cpu  4409451203 10412365 654557512 45140634682 10348949 0 8248868 0 0 0
1791128952 2887, 13801, 53, 0x0000000000000000 | 27.97 26.38 25.22 | cpu  4409454396 10412366 654557962 45140658635 10348949 0 8248869 0 0 0
1791128953 2887, 13801, 53, 0x0000000000000000 | 27.97 26.38 25.22 | cpu  4409456513 10412366 654558384 45140684249 10348950 0 8248870 0 0 0
1791128954 2895, 13801, 53, 0x0000000000000000 | 27.97 26.38 25.22 | cpu  4409460780 10412366 654558551 45140707918 10348951 0 8248870 0 0 0
1791128956 2902, 13801, 53, 0x0000000000000000 | 27.97 26.38 25.22 | cpu  4409464270 10412366 654558770 45140732404 10348951 0 8248870 0 0 0
1791128957 2887, 13801, 53, 0x0000000000000000 | 32.30 27.30 25.53 | cpu  4409468271 10412367 654558999 45140756065 10348951 0 8248871 0 0 0
1791128958 2677, 13801, 52, 0x0000000000000000 | 32.30 27.30 25.53 | cpu  4409472050 10412367 654559682 45140779509 10348951 0 8248871 0 0 0
1791128959 2842, 13801, 53, 0x0000000000000000 | 32.30 27.30 25.53 | cpu  4409474956 10412367 654560048 45140804322 10348951 0 8248872 0 0 0
1791128960 2902, 13801, 53, 0x0000000000000000 | 32.30 27.30 25.53 | cpu  4409479457 10412369 654560211 45140827437 10348952 0 8248873 0 0 0
1791128961 2895, 13801, 53, 0x0000000000000000 | 40.36 29.06 26.11 | cpu  4409483873 10412369 654560356 45140851022 10348952 0 8248873 0 0 0
1791128962 2902, 13801, 53, 0x0000000000000000 | 40.36 29.06 26.11 | cpu  4409488991 10412369 654560881 45140873301 10348952 0 8248875 0 0 0
1791128963 2902, 13801, 52, 0x0000000000000000 | 40.36 29.06 26.11 | cpu  4409491550 10412369 654561202 45140898325 10348953 0 8248875 0 0 0
1791128964 2902, 13801, 53, 0x0000000000000000 | 40.36 29.06 26.11 | cpu  4409494577 10412369 654561574 45140922840 10348953 0 8248876 0 0 0
1791128965 2887, 13801, 53, 0x0000000000000000 | 40.36 29.06 26.11 | cpu  4409495609 10412369 654561784 45140949617 10348953 0 8248876 0 0 0
1791128966 2887, 13801, 53, 0x0000000000000000 | 37.53 28.66 25.99 | cpu  4409496861 10412370 654561960 45140976048 10348953 0 8248876 0 0 0
1791128968 2835, 13801, 53, 0x0000000000000000 | 37.53 28.66 25.99 | cpu  4409500093 10412370 654562159 45141000917 10348954 0 8248877 0 0 0
1791128969 2902, 13801, 53, 0x0000000000000000 | 37.53 28.66 25.99 | cpu  4409504420 10412370 654562599 45141024065 10348954 0 8248878 0 0 0
1791128970 2902, 13801, 53, 0x0000000000000000 | 37.53 28.66 25.99 | cpu  4409509085 10412370 654563205 45141046846 10348954 0 8248879 0 0 0
1791128971 2902, 13801, 53, 0x0000000000000000 | 37.53 28.66 25.99 | cpu  4409510069 10412370 654563502 45141073440 10348954 0 8248880 0 0 0
1791128972 2902, 13801, 53, 0x0000000000000000 | 35.49 28.38 25.92 | cpu  4409510941 10412370 654563634 45141100191 10348954 0 8248881 0 0 0
1791128973 2902, 13801, 53, 0x0000000000000000 | 35.49 28.38 25.92 | cpu  4409512061 10412370 654564023 45141126984 10348954 0 8248881 0 0 0
1791128974 2887, 13801, 53, 0x0000000000000000 | 35.49 28.38 25.92 | cpu  4409512756 10412370 654564411 45141153865 10348955 0 8248881 0 0 0
1791128975 2820, 13801, 54, 0x0000000000000000 | 35.49 28.38 25.92 | cpu  4409512939 10412370 654564614 45141181479 10348955 0 8248882 0 0 0
1791128976 2887, 13801, 53, 0x0000000000000000 | 33.36 28.06 25.83 | cpu  4409513488 10412370 654564938 45141208230 10348956 0 8248882 0 0 0
1791128977 2887, 13801, 53, 0x0000000000000000 | 33.36 28.06 25.83 | cpu  4409515347 10412370 654565550 45141233923 10348957 0 8248883 0 0 0
1791128979 2902, 13801, 53, 0x0000000000000000 | 33.36 28.06 25.83 | cpu  4409518709 10412370 654565924 45141258098 10348958 0 8248883 0 0 0
1791128980 2895, 13801, 53, 0x0000000000000000 | 33.36 28.06 25.83 | cpu  4409520023 10412370 654566314 45141284402 10348958 0 8248884 0 0 0
1791128981 2887, 13801, 53, 0x0000000000000000 | 33.36 28.06 25.83 | cpu  4409521851 10412371 654566597 45141310351 10348958 0 8248884 0 0 0
1791128982 2895, 13801, 53, 0x0000000000000000 | 31.09 27.67 25.71 | cpu  4409523259 10412371 654567060 45141336337 10348959 0 8248884 0 0 0
1791128983 2835, 13801, 53, 0x0000000000000000 | 31.09 27.67 25.71 | cpu  4409524559 10412371 654567754 45141362698 10348959 0 8248884 0 0 0
1791128984 2887, 13801, 53, 0x0000000000000000 | 31.09 27.67 25.71 | cpu  4409525303 10412371 654568083 45141389785 10348963 0 8248884 0 0 0
1791128985 2887, 13801, 53, 0x0000000000000000 | 31.09 27.67 25.71 | cpu  4409525981 10412371 654568271 45141416867 10348964 0 8248884 0 0 0
1791128986 2895, 13801, 53, 0x0000000000000000 | 30.12 27.53 25.68 | cpu  4409527407 10412372 654568831 45141443229 10348964 0 8248884 0 0 0
1791128987 2895, 13801, 53, 0x0000000000000000 | 30.12 27.53 25.68 | cpu  4409528137 10412372 654569218 45141470130 10348965 0 8248884 0 0 0
1791128988 2895, 13801, 53, 0x0000000000000000 | 30.12 27.53 25.68 | cpu  4409528372 10412372 654569455 45141497519 10348965 0 8248884 0 0 0
1791128989 2895, 13801, 53, 0x0000000000000000 | 30.12 27.53 25.68 | cpu  4409528981 10412372 654569668 45141524583 10348965 0 8248885 0 0 0
1791128991 2895, 13801, 53, 0x0000000000000000 | 30.12 27.53 25.68 | cpu  4409529760 10412372 654569974 45141551209 10348965 0 8248885 0 0 0
1791128992 2895, 13801, 53, 0x0000000000000000 | 29.31 27.41 25.65 | cpu  4409531016 10412372 654570458 45141577513 10348966 0 8248885 0 0 0
1791128993 2895, 13801, 53, 0x0000000000000000 | 29.31 27.41 25.65 | cpu  4409532752 10412372 654570847 45141603552 10348967 0 8248886 0 0 0
1791128994 2895, 13801, 53, 0x0000000000000000 | 29.31 27.41 25.65 | cpu  4409534160 10412372 654571188 45141629638 10348967 0 8248886 0 0 0
1791128995 2895, 13801, 53, 0x0000000000000000 | 29.31 27.41 25.65 | cpu  4409535751 10412373 654571746 45141655490 10348967 0 8248888 0 0 0
1791128996 2895, 13801, 53, 0x0000000000000000 | 27.45 27.05 25.54 | cpu  4409536243 10412373 654571950 45141683097 10348968 0 8248888 0 0 0
1791128997 2895, 13801, 53, 0x0000000000000000 | 27.45 27.05 25.54 | cpu  4409537636 10412373 654572227 45141709486 10348968 0 8248888 0 0 0
1791128998 2895, 13801, 53, 0x0000000000000000 | 27.45 27.05 25.54 | cpu  4409539093 10412373 654572691 45141735264 10348969 0 8248888 0 0 0
1791128999 2895, 13801, 53, 0x0000000000000000 | 27.45 27.05 25.54 | cpu  4409539624 10412374 654572882 45141762487 10348969 0 8248888 0 0 0
1791129000 2895, 13801, 53, 0x0000000000000000 | 27.45 27.05 25.54 | cpu  4409541552 10412374 654573385 45141788186 10348969 0 8248889 0 0 0
1791129002 2895, 13801, 53, 0x0000000000000000 | 25.57 26.67 25.43 | cpu  4409542488 10412374 654573754 45141814655 10348971 0 8248890 0 0 0
1791129003 2895, 13801, 53, 0x0000000000000000 | 25.57 26.67 25.43 | cpu  4409544021 10412374 654574202 45141840511 10348972 0 8248891 0 0 0
1791129004 2895, 13801, 53, 0x0000000000000000 | 25.57 26.67 25.43 | cpu  4409546307 10412374 654574416 45141865958 10348972 0 8248891 0 0 0
1791129005 2895, 13801, 53, 0x0000000000000000 | 25.57 26.67 25.43 | cpu  4409547978 10412374 654574776 45141891758 10348972 0 8248892 0 0 0
1791129006 2895, 13801, 53, 0x0000000000000000 | 25.57 26.67 25.43 | cpu  4409548370 10412374 654574997 45141919050 10348974 0 8248892 0 0 0
1791129007 2895, 13801, 53, 0x0000000000000000 | 24.00 26.32 25.32 | cpu  4409552160 10412374 654575164 45141942991 10348974 0 8248892 0 0 0
1791129008 2895, 13801, 53, 0x0000000000000000 | 24.00 26.32 25.32 | cpu  4409555758 10412375 654575275 45141967345 10348978 0 8248892 0 0 0
1791129009 2895, 13801, 53, 0x0000000000000000 | 24.00 26.32 25.32 | cpu  4409560285 10412375 654575710 45141990518 10348980 0 8248892 0 0 0
1791129010 2895, 13801, 53, 0x0000000000000000 | 24.00 26.32 25.32 | cpu  4409566267 10412375 654576314 45142011869 10348981 0 8248893 0 0 0
1791129011 2895, 13801, 53, 0x0000000000000000 | 34.09 28.38 25.99 | cpu  4409572809 10412375 654576735 45142032873 10348982 0 8248893 0 0 0
1791129012 2895, 13801, 53, 0x0000000000000000 | 34.09 28.38 25.99 | cpu  4409576942 10412375 654577135 45142056673 10348983 0 8248893 0 0 0
1791129014 2895, 13801, 53, 0x0000000000000000 | 34.09 28.38 25.99 | cpu  4409581540 10412375 654577506 45142080632 10348983 0 8248893 0 0 0
1791129015 2895, 13801, 53, 0x0000000000000000 | 34.09 28.38 25.99 | cpu  4409585691 10412375 654577889 45142104317 10348985 0 8248894 0 0 0
1791129016 2895, 13801, 53, 0x0000000000000000 | 34.09 28.38 25.99 | cpu  4409590258 10412376 654578444 45142127213 10348985 0 8248895 0 0 0
1791129017 2895, 13801, 53, 0x0000000000000000 | 33.12 28.27 25.97 | cpu  4409590926 10412376 654578790 45142154241 10348985 0 8248895 0 0 0
1791129018 2895, 13801, 53, 0x0000000000000000 | 33.12 28.27 25.97 | cpu  4409592385 10412376 654579372 45142180092 10348985 0 8248895 0 0 0
1791129019 2895, 13801, 53, 0x0000000000000000 | 33.12 28.27 25.97 | cpu  4409593540 10412376 654579919 45142206091 10348990 0 8248895 0 0 0
1791129020 2895, 13801, 53, 0x0000000000000000 | 33.12 28.27 25.97 | cpu  4409595126 10412377 654580166 45142232080 10348991 0 8248895 0 0 0
1791129021 2895, 13801, 53, 0x0000000000000000 | 30.95 27.90 25.86 | cpu  4409595989 10412377 654580336 45142259059 10348991 0 8248896 0 0 0
1791129022 2895, 13801, 53, 0x0000000000000000 | 30.95 27.90 25.86 | cpu  4409596643 10412377 654580570 45142286193 10348993 0 8248896 0 0 0
1791129023 2895, 13801, 53, 0x0000000000000000 | 30.95 27.90 25.86 | cpu  4409598579 10412377 654581171 45142311481 10348993 0 8248897 0 0 0
1791129025 2895, 13801, 53, 0x0000000000000000 | 30.95 27.90 25.86 | cpu  4409601667 10412377 654581832 45142335888 10348993 0 8248897 0 0 0
1791129026 2895, 13801, 53, 0x0000000000000000 | 30.95 27.90 25.86 | cpu  4409604604 10412377 654582136 45142360495 10348994 0 8248898 0 0 0
1791129027 2902, 13801, 53, 0x0000000000000000 | 30.07 27.77 25.83 | cpu  4409605743 10412377 654582528 45142386723 10348994 0 8248899 0 0 0
1791129028 2902, 13801, 53, 0x0000000000000000 | 30.07 27.77 25.83 | cpu  4409606702 10412377 654582852 45142413361 10348994 0 8248899 0 0 0
1791129029 2895, 13801, 53, 0x0000000000000000 | 30.07 27.77 25.83 | cpu  4409607292 10412378 654583161 45142440602 10348995 0 8248899 0 0 0
1791129030 2880, 13801, 53, 0x0000000000000000 | 30.07 27.77 25.83 | cpu  4409608038 10412378 654583471 45142467527 10348995 0 8248900 0 0 0
1791129031 2887, 13801, 53, 0x0000000000000000 | 28.47 27.47 25.75 | cpu  4409609371 10412378 654584285 45142493179 10348995 0 8248900 0 0 0
1791129032 2865, 13801, 53, 0x0000000000000000 | 28.47 27.47 25.75 | cpu  4409611013 10412378 654584689 45142519151 10348997 0 8248900 0 0 0
1791129033 2827, 13801, 53, 0x0000000000000000 | 28.47 27.47 25.75 | cpu  4409613038 10412378 654585285 45142544560 10349001 0 8248900 0 0 0
1791129034 2887, 13801, 53, 0x0000000000000000 | 28.47 27.47 25.75 | cpu  4409614015 10412378 654585477 45142571520 10349003 0 8248901 0 0 0
1791129035 2887, 13801, 53, 0x0000000000000000 | 28.47 27.47 25.75 | cpu  4409617311 10412378 654585678 45142595915 10349003 0 8248901 0 0 0
1791129037 2640, 13801, 53, 0x0000000000000000 | 26.51 27.08 25.63 | cpu  4409618056 10412378 654585889 45142623226 10349003 0 8248902 0 0 0
1791129038 2902, 13801, 53, 0x0000000000000000 | 26.51 27.08 25.63 | cpu  4409619927 10412379 654586554 45142648454 10349003 0 8248903 0 0 0
1791129039 2902, 13801, 53, 0x0000000000000000 | 26.51 27.08 25.63 | cpu  4409621186 10412379 654586933 45142674957 10349004 0 8248903 0 0 0
1791129040 2902, 13801, 53, 0x0000000000000000 | 26.51 27.08 25.63 | cpu  4409623451 10412379 654587193 45142700567 10349005 0 8248903 0 0 0
1791129041 2880, 13801, 53, 0x0000000000000000 | 26.51 27.08 25.63 | cpu  4409627986 10412379 654587603 45142723718 10349005 0 8248903 0 0 0
1791129042 2670, 13801, 53, 0x0000000000000000 | 26.95 27.17 25.66 | cpu  4409634335 10412380 654588112 45142744783 10349005 0 8248904 0 0 0
1791129043 2887, 13801, 53, 0x0000000000000000 | 26.95 27.17 25.66 | cpu  4409637995 10412380 654588381 45142769020 10349005 0 8248904 0 0 0
1791129044 2887, 13801, 53, 0x0000000000000000 | 26.95 27.17 25.66 | cpu  4409642154 10412380 654588759 45142792329 10349005 0 8248904 0 0 0
1791129045 2895, 13801, 53, 0x0000000000000000 | 26.95 27.17 25.66 | cpu  4409647066 10412380 654589351 45142814830 10349007 0 8248904 0 0 0
1791129046 2895, 13801, 53, 0x0000000000000000 | 26.79 27.13 25.66 | cpu  4409648675 10412380 654589753 45142840509 10349007 0 8248904 0 0 0
1791129048 2895, 13801, 53, 0x0000000000000000 | 26.79 27.13 25.66 | cpu  4409650153 10412380 654590038 45142866307 10349008 0 8248905 0 0 0
1791129049 2902, 13801, 53, 0x0000000000000000 | 26.79 27.13 25.66 | cpu  4409653642 10412380 654590217 45142890380 10349008 0 8248905 0 0 0
1791129050 2887, 13801, 54, 0x0000000000000000 | 26.79 27.13 25.66 | cpu  4409654341 10412380 654590542 45142917079 10349010 0 8248905 0 0 0
1791129051 2887, 13801, 53, 0x0000000000000000 | 26.79 27.13 25.66 | cpu  4409655830 10412381 654591073 45142943088 10349010 0 8248906 0 0 0
1791129052 2895, 13801, 53, 0x0000000000000000 | 25.12 26.78 25.55 | cpu  4409657247 10412381 654591696 45142968908 10349010 0 8248907 0 0 0
1791129053 2902, 13801, 53, 0x0000000000000000 | 25.12 26.78 25.55 | cpu  4409658659 10412381 654592072 45142995267 10349010 0 8248908 0 0 0
1791129054 2902, 13801, 53, 0x0000000000000000 | 25.12 26.78 25.55 | cpu  4409658952 10412381 654592365 45143022420 10349010 0 8248908 0 0 0
1791129055 2872, 13801, 53, 0x0000000000000000 | 25.12 26.78 25.55 | cpu  4409660598 10412381 654592820 45143048237 10349011 0 8248909 0 0 0
1791129056 2887, 13801, 53, 0x0000000000000000 | 23.51 26.42 25.44 | cpu  4409662054 10412382 654593248 45143074063 10349012 0 8248909 0 0 0
1791129057 2887, 13801, 53, 0x0000000000000000 | 23.51 26.42 25.44 | cpu  4409663338 10412382 654593566 45143100119 10349012 0 8248910 0 0 0
1791129058 2902, 13801, 53, 0x0000000000000000 | 23.51 26.42 25.44 | cpu  4409665849 10412382 654594081 45143124813 10349013 0 8248911 0 0 0
1791129059 2902, 13801, 53, 0x0000000000000000 | 23.51 26.42 25.44 | cpu  4409667763 10412382 654594472 45143150586 10349013 0 8248911 0 0 0
1791129061 2902, 13801, 53, 0x0000000000000000 | 23.51 26.42 25.44 | cpu  4409669466 10412382 654594797 45143176144 10349014 0 8248912 0 0 0
1791129062 2902, 13801, 53, 0x0000000000000000 | 24.67 26.61 25.51 | cpu  4409670755 10412382 654595130 45143202264 10349014 0 8248912 0 0 0
1791129063 2797, 13801, 53, 0x0000000000000000 | 24.67 26.61 25.51 | cpu  4409673513 10412382 654595653 45143226700 10349015 0 8248912 0 0 0
1791129064 2902, 13801, 53, 0x0000000000000000 | 24.67 26.61 25.51 | cpu  4409674444 10412383 654596140 45143253252 10349015 0 8248913 0 0 0
1791129065 2895, 13801, 53, 0x0000000000000000 | 24.67 26.61 25.51 | cpu  4409675556 10412383 654596756 45143279646 10349017 0 8248913 0 0 0
1791129066 2902, 13801, 53, 0x0000000000000000 | 23.10 26.25 25.40 | cpu  4409676400 10412384 654597024 45143306758 10349018 0 8248913 0 0 0
1791129067 2902, 13801, 53, 0x0000000000000000 | 23.10 26.25 25.40 | cpu  4409677375 10412384 654597426 45143333193 10349019 0 8248913 0 0 0
1791129068 2887, 13801, 53, 0x0000000000000000 | 23.10 26.25 25.40 | cpu  4409678994 10412384 654598123 45143359199 10349020 0 8248913 0 0 0
1791129069 2887, 13801, 53, 0x0000000000000000 | 23.10 26.25 25.40 | cpu  4409680677 10412384 654598474 45143385255 10349022 0 8248913 0 0 0
1791129070 2895, 13801, 53, 0x0000000000000000 | 23.10 26.25 25.40 | cpu  4409682372 10412384 654598778 45143411048 10349025 0 8248914 0 0 0
1791129072 2835, 13801, 53, 0x0000000000000000 | 22.93 26.16 25.38 | cpu  4409684620 10412384 654599077 45143436664 10349025 0 8248914 0 0 0
1791129073 2902, 13801, 53, 0x0000000000000000 | 22.93 26.16 25.38 | cpu  4409686440 10412384 654599656 45143462490 10349026 0 8248914 0 0 0
1791129074 2887, 13801, 53, 0x0000000000000000 | 22.93 26.16 25.38 | cpu  4409687086 10412385 654600128 45143489166 10349026 0 8248914 0 0 0
1791129075 2842, 13801, 53, 0x0000000000000000 | 22.93 26.16 25.38 | cpu  4409688061 10412385 654600661 45143515730 10349027 0 8248915 0 0 0
1791129076 2880, 13801, 53, 0x0000000000000000 | 22.93 26.16 25.38 | cpu  4409690412 10412387 654600946 45143541581 10349027 0 8248916 0 0 0
1791129077 2887, 13801, 53, 0x0000000000000000 | 21.41 25.79 25.26 | cpu  4409693984 10412387 654601378 45143565419 10349028 0 8248917 0 0 0
1791129078 2670, 13801, 52, 0x0000000000000000 | 21.41 25.79 25.26 | cpu  4409698484 10412387 654601965 45143588206 10349028 0 8248918 0 0 0
1791129079 2902, 13801, 53, 0x0000000000000000 | 21.41 25.79 25.26 | cpu  4409703839 10412387 654602368 45143610308 10349029 0 8248919 0 0 0
1791129080 2902, 13801, 53, 0x0000000000000000 | 21.41 25.79 25.26 | cpu  4409709340 10412387 654602629 45143632571 10349029 0 8248921 0 0 0
1791129081 2902, 13801, 53, 0x0000000000000000 | 23.30 26.11 25.37 | cpu  4409714262 10412387 654602973 45143655428 10349030 0 8248922 0 0 0
1791129082 2902, 13801, 52, 0x0000000000000000 | 23.30 26.11 25.37 | cpu  4409721621 10412387 654603418 45143675781 10349030 0 8248923 0 0 0
1791129084 2902, 13801, 53, 0x0000000000000000 | 23.30 26.11 25.37 | cpu  4409727327 10412388 654603772 45143697915 10349030 0 8248924 0 0 0
1791129085 2902, 13801, 53, 0x0000000000000000 | 23.30 26.11 25.37 | cpu  4409728964 10412388 654604114 45143724028 10349031 0 8248924 0 0 0
1791129086 2902, 13801, 53, 0x0000000000000000 | 23.30 26.11 25.37 | cpu  4409730385 10412388 654604391 45143750422 10349032 0 8248924 0 0 0
1791129087 2730, 13801, 52, 0x0000000000000000 | 29.92 27.44 25.80 | cpu  4409732128 10412388 654605011 45143775742 10349032 0 8248925 0 0 0
1791129088 2902, 13801, 53, 0x0000000000000000 | 29.92 27.44 25.80 | cpu  4409733487 10412388 654605590 45143801955 10349032 0 8248925 0 0 0
1791129089 2902, 13801, 53, 0x0000000000000000 | 29.92 27.44 25.80 | cpu  4409735192 10412388 654605852 45143827917 10349033 0 8248926 0 0 0
1791129090 2865, 13801, 53, 0x0000000000000000 | 29.92 27.44 25.80 | cpu  4409736754 10412388 654606151 45143854023 10349033 0 8248927 0 0 0
1791129091 2835, 13801, 53, 0x0000000000000000 | 29.61 27.42 25.80 | cpu  4409738626 10412388 654606785 45143880615 10349033 0 8248928 0 0 0
1791129092 2887, 13801, 53, 0x0000000000000000 | 29.61 27.42 25.80 | cpu  4409739349 10412388 654606967 45143907716 10349034 0 8248928 0 0 0
1791129093 2887, 13801, 53, 0x0000000000000000 | 29.61 27.42 25.80 | cpu  4409742884 10412389 654607103 45143932224 10349034 0 8248929 0 0 0
1791129095 2895, 13801, 53, 0x0000000000000000 | 29.61 27.42 25.80 | cpu  4409751953 10412389 654607519 45143950535 10349035 0 8248930 0 0 0
1791129096 2887, 13801, 53, 0x0000000000000000 | 29.61 27.42 25.80 | cpu  4409760744 10412389 654607924 45143969307 10349035 0 8248931 0 0 0
1791129097 2887, 13801, 53, 0x0000000000000000 | 27.56 27.03 25.68 | cpu  4409767921 10412389 654608088 45143990317 10349035 0 8248932 0 0 0
1791129098 2887, 13801, 53, 0x0000000000000000 | 27.56 27.03 25.68 | cpu  4409775791 10412389 654608467 45144010405 10349036 0 8248933 0 0 0
1791129099 2910, 13801, 53, 0x0000000000000000 | 27.56 27.03 25.68 | cpu  4409783728 10412389 654609039 45144029883 10349037 0 8248934 0 0 0
1791129100 2902, 13801, 53, 0x0000000000000000 | 27.56 27.03 25.68 | cpu  4409790768 10412389 654609207 45144050732 10349038 0 8248935 0 0 0
1791129101 2902, 13801, 53, 0x0000000000000000 | 26.87 26.89 25.65 | cpu  4409798564 10412389 654609588 45144070525 10349039 0 8248937 0 0 0
1791129102 2880, 13801, 53, 0x0000000000000000 | 26.87 26.89 25.65 | cpu  4409807596 10412390 654609916 45144089455 10349040 0 8248939 0 0 0
1791129103 2910, 13801, 53, 0x0000000000000000 | 26.87 26.89 25.65 | cpu  4409816879 10412390 654610629 45144108040 10349040 0 8248941 0 0 0
1791129104 2902, 13801, 53, 0x0000000000000000 | 26.87 26.89 25.65 | cpu  4409823655 10412390 654611898 45144127902 10349045 0 8248941 0 0 0
1791129106 2902, 13801, 53, 0x0000000000000000 | 26.87 26.89 25.65 | cpu  4409830906 10412390 654612930 45144147661 10349045 0 8248942 0 0 0
1791129107 2902, 13801, 53, 0x0000000000000000 | 25.20 26.55 25.54 | cpu  4409836189 10412390 654613258 45144169751 10349045 0 8248943 0 0 0
1791129108 2902, 13801, 53, 0x0000000000000000 | 25.20 26.55 25.54 | cpu  4409839827 10412390 654613660 45144193701 10349046 0 8248943 0 0 0
1791129109 2902, 13801, 53, 0x0000000000000000 | 25.20 26.55 25.54 | cpu  4409841218 10412390 654613872 45144219844 10349047 0 8248943 0 0 0
1791129110 2902, 13801, 53, 0x0000000000000000 | 25.20 26.55 25.54 | cpu  4409842180 10412390 654614072 45144246366 10349047 0 8248943 0 0 0
1791129111 2910, 13801, 53, 0x0000000000000000 | 25.20 26.55 25.54 | cpu  4409843407 10412390 654614518 45144272418 10349047 0 8248943 0 0 0
1791129112 2902, 13801, 53, 0x0000000000000000 | 24.54 26.39 25.50 | cpu  4409844642 10412390 654614803 45144298640 10349047 0 8248944 0 0 0
1791129113 2902, 13801, 52, 0x0000000000000000 | 24.54 26.39 25.50 | cpu  4409844932 10412390 654614936 45144325979 10349047 0 8248944 0 0 0
1791129114 2902, 13801, 53, 0x0000000000000000 | 24.54 26.39 25.50 | cpu  4409846153 10412390 654615268 45144352351 10349047 0 8248944 0 0 0
1791129115 2835, 13801, 53, 0x0000000000000000 | 24.54 26.39 25.50 | cpu  4409847611 10412390 654615692 45144378866 10349049 0 8248944 0 0 0
1791129116 2887, 13801, 53, 0x0000000000000000 | 22.82 26.00 25.37 | cpu  4409848221 10412391 654615851 45144406026 10349049 0 8248945 0 0 0
1791129118 2880, 13801, 53, 0x0000000000000000 | 22.82 26.00 25.37 | cpu  4409849295 10412391 654616338 45144432814 10349049 0 8248946 0 0 0
1791129119 2895, 13801, 53, 0x0000000000000000 | 22.82 26.00 25.37 | cpu  4409849993 10412391 654616606 45144459722 10349050 0 8248946 0 0 0
1791129120 2880, 13801, 53, 0x0000000000000000 | 22.82 26.00 25.37 | cpu  4409850181 10412391 654616781 45144487406 10349050 0 8248946 0 0 0
1791129121 2887, 13801, 53, 0x0000000000000000 | 22.82 26.00 25.37 | cpu  4409850990 10412391 654617201 45144514275 10349051 0 8248946 0 0 0
1791129122 2902, 13801, 53, 0x0000000000000000 | 22.27 25.83 25.32 | cpu  4409852297 10412391 654617857 45144540303 10349051 0 8248946 0 0 0
1791129123 2835, 13801, 53, 0x0000000000000000 | 22.27 25.83 25.32 | cpu  4409853790 10412391 654618270 45144566438 10349051 0 8248947 0 0 0
1791129124 2902, 13801, 53, 0x0000000000000000 | 22.27 25.83 25.32 | cpu  4409855742 10412391 654618537 45144592234 10349052 0 8248947 0 0 0
1791129125 2880, 13801, 53, 0x0000000000000000 | 22.27 25.83 25.32 | cpu  4409857552 10412393 654618796 45144617954 10349052 0 8248947 0 0 0
1791129126 2902, 13801, 52, 0x0000000000000000 | 20.81 25.47 25.21 | cpu  4409857919 10412393 654618950 45144645644 10349052 0 8248947 0 0 0
1791129127 2902, 13801, 53, 0x0000000000000000 | 20.81 25.47 25.21 | cpu  4409860347 10412393 654619283 45144670953 10349053 0 8248947 0 0 0
1791129129 2895, 13801, 53, 0x0000000000000000 | 20.81 25.47 25.21 | cpu  4409862041 10412393 654619781 45144696692 10349059 0 8248948 0 0 0
1791129130 2880, 13801, 53, 0x0000000000000000 | 20.81 25.47 25.21 | cpu  4409863072 10412393 654620134 45144723545 10349059 0 8248948 0 0 0
1791129131 2902, 13801, 53, 0x0000000000000000 | 20.81 25.47 25.21 | cpu  4409863796 10412393 654620439 45144750361 10349059 0 8248948 0 0 0
1791129132 2895, 13801, 53, 0x0000000000000000 | 19.62 25.15 25.11 | cpu  4409865355 10412394 654620704 45144776340 10349060 0 8248948 0 0 0
1791129133 2872, 13801, 53, 0x0000000000000000 | 19.62 25.15 25.11 | cpu  4409867984 10412394 654620892 45144801410 10349060 0 8248949 0 0 0
1791129134 2902, 13801, 53, 0x0000000000000000 | 19.62 25.15 25.11 | cpu  4409873113 10412394 654621537 45144823483 10349061 0 8248949 0 0 0
1791129135 2895, 13801, 53, 0x0000000000000000 | 19.62 25.15 25.11 | cpu  4409878020 10412394 654621936 45144845954 10349062 0 8248950 0 0 0
1791129136 2902, 13801, 53, 0x0000000000000000 | 19.57 25.04 25.07 | cpu  4409882558 10412394 654622274 45144869357 10349062 0 8248950 0 0 0
1791129137 2880, 13801, 53, 0x0000000000000000 | 19.57 25.04 25.07 | cpu  4409883921 10412394 654622767 45144895373 10349063 0 8248952 0 0 0
1791129138 2625, 13801, 52, 0x0000000000000000 | 19.57 25.04 25.07 | cpu  4409885560 10412394 654623419 45144920979 10349063 0 8248953 0 0 0
1791129139 2902, 13801, 53, 0x0000000000000000 | 19.57 25.04 25.07 | cpu  4409886843 10412394 654623999 45144946781 10349064 0 8248953 0 0 0
1791129141 2902, 13801, 53, 0x0000000000000000 | 19.57 25.04 25.07 | cpu  4409888676 10412394 654624315 45144972536 10349064 0 8248953 0 0 0
1791129142 2910, 13801, 53, 0x0000000000000000 | 18.57 24.75 24.98 | cpu  4409889620 10412394 654624776 45144998934 10349065 0 8248954 0 0 0
1791129143 2902, 13801, 53, 0x0000000000000000 | 18.57 24.75 24.98 | cpu  4409890597 10412394 654624989 45145025597 10349065 0 8248954 0 0 0
1791129144 2902, 13801, 53, 0x0000000000000000 | 18.57 24.75 24.98 | cpu  4409892298 10412394 654625554 45145051105 10349065 0 8248954 0 0 0
1791129145 2880, 13801, 53, 0x0000000000000000 | 18.57 24.75 24.98 | cpu  4409893339 10412394 654625776 45145077536 10349065 0 8248954 0 0 0
1791129146 2850, 13801, 53, 0x0000000000000000 | 18.57 24.75 24.98 | cpu  4409893683 10412395 654626018 45145104573 10349065 0 8248955 0 0 0
1791129147 2902, 13801, 53, 0x0000000000000000 | 19.96 24.93 25.04 | cpu  4409895106 10412395 654626645 45145130319 10349065 0 8248955 0 0 0
1791129148 2902, 13801, 53, 0x0000000000000000 | 19.96 24.93 25.04 | cpu  4409897173 10412395 654627051 45145155645 10349066 0 8248956 0 0 0
1791129149 2902, 13801, 53, 0x0000000000000000 | 19.96 24.93 25.04 | cpu  4409899031 10412395 654627319 45145181275 10349066 0 8248956 0 0 0
1791129150 2902, 13801, 53, 0x0000000000000000 | 19.96 24.93 25.04 | cpu  4409900806 10412395 654627572 45145207223 10349067 0 8248956 0 0 0
1791129151 2902, 13801, 53, 0x0000000000000000 | 19.89 24.83 25.00 | cpu  4409901755 10412396 654627771 45145234094 10349067 0 8248957 0 0 0
1791129153 2880, 13801, 53, 0x0000000000000000 | 19.89 24.83 25.00 | cpu  4409902910 10412396 654628174 45145260697 10349070 0 8248957 0 0 0
1791129154 2587, 13801, 53, 0x0000000000000000 | 19.89 24.83 25.00 | cpu  4409903129 10412396 654628459 45145288019 10349076 0 8248957 0 0 0
1791129155 2902, 13801, 53, 0x0000000000000000 | 19.89 24.83 25.00 | cpu  4409904579 10412396 654629154 45145313962 10349077 0 8248959 0 0 0
1791129156 2902, 13801, 53, 0x0000000000000000 | 19.89 24.83 25.00 | cpu  4409905926 10412396 654629936 45145339824 10349078 0 8248960 0 0 0
1791129157 2902, 13801, 53, 0x0000000000000000 | 18.69 24.50 24.89 | cpu  4409906133 10412396 654630311 45145367305 10349078 0 8248960 0 0 0
1791129158 2887, 13801, 53, 0x0000000000000000 | 18.69 24.50 24.89 | cpu  4409907433 10412396 654630590 45145394055 10349078 0 8248960 0 0 0
1791129159 2887, 13801, 53, 0x0000000000000000 | 18.69 24.50 24.89 | cpu  4409908219 10412396 654630888 45145421045 10349078 0 8248960 0 0 0
1791129160 2895, 13801, 53, 0x0000000000000000 | 18.69 24.50 24.89 | cpu  4409909001 10412396 654631293 45145448175 10349078 0 8248961 0 0 0
1791129161 2887, 13801, 53, 0x0000000000000000 | 21.92 25.08 25.08 | cpu  4409910524 10412396 654631935 45145474075 10349078 0 8248961 0 0 0
1791129162 2887, 13801, 53, 0x0000000000000000 | 21.92 25.08 25.08 | cpu  4409911786 10412397 654632347 45145500207 10349079 0 8248962 0 0 0
1791129163 2872, 13801, 53, 0x0000000000000000 | 21.92 25.08 25.08 | cpu  4409912365 10412397 654632597 45145527374 10349079 0 8248962 0 0 0
1791129165 2902, 13801, 53, 0x0000000000000000 | 21.92 25.08 25.08 | cpu  4409913727 10412397 654633241 45145553448 10349079 0 8248964 0 0 0
1791129166 2902, 13801, 53, 0x0000000000000000 | 21.92 25.08 25.08 | cpu  4409915991 10412397 654633599 45145578655 10349081 0 8248964 0 0 0
1791129167 2887, 13801, 53, 0x0000000000000000 | 20.57 24.74 24.97 | cpu  4409916294 10412397 654633790 45145606068 10349081 0 8248964 0 0 0
1791129168 2872, 13801, 53, 0x0000000000000000 | 20.57 24.74 24.97 | cpu  4409917677 10412398 654634478 45145632414 10349081 0 8248965 0 0 0
1791129169 2895, 13801, 53, 0x0000000000000000 | 20.57 24.74 24.97 | cpu  4409918029 10412398 654634910 45145659575 10349082 0 8248966 0 0 0
1791129170 2887, 13801, 53, 0x0000000000000000 | 20.57 24.74 24.97 | cpu  4409918212 10412398 654635096 45145687275 10349083 0 8248966 0 0 0
1791129171 2887, 13801, 53, 0x0000000000000000 | 20.04 24.56 24.91 | cpu  4409919312 10412398 654635524 45145713756 10349083 0 8248966 0 0 0
1791129172 2842, 13801, 53, 0x0000000000000000 | 20.04 24.56 24.91 | cpu  4409920369 10412398 654635878 45145740334 10349084 0 8248966 0 0 0
1791129173 2887, 13801, 53, 0x0000000000000000 | 20.04 24.56 24.91 | cpu  4409921558 10412398 654636008 45145766988 10349084 0 8248966 0 0 0
1791129174 2887, 13801, 53, 0x0000000000000000 | 20.04 24.56 24.91 | cpu  4409922471 10412398 654636197 45145793794 10349084 0 8248966 0 0 0
1791129176 2895, 13801, 53, 0x0000000000000000 | 20.04 24.56 24.91 | cpu  4409924143 10412398 654636782 45145819421 10349084 0 8248967 0 0 0
1791129177 2895, 13801, 53, 0x0000000000000000 | 18.83 24.24 24.80 | cpu  4409925187 10412399 654637052 45145846086 10349085 0 8248967 0 0 0
1791129178 2895, 13801, 53, 0x0000000000000000 | 18.83 24.24 24.80 | cpu  4409927447 10412399 654637219 45145872035 10349085 0 8248967 0 0 0
1791129179 2595, 13801, 52, 0x0000000000000000 | 18.83 24.24 24.80 | cpu  4409928978 10412399 654637446 45145898018 10349085 0 8248967 0 0 0
1791129180 2910, 13801, 52, 0x0000000000000000 | 18.83 24.24 24.80 | cpu  4409931087 10412400 654637891 45145923525 10349086 0 8248968 0 0 0
1791129181 2902, 13801, 53, 0x0000000000000000 | 18.83 24.24 24.80 | cpu  4409932309 10412400 654638315 45145949813 10349086 0 8248968 0 0 0
1791129182 2902, 13801, 53, 0x0000000000000000 | 17.57 23.89 24.69 | cpu  4409934836 10412400 654638443 45145975317 10349087 0 8248968 0 0 0
1791129183 2767, 13801, 53, 0x0000000000000000 | 17.57 23.89 24.69 | cpu  4409939085 10412400 654638864 45145998797 10349087 0 8248969 0 0 0
1791129184 2902, 13801, 53, 0x0000000000000000 | 17.57 23.89 24.69 | cpu  4409942643 10412401 654639232 45146022741 10349087 0 8248969 0 0 0
1791129185 2902, 13801, 53, 0x0000000000000000 | 17.57 23.89 24.69 | cpu  4409946228 10412401 654639514 45146046699 10349088 0 8248970 0 0 0
1791129187 2902, 13801, 53, 0x0000000000000000 | 18.80 24.04 24.73 | cpu  4409950325 10412401 654640069 45146070369 10349090 0 8248971 0 0 0
1791129188 2902, 13801, 53, 0x0000000000000000 | 18.80 24.04 24.73 | cpu  4409957465 10412401 654640540 45146090810 10349090 0 8248972 0 0 0
1791129189 2902, 13801, 53, 0x0000000000000000 | 18.80 24.04 24.73 | cpu  4409962313 10412401 654640956 45146113760 10349092 0 8248973 0 0 0
1791129190 2902, 13801, 53, 0x0000000000000000 | 18.80 24.04 24.73 | cpu  4409967470 10412402 654641338 45146136050 10349095 0 8248973 0 0 0
1791129191 2880, 13801, 53, 0x0000000000000000 | 18.80 24.04 24.73 | cpu  4409969725 10412402 654641748 45146161216 10349101 0 8248973 0 0 0
1791129192 2902, 13801, 53, 0x0000000000000000 | 20.42 24.29 24.81 | cpu  4409972932 10412402 654642148 45146185215 10349102 0 8248974 0 0 0
1791129193 2887, 13801, 53, 0x0000000000000000 | 20.42 24.29 24.81 | cpu  4409974771 10412402 654642507 45146211049 10349102 0 8248974 0 0 0
1791129194 2805, 13801, 52, 0x0000000000000000 | 20.42 24.29 24.81 | cpu  4409975716 10412402 654642895 45146237590 10349102 0 8248974 0 0 0
1791129195 2902, 13801, 53, 0x0000000000000000 | 20.42 24.29 24.81 | cpu  4409976962 10412402 654643495 45146263448 10349102 0 8248974 0 0 0
1791129196 2902, 13801, 53, 0x0000000000000000 | 19.03 23.93 24.69 | cpu  4409977675 10412403 654643879 45146290501 10349103 0 8248975 0 0 0
1791129197 2902, 13801, 53, 0x0000000000000000 | 19.03 23.93 24.69 | cpu  4409979211 10412404 654644286 45146316528 10349103 0 8248976 0 0 0
1791129199 2880, 13801, 53, 0x0000000000000000 | 19.03 23.93 24.69 | cpu  4409980458 10412404 654644560 45146343371 10349104 0 8248976 0 0 0
1791129200 2902, 13801, 53, 0x0000000000000000 | 19.03 23.93 24.69 | cpu  4409983305 10412404 654645093 45146367977 10349104 0 8248976 0 0 0
1791129201 2887, 13801, 53, 0x0000000000000000 | 19.03 23.93 24.69 | cpu  4409985179 10412404 654645561 45146393335 10349106 0 8248976 0 0 0
1791129202 2887, 13801, 53, 0x0000000000000000 | 19.42 23.93 24.69 | cpu  4409986734 10412405 654646165 45146419012 10349106 0 8248977 0 0 0
1791129203 2572, 13801, 53, 0x0000000000000000 | 19.42 23.93 24.69 | cpu  4409988807 10412405 654646589 45146444347 10349106 0 8248977 0 0 0
1791129204 2902, 13801, 53, 0x0000000000000000 | 19.42 23.93 24.69 | cpu  4409989395 10412405 654646853 45146471198 10349107 0 8248977 0 0 0
1791129205 2887, 13801, 53, 0x0000000000000000 | 19.42 23.93 24.69 | cpu  4409991056 10412405 654647286 45146497160 10349108 0 8248977 0 0 0
1791129206 2887, 13801, 53, 0x0000000000000000 | 18.35 23.64 24.59 | cpu  4409993082 10412405 654647930 45146523069 10349108 0 8248978 0 0 0
1791129207 2835, 13801, 53, 0x0000000000000000 | 18.35 23.64 24.59 | cpu  4409993930 10412405 654648466 45146549786 10349108 0 8248978 0 0 0
1791129208 2887, 13801, 53, 0x0000000000000000 | 18.35 23.64 24.59 | cpu  4409994830 10412406 654648859 45146576222 10349108 0 8248979 0 0 0
1791129209 2887, 13801, 53, 0x0000000000000000 | 18.35 23.64 24.59 | cpu  4409995924 10412406 654649227 45146602647 10349108 0 8248979 0 0 0
1791129211 2895, 13801, 53, 0x0000000000000000 | 18.35 23.64 24.59 | cpu  4409997374 10412406 654649786 45146628752 10349108 0 8248979 0 0 0
1791129212 2692, 13801, 52, 0x0000000000000000 | 17.36 23.34 24.49 | cpu  4409999235 10412406 654650495 45146654554 10349110 0 8248979 0 0 0
1791129213 2902, 13801, 53, 0x0000000000000000 | 17.36 23.34 24.49 | cpu  4410000995 10412406 654650824 45146680302 10349110 0 8248979 0 0 0
1791129214 2902, 13801, 53, 0x0000000000000000 | 17.36 23.34 24.49 | cpu  4410001276 10412406 654651077 45146708015 10349110 0 8248979 0 0 0
1791129215 2902, 13801, 53, 0x0000000000000000 | 17.36 23.34 24.49 | cpu  4410002142 10412406 654651452 45146734815 10349111 0 8248979 0 0 0
1791129216 2902, 13801, 53, 0x0000000000000000 | 23.90 24.60 24.89 | cpu  4410004006 10412406 654652342 45146760064 10349112 0 8248979 0 0 0
1791129217 2902, 13801, 53, 0x0000000000000000 | 23.90 24.60 24.89 | cpu  4410005944 10412406 654652872 45146785395 10349113 0 8248979 0 0 0
1791129218 2902, 13801, 52, 0x0000000000000000 | 23.90 24.60 24.89 | cpu  4410007589 10412406 654653115 45146811579 10349113 0 8248980 0 0 0
1791129219 2902, 13801, 53, 0x0000000000000000 | 23.90 24.60 24.89 | cpu  4410008625 10412406 654653261 45146838305 10349113 0 8248980 0 0 0
1791129220 2895, 13801, 53, 0x0000000000000000 | 23.90 24.60 24.89 | cpu  4410009353 10412406 654653513 45146865339 10349114 0 8248980 0 0 0
1791129222 2835, 13801, 52, 0x0000000000000000 | 22.30 24.26 24.77 | cpu  4410010612 10412406 654654122 45146891635 10349115 0 8248983 0 0 0
1791129223 2842, 13801, 53, 0x0000000000000000 | 22.30 24.26 24.77 | cpu  4410010799 10412406 654654302 45146919307 10349116 0 8248983 0 0 0
1791129224 2887, 13801, 53, 0x0000000000000000 | 22.30 24.26 24.77 | cpu  4410010992 10412406 654654484 45146947086 10349119 0 8248984 0 0 0
1791129225 2895, 13801, 53, 0x0000000000000000 | 22.30 24.26 24.77 | cpu  4410012118 10412406 654654943 45146973637 10349119 0 8248984 0 0 0
1791129226 2872, 13801, 53, 0x0000000000000000 | 22.30 24.26 24.77 | cpu  4410013890 10412407 654655353 45146999672 10349120 0 8248984 0 0 0
1791129227 2887, 13801, 53, 0x0000000000000000 | 20.84 23.92 24.66 | cpu  4410015029 10412407 654655797 45147026006 10349120 0 8248984 0 0 0
1791129228 2887, 13801, 53, 0x0000000000000000 | 20.84 23.92 24.66 | cpu  4410016247 10412407 654656080 45147052816 10349121 0 8248984 0 0 0
1791129229 2895, 13801, 53, 0x0000000000000000 | 20.84 23.92 24.66 | cpu  4410017323 10412407 654656457 45147079442 10349121 0 8248984 0 0 0
1791129230 2902, 13801, 53, 0x0000000000000000 | 20.84 23.92 24.66 | cpu  4410019036 10412407 654656782 45147105759 10349122 0 8248985 0 0 0
1791129231 2902, 13801, 53, 0x0000000000000000 | 20.85 23.87 24.64 | cpu  4410020501 10412407 654657218 45147131835 10349123 0 8248985 0 0 0
1791129233 2880, 13801, 53, 0x0000000000000000 | 20.85 23.87 24.64 | cpu  4410022067 10412407 654657844 45147157461 10349123 0 8248985 0 0 0
1791129234 2910, 13801, 53, 0x0000000000000000 | 20.85 23.87 24.64 | cpu  4410022454 10412407 654657999 45147185073 10349123 0 8248985 0 0 0
1791129235 2902, 13801, 53, 0x0000000000000000 | 20.85 23.87 24.64 | cpu  4410022843 10412407 654658146 45147212655 10349124 0 8248985 0 0 0
1791129236 2872, 13801, 52, 0x0000000000000000 | 20.85 23.87 24.64 | cpu  4410023731 10412407 654658469 45147239673 10349125 0 8248985 0 0 0
1791129237 2902, 13801, 53, 0x0000000000000000 | 20.14 23.67 24.57 | cpu  4410025144 10412407 654658919 45147265657 10349125 0 8248985 0 0 0
1791129238 2887, 13801, 53, 0x0000000000000000 | 20.14 23.67 24.57 | cpu  4410025516 10412408 654659076 45147293109 10349125 0 8248985 0 0 0
1791129239 2887, 13801, 53, 0x0000000000000000 | 20.14 23.67 24.57 | cpu  4410026066 10412408 654659256 45147320497 10349125 0 8248986 0 0 0
1791129240 2482, 13801, 52, 0x0000000000000000 | 20.14 23.67 24.57 | cpu  4410030958 10412408 654659726 45147343015 10349125 0 8248987 0 0 0
1791129241 2887, 13801, 53, 0x0000000000000000 | 18.77 23.33 24.46 | cpu  4410035151 10412408 654660053 45147366608 10349126 0 8248987 0 0 0
1791129242 2887, 13801, 53, 0x0000000000000000 | 18.77 23.33 24.46 | cpu  4410039625 10412408 654660354 45147389806 10349126 0 8248987 0 0 0
1791129244 2887, 13801, 53, 0x0000000000000000 | 18.77 23.33 24.46 | cpu  4410044160 10412408 654660874 45147412940 10349127 0 8248987 0 0 0
1791129245 2895, 13801, 53, 0x0000000000000000 | 18.77 23.33 24.46 | cpu  4410048612 10412409 654661101 45147436326 10349127 0 8248987 0 0 0
1791129246 2895, 13801, 53, 0x0000000000000000 | 18.77 23.33 24.46 | cpu  4410054111 10412409 654661504 45147458480 10349127 0 8248988 0 0 0
1791129247 2887, 13801, 53, 0x0000000000000000 | 22.31 23.99 24.66 | cpu  4410058511 10412409 654662112 45147481646 10349128 0 8248988 0 0 0
1791129248 2887, 13801, 53, 0x0000000000000000 | 22.31 23.99 24.66 | cpu  4410063759 10412409 654662546 45147503780 10349130 0 8248988 0 0 0
1791129249 2895, 13801, 53, 0x0000000000000000 | 22.31 23.99 24.66 | cpu  4410065984 10412409 654662858 45147529506 10349134 0 8248988 0 0 0
1791129250 2887, 13801, 53, 0x0000000000000000 | 22.31 23.99 24.66 | cpu  4410066281 10412409 654663031 45147556787 10349134 0 8248988 0 0 0
1791129251 2707, 13801, 52, 0x0000000000000000 | 20.92 23.67 24.56 | cpu  4410066827 10412410 654663174 45147583970 10349134 0 8248988 0 0 0
1791129252 2895, 13801, 53, 0x0000000000000000 | 20.92 23.67 24.56 | cpu  4410068573 10412410 654663708 45147609492 10349135 0 8248988 0 0 0
1791129253 2887, 13801, 53, 0x0000000000000000 | 20.92 23.67 24.56 | cpu  4410068985 10412410 654663969 45147636911 10349135 0 8248989 0 0 0
1791129254 2887, 13801, 53, 0x0000000000000000 | 20.92 23.67 24.56 | cpu  4410069947 10412410 654664252 45147663910 10349135 0 8248989 0 0 0
1791129256 2625, 13801, 52, 0x0000000000000000 | 20.92 23.67 24.56 | cpu  4410071696 10412410 654664649 45147689470 10349136 0 8248991 0 0 0
1791129257 2895, 13801, 53, 0x0000000000000000 | 19.57 23.35 24.45 | cpu  4410073249 10412410 654664850 45147715567 10349137 0 8248992 0 0 0
1791129258 2887, 13801, 53, 0x0000000000000000 | 19.57 23.35 24.45 | cpu  4410074077 10412410 654665092 45147742606 10349137 0 8248992 0 0 0
1791129259 2887, 13801, 53, 0x0000000000000000 | 19.57 23.35 24.45 | cpu  4410075674 10412410 654665661 45147768297 10349138 0 8248992 0 0 0
1791129260 2745, 13801, 53, 0x0000000000000000 | 19.57 23.35 24.45 | cpu  4410077492 10412410 654666089 45147794330 10349139 0 8248993 0 0 0
1791129261 2902, 13801, 53, 0x0000000000000000 | 19.57 23.35 24.45 | cpu  4410078373 10412411 654666377 45147821110 10349140 0 8248993 0 0 0
1791129262 2887, 13801, 53, 0x0000000000000000 | 18.32 23.03 24.34 | cpu  4410078724 10412411 654666636 45147848461 10349140 0 8248994 0 0 0
1791129263 2895, 13801, 53, 0x0000000000000000 | 18.32 23.03 24.34 | cpu  4410079579 10412411 654667169 45147875646 10349141 0 8248995 0 0 0
1791129264 2842, 13801, 53, 0x0000000000000000 | 18.32 23.03 24.34 | cpu  4410081668 10412411 654667821 45147901052 10349141 0 8248995 0 0 0
1791129265 2887, 13801, 53, 0x0000000000000000 | 18.32 23.03 24.34 | cpu  4410083093 10412411 654668251 45147927253 10349141 0 8248996 0 0 0
1791129267 2887, 13801, 53, 0x0000000000000000 | 17.09 22.69 24.22 | cpu  4410083667 10412411 654668486 45147954523 10349142 0 8248996 0 0 0
1791129268 2895, 13801, 53, 0x0000000000000000 | 17.09 22.69 24.22 | cpu  4410084694 10412411 654668685 45147981262 10349143 0 8248996 0 0 0
1791129269 2902, 13801, 53, 0x0000000000000000 | 17.09 22.69 24.22 | cpu  4410085939 10412412 654669136 45148007596 10349143 0 8248996 0 0 0
1791129270 2887, 13801, 53, 0x0000000000000000 | 17.09 22.69 24.22 | cpu  4410087105 10412412 654669317 45148034062 10349144 0 8248996 0 0 0
1791129271 2895, 13801, 53, 0x0000000000000000 | 17.09 22.69 24.22 | cpu  4410087691 10412412 654669456 45148061106 10349145 0 8248997 0 0 0
1791129272 2565, 13801, 52, 0x0000000000000000 | 15.97 22.37 24.11 | cpu  4410088870 10412412 654669798 45148087634 10349147 0 8248998 0 0 0
1791129273 2902, 13801, 53, 0x0000000000000000 | 15.97 22.37 24.11 | cpu  4410094798 10412412 654670340 45148108820 10349150 0 8248998 0 0 0
1791129274 2895, 13801, 53, 0x0000000000000000 | 15.97 22.37 24.11 | cpu  4410099507 10412412 654670635 45148132028 10349154 0 8248999 0 0 0
1791129275 2910, 13801, 53, 0x0000000000000000 | 15.97 22.37 24.11 | cpu  4410104368 10412412 654671020 45148154757 10349155 0 8248999 0 0 0
1791129276 2902, 13801, 53, 0x0000000000000000 | 16.29 22.33 24.09 | cpu  4410109581 10412412 654671282 45148177472 10349155 0 8249000 0 0 0
1791129277 2902, 13801, 53, 0x0000000000000000 | 16.29 22.33 24.09 | cpu  4410111362 10412412 654671403 45148203688 10349156 0 8249000 0 0 0
1791129279 2887, 13801, 53, 0x0000000000000000 | 16.29 22.33 24.09 | cpu  4410112099 10412412 654671532 45148231026 10349156 0 8249000 0 0 0
1791129280 2902, 13801, 53, 0x0000000000000000 | 16.29 22.33 24.09 | cpu  4410114021 10412413 654671899 45148256640 10349157 0 8249001 0 0 0
1791129281 2887, 13801, 53, 0x0000000000000000 | 16.29 22.33 24.09 | cpu  4410116047 10412413 654672449 45148281774 10349157 0 8249001 0 0 0
1791129282 2887, 13801, 53, 0x0000000000000000 | 16.67 22.31 24.07 | cpu  4410117587 10412413 654672716 45148307739 10349157 0 8249001 0 0 0
1791129283 2857, 13801, 53, 0x0000000000000000 | 16.67 22.31 24.07 | cpu  4410118015 10412414 654672888 45148334963 10349157 0 8249001 0 0 0
1791129284 2902, 13801, 53, 0x0000000000000000 | 16.67 22.31 24.07 | cpu  4410119560 10412414 654673229 45148361007 10349158 0 8249002 0 0 0
1791129285 2887, 13801, 53, 0x0000000000000000 | 16.67 22.31 24.07 | cpu  4410122007 10412414 654673795 45148385998 10349158 0 8249002 0 0 0
1791129286 2895, 13801, 53, 0x0000000000000000 | 17.01 22.28 24.05 | cpu  4410124388 10412414 654674035 45148411203 10349158 0 8249004 0 0 0
1791129287 2842, 13801, 53, 0x0000000000000000 | 17.01 22.28 24.05 | cpu  4410125476 10412414 654674218 45148437799 10349158 0 8249004 0 0 0
1791129288 2902, 13801, 53, 0x0000000000000000 | 17.01 22.28 24.05 | cpu  4410128866 10412414 654674878 45148461370 10349158 0 8249005 0 0 0
1791129289 2902, 13801, 53, 0x0000000000000000 | 17.01 22.28 24.05 | cpu  4410130054 10412414 654675178 45148487704 10349158 0 8249006 0 0 0
1791129291 2895, 13801, 53, 0x0000000000000000 | 17.01 22.28 24.05 | cpu  4410130707 10412414 654675369 45148514681 10349159 0 8249007 0 0 0
1791129292 2887, 13801, 53, 0x0000000000000000 | 15.97 21.98 23.95 | cpu  4410131802 10412414 654675745 45148540939 10349160 0 8249007 0 0 0
1791129293 2895, 13801, 53, 0x0000000000000000 | 15.97 21.98 23.95 | cpu  4410133326 10412414 654676302 45148566459 10349161 0 8249008 0 0 0
1791129294 2895, 13801, 53, 0x0000000000000000 | 15.97 21.98 23.95 | cpu  4410135896 10412414 654676607 45148591412 10349162 0 8249009 0 0 0
1791129295 2902, 13801, 53, 0x0000000000000000 | 15.97 21.98 23.95 | cpu  4410136652 10412414 654677164 45148618274 10349162 0 8249009 0 0 0
1791129296 2902, 13801, 53, 0x0000000000000000 | 15.97 21.98 23.95 | cpu  4410140407 10412415 654677834 45148641656 10349163 0 8249010 0 0 0
1791129297 2902, 13801, 53, 0x0000000000000000 | 16.13 21.91 23.91 | cpu  4410145091 10412415 654678180 45148664310 10349163 0 8249010 0 0 0
1791129298 2910, 13801, 53, 0x0000000000000000 | 16.13 21.91 23.91 | cpu  4410147585 10412415 654678538 45148689205 10349163 0 8249011 0 0 0
1791129299 2902, 13801, 53, 0x0000000000000000 | 16.13 21.91 23.91 | cpu  4410148399 10412415 654678819 45148716102 10349163 0 8249012 0 0 0
1791129300 2902, 13801, 53, 0x0000000000000000 | 16.13 21.91 23.91 | cpu  4410149930 10412416 654679423 45148741901 10349163 0 8249012 0 0 0
1791129301 2895, 13801, 53, 0x0000000000000000 | 15.32 21.65 23.82 | cpu  4410151377 10412416 654679712 45148768158 10349164 0 8249013 0 0 0
1791129303 2842, 13801, 53, 0x0000000000000000 | 15.32 21.65 23.82 | cpu  4410155421 10412416 654680220 45148791412 10349165 0 8249013 0 0 0
1791129304 2887, 13801, 53, 0x0000000000000000 | 15.32 21.65 23.82 | cpu  4410159154 10412416 654680392 45148815508 10349166 0 8249013 0 0 0
1791129305 2887, 13801, 53, 0x0000000000000000 | 15.32 21.65 23.82 | cpu  4410162779 10412416 654680587 45148840074 10349166 0 8249013 0 0 0
1791129306 2895, 13801, 53, 0x0000000000000000 | 15.32 21.65 23.82 | cpu  4410167354 10412416 654680972 45148863417 10349167 0 8249013 0 0 0
1791129307 2902, 13801, 53, 0x0000000000000000 | 14.34 21.34 23.70 | cpu  4410168724 10412417 654681437 45148889443 10349168 0 8249014 0 0 0
1791129308 2902, 13801, 53, 0x0000000000000000 | 14.34 21.34 23.70 | cpu  4410171733 10412417 654681660 45148914372 10349170 0 8249014 0 0 0
1791129309 2662, 13801, 52, 0x0000000000000000 | 14.34 21.34 23.70 | cpu  4410172547 10412417 654681850 45148941176 10349171 0 8249014 0 0 0
1791129310 2902, 13801, 53, 0x0000000000000000 | 14.34 21.34 23.70 | cpu  4410172885 10412417 654682000 45148968385 10349175 0 8249014 0 0 0
1791129311 2902, 13801, 53, 0x0000000000000000 | 13.51 21.05 23.60 | cpu  4410173138 10412417 654682190 45148995745 10349175 0 8249014 0 0 0
1791129312 2872, 13801, 53, 0x0000000000000000 | 13.51 21.05 23.60 | cpu  4410174582 10412417 654682759 45149021233 10349175 0 8249016 0 0 0
1791129313 2910, 13801, 53, 0x0000000000000000 | 13.51 21.05 23.60 | cpu  4410175864 10412417 654683277 45149047266 10349175 0 8249016 0 0 0
1791129315 2902, 13801, 53, 0x0000000000000000 | 13.51 21.05 23.60 | cpu  4410178070 10412417 654683769 45149072272 10349177 0 8249017 0 0 0
1791129316 2902, 13801, 53, 0x0000000000000000 | 13.51 21.05 23.60 | cpu  4410179278 10412418 654684206 45149098389 10349177 0 8249017 0 0 0
1791129317 2910, 13801, 52, 0x0000000000000000 | 14.11 21.05 23.58 | cpu  4410180829 10412418 654684587 45149124544 10349177 0 8249017 0 0 0
1791129318 2902, 13801, 53, 0x0000000000000000 | 14.11 21.05 23.58 | cpu  4410181143 10412419 654684848 45149151879 10349177 0 8249017 0 0 0
1791129319 2902, 13801, 53, 0x0000000000000000 | 14.11 21.05 23.58 | cpu  4410182687 10412419 654685404 45149177504 10349177 0 8249017 0 0 0
1791129320 2880, 13801, 53, 0x0000000000000000 | 14.11 21.05 23.58 | cpu  4410184626 10412420 654685850 45149202914 10349178 0 8249017 0 0 0
1791129321 2842, 13801, 53, 0x0000000000000000 | 13.38 20.78 23.48 | cpu  4410186854 10412420 654686130 45149228544 10349179 0 8249017 0 0 0
1791129322 2902, 13801, 53, 0x0000000000000000 | 13.38 20.78 23.48 | cpu  4410188478 10412420 654686477 45149255182 10349179 0 8249017 0 0 0
1791129323 2880, 13801, 53, 0x0000000000000000 | 13.38 20.78 23.48 | cpu  4410190545 10412420 654687241 45149281467 10349179 0 8249018 0 0 0
1791129324 2902, 13801, 53, 0x0000000000000000 | 13.38 20.78 23.48 | cpu  4410192074 10412420 654687504 45149307542 10349179 0 8249018 0 0 0
1791129326 2887, 13801, 53, 0x0000000000000000 | 13.38 20.78 23.48 | cpu  4410192462 10412420 654687762 45149335079 10349180 0 8249018 0 0 0
1791129327 2887, 13801, 53, 0x0000000000000000 | 12.63 20.50 23.38 | cpu  4410193269 10412420 654688061 45149361910 10349180 0 8249018 0 0 0
1791129328 2760, 13801, 53, 0x0000000000000000 | 12.63 20.50 23.38 | cpu  4410194777 10412420 654688786 45149388236 10349181 0 8249018 0 0 0
1791129329 2895, 13801, 53, 0x0000000000000000 | 12.63 20.50 23.38 | cpu  4410195356 10412420 654689212 45149414938 10349181 0 8249019 0 0 0
1791129330 2887, 13801, 53, 0x0000000000000000 | 12.63 20.50 23.38 | cpu  4410197358 10412420 654689781 45149440170 10349181 0 8249019 0 0 0
1791129331 2887, 13801, 53, 0x0000000000000000 | 12.63 20.50 23.38 | cpu  4410200092 10412420 654690497 45149464673 10349183 0 8249019 0 0 0
1791129332 2895, 13801, 53, 0x0000000000000000 | 13.86 20.63 23.40 | cpu  4410201492 10412421 654691013 45149490824 10349183 0 8249020 0 0 0
1791129333 2895, 13801, 53, 0x0000000000000000 | 13.86 20.63 23.40 | cpu  4410202699 10412421 654691229 45149517425 10349183 0 8249020 0 0 0
1791129334 2895, 13801, 53, 0x0000000000000000 | 13.86 20.63 23.40 | cpu  4410203131 10412421 654691556 45149544712 10349183 0 8249020 0 0 0
1791129335 2895, 13801, 53, 0x0000000000000000 | 13.86 20.63 23.40 | cpu  4410205366 10412421 654692352 45149569577 10349183 0 8249021 0 0 0
1791129337 2895, 13801, 53, 0x0000000000000000 | 13.23 20.39 23.31 | cpu  4410206374 10412421 654692898 45149596136 10349188 0 8249022 0 0 0
1791129338 2895, 13801, 53, 0x0000000000000000 | 13.23 20.39 23.31 | cpu  4410207908 10412421 654693213 45149622187 10349188 0 8249022 0 0 0
1791129339 2895, 13801, 53, 0x0000000000000000 | 13.23 20.39 23.31 | cpu  4410209160 10412421 654693473 45149648407 10349188 0 8249022 0 0 0
1791129340 2895, 13801, 53, 0x0000000000000000 | 13.23 20.39 23.31 | cpu  4410210467 10412421 654693733 45149674531 10349188 0 8249022 0 0 0
1791129341 2895, 13801, 53, 0x0000000000000000 | 13.23 20.39 23.31 | cpu  4410212018 10412421 654694231 45149700273 10349188 0 8249023 0 0 0
1791129342 2895, 13801, 53, 0x0000000000000000 | 13.61 20.35 23.28 | cpu  4410213698 10412421 654694809 45149725829 10349189 0 8249023 0 0 0
1791129343 2895, 13801, 53, 0x0000000000000000 | 13.61 20.35 23.28 | cpu  4410214799 10412422 654695026 45149752574 10349190 0 8249023 0 0 0
1791129344 2895, 13801, 53, 0x0000000000000000 | 13.61 20.35 23.28 | cpu  4410216524 10412422 654695600 45149777888 10349198 0 8249023 0 0 0
1791129345 2895, 13801, 53, 0x0000000000000000 | 13.61 20.35 23.28 | cpu  4410218537 10412423 654695909 45149803309 10349199 0 8249023 0 0 0
1791129346 2895, 13801, 53, 0x0000000000000000 | 12.84 20.07 23.18 | cpu  4410219397 10412423 654696106 45149830097 10349199 0 8249024 0 0 0
1791129347 2895, 13801, 53, 0x0000000000000000 | 12.84 20.07 23.18 | cpu  4410220319 10412423 654696287 45149856686 10349199 0 8249024 0 0 0
1791129348 2895, 13801, 53, 0x0000000000000000 | 12.84 20.07 23.18 | cpu  4410223796 10412423 654696745 45149880682 10349200 0 8249025 0 0 0
1791129350 2895, 13801, 53, 0x0000000000000000 | 12.84 20.07 23.18 | cpu  4410229231 10412423 654697222 45149902896 10349200 0 8249025 0 0 0
1791129351 2895, 13801, 53, 0x0000000000000000 | 12.84 20.07 23.18 | cpu  4410233935 10412423 654697586 45149925673 10349200 0 8249025 0 0 0
1791129352 2895, 13801, 53, 0x0000000000000000 | 21.50 21.75 23.70 | cpu  4410237650 10412423 654697731 45149950007 10349201 0 8249025 0 0 0
1791129353 2895, 13801, 53, 0x0000000000000000 | 21.50 21.75 23.70 | cpu  4410241240 10412423 654697882 45149974161 10349201 0 8249026 0 0 0
1791129354 2895, 13801, 53, 0x0000000000000000 | 21.50 21.75 23.70 | cpu  4410246066 10412423 654698482 45149996872 10349202 0 8249027 0 0 0
1791129355 2895, 13801, 53, 0x0000000000000000 | 21.50 21.75 23.70 | cpu  4410250870 10412423 654698681 45150020002 10349202 0 8249028 0 0 0
1791129356 2895, 13801, 53, 0x0000000000000000 | 28.51 23.20 24.16 | cpu  4410254622 10412423 654698806 45150044219 10349202 0 8249028 0 0 0
1791129357 2895, 13801, 53, 0x0000000000000000 | 28.51 23.20 24.16 | cpu  4410257827 10412423 654698923 45150068961 10349203 0 8249028 0 0 0
1791129358 2895, 13801, 53, 0x0000000000000000 | 28.51 23.20 24.16 | cpu  4410258881 10412423 654699371 45150095135 10349203 0 8249028 0 0 0
1791129359 2895, 13801, 53, 0x0000000000000000 | 28.51 23.20 24.16 | cpu  4410260604 10412424 654700012 45150120438 10349205 0 8249028 0 0 0
1791129361 2895, 13801, 53, 0x0000000000000000 | 28.51 23.20 24.16 | cpu  4410261575 10412424 654700368 45150147187 10349207 0 8249029 0 0 0
1791129362 2887, 13801, 53, 0x0000000000000000 | 26.55 22.88 24.05 | cpu  4410262561 10412424 654700564 45150174033 10349207 0 8249029 0 0 0
1791129363 2895, 13801, 53, 0x0000000000000000 | 26.55 22.88 24.05 | cpu  4410265324 10412424 654700776 45150199214 10349207 0 8249029 0 0 0
1791129364 2895, 13801, 53, 0x0000000000000000 | 26.55 22.88 24.05 | cpu  4410268896 10412424 654701476 45150223095 10349207 0 8249031 0 0 0
1791129365 2895, 13801, 53, 0x0000000000000000 | 26.55 22.88 24.05 | cpu  4410271107 10412425 654702312 45150247773 10349208 0 8249031 0 0 0
1791129366 2887, 13801, 53, 0x0000000000000000 | 26.55 22.88 24.05 | cpu  4410272876 10412425 654702894 45150273159 10349210 0 8249032 0 0 0
1791129367 2895, 13801, 53, 0x0000000000000000 | 24.90 22.60 23.96 | cpu  4410273239 10412425 654703285 45150300485 10349210 0 8249032 0 0 0
1791129368 2895, 13801, 53, 0x0000000000000000 | 24.90 22.60 23.96 | cpu  4410273482 10412425 654703637 45150327792 10349212 0 8249032 0 0 0
1791129369 2895, 13801, 53, 0x0000000000000000 | 24.90 22.60 23.96 | cpu  4410274705 10412425 654704215 45150353690 10349214 0 8249033 0 0 0
1791129370 2895, 13801, 53, 0x0000000000000000 | 24.90 22.60 23.96 | cpu  4410276487 10412425 654705010 45150378939 10349215 0 8249034 0 0 0
1791129371 2827, 13801, 53, 0x0000000000000000 | 26.03 22.87 24.04 | cpu  4410280094 10412425 654705324 45150402812 10349215 0 8249034 0 0 0
1791129373 2895, 13801, 53, 0x0000000000000000 | 26.03 22.87 24.04 | cpu  4410281360 10412425 654705595 45150429258 10349215 0 8249035 0 0 0
1791129374 2887, 13801, 53, 0x0000000000000000 | 26.03 22.87 24.04 | cpu  4410282868 10412425 654706217 45150454892 10349217 0 8249036 0 0 0
1791129375 2895, 13801, 53, 0x0000000000000000 | 26.03 22.87 24.04 | cpu  4410283607 10412425 654706681 45150481338 10349218 0 8249036 0 0 0
1791129376 2902, 13801, 53, 0x0000000000000000 | 26.03 22.87 24.04 | cpu  4410283850 10412426 654707015 45150508415 10349218 0 8249036 0 0 0
1791129377 2902, 13801, 53, 0x0000000000000000 | 24.35 22.57 23.94 | cpu  4410284551 10412426 654707365 45150535115 10349218 0 8249036 0 0 0
1791129378 2910, 13801, 53, 0x0000000000000000 | 24.35 22.57 23.94 | cpu  4410286118 10412426 654707990 45150560749 10349218 0 8249036 0 0 0
1791129379 2902, 13801, 53, 0x0000000000000000 | 24.35 22.57 23.94 | cpu  4410286518 10412426 654708169 45150588219 10349218 0 8249036 0 0 0
1791129380 2902, 13801, 53, 0x0000000000000000 | 24.35 22.57 23.94 | cpu  4410289252 10412426 654708432 45150613550 10349218 0 8249037 0 0 0
1791129381 2617, 13801, 53, 0x0000000000000000 | 22.88 22.30 23.84 | cpu  4410290863 10412426 654709086 45150639118 10349218 0 8249037 0 0 0
1791129382 2902, 13801, 53, 0x0000000000000000 | 22.88 22.30 23.84 | cpu  4410291458 10412426 654709455 45150665976 10349219 0 8249037 0 0 0
1791129383 2902, 13801, 53, 0x0000000000000000 | 22.88 22.30 23.84 | cpu  4410292526 10412426 654710000 45150692088 10349219 0 8249038 0 0 0
1791129385 2887, 13801, 53, 0x0000000000000000 | 22.88 22.30 23.84 | cpu  4410294427 10412426 654710535 45150717612 10349219 0 8249039 0 0 0
1791129386 2797, 13801, 52, 0x0000000000000000 | 22.88 22.30 23.84 | cpu  4410296504 10412426 654710895 45150742927 10349221 0 8249039 0 0 0
1791129387 2902, 13801, 53, 0x0000000000000000 | 21.53 22.03 23.74 | cpu  4410297626 10412426 654711269 45150769458 10349221 0 8249041 0 0 0
1791129388 2880, 13801, 53, 0x0000000000000000 | 21.53 22.03 23.74 | cpu  4410297911 10412427 654711591 45150796810 10349221 0 8249042 0 0 0
1791129389 2887, 13801, 53, 0x0000000000000000 | 21.53 22.03 23.74 | cpu  4410298322 10412427 654711884 45150824261 10349222 0 8249042 0 0 0
1791129390 2887, 13801, 54, 0x0000000000000000 | 21.53 22.03 23.74 | cpu  4410300448 10412427 654712616 45150849339 10349223 0 8249043 0 0 0
1791129391 2887, 13801, 53, 0x0000000000000000 | 21.53 22.03 23.74 | cpu  4410301024 10412427 654713017 45150876240 10349223 0 8249043 0 0 0
1791129392 2677, 13801, 53, 0x0000000000000000 | 20.44 21.80 23.66 | cpu  4410301436 10412427 654713311 45150903391 10349225 0 8249043 0 0 0
1791129393 2902, 13801, 53, 0x0000000000000000 | 20.44 21.80 23.66 | cpu  4410302592 10412427 654713556 45150929865 10349229 0 8249044 0 0 0
1791129394 2902, 13801, 53, 0x0000000000000000 | 20.44 21.80 23.66 | cpu  4410305165 10412427 654714217 45150954678 10349231 0 8249045 0 0 0
1791129395 2902, 13801, 53, 0x0000000000000000 | 20.44 21.80 23.66 | cpu  4410307010 10412427 654714475 45150980434 10349231 0 8249046 0 0 0
1791129397 2902, 13801, 52, 0x0000000000000000 | 19.20 21.52 23.56 | cpu  4410307592 10412427 654714772 45151007316 10349233 0 8249046 0 0 0
1791129398 2902, 13801, 53, 0x0000000000000000 | 19.20 21.52 23.56 | cpu  4410309506 10412427 654715392 45151032740 10349233 0 8249046 0 0 0
1791129399 2895, 13801, 53, 0x0000000000000000 | 19.20 21.52 23.56 | cpu  4410311049 10412427 654715768 45151058682 10349233 0 8249046 0 0 0
1791129400 2895, 13801, 52, 0x0000000000000000 | 19.20 21.52 23.56 | cpu  4410312756 10412427 654716462 45151084183 10349234 0 8249047 0 0 0
1791129401 2902, 13801, 53, 0x0000000000000000 | 19.20 21.52 23.56 | cpu  4410313819 10412428 654717000 45151111213 10349234 0 8249047 0 0 0
1791129402 2887, 13801, 53, 0x0000000000000000 | 19.59 21.56 23.56 | cpu  4410316007 10412428 654717609 45151136188 10349235 0 8249048 0 0 0
1791129403 2872, 13801, 53, 0x0000000000000000 | 19.59 21.56 23.56 | cpu  4410319367 10412429 654718035 45151160162 10349236 0 8249048 0 0 0
1791129404 2827, 13801, 53, 0x0000000000000000 | 19.59 21.56 23.56 | cpu  4410323655 10412429 654718352 45151183973 10349238 0 8249048 0 0 0
1791129405 2902, 13801, 53, 0x0000000000000000 | 19.59 21.56 23.56 | cpu  4410327445 10412429 654718685 45151207802 10349238 0 8249049 0 0 0
1791129406 2887, 13801, 53, 0x0000000000000000 | 28.67 23.41 24.15 | cpu  4410331395 10412429 654718935 45151231616 10349239 0 8249049 0 0 0
1791129408 2902, 13801, 53, 0x0000000000000000 | 28.67 23.41 24.15 | cpu  4410337845 10412429 654719269 45151253105 10349239 0 8249050 0 0 0
1791129409 2857, 13801, 53, 0x0000000000000000 | 28.67 23.41 24.15 | cpu  4410342380 10412429 654719856 45151275822 10349239 0 8249050 0 0 0
1791129410 2902, 13801, 53, 0x0000000000000000 | 28.67 23.41 24.15 | cpu  4410346919 10412429 654720295 45151299000 10349240 0 8249050 0 0 0
1791129411 2880, 13801, 53, 0x0000000000000000 | 28.67 23.41 24.15 | cpu  4410351404 10412429 654720460 45151322826 10349240 0 8249051 0 0 0
1791129412 2865, 13801, 53, 0x0000000000000000 | 27.50 23.25 24.09 | cpu  4410356975 10412429 654720818 45151345010 10349240 0 8249052 0 0 0
1791129413 2902, 13801, 53, 0x0000000000000000 | 27.50 23.25 24.09 | cpu  4410360368 10412429 654721022 45151369740 10349240 0 8249053 0 0 0
1791129414 2902, 13801, 53, 0x0000000000000000 | 27.50 23.25 24.09 | cpu  4410361585 10412429 654721465 45151395954 10349240 0 8249054 0 0 0
1791129415 2872, 13801, 53, 0x0000000000000000 | 27.50 23.25 24.09 | cpu  4410363075 10412429 654721757 45151422444 10349240 0 8249056 0 0 0
1791129416 2835, 13801, 53, 0x0000000000000000 | 25.85 22.98 24.00 | cpu  4410365342 10412430 654722228 45151447435 10349242 0 8249057 0 0 0
1791129417 2887, 13801, 53, 0x0000000000000000 | 25.85 22.98 24.00 | cpu  4410367077 10412430 654722560 45151473218 10349243 0 8249057 0 0 0
1791129418 2880, 13801, 53, 0x0000000000000000 | 25.85 22.98 24.00 | cpu  4410368785 10412430 654722824 45151498993 10349243 0 8249057 0 0 0
1791129420 2895, 13801, 53, 0x0000000000000000 | 25.85 22.98 24.00 | cpu  4410370246 10412430 654723077 45151525040 10349243 0 8249058 0 0 0
1791129421 2895, 13801, 53, 0x0000000000000000 | 25.85 22.98 24.00 | cpu  4410374506 10412431 654723485 45151548825 10349243 0 8249059 0 0 0
1791129422 2902, 13801, 53, 0x0000000000000000 | 26.83 23.23 24.08 | cpu  4410380371 10412431 654724329 45151570174 10349244 0 8249060 0 0 0
1791129423 2692, 13801, 53, 0x0000000000000000 | 26.83 23.23 24.08 | cpu  4410385025 10412431 654724763 45151593160 10349244 0 8249060 0 0 0
1791129424 2835, 13801, 53, 0x0000000000000000 | 26.83 23.23 24.08 | cpu  4410389852 10412432 654725318 45151615810 10349244 0 8249061 0 0 0
1791129425 2895, 13801, 53, 0x0000000000000000 | 26.83 23.23 24.08 | cpu  4410394500 10412432 654725670 45151639134 10349245 0 8249062 0 0 0
1791129426 2902, 13801, 53, 0x0000000000000000 | 25.08 22.93 23.97 | cpu  4410395944 10412432 654725863 45151665458 10349245 0 8249063 0 0 0
1791129427 2902, 13801, 53, 0x0000000000000000 | 25.08 22.93 23.97 | cpu  4410396314 10412432 654726087 45151693121 10349246 0 8249063 0 0 0
1791129428 2902, 13801, 53, 0x0000000000000000 | 25.08 22.93 23.97 | cpu  4410399073 10412432 654726395 45151717808 10349247 0 8249064 0 0 0
1791129429 2902, 13801, 53, 0x0000000000000000 | 25.08 22.93 23.97 | cpu  4410401971 10412432 654727244 45151741928 10349249 0 8249064 0 0 0
1791129431 2880, 13801, 53, 0x0000000000000000 | 25.08 22.93 23.97 | cpu  4410404409 10412432 654727578 45151767306 10349255 0 8249064 0 0 0
1791129432 2565, 13801, 52, 0x0000000000000000 | 25.15 22.98 23.98 | cpu  4410407012 10412432 654728190 45151792074 10349255 0 8249065 0 0 0
1791129433 2902, 13801, 53, 0x0000000000000000 | 25.15 22.98 23.98 | cpu  4410408115 10412432 654728649 45151818685 10349255 0 8249065 0 0 0
1791129434 2895, 13801, 53, 0x0000000000000000 | 25.15 22.98 23.98 | cpu  4410409778 10412432 654728880 45151844889 10349255 0 8249065 0 0 0
1791129435 2902, 13801, 53, 0x0000000000000000 | 25.15 22.98 23.98 | cpu  4410412241 10412433 654729212 45151869995 10349256 0 8249065 0 0 0
1791129436 2895, 13801, 53, 0x0000000000000000 | 25.15 22.98 23.98 | cpu  4410417095 10412433 654729777 45151892746 10349256 0 8249066 0 0 0
1791129437 2902, 13801, 53, 0x0000000000000000 | 23.62 22.70 23.89 | cpu  4410422201 10412434 654730552 45151914908 10349257 0 8249067 0 0 0
1791129438 2895, 13801, 53, 0x0000000000000000 | 23.62 22.70 23.89 | cpu  4410428249 10412434 654730961 45151936533 10349257 0 8249068 0 0 0
1791129439 2842, 13801, 52, 0x0000000000000000 | 23.62 22.70 23.89 | cpu  4410433192 10412434 654731416 45151959232 10349262 0 8249069 0 0 0
1791129440 2902, 13801, 53, 0x0000000000000000 | 23.62 22.70 23.89 | cpu  4410438026 10412434 654731625 45151982620 10349262 0 8249070 0 0 0
1791129442 2902, 13801, 53, 0x0000000000000000 | 22.13 22.40 23.79 | cpu  4410438591 10412434 654731807 45152009891 10349266 0 8249070 0 0 0
1791129443 2812, 13801, 52, 0x0000000000000000 | 22.13 22.40 23.79 | cpu  4410440046 10412434 654732379 45152035707 10349266 0 8249070 0 0 0
1791129444 2842, 13801, 53, 0x0000000000000000 | 22.13 22.40 23.79 | cpu  4410440398 10412434 654732663 45152063308 10349266 0 8249070 0 0 0
1791129445 2887, 13801, 53, 0x0000000000000000 | 22.13 22.40 23.79 | cpu  4410440766 10412434 654732880 45152090775 10349266 0 8249071 0 0 0
1791129446 2895, 13801, 53, 0x0000000000000000 | 22.13 22.40 23.79 | cpu  4410442840 10412435 654733619 45152115679 10349267 0 8249072 0 0 0
1791129447 2775, 13801, 53, 0x0000000000000000 | 22.68 22.51 23.81 | cpu  4410445429 10412435 654734199 45152140265 10349268 0 8249073 0 0 0
1791129448 2902, 13801, 53, 0x0000000000000000 | 22.68 22.51 23.81 | cpu  4410446963 10412435 654735013 45152165961 10349268 0 8249074 0 0 0
1791129449 2902, 13801, 53, 0x0000000000000000 | 22.68 22.51 23.81 | cpu  4410448853 10412435 654735613 45152191657 10349269 0 8249075 0 0 0
1791129450 2895, 13801, 53, 0x0000000000000000 | 22.68 22.51 23.81 | cpu  4410450949 10412436 654736019 45152216984 10349269 0 8249075 0 0 0
1791129451 2902, 13801, 53, 0x0000000000000000 | 23.83 22.75 23.89 | cpu  4410453098 10412436 654736865 45152242002 10349269 0 8249076 0 0 0
1791129452 2902, 13801, 53, 0x0000000000000000 | 23.83 22.75 23.89 | cpu  4410454594 10412436 654737277 45152267979 10349270 0 8249076 0 0 0
1791129454 2595, 13801, 53, 0x0000000000000000 | 23.83 22.75 23.89 | cpu  4410456770 10412436 654737775 45152293791 10349271 0 8249076 0 0 0
1791129455 2902, 13801, 53, 0x0000000000000000 | 23.83 22.75 23.89 | cpu  4410460109 10412436 654738514 45152317604 10349272 0 8249077 0 0 0
1791129456 2887, 13801, 53, 0x0000000000000000 | 23.83 22.75 23.89 | cpu  4410462288 10412436 654738980 45152342948 10349272 0 8249077 0 0 0
1791129457 2887, 13801, 53, 0x0000000000000000 | 22.24 22.44 23.78 | cpu  4410463760 10412436 654739269 45152369280 10349272 0 8249077 0 0 0
1791129458 2902, 13801, 53, 0x0000000000000000 | 22.24 22.44 23.78 | cpu  4410464159 10412436 654739485 45152396681 10349272 0 8249077 0 0 0
1791129459 2887, 13801, 53, 0x0000000000000000 | 22.24 22.44 23.78 | cpu  4410465049 10412436 654739649 45152423415 10349280 0 8249077 0 0 0
1791129460 2887, 13801, 53, 0x0000000000000000 | 22.24 22.44 23.78 | cpu  4410466242 10412436 654740021 45152449533 10349281 0 8249077 0 0 0
1791129461 2872, 13801, 53, 0x0000000000000000 | 25.42 23.10 23.98 | cpu  4410468473 10412436 654740638 45152474404 10349281 0 8249078 0 0 0
1791129462 2895, 13801, 53, 0x0000000000000000 | 25.42 23.10 23.98 | cpu  4410470606 10412436 654740816 45152499760 10349281 0 8249079 0 0 0
1791129463 2895, 13801, 53, 0x0000000000000000 | 25.42 23.10 23.98 | cpu  4410472115 10412437 654741391 45152525505 10349281 0 8249080 0 0 0
1791129464 2887, 13801, 53, 0x0000000000000000 | 25.42 23.10 23.98 | cpu  4410473344 10412437 654741592 45152552070 10349285 0 8249080 0 0 0
1791129466 2895, 13801, 53, 0x0000000000000000 | 25.42 23.10 23.98 | cpu  4410476182 10412437 654741710 45152577165 10349286 0 8249081 0 0 0
1791129467 2895, 13801, 53, 0x0000000000000000 | 33.80 24.87 24.55 | cpu  4410479700 10412437 654741850 45152601393 10349287 0 8249081 0 0 0
1791129468 2887, 13801, 53, 0x0000000000000000 | 33.80 24.87 24.55 | cpu  4410484300 10412437 654742356 45152624175 10349288 0 8249082 0 0 0
1791129469 2895, 13801, 53, 0x0000000000000000 | 33.80 24.87 24.55 | cpu  4410488345 10412437 654742718 45152647927 10349288 0 8249082 0 0 0
1791129470 2835, 13801, 53, 0x0000000000000000 | 33.80 24.87 24.55 | cpu  4410489805 10412437 654743226 45152673701 10349289 0 8249083 0 0 0
1791129471 2887, 13801, 53, 0x0000000000000000 | 33.80 24.87 24.55 | cpu  4410492102 10412438 654743436 45152699111 10349289 0 8249083 0 0 0
1791129472 2887, 13801, 53, 0x0000000000000000 | 31.41 24.53 24.44 | cpu  4410493527 10412438 654744019 45152724990 10349289 0 8249083 0 0 0
1791129473 2782, 13801, 53, 0x0000000000000000 | 31.41 24.53 24.44 | cpu  4410495351 10412438 654744324 45152750631 10349290 0 8249084 0 0 0
1791129474 2887, 13801, 53, 0x0000000000000000 | 31.41 24.53 24.44 | cpu  4410497131 10412438 654744613 45152776359 10349291 0 8249084 0 0 0
1791129475 2887, 13801, 53, 0x0000000000000000 | 31.41 24.53 24.44 | cpu  4410498973 10412439 654744923 45152801891 10349292 0 8249086 0 0 0
1791129476 2895, 13801, 53, 0x0000000000000000 | 30.58 24.47 24.42 | cpu  4410501688 10412439 654745185 45152826744 10349293 0 8249086 0 0 0
1791129478 2580, 13801, 53, 0x0000000000000000 | 30.58 24.47 24.42 | cpu  4410505261 10412439 654745504 45152851144 10349293 0 8249086 0 0 0
1791129479 2887, 13801, 53, 0x0000000000000000 | 30.58 24.47 24.42 | cpu  4410505711 10412439 654745776 45152878331 10349293 0 8249086 0 0 0
1791129480 2872, 13801, 53, 0x0000000000000000 | 30.58 24.47 24.42 | cpu  4410506481 10412439 654746077 45152905094 10349293 0 8249086 0 0 0
1791129481 2835, 13801, 53, 0x0000000000000000 | 30.58 24.47 24.42 | cpu  4410507926 10412439 654746674 45152931066 10349294 0 8249087 0 0 0
1791129482 2902, 13801, 53, 0x0000000000000000 | 28.45 24.13 24.31 | cpu  4410508384 10412439 654746838 45152958286 10349294 0 8249087 0 0 0
1791129483 2902, 13801, 53, 0x0000000000000000 | 28.45 24.13 24.31 | cpu  4410509339 10412439 654747173 45152984892 10349294 0 8249088 0 0 0
1791129484 2902, 13801, 53, 0x0000000000000000 | 28.45 24.13 24.31 | cpu  4410510893 10412439 654747880 45153010335 10349295 0 8249088 0 0 0
1791129485 2902, 13801, 53, 0x0000000000000000 | 28.45 24.13 24.31 | cpu  4410511976 10412440 654748125 45153036843 10349296 0 8249089 0 0 0
1791129486 2902, 13801, 53, 0x0000000000000000 | 26.89 23.88 24.23 | cpu  4410513473 10412440 654748749 45153062491 10349298 0 8249089 0 0 0
1791129487 2887, 13801, 53, 0x0000000000000000 | 26.89 23.88 24.23 | cpu  4410514905 10412440 654749301 45153088359 10349299 0 8249089 0 0 0
1791129488 2835, 13801, 53, 0x0000000000000000 | 26.89 23.88 24.23 | cpu  4410517030 10412441 654749670 45153113577 10349302 0 8249090 0 0 0
1791129490 2902, 13801, 53, 0x0000000000000000 | 26.89 23.88 24.23 | cpu  4410518027 10412441 654749899 45153140489 10349302 0 8249090 0 0 0
1791129491 2887, 13801, 53, 0x0000000000000000 | 26.89 23.88 24.23 | cpu  4410519514 10412441 654750368 45153166577 10349302 0 8249090 0 0 0
1791129492 2902, 13801, 53, 0x0000000000000000 | 25.62 23.66 24.16 | cpu  4410521717 10412441 654751001 45153191515 10349303 0 8249091 0 0 0
1791129493 2902, 13801, 53, 0x0000000000000000 | 25.62 23.66 24.16 | cpu  4410524073 10412441 654751343 45153216907 10349303 0 8249091 0 0 0
1791129494 2887, 13801, 53, 0x0000000000000000 | 25.62 23.66 24.16 | cpu  4410525741 10412441 654751619 45153243150 10349304 0 8249092 0 0 0
1791129495 2880, 13801, 53, 0x0000000000000000 | 25.62 23.66 24.16 | cpu  4410530542 10412441 654751872 45153266304 10349305 0 8249092 0 0 0
1791129496 2910, 13801, 53, 0x0000000000000000 | 25.49 23.67 24.16 | cpu  4410535637 10412442 654752500 45153288538 10349306 0 8249092 0 0 0
1791129497 2902, 13801, 53, 0x0000000000000000 | 25.49 23.67 24.16 | cpu  4410540454 10412442 654753062 45153311228 10349306 0 8249093 0 0 0
1791129498 2902, 13801, 53, 0x0000000000000000 | 25.49 23.67 24.16 | cpu  4410545616 10412442 654753663 45153333812 10349306 0 8249093 0 0 0
1791129499 2902, 13801, 53, 0x0000000000000000 | 25.49 23.67 24.16 | cpu  4410547999 10412442 654753926 45153359084 10349307 0 8249093 0 0 0
1791129501 2842, 13801, 53, 0x0000000000000000 | 25.49 23.67 24.16 | cpu  4410548452 10412442 654754079 45153386019 10349307 0 8249093 0 0 0
1791129502 2887, 13801, 53, 0x0000000000000000 | 23.77 23.34 24.05 | cpu  4410548779 10412442 654754276 45153413248 10349307 0 8249093 0 0 0
1791129503 2887, 13801, 53, 0x0000000000000000 | 23.77 23.34 24.05 | cpu  4410550162 10412442 654754780 45153439123 10349307 0 8249093 0 0 0
1791129504 2535, 13801, 53, 0x0000000000000000 | 23.77 23.34 24.05 | cpu  4410551058 10412442 654755289 45153465571 10349307 0 8249093 0 0 0
1791129505 2887, 13801, 53, 0x0000000000000000 | 23.77 23.34 24.05 | cpu  4410551440 10412442 654755727 45153492978 10349308 0 8249094 0 0 0
1791129506 2887, 13801, 53, 0x0000000000000000 | 23.77 23.34 24.05 | cpu  4410552804 10412442 654756305 45153518728 10349308 0 8249094 0 0 0
1791129507 2895, 13801, 53, 0x0000000000000000 | 22.42 23.07 23.96 | cpu  4410555085 10412442 654757021 45153543718 10349308 0 8249094 0 0 0
1791129508 2887, 13801, 53, 0x0000000000000000 | 22.42 23.07 23.96 | cpu  4410558078 10412442 654757639 45153567877 10349309 0 8249095 0 0 0
1791129509 2887, 13801, 53, 0x0000000000000000 | 22.42 23.07 23.96 | cpu  4410559901 10412443 654758077 45153593720 10349309 0 8249095 0 0 0
1791129510 2872, 13801, 53, 0x0000000000000000 | 22.42 23.07 23.96 | cpu  4410561117 10412443 654758362 45153619988 10349310 0 8249096 0 0 0
1791129511 2835, 13801, 53, 0x0000000000000000 | 21.03 22.77 23.86 | cpu  4410562680 10412443 654758665 45153645801 10349310 0 8249096 0 0 0
1791129513 2887, 13801, 53, 0x0000000000000000 | 21.03 22.77 23.86 | cpu  4410564487 10412443 654759429 45153671113 10349312 0 8249097 0 0 0
1791129514 2887, 13801, 53, 0x0000000000000000 | 21.03 22.77 23.86 | cpu  4410565447 10412443 654759924 45153697574 10349318 0 8249097 0 0 0
1791129515 2902, 13801, 53, 0x0000000000000000 | 21.03 22.77 23.86 | cpu  4410566074 10412443 654760162 45153724555 10349322 0 8249097 0 0 0
1791129516 2902, 13801, 53, 0x0000000000000000 | 21.03 22.77 23.86 | cpu  4410566977 10412443 654760588 45153750949 10349322 0 8249097 0 0 0
1791129517 2902, 13801, 53, 0x0000000000000000 | 19.83 22.49 23.76 | cpu  4410568555 10412443 654761229 45153777100 10349323 0 8249097 0 0 0
1791129518 2902, 13801, 53, 0x0000000000000000 | 19.83 22.49 23.76 | cpu  4410569824 10412443 654761599 45153803510 10349324 0 8249098 0 0 0
1791129519 2895, 13801, 53, 0x0000000000000000 | 19.83 22.49 23.76 | cpu  4410572584 10412443 654762045 45153828100 10349325 0 8249099 0 0 0
1791129520 2887, 13801, 53, 0x0000000000000000 | 19.83 22.49 23.76 | cpu  4410574376 10412443 654762367 45153853862 10349325 0 8249099 0 0 0
1791129521 2895, 13801, 53, 0x0000000000000000 | 18.56 22.19 23.66 | cpu  4410574848 10412443 654762673 45153881022 10349325 0 8249100 0 0 0
1791129522 2902, 13801, 53, 0x0000000000000000 | 18.56 22.19 23.66 | cpu  4410575321 10412443 654762955 45153908173 10349325 0 8249100 0 0 0
1791129523 2902, 13801, 53, 0x0000000000000000 | 18.56 22.19 23.66 | cpu  4410578154 10412443 654763559 45153932731 10349326 0 8249101 0 0 0
1791129525 2902, 13801, 53, 0x0000000000000000 | 18.56 22.19 23.66 | cpu  4410578695 10412444 654763907 45153959548 10349326 0 8249101 0 0 0
1791129526 2902, 13801, 53, 0x0000000000000000 | 18.56 22.19 23.66 | cpu  4410579924 10412444 654764142 45153985892 10349326 0 8249101 0 0 0
1791129527 2887, 13801, 53, 0x0000000000000000 | 17.39 21.88 23.55 | cpu  4410580726 10412444 654764484 45154012731 10349327 0 8249101 0 0 0
1791129528 2887, 13801, 53, 0x0000000000000000 | 17.39 21.88 23.55 | cpu  4410582150 10412444 654765106 45154038399 10349328 0 8249102 0 0 0
1791129529 2662, 13801, 53, 0x0000000000000000 | 17.39 21.88 23.55 | cpu  4410582921 10412444 654765552 45154064940 10349328 0 8249102 0 0 0
1791129530 2902, 13801, 53, 0x0000000000000000 | 17.39 21.88 23.55 | cpu  4410583158 10412444 654765793 45154092634 10349328 0 8249102 0 0 0
1791129531 2902, 13801, 53, 0x0000000000000000 | 17.39 21.88 23.55 | cpu  4410583619 10412444 654766048 45154120011 10349328 0 8249102 0 0 0
1791129532 2895, 13801, 53, 0x0000000000000000 | 16.32 21.59 23.44 | cpu  4410584432 10412444 654766512 45154146480 10349328 0 8249102 0 0 0
1791129533 2895, 13801, 53, 0x0000000000000000 | 16.32 21.59 23.44 | cpu  4410585578 10412444 654767052 45154172521 10349330 0 8249103 0 0 0
1791129534 2887, 13801, 53, 0x0000000000000000 | 16.32 21.59 23.44 | cpu  4410586302 10412444 654767317 45154199619 10349330 0 8249103 0 0 0
1791129535 2880, 13801, 53, 0x0000000000000000 | 16.32 21.59 23.44 | cpu  4410587679 10412445 654768038 45154225483 10349331 0 8249104 0 0 0
1791129537 2835, 13801, 53, 0x0000000000000000 | 19.10 22.07 23.59 | cpu  4410590422 10412445 654768699 45154249778 10349333 0 8249104 0 0 0
1791129538 2895, 13801, 53, 0x0000000000000000 | 19.10 22.07 23.59 | cpu  4410593354 10412445 654769168 45154274355 10349334 0 8249104 0 0 0
1791129539 2887, 13801, 53, 0x0000000000000000 | 19.10 22.07 23.59 | cpu  4410595069 10412445 654769568 45154300099 10349334 0 8249105 0 0 0
1791129540 2895, 13801, 53, 0x0000000000000000 | 19.10 22.07 23.59 | cpu  4410596244 10412446 654769950 45154326315 10349334 0 8249105 0 0 0
1791129541 2887, 13801, 53, 0x0000000000000000 | 19.10 22.07 23.59 | cpu  4410596635 10412446 654770305 45154353638 10349335 0 8249106 0 0 0
1791129542 2887, 13801, 53, 0x0000000000000000 | 17.97 21.79 23.49 | cpu  4410597710 10412447 654770789 45154379946 10349335 0 8249107 0 0 0
1791129543 2872, 13801, 53, 0x0000000000000000 | 17.97 21.79 23.49 | cpu  4410598992 10412447 654771226 45154406000 10349335 0 8249107 0 0 0
1791129544 2902, 13801, 53, 0x0000000000000000 | 17.97 21.79 23.49 | cpu  4410600138 10412448 654771447 45154432623 10349336 0 8249107 0 0 0
1791129545 2887, 13801, 53, 0x0000000000000000 | 17.97 21.79 23.49 | cpu  4410601603 10412448 654771946 45154458288 10349336 0 8249108 0 0 0
1791129546 2887, 13801, 53, 0x0000000000000000 | 18.13 21.76 23.47 | cpu  4410603801 10412448 654772742 45154483279 10349337 0 8249108 0 0 0
1791129547 2895, 13801, 52, 0x0000000000000000 | 18.13 21.76 23.47 | cpu  4410605611 10412448 654772880 45154509338 10349337 0 8249109 0 0 0
1791129549 2902, 13801, 53, 0x0000000000000000 | 18.13 21.76 23.47 | cpu  4410611405 10412448 654773115 45154531732 10349339 0 8249109 0 0 0
1791129550 2887, 13801, 53, 0x0000000000000000 | 18.13 21.76 23.47 | cpu  4410619588 10412448 654773637 45154551278 10349342 0 8249110 0 0 0
1791129551 2895, 13801, 53, 0x0000000000000000 | 18.13 21.76 23.47 | cpu  4410628442 10412448 654774084 45154569986 10349343 0 8249110 0 0 0
1791129552 2827, 13801, 53, 0x0000000000000000 | 24.05 22.93 23.84 | cpu  4410634143 10412448 654774531 45154591772 10349345 0 8249110 0 0 0
1791129553 2865, 13801, 52, 0x0000000000000000 | 24.05 22.93 23.84 | cpu  4410639197 10412449 654774945 45154614806 10349345 0 8249110 0 0 0
1791129554 2887, 13801, 53, 0x0000000000000000 | 24.05 22.93 23.84 | cpu  4410644594 10412449 654775645 45154637373 10349345 0 8249111 0 0 0
1791129555 2887, 13801, 53, 0x0000000000000000 | 24.05 22.93 23.84 | cpu  4410648978 10412449 654776118 45154660754 10349346 0 8249111 0 0 0
1791129556 2887, 13801, 53, 0x0000000000000000 | 22.52 22.63 23.74 | cpu  4410653062 10412449 654776448 45154684569 10349346 0 8249111 0 0 0
1791129557 2887, 13801, 53, 0x0000000000000000 | 22.52 22.63 23.74 | cpu  4410657208 10412449 654776923 45154707953 10349346 0 8249111 0 0 0
1791129558 2887, 13801, 53, 0x0000000000000000 | 22.52 22.63 23.74 | cpu  4410660735 10412450 654777436 45154731889 10349346 0 8249111 0 0 0
1791129560 2602, 13801, 53, 0x0000000000000000 | 22.52 22.63 23.74 | cpu  4410661196 10412450 654777667 45154758877 10349346 0 8249112 0 0 0
1791129561 2902, 13801, 53, 0x0000000000000000 | 22.52 22.63 23.74 | cpu  4410662217 10412451 654778236 45154785131 10349347 0 8249112 0 0 0
1791129562 2902, 13801, 53, 0x0000000000000000 | 27.60 23.68 24.07 | cpu  4410664698 10412451 654779006 45154809948 10349347 0 8249112 0 0 0
1791129563 2902, 13801, 53, 0x0000000000000000 | 27.60 23.68 24.07 | cpu  4410667458 10412451 654779494 45154834415 10349348 0 8249112 0 0 0
1791129564 2842, 13801, 54, 0x0000000000000000 | 27.60 23.68 24.07 | cpu  4410668321 10412451 654779695 45154861517 10349348 0 8249113 0 0 0
1791129565 2902, 13801, 53, 0x0000000000000000 | 27.60 23.68 24.07 | cpu  4410669066 10412451 654779807 45154888546 10349348 0 8249114 0 0 0
1791129566 2902, 13801, 54, 0x0000000000000000 | 27.60 23.68 24.07 | cpu  4410669540 10412451 654780016 45154915711 10349349 0 8249114 0 0 0
1791129567 2902, 13801, 53, 0x0000000000000000 | 26.19 23.45 24.00 | cpu  4410673070 10412451 654780746 45154939573 10349349 0 8249115 0 0 0
1791129568 2880, 13801, 53, 0x0000000000000000 | 26.19 23.45 24.00 | cpu  4410676182 10412452 654781219 45154963641 10349350 0 8249116 0 0 0
1791129569 2887, 13801, 53, 0x0000000000000000 | 26.19 23.45 24.00 | cpu  4410676650 10412452 654781439 45154990652 10349350 0 8249117 0 0 0
1791129570 2887, 13801, 53, 0x0000000000000000 | 26.19 23.45 24.00 | cpu  4410677555 10412452 654781822 45155017059 10349350 0 8249118 0 0 0
1791129572 2887, 13801, 54, 0x0000000000000000 | 24.58 23.16 23.90 | cpu  4410678566 10412452 654782327 45155043178 10349350 0 8249119 0 0 0
1791129573 2887, 13801, 54, 0x0000000000000000 | 24.58 23.16 23.90 | cpu  4410679187 10412452 654782442 45155070077 10349350 0 8249119 0 0 0
1791129574 2610, 13801, 53, 0x0000000000000000 | 24.58 23.16 23.90 | cpu  4410680815 10412452 654783060 45155095678 10349351 0 8249119 0 0 0
1791129575 2887, 13801, 53, 0x0000000000000000 | 24.58 23.16 23.90 | cpu  4410683345 10412452 654783528 45155120673 10349351 0 8249119 0 0 0
1791129576 2887, 13801, 54, 0x0000000000000000 | 24.58 23.16 23.90 | cpu  4410685188 10412452 654783885 45155146501 10349351 0 8249120 0 0 0
1791129577 2887, 13801, 53, 0x0000000000000000 | 24.29 23.13 23.89 | cpu  4410686144 10412452 654784174 45155173251 10349352 0 8249120 0 0 0
1791129578 2887, 13801, 53, 0x0000000000000000 | 24.29 23.13 23.89 | cpu  4410686830 10412452 654784565 45155200030 10349353 0 8249120 0 0 0
1791129579 2887, 13801, 53, 0x0000000000000000 | 24.29 23.13 23.89 | cpu  4410687043 10412452 654784721 45155227771 10349354 0 8249120 0 0 0
1791129580 2872, 13801, 53, 0x0000000000000000 | 24.29 23.13 23.89 | cpu  4410687484 10412452 654784840 45155255272 10349354 0 8249121 0 0 0
1791129581 2640, 13801, 53, 0x0000000000000000 | 23.23 22.93 23.82 | cpu  4410688315 10412452 654785266 45155281824 10349355 0 8249121 0 0 0
1791129582 2887, 13801, 53, 0x0000000000000000 | 23.23 22.93 23.82 | cpu  4410689016 10412453 654785643 45155308510 10349356 0 8249121 0 0 0
1791129584 2887, 13801, 53, 0x0000000000000000 | 23.23 22.93 23.82 | cpu  4410690123 10412453 654785818 45155335084 10349356 0 8249122 0 0 0
1791129585 2895, 13801, 53, 0x0000000000000000 | 23.23 22.93 23.82 | cpu  4410692527 10412453 654786306 45155359992 10349361 0 8249122 0 0 0
1791129586 2775, 13801, 52, 0x0000000000000000 | 23.23 22.93 23.82 | cpu  4410694075 10412453 654786887 45155385700 10349363 0 8249122 0 0 0
1791129587 2887, 13801, 53, 0x0000000000000000 | 23.05 22.89 23.80 | cpu  4410697018 10412453 654787162 45155410656 10349363 0 8249122 0 0 0
1791129588 2880, 13801, 53, 0x0000000000000000 | 23.05 22.89 23.80 | cpu  4410699415 10412453 654787555 45155435937 10349364 0 8249122 0 0 0
1791129589 2842, 13801, 53, 0x0000000000000000 | 23.05 22.89 23.80 | cpu  4410700983 10412453 654787946 45155462195 10349364 0 8249123 0 0 0
1791129590 2887, 13801, 53, 0x0000000000000000 | 23.05 22.89 23.80 | cpu  4410701372 10412453 654788189 45155489623 10349364 0 8249123 0 0 0
1791129591 2895, 13801, 53, 0x0000000000000000 | 23.68 23.03 23.84 | cpu  4410702648 10412454 654788659 45155516058 10349365 0 8249123 0 0 0
1791129592 2835, 13801, 53, 0x0000000000000000 | 23.68 23.03 23.84 | cpu  4410703347 10412454 654788950 45155542827 10349365 0 8249124 0 0 0
1791129593 2887, 13801, 53, 0x0000000000000000 | 23.68 23.03 23.84 | cpu  4410704948 10412454 654789201 45155568701 10349365 0 8249124 0 0 0
1791129594 2887, 13801, 53, 0x0000000000000000 | 23.68 23.03 23.84 | cpu  4410706166 10412454 654789322 45155595434 10349365 0 8249124 0 0 0
1791129596 2715, 13801, 53, 0x0000000000000000 | 23.68 23.03 23.84 | cpu  4410706581 10412454 654789556 45155623370 10349366 0 8249124 0 0 0
1791129597 2887, 13801, 53, 0x0000000000000000 | 23.47 23.00 23.83 | cpu  4410708335 10412454 654790128 45155649495 10349367 0 8249125 0 0 0
1791129598 2887, 13801, 53, 0x0000000000000000 | 23.47 23.00 23.83 | cpu  4410709900 10412454 654790506 45155675340 10349367 0 8249126 0 0 0
1791129599 2895, 13801, 53, 0x0000000000000000 | 23.47 23.00 23.83 | cpu  4410711220 10412454 654790707 45155701720 10349367 0 8249126 0 0 0
1791129600 2895, 13801, 53, 0x0000000000000000 | 23.47 23.00 23.83 | cpu  4410711609 10412454 654790848 45155729162 10349367 0 8249126 0 0 0
1791129601 2887, 13801, 53, 0x0000000000000000 | 23.47 23.00 23.83 | cpu  4410712820 10412454 654791228 45155755530 10349367 0 8249126 0 0 0
1791129602 2887, 13801, 53, 0x0000000000000000 | 22.79 22.86 23.78 | cpu  4410716231 10412454 654791759 45155779288 10349369 0 8249127 0 0 0
1791129603 2857, 13801, 54, 0x0000000000000000 | 22.79 22.86 23.78 | cpu  4410717677 10412454 654792147 45155805480 10349369 0 8249127 0 0 0
1791129604 2887, 13801, 53, 0x0000000000000000 | 22.79 22.86 23.78 | cpu  4410718532 10412454 654792405 45155832300 10349369 0 8249127 0 0 0
1791129605 2887, 13801, 53, 0x0000000000000000 | 22.79 22.86 23.78 | cpu  4410723999 10412455 654792883 45155854245 10349369 0 8249128 0 0 0
1791129607 2902, 13801, 53, 0x0000000000000000 | 23.61 23.03 23.83 | cpu  4410728486 10412455 654793440 45155877157 10349371 0 8249128 0 0 0
1791129608 2887, 13801, 53, 0x0000000000000000 | 23.61 23.03 23.83 | cpu  4410733639 10412455 654793773 45155899853 10349372 0 8249129 0 0 0
1791129609 2887, 13801, 53, 0x0000000000000000 | 23.61 23.03 23.83 | cpu  4410737365 10412455 654794159 45155923868 10349377 0 8249130 0 0 0
1791129610 2865, 13801, 53, 0x0000000000000000 | 23.61 23.03 23.83 | cpu  4410741800 10412456 654794442 45155947227 10349377 0 8249130 0 0 0
1791129611 2910, 13801, 53, 0x0000000000000000 | 23.61 23.03 23.83 | cpu  4410745952 10412456 654794860 45155970896 10349377 0 8249130 0 0 0
1791129612 2887, 13801, 53, 0x0000000000000000 | 23.08 22.93 23.79 | cpu  4410751076 10412456 654795594 45155992975 10349377 0 8249131 0 0 0
1791129613 2887, 13801, 53, 0x0000000000000000 | 23.08 22.93 23.79 | cpu  4410755998 10412456 654796202 45156015488 10349378 0 8249131 0 0 0
1791129614 2887, 13801, 53, 0x0000000000000000 | 23.08 22.93 23.79 | cpu  4410761113 10412456 654796360 45156038170 10349379 0 8249132 0 0 0
1791129615 2835, 13801, 53, 0x0000000000000000 | 23.08 22.93 23.79 | cpu  4410766154 10412456 654796514 45156061017 10349381 0 8249132 0 0 0
1791129616 2887, 13801, 53, 0x0000000000000000 | 22.75 22.87 23.76 | cpu  4410770410 10412456 654797056 45156084271 10349382 0 8249133 0 0 0
1791129618 2887, 13801, 53, 0x0000000000000000 | 22.75 22.87 23.76 | cpu  4410772146 10412457 654797543 45156109807 10349382 0 8249133 0 0 0
1791129619 2895, 13801, 53, 0x0000000000000000 | 22.75 22.87 23.76 | cpu  4410773905 10412457 654797715 45156135653 10349382 0 8249135 0 0 0
1791129620 2895, 13801, 53, 0x0000000000000000 | 22.75 22.87 23.76 | cpu  4410774316 10412457 654797892 45156163116 10349382 0 8249135 0 0 0
1791129621 2887, 13801, 53, 0x0000000000000000 | 22.75 22.87 23.76 | cpu  4410775660 10412457 654798291 45156189182 10349383 0 8249136 0 0 0
1791129622 2887, 13801, 53, 0x0000000000000000 | 21.41 22.58 23.67 | cpu  4410777219 10412457 654798829 45156215058 10349383 0 8249137 0 0 0
1791129623 2550, 13801, 53, 0x0000000000000000 | 21.41 22.58 23.67 | cpu  4410778434 10412457 654799003 45156241966 10349383 0 8249138 0 0 0
1791129624 2887, 13801, 54, 0x0000000000000000 | 21.41 22.58 23.67 | cpu  4410780064 10412457 654799331 45156267680 10349383 0 8249138 0 0 0
1791129625 2887, 13801, 53, 0x0000000000000000 | 21.41 22.58 23.67 | cpu  4410781348 10412457 654799639 45156293929 10349384 0 8249139 0 0 0
1791129626 2880, 13801, 54, 0x0000000000000000 | 22.34 22.76 23.72 | cpu  4410783424 10412457 654799970 45156319483 10349384 0 8249139 0 0 0
1791129627 2887, 13801, 54, 0x0000000000000000 | 22.34 22.76 23.72 | cpu  4410784571 10412457 654800375 45156345841 10349385 0 8249140 0 0 0
1791129628 2887, 13801, 53, 0x0000000000000000 | 22.34 22.76 23.72 | cpu  4410786606 10412457 654800698 45156371411 10349385 0 8249140 0 0 0
1791129630 2902, 13801, 53, 0x0000000000000000 | 22.34 22.76 23.72 | cpu  4410788152 10412457 654801050 45156397709 10349385 0 8249141 0 0 0
1791129631 2887, 13801, 54, 0x0000000000000000 | 22.34 22.76 23.72 | cpu  4410790549 10412457 654801376 45156422871 10349385 0 8249142 0 0 0
1791129632 2887, 13801, 53, 0x0000000000000000 | 25.60 23.43 23.93 | cpu  4410792901 10412457 654801988 45156447871 10349385 0 8249143 0 0 0
1791129633 2895, 13801, 53, 0x0000000000000000 | 25.60 23.43 23.93 | cpu  4410794109 10412457 654802595 45156475304 10349391 0 8249143 0 0 0
1791129634 2842, 13801, 53, 0x0000000000000000 | 25.60 23.43 23.93 | cpu  4410796085 10412457 654802887 45156501126 10349394 0 8249143 0 0 0
1791129635 2902, 13801, 53, 0x0000000000000000 | 25.60 23.43 23.93 | cpu  4410796705 10412457 654803141 45156528222 10349394 0 8249144 0 0 0
1791129636 2902, 13801, 53, 0x0000000000000000 | 26.19 23.59 23.98 | cpu  4410798248 10412457 654803642 45156554015 10349394 0 8249145 0 0 0
1791129637 2910, 13801, 53, 0x0000000000000000 | 26.19 23.59 23.98 | cpu  4410799223 10412458 654804133 45156580457 10349395 0 8249145 0 0 0
1791129638 2902, 13801, 53, 0x0000000000000000 | 26.19 23.59 23.98 | cpu  4410801697 10412458 654804673 45156605201 10349396 0 8249146 0 0 0
1791129639 2902, 13801, 53, 0x0000000000000000 | 26.19 23.59 23.98 | cpu  4410802399 10412458 654805108 45156631777 10349396 0 8249146 0 0 0
1791129640 2902, 13801, 53, 0x0000000000000000 | 26.19 23.59 23.98 | cpu  4410806000 10412458 654805407 45156655596 10349397 0 8249148 0 0 0
1791129642 2902, 13801, 53, 0x0000000000000000 | 24.49 23.28 23.88 | cpu  4410807190 10412458 654805696 45156682173 10349397 0 8249149 0 0 0
1791129643 2887, 13801, 53, 0x0000000000000000 | 24.49 23.28 23.88 | cpu  4410808309 10412458 654806147 45156708248 10349398 0 8249149 0 0 0
1791129644 2895, 13801, 53, 0x0000000000000000 | 24.49 23.28 23.88 | cpu  4410812697 10412458 654806792 45156731497 10349399 0 8249149 0 0 0
1791129645 2820, 13801, 53, 0x0000000000000000 | 24.49 23.28 23.88 | cpu  4410818074 10412458 654807554 45156753422 10349400 0 8249150 0 0 0
1791129646 2887, 13801, 53, 0x0000000000000000 | 24.49 23.28 23.88 | cpu  4410822100 10412458 654808102 45156776730 10349400 0 8249151 0 0 0
1791129647 2887, 13801, 53, 0x0000000000000000 | 23.01 22.99 23.78 | cpu  4410827319 10412458 654808583 45156798931 10349401 0 8249151 0 0 0
1791129648 2895, 13801, 53, 0x0000000000000000 | 23.01 22.99 23.78 | cpu  4410831759 10412458 654808843 45156822382 10349402 0 8249152 0 0 0
1791129649 2805, 13801, 52, 0x0000000000000000 | 23.01 22.99 23.78 | cpu  4410834620 10412459 654808963 45156847150 10349402 0 8249152 0 0 0
1791129650 2887, 13801, 53, 0x0000000000000000 | 23.01 22.99 23.78 | cpu  4410835451 10412459 654809199 45156873868 10349402 0 8249152 0 0 0
1791129651 2895, 13801, 53, 0x0000000000000000 | 23.25 23.04 23.79 | cpu  4410836645 10412459 654809631 45156900208 10349402 0 8249152 0 0 0
1791129653 2835, 13801, 53, 0x0000000000000000 | 23.25 23.04 23.79 | cpu  4410837614 10412459 654809939 45156926819 10349402 0 8249153 0 0 0
1791129654 2887, 13801, 53, 0x0000000000000000 | 23.25 23.04 23.79 | cpu  4410838479 10412459 654810317 45156953520 10349403 0 8249153 0 0 0
1791129655 2887, 13801, 53, 0x0000000000000000 | 23.25 23.04 23.79 | cpu  4410839626 10412459 654810932 45156979834 10349404 0 8249154 0 0 0
1791129656 2827, 13801, 53, 0x0000000000000000 | 23.25 23.04 23.79 | cpu  4410841193 10412460 654811245 45157005862 10349404 0 8249154 0 0 0
1791129657 2887, 13801, 53, 0x0000000000000000 | 24.35 23.27 23.86 | cpu  4410844360 10412460 654811537 45157030254 10349404 0 8249154 0 0 0
1791129658 2887, 13801, 53, 0x0000000000000000 | 24.35 23.27 23.86 | cpu  4410846204 10412460 654812027 45157055679 10349404 0 8249155 0 0 0
1791129659 2835, 13801, 52, 0x0000000000000000 | 24.35 23.27 23.86 | cpu  4410847097 10412460 654812322 45157082528 10349404 0 8249155 0 0 0
1791129660 2887, 13801, 53, 0x0000000000000000 | 24.35 23.27 23.86 | cpu  4410848091 10412461 654812701 45157109285 10349405 0 8249155 0 0 0
1791129661 2887, 13801, 53, 0x0000000000000000 | 25.12 23.45 23.92 | cpu  4410849132 10412461 654813313 45157135790 10349406 0 8249156 0 0 0
1791129662 2895, 13801, 53, 0x0000000000000000 | 25.12 23.45 23.92 | cpu  4410850251 10412461 654813831 45157162286 10349412 0 8249156 0 0 0
1791129664 2887, 13801, 53, 0x0000000000000000 | 25.12 23.45 23.92 | cpu  4410852058 10412461 654814769 45157189012 10349412 0 8249156 0 0 0
1791129665 2887, 13801, 53, 0x0000000000000000 | 25.12 23.45 23.92 | cpu  4410856806 10412461 654815358 45157211443 10349413 0 8249157 0 0 0
1791129666 2887, 13801, 53, 0x0000000000000000 | 25.12 23.45 23.92 | cpu  4410858872 10412461 654815740 45157236781 10349413 0 8249157 0 0 0
1791129667 2887, 13801, 53, 0x0000000000000000 | 23.67 23.18 23.83 | cpu  4410859843 10412461 654816155 45157263451 10349414 0 8249157 0 0 0
1791129668 2887, 13801, 53, 0x0000000000000000 | 23.67 23.18 23.83 | cpu  4410861296 10412461 654816599 45157289363 10349414 0 8249158 0 0 0
1791129669 2880, 13801, 53, 0x0000000000000000 | 23.67 23.18 23.83 | cpu  4410863954 10412462 654817392 45157314471 10349414 0 8249158 0 0 0
1791129670 2895, 13801, 53, 0x0000000000000000 | 23.67 23.18 23.83 | cpu  4410865042 10412462 654817905 45157340885 10349416 0 8249158 0 0 0
1791129671 2895, 13801, 53, 0x0000000000000000 | 36.83 25.91 24.71 | cpu  4410866921 10412462 654818280 45157366531 10349417 0 8249158 0 0 0
1791129672 2895, 13801, 53, 0x0000000000000000 | 36.83 25.91 24.71 | cpu  4410868326 10412462 654818671 45157392957 10349417 0 8249159 0 0 0
1791129673 2895, 13801, 53, 0x0000000000000000 | 36.83 25.91 24.71 | cpu  4410868916 10412462 654819002 45157419854 10349418 0 8249160 0 0 0
1791129674 2895, 13801, 53, 0x0000000000000000 | 36.83 25.91 24.71 | cpu  4410873749 10412462 654819705 45157442236 10349418 0 8249160 0 0 0
1791129676 2895, 13801, 53, 0x0000000000000000 | 36.83 25.91 24.71 | cpu  4410877549 10412463 654820169 45157466005 10349420 0 8249161 0 0 0
1791129677 2895, 13801, 53, 0x0000000000000000 | 36.85 26.10 24.78 | cpu  4410882471 10412463 654820627 45157488828 10349421 0 8249163 0 0 0
1791129678 2895, 13801, 53, 0x0000000000000000 | 36.85 26.10 24.78 | cpu  4410886562 10412464 654820995 45157512598 10349421 0 8249164 0 0 0
1791129679 2895, 13801, 53, 0x0000000000000000 | 36.85 26.10 24.78 | cpu  4410888882 10412464 654821290 45157537677 10349422 0 8249164 0 0 0
1791129680 2895, 13801, 53, 0x0000000000000000 | 36.85 26.10 24.78 | cpu  4410890238 10412465 654822235 45157563200 10349423 0 8249164 0 0 0
1791129681 2895, 13801, 53, 0x0000000000000000 | 36.85 26.10 24.78 | cpu  4410891820 10412465 654822867 45157588888 10349423 0 8249164 0 0 0
1791129682 2895, 13801, 53, 0x0000000000000000 | 35.66 26.03 24.76 | cpu  4410893882 10412465 654823407 45157614109 10349424 0 8249165 0 0 0
1791129683 2895, 13801, 53, 0x0000000000000000 | 35.66 26.03 24.76 | cpu  4410895324 10412465 654823971 45157640072 10349424 0 8249165 0 0 0
1791129684 2895, 13801, 53, 0x0000000000000000 | 35.66 26.03 24.76 | cpu  4410896535 10412465 654824488 45157666790 10349424 0 8249165 0 0 0
1791129685 2895, 13801, 53, 0x0000000000000000 | 35.66 26.03 24.76 | cpu  4410897978 10412465 654825077 45157692687 10349425 0 8249165 0 0 0
1791129687 2895, 13801, 53, 0x0000000000000000 | 33.20 25.68 24.65 | cpu  4410899672 10412465 654825382 45157718766 10349426 0 8249165 0 0 0
1791129688 2895, 13801, 53, 0x0000000000000000 | 33.20 25.68 24.65 | cpu  4410901011 10412465 654825801 45157744842 10349426 0 8249166 0 0 0
1791129689 2895, 13801, 53, 0x0000000000000000 | 33.20 25.68 24.65 | cpu  4410901841 10412465 654826316 45157771220 10349426 0 8249166 0 0 0
1791129690 2895, 13801, 53, 0x0000000000000000 | 33.20 25.68 24.65 | cpu  4410904170 10412465 654826699 45157796222 10349426 0 8249166 0 0 0
1791129691 2895, 13801, 53, 0x0000000000000000 | 33.20 25.68 24.65 | cpu  4410905384 10412465 654827244 45157822261 10349426 0 8249167 0 0 0
1791129692 2895, 13801, 53, 0x0000000000000000 | 31.18 25.39 24.56 | cpu  4410906485 10412465 654827582 45157849003 10349427 0 8249167 0 0 0
1791129693 2895, 13801, 53, 0x0000000000000000 | 31.18 25.39 24.56 | cpu  4410908457 10412465 654827839 45157874727 10349427 0 8249168 0 0 0
1791129694 2895, 13801, 53, 0x0000000000000000 | 31.18 25.39 24.56 | cpu  4410910714 10412465 654828124 45157900503 10349428 0 8249168 0 0 0
1791129695 2895, 13801, 53, 0x0000000000000000 | 31.18 25.39 24.56 | cpu  4410912652 10412465 654828949 45157925552 10349428 0 8249169 0 0 0
1791129696 2895, 13801, 53, 0x0000000000000000 | 29.17 25.06 24.46 | cpu  4410913840 10412465 654829522 45157951930 10349428 0 8249169 0 0 0
1791129697 2895, 13801, 53, 0x0000000000000000 | 29.17 25.06 24.46 | cpu  4410915323 10412465 654830170 45157977713 10349428 0 8249169 0 0 0
1791129699 2895, 13801, 53, 0x0000000000000000 | 29.17 25.06 24.46 | cpu  4410917527 10412465 654830583 45158002779 10349429 0 8249169 0 0 0
1791129700 2895, 13801, 53, 0x0000000000000000 | 29.17 25.06 24.46 | cpu  4410919972 10412465 654830994 45158028203 10349429 0 8249170 0 0 0
1791129701 2895, 13801, 53, 0x0000000000000000 | 29.17 25.06 24.46 | cpu  4410921947 10412465 654831429 45158053606 10349430 0 8249170 0 0 0
1791129702 2895, 13801, 53, 0x0000000000000000 | 28.51 25.00 24.45 | cpu  4410924226 10412465 654832175 45158078208 10349431 0 8249170 0 0 0
1791129703 2895, 13801, 53, 0x0000000000000000 | 28.51 25.00 24.45 | cpu  4410927279 10412466 654832530 45158102778 10349431 0 8249170 0 0 0
1791129704 2895, 13801, 53, 0x0000000000000000 | 28.51 25.00 24.45 | cpu  4410932191 10412466 654832763 45158125793 10349435 0 8249170 0 0 0
1791129705 2895, 13801, 53, 0x0000000000000000 | 28.51 25.00 24.45 | cpu  4410936405 10412466 654833234 45158149204 10349435 0 8249171 0 0 0
1791129706 2895, 13801, 53, 0x0000000000000000 | 26.71 24.68 24.35 | cpu  4410940807 10412466 654833822 45158172207 10349436 0 8249172 0 0 0
1791129707 2895, 13801, 53, 0x0000000000000000 | 26.71 24.68 24.35 | cpu  4410944163 10412466 654834012 45158196554 10349437 0 8249172 0 0 0
1791129708 2400, 13801, 51, 0x0000000000000000 | 26.71 24.68 24.35 | cpu  4410944776 10412466 654834215 45158223457 10349438 0 8249172 0 0 0
1791129709 2400, 13801, 51, 0x0000000000000000 | 26.71 24.68 24.35 | cpu  4410946055 10412466 654834806 45158249370 10349439 0 8249172 0 0 0
1791129711 2400, 13801, 51, 0x0000000000000000 | 26.71 24.68 24.35 | cpu  4410946470 10412466 654835125 45158276407 10349439 0 8249173 0 0 0
1791129712 2400, 13801, 51, 0x0000000000000000 | 25.61 24.49 24.29 | cpu  4410947358 10412466 654835826 45158302606 10349440 0 8249173 0 0 0
1791129713 2400, 13801, 51, 0x0000000000000000 | 25.61 24.49 24.29 | cpu  4410948098 10412466 654836362 45158328971 10349440 0 8249173 0 0 0
1791129714 2400, 13801, 51, 0x0000000000000000 | 25.61 24.49 24.29 | cpu  4410949439 10412466 654836867 45158354944 10349440 0 8249174 0 0 0
1791129715 2400, 13801, 51, 0x0000000000000000 | 25.61 24.49 24.29 | cpu  4410952895 10412466 654837634 45158378509 10349440 0 8249175 0 0 0
1791129716 2400, 13801, 51, 0x0000000000000000 | 25.61 24.49 24.29 | cpu  4410953625 10412467 654838462 45158404703 10349441 0 8249175 0 0 0
1791129717 2400, 13801, 51, 0x0000000000000000 | 24.20 24.21 24.20 | cpu  4410953819 10412467 654839166 45158431399 10349441 0 8249176 0 0 0
1791129718 2400, 13801, 51, 0x0000000000000000 | 24.20 24.21 24.20 | cpu  4410954680 10412467 654839813 45158457579 10349442 0 8249176 0 0 0
1791129719 2400, 13801, 51, 0x0000000000000000 | 24.20 24.21 24.20 | cpu  4410956082 10412467 654840760 45158482914 10349450 0 8249176 0 0 0
1791129720 2400, 13801, 51, 0x0000000000000000 | 24.20 24.21 24.20 | cpu  4410957036 10412467 654841433 45158509199 10349456 0 8249179 0 0 0
1791129721 2400, 13801, 51, 0x0000000000000000 | 22.98 23.96 24.12 | cpu  4410958722 10412467 654842090 45158534930 10349456 0 8249179 0 0 0
1791129723 2400, 13801, 50, 0x0000000000000000 | 22.98 23.96 24.12 | cpu  4410961126 10412467 654842732 45158559772 10349457 0 8249180 0 0 0
