1791451987 1665, 7001, 38, 0x0000000000000000 | 3.85 8.22 7.90 | cpu  190529288 7196 94702657 6169299531 4289966 0 560420 0 0 0
1791451988 420, 7001, 38, 0x0000000000000000 | 3.85 8.22 7.90 | cpu  190529958 7196 94702876 6169312402 4289972 0 560420 0 0 0
1791451989 240, 7001, 38, 0x0000000000000000 | 3.86 8.15 7.88 | cpu  190530045 7196 94703142 6169325827 4289988 0 560420 0 0 0
1791451990 210, 810, 38, 0x0000000000000000 | 3.86 8.15 7.88 | cpu  190530128 7196 94703298 6169339387 4289988 0 560421 0 0 0
1791451991 195, 810, 38, 0x0000000000000000 | 3.86 8.15 7.88 | cpu  190530271 7196 94703513 6169352843 4290010 0 560421 0 0 0
1791451993 195, 405, 38, 0x0000000000000000 | 3.86 8.15 7.88 | cpu  190530380 7196 94703732 6169366361 4290018 0 560421 0 0 0
1791451994 195, 405, 38, 0x0000000000000000 | 3.79 8.07 7.85 | cpu  190531158 7196 94703932 6169379200 4290040 0 560421 0 0 0
1791451995 195, 405, 38, 0x0000000000000000 | 3.79 8.07 7.85 | cpu  190531278 7196 94704135 6169392677 4290049 0 560421 0 0 0
1791451996 195, 405, 38, 0x0000000000000000 | 3.79 8.07 7.85 | cpu  190531399 7196 94704346 6169406153 4290066 0 560421 0 0 0
1791451997 195, 405, 38, 0x0000000000000000 | 3.79 8.07 7.85 | cpu  190531518 7196 94704551 6169419646 4290074 0 560421 0 0 0
1791451998 2550, 13801, 39, 0x0000000000000000 | 3.79 8.07 7.85 | cpu  190531624 7196 94704768 6169433015 4290085 0 560421 0 0 0
1791451999 2542, 13801, 39, 0x0000000000000000 | 3.73 7.98 7.82 | cpu  190531762 7196 94704952 6169446385 4290090 0 560422 0 0 0
1791452000 2542, 13801, 39, 0x0000000000000000 | 3.73 7.98 7.82 | cpu  190531905 7196 94705134 6169459776 4290094 0 560422 0 0 0
1791452001 2542, 13801, 39, 0x0000000000000000 | 3.73 7.98 7.82 | cpu  190532061 7196 94705310 6169473135 4290125 0 560422 0 0 0
1791452002 2542, 13801, 39, 0x0000000000000000 | 3.73 7.98 7.82 | cpu  190532194 7196 94705510 6169486533 4290129 0 560422 0 0 0
1791452003 2557, 13801, 39, 0x0000000000000000 | 3.73 7.98 7.82 | cpu  190532324 7196 94705710 6169499900 4290142 0 560422 0 0 0
1791452004 2542, 13801, 39, 0x0000000000000000 | 3.67 7.90 7.80 | cpu  190532472 7196 94705893 6169513277 4290142 0 560422 0 0 0
1791452005 2542, 13801, 39, 0x0000000000000000 | 3.67 7.90 7.80 | cpu  190532560 7196 94706128 6169526704 4290148 0 560422 0 0 0
1791452007 2542, 13801, 39, 0x0000000000000000 | 3.67 7.90 7.80 | cpu  190532632 7196 94706390 6169540148 4290179 0 560422 0 0 0
1791452008 2550, 13801, 39, 0x0000000000000000 | 3.67 7.90 7.80 | cpu  190532715 7196 94706630 6169553573 4290192 0 560422 0 0 0
1791452009 2565, 13801, 39, 0x0000000000000000 | 3.61 7.82 7.77 | cpu  190532781 7196 94706877 6169566982 4290207 0 560422 0 0 0
1791452010 2572, 13801, 39, 0x0000000000000000 | 3.61 7.82 7.77 | cpu  190532848 7196 94707122 6169580419 4290222 0 560422 0 0 0
1791452011 2565, 13801, 40, 0x0000000000000000 | 3.61 7.82 7.77 | cpu  190532940 7196 94707406 6169593823 4290242 0 560422 0 0 0
1791452012 2550, 13801, 40, 0x0000000000000000 | 3.61 7.82 7.77 | cpu  190533034 7196 94707716 6169607285 4290268 0 560423 0 0 0
1791452013 2542, 13801, 40, 0x0000000000000000 | 3.61 7.82 7.77 | cpu  190533154 7196 94707962 6169620773 4290288 0 560423 0 0 0
1791452014 2565, 13801, 40, 0x0000000000000000 | 3.56 7.74 7.74 | cpu  190533616 7196 94708198 6169633792 4290320 0 560423 0 0 0
1791452015 2550, 13801, 40, 0x0000000000000000 | 3.56 7.74 7.74 | cpu  190534419 7196 94708464 6169646657 4290347 0 560424 0 0 0
1791452016 2542, 13801, 40, 0x0000000000000000 | 3.56 7.74 7.74 | cpu  190535156 7196 94708766 6169659362 4290371 0 560424 0 0 0
1791452017 2565, 13801, 40, 0x0000000000000000 | 3.56 7.74 7.74 | cpu  190535841 7196 94709017 6169672205 4290396 0 560424 0 0 0
1791452018 2565, 13801, 40, 0x0000000000000000 | 3.56 7.74 7.74 | cpu  190536604 7196 94709284 6169685019 4290415 0 560424 0 0 0
1791452020 2550, 13801, 40, 0x0000000000000000 | 3.68 7.69 7.73 | cpu  190537370 7196 94709562 6169697930 4290434 0 560424 0 0 0
1791452021 2565, 13801, 40, 0x0000000000000000 | 3.68 7.69 7.73 | cpu  190538089 7196 94709758 6169710810 4290453 0 560425 0 0 0
1791452022 2565, 13801, 40, 0x0000000000000000 | 3.68 7.69 7.73 | cpu  190539139 7196 94711355 6169721939 4290475 0 560425 0 0 0
1791452023 2565, 13801, 40, 0x0000000000000000 | 3.68 7.69 7.73 | cpu  190540627 7196 94711716 6169733703 4290517 0 560425 0 0 0
1791452024 2542, 13801, 40, 0x0000000000000000 | 3.71 7.63 7.71 | cpu  190541406 7196 94712027 6169746319 4290542 0 560425 0 0 0
1791452025 2565, 13801, 40, 0x0000000000000000 | 3.71 7.63 7.71 | cpu  190542419 7196 94712227 6169758983 4290596 0 560425 0 0 0
1791452026 2550, 13801, 40, 0x0000000000000000 | 3.71 7.63 7.71 | cpu  190543153 7196 94712580 6169771694 4290642 0 560425 0 0 0
1791452027 2565, 13801, 40, 0x0000000000000000 | 3.71 7.63 7.71 | cpu  190543272 7196 94712779 6169785161 4290671 0 560426 0 0 0
1791452028 2565, 13801, 40, 0x0000000000000000 | 3.71 7.63 7.71 | cpu  190543398 7196 94712958 6169798569 4290698 0 560426 0 0 0
1791452029 2550, 13801, 40, 0x0000000000000000 | 3.65 7.55 7.68 | cpu  190543527 7196 94713131 6169812025 4290729 0 560426 0 0 0
1791452030 2550, 13801, 40, 0x0000000000000000 | 3.65 7.55 7.68 | cpu  190543722 7196 94713847 6169825007 4290755 0 560426 0 0 0
1791452031 2542, 13801, 40, 0x0000000000000000 | 3.65 7.55 7.68 | cpu  190544514 7196 94714528 6169836705 4291381 0 560426 0 0 0
1791452033 2565, 13801, 40, 0x0000000000000000 | 3.65 7.55 7.68 | cpu  190545753 7196 94714841 6169848997 4291395 0 560426 0 0 0
1791452034 2550, 13801, 41, 0x0000000000000000 | 3.68 7.50 7.66 | cpu  190547259 7196 94715316 6169860331 4291877 0 560426 0 0 0
1791452035 2550, 13801, 41, 0x0000000000000000 | 3.68 7.50 7.66 | cpu  190548982 7196 94715853 6169871273 4292558 0 560426 0 0 0
1791452036 2542, 13801, 41, 0x0000000000000000 | 3.68 7.50 7.66 | cpu  190550445 7196 94716420 6169882505 4293228 0 560426 0 0 0
1791452037 2565, 13801, 41, 0x0000000000000000 | 3.68 7.50 7.66 | cpu  190551880 7196 94716994 6169893572 4293912 0 560426 0 0 0
1791452038 2550, 13801, 41, 0x0000000000000000 | 3.68 7.50 7.66 | cpu  190553347 7196 94717539 6169904722 4294514 0 560426 0 0 0
1791452039 2542, 13801, 41, 0x0000000000000000 | 8.83 8.50 7.99 | cpu  190555043 7196 94719114 6169914624 4295134 0 560427 0 0 0
1791452040 2542, 13801, 41, 0x0000000000000000 | 8.83 8.50 7.99 | cpu  190556789 7196 94720155 6169924872 4295722 0 560427 0 0 0
1791452041 2542, 13801, 41, 0x0000000000000000 | 8.83 8.50 7.99 | cpu  190558282 7196 94720602 6169935914 4296461 0 560427 0 0 0
1791452042 2542, 13801, 41, 0x0000000000000000 | 8.83 8.50 7.99 | cpu  190560013 7196 94721098 6169946778 4297107 0 560427 0 0 0
1791452043 2542, 13801, 41, 0x0000000000000000 | 8.83 8.50 7.99 | cpu  190561465 7196 94721488 6169958056 4297704 0 560427 0 0 0
1791452044 2542, 13801, 41, 0x0000000000000000 | 8.44 8.43 7.97 | cpu  190564433 7196 94721995 6169969029 4298325 0 560427 0 0 0
1791452046 2572, 13801, 41, 0x0000000000000000 | 8.44 8.43 7.97 | cpu  190567969 7196 94722585 6169978181 4298896 0 560427 0 0 0
1791452047 2542, 13801, 41, 0x0000000000000000 | 8.44 8.43 7.97 | cpu  190571232 7196 94723140 6169987620 4299496 0 560428 0 0 0
1791452048 2542, 13801, 41, 0x0000000000000000 | 8.44 8.43 7.97 | cpu  190574471 7196 94723688 6169997161 4300118 0 560428 0 0 0
1791452049 2542, 13801, 41, 0x0000000000000000 | 13.13 9.40 8.28 | cpu  190577576 7196 94724218 6170006749 4300687 0 560428 0 0 0
1791452050 2542, 13801, 41, 0x0000000000000000 | 13.13 9.40 8.28 | cpu  190580437 7196 94724720 6170016712 4301190 0 560428 0 0 0
1791452051 2542, 13801, 41, 0x0000000000000000 | 13.13 9.40 8.28 | cpu  190582774 7196 94725578 6170028091 4301582 0 560428 0 0 0
1791452052 2542, 13801, 41, 0x0000000000000000 | 13.13 9.40 8.28 | cpu  190584015 7196 94725840 6170040455 4301584 0 560428 0 0 0
1791452053 2542, 13801, 41, 0x0000000000000000 | 13.13 9.40 8.28 | cpu  190585865 7196 94726171 6170051949 4301664 0 560428 0 0 0
1791452054 2655, 13801, 42, 0x0000000000000000 | 12.40 9.31 8.26 | cpu  190587782 7196 94726583 6170063277 4301757 0 560428 0 0 0
1791452055 2692, 13801, 42, 0x0000000000000000 | 12.40 9.31 8.26 | cpu  190589604 7196 94726994 6170074859 4301776 0 560429 0 0 0
1791452056 2542, 13801, 42, 0x0000000000000000 | 12.40 9.31 8.26 | cpu  190591266 7196 94727440 6170086452 4301816 0 560429 0 0 0
1791452058 2542, 13801, 42, 0x0000000000000000 | 12.40 9.31 8.26 | cpu  190593207 7196 94727784 6170098022 4301819 0 560429 0 0 0
1791452059 2542, 13801, 42, 0x0000000000000000 | 11.73 9.22 8.24 | cpu  190595108 7196 94728093 6170109685 4301819 0 560429 0 0 0
1791452060 2542, 13801, 42, 0x0000000000000000 | 11.73 9.22 8.24 | cpu  190596805 7196 94728415 6170121498 4301823 0 560429 0 0 0
1791452061 2542, 13801, 42, 0x0000000000000000 | 11.73 9.22 8.24 | cpu  190598552 7196 94728752 6170133239 4301845 0 560429 0 0 0
1791452062 2542, 13801, 42, 0x0000000000000000 | 11.73 9.22 8.24 | cpu  190600367 7196 94729132 6170144832 4301845 0 560429 0 0 0
1791452063 2542, 13801, 42, 0x0000000000000000 | 11.73 9.22 8.24 | cpu  190602211 7196 94729511 6170156419 4301845 0 560429 0 0 0
1791452064 2542, 13801, 42, 0x0000000000000000 | 11.11 9.13 8.21 | cpu  190603886 7196 94729892 6170168267 4301848 0 560429 0 0 0
1791452065 2542, 13801, 42, 0x0000000000000000 | 11.11 9.13 8.21 | cpu  190605554 7196 94730280 6170180045 4301856 0 560429 0 0 0
1791452066 2542, 13801, 42, 0x0000000000000000 | 11.11 9.13 8.21 | cpu  190607292 7196 94730654 6170191742 4301870 0 560429 0 0 0
1791452067 2542, 13801, 42, 0x0000000000000000 | 11.11 9.13 8.21 | cpu  190609067 7196 94731051 6170203414 4301870 0 560430 0 0 0
1791452068 2542, 13801, 42, 0x0000000000000000 | 11.11 9.13 8.21 | cpu  190609374 7196 94731477 6170216472 4301870 0 560430 0 0 0
1791452069 2542, 13801, 42, 0x0000000000000000 | 10.70 9.08 8.20 | cpu  190609462 7196 94731939 6170229649 4301873 0 560430 0 0 0
1791452071 2542, 13801, 42, 0x0000000000000000 | 10.70 9.08 8.20 | cpu  190609544 7196 94732401 6170242831 4301873 0 560430 0 0 0
1791452072 2542, 13801, 42, 0x0000000000000000 | 10.70 9.08 8.20 | cpu  190609635 7196 94732889 6170255998 4301894 0 560430 0 0 0
1791452073 2542, 13801, 42, 0x0000000000000000 | 10.70 9.08 8.20 | cpu  190609751 7196 94733367 6170269168 4301904 0 560431 0 0 0
1791452074 2542, 13801, 42, 0x0000000000000000 | 10.24 9.01 8.18 | cpu  190609851 7196 94733814 6170282386 4301904 0 560431 0 0 0
1791452075 2542, 13801, 42, 0x0000000000000000 | 10.24 9.01 8.18 | cpu  190609936 7196 94734271 6170295537 4301904 0 560431 0 0 0
1791452076 2542, 13801, 42, 0x0000000000000000 | 10.24 9.01 8.18 | cpu  190610059 7196 94734700 6170308835 4301918 0 560431 0 0 0
1791452077 2542, 13801, 42, 0x0000000000000000 | 10.24 9.01 8.18 | cpu  190610202 7196 94735104 6170322036 4301925 0 560431 0 0 0
1791452078 2542, 13801, 42, 0x0000000000000000 | 10.24 9.01 8.18 | cpu  190610324 7196 94735537 6170335244 4301925 0 560431 0 0 0
1791452079 2542, 13801, 42, 0x0000000000000000 | 9.82 8.95 8.17 | cpu  190610527 7196 94735930 6170348423 4301932 0 560431 0 0 0
1791452080 2542, 13801, 42, 0x0000000000000000 | 9.82 8.95 8.17 | cpu  190611054 7196 94736556 6170361026 4301932 0 560432 0 0 0
1791452081 2542, 13801, 42, 0x0000000000000000 | 9.82 8.95 8.17 | cpu  190611208 7196 94736950 6170374238 4301947 0 560432 0 0 0
1791452082 2542, 13801, 42, 0x0000000000000000 | 9.82 8.95 8.17 | cpu  190611388 7196 94737327 6170387445 4301950 0 560432 0 0 0
1791452083 2542, 13801, 42, 0x0000000000000000 | 9.82 8.95 8.17 | cpu  190611555 7196 94737706 6170400656 4301957 0 560432 0 0 0
1791452085 2542, 13801, 43, 0x0000000000000000 | 9.44 8.88 8.15 | cpu  190611719 7196 94738090 6170413905 4301957 0 560433 0 0 0
1791452086 2542, 13801, 43, 0x0000000000000000 | 9.44 8.88 8.15 | cpu  190611918 7196 94738448 6170427136 4301957 0 560433 0 0 0
1791452087 2542, 13801, 43, 0x0000000000000000 | 9.44 8.88 8.15 | cpu  190612062 7196 94738850 6170440318 4301975 0 560433 0 0 0
1791452088 2542, 13801, 43, 0x0000000000000000 | 9.44 8.88 8.15 | cpu  190612181 7196 94739294 6170453536 4301975 0 560433 0 0 0
1791452089 2542, 13801, 43, 0x0000000000000000 | 9.08 8.82 8.13 | cpu  190612300 7196 94739728 6170466737 4301982 0 560433 0 0 0
1791452090 2542, 13801, 43, 0x0000000000000000 | 9.08 8.82 8.13 | cpu  190612408 7196 94740168 6170479982 4301982 0 560433 0 0 0
1791452091 2542, 13801, 43, 0x0000000000000000 | 9.08 8.82 8.13 | cpu  190612525 7196 94740600 6170493218 4301997 0 560433 0 0 0
1791452092 2542, 13801, 43, 0x0000000000000000 | 9.08 8.82 8.13 | cpu  190612658 7196 94741016 6170506488 4301997 0 560433 0 0 0
1791452093 2542, 13801, 43, 0x0000000000000000 | 9.08 8.82 8.13 | cpu  190612985 7196 94741442 6170519496 4302005 0 560433 0 0 0
1791452094 2542, 13801, 43, 0x0000000000000000 | 8.75 8.75 8.12 | cpu  190613161 7196 94741821 6170532696 4302007 0 560434 0 0 0
1791452095 2542, 13801, 43, 0x0000000000000000 | 8.75 8.75 8.12 | cpu  190613322 7196 94742207 6170545926 4302007 0 560434 0 0 0
1791452096 2542, 13801, 43, 0x0000000000000000 | 8.75 8.75 8.12 | cpu  190613469 7196 94742609 6170559182 4302021 0 560434 0 0 0
1791452097 2542, 13801, 43, 0x0000000000000000 | 8.75 8.75 8.12 | cpu  190613583 7196 94743048 6170572443 4302029 0 560434 0 0 0
1791452099 2542, 13801, 43, 0x0000000000000000 | 8.61 8.72 8.11 | cpu  190613698 7196 94743484 6170585685 4302029 0 560434 0 0 0
1791452100 2542, 13801, 43, 0x0000000000000000 | 8.61 8.72 8.11 | cpu  190614065 7196 94744886 6170597655 4302029 0 560434 0 0 0
1791452101 2542, 13801, 43, 0x0000000000000000 | 8.61 8.72 8.11 | cpu  190614731 7196 94745751 6170609960 4302032 0 560435 0 0 0
1791452102 2542, 13801, 43, 0x0000000000000000 | 8.61 8.72 8.11 | cpu  190614916 7196 94746091 6170623246 4302057 0 560435 0 0 0
1791452103 2542, 13801, 43, 0x0000000000000000 | 8.61 8.72 8.11 | cpu  190614993 7196 94746391 6170636643 4302075 0 560435 0 0 0
1791452104 2542, 13801, 43, 0x0000000000000000 | 8.16 8.63 8.08 | cpu  190615060 7196 94746655 6170650067 4302075 0 560435 0 0 0
1791452105 2542, 13801, 43, 0x0000000000000000 | 8.16 8.63 8.08 | cpu  190615129 7196 94746927 6170663462 4302075 0 560435 0 0 0
1791452106 2542, 13801, 43, 0x0000000000000000 | 8.16 8.63 8.08 | cpu  190615365 7196 94747302 6170676650 4302075 0 560435 0 0 0
1791452107 2542, 13801, 43, 0x0000000000000000 | 8.16 8.63 8.08 | cpu  190615470 7196 94747636 6170689971 4302083 0 560435 0 0 0
1791452108 2542, 13801, 43, 0x0000000000000000 | 8.16 8.63 8.08 | cpu  190615574 7196 94747973 6170703311 4302083 0 560435 0 0 0
1791452109 2542, 13801, 43, 0x0000000000000000 | 7.83 8.55 8.06 | cpu  190615696 7196 94748292 6170716616 4302090 0 560435 0 0 0
1791452110 2542, 13801, 43, 0x0000000000000000 | 7.83 8.55 8.06 | cpu  190615784 7196 94748653 6170729944 4302097 0 560435 0 0 0
1791452111 2542, 13801, 43, 0x0000000000000000 | 7.83 8.55 8.06 | cpu  190615878 7196 94749007 6170743242 4302097 0 560436 0 0 0
1791452113 2542, 13801, 43, 0x0000000000000000 | 7.83 8.55 8.06 | cpu  190616020 7196 94749350 6170756545 4302097 0 560436 0 0 0
1791452114 2542, 13801, 43, 0x0000000000000000 | 7.52 8.47 8.04 | cpu  190616142 7196 94749668 6170769840 4302097 0 560436 0 0 0
1791452115 2542, 13801, 43, 0x0000000000000000 | 7.52 8.47 8.04 | cpu  190616230 7196 94750017 6170783116 4302112 0 560436 0 0 0
1791452116 2542, 13801, 43, 0x0000000000000000 | 7.52 8.47 8.04 | cpu  190616312 7196 94750373 6170796417 4302112 0 560436 0 0 0
1791452117 2542, 13801, 43, 0x0000000000000000 | 7.52 8.47 8.04 | cpu  190616471 7196 94750718 6170809668 4302112 0 560437 0 0 0
1791452118 2542, 13801, 43, 0x0000000000000000 | 7.52 8.47 8.04 | cpu  190616564 7196 94751067 6170823005 4302112 0 560437 0 0 0
1791452119 2542, 13801, 43, 0x0000000000000000 | 7.24 8.40 8.02 | cpu  190616668 7196 94751416 6170836354 4302112 0 560437 0 0 0
1791452120 2542, 13801, 43, 0x0000000000000000 | 7.24 8.40 8.02 | cpu  190616746 7196 94751777 6170849661 4302120 0 560437 0 0 0
1791452121 2542, 13801, 43, 0x0000000000000000 | 7.24 8.40 8.02 | cpu  190616854 7196 94752108 6170862987 4302131 0 560438 0 0 0
1791452122 2557, 13801, 43, 0x0000000000000000 | 7.24 8.40 8.02 | cpu  190617645 7196 94752443 6170875627 4302141 0 560438 0 0 0
1791452123 2557, 13801, 43, 0x0000000000000000 | 7.24 8.40 8.02 | cpu  190617869 7196 94752762 6170888799 4302144 0 560438 0 0 0
1791452124 2550, 13801, 43, 0x0000000000000000 | 7.06 8.34 8.00 | cpu  190618047 7196 94753100 6170902032 4302150 0 560438 0 0 0
1791452125 2917, 13801, 45, 0x0000000000000000 | 7.06 8.34 8.00 | cpu  190618174 7196 94753412 6170915378 4302150 0 560438 0 0 0
1791452127 2925, 13801, 44, 0x0000000000000000 | 7.06 8.34 8.00 | cpu  190618302 7196 94753722 6170928735 4302168 0 560438 0 0 0
1791452128 2917, 13801, 46, 0x0000000000000000 | 7.06 8.34 8.00 | cpu  190618434 7196 94754028 6170942084 4302169 0 560438 0 0 0
1791452129 2917, 13801, 46, 0x0000000000000000 | 6.82 8.27 7.98 | cpu  190618571 7196 94754342 6170955427 4302169 0 560439 0 0 0
1791452130 2917, 13801, 46, 0x0000000000000000 | 6.82 8.27 7.98 | cpu  190618711 7196 94754641 6170968778 4302169 0 560439 0 0 0
1791452131 2925, 13801, 44, 0x0000000000000000 | 6.82 8.27 7.98 | cpu  190618852 7196 94754939 6170982055 4302179 0 560439 0 0 0
1791452132 2827, 13801, 43, 0x0000000000000000 | 6.82 8.27 7.98 | cpu  190619002 7196 94755283 6170995497 4302190 0 560439 0 0 0
1791452133 2925, 13801, 44, 0x0000000000000000 | 6.82 8.27 7.98 | cpu  190619138 7196 94755619 6171008753 4302202 0 560439 0 0 0
1791452134 2925, 13801, 43, 0x0000000000000000 | 6.59 8.20 7.96 | cpu  190619263 7196 94755940 6171022081 4302205 0 560439 0 0 0
1791452135 2640, 13801, 43, 0x0000000000000000 | 6.59 8.20 7.96 | cpu  190619480 7196 94756286 6171035376 4302211 0 560439 0 0 0
1791452136 2917, 13801, 44, 0x0000000000000000 | 6.59 8.20 7.96 | cpu  190619620 7196 94756598 6171048743 4302226 0 560439 0 0 0
1791452137 2917, 13801, 44, 0x0000000000000000 | 6.59 8.20 7.96 | cpu  190619768 7196 94756900 6171062075 4302226 0 560440 0 0 0
1791452138 2917, 13801, 44, 0x0000000000000000 | 6.59 8.20 7.96 | cpu  190619901 7196 94757219 6171075415 4302236 0 560440 0 0 0
1791452139 2917, 13801, 44, 0x0000000000000000 | 6.46 8.15 7.94 | cpu  190620045 7196 94757536 6171088766 4302236 0 560440 0 0 0
1791452141 2917, 13801, 44, 0x0000000000000000 | 6.46 8.15 7.94 | cpu  190620195 7196 94757836 6171102067 4302236 0 560440 0 0 0
1791452142 2932, 13801, 44, 0x0000000000000000 | 6.46 8.15 7.94 | cpu  190620340 7196 94758152 6171115366 4302251 0 560440 0 0 0
1791452143 2925, 13801, 44, 0x0000000000000000 | 6.46 8.15 7.94 | cpu  190620487 7196 94758566 6171128658 4302251 0 560440 0 0 0
1791452144 2925, 13801, 44, 0x0000000000000000 | 6.27 8.08 7.92 | cpu  190620636 7196 94758881 6171141963 4302258 0 560440 0 0 0
1791452145 2917, 13801, 44, 0x0000000000000000 | 6.27 8.08 7.92 | cpu  190620781 7196 94759190 6171155344 4302258 0 560441 0 0 0
1791452146 2917, 13801, 44, 0x0000000000000000 | 6.27 8.08 7.92 | cpu  190620925 7196 94759503 6171168701 4302283 0 560441 0 0 0
1791452147 2925, 13801, 44, 0x0000000000000000 | 6.27 8.08 7.92 | cpu  190621063 7196 94759816 6171182020 4302283 0 560441 0 0 0
1791452148 2932, 13801, 43, 0x0000000000000000 | 6.27 8.08 7.92 | cpu  190621202 7196 94760124 6171195316 4302283 0 560441 0 0 0
1791452149 2932, 13801, 42, 0x0000000000000000 | 6.08 8.01 7.90 | cpu  190621340 7196 94760442 6171208662 4302290 0 560441 0 0 0
1791452150 2925, 13801, 43, 0x0000000000000000 | 6.08 8.01 7.90 | cpu  190621479 7196 94760759 6171222106 4302290 0 560441 0 0 0
1791452151 2932, 13801, 43, 0x0000000000000000 | 6.08 8.01 7.90 | cpu  190621654 7196 94761049 6171235416 4302318 0 560441 0 0 0
1791452152 2932, 13801, 42, 0x0000000000000000 | 6.08 8.01 7.90 | cpu  190621842 7196 94761313 6171248772 4302318 0 560441 0 0 0
1791452153 2932, 13801, 42, 0x0000000000000000 | 6.08 8.01 7.90 | cpu  190622042 7196 94761571 6171262121 4302318 0 560441 0 0 0
1791452155 2925, 13801, 43, 0x0000000000000000 | 5.92 7.94 7.88 | cpu  190622242 7196 94761828 6171275443 4302318 0 560441 0 0 0
1791452156 2925, 13801, 42, 0x0000000000000000 | 5.92 7.94 7.88 | cpu  190622411 7196 94762114 6171288837 4302325 0 560441 0 0 0
1791452157 2932, 13801, 42, 0x0000000000000000 | 5.92 7.94 7.88 | cpu  190622554 7196 94762429 6171302154 4302347 0 560441 0 0 0
1791452158 2932, 13801, 42, 0x0000000000000000 | 5.92 7.94 7.88 | cpu  190622707 7196 94762727 6171315563 4302356 0 560441 0 0 0
1791452159 2925, 13801, 41, 0x0000000000000000 | 5.76 7.88 7.85 | cpu  190623023 7196 94763473 6171328280 4302356 0 560441 0 0 0
1791452160 2925, 13801, 41, 0x0000000000000000 | 5.76 7.88 7.85 | cpu  190623886 7196 94764748 6171339953 4302356 0 560441 0 0 0
1791452161 2925, 13801, 41, 0x0000000000000000 | 5.76 7.88 7.85 | cpu  190624446 7196 94765013 6171352881 4302363 0 560442 0 0 0
1791452162 2925, 13801, 41, 0x0000000000000000 | 5.76 7.88 7.85 | cpu  190624690 7196 94765291 6171366106 4302379 0 560442 0 0 0
1791452163 2925, 13801, 41, 0x0000000000000000 | 5.76 7.88 7.85 | cpu  190624866 7196 94765631 6171379338 4302382 0 560442 0 0 0
1791452164 2925, 13801, 40, 0x0000000000000000 | 5.62 7.81 7.83 | cpu  190625007 7196 94765964 6171392663 4302382 0 560442 0 0 0
1791452165 2925, 13801, 41, 0x0000000000000000 | 5.62 7.81 7.83 | cpu  190625143 7196 94766298 6171405939 4302389 0 560443 0 0 0
1791452166 2925, 13801, 40, 0x0000000000000000 | 5.62 7.81 7.83 | cpu  190625269 7196 94766625 6171419234 4302396 0 560443 0 0 0
1791452168 2932, 13801, 40, 0x0000000000000000 | 5.62 7.81 7.83 | cpu  190625412 7196 94766963 6171432558 4302406 0 560443 0 0 0
1791452169 2932, 13801, 40, 0x0000000000000000 | 5.65 7.78 7.82 | cpu  190625769 7196 94767428 6171445492 4302406 0 560443 0 0 0
1791452170 2925, 13801, 39, 0x0000000000000000 | 5.65 7.78 7.82 | cpu  190625928 7196 94767902 6171458615 4302406 0 560443 0 0 0
1791452176 2542, 13801, 38, 0x0000000000000000 | 5.84 7.79 7.82 | cpu  190626298 7196 94769184 6171537165 4302425 0 560443 0 0 0
1791452177 2925, 13801, 39, 0x0000000000000000 | 5.84 7.79 7.82 | cpu  190626517 7196 94769336 6171550563 4302441 0 560444 0 0 0
1791452178 2925, 13801, 39, 0x0000000000000000 | 5.84 7.79 7.82 | cpu  190626713 7196 94769523 6171563957 4302456 0 560445 0 0 0
1791452179 2925, 13801, 39, 0x0000000000000000 | 5.61 7.71 7.80 | cpu  190626861 7196 94769730 6171577378 4302456 0 560445 0 0 0
1791452180 2925, 13801, 39, 0x0000000000000000 | 5.61 7.71 7.80 | cpu  190627014 7196 94769924 6171590892 4302456 0 560445 0 0 0
1791452181 2925, 13801, 39, 0x0000000000000000 | 5.61 7.71 7.80 | cpu  190627513 7196 94771037 6171603013 4302456 0 560445 0 0 0
1791452182 2925, 13801, 39, 0x0000000000000000 | 5.61 7.71 7.80 | cpu  190628891 7196 94771812 6171614697 4302460 0 560445 0 0 0
1791452183 2925, 13801, 39, 0x0000000000000000 | 5.61 7.71 7.80 | cpu  190629114 7196 94771937 6171628117 4302468 0 560445 0 0 0
1791452185 2932, 13801, 39, 0x0000000000000000 | 5.56 7.66 7.78 | cpu  190629395 7196 94772136 6171641397 4302471 0 560445 0 0 0
1791452186 2925, 13801, 39, 0x0000000000000000 | 5.56 7.66 7.78 | cpu  190629623 7196 94772259 6171654770 4302471 0 560445 0 0 0
1791452187 2925, 13801, 39, 0x0000000000000000 | 5.56 7.66 7.78 | cpu  190629759 7196 94772371 6171668281 4302471 0 560445 0 0 0
1791452188 2925, 13801, 39, 0x0000000000000000 | 5.56 7.66 7.78 | cpu  190629887 7196 94772483 6171681816 4302478 0 560445 0 0 0
1791452189 2925, 13801, 40, 0x0000000000000000 | 5.28 7.57 7.75 | cpu  190630019 7196 94772593 6171695327 4302481 0 560445 0 0 0
1791452190 2925, 13801, 39, 0x0000000000000000 | 5.28 7.57 7.75 | cpu  190630143 7196 94772706 6171708844 4302489 0 560445 0 0 0
1791452191 2925, 13801, 39, 0x0000000000000000 | 5.28 7.57 7.75 | cpu  190630471 7196 94772918 6171722176 4302489 0 560446 0 0 0
1791452192 2925, 13801, 39, 0x0000000000000000 | 5.28 7.57 7.75 | cpu  190630650 7196 94773144 6171735549 4302502 0 560446 0 0 0
1791452193 2925, 13801, 39, 0x0000000000000000 | 5.28 7.57 7.75 | cpu  190630806 7196 94773335 6171748974 4302502 0 560446 0 0 0
1791452194 2925, 13801, 39, 0x0000000000000000 | 5.10 7.49 7.73 | cpu  190630984 7196 94773500 6171762380 4302502 0 560446 0 0 0
1791452195 2925, 13801, 39, 0x0000000000000000 | 5.10 7.49 7.73 | cpu  190631127 7196 94773701 6171775849 4302502 0 560446 0 0 0
1791452196 2932, 13801, 39, 0x0000000000000000 | 5.10 7.49 7.73 | cpu  190631278 7196 94773892 6171789252 4302516 0 560446 0 0 0
1791452197 2932, 13801, 38, 0x0000000000000000 | 5.10 7.49 7.73 | cpu  190631488 7196 94774081 6171802642 4302527 0 560446 0 0 0
1791452199 2932, 13801, 38, 0x0000000000000000 | 5.17 7.47 7.72 | cpu  190631658 7196 94774257 6171816060 4302527 0 560446 0 0 0
1791452200 2925, 13801, 38, 0x0000000000000000 | 5.17 7.47 7.72 | cpu  190631814 7196 94774467 6171829499 4302527 0 560446 0 0 0
1791452201 2925, 13801, 38, 0x0000000000000000 | 5.17 7.47 7.72 | cpu  190631981 7196 94774665 6171842905 4302527 0 560446 0 0 0
1791452202 2925, 13801, 38, 0x0000000000000000 | 5.17 7.47 7.72 | cpu  190632199 7196 94774865 6171856223 4302541 0 560446 0 0 0
1791452203 2925, 13801, 38, 0x0000000000000000 | 5.17 7.47 7.72 | cpu  190632336 7196 94775074 6171869598 4302541 0 560446 0 0 0
1791452204 2925, 13801, 39, 0x0000000000000000 | 5.07 7.41 7.70 | cpu  190632483 7196 94775282 6171882953 4302548 0 560446 0 0 0
1791452205 2925, 13801, 39, 0x0000000000000000 | 5.07 7.41 7.70 | cpu  190632633 7196 94775544 6171896303 4302551 0 560446 0 0 0
1791452206 2925, 13801, 38, 0x0000000000000000 | 5.07 7.41 7.70 | cpu  190632776 7196 94775801 6171909664 4302565 0 560446 0 0 0
1791452207 2925, 13801, 38, 0x0000000000000000 | 5.07 7.41 7.70 | cpu  190632922 7196 94776011 6171923095 4302565 0 560446 0 0 0
1791452208 2850, 13801, 38, 0x0000000000000000 | 5.07 7.41 7.70 | cpu  190633061 7196 94776215 6171936536 4302565 0 560446 0 0 0
1791452209 2887, 13801, 39, 0x0000000000000000 | 4.91 7.33 7.67 | cpu  190633201 7196 94776421 6171949978 4302572 0 560446 0 0 0
1791452210 2925, 13801, 38, 0x0000000000000000 | 4.91 7.33 7.67 | cpu  190633345 7196 94776631 6171963378 4302572 0 560446 0 0 0
1791452211 2925, 13801, 38, 0x0000000000000000 | 4.91 7.33 7.67 | cpu  190633492 7196 94776835 6171976764 4302587 0 560447 0 0 0
1791452213 2925, 13801, 38, 0x0000000000000000 | 4.91 7.33 7.67 | cpu  190633626 7196 94777040 6171990126 4302587 0 560447 0 0 0
1791452214 2542, 13801, 37, 0x0000000000000000 | 4.75 7.26 7.65 | cpu  190633727 7196 94777271 6172003509 4302587 0 560447 0 0 0
1791452215 2542, 13801, 36, 0x0000000000000000 | 4.75 7.26 7.65 | cpu  190633826 7196 94777505 6172016909 4302587 0 560447 0 0 0
1791452216 2542, 13801, 36, 0x0000000000000000 | 4.75 7.26 7.65 | cpu  190633935 7196 94777728 6172030300 4302594 0 560447 0 0 0
1791452217 2542, 13801, 36, 0x0000000000000000 | 4.75 7.26 7.65 | cpu  190634045 7196 94777956 6172043642 4302616 0 560447 0 0 0
1791452218 2542, 13801, 36, 0x0000000000000000 | 4.75 7.26 7.65 | cpu  190634145 7196 94778186 6172057037 4302616 0 560447 0 0 0
1791452219 2542, 13801, 36, 0x0000000000000000 | 4.61 7.19 7.62 | cpu  190634235 7196 94778425 6172070413 4302616 0 560447 0 0 0
1791452220 2542, 13801, 36, 0x0000000000000000 | 4.61 7.19 7.62 | cpu  190634336 7196 94778654 6172083794 4302616 0 560447 0 0 0
1791452221 2542, 13801, 36, 0x0000000000000000 | 4.61 7.19 7.62 | cpu  190634428 7196 94778894 6172097169 4302616 0 560447 0 0 0
1791452222 2542, 13801, 36, 0x0000000000000000 | 4.61 7.19 7.62 | cpu  190634573 7196 94779153 6172110441 4302634 0 560447 0 0 0
1791452223 2542, 13801, 36, 0x0000000000000000 | 4.61 7.19 7.62 | cpu  190634681 7196 94779383 6172123825 4302634 0 560447 0 0 0
1791452224 2542, 13801, 36, 0x0000000000000000 | 4.48 7.12 7.60 | cpu  190634784 7196 94779610 6172137198 4302634 0 560447 0 0 0
1791452225 2542, 13801, 36, 0x0000000000000000 | 4.48 7.12 7.60 | cpu  190634881 7196 94779844 6172150588 4302641 0 560447 0 0 0
1791452226 2542, 13801, 36, 0x0000000000000000 | 4.48 7.12 7.60 | cpu  190635007 7196 94780050 6172163984 4302641 0 560447 0 0 0
1791452228 2542, 13801, 36, 0x0000000000000000 | 4.48 7.12 7.60 | cpu  190635109 7196 94780282 6172177334 4302649 0 560447 0 0 0
1791452229 2542, 13801, 36, 0x0000000000000000 | 4.37 7.05 7.57 | cpu  190635209 7196 94780515 6172190714 4302649 0 560447 0 0 0
1791452230 345, 810, 35, 0x0000000000000000 | 4.37 7.05 7.57 | cpu  190635312 7196 94780746 6172204216 4302649 0 560447 0 0 0
1791452231 195, 405, 35, 0x0000000000000000 | 4.37 7.05 7.57 | cpu  190635431 7196 94780974 6172217695 4302656 0 560447 0 0 0
1791452232 195, 405, 35, 0x0000000000000000 | 4.37 7.05 7.57 | cpu  190635546 7196 94781199 6172231208 4302656 0 560447 0 0 0
1791452233 195, 405, 35, 0x0000000000000000 | 4.37 7.05 7.57 | cpu  190635662 7196 94781495 6172244629 4302674 0 560447 0 0 0
1791452234 195, 405, 35, 0x0000000000000000 | 4.26 6.99 7.55 | cpu  190635782 7196 94781718 6172258095 4302682 0 560447 0 0 0
1791452235 195, 405, 35, 0x0000000000000000 | 4.26 6.99 7.55 | cpu  190635902 7196 94781940 6172271579 4302689 0 560448 0 0 0
1791452236 195, 405, 35, 0x0000000000000000 | 4.26 6.99 7.55 | cpu  190636011 7196 94782166 6172285074 4302697 0 560448 0 0 0
1791452237 2542, 13801, 36, 0x0000000000000000 | 4.26 6.99 7.55 | cpu  190636139 7196 94782369 6172298417 4302697 0 560448 0 0 0
1791452238 2542, 13801, 36, 0x0000000000000000 | 4.26 6.99 7.55 | cpu  190636282 7196 94782555 6172311782 4302697 0 560448 0 0 0
1791452239 2542, 13801, 36, 0x0000000000000000 | 4.16 6.92 7.52 | cpu  190636432 7196 94782737 6172325182 4302697 0 560448 0 0 0
1791452240 2542, 13801, 36, 0x0000000000000000 | 4.16 6.92 7.52 | cpu  190636573 7196 94782925 6172338541 4302697 0 560448 0 0 0
1791452242 2542, 13801, 36, 0x0000000000000000 | 4.16 6.92 7.52 | cpu  190636711 7196 94783117 6172351894 4302704 0 560448 0 0 0
1791452243 2542, 13801, 36, 0x0000000000000000 | 4.16 6.92 7.52 | cpu  190636853 7196 94783310 6172365265 4302704 0 560448 0 0 0
1791452244 2542, 13801, 36, 0x0000000000000000 | 4.06 6.85 7.50 | cpu  190636990 7196 94783504 6172378631 4302704 0 560448 0 0 0
1791452245 2542, 13801, 36, 0x0000000000000000 | 4.06 6.85 7.50 | cpu  190637138 7196 94783692 6172391972 4302705 0 560448 0 0 0
1791452246 2542, 13801, 36, 0x0000000000000000 | 4.06 6.85 7.50 | cpu  190637316 7196 94783853 6172405348 4302705 0 560448 0 0 0
1791452247 2542, 13801, 36, 0x0000000000000000 | 4.06 6.85 7.50 | cpu  190637503 7196 94784000 6172418707 4302731 0 560448 0 0 0
1791452248 2542, 13801, 36, 0x0000000000000000 | 4.06 6.85 7.50 | cpu  190637707 7196 94784132 6172432087 4302731 0 560448 0 0 0
1791452249 2542, 13801, 36, 0x0000000000000000 | 3.98 6.79 7.47 | cpu  190637885 7196 94784285 6172445505 4302731 0 560448 0 0 0
1791452250 2542, 13801, 36, 0x0000000000000000 | 3.98 6.79 7.47 | cpu  190638025 7196 94784475 6172458885 4302731 0 560448 0 0 0
1791452251 2542, 13801, 37, 0x0000000000000000 | 3.98 6.79 7.47 | cpu  190638172 7196 94784660 6172472247 4302746 0 560448 0 0 0
1791452252 2542, 13801, 37, 0x0000000000000000 | 3.98 6.79 7.47 | cpu  190638582 7196 94784918 6172485301 4302768 0 560448 0 0 0
1791452253 2542, 13801, 37, 0x0000000000000000 | 3.98 6.79 7.47 | cpu  190638766 7196 94785012 6172498746 4302768 0 560448 0 0 0
1791452254 457, 810, 36, 0x0000000000000000 | 3.82 6.71 7.44 | cpu  190638850 7196 94785153 6172512321 4302768 0 560448 0 0 0
1791452256 345, 810, 36, 0x0000000000000000 | 3.82 6.71 7.44 | cpu  190639027 7196 94785280 6172526133 4302768 0 560448 0 0 0
1791452257 195, 405, 36, 0x0000000000000000 | 3.82 6.71 7.44 | cpu  190639276 7196 94785433 6172539564 4302782 0 560448 0 0 0
1791452258 195, 405, 35, 0x0000000000000000 | 3.82 6.71 7.44 | cpu  190639431 7196 94785615 6172553063 4302789 0 560448 0 0 0
1791452259 195, 405, 35, 0x0000000000000000 | 3.75 6.65 7.42 | cpu  190639542 7196 94785842 6172566611 4302789 0 560448 0 0 0
1791452260 195, 405, 35, 0x0000000000000000 | 3.75 6.65 7.42 | cpu  190639668 7196 94786050 6172580101 4302789 0 560448 0 0 0
1791452261 195, 405, 35, 0x0000000000000000 | 3.75 6.65 7.42 | cpu  190639828 7196 94786235 6172593597 4302789 0 560448 0 0 0
1791452262 195, 405, 35, 0x0000000000000000 | 3.75 6.65 7.42 | cpu  190640038 7196 94786410 6172607000 4302804 0 560448 0 0 0
1791452263 195, 405, 35, 0x0000000000000000 | 3.75 6.65 7.42 | cpu  190640220 7196 94786569 6172620537 4302811 0 560448 0 0 0
1791452264 195, 405, 35, 0x0000000000000000 | 3.69 6.59 7.39 | cpu  190640423 7196 94786702 6172634085 4302811 0 560448 0 0 0
1791452265 195, 405, 35, 0x0000000000000000 | 3.69 6.59 7.39 | cpu  190640621 7196 94786838 6172647620 4302811 0 560448 0 0 0
1791452266 195, 405, 35, 0x0000000000000000 | 3.69 6.59 7.39 | cpu  190640830 7196 94786984 6172661101 4302833 0 560448 0 0 0
1791452267 195, 405, 35, 0x0000000000000000 | 3.69 6.59 7.39 | cpu  190640996 7196 94787199 6172674536 4302840 0 560448 0 0 0
1791452269 195, 405, 35, 0x0000000000000000 | 3.69 6.59 7.39 | cpu  190641161 7196 94787458 6172687948 4302840 0 560449 0 0 0
1791452270 195, 405, 35, 0x0000000000000000 | 3.64 6.53 7.37 | cpu  190641355 7196 94787597 6172701434 4302840 0 560449 0 0 0
1791452271 195, 405, 36, 0x0000000000000000 | 3.64 6.53 7.37 | cpu  190641978 7196 94789223 6172713053 4302843 0 560449 0 0 0
1791452272 195, 405, 36, 0x0000000000000000 | 3.64 6.53 7.37 | cpu  190642607 7196 94789375 6172726082 4302858 0 560449 0 0 0
1791452273 195, 405, 36, 0x0000000000000000 | 3.64 6.53 7.37 | cpu  190642833 7196 94789473 6172739572 4302865 0 560449 0 0 0
1791452274 195, 405, 36, 0x0000000000000000 | 3.50 6.45 7.34 | cpu  190642969 7196 94789568 6172753168 4302865 0 560449 0 0 0
1791452275 195, 405, 36, 0x0000000000000000 | 3.50 6.45 7.34 | cpu  190643088 7196 94789675 6172766772 4302865 0 560449 0 0 0
1791452276 195, 405, 36, 0x0000000000000000 | 3.50 6.45 7.34 | cpu  190643206 7196 94789782 6172780343 4302880 0 560449 0 0 0
1791452277 195, 405, 36, 0x0000000000000000 | 3.50 6.45 7.34 | cpu  190643326 7196 94789893 6172793915 4302888 0 560449 0 0 0
1791452278 195, 405, 36, 0x0000000000000000 | 3.50 6.45 7.34 | cpu  190643449 7196 94789995 6172807480 4302888 0 560449 0 0 0
1791452279 195, 405, 36, 0x0000000000000000 | 3.38 6.38 7.31 | cpu  190643579 7196 94790104 6172821092 4302888 0 560449 0 0 0
1791452280 195, 405, 36, 0x0000000000000000 | 3.38 6.38 7.31 | cpu  190643703 7196 94790205 6172834677 4302888 0 560449 0 0 0
1791452281 195, 405, 36, 0x0000000000000000 | 3.38 6.38 7.31 | cpu  190643827 7196 94790322 6172848234 4302888 0 560449 0 0 0
1791452283 195, 405, 36, 0x0000000000000000 | 3.38 6.38 7.31 | cpu  190643978 7196 94790447 6172861779 4302905 0 560449 0 0 0
1791452284 195, 405, 36, 0x0000000000000000 | 3.27 6.31 7.28 | cpu  190644101 7196 94790551 6172875415 4302905 0 560449 0 0 0
1791452285 195, 405, 36, 0x0000000000000000 | 3.27 6.31 7.28 | cpu  190644221 7196 94790658 6172889061 4302905 0 560449 0 0 0
1791452286 195, 405, 36, 0x0000000000000000 | 3.27 6.31 7.28 | cpu  190644362 7196 94790756 6172902717 4302905 0 560450 0 0 0
1791452287 195, 405, 36, 0x0000000000000000 | 3.27 6.31 7.28 | cpu  190644499 7196 94790850 6172916356 4302905 0 560450 0 0 0
1791452288 195, 405, 36, 0x0000000000000000 | 3.27 6.31 7.28 | cpu  190644628 7196 94790947 6172929952 4302920 0 560450 0 0 0
1791452289 195, 405, 36, 0x0000000000000000 | 3.17 6.23 7.25 | cpu  190644780 7196 94791053 6172943541 4302920 0 560450 0 0 0
1791452290 195, 405, 36, 0x0000000000000000 | 3.17 6.23 7.25 | cpu  190645119 7196 94791262 6172956864 4302920 0 560450 0 0 0
1791452291 195, 405, 36, 0x0000000000000000 | 3.17 6.23 7.25 | cpu  190645260 7196 94791464 6172970396 4302920 0 560450 0 0 0
1791452292 195, 405, 36, 0x0000000000000000 | 3.17 6.23 7.25 | cpu  190645396 7196 94791661 6172983908 4302923 0 560450 0 0 0
1791452293 195, 405, 36, 0x0000000000000000 | 3.17 6.23 7.25 | cpu  190645536 7196 94791857 6172997494 4302930 0 560451 0 0 0
1791452294 195, 405, 36, 0x0000000000000000 | 3.16 6.18 7.23 | cpu  190645678 7196 94792049 6173010997 4302937 0 560451 0 0 0
1791452296 195, 405, 36, 0x0000000000000000 | 3.16 6.18 7.23 | cpu  190645841 7196 94792233 6173024501 4302937 0 560451 0 0 0
1791452297 195, 405, 36, 0x0000000000000000 | 3.16 6.18 7.23 | cpu  190646061 7196 94792402 6173037937 4302937 0 560452 0 0 0
1791452298 195, 405, 36, 0x0000000000000000 | 3.16 6.18 7.23 | cpu  190646203 7196 94792598 6173051474 4302937 0 560452 0 0 0
1791452299 195, 405, 36, 0x0000000000000000 | 3.14 6.13 7.21 | cpu  190646341 7196 94792792 6173064939 4302937 0 560453 0 0 0
1791452300 195, 405, 36, 0x0000000000000000 | 3.14 6.13 7.21 | cpu  190646875 7196 94794368 6173076643 4302953 0 560453 0 0 0
1791452301 195, 405, 36, 0x0000000000000000 | 3.14 6.13 7.21 | cpu  190647279 7196 94794572 6173089847 4302960 0 560453 0 0 0
1791452302 195, 405, 36, 0x0000000000000000 | 3.14 6.13 7.21 | cpu  190647433 7196 94794697 6173103461 4302960 0 560453 0 0 0
1791452303 195, 405, 36, 0x0000000000000000 | 3.14 6.13 7.21 | cpu  190647540 7196 94794816 6173117042 4302960 0 560453 0 0 0
1791452304 195, 405, 36, 0x0000000000000000 | 3.05 6.06 7.18 | cpu  190647647 7196 94794940 6173130612 4302973 0 560453 0 0 0
1791452305 195, 405, 36, 0x0000000000000000 | 3.05 6.06 7.18 | cpu  190647754 7196 94795058 6173144192 4302980 0 560453 0 0 0
1791452306 195, 405, 36, 0x0000000000000000 | 3.05 6.06 7.18 | cpu  190647825 7196 94795213 6173157771 4302980 0 560453 0 0 0
1791452307 195, 405, 36, 0x0000000000000000 | 3.05 6.06 7.18 | cpu  190647883 7196 94795381 6173171339 4302980 0 560453 0 0 0
1791452309 187, 405, 36, 0x0000000000000000 | 3.05 6.06 7.18 | cpu  190647961 7196 94795528 6173184934 4302980 0 560453 0 0 0
1791452310 195, 405, 36, 0x0000000000000000 | 2.97 5.99 7.15 | cpu  190648069 7196 94795655 6173198554 4302988 0 560453 0 0 0
1791452311 195, 405, 36, 0x0000000000000000 | 2.97 5.99 7.15 | cpu  190648180 7196 94795782 6173212136 4302995 0 560453 0 0 0
1791452312 195, 405, 36, 0x0000000000000000 | 2.97 5.99 7.15 | cpu  190648299 7196 94795920 6173225738 4302995 0 560453 0 0 0
1791452313 195, 405, 36, 0x0000000000000000 | 2.97 5.99 7.15 | cpu  190648425 7196 94796054 6173239283 4303008 0 560453 0 0 0
1791452314 195, 405, 36, 0x0000000000000000 | 2.89 5.92 7.12 | cpu  190648531 7196 94796184 6173252867 4303008 0 560453 0 0 0
1791452315 195, 405, 36, 0x0000000000000000 | 2.89 5.92 7.12 | cpu  190648642 7196 94796297 6173266480 4303008 0 560453 0 0 0
1791452316 195, 405, 36, 0x0000000000000000 | 2.89 5.92 7.12 | cpu  190648746 7196 94796418 6173280039 4303024 0 560453 0 0 0
1791452317 195, 405, 36, 0x0000000000000000 | 2.89 5.92 7.12 | cpu  190648857 7196 94796535 6173293640 4303024 0 560453 0 0 0
1791452318 195, 405, 36, 0x0000000000000000 | 2.89 5.92 7.12 | cpu  190648962 7196 94796655 6173307230 4303024 0 560453 0 0 0
1791452319 195, 405, 36, 0x0000000000000000 | 2.82 5.86 7.10 | cpu  190649067 7196 94796777 6173320829 4303024 0 560454 0 0 0
1791452320 195, 405, 36, 0x0000000000000000 | 2.82 5.86 7.10 | cpu  190649173 7196 94796895 6173334394 4303024 0 560454 0 0 0
1791452321 187, 405, 36, 0x0000000000000000 | 2.82 5.86 7.10 | cpu  190649281 7196 94797014 6173347978 4303043 0 560454 0 0 0
1791452323 195, 405, 36, 0x0000000000000000 | 2.82 5.86 7.10 | cpu  190649388 7196 94797135 6173361575 4303047 0 560454 0 0 0
1791452324 195, 405, 36, 0x0000000000000000 | 2.75 5.79 7.07 | cpu  190649494 7196 94797254 6173375154 4303047 0 560454 0 0 0
1791452325 195, 405, 36, 0x0000000000000000 | 2.75 5.79 7.07 | cpu  190649599 7196 94797375 6173388755 4303047 0 560454 0 0 0
1791452326 195, 405, 36, 0x0000000000000000 | 2.75 5.79 7.07 | cpu  190649711 7196 94797498 6173402391 4303047 0 560454 0 0 0
1791452327 195, 405, 36, 0x0000000000000000 | 2.75 5.79 7.07 | cpu  190649827 7196 94797628 6173415972 4303072 0 560454 0 0 0
1791452328 195, 405, 36, 0x0000000000000000 | 2.75 5.79 7.07 | cpu  190649947 7196 94797738 6173429566 4303072 0 560454 0 0 0
1791452329 195, 405, 36, 0x0000000000000000 | 2.69 5.73 7.04 | cpu  190650086 7196 94797851 6173443128 4303072 0 560454 0 0 0
1791452330 195, 405, 36, 0x0000000000000000 | 2.69 5.73 7.04 | cpu  190650232 7196 94797999 6173456667 4303072 0 560454 0 0 0
1791452331 195, 405, 36, 0x0000000000000000 | 2.69 5.73 7.04 | cpu  190650370 7196 94798172 6173470103 4303087 0 560454 0 0 0
1791452332 195, 405, 36, 0x0000000000000000 | 2.69 5.73 7.04 | cpu  190650615 7196 94798304 6173483561 4303096 0 560455 0 0 0
1791452333 195, 405, 36, 0x0000000000000000 | 2.69 5.73 7.04 | cpu  190650889 7196 94798538 6173496907 4303096 0 560455 0 0 0
1791452334 195, 405, 36, 0x0000000000000000 | 2.72 5.69 7.02 | cpu  190651045 7196 94798724 6173510362 4303096 0 560455 0 0 0
1791452336 195, 405, 36, 0x0000000000000000 | 2.72 5.69 7.02 | cpu  190651232 7196 94798892 6173523932 4303096 0 560455 0 0 0
1791452337 195, 405, 36, 0x0000000000000000 | 2.72 5.69 7.02 | cpu  190651399 7196 94799080 6173537466 4303110 0 560455 0 0 0
1791452338 195, 405, 36, 0x0000000000000000 | 2.72 5.69 7.02 | cpu  190651581 7196 94799274 6173550930 4303125 0 560455 0 0 0
1791452339 195, 405, 36, 0x0000000000000000 | 2.74 5.64 7.00 | cpu  190651805 7196 94799451 6173564434 4303125 0 560455 0 0 0
1791452340 195, 405, 36, 0x0000000000000000 | 2.74 5.64 7.00 | cpu  190651974 7196 94799626 6173577971 4303125 0 560455 0 0 0
1791452341 195, 405, 36, 0x0000000000000000 | 2.74 5.64 7.00 | cpu  190652142 7196 94799810 6173591507 4303125 0 560455 0 0 0
1791452342 195, 405, 36, 0x0000000000000000 | 2.74 5.64 7.00 | cpu  190652326 7196 94800029 6173604999 4303131 0 560455 0 0 0
1791452343 195, 405, 36, 0x0000000000000000 | 2.74 5.64 7.00 | cpu  190652500 7196 94800224 6173618456 4303172 0 560455 0 0 0
1791452344 195, 405, 36, 0x0000000000000000 | 2.76 5.60 6.98 | cpu  190652664 7196 94800424 6173631958 4303172 0 560455 0 0 0
1791452345 195, 405, 36, 0x0000000000000000 | 2.76 5.60 6.98 | cpu  190652836 7196 94800679 6173645413 4303172 0 560455 0 0 0
1791452346 195, 405, 36, 0x0000000000000000 | 2.76 5.60 6.98 | cpu  190653109 7196 94800865 6173658843 4303172 0 560455 0 0 0
1791452347 187, 405, 36, 0x0000000000000000 | 2.76 5.60 6.98 | cpu  190653255 7196 94801058 6173672347 4303180 0 560455 0 0 0
1791452349 195, 405, 36, 0x0000000000000000 | 2.78 5.55 6.95 | cpu  190653407 7196 94801257 6173685892 4303193 0 560455 0 0 0
1791452350 195, 405, 36, 0x0000000000000000 | 2.78 5.55 6.95 | cpu  190653552 7196 94801455 6173699400 4303193 0 560455 0 0 0
1791452351 195, 405, 36, 0x0000000000000000 | 2.78 5.55 6.95 | cpu  190653710 7196 94801638 6173712946 4303193 0 560455 0 0 0
1791452352 195, 405, 36, 0x0000000000000000 | 2.78 5.55 6.95 | cpu  190653855 7196 94801835 6173726480 4303193 0 560455 0 0 0
1791452353 195, 405, 36, 0x0000000000000000 | 2.78 5.55 6.95 | cpu  190654011 7196 94802021 6173739988 4303200 0 560455 0 0 0
1791452354 195, 405, 36, 0x0000000000000000 | 2.80 5.51 6.93 | cpu  190654160 7196 94802219 6173753500 4303208 0 560456 0 0 0
1791452355 195, 405, 36, 0x0000000000000000 | 2.80 5.51 6.93 | cpu  190654317 7196 94802401 6173766995 4303208 0 560456 0 0 0
1791452356 195, 405, 36, 0x0000000000000000 | 2.80 5.51 6.93 | cpu  190654461 7196 94802602 6173780532 4303208 0 560456 0 0 0
1791452357 195, 405, 36, 0x0000000000000000 | 2.80 5.51 6.93 | cpu  190654615 7196 94802788 6173794083 4303208 0 560456 0 0 0
1791452358 195, 405, 36, 0x0000000000000000 | 2.80 5.51 6.93 | cpu  190654757 7196 94802990 6173807614 4303217 0 560456 0 0 0
1791452359 195, 405, 36, 0x0000000000000000 | 2.89 5.49 6.92 | cpu  190654919 7196 94803190 6173821176 4303222 0 560456 0 0 0
1791452361 195, 405, 36, 0x0000000000000000 | 2.89 5.49 6.92 | cpu  190655097 7196 94803371 6173834789 4303222 0 560456 0 0 0
1791452362 195, 405, 36, 0x0000000000000000 | 2.89 5.49 6.92 | cpu  190655289 7196 94803528 6173848345 4303222 0 560456 0 0 0
1791452363 195, 405, 36, 0x0000000000000000 | 2.89 5.49 6.92 | cpu  190655481 7196 94803681 6173861870 4303222 0 560456 0 0 0
1791452364 195, 405, 36, 0x0000000000000000 | 2.90 5.44 6.90 | cpu  190655665 7196 94803835 6173875365 4303238 0 560456 0 0 0
1791452365 195, 405, 36, 0x0000000000000000 | 2.90 5.44 6.90 | cpu  190655838 7196 94803999 6173888882 4303238 0 560456 0 0 0
1791452366 195, 405, 36, 0x0000000000000000 | 2.90 5.44 6.90 | cpu  190655996 7196 94804176 6173902411 4303238 0 560456 0 0 0
1791452367 195, 405, 36, 0x0000000000000000 | 2.90 5.44 6.90 | cpu  190656266 7196 94804825 6173915473 4303238 0 560456 0 0 0
1791452368 195, 405, 36, 0x0000000000000000 | 2.90 5.44 6.90 | cpu  190656871 7196 94805904 6173927611 4303238 0 560456 0 0 0
1791452369 195, 405, 36, 0x0000000000000000 | 2.91 5.40 6.87 | cpu  190657055 7196 94806010 6173941109 4303245 0 560456 0 0 0
1791452370 195, 405, 36, 0x0000000000000000 | 2.91 5.40 6.87 | cpu  190657190 7196 94806106 6173954717 4303253 0 560456 0 0 0
1791452371 195, 405, 36, 0x0000000000000000 | 2.91 5.40 6.87 | cpu  190657329 7196 94806212 6173968322 4303253 0 560456 0 0 0
1791452372 195, 405, 36, 0x0000000000000000 | 2.91 5.40 6.87 | cpu  190657476 7196 94806351 6173981845 4303262 0 560456 0 0 0
1791452374 195, 405, 36, 0x0000000000000000 | 2.91 5.40 6.87 | cpu  190657604 7196 94806457 6173995441 4303262 0 560456 0 0 0
1791452375 195, 405, 36, 0x0000000000000000 | 2.84 5.35 6.85 | cpu  190657747 7196 94806576 6174009012 4303262 0 560457 0 0 0
1791452376 195, 405, 36, 0x0000000000000000 | 2.84 5.35 6.85 | cpu  190657915 7196 94806678 6174022590 4303262 0 560457 0 0 0
1791452377 195, 405, 36, 0x0000000000000000 | 2.84 5.35 6.85 | cpu  190658063 7196 94806840 6174036140 4303278 0 560457 0 0 0
1791452378 195, 405, 36, 0x0000000000000000 | 2.84 5.35 6.85 | cpu  190658205 7196 94806958 6174049736 4303278 0 560457 0 0 0
1791452379 195, 405, 36, 0x0000000000000000 | 2.77 5.29 6.82 | cpu  190658332 7196 94807067 6174063341 4303278 0 560457 0 0 0
1791452380 195, 405, 36, 0x0000000000000000 | 2.77 5.29 6.82 | cpu  190658459 7196 94807175 6174076922 4303278 0 560457 0 0 0
1791452381 195, 405, 36, 0x0000000000000000 | 2.77 5.29 6.82 | cpu  190658590 7196 94807278 6174090502 4303278 0 560457 0 0 0
1791452382 195, 405, 36, 0x0000000000000000 | 2.77 5.29 6.82 | cpu  190658760 7196 94807355 6174104081 4303292 0 560457 0 0 0
1791452383 195, 405, 36, 0x0000000000000000 | 2.77 5.29 6.82 | cpu  190658913 7196 94807432 6174117702 4303292 0 560457 0 0 0
1791452384 195, 405, 36, 0x0000000000000000 | 2.71 5.24 6.80 | cpu  190659047 7196 94807524 6174131317 4303292 0 560457 0 0 0
1791452385 195, 405, 36, 0x0000000000000000 | 2.71 5.24 6.80 | cpu  190659316 7196 94808061 6174144380 4303292 0 560457 0 0 0
1791452386 195, 405, 36, 0x0000000000000000 | 2.71 5.24 6.80 | cpu  190660026 7196 94809133 6174156502 4303298 0 560457 0 0 0
1791452388 195, 405, 37, 0x0000000000000000 | 2.71 5.24 6.80 | cpu  190660470 7196 94809291 6174169747 4303306 0 560457 0 0 0
1791452389 195, 405, 37, 0x0000000000000000 | 2.65 5.18 6.77 | cpu  190660603 7196 94809400 6174183309 4303306 0 560457 0 0 0
1791452390 195, 405, 37, 0x0000000000000000 | 2.65 5.18 6.77 | cpu  190660742 7196 94809494 6174196884 4303306 0 560457 0 0 0
1791452391 195, 405, 37, 0x0000000000000000 | 2.65 5.18 6.77 | cpu  190660886 7196 94809588 6174210451 4303306 0 560457 0 0 0
1791452392 195, 405, 37, 0x0000000000000000 | 2.65 5.18 6.77 | cpu  190661021 7196 94809697 6174224003 4303313 0 560458 0 0 0
1791452393 195, 405, 37, 0x0000000000000000 | 2.65 5.18 6.77 | cpu  190661216 7196 94809842 6174237492 4303323 0 560458 0 0 0
1791452394 195, 405, 37, 0x0000000000000000 | 2.92 5.20 6.77 | cpu  190661377 7196 94809975 6174250993 4303331 0 560458 0 0 0
1791452395 195, 405, 37, 0x0000000000000000 | 2.92 5.20 6.77 | cpu  190661513 7196 94810068 6174264590 4303331 0 560458 0 0 0
1791452396 195, 405, 37, 0x0000000000000000 | 2.92 5.20 6.77 | cpu  190661647 7196 94810169 6174278148 4303345 0 560458 0 0 0
1791452397 195, 405, 37, 0x0000000000000000 | 2.92 5.20 6.77 | cpu  190661789 7196 94810275 6174291689 4303353 0 560458 0 0 0
1791452398 195, 405, 37, 0x0000000000000000 | 2.92 5.20 6.77 | cpu  190661927 7196 94810373 6174305304 4303353 0 560458 0 0 0
1791452399 195, 405, 37, 0x0000000000000000 | 2.85 5.14 6.74 | cpu  190662063 7196 94810470 6174318886 4303353 0 560458 0 0 0
1791452401 195, 405, 37, 0x0000000000000000 | 2.85 5.14 6.74 | cpu  190662353 7196 94810628 6174332308 4303353 0 560458 0 0 0
1791452402 195, 405, 37, 0x0000000000000000 | 2.85 5.14 6.74 | cpu  190662550 7196 94810871 6174345850 4303353 0 560458 0 0 0
1791452403 195, 405, 37, 0x0000000000000000 | 2.85 5.14 6.74 | cpu  190662742 7196 94811088 6174359446 4303374 0 560458 0 0 0
1791452404 195, 405, 37, 0x0000000000000000 | 2.86 5.11 6.72 | cpu  190662923 7196 94811240 6174372916 4303374 0 560458 0 0 0
1791452405 195, 405, 37, 0x0000000000000000 | 2.86 5.11 6.72 | cpu  190663231 7196 94811417 6174386291 4303374 0 560458 0 0 0
1791452406 195, 405, 37, 0x0000000000000000 | 2.86 5.11 6.72 | cpu  190663428 7196 94811598 6174399775 4303374 0 560458 0 0 0
1791452407 195, 405, 37, 0x0000000000000000 | 2.86 5.11 6.72 | cpu  190663616 7196 94811748 6174413249 4303374 0 560458 0 0 0
1791452408 195, 405, 37, 0x0000000000000000 | 2.86 5.11 6.72 | cpu  190663765 7196 94811944 6174426729 4303374 0 560458 0 0 0
1791452409 195, 405, 37, 0x0000000000000000 | 2.87 5.07 6.70 | cpu  190663917 7196 94812134 6174440215 4303374 0 560458 0 0 0
1791452410 195, 405, 37, 0x0000000000000000 | 2.87 5.07 6.70 | cpu  190664139 7196 94812366 6174453825 4303381 0 560458 0 0 0
1791452411 195, 405, 37, 0x0000000000000000 | 2.87 5.07 6.70 | cpu  190664286 7196 94812567 6174467306 4303381 0 560458 0 0 0
1791452412 195, 405, 37, 0x0000000000000000 | 2.87 5.07 6.70 | cpu  190664431 7196 94812769 6174480775 4303381 0 560458 0 0 0
1791452414 195, 405, 37, 0x0000000000000000 | 2.87 5.07 6.70 | cpu  190664580 7196 94812962 6174494241 4303388 0 560458 0 0 0
1791452415 195, 405, 37, 0x0000000000000000 | 2.88 5.04 6.68 | cpu  190664729 7196 94813155 6174507720 4303388 0 560458 0 0 0
1791452416 195, 405, 37, 0x0000000000000000 | 2.88 5.04 6.68 | cpu  190664886 7196 94813340 6174521192 4303395 0 560458 0 0 0
1791452417 195, 405, 37, 0x0000000000000000 | 2.88 5.04 6.68 | cpu  190665034 7196 94813549 6174534669 4303395 0 560458 0 0 0
1791452418 195, 405, 37, 0x0000000000000000 | 2.88 5.04 6.68 | cpu  190665191 7196 94813726 6174548135 4303403 0 560458 0 0 0
1791452419 195, 405, 37, 0x0000000000000000 | 2.89 5.00 6.66 | cpu  190665340 7196 94813911 6174561641 4303403 0 560458 0 0 0
1791452420 195, 405, 37, 0x0000000000000000 | 2.89 5.00 6.66 | cpu  190665495 7196 94814092 6174575154 4303403 0 560459 0 0 0
1791452421 195, 405, 37, 0x0000000000000000 | 2.89 5.00 6.66 | cpu  190665654 7196 94814269 6174588634 4303427 0 560459 0 0 0
1791452422 195, 405, 37, 0x0000000000000000 | 2.89 5.00 6.66 | cpu  190665805 7196 94814465 6174602178 4303434 0 560459 0 0 0
1791452423 195, 405, 37, 0x0000000000000000 | 2.89 5.00 6.66 | cpu  190665949 7196 94814668 6174615683 4303441 0 560459 0 0 0
1791452424 195, 405, 37, 0x0000000000000000 | 2.90 4.97 6.64 | cpu  190666097 7196 94814866 6174629228 4303441 0 560459 0 0 0
1791452425 195, 405, 37, 0x0000000000000000 | 2.90 4.97 6.64 | cpu  190666257 7196 94815049 6174642716 4303441 0 560459 0 0 0
1791452427 195, 405, 37, 0x0000000000000000 | 2.90 4.97 6.64 | cpu  190666402 7196 94815252 6174656167 4303463 0 560459 0 0 0
1791452428 195, 405, 37, 0x0000000000000000 | 2.90 4.97 6.64 | cpu  190666552 7196 94815452 6174669621 4303463 0 560459 0 0 0
1791452429 195, 405, 37, 0x0000000000000000 | 2.91 4.94 6.62 | cpu  190666701 7196 94815646 6174683081 4303470 0 560459 0 0 0
1791452430 195, 405, 37, 0x0000000000000000 | 2.91 4.94 6.62 | cpu  190666849 7196 94815841 6174696557 4303470 0 560459 0 0 0
1791452431 195, 405, 37, 0x0000000000000000 | 2.91 4.94 6.62 | cpu  190666995 7196 94816037 6174710030 4303470 0 560459 0 0 0
1791452432 187, 405, 37, 0x0000000000000000 | 2.91 4.94 6.62 | cpu  190667161 7196 94816261 6174723476 4303485 0 560459 0 0 0
1791452433 195, 405, 37, 0x0000000000000000 | 2.91 4.94 6.62 | cpu  190667315 7196 94816469 6174736925 4303495 0 560459 0 0 0
1791452434 195, 405, 37, 0x0000000000000000 | 2.92 4.90 6.60 | cpu  190667462 7196 94816662 6174750415 4303495 0 560459 0 0 0
1791452435 195, 405, 37, 0x0000000000000000 | 2.92 4.90 6.60 | cpu  190667620 7196 94816838 6174763936 4303495 0 560459 0 0 0
1791452436 195, 405, 37, 0x0000000000000000 | 2.92 4.90 6.60 | cpu  190667808 7196 94817039 6174777375 4303516 0 560459 0 0 0
1791452437 195, 405, 37, 0x0000000000000000 | 2.92 4.90 6.60 | cpu  190667969 7196 94817230 6174790884 4303541 0 560459 0 0 0
1791452438 195, 405, 37, 0x0000000000000000 | 2.92 4.90 6.60 | cpu  190668361 7196 94817541 6174803932 4303571 0 560468 0 0 0
1791452440 195, 405, 37, 0x0000000000000000 | 3.48 4.99 6.62 | cpu  190668742 7196 94817899 6174816886 4303588 0 560480 0 0 0
1791452441 195, 405, 37, 0x0000000000000000 | 3.48 4.99 6.62 | cpu  190669131 7196 94818246 6174829845 4303589 0 560496 0 0 0
1791452442 195, 405, 37, 0x0000000000000000 | 3.48 4.99 6.62 | cpu  190669549 7196 94818589 6174842826 4303591 0 560511 0 0 0
1791452443 195, 405, 37, 0x0000000000000000 | 3.48 4.99 6.62 | cpu  190669821 7196 94818898 6174855968 4303599 0 560523 0 0 0
1791452444 195, 405, 37, 0x0000000000000000 | 3.60 4.99 6.61 | cpu  190670067 7196 94819195 6174869174 4303603 0 560532 0 0 0
1791452445 187, 405, 37, 0x0000000000000000 | 3.60 4.99 6.61 | cpu  190670565 7196 94820420 6174881194 4303606 0 560552 0 0 0
1791452446 195, 405, 37, 0x0000000000000000 | 3.60 4.99 6.61 | cpu  190671146 7196 94821148 6174893611 4303606 0 560571 0 0 0
1791452447 195, 405, 37, 0x0000000000000000 | 3.60 4.99 6.61 | cpu  190671423 7196 94821477 6174906703 4303613 0 560584 0 0 0
1791452448 195, 405, 37, 0x0000000000000000 | 3.60 4.99 6.61 | cpu  190671661 7196 94821800 6174919799 4303626 0 560593 0 0 0
1791452449 195, 405, 37, 0x0000000000000000 | 3.72 4.99 6.60 | cpu  190671912 7196 94822047 6174933030 4303632 0 560603 0 0 0
1791452450 195, 405, 37, 0x0000000000000000 | 3.72 4.99 6.60 | cpu  190672321 7196 94822310 6174946126 4303632 0 560613 0 0 0
1791452451 195, 405, 37, 0x0000000000000000 | 3.72 4.99 6.60 | cpu  190672626 7196 94822621 6174959210 4303635 0 560622 0 0 0
1791452453 195, 405, 37, 0x0000000000000000 | 3.72 4.99 6.60 | cpu  190673028 7196 94822983 6174972079 4303637 0 560635 0 0 0
1791452454 195, 405, 37, 0x0000000000000000 | 4.14 5.06 6.61 | cpu  190673465 7196 94823333 6174984947 4303653 0 560650 0 0 0
1791452455 195, 405, 37, 0x0000000000000000 | 4.14 5.06 6.61 | cpu  190673894 7196 94823702 6174997838 4303660 0 560668 0 0 0
1791452456 195, 405, 37, 0x0000000000000000 | 4.14 5.06 6.61 | cpu  190674303 7196 94824082 6175010795 4303660 0 560684 0 0 0
1791452457 195, 405, 37, 0x0000000000000000 | 4.14 5.06 6.61 | cpu  190674774 7196 94824627 6175023562 4303660 0 560705 0 0 0
1791452458 195, 405, 37, 0x0000000000000000 | 4.14 5.06 6.61 | cpu  190675210 7196 94825019 6175036348 4303669 0 560716 0 0 0
1791452459 195, 405, 37, 0x0000000000000000 | 4.21 5.06 6.60 | cpu  190675627 7196 94825346 6175049262 4303669 0 560728 0 0 0
1791452460 195, 405, 37, 0x0000000000000000 | 4.21 5.06 6.60 | cpu  190676053 7196 94825675 6175062207 4303669 0 560742 0 0 0
1791452461 195, 405, 37, 0x0000000000000000 | 4.21 5.06 6.60 | cpu  190676524 7196 94826063 6175075029 4303677 0 560761 0 0 0
1791452462 195, 405, 37, 0x0000000000000000 | 4.21 5.06 6.60 | cpu  190676997 7196 94826547 6175087694 4303708 0 560774 0 0 0
1791452463 195, 405, 37, 0x0000000000000000 | 4.21 5.06 6.60 | cpu  190677444 7196 94826962 6175100509 4303708 0 560790 0 0 0
1791452464 195, 405, 37, 0x0000000000000000 | 4.59 5.12 6.62 | cpu  190677984 7196 94827336 6175113247 4303723 0 560801 0 0 0
1791452466 195, 405, 37, 0x0000000000000000 | 4.59 5.12 6.62 | cpu  190678401 7196 94827685 6175126152 4303723 0 560815 0 0 0
1791452467 195, 405, 37, 0x0000000000000000 | 4.59 5.12 6.62 | cpu  190678810 7196 94828040 6175139109 4303723 0 560820 0 0 0
1791452468 195, 405, 37, 0x0000000000000000 | 4.59 5.12 6.62 | cpu  190679284 7196 94828425 6175151957 4303734 0 560825 0 0 0
1791452469 195, 405, 37, 0x0000000000000000 | 5.03 5.20 6.64 | cpu  190679684 7196 94828769 6175164906 4303734 0 560831 0 0 0
1791452470 195, 405, 37, 0x0000000000000000 | 5.03 5.20 6.64 | cpu  190680090 7196 94829122 6175177865 4303740 0 560837 0 0 0
1791452471 187, 405, 37, 0x0000000000000000 | 5.03 5.20 6.64 | cpu  190680483 7196 94829480 6175190802 4303740 0 560845 0 0 0
1791452472 195, 405, 37, 0x0000000000000000 | 5.03 5.20 6.64 | cpu  190680879 7196 94829820 6175203844 4303740 0 560848 0 0 0
1791452473 195, 405, 37, 0x0000000000000000 | 5.03 5.20 6.64 | cpu  190681261 7196 94830160 6175216842 4303752 0 560851 0 0 0
1791452474 195, 405, 37, 0x0000000000000000 | 5.18 5.23 6.64 | cpu  190681663 7196 94830494 6175229878 4303752 0 560854 0 0 0
1791452475 195, 405, 37, 0x0000000000000000 | 5.18 5.23 6.64 | cpu  190682057 7196 94830813 6175242858 4303759 0 560857 0 0 0
1791452476 195, 405, 37, 0x0000000000000000 | 5.18 5.23 6.64 | cpu  190682430 7196 94831165 6175255837 4303759 0 560860 0 0 0
1791452477 195, 405, 37, 0x0000000000000000 | 5.18 5.23 6.64 | cpu  190682861 7196 94831505 6175268800 4303759 0 560869 0 0 0
1791452478 195, 405, 37, 0x0000000000000000 | 5.18 5.23 6.64 | cpu  190683251 7196 94831861 6175281772 4303773 0 560872 0 0 0
1791452480 195, 405, 37, 0x0000000000000000 | 5.17 5.23 6.63 | cpu  190683577 7196 94832251 6175294774 4303787 0 560872 0 0 0
1791452481 195, 405, 37, 0x0000000000000000 | 5.17 5.23 6.63 | cpu  190683911 7196 94832551 6175307840 4303794 0 560872 0 0 0
1791452482 195, 405, 37, 0x0000000000000000 | 5.17 5.23 6.63 | cpu  190684258 7196 94832847 6175320958 4303794 0 560872 0 0 0
1791452483 195, 405, 37, 0x0000000000000000 | 5.17 5.23 6.63 | cpu  190684594 7196 94833133 6175334091 4303794 0 560873 0 0 0
1791452484 195, 405, 37, 0x0000000000000000 | 5.40 5.28 6.64 | cpu  190684947 7196 94833416 6175347195 4303802 0 560873 0 0 0
1791452485 195, 405, 37, 0x0000000000000000 | 5.40 5.28 6.64 | cpu  190685284 7196 94833730 6175360356 4303820 0 560873 0 0 0
1791452486 195, 405, 37, 0x0000000000000000 | 5.40 5.28 6.64 | cpu  190685658 7196 94834118 6175373347 4303826 0 560873 0 0 0
1791452487 195, 405, 37, 0x0000000000000000 | 5.40 5.28 6.64 | cpu  190686058 7196 94834500 6175386315 4303839 0 560873 0 0 0
1791452488 195, 405, 37, 0x0000000000000000 | 5.40 5.28 6.64 | cpu  190686464 7196 94834893 6175399286 4303844 0 560873 0 0 0
1791452489 195, 405, 37, 0x0000000000000000 | 5.52 5.30 6.64 | cpu  190686824 7196 94835124 6175412465 4303851 0 560873 0 0 0
1791452490 195, 405, 37, 0x0000000000000000 | 5.52 5.30 6.64 | cpu  190687185 7196 94835395 6175425584 4303858 0 560873 0 0 0
1791452491 195, 405, 37, 0x0000000000000000 | 5.52 5.30 6.64 | cpu  190687554 7196 94835675 6175438764 4303858 0 560873 0 0 0
1791452493 195, 405, 37, 0x0000000000000000 | 5.52 5.30 6.64 | cpu  190688141 7196 94836617 6175450948 4303865 0 560873 0 0 0
1791452494 195, 405, 37, 0x0000000000000000 | 5.72 5.35 6.65 | cpu  190689090 7196 94837655 6175462673 4303875 0 560873 0 0 0
1791452495 195, 405, 37, 0x0000000000000000 | 5.72 5.35 6.65 | cpu  190689497 7196 94837899 6175475803 4303885 0 560873 0 0 0
1791452496 195, 405, 37, 0x0000000000000000 | 5.72 5.35 6.65 | cpu  190689834 7196 94838077 6175489093 4303893 0 560873 0 0 0
1791452497 195, 405, 37, 0x0000000000000000 | 5.72 5.35 6.65 | cpu  190690145 7196 94838267 6175502370 4303893 0 560873 0 0 0
1791452498 195, 405, 37, 0x0000000000000000 | 5.72 5.35 6.65 | cpu  190690450 7196 94838458 6175515658 4303893 0 560873 0 0 0
1791452499 195, 405, 37, 0x0000000000000000 | 5.66 5.34 6.64 | cpu  190690765 7196 94838653 6175528940 4303896 0 560873 0 0 0
1791452500 195, 405, 37, 0x0000000000000000 | 5.66 5.34 6.64 | cpu  190691271 7196 94838930 6175542001 4303925 0 560874 0 0 0
1791452501 195, 405, 37, 0x0000000000000000 | 5.66 5.34 6.64 | cpu  190691821 7196 94839201 6175554970 4303925 0 560874 0 0 0
1791452502 195, 405, 37, 0x0000000000000000 | 5.66 5.34 6.64 | cpu  190692192 7196 94839487 6175568119 4303925 0 560874 0 0 0
1791452503 195, 405, 37, 0x0000000000000000 | 5.66 5.34 6.64 | cpu  190692617 7196 94839736 6175581277 4303925 0 560874 0 0 0
1791452504 195, 405, 37, 0x0000000000000000 | 5.53 5.32 6.62 | cpu  190693070 7196 94839965 6175594364 4303927 0 560874 0 0 0
1791452506 195, 405, 37, 0x0000000000000000 | 5.53 5.32 6.62 | cpu  190693394 7196 94840302 6175607433 4303952 0 560874 0 0 0
1791452507 195, 405, 37, 0x0000000000000000 | 5.53 5.32 6.62 | cpu  190693840 7196 94840584 6175620461 4303952 0 560874 0 0 0
1791452508 195, 405, 37, 0x0000000000000000 | 5.53 5.32 6.62 | cpu  190694461 7196 94840786 6175633452 4303952 0 560874 0 0 0
1791452509 195, 405, 37, 0x0000000000000000 | 5.57 5.33 6.62 | cpu  190694765 7196 94840962 6175646712 4303952 0 560874 0 0 0
1791452510 195, 405, 37, 0x0000000000000000 | 5.57 5.33 6.62 | cpu  190695133 7196 94841153 6175659928 4303952 0 560874 0 0 0
1791452511 195, 405, 37, 0x0000000000000000 | 5.57 5.33 6.62 | cpu  190695607 7196 94841494 6175672869 4303976 0 560874 0 0 0
1791452512 195, 405, 37, 0x0000000000000000 | 5.57 5.33 6.62 | cpu  190696089 7196 94841790 6175685911 4303976 0 560874 0 0 0
1791452513 195, 405, 37, 0x0000000000000000 | 5.57 5.33 6.62 | cpu  190696456 7196 94842053 6175699087 4303976 0 560875 0 0 0
1791452514 195, 405, 37, 0x0000000000000000 | 5.52 5.33 6.61 | cpu  190696884 7196 94842302 6175712158 4303976 0 560875 0 0 0
1791452515 195, 405, 37, 0x0000000000000000 | 5.52 5.33 6.61 | cpu  190697259 7196 94842587 6175725311 4303976 0 560875 0 0 0
1791452516 195, 405, 37, 0x0000000000000000 | 5.52 5.33 6.61 | cpu  190697683 7196 94842905 6175738302 4303997 0 560875 0 0 0
1791452517 195, 405, 37, 0x0000000000000000 | 5.52 5.33 6.61 | cpu  190698173 7196 94843189 6175751258 4304013 0 560875 0 0 0
1791452519 195, 405, 37, 0x0000000000000000 | 5.52 5.33 6.61 | cpu  190698600 7196 94843489 6175764382 4304014 0 560876 0 0 0
1791452520 195, 405, 37, 0x0000000000000000 | 5.40 5.30 6.60 | cpu  190698937 7196 94843866 6175777469 4304014 0 560876 0 0 0
1791452521 195, 405, 37, 0x0000000000000000 | 5.40 5.30 6.60 | cpu  190699360 7196 94844204 6175790485 4304014 0 560876 0 0 0
1791452522 195, 405, 37, 0x0000000000000000 | 5.40 5.30 6.60 | cpu  190699818 7196 94844524 6175803489 4304018 0 560877 0 0 0
1791452523 195, 405, 37, 0x0000000000000000 | 5.40 5.30 6.60 | cpu  190700264 7196 94844849 6175816538 4304034 0 560877 0 0 0
1791452524 195, 405, 37, 0x0000000000000000 | 5.29 5.28 6.58 | cpu  190700742 7196 94845133 6175829608 4304034 0 560877 0 0 0
1791452525 195, 405, 37, 0x0000000000000000 | 5.29 5.28 6.58 | cpu  190701147 7196 94845412 6175842727 4304034 0 560877 0 0 0
1791452526 195, 405, 37, 0x0000000000000000 | 5.29 5.28 6.58 | cpu  190701547 7196 94845697 6175855875 4304034 0 560877 0 0 0
1791452527 195, 405, 37, 0x0000000000000000 | 5.29 5.28 6.58 | cpu  190701907 7196 94845966 6175869032 4304042 0 560877 0 0 0
1791452528 195, 405, 37, 0x0000000000000000 | 5.29 5.28 6.58 | cpu  190702359 7196 94846285 6175882091 4304057 0 560877 0 0 0
1791452529 195, 405, 37, 0x0000000000000000 | 5.18 5.26 6.57 | cpu  190702715 7196 94846560 6175895248 4304058 0 560877 0 0 0
1791452530 195, 405, 37, 0x0000000000000000 | 5.18 5.26 6.57 | cpu  190703035 7196 94846821 6175908449 4304058 0 560877 0 0 0
1791452532 195, 405, 37, 0x0000000000000000 | 5.18 5.26 6.57 | cpu  190703534 7196 94847102 6175921427 4304058 0 560877 0 0 0
1791452533 195, 405, 37, 0x0000000000000000 | 5.18 5.26 6.57 | cpu  190703904 7196 94847370 6175934585 4304079 0 560878 0 0 0
1791452534 195, 405, 37, 0x0000000000000000 | 5.33 5.29 6.57 | cpu  190704212 7196 94847754 6175947646 4304089 0 560878 0 0 0
1791452535 195, 405, 37, 0x0000000000000000 | 5.33 5.29 6.57 | cpu  190704642 7196 94848055 6175960701 4304089 0 560878 0 0 0
1791452536 195, 405, 37, 0x0000000000000000 | 5.33 5.29 6.57 | cpu  190705051 7196 94848350 6175973780 4304089 0 560878 0 0 0
1791452537 195, 405, 37, 0x0000000000000000 | 5.33 5.29 6.57 | cpu  190705399 7196 94848642 6175986873 4304099 0 560878 0 0 0
1791452538 195, 405, 37, 0x0000000000000000 | 5.33 5.29 6.57 | cpu  190705741 7196 94848957 6175999988 4304106 0 560879 0 0 0
1791452539 195, 405, 37, 0x0000000000000000 | 5.38 5.30 6.57 | cpu  190706092 7196 94849263 6176013079 4304111 0 560879 0 0 0
1791452540 195, 405, 37, 0x0000000000000000 | 5.38 5.30 6.57 | cpu  190706458 7196 94849697 6176026028 4304112 0 560879 0 0 0
1791452541 195, 405, 37, 0x0000000000000000 | 5.38 5.30 6.57 | cpu  190706830 7196 94850019 6176039232 4304120 0 560879 0 0 0
1791452542 195, 405, 37, 0x0000000000000000 | 5.38 5.30 6.57 | cpu  190707188 7196 94850319 6176052329 4304120 0 560879 0 0 0
1791452543 195, 405, 37, 0x0000000000000000 | 5.38 5.30 6.57 | cpu  190707544 7196 94850603 6176065415 4304127 0 560879 0 0 0
1791452545 195, 405, 37, 0x0000000000000000 | 5.35 5.30 6.56 | cpu  190707869 7196 94850902 6176078497 4304127 0 560879 0 0 0
1791452546 195, 405, 37, 0x0000000000000000 | 5.35 5.30 6.56 | cpu  190708206 7196 94851199 6176091594 4304127 0 560879 0 0 0
1791452547 195, 405, 37, 0x0000000000000000 | 5.35 5.30 6.56 | cpu  190708537 7196 94851586 6176104592 4304161 0 560879 0 0 0
1791452548 195, 405, 37, 0x0000000000000000 | 5.35 5.30 6.56 | cpu  190708863 7196 94851906 6176117742 4304168 0 560879 0 0 0
1791452549 195, 405, 37, 0x0000000000000000 | 5.49 5.33 6.56 | cpu  190709224 7196 94852358 6176130686 4304172 0 560879 0 0 0
1791452550 195, 405, 37, 0x0000000000000000 | 5.49 5.33 6.56 | cpu  190709573 7196 94852812 6176143649 4304176 0 560879 0 0 0
1791452551 195, 405, 37, 0x0000000000000000 | 5.49 5.33 6.56 | cpu  190709932 7196 94853251 6176156603 4304176 0 560880 0 0 0
1791452552 195, 405, 37, 0x0000000000000000 | 5.49 5.33 6.56 | cpu  190710346 7196 94853723 6176169446 4304201 0 560880 0 0 0
1791452553 195, 405, 37, 0x0000000000000000 | 5.49 5.33 6.56 | cpu  190710746 7196 94854214 6176182369 4304211 0 560880 0 0 0
1791452554 195, 405, 37, 0x0000000000000000 | 5.61 5.35 6.56 | cpu  190711475 7196 94854537 6176195063 4304226 0 560880 0 0 0
1791452555 195, 405, 37, 0x0000000000000000 | 5.61 5.35 6.56 | cpu  190712517 7196 94854838 6176207462 4304226 0 560880 0 0 0
1791452556 187, 405, 37, 0x0000000000000000 | 5.61 5.35 6.56 | cpu  190713567 7196 94855154 6176219805 4304239 0 560880 0 0 0
1791452558 195, 405, 37, 0x0000000000000000 | 5.61 5.35 6.56 | cpu  190714768 7196 94855469 6176232140 4304239 0 560880 0 0 0
1791452559 195, 405, 37, 0x0000000000000000 | 6.20 5.48 6.60 | cpu  190715567 7196 94855778 6176244806 4304246 0 560880 0 0 0
1791452560 195, 405, 37, 0x0000000000000000 | 6.20 5.48 6.60 | cpu  190716613 7196 94856107 6176257179 4304246 0 560881 0 0 0
1791452561 195, 405, 37, 0x0000000000000000 | 6.20 5.48 6.60 | cpu  190717516 7196 94856405 6176269758 4304246 0 560881 0 0 0
1791452562 195, 405, 37, 0x0000000000000000 | 6.20 5.48 6.60 | cpu  190718602 7196 94856696 6176282188 4304261 0 560881 0 0 0
1791452563 195, 405, 37, 0x0000000000000000 | 6.20 5.48 6.60 | cpu  190719497 7196 94857117 6176294664 4304265 0 560881 0 0 0
1791452564 195, 405, 37, 0x0000000000000000 | 6.34 5.52 6.61 | cpu  190720308 7196 94857453 6176307242 4304272 0 560881 0 0 0
1791452565 195, 405, 37, 0x0000000000000000 | 6.34 5.52 6.61 | cpu  190721107 7196 94857876 6176319864 4304272 0 560881 0 0 0
1791452566 195, 405, 37, 0x0000000000000000 | 6.34 5.52 6.61 | cpu  190721440 7196 94858366 6176332805 4304272 0 560881 0 0 0
1791452567 195, 405, 37, 0x0000000000000000 | 6.34 5.52 6.61 | cpu  190721835 7196 94858742 6176345770 4304294 0 560881 0 0 0
1791452568 195, 405, 37, 0x0000000000000000 | 6.34 5.52 6.61 | cpu  190722176 7196 94859152 6176358768 4304301 0 560881 0 0 0
1791452569 187, 405, 37, 0x0000000000000000 | 6.56 5.58 6.62 | cpu  190722566 7196 94859579 6176372071 4304306 0 560882 0 0 0
1791452571 195, 405, 37, 0x0000000000000000 | 6.56 5.58 6.62 | cpu  190722913 7196 94859957 6176385094 4304318 0 560882 0 0 0
1791452572 195, 405, 37, 0x0000000000000000 | 6.56 5.58 6.62 | cpu  190723304 7196 94860250 6176398139 4304341 0 560882 0 0 0
1791452573 195, 405, 37, 0x0000000000000000 | 6.56 5.58 6.62 | cpu  190723713 7196 94860468 6176411294 4304348 0 560882 0 0 0
1791452574 195, 405, 37, 0x0000000000000000 | 6.43 5.57 6.61 | cpu  190724090 7196 94860686 6176424482 4304355 0 560882 0 0 0
1791452575 195, 405, 37, 0x0000000000000000 | 6.43 5.57 6.61 | cpu  190724436 7196 94860959 6176437632 4304355 0 560882 0 0 0
1791452576 195, 405, 37, 0x0000000000000000 | 6.43 5.57 6.61 | cpu  190724855 7196 94861236 6176450713 4304355 0 560882 0 0 0
1791452577 195, 405, 37, 0x0000000000000000 | 6.43 5.57 6.61 | cpu  190725429 7196 94862361 6176462775 4304379 0 560882 0 0 0
1791452578 195, 405, 37, 0x0000000000000000 | 6.43 5.57 6.61 | cpu  190726165 7196 94863101 6176475018 4304380 0 560883 0 0 0
1791452579 195, 405, 37, 0x0000000000000000 | 6.40 5.58 6.61 | cpu  190726483 7196 94863270 6176488273 4304380 0 560883 0 0 0
1791452580 195, 405, 37, 0x0000000000000000 | 6.40 5.58 6.61 | cpu  190726827 7196 94863456 6176501518 4304380 0 560883 0 0 0
1791452581 195, 405, 37, 0x0000000000000000 | 6.40 5.58 6.61 | cpu  190727216 7196 94863657 6176514710 4304380 0 560884 0 0 0
1791452582 195, 405, 37, 0x0000000000000000 | 6.40 5.58 6.61 | cpu  190727620 7196 94863977 6176527740 4304399 0 560884 0 0 0
1791452584 195, 405, 37, 0x0000000000000000 | 6.40 5.58 6.61 | cpu  190728040 7196 94864189 6176540896 4304399 0 560884 0 0 0
1791452585 195, 405, 37, 0x0000000000000000 | 6.36 5.58 6.60 | cpu  190728376 7196 94864398 6176554123 4304399 0 560884 0 0 0
1791452586 195, 405, 37, 0x0000000000000000 | 6.36 5.58 6.60 | cpu  190728717 7196 94864599 6176567326 4304399 0 560884 0 0 0
1791452587 195, 405, 37, 0x0000000000000000 | 6.36 5.58 6.60 | cpu  190729026 7196 94864796 6176580578 4304399 0 560884 0 0 0
1791452588 195, 405, 37, 0x0000000000000000 | 6.36 5.58 6.60 | cpu  190729334 7196 94865000 6176593813 4304407 0 560884 0 0 0
1791452589 195, 405, 37, 0x0000000000000000 | 6.26 5.58 6.59 | cpu  190729655 7196 94865212 6176607098 4304414 0 560884 0 0 0
1791452590 195, 405, 37, 0x0000000000000000 | 6.26 5.58 6.59 | cpu  190730008 7196 94865408 6176620312 4304414 0 560884 0 0 0
1791452591 195, 405, 37, 0x0000000000000000 | 6.26 5.58 6.59 | cpu  190730492 7196 94865613 6176633457 4304414 0 560885 0 0 0
1791452592 195, 405, 37, 0x0000000000000000 | 6.26 5.58 6.59 | cpu  190730822 7196 94865807 6176646709 4304414 0 560885 0 0 0
1791452593 195, 405, 37, 0x0000000000000000 | 6.26 5.58 6.59 | cpu  190731292 7196 94866002 6176659776 4304425 0 560885 0 0 0
1791452594 195, 405, 37, 0x0000000000000000 | 6.07 5.55 6.58 | cpu  190731797 7196 94866286 6176672796 4304432 0 560886 0 0 0
1791452595 187, 405, 37, 0x0000000000000000 | 6.07 5.55 6.58 | cpu  190732132 7196 94866570 6176685939 4304432 0 560886 0 0 0
1791452597 195, 405, 37, 0x0000000000000000 | 6.07 5.55 6.58 | cpu  190732457 7196 94866848 6176699099 4304432 0 560886 0 0 0
1791452598 195, 405, 37, 0x0000000000000000 | 6.07 5.55 6.58 | cpu  190732814 7196 94867098 6176712263 4304436 0 560886 0 0 0
1791452599 195, 405, 37, 0x0000000000000000 | 6.15 5.57 6.58 | cpu  190733155 7196 94867363 6176725401 4304443 0 560886 0 0 0
1791452600 195, 405, 37, 0x0000000000000000 | 6.15 5.57 6.58 | cpu  190733476 7196 94867639 6176738544 4304450 0 560886 0 0 0
1791452601 195, 405, 37, 0x0000000000000000 | 6.15 5.57 6.58 | cpu  190733863 7196 94867898 6176751644 4304450 0 560886 0 0 0
1791452602 195, 405, 37, 0x0000000000000000 | 6.15 5.57 6.58 | cpu  190734207 7196 94868168 6176764792 4304450 0 560886 0 0 0
1791452603 195, 405, 37, 0x0000000000000000 | 6.15 5.57 6.58 | cpu  190734545 7196 94868465 6176777878 4304460 0 560886 0 0 0
1791452604 195, 405, 37, 0x0000000000000000 | 6.06 5.56 6.57 | cpu  190734976 7196 94868751 6176790890 4304464 0 560886 0 0 0
1791452605 195, 405, 37, 0x0000000000000000 | 6.06 5.56 6.57 | cpu  190735358 7196 94869037 6176803976 4304464 0 560886 0 0 0
1791452606 195, 405, 37, 0x0000000000000000 | 6.06 5.56 6.57 | cpu  190735821 7196 94869279 6176817047 4304464 0 560886 0 0 0
1791452607 195, 405, 37, 0x0000000000000000 | 6.06 5.56 6.57 | cpu  190736201 7196 94869524 6176830206 4304464 0 560886 0 0 0
1791452608 195, 405, 37, 0x0000000000000000 | 6.06 5.56 6.57 | cpu  190736527 7196 94869812 6176843345 4304473 0 560886 0 0 0
1791452610 195, 405, 37, 0x0000000000000000 | 5.97 5.55 6.56 | cpu  190736905 7196 94870150 6176856448 4304491 0 560886 0 0 0
1791452611 195, 405, 37, 0x0000000000000000 | 5.97 5.55 6.56 | cpu  190737202 7196 94870418 6176869622 4304493 0 560886 0 0 0
1791452612 195, 405, 37, 0x0000000000000000 | 5.97 5.55 6.56 | cpu  190737622 7196 94870722 6176882648 4304493 0 560887 0 0 0
1791452613 195, 405, 37, 0x0000000000000000 | 5.97 5.55 6.56 | cpu  190738051 7196 94870987 6176895666 4304501 0 560887 0 0 0
1791452614 195, 405, 37, 0x0000000000000000 | 11.50 6.71 6.93 | cpu  190738898 7196 94872725 6176906841 4304507 0 560887 0 0 0
1791452615 195, 405, 37, 0x0000000000000000 | 11.50 6.71 6.93 | cpu  190739765 7196 94873075 6176919301 4304525 0 560888 0 0 0
1791452616 195, 405, 37, 0x0000000000000000 | 11.50 6.71 6.93 | cpu  190740290 7196 94873272 6176932398 4304525 0 560889 0 0 0
1791452617 195, 405, 37, 0x0000000000000000 | 11.50 6.71 6.93 | cpu  190740633 7196 94873464 6176945656 4304525 0 560889 0 0 0
1791452618 195, 405, 37, 0x0000000000000000 | 11.50 6.71 6.93 | cpu  190741101 7196 94873667 6176958846 4304525 0 560889 0 0 0
1791452619 195, 405, 37, 0x0000000000000000 | 10.82 6.64 6.91 | cpu  190741430 7196 94873859 6176972115 4304525 0 560889 0 0 0
1791452620 195, 405, 37, 0x0000000000000000 | 10.82 6.64 6.91 | cpu  190741910 7196 94874102 6176985161 4304552 0 560889 0 0 0
1791452621 195, 405, 37, 0x0000000000000000 | 10.82 6.64 6.91 | cpu  190742269 7196 94874307 6176998389 4304552 0 560889 0 0 0
1791452622 195, 405, 37, 0x0000000000000000 | 10.82 6.64 6.91 | cpu  190742699 7196 94874511 6177011550 4304552 0 560890 0 0 0
1791452624 195, 405, 37, 0x0000000000000000 | 10.82 6.64 6.91 | cpu  190743067 7196 94874702 6177024792 4304552 0 560890 0 0 0
1791452625 195, 405, 37, 0x0000000000000000 | 10.19 6.58 6.89 | cpu  190743374 7196 94874895 6177038071 4304552 0 560890 0 0 0
1791452626 195, 405, 37, 0x0000000000000000 | 10.19 6.58 6.89 | cpu  190743861 7196 94875270 6177050916 4304574 0 560890 0 0 0
1791452627 195, 405, 37, 0x0000000000000000 | 10.19 6.58 6.89 | cpu  190744241 7196 94875623 6177063939 4304580 0 560890 0 0 0
1791452628 195, 405, 37, 0x0000000000000000 | 10.19 6.58 6.89 | cpu  190744626 7196 94875875 6177077112 4304580 0 560890 0 0 0
1791452629 195, 405, 37, 0x0000000000000000 | 9.86 6.57 6.88 | cpu  190745006 7196 94876100 6177090300 4304580 0 560890 0 0 0
1791452630 195, 405, 37, 0x0000000000000000 | 9.86 6.57 6.88 | cpu  190745324 7196 94876372 6177103449 4304586 0 560890 0 0 0
1791452631 195, 405, 37, 0x0000000000000000 | 9.86 6.57 6.88 | cpu  190745832 7196 94876656 6177116417 4304592 0 560890 0 0 0
1791452632 195, 405, 37, 0x0000000000000000 | 9.86 6.57 6.88 | cpu  190746233 7196 94876889 6177129555 4304592 0 560890 0 0 0
1791452633 195, 405, 37, 0x0000000000000000 | 9.86 6.57 6.88 | cpu  190746697 7196 94877198 6177142600 4304592 0 560890 0 0 0
1791452634 195, 405, 37, 0x0000000000000000 | 9.47 6.55 6.87 | cpu  190747055 7196 94877476 6177155730 4304592 0 560890 0 0 0
1791452635 195, 405, 37, 0x0000000000000000 | 9.47 6.55 6.87 | cpu  190747565 7196 94877737 6177168771 4304607 0 560890 0 0 0
1791452637 195, 405, 37, 0x0000000000000000 | 9.47 6.55 6.87 | cpu  190747946 7196 94877995 6177181893 4304607 0 560891 0 0 0
1791452638 195, 405, 37, 0x0000000000000000 | 9.47 6.55 6.87 | cpu  190748398 7196 94878349 6177194825 4304630 0 560891 0 0 0
1791452639 195, 405, 37, 0x0000000000000000 | 9.03 6.51 6.86 | cpu  190748830 7196 94878640 6177207942 4304630 0 560891 0 0 0
1791452640 195, 405, 37, 0x0000000000000000 | 9.03 6.51 6.86 | cpu  190749186 7196 94878905 6177221145 4304630 0 560891 0 0 0
1791452641 195, 405, 37, 0x0000000000000000 | 9.03 6.51 6.86 | cpu  190749563 7196 94879167 6177234302 4304630 0 560891 0 0 0
1791452642 195, 405, 37, 0x0000000000000000 | 9.03 6.51 6.86 | cpu  190749955 7196 94879476 6177247515 4304630 0 560891 0 0 0
1791452643 195, 405, 37, 0x0000000000000000 | 9.03 6.51 6.86 | cpu  190750342 7196 94879795 6177260573 4304648 0 560891 0 0 0
1791452644 195, 405, 37, 0x0000000000000000 | 9.43 6.63 6.90 | cpu  190750704 7196 94880139 6177273685 4304654 0 560891 0 0 0
1791452645 195, 405, 37, 0x0000000000000000 | 9.43 6.63 6.90 | cpu  190751115 7196 94880515 6177286698 4304654 0 560891 0 0 0
1791452646 195, 405, 37, 0x0000000000000000 | 9.43 6.63 6.90 | cpu  190751470 7196 94880828 6177299843 4304662 0 560891 0 0 0
1791452647 195, 405, 37, 0x0000000000000000 | 9.43 6.63 6.90 | cpu  190751832 7196 94881123 6177313044 4304669 0 560891 0 0 0
1791452649 195, 405, 37, 0x0000000000000000 | 9.43 6.63 6.90 | cpu  190752220 7196 94881368 6177326180 4304669 0 560891 0 0 0
1791452650 195, 405, 37, 0x0000000000000000 | 9.07 6.60 6.89 | cpu  190752701 7196 94881679 6177339179 4304670 0 560891 0 0 0
1791452651 195, 405, 37, 0x0000000000000000 | 9.07 6.60 6.89 | cpu  190753041 7196 94882115 6177352131 4304670 0 560891 0 0 0
1791452652 195, 405, 37, 0x0000000000000000 | 9.07 6.60 6.89 | cpu  190753402 7196 94882414 6177365232 4304678 0 560891 0 0 0
1791452653 195, 405, 37, 0x0000000000000000 | 9.07 6.60 6.89 | cpu  190753872 7196 94883120 6177377834 4304678 0 560892 0 0 0
1791452654 195, 405, 37, 0x0000000000000000 | 9.31 6.69 6.91 | cpu  190754747 7196 94884332 6177389453 4304690 0 560893 0 0 0
1791452655 195, 405, 37, 0x0000000000000000 | 9.31 6.69 6.91 | cpu  190755122 7196 94884560 6177402636 4304690 0 560893 0 0 0
1791452656 195, 405, 37, 0x0000000000000000 | 9.31 6.69 6.91 | cpu  190755417 7196 94884800 6177415902 4304693 0 560893 0 0 0
1791452657 195, 405, 37, 0x0000000000000000 | 9.31 6.69 6.91 | cpu  190755729 7196 94885123 6177428987 4304701 0 560893 0 0 0
1791452658 195, 405, 37, 0x0000000000000000 | 9.31 6.69 6.91 | cpu  190756040 7196 94885317 6177442303 4304701 0 560893 0 0 0
1791452659 195, 405, 37, 0x0000000000000000 | 8.88 6.65 6.90 | cpu  190756355 7196 94885506 6177455585 4304706 0 560893 0 0 0
1791452660 195, 405, 37, 0x0000000000000000 | 8.88 6.65 6.90 | cpu  190756677 7196 94885717 6177468845 4304706 0 560893 0 0 0
1791452661 195, 405, 37, 0x0000000000000000 | 8.88 6.65 6.90 | cpu  190756977 7196 94885911 6177482082 4304716 0 560893 0 0 0
1791452663 195, 405, 37, 0x0000000000000000 | 8.88 6.65 6.90 | cpu  190757277 7196 94886125 6177495397 4304720 0 560893 0 0 0
1791452664 195, 405, 37, 0x0000000000000000 | 9.05 6.72 6.92 | cpu  190757631 7196 94886478 6177508431 4304724 0 560894 0 0 0
1791452665 195, 405, 37, 0x0000000000000000 | 9.05 6.72 6.92 | cpu  190757962 7196 94886685 6177521680 4304744 0 560894 0 0 0
1791452666 195, 405, 37, 0x0000000000000000 | 9.05 6.72 6.92 | cpu  190758425 7196 94886897 6177534794 4304744 0 560894 0 0 0
1791452667 187, 405, 37, 0x0000000000000000 | 9.05 6.72 6.92 | cpu  190758776 7196 94887091 6177548015 4304747 0 560894 0 0 0
1791452668 195, 405, 37, 0x0000000000000000 | 9.05 6.72 6.92 | cpu  190759132 7196 94887315 6177561225 4304758 0 560894 0 0 0
1791452669 195, 405, 37, 0x0000000000000000 | 8.81 6.71 6.92 | cpu  190759587 7196 94887616 6177574332 4304758 0 560894 0 0 0
1791452670 195, 405, 37, 0x0000000000000000 | 8.81 6.71 6.92 | cpu  190759956 7196 94888054 6177587299 4304765 0 560894 0 0 0
1791452671 195, 405, 37, 0x0000000000000000 | 8.81 6.71 6.92 | cpu  190760384 7196 94888390 6177600343 4304767 0 560894 0 0 0
1791452672 195, 405, 37, 0x0000000000000000 | 8.81 6.71 6.92 | cpu  190760732 7196 94888693 6177613470 4304777 0 560895 0 0 0
1791452673 195, 405, 37, 0x0000000000000000 | 8.81 6.71 6.92 | cpu  190761023 7196 94888952 6177626712 4304800 0 560895 0 0 0
1791452674 195, 405, 37, 0x0000000000000000 | 8.42 6.66 6.90 | cpu  190761386 7196 94889301 6177639783 4304843 0 560895 0 0 0
1791452676 195, 405, 37, 0x0000000000000000 | 8.42 6.66 6.90 | cpu  190761573 7196 94889615 6177653059 4304862 0 560895 0 0 0
1791452677 195, 405, 37, 0x0000000000000000 | 8.42 6.66 6.90 | cpu  190761733 7196 94889967 6177666332 4304864 0 560895 0 0 0
1791452678 195, 405, 37, 0x0000000000000000 | 8.42 6.66 6.90 | cpu  190761974 7196 94890428 6177679417 4304873 0 560895 0 0 0
1791452679 195, 405, 37, 0x0000000000000000 | 8.07 6.62 6.88 | cpu  190762179 7196 94890693 6177692705 4304880 0 560897 0 0 0
1791452680 195, 405, 37, 0x0000000000000000 | 8.07 6.62 6.88 | cpu  190762369 7196 94890906 6177706108 4304880 0 560899 0 0 0
1791452681 195, 405, 37, 0x0000000000000000 | 8.07 6.62 6.88 | cpu  190762629 7196 94891196 6177719380 4304880 0 560900 0 0 0
1791452682 195, 405, 37, 0x0000000000000000 | 8.07 6.62 6.88 | cpu  190762884 7196 94891609 6177732470 4304896 0 560900 0 0 0
1791452683 195, 405, 37, 0x0000000000000000 | 8.07 6.62 6.88 | cpu  190763094 7196 94891817 6177745910 4304903 0 560900 0 0 0
1791452684 195, 405, 37, 0x0000000000000000 | 7.74 6.57 6.87 | cpu  190763252 7196 94892028 6177759352 4304911 0 560903 0 0 0
1791452685 195, 405, 37, 0x0000000000000000 | 7.74 6.57 6.87 | cpu  190763573 7196 94892391 6177772480 4304923 0 560904 0 0 0
1791452686 195, 405, 38, 0x0000000000000000 | 7.74 6.57 6.87 | cpu  190763741 7196 94892629 6177785890 4304930 0 560904 0 0 0
1791452687 195, 405, 38, 0x0000000000000000 | 7.74 6.57 6.87 | cpu  190763897 7196 94892865 6177799353 4304933 0 560904 0 0 0
1791452689 195, 405, 37, 0x0000000000000000 | 7.74 6.57 6.87 | cpu  190764060 7196 94893127 6177812736 4304949 0 560904 0 0 0
1791452690 195, 405, 38, 0x0000000000000000 | 7.52 6.55 6.86 | cpu  190764246 7196 94893401 6177826080 4304959 0 560906 0 0 0
1791452691 195, 405, 37, 0x0000000000000000 | 7.52 6.55 6.86 | cpu  190764468 7196 94893637 6177839388 4304959 0 560906 0 0 0
1791452692 195, 405, 38, 0x0000000000000000 | 7.52 6.55 6.86 | cpu  190764693 7196 94893871 6177852751 4304964 0 560906 0 0 0
1791452693 187, 405, 37, 0x0000000000000000 | 7.52 6.55 6.86 | cpu  190764928 7196 94894336 6177865828 4304982 0 560907 0 0 0
1791452694 195, 405, 38, 0x0000000000000000 | 7.48 6.56 6.86 | cpu  190765252 7196 94894625 6177879027 4305003 0 560907 0 0 0
1791452695 195, 405, 38, 0x0000000000000000 | 7.48 6.56 6.86 | cpu  190765794 7196 94894871 6177892037 4305016 0 560907 0 0 0
1791452696 195, 405, 38, 0x0000000000000000 | 7.48 6.56 6.86 | cpu  190766614 7196 94895223 6177904740 4305023 0 560907 0 0 0
1791452697 195, 405, 38, 0x0000000000000000 | 7.48 6.56 6.86 | cpu  190767459 7196 94895438 6177917515 4305026 0 560907 0 0 0
1791452698 195, 405, 37, 0x0000000000000000 | 7.48 6.56 6.86 | cpu  190768294 7196 94895621 6177930337 4305034 0 560907 0 0 0
1791452699 195, 405, 38, 0x0000000000000000 | 7.28 6.53 6.85 | cpu  190769426 7196 94895781 6177942991 4305034 0 560907 0 0 0
1791452700 195, 405, 38, 0x0000000000000000 | 7.28 6.53 6.85 | cpu  190770457 7196 94895947 6177955742 4305034 0 560907 0 0 0
1791452702 195, 405, 38, 0x0000000000000000 | 7.28 6.53 6.85 | cpu  190771346 7196 94896167 6177968490 4305034 0 560908 0 0 0
1791452703 195, 405, 38, 0x0000000000000000 | 7.28 6.53 6.85 | cpu  190772075 7196 94896454 6177981288 4305048 0 560908 0 0 0
1791452704 195, 405, 38, 0x0000000000000000 | 7.18 6.52 6.84 | cpu  190773126 7196 94896868 6177993681 4305054 0 560908 0 0 0
1791452705 195, 405, 38, 0x0000000000000000 | 7.18 6.52 6.84 | cpu  190774086 7196 94897734 6178005721 4305068 0 560908 0 0 0
1791452706 195, 405, 37, 0x0000000000000000 | 7.18 6.52 6.84 | cpu  190775288 7196 94898776 6178017273 4305078 0 560909 0 0 0
1791452707 195, 405, 38, 0x0000000000000000 | 7.18 6.52 6.84 | cpu  190775605 7196 94899046 6178030513 4305083 0 560910 0 0 0
1791452708 195, 405, 38, 0x0000000000000000 | 7.18 6.52 6.84 | cpu  190775758 7196 94899269 6178043942 4305093 0 560910 0 0 0
1791452709 195, 405, 38, 0x0000000000000000 | 6.84 6.46 6.82 | cpu  190775901 7196 94899425 6178057504 4305108 0 560910 0 0 0
1791452710 195, 405, 38, 0x0000000000000000 | 6.84 6.46 6.82 | cpu  190776048 7196 94899600 6178070993 4305113 0 560911 0 0 0
1791452711 195, 405, 38, 0x0000000000000000 | 6.84 6.46 6.82 | cpu  190776254 7196 94899778 6178084444 4305119 0 560911 0 0 0
1791452712 195, 405, 38, 0x0000000000000000 | 6.84 6.46 6.82 | cpu  190776486 7196 94899924 6178097896 4305125 0 560911 0 0 0
1791452713 195, 405, 38, 0x0000000000000000 | 6.84 6.46 6.82 | cpu  190776665 7196 94900085 6178111385 4305139 0 560912 0 0 0
1791452715 195, 405, 38, 0x0000000000000000 | 6.62 6.42 6.81 | cpu  190776832 7196 94900252 6178124823 4305166 0 560926 0 0 0
1791452716 195, 405, 38, 0x0000000000000000 | 6.62 6.42 6.81 | cpu  190777005 7196 94900547 6178137859 4305180 0 560966 0 0 0
1791452717 195, 405, 38, 0x0000000000000000 | 6.62 6.42 6.81 | cpu  190777178 7196 94900809 6178151021 4305187 0 561007 0 0 0
1791452718 195, 405, 38, 0x0000000000000000 | 6.62 6.42 6.81 | cpu  190777343 7196 94901098 6178164124 4305192 0 561047 0 0 0
1791452719 187, 405, 38, 0x0000000000000000 | 6.57 6.41 6.80 | cpu  190777515 7196 94901412 6178177286 4305198 0 561090 0 0 0
1791452720 195, 405, 38, 0x0000000000000000 | 6.57 6.41 6.80 | cpu  190777696 7196 94901761 6178190609 4305218 0 561128 0 0 0
1791452721 195, 405, 38, 0x0000000000000000 | 6.57 6.41 6.80 | cpu  190777862 7196 94902071 6178203695 4305223 0 561170 0 0 0
1791452722 195, 405, 38, 0x0000000000000000 | 6.57 6.41 6.80 | cpu  190778018 7196 94902351 6178216825 4305228 0 561203 0 0 0
1791452723 195, 405, 38, 0x0000000000000000 | 6.57 6.41 6.80 | cpu  190778180 7196 94902636 6178229920 4305243 0 561239 0 0 0
1791452724 195, 405, 38, 0x0000000000000000 | 6.36 6.37 6.79 | cpu  190778361 7196 94902954 6178242963 4305252 0 561274 0 0 0
1791452725 195, 405, 38, 0x0000000000000000 | 6.36 6.37 6.79 | cpu  190778536 7196 94903286 6178256024 4305271 0 561308 0 0 0
1791452727 195, 405, 38, 0x0000000000000000 | 6.36 6.37 6.79 | cpu  190778910 7196 94903617 6178268927 4305279 0 561345 0 0 0
1791452728 195, 405, 38, 0x0000000000000000 | 6.36 6.37 6.79 | cpu  190779098 7196 94903960 6178281985 4305285 0 561373 0 0 0
1791452729 195, 405, 38, 0x0000000000000000 | 6.49 6.40 6.79 | cpu  190779280 7196 94904344 6178295049 4305299 0 561410 0 0 0
1791452730 195, 405, 38, 0x0000000000000000 | 6.49 6.40 6.79 | cpu  190779477 7196 94904742 6178308151 4305317 0 561434 0 0 0
1791452731 195, 405, 38, 0x0000000000000000 | 6.49 6.40 6.79 | cpu  190779645 7196 94905094 6178321355 4305336 0 561443 0 0 0
1791452732 195, 405, 38, 0x0000000000000000 | 6.49 6.40 6.79 | cpu  190779814 7196 94905472 6178334521 4305374 0 561445 0 0 0
1791452733 195, 405, 38, 0x0000000000000000 | 6.49 6.40 6.79 | cpu  190780024 7196 94905822 6178347761 4305390 0 561446 0 0 0
1791452734 195, 405, 38, 0x0000000000000000 | 6.29 6.36 6.78 | cpu  190780583 7196 94906042 6178360902 4305396 0 561446 0 0 0
1791452735 195, 405, 38, 0x0000000000000000 | 6.29 6.36 6.78 | cpu  190781064 7196 94906305 6178374029 4305402 0 561447 0 0 0
1791452736 195, 405, 38, 0x0000000000000000 | 6.29 6.36 6.78 | cpu  190781305 7196 94906583 6178387550 4305421 0 561447 0 0 0
1791452737 195, 405, 38, 0x0000000000000000 | 6.29 6.36 6.78 | cpu  190781554 7196 94906842 6178400852 4305435 0 561447 0 0 0
1791452738 195, 405, 38, 0x0000000000000000 | 6.29 6.36 6.78 | cpu  190781787 7196 94907099 6178414189 4305441 0 561447 0 0 0
1791452740 195, 405, 38, 0x0000000000000000 | 6.19 6.34 6.77 | cpu  190782674 7196 94907311 6178426864 4305452 0 561447 0 0 0
1791452741 195, 405, 38, 0x0000000000000000 | 6.19 6.34 6.77 | cpu  190783077 7196 94907517 6178440064 4305456 0 561447 0 0 0
1791452742 195, 405, 38, 0x0000000000000000 | 6.19 6.34 6.77 | cpu  190783369 7196 94907713 6178453365 4305469 0 561447 0 0 0
1791452743 195, 405, 38, 0x0000000000000000 | 6.19 6.34 6.77 | cpu  190783635 7196 94907943 6178466667 4305482 0 561447 0 0 0
1791452744 195, 405, 38, 0x0000000000000000 | 6.17 6.33 6.77 | cpu  190784563 7196 94908214 6178479301 4305495 0 561447 0 0 0
1791452745 195, 405, 38, 0x0000000000000000 | 6.17 6.33 6.77 | cpu  190784992 7196 94908982 6178491896 4305509 0 561447 0 0 0
1791452746 195, 405, 38, 0x0000000000000000 | 6.17 6.33 6.77 | cpu  190785808 7196 94910211 6178503702 4305516 0 561448 0 0 0
1791452747 195, 405, 38, 0x0000000000000000 | 6.17 6.33 6.77 | cpu  190786212 7196 94910412 6178516905 4305536 0 561448 0 0 0
1791452748 195, 405, 38, 0x0000000000000000 | 6.17 6.33 6.77 | cpu  190787380 7196 94910597 6178529357 4305544 0 561448 0 0 0
1791452749 195, 405, 38, 0x0000000000000000 | 6.08 6.31 6.76 | cpu  190787700 7196 94910778 6178542666 4305554 0 561448 0 0 0
1791452750 195, 405, 38, 0x0000000000000000 | 6.08 6.31 6.76 | cpu  190788017 7196 94910950 6178555967 4305568 0 561448 0 0 0
1791452751 195, 405, 38, 0x0000000000000000 | 6.08 6.31 6.76 | cpu  190788244 7196 94911138 6178569346 4305573 0 561448 0 0 0
1791452752 195, 405, 38, 0x0000000000000000 | 6.08 6.31 6.76 | cpu  190788435 7196 94911357 6178582712 4305603 0 561448 0 0 0
1791452754 195, 405, 38, 0x0000000000000000 | 6.08 6.31 6.76 | cpu  190788582 7196 94911566 6178596136 4305630 0 561448 0 0 0
1791452755 195, 405, 38, 0x0000000000000000 | 5.91 6.27 6.74 | cpu  190788735 7196 94911773 6178609580 4305651 0 561448 0 0 0
1791452756 195, 405, 38, 0x0000000000000000 | 5.91 6.27 6.74 | cpu  190788881 7196 94911981 6178622995 4305674 0 561448 0 0 0
1791452757 195, 405, 38, 0x0000000000000000 | 5.91 6.27 6.74 | cpu  190789072 7196 94912178 6178636439 4305695 0 561448 0 0 0
1791452758 195, 405, 38, 0x0000000000000000 | 5.91 6.27 6.74 | cpu  190789281 7196 94912355 6178649863 4305711 0 561448 0 0 0
1791452759 195, 405, 38, 0x0000000000000000 | 5.84 6.25 6.73 | cpu  190789506 7196 94912541 6178663258 4305726 0 561449 0 0 0
1791452760 195, 405, 38, 0x0000000000000000 | 5.84 6.25 6.73 | cpu  190789731 7196 94912709 6178676676 4305738 0 561449 0 0 0
1791452761 195, 405, 38, 0x0000000000000000 | 5.84 6.25 6.73 | cpu  190789968 7196 94912916 6178690080 4305746 0 561449 0 0 0
1791452762 195, 405, 38, 0x0000000000000000 | 5.84 6.25 6.73 | cpu  190790220 7196 94913234 6178703322 4305784 0 561449 0 0 0
1791452763 195, 405, 38, 0x0000000000000000 | 5.84 6.25 6.73 | cpu  190790462 7196 94913379 6178716738 4305799 0 561449 0 0 0
1791452764 195, 405, 38, 0x0000000000000000 | 5.77 6.23 6.72 | cpu  190790701 7196 94913524 6178730165 4305813 0 561449 0 0 0
1791452765 195, 405, 38, 0x0000000000000000 | 5.77 6.23 6.72 | cpu  190790932 7196 94913678 6178743558 4305829 0 561449 0 0 0
1791452767 195, 405, 38, 0x0000000000000000 | 5.77 6.23 6.72 | cpu  190791168 7196 94913831 6178756960 4305846 0 561449 0 0 0
1791452768 195, 405, 38, 0x0000000000000000 | 5.77 6.23 6.72 | cpu  190791420 7196 94913991 6178770334 4305874 0 561449 0 0 0
1791452769 195, 405, 38, 0x0000000000000000 | 5.79 6.22 6.72 | cpu  190791656 7196 94914210 6178783655 4305888 0 561449 0 0 0
1791452770 195, 405, 38, 0x0000000000000000 | 5.79 6.22 6.72 | cpu  190791899 7196 94914401 6178797069 4305904 0 561449 0 0 0
1791452771 195, 405, 38, 0x0000000000000000 | 5.79 6.22 6.72 | cpu  190792141 7196 94914657 6178810338 4305921 0 561449 0 0 0
1791452772 195, 405, 38, 0x0000000000000000 | 5.79 6.22 6.72 | cpu  190792384 7196 94914827 6178823722 4305936 0 561449 0 0 0
1791452773 195, 405, 38, 0x0000000000000000 | 5.79 6.22 6.72 | cpu  190792622 7196 94914976 6178837139 4305952 0 561449 0 0 0
1791452774 195, 405, 38, 0x0000000000000000 | 5.65 6.19 6.70 | cpu  190792857 7196 94915126 6178850554 4305968 0 561449 0 0 0
1791452775 195, 405, 38, 0x0000000000000000 | 5.65 6.19 6.70 | cpu  190793063 7196 94915307 6178864041 4305985 0 561449 0 0 0
1791452776 195, 405, 38, 0x0000000000000000 | 5.65 6.19 6.70 | cpu  190793287 7196 94915470 6178877506 4305991 0 561449 0 0 0
1791452777 195, 405, 38, 0x0000000000000000 | 5.65 6.19 6.70 | cpu  190793543 7196 94915608 6178890915 4306011 0 561449 0 0 0
1791452778 195, 405, 38, 0x0000000000000000 | 5.65 6.19 6.70 | cpu  190793786 7196 94915749 6178904341 4306028 0 561449 0 0 0
1791452780 195, 405, 38, 0x0000000000000000 | 5.51 6.15 6.69 | cpu  190794013 7196 94915906 6178917781 4306044 0 561449 0 0 0
1791452781 195, 405, 38, 0x0000000000000000 | 5.51 6.15 6.69 | cpu  190794344 7196 94916501 6178930635 4306061 0 561449 0 0 0
1791452782 195, 405, 38, 0x0000000000000000 | 5.51 6.15 6.69 | cpu  190795027 7196 94917634 6178942568 4306084 0 561450 0 0 0
1791452783 195, 405, 38, 0x0000000000000000 | 5.51 6.15 6.69 | cpu  190795258 7196 94917798 6178955970 4306100 0 561451 0 0 0
1791452784 195, 405, 38, 0x0000000000000000 | 5.55 6.15 6.68 | cpu  190795781 7196 94917998 6178969153 4306122 0 561451 0 0 0
1791452785 195, 405, 38, 0x0000000000000000 | 5.55 6.15 6.68 | cpu  190796345 7196 94918210 6178982192 4306131 0 561451 0 0 0
1791452786 195, 405, 38, 0x0000000000000000 | 5.55 6.15 6.68 | cpu  190796859 7196 94918416 6178995457 4306137 0 561451 0 0 0
1791452787 195, 405, 38, 0x0000000000000000 | 5.55 6.15 6.68 | cpu  190797136 7196 94918684 6179008736 4306150 0 561451 0 0 0
1791452788 195, 405, 38, 0x0000000000000000 | 5.55 6.15 6.68 | cpu  190797372 7196 94918928 6179022034 4306165 0 561451 0 0 0
1791452789 195, 405, 38, 0x0000000000000000 | 5.51 6.13 6.67 | cpu  190797638 7196 94919158 6179035384 4306171 0 561451 0 0 0
1791452790 195, 405, 38, 0x0000000000000000 | 5.51 6.13 6.67 | cpu  190797876 7196 94919407 6179048749 4306176 0 561451 0 0 0
1791452791 187, 405, 38, 0x0000000000000000 | 5.51 6.13 6.67 | cpu  190798114 7196 94919630 6179062084 4306182 0 561451 0 0 0
1791452793 195, 405, 38, 0x0000000000000000 | 5.51 6.13 6.67 | cpu  190798422 7196 94919918 6179075271 4306222 0 561451 0 0 0
1791452794 195, 405, 38, 0x0000000000000000 | 5.51 6.13 6.67 | cpu  190798651 7196 94920173 6179088613 4306228 0 561451 0 0 0
1791452795 195, 405, 38, 0x0000000000000000 | 5.47 6.11 6.67 | cpu  190798882 7196 94920433 6179101920 4306233 0 561451 0 0 0
1791452796 195, 405, 38, 0x0000000000000000 | 5.47 6.11 6.67 | cpu  190799107 7196 94920691 6179115276 4306239 0 561451 0 0 0
1791452797 195, 405, 38, 0x0000000000000000 | 5.47 6.11 6.67 | cpu  190799335 7196 94920857 6179128723 4306260 0 561451 0 0 0
1791452798 195, 405, 38, 0x0000000000000000 | 5.47 6.11 6.67 | cpu  190799571 7196 94921041 6179142151 4306266 0 561451 0 0 0
1791452799 195, 405, 38, 0x0000000000000000 | 5.35 6.07 6.65 | cpu  190799813 7196 94921193 6179155604 4306285 0 561451 0 0 0
1791452800 195, 405, 38, 0x0000000000000000 | 5.35 6.07 6.65 | cpu  190800046 7196 94921352 6179169035 4306291 0 561451 0 0 0
1791452801 195, 405, 38, 0x0000000000000000 | 5.35 6.07 6.65 | cpu  190800274 7196 94921499 6179182456 4306308 0 561451 0 0 0
1791452802 195, 405, 38, 0x0000000000000000 | 5.35 6.07 6.65 | cpu  190800506 7196 94921652 6179195880 4306339 0 561451 0 0 0
1791452803 195, 405, 38, 0x0000000000000000 | 5.35 6.07 6.65 | cpu  190800735 7196 94921798 6179209322 4306362 0 561451 0 0 0
1791452804 195, 405, 38, 0x0000000000000000 | 5.24 6.04 6.64 | cpu  190800963 7196 94921945 6179222750 4306378 0 561451 0 0 0
1791452806 195, 405, 38, 0x0000000000000000 | 5.24 6.04 6.64 | cpu  190801200 7196 94922092 6179236171 4306395 0 561451 0 0 0
1791452807 195, 405, 38, 0x0000000000000000 | 5.24 6.04 6.64 | cpu  190801433 7196 94922255 6179249770 4306410 0 561451 0 0 0
1791452808 195, 405, 38, 0x0000000000000000 | 5.24 6.04 6.64 | cpu  190801653 7196 94922417 6179263160 4306440 0 561451 0 0 0
1791452809 195, 405, 38, 0x0000000000000000 | 5.14 6.00 6.62 | cpu  190801875 7196 94922579 6179276582 4306446 0 561451 0 0 0
1791452810 195, 405, 38, 0x0000000000000000 | 5.14 6.00 6.62 | cpu  190802096 7196 94922744 6179290008 4306469 0 561451 0 0 0
1791452811 195, 405, 38, 0x0000000000000000 | 5.14 6.00 6.62 | cpu  190802328 7196 94922905 6179303447 4306486 0 561452 0 0 0
1791452812 195, 405, 38, 0x0000000000000000 | 5.14 6.00 6.62 | cpu  190802550 7196 94923074 6179316844 4306523 0 561452 0 0 0
1791452813 195, 405, 38, 0x0000000000000000 | 5.14 6.00 6.62 | cpu  190802772 7196 94923235 6179330284 4306538 0 561452 0 0 0
1791452814 195, 405, 38, 0x0000000000000000 | 5.05 5.97 6.61 | cpu  190802993 7196 94923403 6179343700 4306555 0 561452 0 0 0
1791452815 195, 405, 38, 0x0000000000000000 | 5.05 5.97 6.61 | cpu  190803216 7196 94923572 6179357122 4306579 0 561452 0 0 0
1791452816 195, 405, 38, 0x0000000000000000 | 5.05 5.97 6.61 | cpu  190803436 7196 94923742 6179370594 4306595 0 561452 0 0 0
1791452817 187, 405, 38, 0x0000000000000000 | 5.05 5.97 6.61 | cpu  190803668 7196 94923974 6179383905 4306613 0 561452 0 0 0
1791452819 195, 405, 38, 0x0000000000000000 | 5.05 5.97 6.61 | cpu  190803891 7196 94924235 6179397250 4306617 0 561452 0 0 0
1791452820 195, 405, 38, 0x0000000000000000 | 5.13 5.97 6.60 | cpu  190804111 7196 94924478 6179410627 4306617 0 561452 0 0 0
1791452821 195, 405, 38, 0x0000000000000000 | 5.13 5.97 6.60 | cpu  190804332 7196 94924608 6179424110 4306617 0 561452 0 0 0
1791452822 195, 405, 38, 0x0000000000000000 | 5.13 5.97 6.60 | cpu  190804564 7196 94924756 6179437620 4306625 0 561452 0 0 0
1791452823 195, 405, 38, 0x0000000000000000 | 5.13 5.97 6.60 | cpu  190804796 7196 94924914 6179451118 4306632 0 561452 0 0 0
1791452824 195, 405, 38, 0x0000000000000000 | 5.12 5.95 6.60 | cpu  190805014 7196 94925106 6179464581 4306632 0 561453 0 0 0
1791452825 195, 405, 38, 0x0000000000000000 | 5.12 5.95 6.60 | cpu  190805190 7196 94925318 6179477983 4306639 0 561453 0 0 0
1791452826 195, 405, 38, 0x0000000000000000 | 5.12 5.95 6.60 | cpu  190805380 7196 94925511 6179491392 4306639 0 561453 0 0 0
1791452827 195, 405, 38, 0x0000000000000000 | 5.12 5.95 6.60 | cpu  190805539 7196 94925711 6179504819 4306653 0 561454 0 0 0
1791452828 195, 405, 38, 0x0000000000000000 | 5.12 5.95 6.60 | cpu  190805700 7196 94925909 6179518267 4306653 0 561454 0 0 0
1791452829 195, 405, 38, 0x0000000000000000 | 4.95 5.91 6.58 | cpu  190805873 7196 94926101 6179531683 4306653 0 561454 0 0 0
1791452830 195, 405, 38, 0x0000000000000000 | 4.95 5.91 6.58 | cpu  190806035 7196 94926301 6179545097 4306660 0 561455 0 0 0
1791452831 195, 405, 38, 0x0000000000000000 | 4.95 5.91 6.58 | cpu  190806195 7196 94926496 6179558564 4306660 0 561455 0 0 0
1791452833 195, 405, 38, 0x0000000000000000 | 4.95 5.91 6.58 | cpu  190806364 7196 94926708 6179571965 4306682 0 561455 0 0 0
1791452834 195, 405, 38, 0x0000000000000000 | 4.95 5.91 6.58 | cpu  190806525 7196 94927009 6179585307 4306682 0 561456 0 0 0
1791452835 195, 405, 38, 0x0000000000000000 | 4.87 5.87 6.56 | cpu  190806690 7196 94927209 6179598775 4306682 0 561456 0 0 0
1791452836 195, 405, 38, 0x0000000000000000 | 4.87 5.87 6.56 | cpu  190806859 7196 94927400 6179612201 4306690 0 561456 0 0 0
1791452837 195, 405, 38, 0x0000000000000000 | 4.87 5.87 6.56 | cpu  190807017 7196 94927601 6179625717 4306705 0 561457 0 0 0
1791452838 195, 405, 38, 0x0000000000000000 | 4.87 5.87 6.56 | cpu  190807180 7196 94927793 6179639196 4306708 0 561457 0 0 0
1791452839 195, 405, 38, 0x0000000000000000 | 4.72 5.83 6.54 | cpu  190807338 7196 94927991 6179652705 4306708 0 561458 0 0 0
1791452840 195, 405, 38, 0x0000000000000000 | 4.72 5.83 6.54 | cpu  190807496 7196 94928195 6179666135 4306712 0 561458 0 0 0
1791452841 195, 405, 38, 0x0000000000000000 | 4.72 5.83 6.54 | cpu  190807662 7196 94928388 6179679718 4306715 0 561459 0 0 0
1791452842 195, 405, 38, 0x0000000000000000 | 4.72 5.83 6.54 | cpu  190807872 7196 94928538 6179693154 4306726 0 561459 0 0 0
1791452843 187, 405, 38, 0x0000000000000000 | 4.72 5.83 6.54 | cpu  190808084 7196 94928683 6179706596 4306726 0 561459 0 0 0
1791452844 195, 405, 38, 0x0000000000000000 | 4.66 5.80 6.53 | cpu  190808291 7196 94928833 6179720057 4306726 0 561459 0 0 0
1791452846 195, 405, 38, 0x0000000000000000 | 4.66 5.80 6.53 | cpu  190808506 7196 94929004 6179733473 4306733 0 561460 0 0 0
1791452847 195, 405, 38, 0x0000000000000000 | 4.66 5.80 6.53 | cpu  190808984 7196 94929324 6179746465 4306733 0 561460 0 0 0
1791452848 195, 405, 38, 0x0000000000000000 | 4.66 5.80 6.53 | cpu  190809297 7196 94930031 6179759256 4306737 0 561460 0 0 0
1791452849 195, 405, 38, 0x0000000000000000 | 4.61 5.77 6.52 | cpu  190810003 7196 94931230 6179771187 4306745 0 561460 0 0 0
1791452850 195, 405, 38, 0x0000000000000000 | 4.61 5.77 6.52 | cpu  190810191 7196 94931499 6179784524 4306745 0 561460 0 0 0
1791452851 195, 405, 38, 0x0000000000000000 | 4.61 5.77 6.52 | cpu  190810335 7196 94931818 6179797890 4306746 0 561460 0 0 0
1791452852 195, 405, 38, 0x0000000000000000 | 4.61 5.77 6.52 | cpu  190810499 7196 94932183 6179811142 4306753 0 561460 0 0 0
1791452853 195, 405, 38, 0x0000000000000000 | 4.61 5.77 6.52 | cpu  190810651 7196 94932514 6179824503 4306769 0 561461 0 0 0
1791452854 195, 405, 38, 0x0000000000000000 | 4.56 5.74 6.50 | cpu  190810796 7196 94932834 6179837873 4306769 0 561462 0 0 0
1791452855 195, 405, 38, 0x0000000000000000 | 4.56 5.74 6.50 | cpu  190810938 7196 94933156 6179851214 4306769 0 561462 0 0 0
1791452856 195, 405, 38, 0x0000000000000000 | 4.56 5.74 6.50 | cpu  190811081 7196 94933478 6179864594 4306769 0 561463 0 0 0
1791452857 195, 405, 38, 0x0000000000000000 | 4.56 5.74 6.50 | cpu  190811229 7196 94933845 6179877906 4306784 0 561463 0 0 0
1791452859 195, 405, 37, 0x0000000000000000 | 4.56 5.74 6.50 | cpu  190811396 7196 94934294 6179891100 4306794 0 561463 0 0 0
1791452860 195, 405, 38, 0x0000000000000000 | 4.60 5.72 6.49 | cpu  190811563 7196 94934705 6179904426 4306794 0 561464 0 0 0
1791452861 195, 405, 38, 0x0000000000000000 | 4.60 5.72 6.49 | cpu  190811736 7196 94935117 6179917702 4306798 0 561465 0 0 0
1791452862 195, 405, 37, 0x0000000000000000 | 4.60 5.72 6.49 | cpu  190811926 7196 94935543 6179930882 4306810 0 561465 0 0 0
1791452863 195, 405, 38, 0x0000000000000000 | 4.60 5.72 6.49 | cpu  190812074 7196 94935977 6179944096 4306822 0 561465 0 0 0
1791452864 195, 405, 37, 0x0000000000000000 | 4.63 5.71 6.48 | cpu  190812218 7196 94936353 6179957394 4306822 0 561465 0 0 0
1791452865 195, 405, 37, 0x0000000000000000 | 4.63 5.71 6.48 | cpu  190812356 7196 94936782 6179970631 4306823 0 561466 0 0 0
1791452866 195, 405, 37, 0x0000000000000000 | 4.63 5.71 6.48 | cpu  190812502 7196 94937202 6179983857 4306823 0 561466 0 0 0
1791452867 195, 405, 37, 0x0000000000000000 | 4.63 5.71 6.48 | cpu  190812700 7196 94937473 6179997202 4306831 0 561466 0 0 0
1791452868 195, 405, 37, 0x0000000000000000 | 4.63 5.71 6.48 | cpu  190812874 7196 94937760 6180010516 4306841 0 561466 0 0 0
1791452869 195, 405, 37, 0x0000000000000000 | 4.58 5.68 6.47 | cpu  190813016 7196 94938076 6180023845 4306841 0 561466 0 0 0
1791452870 195, 405, 37, 0x0000000000000000 | 4.58 5.68 6.47 | cpu  190813155 7196 94938398 6180037172 4306841 0 561467 0 0 0
1791452871 195, 405, 37, 0x0000000000000000 | 4.58 5.68 6.47 | cpu  190813294 7196 94938718 6180050499 4306841 0 561467 0 0 0
1791452873 195, 405, 37, 0x0000000000000000 | 4.58 5.68 6.47 | cpu  190813434 7196 94939042 6180063832 4306856 0 561467 0 0 0
1791452874 195, 405, 37, 0x0000000000000000 | 4.58 5.68 6.47 | cpu  190813581 7196 94939356 6180077150 4306859 0 561468 0 0 0
1791452875 195, 405, 37, 0x0000000000000000 | 4.53 5.65 6.46 | cpu  190813734 7196 94939691 6180090571 4306866 0 561468 0 0 0
1791452876 195, 405, 37, 0x0000000000000000 | 4.53 5.65 6.46 | cpu  190813888 7196 94940047 6180103883 4306866 0 561468 0 0 0
1791452877 195, 405, 37, 0x0000000000000000 | 4.53 5.65 6.46 | cpu  190814032 7196 94940435 6180117203 4306874 0 561469 0 0 0
1791452878 195, 405, 37, 0x0000000000000000 | 4.53 5.65 6.46 | cpu  190814175 7196 94940786 6180130602 4306874 0 561469 0 0 0
1791452879 195, 405, 37, 0x0000000000000000 | 4.57 5.64 6.45 | cpu  190814448 7196 94941078 6180143968 4306879 0 561469 0 0 0
1791452880 195, 405, 37, 0x0000000000000000 | 4.57 5.64 6.45 | cpu  190814693 7196 94941323 6180157422 4306879 0 561471 0 0 0
1791452881 195, 405, 37, 0x0000000000000000 | 4.57 5.64 6.45 | cpu  190814988 7196 94941627 6180170614 4306892 0 561471 0 0 0
1791452882 195, 405, 37, 0x0000000000000000 | 4.57 5.64 6.45 | cpu  190815295 7196 94942033 6180183656 4306915 0 561471 0 0 0
1791452883 195, 405, 37, 0x0000000000000000 | 4.57 5.64 6.45 | cpu  190815528 7233 94942310 6180196917 4306933 0 561471 0 0 0
1791452884 195, 405, 37, 0x0000000000000000 | 4.52 5.61 6.44 | cpu  190815712 7299 94942511 6180210270 4306953 0 561472 0 0 0
1791452886 195, 405, 37, 0x0000000000000000 | 4.52 5.61 6.44 | cpu  190815961 7323 94942692 6180223629 4306967 0 561472 0 0 0
1791452887 195, 405, 37, 0x0000000000000000 | 4.52 5.61 6.44 | cpu  190816174 7323 94942904 6180237020 4306998 0 561473 0 0 0
1791452888 195, 405, 37, 0x0000000000000000 | 4.52 5.61 6.44 | cpu  190816358 7323 94943177 6180250376 4307017 0 561473 0 0 0
1791452889 195, 405, 37, 0x0000000000000000 | 5.36 5.77 6.48 | cpu  190816590 7323 94944446 6180262673 4307035 0 561474 0 0 0
1791452890 195, 405, 37, 0x0000000000000000 | 5.36 5.77 6.48 | cpu  190816793 7323 94945407 6180275501 4307067 0 561474 0 0 0
1791452891 195, 405, 37, 0x0000000000000000 | 5.36 5.77 6.48 | cpu  190817499 7323 94946161 6180288013 4307079 0 561474 0 0 0
1791452892 195, 405, 37, 0x0000000000000000 | 5.36 5.77 6.48 | cpu  190817836 7323 94946799 6180300740 4307079 0 561474 0 0 0
1791452893 195, 405, 37, 0x0000000000000000 | 5.36 5.77 6.48 | cpu  190818881 7323 94947269 6180312924 4307094 0 561475 0 0 0
1791452894 195, 405, 37, 0x0000000000000000 | 5.41 5.77 6.48 | cpu  190819074 7323 94947582 6180326275 4307114 0 561475 0 0 0
1791452895 195, 405, 37, 0x0000000000000000 | 5.41 5.77 6.48 | cpu  190819262 7323 94947897 6180339596 4307128 0 561475 0 0 0
1791452896 195, 405, 37, 0x0000000000000000 | 5.41 5.77 6.48 | cpu  190819450 7323 94948303 6180352832 4307128 0 561475 0 0 0
1791452897 195, 405, 37, 0x0000000000000000 | 5.41 5.77 6.48 | cpu  190819628 7323 94948622 6180366140 4307128 0 561475 0 0 0
1791452899 195, 405, 37, 0x0000000000000000 | 5.41 5.77 6.48 | cpu  190819796 7323 94948915 6180379508 4307131 0 561476 0 0 0
1791452900 195, 405, 37, 0x0000000000000000 | 5.30 5.75 6.47 | cpu  190819979 7323 94949189 6180392883 4307131 0 561477 0 0 0
1791452901 195, 405, 37, 0x0000000000000000 | 5.30 5.75 6.47 | cpu  190820146 7323 94949429 6180406307 4307139 0 561477 0 0 0
1791452902 195, 405, 37, 0x0000000000000000 | 5.30 5.75 6.47 | cpu  190820321 7323 94949719 6180419708 4307139 0 561478 0 0 0
1791452903 195, 405, 37, 0x0000000000000000 | 5.30 5.75 6.47 | cpu  190820491 7323 94950005 6180433105 4307139 0 561479 0 0 0
1791452904 195, 405, 37, 0x0000000000000000 | 5.20 5.72 6.45 | cpu  190820663 7323 94950290 6180446458 4307142 0 561479 0 0 0
1791452905 195, 405, 37, 0x0000000000000000 | 5.20 5.72 6.45 | cpu  190820832 7323 94950577 6180459861 4307142 0 561480 0 0 0
1791452906 195, 405, 37, 0x0000000000000000 | 5.20 5.72 6.45 | cpu  190820999 7323 94950864 6180473227 4307150 0 561480 0 0 0
1791452907 195, 405, 37, 0x0000000000000000 | 5.20 5.72 6.45 | cpu  190821180 7323 94951142 6180486583 4307172 0 561480 0 0 0
1791452908 195, 405, 37, 0x0000000000000000 | 5.20 5.72 6.45 | cpu  190821356 7323 94951436 6180499979 4307172 0 561481 0 0 0
1791452909 195, 405, 37, 0x0000000000000000 | 5.10 5.69 6.44 | cpu  190821519 7323 94951726 6180513372 4307175 0 561481 0 0 0
1791452910 195, 405, 37, 0x0000000000000000 | 5.10 5.69 6.44 | cpu  190821690 7323 94952031 6180526729 4307186 0 561481 0 0 0
1791452912 195, 405, 37, 0x0000000000000000 | 5.10 5.69 6.44 | cpu  190821865 7323 94952293 6180540105 4307186 0 561481 0 0 0
1791452913 195, 405, 37, 0x0000000000000000 | 5.10 5.69 6.44 | cpu  190822048 7323 94952616 6180553383 4307212 0 561481 0 0 0
1791452914 195, 405, 37, 0x0000000000000000 | 5.09 5.68 6.43 | cpu  190822212 7323 94952908 6180566767 4307212 0 561482 0 0 0
1791452915 195, 405, 37, 0x0000000000000000 | 5.09 5.68 6.43 | cpu  190822404 7323 94953208 6180580164 4307215 0 561482 0 0 0
1791452916 195, 405, 37, 0x0000000000000000 | 5.09 5.68 6.43 | cpu  190822615 7323 94953567 6180593445 4307215 0 561482 0 0 0
1791452917 195, 405, 37, 0x0000000000000000 | 5.09 5.68 6.43 | cpu  190822770 7323 94953978 6180606671 4307229 0 561482 0 0 0
1791452918 195, 405, 37, 0x0000000000000000 | 5.09 5.68 6.43 | cpu  190822935 7323 94954384 6180619902 4307229 0 561483 0 0 0
1791452919 195, 405, 37, 0x0000000000000000 | 5.08 5.66 6.42 | cpu  190823101 7323 94954797 6180633141 4307232 0 561483 0 0 0
1791452920 195, 405, 37, 0x0000000000000000 | 5.08 5.66 6.42 | cpu  190823260 7323 94955207 6180646383 4307232 0 561484 0 0 0
1791452921 195, 405, 37, 0x0000000000000000 | 5.08 5.66 6.42 | cpu  190823421 7323 94955616 6180659624 4307235 0 561484 0 0 0
1791452922 195, 405, 37, 0x0000000000000000 | 5.08 5.66 6.42 | cpu  190823592 7323 94956023 6180672846 4307249 0 561484 0 0 0
1791452923 195, 405, 37, 0x0000000000000000 | 5.08 5.66 6.42 | cpu  190823767 7323 94956427 6180686168 4307249 0 561484 0 0 0
1791452925 195, 405, 37, 0x0000000000000000 | 5.16 5.67 6.42 | cpu  190823933 7323 94956836 6180699465 4307253 0 561485 0 0 0
1791452926 195, 405, 37, 0x0000000000000000 | 5.16 5.67 6.42 | cpu  190824098 7323 94957245 6180712785 4307253 0 561486 0 0 0
1791452927 195, 405, 37, 0x0000000000000000 | 5.16 5.67 6.42 | cpu  190824270 7323 94957658 6180726014 4307260 0 561487 0 0 0
1791452928 195, 405, 37, 0x0000000000000000 | 5.16 5.67 6.42 | cpu  190824441 7323 94957994 6180739315 4307281 0 561487 0 0 0
1791452929 195, 405, 37, 0x0000000000000000 | 5.06 5.64 6.41 | cpu  190824606 7323 94958300 6180752632 4307281 0 561487 0 0 0
1791452930 195, 405, 37, 0x0000000000000000 | 5.06 5.64 6.41 | cpu  190824768 7323 94958603 6180765968 4307284 0 561487 0 0 0
1791452931 195, 405, 37, 0x0000000000000000 | 5.06 5.64 6.41 | cpu  190825020 7323 94958925 6180779209 4307284 0 561488 0 0 0
1791452932 195, 405, 37, 0x0000000000000000 | 5.06 5.64 6.41 | cpu  190825168 7323 94959242 6180792510 4307306 0 561488 0 0 0
1791452933 195, 405, 37, 0x0000000000000000 | 5.06 5.64 6.41 | cpu  190825310 7323 94959567 6180805846 4307306 0 561489 0 0 0
1791452934 195, 405, 37, 0x0000000000000000 | 4.98 5.61 6.39 | cpu  190825501 7323 94959850 6180819208 4307306 0 561489 0 0 0
1791452935 195, 405, 37, 0x0000000000000000 | 4.98 5.61 6.39 | cpu  190825739 7323 94960179 6180832471 4307309 0 561490 0 0 0
1791452936 195, 405, 37, 0x0000000000000000 | 4.98 5.61 6.39 | cpu  190825903 7323 94960588 6180845700 4307315 0 561490 0 0 0
1791452937 195, 405, 37, 0x0000000000000000 | 4.98 5.61 6.39 | cpu  190826063 7323 94961003 6180858927 4307324 0 561490 0 0 0
1791452939 195, 405, 37, 0x0000000000000000 | 4.98 5.61 6.39 | cpu  190826226 7323 94961306 6180872245 4307324 0 561490 0 0 0
1791452940 195, 405, 37, 0x0000000000000000 | 5.06 5.62 6.39 | cpu  190826386 7323 94961607 6180885576 4307330 0 561490 0 0 0
1791452941 195, 405, 37, 0x0000000000000000 | 5.06 5.62 6.39 | cpu  190826543 7323 94961910 6180898932 4307330 0 561491 0 0 0
1791452942 187, 405, 37, 0x0000000000000000 | 5.06 5.62 6.39 | cpu  190826727 7323 94962307 6180912326 4307344 0 561491 0 0 0
1791452943 195, 405, 37, 0x0000000000000000 | 5.06 5.62 6.39 | cpu  190826923 7323 94962734 6180925486 4307364 0 561491 0 0 0
1791452944 195, 405, 37, 0x0000000000000000 | 5.06 5.61 6.38 | cpu  190827408 7323 94963238 6180938389 4307364 0 561492 0 0 0
1791452945 195, 405, 37, 0x0000000000000000 | 5.06 5.61 6.38 | cpu  190827607 7323 94963594 6180951677 4307367 0 561492 0 0 0
1791452946 195, 405, 37, 0x0000000000000000 | 5.06 5.61 6.38 | cpu  190827791 7323 94963980 6180964950 4307367 0 561493 0 0 0
1791452947 195, 405, 37, 0x0000000000000000 | 5.06 5.61 6.38 | cpu  190827993 7323 94964348 6180978166 4307389 0 561493 0 0 0
1791452948 195, 405, 37, 0x0000000000000000 | 5.06 5.61 6.38 | cpu  190828196 7323 94964715 6180991415 4307389 0 561494 0 0 0
1791452949 195, 405, 37, 0x0000000000000000 | 4.97 5.58 6.37 | cpu  190828383 7323 94965013 6181004735 4307389 0 561494 0 0 0
1791452950 195, 405, 37, 0x0000000000000000 | 4.97 5.58 6.37 | cpu  190828628 7323 94965275 6181018065 4307393 0 561494 0 0 0
1791452952 195, 405, 37, 0x0000000000000000 | 4.97 5.58 6.37 | cpu  190828829 7323 94965539 6181031423 4307393 0 561495 0 0 0
1791452953 195, 405, 37, 0x0000000000000000 | 4.97 5.58 6.37 | cpu  190829029 7323 94965839 6181044794 4307400 0 561495 0 0 0
1791452954 195, 405, 37, 0x0000000000000000 | 4.89 5.56 6.36 | cpu  190829225 7323 94966117 6181058197 4307400 0 561496 0 0 0
1791452955 187, 405, 37, 0x0000000000000000 | 4.89 5.56 6.36 | cpu  190829415 7323 94966389 6181071545 4307402 0 561496 0 0 0
1791452956 195, 405, 37, 0x0000000000000000 | 4.89 5.56 6.36 | cpu  190829604 7323 94966660 6181084899 4307404 0 561497 0 0 0
1791452957 195, 405, 37, 0x0000000000000000 | 4.89 5.56 6.36 | cpu  190829806 7323 94966925 6181098233 4307415 0 561497 0 0 0
1791452958 195, 405, 37, 0x0000000000000000 | 4.89 5.56 6.36 | cpu  190830040 7323 94967179 6181111660 4307415 0 561497 0 0 0
1791452959 195, 405, 37, 0x0000000000000000 | 4.90 5.55 6.35 | cpu  190830301 7323 94967516 6181124900 4307415 0 561497 0 0 0
1791452960 195, 405, 37, 0x0000000000000000 | 4.90 5.55 6.35 | cpu  190830531 7323 94967785 6181138211 4307418 0 561498 0 0 0
1791452961 195, 405, 37, 0x0000000000000000 | 4.90 5.55 6.35 | cpu  190830738 7323 94968111 6181151526 4307418 0 561499 0 0 0
1791452962 195, 405, 37, 0x0000000000000000 | 4.90 5.55 6.35 | cpu  190831078 7323 94968448 6181164674 4307438 0 561499 0 0 0
1791452963 195, 405, 37, 0x0000000000000000 | 4.90 5.55 6.35 | cpu  190831480 7323 94969438 6181177079 4307438 0 561501 0 0 0
1791452965 195, 405, 37, 0x0000000000000000 | 9.87 6.57 6.68 | cpu  190832121 7323 94970299 6181189371 4307438 0 561501 0 0 0
1791452966 195, 405, 37, 0x0000000000000000 | 9.87 6.57 6.68 | cpu  190832367 7323 94970509 6181202763 4307442 0 561501 0 0 0
1791452967 195, 405, 37, 0x0000000000000000 | 9.87 6.57 6.68 | cpu  190832529 7323 94970713 6181216282 4307442 0 561502 0 0 0
1791452968 195, 405, 37, 0x0000000000000000 | 9.87 6.57 6.68 | cpu  190832680 7323 94970915 6181229744 4307461 0 561502 0 0 0
1791452969 195, 405, 37, 0x0000000000000000 | 9.32 6.51 6.66 | cpu  190832831 7323 94971119 6181243249 4307461 0 561503 0 0 0
1791452970 195, 405, 37, 0x0000000000000000 | 9.32 6.51 6.66 | cpu  190832985 7323 94971320 6181256782 4307461 0 561503 0 0 0
1791452971 195, 405, 37, 0x0000000000000000 | 9.32 6.51 6.66 | cpu  190833137 7323 94971577 6181270229 4307463 0 561504 0 0 0
1791452972 195, 405, 37, 0x0000000000000000 | 9.32 6.51 6.66 | cpu  190833307 7323 94971889 6181283629 4307493 0 561504 0 0 0
1791452973 195, 405, 37, 0x0000000000000000 | 9.32 6.51 6.66 | cpu  190833470 7323 94972095 6181297101 4307496 0 561504 0 0 0
1791452974 195, 405, 37, 0x0000000000000000 | 8.82 6.45 6.64 | cpu  190833626 7323 94972297 6181310549 4307496 0 561505 0 0 0
1791452975 195, 405, 37, 0x0000000000000000 | 8.82 6.45 6.64 | cpu  190833802 7323 94972513 6181323959 4307499 0 561505 0 0 0
1791452976 195, 405, 37, 0x0000000000000000 | 8.82 6.45 6.64 | cpu  190833973 7323 94972746 6181337381 4307499 0 561506 0 0 0
1791452978 195, 405, 37, 0x0000000000000000 | 8.82 6.45 6.64 | cpu  190834150 7323 94973091 6181350674 4307521 0 561507 0 0 0
1791452979 195, 405, 37, 0x0000000000000000 | 8.82 6.45 6.64 | cpu  190834323 7323 94973381 6181364062 4307521 0 561507 0 0 0
1791452980 195, 405, 37, 0x0000000000000000 | 8.43 6.41 6.62 | cpu  190834487 7323 94973691 6181377439 4307521 0 561508 0 0 0
1791452981 195, 405, 37, 0x0000000000000000 | 8.43 6.41 6.62 | cpu  190834642 7323 94973942 6181390862 4307524 0 561509 0 0 0
1791452982 195, 405, 37, 0x0000000000000000 | 8.43 6.41 6.62 | cpu  190834800 7323 94974145 6181404303 4307533 0 561510 0 0 0
1791452983 195, 405, 37, 0x0000000000000000 | 8.43 6.41 6.62 | cpu  190834953 7323 94974354 6181417753 4307553 0 561511 0 0 0
1791452984 195, 405, 37, 0x0000000000000000 | 8.08 6.37 6.61 | cpu  190835110 7323 94974554 6181431197 4307553 0 561512 0 0 0
1791452985 195, 405, 37, 0x0000000000000000 | 8.08 6.37 6.61 | cpu  190835264 7323 94974757 6181444669 4307553 0 561512 0 0 0
1791452986 195, 405, 37, 0x0000000000000000 | 8.08 6.37 6.61 | cpu  190835423 7323 94974964 6181458143 4307556 0 561513 0 0 0
1791452987 195, 405, 37, 0x0000000000000000 | 8.08 6.37 6.61 | cpu  190835582 7323 94975166 6181471628 4307570 0 561513 0 0 0
1791452988 195, 405, 37, 0x0000000000000000 | 8.08 6.37 6.61 | cpu  190835752 7323 94975372 6181485083 4307570 0 561514 0 0 0
1791452989 195, 405, 37, 0x0000000000000000 | 7.67 6.31 6.59 | cpu  190835911 7323 94975574 6181498567 4307578 0 561514 0 0 0
1791452991 195, 405, 37, 0x0000000000000000 | 7.67 6.31 6.59 | cpu  190836065 7323 94975778 6181512032 4307578 0 561516 0 0 0
1791452992 195, 405, 37, 0x0000000000000000 | 7.67 6.31 6.59 | cpu  190836240 7323 94975993 6181525450 4307581 0 561517 0 0 0
1791452993 195, 405, 37, 0x0000000000000000 | 7.67 6.31 6.59 | cpu  190836412 7323 94976226 6181538884 4307588 0 561518 0 0 0
1791452994 195, 405, 37, 0x0000000000000000 | 7.46 6.29 6.58 | cpu  190836617 7323 94976508 6181552214 4307594 0 561520 0 0 0
1791452995 195, 405, 37, 0x0000000000000000 | 7.46 6.29 6.58 | cpu  190836913 7323 94976841 6181565381 4307595 0 561521 0 0 0
1791452996 195, 405, 37, 0x0000000000000000 | 7.46 6.29 6.58 | cpu  190837108 7323 94977221 6181578622 4307599 0 561521 0 0 0
1791452997 195, 405, 37, 0x0000000000000000 | 7.46 6.29 6.58 | cpu  190837321 7323 94977563 6181591955 4307606 0 561522 0 0 0
1791452998 195, 405, 37, 0x0000000000000000 | 7.46 6.29 6.58 | cpu  190837519 7323 94977843 6181605378 4307606 0 561523 0 0 0
1791452999 195, 405, 37, 0x0000000000000000 | 7.26 6.27 6.57 | cpu  190837710 7323 94978131 6181618737 4307606 0 561523 0 0 0
1791453000 195, 405, 37, 0x0000000000000000 | 7.26 6.27 6.57 | cpu  190837958 7323 94978404 6181632099 4307609 0 561524 0 0 0
1791453001 195, 405, 37, 0x0000000000000000 | 7.26 6.27 6.57 | cpu  190838151 7323 94978711 6181645531 4307618 0 561525 0 0 0
1791453002 195, 405, 37, 0x0000000000000000 | 7.26 6.27 6.57 | cpu  190838375 7323 94979080 6181658736 4307640 0 561525 0 0 0
1791453004 195, 405, 37, 0x0000000000000000 | 7.26 6.27 6.57 | cpu  190838558 7323 94979366 6181672069 4307640 0 561525 0 0 0
1791453005 195, 405, 37, 0x0000000000000000 | 7.00 6.23 6.56 | cpu  190838735 7323 94979653 6181685445 4307648 0 561526 0 0 0
1791453006 195, 405, 37, 0x0000000000000000 | 7.00 6.23 6.56 | cpu  190838907 7323 94979945 6181698823 4307648 0 561527 0 0 0
1791453007 195, 405, 37, 0x0000000000000000 | 7.00 6.23 6.56 | cpu  190839095 7323 94980235 6181712143 4307651 0 561528 0 0 0
1791453008 195, 405, 37, 0x0000000000000000 | 7.00 6.23 6.56 | cpu  190839272 7323 94980530 6181725507 4307663 0 561528 0 0 0
1791453009 195, 405, 37, 0x0000000000000000 | 6.76 6.19 6.54 | cpu  190839450 7323 94980817 6181738866 4307663 0 561528 0 0 0
1791453010 195, 405, 37, 0x0000000000000000 | 6.76 6.19 6.54 | cpu  190839650 7323 94981086 6181752287 4307670 0 561528 0 0 0
1791453011 195, 405, 37, 0x0000000000000000 | 6.76 6.19 6.54 | cpu  190839842 7323 94981365 6181765697 4307670 0 561529 0 0 0
1791453012 195, 405, 37, 0x0000000000000000 | 6.76 6.19 6.54 | cpu  190840030 7323 94981635 6181779060 4307688 0 561529 0 0 0
1791453013 195, 405, 37, 0x0000000000000000 | 6.76 6.19 6.54 | cpu  190840223 7323 94981899 6181792442 4307688 0 561529 0 0 0
1791453014 195, 405, 37, 0x0000000000000000 | 6.62 6.17 6.53 | cpu  190840410 7323 94982168 6181805795 4307695 0 561529 0 0 0
1791453015 195, 405, 37, 0x0000000000000000 | 6.62 6.17 6.53 | cpu  190840603 7323 94982439 6181819175 4307695 0 561530 0 0 0
1791453016 195, 405, 37, 0x0000000000000000 | 6.62 6.17 6.53 | cpu  190840786 7323 94982715 6181832570 4307698 0 561530 0 0 0
1791453018 195, 405, 37, 0x0000000000000000 | 6.62 6.17 6.53 | cpu  190840974 7323 94982989 6181845940 4307719 0 561531 0 0 0
1791453019 195, 405, 37, 0x0000000000000000 | 6.62 6.17 6.53 | cpu  190841163 7323 94983260 6181859360 4307719 0 561531 0 0 0
1791453020 195, 405, 37, 0x0000000000000000 | 6.41 6.14 6.52 | cpu  190841352 7323 94983530 6181872714 4307727 0 561532 0 0 0
1791453021 195, 405, 37, 0x0000000000000000 | 6.41 6.14 6.52 | cpu  190841535 7323 94983823 6181886054 4307737 0 561533 0 0 0
1791453022 195, 405, 37, 0x0000000000000000 | 6.41 6.14 6.52 | cpu  190841728 7323 94984200 6181899343 4307740 0 561533 0 0 0
1791453023 195, 405, 37, 0x0000000000000000 | 6.41 6.14 6.52 | cpu  190841917 7323 94984483 6181912740 4307740 0 561534 0 0 0
1791453024 195, 405, 37, 0x0000000000000000 | 6.21 6.10 6.51 | cpu  190842108 7323 94984767 6181926113 4307740 0 561534 0 0 0
1791453025 195, 405, 37, 0x0000000000000000 | 6.21 6.10 6.51 | cpu  190842309 7323 94985091 6181939447 4307740 0 561535 0 0 0
1791453026 195, 405, 37, 0x0000000000000000 | 6.21 6.10 6.51 | cpu  190842496 7323 94985357 6181952854 4307740 0 561535 0 0 0
1791453027 195, 405, 37, 0x0000000000000000 | 6.21 6.10 6.51 | cpu  190842682 7323 94985627 6181966216 4307765 0 561536 0 0 0
1791453028 195, 405, 37, 0x0000000000000000 | 6.21 6.10 6.51 | cpu  190842863 7323 94985907 6181979557 4307765 0 561536 0 0 0
1791453029 195, 405, 37, 0x0000000000000000 | 6.12 6.08 6.50 | cpu  190843051 7323 94986185 6181992942 4307765 0 561536 0 0 0
1791453031 195, 405, 37, 0x0000000000000000 | 6.12 6.08 6.50 | cpu  190843251 7323 94986483 6182006286 4307765 0 561537 0 0 0
1791453032 195, 405, 37, 0x0000000000000000 | 6.12 6.08 6.50 | cpu  190843476 7323 94986782 6182019581 4307773 0 561538 0 0 0
1791453033 195, 405, 37, 0x0000000000000000 | 6.12 6.08 6.50 | cpu  190843682 7323 94987091 6182032971 4307797 0 561538 0 0 0
1791453034 195, 405, 37, 0x0000000000000000 | 5.95 6.05 6.48 | cpu  190843875 7323 94987364 6182046337 4307797 0 561539 0 0 0
1791453035 195, 405, 37, 0x0000000000000000 | 5.95 6.05 6.48 | cpu  190844069 7323 94987643 6182059725 4307797 0 561540 0 0 0
1791453036 195, 405, 37, 0x0000000000000000 | 5.95 6.05 6.48 | cpu  190844262 7323 94987922 6182073165 4307797 0 561541 0 0 0
1791453037 195, 405, 37, 0x0000000000000000 | 5.95 6.05 6.48 | cpu  190844451 7323 94988192 6182086557 4307822 0 561542 0 0 0
1791453038 195, 405, 37, 0x0000000000000000 | 5.95 6.05 6.48 | cpu  190844642 7323 94988462 6182099935 4307822 0 561542 0 0 0
1791453039 187, 405, 37, 0x0000000000000000 | 5.87 6.03 6.48 | cpu  190844831 7323 94988754 6182113331 4307822 0 561543 0 0 0
1791453040 195, 405, 37, 0x0000000000000000 | 5.87 6.03 6.48 | cpu  190845023 7323 94989059 6182126681 4307822 0 561543 0 0 0
1791453041 195, 405, 37, 0x0000000000000000 | 5.87 6.03 6.48 | cpu  190845219 7323 94989376 6182139998 4307822 0 561543 0 0 0
1791453042 195, 405, 37, 0x0000000000000000 | 5.87 6.03 6.48 | cpu  190845408 7323 94989638 6182153373 4307833 0 561543 0 0 0
1791453044 195, 405, 37, 0x0000000000000000 | 5.87 6.03 6.48 | cpu  190845604 7323 94989905 6182166793 4307833 0 561544 0 0 0
1791453045 195, 405, 37, 0x0000000000000000 | 5.72 6.00 6.46 | cpu  190845787 7323 94990178 6182180209 4307833 0 561544 0 0 0
1791453046 195, 405, 37, 0x0000000000000000 | 5.72 6.00 6.46 | cpu  190845969 7323 94990453 6182193615 4307833 0 561545 0 0 0
1791453047 195, 405, 37, 0x0000000000000000 | 5.72 6.00 6.46 | cpu  190846146 7323 94990734 6182206969 4307833 0 561545 0 0 0
1791453048 195, 405, 37, 0x0000000000000000 | 5.72 6.00 6.46 | cpu  190846319 7323 94991025 6182220287 4307851 0 561545 0 0 0
1791453049 195, 405, 37, 0x0000000000000000 | 5.66 5.98 6.45 | cpu  190846492 7323 94991318 6182233623 4307851 0 561545 0 0 0
1791453050 195, 405, 37, 0x0000000000000000 | 5.66 5.98 6.45 | cpu  190846699 7323 94991647 6182246961 4307851 0 561546 0 0 0
1791453051 195, 405, 37, 0x0000000000000000 | 5.66 5.98 6.45 | cpu  190846922 7323 94991987 6182260255 4307851 0 561546 0 0 0
1791453052 195, 405, 37, 0x0000000000000000 | 5.66 5.98 6.45 | cpu  190847179 7323 94992331 6182273480 4307869 0 561546 0 0 0
1791453053 195, 405, 37, 0x0000000000000000 | 5.66 5.98 6.45 | cpu  190847416 7323 94992672 6182286712 4307876 0 561546 0 0 0
1791453054 195, 405, 37, 0x0000000000000000 | 5.69 5.98 6.45 | cpu  190847612 7323 94993060 6182299986 4307877 0 561547 0 0 0
1791453055 195, 405, 37, 0x0000000000000000 | 5.69 5.98 6.45 | cpu  190847806 7323 94993467 6182313251 4307877 0 561548 0 0 0
1791453057 195, 405, 37, 0x0000000000000000 | 5.69 5.98 6.45 | cpu  190848013 7323 94993851 6182326464 4307886 0 561548 0 0 0
1791453058 195, 405, 37, 0x0000000000000000 | 5.69 5.98 6.45 | cpu  190848591 7323 94995643 6182337866 4307889 0 561548 0 0 0
1791453059 195, 405, 37, 0x0000000000000000 | 5.71 5.98 6.45 | cpu  190849031 7323 94995932 6182350934 4307889 0 561548 0 0 0
1791453060 195, 405, 37, 0x0000000000000000 | 5.71 5.98 6.45 | cpu  190849207 7323 94996239 6182364269 4307889 0 561549 0 0 0
1791453061 195, 405, 37, 0x0000000000000000 | 5.71 5.98 6.45 | cpu  190849371 7323 94996477 6182377712 4307892 0 561549 0 0 0
1791453062 195, 405, 37, 0x0000000000000000 | 5.71 5.98 6.45 | cpu  190849541 7323 94996709 6182391183 4307905 0 561550 0 0 0
1791453063 195, 405, 37, 0x0000000000000000 | 5.71 5.98 6.45 | cpu  190849702 7323 94996917 6182404616 4307916 0 561550 0 0 0
1791453064 195, 405, 37, 0x0000000000000000 | 5.50 5.93 6.43 | cpu  190849861 7323 94997121 6182418094 4307916 0 561551 0 0 0
1791453065 187, 405, 37, 0x0000000000000000 | 5.50 5.93 6.43 | cpu  190850016 7323 94997325 6182431546 4307916 0 561551 0 0 0
1791453066 195, 405, 37, 0x0000000000000000 | 5.50 5.93 6.43 | cpu  190850173 7323 94997525 6182444986 4307916 0 561552 0 0 0
1791453067 195, 405, 37, 0x0000000000000000 | 5.50 5.93 6.43 | cpu  190850333 7323 94997734 6182458451 4307928 0 561553 0 0 0
1791453068 195, 405, 37, 0x0000000000000000 | 5.50 5.93 6.43 | cpu  190850487 7323 94997937 6182471931 4307931 0 561554 0 0 0
1791453070 195, 405, 37, 0x0000000000000000 | 5.30 5.88 6.41 | cpu  190850644 7323 94998142 6182485376 4307936 0 561555 0 0 0
1791453071 195, 405, 37, 0x0000000000000000 | 5.30 5.88 6.41 | cpu  190850816 7323 94998356 6182498844 4307936 0 561555 0 0 0
1791453072 195, 405, 37, 0x0000000000000000 | 5.30 5.88 6.41 | cpu  190850980 7323 94998554 6182512334 4307936 0 561556 0 0 0
1791453073 195, 405, 37, 0x0000000000000000 | 5.30 5.88 6.41 | cpu  190851144 7323 94998787 6182525821 4307962 0 561557 0 0 0
1791453074 195, 405, 37, 0x0000000000000000 | 5.27 5.87 6.40 | cpu  190851316 7323 94999077 6182539241 4307962 0 561557 0 0 0
1791453075 195, 405, 37, 0x0000000000000000 | 5.27 5.87 6.40 | cpu  190851485 7323 94999282 6182552704 4307963 0 561558 0 0 0
1791453076 195, 405, 37, 0x0000000000000000 | 5.27 5.87 6.40 | cpu  190851643 7323 94999591 6182566086 4307963 0 561558 0 0 0
1791453077 195, 405, 37, 0x0000000000000000 | 5.27 5.87 6.40 | cpu  190851799 7323 94999795 6182579559 4307978 0 561559 0 0 0
1791453078 187, 405, 37, 0x0000000000000000 | 5.27 5.87 6.40 | cpu  190851961 7323 94999994 6182592996 4307981 0 561559 0 0 0
1791453079 195, 405, 37, 0x0000000000000000 | 5.17 5.84 6.39 | cpu  190852122 7323 95000201 6182606460 4307988 0 561560 0 0 0
1791453080 195, 405, 37, 0x0000000000000000 | 5.17 5.84 6.39 | cpu  190852287 7323 95000462 6182619842 4307991 0 561562 0 0 0
1791453081 195, 405, 37, 0x0000000000000000 | 5.17 5.84 6.39 | cpu  190852438 7323 95000775 6182633239 4307991 0 561563 0 0 0
1791453083 195, 405, 37, 0x0000000000000000 | 5.17 5.84 6.39 | cpu  190852597 7323 95001027 6182646642 4308006 0 561564 0 0 0
1791453084 195, 405, 37, 0x0000000000000000 | 5.17 5.84 6.39 | cpu  190852755 7323 95001260 6182660089 4308006 0 561564 0 0 0
1791453085 195, 405, 37, 0x0000000000000000 | 5.08 5.81 6.38 | cpu  190852915 7323 95001562 6182673486 4308013 0 561566 0 0 0
1791453086 195, 405, 37, 0x0000000000000000 | 5.08 5.81 6.38 | cpu  190853079 7323 95001768 6182687051 4308020 0 561567 0 0 0
1791453087 195, 405, 37, 0x0000000000000000 | 5.08 5.81 6.38 | cpu  190853236 7323 95001980 6182700543 4308020 0 561567 0 0 0
1791453088 195, 405, 37, 0x0000000000000000 | 5.08 5.81 6.38 | cpu  190853389 7323 95002186 6182714059 4308037 0 561568 0 0 0
1791453089 195, 405, 37, 0x0000000000000000 | 4.91 5.76 6.36 | cpu  190853553 7323 95002415 6182727538 4308037 0 561568 0 0 0
1791453090 195, 405, 37, 0x0000000000000000 | 4.91 5.76 6.36 | cpu  190853729 7323 95002686 6182741025 4308044 0 561568 0 0 0
1791453091 195, 405, 37, 0x0000000000000000 | 4.91 5.76 6.36 | cpu  190853942 7323 95002949 6182754371 4308054 0 561571 0 0 0
1791453092 195, 405, 37, 0x0000000000000000 | 4.91 5.76 6.36 | cpu  190854182 7323 95003233 6182767623 4308078 0 561572 0 0 0
1791453093 195, 405, 37, 0x0000000000000000 | 4.91 5.76 6.36 | cpu  190854406 7323 95003475 6182780977 4308081 0 561573 0 0 0
1791453094 195, 405, 37, 0x0000000000000000 | 4.84 5.73 6.35 | cpu  190854624 7323 95003723 6182794319 4308081 0 561573 0 0 0
1791453096 195, 405, 37, 0x0000000000000000 | 4.84 5.73 6.35 | cpu  190854843 7323 95003972 6182807673 4308089 0 561574 0 0 0
1791453097 195, 405, 37, 0x0000000000000000 | 4.84 5.73 6.35 | cpu  190855010 7323 95004265 6182820999 4308089 0 561575 0 0 0
1791453098 195, 405, 37, 0x0000000000000000 | 4.84 5.73 6.35 | cpu  190855179 7323 95004567 6182834319 4308103 0 561576 0 0 0
1791453099 195, 405, 37, 0x0000000000000000 | 4.85 5.72 6.34 | cpu  190855375 7323 95004845 6182847660 4308106 0 561577 0 0 0
1791453100 195, 405, 37, 0x0000000000000000 | 4.85 5.72 6.34 | cpu  190855623 7323 95005062 6182861018 4308106 0 561578 0 0 0
1791453101 195, 405, 37, 0x0000000000000000 | 4.85 5.72 6.34 | cpu  190855873 7323 95005277 6182874419 4308113 0 561578 0 0 0
1791453102 195, 405, 37, 0x0000000000000000 | 4.85 5.72 6.34 | cpu  190856127 7323 95005496 6182887837 4308130 0 561578 0 0 0
1791453103 195, 405, 37, 0x0000000000000000 | 4.85 5.72 6.34 | cpu  190856376 7323 95005714 6182901216 4308133 0 561579 0 0 0
1791453104 195, 405, 37, 0x0000000000000000 | 4.78 5.69 6.33 | cpu  190856815 7323 95006859 6182913500 4308136 0 561579 0 0 0
1791453105 195, 405, 37, 0x0000000000000000 | 4.78 5.69 6.33 | cpu  190857350 7323 95007575 6182926052 4308136 0 561580 0 0 0
1791453106 195, 405, 37, 0x0000000000000000 | 4.78 5.69 6.33 | cpu  190857555 7323 95007687 6182939548 4308143 0 561580 0 0 0
1791453107 195, 405, 37, 0x0000000000000000 | 4.78 5.69 6.33 | cpu  190857711 7323 95007825 6182953174 4308158 0 561580 0 0 0
1791453109 195, 405, 37, 0x0000000000000000 | 4.78 5.69 6.33 | cpu  190857867 7323 95007932 6182966711 4308161 0 561580 0 0 0
1791453110 195, 405, 37, 0x0000000000000000 | 4.56 5.63 6.30 | cpu  190858010 7323 95008039 6182980242 4308161 0 561581 0 0 0
1791453111 195, 405, 37, 0x0000000000000000 | 4.56 5.63 6.30 | cpu  190858160 7323 95008149 6182993802 4308161 0 561582 0 0 0
1791453112 195, 405, 37, 0x0000000000000000 | 4.56 5.63 6.30 | cpu  190858310 7323 95008252 6183007305 4308168 0 561582 0 0 0
1791453113 195, 405, 37, 0x0000000000000000 | 4.56 5.63 6.30 | cpu  190858457 7323 95008360 6183020821 4308182 0 561583 0 0 0
1791453114 195, 405, 37, 0x0000000000000000 | 4.51 5.60 6.29 | cpu  190858599 7323 95008489 6183034402 4308185 0 561584 0 0 0
1791453115 195, 405, 37, 0x0000000000000000 | 4.51 5.60 6.29 | cpu  190858905 7323 95008688 6183047723 4308185 0 561584 0 0 0
1791453116 195, 405, 37, 0x0000000000000000 | 4.51 5.60 6.29 | cpu  190859069 7323 95008960 6183061106 4308186 0 561584 0 0 0
1791453117 195, 405, 37, 0x0000000000000000 | 4.51 5.60 6.29 | cpu  190859245 7323 95009139 6183074567 4308206 0 561585 0 0 0
1791453118 195, 405, 37, 0x0000000000000000 | 4.51 5.60 6.29 | cpu  190859424 7323 95009320 6183087977 4308215 0 561586 0 0 0
1791453119 195, 405, 37, 0x0000000000000000 | 4.47 5.57 6.28 | cpu  190859607 7323 95009522 6183101376 4308219 0 561587 0 0 0
1791453120 195, 405, 37, 0x0000000000000000 | 4.47 5.57 6.28 | cpu  190859848 7323 95009730 6183114748 4308219 0 561588 0 0 0
1791453121 195, 405, 37, 0x0000000000000000 | 4.47 5.57 6.28 | cpu  190860029 7323 95009946 6183128161 4308219 0 561589 0 0 0
1791453123 195, 405, 37, 0x0000000000000000 | 4.47 5.57 6.28 | cpu  190860215 7323 95010167 6183141537 4308236 0 561589 0 0 0
1791453124 195, 405, 37, 0x0000000000000000 | 4.47 5.57 6.28 | cpu  190860390 7323 95010354 6183154955 4308243 0 561590 0 0 0
1791453125 195, 405, 37, 0x0000000000000000 | 4.35 5.53 6.26 | cpu  190860557 7323 95010552 6183168403 4308246 0 561590 0 0 0
1791453126 195, 405, 37, 0x0000000000000000 | 4.35 5.53 6.26 | cpu  190860724 7323 95010743 6183181906 4308246 0 561591 0 0 0
1791453127 195, 405, 37, 0x0000000000000000 | 4.35 5.53 6.26 | cpu  190860894 7323 95010943 6183195356 4308254 0 561591 0 0 0
1791453128 195, 405, 37, 0x0000000000000000 | 4.35 5.53 6.26 | cpu  190861062 7323 95011133 6183208847 4308254 0 561592 0 0 0
1791453129 195, 405, 37, 0x0000000000000000 | 4.25 5.49 6.24 | cpu  190861225 7323 95011323 6183222265 4308264 0 561593 0 0 0
1791453130 195, 405, 37, 0x0000000000000000 | 4.25 5.49 6.24 | cpu  190861405 7323 95011502 6183235758 4308264 0 561594 0 0 0
1791453131 195, 405, 37, 0x0000000000000000 | 4.25 5.49 6.24 | cpu  190861571 7323 95011691 6183249202 4308264 0 561594 0 0 0
1791453132 195, 405, 37, 0x0000000000000000 | 4.25 5.49 6.24 | cpu  190861744 7323 95011874 6183262634 4308271 0 561595 0 0 0
1791453133 195, 405, 37, 0x0000000000000000 | 4.25 5.49 6.24 | cpu  190861917 7323 95012098 6183276061 4308271 0 561595 0 0 0
1791453134 195, 405, 37, 0x0000000000000000 | 4.22 5.46 6.23 | cpu  190862084 7323 95012385 6183289406 4308274 0 561595 0 0 0
1791453136 195, 405, 37, 0x0000000000000000 | 4.22 5.46 6.23 | cpu  190862256 7323 95012578 6183302848 4308274 0 561596 0 0 0
1791453137 195, 405, 37, 0x0000000000000000 | 4.22 5.46 6.23 | cpu  190862443 7323 95012796 6183316250 4308274 0 561596 0 0 0
1791453138 195, 405, 37, 0x0000000000000000 | 4.22 5.46 6.23 | cpu  190862613 7323 95012985 6183329719 4308290 0 561596 0 0 0
1791453139 195, 405, 37, 0x0000000000000000 | 4.21 5.44 6.22 | cpu  190862785 7323 95013173 6183343182 4308290 0 561597 0 0 0
1791453140 195, 405, 37, 0x0000000000000000 | 4.21 5.44 6.22 | cpu  190862960 7323 95013355 6183356649 4308293 0 561597 0 0 0
1791453141 195, 405, 37, 0x0000000000000000 | 4.21 5.44 6.22 | cpu  190863130 7323 95013541 6183370101 4308293 0 561598 0 0 0
1791453142 195, 405, 37, 0x0000000000000000 | 4.21 5.44 6.22 | cpu  190863304 7323 95013733 6183383535 4308293 0 561598 0 0 0
1791453143 195, 405, 37, 0x0000000000000000 | 4.21 5.44 6.22 | cpu  190863471 7323 95013932 6183397021 4308300 0 561599 0 0 0
1791453144 195, 405, 37, 0x0000000000000000 | 4.19 5.41 6.21 | cpu  190863640 7323 95014122 6183410556 4308300 0 561599 0 0 0
1791453145 195, 405, 37, 0x0000000000000000 | 4.19 5.41 6.21 | cpu  190863812 7323 95014312 6183423998 4308303 0 561599 0 0 0
1791453146 195, 405, 37, 0x0000000000000000 | 4.19 5.41 6.21 | cpu  190864005 7323 95014508 6183437458 4308303 0 561600 0 0 0
1791453147 195, 405, 37, 0x0000000000000000 | 4.19 5.41 6.21 | cpu  190864231 7323 95014823 6183450731 4308311 0 561600 0 0 0
1791453148 195, 405, 37, 0x0000000000000000 | 4.19 5.41 6.21 | cpu  190864403 7323 95015116 6183464064 4308311 0 561602 0 0 0
1791453150 195, 405, 37, 0x0000000000000000 | 4.17 5.39 6.19 | cpu  190864573 7323 95015323 6183477494 4308314 0 561602 0 0 0
1791453151 195, 405, 37, 0x0000000000000000 | 4.17 5.39 6.19 | cpu  190864886 7323 95015524 6183490761 4308314 0 561602 0 0 0
1791453152 195, 405, 37, 0x0000000000000000 | 4.17 5.39 6.19 | cpu  190865212 7323 95015671 6183504068 4308328 0 561602 0 0 0
1791453153 195, 405, 37, 0x0000000000000000 | 4.17 5.39 6.19 | cpu  190865369 7323 95015815 6183517580 4308338 0 561602 0 0 0
1791453154 195, 405, 37, 0x0000000000000000 | 4.00 5.33 6.17 | cpu  190865518 7323 95015917 6183531157 4308338 0 561603 0 0 0
1791453155 195, 405, 37, 0x0000000000000000 | 4.00 5.33 6.17 | cpu  190865664 7323 95016016 6183544734 4308341 0 561603 0 0 0
1791453156 195, 405, 37, 0x0000000000000000 | 4.00 5.33 6.17 | cpu  190865817 7323 95016118 6183558361 4308348 0 561604 0 0 0
1791453157 195, 405, 37, 0x0000000000000000 | 4.00 5.33 6.17 | cpu  190865968 7323 95016221 6183571928 4308348 0 561604 0 0 0
1791453158 195, 405, 37, 0x0000000000000000 | 4.00 5.33 6.17 | cpu  190866122 7323 95016327 6183585490 4308355 0 561606 0 0 0
1791453159 195, 405, 37, 0x0000000000000000 | 3.84 5.28 6.15 | cpu  190866273 7323 95016430 6183599022 4308355 0 561607 0 0 0
1791453160 195, 405, 37, 0x0000000000000000 | 3.84 5.28 6.15 | cpu  190866424 7323 95016530 6183612611 4308358 0 561607 0 0 0
1791453161 195, 405, 37, 0x0000000000000000 | 3.84 5.28 6.15 | cpu  190866580 7323 95016633 6183626219 4308358 0 561609 0 0 0
1791453163 195, 405, 37, 0x0000000000000000 | 3.84 5.28 6.15 | cpu  190866868 7323 95016778 6183639650 4308372 0 561609 0 0 0
1791453164 187, 405, 37, 0x0000000000000000 | 3.84 5.28 6.15 | cpu  190867033 7323 95016966 6183653128 4308379 0 561609 0 0 0
1791453165 195, 405, 37, 0x0000000000000000 | 3.77 5.24 6.13 | cpu  190867214 7323 95017140 6183666591 4308379 0 561610 0 0 0
1791453166 195, 405, 37, 0x0000000000000000 | 3.77 5.24 6.13 | cpu  190867404 7323 95017313 6183680260 4308382 0 561610 0 0 0
1791453167 195, 405, 37, 0x0000000000000000 | 3.77 5.24 6.13 | cpu  190867581 7323 95017500 6183693717 4308382 0 561611 0 0 0
1791453168 195, 405, 37, 0x0000000000000000 | 3.77 5.24 6.13 | cpu  190867811 7323 95017677 6183707120 4308397 0 561612 0 0 0
1791453169 195, 405, 37, 0x0000000000000000 | 3.71 5.20 6.11 | cpu  190867977 7323 95017871 6183720665 4308404 0 561612 0 0 0
1791453170 195, 405, 37, 0x0000000000000000 | 3.71 5.20 6.11 | cpu  190868154 7323 95018060 6183734122 4308407 0 561612 0 0 0
1791453171 195, 405, 37, 0x0000000000000000 | 3.71 5.20 6.11 | cpu  190868333 7323 95018239 6183747548 4308407 0 561613 0 0 0
1791453172 195, 405, 37, 0x0000000000000000 | 3.71 5.20 6.11 | cpu  190868547 7323 95018424 6183760973 4308421 0 561613 0 0 0
1791453173 195, 405, 37, 0x0000000000000000 | 3.71 5.20 6.11 | cpu  190868721 7323 95018618 6183774428 4308421 0 561614 0 0 0
1791453174 195, 405, 37, 0x0000000000000000 | 3.65 5.17 6.10 | cpu  190868891 7323 95018812 6183787865 4308428 0 561614 0 0 0
1791453176 195, 405, 37, 0x0000000000000000 | 3.65 5.17 6.10 | cpu  190869069 7323 95018993 6183801300 4308432 0 561615 0 0 0
1791453177 195, 405, 37, 0x0000000000000000 | 3.65 5.17 6.10 | cpu  190869249 7323 95019177 6183814787 4308432 0 561616 0 0 0
1791453178 195, 405, 37, 0x0000000000000000 | 3.65 5.17 6.10 | cpu  190869420 7323 95019372 6183828211 4308447 0 561618 0 0 0
1791453179 195, 405, 37, 0x0000000000000000 | 3.60 5.13 6.08 | cpu  190869588 7323 95019561 6183841666 4308447 0 561619 0 0 0
1791453180 195, 405, 37, 0x0000000000000000 | 3.60 5.13 6.08 | cpu  190869767 7323 95019747 6183855107 4308447 0 561620 0 0 0
1791453181 195, 405, 37, 0x0000000000000000 | 3.60 5.13 6.08 | cpu  190869945 7323 95019937 6183868542 4308450 0 561620 0 0 0
1791453182 195, 405, 37, 0x0000000000000000 | 3.60 5.13 6.08 | cpu  190870140 7323 95020162 6183881954 4308450 0 561622 0 0 0
1791453183 195, 405, 37, 0x0000000000000000 | 3.60 5.13 6.08 | cpu  190870317 7323 95020356 6183895370 4308476 0 561622 0 0 0
1791453184 195, 405, 37, 0x0000000000000000 | 3.79 5.14 6.08 | cpu  190870494 7323 95020589 6183908810 4308476 0 561623 0 0 0
1791453185 195, 405, 37, 0x0000000000000000 | 3.79 5.14 6.08 | cpu  190870686 7323 95020921 6183922149 4308479 0 561623 0 0 0
1791453186 195, 405, 37, 0x0000000000000000 | 3.79 5.14 6.08 | cpu  190870865 7323 95021195 6183935511 4308479 0 561624 0 0 0
1791453187 195, 405, 37, 0x0000000000000000 | 3.79 5.14 6.08 | cpu  190871043 7323 95021377 6183949011 4308479 0 561624 0 0 0
1791453189 195, 405, 37, 0x0000000000000000 | 3.79 5.14 6.08 | cpu  190871215 7323 95021568 6183962476 4308486 0 561625 0 0 0
1791453190 187, 405, 37, 0x0000000000000000 | 3.73 5.11 6.06 | cpu  190871391 7323 95021757 6183975910 4308493 0 561626 0 0 0
1791453191 195, 405, 37, 0x0000000000000000 | 3.73 5.11 6.06 | cpu  190871573 7323 95021942 6183989377 4308496 0 561627 0 0 0
1791453192 195, 405, 37, 0x0000000000000000 | 3.73 5.11 6.06 | cpu  190871766 7323 95022123 6184002922 4308496 0 561628 0 0 0
1791453193 195, 405, 37, 0x0000000000000000 | 3.73 5.11 6.06 | cpu  190871945 7323 95022321 6184016423 4308496 0 561629 0 0 0
1791453194 195, 405, 37, 0x0000000000000000 | 3.67 5.07 6.05 | cpu  190872106 7323 95022500 6184029895 4308508 0 561629 0 0 0
1791453195 195, 405, 37, 0x0000000000000000 | 3.67 5.07 6.05 | cpu  190872286 7323 95022675 6184043391 4308512 0 561630 0 0 0
1791453196 195, 405, 37, 0x0000000000000000 | 3.67 5.07 6.05 | cpu  190872461 7323 95022853 6184056842 4308515 0 561630 0 0 0
1791453197 195, 405, 37, 0x0000000000000000 | 3.67 5.07 6.05 | cpu  190872631 7323 95023035 6184070353 4308515 0 561631 0 0 0
1791453198 195, 405, 37, 0x0000000000000000 | 3.67 5.07 6.05 | cpu  190872898 7323 95023244 6184083739 4308515 0 561632 0 0 0
1791453199 195, 405, 37, 0x0000000000000000 | 3.70 5.06 6.03 | cpu  190873260 7323 95023502 6184097032 4308530 0 561632 0 0 0
1791453200 195, 405, 37, 0x0000000000000000 | 3.70 5.06 6.03 | cpu  190873494 7323 95023727 6184110409 4308530 0 561632 0 0 0
1791453202 195, 405, 37, 0x0000000000000000 | 3.70 5.06 6.03 | cpu  190873743 7323 95023937 6184123813 4308533 0 561633 0 0 0
1791453203 187, 405, 37, 0x0000000000000000 | 3.70 5.06 6.03 | cpu  190873952 7323 95024182 6184137194 4308533 0 561633 0 0 0
1791453204 195, 405, 37, 0x0000000000000000 | 3.70 5.06 6.03 | cpu  190874167 7323 95024435 6184150569 4308533 0 561633 0 0 0
1791453205 195, 405, 37, 0x0000000000000000 | 3.72 5.04 6.02 | cpu  190874837 7323 95026151 6184162053 4308548 0 561634 0 0 0
1791453206 195, 405, 37, 0x0000000000000000 | 3.72 5.04 6.02 | cpu  190875354 7323 95026358 6184175177 4308558 0 561635 0 0 0
1791453207 195, 405, 37, 0x0000000000000000 | 3.72 5.04 6.02 | cpu  190875579 7323 95026517 6184188631 4308558 0 561635 0 0 0
1791453208 195, 405, 37, 0x0000000000000000 | 3.72 5.04 6.02 | cpu  190875767 7323 95026683 6184202128 4308558 0 561635 0 0 0
1791453209 195, 405, 37, 0x0000000000000000 | 3.66 5.00 6.01 | cpu  190875959 7323 95026883 6184215565 4308558 0 561636 0 0 0
1791453210 195, 405, 37, 0x0000000000000000 | 3.66 5.00 6.01 | cpu  190876146 7323 95027135 6184228967 4308573 0 561636 0 0 0
1791453211 195, 405, 37, 0x0000000000000000 | 3.66 5.00 6.01 | cpu  190876336 7323 95027306 6184242458 4308576 0 561636 0 0 0
1791453212 195, 405, 37, 0x0000000000000000 | 3.66 5.00 6.01 | cpu  190876530 7323 95027514 6184255881 4308593 0 561637 0 0 0
1791453213 195, 405, 37, 0x0000000000000000 | 3.66 5.00 6.01 | cpu  190876714 7323 95027691 6184269322 4308593 0 561638 0 0 0
1791453214 195, 405, 37, 0x0000000000000000 | 3.61 4.97 5.99 | cpu  190877023 7323 95027864 6184282653 4308593 0 561638 0 0 0
1791453216 195, 405, 37, 0x0000000000000000 | 3.61 4.97 5.99 | cpu  190877194 7323 95028052 6184296096 4308618 0 561639 0 0 0
1791453217 195, 405, 37, 0x0000000000000000 | 3.61 4.97 5.99 | cpu  190877359 7323 95028232 6184309582 4308621 0 561640 0 0 0
1791453218 195, 405, 37, 0x0000000000000000 | 3.61 4.97 5.99 | cpu  190877522 7323 95028415 6184323026 4308621 0 561641 0 0 0
1791453219 195, 405, 37, 0x0000000000000000 | 3.72 4.97 5.98 | cpu  190877696 7323 95028629 6184336485 4308621 0 561642 0 0 0
1791453220 195, 405, 37, 0x0000000000000000 | 3.72 4.97 5.98 | cpu  190877865 7323 95028922 6184349879 4308621 0 561642 0 0 0
1791453221 195, 405, 37, 0x0000000000000000 | 3.72 4.97 5.98 | cpu  190878032 7323 95029134 6184363283 4308636 0 561643 0 0 0
1791453222 195, 405, 37, 0x0000000000000000 | 3.72 4.97 5.98 | cpu  190878208 7323 95029332 6184376770 4308639 0 561643 0 0 0
1791453223 195, 405, 37, 0x0000000000000000 | 3.72 4.97 5.98 | cpu  190878374 7323 95029587 6184390217 4308639 0 561644 0 0 0
1791453224 195, 405, 37, 0x0000000000000000 | 3.74 4.95 5.97 | cpu  190878541 7323 95029876 6184403593 4308639 0 561644 0 0 0
1791453225 195, 405, 37, 0x0000000000000000 | 3.74 4.95 5.97 | cpu  190878705 7323 95030092 6184417042 4308639 0 561644 0 0 0
1791453226 195, 405, 37, 0x0000000000000000 | 3.74 4.95 5.97 | cpu  190878873 7323 95030280 6184430476 4308642 0 561645 0 0 0
1791453227 195, 405, 37, 0x0000000000000000 | 3.74 4.95 5.97 | cpu  190879093 7323 95030471 6184443882 4308658 0 561646 0 0 0
1791453229 195, 405, 37, 0x0000000000000000 | 3.74 4.95 5.97 | cpu  190879566 7323 95031141 6184456873 4308658 0 561646 0 0 0
1791453230 195, 405, 37, 0x0000000000000000 | 3.76 4.94 5.96 | cpu  190879832 7323 95031439 6184470225 4308658 0 561647 0 0 0
1791453231 195, 405, 37, 0x0000000000000000 | 3.76 4.94 5.96 | cpu  190880050 7323 95031716 6184483597 4308658 0 561648 0 0 0
1791453232 195, 405, 37, 0x0000000000000000 | 3.76 4.94 5.96 | cpu  190880260 7323 95031962 6184496988 4308662 0 561648 0 0 0
1791453233 195, 405, 37, 0x0000000000000000 | 3.76 4.94 5.96 | cpu  190880469 7323 95032247 6184510300 4308686 0 561649 0 0 0
1791453234 195, 405, 37, 0x0000000000000000 | 3.86 4.94 5.96 | cpu  190880676 7323 95032600 6184523553 4308686 0 561650 0 0 0
1791453235 195, 405, 37, 0x0000000000000000 | 3.86 4.94 5.96 | cpu  190880924 7323 95032855 6184536933 4308686 0 561651 0 0 0
1791453236 195, 405, 37, 0x0000000000000000 | 3.86 4.94 5.96 | cpu  190881137 7323 95033112 6184550354 4308686 0 561653 0 0 0
1791453237 195, 405, 37, 0x0000000000000000 | 3.86 4.94 5.96 | cpu  190881355 7323 95033361 6184563754 4308717 0 561654 0 0 0
1791453238 195, 405, 37, 0x0000000000000000 | 3.86 4.94 5.96 | cpu  190881569 7323 95033617 6184577158 4308717 0 561654 0 0 0
1791453239 195, 405, 37, 0x0000000000000000 | 3.87 4.92 5.95 | cpu  190881774 7323 95033873 6184590571 4308717 0 561655 0 0 0
1791453240 195, 405, 37, 0x0000000000000000 | 3.87 4.92 5.95 | cpu  190881979 7323 95034132 6184604014 4308717 0 561655 0 0 0
1791453242 195, 405, 37, 0x0000000000000000 | 3.87 4.92 5.95 | cpu  190882159 7323 95034438 6184617374 4308720 0 561656 0 0 0
1791453243 195, 405, 37, 0x0000000000000000 | 3.87 4.92 5.95 | cpu  190882355 7323 95034755 6184630745 4308744 0 561657 0 0 0
1791453244 195, 405, 37, 0x0000000000000000 | 3.97 4.93 5.94 | cpu  190882532 7323 95035044 6184644082 4308744 0 561658 0 0 0
1791453245 195, 405, 37, 0x0000000000000000 | 3.97 4.93 5.94 | cpu  190882841 7323 95035330 6184657339 4308744 0 561659 0 0 0
1791453246 195, 405, 37, 0x0000000000000000 | 3.97 4.93 5.94 | cpu  190883014 7323 95035624 6184670735 4308744 0 561659 0 0 0
1791453247 195, 405, 37, 0x0000000000000000 | 3.97 4.93 5.94 | cpu  190883197 7323 95035935 6184684074 4308747 0 561659 0 0 0
1791453248 195, 405, 37, 0x0000000000000000 | 3.97 4.93 5.94 | cpu  190883382 7323 95036233 6184697431 4308756 0 561660 0 0 0
1791453249 195, 405, 37, 0x0000000000000000 | 3.97 4.91 5.93 | cpu  190883567 7323 95036556 6184710768 4308756 0 561660 0 0 0
1791453250 195, 405, 37, 0x0000000000000000 | 3.97 4.91 5.93 | cpu  190883748 7323 95036841 6184724207 4308756 0 561661 0 0 0
1791453251 195, 405, 37, 0x0000000000000000 | 3.97 4.91 5.93 | cpu  190883929 7323 95037117 6184737610 4308756 0 561662 0 0 0
1791453252 195, 405, 37, 0x0000000000000000 | 3.97 4.91 5.93 | cpu  190884110 7323 95037397 6184750980 4308774 0 561663 0 0 0
1791453254 195, 405, 37, 0x0000000000000000 | 3.97 4.91 5.93 | cpu  190884299 7323 95037667 6184764401 4308781 0 561663 0 0 0
1791453255 195, 405, 37, 0x0000000000000000 | 3.97 4.89 5.92 | cpu  190884484 7323 95037942 6184777797 4308781 0 561664 0 0 0
1791453256 195, 405, 37, 0x0000000000000000 | 3.97 4.89 5.92 | cpu  190884683 7323 95038206 6184791189 4308781 0 561664 0 0 0
1791453257 195, 405, 37, 0x0000000000000000 | 3.97 4.89 5.92 | cpu  190884857 7323 95038479 6184804581 4308781 0 561665 0 0 0
1791453258 195, 405, 37, 0x0000000000000000 | 3.97 4.89 5.92 | cpu  190885041 7323 95038848 6184817861 4308799 0 561665 0 0 0
1791453259 195, 405, 37, 0x0000000000000000 | 4.05 4.90 5.91 | cpu  190885230 7323 95039232 6184831122 4308806 0 561666 0 0 0
1791453260 195, 405, 37, 0x0000000000000000 | 4.05 4.90 5.91 | cpu  190885409 7323 95039628 6184844417 4308806 0 561666 0 0 0
1791453261 195, 405, 37, 0x0000000000000000 | 4.05 4.90 5.91 | cpu  190885606 7323 95040017 6184857663 4308806 0 561667 0 0 0
1791453262 195, 405, 37, 0x0000000000000000 | 4.05 4.90 5.91 | cpu  190885796 7323 95040431 6184871047 4308824 0 561667 0 0 0
1791453263 195, 405, 37, 0x0000000000000000 | 4.05 4.90 5.91 | cpu  190885999 7323 95040834 6184884257 4308831 0 561668 0 0 0
1791453264 195, 405, 37, 0x0000000000000000 | 4.13 4.90 5.91 | cpu  190886194 7323 95041230 6184897586 4308831 0 561669 0 0 0
1791453265 195, 405, 37, 0x0000000000000000 | 4.13 4.90 5.91 | cpu  190886385 7323 95041615 6184910837 4308837 0 561669 0 0 0
1791453267 195, 405, 37, 0x0000000000000000 | 4.13 4.90 5.91 | cpu  190886580 7323 95041994 6184924133 4308837 0 561669 0 0 0
1791453268 195, 405, 37, 0x0000000000000000 | 4.13 4.90 5.91 | cpu  190886768 7323 95042380 6184937403 4308855 0 561670 0 0 0
1791453269 195, 405, 37, 0x0000000000000000 | 4.13 4.90 5.91 | cpu  190886962 7323 95042756 6184950660 4308855 0 561670 0 0 0
1791453270 195, 405, 37, 0x0000000000000000 | 4.20 4.90 5.90 | cpu  190887154 7323 95043142 6184963911 4308855 0 561671 0 0 0
1791453271 195, 405, 37, 0x0000000000000000 | 4.20 4.90 5.90 | cpu  190887336 7323 95043510 6184977200 4308862 0 561671 0 0 0
1791453272 195, 405, 37, 0x0000000000000000 | 4.20 4.90 5.90 | cpu  190887549 7323 95043956 6184990630 4308862 0 561673 0 0 0
1791453273 195, 405, 37, 0x0000000000000000 | 4.20 4.90 5.90 | cpu  190887752 7323 95044430 6185003779 4308876 0 561673 0 0 0
1791453274 195, 405, 37, 0x0000000000000000 | 4.26 4.90 5.90 | cpu  190887935 7323 95044815 6185017073 4308876 0 561673 0 0 0
1791453275 195, 405, 37, 0x0000000000000000 | 4.26 4.90 5.90 | cpu  190888120 7323 95045205 6185030364 4308876 0 561674 0 0 0
1791453276 195, 405, 37, 0x0000000000000000 | 4.26 4.90 5.90 | cpu  190888312 7323 95045583 6185043654 4308876 0 561674 0 0 0
1791453277 195, 405, 37, 0x0000000000000000 | 4.26 4.90 5.90 | cpu  190888559 7323 95045911 6185056896 4308899 0 561674 0 0 0
1791453278 195, 405, 37, 0x0000000000000000 | 4.26 4.90 5.90 | cpu  190888793 7323 95046246 6185070158 4308901 0 561674 0 0 0
1791453280 195, 405, 37, 0x0000000000000000 | 4.32 4.90 5.89 | cpu  190889020 7323 95046616 6185083420 4308901 0 561675 0 0 0
1791453281 195, 405, 37, 0x0000000000000000 | 4.32 4.90 5.89 | cpu  190889227 7323 95047027 6185096648 4308901 0 561676 0 0 0
1791453282 195, 405, 37, 0x0000000000000000 | 4.32 4.90 5.89 | cpu  190889415 7323 95047422 6185109885 4308901 0 561676 0 0 0
1791453283 195, 405, 37, 0x0000000000000000 | 4.32 4.90 5.89 | cpu  190889843 7323 95048577 6185122088 4308926 0 561677 0 0 0
1791453284 195, 405, 37, 0x0000000000000000 | 4.38 4.91 5.89 | cpu  190890457 7323 95049519 6185134366 4308926 0 561678 0 0 0
1791453285 195, 405, 37, 0x0000000000000000 | 4.38 4.91 5.89 | cpu  190890720 7323 95049813 6185147681 4308926 0 561678 0 0 0
1791453286 195, 405, 37, 0x0000000000000000 | 4.38 4.91 5.89 | cpu  190890891 7323 95050110 6185161087 4308926 0 561679 0 0 0
1791453287 187, 405, 37, 0x0000000000000000 | 4.38 4.91 5.89 | cpu  190891058 7323 95050407 6185174458 4308928 0 561680 0 0 0
1791453288 195, 405, 37, 0x0000000000000000 | 4.38 4.91 5.89 | cpu  190891235 7323 95050640 6185187913 4308936 0 561680 0 0 0
1791453289 195, 405, 37, 0x0000000000000000 | 4.35 4.89 5.88 | cpu  190891396 7323 95050933 6185201267 4308936 0 561680 0 0 0
1791453290 195, 405, 37, 0x0000000000000000 | 4.35 4.89 5.88 | cpu  190891562 7323 95051225 6185214651 4308936 0 561680 0 0 0
1791453291 195, 405, 37, 0x0000000000000000 | 4.35 4.89 5.88 | cpu  190891730 7323 95051521 6185228024 4308936 0 561680 0 0 0
1791453293 195, 405, 37, 0x0000000000000000 | 4.35 4.89 5.88 | cpu  190891921 7323 95051830 6185241362 4308955 0 561681 0 0 0
1791453294 195, 405, 37, 0x0000000000000000 | 4.35 4.89 5.88 | cpu  190892071 7323 95052147 6185254780 4308958 0 561682 0 0 0
1791453295 195, 405, 37, 0x0000000000000000 | 4.40 4.89 5.87 | cpu  190892249 7323 95052463 6185268131 4308958 0 561682 0 0 0
1791453296 195, 405, 37, 0x0000000000000000 | 4.40 4.89 5.87 | cpu  190892410 7323 95052770 6185281496 4308958 0 561683 0 0 0
1791453297 195, 405, 37, 0x0000000000000000 | 4.40 4.89 5.87 | cpu  190892580 7323 95053100 6185294865 4308958 0 561683 0 0 0
1791453298 195, 405, 37, 0x0000000000000000 | 4.40 4.89 5.87 | cpu  190892766 7323 95053474 6185308095 4308969 0 561684 0 0 0
1791453299 195, 405, 37, 0x0000000000000000 | 4.29 4.86 5.86 | cpu  190892936 7323 95053715 6185321523 4308969 0 561684 0 0 0
1791453300 187, 405, 37, 0x0000000000000000 | 4.29 4.86 5.86 | cpu  190893104 7323 95054015 6185334901 4308969 0 561685 0 0 0
1791453301 195, 405, 37, 0x0000000000000000 | 4.29 4.86 5.86 | cpu  190893281 7323 95054309 6185348302 4308969 0 561685 0 0 0
1791453302 195, 405, 37, 0x0000000000000000 | 4.29 4.86 5.86 | cpu  190893502 7323 95054699 6185361487 4308991 0 561686 0 0 0
1791453303 195, 405, 37, 0x0000000000000000 | 4.29 4.86 5.86 | cpu  190893666 7323 95055003 6185374874 4309000 0 561686 0 0 0
1791453304 195, 405, 37, 0x0000000000000000 | 4.26 4.85 5.85 | cpu  190893837 7323 95055298 6185388301 4309000 0 561687 0 0 0
1791453306 195, 405, 37, 0x0000000000000000 | 4.26 4.85 5.85 | cpu  190894006 7323 95055603 6185401767 4309000 0 561688 0 0 0
1791453307 195, 405, 37, 0x0000000000000000 | 4.26 4.85 5.85 | cpu  190894180 7323 95055907 6185415155 4309000 0 561688 0 0 0
1791453308 195, 405, 37, 0x0000000000000000 | 4.26 4.85 5.85 | cpu  190894354 7323 95056205 6185428578 4309014 0 561689 0 0 0
1791453309 195, 405, 37, 0x0000000000000000 | 4.32 4.85 5.84 | cpu  190894524 7323 95056502 6185441942 4309024 0 561689 0 0 0
1791453310 195, 405, 37, 0x0000000000000000 | 4.32 4.85 5.84 | cpu  190894710 7323 95056792 6185455353 4309024 0 561690 0 0 0
1791453311 195, 405, 37, 0x0000000000000000 | 4.32 4.85 5.84 | cpu  190894883 7323 95057112 6185468694 4309024 0 561691 0 0 0
1791453312 195, 405, 37, 0x0000000000000000 | 4.32 4.85 5.84 | cpu  190895046 7323 95057339 6185482140 4309024 0 561691 0 0 0
1791453313 195, 405, 37, 0x0000000000000000 | 4.32 4.85 5.84 | cpu  190895209 7323 95057534 6185495611 4309046 0 561692 0 0 0
1791453314 195, 405, 37, 0x0000000000000000 | 4.22 4.82 5.83 | cpu  190895371 7323 95057727 6185509090 4309056 0 561692 0 0 0
1791453315 195, 405, 37, 0x0000000000000000 | 4.22 4.82 5.83 | cpu  190895543 7323 95057922 6185522566 4309056 0 561693 0 0 0
1791453316 195, 405, 37, 0x0000000000000000 | 4.22 4.82 5.83 | cpu  190895708 7323 95058116 6185536051 4309056 0 561694 0 0 0
1791453317 195, 405, 37, 0x0000000000000000 | 4.22 4.82 5.83 | cpu  190895882 7323 95058318 6185549522 4309078 0 561695 0 0 0
1791453319 195, 405, 37, 0x0000000000000000 | 4.22 4.82 5.83 | cpu  190896041 7323 95058515 6185562988 4309088 0 561695 0 0 0
1791453320 195, 405, 37, 0x0000000000000000 | 4.12 4.79 5.81 | cpu  190896210 7323 95058705 6185576451 4309088 0 561696 0 0 0
1791453321 195, 405, 37, 0x0000000000000000 | 4.12 4.79 5.81 | cpu  190896384 7323 95058887 6185589941 4309088 0 561697 0 0 0
1791453322 195, 405, 37, 0x0000000000000000 | 4.12 4.79 5.81 | cpu  190896552 7323 95059082 6185603396 4309088 0 561698 0 0 0
1791453323 195, 405, 37, 0x0000000000000000 | 4.12 4.79 5.81 | cpu  190896706 7323 95059283 6185616845 4309110 0 561698 0 0 0
1791453324 195, 405, 37, 0x0000000000000000 | 4.11 4.78 5.80 | cpu  190896847 7323 95059496 6185630309 4309120 0 561699 0 0 0
1791453325 195, 405, 37, 0x0000000000000000 | 4.11 4.78 5.80 | cpu  190896994 7323 95059709 6185643783 4309120 0 561699 0 0 0
1791453326 187, 405, 37, 0x0000000000000000 | 4.11 4.78 5.80 | cpu  190897137 7323 95059921 6185657242 4309120 0 561700 0 0 0
1791453327 195, 405, 37, 0x0000000000000000 | 4.11 4.78 5.80 | cpu  190897293 7323 95060136 6185670747 4309120 0 561700 0 0 0
1791453328 195, 405, 37, 0x0000000000000000 | 4.11 4.78 5.80 | cpu  190897463 7323 95060329 6185684245 4309141 0 561701 0 0 0
1791453329 195, 405, 37, 0x0000000000000000 | 4.10 4.76 5.79 | cpu  190897626 7323 95060535 6185697855 4309151 0 561701 0 0 0
1791453330 195, 405, 37, 0x0000000000000000 | 4.10 4.76 5.79 | cpu  190897798 7323 95060728 6185711328 4309151 0 561703 0 0 0
1791453332 195, 405, 37, 0x0000000000000000 | 4.10 4.76 5.79 | cpu  190898003 7323 95060897 6185724831 4309151 0 561704 0 0 0
1791453333 195, 405, 37, 0x0000000000000000 | 4.10 4.76 5.79 | cpu  190898239 7323 95061067 6185738237 4309178 0 561705 0 0 0
1791453334 195, 405, 37, 0x0000000000000000 | 4.10 4.76 5.79 | cpu  190898466 7323 95061210 6185751772 4309181 0 561705 0 0 0
1791453335 195, 405, 37, 0x0000000000000000 | 4.01 4.73 5.78 | cpu  190898674 7323 95061416 6185765197 4309186 0 561705 0 0 0
1791453336 195, 405, 37, 0x0000000000000000 | 4.01 4.73 5.78 | cpu  190898859 7323 95061662 6185778569 4309186 0 561706 0 0 0
1791453337 195, 405, 37, 0x0000000000000000 | 4.01 4.73 5.78 | cpu  190899045 7323 95061833 6185792042 4309186 0 561706 0 0 0
1791453338 195, 405, 37, 0x0000000000000000 | 4.01 4.73 5.78 | cpu  190899301 7323 95061935 6185805481 4309201 0 561707 0 0 0
1791453339 195, 405, 37, 0x0000000000000000 | 3.93 4.70 5.76 | cpu  190899564 7323 95062030 6185818923 4309211 0 561708 0 0 0
1791453340 195, 405, 37, 0x0000000000000000 | 3.93 4.70 5.76 | cpu  190899843 7323 95062169 6185832356 4309211 0 561708 0 0 0
1791453341 195, 405, 37, 0x0000000000000000 | 3.93 4.70 5.76 | cpu  190900098 7323 95062272 6185845831 4309211 0 561709 0 0 0
1791453342 195, 405, 37, 0x0000000000000000 | 3.93 4.70 5.76 | cpu  190900713 7323 95063872 6185857432 4309218 0 561709 0 0 0
1791453343 195, 405, 37, 0x0000000000000000 | 3.93 4.70 5.76 | cpu  190901234 7323 95064018 6185870563 4309218 0 561711 0 0 0
1791453344 195, 405, 37, 0x0000000000000000 | 4.02 4.71 5.76 | cpu  190901829 7323 95064305 6185883586 4309228 0 561711 0 0 0
1791453346 195, 405, 37, 0x0000000000000000 | 4.02 4.71 5.76 | cpu  190902041 7323 95064661 6185896802 4309248 0 561711 0 0 0
1791453347 195, 405, 37, 0x0000000000000000 | 4.02 4.71 5.76 | cpu  190902218 7323 95064947 6185910216 4309249 0 561712 0 0 0
1791453348 195, 405, 37, 0x0000000000000000 | 4.02 4.71 5.76 | cpu  190902403 7323 95065115 6185923694 4309257 0 561712 0 0 0
1791453349 195, 405, 37, 0x0000000000000000 | 4.02 4.70 5.75 | cpu  190902598 7323 95065280 6185937125 4309257 0 561713 0 0 0
1791453350 195, 405, 37, 0x0000000000000000 | 4.02 4.70 5.75 | cpu  190902773 7323 95065605 6185950418 4309265 0 561713 0 0 0
1791453351 195, 405, 37, 0x0000000000000000 | 4.02 4.70 5.75 | cpu  190903016 7323 95065779 6185963861 4309265 0 561714 0 0 0
1791453352 195, 405, 37, 0x0000000000000000 | 4.02 4.70 5.75 | cpu  190903212 7323 95065950 6185977326 4309268 0 561715 0 0 0
1791453353 195, 405, 37, 0x0000000000000000 | 4.02 4.70 5.75 | cpu  190903398 7323 95066124 6185990810 4309283 0 561716 0 0 0
1791453354 195, 405, 37, 0x0000000000000000 | 4.25 4.74 5.76 | cpu  190903585 7323 95066300 6186004279 4309283 0 561716 0 0 0
1791453355 195, 405, 37, 0x0000000000000000 | 4.25 4.74 5.76 | cpu  190903770 7323 95066480 6186017762 4309290 0 561718 0 0 0
1791453356 195, 405, 37, 0x0000000000000000 | 4.25 4.74 5.76 | cpu  190903959 7323 95066650 6186031245 4309293 0 561718 0 0 0
1791453357 195, 405, 37, 0x0000000000000000 | 4.25 4.74 5.76 | cpu  190904146 7323 95066829 6186044708 4309301 0 561718 0 0 0
1791453359 195, 405, 37, 0x0000000000000000 | 4.25 4.74 5.76 | cpu  190904338 7323 95067006 6186058242 4309301 0 561719 0 0 0
1791453360 195, 405, 37, 0x0000000000000000 | 4.15 4.71 5.74 | cpu  190904520 7323 95067187 6186071721 4309301 0 561719 0 0 0
1791453361 195, 405, 37, 0x0000000000000000 | 4.15 4.71 5.74 | cpu  190904705 7323 95067382 6186085153 4309301 0 561720 0 0 0
1791453362 195, 405, 37, 0x0000000000000000 | 4.15 4.71 5.74 | cpu  190904886 7323 95067591 6186098612 4309304 0 561720 0 0 0
1791453363 195, 405, 37, 0x0000000000000000 | 4.15 4.71 5.74 | cpu  190905199 7323 95067790 6186111935 4309314 0 561721 0 0 0
1791453364 195, 405, 37, 0x0000000000000000 | 4.06 4.68 5.72 | cpu  190905366 7323 95067983 6186125383 4309314 0 561721 0 0 0
1791453365 195, 405, 37, 0x0000000000000000 | 4.06 4.68 5.72 | cpu  190905528 7323 95068177 6186138880 4309314 0 561721 0 0 0
1791453366 195, 405, 37, 0x0000000000000000 | 4.06 4.68 5.72 | cpu  190905691 7323 95068368 6186152345 4309314 0 561721 0 0 0
1791453367 195, 405, 37, 0x0000000000000000 | 4.06 4.68 5.72 | cpu  190905854 7323 95068563 6186165856 4309317 0 561722 0 0 0
1791453368 195, 405, 37, 0x0000000000000000 | 4.06 4.68 5.72 | cpu  190906024 7323 95068753 6186179330 4309325 0 561722 0 0 0
1791453369 195, 405, 37, 0x0000000000000000 | 3.98 4.65 5.71 | cpu  190906191 7323 95068944 6186192818 4309325 0 561723 0 0 0
1791453370 195, 405, 37, 0x0000000000000000 | 3.98 4.65 5.71 | cpu  190906357 7323 95069140 6186206293 4309325 0 561724 0 0 0
1791453372 195, 405, 37, 0x0000000000000000 | 3.98 4.65 5.71 | cpu  190906517 7323 95069336 6186219745 4309332 0 561724 0 0 0
1791453373 195, 405, 37, 0x0000000000000000 | 3.98 4.65 5.71 | cpu  190906699 7323 95069517 6186233243 4309335 0 561725 0 0 0
1791453374 195, 405, 37, 0x0000000000000000 | 3.98 4.65 5.71 | cpu  190906862 7323 95069707 6186246766 4309335 0 561725 0 0 0
1791453375 195, 405, 37, 0x0000000000000000 | 3.90 4.62 5.70 | cpu  190907034 7323 95069908 6186260303 4309335 0 561726 0 0 0
1791453376 195, 405, 37, 0x0000000000000000 | 3.90 4.62 5.70 | cpu  190907196 7323 95070101 6186273739 4309344 0 561726 0 0 0
1791453377 195, 405, 37, 0x0000000000000000 | 3.90 4.62 5.70 | cpu  190907366 7323 95070289 6186287236 4309347 0 561726 0 0 0
1791453378 195, 405, 37, 0x0000000000000000 | 3.90 4.62 5.70 | cpu  190907541 7323 95070489 6186300722 4309347 0 561727 0 0 0
1791453379 195, 405, 37, 0x0000000000000000 | 3.91 4.61 5.69 | cpu  190907718 7323 95070739 6186314152 4309354 0 561728 0 0 0
1791453380 195, 405, 37, 0x0000000000000000 | 3.91 4.61 5.69 | cpu  190907887 7323 95071037 6186327555 4309354 0 561728 0 0 0
1791453381 195, 405, 37, 0x0000000000000000 | 3.91 4.61 5.69 | cpu  190908055 7323 95071334 6186340947 4309361 0 561729 0 0 0
1791453382 195, 405, 37, 0x0000000000000000 | 3.91 4.61 5.69 | cpu  190908227 7323 95071627 6186354305 4309372 0 561729 0 0 0
1791453383 195, 405, 37, 0x0000000000000000 | 3.91 4.61 5.69 | cpu  190908403 7323 95071907 6186367674 4309372 0 561730 0 0 0
1791453385 195, 405, 37, 0x0000000000000000 | 3.91 4.60 5.68 | cpu  190908573 7323 95072162 6186381142 4309372 0 561730 0 0 0
1791453386 195, 405, 37, 0x0000000000000000 | 3.91 4.60 5.68 | cpu  190908742 7323 95072467 6186394517 4309372 0 561731 0 0 0
1791453387 195, 405, 37, 0x0000000000000000 | 3.91 4.60 5.68 | cpu  190908908 7323 95072768 6186407905 4309379 0 561732 0 0 0
1791453388 195, 405, 37, 0x0000000000000000 | 3.91 4.60 5.68 | cpu  190909069 7323 95073067 6186421274 4309389 0 561732 0 0 0
1791453389 195, 405, 37, 0x0000000000000000 | 3.92 4.59 5.67 | cpu  190909227 7323 95073368 6186434634 4309389 0 561732 0 0 0
1791453390 195, 405, 37, 0x0000000000000000 | 3.92 4.59 5.67 | cpu  190909388 7323 95073616 6186448063 4309389 0 561732 0 0 0
1791453391 195, 405, 37, 0x0000000000000000 | 3.92 4.59 5.67 | cpu  190909553 7323 95073810 6186461596 4309389 0 561733 0 0 0
1791453392 195, 405, 37, 0x0000000000000000 | 3.92 4.59 5.67 | cpu  190909767 7323 95074005 6186475016 4309401 0 561733 0 0 0
1791453393 195, 405, 37, 0x0000000000000000 | 3.92 4.59 5.67 | cpu  190910000 7323 95074130 6186488516 4309430 0 561733 0 0 0
1791453394 195, 405, 37, 0x0000000000000000 | 3.85 4.56 5.65 | cpu  190910162 7323 95074323 6186502038 4309430 0 561733 0 0 0
1791453395 195, 405, 37, 0x0000000000000000 | 3.85 4.56 5.65 | cpu  190910335 7323 95074517 6186515568 4309430 0 561733 0 0 0
1791453396 195, 405, 37, 0x0000000000000000 | 3.85 4.56 5.65 | cpu  190910516 7323 95074703 6186529031 4309430 0 561733 0 0 0
1791453398 195, 405, 37, 0x0000000000000000 | 3.85 4.56 5.65 | cpu  190910726 7323 95074959 6186542470 4309448 0 561734 0 0 0
1791453399 195, 405, 37, 0x0000000000000000 | 3.85 4.56 5.65 | cpu  190911027 7323 95075320 6186555743 4309455 0 561734 0 0 0
1791453400 195, 405, 37, 0x0000000000000000 | 3.86 4.55 5.64 | cpu  190911218 7323 95075598 6186569179 4309455 0 561734 0 0 0
1791453401 195, 405, 37, 0x0000000000000000 | 3.86 4.55 5.64 | cpu  190911437 7323 95075841 6186582581 4309455 0 561735 0 0 0
1791453402 195, 405, 37, 0x0000000000000000 | 3.86 4.55 5.64 | cpu  190911640 7323 95076100 6186595946 4309455 0 561735 0 0 0
1791453403 195, 405, 37, 0x0000000000000000 | 3.86 4.55 5.64 | cpu  190911843 7323 95076365 6186609271 4309479 0 561736 0 0 0
1791453404 195, 405, 37, 0x0000000000000000 | 3.87 4.54 5.63 | cpu  190912217 7323 95076626 6186622457 4309479 0 561736 0 0 0
1791453405 195, 405, 37, 0x0000000000000000 | 3.87 4.54 5.63 | cpu  190912406 7323 95076911 6186635815 4309479 0 561737 0 0 0
1791453406 195, 405, 37, 0x0000000000000000 | 3.87 4.54 5.63 | cpu  190912591 7323 95077191 6186649193 4309479 0 561737 0 0 0
1791453407 195, 405, 37, 0x0000000000000000 | 3.87 4.54 5.63 | cpu  190912799 7323 95077487 6186662564 4309482 0 561737 0 0 0
1791453408 195, 405, 37, 0x0000000000000000 | 3.87 4.54 5.63 | cpu  190912987 7323 95077786 6186675993 4309496 0 561738 0 0 0
1791453409 195, 405, 37, 0x0000000000000000 | 3.96 4.55 5.63 | cpu  190913191 7323 95078129 6186689385 4309503 0 561739 0 0 0
1791453411 195, 405, 37, 0x0000000000000000 | 3.96 4.55 5.63 | cpu  190913393 7323 95078471 6186702753 4309503 0 561740 0 0 0
1791453412 195, 405, 37, 0x0000000000000000 | 3.96 4.55 5.63 | cpu  190913605 7323 95078753 6186716170 4309503 0 561740 0 0 0
1791453413 195, 405, 37, 0x0000000000000000 | 3.96 4.55 5.63 | cpu  190913798 7323 95079027 6186729545 4309527 0 561741 0 0 0
1791453414 195, 405, 37, 0x0000000000000000 | 4.05 4.56 5.63 | cpu  190913988 7323 95079307 6186742987 4309534 0 561741 0 0 0
1791453415 195, 405, 37, 0x0000000000000000 | 4.05 4.56 5.63 | cpu  190914168 7323 95079596 6186756393 4309534 0 561742 0 0 0
1791453416 195, 405, 37, 0x0000000000000000 | 4.05 4.56 5.63 | cpu  190914360 7323 95079869 6186769789 4309534 0 561742 0 0 0
1791453417 195, 405, 37, 0x0000000000000000 | 4.05 4.56 5.63 | cpu  190914553 7323 95080194 6186783307 4309542 0 561743 0 0 0
1791453418 195, 405, 37, 0x0000000000000000 | 4.05 4.56 5.63 | cpu  190914737 7323 95080475 6186796673 4309545 0 561744 0 0 0
1791453419 195, 405, 37, 0x0000000000000000 | 4.04 4.55 5.62 | cpu  190914930 7323 95080749 6186810051 4309545 0 561745 0 0 0
1791453420 195, 405, 37, 0x0000000000000000 | 4.04 4.55 5.62 | cpu  190915121 7323 95081039 6186823450 4309545 0 561746 0 0 0
1791453421 195, 405, 37, 0x0000000000000000 | 4.04 4.55 5.62 | cpu  190915311 7323 95081332 6186836838 4309545 0 561747 0 0 0
1791453423 195, 405, 37, 0x0000000000000000 | 4.04 4.55 5.62 | cpu  190915533 7323 95081702 6186850064 4309566 0 561748 0 0 0
1791453424 195, 405, 37, 0x0000000000000000 | 4.04 4.55 5.62 | cpu  190915750 7323 95082087 6186863310 4309569 0 561749 0 0 0
1791453425 187, 405, 37, 0x0000000000000000 | 4.12 4.56 5.62 | cpu  190915943 7323 95082502 6186876545 4309569 0 561749 0 0 0
1791453426 195, 405, 37, 0x0000000000000000 | 4.12 4.56 5.62 | cpu  190916134 7323 95082907 6186889790 4309569 0 561749 0 0 0
1791453427 195, 405, 37, 0x0000000000000000 | 4.12 4.56 5.62 | cpu  190916315 7323 95083297 6186903058 4309569 0 561750 0 0 0
1791453428 195, 405, 37, 0x0000000000000000 | 4.12 4.56 5.62 | cpu  190916502 7323 95083689 6186916335 4309589 0 561750 0 0 0
1791453429 195, 405, 37, 0x0000000000000000 | 4.19 4.57 5.61 | cpu  190916688 7323 95084078 6186929620 4309596 0 561750 0 0 0
1791453430 195, 405, 37, 0x0000000000000000 | 4.19 4.57 5.61 | cpu  190916874 7323 95084471 6186942919 4309596 0 561751 0 0 0
1791453431 195, 405, 37, 0x0000000000000000 | 4.19 4.57 5.61 | cpu  190917065 7323 95084858 6186956232 4309596 0 561752 0 0 0
1791453432 195, 405, 37, 0x0000000000000000 | 4.19 4.57 5.61 | cpu  190917257 7323 95085243 6186969473 4309596 0 561752 0 0 0
1791453433 195, 405, 37, 0x0000000000000000 | 4.19 4.57 5.61 | cpu  190917445 7323 95085625 6186982739 4309614 0 561753 0 0 0
1791453434 195, 405, 37, 0x0000000000000000 | 4.25 4.57 5.61 | cpu  190917630 7323 95086012 6186996020 4309621 0 561753 0 0 0
1791453436 195, 405, 37, 0x0000000000000000 | 4.25 4.57 5.61 | cpu  190917816 7323 95086409 6187009292 4309621 0 561754 0 0 0
1791453437 195, 405, 37, 0x0000000000000000 | 4.25 4.57 5.61 | cpu  190917995 7323 95086801 6187022546 4309621 0 561754 0 0 0
1791453438 195, 405, 37, 0x0000000000000000 | 4.25 4.57 5.61 | cpu  190918172 7323 95087174 6187035825 4309636 0 561755 0 0 0
1791453439 195, 405, 37, 0x0000000000000000 | 4.25 4.57 5.61 | cpu  190918357 7323 95087458 6187049186 4309639 0 561755 0 0 0
1791453440 195, 405, 37, 0x0000000000000000 | 4.23 4.56 5.60 | cpu  190918553 7323 95087733 6187062524 4309646 0 561756 0 0 0
1791453441 195, 405, 37, 0x0000000000000000 | 4.23 4.56 5.60 | cpu  190918736 7323 95088007 6187075953 4309646 0 561756 0 0 0
1791453442 195, 405, 37, 0x0000000000000000 | 4.23 4.56 5.60 | cpu  190918919 7323 95088285 6187089320 4309646 0 561756 0 0 0
1791453443 195, 405, 37, 0x0000000000000000 | 4.23 4.56 5.60 | cpu  190919128 7323 95088554 6187102695 4309654 0 561756 0 0 0
1791453444 195, 405, 37, 0x0000000000000000 | 4.21 4.55 5.59 | cpu  190919367 7323 95088783 6187116041 4309657 0 561757 0 0 0
1791453445 195, 405, 37, 0x0000000000000000 | 4.21 4.55 5.59 | cpu  190919607 7323 95089023 6187129513 4309664 0 561757 0 0 0
1791453446 195, 405, 37, 0x0000000000000000 | 4.21 4.55 5.59 | cpu  190919840 7323 95089259 6187142922 4309664 0 561758 0 0 0
1791453447 195, 405, 37, 0x0000000000000000 | 4.21 4.55 5.59 | cpu  190920030 7323 95089539 6187156324 4309664 0 561759 0 0 0
1791453449 195, 405, 37, 0x0000000000000000 | 4.21 4.55 5.59 | cpu  190920221 7323 95089826 6187169754 4309680 0 561760 0 0 0
1791453450 195, 405, 38, 0x0000000000000000 | 4.20 4.54 5.58 | cpu  190920543 7323 95090500 6187182602 4309686 0 561761 0 0 0
1791453451 187, 405, 37, 0x0000000000000000 | 4.20 4.54 5.58 | cpu  190921288 7323 95091682 6187194538 4309686 0 561762 0 0 0
1791453452 195, 405, 37, 0x0000000000000000 | 4.20 4.54 5.58 | cpu  190921573 7323 95091901 6187208086 4309686 0 561763 0 0 0
1791453453 195, 405, 37, 0x0000000000000000 | 4.20 4.54 5.58 | cpu  190921775 7323 95092116 6187221529 4309714 0 561764 0 0 0
1791453454 195, 405, 37, 0x0000000000000000 | 4.10 4.52 5.57 | cpu  190921938 7323 95092310 6187235007 4309717 0 561764 0 0 0
1791453455 195, 405, 37, 0x0000000000000000 | 4.10 4.52 5.57 | cpu  190922125 7323 95092513 6187248465 4309717 0 561764 0 0 0
1791453456 195, 405, 37, 0x0000000000000000 | 4.10 4.52 5.57 | cpu  190922295 7323 95092703 6187261953 4309724 0 561765 0 0 0
1791453457 195, 405, 38, 0x0000000000000000 | 4.10 4.52 5.57 | cpu  190922473 7323 95092959 6187275413 4309724 0 561766 0 0 0
1791453458 195, 405, 37, 0x0000000000000000 | 4.10 4.52 5.57 | cpu  190922639 7323 95093145 6187288908 4309724 0 561767 0 0 0
1791453459 195, 405, 37, 0x0000000000000000 | 4.01 4.49 5.55 | cpu  190922811 7323 95093331 6187302382 4309739 0 561767 0 0 0
1791453460 195, 405, 37, 0x0000000000000000 | 4.01 4.49 5.55 | cpu  190922998 7323 95093603 6187315804 4309739 0 561768 0 0 0
1791453462 195, 405, 37, 0x0000000000000000 | 4.01 4.49 5.55 | cpu  190923168 7323 95093836 6187329266 4309746 0 561768 0 0 0
1791453463 195, 405, 38, 0x0000000000000000 | 4.01 4.49 5.55 | cpu  190923335 7323 95094026 6187342704 4309746 0 561768 0 0 0
1791453464 187, 405, 38, 0x0000000000000000 | 4.01 4.49 5.55 | cpu  190923498 7323 95094222 6187356155 4309746 0 561769 0 0 0
1791453465 195, 405, 37, 0x0000000000000000 | 3.93 4.47 5.54 | cpu  190923662 7323 95094417 6187369624 4309749 0 561770 0 0 0
1791453466 195, 405, 38, 0x0000000000000000 | 3.93 4.47 5.54 | cpu  190923832 7323 95094617 6187383092 4309757 0 561770 0 0 0
1791453467 195, 405, 37, 0x0000000000000000 | 3.93 4.47 5.54 | cpu  190924007 7323 95094805 6187396532 4309764 0 561771 0 0 0
1791453468 195, 405, 37, 0x0000000000000000 | 3.93 4.47 5.54 | cpu  190924181 7323 95094997 6187410038 4309764 0 561772 0 0 0
1791453469 195, 405, 37, 0x0000000000000000 | 3.86 4.44 5.53 | cpu  190924347 7323 95095191 6187423502 4309767 0 561773 0 0 0
1791453470 195, 405, 38, 0x0000000000000000 | 3.86 4.44 5.53 | cpu  190924518 7323 95095420 6187436991 4309767 0 561773 0 0 0
1791453471 195, 405, 38, 0x0000000000000000 | 3.86 4.44 5.53 | cpu  190924693 7323 95095721 6187450320 4309786 0 561774 0 0 0
1791453472 195, 405, 38, 0x0000000000000000 | 3.86 4.44 5.53 | cpu  190924859 7323 95096015 6187463685 4309793 0 561774 0 0 0
1791453473 195, 405, 38, 0x0000000000000000 | 3.86 4.44 5.53 | cpu  190925030 7323 95096317 6187477120 4309793 0 561776 0 0 0
1791453475 195, 405, 38, 0x0000000000000000 | 3.87 4.44 5.52 | cpu  190925198 7323 95096620 6187490539 4309796 0 561776 0 0 0
1791453476 195, 405, 38, 0x0000000000000000 | 3.87 4.44 5.52 | cpu  190925365 7323 95096925 6187503993 4309796 0 561777 0 0 0
1791453477 195, 405, 38, 0x0000000000000000 | 3.87 4.44 5.52 | cpu  190925529 7323 95097239 6187517447 4309819 0 561777 0 0 0
1791453478 195, 405, 37, 0x0000000000000000 | 3.87 4.44 5.52 | cpu  190925715 7323 95097533 6187530865 4309819 0 561778 0 0 0
1791453479 195, 405, 38, 0x0000000000000000 | 3.88 4.43 5.51 | cpu  190925900 7323 95097816 6187544330 4309819 0 561779 0 0 0
1791453480 195, 405, 38, 0x0000000000000000 | 3.88 4.43 5.51 | cpu  190926074 7323 95098111 6187557705 4309822 0 561780 0 0 0
1791453481 195, 405, 38, 0x0000000000000000 | 3.88 4.43 5.51 | cpu  190926236 7323 95098308 6187571175 4309822 0 561780 0 0 0
1791453482 195, 405, 38, 0x0000000000000000 | 3.88 4.43 5.51 | cpu  190926418 7323 95098545 6187584612 4309835 0 561781 0 0 0
1791453483 195, 405, 38, 0x0000000000000000 | 3.88 4.43 5.51 | cpu  190926580 7323 95098746 6187598157 4309839 0 561781 0 0 0
1791453484 195, 405, 38, 0x0000000000000000 | 3.81 4.41 5.50 | cpu  190926740 7323 95098942 6187611648 4309841 0 561782 0 0 0
1791453485 195, 405, 37, 0x0000000000000000 | 3.81 4.41 5.50 | cpu  190926906 7323 95099140 6187625185 4309841 0 561782 0 0 0
1791453486 195, 405, 38, 0x0000000000000000 | 3.81 4.41 5.50 | cpu  190927073 7323 95099341 6187638668 4309841 0 561782 0 0 0
1791453488 195, 405, 38, 0x0000000000000000 | 3.81 4.41 5.50 | cpu  190927243 7323 95099537 6187652197 4309863 0 561783 0 0 0
1791453489 195, 405, 38, 0x0000000000000000 | 3.81 4.41 5.50 | cpu  190927414 7323 95099737 6187665739 4309863 0 561783 0 0 0
1791453490 195, 405, 38, 0x0000000000000000 | 3.74 4.38 5.48 | cpu  190927581 7323 95099935 6187679225 4309866 0 561784 0 0 0
1791453491 195, 405, 38, 0x0000000000000000 | 3.74 4.38 5.48 | cpu  190927749 7323 95100128 6187692699 4309866 0 561784 0 0 0
1791453492 195, 405, 38, 0x0000000000000000 | 3.74 4.38 5.48 | cpu  190927924 7323 95100326 6187706156 4309868 0 561785 0 0 0
1791453493 195, 405, 38, 0x0000000000000000 | 3.74 4.38 5.48 | cpu  190928086 7323 95100520 6187719610 4309887 0 561786 0 0 0
1791453494 195, 405, 38, 0x0000000000000000 | 3.68 4.36 5.47 | cpu  190928248 7323 95100721 6187733115 4309887 0 561787 0 0 0
1791453495 195, 405, 38, 0x0000000000000000 | 3.68 4.36 5.47 | cpu  190928478 7323 95100966 6187746510 4309891 0 561787 0 0 0
1791453496 195, 405, 38, 0x0000000000000000 | 3.68 4.36 5.47 | cpu  190928735 7323 95101175 6187759889 4309891 0 561788 0 0 0
1791453497 195, 405, 38, 0x0000000000000000 | 3.68 4.36 5.47 | cpu  190929177 7323 95101476 6187772975 4309898 0 561788 0 0 0
1791453498 195, 405, 38, 0x0000000000000000 | 3.68 4.36 5.47 | cpu  190929364 7323 95101755 6187786330 4309919 0 561789 0 0 0
1791453499 195, 405, 38, 0x0000000000000000 | 3.71 4.35 5.46 | cpu  190929561 7323 95102025 6187799717 4309919 0 561789 0 0 0
1791453501 195, 405, 38, 0x0000000000000000 | 3.71 4.35 5.46 | cpu  190929780 7323 95102284 6187813087 4309923 0 561790 0 0 0
1791453502 195, 405, 38, 0x0000000000000000 | 3.71 4.35 5.46 | cpu  190929968 7323 95102560 6187826437 4309923 0 561791 0 0 0
1791453503 195, 405, 38, 0x0000000000000000 | 3.71 4.35 5.46 | cpu  190930154 7323 95102836 6187839793 4309946 0 561792 0 0 0
1791453504 195, 405, 38, 0x0000000000000000 | 3.81 4.36 5.46 | cpu  190930412 7323 95103091 6187853122 4309946 0 561792 0 0 0
1791453505 195, 405, 38, 0x0000000000000000 | 3.81 4.36 5.46 | cpu  190930617 7323 95103364 6187866585 4309949 0 561792 0 0 0
1791453506 195, 405, 38, 0x0000000000000000 | 3.81 4.36 5.46 | cpu  190930828 7323 95103627 6187879994 4309949 0 561792 0 0 0
1791453507 195, 405, 38, 0x0000000000000000 | 3.81 4.36 5.46 | cpu  190931019 7323 95103893 6187893399 4309949 0 561794 0 0 0
1791453508 195, 405, 38, 0x0000000000000000 | 3.81 4.36 5.46 | cpu  190931221 7323 95104158 6187906781 4309969 0 561795 0 0 0
1791453509 195, 405, 38, 0x0000000000000000 | 3.91 4.37 5.45 | cpu  190931417 7323 95104429 6187920198 4309969 0 561797 0 0 0
1791453510 195, 405, 38, 0x0000000000000000 | 3.91 4.37 5.45 | cpu  190931616 7323 95104700 6187933610 4309972 0 561798 0 0 0
1791453511 195, 405, 38, 0x0000000000000000 | 3.91 4.37 5.45 | cpu  190931826 7323 95104992 6187946977 4309972 0 561800 0 0 0
1791453512 195, 405, 38, 0x0000000000000000 | 3.91 4.37 5.45 | cpu  190932034 7323 95105316 6187960291 4309986 0 561801 0 0 0
1791453514 195, 405, 38, 0x0000000000000000 | 3.91 4.37 5.45 | cpu  190932225 7323 95105698 6187973534 4309993 0 561801 0 0 0
1791453515 195, 405, 38, 0x0000000000000000 | 4.00 4.39 5.45 | cpu  190932415 7323 95106082 6187986791 4309993 0 561802 0 0 0
1791453516 195, 405, 38, 0x0000000000000000 | 4.00 4.39 5.45 | cpu  190932776 7323 95106448 6187999892 4309995 0 561803 0 0 0
1791453517 195, 405, 38, 0x0000000000000000 | 4.00 4.39 5.45 | cpu  190932969 7323 95106831 6188013153 4309995 0 561803 0 0 0
1791453518 195, 405, 38, 0x0000000000000000 | 4.00 4.39 5.45 | cpu  190933151 7323 95107225 6188026472 4310009 0 561803 0 0 0
1791453519 195, 405, 38, 0x0000000000000000 | 4.08 4.40 5.45 | cpu  190933336 7323 95107623 6188039718 4310016 0 561804 0 0 0
1791453520 195, 405, 38, 0x0000000000000000 | 4.08 4.40 5.45 | cpu  190933521 7323 95108021 6188053036 4310019 0 561804 0 0 0
1791453521 195, 405, 38, 0x0000000000000000 | 4.08 4.40 5.45 | cpu  190933715 7323 95108417 6188066356 4310019 0 561804 0 0 0
1791453522 195, 405, 38, 0x0000000000000000 | 4.08 4.40 5.45 | cpu  190933904 7323 95108811 6188079661 4310019 0 561805 0 0 0
1791453523 195, 405, 38, 0x0000000000000000 | 4.08 4.40 5.45 | cpu  190934094 7323 95109303 6188092813 4310041 0 561806 0 0 0
1791453524 195, 405, 38, 0x0000000000000000 | 4.15 4.41 5.45 | cpu  190934273 7323 95109718 6188106052 4310041 0 561806 0 0 0
1791453525 195, 405, 38, 0x0000000000000000 | 4.15 4.41 5.45 | cpu  190934465 7323 95110106 6188119350 4310044 0 561806 0 0 0
1791453527 195, 405, 38, 0x0000000000000000 | 4.15 4.41 5.45 | cpu  190934646 7323 95110497 6188132642 4310044 0 561807 0 0 0
1791453528 195, 405, 38, 0x0000000000000000 | 4.15 4.41 5.45 | cpu  190934831 7323 95110888 6188145937 4310059 0 561807 0 0 0
1791453529 195, 405, 38, 0x0000000000000000 | 4.15 4.41 5.45 | cpu  190935014 7323 95111279 6188159207 4310066 0 561808 0 0 0
1791453530 195, 405, 38, 0x0000000000000000 | 4.22 4.42 5.44 | cpu  190935208 7323 95111665 6188172467 4310066 0 561809 0 0 0
1791453531 195, 405, 38, 0x0000000000000000 | 4.22 4.42 5.44 | cpu  190935395 7323 95112048 6188185768 4310069 0 561810 0 0 0
1791453532 195, 405, 38, 0x0000000000000000 | 4.22 4.42 5.44 | cpu  190935625 7323 95112391 6188199090 4310069 0 561810 0 0 0
1791453533 195, 405, 38, 0x0000000000000000 | 4.22 4.42 5.44 | cpu  190935808 7323 95112784 6188212395 4310083 0 561811 0 0 0
1791453534 195, 405, 38, 0x0000000000000000 | 4.36 4.44 5.45 | cpu  190935998 7323 95113180 6188225719 4310083 0 561812 0 0 0
1791453535 195, 405, 38, 0x0000000000000000 | 4.36 4.44 5.45 | cpu  190936206 7323 95113574 6188238975 4310090 0 561813 0 0 0
1791453536 195, 405, 38, 0x0000000000000000 | 4.36 4.44 5.45 | cpu  190936409 7323 95113970 6188252229 4310093 0 561814 0 0 0
1791453537 195, 405, 38, 0x0000000000000000 | 4.36 4.44 5.45 | cpu  190936607 7323 95114396 6188265451 4310101 0 561815 0 0 0
1791453538 195, 405, 38, 0x0000000000000000 | 4.36 4.44 5.45 | cpu  190936805 7323 95114856 6188278659 4310101 0 561815 0 0 0
1791453540 195, 405, 38, 0x0000000000000000 | 4.49 4.47 5.45 | cpu  190936994 7323 95115254 6188291988 4310101 0 561816 0 0 0
1791453541 195, 405, 38, 0x0000000000000000 | 4.49 4.47 5.45 | cpu  190937191 7323 95115640 6188305265 4310104 0 561817 0 0 0
1791453542 195, 405, 38, 0x0000000000000000 | 4.49 4.47 5.45 | cpu  190937384 7323 95116064 6188318682 4310111 0 561818 0 0 0
1791453543 195, 405, 38, 0x0000000000000000 | 4.49 4.47 5.45 | cpu  190937581 7323 95116484 6188331893 4310121 0 561819 0 0 0
1791453544 195, 405, 38, 0x0000000000000000 | 4.53 4.48 5.45 | cpu  190937767 7323 95116879 6188345214 4310121 0 561819 0 0 0
1791453545 195, 405, 38, 0x0000000000000000 | 4.53 4.48 5.45 | cpu  190937955 7323 95117266 6188358517 4310121 0 561820 0 0 0
1791453546 195, 405, 38, 0x0000000000000000 | 4.53 4.48 5.45 | cpu  190938146 7323 95117660 6188371785 4310123 0 561820 0 0 0
1791453547 195, 405, 38, 0x0000000000000000 | 4.53 4.48 5.45 | cpu  190938331 7323 95118054 6188385046 4310123 0 561821 0 0 0
1791453548 187, 405, 38, 0x0000000000000000 | 4.53 4.48 5.45 | cpu  190938532 7323 95118436 6188398393 4310144 0 561822 0 0 0
1791453549 195, 405, 38, 0x0000000000000000 | 4.65 4.50 5.45 | cpu  190938718 7323 95118828 6188411711 4310144 0 561822 0 0 0
1791453550 195, 405, 38, 0x0000000000000000 | 4.65 4.50 5.45 | cpu  190938901 7323 95119221 6188424989 4310151 0 561823 0 0 0
1791453552 195, 405, 38, 0x0000000000000000 | 4.65 4.50 5.45 | cpu  190939104 7323 95119630 6188438215 4310154 0 561824 0 0 0
1791453553 195, 405, 38, 0x0000000000000000 | 4.65 4.50 5.45 | cpu  190939299 7323 95119964 6188451503 4310182 0 561825 0 0 0
1791453554 195, 405, 38, 0x0000000000000000 | 4.65 4.50 5.45 | cpu  190939504 7323 95120228 6188464923 4310182 0 561825 0 0 0
1791453555 195, 405, 38, 0x0000000000000000 | 4.60 4.49 5.44 | cpu  190939737 7323 95120463 6188478293 4310182 0 561826 0 0 0
1791453556 195, 405, 38, 0x0000000000000000 | 4.60 4.49 5.44 | cpu  190939967 7323 95120696 6188491697 4310189 0 561826 0 0 0
1791453557 195, 405, 38, 0x0000000000000000 | 4.60 4.49 5.44 | cpu  190940210 7323 95120931 6188505082 4310192 0 561827 0 0 0
1791453558 195, 405, 38, 0x0000000000000000 | 4.60 4.49 5.44 | cpu  190940444 7323 95121162 6188518465 4310206 0 561827 0 0 0
1791453559 195, 405, 38, 0x0000000000000000 | 4.63 4.50 5.44 | cpu  190940675 7323 95121400 6188531851 4310206 0 561828 0 0 0
1791453560 195, 405, 38, 0x0000000000000000 | 4.63 4.50 5.44 | cpu  190940911 7323 95121635 6188545216 4310213 0 561829 0 0 0
1791453561 195, 405, 38, 0x0000000000000000 | 4.63 4.50 5.44 | cpu  190941149 7323 95121875 6188558627 4310216 0 561830 0 0 0
1791453562 195, 405, 38, 0x0000000000000000 | 4.63 4.50 5.44 | cpu  190941381 7323 95122108 6188572003 4310216 0 561830 0 0 0
1791453563 195, 405, 38, 0x0000000000000000 | 4.63 4.50 5.44 | cpu  190941603 7323 95122353 6188585393 4310231 0 561831 0 0 0
1791453565 195, 405, 38, 0x0000000000000000 | 4.58 4.49 5.43 | cpu  190941805 7323 95122616 6188598744 4310231 0 561831 0 0 0
1791453566 195, 405, 38, 0x0000000000000000 | 4.58 4.49 5.43 | cpu  190941995 7323 95122893 6188612140 4310232 0 561831 0 0 0
1791453567 195, 405, 38, 0x0000000000000000 | 4.58 4.49 5.43 | cpu  190942246 7323 95123107 6188625513 4310241 0 561831 0 0 0
1791453568 195, 405, 38, 0x0000000000000000 | 4.58 4.49 5.43 | cpu  190942577 7323 95123560 6188638580 4310255 0 561832 0 0 0
1791453569 195, 405, 38, 0x0000000000000000 | 6.54 4.90 5.56 | cpu  190943374 7323 95125051 6188650131 4310255 0 561832 0 0 0
1791453570 195, 405, 38, 0x0000000000000000 | 6.54 4.90 5.56 | cpu  190943783 7323 95125298 6188663321 4310255 0 561832 0 0 0
1791453571 195, 405, 38, 0x0000000000000000 | 6.54 4.90 5.56 | cpu  190944049 7323 95125492 6188676730 4310262 0 561832 0 0 0
1791453572 195, 405, 38, 0x0000000000000000 | 6.54 4.90 5.56 | cpu  190944329 7323 95125764 6188690014 4310269 0 561833 0 0 0
1791453573 195, 405, 38, 0x0000000000000000 | 6.54 4.90 5.56 | cpu  190944502 7323 95125954 6188703480 4310276 0 561834 0 0 0
1791453574 187, 405, 38, 0x0000000000000000 | 6.33 4.89 5.55 | cpu  190944672 7323 95126145 6188716950 4310276 0 561834 0 0 0
1791453575 195, 405, 38, 0x0000000000000000 | 6.33 4.89 5.55 | cpu  190944844 7323 95126331 6188730458 4310276 0 561835 0 0 0
1791453576 195, 405, 38, 0x0000000000000000 | 6.33 4.89 5.55 | cpu  190945007 7323 95126526 6188743918 4310288 0 561835 0 0 0
1791453578 195, 405, 38, 0x0000000000000000 | 6.33 4.89 5.55 | cpu  190945173 7323 95126719 6188757412 4310300 0 561836 0 0 0
1791453579 195, 405, 38, 0x0000000000000000 | 6.33 4.89 5.55 | cpu  190945340 7323 95126911 6188770884 4310302 0 561836 0 0 0
1791453580 195, 405, 38, 0x0000000000000000 | 6.15 4.87 5.54 | cpu  190945514 7323 95127110 6188784321 4310302 0 561837 0 0 0
1791453581 195, 405, 38, 0x0000000000000000 | 6.15 4.87 5.54 | cpu  190945690 7323 95127292 6188797787 4310302 0 561837 0 0 0
1791453582 195, 405, 38, 0x0000000000000000 | 6.15 4.87 5.54 | cpu  190945854 7323 95127485 6188811302 4310313 0 561837 0 0 0
1791453583 195, 405, 38, 0x0000000000000000 | 6.15 4.87 5.54 | cpu  190946010 7323 95127682 6188824749 4310327 0 561837 0 0 0
1791453584 195, 405, 38, 0x0000000000000000 | 5.89 4.84 5.53 | cpu  190946190 7323 95127876 6188838194 4310327 0 561838 0 0 0
1791453585 195, 405, 38, 0x0000000000000000 | 5.89 4.84 5.53 | cpu  190946359 7323 95128192 6188851544 4310327 0 561838 0 0 0
1791453586 195, 405, 38, 0x0000000000000000 | 5.89 4.84 5.53 | cpu  190946531 7323 95128600 6188864821 4310334 0 561839 0 0 0
1791453587 187, 405, 38, 0x0000000000000000 | 5.89 4.84 5.53 | cpu  190946698 7323 95128918 6188878225 4310337 0 561839 0 0 0
1791453588 195, 405, 38, 0x0000000000000000 | 5.89 4.84 5.53 | cpu  190946864 7323 95129220 6188891616 4310351 0 561840 0 0 0
1791453589 195, 405, 38, 0x0000000000000000 | 5.74 4.83 5.52 | cpu  190947028 7323 95129436 6188905035 4310351 0 561840 0 0 0
1791453591 195, 405, 38, 0x0000000000000000 | 5.74 4.83 5.52 | cpu  190947188 7323 95129632 6188918549 4310351 0 561840 0 0 0
1791453592 195, 405, 38, 0x0000000000000000 | 5.74 4.83 5.52 | cpu  190947358 7323 95129827 6188932035 4310358 0 561840 0 0 0
1791453593 195, 405, 38, 0x0000000000000000 | 5.74 4.83 5.52 | cpu  190947527 7323 95130018 6188945466 4310376 0 561842 0 0 0
1791453594 195, 405, 38, 0x0000000000000000 | 5.74 4.83 5.52 | cpu  190947699 7323 95130203 6188958965 4310376 0 561843 0 0 0
1791453595 195, 405, 38, 0x0000000000000000 | 5.52 4.79 5.51 | cpu  190947864 7323 95130396 6188972463 4310376 0 561843 0 0 0
1791453596 195, 405, 38, 0x0000000000000000 | 5.52 4.79 5.51 | cpu  190948035 7323 95130590 6188986012 4310376 0 561844 0 0 0
1791453597 195, 405, 38, 0x0000000000000000 | 5.52 4.79 5.51 | cpu  190948221 7323 95130772 6188999494 4310389 0 561844 0 0 0
1791453598 195, 405, 38, 0x0000000000000000 | 5.52 4.79 5.51 | cpu  190948385 7323 95130970 6189013013 4310394 0 561845 0 0 0
1791453599 195, 405, 38, 0x0000000000000000 | 5.32 4.76 5.49 | cpu  190948559 7323 95131160 6189026479 4310394 0 561845 0 0 0
1791453600 195, 405, 38, 0x0000000000000000 | 5.32 4.76 5.49 | cpu  190948714 7323 95131352 6189039936 4310394 0 561845 0 0 0
1791453601 195, 405, 38, 0x0000000000000000 | 5.32 4.76 5.49 | cpu  190949040 7323 95131603 6189053245 4310394 0 561846 0 0 0
1791453602 195, 405, 38, 0x0000000000000000 | 5.32 4.76 5.49 | cpu  190949299 7323 95131978 6189066455 4310411 0 561846 0 0 0
1791453604 195, 405, 38, 0x0000000000000000 | 5.32 4.76 5.49 | cpu  190949503 7323 95132243 6189079828 4310411 0 561847 0 0 0
1791453605 195, 405, 38, 0x0000000000000000 | 5.29 4.77 5.49 | cpu  190949707 7323 95132509 6189093191 4310411 0 561848 0 0 0
1791453606 195, 405, 38, 0x0000000000000000 | 5.29 4.77 5.49 | cpu  190949895 7323 95132792 6189106570 4310411 0 561848 0 0 0
1791453607 195, 405, 38, 0x0000000000000000 | 5.29 4.77 5.49 | cpu  190950143 7323 95133061 6189119877 4310411 0 561850 0 0 0
1791453608 195, 405, 38, 0x0000000000000000 | 5.29 4.77 5.49 | cpu  190950338 7323 95133335 6189133230 4310429 0 561850 0 0 0
1791453609 195, 405, 38, 0x0000000000000000 | 5.19 4.76 5.48 | cpu  190950529 7323 95133613 6189146548 4310429 0 561850 0 0 0
1791453610 195, 405, 38, 0x0000000000000000 | 5.19 4.76 5.48 | cpu  190950727 7323 95133887 6189159933 4310429 0 561850 0 0 0
1791453611 195, 405, 38, 0x0000000000000000 | 5.19 4.76 5.48 | cpu  190950921 7323 95134163 6189173349 4310429 0 561851 0 0 0
1791453612 195, 405, 38, 0x0000000000000000 | 5.19 4.76 5.48 | cpu  190951123 7323 95134438 6189186757 4310429 0 561851 0 0 0
1791453613 195, 405, 38, 0x0000000000000000 | 5.19 4.76 5.48 | cpu  190951327 7323 95134702 6189200198 4310446 0 561851 0 0 0
1791453614 195, 405, 38, 0x0000000000000000 | 5.17 4.76 5.48 | cpu  190951517 7323 95134987 6189213574 4310446 0 561852 0 0 0
1791453615 195, 405, 38, 0x0000000000000000 | 5.17 4.76 5.48 | cpu  190951712 7323 95135257 6189226938 4310446 0 561852 0 0 0
1791453617 195, 405, 38, 0x0000000000000000 | 5.17 4.76 5.48 | cpu  190951901 7323 95135529 6189240308 4310446 0 561852 0 0 0
1791453618 195, 405, 38, 0x0000000000000000 | 5.17 4.76 5.48 | cpu  190952089 7323 95135805 6189253689 4310453 0 561852 0 0 0
1791453619 195, 405, 38, 0x0000000000000000 | 5.17 4.76 5.48 | cpu  190952281 7323 95136074 6189267048 4310456 0 561852 0 0 0
1791453620 195, 405, 38, 0x0000000000000000 | 5.08 4.75 5.47 | cpu  190952473 7323 95136356 6189280397 4310464 0 561853 0 0 0
1791453621 195, 405, 38, 0x0000000000000000 | 5.08 4.75 5.47 | cpu  190952679 7323 95136619 6189293784 4310474 0 561853 0 0 0
1791453622 195, 405, 38, 0x0000000000000000 | 5.08 4.75 5.47 | cpu  190952876 7323 95136989 6189307105 4310474 0 561853 0 0 0
1791453623 195, 405, 38, 0x0000000000000000 | 5.08 4.75 5.47 | cpu  190953075 7323 95137369 6189320430 4310498 0 561854 0 0 0
1791453624 195, 405, 38, 0x0000000000000000 | 5.07 4.75 5.47 | cpu  190953279 7323 95137748 6189333692 4310505 0 561854 0 0 0
1791453625 195, 405, 38, 0x0000000000000000 | 5.07 4.75 5.47 | cpu  190953478 7323 95138136 6189346959 4310505 0 561854 0 0 0
1791453626 195, 405, 38, 0x0000000000000000 | 5.07 4.75 5.47 | cpu  190953674 7323 95138513 6189360235 4310505 0 561855 0 0 0
1791453627 195, 405, 38, 0x0000000000000000 | 5.07 4.75 5.47 | cpu  190953876 7323 95138886 6189373485 4310505 0 561855 0 0 0
1791453628 195, 405, 38, 0x0000000000000000 | 5.07 4.75 5.47 | cpu  190954076 7323 95139265 6189386811 4310523 0 561856 0 0 0
1791453630 195, 405, 38, 0x0000000000000000 | 5.07 4.76 5.47 | cpu  190954317 7323 95139603 6189400119 4310530 0 561856 0 0 0
1791453631 195, 405, 38, 0x0000000000000000 | 5.07 4.76 5.47 | cpu  190954532 7323 95139959 6189413349 4310530 0 561857 0 0 0
1791453632 195, 405, 38, 0x0000000000000000 | 5.07 4.76 5.47 | cpu  190954735 7323 95140363 6189426591 4310530 0 561857 0 0 0
1791453633 195, 405, 38, 0x0000000000000000 | 5.07 4.76 5.47 | cpu  190954940 7323 95140783 6189439808 4310564 0 561857 0 0 0
1791453634 195, 405, 38, 0x0000000000000000 | 5.14 4.78 5.47 | cpu  190955362 7323 95141174 6189452855 4310567 0 561857 0 0 0
1791453635 195, 405, 38, 0x0000000000000000 | 5.14 4.78 5.47 | cpu  190955585 7323 95141481 6189466159 4310575 0 561858 0 0 0
1791453636 195, 405, 38, 0x0000000000000000 | 5.14 4.78 5.47 | cpu  190955755 7323 95141762 6189479579 4310575 0 561859 0 0 0
1791453637 195, 405, 38, 0x0000000000000000 | 5.14 4.78 5.47 | cpu  190955924 7323 95142044 6189492948 4310575 0 561860 0 0 0
1791453638 195, 405, 38, 0x0000000000000000 | 5.14 4.78 5.47 | cpu  190956090 7323 95142345 6189506315 4310590 0 561861 0 0 0
1791453639 195, 405, 38, 0x0000000000000000 | 5.05 4.76 5.46 | cpu  190956256 7323 95142644 6189519709 4310593 0 561861 0 0 0
1791453640 195, 405, 38, 0x0000000000000000 | 5.05 4.76 5.46 | cpu  190956424 7323 95142949 6189533107 4310600 0 561861 0 0 0
1791453641 195, 405, 38, 0x0000000000000000 | 5.05 4.76 5.46 | cpu  190956589 7323 95143200 6189546545 4310600 0 561861 0 0 0
1791453643 195, 405, 38, 0x0000000000000000 | 5.05 4.76 5.46 | cpu  190956749 7323 95143392 6189560008 4310600 0 561861 0 0 0
1791453644 195, 405, 38, 0x0000000000000000 | 5.05 4.76 5.46 | cpu  190956908 7323 95143588 6189573485 4310618 0 561862 0 0 0
1791453645 195, 405, 38, 0x0000000000000000 | 4.89 4.73 5.45 | cpu  190957085 7323 95143780 6189586958 4310625 0 561862 0 0 0
1791453646 195, 405, 38, 0x0000000000000000 | 4.89 4.73 5.45 | cpu  190957266 7323 95143957 6189600471 4310625 0 561862 0 0 0
1791453647 195, 405, 38, 0x0000000000000000 | 4.89 4.73 5.45 | cpu  190957477 7323 95144106 6189613949 4310625 0 561863 0 0 0
1791453648 195, 405, 38, 0x0000000000000000 | 4.89 4.73 5.45 | cpu  190957717 7323 95144264 6189627432 4310632 0 561864 0 0 0
1791453649 195, 405, 38, 0x0000000000000000 | 4.89 4.74 5.44 | cpu  190957942 7323 95144529 6189640917 4310635 0 561865 0 0 0
1791453650 195, 405, 38, 0x0000000000000000 | 4.89 4.74 5.44 | cpu  190958165 7323 95144691 6189654411 4310635 0 561866 0 0 0
1791453651 195, 405, 38, 0x0000000000000000 | 4.89 4.74 5.44 | cpu  190958375 7323 95144841 6189667898 4310635 0 561866 0 0 0
1791453652 195, 405, 38, 0x0000000000000000 | 4.89 4.74 5.44 | cpu  190958747 7323 95145129 6189681084 4310642 0 561867 0 0 0
1791453653 195, 405, 38, 0x0000000000000000 | 4.89 4.74 5.44 | cpu  190958948 7323 95145396 6189694450 4310650 0 561867 0 0 0
1791453654 195, 405, 38, 0x0000000000000000 | 4.90 4.74 5.44 | cpu  190959404 7323 95146497 6189706718 4310653 0 561867 0 0 0
1791453656 195, 405, 38, 0x0000000000000000 | 4.90 4.74 5.44 | cpu  190959981 7323 95147180 6189719254 4310653 0 561868 0 0 0
1791453657 195, 405, 38, 0x0000000000000000 | 4.90 4.74 5.44 | cpu  190960220 7323 95147364 6189732637 4310653 0 561868 0 0 0
1791453658 195, 405, 38, 0x0000000000000000 | 4.90 4.74 5.44 | cpu  190960456 7323 95147536 6189746037 4310661 0 561869 0 0 0
1791453659 195, 405, 38, 0x0000000000000000 | 4.90 4.74 5.44 | cpu  190960655 7323 95147699 6189759503 4310661 0 561870 0 0 0
1791453660 195, 405, 38, 0x0000000000000000 | 4.91 4.75 5.44 | cpu  190960838 7323 95147883 6189772929 4310664 0 561870 0 0 0
1791453661 195, 405, 38, 0x0000000000000000 | 4.91 4.75 5.44 | cpu  190961078 7323 95148069 6189786345 4310664 0 561871 0 0 0
1791453662 195, 405, 38, 0x0000000000000000 | 4.91 4.75 5.44 | cpu  190961263 7323 95148300 6189799769 4310671 0 561871 0 0 0
1791453663 195, 405, 38, 0x0000000000000000 | 4.91 4.75 5.44 | cpu  190961488 7323 95148536 6189813123 4310704 0 561872 0 0 0
1791453664 195, 405, 38, 0x0000000000000000 | 4.76 4.72 5.43 | cpu  190961663 7323 95148724 6189826608 4310714 0 561872 0 0 0
1791453665 195, 405, 38, 0x0000000000000000 | 4.76 4.72 5.43 | cpu  190961849 7323 95148906 6189840068 4310714 0 561872 0 0 0
1791453666 195, 405, 38, 0x0000000000000000 | 4.76 4.72 5.43 | cpu  190962025 7323 95149092 6189853602 4310714 0 561874 0 0 0
1791453667 195, 405, 38, 0x0000000000000000 | 4.76 4.72 5.43 | cpu  190962196 7323 95149286 6189867107 4310714 0 561874 0 0 0
1791453669 195, 405, 38, 0x0000000000000000 | 4.76 4.72 5.43 | cpu  190962363 7323 95149482 6189880685 4310714 0 561874 0 0 0
1791453670 195, 405, 38, 0x0000000000000000 | 4.62 4.69 5.41 | cpu  190962542 7323 95149667 6189894142 4310725 0 561875 0 0 0
1791453671 195, 405, 38, 0x0000000000000000 | 4.62 4.69 5.41 | cpu  190962726 7323 95149855 6189907547 4310725 0 561875 0 0 0
1791453672 195, 405, 38, 0x0000000000000000 | 4.62 4.69 5.41 | cpu  190962890 7323 95150047 6189921030 4310725 0 561875 0 0 0
1791453673 187, 405, 38, 0x0000000000000000 | 4.62 4.69 5.41 | cpu  190963056 7323 95150239 6189934517 4310725 0 561876 0 0 0
1791453674 195, 405, 38, 0x0000000000000000 | 4.49 4.66 5.40 | cpu  190963225 7323 95150429 6189947985 4310725 0 561876 0 0 0
1791453675 195, 405, 38, 0x0000000000000000 | 4.49 4.66 5.40 | cpu  190963555 7323 95150657 6189961267 4310728 0 561877 0 0 0
1791453676 195, 405, 38, 0x0000000000000000 | 4.49 4.66 5.40 | cpu  190963746 7323 95150932 6189974665 4310735 0 561877 0 0 0
1791453677 195, 405, 38, 0x0000000000000000 | 4.49 4.66 5.40 | cpu  190963946 7323 95151197 6189988054 4310735 0 561877 0 0 0
1791453678 195, 405, 38, 0x0000000000000000 | 4.49 4.66 5.40 | cpu  190964172 7323 95151560 6190001324 4310742 0 561878 0 0 0
1791453679 195, 405, 38, 0x0000000000000000 | 4.61 4.68 5.40 | cpu  190964424 7323 95151950 6190014500 4310759 0 561878 0 0 0
1791453680 195, 405, 38, 0x0000000000000000 | 4.61 4.68 5.40 | cpu  190964629 7323 95152327 6190027733 4310759 0 561878 0 0 0
1791453681 195, 405, 38, 0x0000000000000000 | 4.61 4.68 5.40 | cpu  190964890 7323 95152703 6190040940 4310759 0 561878 0 0 0
1791453683 195, 405, 38, 0x0000000000000000 | 4.61 4.68 5.40 | cpu  190965081 7323 95153093 6190054189 4310766 0 561879 0 0 0
1791453684 195, 405, 38, 0x0000000000000000 | 4.61 4.68 5.40 | cpu  190965280 7323 95153470 6190067578 4310766 0 561879 0 0 0
1791453685 195, 405, 38, 0x0000000000000000 | 4.64 4.69 5.40 | cpu  190965467 7323 95153853 6190080828 4310769 0 561879 0 0 0
1791453686 195, 405, 38, 0x0000000000000000 | 4.64 4.69 5.40 | cpu  190965673 7323 95154237 6190094113 4310776 0 561880 0 0 0
1791453687 195, 405, 38, 0x0000000000000000 | 4.64 4.69 5.40 | cpu  190965862 7323 95154618 6190107371 4310776 0 561880 0 0 0
1791453688 195, 405, 38, 0x0000000000000000 | 4.64 4.69 5.40 | cpu  190966064 7323 95154990 6190120625 4310776 0 561881 0 0 0
1791453689 195, 405, 38, 0x0000000000000000 | 4.67 4.70 5.40 | cpu  190966266 7323 95155363 6190133914 4310776 0 561881 0 0 0
1791453690 195, 405, 38, 0x0000000000000000 | 4.67 4.70 5.40 | cpu  190966450 7323 95155752 6190147187 4310780 0 561882 0 0 0
1791453691 195, 405, 38, 0x0000000000000000 | 4.67 4.70 5.40 | cpu  190966641 7323 95156141 6190160442 4310787 0 561882 0 0 0
1791453692 195, 405, 38, 0x0000000000000000 | 4.67 4.70 5.40 | cpu  190966853 7323 95156562 6190173621 4310800 0 561882 0 0 0
1791453693 195, 405, 38, 0x0000000000000000 | 4.67 4.70 5.40 | cpu  190967053 7323 95156850 6190187074 4310800 0 561883 0 0 0
1791453694 195, 405, 38, 0x0000000000000000 | 4.70 4.70 5.40 | cpu  190967283 7323 95157138 6190200443 4310809 0 561883 0 0 0
1791453696 195, 405, 38, 0x0000000000000000 | 4.70 4.70 5.40 | cpu  190967477 7323 95157422 6190213802 4310824 0 561883 0 0 0
1791453697 195, 405, 38, 0x0000000000000000 | 4.70 4.70 5.40 | cpu  190967665 7323 95157698 6190227134 4310824 0 561883 0 0 0
1791453698 195, 405, 38, 0x0000000000000000 | 4.70 4.70 5.40 | cpu  190967871 7323 95157960 6190240504 4310824 0 561884 0 0 0
1791453699 187, 405, 38, 0x0000000000000000 | 4.70 4.70 5.40 | cpu  190968111 7323 95158271 6190253786 4310824 0 561884 0 0 0
1791453700 195, 405, 38, 0x0000000000000000 | 4.80 4.72 5.40 | cpu  190968356 7323 95158603 6190267062 4310827 0 561884 0 0 0
1791453701 195, 405, 38, 0x0000000000000000 | 4.80 4.72 5.40 | cpu  190968570 7323 95158965 6190280341 4310834 0 561885 0 0 0
1791453702 195, 405, 38, 0x0000000000000000 | 4.80 4.72 5.40 | cpu  190968765 7323 95159338 6190293597 4310834 0 561885 0 0 0
1791453703 195, 405, 38, 0x0000000000000000 | 4.80 4.72 5.40 | cpu  190969041 7323 95159720 6190306794 4310834 0 561885 0 0 0
1791453704 195, 405, 38, 0x0000000000000000 | 4.82 4.73 5.40 | cpu  190969471 7323 95160062 6190319874 4310834 0 561886 0 0 0
1791453705 195, 405, 38, 0x0000000000000000 | 4.82 4.73 5.40 | cpu  190969660 7323 95160328 6190333244 4310837 0 561886 0 0 0
1791453706 195, 405, 38, 0x0000000000000000 | 4.82 4.73 5.40 | cpu  190969831 7323 95160513 6190346709 4310837 0 561887 0 0 0
1791453707 195, 405, 38, 0x0000000000000000 | 4.82 4.73 5.40 | cpu  190970007 7323 95160693 6190360210 4310845 0 561887 0 0 0
1791453709 195, 405, 38, 0x0000000000000000 | 4.82 4.73 5.40 | cpu  190970174 7323 95160887 6190373709 4310852 0 561887 0 0 0
1791453710 195, 405, 38, 0x0000000000000000 | 4.67 4.70 5.38 | cpu  190970349 7323 95161075 6190387270 4310852 0 561888 0 0 0
1791453711 187, 405, 38, 0x0000000000000000 | 4.67 4.70 5.38 | cpu  190970567 7323 95161314 6190400745 4310872 0 561889 0 0 0
1791453712 195, 405, 38, 0x0000000000000000 | 4.67 4.70 5.38 | cpu  190970771 7323 95161615 6190414061 4310872 0 561889 0 0 0
1791453713 195, 405, 38, 0x0000000000000000 | 4.67 4.70 5.38 | cpu  190970945 7323 95161828 6190427535 4310872 0 561889 0 0 0
1791453714 195, 405, 38, 0x0000000000000000 | 4.54 4.67 5.37 | cpu  190971131 7323 95162025 6190440969 4310879 0 561890 0 0 0
1791453715 195, 405, 38, 0x0000000000000000 | 4.54 4.67 5.37 | cpu  190971298 7323 95162216 6190454421 4310879 0 561890 0 0 0
1791453716 195, 405, 38, 0x0000000000000000 | 4.54 4.67 5.37 | cpu  190971466 7323 95162407 6190467872 4310889 0 561890 0 0 0
1791453717 195, 405, 38, 0x0000000000000000 | 4.54 4.67 5.37 | cpu  190971642 7323 95162596 6190481373 4310901 0 561891 0 0 0
1791453718 195, 405, 38, 0x0000000000000000 | 4.54 4.67 5.37 | cpu  190971807 7323 95162787 6190494889 4310901 0 561892 0 0 0
1791453719 195, 405, 38, 0x0000000000000000 | 4.41 4.64 5.36 | cpu  190971969 7323 95162978 6190508374 4310901 0 561892 0 0 0
1791453720 195, 405, 38, 0x0000000000000000 | 4.41 4.64 5.36 | cpu  190972143 7323 95163161 6190521879 4310904 0 561892 0 0 0
1791453722 195, 405, 38, 0x0000000000000000 | 4.41 4.64 5.36 | cpu  190972323 7323 95163366 6190535419 4310904 0 561892 0 0 0
1791453723 195, 405, 38, 0x0000000000000000 | 4.41 4.64 5.36 | cpu  190972514 7323 95163582 6190548971 4310922 0 561893 0 0 0
1791453724 195, 405, 38, 0x0000000000000000 | 4.41 4.64 5.36 | cpu  190972678 7323 95163778 6190562473 4310922 0 561893 0 0 0
1791453725 195, 405, 38, 0x0000000000000000 | 4.30 4.62 5.34 | cpu  190972843 7323 95163980 6190575958 4310922 0 561893 0 0 0
1791453726 195, 405, 38, 0x0000000000000000 | 4.30 4.62 5.34 | cpu  190973060 7323 95164204 6190589324 4310938 0 561893 0 0 0
1791453727 195, 405, 38, 0x0000000000000000 | 4.30 4.62 5.34 | cpu  190973248 7323 95164424 6190602717 4310947 0 561893 0 0 0
1791453728 195, 405, 38, 0x0000000000000000 | 4.30 4.62 5.34 | cpu  190973426 7323 95164624 6190616199 4310947 0 561894 0 0 0
1791453729 195, 405, 38, 0x0000000000000000 | 4.28 4.60 5.34 | cpu  190973598 7323 95164845 6190629629 4310947 0 561894 0 0 0
1791453730 195, 405, 38, 0x0000000000000000 | 4.28 4.60 5.34 | cpu  190973780 7323 95165034 6190643091 4310947 0 561895 0 0 0
1791453731 195, 405, 38, 0x0000000000000000 | 4.28 4.60 5.34 | cpu  190973947 7323 95165222 6190656532 4310950 0 561896 0 0 0
1791453732 195, 405, 38, 0x0000000000000000 | 4.28 4.60 5.34 | cpu  190974118 7323 95165409 6190669984 4310958 0 561896 0 0 0
1791453733 195, 405, 38, 0x0000000000000000 | 4.28 4.60 5.34 | cpu  190974312 7323 95165573 6190683468 4310958 0 561897 0 0 0
1791453735 195, 405, 38, 0x0000000000000000 | 4.25 4.59 5.33 | cpu  190974534 7323 95165796 6190696896 4310958 0 561898 0 0 0
1791453736 195, 405, 38, 0x0000000000000000 | 4.25 4.59 5.33 | cpu  190974774 7323 95166036 6190710257 4310961 0 561898 0 0 0
1791453737 195, 405, 38, 0x0000000000000000 | 4.25 4.59 5.33 | cpu  190975003 7323 95166279 6190723710 4310961 0 561899 0 0 0
1791453738 195, 405, 38, 0x0000000000000000 | 4.25 4.59 5.33 | cpu  190975223 7323 95166532 6190737154 4310976 0 561899 0 0 0
1791453739 195, 405, 38, 0x0000000000000000 | 4.31 4.60 5.33 | cpu  190975403 7323 95166826 6190750534 4310984 0 561900 0 0 0
1791453740 195, 405, 38, 0x0000000000000000 | 4.31 4.60 5.33 | cpu  190975577 7323 95167119 6190763908 4310984 0 561900 0 0 0
1791453741 195, 405, 38, 0x0000000000000000 | 4.31 4.60 5.33 | cpu  190975872 7323 95167332 6190777241 4310986 0 561901 0 0 0
1791453742 195, 405, 38, 0x0000000000000000 | 4.31 4.60 5.33 | cpu  190976368 7323 95167496 6190790388 4311003 0 561901 0 0 0
1791453743 195, 405, 38, 0x0000000000000000 | 4.31 4.60 5.33 | cpu  190976536 7323 95167604 6190803966 4311003 0 561902 0 0 0
1791453744 195, 405, 38, 0x0000000000000000 | 4.13 4.56 5.31 | cpu  190976684 7323 95167706 6190817554 4311003 0 561902 0 0 0
1791453745 195, 405, 38, 0x0000000000000000 | 4.13 4.56 5.31 | cpu  190976844 7323 95167837 6190831112 4311003 0 561903 0 0 0
1791453746 195, 405, 38, 0x0000000000000000 | 4.13 4.56 5.31 | cpu  190976999 7323 95167952 6190844696 4311006 0 561903 0 0 0
1791453748 195, 405, 38, 0x0000000000000000 | 4.13 4.56 5.31 | cpu  190977150 7323 95168049 6190858255 4311013 0 561903 0 0 0
1791453749 195, 405, 38, 0x0000000000000000 | 4.13 4.56 5.31 | cpu  190977302 7323 95168148 6190871883 4311013 0 561904 0 0 0
1791453750 195, 405, 38, 0x0000000000000000 | 3.96 4.52 5.29 | cpu  190977460 7323 95168245 6190885458 4311013 0 561904 0 0 0
1791453751 195, 405, 38, 0x0000000000000000 | 3.96 4.52 5.29 | cpu  190977616 7323 95168355 6190899058 4311020 0 561905 0 0 0
1791453752 195, 405, 38, 0x0000000000000000 | 3.96 4.52 5.29 | cpu  190977778 7323 95168487 6190912894 4311023 0 561905 0 0 0
1791453753 195, 405, 38, 0x0000000000000000 | 3.96 4.52 5.29 | cpu  190977943 7323 95168598 6190926470 4311033 0 561905 0 0 0
1791453754 195, 405, 38, 0x0000000000000000 | 3.88 4.49 5.28 | cpu  190978105 7323 95168694 6190940045 4311033 0 561905 0 0 0
1791453755 195, 405, 38, 0x0000000000000000 | 3.88 4.49 5.28 | cpu  190978260 7323 95168800 6190953641 4311037 0 561906 0 0 0
1791453756 195, 405, 38, 0x0000000000000000 | 3.88 4.49 5.28 | cpu  190978409 7323 95168903 6190967286 4311038 0 561906 0 0 0
1791453757 195, 405, 38, 0x0000000000000000 | 3.88 4.49 5.28 | cpu  190978728 7323 95169043 6190980702 4311046 0 561907 0 0 0
1791453758 195, 405, 38, 0x0000000000000000 | 3.88 4.49 5.28 | cpu  190978924 7323 95169228 6190994129 4311054 0 561907 0 0 0
1791453760 195, 405, 38, 0x0000000000000000 | 3.81 4.47 5.27 | cpu  190979108 7323 95169427 6191007566 4311054 0 561908 0 0 0
1791453761 195, 405, 38, 0x0000000000000000 | 3.81 4.47 5.27 | cpu  190979326 7323 95169622 6191021013 4311055 0 561908 0 0 0
1791453762 195, 405, 38, 0x0000000000000000 | 3.81 4.47 5.27 | cpu  190979513 7323 95169953 6191034340 4311058 0 561909 0 0 0
1791453763 195, 405, 38, 0x0000000000000000 | 3.81 4.47 5.27 | cpu  190979686 7323 95170246 6191047690 4311058 0 561909 0 0 0
1791453764 195, 405, 38, 0x0000000000000000 | 3.81 4.47 5.27 | cpu  190979914 7323 95170537 6191061032 4311072 0 561909 0 0 0
1791453765 195, 405, 37, 0x0000000000000000 | 3.91 4.47 5.27 | cpu  190980078 7323 95170785 6191074489 4311072 0 561909 0 0 0
1791453766 195, 405, 38, 0x0000000000000000 | 3.91 4.47 5.27 | cpu  190980244 7323 95171082 6191087875 4311072 0 561909 0 0 0
1791453767 195, 405, 38, 0x0000000000000000 | 3.91 4.47 5.27 | cpu  190980410 7323 95171378 6191101303 4311075 0 561909 0 0 0
1791453768 195, 405, 38, 0x0000000000000000 | 3.91 4.47 5.27 | cpu  190980589 7323 95171662 6191114735 4311083 0 561909 0 0 0
1791453769 195, 405, 38, 0x0000000000000000 | 3.91 4.47 5.26 | cpu  190980756 7323 95171953 6191128232 4311083 0 561910 0 0 0
1791453770 195, 405, 38, 0x0000000000000000 | 3.91 4.47 5.26 | cpu  190980926 7323 95172145 6191141792 4311083 0 561910 0 0 0
1791453771 195, 405, 38, 0x0000000000000000 | 3.91 4.47 5.26 | cpu  190981106 7323 95172325 6191155315 4311084 0 561910 0 0 0
1791453773 195, 405, 38, 0x0000000000000000 | 3.91 4.47 5.26 | cpu  190981313 7323 95172507 6191168801 4311086 0 561910 0 0 0
1791453774 195, 405, 37, 0x0000000000000000 | 3.91 4.47 5.26 | cpu  190981532 7323 95172757 6191182166 4311102 0 561911 0 0 0
1791453775 195, 405, 38, 0x0000000000000000 | 4.00 4.48 5.26 | cpu  190981709 7323 95173028 6191195544 4311109 0 561911 0 0 0
1791453776 195, 405, 38, 0x0000000000000000 | 4.00 4.48 5.26 | cpu  190981891 7323 95173227 6191208992 4311109 0 561912 0 0 0
1791453777 195, 405, 38, 0x0000000000000000 | 4.00 4.48 5.26 | cpu  190982067 7323 95173445 6191222472 4311109 0 561913 0 0 0
1791453778 195, 405, 38, 0x0000000000000000 | 4.00 4.48 5.26 | cpu  190982249 7323 95173641 6191235912 4311120 0 561913 0 0 0
1791453779 195, 405, 38, 0x0000000000000000 | 3.92 4.45 5.24 | cpu  190982418 7323 95173830 6191249380 4311120 0 561914 0 0 0
1791453780 195, 405, 38, 0x0000000000000000 | 3.92 4.45 5.24 | cpu  190982587 7323 95174023 6191262852 4311120 0 561914 0 0 0
1791453781 195, 405, 37, 0x0000000000000000 | 3.92 4.45 5.24 | cpu  190982756 7323 95174212 6191276337 4311120 0 561915 0 0 0
1791453782 195, 405, 38, 0x0000000000000000 | 3.92 4.45 5.24 | cpu  190982955 7323 95174437 6191289806 4311142 0 561916 0 0 0
1791453783 195, 405, 38, 0x0000000000000000 | 3.92 4.45 5.24 | cpu  190983124 7323 95174632 6191303305 4311149 0 561917 0 0 0
1791453784 195, 405, 37, 0x0000000000000000 | 3.93 4.44 5.24 | cpu  190983298 7323 95174826 6191316825 4311149 0 561918 0 0 0
1791453786 195, 405, 38, 0x0000000000000000 | 3.93 4.44 5.24 | cpu  190983467 7323 95175026 6191330302 4311149 0 561918 0 0 0
1791453787 195, 405, 38, 0x0000000000000000 | 3.93 4.44 5.24 | cpu  190983645 7323 95175207 6191343797 4311149 0 561919 0 0 0
1791453788 195, 405, 38, 0x0000000000000000 | 3.93 4.44 5.24 | cpu  190983813 7323 95175393 6191357243 4311151 0 561919 0 0 0
1791453789 195, 405, 37, 0x0000000000000000 | 3.93 4.44 5.24 | cpu  190983995 7323 95175602 6191370677 4311173 0 561919 0 0 0
1791453790 195, 405, 38, 0x0000000000000000 | 3.93 4.43 5.23 | cpu  190984190 7323 95175802 6191384115 4311181 0 561920 0 0 0
1791453791 195, 405, 37, 0x0000000000000000 | 3.93 4.43 5.23 | cpu  190984376 7323 95175989 6191397569 4311181 0 561921 0 0 0
1791453792 195, 405, 37, 0x0000000000000000 | 3.93 4.43 5.23 | cpu  190984546 7323 95176178 6191411041 4311181 0 561921 0 0 0
1791453793 195, 405, 38, 0x0000000000000000 | 3.93 4.43 5.23 | cpu  190984727 7323 95176368 6191424522 4311184 0 561922 0 0 0
1791453794 195, 405, 37, 0x0000000000000000 | 3.86 4.41 5.22 | cpu  190984898 7323 95176556 6191438003 4311184 0 561923 0 0 0
1791453795 195, 405, 37, 0x0000000000000000 | 3.86 4.41 5.22 | cpu  190985082 7323 95176741 6191451500 4311191 0 561923 0 0 0
1791453796 187, 405, 38, 0x0000000000000000 | 3.86 4.41 5.22 | cpu  190985259 7323 95176933 6191464977 4311191 0 561923 0 0 0
1791453797 195, 405, 37, 0x0000000000000000 | 3.86 4.41 5.22 | cpu  190985429 7323 95177125 6191478524 4311191 0 561925 0 0 0
1791453799 195, 405, 37, 0x0000000000000000 | 3.86 4.41 5.22 | cpu  190985607 7323 95177313 6191492039 4311194 0 561925 0 0 0
1791453800 195, 405, 38, 0x0000000000000000 | 3.79 4.39 5.21 | cpu  190985776 7323 95177497 6191505506 4311194 0 561926 0 0 0
1791453801 195, 405, 38, 0x0000000000000000 | 3.79 4.39 5.21 | cpu  190985986 7323 95177677 6191518954 4311201 0 561926 0 0 0
1791453802 195, 405, 38, 0x0000000000000000 | 3.79 4.39 5.21 | cpu  190986211 7323 95177917 6191532294 4311201 0 561927 0 0 0
1791453803 195, 405, 37, 0x0000000000000000 | 3.79 4.39 5.21 | cpu  190986432 7323 95178162 6191545667 4311204 0 561928 0 0 0
1791453804 195, 405, 38, 0x0000000000000000 | 3.89 4.40 5.20 | cpu  190986615 7323 95178472 6191559097 4311204 0 561928 0 0 0
1791453805 195, 405, 37, 0x0000000000000000 | 3.89 4.40 5.20 | cpu  190986829 7323 95178801 6191572391 4311214 0 561929 0 0 0
1791453806 195, 405, 38, 0x0000000000000000 | 3.89 4.40 5.20 | cpu  190987045 7323 95178997 6191585800 4311221 0 561930 0 0 0
1791453807 195, 405, 38, 0x0000000000000000 | 3.89 4.40 5.20 | cpu  190987322 7323 95179112 6191599285 4311221 0 561931 0 0 0
1791453808 195, 405, 37, 0x0000000000000000 | 3.89 4.40 5.20 | cpu  190987590 7323 95179208 6191612737 4311224 0 561932 0 0 0
1791453809 187, 405, 38, 0x0000000000000000 | 3.81 4.37 5.19 | cpu  190987855 7323 95179336 6191626240 4311224 0 561932 0 0 0
1791453810 195, 405, 37, 0x0000000000000000 | 3.81 4.37 5.19 | cpu  190988415 7323 95181016 6191637875 4311233 0 561932 0 0 0
1791453812 195, 405, 37, 0x0000000000000000 | 3.81 4.37 5.19 | cpu  190988813 7323 95181174 6191651110 4311233 0 561933 0 0 0
1791453813 195, 405, 38, 0x0000000000000000 | 3.81 4.37 5.19 | cpu  190988986 7323 95181294 6191664616 4311246 0 561933 0 0 0
1791453814 195, 405, 37, 0x0000000000000000 | 3.81 4.37 5.19 | cpu  190989161 7323 95181364 6191678183 4311249 0 561933 0 0 0
1791453815 195, 405, 37, 0x0000000000000000 | 3.67 4.33 5.18 | cpu  190989307 7323 95181463 6191691719 4311249 0 561934 0 0 0
1791453816 195, 405, 37, 0x0000000000000000 | 3.67 4.33 5.18 | cpu  190989456 7323 95181564 6191705291 4311259 0 561934 0 0 0
1791453817 195, 405, 38, 0x0000000000000000 | 3.67 4.33 5.18 | cpu  190989603 7323 95181664 6191718876 4311259 0 561934 0 0 0
1791453818 195, 405, 37, 0x0000000000000000 | 3.67 4.33 5.18 | cpu  190989756 7323 95181763 6191732453 4311259 0 561936 0 0 0
1791453819 195, 405, 37, 0x0000000000000000 | 3.62 4.31 5.16 | cpu  190989909 7323 95181868 6191746016 4311263 0 561936 0 0 0
1791453820 195, 405, 38, 0x0000000000000000 | 3.62 4.31 5.16 | cpu  190990128 7323 95181998 6191759503 4311271 0 561936 0 0 0
1791453821 195, 405, 37, 0x0000000000000000 | 3.62 4.31 5.16 | cpu  190990396 7323 95182114 6191772960 4311279 0 561937 0 0 0
1791453822 195, 405, 37, 0x0000000000000000 | 3.62 4.31 5.16 | cpu  190990782 7323 95182391 6191786139 4311279 0 561937 0 0 0
1791453823 195, 405, 37, 0x0000000000000000 | 3.62 4.31 5.16 | cpu  190990992 7323 95182690 6191799425 4311290 0 561938 0 0 0
1791453824 195, 405, 37, 0x0000000000000000 | 3.65 4.31 5.16 | cpu  190991173 7323 95182934 6191812861 4311290 0 561938 0 0 0
1791453826 195, 405, 37, 0x0000000000000000 | 3.65 4.31 5.16 | cpu  190991391 7323 95183242 6191826258 4311297 0 561940 0 0 0
1791453827 195, 405, 37, 0x0000000000000000 | 3.65 4.31 5.16 | cpu  190991576 7323 95183590 6191839571 4311304 0 561941 0 0 0
1791453828 195, 405, 37, 0x0000000000000000 | 3.65 4.31 5.16 | cpu  190991750 7323 95183884 6191853004 4311304 0 561942 0 0 0
1791453829 195, 405, 37, 0x0000000000000000 | 3.65 4.31 5.16 | cpu  190991981 7323 95184120 6191866433 4311307 0 561943 0 0 0
1791453830 195, 405, 37, 0x0000000000000000 | 3.59 4.29 5.15 | cpu  190992183 7323 95184388 6191879851 4311307 0 561943 0 0 0
1791453831 195, 405, 37, 0x0000000000000000 | 3.59 4.29 5.15 | cpu  190992373 7323 95184663 6191893212 4311314 0 561944 0 0 0
1791453832 195, 405, 37, 0x0000000000000000 | 3.59 4.29 5.15 | cpu  190992563 7323 95184937 6191906556 4311314 0 561945 0 0 0
1791453833 195, 405, 37, 0x0000000000000000 | 3.59 4.29 5.15 | cpu  190992745 7323 95185221 6191919919 4311314 0 561946 0 0 0
1791453834 195, 405, 37, 0x0000000000000000 | 3.63 4.28 5.14 | cpu  190992935 7323 95185499 6191933315 4311317 0 561946 0 0 0
1791453835 187, 405, 37, 0x0000000000000000 | 3.63 4.28 5.14 | cpu  190993127 7323 95185783 6191946700 4311317 0 561947 0 0 0
1791453836 195, 405, 37, 0x0000000000000000 | 3.63 4.28 5.14 | cpu  190993363 7323 95186131 6191959931 4311334 0 561948 0 0 0
1791453837 195, 405, 37, 0x0000000000000000 | 3.63 4.28 5.14 | cpu  190993557 7323 95186484 6191973231 4311334 0 561948 0 0 0
1791453839 195, 405, 37, 0x0000000000000000 | 3.63 4.28 5.14 | cpu  190993730 7323 95186785 6191986613 4311345 0 561949 0 0 0
1791453840 195, 405, 37, 0x0000000000000000 | 3.66 4.28 5.13 | cpu  190993905 7323 95187081 6192000021 4311345 0 561949 0 0 0
1791453841 195, 405, 37, 0x0000000000000000 | 3.66 4.28 5.13 | cpu  190994226 7323 95187305 6192013356 4311345 0 561949 0 0 0
1791453842 195, 405, 37, 0x0000000000000000 | 3.66 4.28 5.13 | cpu  190994413 7323 95187591 6192026780 4311352 0 561950 0 0 0
1791453843 195, 405, 37, 0x0000000000000000 | 3.66 4.28 5.13 | cpu  190994604 7323 95187902 6192040089 4311365 0 561951 0 0 0
1791453844 195, 405, 37, 0x0000000000000000 | 3.69 4.27 5.13 | cpu  190994763 7323 95188196 6192053435 4311369 0 561951 0 0 0
1791453845 195, 405, 37, 0x0000000000000000 | 3.69 4.27 5.13 | cpu  190994934 7323 95188498 6192066857 4311369 0 561951 0 0 0
1791453846 195, 405, 37, 0x0000000000000000 | 3.69 4.27 5.13 | cpu  190995097 7323 95188795 6192080237 4311369 0 561951 0 0 0
1791453847 195, 405, 37, 0x0000000000000000 | 3.69 4.27 5.13 | cpu  190995269 7323 95189017 6192093656 4311376 0 561951 0 0 0
1791453848 195, 405, 37, 0x0000000000000000 | 3.69 4.27 5.13 | cpu  190995433 7323 95189211 6192107121 4311376 0 561952 0 0 0
1791453849 195, 405, 37, 0x0000000000000000 | 3.63 4.25 5.11 | cpu  190995599 7323 95189402 6192120582 4311379 0 561952 0 0 0
1791453850 195, 405, 37, 0x0000000000000000 | 3.63 4.25 5.11 | cpu  190995765 7323 95189599 6192134020 4311379 0 561953 0 0 0
1791453852 195, 405, 37, 0x0000000000000000 | 3.63 4.25 5.11 | cpu  190995933 7323 95189802 6192147484 4311386 0 561954 0 0 0
1791453853 195, 405, 37, 0x0000000000000000 | 3.63 4.25 5.11 | cpu  190996098 7323 95190003 6192160942 4311386 0 561954 0 0 0
1791453854 195, 405, 37, 0x0000000000000000 | 3.63 4.25 5.11 | cpu  190996257 7323 95190199 6192174438 4311386 0 561955 0 0 0
1791453855 195, 405, 37, 0x0000000000000000 | 3.58 4.23 5.10 | cpu  190996421 7323 95190392 6192187916 4311389 0 561955 0 0 0
1791453856 195, 405, 37, 0x0000000000000000 | 3.58 4.23 5.10 | cpu  190996592 7323 95190593 6192201436 4311389 0 561955 0 0 0
1791453857 195, 405, 37, 0x0000000000000000 | 3.58 4.23 5.10 | cpu  190996767 7323 95190778 6192214996 4311400 0 561956 0 0 0
1791453858 195, 405, 37, 0x0000000000000000 | 3.58 4.23 5.10 | cpu  190996929 7323 95190975 6192228554 4311400 0 561956 0 0 0
1791453859 195, 405, 37, 0x0000000000000000 | 3.61 4.22 5.10 | cpu  190997089 7323 95191171 6192242068 4311403 0 561957 0 0 0
1791453860 195, 405, 37, 0x0000000000000000 | 3.61 4.22 5.10 | cpu  190997255 7323 95191369 6192255707 4311403 0 561957 0 0 0
1791453861 195, 405, 37, 0x0000000000000000 | 3.61 4.22 5.10 | cpu  190997423 7323 95191565 6192269204 4311403 0 561958 0 0 0
1791453862 195, 405, 37, 0x0000000000000000 | 3.61 4.22 5.10 | cpu  190997579 7323 95191760 6192282665 4311417 0 561958 0 0 0
1791453863 195, 405, 37, 0x0000000000000000 | 3.61 4.22 5.10 | cpu  190997743 7323 95191960 6192296144 4311417 0 561958 0 0 0
1791453865 195, 405, 37, 0x0000000000000000 | 3.64 4.22 5.09 | cpu  190997907 7323 95192156 6192309578 4311420 0 561959 0 0 0
1791453866 195, 405, 37, 0x0000000000000000 | 3.64 4.22 5.09 | cpu  190998070 7323 95192354 6192323060 4311420 0 561959 0 0 0
1791453867 195, 405, 37, 0x0000000000000000 | 3.64 4.22 5.09 | cpu  190998230 7323 95192553 6192336529 4311434 0 561959 0 0 0
1791453868 195, 405, 37, 0x0000000000000000 | 3.64 4.22 5.09 | cpu  190998392 7323 95192746 6192350008 4311434 0 561960 0 0 0
1791453869 195, 405, 37, 0x0000000000000000 | 3.67 4.22 5.08 | cpu  190998552 7323 95192940 6192363489 4311434 0 561960 0 0 0
1791453870 195, 405, 37, 0x0000000000000000 | 3.67 4.22 5.08 | cpu  190998711 7323 95193137 6192376971 4311437 0 561960 0 0 0
1791453871 195, 405, 37, 0x0000000000000000 | 3.67 4.22 5.08 | cpu  190998872 7323 95193335 6192390475 4311437 0 561960 0 0 0
1791453872 195, 405, 37, 0x0000000000000000 | 3.67 4.22 5.08 | cpu  190999059 7323 95193565 6192403916 4311456 0 561961 0 0 0
1791453873 195, 405, 37, 0x0000000000000000 | 3.67 4.22 5.08 | cpu  190999248 7323 95193745 6192417502 4311457 0 561961 0 0 0
1791453874 195, 405, 37, 0x0000000000000000 | 3.62 4.20 5.07 | cpu  190999413 7323 95193935 6192431033 4311457 0 561962 0 0 0
1791453875 195, 405, 37, 0x0000000000000000 | 3.62 4.20 5.07 | cpu  190999578 7323 95194137 6192444528 4311460 0 561962 0 0 0
1791453876 195, 405, 37, 0x0000000000000000 | 3.62 4.20 5.07 | cpu  190999738 7323 95194331 6192457981 4311462 0 561963 0 0 0
1791453878 195, 405, 37, 0x0000000000000000 | 3.62 4.20 5.07 | cpu  190999900 7323 95194526 6192471440 4311475 0 561963 0 0 0
1791453879 195, 405, 37, 0x0000000000000000 | 3.62 4.20 5.07 | cpu  191000066 7323 95194726 6192484902 4311482 0 561964 0 0 0
1791453880 195, 405, 37, 0x0000000000000000 | 3.73 4.21 5.07 | cpu  191000325 7323 95194963 6192498258 4311485 0 561964 0 0 0
1791453881 195, 405, 37, 0x0000000000000000 | 3.73 4.21 5.07 | cpu  191000773 7323 95195397 6192511227 4311485 0 561966 0 0 0
1791453882 195, 405, 37, 0x0000000000000000 | 3.73 4.21 5.07 | cpu  191000984 7323 95195811 6192524537 4311485 0 561966 0 0 0
1791453883 195, 405, 37, 0x0000000000000000 | 3.73 4.21 5.07 | cpu  191001195 7323 95196187 6192537926 4311492 0 561966 0 0 0
1791453884 195, 405, 37, 0x0000000000000000 | 3.83 4.22 5.07 | cpu  191001400 7323 95196548 6192551306 4311499 0 561966 0 0 0
1791453885 195, 405, 37, 0x0000000000000000 | 3.83 4.22 5.07 | cpu  191001586 7323 95196938 6192564591 4311502 0 561967 0 0 0
1791453886 195, 405, 37, 0x0000000000000000 | 3.83 4.22 5.07 | cpu  191001789 7323 95197330 6192577831 4311502 0 561967 0 0 0
1791453887 195, 405, 37, 0x0000000000000000 | 3.83 4.22 5.07 | cpu  191002054 7323 95197677 6192591110 4311502 0 561967 0 0 0
1791453888 195, 405, 37, 0x0000000000000000 | 3.83 4.22 5.07 | cpu  191002247 7323 95197947 6192604476 4311517 0 561968 0 0 0
1791453890 195, 405, 37, 0x0000000000000000 | 3.93 4.24 5.07 | cpu  191002459 7323 95198203 6192617852 4311524 0 561968 0 0 0
1791453891 195, 405, 37, 0x0000000000000000 | 3.93 4.24 5.07 | cpu  191002658 7323 95198472 6192631225 4311527 0 561968 0 0 0
1791453892 195, 405, 37, 0x0000000000000000 | 3.93 4.24 5.07 | cpu  191002855 7323 95198737 6192644579 4311527 0 561969 0 0 0
1791453893 195, 405, 37, 0x0000000000000000 | 3.93 4.24 5.07 | cpu  191003082 7323 95199002 6192657939 4311527 0 561969 0 0 0
1791453894 195, 405, 37, 0x0000000000000000 | 3.93 4.24 5.07 | cpu  191003280 7323 95199273 6192671311 4311546 0 561969 0 0 0
1791453895 195, 405, 37, 0x0000000000000000 | 4.01 4.25 5.07 | cpu  191003484 7323 95199542 6192684692 4311552 0 561970 0 0 0
1791453896 195, 405, 37, 0x0000000000000000 | 4.01 4.25 5.07 | cpu  191003669 7323 95199821 6192698058 4311552 0 561971 0 0 0
1791453897 195, 405, 37, 0x0000000000000000 | 4.01 4.25 5.07 | cpu  191003854 7323 95200100 6192711467 4311552 0 561972 0 0 0
1791453898 195, 405, 37, 0x0000000000000000 | 4.01 4.25 5.07 | cpu  191004188 7323 95200398 6192724741 4311579 0 561973 0 0 0
1791453899 195, 405, 37, 0x0000000000000000 | 4.09 4.26 5.07 | cpu  191004399 7323 95200752 6192738073 4311587 0 561973 0 0 0
1791453900 195, 405, 37, 0x0000000000000000 | 4.09 4.26 5.07 | cpu  191004594 7323 95201091 6192751426 4311590 0 561973 0 0 0
1791453901 195, 405, 37, 0x0000000000000000 | 4.09 4.26 5.07 | cpu  191004791 7323 95201392 6192764803 4311590 0 561974 0 0 0
1791453903 195, 405, 37, 0x0000000000000000 | 4.09 4.26 5.07 | cpu  191005018 7323 95201752 6192778041 4311601 0 561974 0 0 0
1791453904 195, 405, 37, 0x0000000000000000 | 4.09 4.26 5.07 | cpu  191005219 7323 95202046 6192791403 4311614 0 561975 0 0 0
1791453905 195, 405, 37, 0x0000000000000000 | 4.08 4.26 5.06 | cpu  191005408 7323 95202351 6192804794 4311614 0 561975 0 0 0
1791453906 195, 405, 37, 0x0000000000000000 | 4.08 4.26 5.06 | cpu  191005609 7323 95202673 6192818147 4311617 0 561976 0 0 0
1791453907 195, 405, 37, 0x0000000000000000 | 4.08 4.26 5.06 | cpu  191005803 7323 95203002 6192831514 4311617 0 561976 0 0 0
1791453908 195, 405, 37, 0x0000000000000000 | 4.08 4.26 5.06 | cpu  191006002 7323 95203275 6192844902 4311617 0 561976 0 0 0
1791453909 195, 405, 37, 0x0000000000000000 | 4.08 4.25 5.06 | cpu  191006189 7323 95203549 6192858325 4311617 0 561977 0 0 0
1791453910 195, 405, 37, 0x0000000000000000 | 4.08 4.25 5.06 | cpu  191006388 7323 95203838 6192871761 4311642 0 561978 0 0 0
1791453911 195, 405, 37, 0x0000000000000000 | 4.08 4.25 5.06 | cpu  191006578 7323 95204128 6192885133 4311645 0 561978 0 0 0
1791453912 195, 405, 37, 0x0000000000000000 | 4.08 4.25 5.06 | cpu  191006764 7323 95204415 6192898561 4311645 0 561979 0 0 0
1791453913 195, 405, 37, 0x0000000000000000 | 4.08 4.25 5.06 | cpu  191006948 7323 95204703 6192911961 4311645 0 561979 0 0 0
1791453914 195, 405, 37, 0x0000000000000000 | 4.07 4.25 5.05 | cpu  191007129 7323 95204990 6192925348 4311652 0 561980 0 0 0
1791453916 195, 405, 37, 0x0000000000000000 | 4.07 4.25 5.05 | cpu  191007316 7323 95205276 6192938777 4311662 0 561980 0 0 0
1791453917 195, 405, 37, 0x0000000000000000 | 4.07 4.25 5.05 | cpu  191007504 7323 95205559 6192952180 4311662 0 561981 0 0 0
1791453918 195, 405, 37, 0x0000000000000000 | 4.07 4.25 5.05 | cpu  191007687 7323 95205842 6192965569 4311662 0 561981 0 0 0
1791453919 195, 405, 37, 0x0000000000000000 | 4.07 4.25 5.05 | cpu  191007878 7323 95206119 6192978975 4311662 0 561982 0 0 0
1791453920 187, 405, 37, 0x0000000000000000 | 4.06 4.24 5.05 | cpu  191008083 7323 95206464 6192992291 4311669 0 561982 0 0 0
1791453921 195, 405, 37, 0x0000000000000000 | 4.06 4.24 5.05 | cpu  191008306 7323 95206858 6193005599 4311672 0 561982 0 0 0
1791453922 195, 405, 37, 0x0000000000000000 | 4.06 4.24 5.05 | cpu  191008568 7323 95207225 6193018800 4311672 0 561982 0 0 0
1791453923 195, 405, 37, 0x0000000000000000 | 4.06 4.24 5.05 | cpu  191008798 7323 95207601 6193032023 4311694 0 561982 0 0 0
1791453924 195, 405, 37, 0x0000000000000000 | 4.14 4.26 5.05 | cpu  191008977 7323 95207992 6193045314 4311694 0 561983 0 0 0
1791453925 195, 405, 37, 0x0000000000000000 | 4.14 4.26 5.05 | cpu  191009173 7323 95208380 6193058567 4311701 0 561983 0 0 0
1791453926 195, 405, 37, 0x0000000000000000 | 4.14 4.26 5.05 | cpu  191009361 7323 95208692 6193071939 4311704 0 561983 0 0 0
1791453927 195, 405, 37, 0x0000000000000000 | 4.14 4.26 5.05 | cpu  191009541 7323 95208969 6193085336 4311704 0 561983 0 0 0
1791453929 195, 405, 37, 0x0000000000000000 | 4.14 4.26 5.05 | cpu  191009735 7323 95209244 6193098739 4311718 0 561984 0 0 0
1791453930 195, 405, 37, 0x0000000000000000 | 4.13 4.25 5.04 | cpu  191009920 7323 95209524 6193112153 4311718 0 561984 0 0 0
1791453931 195, 405, 37, 0x0000000000000000 | 4.13 4.25 5.04 | cpu  191010116 7323 95209811 6193125543 4311728 0 561985 0 0 0
1791453932 195, 405, 37, 0x0000000000000000 | 4.13 4.25 5.04 | cpu  191010304 7323 95210113 6193138987 4311728 0 561985 0 0 0
1791453933 187, 405, 37, 0x0000000000000000 | 4.13 4.25 5.04 | cpu  191010510 7323 95210417 6193152416 4311761 0 561985 0 0 0
1791453934 195, 405, 37, 0x0000000000000000 | 4.12 4.25 5.04 | cpu  191010689 7323 95210704 6193165846 4311764 0 561985 0 0 0
1791453935 195, 405, 37, 0x0000000000000000 | 4.12 4.25 5.04 | cpu  191010877 7323 95210994 6193179297 4311770 0 561986 0 0 0
1791453936 195, 405, 37, 0x0000000000000000 | 4.12 4.25 5.04 | cpu  191011072 7323 95211286 6193192772 4311774 0 561986 0 0 0
1791453937 195, 405, 37, 0x0000000000000000 | 4.12 4.25 5.04 | cpu  191011261 7323 95211562 6193206155 4311774 0 561986 0 0 0
1791453938 195, 405, 37, 0x0000000000000000 | 4.12 4.25 5.04 | cpu  191011454 7323 95211835 6193219529 4311787 0 561987 0 0 0
1791453939 195, 405, 37, 0x0000000000000000 | 4.11 4.24 5.03 | cpu  191011650 7323 95212108 6193232900 4311787 0 561988 0 0 0
1791453941 195, 405, 37, 0x0000000000000000 | 4.11 4.24 5.03 | cpu  191011836 7323 95212400 6193246326 4311794 0 561989 0 0 0
1791453942 195, 405, 37, 0x0000000000000000 | 4.11 4.24 5.03 | cpu  191012015 7323 95212689 6193259704 4311797 0 561989 0 0 0
1791453943 195, 405, 37, 0x0000000000000000 | 4.11 4.24 5.03 | cpu  191012200 7323 95212973 6193273070 4311797 0 561990 0 0 0
1791453944 195, 405, 37, 0x0000000000000000 | 4.11 4.24 5.03 | cpu  191012384 7323 95213268 6193286435 4311818 0 561990 0 0 0
1791453945 195, 405, 37, 0x0000000000000000 | 4.10 4.24 5.02 | cpu  191012563 7323 95213552 6193299807 4311818 0 561991 0 0 0
1791453946 195, 405, 37, 0x0000000000000000 | 4.10 4.24 5.02 | cpu  191012746 7323 95213841 6193313229 4311823 0 561991 0 0 0
1791453947 195, 405, 37, 0x0000000000000000 | 4.10 4.24 5.02 | cpu  191012929 7323 95214123 6193326641 4311827 0 561992 0 0 0
1791453948 195, 405, 37, 0x0000000000000000 | 4.10 4.24 5.02 | cpu  191013120 7323 95214406 6193340106 4311841 0 561992 0 0 0
1791453949 195, 405, 37, 0x0000000000000000 | 4.09 4.23 5.02 | cpu  191013299 7323 95214692 6193353510 4311841 0 561992 0 0 0
1791453950 195, 405, 37, 0x0000000000000000 | 4.09 4.23 5.02 | cpu  191013487 7323 95214977 6193366933 4311847 0 561992 0 0 0
1791453951 195, 405, 37, 0x0000000000000000 | 4.09 4.23 5.02 | cpu  191013665 7323 95215268 6193380328 4311850 0 561993 0 0 0
1791453952 195, 405, 37, 0x0000000000000000 | 4.09 4.23 5.02 | cpu  191013847 7323 95215549 6193393695 4311850 0 561994 0 0 0
1791453954 195, 405, 37, 0x0000000000000000 | 4.09 4.23 5.02 | cpu  191014030 7323 95215834 6193407111 4311864 0 561994 0 0 0
1791453955 195, 405, 37, 0x0000000000000000 | 4.08 4.23 5.01 | cpu  191014215 7323 95216117 6193420493 4311864 0 561995 0 0 0
1791453956 195, 405, 37, 0x0000000000000000 | 4.08 4.23 5.01 | cpu  191014422 7323 95216397 6193433837 4311873 0 561995 0 0 0
1791453957 195, 405, 37, 0x0000000000000000 | 4.08 4.23 5.01 | cpu  191014601 7323 95216684 6193447287 4311876 0 561996 0 0 0
1791453958 195, 405, 37, 0x0000000000000000 | 4.08 4.23 5.01 | cpu  191014794 7323 95216971 6193460844 4311876 0 561996 0 0 0
1791453959 187, 405, 37, 0x0000000000000000 | 4.24 4.26 5.02 | cpu  191014998 7323 95217393 6193474263 4311898 0 561996 0 0 0
1791453960 195, 405, 37, 0x0000000000000000 | 4.24 4.26 5.02 | cpu  191015183 7323 95217796 6193487573 4311898 0 561996 0 0 0
1791453961 195, 405, 37, 0x0000000000000000 | 4.24 4.26 5.02 | cpu  191015375 7323 95218195 6193500875 4311898 0 561996 0 0 0
1791453962 195, 405, 37, 0x0000000000000000 | 4.24 4.26 5.02 | cpu  191015619 7323 95218664 6193514000 4311911 0 561996 0 0 0
1791453963 195, 405, 37, 0x0000000000000000 | 4.24 4.26 5.02 | cpu  191015809 7323 95219100 6193527234 4311911 0 561997 0 0 0
1791453964 195, 405, 37, 0x0000000000000000 | 4.30 4.27 5.02 | cpu  191016005 7323 95219486 6193540504 4311912 0 561997 0 0 0
1791453965 195, 405, 37, 0x0000000000000000 | 4.30 4.27 5.02 | cpu  191016195 7323 95219880 6193553851 4311912 0 561998 0 0 0
1791453967 195, 405, 37, 0x0000000000000000 | 4.30 4.27 5.02 | cpu  191016382 7323 95220274 6193567179 4311915 0 561998 0 0 0
1791453968 195, 405, 37, 0x0000000000000000 | 4.30 4.27 5.02 | cpu  191016585 7323 95220608 6193580515 4311915 0 561998 0 0 0
1791453969 195, 405, 37, 0x0000000000000000 | 4.30 4.27 5.02 | cpu  191016776 7323 95221009 6193593981 4311915 0 561998 0 0 0
1791453970 195, 405, 37, 0x0000000000000000 | 4.36 4.29 5.02 | cpu  191016968 7323 95221402 6193607285 4311915 0 561999 0 0 0
1791453971 195, 405, 37, 0x0000000000000000 | 4.36 4.29 5.02 | cpu  191017165 7323 95221789 6193620617 4311930 0 562000 0 0 0
1791453972 195, 405, 37, 0x0000000000000000 | 4.36 4.29 5.02 | cpu  191017383 7323 95222148 6193633979 4311933 0 562001 0 0 0
1791453973 195, 405, 37, 0x0000000000000000 | 4.36 4.29 5.02 | cpu  191017628 7323 95222481 6193647283 4311933 0 562001 0 0 0
1791453974 195, 405, 37, 0x0000000000000000 | 4.33 4.28 5.01 | cpu  191017870 7323 95222726 6193660686 4311933 0 562001 0 0 0
1791453975 195, 405, 37, 0x0000000000000000 | 4.33 4.28 5.01 | cpu  191018104 7323 95222965 6193674133 4311933 0 562002 0 0 0
1791453976 195, 405, 37, 0x0000000000000000 | 4.33 4.28 5.01 | cpu  191018339 7323 95223198 6193687523 4311940 0 562002 0 0 0
1791453977 195, 405, 37, 0x0000000000000000 | 4.33 4.28 5.01 | cpu  191018573 7323 95223435 6193700927 4311943 0 562003 0 0 0
1791453979 195, 405, 37, 0x0000000000000000 | 4.33 4.28 5.01 | cpu  191018815 7323 95223670 6193714321 4311943 0 562004 0 0 0
1791453980 195, 405, 37, 0x0000000000000000 | 4.30 4.28 5.00 | cpu  191019061 7323 95223892 6193727738 4311943 0 562005 0 0 0
1791453981 195, 405, 37, 0x0000000000000000 | 4.30 4.28 5.00 | cpu  191019708 7323 95225539 6193739262 4311943 0 562005 0 0 0
1791453982 195, 405, 37, 0x0000000000000000 | 4.30 4.28 5.00 | cpu  191020112 7323 95225759 6193752464 4311951 0 562006 0 0 0
1791453983 195, 405, 37, 0x0000000000000000 | 4.30 4.28 5.00 | cpu  191020301 7323 95225939 6193765910 4311954 0 562006 0 0 0
1791453984 195, 405, 37, 0x0000000000000000 | 5.48 4.52 5.08 | cpu  191020711 7323 95226844 6193778437 4311954 0 562007 0 0 0
1791453985 195, 405, 37, 0x0000000000000000 | 5.48 4.52 5.08 | cpu  191021448 7323 95227618 6193790745 4311954 0 562008 0 0 0
1791453986 195, 405, 37, 0x0000000000000000 | 5.48 4.52 5.08 | cpu  191021702 7323 95227727 6193804226 4311954 0 562009 0 0 0
1791453987 195, 405, 37, 0x0000000000000000 | 5.48 4.52 5.08 | cpu  191021856 7323 95227827 6193817815 4311971 0 562010 0 0 0
1791453988 195, 405, 37, 0x0000000000000000 | 5.48 4.52 5.08 | cpu  191022032 7323 95227926 6193831396 4311972 0 562011 0 0 0
1791453989 195, 405, 37, 0x0000000000000000 | 5.36 4.51 5.07 | cpu  191022285 7323 95228125 6193844860 4311972 0 562011 0 0 0
1791453990 195, 405, 37, 0x0000000000000000 | 5.36 4.51 5.07 | cpu  191022466 7323 95228310 6193858377 4311972 0 562011 0 0 0
1791453992 195, 405, 37, 0x0000000000000000 | 5.36 4.51 5.07 | cpu  191022660 7323 95228478 6193871933 4311972 0 562011 0 0 0
1791453993 195, 405, 37, 0x0000000000000000 | 5.36 4.51 5.07 | cpu  191022861 7323 95228678 6193885310 4311993 0 562012 0 0 0
1791453994 195, 405, 37, 0x0000000000000000 | 5.36 4.51 5.07 | cpu  191023038 7323 95228860 6193898789 4311993 0 562014 0 0 0
1791453995 195, 405, 37, 0x0000000000000000 | 5.25 4.50 5.07 | cpu  191023274 7323 95229039 6193912196 4311993 0 562015 0 0 0
1791453996 195, 405, 37, 0x0000000000000000 | 5.25 4.50 5.07 | cpu  191023580 7323 95229306 6193925485 4311993 0 562015 0 0 0
1791453997 195, 405, 37, 0x0000000000000000 | 5.25 4.50 5.07 | cpu  191023770 7323 95229583 6193938884 4311993 0 562016 0 0 0
1791453998 195, 405, 37, 0x0000000000000000 | 5.25 4.50 5.07 | cpu  191023983 7323 95229843 6193952378 4312014 0 562017 0 0 0
1791453999 195, 405, 37, 0x0000000000000000 | 5.15 4.49 5.06 | cpu  191024194 7323 95230098 6193965751 4312021 0 562017 0 0 0
1791454000 195, 405, 37, 0x0000000000000000 | 5.15 4.49 5.06 | cpu  191024397 7323 95230382 6193979126 4312021 0 562018 0 0 0
1791454001 195, 405, 37, 0x0000000000000000 | 5.15 4.49 5.06 | cpu  191024670 7323 95230652 6193992446 4312021 0 562018 0 0 0
1791454002 195, 405, 37, 0x0000000000000000 | 5.15 4.49 5.06 | cpu  191024853 7323 95230931 6194005800 4312024 0 562019 0 0 0
1791454003 195, 405, 37, 0x0000000000000000 | 5.15 4.49 5.06 | cpu  191025045 7323 95231203 6194019157 4312045 0 562020 0 0 0
1791454005 195, 405, 37, 0x0000000000000000 | 5.06 4.49 5.06 | cpu  191025228 7323 95231482 6194032512 4312052 0 562020 0 0 0
1791454006 195, 405, 37, 0x0000000000000000 | 5.06 4.49 5.06 | cpu  191025420 7323 95231782 6194045881 4312052 0 562020 0 0 0
1791454007 195, 405, 37, 0x0000000000000000 | 5.06 4.49 5.06 | cpu  191025605 7323 95232172 6194059151 4312052 0 562021 0 0 0
1791454008 195, 405, 37, 0x0000000000000000 | 5.06 4.49 5.06 | cpu  191025798 7323 95232551 6194072412 4312055 0 562022 0 0 0
1791454009 195, 405, 37, 0x0000000000000000 | 5.06 4.49 5.06 | cpu  191025983 7323 95232937 6194085665 4312063 0 562022 0 0 0
1791454010 195, 405, 37, 0x0000000000000000 | 5.05 4.49 5.06 | cpu  191026170 7323 95233322 6194098923 4312070 0 562023 0 0 0
1791454011 195, 405, 37, 0x0000000000000000 | 5.05 4.49 5.06 | cpu  191026367 7323 95233707 6194112168 4312070 0 562023 0 0 0
1791454012 195, 405, 37, 0x0000000000000000 | 5.05 4.49 5.06 | cpu  191026589 7323 95234094 6194125476 4312070 0 562023 0 0 0
1791454013 195, 405, 37, 0x0000000000000000 | 5.05 4.49 5.06 | cpu  191026792 7323 95234392 6194138901 4312094 0 562024 0 0 0
1791454014 195, 405, 37, 0x0000000000000000 | 5.05 4.50 5.06 | cpu  191026989 7323 95234708 6194152236 4312094 0 562024 0 0 0
1791454015 195, 405, 37, 0x0000000000000000 | 5.05 4.50 5.06 | cpu  191027182 7323 95235094 6194165483 4312102 0 562024 0 0 0
1791454016 195, 405, 37, 0x0000000000000000 | 5.05 4.50 5.06 | cpu  191027363 7323 95235483 6194178765 4312102 0 562024 0 0 0
1791454018 195, 405, 37, 0x0000000000000000 | 5.05 4.50 5.06 | cpu  191027550 7323 95235877 6194192027 4312102 0 562025 0 0 0
1791454019 195, 405, 37, 0x0000000000000000 | 5.05 4.50 5.06 | cpu  191027736 7323 95236266 6194205278 4312120 0 562025 0 0 0
1791454020 195, 405, 37, 0x0000000000000000 | 5.04 4.51 5.05 | cpu  191027921 7323 95236661 6194218529 4312127 0 562026 0 0 0
1791454021 195, 405, 37, 0x0000000000000000 | 5.04 4.51 5.05 | cpu  191028116 7323 95237044 6194231787 4312127 0 562027 0 0 0
1791454022 195, 405, 37, 0x0000000000000000 | 5.04 4.51 5.05 | cpu  191028314 7323 95237461 6194245088 4312127 0 562027 0 0 0
1791454023 195, 405, 37, 0x0000000000000000 | 5.04 4.51 5.05 | cpu  191028524 7323 95237870 6194258406 4312150 0 562027 0 0 0
1791454024 195, 405, 37, 0x0000000000000000 | 5.04 4.52 5.05 | cpu  191028728 7323 95238266 6194271690 4312150 0 562028 0 0 0
1791454025 195, 405, 38, 0x0000000000000000 | 5.04 4.52 5.05 | cpu  191028923 7323 95238732 6194284863 4312158 0 562028 0 0 0
1791454026 195, 405, 37, 0x0000000000000000 | 5.04 4.52 5.05 | cpu  191029126 7323 95239035 6194298202 4312158 0 562028 0 0 0
1791454027 195, 405, 37, 0x0000000000000000 | 5.04 4.52 5.05 | cpu  191029315 7323 95239311 6194311585 4312158 0 562029 0 0 0
1791454028 195, 405, 37, 0x0000000000000000 | 5.04 4.52 5.05 | cpu  191029504 7323 95239586 6194324961 4312159 0 562030 0 0 0
1791454029 195, 405, 37, 0x0000000000000000 | 4.96 4.51 5.05 | cpu  191029690 7323 95239866 6194338323 4312159 0 562031 0 0 0
1791454031 195, 405, 37, 0x0000000000000000 | 4.96 4.51 5.05 | cpu  191029882 7323 95240147 6194351669 4312163 0 562031 0 0 0
1791454032 195, 405, 37, 0x0000000000000000 | 4.96 4.51 5.05 | cpu  191030072 7323 95240437 6194365053 4312166 0 562032 0 0 0
1791454033 195, 405, 37, 0x0000000000000000 | 4.96 4.51 5.05 | cpu  191030264 7323 95240715 6194378498 4312166 0 562032 0 0 0
1791454034 195, 405, 37, 0x0000000000000000 | 4.96 4.51 5.05 | cpu  191030458 7323 95241025 6194391785 4312181 0 562033 0 0 0
1791454035 195, 405, 37, 0x0000000000000000 | 4.88 4.50 5.04 | cpu  191030653 7323 95241310 6194405209 4312181 0 562034 0 0 0
1791454036 195, 405, 38, 0x0000000000000000 | 4.88 4.50 5.04 | cpu  191030843 7323 95241601 6194418563 4312188 0 562035 0 0 0
1791454037 195, 405, 37, 0x0000000000000000 | 4.88 4.50 5.04 | cpu  191031042 7323 95241911 6194431872 4312188 0 562035 0 0 0
1791454038 195, 405, 37, 0x0000000000000000 | 4.88 4.50 5.04 | cpu  191031235 7323 95242186 6194445219 4312205 0 562036 0 0 0
1791454039 195, 405, 38, 0x0000000000000000 | 4.81 4.49 5.04 | cpu  191031428 7323 95242460 6194458590 4312208 0 562036 0 0 0
1791454040 195, 405, 37, 0x0000000000000000 | 4.81 4.49 5.04 | cpu  191031609 7323 95242743 6194471932 4312208 0 562037 0 0 0
1791454041 195, 405, 38, 0x0000000000000000 | 4.81 4.49 5.04 | cpu  191031796 7323 95243027 6194485326 4312215 0 562038 0 0 0
1791454042 195, 405, 38, 0x0000000000000000 | 4.81 4.49 5.04 | cpu  191031978 7323 95243305 6194498664 4312215 0 562039 0 0 0
1791454044 195, 405, 38, 0x0000000000000000 | 4.81 4.49 5.04 | cpu  191032160 7323 95243588 6194512047 4312225 0 562039 0 0 0
1791454045 187, 405, 38, 0x0000000000000000 | 4.74 4.48 5.03 | cpu  191032341 7323 95243868 6194525423 4312225 0 562039 0 0 0
1791454046 195, 405, 37, 0x0000000000000000 | 4.74 4.48 5.03 | cpu  191032554 7323 95244134 6194538832 4312225 0 562040 0 0 0
1791454047 195, 405, 38, 0x0000000000000000 | 4.74 4.48 5.03 | cpu  191032790 7323 95244461 6194552116 4312225 0 562040 0 0 0
1791454048 195, 405, 37, 0x0000000000000000 | 4.74 4.48 5.03 | cpu  191033037 7323 95244801 6194565419 4312225 0 562041 0 0 0
1791454049 195, 405, 38, 0x0000000000000000 | 4.93 4.53 5.04 | cpu  191033297 7323 95245136 6194578664 4312243 0 562042 0 0 0
1791454050 195, 405, 38, 0x0000000000000000 | 4.93 4.53 5.04 | cpu  191033500 7323 95245510 6194591963 4312243 0 562043 0 0 0
1791454051 195, 405, 38, 0x0000000000000000 | 4.93 4.53 5.04 | cpu  191033690 7323 95245898 6194605242 4312243 0 562043 0 0 0
1791454052 195, 405, 38, 0x0000000000000000 | 4.93 4.53 5.04 | cpu  191034006 7323 95246720 6194618025 4312255 0 562044 0 0 0
1791454053 195, 405, 37, 0x0000000000000000 | 4.93 4.53 5.04 | cpu  191034707 7323 95248089 6194629851 4312267 0 562045 0 0 0
1791454054 195, 405, 38, 0x0000000000000000 | 5.01 4.55 5.05 | cpu  191034971 7323 95248384 6194643139 4312270 0 562046 0 0 0
1791454055 195, 405, 38, 0x0000000000000000 | 5.01 4.55 5.05 | cpu  191035145 7323 95248576 6194656599 4312277 0 562046 0 0 0
1791454057 195, 405, 38, 0x0000000000000000 | 5.01 4.55 5.05 | cpu  191035321 7323 95248769 6194670148 4312277 0 562046 0 0 0
1791454058 187, 405, 38, 0x0000000000000000 | 5.01 4.55 5.05 | cpu  191035488 7323 95248965 6194683667 4312280 0 562047 0 0 0
1791454059 195, 405, 38, 0x0000000000000000 | 5.01 4.55 5.05 | cpu  191035651 7323 95249158 6194697135 4312287 0 562047 0 0 0
1791454060 195, 405, 38, 0x0000000000000000 | 4.85 4.53 5.04 | cpu  191035816 7323 95249353 6194710610 4312289 0 562048 0 0 0
1791454061 195, 405, 37, 0x0000000000000000 | 4.85 4.53 5.04 | cpu  191035992 7323 95249551 6194724048 4312289 0 562048 0 0 0
1791454062 195, 405, 38, 0x0000000000000000 | 4.85 4.53 5.04 | cpu  191036167 7323 95249743 6194737517 4312289 0 562048 0 0 0
1791454063 195, 405, 38, 0x0000000000000000 | 4.85 4.53 5.04 | cpu  191036327 7323 95249942 6194751045 4312296 0 562049 0 0 0
1791454064 195, 405, 38, 0x0000000000000000 | 4.70 4.50 5.02 | cpu  191036507 7323 95250151 6194764473 4312306 0 562049 0 0 0
1791454065 195, 405, 38, 0x0000000000000000 | 4.70 4.50 5.02 | cpu  191036680 7323 95250370 6194777912 4312306 0 562049 0 0 0
1791454066 195, 405, 38, 0x0000000000000000 | 4.70 4.50 5.02 | cpu  191036859 7323 95250616 6194791329 4312306 0 562050 0 0 0
1791454067 195, 405, 38, 0x0000000000000000 | 4.70 4.50 5.02 | cpu  191037028 7323 95250848 6194804789 4312306 0 562050 0 0 0
1791454068 195, 405, 38, 0x0000000000000000 | 4.70 4.50 5.02 | cpu  191037192 7323 95251049 6194818238 4312320 0 562050 0 0 0
1791454070 195, 405, 38, 0x0000000000000000 | 4.57 4.47 5.01 | cpu  191037371 7323 95251233 6194831764 4312330 0 562051 0 0 0
1791454071 195, 405, 38, 0x0000000000000000 | 4.57 4.47 5.01 | cpu  191037539 7323 95251426 6194845290 4312330 0 562051 0 0 0
1791454072 195, 405, 38, 0x0000000000000000 | 4.57 4.47 5.01 | cpu  191037718 7323 95251639 6194858748 4312330 0 562051 0 0 0
1791454073 195, 405, 38, 0x0000000000000000 | 4.57 4.47 5.01 | cpu  191037898 7323 95251826 6194872241 4312337 0 562051 0 0 0
1791454074 195, 405, 38, 0x0000000000000000 | 4.57 4.47 5.01 | cpu  191038071 7323 95252005 6194885722 4312354 0 562051 0 0 0
1791454075 195, 405, 38, 0x0000000000000000 | 4.44 4.45 5.00 | cpu  191038234 7323 95252203 6194899216 4312364 0 562051 0 0 0
1791454076 195, 405, 38, 0x0000000000000000 | 4.44 4.45 5.00 | cpu  191038398 7323 95252401 6194912727 4312364 0 562052 0 0 0
1791454077 195, 405, 38, 0x0000000000000000 | 4.44 4.45 5.00 | cpu  191038569 7323 95252598 6194926218 4312364 0 562053 0 0 0
1791454078 195, 405, 38, 0x0000000000000000 | 4.44 4.45 5.00 | cpu  191038735 7323 95252792 6194939718 4312378 0 562054 0 0 0
1791454079 195, 405, 38, 0x0000000000000000 | 4.32 4.43 4.99 | cpu  191038903 7323 95252995 6194953222 4312389 0 562055 0 0 0
1791454080 195, 405, 38, 0x0000000000000000 | 4.32 4.43 4.99 | cpu  191039068 7323 95253199 6194966712 4312389 0 562056 0 0 0
1791454081 195, 405, 38, 0x0000000000000000 | 4.32 4.43 4.99 | cpu  191039239 7323 95253405 6194980205 4312389 0 562057 0 0 0
1791454083 195, 405, 38, 0x0000000000000000 | 4.32 4.43 4.99 | cpu  191039421 7323 95253633 6194993629 4312409 0 562058 0 0 0
1791454084 187, 405, 38, 0x0000000000000000 | 4.32 4.43 4.99 | cpu  191039584 7323 95253832 6195007119 4312409 0 562059 0 0 0
1791454085 195, 405, 38, 0x0000000000000000 | 4.22 4.40 4.98 | cpu  191039762 7323 95254009 6195020606 4312412 0 562059 0 0 0
1791454086 195, 405, 38, 0x0000000000000000 | 4.22 4.40 4.98 | cpu  191039940 7323 95254207 6195034096 4312420 0 562059 0 0 0
1791454087 195, 405, 38, 0x0000000000000000 | 4.22 4.40 4.98 | cpu  191040115 7323 95254461 6195047528 4312420 0 562060 0 0 0
1791454088 195, 405, 38, 0x0000000000000000 | 4.22 4.40 4.98 | cpu  191040285 7323 95254855 6195060804 4312420 0 562061 0 0 0
1791454089 195, 405, 38, 0x0000000000000000 | 4.20 4.39 4.97 | cpu  191040454 7323 95255176 6195074155 4312427 0 562062 0 0 0
1791454090 195, 405, 38, 0x0000000000000000 | 4.20 4.39 4.97 | cpu  191040624 7323 95255478 6195087594 4312428 0 562063 0 0 0
1791454091 195, 405, 38, 0x0000000000000000 | 4.20 4.39 4.97 | cpu  191040795 7323 95255789 6195101033 4312435 0 562064 0 0 0
1791454092 195, 405, 38, 0x0000000000000000 | 4.20 4.39 4.97 | cpu  191040956 7323 95256007 6195114506 4312435 0 562065 0 0 0
1791454093 195, 405, 38, 0x0000000000000000 | 4.20 4.39 4.97 | cpu  191041134 7323 95256201 6195127978 4312435 0 562066 0 0 0
1791454094 195, 405, 38, 0x0000000000000000 | 4.18 4.39 4.97 | cpu  191041298 7323 95256399 6195141520 4312445 0 562067 0 0 0
1791454096 195, 405, 38, 0x0000000000000000 | 4.18 4.39 4.97 | cpu  191041478 7323 95256608 6195155026 4312448 0 562068 0 0 0
1791454097 187, 405, 38, 0x0000000000000000 | 4.18 4.39 4.97 | cpu  191041651 7323 95256795 6195168484 4312448 0 562068 0 0 0
1791454098 195, 405, 38, 0x0000000000000000 | 4.18 4.39 4.97 | cpu  191041869 7323 95256996 6195181889 4312459 0 562069 0 0 0
1791454099 195, 405, 38, 0x0000000000000000 | 4.18 4.39 4.97 | cpu  191042098 7323 95257255 6195195254 4312466 0 562069 0 0 0
1791454100 195, 405, 38, 0x0000000000000000 | 4.25 4.40 4.97 | cpu  191042323 7323 95257499 6195208647 4312469 0 562070 0 0 0
1791454101 195, 405, 38, 0x0000000000000000 | 4.25 4.40 4.97 | cpu  191042546 7323 95257742 6195221990 4312469 0 562072 0 0 0
1791454102 195, 405, 38, 0x0000000000000000 | 4.25 4.40 4.97 | cpu  191042773 7323 95257983 6195235397 4312469 0 562072 0 0 0
1791454103 195, 405, 38, 0x0000000000000000 | 4.25 4.40 4.97 | cpu  191043003 7323 95258228 6195248778 4312484 0 562072 0 0 0
1791454104 195, 405, 38, 0x0000000000000000 | 4.31 4.41 4.97 | cpu  191043191 7323 95258502 6195262127 4312490 0 562073 0 0 0
1791454105 195, 405, 38, 0x0000000000000000 | 4.31 4.41 4.97 | cpu  191043379 7323 95258802 6195275453 4312494 0 562073 0 0 0
1791454106 195, 405, 38, 0x0000000000000000 | 4.31 4.41 4.97 | cpu  191043713 7323 95259149 6195288605 4312494 0 562074 0 0 0
1791454107 195, 405, 38, 0x0000000000000000 | 4.31 4.41 4.97 | cpu  191043978 7323 95259366 6195301966 4312494 0 562074 0 0 0
1791454109 195, 405, 38, 0x0000000000000000 | 4.31 4.41 4.97 | cpu  191044560 7323 95260961 6195313666 4312503 0 562075 0 0 0
1791454110 195, 405, 38, 0x0000000000000000 | 5.97 4.75 5.08 | cpu  191045885 7323 95261389 6195325665 4312506 0 562075 0 0 0
1791454111 195, 405, 38, 0x0000000000000000 | 5.97 4.75 5.08 | cpu  191046168 7323 95261686 6195338911 4312509 0 562075 0 0 0
1791454112 195, 405, 38, 0x0000000000000000 | 5.97 4.75 5.08 | cpu  191046451 7323 95262019 6195352169 4312509 0 562076 0 0 0
1791454113 195, 405, 38, 0x0000000000000000 | 5.97 4.75 5.08 | cpu  191046790 7323 95262348 6195365308 4312523 0 562077 0 0 0
1791454114 195, 405, 38, 0x0000000000000000 | 5.97 4.77 5.08 | cpu  191047084 7323 95262760 6195378790 4312524 0 562077 0 0 0
1791454115 195, 405, 38, 0x0000000000000000 | 5.97 4.77 5.08 | cpu  191047255 7323 95262998 6195392244 4312534 0 562077 0 0 0
1791454116 195, 405, 38, 0x0000000000000000 | 5.97 4.77 5.08 | cpu  191047426 7323 95263187 6195405732 4312534 0 562077 0 0 0
1791454117 195, 405, 38, 0x0000000000000000 | 5.97 4.77 5.08 | cpu  191047592 7323 95263379 6195419215 4312534 0 562078 0 0 0
1791454118 195, 405, 38, 0x0000000000000000 | 5.97 4.77 5.08 | cpu  191047758 7323 95263571 6195432723 4312548 0 562079 0 0 0
1791454119 195, 405, 38, 0x0000000000000000 | 5.81 4.76 5.08 | cpu  191047935 7323 95263751 6195446255 4312548 0 562079 0 0 0
1791454120 195, 405, 38, 0x0000000000000000 | 5.81 4.76 5.08 | cpu  191048111 7323 95263934 6195459720 4312558 0 562080 0 0 0
1791454122 195, 405, 38, 0x0000000000000000 | 5.81 4.76 5.08 | cpu  191048279 7323 95264129 6195473178 4312558 0 562080 0 0 0
1791454123 195, 405, 38, 0x0000000000000000 | 5.81 4.76 5.08 | cpu  191048452 7323 95264320 6195486654 4312558 0 562081 0 0 0
1791454124 195, 405, 38, 0x0000000000000000 | 5.81 4.76 5.08 | cpu  191048618 7323 95264511 6195500104 4312572 0 562082 0 0 0
1791454125 195, 405, 38, 0x0000000000000000 | 5.59 4.73 5.07 | cpu  191048787 7323 95264702 6195513603 4312572 0 562082 0 0 0
1791454126 195, 405, 38, 0x0000000000000000 | 5.59 4.73 5.07 | cpu  191048968 7323 95264891 6195527113 4312583 0 562083 0 0 0
1791454127 195, 405, 38, 0x0000000000000000 | 5.59 4.73 5.07 | cpu  191049138 7323 95265080 6195540597 4312583 0 562083 0 0 0
1791454128 195, 405, 38, 0x0000000000000000 | 5.59 4.73 5.07 | cpu  191049308 7323 95265274 6195554077 4312583 0 562084 0 0 0
1791454129 195, 405, 38, 0x0000000000000000 | 5.38 4.70 5.06 | cpu  191049489 7323 95265462 6195567536 4312590 0 562084 0 0 0
1791454130 195, 405, 38, 0x0000000000000000 | 5.38 4.70 5.06 | cpu  191049651 7323 95265646 6195581068 4312590 0 562084 0 0 0
1791454131 195, 405, 38, 0x0000000000000000 | 5.38 4.70 5.06 | cpu  191049819 7323 95265832 6195594592 4312600 0 562084 0 0 0
1791454132 195, 405, 38, 0x0000000000000000 | 5.38 4.70 5.06 | cpu  191050016 7323 95266014 6195608026 4312600 0 562085 0 0 0
1791454133 195, 405, 38, 0x0000000000000000 | 5.38 4.70 5.06 | cpu  191050186 7323 95266201 6195621510 4312614 0 562085 0 0 0
1791454135 195, 405, 38, 0x0000000000000000 | 5.19 4.67 5.04 | cpu  191050347 7323 95266393 6195635002 4312614 0 562085 0 0 0
1791454136 195, 405, 38, 0x0000000000000000 | 5.19 4.67 5.04 | cpu  191050519 7323 95266585 6195648406 4312617 0 562086 0 0 0
1791454137 195, 405, 38, 0x0000000000000000 | 5.19 4.67 5.04 | cpu  191050689 7323 95266788 6195661854 4312624 0 562086 0 0 0
1791454138 195, 405, 38, 0x0000000000000000 | 5.19 4.67 5.04 | cpu  191050861 7323 95266975 6195675317 4312624 0 562087 0 0 0
1791454139 195, 405, 38, 0x0000000000000000 | 5.19 4.67 5.04 | cpu  191051042 7323 95267173 6195688782 4312639 0 562087 0 0 0
1791454140 195, 405, 38, 0x0000000000000000 | 5.09 4.66 5.04 | cpu  191051223 7323 95267360 6195702242 4312640 0 562088 0 0 0
1791454141 195, 405, 38, 0x0000000000000000 | 5.09 4.66 5.04 | cpu  191051394 7323 95267551 6195715745 4312643 0 562088 0 0 0
1791454142 195, 405, 38, 0x0000000000000000 | 5.09 4.66 5.04 | cpu  191051583 7323 95267775 6195729146 4312653 0 562089 0 0 0
1791454143 195, 405, 38, 0x0000000000000000 | 5.09 4.66 5.04 | cpu  191051761 7323 95267967 6195742696 4312659 0 562089 0 0 0
1791454144 195, 405, 38, 0x0000000000000000 | 4.92 4.63 5.03 | cpu  191051935 7323 95268170 6195756229 4312667 0 562089 0 0 0
1791454145 195, 405, 38, 0x0000000000000000 | 4.92 4.63 5.03 | cpu  191052123 7323 95268386 6195769713 4312667 0 562090 0 0 0
1791454146 195, 405, 38, 0x0000000000000000 | 4.92 4.63 5.03 | cpu  191052294 7323 95268563 6195783203 4312675 0 562090 0 0 0
1791454148 195, 405, 38, 0x0000000000000000 | 4.92 4.63 5.03 | cpu  191052503 7323 95268763 6195796679 4312675 0 562091 0 0 0
1791454149 195, 405, 38, 0x0000000000000000 | 4.92 4.63 5.03 | cpu  191052971 7323 95269070 6195809714 4312675 0 562091 0 0 0
1791454150 195, 405, 38, 0x0000000000000000 | 4.93 4.64 5.03 | cpu  191053180 7323 95269452 6195822956 4312675 0 562091 0 0 0
1791454151 195, 405, 38, 0x0000000000000000 | 4.93 4.64 5.03 | cpu  191053395 7323 95269927 6195836092 4312682 0 562092 0 0 0
1791454152 195, 405, 38, 0x0000000000000000 | 4.93 4.64 5.03 | cpu  191053629 7323 95270280 6195849358 4312692 0 562092 0 0 0
1791454153 195, 405, 38, 0x0000000000000000 | 4.93 4.64 5.03 | cpu  191053837 7323 95270635 6195862673 4312692 0 562092 0 0 0
1791454154 195, 405, 38, 0x0000000000000000 | 4.94 4.65 5.03 | cpu  191054034 7323 95270918 6195876016 4312692 0 562093 0 0 0
1791454155 195, 405, 38, 0x0000000000000000 | 4.94 4.65 5.03 | cpu  191054288 7323 95271177 6195889309 4312692 0 562094 0 0 0
1791454156 195, 405, 38, 0x0000000000000000 | 4.94 4.65 5.03 | cpu  191054485 7323 95271445 6195902685 4312692 0 562094 0 0 0
1791454157 195, 405, 38, 0x0000000000000000 | 4.94 4.65 5.03 | cpu  191054691 7323 95271708 6195916060 4312711 0 562095 0 0 0
1791454158 195, 405, 38, 0x0000000000000000 | 4.94 4.65 5.03 | cpu  191054893 7323 95271973 6195929472 4312711 0 562095 0 0 0
1791454159 195, 405, 38, 0x0000000000000000 | 4.86 4.64 5.02 | cpu  191055113 7323 95272249 6195942851 4312711 0 562096 0 0 0
1791454161 195, 405, 38, 0x0000000000000000 | 4.86 4.64 5.02 | cpu  191055334 7323 95272506 6195956264 4312711 0 562096 0 0 0
1791454162 195, 405, 38, 0x0000000000000000 | 4.86 4.64 5.02 | cpu  191055544 7323 95272780 6195969696 4312714 0 562097 0 0 0
1791454163 195, 405, 38, 0x0000000000000000 | 4.86 4.64 5.02 | cpu  191055761 7323 95273054 6195983139 4312721 0 562098 0 0 0
1791454164 195, 405, 38, 0x0000000000000000 | 4.86 4.64 5.02 | cpu  191055963 7323 95273316 6195996513 4312735 0 562098 0 0 0
1791454165 195, 405, 38, 0x0000000000000000 | 4.87 4.64 5.02 | cpu  191056152 7323 95273594 6196009888 4312735 0 562098 0 0 0
1791454166 195, 405, 38, 0x0000000000000000 | 4.87 4.64 5.02 | cpu  191056347 7323 95273870 6196023252 4312735 0 562099 0 0 0
1791454167 195, 405, 38, 0x0000000000000000 | 4.87 4.64 5.02 | cpu  191056690 7323 95274116 6196036511 4312738 0 562099 0 0 0
1791454168 195, 405, 38, 0x0000000000000000 | 4.87 4.64 5.02 | cpu  191056920 7323 95274352 6196049883 4312749 0 562099 0 0 0
1791454169 195, 405, 38, 0x0000000000000000 | 4.80 4.63 5.01 | cpu  191057162 7323 95274584 6196063287 4312753 0 562100 0 0 0
1791454170 195, 405, 38, 0x0000000000000000 | 4.80 4.63 5.01 | cpu  191057391 7323 95274822 6196076708 4312753 0 562100 0 0 0
1791454171 1920, 13801, 40, 0x0000000000000000 | 4.80 4.63 5.01 | cpu  191057579 7323 95275118 6196089984 4312753 0 562100 0 0 0
1791454172 2932, 13801, 41, 0x0000000000000000 | 4.80 4.63 5.01 | cpu  191057777 7323 95275433 6196103204 4312779 0 562101 0 0 0
1791454174 2932, 13801, 41, 0x0000000000000000 | 4.80 4.63 5.01 | cpu  191058222 7323 95276669 6196115339 4312794 0 562102 0 0 0
1791454175 2925, 13801, 42, 0x0000000000000000 | 4.82 4.64 5.01 | cpu  191058759 7323 95277361 6196127841 4312794 0 562102 0 0 0
1791454176 2925, 13801, 42, 0x0000000000000000 | 4.82 4.64 5.01 | cpu  191058986 7323 95277557 6196141139 4312794 0 562103 0 0 0
1791454177 2925, 13801, 42, 0x0000000000000000 | 4.82 4.64 5.01 | cpu  191059159 7323 95277745 6196154650 4312794 0 562103 0 0 0
1791454178 2925, 13801, 42, 0x0000000000000000 | 4.82 4.64 5.01 | cpu  191059322 7323 95277939 6196168029 4312804 0 562104 0 0 0
1791454179 2850, 13801, 40, 0x0000000000000000 | 4.67 4.61 5.00 | cpu  191059486 7323 95278126 6196181372 4312818 0 562105 0 0 0
1791454180 2542, 13801, 40, 0x0000000000000000 | 4.67 4.61 5.00 | cpu  191059649 7323 95278315 6196194771 4312818 0 562105 0 0 0
1791454181 2542, 13801, 40, 0x0000000000000000 | 4.67 4.61 5.00 | cpu  191059809 7323 95278505 6196208124 4312818 0 562106 0 0 0
1791454182 2542, 13801, 40, 0x0000000000000000 | 4.67 4.61 5.00 | cpu  191059986 7323 95278690 6196221506 4312821 0 562107 0 0 0
1791454183 2542, 13801, 39, 0x0000000000000000 | 4.67 4.61 5.00 | cpu  191060149 7323 95278875 6196234862 4312844 0 562107 0 0 0
1791454184 2617, 13801, 41, 0x0000000000000000 | 4.62 4.60 5.00 | cpu  191060311 7323 95279066 6196248348 4312844 0 562108 0 0 0
1791454185 2932, 13801, 41, 0x0000000000000000 | 4.62 4.60 5.00 | cpu  191060471 7323 95279290 6196261694 4312844 0 562109 0 0 0
1791454186 2932, 13801, 41, 0x0000000000000000 | 4.62 4.60 5.00 | cpu  191060649 7323 95279586 6196275001 4312844 0 562109 0 0 0
1791454188 2925, 13801, 42, 0x0000000000000000 | 4.62 4.60 5.00 | cpu  191060807 7323 95279881 6196288402 4312847 0 562110 0 0 0
1791454189 2932, 13801, 42, 0x0000000000000000 | 4.62 4.60 5.00 | cpu  191060967 7323 95280077 6196301759 4312875 0 562111 0 0 0
1791454190 2932, 13801, 42, 0x0000000000000000 | 4.49 4.57 4.99 | cpu  191061124 7323 95280280 6196315196 4312875 0 562111 0 0 0
1791454191 2932, 13801, 42, 0x0000000000000000 | 4.49 4.57 4.99 | cpu  191061279 7323 95280484 6196328602 4312875 0 562112 0 0 0
1791454192 2925, 13801, 42, 0x0000000000000000 | 4.49 4.57 4.99 | cpu  191061452 7323 95280723 6196342008 4312875 0 562113 0 0 0
1791454193 2925, 13801, 42, 0x0000000000000000 | 4.49 4.57 4.99 | cpu  191061621 7323 95280917 6196355364 4312885 0 562113 0 0 0
1791454194 2925, 13801, 42, 0x0000000000000000 | 4.45 4.56 4.98 | cpu  191061794 7323 95281146 6196368719 4312906 0 562113 0 0 0
1791454195 2932, 13801, 42, 0x0000000000000000 | 4.45 4.56 4.98 | cpu  191061960 7323 95281337 6196382138 4312906 0 562114 0 0 0
1791454196 2932, 13801, 42, 0x0000000000000000 | 4.45 4.56 4.98 | cpu  191062130 7323 95281527 6196395583 4312906 0 562114 0 0 0
1791454197 2925, 13801, 43, 0x0000000000000000 | 4.45 4.56 4.98 | cpu  191062287 7323 95281730 6196408974 4312906 0 562115 0 0 0
1791454198 2925, 13801, 42, 0x0000000000000000 | 4.45 4.56 4.98 | cpu  191062459 7323 95281923 6196422390 4312931 0 562115 0 0 0
1791454199 2925, 13801, 42, 0x0000000000000000 | 4.49 4.57 4.98 | cpu  191062618 7323 95282119 6196435818 4312939 0 562115 0 0 0
1791454200 2932, 13801, 42, 0x0000000000000000 | 4.49 4.57 4.98 | cpu  191062778 7323 95282315 6196449228 4312939 0 562116 0 0 0
1791454202 2925, 13801, 42, 0x0000000000000000 | 4.49 4.57 4.98 | cpu  191062963 7323 95282528 6196462622 4312939 0 562116 0 0 0
1791454203 2925, 13801, 42, 0x0000000000000000 | 4.49 4.57 4.98 | cpu  191063173 7323 95282794 6196475934 4312955 0 562116 0 0 0
1791454204 2925, 13801, 42, 0x0000000000000000 | 4.49 4.57 4.98 | cpu  191063333 7323 95282989 6196489338 4312955 0 562117 0 0 0
1791454205 2925, 13801, 42, 0x0000000000000000 | 4.37 4.54 4.97 | cpu  191063501 7323 95283185 6196502751 4312955 0 562118 0 0 0
1791454206 2932, 13801, 41, 0x0000000000000000 | 4.37 4.54 4.97 | cpu  191063676 7323 95283377 6196516134 4312966 0 562119 0 0 0
1791454207 2932, 13801, 42, 0x0000000000000000 | 4.37 4.54 4.97 | cpu  191063831 7323 95283581 6196529537 4312966 0 562120 0 0 0
1791454208 2932, 13801, 41, 0x0000000000000000 | 4.37 4.54 4.97 | cpu  191064002 7323 95283789 6196542912 4312969 0 562121 0 0 0
1791454209 2925, 13801, 42, 0x0000000000000000 | 4.58 4.58 4.98 | cpu  191064166 7323 95284008 6196556328 4312976 0 562121 0 0 0
1791454210 2925, 13801, 42, 0x0000000000000000 | 4.58 4.58 4.98 | cpu  191064340 7323 95284270 6196569686 4312983 0 562121 0 0 0
1791454211 2925, 13801, 42, 0x0000000000000000 | 4.58 4.58 4.98 | cpu  191064507 7323 95284474 6196583108 4312983 0 562122 0 0 0
1791454212 2932, 13801, 41, 0x0000000000000000 | 4.58 4.58 4.98 | cpu  191064666 7323 95284679 6196596492 4312983 0 562122 0 0 0
1791454213 2925, 13801, 42, 0x0000000000000000 | 4.58 4.58 4.98 | cpu  191064831 7323 95284971 6196609790 4312993 0 562122 0 0 0
1791454214 2925, 13801, 42, 0x0000000000000000 | 4.46 4.56 4.97 | cpu  191064987 7323 95285182 6196623139 4312993 0 562123 0 0 0
1791454216 2932, 13801, 41, 0x0000000000000000 | 4.46 4.56 4.97 | cpu  191065155 7323 95285374 6196636477 4313000 0 562123 0 0 0
1791454217 2925, 13801, 42, 0x0000000000000000 | 4.46 4.56 4.97 | cpu  191065314 7323 95285585 6196649967 4313000 0 562123 0 0 0
1791454218 2925, 13801, 42, 0x0000000000000000 | 4.46 4.56 4.97 | cpu  191065472 7323 95285777 6196663337 4313000 0 562124 0 0 0
1791454219 2925, 13801, 42, 0x0000000000000000 | 4.46 4.56 4.97 | cpu  191065629 7323 95285973 6196676663 4313010 0 562125 0 0 0
1791454220 2932, 13801, 41, 0x0000000000000000 | 4.34 4.53 4.96 | cpu  191065799 7323 95286170 6196690061 4313010 0 562125 0 0 0
1791454221 2932, 13801, 41, 0x0000000000000000 | 4.34 4.53 4.96 | cpu  191066117 7323 95286452 6196703281 4313020 0 562125 0 0 0
1791454222 2932, 13801, 41, 0x0000000000000000 | 4.34 4.53 4.96 | cpu  191066298 7323 95286727 6196716531 4313021 0 562126 0 0 0
1791454223 2932, 13801, 41, 0x0000000000000000 | 4.34 4.53 4.96 | cpu  191066499 7323 95287051 6196729779 4313024 0 562126 0 0 0
1791454224 2925, 13801, 41, 0x0000000000000000 | 4.39 4.54 4.96 | cpu  191066705 7323 95287430 6196742992 4313031 0 562127 0 0 0
1791454225 2932, 13801, 41, 0x0000000000000000 | 4.39 4.54 4.96 | cpu  191066907 7323 95287833 6196756148 4313031 0 562127 0 0 0
1791454226 2925, 13801, 42, 0x0000000000000000 | 4.39 4.54 4.96 | cpu  191067103 7323 95288209 6196769309 4313031 0 562127 0 0 0
1791454227 2925, 13801, 41, 0x0000000000000000 | 4.39 4.54 4.96 | cpu  191067355 7323 95288512 6196782509 4313039 0 562127 0 0 0
1791454228 2925, 13801, 42, 0x0000000000000000 | 4.39 4.54 4.96 | cpu  191067543 7323 95288901 6196795708 4313042 0 562127 0 0 0
1791454230 2925, 13801, 41, 0x0000000000000000 | 4.52 4.56 4.97 | cpu  191067729 7323 95289285 6196808938 4313049 0 562127 0 0 0
1791454231 2925, 13801, 42, 0x0000000000000000 | 4.52 4.56 4.97 | cpu  191067971 7323 95289671 6196822103 4313049 0 562127 0 0 0
1791454232 2925, 13801, 41, 0x0000000000000000 | 4.52 4.56 4.97 | cpu  191068163 7323 95290022 6196835374 4313049 0 562128 0 0 0
1791454233 2925, 13801, 41, 0x0000000000000000 | 4.52 4.56 4.97 | cpu  191068366 7323 95290428 6196848519 4313069 0 562129 0 0 0
1791454234 2925, 13801, 41, 0x0000000000000000 | 4.52 4.56 4.97 | cpu  191068554 7323 95290814 6196861664 4313100 0 562129 0 0 0
1791454235 2925, 13801, 41, 0x0000000000000000 | 4.56 4.57 4.97 | cpu  191068750 7323 95291192 6196874899 4313100 0 562130 0 0 0
1791454236 2925, 13801, 42, 0x0000000000000000 | 4.56 4.57 4.97 | cpu  191068953 7323 95291521 6196888136 4313100 0 562130 0 0 0
1791454237 2925, 13801, 41, 0x0000000000000000 | 4.56 4.57 4.97 | cpu  191069146 7323 95291907 6196901323 4313100 0 562130 0 0 0
1791454238 2925, 13801, 41, 0x0000000000000000 | 4.56 4.57 4.97 | cpu  191069325 7323 95292301 6196914565 4313100 0 562131 0 0 0
1791454239 2932, 13801, 41, 0x0000000000000000 | 4.68 4.60 4.97 | cpu  191069534 7323 95292669 6196927703 4313127 0 562131 0 0 0
1791454240 2932, 13801, 41, 0x0000000000000000 | 4.68 4.60 4.97 | cpu  191069730 7323 95293065 6196940887 4313127 0 562131 0 0 0
1791454241 2925, 13801, 42, 0x0000000000000000 | 4.68 4.60 4.97 | cpu  191069925 7323 95293380 6196954174 4313127 0 562132 0 0 0
1791454242 2925, 13801, 41, 0x0000000000000000 | 4.68 4.60 4.97 | cpu  191070110 7323 95293659 6196967454 4313127 0 562133 0 0 0
1791454244 2925, 13801, 41, 0x0000000000000000 | 4.68 4.60 4.97 | cpu  191070313 7323 95293929 6196980732 4313145 0 562134 0 0 0
1791454245 2932, 13801, 41, 0x0000000000000000 | 4.62 4.59 4.97 | cpu  191070502 7323 95294206 6196994043 4313152 0 562135 0 0 0
1791454246 2925, 13801, 42, 0x0000000000000000 | 4.62 4.59 4.97 | cpu  191070741 7323 95294484 6197007374 4313158 0 562135 0 0 0
1791454247 2925, 13801, 42, 0x0000000000000000 | 4.62 4.59 4.97 | cpu  191070978 7323 95294711 6197020674 4313158 0 562136 0 0 0
1791454248 2925, 13801, 41, 0x0000000000000000 | 4.62 4.59 4.97 | cpu  191071219 7323 95294935 6197033984 4313158 0 562136 0 0 0
1791454249 2932, 13801, 41, 0x0000000000000000 | 4.62 4.59 4.97 | cpu  191071448 7323 95295179 6197047292 4313179 0 562138 0 0 0
1791454250 2932, 13801, 41, 0x0000000000000000 | 4.65 4.59 4.97 | cpu  191071640 7323 95295443 6197060571 4313186 0 562138 0 0 0
1791454251 2932, 13801, 41, 0x0000000000000000 | 4.65 4.59 4.97 | cpu  191071835 7323 95295718 6197073838 4313186 0 562138 0 0 0
1791454252 2932, 13801, 41, 0x0000000000000000 | 4.65 4.59 4.97 | cpu  191072334 7323 95296930 6197085933 4313186 0 562139 0 0 0
1791454253 2925, 13801, 41, 0x0000000000000000 | 4.65 4.59 4.97 | cpu  191072974 7323 95297668 6197098277 4313189 0 562140 0 0 0
1791454254 2925, 13801, 41, 0x0000000000000000 | 4.60 4.58 4.96 | cpu  191073230 7323 95297854 6197111568 4313202 0 562140 0 0 0
1791454255 2925, 13801, 41, 0x0000000000000000 | 4.60 4.58 4.96 | cpu  191073416 7323 95298046 6197124928 4313203 0 562140 0 0 0
1791454256 2932, 13801, 41, 0x0000000000000000 | 4.60 4.58 4.96 | cpu  191073580 7323 95298240 6197138319 4313203 0 562141 0 0 0
1791454258 2932, 13801, 41, 0x0000000000000000 | 4.60 4.58 4.96 | cpu  191073750 7323 95298459 6197151659 4313203 0 562142 0 0 0
1791454259 2932, 13801, 41, 0x0000000000000000 | 4.60 4.58 4.96 | cpu  191073922 7323 95298652 6197164992 4313224 0 562143 0 0 0
1791454260 2932, 13801, 41, 0x0000000000000000 | 4.55 4.57 4.96 | cpu  191074088 7323 95298848 6197178365 4313235 0 562143 0 0 0
1791454261 2925, 13801, 41, 0x0000000000000000 | 4.55 4.57 4.96 | cpu  191074257 7323 95299043 6197191775 4313235 0 562143 0 0 0
1791454262 2925, 13801, 41, 0x0000000000000000 | 4.55 4.57 4.96 | cpu  191074432 7323 95299257 6197205112 4313235 0 562144 0 0 0
1791454263 2925, 13801, 41, 0x0000000000000000 | 4.55 4.57 4.96 | cpu  191074634 7323 95299448 6197218474 4313248 0 562144 0 0 0
1791454264 2925, 13801, 41, 0x0000000000000000 | 4.59 4.58 4.96 | cpu  191074848 7323 95299591 6197231930 4313249 0 562144 0 0 0
1791454265 2925, 13801, 41, 0x0000000000000000 | 4.59 4.58 4.96 | cpu  191075055 7323 95299740 6197245307 4313252 0 562144 0 0 0
1791454266 2932, 13801, 41, 0x0000000000000000 | 4.59 4.58 4.96 | cpu  191075222 7323 95299935 6197258683 4313252 0 562145 0 0 0
1791454267 2925, 13801, 41, 0x0000000000000000 | 4.59 4.58 4.96 | cpu  191075392 7323 95300126 6197272082 4313252 0 562145 0 0 0
1791454268 2925, 13801, 41, 0x0000000000000000 | 4.59 4.58 4.96 | cpu  191075810 7323 95301208 6197284394 4313252 0 562146 0 0 0
1791454269 2925, 13801, 41, 0x0000000000000000 | 4.46 4.55 4.95 | cpu  191076309 7323 95301867 6197296944 4313256 0 562146 0 0 0
1791454270 2925, 13801, 41, 0x0000000000000000 | 4.46 4.55 4.95 | cpu  191076479 7323 95301969 6197310386 4313263 0 562147 0 0 0
1791454272 2925, 13801, 41, 0x0000000000000000 | 4.46 4.55 4.95 | cpu  191076625 7323 95302085 6197323983 4313263 0 562148 0 0 0
1791454273 2925, 13801, 42, 0x0000000000000000 | 4.46 4.55 4.95 | cpu  191076774 7323 95302186 6197337454 4313270 0 562149 0 0 0
1791454274 2925, 13801, 41, 0x0000000000000000 | 4.46 4.55 4.95 | cpu  191076923 7323 95302297 6197350937 4313270 0 562149 0 0 0
1791454275 2925, 13801, 42, 0x0000000000000000 | 4.26 4.51 4.93 | cpu  191077077 7323 95302408 6197364436 4313274 0 562150 0 0 0
1791454276 2925, 13801, 41, 0x0000000000000000 | 4.26 4.51 4.93 | cpu  191077226 7323 95302586 6197377824 4313280 0 562151 0 0 0
1791454277 2925, 13801, 41, 0x0000000000000000 | 4.26 4.51 4.93 | cpu  191077384 7323 95302736 6197391279 4313280 0 562152 0 0 0
1791454278 2925, 13801, 41, 0x0000000000000000 | 4.26 4.51 4.93 | cpu  191077522 7323 95302836 6197404835 4313280 0 562152 0 0 0
1791454279 2925, 13801, 42, 0x0000000000000000 | 4.08 4.47 4.91 | cpu  191077668 7323 95302939 6197418341 4313287 0 562153 0 0 0
1791454280 2925, 13801, 41, 0x0000000000000000 | 4.08 4.47 4.91 | cpu  191077811 7323 95303045 6197431846 4313297 0 562154 0 0 0
1791454281 2925, 13801, 41, 0x0000000000000000 | 4.08 4.47 4.91 | cpu  191077965 7323 95303157 6197445335 4313297 0 562154 0 0 0
1791454282 2925, 13801, 41, 0x0000000000000000 | 4.08 4.47 4.91 | cpu  191078111 7323 95303255 6197458904 4313297 0 562154 0 0 0
1791454283 2925, 13801, 42, 0x0000000000000000 | 4.08 4.47 4.91 | cpu  191078252 7323 95303358 6197472407 4313311 0 562155 0 0 0
1791454284 2925, 13801, 42, 0x0000000000000000 | 3.99 4.45 4.90 | cpu  191078393 7323 95303466 6197485891 4313311 0 562155 0 0 0
1791454285 2925, 13801, 42, 0x0000000000000000 | 3.99 4.45 4.90 | cpu  191078549 7323 95303580 6197499397 4313321 0 562156 0 0 0
1791454287 2925, 13801, 42, 0x0000000000000000 | 3.99 4.45 4.90 | cpu  191078693 7323 95303688 6197512896 4313321 0 562156 0 0 0
1791454288 2932, 13801, 41, 0x0000000000000000 | 3.99 4.45 4.90 | cpu  191078836 7323 95303795 6197526383 4313321 0 562156 0 0 0
1791454289 2932, 13801, 42, 0x0000000000000000 | 3.99 4.45 4.90 | cpu  191078981 7323 95303898 6197539897 4313328 0 562156 0 0 0
1791454290 2925, 13801, 41, 0x0000000000000000 | 3.83 4.40 4.89 | cpu  191079122 7323 95304003 6197553435 4313331 0 562157 0 0 0
1791454291 2925, 13801, 42, 0x0000000000000000 | 3.83 4.40 4.89 | cpu  191079264 7323 95304106 6197566930 4313338 0 562157 0 0 0
1791454292 2925, 13801, 42, 0x0000000000000000 | 3.83 4.40 4.89 | cpu  191079422 7323 95304246 6197580485 4313338 0 562158 0 0 0
1791454293 2925, 13801, 41, 0x0000000000000000 | 3.83 4.40 4.89 | cpu  191079570 7323 95304362 6197593995 4313351 0 562158 0 0 0
1791454294 2925, 13801, 41, 0x0000000000000000 | 3.69 4.36 4.87 | cpu  191079709 7323 95304470 6197607504 4313352 0 562158 0 0 0
1791454295 2925, 13801, 41, 0x0000000000000000 | 3.69 4.36 4.87 | cpu  191079851 7323 95304571 6197620958 4313355 0 562158 0 0 0
1791454296 2925, 13801, 41, 0x0000000000000000 | 3.69 4.36 4.87 | cpu  191080004 7323 95304675 6197634465 4313362 0 562159 0 0 0
1791454297 2925, 13801, 41, 0x0000000000000000 | 3.69 4.36 4.87 | cpu  191080157 7323 95304776 6197647960 4313362 0 562159 0 0 0
1791454298 2925, 13801, 42, 0x0000000000000000 | 3.69 4.36 4.87 | cpu  191080293 7323 95304879 6197661476 4313376 0 562159 0 0 0
1791454299 2925, 13801, 41, 0x0000000000000000 | 3.55 4.32 4.86 | cpu  191080432 7323 95304986 6197675006 4313376 0 562159 0 0 0
1791454301 2925, 13801, 42, 0x0000000000000000 | 3.55 4.32 4.86 | cpu  191080576 7323 95305093 6197688498 4313377 0 562159 0 0 0
1791454302 2925, 13801, 41, 0x0000000000000000 | 3.55 4.32 4.86 | cpu  191080721 7323 95305204 6197702068 4313384 0 562160 0 0 0
1791454303 2925, 13801, 41, 0x0000000000000000 | 3.55 4.32 4.86 | cpu  191080872 7323 95305308 6197715582 4313384 0 562161 0 0 0
1791454304 2925, 13801, 42, 0x0000000000000000 | 3.55 4.32 4.86 | cpu  191081014 7323 95305422 6197729098 4313398 0 562161 0 0 0
1791454305 2925, 13801, 41, 0x0000000000000000 | 3.43 4.29 4.84 | cpu  191081158 7323 95305528 6197742642 4313398 0 562162 0 0 0
1791454306 2925, 13801, 41, 0x0000000000000000 | 3.43 4.29 4.84 | cpu  191081299 7323 95305634 6197756158 4313401 0 562162 0 0 0
1791454307 2925, 13801, 41, 0x0000000000000000 | 3.43 4.29 4.84 | cpu  191081447 7323 95305736 6197769617 4313408 0 562162 0 0 0
1791454308 2925, 13801, 42, 0x0000000000000000 | 3.43 4.29 4.84 | cpu  191081613 7323 95305840 6197783085 4313408 0 562162 0 0 0
1791454309 2925, 13801, 41, 0x0000000000000000 | 3.39 4.26 4.83 | cpu  191081836 7323 95305975 6197796530 4313422 0 562163 0 0 0
1791454310 2925, 13801, 41, 0x0000000000000000 | 3.39 4.26 4.83 | cpu  191082268 7323 95306176 6197809649 4313425 0 562164 0 0 0
1791454311 2925, 13801, 41, 0x0000000000000000 | 3.39 4.26 4.83 | cpu  191082443 7323 95306445 6197822924 4313425 0 562164 0 0 0
1791454312 2925, 13801, 42, 0x0000000000000000 | 3.39 4.26 4.83 | cpu  191082610 7323 95306728 6197836259 4313432 0 562164 0 0 0
1791454313 2932, 13801, 41, 0x0000000000000000 | 3.39 4.26 4.83 | cpu  191082792 7323 95306902 6197849763 4313446 0 562165 0 0 0
1791454315 2932, 13801, 41, 0x0000000000000000 | 3.36 4.24 4.82 | cpu  191082977 7323 95307081 6197863156 4313446 0 562165 0 0 0
1791454316 2932, 13801, 41, 0x0000000000000000 | 3.36 4.24 4.82 | cpu  191083290 7323 95307362 6197876322 4313450 0 562165 0 0 0
1791454317 2932, 13801, 41, 0x0000000000000000 | 3.36 4.24 4.82 | cpu  191083531 7323 95307633 6197889712 4313451 0 562165 0 0 0
1791454318 2932, 13801, 41, 0x0000000000000000 | 3.36 4.24 4.82 | cpu  191083752 7323 95307873 6197903058 4313456 0 562166 0 0 0
1791454319 2925, 13801, 41, 0x0000000000000000 | 3.36 4.24 4.82 | cpu  191083962 7323 95308141 6197916359 4313478 0 562166 0 0 0
1791454320 2925, 13801, 41, 0x0000000000000000 | 3.41 4.24 4.82 | cpu  191084167 7323 95308401 6197929598 4313478 0 562166 0 0 0
1791454321 2925, 13801, 41, 0x0000000000000000 | 3.41 4.24 4.82 | cpu  191084373 7323 95308654 6197942969 4313481 0 562166 0 0 0
1791454322 2925, 13801, 41, 0x0000000000000000 | 3.41 4.24 4.82 | cpu  191084608 7323 95308943 6197956224 4313489 0 562166 0 0 0
1791454323 2925, 13801, 41, 0x0000000000000000 | 3.41 4.24 4.82 | cpu  191084822 7323 95309203 6197969499 4313499 0 562167 0 0 0
1791454324 2925, 13801, 41, 0x0000000000000000 | 3.62 4.27 4.82 | cpu  191085088 7323 95309468 6197982799 4313506 0 562167 0 0 0
1791454325 2925, 13801, 41, 0x0000000000000000 | 3.62 4.27 4.82 | cpu  191085286 7323 95309731 6197996094 4313506 0 562167 0 0 0
1791454326 2925, 13801, 41, 0x0000000000000000 | 3.62 4.27 4.82 | cpu  191085480 7323 95310002 6198009382 4313509 0 562168 0 0 0
1791454328 2925, 13801, 42, 0x0000000000000000 | 3.62 4.27 4.82 | cpu  191085666 7323 95310286 6198022737 4313509 0 562168 0 0 0
1791454329 2925, 13801, 41, 0x0000000000000000 | 3.62 4.27 4.82 | cpu  191085999 7323 95310560 6198035912 4313516 0 562169 0 0 0
1791454330 2925, 13801, 41, 0x0000000000000000 | 3.73 4.28 4.82 | cpu  191086177 7323 95310842 6198049228 4313516 0 562169 0 0 0
1791454331 2925, 13801, 42, 0x0000000000000000 | 3.73 4.28 4.82 | cpu  191086362 7323 95311131 6198062495 4313529 0 562169 0 0 0
1791454332 2925, 13801, 41, 0x0000000000000000 | 3.73 4.28 4.82 | cpu  191086547 7323 95311409 6198075815 4313529 0 562170 0 0 0
1791454333 2925, 13801, 41, 0x0000000000000000 | 3.73 4.28 4.82 | cpu  191086725 7323 95311695 6198089108 4313529 0 562170 0 0 0
1791454334 2925, 13801, 41, 0x0000000000000000 | 3.83 4.29 4.82 | cpu  191086904 7323 95311974 6198102432 4313536 0 562171 0 0 0
1791454335 2925, 13801, 41, 0x0000000000000000 | 3.83 4.29 4.82 | cpu  191087082 7323 95312257 6198115790 4313536 0 562171 0 0 0
1791454336 2932, 13801, 41, 0x0000000000000000 | 3.83 4.29 4.82 | cpu  191087264 7323 95312550 6198129058 4313553 0 562171 0 0 0
1791454337 2932, 13801, 41, 0x0000000000000000 | 3.83 4.29 4.82 | cpu  191087443 7323 95312844 6198142327 4313553 0 562171 0 0 0
1791454338 2925, 13801, 41, 0x0000000000000000 | 3.83 4.29 4.82 | cpu  191087629 7323 95313183 6198155596 4313561 0 562172 0 0 0
1791454339 2925, 13801, 41, 0x0000000000000000 | 4.01 4.32 4.83 | cpu  191087824 7323 95313529 6198168914 4313572 0 562172 0 0 0
1791454340 2925, 13801, 41, 0x0000000000000000 | 4.01 4.32 4.83 | cpu  191087995 7323 95313816 6198182208 4313572 0 562172 0 0 0
1791454342 2932, 13801, 41, 0x0000000000000000 | 4.01 4.32 4.83 | cpu  191088170 7323 95314106 6198195505 4313575 0 562173 0 0 0
1791454343 2925, 13801, 41, 0x0000000000000000 | 4.01 4.32 4.83 | cpu  191088365 7323 95314392 6198208808 4313575 0 562174 0 0 0
1791454344 2925, 13801, 41, 0x0000000000000000 | 4.01 4.32 4.83 | cpu  191088543 7323 95314672 6198222068 4313575 0 562174 0 0 0
1791454345 2925, 13801, 41, 0x0000000000000000 | 4.01 4.32 4.83 | cpu  191088745 7323 95314982 6198235325 4313582 0 562175 0 0 0
1791454346 2925, 13801, 41, 0x0000000000000000 | 4.01 4.32 4.83 | cpu  191088943 7323 95315384 6198248690 4313582 0 562175 0 0 0
1791454347 2925, 13801, 41, 0x0000000000000000 | 4.01 4.32 4.83 | cpu  191089133 7323 95315790 6198261911 4313585 0 562176 0 0 0
1791454348 2925, 13801, 41, 0x0000000000000000 | 4.01 4.32 4.83 | cpu  191089311 7323 95316184 6198275086 4313585 0 562177 0 0 0
1791454349 2925, 13801, 41, 0x0000000000000000 | 4.01 4.31 4.82 | cpu  191089489 7323 95316530 6198288339 4313600 0 562177 0 0 0
1791454350 2925, 13801, 42, 0x0000000000000000 | 4.01 4.31 4.82 | cpu  191089684 7323 95316807 6198301713 4313600 0 562178 0 0 0
1791454351 2925, 13801, 41, 0x0000000000000000 | 4.01 4.31 4.82 | cpu  191089858 7323 95317092 6198315038 4313603 0 562178 0 0 0
1791454352 2925, 13801, 41, 0x0000000000000000 | 4.01 4.31 4.82 | cpu  191090059 7323 95317421 6198328243 4313620 0 562179 0 0 0
1791454353 2932, 13801, 41, 0x0000000000000000 | 4.01 4.31 4.82 | cpu  191090256 7323 95317705 6198341596 4313620 0 562179 0 0 0
1791454354 2932, 13801, 41, 0x0000000000000000 | 4.00 4.31 4.82 | cpu  191090434 7323 95317982 6198354896 4313620 0 562179 0 0 0
1791454356 2932, 13801, 41, 0x0000000000000000 | 4.00 4.31 4.82 | cpu  191090607 7323 95318269 6198368212 4313627 0 562180 0 0 0
1791454357 2932, 13801, 41, 0x0000000000000000 | 4.00 4.31 4.82 | cpu  191090783 7323 95318561 6198381584 4313627 0 562180 0 0 0
1791454358 2925, 13801, 41, 0x0000000000000000 | 4.00 4.31 4.82 | cpu  191090964 7323 95318847 6198394857 4313637 0 562181 0 0 0
1791454359 2932, 13801, 41, 0x0000000000000000 | 4.00 4.31 4.82 | cpu  191091144 7323 95319132 6198408146 4313637 0 562181 0 0 0
1791454360 2925, 13801, 42, 0x0000000000000000 | 4.08 4.32 4.82 | cpu  191091339 7323 95319407 6198421482 4313645 0 562182 0 0 0
1791454361 2925, 13801, 41, 0x0000000000000000 | 4.08 4.32 4.82 | cpu  191091541 7323 95319690 6198434786 4313645 0 562183 0 0 0
1791454362 2925, 13801, 41, 0x0000000000000000 | 4.08 4.32 4.82 | cpu  191091713 7323 95319982 6198448105 4313655 0 562183 0 0 0
1791454363 2925, 13801, 41, 0x0000000000000000 | 4.08 4.32 4.82 | cpu  191091887 7323 95320276 6198461413 4313655 0 562184 0 0 0
1791454364 2925, 13801, 41, 0x0000000000000000 | 4.08 4.31 4.81 | cpu  191092064 7323 95320567 6198474741 4313655 0 562184 0 0 0
1791454365 2925, 13801, 41, 0x0000000000000000 | 4.08 4.31 4.81 | cpu  191092247 7323 95320855 6198488036 4313655 0 562185 0 0 0
1791454366 2932, 13801, 41, 0x0000000000000000 | 4.08 4.31 4.81 | cpu  191092434 7323 95321136 6198501372 4313662 0 562186 0 0 0
1791454367 2925, 13801, 41, 0x0000000000000000 | 4.08 4.31 4.81 | cpu  191092622 7323 95321437 6198514761 4313672 0 562186 0 0 0
1791454368 2932, 13801, 41, 0x0000000000000000 | 4.08 4.31 4.81 | cpu  191092809 7323 95321724 6198528056 4313672 0 562186 0 0 0
1791454370 2925, 13801, 41, 0x0000000000000000 | 4.15 4.32 4.81 | cpu  191092997 7323 95322040 6198541374 4313672 0 562187 0 0 0
1791454371 2932, 13801, 41, 0x0000000000000000 | 4.15 4.32 4.81 | cpu  191093179 7323 95322337 6198554716 4313672 0 562187 0 0 0
1791454372 2932, 13801, 41, 0x0000000000000000 | 4.15 4.32 4.81 | cpu  191093355 7323 95322627 6198568117 4313672 0 562188 0 0 0
1791454373 2932, 13801, 41, 0x0000000000000000 | 4.15 4.32 4.81 | cpu  191093569 7323 95322912 6198581374 4313689 0 562188 0 0 0
1791454374 2932, 13801, 41, 0x0000000000000000 | 4.15 4.32 4.81 | cpu  191093757 7323 95323192 6198594682 4313689 0 562189 0 0 0
1791454375 2925, 13801, 41, 0x0000000000000000 | 4.14 4.32 4.81 | cpu  191093939 7323 95323477 6198608007 4313689 0 562189 0 0 0
1791454376 2925, 13801, 41, 0x0000000000000000 | 4.14 4.32 4.81 | cpu  191094135 7323 95323755 6198621331 4313689 0 562190 0 0 0
1791454377 2925, 13801, 42, 0x0000000000000000 | 4.14 4.32 4.81 | cpu  191094313 7323 95324044 6198634667 4313689 0 562191 0 0 0
1791454378 2925, 13801, 42, 0x0000000000000000 | 4.14 4.32 4.81 | cpu  191094492 7323 95324336 6198648046 4313699 0 562192 0 0 0
1791454379 2925, 13801, 41, 0x0000000000000000 | 4.13 4.31 4.81 | cpu  191094675 7323 95324621 6198661346 4313708 0 562192 0 0 0
1791454380 2932, 13801, 41, 0x0000000000000000 | 4.13 4.31 4.81 | cpu  191094879 7323 95324889 6198674675 4313708 0 562192 0 0 0
1791454381 2932, 13801, 41, 0x0000000000000000 | 4.13 4.31 4.81 | cpu  191095106 7323 95325201 6198687874 4313708 0 562192 0 0 0
1791454383 2932, 13801, 41, 0x0000000000000000 | 4.13 4.31 4.81 | cpu  191095353 7323 95325562 6198701023 4313731 0 562192 0 0 0
1791454384 2932, 13801, 41, 0x0000000000000000 | 4.13 4.31 4.81 | cpu  191095580 7323 95325909 6198714249 4313731 0 562193 0 0 0
1791454385 2925, 13801, 42, 0x0000000000000000 | 4.20 4.32 4.81 | cpu  191095815 7323 95326246 6198727448 4313738 0 562194 0 0 0
1791454386 2925, 13801, 41, 0x0000000000000000 | 4.20 4.32 4.81 | cpu  191096034 7323 95326608 6198740739 4313738 0 562194 0 0 0
1791454387 2925, 13801, 42, 0x0000000000000000 | 4.20 4.32 4.81 | cpu  191096211 7323 95327003 6198753959 4313738 0 562196 0 0 0
1791454388 2925, 13801, 41, 0x0000000000000000 | 4.20 4.32 4.81 | cpu  191096405 7323 95327386 6198767147 4313741 0 562196 0 0 0
1791454389 2925, 13801, 41, 0x0000000000000000 | 4.18 4.32 4.80 | cpu  191096654 7323 95327600 6198780444 4313749 0 562197 0 0 0
1791454390 2925, 13801, 41, 0x0000000000000000 | 4.18 4.32 4.80 | cpu  191096919 7323 95327795 6198793778 4313749 0 562197 0 0 0
1791454391 2932, 13801, 41, 0x0000000000000000 | 4.18 4.32 4.80 | cpu  191097188 7323 95327994 6198807084 4313749 0 562197 0 0 0
1791454392 2932, 13801, 41, 0x0000000000000000 | 4.18 4.32 4.80 | cpu  191097521 7323 95328542 6198819991 4313752 0 562198 0 0 0
1791454393 2932, 13801, 41, 0x0000000000000000 | 4.18 4.32 4.80 | cpu  191098146 7323 95329814 6198831895 4313752 0 562198 0 0 0
1791454394 2925, 13801, 41, 0x0000000000000000 | 4.25 4.33 4.80 | cpu  191098379 7323 95330012 6198845202 4313766 0 562199 0 0 0
1791454395 2932, 13801, 41, 0x0000000000000000 | 4.25 4.33 4.80 | cpu  191098535 7323 95330212 6198858598 4313766 0 562200 0 0 0
1791454397 2925, 13801, 42, 0x0000000000000000 | 4.25 4.33 4.80 | cpu  191098693 7323 95330416 6198872032 4313766 0 562201 0 0 0
1791454398 2925, 13801, 41, 0x0000000000000000 | 4.25 4.33 4.80 | cpu  191098852 7323 95330614 6198885526 4313766 0 562201 0 0 0
1791454399 2925, 13801, 41, 0x0000000000000000 | 4.25 4.33 4.80 | cpu  191099016 7323 95330820 6198898876 4313769 0 562202 0 0 0
1791454400 2925, 13801, 41, 0x0000000000000000 | 4.15 4.31 4.79 | cpu  191099177 7323 95331029 6198912304 4313788 0 562202 0 0 0
1791454401 2932, 13801, 41, 0x0000000000000000 | 4.15 4.31 4.79 | cpu  191099343 7323 95331260 6198925693 4313795 0 562203 0 0 0
1791454402 2925, 13801, 41, 0x0000000000000000 | 4.15 4.31 4.79 | cpu  191099505 7323 95331546 6198939055 4313795 0 562204 0 0 0
1791454403 2925, 13801, 41, 0x0000000000000000 | 4.15 4.31 4.79 | cpu  191099662 7323 95331747 6198952459 4313798 0 562204 0 0 0
1791454404 2925, 13801, 41, 0x0000000000000000 | 4.06 4.29 4.78 | cpu  191099818 7323 95331949 6198965922 4313798 0 562205 0 0 0
1791454405 2932, 13801, 41, 0x0000000000000000 | 4.06 4.29 4.78 | cpu  191099975 7323 95332145 6198979341 4313798 0 562205 0 0 0
1791454406 2925, 13801, 41, 0x0000000000000000 | 4.06 4.29 4.78 | cpu  191100131 7323 95332347 6198992739 4313812 0 562205 0 0 0
1791454407 2932, 13801, 41, 0x0000000000000000 | 4.06 4.29 4.78 | cpu  191100295 7323 95332540 6199006135 4313812 0 562206 0 0 0
1791454408 2925, 13801, 42, 0x0000000000000000 | 4.06 4.29 4.78 | cpu  191100461 7323 95332732 6199019523 4313816 0 562207 0 0 0
1791454409 2925, 13801, 41, 0x0000000000000000 | 3.97 4.26 4.77 | cpu  191100617 7323 95332930 6199032936 4313816 0 562207 0 0 0
1791454411 2925, 13801, 41, 0x0000000000000000 | 3.97 4.26 4.77 | cpu  191100789 7323 95333131 6199046387 4313816 0 562207 0 0 0
1791454412 2925, 13801, 42, 0x0000000000000000 | 3.97 4.26 4.77 | cpu  191100948 7323 95333345 6199059826 4313816 0 562208 0 0 0
1791454413 2925, 13801, 42, 0x0000000000000000 | 3.97 4.26 4.77 | cpu  191101126 7323 95333578 6199073178 4313829 0 562209 0 0 0
1791454414 2925, 13801, 42, 0x0000000000000000 | 3.97 4.26 4.77 | cpu  191101285 7323 95333779 6199086553 4313839 0 562209 0 0 0
1791454415 2925, 13801, 41, 0x0000000000000000 | 3.89 4.24 4.77 | cpu  191101438 7323 95333989 6199100023 4313839 0 562209 0 0 0
1791454416 2932, 13801, 41, 0x0000000000000000 | 3.89 4.24 4.77 | cpu  191101644 7323 95334209 6199113368 4313839 0 562210 0 0 0
1791454417 2932, 13801, 41, 0x0000000000000000 | 3.89 4.24 4.77 | cpu  191101941 7323 95334551 6199126524 4313839 0 562212 0 0 0
1791454418 2932, 13801, 41, 0x0000000000000000 | 3.89 4.24 4.77 | cpu  191102145 7323 95334883 6199139751 4313839 0 562212 0 0 0
1791454419 2932, 13801, 41, 0x0000000000000000 | 3.90 4.24 4.76 | cpu  191102373 7323 95335229 6199152909 4313869 0 562213 0 0 0
1791454420 2925, 13801, 41, 0x0000000000000000 | 3.90 4.24 4.76 | cpu  191102578 7323 95335595 6199166140 4313869 0 562214 0 0 0
1791454421 2925, 13801, 41, 0x0000000000000000 | 3.90 4.24 4.76 | cpu  191102764 7323 95335978 6199179309 4313869 0 562214 0 0 0
1791454422 2925, 13801, 41, 0x0000000000000000 | 3.90 4.24 4.76 | cpu  191102952 7323 95336362 6199192530 4313870 0 562214 0 0 0
1791454423 2925, 13801, 43, 0x0000000000000000 | 3.90 4.24 4.76 | cpu  191103215 7323 95336755 6199205643 4313887 0 562214 0 0 0
1791454425 2925, 13801, 41, 0x0000000000000000 | 4.07 4.27 4.77 | cpu  191103425 7323 95337112 6199218841 4313894 0 562215 0 0 0
1791454426 2925, 13801, 41, 0x0000000000000000 | 4.07 4.27 4.77 | cpu  191103609 7323 95337476 6199232089 4313894 0 562216 0 0 0
1791454427 2932, 13801, 41, 0x0000000000000000 | 4.07 4.27 4.77 | cpu  191103845 7323 95337830 6199245271 4313894 0 562216 0 0 0
1791454428 2932, 13801, 41, 0x0000000000000000 | 4.07 4.27 4.77 | cpu  191104034 7323 95338209 6199258491 4313894 0 562217 0 0 0
1791454429 2925, 13801, 41, 0x0000000000000000 | 4.07 4.27 4.77 | cpu  191104232 7323 95338604 6199271720 4313920 0 562218 0 0 0
1791454430 2925, 13801, 41, 0x0000000000000000 | 4.14 4.28 4.77 | cpu  191104405 7323 95338893 6199285021 4313926 0 562218 0 0 0
1791454431 2925, 13801, 42, 0x0000000000000000 | 4.14 4.28 4.77 | cpu  191104576 7323 95339180 6199298335 4313926 0 562219 0 0 0
1791454432 2925, 13801, 41, 0x0000000000000000 | 4.14 4.28 4.77 | cpu  191104777 7323 95339480 6199311610 4313926 0 562220 0 0 0
1791454433 2925, 13801, 42, 0x0000000000000000 | 4.14 4.28 4.77 | cpu  191104966 7323 95339806 6199324843 4313926 0 562220 0 0 0
1791454434 2925, 13801, 41, 0x0000000000000000 | 4.21 4.29 4.77 | cpu  191105166 7323 95340151 6199338063 4313943 0 562221 0 0 0
1791454435 2925, 13801, 42, 0x0000000000000000 | 4.21 4.29 4.77 | cpu  191105359 7323 95340459 6199351350 4313943 0 562222 0 0 0
1791454436 2932, 13801, 41, 0x0000000000000000 | 4.21 4.29 4.77 | cpu  191105541 7323 95340753 6199364699 4313943 0 562223 0 0 0
1791454437 2932, 13801, 41, 0x0000000000000000 | 4.21 4.29 4.77 | cpu  191105718 7323 95341044 6199378010 4313950 0 562224 0 0 0
1791454439 2925, 13801, 42, 0x0000000000000000 | 4.21 4.29 4.77 | cpu  191105910 7323 95341330 6199391296 4313964 0 562225 0 0 0
1791454440 2925, 13801, 41, 0x0000000000000000 | 4.20 4.29 4.77 | cpu  191106094 7323 95341619 6199404581 4313975 0 562227 0 0 0
1791454441 2925, 13801, 41, 0x0000000000000000 | 4.20 4.29 4.77 | cpu  191106286 7323 95341892 6199417865 4313975 0 562229 0 0 0
1791454442 2925, 13801, 41, 0x0000000000000000 | 4.20 4.29 4.77 | cpu  191106476 7323 95342202 6199431235 4313975 0 562230 0 0 0
1791454443 2932, 13801, 41, 0x0000000000000000 | 4.20 4.29 4.77 | cpu  191106680 7323 95342508 6199444488 4313995 0 562231 0 0 0
1791454444 2932, 13801, 41, 0x0000000000000000 | 4.20 4.29 4.77 | cpu  191106865 7323 95342793 6199457809 4313998 0 562232 0 0 0
1791454445 2932, 13801, 41, 0x0000000000000000 | 4.18 4.28 4.76 | cpu  191107049 7323 95343082 6199471116 4314006 0 562232 0 0 0
1791454446 2925, 13801, 42, 0x0000000000000000 | 4.18 4.28 4.76 | cpu  191107227 7323 95343368 6199484458 4314006 0 562232 0 0 0
1791454447 2925, 13801, 41, 0x0000000000000000 | 4.18 4.28 4.76 | cpu  191107398 7323 95343663 6199497764 4314013 0 562232 0 0 0
1791454448 2925, 13801, 42, 0x0000000000000000 | 4.18 4.28 4.76 | cpu  191107581 7323 95343949 6199511079 4314013 0 562233 0 0 0
1791454449 2925, 13801, 41, 0x0000000000000000 | 4.17 4.28 4.76 | cpu  191107757 7323 95344241 6199524383 4314016 0 562233 0 0 0
1791454450 2932, 13801, 41, 0x0000000000000000 | 4.17 4.28 4.76 | cpu  191107940 7323 95344527 6199537698 4314016 0 562234 0 0 0
1791454451 2932, 13801, 41, 0x0000000000000000 | 4.17 4.28 4.76 | cpu  191108113 7323 95344817 6199550976 4314023 0 562235 0 0 0
1791454453 2932, 13801, 41, 0x0000000000000000 | 4.17 4.28 4.76 | cpu  191108291 7323 95345107 6199564277 4314030 0 562236 0 0 0
1791454454 2925, 13801, 41, 0x0000000000000000 | 4.17 4.28 4.76 | cpu  191108468 7323 95345399 6199577574 4314030 0 562238 0 0 0
1791454455 2925, 13801, 41, 0x0000000000000000 | 4.15 4.27 4.75 | cpu  191108640 7323 95345693 6199590893 4314033 0 562239 0 0 0
1791454456 2925, 13801, 42, 0x0000000000000000 | 4.15 4.27 4.75 | cpu  191108836 7323 95345988 6199604176 4314033 0 562239 0 0 0
1791454457 2925, 13801, 42, 0x0000000000000000 | 4.15 4.27 4.75 | cpu  191109049 7323 95346239 6199617460 4314033 0 562241 0 0 0
1791454458 2925, 13801, 41, 0x0000000000000000 | 4.15 4.27 4.75 | cpu  191109285 7323 95346470 6199630773 4314048 0 562241 0 0 0
1791454459 2925, 13801, 41, 0x0000000000000000 | 4.22 4.29 4.75 | cpu  191109516 7323 95346700 6199644050 4314048 0 562242 0 0 0
1791454460 2925, 13801, 42, 0x0000000000000000 | 4.22 4.29 4.75 | cpu  191109737 7323 95346933 6199657383 4314051 0 562242 0 0 0
1791454461 2925, 13801, 41, 0x0000000000000000 | 4.22 4.29 4.75 | cpu  191109979 7323 95347177 6199670680 4314051 0 562242 0 0 0
1791454462 2925, 13801, 41, 0x0000000000000000 | 4.22 4.29 4.75 | cpu  191110172 7323 95347554 6199683869 4314051 0 562243 0 0 0
1791454463 2925, 13801, 41, 0x0000000000000000 | 4.22 4.29 4.75 | cpu  191110364 7323 95347956 6199696996 4314065 0 562243 0 0 0
1791454464 2925, 13801, 41, 0x0000000000000000 | 4.36 4.31 4.76 | cpu  191110572 7323 95348396 6199710098 4314072 0 562243 0 0 0
1791454465 2925, 13801, 41, 0x0000000000000000 | 4.36 4.31 4.76 | cpu  191111145 7323 95350011 6199721685 4314073 0 562244 0 0 0
1791454467 2925, 13801, 42, 0x0000000000000000 | 4.36 4.31 4.76 | cpu  191111572 7323 95350242 6199734737 4314073 0 562245 0 0 0
1791454468 2925, 13801, 42, 0x0000000000000000 | 4.36 4.31 4.76 | cpu  191111745 7323 95350446 6199748149 4314073 0 562245 0 0 0
1791454469 2925, 13801, 42, 0x0000000000000000 | 4.36 4.31 4.76 | cpu  191111904 7323 95350649 6199761624 4314080 0 562246 0 0 0
1791454470 2925, 13801, 41, 0x0000000000000000 | 4.25 4.29 4.75 | cpu  191112063 7323 95350843 6199775005 4314087 0 562246 0 0 0
1791454471 2925, 13801, 42, 0x0000000000000000 | 4.25 4.29 4.75 | cpu  191112220 7323 95351042 6199788357 4314090 0 562246 0 0 0
1791454472 2925, 13801, 41, 0x0000000000000000 | 4.25 4.29 4.75 | cpu  191112396 7323 95351269 6199801824 4314090 0 562247 0 0 0
1791454473 2925, 13801, 41, 0x0000000000000000 | 4.25 4.29 4.75 | cpu  191112574 7323 95351472 6199815188 4314110 0 562247 0 0 0
1791454474 2925, 13801, 41, 0x0000000000000000 | 4.15 4.27 4.74 | cpu  191112735 7323 95351665 6199828558 4314124 0 562247 0 0 0
1791454475 2925, 13801, 41, 0x0000000000000000 | 4.15 4.27 4.74 | cpu  191112892 7323 95351863 6199841979 4314127 0 562248 0 0 0
1791454476 2932, 13801, 41, 0x0000000000000000 | 4.15 4.27 4.74 | cpu  191113052 7323 95352057 6199855403 4314127 0 562248 0 0 0
1791454477 2932, 13801, 41, 0x0000000000000000 | 4.15 4.27 4.74 | cpu  191113206 7323 95352255 6199868833 4314127 0 562248 0 0 0
1791454478 2925, 13801, 41, 0x0000000000000000 | 4.15 4.27 4.74 | cpu  191113373 7323 95352454 6199882227 4314127 0 562249 0 0 0
1791454479 2932, 13801, 42, 0x0000000000000000 | 4.06 4.25 4.73 | cpu  191113533 7323 95352653 6199895635 4314151 0 562249 0 0 0
1791454481 2925, 13801, 42, 0x0000000000000000 | 4.06 4.25 4.73 | cpu  191113709 7323 95352844 6199908996 4314158 0 562249 0 0 0
1791454482 2925, 13801, 41, 0x0000000000000000 | 4.06 4.25 4.73 | cpu  191113905 7323 95353036 6199922358 4314158 0 562250 0 0 0
1791454483 2925, 13801, 42, 0x0000000000000000 | 4.06 4.25 4.73 | cpu  191114226 7323 95353343 6199935480 4314158 0 562251 0 0 0
1791454484 2925, 13801, 41, 0x0000000000000000 | 4.06 4.25 4.73 | cpu  191114419 7323 95353612 6199948784 4314172 0 562251 0 0 0
1791454485 2932, 13801, 41, 0x0000000000000000 | 4.22 4.28 4.74 | cpu  191114621 7323 95353876 6199962060 4314179 0 562251 0 0 0
1791454486 2932, 13801, 41, 0x0000000000000000 | 4.22 4.28 4.74 | cpu  191114831 7323 95354244 6199975214 4314179 0 562251 0 0 0
1791454487 2925, 13801, 42, 0x0000000000000000 | 4.22 4.28 4.74 | cpu  191115025 7323 95354622 6199988447 4314179 0 562251 0 0 0
1791454488 2925, 13801, 41, 0x0000000000000000 | 4.22 4.28 4.74 | cpu  191115269 7323 95354992 6200001631 4314179 0 562252 0 0 0
1791454489 2925, 13801, 42, 0x0000000000000000 | 4.20 4.27 4.73 | cpu  191115523 7323 95355215 6200014896 4314193 0 562252 0 0 0
1791454490 2925, 13801, 41, 0x0000000000000000 | 4.20 4.27 4.73 | cpu  191115770 7323 95355547 6200028091 4314200 0 562253 0 0 0
1791454491 2932, 13801, 41, 0x0000000000000000 | 4.20 4.27 4.73 | cpu  191116020 7323 95355871 6200041269 4314200 0 562253 0 0 0
1791454492 2932, 13801, 41, 0x0000000000000000 | 4.20 4.27 4.73 | cpu  191116344 7323 95356200 6200054375 4314200 0 562253 0 0 0
1791454493 2932, 13801, 41, 0x0000000000000000 | 4.20 4.27 4.73 | cpu  191116525 7323 95356582 6200067537 4314206 0 562253 0 0 0
1791454495 2925, 13801, 41, 0x0000000000000000 | 4.34 4.30 4.74 | cpu  191116709 7323 95356971 6200080793 4314221 0 562254 0 0 0
1791454496 2925, 13801, 41, 0x0000000000000000 | 4.34 4.30 4.74 | cpu  191117035 7323 95357838 6200093353 4314221 0 562254 0 0 0
1791454497 2925, 13801, 41, 0x0000000000000000 | 4.34 4.30 4.74 | cpu  191117679 7323 95359018 6200105269 4314221 0 562254 0 0 0
1791454498 2932, 13801, 41, 0x0000000000000000 | 4.34 4.30 4.74 | cpu  191117927 7323 95359270 6200118515 4314221 0 562255 0 0 0
1791454499 2932, 13801, 41, 0x0000000000000000 | 4.34 4.30 4.74 | cpu  191118089 7323 95359463 6200131873 4314242 0 562256 0 0 0
1791454500 2932, 13801, 41, 0x0000000000000000 | 4.23 4.28 4.73 | cpu  191118263 7323 95359662 6200145225 4314250 0 562256 0 0 0
1791454501 2932, 13801, 41, 0x0000000000000000 | 4.23 4.28 4.73 | cpu  191118432 7323 95359885 6200158590 4314250 0 562257 0 0 0
1791454502 2932, 13801, 41, 0x0000000000000000 | 4.23 4.28 4.73 | cpu  191118646 7323 95360148 6200171871 4314252 0 562257 0 0 0
1791454503 2932, 13801, 41, 0x0000000000000000 | 4.23 4.28 4.73 | cpu  191118834 7323 95360346 6200185199 4314256 0 562257 0 0 0
1791454504 2925, 13801, 41, 0x0000000000000000 | 4.14 4.26 4.72 | cpu  191119001 7323 95360543 6200198577 4314260 0 562258 0 0 0
1791454505 2932, 13801, 41, 0x0000000000000000 | 4.14 4.26 4.72 | cpu  191119159 7323 95360745 6200212007 4314263 0 562259 0 0 0
1791454506 2925, 13801, 41, 0x0000000000000000 | 4.14 4.26 4.72 | cpu  191119319 7323 95360940 6200225381 4314263 0 562260 0 0 0
1791454507 2932, 13801, 41, 0x0000000000000000 | 4.14 4.26 4.72 | cpu  191119483 7323 95361132 6200238718 4314263 0 562260 0 0 0
1791454509 2925, 13801, 42, 0x0000000000000000 | 4.14 4.26 4.72 | cpu  191119660 7323 95361321 6200252154 4314263 0 562261 0 0 0
1791454510 2925, 13801, 42, 0x0000000000000000 | 4.04 4.24 4.71 | cpu  191119820 7323 95361519 6200265596 4314263 0 562262 0 0 0
1791454511 2925, 13801, 42, 0x0000000000000000 | 4.04 4.24 4.71 | cpu  191119996 7323 95361717 6200279003 4314270 0 562263 0 0 0
1791454512 2925, 13801, 41, 0x0000000000000000 | 4.04 4.24 4.71 | cpu  191120158 7323 95361917 6200292349 4314271 0 562264 0 0 0
1791454513 2925, 13801, 41, 0x0000000000000000 | 4.04 4.24 4.71 | cpu  191120326 7323 95362115 6200305775 4314271 0 562265 0 0 0
1791454514 2932, 13801, 41, 0x0000000000000000 | 4.04 4.24 4.71 | cpu  191120502 7323 95362302 6200319159 4314285 0 562265 0 0 0
1791454515 2932, 13801, 41, 0x0000000000000000 | 3.96 4.22 4.70 | cpu  191120660 7323 95362500 6200332515 4314292 0 562266 0 0 0
1791454516 2932, 13801, 41, 0x0000000000000000 | 3.96 4.22 4.70 | cpu  191120821 7323 95362697 6200345933 4314295 0 562267 0 0 0
1791454517 2932, 13801, 41, 0x0000000000000000 | 3.96 4.22 4.70 | cpu  191120984 7323 95362900 6200359313 4314295 0 562267 0 0 0
1791454518 2932, 13801, 42, 0x0000000000000000 | 3.96 4.22 4.70 | cpu  191121291 7323 95363169 6200372518 4314295 0 562267 0 0 0
1791454519 2925, 13801, 42, 0x0000000000000000 | 4.04 4.23 4.70 | cpu  191121485 7323 95363438 6200385784 4314313 0 562267 0 0 0
1791454520 2925, 13801, 42, 0x0000000000000000 | 4.04 4.23 4.70 | cpu  191121686 7323 95363701 6200399141 4314319 0 562268 0 0 0
1791454521 2925, 13801, 41, 0x0000000000000000 | 4.04 4.23 4.70 | cpu  191121893 7323 95364060 6200412337 4314323 0 562268 0 0 0
1791454523 2932, 13801, 41, 0x0000000000000000 | 4.04 4.23 4.70 | cpu  191122081 7323 95364446 6200425538 4314323 0 562269 0 0 0
1791454524 2932, 13801, 41, 0x0000000000000000 | 4.04 4.23 4.70 | cpu  191122272 7323 95364829 6200438775 4314337 0 562269 0 0 0
1791454525 2932, 13801, 41, 0x0000000000000000 | 4.20 4.26 4.71 | cpu  191122544 7323 95365193 6200451877 4314337 0 562269 0 0 0
1791454526 2925, 13801, 41, 0x0000000000000000 | 4.20 4.26 4.71 | cpu  191122742 7323 95365523 6200465095 4314344 0 562269 0 0 0
1791454527 2932, 13801, 41, 0x0000000000000000 | 4.20 4.26 4.71 | cpu  191122945 7323 95365983 6200478156 4314344 0 562269 0 0 0
1791454528 2932, 13801, 41, 0x0000000000000000 | 4.20 4.26 4.71 | cpu  191123133 7323 95366412 6200491320 4314344 0 562269 0 0 0
1791454529 2932, 13801, 41, 0x0000000000000000 | 4.20 4.26 4.71 | cpu  191123322 7323 95366808 6200504494 4314358 0 562271 0 0 0
1791454530 2932, 13801, 41, 0x0000000000000000 | 4.27 4.27 4.71 | cpu  191123513 7323 95367188 6200517681 4314358 0 562272 0 0 0
1791454531 2925, 13801, 41, 0x0000000000000000 | 4.27 4.27 4.71 | cpu  191123714 7323 95367533 6200530902 4314365 0 562273 0 0 0
1791454532 2925, 13801, 41, 0x0000000000000000 | 4.27 4.27 4.71 | cpu  191123922 7323 95367927 6200544038 4314378 0 562273 0 0 0
1791454533 2925, 13801, 41, 0x0000000000000000 | 4.27 4.27 4.71 | cpu  191124104 7323 95368316 6200557217 4314378 0 562273 0 0 0
1791454534 2932, 13801, 41, 0x0000000000000000 | 4.40 4.30 4.72 | cpu  191124295 7323 95368701 6200570445 4314378 0 562273 0 0 0
1791454535 2925, 13801, 41, 0x0000000000000000 | 4.40 4.30 4.72 | cpu  191124516 7323 95369061 6200583679 4314385 0 562274 0 0 0
1791454536 2925, 13801, 41, 0x0000000000000000 | 4.40 4.30 4.72 | cpu  191124750 7323 95369323 6200596949 4314385 0 562275 0 0 0
1791454538 2932, 13801, 42, 0x0000000000000000 | 4.40 4.30 4.72 | cpu  191124961 7323 95369583 6200610276 4314385 0 562275 0 0 0
1791454539 2925, 13801, 42, 0x0000000000000000 | 4.40 4.30 4.72 | cpu  191125152 7323 95369854 6200623570 4314399 0 562275 0 0 0
1791454540 2925, 13801, 42, 0x0000000000000000 | 4.37 4.30 4.72 | cpu  191125527 7323 95370698 6200636159 4314399 0 562276 0 0 0
1791454541 2925, 13801, 41, 0x0000000000000000 | 4.37 4.30 4.72 | cpu  191126115 7323 95371729 6200648330 4314406 0 562276 0 0 0
1791454542 2925, 13801, 42, 0x0000000000000000 | 4.37 4.30 4.72 | cpu  191126327 7323 95371922 6200661656 4314406 0 562277 0 0 0
1791454543 2925, 13801, 41, 0x0000000000000000 | 4.37 4.30 4.72 | cpu  191126485 7323 95372121 6200675007 4314406 0 562278 0 0 0
1791454544 2925, 13801, 41, 0x0000000000000000 | 4.34 4.29 4.71 | cpu  191126659 7323 95372318 6200688353 4314426 0 562279 0 0 0
1791454545 2925, 13801, 41, 0x0000000000000000 | 4.34 4.29 4.71 | cpu  191126846 7323 95372498 6200701777 4314426 0 562279 0 0 0
1791454546 2932, 13801, 41, 0x0000000000000000 | 4.34 4.29 4.71 | cpu  191127005 7323 95372680 6200715195 4314433 0 562279 0 0 0
1791454547 2932, 13801, 41, 0x0000000000000000 | 4.34 4.29 4.71 | cpu  191127168 7323 95372870 6200728614 4314433 0 562279 0 0 0
1791454548 2925, 13801, 41, 0x0000000000000000 | 4.34 4.29 4.71 | cpu  191127333 7323 95373067 6200741994 4314433 0 562280 0 0 0
1791454549 2925, 13801, 42, 0x0000000000000000 | 4.23 4.27 4.70 | cpu  191127492 7323 95373265 6200755393 4314452 0 562280 0 0 0
1791454550 2932, 13801, 41, 0x0000000000000000 | 4.23 4.27 4.70 | cpu  191127657 7323 95373459 6200768747 4314452 0 562281 0 0 0
1791454552 2932, 13801, 41, 0x0000000000000000 | 4.23 4.27 4.70 | cpu  191127823 7323 95373648 6200782112 4314459 0 562282 0 0 0
1791454553 2925, 13801, 41, 0x0000000000000000 | 4.23 4.27 4.70 | cpu  191127984 7323 95373849 6200795556 4314462 0 562282 0 0 0
1791454554 2925, 13801, 41, 0x0000000000000000 | 4.23 4.27 4.70 | cpu  191128146 7323 95374052 6200808921 4314479 0 562283 0 0 0
1791454555 2932, 13801, 41, 0x0000000000000000 | 4.13 4.25 4.70 | cpu  191128303 7323 95374252 6200822284 4314479 0 562284 0 0 0
1791454556 2932, 13801, 41, 0x0000000000000000 | 4.13 4.25 4.70 | cpu  191128460 7323 95374452 6200835706 4314484 0 562284 0 0 0
1791454557 2932, 13801, 41, 0x0000000000000000 | 4.13 4.25 4.70 | cpu  191128620 7323 95374648 6200849113 4314489 0 562285 0 0 0
1791454558 2932, 13801, 41, 0x0000000000000000 | 4.13 4.25 4.70 | cpu  191128795 7323 95374842 6200862460 4314489 0 562286 0 0 0
1791454559 2932, 13801, 41, 0x0000000000000000 | 4.12 4.24 4.69 | cpu  191128956 7323 95375045 6200875800 4314511 0 562287 0 0 0
1791454560 2925, 13801, 41, 0x0000000000000000 | 4.12 4.24 4.69 | cpu  191129118 7323 95375246 6200889231 4314511 0 562288 0 0 0
1791454561 2932, 13801, 41, 0x0000000000000000 | 4.12 4.24 4.69 | cpu  191129296 7323 95375441 6200902616 4314511 0 562288 0 0 0
1791454562 2925, 13801, 41, 0x0000000000000000 | 4.12 4.24 4.69 | cpu  191129477 7323 95375672 6200915962 4314524 0 562289 0 0 0
1791454563 2925, 13801, 41, 0x0000000000000000 | 4.12 4.24 4.69 | cpu  191129650 7323 95375862 6200929399 4314524 0 562289 0 0 0
1791454564 2925, 13801, 42, 0x0000000000000000 | 4.11 4.24 4.69 | cpu  191129819 7323 95376051 6200942797 4314524 0 562290 0 0 0
1791454566 2925, 13801, 41, 0x0000000000000000 | 4.11 4.24 4.69 | cpu  191129983 7323 95376247 6200956209 4314532 0 562290 0 0 0
1791454567 2925, 13801, 42, 0x0000000000000000 | 4.11 4.24 4.69 | cpu  191130155 7323 95376435 6200969595 4314532 0 562291 0 0 0
1791454568 2925, 13801, 42, 0x0000000000000000 | 4.11 4.24 4.69 | cpu  191130351 7323 95376627 6200983011 4314542 0 562291 0 0 0
1791454569 2925, 13801, 42, 0x0000000000000000 | 4.11 4.24 4.69 | cpu  191130711 7323 95376935 6200996104 4314542 0 562292 0 0 0
1791454570 2932, 13801, 41, 0x0000000000000000 | 4.10 4.23 4.68 | cpu  191130907 7323 95377218 6201009382 4314542 0 562293 0 0 0
1791454571 2932, 13801, 42, 0x0000000000000000 | 4.10 4.23 4.68 | cpu  191131123 7323 95377478 6201022698 4314542 0 562295 0 0 0
1791454572 2925, 13801, 41, 0x0000000000000000 | 4.10 4.23 4.68 | cpu  191131339 7323 95377822 6201035908 4314549 0 562297 0 0 0
1791454573 2925, 13801, 41, 0x0000000000000000 | 4.10 4.23 4.68 | cpu  191131529 7323 95378204 6201049128 4314557 0 562297 0 0 0
1791454574 2925, 13801, 42, 0x0000000000000000 | 4.18 4.25 4.69 | cpu  191131723 7323 95378588 6201062308 4314557 0 562298 0 0 0
1791454575 2925, 13801, 42, 0x0000000000000000 | 4.18 4.25 4.69 | cpu  191131986 7323 95378893 6201075548 4314557 0 562298 0 0 0
1791454576 2925, 13801, 41, 0x0000000000000000 | 4.18 4.25 4.69 | cpu  191132184 7323 95379270 6201088729 4314557 0 562300 0 0 0
1791454577 2925, 13801, 41, 0x0000000000000000 | 4.18 4.25 4.69 | cpu  191132398 7323 95379636 6201101912 4314560 0 562303 0 0 0
1791454578 2925, 13801, 42, 0x0000000000000000 | 4.18 4.25 4.69 | cpu  191132652 7323 95380001 6201115083 4314574 0 562305 0 0 0
1791454580 2925, 13801, 41, 0x0000000000000000 | 4.24 4.26 4.69 | cpu  191132916 7323 95380311 6201128301 4314574 0 562306 0 0 0
1791454581 2925, 13801, 42, 0x0000000000000000 | 4.24 4.26 4.69 | cpu  191133180 7323 95380630 6201141452 4314574 0 562306 0 0 0
1791454582 2925, 13801, 42, 0x0000000000000000 | 4.24 4.26 4.69 | cpu  191133394 7323 95380976 6201154673 4314574 0 562306 0 0 0
1791454583 2925, 13801, 42, 0x0000000000000000 | 4.24 4.26 4.69 | cpu  191133597 7323 95381350 6201167840 4314574 0 562307 0 0 0
1791454584 2925, 13801, 42, 0x0000000000000000 | 4.24 4.26 4.69 | cpu  191133795 7323 95381727 6201180981 4314589 0 562307 0 0 0
1791454585 2932, 13801, 41, 0x0000000000000000 | 4.22 4.26 4.68 | cpu  191134368 7323 95382926 6201192970 4314589 0 562308 0 0 0
1791454586 2932, 13801, 42, 0x0000000000000000 | 4.22 4.26 4.68 | cpu  191135001 7323 95383653 6201205340 4314589 0 562309 0 0 0
1791454587 2925, 13801, 42, 0x0000000000000000 | 4.22 4.26 4.68 | cpu  191135222 7323 95383955 6201218649 4314589 0 562310 0 0 0
1791454588 2925, 13801, 41, 0x0000000000000000 | 4.22 4.26 4.68 | cpu  191135397 7323 95384264 6201231889 4314589 0 562311 0 0 0
1791454589 2925, 13801, 41, 0x0000000000000000 | 4.29 4.27 4.69 | cpu  191135573 7323 95384628 6201245121 4314603 0 562312 0 0 0
1791454590 2925, 13801, 41, 0x0000000000000000 | 4.29 4.27 4.69 | cpu  191135741 7323 95384939 6201258430 4314603 0 562312 0 0 0
1791454591 2932, 13801, 41, 0x0000000000000000 | 4.29 4.27 4.69 | cpu  191135928 7323 95385155 6201271796 4314603 0 562313 0 0 0
1791454592 2932, 13801, 41, 0x0000000000000000 | 4.29 4.27 4.69 | cpu  191136147 7323 95385397 6201285085 4314616 0 562313 0 0 0
1791454594 2932, 13801, 41, 0x0000000000000000 | 4.29 4.27 4.69 | cpu  191136314 7323 95385624 6201298441 4314622 0 562314 0 0 0
1791454595 2925, 13801, 42, 0x0000000000000000 | 4.26 4.26 4.68 | cpu  191136495 7323 95385898 6201311699 4314637 0 562314 0 0 0
1791454596 2925, 13801, 42, 0x0000000000000000 | 4.26 4.26 4.68 | cpu  191136656 7323 95386097 6201325174 4314637 0 562315 0 0 0
1791454597 2925, 13801, 42, 0x0000000000000000 | 4.26 4.26 4.68 | cpu  191136816 7323 95386292 6201338558 4314637 0 562316 0 0 0
1791454598 2925, 13801, 42, 0x0000000000000000 | 4.26 4.26 4.68 | cpu  191136987 7323 95386486 6201351991 4314637 0 562316 0 0 0
1791454599 2932, 13801, 41, 0x0000000000000000 | 4.26 4.26 4.68 | cpu  191137140 7323 95386679 6201365482 4314650 0 562316 0 0 0
1791454600 2932, 13801, 41, 0x0000000000000000 | 4.16 4.24 4.67 | cpu  191137455 7323 95386918 6201378704 4314657 0 562317 0 0 0
1791454601 2932, 13801, 41, 0x0000000000000000 | 4.16 4.24 4.67 | cpu  191137643 7323 95387196 6201392037 4314657 0 562317 0 0 0
1791454602 2925, 13801, 41, 0x0000000000000000 | 4.16 4.24 4.67 | cpu  191137836 7323 95387466 6201405343 4314657 0 562318 0 0 0
1791454603 2925, 13801, 41, 0x0000000000000000 | 4.16 4.24 4.67 | cpu  191138036 7323 95387736 6201418712 4314657 0 562318 0 0 0
1791454604 2925, 13801, 41, 0x0000000000000000 | 4.15 4.24 4.67 | cpu  191138228 7323 95388016 6201432015 4314672 0 562319 0 0 0
1791454605 2925, 13801, 42, 0x0000000000000000 | 4.15 4.24 4.67 | cpu  191138470 7323 95388294 6201445264 4314672 0 562319 0 0 0
1791454606 2925, 13801, 41, 0x0000000000000000 | 4.15 4.24 4.67 | cpu  191138674 7323 95388542 6201458583 4314672 0 562319 0 0 0
1791454608 2932, 13801, 41, 0x0000000000000000 | 4.15 4.24 4.67 | cpu  191138887 7323 95388824 6201471857 4314679 0 562319 0 0 0
1791454609 2925, 13801, 42, 0x0000000000000000 | 4.15 4.24 4.67 | cpu  191139073 7323 95389104 6201485159 4314699 0 562320 0 0 0
1791454610 2925, 13801, 42, 0x0000000000000000 | 4.14 4.23 4.66 | cpu  191139331 7323 95389423 6201498433 4314699 0 562321 0 0 0
1791454611 2925, 13801, 42, 0x0000000000000000 | 4.14 4.23 4.66 | cpu  191139533 7323 95389759 6201511689 4314699 0 562322 0 0 0
1791454612 2925, 13801, 41, 0x0000000000000000 | 4.14 4.23 4.66 | cpu  191139720 7323 95390038 6201524985 4314699 0 562322 0 0 0
1791454613 2932, 13801, 42, 0x0000000000000000 | 4.14 4.23 4.66 | cpu  191139948 7323 95390320 6201538268 4314706 0 562323 0 0 0
1791454614 2925, 13801, 41, 0x0000000000000000 | 4.28 4.26 4.67 | cpu  191140138 7323 95390605 6201551529 4314726 0 562324 0 0 0
1791454615 2925, 13801, 42, 0x0000000000000000 | 4.28 4.26 4.67 | cpu  191140337 7323 95390881 6201564858 4314726 0 562324 0 0 0
1791454616 2932, 13801, 41, 0x0000000000000000 | 4.28 4.26 4.67 | cpu  191140520 7323 95391171 6201578152 4314726 0 562325 0 0 0
1791454617 2932, 13801, 41, 0x0000000000000000 | 4.28 4.26 4.67 | cpu  191140714 7323 95391448 6201591506 4314727 0 562326 0 0 0
1791454618 2925, 13801, 42, 0x0000000000000000 | 4.28 4.26 4.67 | cpu  191140892 7323 95391734 6201604819 4314733 0 562326 0 0 0
1791454619 2925, 13801, 42, 0x0000000000000000 | 4.26 4.26 4.67 | cpu  191141075 7323 95392026 6201618111 4314748 0 562328 0 0 0
1791454620 2932, 13801, 41, 0x0000000000000000 | 4.26 4.26 4.67 | cpu  191141266 7323 95392296 6201631479 4314748 0 562328 0 0 0
1791454622 2932, 13801, 41, 0x0000000000000000 | 4.26 4.26 4.67 | cpu  191141452 7323 95392594 6201644763 4314755 0 562328 0 0 0
1791454623 2932, 13801, 41, 0x0000000000000000 | 4.26 4.26 4.67 | cpu  191141666 7323 95392915 6201657973 4314768 0 562329 0 0 0
1791454624 2925, 13801, 41, 0x0000000000000000 | 4.26 4.26 4.67 | cpu  191141861 7323 95393309 6201671161 4314768 0 562329 0 0 0
1791454625 2925, 13801, 42, 0x0000000000000000 | 4.32 4.27 4.67 | cpu  191142052 7323 95393678 6201684383 4314768 0 562329 0 0 0
1791454626 2925, 13801, 41, 0x0000000000000000 | 4.32 4.27 4.67 | cpu  191142242 7323 95394054 6201697641 4314768 0 562330 0 0 0
1791454627 2925, 13801, 42, 0x0000000000000000 | 4.32 4.27 4.67 | cpu  191142429 7323 95394341 6201710916 4314768 0 562331 0 0 0
1791454628 2925, 13801, 42, 0x0000000000000000 | 4.32 4.27 4.67 | cpu  191142624 7323 95394618 6201724201 4314771 0 562331 0 0 0
1791454629 2925, 13801, 42, 0x0000000000000000 | 4.30 4.27 4.67 | cpu  191142809 7323 95394901 6201737507 4314784 0 562332 0 0 0
1791454630 2925, 13801, 42, 0x0000000000000000 | 4.30 4.27 4.67 | cpu  191143012 7323 95395170 6201750798 4314784 0 562332 0 0 0
1791454631 2925, 13801, 42, 0x0000000000000000 | 4.30 4.27 4.67 | cpu  191143202 7323 95395459 6201764155 4314784 0 562333 0 0 0
1791454632 2932, 13801, 42, 0x0000000000000000 | 4.30 4.27 4.67 | cpu  191143394 7323 95395730 6201777435 4314784 0 562333 0 0 0
1791454633 2932, 13801, 41, 0x0000000000000000 | 4.30 4.27 4.67 | cpu  191143578 7323 95396015 6201790728 4314791 0 562334 0 0 0
1791454634 2932, 13801, 41, 0x0000000000000000 | 4.27 4.26 4.66 | cpu  191143757 7323 95396303 6201804024 4314791 0 562334 0 0 0
1791454636 2925, 13801, 41, 0x0000000000000000 | 4.27 4.26 4.66 | cpu  191143952 7323 95396585 6201817353 4314798 0 562334 0 0 0
1791454637 2932, 13801, 41, 0x0000000000000000 | 4.27 4.26 4.66 | cpu  191144140 7323 95396861 6201830655 4314798 0 562335 0 0 0
1791454638 2925, 13801, 42, 0x0000000000000000 | 4.27 4.26 4.66 | cpu  191144334 7323 95397137 6201843922 4314798 0 562335 0 0 0
1791454639 2925, 13801, 42, 0x0000000000000000 | 4.27 4.26 4.66 | cpu  191144521 7323 95397423 6201857248 4314817 0 562336 0 0 0
1791454640 2932, 13801, 41, 0x0000000000000000 | 4.33 4.27 4.66 | cpu  191144753 7323 95397661 6201870583 4314818 0 562336 0 0 0
1791454641 2932, 13801, 41, 0x0000000000000000 | 4.33 4.27 4.66 | cpu  191144974 7323 95397901 6201883867 4314818 0 562336 0 0 0
1791454642 2932, 13801, 42, 0x0000000000000000 | 4.33 4.27 4.66 | cpu  191145160 7323 95398186 6201897195 4314818 0 562337 0 0 0
1791454643 2925, 13801, 42, 0x0000000000000000 | 4.33 4.27 4.66 | cpu  191145349 7323 95398459 6201910491 4314818 0 562337 0 0 0
1791454644 2925, 13801, 42, 0x0000000000000000 | 4.30 4.27 4.66 | cpu  191145594 7323 95398676 6201923725 4314833 0 562337 0 0 0
1791454645 2925, 13801, 42, 0x0000000000000000 | 4.30 4.27 4.66 | cpu  191145899 7323 95398840 6201936983 4314833 0 562337 0 0 0
1791454646 2932, 13801, 41, 0x0000000000000000 | 4.30 4.27 4.66 | cpu  191146218 7323 95398984 6201950292 4314833 0 562338 0 0 0
1791454647 2925, 13801, 42, 0x0000000000000000 | 4.30 4.27 4.66 | cpu  191146522 7323 95399152 6201963589 4314833 0 562339 0 0 0
1791454648 2925, 13801, 42, 0x0000000000000000 | 4.30 4.27 4.66 | cpu  191146975 7323 95399414 6201976629 4314833 0 562340 0 0 0
1791454650 2925, 13801, 42, 0x0000000000000000 | 4.52 4.32 4.67 | cpu  191147184 7323 95399604 6201990010 4314852 0 562340 0 0 0
1791454651 2925, 13801, 42, 0x0000000000000000 | 4.52 4.32 4.67 | cpu  191147736 7323 95401176 6202001632 4314852 0 562340 0 0 0
1791454652 2925, 13801, 42, 0x0000000000000000 | 4.52 4.32 4.67 | cpu  191148206 7323 95401396 6202014709 4314852 0 562341 0 0 0
1791454653 2925, 13801, 42, 0x0000000000000000 | 4.52 4.32 4.67 | cpu  191148371 7323 95401606 6202028089 4314858 0 562341 0 0 0
1791454654 2925, 13801, 42, 0x0000000000000000 | 4.52 4.32 4.67 | cpu  191148525 7323 95401706 6202041535 4314858 0 562342 0 0 0
1791454655 2925, 13801, 42, 0x0000000000000000 | 4.32 4.28 4.66 | cpu  191148665 7323 95401813 6202055048 4314866 0 562342 0 0 0
1791454656 2932, 13801, 41, 0x0000000000000000 | 4.32 4.28 4.66 | cpu  191148817 7323 95401948 6202068547 4314866 0 562342 0 0 0
1791454657 2925, 13801, 42, 0x0000000000000000 | 4.32 4.28 4.66 | cpu  191148962 7323 95402053 6202082041 4314866 0 562343 0 0 0
1791454658 2925, 13801, 42, 0x0000000000000000 | 4.32 4.28 4.66 | cpu  191149106 7323 95402158 6202095558 4314866 0 562344 0 0 0
1791454659 2925, 13801, 42, 0x0000000000000000 | 4.13 4.24 4.64 | cpu  191149250 7323 95402267 6202109055 4314868 0 562345 0 0 0
1791454660 2932, 13801, 41, 0x0000000000000000 | 4.13 4.24 4.64 | cpu  191149406 7323 95402367 6202122513 4314886 0 562345 0 0 0
1791454661 2932, 13801, 41, 0x0000000000000000 | 4.13 4.24 4.64 | cpu  191149560 7323 95402472 6202136013 4314886 0 562345 0 0 0
1791454662 2932, 13801, 41, 0x0000000000000000 | 4.13 4.24 4.64 | cpu  191149705 7323 95402579 6202149502 4314886 0 562345 0 0 0
1791454664 2932, 13801, 41, 0x0000000000000000 | 4.13 4.24 4.64 | cpu  191149857 7323 95402677 6202162982 4314886 0 562346 0 0 0
1791454665 2925, 13801, 42, 0x0000000000000000 | 3.96 4.20 4.63 | cpu  191149997 7323 95402784 6202176465 4314886 0 562347 0 0 0
1791454666 2932, 13801, 41, 0x0000000000000000 | 3.96 4.20 4.63 | cpu  191150144 7323 95402889 6202189920 4314901 0 562347 0 0 0
1791454667 2925, 13801, 42, 0x0000000000000000 | 3.96 4.20 4.63 | cpu  191150295 7323 95402992 6202203430 4314901 0 562348 0 0 0
1791454668 2925, 13801, 42, 0x0000000000000000 | 3.96 4.20 4.63 | cpu  191150442 7323 95403099 6202216912 4314901 0 562348 0 0 0
1791454669 2925, 13801, 42, 0x0000000000000000 | 3.96 4.20 4.63 | cpu  191150588 7323 95403204 6202230395 4314901 0 562349 0 0 0
1791454670 2925, 13801, 41, 0x0000000000000000 | 3.80 4.16 4.61 | cpu  191150735 7323 95403311 6202243903 4314904 0 562349 0 0 0
1791454671 2925, 13801, 42, 0x0000000000000000 | 3.80 4.16 4.61 | cpu  191150892 7323 95403427 6202257391 4314911 0 562350 0 0 0
1791454672 2925, 13801, 41, 0x0000000000000000 | 3.80 4.16 4.61 | cpu  191151046 7323 95403539 6202270899 4314918 0 562350 0 0 0
1791454673 2925, 13801, 41, 0x0000000000000000 | 3.80 4.16 4.61 | cpu  191151195 7323 95403652 6202284372 4314918 0 562351 0 0 0
1791454674 2932, 13801, 41, 0x0000000000000000 | 3.82 4.16 4.61 | cpu  191151346 7323 95403764 6202297901 4314918 0 562351 0 0 0
1791454675 2932, 13801, 41, 0x0000000000000000 | 3.82 4.16 4.61 | cpu  191151494 7323 95403878 6202311397 4314918 0 562352 0 0 0
1791454676 2925, 13801, 41, 0x0000000000000000 | 3.82 4.16 4.61 | cpu  191151636 7323 95403985 6202324884 4314925 0 562353 0 0 0
1791454678 2932, 13801, 41, 0x0000000000000000 | 3.82 4.16 4.61 | cpu  191151779 7323 95404091 6202338383 4314932 0 562353 0 0 0
1791454679 2925, 13801, 42, 0x0000000000000000 | 3.82 4.16 4.61 | cpu  191151927 7323 95404201 6202351963 4314932 0 562353 0 0 0
1791454680 2932, 13801, 41, 0x0000000000000000 | 3.75 4.14 4.60 | cpu  191152069 7323 95404310 6202365447 4314940 0 562354 0 0 0
1791454681 2925, 13801, 42, 0x0000000000000000 | 3.75 4.14 4.60 | cpu  191152213 7323 95404415 6202378940 4314940 0 562354 0 0 0
1791454682 2925, 13801, 41, 0x0000000000000000 | 3.75 4.14 4.60 | cpu  191152366 7323 95404548 6202392477 4314940 0 562355 0 0 0
1791454683 2925, 13801, 42, 0x0000000000000000 | 3.75 4.14 4.60 | cpu  191152518 7323 95404678 6202405943 4314960 0 562355 0 0 0
1791454684 2925, 13801, 41, 0x0000000000000000 | 3.75 4.14 4.60 | cpu  191152677 7323 95404780 6202419456 4314967 0 562355 0 0 0
1791454685 2925, 13801, 41, 0x0000000000000000 | 3.61 4.11 4.59 | cpu  191152821 7323 95404885 6202432928 4314967 0 562357 0 0 0
1791454686 2925, 13801, 42, 0x0000000000000000 | 3.61 4.11 4.59 | cpu  191152970 7323 95404998 6202446434 4314967 0 562357 0 0 0
1791454687 2925, 13801, 42, 0x0000000000000000 | 3.61 4.11 4.59 | cpu  191153127 7323 95405102 6202459937 4314967 0 562357 0 0 0
1791454688 2925, 13801, 42, 0x0000000000000000 | 3.61 4.11 4.59 | cpu  191153272 7323 95405211 6202473458 4314967 0 562359 0 0 0
1791454689 2925, 13801, 41, 0x0000000000000000 | 3.56 4.09 4.58 | cpu  191153421 7323 95405326 6202486977 4314974 0 562359 0 0 0
1791454690 2932, 13801, 41, 0x0000000000000000 | 3.56 4.09 4.58 | cpu  191153568 7323 95405432 6202500480 4314981 0 562360 0 0 0
1791454692 2932, 13801, 41, 0x0000000000000000 | 3.56 4.09 4.58 | cpu  191153718 7323 95405542 6202513972 4314981 0 562361 0 0 0
1791454693 2932, 13801, 42, 0x0000000000000000 | 3.56 4.09 4.58 | cpu  191153858 7323 95405649 6202527447 4314981 0 562361 0 0 0
1791454694 2925, 13801, 42, 0x0000000000000000 | 3.56 4.09 4.58 | cpu  191154002 7323 95405760 6202540995 4314988 0 562362 0 0 0
1791454695 2925, 13801, 41, 0x0000000000000000 | 3.44 4.05 4.57 | cpu  191154151 7323 95405868 6202554524 4314988 0 562362 0 0 0
1791454696 2925, 13801, 41, 0x0000000000000000 | 3.44 4.05 4.57 | cpu  191154292 7323 95405972 6202567996 4314988 0 562363 0 0 0
1791454697 2925, 13801, 41, 0x0000000000000000 | 3.44 4.05 4.57 | cpu  191154434 7323 95406076 6202581491 4314995 0 562363 0 0 0
1791454698 2925, 13801, 41, 0x0000000000000000 | 3.44 4.05 4.57 | cpu  191154611 7323 95406188 6202594962 4314995 0 562364 0 0 0
1791454699 2932, 13801, 41, 0x0000000000000000 | 3.48 4.05 4.56 | cpu  191154864 7323 95406394 6202608267 4314995 0 562364 0 0 0
1791454700 2925, 13801, 41, 0x0000000000000000 | 3.48 4.05 4.56 | cpu  191155026 7323 95406583 6202621658 4315001 0 562364 0 0 0
1791454701 2925, 13801, 41, 0x0000000000000000 | 3.48 4.05 4.56 | cpu  191155230 7323 95406796 6202634990 4315004 0 562364 0 0 0
1791454702 2925, 13801, 42, 0x0000000000000000 | 3.48 4.05 4.56 | cpu  191155391 7323 95407090 6202648274 4315004 0 562364 0 0 0
1791454703 2932, 13801, 41, 0x0000000000000000 | 3.48 4.05 4.56 | cpu  191155565 7323 95407394 6202661555 4315013 0 562365 0 0 0
1791454704 2925, 13801, 41, 0x0000000000000000 | 3.52 4.05 4.56 | cpu  191155790 7323 95407670 6202674827 4315019 0 562365 0 0 0
1791454706 2925, 13801, 41, 0x0000000000000000 | 3.52 4.05 4.56 | cpu  191156130 7323 95407979 6202687988 4315019 0 562366 0 0 0
1791454707 2925, 13801, 41, 0x0000000000000000 | 3.52 4.05 4.56 | cpu  191156330 7323 95408355 6202701204 4315019 0 562366 0 0 0
1791454708 2925, 13801, 41, 0x0000000000000000 | 3.52 4.05 4.56 | cpu  191156524 7323 95408734 6202714398 4315019 0 562367 0 0 0
1791454709 2925, 13801, 41, 0x0000000000000000 | 3.52 4.05 4.56 | cpu  191156764 7323 95409071 6202727598 4315027 0 562367 0 0 0
1791454710 2932, 13801, 41, 0x0000000000000000 | 3.64 4.07 4.56 | cpu  191156959 7323 95409442 6202740767 4315027 0 562367 0 0 0
1791454711 2932, 13801, 41, 0x0000000000000000 | 3.64 4.07 4.56 | cpu  191157158 7323 95409821 6202753954 4315038 0 562367 0 0 0
1791454712 2932, 13801, 41, 0x0000000000000000 | 3.64 4.07 4.56 | cpu  191157416 7323 95410180 6202767210 4315038 0 562368 0 0 0
1791454713 2925, 13801, 41, 0x0000000000000000 | 3.64 4.07 4.56 | cpu  191157618 7323 95410526 6202780447 4315048 0 562369 0 0 0
1791454714 2925, 13801, 41, 0x0000000000000000 | 3.75 4.08 4.56 | cpu  191157804 7323 95410929 6202793699 4315048 0 562370 0 0 0
1791454715 2932, 13801, 41, 0x0000000000000000 | 3.75 4.08 4.56 | cpu  191158002 7323 95411410 6202806751 4315055 0 562370 0 0 0
1791454716 2932, 13801, 41, 0x0000000000000000 | 3.75 4.08 4.56 | cpu  191158180 7323 95411801 6202819926 4315058 0 562371 0 0 0
1791454717 2932, 13801, 39, 0x0000000000000000 | 3.75 4.08 4.56 | cpu  191158359 7323 95412155 6202833178 4315058 0 562371 0 0 0
1791454718 2677, 13801, 39, 0x0000000000000000 | 3.75 4.08 4.56 | cpu  191158556 7323 95412496 6202846412 4315058 0 562372 0 0 0
1791454720 2542, 13801, 38, 0x0000000000000000 | 3.85 4.10 4.57 | cpu  191158782 7323 95412876 6202859546 4315079 0 562373 0 0 0
1791454721 2542, 13801, 38, 0x0000000000000000 | 3.85 4.10 4.57 | cpu  191158987 7323 95413262 6202872690 4315086 0 562374 0 0 0
1791454722 2542, 13801, 38, 0x0000000000000000 | 3.85 4.10 4.57 | cpu  191159194 7323 95413683 6202885813 4315089 0 562374 0 0 0
1791454723 2542, 13801, 38, 0x0000000000000000 | 3.85 4.10 4.57 | cpu  191159392 7323 95414059 6202898962 4315089 0 562375 0 0 0
1791454724 2542, 13801, 38, 0x0000000000000000 | 3.85 4.10 4.57 | cpu  191159585 7323 95414321 6202912249 4315103 0 562376 0 0 0
1791454725 2542, 13801, 38, 0x0000000000000000 | 3.86 4.10 4.56 | cpu  191159775 7323 95414583 6202925541 4315103 0 562376 0 0 0
1791454726 2542, 13801, 38, 0x0000000000000000 | 3.86 4.10 4.56 | cpu  191159969 7323 95414840 6202938812 4315114 0 562376 0 0 0
1791454727 2542, 13801, 38, 0x0000000000000000 | 3.86 4.10 4.56 | cpu  191160154 7323 95415105 6202952122 4315114 0 562377 0 0 0
1791454728 2587, 13801, 38, 0x0000000000000000 | 3.86 4.10 4.56 | cpu  191160323 7323 95415410 6202965443 4315114 0 562377 0 0 0
1791454729 2932, 13801, 38, 0x0000000000000000 | 4.04 4.13 4.57 | cpu  191160413 7323 95415983 6202978682 4315131 0 562377 0 0 0
1791454730 2932, 13801, 38, 0x0000000000000000 | 4.04 4.13 4.57 | cpu  191160517 7323 95416471 6202991850 4315131 0 562378 0 0 0
1791454731 2542, 13801, 38, 0x0000000000000000 | 4.04 4.13 4.57 | cpu  191160700 7323 95416767 6203005104 4315139 0 562379 0 0 0
1791454732 2542, 13801, 38, 0x0000000000000000 | 4.04 4.13 4.57 | cpu  191160936 7323 95417126 6203018269 4315139 0 562379 0 0 0
1791454734 2542, 13801, 38, 0x0000000000000000 | 4.04 4.13 4.57 | cpu  191161138 7323 95417529 6203031446 4315139 0 562379 0 0 0
1791454735 2542, 13801, 38, 0x0000000000000000 | 4.11 4.14 4.57 | cpu  191161326 7323 95417899 6203044634 4315146 0 562380 0 0 0
1791454736 2542, 13801, 38, 0x0000000000000000 | 4.11 4.14 4.57 | cpu  191161567 7323 95418265 6203057797 4315146 0 562380 0 0 0
1791454737 2542, 13801, 38, 0x0000000000000000 | 4.11 4.14 4.57 | cpu  191161820 7323 95418637 6203070923 4315182 0 562381 0 0 0
1791454738 2542, 13801, 38, 0x0000000000000000 | 4.11 4.14 4.57 | cpu  191162066 7323 95419025 6203084044 4315182 0 562381 0 0 0
1791454739 2542, 13801, 38, 0x0000000000000000 | 4.11 4.14 4.57 | cpu  191162257 7323 95419432 6203097178 4315192 0 562382 0 0 0
1791454740 2542, 13801, 38, 0x0000000000000000 | 4.18 4.16 4.58 | cpu  191162457 7323 95419801 6203110371 4315192 0 562382 0 0 0
1791454741 2542, 13801, 38, 0x0000000000000000 | 4.18 4.16 4.58 | cpu  191162730 7323 95420170 6203123461 4315192 0 562383 0 0 0
1791454742 2542, 13801, 38, 0x0000000000000000 | 4.18 4.16 4.58 | cpu  191163131 7323 95420536 6203136390 4315198 0 562383 0 0 0
1791454743 2542, 13801, 38, 0x0000000000000000 | 4.18 4.16 4.58 | cpu  191163314 7323 95420825 6203149627 4315211 0 562383 0 0 0
1791454744 2542, 13801, 38, 0x0000000000000000 | 4.25 4.17 4.58 | cpu  191163475 7323 95421113 6203162909 4315219 0 562384 0 0 0
1791454745 375, 810, 37, 0x0000000000000000 | 4.25 4.17 4.58 | cpu  191163647 7323 95421398 6203176316 4315219 0 562384 0 0 0
1791454746 217, 405, 37, 0x0000000000000000 | 4.25 4.17 4.58 | cpu  191163828 7323 95421673 6203189705 4315219 0 562385 0 0 0
1791454747 195, 405, 37, 0x0000000000000000 | 4.25 4.17 4.58 | cpu  191163999 7323 95421963 6203203110 4315219 0 562385 0 0 0
1791454749 195, 405, 37, 0x0000000000000000 | 4.25 4.17 4.58 | cpu  191164163 7323 95422257 6203216499 4315219 0 562385 0 0 0
1791454750 195, 405, 37, 0x0000000000000000 | 4.23 4.17 4.57 | cpu  191164332 7323 95422543 6203229890 4315219 0 562386 0 0 0
1791454751 195, 405, 37, 0x0000000000000000 | 4.23 4.17 4.57 | cpu  191164500 7323 95422832 6203243285 4315219 0 562386 0 0 0
1791454752 195, 405, 37, 0x0000000000000000 | 4.23 4.17 4.57 | cpu  191164676 7323 95423123 6203256652 4315238 0 562387 0 0 0
1791454753 195, 405, 37, 0x0000000000000000 | 4.23 4.17 4.57 | cpu  191164861 7323 95423400 6203270055 4315238 0 562387 0 0 0
1791454754 195, 405, 37, 0x0000000000000000 | 4.23 4.17 4.57 | cpu  191165048 7323 95423678 6203283477 4315238 0 562388 0 0 0
1791454755 195, 405, 37, 0x0000000000000000 | 4.21 4.17 4.57 | cpu  191165220 7323 95423966 6203296908 4315238 0 562388 0 0 0
1791454756 195, 405, 37, 0x0000000000000000 | 4.21 4.17 4.57 | cpu  191165391 7323 95424255 6203310302 4315253 0 562389 0 0 0
1791454757 195, 405, 37, 0x0000000000000000 | 4.21 4.17 4.57 | cpu  191165561 7323 95424543 6203323699 4315253 0 562390 0 0 0
1791454758 195, 405, 37, 0x0000000000000000 | 4.21 4.17 4.57 | cpu  191165730 7323 95424834 6203337110 4315253 0 562390 0 0 0
1791454759 187, 405, 37, 0x0000000000000000 | 4.19 4.16 4.57 | cpu  191165904 7323 95425117 6203350478 4315253 0 562391 0 0 0
1791454760 195, 405, 37, 0x0000000000000000 | 4.19 4.16 4.57 | cpu  191166085 7323 95425402 6203363888 4315253 0 562391 0 0 0
1791454762 195, 405, 37, 0x0000000000000000 | 4.19 4.16 4.57 | cpu  191166253 7323 95425691 6203377282 4315260 0 562392 0 0 0
1791454763 195, 405, 37, 0x0000000000000000 | 4.19 4.16 4.57 | cpu  191166427 7323 95425983 6203390677 4315263 0 562393 0 0 0
1791454764 195, 405, 37, 0x0000000000000000 | 4.19 4.16 4.57 | cpu  191166601 7323 95426278 6203404063 4315267 0 562393 0 0 0
1791454765 195, 405, 37, 0x0000000000000000 | 4.18 4.16 4.56 | cpu  191166770 7323 95426566 6203417476 4315267 0 562394 0 0 0
1791454766 195, 405, 37, 0x0000000000000000 | 4.18 4.16 4.56 | cpu  191166958 7323 95426876 6203430835 4315274 0 562394 0 0 0
1791454767 195, 405, 37, 0x0000000000000000 | 4.18 4.16 4.56 | cpu  191167171 7323 95427149 6203444230 4315274 0 562394 0 0 0
1791454768 195, 405, 37, 0x0000000000000000 | 4.18 4.16 4.56 | cpu  191167388 7323 95427385 6203457653 4315281 0 562394 0 0 0
1791454769 195, 405, 37, 0x0000000000000000 | 4.16 4.16 4.56 | cpu  191167620 7323 95427650 6203471005 4315287 0 562395 0 0 0
1791454770 195, 405, 37, 0x0000000000000000 | 4.16 4.16 4.56 | cpu  191167855 7323 95427971 6203484338 4315287 0 562396 0 0 0
1791454771 195, 405, 37, 0x0000000000000000 | 4.16 4.16 4.56 | cpu  191168047 7323 95428256 6203497727 4315287 0 562396 0 0 0
1791454772 195, 405, 37, 0x0000000000000000 | 4.16 4.16 4.56 | cpu  191168236 7323 95428570 6203511084 4315300 0 562396 0 0 0
1791454774 195, 405, 37, 0x0000000000000000 | 4.16 4.16 4.56 | cpu  191168524 7323 95429284 6203523942 4315300 0 562397 0 0 0
1791454775 195, 405, 37, 0x0000000000000000 | 9.20 5.20 4.90 | cpu  191169176 7323 95430505 6203535909 4315307 0 562397 0 0 0
1791454776 195, 405, 37, 0x0000000000000000 | 9.20 5.20 4.90 | cpu  191169408 7323 95430704 6203549350 4315307 0 562398 0 0 0
1791454777 195, 405, 37, 0x0000000000000000 | 9.20 5.20 4.90 | cpu  191169560 7323 95430906 6203562843 4315307 0 562398 0 0 0
1791454778 195, 405, 37, 0x0000000000000000 | 9.20 5.20 4.90 | cpu  191169716 7323 95431206 6203576227 4315310 0 562398 0 0 0
1791454779 195, 405, 37, 0x0000000000000000 | 9.20 5.20 4.90 | cpu  191169874 7323 95431413 6203589697 4315324 0 562399 0 0 0
1791454780 195, 405, 37, 0x0000000000000000 | 8.70 5.16 4.89 | cpu  191170019 7323 95431608 6203603212 4315331 0 562399 0 0 0
1791454781 195, 405, 37, 0x0000000000000000 | 8.70 5.16 4.89 | cpu  191170170 7323 95431807 6203616723 4315331 0 562400 0 0 0
1791454782 195, 405, 37, 0x0000000000000000 | 8.70 5.16 4.89 | cpu  191170314 7323 95431971 6203630247 4315331 0 562401 0 0 0
1791454783 195, 405, 37, 0x0000000000000000 | 8.70 5.16 4.89 | cpu  191170480 7323 95432070 6203643813 4315331 0 562401 0 0 0
1791454784 195, 405, 37, 0x0000000000000000 | 8.16 5.11 4.87 | cpu  191170629 7323 95432168 6203657422 4315345 0 562401 0 0 0
1791454785 187, 405, 37, 0x0000000000000000 | 8.16 5.11 4.87 | cpu  191170789 7323 95432303 6203670989 4315345 0 562401 0 0 0
1791454787 195, 405, 37, 0x0000000000000000 | 8.16 5.11 4.87 | cpu  191171121 7323 95432532 6203684269 4315345 0 562402 0 0 0
1791454788 195, 405, 37, 0x0000000000000000 | 8.16 5.11 4.87 | cpu  191171293 7323 95432706 6203697753 4315345 0 562402 0 0 0
1791454789 195, 405, 37, 0x0000000000000000 | 8.16 5.11 4.87 | cpu  191171468 7323 95432881 6203711310 4315349 0 562402 0 0 0
1791454790 195, 405, 37, 0x0000000000000000 | 7.75 5.08 4.86 | cpu  191171681 7323 95433022 6203724758 4315371 0 562403 0 0 0
1791454791 195, 405, 37, 0x0000000000000000 | 7.75 5.08 4.86 | cpu  191171847 7323 95433192 6203738291 4315371 0 562403 0 0 0
1791454792 195, 405, 37, 0x0000000000000000 | 7.75 5.08 4.86 | cpu  191172030 7323 95433363 6203751811 4315371 0 562403 0 0 0
1791454793 195, 405, 37, 0x0000000000000000 | 7.75 5.08 4.86 | cpu  191172265 7323 95433522 6203765281 4315374 0 562404 0 0 0
1791454794 195, 405, 37, 0x0000000000000000 | 7.37 5.04 4.85 | cpu  191172454 7323 95433684 6203778765 4315395 0 562405 0 0 0
1791454795 195, 405, 37, 0x0000000000000000 | 7.37 5.04 4.85 | cpu  191172638 7323 95433854 6203792270 4315402 0 562406 0 0 0
1791454796 195, 405, 37, 0x0000000000000000 | 7.37 5.04 4.85 | cpu  191172992 7323 95434021 6203805626 4315402 0 562406 0 0 0
1791454797 195, 405, 37, 0x0000000000000000 | 7.37 5.04 4.85 | cpu  191173156 7323 95434213 6203819144 4315402 0 562407 0 0 0
1791454798 195, 405, 37, 0x0000000000000000 | 7.37 5.04 4.85 | cpu  191173325 7323 95434398 6203832655 4315406 0 562407 0 0 0
1791454800 195, 405, 37, 0x0000000000000000 | 7.02 5.01 4.84 | cpu  191173494 7323 95434596 6203846158 4315414 0 562408 0 0 0
1791454801 195, 405, 38, 0x0000000000000000 | 7.02 5.01 4.84 | cpu  191173669 7323 95434797 6203859664 4315421 0 562409 0 0 0
1791454802 195, 405, 37, 0x0000000000000000 | 7.02 5.01 4.84 | cpu  191173877 7323 95435041 6203873090 4315421 0 562410 0 0 0
1791454803 195, 405, 38, 0x0000000000000000 | 7.02 5.01 4.84 | cpu  191174065 7323 95435249 6203886570 4315434 0 562410 0 0 0
1791454804 195, 405, 38, 0x0000000000000000 | 7.02 5.01 4.84 | cpu  191174235 7323 95435434 6203900129 4315437 0 562411 0 0 0
1791454805 195, 405, 37, 0x0000000000000000 | 6.70 4.97 4.83 | cpu  191174399 7323 95435622 6203913665 4315437 0 562411 0 0 0
1791454806 195, 405, 38, 0x0000000000000000 | 6.70 4.97 4.83 | cpu  191174563 7323 95435808 6203927186 4315437 0 562412 0 0 0
1791454807 195, 405, 38, 0x0000000000000000 | 6.70 4.97 4.83 | cpu  191174735 7323 95435998 6203940693 4315437 0 562413 0 0 0
1791454808 195, 405, 38, 0x0000000000000000 | 6.70 4.97 4.83 | cpu  191174900 7323 95436188 6203954222 4315444 0 562413 0 0 0
1791454809 195, 405, 38, 0x0000000000000000 | 6.40 4.94 4.82 | cpu  191175071 7323 95436376 6203967731 4315467 0 562414 0 0 0
1791454810 195, 405, 38, 0x0000000000000000 | 6.40 4.94 4.82 | cpu  191175255 7323 95436591 6203981490 4315467 0 562414 0 0 0
1791454811 187, 405, 38, 0x0000000000000000 | 6.40 4.94 4.82 | cpu  191175422 7323 95436787 6203995015 4315467 0 562415 0 0 0
1791454813 195, 405, 38, 0x0000000000000000 | 6.40 4.94 4.82 | cpu  191175588 7323 95436972 6204008539 4315474 0 562415 0 0 0
1791454814 195, 405, 38, 0x0000000000000000 | 6.40 4.94 4.82 | cpu  191175754 7323 95437159 6204022059 4315476 0 562416 0 0 0
1791454815 195, 405, 38, 0x0000000000000000 | 6.21 4.92 4.81 | cpu  191175916 7323 95437433 6204035472 4315483 0 562417 0 0 0
1791454816 195, 405, 38, 0x0000000000000000 | 6.21 4.92 4.81 | cpu  191176097 7323 95437728 6204048890 4315483 0 562417 0 0 0
1791454817 195, 405, 38, 0x0000000000000000 | 6.21 4.92 4.81 | cpu  191176355 7323 95438039 6204062236 4315483 0 562417 0 0 0
1791454818 195, 405, 38, 0x0000000000000000 | 6.21 4.92 4.81 | cpu  191176873 7323 95438574 6204075099 4315490 0 562418 0 0 0
1791454819 195, 405, 38, 0x0000000000000000 | 6.19 4.94 4.82 | cpu  191177058 7323 95438961 6204088446 4315500 0 562419 0 0 0
1791454820 195, 405, 38, 0x0000000000000000 | 6.19 4.94 4.82 | cpu  191177262 7323 95439335 6204101802 4315500 0 562419 0 0 0
1791454821 195, 405, 38, 0x0000000000000000 | 6.19 4.94 4.82 | cpu  191177480 7323 95439685 6204115098 4315508 0 562420 0 0 0
1791454822 195, 405, 38, 0x0000000000000000 | 6.19 4.94 4.82 | cpu  191177673 7323 95440057 6204128376 4315508 0 562421 0 0 0
1791454823 195, 405, 38, 0x0000000000000000 | 6.19 4.94 4.82 | cpu  191177865 7323 95440440 6204141689 4315515 0 562421 0 0 0
1791454825 195, 405, 38, 0x0000000000000000 | 6.10 4.94 4.82 | cpu  191178116 7323 95440805 6204154986 4315530 0 562422 0 0 0
1791454826 195, 405, 38, 0x0000000000000000 | 6.10 4.94 4.82 | cpu  191178326 7323 95441165 6204168292 4315530 0 562423 0 0 0
1791454827 195, 405, 38, 0x0000000000000000 | 6.10 4.94 4.82 | cpu  191178527 7323 95441532 6204181626 4315530 0 562423 0 0 0
1791454828 195, 405, 38, 0x0000000000000000 | 6.10 4.94 4.82 | cpu  191178724 7323 95441900 6204194896 4315536 0 562423 0 0 0
1791454829 195, 405, 38, 0x0000000000000000 | 6.10 4.94 4.82 | cpu  191178922 7323 95442279 6204208184 4315553 0 562424 0 0 0
1791454830 195, 405, 38, 0x0000000000000000 | 6.01 4.94 4.82 | cpu  191179120 7323 95442646 6204221505 4315553 0 562424 0 0 0
1791454831 195, 405, 38, 0x0000000000000000 | 6.01 4.94 4.82 | cpu  191179315 7323 95443017 6204234805 4315553 0 562424 0 0 0
1791454832 195, 405, 38, 0x0000000000000000 | 6.01 4.94 4.82 | cpu  191179538 7323 95443427 6204248048 4315559 0 562425 0 0 0
1791454833 195, 405, 38, 0x0000000000000000 | 6.01 4.94 4.82 | cpu  191179750 7323 95443796 6204261361 4315579 0 562425 0 0 0
1791454834 195, 405, 38, 0x0000000000000000 | 5.93 4.95 4.82 | cpu  191179937 7323 95444170 6204274677 4315596 0 562426 0 0 0
1791454835 195, 405, 38, 0x0000000000000000 | 5.93 4.95 4.82 | cpu  191180145 7323 95444543 6204288015 4315596 0 562426 0 0 0
1791454836 195, 405, 38, 0x0000000000000000 | 5.93 4.95 4.82 | cpu  191180477 7323 95444911 6204301199 4315596 0 562427 0 0 0
1791454838 195, 405, 38, 0x0000000000000000 | 5.93 4.95 4.82 | cpu  191180664 7323 95445292 6204314507 4315596 0 562427 0 0 0
1791454839 195, 405, 38, 0x0000000000000000 | 5.93 4.95 4.82 | cpu  191180852 7323 95445682 6204327830 4315603 0 562428 0 0 0
1791454840 195, 405, 38, 0x0000000000000000 | 5.85 4.95 4.82 | cpu  191181041 7323 95446092 6204341090 4315620 0 562428 0 0 0
1791454841 195, 405, 38, 0x0000000000000000 | 5.85 4.95 4.82 | cpu  191181240 7323 95446564 6204354347 4315620 0 562429 0 0 0
1791454842 195, 405, 38, 0x0000000000000000 | 5.85 4.95 4.82 | cpu  191181420 7323 95446949 6204367656 4315620 0 562429 0 0 0
1791454843 195, 405, 38, 0x0000000000000000 | 5.85 4.95 4.82 | cpu  191181617 7323 95447332 6204380970 4315620 0 562429 0 0 0
1791454844 195, 405, 38, 0x0000000000000000 | 5.86 4.96 4.83 | cpu  191181791 7323 95447713 6204394261 4315648 0 562429 0 0 0
1791454845 195, 405, 38, 0x0000000000000000 | 5.86 4.96 4.83 | cpu  191181973 7323 95448095 6204407560 4315649 0 562430 0 0 0
1791454846 195, 405, 38, 0x0000000000000000 | 5.86 4.96 4.83 | cpu  191182155 7323 95448480 6204420846 4315649 0 562430 0 0 0
1791454847 195, 405, 38, 0x0000000000000000 | 5.86 4.96 4.83 | cpu  191182356 7323 95448860 6204434163 4315649 0 562431 0 0 0
1791454848 195, 405, 38, 0x0000000000000000 | 5.86 4.96 4.83 | cpu  191182541 7323 95449240 6204447453 4315656 0 562431 0 0 0
1791454849 195, 405, 38, 0x0000000000000000 | 5.79 4.97 4.83 | cpu  191182719 7323 95449628 6204460741 4315670 0 562431 0 0 0
1791454851 195, 405, 38, 0x0000000000000000 | 5.79 4.97 4.83 | cpu  191182901 7323 95450021 6204474084 4315673 0 562432 0 0 0
1791454852 195, 405, 38, 0x0000000000000000 | 5.79 4.97 4.83 | cpu  191183086 7323 95450399 6204487377 4315673 0 562432 0 0 0
1791454853 195, 405, 38, 0x0000000000000000 | 5.79 4.97 4.83 | cpu  191183302 7323 95450782 6204500678 4315673 0 562433 0 0 0
1791454854 195, 405, 38, 0x0000000000000000 | 5.79 4.97 4.83 | cpu  191183492 7323 95451171 6204514072 4315696 0 562433 0 0 0
1791454855 195, 405, 38, 0x0000000000000000 | 5.73 4.97 4.83 | cpu  191183678 7323 95451556 6204527396 4315703 0 562434 0 0 0
1791454856 195, 405, 38, 0x0000000000000000 | 5.73 4.97 4.83 | cpu  191183863 7323 95451942 6204540722 4315703 0 562434 0 0 0
1791454857 195, 405, 38, 0x0000000000000000 | 5.73 4.97 4.83 | cpu  191184055 7323 95452318 6204554057 4315703 0 562435 0 0 0
1791454858 195, 405, 38, 0x0000000000000000 | 5.73 4.97 4.83 | cpu  191184237 7323 95452709 6204567384 4315703 0 562435 0 0 0
1791454859 195, 405, 38, 0x0000000000000000 | 5.67 4.97 4.83 | cpu  191184429 7323 95453094 6204580697 4315710 0 562436 0 0 0
1791454860 195, 405, 38, 0x0000000000000000 | 5.67 4.97 4.83 | cpu  191184620 7323 95453478 6204593995 4315713 0 562436 0 0 0
1791454861 195, 405, 38, 0x0000000000000000 | 5.67 4.97 4.83 | cpu  191184817 7323 95453871 6204607291 4315713 0 562437 0 0 0
1791454863 195, 405, 38, 0x0000000000000000 | 5.67 4.97 4.83 | cpu  191184975 7323 95454333 6204620567 4315722 0 562438 0 0 0
1791454864 195, 405, 38, 0x0000000000000000 | 5.67 4.97 4.83 | cpu  191185157 7323 95454742 6204633897 4315722 0 562439 0 0 0
1791454865 195, 405, 38, 0x0000000000000000 | 5.62 4.97 4.83 | cpu  191185337 7323 95455174 6204647226 4315722 0 562440 0 0 0
1791454866 195, 405, 38, 0x0000000000000000 | 5.62 4.97 4.83 | cpu  191185524 7323 95455611 6204660517 4315722 0 562441 0 0 0
1791454867 195, 405, 38, 0x0000000000000000 | 5.62 4.97 4.83 | cpu  191185703 7323 95456001 6204673845 4315722 0 562442 0 0 0
1791454868 195, 405, 38, 0x0000000000000000 | 5.62 4.97 4.83 | cpu  191185874 7323 95456401 6204687137 4315722 0 562443 0 0 0
1791454869 195, 405, 38, 0x0000000000000000 | 5.62 4.97 4.83 | cpu  191186044 7323 95456799 6204700437 4315731 0 562443 0 0 0
1791454870 195, 405, 38, 0x0000000000000000 | 5.57 4.97 4.84 | cpu  191186218 7323 95457194 6204713774 4315731 0 562444 0 0 0
1791454871 195, 405, 38, 0x0000000000000000 | 5.57 4.97 4.84 | cpu  191186391 7323 95457590 6204727105 4315734 0 562445 0 0 0
1791454872 195, 405, 38, 0x0000000000000000 | 5.57 4.97 4.84 | cpu  191186568 7323 95457982 6204740422 4315734 0 562445 0 0 0
1791454873 195, 405, 38, 0x0000000000000000 | 5.57 4.97 4.84 | cpu  191186732 7323 95458389 6204753735 4315734 0 562446 0 0 0
1791454874 195, 405, 38, 0x0000000000000000 | 5.52 4.97 4.84 | cpu  191186912 7323 95458779 6204767068 4315754 0 562446 0 0 0
1791454876 195, 405, 38, 0x0000000000000000 | 5.52 4.97 4.84 | cpu  191187096 7323 95459163 6204780388 4315757 0 562446 0 0 0
1791454877 195, 405, 38, 0x0000000000000000 | 5.52 4.97 4.84 | cpu  191187268 7323 95459557 6204793723 4315757 0 562447 0 0 0
1791454878 195, 405, 38, 0x0000000000000000 | 5.52 4.97 4.84 | cpu  191187448 7323 95459951 6204807035 4315757 0 562448 0 0 0
1791454879 195, 405, 38, 0x0000000000000000 | 5.52 4.97 4.84 | cpu  191187620 7323 95460354 6204820400 4315768 0 562449 0 0 0
1791454880 195, 405, 38, 0x0000000000000000 | 5.48 4.97 4.84 | cpu  191187787 7323 95460754 6204833733 4315791 0 562450 0 0 0
1791454881 195, 405, 38, 0x0000000000000000 | 5.48 4.97 4.84 | cpu  191187960 7323 95461151 6204847093 4315794 0 562450 0 0 0
1791454882 195, 405, 38, 0x0000000000000000 | 5.48 4.97 4.84 | cpu  191188128 7323 95461546 6204860413 4315794 0 562450 0 0 0
1791454883 195, 405, 38, 0x0000000000000000 | 5.48 4.97 4.84 | cpu  191188304 7323 95461941 6204873715 4315794 0 562451 0 0 0
1791454884 187, 405, 38, 0x0000000000000000 | 5.52 4.99 4.84 | cpu  191188482 7323 95462339 6204887044 4315815 0 562452 0 0 0
1791454885 195, 405, 38, 0x0000000000000000 | 5.52 4.99 4.84 | cpu  191188643 7323 95462731 6204900345 4315822 0 562452 0 0 0
1791454886 195, 405, 38, 0x0000000000000000 | 5.52 4.99 4.84 | cpu  191188819 7323 95463131 6204913666 4315825 0 562452 0 0 0
1791454888 195, 405, 38, 0x0000000000000000 | 5.52 4.99 4.84 | cpu  191189009 7323 95463527 6204926996 4315825 0 562452 0 0 0
1791454889 195, 405, 38, 0x0000000000000000 | 5.52 4.99 4.84 | cpu  191189189 7323 95463954 6204940278 4315825 0 562453 0 0 0
1791454890 195, 405, 38, 0x0000000000000000 | 5.56 5.01 4.85 | cpu  191189370 7323 95464351 6204953592 4315846 0 562453 0 0 0
1791454891 195, 405, 38, 0x0000000000000000 | 5.56 5.01 4.85 | cpu  191189542 7323 95464747 6204966867 4315856 0 562454 0 0 0
1791454892 195, 405, 38, 0x0000000000000000 | 5.56 5.01 4.85 | cpu  191189730 7323 95465168 6204980148 4315856 0 562455 0 0 0
1791454893 195, 405, 38, 0x0000000000000000 | 5.56 5.01 4.85 | cpu  191189927 7323 95465570 6204993396 4315866 0 562457 0 0 0
1791454894 195, 405, 38, 0x0000000000000000 | 5.56 5.01 4.85 | cpu  191190052 7323 95466034 6205006718 4315866 0 562457 0 0 0
1791454895 195, 405, 38, 0x0000000000000000 | 5.52 5.00 4.85 | cpu  191190149 7323 95466555 6205020397 4315866 0 562458 0 0 0
1791454896 195, 405, 38, 0x0000000000000000 | 5.52 5.00 4.85 | cpu  191190234 7323 95467064 6205034123 4315877 0 562459 0 0 0
1791454897 195, 405, 38, 0x0000000000000000 | 5.52 5.00 4.85 | cpu  191190337 7323 95467616 6205047827 4315877 0 562461 0 0 0
1791454898 195, 405, 38, 0x0000000000000000 | 5.52 5.00 4.85 | cpu  191190428 7323 95468187 6205061507 4315877 0 562461 0 0 0
1791454900 195, 405, 38, 0x0000000000000000 | 5.47 5.00 4.85 | cpu  191190514 7323 95468703 6205075219 4315891 0 562462 0 0 0
1791454901 195, 405, 38, 0x0000000000000000 | 5.47 5.00 4.85 | cpu  191190595 7323 95469212 6205088941 4315898 0 562462 0 0 0
