1791008833 2542, 14001, 47, 0x0000000000000000 | 1.18 1.14 1.10 | cpu  10108255 1188 2482510 252857337 208681 0 169522 0 0 0
1791008834 967, 7001, 46, 0x0000000000000000 | 1.17 1.14 1.10 | cpu  10108410 1188 2482551 252859810 208681 0 169522 0 0 0
1791008835 540, 7001, 45, 0x0000000000000000 | 1.17 1.14 1.10 | cpu  10108490 1188 2482586 252862237 208681 0 169522 0 0 0
1791008836 480, 7001, 45, 0x0000000000000000 | 1.17 1.14 1.10 | cpu  10108717 1188 2482631 252864517 208681 0 169522 0 0 0
1791008837 195, 810, 45, 0x0000000000000000 | 1.17 1.14 1.10 | cpu  10108786 1188 2482684 252866947 208681 0 169522 0 0 0
1791008838 195, 405, 45, 0x0000000000000000 | 1.17 1.14 1.10 | cpu  10108840 1188 2482705 252869433 208681 0 169524 0 0 0
1791008839 2542, 13801, 46, 0x0000000000000000 | 1.15 1.14 1.10 | cpu  10108962 1188 2482747 252871814 208681 0 169524 0 0 0
1791008840 2587, 13801, 46, 0x0000000000000000 | 1.15 1.14 1.10 | cpu  10109082 1188 2482770 252874208 208681 0 169524 0 0 0
1791008841 2587, 13801, 46, 0x0000000000000000 | 1.15 1.14 1.10 | cpu  10109212 1188 2482794 252876609 208681 0 169524 0 0 0
1791008843 2580, 13801, 46, 0x0000000000000000 | 1.15 1.14 1.10 | cpu  10109347 1188 2482814 252878991 208681 0 169524 0 0 0
1791008844 2587, 13801, 46, 0x0000000000000000 | 1.15 1.14 1.10 | cpu  10109473 1188 2482835 252881391 208683 0 169524 0 0 0
1791008845 2587, 13801, 46, 0x0000000000000000 | 1.14 1.13 1.09 | cpu  10109614 1188 2482863 252883762 208683 0 169524 0 0 0
1791008846 2587, 13801, 46, 0x0000000000000000 | 1.14 1.13 1.09 | cpu  10109739 1188 2482885 252886165 208683 0 169524 0 0 0
1791008847 2587, 13801, 45, 0x0000000000000000 | 1.14 1.13 1.09 | cpu  10109875 1188 2482905 252888554 208683 0 169524 0 0 0
1791008848 2572, 13801, 46, 0x0000000000000000 | 1.14 1.13 1.09 | cpu  10110000 1188 2482928 252890955 208683 0 169524 0 0 0
1791008849 2587, 13801, 45, 0x0000000000000000 | 1.13 1.13 1.09 | cpu  10110137 1188 2482947 252893334 208683 0 169524 0 0 0
1791008850 2587, 13801, 45, 0x0000000000000000 | 1.13 1.13 1.09 | cpu  10110263 1188 2482968 252895738 208687 0 169525 0 0 0
1791008851 2557, 13801, 45, 0x0000000000000000 | 1.13 1.13 1.09 | cpu  10110400 1188 2482988 252898124 208687 0 169525 0 0 0
1791008852 2587, 13801, 45, 0x0000000000000000 | 1.13 1.13 1.09 | cpu  10110521 1188 2483012 252900533 208687 0 169525 0 0 0
1791008853 2580, 13801, 45, 0x0000000000000000 | 1.13 1.13 1.09 | cpu  10110655 1188 2483036 252902913 208687 0 169526 0 0 0
1791008854 2542, 13801, 45, 0x0000000000000000 | 1.12 1.13 1.09 | cpu  10110739 1188 2483088 252905315 208687 0 169527 0 0 0
1791008855 2587, 13801, 45, 0x0000000000000000 | 1.12 1.13 1.09 | cpu  10110776 1188 2483162 252907742 208688 0 169527 0 0 0
1791008856 2542, 13801, 45, 0x0000000000000000 | 1.12 1.13 1.09 | cpu  10110777 1188 2483273 252910166 208688 0 169527 0 0 0
1791008857 2542, 13801, 45, 0x0000000000000000 | 1.12 1.13 1.09 | cpu  10110796 1188 2483367 252912596 208688 0 169527 0 0 0
1791008858 2557, 13801, 45, 0x0000000000000000 | 1.12 1.13 1.09 | cpu  10110864 1188 2483411 252915028 208688 0 169528 0 0 0
1791008859 2565, 13801, 44, 0x0000000000000000 | 1.11 1.13 1.09 | cpu  10110926 1188 2483460 252917458 208688 0 169528 0 0 0
1791008861 2557, 13801, 44, 0x0000000000000000 | 1.11 1.13 1.09 | cpu  10110992 1188 2483507 252919893 208688 0 169528 0 0 0
1791008862 2557, 13801, 44, 0x0000000000000000 | 1.11 1.13 1.09 | cpu  10111055 1188 2483555 252922320 208690 0 169528 0 0 0
1791008863 2580, 13801, 44, 0x0000000000000000 | 1.11 1.13 1.09 | cpu  10111119 1188 2483602 252924744 208690 0 169528 0 0 0
1791008864 2542, 13801, 44, 0x0000000000000000 | 1.11 1.13 1.09 | cpu  10111223 1188 2483611 252927174 208690 0 169529 0 0 0
1791008865 2542, 13801, 44, 0x0000000000000000 | 1.10 1.12 1.09 | cpu  10111840 1188 2483627 252929088 208690 0 169530 0 0 0
1791008866 2542, 13801, 44, 0x0000000000000000 | 1.10 1.12 1.09 | cpu  10112611 1188 2483633 252930850 208690 0 169530 0 0 0
1791008867 2542, 13801, 44, 0x0000000000000000 | 1.10 1.12 1.09 | cpu  10112655 1188 2483700 252933279 208690 0 169530 0 0 0
1791008868 2542, 13801, 44, 0x0000000000000000 | 1.10 1.12 1.09 | cpu  10112699 1188 2483769 252935703 208691 0 169530 0 0 0
1791008869 2542, 13801, 44, 0x0000000000000000 | 1.09 1.12 1.09 | cpu  10112746 1188 2483835 252938131 208691 0 169530 0 0 0
1791008870 2542, 13801, 44, 0x0000000000000000 | 1.09 1.12 1.09 | cpu  10112792 1188 2483901 252940562 208691 0 169530 0 0 0
1791008871 2542, 13801, 43, 0x0000000000000000 | 1.09 1.12 1.09 | cpu  10112835 1188 2483969 252942992 208691 0 169530 0 0 0
1791008872 2542, 13801, 43, 0x0000000000000000 | 1.09 1.12 1.09 | cpu  10112881 1188 2484037 252945416 208691 0 169530 0 0 0
1791008873 2542, 13801, 43, 0x0000000000000000 | 1.09 1.12 1.09 | cpu  10112922 1188 2484107 252947842 208692 0 169530 0 0 0
1791008874 2542, 13801, 43, 0x0000000000000000 | 1.08 1.12 1.09 | cpu  10112964 1188 2484177 252950270 208692 0 169530 0 0 0
1791008875 2542, 13801, 43, 0x0000000000000000 | 1.08 1.12 1.09 | cpu  10113012 1188 2484240 252952697 208692 0 169530 0 0 0
1791008876 2542, 13801, 43, 0x0000000000000000 | 1.08 1.12 1.09 | cpu  10113059 1188 2484311 252955123 208692 0 169530 0 0 0
1791008877 2542, 13801, 43, 0x0000000000000000 | 1.08 1.12 1.09 | cpu  10113101 1188 2484380 252957550 208694 0 169530 0 0 0
1791008879 2542, 13801, 43, 0x0000000000000000 | 1.08 1.12 1.09 | cpu  10113147 1188 2484445 252959977 208694 0 169530 0 0 0
1791008880 2542, 13801, 43, 0x0000000000000000 | 1.08 1.12 1.09 | cpu  10113191 1188 2484515 252962404 208696 0 169530 0 0 0
1791008881 2542, 13801, 43, 0x0000000000000000 | 1.08 1.12 1.09 | cpu  10113232 1188 2484585 252964835 208696 0 169530 0 0 0
1791008882 2542, 13801, 43, 0x0000000000000000 | 1.08 1.12 1.09 | cpu  10113278 1188 2484653 252967260 208696 0 169530 0 0 0
1791008883 2542, 13801, 43, 0x0000000000000000 | 1.08 1.12 1.09 | cpu  10113328 1188 2484714 252969689 208696 0 169530 0 0 0
1791008884 2542, 13801, 43, 0x0000000000000000 | 1.15 1.13 1.09 | cpu  10113371 1188 2484784 252972117 208696 0 169530 0 0 0
1791008885 2542, 13801, 43, 0x0000000000000000 | 1.15 1.13 1.09 | cpu  10113418 1188 2484848 252974544 208696 0 169530 0 0 0
1791008886 2542, 13801, 42, 0x0000000000000000 | 1.15 1.13 1.09 | cpu  10113464 1188 2484915 252976972 208697 0 169530 0 0 0
1791008887 2542, 13801, 42, 0x0000000000000000 | 1.15 1.13 1.09 | cpu  10113514 1188 2484987 252979391 208697 0 169530 0 0 0
1791008888 2542, 13801, 42, 0x0000000000000000 | 1.15 1.13 1.09 | cpu  10113562 1188 2485106 252981764 208697 0 169531 0 0 0
1791008889 2542, 13801, 42, 0x0000000000000000 | 1.14 1.13 1.09 | cpu  10113609 1188 2485194 252984168 208697 0 169531 0 0 0
1791008890 2542, 13801, 42, 0x0000000000000000 | 1.14 1.13 1.09 | cpu  10113666 1188 2485251 252986598 208697 0 169531 0 0 0
1791008891 2542, 13801, 42, 0x0000000000000000 | 1.14 1.13 1.09 | cpu  10113722 1188 2485311 252989023 208697 0 169532 0 0 0
1791008892 2542, 13801, 42, 0x0000000000000000 | 1.14 1.13 1.09 | cpu  10113770 1188 2485375 252991450 208697 0 169532 0 0 0
1791008893 2542, 13801, 42, 0x0000000000000000 | 1.14 1.13 1.09 | cpu  10113814 1188 2485442 252993881 208697 0 169532 0 0 0
1791008894 2542, 13801, 42, 0x0000000000000000 | 1.13 1.13 1.09 | cpu  10113857 1188 2485511 252996310 208697 0 169532 0 0 0
1791008895 2542, 13801, 42, 0x0000000000000000 | 1.13 1.13 1.09 | cpu  10113906 1188 2485574 252998743 208697 0 169532 0 0 0
1791008897 2542, 13801, 42, 0x0000000000000000 | 1.13 1.13 1.09 | cpu  10113948 1188 2485643 253001171 208698 0 169532 0 0 0
1791008898 2542, 13801, 42, 0x0000000000000000 | 1.13 1.13 1.09 | cpu  10113993 1188 2485709 253003593 208698 0 169532 0 0 0
1791008899 2542, 13801, 42, 0x0000000000000000 | 1.13 1.13 1.09 | cpu  10114040 1188 2485778 253006023 208698 0 169532 0 0 0
1791008900 2542, 13801, 42, 0x0000000000000000 | 1.12 1.12 1.09 | cpu  10114084 1188 2485847 253008454 208698 0 169532 0 0 0
1791008901 2542, 13801, 42, 0x0000000000000000 | 1.12 1.12 1.09 | cpu  10114126 1188 2485916 253010879 208699 0 169532 0 0 0
1791008902 2542, 13801, 42, 0x0000000000000000 | 1.12 1.12 1.09 | cpu  10114174 1188 2485985 253013308 208700 0 169532 0 0 0
1791008903 2542, 13801, 42, 0x0000000000000000 | 1.12 1.12 1.09 | cpu  10114221 1188 2486049 253015739 208700 0 169532 0 0 0
1791008904 2542, 13801, 41, 0x0000000000000000 | 1.27 1.16 1.10 | cpu  10114268 1188 2486120 253018159 208700 0 169532 0 0 0
1791008905 2542, 13801, 41, 0x0000000000000000 | 1.27 1.16 1.10 | cpu  10114316 1188 2486204 253020567 208700 0 169534 0 0 0
1791008906 2542, 13801, 41, 0x0000000000000000 | 1.27 1.16 1.10 | cpu  10114365 1188 2486301 253022968 208700 0 169534 0 0 0
1791008907 2542, 13801, 41, 0x0000000000000000 | 1.27 1.16 1.10 | cpu  10114408 1188 2486370 253025395 208704 0 169534 0 0 0
1791008908 2542, 13801, 41, 0x0000000000000000 | 1.27 1.16 1.10 | cpu  10114450 1188 2486440 253027821 208704 0 169534 0 0 0
1791008909 2542, 13801, 41, 0x0000000000000000 | 1.25 1.15 1.10 | cpu  10114493 1188 2486508 253030246 208704 0 169534 0 0 0
1791008910 2542, 13801, 41, 0x0000000000000000 | 1.25 1.15 1.10 | cpu  10114545 1188 2486574 253032672 208704 0 169534 0 0 0
1791008911 2542, 13801, 41, 0x0000000000000000 | 1.25 1.15 1.10 | cpu  10114589 1188 2486642 253035101 208704 0 169534 0 0 0
1791008912 2542, 13801, 41, 0x0000000000000000 | 1.25 1.15 1.10 | cpu  10114633 1188 2486712 253037527 208704 0 169534 0 0 0
1791008913 2542, 13801, 41, 0x0000000000000000 | 1.25 1.15 1.10 | cpu  10114679 1188 2486777 253039958 208704 0 169534 0 0 0
1791008915 2542, 13801, 41, 0x0000000000000000 | 1.23 1.15 1.10 | cpu  10114726 1188 2486848 253042384 208704 0 169534 0 0 0
1791008916 2542, 13801, 41, 0x0000000000000000 | 1.23 1.15 1.10 | cpu  10114774 1188 2486911 253044813 208704 0 169534 0 0 0
1791008917 2542, 13801, 41, 0x0000000000000000 | 1.23 1.15 1.10 | cpu  10114828 1188 2486969 253047242 208704 0 169534 0 0 0
1791008918 2542, 13801, 41, 0x0000000000000000 | 1.23 1.15 1.10 | cpu  10114884 1188 2487026 253049668 208705 0 169534 0 0 0
1791008919 2887, 13801, 45, 0x0000000000000000 | 1.23 1.15 1.10 | cpu  10114978 1188 2487043 253052104 208705 0 169534 0 0 0
1791008920 2872, 13801, 45, 0x0000000000000000 | 1.21 1.15 1.10 | cpu  10115088 1188 2487052 253054531 208705 0 169534 0 0 0
1791008921 2880, 13801, 46, 0x0000000000000000 | 1.21 1.15 1.10 | cpu  10115195 1188 2487058 253056964 208705 0 169534 0 0 0
1791008922 2880, 13801, 46, 0x0000000000000000 | 1.21 1.15 1.10 | cpu  10115314 1188 2487128 253059325 208705 0 169536 0 0 0
1791008923 2880, 13801, 45, 0x0000000000000000 | 1.21 1.15 1.10 | cpu  10115414 1188 2487149 253061746 208705 0 169536 0 0 0
1791008924 2880, 13801, 46, 0x0000000000000000 | 1.19 1.14 1.10 | cpu  10115521 1188 2487165 253064168 208705 0 169537 0 0 0
1791008925 2880, 13801, 46, 0x0000000000000000 | 1.19 1.14 1.10 | cpu  10115628 1188 2487180 253066599 208706 0 169537 0 0 0
1791008926 2865, 13801, 49, 0x0000000000000000 | 1.19 1.14 1.10 | cpu  10115736 1188 2487193 253069026 208706 0 169537 0 0 0
1791008927 2865, 13801, 50, 0x0000000000000000 | 1.19 1.14 1.10 | cpu  10115844 1188 2487208 253071456 208706 0 169537 0 0 0
1791008928 2872, 13801, 47, 0x0000000000000000 | 1.19 1.14 1.10 | cpu  10115952 1188 2487223 253073882 208708 0 169538 0 0 0
1791008929 2880, 13801, 46, 0x0000000000000000 | 1.26 1.16 1.10 | cpu  10116059 1188 2487236 253076310 208708 0 169538 0 0 0
1791008930 2872, 13801, 48, 0x0000000000000000 | 1.26 1.16 1.10 | cpu  10116167 1188 2487251 253078734 208708 0 169538 0 0 0
1791008932 2872, 13801, 47, 0x0000000000000000 | 1.26 1.16 1.10 | cpu  10116276 1188 2487265 253081164 208708 0 169538 0 0 0
1791008933 2880, 13801, 47, 0x0000000000000000 | 1.26 1.16 1.10 | cpu  10116383 1188 2487278 253083587 208708 0 169538 0 0 0
1791008934 2865, 13801, 50, 0x0000000000000000 | 1.26 1.16 1.10 | cpu  10116494 1188 2487294 253086012 208708 0 169539 0 0 0
1791008935 2872, 13801, 48, 0x0000000000000000 | 1.24 1.16 1.10 | cpu  10116602 1188 2487310 253088439 208708 0 169539 0 0 0
1791008936 2872, 13801, 48, 0x0000000000000000 | 1.24 1.16 1.10 | cpu  10116715 1188 2487328 253090858 208708 0 169541 0 0 0
1791008937 2880, 13801, 48, 0x0000000000000000 | 1.24 1.16 1.10 | cpu  10116824 1188 2487343 253093282 208708 0 169542 0 0 0
1791008938 2880, 13801, 47, 0x0000000000000000 | 1.24 1.16 1.10 | cpu  10116938 1188 2487403 253095659 208708 0 169542 0 0 0
1791008939 2865, 13801, 50, 0x0000000000000000 | 1.22 1.15 1.10 | cpu  10117048 1188 2487420 253098074 208708 0 169543 0 0 0
1791008940 2872, 13801, 50, 0x0000000000000000 | 1.22 1.15 1.10 | cpu  10117156 1188 2487435 253100503 208708 0 169543 0 0 0
1791008941 2880, 13801, 47, 0x0000000000000000 | 1.22 1.15 1.10 | cpu  10117264 1188 2487450 253102932 208709 0 169543 0 0 0
1791008942 2872, 13801, 50, 0x0000000000000000 | 1.22 1.15 1.10 | cpu  10117372 1188 2487464 253105357 208709 0 169543 0 0 0
1791008943 2865, 13801, 52, 0x0000000000000000 | 1.22 1.15 1.10 | cpu  10117480 1188 2487479 253107792 208709 0 169543 0 0 0
1791008944 2887, 13801, 48, 0x0000000000000000 | 1.20 1.15 1.10 | cpu  10117591 1188 2487494 253110210 208709 0 169544 0 0 0
1791008945 2865, 13801, 51, 0x0000000000000000 | 1.20 1.15 1.10 | cpu  10117699 1188 2487508 253112645 208709 0 169544 0 0 0
1791008946 2872, 13801, 51, 0x0000000000000000 | 1.20 1.15 1.10 | cpu  10117808 1188 2487520 253115075 208711 0 169544 0 0 0
1791008947 2880, 13801, 48, 0x0000000000000000 | 1.20 1.15 1.10 | cpu  10117916 1188 2487535 253117499 208711 0 169544 0 0 0
1791008949 2872, 13801, 49, 0x0000000000000000 | 1.20 1.15 1.10 | cpu  10118024 1188 2487549 253119925 208711 0 169544 0 0 0
1791008950 2880, 13801, 48, 0x0000000000000000 | 1.18 1.15 1.10 | cpu  10118133 1188 2487563 253122354 208711 0 169544 0 0 0
1791008951 2880, 13801, 49, 0x0000000000000000 | 1.18 1.15 1.10 | cpu  10118243 1188 2487578 253124776 208711 0 169544 0 0 0
1791008952 2880, 13801, 50, 0x0000000000000000 | 1.18 1.15 1.10 | cpu  10118357 1188 2487600 253127207 208714 0 169545 0 0 0
1791008953 2880, 13801, 49, 0x0000000000000000 | 1.18 1.15 1.10 | cpu  10118470 1188 2487669 253129568 208714 0 169545 0 0 0
1791008954 2865, 13801, 51, 0x0000000000000000 | 1.25 1.16 1.10 | cpu  10118585 1188 2487733 253131936 208714 0 169547 0 0 0
1791008955 2880, 13801, 49, 0x0000000000000000 | 1.25 1.16 1.10 | cpu  10118693 1188 2487748 253134353 208714 0 169547 0 0 0
1791008956 2880, 13801, 48, 0x0000000000000000 | 1.25 1.16 1.10 | cpu  10118804 1188 2487762 253136779 208714 0 169548 0 0 0
1791008957 2872, 13801, 51, 0x0000000000000000 | 1.25 1.16 1.10 | cpu  10118921 1188 2487783 253139185 208715 0 169549 0 0 0
1791008958 2872, 13801, 49, 0x0000000000000000 | 1.25 1.16 1.10 | cpu  10119029 1188 2487798 253141610 208715 0 169549 0 0 0
1791008959 2865, 13801, 53, 0x0000000000000000 | 1.23 1.16 1.10 | cpu  10119138 1188 2487814 253144041 208715 0 169550 0 0 0
1791008960 2880, 13801, 49, 0x0000000000000000 | 1.23 1.16 1.10 | cpu  10119245 1188 2487827 253146467 208715 0 169550 0 0 0
1791008961 2880, 13801, 48, 0x0000000000000000 | 1.23 1.16 1.10 | cpu  10119354 1188 2487841 253148898 208715 0 169550 0 0 0
1791008962 2872, 13801, 50, 0x0000000000000000 | 1.23 1.16 1.10 | cpu  10119463 1188 2487854 253151326 208715 0 169551 0 0 0
1791008963 2872, 13801, 50, 0x0000000000000000 | 1.23 1.16 1.10 | cpu  10119571 1188 2487868 253153753 208717 0 169551 0 0 0
1791008964 2872, 13801, 52, 0x0000000000000000 | 1.21 1.16 1.10 | cpu  10119682 1188 2487884 253156171 208717 0 169552 0 0 0
1791008966 2872, 13801, 51, 0x0000000000000000 | 1.21 1.16 1.10 | cpu  10119790 1188 2487899 253158597 208717 0 169552 0 0 0
1791008967 2857, 13801, 52, 0x0000000000000000 | 1.21 1.16 1.10 | cpu  10119897 1188 2487912 253161025 208717 0 169552 0 0 0
1791008968 2872, 13801, 50, 0x0000000000000000 | 1.21 1.16 1.10 | cpu  10120008 1188 2487930 253163452 208717 0 169552 0 0 0
1791008969 2857, 13801, 53, 0x0000000000000000 | 1.21 1.16 1.10 | cpu  10120115 1188 2487943 253165881 208717 0 169552 0 0 0
1791008970 2872, 13801, 52, 0x0000000000000000 | 1.19 1.15 1.10 | cpu  10120223 1188 2487958 253168303 208717 0 169552 0 0 0
1791008971 2865, 13801, 51, 0x0000000000000000 | 1.19 1.15 1.10 | cpu  10120332 1188 2487972 253170727 208717 0 169552 0 0 0
1791008972 2880, 13801, 49, 0x0000000000000000 | 1.19 1.15 1.10 | cpu  10120439 1188 2487985 253173153 208717 0 169552 0 0 0
1791008973 2872, 13801, 51, 0x0000000000000000 | 1.19 1.15 1.10 | cpu  10120547 1188 2487998 253175579 208717 0 169552 0 0 0
1791008974 2872, 13801, 51, 0x0000000000000000 | 1.18 1.15 1.10 | cpu  10120655 1188 2488013 253178004 208717 0 169553 0 0 0
1791008975 2880, 13801, 49, 0x0000000000000000 | 1.18 1.15 1.10 | cpu  10120766 1188 2488029 253180432 208717 0 169553 0 0 0
1791008976 2872, 13801, 52, 0x0000000000000000 | 1.18 1.15 1.10 | cpu  10120885 1188 2488070 253182814 208720 0 169553 0 0 0
1791008977 2880, 13801, 51, 0x0000000000000000 | 1.18 1.15 1.10 | cpu  10120995 1188 2488084 253185232 208720 0 169553 0 0 0
1791008978 2872, 13801, 51, 0x0000000000000000 | 1.18 1.15 1.10 | cpu  10121104 1188 2488097 253187660 208720 0 169553 0 0 0
1791008979 2872, 13801, 52, 0x0000000000000000 | 1.24 1.16 1.10 | cpu  10121219 1188 2488125 253190064 208720 0 169553 0 0 0
1791008980 2872, 13801, 52, 0x0000000000000000 | 1.24 1.16 1.10 | cpu  10121327 1188 2488140 253192498 208720 0 169553 0 0 0
1791008981 2857, 13801, 54, 0x0000000000000000 | 1.24 1.16 1.10 | cpu  10121436 1188 2488153 253194923 208723 0 169553 0 0 0
1791008983 2865, 13801, 53, 0x0000000000000000 | 1.24 1.16 1.10 | cpu  10121544 1188 2488167 253197348 208723 0 169553 0 0 0
1791008984 2857, 13801, 54, 0x0000000000000000 | 1.24 1.16 1.10 | cpu  10121654 1188 2488182 253199766 208724 0 169553 0 0 0
1791008985 2872, 13801, 53, 0x0000000000000000 | 1.22 1.16 1.10 | cpu  10121762 1188 2488199 253202194 208724 0 169553 0 0 0
1791008986 2872, 13801, 52, 0x0000000000000000 | 1.22 1.16 1.10 | cpu  10121880 1188 2488261 253204567 208724 0 169553 0 0 0
1791008987 2857, 13801, 56, 0x0000000000000000 | 1.22 1.16 1.10 | cpu  10121988 1188 2488273 253206998 208724 0 169553 0 0 0
1791008988 2850, 13801, 53, 0x0000000000000000 | 1.22 1.16 1.10 | cpu  10122098 1188 2488288 253209423 208724 0 169553 0 0 0
1791008989 2865, 13801, 53, 0x0000000000000000 | 1.21 1.16 1.10 | cpu  10122207 1188 2488305 253211842 208724 0 169554 0 0 0
1791008990 2872, 13801, 52, 0x0000000000000000 | 1.21 1.16 1.10 | cpu  10122318 1188 2488321 253214263 208724 0 169555 0 0 0
1791008991 2880, 13801, 54, 0x0000000000000000 | 1.21 1.16 1.10 | cpu  10122426 1188 2488336 253216692 208724 0 169555 0 0 0
1791008992 2850, 13801, 54, 0x0000000000000000 | 1.21 1.16 1.10 | cpu  10122535 1188 2488351 253219119 208724 0 169556 0 0 0
1791008993 2850, 13801, 55, 0x0000000000000000 | 1.21 1.16 1.10 | cpu  10122642 1188 2488364 253221551 208724 0 169556 0 0 0
1791008994 2857, 13801, 56, 0x0000000000000000 | 1.19 1.16 1.10 | cpu  10122751 1188 2488379 253223979 208725 0 169556 0 0 0
1791008995 2857, 13801, 54, 0x0000000000000000 | 1.19 1.16 1.10 | cpu  10122859 1188 2488393 253226401 208725 0 169557 0 0 0
1791008996 2865, 13801, 55, 0x0000000000000000 | 1.19 1.16 1.10 | cpu  10122967 1188 2488407 253228829 208725 0 169557 0 0 0
1791008997 2872, 13801, 53, 0x0000000000000000 | 1.19 1.16 1.10 | cpu  10123075 1188 2488421 253231261 208725 0 169557 0 0 0
1791008998 2857, 13801, 55, 0x0000000000000000 | 1.19 1.16 1.10 | cpu  10123188 1188 2488447 253233679 208725 0 169557 0 0 0
1791009000 2857, 13801, 53, 0x0000000000000000 | 1.17 1.15 1.10 | cpu  10123297 1188 2488461 253236102 208725 0 169557 0 0 0
1791009001 2865, 13801, 54, 0x0000000000000000 | 1.17 1.15 1.10 | cpu  10123407 1188 2488477 253238528 208726 0 169557 0 0 0
1791009002 2850, 13801, 56, 0x0000000000000000 | 1.17 1.15 1.10 | cpu  10123551 1188 2488571 253240827 208726 0 169557 0 0 0
1791009003 2857, 13801, 56, 0x0000000000000000 | 1.17 1.15 1.10 | cpu  10123666 1188 2488591 253243239 208726 0 169557 0 0 0
1791009004 2880, 13801, 52, 0x0000000000000000 | 1.17 1.15 1.10 | cpu  10123774 1188 2488606 253245660 208726 0 169557 0 0 0
1791009005 2865, 13801, 54, 0x0000000000000000 | 1.16 1.15 1.10 | cpu  10123882 1188 2488620 253248087 208728 0 169557 0 0 0
1791009006 2865, 13801, 54, 0x0000000000000000 | 1.16 1.15 1.10 | cpu  10123990 1188 2488633 253250515 208728 0 169557 0 0 0
1791009007 2865, 13801, 54, 0x0000000000000000 | 1.16 1.15 1.10 | cpu  10124098 1188 2488648 253252935 208728 0 169557 0 0 0
1791009008 2857, 13801, 55, 0x0000000000000000 | 1.16 1.15 1.10 | cpu  10124206 1188 2488663 253255363 208729 0 169557 0 0 0
1791009009 2865, 13801, 54, 0x0000000000000000 | 1.15 1.15 1.10 | cpu  10124315 1188 2488677 253257794 208729 0 169557 0 0 0
1791009010 2872, 13801, 53, 0x0000000000000000 | 1.15 1.15 1.10 | cpu  10124423 1188 2488691 253260218 208729 0 169557 0 0 0
1791009011 2880, 13801, 53, 0x0000000000000000 | 1.15 1.15 1.10 | cpu  10124531 1188 2488706 253262649 208729 0 169557 0 0 0
1791009012 2865, 13801, 54, 0x0000000000000000 | 1.15 1.15 1.10 | cpu  10124639 1188 2488718 253265076 208729 0 169557 0 0 0
1791009013 2857, 13801, 56, 0x0000000000000000 | 1.15 1.15 1.10 | cpu  10124753 1188 2488736 253267493 208729 0 169558 0 0 0
1791009014 2850, 13801, 56, 0x0000000000000000 | 1.13 1.14 1.10 | cpu  10124866 1188 2488756 253269901 208729 0 169560 0 0 0
1791009015 2872, 13801, 54, 0x0000000000000000 | 1.13 1.14 1.10 | cpu  10124979 1188 2488823 253272263 208729 0 169560 0 0 0
1791009017 2865, 13801, 54, 0x0000000000000000 | 1.13 1.14 1.10 | cpu  10125088 1188 2488837 253274686 208732 0 169560 0 0 0
1791009018 2872, 13801, 53, 0x0000000000000000 | 1.13 1.14 1.10 | cpu  10125196 1188 2488851 253277110 208732 0 169561 0 0 0
1791009019 2865, 13801, 55, 0x0000000000000000 | 1.13 1.14 1.10 | cpu  10125304 1188 2488866 253279534 208733 0 169561 0 0 0
1791009020 2850, 13801, 57, 0x0000000000000000 | 1.12 1.14 1.10 | cpu  10125412 1188 2488879 253281966 208733 0 169561 0 0 0
1791009021 2865, 13801, 54, 0x0000000000000000 | 1.12 1.14 1.10 | cpu  10125520 1188 2488893 253284391 208734 0 169561 0 0 0
1791009022 2865, 13801, 55, 0x0000000000000000 | 1.12 1.14 1.10 | cpu  10125628 1188 2488907 253286817 208734 0 169562 0 0 0
1791009023 2857, 13801, 56, 0x0000000000000000 | 1.12 1.14 1.10 | cpu  10125738 1188 2488924 253289238 208734 0 169563 0 0 0
1791009024 2850, 13801, 57, 0x0000000000000000 | 1.11 1.14 1.10 | cpu  10125849 1188 2488940 253291661 208734 0 169563 0 0 0
1791009025 2865, 13801, 53, 0x0000000000000000 | 1.11 1.14 1.10 | cpu  10125956 1188 2488955 253294080 208734 0 169563 0 0 0
1791009026 2872, 13801, 54, 0x0000000000000000 | 1.11 1.14 1.10 | cpu  10126064 1188 2488969 253296507 208734 0 169563 0 0 0
1791009027 2857, 13801, 57, 0x0000000000000000 | 1.11 1.14 1.10 | cpu  10126174 1188 2488984 253298927 208736 0 169563 0 0 0
1791009028 2865, 13801, 56, 0x0000000000000000 | 1.11 1.14 1.10 | cpu  10126282 1188 2488998 253301356 208736 0 169563 0 0 0
1791009029 2857, 13801, 56, 0x0000000000000000 | 1.10 1.14 1.10 | cpu  10126390 1188 2489013 253303779 208736 0 169563 0 0 0
1791009030 2865, 13801, 55, 0x0000000000000000 | 1.10 1.14 1.10 | cpu  10126498 1188 2489024 253306205 208736 0 169564 0 0 0
1791009031 2865, 13801, 55, 0x0000000000000000 | 1.10 1.14 1.10 | cpu  10126607 1188 2489038 253308631 208736 0 169564 0 0 0
1791009032 2865, 13801, 56, 0x0000000000000000 | 1.10 1.14 1.10 | cpu  10126715 1188 2489053 253311057 208737 0 169564 0 0 0
1791009034 2865, 13801, 56, 0x0000000000000000 | 1.10 1.14 1.10 | cpu  10126824 1188 2489068 253313480 208737 0 169564 0 0 0
1791009035 2872, 13801, 54, 0x0000000000000000 | 1.10 1.13 1.09 | cpu  10126932 1188 2489081 253315902 208737 0 169564 0 0 0
1791009036 2865, 13801, 56, 0x0000000000000000 | 1.10 1.13 1.09 | cpu  10127043 1188 2489097 253318322 208737 0 169564 0 0 0
1791009037 2857, 13801, 56, 0x0000000000000000 | 1.10 1.13 1.09 | cpu  10127154 1188 2489112 253320756 208738 0 169564 0 0 0
1791009038 2865, 13801, 56, 0x0000000000000000 | 1.10 1.13 1.09 | cpu  10127261 1188 2489125 253323180 208738 0 169564 0 0 0
1791009039 2865, 13801, 55, 0x0000000000000000 | 1.25 1.17 1.10 | cpu  10127371 1188 2489142 253325611 208738 0 169564 0 0 0
1791009040 2857, 13801, 57, 0x0000000000000000 | 1.25 1.17 1.10 | cpu  10127479 1188 2489156 253328037 208738 0 169564 0 0 0
1791009041 2857, 13801, 58, 0x0000000000000000 | 1.25 1.17 1.10 | cpu  10127588 1188 2489171 253330471 208739 0 169565 0 0 0
1791009042 2857, 13801, 59, 0x0000000000000000 | 1.25 1.17 1.10 | cpu  10127696 1188 2489186 253332893 208739 0 169565 0 0 0
1791009043 2872, 13801, 55, 0x0000000000000000 | 1.25 1.17 1.10 | cpu  10127804 1188 2489200 253335324 208739 0 169565 0 0 0
1791009044 2865, 13801, 56, 0x0000000000000000 | 1.23 1.16 1.10 | cpu  10127913 1188 2489214 253337751 208739 0 169565 0 0 0
1791009045 2865, 13801, 55, 0x0000000000000000 | 1.23 1.16 1.10 | cpu  10128021 1188 2489228 253340179 208739 0 169565 0 0 0
1791009046 2857, 13801, 57, 0x0000000000000000 | 1.23 1.16 1.10 | cpu  10128130 1188 2489242 253342611 208739 0 169565 0 0 0
1791009047 2865, 13801, 56, 0x0000000000000000 | 1.23 1.16 1.10 | cpu  10128239 1188 2489260 253345029 208739 0 169566 0 0 0
1791009048 2872, 13801, 56, 0x0000000000000000 | 1.23 1.16 1.10 | cpu  10128347 1188 2489275 253347450 208740 0 169566 0 0 0
1791009049 2857, 13801, 57, 0x0000000000000000 | 1.21 1.16 1.10 | cpu  10128455 1188 2489291 253349882 208740 0 169566 0 0 0
1791009051 2857, 13801, 56, 0x0000000000000000 | 1.21 1.16 1.10 | cpu  10128564 1188 2489306 253352309 208740 0 169566 0 0 0
1791009052 2857, 13801, 57, 0x0000000000000000 | 1.21 1.16 1.10 | cpu  10128673 1188 2489321 253354743 208740 0 169566 0 0 0
1791009053 2865, 13801, 57, 0x0000000000000000 | 1.21 1.16 1.10 | cpu  10128781 1188 2489336 253357174 208742 0 169567 0 0 0
1791009054 2857, 13801, 59, 0x0000000000000000 | 1.21 1.16 1.10 | cpu  10128890 1188 2489351 253359605 208743 0 169567 0 0 0
1791009055 2865, 13801, 56, 0x0000000000000000 | 1.19 1.16 1.10 | cpu  10129001 1188 2489366 253362029 208743 0 169567 0 0 0
1791009056 2857, 13801, 57, 0x0000000000000000 | 1.19 1.16 1.10 | cpu  10129109 1188 2489382 253364456 208743 0 169567 0 0 0
1791009057 2865, 13801, 57, 0x0000000000000000 | 1.19 1.16 1.10 | cpu  10129217 1188 2489394 253366883 208743 0 169567 0 0 0
1791009058 2865, 13801, 56, 0x0000000000000000 | 1.19 1.16 1.10 | cpu  10129325 1188 2489410 253369310 208743 0 169567 0 0 0
1791009059 2865, 13801, 56, 0x0000000000000000 | 1.18 1.15 1.10 | cpu  10129435 1188 2489427 253371731 208744 0 169567 0 0 0
1791009060 2865, 13801, 57, 0x0000000000000000 | 1.18 1.15 1.10 | cpu  10129543 1188 2489440 253374158 208744 0 169568 0 0 0
1791009061 2872, 13801, 55, 0x0000000000000000 | 1.18 1.15 1.10 | cpu  10129653 1188 2489457 253376591 208744 0 169568 0 0 0
1791009062 2857, 13801, 59, 0x0000000000000000 | 1.18 1.15 1.10 | cpu  10129763 1188 2489472 253379009 208744 0 169568 0 0 0
1791009063 2872, 13801, 56, 0x0000000000000000 | 1.18 1.15 1.10 | cpu  10129873 1188 2489490 253381426 208744 0 169568 0 0 0
1791009064 2872, 13801, 55, 0x0000000000000000 | 1.24 1.17 1.11 | cpu  10129986 1188 2489513 253383841 208745 0 169568 0 0 0
1791009065 2857, 13801, 59, 0x0000000000000000 | 1.24 1.17 1.11 | cpu  10130103 1188 2489538 253386244 208745 0 169568 0 0 0
1791009067 2872, 13801, 55, 0x0000000000000000 | 1.24 1.17 1.11 | cpu  10130261 1188 2489569 253388596 208745 0 169568 0 0 0
1791009068 2872, 13801, 55, 0x0000000000000000 | 1.24 1.17 1.11 | cpu  10130370 1188 2489583 253391021 208745 0 169570 0 0 0
1791009069 2872, 13801, 55, 0x0000000000000000 | 1.24 1.17 1.11 | cpu  10130478 1188 2489596 253393451 208745 0 169570 0 0 0
1791009070 2865, 13801, 58, 0x0000000000000000 | 1.22 1.16 1.10 | cpu  10130586 1188 2489610 253395874 208745 0 169570 0 0 0
1791009071 2857, 13801, 60, 0x0000000000000000 | 1.22 1.16 1.10 | cpu  10130696 1188 2489627 253398295 208745 0 169570 0 0 0
1791009072 2857, 13801, 58, 0x0000000000000000 | 1.22 1.16 1.10 | cpu  10130805 1188 2489640 253400719 208749 0 169570 0 0 0
1791009073 2865, 13801, 55, 0x0000000000000000 | 1.22 1.16 1.10 | cpu  10130913 1188 2489654 253403147 208749 0 169570 0 0 0
1791009074 2865, 13801, 56, 0x0000000000000000 | 1.21 1.16 1.10 | cpu  10131021 1188 2489670 253405570 208749 0 169570 0 0 0
1791009075 2872, 13801, 54, 0x0000000000000000 | 1.21 1.16 1.10 | cpu  10131129 1188 2489682 253407996 208749 0 169571 0 0 0
1791009076 2857, 13801, 59, 0x0000000000000000 | 1.21 1.16 1.10 | cpu  10131244 1188 2489708 253410420 208749 0 169571 0 0 0
1791009077 2880, 13801, 55, 0x0000000000000000 | 1.21 1.16 1.10 | cpu  10131355 1188 2489725 253412839 208749 0 169571 0 0 0
1791009078 2865, 13801, 56, 0x0000000000000000 | 1.21 1.16 1.10 | cpu  10131467 1188 2489794 253415210 208749 0 169573 0 0 0
1791009079 2872, 13801, 55, 0x0000000000000000 | 1.19 1.16 1.10 | cpu  10131575 1188 2489808 253417634 208749 0 169573 0 0 0
1791009080 2857, 13801, 58, 0x0000000000000000 | 1.19 1.16 1.10 | cpu  10131684 1188 2489823 253420059 208749 0 169573 0 0 0
1791009081 2865, 13801, 56, 0x0000000000000000 | 1.19 1.16 1.10 | cpu  10131794 1188 2489838 253422484 208749 0 169574 0 0 0
1791009082 2865, 13801, 57, 0x0000000000000000 | 1.19 1.16 1.10 | cpu  10131904 1188 2489853 253424915 208750 0 169574 0 0 0
1791009084 2857, 13801, 59, 0x0000000000000000 | 1.19 1.16 1.10 | cpu  10132012 1188 2489865 253427345 208750 0 169575 0 0 0
1791009085 2857, 13801, 59, 0x0000000000000000 | 1.17 1.16 1.10 | cpu  10132120 1188 2489881 253429770 208750 0 169575 0 0 0
1791009086 2865, 13801, 56, 0x0000000000000000 | 1.17 1.16 1.10 | cpu  10132229 1188 2489895 253432200 208750 0 169575 0 0 0
1791009087 2857, 13801, 58, 0x0000000000000000 | 1.17 1.16 1.10 | cpu  10132337 1188 2489908 253434632 208750 0 169575 0 0 0
1791009088 2872, 13801, 55, 0x0000000000000000 | 1.17 1.16 1.10 | cpu  10132445 1188 2489923 253437060 208750 0 169577 0 0 0
1791009089 2865, 13801, 56, 0x0000000000000000 | 1.17 1.16 1.10 | cpu  10132554 1188 2489938 253439482 208752 0 169577 0 0 0
1791009090 2872, 13801, 55, 0x0000000000000000 | 1.16 1.15 1.10 | cpu  10132663 1188 2489953 253441906 208752 0 169577 0 0 0
1791009091 2872, 13801, 55, 0x0000000000000000 | 1.16 1.15 1.10 | cpu  10132771 1188 2489967 253444331 208752 0 169577 0 0 0
1791009092 2865, 13801, 57, 0x0000000000000000 | 1.16 1.15 1.10 | cpu  10132880 1188 2489982 253446762 208752 0 169577 0 0 0
1791009093 2857, 13801, 57, 0x0000000000000000 | 1.16 1.15 1.10 | cpu  10132991 1188 2489998 253449184 208752 0 169577 0 0 0
1791009094 2857, 13801, 59, 0x0000000000000000 | 1.15 1.15 1.10 | cpu  10133100 1188 2490012 253451618 208752 0 169577 0 0 0
1791009095 2865, 13801, 57, 0x0000000000000000 | 1.15 1.15 1.10 | cpu  10133208 1188 2490026 253454042 208752 0 169577 0 0 0
1791009096 2857, 13801, 58, 0x0000000000000000 | 1.15 1.15 1.10 | cpu  10133319 1188 2490044 253456464 208752 0 169577 0 0 0
1791009097 2865, 13801, 54, 0x0000000000000000 | 1.15 1.15 1.10 | cpu  10133435 1188 2490103 253458839 208752 0 169579 0 0 0
1791009098 2857, 13801, 58, 0x0000000000000000 | 1.15 1.15 1.10 | cpu  10133544 1188 2490119 253461268 208754 0 169579 0 0 0
1791009099 2857, 13801, 59, 0x0000000000000000 | 1.13 1.15 1.10 | cpu  10133653 1188 2490134 253463698 208754 0 169579 0 0 0
1791009101 2857, 13801, 60, 0x0000000000000000 | 1.13 1.15 1.10 | cpu  10133762 1188 2490146 253466121 208756 0 169579 0 0 0
1791009102 2865, 13801, 58, 0x0000000000000000 | 1.13 1.15 1.10 | cpu  10133870 1188 2490161 253468553 208756 0 169579 0 0 0
1791009103 2865, 13801, 57, 0x0000000000000000 | 1.13 1.15 1.10 | cpu  10133979 1188 2490179 253470970 208756 0 169579 0 0 0
1791009104 2872, 13801, 56, 0x0000000000000000 | 1.13 1.15 1.10 | cpu  10134087 1188 2490193 253473400 208756 0 169579 0 0 0
1791009105 2857, 13801, 59, 0x0000000000000000 | 1.12 1.14 1.10 | cpu  10134198 1188 2490212 253475824 208756 0 169579 0 0 0
1791009106 2857, 13801, 60, 0x0000000000000000 | 1.12 1.14 1.10 | cpu  10134307 1188 2490225 253478257 208756 0 169579 0 0 0
1791009107 2872, 13801, 56, 0x0000000000000000 | 1.12 1.14 1.10 | cpu  10134415 1188 2490239 253480683 208756 0 169580 0 0 0
1791009108 2865, 13801, 58, 0x0000000000000000 | 1.12 1.14 1.10 | cpu  10134524 1188 2490256 253483115 208758 0 169580 0 0 0
1791009109 2865, 13801, 57, 0x0000000000000000 | 1.19 1.16 1.10 | cpu  10134632 1188 2490270 253485545 208758 0 169580 0 0 0
1791009110 2865, 13801, 58, 0x0000000000000000 | 1.19 1.16 1.10 | cpu  10134741 1188 2490284 253487977 208758 0 169580 0 0 0
1791009111 2865, 13801, 57, 0x0000000000000000 | 1.19 1.16 1.10 | cpu  10134851 1188 2490301 253490398 208758 0 169580 0 0 0
1791009112 2857, 13801, 59, 0x0000000000000000 | 1.19 1.16 1.10 | cpu  10134963 1188 2490318 253492826 208758 0 169581 0 0 0
1791009113 2872, 13801, 56, 0x0000000000000000 | 1.19 1.16 1.10 | cpu  10135075 1188 2490368 253495214 208758 0 169581 0 0 0
1791009114 2857, 13801, 59, 0x0000000000000000 | 1.18 1.16 1.10 | cpu  10135186 1188 2490398 253497622 208758 0 169581 0 0 0
1791009115 2872, 13801, 55, 0x0000000000000000 | 1.18 1.16 1.10 | cpu  10135293 1188 2490413 253500049 208758 0 169581 0 0 0
1791009116 2857, 13801, 60, 0x0000000000000000 | 1.18 1.16 1.10 | cpu  10135404 1188 2490431 253502471 208758 0 169582 0 0 0
1791009118 2857, 13801, 60, 0x0000000000000000 | 1.18 1.16 1.10 | cpu  10135511 1188 2490445 253504902 208759 0 169582 0 0 0
1791009119 2857, 13801, 61, 0x0000000000000000 | 1.18 1.16 1.10 | cpu  10135619 1188 2490460 253507332 208759 0 169582 0 0 0
1791009120 2872, 13801, 57, 0x0000000000000000 | 1.16 1.15 1.10 | cpu  10135728 1188 2490474 253509756 208759 0 169582 0 0 0
1791009121 2880, 13801, 56, 0x0000000000000000 | 1.16 1.15 1.10 | cpu  10135836 1188 2490487 253512181 208759 0 169582 0 0 0
1791009122 2857, 13801, 60, 0x0000000000000000 | 1.16 1.15 1.10 | cpu  10135944 1188 2490503 253514617 208759 0 169582 0 0 0
1791009123 2865, 13801, 57, 0x0000000000000000 | 1.16 1.15 1.10 | cpu  10136052 1188 2490515 253517047 208759 0 169584 0 0 0
1791009124 2857, 13801, 60, 0x0000000000000000 | 1.15 1.15 1.10 | cpu  10136160 1188 2490531 253519474 208759 0 169584 0 0 0
1791009125 2865, 13801, 57, 0x0000000000000000 | 1.15 1.15 1.10 | cpu  10136268 1188 2490546 253521901 208761 0 169586 0 0 0
1791009126 2857, 13801, 60, 0x0000000000000000 | 1.15 1.15 1.10 | cpu  10136377 1188 2490559 253524332 208761 0 169586 0 0 0
1791009127 2850, 13801, 60, 0x0000000000000000 | 1.15 1.15 1.10 | cpu  10136487 1188 2490576 253526755 208763 0 169586 0 0 0
1791009128 2872, 13801, 57, 0x0000000000000000 | 1.15 1.15 1.10 | cpu  10136598 1188 2490591 253529179 208763 0 169586 0 0 0
1791009129 2857, 13801, 59, 0x0000000000000000 | 1.22 1.16 1.10 | cpu  10136712 1188 2490644 253531569 208763 0 169588 0 0 0
1791009130 2880, 13801, 56, 0x0000000000000000 | 1.22 1.16 1.10 | cpu  10136829 1188 2490678 253533959 208763 0 169589 0 0 0
1791009131 2865, 13801, 57, 0x0000000000000000 | 1.22 1.16 1.10 | cpu  10136937 1188 2490690 253536389 208763 0 169589 0 0 0
1791009132 2865, 13801, 58, 0x0000000000000000 | 1.22 1.16 1.10 | cpu  10137045 1188 2490705 253538814 208763 0 169589 0 0 0
1791009133 2865, 13801, 58, 0x0000000000000000 | 1.22 1.16 1.10 | cpu  10137154 1188 2490719 253541240 208763 0 169590 0 0 0
1791009135 2857, 13801, 60, 0x0000000000000000 | 1.20 1.16 1.10 | cpu  10137263 1188 2490732 253543665 208763 0 169590 0 0 0
1791009136 2865, 13801, 58, 0x0000000000000000 | 1.20 1.16 1.10 | cpu  10137371 1188 2490745 253546091 208763 0 169590 0 0 0
1791009137 2880, 13801, 57, 0x0000000000000000 | 1.20 1.16 1.10 | cpu  10137480 1188 2490759 253548520 208763 0 169590 0 0 0
1791009138 2872, 13801, 57, 0x0000000000000000 | 1.20 1.16 1.10 | cpu  10137588 1188 2490773 253550945 208765 0 169590 0 0 0
1791009139 2857, 13801, 59, 0x0000000000000000 | 1.20 1.16 1.10 | cpu  10137700 1188 2490792 253553353 208765 0 169591 0 0 0
1791009140 2857, 13801, 59, 0x0000000000000000 | 1.18 1.16 1.10 | cpu  10137815 1188 2490819 253555764 208765 0 169592 0 0 0
1791009141 2857, 13801, 60, 0x0000000000000000 | 1.18 1.16 1.10 | cpu  10137926 1188 2490881 253558141 208765 0 169592 0 0 0
1791009142 2865, 13801, 59, 0x0000000000000000 | 1.18 1.16 1.10 | cpu  10138035 1188 2490896 253560567 208765 0 169592 0 0 0
1791009143 2872, 13801, 56, 0x0000000000000000 | 1.18 1.16 1.10 | cpu  10138144 1188 2490910 253563002 208765 0 169593 0 0 0
1791009144 2857, 13801, 60, 0x0000000000000000 | 1.17 1.16 1.10 | cpu  10138252 1188 2490925 253565429 208767 0 169593 0 0 0
1791009145 2865, 13801, 57, 0x0000000000000000 | 1.17 1.16 1.10 | cpu  10138361 1188 2490937 253567859 208767 0 169593 0 0 0
1791009146 2865, 13801, 57, 0x0000000000000000 | 1.17 1.16 1.10 | cpu  10138471 1188 2490952 253570289 208767 0 169593 0 0 0
1791009147 2880, 13801, 56, 0x0000000000000000 | 1.17 1.16 1.10 | cpu  10138579 1188 2490967 253572720 208767 0 169593 0 0 0
1791009148 2850, 13801, 59, 0x0000000000000000 | 1.17 1.16 1.10 | cpu  10138689 1188 2490982 253575169 208767 0 169593 0 0 0
1791009149 2865, 13801, 57, 0x0000000000000000 | 1.16 1.15 1.10 | cpu  10138797 1188 2490997 253577601 208768 0 169593 0 0 0
1791009151 2872, 13801, 56, 0x0000000000000000 | 1.16 1.15 1.10 | cpu  10138908 1188 2491013 253580027 208768 0 169595 0 0 0
1791009152 2865, 13801, 58, 0x0000000000000000 | 1.16 1.15 1.10 | cpu  10139017 1188 2491028 253582457 208768 0 169596 0 0 0
1791009153 2872, 13801, 58, 0x0000000000000000 | 1.16 1.15 1.10 | cpu  10139126 1188 2491040 253584887 208768 0 169596 0 0 0
1791009154 2857, 13801, 59, 0x0000000000000000 | 1.16 1.15 1.10 | cpu  10139237 1188 2491062 253587304 208768 0 169596 0 0 0
1791009155 2865, 13801, 57, 0x0000000000000000 | 1.14 1.15 1.10 | cpu  10139347 1188 2491078 253589726 208768 0 169598 0 0 0
1791009156 2872, 13801, 56, 0x0000000000000000 | 1.14 1.15 1.10 | cpu  10139455 1188 2491092 253592151 208769 0 169598 0 0 0
1791009157 2865, 13801, 57, 0x0000000000000000 | 1.14 1.15 1.10 | cpu  10139566 1188 2491108 253594577 208769 0 169599 0 0 0
1791009158 2857, 13801, 59, 0x0000000000000000 | 1.14 1.15 1.10 | cpu  10139675 1188 2491121 253597007 208769 0 169600 0 0 0
1791009159 2850, 13801, 59, 0x0000000000000000 | 1.13 1.15 1.10 | cpu  10139783 1188 2491135 253599438 208769 0 169600 0 0 0
1791009160 2857, 13801, 61, 0x0000000000000000 | 1.13 1.15 1.10 | cpu  10139895 1188 2491154 253601865 208769 0 169600 0 0 0
1791009161 2872, 13801, 56, 0x0000000000000000 | 1.13 1.15 1.10 | cpu  10140010 1188 2491199 253604248 208769 0 169604 0 0 0
1791009162 2865, 13801, 58, 0x0000000000000000 | 1.13 1.15 1.10 | cpu  10140121 1188 2491231 253606655 208769 0 169604 0 0 0
1791009163 2865, 13801, 57, 0x0000000000000000 | 1.13 1.15 1.10 | cpu  10140229 1188 2491246 253609081 208769 0 169604 0 0 0
1791009164 2865, 13801, 57, 0x0000000000000000 | 1.12 1.14 1.10 | cpu  10140339 1188 2491262 253611507 208769 0 169607 0 0 0
1791009165 2865, 13801, 57, 0x0000000000000000 | 1.12 1.14 1.10 | cpu  10140447 1188 2491277 253613942 208770 0 169607 0 0 0
1791009166 2857, 13801, 60, 0x0000000000000000 | 1.12 1.14 1.10 | cpu  10140555 1188 2491291 253616368 208770 0 169607 0 0 0
1791009168 2865, 13801, 57, 0x0000000000000000 | 1.12 1.14 1.10 | cpu  10140665 1188 2491307 253618792 208770 0 169607 0 0 0
1791009169 2872, 13801, 56, 0x0000000000000000 | 1.12 1.14 1.10 | cpu  10140773 1188 2491320 253621222 208770 0 169607 0 0 0
1791009170 2865, 13801, 57, 0x0000000000000000 | 1.11 1.14 1.10 | cpu  10140881 1188 2491335 253623650 208770 0 169607 0 0 0
1791009171 2857, 13801, 59, 0x0000000000000000 | 1.11 1.14 1.10 | cpu  10140990 1188 2491348 253626083 208770 0 169607 0 0 0
1791009172 2872, 13801, 55, 0x0000000000000000 | 1.11 1.14 1.10 | cpu  10141099 1188 2491362 253628512 208770 0 169607 0 0 0
1791009173 2865, 13801, 57, 0x0000000000000000 | 1.11 1.14 1.10 | cpu  10141209 1188 2491379 253630931 208770 0 169607 0 0 0
1791009174 2865, 13801, 58, 0x0000000000000000 | 1.10 1.14 1.10 | cpu  10141316 1188 2491392 253633357 208772 0 169607 0 0 0
1791009175 2872, 13801, 57, 0x0000000000000000 | 1.10 1.14 1.10 | cpu  10141425 1188 2491408 253635785 208772 0 169608 0 0 0
1791009176 2865, 13801, 54, 0x0000000000000000 | 1.10 1.14 1.10 | cpu  10141536 1188 2491422 253638207 208772 0 169608 0 0 0
1791009177 2865, 13801, 57, 0x0000000000000000 | 1.10 1.14 1.10 | cpu  10141649 1188 2491468 253640597 208772 0 169609 0 0 0
1791009178 2857, 13801, 60, 0x0000000000000000 | 1.10 1.14 1.10 | cpu  10141760 1188 2491502 253643009 208772 0 169609 0 0 0
1791009179 2850, 13801, 62, 0x0000000000000000 | 1.09 1.14 1.09 | cpu  10141868 1188 2491516 253645442 208772 0 169609 0 0 0
1791009180 2857, 13801, 59, 0x0000000000000000 | 1.09 1.14 1.09 | cpu  10141977 1188 2491530 253647873 208773 0 169609 0 0 0
1791009181 2865, 13801, 57, 0x0000000000000000 | 1.09 1.14 1.09 | cpu  10142088 1188 2491547 253650294 208773 0 169609 0 0 0
1791009182 2872, 13801, 56, 0x0000000000000000 | 1.09 1.14 1.09 | cpu  10142195 1188 2491560 253652722 208773 0 169609 0 0 0
1791009183 2865, 13801, 59, 0x0000000000000000 | 1.09 1.14 1.09 | cpu  10142303 1188 2491575 253655146 208773 0 169612 0 0 0
1791009185 2865, 13801, 57, 0x0000000000000000 | 1.09 1.13 1.09 | cpu  10142414 1188 2491592 253657567 208773 0 169613 0 0 0
1791009186 2850, 13801, 59, 0x0000000000000000 | 1.09 1.13 1.09 | cpu  10142522 1188 2491605 253659999 208773 0 169614 0 0 0
1791009187 2872, 13801, 57, 0x0000000000000000 | 1.09 1.13 1.09 | cpu  10142630 1188 2491620 253662425 208775 0 169614 0 0 0
1791009188 2857, 13801, 59, 0x0000000000000000 | 1.09 1.13 1.09 | cpu  10142742 1188 2491635 253664846 208775 0 169614 0 0 0
1791009189 2857, 13801, 60, 0x0000000000000000 | 1.09 1.13 1.09 | cpu  10142851 1188 2491651 253667274 208775 0 169614 0 0 0
1791009190 2857, 13801, 60, 0x0000000000000000 | 1.08 1.13 1.09 | cpu  10142961 1188 2491668 253669697 208775 0 169614 0 0 0
1791009191 2872, 13801, 56, 0x0000000000000000 | 1.08 1.13 1.09 | cpu  10143070 1188 2491681 253672125 208775 0 169615 0 0 0
1791009192 2872, 13801, 56, 0x0000000000000000 | 1.08 1.13 1.09 | cpu  10143178 1188 2491695 253674551 208775 0 169615 0 0 0
1791009193 2865, 13801, 57, 0x0000000000000000 | 1.08 1.13 1.09 | cpu  10143286 1188 2491709 253676973 208775 0 169615 0 0 0
1791009194 2865, 13801, 58, 0x0000000000000000 | 1.15 1.15 1.10 | cpu  10143394 1188 2491724 253679402 208775 0 169615 0 0 0
1791009195 2857, 13801, 60, 0x0000000000000000 | 1.15 1.15 1.10 | cpu  10143504 1188 2491740 253681840 208775 0 169615 0 0 0
1791009196 2865, 13801, 58, 0x0000000000000000 | 1.15 1.15 1.10 | cpu  10143613 1188 2491756 253684263 208775 0 169617 0 0 0
1791009197 2857, 13801, 59, 0x0000000000000000 | 1.15 1.15 1.10 | cpu  10143721 1188 2491770 253686697 208776 0 169617 0 0 0
1791009198 2872, 13801, 55, 0x0000000000000000 | 1.15 1.15 1.10 | cpu  10143832 1188 2491785 253689124 208776 0 169617 0 0 0
1791009199 2865, 13801, 57, 0x0000000000000000 | 1.14 1.14 1.10 | cpu  10143941 1188 2491800 253691548 208776 0 169617 0 0 0
1791009201 2865, 13801, 57, 0x0000000000000000 | 1.14 1.14 1.10 | cpu  10144049 1188 2491815 253693978 208777 0 169617 0 0 0
1791009202 2865, 13801, 57, 0x0000000000000000 | 1.14 1.14 1.10 | cpu  10144161 1188 2491831 253696399 208777 0 169618 0 0 0
1791009203 2865, 13801, 56, 0x0000000000000000 | 1.14 1.14 1.10 | cpu  10144274 1188 2491862 253698801 208777 0 169618 0 0 0
1791009204 2857, 13801, 59, 0x0000000000000000 | 1.14 1.14 1.10 | cpu  10144386 1188 2491920 253701181 208777 0 169618 0 0 0
1791009205 2857, 13801, 59, 0x0000000000000000 | 1.13 1.14 1.10 | cpu  10144494 1188 2491936 253703612 208777 0 169618 0 0 0
1791009206 2872, 13801, 56, 0x0000000000000000 | 1.13 1.14 1.10 | cpu  10144602 1188 2491948 253706039 208777 0 169618 0 0 0
1791009207 2857, 13801, 57, 0x0000000000000000 | 1.13 1.14 1.10 | cpu  10144711 1188 2491965 253708453 208779 0 169619 0 0 0
1791009208 2865, 13801, 57, 0x0000000000000000 | 1.13 1.14 1.10 | cpu  10144819 1188 2491980 253710882 208779 0 169619 0 0 0
1791009209 2857, 13801, 58, 0x0000000000000000 | 1.12 1.14 1.09 | cpu  10144928 1188 2491993 253713313 208779 0 169619 0 0 0
1791009210 2865, 13801, 58, 0x0000000000000000 | 1.12 1.14 1.09 | cpu  10145036 1188 2492008 253715736 208779 0 169619 0 0 0
1791009211 2865, 13801, 56, 0x0000000000000000 | 1.12 1.14 1.09 | cpu  10145145 1188 2492022 253718162 208779 0 169619 0 0 0
1791009212 2865, 13801, 58, 0x0000000000000000 | 1.12 1.14 1.09 | cpu  10145253 1188 2492034 253720590 208781 0 169619 0 0 0
1791009213 2865, 13801, 56, 0x0000000000000000 | 1.12 1.14 1.09 | cpu  10145361 1188 2492048 253723015 208781 0 169620 0 0 0
1791009214 2865, 13801, 58, 0x0000000000000000 | 1.11 1.14 1.09 | cpu  10145472 1188 2492065 253725447 208781 0 169620 0 0 0
1791009215 2865, 13801, 57, 0x0000000000000000 | 1.11 1.14 1.09 | cpu  10145581 1188 2492080 253727874 208781 0 169621 0 0 0
1791009216 2857, 13801, 58, 0x0000000000000000 | 1.11 1.14 1.09 | cpu  10145689 1188 2492094 253730307 208781 0 169621 0 0 0
1791009218 2857, 13801, 60, 0x0000000000000000 | 1.11 1.14 1.09 | cpu  10145797 1188 2492110 253732729 208781 0 169622 0 0 0
1791009219 2857, 13801, 57, 0x0000000000000000 | 1.11 1.14 1.09 | cpu  10145908 1188 2492126 253735153 208781 0 169624 0 0 0
1791009220 2865, 13801, 58, 0x0000000000000000 | 1.10 1.13 1.09 | cpu  10146016 1188 2492141 253737583 208781 0 169624 0 0 0
1791009221 2857, 13801, 60, 0x0000000000000000 | 1.10 1.13 1.09 | cpu  10146124 1188 2492155 253740006 208781 0 169624 0 0 0
1791009222 2865, 13801, 58, 0x0000000000000000 | 1.10 1.13 1.09 | cpu  10146232 1188 2492170 253742431 208781 0 169624 0 0 0
1791009223 2865, 13801, 58, 0x0000000000000000 | 1.10 1.13 1.09 | cpu  10146340 1188 2492183 253744859 208781 0 169624 0 0 0
1791009224 2857, 13801, 59, 0x0000000000000000 | 1.17 1.15 1.10 | cpu  10146449 1188 2492198 253747287 208781 0 169625 0 0 0
1791009225 2857, 13801, 59, 0x0000000000000000 | 1.17 1.15 1.10 | cpu  10146557 1188 2492211 253749712 208781 0 169625 0 0 0
1791009226 2865, 13801, 58, 0x0000000000000000 | 1.17 1.15 1.10 | cpu  10146666 1188 2492225 253752140 208781 0 169626 0 0 0
1791009227 2865, 13801, 57, 0x0000000000000000 | 1.17 1.15 1.10 | cpu  10146774 1188 2492238 253754569 208781 0 169626 0 0 0
1791009228 2872, 13801, 56, 0x0000000000000000 | 1.17 1.15 1.10 | cpu  10146883 1188 2492253 253756991 208782 0 169626 0 0 0
1791009229 2872, 13801, 56, 0x0000000000000000 | 1.16 1.15 1.10 | cpu  10146992 1188 2492266 253759419 208782 0 169626 0 0 0
1791009230 2872, 13801, 55, 0x0000000000000000 | 1.16 1.15 1.10 | cpu  10147102 1188 2492284 253761845 208782 0 169627 0 0 0
1791009231 2865, 13801, 57, 0x0000000000000000 | 1.16 1.15 1.10 | cpu  10147214 1188 2492305 253764262 208782 0 169627 0 0 0
1791009232 2872, 13801, 56, 0x0000000000000000 | 1.16 1.15 1.10 | cpu  10147323 1188 2492318 253766691 208782 0 169627 0 0 0
1791009233 2872, 13801, 55, 0x0000000000000000 | 1.16 1.15 1.10 | cpu  10147432 1188 2492333 253769116 208782 0 169628 0 0 0
1791009235 2872, 13801, 55, 0x0000000000000000 | 1.14 1.14 1.10 | cpu  10147539 1188 2492346 253771540 208784 0 169628 0 0 0
1791009236 2857, 13801, 58, 0x0000000000000000 | 1.14 1.14 1.10 | cpu  10147647 1188 2492361 253773967 208784 0 169628 0 0 0
1791009237 2872, 13801, 55, 0x0000000000000000 | 1.14 1.14 1.10 | cpu  10147756 1188 2492375 253776390 208784 0 169629 0 0 0
1791009238 2865, 13801, 56, 0x0000000000000000 | 1.14 1.14 1.10 | cpu  10147864 1188 2492387 253778820 208784 0 169629 0 0 0
1791009239 2865, 13801, 57, 0x0000000000000000 | 1.14 1.14 1.10 | cpu  10147973 1188 2492402 253781244 208784 0 169630 0 0 0
1791009240 2865, 13801, 56, 0x0000000000000000 | 1.29 1.18 1.11 | cpu  10148083 1188 2492421 253783664 208787 0 169631 0 0 0
1791009241 2857, 13801, 59, 0x0000000000000000 | 1.29 1.18 1.11 | cpu  10148191 1188 2492434 253786100 208787 0 169632 0 0 0
1791009242 2865, 13801, 57, 0x0000000000000000 | 1.29 1.18 1.11 | cpu  10148303 1188 2492453 253788514 208787 0 169634 0 0 0
1791009243 2857, 13801, 59, 0x0000000000000000 | 1.29 1.18 1.11 | cpu  10148412 1188 2492467 253790940 208787 0 169634 0 0 0
1791009244 2857, 13801, 59, 0x0000000000000000 | 1.27 1.17 1.10 | cpu  10148520 1188 2492481 253793370 208787 0 169634 0 0 0
1791009245 2857, 13801, 58, 0x0000000000000000 | 1.27 1.17 1.10 | cpu  10148628 1188 2492496 253795791 208791 0 169634 0 0 0
1791009246 2865, 13801, 57, 0x0000000000000000 | 1.27 1.17 1.10 | cpu  10148736 1188 2492511 253798221 208791 0 169634 0 0 0
1791009247 2872, 13801, 56, 0x0000000000000000 | 1.27 1.17 1.10 | cpu  10148844 1188 2492524 253800647 208791 0 169634 0 0 0
1791009248 2865, 13801, 56, 0x0000000000000000 | 1.27 1.17 1.10 | cpu  10148952 1188 2492539 253803072 208791 0 169634 0 0 0
1791009249 2865, 13801, 57, 0x0000000000000000 | 1.25 1.17 1.10 | cpu  10149061 1188 2492554 253805510 208793 0 169634 0 0 0
1791009250 2865, 13801, 57, 0x0000000000000000 | 1.25 1.17 1.10 | cpu  10149170 1188 2492567 253807940 208794 0 169635 0 0 0
1791009252 2857, 13801, 58, 0x0000000000000000 | 1.25 1.17 1.10 | cpu  10149278 1188 2492582 253810379 208794 0 169635 0 0 0
1791009253 2857, 13801, 59, 0x0000000000000000 | 1.25 1.17 1.10 | cpu  10149387 1188 2492597 253812796 208794 0 169636 0 0 0
1791009254 2865, 13801, 57, 0x0000000000000000 | 1.25 1.17 1.10 | cpu  10149496 1188 2492611 253815225 208794 0 169636 0 0 0
1791009255 2850, 13801, 58, 0x0000000000000000 | 1.23 1.17 1.10 | cpu  10149604 1188 2492627 253817653 208794 0 169637 0 0 0
1791009256 2857, 13801, 60, 0x0000000000000000 | 1.23 1.17 1.10 | cpu  10149715 1188 2492643 253820071 208796 0 169638 0 0 0
1791009257 2865, 13801, 56, 0x0000000000000000 | 1.23 1.17 1.10 | cpu  10149830 1188 2492699 253822445 208796 0 169640 0 0 0
1791009258 2857, 13801, 59, 0x0000000000000000 | 1.23 1.17 1.10 | cpu  10149940 1188 2492721 253824874 208796 0 169640 0 0 0
1791009259 2872, 13801, 57, 0x0000000000000000 | 1.21 1.16 1.10 | cpu  10150048 1188 2492734 253827307 208796 0 169640 0 0 0
1791009260 2872, 13801, 56, 0x0000000000000000 | 1.21 1.16 1.10 | cpu  10150156 1188 2492749 253829734 208796 0 169642 0 0 0
1791009261 2865, 13801, 56, 0x0000000000000000 | 1.21 1.16 1.10 | cpu  10150265 1188 2492763 253832157 208798 0 169643 0 0 0
1791009262 2857, 13801, 59, 0x0000000000000000 | 1.21 1.16 1.10 | cpu  10150373 1188 2492778 253834587 208798 0 169643 0 0 0
1791009263 2865, 13801, 56, 0x0000000000000000 | 1.21 1.16 1.10 | cpu  10150482 1188 2492791 253837012 208800 0 169643 0 0 0
1791009264 2872, 13801, 57, 0x0000000000000000 | 1.35 1.19 1.11 | cpu  10150595 1188 2492814 253839419 208800 0 169643 0 0 0
1791009265 2865, 13801, 56, 0x0000000000000000 | 1.35 1.19 1.11 | cpu  10150709 1188 2492851 253841817 208800 0 169644 0 0 0
1791009266 2872, 13801, 56, 0x0000000000000000 | 1.35 1.19 1.11 | cpu  10150819 1188 2492897 253844208 208800 0 169644 0 0 0
1791009267 2865, 13801, 58, 0x0000000000000000 | 1.35 1.19 1.11 | cpu  10150927 1188 2492911 253846635 208800 0 169644 0 0 0
1791009269 2857, 13801, 59, 0x0000000000000000 | 1.35 1.19 1.11 | cpu  10151035 1188 2492926 253849062 208800 0 169644 0 0 0
1791009270 2865, 13801, 58, 0x0000000000000000 | 1.32 1.19 1.11 | cpu  10151144 1188 2492939 253851491 208800 0 169644 0 0 0
1791009271 2865, 13801, 56, 0x0000000000000000 | 1.32 1.19 1.11 | cpu  10151252 1188 2492954 253853923 208800 0 169645 0 0 0
1791009272 2872, 13801, 56, 0x0000000000000000 | 1.32 1.19 1.11 | cpu  10151363 1188 2492972 253856341 208802 0 169645 0 0 0
1791009273 2872, 13801, 55, 0x0000000000000000 | 1.32 1.19 1.11 | cpu  10151476 1188 2493014 253858731 208802 0 169646 0 0 0
1791009274 2865, 13801, 56, 0x0000000000000000 | 1.32 1.19 1.11 | cpu  10151587 1188 2493047 253861138 208802 0 169646 0 0 0
1791009275 2857, 13801, 58, 0x0000000000000000 | 1.30 1.19 1.11 | cpu  10151696 1188 2493060 253863568 208802 0 169646 0 0 0
1791009276 2857, 13801, 58, 0x0000000000000000 | 1.30 1.19 1.11 | cpu  10151806 1188 2493078 253865993 208802 0 169647 0 0 0
1791009277 2857, 13801, 59, 0x0000000000000000 | 1.30 1.19 1.11 | cpu  10151915 1188 2493093 253868417 208804 0 169647 0 0 0
1791009278 2872, 13801, 56, 0x0000000000000000 | 1.30 1.19 1.11 | cpu  10152023 1188 2493106 253870846 208804 0 169647 0 0 0
1791009279 2865, 13801, 57, 0x0000000000000000 | 1.27 1.18 1.11 | cpu  10152131 1188 2493121 253873273 208804 0 169647 0 0 0
1791009280 2872, 13801, 55, 0x0000000000000000 | 1.27 1.18 1.11 | cpu  10152239 1188 2493135 253875700 208804 0 169648 0 0 0
1791009281 2865, 13801, 59, 0x0000000000000000 | 1.27 1.18 1.11 | cpu  10152347 1188 2493149 253878132 208804 0 169648 0 0 0
1791009282 2857, 13801, 60, 0x0000000000000000 | 1.27 1.18 1.11 | cpu  10152455 1188 2493163 253880559 208805 0 169648 0 0 0
1791009283 2865, 13801, 58, 0x0000000000000000 | 1.27 1.18 1.11 | cpu  10152564 1188 2493180 253882993 208805 0 169648 0 0 0
1791009284 2865, 13801, 58, 0x0000000000000000 | 1.25 1.18 1.11 | cpu  10152672 1188 2493193 253885424 208805 0 169648 0 0 0
1791009286 2865, 13801, 56, 0x0000000000000000 | 1.25 1.18 1.11 | cpu  10152783 1188 2493212 253887842 208805 0 169650 0 0 0
1791009287 2865, 13801, 56, 0x0000000000000000 | 1.25 1.18 1.11 | cpu  10152891 1188 2493227 253890271 208805 0 169650 0 0 0
1791009288 2865, 13801, 56, 0x0000000000000000 | 1.25 1.18 1.11 | cpu  10153000 1188 2493243 253892689 208805 0 169650 0 0 0
1791009289 2872, 13801, 56, 0x0000000000000000 | 1.25 1.18 1.11 | cpu  10153109 1188 2493258 253895111 208805 0 169650 0 0 0
1791009290 2865, 13801, 58, 0x0000000000000000 | 1.23 1.18 1.11 | cpu  10153219 1188 2493275 253897532 208805 0 169650 0 0 0
1791009291 2872, 13801, 56, 0x0000000000000000 | 1.23 1.18 1.11 | cpu  10153327 1188 2493288 253899961 208805 0 169650 0 0 0
1791009292 2857, 13801, 59, 0x0000000000000000 | 1.23 1.18 1.11 | cpu  10153435 1188 2493303 253902383 208805 0 169651 0 0 0
1791009293 2865, 13801, 57, 0x0000000000000000 | 1.23 1.18 1.11 | cpu  10153543 1188 2493315 253904810 208805 0 169651 0 0 0
1791009294 2865, 13801, 58, 0x0000000000000000 | 1.21 1.17 1.11 | cpu  10153651 1188 2493329 253907235 208806 0 169651 0 0 0
1791009295 2865, 13801, 56, 0x0000000000000000 | 1.21 1.17 1.11 | cpu  10153760 1188 2493344 253909661 208806 0 169651 0 0 0
1791009296 2857, 13801, 58, 0x0000000000000000 | 1.21 1.17 1.11 | cpu  10153868 1188 2493356 253912094 208806 0 169651 0 0 0
1791009297 2865, 13801, 56, 0x0000000000000000 | 1.21 1.17 1.11 | cpu  10153976 1188 2493371 253914517 208806 0 169651 0 0 0
1791009298 2857, 13801, 58, 0x0000000000000000 | 1.21 1.17 1.11 | cpu  10154084 1188 2493386 253916940 208807 0 169651 0 0 0
1791009299 2865, 13801, 57, 0x0000000000000000 | 1.20 1.17 1.11 | cpu  10154195 1188 2493401 253919364 208807 0 169651 0 0 0
1791009300 2857, 13801, 59, 0x0000000000000000 | 1.20 1.17 1.11 | cpu  10154303 1188 2493416 253921791 208807 0 169652 0 0 0
1791009301 2872, 13801, 56, 0x0000000000000000 | 1.20 1.17 1.11 | cpu  10154419 1188 2493437 253924198 208810 0 169653 0 0 0
1791009303 2872, 13801, 56, 0x0000000000000000 | 1.20 1.17 1.11 | cpu  10154550 1188 2493478 253926572 208810 0 169655 0 0 0
1791009304 2850, 13801, 59, 0x0000000000000000 | 1.20 1.17 1.11 | cpu  10154661 1188 2493495 253928992 208810 0 169655 0 0 0
1791009305 2865, 13801, 57, 0x0000000000000000 | 1.18 1.17 1.10 | cpu  10154773 1188 2493515 253931406 208810 0 169655 0 0 0
1791009306 2865, 13801, 58, 0x0000000000000000 | 1.18 1.17 1.10 | cpu  10154881 1188 2493529 253933838 208810 0 169656 0 0 0
1791009307 2872, 13801, 56, 0x0000000000000000 | 1.18 1.17 1.10 | cpu  10154990 1188 2493543 253936261 208812 0 169656 0 0 0
1791009308 2865, 13801, 57, 0x0000000000000000 | 1.18 1.17 1.10 | cpu  10155100 1188 2493557 253938687 208812 0 169656 0 0 0
1791009309 2872, 13801, 55, 0x0000000000000000 | 1.25 1.18 1.11 | cpu  10155212 1188 2493579 253941099 208812 0 169656 0 0 0
1791009310 2865, 13801, 56, 0x0000000000000000 | 1.25 1.18 1.11 | cpu  10155322 1188 2493596 253943514 208812 0 169657 0 0 0
1791009311 2865, 13801, 57, 0x0000000000000000 | 1.25 1.18 1.11 | cpu  10155430 1188 2493610 253945941 208812 0 169657 0 0 0
1791009312 2865, 13801, 56, 0x0000000000000000 | 1.25 1.18 1.11 | cpu  10155538 1188 2493624 253948370 208812 0 169657 0 0 0
1791009313 2865, 13801, 56, 0x0000000000000000 | 1.25 1.18 1.11 | cpu  10155646 1188 2493636 253950797 208814 0 169657 0 0 0
1791009314 2857, 13801, 58, 0x0000000000000000 | 1.23 1.18 1.11 | cpu  10155756 1188 2493654 253953222 208814 0 169658 0 0 0
1791009315 2872, 13801, 55, 0x0000000000000000 | 1.23 1.18 1.11 | cpu  10155865 1188 2493668 253955645 208814 0 169659 0 0 0
1791009316 2872, 13801, 56, 0x0000000000000000 | 1.23 1.18 1.11 | cpu  10155974 1188 2493680 253958073 208814 0 169660 0 0 0
1791009317 2872, 13801, 56, 0x0000000000000000 | 1.23 1.18 1.11 | cpu  10156082 1188 2493694 253960497 208814 0 169660 0 0 0
1791009318 2865, 13801, 56, 0x0000000000000000 | 1.23 1.18 1.11 | cpu  10156190 1188 2493709 253962926 208814 0 169662 0 0 0
1791009320 2872, 13801, 55, 0x0000000000000000 | 1.29 1.19 1.11 | cpu  10156298 1188 2493723 253965352 208815 0 169662 0 0 0
1791009321 2865, 13801, 55, 0x0000000000000000 | 1.29 1.19 1.11 | cpu  10156407 1188 2493738 253967778 208815 0 169662 0 0 0
1791009322 2865, 13801, 56, 0x0000000000000000 | 1.29 1.19 1.11 | cpu  10156517 1188 2493753 253970199 208815 0 169663 0 0 0
1791009323 2857, 13801, 57, 0x0000000000000000 | 1.29 1.19 1.11 | cpu  10156626 1188 2493767 253972624 208815 0 169663 0 0 0
1791009324 2865, 13801, 57, 0x0000000000000000 | 1.29 1.19 1.11 | cpu  10156734 1188 2493782 253975052 208815 0 169663 0 0 0
1791009325 2857, 13801, 57, 0x0000000000000000 | 1.26 1.19 1.11 | cpu  10156842 1188 2493795 253977480 208817 0 169663 0 0 0
1791009326 2857, 13801, 58, 0x0000000000000000 | 1.26 1.19 1.11 | cpu  10156951 1188 2493812 253979903 208817 0 169664 0 0 0
1791009327 2865, 13801, 57, 0x0000000000000000 | 1.26 1.19 1.11 | cpu  10157062 1188 2493829 253982320 208817 0 169665 0 0 0
1791009328 2872, 13801, 55, 0x0000000000000000 | 1.26 1.19 1.11 | cpu  10157174 1188 2493875 253984708 208817 0 169666 0 0 0
1791009329 2872, 13801, 58, 0x0000000000000000 | 1.24 1.19 1.11 | cpu  10157284 1188 2493914 253987119 208817 0 169667 0 0 0
1791009330 2872, 13801, 55, 0x0000000000000000 | 1.24 1.19 1.11 | cpu  10157393 1188 2493931 253989540 208818 0 169667 0 0 0
1791009331 2865, 13801, 57, 0x0000000000000000 | 1.24 1.19 1.11 | cpu  10157501 1188 2493946 253991965 208818 0 169668 0 0 0
1791009332 2872, 13801, 56, 0x0000000000000000 | 1.24 1.19 1.11 | cpu  10157609 1188 2493960 253994392 208818 0 169668 0 0 0
1791009333 2872, 13801, 56, 0x0000000000000000 | 1.24 1.19 1.11 | cpu  10157718 1188 2493976 253996817 208818 0 169670 0 0 0
1791009334 2865, 13801, 57, 0x0000000000000000 | 1.22 1.18 1.11 | cpu  10157827 1188 2493990 253999245 208818 0 169670 0 0 0
1791009336 2865, 13801, 56, 0x0000000000000000 | 1.22 1.18 1.11 | cpu  10157935 1188 2494006 254001671 208818 0 169670 0 0 0
1791009337 2857, 13801, 58, 0x0000000000000000 | 1.22 1.18 1.11 | cpu  10158043 1188 2494019 254004097 208818 0 169671 0 0 0
1791009338 2857, 13801, 58, 0x0000000000000000 | 1.22 1.18 1.11 | cpu  10158151 1188 2494034 254006523 208818 0 169672 0 0 0
1791009339 2872, 13801, 55, 0x0000000000000000 | 1.22 1.18 1.11 | cpu  10158259 1188 2494046 254008949 208818 0 169672 0 0 0
1791009340 2872, 13801, 56, 0x0000000000000000 | 1.21 1.18 1.11 | cpu  10158369 1188 2494062 254011365 208818 0 169673 0 0 0
1791009341 2865, 13801, 56, 0x0000000000000000 | 1.21 1.18 1.11 | cpu  10158478 1188 2494077 254013789 208819 0 169673 0 0 0
1791009342 2865, 13801, 56, 0x0000000000000000 | 1.21 1.18 1.11 | cpu  10158586 1188 2494090 254016220 208819 0 169673 0 0 0
1791009343 2857, 13801, 58, 0x0000000000000000 | 1.21 1.18 1.11 | cpu  10158694 1188 2494105 254018647 208819 0 169673 0 0 0
1791009344 2865, 13801, 57, 0x0000000000000000 | 1.19 1.18 1.11 | cpu  10158802 1188 2494119 254021064 208819 0 169673 0 0 0
1791009345 2857, 13801, 59, 0x0000000000000000 | 1.19 1.18 1.11 | cpu  10158915 1188 2494135 254023478 208819 0 169673 0 0 0
1791009346 2865, 13801, 57, 0x0000000000000000 | 1.19 1.18 1.11 | cpu  10159023 1188 2494150 254025902 208819 0 169673 0 0 0
1791009347 2857, 13801, 57, 0x0000000000000000 | 1.19 1.18 1.11 | cpu  10159131 1188 2494165 254028326 208819 0 169673 0 0 0
1791009348 2857, 13801, 58, 0x0000000000000000 | 1.19 1.18 1.11 | cpu  10159241 1188 2494180 254030761 208820 0 169673 0 0 0
1791009349 2872, 13801, 56, 0x0000000000000000 | 1.17 1.17 1.11 | cpu  10159349 1188 2494193 254033186 208820 0 169673 0 0 0
1791009350 2857, 13801, 58, 0x0000000000000000 | 1.17 1.17 1.11 | cpu  10159457 1188 2494208 254035610 208820 0 169673 0 0 0
1791009351 2865, 13801, 57, 0x0000000000000000 | 1.17 1.17 1.11 | cpu  10159566 1188 2494223 254038036 208820 0 169673 0 0 0
1791009352 2865, 13801, 57, 0x0000000000000000 | 1.17 1.17 1.11 | cpu  10159674 1188 2494237 254040463 208820 0 169673 0 0 0
1791009354 2865, 13801, 56, 0x0000000000000000 | 1.17 1.17 1.11 | cpu  10159782 1188 2494251 254042888 208822 0 169673 0 0 0
1791009355 2865, 13801, 57, 0x0000000000000000 | 1.16 1.17 1.11 | cpu  10159890 1188 2494266 254045313 208822 0 169673 0 0 0
1791009356 2865, 13801, 56, 0x0000000000000000 | 1.16 1.17 1.11 | cpu  10160000 1188 2494281 254047734 208822 0 169673 0 0 0
1791009357 2865, 13801, 57, 0x0000000000000000 | 1.16 1.17 1.11 | cpu  10160108 1188 2494295 254050162 208823 0 169674 0 0 0
1791009358 2865, 13801, 57, 0x0000000000000000 | 1.16 1.17 1.11 | cpu  10160216 1188 2494310 254052592 208823 0 169674 0 0 0
1791009359 2857, 13801, 58, 0x0000000000000000 | 1.16 1.17 1.11 | cpu  10160324 1188 2494323 254055019 208823 0 169674 0 0 0
1791009360 2865, 13801, 56, 0x0000000000000000 | 1.15 1.17 1.11 | cpu  10160432 1188 2494337 254057440 208823 0 169674 0 0 0
1791009361 2865, 13801, 55, 0x0000000000000000 | 1.15 1.17 1.11 | cpu  10160541 1188 2494352 254059868 208823 0 169674 0 0 0
1791009362 2865, 13801, 56, 0x0000000000000000 | 1.15 1.17 1.11 | cpu  10160651 1188 2494370 254062283 208829 0 169675 0 0 0
1791009363 2865, 13801, 56, 0x0000000000000000 | 1.15 1.17 1.11 | cpu  10160760 1188 2494385 254064707 208829 0 169675 0 0 0
1791009364 2857, 13801, 58, 0x0000000000000000 | 1.21 1.18 1.11 | cpu  10160870 1188 2494403 254067130 208829 0 169676 0 0 0
1791009365 2872, 13801, 55, 0x0000000000000000 | 1.21 1.18 1.11 | cpu  10160979 1188 2494415 254069558 208829 0 169676 0 0 0
1791009366 2865, 13801, 58, 0x0000000000000000 | 1.21 1.18 1.11 | cpu  10161087 1188 2494430 254071988 208829 0 169677 0 0 0
1791009367 2857, 13801, 56, 0x0000000000000000 | 1.21 1.18 1.11 | cpu  10161198 1188 2494448 254074397 208830 0 169677 0 0 0
1791009368 2857, 13801, 56, 0x0000000000000000 | 1.21 1.18 1.11 | cpu  10161306 1188 2494460 254076825 208830 0 169677 0 0 0
1791009369 2865, 13801, 57, 0x0000000000000000 | 1.20 1.18 1.11 | cpu  10161414 1188 2494474 254079246 208830 0 169678 0 0 0
1791009371 2865, 13801, 56, 0x0000000000000000 | 1.20 1.18 1.11 | cpu  10161522 1188 2494489 254081677 208830 0 169678 0 0 0
1791009372 2880, 13801, 55, 0x0000000000000000 | 1.20 1.18 1.11 | cpu  10161630 1188 2494502 254084106 208830 0 169678 0 0 0
1791009373 2865, 13801, 56, 0x0000000000000000 | 1.20 1.18 1.11 | cpu  10161738 1188 2494516 254086532 208832 0 169679 0 0 0
1791009374 2857, 13801, 57, 0x0000000000000000 | 1.20 1.18 1.11 | cpu  10161849 1188 2494533 254088952 208832 0 169679 0 0 0
1791009375 2872, 13801, 55, 0x0000000000000000 | 1.26 1.19 1.11 | cpu  10161958 1188 2494547 254091383 208832 0 169679 0 0 0
1791009376 2865, 13801, 54, 0x0000000000000000 | 1.26 1.19 1.11 | cpu  10162067 1188 2494560 254093815 208832 0 169679 0 0 0
1791009377 2865, 13801, 56, 0x0000000000000000 | 1.26 1.19 1.11 | cpu  10162175 1188 2494575 254096243 208832 0 169679 0 0 0
1791009378 2872, 13801, 55, 0x0000000000000000 | 1.26 1.19 1.11 | cpu  10162283 1188 2494589 254098665 208832 0 169680 0 0 0
1791009379 2872, 13801, 55, 0x0000000000000000 | 1.24 1.19 1.11 | cpu  10162392 1188 2494605 254101088 208833 0 169681 0 0 0
1791009380 2872, 13801, 54, 0x0000000000000000 | 1.24 1.19 1.11 | cpu  10162500 1188 2494620 254103513 208833 0 169681 0 0 0
1791009381 2872, 13801, 54, 0x0000000000000000 | 1.24 1.19 1.11 | cpu  10162609 1188 2494635 254105944 208833 0 169681 0 0 0
1791009382 2865, 13801, 56, 0x0000000000000000 | 1.24 1.19 1.11 | cpu  10162717 1188 2494648 254108368 208833 0 169681 0 0 0
1791009383 2857, 13801, 58, 0x0000000000000000 | 1.24 1.19 1.11 | cpu  10162826 1188 2494664 254110799 208833 0 169681 0 0 0
1791009384 2865, 13801, 56, 0x0000000000000000 | 1.22 1.18 1.11 | cpu  10162934 1188 2494678 254113227 208834 0 169682 0 0 0
1791009385 2857, 13801, 58, 0x0000000000000000 | 1.22 1.18 1.11 | cpu  10163043 1188 2494692 254115651 208834 0 169682 0 0 0
1791009387 2857, 13801, 58, 0x0000000000000000 | 1.22 1.18 1.11 | cpu  10163154 1188 2494714 254118072 208834 0 169683 0 0 0
1791009388 2857, 13801, 59, 0x0000000000000000 | 1.22 1.18 1.11 | cpu  10163263 1188 2494729 254120506 208834 0 169683 0 0 0
1791009389 2857, 13801, 58, 0x0000000000000000 | 1.22 1.18 1.11 | cpu  10163371 1188 2494741 254122928 208834 0 169683 0 0 0
1791009390 2865, 13801, 56, 0x0000000000000000 | 1.36 1.21 1.12 | cpu  10163484 1188 2494761 254125338 208836 0 169683 0 0 0
1791009391 2865, 13801, 57, 0x0000000000000000 | 1.36 1.21 1.12 | cpu  10163600 1188 2494814 254127715 208836 0 169683 0 0 0
1791009392 2865, 13801, 57, 0x0000000000000000 | 1.36 1.21 1.12 | cpu  10163709 1188 2494848 254130119 208836 0 169683 0 0 0
1791009393 2865, 13801, 57, 0x0000000000000000 | 1.36 1.21 1.12 | cpu  10163818 1188 2494862 254132545 208836 0 169683 0 0 0
1791009394 2872, 13801, 55, 0x0000000000000000 | 1.33 1.21 1.12 | cpu  10163926 1188 2494877 254134971 208836 0 169683 0 0 0
1791009395 2865, 13801, 56, 0x0000000000000000 | 1.33 1.21 1.12 | cpu  10164034 1188 2494891 254137400 208836 0 169683 0 0 0
1791009396 2872, 13801, 53, 0x0000000000000000 | 1.33 1.21 1.12 | cpu  10164142 1188 2494905 254139825 208836 0 169683 0 0 0
1791009397 2865, 13801, 57, 0x0000000000000000 | 1.33 1.21 1.12 | cpu  10164251 1188 2494921 254142252 208836 0 169683 0 0 0
1791009398 2865, 13801, 56, 0x0000000000000000 | 1.33 1.21 1.12 | cpu  10164360 1188 2494935 254144681 208836 0 169684 0 0 0
1791009399 2872, 13801, 54, 0x0000000000000000 | 1.31 1.21 1.12 | cpu  10164467 1188 2494947 254147106 208836 0 169684 0 0 0
1791009400 2865, 13801, 57, 0x0000000000000000 | 1.31 1.21 1.12 | cpu  10164576 1188 2494964 254149530 208836 0 169684 0 0 0
1791009401 2857, 13801, 59, 0x0000000000000000 | 1.31 1.21 1.12 | cpu  10164685 1188 2494979 254151961 208838 0 169684 0 0 0
1791009402 2857, 13801, 58, 0x0000000000000000 | 1.31 1.21 1.12 | cpu  10164795 1188 2494993 254154386 208838 0 169684 0 0 0
1791009404 2872, 13801, 55, 0x0000000000000000 | 1.31 1.21 1.12 | cpu  10164903 1188 2495008 254156811 208838 0 169684 0 0 0
1791009405 2857, 13801, 58, 0x0000000000000000 | 1.28 1.20 1.12 | cpu  10165012 1188 2495026 254159239 208838 0 169685 0 0 0
1791009406 2850, 13801, 58, 0x0000000000000000 | 1.28 1.20 1.12 | cpu  10165120 1188 2495040 254161666 208838 0 169685 0 0 0
1791009407 2857, 13801, 59, 0x0000000000000000 | 1.28 1.20 1.12 | cpu  10165228 1188 2495055 254164095 208838 0 169685 0 0 0
1791009408 2872, 13801, 55, 0x0000000000000000 | 1.28 1.20 1.12 | cpu  10165337 1188 2495070 254166519 208838 0 169685 0 0 0
1791009409 2865, 13801, 56, 0x0000000000000000 | 1.28 1.20 1.12 | cpu  10165445 1188 2495085 254168945 208838 0 169685 0 0 0
1791009410 2865, 13801, 56, 0x0000000000000000 | 1.26 1.20 1.12 | cpu  10165553 1188 2495099 254171372 208838 0 169685 0 0 0
1791009411 2865, 13801, 57, 0x0000000000000000 | 1.26 1.20 1.12 | cpu  10165660 1188 2495111 254173795 208838 0 169685 0 0 0
1791009412 2857, 13801, 60, 0x0000000000000000 | 1.26 1.20 1.12 | cpu  10165769 1188 2495126 254176222 208838 0 169685 0 0 0
1791009413 2865, 13801, 57, 0x0000000000000000 | 1.26 1.20 1.12 | cpu  10165879 1188 2495143 254178638 208839 0 169685 0 0 0
1791009414 2865, 13801, 57, 0x0000000000000000 | 1.24 1.20 1.12 | cpu  10165989 1188 2495157 254181061 208839 0 169686 0 0 0
1791009415 2857, 13801, 59, 0x0000000000000000 | 1.24 1.20 1.12 | cpu  10166098 1188 2495173 254183487 208839 0 169687 0 0 0
1791009416 2857, 13801, 58, 0x0000000000000000 | 1.24 1.20 1.12 | cpu  10166206 1188 2495189 254185918 208839 0 169687 0 0 0
1791009417 2872, 13801, 56, 0x0000000000000000 | 1.24 1.20 1.12 | cpu  10166316 1188 2495205 254188341 208839 0 169687 0 0 0
1791009418 2857, 13801, 59, 0x0000000000000000 | 1.24 1.20 1.12 | cpu  10166424 1188 2495219 254190775 208841 0 169687 0 0 0
1791009419 2880, 13801, 56, 0x0000000000000000 | 1.22 1.19 1.12 | cpu  10166533 1188 2495234 254193206 208841 0 169687 0 0 0
1791009421 2865, 13801, 57, 0x0000000000000000 | 1.22 1.19 1.12 | cpu  10166641 1188 2495247 254195636 208842 0 169687 0 0 0
1791009422 2857, 13801, 59, 0x0000000000000000 | 1.22 1.19 1.12 | cpu  10166749 1188 2495263 254198057 208842 0 169687 0 0 0
1791009423 2872, 13801, 56, 0x0000000000000000 | 1.22 1.19 1.12 | cpu  10166860 1188 2495286 254200473 208842 0 169689 0 0 0
1791009424 2872, 13801, 56, 0x0000000000000000 | 1.22 1.19 1.12 | cpu  10166968 1188 2495300 254202900 208842 0 169689 0 0 0
1791009425 2865, 13801, 57, 0x0000000000000000 | 1.20 1.19 1.12 | cpu  10167078 1188 2495318 254205321 208842 0 169690 0 0 0
1791009426 2872, 13801, 56, 0x0000000000000000 | 1.20 1.19 1.12 | cpu  10167186 1188 2495332 254207744 208842 0 169690 0 0 0
1791009427 2850, 13801, 58, 0x0000000000000000 | 1.20 1.19 1.12 | cpu  10167295 1188 2495347 254210168 208845 0 169690 0 0 0
1791009428 2865, 13801, 56, 0x0000000000000000 | 1.20 1.19 1.12 | cpu  10167403 1188 2495360 254212598 208845 0 169690 0 0 0
1791009429 2857, 13801, 59, 0x0000000000000000 | 1.18 1.19 1.11 | cpu  10167512 1188 2495373 254215029 208845 0 169691 0 0 0
1791009430 2857, 13801, 59, 0x0000000000000000 | 1.18 1.19 1.11 | cpu  10167621 1188 2495387 254217458 208845 0 169691 0 0 0
1791009431 2857, 13801, 60, 0x0000000000000000 | 1.18 1.19 1.11 | cpu  10167729 1188 2495402 254219886 208845 0 169691 0 0 0
1791009432 2857, 13801, 59, 0x0000000000000000 | 1.18 1.19 1.11 | cpu  10167838 1188 2495418 254222319 208845 0 169691 0 0 0
1791009433 2872, 13801, 57, 0x0000000000000000 | 1.18 1.19 1.11 | cpu  10167946 1188 2495431 254224749 208845 0 169691 0 0 0
1791009434 2857, 13801, 59, 0x0000000000000000 | 1.17 1.18 1.11 | cpu  10168054 1188 2495445 254227177 208845 0 169692 0 0 0
1791009435 2865, 13801, 55, 0x0000000000000000 | 1.17 1.18 1.11 | cpu  10168163 1188 2495460 254229605 208845 0 169692 0 0 0
1791009436 2872, 13801, 57, 0x0000000000000000 | 1.17 1.18 1.11 | cpu  10168273 1188 2495476 254232030 208845 0 169692 0 0 0
1791009438 2850, 13801, 59, 0x0000000000000000 | 1.17 1.18 1.11 | cpu  10168381 1188 2495490 254234459 208846 0 169692 0 0 0
1791009439 2872, 13801, 57, 0x0000000000000000 | 1.17 1.18 1.11 | cpu  10168488 1188 2495505 254236884 208846 0 169692 0 0 0
1791009440 2865, 13801, 57, 0x0000000000000000 | 1.16 1.18 1.11 | cpu  10168600 1188 2495520 254239305 208846 0 169692 0 0 0
1791009441 2872, 13801, 56, 0x0000000000000000 | 1.16 1.18 1.11 | cpu  10168707 1188 2495534 254241729 208846 0 169692 0 0 0
1791009442 2872, 13801, 56, 0x0000000000000000 | 1.16 1.18 1.11 | cpu  10168815 1188 2495548 254244153 208846 0 169692 0 0 0
1791009443 2865, 13801, 57, 0x0000000000000000 | 1.16 1.18 1.11 | cpu  10168924 1188 2495560 254246575 208847 0 169692 0 0 0
1791009444 2872, 13801, 57, 0x0000000000000000 | 1.16 1.18 1.11 | cpu  10169033 1188 2495575 254249006 208847 0 169692 0 0 0
1791009445 2865, 13801, 57, 0x0000000000000000 | 1.14 1.18 1.11 | cpu  10169140 1188 2495589 254251431 208847 0 169692 0 0 0
1791009446 2872, 13801, 55, 0x0000000000000000 | 1.14 1.18 1.11 | cpu  10169248 1188 2495603 254253855 208847 0 169692 0 0 0
1791009447 2865, 13801, 58, 0x0000000000000000 | 1.14 1.18 1.11 | cpu  10169357 1188 2495619 254256287 208847 0 169692 0 0 0
1791009448 2865, 13801, 57, 0x0000000000000000 | 1.14 1.18 1.11 | cpu  10169471 1188 2495638 254258703 208847 0 169692 0 0 0
1791009449 2850, 13801, 59, 0x0000000000000000 | 1.21 1.19 1.12 | cpu  10169585 1188 2495682 254261097 208847 0 169693 0 0 0
1791009450 2865, 13801, 59, 0x0000000000000000 | 1.21 1.19 1.12 | cpu  10169696 1188 2495716 254263504 208847 0 169693 0 0 0
1791009451 2880, 13801, 55, 0x0000000000000000 | 1.21 1.19 1.12 | cpu  10169804 1188 2495729 254265930 208847 0 169693 0 0 0
1791009452 2865, 13801, 57, 0x0000000000000000 | 1.21 1.19 1.12 | cpu  10169916 1188 2495747 254268344 208848 0 169694 0 0 0
1791009453 2865, 13801, 57, 0x0000000000000000 | 1.21 1.19 1.12 | cpu  10170028 1188 2495801 254270728 208848 0 169696 0 0 0
1791009455 2850, 13801, 60, 0x0000000000000000 | 1.20 1.19 1.12 | cpu  10170137 1188 2495832 254273134 208848 0 169696 0 0 0
1791009456 2865, 13801, 57, 0x0000000000000000 | 1.20 1.19 1.12 | cpu  10170245 1188 2495847 254275559 208848 0 169697 0 0 0
1791009457 2872, 13801, 56, 0x0000000000000000 | 1.20 1.19 1.12 | cpu  10170353 1188 2495861 254277987 208848 0 169697 0 0 0
1791009458 2850, 13801, 58, 0x0000000000000000 | 1.20 1.19 1.12 | cpu  10170461 1188 2495875 254280416 208848 0 169698 0 0 0
1791009459 2865, 13801, 57, 0x0000000000000000 | 1.20 1.19 1.12 | cpu  10170571 1188 2495891 254282834 208850 0 169698 0 0 0
1791009460 2872, 13801, 58, 0x0000000000000000 | 1.18 1.18 1.11 | cpu  10170680 1188 2495906 254285255 208850 0 169699 0 0 0
1791009461 2865, 13801, 58, 0x0000000000000000 | 1.18 1.18 1.11 | cpu  10170790 1188 2495923 254287677 208850 0 169701 0 0 0
1791009462 2850, 13801, 59, 0x0000000000000000 | 1.18 1.18 1.11 | cpu  10170899 1188 2495938 254290118 208850 0 169701 0 0 0
1791009463 2857, 13801, 59, 0x0000000000000000 | 1.18 1.18 1.11 | cpu  10171010 1188 2495958 254292531 208850 0 169702 0 0 0
1791009464 2865, 13801, 57, 0x0000000000000000 | 1.16 1.18 1.11 | cpu  10171123 1188 2495980 254294940 208851 0 169703 0 0 0
1791009465 2850, 13801, 59, 0x0000000000000000 | 1.16 1.18 1.11 | cpu  10171234 1188 2496016 254297341 208851 0 169703 0 0 0
1791009466 2857, 13801, 59, 0x0000000000000000 | 1.16 1.18 1.11 | cpu  10171346 1188 2496061 254299740 208851 0 169703 0 0 0
1791009467 2872, 13801, 56, 0x0000000000000000 | 1.16 1.18 1.11 | cpu  10171454 1188 2496075 254302165 208851 0 169703 0 0 0
1791009468 2880, 13801, 56, 0x0000000000000000 | 1.16 1.18 1.11 | cpu  10171564 1188 2496089 254304591 208851 0 169703 0 0 0
1791009469 2872, 13801, 57, 0x0000000000000000 | 1.15 1.18 1.11 | cpu  10171672 1188 2496102 254307018 208852 0 169703 0 0 0
1791009470 2865, 13801, 57, 0x0000000000000000 | 1.15 1.18 1.11 | cpu  10171783 1188 2496120 254309439 208852 0 169704 0 0 0
1791009472 2857, 13801, 59, 0x0000000000000000 | 1.15 1.18 1.11 | cpu  10171891 1188 2496133 254311871 208852 0 169704 0 0 0
1791009473 2857, 13801, 60, 0x0000000000000000 | 1.15 1.18 1.11 | cpu  10172002 1188 2496149 254314290 208852 0 169705 0 0 0
1791009474 2872, 13801, 56, 0x0000000000000000 | 1.15 1.18 1.11 | cpu  10172110 1188 2496163 254316714 208852 0 169705 0 0 0
1791009475 2865, 13801, 58, 0x0000000000000000 | 1.14 1.17 1.11 | cpu  10172218 1188 2496177 254319139 208852 0 169705 0 0 0
1791009476 2880, 13801, 53, 0x0000000000000000 | 1.14 1.17 1.11 | cpu  10172327 1188 2496191 254321577 208852 0 169705 0 0 0
1791009477 2857, 13801, 58, 0x0000000000000000 | 1.14 1.17 1.11 | cpu  10172435 1188 2496205 254324012 208852 0 169705 0 0 0
1791009478 2857, 13801, 58, 0x0000000000000000 | 1.14 1.17 1.11 | cpu  10172551 1188 2496225 254326423 208852 0 169705 0 0 0
1791009479 2865, 13801, 58, 0x0000000000000000 | 1.13 1.17 1.11 | cpu  10172660 1188 2496239 254328850 208852 0 169705 0 0 0
1791009480 2872, 13801, 56, 0x0000000000000000 | 1.13 1.17 1.11 | cpu  10172768 1188 2496252 254331273 208852 0 169706 0 0 0
1791009481 2872, 13801, 56, 0x0000000000000000 | 1.13 1.17 1.11 | cpu  10172876 1188 2496267 254333692 208852 0 169707 0 0 0
1791009482 2857, 13801, 58, 0x0000000000000000 | 1.13 1.17 1.11 | cpu  10172987 1188 2496284 254336123 208852 0 169707 0 0 0
1791009483 2880, 13801, 53, 0x0000000000000000 | 1.13 1.17 1.11 | cpu  10173095 1188 2496297 254338551 208853 0 169707 0 0 0
1791009484 2857, 13801, 58, 0x0000000000000000 | 1.12 1.17 1.11 | cpu  10173204 1188 2496311 254340994 208853 0 169708 0 0 0
1791009485 2865, 13801, 57, 0x0000000000000000 | 1.12 1.17 1.11 | cpu  10173312 1188 2496326 254343421 208854 0 169709 0 0 0
1791009486 2857, 13801, 59, 0x0000000000000000 | 1.12 1.17 1.11 | cpu  10173420 1188 2496341 254345858 208854 0 169710 0 0 0
1791009487 2857, 13801, 59, 0x0000000000000000 | 1.12 1.17 1.11 | cpu  10173528 1188 2496357 254348283 208854 0 169710 0 0 0
1791009489 2872, 13801, 56, 0x0000000000000000 | 1.12 1.17 1.11 | cpu  10173637 1188 2496371 254350716 208854 0 169710 0 0 0
1791009490 2857, 13801, 59, 0x0000000000000000 | 1.11 1.16 1.11 | cpu  10173747 1188 2496387 254353140 208854 0 169712 0 0 0
1791009491 2857, 13801, 58, 0x0000000000000000 | 1.11 1.16 1.11 | cpu  10173856 1188 2496402 254355565 208855 0 169712 0 0 0
1791009492 2857, 13801, 58, 0x0000000000000000 | 1.11 1.16 1.11 | cpu  10173963 1188 2496415 254357993 208855 0 169712 0 0 0
1791009493 2857, 13801, 57, 0x0000000000000000 | 1.11 1.16 1.11 | cpu  10174072 1188 2496429 254360421 208855 0 169712 0 0 0
1791009494 2872, 13801, 56, 0x0000000000000000 | 1.11 1.16 1.11 | cpu  10174182 1188 2496444 254362847 208855 0 169712 0 0 0
1791009495 2872, 13801, 56, 0x0000000000000000 | 1.18 1.18 1.11 | cpu  10174290 1188 2496460 254365272 208855 0 169712 0 0 0
1791009496 2872, 13801, 55, 0x0000000000000000 | 1.18 1.18 1.11 | cpu  10174401 1188 2496477 254367692 208855 0 169712 0 0 0
1791009497 2872, 13801, 56, 0x0000000000000000 | 1.18 1.18 1.11 | cpu  10174511 1188 2496500 254370103 208855 0 169713 0 0 0
1791009498 2850, 13801, 59, 0x0000000000000000 | 1.18 1.18 1.11 | cpu  10174624 1188 2496553 254372484 208857 0 169713 0 0 0
1791009499 2872, 13801, 53, 0x0000000000000000 | 1.16 1.17 1.11 | cpu  10174733 1188 2496568 254374918 208857 0 169713 0 0 0
1791009500 2857, 13801, 59, 0x0000000000000000 | 1.16 1.17 1.11 | cpu  10174841 1188 2496581 254377343 208857 0 169713 0 0 0
1791009501 2865, 13801, 56, 0x0000000000000000 | 1.16 1.17 1.11 | cpu  10174949 1188 2496595 254379769 208858 0 169713 0 0 0
1791009502 2872, 13801, 55, 0x0000000000000000 | 1.16 1.17 1.11 | cpu  10175058 1188 2496610 254382194 208858 0 169713 0 0 0
1791009503 2865, 13801, 58, 0x0000000000000000 | 1.16 1.17 1.11 | cpu  10175166 1188 2496623 254384615 208860 0 169713 0 0 0
1791009504 2872, 13801, 55, 0x0000000000000000 | 1.15 1.17 1.11 | cpu  10175278 1188 2496639 254387030 208860 0 169714 0 0 0
1791009506 2865, 13801, 57, 0x0000000000000000 | 1.15 1.17 1.11 | cpu  10175389 1188 2496657 254389450 208860 0 169714 0 0 0
1791009507 2865, 13801, 57, 0x0000000000000000 | 1.15 1.17 1.11 | cpu  10175497 1188 2496671 254391878 208860 0 169714 0 0 0
1791009508 2865, 13801, 57, 0x0000000000000000 | 1.15 1.17 1.11 | cpu  10175605 1188 2496684 254394307 208860 0 169715 0 0 0
1791009509 2872, 13801, 56, 0x0000000000000000 | 1.15 1.17 1.11 | cpu  10175713 1188 2496699 254396734 208860 0 169715 0 0 0
1791009510 2865, 13801, 57, 0x0000000000000000 | 1.14 1.17 1.11 | cpu  10175822 1188 2496712 254399159 208861 0 169716 0 0 0
1791009511 2865, 13801, 57, 0x0000000000000000 | 1.14 1.17 1.11 | cpu  10175930 1188 2496725 254401583 208861 0 169716 0 0 0
1791009512 2865, 13801, 57, 0x0000000000000000 | 1.14 1.17 1.11 | cpu  10176038 1188 2496740 254404009 208861 0 169716 0 0 0
1791009513 2857, 13801, 57, 0x0000000000000000 | 1.14 1.17 1.11 | cpu  10176147 1188 2496755 254406442 208861 0 169716 0 0 0
1791009514 2872, 13801, 55, 0x0000000000000000 | 1.13 1.17 1.11 | cpu  10176259 1188 2496770 254408857 208861 0 169716 0 0 0
1791009515 2872, 13801, 53, 0x0000000000000000 | 1.13 1.17 1.11 | cpu  10176370 1188 2496788 254411273 208861 0 169716 0 0 0
1791009516 2857, 13801, 58, 0x0000000000000000 | 1.13 1.17 1.11 | cpu  10176483 1188 2496857 254413636 208861 0 169717 0 0 0
1791009517 2857, 13801, 60, 0x0000000000000000 | 1.13 1.17 1.11 | cpu  10176592 1188 2496878 254416061 208861 0 169717 0 0 0
1791009518 2872, 13801, 56, 0x0000000000000000 | 1.13 1.17 1.11 | cpu  10176701 1188 2496892 254418491 208861 0 169717 0 0 0
1791009519 2857, 13801, 59, 0x0000000000000000 | 1.12 1.16 1.11 | cpu  10176809 1188 2496905 254420923 208861 0 169717 0 0 0
1791009520 2865, 13801, 57, 0x0000000000000000 | 1.12 1.16 1.11 | cpu  10176917 1188 2496921 254423350 208861 0 169717 0 0 0
1791009521 2865, 13801, 56, 0x0000000000000000 | 1.12 1.16 1.11 | cpu  10177025 1188 2496935 254425779 208861 0 169717 0 0 0
1791009523 2880, 13801, 55, 0x0000000000000000 | 1.12 1.16 1.11 | cpu  10177133 1188 2496949 254428204 208862 0 169717 0 0 0
1791009524 2880, 13801, 55, 0x0000000000000000 | 1.12 1.16 1.11 | cpu  10177241 1188 2496963 254430636 208862 0 169717 0 0 0
1791009525 2872, 13801, 56, 0x0000000000000000 | 1.11 1.16 1.11 | cpu  10177349 1188 2496977 254433063 208862 0 169717 0 0 0
1791009526 2857, 13801, 58, 0x0000000000000000 | 1.11 1.16 1.11 | cpu  10177457 1188 2496991 254435486 208862 0 169717 0 0 0
1791009527 2865, 13801, 57, 0x0000000000000000 | 1.11 1.16 1.11 | cpu  10177566 1188 2497005 254437912 208862 0 169717 0 0 0
1791009528 2872, 13801, 56, 0x0000000000000000 | 1.11 1.16 1.11 | cpu  10177676 1188 2497023 254440330 208862 0 169717 0 0 0
1791009529 2872, 13801, 55, 0x0000000000000000 | 1.18 1.17 1.11 | cpu  10177785 1188 2497038 254442756 208862 0 169718 0 0 0
1791009530 2865, 13801, 58, 0x0000000000000000 | 1.18 1.17 1.11 | cpu  10177893 1188 2497052 254445187 208862 0 169718 0 0 0
1791009531 2880, 13801, 56, 0x0000000000000000 | 1.18 1.17 1.11 | cpu  10178001 1188 2497066 254447618 208862 0 169718 0 0 0
1791009532 2865, 13801, 56, 0x0000000000000000 | 1.18 1.17 1.11 | cpu  10178110 1188 2497081 254450048 208862 0 169718 0 0 0
1791009533 2865, 13801, 56, 0x0000000000000000 | 1.18 1.17 1.11 | cpu  10178219 1188 2497094 254452476 208864 0 169718 0 0 0
1791009534 2872, 13801, 56, 0x0000000000000000 | 1.16 1.17 1.11 | cpu  10178327 1188 2497108 254454904 208864 0 169719 0 0 0
1791009535 2872, 13801, 55, 0x0000000000000000 | 1.16 1.17 1.11 | cpu  10178436 1188 2497123 254457333 208864 0 169720 0 0 0
1791009536 2857, 13801, 59, 0x0000000000000000 | 1.16 1.17 1.11 | cpu  10178544 1188 2497136 254459762 208864 0 169720 0 0 0
1791009537 2872, 13801, 55, 0x0000000000000000 | 1.16 1.17 1.11 | cpu  10178652 1188 2497150 254462193 208864 0 169721 0 0 0
1791009539 2872, 13801, 55, 0x0000000000000000 | 1.16 1.17 1.11 | cpu  10178761 1188 2497163 254464621 208864 0 169721 0 0 0
1791009540 2865, 13801, 56, 0x0000000000000000 | 1.15 1.17 1.11 | cpu  10178872 1188 2497182 254467037 208864 0 169721 0 0 0
1791009541 2865, 13801, 56, 0x0000000000000000 | 1.15 1.17 1.11 | cpu  10178984 1188 2497204 254469450 208864 0 169721 0 0 0
1791009542 2865, 13801, 59, 0x0000000000000000 | 1.15 1.17 1.11 | cpu  10179093 1188 2497219 254471876 208864 0 169721 0 0 0
1791009543 2865, 13801, 57, 0x0000000000000000 | 1.15 1.17 1.11 | cpu  10179201 1188 2497234 254474307 208864 0 169722 0 0 0
1791009544 2850, 13801, 59, 0x0000000000000000 | 1.15 1.17 1.11 | cpu  10179310 1188 2497247 254476733 208864 0 169722 0 0 0
1791009545 2865, 13801, 56, 0x0000000000000000 | 1.14 1.17 1.11 | cpu  10179419 1188 2497262 254479159 208865 0 169722 0 0 0
1791009546 2857, 13801, 59, 0x0000000000000000 | 1.14 1.17 1.11 | cpu  10179528 1188 2497277 254481585 208867 0 169722 0 0 0
1791009547 2865, 13801, 57, 0x0000000000000000 | 1.14 1.17 1.11 | cpu  10179636 1188 2497292 254484012 208867 0 169722 0 0 0
1791009548 2865, 13801, 57, 0x0000000000000000 | 1.14 1.17 1.11 | cpu  10179747 1188 2497309 254486434 208867 0 169725 0 0 0
1791009549 2872, 13801, 56, 0x0000000000000000 | 1.13 1.16 1.11 | cpu  10179856 1188 2497323 254488865 208867 0 169725 0 0 0
1791009550 2865, 13801, 57, 0x0000000000000000 | 1.13 1.16 1.11 | cpu  10179964 1188 2497338 254491298 208868 0 169725 0 0 0
1791009551 2865, 13801, 56, 0x0000000000000000 | 1.13 1.16 1.11 | cpu  10180074 1188 2497355 254493716 208868 0 169726 0 0 0
1791009552 2872, 13801, 56, 0x0000000000000000 | 1.13 1.16 1.11 | cpu  10180183 1188 2497369 254496143 208868 0 169727 0 0 0
1791009553 2865, 13801, 57, 0x0000000000000000 | 1.13 1.16 1.11 | cpu  10180291 1188 2497382 254498570 208868 0 169727 0 0 0
1791009554 2872, 13801, 55, 0x0000000000000000 | 1.12 1.16 1.11 | cpu  10180399 1188 2497395 254500998 208868 0 169727 0 0 0
1791009556 2865, 13801, 56, 0x0000000000000000 | 1.12 1.16 1.11 | cpu  10180507 1188 2497410 254503425 208868 0 169727 0 0 0
1791009557 2865, 13801, 56, 0x0000000000000000 | 1.12 1.16 1.11 | cpu  10180615 1188 2497424 254505855 208869 0 169727 0 0 0
1791009558 2865, 13801, 57, 0x0000000000000000 | 1.12 1.16 1.11 | cpu  10180723 1188 2497436 254508284 208869 0 169727 0 0 0
1791009559 2857, 13801, 57, 0x0000000000000000 | 1.12 1.16 1.11 | cpu  10180832 1188 2497451 254510711 208869 0 169727 0 0 0
1791009560 2865, 13801, 58, 0x0000000000000000 | 1.11 1.16 1.11 | cpu  10180943 1188 2497469 254513136 208869 0 169728 0 0 0
1791009561 2865, 13801, 57, 0x0000000000000000 | 1.11 1.16 1.11 | cpu  10181051 1188 2497482 254515564 208869 0 169729 0 0 0
1791009562 2865, 13801, 57, 0x0000000000000000 | 1.11 1.16 1.11 | cpu  10181170 1188 2497548 254517927 208869 0 169733 0 0 0
1791009563 2865, 13801, 56, 0x0000000000000000 | 1.11 1.16 1.11 | cpu  10181278 1188 2497563 254520356 208869 0 169734 0 0 0
1791009564 2857, 13801, 59, 0x0000000000000000 | 1.10 1.15 1.11 | cpu  10181388 1188 2497579 254522786 208869 0 169735 0 0 0
1791009565 2857, 13801, 58, 0x0000000000000000 | 1.10 1.15 1.11 | cpu  10181497 1188 2497593 254525218 208869 0 169735 0 0 0
1791009566 2857, 13801, 58, 0x0000000000000000 | 1.10 1.15 1.11 | cpu  10181606 1188 2497608 254527650 208869 0 169735 0 0 0
1791009567 2865, 13801, 57, 0x0000000000000000 | 1.10 1.15 1.11 | cpu  10181713 1188 2497621 254530080 208870 0 169735 0 0 0
1791009568 2857, 13801, 59, 0x0000000000000000 | 1.10 1.15 1.11 | cpu  10181822 1188 2497635 254532508 208870 0 169735 0 0 0
1791009569 2850, 13801, 59, 0x0000000000000000 | 1.09 1.15 1.10 | cpu  10181930 1188 2497651 254534942 208870 0 169735 0 0 0
1791009570 2850, 13801, 59, 0x0000000000000000 | 1.09 1.15 1.10 | cpu  10182037 1188 2497666 254537370 208871 0 169736 0 0 0
1791009571 2857, 13801, 59, 0x0000000000000000 | 1.09 1.15 1.10 | cpu  10182147 1188 2497680 254539799 208871 0 169736 0 0 0
1791009573 2865, 13801, 58, 0x0000000000000000 | 1.09 1.15 1.10 | cpu  10182255 1188 2497695 254542221 208871 0 169737 0 0 0
1791009574 2865, 13801, 58, 0x0000000000000000 | 1.09 1.15 1.10 | cpu  10182364 1188 2497710 254544639 208871 0 169739 0 0 0
1791009575 2865, 13801, 57, 0x0000000000000000 | 1.08 1.15 1.10 | cpu  10182473 1188 2497723 254547071 208871 0 169739 0 0 0
1791009576 2857, 13801, 59, 0x0000000000000000 | 1.08 1.15 1.10 | cpu  10182581 1188 2497740 254549494 208872 0 169739 0 0 0
1791009577 2865, 13801, 57, 0x0000000000000000 | 1.08 1.15 1.10 | cpu  10182692 1188 2497755 254551918 208872 0 169740 0 0 0
1791009578 2865, 13801, 58, 0x0000000000000000 | 1.08 1.15 1.10 | cpu  10182803 1188 2497770 254554339 208872 0 169740 0 0 0
1791009579 2857, 13801, 60, 0x0000000000000000 | 1.08 1.15 1.10 | cpu  10182916 1188 2497844 254556704 208872 0 169740 0 0 0
1791009580 2865, 13801, 59, 0x0000000000000000 | 1.08 1.14 1.10 | cpu  10183024 1188 2497859 254559130 208872 0 169740 0 0 0
1791009581 2880, 13801, 56, 0x0000000000000000 | 1.08 1.14 1.10 | cpu  10183131 1188 2497872 254561558 208874 0 169740 0 0 0
1791009582 2865, 13801, 57, 0x0000000000000000 | 1.08 1.14 1.10 | cpu  10183240 1188 2497886 254563986 208874 0 169740 0 0 0
1791009583 2865, 13801, 57, 0x0000000000000000 | 1.08 1.14 1.10 | cpu  10183348 1188 2497901 254566422 208874 0 169741 0 0 0
1791009584 2865, 13801, 58, 0x0000000000000000 | 1.07 1.14 1.10 | cpu  10183457 1188 2497914 254568858 208874 0 169741 0 0 0
1791009585 2865, 13801, 56, 0x0000000000000000 | 1.07 1.14 1.10 | cpu  10183567 1188 2497932 254571279 208874 0 169742 0 0 0
1791009586 2857, 13801, 58, 0x0000000000000000 | 1.07 1.14 1.10 | cpu  10183675 1188 2497947 254573711 208876 0 169742 0 0 0
1791009587 2872, 13801, 56, 0x0000000000000000 | 1.07 1.14 1.10 | cpu  10183785 1188 2497961 254576133 208876 0 169743 0 0 0
1791009588 2872, 13801, 56, 0x0000000000000000 | 1.07 1.14 1.10 | cpu  10183894 1188 2497976 254578558 208877 0 169743 0 0 0
1791009590 2872, 13801, 56, 0x0000000000000000 | 1.06 1.14 1.10 | cpu  10184003 1188 2497996 254580982 208877 0 169744 0 0 0
1791009591 2857, 13801, 59, 0x0000000000000000 | 1.06 1.14 1.10 | cpu  10184111 1188 2498010 254583412 208877 0 169744 0 0 0
1791009592 2865, 13801, 57, 0x0000000000000000 | 1.06 1.14 1.10 | cpu  10184220 1188 2498025 254585837 208877 0 169744 0 0 0
1791009593 2865, 13801, 57, 0x0000000000000000 | 1.06 1.14 1.10 | cpu  10184330 1188 2498044 254588263 208877 0 169745 0 0 0
1791009594 2872, 13801, 56, 0x0000000000000000 | 1.06 1.14 1.10 | cpu  10184438 1188 2498058 254590689 208879 0 169745 0 0 0
1791009595 2872, 13801, 56, 0x0000000000000000 | 1.06 1.14 1.10 | cpu  10184546 1188 2498073 254593116 208879 0 169745 0 0 0
1791009596 2865, 13801, 58, 0x0000000000000000 | 1.06 1.14 1.10 | cpu  10184654 1188 2498088 254595543 208879 0 169746 0 0 0
1791009597 2850, 13801, 61, 0x0000000000000000 | 1.06 1.14 1.10 | cpu  10184765 1188 2498106 254597976 208881 0 169746 0 0 0
1791009598 2872, 13801, 57, 0x0000000000000000 | 1.06 1.14 1.10 | cpu  10184873 1188 2498118 254600402 208881 0 169746 0 0 0
1791009599 2865, 13801, 56, 0x0000000000000000 | 1.05 1.14 1.10 | cpu  10184981 1188 2498132 254602830 208881 0 169746 0 0 0
1791009600 2850, 13801, 58, 0x0000000000000000 | 1.05 1.14 1.10 | cpu  10185089 1188 2498147 254605255 208881 0 169746 0 0 0
1791009601 2872, 13801, 57, 0x0000000000000000 | 1.05 1.14 1.10 | cpu  10185213 1188 2498180 254607646 208881 0 169748 0 0 0
1791009602 2880, 13801, 55, 0x0000000000000000 | 1.05 1.14 1.10 | cpu  10185336 1188 2498211 254610038 208882 0 169749 0 0 0
1791009603 2865, 13801, 56, 0x0000000000000000 | 1.05 1.14 1.10 | cpu  10185445 1188 2498225 254612469 208882 0 169750 0 0 0
1791009604 2857, 13801, 58, 0x0000000000000000 | 1.05 1.13 1.10 | cpu  10185553 1188 2498239 254614893 208882 0 169750 0 0 0
1791009606 2865, 13801, 57, 0x0000000000000000 | 1.05 1.13 1.10 | cpu  10185662 1188 2498256 254617322 208882 0 169750 0 0 0
1791009607 2857, 13801, 59, 0x0000000000000000 | 1.05 1.13 1.10 | cpu  10185770 1188 2498269 254619751 208882 0 169750 0 0 0
1791009608 2865, 13801, 57, 0x0000000000000000 | 1.05 1.13 1.10 | cpu  10185880 1188 2498288 254622166 208882 0 169752 0 0 0
1791009609 2865, 13801, 58, 0x0000000000000000 | 1.05 1.13 1.10 | cpu  10185993 1188 2498304 254624591 208882 0 169752 0 0 0
1791009610 2857, 13801, 59, 0x0000000000000000 | 1.05 1.13 1.10 | cpu  10186101 1188 2498318 254627020 208882 0 169752 0 0 0
1791009611 2865, 13801, 58, 0x0000000000000000 | 1.05 1.13 1.10 | cpu  10186209 1188 2498332 254629446 208882 0 169752 0 0 0
1791009612 2872, 13801, 56, 0x0000000000000000 | 1.05 1.13 1.10 | cpu  10186317 1188 2498347 254631870 208882 0 169752 0 0 0
1791009613 2865, 13801, 57, 0x0000000000000000 | 1.05 1.13 1.10 | cpu  10186426 1188 2498361 254634300 208883 0 169752 0 0 0
1791009614 2857, 13801, 59, 0x0000000000000000 | 1.04 1.13 1.10 | cpu  10186535 1188 2498378 254636724 208883 0 169753 0 0 0
1791009615 2857, 13801, 59, 0x0000000000000000 | 1.04 1.13 1.10 | cpu  10186643 1188 2498394 254639149 208883 0 169753 0 0 0
1791009616 2865, 13801, 57, 0x0000000000000000 | 1.04 1.13 1.10 | cpu  10186752 1188 2498408 254641577 208883 0 169754 0 0 0
1791009617 2865, 13801, 58, 0x0000000000000000 | 1.04 1.13 1.10 | cpu  10186860 1188 2498420 254644008 208883 0 169754 0 0 0
1791009618 2857, 13801, 59, 0x0000000000000000 | 1.04 1.13 1.10 | cpu  10186973 1188 2498443 254646423 208883 0 169754 0 0 0
1791009619 2865, 13801, 56, 0x0000000000000000 | 1.12 1.14 1.10 | cpu  10187085 1188 2498461 254648844 208883 0 169755 0 0 0
1791009620 2865, 13801, 54, 0x0000000000000000 | 1.12 1.14 1.10 | cpu  10187193 1188 2498474 254651273 208883 0 169755 0 0 0
1791009621 2865, 13801, 57, 0x0000000000000000 | 1.12 1.14 1.10 | cpu  10187301 1188 2498489 254653698 208883 0 169755 0 0 0
1791009623 2865, 13801, 57, 0x0000000000000000 | 1.12 1.14 1.10 | cpu  10187410 1188 2498503 254656122 208883 0 169755 0 0 0
1791009624 2857, 13801, 59, 0x0000000000000000 | 1.12 1.14 1.10 | cpu  10187518 1188 2498517 254658549 208883 0 169756 0 0 0
1791009625 2865, 13801, 58, 0x0000000000000000 | 1.11 1.14 1.10 | cpu  10187626 1188 2498532 254660972 208883 0 169757 0 0 0
1791009626 2865, 13801, 57, 0x0000000000000000 | 1.11 1.14 1.10 | cpu  10187735 1188 2498547 254663402 208885 0 169758 0 0 0
1791009627 2857, 13801, 59, 0x0000000000000000 | 1.11 1.14 1.10 | cpu  10187843 1188 2498560 254665833 208885 0 169758 0 0 0
1791009628 2865, 13801, 57, 0x0000000000000000 | 1.11 1.14 1.10 | cpu  10187951 1188 2498574 254668260 208885 0 169758 0 0 0
1791009629 2872, 13801, 57, 0x0000000000000000 | 1.11 1.14 1.10 | cpu  10188059 1188 2498587 254670694 208887 0 169758 0 0 0
1791009630 2865, 13801, 58, 0x0000000000000000 | 1.18 1.15 1.10 | cpu  10188168 1188 2498602 254673120 208887 0 169759 0 0 0
1791009631 2857, 13801, 59, 0x0000000000000000 | 1.18 1.15 1.10 | cpu  10188277 1188 2498620 254675547 208887 0 169759 0 0 0
1791009632 2865, 13801, 57, 0x0000000000000000 | 1.18 1.15 1.10 | cpu  10188384 1188 2498633 254677975 208888 0 169759 0 0 0
1791009633 2865, 13801, 58, 0x0000000000000000 | 1.18 1.15 1.10 | cpu  10188493 1188 2498647 254680402 208888 0 169759 0 0 0
1791009634 2865, 13801, 57, 0x0000000000000000 | 1.17 1.15 1.10 | cpu  10188601 1188 2498662 254682830 208888 0 169760 0 0 0
1791009635 2865, 13801, 57, 0x0000000000000000 | 1.17 1.15 1.10 | cpu  10188709 1188 2498676 254685253 208888 0 169760 0 0 0
1791009636 2865, 13801, 54, 0x0000000000000000 | 1.17 1.15 1.10 | cpu  10188819 1188 2498692 254687672 208888 0 169760 0 0 0
1791009637 2865, 13801, 57, 0x0000000000000000 | 1.17 1.15 1.10 | cpu  10188927 1188 2498707 254690097 208888 0 169760 0 0 0
1791009638 2872, 13801, 56, 0x0000000000000000 | 1.17 1.15 1.10 | cpu  10189036 1188 2498722 254692525 208888 0 169760 0 0 0
1791009640 2857, 13801, 60, 0x0000000000000000 | 1.15 1.15 1.10 | cpu  10189148 1188 2498739 254694943 208889 0 169760 0 0 0
1791009641 2872, 13801, 57, 0x0000000000000000 | 1.15 1.15 1.10 | cpu  10189259 1188 2498757 254697365 208889 0 169760 0 0 0
1791009642 2872, 13801, 56, 0x0000000000000000 | 1.15 1.15 1.10 | cpu  10189372 1188 2498829 254699727 208889 0 169760 0 0 0
1791009643 2865, 13801, 57, 0x0000000000000000 | 1.15 1.15 1.10 | cpu  10189482 1188 2498843 254702150 208889 0 169760 0 0 0
1791009644 2872, 13801, 55, 0x0000000000000000 | 1.15 1.15 1.10 | cpu  10189590 1188 2498858 254704575 208889 0 169760 0 0 0
1791009645 2872, 13801, 56, 0x0000000000000000 | 1.22 1.16 1.11 | cpu  10189699 1188 2498871 254707001 208889 0 169761 0 0 0
1791009646 2872, 13801, 56, 0x0000000000000000 | 1.22 1.16 1.11 | cpu  10189807 1188 2498886 254709421 208889 0 169761 0 0 0
1791009647 2872, 13801, 55, 0x0000000000000000 | 1.22 1.16 1.11 | cpu  10189915 1188 2498901 254711847 208889 0 169761 0 0 0
1791009648 2857, 13801, 60, 0x0000000000000000 | 1.22 1.16 1.11 | cpu  10190023 1188 2498917 254714280 208889 0 169761 0 0 0
1791009649 2857, 13801, 58, 0x0000000000000000 | 1.20 1.16 1.11 | cpu  10190132 1188 2498930 254716709 208889 0 169761 0 0 0
1791009650 2857, 13801, 59, 0x0000000000000000 | 1.20 1.16 1.11 | cpu  10190240 1188 2498946 254719132 208889 0 169761 0 0 0
1791009651 2872, 13801, 56, 0x0000000000000000 | 1.20 1.16 1.11 | cpu  10190357 1188 2498966 254721543 208890 0 169761 0 0 0
1791009652 2880, 13801, 53, 0x0000000000000000 | 1.20 1.16 1.11 | cpu  10190465 1188 2498979 254723966 208890 0 169761 0 0 0
1791009653 2872, 13801, 56, 0x0000000000000000 | 1.20 1.16 1.11 | cpu  10190575 1188 2498996 254726387 208890 0 169761 0 0 0
1791009654 2865, 13801, 58, 0x0000000000000000 | 1.19 1.16 1.11 | cpu  10190683 1188 2499010 254728822 208890 0 169762 0 0 0
1791009655 2865, 13801, 57, 0x0000000000000000 | 1.19 1.16 1.11 | cpu  10190793 1188 2499024 254731251 208890 0 169762 0 0 0
1791009657 2865, 13801, 57, 0x0000000000000000 | 1.19 1.16 1.11 | cpu  10190902 1188 2499038 254733683 208890 0 169763 0 0 0
1791009658 2857, 13801, 59, 0x0000000000000000 | 1.19 1.16 1.11 | cpu  10191010 1188 2499052 254736109 208890 0 169763 0 0 0
1791009659 2857, 13801, 59, 0x0000000000000000 | 1.19 1.16 1.11 | cpu  10191118 1188 2499066 254738535 208892 0 169763 0 0 0
1791009660 2872, 13801, 54, 0x0000000000000000 | 1.17 1.15 1.10 | cpu  10191227 1188 2499080 254740960 208892 0 169764 0 0 0
1791009661 2857, 13801, 58, 0x0000000000000000 | 1.17 1.15 1.10 | cpu  10191336 1188 2499092 254743395 208892 0 169764 0 0 0
1791009662 2872, 13801, 56, 0x0000000000000000 | 1.17 1.15 1.10 | cpu  10191444 1188 2499107 254745814 208892 0 169764 0 0 0
1791009663 2865, 13801, 56, 0x0000000000000000 | 1.17 1.15 1.10 | cpu  10191553 1188 2499121 254748248 208892 0 169764 0 0 0
1791009664 2872, 13801, 55, 0x0000000000000000 | 1.40 1.20 1.12 | cpu  10191662 1188 2499136 254750670 208896 0 169764 0 0 0
1791009665 2872, 13801, 55, 0x0000000000000000 | 1.40 1.20 1.12 | cpu  10191774 1188 2499153 254753082 208896 0 169767 0 0 0
1791009666 2865, 13801, 56, 0x0000000000000000 | 1.40 1.20 1.12 | cpu  10191883 1188 2499167 254755510 208896 0 169767 0 0 0
1791009667 2865, 13801, 57, 0x0000000000000000 | 1.40 1.20 1.12 | cpu  10191991 1188 2499180 254757934 208896 0 169767 0 0 0
1791009668 2857, 13801, 58, 0x0000000000000000 | 1.40 1.20 1.12 | cpu  10192100 1188 2499194 254760371 208896 0 169767 0 0 0
1791009669 2865, 13801, 57, 0x0000000000000000 | 1.37 1.20 1.12 | cpu  10192208 1188 2499208 254762800 208896 0 169769 0 0 0
1791009670 2857, 13801, 59, 0x0000000000000000 | 1.37 1.20 1.12 | cpu  10192316 1188 2499224 254765226 208898 0 169769 0 0 0
1791009671 2857, 13801, 58, 0x0000000000000000 | 1.37 1.20 1.12 | cpu  10192427 1188 2499241 254767646 208898 0 169769 0 0 0
1791009672 2857, 13801, 59, 0x0000000000000000 | 1.37 1.20 1.12 | cpu  10192535 1188 2499255 254770075 208898 0 169770 0 0 0
1791009674 2857, 13801, 59, 0x0000000000000000 | 1.37 1.20 1.12 | cpu  10192652 1188 2499315 254772442 208898 0 169770 0 0 0
1791009675 2857, 13801, 59, 0x0000000000000000 | 1.34 1.19 1.12 | cpu  10192760 1188 2499330 254774870 208898 0 169770 0 0 0
1791009676 2865, 13801, 57, 0x0000000000000000 | 1.34 1.19 1.12 | cpu  10192869 1188 2499343 254777301 208898 0 169770 0 0 0
1791009677 2865, 13801, 58, 0x0000000000000000 | 1.34 1.19 1.12 | cpu  10192978 1188 2499361 254779722 208902 0 169770 0 0 0
1791009678 2872, 13801, 56, 0x0000000000000000 | 1.34 1.19 1.12 | cpu  10193086 1188 2499374 254782151 208902 0 169770 0 0 0
1791009679 2857, 13801, 59, 0x0000000000000000 | 1.34 1.19 1.12 | cpu  10193195 1188 2499388 254784578 208902 0 169770 0 0 0
1791009680 2865, 13801, 58, 0x0000000000000000 | 1.39 1.21 1.12 | cpu  10193304 1188 2499406 254787001 208902 0 169770 0 0 0
1791009681 2872, 13801, 56, 0x0000000000000000 | 1.39 1.21 1.12 | cpu  10193412 1188 2499420 254789428 208902 0 169770 0 0 0
1791009682 2865, 13801, 58, 0x0000000000000000 | 1.39 1.21 1.12 | cpu  10193521 1188 2499434 254791856 208904 0 169770 0 0 0
1791009683 2865, 13801, 57, 0x0000000000000000 | 1.39 1.21 1.12 | cpu  10193629 1188 2499448 254794278 208904 0 169770 0 0 0
1791009684 2865, 13801, 57, 0x0000000000000000 | 1.36 1.20 1.12 | cpu  10193738 1188 2499462 254796706 208904 0 169770 0 0 0
1791009685 2865, 13801, 57, 0x0000000000000000 | 1.36 1.20 1.12 | cpu  10193846 1188 2499475 254799132 208904 0 169770 0 0 0
1791009686 2865, 13801, 58, 0x0000000000000000 | 1.36 1.20 1.12 | cpu  10193954 1188 2499490 254801558 208904 0 169770 0 0 0
1791009687 2865, 13801, 56, 0x0000000000000000 | 1.36 1.20 1.12 | cpu  10194065 1188 2499508 254803979 208904 0 169773 0 0 0
1791009688 2872, 13801, 55, 0x0000000000000000 | 1.36 1.20 1.12 | cpu  10194173 1188 2499521 254806408 208904 0 169773 0 0 0
1791009689 2872, 13801, 56, 0x0000000000000000 | 1.33 1.20 1.12 | cpu  10194284 1188 2499540 254808828 208904 0 169774 0 0 0
1791009691 2872, 13801, 55, 0x0000000000000000 | 1.33 1.20 1.12 | cpu  10194367 1188 2499557 254811273 208904 0 169774 0 0 0
1791009692 2895, 13801, 52, 0x0000000000000000 | 1.33 1.20 1.12 | cpu  10194411 1188 2499625 254813708 208904 0 169774 0 0 0
1791009693 2850, 13801, 51, 0x0000000000000000 | 1.33 1.20 1.12 | cpu  10194453 1188 2499694 254816140 208904 0 169774 0 0 0
1791009694 2542, 13801, 50, 0x0000000000000000 | 1.33 1.20 1.12 | cpu  10194500 1188 2499759 254818567 208906 0 169774 0 0 0
1791009695 2542, 13801, 50, 0x0000000000000000 | 1.30 1.20 1.12 | cpu  10194549 1188 2499823 254820998 208906 0 169774 0 0 0
1791009696 2542, 13801, 50, 0x0000000000000000 | 1.30 1.20 1.12 | cpu  10194594 1188 2499901 254823422 208906 0 169774 0 0 0
1791009697 2542, 13801, 50, 0x0000000000000000 | 1.30 1.20 1.12 | cpu  10194637 1188 2499970 254825855 208906 0 169774 0 0 0
1791009698 2542, 13801, 49, 0x0000000000000000 | 1.30 1.20 1.12 | cpu  10194684 1188 2500036 254828286 208906 0 169774 0 0 0
1791009699 2542, 13801, 49, 0x0000000000000000 | 1.28 1.19 1.12 | cpu  10194728 1188 2500107 254830710 208907 0 169776 0 0 0
1791009700 2542, 13801, 49, 0x0000000000000000 | 1.28 1.19 1.12 | cpu  10194772 1188 2500176 254833144 208907 0 169777 0 0 0
1791009701 2542, 13801, 49, 0x0000000000000000 | 1.28 1.19 1.12 | cpu  10194815 1188 2500244 254835576 208907 0 169777 0 0 0
1791009702 2542, 13801, 49, 0x0000000000000000 | 1.28 1.19 1.12 | cpu  10194860 1188 2500314 254838005 208907 0 169778 0 0 0
1791009703 2542, 13801, 49, 0x0000000000000000 | 1.28 1.19 1.12 | cpu  10194910 1188 2500381 254840425 208907 0 169779 0 0 0
1791009704 2542, 13801, 48, 0x0000000000000000 | 1.34 1.21 1.12 | cpu  10194960 1188 2500505 254842791 208908 0 169779 0 0 0
1791009705 2542, 13801, 48, 0x0000000000000000 | 1.34 1.21 1.12 | cpu  10195005 1188 2500573 254845225 208908 0 169779 0 0 0
1791009706 2542, 13801, 48, 0x0000000000000000 | 1.34 1.21 1.12 | cpu  10195048 1188 2500645 254847656 208908 0 169780 0 0 0
1791009708 2542, 13801, 48, 0x0000000000000000 | 1.34 1.21 1.12 | cpu  10195095 1188 2500710 254850088 208908 0 169780 0 0 0
1791009709 2542, 13801, 48, 0x0000000000000000 | 1.34 1.21 1.12 | cpu  10195141 1188 2500778 254852524 208908 0 169780 0 0 0
1791009710 2542, 13801, 48, 0x0000000000000000 | 1.31 1.20 1.12 | cpu  10195184 1188 2500847 254854956 208908 0 169780 0 0 0
1791009711 2542, 13801, 48, 0x0000000000000000 | 1.31 1.20 1.12 | cpu  10195228 1188 2500920 254857382 208908 0 169780 0 0 0
1791009712 2542, 13801, 47, 0x0000000000000000 | 1.31 1.20 1.12 | cpu  10195271 1188 2500989 254859813 208908 0 169780 0 0 0
1791009713 2542, 13801, 47, 0x0000000000000000 | 1.31 1.20 1.12 | cpu  10195317 1188 2501055 254862242 208908 0 169780 0 0 0
1791009714 2542, 13801, 47, 0x0000000000000000 | 1.31 1.20 1.12 | cpu  10195365 1188 2501118 254864670 208910 0 169780 0 0 0
1791009715 2542, 13801, 47, 0x0000000000000000 | 1.36 1.22 1.13 | cpu  10195417 1188 2501184 254867099 208910 0 169780 0 0 0
1791009716 2542, 13801, 47, 0x0000000000000000 | 1.36 1.22 1.13 | cpu  10195473 1188 2501241 254869536 208910 0 169780 0 0 0
1791009717 2542, 13801, 47, 0x0000000000000000 | 1.36 1.22 1.13 | cpu  10195531 1188 2501296 254871984 208910 0 169780 0 0 0
1791009718 2542, 13801, 47, 0x0000000000000000 | 1.36 1.22 1.13 | cpu  10195572 1188 2501367 254874416 208910 0 169780 0 0 0
1791009719 2542, 13801, 47, 0x0000000000000000 | 1.34 1.21 1.13 | cpu  10195647 1188 2501445 254876803 208910 0 169780 0 0 0
