1791039687 2647, 14001, 46, 0x0000000000000000 | 6.22 10.45 10.61 | cpu  60456784 774 12685907 2432646804 468012 0 177082 0 0 0
1791039689 877, 7001, 45, 0x0000000000000000 | 6.22 10.45 10.61 | cpu  60458058 774 12686019 2432670385 468012 0 177083 0 0 0
1791039690 345, 810, 44, 0x0000000000000004 | 6.22 10.45 10.61 | cpu  60459542 774 12686131 2432693479 468014 0 177084 0 0 0
1791039691 307, 810, 44, 0x0000000000000000 | 5.88 10.31 10.57 | cpu  60460414 774 12686162 2432717504 468014 0 177084 0 0 0
1791039692 300, 405, 44, 0x0000000000000004 | 5.88 10.31 10.57 | cpu  60461301 774 12686228 2432741413 468015 0 177084 0 0 0
1791039693 300, 405, 44, 0x0000000000000004 | 5.88 10.31 10.57 | cpu  60461952 774 12686298 2432765628 468015 0 177085 0 0 0
1791039694 300, 405, 44, 0x0000000000000004 | 5.88 10.31 10.57 | cpu  60463310 774 12686365 2432789050 468017 0 177087 0 0 0
1791039695 2212, 13801, 45, 0x0000000000000000 | 5.81 10.22 10.54 | cpu  60464021 774 12686425 2432813410 468019 0 177091 0 0 0
1791039696 2647, 13801, 45, 0x0000000000000000 | 5.81 10.22 10.54 | cpu  60464283 774 12686462 2432837992 468023 0 177091 0 0 0
1791039697 2647, 13801, 45, 0x0000000000000000 | 5.81 10.22 10.54 | cpu  60464492 774 12686492 2432862602 468026 0 177091 0 0 0
1791039699 2647, 13801, 45, 0x0000000000000000 | 5.81 10.22 10.54 | cpu  60465256 774 12686541 2432886527 468037 0 177093 0 0 0
1791039700 2647, 13801, 45, 0x0000000000000000 | 5.81 10.22 10.54 | cpu  60465887 774 12686602 2432910618 468049 0 177093 0 0 0
1791039701 2647, 13801, 45, 0x0000000000000000 | 5.59 10.10 10.50 | cpu  60466505 774 12686712 2432935035 468055 0 177093 0 0 0
1791039702 2647, 13801, 45, 0x0000000000000000 | 5.59 10.10 10.50 | cpu  60469443 774 12686803 2432956743 468058 0 177095 0 0 0
1791039703 2647, 13801, 44, 0x0000000000000000 | 5.59 10.10 10.50 | cpu  60470504 774 12686909 2432980348 468060 0 177096 0 0 0
1791039704 2677, 13801, 45, 0x0000000000000000 | 5.59 10.10 10.50 | cpu  60471294 774 12686970 2433004184 468071 0 177096 0 0 0
1791039705 2677, 13801, 45, 0x0000000000000000 | 5.46 10.00 10.46 | cpu  60472504 774 12687036 2433027720 468071 0 177096 0 0 0
1791039706 2677, 13801, 45, 0x0000000000000000 | 5.46 10.00 10.46 | cpu  60472982 774 12687092 2433051893 468074 0 177098 0 0 0
1791039707 2677, 13801, 45, 0x0000000000000000 | 5.46 10.00 10.46 | cpu  60473279 777 12687148 2433076254 468074 0 177098 0 0 0
1791039709 2670, 13801, 44, 0x0000000000000000 | 5.46 10.00 10.46 | cpu  60474916 777 12687211 2433100679 468074 0 177099 0 0 0
1791039710 2670, 13801, 45, 0x0000000000000000 | 5.46 10.00 10.46 | cpu  60476010 777 12687288 2433125145 468074 0 177099 0 0 0
1791039711 2670, 13801, 44, 0x0000000000000000 | 5.26 9.89 10.42 | cpu  60479345 777 12687497 2433146345 468075 0 177099 0 0 0
1791039712 2670, 13801, 44, 0x0000000000000000 | 5.26 9.89 10.42 | cpu  60482638 777 12687695 2433168418 468075 0 177099 0 0 0
1791039713 2677, 13801, 44, 0x0000000000000000 | 5.26 9.89 10.42 | cpu  60486280 777 12687928 2433190917 468075 0 177099 0 0 0
1791039714 2677, 13801, 44, 0x0000000000000000 | 5.26 9.89 10.42 | cpu  60490507 777 12688199 2433211260 468075 0 177100 0 0 0
1791039715 2670, 13801, 44, 0x0000000000000000 | 12.37 11.28 10.87 | cpu  60492895 777 12689520 2433232861 468075 0 177100 0 0 0
1791039716 2655, 13801, 44, 0x0000000000000000 | 12.37 11.28 10.87 | cpu  60494990 777 12691348 2433253425 468078 0 177100 0 0 0
1791039718 2670, 13801, 44, 0x0000000000000000 | 12.37 11.28 10.87 | cpu  60496470 777 12692142 2433276078 468078 0 177101 0 0 0
1791039719 2662, 13801, 44, 0x0000000000000000 | 12.37 11.28 10.87 | cpu  60496792 777 12692195 2433300949 468078 0 177102 0 0 0
1791039720 2662, 13801, 44, 0x0000000000000000 | 12.37 11.28 10.87 | cpu  60497697 777 12692256 2433325588 468080 0 177103 0 0 0
1791039721 2677, 13801, 44, 0x0000000000000000 | 11.70 11.16 10.83 | cpu  60498327 777 12692377 2433350205 468083 0 177114 0 0 0
1791039722 2647, 13801, 44, 0x0000000000000000 | 11.70 11.16 10.83 | cpu  60498905 777 12692590 2433374522 468083 0 177118 0 0 0
1791039723 2647, 13801, 44, 0x0000000000000000 | 11.70 11.16 10.83 | cpu  60502759 777 12692876 2433394722 468083 0 177118 0 0 0
1791039724 2647, 13801, 43, 0x0000000000000000 | 11.70 11.16 10.83 | cpu  60504040 777 12693220 2433418688 468083 0 177120 0 0 0
1791039725 2647, 13801, 43, 0x0000000000000000 | 11.16 11.06 10.80 | cpu  60504619 777 12693379 2433443692 468083 0 177120 0 0 0
1791039727 2647, 13801, 43, 0x0000000000000000 | 11.16 11.06 10.80 | cpu  60506452 777 12693468 2433466640 468089 0 177120 0 0 0
1791039728 2647, 13801, 43, 0x0000000000000000 | 11.16 11.06 10.80 | cpu  60506736 777 12693489 2433491091 468089 0 177122 0 0 0
1791039729 2647, 13801, 43, 0x0000000000000000 | 11.16 11.06 10.80 | cpu  60507727 777 12693527 2433515990 468089 0 177124 0 0 0
1791039730 2647, 13801, 43, 0x0000000000000000 | 11.16 11.06 10.80 | cpu  60509733 777 12693594 2433538667 468090 0 177125 0 0 0
1791039731 2647, 13801, 43, 0x0000000000000000 | 11.87 11.21 10.85 | cpu  60510330 777 12693638 2433562997 468090 0 177125 0 0 0
1791039732 2647, 13801, 43, 0x0000000000000000 | 11.87 11.21 10.85 | cpu  60511210 777 12693706 2433586850 468091 0 177128 0 0 0
1791039733 2715, 13801, 43, 0x0000000000000000 | 11.87 11.21 10.85 | cpu  60516110 777 12693756 2433612764 468095 0 177130 0 0 0
1791039735 2677, 13801, 44, 0x0000000000000000 | 11.87 11.21 10.85 | cpu  60519696 777 12693874 2433634874 468097 0 177134 0 0 0
1791039736 2677, 13801, 43, 0x0000000000000000 | 20.21 12.95 11.42 | cpu  60523911 777 12693916 2433656335 468097 0 177135 0 0 0
1791039737 2677, 13801, 44, 0x0000000000000000 | 20.21 12.95 11.42 | cpu  60528177 777 12693987 2433678030 468097 0 177142 0 0 0
1791039738 2677, 13801, 43, 0x0000000000000000 | 20.21 12.95 11.42 | cpu  60532266 777 12694052 2433699620 468097 0 177143 0 0 0
1791039739 2670, 13801, 43, 0x0000000000000000 | 20.21 12.95 11.42 | cpu  60536472 777 12694106 2433721363 468097 0 177147 0 0 0
1791039741 2715, 13801, 43, 0x0000000000000000 | 18.99 12.82 11.38 | cpu  60538222 777 12694168 2433744819 468099 0 177148 0 0 0
1791039742 2647, 13801, 43, 0x0000000000000000 | 18.99 12.82 11.38 | cpu  60539051 777 12694206 2433769419 468099 0 177150 0 0 0
1791039743 2647, 13801, 43, 0x0000000000000000 | 18.99 12.82 11.38 | cpu  60539777 777 12694252 2433793673 468102 0 177151 0 0 0
1791039744 2670, 13801, 43, 0x0000000000000000 | 18.99 12.82 11.38 | cpu  60540449 777 12694293 2433817734 468107 0 177153 0 0 0
1791039745 2647, 13801, 43, 0x0000000000000000 | 18.99 12.82 11.38 | cpu  60542902 777 12694351 2433840674 468107 0 177153 0 0 0
1791039746 2647, 13801, 43, 0x0000000000000000 | 26.36 14.45 11.92 | cpu  60544522 777 12694443 2433863635 468108 0 177158 0 0 0
1791039747 2647, 13801, 43, 0x0000000000000000 | 26.36 14.45 11.92 | cpu  60545255 777 12694583 2433887926 468108 0 177162 0 0 0
1791039748 2647, 13801, 43, 0x0000000000000000 | 26.36 14.45 11.92 | cpu  60546102 777 12694705 2433911748 468108 0 177163 0 0 0
1791039749 2647, 13801, 43, 0x0000000000000000 | 26.36 14.45 11.92 | cpu  60546936 777 12694780 2433936052 468109 0 177166 0 0 0
1791039751 2647, 13801, 42, 0x0000000000000000 | 24.57 14.27 11.87 | cpu  60547914 777 12694862 2433960087 468109 0 177167 0 0 0
1791039752 2647, 13801, 42, 0x0000000000000000 | 24.57 14.27 11.87 | cpu  60550008 777 12694991 2433982916 468111 0 177167 0 0 0
1791039753 2647, 13801, 42, 0x0000000000000000 | 24.57 14.27 11.87 | cpu  60550893 777 12695088 2434007035 468111 0 177168 0 0 0
1791039754 2647, 13801, 42, 0x0000000000000000 | 24.57 14.27 11.87 | cpu  60551584 777 12695228 2434032301 468111 0 177168 0 0 0
1791039755 2647, 13801, 42, 0x0000000000000000 | 24.57 14.27 11.87 | cpu  60552431 777 12695338 2434056232 468115 0 177172 0 0 0
1791039756 2647, 13801, 42, 0x0000000000000000 | 23.16 14.15 11.85 | cpu  60553259 777 12695523 2434081358 468118 0 177173 0 0 0
1791039757 2647, 13801, 42, 0x0000000000000000 | 23.16 14.15 11.85 | cpu  60554018 777 12695650 2434106286 468118 0 177174 0 0 0
1791039759 2647, 13801, 42, 0x0000000000000000 | 23.16 14.15 11.85 | cpu  60555190 777 12695763 2434130199 468118 0 177174 0 0 0
1791039760 2647, 13801, 42, 0x0000000000000000 | 23.16 14.15 11.85 | cpu  60555837 777 12695869 2434154366 468118 0 177174 0 0 0
1791039761 2647, 13801, 42, 0x0000000000000000 | 21.63 13.98 11.80 | cpu  60556633 777 12695966 2434178212 468120 0 177174 0 0 0
1791039762 2647, 13801, 42, 0x0000000000000000 | 21.63 13.98 11.80 | cpu  60557541 777 12696056 2434202049 468120 0 177175 0 0 0
1791039763 2647, 13801, 42, 0x0000000000000000 | 21.63 13.98 11.80 | cpu  60557752 777 12696131 2434226694 468122 0 177175 0 0 0
1791039764 2647, 13801, 42, 0x0000000000000000 | 21.63 13.98 11.80 | cpu  60557949 777 12696219 2434251612 468122 0 177175 0 0 0
1791039765 2647, 13801, 42, 0x0000000000000000 | 34.39 16.75 12.71 | cpu  60559818 777 12696320 2434274796 468122 0 177175 0 0 0
1791039766 2647, 13801, 42, 0x0000000000000000 | 34.39 16.75 12.71 | cpu  60563257 777 12696427 2434296428 468125 0 177175 0 0 0
1791039768 2647, 13801, 42, 0x0000000000000000 | 34.39 16.75 12.71 | cpu  60564280 777 12696881 2434319805 468125 0 177176 0 0 0
1791039769 2647, 13801, 42, 0x0000000000000000 | 34.39 16.75 12.71 | cpu  60567022 777 12697008 2434341593 468125 0 177177 0 0 0
1791039770 2647, 13801, 42, 0x0000000000000000 | 34.39 16.75 12.71 | cpu  60568398 777 12697305 2434364769 468125 0 177178 0 0 0
1791039771 2647, 13801, 42, 0x0000000000000000 | 32.03 16.56 12.67 | cpu  60569138 777 12697410 2434388763 468125 0 177179 0 0 0
1791039772 2647, 13801, 42, 0x0000000000000000 | 32.03 16.56 12.67 | cpu  60571334 777 12697652 2434410917 468127 0 177179 0 0 0
1791039773 2647, 13801, 42, 0x0000000000000000 | 32.03 16.56 12.67 | cpu  60572999 777 12697758 2434433963 468127 0 177179 0 0 0
1791039774 2647, 13801, 42, 0x0000000000000000 | 32.03 16.56 12.67 | cpu  60573713 777 12697856 2434457999 468127 0 177180 0 0 0
1791039775 2647, 13801, 42, 0x0000000000000000 | 29.87 16.37 12.63 | cpu  60575312 777 12697960 2434481049 468128 0 177180 0 0 0
1791039776 2647, 13801, 42, 0x0000000000000000 | 29.87 16.37 12.63 | cpu  60576480 777 12698030 2434504677 468128 0 177181 0 0 0
1791039777 2647, 13801, 42, 0x0000000000000000 | 29.87 16.37 12.63 | cpu  60577494 777 12698097 2434528456 468130 0 177182 0 0 0
1791039779 2647, 13801, 42, 0x0000000000000000 | 29.87 16.37 12.63 | cpu  60577830 777 12698173 2434553196 468130 0 177182 0 0 0
1791039780 2647, 13801, 42, 0x0000000000000000 | 29.87 16.37 12.63 | cpu  60578858 777 12698270 2434576307 468130 0 177184 0 0 0
1791039781 2647, 13801, 42, 0x0000000000000000 | 27.80 16.16 12.58 | cpu  60580495 777 12698396 2434599558 468130 0 177184 0 0 0
1791039782 2647, 13801, 42, 0x0000000000000000 | 27.80 16.16 12.58 | cpu  60581732 777 12698497 2434622990 468130 0 177184 0 0 0
1791039783 2647, 13801, 42, 0x0000000000000000 | 27.80 16.16 12.58 | cpu  60582112 777 12698582 2434647349 468131 0 177185 0 0 0
1791039784 2647, 13801, 41, 0x0000000000000000 | 27.80 16.16 12.58 | cpu  60582761 777 12698658 2434671971 468131 0 177185 0 0 0
1791039785 2647, 13801, 41, 0x0000000000000000 | 26.05 15.99 12.55 | cpu  60583434 777 12698767 2434696478 468131 0 177185 0 0 0
1791039786 2647, 13801, 41, 0x0000000000000000 | 26.05 15.99 12.55 | cpu  60584086 777 12698887 2434720607 468134 0 177186 0 0 0
1791039787 2647, 13801, 41, 0x0000000000000000 | 26.05 15.99 12.55 | cpu  60584989 777 12699050 2434744308 468134 0 177186 0 0 0
1791039789 2647, 13801, 41, 0x0000000000000000 | 26.05 15.99 12.55 | cpu  60585951 777 12699186 2434768005 468135 0 177187 0 0 0
1791039790 2647, 13801, 41, 0x0000000000000000 | 26.05 15.99 12.55 | cpu  60586653 777 12699286 2434792177 468135 0 177187 0 0 0
1791039791 2647, 13801, 41, 0x0000000000000000 | 24.37 15.81 12.51 | cpu  60587479 777 12699446 2434815995 468135 0 177188 0 0 0
1791039792 2647, 13801, 41, 0x0000000000000000 | 24.37 15.81 12.51 | cpu  60588314 777 12699587 2434839905 468137 0 177188 0 0 0
1791039793 2647, 13801, 41, 0x0000000000000000 | 24.37 15.81 12.51 | cpu  60588602 777 12699664 2434864337 468137 0 177189 0 0 0
1791039794 2647, 13801, 41, 0x0000000000000000 | 24.37 15.81 12.51 | cpu  60588842 777 12699736 2434888815 468139 0 177190 0 0 0
1791039795 2647, 13801, 41, 0x0000000000000000 | 22.65 15.60 12.46 | cpu  60589010 777 12699812 2434913508 468139 0 177191 0 0 0
1791039796 2647, 13801, 41, 0x0000000000000000 | 22.65 15.60 12.46 | cpu  60589184 777 12699882 2434937946 468139 0 177191 0 0 0
1791039797 2647, 13801, 41, 0x0000000000000000 | 22.65 15.60 12.46 | cpu  60590202 777 12699977 2434961577 468140 0 177192 0 0 0
1791039799 2647, 13801, 41, 0x0000000000000000 | 22.65 15.60 12.46 | cpu  60590924 777 12700062 2434986043 468151 0 177192 0 0 0
1791039800 2647, 13801, 41, 0x0000000000000000 | 22.65 15.60 12.46 | cpu  60591655 777 12700176 2435009983 468181 0 177193 0 0 0
1791039801 2670, 13801, 41, 0x0000000000000000 | 21.08 15.39 12.40 | cpu  60592444 777 12700226 2435033842 468232 0 177193 0 0 0
1791039802 2647, 13801, 41, 0x0000000000000000 | 21.08 15.39 12.40 | cpu  60593900 777 12700324 2435057577 468236 0 177193 0 0 0
1791039803 3030, 13801, 44, 0x0000000000000000 | 21.08 15.39 12.40 | cpu  60597831 777 12700445 2435079033 468236 0 177195 0 0 0
1791039804 2977, 13801, 43, 0x0000000000000000 | 21.08 15.39 12.40 | cpu  60599112 777 12700607 2435103238 468236 0 177196 0 0 0
1791039805 3007, 13801, 49, 0x0000000000000000 | 19.79 15.21 12.36 | cpu  60600170 777 12700672 2435126890 468238 0 177197 0 0 0
1791039806 3015, 13801, 47, 0x0000000000000004 | 19.79 15.21 12.36 | cpu  60602193 777 12700716 2435150095 468240 0 177198 0 0 0
1791039808 3022, 13801, 44, 0x0000000000000000 | 19.79 15.21 12.36 | cpu  60603068 777 12700777 2435174969 468240 0 177198 0 0 0
1791039809 3015, 13801, 44, 0x0000000000000000 | 19.79 15.21 12.36 | cpu  60604853 777 12700841 2435199339 468240 0 177199 0 0 0
1791039810 3007, 13801, 44, 0x0000000000000000 | 19.79 15.21 12.36 | cpu  60606445 777 12700890 2435222340 468241 0 177199 0 0 0
1791039811 3015, 13801, 51, 0x0000000000000000 | 18.45 15.01 12.31 | cpu  60607179 777 12700939 2435246821 468241 0 177199 0 0 0
1791039812 3022, 13801, 47, 0x0000000000000004 | 18.45 15.01 12.31 | cpu  60607825 777 12700968 2435271015 468242 0 177200 0 0 0
1791039813 3000, 13801, 45, 0x0000000000000000 | 18.45 15.01 12.31 | cpu  60609195 777 12701010 2435295544 468242 0 177201 0 0 0
1791039814 3000, 13801, 44, 0x0000000000000000 | 18.45 15.01 12.31 | cpu  60609935 777 12701067 2435319709 468242 0 177201 0 0 0
1791039815 3007, 13801, 44, 0x0000000000000000 | 17.37 14.85 12.27 | cpu  60610707 777 12701120 2435343755 468243 0 177201 0 0 0
1791039817 3015, 13801, 44, 0x0000000000000000 | 17.37 14.85 12.27 | cpu  60611972 777 12701187 2435368043 468243 0 177202 0 0 0
1791039818 3015, 13801, 44, 0x0000000000000000 | 17.37 14.85 12.27 | cpu  60612817 777 12701240 2435392426 468243 0 177202 0 0 0
1791039819 3015, 13801, 44, 0x0000000000000000 | 17.37 14.85 12.27 | cpu  60613532 777 12701277 2435416544 468246 0 177202 0 0 0
1791039820 3015, 13801, 47, 0x0000000000000000 | 17.37 14.85 12.27 | cpu  60614449 777 12701330 2435440636 468247 0 177203 0 0 0
1791039821 3015, 13801, 51, 0x0000000000000000 | 23.59 16.18 12.72 | cpu  60615426 777 12701367 2435464853 468247 0 177204 0 0 0
1791039822 3022, 13801, 50, 0x0000000000000000 | 23.59 16.18 12.72 | cpu  60616200 777 12701416 2435489483 468247 0 177204 0 0 0
1791039823 3015, 13801, 44, 0x0000000000000000 | 23.59 16.18 12.72 | cpu  60618124 777 12701483 2435512500 468249 0 177204 0 0 0
1791039824 3015, 13801, 45, 0x0000000000000000 | 23.59 16.18 12.72 | cpu  60620611 777 12701622 2435534543 468251 0 177204 0 0 0
1791039826 3015, 13801, 45, 0x0000000000000000 | 21.94 15.96 12.67 | cpu  60621487 777 12701668 2435558338 468252 0 177204 0 0 0
1791039827 3022, 13801, 47, 0x0000000000000000 | 21.94 15.96 12.67 | cpu  60622337 777 12701693 2435582182 468253 0 177204 0 0 0
1791039828 3022, 13801, 54, 0x0000000000000004 | 21.94 15.96 12.67 | cpu  60623669 777 12701722 2435605572 468253 0 177204 0 0 0
1791039829 3015, 13801, 46, 0x0000000000000000 | 21.94 15.96 12.67 | cpu  60624418 777 12701776 2435629684 468253 0 177205 0 0 0
1791039830 3007, 13801, 46, 0x0000000000000000 | 21.94 15.96 12.67 | cpu  60625540 777 12701833 2435653804 468253 0 177206 0 0 0
1791039831 3015, 13801, 46, 0x0000000000000000 | 20.50 15.76 12.62 | cpu  60627621 777 12701869 2435676908 468254 0 177207 0 0 0
1791039832 3015, 13801, 45, 0x0000000000000000 | 20.50 15.76 12.62 | cpu  60627902 777 12701893 2435701860 468254 0 177208 0 0 0
1791039833 3000, 13801, 45, 0x0000000000000000 | 20.50 15.76 12.62 | cpu  60628136 777 12701911 2435726553 468254 0 177208 0 0 0
1791039835 3015, 13801, 52, 0x0000000000000000 | 20.50 15.76 12.62 | cpu  60628560 777 12701951 2435751182 468254 0 177209 0 0 0
1791039836 3022, 13801, 47, 0x0000000000000000 | 19.10 15.55 12.57 | cpu  60628890 777 12701966 2435775796 468254 0 177209 0 0 0
1791039837 3022, 13801, 54, 0x0000000000000000 | 19.10 15.55 12.57 | cpu  60629229 777 12701982 2435801085 468254 0 177210 0 0 0
1791039838 3015, 13801, 52, 0x0000000000000000 | 19.10 15.55 12.57 | cpu  60629566 777 12702006 2435826205 468254 0 177210 0 0 0
1791039839 3022, 13801, 52, 0x0000000000000000 | 19.10 15.55 12.57 | cpu  60629903 777 12702032 2435850930 468256 0 177210 0 0 0
1791039840 3015, 13801, 50, 0x0000000000000000 | 19.10 15.55 12.57 | cpu  60630656 777 12702065 2435875123 468256 0 177210 0 0 0
1791039841 3015, 13801, 51, 0x0000000000000000 | 17.89 15.35 12.52 | cpu  60631465 777 12702106 2435899083 468256 0 177210 0 0 0
1791039842 3022, 13801, 53, 0x0000000000000000 | 17.89 15.35 12.52 | cpu  60632216 777 12702153 2435923065 468256 0 177212 0 0 0
1791039843 3022, 13801, 52, 0x0000000000000000 | 17.89 15.35 12.52 | cpu  60632988 777 12702196 2435946883 468257 0 177212 0 0 0
1791039845 3022, 13801, 48, 0x0000000000000000 | 17.89 15.35 12.52 | cpu  60633278 777 12702214 2435971397 468257 0 177212 0 0 0
1791039846 3015, 13801, 47, 0x0000000000000000 | 16.70 15.15 12.47 | cpu  60634087 777 12702250 2435995385 468257 0 177214 0 0 0
1791039847 3022, 13801, 47, 0x0000000000000000 | 16.70 15.15 12.47 | cpu  60634788 777 12702294 2436019965 468257 0 177215 0 0 0
1791039848 3022, 13801, 52, 0x0000000000000000 | 16.70 15.15 12.47 | cpu  60635536 777 12702353 2436044524 468257 0 177217 0 0 0
1791039849 3022, 13801, 45, 0x0000000000000000 | 16.70 15.15 12.47 | cpu  60636112 777 12702380 2436068740 468260 0 177221 0 0 0
1791039850 3022, 13801, 44, 0x0000000000000000 | 16.70 15.15 12.47 | cpu  60636770 778 12702419 2436093191 468260 0 177224 0 0 0
1791039851 2655, 13801, 44, 0x0000000000000000 | 15.60 14.95 12.42 | cpu  60637466 778 12702464 2436117276 468261 0 177224 0 0 0
1791039852 2662, 13801, 44, 0x0000000000000000 | 15.60 14.95 12.42 | cpu  60638185 778 12702510 2436141329 468261 0 177224 0 0 0
1791039854 2647, 13801, 44, 0x0000000000000000 | 15.60 14.95 12.42 | cpu  60638894 778 12702577 2436165757 468261 0 177225 0 0 0
1791039855 2655, 13801, 44, 0x0000000000000000 | 15.60 14.95 12.42 | cpu  60640113 778 12702655 2436189076 468262 0 177229 0 0 0
1791039856 2647, 13801, 44, 0x0000000000000000 | 14.59 14.75 12.37 | cpu  60642650 778 12702761 2436210962 468265 0 177231 0 0 0
1791039857 2670, 13801, 44, 0x0000000000000000 | 14.59 14.75 12.37 | cpu  60643484 778 12702796 2436234781 468265 0 177231 0 0 0
1791039858 2655, 13801, 43, 0x0000000000000000 | 14.59 14.75 12.37 | cpu  60644788 778 12702823 2436259156 468265 0 177234 0 0 0
1791039859 2655, 13801, 43, 0x0000000000000000 | 14.59 14.75 12.37 | cpu  60646454 778 12702870 2436282214 468265 0 177236 0 0 0
1791039860 2670, 13801, 43, 0x0000000000000000 | 13.90 14.60 12.33 | cpu  60647175 778 12702924 2436307034 468267 0 177236 0 0 0
1791039861 2670, 13801, 43, 0x0000000000000000 | 13.90 14.60 12.33 | cpu  60648878 778 12702971 2436330831 468268 0 177238 0 0 0
1791039862 2655, 13801, 43, 0x0000000000000000 | 13.90 14.60 12.33 | cpu  60650644 778 12703025 2436354608 468268 0 177244 0 0 0
1791039864 2655, 13801, 43, 0x0000000000000000 | 13.90 14.60 12.33 | cpu  60651400 778 12703076 2436378557 468268 0 177249 0 0 0
1791039865 2647, 13801, 43, 0x0000000000000000 | 13.90 14.60 12.33 | cpu  60652105 778 12703184 2436403129 468268 0 177252 0 0 0
1791039866 2685, 13801, 43, 0x0000000000000000 | 13.27 14.46 12.30 | cpu  60652784 778 12703250 2436427235 468270 0 177260 0 0 0
1791039867 2812, 13801, 44, 0x0000000000000000 | 13.27 14.46 12.30 | cpu  60653848 778 12703302 2436452204 468271 0 177260 0 0 0
1791039868 3007, 13801, 46, 0x0000000000000000 | 13.27 14.46 12.30 | cpu  60654674 778 12703349 2436476186 468271 0 177261 0 0 0
1791039869 3022, 13801, 48, 0x0000000000000004 | 13.27 14.46 12.30 | cpu  60655682 778 12703406 2436500487 468272 0 177263 0 0 0
1791039870 3007, 13801, 46, 0x0000000000000000 | 12.45 14.27 12.25 | cpu  60656568 779 12703448 2436524776 468272 0 177263 0 0 0
1791039872 3007, 13801, 46, 0x0000000000000000 | 12.45 14.27 12.25 | cpu  60657278 779 12703506 2436548873 468275 0 177265 0 0 0
1791039873 3015, 13801, 46, 0x0000000000000000 | 12.45 14.27 12.25 | cpu  60658015 779 12703555 2436573983 468275 0 177267 0 0 0
1791039874 3007, 13801, 46, 0x0000000000000000 | 12.45 14.27 12.25 | cpu  60658629 779 12703578 2436598496 468275 0 177268 0 0 0
1791039875 3000, 13801, 45, 0x0000000000000000 | 12.45 14.27 12.25 | cpu  60658867 779 12703606 2436623587 468275 0 177272 0 0 0
1791039876 3007, 13801, 46, 0x0000000000000000 | 11.61 14.07 12.19 | cpu  60659706 779 12703653 2436648118 468275 0 177273 0 0 0
1791039877 3007, 13801, 46, 0x0000000000000000 | 11.61 14.07 12.19 | cpu  60660443 779 12703741 2436672337 468275 0 177273 0 0 0
1791039878 3000, 13801, 46, 0x0000000000000000 | 11.61 14.07 12.19 | cpu  60661056 779 12703788 2436696890 468275 0 177274 0 0 0
1791039879 3022, 13801, 55, 0x0000000000000004 | 11.61 14.07 12.19 | cpu  60661828 779 12703824 2436721769 468275 0 177275 0 0 0
1791039881 2992, 13801, 45, 0x0000000000000000 | 10.92 13.88 12.14 | cpu  60662768 779 12703864 2436745790 468276 0 177275 0 0 0
1791039882 3015, 13801, 46, 0x0000000000000000 | 10.92 13.88 12.14 | cpu  60663515 780 12703907 2436770618 468279 0 177275 0 0 0
1791039883 3022, 13801, 47, 0x0000000000000000 | 10.92 13.88 12.14 | cpu  60664304 780 12703950 2436794974 468279 0 177276 0 0 0
1791039884 3022, 13801, 52, 0x0000000000000000 | 10.92 13.88 12.14 | cpu  60665433 780 12704036 2436819003 468279 0 177278 0 0 0
1791039885 3007, 13801, 45, 0x0000000000000000 | 10.92 13.88 12.14 | cpu  60666213 780 12704084 2436844034 468279 0 177278 0 0 0
1791039886 3007, 13801, 46, 0x0000000000000000 | 10.29 13.70 12.09 | cpu  60669506 780 12704142 2436865132 468280 0 177278 0 0 0
1791039887 2647, 13801, 46, 0x0000000000000000 | 10.29 13.70 12.09 | cpu  60671380 780 12704580 2436888476 468283 0 177278 0 0 0
1791039888 3022, 13801, 54, 0x0000000000000004 | 10.29 13.70 12.09 | cpu  60673831 780 12704695 2436911384 468283 0 177280 0 0 0
1791039890 3000, 13801, 50, 0x0000000000000000 | 10.29 13.70 12.09 | cpu  60675099 780 12704811 2436935066 468283 0 177280 0 0 0
1791039891 2985, 13801, 46, 0x0000000000000000 | 9.78 13.54 12.05 | cpu  60676375 780 12704846 2436958553 468284 0 177280 0 0 0
1791039892 3022, 13801, 53, 0x0000000000000000 | 9.78 13.54 12.05 | cpu  60677914 780 12704878 2436982227 468285 0 177282 0 0 0
1791039893 3015, 13801, 46, 0x0000000000000000 | 9.78 13.54 12.05 | cpu  60678618 780 12704931 2437006646 468285 0 177284 0 0 0
1791039894 3022, 13801, 44, 0x0000000000000000 | 9.78 13.54 12.05 | cpu  60680701 780 12704988 2437028970 468285 0 177284 0 0 0
1791039895 2670, 13801, 44, 0x0000000000000000 | 9.78 13.54 12.05 | cpu  60681756 780 12705022 2437052844 468285 0 177285 0 0 0
1791039896 2647, 13801, 44, 0x0000000000000000 | 9.32 13.38 12.01 | cpu  60682023 780 12705041 2437077798 468285 0 177286 0 0 0
1791039897 2655, 13801, 44, 0x0000000000000000 | 9.32 13.38 12.01 | cpu  60682256 780 12705058 2437103211 468287 0 177286 0 0 0
1791039899 2655, 13801, 44, 0x0000000000000000 | 9.32 13.38 12.01 | cpu  60683275 780 12705111 2437127113 468287 0 177290 0 0 0
1791039900 2655, 13801, 44, 0x0000000000000000 | 9.32 13.38 12.01 | cpu  60684111 780 12705155 2437151132 468287 0 177291 0 0 0
1791039901 2662, 13801, 44, 0x0000000000000000 | 8.89 13.22 11.96 | cpu  60684917 780 12705214 2437176268 468287 0 177292 0 0 0
1791039902 2655, 13801, 44, 0x0000000000000000 | 8.89 13.22 11.96 | cpu  60685663 780 12705306 2437202300 468288 0 177294 0 0 0
1791039903 2655, 13801, 44, 0x0000000000000000 | 8.89 13.22 11.96 | cpu  60686832 780 12705356 2437225972 468288 0 177294 0 0 0
1791039904 2647, 13801, 43, 0x0000000000000000 | 8.89 13.22 11.96 | cpu  60687666 780 12705397 2437249914 468288 0 177295 0 0 0
1791039905 2685, 13801, 43, 0x0000000000000000 | 8.50 13.07 11.92 | cpu  60688392 780 12705465 2437274328 468288 0 177295 0 0 0
1791039907 2647, 13801, 43, 0x0000000000000000 | 8.50 13.07 11.92 | cpu  60689410 780 12705520 2437298337 468288 0 177296 0 0 0
1791039908 2670, 13801, 43, 0x0000000000000000 | 8.50 13.07 11.92 | cpu  60690127 780 12705568 2437322348 468289 0 177296 0 0 0
1791039909 2692, 13801, 43, 0x0000000000000000 | 8.50 13.07 11.92 | cpu  60690843 780 12705620 2437346874 468290 0 177296 0 0 0
1791039910 2655, 13801, 43, 0x0000000000000000 | 8.50 13.07 11.92 | cpu  60691892 780 12705697 2437371435 468290 0 177296 0 0 0
1791039911 2715, 13801, 45, 0x0000000000000000 | 8.06 12.90 11.87 | cpu  60692624 780 12705750 2437396959 468290 0 177296 0 0 0
1791039912 2685, 13801, 43, 0x0000000000000000 | 8.06 12.90 11.87 | cpu  60695213 780 12705815 2437419794 468292 0 177296 0 0 0
1791039913 2700, 13801, 44, 0x0000000000000000 | 8.06 12.90 11.87 | cpu  60697417 780 12705876 2437442686 468292 0 177298 0 0 0
1791039914 2655, 13801, 43, 0x0000000000000000 | 8.06 12.90 11.87 | cpu  60698305 780 12705927 2437466570 468292 0 177298 0 0 0
1791039916 2970, 13801, 52, 0x0000000000000000 | 7.81 12.77 11.84 | cpu  60699804 780 12706018 2437489938 468292 0 177298 0 0 0
1791039917 2962, 13801, 45, 0x0000000000000000 | 7.81 12.77 11.84 | cpu  60701302 780 12706104 2437513892 468292 0 177298 0 0 0
1791039918 2985, 13801, 45, 0x0000000000000000 | 7.81 12.77 11.84 | cpu  60702155 780 12706162 2437537997 468294 0 177299 0 0 0
1791039919 2955, 13801, 45, 0x0000000000000000 | 7.81 12.77 11.84 | cpu  60704685 780 12706209 2437560921 468295 0 177300 0 0 0
1791039920 2985, 13801, 45, 0x0000000000000000 | 7.81 12.77 11.84 | cpu  60705571 780 12706331 2437584653 468295 0 177300 0 0 0
1791039921 3000, 13801, 46, 0x0000000000000000 | 7.51 12.63 11.79 | cpu  60706298 780 12706381 2437609160 468295 0 177300 0 0 0
1791039922 2977, 13801, 45, 0x0000000000000000 | 7.51 12.63 11.79 | cpu  60707159 780 12706431 2437633518 468296 0 177300 0 0 0
1791039923 3000, 13801, 45, 0x0000000000000000 | 7.51 12.63 11.79 | cpu  60708494 780 12706480 2437657168 468297 0 177301 0 0 0
1791039925 3000, 13801, 54, 0x0000000000000000 | 7.51 12.63 11.79 | cpu  60709374 780 12706530 2437682496 468298 0 177301 0 0 0
1791039926 3022, 13801, 49, 0x0000000000000004 | 7.31 12.50 11.76 | cpu  60710089 780 12706649 2437706590 468298 0 177301 0 0 0
1791039927 3022, 13801, 52, 0x0000000000000004 | 7.31 12.50 11.76 | cpu  60710766 780 12706713 2437730742 468298 0 177301 0 0 0
1791039928 3007, 13801, 45, 0x0000000000000000 | 7.31 12.50 11.76 | cpu  60710995 780 12706727 2437755598 468298 0 177302 0 0 0
1791039929 2992, 13801, 46, 0x0000000000000000 | 7.31 12.50 11.76 | cpu  60711222 780 12706752 2437780353 468298 0 177302 0 0 0
1791039930 3007, 13801, 46, 0x0000000000000000 | 7.31 12.50 11.76 | cpu  60711461 780 12706779 2437805817 468298 0 177302 0 0 0
1791039931 3007, 13801, 46, 0x0000000000000000 | 6.88 12.33 11.70 | cpu  60711697 780 12706830 2437831151 468301 0 177303 0 0 0
1791039932 3000, 13801, 46, 0x0000000000000000 | 6.88 12.33 11.70 | cpu  60711928 780 12706887 2437855761 468301 0 177303 0 0 0
1791039934 3000, 13801, 46, 0x0000000000000000 | 6.88 12.33 11.70 | cpu  60712874 780 12706934 2437880423 468301 0 177304 0 0 0
1791039935 2985, 13801, 46, 0x0000000000000000 | 6.88 12.33 11.70 | cpu  60716745 780 12707087 2437901423 468301 0 177304 0 0 0
1791039936 2985, 13801, 46, 0x0000000000000000 | 7.29 12.32 11.71 | cpu  60718113 780 12707160 2437925666 468301 0 177304 0 0 0
1791039937 2985, 13801, 51, 0x0000000000000000 | 7.29 12.32 11.71 | cpu  60718850 780 12707186 2437949812 468303 0 177304 0 0 0
1791039938 2992, 13801, 47, 0x0000000000000000 | 7.29 12.32 11.71 | cpu  60720770 780 12707229 2437972578 468306 0 177304 0 0 0
1791039939 3007, 13801, 47, 0x0000000000000000 | 7.29 12.32 11.71 | cpu  60721626 780 12707276 2437996943 468306 0 177304 0 0 0
1791039940 3022, 13801, 46, 0x0000000000000000 | 7.11 12.20 11.67 | cpu  60722430 780 12707325 2438020861 468306 0 177305 0 0 0
1791039941 2857, 13801, 45, 0x0000000000000000 | 7.11 12.20 11.67 | cpu  60724662 780 12707356 2438043341 468308 0 177305 0 0 0
1791039943 2662, 13801, 44, 0x0000000000000000 | 7.11 12.20 11.67 | cpu  60724976 780 12707375 2438068237 468308 0 177305 0 0 0
1791039944 2647, 13801, 44, 0x0000000000000000 | 7.11 12.20 11.67 | cpu  60725851 780 12707418 2438092231 468309 0 177305 0 0 0
1791039945 2670, 13801, 45, 0x0000000000000000 | 7.11 12.20 11.67 | cpu  60726612 780 12707467 2438116742 468310 0 177305 0 0 0
1791039946 2662, 13801, 44, 0x0000000000000000 | 6.94 12.08 11.63 | cpu  60727463 780 12707523 2438140798 468311 0 177305 0 0 0
1791039947 2647, 13801, 44, 0x0000000000000000 | 6.94 12.08 11.63 | cpu  60728204 780 12707568 2438165729 468311 0 177305 0 0 0
1791039948 2655, 13801, 44, 0x0000000000000000 | 6.94 12.08 11.63 | cpu  60728546 784 12707592 2438190669 468311 0 177305 0 0 0
1791039949 2662, 13801, 44, 0x0000000000000000 | 6.94 12.08 11.63 | cpu  60728768 784 12707608 2438215559 468311 0 177305 0 0 0
1791039950 2647, 13801, 44, 0x0000000000000000 | 6.54 11.91 11.58 | cpu  60728994 784 12707625 2438240229 468312 0 177305 0 0 0
1791039952 2647, 13801, 45, 0x0000000000000000 | 6.54 11.91 11.58 | cpu  60729218 784 12707653 2438264802 468313 0 177306 0 0 0
1791039953 2677, 13801, 44, 0x0000000000000000 | 6.54 11.91 11.58 | cpu  60729925 784 12707689 2438289001 468313 0 177306 0 0 0
1791039954 2647, 13801, 44, 0x0000000000000000 | 6.54 11.91 11.58 | cpu  60730652 784 12707788 2438314118 468313 0 177306 0 0 0
1791039955 2662, 13801, 44, 0x0000000000000000 | 6.54 11.91 11.58 | cpu  60734538 784 12707917 2438335027 468313 0 177306 0 0 0
1791039956 2662, 13801, 44, 0x0000000000000000 | 6.34 11.78 11.54 | cpu  60736001 784 12708033 2438359768 468315 0 177307 0 0 0
1791039957 2662, 13801, 43, 0x0000000000000000 | 6.34 11.78 11.54 | cpu  60736392 784 12708062 2438384217 468315 0 177307 0 0 0
1791039958 2647, 13801, 43, 0x0000000000000000 | 6.34 11.78 11.54 | cpu  60738526 784 12708100 2438406781 468315 0 177308 0 0 0
1791039959 2662, 13801, 43, 0x0000000000000000 | 6.34 11.78 11.54 | cpu  60739259 784 12708154 2438430830 468315 0 177308 0 0 0
1791039961 2647, 13801, 43, 0x0000000000000000 | 6.15 11.65 11.50 | cpu  60740012 784 12708202 2438456138 468315 0 177308 0 0 0
1791039962 2662, 13801, 43, 0x0000000000000000 | 6.15 11.65 11.50 | cpu  60742731 784 12708257 2438478594 468315 0 177308 0 0 0
1791039963 2662, 13801, 43, 0x0000000000000000 | 6.15 11.65 11.50 | cpu  60743437 784 12708309 2438502884 468315 0 177309 0 0 0
1791039964 2647, 13801, 43, 0x0000000000000000 | 6.15 11.65 11.50 | cpu  60744104 784 12708420 2438527079 468315 0 177309 0 0 0
1791039965 2647, 13801, 43, 0x0000000000000000 | 6.15 11.65 11.50 | cpu  60745253 784 12708492 2438551782 468315 0 177310 0 0 0
1791039966 2662, 13801, 43, 0x0000000000000000 | 5.98 11.52 11.46 | cpu  60745931 784 12708546 2438576003 468315 0 177310 0 0 0
1791039967 2715, 13801, 43, 0x0000000000000000 | 5.98 11.52 11.46 | cpu  60746719 784 12708593 2438599874 468317 0 177312 0 0 0
1791039968 2647, 13801, 43, 0x0000000000000000 | 5.98 11.52 11.46 | cpu  60747559 784 12708649 2438623905 468319 0 177313 0 0 0
1791039970 2925, 13801, 44, 0x0000000000000000 | 5.98 11.52 11.46 | cpu  60748613 784 12708734 2438649169 468320 0 177313 0 0 0
1791039971 3022, 13801, 44, 0x0000000000000000 | 5.90 11.41 11.42 | cpu  60750449 784 12708871 2438671959 468320 0 177313 0 0 0
1791039972 2730, 13801, 44, 0x0000000000000000 | 5.90 11.41 11.42 | cpu  60752394 784 12709025 2438695157 468321 0 177313 0 0 0
1791039973 2655, 13801, 43, 0x0000000000000000 | 5.90 11.41 11.42 | cpu  60754418 784 12709170 2438718182 468321 0 177314 0 0 0
1791039974 2647, 13801, 43, 0x0000000000000000 | 5.90 11.41 11.42 | cpu  60756203 784 12709285 2438741512 468325 0 177314 0 0 0
1791039975 3022, 13801, 54, 0x0000000000000004 | 5.90 11.41 11.42 | cpu  60760027 784 12709394 2438762899 468325 0 177315 0 0 0
1791039976 2992, 13801, 44, 0x0000000000000000 | 8.31 11.82 11.56 | cpu  60764030 784 12710056 2438784192 468326 0 177315 0 0 0
1791039978 2992, 13801, 45, 0x0000000000000000 | 8.31 11.82 11.56 | cpu  60767091 784 12710304 2438805418 468327 0 177317 0 0 0
1791039979 2962, 13801, 45, 0x0000000000000000 | 8.31 11.82 11.56 | cpu  60768704 784 12710511 2438829431 468331 0 177318 0 0 0
1791039980 2992, 13801, 45, 0x0000000000000000 | 8.31 11.82 11.56 | cpu  60769819 784 12711438 2438852738 468333 0 177318 0 0 0
1791039981 3015, 13801, 46, 0x0000000000000000 | 7.97 11.69 11.52 | cpu  60770998 784 12711519 2438876166 468335 0 177318 0 0 0
1791039982 2992, 13801, 45, 0x0000000000000000 | 7.97 11.69 11.52 | cpu  60772126 784 12711612 2438900137 468339 0 177318 0 0 0
1791039983 3000, 13801, 45, 0x0000000000000000 | 7.97 11.69 11.52 | cpu  60773231 784 12711667 2438923879 468342 0 177318 0 0 0
1791039984 3000, 13801, 50, 0x0000000000000000 | 7.97 11.69 11.52 | cpu  60775638 784 12711850 2438946351 468342 0 177319 0 0 0
1791039985 3007, 13801, 54, 0x0000000000000004 | 7.57 11.55 11.47 | cpu  60780326 784 12712023 2438966258 468342 0 177319 0 0 0
1791039987 3015, 13801, 45, 0x0000000000000000 | 7.57 11.55 11.47 | cpu  60784920 784 12712198 2438986973 468342 0 177319 0 0 0
1791039988 2977, 13801, 46, 0x0000000000000000 | 7.57 11.55 11.47 | cpu  60788080 784 12712829 2439007939 468345 0 177319 0 0 0
1791039989 3000, 13801, 46, 0x0000000000000000 | 7.57 11.55 11.47 | cpu  60790898 784 12714766 2439027987 468345 0 177320 0 0 0
1791039990 3022, 13801, 55, 0x0000000000000004 | 7.57 11.55 11.47 | cpu  60792640 784 12716741 2439049413 468345 0 177320 0 0 0
1791039991 2970, 13801, 52, 0x0000000000000000 | 7.20 11.41 11.42 | cpu  60794687 784 12716808 2439072421 468345 0 177320 0 0 0
1791039992 3015, 13801, 55, 0x0000000000000004 | 7.20 11.41 11.42 | cpu  60795017 785 12716819 2439096935 468345 0 177320 0 0 0
1791039993 3022, 13801, 53, 0x0000000000000004 | 7.20 11.41 11.42 | cpu  60795252 785 12716836 2439121707 468349 0 177320 0 0 0
1791039994 3022, 13801, 52, 0x0000000000000004 | 7.20 11.41 11.42 | cpu  60795942 785 12716858 2439146375 468349 0 177321 0 0 0
1791039996 3022, 13801, 49, 0x0000000000000004 | 7.03 11.30 11.39 | cpu  60796786 785 12716926 2439170807 468349 0 177323 0 0 0
1791039997 3015, 13801, 47, 0x0000000000000000 | 7.03 11.30 11.39 | cpu  60797624 785 12716972 2439195270 468349 0 177324 0 0 0
1791039998 3022, 13801, 53, 0x0000000000000000 | 7.03 11.30 11.39 | cpu  60798500 786 12717012 2439219771 468353 0 177324 0 0 0
1791039999 3015, 13801, 50, 0x0000000000000000 | 7.03 11.30 11.39 | cpu  60799892 786 12717056 2439243228 468353 0 177325 0 0 0
1791040000 3022, 13801, 46, 0x0000000000000000 | 7.03 11.30 11.39 | cpu  60800622 786 12717120 2439267414 468355 0 177326 0 0 0
1791040001 2670, 13801, 44, 0x0000000000000000 | 6.86 11.19 11.35 | cpu  60801464 786 12717170 2439292318 468355 0 177326 0 0 0
1791040002 2647, 13801, 44, 0x0000000000000000 | 6.86 11.19 11.35 | cpu  60802595 786 12717227 2439315938 468355 0 177327 0 0 0
1791040003 2670, 13801, 44, 0x0000000000000000 | 6.86 11.19 11.35 | cpu  60803224 786 12717277 2439340274 468360 0 177327 0 0 0
1791040004 2647, 13801, 44, 0x0000000000000000 | 6.86 11.19 11.35 | cpu  60803929 786 12717328 2439364516 468360 0 177327 0 0 0
1791040006 2647, 13801, 44, 0x0000000000000000 | 6.63 11.08 11.31 | cpu  60805883 786 12717376 2439387192 468361 0 177328 0 0 0
1791040007 2670, 13801, 44, 0x0000000000000000 | 6.63 11.08 11.31 | cpu  60808380 786 12717430 2439410090 468363 0 177328 0 0 0
1791040008 2662, 13801, 44, 0x0000000000000000 | 6.63 11.08 11.31 | cpu  60809841 786 12717522 2439433347 468363 0 177329 0 0 0
1791040009 3015, 13801, 45, 0x0000000000000000 | 6.63 11.08 11.31 | cpu  60811048 786 12717568 2439457966 468363 0 177330 0 0 0
1791040010 2647, 13801, 52, 0x0000000000000000 | 6.63 11.08 11.31 | cpu  60812400 786 12717620 2439481933 468365 0 177330 0 0 0
1791040011 3022, 13801, 45, 0x0000000000000000 | 14.43 12.62 11.81 | cpu  60813570 786 12717679 2439505981 468365 0 177332 0 0 0
1791040012 3015, 13801, 45, 0x0000000000000000 | 14.43 12.62 11.81 | cpu  60815356 786 12717744 2439530149 468365 0 177332 0 0 0
1791040014 2647, 13801, 44, 0x0000000000000000 | 14.43 12.62 11.81 | cpu  60816829 786 12717790 2439554379 468366 0 177333 0 0 0
1791040015 2670, 13801, 44, 0x0000000000000000 | 14.43 12.62 11.81 | cpu  60817444 786 12717843 2439578788 468367 0 177338 0 0 0
1791040016 2685, 13801, 44, 0x0000000000000000 | 13.43 12.44 11.76 | cpu  60817680 786 12717872 2439603436 468367 0 177338 0 0 0
1791040017 2677, 13801, 44, 0x0000000000000000 | 13.43 12.44 11.76 | cpu  60817994 786 12717926 2439628055 468373 0 177339 0 0 0
1791040018 3000, 13801, 45, 0x0000000000000000 | 13.43 12.44 11.76 | cpu  60818324 786 12717961 2439653024 468378 0 177339 0 0 0
1791040019 3022, 13801, 44, 0x0000000000000000 | 13.43 12.44 11.76 | cpu  60818667 786 12717995 2439677501 468379 0 177340 0 0 0
1791040020 2655, 13801, 44, 0x0000000000000000 | 13.43 12.44 11.76 | cpu  60819626 786 12718046 2439701905 468380 0 177344 0 0 0
1791040021 2655, 13801, 43, 0x0000000000000000 | 12.68 12.30 11.72 | cpu  60820343 786 12718113 2439725628 468380 0 177347 0 0 0
1791040023 2655, 13801, 43, 0x0000000000000000 | 12.68 12.30 11.72 | cpu  60821115 786 12718169 2439749720 468380 0 177347 0 0 0
1791040024 2662, 13801, 43, 0x0000000000000000 | 12.68 12.30 11.72 | cpu  60821928 786 12718253 2439774212 468388 0 177350 0 0 0
1791040025 2655, 13801, 43, 0x0000000000000000 | 12.68 12.30 11.72 | cpu  60822251 786 12718286 2439798678 468388 0 177352 0 0 0
1791040026 2655, 13801, 43, 0x0000000000000000 | 11.98 12.16 11.68 | cpu  60822502 786 12718319 2439823850 468389 0 177352 0 0 0
1791040027 2647, 13801, 43, 0x0000000000000000 | 11.98 12.16 11.68 | cpu  60824131 786 12718358 2439847176 468390 0 177353 0 0 0
1791040028 2677, 13801, 43, 0x0000000000000000 | 11.98 12.16 11.68 | cpu  60826547 786 12718648 2439870492 468390 0 177354 0 0 0
1791040029 2647, 13801, 43, 0x0000000000000000 | 11.98 12.16 11.68 | cpu  60828992 786 12718849 2439891968 468390 0 177358 0 0 0
1791040030 2647, 13801, 43, 0x0000000000000000 | 11.42 12.04 11.64 | cpu  60830158 786 12718974 2439916542 468390 0 177358 0 0 0
1791040031 2655, 13801, 43, 0x0000000000000000 | 11.42 12.04 11.64 | cpu  60830957 786 12719078 2439940231 468391 0 177359 0 0 0
1791040033 2647, 13801, 43, 0x0000000000000000 | 11.42 12.04 11.64 | cpu  60832806 786 12719158 2439963143 468391 0 177359 0 0 0
1791040034 2647, 13801, 43, 0x0000000000000000 | 11.42 12.04 11.64 | cpu  60833656 786 12719209 2439986801 468391 0 177359 0 0 0
1791040035 2647, 13801, 43, 0x0000000000000000 | 11.42 12.04 11.64 | cpu  60834343 786 12719261 2440010513 468392 0 177360 0 0 0
1791040036 2655, 13801, 43, 0x0000000000000000 | 10.67 11.88 11.59 | cpu  60836280 786 12719302 2440032451 468393 0 177360 0 0 0
1791040037 2655, 13801, 43, 0x0000000000000000 | 10.67 11.88 11.59 | cpu  60836560 786 12719323 2440056915 468393 0 177360 0 0 0
1791040038 2647, 13801, 43, 0x0000000000000000 | 10.67 11.88 11.59 | cpu  60837467 786 12719380 2440080773 468393 0 177360 0 0 0
1791040039 2647, 13801, 43, 0x0000000000000000 | 10.67 11.88 11.59 | cpu  60838205 786 12719441 2440104917 468393 0 177360 0 0 0
1791040040 2677, 13801, 42, 0x0000000000000000 | 10.67 11.88 11.59 | cpu  60839037 786 12719508 2440128902 468393 0 177360 0 0 0
1791040041 2655, 13801, 42, 0x0000000000000000 | 10.22 11.76 11.55 | cpu  60840366 786 12719554 2440153593 468394 0 177360 0 0 0
1791040043 2647, 13801, 42, 0x0000000000000000 | 10.22 11.76 11.55 | cpu  60841068 786 12719620 2440177661 468394 0 177362 0 0 0
1791040044 2655, 13801, 42, 0x0000000000000000 | 10.22 11.76 11.55 | cpu  60841952 786 12719696 2440202097 468394 0 177365 0 0 0
1791040045 2655, 13801, 42, 0x0000000000000000 | 10.22 11.76 11.55 | cpu  60842849 786 12719743 2440225914 468394 0 177365 0 0 0
1791040046 2647, 13801, 42, 0x0000000000000000 | 9.64 11.62 11.51 | cpu  60843156 786 12719770 2440250456 468394 0 177366 0 0 0
1791040047 2647, 13801, 42, 0x0000000000000000 | 9.64 11.62 11.51 | cpu  60843387 786 12719794 2440275161 468396 0 177366 0 0 0
1791040048 2707, 13801, 42, 0x0000000000000000 | 9.64 11.62 11.51 | cpu  60845534 786 12719881 2440297404 468396 0 177366 0 0 0
1791040049 2655, 13801, 42, 0x0000000000000000 | 9.64 11.62 11.51 | cpu  60847038 786 12719961 2440320642 468398 0 177367 0 0 0
1791040050 2647, 13801, 42, 0x0000000000000000 | 9.64 11.62 11.51 | cpu  60847884 786 12719984 2440343677 468398 0 177368 0 0 0
1791040051 2647, 13801, 42, 0x0000000000000000 | 9.11 11.47 11.46 | cpu  60849211 786 12720012 2440367099 468398 0 177368 0 0 0
1791040053 2700, 13801, 42, 0x0000000000000000 | 9.11 11.47 11.46 | cpu  60850336 786 12720061 2440390692 468399 0 177368 0 0 0
1791040054 2647, 13801, 42, 0x0000000000000000 | 9.11 11.47 11.46 | cpu  60851126 786 12720124 2440414772 468400 0 177368 0 0 0
1791040055 2647, 13801, 42, 0x0000000000000000 | 9.11 11.47 11.46 | cpu  60853456 786 12720197 2440437080 468401 0 177368 0 0 0
1791040056 2655, 13801, 42, 0x0000000000000000 | 8.86 11.38 11.43 | cpu  60854548 786 12720232 2440460790 468401 0 177369 0 0 0
1791040057 2655, 13801, 42, 0x0000000000000000 | 8.86 11.38 11.43 | cpu  60855459 786 12720297 2440484803 468401 0 177369 0 0 0
1791040058 2647, 13801, 42, 0x0000000000000000 | 8.86 11.38 11.43 | cpu  60856208 786 12720354 2440509295 468404 0 177370 0 0 0
1791040059 2647, 13801, 42, 0x0000000000000000 | 8.86 11.38 11.43 | cpu  60857059 786 12720404 2440533172 468404 0 177370 0 0 0
1791040060 2677, 13801, 42, 0x0000000000000000 | 8.86 11.38 11.43 | cpu  60858417 786 12720510 2440557370 468408 0 177370 0 0 0
1791040061 2647, 13801, 42, 0x0000000000000000 | 8.87 11.34 11.42 | cpu  60859233 786 12720569 2440581418 468409 0 177370 0 0 0
1791040063 2647, 13801, 42, 0x0000000000000000 | 8.87 11.34 11.42 | cpu  60859918 786 12720636 2440605527 468411 0 177370 0 0 0
1791040064 2655, 13801, 42, 0x0000000000000000 | 8.87 11.34 11.42 | cpu  60861174 786 12720677 2440629451 468411 0 177371 0 0 0
1791040065 2655, 13801, 42, 0x0000000000000000 | 8.87 11.34 11.42 | cpu  60861959 786 12720732 2440653847 468413 0 177371 0 0 0
1791040066 2647, 13801, 42, 0x0000000000000000 | 8.40 11.20 11.37 | cpu  60862714 786 12720794 2440678307 468413 0 177371 0 0 0
1791040067 2647, 13801, 42, 0x0000000000000000 | 8.40 11.20 11.37 | cpu  60863300 786 12720870 2440702329 468415 0 177372 0 0 0
1791040068 2700, 13801, 42, 0x0000000000000000 | 8.40 11.20 11.37 | cpu  60864322 786 12720914 2440726451 468415 0 177372 0 0 0
1791040069 2655, 13801, 41, 0x0000000000000000 | 8.40 11.20 11.37 | cpu  60866881 786 12720985 2440748399 468416 0 177374 0 0 0
1791040070 2647, 13801, 41, 0x0000000000000000 | 8.29 11.13 11.35 | cpu  60868926 786 12721085 2440771302 468419 0 177374 0 0 0
1791040071 2647, 13801, 41, 0x0000000000000000 | 8.29 11.13 11.35 | cpu  60870056 787 12721116 2440794193 468421 0 177374 0 0 0
1791040073 2647, 13801, 42, 0x0000000000000000 | 8.29 11.13 11.35 | cpu  60871316 787 12721155 2440818659 468421 0 177374 0 0 0
1791040074 2647, 13801, 41, 0x0000000000000000 | 8.29 11.13 11.35 | cpu  60872590 787 12721214 2440842213 468421 0 177374 0 0 0
1791040075 2647, 13801, 41, 0x0000000000000000 | 8.29 11.13 11.35 | cpu  60873454 787 12721285 2440867621 468421 0 177376 0 0 0
1791040076 2655, 13801, 41, 0x0000000000000000 | 8.10 11.05 11.32 | cpu  60875967 787 12721387 2440890240 468421 0 177377 0 0 0
1791040077 2647, 13801, 41, 0x0000000000000000 | 8.10 11.05 11.32 | cpu  60876909 787 12721439 2440914417 468423 0 177378 0 0 0
1791040078 2647, 13801, 41, 0x0000000000000000 | 8.10 11.05 11.32 | cpu  60877540 787 12721502 2440938689 468423 0 177378 0 0 0
1791040079 2655, 13801, 41, 0x0000000000000000 | 8.10 11.05 11.32 | cpu  60878159 787 12721562 2440962841 468423 0 177378 0 0 0
1791040081 2737, 13801, 43, 0x0000000000000000 | 7.77 10.93 11.28 | cpu  60878847 787 12721605 2440987428 468424 0 177379 0 0 0
1791040082 3030, 13801, 42, 0x0000000000000000 | 7.77 10.93 11.28 | cpu  60879744 788 12721641 2441011371 468424 0 177380 0 0 0
1791040083 2655, 13801, 41, 0x0000000000000000 | 7.77 10.93 11.28 | cpu  60880471 788 12721693 2441036330 468425 0 177380 0 0 0
1791040084 2647, 13801, 41, 0x0000000000000000 | 7.77 10.93 11.28 | cpu  60881279 788 12721751 2441059791 468425 0 177380 0 0 0
1791040085 2647, 13801, 41, 0x0000000000000000 | 7.77 10.93 11.28 | cpu  60882079 788 12721830 2441084183 468425 0 177381 0 0 0
1791040086 2655, 13801, 41, 0x0000000000000000 | 7.39 10.80 11.23 | cpu  60882402 788 12721876 2441108661 468425 0 177381 0 0 0
1791040087 2655, 13801, 41, 0x0000000000000000 | 7.39 10.80 11.23 | cpu  60882673 788 12721902 2441133193 468425 0 177381 0 0 0
1791040088 2647, 13801, 41, 0x0000000000000000 | 7.39 10.80 11.23 | cpu  60882911 788 12721934 2441157839 468425 0 177381 0 0 0
1791040089 2647, 13801, 41, 0x0000000000000000 | 7.39 10.80 11.23 | cpu  60883748 788 12721995 2441181874 468425 0 177381 0 0 0
1791040091 2655, 13801, 41, 0x0000000000000000 | 7.04 10.67 11.19 | cpu  60884419 788 12722057 2441206607 468427 0 177382 0 0 0
1791040092 2655, 13801, 41, 0x0000000000000000 | 7.04 10.67 11.19 | cpu  60885118 788 12722170 2441230703 468427 0 177382 0 0 0
1791040093 2647, 13801, 41, 0x0000000000000000 | 7.04 10.67 11.19 | cpu  60885861 788 12722234 2441255197 468427 0 177383 0 0 0
1791040094 2647, 13801, 41, 0x0000000000000000 | 7.04 10.67 11.19 | cpu  60886825 788 12722290 2441279244 468428 0 177384 0 0 0
1791040095 2655, 13801, 41, 0x0000000000000000 | 7.04 10.67 11.19 | cpu  60890743 788 12722374 2441299274 468430 0 177384 0 0 0
1791040096 2647, 13801, 43, 0x0000000000000000 | 6.80 10.56 11.15 | cpu  60892397 788 12722465 2441321893 468432 0 177385 0 0 0
1791040097 2655, 13801, 41, 0x0000000000000000 | 6.80 10.56 11.15 | cpu  60893766 788 12722500 2441345286 468432 0 177386 0 0 0
1791040098 2655, 13801, 41, 0x0000000000000000 | 6.80 10.56 11.15 | cpu  60894682 788 12722532 2441369245 468432 0 177386 0 0 0
1791040099 2647, 13801, 41, 0x0000000000000000 | 6.80 10.56 11.15 | cpu  60895660 788 12722567 2441393382 468432 0 177386 0 0 0
1791040101 2647, 13801, 41, 0x0000000000000000 | 6.49 10.43 11.11 | cpu  60896000 788 12722600 2441418232 468437 0 177386 0 0 0
1791040102 2655, 13801, 41, 0x0000000000000000 | 6.49 10.43 11.11 | cpu  60898404 789 12722648 2441440740 468437 0 177386 0 0 0
1791040103 2655, 13801, 41, 0x0000000000000000 | 6.49 10.43 11.11 | cpu  60899451 789 12722748 2441465132 468441 0 177386 0 0 0
1791040104 2647, 13801, 41, 0x0000000000000000 | 6.49 10.43 11.11 | cpu  60901324 789 12722914 2441489981 468441 0 177386 0 0 0
1791040105 2647, 13801, 41, 0x0000000000000000 | 6.49 10.43 11.11 | cpu  60903241 789 12723098 2441512023 468441 0 177386 0 0 0
1791040106 2647, 13801, 41, 0x0000000000000000 | 6.45 10.36 11.08 | cpu  60905570 789 12723218 2441534741 468442 0 177387 0 0 0
1791040107 2700, 13801, 41, 0x0000000000000000 | 6.45 10.36 11.08 | cpu  60907351 789 12723346 2441557209 468442 0 177387 0 0 0
1791040108 2737, 13801, 41, 0x0000000000000000 | 6.45 10.36 11.08 | cpu  60909454 789 12723499 2441579552 468448 0 177387 0 0 0
1791040110 2655, 13801, 41, 0x0000000000000000 | 6.45 10.36 11.08 | cpu  60911735 789 12723827 2441603096 468451 0 177388 0 0 0
1791040111 2655, 13801, 41, 0x0000000000000000 | 6.42 10.29 11.05 | cpu  60913234 789 12724108 2441626854 468451 0 177388 0 0 0
1791040112 2647, 13801, 41, 0x0000000000000000 | 6.42 10.29 11.05 | cpu  60914919 789 12724254 2441649885 468451 0 177388 0 0 0
1791040113 2647, 13801, 41, 0x0000000000000000 | 6.42 10.29 11.05 | cpu  60916228 789 12725409 2441673206 468452 0 177388 0 0 0
1791040114 2655, 13801, 41, 0x0000000000000000 | 6.42 10.29 11.05 | cpu  60916880 789 12725518 2441697143 468453 0 177389 0 0 0
1791040115 2647, 13801, 41, 0x0000000000000000 | 6.42 10.29 11.05 | cpu  60917683 789 12725633 2441721103 468457 0 177390 0 0 0
1791040116 2647, 13801, 41, 0x0000000000000000 | 6.30 10.20 11.02 | cpu  60920515 789 12725704 2441742051 468458 0 177390 0 0 0
1791040117 2677, 13801, 41, 0x0000000000000000 | 6.30 10.20 11.02 | cpu  60922432 789 12725780 2441764506 468458 0 177392 0 0 0
1791040118 2647, 13801, 41, 0x0000000000000000 | 6.30 10.20 11.02 | cpu  60923703 789 12725830 2441788483 468460 0 177392 0 0 0
1791040120 2647, 13801, 41, 0x0000000000000000 | 6.30 10.20 11.02 | cpu  60925527 790 12725886 2441811920 468460 0 177392 0 0 0
1791040121 2655, 13801, 41, 0x0000000000000000 | 6.44 10.16 11.00 | cpu  60926374 790 12725931 2441835719 468466 0 177393 0 0 0
1791040122 2655, 13801, 41, 0x0000000000000000 | 6.44 10.16 11.00 | cpu  60927443 790 12725987 2441860285 468467 0 177394 0 0 0
1791040123 2647, 13801, 41, 0x0000000000000000 | 6.44 10.16 11.00 | cpu  60929751 790 12726059 2441882705 468467 0 177396 0 0 0
1791040124 2647, 13801, 41, 0x0000000000000000 | 6.44 10.16 11.00 | cpu  60930506 790 12726114 2441907527 468467 0 177397 0 0 0
1791040125 2820, 13801, 41, 0x0000000000000000 | 6.44 10.16 11.00 | cpu  60931672 790 12726154 2441931110 468468 0 177399 0 0 0
1791040126 2647, 13801, 41, 0x0000000000000000 | 6.40 10.09 10.98 | cpu  60932498 790 12726210 2441954604 468470 0 177400 0 0 0
1791040127 2647, 13801, 41, 0x0000000000000000 | 6.40 10.09 10.98 | cpu  60933238 790 12726271 2441978296 468470 0 177400 0 0 0
1791040129 2655, 13801, 40, 0x0000000000000000 | 6.40 10.09 10.98 | cpu  60934085 790 12726308 2442002200 468470 0 177400 0 0 0
1791040130 3030, 13801, 41, 0x0000000000000000 | 6.40 10.09 10.98 | cpu  60934442 790 12726340 2442026682 468471 0 177400 0 0 0
1791040131 3030, 13801, 41, 0x0000000000000000 | 6.13 9.97 10.93 | cpu  60934772 790 12726365 2442051220 468472 0 177400 0 0 0
1791040132 2655, 13801, 41, 0x0000000000000000 | 6.13 9.97 10.93 | cpu  60935114 790 12726396 2442075831 468474 0 177400 0 0 0
1791040133 2655, 13801, 41, 0x0000000000000000 | 6.13 9.97 10.93 | cpu  60935446 790 12726420 2442100338 468474 0 177400 0 0 0
1791040134 2647, 13801, 41, 0x0000000000000000 | 6.13 9.97 10.93 | cpu  60935745 790 12726463 2442125424 468474 0 177402 0 0 0
1791040135 2647, 13801, 41, 0x0000000000000000 | 6.13 9.97 10.93 | cpu  60935977 790 12726490 2442150743 468474 0 177402 0 0 0
1791040136 2655, 13801, 40, 0x0000000000000000 | 5.80 9.84 10.88 | cpu  60936207 790 12726517 2442175416 468477 0 177402 0 0 0
1791040138 2647, 13801, 41, 0x0000000000000000 | 5.80 9.84 10.88 | cpu  60936450 790 12726544 2442200528 468477 0 177402 0 0 0
1791040139 2647, 13801, 40, 0x0000000000000000 | 5.80 9.84 10.88 | cpu  60939720 790 12726589 2442222797 468478 0 177402 0 0 0
1791040140 2655, 13801, 40, 0x0000000000000000 | 5.80 9.84 10.88 | cpu  60941913 790 12726748 2442246399 468484 0 177404 0 0 0
1791040141 2655, 13801, 40, 0x0000000000000000 | 14.54 11.59 11.44 | cpu  60943176 790 12726814 2442268959 468489 0 177405 0 0 0
1791040142 2647, 13801, 40, 0x0000000000000000 | 14.54 11.59 11.44 | cpu  60944450 790 12726874 2442292254 468491 0 177405 0 0 0
1791040143 2655, 13801, 40, 0x0000000000000000 | 14.54 11.59 11.44 | cpu  60945629 790 12726934 2442315763 468491 0 177405 0 0 0
1791040144 2655, 13801, 40, 0x0000000000000000 | 14.54 11.59 11.44 | cpu  60946570 790 12726975 2442339595 468491 0 177405 0 0 0
1791040145 2647, 13801, 45, 0x0000000000000000 | 14.54 11.59 11.44 | cpu  60947322 790 12727026 2442363777 468491 0 177405 0 0 0
1791040146 2655, 13801, 40, 0x0000000000000000 | 13.70 11.46 11.40 | cpu  60948643 790 12727077 2442387273 468491 0 177406 0 0 0
1791040148 2655, 13801, 40, 0x0000000000000000 | 13.70 11.46 11.40 | cpu  60950038 790 12727160 2442411236 468493 0 177406 0 0 0
1791040149 2647, 13801, 40, 0x0000000000000000 | 13.70 11.46 11.40 | cpu  60951379 790 12727228 2442434644 468493 0 177406 0 0 0
1791040150 2677, 13801, 40, 0x0000000000000000 | 13.70 11.46 11.40 | cpu  60951726 790 12727269 2442459161 468493 0 177407 0 0 0
1791040151 2655, 13801, 40, 0x0000000000000000 | 12.92 11.34 11.36 | cpu  60952677 790 12727308 2442483116 468493 0 177407 0 0 0
1791040152 2647, 13801, 40, 0x0000000000000000 | 12.92 11.34 11.36 | cpu  60954780 790 12727384 2442504729 468494 0 177408 0 0 0
1791040153 2647, 13801, 40, 0x0000000000000000 | 12.92 11.34 11.36 | cpu  60955573 790 12727448 2442528780 468497 0 177408 0 0 0
1791040154 2655, 13801, 46, 0x0000000000000000 | 12.92 11.34 11.36 | cpu  60956290 790 12727503 2442552534 468498 0 177408 0 0 0
1791040155 2737, 13801, 42, 0x0000000000000000 | 12.92 11.34 11.36 | cpu  60957146 790 12727557 2442576542 468498 0 177408 0 0 0
1791040156 3030, 13801, 49, 0x0000000000000004 | 18.05 12.43 11.72 | cpu  60957956 790 12727620 2442600495 468499 0 177408 0 0 0
1791040158 2992, 13801, 42, 0x0000000000000000 | 18.05 12.43 11.72 | cpu  60958844 790 12727676 2442624457 468499 0 177408 0 0 0
1791040159 3022, 13801, 44, 0x0000000000000000 | 18.05 12.43 11.72 | cpu  60959546 790 12727708 2442648620 468500 0 177409 0 0 0
1791040160 3030, 13801, 42, 0x0000000000000000 | 18.05 12.43 11.72 | cpu  60959772 790 12727732 2442673341 468500 0 177409 0 0 0
1791040161 2992, 13801, 43, 0x0000000000000000 | 16.77 12.25 11.66 | cpu  60959993 790 12727756 2442697909 468500 0 177409 0 0 0
1791040162 3022, 13801, 52, 0x0000000000000004 | 16.77 12.25 11.66 | cpu  60960217 790 12727776 2442722559 468500 0 177409 0 0 0
1791040163 2985, 13801, 43, 0x0000000000000000 | 16.77 12.25 11.66 | cpu  60961149 790 12727818 2442745949 468503 0 177409 0 0 0
1791040164 3015, 13801, 44, 0x0000000000000000 | 16.77 12.25 11.66 | cpu  60963668 790 12727877 2442767435 468504 0 177409 0 0 0
1791040165 3022, 13801, 53, 0x0000000000000004 | 16.77 12.25 11.66 | cpu  60965702 790 12727970 2442789575 468504 0 177409 0 0 0
1791040166 3015, 13801, 43, 0x0000000000000000 | 15.75 12.12 11.62 | cpu  60967045 790 12728058 2442812971 468504 0 177412 0 0 0
1791040167 2940, 13801, 43, 0x0000000000000000 | 15.75 12.12 11.62 | cpu  60968707 790 12728103 2442836108 468507 0 177412 0 0 0
1791040169 3022, 13801, 49, 0x0000000000000004 | 15.75 12.12 11.62 | cpu  60970029 790 12728162 2442859588 468507 0 177412 0 0 0
1791040170 3022, 13801, 45, 0x0000000000000000 | 15.75 12.12 11.62 | cpu  60970799 790 12728226 2442883126 468507 0 177413 0 0 0
1791040171 3022, 13801, 52, 0x0000000000000000 | 14.88 12.00 11.59 | cpu  60973420 790 12728330 2442905917 468507 0 177413 0 0 0
1791040172 3007, 13801, 44, 0x0000000000000000 | 14.88 12.00 11.59 | cpu  60974388 790 12728383 2442929983 468508 0 177415 0 0 0
1791040173 3022, 13801, 48, 0x0000000000000004 | 14.88 12.00 11.59 | cpu  60975171 790 12728446 2442954535 468509 0 177415 0 0 0
1791040174 2977, 13801, 44, 0x0000000000000000 | 14.88 12.00 11.59 | cpu  60975889 790 12728516 2442978616 468509 0 177416 0 0 0
1791040175 3022, 13801, 46, 0x0000000000000000 | 14.88 12.00 11.59 | cpu  60976662 790 12728565 2443002933 468511 0 177422 0 0 0
1791040176 2850, 13801, 43, 0x0000000000000000 | 14.01 11.87 11.55 | cpu  60977446 790 12728642 2443027426 468511 0 177423 0 0 0
1791040178 3007, 13801, 44, 0x0000000000000000 | 14.01 11.87 11.55 | cpu  60978296 790 12728741 2443051095 468511 0 177423 0 0 0
1791040179 3022, 13801, 53, 0x0000000000000004 | 14.01 11.87 11.55 | cpu  60979160 790 12728830 2443074746 468514 0 177423 0 0 0
1791040180 3015, 13801, 44, 0x0000000000000000 | 14.01 11.87 11.55 | cpu  60979586 790 12728874 2443099767 468515 0 177424 0 0 0
1791040181 3007, 13801, 44, 0x0000000000000000 | 13.21 11.74 11.50 | cpu  60980406 790 12728901 2443124244 468517 0 177425 0 0 0
1791040182 3022, 13801, 44, 0x0000000000000000 | 13.21 11.74 11.50 | cpu  60981088 790 12728968 2443148857 468517 0 177425 0 0 0
1791040183 3022, 13801, 53, 0x0000000000000000 | 13.21 11.74 11.50 | cpu  60981716 790 12729027 2443172728 468517 0 177426 0 0 0
1791040184 3022, 13801, 44, 0x0000000000000000 | 13.21 11.74 11.50 | cpu  60982633 790 12729088 2443196986 468520 0 177426 0 0 0
1791040185 3015, 13801, 43, 0x0000000000000000 | 13.21 11.74 11.50 | cpu  60985358 790 12729193 2443219061 468523 0 177428 0 0 0
1791040186 2655, 13801, 43, 0x0000000000000000 | 13.03 11.72 11.50 | cpu  60987211 790 12729612 2443242051 468524 0 177438 0 0 0
1791040188 2670, 13801, 42, 0x0000000000000000 | 13.03 11.72 11.50 | cpu  60988758 790 12729817 2443265128 468527 0 177438 0 0 0
1791040189 2647, 13801, 42, 0x0000000000000000 | 13.03 11.72 11.50 | cpu  60990072 790 12729928 2443289857 468529 0 177438 0 0 0
1791040190 2647, 13801, 42, 0x0000000000000000 | 13.03 11.72 11.50 | cpu  60993388 790 12730089 2443313142 468529 0 177439 0 0 0
1791040191 2647, 13801, 42, 0x0000000000000000 | 12.79 11.69 11.49 | cpu  60995496 790 12730170 2443335823 468530 0 177440 0 0 0
1791040192 2662, 13801, 42, 0x0000000000000000 | 12.79 11.69 11.49 | cpu  60997378 790 12730313 2443359523 468530 0 177440 0 0 0
1791040193 2722, 13801, 43, 0x0000000000000000 | 12.79 11.69 11.49 | cpu  61000891 790 12730414 2443380812 468536 0 177441 0 0 0
1791040194 2940, 13801, 43, 0x0000000000000000 | 12.79 11.69 11.49 | cpu  61003363 790 12730573 2443404514 468536 0 177442 0 0 0
1791040196 3037, 13801, 43, 0x0000000000000000 | 12.17 11.58 11.46 | cpu  61005058 790 12730912 2443428194 468539 0 177443 0 0 0
1791040197 2655, 13801, 42, 0x0000000000000000 | 12.17 11.58 11.46 | cpu  61007142 790 12731046 2443450403 468539 0 177445 0 0 0
1791040198 2647, 13801, 42, 0x0000000000000000 | 12.17 11.58 11.46 | cpu  61008596 790 12731258 2443473639 468545 0 177445 0 0 0
1791040199 2647, 13801, 42, 0x0000000000000000 | 12.17 11.58 11.46 | cpu  61009018 790 12731602 2443496819 468545 0 177446 0 0 0
1791040200 2655, 13801, 42, 0x0000000000000000 | 12.17 11.58 11.46 | cpu  61009434 790 12731715 2443521051 468545 0 177446 0 0 0
1791040201 2647, 13801, 42, 0x0000000000000000 | 11.59 11.47 11.42 | cpu  61009744 790 12731781 2443545779 468551 0 177451 0 0 0
1791040202 2655, 13801, 42, 0x0000000000000000 | 11.59 11.47 11.42 | cpu  61010001 790 12731840 2443570634 468551 0 177453 0 0 0
1791040203 3000, 13801, 43, 0x0000000000000000 | 11.59 11.47 11.42 | cpu  61010891 790 12731937 2443594102 468553 0 177454 0 0 0
1791040204 3000, 13801, 43, 0x0000000000000000 | 11.59 11.47 11.42 | cpu  61011633 790 12731990 2443618147 468553 0 177455 0 0 0
1791040206 2647, 13801, 42, 0x0000000000000000 | 11.06 11.37 11.39 | cpu  61012379 790 12732046 2443642594 468553 0 177456 0 0 0
1791040207 2647, 13801, 42, 0x0000000000000000 | 11.06 11.37 11.39 | cpu  61012951 790 12732114 2443667254 468560 0 177456 0 0 0
1791040208 2655, 13801, 42, 0x0000000000000000 | 11.06 11.37 11.39 | cpu  61013176 790 12732138 2443692260 468561 0 177456 0 0 0
1791040209 2647, 13801, 42, 0x0000000000000000 | 11.06 11.37 11.39 | cpu  61013911 790 12732172 2443716293 468561 0 177456 0 0 0
1791040210 2655, 13801, 42, 0x0000000000000000 | 11.06 11.37 11.39 | cpu  61014511 790 12732231 2443740674 468561 0 177456 0 0 0
1791040211 2647, 13801, 42, 0x0000000000000000 | 10.50 11.24 11.35 | cpu  61015248 790 12732288 2443764807 468564 0 177457 0 0 0
1791040212 3030, 13801, 42, 0x0000000000000000 | 10.50 11.24 11.35 | cpu  61015999 790 12732326 2443789683 468566 0 177458 0 0 0
1791040213 3030, 13801, 42, 0x0000000000000000 | 10.50 11.24 11.35 | cpu  61016247 790 12732353 2443814200 468567 0 177458 0 0 0
1791040215 2655, 13801, 42, 0x0000000000000000 | 10.50 11.24 11.35 | cpu  61016473 790 12732380 2443838895 468567 0 177458 0 0 0
1791040216 2647, 13801, 42, 0x0000000000000000 | 9.82 11.09 11.30 | cpu  61016700 790 12732405 2443863737 468567 0 177459 0 0 0
1791040217 3030, 13801, 42, 0x0000000000000000 | 9.82 11.09 11.30 | cpu  61016922 790 12732427 2443887917 468569 0 177460 0 0 0
1791040218 3030, 13801, 42, 0x0000000000000000 | 9.82 11.09 11.30 | cpu  61017154 790 12732460 2443912591 468569 0 177460 0 0 0
1791040219 2655, 13801, 42, 0x0000000000000000 | 9.82 11.09 11.30 | cpu  61017388 790 12732508 2443937220 468571 0 177460 0 0 0
1791040220 2647, 13801, 46, 0x0000000000000000 | 9.82 11.09 11.30 | cpu  61017608 790 12732535 2443962107 468571 0 177460 0 0 0
1791040221 3030, 13801, 42, 0x0000000000000000 | 9.19 10.94 11.25 | cpu  61017832 790 12732562 2443986681 468571 0 177460 0 0 0
1791040222 3030, 13801, 42, 0x0000000000000000 | 9.19 10.94 11.25 | cpu  61018052 790 12732586 2444011158 468572 0 177460 0 0 0
1791040223 2655, 13801, 42, 0x0000000000000000 | 9.19 10.94 11.25 | cpu  61018934 790 12732627 2444034722 468572 0 177461 0 0 0
1791040225 2647, 13801, 41, 0x0000000000000000 | 9.19 10.94 11.25 | cpu  61019676 790 12732687 2444059240 468575 0 177461 0 0 0
1791040226 2655, 13801, 41, 0x0000000000000000 | 8.69 10.81 11.20 | cpu  61020387 790 12732744 2444083541 468575 0 177465 0 0 0
1791040227 2647, 13801, 41, 0x0000000000000000 | 8.69 10.81 11.20 | cpu  61021028 790 12732786 2444107648 468577 0 177466 0 0 0
1791040228 2647, 13801, 41, 0x0000000000000000 | 8.69 10.81 11.20 | cpu  61021694 790 12732827 2444131739 468577 0 177466 0 0 0
1791040229 2647, 13801, 41, 0x0000000000000000 | 8.69 10.81 11.20 | cpu  61022446 790 12732888 2444155448 468578 0 177467 0 0 0
1791040230 2655, 13801, 41, 0x0000000000000000 | 8.69 10.81 11.20 | cpu  61023198 790 12732947 2444179198 468581 0 177468 0 0 0
1791040231 2655, 13801, 41, 0x0000000000000000 | 8.24 10.68 11.16 | cpu  61023915 790 12732994 2444203426 468581 0 177468 0 0 0
1791040232 2647, 13801, 41, 0x0000000000000000 | 8.24 10.68 11.16 | cpu  61024650 790 12733021 2444228002 468582 0 177468 0 0 0
1791040233 2655, 13801, 41, 0x0000000000000000 | 8.24 10.68 11.16 | cpu  61025371 790 12733130 2444252186 468582 0 177469 0 0 0
1791040235 2647, 13801, 41, 0x0000000000000000 | 8.24 10.68 11.16 | cpu  61026081 790 12733241 2444276218 468584 0 177470 0 0 0
1791040236 2655, 13801, 41, 0x0000000000000000 | 16.87 12.42 11.72 | cpu  61027258 790 12733378 2444300454 468586 0 177472 0 0 0
1791040237 2647, 13801, 41, 0x0000000000000000 | 16.87 12.42 11.72 | cpu  61028188 790 12733498 2444323456 468589 0 177474 0 0 0
1791040238 2647, 13801, 41, 0x0000000000000000 | 16.87 12.42 11.72 | cpu  61028955 790 12733546 2444347480 468589 0 177474 0 0 0
1791040239 2647, 13801, 41, 0x0000000000000000 | 16.87 12.42 11.72 | cpu  61029676 790 12733600 2444372021 468591 0 177474 0 0 0
1791040240 2655, 13801, 41, 0x0000000000000000 | 16.87 12.42 11.72 | cpu  61030312 790 12733643 2444395801 468593 0 177476 0 0 0
1791040241 2647, 13801, 41, 0x0000000000000000 | 15.76 12.27 11.68 | cpu  61031021 790 12733748 2444419534 468593 0 177476 0 0 0
1791040242 2647, 13801, 41, 0x0000000000000000 | 15.76 12.27 11.68 | cpu  61033572 791 12733806 2444440894 468593 0 177477 0 0 0
1791040243 2647, 13801, 41, 0x0000000000000000 | 15.76 12.27 11.68 | cpu  61034787 791 12734258 2444464973 468593 0 177477 0 0 0
1791040245 2647, 13801, 41, 0x0000000000000000 | 15.76 12.27 11.68 | cpu  61037482 791 12734322 2444487055 468595 0 177477 0 0 0
1791040246 2647, 13801, 41, 0x0000000000000000 | 14.74 12.11 11.63 | cpu  61038365 791 12734410 2444510585 468596 0 177480 0 0 0
1791040247 2647, 13801, 41, 0x0000000000000000 | 14.74 12.11 11.63 | cpu  61039644 791 12734454 2444534056 468598 0 177480 0 0 0
1791040248 2655, 13801, 41, 0x0000000000000000 | 14.74 12.11 11.63 | cpu  61040875 791 12734510 2444557853 468599 0 177480 0 0 0
1791040249 2647, 13801, 41, 0x0000000000000000 | 14.74 12.11 11.63 | cpu  61041668 791 12734559 2444581775 468599 0 177480 0 0 0
1791040250 2655, 13801, 41, 0x0000000000000000 | 14.74 12.11 11.63 | cpu  61043762 791 12734637 2444605441 468601 0 177480 0 0 0
1791040251 2647, 13801, 43, 0x0000000000000000 | 13.88 11.98 11.59 | cpu  61045062 791 12734694 2444628926 468602 0 177482 0 0 0
1791040252 2655, 13801, 41, 0x0000000000000000 | 13.88 11.98 11.59 | cpu  61045861 791 12734807 2444653238 468603 0 177483 0 0 0
1791040253 2647, 13801, 41, 0x0000000000000000 | 13.88 11.98 11.59 | cpu  61046562 791 12734895 2444677248 468603 0 177485 0 0 0
1791040255 2655, 13801, 41, 0x0000000000000000 | 13.88 11.98 11.59 | cpu  61047254 791 12734939 2444701718 468603 0 177486 0 0 0
1791040256 2647, 13801, 44, 0x0000000000000000 | 13.08 11.85 11.55 | cpu  61048067 791 12734980 2444725977 468604 0 177487 0 0 0
1791040257 3030, 13801, 42, 0x0000000000000000 | 13.08 11.85 11.55 | cpu  61048932 791 12735034 2444749488 468606 0 177488 0 0 0
1791040258 3030, 13801, 41, 0x0000000000000000 | 13.08 11.85 11.55 | cpu  61049753 791 12735090 2444773417 468607 0 177489 0 0 0
1791040259 2662, 13801, 41, 0x0000000000000000 | 13.08 11.85 11.55 | cpu  61050611 791 12735143 2444797472 468607 0 177490 0 0 0
1791040260 2647, 13801, 41, 0x0000000000000000 | 13.08 11.85 11.55 | cpu  61051694 791 12735204 2444821601 468607 0 177490 0 0 0
1791040261 2647, 13801, 42, 0x0000000000000000 | 12.28 11.70 11.50 | cpu  61052429 791 12735260 2444845816 468607 0 177492 0 0 0
1791040262 2647, 13801, 41, 0x0000000000000000 | 12.28 11.70 11.50 | cpu  61053353 791 12735326 2444870173 468607 0 177492 0 0 0
1791040264 2745, 13801, 41, 0x0000000000000000 | 12.28 11.70 11.50 | cpu  61053684 791 12735397 2444894797 468609 0 177493 0 0 0
1791040265 2992, 13801, 53, 0x0000000000000000 | 12.28 11.70 11.50 | cpu  61053913 791 12735444 2444919569 468610 0 177494 0 0 0
1791040266 2850, 13801, 58, 0x0000000000000004 | 11.45 11.54 11.45 | cpu  61054146 791 12735466 2444944276 468610 0 177494 0 0 0
1791040267 2745, 13801, 59, 0x0000000000000004 | 11.45 11.54 11.45 | cpu  61055272 791 12735530 2444968521 468610 0 177495 0 0 0
1791040268 2767, 13801, 59, 0x0000000000000004 | 11.45 11.54 11.45 | cpu  61055904 791 12735632 2444992705 468612 0 177495 0 0 0
1791040269 2917, 13801, 60, 0x0000000000000004 | 11.45 11.54 11.45 | cpu  61056622 791 12735735 2445017076 468615 0 177496 0 0 0
1791040270 2925, 13801, 60, 0x0000000000000004 | 11.45 11.54 11.45 | cpu  61057781 791 12735798 2445040740 468615 0 177496 0 0 0
1791040271 2970, 13801, 47, 0x0000000000000000 | 19.67 13.24 12.00 | cpu  61058492 791 12735860 2445065067 468616 0 177497 0 0 0
1791040272 2992, 13801, 49, 0x0000000000000000 | 19.67 13.24 12.00 | cpu  61059180 791 12735916 2445089512 468616 0 177497 0 0 0
1791040274 2992, 13801, 51, 0x0000000000000000 | 19.67 13.24 12.00 | cpu  61059897 791 12735997 2445114232 468618 0 177497 0 0 0
1791040275 3007, 13801, 46, 0x0000000000000000 | 19.67 13.24 12.00 | cpu  61060645 791 12736032 2445138285 468618 0 177497 0 0 0
1791040276 3022, 13801, 45, 0x0000000000000000 | 18.41 13.09 11.96 | cpu  61061300 791 12736088 2445162495 468618 0 177497 0 0 0
1791040277 2700, 13801, 44, 0x0000000000000000 | 18.41 13.09 11.96 | cpu  61061996 791 12736152 2445186695 468618 0 177498 0 0 0
1791040278 2647, 13801, 44, 0x0000000000000000 | 18.41 13.09 11.96 | cpu  61063000 791 12736202 2445210536 468618 0 177499 0 0 0
1791040279 2670, 13801, 44, 0x0000000000000000 | 18.41 13.09 11.96 | cpu  61063235 791 12736231 2445235395 468619 0 177499 0 0 0
1791040280 2655, 13801, 43, 0x0000000000000000 | 18.41 13.09 11.96 | cpu  61063464 791 12736254 2445260344 468620 0 177499 0 0 0
1791040281 2647, 13801, 43, 0x0000000000000000 | 17.10 12.90 11.90 | cpu  61064219 791 12736286 2445285078 468621 0 177499 0 0 0
1791040283 2655, 13801, 43, 0x0000000000000000 | 17.10 12.90 11.90 | cpu  61064737 791 12736370 2445308828 468621 0 177499 0 0 0
1791040284 2647, 13801, 43, 0x0000000000000000 | 17.10 12.90 11.90 | cpu  61065446 791 12736455 2445333797 468623 0 177500 0 0 0
1791040285 2655, 13801, 43, 0x0000000000000000 | 17.10 12.90 11.90 | cpu  61066322 791 12736564 2445357664 468623 0 177500 0 0 0
1791040286 2647, 13801, 43, 0x0000000000000000 | 15.97 12.74 11.86 | cpu  61067060 791 12736612 2445382084 468623 0 177500 0 0 0
1791040287 2655, 13801, 43, 0x0000000000000000 | 15.97 12.74 11.86 | cpu  61067792 791 12736666 2445407305 468626 0 177500 0 0 0
1791040288 2655, 13801, 43, 0x0000000000000000 | 15.97 12.74 11.86 | cpu  61068494 791 12736722 2445431005 468626 0 177502 0 0 0
1791040289 2647, 13801, 43, 0x0000000000000000 | 15.97 12.74 11.86 | cpu  61069275 791 12736772 2445455498 468629 0 177502 0 0 0
1791040290 2655, 13801, 43, 0x0000000000000000 | 15.97 12.74 11.86 | cpu  61069506 791 12736796 2445480422 468629 0 177503 0 0 0
1791040292 2655, 13801, 43, 0x0000000000000000 | 14.93 12.57 11.81 | cpu  61069729 791 12736822 2445505117 468629 0 177503 0 0 0
1791040293 2655, 13801, 43, 0x0000000000000000 | 14.93 12.57 11.81 | cpu  61070586 791 12736874 2445528954 468633 0 177503 0 0 0
1791040294 2647, 13801, 43, 0x0000000000000000 | 14.93 12.57 11.81 | cpu  61071338 791 12736925 2445553135 468633 0 177503 0 0 0
1791040295 2647, 13801, 43, 0x0000000000000000 | 14.93 12.57 11.81 | cpu  61072060 791 12736984 2445577232 468636 0 177504 0 0 0
1791040296 2655, 13801, 43, 0x0000000000000000 | 14.05 12.43 11.77 | cpu  61072551 791 12737036 2445601869 468637 0 177508 0 0 0
1791040297 3015, 13801, 43, 0x0000000000000000 | 14.05 12.43 11.77 | cpu  61072767 791 12737064 2445626954 468637 0 177510 0 0 0
1791040298 3030, 13801, 43, 0x0000000000000000 | 14.05 12.43 11.77 | cpu  61072996 791 12737100 2445651576 468640 0 177510 0 0 0
1791040299 2662, 13801, 43, 0x0000000000000000 | 14.05 12.43 11.77 | cpu  61073878 791 12737148 2445675496 468640 0 177510 0 0 0
1791040300 2715, 13801, 43, 0x0000000000000000 | 14.05 12.43 11.77 | cpu  61074556 791 12737196 2445698696 468640 0 177510 0 0 0
1791040302 2700, 13801, 43, 0x0000000000000000 | 13.17 12.28 11.72 | cpu  61075278 791 12737252 2445722745 468640 0 177511 0 0 0
1791040303 2985, 13801, 44, 0x0000000000000000 | 13.17 12.28 11.72 | cpu  61076298 791 12737303 2445746468 468641 0 177512 0 0 0
1791040304 3030, 13801, 43, 0x0000000000000000 | 13.17 12.28 11.72 | cpu  61076952 791 12737358 2445769738 468641 0 177512 0 0 0
1791040305 2707, 13801, 43, 0x0000000000000000 | 13.17 12.28 11.72 | cpu  61077659 791 12737435 2445793885 468641 0 177512 0 0 0
1791040306 2647, 13801, 42, 0x0000000000000000 | 12.51 12.15 11.68 | cpu  61078373 791 12737561 2445818374 468642 0 177513 0 0 0
1791040307 2670, 13801, 42, 0x0000000000000000 | 12.51 12.15 11.68 | cpu  61079278 791 12737613 2445842147 468642 0 177514 0 0 0
1791040308 2655, 13801, 42, 0x0000000000000000 | 12.51 12.15 11.68 | cpu  61079980 791 12737665 2445866704 468642 0 177514 0 0 0
1791040309 2647, 13801, 42, 0x0000000000000000 | 12.51 12.15 11.68 | cpu  61080560 791 12737719 2445890449 468642 0 177514 0 0 0
1791040310 2647, 13801, 42, 0x0000000000000000 | 12.51 12.15 11.68 | cpu  61081720 791 12737790 2445913981 468645 0 177514 0 0 0
1791040312 2670, 13801, 42, 0x0000000000000000 | 11.75 12.00 11.64 | cpu  61082449 791 12737844 2445938494 468645 0 177514 0 0 0
1791040313 2647, 13801, 42, 0x0000000000000000 | 11.75 12.00 11.64 | cpu  61083123 791 12737900 2445962693 468647 0 177514 0 0 0
1791040314 2655, 13801, 42, 0x0000000000000000 | 11.75 12.00 11.64 | cpu  61084002 791 12737951 2445986676 468647 0 177514 0 0 0
1791040315 2647, 13801, 42, 0x0000000000000000 | 11.75 12.00 11.64 | cpu  61084264 791 12737988 2446011168 468649 0 177516 0 0 0
1791040316 2647, 13801, 42, 0x0000000000000000 | 20.02 13.71 12.19 | cpu  61085258 791 12738089 2446034895 468649 0 177520 0 0 0
1791040317 2655, 13801, 42, 0x0000000000000000 | 20.02 13.71 12.19 | cpu  61085916 791 12738175 2446059992 468649 0 177523 0 0 0
1791040318 2647, 13801, 42, 0x0000000000000000 | 20.02 13.71 12.19 | cpu  61086631 791 12738232 2446084001 468650 0 177524 0 0 0
1791040319 2647, 13801, 42, 0x0000000000000000 | 20.02 13.71 12.19 | cpu  61087381 791 12738276 2446108156 468650 0 177524 0 0 0
1791040320 3022, 13801, 43, 0x0000000000000000 | 20.02 13.71 12.19 | cpu  61088379 791 12738324 2446132358 468650 0 177525 0 0 0
1791040322 3007, 13801, 42, 0x0000000000000000 | 18.66 13.53 12.14 | cpu  61088958 791 12738380 2446156162 468650 0 177525 0 0 0
1791040323 2647, 13801, 42, 0x0000000000000000 | 18.66 13.53 12.14 | cpu  61089706 791 12738431 2446180218 468652 0 177525 0 0 0
1791040324 2647, 13801, 42, 0x0000000000000000 | 18.66 13.53 12.14 | cpu  61092086 791 12738513 2446202547 468652 0 177526 0 0 0
1791040325 3007, 13801, 44, 0x0000000000000000 | 18.66 13.53 12.14 | cpu  61094025 791 12738869 2446225240 468652 0 177526 0 0 0
1791040326 3030, 13801, 43, 0x0000000000000000 | 17.56 13.39 12.10 | cpu  61096354 791 12739078 2446247087 468652 0 177526 0 0 0
1791040327 2655, 13801, 42, 0x0000000000000000 | 17.56 13.39 12.10 | cpu  61097726 791 12739190 2446269772 468652 0 177526 0 0 0
1791040328 2647, 13801, 42, 0x0000000000000000 | 17.56 13.39 12.10 | cpu  61098648 791 12739250 2446293663 468653 0 177534 0 0 0
1791040329 3007, 13801, 43, 0x0000000000000000 | 17.56 13.39 12.10 | cpu  61100599 791 12739306 2446316244 468653 0 177535 0 0 0
1791040330 3022, 13801, 49, 0x0000000000000000 | 17.56 13.39 12.10 | cpu  61101453 791 12739366 2446340032 468653 0 177536 0 0 0
1791040331 2940, 13801, 44, 0x0000000000000000 | 16.56 13.25 12.06 | cpu  61102188 791 12739421 2446363983 468655 0 177537 0 0 0
1791040333 2700, 13801, 49, 0x0000000000000004 | 16.56 13.25 12.06 | cpu  61105050 791 12739614 2446385042 468656 0 177537 0 0 0
1791040334 2940, 13801, 44, 0x0000000000000000 | 16.56 13.25 12.06 | cpu  61105943 791 12739663 2446409922 468656 0 177538 0 0 0
1791040335 2962, 13801, 44, 0x0000000000000000 | 16.56 13.25 12.06 | cpu  61106566 791 12739726 2446434141 468657 0 177538 0 0 0
1791040336 3022, 13801, 50, 0x0000000000000004 | 15.47 13.08 12.02 | cpu  61107774 791 12739772 2446457699 468657 0 177538 0 0 0
1791040337 3015, 13801, 53, 0x0000000000000000 | 15.47 13.08 12.02 | cpu  61108599 791 12739829 2446481797 468657 0 177538 0 0 0
1791040338 3007, 13801, 53, 0x0000000000000000 | 15.47 13.08 12.02 | cpu  61109430 791 12739884 2446505429 468657 0 177538 0 0 0
1791040339 3015, 13801, 56, 0x0000000000000004 | 15.47 13.08 12.02 | cpu  61110146 791 12739939 2446529846 468657 0 177538 0 0 0
1791040340 3022, 13801, 50, 0x0000000000000004 | 15.47 13.08 12.02 | cpu  61110473 791 12739962 2446554187 468660 0 177538 0 0 0
1791040342 3022, 13801, 47, 0x0000000000000004 | 14.47 12.91 11.97 | cpu  61110771 791 12740054 2446579119 468660 0 177539 0 0 0
1791040343 3022, 13801, 51, 0x0000000000000004 | 14.47 12.91 11.97 | cpu  61111724 791 12740099 2446602957 468660 0 177540 0 0 0
1791040344 3000, 13801, 44, 0x0000000000000000 | 14.47 12.91 11.97 | cpu  61112639 791 12740150 2446627023 468660 0 177540 0 0 0
1791040345 2947, 13801, 45, 0x0000000000000000 | 14.47 12.91 11.97 | cpu  61113234 791 12740224 2446651267 468661 0 177540 0 0 0
1791040346 3015, 13801, 45, 0x0000000000000000 | 13.63 12.77 11.92 | cpu  61113996 791 12740287 2446675403 468665 0 177540 0 0 0
1791040347 3022, 13801, 52, 0x0000000000000000 | 13.63 12.77 11.92 | cpu  61114796 791 12740328 2446700065 468666 0 177540 0 0 0
1791040348 2977, 13801, 45, 0x0000000000000000 | 13.63 12.77 11.92 | cpu  61115519 791 12740448 2446725105 468666 0 177541 0 0 0
1791040349 3000, 13801, 45, 0x0000000000000000 | 13.63 12.77 11.92 | cpu  61116127 791 12740525 2446749369 468666 0 177541 0 0 0
1791040350 3007, 13801, 46, 0x0000000000000000 | 13.63 12.77 11.92 | cpu  61117036 791 12740612 2446773535 468666 0 177542 0 0 0
1791040352 3022, 13801, 52, 0x0000000000000000 | 12.78 12.60 11.87 | cpu  61117339 791 12740648 2446798224 468666 0 177543 0 0 0
1791040353 2985, 13801, 45, 0x0000000000000000 | 12.78 12.60 11.87 | cpu  61117579 791 12740676 2446823021 468666 0 177544 0 0 0
1791040354 2985, 13801, 46, 0x0000000000000000 | 12.78 12.60 11.87 | cpu  61118584 791 12740724 2446847383 468666 0 177545 0 0 0
1791040355 3022, 13801, 51, 0x0000000000000000 | 12.78 12.60 11.87 | cpu  61119334 791 12740788 2446871701 468666 0 177545 0 0 0
1791040356 3022, 13801, 47, 0x0000000000000000 | 20.89 14.29 12.42 | cpu  61120180 791 12740844 2446895266 468666 0 177545 0 0 0
1791040357 2692, 13801, 44, 0x0000000000000000 | 20.89 14.29 12.42 | cpu  61120477 791 12740868 2446920811 468667 0 177545 0 0 0
1791040358 3015, 13801, 45, 0x0000000000000000 | 20.89 14.29 12.42 | cpu  61121495 791 12740920 2446944976 468669 0 177545 0 0 0
1791040359 3022, 13801, 45, 0x0000000000000000 | 20.89 14.29 12.42 | cpu  61122185 791 12740977 2446969173 468669 0 177545 0 0 0
1791040361 3022, 13801, 45, 0x0000000000000000 | 20.89 14.29 12.42 | cpu  61122910 791 12741043 2446993219 468669 0 177545 0 0 0
1791040362 3022, 13801, 44, 0x0000000000000000 | 19.53 14.12 12.38 | cpu  61123984 791 12741096 2447016975 468670 0 177546 0 0 0
1791040363 2647, 13801, 44, 0x0000000000000000 | 19.53 14.12 12.38 | cpu  61124715 791 12741140 2447040480 468670 0 177546 0 0 0
1791040364 2655, 13801, 43, 0x0000000000000000 | 19.53 14.12 12.38 | cpu  61125448 791 12741206 2447065363 468670 0 177546 0 0 0
1791040365 3007, 13801, 50, 0x0000000000000000 | 19.53 14.12 12.38 | cpu  61126113 791 12741244 2447089481 468672 0 177546 0 0 0
1791040366 3022, 13801, 51, 0x0000000000000000 | 18.21 13.93 12.33 | cpu  61126912 791 12741311 2447113655 468673 0 177546 0 0 0
1791040367 2992, 13801, 46, 0x0000000000000000 | 18.21 13.93 12.33 | cpu  61127593 791 12741369 2447138242 468674 0 177546 0 0 0
1791040368 3000, 13801, 52, 0x0000000000000000 | 18.21 13.93 12.33 | cpu  61128348 791 12741422 2447162892 468674 0 177546 0 0 0
1791040370 3007, 13801, 51, 0x0000000000000000 | 18.21 13.93 12.33 | cpu  61128908 791 12741536 2447186840 468674 0 177546 0 0 0
1791040371 2985, 13801, 52, 0x0000000000000000 | 18.21 13.93 12.33 | cpu  61129134 791 12741571 2447211281 468674 0 177546 0 0 0
1791040372 3022, 13801, 46, 0x0000000000000000 | 17.15 13.78 12.29 | cpu  61130338 791 12742610 2447233475 468677 0 177546 0 0 0
1791040373 3022, 13801, 46, 0x0000000000000000 | 17.15 13.78 12.29 | cpu  61131121 791 12742668 2447257908 468677 0 177546 0 0 0
1791040374 2662, 13801, 45, 0x0000000000000000 | 17.15 13.78 12.29 | cpu  61132119 791 12743022 2447281569 468677 0 177548 0 0 0
1791040375 2662, 13801, 44, 0x0000000000000000 | 17.15 13.78 12.29 | cpu  61132967 791 12743083 2447305524 468677 0 177548 0 0 0
1791040376 2662, 13801, 44, 0x0000000000000000 | 16.02 13.60 12.24 | cpu  61133616 791 12743122 2447329570 468677 0 177548 0 0 0
1791040377 2647, 13801, 45, 0x0000000000000000 | 16.02 13.60 12.24 | cpu  61134517 791 12743176 2447353471 468677 0 177549 0 0 0
1791040378 2647, 13801, 44, 0x0000000000000000 | 16.02 13.60 12.24 | cpu  61135239 791 12743238 2447377473 468682 0 177550 0 0 0
1791040380 2647, 13801, 44, 0x0000000000000000 | 16.02 13.60 12.24 | cpu  61135971 791 12743295 2447402410 468682 0 177550 0 0 0
1791040381 2730, 13801, 44, 0x0000000000000000 | 16.02 13.60 12.24 | cpu  61136883 791 12743338 2447425739 468682 0 177551 0 0 0
1791040382 2670, 13801, 44, 0x0000000000000000 | 15.14 13.46 12.20 | cpu  61137623 791 12743392 2447449906 468682 0 177551 0 0 0
1791040383 2662, 13801, 44, 0x0000000000000000 | 15.14 13.46 12.20 | cpu  61138354 791 12743450 2447474008 468685 0 177552 0 0 0
1791040384 3007, 13801, 53, 0x0000000000000000 | 15.14 13.46 12.20 | cpu  61138946 791 12743485 2447497845 468685 0 177552 0 0 0
1791040385 3022, 13801, 52, 0x0000000000000000 | 15.14 13.46 12.20 | cpu  61139182 791 12743512 2447522707 468685 0 177552 0 0 0
1791040386 3000, 13801, 52, 0x0000000000000000 | 14.24 13.30 12.15 | cpu  61139997 791 12743557 2447547211 468685 0 177552 0 0 0
1791040387 3007, 13801, 52, 0x0000000000000000 | 14.24 13.30 12.15 | cpu  61140776 791 12743605 2447571839 468685 0 177552 0 0 0
1791040388 3015, 13801, 46, 0x0000000000000000 | 14.24 13.30 12.15 | cpu  61141498 791 12743657 2447595430 468688 0 177552 0 0 0
1791040390 2977, 13801, 47, 0x0000000000000000 | 14.24 13.30 12.15 | cpu  61142206 791 12743692 2447619704 468688 0 177552 0 0 0
1791040391 3000, 13801, 46, 0x0000000000000000 | 13.34 13.13 12.10 | cpu  61142440 791 12743714 2447644039 468688 0 177552 0 0 0
1791040392 3000, 13801, 47, 0x0000000000000000 | 13.34 13.13 12.10 | cpu  61142670 791 12743740 2447669075 468690 0 177552 0 0 0
1791040393 3007, 13801, 48, 0x0000000000000000 | 13.34 13.13 12.10 | cpu  61143433 791 12743776 2447693455 468693 0 177552 0 0 0
1791040394 3022, 13801, 58, 0x0000000000000004 | 13.34 13.13 12.10 | cpu  61144347 791 12743835 2447717763 468695 0 177552 0 0 0
1791040395 2805, 13801, 46, 0x0000000000000000 | 13.34 13.13 12.10 | cpu  61145037 791 12743898 2447741828 468696 0 177552 0 0 0
1791040396 2970, 13801, 47, 0x0000000000000000 | 12.59 12.98 12.06 | cpu  61145763 791 12743977 2447765788 468696 0 177552 0 0 0
1791040397 3022, 13801, 48, 0x0000000000000000 | 12.59 12.98 12.06 | cpu  61146010 791 12743997 2447790883 468696 0 177553 0 0 0
1791040399 3022, 13801, 51, 0x0000000000000004 | 12.59 12.98 12.06 | cpu  61146975 791 12744054 2447814507 468698 0 177554 0 0 0
1791040400 3015, 13801, 54, 0x0000000000000000 | 12.59 12.98 12.06 | cpu  61147736 791 12744114 2447839225 468700 0 177554 0 0 0
1791040401 2947, 13801, 47, 0x0000000000000000 | 11.91 12.83 12.02 | cpu  61148460 791 12744178 2447862974 468700 0 177554 0 0 0
1791040402 2985, 13801, 47, 0x0000000000000000 | 11.91 12.83 12.02 | cpu  61149220 791 12744214 2447887108 468700 0 177554 0 0 0
1791040403 3022, 13801, 54, 0x0000000000000000 | 11.91 12.83 12.02 | cpu  61150038 791 12744266 2447911536 468700 0 177554 0 0 0
1791040404 3022, 13801, 49, 0x0000000000000000 | 11.91 12.83 12.02 | cpu  61150731 791 12744315 2447935670 468700 0 177554 0 0 0
1791040405 3000, 13801, 52, 0x0000000000000000 | 11.91 12.83 12.02 | cpu  61151608 791 12744393 2447959862 468702 0 177554 0 0 0
1791040406 2910, 13801, 47, 0x0000000000000000 | 11.19 12.67 11.97 | cpu  61151879 791 12744422 2447984643 468702 0 177554 0 0 0
1791040407 3007, 13801, 47, 0x0000000000000000 | 11.19 12.67 11.97 | cpu  61153019 791 12744526 2448008923 468704 0 177554 0 0 0
1791040409 3007, 13801, 53, 0x0000000000000000 | 11.19 12.67 11.97 | cpu  61153752 791 12744600 2448033210 468706 0 177555 0 0 0
1791040410 2977, 13801, 47, 0x0000000000000000 | 11.19 12.67 11.97 | cpu  61154494 791 12744659 2448057555 468706 0 177555 0 0 0
1791040411 2977, 13801, 47, 0x0000000000000000 | 10.54 12.51 11.92 | cpu  61155566 791 12744721 2448081421 468706 0 177556 0 0 0
1791040412 3000, 13801, 48, 0x0000000000000000 | 10.54 12.51 11.92 | cpu  61156171 791 12744783 2448105222 468708 0 177556 0 0 0
1791040413 3022, 13801, 55, 0x0000000000000000 | 10.54 12.51 11.92 | cpu  61156927 791 12744841 2448129270 468708 0 177556 0 0 0
1791040414 3007, 13801, 48, 0x0000000000000000 | 10.54 12.51 11.92 | cpu  61157699 791 12744885 2448153171 468711 0 177558 0 0 0
1791040415 2977, 13801, 53, 0x0000000000000000 | 10.54 12.51 11.92 | cpu  61158641 791 12744927 2448177289 468712 0 177559 0 0 0
1791040416 2940, 13801, 56, 0x0000000000000000 | 10.01 12.36 11.88 | cpu  61159308 791 12744983 2448201418 468712 0 177559 0 0 0
1791040417 2902, 13801, 58, 0x0000000000000000 | 10.01 12.36 11.88 | cpu  61160041 791 12745042 2448225991 468712 0 177560 0 0 0
1791040419 2985, 13801, 60, 0x0000000000000000 | 10.01 12.36 11.88 | cpu  61161290 791 12745169 2448250047 468713 0 177560 0 0 0
1791040420 2977, 13801, 55, 0x0000000000000000 | 10.01 12.36 11.88 | cpu  61161872 791 12745239 2448274585 468715 0 177560 0 0 0
1791040421 3015, 13801, 48, 0x0000000000000000 | 9.53 12.23 11.83 | cpu  61162588 791 12745301 2448298610 468715 0 177561 0 0 0
1791040422 3022, 13801, 48, 0x0000000000000000 | 9.53 12.23 11.83 | cpu  61163490 792 12745353 2448322414 468715 0 177561 0 0 0
1791040423 3022, 13801, 48, 0x0000000000000000 | 9.53 12.23 11.83 | cpu  61164388 792 12745407 2448346363 468719 0 177562 0 0 0
1791040424 3007, 13801, 49, 0x0000000000000000 | 9.53 12.23 11.83 | cpu  61165152 792 12745464 2448371290 468719 0 177562 0 0 0
1791040425 3000, 13801, 49, 0x0000000000000000 | 9.53 12.23 11.83 | cpu  61165859 792 12745516 2448394901 468719 0 177562 0 0 0
1791040426 3000, 13801, 51, 0x0000000000000004 | 9.09 12.09 11.79 | cpu  61166655 792 12745594 2448420027 468721 0 177562 0 0 0
1791040428 2895, 13801, 58, 0x0000000000000004 | 9.09 12.09 11.79 | cpu  61170870 792 12746103 2448441423 468722 0 177562 0 0 0
1791040429 2992, 13801, 58, 0x0000000000000000 | 9.09 12.09 11.79 | cpu  61172342 792 12746196 2448464599 468722 0 177564 0 0 0
1791040430 3022, 13801, 49, 0x0000000000000000 | 9.09 12.09 11.79 | cpu  61173300 792 12746239 2448488948 468723 0 177564 0 0 0
1791040431 3015, 13801, 49, 0x0000000000000000 | 8.68 11.95 11.75 | cpu  61175830 792 12746652 2448510220 468725 0 177565 0 0 0
1791040432 2977, 13801, 52, 0x0000000000000004 | 8.68 11.95 11.75 | cpu  61176615 792 12746704 2448534329 468725 0 177566 0 0 0
1791040433 3007, 13801, 57, 0x0000000000000000 | 8.68 11.95 11.75 | cpu  61177649 792 12746777 2448559537 468725 0 177568 0 0 0
1791040434 3022, 13801, 48, 0x0000000000000000 | 8.68 11.95 11.75 | cpu  61180110 792 12746883 2448581858 468726 0 177570 0 0 0
1791040435 3022, 13801, 48, 0x0000000000000000 | 8.68 11.95 11.75 | cpu  61180752 792 12746931 2448606074 468730 0 177570 0 0 0
1791040437 3000, 13801, 49, 0x0000000000000000 | 8.22 11.81 11.70 | cpu  61181508 792 12746993 2448629793 468732 0 177570 0 0 0
1791040438 3007, 13801, 49, 0x0000000000000000 | 8.22 11.81 11.70 | cpu  61182509 792 12747044 2448653479 468732 0 177571 0 0 0
1791040439 3000, 13801, 50, 0x0000000000000000 | 8.22 11.81 11.70 | cpu  61183361 792 12747088 2448676916 468732 0 177573 0 0 0
1791040440 3022, 13801, 48, 0x0000000000000000 | 8.22 11.81 11.70 | cpu  61184229 792 12747144 2448700758 468732 0 177574 0 0 0
1791040441 3022, 13801, 48, 0x0000000000000000 | 7.89 11.68 11.66 | cpu  61185072 792 12747200 2448724715 468732 0 177577 0 0 0
1791040442 2925, 13801, 51, 0x0000000000000004 | 7.89 11.68 11.66 | cpu  61185858 792 12747300 2448748246 468733 0 177579 0 0 0
1791040443 3015, 13801, 57, 0x0000000000000000 | 7.89 11.68 11.66 | cpu  61186976 792 12747351 2448772024 468735 0 177580 0 0 0
1791040444 3022, 13801, 48, 0x0000000000000000 | 7.89 11.68 11.66 | cpu  61187760 792 12747404 2448796359 468735 0 177580 0 0 0
1791040445 3022, 13801, 49, 0x0000000000000000 | 7.89 11.68 11.66 | cpu  61188364 792 12747467 2448820659 468737 0 177581 0 0 0
1791040447 3022, 13801, 49, 0x0000000000000000 | 7.49 11.53 11.61 | cpu  61189468 792 12747529 2448844358 468741 0 177581 0 0 0
1791040448 3022, 13801, 48, 0x0000000000000000 | 7.49 11.53 11.61 | cpu  61191659 792 12747596 2448868951 468742 0 177581 0 0 0
1791040449 3022, 13801, 49, 0x0000000000000000 | 7.49 11.53 11.61 | cpu  61195305 792 12747662 2448889679 468744 0 177581 0 0 0
1791040450 3000, 13801, 49, 0x0000000000000000 | 7.49 11.53 11.61 | cpu  61196817 792 12747815 2448913018 468750 0 177582 0 0 0
1791040451 3015, 13801, 49, 0x0000000000000000 | 7.29 11.42 11.58 | cpu  61198235 792 12747901 2448935837 468755 0 177583 0 0 0
1791040452 2985, 13801, 49, 0x0000000000000000 | 7.29 11.42 11.58 | cpu  61199723 792 12747947 2448958233 468755 0 177584 0 0 0
1791040453 2970, 13801, 49, 0x0000000000000000 | 7.29 11.42 11.58 | cpu  61201165 792 12748018 2448981160 468755 0 177584 0 0 0
1791040454 2970, 13801, 49, 0x0000000000000000 | 7.29 11.42 11.58 | cpu  61202634 792 12748073 2449004364 468755 0 177584 0 0 0
1791040455 2970, 13801, 60, 0x0000000000000004 | 7.29 11.42 11.58 | cpu  61202986 792 12748111 2449029159 468758 0 177585 0 0 0
1791040457 3022, 13801, 48, 0x0000000000000000 | 15.84 13.13 12.13 | cpu  61204807 792 12748166 2449051325 468759 0 177586 0 0 0
1791040458 3007, 13801, 51, 0x0000000000000004 | 15.84 13.13 12.13 | cpu  61206286 792 12748237 2449075044 468763 0 177586 0 0 0
1791040459 2940, 13801, 58, 0x0000000000000004 | 15.84 13.13 12.13 | cpu  61207733 792 12748315 2449098539 468763 0 177587 0 0 0
1791040460 3007, 13801, 58, 0x0000000000000000 | 15.84 13.13 12.13 | cpu  61208984 792 12748416 2449122417 468763 0 177587 0 0 0
1791040461 3007, 13801, 57, 0x0000000000000000 | 14.89 12.97 12.09 | cpu  61209774 792 12748482 2449146782 468766 0 177590 0 0 0
1791040462 3022, 13801, 49, 0x0000000000000000 | 14.89 12.97 12.09 | cpu  61211865 792 12748551 2449169783 468766 0 177590 0 0 0
1791040463 2992, 13801, 50, 0x0000000000000000 | 14.89 12.97 12.09 | cpu  61212646 792 12748605 2449193383 468769 0 177591 0 0 0
1791040464 2970, 13801, 51, 0x0000000000000000 | 14.89 12.97 12.09 | cpu  61212924 792 12748634 2449218494 468769 0 177592 0 0 0
1791040465 2992, 13801, 56, 0x0000000000000000 | 14.89 12.97 12.09 | cpu  61213758 792 12748672 2449242636 468770 0 177593 0 0 0
1791040467 3007, 13801, 50, 0x0000000000000000 | 14.02 12.82 12.04 | cpu  61214517 792 12748734 2449266711 468771 0 177594 0 0 0
1791040468 3022, 13801, 48, 0x0000000000000000 | 14.02 12.82 12.04 | cpu  61215239 792 12748787 2449291188 468771 0 177596 0 0 0
1791040469 3022, 13801, 48, 0x0000000000000000 | 14.02 12.82 12.04 | cpu  61216306 792 12748836 2449315896 468772 0 177596 0 0 0
1791040470 2647, 13801, 47, 0x0000000000000000 | 14.02 12.82 12.04 | cpu  61217350 792 12748878 2449340016 468772 0 177597 0 0 0
1791040471 2647, 13801, 47, 0x0000000000000000 | 13.30 12.69 12.00 | cpu  61218212 792 12748934 2449363965 468774 0 177601 0 0 0
1791040472 2647, 13801, 46, 0x0000000000000000 | 13.30 12.69 12.00 | cpu  61218980 792 12748997 2449388488 468774 0 177602 0 0 0
1791040473 2662, 13801, 46, 0x0000000000000000 | 13.30 12.69 12.00 | cpu  61219795 792 12749083 2449412400 468774 0 177602 0 0 0
1791040474 2677, 13801, 47, 0x0000000000000000 | 13.30 12.69 12.00 | cpu  61220050 792 12749108 2449437078 468774 0 177602 0 0 0
1791040476 2647, 13801, 46, 0x0000000000000000 | 13.30 12.69 12.00 | cpu  61220742 792 12749147 2449461268 468775 0 177604 0 0 0
1791040477 2647, 13801, 46, 0x0000000000000000 | 12.47 12.53 11.95 | cpu  61221496 792 12749210 2449485745 468775 0 177606 0 0 0
1791040478 2662, 13801, 46, 0x0000000000000000 | 12.47 12.53 11.95 | cpu  61222234 792 12749261 2449510216 468775 0 177609 0 0 0
1791040479 2730, 13801, 47, 0x0000000000000000 | 12.47 12.53 11.95 | cpu  61224077 792 12749320 2449533233 468775 0 177610 0 0 0
1791040480 2992, 13801, 53, 0x0000000000000000 | 12.47 12.53 11.95 | cpu  61226784 792 12749378 2449554405 468775 0 177610 0 0 0
1791040481 3007, 13801, 53, 0x0000000000000000 | 11.71 12.37 11.91 | cpu  61228097 792 12749457 2449578113 468775 0 177610 0 0 0
1791040482 2977, 13801, 54, 0x0000000000000000 | 11.71 12.37 11.91 | cpu  61228780 792 12749519 2449602080 468777 0 177611 0 0 0
1791040483 2985, 13801, 54, 0x0000000000000000 | 11.71 12.37 11.91 | cpu  61230746 792 12749577 2449624538 468777 0 177612 0 0 0
1791040484 3000, 13801, 53, 0x0000000000000000 | 11.71 12.37 11.91 | cpu  61231711 792 12749640 2449648286 468777 0 177616 0 0 0
1791040486 2992, 13801, 54, 0x0000000000000000 | 11.71 12.37 11.91 | cpu  61232926 792 12749674 2449672308 468778 0 177622 0 0 0
1791040487 2985, 13801, 55, 0x0000000000000000 | 19.98 14.08 12.46 | cpu  61235328 792 12750157 2449694382 468780 0 177622 0 0 0
1791040488 2992, 13801, 55, 0x0000000000000000 | 19.98 14.08 12.46 | cpu  61235964 792 12750213 2449718272 468780 0 177628 0 0 0
1791040489 2985, 13801, 55, 0x0000000000000000 | 19.98 14.08 12.46 | cpu  61237183 792 12750716 2449741268 468780 0 177629 0 0 0
1791040490 2992, 13801, 55, 0x0000000000000000 | 19.98 14.08 12.46 | cpu  61238181 793 12750764 2449765276 468780 0 177630 0 0 0
1791040491 3015, 13801, 50, 0x0000000000000000 | 18.78 13.93 12.42 | cpu  61238876 793 12750822 2449789377 468780 0 177631 0 0 0
1791040492 3022, 13801, 49, 0x0000000000000000 | 18.78 13.93 12.42 | cpu  61239706 793 12750942 2449814146 468781 0 177633 0 0 0
1791040493 2872, 13801, 53, 0x0000000000000000 | 18.78 13.93 12.42 | cpu  61240899 793 12751024 2449837788 468781 0 177634 0 0 0
1791040495 2992, 13801, 54, 0x0000000000000000 | 18.78 13.93 12.42 | cpu  61241722 793 12751075 2449861901 468781 0 177634 0 0 0
1791040496 3022, 13801, 49, 0x0000000000000000 | 18.78 13.93 12.42 | cpu  61242358 793 12751161 2449886258 468782 0 177636 0 0 0
1791040497 2925, 13801, 48, 0x0000000000000000 | 17.60 13.76 12.37 | cpu  61243068 793 12751268 2449911193 468782 0 177638 0 0 0
1791040498 2977, 13801, 54, 0x0000000000000000 | 17.60 13.76 12.37 | cpu  61243939 793 12751353 2449935338 468784 0 177638 0 0 0
1791040499 3022, 13801, 49, 0x0000000000000000 | 17.60 13.76 12.37 | cpu  61244602 793 12751451 2449959894 468784 0 177638 0 0 0
1791040500 2647, 13801, 47, 0x0000000000000000 | 17.60 13.76 12.37 | cpu  61245380 793 12751514 2449984339 468784 0 177639 0 0 0
1791040501 2655, 13801, 47, 0x0000000000000000 | 34.45 17.32 13.53 | cpu  61249165 793 12751616 2450004885 468785 0 177639 0 0 0
1791040502 2647, 13801, 47, 0x0000000000000000 | 34.45 17.32 13.53 | cpu  61250219 793 12751750 2450028717 468785 0 177641 0 0 0
1791040503 2655, 13801, 47, 0x0000000000000000 | 34.45 17.32 13.53 | cpu  61251522 793 12751830 2450052131 468787 0 177643 0 0 0
1791040505 2647, 13801, 47, 0x0000000000000000 | 34.45 17.32 13.53 | cpu  61253495 793 12751879 2450075190 468787 0 177643 0 0 0
1791040506 2655, 13801, 46, 0x0000000000000000 | 34.45 17.32 13.53 | cpu  61253884 793 12751914 2450099709 468787 0 177646 0 0 0
1791040507 2647, 13801, 46, 0x0000000000000000 | 32.09 17.11 13.49 | cpu  61254886 793 12751964 2450123263 468787 0 177647 0 0 0
1791040508 2992, 13801, 54, 0x0000000000000000 | 32.09 17.11 13.49 | cpu  61257448 793 12752050 2450146038 468789 0 177647 0 0 0
1791040509 2992, 13801, 54, 0x0000000000000000 | 32.09 17.11 13.49 | cpu  61258238 793 12752106 2450170093 468789 0 177648 0 0 0
1791040510 2977, 13801, 56, 0x0000000000000000 | 32.09 17.11 13.49 | cpu  61258851 793 12752179 2450194362 468789 0 177649 0 0 0
1791040511 3000, 13801, 53, 0x0000000000000000 | 29.76 16.88 13.43 | cpu  61259131 793 12752208 2450219391 468789 0 177650 0 0 0
1791040512 3022, 13801, 48, 0x0000000000000000 | 29.76 16.88 13.43 | cpu  61260238 793 12752266 2450243078 468789 0 177650 0 0 0
1791040514 3015, 13801, 49, 0x0000000000000000 | 29.76 16.88 13.43 | cpu  61261060 793 12752316 2450267531 468789 0 177655 0 0 0
1791040515 3007, 13801, 52, 0x0000000000000000 | 29.76 16.88 13.43 | cpu  61261853 793 12752388 2450290698 468790 0 177655 0 0 0
1791040516 2992, 13801, 54, 0x0000000000000000 | 29.76 16.88 13.43 | cpu  61262915 793 12752462 2450314630 468790 0 177655 0 0 0
1791040517 2992, 13801, 54, 0x0000000000000000 | 27.78 16.68 13.39 | cpu  61263713 793 12752522 2450339081 468790 0 177656 0 0 0
1791040518 2985, 13801, 54, 0x0000000000000000 | 27.78 16.68 13.39 | cpu  61264571 793 12752568 2450362752 468790 0 177657 0 0 0
1791040519 2985, 13801, 55, 0x0000000000000000 | 27.78 16.68 13.39 | cpu  61265627 793 12752622 2450386239 468791 0 177657 0 0 0
1791040520 3022, 13801, 49, 0x0000000000000000 | 27.78 16.68 13.39 | cpu  61266336 793 12752668 2450409957 468791 0 177657 0 0 0
1791040521 3015, 13801, 50, 0x0000000000000000 | 25.87 16.47 13.33 | cpu  61267035 793 12752730 2450433942 468793 0 177657 0 0 0
1791040522 2812, 13801, 53, 0x0000000000000000 | 25.87 16.47 13.33 | cpu  61270338 793 12752859 2450456961 468793 0 177658 0 0 0
1791040524 2985, 13801, 55, 0x0000000000000000 | 25.87 16.47 13.33 | cpu  61271809 793 12752952 2450479455 468793 0 177658 0 0 0
1791040525 2985, 13801, 56, 0x0000000000000000 | 25.87 16.47 13.33 | cpu  61273190 793 12753001 2450502997 468794 0 177659 0 0 0
1791040526 2992, 13801, 55, 0x0000000000000000 | 25.87 16.47 13.33 | cpu  61275039 793 12753053 2450525753 468796 0 177660 0 0 0
1791040527 2977, 13801, 57, 0x0000000000000000 | 24.28 16.30 13.29 | cpu  61276339 793 12753127 2450549654 468796 0 177660 0 0 0
1791040528 2992, 13801, 55, 0x0000000000000000 | 24.28 16.30 13.29 | cpu  61277122 793 12753188 2450572822 468796 0 177662 0 0 0
1791040529 3000, 13801, 55, 0x0000000000000000 | 24.28 16.30 13.29 | cpu  61279453 793 12753241 2450595200 468796 0 177662 0 0 0
1791040530 2992, 13801, 56, 0x0000000000000000 | 24.28 16.30 13.29 | cpu  61280489 793 12753288 2450618792 468796 0 177663 0 0 0
1791040531 3000, 13801, 55, 0x0000000000000000 | 22.50 16.06 13.23 | cpu  61280786 793 12753318 2450643487 468796 0 177664 0 0 0
1791040532 2985, 13801, 56, 0x0000000000000000 | 22.50 16.06 13.23 | cpu  61281015 793 12753342 2450668331 468797 0 177664 0 0 0
1791040533 2985, 13801, 56, 0x0000000000000000 | 22.50 16.06 13.23 | cpu  61281955 793 12753387 2450691902 468800 0 177665 0 0 0
1791040535 2985, 13801, 57, 0x0000000000000000 | 22.50 16.06 13.23 | cpu  61282673 793 12753481 2450716464 468801 0 177666 0 0 0
1791040536 2977, 13801, 58, 0x0000000000000000 | 22.50 16.06 13.23 | cpu  61284981 793 12753618 2450739503 468802 0 177666 0 0 0
1791040537 2977, 13801, 58, 0x0000000000000000 | 21.42 15.94 13.21 | cpu  61287438 793 12753762 2450762843 468802 0 177666 0 0 0
1791040538 2985, 13801, 57, 0x0000000000000000 | 21.42 15.94 13.21 | cpu  61289840 793 12753886 2450786438 468803 0 177667 0 0 0
1791040539 3007, 13801, 51, 0x0000000000000000 | 21.42 15.94 13.21 | cpu  61291852 793 12754041 2450809453 468804 0 177667 0 0 0
1791040540 3000, 13801, 56, 0x0000000000000000 | 21.42 15.94 13.21 | cpu  61293694 793 12754161 2450832432 468805 0 177667 0 0 0
1791040541 2970, 13801, 58, 0x0000000000000000 | 20.26 15.79 13.18 | cpu  61295395 793 12754572 2450856630 468808 0 177667 0 0 0
1791040543 2985, 13801, 58, 0x0000000000000000 | 20.26 15.79 13.18 | cpu  61297230 793 12754750 2450880874 468809 0 177668 0 0 0
1791040544 3022, 13801, 51, 0x0000000000000000 | 20.26 15.79 13.18 | cpu  61300992 793 12755384 2450900656 468809 0 177669 0 0 0
1791040545 2985, 13801, 57, 0x0000000000000000 | 20.26 15.79 13.18 | cpu  61304728 793 12755864 2450921392 468811 0 177669 0 0 0
1791040546 2992, 13801, 56, 0x0000000000000000 | 19.04 15.61 13.13 | cpu  61306181 793 12756576 2450944105 468817 0 177670 0 0 0
1791040547 3022, 13801, 51, 0x0000000000000000 | 19.04 15.61 13.13 | cpu  61308004 793 12756698 2450967069 468823 0 177670 0 0 0
1791040548 2977, 13801, 57, 0x0000000000000000 | 19.04 15.61 13.13 | cpu  61309520 793 12756758 2450990297 468824 0 177671 0 0 0
1791040549 2985, 13801, 57, 0x0000000000000000 | 19.04 15.61 13.13 | cpu  61311025 795 12756810 2451014055 468824 0 177672 0 0 0
1791040550 2985, 13801, 57, 0x0000000000000000 | 19.04 15.61 13.13 | cpu  61312272 795 12756854 2451037823 468824 0 177673 0 0 0
1791040552 2992, 13801, 53, 0x0000000000000000 | 17.83 15.42 13.08 | cpu  61314190 795 12756918 2451061176 468825 0 177674 0 0 0
1791040553 2977, 13801, 58, 0x0000000000000000 | 17.83 15.42 13.08 | cpu  61314955 795 12756983 2451084914 468827 0 177674 0 0 0
1791040554 2985, 13801, 58, 0x0000000000000000 | 17.83 15.42 13.08 | cpu  61316358 795 12757053 2451108729 468827 0 177674 0 0 0
1791040555 2985, 13801, 58, 0x0000000000000000 | 17.83 15.42 13.08 | cpu  61318383 795 12757125 2451132734 468828 0 177676 0 0 0
1791040556 2962, 13801, 59, 0x0000000000000000 | 16.89 15.26 13.05 | cpu  61319186 795 12757182 2451156845 468828 0 177680 0 0 0
1791040557 3022, 13801, 52, 0x0000000000000000 | 16.89 15.26 13.05 | cpu  61319975 795 12757243 2451180677 468834 0 177680 0 0 0
1791040558 3022, 13801, 51, 0x0000000000000000 | 16.89 15.26 13.05 | cpu  61322197 795 12757312 2451203289 468835 0 177681 0 0 0
1791040559 2647, 13801, 50, 0x0000000000000000 | 16.89 15.26 13.05 | cpu  61323179 795 12757361 2451227415 468835 0 177682 0 0 0
1791040561 2647, 13801, 49, 0x0000000000000000 | 16.89 15.26 13.05 | cpu  61323880 795 12757416 2451251182 468835 0 177682 0 0 0
1791040562 2985, 13801, 56, 0x0000000000000000 | 15.85 15.08 13.00 | cpu  61324636 796 12757468 2451276261 468835 0 177683 0 0 0
1791040563 2985, 13801, 58, 0x0000000000000000 | 15.85 15.08 13.00 | cpu  61325683 796 12757588 2451301299 468835 0 177684 0 0 0
1791040564 2992, 13801, 57, 0x0000000000000000 | 15.85 15.08 13.00 | cpu  61326516 796 12757637 2451325736 468841 0 177684 0 0 0
1791040565 2970, 13801, 60, 0x0000000000000000 | 15.85 15.08 13.00 | cpu  61327337 796 12757682 2451349840 468841 0 177684 0 0 0
1791040566 2977, 13801, 58, 0x0000000000000000 | 23.39 16.65 13.52 | cpu  61328226 796 12757722 2451373808 468843 0 177684 0 0 0
1791040567 2992, 13801, 58, 0x0000000000000000 | 23.39 16.65 13.52 | cpu  61328560 796 12757754 2451397505 468843 0 177687 0 0 0
1791040568 2977, 13801, 57, 0x0000000000000000 | 23.39 16.65 13.52 | cpu  61328928 796 12757782 2451422107 468845 0 177688 0 0 0
1791040570 3022, 13801, 51, 0x0000000000000000 | 23.39 16.65 13.52 | cpu  61329180 796 12757810 2451446988 468846 0 177689 0 0 0
1791040571 2662, 13801, 50, 0x0000000000000000 | 23.39 16.65 13.52 | cpu  61329434 796 12757842 2451471925 468846 0 177690 0 0 0
1791040572 2677, 13801, 50, 0x0000000000000000 | 28.09 17.74 13.89 | cpu  61330572 796 12757926 2451496364 468848 0 177692 0 0 0
1791040573 2977, 13801, 58, 0x0000000000000000 | 28.09 17.74 13.89 | cpu  61331310 796 12758077 2451520775 468848 0 177696 0 0 0
1791040574 2977, 13801, 58, 0x0000000000000000 | 28.09 17.74 13.89 | cpu  61332196 796 12758176 2451545227 468848 0 177696 0 0 0
1791040575 3000, 13801, 55, 0x0000000000000000 | 28.09 17.74 13.89 | cpu  61333034 796 12758217 2451570195 468851 0 177696 0 0 0
1791040576 3022, 13801, 51, 0x0000000000000000 | 26.08 17.49 13.83 | cpu  61333712 796 12758277 2451594292 468851 0 177697 0 0 0
1791040577 3015, 13801, 51, 0x0000000000000000 | 26.08 17.49 13.83 | cpu  61334468 796 12758336 2451618403 468851 0 177697 0 0 0
1791040579 2992, 13801, 57, 0x0000000000000000 | 26.08 17.49 13.83 | cpu  61335148 796 12758375 2451642735 468851 0 177700 0 0 0
1791040580 2985, 13801, 57, 0x0000000000000000 | 26.08 17.49 13.83 | cpu  61336134 796 12758422 2451666542 468852 0 177700 0 0 0
1791040581 2977, 13801, 58, 0x0000000000000000 | 26.08 17.49 13.83 | cpu  61336972 796 12758510 2451690477 468855 0 177708 0 0 0
1791040582 2992, 13801, 57, 0x0000000000000000 | 24.31 17.27 13.77 | cpu  61337670 796 12758575 2451714762 468855 0 177708 0 0 0
1791040583 2985, 13801, 59, 0x0000000000000000 | 24.31 17.27 13.77 | cpu  61338136 796 12758636 2451739391 468855 0 177709 0 0 0
1791040584 2992, 13801, 57, 0x0000000000000000 | 24.31 17.27 13.77 | cpu  61338831 796 12758665 2451763729 468855 0 177713 0 0 0
1791040585 2992, 13801, 58, 0x0000000000000000 | 24.31 17.27 13.77 | cpu  61341317 796 12758800 2451786921 468856 0 177714 0 0 0
1791040586 2992, 13801, 58, 0x0000000000000000 | 23.24 17.16 13.76 | cpu  61342122 796 12759238 2451811612 468856 0 177716 0 0 0
1791040588 3007, 13801, 52, 0x0000000000000000 | 23.24 17.16 13.76 | cpu  61344560 796 12759359 2451834727 468856 0 177716 0 0 0
1791040589 3022, 13801, 51, 0x0000000000000000 | 23.24 17.16 13.76 | cpu  61345466 796 12759436 2451858261 468856 0 177716 0 0 0
1791040590 2985, 13801, 58, 0x0000000000000000 | 23.24 17.16 13.76 | cpu  61346299 796 12759460 2451882272 468856 0 177717 0 0 0
1791040591 3007, 13801, 53, 0x0000000000000000 | 21.62 16.93 13.70 | cpu  61347162 796 12759492 2451906262 468858 0 177718 0 0 0
1791040592 2992, 13801, 58, 0x0000000000000000 | 21.62 16.93 13.70 | cpu  61348033 796 12759526 2451930156 468861 0 177718 0 0 0
1791040593 2992, 13801, 57, 0x0000000000000000 | 21.62 16.93 13.70 | cpu  61350443 796 12759590 2451953522 468861 0 177718 0 0 0
1791040594 2977, 13801, 59, 0x0000000000000000 | 21.62 16.93 13.70 | cpu  61351326 796 12759644 2451977625 468861 0 177718 0 0 0
1791040595 3007, 13801, 53, 0x0000000000000000 | 21.62 16.93 13.70 | cpu  61352154 796 12759696 2452001353 468861 0 177719 0 0 0
1791040597 2985, 13801, 58, 0x0000000000000000 | 20.05 16.68 13.64 | cpu  61353044 796 12759736 2452025049 468862 0 177719 0 0 0
1791040598 2992, 13801, 59, 0x0000000000000000 | 20.05 16.68 13.64 | cpu  61353876 796 12759796 2452049324 468864 0 177720 0 0 0
1791040599 2985, 13801, 59, 0x0000000000000000 | 20.05 16.68 13.64 | cpu  61354651 796 12759845 2452073630 468864 0 177720 0 0 0
1791040600 2985, 13801, 58, 0x0000000000000000 | 20.05 16.68 13.64 | cpu  61356010 796 12760346 2452097286 468864 0 177720 0 0 0
1791040601 2985, 13801, 60, 0x0000000000000000 | 18.76 16.47 13.59 | cpu  61357040 796 12760389 2452121155 468864 0 177720 0 0 0
1791040602 3000, 13801, 57, 0x0000000000000000 | 18.76 16.47 13.59 | cpu  61357878 796 12760784 2452144340 468867 0 177723 0 0 0
1791040603 2992, 13801, 58, 0x0000000000000000 | 18.76 16.47 13.59 | cpu  61358837 796 12760937 2452168267 468867 0 177723 0 0 0
1791040604 3007, 13801, 53, 0x0000000000000000 | 18.76 16.47 13.59 | cpu  61359808 796 12761026 2452192791 468867 0 177723 0 0 0
1791040605 2977, 13801, 59, 0x0000000000000000 | 18.76 16.47 13.59 | cpu  61360512 796 12761100 2452216617 468867 0 177724 0 0 0
1791040607 2985, 13801, 59, 0x0000000000000000 | 17.58 16.26 13.53 | cpu  61361228 796 12761157 2452241281 468869 0 177724 0 0 0
1791040608 2992, 13801, 59, 0x0000000000000000 | 17.58 16.26 13.53 | cpu  61361941 796 12761224 2452265902 468869 0 177724 0 0 0
1791040609 2977, 13801, 59, 0x0000000000000000 | 17.58 16.26 13.53 | cpu  61362757 796 12761258 2452289137 468871 0 177724 0 0 0
1791040610 2977, 13801, 60, 0x0000000000000000 | 17.58 16.26 13.53 | cpu  61363455 796 12761310 2452312988 468871 0 177726 0 0 0
1791040611 2970, 13801, 60, 0x0000000000000000 | 16.41 16.04 13.48 | cpu  61364067 796 12761364 2452336916 468871 0 177726 0 0 0
1791040612 2985, 13801, 60, 0x0000000000000000 | 16.41 16.04 13.48 | cpu  61364839 796 12761398 2452361022 468873 0 177727 0 0 0
1791040613 3000, 13801, 58, 0x0000000000000000 | 16.41 16.04 13.48 | cpu  61365109 796 12761434 2452385672 468875 0 177728 0 0 0
1791040614 2992, 13801, 59, 0x0000000000000000 | 16.41 16.04 13.48 | cpu  61365336 796 12761455 2452410251 468876 0 177729 0 0 0
1791040615 2985, 13801, 59, 0x0000000000000000 | 16.41 16.04 13.48 | cpu  61366164 796 12761500 2452434298 468876 0 177731 0 0 0
1791040617 2977, 13801, 60, 0x0000000000000000 | 15.34 15.83 13.42 | cpu  61366900 796 12761543 2452457663 468876 0 177732 0 0 0
1791040618 2970, 13801, 61, 0x0000000000000000 | 15.34 15.83 13.42 | cpu  61367646 796 12761591 2452481867 468877 0 177732 0 0 0
1791040619 2970, 13801, 61, 0x0000000000000000 | 15.34 15.83 13.42 | cpu  61368230 796 12761700 2452505988 468885 0 177733 0 0 0
1791040620 2985, 13801, 59, 0x0000000000000000 | 15.34 15.83 13.42 | cpu  61369485 796 12761787 2452530534 468885 0 177734 0 0 0
1791040621 3007, 13801, 53, 0x0000000000000000 | 14.75 15.70 13.39 | cpu  61371099 796 12761948 2452553423 468885 0 177742 0 0 0
1791040622 2662, 13801, 51, 0x0000000000000000 | 14.75 15.70 13.39 | cpu  61373342 796 12762145 2452575625 468885 0 177743 0 0 0
1791040623 2662, 13801, 51, 0x0000000000000000 | 14.75 15.70 13.39 | cpu  61375248 796 12762254 2452599321 468885 0 177745 0 0 0
1791040624 2662, 13801, 51, 0x0000000000000000 | 14.75 15.70 13.39 | cpu  61377297 796 12762393 2452622023 468891 0 177746 0 0 0
1791040626 2647, 13801, 51, 0x0000000000000000 | 14.75 15.70 13.39 | cpu  61379219 796 12762593 2452644842 468891 0 177747 0 0 0
1791040627 2647, 13801, 50, 0x0000000000000000 | 15.17 15.77 13.43 | cpu  61380943 796 12763048 2452666685 468894 0 177750 0 0 0
1791040628 2677, 13801, 50, 0x0000000000000000 | 15.17 15.77 13.43 | cpu  61383337 796 12763224 2452689566 468894 0 177751 0 0 0
1791040629 2700, 13801, 51, 0x0000000000000000 | 15.17 15.77 13.43 | cpu  61384794 796 12763460 2452712726 468894 0 177751 0 0 0
1791040630 2670, 13801, 50, 0x0000000000000000 | 15.17 15.77 13.43 | cpu  61385579 796 12764240 2452736228 468896 0 177752 0 0 0
1791040631 2985, 13801, 58, 0x0000000000000000 | 14.36 15.59 13.38 | cpu  61386479 796 12764377 2452760127 468896 0 177752 0 0 0
1791040632 2985, 13801, 57, 0x0000000000000000 | 14.36 15.59 13.38 | cpu  61387245 796 12764452 2452784893 468902 0 177752 0 0 0
1791040633 2985, 13801, 57, 0x0000000000000000 | 14.36 15.59 13.38 | cpu  61390079 796 12764689 2452805695 468902 0 177753 0 0 0
1791040634 2992, 13801, 58, 0x0000000000000000 | 14.36 15.59 13.38 | cpu  61392646 796 12764920 2452828094 468902 0 177754 0 0 0
1791040636 2977, 13801, 58, 0x0000000000000000 | 14.36 15.59 13.38 | cpu  61394013 796 12765076 2452852766 468902 0 177755 0 0 0
1791040637 3015, 13801, 52, 0x0000000000000000 | 13.69 15.43 13.34 | cpu  61394904 796 12765205 2452877165 468903 0 177756 0 0 0
1791040638 2992, 13801, 56, 0x0000000000000000 | 13.69 15.43 13.34 | cpu  61396851 796 12765244 2452900231 468915 0 177759 0 0 0
1791040639 3022, 13801, 52, 0x0000000000000000 | 13.69 15.43 13.34 | cpu  61397719 796 12765292 2452924682 468915 0 177760 0 0 0
1791040640 2985, 13801, 59, 0x0000000000000000 | 13.69 15.43 13.34 | cpu  61398415 796 12765348 2452948911 468915 0 177760 0 0 0
1791040641 2977, 13801, 59, 0x0000000000000000 | 13.31 15.32 13.32 | cpu  61400950 796 12765398 2452970394 468915 0 177761 0 0 0
1791040642 2985, 13801, 59, 0x0000000000000000 | 13.31 15.32 13.32 | cpu  61401333 796 12765440 2452995311 468917 0 177762 0 0 0
1791040643 2985, 13801, 58, 0x0000000000000000 | 13.31 15.32 13.32 | cpu  61402340 796 12765495 2453019808 468917 0 177762 0 0 0
1791040645 2985, 13801, 58, 0x0000000000000000 | 13.31 15.32 13.32 | cpu  61403052 796 12765544 2453043757 468917 0 177762 0 0 0
1791040646 3000, 13801, 54, 0x0000000000000000 | 13.31 15.32 13.32 | cpu  61403749 796 12765607 2453067929 468917 0 177762 0 0 0
1791040647 2985, 13801, 60, 0x0000000000000000 | 12.57 15.13 13.27 | cpu  61404442 796 12765646 2453092197 468921 0 177764 0 0 0
1791040648 2992, 13801, 58, 0x0000000000000000 | 12.57 15.13 13.27 | cpu  61404807 796 12765676 2453116401 468922 0 177765 0 0 0
1791040649 2985, 13801, 59, 0x0000000000000000 | 12.57 15.13 13.27 | cpu  61405810 796 12765709 2453140251 468922 0 177766 0 0 0
1791040650 2992, 13801, 57, 0x0000000000000000 | 12.57 15.13 13.27 | cpu  61406558 796 12765762 2453164680 468922 0 177767 0 0 0
1791040651 2992, 13801, 58, 0x0000000000000000 | 11.96 14.97 13.22 | cpu  61407262 796 12765882 2453188856 468922 0 177769 0 0 0
1791040652 2985, 13801, 59, 0x0000000000000000 | 11.96 14.97 13.22 | cpu  61407889 796 12765942 2453213807 468924 0 177770 0 0 0
1791040653 2992, 13801, 59, 0x0000000000000000 | 11.96 14.97 13.22 | cpu  61408125 796 12765965 2453238461 468924 0 177771 0 0 0
1791040655 3000, 13801, 58, 0x0000000000000000 | 11.96 14.97 13.22 | cpu  61410825 796 12766020 2453259735 468924 0 177771 0 0 0
1791040656 2985, 13801, 59, 0x0000000000000000 | 11.96 14.97 13.22 | cpu  61414947 796 12766102 2453280278 468924 0 177771 0 0 0
1791040657 2992, 13801, 59, 0x0000000000000000 | 11.24 14.77 13.17 | cpu  61419423 796 12766592 2453299790 468924 0 177771 0 0 0
1791040658 2985, 13801, 60, 0x0000000000000000 | 11.24 14.77 13.17 | cpu  61423393 796 12766651 2453321078 468925 0 177772 0 0 0
1791040659 2985, 13801, 59, 0x0000000000000000 | 11.24 14.77 13.17 | cpu  61424818 796 12766881 2453343760 468925 0 177772 0 0 0
1791040660 2992, 13801, 59, 0x0000000000000000 | 11.24 14.77 13.17 | cpu  61425655 796 12767302 2453368049 468925 0 177774 0 0 0
1791040661 3000, 13801, 59, 0x0000000000000000 | 10.66 14.59 13.12 | cpu  61426361 796 12767407 2453391857 468925 0 177779 0 0 0
1791040662 2992, 13801, 58, 0x0000000000000000 | 10.66 14.59 13.12 | cpu  61428590 796 12767459 2453413519 468925 0 177779 0 0 0
1791040663 3000, 13801, 58, 0x0000000000000000 | 10.66 14.59 13.12 | cpu  61432105 796 12767518 2453434455 468927 0 177779 0 0 0
1791040665 3007, 13801, 53, 0x0000000000000000 | 10.66 14.59 13.12 | cpu  61434497 796 12767864 2453457929 468995 0 177780 0 0 0
1791040666 2985, 13801, 59, 0x0000000000000000 | 10.66 14.59 13.12 | cpu  61435473 796 12768394 2453481693 469186 0 177782 0 0 0
1791040667 3007, 13801, 53, 0x0000000000000000 | 10.69 14.53 13.11 | cpu  61436232 796 12768835 2453505153 469355 0 177782 0 0 0
1791040668 2992, 13801, 58, 0x0000000000000000 | 10.69 14.53 13.11 | cpu  61438852 796 12769052 2453527221 469395 0 177783 0 0 0
1791040669 2677, 13801, 52, 0x0000000000000000 | 10.69 14.53 13.11 | cpu  61441226 796 12769275 2453548530 469442 0 177783 0 0 0
1791040670 2647, 13801, 52, 0x0000000000000000 | 10.69 14.53 13.11 | cpu  61441944 796 12769833 2453570971 469626 0 177785 0 0 0
1791040671 3007, 13801, 53, 0x0000000000000000 | 10.63 14.45 13.09 | cpu  61442471 796 12770437 2453594734 469818 0 177787 0 0 0
1791040672 2992, 13801, 57, 0x0000000000000000 | 10.63 14.45 13.09 | cpu  61443070 796 12770994 2453617415 470021 0 177788 0 0 0
1791040673 3007, 13801, 53, 0x0000000000000000 | 10.63 14.45 13.09 | cpu  61443735 796 12771478 2453640760 470185 0 177792 0 0 0
1791040674 2985, 13801, 59, 0x0000000000000000 | 10.63 14.45 13.09 | cpu  61443972 796 12772000 2453664726 470381 0 177794 0 0 0
1791040676 2992, 13801, 58, 0x0000000000000000 | 10.63 14.45 13.09 | cpu  61445102 796 12772689 2453689159 470500 0 177794 0 0 0
1791040677 3015, 13801, 52, 0x0000000000000000 | 10.74 14.41 13.08 | cpu  61445782 796 12773282 2453713206 470648 0 177801 0 0 0
1791040678 2977, 13801, 59, 0x0000000000000000 | 10.74 14.41 13.08 | cpu  61448000 796 12773354 2453737021 470654 0 177801 0 0 0
1791040679 2992, 13801, 58, 0x0000000000000000 | 10.74 14.41 13.08 | cpu  61448563 796 12773385 2453761819 470654 0 177801 0 0 0
1791040680 3007, 13801, 52, 0x0000000000000000 | 10.74 14.41 13.08 | cpu  61449407 796 12773435 2453786565 470655 0 177802 0 0 0
1791040681 3022, 13801, 52, 0x0000000000000000 | 10.28 14.26 13.04 | cpu  61451040 796 12773507 2453810129 470657 0 177802 0 0 0
1791040682 2647, 13801, 51, 0x0000000000000000 | 10.28 14.26 13.04 | cpu  61451852 796 12773563 2453834072 470658 0 177802 0 0 0
1791040684 2647, 13801, 50, 0x0000000000000000 | 10.28 14.26 13.04 | cpu  61452556 796 12773590 2453857771 470658 0 177802 0 0 0
1791040685 2985, 13801, 57, 0x0000000000000000 | 10.28 14.26 13.04 | cpu  61452904 796 12773612 2453882822 470658 0 177802 0 0 0
1791040686 2992, 13801, 58, 0x0000000000000000 | 10.28 14.26 13.04 | cpu  61455396 796 12773696 2453905068 470658 0 177802 0 0 0
1791040687 2970, 13801, 59, 0x0000000000000000 | 9.86 14.10 13.00 | cpu  61456189 796 12773778 2453930077 470660 0 177802 0 0 0
1791040688 2992, 13801, 57, 0x0000000000000000 | 9.86 14.10 13.00 | cpu  61457103 796 12773869 2453954825 470662 0 177802 0 0 0
1791040689 2992, 13801, 58, 0x0000000000000000 | 9.86 14.10 13.00 | cpu  61457432 796 12773902 2453979462 470662 0 177804 0 0 0
1791040690 2977, 13801, 59, 0x0000000000000000 | 9.86 14.10 13.00 | cpu  61457662 796 12773924 2454004176 470662 0 177804 0 0 0
1791040691 2985, 13801, 60, 0x0000000000000000 | 9.39 13.93 12.95 | cpu  61457964 796 12774014 2454028779 470662 0 177805 0 0 0
1791040693 2985, 13801, 58, 0x0000000000000000 | 9.39 13.93 12.95 | cpu  61458800 796 12774065 2454052963 470662 0 177806 0 0 0
1791040694 2970, 13801, 60, 0x0000000000000000 | 9.39 13.93 12.95 | cpu  61459612 796 12774124 2454076596 470663 0 177806 0 0 0
1791040695 2992, 13801, 58, 0x0000000000000000 | 9.39 13.93 12.95 | cpu  61460483 796 12774168 2454100967 470663 0 177807 0 0 0
1791040696 2985, 13801, 58, 0x0000000000000000 | 9.20 13.82 12.92 | cpu  61461368 796 12774215 2454125008 470663 0 177807 0 0 0
1791040697 3000, 13801, 58, 0x0000000000000000 | 9.20 13.82 12.92 | cpu  61462281 796 12774251 2454148964 470663 0 177808 0 0 0
1791040698 2992, 13801, 58, 0x0000000000000000 | 9.20 13.82 12.92 | cpu  61463173 796 12774324 2454173468 470663 0 177810 0 0 0
1791040699 2985, 13801, 60, 0x0000000000000000 | 9.20 13.82 12.92 | cpu  61463987 796 12774378 2454197058 470663 0 177810 0 0 0
1791040700 2977, 13801, 60, 0x0000000000000000 | 9.20 13.82 12.92 | cpu  61464776 796 12774414 2454220618 470663 0 177812 0 0 0
1791040701 2977, 13801, 60, 0x0000000000000000 | 8.86 13.67 12.87 | cpu  61465590 796 12774460 2454244805 470665 0 177812 0 0 0
1791040703 3007, 13801, 53, 0x0000000000000000 | 8.86 13.67 12.87 | cpu  61466348 796 12774512 2454269205 470665 0 177814 0 0 0
1791040704 2977, 13801, 60, 0x0000000000000000 | 8.86 13.67 12.87 | cpu  61467141 796 12774563 2454294233 470666 0 177814 0 0 0
1791040705 2977, 13801, 60, 0x0000000000000000 | 8.86 13.67 12.87 | cpu  61468227 796 12774618 2454318131 470666 0 177815 0 0 0
1791040706 2977, 13801, 60, 0x0000000000000000 | 8.47 13.51 12.83 | cpu  61468994 796 12774670 2454342117 470666 0 177815 0 0 0
1791040707 2970, 13801, 61, 0x0000000000000000 | 8.47 13.51 12.83 | cpu  61472539 796 12774728 2454363234 470668 0 177816 0 0 0
1791040708 2977, 13801, 60, 0x0000000000000000 | 8.47 13.51 12.83 | cpu  61476348 796 12774817 2454383751 470668 0 177816 0 0 0
1791040709 2992, 13801, 59, 0x0000000000000000 | 8.47 13.51 12.83 | cpu  61480617 796 12774859 2454404313 470668 0 177816 0 0 0
1791040710 2977, 13801, 61, 0x0000000000000000 | 8.47 13.51 12.83 | cpu  61484464 796 12774910 2454424825 470668 0 177817 0 0 0
1791040712 2985, 13801, 59, 0x0000000000000000 | 8.11 13.35 12.78 | cpu  61488467 796 12775054 2454445607 470668 0 177817 0 0 0
1791040713 2970, 13801, 61, 0x0000000000000000 | 8.11 13.35 12.78 | cpu  61491209 796 12775108 2454467912 470668 0 177817 0 0 0
1791040714 2977, 13801, 61, 0x0000000000000000 | 8.11 13.35 12.78 | cpu  61495720 796 12775562 2454487044 470668 0 177817 0 0 0
1791040715 2985, 13801, 60, 0x0000000000000000 | 8.11 13.35 12.78 | cpu  61499855 796 12775618 2454507527 470668 0 177818 0 0 0
1791040716 2985, 13801, 60, 0x0000000000000000 | 8.11 13.35 12.78 | cpu  61504273 796 12776135 2454527047 470668 0 177818 0 0 0
1791040717 2985, 13801, 60, 0x0000000000000000 | 7.86 13.21 12.74 | cpu  61508157 796 12776189 2454547525 470670 0 177818 0 0 0
1791040718 2992, 13801, 60, 0x0000000000000000 | 7.86 13.21 12.74 | cpu  61511795 796 12776214 2454568125 470670 0 177818 0 0 0
1791040719 2985, 13801, 60, 0x0000000000000000 | 7.86 13.21 12.74 | cpu  61515281 796 12776248 2454589328 470672 0 177818 0 0 0
1791040720 2992, 13801, 59, 0x0000000000000000 | 7.86 13.21 12.74 | cpu  61515794 796 12776762 2454613470 470672 0 177819 0 0 0
1791040721 2985, 13801, 61, 0x0000000000000000 | 7.56 13.06 12.69 | cpu  61516582 797 12777266 2454636804 470672 0 177821 0 0 0
1791040723 3000, 13801, 59, 0x0000000000000000 | 7.56 13.06 12.69 | cpu  61519976 797 12777393 2454658549 470674 0 177823 0 0 0
1791040724 2985, 13801, 60, 0x0000000000000000 | 7.56 13.06 12.69 | cpu  61520612 797 12778048 2454682661 470828 0 177826 0 0 0
1791040725 2985, 13801, 61, 0x0000000000000000 | 7.56 13.06 12.69 | cpu  61521261 797 12778711 2454707306 471005 0 177831 0 0 0
1791040726 2977, 13801, 61, 0x0000000000000000 | 7.91 13.04 12.69 | cpu  61522042 797 12779345 2454730983 471172 0 177831 0 0 0
1791040727 3007, 13801, 54, 0x0000000000000000 | 7.91 13.04 12.69 | cpu  61522638 797 12780016 2454754842 471357 0 177835 0 0 0
1791040728 3007, 13801, 53, 0x0000000000000000 | 7.91 13.04 12.69 | cpu  61523233 797 12780672 2454777826 471549 0 177838 0 0 0
1791040729 2655, 13801, 52, 0x0000000000000000 | 7.91 13.04 12.69 | cpu  61523750 797 12781314 2454801350 471753 0 177838 0 0 0
1791040730 2985, 13801, 56, 0x0000000000000000 | 7.91 13.04 12.69 | cpu  61524765 797 12781849 2454824151 471924 0 177839 0 0 0
1791040731 2992, 13801, 59, 0x0000000000000000 | 7.52 12.88 12.63 | cpu  61525960 797 12781872 2454847140 471926 0 177839 0 0 0
1791040733 2985, 13801, 60, 0x0000000000000000 | 7.52 12.88 12.63 | cpu  61526769 797 12781913 2454871301 471927 0 177841 0 0 0
1791040734 2962, 13801, 61, 0x0000000000000000 | 7.52 12.88 12.63 | cpu  61529025 797 12781997 2454893173 471927 0 177841 0 0 0
1791040735 2985, 13801, 61, 0x0000000000000000 | 7.52 12.88 12.63 | cpu  61529791 797 12782044 2454917095 471928 0 177844 0 0 0
1791040736 2970, 13801, 61, 0x0000000000000000 | 7.52 12.88 12.63 | cpu  61530564 797 12782107 2454941302 471928 0 177844 0 0 0
1791040737 2977, 13801, 61, 0x0000000000000000 | 7.24 12.73 12.59 | cpu  61531313 797 12782141 2454965817 471928 0 177844 0 0 0
1791040738 2992, 13801, 59, 0x0000000000000000 | 7.24 12.73 12.59 | cpu  61532002 797 12782198 2454990424 471929 0 177845 0 0 0
1791040739 2977, 13801, 60, 0x0000000000000000 | 7.24 12.73 12.59 | cpu  61532822 797 12782246 2455014071 471929 0 177845 0 0 0
1791040740 2977, 13801, 61, 0x0000000000000000 | 7.24 12.73 12.59 | cpu  61533833 797 12782318 2455037838 471929 0 177846 0 0 0
1791040741 2985, 13801, 60, 0x0000000000000000 | 6.98 12.58 12.54 | cpu  61534827 797 12782368 2455061707 471930 0 177847 0 0 0
1791040743 2985, 13801, 60, 0x0000000000000000 | 6.98 12.58 12.54 | cpu  61535683 797 12782453 2455086031 471934 0 177849 0 0 0
1791040744 2992, 13801, 60, 0x0000000000000000 | 6.98 12.58 12.54 | cpu  61536482 797 12782506 2455110207 471934 0 177849 0 0 0
1791040745 2985, 13801, 60, 0x0000000000000000 | 6.98 12.58 12.54 | cpu  61537688 797 12782584 2455132968 471934 0 177850 0 0 0
1791040746 2977, 13801, 61, 0x0000000000000000 | 6.98 12.58 12.54 | cpu  61538396 797 12782634 2455157630 471934 0 177850 0 0 0
1791040747 2970, 13801, 62, 0x0000000000000000 | 6.82 12.46 12.50 | cpu  61539001 797 12782700 2455181545 471935 0 177850 0 0 0
1791040748 2992, 13801, 59, 0x0000000000000000 | 6.82 12.46 12.50 | cpu  61539906 797 12782802 2455205878 471935 0 177851 0 0 0
1791040749 3000, 13801, 60, 0x0000000000000000 | 6.82 12.46 12.50 | cpu  61540274 797 12782880 2455230982 471939 0 177854 0 0 0
1791040750 2992, 13801, 60, 0x0000000000000000 | 6.82 12.46 12.50 | cpu  61540502 797 12782898 2455255968 471939 0 177854 0 0 0
1791040752 2992, 13801, 60, 0x0000000000000000 | 6.43 12.28 12.44 | cpu  61541512 797 12782939 2455279943 471939 0 177855 0 0 0
1791040753 3007, 13801, 55, 0x0000000000000000 | 6.43 12.28 12.44 | cpu  61544710 797 12783010 2455301071 471940 0 177856 0 0 0
1791040754 2985, 13801, 61, 0x0000000000000000 | 6.43 12.28 12.44 | cpu  61547789 797 12783110 2455323808 471942 0 177856 0 0 0
1791040755 2970, 13801, 62, 0x0000000000000000 | 6.43 12.28 12.44 | cpu  61549132 797 12783180 2455347776 471942 0 177857 0 0 0
1791040756 2992, 13801, 59, 0x0000000000000000 | 6.32 12.16 12.40 | cpu  61550726 797 12783296 2455370894 471945 0 177862 0 0 0
1791040757 3000, 13801, 59, 0x0000000000000000 | 6.32 12.16 12.40 | cpu  61553422 797 12783418 2455392885 471946 0 177863 0 0 0
1791040758 2977, 13801, 62, 0x0000000000000000 | 6.32 12.16 12.40 | cpu  61555772 797 12783542 2455415556 471946 0 177863 0 0 0
1791040759 2992, 13801, 60, 0x0000000000000000 | 6.32 12.16 12.40 | cpu  61557892 797 12783617 2455438809 471948 0 177864 0 0 0
1791040761 2985, 13801, 61, 0x0000000000000000 | 6.32 12.16 12.40 | cpu  61560248 797 12783709 2455461198 471948 0 177865 0 0 0
1791040762 3007, 13801, 54, 0x0000000000000000 | 6.37 12.08 12.37 | cpu  61562714 797 12783881 2455484544 471948 0 177866 0 0 0
1791040763 3007, 13801, 54, 0x0000000000000000 | 6.37 12.08 12.37 | cpu  61564464 797 12784007 2455506581 471948 0 177866 0 0 0
1791040764 3007, 13801, 53, 0x0000000000000000 | 6.37 12.08 12.37 | cpu  61566865 797 12784405 2455528563 471952 0 177872 0 0 0
1791040765 2655, 13801, 52, 0x0000000000000000 | 6.37 12.08 12.37 | cpu  61568593 797 12784656 2455550638 471952 0 177876 0 0 0
1791040766 2655, 13801, 52, 0x0000000000000000 | 6.26 11.96 12.33 | cpu  61569705 797 12784846 2455574532 471953 0 177882 0 0 0
1791040767 2985, 13801, 59, 0x0000000000000000 | 6.26 11.96 12.33 | cpu  61570919 797 12785458 2455597937 471953 0 177885 0 0 0
1791040768 2992, 13801, 58, 0x0000000000000000 | 6.26 11.96 12.33 | cpu  61572489 797 12785584 2455620606 471953 0 177886 0 0 0
1791040769 3000, 13801, 58, 0x0000000000000000 | 6.26 11.96 12.33 | cpu  61575545 797 12785696 2455641868 471959 0 177886 0 0 0
1791040771 2985, 13801, 59, 0x0000000000000000 | 6.26 11.96 12.33 | cpu  61579212 797 12786168 2455662887 471961 0 177887 0 0 0
1791040772 2985, 13801, 58, 0x0000000000000000 | 6.08 11.83 12.29 | cpu  61580678 797 12786205 2455686150 471961 0 177888 0 0 0
1791040773 2977, 13801, 61, 0x0000000000000000 | 6.08 11.83 12.29 | cpu  61581784 797 12786542 2455711477 471961 0 177890 0 0 0
1791040774 2992, 13801, 59, 0x0000000000000000 | 6.08 11.83 12.29 | cpu  61584414 797 12786799 2455733450 471961 0 177891 0 0 0
1791040775 2992, 13801, 60, 0x0000000000000000 | 6.08 11.83 12.29 | cpu  61585249 797 12786844 2455758035 471962 0 177891 0 0 0
1791040776 2992, 13801, 59, 0x0000000000000000 | 5.83 11.68 12.24 | cpu  61586127 797 12786893 2455782867 471962 0 177891 0 0 0
1791040777 2985, 13801, 60, 0x0000000000000000 | 5.83 11.68 12.24 | cpu  61586878 797 12786958 2455807158 471962 0 177892 0 0 0
1791040778 2985, 13801, 60, 0x0000000000000000 | 5.83 11.68 12.24 | cpu  61587827 797 12787022 2455831544 471962 0 177893 0 0 0
1791040780 2977, 13801, 61, 0x0000000000000000 | 5.83 11.68 12.24 | cpu  61588504 797 12787092 2455855746 471968 0 177894 0 0 0
1791040781 3000, 13801, 55, 0x0000000000000000 | 5.83 11.68 12.24 | cpu  61589508 797 12787158 2455879555 471968 0 177898 0 0 0
1791040782 3007, 13801, 54, 0x0000000000000000 | 5.69 11.55 12.19 | cpu  61590289 798 12787202 2455904002 471968 0 177900 0 0 0
1791040783 3007, 13801, 53, 0x0000000000000000 | 5.69 11.55 12.19 | cpu  61591025 798 12787263 2455927593 471968 0 177900 0 0 0
1791040784 2655, 13801, 52, 0x0000000000000000 | 5.69 11.55 12.19 | cpu  61592962 798 12787350 2455950435 471968 0 177902 0 0 0
1791040785 2647, 13801, 51, 0x0000000000000000 | 5.69 11.55 12.19 | cpu  61596237 798 12787399 2455970939 471971 0 177903 0 0 0
1791040786 2977, 13801, 59, 0x0000000000000000 | 5.55 11.43 12.15 | cpu  61597124 798 12787429 2455994158 471973 0 177903 0 0 0
1791040787 2985, 13801, 58, 0x0000000000000000 | 5.55 11.43 12.15 | cpu  61598038 798 12787453 2456018228 471973 0 177903 0 0 0
1791040788 2992, 13801, 54, 0x0000000000000000 | 5.55 11.43 12.15 | cpu  61599368 798 12787477 2456041338 471973 0 177903 0 0 0
1791040789 2992, 13801, 58, 0x0000000000000000 | 5.55 11.43 12.15 | cpu  61600272 798 12787505 2456065933 471973 0 177903 0 0 0
1791040791 2962, 13801, 61, 0x0000000000000000 | 5.55 11.43 12.15 | cpu  61600542 798 12787526 2456090767 471974 0 177904 0 0 0
1791040792 2985, 13801, 59, 0x0000000000000000 | 5.35 11.29 12.10 | cpu  61600823 798 12787557 2456115382 471974 0 177904 0 0 0
1791040793 2985, 13801, 59, 0x0000000000000000 | 5.35 11.29 12.10 | cpu  61601533 798 12787596 2456139307 471974 0 177905 0 0 0
1791040794 3007, 13801, 53, 0x0000000000000000 | 5.35 11.29 12.10 | cpu  61602367 798 12787652 2456163760 471974 0 177907 0 0 0
1791040795 2985, 13801, 59, 0x0000000000000000 | 5.35 11.29 12.10 | cpu  61603227 798 12787727 2456187855 471974 0 177909 0 0 0
1791040796 2985, 13801, 60, 0x0000000000000000 | 5.32 11.18 12.06 | cpu  61604043 798 12787842 2456211839 471974 0 177910 0 0 0
1791040797 3000, 13801, 58, 0x0000000000000000 | 5.32 11.18 12.06 | cpu  61604402 798 12787925 2456236263 471975 0 177919 0 0 0
1791040798 2985, 13801, 59, 0x0000000000000000 | 5.32 11.18 12.06 | cpu  61604658 798 12787960 2456261102 471975 0 177922 0 0 0
1791040800 3000, 13801, 58, 0x0000000000000000 | 5.32 11.18 12.06 | cpu  61606654 798 12788016 2456284033 471978 0 177923 0 0 0
1791040801 2985, 13801, 60, 0x0000000000000000 | 5.32 11.18 12.06 | cpu  61610234 798 12788067 2456305449 471978 0 177924 0 0 0
1791040802 2970, 13801, 60, 0x0000000000000000 | 5.37 11.09 12.03 | cpu  61611812 798 12788157 2456329664 471978 0 177928 0 0 0
1791040803 2977, 13801, 60, 0x0000000000000000 | 5.37 11.09 12.03 | cpu  61612854 798 12788233 2456353497 471978 0 177928 0 0 0
1791040804 2970, 13801, 61, 0x0000000000000000 | 5.37 11.09 12.03 | cpu  61615047 798 12788258 2456375320 471978 0 177928 0 0 0
1791040805 3007, 13801, 54, 0x0000000000000000 | 5.37 11.09 12.03 | cpu  61615866 798 12788318 2456399986 471979 0 177930 0 0 0
1791040806 2940, 13801, 56, 0x0000000000000000 | 5.26 10.98 11.99 | cpu  61616455 798 12788426 2456424166 471979 0 177931 0 0 0
1791040807 2992, 13801, 64, 0x0000000000000004 | 5.26 10.98 11.99 | cpu  61617258 798 12788511 2456448274 471979 0 177931 0 0 0
1791040809 3007, 13801, 53, 0x0000000000000000 | 5.26 10.98 11.99 | cpu  61618306 798 12788567 2456471736 471979 0 177932 0 0 0
1791040810 3007, 13801, 53, 0x0000000000000000 | 5.26 10.98 11.99 | cpu  61619133 798 12788621 2456496299 471979 0 177933 0 0 0
1791040811 3000, 13801, 54, 0x0000000000000000 | 5.26 10.98 11.99 | cpu  61619873 798 12788696 2456520853 471980 0 177934 0 0 0
1791040812 2947, 13801, 54, 0x0000000000000000 | 5.32 10.89 11.95 | cpu  61621088 798 12788772 2456544529 471981 0 177935 0 0 0
1791040813 2940, 13801, 54, 0x0000000000000000 | 5.32 10.89 11.95 | cpu  61621968 798 12788906 2456568815 471981 0 177935 0 0 0
1791040814 3007, 13801, 53, 0x0000000000000000 | 5.32 10.89 11.95 | cpu  61622843 798 12788963 2456593205 471981 0 177936 0 0 0
1791040815 3007, 13801, 53, 0x0000000000000000 | 5.32 10.89 11.95 | cpu  61623582 798 12789043 2456617520 471981 0 177936 0 0 0
1791040816 3007, 13801, 53, 0x0000000000000000 | 5.14 10.76 11.91 | cpu  61623882 798 12789069 2456642184 471983 0 177936 0 0 0
1791040818 2970, 13801, 54, 0x0000000000000000 | 5.14 10.76 11.91 | cpu  61624103 798 12789105 2456666971 471983 0 177936 0 0 0
1791040819 3000, 13801, 52, 0x0000000000000004 | 5.14 10.76 11.91 | cpu  61624336 798 12789138 2456691798 471983 0 177936 0 0 0
1791040820 3000, 13801, 53, 0x0000000000000000 | 5.14 10.76 11.91 | cpu  61624564 798 12789228 2456716260 471983 0 177936 0 0 0
1791040821 2962, 13801, 60, 0x0000000000000004 | 5.14 10.76 11.91 | cpu  61624803 798 12789250 2456741141 471983 0 177937 0 0 0
1791040822 3022, 13801, 52, 0x0000000000000000 | 5.04 10.65 11.86 | cpu  61627576 798 12789318 2456763367 471985 0 177937 0 0 0
1791040823 3000, 13801, 53, 0x0000000000000000 | 5.04 10.65 11.86 | cpu  61630209 798 12789363 2456785158 471986 0 177937 0 0 0
1791040824 3007, 13801, 52, 0x0000000000000000 | 5.04 10.65 11.86 | cpu  61630967 798 12789865 2456808476 471988 0 177940 0 0 0
1791040825 2955, 13801, 55, 0x0000000000000000 | 5.04 10.65 11.86 | cpu  61631205 798 12790456 2456832159 471991 0 177942 0 0 0
1791040826 3022, 13801, 52, 0x0000000000000000 | 4.88 10.52 11.81 | cpu  61631460 798 12791092 2456857247 471993 0 177943 0 0 0
1791040828 2985, 13801, 61, 0x0000000000000004 | 4.88 10.52 11.81 | cpu  61632352 798 12792188 2456879280 471996 0 177945 0 0 0
1791040829 3007, 13801, 53, 0x0000000000000000 | 4.88 10.52 11.81 | cpu  61634188 798 12792337 2456902873 472000 0 177946 0 0 0
1791040830 3022, 13801, 52, 0x0000000000000000 | 4.88 10.52 11.81 | cpu  61635148 798 12792373 2456926871 472000 0 177946 0 0 0
1791040831 2992, 13801, 53, 0x0000000000000000 | 4.88 10.52 11.81 | cpu  61636045 798 12792392 2456951216 472000 0 177946 0 0 0
1791040832 3022, 13801, 51, 0x0000000000000000 | 4.65 10.38 11.76 | cpu  61637576 798 12792424 2456974089 472001 0 177947 0 0 0
1791040833 2977, 13801, 60, 0x0000000000000000 | 4.65 10.38 11.76 | cpu  61637926 798 12792454 2456999254 472001 0 177947 0 0 0
1791040834 3022, 13801, 51, 0x0000000000000000 | 4.65 10.38 11.76 | cpu  61640016 798 12792482 2457021039 472003 0 177948 0 0 0
1791040835 2775, 13801, 50, 0x0000000000000000 | 4.65 10.38 11.76 | cpu  61640354 798 12792533 2457045559 472003 0 177952 0 0 0
1791040836 2655, 13801, 50, 0x0000000000000000 | 4.44 10.24 11.71 | cpu  61640578 798 12792561 2457070137 472003 0 177952 0 0 0
1791040838 2647, 13801, 49, 0x0000000000000000 | 4.44 10.24 11.71 | cpu  61640820 798 12792600 2457094969 472003 0 177953 0 0 0
1791040839 2977, 13801, 58, 0x0000000000000000 | 4.44 10.24 11.71 | cpu  61641156 798 12792626 2457119691 472003 0 177954 0 0 0
1791040840 2992, 13801, 57, 0x0000000000000000 | 4.44 10.24 11.71 | cpu  61641486 798 12792652 2457144313 472004 0 177954 0 0 0
1791040841 2977, 13801, 58, 0x0000000000000000 | 4.44 10.24 11.71 | cpu  61641727 798 12792684 2457169187 472005 0 177956 0 0 0
1791040842 2985, 13801, 58, 0x0000000000000000 | 4.24 10.10 11.66 | cpu  61641961 798 12792706 2457193986 472005 0 177956 0 0 0
1791040843 2985, 13801, 57, 0x0000000000000000 | 4.24 10.10 11.66 | cpu  61642184 798 12792736 2457218801 472005 0 177956 0 0 0
1791040844 2970, 13801, 59, 0x0000000000000000 | 4.24 10.10 11.66 | cpu  61642411 798 12792761 2457243690 472005 0 177956 0 0 0
1791040845 2992, 13801, 57, 0x0000000000000000 | 4.24 10.10 11.66 | cpu  61642636 798 12792784 2457268111 472005 0 177957 0 0 0
1791040846 2985, 13801, 59, 0x0000000000000000 | 4.14 9.99 11.61 | cpu  61643383 798 12792836 2457292550 472007 0 177957 0 0 0
1791040848 2977, 13801, 59, 0x0000000000000000 | 4.14 9.99 11.61 | cpu  61644110 798 12792900 2457317613 472008 0 177958 0 0 0
1791040849 2985, 13801, 58, 0x0000000000000000 | 4.14 9.99 11.61 | cpu  61647304 798 12792953 2457338370 472010 0 177958 0 0 0
1791040850 2992, 13801, 57, 0x0000000000000000 | 4.14 9.99 11.61 | cpu  61649725 798 12793266 2457361337 472012 0 177958 0 0 0
1791040851 2992, 13801, 58, 0x0000000000000000 | 4.14 9.99 11.61 | cpu  61650040 799 12793878 2457385430 472012 0 177961 0 0 0
1791040852 2992, 13801, 58, 0x0000000000000000 | 13.10 11.75 12.17 | cpu  61651025 799 12794520 2457408810 472015 0 177961 0 0 0
1791040853 2977, 13801, 59, 0x0000000000000000 | 13.10 11.75 12.17 | cpu  61651663 799 12795160 2457432000 472016 0 177962 0 0 0
1791040854 3000, 13801, 58, 0x0000000000000000 | 13.10 11.75 12.17 | cpu  61653270 799 12795461 2457455090 472016 0 177962 0 0 0
1791040855 2985, 13801, 59, 0x0000000000000000 | 13.10 11.75 12.17 | cpu  61654330 799 12795484 2457479008 472016 0 177963 0 0 0
1791040857 2977, 13801, 60, 0x0000000000000000 | 12.29 11.60 12.12 | cpu  61656532 799 12795512 2457501330 472017 0 177963 0 0 0
1791040858 2992, 13801, 57, 0x0000000000000000 | 12.29 11.60 12.12 | cpu  61657711 799 12795586 2457524531 472017 0 177963 0 0 0
1791040859 2985, 13801, 58, 0x0000000000000000 | 12.29 11.60 12.12 | cpu  61658484 799 12795642 2457548601 472017 0 177964 0 0 0
1791040860 2985, 13801, 59, 0x0000000000000000 | 12.29 11.60 12.12 | cpu  61659609 799 12795687 2457572241 472018 0 177964 0 0 0
1791040861 2977, 13801, 58, 0x0000000000000000 | 12.29 11.60 12.12 | cpu  61660317 799 12795748 2457596446 472019 0 177965 0 0 0
1791040862 2985, 13801, 58, 0x0000000000000000 | 11.63 11.47 12.08 | cpu  61661188 799 12795815 2457620488 472019 0 177966 0 0 0
1791040863 2992, 13801, 58, 0x0000000000000000 | 11.63 11.47 12.08 | cpu  61662171 799 12795896 2457645210 472019 0 177967 0 0 0
1791040864 2985, 13801, 59, 0x0000000000000000 | 11.63 11.47 12.08 | cpu  61663000 799 12795942 2457669434 472021 0 177968 0 0 0
1791040865 2985, 13801, 59, 0x0000000000000000 | 11.63 11.47 12.08 | cpu  61663755 799 12795996 2457693575 472021 0 177968 0 0 0
1791040867 2985, 13801, 59, 0x0000000000000000 | 11.02 11.35 12.03 | cpu  61664488 799 12796045 2457717270 472022 0 177968 0 0 0
1791040868 3000, 13801, 58, 0x0000000000000000 | 11.02 11.35 12.03 | cpu  61665221 799 12796090 2457740935 472022 0 177968 0 0 0
1791040869 3007, 13801, 53, 0x0000000000000000 | 11.02 11.35 12.03 | cpu  61665485 799 12796114 2457765552 472023 0 177969 0 0 0
1791040870 2977, 13801, 60, 0x0000000000000000 | 11.02 11.35 12.03 | cpu  61670182 799 12796160 2457786010 472023 0 177970 0 0 0
1791040871 2977, 13801, 59, 0x0000000000000000 | 11.02 11.35 12.03 | cpu  61671618 799 12796210 2457809708 472023 0 177970 0 0 0
1791040872 2992, 13801, 58, 0x0000000000000000 | 10.61 11.26 12.00 | cpu  61673012 799 12796268 2457833348 472024 0 177970 0 0 0
1791040873 2985, 13801, 59, 0x0000000000000000 | 10.61 11.26 12.00 | cpu  61675068 799 12796322 2457856557 472024 0 177970 0 0 0
1791040874 2992, 13801, 59, 0x0000000000000000 | 10.61 11.26 12.00 | cpu  61676459 799 12796380 2457879304 472024 0 177970 0 0 0
1791040875 2992, 13801, 58, 0x0000000000000000 | 10.61 11.26 12.00 | cpu  61677215 799 12796430 2457903847 472024 0 177970 0 0 0
1791040877 2977, 13801, 60, 0x0000000000000000 | 10.00 11.12 11.95 | cpu  61677916 799 12796515 2457928207 472024 0 177970 0 0 0
1791040878 2977, 13801, 61, 0x0000000000000000 | 10.00 11.12 11.95 | cpu  61678330 799 12796566 2457952862 472025 0 177970 0 0 0
1791040879 2985, 13801, 61, 0x0000000000000000 | 10.00 11.12 11.95 | cpu  61678665 799 12796585 2457977448 472025 0 177970 0 0 0
1791040880 2977, 13801, 60, 0x0000000000000000 | 10.00 11.12 11.95 | cpu  61679004 799 12796614 2458002112 472025 0 177971 0 0 0
1791040881 2977, 13801, 60, 0x0000000000000000 | 9.52 11.01 11.91 | cpu  61679342 799 12796636 2458026714 472025 0 177971 0 0 0
1791040882 2970, 13801, 62, 0x0000000000000000 | 9.52 11.01 11.91 | cpu  61679688 799 12796667 2458051792 472025 0 177971 0 0 0
1791040883 2985, 13801, 60, 0x0000000000000000 | 9.52 11.01 11.91 | cpu  61679976 799 12796762 2458076701 472027 0 177972 0 0 0
1791040884 2970, 13801, 60, 0x0000000000000000 | 9.52 11.01 11.91 | cpu  61680207 799 12796835 2458101540 472027 0 177972 0 0 0
1791040886 2970, 13801, 61, 0x0000000000000000 | 9.52 11.01 11.91 | cpu  61682365 799 12796863 2458123311 472027 0 177972 0 0 0
1791040887 2985, 13801, 60, 0x0000000000000000 | 9.00 10.87 11.86 | cpu  61684375 799 12796915 2458146532 472027 0 177972 0 0 0
1791040888 2992, 13801, 60, 0x0000000000000000 | 9.00 10.87 11.86 | cpu  61685819 799 12796956 2458169750 472027 0 177972 0 0 0
1791040889 3007, 13801, 54, 0x0000000000000000 | 9.00 10.87 11.86 | cpu  61686157 799 12796980 2458194584 472028 0 177972 0 0 0
1791040890 3000, 13801, 55, 0x0000000000000000 | 9.00 10.87 11.86 | cpu  61688930 799 12797052 2458215831 472028 0 177974 0 0 0
1791040891 2992, 13801, 60, 0x0000000000000000 | 8.68 10.77 11.82 | cpu  61689724 799 12797108 2458239975 472028 0 177974 0 0 0
1791040892 3007, 13801, 55, 0x0000000000000000 | 8.68 10.77 11.82 | cpu  61690426 799 12797187 2458263519 472028 0 177975 0 0 0
1791040893 2985, 13801, 60, 0x0000000000000000 | 8.68 10.77 11.82 | cpu  61691124 799 12797229 2458287724 472028 0 177976 0 0 0
1791040894 3007, 13801, 54, 0x0000000000000000 | 8.68 10.77 11.82 | cpu  61691462 799 12797257 2458312302 472028 0 177976 0 0 0
1791040895 3000, 13801, 59, 0x0000000000000000 | 8.68 10.77 11.82 | cpu  61691807 799 12797279 2458336871 472031 0 177976 0 0 0
1791040897 2985, 13801, 59, 0x0000000000000000 | 8.31 10.66 11.78 | cpu  61692150 799 12797298 2458361481 472031 0 177976 0 0 0
1791040898 2992, 13801, 60, 0x0000000000000000 | 8.31 10.66 11.78 | cpu  61692494 799 12797330 2458385985 472031 0 177976 0 0 0
1791040899 3000, 13801, 58, 0x0000000000000000 | 8.31 10.66 11.78 | cpu  61693374 799 12797368 2458410532 472031 0 177976 0 0 0
1791040900 2992, 13801, 59, 0x0000000000000000 | 8.31 10.66 11.78 | cpu  61694073 800 12797427 2458434855 472031 0 177977 0 0 0
1791040901 2985, 13801, 59, 0x0000000000000000 | 8.04 10.57 11.75 | cpu  61694851 800 12797472 2458460062 472032 0 177978 0 0 0
1791040902 3000, 13801, 58, 0x0000000000000000 | 8.04 10.57 11.75 | cpu  61695782 800 12797557 2458484028 472032 0 177979 0 0 0
1791040903 3000, 13801, 59, 0x0000000000000000 | 8.04 10.57 11.75 | cpu  61696252 800 12797579 2458508899 472032 0 177979 0 0 0
1791040904 2992, 13801, 60, 0x0000000000000000 | 8.04 10.57 11.75 | cpu  61697084 800 12797630 2458532939 472033 0 177979 0 0 0
1791040906 2985, 13801, 60, 0x0000000000000000 | 8.04 10.57 11.75 | cpu  61697853 800 12797674 2458556708 472034 0 177979 0 0 0
1791040907 2977, 13801, 61, 0x0000000000000000 | 7.72 10.46 11.70 | cpu  61699419 800 12797728 2458580540 472036 0 177980 0 0 0
1791040908 2985, 13801, 60, 0x0000000000000000 | 7.72 10.46 11.70 | cpu  61701877 800 12797806 2458603101 472036 0 177980 0 0 0
1791040909 2985, 13801, 61, 0x0000000000000000 | 7.72 10.46 11.70 | cpu  61706272 800 12797862 2458623291 472036 0 177980 0 0 0
1791040910 2977, 13801, 61, 0x0000000000000000 | 7.72 10.46 11.70 | cpu  61710198 802 12797904 2458643574 472036 0 177981 0 0 0
1791040911 2985, 13801, 60, 0x0000000000000000 | 7.50 10.37 11.67 | cpu  61714059 802 12798002 2458663744 472036 0 177981 0 0 0
1791040912 2985, 13801, 62, 0x0000000000000000 | 7.50 10.37 11.67 | cpu  61715872 802 12798034 2458686382 472038 0 177982 0 0 0
1791040913 2992, 13801, 60, 0x0000000000000000 | 7.50 10.37 11.67 | cpu  61717966 802 12798089 2458709986 472038 0 177982 0 0 0
1791040914 2992, 13801, 59, 0x0000000000000000 | 7.50 10.37 11.67 | cpu  61722192 802 12798165 2458731171 472038 0 177983 0 0 0
1791040916 2992, 13801, 59, 0x0000000000000000 | 7.50 10.37 11.67 | cpu  61724911 802 12798580 2458753626 472038 0 177984 0 0 0
1791040917 2985, 13801, 60, 0x0000000000000000 | 7.14 10.24 11.62 | cpu  61727308 802 12799070 2458774696 472038 0 177985 0 0 0
1791040918 2985, 13801, 60, 0x0000000000000000 | 7.14 10.24 11.62 | cpu  61729388 802 12799723 2458797990 472040 0 177986 0 0 0
1791040919 2985, 13801, 59, 0x0000000000000000 | 7.14 10.24 11.62 | cpu  61733040 802 12800077 2458819396 472041 0 177986 0 0 0
1791040920 2977, 13801, 61, 0x0000000000000000 | 7.14 10.24 11.62 | cpu  61736697 802 12800202 2458839418 472041 0 177986 0 0 0
1791040921 2985, 13801, 59, 0x0000000000000000 | 6.81 10.12 11.57 | cpu  61740646 802 12800274 2458860885 472042 0 177986 0 0 0
1791040922 2985, 13801, 60, 0x0000000000000000 | 6.81 10.12 11.57 | cpu  61744421 802 12800358 2458881641 472043 0 177986 0 0 0
1791040923 2970, 13801, 62, 0x0000000000000000 | 6.81 10.12 11.57 | cpu  61748444 802 12800493 2458903121 472043 0 177987 0 0 0
1791040925 2985, 13801, 61, 0x0000000000000000 | 6.81 10.12 11.57 | cpu  61752422 802 12800663 2458923795 472043 0 177987 0 0 0
1791040926 2985, 13801, 61, 0x0000000000000000 | 6.81 10.12 11.57 | cpu  61755151 802 12800821 2458945507 472043 0 177988 0 0 0
1791040927 2970, 13801, 60, 0x0000000000000000 | 6.58 10.02 11.53 | cpu  61757474 802 12801075 2458967082 472046 0 177988 0 0 0
1791040928 2992, 13801, 60, 0x0000000000000000 | 6.58 10.02 11.53 | cpu  61757763 802 12801740 2458991960 472046 0 177988 0 0 0
1791040929 2985, 13801, 59, 0x0000000000000000 | 6.58 10.02 11.53 | cpu  61758531 802 12802475 2459016408 472046 0 177988 0 0 0
1791040930 2977, 13801, 62, 0x0000000000000000 | 6.58 10.02 11.53 | cpu  61759212 802 12803182 2459040286 472046 0 177989 0 0 0
1791040931 2992, 13801, 60, 0x0000000000000000 | 6.94 10.04 11.53 | cpu  61759809 802 12803891 2459064086 472046 0 177990 0 0 0
1791040932 3000, 13801, 59, 0x0000000000000000 | 6.94 10.04 11.53 | cpu  61760389 802 12804636 2459087965 472047 0 177991 0 0 0
1791040934 2992, 13801, 60, 0x0000000000000000 | 6.94 10.04 11.53 | cpu  61760624 802 12805319 2459111651 472048 0 177996 0 0 0
1791040935 2992, 13801, 59, 0x0000000000000000 | 6.94 10.04 11.53 | cpu  61760855 802 12805979 2459135346 472048 0 178003 0 0 0
1791040936 2970, 13801, 61, 0x0000000000000000 | 6.94 10.04 11.53 | cpu  61763345 802 12806246 2459157473 472048 0 178005 0 0 0
1791040937 2962, 13801, 61, 0x0000000000000000 | 6.70 9.94 11.49 | cpu  61764093 802 12806304 2459181527 472048 0 178007 0 0 0
1791040938 2985, 13801, 60, 0x0000000000000000 | 6.70 9.94 11.49 | cpu  61764891 802 12806355 2459205580 472048 0 178012 0 0 0
1791040939 3000, 13801, 59, 0x0000000000000000 | 6.70 9.94 11.49 | cpu  61766305 802 12806384 2459228946 472050 0 178012 0 0 0
1791040940 2985, 13801, 61, 0x0000000000000000 | 6.70 9.94 11.49 | cpu  61767635 802 12806424 2459253043 472050 0 178013 0 0 0
1791040941 2992, 13801, 60, 0x0000000000000000 | 6.48 9.84 11.45 | cpu  61768476 802 12806472 2459277476 472050 0 178014 0 0 0
1791040942 2992, 13801, 61, 0x0000000000000000 | 6.48 9.84 11.45 | cpu  61769376 802 12806526 2459301667 472050 0 178014 0 0 0
1791040944 2985, 13801, 61, 0x0000000000000000 | 6.48 9.84 11.45 | cpu  61770589 802 12806579 2459326199 472051 0 178014 0 0 0
1791040945 2985, 13801, 61, 0x0000000000000000 | 6.48 9.84 11.45 | cpu  61772800 802 12806666 2459349292 472053 0 178015 0 0 0
1791040946 2985, 13801, 61, 0x0000000000000000 | 6.48 9.84 11.45 | cpu  61773492 802 12806876 2459373385 472053 0 178016 0 0 0
1791040947 2992, 13801, 60, 0x0000000000000000 | 6.36 9.76 11.41 | cpu  61774184 802 12807045 2459397500 472053 0 178016 0 0 0
1791040948 2977, 13801, 62, 0x0000000000000000 | 6.36 9.76 11.41 | cpu  61774874 803 12807133 2459422567 472054 0 178016 0 0 0
1791040949 2985, 13801, 61, 0x0000000000000000 | 6.36 9.76 11.41 | cpu  61775593 803 12807193 2459446804 472054 0 178016 0 0 0
1791040950 2970, 13801, 62, 0x0000000000000000 | 6.36 9.76 11.41 | cpu  61776333 804 12807248 2459471043 472055 0 178017 0 0 0
1791040951 2977, 13801, 57, 0x0000000000000000 | 6.10 9.65 11.37 | cpu  61777244 804 12807297 2459495087 472055 0 178017 0 0 0
1791040953 2970, 13801, 62, 0x0000000000000000 | 6.10 9.65 11.37 | cpu  61777660 804 12807340 2459519377 472057 0 178017 0 0 0
1791040954 2977, 13801, 62, 0x0000000000000000 | 6.10 9.65 11.37 | cpu  61777998 804 12807369 2459543941 472057 0 178018 0 0 0
1791040955 2977, 13801, 61, 0x0000000000000000 | 6.10 9.65 11.37 | cpu  61778426 804 12807400 2459567602 472059 0 178018 0 0 0
1791040956 2985, 13801, 63, 0x0000000000000000 | 6.10 9.65 11.37 | cpu  61778781 804 12807431 2459592244 472059 0 178023 0 0 0
1791040957 2977, 13801, 60, 0x0000000000000000 | 5.93 9.55 11.33 | cpu  61779123 804 12807456 2459616799 472059 0 178023 0 0 0
1791040958 2992, 13801, 60, 0x0000000000000000 | 5.93 9.55 11.33 | cpu  61779459 804 12807479 2459641554 472059 0 178023 0 0 0
1791040959 2992, 13801, 61, 0x0000000000000000 | 5.93 9.55 11.33 | cpu  61779790 804 12807509 2459666256 472059 0 178024 0 0 0
1791040960 2985, 13801, 61, 0x0000000000000000 | 5.93 9.55 11.33 | cpu  61780148 804 12807575 2459691048 472061 0 178024 0 0 0
1791040961 2992, 13801, 60, 0x0000000000000000 | 5.85 9.48 11.29 | cpu  61781396 804 12807649 2459714136 472061 0 178024 0 0 0
1791040963 2977, 13801, 61, 0x0000000000000000 | 5.85 9.48 11.29 | cpu  61782257 804 12807702 2459738292 472061 0 178025 0 0 0
1791040964 2985, 13801, 60, 0x0000000000000000 | 5.85 9.48 11.29 | cpu  61783148 804 12807754 2459762842 472061 0 178025 0 0 0
1791040965 2992, 13801, 61, 0x0000000000000000 | 5.85 9.48 11.29 | cpu  61784075 804 12807781 2459786358 472062 0 178026 0 0 0
1791040966 2977, 13801, 61, 0x0000000000000000 | 5.85 9.48 11.29 | cpu  61784802 804 12807847 2459811003 472064 0 178026 0 0 0
1791040967 2985, 13801, 61, 0x0000000000000000 | 5.70 9.39 11.26 | cpu  61785406 804 12807910 2459835356 472064 0 178026 0 0 0
1791040968 2970, 13801, 62, 0x0000000000000000 | 5.70 9.39 11.26 | cpu  61786248 804 12807956 2459859826 472064 0 178027 0 0 0
1791040969 2977, 13801, 61, 0x0000000000000000 | 5.70 9.39 11.26 | cpu  61789130 804 12808002 2459880843 472064 0 178027 0 0 0
1791040970 2970, 13801, 62, 0x0000000000000000 | 5.70 9.39 11.26 | cpu  61793056 804 12808079 2459901427 472064 0 178027 0 0 0
1791040971 2985, 13801, 61, 0x0000000000000000 | 5.49 9.28 11.21 | cpu  61796865 804 12808133 2459921542 472065 0 178028 0 0 0
1791040973 2985, 13801, 61, 0x0000000000000000 | 5.49 9.28 11.21 | cpu  61800659 804 12808232 2459941806 472065 0 178028 0 0 0
1791040974 2985, 13801, 61, 0x0000000000000000 | 5.49 9.28 11.21 | cpu  61804116 804 12808316 2459963076 472065 0 178028 0 0 0
1791040975 2985, 13801, 61, 0x0000000000000000 | 5.49 9.28 11.21 | cpu  61807675 804 12808366 2459984496 472065 0 178029 0 0 0
1791040976 2992, 13801, 60, 0x0000000000000000 | 5.49 9.28 11.21 | cpu  61810832 804 12808384 2460006785 472066 0 178029 0 0 0
1791040977 2992, 13801, 61, 0x0000000000000000 | 5.21 9.16 11.16 | cpu  61814438 804 12808418 2460028673 472067 0 178029 0 0 0
1791040978 3000, 13801, 60, 0x0000000000000000 | 5.21 9.16 11.16 | cpu  61817966 804 12808442 2460049268 472067 0 178029 0 0 0
1791040979 2985, 13801, 62, 0x0000000000000000 | 5.21 9.16 11.16 | cpu  61821773 804 12808461 2460070687 472067 0 178029 0 0 0
1791040980 3000, 13801, 59, 0x0000000000000000 | 5.21 9.16 11.16 | cpu  61825738 804 12808525 2460092763 472067 0 178029 0 0 0
1791040982 2992, 13801, 61, 0x0000000000000000 | 4.95 9.04 11.11 | cpu  61829103 804 12808595 2460113505 472067 0 178029 0 0 0
1791040983 2977, 13801, 62, 0x0000000000000000 | 4.95 9.04 11.11 | cpu  61830777 804 12809014 2460136680 472116 0 178031 0 0 0
1791040984 2985, 13801, 61, 0x0000000000000000 | 4.95 9.04 11.11 | cpu  61832508 804 12809458 2460158376 472187 0 178033 0 0 0
1791040985 2985, 13801, 61, 0x0000000000000000 | 4.95 9.04 11.11 | cpu  61833106 804 12810178 2460183400 472266 0 178037 0 0 0
1791040986 2977, 13801, 62, 0x0000000000000000 | 4.95 9.04 11.11 | cpu  61834079 804 12810740 2460207496 472345 0 178040 0 0 0
1791040987 3000, 13801, 60, 0x0000000000000000 | 5.20 9.02 11.09 | cpu  61835279 804 12811254 2460229970 472418 0 178041 0 0 0
1791040988 3000, 13801, 55, 0x0000000000000000 | 5.20 9.02 11.09 | cpu  61838396 804 12811547 2460252575 472448 0 178042 0 0 0
1791040989 3000, 13801, 58, 0x0000000000000000 | 5.20 9.02 11.09 | cpu  61841932 804 12811740 2460275508 472474 0 178044 0 0 0
1791040991 2977, 13801, 60, 0x0000000000000000 | 5.20 9.02 11.09 | cpu  61845483 804 12811830 2460296820 472485 0 178044 0 0 0
1791040992 3000, 13801, 60, 0x0000000000000000 | 5.02 8.92 11.05 | cpu  61848915 804 12811936 2460317327 472502 0 178044 0 0 0
1791040993 2992, 13801, 61, 0x0000000000000000 | 5.02 8.92 11.05 | cpu  61852743 804 12812053 2460339908 472519 0 178045 0 0 0
1791040994 3000, 13801, 60, 0x0000000000000000 | 5.02 8.92 11.05 | cpu  61855974 804 12812166 2460360515 472539 0 178046 0 0 0
1791040995 2992, 13801, 59, 0x0000000000000000 | 5.02 8.92 11.05 | cpu  61858637 804 12812234 2460383033 472540 0 178046 0 0 0
1791040996 2977, 13801, 60, 0x0000000000000000 | 5.34 8.92 11.04 | cpu  61860096 804 12812801 2460406610 472540 0 178046 0 0 0
1791040997 2970, 13801, 61, 0x0000000000000000 | 5.34 8.92 11.04 | cpu  61860812 804 12813470 2460429770 472540 0 178048 0 0 0
1791040998 2977, 13801, 61, 0x0000000000000000 | 5.34 8.92 11.04 | cpu  61861519 804 12814163 2460453741 472540 0 178051 0 0 0
1791041000 2977, 13801, 61, 0x0000000000000000 | 5.34 8.92 11.04 | cpu  61862106 804 12814826 2460477521 472542 0 178054 0 0 0
1791041001 2985, 13801, 61, 0x0000000000000000 | 5.34 8.92 11.04 | cpu  61863127 804 12815469 2460500670 472542 0 178056 0 0 0
1791041002 2992, 13801, 61, 0x0000000000000000 | 5.79 8.96 11.04 | cpu  61863868 804 12816123 2460525083 472542 0 178057 0 0 0
1791041003 2992, 13801, 60, 0x0000000000000000 | 5.79 8.96 11.04 | cpu  61864846 804 12816872 2460549333 472542 0 178057 0 0 0
1791041004 2992, 13801, 59, 0x0000000000000000 | 5.79 8.96 11.04 | cpu  61866451 804 12817217 2460572364 472542 0 178058 0 0 0
1791041005 2992, 13801, 59, 0x0000000000000000 | 5.79 8.96 11.04 | cpu  61868293 804 12817265 2460595757 472543 0 178059 0 0 0
1791041006 3000, 13801, 59, 0x0000000000000000 | 5.65 8.87 11.00 | cpu  61869168 804 12817318 2460620225 472544 0 178059 0 0 0
1791041007 2985, 13801, 62, 0x0000000000000000 | 5.65 8.87 11.00 | cpu  61869933 805 12817356 2460644453 472544 0 178060 0 0 0
1791041009 3000, 13801, 61, 0x0000000000000000 | 5.65 8.87 11.00 | cpu  61872401 805 12817418 2460666635 472546 0 178060 0 0 0
1791041010 2977, 13801, 61, 0x0000000000000000 | 5.65 8.87 11.00 | cpu  61873056 805 12817475 2460690779 472546 0 178060 0 0 0
1791041011 2985, 13801, 60, 0x0000000000000000 | 5.65 8.87 11.00 | cpu  61873782 805 12817525 2460715069 472546 0 178060 0 0 0
1791041012 2977, 13801, 61, 0x0000000000000000 | 5.44 8.78 10.96 | cpu  61874638 805 12817635 2460739667 472547 0 178060 0 0 0
1791041013 3000, 13801, 58, 0x0000000000000000 | 5.44 8.78 10.96 | cpu  61875020 805 12817704 2460764318 472547 0 178072 0 0 0
1791041014 3007, 13801, 55, 0x0000000000000000 | 5.44 8.78 10.96 | cpu  61875360 805 12817726 2460789070 472547 0 178072 0 0 0
1791041015 3007, 13801, 54, 0x0000000000000000 | 5.44 8.78 10.96 | cpu  61875702 805 12817745 2460813604 472547 0 178072 0 0 0
1791041016 3007, 13801, 53, 0x0000000000000000 | 5.24 8.68 10.91 | cpu  61876029 805 12817772 2460838097 472550 0 178072 0 0 0
1791041018 2647, 13801, 52, 0x0000000000000000 | 5.24 8.68 10.91 | cpu  61876362 805 12817805 2460862604 472550 0 178072 0 0 0
1791041019 2797, 13801, 56, 0x0000000000000000 | 5.24 8.68 10.91 | cpu  61876706 805 12817837 2460887223 472550 0 178072 0 0 0
1791041020 2992, 13801, 59, 0x0000000000000000 | 5.24 8.68 10.91 | cpu  61876953 805 12817865 2460912109 472550 0 178072 0 0 0
1791041021 2992, 13801, 59, 0x0000000000000000 | 5.24 8.68 10.91 | cpu  61879180 805 12817980 2460935622 472551 0 178072 0 0 0
1791041022 2992, 13801, 59, 0x0000000000000000 | 13.95 10.43 11.47 | cpu  61885011 805 12818142 2460954216 472553 0 178072 0 0 0
1791041023 2985, 13801, 61, 0x0000000000000000 | 13.95 10.43 11.47 | cpu  61889266 805 12818665 2460974707 472555 0 178072 0 0 0
1791041024 2985, 13801, 60, 0x0000000000000000 | 13.95 10.43 11.47 | cpu  61894242 805 12818844 2460993866 472555 0 178072 0 0 0
1791041025 2985, 13801, 60, 0x0000000000000000 | 13.95 10.43 11.47 | cpu  61897485 805 12819672 2461015028 472555 0 178074 0 0 0
1791041027 2977, 13801, 59, 0x0000000000000000 | 13.23 10.34 11.43 | cpu  61900848 805 12821284 2461035959 472556 0 178074 0 0 0
1791041028 2992, 13801, 60, 0x0000000000000000 | 13.23 10.34 11.43 | cpu  61903508 805 12822367 2461057089 472557 0 178074 0 0 0
1791041029 2970, 13801, 61, 0x0000000000000000 | 13.23 10.34 11.43 | cpu  61904338 805 12822419 2461081256 472557 0 178074 0 0 0
1791041030 2970, 13801, 61, 0x0000000000000000 | 13.23 10.34 11.43 | cpu  61906310 805 12822471 2461104103 472557 0 178074 0 0 0
1791041031 2985, 13801, 60, 0x0000000000000000 | 13.23 10.34 11.43 | cpu  61906972 805 12822492 2461128517 472559 0 178075 0 0 0
1791041032 2977, 13801, 61, 0x0000000000000000 | 12.49 10.23 11.39 | cpu  61908046 805 12822546 2461152510 472559 0 178076 0 0 0
1791041033 2985, 13801, 60, 0x0000000000000000 | 12.49 10.23 11.39 | cpu  61908761 805 12822602 2461176350 472559 0 178077 0 0 0
1791041034 2985, 13801, 60, 0x0000000000000000 | 12.49 10.23 11.39 | cpu  61909551 805 12822672 2461201312 472559 0 178077 0 0 0
1791041035 2985, 13801, 60, 0x0000000000000000 | 12.49 10.23 11.39 | cpu  61910056 805 12822694 2461225239 472560 0 178079 0 0 0
1791041037 2985, 13801, 60, 0x0000000000000000 | 11.89 10.15 11.36 | cpu  61911018 805 12822729 2461249188 472560 0 178080 0 0 0
1791041038 3000, 13801, 59, 0x0000000000000000 | 11.89 10.15 11.36 | cpu  61911866 805 12822830 2461273195 472561 0 178080 0 0 0
1791041039 2992, 13801, 60, 0x0000000000000000 | 11.89 10.15 11.36 | cpu  61912739 805 12822900 2461297313 472561 0 178080 0 0 0
1791041040 2992, 13801, 60, 0x0000000000000000 | 11.89 10.15 11.36 | cpu  61913434 805 12822976 2461322013 472561 0 178080 0 0 0
1791041041 2985, 13801, 60, 0x0000000000000000 | 11.89 10.15 11.36 | cpu  61913692 805 12822995 2461346784 472561 0 178080 0 0 0
1791041042 2992, 13801, 61, 0x0000000000000000 | 11.10 10.01 11.31 | cpu  61914105 805 12823019 2461370907 472561 0 178081 0 0 0
1791041043 2992, 13801, 59, 0x0000000000000000 | 11.10 10.01 11.31 | cpu  61914336 805 12823058 2461395558 472562 0 178083 0 0 0
1791041044 2985, 13801, 61, 0x0000000000000000 | 11.10 10.01 11.31 | cpu  61915176 805 12823126 2461420051 472562 0 178084 0 0 0
1791041046 2992, 13801, 60, 0x0000000000000000 | 11.10 10.01 11.31 | cpu  61915927 805 12823192 2461443743 472562 0 178084 0 0 0
1791041047 2985, 13801, 61, 0x0000000000000000 | 10.45 9.89 11.26 | cpu  61916608 805 12823253 2461468019 472563 0 178085 0 0 0
1791041048 2992, 13801, 60, 0x0000000000000000 | 10.45 9.89 11.26 | cpu  61917176 805 12823295 2461492997 472564 0 178087 0 0 0
1791041049 2992, 13801, 60, 0x0000000000000000 | 10.45 9.89 11.26 | cpu  61917969 805 12823346 2461517509 472564 0 178087 0 0 0
1791041050 3007, 13801, 55, 0x0000000000000000 | 10.45 9.89 11.26 | cpu  61918672 805 12823403 2461541183 472564 0 178087 0 0 0
1791041051 3000, 13801, 54, 0x0000000000000000 | 10.45 9.89 11.26 | cpu  61919500 805 12823455 2461565562 472566 0 178087 0 0 0
1791041052 2722, 13801, 53, 0x0000000000000000 | 9.85 9.78 11.22 | cpu  61920101 805 12823537 2461590168 472566 0 178088 0 0 0
1791041053 2647, 13801, 52, 0x0000000000000000 | 9.85 9.78 11.22 | cpu  61921095 805 12823587 2461613527 472570 0 178089 0 0 0
1791041054 2647, 13801, 52, 0x0000000000000000 | 9.85 9.78 11.22 | cpu  61924171 805 12823662 2461634472 472571 0 178089 0 0 0
1791041056 2992, 13801, 58, 0x0000000000000000 | 9.85 9.78 11.22 | cpu  61925324 805 12824120 2461657996 472571 0 178091 0 0 0
1791041057 2985, 13801, 60, 0x0000000000000000 | 9.87 9.78 11.21 | cpu  61927237 805 12824275 2461681569 472571 0 178093 0 0 0
1791041058 2992, 13801, 60, 0x0000000000000000 | 9.87 9.78 11.21 | cpu  61928142 805 12824379 2461705612 472571 0 178094 0 0 0
1791041059 2992, 13801, 60, 0x0000000000000000 | 9.87 9.78 11.21 | cpu  61929020 805 12824405 2461729518 472572 0 178097 0 0 0
1791041060 3000, 13801, 59, 0x0000000000000000 | 9.87 9.78 11.21 | cpu  61929876 805 12824446 2461754106 472572 0 178097 0 0 0
1791041061 2985, 13801, 60, 0x0000000000000000 | 9.40 9.69 11.17 | cpu  61930205 805 12824482 2461779076 472572 0 178097 0 0 0
1791041062 2977, 13801, 61, 0x0000000000000000 | 9.40 9.69 11.17 | cpu  61930926 805 12824529 2461803638 472572 0 178097 0 0 0
1791041063 2992, 13801, 59, 0x0000000000000000 | 9.40 9.69 11.17 | cpu  61933254 805 12824618 2461826363 472572 0 178100 0 0 0
1791041065 3000, 13801, 59, 0x0000000000000000 | 9.40 9.69 11.17 | cpu  61934009 805 12824668 2461850521 472573 0 178100 0 0 0
1791041066 2977, 13801, 60, 0x0000000000000000 | 9.40 9.69 11.17 | cpu  61934767 805 12824716 2461874726 472573 0 178100 0 0 0
1791041067 2992, 13801, 59, 0x0000000000000000 | 8.96 9.59 11.13 | cpu  61935436 805 12824762 2461899043 472573 0 178102 0 0 0
1791041068 2992, 13801, 59, 0x0000000000000000 | 8.96 9.59 11.13 | cpu  61936346 805 12824827 2461923587 472573 0 178104 0 0 0
1791041069 2985, 13801, 60, 0x0000000000000000 | 8.96 9.59 11.13 | cpu  61936986 805 12824890 2461947477 472575 0 178105 0 0 0
1791041070 2985, 13801, 61, 0x0000000000000000 | 8.96 9.59 11.13 | cpu  61937748 805 12824947 2461972786 472575 0 178107 0 0 0
1791041071 2992, 13801, 60, 0x0000000000000000 | 8.65 9.52 11.10 | cpu  61938427 805 12824984 2461997459 472575 0 178107 0 0 0
1791041072 2977, 13801, 61, 0x0000000000000000 | 8.65 9.52 11.10 | cpu  61938710 805 12825015 2462022567 472576 0 178107 0 0 0
1791041074 2970, 13801, 60, 0x0000000000000000 | 8.65 9.52 11.10 | cpu  61939625 805 12825070 2462046308 472576 0 178108 0 0 0
1791041075 2992, 13801, 60, 0x0000000000000000 | 8.65 9.52 11.10 | cpu  61940231 805 12825153 2462070213 472576 0 178108 0 0 0
1791041076 2985, 13801, 60, 0x0000000000000000 | 8.65 9.52 11.10 | cpu  61940982 805 12825210 2462093959 472576 0 178109 0 0 0
1791041077 2985, 13801, 61, 0x0000000000000000 | 8.27 9.42 11.06 | cpu  61942539 805 12825323 2462118757 472577 0 178111 0 0 0
1791041078 2977, 13801, 61, 0x0000000000000000 | 8.27 9.42 11.06 | cpu  61946005 805 12825346 2462140816 472577 0 178111 0 0 0
1791041079 2985, 13801, 59, 0x0000000000000000 | 8.27 9.42 11.06 | cpu  61949947 805 12825426 2462160755 472577 0 178111 0 0 0
1791041080 2985, 13801, 60, 0x0000000000000000 | 8.27 9.42 11.06 | cpu  61953805 805 12825480 2462180865 472577 0 178111 0 0 0
1791041081 2977, 13801, 60, 0x0000000000000000 | 7.85 9.32 11.02 | cpu  61957292 805 12825588 2462201250 472578 0 178111 0 0 0
1791041082 2977, 13801, 60, 0x0000000000000000 | 7.85 9.32 11.02 | cpu  61959783 806 12825707 2462223947 472578 0 178111 0 0 0
1791041084 2985, 13801, 60, 0x0000000000000000 | 7.85 9.32 11.02 | cpu  61960723 806 12825912 2462248417 472579 0 178114 0 0 0
1791041085 2992, 13801, 60, 0x0000000000000000 | 7.85 9.32 11.02 | cpu  61961490 806 12826042 2462272540 472579 0 178114 0 0 0
1791041086 2985, 13801, 62, 0x0000000000000000 | 7.85 9.32 11.02 | cpu  61964404 806 12826100 2462294983 472579 0 178115 0 0 0
1791041087 2985, 13801, 61, 0x0000000000000000 | 7.54 9.23 10.98 | cpu  61967792 806 12826136 2462316933 472581 0 178116 0 0 0
1791041088 2992, 13801, 58, 0x0000000000000000 | 7.54 9.23 10.98 | cpu  61969030 806 12826448 2462340102 472618 0 178116 0 0 0
1791041089 2985, 13801, 60, 0x0000000000000000 | 7.54 9.23 10.98 | cpu  61969282 806 12827016 2462365469 472760 0 178124 0 0 0
1791041090 2992, 13801, 60, 0x0000000000000000 | 7.54 9.23 10.98 | cpu  61969541 806 12827556 2462390104 472914 0 178128 0 0 0
1791041092 2977, 13801, 60, 0x0000000000000000 | 7.82 9.26 10.98 | cpu  61971202 806 12827884 2462413327 472989 0 178136 0 0 0
1791041093 2992, 13801, 59, 0x0000000000000000 | 7.82 9.26 10.98 | cpu  61974594 806 12827951 2462434529 472989 0 178136 0 0 0
1791041094 2970, 13801, 62, 0x0000000000000000 | 7.82 9.26 10.98 | cpu  61975677 806 12828432 2462457342 473109 0 178138 0 0 0
1791041095 2985, 13801, 60, 0x0000000000000000 | 7.82 9.26 10.98 | cpu  61976496 806 12829062 2462480749 473291 0 178142 0 0 0
1791041096 2970, 13801, 61, 0x0000000000000000 | 7.82 9.26 10.98 | cpu  61977168 806 12829672 2462504674 473500 0 178143 0 0 0
1791041097 2985, 13801, 61, 0x0000000000000000 | 8.07 9.29 10.98 | cpu  61977910 806 12830337 2462529894 473722 0 178143 0 0 0
1791041098 2985, 13801, 58, 0x0000000000000000 | 8.07 9.29 10.98 | cpu  61978804 806 12831016 2462554832 473970 0 178144 0 0 0
1791041100 2985, 13801, 59, 0x0000000000000000 | 8.07 9.29 10.98 | cpu  61979722 806 12831800 2462578782 474160 0 178146 0 0 0
1791041101 2992, 13801, 58, 0x0000000000000000 | 8.07 9.29 10.98 | cpu  61981519 806 12832851 2462604050 474300 0 178148 0 0 0
1791041102 3000, 13801, 56, 0x0000000000000000 | 8.63 9.38 11.00 | cpu  61983436 806 12833929 2462628412 474397 0 178151 0 0 0
1791041103 3000, 13801, 58, 0x0000000000000000 | 8.63 9.38 11.00 | cpu  61985122 806 12835000 2462652515 474494 0 178154 0 0 0
1791041104 2992, 13801, 58, 0x0000000000000000 | 8.63 9.38 11.00 | cpu  61986144 806 12835858 2462676462 474589 0 178155 0 0 0
1791041106 2985, 13801, 60, 0x0000000000000000 | 8.63 9.38 11.00 | cpu  61987334 806 12836597 2462700145 474718 0 178156 0 0 0
1791041107 2985, 13801, 61, 0x0000000000000000 | 9.30 9.51 11.04 | cpu  61990194 806 12836990 2462720892 474733 0 178157 0 0 0
1791041108 2992, 13801, 59, 0x0000000000000000 | 9.30 9.51 11.04 | cpu  61992434 806 12837135 2462743482 474734 0 178158 0 0 0
1791041109 2992, 13801, 60, 0x0000000000000000 | 9.30 9.51 11.04 | cpu  61994410 806 12837374 2462767885 474734 0 178160 0 0 0
1791041110 2985, 13801, 61, 0x0000000000000000 | 9.30 9.51 11.04 | cpu  61996932 806 12838082 2462789610 474734 0 178162 0 0 0
1791041111 2977, 13801, 62, 0x0000000000000000 | 9.30 9.51 11.04 | cpu  61999070 806 12838256 2462812300 474734 0 178162 0 0 0
1791041112 2985, 13801, 61, 0x0000000000000000 | 9.04 9.45 11.01 | cpu  62000347 806 12838381 2462834995 474738 0 178166 0 0 0
1791041113 2955, 13801, 62, 0x0000000000000000 | 9.04 9.45 11.01 | cpu  62001176 806 12838446 2462859713 474739 0 178170 0 0 0
1791041115 2977, 13801, 61, 0x0000000000000000 | 9.04 9.45 11.01 | cpu  62002002 806 12838488 2462883480 474739 0 178171 0 0 0
1791041116 2992, 13801, 60, 0x0000000000000000 | 9.04 9.45 11.01 | cpu  62003698 806 12838595 2462906700 474739 0 178172 0 0 0
1791041117 2985, 13801, 61, 0x0000000000000000 | 8.55 9.34 10.97 | cpu  62004042 806 12838643 2462931276 474739 0 178173 0 0 0
1791041118 3000, 13801, 59, 0x0000000000000000 | 8.55 9.34 10.97 | cpu  62004838 806 12838686 2462955319 474740 0 178174 0 0 0
1791041119 2985, 13801, 61, 0x0000000000000000 | 8.55 9.34 10.97 | cpu  62005543 806 12838746 2462979440 474741 0 178174 0 0 0
1791041120 3000, 13801, 60, 0x0000000000000000 | 8.55 9.34 10.97 | cpu  62006278 806 12838799 2463003083 474741 0 178174 0 0 0
1791041121 2992, 13801, 61, 0x0000000000000000 | 8.55 9.34 10.97 | cpu  62007058 806 12838871 2463027171 474741 0 178174 0 0 0
1791041122 2992, 13801, 61, 0x0000000000000000 | 8.19 9.26 10.93 | cpu  62007403 806 12838906 2463051738 474741 0 178175 0 0 0
1791041123 2985, 13801, 60, 0x0000000000000000 | 8.19 9.26 10.93 | cpu  62007745 806 12838933 2463076367 474741 0 178176 0 0 0
1791041125 2985, 13801, 61, 0x0000000000000000 | 8.19 9.26 10.93 | cpu  62008110 806 12838954 2463101094 474741 0 178176 0 0 0
1791041126 2977, 13801, 61, 0x0000000000000000 | 8.19 9.26 10.93 | cpu  62009130 806 12839000 2463124483 474741 0 178177 0 0 0
1791041127 2977, 13801, 62, 0x0000000000000000 | 7.93 9.18 10.90 | cpu  62009983 806 12839046 2463148811 474741 0 178177 0 0 0
1791041128 3000, 13801, 60, 0x0000000000000000 | 7.93 9.18 10.90 | cpu  62010838 806 12839106 2463172868 474741 0 178178 0 0 0
1791041129 2977, 13801, 62, 0x0000000000000000 | 7.93 9.18 10.90 | cpu  62011499 806 12839139 2463197207 474742 0 178178 0 0 0
1791041130 2992, 13801, 61, 0x0000000000000000 | 7.93 9.18 10.90 | cpu  62011956 806 12839162 2463221720 474742 0 178181 0 0 0
1791041131 2970, 13801, 62, 0x0000000000000000 | 7.93 9.18 10.90 | cpu  62013109 806 12839223 2463244882 474745 0 178182 0 0 0
1791041132 2977, 13801, 61, 0x0000000000000000 | 7.78 9.13 10.87 | cpu  62013950 806 12839280 2463268580 474745 0 178183 0 0 0
1791041133 2970, 13801, 62, 0x0000000000000000 | 7.78 9.13 10.87 | cpu  62014856 806 12839370 2463292691 474745 0 178184 0 0 0
1791041135 2985, 13801, 61, 0x0000000000000000 | 7.78 9.13 10.87 | cpu  62015713 806 12839435 2463316636 474747 0 178184 0 0 0
1791041136 2985, 13801, 60, 0x0000000000000000 | 7.78 9.13 10.87 | cpu  62016492 806 12839535 2463340774 474749 0 178188 0 0 0
1791041137 2992, 13801, 61, 0x0000000000000000 | 7.71 9.10 10.85 | cpu  62018650 806 12839693 2463364518 474749 0 178189 0 0 0
1791041138 2992, 13801, 60, 0x0000000000000000 | 7.71 9.10 10.85 | cpu  62020321 806 12839794 2463388755 474749 0 178190 0 0 0
1791041139 2992, 13801, 60, 0x0000000000000000 | 7.71 9.10 10.85 | cpu  62024062 806 12839904 2463409532 474750 0 178191 0 0 0
1791041140 2977, 13801, 61, 0x0000000000000000 | 7.71 9.10 10.85 | cpu  62028852 806 12839960 2463428924 474752 0 178191 0 0 0
1791041141 2985, 13801, 60, 0x0000000000000000 | 7.71 9.10 10.85 | cpu  62032783 806 12840070 2463448841 474753 0 178191 0 0 0
1791041142 2992, 13801, 60, 0x0000000000000000 | 7.90 9.11 10.84 | cpu  62037343 806 12840294 2463468603 474754 0 178192 0 0 0
1791041143 2977, 13801, 61, 0x0000000000000000 | 7.90 9.11 10.84 | cpu  62041646 806 12840456 2463488155 474754 0 178192 0 0 0
1791041144 2977, 13801, 61, 0x0000000000000000 | 7.90 9.11 10.84 | cpu  62045362 806 12840577 2463509086 474754 0 178192 0 0 0
1791041146 2977, 13801, 61, 0x0000000000000000 | 7.90 9.11 10.84 | cpu  62048006 806 12841138 2463531056 474754 0 178192 0 0 0
1791041147 2970, 13801, 62, 0x0000000000000000 | 7.50 9.01 10.80 | cpu  62051745 806 12841239 2463552991 474756 0 178192 0 0 0
1791041148 2970, 13801, 62, 0x0000000000000000 | 7.50 9.01 10.80 | cpu  62055717 806 12841376 2463574257 474757 0 178192 0 0 0
1791041149 2985, 13801, 62, 0x0000000000000000 | 7.50 9.01 10.80 | cpu  62058973 806 12841503 2463594806 474758 0 178192 0 0 0
1791041150 2977, 13801, 62, 0x0000000000000000 | 7.50 9.01 10.80 | cpu  62062630 806 12841533 2463615249 474758 0 178192 0 0 0
1791041151 2992, 13801, 61, 0x0000000000000000 | 7.50 9.01 10.80 | cpu  62066148 806 12841554 2463636337 474758 0 178192 0 0 0
1791041152 2985, 13801, 61, 0x0000000000000000 | 7.14 8.91 10.76 | cpu  62069363 806 12841680 2463657673 474760 0 178192 0 0 0
1791041153 2985, 13801, 61, 0x0000000000000000 | 7.14 8.91 10.76 | cpu  62070095 806 12842277 2463681836 474760 0 178193 0 0 0
1791041155 2985, 13801, 61, 0x0000000000000000 | 7.14 8.91 10.76 | cpu  62071292 806 12842746 2463706693 474760 0 178193 0 0 0
1791041156 2985, 13801, 61, 0x0000000000000000 | 7.14 8.91 10.76 | cpu  62073550 806 12843073 2463728728 474845 0 178195 0 0 0
1791041157 2985, 13801, 62, 0x0000000000000000 | 7.37 8.93 10.75 | cpu  62073835 806 12843668 2463752399 475008 0 178198 0 0 0
1791041158 2992, 13801, 60, 0x0000000000000000 | 7.37 8.93 10.75 | cpu  62074056 806 12844211 2463775480 475205 0 178200 0 0 0
1791041159 2985, 13801, 62, 0x0000000000000000 | 7.37 8.93 10.75 | cpu  62074769 806 12844834 2463800108 475374 0 178204 0 0 0
1791041160 2977, 13801, 61, 0x0000000000000000 | 7.37 8.93 10.75 | cpu  62075416 807 12845441 2463823471 475561 0 178206 0 0 0
1791041161 2962, 13801, 62, 0x0000000000000000 | 7.26 8.88 10.73 | cpu  62076066 807 12846048 2463847282 475746 0 178206 0 0 0
1791041162 2985, 13801, 61, 0x0000000000000000 | 7.26 8.88 10.73 | cpu  62076750 807 12846629 2463871010 475907 0 178209 0 0 0
1791041163 2977, 13801, 61, 0x0000000000000000 | 7.26 8.88 10.73 | cpu  62078057 807 12846968 2463893198 476004 0 178212 0 0 0
1791041165 2992, 13801, 61, 0x0000000000000000 | 7.26 8.88 10.73 | cpu  62079765 807 12847078 2463916033 476005 0 178213 0 0 0
1791041166 2970, 13801, 62, 0x0000000000000000 | 7.26 8.88 10.73 | cpu  62081779 807 12847170 2463939575 476006 0 178216 0 0 0
1791041167 2992, 13801, 61, 0x0000000000000000 | 7.08 8.81 10.70 | cpu  62083063 807 12847223 2463963654 476006 0 178216 0 0 0
1791041168 2992, 13801, 61, 0x0000000000000000 | 7.08 8.81 10.70 | cpu  62084286 807 12847251 2463986493 476006 0 178218 0 0 0
1791041169 2977, 13801, 62, 0x0000000000000000 | 7.08 8.81 10.70 | cpu  62086218 807 12847308 2464010506 476007 0 178218 0 0 0
1791041170 2985, 13801, 62, 0x0000000000000000 | 7.08 8.81 10.70 | cpu  62087668 807 12847364 2464033690 476008 0 178218 0 0 0
1791041171 2992, 13801, 56, 0x0000000000000000 | 6.75 8.72 10.66 | cpu  62088400 807 12847428 2464057703 476009 0 178222 0 0 0
1791041172 3000, 13801, 59, 0x0000000000000000 | 6.75 8.72 10.66 | cpu  62088970 807 12847484 2464082048 476009 0 178223 0 0 0
1791041174 2790, 13801, 59, 0x0000000000000000 | 6.75 8.72 10.66 | cpu  62089294 807 12847516 2464106615 476010 0 178225 0 0 0
1791041175 3000, 13801, 60, 0x0000000000000000 | 6.75 8.72 10.66 | cpu  62089628 807 12847541 2464131207 476010 0 178226 0 0 0
1791041176 2992, 13801, 60, 0x0000000000000000 | 6.75 8.72 10.66 | cpu  62089915 807 12847564 2464155860 476015 0 178226 0 0 0
1791041177 2985, 13801, 61, 0x0000000000000000 | 6.37 8.61 10.61 | cpu  62090146 807 12847588 2464181067 476015 0 178226 0 0 0
1791041178 2992, 13801, 61, 0x0000000000000000 | 6.37 8.61 10.61 | cpu  62090417 807 12847613 2464205632 476016 0 178227 0 0 0
1791041179 2985, 13801, 61, 0x0000000000000000 | 6.37 8.61 10.61 | cpu  62090647 807 12847641 2464230827 476016 0 178228 0 0 0
1791041180 2985, 13801, 61, 0x0000000000000000 | 6.37 8.61 10.61 | cpu  62092274 807 12847681 2464254674 476017 0 178230 0 0 0
1791041181 3000, 13801, 59, 0x0000000000000000 | 6.18 8.53 10.57 | cpu  62094760 807 12847718 2464276080 476017 0 178230 0 0 0
1791041182 2992, 13801, 60, 0x0000000000000000 | 6.18 8.53 10.57 | cpu  62097406 807 12848060 2464298120 476017 0 178231 0 0 0
1791041184 2992, 13801, 58, 0x0000000000000000 | 6.18 8.53 10.57 | cpu  62098041 807 12848702 2464322010 476018 0 178233 0 0 0
1791041185 2985, 13801, 60, 0x0000000000000000 | 6.18 8.53 10.57 | cpu  62098671 807 12849383 2464345860 476019 0 178235 0 0 0
1791041186 3000, 13801, 59, 0x0000000000000000 | 6.18 8.53 10.57 | cpu  62099198 807 12850046 2464370577 476019 0 178236 0 0 0
1791041187 2985, 13801, 60, 0x0000000000000000 | 6.01 8.45 10.54 | cpu  62101286 807 12850234 2464392510 476019 0 178236 0 0 0
1791041188 2992, 13801, 59, 0x0000000000000000 | 6.01 8.45 10.54 | cpu  62102733 807 12850292 2464415964 476019 0 178237 0 0 0
1791041189 2977, 13801, 61, 0x0000000000000000 | 6.01 8.45 10.54 | cpu  62105018 807 12850356 2464438182 476021 0 178237 0 0 0
1791041190 2985, 13801, 62, 0x0000000000000000 | 6.01 8.45 10.54 | cpu  62105747 807 12850402 2464462291 476021 0 178238 0 0 0
1791041191 3000, 13801, 60, 0x0000000000000000 | 5.77 8.36 10.50 | cpu  62105973 807 12850428 2464487409 476021 0 178238 0 0 0
1791041193 2970, 13801, 62, 0x0000000000000000 | 5.77 8.36 10.50 | cpu  62106234 807 12850502 2464512887 476022 0 178238 0 0 0
1791041194 2985, 13801, 61, 0x0000000000000000 | 5.77 8.36 10.50 | cpu  62106587 807 12850558 2464537487 476022 0 178239 0 0 0
1791041195 2985, 13801, 61, 0x0000000000000000 | 5.77 8.36 10.50 | cpu  62106916 807 12850590 2464562138 476022 0 178239 0 0 0
1791041196 3000, 13801, 59, 0x0000000000000000 | 5.77 8.36 10.50 | cpu  62107270 807 12850629 2464587071 476022 0 178242 0 0 0
1791041197 2992, 13801, 60, 0x0000000000000000 | 5.46 8.26 10.45 | cpu  62108119 807 12850664 2464611627 476022 0 178242 0 0 0
1791041198 3000, 13801, 58, 0x0000000000000000 | 5.46 8.26 10.45 | cpu  62108818 807 12850737 2464636733 476023 0 178243 0 0 0
1791041199 2992, 13801, 58, 0x0000000000000000 | 5.46 8.26 10.45 | cpu  62109766 807 12850790 2464659907 476023 0 178244 0 0 0
1791041200 2992, 13801, 60, 0x0000000000000000 | 5.46 8.26 10.45 | cpu  62110535 807 12850831 2464683965 476023 0 178244 0 0 0
1791041202 2977, 13801, 61, 0x0000000000000000 | 5.19 8.15 10.41 | cpu  62113436 807 12850876 2464705433 476023 0 178245 0 0 0
1791041203 3000, 13801, 59, 0x0000000000000000 | 5.19 8.15 10.41 | cpu  62116960 807 12850902 2464727153 476023 0 178245 0 0 0
1791041204 2985, 13801, 61, 0x0000000000000000 | 5.19 8.15 10.41 | cpu  62120901 807 12850943 2464747561 476025 0 178245 0 0 0
1791041205 2977, 13801, 61, 0x0000000000000000 | 5.19 8.15 10.41 | cpu  62124900 807 12851048 2464768666 476025 0 178245 0 0 0
1791041206 2992, 13801, 60, 0x0000000000000000 | 5.19 8.15 10.41 | cpu  62126375 807 12851154 2464791607 476025 0 178248 0 0 0
1791041207 3007, 13801, 55, 0x0000000000000000 | 5.25 8.12 10.38 | cpu  62129721 807 12851276 2464813269 476026 0 178249 0 0 0
1791041208 3007, 13801, 53, 0x0000000000000000 | 5.25 8.12 10.38 | cpu  62133390 807 12851371 2464834766 476026 0 178251 0 0 0
1791041209 2647, 13801, 52, 0x0000000000000000 | 5.25 8.12 10.38 | cpu  62136004 807 12851831 2464856184 476027 0 178251 0 0 0
1791041210 2655, 13801, 52, 0x0000000000000000 | 5.25 8.12 10.38 | cpu  62137424 807 12852456 2464879445 476027 0 178252 0 0 0
1791041212 3000, 13801, 56, 0x0000000000000000 | 5.71 8.17 10.39 | cpu  62140077 807 12853074 2464902194 476031 0 178253 0 0 0
1791041213 2992, 13801, 59, 0x0000000000000000 | 5.71 8.17 10.39 | cpu  62143933 807 12853302 2464923259 476031 0 178254 0 0 0
1791041214 2977, 13801, 60, 0x0000000000000000 | 5.71 8.17 10.39 | cpu  62147689 807 12853446 2464943544 476031 0 178254 0 0 0
1791041215 2992, 13801, 59, 0x0000000000000000 | 5.71 8.17 10.39 | cpu  62151456 807 12853527 2464963836 476032 0 178254 0 0 0
1791041216 2985, 13801, 60, 0x0000000000000000 | 5.71 8.17 10.39 | cpu  62155480 807 12853625 2464984653 476032 0 178254 0 0 0
1791041217 2985, 13801, 60, 0x0000000000000000 | 5.50 8.08 10.35 | cpu  62159437 807 12853728 2465004798 476034 0 178254 0 0 0
1791041218 2992, 13801, 58, 0x0000000000000000 | 5.50 8.08 10.35 | cpu  62163300 807 12853854 2465025280 476034 0 178255 0 0 0
1791041219 2992, 13801, 60, 0x0000000000000000 | 5.50 8.08 10.35 | cpu  62166051 807 12853983 2465046701 476034 0 178256 0 0 0
1791041220 2985, 13801, 59, 0x0000000000000000 | 5.50 8.08 10.35 | cpu  62167701 807 12854562 2465070938 476035 0 178257 0 0 0
1791041222 2985, 13801, 59, 0x0000000000000000 | 5.38 8.01 10.31 | cpu  62168311 808 12855234 2465094290 476037 0 178258 0 0 0
1791041223 2985, 13801, 60, 0x0000000000000000 | 5.38 8.01 10.31 | cpu  62168839 808 12856013 2465119086 476037 0 178259 0 0 0
1791041224 2985, 13801, 60, 0x0000000000000000 | 5.38 8.01 10.31 | cpu  62169110 808 12856654 2465143347 476037 0 178262 0 0 0
1791041225 3000, 13801, 58, 0x0000000000000000 | 5.38 8.01 10.31 | cpu  62169335 808 12857329 2465167323 476038 0 178262 0 0 0
1791041226 2992, 13801, 59, 0x0000000000000000 | 5.38 8.01 10.31 | cpu  62169582 808 12858018 2465192131 476038 0 178262 0 0 0
1791041227 2977, 13801, 62, 0x0000000000000000 | 5.83 8.06 10.31 | cpu  62170347 808 12858726 2465216616 476038 0 178268 0 0 0
1791041228 2992, 13801, 60, 0x0000000000000000 | 5.83 8.06 10.31 | cpu  62171010 808 12859475 2465240170 476038 0 178270 0 0 0
1791041230 2992, 13801, 60, 0x0000000000000000 | 5.83 8.06 10.31 | cpu  62173108 808 12859789 2465263056 476038 0 178272 0 0 0
1791041231 2977, 13801, 59, 0x0000000000000000 | 5.83 8.06 10.31 | cpu  62173862 808 12859836 2465286317 476038 0 178273 0 0 0
1791041232 2985, 13801, 60, 0x0000000000000000 | 5.68 7.99 10.28 | cpu  62175582 808 12859868 2465308672 476041 0 178274 0 0 0
1791041233 3000, 13801, 59, 0x0000000000000000 | 5.68 7.99 10.28 | cpu  62176398 808 12859924 2465333568 476041 0 178276 0 0 0
1791041234 2992, 13801, 59, 0x0000000000000000 | 5.68 7.99 10.28 | cpu  62177110 808 12859972 2465357754 476041 0 178277 0 0 0
1791041235 3000, 13801, 59, 0x0000000000000000 | 5.68 7.99 10.28 | cpu  62177938 808 12860011 2465382235 476041 0 178277 0 0 0
1791041236 2992, 13801, 59, 0x0000000000000000 | 5.68 7.99 10.28 | cpu  62179560 808 12860048 2465405577 476043 0 178277 0 0 0
1791041237 2977, 13801, 60, 0x0000000000000000 | 5.46 7.91 10.24 | cpu  62180052 808 12860208 2465430242 476043 0 178281 0 0 0
1791041238 2992, 13801, 60, 0x0000000000000000 | 5.46 7.91 10.24 | cpu  62180464 808 12860367 2465455002 476043 0 178281 0 0 0
1791041240 2985, 13801, 61, 0x0000000000000000 | 5.46 7.91 10.24 | cpu  62180771 808 12860428 2465479569 476043 0 178282 0 0 0
1791041241 2992, 13801, 58, 0x0000000000000000 | 5.46 7.91 10.24 | cpu  62181586 808 12860489 2465503769 476043 0 178282 0 0 0
1791041242 3000, 13801, 58, 0x0000000000000000 | 5.35 7.85 10.21 | cpu  62182344 808 12860541 2465528096 476043 0 178282 0 0 0
1791041243 2985, 13801, 61, 0x0000000000000000 | 5.35 7.85 10.21 | cpu  62183047 808 12860610 2465552376 476044 0 178283 0 0 0
1791041244 2992, 13801, 60, 0x0000000000000000 | 5.35 7.85 10.21 | cpu  62183834 808 12860708 2465576498 476046 0 178284 0 0 0
1791041245 3000, 13801, 60, 0x0000000000000000 | 5.35 7.85 10.21 | cpu  62184251 808 12860822 2465601335 476046 0 178287 0 0 0
1791041246 3007, 13801, 54, 0x0000000000000000 | 5.35 7.85 10.21 | cpu  62185256 808 12860874 2465625361 476047 0 178288 0 0 0
1791041247 2992, 13801, 60, 0x0000000000000000 | 5.24 7.78 10.17 | cpu  62185892 808 12860934 2465649709 476047 0 178289 0 0 0
1791041249 2977, 13801, 61, 0x0000000000000000 | 5.24 7.78 10.17 | cpu  62186640 808 12861006 2465674275 476049 0 178290 0 0 0
1791041250 2992, 13801, 61, 0x0000000000000000 | 5.24 7.78 10.17 | cpu  62187808 808 12861084 2465697811 476052 0 178291 0 0 0
1791041251 2977, 13801, 62, 0x0000000000000000 | 5.24 7.78 10.17 | cpu  62188421 808 12861152 2465722199 476052 0 178292 0 0 0
1791041252 3000, 13801, 60, 0x0000000000000000 | 5.06 7.70 10.14 | cpu  62189161 808 12861210 2465746464 476052 0 178292 0 0 0
1791041253 3000, 13801, 59, 0x0000000000000000 | 5.06 7.70 10.14 | cpu  62189900 808 12861262 2465770704 476052 0 178293 0 0 0
1791041254 2985, 13801, 60, 0x0000000000000000 | 5.06 7.70 10.14 | cpu  62190127 808 12861283 2465795640 476053 0 178293 0 0 0
1791041255 2985, 13801, 60, 0x0000000000000000 | 5.06 7.70 10.14 | cpu  62190402 808 12861302 2465820740 476054 0 178293 0 0 0
1791041256 2977, 13801, 60, 0x0000000000000000 | 4.89 7.62 10.10 | cpu  62190632 808 12861321 2465845100 476054 0 178293 0 0 0
1791041257 2985, 13801, 60, 0x0000000000000000 | 4.89 7.62 10.10 | cpu  62190877 808 12861347 2465870202 476054 0 178295 0 0 0
1791041259 2985, 13801, 61, 0x0000000000000000 | 4.89 7.62 10.10 | cpu  62191596 808 12861377 2465894454 476054 0 178296 0 0 0
1791041260 2992, 13801, 59, 0x0000000000000000 | 4.89 7.62 10.10 | cpu  62192340 808 12861429 2465918687 476054 0 178296 0 0 0
1791041261 2985, 13801, 59, 0x0000000000000000 | 4.89 7.62 10.10 | cpu  62192968 808 12861484 2465943034 476054 0 178296 0 0 0
1791041262 2985, 13801, 59, 0x0000000000000000 | 4.74 7.55 10.06 | cpu  62193832 808 12861532 2465967226 476054 0 178297 0 0 0
1791041263 2962, 13801, 61, 0x0000000000000000 | 4.74 7.55 10.06 | cpu  62194840 808 12861586 2465991123 476054 0 178298 0 0 0
1791041264 2992, 13801, 59, 0x0000000000000000 | 4.74 7.55 10.06 | cpu  62195444 808 12861636 2466015117 476058 0 178298 0 0 0
1791041265 3000, 13801, 60, 0x0000000000000000 | 4.74 7.55 10.06 | cpu  62196196 808 12861690 2466040213 476058 0 178298 0 0 0
1791041266 2985, 13801, 61, 0x0000000000000000 | 4.60 7.47 10.02 | cpu  62196801 808 12861724 2466065037 476059 0 178299 0 0 0
1791041268 2992, 13801, 59, 0x0000000000000000 | 4.60 7.47 10.02 | cpu  62197636 808 12861776 2466089109 476059 0 178302 0 0 0
1791041269 2985, 13801, 60, 0x0000000000000000 | 4.60 7.47 10.02 | cpu  62198390 808 12861850 2466113291 476059 0 178302 0 0 0
1791041270 2985, 13801, 60, 0x0000000000000000 | 4.60 7.47 10.02 | cpu  62199056 810 12862001 2466137705 476059 0 178302 0 0 0
1791041271 2992, 13801, 59, 0x0000000000000000 | 4.60 7.47 10.02 | cpu  62201976 810 12862106 2466160261 476059 0 178312 0 0 0
1791041272 2992, 13801, 59, 0x0000000000000000 | 4.47 7.40 9.98 | cpu  62205493 810 12862125 2466181181 476059 0 178313 0 0 0
1791041273 2992, 13801, 60, 0x0000000000000000 | 4.47 7.40 9.98 | cpu  62209708 810 12862182 2466201078 476059 0 178313 0 0 0
1791041274 2985, 13801, 60, 0x0000000000000000 | 4.47 7.40 9.98 | cpu  62213668 810 12862333 2466222337 476059 0 178313 0 0 0
1791041275 2985, 13801, 60, 0x0000000000000000 | 4.47 7.40 9.98 | cpu  62217298 810 12862388 2466243382 476059 0 178313 0 0 0
1791041277 2985, 13801, 61, 0x0000000000000000 | 4.44 7.34 9.95 | cpu  62221400 810 12862519 2466264637 476059 0 178313 0 0 0
1791041278 2977, 13801, 62, 0x0000000000000000 | 4.44 7.34 9.95 | cpu  62224932 810 12862580 2466285191 476059 0 178313 0 0 0
1791041279 2970, 13801, 62, 0x0000000000000000 | 4.44 7.34 9.95 | cpu  62229326 810 12862651 2466305648 476061 0 178313 0 0 0
1791041280 2977, 13801, 61, 0x0000000000000000 | 4.44 7.34 9.95 | cpu  62233264 810 12862709 2466327031 476061 0 178313 0 0 0
1791041281 2962, 13801, 63, 0x0000000000000000 | 4.44 7.34 9.95 | cpu  62234790 810 12862759 2466350451 476061 0 178315 0 0 0
1791041282 2985, 13801, 60, 0x0000000000000000 | 5.92 7.60 10.02 | cpu  62237233 810 12862840 2466373684 476061 0 178316 0 0 0
1791041283 2985, 13801, 60, 0x0000000000000000 | 5.92 7.60 10.02 | cpu  62241549 810 12862942 2466393474 476061 0 178316 0 0 0
1791041284 2992, 13801, 60, 0x0000000000000000 | 5.92 7.60 10.02 | cpu  62245437 810 12863006 2466414559 476061 0 178317 0 0 0
1791041285 2977, 13801, 61, 0x0000000000000000 | 5.92 7.60 10.02 | cpu  62249332 810 12863051 2466435592 476062 0 178317 0 0 0
1791041287 3007, 13801, 55, 0x0000000000000000 | 5.85 7.56 9.99 | cpu  62253330 810 12863085 2466455940 476062 0 178317 0 0 0
1791041288 2985, 13801, 61, 0x0000000000000000 | 5.85 7.56 9.99 | cpu  62256995 810 12863117 2466476347 476062 0 178317 0 0 0
1791041289 2977, 13801, 62, 0x0000000000000000 | 5.85 7.56 9.99 | cpu  62261103 810 12863152 2466497226 476062 0 178318 0 0 0
1791041290 2985, 13801, 61, 0x0000000000000000 | 5.85 7.56 9.99 | cpu  62264912 810 12863211 2466517817 476065 0 178318 0 0 0
1791041291 2985, 13801, 61, 0x0000000000000000 | 5.85 7.56 9.99 | cpu  62267074 810 12863538 2466540186 476099 0 178318 0 0 0
1791041292 2985, 13801, 60, 0x0000000000000000 | 6.34 7.63 10.00 | cpu  62267812 810 12864143 2466563972 476246 0 178320 0 0 0
1791041293 2985, 13801, 62, 0x0000000000000000 | 6.34 7.63 10.00 | cpu  62268108 810 12864739 2466587933 476395 0 178326 0 0 0
1791041294 2985, 13801, 61, 0x0000000000000000 | 6.34 7.63 10.00 | cpu  62268709 810 12865077 2466611004 476483 0 178328 0 0 0
1791041295 2992, 13801, 60, 0x0000000000000000 | 6.34 7.63 10.00 | cpu  62271596 810 12865109 2466632545 476484 0 178329 0 0 0
1791041296 2992, 13801, 61, 0x0000000000000000 | 6.71 7.69 10.01 | cpu  62273676 810 12865632 2466654561 476605 0 178331 0 0 0
1791041298 2985, 13801, 62, 0x0000000000000000 | 6.71 7.69 10.01 | cpu  62277293 810 12866400 2466675516 476787 0 178332 0 0 0
1791041299 2985, 13801, 61, 0x0000000000000000 | 6.71 7.69 10.01 | cpu  62281199 810 12867230 2466695735 476947 0 178334 0 0 0
1791041300 3000, 13801, 59, 0x0000000000000000 | 6.71 7.69 10.01 | cpu  62284210 810 12868408 2466716340 477109 0 178335 0 0 0
1791041301 2992, 13801, 61, 0x0000000000000000 | 6.71 7.69 10.01 | cpu  62286866 810 12870644 2466737115 477264 0 178339 0 0 0
1791041302 3000, 13801, 58, 0x0000000000000000 | 6.98 7.73 10.01 | cpu  62289426 810 12872588 2466758854 477436 0 178341 0 0 0
1791041303 2992, 13801, 60, 0x0000000000000000 | 6.98 7.73 10.01 | cpu  62289984 810 12873160 2466782444 477570 0 178345 0 0 0
1791041304 2985, 13801, 60, 0x0000000000000000 | 6.98 7.73 10.01 | cpu  62291373 811 12873582 2466805578 477676 0 178346 0 0 0
1791041306 2992, 13801, 60, 0x0000000000000000 | 6.98 7.73 10.01 | cpu  62293054 811 12873625 2466828009 477676 0 178346 0 0 0
1791041307 2985, 13801, 61, 0x0000000000000000 | 6.82 7.68 9.98 | cpu  62294081 811 12873681 2466852232 477676 0 178346 0 0 0
1791041308 2985, 13801, 61, 0x0000000000000000 | 6.82 7.68 9.98 | cpu  62295647 811 12873750 2466876032 477678 0 178346 0 0 0
1791041309 2977, 13801, 61, 0x0000000000000000 | 6.82 7.68 9.98 | cpu  62296483 811 12873809 2466900513 477678 0 178347 0 0 0
1791041310 2962, 13801, 63, 0x0000000000000000 | 6.82 7.68 9.98 | cpu  62297146 811 12873842 2466924233 477678 0 178349 0 0 0
1791041311 2977, 13801, 62, 0x0000000000000000 | 6.82 7.68 9.98 | cpu  62297494 811 12873864 2466948491 477678 0 178350 0 0 0
1791041312 2992, 13801, 61, 0x0000000000000000 | 6.51 7.60 9.94 | cpu  62299389 811 12873922 2466971888 477679 0 178350 0 0 0
1791041313 2992, 13801, 60, 0x0000000000000000 | 6.51 7.60 9.94 | cpu  62299725 811 12873958 2466996021 477680 0 178356 0 0 0
1791041314 3000, 13801, 59, 0x0000000000000000 | 6.51 7.60 9.94 | cpu  62300064 811 12873985 2467020610 477680 0 178356 0 0 0
1791041316 2985, 13801, 61, 0x0000000000000000 | 6.51 7.60 9.94 | cpu  62301090 811 12874041 2467045002 477680 0 178356 0 0 0
1791041317 2992, 13801, 61, 0x0000000000000000 | 6.31 7.54 9.91 | cpu  62301778 811 12874097 2467069796 477680 0 178358 0 0 0
1791041318 2977, 13801, 61, 0x0000000000000000 | 6.31 7.54 9.91 | cpu  62302620 811 12874162 2467094309 477682 0 178360 0 0 0
1791041319 2992, 13801, 60, 0x0000000000000000 | 6.31 7.54 9.91 | cpu  62303883 811 12874210 2467118303 477682 0 178360 0 0 0
1791041320 2970, 13801, 61, 0x0000000000000000 | 6.31 7.54 9.91 | cpu  62304766 811 12874257 2467142983 477683 0 178360 0 0 0
1791041321 2970, 13801, 63, 0x0000000000000000 | 6.31 7.54 9.91 | cpu  62305510 811 12874308 2467167192 477683 0 178360 0 0 0
1791041322 2977, 13801, 61, 0x0000000000000000 | 6.13 7.48 9.88 | cpu  62306383 811 12874361 2467192051 477683 0 178365 0 0 0
1791041324 2992, 13801, 60, 0x0000000000000000 | 6.13 7.48 9.88 | cpu  62306762 811 12874409 2467216830 477683 0 178366 0 0 0
1791041325 2992, 13801, 60, 0x0000000000000000 | 6.13 7.48 9.88 | cpu  62307245 811 12874479 2467241545 477684 0 178367 0 0 0
1791041326 2985, 13801, 61, 0x0000000000000000 | 6.13 7.48 9.88 | cpu  62309074 811 12874598 2467264069 477685 0 178367 0 0 0
1791041327 2985, 13801, 61, 0x0000000000000000 | 6.04 7.44 9.85 | cpu  62311106 811 12874756 2467285859 477685 0 178367 0 0 0
1791041328 2985, 13801, 60, 0x0000000000000000 | 6.04 7.44 9.85 | cpu  62313094 811 12874868 2467308724 477685 0 178368 0 0 0
1791041329 2992, 13801, 60, 0x0000000000000000 | 6.04 7.44 9.85 | cpu  62314926 811 12875016 2467332012 477688 0 178369 0 0 0
1791041330 2985, 13801, 60, 0x0000000000000000 | 6.04 7.44 9.85 | cpu  62316495 811 12875064 2467354917 477688 0 178369 0 0 0
1791041331 2970, 13801, 62, 0x0000000000000000 | 6.04 7.44 9.85 | cpu  62317699 811 12875314 2467377489 477689 0 178370 0 0 0
1791041332 2985, 13801, 61, 0x0000000000000000 | 6.03 7.42 9.83 | cpu  62319253 811 12875432 2467400798 477689 0 178371 0 0 0
1791041333 2992, 13801, 60, 0x0000000000000000 | 6.03 7.42 9.83 | cpu  62321621 811 12875647 2467423421 477689 0 178377 0 0 0
1791041335 2985, 13801, 61, 0x0000000000000000 | 6.03 7.42 9.83 | cpu  62325543 811 12876263 2467443257 477689 0 178377 0 0 0
1791041336 2985, 13801, 60, 0x0000000000000000 | 6.03 7.42 9.83 | cpu  62329170 811 12876332 2467463924 477689 0 178377 0 0 0
1791041337 2985, 13801, 62, 0x0000000000000000 | 5.79 7.34 9.79 | cpu  62332698 811 12876457 2467485123 477692 0 178377 0 0 0
1791041338 2992, 13801, 60, 0x0000000000000000 | 5.79 7.34 9.79 | cpu  62336338 811 12876478 2467505795 477694 0 178377 0 0 0
1791041339 2985, 13801, 61, 0x0000000000000000 | 5.79 7.34 9.79 | cpu  62339882 811 12876521 2467526971 477694 0 178378 0 0 0
1791041340 2992, 13801, 59, 0x0000000000000000 | 5.79 7.34 9.79 | cpu  62342310 811 12876550 2467549131 477694 0 178378 0 0 0
1791041341 2985, 13801, 61, 0x0000000000000000 | 5.79 7.34 9.79 | cpu  62346264 811 12876660 2467569398 477696 0 178378 0 0 0
1791041342 2992, 13801, 60, 0x0000000000000000 | 5.65 7.29 9.76 | cpu  62350129 811 12876777 2467589446 477696 0 178378 0 0 0
1791041343 2977, 13801, 61, 0x0000000000000000 | 5.65 7.29 9.76 | cpu  62354056 811 12876879 2467609950 477697 0 178378 0 0 0
1791041345 2977, 13801, 61, 0x0000000000000000 | 5.65 7.29 9.76 | cpu  62358236 811 12876973 2467631070 477697 0 178379 0 0 0
1791041346 2985, 13801, 61, 0x0000000000000000 | 5.65 7.29 9.76 | cpu  62362045 811 12877057 2467651802 477697 0 178381 0 0 0
1791041347 2985, 13801, 60, 0x0000000000000000 | 5.51 7.23 9.73 | cpu  62365696 811 12877217 2467672728 477700 0 178382 0 0 0
1791041348 2985, 13801, 55, 0x0000000000000000 | 5.51 7.23 9.73 | cpu  62368517 811 12877975 2467693492 477701 0 178396 0 0 0
1791041349 2992, 13801, 60, 0x0000000000000000 | 5.51 7.23 9.73 | cpu  62371372 811 12878598 2467714638 477701 0 178416 0 0 0
1791041350 2992, 13801, 59, 0x0000000000000000 | 5.51 7.23 9.73 | cpu  62374492 811 12879684 2467734964 477704 0 178439 0 0 0
1791041351 2985, 13801, 61, 0x0000000000000000 | 5.51 7.23 9.73 | cpu  62374981 811 12880430 2467758642 477704 0 178441 0 0 0
1791041352 2977, 13801, 60, 0x0000000000000000 | 5.95 7.30 9.74 | cpu  62375787 811 12881108 2467783271 477705 0 178448 0 0 0
1791041353 2977, 13801, 60, 0x0000000000000000 | 5.95 7.30 9.74 | cpu  62376490 812 12881799 2467807682 477705 0 178453 0 0 0
1791041355 2977, 13801, 61, 0x0000000000000000 | 5.95 7.30 9.74 | cpu  62377661 812 12882456 2467830810 477705 0 178453 0 0 0
1791041356 2977, 13801, 62, 0x0000000000000000 | 5.95 7.30 9.74 | cpu  62379272 812 12882494 2467854117 477705 0 178453 0 0 0
1791041357 2992, 13801, 61, 0x0000000000000000 | 5.80 7.24 9.71 | cpu  62380378 812 12882534 2467878383 477705 0 178454 0 0 0
1791041358 2985, 13801, 61, 0x0000000000000000 | 5.80 7.24 9.71 | cpu  62382676 812 12882607 2467900516 477708 0 178454 0 0 0
1791041359 2992, 13801, 61, 0x0000000000000000 | 5.80 7.24 9.71 | cpu  62383443 812 12882662 2467924372 477708 0 178454 0 0 0
1791041360 2992, 13801, 60, 0x0000000000000000 | 5.80 7.24 9.71 | cpu  62384525 812 12882700 2467948163 477708 0 178454 0 0 0
1791041361 2970, 13801, 61, 0x0000000000000000 | 5.80 7.24 9.71 | cpu  62385275 812 12882751 2467972788 477708 0 178454 0 0 0
1791041362 2977, 13801, 61, 0x0000000000000000 | 5.81 7.22 9.69 | cpu  62386119 812 12882810 2467997312 477708 0 178454 0 0 0
1791041363 2992, 13801, 61, 0x0000000000000000 | 5.81 7.22 9.69 | cpu  62386921 812 12882855 2468020561 477709 0 178454 0 0 0
1791041365 2962, 13801, 62, 0x0000000000000000 | 5.81 7.22 9.69 | cpu  62387282 812 12882882 2468044716 477709 0 178455 0 0 0
1791041366 2992, 13801, 60, 0x0000000000000000 | 5.81 7.22 9.69 | cpu  62388093 812 12882914 2468069805 477709 0 178455 0 0 0
1791041367 3000, 13801, 60, 0x0000000000000000 | 5.67 7.17 9.66 | cpu  62388730 812 12882967 2468094493 477710 0 178455 0 0 0
1791041368 2970, 13801, 60, 0x0000000000000000 | 5.67 7.17 9.66 | cpu  62389466 812 12883016 2468119148 477713 0 178456 0 0 0
1791041369 2992, 13801, 60, 0x0000000000000000 | 5.67 7.17 9.66 | cpu  62391794 812 12883074 2468141466 477714 0 178457 0 0 0
1791041370 2992, 13801, 60, 0x0000000000000000 | 5.67 7.17 9.66 | cpu  62394437 812 12883102 2468163063 477714 0 178457 0 0 0
1791041371 3000, 13801, 59, 0x0000000000000000 | 5.67 7.17 9.66 | cpu  62396262 812 12883465 2468186140 477714 0 178458 0 0 0
1791041372 3000, 13801, 59, 0x0000000000000000 | 5.45 7.10 9.62 | cpu  62396569 812 12884276 2468210126 477716 0 178459 0 0 0
1791041374 2992, 13801, 61, 0x0000000000000000 | 5.45 7.10 9.62 | cpu  62396820 812 12884888 2468234363 477716 0 178459 0 0 0
1791041375 2985, 13801, 61, 0x0000000000000000 | 5.45 7.10 9.62 | cpu  62397072 812 12885460 2468258484 477716 0 178459 0 0 0
1791041376 2977, 13801, 61, 0x0000000000000000 | 5.45 7.10 9.62 | cpu  62398465 812 12885941 2468280749 477716 0 178463 0 0 0
1791041377 2992, 13801, 60, 0x0000000000000000 | 5.26 7.03 9.59 | cpu  62399877 812 12885966 2468304047 477716 0 178464 0 0 0
1791041378 3000, 13801, 59, 0x0000000000000000 | 5.26 7.03 9.59 | cpu  62401374 812 12886008 2468327114 477721 0 178465 0 0 0
1791041379 2992, 13801, 60, 0x0000000000000000 | 5.26 7.03 9.59 | cpu  62403126 812 12886064 2468350646 477722 0 178466 0 0 0
1791041380 2985, 13801, 61, 0x0000000000000000 | 5.26 7.03 9.59 | cpu  62404130 812 12886125 2468375316 477722 0 178466 0 0 0
1791041381 2977, 13801, 61, 0x0000000000000000 | 5.26 7.03 9.59 | cpu  62406585 813 12886182 2468397288 477722 0 178466 0 0 0
1791041382 2985, 13801, 61, 0x0000000000000000 | 5.16 6.98 9.56 | cpu  62407322 813 12886237 2468421477 477723 0 178468 0 0 0
1791041384 2977, 13801, 62, 0x0000000000000000 | 5.16 6.98 9.56 | cpu  62408039 813 12886290 2468445348 477724 0 178468 0 0 0
1791041385 2985, 13801, 61, 0x0000000000000000 | 5.16 6.98 9.56 | cpu  62408762 813 12886344 2468469118 477724 0 178468 0 0 0
1791041386 2992, 13801, 61, 0x0000000000000000 | 5.16 6.98 9.56 | cpu  62409581 813 12886390 2468492922 477725 0 178469 0 0 0
1791041387 2992, 13801, 60, 0x0000000000000000 | 4.98 6.91 9.52 | cpu  62409989 813 12886440 2468517439 477727 0 178470 0 0 0
1791041388 2985, 13801, 61, 0x0000000000000000 | 4.98 6.91 9.52 | cpu  62410306 813 12886464 2468542705 477727 0 178470 0 0 0
1791041389 3000, 13801, 60, 0x0000000000000000 | 4.98 6.91 9.52 | cpu  62410536 813 12886494 2468567455 477727 0 178470 0 0 0
1791041390 2992, 13801, 61, 0x0000000000000000 | 4.98 6.91 9.52 | cpu  62412631 813 12886530 2468589367 477729 0 178471 0 0 0
1791041391 2992, 13801, 61, 0x0000000000000000 | 4.98 6.91 9.52 | cpu  62416036 813 12886700 2468611801 477730 0 178471 0 0 0
1791041392 2985, 13801, 60, 0x0000000000000000 | 5.47 6.98 9.53 | cpu  62416609 813 12887367 2468636240 477730 0 178472 0 0 0
1791041394 3007, 13801, 55, 0x0000000000000000 | 5.47 6.98 9.53 | cpu  62417221 813 12888004 2468660216 477731 0 178472 0 0 0
1791041395 2992, 13801, 60, 0x0000000000000000 | 5.47 6.98 9.53 | cpu  62417866 813 12888648 2468684537 477731 0 178472 0 0 0
1791041396 2985, 13801, 61, 0x0000000000000000 | 5.47 6.98 9.53 | cpu  62419174 813 12888959 2468707958 477733 0 178473 0 0 0
1791041397 2985, 13801, 60, 0x0000000000000000 | 5.35 6.93 9.50 | cpu  62420468 813 12889050 2468731235 477734 0 178473 0 0 0
1791041398 2992, 13801, 60, 0x0000000000000000 | 5.35 6.93 9.50 | cpu  62422190 813 12889181 2468753953 477734 0 178476 0 0 0
1791041399 2977, 13801, 61, 0x0000000000000000 | 5.35 6.93 9.50 | cpu  62423571 813 12889240 2468777536 477734 0 178476 0 0 0
1791041400 2970, 13801, 61, 0x0000000000000000 | 5.35 6.93 9.50 | cpu  62424182 813 12889297 2468801907 477734 0 178478 0 0 0
1791041401 2970, 13801, 61, 0x0000000000000000 | 5.40 6.91 9.48 | cpu  62425130 813 12889359 2468827608 477734 0 178480 0 0 0
1791041403 2977, 13801, 62, 0x0000000000000000 | 5.40 6.91 9.48 | cpu  62425868 813 12889461 2468852053 477734 0 178483 0 0 0
1791041404 2992, 13801, 61, 0x0000000000000000 | 5.40 6.91 9.48 | cpu  62426700 813 12889544 2468876665 477734 0 178486 0 0 0
1791041405 2985, 13801, 61, 0x0000000000000000 | 5.40 6.91 9.48 | cpu  62427770 813 12889692 2468901364 477734 0 178487 0 0 0
1791041406 2992, 13801, 61, 0x0000000000000000 | 5.40 6.91 9.48 | cpu  62428453 813 12889769 2468925592 477734 0 178488 0 0 0
1791041407 2977, 13801, 62, 0x0000000000000000 | 5.37 6.88 9.45 | cpu  62429297 813 12889830 2468949766 477734 0 178489 0 0 0
1791041408 2977, 13801, 61, 0x0000000000000000 | 5.37 6.88 9.45 | cpu  62430369 813 12889878 2468974518 477735 0 178492 0 0 0
1791041409 3000, 13801, 60, 0x0000000000000000 | 5.37 6.88 9.45 | cpu  62431204 813 12889926 2468999070 477735 0 178497 0 0 0
1791041411 2985, 13801, 61, 0x0000000000000000 | 5.37 6.88 9.45 | cpu  62431981 813 12889982 2469024172 477735 0 178497 0 0 0
1791041412 2985, 13801, 60, 0x0000000000000000 | 5.26 6.83 9.42 | cpu  62435752 813 12890034 2469044890 477735 0 178497 0 0 0
1791041413 2977, 13801, 62, 0x0000000000000000 | 5.26 6.83 9.42 | cpu  62437670 813 12890072 2469067795 477735 0 178498 0 0 0
1791041414 2977, 13801, 61, 0x0000000000000000 | 5.26 6.83 9.42 | cpu  62438573 813 12890100 2469091404 477735 0 178499 0 0 0
1791041415 2970, 13801, 63, 0x0000000000000000 | 5.26 6.83 9.42 | cpu  62439174 813 12890124 2469115275 477736 0 178499 0 0 0
1791041416 2992, 13801, 61, 0x0000000000000000 | 5.26 6.83 9.42 | cpu  62440770 813 12890144 2469137850 477736 0 178499 0 0 0
1791041417 2992, 13801, 61, 0x0000000000000000 | 5.08 6.77 9.39 | cpu  62441065 813 12890172 2469162690 477736 0 178499 0 0 0
1791041418 2985, 13801, 62, 0x0000000000000000 | 5.08 6.77 9.39 | cpu  62442130 813 12890240 2469187189 477736 0 178500 0 0 0
1791041419 2992, 13801, 61, 0x0000000000000000 | 5.08 6.77 9.39 | cpu  62442964 813 12890296 2469210774 477738 0 178500 0 0 0
1791041421 3007, 13801, 55, 0x0000000000000000 | 5.08 6.77 9.39 | cpu  62443852 813 12890486 2469234847 477738 0 178500 0 0 0
1791041422 2647, 13801, 53, 0x0000000000000000 | 4.99 6.72 9.36 | cpu  62444243 813 12890599 2469259319 477739 0 178500 0 0 0
1791041423 2647, 13801, 53, 0x0000000000000000 | 4.99 6.72 9.36 | cpu  62444528 813 12890684 2469284305 477741 0 178500 0 0 0
1791041424 2647, 13801, 52, 0x0000000000000000 | 4.99 6.72 9.36 | cpu  62444710 813 12890755 2469309335 477741 0 178500 0 0 0
1791041425 2647, 13801, 52, 0x0000000000000000 | 4.99 6.72 9.36 | cpu  62444881 813 12890885 2469333887 477744 0 178501 0 0 0
1791041426 2647, 13801, 52, 0x0000000000000000 | 4.99 6.72 9.36 | cpu  62445520 813 12890958 2469358144 477744 0 178502 0 0 0
1791041427 2647, 13801, 51, 0x0000000000000000 | 4.91 6.68 9.33 | cpu  62449024 813 12891088 2469379424 477745 0 178502 0 0 0
1791041428 2647, 13801, 51, 0x0000000000000000 | 4.91 6.68 9.33 | cpu  62451418 813 12891187 2469400863 477745 0 178503 0 0 0
1791041430 2647, 13801, 51, 0x0000000000000000 | 4.91 6.68 9.33 | cpu  62453172 813 12891298 2469424276 477745 0 178504 0 0 0
1791041431 2647, 13801, 51, 0x0000000000000000 | 4.91 6.68 9.33 | cpu  62454104 813 12891399 2469449079 477746 0 178504 0 0 0
1791041432 2647, 13801, 50, 0x0000000000000000 | 4.84 6.63 9.30 | cpu  62456585 813 12891510 2469471320 477746 0 178504 0 0 0
1791041433 2647, 13801, 50, 0x0000000000000000 | 4.84 6.63 9.30 | cpu  62457351 813 12891624 2469495383 477746 0 178504 0 0 0
1791041434 2647, 13801, 50, 0x0000000000000000 | 4.84 6.63 9.30 | cpu  62458286 813 12891721 2469519180 477746 0 178507 0 0 0
1791041435 2647, 13801, 50, 0x0000000000000000 | 4.84 6.63 9.30 | cpu  62459360 813 12891826 2469542918 477746 0 178508 0 0 0
1791041436 2647, 13801, 50, 0x0000000000000000 | 4.84 6.63 9.30 | cpu  62460192 813 12891945 2469567032 477747 0 178508 0 0 0
1791041437 2647, 13801, 49, 0x0000000000000000 | 4.77 6.59 9.27 | cpu  62460854 813 12892046 2469592099 477747 0 178509 0 0 0
1791041438 2647, 13801, 49, 0x0000000000000000 | 4.77 6.59 9.27 | cpu  62461933 813 12892149 2469616164 477747 0 178510 0 0 0
1791041440 2647, 13801, 49, 0x0000000000000000 | 4.77 6.59 9.27 | cpu  62462751 814 12892258 2469640620 477752 0 178511 0 0 0
1791041441 2647, 13801, 49, 0x0000000000000000 | 4.77 6.59 9.27 | cpu  62463409 814 12892372 2469664751 477752 0 178511 0 0 0
1791041442 2647, 13801, 49, 0x0000000000000000 | 4.63 6.53 9.24 | cpu  62464052 814 12892483 2469689962 477754 0 178512 0 0 0
1791041443 2647, 13801, 48, 0x0000000000000000 | 4.63 6.53 9.24 | cpu  62465286 814 12892629 2469714738 477754 0 178515 0 0 0
1791041444 2647, 13801, 48, 0x0000000000000000 | 4.63 6.53 9.24 | cpu  62469534 814 12892742 2469735528 477755 0 178515 0 0 0
1791041445 2647, 13801, 48, 0x0000000000000000 | 4.63 6.53 9.24 | cpu  62470905 814 12892843 2469759598 477755 0 178516 0 0 0
1791041446 2647, 13801, 48, 0x0000000000000000 | 4.63 6.53 9.24 | cpu  62472198 814 12892936 2469782996 477757 0 178516 0 0 0
1791041448 2647, 13801, 48, 0x0000000000000000 | 4.98 6.57 9.24 | cpu  62474024 814 12893122 2469806308 477757 0 178518 0 0 0
1791041449 2647, 13801, 48, 0x0000000000000000 | 4.98 6.57 9.24 | cpu  62475492 814 12893280 2469829432 477757 0 178519 0 0 0
1791041450 2647, 13801, 48, 0x0000000000000000 | 4.98 6.57 9.24 | cpu  62476128 814 12893474 2469853443 477757 0 178521 0 0 0
1791041451 2647, 13801, 47, 0x0000000000000000 | 4.98 6.57 9.24 | cpu  62476694 814 12893550 2469877812 477761 0 178526 0 0 0
1791041452 2647, 13801, 47, 0x0000000000000000 | 4.90 6.53 9.21 | cpu  62477247 814 12893699 2469902446 477789 0 178527 0 0 0
1791041453 2647, 13801, 47, 0x0000000000000000 | 4.90 6.53 9.21 | cpu  62477893 814 12894016 2469926731 477798 0 178528 0 0 0
