1791105779 720, 2619, 53, 0x0000000000000001 | 5.87 6.26 5.46 | cpu  2147985454 50793155 274643757 15033397864 1677729 0 10740865 0 0 0
1791105780 420, 2619, 52, 0x0000000000000001 | 5.87 6.26 5.46 | cpu  2147986405 50793155 274644036 15033421342 1677729 0 10740878 0 0 0
1791105781 345, 2619, 51, 0x0000000000000001 | 5.87 6.26 5.46 | cpu  2147986709 50793155 274644242 15033447712 1677729 0 10740880 0 0 0
1791105782 345, 2619, 50, 0x0000000000000001 | 5.87 6.26 5.46 | cpu  2147987582 50793155 274644405 15033472836 1677729 0 10740882 0 0 0
1791105784 345, 2619, 50, 0x0000000000000001 | 5.80 6.24 5.46 | cpu  2147987848 50793155 274644593 15033497660 1677729 0 10740888 0 0 0
1791105785 345, 2619, 49, 0x0000000000000001 | 5.80 6.24 5.46 | cpu  2147988221 50793155 274645038 15033523591 1677729 0 10740896 0 0 0
1791105786 1785, 2619, 50, 0x0000000000000000 | 5.80 6.24 5.46 | cpu  2147989078 50793155 274645456 15033548902 1677729 0 10740913 0 0 0
1791105787 1785, 2619, 51, 0x0000000000000000 | 5.80 6.24 5.46 | cpu  2147989763 50793155 274645938 15033573389 1677730 0 10740933 0 0 0
1791105788 1785, 2619, 52, 0x0000000000000000 | 5.80 6.24 5.46 | cpu  2147990653 50793155 274647235 15033599224 1677731 0 10740952 0 0 0
1791105790 1785, 2619, 52, 0x0000000000000000 | 5.82 6.24 5.46 | cpu  2147991280 50793155 274647547 15033624325 1677731 0 10740963 0 0 0
1791105791 1785, 2619, 52, 0x0000000000000000 | 5.82 6.24 5.46 | cpu  2147992005 50793155 274647784 15033648233 1677732 0 10740976 0 0 0
1791105792 1785, 2619, 52, 0x0000000000000000 | 5.82 6.24 5.46 | cpu  2147992833 50793186 274648056 15033673548 1677734 0 10740985 0 0 0
1791105793 1785, 2619, 52, 0x0000000000000000 | 5.82 6.24 5.46 | cpu  2147993819 50793203 274648293 15033699104 1677741 0 10741009 0 0 0
1791105794 1785, 2619, 52, 0x0000000000000000 | 5.75 6.22 5.46 | cpu  2147994583 50793203 274648433 15033723795 1677741 0 10741029 0 0 0
1791105795 1785, 2619, 52, 0x0000000000000000 | 5.75 6.22 5.46 | cpu  2147995325 50793203 274648626 15033748026 1677760 0 10741039 0 0 0
1791105797 1785, 2619, 52, 0x0000000000000000 | 5.75 6.22 5.46 | cpu  2147996106 50793203 274648820 15033772629 1677769 0 10741045 0 0 0
1791105798 1785, 2619, 52, 0x0000000000000000 | 5.75 6.22 5.46 | cpu  2147997352 50793203 274649112 15033796142 1677770 0 10741068 0 0 0
1791105799 1785, 2619, 52, 0x0000000000000000 | 5.77 6.21 5.46 | cpu  2147998070 50793203 274649394 15033818778 1677781 0 10741092 0 0 0
1791105800 1785, 2619, 52, 0x0000000000000000 | 5.77 6.21 5.46 | cpu  2147999460 50793204 274649717 15033842760 1677786 0 10741122 0 0 0
1791105801 1785, 2619, 52, 0x0000000000000000 | 5.77 6.21 5.46 | cpu  2148000244 50793204 274650054 15033867175 1677816 0 10741137 0 0 0
1791105802 1785, 2619, 52, 0x0000000000000000 | 5.77 6.21 5.46 | cpu  2148001017 50793204 274650370 15033891532 1677826 0 10741153 0 0 0
1791105803 1785, 2619, 52, 0x0000000000000000 | 5.77 6.21 5.46 | cpu  2148001777 50793204 274650694 15033918374 1677831 0 10741164 0 0 0
1791105805 1785, 2619, 51, 0x0000000000000000 | 5.87 6.22 5.47 | cpu  2148002475 50793204 274650964 15033942831 1677831 0 10741183 0 0 0
1791105806 1785, 2619, 51, 0x0000000000000000 | 5.87 6.22 5.47 | cpu  2148002905 50793204 274651248 15033968569 1677831 0 10741202 0 0 0
1791105807 1785, 2619, 51, 0x0000000000000000 | 5.87 6.22 5.47 | cpu  2148003228 50793204 274651517 15033994090 1677831 0 10741213 0 0 0
1791105808 1785, 2619, 51, 0x0000000000000000 | 5.87 6.22 5.47 | cpu  2148003675 50793204 274651885 15034019352 1677831 0 10741225 0 0 0
1791105809 1785, 2619, 51, 0x0000000000000000 | 5.88 6.22 5.47 | cpu  2148004112 50793204 274652211 15034044309 1677831 0 10741244 0 0 0
1791105810 1785, 2619, 51, 0x0000000000000000 | 5.88 6.22 5.47 | cpu  2148004615 50793205 274652523 15034069409 1677831 0 10741270 0 0 0
1791105812 1785, 2619, 51, 0x0000000000000000 | 5.88 6.22 5.47 | cpu  2148005076 50793205 274652838 15034094039 1677831 0 10741291 0 0 0
1791105813 1785, 2619, 50, 0x0000000000000000 | 5.88 6.22 5.47 | cpu  2148005444 50793205 274653037 15034119585 1677831 0 10741306 0 0 0
1791105814 1785, 2619, 50, 0x0000000000000000 | 5.81 6.20 5.47 | cpu  2148005772 50793205 274653208 15034145083 1677831 0 10741312 0 0 0
1791105815 1785, 2619, 50, 0x0000000000000000 | 5.81 6.20 5.47 | cpu  2148006140 50793205 274653377 15034170456 1677832 0 10741337 0 0 0
1791105816 1785, 2619, 50, 0x0000000000000000 | 5.81 6.20 5.47 | cpu  2148006664 50793205 274653538 15034196383 1677832 0 10741361 0 0 0
1791105817 1785, 2619, 50, 0x0000000000000000 | 5.81 6.20 5.47 | cpu  2148007056 50793205 274653647 15034221094 1677832 0 10741370 0 0 0
1791105818 1785, 2619, 50, 0x0000000000000000 | 5.81 6.20 5.47 | cpu  2148007420 50793205 274653762 15034245567 1677832 0 10741372 0 0 0
1791105820 1785, 2619, 50, 0x0000000000000000 | 5.75 6.18 5.47 | cpu  2148007802 50793205 274653902 15034270212 1677832 0 10741379 0 0 0
1791105821 1785, 2619, 50, 0x0000000000000000 | 5.75 6.18 5.47 | cpu  2148008160 50793205 274654096 15034294797 1677832 0 10741396 0 0 0
1791105822 1785, 2619, 49, 0x0000000000000000 | 5.75 6.18 5.47 | cpu  2148008489 50793205 274654284 15034319034 1677832 0 10741399 0 0 0
1791105823 1785, 2619, 49, 0x0000000000000000 | 5.75 6.18 5.47 | cpu  2148008826 50793205 274654492 15034344199 1677832 0 10741421 0 0 0
1791105824 1785, 2619, 49, 0x0000000000000000 | 5.69 6.16 5.47 | cpu  2148009138 50793205 274654706 15034370833 1677832 0 10741442 0 0 0
1791105825 1785, 2619, 49, 0x0000000000000000 | 5.69 6.16 5.47 | cpu  2148009476 50793205 274654906 15034395716 1677832 0 10741456 0 0 0
1791105826 1785, 2619, 49, 0x0000000000000000 | 5.69 6.16 5.47 | cpu  2148009807 50793205 274655108 15034421333 1677832 0 10741466 0 0 0
1791105828 1785, 2619, 49, 0x0000000000000000 | 5.69 6.16 5.47 | cpu  2148010193 50793205 274655408 15034446913 1677832 0 10741492 0 0 0
1791105829 1785, 2619, 49, 0x0000000000000000 | 5.63 6.14 5.46 | cpu  2148010512 50793205 274655636 15034471720 1677832 0 10741513 0 0 0
1791105830 1785, 2619, 49, 0x0000000000000000 | 5.63 6.14 5.46 | cpu  2148010894 50793205 274655843 15034497323 1677832 0 10741517 0 0 0
1791105831 1785, 2619, 49, 0x0000000000000000 | 5.63 6.14 5.46 | cpu  2148011259 50793206 274656038 15034522897 1677832 0 10741527 0 0 0
1791105832 1785, 2619, 49, 0x0000000000000000 | 5.63 6.14 5.46 | cpu  2148011593 50793206 274656260 15034548088 1677832 0 10741536 0 0 0
1791105833 1785, 2619, 48, 0x0000000000000000 | 5.63 6.14 5.46 | cpu  2148011851 50793206 274656527 15034573534 1677832 0 10741542 0 0 0
1791105835 1785, 2619, 48, 0x0000000000000000 | 5.58 6.12 5.46 | cpu  2148012122 50793206 274656780 15034598381 1677832 0 10741553 0 0 0
1791105836 1785, 2619, 48, 0x0000000000000000 | 5.58 6.12 5.46 | cpu  2148012377 50793206 274657032 15034623051 1677832 0 10741565 0 0 0
1791105837 1785, 2619, 48, 0x0000000000000000 | 5.58 6.12 5.46 | cpu  2148012648 50793206 274657294 15034647819 1677832 0 10741568 0 0 0
1791105838 1785, 2619, 48, 0x0000000000000000 | 5.58 6.12 5.46 | cpu  2148012952 50793206 274657619 15034672889 1677832 0 10741575 0 0 0
1791105839 1785, 2619, 48, 0x0000000000000000 | 5.61 6.12 5.46 | cpu  2148013232 50793206 274657916 15034697714 1677832 0 10741580 0 0 0
1791105840 1785, 2619, 48, 0x0000000000000000 | 5.61 6.12 5.46 | cpu  2148013571 50793206 274658262 15034723189 1677832 0 10741593 0 0 0
1791105841 1785, 2619, 48, 0x0000000000000000 | 5.61 6.12 5.46 | cpu  2148013908 50793206 274658516 15034747888 1677833 0 10741605 0 0 0
1791105843 1785, 2619, 48, 0x0000000000000000 | 5.61 6.12 5.46 | cpu  2148014175 50793207 274658683 15034772710 1677833 0 10741607 0 0 0
1791105844 1785, 2619, 48, 0x0000000000000000 | 5.40 6.07 5.45 | cpu  2148014416 50793207 274658834 15034797450 1677834 0 10741619 0 0 0
1791105845 1785, 2619, 48, 0x0000000000000000 | 5.40 6.07 5.45 | cpu  2148014688 50793207 274659000 15034822359 1677835 0 10741623 0 0 0
1791105846 1785, 2619, 48, 0x0000000000000000 | 5.40 6.07 5.45 | cpu  2148014984 50793207 274659221 15034847098 1677835 0 10741628 0 0 0
1791105847 1785, 2619, 47, 0x0000000000000000 | 5.40 6.07 5.45 | cpu  2148015374 50793207 274659537 15034872461 1677836 0 10741657 0 0 0
1791105848 1785, 2619, 47, 0x0000000000000000 | 5.40 6.07 5.45 | cpu  2148015712 50793207 274659943 15034897100 1677836 0 10741681 0 0 0
1791105850 1785, 2619, 47, 0x0000000000000000 | 5.53 6.08 5.46 | cpu  2148016034 50793207 274660336 15034922468 1677836 0 10741694 0 0 0
1791105851 1785, 2619, 47, 0x0000000000000000 | 5.53 6.08 5.46 | cpu  2148016379 50793207 274660688 15034946941 1677836 0 10741701 0 0 0
1791105852 1785, 2619, 47, 0x0000000000000000 | 5.53 6.08 5.46 | cpu  2148016701 50793207 274661026 15034972068 1677837 0 10741705 0 0 0
1791105853 1785, 2619, 47, 0x0000000000000000 | 5.53 6.08 5.46 | cpu  2148017005 50793207 274661292 15034998140 1677837 0 10741710 0 0 0
1791105854 1785, 2619, 47, 0x0000000000000000 | 5.33 6.03 5.44 | cpu  2148017244 50793208 274661465 15035024095 1677837 0 10741720 0 0 0
1791105855 1785, 2619, 47, 0x0000000000000000 | 5.33 6.03 5.44 | cpu  2148017518 50793208 274661834 15035050879 1677837 0 10741748 0 0 0
1791105857 1785, 2619, 47, 0x0000000000000000 | 5.33 6.03 5.44 | cpu  2148017786 50793208 274662012 15035076140 1677837 0 10741766 0 0 0
1791105858 1785, 2619, 47, 0x0000000000000000 | 5.33 6.03 5.44 | cpu  2148018121 50793208 274662210 15035100991 1677837 0 10741790 0 0 0
1791105859 1785, 2619, 47, 0x0000000000000000 | 5.38 6.03 5.45 | cpu  2148018371 50793208 274662585 15035126094 1677839 0 10741810 0 0 0
1791105860 1785, 2619, 47, 0x0000000000000000 | 5.38 6.03 5.45 | cpu  2148018690 50793208 274663058 15035152717 1677864 0 10741841 0 0 0
1791105861 1785, 2619, 47, 0x0000000000000000 | 5.38 6.03 5.45 | cpu  2148018967 50793208 274663522 15035177976 1677884 0 10741865 0 0 0
1791105862 1785, 2619, 47, 0x0000000000000000 | 5.38 6.03 5.45 | cpu  2148019268 50793208 274664002 15035202879 1677885 0 10741898 0 0 0
1791105864 1785, 2619, 46, 0x0000000000000000 | 5.35 6.01 5.45 | cpu  2148019549 50793208 274664326 15035229191 1677885 0 10741924 0 0 0
1791105865 1785, 2619, 46, 0x0000000000000000 | 5.35 6.01 5.45 | cpu  2148019882 50793208 274664604 15035254440 1677885 0 10741948 0 0 0
1791105866 1785, 2619, 46, 0x0000000000000000 | 5.35 6.01 5.45 | cpu  2148020685 50793208 274664762 15035279908 1677885 0 10741966 0 0 0
1791105867 1785, 2619, 46, 0x0000000000000000 | 5.35 6.01 5.45 | cpu  2148021471 50793208 274664931 15035304812 1677885 0 10741982 0 0 0
1791105868 1785, 2619, 46, 0x0000000000000000 | 5.35 6.01 5.45 | cpu  2148021694 50793208 274665128 15035330641 1677885 0 10742000 0 0 0
1791105869 1785, 2619, 46, 0x0000000000000000 | 5.16 5.96 5.43 | cpu  2148021916 50793208 274665348 15035355462 1677885 0 10742012 0 0 0
1791105871 1785, 2619, 46, 0x0000000000000000 | 5.16 5.96 5.43 | cpu  2148022250 50793208 274665685 15035381029 1677888 0 10742044 0 0 0
1791105872 1785, 2619, 46, 0x0000000000000000 | 5.16 5.96 5.43 | cpu  2148023178 50793208 274666023 15035406117 1677888 0 10742070 0 0 0
1791105873 1785, 2619, 46, 0x0000000000000000 | 5.16 5.96 5.43 | cpu  2148023504 50793208 274666365 15035434278 1677888 0 10742110 0 0 0
1791105874 1785, 2619, 46, 0x0000000000000000 | 5.23 5.96 5.44 | cpu  2148023816 50793208 274666621 15035460040 1677888 0 10742130 0 0 0
1791105875 1785, 2619, 46, 0x0000000000000000 | 5.23 5.96 5.44 | cpu  2148024159 50793208 274666878 15035485891 1677888 0 10742148 0 0 0
1791105877 1785, 2619, 46, 0x0000000000000000 | 5.23 5.96 5.44 | cpu  2148024495 50793208 274667079 15035510477 1677889 0 10742184 0 0 0
1791105878 1785, 2619, 46, 0x0000000000000000 | 5.23 5.96 5.44 | cpu  2148024875 50793208 274667151 15035536156 1677889 0 10742211 0 0 0
1791105879 1785, 2619, 46, 0x0000000000000000 | 5.13 5.93 5.43 | cpu  2148025242 50793208 274667292 15035561514 1677889 0 10742232 0 0 0
1791105880 1785, 2619, 46, 0x0000000000000000 | 5.13 5.93 5.43 | cpu  2148025633 50793208 274667455 15035586743 1677889 0 10742258 0 0 0
1791105881 1785, 2619, 46, 0x0000000000000000 | 5.13 5.93 5.43 | cpu  2148026041 50793208 274667608 15035611872 1677889 0 10742282 0 0 0
1791105882 1785, 2619, 46, 0x0000000000000000 | 5.13 5.93 5.43 | cpu  2148026467 50793208 274667846 15035637318 1677892 0 10742310 0 0 0
1791105884 1785, 2619, 46, 0x0000000000000000 | 5.13 5.93 5.43 | cpu  2148026806 50793208 274668089 15035662836 1677893 0 10742332 0 0 0
1791105885 1785, 2619, 47, 0x0000000000000000 | 5.12 5.91 5.43 | cpu  2148027166 50793208 274668290 15035688180 1677893 0 10742363 0 0 0
1791105886 1785, 2619, 47, 0x0000000000000000 | 5.12 5.91 5.43 | cpu  2148027522 50793208 274668512 15035714266 1677893 0 10742388 0 0 0
1791105887 1785, 2619, 47, 0x0000000000000000 | 5.12 5.91 5.43 | cpu  2148027919 50793208 274668738 15035740019 1677893 0 10742416 0 0 0
1791105888 1785, 2619, 47, 0x0000000000000000 | 5.12 5.91 5.43 | cpu  2148028262 50793208 274668952 15035765447 1677893 0 10742432 0 0 0
1791105889 1785, 2619, 47, 0x0000000000000000 | 5.03 5.88 5.42 | cpu  2148028634 50793208 274669168 15035791826 1677893 0 10742452 0 0 0
1791105891 1785, 2619, 47, 0x0000000000000000 | 5.03 5.88 5.42 | cpu  2148029010 50793209 274669353 15035818010 1677893 0 10742474 0 0 0
1791105892 1785, 2619, 47, 0x0000000000000000 | 5.03 5.88 5.42 | cpu  2148029352 50793209 274669581 15035843855 1677893 0 10742490 0 0 0
1791105893 1785, 2619, 46, 0x0000000000000000 | 5.03 5.88 5.42 | cpu  2148029642 50793209 274669822 15035871649 1677893 0 10742503 0 0 0
1791105894 1785, 2619, 46, 0x0000000000000000 | 4.95 5.85 5.41 | cpu  2148029938 50793209 274670101 15035897320 1677898 0 10742524 0 0 0
1791105895 1785, 2619, 46, 0x0000000000000000 | 4.95 5.85 5.41 | cpu  2148030231 50793209 274670388 15035923440 1677899 0 10742553 0 0 0
1791105897 1785, 2619, 46, 0x0000000000000000 | 4.95 5.85 5.41 | cpu  2148030551 50793209 274670643 15035947957 1677899 0 10742582 0 0 0
1791105898 1785, 2619, 46, 0x0000000000000000 | 4.95 5.85 5.41 | cpu  2148030926 50793209 274670850 15035973118 1677899 0 10742612 0 0 0
1791105899 1785, 2619, 46, 0x0000000000000000 | 4.95 5.84 5.41 | cpu  2148031316 50793209 274671088 15035998326 1677899 0 10742642 0 0 0
1791105900 1785, 2619, 46, 0x0000000000000000 | 4.95 5.84 5.41 | cpu  2148032644 50793209 274671356 15036022071 1677899 0 10742668 0 0 0
1791105901 1785, 2619, 47, 0x0000000000000000 | 4.95 5.84 5.41 | cpu  2148035651 50793209 274671539 15036043998 1677899 0 10742693 0 0 0
1791105902 1785, 2619, 47, 0x0000000000000000 | 4.95 5.84 5.41 | cpu  2148038567 50793209 274671762 15036066147 1677900 0 10742708 0 0 0
1791105903 1785, 2619, 47, 0x0000000000000000 | 4.95 5.84 5.41 | cpu  2148041336 50793209 274671878 15036088207 1677900 0 10742731 0 0 0
1791105905 1785, 2619, 47, 0x0000000000000000 | 4.88 5.81 5.40 | cpu  2148044140 50793209 274671959 15036110378 1677900 0 10742748 0 0 0
1791105906 1785, 2619, 47, 0x0000000000000000 | 4.88 5.81 5.40 | cpu  2148046752 50793209 274672126 15036132550 1677900 0 10742763 0 0 0
1791105907 1785, 2619, 47, 0x0000000000000000 | 4.88 5.81 5.40 | cpu  2148047158 50793209 274672309 15036158105 1677906 0 10742785 0 0 0
1791105908 1785, 2619, 46, 0x0000000000000000 | 4.88 5.81 5.40 | cpu  2148047509 50793209 274672475 15036182267 1677906 0 10742807 0 0 0
1791105909 1785, 2619, 46, 0x0000000000000000 | 4.89 5.79 5.40 | cpu  2148047936 50793209 274672728 15036206882 1677906 0 10742838 0 0 0
1791105910 1785, 2619, 46, 0x0000000000000000 | 4.89 5.79 5.40 | cpu  2148048372 50793209 274673001 15036232643 1677907 0 10742870 0 0 0
1791105911 1785, 2619, 46, 0x0000000000000000 | 4.89 5.79 5.40 | cpu  2148048806 50793209 274673262 15036258421 1677907 0 10742894 0 0 0
1791105913 1785, 2619, 47, 0x0000000000000000 | 4.89 5.79 5.40 | cpu  2148049184 50793209 274673487 15036283040 1677907 0 10742918 0 0 0
1791105914 1785, 2619, 47, 0x0000000000000000 | 4.98 5.80 5.40 | cpu  2148049476 50793209 274673642 15036308066 1677907 0 10742935 0 0 0
1791105915 1785, 2619, 47, 0x0000000000000000 | 4.98 5.80 5.40 | cpu  2148049777 50793209 274673775 15036332588 1677907 0 10742950 0 0 0
1791105916 1785, 2619, 47, 0x0000000000000000 | 4.98 5.80 5.40 | cpu  2148050114 50793209 274673933 15036358710 1677907 0 10742972 0 0 0
1791105917 1785, 2619, 47, 0x0000000000000000 | 4.98 5.80 5.40 | cpu  2148050462 50793209 274674086 15036382995 1677907 0 10742994 0 0 0
1791105918 1785, 2619, 47, 0x0000000000000000 | 4.98 5.80 5.40 | cpu  2148050790 50793209 274674340 15036408422 1677908 0 10743011 0 0 0
1791105920 1785, 2619, 47, 0x0000000000000000 | 4.98 5.78 5.40 | cpu  2148051156 50793209 274674659 15036433485 1677909 0 10743037 0 0 0
1791105921 1785, 2619, 47, 0x0000000000000000 | 4.98 5.78 5.40 | cpu  2148051538 50793210 274674978 15036458840 1677910 0 10743052 0 0 0
1791105922 1785, 2619, 46, 0x0000000000000000 | 4.98 5.78 5.40 | cpu  2148051916 50793210 274675290 15036484584 1677911 0 10743075 0 0 0
1791105923 1785, 2619, 47, 0x0000000000000000 | 4.98 5.78 5.40 | cpu  2148052272 50793210 274675601 15036510541 1677911 0 10743099 0 0 0
1791105924 1785, 2619, 46, 0x0000000000000000 | 5.22 5.82 5.41 | cpu  2148052633 50793210 274675846 15036536002 1677911 0 10743131 0 0 0
1791105925 1785, 2619, 47, 0x0000000000000000 | 5.22 5.82 5.41 | cpu  2148052946 50793210 274675981 15036560891 1677911 0 10743144 0 0 0
1791105927 1785, 2619, 47, 0x0000000000000000 | 5.22 5.82 5.41 | cpu  2148053295 50793210 274676134 15036585982 1677911 0 10743166 0 0 0
1791105928 1785, 2619, 47, 0x0000000000000000 | 5.22 5.82 5.41 | cpu  2148053634 50793210 274676275 15036614393 1677911 0 10743184 0 0 0
1791105929 1785, 2619, 47, 0x0000000000000000 | 5.20 5.81 5.41 | cpu  2148053964 50793210 274676447 15036639462 1677911 0 10743203 0 0 0
1791105930 1785, 2619, 47, 0x0000000000000000 | 5.20 5.81 5.41 | cpu  2148054359 50793210 274676812 15036665259 1677913 0 10743237 0 0 0
1791105931 1785, 2619, 47, 0x0000000000000000 | 5.20 5.81 5.41 | cpu  2148054741 50793210 274677236 15036690640 1677913 0 10743259 0 0 0
1791105933 1785, 2619, 47, 0x0000000000000000 | 5.20 5.81 5.41 | cpu  2148055106 50793210 274677574 15036716115 1677913 0 10743290 0 0 0
1791105934 1785, 2619, 47, 0x0000000000000000 | 5.27 5.81 5.41 | cpu  2148055453 50793210 274677868 15036741795 1677913 0 10743320 0 0 0
1791105935 1785, 2619, 47, 0x0000000000000000 | 5.27 5.81 5.41 | cpu  2148055882 50793210 274678128 15036766976 1677913 0 10743358 0 0 0
1791105936 1785, 2619, 47, 0x0000000000000000 | 5.27 5.81 5.41 | cpu  2148056278 50793210 274678402 15036792997 1677914 0 10743384 0 0 0
1791105937 1785, 2619, 47, 0x0000000000000000 | 5.27 5.81 5.41 | cpu  2148056687 50793210 274678611 15036819170 1677914 0 10743415 0 0 0
1791105938 1785, 2619, 46, 0x0000000000000000 | 5.27 5.81 5.41 | cpu  2148056974 50793210 274678734 15036844241 1677914 0 10743438 0 0 0
1791105940 1785, 2619, 47, 0x0000000000000000 | 5.33 5.81 5.42 | cpu  2148057312 50793210 274678908 15036869858 1677914 0 10743453 0 0 0
1791105941 1785, 2619, 47, 0x0000000000000000 | 5.33 5.81 5.42 | cpu  2148057676 50793210 274679134 15036896534 1677914 0 10743468 0 0 0
1791105942 1785, 2619, 47, 0x0000000000000000 | 5.33 5.81 5.42 | cpu  2148058079 50793210 274679380 15036922211 1677914 0 10743489 0 0 0
1791105943 1785, 2619, 47, 0x0000000000000000 | 5.33 5.81 5.42 | cpu  2148058459 50793210 274679744 15036946962 1677918 0 10743520 0 0 0
1791105944 1785, 2619, 47, 0x0000000000000000 | 5.54 5.85 5.43 | cpu  2148059265 50793210 274680101 15036971634 1677918 0 10743558 0 0 0
1791105945 1785, 2619, 47, 0x0000000000000000 | 5.54 5.85 5.43 | cpu  2148059692 50793210 274680363 15036997388 1677918 0 10743586 0 0 0
1791105947 1785, 2619, 47, 0x0000000000000000 | 5.54 5.85 5.43 | cpu  2148060460 50793210 274680641 15037022414 1677918 0 10743610 0 0 0
1791105948 1785, 2619, 47, 0x0000000000000000 | 5.54 5.85 5.43 | cpu  2148060853 50793210 274680880 15037047713 1677919 0 10743629 0 0 0
1791105949 1785, 2619, 47, 0x0000000000000000 | 5.50 5.84 5.43 | cpu  2148061285 50793210 274681067 15037072676 1677919 0 10743638 0 0 0
1791105950 1785, 2619, 46, 0x0000000000000000 | 5.50 5.84 5.43 | cpu  2148061674 50793210 274681278 15037097759 1677919 0 10743654 0 0 0
1791105951 1785, 2619, 47, 0x0000000000000000 | 5.50 5.84 5.43 | cpu  2148062050 50793210 274681494 15037123204 1677919 0 10743672 0 0 0
1791105952 1785, 2619, 47, 0x0000000000000000 | 5.50 5.84 5.43 | cpu  2148062423 50793210 274681711 15037148799 1677919 0 10743692 0 0 0
1791105954 1785, 2619, 47, 0x0000000000000000 | 5.50 5.84 5.43 | cpu  2148062803 50793210 274681931 15037174142 1677919 0 10743708 0 0 0
1791105955 1785, 2619, 47, 0x0000000000000000 | 5.78 5.89 5.45 | cpu  2148063182 50793211 274682197 15037199738 1677920 0 10743752 0 0 0
1791105956 1785, 2619, 47, 0x0000000000000000 | 5.78 5.89 5.45 | cpu  2148063520 50793211 274682425 15037224762 1677920 0 10743770 0 0 0
1791105957 1785, 2619, 47, 0x0000000000000000 | 5.78 5.89 5.45 | cpu  2148063876 50793211 274682664 15037249910 1677920 0 10743784 0 0 0
1791105958 1785, 2619, 47, 0x0000000000000000 | 5.78 5.89 5.45 | cpu  2148064188 50793211 274682880 15037274636 1677921 0 10743802 0 0 0
1791105959 1785, 2619, 47, 0x0000000000000000 | 5.79 5.89 5.45 | cpu  2148064561 50793211 274683122 15037301007 1677921 0 10743830 0 0 0
1791105961 1785, 2619, 47, 0x0000000000000000 | 5.79 5.89 5.45 | cpu  2148065526 50793211 274683396 15037325320 1677921 0 10743861 0 0 0
1791105962 1785, 2619, 47, 0x0000000000000000 | 5.79 5.89 5.45 | cpu  2148065998 50793211 274683586 15037349204 1677921 0 10743886 0 0 0
1791105963 1785, 2619, 47, 0x0000000000000000 | 5.79 5.89 5.45 | cpu  2148066406 50793211 274683769 15037373549 1677921 0 10743898 0 0 0
1791105964 1785, 2619, 47, 0x0000000000000000 | 5.81 5.89 5.45 | cpu  2148066862 50793211 274683957 15037398574 1677921 0 10743920 0 0 0
1791105965 1785, 2619, 47, 0x0000000000000000 | 5.81 5.89 5.45 | cpu  2148067278 50793211 274684104 15037424490 1677921 0 10743960 0 0 0
1791105966 1785, 2619, 47, 0x0000000000000000 | 5.81 5.89 5.45 | cpu  2148067712 50793212 274684412 15037449178 1677926 0 10744000 0 0 0
1791105967 1785, 2619, 47, 0x0000000000000000 | 5.81 5.89 5.45 | cpu  2148068103 50793212 274684629 15037474845 1677927 0 10744031 0 0 0
1791105969 1785, 2619, 47, 0x0000000000000000 | 6.15 5.96 5.48 | cpu  2148068561 50793212 274684847 15037500747 1677927 0 10744065 0 0 0
1791105970 1785, 2619, 47, 0x0000000000000000 | 6.15 5.96 5.48 | cpu  2148068984 50793212 274685082 15037526738 1677927 0 10744097 0 0 0
1791105971 1785, 2619, 48, 0x0000000000000000 | 6.15 5.96 5.48 | cpu  2148069414 50793212 274685341 15037551884 1677927 0 10744117 0 0 0
1791105972 1785, 2619, 48, 0x0000000000000000 | 6.15 5.96 5.48 | cpu  2148069949 50793212 274685590 15037576885 1677927 0 10744146 0 0 0
1791105973 1785, 2619, 47, 0x0000000000000000 | 6.15 5.96 5.48 | cpu  2148070348 50793212 274685784 15037600723 1677927 0 10744172 0 0 0
1791105974 1785, 2619, 47, 0x0000000000000000 | 6.22 5.98 5.49 | cpu  2148070850 50793212 274685986 15037625536 1677927 0 10744189 0 0 0
1791105976 1785, 2619, 47, 0x0000000000000000 | 6.22 5.98 5.49 | cpu  2148071326 50793212 274686120 15037651968 1677927 0 10744202 0 0 0
1791105977 1785, 2619, 47, 0x0000000000000000 | 6.22 5.98 5.49 | cpu  2148071838 50793212 274686253 15037676620 1677927 0 10744221 0 0 0
1791105978 1785, 2619, 47, 0x0000000000000000 | 6.22 5.98 5.49 | cpu  2148072280 50793212 274686476 15037702353 1677930 0 10744235 0 0 0
1791105979 1785, 2619, 47, 0x0000000000000000 | 6.12 5.96 5.48 | cpu  2148072877 50793212 274686801 15037727985 1677932 0 10744275 0 0 0
1791105980 1785, 2619, 47, 0x0000000000000000 | 6.12 5.96 5.48 | cpu  2148073376 50793212 274687144 15037751448 1677932 0 10744305 0 0 0
1791105981 1785, 2619, 47, 0x0000000000000000 | 6.12 5.96 5.48 | cpu  2148073916 50793213 274687530 15037776646 1677934 0 10744336 0 0 0
1791105983 1785, 2619, 47, 0x0000000000000000 | 6.12 5.96 5.48 | cpu  2148074521 50793213 274687871 15037802862 1677934 0 10744370 0 0 0
1791105984 1785, 2619, 47, 0x0000000000000000 | 6.43 6.03 5.51 | cpu  2148075180 50793213 274688266 15037826636 1677934 0 10744412 0 0 0
1791105985 1785, 2619, 47, 0x0000000000000000 | 6.43 6.03 5.51 | cpu  2148075991 50793213 274688622 15037852465 1677934 0 10744470 0 0 0
1791105986 1785, 2619, 47, 0x0000000000000000 | 6.43 6.03 5.51 | cpu  2148076651 50793213 274688841 15037877239 1677934 0 10744509 0 0 0
1791105987 1785, 2619, 47, 0x0000000000000000 | 6.43 6.03 5.51 | cpu  2148077089 50793213 274688983 15037902248 1677934 0 10744559 0 0 0
1791105988 1785, 2619, 46, 0x0000000000000000 | 6.43 6.03 5.51 | cpu  2148077453 50793213 274689131 15037927872 1677934 0 10744593 0 0 0
1791105990 1785, 2619, 47, 0x0000000000000000 | 6.47 6.05 5.52 | cpu  2148077936 50793213 274689420 15037952856 1677934 0 10744625 0 0 0
1791105991 1785, 2619, 47, 0x0000000000000000 | 6.47 6.05 5.52 | cpu  2148078391 50793213 274689835 15037976942 1677937 0 10744650 0 0 0
1791105992 1785, 2619, 47, 0x0000000000000000 | 6.47 6.05 5.52 | cpu  2148078810 50793214 274690276 15038001341 1677937 0 10744672 0 0 0
1791105993 1785, 2619, 47, 0x0000000000000000 | 6.47 6.05 5.52 | cpu  2148079207 50793214 274690529 15038025441 1677938 0 10744708 0 0 0
1791105994 1785, 2619, 47, 0x0000000000000000 | 6.52 6.06 5.53 | cpu  2148079658 50793214 274690806 15038049456 1677938 0 10744744 0 0 0
1791105995 1785, 2619, 47, 0x0000000000000000 | 6.52 6.06 5.53 | cpu  2148080228 50793214 274691103 15038074716 1677938 0 10744764 0 0 0
1791105996 1785, 2619, 47, 0x0000000000000000 | 6.52 6.06 5.53 | cpu  2148080736 50793214 274691383 15038101178 1677938 0 10744790 0 0 0
1791105998 1785, 2619, 46, 0x0000000000000000 | 6.52 6.06 5.53 | cpu  2148081087 50793214 274691482 15038126091 1677938 0 10744807 0 0 0
1791105999 1785, 2619, 47, 0x0000000000000000 | 6.48 6.06 5.53 | cpu  2148081469 50793214 274691565 15038150891 1677938 0 10744820 0 0 0
1791106000 1785, 2619, 46, 0x0000000000000000 | 6.48 6.06 5.53 | cpu  2148081996 50793214 274691714 15038178498 1677938 0 10744834 0 0 0
1791106001 1785, 2619, 47, 0x0000000000000000 | 6.48 6.06 5.53 | cpu  2148082470 50793214 274691884 15038202715 1677939 0 10744867 0 0 0
1791106002 1785, 2619, 47, 0x0000000000000000 | 6.48 6.06 5.53 | cpu  2148082883 50793215 274692098 15038226518 1677939 0 10744906 0 0 0
1791106003 1785, 2619, 47, 0x0000000000000000 | 6.48 6.06 5.53 | cpu  2148083287 50793215 274692358 15038250201 1677939 0 10744933 0 0 0
1791106005 1785, 2619, 47, 0x0000000000000000 | 6.60 6.09 5.54 | cpu  2148083752 50793215 274692673 15038275903 1677939 0 10744962 0 0 0
1791106006 1785, 2619, 47, 0x0000000000000000 | 6.60 6.09 5.54 | cpu  2148084224 50793215 274693077 15038300958 1677939 0 10744999 0 0 0
1791106007 1785, 2619, 47, 0x0000000000000000 | 6.60 6.09 5.54 | cpu  2148084638 50793215 274693406 15038326631 1677940 0 10745036 0 0 0
1791106008 1785, 2619, 47, 0x0000000000000000 | 6.60 6.09 5.54 | cpu  2148085044 50793215 274693672 15038352188 1677940 0 10745066 0 0 0
1791106009 1785, 2619, 47, 0x0000000000000000 | 6.55 6.09 5.54 | cpu  2148085444 50793215 274693813 15038377664 1677940 0 10745087 0 0 0
1791106010 1785, 2619, 47, 0x0000000000000000 | 6.55 6.09 5.54 | cpu  2148085821 50793215 274693910 15038402499 1677940 0 10745099 0 0 0
1791106012 1785, 2619, 47, 0x0000000000000000 | 6.55 6.09 5.54 | cpu  2148086221 50793215 274694027 15038427573 1677940 0 10745112 0 0 0
1791106013 1785, 2619, 46, 0x0000000000000000 | 6.55 6.09 5.54 | cpu  2148086605 50793215 274694207 15038452487 1677940 0 10745132 0 0 0
1791106014 1785, 2619, 46, 0x0000000000000000 | 6.43 6.07 5.54 | cpu  2148087042 50793215 274694364 15038477974 1677940 0 10745158 0 0 0
1791106015 1785, 2619, 46, 0x0000000000000000 | 6.43 6.07 5.54 | cpu  2148087522 50793215 274694657 15038503460 1677943 0 10745196 0 0 0
1791106016 1785, 2619, 47, 0x0000000000000000 | 6.43 6.07 5.54 | cpu  2148088006 50793215 274694941 15038529065 1677943 0 10745232 0 0 0
1791106017 1785, 2619, 47, 0x0000000000000000 | 6.43 6.07 5.54 | cpu  2148088416 50793215 274695132 15038556724 1677943 0 10745253 0 0 0
1791106019 1785, 2619, 47, 0x0000000000000000 | 6.43 6.07 5.54 | cpu  2148088838 50793215 274695360 15038582258 1677944 0 10745283 0 0 0
1791106020 1785, 2619, 47, 0x0000000000000000 | 6.31 6.05 5.54 | cpu  2148089260 50793215 274695562 15038607569 1677944 0 10745307 0 0 0
1791106021 1785, 2619, 47, 0x0000000000000000 | 6.31 6.05 5.54 | cpu  2148089662 50793216 274695750 15038632777 1677944 0 10745341 0 0 0
1791106022 1785, 2619, 46, 0x0000000000000000 | 6.31 6.05 5.54 | cpu  2148090077 50793216 274696018 15038657931 1677944 0 10745361 0 0 0
1791106023 1785, 2619, 46, 0x0000000000000000 | 6.31 6.05 5.54 | cpu  2148090477 50793216 274696270 15038683580 1677944 0 10745373 0 0 0
1791106024 1785, 2619, 46, 0x0000000000000000 | 6.29 6.05 5.54 | cpu  2148090919 50793216 274696549 15038709518 1677944 0 10745395 0 0 0
1791106026 1785, 2619, 46, 0x0000000000000000 | 6.29 6.05 5.54 | cpu  2148091380 50793216 274696809 15038734401 1677944 0 10745412 0 0 0
1791106027 1785, 2619, 47, 0x0000000000000000 | 6.29 6.05 5.54 | cpu  2148091793 50793216 274697125 15038758766 1677948 0 10745434 0 0 0
1791106028 1785, 2619, 47, 0x0000000000000000 | 6.29 6.05 5.54 | cpu  2148092162 50793216 274697376 15038783433 1677949 0 10745457 0 0 0
1791106029 1785, 2619, 47, 0x0000000000000000 | 6.10 6.02 5.53 | cpu  2148092569 50793216 274697615 15038808636 1677949 0 10745487 0 0 0
1791106030 1785, 2619, 47, 0x0000000000000000 | 6.10 6.02 5.53 | cpu  2148092960 50793216 274697795 15038833342 1677949 0 10745508 0 0 0
1791106031 1785, 2619, 47, 0x0000000000000000 | 6.10 6.02 5.53 | cpu  2148093352 50793217 274697998 15038858653 1677950 0 10745529 0 0 0
1791106033 1785, 2619, 47, 0x0000000000000000 | 6.10 6.02 5.53 | cpu  2148093764 50793218 274698234 15038885270 1677950 0 10745553 0 0 0
1791106034 1785, 2619, 47, 0x0000000000000000 | 6.17 6.04 5.54 | cpu  2148094163 50793218 274698390 15038910249 1677950 0 10745560 0 0 0
1791106035 1785, 2619, 46, 0x0000000000000000 | 6.17 6.04 5.54 | cpu  2148094630 50793218 274698557 15038936076 1677950 0 10745582 0 0 0
1791106036 1785, 2619, 46, 0x0000000000000000 | 6.17 6.04 5.54 | cpu  2148095050 50793218 274698708 15038960772 1677952 0 10745598 0 0 0
1791106037 1785, 2619, 46, 0x0000000000000000 | 6.17 6.04 5.54 | cpu  2148095442 50793218 274698875 15038986151 1677953 0 10745615 0 0 0
1791106038 1785, 2619, 46, 0x0000000000000000 | 6.17 6.04 5.54 | cpu  2148095802 50793218 274699093 15039010267 1677954 0 10745633 0 0 0
1791106039 1785, 2619, 46, 0x0000000000000000 | 6.08 6.02 5.54 | cpu  2148096199 50793218 274699377 15039034772 1677954 0 10745654 0 0 0
1791106041 1785, 2619, 47, 0x0000000000000000 | 6.08 6.02 5.54 | cpu  2148096602 50793218 274699668 15039059687 1677954 0 10745694 0 0 0
1791106042 1785, 2619, 47, 0x0000000000000000 | 6.08 6.02 5.54 | cpu  2148097026 50793218 274700008 15039085528 1677956 0 10745721 0 0 0
1791106043 1785, 2619, 46, 0x0000000000000000 | 6.08 6.02 5.54 | cpu  2148097408 50793218 274700354 15039110104 1677956 0 10745753 0 0 0
1791106044 1785, 2619, 47, 0x0000000000000000 | 6.15 6.03 5.55 | cpu  2148097843 50793218 274700784 15039135156 1677956 0 10745781 0 0 0
1791106045 1785, 2619, 47, 0x0000000000000000 | 6.15 6.03 5.55 | cpu  2148098276 50793218 274701139 15039161173 1677956 0 10745807 0 0 0
1791106047 1785, 2619, 47, 0x0000000000000000 | 6.15 6.03 5.55 | cpu  2148098647 50793218 274701358 15039187439 1677956 0 10745822 0 0 0
1791106048 1785, 2619, 46, 0x0000000000000000 | 6.15 6.03 5.55 | cpu  2148098943 50793218 274701478 15039212880 1677956 0 10745837 0 0 0
1791106049 1785, 2619, 46, 0x0000000000000000 | 5.98 6.00 5.54 | cpu  2148099272 50793218 274701614 15039237726 1677956 0 10745849 0 0 0
1791106050 1785, 2619, 46, 0x0000000000000000 | 5.98 6.00 5.54 | cpu  2148099651 50793218 274701792 15039262693 1677956 0 10745878 0 0 0
1791106051 1785, 2619, 46, 0x0000000000000000 | 5.98 6.00 5.54 | cpu  2148100025 50793218 274702056 15039288635 1677960 0 10745911 0 0 0
1791106052 1785, 2619, 46, 0x0000000000000000 | 5.98 6.00 5.54 | cpu  2148100414 50793218 274702370 15039317052 1677960 0 10745948 0 0 0
1791106054 1785, 2619, 47, 0x0000000000000000 | 5.98 6.00 5.54 | cpu  2148100795 50793218 274703040 15039342054 1677960 0 10745989 0 0 0
1791106055 1785, 2619, 47, 0x0000000000000000 | 5.98 6.00 5.54 | cpu  2148101209 50793219 274703474 15039367405 1677960 0 10746017 0 0 0
1791106056 1785, 2619, 47, 0x0000000000000000 | 5.98 6.00 5.54 | cpu  2148101590 50793219 274703876 15039392142 1677960 0 10746031 0 0 0
1791106057 1785, 2619, 47, 0x0000000000000000 | 5.98 6.00 5.54 | cpu  2148101945 50793219 274704115 15039417332 1677960 0 10746041 0 0 0
1791106058 1785, 2619, 47, 0x0000000000000000 | 5.98 6.00 5.54 | cpu  2148102222 50793220 274704232 15039441910 1677960 0 10746050 0 0 0
1791106059 1785, 2619, 47, 0x0000000000000000 | 5.82 5.97 5.53 | cpu  2148102565 50793220 274704374 15039467921 1677960 0 10746056 0 0 0
1791106061 1785, 2619, 47, 0x0000000000000000 | 5.82 5.97 5.53 | cpu  2148102876 50793220 274704498 15039492705 1677960 0 10746068 0 0 0
1791106062 1785, 2619, 47, 0x0000000000000000 | 5.82 5.97 5.53 | cpu  2148103211 50793220 274704664 15039519283 1677960 0 10746090 0 0 0
1791106063 1785, 2619, 46, 0x0000000000000000 | 5.82 5.97 5.53 | cpu  2148103566 50793220 274704962 15039544619 1677966 0 10746115 0 0 0
1791106064 1785, 2619, 46, 0x0000000000000000 | 5.84 5.97 5.54 | cpu  2148103939 50793220 274705277 15039569614 1677967 0 10746144 0 0 0
1791106065 1785, 2619, 47, 0x0000000000000000 | 5.84 5.97 5.54 | cpu  2148104312 50793220 274705568 15039594214 1677967 0 10746163 0 0 0
1791106066 1785, 2619, 47, 0x0000000000000000 | 5.84 5.97 5.54 | cpu  2148104690 50793221 274705884 15039619977 1677967 0 10746195 0 0 0
1791106068 1785, 2619, 47, 0x0000000000000000 | 5.84 5.97 5.54 | cpu  2148105020 50793221 274706154 15039645422 1677967 0 10746210 0 0 0
1791106069 1785, 2619, 47, 0x0000000000000000 | 5.84 5.97 5.54 | cpu  2148105350 50793221 274706405 15039669644 1677967 0 10746228 0 0 0
1791106070 1785, 2619, 47, 0x0000000000000000 | 5.69 5.93 5.53 | cpu  2148105644 50793221 274706662 15039694813 1677967 0 10746245 0 0 0
1791106071 1785, 2619, 47, 0x0000000000000000 | 5.69 5.93 5.53 | cpu  2148106022 50793221 274706980 15039719879 1677967 0 10746274 0 0 0
1791106072 1785, 2619, 47, 0x0000000000000000 | 5.69 5.93 5.53 | cpu  2148106441 50793221 274707376 15039747293 1677967 0 10746291 0 0 0
1791106074 1785, 2619, 46, 0x0000000000000000 | 5.69 5.93 5.53 | cpu  2148106850 50793221 274707881 15039775286 1677988 0 10746324 0 0 0
1791106075 1785, 2619, 46, 0x0000000000000000 | 6.28 6.05 5.57 | cpu  2148107813 50793221 274708303 15039799680 1677997 0 10746378 0 0 0
1791106076 1785, 2619, 46, 0x0000000000000000 | 6.28 6.05 5.57 | cpu  2148108195 50793221 274708714 15039825047 1677997 0 10746392 0 0 0
1791106077 1785, 2619, 46, 0x0000000000000000 | 6.28 6.05 5.57 | cpu  2148109094 50793221 274709090 15039849354 1677997 0 10746415 0 0 0
1791106078 1785, 2619, 46, 0x0000000000000000 | 6.28 6.05 5.57 | cpu  2148109443 50793221 274709387 15039873361 1677997 0 10746424 0 0 0
1791106079 1785, 2619, 46, 0x0000000000000000 | 6.17 6.04 5.56 | cpu  2148110328 50793221 274709615 15039897718 1677997 0 10746442 0 0 0
1791106080 1785, 2619, 47, 0x0000000000000000 | 6.17 6.04 5.56 | cpu  2148110679 50793221 274709826 15039922933 1677998 0 10746453 0 0 0
1791106082 1785, 2619, 47, 0x0000000000000000 | 6.17 6.04 5.56 | cpu  2148110980 50793221 274709909 15039948331 1677998 0 10746468 0 0 0
1791106083 1785, 2619, 47, 0x0000000000000000 | 6.17 6.04 5.56 | cpu  2148111516 50793222 274710033 15039973323 1677998 0 10746474 0 0 0
1791106084 1785, 2619, 46, 0x0000000000000000 | 6.00 6.00 5.56 | cpu  2148112441 50793222 274710196 15039997150 1677998 0 10746498 0 0 0
1791106085 1785, 2619, 46, 0x0000000000000000 | 6.00 6.00 5.56 | cpu  2148113242 50793222 274710352 15040022048 1677998 0 10746514 0 0 0
1791106086 1785, 2619, 46, 0x0000000000000000 | 6.00 6.00 5.56 | cpu  2148114059 50793222 274710658 15040047494 1677998 0 10746546 0 0 0
1791106087 1785, 2619, 46, 0x0000000000000000 | 6.00 6.00 5.56 | cpu  2148114747 50793222 274710925 15040071522 1678000 0 10746568 0 0 0
1791106089 1785, 2619, 46, 0x0000000000000000 | 6.00 6.00 5.56 | cpu  2148115397 50793222 274711195 15040096034 1678001 0 10746584 0 0 0
1791106090 1785, 2619, 47, 0x0000000000000000 | 5.84 5.97 5.55 | cpu  2148116112 50793222 274711425 15040121087 1678001 0 10746611 0 0 0
1791106091 1785, 2619, 47, 0x0000000000000000 | 5.84 5.97 5.55 | cpu  2148116762 50793222 274711745 15040144689 1678001 0 10746634 0 0 0
1791106092 1785, 2619, 47, 0x0000000000000000 | 5.84 5.97 5.55 | cpu  2148117461 50793222 274711932 15040169505 1678001 0 10746652 0 0 0
1791106093 1785, 2619, 47, 0x0000000000000000 | 5.84 5.97 5.55 | cpu  2148118101 50793222 274712118 15040194334 1678001 0 10746666 0 0 0
1791106094 1785, 2619, 47, 0x0000000000000000 | 5.77 5.95 5.54 | cpu  2148118842 50793222 274712292 15040218977 1678002 0 10746685 0 0 0
1791106095 1785, 2619, 47, 0x0000000000000000 | 5.77 5.95 5.54 | cpu  2148119577 50793222 274712475 15040243513 1678002 0 10746698 0 0 0
1791106097 1785, 2619, 47, 0x0000000000000000 | 5.77 5.95 5.54 | cpu  2148120315 50793222 274712672 15040268648 1678002 0 10746715 0 0 0
1791106098 1785, 2619, 47, 0x0000000000000000 | 5.77 5.95 5.54 | cpu  2148120872 50793222 274712877 15040292977 1678002 0 10746726 0 0 0
1791106099 1785, 2619, 46, 0x0000000000000000 | 5.95 5.99 5.56 | cpu  2148121654 50793222 274713080 15040317822 1678004 0 10746742 0 0 0
1791106100 1785, 2619, 46, 0x0000000000000000 | 5.95 5.99 5.56 | cpu  2148122421 50793222 274713271 15040343011 1678004 0 10746762 0 0 0
1791106101 1785, 2619, 46, 0x0000000000000000 | 5.95 5.99 5.56 | cpu  2148122931 50793222 274713504 15040368968 1678006 0 10746771 0 0 0
1791106102 1785, 2619, 46, 0x0000000000000000 | 5.95 5.99 5.56 | cpu  2148123234 50793222 274713761 15040394095 1678006 0 10746790 0 0 0
1791106103 1785, 2619, 47, 0x0000000000000000 | 5.95 5.99 5.56 | cpu  2148123574 50793222 274714240 15040419270 1678007 0 10746804 0 0 0
1791106105 1785, 2619, 47, 0x0000000000000000 | 6.12 6.02 5.57 | cpu  2148123922 50793222 274714643 15040444418 1678007 0 10746824 0 0 0
1791106106 1785, 2619, 47, 0x0000000000000000 | 6.12 6.02 5.57 | cpu  2148124348 50793222 274714946 15040470191 1678007 0 10746838 0 0 0
1791106107 1785, 2619, 47, 0x0000000000000000 | 6.12 6.02 5.57 | cpu  2148124734 50793222 274715229 15040497551 1678007 0 10746855 0 0 0
1791106108 1785, 2619, 47, 0x0000000000000000 | 6.12 6.02 5.57 | cpu  2148125100 50793222 274715464 15040523041 1678007 0 10746861 0 0 0
1791106109 1785, 2619, 47, 0x0000000000000000 | 6.19 6.04 5.58 | cpu  2148125461 50793222 274715721 15040549120 1678007 0 10746873 0 0 0
1791106111 1785, 2619, 46, 0x0000000000000000 | 6.19 6.04 5.58 | cpu  2148125858 50793222 274715975 15040574717 1678010 0 10746892 0 0 0
1791106112 1785, 2619, 46, 0x0000000000000000 | 6.19 6.04 5.58 | cpu  2148126268 50793223 274716154 15040600649 1678010 0 10746904 0 0 0
1791106113 1785, 2619, 46, 0x0000000000000000 | 6.19 6.04 5.58 | cpu  2148126639 50793223 274716374 15040625249 1678010 0 10746924 0 0 0
1791106114 1785, 2619, 46, 0x0000000000000000 | 6.25 6.05 5.59 | cpu  2148127120 50793224 274716658 15040650410 1678011 0 10746947 0 0 0
1791106115 1785, 2619, 46, 0x0000000000000000 | 6.25 6.05 5.59 | cpu  2148127635 50793224 274717178 15040675356 1678011 0 10746967 0 0 0
1791106116 1785, 2619, 47, 0x0000000000000000 | 6.25 6.05 5.59 | cpu  2148128057 50793224 274717553 15040700599 1678011 0 10746982 0 0 0
1791106118 1785, 2619, 47, 0x0000000000000000 | 6.25 6.05 5.59 | cpu  2148128461 50793224 274717843 15040725970 1678011 0 10746993 0 0 0
1791106119 1785, 2619, 47, 0x0000000000000000 | 6.31 6.07 5.59 | cpu  2148128874 50793224 274718678 15040751307 1678011 0 10747022 0 0 0
1791106120 1785, 2619, 47, 0x0000000000000000 | 6.31 6.07 5.59 | cpu  2148129272 50793224 274718952 15040776806 1678012 0 10747035 0 0 0
1791106121 1785, 2619, 47, 0x0000000000000000 | 6.31 6.07 5.59 | cpu  2148129619 50793224 274719239 15040802840 1678012 0 10747056 0 0 0
1791106122 1785, 2619, 46, 0x0000000000000000 | 6.31 6.07 5.59 | cpu  2148129944 50793224 274719562 15040827932 1678012 0 10747068 0 0 0
1791106124 1785, 2619, 46, 0x0000000000000000 | 6.31 6.07 5.59 | cpu  2148130320 50793224 274719973 15040854043 1678012 0 10747086 0 0 0
1791106125 1785, 2619, 46, 0x0000000000000000 | 6.29 6.07 5.60 | cpu  2148130688 50793224 274720390 15040878710 1678013 0 10747098 0 0 0
1791106126 1785, 2619, 46, 0x0000000000000000 | 6.29 6.07 5.60 | cpu  2148131117 50793224 274720792 15040903901 1678013 0 10747120 0 0 0
1791106127 1785, 2619, 46, 0x0000000000000000 | 6.29 6.07 5.60 | cpu  2148131503 50793224 274721124 15040931821 1678013 0 10747140 0 0 0
1791106128 1785, 2619, 47, 0x0000000000000000 | 6.29 6.07 5.60 | cpu  2148131875 50793224 274721388 15040955600 1678013 0 10747152 0 0 0
1791106129 1785, 2619, 47, 0x0000000000000000 | 6.02 6.02 5.58 | cpu  2148132188 50793224 274721502 15040980181 1678013 0 10747157 0 0 0
1791106131 1785, 2619, 47, 0x0000000000000000 | 6.02 6.02 5.58 | cpu  2148132525 50793224 274721623 15041005889 1678013 0 10747166 0 0 0
1791106132 1785, 2619, 47, 0x0000000000000000 | 6.02 6.02 5.58 | cpu  2148132871 50793224 274721758 15041031365 1678013 0 10747174 0 0 0
1791106133 1785, 2619, 47, 0x0000000000000000 | 6.02 6.02 5.58 | cpu  2148133167 50793224 274721871 15041056910 1678013 0 10747179 0 0 0
1791106134 1785, 2619, 47, 0x0000000000000000 | 6.02 6.01 5.58 | cpu  2148133562 50793224 274722226 15041082106 1678014 0 10747190 0 0 0
1791106135 1785, 2619, 47, 0x0000000000000000 | 6.02 6.01 5.58 | cpu  2148134014 50793225 274722714 15041107672 1678014 0 10747218 0 0 0
1791106136 1785, 2619, 46, 0x0000000000000000 | 6.02 6.01 5.58 | cpu  2148134473 50793225 274723217 15041132801 1678014 0 10747246 0 0 0
1791106138 1785, 2619, 46, 0x0000000000000000 | 6.02 6.01 5.58 | cpu  2148134878 50793225 274723653 15041158068 1678014 0 10747276 0 0 0
1791106139 1785, 2619, 46, 0x0000000000000000 | 6.18 6.05 5.60 | cpu  2148135312 50793225 274724034 15041183700 1678014 0 10747306 0 0 0
1791106140 1785, 2619, 47, 0x0000000000000000 | 6.18 6.05 5.60 | cpu  2148135717 50793225 274724306 15041208341 1678015 0 10747333 0 0 0
1791106141 1785, 2619, 47, 0x0000000000000000 | 6.18 6.05 5.60 | cpu  2148136115 50793225 274724522 15041234506 1678015 0 10747350 0 0 0
1791106142 1785, 2619, 47, 0x0000000000000000 | 6.18 6.05 5.60 | cpu  2148136441 50793226 274724653 15041259336 1678015 0 10747361 0 0 0
1791106143 1785, 2619, 47, 0x0000000000000000 | 6.18 6.05 5.60 | cpu  2148136837 50793226 274724786 15041285411 1678015 0 10747372 0 0 0
1791106145 1785, 2619, 47, 0x0000000000000000 | 6.16 6.05 5.60 | cpu  2148137261 50793226 274725008 15041311316 1678015 0 10747396 0 0 0
1791106146 1785, 2619, 47, 0x0000000000000000 | 6.16 6.05 5.60 | cpu  2148137669 50793226 274725257 15041336266 1678015 0 10747412 0 0 0
1791106147 1785, 2619, 47, 0x0000000000000000 | 6.16 6.05 5.60 | cpu  2148138107 50793226 274725592 15041363690 1678017 0 10747435 0 0 0
1791106148 1785, 2619, 47, 0x0000000000000000 | 6.16 6.05 5.60 | cpu  2148138540 50793226 274725936 15041389009 1678017 0 10747460 0 0 0
1791106149 1785, 2619, 46, 0x0000000000000000 | 6.07 6.03 5.60 | cpu  2148138994 50793226 274726289 15041415047 1678018 0 10747512 0 0 0
1791106151 1785, 2619, 46, 0x0000000000000000 | 6.07 6.03 5.60 | cpu  2148139412 50793226 274726606 15041441144 1678018 0 10747533 0 0 0
1791106152 1785, 2619, 46, 0x0000000000000000 | 6.07 6.03 5.60 | cpu  2148139840 50793226 274726849 15041466772 1678018 0 10747554 0 0 0
1791106153 1785, 2619, 47, 0x0000000000000000 | 6.07 6.03 5.60 | cpu  2148140195 50793226 274727015 15041492401 1678018 0 10747567 0 0 0
1791106154 1785, 2619, 47, 0x0000000000000000 | 5.99 6.01 5.59 | cpu  2148140681 50793226 274727411 15041516803 1678018 0 10747588 0 0 0
1791106155 1785, 2619, 47, 0x0000000000000000 | 5.99 6.01 5.59 | cpu  2148141084 50793226 274727639 15041541915 1678018 0 10747608 0 0 0
1791106156 1785, 2619, 47, 0x0000000000000000 | 5.99 6.01 5.59 | cpu  2148141656 50793226 274727875 15041567254 1678018 0 10747634 0 0 0
1791106158 1785, 2619, 46, 0x0000000000000000 | 5.99 6.01 5.59 | cpu  2148142142 50793226 274728119 15041590626 1678018 0 10747664 0 0 0
1791106159 1785, 2619, 46, 0x0000000000000000 | 5.99 6.01 5.59 | cpu  2148142736 50793226 274729192 15041614951 1678019 0 10747692 0 0 0
1791106160 1785, 2619, 46, 0x0000000000000000 | 6.07 6.03 5.60 | cpu  2148143220 50793226 274729642 15041640964 1678019 0 10747731 0 0 0
1791106161 1785, 2619, 46, 0x0000000000000000 | 6.07 6.03 5.60 | cpu  2148143613 50793226 274729936 15041666606 1678019 0 10747755 0 0 0
1791106162 1785, 2619, 46, 0x0000000000000000 | 6.07 6.03 5.60 | cpu  2148144034 50793226 274730178 15041692724 1678021 0 10747781 0 0 0
1791106163 1785, 2619, 46, 0x0000000000000000 | 6.07 6.03 5.60 | cpu  2148144421 50793226 274730433 15041718183 1678021 0 10747796 0 0 0
1791106165 1785, 2619, 47, 0x0000000000000000 | 6.06 6.03 5.60 | cpu  2148144816 50793226 274730694 15041743869 1678021 0 10747817 0 0 0
1791106166 1785, 2619, 47, 0x0000000000000000 | 6.06 6.03 5.60 | cpu  2148145244 50793226 274730998 15041769702 1678021 0 10747850 0 0 0
1791106167 1785, 2619, 47, 0x0000000000000000 | 6.06 6.03 5.60 | cpu  2148145621 50793226 274731216 15041794903 1678021 0 10747862 0 0 0
1791106168 1785, 2619, 47, 0x0000000000000000 | 6.06 6.03 5.60 | cpu  2148145978 50793226 274731426 15041819379 1678021 0 10747886 0 0 0
1791106169 1785, 2619, 47, 0x0000000000000000 | 5.98 6.01 5.60 | cpu  2148146372 50793226 274731629 15041845509 1678021 0 10747903 0 0 0
1791106171 1785, 2619, 46, 0x0000000000000000 | 5.98 6.01 5.60 | cpu  2148146739 50793226 274731861 15041870876 1678023 0 10747924 0 0 0
1791106172 1785, 2619, 46, 0x0000000000000000 | 5.98 6.01 5.60 | cpu  2148147112 50793226 274732076 15041895884 1678024 0 10747941 0 0 0
1791106173 1785, 2619, 46, 0x0000000000000000 | 5.98 6.01 5.60 | cpu  2148147447 50793226 274732280 15041920474 1678024 0 10747967 0 0 0
1791106174 1785, 2619, 46, 0x0000000000000000 | 6.46 6.11 5.64 | cpu  2148147898 50793226 274732496 15041946123 1678024 0 10747998 0 0 0
1791106175 1785, 2619, 46, 0x0000000000000000 | 6.46 6.11 5.64 | cpu  2148148412 50793226 274732779 15041971602 1678024 0 10748038 0 0 0
1791106176 1785, 2619, 47, 0x0000000000000000 | 6.46 6.11 5.64 | cpu  2148148908 50793226 274733045 15041997017 1678024 0 10748077 0 0 0
1791106177 1785, 2619, 47, 0x0000000000000000 | 6.46 6.11 5.64 | cpu  2148149332 50793226 274733179 15042022010 1678024 0 10748100 0 0 0
1791106179 1785, 2619, 47, 0x0000000000000000 | 6.46 6.11 5.64 | cpu  2148149779 50793226 274733334 15042047198 1678024 0 10748112 0 0 0
1791106180 1785, 2619, 47, 0x0000000000000000 | 6.42 6.11 5.64 | cpu  2148150200 50793226 274733466 15042072640 1678026 0 10748123 0 0 0
1791106181 1785, 2619, 47, 0x0000000000000000 | 6.42 6.11 5.64 | cpu  2148150612 50793226 274733545 15042097800 1678027 0 10748139 0 0 0
1791106182 1785, 2619, 47, 0x0000000000000000 | 6.42 6.11 5.64 | cpu  2148151141 50793226 274733792 15042122929 1678028 0 10748168 0 0 0
1791106183 1785, 2619, 47, 0x0000000000000000 | 6.42 6.11 5.64 | cpu  2148151668 50793226 274734061 15042148156 1678028 0 10748200 0 0 0
1791106184 1785, 2619, 47, 0x0000000000000000 | 6.55 6.14 5.65 | cpu  2148152353 50793226 274734497 15042173931 1678029 0 10748221 0 0 0
1791106186 1785, 2619, 46, 0x0000000000000000 | 6.55 6.14 5.65 | cpu  2148153016 50793226 274734854 15042199220 1678029 0 10748242 0 0 0
1791106187 1785, 2619, 46, 0x0000000000000000 | 6.55 6.14 5.65 | cpu  2148153592 50793227 274735261 15042227832 1678030 0 10748264 0 0 0
1791106188 1785, 2619, 46, 0x0000000000000000 | 6.55 6.14 5.65 | cpu  2148154255 50793227 274736298 15042252878 1678030 0 10748285 0 0 0
1791106189 1785, 2619, 47, 0x0000000000000000 | 6.58 6.16 5.66 | cpu  2148154818 50793227 274736572 15042277927 1678030 0 10748314 0 0 0
1791106191 1785, 2619, 47, 0x0000000000000000 | 6.58 6.16 5.66 | cpu  2148155253 50793227 274736673 15042302219 1678030 0 10748329 0 0 0
1791106192 1785, 2619, 47, 0x0000000000000000 | 6.58 6.16 5.66 | cpu  2148155688 50793227 274736751 15042327594 1678030 0 10748339 0 0 0
1791106193 1785, 2619, 47, 0x0000000000000000 | 6.58 6.16 5.66 | cpu  2148156028 50793227 274737016 15042351705 1678031 0 10748347 0 0 0
1791106194 1785, 2619, 47, 0x0000000000000000 | 6.62 6.17 5.66 | cpu  2148156436 50793227 274737229 15042377205 1678037 0 10748355 0 0 0
1791106195 1785, 2619, 47, 0x0000000000000000 | 6.62 6.17 5.66 | cpu  2148156976 50793227 274737487 15042402765 1678057 0 10748373 0 0 0
1791106196 1785, 2619, 47, 0x0000000000000000 | 6.62 6.17 5.66 | cpu  2148157561 50793227 274737816 15042426768 1678062 0 10748394 0 0 0
1791106197 1785, 2619, 47, 0x0000000000000000 | 6.62 6.17 5.66 | cpu  2148158051 50793227 274738133 15042452081 1678072 0 10748413 0 0 0
1791106199 1785, 2619, 47, 0x0000000000000000 | 6.62 6.17 5.66 | cpu  2148158582 50793227 274738633 15042477041 1678072 0 10748440 0 0 0
1791106200 1785, 2619, 46, 0x0000000000000000 | 6.97 6.25 5.69 | cpu  2148159160 50793227 274739186 15042502097 1678075 0 10748462 0 0 0
1791106201 1785, 2619, 46, 0x0000000000000000 | 6.97 6.25 5.69 | cpu  2148159696 50793227 274739566 15042526523 1678077 0 10748490 0 0 0
1791106202 1785, 2619, 46, 0x0000000000000000 | 6.97 6.25 5.69 | cpu  2148160124 50793228 274739899 15042551302 1678078 0 10748515 0 0 0
1791106203 1785, 2619, 46, 0x0000000000000000 | 6.97 6.25 5.69 | cpu  2148160518 50793228 274740218 15042576274 1678078 0 10748528 0 0 0
1791106204 1785, 2619, 46, 0x0000000000000000 | 6.97 6.26 5.70 | cpu  2148160914 50793228 274740492 15042600812 1678078 0 10748552 0 0 0
1791106206 1785, 2619, 47, 0x0000000000000000 | 6.97 6.26 5.70 | cpu  2148161854 50793228 274740726 15042625539 1678078 0 10748574 0 0 0
1791106207 1785, 2619, 46, 0x0000000000000000 | 6.97 6.26 5.70 | cpu  2148162426 50793228 274741091 15042654112 1678079 0 10748606 0 0 0
1791106208 1785, 2619, 47, 0x0000000000000000 | 6.97 6.26 5.70 | cpu  2148162904 50793228 274741477 15042679473 1678079 0 10748626 0 0 0
1791106209 1785, 2619, 47, 0x0000000000000000 | 7.21 6.33 5.72 | cpu  2148163358 50793228 274741775 15042704870 1678079 0 10748647 0 0 0
1791106210 1785, 2619, 46, 0x0000000000000000 | 7.21 6.33 5.72 | cpu  2148163900 50793228 274742090 15042731013 1678079 0 10748680 0 0 0
1791106212 1785, 2619, 46, 0x0000000000000000 | 7.21 6.33 5.72 | cpu  2148164349 50793228 274742306 15042756182 1678081 0 10748700 0 0 0
1791106213 1785, 2619, 46, 0x0000000000000000 | 7.21 6.33 5.72 | cpu  2148164706 50793228 274742450 15042781993 1678081 0 10748713 0 0 0
1791106214 1785, 2619, 46, 0x0000000000000000 | 7.20 6.34 5.73 | cpu  2148165079 50793228 274742519 15042805914 1678081 0 10748722 0 0 0
1791106215 1785, 2619, 46, 0x0000000000000000 | 7.20 6.34 5.73 | cpu  2148165462 50793228 274742576 15042831060 1678081 0 10748727 0 0 0
1791106216 1785, 2619, 47, 0x0000000000000000 | 7.20 6.34 5.73 | cpu  2148165864 50793228 274742686 15042857172 1678081 0 10748736 0 0 0
1791106217 1785, 2619, 47, 0x0000000000000000 | 7.20 6.34 5.73 | cpu  2148166252 50793228 274742854 15042883488 1678081 0 10748742 0 0 0
1791106219 1785, 2619, 47, 0x0000000000000000 | 7.20 6.34 5.73 | cpu  2148166688 50793228 274743052 15042908335 1678081 0 10748752 0 0 0
1791106220 1785, 2619, 47, 0x0000000000000000 | 7.10 6.33 5.73 | cpu  2148167124 50793228 274743290 15042933029 1678081 0 10748763 0 0 0
1791106221 1785, 2619, 47, 0x0000000000000000 | 7.10 6.33 5.73 | cpu  2148167568 50793228 274743530 15042958657 1678081 0 10748775 0 0 0
1791106222 1785, 2619, 47, 0x0000000000000000 | 7.10 6.33 5.73 | cpu  2148167966 50793229 274743745 15042983458 1678084 0 10748812 0 0 0
1791106223 1785, 2619, 47, 0x0000000000000000 | 7.10 6.33 5.73 | cpu  2148168421 50793230 274743942 15043008963 1678085 0 10748826 0 0 0
1791106224 1785, 2619, 47, 0x0000000000000000 | 6.85 6.29 5.72 | cpu  2148168869 50793230 274744130 15043033949 1678085 0 10748838 0 0 0
1791106225 1785, 2619, 47, 0x0000000000000000 | 6.85 6.29 5.72 | cpu  2148169290 50793230 274744294 15043058493 1678086 0 10748851 0 0 0
1791106227 1785, 2619, 46, 0x0000000000000000 | 6.85 6.29 5.72 | cpu  2148169754 50793230 274744630 15043085982 1678088 0 10748868 0 0 0
1791106228 1785, 2619, 46, 0x0000000000000000 | 6.85 6.29 5.72 | cpu  2148170168 50793230 274744809 15043110693 1678088 0 10748888 0 0 0
1791106229 1785, 2619, 46, 0x0000000000000000 | 6.86 6.30 5.73 | cpu  2148170612 50793230 274744973 15043135343 1678088 0 10748910 0 0 0
1791106230 1785, 2619, 47, 0x0000000000000000 | 6.86 6.30 5.73 | cpu  2148171090 50793230 274745330 15043159867 1678088 0 10748931 0 0 0
1791106231 1785, 2619, 47, 0x0000000000000000 | 6.86 6.30 5.73 | cpu  2148171538 50793230 274745707 15043184544 1678089 0 10748945 0 0 0
1791106232 1785, 2619, 47, 0x0000000000000000 | 6.86 6.30 5.73 | cpu  2148171910 50793230 274745952 15043209854 1678089 0 10748958 0 0 0
1791106234 1785, 2619, 47, 0x0000000000000000 | 6.86 6.30 5.73 | cpu  2148172342 50793230 274746239 15043235632 1678089 0 10748978 0 0 0
1791106235 1785, 2619, 47, 0x0000000000000000 | 6.72 6.28 5.73 | cpu  2148172746 50793230 274746487 15043260341 1678089 0 10748998 0 0 0
1791106236 1785, 2619, 47, 0x0000000000000000 | 6.72 6.28 5.73 | cpu  2148173154 50793230 274746744 15043284905 1678089 0 10749019 0 0 0
1791106237 1785, 2619, 46, 0x0000000000000000 | 6.72 6.28 5.73 | cpu  2148173576 50793230 274747070 15043310565 1678090 0 10749035 0 0 0
1791106238 1785, 2619, 46, 0x0000000000000000 | 6.72 6.28 5.73 | cpu  2148174039 50793233 274747390 15043336874 1678092 0 10749066 0 0 0
1791106239 1785, 2619, 46, 0x0000000000000000 | 6.66 6.28 5.73 | cpu  2148174572 50793233 274747579 15043362432 1678093 0 10749079 0 0 0
1791106241 1785, 2619, 46, 0x0000000000000000 | 6.66 6.28 5.73 | cpu  2148175004 50793233 274747721 15043388268 1678093 0 10749088 0 0 0
1791106242 1785, 2619, 46, 0x0000000000000000 | 6.66 6.28 5.73 | cpu  2148175403 50793233 274747886 15043412882 1678094 0 10749109 0 0 0
1791106243 1785, 2619, 46, 0x0000000000000000 | 6.66 6.28 5.73 | cpu  2148175845 50793233 274748084 15043437520 1678094 0 10749131 0 0 0
1791106244 1785, 2619, 46, 0x0000000000000000 | 6.69 6.29 5.74 | cpu  2148176285 50793233 274748311 15043462969 1678095 0 10749156 0 0 0
1791106245 1785, 2619, 46, 0x0000000000000000 | 6.69 6.29 5.74 | cpu  2148176784 50793233 274748605 15043489174 1678096 0 10749180 0 0 0
1791106246 1785, 2619, 46, 0x0000000000000000 | 6.69 6.29 5.74 | cpu  2148177221 50793233 274749013 15043513211 1678096 0 10749204 0 0 0
1791106248 1785, 2619, 46, 0x0000000000000000 | 6.69 6.29 5.74 | cpu  2148177611 50793233 274749354 15043537422 1678096 0 10749228 0 0 0
1791106249 1785, 2619, 46, 0x0000000000000000 | 6.69 6.29 5.74 | cpu  2148178100 50793233 274749733 15043562315 1678098 0 10749250 0 0 0
1791106250 1785, 2619, 46, 0x0000000000000000 | 6.55 6.27 5.73 | cpu  2148178542 50793233 274750005 15043586453 1678098 0 10749274 0 0 0
1791106251 1785, 2619, 46, 0x0000000000000000 | 6.55 6.27 5.73 | cpu  2148178958 50793233 274750243 15043611200 1678098 0 10749281 0 0 0
1791106252 1785, 2619, 46, 0x0000000000000000 | 6.55 6.27 5.73 | cpu  2148179292 50793233 274750387 15043635065 1678098 0 10749283 0 0 0
1791106253 1785, 2619, 46, 0x0000000000000000 | 6.55 6.27 5.73 | cpu  2148179746 50793233 274750632 15043660872 1678099 0 10749292 0 0 0
1791106254 1785, 2619, 46, 0x0000000000000000 | 6.59 6.28 5.74 | cpu  2148180192 50793234 274750856 15043685881 1678099 0 10749307 0 0 0
1791106256 1785, 2619, 46, 0x0000000000000000 | 6.59 6.28 5.74 | cpu  2148180614 50793234 274751032 15043711352 1678099 0 10749323 0 0 0
1791106257 1785, 2619, 46, 0x0000000000000000 | 6.59 6.28 5.74 | cpu  2148181007 50793234 274751241 15043736527 1678100 0 10749342 0 0 0
1791106258 1785, 2619, 47, 0x0000000000000000 | 6.59 6.28 5.74 | cpu  2148181462 50793234 274751525 15043762418 1678100 0 10749359 0 0 0
1791106259 1785, 2619, 47, 0x0000000000000000 | 6.70 6.31 5.75 | cpu  2148181887 50793234 274751752 15043787249 1678100 0 10749374 0 0 0
1791106260 1785, 2619, 46, 0x0000000000000000 | 6.70 6.31 5.75 | cpu  2148182319 50793234 274752005 15043812301 1678100 0 10749385 0 0 0
1791106261 1785, 2619, 46, 0x0000000000000000 | 6.70 6.31 5.75 | cpu  2148182749 50793234 274752210 15043838136 1678100 0 10749400 0 0 0
1791106263 1785, 2619, 46, 0x0000000000000000 | 6.70 6.31 5.75 | cpu  2148183146 50793234 274752296 15043863374 1678100 0 10749402 0 0 0
1791106264 1785, 2619, 46, 0x0000000000000000 | 6.70 6.31 5.75 | cpu  2148183988 50793234 274752368 15043887925 1678100 0 10749407 0 0 0
1791106265 1785, 2619, 46, 0x0000000000000000 | 6.48 6.27 5.74 | cpu  2148184421 50793234 274752502 15043913037 1678100 0 10749414 0 0 0
1791106266 1785, 2619, 46, 0x0000000000000000 | 6.48 6.27 5.74 | cpu  2148185331 50793234 274752976 15043935810 1678105 0 10749424 0 0 0
1791106267 1785, 2619, 46, 0x0000000000000000 | 6.48 6.27 5.74 | cpu  2148185780 50793234 274753188 15043960251 1678105 0 10749434 0 0 0
1791106268 1785, 2619, 46, 0x0000000000000000 | 6.48 6.27 5.74 | cpu  2148186278 50793234 274753452 15043984256 1678112 0 10749450 0 0 0
1791106269 1785, 2619, 47, 0x0000000000000000 | 6.60 6.30 5.75 | cpu  2148186825 50793234 274753692 15044008814 1678115 0 10749462 0 0 0
1791106270 1785, 2619, 47, 0x0000000000000000 | 6.60 6.30 5.75 | cpu  2148187366 50793234 274753967 15044033997 1678122 0 10749498 0 0 0
1791106272 1785, 2619, 46, 0x0000000000000000 | 6.60 6.30 5.75 | cpu  2148187869 50793234 274754240 15044060549 1678128 0 10749513 0 0 0
1791106273 1785, 2619, 46, 0x0000000000000000 | 6.60 6.30 5.75 | cpu  2148188341 50793234 274754526 15044085071 1678132 0 10749535 0 0 0
1791106274 1785, 2619, 46, 0x0000000000000000 | 6.48 6.28 5.75 | cpu  2148188751 50793234 274754612 15044109887 1678132 0 10749545 0 0 0
1791106275 1785, 2619, 46, 0x0000000000000000 | 6.48 6.28 5.75 | cpu  2148189154 50793234 274754700 15044135612 1678132 0 10749551 0 0 0
1791106276 1785, 2619, 46, 0x0000000000000000 | 6.48 6.28 5.75 | cpu  2148189629 50793234 274754849 15044161725 1678132 0 10749556 0 0 0
1791106277 1785, 2619, 46, 0x0000000000000000 | 6.48 6.28 5.75 | cpu  2148190018 50793234 274755029 15044187242 1678132 0 10749562 0 0 0
1791106279 1785, 2619, 47, 0x0000000000000000 | 6.48 6.28 5.75 | cpu  2148190483 50793234 274755567 15044211661 1678133 0 10749590 0 0 0
1791106280 1785, 2619, 47, 0x0000000000000000 | 6.68 6.32 5.77 | cpu  2148190930 50793234 274755987 15044235926 1678133 0 10749613 0 0 0
1791106281 1785, 2619, 47, 0x0000000000000000 | 6.68 6.32 5.77 | cpu  2148191371 50793234 274756376 15044259907 1678133 0 10749630 0 0 0
1791106282 1785, 2619, 47, 0x0000000000000000 | 6.68 6.32 5.77 | cpu  2148191765 50793234 274756680 15044284581 1678135 0 10749654 0 0 0
1791106283 1785, 2619, 47, 0x0000000000000000 | 6.68 6.32 5.77 | cpu  2148192175 50793234 274756945 15044309263 1678135 0 10749664 0 0 0
1791106284 1785, 2619, 47, 0x0000000000000000 | 6.54 6.30 5.76 | cpu  2148192583 50793234 274757203 15044334027 1678135 0 10749670 0 0 0
1791106285 1785, 2619, 47, 0x0000000000000000 | 6.54 6.30 5.76 | cpu  2148192968 50793234 274757383 15044358703 1678135 0 10749686 0 0 0
1791106287 1785, 2619, 46, 0x0000000000000000 | 6.54 6.30 5.76 | cpu  2148193348 50793235 274757459 15044386064 1678135 0 10749692 0 0 0
1791106288 1785, 2619, 46, 0x0000000000000000 | 6.54 6.30 5.76 | cpu  2148193771 50793235 274757588 15044411637 1678135 0 10749702 0 0 0
1791106289 1785, 2619, 46, 0x0000000000000000 | 6.50 6.29 5.76 | cpu  2148194192 50793235 274757740 15044438079 1678135 0 10749707 0 0 0
1791106290 1785, 2619, 46, 0x0000000000000000 | 6.50 6.29 5.76 | cpu  2148194623 50793235 274757946 15044463509 1678135 0 10749731 0 0 0
1791106291 1785, 2619, 46, 0x0000000000000000 | 6.50 6.29 5.76 | cpu  2148195076 50793235 274758340 15044491488 1678135 0 10749743 0 0 0
1791106293 1785, 2619, 46, 0x0000000000000000 | 6.50 6.29 5.76 | cpu  2148195483 50793235 274758597 15044515814 1678135 0 10749762 0 0 0
1791106294 1785, 2619, 46, 0x0000000000000000 | 6.50 6.29 5.76 | cpu  2148195914 50793235 274758846 15044541022 1678136 0 10749772 0 0 0
1791106295 1785, 2619, 47, 0x0000000000000000 | 6.70 6.34 5.78 | cpu  2148196348 50793235 274759211 15044566466 1678136 0 10749782 0 0 0
1791106296 1785, 2619, 47, 0x0000000000000000 | 6.70 6.34 5.78 | cpu  2148196753 50793235 274759464 15044591531 1678136 0 10749794 0 0 0
1791106297 1785, 2619, 47, 0x0000000000000000 | 6.70 6.34 5.78 | cpu  2148197096 50793235 274759575 15044616786 1678136 0 10749797 0 0 0
1791106298 1785, 2619, 46, 0x0000000000000000 | 6.70 6.34 5.78 | cpu  2148197495 50793235 274759692 15044641709 1678136 0 10749803 0 0 0
1791106300 1785, 2619, 46, 0x0000000000000000 | 6.80 6.37 5.79 | cpu  2148197907 50793235 274759856 15044666609 1678136 0 10749809 0 0 0
1791106301 1785, 2619, 46, 0x0000000000000000 | 6.80 6.37 5.79 | cpu  2148198316 50793235 274759991 15044691936 1678136 0 10749819 0 0 0
1791106302 1785, 2619, 46, 0x0000000000000000 | 6.80 6.37 5.79 | cpu  2148198700 50793235 274760113 15044716856 1678136 0 10749828 0 0 0
1791106303 1785, 2619, 46, 0x0000000000000000 | 6.80 6.37 5.79 | cpu  2148199104 50793235 274760297 15044741578 1678136 0 10749836 0 0 0
1791106304 1785, 2619, 47, 0x0000000000000000 | 6.90 6.39 5.80 | cpu  2148199499 50793235 274760454 15044766476 1678136 0 10749848 0 0 0
1791106305 1785, 2619, 47, 0x0000000000000000 | 6.90 6.39 5.80 | cpu  2148199892 50793235 274760609 15044791357 1678136 0 10749858 0 0 0
1791106307 1785, 2619, 47, 0x0000000000000000 | 6.90 6.39 5.80 | cpu  2148200289 50793235 274760776 15044819707 1678136 0 10749877 0 0 0
1791106308 1785, 2619, 47, 0x0000000000000000 | 6.90 6.39 5.80 | cpu  2148200699 50793235 274760974 15044844888 1678136 0 10749892 0 0 0
1791106309 1785, 2619, 47, 0x0000000000000000 | 6.90 6.39 5.80 | cpu  2148201156 50793236 274761168 15044869014 1678136 0 10749903 0 0 0
1791106310 1785, 2619, 47, 0x0000000000000000 | 6.67 6.35 5.79 | cpu  2148201578 50793236 274761400 15044894000 1678136 0 10749916 0 0 0
1791106311 1785, 2619, 46, 0x0000000000000000 | 6.67 6.35 5.79 | cpu  2148202004 50793236 274761642 15044918624 1678136 0 10749936 0 0 0
1791106312 1785, 2619, 46, 0x0000000000000000 | 6.67 6.35 5.79 | cpu  2148202379 50793236 274761858 15044943475 1678136 0 10749944 0 0 0
1791106313 1785, 2619, 46, 0x0000000000000000 | 6.67 6.35 5.79 | cpu  2148202750 50793236 274762030 15044968573 1678136 0 10749948 0 0 0
1791106315 1785, 2619, 46, 0x0000000000000000 | 6.61 6.35 5.80 | cpu  2148203168 50793236 274762291 15044993178 1678136 0 10749958 0 0 0
1791106316 1785, 2619, 46, 0x0000000000000000 | 6.61 6.35 5.80 | cpu  2148203578 50793236 274762556 15045018222 1678136 0 10749970 0 0 0
1791106317 1785, 2619, 46, 0x0000000000000000 | 6.61 6.35 5.80 | cpu  2148203936 50793236 274762793 15045042513 1678137 0 10749978 0 0 0
1791106318 1785, 2619, 46, 0x0000000000000000 | 6.61 6.35 5.80 | cpu  2148204427 50793236 274763016 15045067884 1678137 0 10749988 0 0 0
1791106319 1785, 2619, 46, 0x0000000000000000 | 6.57 6.34 5.80 | cpu  2148204858 50793236 274763268 15045093309 1678137 0 10750014 0 0 0
1791106320 1785, 2619, 47, 0x0000000000000000 | 6.57 6.34 5.80 | cpu  2148205279 50793236 274763491 15045118243 1678137 0 10750028 0 0 0
1791106322 1785, 2619, 46, 0x0000000000000000 | 6.57 6.34 5.80 | cpu  2148205667 50793236 274763627 15045144526 1678137 0 10750039 0 0 0
1791106323 1785, 2619, 47, 0x0000000000000000 | 6.57 6.34 5.80 | cpu  2148206085 50793236 274763767 15045169009 1678137 0 10750049 0 0 0
1791106324 1785, 2619, 46, 0x0000000000000000 | 6.57 6.34 5.80 | cpu  2148206454 50793236 274763845 15045194175 1678137 0 10750060 0 0 0
1791106325 1785, 2619, 46, 0x0000000000000000 | 6.36 6.30 5.79 | cpu  2148206820 50793236 274763925 15045219491 1678137 0 10750065 0 0 0
1791106326 1785, 2619, 46, 0x0000000000000000 | 6.36 6.30 5.79 | cpu  2148207225 50793236 274764077 15045245149 1678138 0 10750072 0 0 0
1791106327 1785, 2619, 46, 0x0000000000000000 | 6.36 6.30 5.79 | cpu  2148207585 50793236 274764234 15045271363 1678138 0 10750078 0 0 0
1791106328 1785, 2619, 46, 0x0000000000000000 | 6.36 6.30 5.79 | cpu  2148207984 50793236 274764456 15045296109 1678138 0 10750089 0 0 0
1791106330 1785, 2619, 46, 0x0000000000000000 | 6.33 6.30 5.79 | cpu  2148208476 50793236 274764722 15045320077 1678138 0 10750107 0 0 0
1791106331 1785, 2619, 46, 0x0000000000000000 | 6.33 6.30 5.79 | cpu  2148209073 50793236 274765012 15045345430 1678138 0 10750123 0 0 0
1791106332 1785, 2619, 47, 0x0000000000000000 | 6.33 6.30 5.79 | cpu  2148209607 50793238 274765267 15045368921 1678139 0 10750139 0 0 0
1791106333 1785, 2619, 47, 0x0000000000000000 | 6.33 6.30 5.79 | cpu  2148210146 50793238 274765529 15045393492 1678139 0 10750163 0 0 0
1791106334 1785, 2619, 47, 0x0000000000000000 | 6.06 6.24 5.77 | cpu  2148210528 50793238 274765612 15045418359 1678139 0 10750179 0 0 0
1791106335 1785, 2619, 47, 0x0000000000000000 | 6.06 6.24 5.77 | cpu  2148210909 50793238 274765677 15045444142 1678139 0 10750184 0 0 0
1791106336 1785, 2619, 47, 0x0000000000000000 | 6.06 6.24 5.77 | cpu  2148211248 50793238 274765744 15045468967 1678139 0 10750192 0 0 0
1791106338 1785, 2619, 47, 0x0000000000000000 | 6.06 6.24 5.77 | cpu  2148211662 50793238 274765948 15045494543 1678139 0 10750202 0 0 0
1791106339 1785, 2619, 46, 0x0000000000000000 | 6.06 6.24 5.77 | cpu  2148212067 50793238 274766191 15045518487 1678140 0 10750213 0 0 0
1791106340 1785, 2619, 46, 0x0000000000000000 | 6.14 6.26 5.78 | cpu  2148212495 50793238 274766455 15045543973 1678140 0 10750225 0 0 0
1791106341 1785, 2619, 46, 0x0000000000000000 | 6.14 6.26 5.78 | cpu  2148212928 50793238 274766686 15045568800 1678140 0 10750231 0 0 0
1791106342 1785, 2619, 46, 0x0000000000000000 | 6.14 6.26 5.78 | cpu  2148213336 50793238 274766907 15045594285 1678142 0 10750238 0 0 0
1791106343 1785, 2619, 46, 0x0000000000000000 | 6.14 6.26 5.78 | cpu  2148213760 50793239 274767143 15045618843 1678142 0 10750252 0 0 0
1791106345 1785, 2619, 46, 0x0000000000000000 | 6.05 6.23 5.78 | cpu  2148214215 50793239 274767307 15045644838 1678142 0 10750264 0 0 0
1791106346 1785, 2619, 46, 0x0000000000000000 | 6.05 6.23 5.78 | cpu  2148214601 50793239 274767373 15045670570 1678142 0 10750265 0 0 0
1791106347 1785, 2619, 46, 0x0000000000000000 | 6.05 6.23 5.78 | cpu  2148214951 50793239 274767434 15045695500 1678142 0 10750274 0 0 0
1791106348 1785, 2619, 47, 0x0000000000000000 | 6.05 6.23 5.78 | cpu  2148215372 50793239 274767518 15045721228 1678142 0 10750286 0 0 0
1791106349 1785, 2619, 47, 0x0000000000000000 | 5.96 6.21 5.77 | cpu  2148215773 50793239 274767656 15045746355 1678142 0 10750296 0 0 0
1791106350 1785, 2619, 46, 0x0000000000000000 | 5.96 6.21 5.77 | cpu  2148216246 50793239 274767917 15045772638 1678144 0 10750315 0 0 0
1791106352 1785, 2619, 46, 0x0000000000000000 | 5.96 6.21 5.77 | cpu  2148216670 50793239 274768136 15045797506 1678144 0 10750329 0 0 0
1791106353 1785, 2619, 46, 0x0000000000000000 | 5.96 6.21 5.77 | cpu  2148217116 50793239 274768388 15045823335 1678144 0 10750341 0 0 0
1791106354 1785, 2619, 46, 0x0000000000000000 | 5.96 6.21 5.77 | cpu  2148217538 50793239 274768677 15045848117 1678144 0 10750362 0 0 0
1791106355 1785, 2619, 46, 0x0000000000000000 | 6.05 6.23 5.78 | cpu  2148217956 50793239 274768853 15045874127 1678145 0 10750371 0 0 0
1791106356 1785, 2619, 46, 0x0000000000000000 | 6.05 6.23 5.78 | cpu  2148218454 50793239 274769127 15045902717 1678145 0 10750388 0 0 0
1791106358 1785, 2619, 46, 0x0000000000000000 | 6.05 6.23 5.78 | cpu  2148218836 50793239 274769287 15045927556 1678145 0 10750406 0 0 0
1791106359 1785, 2619, 46, 0x0000000000000000 | 6.05 6.23 5.78 | cpu  2148219258 50793239 274769385 15045953613 1678145 0 10750412 0 0 0
1791106360 1785, 2619, 46, 0x0000000000000000 | 5.96 6.21 5.77 | cpu  2148219685 50793239 274769530 15045977737 1678145 0 10750424 0 0 0
1791106361 1785, 2619, 46, 0x0000000000000000 | 5.96 6.21 5.77 | cpu  2148220117 50793239 274769677 15046002833 1678145 0 10750432 0 0 0
1791106362 1785, 2619, 46, 0x0000000000000000 | 5.96 6.21 5.77 | cpu  2148220492 50793239 274769861 15046027855 1678145 0 10750441 0 0 0
1791106363 1785, 2619, 46, 0x0000000000000000 | 5.96 6.21 5.77 | cpu  2148220930 50793239 274770085 15046053250 1678146 0 10750448 0 0 0
1791106364 1785, 2619, 46, 0x0000000000000000 | 5.89 6.19 5.77 | cpu  2148221327 50793239 274770281 15046078388 1678146 0 10750454 0 0 0
1791106366 1785, 2619, 46, 0x0000000000000000 | 5.89 6.19 5.77 | cpu  2148221726 50793239 274770449 15046103972 1678146 0 10750467 0 0 0
1791106367 1785, 2619, 46, 0x0000000000000000 | 5.89 6.19 5.77 | cpu  2148222090 50793239 274770595 15046129037 1678146 0 10750478 0 0 0
1791106368 1785, 2619, 46, 0x0000000000000000 | 5.89 6.19 5.77 | cpu  2148222526 50793239 274770805 15046155005 1678146 0 10750497 0 0 0
1791106369 1785, 2619, 46, 0x0000000000000000 | 5.73 6.15 5.76 | cpu  2148222913 50793240 274770915 15046180015 1678146 0 10750504 0 0 0
1791106370 1785, 2619, 47, 0x0000000000000000 | 5.73 6.15 5.76 | cpu  2148223309 50793240 274771074 15046205377 1678146 0 10750509 0 0 0
1791106371 1785, 2619, 46, 0x0000000000000000 | 5.73 6.15 5.76 | cpu  2148223691 50793240 274771206 15046229836 1678146 0 10750511 0 0 0
1791106373 1785, 2619, 47, 0x0000000000000000 | 5.73 6.15 5.76 | cpu  2148224095 50793240 274771346 15046255038 1678146 0 10750519 0 0 0
1791106374 1785, 2619, 47, 0x0000000000000000 | 5.73 6.15 5.76 | cpu  2148224509 50793240 274771531 15046279720 1678146 0 10750526 0 0 0
1791106375 1785, 2619, 47, 0x0000000000000000 | 5.60 6.11 5.75 | cpu  2148224918 50793240 274771712 15046306045 1678148 0 10750543 0 0 0
1791106376 1785, 2619, 47, 0x0000000000000000 | 5.60 6.11 5.75 | cpu  2148225325 50793240 274771863 15046331468 1678148 0 10750552 0 0 0
1791106377 1785, 2619, 46, 0x0000000000000000 | 5.60 6.11 5.75 | cpu  2148225677 50793240 274772004 15046356153 1678148 0 10750567 0 0 0
1791106378 1785, 2619, 46, 0x0000000000000000 | 5.60 6.11 5.75 | cpu  2148226072 50793240 274772162 15046381363 1678149 0 10750588 0 0 0
1791106380 1785, 2619, 46, 0x0000000000000000 | 5.79 6.15 5.76 | cpu  2148226515 50793240 274772404 15046406765 1678149 0 10750606 0 0 0
1791106381 1785, 2619, 46, 0x0000000000000000 | 5.79 6.15 5.76 | cpu  2148226915 50793240 274772595 15046431562 1678149 0 10750614 0 0 0
1791106382 1785, 2619, 46, 0x0000000000000000 | 5.79 6.15 5.76 | cpu  2148227298 50793240 274772708 15046456610 1678149 0 10750621 0 0 0
1791106383 1785, 2619, 46, 0x0000000000000000 | 5.79 6.15 5.76 | cpu  2148227716 50793240 274772844 15046481902 1678149 0 10750638 0 0 0
1791106384 1785, 2619, 46, 0x0000000000000000 | 5.56 6.09 5.75 | cpu  2148228098 50793240 274772954 15046506336 1678149 0 10750648 0 0 0
1791106385 1785, 2619, 47, 0x0000000000000000 | 5.56 6.09 5.75 | cpu  2148228511 50793240 274773082 15046532527 1678149 0 10750656 0 0 0
1791106386 1785, 2619, 46, 0x0000000000000000 | 5.56 6.09 5.75 | cpu  2148228856 50793240 274773220 15046556940 1678150 0 10750664 0 0 0
1791106388 1785, 2619, 47, 0x0000000000000000 | 5.56 6.09 5.75 | cpu  2148229246 50793240 274773378 15046581709 1678150 0 10750679 0 0 0
1791106389 1785, 2619, 47, 0x0000000000000000 | 5.56 6.09 5.75 | cpu  2148229626 50793240 274773545 15046606482 1678150 0 10750691 0 0 0
1791106390 1785, 2619, 47, 0x0000000000000000 | 5.52 6.07 5.74 | cpu  2148230050 50793240 274773790 15046631078 1678150 0 10750703 0 0 0
1791106391 1785, 2619, 46, 0x0000000000000000 | 5.52 6.07 5.74 | cpu  2148230493 50793240 274774057 15046656547 1678150 0 10750723 0 0 0
1791106392 1785, 2619, 46, 0x0000000000000000 | 5.52 6.07 5.74 | cpu  2148230914 50793240 274774267 15046682930 1678150 0 10750729 0 0 0
1791106393 1785, 2619, 46, 0x0000000000000000 | 5.52 6.07 5.74 | cpu  2148231334 50793241 274774401 15046708036 1678150 0 10750738 0 0 0
1791106394 1785, 2619, 46, 0x0000000000000000 | 5.40 6.04 5.73 | cpu  2148231726 50793241 274774500 15046733251 1678150 0 10750747 0 0 0
1791106396 1785, 2619, 46, 0x0000000000000000 | 5.40 6.04 5.73 | cpu  2148232104 50793241 274774555 15046758990 1678150 0 10750751 0 0 0
1791106397 1785, 2619, 46, 0x0000000000000000 | 5.40 6.04 5.73 | cpu  2148232442 50793241 274774621 15046784423 1678150 0 10750766 0 0 0
1791106398 1785, 2619, 46, 0x0000000000000000 | 5.40 6.04 5.73 | cpu  2148232846 50793241 274774774 15046809897 1678151 0 10750776 0 0 0
1791106399 1785, 2619, 46, 0x0000000000000000 | 5.45 6.04 5.74 | cpu  2148233254 50793241 274774965 15046835485 1678152 0 10750796 0 0 0
1791106400 1785, 2619, 47, 0x0000000000000000 | 5.45 6.04 5.74 | cpu  2148233699 50793241 274775230 15046861392 1678152 0 10750806 0 0 0
1791106401 1785, 2619, 47, 0x0000000000000000 | 5.45 6.04 5.74 | cpu  2148234137 50793241 274775466 15046886310 1678154 0 10750812 0 0 0
1791106403 1785, 2619, 47, 0x0000000000000000 | 5.45 6.04 5.74 | cpu  2148234558 50793241 274775830 15046910134 1678154 0 10750822 0 0 0
1791106404 1785, 2619, 46, 0x0000000000000000 | 5.45 6.04 5.74 | cpu  2148235002 50793241 274776146 15046936145 1678154 0 10750832 0 0 0
1791106405 1785, 2619, 47, 0x0000000000000000 | 5.41 6.02 5.73 | cpu  2148235412 50793241 274776278 15046962062 1678154 0 10750840 0 0 0
1791106406 1785, 2619, 46, 0x0000000000000000 | 5.41 6.02 5.73 | cpu  2148236184 50793241 274776378 15046989986 1678154 0 10750851 0 0 0
1791106407 1785, 2619, 46, 0x0000000000000000 | 5.41 6.02 5.73 | cpu  2148236838 50793241 274776472 15047014014 1678154 0 10750878 0 0 0
1791106409 1785, 2619, 46, 0x0000000000000000 | 5.41 6.02 5.73 | cpu  2148237206 50793241 274776537 15047038727 1678154 0 10750890 0 0 0
1791106410 1785, 2619, 47, 0x0000000000000000 | 5.30 5.99 5.72 | cpu  2148237634 50793241 274776680 15047063863 1678154 0 10750898 0 0 0
1791106411 1785, 2619, 47, 0x0000000000000000 | 5.30 5.99 5.72 | cpu  2148238128 50793241 274776964 15047089778 1678156 0 10750917 0 0 0
1791106412 1785, 2619, 47, 0x0000000000000000 | 5.30 5.99 5.72 | cpu  2148238520 50793241 274777180 15047114903 1678156 0 10750922 0 0 0
1791106413 1785, 2619, 47, 0x0000000000000000 | 5.30 5.99 5.72 | cpu  2148238958 50793241 274777427 15047140034 1678156 0 10750927 0 0 0
1791106414 1785, 2619, 47, 0x0000000000000000 | 5.35 5.99 5.72 | cpu  2148239384 50793241 274777655 15047164501 1678156 0 10750938 0 0 0
1791106415 1785, 2619, 47, 0x0000000000000000 | 5.35 5.99 5.72 | cpu  2148239779 50793241 274777852 15047189740 1678157 0 10750949 0 0 0
1791106417 1785, 2619, 47, 0x0000000000000000 | 5.35 5.99 5.72 | cpu  2148240128 50793241 274777956 15047214190 1678157 0 10750970 0 0 0
1791106418 1785, 2619, 47, 0x0000000000000000 | 5.35 5.99 5.72 | cpu  2148240505 50793241 274778022 15047238486 1678157 0 10750974 0 0 0
1791106419 1785, 2619, 46, 0x0000000000000000 | 5.35 5.99 5.72 | cpu  2148240896 50793241 274778090 15047264700 1678157 0 10750979 0 0 0
1791106420 1785, 2619, 46, 0x0000000000000000 | 5.24 5.95 5.71 | cpu  2148241278 50793241 274778189 15047289445 1678157 0 10750985 0 0 0
1791106421 1785, 2619, 46, 0x0000000000000000 | 5.24 5.95 5.71 | cpu  2148241666 50793241 274778388 15047315986 1678157 0 10750996 0 0 0
1791106422 1785, 2619, 46, 0x0000000000000000 | 5.24 5.95 5.71 | cpu  2148242097 50793241 274778786 15047340684 1678158 0 10751008 0 0 0
1791106424 1785, 2619, 46, 0x0000000000000000 | 5.24 5.95 5.71 | cpu  2148242545 50793241 274779066 15047366158 1678158 0 10751023 0 0 0
1791106425 1785, 2619, 46, 0x0000000000000000 | 5.30 5.96 5.72 | cpu  2148242988 50793241 274779309 15047391079 1678158 0 10751036 0 0 0
1791106426 1785, 2619, 47, 0x0000000000000000 | 5.30 5.96 5.72 | cpu  2148243377 50793241 274779501 15047416434 1678158 0 10751045 0 0 0
1791106427 1785, 2619, 47, 0x0000000000000000 | 5.30 5.96 5.72 | cpu  2148243743 50793241 274779656 15047442428 1678158 0 10751052 0 0 0
1791106428 1785, 2619, 47, 0x0000000000000000 | 5.30 5.96 5.72 | cpu  2148244146 50793241 274779813 15047468062 1678159 0 10751065 0 0 0
1791106429 1785, 2619, 47, 0x0000000000000000 | 5.12 5.91 5.70 | cpu  2148244516 50793241 274779873 15047493300 1678159 0 10751068 0 0 0
1791106430 1785, 2619, 46, 0x0000000000000000 | 5.12 5.91 5.70 | cpu  2148244911 50793241 274779999 15047518975 1678159 0 10751075 0 0 0
1791106432 1785, 2619, 46, 0x0000000000000000 | 5.12 5.91 5.70 | cpu  2148245266 50793241 274780164 15047543091 1678159 0 10751086 0 0 0
1791106433 1785, 2619, 46, 0x0000000000000000 | 5.12 5.91 5.70 | cpu  2148245712 50793241 274780306 15047569019 1678159 0 10751092 0 0 0
1791106434 1785, 2619, 46, 0x0000000000000000 | 5.12 5.91 5.70 | cpu  2148246130 50793241 274780512 15047594046 1678159 0 10751102 0 0 0
1791106435 1785, 2619, 46, 0x0000000000000000 | 5.11 5.89 5.70 | cpu  2148246560 50793241 274780767 15047619521 1678160 0 10751114 0 0 0
1791106436 1785, 2619, 46, 0x0000000000000000 | 5.11 5.89 5.70 | cpu  2148246944 50793241 274780936 15047644221 1678160 0 10751129 0 0 0
1791106437 1785, 2619, 46, 0x0000000000000000 | 5.11 5.89 5.70 | cpu  2148247340 50793241 274781107 15047669116 1678160 0 10751139 0 0 0
1791106439 1785, 2619, 46, 0x0000000000000000 | 5.11 5.89 5.70 | cpu  2148247720 50793241 274781267 15047693732 1678160 0 10751148 0 0 0
1791106440 1785, 2619, 46, 0x0000000000000000 | 5.34 5.93 5.71 | cpu  2148248106 50793241 274781426 15047718011 1678161 0 10751160 0 0 0
1791106441 1785, 2619, 46, 0x0000000000000000 | 5.34 5.93 5.71 | cpu  2148248494 50793242 274781564 15047743005 1678161 0 10751177 0 0 0
1791106442 1785, 2619, 46, 0x0000000000000000 | 5.34 5.93 5.71 | cpu  2148248833 50793242 274781697 15047766944 1678161 0 10751182 0 0 0
1791106443 1785, 2619, 46, 0x0000000000000000 | 5.34 5.93 5.71 | cpu  2148249250 50793242 274781825 15047791315 1678161 0 10751190 0 0 0
1791106444 1785, 2619, 46, 0x0000000000000000 | 5.31 5.91 5.71 | cpu  2148249669 50793242 274781968 15047816733 1678161 0 10751196 0 0 0
1791106445 1785, 2619, 46, 0x0000000000000000 | 5.31 5.91 5.71 | cpu  2148250159 50793242 274782126 15047842201 1678161 0 10751203 0 0 0
1791106447 1785, 2619, 46, 0x0000000000000000 | 5.31 5.91 5.71 | cpu  2148250507 50793242 274782279 15047866658 1678162 0 10751215 0 0 0
1791106448 1785, 2619, 46, 0x0000000000000000 | 5.31 5.91 5.71 | cpu  2148250914 50793242 274782458 15047892085 1678162 0 10751238 0 0 0
1791106449 1785, 2619, 46, 0x0000000000000000 | 5.31 5.91 5.71 | cpu  2148251296 50793242 274782608 15047917000 1678162 0 10751244 0 0 0
1791106450 1785, 2619, 46, 0x0000000000000000 | 5.29 5.90 5.70 | cpu  2148251714 50793242 274782767 15047943066 1678163 0 10751260 0 0 0
1791106451 1785, 2619, 46, 0x0000000000000000 | 5.29 5.90 5.70 | cpu  2148252076 50793242 274782968 15047967514 1678163 0 10751270 0 0 0
1791106452 1785, 2619, 47, 0x0000000000000000 | 5.29 5.90 5.70 | cpu  2148252499 50793242 274783194 15047992158 1678163 0 10751287 0 0 0
1791106453 1785, 2619, 47, 0x0000000000000000 | 5.29 5.90 5.70 | cpu  2148252919 50793242 274783382 15048016864 1678163 0 10751300 0 0 0
1791106455 1785, 2619, 46, 0x0000000000000000 | 5.27 5.88 5.70 | cpu  2148253342 50793242 274783572 15048041229 1678163 0 10751312 0 0 0
1791106456 1785, 2619, 46, 0x0000000000000000 | 5.27 5.88 5.70 | cpu  2148253724 50793242 274783690 15048066126 1678163 0 10751316 0 0 0
1791106457 1785, 2619, 46, 0x0000000000000000 | 5.27 5.88 5.70 | cpu  2148254081 50793242 274783757 15048091379 1678163 0 10751324 0 0 0
1791106458 1785, 2619, 46, 0x0000000000000000 | 5.27 5.88 5.70 | cpu  2148254469 50793242 274783905 15048116035 1678165 0 10751340 0 0 0
1791106459 1785, 2619, 46, 0x0000000000000000 | 5.27 5.88 5.70 | cpu  2148254872 50793242 274784070 15048140330 1678166 0 10751358 0 0 0
1791106460 1785, 2619, 46, 0x0000000000000000 | 5.24 5.87 5.69 | cpu  2148255257 50793242 274784236 15048164733 1678166 0 10751368 0 0 0
1791106461 1785, 2619, 46, 0x0000000000000000 | 5.24 5.87 5.69 | cpu  2148255647 50793242 274784456 15048190259 1678166 0 10751380 0 0 0
1791106463 1785, 2619, 47, 0x0000000000000000 | 5.24 5.87 5.69 | cpu  2148256078 50793242 274784728 15048216152 1678168 0 10751392 0 0 0
1791106464 1785, 2619, 47, 0x0000000000000000 | 5.24 5.87 5.69 | cpu  2148256514 50793242 274784957 15048241281 1678168 0 10751405 0 0 0
1791106465 1785, 2619, 46, 0x0000000000000000 | 5.38 5.89 5.70 | cpu  2148256924 50793242 274785089 15048266401 1678168 0 10751408 0 0 0
1791106466 1785, 2619, 46, 0x0000000000000000 | 5.38 5.89 5.70 | cpu  2148257326 50793242 274785197 15048293825 1678168 0 10751415 0 0 0
1791106467 1785, 2619, 46, 0x0000000000000000 | 5.38 5.89 5.70 | cpu  2148257743 50793242 274785358 15048320009 1678168 0 10751431 0 0 0
1791106468 1785, 2619, 46, 0x0000000000000000 | 5.38 5.89 5.70 | cpu  2148258110 50793242 274785472 15048344753 1678168 0 10751434 0 0 0
1791106470 1785, 2619, 46, 0x0000000000000000 | 5.27 5.85 5.69 | cpu  2148258518 50793242 274785612 15048371030 1678168 0 10751448 0 0 0
1791106471 1785, 2619, 46, 0x0000000000000000 | 5.27 5.85 5.69 | cpu  2148258938 50793242 274785836 15048399700 1678168 0 10751475 0 0 0
1791106472 1785, 2619, 46, 0x0000000000000000 | 5.27 5.85 5.69 | cpu  2148259360 50793242 274786099 15048425364 1678168 0 10751493 0 0 0
1791106473 1785, 2619, 46, 0x0000000000000000 | 5.27 5.85 5.69 | cpu  2148259797 50793242 274786326 15048450557 1678169 0 10751500 0 0 0
1791106474 1785, 2619, 47, 0x0000000000000000 | 5.33 5.86 5.69 | cpu  2148260205 50793242 274786568 15048475387 1678169 0 10751511 0 0 0
1791106476 1785, 2619, 47, 0x0000000000000000 | 5.33 5.86 5.69 | cpu  2148260620 50793242 274786786 15048499799 1678169 0 10751522 0 0 0
1791106477 1785, 2619, 47, 0x0000000000000000 | 5.33 5.86 5.69 | cpu  2148260966 50793242 274786871 15048524948 1678169 0 10751531 0 0 0
1791106478 1785, 2619, 47, 0x0000000000000000 | 5.33 5.86 5.69 | cpu  2148261329 50793246 274786940 15048550624 1678169 0 10751537 0 0 0
1791106479 1785, 2619, 46, 0x0000000000000000 | 5.33 5.86 5.69 | cpu  2148261708 50793246 274786999 15048575608 1678169 0 10751542 0 0 0
1791106480 1785, 2619, 46, 0x0000000000000000 | 5.22 5.82 5.68 | cpu  2148262111 50793246 274787068 15048601220 1678169 0 10751546 0 0 0
1791106481 1785, 2619, 46, 0x0000000000000000 | 5.22 5.82 5.68 | cpu  2148262460 50793246 274787197 15048625682 1678169 0 10751552 0 0 0
1791106482 1785, 2619, 46, 0x0000000000000000 | 5.22 5.82 5.68 | cpu  2148262888 50793246 274787430 15048649848 1678170 0 10751558 0 0 0
1791106484 1785, 2619, 46, 0x0000000000000000 | 5.22 5.82 5.68 | cpu  2148263333 50793246 274787686 15048675918 1678170 0 10751565 0 0 0
1791106485 1785, 2619, 46, 0x0000000000000000 | 5.21 5.81 5.68 | cpu  2148263746 50793246 274787934 15048700681 1678170 0 10751575 0 0 0
1791106486 1785, 2619, 46, 0x0000000000000000 | 5.21 5.81 5.68 | cpu  2148264181 50793246 274788267 15048728299 1678170 0 10751604 0 0 0
1791106487 1785, 2619, 47, 0x0000000000000000 | 5.21 5.81 5.68 | cpu  2148264578 50793246 274788615 15048752678 1678170 0 10751617 0 0 0
1791106488 1785, 2619, 47, 0x0000000000000000 | 5.21 5.81 5.68 | cpu  2148264989 50793246 274788938 15048778528 1678170 0 10751626 0 0 0
1791106489 1785, 2619, 47, 0x0000000000000000 | 5.19 5.80 5.68 | cpu  2148265424 50793246 274789136 15048804233 1678170 0 10751639 0 0 0
1791106491 1785, 2619, 47, 0x0000000000000000 | 5.19 5.80 5.68 | cpu  2148265786 50793246 274789306 15048828834 1678170 0 10751645 0 0 0
1791106492 1785, 2619, 46, 0x0000000000000000 | 5.19 5.80 5.68 | cpu  2148266150 50793246 274789513 15048854859 1678170 0 10751650 0 0 0
1791106493 1785, 2619, 46, 0x0000000000000000 | 5.19 5.80 5.68 | cpu  2148266580 50793246 274789800 15048880115 1678170 0 10751659 0 0 0
1791106494 1785, 2619, 46, 0x0000000000000000 | 5.34 5.82 5.68 | cpu  2148267021 50793246 274790027 15048905297 1678171 0 10751676 0 0 0
1791106495 1785, 2619, 46, 0x0000000000000000 | 5.34 5.82 5.68 | cpu  2148267428 50793246 274790258 15048929477 1678171 0 10751682 0 0 0
1791106496 1785, 2619, 46, 0x0000000000000000 | 5.34 5.82 5.68 | cpu  2148267820 50793246 274790490 15048954966 1678171 0 10751695 0 0 0
1791106498 1785, 2619, 46, 0x0000000000000000 | 5.34 5.82 5.68 | cpu  2148268226 50793246 274790641 15048979353 1678171 0 10751704 0 0 0
1791106499 1785, 2619, 46, 0x0000000000000000 | 5.34 5.82 5.68 | cpu  2148268636 50793246 274790796 15049004606 1678171 0 10751721 0 0 0
1791106500 1785, 2619, 47, 0x0000000000000000 | 5.23 5.79 5.68 | cpu  2148269042 50793246 274790962 15049030101 1678171 0 10751743 0 0 0
1791106501 1785, 2619, 47, 0x0000000000000000 | 5.23 5.79 5.68 | cpu  2148269388 50793246 274791054 15049054583 1678171 0 10751756 0 0 0
1791106502 1785, 2619, 47, 0x0000000000000000 | 5.23 5.79 5.68 | cpu  2148269847 50793246 274791326 15049080072 1678173 0 10751770 0 0 0
1791106503 1785, 2619, 47, 0x0000000000000000 | 5.23 5.79 5.68 | cpu  2148270454 50793246 274791594 15049105052 1678173 0 10751779 0 0 0
1791106504 1785, 2619, 47, 0x0000000000000000 | 5.37 5.81 5.68 | cpu  2148270996 50793246 274791794 15049128507 1678173 0 10751802 0 0 0
1791106506 1785, 2619, 46, 0x0000000000000000 | 5.37 5.81 5.68 | cpu  2148271594 50793246 274792052 15049151969 1678173 0 10751823 0 0 0
1791106507 1785, 2619, 46, 0x0000000000000000 | 5.37 5.81 5.68 | cpu  2148272062 50793247 274792319 15049177227 1678174 0 10751839 0 0 0
1791106508 1785, 2619, 46, 0x0000000000000000 | 5.37 5.81 5.68 | cpu  2148272471 50793247 274792510 15049203538 1678174 0 10751847 0 0 0
1791106509 1785, 2619, 46, 0x0000000000000000 | 5.37 5.81 5.68 | cpu  2148272856 50793247 274792696 15049228279 1678174 0 10751856 0 0 0
1791106510 1785, 2619, 47, 0x0000000000000000 | 5.42 5.81 5.68 | cpu  2148273250 50793247 274792853 15049253103 1678174 0 10751858 0 0 0
1791106511 1785, 2619, 47, 0x0000000000000000 | 5.42 5.81 5.68 | cpu  2148273602 50793247 274793004 15049278140 1678174 0 10751867 0 0 0
1791106512 1785, 2619, 47, 0x0000000000000000 | 5.42 5.81 5.68 | cpu  2148274003 50793248 274793152 15049303422 1678174 0 10751873 0 0 0
1791106514 1785, 2619, 47, 0x0000000000000000 | 5.42 5.81 5.68 | cpu  2148274413 50793248 274793298 15049329032 1678174 0 10751877 0 0 0
1791106515 1785, 2619, 47, 0x0000000000000000 | 5.31 5.78 5.68 | cpu  2148274810 50793248 274793430 15049353738 1678174 0 10751884 0 0 0
1791106516 1785, 2619, 47, 0x0000000000000000 | 5.31 5.78 5.68 | cpu  2148275256 50793251 274793570 15049377999 1678174 0 10751892 0 0 0
1791106517 1785, 2619, 47, 0x0000000000000000 | 5.31 5.78 5.68 | cpu  2148275660 50793251 274793722 15049403517 1678174 0 10751909 0 0 0
1791106518 1785, 2619, 46, 0x0000000000000000 | 5.31 5.78 5.68 | cpu  2148276069 50793252 274793933 15049428181 1678176 0 10751925 0 0 0
1791106519 1785, 2619, 46, 0x0000000000000000 | 5.28 5.77 5.67 | cpu  2148276462 50793252 274794089 15049453351 1678176 0 10751930 0 0 0
1791106520 1785, 2619, 46, 0x0000000000000000 | 5.28 5.77 5.67 | cpu  2148276852 50793252 274794251 15049478249 1678176 0 10751937 0 0 0
1791106522 1785, 2619, 46, 0x0000000000000000 | 5.28 5.77 5.67 | cpu  2148277225 50793252 274794415 15049502781 1678178 0 10751943 0 0 0
1791106523 1785, 2619, 47, 0x0000000000000000 | 5.28 5.77 5.67 | cpu  2148277637 50793252 274794662 15049527944 1678178 0 10751952 0 0 0
1791106524 1785, 2619, 47, 0x0000000000000000 | 5.28 5.77 5.67 | cpu  2148278023 50793252 274794847 15049552323 1678178 0 10751957 0 0 0
1791106525 1785, 2619, 47, 0x0000000000000000 | 5.26 5.75 5.67 | cpu  2148278442 50793252 274794976 15049577667 1678178 0 10751960 0 0 0
1791106526 1785, 2619, 47, 0x0000000000000000 | 5.26 5.75 5.67 | cpu  2148278841 50793252 274795098 15049601705 1678178 0 10751968 0 0 0
1791106527 1785, 2619, 47, 0x0000000000000000 | 5.26 5.75 5.67 | cpu  2148279228 50793252 274795184 15049626875 1678178 0 10751973 0 0 0
1791106528 1785, 2619, 47, 0x0000000000000000 | 5.26 5.75 5.67 | cpu  2148279600 50793253 274795270 15049652125 1678178 0 10751978 0 0 0
1791106530 1785, 2619, 46, 0x0000000000000000 | 5.40 5.77 5.67 | cpu  2148280008 50793253 274795432 15049676861 1678179 0 10751987 0 0 0
1791106531 1785, 2619, 46, 0x0000000000000000 | 5.40 5.77 5.67 | cpu  2148280409 50793253 274795610 15049705391 1678179 0 10751995 0 0 0
1791106532 1785, 2619, 46, 0x0000000000000000 | 5.40 5.77 5.67 | cpu  2148280812 50793253 274795892 15049730145 1678179 0 10752007 0 0 0
1791106533 1785, 2619, 47, 0x0000000000000000 | 5.40 5.77 5.67 | cpu  2148281260 50793253 274796268 15049754709 1678179 0 10752022 0 0 0
1791106534 1785, 2619, 47, 0x0000000000000000 | 5.45 5.78 5.68 | cpu  2148281702 50793253 274796599 15049779675 1678179 0 10752042 0 0 0
1791106535 1785, 2619, 47, 0x0000000000000000 | 5.45 5.78 5.68 | cpu  2148282130 50793254 274796948 15049804574 1678179 0 10752061 0 0 0
1791106537 1785, 2619, 47, 0x0000000000000000 | 5.45 5.78 5.68 | cpu  2148282510 50793254 274797169 15049829642 1678179 0 10752068 0 0 0
1791106538 1785, 2619, 47, 0x0000000000000000 | 5.45 5.78 5.68 | cpu  2148282880 50793254 274797259 15049854228 1678179 0 10752076 0 0 0
1791106539 1785, 2619, 47, 0x0000000000000000 | 5.45 5.78 5.68 | cpu  2148283261 50793254 274797334 15049880044 1678180 0 10752081 0 0 0
1791106540 1785, 2619, 47, 0x0000000000000000 | 5.33 5.75 5.67 | cpu  2148283624 50793254 274797396 15049904587 1678180 0 10752085 0 0 0
1791106541 1785, 2619, 47, 0x0000000000000000 | 5.33 5.75 5.67 | cpu  2148283979 50793254 274797515 15049929691 1678180 0 10752096 0 0 0
1791106542 1785, 2619, 46, 0x0000000000000000 | 5.33 5.75 5.67 | cpu  2148284395 50793254 274797718 15049954455 1678181 0 10752112 0 0 0
1791106543 1785, 2619, 46, 0x0000000000000000 | 5.33 5.75 5.67 | cpu  2148284810 50793254 274797970 15049979850 1678181 0 10752119 0 0 0
1791106545 1785, 2619, 46, 0x0000000000000000 | 5.54 5.79 5.68 | cpu  2148285248 50793254 274798200 15050005493 1678181 0 10752131 0 0 0
1791106546 1785, 2619, 46, 0x0000000000000000 | 5.54 5.79 5.68 | cpu  2148285623 50793254 274798424 15050030310 1678181 0 10752136 0 0 0
1791106547 1785, 2619, 46, 0x0000000000000000 | 5.54 5.79 5.68 | cpu  2148286054 50793254 274798662 15050055780 1678181 0 10752148 0 0 0
1791106548 1785, 2619, 47, 0x0000000000000000 | 5.54 5.79 5.68 | cpu  2148286449 50793254 274798814 15050081226 1678181 0 10752160 0 0 0
1791106549 1785, 2619, 47, 0x0000000000000000 | 5.34 5.74 5.67 | cpu  2148286829 50793254 274798886 15050105645 1678181 0 10752175 0 0 0
1791106550 1785, 2619, 47, 0x0000000000000000 | 5.34 5.74 5.67 | cpu  2148287188 50793254 274798957 15050130608 1678181 0 10752178 0 0 0
1791106552 1785, 2619, 47, 0x0000000000000000 | 5.34 5.74 5.67 | cpu  2148287511 50793254 274799019 15050155045 1678181 0 10752180 0 0 0
1791106553 1785, 2619, 47, 0x0000000000000000 | 5.34 5.74 5.67 | cpu  2148287920 50793254 274799212 15050180409 1678181 0 10752190 0 0 0
1791106554 1785, 2619, 47, 0x0000000000000000 | 5.34 5.74 5.67 | cpu  2148288336 50793254 274799535 15050205471 1678183 0 10752201 0 0 0
1791106555 1785, 2619, 46, 0x0000000000000000 | 5.55 5.78 5.68 | cpu  2148288772 50793254 274799783 15050231387 1678183 0 10752214 0 0 0
1791106556 1785, 2619, 46, 0x0000000000000000 | 5.55 5.78 5.68 | cpu  2148289152 50793255 274800002 15050256207 1678183 0 10752232 0 0 0
1791106557 1785, 2619, 46, 0x0000000000000000 | 5.55 5.78 5.68 | cpu  2148289595 50793255 274800248 15050281941 1678183 0 10752250 0 0 0
1791106559 1785, 2619, 46, 0x0000000000000000 | 5.55 5.78 5.68 | cpu  2148290013 50793255 274800425 15050307140 1678183 0 10752259 0 0 0
1791106560 1785, 2619, 47, 0x0000000000000000 | 5.43 5.75 5.67 | cpu  2148290405 50793255 274800584 15050331970 1678183 0 10752269 0 0 0
1791106561 1785, 2619, 47, 0x0000000000000000 | 5.43 5.75 5.67 | cpu  2148290734 50793255 274800643 15050356272 1678183 0 10752274 0 0 0
1791106562 1785, 2619, 47, 0x0000000000000000 | 5.43 5.75 5.67 | cpu  2148291100 50793255 274800702 15050381155 1678183 0 10752276 0 0 0
1791106563 1785, 2619, 47, 0x0000000000000000 | 5.43 5.75 5.67 | cpu  2148291492 50793256 274800794 15050406943 1678184 0 10752282 0 0 0
1791106564 1785, 2619, 47, 0x0000000000000000 | 5.56 5.77 5.68 | cpu  2148291952 50793256 274800976 15050431591 1678184 0 10752295 0 0 0
1791106565 1785, 2619, 47, 0x0000000000000000 | 5.56 5.77 5.68 | cpu  2148292374 50793256 274801145 15050456490 1678184 0 10752298 0 0 0
1791106566 1785, 2619, 47, 0x0000000000000000 | 5.56 5.77 5.68 | cpu  2148292732 50793256 274801368 15050480444 1678184 0 10752310 0 0 0
1791106568 1785, 2619, 47, 0x0000000000000000 | 5.56 5.77 5.68 | cpu  2148293175 50793256 274801608 15050505862 1678185 0 10752320 0 0 0
1791106569 1785, 2619, 47, 0x0000000000000000 | 5.56 5.77 5.68 | cpu  2148293573 50793256 274801791 15050531023 1678185 0 10752326 0 0 0
1791106570 1785, 2619, 46, 0x0000000000000000 | 5.59 5.77 5.68 | cpu  2148293966 50793256 274801951 15050556679 1678185 0 10752336 0 0 0
1791106571 1785, 2619, 46, 0x0000000000000000 | 5.59 5.77 5.68 | cpu  2148294324 50793256 274802104 15050581941 1678185 0 10752346 0 0 0
1791106572 1785, 2619, 47, 0x0000000000000000 | 5.59 5.77 5.68 | cpu  2148294704 50793256 274802213 15050607290 1678185 0 10752350 0 0 0
1791106573 1785, 2619, 47, 0x0000000000000000 | 5.59 5.77 5.68 | cpu  2148295080 50793256 274802308 15050632095 1678185 0 10752354 0 0 0
1791106575 1785, 2619, 47, 0x0000000000000000 | 5.54 5.76 5.67 | cpu  2148295506 50793256 274802472 15050657464 1678185 0 10752358 0 0 0
1791106576 1785, 2619, 47, 0x0000000000000000 | 5.54 5.76 5.67 | cpu  2148295886 50793256 274802604 15050681981 1678185 0 10752363 0 0 0
1791106577 1785, 2619, 47, 0x0000000000000000 | 5.54 5.76 5.67 | cpu  2148296316 50793256 274802762 15050707145 1678185 0 10752370 0 0 0
1791106578 1785, 2619, 47, 0x0000000000000000 | 5.54 5.76 5.67 | cpu  2148296755 50793256 274802998 15050732222 1678186 0 10752393 0 0 0
1791106579 1785, 2619, 47, 0x0000000000000000 | 5.50 5.75 5.67 | cpu  2148297162 50793256 274803155 15050758121 1678186 0 10752398 0 0 0
1791106580 1785, 2619, 46, 0x0000000000000000 | 5.50 5.75 5.67 | cpu  2148297572 50793256 274803344 15050783065 1678186 0 10752405 0 0 0
1791106581 1785, 2619, 46, 0x0000000000000000 | 5.50 5.75 5.67 | cpu  2148297936 50793256 274803554 15050807967 1678186 0 10752414 0 0 0
1791106583 1785, 2619, 46, 0x0000000000000000 | 5.50 5.75 5.67 | cpu  2148298386 50793257 274803993 15050833484 1678188 0 10752434 0 0 0
1791106584 1785, 2619, 46, 0x0000000000000000 | 5.50 5.75 5.67 | cpu  2148298836 50793257 274804400 15050859271 1678188 0 10752442 0 0 0
1791106585 1785, 2619, 47, 0x0000000000000000 | 5.70 5.78 5.68 | cpu  2148299278 50793257 274804704 15050885525 1678188 0 10752444 0 0 0
1791106586 1785, 2619, 46, 0x0000000000000000 | 5.70 5.78 5.68 | cpu  2148299662 50793257 274804983 15050910784 1678188 0 10752453 0 0 0
1791106587 1785, 2619, 47, 0x0000000000000000 | 5.70 5.78 5.68 | cpu  2148300083 50793257 274805223 15050934648 1678188 0 10752461 0 0 0
1791106588 1785, 2619, 47, 0x0000000000000000 | 5.70 5.78 5.68 | cpu  2148300475 50793257 274805443 15050960098 1678188 0 10752466 0 0 0
1791106590 1785, 2619, 47, 0x0000000000000000 | 5.64 5.77 5.68 | cpu  2148300872 50793257 274805698 15050984720 1678189 0 10752470 0 0 0
1791106591 1785, 2619, 47, 0x0000000000000000 | 5.64 5.77 5.68 | cpu  2148301228 50793258 274805863 15051009582 1678189 0 10752475 0 0 0
1791106592 1785, 2619, 46, 0x0000000000000000 | 5.64 5.77 5.68 | cpu  2148301619 50793258 274806037 15051035180 1678189 0 10752486 0 0 0
1791106593 1785, 2619, 46, 0x0000000000000000 | 5.64 5.77 5.68 | cpu  2148302031 50793258 274806226 15051060579 1678189 0 10752497 0 0 0
1791106594 1785, 2619, 46, 0x0000000000000000 | 5.75 5.79 5.69 | cpu  2148302476 50793258 274806476 15051086685 1678189 0 10752517 0 0 0
1791106596 1785, 2619, 46, 0x0000000000000000 | 5.75 5.79 5.69 | cpu  2148302940 50793258 274806714 15051114968 1678189 0 10752522 0 0 0
1791106597 1785, 2619, 47, 0x0000000000000000 | 5.75 5.79 5.69 | cpu  2148303370 50793258 274806888 15051139634 1678189 0 10752530 0 0 0
1791106598 1785, 2619, 47, 0x0000000000000000 | 5.75 5.79 5.69 | cpu  2148304018 50793258 274807324 15051164981 1678189 0 10752538 0 0 0
1791106599 1785, 2619, 47, 0x0000000000000000 | 5.75 5.79 5.69 | cpu  2148304479 50793258 274807605 15051188539 1678189 0 10752553 0 0 0
1791106600 1785, 2619, 47, 0x0000000000000000 | 5.85 5.81 5.69 | cpu  2148304934 50793258 274807798 15051213116 1678189 0 10752558 0 0 0
1791106601 1785, 2619, 47, 0x0000000000000000 | 5.85 5.81 5.69 | cpu  2148305425 50793258 274808056 15051238468 1678189 0 10752568 0 0 0
1791106602 1785, 2619, 47, 0x0000000000000000 | 5.85 5.81 5.69 | cpu  2148305908 50793258 274808341 15051263274 1678189 0 10752580 0 0 0
1791106604 1785, 2619, 47, 0x0000000000000000 | 5.85 5.81 5.69 | cpu  2148306444 50793258 274808668 15051288920 1678190 0 10752591 0 0 0
1791106605 1785, 2619, 47, 0x0000000000000000 | 6.03 5.85 5.71 | cpu  2148306979 50793258 274809053 15051314016 1678190 0 10752610 0 0 0
1791106606 1785, 2619, 47, 0x0000000000000000 | 6.03 5.85 5.71 | cpu  2148307426 50793258 274809380 15051337986 1678190 0 10752624 0 0 0
1791106607 1785, 2619, 46, 0x0000000000000000 | 6.03 5.85 5.71 | cpu  2148307958 50793258 274809669 15051362987 1678190 0 10752633 0 0 0
1791106608 1785, 2619, 47, 0x0000000000000000 | 6.03 5.85 5.71 | cpu  2148308444 50793258 274809867 15051387598 1678190 0 10752638 0 0 0
1791106609 1785, 2619, 47, 0x0000000000000000 | 6.18 5.89 5.72 | cpu  2148308940 50793258 274809969 15051411858 1678190 0 10752643 0 0 0
1791106611 1785, 2619, 47, 0x0000000000000000 | 6.18 5.89 5.72 | cpu  2148309370 50793258 274810063 15051438422 1678190 0 10752658 0 0 0
1791106612 1785, 2619, 47, 0x0000000000000000 | 6.18 5.89 5.72 | cpu  2148309881 50793258 274810187 15051465590 1678190 0 10752664 0 0 0
1791106613 1785, 2619, 47, 0x0000000000000000 | 6.18 5.89 5.72 | cpu  2148310350 50793258 274810355 15051491142 1678190 0 10752675 0 0 0
1791106614 1785, 2619, 47, 0x0000000000000000 | 6.18 5.89 5.72 | cpu  2148310788 50793259 274810674 15051516301 1678191 0 10752688 0 0 0
1791106615 1785, 2619, 47, 0x0000000000000000 | 6.33 5.92 5.73 | cpu  2148311247 50793259 274811056 15051544273 1678191 0 10752710 0 0 0
1791106617 1785, 2619, 46, 0x0000000000000000 | 6.33 5.92 5.73 | cpu  2148311696 50793259 274811373 15051569566 1678191 0 10752723 0 0 0
1791106618 1785, 2619, 46, 0x0000000000000000 | 6.33 5.92 5.73 | cpu  2148312130 50793259 274811683 15051593264 1678191 0 10752732 0 0 0
1791106619 1785, 2619, 46, 0x0000000000000000 | 6.33 5.92 5.73 | cpu  2148312618 50793259 274812034 15051618267 1678191 0 10752752 0 0 0
1791106620 1785, 2619, 46, 0x0000000000000000 | 6.38 5.94 5.74 | cpu  2148313047 50793259 274812198 15051643076 1678191 0 10752769 0 0 0
1791106621 1785, 2619, 47, 0x0000000000000000 | 6.38 5.94 5.74 | cpu  2148313412 50793259 274812289 15051667860 1678191 0 10752774 0 0 0
1791106622 1785, 2619, 47, 0x0000000000000000 | 6.38 5.94 5.74 | cpu  2148313777 50793260 274812353 15051692707 1678191 0 10752777 0 0 0
1791106623 1785, 2619, 47, 0x0000000000000000 | 6.38 5.94 5.74 | cpu  2148314156 50793260 274812417 15051718481 1678191 0 10752784 0 0 0
1791106625 1785, 2619, 47, 0x0000000000000000 | 6.35 5.94 5.74 | cpu  2148314632 50793260 274812574 15051744541 1678191 0 10752808 0 0 0
1791106626 1785, 2619, 47, 0x0000000000000000 | 6.35 5.94 5.74 | cpu  2148315018 50793260 274812792 15051769914 1678192 0 10752818 0 0 0
1791106627 1785, 2619, 46, 0x0000000000000000 | 6.35 5.94 5.74 | cpu  2148315460 50793260 274813009 15051794871 1678192 0 10752826 0 0 0
1791106628 1785, 2619, 46, 0x0000000000000000 | 6.35 5.94 5.74 | cpu  2148315866 50793260 274813234 15051818477 1678192 0 10752835 0 0 0
1791106629 1785, 2619, 46, 0x0000000000000000 | 6.35 5.94 5.74 | cpu  2148316328 50793260 274813496 15051842772 1678192 0 10752847 0 0 0
1791106630 1785, 2619, 46, 0x0000000000000000 | 6.64 6.01 5.76 | cpu  2148316834 50793260 274813686 15051870962 1678192 0 10752857 0 0 0
1791106632 1785, 2619, 46, 0x0000000000000000 | 6.64 6.01 5.76 | cpu  2148317294 50793260 274813878 15051895976 1678192 0 10752866 0 0 0
1791106633 1785, 2619, 47, 0x0000000000000000 | 6.64 6.01 5.76 | cpu  2148317750 50793261 274813971 15051921122 1678192 0 10752883 0 0 0
1791106634 1785, 2619, 47, 0x0000000000000000 | 6.64 6.01 5.76 | cpu  2148318245 50793261 274814071 15051948342 1678192 0 10752888 0 0 0
1791106635 1785, 2619, 47, 0x0000000000000000 | 6.43 5.97 5.75 | cpu  2148318763 50793261 274814232 15051973735 1678192 0 10752907 0 0 0
1791106636 1785, 2619, 47, 0x0000000000000000 | 6.43 5.97 5.75 | cpu  2148319187 50793261 274814397 15051998303 1678192 0 10752918 0 0 0
1791106637 1785, 2619, 47, 0x0000000000000000 | 6.43 5.97 5.75 | cpu  2148319755 50793261 274814640 15052024727 1678192 0 10752922 0 0 0
1791106639 1785, 2619, 47, 0x0000000000000000 | 6.43 5.97 5.75 | cpu  2148320283 50793262 274814880 15052049499 1678193 0 10752934 0 0 0
1791106640 1785, 2619, 47, 0x0000000000000000 | 6.40 5.97 5.75 | cpu  2148320813 50793262 274815101 15052074774 1678193 0 10752945 0 0 0
1791106641 1785, 2619, 47, 0x0000000000000000 | 6.40 5.97 5.75 | cpu  2148321314 50793262 274815270 15052100080 1678193 0 10752955 0 0 0
1791106642 1785, 2619, 46, 0x0000000000000000 | 6.40 5.97 5.75 | cpu  2148321810 50793262 274815471 15052125062 1678194 0 10752965 0 0 0
1791106643 1785, 2619, 46, 0x0000000000000000 | 6.40 5.97 5.75 | cpu  2148322283 50793262 274815679 15052150642 1678194 0 10752976 0 0 0
1791106644 1785, 2619, 47, 0x0000000000000000 | 6.21 5.94 5.75 | cpu  2148322764 50793262 274815806 15052175724 1678194 0 10752993 0 0 0
1791106646 1785, 2619, 47, 0x0000000000000000 | 6.21 5.94 5.75 | cpu  2148323265 50793262 274815965 15052201494 1678194 0 10753010 0 0 0
1791106647 1785, 2619, 47, 0x0000000000000000 | 6.21 5.94 5.75 | cpu  2148323770 50793262 274816144 15052226704 1678194 0 10753023 0 0 0
1791106648 1785, 2619, 46, 0x0000000000000000 | 6.21 5.94 5.75 | cpu  2148324276 50793262 274816309 15052251922 1678194 0 10753035 0 0 0
1791106649 1785, 2619, 47, 0x0000000000000000 | 6.21 5.94 5.75 | cpu  2148324726 50793262 274816563 15052276409 1678194 0 10753045 0 0 0
1791106650 1785, 2619, 47, 0x0000000000000000 | 6.19 5.94 5.75 | cpu  2148325169 50793262 274816843 15052304723 1678195 0 10753055 0 0 0
1791106652 1785, 2619, 47, 0x0000000000000000 | 6.19 5.94 5.75 | cpu  2148325599 50793262 274817070 15052330181 1678196 0 10753062 0 0 0
1791106653 1785, 2619, 47, 0x0000000000000000 | 6.19 5.94 5.75 | cpu  2148325971 50793262 274817227 15052354536 1678196 0 10753069 0 0 0
1791106654 1785, 2619, 46, 0x0000000000000000 | 6.19 5.94 5.75 | cpu  2148326372 50793262 274817382 15052380300 1678196 0 10753074 0 0 0
1791106655 1785, 2619, 46, 0x0000000000000000 | 6.41 5.99 5.76 | cpu  2148326788 50793262 274817588 15052405555 1678196 0 10753079 0 0 0
1791106656 1785, 2619, 46, 0x0000000000000000 | 6.41 5.99 5.76 | cpu  2148327222 50793262 274817768 15052430255 1678196 0 10753084 0 0 0
1791106657 1785, 2619, 46, 0x0000000000000000 | 6.41 5.99 5.76 | cpu  2148327660 50793262 274817916 15052455678 1678196 0 10753086 0 0 0
1791106659 1785, 2619, 47, 0x0000000000000000 | 6.41 5.99 5.76 | cpu  2148328082 50793262 274818059 15052481810 1678196 0 10753089 0 0 0
1791106660 1785, 2619, 47, 0x0000000000000000 | 6.30 5.98 5.76 | cpu  2148328468 50793262 274818199 15052506064 1678196 0 10753102 0 0 0
1791106661 1785, 2619, 47, 0x0000000000000000 | 6.30 5.98 5.76 | cpu  2148328820 50793263 274818286 15052531200 1678196 0 10753125 0 0 0
1791106662 1785, 2619, 47, 0x0000000000000000 | 6.30 5.98 5.76 | cpu  2148329307 50793263 274818544 15052557411 1678196 0 10753147 0 0 0
1791106663 1785, 2619, 47, 0x0000000000000000 | 6.30 5.98 5.76 | cpu  2148329738 50793263 274818865 15052583096 1678196 0 10753178 0 0 0
1791106664 1785, 2619, 46, 0x0000000000000000 | 6.36 5.99 5.77 | cpu  2148330147 50793263 274819040 15052609046 1678196 0 10753200 0 0 0
1791106666 1785, 2619, 46, 0x0000000000000000 | 6.36 5.99 5.77 | cpu  2148330516 50793263 274819256 15052633738 1678196 0 10753204 0 0 0
1791106667 1785, 2619, 46, 0x0000000000000000 | 6.36 5.99 5.77 | cpu  2148331018 50793263 274819544 15052658743 1678197 0 10753212 0 0 0
1791106668 1785, 2619, 46, 0x0000000000000000 | 6.36 5.99 5.77 | cpu  2148331483 50793263 274819834 15052683295 1678197 0 10753227 0 0 0
1791106669 1785, 2619, 46, 0x0000000000000000 | 6.36 5.99 5.77 | cpu  2148331943 50793263 274820059 15052708984 1678197 0 10753231 0 0 0
1791106670 1785, 2619, 46, 0x0000000000000000 | 6.33 5.99 5.77 | cpu  2148332357 50793264 274820262 15052736884 1678197 0 10753234 0 0 0
1791106671 1785, 2619, 46, 0x0000000000000000 | 6.33 5.99 5.77 | cpu  2148332752 50793264 274820402 15052761828 1678197 0 10753236 0 0 0
1791106673 1785, 2619, 47, 0x0000000000000000 | 6.33 5.99 5.77 | cpu  2148333160 50793264 274820567 15052787780 1678197 0 10753240 0 0 0
1791106674 1785, 2619, 47, 0x0000000000000000 | 6.33 5.99 5.77 | cpu  2148333605 50793264 274820942 15052812930 1678197 0 10753250 0 0 0
1791106675 1785, 2619, 47, 0x0000000000000000 | 6.70 6.08 5.80 | cpu  2148334086 50793264 274821490 15052837589 1678197 0 10753255 0 0 0
1791106676 1785, 2619, 46, 0x0000000000000000 | 6.70 6.08 5.80 | cpu  2148334505 50793264 274821886 15052862348 1678197 0 10753264 0 0 0
1791106677 1785, 2619, 46, 0x0000000000000000 | 6.70 6.08 5.80 | cpu  2148335294 50793264 274822258 15052886855 1678197 0 10753270 0 0 0
1791106678 1785, 2619, 46, 0x0000000000000000 | 6.70 6.08 5.80 | cpu  2148335890 50793264 274822688 15052911909 1678197 0 10753285 0 0 0
1791106680 1785, 2619, 46, 0x0000000000000000 | 6.81 6.11 5.81 | cpu  2148336454 50793264 274823069 15052937262 1678197 0 10753309 0 0 0
1791106681 1785, 2619, 46, 0x0000000000000000 | 6.81 6.11 5.81 | cpu  2148336928 50793264 274823264 15052962315 1678197 0 10753322 0 0 0
1791106682 1785, 2619, 46, 0x0000000000000000 | 6.81 6.11 5.81 | cpu  2148337334 50793264 274823406 15052987180 1678197 0 10753323 0 0 0
1791106683 1785, 2619, 46, 0x0000000000000000 | 6.81 6.11 5.81 | cpu  2148337744 50793264 274823635 15053012239 1678197 0 10753326 0 0 0
1791106684 1785, 2619, 47, 0x0000000000000000 | 6.81 6.11 5.81 | cpu  2148338154 50793264 274823826 15053037559 1678197 0 10753327 0 0 0
1791106685 1785, 2619, 47, 0x0000000000000000 | 6.74 6.11 5.81 | cpu  2148338603 50793265 274824258 15053062569 1678197 0 10753332 0 0 0
1791106687 1785, 2619, 47, 0x0000000000000000 | 6.74 6.11 5.81 | cpu  2148339130 50793265 274824905 15053087332 1678197 0 10753341 0 0 0
1791106688 1785, 2619, 47, 0x0000000000000000 | 6.74 6.11 5.81 | cpu  2148339611 50793265 274825723 15053111298 1678197 0 10753363 0 0 0
1791106689 1785, 2619, 46, 0x0000000000000000 | 6.74 6.11 5.81 | cpu  2148340084 50793265 274826251 15053137024 1678197 0 10753383 0 0 0
1791106690 1785, 2619, 46, 0x0000000000000000 | 6.76 6.12 5.82 | cpu  2148340528 50793265 274826615 15053162462 1678197 0 10753394 0 0 0
1791106691 1785, 2619, 46, 0x0000000000000000 | 6.76 6.12 5.82 | cpu  2148340926 50793265 274826900 15053187394 1678197 0 10753404 0 0 0
1791106692 1785, 2619, 46, 0x0000000000000000 | 6.76 6.12 5.82 | cpu  2148341332 50793265 274827115 15053212529 1678197 0 10753410 0 0 0
1791106694 1785, 2619, 46, 0x0000000000000000 | 6.76 6.12 5.82 | cpu  2148341748 50793265 274827376 15053238611 1678197 0 10753422 0 0 0
1791106695 1785, 2619, 46, 0x0000000000000000 | 7.02 6.19 5.84 | cpu  2148342174 50793265 274827739 15053264142 1678197 0 10753439 0 0 0
1791106696 1785, 2619, 46, 0x0000000000000000 | 7.02 6.19 5.84 | cpu  2148342567 50793265 274828024 15053289134 1678197 0 10753447 0 0 0
1791106697 1785, 2619, 46, 0x0000000000000000 | 7.02 6.19 5.84 | cpu  2148343004 50793266 274828357 15053314802 1678197 0 10753463 0 0 0
1791106698 1785, 2619, 46, 0x0000000000000000 | 7.02 6.19 5.84 | cpu  2148343440 50793266 274828693 15053339467 1678197 0 10753472 0 0 0
1791106699 1785, 2619, 47, 0x0000000000000000 | 7.18 6.23 5.86 | cpu  2148343850 50793266 274829036 15053363511 1678197 0 10753483 0 0 0
1791106700 1785, 2619, 47, 0x0000000000000000 | 7.18 6.23 5.86 | cpu  2148344236 50793266 274829357 15053387896 1678197 0 10753498 0 0 0
1791106702 1785, 2619, 47, 0x0000000000000000 | 7.18 6.23 5.86 | cpu  2148344646 50793266 274829795 15053413085 1678199 0 10753512 0 0 0
1791106703 1785, 2619, 47, 0x0000000000000000 | 7.18 6.23 5.86 | cpu  2148345076 50793266 274830286 15053438943 1678200 0 10753526 0 0 0
1791106704 1785, 2619, 46, 0x0000000000000000 | 7.18 6.23 5.86 | cpu  2148345447 50793266 274830688 15053462639 1678200 0 10753536 0 0 0
1791106705 1785, 2619, 46, 0x0000000000000000 | 7.17 6.25 5.86 | cpu  2148345958 50793266 274831171 15053495113 1678200 0 10753543 0 0 0
1791106707 1785, 2619, 46, 0x0000000000000000 | 7.17 6.25 5.86 | cpu  2148346620 50793266 274831780 15053518892 1678200 0 10753558 0 0 0
1791106708 1785, 2619, 46, 0x0000000000000000 | 7.17 6.25 5.86 | cpu  2148347054 50793266 274832233 15053543979 1678200 0 10753564 0 0 0
1791106709 1785, 2619, 47, 0x0000000000000000 | 7.17 6.25 5.86 | cpu  2148347545 50793266 274832701 15053567567 1678200 0 10753568 0 0 0
1791106710 1785, 2619, 46, 0x0000000000000000 | 7.39 6.31 5.89 | cpu  2148348049 50793266 274834714 15053590259 1678200 0 10753598 0 0 0
1791106711 1785, 2619, 47, 0x0000000000000000 | 7.39 6.31 5.89 | cpu  2148348438 50793266 274835176 15053613719 1678200 0 10753621 0 0 0
1791106712 1785, 2619, 47, 0x0000000000000000 | 7.39 6.31 5.89 | cpu  2148348815 50793266 274835428 15053637875 1678201 0 10753626 0 0 0
1791106713 1785, 2619, 47, 0x0000000000000000 | 7.39 6.31 5.89 | cpu  2148349194 50793266 274835687 15053662479 1678201 0 10753629 0 0 0
1791106714 1785, 2619, 47, 0x0000000000000000 | 7.20 6.29 5.88 | cpu  2148349602 50793266 274835961 15053686776 1678201 0 10753640 0 0 0
1791106716 1785, 2619, 47, 0x0000000000000000 | 7.20 6.29 5.88 | cpu  2148349936 50793266 274836193 15053710981 1678201 0 10753666 0 0 0
1791106717 1785, 2619, 47, 0x0000000000000000 | 7.20 6.29 5.88 | cpu  2148350359 50793266 274836471 15053737064 1678201 0 10753678 0 0 0
1791106718 1785, 2619, 46, 0x0000000000000000 | 7.20 6.29 5.88 | cpu  2148350795 50793266 274836896 15053763198 1678201 0 10753691 0 0 0
1791106719 1785, 2619, 46, 0x0000000000000000 | 7.20 6.29 5.88 | cpu  2148351230 50793266 274837329 15053789136 1678201 0 10753698 0 0 0
1791106720 1785, 2619, 46, 0x0000000000000000 | 7.43 6.35 5.90 | cpu  2148351746 50793266 274837682 15053812888 1678201 0 10753701 0 0 0
1791106721 1785, 2619, 46, 0x0000000000000000 | 7.43 6.35 5.90 | cpu  2148354051 50793266 274838297 15053834546 1678202 0 10753718 0 0 0
1791106722 1785, 2619, 46, 0x0000000000000000 | 7.43 6.35 5.90 | cpu  2148355750 50793266 274838848 15053858068 1678203 0 10753743 0 0 0
1791106724 1785, 2619, 46, 0x0000000000000000 | 7.43 6.35 5.90 | cpu  2148357880 50793266 274839878 15053879863 1678251 0 10753764 0 0 0
1791106725 1785, 2619, 46, 0x0000000000000000 | 7.55 6.39 5.92 | cpu  2148359473 50793266 274840793 15053901813 1678289 0 10753793 0 0 0
1791106726 1785, 2619, 46, 0x0000000000000000 | 7.55 6.39 5.92 | cpu  2148359989 50793266 274841342 15053925451 1678289 0 10753821 0 0 0
1791106727 1785, 2619, 46, 0x0000000000000000 | 7.55 6.39 5.92 | cpu  2148360574 50793266 274841822 15053949617 1678290 0 10753842 0 0 0
1791106728 1785, 2619, 47, 0x0000000000000000 | 7.55 6.39 5.92 | cpu  2148361044 50793266 274842393 15053973426 1678291 0 10753850 0 0 0
1791106729 1785, 2619, 47, 0x0000000000000000 | 7.55 6.39 5.92 | cpu  2148361551 50793266 274842904 15053998544 1678291 0 10753860 0 0 0
1791106730 1785, 2619, 46, 0x0000000000000000 | 7.67 6.44 5.94 | cpu  2148361997 50793266 274843388 15054023158 1678291 0 10753871 0 0 0
1791106732 1785, 2619, 46, 0x0000000000000000 | 7.67 6.44 5.94 | cpu  2148365036 50793266 274844168 15054044903 1678301 0 10753883 0 0 0
1791106733 1785, 2619, 46, 0x0000000000000000 | 7.67 6.44 5.94 | cpu  2148367689 50793266 274844680 15054066251 1678316 0 10753897 0 0 0
1791106734 1785, 2619, 46, 0x0000000000000000 | 7.67 6.44 5.94 | cpu  2148368153 50793266 274845385 15054090631 1678335 0 10753934 0 0 0
1791106735 1785, 2619, 46, 0x0000000000000000 | 16.74 8.34 6.56 | cpu  2148370384 50793267 274845896 15054115164 1678336 0 10753952 0 0 0
1791106736 1785, 2619, 46, 0x0000000000000000 | 16.74 8.34 6.56 | cpu  2148372649 50793267 274846406 15054137634 1678336 0 10753975 0 0 0
1791106737 1785, 2619, 46, 0x0000000000000000 | 16.74 8.34 6.56 | cpu  2148374352 50793267 274846974 15054159783 1678336 0 10753993 0 0 0
1791106738 1785, 2619, 46, 0x0000000000000000 | 16.74 8.34 6.56 | cpu  2148376289 50793267 274847555 15054182211 1678337 0 10754006 0 0 0
1791106739 1785, 2619, 47, 0x0000000000000000 | 24.85 10.16 7.15 | cpu  2148378324 50793267 274849207 15054204498 1678337 0 10754018 0 0 0
1791106741 1785, 2619, 47, 0x0000000000000000 | 24.85 10.16 7.15 | cpu  2148379843 50793267 274851188 15054227892 1678337 0 10754037 0 0 0
1791106742 1785, 2619, 47, 0x0000000000000000 | 24.85 10.16 7.15 | cpu  2148380440 50793267 274851896 15054250822 1678337 0 10754057 0 0 0
1791106743 1785, 2619, 47, 0x0000000000000000 | 24.85 10.16 7.15 | cpu  2148380851 50793267 274852517 15054275264 1678337 0 10754060 0 0 0
1791106744 1785, 2619, 47, 0x0000000000000000 | 24.85 10.16 7.15 | cpu  2148381388 50793267 274853128 15054299135 1678337 0 10754067 0 0 0
1791106745 1785, 2619, 46, 0x0000000000000000 | 23.50 10.12 7.16 | cpu  2148381935 50793267 274853729 15054323536 1678337 0 10754078 0 0 0
1791106746 1785, 2619, 46, 0x0000000000000000 | 23.50 10.12 7.16 | cpu  2148382414 50793267 274854279 15054348419 1678338 0 10754096 0 0 0
1791106748 1785, 2619, 46, 0x0000000000000000 | 23.50 10.12 7.16 | cpu  2148382938 50793267 274854870 15054373592 1678338 0 10754118 0 0 0
1791106749 1785, 2619, 46, 0x0000000000000000 | 23.50 10.12 7.16 | cpu  2148384309 50793267 274855865 15054397395 1678340 0 10754134 0 0 0
1791106750 1785, 2619, 46, 0x0000000000000000 | 22.34 10.11 7.17 | cpu  2148384963 50793267 274856451 15054424619 1678352 0 10754144 0 0 0
1791106751 1785, 2619, 46, 0x0000000000000000 | 22.34 10.11 7.17 | cpu  2148385554 50793267 274857070 15054448340 1678382 0 10754168 0 0 0
1791106752 1785, 2619, 46, 0x0000000000000000 | 22.34 10.11 7.17 | cpu  2148386110 50793267 274858049 15054472761 1678383 0 10754184 0 0 0
1791106753 1785, 2619, 46, 0x0000000000000000 | 22.34 10.11 7.17 | cpu  2148386548 50793267 274858459 15054496659 1678386 0 10754196 0 0 0
1791106755 1785, 2619, 46, 0x0000000000000000 | 21.11 10.05 7.17 | cpu  2148387452 50793267 274858896 15054521212 1678393 0 10754204 0 0 0
1791106756 1785, 2619, 47, 0x0000000000000000 | 21.11 10.05 7.17 | cpu  2148389637 50793268 274859570 15054542637 1678542 0 10754213 0 0 0
1791106757 1785, 2619, 47, 0x0000000000000000 | 21.11 10.05 7.17 | cpu  2148392286 50793268 274860533 15054564569 1678637 0 10754227 0 0 0
1791106758 1785, 2619, 47, 0x0000000000000000 | 21.11 10.05 7.17 | cpu  2148395151 50793268 274861718 15054585874 1678687 0 10754244 0 0 0
1791106759 1785, 2619, 46, 0x0000000000000000 | 21.11 10.05 7.17 | cpu  2148397854 50793268 274862934 15054606356 1678771 0 10754263 0 0 0
1791106760 1785, 2619, 46, 0x0000000000000000 | 20.54 10.12 7.20 | cpu  2148400550 50793268 274864295 15054627644 1678906 0 10754276 0 0 0
1791106761 1785, 2619, 46, 0x0000000000000000 | 20.54 10.12 7.20 | cpu  2148403651 50793268 274865388 15054648941 1679127 0 10754288 0 0 0
1791106763 1785, 2619, 46, 0x0000000000000000 | 20.54 10.12 7.20 | cpu  2148406508 50793268 274866332 15054669445 1679246 0 10754295 0 0 0
1791106764 1785, 2619, 46, 0x0000000000000000 | 20.54 10.12 7.20 | cpu  2148409189 50793268 274867239 15054689726 1679385 0 10754310 0 0 0
1791106765 1785, 2619, 46, 0x0000000000000000 | 19.54 10.08 7.21 | cpu  2148412367 50793268 274868255 15054712159 1679534 0 10754319 0 0 0
1791106766 1785, 2619, 46, 0x0000000000000000 | 19.54 10.08 7.21 | cpu  2148415375 50793268 274869104 15054734298 1679602 0 10754328 0 0 0
1791106767 1785, 2619, 47, 0x0000000000000000 | 19.54 10.08 7.21 | cpu  2148418193 50793268 274870268 15054756450 1679635 0 10754346 0 0 0
1791106768 1785, 2619, 47, 0x0000000000000000 | 19.54 10.08 7.21 | cpu  2148420856 50793268 274871387 15054777424 1679765 0 10754362 0 0 0
1791106769 1785, 2619, 47, 0x0000000000000000 | 18.93 10.12 7.24 | cpu  2148423484 50793268 274872590 15054798031 1679803 0 10754376 0 0 0
1791106770 1785, 2619, 47, 0x0000000000000000 | 18.93 10.12 7.24 | cpu  2148426038 50793268 274873648 15054818779 1679848 0 10754391 0 0 0
1791106772 1785, 2619, 46, 0x0000000000000000 | 18.93 10.12 7.24 | cpu  2148428999 50793268 274874920 15054840580 1679990 0 10754413 0 0 0
1791106773 1785, 2619, 46, 0x0000000000000000 | 18.93 10.12 7.24 | cpu  2148431718 50793268 274876046 15054861639 1680133 0 10754431 0 0 0
1791106774 1785, 2619, 46, 0x0000000000000000 | 18.93 10.12 7.24 | cpu  2148434461 50793268 274877441 15054882502 1680455 0 10754444 0 0 0
1791106775 1785, 2619, 46, 0x0000000000000000 | 18.22 10.11 7.25 | cpu  2148437168 50793268 274878844 15054903878 1680598 0 10754456 0 0 0
1791106776 1785, 2619, 46, 0x0000000000000000 | 18.22 10.11 7.25 | cpu  2148439942 50793268 274880101 15054926127 1680781 0 10754472 0 0 0
1791106777 1785, 2619, 46, 0x0000000000000000 | 18.22 10.11 7.25 | cpu  2148442810 50793268 274881231 15054948107 1680812 0 10754482 0 0 0
1791106779 1785, 2619, 46, 0x0000000000000000 | 18.22 10.11 7.25 | cpu  2148445621 50793268 274882366 15054969879 1680873 0 10754490 0 0 0
1791106780 1785, 2619, 46, 0x0000000000000000 | 17.40 10.08 7.25 | cpu  2148448178 50793268 274883402 15054990469 1680939 0 10754497 0 0 0
1791106781 1785, 2619, 46, 0x0000000000000000 | 17.40 10.08 7.25 | cpu  2148450602 50793268 274884440 15055012597 1681350 0 10754510 0 0 0
1791106782 1785, 2619, 46, 0x0000000000000000 | 17.40 10.08 7.25 | cpu  2148453598 50793268 274885461 15055034050 1681403 0 10754524 0 0 0
1791106783 1785, 2619, 46, 0x0000000000000000 | 17.40 10.08 7.25 | cpu  2148456211 50793268 274886302 15055054529 1681440 0 10754538 0 0 0
1791106784 1785, 2619, 46, 0x0000000000000000 | 17.40 10.08 7.25 | cpu  2148459106 50793268 274887182 15055076821 1681488 0 10754552 0 0 0
1791106785 1785, 2619, 46, 0x0000000000000000 | 16.57 10.03 7.25 | cpu  2148461684 50793268 274888163 15055097680 1681838 0 10754570 0 0 0
1791106787 1785, 2619, 46, 0x0000000000000000 | 16.57 10.03 7.25 | cpu  2148464524 50793268 274889084 15055120088 1681939 0 10754594 0 0 0
1791106788 1785, 2619, 46, 0x0000000000000000 | 16.57 10.03 7.25 | cpu  2148467208 50793269 274889978 15055141082 1682145 0 10754610 0 0 0
1791106789 1785, 2619, 46, 0x0000000000000000 | 16.57 10.03 7.25 | cpu  2148470177 50793269 274891013 15055162373 1682218 0 10754629 0 0 0
1791106790 1785, 2619, 46, 0x0000000000000000 | 15.80 9.98 7.25 | cpu  2148472920 50793269 274891861 15055184102 1682446 0 10754632 0 0 0
1791106791 1785, 2619, 46, 0x0000000000000000 | 15.80 9.98 7.25 | cpu  2148475779 50793269 274892833 15055205585 1682596 0 10754646 0 0 0
1791106792 1785, 2619, 46, 0x0000000000000000 | 15.80 9.98 7.25 | cpu  2148478611 50793269 274893806 15055227358 1682741 0 10754660 0 0 0
1791106793 1785, 2619, 47, 0x0000000000000000 | 15.80 9.98 7.25 | cpu  2148481552 50793269 274895031 15055248582 1682798 0 10754672 0 0 0
1791106795 1785, 2619, 47, 0x0000000000000000 | 15.66 10.04 7.29 | cpu  2148484034 50793269 274896170 15055270628 1682846 0 10754688 0 0 0
1791106796 1785, 2619, 47, 0x0000000000000000 | 15.66 10.04 7.29 | cpu  2148486297 50793269 274897390 15055291654 1682892 0 10754714 0 0 0
1791106797 1785, 2619, 47, 0x0000000000000000 | 15.66 10.04 7.29 | cpu  2148488932 50793269 274898704 15055312529 1682948 0 10754724 0 0 0
1791106798 1785, 2619, 47, 0x0000000000000000 | 15.66 10.04 7.29 | cpu  2148491588 50793269 274899888 15055332574 1683016 0 10754746 0 0 0
1791106799 1785, 2619, 47, 0x0000000000000000 | 15.66 10.04 7.29 | cpu  2148494347 50793269 274901187 15055353815 1683159 0 10754781 0 0 0
1791106800 1785, 2619, 47, 0x0000000000000000 | 15.12 10.03 7.30 | cpu  2148497009 50793269 274902389 15055374613 1683237 0 10754796 0 0 0
1791106801 1785, 2619, 47, 0x0000000000000000 | 15.12 10.03 7.30 | cpu  2148499615 50793269 274903521 15055395097 1683503 0 10754808 0 0 0
1791106802 1785, 2619, 46, 0x0000000000000000 | 15.12 10.03 7.30 | cpu  2148502536 50793269 274904631 15055415205 1683542 0 10754812 0 0 0
1791106804 1785, 2619, 46, 0x0000000000000000 | 15.12 10.03 7.30 | cpu  2148505516 50793269 274905719 15055436360 1683826 0 10754823 0 0 0
1791106805 1785, 2619, 46, 0x0000000000000000 | 14.71 10.03 7.31 | cpu  2148508693 50793269 274906590 15055457139 1683870 0 10754834 0 0 0
1791106806 1785, 2619, 47, 0x0000000000000000 | 14.71 10.03 7.31 | cpu  2148511432 50793269 274907601 15055478854 1684024 0 10754851 0 0 0
1791106807 1785, 2619, 47, 0x0000000000000000 | 14.71 10.03 7.31 | cpu  2148513087 50793269 274908424 15055501781 1684053 0 10754871 0 0 0
1791106808 1785, 2619, 47, 0x0000000000000000 | 14.71 10.03 7.31 | cpu  2148513793 50793269 274909127 15055525216 1684053 0 10754895 0 0 0
1791106809 1785, 2619, 47, 0x0000000000000000 | 14.71 10.03 7.31 | cpu  2148514393 50793269 274909657 15055550308 1684053 0 10754911 0 0 0
1791106810 1785, 2619, 47, 0x0000000000000000 | 14.25 10.01 7.32 | cpu  2148514925 50793269 274910158 15055575404 1684053 0 10754920 0 0 0
1791106812 1785, 2619, 47, 0x0000000000000000 | 14.25 10.01 7.32 | cpu  2148515572 50793269 274910643 15055598781 1684053 0 10754931 0 0 0
1791106813 1785, 2619, 47, 0x0000000000000000 | 14.25 10.01 7.32 | cpu  2148516121 50793270 274911087 15055622703 1684053 0 10754942 0 0 0
1791106814 1785, 2619, 47, 0x0000000000000000 | 14.25 10.01 7.32 | cpu  2148516787 50793270 274911490 15055647467 1684053 0 10754951 0 0 0
1791106815 1785, 2619, 47, 0x0000000000000000 | 13.35 9.89 7.30 | cpu  2148517389 50793270 274911720 15055672372 1684053 0 10754954 0 0 0
1791106816 1785, 2619, 46, 0x0000000000000000 | 13.35 9.89 7.30 | cpu  2148517909 50793270 274911986 15055697528 1684053 0 10754960 0 0 0
1791106817 1785, 2619, 47, 0x0000000000000000 | 13.35 9.89 7.30 | cpu  2148518607 50793270 274912387 15055722530 1684053 0 10754975 0 0 0
1791106818 1785, 2619, 47, 0x0000000000000000 | 13.35 9.89 7.30 | cpu  2148519182 50793270 274912822 15055747025 1684053 0 10754986 0 0 0
1791106820 1785, 2619, 46, 0x0000000000000000 | 12.44 9.76 7.27 | cpu  2148520003 50793270 274913204 15055770240 1684053 0 10755002 0 0 0
1791106821 1785, 2619, 47, 0x0000000000000000 | 12.44 9.76 7.27 | cpu  2148520728 50793270 274913836 15055794906 1684053 0 10755034 0 0 0
1791106822 1785, 2619, 47, 0x0000000000000000 | 12.44 9.76 7.27 | cpu  2148522290 50793270 274914444 15055817155 1684056 0 10755052 0 0 0
1791106823 1785, 2619, 47, 0x0000000000000000 | 12.44 9.76 7.27 | cpu  2148525082 50793270 274915149 15055838110 1684056 0 10755063 0 0 0
1791106824 1785, 2619, 47, 0x0000000000000000 | 12.44 9.76 7.27 | cpu  2148527162 50793270 274915692 15055860117 1684056 0 10755072 0 0 0
1791106825 1785, 2619, 47, 0x0000000000000000 | 11.53 9.62 7.24 | cpu  2148528012 50793270 274916242 15055885185 1684056 0 10755096 0 0 0
1791106826 1785, 2619, 47, 0x0000000000000000 | 11.53 9.62 7.24 | cpu  2148528507 50793270 274916513 15055909973 1684056 0 10755112 0 0 0
1791106827 1785, 2619, 46, 0x0000000000000000 | 11.53 9.62 7.24 | cpu  2148528967 50793270 274916808 15055934825 1684056 0 10755116 0 0 0
1791106829 1785, 2619, 46, 0x0000000000000000 | 11.53 9.62 7.24 | cpu  2148529476 50793271 274917200 15055958880 1684056 0 10755131 0 0 0
1791106830 1785, 2619, 46, 0x0000000000000000 | 11.73 9.69 7.27 | cpu  2148529933 50793271 274917575 15055983741 1684056 0 10755146 0 0 0
1791106831 1785, 2619, 46, 0x0000000000000000 | 11.73 9.69 7.27 | cpu  2148530439 50793271 274917950 15056007871 1684056 0 10755168 0 0 0
1791106832 1785, 2619, 47, 0x0000000000000000 | 11.73 9.69 7.27 | cpu  2148531392 50793271 274918357 15056033393 1684056 0 10755202 0 0 0
1791106833 1785, 2619, 47, 0x0000000000000000 | 11.73 9.69 7.27 | cpu  2148532226 50793271 274918753 15056057803 1684056 0 10755212 0 0 0
1791106834 1785, 2619, 47, 0x0000000000000000 | 11.43 9.66 7.28 | cpu  2148532711 50793271 274919065 15056084895 1684056 0 10755215 0 0 0
1791106836 1785, 2619, 47, 0x0000000000000000 | 11.43 9.66 7.28 | cpu  2148533204 50793271 274919312 15056110978 1684056 0 10755221 0 0 0
1791106837 1785, 2619, 47, 0x0000000000000000 | 11.43 9.66 7.28 | cpu  2148533671 50793271 274919505 15056136087 1684056 0 10755225 0 0 0
1791106838 1785, 2619, 47, 0x0000000000000000 | 11.43 9.66 7.28 | cpu  2148534144 50793271 274919713 15056162123 1684056 0 10755230 0 0 0
1791106839 1785, 2619, 47, 0x0000000000000000 | 11.43 9.66 7.28 | cpu  2148535891 50793271 274919976 15056184885 1684056 0 10755240 0 0 0
1791106840 1785, 2619, 46, 0x0000000000000000 | 11.15 9.63 7.28 | cpu  2148538170 50793271 274920335 15056206314 1684056 0 10755254 0 0 0
1791106841 1785, 2619, 46, 0x0000000000000000 | 11.15 9.63 7.28 | cpu  2148540514 50793271 274920925 15056228494 1684056 0 10755281 0 0 0
1791106842 1785, 2619, 46, 0x0000000000000000 | 11.15 9.63 7.28 | cpu  2148541994 50793271 274921553 15056251299 1684056 0 10755299 0 0 0
1791106844 1785, 2619, 46, 0x0000000000000000 | 11.15 9.63 7.28 | cpu  2148544110 50793271 274922157 15056272710 1684056 0 10755309 0 0 0
1791106845 1785, 2619, 47, 0x0000000000000000 | 11.22 9.67 7.31 | cpu  2148545207 50793271 274922726 15056297221 1684056 0 10755319 0 0 0
1791106846 1785, 2619, 47, 0x0000000000000000 | 11.22 9.67 7.31 | cpu  2148548754 50793271 274923137 15056318824 1684056 0 10755334 0 0 0
1791106847 1785, 2619, 47, 0x0000000000000000 | 11.22 9.67 7.31 | cpu  2148549280 50793271 274923478 15056343793 1684056 0 10755338 0 0 0
1791106848 1785, 2619, 47, 0x0000000000000000 | 11.22 9.67 7.31 | cpu  2148550146 50793271 274923776 15056369232 1684056 0 10755344 0 0 0
1791106849 1785, 2619, 47, 0x0000000000000000 | 20.17 11.55 7.93 | cpu  2148553520 50793271 274924033 15056391099 1684056 0 10755349 0 0 0
1791106851 1785, 2619, 47, 0x0000000000000000 | 20.17 11.55 7.93 | cpu  2148556060 50793271 274924474 15056414391 1684056 0 10755364 0 0 0
1791106852 1785, 2619, 47, 0x0000000000000000 | 20.17 11.55 7.93 | cpu  2148556770 50793271 274924916 15056440386 1684056 0 10755392 0 0 0
1791106853 1785, 2619, 47, 0x0000000000000000 | 20.17 11.55 7.93 | cpu  2148558223 50793271 274925466 15056463843 1684056 0 10755416 0 0 0
1791106854 1785, 2619, 47, 0x0000000000000000 | 20.17 11.55 7.93 | cpu  2148561452 50793271 274926252 15056485107 1684056 0 10755434 0 0 0
1791106855 1785, 2619, 46, 0x0000000000000000 | 21.92 12.06 8.11 | cpu  2148564625 50793271 274926799 15056507318 1684056 0 10755442 0 0 0
1791106856 1785, 2619, 46, 0x0000000000000000 | 21.92 12.06 8.11 | cpu  2148567906 50793271 274927524 15056528411 1684056 0 10755455 0 0 0
1791106857 1785, 2619, 46, 0x0000000000000000 | 21.92 12.06 8.11 | cpu  2148568946 50793271 274929196 15056551693 1684056 0 10755474 0 0 0
1791106859 1785, 2619, 47, 0x0000000000000000 | 21.92 12.06 8.11 | cpu  2148570943 50793271 274929880 15056575541 1684056 0 10755481 0 0 0
1791106860 1785, 2619, 47, 0x0000000000000000 | 38.34 15.63 9.29 | cpu  2148573589 50793271 274930263 15056597320 1684056 0 10755488 0 0 0
1791106861 1785, 2619, 47, 0x0000000000000000 | 38.34 15.63 9.29 | cpu  2148574490 50793272 274930647 15056621301 1684056 0 10755495 0 0 0
1791106862 1785, 2619, 47, 0x0000000000000000 | 38.34 15.63 9.29 | cpu  2148575355 50793272 274931210 15056645727 1684056 0 10755512 0 0 0
1791106863 1785, 2619, 47, 0x0000000000000000 | 38.34 15.63 9.29 | cpu  2148576329 50793272 274932278 15056669005 1684056 0 10755519 0 0 0
1791106864 1785, 2619, 47, 0x0000000000000000 | 38.34 15.63 9.29 | cpu  2148577060 50793272 274933059 15056692812 1684056 0 10755533 0 0 0
1791106866 1785, 2619, 47, 0x0000000000000000 | 38.15 15.97 9.43 | cpu  2148577848 50793272 274933808 15056716958 1684056 0 10755543 0 0 0
1791106867 1785, 2619, 47, 0x0000000000000000 | 38.15 15.97 9.43 | cpu  2148578674 50793272 274934300 15056740892 1684056 0 10755554 0 0 0
1791106868 1785, 2619, 47, 0x0000000000000000 | 38.15 15.97 9.43 | cpu  2148579328 50793272 274934765 15056764987 1684056 0 10755564 0 0 0
1791106869 1785, 2619, 46, 0x0000000000000000 | 38.15 15.97 9.43 | cpu  2148580003 50793272 274935260 15056789254 1684056 0 10755568 0 0 0
1791106870 1785, 2619, 46, 0x0000000000000000 | 35.82 15.85 9.43 | cpu  2148580585 50793272 274936157 15056812725 1684057 0 10755584 0 0 0
1791106871 1785, 2619, 47, 0x0000000000000000 | 35.82 15.85 9.43 | cpu  2148581398 50793272 274936614 15056838457 1684057 0 10755608 0 0 0
1791106872 1785, 2619, 47, 0x0000000000000000 | 35.82 15.85 9.43 | cpu  2148583062 50793272 274938480 15056860291 1684057 0 10755629 0 0 0
1791106873 1785, 2619, 47, 0x0000000000000000 | 35.82 15.85 9.43 | cpu  2148583828 50793272 274939084 15056883837 1684071 0 10755653 0 0 0
1791106875 1785, 2619, 47, 0x0000000000000000 | 42.24 17.51 10.00 | cpu  2148587607 50793272 274939327 15056906145 1684071 0 10755657 0 0 0
1791106876 1785, 2619, 47, 0x0000000000000000 | 42.24 17.51 10.00 | cpu  2148589515 50793272 274939558 15056928896 1684072 0 10755657 0 0 0
1791106877 1785, 2619, 47, 0x0000000000000000 | 42.24 17.51 10.00 | cpu  2148591512 50793272 274939830 15056951441 1684072 0 10755658 0 0 0
1791106878 1785, 2619, 47, 0x0000000000000000 | 42.24 17.51 10.00 | cpu  2148593567 50793272 274940197 15056974727 1684072 0 10755667 0 0 0
1791106879 1785, 2619, 47, 0x0000000000000000 | 42.24 17.51 10.00 | cpu  2148595492 50793272 274940566 15056997787 1684072 0 10755680 0 0 0
1791106880 1785, 2619, 47, 0x0000000000000000 | 45.66 18.64 10.40 | cpu  2148597569 50793272 274940928 15057021130 1684072 0 10755694 0 0 0
1791106882 1785, 2619, 47, 0x0000000000000000 | 45.66 18.64 10.40 | cpu  2148599740 50793272 274941299 15057044809 1684074 0 10755694 0 0 0
1791106883 1785, 2619, 46, 0x0000000000000000 | 45.66 18.64 10.40 | cpu  2148601882 50793272 274941846 15057067307 1684074 0 10755696 0 0 0
1791106884 1785, 2619, 46, 0x0000000000000000 | 45.66 18.64 10.40 | cpu  2148604044 50793272 274942367 15057090167 1684074 0 10755716 0 0 0
1791106885 1785, 2619, 46, 0x0000000000000000 | 42.81 18.49 10.40 | cpu  2148605835 50793272 274942762 15057112426 1684074 0 10755740 0 0 0
1791106886 1785, 2619, 47, 0x0000000000000000 | 42.81 18.49 10.40 | cpu  2148608028 50793272 274943256 15057135044 1684074 0 10755753 0 0 0
1791106887 1785, 2619, 47, 0x0000000000000000 | 42.81 18.49 10.40 | cpu  2148610154 50793272 274943628 15057157737 1684074 0 10755765 0 0 0
1791106888 1785, 2619, 47, 0x0000000000000000 | 42.81 18.49 10.40 | cpu  2148612301 50793272 274943969 15057181276 1684074 0 10755784 0 0 0
1791106889 1785, 2619, 47, 0x0000000000000000 | 40.26 18.37 10.40 | cpu  2148614021 50793272 274944437 15057203680 1684074 0 10755798 0 0 0
1791106891 1785, 2619, 47, 0x0000000000000000 | 40.26 18.37 10.40 | cpu  2148616141 50793272 274944919 15057225567 1684074 0 10755809 0 0 0
1791106892 1785, 2619, 47, 0x0000000000000000 | 40.26 18.37 10.40 | cpu  2148618009 50793273 274945381 15057247929 1684074 0 10755829 0 0 0
1791106893 1785, 2619, 47, 0x0000000000000000 | 40.26 18.37 10.40 | cpu  2148620143 50793273 274945873 15057270966 1684074 0 10755850 0 0 0
1791106894 1785, 2619, 47, 0x0000000000000000 | 40.26 18.37 10.40 | cpu  2148622236 50793273 274946366 15057295823 1684074 0 10755870 0 0 0
1791106895 1785, 2619, 47, 0x0000000000000000 | 37.92 18.24 10.41 | cpu  2148624253 50793273 274946891 15057318975 1684074 0 10755889 0 0 0
1791106896 1785, 2619, 46, 0x0000000000000000 | 37.92 18.24 10.41 | cpu  2148626181 50793273 274947197 15057342081 1684074 0 10755894 0 0 0
1791106897 1785, 2619, 46, 0x0000000000000000 | 37.92 18.24 10.41 | cpu  2148628144 50793273 274947397 15057364621 1684074 0 10755903 0 0 0
1791106899 1785, 2619, 46, 0x0000000000000000 | 37.92 18.24 10.41 | cpu  2148630004 50793273 274947614 15057387429 1684074 0 10755914 0 0 0
1791106900 1785, 2619, 46, 0x0000000000000000 | 35.44 18.06 10.39 | cpu  2148632064 50793273 274947874 15057411545 1684074 0 10755922 0 0 0
1791106901 1785, 2619, 47, 0x0000000000000000 | 35.44 18.06 10.39 | cpu  2148634214 50793273 274948266 15057434949 1684074 0 10755937 0 0 0
1791106902 1785, 2619, 47, 0x0000000000000000 | 35.44 18.06 10.39 | cpu  2148636308 50793273 274948720 15057457795 1684074 0 10755952 0 0 0
1791106903 1785, 2619, 47, 0x0000000000000000 | 35.44 18.06 10.39 | cpu  2148638562 50793273 274949223 15057480288 1684075 0 10755974 0 0 0
1791106904 1785, 2619, 47, 0x0000000000000000 | 35.44 18.06 10.39 | cpu  2148640021 50793273 274949854 15057501315 1684075 0 10756002 0 0 0
1791106905 1785, 2619, 47, 0x0000000000000000 | 34.93 18.24 10.49 | cpu  2148642094 50793273 274950666 15057523293 1684075 0 10756024 0 0 0
1791106907 1785, 2619, 47, 0x0000000000000000 | 34.93 18.24 10.49 | cpu  2148644144 50793273 274951323 15057545379 1684075 0 10756039 0 0 0
1791106908 1785, 2619, 47, 0x0000000000000000 | 34.93 18.24 10.49 | cpu  2148646405 50793273 274951820 15057567835 1684075 0 10756053 0 0 0
1791106909 1785, 2619, 46, 0x0000000000000000 | 34.93 18.24 10.49 | cpu  2148648334 50793273 274952176 15057593995 1684075 0 10756067 0 0 0
1791106910 1785, 2619, 46, 0x0000000000000000 | 32.77 18.07 10.48 | cpu  2148650494 50793273 274952466 15057617335 1684075 0 10756082 0 0 0
1791106911 1785, 2619, 46, 0x0000000000000000 | 32.77 18.07 10.48 | cpu  2148652582 50793273 274952894 15057640582 1684075 0 10756096 0 0 0
1791106912 1785, 2619, 46, 0x0000000000000000 | 32.77 18.07 10.48 | cpu  2148654702 50793273 274953284 15057663788 1684075 0 10756102 0 0 0
1791106914 1785, 2619, 46, 0x0000000000000000 | 32.77 18.07 10.48 | cpu  2148656700 50793273 274953686 15057686723 1684076 0 10756124 0 0 0
1791106915 1785, 2619, 46, 0x0000000000000000 | 30.79 17.90 10.46 | cpu  2148658572 50793273 274954058 15057709915 1684077 0 10756137 0 0 0
1791106916 1785, 2619, 47, 0x0000000000000000 | 30.79 17.90 10.46 | cpu  2148660594 50793273 274954404 15057732292 1684077 0 10756155 0 0 0
1791106917 1785, 2619, 47, 0x0000000000000000 | 30.79 17.90 10.46 | cpu  2148662583 50793273 274954715 15057756365 1684077 0 10756167 0 0 0
1791106918 1785, 2619, 47, 0x0000000000000000 | 30.79 17.90 10.46 | cpu  2148664595 50793273 274955038 15057779093 1684077 0 10756178 0 0 0
1791106919 1785, 2619, 47, 0x0000000000000000 | 30.79 17.90 10.46 | cpu  2148666015 50793273 274955294 15057800892 1684077 0 10756187 0 0 0
1791106920 1785, 2619, 47, 0x0000000000000000 | 29.04 17.75 10.45 | cpu  2148667960 50793274 274955582 15057823827 1684077 0 10756192 0 0 0
1791106921 1785, 2619, 47, 0x0000000000000000 | 29.04 17.75 10.45 | cpu  2148669962 50793274 274956035 15057846635 1684077 0 10756214 0 0 0
1791106923 1785, 2619, 47, 0x0000000000000000 | 29.04 17.75 10.45 | cpu  2148671960 50793274 274956510 15057869409 1684077 0 10756221 0 0 0
1791106924 1785, 2619, 46, 0x0000000000000000 | 29.04 17.75 10.45 | cpu  2148674193 50793274 274956846 15057894156 1684077 0 10756230 0 0 0
1791106925 1785, 2619, 46, 0x0000000000000000 | 27.68 17.66 10.46 | cpu  2148676195 50793274 274957396 15057915683 1684077 0 10756242 0 0 0
1791106926 1785, 2619, 46, 0x0000000000000000 | 27.68 17.66 10.46 | cpu  2148678422 50793274 274957939 15057937802 1684077 0 10756256 0 0 0
1791106927 1785, 2619, 46, 0x0000000000000000 | 27.68 17.66 10.46 | cpu  2148680794 50793274 274958449 15057961175 1684077 0 10756275 0 0 0
1791106928 1785, 2619, 46, 0x0000000000000000 | 27.68 17.66 10.46 | cpu  2148682878 50793274 274958956 15057983750 1684077 0 10756292 0 0 0
1791106929 1785, 2619, 46, 0x0000000000000000 | 27.68 17.66 10.46 | cpu  2148684924 50793274 274959271 15058006105 1684077 0 10756300 0 0 0
1791106931 1785, 2619, 46, 0x0000000000000000 | 26.26 17.53 10.46 | cpu  2148686965 50793274 274959610 15058029594 1684077 0 10756313 0 0 0
1791106932 1785, 2619, 46, 0x0000000000000000 | 26.26 17.53 10.46 | cpu  2148688970 50793274 274959879 15058052441 1684077 0 10756322 0 0 0
1791106933 1785, 2619, 46, 0x0000000000000000 | 26.26 17.53 10.46 | cpu  2148691042 50793274 274960215 15058074607 1684077 0 10756337 0 0 0
1791106934 1785, 2619, 46, 0x0000000000000000 | 26.26 17.53 10.46 | cpu  2148692932 50793274 274960522 15058097184 1684077 0 10756342 0 0 0
1791106935 1785, 2619, 46, 0x0000000000000000 | 24.88 17.39 10.45 | cpu  2148694826 50793274 274960767 15058119671 1684077 0 10756350 0 0 0
1791106936 1785, 2619, 46, 0x0000000000000000 | 24.88 17.39 10.45 | cpu  2148696871 50793274 274961147 15058142341 1684077 0 10756358 0 0 0
1791106937 1785, 2619, 46, 0x0000000000000000 | 24.88 17.39 10.45 | cpu  2148698860 50793274 274961604 15058164321 1684077 0 10756375 0 0 0
1791106938 1785, 2619, 46, 0x0000000000000000 | 24.88 17.39 10.45 | cpu  2148700871 50793274 274962112 15058186630 1684077 0 10756392 0 0 0
1791106939 1785, 2619, 46, 0x0000000000000000 | 24.88 17.39 10.45 | cpu  2148702307 50793274 274962508 15058207864 1684077 0 10756414 0 0 0
1791106941 1785, 2619, 45, 0x0000000000000000 | 23.69 17.27 10.45 | cpu  2148704255 50793274 274963011 15058230947 1684077 0 10756439 0 0 0
1791106942 1785, 2619, 45, 0x0000000000000000 | 23.69 17.27 10.45 | cpu  2148706361 50793274 274963556 15058254501 1684079 0 10756457 0 0 0
1791106943 1785, 2619, 45, 0x0000000000000000 | 23.69 17.27 10.45 | cpu  2148708254 50793274 274964073 15058276579 1684079 0 10756473 0 0 0
1791106944 1785, 2619, 45, 0x0000000000000000 | 23.69 17.27 10.45 | cpu  2148710102 50793274 274964439 15058298644 1684079 0 10756486 0 0 0
1791106945 1785, 2619, 45, 0x0000000000000000 | 28.20 18.31 10.82 | cpu  2148712169 50793274 274964886 15058321334 1684079 0 10756513 0 0 0
1791106946 1785, 2619, 45, 0x0000000000000000 | 28.20 18.31 10.82 | cpu  2148714138 50793274 274965340 15058343000 1684079 0 10756529 0 0 0
1791106947 1785, 2619, 45, 0x0000000000000000 | 28.20 18.31 10.82 | cpu  2148716331 50793274 274965812 15058366172 1684079 0 10756532 0 0 0
1791106948 1785, 2619, 45, 0x0000000000000000 | 28.20 18.31 10.82 | cpu  2148718359 50793274 274966390 15058388181 1684079 0 10756549 0 0 0
1791106950 1785, 2619, 45, 0x0000000000000000 | 26.82 18.19 10.82 | cpu  2148720404 50793274 274966877 15058411629 1684079 0 10756571 0 0 0
1791106951 1785, 2619, 44, 0x0000000000000000 | 26.82 18.19 10.82 | cpu  2148722500 50793275 274967234 15058435033 1684079 0 10756585 0 0 0
1791106952 1785, 2619, 44, 0x0000000000000000 | 26.82 18.19 10.82 | cpu  2148724570 50793275 274967769 15058458756 1684079 0 10756597 0 0 0
1791106953 1785, 2619, 44, 0x0000000000000000 | 26.82 18.19 10.82 | cpu  2148726453 50793275 274968401 15058481400 1684079 0 10756608 0 0 0
1791106954 1785, 2619, 44, 0x0000000000000000 | 26.82 18.19 10.82 | cpu  2148728280 50793275 274968862 15058504616 1684079 0 10756624 0 0 0
1791106955 1785, 2619, 44, 0x0000000000000000 | 25.31 18.02 10.81 | cpu  2148730174 50793275 274969286 15058527467 1684079 0 10756636 0 0 0
1791106956 1785, 2619, 44, 0x0000000000000000 | 25.31 18.02 10.81 | cpu  2148732169 50793275 274969655 15058551757 1684079 0 10756640 0 0 0
1791106958 1785, 2619, 44, 0x0000000000000000 | 25.31 18.02 10.81 | cpu  2148734112 50793275 274969966 15058574232 1684079 0 10756644 0 0 0
1791106959 1785, 2619, 44, 0x0000000000000000 | 25.31 18.02 10.81 | cpu  2148735881 50793276 274970275 15058597928 1684079 0 10756644 0 0 0
1791106960 1785, 2619, 44, 0x0000000000000000 | 23.84 17.83 10.79 | cpu  2148737732 50793276 274970664 15058620821 1684079 0 10756652 0 0 0
1791106961 1785, 2619, 44, 0x0000000000000000 | 23.84 17.83 10.79 | cpu  2148739779 50793276 274971282 15058644146 1684088 0 10756671 0 0 0
1791106962 1785, 2619, 44, 0x0000000000000000 | 23.84 17.83 10.79 | cpu  2148741356 50793276 274972046 15058667484 1684094 0 10756687 0 0 0
1791106963 1785, 2619, 44, 0x0000000000000000 | 23.84 17.83 10.79 | cpu  2148742968 50793276 274972719 15058689280 1684104 0 10756712 0 0 0
1791106964 1785, 2619, 44, 0x0000000000000000 | 23.06 17.77 10.81 | cpu  2148743756 50793276 274973246 15058714127 1684104 0 10756736 0 0 0
1791106966 1785, 2619, 44, 0x0000000000000000 | 23.06 17.77 10.81 | cpu  2148744803 50793276 274973908 15058738342 1684105 0 10756762 0 0 0
1791106967 1785, 2619, 44, 0x0000000000000000 | 23.06 17.77 10.81 | cpu  2148745440 50793276 274974346 15058763776 1684106 0 10756780 0 0 0
1791106968 1785, 2619, 44, 0x0000000000000000 | 23.06 17.77 10.81 | cpu  2148745818 50793276 274975163 15058788167 1684153 0 10756800 0 0 0
1791106969 1785, 2619, 44, 0x0000000000000000 | 23.06 17.77 10.81 | cpu  2148746144 50793276 274975553 15058812677 1684157 0 10756801 0 0 0
1791106970 1785, 2619, 44, 0x0000000000000000 | 21.69 17.57 10.78 | cpu  2148746554 50793276 274975886 15058837185 1684157 0 10756801 0 0 0
1791106971 1785, 2619, 44, 0x0000000000000000 | 21.69 17.57 10.78 | cpu  2148747326 50793276 274976546 15058862202 1684163 0 10756802 0 0 0
1791106973 1785, 2619, 44, 0x0000000000000000 | 21.69 17.57 10.78 | cpu  2148747915 50793276 274977252 15058886315 1684180 0 10756814 0 0 0
1791106974 1785, 2619, 44, 0x0000000000000000 | 21.69 17.57 10.78 | cpu  2148748386 50793276 274977886 15058910777 1684199 0 10756834 0 0 0
1791106975 1785, 2619, 44, 0x0000000000000000 | 20.83 17.46 10.78 | cpu  2148749246 50793276 274978584 15058936002 1684207 0 10756852 0 0 0
