1791313123 2400, 14001, 48, 0x0000000000000000 | 2.29 2.13 2.08 | cpu  242453950 31398140 73390199 8367318694 12007778 0 1364251 0 0 0
1791313124 2400, 7001, 48, 0x0000000000000000 | 2.29 2.13 2.08 | cpu  242454208 31398140 73390367 8367321659 12007779 0 1364251 0 0 0
1791313125 510, 7001, 47, 0x0000000000000000 | 2.29 2.13 2.08 | cpu  242454331 31398140 73390568 8367324720 12007779 0 1364251 0 0 0
1791313126 510, 7001, 47, 0x0000000000000000 | 2.29 2.13 2.08 | cpu  242454665 31398140 73390690 8367327665 12007779 0 1364251 0 0 0
1791313127 315, 810, 46, 0x0000000000000000 | 2.29 2.13 2.08 | cpu  242454826 31398140 73390762 8367330844 12007779 0 1364251 0 0 0
1791313129 187, 810, 46, 0x0000000000000000 | 2.19 2.11 2.07 | cpu  242454897 31398140 73390879 8367334069 12007779 0 1364252 0 0 0
1791313130 180, 14001, 45, 0x0000000000000000 | 2.19 2.11 2.07 | cpu  242455084 31398140 73390977 8367337167 12007779 0 1364252 0 0 0
1791313131 2512, 13801, 47, 0x0000000000000000 | 2.19 2.11 2.07 | cpu  242455301 31398140 73391003 8367340313 12007779 0 1364253 0 0 0
1791313132 2460, 13801, 47, 0x0000000000000000 | 2.19 2.11 2.07 | cpu  242455559 31398140 73391020 8367343428 12007779 0 1364253 0 0 0
1791313133 2460, 13801, 47, 0x0000000000000000 | 2.19 2.11 2.07 | cpu  242455757 31398140 73391090 8367346553 12007779 0 1364254 0 0 0
1791313134 2460, 13801, 46, 0x0000000000000000 | 2.17 2.11 2.07 | cpu  242455994 31398140 73391188 8367349610 12007779 0 1364254 0 0 0
1791313135 2460, 13801, 46, 0x0000000000000000 | 2.17 2.11 2.07 | cpu  242456171 31398140 73391288 8367352728 12007779 0 1364254 0 0 0
1791313136 2460, 13801, 46, 0x0000000000000000 | 2.17 2.11 2.07 | cpu  242456411 31398140 73391311 8367355866 12007779 0 1364255 0 0 0
1791313137 2400, 13801, 46, 0x0000000000000000 | 2.17 2.11 2.07 | cpu  242456618 31398140 73391369 8367359002 12007779 0 1364255 0 0 0
1791313138 2400, 13801, 47, 0x0000000000000000 | 2.16 2.10 2.07 | cpu  242456834 31398140 73391456 8367362091 12007779 0 1364255 0 0 0
1791313139 2400, 13801, 46, 0x0000000000000000 | 2.16 2.10 2.07 | cpu  242457018 31398140 73391542 8367365205 12007779 0 1364255 0 0 0
1791313140 2610, 13801, 46, 0x0000000000000000 | 2.16 2.10 2.07 | cpu  242457262 31398140 73391560 8367368331 12007779 0 1364255 0 0 0
1791313141 2467, 13801, 46, 0x0000000000000000 | 2.16 2.10 2.07 | cpu  242457519 31398140 73391656 8367371360 12007779 0 1364255 0 0 0
1791313142 2467, 13801, 46, 0x0000000000000000 | 2.16 2.10 2.07 | cpu  242457739 31398140 73391716 8367374469 12007779 0 1364255 0 0 0
1791313143 2460, 13801, 46, 0x0000000000000000 | 2.15 2.10 2.07 | cpu  242457956 31398140 73391768 8367377590 12007779 0 1364255 0 0 0
1791313144 2400, 13801, 45, 0x0000000000000000 | 2.15 2.10 2.07 | cpu  242458140 31398140 73391850 8367380724 12007779 0 1364255 0 0 0
1791313146 2400, 13801, 45, 0x0000000000000000 | 2.15 2.10 2.07 | cpu  242458305 31398140 73391947 8367383848 12007779 0 1364255 0 0 0
1791313147 2400, 13801, 45, 0x0000000000000000 | 2.15 2.10 2.07 | cpu  242458449 31398140 73392021 8367387017 12007779 0 1364255 0 0 0
1791313148 2400, 13801, 45, 0x0000000000000000 | 2.15 2.10 2.07 | cpu  242458519 31398140 73392177 8367390182 12007779 0 1364255 0 0 0
1791313149 2400, 13801, 45, 0x0000000000000000 | 2.22 2.12 2.07 | cpu  242458573 31398140 73392350 8367393344 12007779 0 1364255 0 0 0
1791313150 2422, 13801, 45, 0x0000000000000000 | 2.22 2.12 2.07 | cpu  242458676 31398140 73392468 8367396519 12007779 0 1364255 0 0 0
1791313151 2422, 13801, 45, 0x0000000000000000 | 2.22 2.12 2.07 | cpu  242458843 31398140 73392519 8367399693 12007779 0 1364256 0 0 0
1791313152 2422, 13801, 45, 0x0000000000000000 | 2.22 2.12 2.07 | cpu  242458966 31398140 73392616 8367402870 12007779 0 1364256 0 0 0
1791313153 2422, 13801, 45, 0x0000000000000000 | 2.20 2.12 2.07 | cpu  242459071 31398140 73392740 8367406035 12007779 0 1364257 0 0 0
1791313154 2422, 13801, 44, 0x0000000000000000 | 2.20 2.12 2.07 | cpu  242459192 31398140 73392837 8367409208 12007779 0 1364257 0 0 0
1791313155 2602, 13801, 45, 0x0000000000000000 | 2.20 2.12 2.07 | cpu  242459383 31398140 73392877 8367412357 12007779 0 1364258 0 0 0
1791313156 2572, 13801, 45, 0x0000000000000000 | 2.20 2.12 2.07 | cpu  242459604 31398140 73392885 8367415516 12007779 0 1364259 0 0 0
1791313157 2460, 13801, 44, 0x0000000000000000 | 2.20 2.12 2.07 | cpu  242459739 31398140 73392956 8367418710 12007779 0 1364260 0 0 0
1791313158 2400, 13801, 44, 0x0000000000000000 | 2.10 2.10 2.07 | cpu  242459847 31398140 73392976 8367421975 12007779 0 1364261 0 0 0
1791313159 2400, 13801, 44, 0x0000000000000000 | 2.10 2.10 2.07 | cpu  242459954 31398140 73392983 8367425252 12007779 0 1364261 0 0 0
1791313160 2400, 13801, 44, 0x0000000000000000 | 2.10 2.10 2.07 | cpu  242460047 31398140 73393080 8367428449 12007779 0 1364261 0 0 0
1791313161 2400, 13801, 44, 0x0000000000000000 | 2.10 2.10 2.07 | cpu  242460134 31398140 73393212 8367431614 12007779 0 1364261 0 0 0
1791313162 2400, 13801, 44, 0x0000000000000000 | 2.10 2.10 2.07 | cpu  242460231 31398140 73393337 8367434777 12007779 0 1364261 0 0 0
1791313164 2400, 13801, 44, 0x0000000000000000 | 2.09 2.09 2.07 | cpu  242460385 31398140 73393410 8367437932 12007780 0 1364263 0 0 0
1791313165 2400, 13801, 43, 0x0000000000000000 | 2.09 2.09 2.07 | cpu  242460543 31398140 73393563 8367441006 12007780 0 1364263 0 0 0
1791313166 2400, 13801, 43, 0x0000000000000000 | 2.09 2.09 2.07 | cpu  242460696 31398140 73393682 8367444120 12007780 0 1364263 0 0 0
1791313167 2400, 13801, 43, 0x0000000000000000 | 2.09 2.09 2.07 | cpu  242460849 31398140 73393753 8367447285 12007780 0 1364263 0 0 0
1791313168 2400, 13801, 43, 0x0000000000000000 | 2.09 2.09 2.07 | cpu  242460972 31398140 73393850 8367450456 12007780 0 1364263 0 0 0
1791313169 2400, 13801, 43, 0x0000000000000000 | 2.09 2.09 2.07 | cpu  242461058 31398140 73393986 8367453626 12007780 0 1364263 0 0 0
1791313170 2400, 13801, 43, 0x0000000000000000 | 2.09 2.09 2.07 | cpu  242461151 31398140 73394114 8367456792 12007780 0 1364263 0 0 0
1791313171 2400, 13801, 43, 0x0000000000000000 | 2.09 2.09 2.07 | cpu  242461294 31398140 73394187 8367459963 12007780 0 1364263 0 0 0
1791313172 2400, 13801, 43, 0x0000000000000000 | 2.09 2.09 2.07 | cpu  242461336 31398140 73394257 8367463239 12007780 0 1364263 0 0 0
1791313173 2400, 13801, 43, 0x0000000000000000 | 2.00 2.07 2.06 | cpu  242461379 31398140 73394327 8367466518 12007780 0 1364263 0 0 0
1791313174 2400, 13801, 43, 0x0000000000000000 | 2.00 2.07 2.06 | cpu  242461420 31398140 73394397 8367469794 12007780 0 1364263 0 0 0
1791313175 2400, 13801, 43, 0x0000000000000000 | 2.00 2.07 2.06 | cpu  242461489 31398140 73394501 8367473009 12007780 0 1364266 0 0 0
1791313176 2400, 13801, 43, 0x0000000000000000 | 2.00 2.07 2.06 | cpu  242461593 31398140 73394617 8367476183 12007780 0 1364266 0 0 0
1791313177 2400, 13801, 42, 0x0000000000000000 | 2.00 2.07 2.06 | cpu  242461658 31398140 73394769 8367479352 12007780 0 1364266 0 0 0
1791313178 2400, 13801, 42, 0x0000000000000000 | 2.00 2.07 2.06 | cpu  242461815 31398140 73394841 8367482512 12007780 0 1364266 0 0 0
1791313179 2400, 13801, 42, 0x0000000000000000 | 2.00 2.07 2.06 | cpu  242462023 31398140 73394921 8367485614 12007780 0 1364266 0 0 0
1791313181 2400, 13801, 42, 0x0000000000000000 | 2.00 2.07 2.06 | cpu  242462135 31398140 73395033 8367488780 12007780 0 1364266 0 0 0
1791313182 2400, 13801, 42, 0x0000000000000000 | 2.00 2.07 2.06 | cpu  242462254 31398140 73395133 8367491949 12007780 0 1364267 0 0 0
1791313183 2400, 13801, 42, 0x0000000000000000 | 2.00 2.07 2.06 | cpu  242462370 31398140 73395243 8367495104 12007780 0 1364267 0 0 0
1791313184 2400, 13801, 42, 0x0000000000000000 | 2.00 2.07 2.06 | cpu  242462456 31398140 73395375 8367498274 12007780 0 1364267 0 0 0
1791313185 2400, 13801, 42, 0x0000000000000000 | 2.00 2.07 2.06 | cpu  242462574 31398140 73395476 8367501444 12007780 0 1364267 0 0 0
1791313186 2400, 13801, 42, 0x0000000000000000 | 2.00 2.07 2.06 | cpu  242462673 31398140 73395599 8367504600 12007780 0 1364268 0 0 0
1791313187 2400, 13801, 42, 0x0000000000000000 | 2.00 2.07 2.06 | cpu  242462769 31398140 73395729 8367507758 12007780 0 1364269 0 0 0
1791313188 2400, 13801, 42, 0x0000000000000000 | 2.00 2.07 2.06 | cpu  242462921 31398140 73395796 8367510930 12007780 0 1364269 0 0 0
1791313189 2400, 13801, 42, 0x0000000000000000 | 2.00 2.07 2.06 | cpu  242463022 31398140 73395913 8367514106 12007780 0 1364269 0 0 0
1791313190 2400, 13801, 42, 0x0000000000000000 | 2.00 2.07 2.06 | cpu  242463109 31398140 73396045 8367517274 12007780 0 1364269 0 0 0
1791313191 2400, 13801, 42, 0x0000000000000000 | 2.00 2.07 2.06 | cpu  242463204 31398140 73396177 8367520440 12007780 0 1364272 0 0 0
1791313192 2400, 13801, 42, 0x0000000000000000 | 2.00 2.07 2.06 | cpu  242463357 31398140 73396245 8367523608 12007780 0 1364272 0 0 0
1791313193 2400, 13801, 41, 0x0000000000000000 | 2.00 2.07 2.06 | cpu  242463507 31398140 73396318 8367526781 12007780 0 1364272 0 0 0
1791313194 2400, 13801, 41, 0x0000000000000000 | 2.00 2.07 2.06 | cpu  242463611 31398140 73396434 8367529954 12007780 0 1364272 0 0 0
1791313195 2400, 13801, 41, 0x0000000000000000 | 2.00 2.07 2.06 | cpu  242463686 31398140 73396581 8367533127 12007780 0 1364272 0 0 0
1791313196 2400, 13801, 41, 0x0000000000000000 | 2.00 2.07 2.06 | cpu  242463797 31398140 73396690 8367536301 12007780 0 1364272 0 0 0
1791313197 2400, 13801, 41, 0x0000000000000000 | 2.00 2.07 2.06 | cpu  242463955 31398140 73396758 8367539468 12007780 0 1364273 0 0 0
1791313199 2400, 13801, 41, 0x0000000000000000 | 2.00 2.07 2.06 | cpu  242464107 31398140 73396832 8367542639 12007780 0 1364273 0 0 0
1791313200 2400, 13801, 41, 0x0000000000000000 | 2.00 2.07 2.06 | cpu  242464257 31398140 73396901 8367545811 12007780 0 1364273 0 0 0
1791313201 2400, 13801, 41, 0x0000000000000000 | 2.00 2.07 2.06 | cpu  242464359 31398140 73397019 8367548982 12007780 0 1364274 0 0 0
1791313202 2400, 13801, 41, 0x0000000000000000 | 2.00 2.07 2.06 | cpu  242464465 31398140 73397198 8367552076 12007780 0 1364274 0 0 0
1791313203 2400, 13801, 41, 0x0000000000000000 | 2.00 2.07 2.06 | cpu  242464572 31398140 73397315 8367555236 12007780 0 1364274 0 0 0
1791313204 2400, 13801, 41, 0x0000000000000000 | 2.08 2.08 2.06 | cpu  242464750 31398140 73397390 8367558370 12007780 0 1364275 0 0 0
1791313205 2400, 13801, 41, 0x0000000000000000 | 2.08 2.08 2.06 | cpu  242464872 31398140 73397495 8367561536 12007780 0 1364277 0 0 0
1791313206 2400, 13801, 41, 0x0000000000000000 | 2.08 2.08 2.06 | cpu  242464987 31398140 73397598 8367564710 12007780 0 1364277 0 0 0
1791313207 2400, 13801, 41, 0x0000000000000000 | 2.08 2.08 2.06 | cpu  242465105 31398140 73397698 8367567884 12007781 0 1364277 0 0 0
1791313208 2400, 13801, 41, 0x0000000000000000 | 2.07 2.08 2.06 | cpu  242465208 31398140 73397827 8367571045 12007781 0 1364279 0 0 0
1791313209 2400, 13801, 41, 0x0000000000000000 | 2.07 2.08 2.06 | cpu  242465287 31398140 73397974 8367574207 12007781 0 1364282 0 0 0
1791313210 2400, 13801, 41, 0x0000000000000000 | 2.07 2.08 2.06 | cpu  242465381 31398140 73398100 8367577382 12007781 0 1364283 0 0 0
1791313211 2400, 13801, 40, 0x0000000000000000 | 2.07 2.08 2.06 | cpu  242465532 31398140 73398168 8367580560 12007781 0 1364283 0 0 0
1791313212 2400, 13801, 40, 0x0000000000000000 | 2.07 2.08 2.06 | cpu  242465680 31398140 73398238 8367583742 12007781 0 1364283 0 0 0
1791313213 2400, 13801, 40, 0x0000000000000000 | 2.07 2.08 2.06 | cpu  242465836 31398140 73398301 8367586918 12007781 0 1364283 0 0 0
1791313214 2400, 13801, 40, 0x0000000000000000 | 2.07 2.08 2.06 | cpu  242465995 31398140 73398361 8367590097 12007781 0 1364283 0 0 0
1791313215 2400, 13801, 40, 0x0000000000000000 | 2.07 2.08 2.06 | cpu  242466108 31398140 73398466 8367593270 12007783 0 1364283 0 0 0
1791313217 2872, 13801, 50, 0x0000000000000000 | 2.07 2.08 2.06 | cpu  242466260 31398140 73398546 8367596449 12007783 0 1364283 0 0 0
1791313218 2872, 13801, 53, 0x0000000000000000 | 2.07 2.08 2.06 | cpu  242466422 31398140 73398603 8367599634 12007783 0 1364283 0 0 0
1791313219 2857, 13801, 53, 0x0000000000000000 | 2.06 2.08 2.06 | cpu  242466636 31398140 73398609 8367602820 12007783 0 1364283 0 0 0
1791313220 2857, 13801, 54, 0x0000000000000000 | 2.06 2.08 2.06 | cpu  242466879 31398140 73398617 8367605970 12007783 0 1364283 0 0 0
1791313221 2857, 13801, 54, 0x0000000000000000 | 2.06 2.08 2.06 | cpu  242467077 31398140 73398649 8367609162 12007783 0 1364283 0 0 0
1791313222 2857, 13801, 54, 0x0000000000000000 | 2.06 2.08 2.06 | cpu  242467257 31398140 73398689 8367612362 12007783 0 1364283 0 0 0
1791313223 2857, 13801, 52, 0x0000000000000000 | 2.06 2.08 2.06 | cpu  242467499 31398140 73398734 8367615482 12007783 0 1364283 0 0 0
1791313224 2857, 13801, 55, 0x0000000000000000 | 2.22 2.11 2.07 | cpu  242467675 31398140 73398801 8367618639 12007783 0 1364284 0 0 0
1791313225 2865, 13801, 58, 0x0000000000000000 | 2.22 2.11 2.07 | cpu  242467834 31398140 73398874 8367621818 12007783 0 1364285 0 0 0
1791313226 2865, 13801, 59, 0x0000000000000000 | 2.22 2.11 2.07 | cpu  242468018 31398140 73398921 8367624991 12007783 0 1364285 0 0 0
1791313227 2857, 13801, 56, 0x0000000000000000 | 2.22 2.11 2.07 | cpu  242468200 31398140 73398969 8367628164 12007783 0 1364285 0 0 0
1791313228 2857, 13801, 58, 0x0000000000000000 | 2.20 2.11 2.07 | cpu  242468340 31398140 73399058 8367631338 12007783 0 1364285 0 0 0
1791313229 2857, 13801, 58, 0x0000000000000000 | 2.20 2.11 2.07 | cpu  242468474 31398140 73399161 8367634504 12007783 0 1364285 0 0 0
1791313230 2865, 13801, 59, 0x0000000000000000 | 2.20 2.11 2.07 | cpu  242468692 31398140 73399224 8367637659 12007783 0 1364285 0 0 0
1791313231 2865, 13801, 60, 0x0000000000000000 | 2.20 2.11 2.07 | cpu  242468885 31398140 73399341 8367640750 12007783 0 1364286 0 0 0
1791313233 2865, 13801, 60, 0x0000000000000000 | 2.20 2.11 2.07 | cpu  242469056 31398140 73399412 8367643905 12007783 0 1364286 0 0 0
1791313234 2857, 13801, 61, 0x0000000000000004 | 2.18 2.11 2.07 | cpu  242469240 31398140 73399461 8367647117 12007783 0 1364286 0 0 0
1791313235 2865, 13801, 56, 0x0000000000000000 | 2.18 2.11 2.07 | cpu  242469423 31398140 73399516 8367650297 12007783 0 1364287 0 0 0
1791313236 2857, 13801, 59, 0x0000000000000000 | 2.18 2.11 2.07 | cpu  242469577 31398140 73399601 8367653463 12007783 0 1364287 0 0 0
1791313237 2857, 13801, 57, 0x0000000000000000 | 2.18 2.11 2.07 | cpu  242469724 31398140 73399741 8367656580 12007783 0 1364287 0 0 0
1791313238 2857, 13801, 61, 0x0000000000000000 | 2.18 2.11 2.07 | cpu  242469907 31398140 73399819 8367659725 12007783 0 1364288 0 0 0
1791313239 2865, 13801, 60, 0x0000000000000000 | 2.17 2.10 2.07 | cpu  242470124 31398140 73399833 8367662897 12007783 0 1364288 0 0 0
1791313240 2857, 13801, 58, 0x0000000000000000 | 2.17 2.10 2.07 | cpu  242470262 31398140 73399849 8367666147 12007783 0 1364288 0 0 0
1791313241 2857, 13801, 62, 0x0000000000000000 | 2.17 2.10 2.07 | cpu  242470417 31398140 73399878 8367669407 12007783 0 1364288 0 0 0
1791313242 2865, 13801, 56, 0x0000000000000000 | 2.17 2.10 2.07 | cpu  242470589 31398140 73399941 8367672574 12007783 0 1364288 0 0 0
1791313243 2850, 13801, 62, 0x0000000000000000 | 2.15 2.10 2.07 | cpu  242470771 31398140 73399998 8367675741 12007784 0 1364289 0 0 0
1791313244 2850, 13801, 63, 0x0000000000000000 | 2.15 2.10 2.07 | cpu  242470952 31398140 73400046 8367678918 12007784 0 1364289 0 0 0
1791313245 2857, 13801, 63, 0x0000000000000000 | 2.15 2.10 2.07 | cpu  242471100 31398140 73400128 8367682088 12007784 0 1364291 0 0 0
1791313246 2857, 13801, 61, 0x0000000000000000 | 2.15 2.10 2.07 | cpu  242471283 31398140 73400181 8367685259 12007784 0 1364291 0 0 0
1791313247 2850, 13801, 63, 0x0000000000000000 | 2.15 2.10 2.07 | cpu  242471452 31398140 73400243 8367688440 12007784 0 1364291 0 0 0
1791313249 2850, 13801, 62, 0x0000000000000000 | 2.22 2.12 2.08 | cpu  242471595 31398140 73400344 8367691603 12007784 0 1364291 0 0 0
1791313250 2857, 13801, 63, 0x0000000000000000 | 2.22 2.12 2.08 | cpu  242471808 31398140 73400362 8367694783 12007784 0 1364291 0 0 0
1791313251 2842, 13801, 64, 0x0000000000000000 | 2.22 2.12 2.08 | cpu  242472024 31398140 73400379 8367697962 12007784 0 1364291 0 0 0
1791313252 2850, 13801, 63, 0x0000000000000000 | 2.22 2.12 2.08 | cpu  242472190 31398140 73400454 8367701132 12007784 0 1364292 0 0 0
1791313253 2850, 13801, 61, 0x0000000000000000 | 2.22 2.12 2.08 | cpu  242472338 31398140 73400597 8367704255 12007784 0 1364293 0 0 0
1791313254 2842, 13801, 66, 0x0000000000000000 | 2.28 2.13 2.08 | cpu  242472519 31398140 73400678 8367707392 12007784 0 1364294 0 0 0
1791313255 2850, 13801, 65, 0x0000000000000000 | 2.28 2.13 2.08 | cpu  242472738 31398140 73400697 8367710570 12007784 0 1364294 0 0 0
1791313256 2842, 13801, 64, 0x0000000000000000 | 2.28 2.13 2.08 | cpu  242472919 31398140 73400745 8367713754 12007784 0 1364294 0 0 0
1791313257 2842, 13801, 64, 0x0000000000000000 | 2.28 2.13 2.08 | cpu  242473092 31398140 73400827 8367716905 12007784 0 1364294 0 0 0
1791313258 2850, 13801, 62, 0x0000000000000000 | 2.26 2.13 2.08 | cpu  242473252 31398140 73400899 8367720085 12007784 0 1364294 0 0 0
1791313259 2850, 13801, 65, 0x0000000000000000 | 2.26 2.13 2.08 | cpu  242473454 31398140 73400942 8367723266 12007784 0 1364295 0 0 0
1791313260 2842, 13801, 62, 0x0000000000000000 | 2.26 2.13 2.08 | cpu  242473633 31398140 73400993 8367726448 12007784 0 1364297 0 0 0
1791313261 2865, 13801, 62, 0x0000000000000000 | 2.26 2.13 2.08 | cpu  242473887 31398140 73401049 8367729543 12007784 0 1364299 0 0 0
1791313262 2842, 13801, 67, 0x0000000000000004 | 2.26 2.13 2.08 | cpu  242474111 31398140 73401150 8367732638 12007784 0 1364299 0 0 0
1791313263 2842, 13801, 65, 0x0000000000000000 | 2.24 2.13 2.08 | cpu  242474309 31398140 73401183 8367735802 12007784 0 1364299 0 0 0
1791313265 2850, 13801, 65, 0x0000000000000000 | 2.24 2.13 2.08 | cpu  242474520 31398140 73401202 8367738978 12007784 0 1364299 0 0 0
1791313266 2857, 13801, 64, 0x0000000000000000 | 2.24 2.13 2.08 | cpu  242474702 31398140 73401261 8367742133 12007784 0 1364299 0 0 0
1791313267 2842, 13801, 66, 0x0000000000000000 | 2.24 2.13 2.08 | cpu  242474959 31398140 73401314 8367745241 12007784 0 1364299 0 0 0
1791313268 2842, 13801, 65, 0x0000000000000000 | 2.24 2.13 2.08 | cpu  242475140 31398140 73401365 8367748430 12007784 0 1364299 0 0 0
1791313269 2842, 13801, 67, 0x0000000000000000 | 2.22 2.12 2.08 | cpu  242475292 31398140 73401443 8367751602 12007784 0 1364299 0 0 0
1791313270 2842, 13801, 67, 0x0000000000000000 | 2.22 2.12 2.08 | cpu  242475475 31398140 73401490 8367754781 12007785 0 1364299 0 0 0
1791313271 2850, 13801, 66, 0x0000000000000000 | 2.22 2.12 2.08 | cpu  242475643 31398140 73401552 8367757962 12007785 0 1364299 0 0 0
1791313272 2842, 13801, 66, 0x0000000000000000 | 2.22 2.12 2.08 | cpu  242475781 31398140 73401653 8367761132 12007785 0 1364299 0 0 0
1791313273 2842, 13801, 68, 0x0000000000000004 | 2.20 2.12 2.08 | cpu  242475993 31398140 73401669 8367764303 12007785 0 1364299 0 0 0
1791313274 2850, 13801, 65, 0x0000000000000000 | 2.20 2.12 2.08 | cpu  242476178 31398140 73401714 8367767477 12007785 0 1364299 0 0 0
1791313275 2850, 13801, 66, 0x0000000000000000 | 2.20 2.12 2.08 | cpu  242476393 31398140 73401768 8367770650 12007786 0 1364299 0 0 0
1791313276 2842, 13801, 69, 0x0000000000000000 | 2.20 2.12 2.08 | cpu  242476577 31398140 73401818 8367773814 12007786 0 1364299 0 0 0
1791313277 2842, 13801, 67, 0x0000000000000000 | 2.20 2.12 2.08 | cpu  242476749 31398140 73401880 8367776982 12007786 0 1364299 0 0 0
1791313278 2842, 13801, 67, 0x0000000000000000 | 2.19 2.12 2.08 | cpu  242476912 31398140 73401955 8367780155 12007786 0 1364299 0 0 0
1791313279 2842, 13801, 67, 0x0000000000000000 | 2.19 2.12 2.08 | cpu  242477041 31398140 73402058 8367783330 12007786 0 1364299 0 0 0
1791313281 2850, 13801, 62, 0x0000000000000000 | 2.19 2.12 2.08 | cpu  242477236 31398140 73402092 8367786507 12007786 0 1364299 0 0 0
1791313282 2850, 13801, 67, 0x0000000000000000 | 2.19 2.12 2.08 | cpu  242477450 31398140 73402109 8367789672 12007786 0 1364300 0 0 0
1791313283 2842, 13801, 67, 0x0000000000000000 | 2.19 2.12 2.08 | cpu  242477631 31398140 73402166 8367792834 12007786 0 1364300 0 0 0
1791313284 2850, 13801, 60, 0x0000000000000000 | 2.25 2.13 2.08 | cpu  242477824 31398140 73402212 8367795997 12007786 0 1364300 0 0 0
1791313285 2850, 13801, 66, 0x0000000000000000 | 2.25 2.13 2.08 | cpu  242478005 31398140 73402262 8367799171 12007786 0 1364300 0 0 0
1791313286 2842, 13801, 68, 0x0000000000000004 | 2.25 2.13 2.08 | cpu  242478146 31398140 73402352 8367802344 12007786 0 1364300 0 0 0
1791313287 2842, 13801, 66, 0x0000000000000000 | 2.25 2.13 2.08 | cpu  242478321 31398140 73402406 8367805513 12007786 0 1364300 0 0 0
1791313288 2850, 13801, 62, 0x0000000000000000 | 2.25 2.13 2.08 | cpu  242478535 31398140 73402422 8367808689 12007786 0 1364300 0 0 0
1791313289 2842, 13801, 67, 0x0000000000000004 | 2.47 2.18 2.10 | cpu  242478731 31398140 73402464 8367811856 12007786 0 1364300 0 0 0
1791313290 2842, 13801, 67, 0x0000000000000000 | 2.47 2.18 2.10 | cpu  242478915 31398140 73402516 8367815023 12007786 0 1364300 0 0 0
1791313291 2842, 13801, 68, 0x0000000000000000 | 2.47 2.18 2.10 | cpu  242479091 31398140 73402572 8367818203 12007786 0 1364300 0 0 0
1791313292 2842, 13801, 69, 0x0000000000000004 | 2.47 2.18 2.10 | cpu  242479224 31398140 73402677 8367821377 12007786 0 1364300 0 0 0
1791313293 2842, 13801, 66, 0x0000000000000000 | 2.43 2.18 2.10 | cpu  242479434 31398140 73402701 8367824546 12007786 0 1364300 0 0 0
1791313294 2842, 13801, 68, 0x0000000000000004 | 2.43 2.18 2.10 | cpu  242479654 31398140 73402769 8367827655 12007786 0 1364300 0 0 0
1791313295 2842, 13801, 67, 0x0000000000000000 | 2.43 2.18 2.10 | cpu  242479872 31398140 73402846 8367830764 12007786 0 1364300 0 0 0
1791313296 2850, 13801, 67, 0x0000000000000000 | 2.43 2.18 2.10 | cpu  242480087 31398140 73402860 8367833941 12007786 0 1364300 0 0 0
1791313298 2850, 13801, 68, 0x0000000000000000 | 2.43 2.18 2.10 | cpu  242480266 31398140 73402911 8367837113 12007786 0 1364300 0 0 0
1791313299 2842, 13801, 69, 0x0000000000000000 | 2.48 2.19 2.10 | cpu  242480418 31398140 73402987 8367840294 12007786 0 1364300 0 0 0
1791313300 2872, 13801, 57, 0x0000000000000000 | 2.48 2.19 2.10 | cpu  242480566 31398140 73403065 8367843460 12007786 0 1364300 0 0 0
1791313301 2872, 13801, 56, 0x0000000000000000 | 2.48 2.19 2.10 | cpu  242480759 31398140 73403098 8367846620 12007786 0 1364301 0 0 0
1791313302 2400, 13801, 53, 0x0000000000000000 | 2.48 2.19 2.10 | cpu  242481023 31398140 73403109 8367849730 12007786 0 1364301 0 0 0
1791313303 2400, 13801, 53, 0x0000000000000000 | 2.48 2.19 2.10 | cpu  242481199 31398140 73403169 8367852884 12007786 0 1364301 0 0 0
1791313304 2400, 13801, 52, 0x0000000000000000 | 2.44 2.19 2.10 | cpu  242481375 31398140 73403212 8367856061 12007786 0 1364301 0 0 0
1791313305 2400, 13801, 52, 0x0000000000000000 | 2.44 2.19 2.10 | cpu  242481554 31398140 73403254 8367859233 12007786 0 1364301 0 0 0
1791313306 2400, 13801, 51, 0x0000000000000000 | 2.44 2.19 2.10 | cpu  242481681 31398140 73403349 8367862392 12007786 0 1364302 0 0 0
1791313307 2400, 13801, 51, 0x0000000000000000 | 2.44 2.19 2.10 | cpu  242481895 31398140 73403423 8367865483 12007786 0 1364303 0 0 0
1791313308 2400, 13801, 50, 0x0000000000000000 | 2.41 2.19 2.10 | cpu  242482070 31398140 73403469 8367868651 12007786 0 1364303 0 0 0
1791313309 2400, 13801, 50, 0x0000000000000000 | 2.41 2.19 2.10 | cpu  242482173 31398140 73403585 8367871827 12007786 0 1364303 0 0 0
1791313310 2400, 13801, 50, 0x0000000000000000 | 2.41 2.19 2.10 | cpu  242482333 31398140 73403651 8367874993 12007786 0 1364303 0 0 0
1791313311 2400, 13801, 49, 0x0000000000000000 | 2.41 2.19 2.10 | cpu  242482526 31398140 73403676 8367878162 12007786 0 1364304 0 0 0
1791313312 2400, 13801, 49, 0x0000000000000000 | 2.41 2.19 2.10 | cpu  242482683 31398140 73403751 8367881314 12007786 0 1364304 0 0 0
1791313313 2400, 13801, 49, 0x0000000000000000 | 2.37 2.18 2.10 | cpu  242482865 31398140 73403794 8367884477 12007786 0 1364304 0 0 0
1791313315 2400, 13801, 49, 0x0000000000000000 | 2.37 2.18 2.10 | cpu  242483002 31398140 73403878 8367887641 12007786 0 1364305 0 0 0
1791313316 2400, 13801, 48, 0x0000000000000000 | 2.37 2.18 2.10 | cpu  242483171 31398140 73403934 8367890801 12007786 0 1364305 0 0 0
1791313317 2400, 13801, 48, 0x0000000000000000 | 2.37 2.18 2.10 | cpu  242483357 31398140 73403969 8367893966 12007786 0 1364306 0 0 0
1791313318 2400, 13801, 48, 0x0000000000000000 | 2.37 2.18 2.10 | cpu  242483547 31398140 73404016 8367897113 12007786 0 1364306 0 0 0
1791313319 420, 810, 47, 0x0000000000000000 | 2.34 2.18 2.10 | cpu  242483674 31398140 73404137 8367900274 12007787 0 1364308 0 0 0
1791313320 210, 405, 46, 0x0000000000000000 | 2.34 2.18 2.10 | cpu  242483869 31398140 73404170 8367903461 12007787 0 1364309 0 0 0
1791313321 180, 405, 46, 0x0000000000000000 | 2.34 2.18 2.10 | cpu  242484080 31398140 73404189 8367906644 12007787 0 1364309 0 0 0
1791313322 180, 405, 46, 0x0000000000000000 | 2.34 2.18 2.10 | cpu  242484259 31398140 73404235 8367909828 12007787 0 1364309 0 0 0
1791313323 180, 405, 45, 0x0000000000000000 | 2.47 2.21 2.11 | cpu  242484488 31398140 73404290 8367912951 12007787 0 1364310 0 0 0
1791313324 180, 405, 45, 0x0000000000000000 | 2.47 2.21 2.11 | cpu  242484624 31398140 73404387 8367916126 12007787 0 1364310 0 0 0
1791313325 180, 405, 45, 0x0000000000000000 | 2.47 2.21 2.11 | cpu  242484810 31398140 73404429 8367919314 12007787 0 1364311 0 0 0
1791313326 180, 405, 45, 0x0000000000000000 | 2.47 2.21 2.11 | cpu  242485017 31398140 73404450 8367922495 12007787 0 1364311 0 0 0
1791313327 180, 405, 45, 0x0000000000000000 | 2.47 2.21 2.11 | cpu  242485200 31398140 73404493 8367925682 12007787 0 1364311 0 0 0
1791313328 180, 405, 45, 0x0000000000000000 | 2.44 2.21 2.11 | cpu  242485374 31398140 73404547 8367928864 12007787 0 1364311 0 0 0
1791313329 180, 405, 44, 0x0000000000000000 | 2.44 2.21 2.11 | cpu  242485549 31398140 73404603 8367932056 12007787 0 1364311 0 0 0
1791313330 180, 405, 44, 0x0000000000000000 | 2.44 2.21 2.11 | cpu  242485703 31398140 73404672 8367935239 12007787 0 1364313 0 0 0
1791313332 172, 405, 44, 0x0000000000000000 | 2.44 2.21 2.11 | cpu  242485869 31398140 73404735 8367938420 12007787 0 1364313 0 0 0
1791313333 180, 405, 44, 0x0000000000000000 | 2.44 2.21 2.11 | cpu  242486023 31398140 73404821 8367941586 12007787 0 1364314 0 0 0
1791313334 180, 405, 44, 0x0000000000000000 | 2.40 2.20 2.11 | cpu  242486180 31398140 73404888 8367944775 12007787 0 1364317 0 0 0
1791313335 180, 405, 44, 0x0000000000000000 | 2.40 2.20 2.11 | cpu  242486394 31398140 73404908 8367947956 12007787 0 1364317 0 0 0
1791313336 180, 405, 43, 0x0000000000000000 | 2.40 2.20 2.11 | cpu  242486602 31398140 73404928 8367951139 12007787 0 1364318 0 0 0
1791313337 180, 405, 43, 0x0000000000000000 | 2.40 2.20 2.11 | cpu  242486781 31398140 73404984 8367954320 12007787 0 1364320 0 0 0
1791313338 172, 405, 43, 0x0000000000000000 | 2.40 2.20 2.11 | cpu  242486958 31398140 73405032 8367957504 12007787 0 1364320 0 0 0
1791313339 180, 405, 43, 0x0000000000000000 | 2.37 2.20 2.11 | cpu  242487083 31398140 73405132 8367960689 12007787 0 1364320 0 0 0
1791313340 180, 405, 43, 0x0000000000000000 | 2.37 2.20 2.11 | cpu  242487273 31398140 73405172 8367963876 12007787 0 1364321 0 0 0
1791313341 180, 405, 43, 0x0000000000000000 | 2.37 2.20 2.11 | cpu  242487439 31398140 73405192 8367967102 12007787 0 1364321 0 0 0
1791313342 180, 405, 43, 0x0000000000000000 | 2.37 2.20 2.11 | cpu  242487545 31398140 73405214 8367970389 12007787 0 1364322 0 0 0
1791313343 180, 405, 42, 0x0000000000000000 | 2.34 2.20 2.11 | cpu  242487761 31398140 73405225 8367973580 12007787 0 1364322 0 0 0
1791313344 180, 405, 42, 0x0000000000000000 | 2.34 2.20 2.11 | cpu  242487931 31398140 73405278 8367976773 12007787 0 1364322 0 0 0
1791313345 180, 405, 42, 0x0000000000000000 | 2.34 2.20 2.11 | cpu  242488108 31398140 73405332 8367979954 12007787 0 1364322 0 0 0
1791313347 180, 405, 42, 0x0000000000000000 | 2.34 2.20 2.11 | cpu  242488285 31398140 73405392 8367983127 12007787 0 1364322 0 0 0
1791313348 180, 405, 42, 0x0000000000000000 | 2.34 2.20 2.11 | cpu  242488437 31398140 73405481 8367986297 12007787 0 1364322 0 0 0
1791313349 180, 405, 42, 0x0000000000000000 | 2.31 2.19 2.11 | cpu  242488615 31398140 73405534 8367989483 12007787 0 1364322 0 0 0
1791313350 180, 405, 42, 0x0000000000000000 | 2.31 2.19 2.11 | cpu  242488767 31398140 73405603 8367992666 12007787 0 1364322 0 0 0
1791313351 180, 405, 42, 0x0000000000000000 | 2.31 2.19 2.11 | cpu  242488920 31398140 73405674 8367995858 12007787 0 1364323 0 0 0
1791313352 172, 405, 41, 0x0000000000000000 | 2.31 2.19 2.11 | cpu  242489136 31398140 73405690 8367999039 12007787 0 1364324 0 0 0
1791313353 180, 405, 41, 0x0000000000000000 | 2.31 2.19 2.11 | cpu  242489303 31398140 73405751 8368002223 12007787 0 1364324 0 0 0
1791313354 180, 405, 41, 0x0000000000000000 | 2.29 2.19 2.10 | cpu  242489467 31398140 73405819 8368005405 12007787 0 1364324 0 0 0
1791313355 180, 405, 41, 0x0000000000000000 | 2.29 2.19 2.10 | cpu  242489586 31398140 73405928 8368008583 12007787 0 1364324 0 0 0
1791313356 180, 405, 41, 0x0000000000000000 | 2.29 2.19 2.10 | cpu  242489793 31398140 73405953 8368011759 12007787 0 1364326 0 0 0
1791313357 180, 405, 41, 0x0000000000000000 | 2.29 2.19 2.10 | cpu  242490003 31398140 73405981 8368014918 12007787 0 1364327 0 0 0
1791313358 180, 405, 41, 0x0000000000000000 | 2.18 2.17 2.10 | cpu  242490154 31398140 73406011 8368018134 12007787 0 1364327 0 0 0
1791313359 180, 405, 41, 0x0000000000000000 | 2.18 2.17 2.10 | cpu  242490350 31398140 73406136 8368021219 12007787 0 1364328 0 0 0
1791313360 180, 405, 41, 0x0000000000000000 | 2.18 2.17 2.10 | cpu  242490528 31398140 73406184 8368024401 12007787 0 1364328 0 0 0
1791313361 180, 405, 41, 0x0000000000000000 | 2.18 2.17 2.10 | cpu  242490699 31398140 73406241 8368027581 12007787 0 1364328 0 0 0
1791313362 180, 405, 41, 0x0000000000000000 | 2.18 2.17 2.10 | cpu  242490859 31398140 73406310 8368030767 12007787 0 1364328 0 0 0
1791313364 180, 405, 41, 0x0000000000000000 | 2.17 2.17 2.10 | cpu  242491023 31398140 73406379 8368033948 12007788 0 1364328 0 0 0
1791313365 180, 405, 41, 0x0000000000000000 | 2.17 2.17 2.10 | cpu  242491199 31398140 73406432 8368037128 12007788 0 1364328 0 0 0
1791313366 180, 405, 41, 0x0000000000000000 | 2.17 2.17 2.10 | cpu  242491342 31398140 73406518 8368040306 12007788 0 1364330 0 0 0
1791313367 180, 405, 41, 0x0000000000000000 | 2.17 2.17 2.10 | cpu  242491501 31398140 73406599 8368043475 12007788 0 1364330 0 0 0
1791313368 180, 405, 41, 0x0000000000000000 | 2.17 2.17 2.10 | cpu  242491711 31398140 73406614 8368046664 12007788 0 1364331 0 0 0
1791313369 180, 405, 41, 0x0000000000000000 | 2.15 2.16 2.10 | cpu  242491928 31398140 73406624 8368049845 12007788 0 1364331 0 0 0
1791313370 180, 405, 41, 0x0000000000000000 | 2.15 2.16 2.10 | cpu  242492064 31398140 73406631 8368053114 12007788 0 1364331 0 0 0
1791313371 180, 405, 41, 0x0000000000000000 | 2.15 2.16 2.10 | cpu  242492201 31398140 73406686 8368056344 12007788 0 1364332 0 0 0
1791313372 180, 405, 41, 0x0000000000000000 | 2.15 2.16 2.10 | cpu  242492356 31398140 73406759 8368059525 12007788 0 1364332 0 0 0
1791313373 180, 405, 41, 0x0000000000000000 | 2.14 2.16 2.10 | cpu  242492490 31398140 73406852 8368062710 12007788 0 1364332 0 0 0
1791313374 180, 405, 41, 0x0000000000000000 | 2.14 2.16 2.10 | cpu  242492699 31398140 73406873 8368065889 12007788 0 1364333 0 0 0
1791313375 180, 405, 41, 0x0000000000000000 | 2.14 2.16 2.10 | cpu  242492850 31398140 73406896 8368069128 12007788 0 1364334 0 0 0
1791313376 180, 405, 41, 0x0000000000000000 | 2.14 2.16 2.10 | cpu  242492951 31398140 73406919 8368072417 12007788 0 1364334 0 0 0
1791313377 180, 405, 41, 0x0000000000000000 | 2.14 2.16 2.10 | cpu  242493050 31398140 73406942 8368075709 12007788 0 1364334 0 0 0
1791313379 180, 405, 42, 0x0000000000000000 | 2.05 2.14 2.09 | cpu  242493150 31398140 73406963 8368078992 12007788 0 1364334 0 0 0
1791313380 180, 405, 42, 0x0000000000000000 | 2.05 2.14 2.09 | cpu  242493304 31398140 73406996 8368082228 12007788 0 1364336 0 0 0
1791313381 180, 405, 42, 0x0000000000000000 | 2.05 2.14 2.09 | cpu  242493489 31398140 73407052 8368085401 12007788 0 1364336 0 0 0
1791313382 180, 405, 42, 0x0000000000000000 | 2.05 2.14 2.09 | cpu  242493625 31398140 73407145 8368088579 12007788 0 1364336 0 0 0
1791313383 180, 405, 42, 0x0000000000000000 | 2.05 2.14 2.09 | cpu  242493813 31398140 73407181 8368091768 12007788 0 1364336 0 0 0
1791313384 180, 405, 42, 0x0000000000000000 | 2.05 2.14 2.09 | cpu  242494025 31398140 73407196 8368094950 12007788 0 1364338 0 0 0
1791313385 180, 405, 42, 0x0000000000000000 | 2.05 2.14 2.09 | cpu  242494196 31398140 73407245 8368098141 12007788 0 1364339 0 0 0
1791313386 180, 405, 42, 0x0000000000000000 | 2.05 2.14 2.09 | cpu  242494378 31398140 73407284 8368101331 12007788 0 1364339 0 0 0
1791313387 180, 405, 42, 0x0000000000000000 | 2.05 2.14 2.09 | cpu  242494554 31398140 73407336 8368104514 12007788 0 1364340 0 0 0
1791313388 180, 405, 42, 0x0000000000000000 | 2.04 2.14 2.09 | cpu  242494706 31398140 73407425 8368107683 12007788 0 1364341 0 0 0
1791313389 180, 405, 42, 0x0000000000000000 | 2.04 2.14 2.09 | cpu  242494830 31398140 73407531 8368110863 12007788 0 1364342 0 0 0
1791313390 180, 405, 42, 0x0000000000000000 | 2.04 2.14 2.09 | cpu  242495041 31398140 73407549 8368114036 12007788 0 1364343 0 0 0
1791313391 180, 405, 42, 0x0000000000000000 | 2.04 2.14 2.09 | cpu  242495257 31398140 73407567 8368117215 12007788 0 1364344 0 0 0
1791313392 180, 405, 42, 0x0000000000000000 | 2.04 2.14 2.09 | cpu  242495423 31398140 73407631 8368120393 12007788 0 1364345 0 0 0
1791313393 180, 405, 42, 0x0000000000000000 | 2.04 2.13 2.09 | cpu  242495576 31398140 73407702 8368123582 12007788 0 1364345 0 0 0
1791313395 180, 405, 42, 0x0000000000000000 | 2.04 2.13 2.09 | cpu  242495738 31398140 73407771 8368126775 12007788 0 1364345 0 0 0
1791313396 180, 405, 42, 0x0000000000000000 | 2.04 2.13 2.09 | cpu  242495958 31398140 73407789 8368129952 12007788 0 1364346 0 0 0
1791313397 180, 405, 42, 0x0000000000000000 | 2.04 2.13 2.09 | cpu  242496137 31398140 73407872 8368133099 12007788 0 1364346 0 0 0
1791313398 180, 405, 42, 0x0000000000000000 | 2.04 2.13 2.09 | cpu  242496289 31398140 73407949 8368136283 12007788 0 1364346 0 0 0
1791313399 180, 405, 42, 0x0000000000000000 | 2.04 2.13 2.09 | cpu  242496450 31398140 73408017 8368139462 12007788 0 1364349 0 0 0
1791313400 180, 405, 42, 0x0000000000000000 | 2.04 2.13 2.09 | cpu  242496664 31398140 73408032 8368142644 12007788 0 1364349 0 0 0
1791313401 180, 405, 42, 0x0000000000000000 | 2.04 2.13 2.09 | cpu  242496795 31398140 73408046 8368145914 12007789 0 1364350 0 0 0
1791313402 180, 405, 42, 0x0000000000000000 | 2.04 2.13 2.09 | cpu  242496952 31398140 73408084 8368149126 12007789 0 1364350 0 0 0
1791313403 180, 405, 42, 0x0000000000000000 | 2.03 2.13 2.09 | cpu  242497139 31398140 73408132 8368152297 12007789 0 1364350 0 0 0
1791313404 180, 405, 42, 0x0000000000000000 | 2.03 2.13 2.09 | cpu  242497315 31398140 73408185 8368155478 12007789 0 1364350 0 0 0
1791313405 180, 405, 42, 0x0000000000000000 | 2.03 2.13 2.09 | cpu  242497445 31398140 73408285 8368158664 12007789 0 1364350 0 0 0
1791313406 180, 405, 42, 0x0000000000000000 | 2.03 2.13 2.09 | cpu  242497651 31398140 73408309 8368161844 12007789 0 1364350 0 0 0
1791313407 180, 405, 42, 0x0000000000000000 | 2.03 2.13 2.09 | cpu  242497848 31398140 73408323 8368165056 12007789 0 1364350 0 0 0
1791313408 180, 405, 42, 0x0000000000000000 | 1.95 2.11 2.08 | cpu  242497962 31398140 73408340 8368168348 12007789 0 1364350 0 0 0
1791313409 180, 405, 42, 0x0000000000000000 | 1.95 2.11 2.08 | cpu  242498071 31398140 73408353 8368171645 12007789 0 1364350 0 0 0
1791313411 180, 405, 42, 0x0000000000000000 | 1.95 2.11 2.08 | cpu  242498210 31398140 73408409 8368174860 12007789 0 1364351 0 0 0
1791313412 180, 405, 42, 0x0000000000000000 | 1.95 2.11 2.08 | cpu  242498373 31398140 73408477 8368178044 12007789 0 1364352 0 0 0
1791313413 180, 405, 42, 0x0000000000000000 | 1.95 2.11 2.08 | cpu  242498527 31398140 73408618 8368181153 12007789 0 1364353 0 0 0
1791313414 180, 405, 42, 0x0000000000000000 | 1.95 2.11 2.08 | cpu  242498743 31398140 73408646 8368184318 12007789 0 1364353 0 0 0
1791313415 180, 405, 42, 0x0000000000000000 | 1.95 2.11 2.08 | cpu  242498894 31398140 73408664 8368187562 12007789 0 1364354 0 0 0
1791313416 180, 405, 42, 0x0000000000000000 | 1.95 2.11 2.08 | cpu  242499012 31398140 73408679 8368190841 12007789 0 1364354 0 0 0
1791313417 180, 405, 42, 0x0000000000000000 | 1.95 2.11 2.08 | cpu  242499184 31398140 73408739 8368194046 12007789 0 1364357 0 0 0
1791313418 180, 405, 42, 0x0000000000000000 | 1.95 2.11 2.08 | cpu  242499335 31398140 73408830 8368197220 12007789 0 1364357 0 0 0
1791313419 180, 405, 42, 0x0000000000000000 | 1.96 2.10 2.08 | cpu  242499516 31398140 73408878 8368200402 12007789 0 1364357 0 0 0
1791313420 180, 405, 42, 0x0000000000000000 | 1.96 2.10 2.08 | cpu  242499734 31398140 73408893 8368203587 12007789 0 1364358 0 0 0
1791313421 180, 405, 42, 0x0000000000000000 | 1.96 2.10 2.08 | cpu  242499923 31398140 73408942 8368206763 12007789 0 1364358 0 0 0
1791313422 180, 405, 42, 0x0000000000000000 | 1.96 2.10 2.08 | cpu  242500100 31398140 73409039 8368209892 12007789 0 1364358 0 0 0
1791313423 180, 405, 42, 0x0000000000000000 | 2.04 2.12 2.08 | cpu  242500236 31398140 73409215 8368212997 12007789 0 1364360 0 0 0
1791313424 180, 405, 42, 0x0000000000000000 | 2.04 2.12 2.08 | cpu  242500444 31398140 73409236 8368216176 12007789 0 1364360 0 0 0
1791313425 180, 405, 42, 0x0000000000000000 | 2.04 2.12 2.08 | cpu  242500660 31398140 73409249 8368219357 12007789 0 1364360 0 0 0
1791313427 180, 405, 42, 0x0000000000000000 | 2.04 2.12 2.08 | cpu  242500804 31398140 73409273 8368222599 12007789 0 1364361 0 0 0
1791313428 180, 405, 42, 0x0000000000000000 | 2.04 2.12 2.08 | cpu  242500913 31398140 73409287 8368225893 12007789 0 1364361 0 0 0
1791313429 180, 405, 42, 0x0000000000000000 | 2.12 2.13 2.09 | cpu  242501031 31398140 73409361 8368229120 12007789 0 1364363 0 0 0
1791313430 180, 405, 42, 0x0000000000000000 | 2.12 2.13 2.09 | cpu  242501143 31398140 73409385 8368232404 12007789 0 1364365 0 0 0
1791313431 180, 405, 42, 0x0000000000000000 | 2.12 2.13 2.09 | cpu  242501326 31398140 73409441 8368235587 12007789 0 1364368 0 0 0
1791313432 180, 405, 42, 0x0000000000000000 | 2.12 2.13 2.09 | cpu  242501509 31398140 73409486 8368238772 12007789 0 1364369 0 0 0
1791313433 180, 405, 42, 0x0000000000000000 | 2.12 2.13 2.09 | cpu  242501674 31398140 73409554 8368241947 12007789 0 1364372 0 0 0
1791313434 180, 405, 42, 0x0000000000000000 | 2.11 2.13 2.09 | cpu  242501818 31398140 73409641 8368245130 12007789 0 1364372 0 0 0
1791313435 180, 405, 42, 0x0000000000000000 | 2.11 2.13 2.09 | cpu  242502034 31398140 73409656 8368248314 12007789 0 1364373 0 0 0
1791313436 180, 405, 42, 0x0000000000000000 | 2.11 2.13 2.09 | cpu  242502223 31398140 73409694 8368251499 12007789 0 1364374 0 0 0
1791313437 172, 405, 42, 0x0000000000000000 | 2.11 2.13 2.09 | cpu  242502434 31398140 73409753 8368254626 12007789 0 1364374 0 0 0
1791313438 180, 405, 42, 0x0000000000000000 | 2.18 2.15 2.10 | cpu  242502651 31398140 73409854 8368257716 12007789 0 1364375 0 0 0
1791313439 180, 405, 42, 0x0000000000000000 | 2.18 2.15 2.10 | cpu  242502861 31398140 73409875 8368260909 12007789 0 1364377 0 0 0
1791313440 180, 405, 42, 0x0000000000000000 | 2.18 2.15 2.10 | cpu  242503077 31398140 73409890 8368264098 12007789 0 1364379 0 0 0
1791313441 180, 405, 42, 0x0000000000000000 | 2.18 2.15 2.10 | cpu  242503253 31398140 73409942 8368267282 12007789 0 1364381 0 0 0
1791313443 180, 405, 42, 0x0000000000000000 | 2.18 2.15 2.10 | cpu  242503444 31398140 73409988 8368270454 12007789 0 1364381 0 0 0
1791313444 180, 405, 42, 0x0000000000000000 | 2.17 2.14 2.09 | cpu  242503626 31398140 73410036 8368273644 12007790 0 1364381 0 0 0
1791313445 172, 405, 42, 0x0000000000000000 | 2.17 2.14 2.09 | cpu  242503784 31398140 73410184 8368276738 12007790 0 1364381 0 0 0
1791313446 180, 405, 42, 0x0000000000000000 | 2.17 2.14 2.09 | cpu  242503971 31398140 73410230 8368279926 12007790 0 1364381 0 0 0
1791313447 180, 405, 43, 0x0000000000000000 | 2.17 2.14 2.09 | cpu  242504127 31398140 73410307 8368283113 12007790 0 1364382 0 0 0
1791313448 180, 405, 43, 0x0000000000000000 | 2.17 2.14 2.09 | cpu  242504289 31398140 73410378 8368286293 12007790 0 1364382 0 0 0
1791313449 180, 405, 43, 0x0000000000000000 | 2.15 2.14 2.09 | cpu  242504508 31398140 73410396 8368289464 12007790 0 1364385 0 0 0
1791313450 180, 405, 43, 0x0000000000000000 | 2.15 2.14 2.09 | cpu  242504669 31398140 73410465 8368292654 12007790 0 1364385 0 0 0
1791313451 172, 405, 43, 0x0000000000000000 | 2.15 2.14 2.09 | cpu  242504812 31398140 73410557 8368295834 12007790 0 1364386 0 0 0
1791313452 180, 405, 43, 0x0000000000000000 | 2.15 2.14 2.09 | cpu  242504993 31398140 73410603 8368299020 12007790 0 1364386 0 0 0
1791313453 180, 405, 43, 0x0000000000000000 | 2.14 2.14 2.09 | cpu  242505208 31398140 73410617 8368302201 12007790 0 1364386 0 0 0
1791313454 180, 405, 43, 0x0000000000000000 | 2.14 2.14 2.09 | cpu  242505397 31398140 73410664 8368305378 12007790 0 1364386 0 0 0
1791313455 180, 405, 43, 0x0000000000000000 | 2.14 2.14 2.09 | cpu  242505549 31398140 73410746 8368308560 12007790 0 1364386 0 0 0
1791313456 180, 405, 43, 0x0000000000000000 | 2.14 2.14 2.09 | cpu  242505710 31398140 73410819 8368311734 12007790 0 1364389 0 0 0
1791313457 180, 405, 43, 0x0000000000000000 | 2.14 2.14 2.09 | cpu  242505925 31398140 73410833 8368314924 12007790 0 1364389 0 0 0
1791313459 180, 405, 43, 0x0000000000000000 | 2.13 2.14 2.09 | cpu  242506145 31398140 73410851 8368318094 12007790 0 1364392 0 0 0
1791313460 180, 405, 43, 0x0000000000000000 | 2.13 2.14 2.09 | cpu  242506359 31398140 73410868 8368321268 12007790 0 1364392 0 0 0
1791313461 2857, 13801, 55, 0x0000000000000000 | 2.13 2.14 2.09 | cpu  242506547 31398140 73410916 8368324446 12007790 0 1364394 0 0 0
1791313462 2865, 13801, 56, 0x0000000000000000 | 2.13 2.14 2.09 | cpu  242506685 31398140 73411011 8368327664 12007790 0 1364394 0 0 0
1791313463 2857, 13801, 59, 0x0000000000000000 | 2.13 2.14 2.09 | cpu  242506863 31398140 73411062 8368330834 12007790 0 1364394 0 0 0
1791313464 2857, 13801, 60, 0x0000000000000000 | 2.12 2.13 2.09 | cpu  242507085 31398140 73411077 8368334004 12007790 0 1364394 0 0 0
1791313465 2857, 13801, 62, 0x0000000000000000 | 2.12 2.13 2.09 | cpu  242507219 31398140 73411094 8368337259 12007790 0 1364394 0 0 0
1791313466 2850, 13801, 60, 0x0000000000000000 | 2.12 2.13 2.09 | cpu  242507332 31398140 73411113 8368340529 12007790 0 1364395 0 0 0
1791313467 2857, 13801, 61, 0x0000000000000000 | 2.12 2.13 2.09 | cpu  242507485 31398140 73411189 8368343704 12007790 0 1364395 0 0 0
1791313468 2850, 13801, 62, 0x0000000000000004 | 2.19 2.15 2.10 | cpu  242507669 31398140 73411285 8368346827 12007790 0 1364395 0 0 0
1791313469 2850, 13801, 62, 0x0000000000000004 | 2.19 2.15 2.10 | cpu  242507958 31398140 73411299 8368349923 12007790 0 1364395 0 0 0
1791313470 2850, 13801, 63, 0x0000000000000000 | 2.19 2.15 2.10 | cpu  242508144 31398140 73411346 8368353091 12007790 0 1364395 0 0 0
1791313471 2850, 13801, 63, 0x0000000000000000 | 2.19 2.15 2.10 | cpu  242508327 31398140 73411398 8368356249 12007790 0 1364395 0 0 0
1791313472 2857, 13801, 63, 0x0000000000000000 | 2.19 2.15 2.10 | cpu  242508509 31398140 73411444 8368359422 12007790 0 1364395 0 0 0
1791313473 2857, 13801, 61, 0x0000000000000000 | 2.17 2.15 2.09 | cpu  242508679 31398140 73411537 8368362558 12007790 0 1364395 0 0 0
1791313475 2842, 13801, 63, 0x0000000000000000 | 2.17 2.15 2.09 | cpu  242508859 31398140 73411589 8368365728 12007790 0 1364395 0 0 0
1791313476 2842, 13801, 63, 0x0000000000000000 | 2.17 2.15 2.09 | cpu  242509041 31398140 73411637 8368368907 12007790 0 1364395 0 0 0
1791313477 2842, 13801, 65, 0x0000000000000000 | 2.17 2.15 2.09 | cpu  242509170 31398140 73411736 8368372081 12007790 0 1364395 0 0 0
1791313478 2842, 13801, 65, 0x0000000000000000 | 2.17 2.15 2.09 | cpu  242509367 31398140 73411771 8368375259 12007790 0 1364395 0 0 0
1791313479 2842, 13801, 64, 0x0000000000000000 | 2.16 2.14 2.09 | cpu  242509546 31398140 73411823 8368378433 12007790 0 1364397 0 0 0
1791313480 2865, 13801, 64, 0x0000000000000000 | 2.16 2.14 2.09 | cpu  242509732 31398140 73411896 8368381582 12007790 0 1364397 0 0 0
1791313481 2842, 13801, 65, 0x0000000000000000 | 2.16 2.14 2.09 | cpu  242509893 31398140 73412010 8368384701 12007790 0 1364397 0 0 0
1791313482 2842, 13801, 64, 0x0000000000000000 | 2.16 2.14 2.09 | cpu  242510107 31398140 73412026 8368387869 12007790 0 1364397 0 0 0
1791313483 2850, 13801, 61, 0x0000000000000000 | 2.31 2.18 2.10 | cpu  242510299 31398140 73412078 8368391034 12007790 0 1364397 0 0 0
1791313484 2842, 13801, 65, 0x0000000000000004 | 2.31 2.18 2.10 | cpu  242510473 31398140 73412141 8368394205 12007790 0 1364398 0 0 0
1791313485 2850, 13801, 64, 0x0000000000000000 | 2.31 2.18 2.10 | cpu  242510604 31398140 73412245 8368397370 12007790 0 1364398 0 0 0
1791313486 2842, 13801, 66, 0x0000000000000000 | 2.31 2.18 2.10 | cpu  242510821 31398140 73412264 8368400553 12007790 0 1364398 0 0 0
1791313487 2842, 13801, 66, 0x0000000000000004 | 2.31 2.18 2.10 | cpu  242511010 31398140 73412362 8368403664 12007790 0 1364398 0 0 0
1791313488 2850, 13801, 64, 0x0000000000000000 | 2.28 2.17 2.10 | cpu  242511143 31398140 73412435 8368406860 12007791 0 1364399 0 0 0
1791313489 2850, 13801, 65, 0x0000000000000000 | 2.28 2.17 2.10 | cpu  242511313 31398140 73412496 8368410036 12007791 0 1364399 0 0 0
1791313490 2842, 13801, 66, 0x0000000000000000 | 2.28 2.17 2.10 | cpu  242511451 31398140 73412596 8368413226 12007791 0 1364399 0 0 0
1791313492 2842, 13801, 65, 0x0000000000000000 | 2.28 2.17 2.10 | cpu  242511665 31398140 73412611 8368416404 12007791 0 1364400 0 0 0
1791313493 2850, 13801, 66, 0x0000000000000000 | 2.28 2.17 2.10 | cpu  242511837 31398140 73412668 8368419577 12007791 0 1364400 0 0 0
1791313494 2842, 13801, 67, 0x0000000000000000 | 2.26 2.17 2.10 | cpu  242511982 31398140 73412754 8368422753 12007791 0 1364400 0 0 0
1791313495 2842, 13801, 64, 0x0000000000000000 | 2.26 2.17 2.10 | cpu  242512167 31398140 73412809 8368425923 12007791 0 1364400 0 0 0
1791313496 2842, 13801, 67, 0x0000000000000000 | 2.26 2.17 2.10 | cpu  242512381 31398140 73412825 8368429096 12007791 0 1364400 0 0 0
1791313497 2842, 13801, 68, 0x0000000000000000 | 2.26 2.17 2.10 | cpu  242512596 31398140 73412838 8368432267 12007791 0 1364400 0 0 0
1791313498 2850, 13801, 65, 0x0000000000000004 | 2.26 2.17 2.10 | cpu  242512846 31398140 73412857 8368435395 12007791 0 1364402 0 0 0
1791313499 2842, 13801, 67, 0x0000000000000004 | 2.32 2.18 2.11 | cpu  242513145 31398140 73412871 8368438485 12007791 0 1364402 0 0 0
1791313500 2842, 13801, 67, 0x0000000000000000 | 2.32 2.18 2.11 | cpu  242513337 31398140 73412912 8368441665 12007791 0 1364402 0 0 0
1791313501 2842, 13801, 64, 0x0000000000000000 | 2.32 2.18 2.11 | cpu  242513537 31398140 73412979 8368444807 12007791 0 1364403 0 0 0
1791313502 2850, 13801, 67, 0x0000000000000000 | 2.32 2.18 2.11 | cpu  242513736 31398140 73413044 8368447937 12007791 0 1364404 0 0 0
1791313503 2842, 13801, 68, 0x0000000000000000 | 2.29 2.18 2.11 | cpu  242513904 31398140 73413106 8368451103 12007791 0 1364404 0 0 0
1791313504 2872, 13801, 56, 0x0000000000000000 | 2.29 2.18 2.11 | cpu  242514071 31398140 73413161 8368454271 12007791 0 1364404 0 0 0
1791313505 2872, 13801, 55, 0x0000000000000000 | 2.29 2.18 2.11 | cpu  242514254 31398140 73413204 8368457431 12007791 0 1364404 0 0 0
1791313506 2400, 13801, 53, 0x0000000000000000 | 2.29 2.18 2.11 | cpu  242514386 31398140 73413297 8368460589 12007791 0 1364404 0 0 0
1791313508 2400, 13801, 52, 0x0000000000000000 | 2.29 2.18 2.11 | cpu  242514574 31398140 73413328 8368463756 12007791 0 1364405 0 0 0
1791313509 2400, 13801, 52, 0x0000000000000000 | 2.27 2.18 2.10 | cpu  242514762 31398140 73413340 8368466944 12007791 0 1364407 0 0 0
1791313510 2400, 13801, 51, 0x0000000000000000 | 2.27 2.18 2.10 | cpu  242514870 31398140 73413346 8368470216 12007791 0 1364407 0 0 0
1791313511 2400, 13801, 51, 0x0000000000000000 | 2.27 2.18 2.10 | cpu  242514978 31398140 73413351 8368473499 12007791 0 1364407 0 0 0
1791313512 2400, 13801, 50, 0x0000000000000000 | 2.27 2.18 2.10 | cpu  242515114 31398140 73413399 8368476706 12007791 0 1364410 0 0 0
1791313513 2400, 13801, 50, 0x0000000000000000 | 2.27 2.18 2.10 | cpu  242515275 31398140 73413457 8368479879 12007791 0 1364412 0 0 0
1791313514 2400, 13801, 49, 0x0000000000000000 | 2.41 2.21 2.12 | cpu  242515428 31398140 73413540 8368483036 12007791 0 1364412 0 0 0
1791313515 2400, 13801, 49, 0x0000000000000000 | 2.41 2.21 2.12 | cpu  242515633 31398140 73413555 8368486209 12007791 0 1364412 0 0 0
1791313516 2400, 13801, 49, 0x0000000000000000 | 2.41 2.21 2.12 | cpu  242515819 31398140 73413591 8368489379 12007791 0 1364412 0 0 0
1791313517 2460, 13801, 53, 0x0000000000000000 | 2.41 2.21 2.12 | cpu  242515992 31398140 73413653 8368492548 12007791 0 1364412 0 0 0
1791313518 2857, 13801, 62, 0x0000000000000000 | 2.46 2.22 2.12 | cpu  242516140 31398140 73413736 8368495730 12007791 0 1364412 0 0 0
1791313519 2842, 13801, 63, 0x0000000000000000 | 2.46 2.22 2.12 | cpu  242516301 31398140 73413806 8368498911 12007791 0 1364412 0 0 0
1791313520 2865, 13801, 61, 0x0000000000000000 | 2.46 2.22 2.12 | cpu  242516516 31398140 73413820 8368502087 12007791 0 1364412 0 0 0
1791313521 2857, 13801, 63, 0x0000000000000000 | 2.46 2.22 2.12 | cpu  242516647 31398140 73413838 8368505349 12007791 0 1364412 0 0 0
1791313522 2850, 13801, 63, 0x0000000000000000 | 2.46 2.22 2.12 | cpu  242516756 31398140 73413855 8368508630 12007791 0 1364412 0 0 0
1791313523 2842, 13801, 64, 0x0000000000000000 | 2.42 2.22 2.12 | cpu  242516880 31398140 73413902 8368511867 12007791 0 1364414 0 0 0
1791313525 2850, 13801, 62, 0x0000000000000000 | 2.42 2.22 2.12 | cpu  242517024 31398140 73413989 8368515039 12007791 0 1364415 0 0 0
1791313526 2842, 13801, 66, 0x0000000000000000 | 2.42 2.22 2.12 | cpu  242517191 31398140 73414053 8368518216 12007791 0 1364415 0 0 0
1791313527 2842, 13801, 66, 0x0000000000000000 | 2.42 2.22 2.12 | cpu  242517465 31398140 73414067 8368521326 12007791 0 1364418 0 0 0
1791313528 2842, 13801, 67, 0x0000000000000000 | 2.42 2.22 2.12 | cpu  242517760 31398140 73414087 8368524418 12007791 0 1364421 0 0 0
1791313529 2842, 13801, 66, 0x0000000000000000 | 2.39 2.21 2.12 | cpu  242517933 31398140 73414150 8368527590 12007791 0 1364423 0 0 0
1791313530 2842, 13801, 67, 0x0000000000000000 | 2.39 2.21 2.12 | cpu  242518115 31398140 73414203 8368530795 12007791 0 1364424 0 0 0
1791313531 2850, 13801, 66, 0x0000000000000000 | 2.39 2.21 2.12 | cpu  242518292 31398140 73414258 8368533995 12007791 0 1364425 0 0 0
1791313532 2842, 13801, 65, 0x0000000000000000 | 2.39 2.21 2.12 | cpu  242518449 31398140 73414335 8368537156 12007791 0 1364426 0 0 0
1791313533 2842, 13801, 66, 0x0000000000000000 | 2.43 2.23 2.12 | cpu  242518636 31398140 73414388 8368540350 12007791 0 1364427 0 0 0
1791313534 2850, 13801, 62, 0x0000000000000000 | 2.43 2.23 2.12 | cpu  242518784 31398140 73414474 8368543522 12007791 0 1364428 0 0 0
1791313535 2842, 13801, 68, 0x0000000000000000 | 2.43 2.23 2.12 | cpu  242518957 31398140 73414531 8368546696 12007791 0 1364428 0 0 0
1791313536 2850, 13801, 66, 0x0000000000000004 | 2.43 2.23 2.12 | cpu  242519174 31398140 73414547 8368549905 12007791 0 1364428 0 0 0
1791313537 2842, 13801, 67, 0x0000000000000000 | 2.43 2.23 2.12 | cpu  242519339 31398140 73414611 8368553073 12007791 0 1364428 0 0 0
1791313538 2850, 13801, 66, 0x0000000000000000 | 2.40 2.22 2.12 | cpu  242519497 31398140 73414682 8368556235 12007792 0 1364428 0 0 0
1791313539 2842, 13801, 67, 0x0000000000000000 | 2.40 2.22 2.12 | cpu  242519649 31398140 73414775 8368559408 12007792 0 1364429 0 0 0
1791313541 2850, 13801, 67, 0x0000000000000004 | 2.40 2.22 2.12 | cpu  242519861 31398140 73414795 8368562587 12007792 0 1364429 0 0 0
1791313542 2842, 13801, 66, 0x0000000000000000 | 2.40 2.22 2.12 | cpu  242520030 31398140 73414859 8368565753 12007792 0 1364429 0 0 0
1791313543 2842, 13801, 67, 0x0000000000000000 | 2.40 2.22 2.12 | cpu  242520227 31398140 73414952 8368568869 12007792 0 1364429 0 0 0
1791313544 2842, 13801, 67, 0x0000000000000000 | 2.37 2.22 2.12 | cpu  242520403 31398140 73415008 8368572055 12007792 0 1364431 0 0 0
1791313545 2842, 13801, 66, 0x0000000000000000 | 2.37 2.22 2.12 | cpu  242520601 31398140 73415041 8368575218 12007792 0 1364431 0 0 0
1791313546 2850, 13801, 67, 0x0000000000000000 | 2.37 2.22 2.12 | cpu  242520787 31398140 73415095 8368578395 12007792 0 1364431 0 0 0
1791313547 2842, 13801, 67, 0x0000000000000000 | 2.37 2.22 2.12 | cpu  242520971 31398140 73415149 8368581575 12007792 0 1364431 0 0 0
1791313548 2850, 13801, 66, 0x0000000000000000 | 2.37 2.22 2.12 | cpu  242521141 31398140 73415210 8368584766 12007792 0 1364431 0 0 0
1791313549 2850, 13801, 66, 0x0000000000000000 | 2.34 2.21 2.12 | cpu  242521271 31398140 73415312 8368587948 12007792 0 1364431 0 0 0
1791313550 2842, 13801, 68, 0x0000000000000000 | 2.34 2.21 2.12 | cpu  242521487 31398140 73415333 8368591110 12007792 0 1364432 0 0 0
1791313551 2842, 13801, 68, 0x0000000000000000 | 2.34 2.21 2.12 | cpu  242521716 31398140 73415381 8368594240 12007792 0 1364432 0 0 0
1791313552 2850, 13801, 64, 0x0000000000000000 | 2.34 2.21 2.12 | cpu  242521904 31398140 73415527 8368597303 12007792 0 1364432 0 0 0
1791313553 2842, 13801, 68, 0x0000000000000000 | 2.39 2.23 2.12 | cpu  242522118 31398140 73415594 8368600419 12007792 0 1364432 0 0 0
1791313554 2850, 13801, 66, 0x0000000000000000 | 2.39 2.23 2.12 | cpu  242522296 31398140 73415695 8368603543 12007792 0 1364433 0 0 0
1791313555 2842, 13801, 68, 0x0000000000000000 | 2.39 2.23 2.12 | cpu  242522510 31398140 73415715 8368606722 12007792 0 1364434 0 0 0
1791313557 2842, 13801, 69, 0x0000000000000000 | 2.39 2.23 2.12 | cpu  242522724 31398140 73415809 8368609813 12007792 0 1364434 0 0 0
1791313558 2850, 13801, 66, 0x0000000000000000 | 2.39 2.23 2.12 | cpu  242522922 31398140 73415873 8368612948 12007792 0 1364435 0 0 0
1791313559 2850, 13801, 67, 0x0000000000000000 | 2.36 2.22 2.12 | cpu  242523110 31398140 73415929 8368616160 12007792 0 1364435 0 0 0
1791313560 2842, 13801, 67, 0x0000000000000004 | 2.36 2.22 2.12 | cpu  242523287 31398140 73415982 8368619340 12007792 0 1364435 0 0 0
1791313561 2850, 13801, 63, 0x0000000000000000 | 2.36 2.22 2.12 | cpu  242523445 31398140 73416054 8368622518 12007792 0 1364435 0 0 0
1791313562 2842, 13801, 67, 0x0000000000000000 | 2.36 2.22 2.12 | cpu  242523626 31398140 73416106 8368625695 12007792 0 1364435 0 0 0
1791313563 2842, 13801, 69, 0x0000000000000000 | 2.36 2.22 2.12 | cpu  242523769 31398140 73416199 8368628875 12007792 0 1364435 0 0 0
1791313564 2850, 13801, 66, 0x0000000000000000 | 2.33 2.22 2.12 | cpu  242523950 31398140 73416255 8368632054 12007792 0 1364435 0 0 0
1791313565 2850, 13801, 67, 0x0000000000000000 | 2.33 2.22 2.12 | cpu  242524151 31398140 73416286 8368635232 12007792 0 1364436 0 0 0
1791313566 2842, 13801, 69, 0x0000000000000000 | 2.33 2.22 2.12 | cpu  242524316 31398140 73416352 8368638409 12007792 0 1364436 0 0 0
1791313567 2842, 13801, 68, 0x0000000000000000 | 2.33 2.22 2.12 | cpu  242524498 31398140 73416396 8368641588 12007792 0 1364436 0 0 0
1791313568 2842, 13801, 66, 0x0000000000000000 | 2.30 2.22 2.12 | cpu  242524632 31398140 73416494 8368644768 12007792 0 1364436 0 0 0
1791313569 2842, 13801, 68, 0x0000000000000000 | 2.30 2.22 2.12 | cpu  242524821 31398140 73416538 8368647950 12007792 0 1364436 0 0 0
1791313570 2850, 13801, 67, 0x0000000000000000 | 2.30 2.22 2.12 | cpu  242525018 31398140 73416555 8368651161 12007792 0 1364437 0 0 0
1791313571 2842, 13801, 68, 0x0000000000000004 | 2.30 2.22 2.12 | cpu  242525156 31398140 73416605 8368654383 12007792 0 1364437 0 0 0
1791313573 2842, 13801, 68, 0x0000000000000000 | 2.30 2.22 2.12 | cpu  242525312 31398140 73416678 8368657549 12007792 0 1364437 0 0 0
1791313574 2850, 13801, 66, 0x0000000000000000 | 2.28 2.21 2.12 | cpu  242525464 31398140 73416762 8368660721 12007792 0 1364437 0 0 0
1791313575 2842, 13801, 67, 0x0000000000000000 | 2.28 2.21 2.12 | cpu  242525678 31398140 73416778 8368663910 12007792 0 1364437 0 0 0
1791313576 2842, 13801, 69, 0x0000000000000000 | 2.28 2.21 2.12 | cpu  242525914 31398140 73416793 8368667065 12007792 0 1364438 0 0 0
1791313577 2850, 13801, 68, 0x0000000000000000 | 2.28 2.21 2.12 | cpu  242526099 31398140 73416843 8368670227 12007792 0 1364439 0 0 0
1791313578 2842, 13801, 68, 0x0000000000000004 | 2.28 2.21 2.12 | cpu  242526298 31398140 73416892 8368673399 12007792 0 1364439 0 0 0
1791313579 2842, 13801, 67, 0x0000000000000000 | 2.26 2.21 2.12 | cpu  242526451 31398140 73416979 8368676563 12007792 0 1364440 0 0 0
1791313580 2842, 13801, 69, 0x0000000000000000 | 2.26 2.21 2.12 | cpu  242526624 31398140 73417038 8368679741 12007792 0 1364440 0 0 0
1791313581 2842, 13801, 70, 0x0000000000000000 | 2.26 2.21 2.12 | cpu  242526839 31398140 73417056 8368682934 12007792 0 1364440 0 0 0
1791313582 2842, 13801, 68, 0x0000000000000000 | 2.26 2.21 2.12 | cpu  242527006 31398140 73417118 8368686108 12007792 0 1364440 0 0 0
1791313583 2842, 13801, 69, 0x0000000000000000 | 2.24 2.20 2.12 | cpu  242527189 31398140 73417172 8368689281 12007792 0 1364440 0 0 0
1791313584 2850, 13801, 64, 0x0000000000000000 | 2.24 2.20 2.12 | cpu  242527322 31398140 73417274 8368692458 12007792 0 1364440 0 0 0
1791313585 2842, 13801, 68, 0x0000000000000000 | 2.24 2.20 2.12 | cpu  242527544 31398140 73417322 8368695583 12007792 0 1364440 0 0 0
1791313586 2850, 13801, 66, 0x0000000000000000 | 2.24 2.20 2.12 | cpu  242527848 31398140 73417350 8368698669 12007792 0 1364440 0 0 0
1791313587 2842, 13801, 69, 0x0000000000000004 | 2.24 2.20 2.12 | cpu  242528019 31398140 73417409 8368701840 12007792 0 1364440 0 0 0
1791313589 2842, 13801, 69, 0x0000000000000000 | 2.30 2.22 2.12 | cpu  242528216 31398140 73417525 8368704930 12007793 0 1364440 0 0 0
1791313590 2842, 13801, 70, 0x0000000000000000 | 2.30 2.22 2.12 | cpu  242528393 31398140 73417582 8368708095 12007793 0 1364444 0 0 0
1791313591 2842, 13801, 69, 0x0000000000000004 | 2.30 2.22 2.12 | cpu  242528547 31398140 73417661 8368711276 12007793 0 1364444 0 0 0
1791313592 2842, 13801, 68, 0x0000000000000000 | 2.30 2.22 2.12 | cpu  242528731 31398140 73417708 8368714458 12007793 0 1364444 0 0 0
1791313593 2842, 13801, 70, 0x0000000000000000 | 2.30 2.22 2.12 | cpu  242528865 31398140 73417802 8368717638 12007793 0 1364444 0 0 0
1791313594 2842, 13801, 69, 0x0000000000000000 | 2.27 2.21 2.12 | cpu  242529054 31398140 73417846 8368720805 12007793 0 1364444 0 0 0
1791313595 2850, 13801, 68, 0x0000000000000000 | 2.27 2.21 2.12 | cpu  242529270 31398140 73417864 8368723979 12007793 0 1364444 0 0 0
1791313596 2850, 13801, 68, 0x0000000000000000 | 2.27 2.21 2.12 | cpu  242529454 31398140 73417920 8368727136 12007793 0 1364444 0 0 0
1791313597 2842, 13801, 70, 0x0000000000000000 | 2.27 2.21 2.12 | cpu  242529606 31398140 73417997 8368730318 12007793 0 1364444 0 0 0
1791313598 2842, 13801, 69, 0x0000000000000000 | 2.33 2.23 2.13 | cpu  242529764 31398140 73418069 8368733488 12007793 0 1364445 0 0 0
1791313599 2842, 13801, 70, 0x0000000000000000 | 2.33 2.23 2.13 | cpu  242529978 31398140 73418088 8368736674 12007793 0 1364445 0 0 0
1791313600 2842, 13801, 69, 0x0000000000000004 | 2.33 2.23 2.13 | cpu  242530160 31398140 73418102 8368739899 12007793 0 1364445 0 0 0
1791313601 2842, 13801, 69, 0x0000000000000000 | 2.33 2.23 2.13 | cpu  242530269 31398140 73418117 8368743185 12007793 0 1364445 0 0 0
1791313602 2850, 13801, 69, 0x0000000000000004 | 2.33 2.23 2.13 | cpu  242530382 31398140 73418138 8368746459 12007793 0 1364445 0 0 0
1791313603 2842, 13801, 69, 0x0000000000000000 | 2.39 2.24 2.13 | cpu  242530547 31398140 73418203 8368749644 12007793 0 1364445 0 0 0
1791313604 2850, 13801, 68, 0x0000000000000000 | 2.39 2.24 2.13 | cpu  242530708 31398140 73418341 8368752754 12007793 0 1364445 0 0 0
1791313606 2842, 13801, 68, 0x0000000000000000 | 2.39 2.24 2.13 | cpu  242530872 31398140 73418424 8368755914 12007793 0 1364445 0 0 0
1791313607 2842, 13801, 70, 0x0000000000000000 | 2.39 2.24 2.13 | cpu  242531090 31398140 73418440 8368759086 12007793 0 1364447 0 0 0
1791313608 2842, 13801, 68, 0x0000000000000000 | 2.39 2.24 2.13 | cpu  242531220 31398140 73418460 8368762333 12007793 0 1364447 0 0 0
1791313609 2842, 13801, 67, 0x0000000000000000 | 2.35 2.24 2.13 | cpu  242531327 31398140 73418476 8368765622 12007793 0 1364447 0 0 0
1791313610 2842, 13801, 69, 0x0000000000000000 | 2.35 2.24 2.13 | cpu  242531436 31398140 73418491 8368768913 12007793 0 1364447 0 0 0
1791313611 2850, 13801, 67, 0x0000000000000000 | 2.35 2.24 2.13 | cpu  242531544 31398140 73418507 8368772199 12007793 0 1364448 0 0 0
1791313612 2842, 13801, 69, 0x0000000000000000 | 2.35 2.24 2.13 | cpu  242531659 31398140 73418540 8368775469 12007793 0 1364448 0 0 0
1791313613 2842, 13801, 70, 0x0000000000000000 | 2.35 2.24 2.13 | cpu  242531832 31398140 73418599 8368778649 12007793 0 1364448 0 0 0
1791313614 2850, 13801, 68, 0x0000000000000000 | 2.33 2.23 2.13 | cpu  242531965 31398140 73418704 8368781821 12007793 0 1364448 0 0 0
1791313615 2842, 13801, 68, 0x0000000000000004 | 2.33 2.23 2.13 | cpu  242532163 31398140 73418777 8368784950 12007793 0 1364448 0 0 0
1791313616 2842, 13801, 70, 0x0000000000000000 | 2.33 2.23 2.13 | cpu  242532383 31398140 73418874 8368788040 12007793 0 1364448 0 0 0
1791313617 2850, 13801, 66, 0x0000000000000000 | 2.33 2.23 2.13 | cpu  242532562 31398140 73418887 8368791256 12007793 0 1364448 0 0 0
1791313618 2842, 13801, 71, 0x0000000000000000 | 2.22 2.21 2.12 | cpu  242532675 31398140 73418930 8368794507 12007793 0 1364448 0 0 0
1791313619 2842, 13801, 68, 0x0000000000000000 | 2.22 2.21 2.12 | cpu  242532841 31398140 73419001 8368797679 12007793 0 1364450 0 0 0
1791313620 2842, 13801, 68, 0x0000000000000004 | 2.22 2.21 2.12 | cpu  242532982 31398140 73419098 8368800884 12007793 0 1364450 0 0 0
1791313622 2842, 13801, 69, 0x0000000000000000 | 2.22 2.21 2.12 | cpu  242533198 31398140 73419114 8368804064 12007793 0 1364451 0 0 0
1791313623 2842, 13801, 68, 0x0000000000000000 | 2.22 2.21 2.12 | cpu  242533414 31398140 73419129 8368807243 12007793 0 1364451 0 0 0
1791313624 2842, 13801, 69, 0x0000000000000004 | 2.20 2.21 2.12 | cpu  242533567 31398140 73419210 8368810414 12007793 0 1364451 0 0 0
1791313625 2842, 13801, 70, 0x0000000000000000 | 2.20 2.21 2.12 | cpu  242533694 31398140 73419310 8368813592 12007793 0 1364451 0 0 0
1791313626 2842, 13801, 69, 0x0000000000000000 | 2.20 2.21 2.12 | cpu  242533921 31398140 73419328 8368816737 12007793 0 1364451 0 0 0
1791313627 2850, 13801, 65, 0x0000000000000000 | 2.20 2.21 2.12 | cpu  242534145 31398140 73419352 8368819916 12007794 0 1364451 0 0 0
1791313628 2842, 13801, 69, 0x0000000000000000 | 2.20 2.21 2.12 | cpu  242534316 31398140 73419420 8368823098 12007794 0 1364451 0 0 0
1791313629 2842, 13801, 68, 0x0000000000000000 | 2.18 2.20 2.12 | cpu  242534507 31398140 73419482 8368826256 12007794 0 1364451 0 0 0
1791313630 2842, 13801, 69, 0x0000000000000000 | 2.18 2.20 2.12 | cpu  242534658 31398140 73419566 8368829425 12007794 0 1364451 0 0 0
1791313631 2850, 13801, 68, 0x0000000000000000 | 2.18 2.20 2.12 | cpu  242534814 31398140 73419640 8368832604 12007794 0 1364451 0 0 0
1791313632 2842, 13801, 69, 0x0000000000000000 | 2.18 2.20 2.12 | cpu  242535029 31398140 73419655 8368835777 12007794 0 1364452 0 0 0
1791313633 2842, 13801, 69, 0x0000000000000000 | 2.17 2.20 2.12 | cpu  242535247 31398140 73419674 8368838950 12007794 0 1364452 0 0 0
1791313634 2842, 13801, 70, 0x0000000000000000 | 2.17 2.20 2.12 | cpu  242535414 31398140 73419693 8368842166 12007794 0 1364452 0 0 0
1791313635 2842, 13801, 68, 0x0000000000000000 | 2.17 2.20 2.12 | cpu  242535525 31398140 73419709 8368845452 12007794 0 1364453 0 0 0
1791313636 2850, 13801, 70, 0x0000000000000000 | 2.17 2.20 2.12 | cpu  242535647 31398140 73419809 8368848647 12007794 0 1364454 0 0 0
1791313638 2842, 13801, 69, 0x0000000000000000 | 2.17 2.20 2.12 | cpu  242535822 31398140 73419879 8368851809 12007794 0 1364454 0 0 0
1791313639 2850, 13801, 67, 0x0000000000000000 | 2.32 2.23 2.13 | cpu  242535951 31398140 73419981 8368854999 12007794 0 1364454 0 0 0
1791313640 2850, 13801, 68, 0x0000000000000000 | 2.32 2.23 2.13 | cpu  242536160 31398140 73420010 8368858180 12007794 0 1364454 0 0 0
1791313641 2842, 13801, 69, 0x0000000000000000 | 2.32 2.23 2.13 | cpu  242536377 31398140 73420023 8368861359 12007794 0 1364455 0 0 0
1791313642 2850, 13801, 68, 0x0000000000000000 | 2.32 2.23 2.13 | cpu  242536542 31398140 73420094 8368864523 12007794 0 1364455 0 0 0
1791313643 2842, 13801, 70, 0x0000000000000000 | 2.32 2.23 2.13 | cpu  242536668 31398140 73420198 8368867695 12007794 0 1364455 0 0 0
1791313644 2842, 13801, 70, 0x0000000000000000 | 2.53 2.28 2.15 | cpu  242536862 31398140 73420234 8368870868 12007794 0 1364455 0 0 0
1791313645 2842, 13801, 69, 0x0000000000000000 | 2.53 2.28 2.15 | cpu  242537077 31398140 73420248 8368874044 12007794 0 1364455 0 0 0
1791313646 2842, 13801, 70, 0x0000000000000004 | 2.53 2.28 2.15 | cpu  242537238 31398140 73420266 8368877274 12007794 0 1364455 0 0 0
1791313647 2842, 13801, 70, 0x0000000000000000 | 2.53 2.28 2.15 | cpu  242537347 31398140 73420281 8368880560 12007794 0 1364455 0 0 0
1791313648 2842, 13801, 70, 0x0000000000000004 | 2.41 2.25 2.14 | cpu  242537456 31398140 73420297 8368883881 12007794 0 1364455 0 0 0
1791313649 2842, 13801, 68, 0x0000000000000000 | 2.41 2.25 2.14 | cpu  242537564 31398140 73420313 8368887164 12007794 0 1364455 0 0 0
1791313650 2850, 13801, 67, 0x0000000000000000 | 2.41 2.25 2.14 | cpu  242537672 31398140 73420327 8368890436 12007794 0 1364456 0 0 0
1791313651 2842, 13801, 69, 0x0000000000000004 | 2.41 2.25 2.14 | cpu  242537783 31398140 73420348 8368893741 12007794 0 1364456 0 0 0
1791313652 2842, 13801, 68, 0x0000000000000000 | 2.41 2.25 2.14 | cpu  242537893 31398140 73420367 8368897028 12007794 0 1364456 0 0 0
1791313654 2850, 13801, 69, 0x0000000000000000 | 2.30 2.23 2.13 | cpu  242538044 31398140 73420404 8368900254 12007794 0 1364461 0 0 0
1791313655 2842, 13801, 69, 0x0000000000000004 | 2.30 2.23 2.13 | cpu  242538167 31398140 73420425 8368903516 12007794 0 1364461 0 0 0
1791313656 2842, 13801, 69, 0x0000000000000004 | 2.30 2.23 2.13 | cpu  242538298 31398140 73420444 8368906786 12007794 0 1364461 0 0 0
1791313657 2842, 13801, 67, 0x0000000000000000 | 2.30 2.23 2.13 | cpu  242538483 31398140 73420489 8368909968 12007794 0 1364461 0 0 0
1791313658 2850, 13801, 69, 0x0000000000000004 | 2.30 2.23 2.13 | cpu  242538663 31398140 73420537 8368913147 12007794 0 1364461 0 0 0
1791313659 2842, 13801, 70, 0x0000000000000000 | 2.27 2.23 2.13 | cpu  242538850 31398140 73420588 8368916321 12007794 0 1364462 0 0 0
1791313660 2842, 13801, 68, 0x0000000000000000 | 2.27 2.23 2.13 | cpu  242539008 31398140 73420661 8368919493 12007794 0 1364462 0 0 0
1791313661 2850, 13801, 65, 0x0000000000000000 | 2.27 2.23 2.13 | cpu  242539180 31398140 73420720 8368922673 12007794 0 1364462 0 0 0
1791313662 2842, 13801, 69, 0x0000000000000000 | 2.27 2.23 2.13 | cpu  242539359 31398140 73420768 8368925851 12007794 0 1364462 0 0 0
1791313663 2842, 13801, 68, 0x0000000000000000 | 2.33 2.24 2.14 | cpu  242539489 31398140 73420874 8368929026 12007794 0 1364462 0 0 0
1791313664 2842, 13801, 67, 0x0000000000000000 | 2.33 2.24 2.14 | cpu  242539695 31398140 73420906 8368932199 12007794 0 1364462 0 0 0
1791313665 2842, 13801, 69, 0x0000000000000000 | 2.33 2.24 2.14 | cpu  242539875 31398140 73420921 8368935422 12007794 0 1364462 0 0 0
1791313666 2850, 13801, 67, 0x0000000000000000 | 2.33 2.24 2.14 | cpu  242539984 31398140 73420935 8368938711 12007794 0 1364463 0 0 0
1791313667 2842, 13801, 69, 0x0000000000000000 | 2.33 2.24 2.14 | cpu  242540095 31398140 73420956 8368941992 12007794 0 1364463 0 0 0
1791313668 2842, 13801, 69, 0x0000000000000000 | 2.30 2.24 2.14 | cpu  242540237 31398140 73421019 8368945192 12007794 0 1364463 0 0 0
1791313670 2850, 13801, 66, 0x0000000000000000 | 2.30 2.24 2.14 | cpu  242540376 31398140 73421110 8368948374 12007794 0 1364463 0 0 0
1791313671 2842, 13801, 70, 0x0000000000000000 | 2.30 2.24 2.14 | cpu  242540546 31398140 73421173 8368951577 12007794 0 1364463 0 0 0
1791313672 2842, 13801, 68, 0x0000000000000000 | 2.30 2.24 2.14 | cpu  242540761 31398140 73421189 8368954747 12007794 0 1364463 0 0 0
1791313673 2850, 13801, 61, 0x0000000000000000 | 2.30 2.24 2.14 | cpu  242540946 31398140 73421209 8368957974 12007795 0 1364463 0 0 0
1791313674 2842, 13801, 69, 0x0000000000000000 | 2.20 2.22 2.13 | cpu  242541092 31398140 73421264 8368961207 12007795 0 1364463 0 0 0
1791313675 2842, 13801, 69, 0x0000000000000000 | 2.20 2.22 2.13 | cpu  242541299 31398140 73421342 8368964329 12007795 0 1364463 0 0 0
1791313676 2850, 13801, 68, 0x0000000000000000 | 2.20 2.22 2.13 | cpu  242541453 31398140 73421426 8368967488 12007795 0 1364463 0 0 0
1791313677 2842, 13801, 69, 0x0000000000000000 | 2.20 2.22 2.13 | cpu  242541671 31398140 73421443 8368970655 12007795 0 1364464 0 0 0
1791313678 2842, 13801, 70, 0x0000000000000000 | 2.26 2.23 2.14 | cpu  242541848 31398140 73421500 8368973831 12007795 0 1364464 0 0 0
1791313679 2850, 13801, 68, 0x0000000000000000 | 2.26 2.23 2.14 | cpu  242542037 31398140 73421626 8368976913 12007795 0 1364464 0 0 0
1791313680 2842, 13801, 70, 0x0000000000000000 | 2.26 2.23 2.14 | cpu  242542220 31398140 73421712 8368980056 12007795 0 1364464 0 0 0
1791313681 2842, 13801, 69, 0x0000000000000000 | 2.26 2.23 2.14 | cpu  242542393 31398140 73421792 8368983204 12007795 0 1364464 0 0 0
1791313682 2842, 13801, 70, 0x0000000000000000 | 2.26 2.23 2.14 | cpu  242542567 31398140 73421886 8368986346 12007795 0 1364464 0 0 0
1791313683 2842, 13801, 70, 0x0000000000000000 | 2.24 2.23 2.14 | cpu  242542750 31398140 73421937 8368989534 12007795 0 1364464 0 0 0
1791313684 2842, 13801, 68, 0x0000000000000000 | 2.24 2.23 2.14 | cpu  242542969 31398140 73421954 8368992706 12007795 0 1364464 0 0 0
1791313686 2842, 13801, 69, 0x0000000000000000 | 2.24 2.23 2.14 | cpu  242543131 31398140 73422026 8368995922 12007795 0 1364464 0 0 0
1791313687 2842, 13801, 71, 0x0000000000000000 | 2.24 2.23 2.14 | cpu  242543314 31398140 73422073 8368999102 12007795 0 1364464 0 0 0
1791313688 2842, 13801, 69, 0x0000000000000000 | 2.24 2.23 2.14 | cpu  242543501 31398140 73422122 8369002274 12007795 0 1364464 0 0 0
1791313689 2842, 13801, 69, 0x0000000000000000 | 2.22 2.22 2.13 | cpu  242543644 31398140 73422209 8369005463 12007795 0 1364464 0 0 0
1791313690 2842, 13801, 69, 0x0000000000000004 | 2.22 2.22 2.13 | cpu  242543816 31398140 73422271 8369008641 12007795 0 1364464 0 0 0
1791313691 2842, 13801, 68, 0x0000000000000000 | 2.22 2.22 2.13 | cpu  242544032 31398140 73422286 8369011822 12007795 0 1364464 0 0 0
1791313692 2850, 13801, 68, 0x0000000000000000 | 2.22 2.22 2.13 | cpu  242544214 31398140 73422301 8369015033 12007795 0 1364464 0 0 0
1791313693 2842, 13801, 68, 0x0000000000000000 | 2.22 2.22 2.13 | cpu  242544322 31398140 73422315 8369018316 12007795 0 1364464 0 0 0
1791313694 2850, 13801, 68, 0x0000000000000000 | 2.12 2.20 2.13 | cpu  242544431 31398140 73422329 8369021596 12007795 0 1364465 0 0 0
1791313695 2850, 13801, 61, 0x0000000000000000 | 2.12 2.20 2.13 | cpu  242544574 31398140 73422382 8369024808 12007795 0 1364465 0 0 0
1791313696 2842, 13801, 69, 0x0000000000000004 | 2.12 2.20 2.13 | cpu  242544726 31398140 73422461 8369027993 12007795 0 1364465 0 0 0
1791313697 2842, 13801, 68, 0x0000000000000000 | 2.12 2.20 2.13 | cpu  242544883 31398140 73422542 8369031175 12007795 0 1364465 0 0 0
1791313698 2850, 13801, 69, 0x0000000000000000 | 2.11 2.20 2.13 | cpu  242545102 31398140 73422563 8369034324 12007795 0 1364465 0 0 0
1791313699 2842, 13801, 69, 0x0000000000000000 | 2.11 2.20 2.13 | cpu  242545244 31398140 73422578 8369037580 12007795 0 1364465 0 0 0
1791313700 2850, 13801, 68, 0x0000000000000000 | 2.11 2.20 2.13 | cpu  242545361 31398140 73422651 8369040789 12007795 0 1364468 0 0 0
1791313702 2850, 13801, 68, 0x0000000000000000 | 2.11 2.20 2.13 | cpu  242545470 31398140 73422680 8369044072 12007795 0 1364468 0 0 0
1791313703 2842, 13801, 71, 0x0000000000000000 | 2.11 2.20 2.13 | cpu  242545577 31398140 73422695 8369047359 12007795 0 1364469 0 0 0
1791313704 2850, 13801, 67, 0x0000000000000000 | 2.02 2.18 2.12 | cpu  242545709 31398140 73422746 8369050588 12007795 0 1364469 0 0 0
1791313705 2850, 13801, 65, 0x0000000000000000 | 2.02 2.18 2.12 | cpu  242545859 31398140 73422829 8369053763 12007795 0 1364469 0 0 0
1791313706 2842, 13801, 70, 0x0000000000000000 | 2.02 2.18 2.12 | cpu  242546022 31398140 73422917 8369056932 12007795 0 1364470 0 0 0
1791313707 2850, 13801, 66, 0x0000000000000000 | 2.02 2.18 2.12 | cpu  242546237 31398140 73422931 8369060105 12007795 0 1364471 0 0 0
1791313708 2850, 13801, 68, 0x0000000000000000 | 2.02 2.18 2.12 | cpu  242546425 31398140 73422951 8369063303 12007795 0 1364472 0 0 0
1791313709 2842, 13801, 69, 0x0000000000000004 | 1.94 2.16 2.11 | cpu  242546533 31398140 73422966 8369066588 12007795 0 1364472 0 0 0
1791313710 2842, 13801, 69, 0x0000000000000000 | 1.94 2.16 2.11 | cpu  242546643 31398140 73422985 8369069863 12007795 0 1364475 0 0 0
1791313711 2850, 13801, 71, 0x0000000000000000 | 1.94 2.16 2.11 | cpu  242546751 31398140 73423001 8369073152 12007795 0 1364475 0 0 0
1791313712 2842, 13801, 70, 0x0000000000000000 | 1.94 2.16 2.11 | cpu  242546887 31398140 73423048 8369076372 12007795 0 1364477 0 0 0
1791313713 2842, 13801, 68, 0x0000000000000000 | 2.03 2.17 2.12 | cpu  242547042 31398140 73423123 8369079557 12007795 0 1364477 0 0 0
1791313714 2842, 13801, 68, 0x0000000000000000 | 2.03 2.17 2.12 | cpu  242547191 31398140 73423206 8369082739 12007795 0 1364477 0 0 0
1791313715 2842, 13801, 69, 0x0000000000000004 | 2.03 2.17 2.12 | cpu  242547408 31398140 73423222 8369085907 12007795 0 1364479 0 0 0
1791313716 2865, 13801, 67, 0x0000000000000000 | 2.03 2.17 2.12 | cpu  242547548 31398140 73423239 8369089163 12007795 0 1364479 0 0 0
1791313718 2842, 13801, 69, 0x0000000000000000 | 2.03 2.17 2.12 | cpu  242547656 31398140 73423257 8369092471 12007795 0 1364479 0 0 0
1791313719 2842, 13801, 70, 0x0000000000000000 | 2.02 2.17 2.12 | cpu  242547824 31398140 73423271 8369095695 12007796 0 1364479 0 0 0
1791313720 2850, 13801, 67, 0x0000000000000000 | 2.02 2.17 2.12 | cpu  242548012 31398140 73423323 8369098862 12007796 0 1364480 0 0 0
1791313721 2842, 13801, 69, 0x0000000000000000 | 2.02 2.17 2.12 | cpu  242548196 31398140 73423368 8369102039 12007796 0 1364480 0 0 0
1791313722 2842, 13801, 69, 0x0000000000000000 | 2.02 2.17 2.12 | cpu  242548382 31398140 73423419 8369105218 12007796 0 1364482 0 0 0
1791313723 2842, 13801, 69, 0x0000000000000000 | 2.02 2.17 2.12 | cpu  242548537 31398140 73423501 8369108415 12007796 0 1364482 0 0 0
1791313724 2842, 13801, 70, 0x0000000000000000 | 2.02 2.17 2.12 | cpu  242548717 31398140 73423551 8369111592 12007796 0 1364482 0 0 0
1791313725 2842, 13801, 69, 0x0000000000000000 | 2.02 2.17 2.12 | cpu  242548898 31398140 73423600 8369114764 12007796 0 1364482 0 0 0
1791313726 2842, 13801, 69, 0x0000000000000004 | 2.02 2.17 2.12 | cpu  242549047 31398140 73423680 8369117945 12007796 0 1364482 0 0 0
1791313727 2850, 13801, 69, 0x0000000000000000 | 2.02 2.17 2.12 | cpu  242549204 31398140 73423760 8369121120 12007796 0 1364486 0 0 0
1791313728 2842, 13801, 68, 0x0000000000000000 | 2.10 2.18 2.12 | cpu  242549517 31398140 73423775 8369124196 12007796 0 1364487 0 0 0
1791313729 2842, 13801, 68, 0x0000000000000000 | 2.10 2.18 2.12 | cpu  242549714 31398140 73423835 8369127349 12007796 0 1364488 0 0 0
1791313730 2842, 13801, 69, 0x0000000000000004 | 2.10 2.18 2.12 | cpu  242549897 31398140 73423883 8369130522 12007796 0 1364489 0 0 0
1791313731 2842, 13801, 68, 0x0000000000000000 | 2.10 2.18 2.12 | cpu  242550078 31398140 73423932 8369133699 12007796 0 1364489 0 0 0
1791313732 2850, 13801, 69, 0x0000000000000000 | 2.10 2.18 2.12 | cpu  242550235 31398140 73424014 8369136874 12007796 0 1364489 0 0 0
1791313734 2842, 13801, 69, 0x0000000000000000 | 2.09 2.18 2.12 | cpu  242550424 31398140 73424067 8369140044 12007796 0 1364489 0 0 0
1791313735 2850, 13801, 68, 0x0000000000000000 | 2.09 2.18 2.12 | cpu  242550596 31398140 73424125 8369143219 12007796 0 1364490 0 0 0
1791313736 2850, 13801, 68, 0x0000000000000000 | 2.09 2.18 2.12 | cpu  242550723 31398140 73424230 8369146396 12007796 0 1364490 0 0 0
1791313737 2842, 13801, 69, 0x0000000000000004 | 2.09 2.18 2.12 | cpu  242550932 31398140 73424252 8369149586 12007796 0 1364490 0 0 0
1791313738 2850, 13801, 69, 0x0000000000000000 | 2.09 2.18 2.12 | cpu  242551105 31398140 73424309 8369152776 12007796 0 1364490 0 0 0
1791313739 2842, 13801, 71, 0x0000000000000004 | 2.08 2.17 2.12 | cpu  242551266 31398140 73424381 8369155944 12007796 0 1364490 0 0 0
1791313740 2842, 13801, 69, 0x0000000000000000 | 2.08 2.17 2.12 | cpu  242551410 31398140 73424470 8369159117 12007796 0 1364491 0 0 0
1791313741 2850, 13801, 68, 0x0000000000000000 | 2.08 2.17 2.12 | cpu  242551629 31398140 73424487 8369162285 12007796 0 1364491 0 0 0
1791313742 2842, 13801, 70, 0x0000000000000000 | 2.08 2.17 2.12 | cpu  242551746 31398140 73424522 8369165536 12007796 0 1364492 0 0 0
1791313743 2842, 13801, 71, 0x0000000000000000 | 2.16 2.19 2.12 | cpu  242551871 31398140 73424647 8369168688 12007796 0 1364492 0 0 0
1791313744 2850, 13801, 67, 0x0000000000000000 | 2.16 2.19 2.12 | cpu  242552050 31398140 73424704 8369171854 12007796 0 1364492 0 0 0
1791313745 2842, 13801, 69, 0x0000000000000000 | 2.16 2.19 2.12 | cpu  242552198 31398140 73424789 8369175039 12007796 0 1364493 0 0 0
1791313746 2842, 13801, 67, 0x0000000000000000 | 2.16 2.19 2.12 | cpu  242552359 31398140 73424857 8369178208 12007796 0 1364493 0 0 0
1791313747 2842, 13801, 70, 0x0000000000000000 | 2.16 2.19 2.12 | cpu  242552577 31398140 73424872 8369181381 12007796 0 1364493 0 0 0
1791313748 2842, 13801, 70, 0x0000000000000000 | 2.15 2.18 2.12 | cpu  242552778 31398140 73424905 8369184556 12007796 0 1364495 0 0 0
1791313750 2842, 13801, 68, 0x0000000000000000 | 2.15 2.18 2.12 | cpu  242552949 31398140 73424964 8369187726 12007796 0 1364495 0 0 0
1791313751 2842, 13801, 69, 0x0000000000000000 | 2.15 2.18 2.12 | cpu  242553088 31398140 73425066 8369190915 12007796 0 1364495 0 0 0
1791313752 2842, 13801, 66, 0x0000000000000000 | 2.15 2.18 2.12 | cpu  242553287 31398140 73425100 8369194110 12007796 0 1364496 0 0 0
1791313753 2842, 13801, 68, 0x0000000000000000 | 2.15 2.18 2.12 | cpu  242553503 31398140 73425115 8369197288 12007796 0 1364496 0 0 0
1791313754 2850, 13801, 67, 0x0000000000000000 | 2.13 2.18 2.12 | cpu  242553671 31398140 73425177 8369200494 12007796 0 1364496 0 0 0
1791313755 2842, 13801, 69, 0x0000000000000000 | 2.13 2.18 2.12 | cpu  242553842 31398140 73425270 8369203645 12007796 0 1364496 0 0 0
1791313756 2842, 13801, 67, 0x0000000000000000 | 2.13 2.18 2.12 | cpu  242554016 31398140 73425332 8369206809 12007796 0 1364498 0 0 0
1791313757 2850, 13801, 65, 0x0000000000000000 | 2.13 2.18 2.12 | cpu  242554235 31398140 73425353 8369209978 12007796 0 1364498 0 0 0
1791313758 2842, 13801, 68, 0x0000000000000000 | 2.20 2.20 2.13 | cpu  242554416 31398140 73425407 8369213150 12007796 0 1364500 0 0 0
1791313759 2850, 13801, 68, 0x0000000000000000 | 2.20 2.20 2.13 | cpu  242554600 31398140 73425453 8369216323 12007796 0 1364500 0 0 0
1791313760 2842, 13801, 65, 0x0000000000000000 | 2.20 2.20 2.13 | cpu  242554755 31398140 73425539 8369219507 12007796 0 1364503 0 0 0
1791313761 2842, 13801, 68, 0x0000000000000004 | 2.20 2.20 2.13 | cpu  242554903 31398140 73425619 8369222682 12007796 0 1364503 0 0 0
1791313762 2850, 13801, 65, 0x0000000000000000 | 2.20 2.20 2.13 | cpu  242555135 31398140 73425639 8369225832 12007796 0 1364505 0 0 0
1791313763 2850, 13801, 68, 0x0000000000000000 | 2.19 2.19 2.13 | cpu  242555336 31398140 73425673 8369229016 12007796 0 1364507 0 0 0
1791313764 2842, 13801, 68, 0x0000000000000000 | 2.19 2.19 2.13 | cpu  242555526 31398140 73425796 8369232117 12007796 0 1364509 0 0 0
1791313766 2842, 13801, 67, 0x0000000000000000 | 2.19 2.19 2.13 | cpu  242555661 31398140 73425900 8369235283 12007796 0 1364512 0 0 0
1791313767 2850, 13801, 68, 0x0000000000000000 | 2.19 2.19 2.13 | cpu  242555846 31398140 73425946 8369238475 12007796 0 1364514 0 0 0
1791313768 2842, 13801, 69, 0x0000000000000000 | 2.19 2.19 2.13 | cpu  242556068 31398140 73425964 8369241636 12007797 0 1364515 0 0 0
1791313769 2850, 13801, 67, 0x0000000000000000 | 2.17 2.19 2.13 | cpu  242556236 31398140 73425978 8369244859 12007797 0 1364515 0 0 0
1791313770 2850, 13801, 67, 0x0000000000000000 | 2.17 2.19 2.13 | cpu  242556387 31398140 73426037 8369248075 12007797 0 1364516 0 0 0
1791313771 2842, 13801, 68, 0x0000000000000000 | 2.17 2.19 2.13 | cpu  242556558 31398140 73426096 8369251251 12007797 0 1364516 0 0 0
1791313772 2842, 13801, 69, 0x0000000000000004 | 2.17 2.19 2.13 | cpu  242556685 31398140 73426199 8369254424 12007797 0 1364516 0 0 0
1791313773 2842, 13801, 68, 0x0000000000000000 | 2.17 2.19 2.13 | cpu  242556901 31398140 73426221 8369257602 12007797 0 1364516 0 0 0
1791313774 2842, 13801, 68, 0x0000000000000000 | 2.16 2.18 2.12 | cpu  242557116 31398140 73426235 8369260778 12007797 0 1364516 0 0 0
1791313775 2842, 13801, 69, 0x0000000000000000 | 2.16 2.18 2.12 | cpu  242557300 31398140 73426284 8369263972 12007797 0 1364516 0 0 0
1791313776 2842, 13801, 69, 0x0000000000000000 | 2.16 2.18 2.12 | cpu  242557459 31398140 73426359 8369267150 12007797 0 1364516 0 0 0
1791313777 2842, 13801, 69, 0x0000000000000000 | 2.16 2.18 2.12 | cpu  242557600 31398140 73426449 8369270324 12007797 0 1364516 0 0 0
1791313778 2850, 13801, 68, 0x0000000000000000 | 2.14 2.18 2.12 | cpu  242557822 31398140 73426471 8369273482 12007797 0 1364517 0 0 0
1791313779 2842, 13801, 68, 0x0000000000000000 | 2.14 2.18 2.12 | cpu  242557941 31398140 73426489 8369276751 12007797 0 1364518 0 0 0
1791313780 2842, 13801, 68, 0x0000000000000000 | 2.14 2.18 2.12 | cpu  242558060 31398140 73426574 8369279947 12007797 0 1364518 0 0 0
1791313782 2850, 13801, 68, 0x0000000000000004 | 2.14 2.18 2.12 | cpu  242558169 31398140 73426595 8369283226 12007797 0 1364518 0 0 0
1791313783 2842, 13801, 69, 0x0000000000000000 | 2.14 2.18 2.12 | cpu  242558279 31398140 73426613 8369286513 12007797 0 1364519 0 0 0
1791313784 2842, 13801, 61, 0x0000000000000000 | 2.05 2.16 2.12 | cpu  242558395 31398140 73426646 8369289771 12007797 0 1364521 0 0 0
1791313785 2842, 13801, 66, 0x0000000000000000 | 2.05 2.16 2.12 | cpu  242558504 31398140 73426663 8369293065 12007797 0 1364521 0 0 0
1791313786 2842, 13801, 69, 0x0000000000000000 | 2.05 2.16 2.12 | cpu  242558613 31398140 73426678 8369296363 12007797 0 1364521 0 0 0
1791313787 2850, 13801, 67, 0x0000000000000000 | 2.05 2.16 2.12 | cpu  242558722 31398140 73426692 8369299648 12007797 0 1364521 0 0 0
1791313788 2842, 13801, 69, 0x0000000000000000 | 2.05 2.16 2.12 | cpu  242558832 31398140 73426709 8369302929 12007797 0 1364521 0 0 0
1791313789 2842, 13801, 68, 0x0000000000000000 | 2.05 2.16 2.12 | cpu  242558995 31398140 73426770 8369306111 12007797 0 1364521 0 0 0
1791313790 2850, 13801, 68, 0x0000000000000004 | 2.05 2.16 2.12 | cpu  242559131 31398140 73426871 8369309282 12007797 0 1364523 0 0 0
1791313791 2842, 13801, 70, 0x0000000000000000 | 2.05 2.16 2.12 | cpu  242559316 31398140 73426917 8369312462 12007797 0 1364524 0 0 0
1791313792 2842, 13801, 68, 0x0000000000000000 | 2.05 2.16 2.12 | cpu  242559532 31398140 73426930 8369315638 12007797 0 1364524 0 0 0
1791313793 2842, 13801, 69, 0x0000000000000004 | 1.96 2.14 2.11 | cpu  242559654 31398140 73426947 8369318917 12007797 0 1364524 0 0 0
1791313794 2842, 13801, 69, 0x0000000000000000 | 1.96 2.14 2.11 | cpu  242559765 31398140 73426966 8369322200 12007797 0 1364524 0 0 0
1791313795 2842, 13801, 67, 0x0000000000000000 | 1.96 2.14 2.11 | cpu  242559874 31398140 73426979 8369325489 12007797 0 1364524 0 0 0
1791313796 2842, 13801, 65, 0x0000000000000000 | 1.96 2.14 2.11 | cpu  242559981 31398140 73426996 8369328788 12007797 0 1364524 0 0 0
1791313798 2842, 13801, 68, 0x0000000000000000 | 1.96 2.14 2.11 | cpu  242560089 31398140 73427011 8369332074 12007797 0 1364524 0 0 0
1791313799 2842, 13801, 67, 0x0000000000000000 | 1.89 2.12 2.10 | cpu  242560198 31398140 73427026 8369335371 12007797 0 1364524 0 0 0
1791313800 2842, 13801, 70, 0x0000000000000000 | 1.89 2.12 2.10 | cpu  242560305 31398140 73427043 8369338654 12007797 0 1364524 0 0 0
1791313801 2842, 13801, 67, 0x0000000000000000 | 1.89 2.12 2.10 | cpu  242560415 31398140 73427058 8369341952 12007797 0 1364524 0 0 0
1791313802 2842, 13801, 68, 0x0000000000000000 | 1.89 2.12 2.10 | cpu  242560569 31398140 73427147 8369345111 12007797 0 1364525 0 0 0
1791313803 2842, 13801, 69, 0x0000000000000004 | 1.89 2.12 2.10 | cpu  242560720 31398140 73427250 8369348280 12007797 0 1364526 0 0 0
1791313804 2842, 13801, 69, 0x0000000000000000 | 1.90 2.12 2.10 | cpu  242560908 31398140 73427299 8369351438 12007798 0 1364526 0 0 0
1791313805 2842, 13801, 67, 0x0000000000000000 | 1.90 2.12 2.10 | cpu  242561126 31398140 73427316 8369354605 12007798 0 1364527 0 0 0
1791313806 2850, 13801, 67, 0x0000000000000004 | 1.90 2.12 2.10 | cpu  242561292 31398140 73427332 8369357827 12007798 0 1364527 0 0 0
1791313807 2842, 13801, 68, 0x0000000000000000 | 1.90 2.12 2.10 | cpu  242561405 31398140 73427414 8369361036 12007798 0 1364528 0 0 0
1791313808 2850, 13801, 67, 0x0000000000000000 | 1.90 2.12 2.10 | cpu  242561548 31398140 73427511 8369364201 12007798 0 1364528 0 0 0
1791313809 2850, 13801, 67, 0x0000000000000000 | 1.90 2.12 2.10 | cpu  242561701 31398140 73427590 8369367386 12007798 0 1364530 0 0 0
1791313810 2842, 13801, 69, 0x0000000000000004 | 1.90 2.12 2.10 | cpu  242561846 31398140 73427677 8369370559 12007798 0 1364530 0 0 0
1791313811 2842, 13801, 68, 0x0000000000000000 | 1.90 2.12 2.10 | cpu  242562061 31398140 73427692 8369373734 12007798 0 1364530 0 0 0
1791313812 2842, 13801, 68, 0x0000000000000000 | 1.90 2.12 2.10 | cpu  242562227 31398140 73427711 8369376955 12007798 0 1364532 0 0 0
1791313814 2842, 13801, 69, 0x0000000000000000 | 1.91 2.11 2.10 | cpu  242562335 31398140 73427726 8369380238 12007798 0 1364532 0 0 0
1791313815 2842, 13801, 67, 0x0000000000000004 | 1.91 2.11 2.10 | cpu  242562444 31398140 73427742 8369383536 12007798 0 1364532 0 0 0
1791313816 2842, 13801, 69, 0x0000000000000000 | 1.91 2.11 2.10 | cpu  242562552 31398140 73427757 8369386818 12007798 0 1364533 0 0 0
1791313817 2842, 13801, 70, 0x0000000000000000 | 1.91 2.11 2.10 | cpu  242562661 31398140 73427771 8369390106 12007798 0 1364534 0 0 0
1791313818 2842, 13801, 68, 0x0000000000000000 | 1.91 2.11 2.10 | cpu  242562771 31398140 73427789 8369393395 12007798 0 1364536 0 0 0
1791313819 2842, 13801, 69, 0x0000000000000000 | 1.84 2.09 2.09 | cpu  242562880 31398140 73427804 8369396690 12007798 0 1364538 0 0 0
1791313820 2850, 13801, 67, 0x0000000000000000 | 1.84 2.09 2.09 | cpu  242563035 31398140 73427867 8369399874 12007798 0 1364538 0 0 0
1791313821 2842, 13801, 68, 0x0000000000000000 | 1.84 2.09 2.09 | cpu  242563180 31398140 73427954 8369403056 12007798 0 1364539 0 0 0
1791313822 2842, 13801, 68, 0x0000000000000004 | 1.84 2.09 2.09 | cpu  242563347 31398140 73428016 8369406238 12007798 0 1364540 0 0 0
1791313823 2842, 13801, 67, 0x0000000000000000 | 1.93 2.11 2.10 | cpu  242563562 31398140 73428031 8369409407 12007798 0 1364541 0 0 0
1791313824 2842, 13801, 66, 0x0000000000000000 | 1.93 2.11 2.10 | cpu  242563681 31398140 73428051 8369412679 12007798 0 1364541 0 0 0
1791313825 2842, 13801, 69, 0x0000000000000000 | 1.93 2.11 2.10 | cpu  242563790 31398140 73428064 8369415963 12007798 0 1364541 0 0 0
1791313826 2842, 13801, 68, 0x0000000000000000 | 1.93 2.11 2.10 | cpu  242563899 31398140 73428080 8369419253 12007798 0 1364543 0 0 0
1791313827 2842, 13801, 68, 0x0000000000000000 | 1.93 2.11 2.10 | cpu  242564058 31398140 73428122 8369422451 12007798 0 1364543 0 0 0
1791313828 2842, 13801, 70, 0x0000000000000000 | 1.86 2.09 2.09 | cpu  242564166 31398140 73428137 8369425740 12007798 0 1364543 0 0 0
1791313830 2857, 13801, 66, 0x0000000000000000 | 1.86 2.09 2.09 | cpu  242564327 31398140 73428188 8369428946 12007798 0 1364543 0 0 0
1791313831 2850, 13801, 68, 0x0000000000000000 | 1.86 2.09 2.09 | cpu  242564509 31398140 73428238 8369432127 12007798 0 1364543 0 0 0
1791313832 2842, 13801, 69, 0x0000000000000004 | 1.86 2.09 2.09 | cpu  242564670 31398140 73428309 8369435310 12007798 0 1364543 0 0 0
1791313833 2850, 13801, 67, 0x0000000000000000 | 1.86 2.09 2.09 | cpu  242564809 31398140 73428404 8369438479 12007798 0 1364544 0 0 0
1791313834 2850, 13801, 69, 0x0000000000000000 | 1.87 2.09 2.09 | cpu  242565024 31398140 73428420 8369441656 12007798 0 1364544 0 0 0
1791313835 2842, 13801, 67, 0x0000000000000000 | 1.87 2.09 2.09 | cpu  242565201 31398140 73428454 8369444847 12007798 0 1364546 0 0 0
1791313836 2842, 13801, 68, 0x0000000000000000 | 1.87 2.09 2.09 | cpu  242565375 31398140 73428515 8369448024 12007798 0 1364548 0 0 0
1791313837 2842, 13801, 68, 0x0000000000000004 | 1.87 2.09 2.09 | cpu  242565505 31398140 73428615 8369451196 12007798 0 1364549 0 0 0
1791313838 2842, 13801, 66, 0x0000000000000000 | 1.87 2.09 2.09 | cpu  242565707 31398140 73428644 8369454371 12007798 0 1364549 0 0 0
1791313839 2842, 13801, 68, 0x0000000000000000 | 1.88 2.09 2.09 | cpu  242565894 31398140 73428661 8369457584 12007798 0 1364550 0 0 0
1791313840 2842, 13801, 69, 0x0000000000000000 | 1.88 2.09 2.09 | cpu  242566004 31398140 73428677 8369460877 12007798 0 1364550 0 0 0
1791313841 2842, 13801, 67, 0x0000000000000000 | 1.88 2.09 2.09 | cpu  242566113 31398140 73428692 8369464167 12007798 0 1364550 0 0 0
1791313842 2842, 13801, 67, 0x0000000000000000 | 1.88 2.09 2.09 | cpu  242566248 31398140 73428744 8369467384 12007798 0 1364550 0 0 0
1791313843 2842, 13801, 69, 0x0000000000000000 | 1.89 2.09 2.09 | cpu  242566403 31398140 73428821 8369470560 12007798 0 1364551 0 0 0
1791313844 2850, 13801, 67, 0x0000000000000000 | 1.89 2.09 2.09 | cpu  242566544 31398140 73428908 8369473736 12007798 0 1364551 0 0 0
1791313846 2850, 13801, 68, 0x0000000000000000 | 1.89 2.09 2.09 | cpu  242566760 31398140 73428925 8369476917 12007798 0 1364552 0 0 0
1791313847 2842, 13801, 70, 0x0000000000000000 | 1.89 2.09 2.09 | cpu  242566974 31398140 73428941 8369480088 12007799 0 1364555 0 0 0
1791313848 2850, 13801, 67, 0x0000000000000000 | 1.89 2.09 2.09 | cpu  242567119 31398140 73428965 8369483331 12007799 0 1364556 0 0 0
1791313849 2850, 13801, 67, 0x0000000000000000 | 1.82 2.07 2.08 | cpu  242567227 31398140 73428981 8369486622 12007799 0 1364557 0 0 0
1791313850 2842, 13801, 69, 0x0000000000000000 | 1.82 2.07 2.08 | cpu  242567363 31398140 73429037 8369489839 12007799 0 1364557 0 0 0
1791313851 2865, 13801, 65, 0x0000000000000000 | 1.82 2.07 2.08 | cpu  242567507 31398140 73429121 8369493020 12007799 0 1364557 0 0 0
1791313852 2842, 13801, 68, 0x0000000000000004 | 1.82 2.07 2.08 | cpu  242567680 31398140 73429182 8369496204 12007799 0 1364557 0 0 0
1791313853 2842, 13801, 69, 0x0000000000000000 | 1.82 2.07 2.08 | cpu  242567901 31398140 73429198 8369499391 12007799 0 1364558 0 0 0
1791313854 2850, 13801, 67, 0x0000000000000000 | 1.91 2.08 2.09 | cpu  242568088 31398140 73429240 8369502582 12007799 0 1364559 0 0 0
1791313855 2842, 13801, 68, 0x0000000000000004 | 1.91 2.08 2.09 | cpu  242568239 31398140 73429322 8369505753 12007799 0 1364559 0 0 0
1791313856 2842, 13801, 69, 0x0000000000000000 | 1.91 2.08 2.09 | cpu  242568386 31398140 73429405 8369508932 12007799 0 1364561 0 0 0
1791313857 2842, 13801, 67, 0x0000000000000000 | 1.91 2.08 2.09 | cpu  242568602 31398140 73429424 8369512117 12007799 0 1364561 0 0 0
1791313858 2850, 13801, 69, 0x0000000000000000 | 1.92 2.08 2.09 | cpu  242568792 31398140 73429452 8369515310 12007799 0 1364565 0 0 0
1791313859 2842, 13801, 67, 0x0000000000000000 | 1.92 2.08 2.09 | cpu  242568902 31398140 73429467 8369518598 12007799 0 1364565 0 0 0
1791313860 2850, 13801, 68, 0x0000000000000000 | 1.92 2.08 2.09 | cpu  242569026 31398140 73429573 8369521779 12007799 0 1364566 0 0 0
1791313862 2842, 13801, 68, 0x0000000000000000 | 1.92 2.08 2.09 | cpu  242569138 31398140 73429595 8369525045 12007799 0 1364566 0 0 0
1791313863 2842, 13801, 67, 0x0000000000000000 | 1.92 2.08 2.09 | cpu  242569247 31398140 73429610 8369528337 12007799 0 1364567 0 0 0
1791313864 2842, 13801, 68, 0x0000000000000000 | 1.93 2.08 2.09 | cpu  242569389 31398140 73429691 8369531521 12007799 0 1364567 0 0 0
1791313865 2850, 13801, 64, 0x0000000000000000 | 1.93 2.08 2.09 | cpu  242569516 31398140 73429793 8369534693 12007799 0 1364568 0 0 0
1791313866 2842, 13801, 69, 0x0000000000000000 | 1.93 2.08 2.09 | cpu  242569726 31398140 73429813 8369537862 12007799 0 1364568 0 0 0
1791313867 2850, 13801, 64, 0x0000000000000000 | 1.93 2.08 2.09 | cpu  242569920 31398140 73429830 8369541070 12007799 0 1364569 0 0 0
1791313868 2842, 13801, 68, 0x0000000000000000 | 1.93 2.08 2.09 | cpu  242570029 31398140 73429845 8369544353 12007799 0 1364571 0 0 0
1791313869 2850, 13801, 66, 0x0000000000000000 | 1.85 2.06 2.08 | cpu  242570150 31398140 73429859 8369547626 12007799 0 1364572 0 0 0
1791313870 2842, 13801, 66, 0x0000000000000000 | 1.85 2.06 2.08 | cpu  242570331 31398140 73429920 8369550788 12007799 0 1364575 0 0 0
1791313871 2842, 13801, 70, 0x0000000000000000 | 1.85 2.06 2.08 | cpu  242570516 31398140 73429969 8369553959 12007799 0 1364575 0 0 0
1791313872 2850, 13801, 68, 0x0000000000000000 | 1.85 2.06 2.08 | cpu  242570692 31398140 73430109 8369557033 12007800 0 1364575 0 0 0
1791313873 2842, 13801, 68, 0x0000000000000000 | 1.86 2.06 2.08 | cpu  242570822 31398140 73430249 8369560166 12007800 0 1364577 0 0 0
1791313874 2842, 13801, 67, 0x0000000000000000 | 1.86 2.06 2.08 | cpu  242571037 31398140 73430267 8369563350 12007800 0 1364577 0 0 0
1791313875 2857, 13801, 66, 0x0000000000000000 | 1.86 2.06 2.08 | cpu  242571231 31398140 73430284 8369566557 12007800 0 1364577 0 0 0
1791313876 2850, 13801, 64, 0x0000000000000000 | 1.86 2.06 2.08 | cpu  242571338 31398140 73430299 8369569841 12007800 0 1364578 0 0 0
1791313878 2842, 13801, 70, 0x0000000000000000 | 1.86 2.06 2.08 | cpu  242571451 31398140 73430316 8369573125 12007800 0 1364583 0 0 0
1791313879 2850, 13801, 67, 0x0000000000000000 | 1.80 2.04 2.08 | cpu  242571559 31398140 73430331 8369576408 12007800 0 1364583 0 0 0
1791313880 2850, 13801, 67, 0x0000000000000000 | 1.80 2.04 2.08 | cpu  242571701 31398140 73430350 8369579663 12007800 0 1364584 0 0 0
1791313881 2842, 13801, 68, 0x0000000000000004 | 1.80 2.04 2.08 | cpu  242571866 31398140 73430415 8369582841 12007800 0 1364584 0 0 0
1791313882 2850, 13801, 67, 0x0000000000000000 | 1.80 2.04 2.08 | cpu  242572051 31398140 73430467 8369586013 12007800 0 1364584 0 0 0
1791313883 2842, 13801, 64, 0x0000000000000000 | 1.80 2.04 2.08 | cpu  242572228 31398140 73430527 8369589186 12007800 0 1364587 0 0 0
1791313884 2842, 13801, 68, 0x0000000000000000 | 1.81 2.04 2.08 | cpu  242572356 31398140 73430628 8369592363 12007800 0 1364587 0 0 0
1791313885 2842, 13801, 67, 0x0000000000000000 | 1.81 2.04 2.08 | cpu  242572556 31398140 73430660 8369595540 12007800 0 1364587 0 0 0
1791313886 2850, 13801, 68, 0x0000000000000000 | 1.81 2.04 2.08 | cpu  242572772 31398140 73430677 8369598712 12007800 0 1364588 0 0 0
1791313887 2842, 13801, 68, 0x0000000000000000 | 1.81 2.04 2.08 | cpu  242572912 31398140 73430691 8369601962 12007800 0 1364588 0 0 0
1791313888 2850, 13801, 67, 0x0000000000000000 | 1.75 2.02 2.07 | cpu  242573020 31398140 73430706 8369605253 12007800 0 1364589 0 0 0
1791313889 2850, 13801, 67, 0x0000000000000000 | 1.75 2.02 2.07 | cpu  242573128 31398140 73430722 8369608550 12007800 0 1364591 0 0 0
1791313890 2842, 13801, 68, 0x0000000000000000 | 1.75 2.02 2.07 | cpu  242573236 31398140 73430741 8369611843 12007800 0 1364592 0 0 0
1791313891 2842, 13801, 68, 0x0000000000000000 | 1.75 2.02 2.07 | cpu  242573345 31398140 73430755 8369615130 12007800 0 1364593 0 0 0
1791313892 2842, 13801, 67, 0x0000000000000000 | 1.75 2.02 2.07 | cpu  242573459 31398140 73430776 8369618400 12007800 0 1364596 0 0 0
1791313894 2842, 13801, 68, 0x0000000000000000 | 1.77 2.02 2.07 | cpu  242573568 31398140 73430791 8369621686 12007800 0 1364596 0 0 0
1791313895 2842, 13801, 68, 0x0000000000000000 | 1.77 2.02 2.07 | cpu  242573725 31398140 73430854 8369624875 12007800 0 1364596 0 0 0
1791313896 2850, 13801, 68, 0x0000000000000000 | 1.77 2.02 2.07 | cpu  242573872 31398140 73430937 8369628055 12007800 0 1364596 0 0 0
1791313897 2850, 13801, 67, 0x0000000000000000 | 1.77 2.02 2.07 | cpu  242574039 31398140 73431005 8369631237 12007800 0 1364597 0 0 0
1791313898 2850, 13801, 67, 0x0000000000000000 | 1.77 2.02 2.07 | cpu  242574255 31398140 73431020 8369634415 12007800 0 1364597 0 0 0
1791313899 2850, 13801, 67, 0x0000000000000000 | 1.71 2.01 2.06 | cpu  242574390 31398140 73431034 8369637674 12007800 0 1364597 0 0 0
1791313900 2850, 13801, 67, 0x0000000000000000 | 1.71 2.01 2.06 | cpu  242574499 31398140 73431050 8369640960 12007801 0 1364597 0 0 0
1791313901 2872, 13801, 57, 0x0000000000000000 | 1.71 2.01 2.06 | cpu  242574596 31398140 73431064 8369644244 12007801 0 1364598 0 0 0
1791313902 2872, 13801, 55, 0x0000000000000000 | 1.71 2.01 2.06 | cpu  242574761 31398140 73431119 8369647418 12007801 0 1364598 0 0 0
1791313903 2400, 13801, 53, 0x0000000000000000 | 1.71 2.01 2.06 | cpu  242574894 31398140 73431210 8369650584 12007801 0 1364598 0 0 0
1791313904 2400, 13801, 53, 0x0000000000000000 | 1.81 2.02 2.07 | cpu  242575078 31398140 73431252 8369653749 12007801 0 1364598 0 0 0
1791313905 2400, 13801, 52, 0x0000000000000000 | 1.81 2.02 2.07 | cpu  242575292 31398140 73431259 8369656921 12007801 0 1364598 0 0 0
1791313906 2400, 13801, 52, 0x0000000000000000 | 1.81 2.02 2.07 | cpu  242575425 31398140 73431266 8369660171 12007801 0 1364598 0 0 0
1791313907 2400, 13801, 51, 0x0000000000000000 | 1.81 2.02 2.07 | cpu  242575536 31398140 73431275 8369663448 12007801 0 1364598 0 0 0
1791313908 2400, 13801, 50, 0x0000000000000000 | 1.83 2.02 2.07 | cpu  242575688 31398140 73431326 8369666636 12007801 0 1364599 0 0 0
1791313909 2400, 13801, 50, 0x0000000000000000 | 1.83 2.02 2.07 | cpu  242575835 31398140 73431400 8369669818 12007801 0 1364599 0 0 0
1791313911 2400, 13801, 50, 0x0000000000000000 | 1.83 2.02 2.07 | cpu  242575990 31398140 73431463 8369672993 12007801 0 1364600 0 0 0
1791313912 2415, 13801, 49, 0x0000000000000000 | 1.83 2.02 2.07 | cpu  242576187 31398140 73431485 8369676166 12007801 0 1364600 0 0 0
1791313913 2400, 13801, 49, 0x0000000000000000 | 1.83 2.02 2.07 | cpu  242576256 31398140 73431638 8369679338 12007801 0 1364600 0 0 0
1791313914 2400, 13801, 49, 0x0000000000000000 | 1.84 2.02 2.07 | cpu  242576353 31398140 73431758 8369682514 12007801 0 1364600 0 0 0
1791313915 2400, 13801, 49, 0x0000000000000000 | 1.84 2.02 2.07 | cpu  242576380 31398140 73431954 8369685683 12007801 0 1364601 0 0 0
