1791313917 2400, 14001, 48, 0x0000000000000000 | 1.84 2.02 2.07 | cpu  242576710 31398140 73432129 8369692212 12007801 0 1364602 0 0 0
1791313918 787, 7001, 47, 0x0000000000000000 | 1.84 2.02 2.07 | cpu  242576893 31398140 73432168 8369695582 12007801 0 1364602 0 0 0
1791313919 390, 7001, 47, 0x0000000000000000 | 1.69 1.99 2.06 | cpu  242576979 31398140 73432202 8369698867 12007801 0 1364602 0 0 0
1791313920 345, 7001, 47, 0x0000000000000000 | 1.69 1.99 2.06 | cpu  242577242 31398140 73432250 8369701957 12007801 0 1364602 0 0 0
1791313921 202, 810, 46, 0x0000000000000000 | 1.69 1.99 2.06 | cpu  242577312 31398140 73432308 8369705229 12007801 0 1364602 0 0 0
1791313922 180, 405, 46, 0x0000000000000000 | 1.69 1.99 2.06 | cpu  242577359 31398140 73432340 8369708559 12007801 0 1364602 0 0 0
1791313923 2400, 13801, 46, 0x0000000000000000 | 1.64 1.97 2.05 | cpu  242577497 31398140 73432373 8369711776 12007801 0 1364602 0 0 0
1791313924 2422, 13801, 47, 0x0000000000000000 | 1.64 1.97 2.05 | cpu  242577653 31398140 73432445 8369714939 12007801 0 1364602 0 0 0
1791313926 2400, 13801, 47, 0x0000000000000000 | 1.64 1.97 2.05 | cpu  242577836 31398140 73432529 8369718072 12007801 0 1364602 0 0 0
1791313927 2400, 13801, 47, 0x0000000000000000 | 1.64 1.97 2.05 | cpu  242578017 31398140 73432617 8369721191 12007801 0 1364603 0 0 0
1791313928 2422, 13801, 46, 0x0000000000000000 | 1.64 1.97 2.05 | cpu  242578279 31398140 73432632 8369724302 12007801 0 1364603 0 0 0
1791313929 2460, 13801, 46, 0x0000000000000000 | 1.67 1.97 2.05 | cpu  242578521 31398140 73432653 8369727435 12007801 0 1364603 0 0 0
1791313930 2460, 13801, 46, 0x0000000000000000 | 1.67 1.97 2.05 | cpu  242578703 31398140 73432676 8369730628 12007801 0 1364603 0 0 0
1791313931 2460, 13801, 46, 0x0000000000000000 | 1.67 1.97 2.05 | cpu  242578914 31398140 73432727 8369733754 12007801 0 1364603 0 0 0
1791313932 2460, 13801, 46, 0x0000000000000000 | 1.67 1.97 2.05 | cpu  242579122 31398140 73432782 8369736889 12007801 0 1364603 0 0 0
1791313933 2460, 13801, 46, 0x0000000000000000 | 1.67 1.97 2.05 | cpu  242579335 31398140 73432838 8369740018 12007801 0 1364605 0 0 0
1791313934 2460, 13801, 46, 0x0000000000000000 | 1.69 1.97 2.05 | cpu  242579535 31398140 73432918 8369743125 12007801 0 1364605 0 0 0
1791313935 2550, 13801, 46, 0x0000000000000000 | 1.69 1.97 2.05 | cpu  242579727 31398140 73432996 8369746252 12007801 0 1364605 0 0 0
1791313936 2550, 13801, 46, 0x0000000000000000 | 1.69 1.97 2.05 | cpu  242579888 31398140 73433179 8369749298 12007801 0 1364605 0 0 0
1791313937 2460, 13801, 46, 0x0000000000000000 | 1.69 1.97 2.05 | cpu  242580144 31398140 73433249 8369752362 12007801 0 1364610 0 0 0
1791313938 2460, 13801, 46, 0x0000000000000000 | 1.72 1.97 2.05 | cpu  242580365 31398140 73433335 8369755444 12007801 0 1364612 0 0 0
1791313939 2415, 13801, 46, 0x0000000000000000 | 1.72 1.97 2.05 | cpu  242580529 31398140 73433424 8369758586 12007801 0 1364612 0 0 0
1791313940 2467, 13801, 45, 0x0000000000000000 | 1.72 1.97 2.05 | cpu  242580588 31398140 73433585 8369761759 12007801 0 1364612 0 0 0
1791313941 2400, 13801, 45, 0x0000000000000000 | 1.72 1.97 2.05 | cpu  242580677 31398140 73433714 8369764930 12007801 0 1364612 0 0 0
1791313942 2400, 13801, 45, 0x0000000000000000 | 1.72 1.97 2.05 | cpu  242580793 31398140 73433816 8369768100 12007801 0 1364613 0 0 0
1791313944 2415, 13801, 45, 0x0000000000000000 | 1.74 1.97 2.05 | cpu  242580922 31398140 73433906 8369771278 12007802 0 1364613 0 0 0
1791313945 2415, 13801, 45, 0x0000000000000000 | 1.74 1.97 2.05 | cpu  242581023 31398140 73434026 8369774451 12007802 0 1364613 0 0 0
1791313946 2422, 13801, 45, 0x0000000000000000 | 1.74 1.97 2.05 | cpu  242581139 31398140 73434131 8369777626 12007802 0 1364613 0 0 0
1791313947 2422, 13801, 45, 0x0000000000000000 | 1.74 1.97 2.05 | cpu  242581309 31398140 73434179 8369780796 12007802 0 1364613 0 0 0
1791313948 2415, 13801, 44, 0x0000000000000000 | 1.74 1.97 2.05 | cpu  242581413 31398140 73434227 8369784034 12007802 0 1364613 0 0 0
1791313949 2437, 13801, 45, 0x0000000000000000 | 1.68 1.96 2.04 | cpu  242581520 31398140 73434281 8369787269 12007802 0 1364614 0 0 0
1791313950 2587, 13801, 45, 0x0000000000000000 | 1.68 1.96 2.04 | cpu  242581683 31398140 73434344 8369790433 12007802 0 1364615 0 0 0
1791313951 2400, 13801, 44, 0x0000000000000000 | 1.68 1.96 2.04 | cpu  242581813 31398140 73434431 8369793605 12007802 0 1364615 0 0 0
1791313952 2400, 13801, 44, 0x0000000000000000 | 1.68 1.96 2.04 | cpu  242582022 31398140 73434442 8369796780 12007802 0 1364615 0 0 0
1791313953 2400, 13801, 44, 0x0000000000000000 | 1.68 1.96 2.04 | cpu  242582231 31398140 73434450 8369799949 12007802 0 1364615 0 0 0
1791313954 2400, 13801, 44, 0x0000000000000000 | 1.71 1.96 2.04 | cpu  242582379 31398140 73434520 8369803120 12007802 0 1364615 0 0 0
1791313955 2400, 13801, 44, 0x0000000000000000 | 1.71 1.96 2.04 | cpu  242582502 31398140 73434591 8369806325 12007802 0 1364615 0 0 0
1791313956 2400, 13801, 44, 0x0000000000000000 | 1.71 1.96 2.04 | cpu  242582546 31398140 73434659 8369809606 12007802 0 1364615 0 0 0
1791313957 2400, 13801, 44, 0x0000000000000000 | 1.71 1.96 2.04 | cpu  242582593 31398140 73434728 8369812882 12007802 0 1364615 0 0 0
1791313958 2400, 13801, 43, 0x0000000000000000 | 1.65 1.94 2.04 | cpu  242582640 31398140 73434803 8369816148 12007802 0 1364615 0 0 0
1791313959 2400, 13801, 43, 0x0000000000000000 | 1.65 1.94 2.04 | cpu  242582683 31398140 73434875 8369819423 12007802 0 1364615 0 0 0
1791313961 2400, 13801, 43, 0x0000000000000000 | 1.65 1.94 2.04 | cpu  242582725 31398140 73434945 8369822700 12007802 0 1364615 0 0 0
1791313962 2400, 13801, 43, 0x0000000000000000 | 1.65 1.94 2.04 | cpu  242582849 31398140 73435018 8369825892 12007802 0 1364616 0 0 0
1791313963 2400, 13801, 43, 0x0000000000000000 | 1.65 1.94 2.04 | cpu  242582955 31398140 73435131 8369829068 12007802 0 1364616 0 0 0
1791313964 2400, 13801, 43, 0x0000000000000000 | 1.76 1.96 2.04 | cpu  242583071 31398140 73435238 8369832233 12007802 0 1364616 0 0 0
1791313965 2400, 13801, 43, 0x0000000000000000 | 1.76 1.96 2.04 | cpu  242583188 31398140 73435340 8369835406 12007802 0 1364616 0 0 0
1791313966 2400, 13801, 43, 0x0000000000000000 | 1.76 1.96 2.04 | cpu  242583269 31398140 73435477 8369838576 12007802 0 1364616 0 0 0
1791313967 2400, 13801, 43, 0x0000000000000000 | 1.76 1.96 2.04 | cpu  242583386 31398140 73435580 8369841754 12007802 0 1364616 0 0 0
1791313968 2400, 13801, 43, 0x0000000000000000 | 1.76 1.96 2.04 | cpu  242583503 31398140 73435688 8369844926 12007802 0 1364618 0 0 0
1791313969 2400, 13801, 42, 0x0000000000000000 | 1.78 1.96 2.04 | cpu  242583567 31398140 73435842 8369848097 12007802 0 1364618 0 0 0
1791313970 2400, 13801, 42, 0x0000000000000000 | 1.78 1.96 2.04 | cpu  242583699 31398140 73435930 8369851268 12007802 0 1364618 0 0 0
1791313971 2400, 13801, 42, 0x0000000000000000 | 1.78 1.96 2.04 | cpu  242583846 31398140 73436003 8369854436 12007802 0 1364619 0 0 0
1791313972 2400, 13801, 42, 0x0000000000000000 | 1.78 1.96 2.04 | cpu  242584002 31398140 73436076 8369857595 12007802 0 1364619 0 0 0
1791313973 2400, 13801, 42, 0x0000000000000000 | 1.72 1.94 2.04 | cpu  242584096 31398140 73436146 8369860815 12007802 0 1364619 0 0 0
1791313974 2400, 13801, 42, 0x0000000000000000 | 1.72 1.94 2.04 | cpu  242584136 31398140 73436219 8369864095 12007803 0 1364620 0 0 0
1791313975 2400, 13801, 42, 0x0000000000000000 | 1.72 1.94 2.04 | cpu  242584208 31398140 73436333 8369867301 12007803 0 1364620 0 0 0
1791313976 2400, 13801, 42, 0x0000000000000000 | 1.72 1.94 2.04 | cpu  242584296 31398140 73436463 8369870479 12007803 0 1364620 0 0 0
1791313977 2400, 13801, 42, 0x0000000000000000 | 1.72 1.94 2.04 | cpu  242584378 31398140 73436599 8369873653 12007803 0 1364620 0 0 0
1791313979 2400, 13801, 42, 0x0000000000000000 | 1.74 1.95 2.04 | cpu  242584534 31398140 73436662 8369876822 12007803 0 1364620 0 0 0
1791313980 2400, 13801, 42, 0x0000000000000000 | 1.74 1.95 2.04 | cpu  242584633 31398140 73436726 8369880050 12007803 0 1364620 0 0 0
1791313981 2400, 13801, 42, 0x0000000000000000 | 1.74 1.95 2.04 | cpu  242584684 31398140 73436788 8369883332 12007803 0 1364620 0 0 0
1791313982 2400, 13801, 42, 0x0000000000000000 | 1.74 1.95 2.04 | cpu  242584729 31398140 73436857 8369886612 12007803 0 1364620 0 0 0
1791313983 2400, 13801, 42, 0x0000000000000000 | 1.74 1.95 2.04 | cpu  242584772 31398140 73436926 8369889894 12007803 0 1364621 0 0 0
1791313984 2400, 13801, 42, 0x0000000000000000 | 1.68 1.93 2.03 | cpu  242584888 31398140 73437002 8369893093 12007803 0 1364621 0 0 0
1791313985 2400, 13801, 41, 0x0000000000000000 | 1.68 1.93 2.03 | cpu  242584998 31398140 73437111 8369896267 12007803 0 1364621 0 0 0
1791313986 2400, 13801, 41, 0x0000000000000000 | 1.68 1.93 2.03 | cpu  242585115 31398140 73437214 8369899440 12007803 0 1364621 0 0 0
1791313987 2400, 13801, 41, 0x0000000000000000 | 1.68 1.93 2.03 | cpu  242585241 31398140 73437319 8369902592 12007803 0 1364623 0 0 0
1791313988 2400, 13801, 41, 0x0000000000000000 | 1.68 1.93 2.03 | cpu  242585358 31398140 73437457 8369905728 12007803 0 1364623 0 0 0
1791313989 2400, 13801, 41, 0x0000000000000000 | 1.70 1.93 2.03 | cpu  242585474 31398140 73437559 8369908905 12007803 0 1364623 0 0 0
1791313990 2400, 13801, 41, 0x0000000000000000 | 1.70 1.93 2.03 | cpu  242585591 31398140 73437664 8369912080 12007803 0 1364624 0 0 0
1791313991 2400, 13801, 41, 0x0000000000000000 | 1.70 1.93 2.03 | cpu  242585670 31398140 73437803 8369915253 12007803 0 1364624 0 0 0
1791313992 2400, 13801, 41, 0x0000000000000000 | 1.70 1.93 2.03 | cpu  242585773 31398140 73437917 8369918421 12007803 0 1364624 0 0 0
1791313993 2400, 13801, 41, 0x0000000000000000 | 1.73 1.93 2.03 | cpu  242585921 31398140 73437988 8369921591 12007803 0 1364625 0 0 0
1791313994 2400, 13801, 41, 0x0000000000000000 | 1.73 1.93 2.03 | cpu  242586034 31398140 73438093 8369924761 12007803 0 1364625 0 0 0
1791313996 2400, 13801, 41, 0x0000000000000000 | 1.73 1.93 2.03 | cpu  242586177 31398140 73438201 8369927891 12007803 0 1364626 0 0 0
1791313997 2400, 13801, 41, 0x0000000000000000 | 1.73 1.93 2.03 | cpu  242586396 31398140 73438303 8369930946 12007803 0 1364627 0 0 0
1791313998 2400, 13801, 41, 0x0000000000000000 | 1.73 1.93 2.03 | cpu  242586531 31398140 73438453 8369934040 12007803 0 1364631 0 0 0
1791313999 2400, 13801, 41, 0x0000000000000000 | 1.75 1.93 2.03 | cpu  242586637 31398140 73438569 8369937206 12007803 0 1364631 0 0 0
1791314000 2400, 13801, 41, 0x0000000000000000 | 1.75 1.93 2.03 | cpu  242586788 31398140 73438644 8369940369 12007803 0 1364631 0 0 0
1791314001 2400, 13801, 40, 0x0000000000000000 | 1.75 1.93 2.03 | cpu  242586944 31398140 73438792 8369943441 12007803 0 1364631 0 0 0
1791314002 2400, 13801, 40, 0x0000000000000000 | 1.75 1.93 2.03 | cpu  242587087 31398140 73438995 8369946481 12007803 0 1364631 0 0 0
1791314003 2400, 13801, 40, 0x0000000000000000 | 1.75 1.93 2.03 | cpu  242587213 31398140 73439101 8369949637 12007803 0 1364634 0 0 0
1791314004 2400, 13801, 40, 0x0000000000000000 | 1.77 1.94 2.03 | cpu  242587301 31398140 73439266 8369952773 12007803 0 1364636 0 0 0
1791314005 2400, 13801, 40, 0x0000000000000000 | 1.77 1.94 2.03 | cpu  242587424 31398140 73439416 8369955894 12007803 0 1364638 0 0 0
1791314006 2400, 13801, 40, 0x0000000000000000 | 1.77 1.94 2.03 | cpu  242587518 31398140 73439540 8369959067 12007803 0 1364639 0 0 0
1791314007 2400, 13801, 40, 0x0000000000000000 | 1.77 1.94 2.03 | cpu  242587614 31398140 73439675 8369962228 12007803 0 1364639 0 0 0
1791314008 2400, 13801, 40, 0x0000000000000000 | 1.79 1.94 2.03 | cpu  242587777 31398140 73439739 8369965393 12007803 0 1364642 0 0 0
1791314009 2400, 13801, 40, 0x0000000000000000 | 1.79 1.94 2.03 | cpu  242587901 31398140 73439842 8369968553 12007804 0 1364643 0 0 0
1791314010 2865, 13801, 48, 0x0000000000000000 | 1.79 1.94 2.03 | cpu  242588080 31398140 73439884 8369971753 12007804 0 1364643 0 0 0
1791314011 2872, 13801, 51, 0x0000000000000000 | 1.79 1.94 2.03 | cpu  242588259 31398140 73439926 8369974946 12007804 0 1364643 0 0 0
1791314012 2872, 13801, 52, 0x0000000000000000 | 1.79 1.94 2.03 | cpu  242588407 31398140 73439997 8369978135 12007804 0 1364643 0 0 0
1791314014 2872, 13801, 51, 0x0000000000000000 | 1.81 1.94 2.03 | cpu  242588590 31398140 73440033 8369981321 12007804 0 1364643 0 0 0
1791314015 2872, 13801, 52, 0x0000000000000000 | 1.81 1.94 2.03 | cpu  242588766 31398140 73440078 8369984502 12007804 0 1364643 0 0 0
1791314016 2872, 13801, 52, 0x0000000000000000 | 1.81 1.94 2.03 | cpu  242588901 31398140 73440181 8369987664 12007804 0 1364643 0 0 0
1791314017 2872, 13801, 51, 0x0000000000000000 | 1.81 1.94 2.03 | cpu  242589096 31398140 73440206 8369990855 12007804 0 1364644 0 0 0
1791314018 2880, 13801, 52, 0x0000000000000000 | 1.81 1.94 2.03 | cpu  242589309 31398140 73440224 8369994029 12007804 0 1364645 0 0 0
1791314019 2872, 13801, 52, 0x0000000000000000 | 1.98 1.97 2.04 | cpu  242589522 31398140 73440252 8369997200 12007804 0 1364645 0 0 0
1791314020 2865, 13801, 52, 0x0000000000000000 | 1.98 1.97 2.04 | cpu  242589738 31398140 73440277 8370000363 12007804 0 1364646 0 0 0
1791314021 2865, 13801, 53, 0x0000000000000000 | 1.98 1.97 2.04 | cpu  242589952 31398140 73440292 8370003540 12007804 0 1364646 0 0 0
1791314022 2865, 13801, 54, 0x0000000000000000 | 1.98 1.97 2.04 | cpu  242590126 31398140 73440347 8370006713 12007804 0 1364646 0 0 0
1791314023 2865, 13801, 54, 0x0000000000000000 | 1.98 1.97 2.04 | cpu  242590306 31398140 73440406 8370009883 12007804 0 1364647 0 0 0
1791314024 2865, 13801, 55, 0x0000000000000000 | 2.06 1.99 2.04 | cpu  242590436 31398140 73440508 8370013073 12007804 0 1364647 0 0 0
1791314025 2865, 13801, 54, 0x0000000000000000 | 2.06 1.99 2.04 | cpu  242590641 31398140 73440534 8370016249 12007804 0 1364647 0 0 0
1791314026 2872, 13801, 52, 0x0000000000000000 | 2.06 1.99 2.04 | cpu  242590851 31398140 73440553 8370019426 12007804 0 1364647 0 0 0
1791314027 2865, 13801, 56, 0x0000000000000000 | 2.06 1.99 2.04 | cpu  242591029 31398140 73440609 8370022600 12007804 0 1364648 0 0 0
1791314028 2865, 13801, 54, 0x0000000000000000 | 2.06 1.99 2.04 | cpu  242591226 31398140 73440656 8370025770 12007804 0 1364648 0 0 0
1791314030 2865, 13801, 53, 0x0000000000000000 | 2.06 1.99 2.04 | cpu  242591515 31398140 73440707 8370028824 12007804 0 1364649 0 0 0
1791314031 2865, 13801, 55, 0x0000000000000000 | 2.06 1.99 2.04 | cpu  242591704 31398140 73440787 8370031955 12007804 0 1364649 0 0 0
1791314032 2865, 13801, 55, 0x0000000000000000 | 2.06 1.99 2.04 | cpu  242591889 31398140 73440832 8370035133 12007804 0 1364649 0 0 0
1791314033 2865, 13801, 56, 0x0000000000000000 | 2.06 1.99 2.04 | cpu  242592058 31398140 73440897 8370038298 12007805 0 1364651 0 0 0
1791314034 2865, 13801, 54, 0x0000000000000000 | 2.05 1.99 2.04 | cpu  242592187 31398140 73440996 8370041467 12007805 0 1364651 0 0 0
1791314035 2865, 13801, 55, 0x0000000000000000 | 2.05 1.99 2.04 | cpu  242592406 31398140 73441017 8370044628 12007805 0 1364651 0 0 0
1791314036 2865, 13801, 58, 0x0000000000000000 | 2.05 1.99 2.04 | cpu  242592628 31398140 73441059 8370047775 12007805 0 1364652 0 0 0
1791314037 2865, 13801, 57, 0x0000000000000000 | 2.05 1.99 2.04 | cpu  242592804 31398140 73441161 8370050909 12007805 0 1364653 0 0 0
1791314038 2865, 13801, 58, 0x0000000000000000 | 2.05 1.99 2.04 | cpu  242592985 31398140 73441210 8370054084 12007805 0 1364653 0 0 0
1791314039 2865, 13801, 56, 0x0000000000000000 | 2.05 1.99 2.04 | cpu  242593167 31398140 73441257 8370057260 12007805 0 1364654 0 0 0
1791314040 2865, 13801, 55, 0x0000000000000000 | 2.05 1.99 2.04 | cpu  242593314 31398140 73441341 8370060437 12007805 0 1364654 0 0 0
1791314041 2865, 13801, 58, 0x0000000000000000 | 2.05 1.99 2.04 | cpu  242593497 31398140 73441395 8370063612 12007805 0 1364656 0 0 0
1791314042 2865, 13801, 58, 0x0000000000000000 | 2.05 1.99 2.04 | cpu  242593669 31398140 73441452 8370066785 12007805 0 1364656 0 0 0
1791314043 2865, 13801, 59, 0x0000000000000000 | 2.20 2.03 2.05 | cpu  242593801 31398140 73441553 8370069948 12007805 0 1364656 0 0 0
1791314044 2865, 13801, 59, 0x0000000000000000 | 2.20 2.03 2.05 | cpu  242594010 31398140 73441571 8370073120 12007805 0 1364657 0 0 0
1791314045 2865, 13801, 57, 0x0000000000000000 | 2.20 2.03 2.05 | cpu  242594225 31398140 73441587 8370076284 12007805 0 1364657 0 0 0
1791314047 2857, 13801, 58, 0x0000000000000000 | 2.20 2.03 2.05 | cpu  242594376 31398140 73441603 8370079537 12007805 0 1364657 0 0 0
1791314048 2865, 13801, 60, 0x0000000000000000 | 2.20 2.03 2.05 | cpu  242594482 31398140 73441618 8370082821 12007805 0 1364657 0 0 0
1791314049 2865, 13801, 60, 0x0000000000000000 | 2.11 2.01 2.05 | cpu  242594590 31398140 73441633 8370086104 12007805 0 1364657 0 0 0
1791314050 2865, 13801, 61, 0x0000000000000000 | 2.11 2.01 2.05 | cpu  242594699 31398140 73441649 8370089383 12007805 0 1364657 0 0 0
1791314051 2865, 13801, 60, 0x0000000000000000 | 2.11 2.01 2.05 | cpu  242594804 31398140 73441670 8370092667 12007805 0 1364657 0 0 0
1791314052 2857, 13801, 60, 0x0000000000000000 | 2.11 2.01 2.05 | cpu  242594935 31398140 73441699 8370095917 12007805 0 1364657 0 0 0
1791314053 2865, 13801, 61, 0x0000000000000000 | 2.11 2.01 2.05 | cpu  242595098 31398140 73441769 8370099084 12007805 0 1364657 0 0 0
1791314054 2865, 13801, 60, 0x0000000000000000 | 2.10 2.01 2.05 | cpu  242595264 31398140 73441832 8370102258 12007805 0 1364657 0 0 0
1791314055 2865, 13801, 61, 0x0000000000000000 | 2.10 2.01 2.05 | cpu  242595399 31398140 73441936 8370105434 12007805 0 1364657 0 0 0
1791314056 2865, 13801, 59, 0x0000000000000000 | 2.10 2.01 2.05 | cpu  242595610 31398140 73441954 8370108616 12007805 0 1364657 0 0 0
1791314057 2865, 13801, 58, 0x0000000000000000 | 2.10 2.01 2.05 | cpu  242595788 31398140 73442005 8370111786 12007805 0 1364657 0 0 0
1791314058 2865, 13801, 61, 0x0000000000000000 | 2.09 2.01 2.05 | cpu  242595947 31398140 73442096 8370114944 12007805 0 1364657 0 0 0
1791314059 2857, 13801, 59, 0x0000000000000000 | 2.09 2.01 2.05 | cpu  242596101 31398140 73442169 8370118113 12007805 0 1364657 0 0 0
1791314060 2857, 13801, 61, 0x0000000000000000 | 2.09 2.01 2.05 | cpu  242596316 31398140 73442183 8370121286 12007805 0 1364658 0 0 0
1791314061 2857, 13801, 58, 0x0000000000000000 | 2.09 2.01 2.05 | cpu  242596474 31398140 73442200 8370124520 12007805 0 1364658 0 0 0
1791314063 2865, 13801, 60, 0x0000000000000000 | 2.09 2.01 2.05 | cpu  242596584 31398140 73442216 8370127797 12007805 0 1364659 0 0 0
1791314064 2865, 13801, 61, 0x0000000000000000 | 2.08 2.01 2.04 | cpu  242596699 31398140 73442236 8370131061 12007805 0 1364661 0 0 0
1791314065 2865, 13801, 57, 0x0000000000000000 | 2.08 2.01 2.04 | cpu  242596850 31398140 73442348 8370134189 12007805 0 1364661 0 0 0
1791314066 2865, 13801, 59, 0x0000000000000000 | 2.08 2.01 2.04 | cpu  242597015 31398140 73442474 8370137301 12007805 0 1364661 0 0 0
1791314067 2865, 13801, 61, 0x0000000000000000 | 2.08 2.01 2.04 | cpu  242597153 31398140 73442575 8370140461 12007805 0 1364661 0 0 0
1791314068 2857, 13801, 61, 0x0000000000000000 | 2.08 2.01 2.04 | cpu  242597367 31398140 73442589 8370143639 12007805 0 1364661 0 0 0
1791314069 2857, 13801, 61, 0x0000000000000000 | 2.08 2.01 2.04 | cpu  242597532 31398140 73442604 8370146854 12007805 0 1364662 0 0 0
1791314070 2857, 13801, 60, 0x0000000000000000 | 2.08 2.01 2.04 | cpu  242597640 31398140 73442620 8370150127 12007805 0 1364663 0 0 0
1791314071 2865, 13801, 63, 0x0000000000000000 | 2.08 2.01 2.04 | cpu  242597749 31398140 73442634 8370153409 12007805 0 1364663 0 0 0
1791314072 2857, 13801, 59, 0x0000000000000000 | 2.08 2.01 2.04 | cpu  242597856 31398140 73442648 8370156693 12007805 0 1364663 0 0 0
1791314073 2857, 13801, 62, 0x0000000000000000 | 2.07 2.01 2.04 | cpu  242597964 31398140 73442664 8370159978 12007805 0 1364663 0 0 0
1791314074 2857, 13801, 62, 0x0000000000000000 | 2.07 2.01 2.04 | cpu  242598073 31398140 73442679 8370163265 12007805 0 1364663 0 0 0
1791314075 2865, 13801, 60, 0x0000000000000000 | 2.07 2.01 2.04 | cpu  242598185 31398140 73442699 8370166570 12007805 0 1364665 0 0 0
1791314076 2857, 13801, 62, 0x0000000000000000 | 2.07 2.01 2.04 | cpu  242598293 31398140 73442715 8370169843 12007805 0 1364665 0 0 0
1791314077 2865, 13801, 62, 0x0000000000000000 | 2.07 2.01 2.04 | cpu  242598401 31398140 73442730 8370173120 12007805 0 1364665 0 0 0
1791314078 2865, 13801, 61, 0x0000000000000000 | 1.98 1.99 2.04 | cpu  242598513 31398140 73442743 8370176414 12007805 0 1364665 0 0 0
1791314080 2865, 13801, 59, 0x0000000000000000 | 1.98 1.99 2.04 | cpu  242598622 31398140 73442759 8370179696 12007805 0 1364666 0 0 0
1791314081 2857, 13801, 60, 0x0000000000000000 | 1.98 1.99 2.04 | cpu  242598731 31398140 73442775 8370182974 12007805 0 1364666 0 0 0
1791314082 2857, 13801, 62, 0x0000000000000000 | 1.98 1.99 2.04 | cpu  242598839 31398140 73442789 8370186257 12007805 0 1364666 0 0 0
1791314083 2865, 13801, 62, 0x0000000000000000 | 1.98 1.99 2.04 | cpu  242598951 31398140 73442806 8370189527 12007805 0 1364667 0 0 0
1791314084 2857, 13801, 62, 0x0000000000000000 | 1.91 1.97 2.03 | cpu  242599060 31398140 73442824 8370192809 12007806 0 1364669 0 0 0
1791314085 2857, 13801, 64, 0x0000000000000000 | 1.91 1.97 2.03 | cpu  242599168 31398140 73442840 8370196097 12007806 0 1364669 0 0 0
1791314086 2850, 13801, 60, 0x0000000000000000 | 1.91 1.97 2.03 | cpu  242599280 31398140 73442860 8370199378 12007806 0 1364669 0 0 0
1791314087 2865, 13801, 62, 0x0000000000000000 | 1.91 1.97 2.03 | cpu  242599387 31398140 73442875 8370202657 12007806 0 1364669 0 0 0
1791314088 2857, 13801, 62, 0x0000000000000000 | 1.91 1.97 2.03 | cpu  242599497 31398140 73442893 8370205927 12007806 0 1364670 0 0 0
1791314089 2857, 13801, 61, 0x0000000000000000 | 1.83 1.96 2.03 | cpu  242599643 31398140 73442908 8370209174 12007806 0 1364671 0 0 0
1791314090 2865, 13801, 63, 0x0000000000000000 | 1.83 1.96 2.03 | cpu  242599811 31398140 73442971 8370212355 12007806 0 1364671 0 0 0
1791314091 2865, 13801, 63, 0x0000000000000000 | 1.83 1.96 2.03 | cpu  242600005 31398140 73443018 8370215514 12007806 0 1364671 0 0 0
1791314092 2857, 13801, 59, 0x0000000000000000 | 1.83 1.96 2.03 | cpu  242600290 31398140 73443080 8370218582 12007806 0 1364671 0 0 0
1791314093 2857, 13801, 62, 0x0000000000000000 | 1.85 1.96 2.03 | cpu  242600459 31398140 73443187 8370221706 12007806 0 1364671 0 0 0
1791314094 2865, 13801, 60, 0x0000000000000000 | 1.85 1.96 2.03 | cpu  242600660 31398140 73443218 8370224882 12007806 0 1364672 0 0 0
1791314096 2857, 13801, 63, 0x0000000000000000 | 1.85 1.96 2.03 | cpu  242600829 31398140 73443280 8370228053 12007806 0 1364673 0 0 0
1791314097 2850, 13801, 63, 0x0000000000000000 | 1.85 1.96 2.03 | cpu  242601012 31398140 73443328 8370231232 12007806 0 1364673 0 0 0
1791314098 2850, 13801, 64, 0x0000000000000000 | 1.85 1.96 2.03 | cpu  242601203 31398140 73443377 8370234393 12007806 0 1364673 0 0 0
1791314099 2850, 13801, 62, 0x0000000000000000 | 1.86 1.96 2.03 | cpu  242601360 31398140 73443461 8370237558 12007806 0 1364673 0 0 0
1791314100 2850, 13801, 64, 0x0000000000000000 | 1.86 1.96 2.03 | cpu  242601542 31398140 73443510 8370240743 12007806 0 1364673 0 0 0
1791314101 2842, 13801, 64, 0x0000000000000000 | 1.86 1.96 2.03 | cpu  242601696 31398140 73443588 8370243919 12007806 0 1364673 0 0 0
1791314102 2850, 13801, 61, 0x0000000000000000 | 1.86 1.96 2.03 | cpu  242601872 31398140 73443682 8370247059 12007806 0 1364673 0 0 0
1791314103 2850, 13801, 63, 0x0000000000000000 | 1.86 1.96 2.03 | cpu  242602100 31398140 73443717 8370250195 12007806 0 1364674 0 0 0
1791314104 2872, 13801, 54, 0x0000000000000000 | 1.95 1.97 2.03 | cpu  242602242 31398140 73443795 8370253365 12007806 0 1364674 0 0 0
1791314105 2872, 13801, 53, 0x0000000000000000 | 1.95 1.97 2.03 | cpu  242602349 31398140 73443908 8370256532 12007806 0 1364674 0 0 0
1791314106 2400, 13801, 52, 0x0000000000000000 | 1.95 1.97 2.03 | cpu  242602508 31398140 73443974 8370259692 12007806 0 1364674 0 0 0
1791314107 2400, 13801, 51, 0x0000000000000000 | 1.95 1.97 2.03 | cpu  242602714 31398140 73443987 8370262860 12007806 0 1364674 0 0 0
1791314108 2400, 13801, 51, 0x0000000000000000 | 1.96 1.98 2.03 | cpu  242602887 31398140 73444040 8370266020 12007806 0 1364675 0 0 0
1791314109 2400, 13801, 50, 0x0000000000000000 | 1.96 1.98 2.03 | cpu  242603036 31398140 73444118 8370269188 12007806 0 1364675 0 0 0
1791314110 2400, 13801, 50, 0x0000000000000000 | 1.96 1.98 2.03 | cpu  242603166 31398140 73444207 8370272356 12007806 0 1364675 0 0 0
1791314111 2400, 13801, 50, 0x0000000000000000 | 1.96 1.98 2.03 | cpu  242603382 31398140 73444217 8370275522 12007806 0 1364675 0 0 0
1791314113 2400, 13801, 49, 0x0000000000000000 | 1.96 1.98 2.03 | cpu  242603588 31398140 73444230 8370278694 12007806 0 1364675 0 0 0
1791314114 2400, 13801, 49, 0x0000000000000000 | 1.88 1.96 2.02 | cpu  242603681 31398140 73444248 8370281968 12007806 0 1364675 0 0 0
1791314115 2400, 13801, 49, 0x0000000000000000 | 1.88 1.96 2.02 | cpu  242603789 31398140 73444263 8370285233 12007806 0 1364675 0 0 0
1791314116 2400, 13801, 49, 0x0000000000000000 | 1.88 1.96 2.02 | cpu  242603891 31398140 73444309 8370288475 12007806 0 1364675 0 0 0
1791314117 2400, 13801, 48, 0x0000000000000000 | 1.88 1.96 2.02 | cpu  242603978 31398140 73444388 8370291694 12007806 0 1364675 0 0 0
1791314118 2400, 13801, 48, 0x0000000000000000 | 1.88 1.96 2.02 | cpu  242604057 31398140 73444426 8370294968 12007806 0 1364677 0 0 0
1791314119 2400, 13801, 48, 0x0000000000000000 | 1.81 1.94 2.02 | cpu  242604147 31398140 73444449 8370298246 12007806 0 1364677 0 0 0
1791314120 2400, 13801, 48, 0x0000000000000000 | 1.81 1.94 2.02 | cpu  242604235 31398140 73444481 8370301515 12007806 0 1364677 0 0 0
1791314121 2400, 13801, 47, 0x0000000000000000 | 1.81 1.94 2.02 | cpu  242604324 31398140 73444506 8370304795 12007806 0 1364677 0 0 0
1791314122 2400, 13801, 47, 0x0000000000000000 | 1.81 1.94 2.02 | cpu  242604432 31398140 73444518 8370308064 12007806 0 1364677 0 0 0
1791314123 2400, 810, 47, 0x0000000000000000 | 1.81 1.94 2.02 | cpu  242604537 31398140 73444529 8370311356 12007806 0 1364677 0 0 0
1791314124 330, 810, 46, 0x0000000000000000 | 1.82 1.94 2.02 | cpu  242604636 31398140 73444544 8370314649 12007806 0 1364677 0 0 0
1791314125 187, 405, 45, 0x0000000000000000 | 1.82 1.94 2.02 | cpu  242604804 31398140 73444599 8370317838 12007806 0 1364677 0 0 0
1791314126 180, 405, 45, 0x0000000000000000 | 1.82 1.94 2.02 | cpu  242604950 31398140 73444682 8370321018 12007806 0 1364677 0 0 0
1791314127 180, 405, 45, 0x0000000000000000 | 1.82 1.94 2.02 | cpu  242605111 31398140 73444755 8370324199 12007806 0 1364677 0 0 0
1791314128 180, 405, 45, 0x0000000000000000 | 2.00 1.98 2.03 | cpu  242605328 31398140 73444869 8370327266 12007806 0 1364677 0 0 0
1791314130 180, 405, 45, 0x0000000000000000 | 2.00 1.98 2.03 | cpu  242605508 31398140 73444927 8370330437 12007806 0 1364677 0 0 0
1791314131 180, 405, 44, 0x0000000000000000 | 2.00 1.98 2.03 | cpu  242605680 31398140 73444997 8370333607 12007806 0 1364677 0 0 0
1791314132 180, 405, 44, 0x0000000000000000 | 2.00 1.98 2.03 | cpu  242605812 31398140 73445116 8370336754 12007806 0 1364677 0 0 0
1791314133 180, 405, 44, 0x0000000000000000 | 2.00 1.98 2.03 | cpu  242606033 31398140 73445194 8370339854 12007807 0 1364677 0 0 0
1791314134 180, 405, 44, 0x0000000000000000 | 2.00 1.98 2.03 | cpu  242606243 31398140 73445209 8370343045 12007807 0 1364678 0 0 0
1791314135 180, 405, 44, 0x0000000000000000 | 2.00 1.98 2.03 | cpu  242606448 31398140 73445234 8370346224 12007807 0 1364678 0 0 0
1791314136 180, 405, 44, 0x0000000000000000 | 2.00 1.98 2.03 | cpu  242606624 31398140 73445286 8370349399 12007807 0 1364678 0 0 0
1791314137 180, 405, 43, 0x0000000000000000 | 2.00 1.98 2.03 | cpu  242606775 31398140 73445363 8370352578 12007807 0 1364678 0 0 0
1791314138 180, 405, 43, 0x0000000000000000 | 2.00 1.98 2.03 | cpu  242606927 31398140 73445440 8370355754 12007807 0 1364678 0 0 0
1791314139 180, 405, 43, 0x0000000000000000 | 2.00 1.98 2.03 | cpu  242607139 31398140 73445461 8370358938 12007807 0 1364678 0 0 0
1791314140 180, 405, 43, 0x0000000000000000 | 2.00 1.98 2.03 | cpu  242607350 31398140 73445482 8370362120 12007807 0 1364678 0 0 0
1791314141 180, 405, 43, 0x0000000000000000 | 2.00 1.98 2.03 | cpu  242607522 31398140 73445533 8370365307 12007807 0 1364678 0 0 0
1791314142 180, 405, 43, 0x0000000000000000 | 2.00 1.98 2.03 | cpu  242607665 31398140 73445623 8370368487 12007807 0 1364679 0 0 0
1791314143 180, 405, 43, 0x0000000000000000 | 2.00 1.98 2.03 | cpu  242607820 31398140 73445703 8370371661 12007807 0 1364679 0 0 0
1791314144 180, 405, 42, 0x0000000000000000 | 2.00 1.98 2.03 | cpu  242608034 31398140 73445711 8370374849 12007807 0 1364679 0 0 0
1791314146 180, 405, 42, 0x0000000000000000 | 2.00 1.98 2.03 | cpu  242608242 31398140 73445733 8370378043 12007807 0 1364679 0 0 0
1791314147 180, 405, 42, 0x0000000000000000 | 2.00 1.98 2.03 | cpu  242608396 31398140 73445754 8370381284 12007807 0 1364680 0 0 0
1791314148 180, 405, 42, 0x0000000000000000 | 2.00 1.98 2.03 | cpu  242608506 31398140 73445778 8370384562 12007807 0 1364681 0 0 0
1791314149 180, 405, 42, 0x0000000000000000 | 1.92 1.96 2.02 | cpu  242608613 31398140 73445783 8370387857 12007807 0 1364681 0 0 0
1791314150 180, 405, 42, 0x0000000000000000 | 1.92 1.96 2.02 | cpu  242608714 31398140 73445805 8370391153 12007807 0 1364682 0 0 0
1791314151 180, 405, 42, 0x0000000000000000 | 1.92 1.96 2.02 | cpu  242608870 31398140 73445855 8370394356 12007807 0 1364683 0 0 0
1791314152 180, 405, 41, 0x0000000000000000 | 1.92 1.96 2.02 | cpu  242609046 31398140 73445908 8370397543 12007807 0 1364683 0 0 0
1791314153 180, 405, 41, 0x0000000000000000 | 1.92 1.96 2.02 | cpu  242609222 31398140 73445959 8370400730 12007807 0 1364683 0 0 0
1791314154 180, 405, 41, 0x0000000000000000 | 1.93 1.96 2.02 | cpu  242609381 31398140 73446027 8370403911 12007807 0 1364686 0 0 0
1791314155 180, 405, 41, 0x0000000000000000 | 1.93 1.96 2.02 | cpu  242609534 31398140 73446108 8370407089 12007807 0 1364686 0 0 0
1791314156 180, 405, 41, 0x0000000000000000 | 1.93 1.96 2.02 | cpu  242609743 31398140 73446128 8370410264 12007807 0 1364686 0 0 0
1791314157 180, 405, 41, 0x0000000000000000 | 1.93 1.96 2.02 | cpu  242609871 31398140 73446148 8370413518 12007807 0 1364686 0 0 0
1791314158 180, 405, 41, 0x0000000000000000 | 1.85 1.95 2.02 | cpu  242609973 31398140 73446173 8370416800 12007807 0 1364686 0 0 0
1791314159 180, 405, 41, 0x0000000000000000 | 1.85 1.95 2.02 | cpu  242610077 31398140 73446193 8370420086 12007807 0 1364686 0 0 0
1791314160 180, 405, 41, 0x0000000000000000 | 1.85 1.95 2.02 | cpu  242610185 31398140 73446200 8370423381 12007807 0 1364686 0 0 0
1791314162 180, 405, 41, 0x0000000000000000 | 1.85 1.95 2.02 | cpu  242610292 31398140 73446211 8370426675 12007807 0 1364686 0 0 0
1791314163 180, 405, 41, 0x0000000000000000 | 1.85 1.95 2.02 | cpu  242610392 31398140 73446235 8370429959 12007807 0 1364688 0 0 0
1791314164 180, 405, 41, 0x0000000000000000 | 1.78 1.93 2.01 | cpu  242610491 31398140 73446258 8370433250 12007807 0 1364688 0 0 0
1791314165 180, 405, 41, 0x0000000000000000 | 1.78 1.93 2.01 | cpu  242610593 31398140 73446279 8370436542 12007807 0 1364688 0 0 0
1791314166 180, 405, 41, 0x0000000000000000 | 1.78 1.93 2.01 | cpu  242610697 31398140 73446303 8370439825 12007807 0 1364689 0 0 0
1791314167 180, 405, 41, 0x0000000000000000 | 1.78 1.93 2.01 | cpu  242610797 31398140 73446325 8370443126 12007807 0 1364689 0 0 0
1791314168 180, 405, 41, 0x0000000000000000 | 1.78 1.93 2.01 | cpu  242610904 31398140 73446335 8370446423 12007807 0 1364689 0 0 0
1791314169 180, 405, 41, 0x0000000000000000 | 1.72 1.92 2.00 | cpu  242611012 31398140 73446341 8370449723 12007807 0 1364689 0 0 0
1791314170 180, 405, 41, 0x0000000000000000 | 1.72 1.92 2.00 | cpu  242611123 31398140 73446368 8370453001 12007808 0 1364689 0 0 0
1791314171 180, 405, 41, 0x0000000000000000 | 1.72 1.92 2.00 | cpu  242611224 31398140 73446391 8370456290 12007808 0 1364689 0 0 0
1791314172 180, 405, 41, 0x0000000000000000 | 1.72 1.92 2.00 | cpu  242611325 31398140 73446411 8370459583 12007808 0 1364689 0 0 0
1791314173 180, 405, 41, 0x0000000000000000 | 1.66 1.90 2.00 | cpu  242611425 31398140 73446433 8370462871 12007808 0 1364690 0 0 0
1791314174 180, 405, 41, 0x0000000000000000 | 1.66 1.90 2.00 | cpu  242611564 31398140 73446481 8370466084 12007808 0 1364690 0 0 0
1791314175 180, 405, 41, 0x0000000000000000 | 1.66 1.90 2.00 | cpu  242611665 31398140 73446503 8370469376 12007808 0 1364690 0 0 0
1791314176 180, 405, 41, 0x0000000000000000 | 1.66 1.90 2.00 | cpu  242611766 31398140 73446523 8370472661 12007808 0 1364690 0 0 0
1791314178 180, 405, 41, 0x0000000000000000 | 1.66 1.90 2.00 | cpu  242611872 31398140 73446541 8370475946 12007808 0 1364690 0 0 0
1791314179 180, 405, 41, 0x0000000000000000 | 1.61 1.89 1.99 | cpu  242611984 31398140 73446553 8370479232 12007808 0 1364690 0 0 0
1791314180 180, 405, 42, 0x0000000000000000 | 1.61 1.89 1.99 | cpu  242612110 31398140 73446583 8370482480 12007808 0 1364690 0 0 0
1791314181 180, 405, 42, 0x0000000000000000 | 1.61 1.89 1.99 | cpu  242612328 31398140 73446640 8370485613 12007808 0 1364690 0 0 0
1791314182 180, 405, 42, 0x0000000000000000 | 1.61 1.89 1.99 | cpu  242612490 31398140 73446707 8370488794 12007808 0 1364690 0 0 0
1791314183 180, 405, 42, 0x0000000000000000 | 1.61 1.89 1.99 | cpu  242612667 31398140 73446764 8370491967 12007808 0 1364690 0 0 0
1791314184 180, 405, 42, 0x0000000000000000 | 1.64 1.89 1.99 | cpu  242612846 31398140 73446817 8370495152 12007808 0 1364690 0 0 0
1791314185 180, 405, 42, 0x0000000000000000 | 1.64 1.89 1.99 | cpu  242612987 31398140 73446907 8370498331 12007808 0 1364690 0 0 0
1791314186 180, 405, 42, 0x0000000000000000 | 1.64 1.89 1.99 | cpu  242613164 31398140 73446959 8370501517 12007808 0 1364690 0 0 0
1791314187 180, 405, 42, 0x0000000000000000 | 1.64 1.89 1.99 | cpu  242613313 31398140 73447043 8370504702 12007808 0 1364690 0 0 0
1791314188 180, 405, 42, 0x0000000000000000 | 1.67 1.89 1.99 | cpu  242613467 31398140 73447123 8370507873 12007808 0 1364690 0 0 0
1791314189 180, 405, 42, 0x0000000000000000 | 1.67 1.89 1.99 | cpu  242613686 31398140 73447143 8370511045 12007808 0 1364691 0 0 0
1791314190 180, 405, 42, 0x0000000000000000 | 1.67 1.89 1.99 | cpu  242613899 31398140 73447163 8370514225 12007808 0 1364692 0 0 0
1791314191 180, 405, 42, 0x0000000000000000 | 1.67 1.89 1.99 | cpu  242614110 31398140 73447200 8370517381 12007808 0 1364694 0 0 0
1791314192 180, 405, 42, 0x0000000000000000 | 1.67 1.89 1.99 | cpu  242614281 31398140 73447348 8370520467 12007808 0 1364694 0 0 0
1791314194 180, 405, 42, 0x0000000000000000 | 1.78 1.91 2.00 | cpu  242614435 31398140 73447426 8370523650 12007808 0 1364695 0 0 0
1791314195 180, 405, 42, 0x0000000000000000 | 1.78 1.91 2.00 | cpu  242614608 31398140 73447481 8370526834 12007808 0 1364695 0 0 0
1791314196 180, 405, 42, 0x0000000000000000 | 1.78 1.91 2.00 | cpu  242614821 31398140 73447503 8370530007 12007808 0 1364696 0 0 0
1791314197 180, 405, 42, 0x0000000000000000 | 1.78 1.91 2.00 | cpu  242615001 31398140 73447550 8370533190 12007808 0 1364697 0 0 0
1791314198 180, 405, 42, 0x0000000000000000 | 1.78 1.91 2.00 | cpu  242615165 31398140 73447615 8370536374 12007808 0 1364697 0 0 0
1791314199 180, 405, 42, 0x0000000000000000 | 1.79 1.91 2.00 | cpu  242615293 31398140 73447721 8370539553 12007808 0 1364699 0 0 0
1791314200 180, 405, 42, 0x0000000000000000 | 1.79 1.91 2.00 | cpu  242615506 31398140 73447749 8370542721 12007808 0 1364701 0 0 0
1791314201 180, 405, 42, 0x0000000000000000 | 1.79 1.91 2.00 | cpu  242615674 31398140 73447810 8370545907 12007808 0 1364702 0 0 0
1791314202 180, 405, 42, 0x0000000000000000 | 1.79 1.91 2.00 | cpu  242615815 31398140 73447898 8370549087 12007808 0 1364702 0 0 0
1791314203 180, 405, 42, 0x0000000000000000 | 1.79 1.91 2.00 | cpu  242615974 31398140 73447972 8370552267 12007808 0 1364702 0 0 0
1791314204 180, 405, 42, 0x0000000000000000 | 1.81 1.91 2.00 | cpu  242616181 31398140 73447992 8370555453 12007808 0 1364702 0 0 0
1791314205 172, 405, 42, 0x0000000000000000 | 1.81 1.91 2.00 | cpu  242616388 31398140 73448015 8370558636 12007808 0 1364702 0 0 0
1791314206 180, 405, 42, 0x0000000000000000 | 1.81 1.91 2.00 | cpu  242616598 31398140 73448036 8370561834 12007808 0 1364702 0 0 0
1791314207 180, 405, 42, 0x0000000000000000 | 1.81 1.91 2.00 | cpu  242616812 31398140 73448042 8370565027 12007808 0 1364702 0 0 0
1791314208 180, 405, 42, 0x0000000000000000 | 1.83 1.91 2.00 | cpu  242617032 31398140 73448055 8370568206 12007808 0 1364702 0 0 0
1791314210 180, 405, 42, 0x0000000000000000 | 1.83 1.91 2.00 | cpu  242617219 31398140 73448062 8370571418 12007808 0 1364702 0 0 0
1791314211 180, 405, 42, 0x0000000000000000 | 1.83 1.91 2.00 | cpu  242617327 31398140 73448072 8370574714 12007808 0 1364702 0 0 0
1791314212 180, 405, 42, 0x0000000000000000 | 1.83 1.91 2.00 | cpu  242617436 31398140 73448084 8370578002 12007808 0 1364702 0 0 0
1791314213 172, 405, 42, 0x0000000000000000 | 1.83 1.91 2.00 | cpu  242617537 31398140 73448105 8370581286 12007808 0 1364702 0 0 0
1791314214 180, 405, 42, 0x0000000000000000 | 1.76 1.90 1.99 | cpu  242617639 31398140 73448124 8370584578 12007808 0 1364705 0 0 0
1791314215 180, 405, 42, 0x0000000000000000 | 1.76 1.90 1.99 | cpu  242617741 31398140 73448145 8370587878 12007809 0 1364706 0 0 0
1791314216 180, 405, 42, 0x0000000000000000 | 1.76 1.90 1.99 | cpu  242617846 31398140 73448157 8370591173 12007809 0 1364706 0 0 0
1791314217 180, 405, 42, 0x0000000000000000 | 1.76 1.90 1.99 | cpu  242617953 31398140 73448170 8370594467 12007809 0 1364706 0 0 0
1791314218 180, 405, 42, 0x0000000000000000 | 1.76 1.90 1.99 | cpu  242618061 31398140 73448184 8370597760 12007809 0 1364706 0 0 0
1791314219 180, 405, 42, 0x0000000000000000 | 1.70 1.88 1.99 | cpu  242618168 31398140 73448195 8370601049 12007809 0 1364706 0 0 0
1791314220 180, 405, 42, 0x0000000000000000 | 1.70 1.88 1.99 | cpu  242618277 31398140 73448210 8370604333 12007809 0 1364706 0 0 0
1791314221 180, 405, 42, 0x0000000000000000 | 1.70 1.88 1.99 | cpu  242618402 31398140 73448262 8370607553 12007809 0 1364707 0 0 0
1791314222 180, 405, 42, 0x0000000000000000 | 1.70 1.88 1.99 | cpu  242618504 31398140 73448289 8370610826 12007809 0 1364707 0 0 0
1791314223 180, 405, 42, 0x0000000000000000 | 1.72 1.88 1.99 | cpu  242618602 31398140 73448309 8370614117 12007809 0 1364707 0 0 0
1791314224 180, 405, 42, 0x0000000000000000 | 1.72 1.88 1.99 | cpu  242618711 31398140 73448335 8370617389 12007809 0 1364708 0 0 0
1791314226 180, 405, 42, 0x0000000000000000 | 1.72 1.88 1.99 | cpu  242618820 31398140 73448350 8370620675 12007809 0 1364708 0 0 0
1791314227 172, 405, 42, 0x0000000000000000 | 1.72 1.88 1.99 | cpu  242618928 31398140 73448363 8370623967 12007809 0 1364708 0 0 0
1791314228 180, 405, 42, 0x0000000000000000 | 1.72 1.88 1.99 | cpu  242619036 31398140 73448373 8370627257 12007809 0 1364708 0 0 0
1791314229 180, 405, 42, 0x0000000000000000 | 1.67 1.87 1.98 | cpu  242619144 31398140 73448384 8370630550 12007809 0 1364708 0 0 0
1791314230 180, 405, 42, 0x0000000000000000 | 1.67 1.87 1.98 | cpu  242619253 31398140 73448399 8370633842 12007810 0 1364708 0 0 0
1791314231 180, 405, 42, 0x0000000000000000 | 1.67 1.87 1.98 | cpu  242619361 31398140 73448412 8370637134 12007810 0 1364708 0 0 0
1791314232 180, 405, 42, 0x0000000000000000 | 1.67 1.87 1.98 | cpu  242619469 31398140 73448418 8370640431 12007810 0 1364708 0 0 0
1791314233 180, 405, 42, 0x0000000000000000 | 1.67 1.87 1.98 | cpu  242619576 31398140 73448424 8370643731 12007810 0 1364708 0 0 0
1791314234 180, 405, 42, 0x0000000000000000 | 1.61 1.85 1.98 | cpu  242619690 31398140 73448437 8370647019 12007810 0 1364709 0 0 0
1791314235 180, 405, 42, 0x0000000000000000 | 1.61 1.85 1.98 | cpu  242619799 31398140 73448445 8370650315 12007810 0 1364709 0 0 0
1791314236 180, 405, 42, 0x0000000000000000 | 1.61 1.85 1.98 | cpu  242619911 31398140 73448474 8370653587 12007810 0 1364709 0 0 0
1791314237 180, 405, 42, 0x0000000000000000 | 1.61 1.85 1.98 | cpu  242620056 31398140 73448554 8370656778 12007810 0 1364710 0 0 0
1791314238 180, 405, 42, 0x0000000000000000 | 1.64 1.86 1.98 | cpu  242620217 31398140 73448628 8370659957 12007810 0 1364713 0 0 0
1791314239 180, 405, 42, 0x0000000000000000 | 1.64 1.86 1.98 | cpu  242620432 31398140 73448640 8370663141 12007810 0 1364713 0 0 0
1791314240 180, 405, 42, 0x0000000000000000 | 1.64 1.86 1.98 | cpu  242620646 31398140 73448654 8370666319 12007810 0 1364715 0 0 0
1791314242 180, 405, 42, 0x0000000000000000 | 1.64 1.86 1.98 | cpu  242620861 31398140 73448667 8370669501 12007810 0 1364715 0 0 0
1791314243 180, 405, 42, 0x0000000000000000 | 1.64 1.86 1.98 | cpu  242621033 31398140 73448690 8370672713 12007810 0 1364715 0 0 0
1791314244 180, 405, 42, 0x0000000000000000 | 1.59 1.84 1.97 | cpu  242621146 31398140 73448725 8370675981 12007810 0 1364718 0 0 0
1791314245 180, 405, 42, 0x0000000000000000 | 1.59 1.84 1.97 | cpu  242621265 31398140 73448795 8370679205 12007810 0 1364718 0 0 0
1791314246 180, 405, 42, 0x0000000000000000 | 1.59 1.84 1.97 | cpu  242621406 31398140 73448843 8370682436 12007810 0 1364718 0 0 0
1791314247 180, 405, 42, 0x0000000000000000 | 1.59 1.84 1.97 | cpu  242621571 31398140 73448904 8370685623 12007810 0 1364718 0 0 0
1791314248 180, 405, 42, 0x0000000000000000 | 1.59 1.84 1.97 | cpu  242621716 31398140 73449008 8370688792 12007810 0 1364721 0 0 0
1791314249 180, 405, 42, 0x0000000000000000 | 1.70 1.86 1.98 | cpu  242621932 31398140 73449021 8370691978 12007810 0 1364722 0 0 0
1791314250 180, 405, 42, 0x0000000000000000 | 1.70 1.86 1.98 | cpu  242622148 31398140 73449036 8370695160 12007810 0 1364723 0 0 0
1791314251 180, 405, 43, 0x0000000000000000 | 1.70 1.86 1.98 | cpu  242622329 31398140 73449083 8370698342 12007810 0 1364724 0 0 0
1791314252 180, 405, 42, 0x0000000000000000 | 1.70 1.86 1.98 | cpu  242622479 31398140 73449163 8370701526 12007810 0 1364724 0 0 0
1791314253 180, 405, 43, 0x0000000000000000 | 1.81 1.88 1.99 | cpu  242622641 31398140 73449234 8370704710 12007810 0 1364725 0 0 0
1791314254 180, 405, 43, 0x0000000000000000 | 1.81 1.88 1.99 | cpu  242622860 31398140 73449251 8370707879 12007810 0 1364725 0 0 0
1791314255 180, 405, 43, 0x0000000000000000 | 1.81 1.88 1.99 | cpu  242623008 31398140 73449314 8370711090 12007810 0 1364725 0 0 0
1791314256 180, 405, 43, 0x0000000000000000 | 1.81 1.88 1.99 | cpu  242623129 31398140 73449393 8370714300 12007810 0 1364726 0 0 0
1791314258 180, 405, 43, 0x0000000000000000 | 1.81 1.88 1.99 | cpu  242623302 31398140 73449455 8370717477 12007810 0 1364727 0 0 0
1791314259 180, 405, 43, 0x0000000000000000 | 1.82 1.88 1.99 | cpu  242623442 31398140 73449556 8370720651 12007810 0 1364728 0 0 0
1791314260 180, 405, 43, 0x0000000000000000 | 1.82 1.88 1.99 | cpu  242623643 31398140 73449624 8370723778 12007810 0 1364731 0 0 0
1791314261 180, 405, 43, 0x0000000000000000 | 1.82 1.88 1.99 | cpu  242623846 31398140 73449711 8370726886 12007810 0 1364731 0 0 0
1791314262 180, 405, 43, 0x0000000000000000 | 1.82 1.88 1.99 | cpu  242624024 31398140 73449762 8370730073 12007810 0 1364731 0 0 0
1791314263 180, 405, 43, 0x0000000000000000 | 1.82 1.88 1.99 | cpu  242624154 31398140 73449864 8370733248 12007811 0 1364732 0 0 0
1791314264 180, 405, 43, 0x0000000000000000 | 1.84 1.89 1.99 | cpu  242624359 31398140 73449888 8370736427 12007811 0 1364732 0 0 0
1791314265 180, 405, 43, 0x0000000000000000 | 1.84 1.89 1.99 | cpu  242624575 31398140 73449903 8370739611 12007811 0 1364732 0 0 0
1791314266 180, 405, 43, 0x0000000000000000 | 1.84 1.89 1.99 | cpu  242624771 31398140 73449916 8370742814 12007811 0 1364733 0 0 0
1791314267 180, 405, 43, 0x0000000000000000 | 1.84 1.89 1.99 | cpu  242624879 31398140 73449929 8370746106 12007811 0 1364733 0 0 0
1791314268 180, 405, 43, 0x0000000000000000 | 1.85 1.89 1.99 | cpu  242624994 31398140 73449949 8370749385 12007811 0 1364734 0 0 0
1791314269 180, 405, 43, 0x0000000000000000 | 1.85 1.89 1.99 | cpu  242625103 31398140 73449961 8370752679 12007811 0 1364734 0 0 0
1791314270 180, 405, 43, 0x0000000000000000 | 1.85 1.89 1.99 | cpu  242625212 31398140 73449976 8370755969 12007811 0 1364734 0 0 0
1791314271 180, 405, 43, 0x0000000000000000 | 1.85 1.89 1.99 | cpu  242625320 31398140 73449989 8370759262 12007811 0 1364734 0 0 0
1791314272 180, 405, 43, 0x0000000000000000 | 1.85 1.89 1.99 | cpu  242625429 31398140 73450003 8370762555 12007811 0 1364736 0 0 0
1791314274 180, 405, 43, 0x0000000000000000 | 1.78 1.87 1.98 | cpu  242625537 31398140 73450017 8370765849 12007811 0 1364736 0 0 0
1791314275 180, 405, 43, 0x0000000000000000 | 1.78 1.87 1.98 | cpu  242625648 31398140 73450036 8370769135 12007811 0 1364737 0 0 0
1791314276 180, 405, 43, 0x0000000000000000 | 1.78 1.87 1.98 | cpu  242625757 31398140 73450049 8370772425 12007811 0 1364737 0 0 0
1791314277 180, 405, 43, 0x0000000000000000 | 1.78 1.87 1.98 | cpu  242625866 31398140 73450062 8370775717 12007811 0 1364737 0 0 0
1791314278 180, 405, 43, 0x0000000000000000 | 1.78 1.87 1.98 | cpu  242625974 31398140 73450075 8370779006 12007811 0 1364737 0 0 0
1791314279 180, 405, 43, 0x0000000000000000 | 1.72 1.86 1.98 | cpu  242626083 31398140 73450088 8370782311 12007811 0 1364737 0 0 0
1791314280 180, 405, 43, 0x0000000000000000 | 1.72 1.86 1.98 | cpu  242626195 31398140 73450105 8370785602 12007811 0 1364737 0 0 0
1791314281 180, 405, 43, 0x0000000000000000 | 1.72 1.86 1.98 | cpu  242626304 31398140 73450119 8370788897 12007811 0 1364737 0 0 0
1791314282 180, 405, 43, 0x0000000000000000 | 1.72 1.86 1.98 | cpu  242626466 31398140 73450183 8370792080 12007811 0 1364738 0 0 0
1791314283 180, 405, 43, 0x0000000000000000 | 1.72 1.86 1.98 | cpu  242626598 31398140 73450279 8370795262 12007811 0 1364738 0 0 0
1791314284 180, 405, 43, 0x0000000000000000 | 1.74 1.86 1.98 | cpu  242626796 31398140 73450317 8370798437 12007811 0 1364738 0 0 0
1791314285 180, 405, 43, 0x0000000000000000 | 1.74 1.86 1.98 | cpu  242627012 31398140 73450331 8370801617 12007811 0 1364738 0 0 0
1791314286 180, 405, 43, 0x0000000000000000 | 1.74 1.86 1.98 | cpu  242627137 31398140 73450347 8370804898 12007811 0 1364738 0 0 0
1791314287 180, 405, 43, 0x0000000000000000 | 1.74 1.86 1.98 | cpu  242627246 31398140 73450360 8370808196 12007811 0 1364739 0 0 0
1791314288 180, 405, 43, 0x0000000000000000 | 1.68 1.85 1.97 | cpu  242627356 31398140 73450373 8370811491 12007811 0 1364739 0 0 0
1791314290 180, 405, 43, 0x0000000000000000 | 1.68 1.85 1.97 | cpu  242627465 31398140 73450387 8370814782 12007811 0 1364739 0 0 0
1791314291 180, 405, 43, 0x0000000000000000 | 1.68 1.85 1.97 | cpu  242627583 31398140 73450408 8370818053 12007811 0 1364741 0 0 0
1791314292 180, 405, 43, 0x0000000000000000 | 1.68 1.85 1.97 | cpu  242627735 31398140 73450441 8370821275 12007811 0 1364745 0 0 0
1791314293 180, 405, 43, 0x0000000000000000 | 1.68 1.85 1.97 | cpu  242627916 31398140 73450552 8370824394 12007811 0 1364746 0 0 0
1791314294 180, 405, 43, 0x0000000000000000 | 1.71 1.85 1.97 | cpu  242628098 31398140 73450599 8370827577 12007811 0 1364747 0 0 0
1791314295 180, 405, 43, 0x0000000000000000 | 1.71 1.85 1.97 | cpu  242628282 31398140 73450645 8370830761 12007811 0 1364747 0 0 0
1791314296 180, 405, 43, 0x0000000000000000 | 1.71 1.85 1.97 | cpu  242628465 31398140 73450732 8370833904 12007811 0 1364748 0 0 0
1791314297 180, 405, 43, 0x0000000000000000 | 1.71 1.85 1.97 | cpu  242628646 31398140 73450781 8370837083 12007811 0 1364748 0 0 0
1791314298 180, 405, 43, 0x0000000000000000 | 1.71 1.85 1.97 | cpu  242628864 31398140 73450797 8370840257 12007811 0 1364748 0 0 0
1791314299 180, 405, 43, 0x0000000000000000 | 1.73 1.85 1.97 | cpu  242629066 31398140 73450823 8370843445 12007811 0 1364748 0 0 0
1791314300 180, 405, 43, 0x0000000000000000 | 1.73 1.85 1.97 | cpu  242629244 31398140 73450875 8370846634 12007811 0 1364748 0 0 0
1791314301 180, 405, 43, 0x0000000000000000 | 1.73 1.85 1.97 | cpu  242629426 31398140 73450921 8370849817 12007811 0 1364748 0 0 0
1791314302 180, 405, 43, 0x0000000000000000 | 1.73 1.85 1.97 | cpu  242629596 31398140 73450991 8370852988 12007811 0 1364750 0 0 0
1791314303 180, 405, 43, 0x0000000000000000 | 1.75 1.85 1.97 | cpu  242629743 31398140 73451074 8370856174 12007811 0 1364750 0 0 0
1791314305 180, 405, 43, 0x0000000000000000 | 1.75 1.85 1.97 | cpu  242629959 31398140 73451089 8370859359 12007811 0 1364752 0 0 0
1791314306 180, 405, 43, 0x0000000000000000 | 1.75 1.85 1.97 | cpu  242630124 31398140 73451104 8370862594 12007812 0 1364752 0 0 0
1791314307 180, 405, 43, 0x0000000000000000 | 1.75 1.85 1.97 | cpu  242630239 31398140 73451123 8370865890 12007812 0 1364752 0 0 0
1791314308 180, 405, 43, 0x0000000000000000 | 1.75 1.85 1.97 | cpu  242630353 31398140 73451162 8370869151 12007812 0 1364752 0 0 0
1791314309 180, 405, 43, 0x0000000000000000 | 1.85 1.87 1.98 | cpu  242630530 31398140 73451268 8370872281 12007812 0 1364754 0 0 0
1791314310 180, 405, 43, 0x0000000000000000 | 1.85 1.87 1.98 | cpu  242630678 31398140 73451350 8370875464 12007812 0 1364755 0 0 0
1791314311 180, 405, 43, 0x0000000000000000 | 1.85 1.87 1.98 | cpu  242630850 31398140 73451407 8370878647 12007812 0 1364755 0 0 0
1791314312 180, 405, 43, 0x0000000000000000 | 1.85 1.87 1.98 | cpu  242631066 31398140 73451421 8370881827 12007812 0 1364756 0 0 0
1791314313 180, 405, 43, 0x0000000000000000 | 1.85 1.87 1.98 | cpu  242631279 31398140 73451448 8370885000 12007812 0 1364757 0 0 0
1791314314 180, 405, 43, 0x0000000000000000 | 2.03 1.91 1.99 | cpu  242631458 31398140 73451504 8370888178 12007812 0 1364758 0 0 0
1791314315 180, 405, 43, 0x0000000000000000 | 2.03 1.91 1.99 | cpu  242631607 31398140 73451594 8370891351 12007812 0 1364759 0 0 0
1791314316 180, 405, 43, 0x0000000000000000 | 2.03 1.91 1.99 | cpu  242631788 31398140 73451642 8370894539 12007812 0 1364759 0 0 0
1791314317 180, 405, 43, 0x0000000000000000 | 2.03 1.91 1.99 | cpu  242631985 31398140 73451676 8370897721 12007812 0 1364759 0 0 0
1791314318 172, 405, 43, 0x0000000000000000 | 2.10 1.93 2.00 | cpu  242632169 31398140 73451726 8370900898 12007812 0 1364760 0 0 0
1791314319 180, 405, 43, 0x0000000000000000 | 2.10 1.93 2.00 | cpu  242632302 31398140 73451862 8370904027 12007812 0 1364760 0 0 0
1791314321 180, 405, 43, 0x0000000000000000 | 2.10 1.93 2.00 | cpu  242632520 31398140 73451969 8370907117 12007812 0 1364760 0 0 0
1791314322 2872, 13801, 53, 0x0000000000000000 | 2.10 1.93 2.00 | cpu  242632721 31398140 73452000 8370910283 12007812 0 1364761 0 0 0
1791314323 2865, 13801, 53, 0x0000000000000000 | 2.10 1.93 2.00 | cpu  242632898 31398140 73452053 8370913462 12007812 0 1364761 0 0 0
1791314324 2865, 13801, 55, 0x0000000000000000 | 2.10 1.93 2.00 | cpu  242633057 31398140 73452131 8370916621 12007812 0 1364761 0 0 0
1791314325 2865, 13801, 58, 0x0000000000000000 | 2.10 1.93 2.00 | cpu  242633217 31398140 73452225 8370919778 12007812 0 1364761 0 0 0
1791314326 2865, 13801, 57, 0x0000000000000000 | 2.10 1.93 2.00 | cpu  242633432 31398140 73452239 8370922941 12007812 0 1364762 0 0 0
1791314327 2865, 13801, 58, 0x0000000000000000 | 2.10 1.93 2.00 | cpu  242633647 31398140 73452255 8370926114 12007812 0 1364762 0 0 0
1791314328 2865, 13801, 58, 0x0000000000000000 | 2.10 1.93 2.00 | cpu  242633864 31398140 73452273 8370929276 12007812 0 1364762 0 0 0
1791314329 2857, 13801, 57, 0x0000000000000000 | 2.01 1.91 1.99 | cpu  242633989 31398140 73452287 8370932547 12007812 0 1364763 0 0 0
1791314330 2865, 13801, 58, 0x0000000000000000 | 2.01 1.91 1.99 | cpu  242634105 31398140 73452330 8370935785 12007812 0 1364763 0 0 0
1791314331 2865, 13801, 59, 0x0000000000000000 | 2.01 1.91 1.99 | cpu  242634289 31398140 73452375 8370938958 12007812 0 1364763 0 0 0
1791314332 2865, 13801, 61, 0x0000000000000004 | 2.01 1.91 1.99 | cpu  242634431 31398140 73452464 8370942134 12007812 0 1364763 0 0 0
1791314333 2857, 13801, 61, 0x0000000000000000 | 2.01 1.91 1.99 | cpu  242634607 31398140 73452522 8370945299 12007812 0 1364765 0 0 0
1791314334 2865, 13801, 62, 0x0000000000000000 | 2.01 1.91 1.99 | cpu  242634822 31398140 73452536 8370948473 12007812 0 1364766 0 0 0
1791314335 2865, 13801, 60, 0x0000000000000000 | 2.01 1.91 1.99 | cpu  242634938 31398140 73452552 8370951739 12007812 0 1364766 0 0 0
1791314336 2865, 13801, 58, 0x0000000000000000 | 2.01 1.91 1.99 | cpu  242635114 31398140 73452570 8370954958 12007812 0 1364766 0 0 0
1791314338 2857, 13801, 61, 0x0000000000000000 | 2.01 1.91 1.99 | cpu  242635294 31398140 73452618 8370958127 12007812 0 1364766 0 0 0
1791314339 2865, 13801, 60, 0x0000000000000000 | 2.01 1.92 1.99 | cpu  242635485 31398140 73452667 8370961283 12007812 0 1364766 0 0 0
1791314340 2865, 13801, 62, 0x0000000000000000 | 2.01 1.92 1.99 | cpu  242635668 31398140 73452720 8370964454 12007812 0 1364767 0 0 0
1791314341 2865, 13801, 60, 0x0000000000000000 | 2.01 1.92 1.99 | cpu  242635820 31398140 73452800 8370967635 12007812 0 1364767 0 0 0
1791314342 2857, 13801, 61, 0x0000000000000000 | 2.01 1.92 1.99 | cpu  242636049 31398140 73452876 8370970716 12007813 0 1364769 0 0 0
1791314343 2857, 13801, 62, 0x0000000000000000 | 2.01 1.92 1.99 | cpu  242636295 31398140 73452990 8370973748 12007813 0 1364770 0 0 0
1791314344 2865, 13801, 59, 0x0000000000000000 | 2.09 1.93 2.00 | cpu  242636453 31398140 73453102 8370976872 12007813 0 1364770 0 0 0
1791314345 2865, 13801, 62, 0x0000000000000000 | 2.09 1.93 2.00 | cpu  242636681 31398140 73453157 8370979238 12008530 0 1364779 0 0 0
1791314346 2857, 13801, 62, 0x0000000000000000 | 2.09 1.93 2.00 | cpu  242636919 31398140 73453215 8370981833 12009024 0 1364787 0 0 0
1791314347 2865, 13801, 61, 0x0000000000000000 | 2.09 1.93 2.00 | cpu  242637178 31398140 73453295 8370984185 12009676 0 1364802 0 0 0
1791314348 2857, 13801, 63, 0x0000000000000000 | 2.09 1.93 2.00 | cpu  242637362 31398140 73453398 8370986654 12010301 0 1364820 0 0 0
1791314349 2865, 13801, 61, 0x0000000000000000 | 3.44 2.22 2.09 | cpu  242637496 31398140 73453533 8370989226 12010820 0 1364831 0 0 0
1791314350 2850, 13801, 63, 0x0000000000000000 | 3.44 2.22 2.09 | cpu  242637720 31398140 73453564 8370992371 12010820 0 1364832 0 0 0
1791314351 2850, 13801, 64, 0x0000000000000000 | 3.44 2.22 2.09 | cpu  242637935 31398140 73453578 8370995533 12010820 0 1364832 0 0 0
1791314352 2865, 13801, 61, 0x0000000000000000 | 3.44 2.22 2.09 | cpu  242638127 31398140 73453617 8370998718 12010820 0 1364832 0 0 0
1791314354 2857, 13801, 61, 0x0000000000000000 | 3.32 2.21 2.09 | cpu  242638280 31398140 73453696 8371001939 12010820 0 1364833 0 0 0
1791314355 2857, 13801, 61, 0x0000000000000000 | 3.32 2.21 2.09 | cpu  242638432 31398140 73453777 8371005108 12010820 0 1364833 0 0 0
1791314356 2857, 13801, 62, 0x0000000000000000 | 3.32 2.21 2.09 | cpu  242638635 31398140 73453791 8371008305 12010820 0 1364833 0 0 0
1791314357 2857, 13801, 62, 0x0000000000000000 | 3.32 2.21 2.09 | cpu  242638742 31398140 73453805 8371011576 12010820 0 1364833 0 0 0
1791314358 2850, 13801, 63, 0x0000000000000000 | 3.32 2.21 2.09 | cpu  242638899 31398140 73453858 8371014774 12010820 0 1364834 0 0 0
1791314359 2850, 13801, 63, 0x0000000000000000 | 3.22 2.21 2.09 | cpu  242639079 31398140 73453918 8371017932 12010820 0 1364836 0 0 0
1791314360 2850, 13801, 61, 0x0000000000000000 | 3.22 2.21 2.09 | cpu  242639208 31398140 73454020 8371021108 12010820 0 1364836 0 0 0
1791314361 2857, 13801, 63, 0x0000000000000000 | 3.22 2.21 2.09 | cpu  242639415 31398140 73454044 8371024275 12010820 0 1364837 0 0 0
1791314362 2857, 13801, 62, 0x0000000000000000 | 3.22 2.21 2.09 | cpu  242639628 31398140 73454060 8371027444 12010820 0 1364837 0 0 0
1791314363 2850, 13801, 61, 0x0000000000000000 | 3.22 2.21 2.09 | cpu  242639788 31398140 73454129 8371030613 12010820 0 1364837 0 0 0
1791314364 2857, 13801, 62, 0x0000000000000000 | 3.12 2.21 2.09 | cpu  242639915 31398140 73454233 8371033795 12010820 0 1364837 0 0 0
1791314365 2850, 13801, 63, 0x0000000000000000 | 3.12 2.21 2.09 | cpu  242640131 31398140 73454253 8371036968 12010820 0 1364837 0 0 0
1791314366 2850, 13801, 65, 0x0000000000000000 | 3.12 2.21 2.09 | cpu  242640307 31398140 73454312 8371040152 12010820 0 1364837 0 0 0
1791314367 2850, 13801, 63, 0x0000000000000000 | 3.12 2.21 2.09 | cpu  242640467 31398140 73454380 8371043325 12010820 0 1364837 0 0 0
1791314368 2850, 13801, 61, 0x0000000000000000 | 3.11 2.22 2.09 | cpu  242640611 31398140 73454467 8371046501 12010820 0 1364838 0 0 0
1791314369 2842, 13801, 64, 0x0000000000000000 | 3.11 2.22 2.09 | cpu  242640827 31398140 73454483 8371049708 12010820 0 1364838 0 0 0
1791314371 2857, 13801, 63, 0x0000000000000000 | 3.11 2.22 2.09 | cpu  242641048 31398140 73454503 8371052863 12010820 0 1364838 0 0 0
1791314372 2850, 13801, 62, 0x0000000000000000 | 3.11 2.22 2.09 | cpu  242641263 31398140 73454517 8371056038 12010820 0 1364838 0 0 0
1791314373 2850, 13801, 64, 0x0000000000000000 | 3.11 2.22 2.09 | cpu  242641471 31398140 73454531 8371059226 12010820 0 1364839 0 0 0
1791314374 2850, 13801, 62, 0x0000000000000000 | 2.94 2.20 2.09 | cpu  242641579 31398140 73454551 8371062503 12010820 0 1364841 0 0 0
1791314375 2850, 13801, 64, 0x0000000000000000 | 2.94 2.20 2.09 | cpu  242641688 31398140 73454566 8371065777 12010820 0 1364841 0 0 0
1791314376 2850, 13801, 64, 0x0000000000000000 | 2.94 2.20 2.09 | cpu  242641796 31398140 73454580 8371069057 12010820 0 1364841 0 0 0
1791314377 2857, 13801, 61, 0x0000000000000000 | 2.94 2.20 2.09 | cpu  242641903 31398140 73454595 8371072356 12010820 0 1364841 0 0 0
1791314378 2850, 13801, 64, 0x0000000000000000 | 2.94 2.20 2.09 | cpu  242642011 31398140 73454610 8371075634 12010820 0 1364841 0 0 0
1791314379 2850, 13801, 64, 0x0000000000000000 | 2.79 2.18 2.08 | cpu  242642119 31398140 73454624 8371078915 12010820 0 1364841 0 0 0
1791314380 2857, 13801, 61, 0x0000000000000000 | 2.79 2.18 2.08 | cpu  242642226 31398140 73454644 8371082207 12010820 0 1364842 0 0 0
1791314381 2850, 13801, 62, 0x0000000000000000 | 2.79 2.18 2.08 | cpu  242642341 31398140 73454659 8371085471 12010820 0 1364842 0 0 0
1791314382 2850, 13801, 64, 0x0000000000000000 | 2.79 2.18 2.08 | cpu  242642456 31398140 73454679 8371088724 12010820 0 1364843 0 0 0
1791314383 2842, 13801, 62, 0x0000000000000000 | 2.72 2.18 2.08 | cpu  242642571 31398140 73454795 8371091892 12010821 0 1364844 0 0 0
1791314384 2850, 13801, 63, 0x0000000000000000 | 2.72 2.18 2.08 | cpu  242642681 31398140 73454831 8371095157 12010821 0 1364845 0 0 0
1791314385 2850, 13801, 64, 0x0000000000000000 | 2.72 2.18 2.08 | cpu  242642790 31398140 73454845 8371098448 12010821 0 1364846 0 0 0
1791314387 2850, 13801, 62, 0x0000000000000000 | 2.72 2.18 2.08 | cpu  242642896 31398140 73454863 8371101735 12010821 0 1364847 0 0 0
1791314388 2850, 13801, 62, 0x0000000000000000 | 2.72 2.18 2.08 | cpu  242643058 31398140 73454924 8371104927 12010821 0 1364849 0 0 0
1791314389 2850, 13801, 64, 0x0000000000000000 | 2.66 2.17 2.08 | cpu  242643195 31398140 73455021 8371108094 12010821 0 1364849 0 0 0
1791314390 2842, 13801, 65, 0x0000000000000000 | 2.66 2.17 2.08 | cpu  242643384 31398140 73455063 8371111262 12010821 0 1364849 0 0 0
1791314391 2850, 13801, 65, 0x0000000000000000 | 2.66 2.17 2.08 | cpu  242643581 31398140 73455077 8371114447 12010821 0 1364850 0 0 0
1791314392 2850, 13801, 64, 0x0000000000000000 | 2.66 2.17 2.08 | cpu  242643688 31398140 73455091 8371117726 12010821 0 1364850 0 0 0
1791314393 2850, 13801, 63, 0x0000000000000000 | 2.66 2.17 2.08 | cpu  242643798 31398140 73455111 8371120998 12010821 0 1364850 0 0 0
1791314394 2850, 13801, 66, 0x0000000000000000 | 2.61 2.17 2.08 | cpu  242643936 31398140 73455158 8371124215 12010821 0 1364850 0 0 0
1791314395 2850, 13801, 65, 0x0000000000000000 | 2.61 2.17 2.08 | cpu  242644101 31398140 73455224 8371127378 12010821 0 1364851 0 0 0
1791314396 2842, 13801, 62, 0x0000000000000000 | 2.61 2.17 2.08 | cpu  242644240 31398140 73455316 8371130590 12010821 0 1364851 0 0 0
1791314397 2850, 13801, 65, 0x0000000000000000 | 2.61 2.17 2.08 | cpu  242644468 31398140 73455330 8371133750 12010821 0 1364851 0 0 0
1791314398 2850, 13801, 63, 0x0000000000000000 | 2.64 2.18 2.09 | cpu  242644683 31398140 73455345 8371136919 12010821 0 1364851 0 0 0
1791314399 2850, 13801, 64, 0x0000000000000000 | 2.64 2.18 2.09 | cpu  242644853 31398140 73455403 8371140089 12010821 0 1364853 0 0 0
1791314400 2850, 13801, 67, 0x0000000000000000 | 2.64 2.18 2.09 | cpu  242645002 31398140 73455485 8371143272 12010821 0 1364853 0 0 0
1791314401 2850, 13801, 63, 0x0000000000000000 | 2.64 2.18 2.09 | cpu  242645182 31398140 73455572 8371146398 12010821 0 1364853 0 0 0
1791314402 2850, 13801, 65, 0x0000000000000000 | 2.64 2.18 2.09 | cpu  242645426 31398140 73455624 8371149501 12010821 0 1364854 0 0 0
1791314404 2850, 13801, 65, 0x0000000000000000 | 2.59 2.18 2.08 | cpu  242645594 31398140 73455684 8371152679 12010821 0 1364854 0 0 0
1791314405 2850, 13801, 66, 0x0000000000000000 | 2.59 2.18 2.08 | cpu  242645749 31398140 73455768 8371155852 12010821 0 1364854 0 0 0
1791314406 2850, 13801, 65, 0x0000000000000000 | 2.59 2.18 2.08 | cpu  242645910 31398140 73455836 8371159029 12010821 0 1364854 0 0 0
1791314407 2850, 13801, 64, 0x0000000000000000 | 2.59 2.18 2.08 | cpu  242646125 31398140 73455853 8371162217 12010821 0 1364854 0 0 0
1791314408 2850, 13801, 64, 0x0000000000000000 | 2.59 2.18 2.08 | cpu  242646252 31398140 73455869 8371165480 12010821 0 1364856 0 0 0
1791314409 2850, 13801, 65, 0x0000000000000000 | 2.46 2.16 2.08 | cpu  242646361 31398140 73455884 8371168765 12010821 0 1364857 0 0 0
1791314410 2850, 13801, 65, 0x0000000000000000 | 2.46 2.16 2.08 | cpu  242646539 31398140 73455939 8371171943 12010821 0 1364857 0 0 0
1791314411 2850, 13801, 65, 0x0000000000000000 | 2.46 2.16 2.08 | cpu  242646722 31398140 73455985 8371175130 12010821 0 1364857 0 0 0
1791314412 2850, 13801, 64, 0x0000000000000000 | 2.46 2.16 2.08 | cpu  242646880 31398140 73456060 8371178298 12010821 0 1364857 0 0 0
1791314413 2850, 13801, 61, 0x0000000000000000 | 2.46 2.16 2.08 | cpu  242647028 31398140 73456142 8371181471 12010821 0 1364858 0 0 0
1791314414 2850, 13801, 65, 0x0000000000000000 | 2.43 2.16 2.08 | cpu  242647242 31398140 73456158 8371184645 12010821 0 1364858 0 0 0
1791314415 2850, 13801, 64, 0x0000000000000000 | 2.43 2.16 2.08 | cpu  242647375 31398140 73456172 8371187905 12010821 0 1364858 0 0 0
1791314416 2850, 13801, 67, 0x0000000000000000 | 2.43 2.16 2.08 | cpu  242647486 31398140 73456193 8371191212 12010821 0 1364858 0 0 0
1791314417 2850, 13801, 65, 0x0000000000000000 | 2.43 2.16 2.08 | cpu  242647597 31398140 73456209 8371194482 12010821 0 1364861 0 0 0
1791314418 2850, 13801, 65, 0x0000000000000000 | 2.39 2.15 2.08 | cpu  242647743 31398140 73456263 8371197698 12010821 0 1364862 0 0 0
1791314420 2842, 13801, 64, 0x0000000000000000 | 2.39 2.15 2.08 | cpu  242647909 31398140 73456341 8371200833 12010821 0 1364862 0 0 0
1791314421 2850, 13801, 63, 0x0000000000000000 | 2.39 2.15 2.08 | cpu  242648054 31398140 73456493 8371203923 12010821 0 1364862 0 0 0
1791314422 2850, 13801, 62, 0x0000000000000000 | 2.39 2.15 2.08 | cpu  242648257 31398140 73456508 8371207114 12010821 0 1364862 0 0 0
1791314423 2850, 13801, 63, 0x0000000000000000 | 2.39 2.15 2.08 | cpu  242648398 31398140 73456554 8371210325 12010821 0 1364862 0 0 0
1791314424 2850, 13801, 63, 0x0000000000000000 | 2.36 2.15 2.08 | cpu  242648592 31398140 73456621 8371213455 12010822 0 1364862 0 0 0
1791314425 2850, 13801, 65, 0x0000000000000000 | 2.36 2.15 2.08 | cpu  242648751 31398140 73456710 8371216600 12010822 0 1364862 0 0 0
1791314426 2850, 13801, 64, 0x0000000000000000 | 2.36 2.15 2.08 | cpu  242648965 31398140 73456723 8371219770 12010822 0 1364862 0 0 0
1791314427 2850, 13801, 63, 0x0000000000000000 | 2.36 2.15 2.08 | cpu  242649169 31398140 73456762 8371222934 12010822 0 1364863 0 0 0
1791314428 2850, 13801, 61, 0x0000000000000000 | 2.36 2.15 2.08 | cpu  242649347 31398140 73456812 8371226098 12010822 0 1364863 0 0 0
1791314429 2850, 13801, 64, 0x0000000000000000 | 2.33 2.15 2.08 | cpu  242649530 31398140 73456858 8371229277 12010822 0 1364863 0 0 0
1791314430 2850, 13801, 66, 0x0000000000000000 | 2.33 2.15 2.08 | cpu  242649680 31398140 73456939 8371232464 12010822 0 1364863 0 0 0
1791314431 2850, 13801, 66, 0x0000000000000000 | 2.33 2.15 2.08 | cpu  242649847 31398140 73457001 8371235640 12010822 0 1364864 0 0 0
1791314432 2850, 13801, 65, 0x0000000000000000 | 2.33 2.15 2.08 | cpu  242650063 31398140 73457016 8371238817 12010822 0 1364864 0 0 0
1791314433 2850, 13801, 65, 0x0000000000000000 | 2.22 2.13 2.07 | cpu  242650234 31398140 73457034 8371242062 12010822 0 1364864 0 0 0
1791314434 2850, 13801, 66, 0x0000000000000000 | 2.22 2.13 2.07 | cpu  242650346 31398140 73457051 8371245344 12010822 0 1364864 0 0 0
1791314436 2850, 13801, 67, 0x0000000000000000 | 2.22 2.13 2.07 | cpu  242650458 31398140 73457085 8371248593 12010822 0 1364868 0 0 0
1791314437 2850, 13801, 66, 0x0000000000000000 | 2.22 2.13 2.07 | cpu  242650572 31398140 73457151 8371251819 12010822 0 1364868 0 0 0
1791314438 2850, 13801, 64, 0x0000000000000000 | 2.22 2.13 2.07 | cpu  242650681 31398140 73457164 8371255101 12010822 0 1364868 0 0 0
1791314439 2850, 13801, 63, 0x0000000000000000 | 2.13 2.11 2.07 | cpu  242650793 31398140 73457181 8371258371 12010822 0 1364868 0 0 0
1791314440 2850, 13801, 65, 0x0000000000000000 | 2.13 2.11 2.07 | cpu  242650901 31398140 73457198 8371261649 12010822 0 1364868 0 0 0
1791314441 2850, 13801, 67, 0x0000000000000000 | 2.13 2.11 2.07 | cpu  242651010 31398140 73457214 8371264943 12010822 0 1364868 0 0 0
1791314442 2850, 13801, 63, 0x0000000000000000 | 2.13 2.11 2.07 | cpu  242651122 31398140 73457227 8371268228 12010822 0 1364868 0 0 0
1791314443 2850, 13801, 65, 0x0000000000000000 | 2.13 2.11 2.07 | cpu  242651231 31398140 73457245 8371271493 12010822 0 1364868 0 0 0
1791314444 2850, 13801, 64, 0x0000000000000000 | 2.04 2.09 2.06 | cpu  242651341 31398140 73457260 8371274764 12010822 0 1364868 0 0 0
1791314445 2850, 13801, 64, 0x0000000000000000 | 2.04 2.09 2.06 | cpu  242651453 31398140 73457279 8371278041 12010822 0 1364869 0 0 0
1791314446 2850, 13801, 63, 0x0000000000000000 | 2.04 2.09 2.06 | cpu  242651565 31398140 73457343 8371281268 12010822 0 1364870 0 0 0
1791314447 2850, 13801, 65, 0x0000000000000000 | 2.04 2.09 2.06 | cpu  242651679 31398140 73457419 8371284473 12010822 0 1364870 0 0 0
1791314448 2850, 13801, 65, 0x0000000000000000 | 2.03 2.09 2.06 | cpu  242651790 31398140 73457437 8371287748 12010822 0 1364873 0 0 0
1791314449 2857, 13801, 66, 0x0000000000000000 | 2.03 2.09 2.06 | cpu  242651899 31398140 73457451 8371291046 12010822 0 1364874 0 0 0
1791314450 2850, 13801, 62, 0x0000000000000000 | 2.03 2.09 2.06 | cpu  242652011 31398140 73457472 8371294327 12010822 0 1364875 0 0 0
1791314451 2850, 13801, 64, 0x0000000000000000 | 2.03 2.09 2.06 | cpu  242652127 31398140 73457504 8371297584 12010822 0 1364875 0 0 0
1791314453 2850, 13801, 66, 0x0000000000000000 | 2.03 2.09 2.06 | cpu  242652308 31398140 73457554 8371300761 12010822 0 1364878 0 0 0
1791314454 2850, 13801, 64, 0x0000000000000000 | 2.03 2.09 2.06 | cpu  242652439 31398140 73457650 8371303930 12010822 0 1364879 0 0 0
1791314455 2850, 13801, 64, 0x0000000000000000 | 2.03 2.09 2.06 | cpu  242652636 31398140 73457686 8371307104 12010822 0 1364879 0 0 0
1791314456 2850, 13801, 64, 0x0000000000000000 | 2.03 2.09 2.06 | cpu  242652844 31398140 73457701 8371310282 12010822 0 1364879 0 0 0
1791314457 2850, 13801, 61, 0x0000000000000000 | 2.03 2.09 2.06 | cpu  242653012 31398140 73457763 8371313470 12010822 0 1364880 0 0 0
1791314458 2850, 13801, 63, 0x0000000000000000 | 2.03 2.09 2.06 | cpu  242653185 31398140 73457824 8371316637 12010822 0 1364881 0 0 0
1791314459 2850, 13801, 64, 0x0000000000000000 | 2.03 2.09 2.06 | cpu  242653315 31398140 73457924 8371319806 12010822 0 1364881 0 0 0
1791314460 2850, 13801, 63, 0x0000000000000000 | 2.03 2.09 2.06 | cpu  242653531 31398140 73457940 8371322984 12010822 0 1364883 0 0 0
1791314461 2850, 13801, 64, 0x0000000000000000 | 2.03 2.09 2.06 | cpu  242653751 31398140 73457966 8371326133 12010822 0 1364884 0 0 0
1791314462 2850, 13801, 63, 0x0000000000000000 | 2.03 2.09 2.06 | cpu  242653867 31398140 73457981 8371329407 12010822 0 1364884 0 0 0
1791314463 2850, 13801, 62, 0x0000000000000000 | 2.03 2.09 2.06 | cpu  242653974 31398140 73457998 8371332681 12010823 0 1364884 0 0 0
1791314464 2850, 13801, 63, 0x0000000000000000 | 1.94 2.07 2.05 | cpu  242654085 31398140 73458014 8371335954 12010823 0 1364884 0 0 0
1791314465 2850, 13801, 64, 0x0000000000000000 | 1.94 2.07 2.05 | cpu  242654194 31398140 73458028 8371339245 12010823 0 1364884 0 0 0
1791314466 2842, 13801, 64, 0x0000000000000000 | 1.94 2.07 2.05 | cpu  242654301 31398140 73458044 8371342512 12010823 0 1364884 0 0 0
1791314467 2850, 13801, 67, 0x0000000000000000 | 1.94 2.07 2.05 | cpu  242654410 31398140 73458060 8371345792 12010823 0 1364884 0 0 0
1791314469 2850, 13801, 63, 0x0000000000000000 | 1.87 2.05 2.05 | cpu  242654518 31398140 73458073 8371349080 12010823 0 1364884 0 0 0
1791314470 2850, 13801, 65, 0x0000000000000000 | 1.87 2.05 2.05 | cpu  242654627 31398140 73458087 8371352361 12010823 0 1364885 0 0 0
1791314471 2850, 13801, 66, 0x0000000000000000 | 1.87 2.05 2.05 | cpu  242654735 31398140 73458103 8371355643 12010823 0 1364885 0 0 0
1791314472 2850, 13801, 64, 0x0000000000000000 | 1.87 2.05 2.05 | cpu  242654850 31398140 73458119 8371358920 12010824 0 1364885 0 0 0
1791314473 2850, 13801, 65, 0x0000000000000000 | 1.87 2.05 2.05 | cpu  242654961 31398140 73458137 8371362200 12010824 0 1364887 0 0 0
1791314474 2850, 13801, 66, 0x0000000000000000 | 1.88 2.05 2.05 | cpu  242655105 31398140 73458187 8371365413 12010824 0 1364887 0 0 0
1791314475 2850, 13801, 65, 0x0000000000000000 | 1.88 2.05 2.05 | cpu  242655262 31398140 73458261 8371368582 12010824 0 1364887 0 0 0
1791314476 2850, 13801, 67, 0x0000000000000000 | 1.88 2.05 2.05 | cpu  242655412 31398140 73458342 8371371757 12010824 0 1364887 0 0 0
1791314477 2850, 13801, 65, 0x0000000000000000 | 1.88 2.05 2.05 | cpu  242655627 31398140 73458354 8371374934 12010824 0 1364887 0 0 0
1791314478 2850, 13801, 64, 0x0000000000000000 | 1.88 2.05 2.05 | cpu  242655754 31398140 73458369 8371378193 12010824 0 1364887 0 0 0
1791314479 2850, 13801, 66, 0x0000000000000000 | 1.81 2.03 2.04 | cpu  242655865 31398140 73458390 8371381462 12010824 0 1364887 0 0 0
1791314480 2850, 13801, 65, 0x0000000000000000 | 1.81 2.03 2.04 | cpu  242655978 31398140 73458419 8371384722 12010824 0 1364887 0 0 0
1791314481 2850, 13801, 65, 0x0000000000000000 | 1.81 2.03 2.04 | cpu  242656086 31398140 73458431 8371388002 12010824 0 1364887 0 0 0
1791314482 2850, 13801, 63, 0x0000000000000000 | 1.81 2.03 2.04 | cpu  242656198 31398140 73458450 8371391280 12010824 0 1364888 0 0 0
1791314483 2850, 13801, 63, 0x0000000000000000 | 1.82 2.03 2.04 | cpu  242656334 31398140 73458506 8371394485 12010824 0 1364890 0 0 0
1791314484 2850, 13801, 63, 0x0000000000000000 | 1.82 2.03 2.04 | cpu  242656466 31398140 73458609 8371397653 12010824 0 1364891 0 0 0
1791314486 2850, 13801, 68, 0x0000000000000000 | 1.82 2.03 2.04 | cpu  242656660 31398140 73458647 8371400828 12010824 0 1364891 0 0 0
1791314487 2850, 13801, 66, 0x0000000000000000 | 1.82 2.03 2.04 | cpu  242656873 31398140 73458663 8371403998 12010824 0 1364891 0 0 0
1791314488 2850, 13801, 65, 0x0000000000000000 | 1.82 2.03 2.04 | cpu  242657088 31398140 73458677 8371407178 12010824 0 1364893 0 0 0
1791314489 2850, 13801, 65, 0x0000000000000000 | 1.92 2.05 2.04 | cpu  242657261 31398140 73458692 8371410398 12010824 0 1364893 0 0 0
1791314490 2850, 13801, 66, 0x0000000000000000 | 1.92 2.05 2.04 | cpu  242657368 31398140 73458709 8371413675 12010824 0 1364893 0 0 0
1791314491 2850, 13801, 65, 0x0000000000000000 | 1.92 2.05 2.04 | cpu  242657477 31398140 73458723 8371416969 12010824 0 1364893 0 0 0
1791314492 2842, 13801, 64, 0x0000000000000000 | 1.92 2.05 2.04 | cpu  242657583 31398140 73458739 8371420253 12010824 0 1364893 0 0 0
1791314493 2850, 13801, 66, 0x0000000000000000 | 1.92 2.05 2.04 | cpu  242657691 31398140 73458753 8371423525 12010824 0 1364894 0 0 0
1791314494 2850, 13801, 66, 0x0000000000000000 | 1.84 2.03 2.04 | cpu  242657798 31398140 73458768 8371426812 12010824 0 1364894 0 0 0
1791314495 2842, 13801, 63, 0x0000000000000000 | 1.84 2.03 2.04 | cpu  242657907 31398140 73458787 8371430091 12010824 0 1364894 0 0 0
1791314496 2850, 13801, 67, 0x0000000000000000 | 1.84 2.03 2.04 | cpu  242658061 31398140 73458826 8371433307 12010824 0 1364895 0 0 0
1791314497 2850, 13801, 65, 0x0000000000000000 | 1.84 2.03 2.04 | cpu  242658244 31398140 73458874 8371436487 12010824 0 1364895 0 0 0
1791314498 2842, 13801, 66, 0x0000000000000000 | 1.86 2.03 2.04 | cpu  242658407 31398140 73458941 8371439654 12010824 0 1364896 0 0 0
1791314499 2850, 13801, 64, 0x0000000000000000 | 1.86 2.03 2.04 | cpu  242658550 31398140 73459028 8371442822 12010824 0 1364896 0 0 0
1791314500 2850, 13801, 67, 0x0000000000000000 | 1.86 2.03 2.04 | cpu  242658767 31398140 73459042 8371446006 12010824 0 1364896 0 0 0
1791314502 2850, 13801, 66, 0x0000000000000000 | 1.86 2.03 2.04 | cpu  242658918 31398140 73459057 8371449238 12010824 0 1364896 0 0 0
1791314503 2850, 13801, 66, 0x0000000000000000 | 1.86 2.03 2.04 | cpu  242659031 31398140 73459074 8371452513 12010824 0 1364896 0 0 0
1791314504 2850, 13801, 66, 0x0000000000000000 | 1.95 2.05 2.04 | cpu  242659161 31398140 73459113 8371455747 12010824 0 1364897 0 0 0
1791314505 2842, 13801, 63, 0x0000000000000000 | 1.95 2.05 2.04 | cpu  242659348 31398140 73459161 8371458900 12010824 0 1364900 0 0 0
1791314506 2850, 13801, 66, 0x0000000000000000 | 1.95 2.05 2.04 | cpu  242659515 31398140 73459224 8371462075 12010824 0 1364901 0 0 0
1791314507 2850, 13801, 66, 0x0000000000000000 | 1.95 2.05 2.04 | cpu  242659658 31398140 73459319 8371465245 12010824 0 1364901 0 0 0
1791314508 2842, 13801, 66, 0x0000000000000000 | 1.95 2.05 2.04 | cpu  242659879 31398140 73459338 8371468399 12010824 0 1364901 0 0 0
1791314509 2850, 13801, 67, 0x0000000000000000 | 1.95 2.04 2.04 | cpu  242660087 31398140 73459382 8371471542 12010824 0 1364901 0 0 0
1791314510 2850, 13801, 65, 0x0000000000000000 | 1.95 2.04 2.04 | cpu  242660237 31398140 73459569 8371474609 12010824 0 1364901 0 0 0
1791314511 2850, 13801, 67, 0x0000000000000000 | 1.95 2.04 2.04 | cpu  242660408 31398140 73459639 8371477749 12010824 0 1364902 0 0 0
1791314512 2850, 13801, 66, 0x0000000000000000 | 1.95 2.04 2.04 | cpu  242660622 31398140 73459654 8371480915 12010825 0 1364902 0 0 0
1791314513 2850, 13801, 67, 0x0000000000000000 | 1.95 2.04 2.04 | cpu  242660794 31398140 73459711 8371484083 12010825 0 1364902 0 0 0
1791314514 2850, 13801, 64, 0x0000000000000000 | 1.96 2.04 2.04 | cpu  242660943 31398140 73459795 8371487267 12010825 0 1364902 0 0 0
1791314515 2850, 13801, 67, 0x0000000000000000 | 1.96 2.04 2.04 | cpu  242661120 31398140 73459855 8371490431 12010825 0 1364903 0 0 0
1791314516 2850, 13801, 65, 0x0000000000000000 | 1.96 2.04 2.04 | cpu  242661335 31398140 73459872 8371493606 12010825 0 1364903 0 0 0
1791314517 2850, 13801, 63, 0x0000000000000000 | 1.96 2.04 2.04 | cpu  242661551 31398140 73459891 8371496799 12010825 0 1364904 0 0 0
1791314519 2850, 13801, 66, 0x0000000000000000 | 1.96 2.04 2.04 | cpu  242661722 31398140 73459953 8371499968 12010825 0 1364904 0 0 0
1791314520 2850, 13801, 65, 0x0000000000000000 | 1.96 2.04 2.04 | cpu  242661853 31398140 73460053 8371503135 12010825 0 1364905 0 0 0
1791314521 2850, 13801, 64, 0x0000000000000000 | 1.96 2.04 2.04 | cpu  242662092 31398140 73460117 8371506225 12010825 0 1364906 0 0 0
1791314522 2850, 13801, 66, 0x0000000000000000 | 1.96 2.04 2.04 | cpu  242662307 31398140 73460133 8371509400 12010825 0 1364906 0 0 0
1791314523 2850, 13801, 65, 0x0000000000000000 | 1.96 2.04 2.04 | cpu  242662448 31398140 73460146 8371512659 12010825 0 1364906 0 0 0
1791314524 2842, 13801, 63, 0x0000000000000000 | 1.88 2.02 2.04 | cpu  242662554 31398140 73460162 8371515938 12010825 0 1364906 0 0 0
1791314525 2850, 13801, 63, 0x0000000000000000 | 1.88 2.02 2.04 | cpu  242662669 31398140 73460184 8371519208 12010825 0 1364907 0 0 0
1791314526 2850, 13801, 65, 0x0000000000000000 | 1.88 2.02 2.04 | cpu  242662839 31398140 73460243 8371522385 12010825 0 1364907 0 0 0
1791314527 2850, 13801, 66, 0x0000000000000000 | 1.88 2.02 2.04 | cpu  242662971 31398140 73460339 8371525554 12010825 0 1364907 0 0 0
1791314528 2850, 13801, 65, 0x0000000000000000 | 1.88 2.02 2.04 | cpu  242663167 31398140 73460372 8371528723 12010825 0 1364907 0 0 0
1791314529 2850, 13801, 63, 0x0000000000000000 | 1.97 2.04 2.04 | cpu  242663380 31398140 73460386 8371531893 12010825 0 1364907 0 0 0
1791314530 2850, 13801, 64, 0x0000000000000000 | 1.97 2.04 2.04 | cpu  242663491 31398140 73460405 8371535159 12010825 0 1364907 0 0 0
1791314531 2850, 13801, 66, 0x0000000000000000 | 1.97 2.04 2.04 | cpu  242663599 31398140 73460420 8371538442 12010825 0 1364908 0 0 0
1791314532 2850, 13801, 66, 0x0000000000000000 | 1.97 2.04 2.04 | cpu  242663707 31398140 73460435 8371541724 12010825 0 1364908 0 0 0
1791314533 2842, 13801, 66, 0x0000000000000000 | 1.90 2.02 2.04 | cpu  242663820 31398140 73460451 8371545003 12010825 0 1364910 0 0 0
1791314534 2850, 13801, 65, 0x0000000000000000 | 1.90 2.02 2.04 | cpu  242663927 31398140 73460465 8371548279 12010825 0 1364910 0 0 0
1791314536 2850, 13801, 66, 0x0000000000000000 | 1.90 2.02 2.04 | cpu  242664036 31398140 73460481 8371551562 12010825 0 1364910 0 0 0
1791314537 2850, 13801, 65, 0x0000000000000000 | 1.90 2.02 2.04 | cpu  242664144 31398140 73460497 8371554847 12010825 0 1364910 0 0 0
1791314538 2850, 13801, 68, 0x0000000000000000 | 1.90 2.02 2.04 | cpu  242664252 31398140 73460509 8371558123 12010825 0 1364910 0 0 0
1791314539 2850, 13801, 66, 0x0000000000000000 | 1.90 2.02 2.04 | cpu  242664439 31398140 73460525 8371561318 12010825 0 1364911 0 0 0
1791314540 2850, 13801, 63, 0x0000000000000000 | 1.90 2.02 2.04 | cpu  242664606 31398140 73460588 8371564493 12010825 0 1364912 0 0 0
1791314541 2850, 13801, 63, 0x0000000000000000 | 1.90 2.02 2.04 | cpu  242664800 31398140 73460636 8371567655 12010825 0 1364913 0 0 0
1791314542 2850, 13801, 66, 0x0000000000000000 | 1.90 2.02 2.04 | cpu  242664981 31398140 73460683 8371570839 12010825 0 1364914 0 0 0
1791314543 2850, 13801, 65, 0x0000000000000000 | 1.90 2.02 2.04 | cpu  242665121 31398140 73460774 8371574016 12010825 0 1364914 0 0 0
1791314544 2850, 13801, 68, 0x0000000000000000 | 1.91 2.02 2.04 | cpu  242665252 31398140 73460873 8371577192 12010825 0 1364914 0 0 0
1791314545 2850, 13801, 66, 0x0000000000000000 | 1.91 2.02 2.04 | cpu  242665469 31398140 73460889 8371580378 12010825 0 1364914 0 0 0
1791314546 2850, 13801, 64, 0x0000000000000000 | 1.91 2.02 2.04 | cpu  242665616 31398140 73460905 8371583623 12010825 0 1364915 0 0 0
1791314547 2850, 13801, 67, 0x0000000000000000 | 1.91 2.02 2.04 | cpu  242665724 31398140 73460920 8371586903 12010825 0 1364916 0 0 0
1791314548 2850, 13801, 66, 0x0000000000000000 | 1.92 2.02 2.03 | cpu  242665867 31398140 73460980 8371590117 12010825 0 1364919 0 0 0
1791314549 2850, 13801, 68, 0x0000000000000000 | 1.92 2.02 2.03 | cpu  242666018 31398140 73461065 8371593288 12010825 0 1364919 0 0 0
1791314550 2850, 13801, 66, 0x0000000000000000 | 1.92 2.02 2.03 | cpu  242666184 31398140 73461131 8371596456 12010825 0 1364919 0 0 0
1791314552 2850, 13801, 64, 0x0000000000000000 | 1.92 2.02 2.03 | cpu  242666399 31398140 73461147 8371599633 12010825 0 1364920 0 0 0
1791314553 2850, 13801, 67, 0x0000000000000000 | 1.92 2.02 2.03 | cpu  242666604 31398140 73461164 8371602813 12010825 0 1364921 0 0 0
1791314554 2850, 13801, 66, 0x0000000000000000 | 1.85 2.01 2.03 | cpu  242666713 31398140 73461177 8371606103 12010825 0 1364922 0 0 0
1791314555 2850, 13801, 63, 0x0000000000000000 | 1.85 2.01 2.03 | cpu  242666822 31398140 73461192 8371609380 12010825 0 1364925 0 0 0
1791314556 2850, 13801, 66, 0x0000000000000000 | 1.85 2.01 2.03 | cpu  242666932 31398140 73461207 8371612652 12010825 0 1364926 0 0 0
1791314557 2850, 13801, 68, 0x0000000000000000 | 1.85 2.01 2.03 | cpu  242667102 31398140 73461282 8371615836 12010825 0 1364926 0 0 0
1791314558 2850, 13801, 66, 0x0000000000000000 | 1.85 2.01 2.03 | cpu  242667248 31398140 73461369 8371619007 12010825 0 1364927 0 0 0
1791314559 2850, 13801, 65, 0x0000000000000000 | 1.86 2.00 2.03 | cpu  242667421 31398140 73461426 8371622179 12010825 0 1364927 0 0 0
1791314560 2850, 13801, 66, 0x0000000000000000 | 1.86 2.00 2.03 | cpu  242667638 31398140 73461446 8371625372 12010825 0 1364928 0 0 0
1791314561 2850, 13801, 64, 0x0000000000000000 | 1.86 2.00 2.03 | cpu  242667746 31398140 73461458 8371628654 12010825 0 1364928 0 0 0
1791314562 2850, 13801, 67, 0x0000000000000000 | 1.86 2.00 2.03 | cpu  242667855 31398140 73461478 8371631927 12010825 0 1364929 0 0 0
1791314563 2850, 13801, 65, 0x0000000000000000 | 1.87 2.00 2.03 | cpu  242667971 31398140 73461498 8371635184 12010826 0 1364931 0 0 0
1791314564 2850, 13801, 65, 0x0000000000000000 | 1.87 2.00 2.03 | cpu  242668137 31398140 73461564 8371638375 12010826 0 1364935 0 0 0
1791314565 2850, 13801, 67, 0x0000000000000000 | 1.87 2.00 2.03 | cpu  242668269 31398140 73461661 8371641560 12010826 0 1364935 0 0 0
1791314566 2850, 13801, 66, 0x0000000000000000 | 1.87 2.00 2.03 | cpu  242668456 31398140 73461703 8371644728 12010826 0 1364935 0 0 0
1791314568 2850, 13801, 65, 0x0000000000000000 | 1.87 2.00 2.03 | cpu  242668672 31398140 73461717 8371647897 12010826 0 1364935 0 0 0
1791314569 2850, 13801, 67, 0x0000000000000000 | 1.88 2.00 2.03 | cpu  242668841 31398140 73461737 8371651103 12010826 0 1364935 0 0 0
1791314570 2850, 13801, 68, 0x0000000000000000 | 1.88 2.00 2.03 | cpu  242668950 31398140 73461750 8371654384 12010826 0 1364935 0 0 0
1791314571 2850, 13801, 67, 0x0000000000000000 | 1.88 2.00 2.03 | cpu  242669061 31398140 73461767 8371657657 12010826 0 1364935 0 0 0
1791314572 2850, 13801, 67, 0x0000000000000000 | 1.88 2.00 2.03 | cpu  242669171 31398140 73461786 8371660934 12010826 0 1364935 0 0 0
1791314573 2850, 13801, 67, 0x0000000000000000 | 1.88 2.00 2.03 | cpu  242669285 31398140 73461875 8371664137 12010826 0 1364936 0 0 0
1791314574 2850, 13801, 66, 0x0000000000000000 | 1.81 1.99 2.02 | cpu  242669396 31398140 73461927 8371667382 12010826 0 1364936 0 0 0
1791314575 2850, 13801, 67, 0x0000000000000000 | 1.81 1.99 2.02 | cpu  242669507 31398140 73461949 8371670653 12010826 0 1364940 0 0 0
1791314576 2850, 13801, 68, 0x0000000000000000 | 1.81 1.99 2.02 | cpu  242669617 31398140 73461964 8371673959 12010826 0 1364940 0 0 0
1791314577 2850, 13801, 66, 0x0000000000000000 | 1.81 1.99 2.02 | cpu  242669725 31398140 73461977 8371677249 12010826 0 1364941 0 0 0
1791314578 2850, 13801, 67, 0x0000000000000000 | 1.81 1.99 2.02 | cpu  242669833 31398140 73461996 8371680530 12010826 0 1364941 0 0 0
1791314579 2850, 13801, 65, 0x0000000000000000 | 1.75 1.97 2.02 | cpu  242669941 31398140 73462010 8371683814 12010826 0 1364944 0 0 0
1791314580 2850, 13801, 65, 0x0000000000000000 | 1.75 1.97 2.02 | cpu  242670050 31398140 73462026 8371687093 12010826 0 1364944 0 0 0
1791314581 2850, 13801, 65, 0x0000000000000000 | 1.75 1.97 2.02 | cpu  242670157 31398140 73462043 8371690369 12010826 0 1364944 0 0 0
1791314582 2850, 13801, 66, 0x0000000000000000 | 1.75 1.97 2.02 | cpu  242670266 31398140 73462057 8371693650 12010826 0 1364944 0 0 0
1791314584 2842, 13801, 66, 0x0000000000000000 | 1.68 1.95 2.01 | cpu  242670376 31398140 73462074 8371696995 12010826 0 1364944 0 0 0
1791314585 2850, 13801, 66, 0x0000000000000000 | 1.68 1.95 2.01 | cpu  242670489 31398140 73462090 8371700275 12010826 0 1364944 0 0 0
1791314586 2850, 13801, 65, 0x0000000000000000 | 1.68 1.95 2.01 | cpu  242670598 31398140 73462105 8371703559 12010826 0 1364944 0 0 0
1791314587 2842, 13801, 66, 0x0000000000000000 | 1.68 1.95 2.01 | cpu  242670709 31398140 73462123 8371706846 12010826 0 1364944 0 0 0
1791314588 2850, 13801, 66, 0x0000000000000000 | 1.68 1.95 2.01 | cpu  242670817 31398140 73462140 8371710136 12010826 0 1364945 0 0 0
1791314589 2850, 13801, 67, 0x0000000000000000 | 1.63 1.94 2.00 | cpu  242670926 31398140 73462152 8371713423 12010826 0 1364947 0 0 0
1791314590 2842, 13801, 67, 0x0000000000000000 | 1.63 1.94 2.00 | cpu  242671040 31398140 73462169 8371716697 12010826 0 1364947 0 0 0
1791314591 2850, 13801, 67, 0x0000000000000000 | 1.63 1.94 2.00 | cpu  242671149 31398140 73462185 8371719991 12010826 0 1364948 0 0 0
1791314592 2850, 13801, 65, 0x0000000000000000 | 1.63 1.94 2.00 | cpu  242671257 31398140 73462200 8371723277 12010826 0 1364949 0 0 0
1791314593 2850, 13801, 66, 0x0000000000000000 | 1.63 1.94 2.00 | cpu  242671369 31398140 73462217 8371726561 12010826 0 1364950 0 0 0
1791314594 2850, 13801, 67, 0x0000000000000000 | 1.58 1.92 2.00 | cpu  242671481 31398140 73462235 8371729845 12010826 0 1364951 0 0 0
1791314595 2850, 13801, 65, 0x0000000000000000 | 1.58 1.92 2.00 | cpu  242671591 31398140 73462256 8371733134 12010826 0 1364952 0 0 0
1791314596 2850, 13801, 67, 0x0000000000000000 | 1.58 1.92 2.00 | cpu  242671708 31398140 73462335 8371736347 12010826 0 1364953 0 0 0
1791314597 2850, 13801, 67, 0x0000000000000000 | 1.58 1.92 2.00 | cpu  242671821 31398140 73462351 8371739617 12010827 0 1364955 0 0 0
1791314598 2850, 13801, 66, 0x0000000000000000 | 1.53 1.91 1.99 | cpu  242671929 31398140 73462365 8371742897 12010827 0 1364955 0 0 0
1791314600 2850, 13801, 69, 0x0000000000000000 | 1.53 1.91 1.99 | cpu  242672039 31398140 73462386 8371746168 12010827 0 1364955 0 0 0
1791314601 2850, 13801, 67, 0x0000000000000000 | 1.53 1.91 1.99 | cpu  242672147 31398140 73462399 8371749455 12010827 0 1364955 0 0 0
1791314602 2850, 13801, 68, 0x0000000000000000 | 1.53 1.91 1.99 | cpu  242672256 31398140 73462414 8371752741 12010827 0 1364956 0 0 0
1791314603 2850, 13801, 68, 0x0000000000000000 | 1.53 1.91 1.99 | cpu  242672364 31398140 73462430 8371756026 12010827 0 1364957 0 0 0
1791314604 2850, 13801, 67, 0x0000000000000000 | 1.49 1.89 1.99 | cpu  242672476 31398140 73462445 8371759326 12010827 0 1364957 0 0 0
1791314605 2850, 13801, 66, 0x0000000000000000 | 1.49 1.89 1.99 | cpu  242672583 31398140 73462463 8371762632 12010827 0 1364957 0 0 0
1791314606 2850, 13801, 67, 0x0000000000000000 | 1.49 1.89 1.99 | cpu  242672691 31398140 73462478 8371765917 12010827 0 1364957 0 0 0
1791314607 2850, 13801, 66, 0x0000000000000000 | 1.49 1.89 1.99 | cpu  242672800 31398140 73462493 8371769202 12010827 0 1364958 0 0 0
1791314608 2850, 13801, 68, 0x0000000000000000 | 1.49 1.89 1.99 | cpu  242672912 31398140 73462511 8371772490 12010827 0 1364958 0 0 0
1791314609 2850, 13801, 67, 0x0000000000000000 | 1.45 1.88 1.98 | cpu  242673025 31398140 73462527 8371775764 12010827 0 1364958 0 0 0
1791314610 2850, 13801, 65, 0x0000000000000000 | 1.45 1.88 1.98 | cpu  242673137 31398140 73462548 8371779043 12010827 0 1364958 0 0 0
1791314611 2850, 13801, 66, 0x0000000000000000 | 1.45 1.88 1.98 | cpu  242673247 31398140 73462566 8371782327 12010827 0 1364958 0 0 0
1791314612 2850, 13801, 68, 0x0000000000000000 | 1.45 1.88 1.98 | cpu  242673364 31398140 73462646 8371785536 12010827 0 1364958 0 0 0
1791314613 2850, 13801, 67, 0x0000000000000000 | 1.41 1.86 1.98 | cpu  242673472 31398140 73462660 8371788819 12010827 0 1364960 0 0 0
1791314614 2842, 13801, 66, 0x0000000000000000 | 1.41 1.86 1.98 | cpu  242673581 31398140 73462675 8371792097 12010827 0 1364960 0 0 0
1791314616 2850, 13801, 67, 0x0000000000000000 | 1.41 1.86 1.98 | cpu  242673689 31398140 73462689 8371795377 12010827 0 1364961 0 0 0
1791314617 2850, 13801, 66, 0x0000000000000000 | 1.41 1.86 1.98 | cpu  242673811 31398140 73462711 8371798634 12010827 0 1364961 0 0 0
1791314618 2850, 13801, 69, 0x0000000000000000 | 1.41 1.86 1.98 | cpu  242673981 31398140 73462772 8371801813 12010827 0 1364961 0 0 0
1791314619 2850, 13801, 67, 0x0000000000000000 | 1.46 1.86 1.98 | cpu  242674151 31398140 73462831 8371804982 12010827 0 1364962 0 0 0
1791314620 2850, 13801, 69, 0x0000000000000004 | 1.46 1.86 1.98 | cpu  242674281 31398140 73462932 8371808154 12010827 0 1364962 0 0 0
1791314621 2850, 13801, 67, 0x0000000000000000 | 1.46 1.86 1.98 | cpu  242674502 31398140 73462950 8371811309 12010827 0 1364963 0 0 0
1791314622 2850, 13801, 67, 0x0000000000000000 | 1.46 1.86 1.98 | cpu  242674718 31398140 73462965 8371814488 12010827 0 1364964 0 0 0
1791314623 2850, 13801, 69, 0x0000000000000000 | 1.46 1.86 1.98 | cpu  242674929 31398140 73462992 8371817692 12010827 0 1364965 0 0 0
1791314624 2850, 13801, 67, 0x0000000000000000 | 1.50 1.87 1.98 | cpu  242675084 31398140 73463069 8371820868 12010827 0 1364965 0 0 0
1791314625 2850, 13801, 67, 0x0000000000000000 | 1.50 1.87 1.98 | cpu  242675225 31398140 73463160 8371824047 12010827 0 1364965 0 0 0
1791314626 2842, 13801, 67, 0x0000000000000000 | 1.50 1.87 1.98 | cpu  242675439 31398140 73463176 8371827217 12010827 0 1364965 0 0 0
1791314627 2850, 13801, 67, 0x0000000000000000 | 1.50 1.87 1.98 | cpu  242675656 31398140 73463191 8371830404 12010827 0 1364965 0 0 0
1791314628 2850, 13801, 66, 0x0000000000000000 | 1.62 1.89 1.98 | cpu  242675870 31398140 73463205 8371833579 12010827 0 1364965 0 0 0
1791314629 2842, 13801, 68, 0x0000000000000000 | 1.62 1.89 1.98 | cpu  242676087 31398140 73463223 8371836751 12010827 0 1364965 0 0 0
1791314630 2850, 13801, 67, 0x0000000000000000 | 1.62 1.89 1.98 | cpu  242676248 31398140 73463239 8371839983 12010827 0 1364965 0 0 0
1791314631 2850, 13801, 66, 0x0000000000000000 | 1.62 1.89 1.98 | cpu  242676356 31398140 73463253 8371843260 12010827 0 1364966 0 0 0
1791314633 2850, 13801, 67, 0x0000000000000000 | 1.62 1.89 1.98 | cpu  242676470 31398140 73463275 8371846535 12010827 0 1364966 0 0 0
1791314634 2850, 13801, 67, 0x0000000000000000 | 1.57 1.87 1.98 | cpu  242676583 31398140 73463290 8371849814 12010827 0 1364966 0 0 0
1791314635 2850, 13801, 67, 0x0000000000000000 | 1.57 1.87 1.98 | cpu  242676746 31398140 73463388 8371852969 12010827 0 1364968 0 0 0
1791314636 2850, 13801, 66, 0x0000000000000000 | 1.57 1.87 1.98 | cpu  242676880 31398140 73463534 8371856089 12010827 0 1364969 0 0 0
1791314637 2850, 13801, 67, 0x0000000000000000 | 1.57 1.87 1.98 | cpu  242677101 31398140 73463618 8371859175 12010827 0 1364970 0 0 0
1791314638 2850, 13801, 67, 0x0000000000000000 | 1.57 1.87 1.98 | cpu  242677316 31398140 73463632 8371862349 12010827 0 1364970 0 0 0
1791314639 2850, 13801, 67, 0x0000000000000000 | 1.69 1.89 1.98 | cpu  242677530 31398140 73463649 8371865529 12010827 0 1364970 0 0 0
1791314640 2850, 13801, 67, 0x0000000000000000 | 1.69 1.89 1.98 | cpu  242677745 31398140 73463665 8371868699 12010828 0 1364970 0 0 0
1791314641 2850, 13801, 67, 0x0000000000000000 | 1.69 1.89 1.98 | cpu  242677937 31398140 73463681 8371871898 12010828 0 1364971 0 0 0
1791314642 2850, 13801, 67, 0x0000000000000000 | 1.69 1.89 1.98 | cpu  242678048 31398140 73463701 8371875174 12010828 0 1364971 0 0 0
1791314643 2850, 13801, 66, 0x0000000000000000 | 1.69 1.89 1.98 | cpu  242678159 31398140 73463718 8371878448 12010828 0 1364971 0 0 0
1791314644 2850, 13801, 67, 0x0000000000000004 | 1.63 1.87 1.98 | cpu  242678310 31398140 73463804 8371881608 12010828 0 1364971 0 0 0
1791314645 2850, 13801, 68, 0x0000000000000000 | 1.63 1.87 1.98 | cpu  242678482 31398140 73463864 8371884786 12010828 0 1364971 0 0 0
1791314646 2850, 13801, 67, 0x0000000000000000 | 1.63 1.87 1.98 | cpu  242678664 31398140 73463912 8371887963 12010828 0 1364972 0 0 0
1791314647 2850, 13801, 69, 0x0000000000000004 | 1.63 1.87 1.98 | cpu  242678829 31398140 73463978 8371891157 12010828 0 1364972 0 0 0
1791314649 2850, 13801, 68, 0x0000000000000000 | 1.66 1.88 1.98 | cpu  242678969 31398140 73464068 8371894331 12010828 0 1364972 0 0 0
1791314650 2850, 13801, 66, 0x0000000000000000 | 1.66 1.88 1.98 | cpu  242679174 31398140 73464085 8371897514 12010828 0 1364972 0 0 0
1791314651 2850, 13801, 64, 0x0000000000000000 | 1.66 1.88 1.98 | cpu  242679386 31398140 73464102 8371900700 12010828 0 1364972 0 0 0
1791314652 2850, 13801, 67, 0x0000000000000000 | 1.66 1.88 1.98 | cpu  242679556 31398140 73464163 8371903880 12010828 0 1364972 0 0 0
1791314653 2850, 13801, 67, 0x0000000000000000 | 1.66 1.88 1.98 | cpu  242679785 31398140 73464209 8371907004 12010828 0 1364973 0 0 0
1791314654 2850, 13801, 65, 0x0000000000000000 | 1.69 1.88 1.98 | cpu  242679969 31398140 73464258 8371910174 12010828 0 1364973 0 0 0
1791314655 2850, 13801, 66, 0x0000000000000000 | 1.69 1.88 1.98 | cpu  242680121 31398140 73464342 8371913343 12010828 0 1364973 0 0 0
1791314656 2850, 13801, 69, 0x0000000000000000 | 1.69 1.88 1.98 | cpu  242680304 31398140 73464390 8371916522 12010828 0 1364973 0 0 0
1791314657 2850, 13801, 67, 0x0000000000000000 | 1.69 1.88 1.98 | cpu  242680465 31398140 73464463 8371919751 12010828 0 1364974 0 0 0
1791314658 2850, 13801, 67, 0x0000000000000000 | 1.69 1.88 1.98 | cpu  242680617 31398140 73464552 8371922908 12010828 0 1364974 0 0 0
1791314659 2850, 13801, 67, 0x0000000000000000 | 1.72 1.88 1.98 | cpu  242680836 31398140 73464569 8371926073 12010828 0 1364975 0 0 0
1791314660 2850, 13801, 67, 0x0000000000000000 | 1.72 1.88 1.98 | cpu  242681014 31398140 73464704 8371929169 12010828 0 1364976 0 0 0
1791314661 2850, 13801, 67, 0x0000000000000000 | 1.72 1.88 1.98 | cpu  242681196 31398140 73464752 8371932351 12010828 0 1364976 0 0 0
1791314662 2850, 13801, 65, 0x0000000000000000 | 1.72 1.88 1.98 | cpu  242681386 31398140 73464800 8371935518 12010828 0 1364976 0 0 0
1791314663 2850, 13801, 64, 0x0000000000000000 | 1.74 1.88 1.98 | cpu  242681535 31398140 73464881 8371938698 12010828 0 1364976 0 0 0
1791314665 2850, 13801, 67, 0x0000000000000000 | 1.74 1.88 1.98 | cpu  242681698 31398140 73464947 8371941876 12010828 0 1364976 0 0 0
1791314666 2850, 13801, 67, 0x0000000000000000 | 1.74 1.88 1.98 | cpu  242681903 31398140 73464975 8371945052 12010828 0 1364976 0 0 0
1791314667 2850, 13801, 67, 0x0000000000000000 | 1.74 1.88 1.98 | cpu  242682080 31398140 73465033 8371948216 12010828 0 1364977 0 0 0
1791314668 2850, 13801, 66, 0x0000000000000000 | 1.74 1.88 1.98 | cpu  242682233 31398140 73465112 8371951388 12010828 0 1364977 0 0 0
1791314669 2850, 13801, 66, 0x0000000000000000 | 1.76 1.89 1.98 | cpu  242682406 31398140 73465181 8371954557 12010828 0 1364977 0 0 0
1791314670 2850, 13801, 65, 0x0000000000000000 | 1.76 1.89 1.98 | cpu  242682605 31398140 73465214 8371957729 12010828 0 1364978 0 0 0
1791314671 2850, 13801, 67, 0x0000000000000000 | 1.76 1.89 1.98 | cpu  242682785 31398140 73465263 8371960904 12010828 0 1364978 0 0 0
1791314672 2842, 13801, 66, 0x0000000000000000 | 1.76 1.89 1.98 | cpu  242682960 31398140 73465318 8371964080 12010828 0 1364979 0 0 0
1791314673 2850, 13801, 64, 0x0000000000000000 | 1.76 1.89 1.98 | cpu  242683089 31398140 73465417 8371967249 12010828 0 1364979 0 0 0
1791314674 2850, 13801, 66, 0x0000000000000000 | 1.78 1.89 1.98 | cpu  242683299 31398140 73465438 8371970419 12010828 0 1364980 0 0 0
1791314675 2842, 13801, 66, 0x0000000000000000 | 1.78 1.89 1.98 | cpu  242683517 31398140 73465455 8371973618 12010828 0 1364980 0 0 0
1791314676 2850, 13801, 68, 0x0000000000000000 | 1.78 1.89 1.98 | cpu  242683732 31398140 73465469 8371976795 12010828 0 1364980 0 0 0
1791314677 2850, 13801, 67, 0x0000000000000000 | 1.78 1.89 1.98 | cpu  242683923 31398140 73465486 8371979987 12010828 0 1364980 0 0 0
1791314678 2850, 13801, 65, 0x0000000000000000 | 1.88 1.91 1.99 | cpu  242684091 31398140 73465549 8371983155 12010828 0 1364981 0 0 0
1791314679 2850, 13801, 67, 0x0000000000000000 | 1.88 1.91 1.99 | cpu  242684264 31398140 73465647 8371986280 12010828 0 1364985 0 0 0
1791314680 2850, 13801, 65, 0x0000000000000000 | 1.88 1.91 1.99 | cpu  242684456 31398140 73465692 8371989441 12010828 0 1364985 0 0 0
1791314682 2850, 13801, 67, 0x0000000000000000 | 1.88 1.91 1.99 | cpu  242684670 31398140 73465707 8371992609 12010828 0 1364985 0 0 0
1791314683 2850, 13801, 67, 0x0000000000000000 | 1.88 1.91 1.99 | cpu  242684886 31398140 73465721 8371995783 12010828 0 1364985 0 0 0
1791314684 2850, 13801, 66, 0x0000000000000000 | 1.89 1.91 1.99 | cpu  242685057 31398140 73465789 8371998946 12010828 0 1364986 0 0 0
1791314685 2850, 13801, 63, 0x0000000000000000 | 1.89 1.91 1.99 | cpu  242685243 31398140 73465836 8372002108 12010828 0 1364986 0 0 0
1791314686 2850, 13801, 67, 0x0000000000000000 | 1.89 1.91 1.99 | cpu  242685426 31398140 73465882 8372005276 12010828 0 1364986 0 0 0
1791314687 2850, 13801, 66, 0x0000000000000000 | 1.89 1.91 1.99 | cpu  242685557 31398140 73465981 8372008453 12010828 0 1364986 0 0 0
1791314688 2850, 13801, 66, 0x0000000000000000 | 1.89 1.91 1.99 | cpu  242685751 31398140 73466020 8372011631 12010829 0 1364986 0 0 0
1791314689 2850, 13801, 67, 0x0000000000000000 | 1.90 1.91 1.99 | cpu  242685972 31398140 73466040 8372014791 12010829 0 1364986 0 0 0
1791314690 2850, 13801, 67, 0x0000000000000000 | 1.90 1.91 1.99 | cpu  242686187 31398140 73466058 8372017961 12010829 0 1364987 0 0 0
1791314691 2850, 13801, 67, 0x0000000000000000 | 1.90 1.91 1.99 | cpu  242686402 31398140 73466073 8372021136 12010829 0 1364987 0 0 0
1791314692 2850, 13801, 67, 0x0000000000000000 | 1.90 1.91 1.99 | cpu  242686537 31398140 73466086 8372024398 12010829 0 1364987 0 0 0
1791314693 2850, 13801, 68, 0x0000000000000000 | 1.90 1.91 1.99 | cpu  242686645 31398140 73466101 8372027681 12010829 0 1364987 0 0 0
1791314694 2850, 13801, 67, 0x0000000000000000 | 1.91 1.91 1.99 | cpu  242686800 31398140 73466142 8372030889 12010829 0 1364990 0 0 0
1791314695 2850, 13801, 68, 0x0000000000000000 | 1.91 1.91 1.99 | cpu  242686974 31398140 73466199 8372034066 12010829 0 1364990 0 0 0
1791314696 2850, 13801, 67, 0x0000000000000000 | 1.91 1.91 1.99 | cpu  242687156 31398140 73466245 8372037242 12010829 0 1364990 0 0 0
1791314698 2850, 13801, 67, 0x0000000000000000 | 1.91 1.91 1.99 | cpu  242687298 31398140 73466340 8372040411 12010829 0 1364990 0 0 0
1791314699 2850, 13801, 65, 0x0000000000000000 | 1.91 1.91 1.99 | cpu  242687482 31398140 73466404 8372043562 12010829 0 1364991 0 0 0
1791314700 2850, 13801, 65, 0x0000000000000000 | 1.91 1.91 1.99 | cpu  242687701 31398140 73466517 8372046615 12010829 0 1364991 0 0 0
1791314701 2850, 13801, 66, 0x0000000000000000 | 1.91 1.91 1.99 | cpu  242687865 31398140 73466539 8372049831 12010829 0 1364991 0 0 0
1791314702 2850, 13801, 67, 0x0000000000000000 | 1.91 1.91 1.99 | cpu  242687997 31398140 73466585 8372053056 12010829 0 1364992 0 0 0
1791314703 2850, 13801, 65, 0x0000000000000000 | 1.91 1.91 1.99 | cpu  242688116 31398140 73466608 8372056323 12010829 0 1364992 0 0 0
1791314704 2850, 13801, 67, 0x0000000000000000 | 1.84 1.90 1.98 | cpu  242688225 31398140 73466620 8372059602 12010829 0 1364992 0 0 0
1791314705 2850, 13801, 66, 0x0000000000000000 | 1.84 1.90 1.98 | cpu  242688334 31398140 73466635 8372062884 12010829 0 1364992 0 0 0
1791314706 2850, 13801, 64, 0x0000000000000000 | 1.84 1.90 1.98 | cpu  242688493 31398140 73466699 8372066096 12010829 0 1364992 0 0 0
1791314707 2850, 13801, 68, 0x0000000000000000 | 1.84 1.90 1.98 | cpu  242688631 31398140 73466789 8372069271 12010829 0 1364992 0 0 0
1791314708 2850, 13801, 68, 0x0000000000000000 | 1.84 1.90 1.98 | cpu  242688818 31398140 73466839 8372072434 12010829 0 1364994 0 0 0
1791314709 2850, 13801, 66, 0x0000000000000000 | 1.93 1.92 1.99 | cpu  242689047 31398140 73466855 8372075598 12010829 0 1364994 0 0 0
1791314710 2850, 13801, 67, 0x0000000000000000 | 1.93 1.92 1.99 | cpu  242689228 31398140 73466906 8372078769 12010829 0 1364994 0 0 0
1791314711 2850, 13801, 67, 0x0000000000000000 | 1.93 1.92 1.99 | cpu  242689393 31398140 73466978 8372081964 12010829 0 1364994 0 0 0
1791314712 2850, 13801, 68, 0x0000000000000000 | 1.93 1.92 1.99 | cpu  242689543 31398140 73467079 8372085123 12010829 0 1364994 0 0 0
1791314714 2850, 13801, 67, 0x0000000000000000 | 1.94 1.92 1.99 | cpu  242689782 31398140 73467094 8372088262 12010829 0 1364996 0 0 0
1791314715 2850, 13801, 66, 0x0000000000000000 | 1.94 1.92 1.99 | cpu  242690031 31398140 73467109 8372091408 12010829 0 1364997 0 0 0
1791314716 2850, 13801, 68, 0x0000000000000000 | 1.94 1.92 1.99 | cpu  242690228 31398140 73467163 8372094555 12010829 0 1364997 0 0 0
1791314717 2850, 13801, 66, 0x0000000000000000 | 1.94 1.92 1.99 | cpu  242690356 31398140 73467264 8372097723 12010829 0 1364997 0 0 0
1791314718 2850, 13801, 66, 0x0000000000000000 | 1.94 1.92 1.99 | cpu  242690552 31398140 73467299 8372100895 12010829 0 1364997 0 0 0
1791314719 2850, 13801, 67, 0x0000000000000000 | 1.94 1.92 1.99 | cpu  242690724 31398140 73467359 8372104057 12010829 0 1364997 0 0 0
1791314720 2850, 13801, 66, 0x0000000000000000 | 1.94 1.92 1.99 | cpu  242690915 31398140 73467405 8372107226 12010829 0 1364998 0 0 0
1791314721 2850, 13801, 68, 0x0000000000000000 | 1.94 1.92 1.99 | cpu  242691099 31398140 73467453 8372110424 12010829 0 1364998 0 0 0
1791314722 2850, 13801, 66, 0x0000000000000000 | 1.94 1.92 1.99 | cpu  242691253 31398140 73467534 8372113589 12010829 0 1364998 0 0 0
1791314723 2850, 13801, 67, 0x0000000000000000 | 1.94 1.92 1.99 | cpu  242691440 31398140 73467583 8372116763 12010829 0 1364999 0 0 0
1791314724 2850, 13801, 66, 0x0000000000000000 | 1.95 1.92 1.99 | cpu  242691601 31398140 73467665 8372119910 12010829 0 1364999 0 0 0
1791314725 2850, 13801, 67, 0x0000000000000000 | 1.95 1.92 1.99 | cpu  242691747 31398140 73467751 8372123080 12010829 0 1364999 0 0 0
1791314726 2850, 13801, 66, 0x0000000000000000 | 1.95 1.92 1.99 | cpu  242691962 31398140 73467764 8372126247 12010829 0 1364999 0 0 0
1791314727 2850, 13801, 65, 0x0000000000000000 | 1.95 1.92 1.99 | cpu  242692176 31398140 73467781 8372129429 12010829 0 1364999 0 0 0
1791314728 2850, 13801, 67, 0x0000000000000000 | 1.95 1.92 1.99 | cpu  242692345 31398140 73467844 8372132620 12010829 0 1365003 0 0 0
1791314729 2850, 13801, 68, 0x0000000000000000 | 1.95 1.92 1.99 | cpu  242692495 31398140 73467923 8372135795 12010829 0 1365003 0 0 0
1791314731 2842, 13801, 69, 0x0000000000000000 | 1.95 1.92 1.99 | cpu  242692656 31398140 73467992 8372138971 12010829 0 1365003 0 0 0
1791314732 2850, 13801, 67, 0x0000000000000000 | 1.95 1.92 1.99 | cpu  242692872 31398140 73468007 8372142156 12010829 0 1365004 0 0 0
1791314733 2850, 13801, 63, 0x0000000000000000 | 1.95 1.92 1.99 | cpu  242692981 31398140 73468025 8372145440 12010829 0 1365004 0 0 0
1791314734 2850, 13801, 66, 0x0000000000000000 | 1.88 1.91 1.99 | cpu  242693092 31398140 73468042 8372148723 12010829 0 1365004 0 0 0
1791314735 2850, 13801, 66, 0x0000000000000000 | 1.88 1.91 1.99 | cpu  242693316 31398140 73468099 8372151847 12010829 0 1365005 0 0 0
1791314736 2842, 13801, 64, 0x0000000000000000 | 1.88 1.91 1.99 | cpu  242693493 31398140 73468153 8372155030 12010829 0 1365005 0 0 0
1791314737 2842, 13801, 66, 0x0000000000000000 | 1.88 1.91 1.99 | cpu  242693623 31398140 73468252 8372158212 12010829 0 1365005 0 0 0
1791314738 2850, 13801, 65, 0x0000000000000000 | 1.88 1.91 1.99 | cpu  242693829 31398140 73468282 8372161383 12010829 0 1365007 0 0 0
1791314739 2850, 13801, 66, 0x0000000000000000 | 1.89 1.91 1.99 | cpu  242694002 31398140 73468339 8372164564 12010829 0 1365007 0 0 0
1791314740 2850, 13801, 67, 0x0000000000000000 | 1.89 1.91 1.99 | cpu  242694186 31398140 73468394 8372167736 12010829 0 1365008 0 0 0
1791314741 2850, 13801, 67, 0x0000000000000004 | 1.89 1.91 1.99 | cpu  242694344 31398140 73468465 8372170919 12010829 0 1365008 0 0 0
1791314742 2850, 13801, 64, 0x0000000000000000 | 1.89 1.91 1.99 | cpu  242694494 31398140 73468553 8372174078 12010829 0 1365008 0 0 0
1791314743 2850, 13801, 65, 0x0000000000000000 | 1.90 1.91 1.99 | cpu  242694710 31398140 73468570 8372177247 12010830 0 1365009 0 0 0
1791314744 2850, 13801, 66, 0x0000000000000000 | 1.90 1.91 1.99 | cpu  242694891 31398140 73468623 8372180403 12010830 0 1365011 0 0 0
1791314745 2850, 13801, 67, 0x0000000000000000 | 1.90 1.91 1.99 | cpu  242695079 31398140 73468676 8372183561 12010830 0 1365014 0 0 0
1791314747 2850, 13801, 67, 0x0000000000000000 | 1.90 1.91 1.99 | cpu  242695210 31398140 73468775 8372186734 12010830 0 1365016 0 0 0
1791314748 2842, 13801, 67, 0x0000000000000000 | 1.90 1.91 1.99 | cpu  242695412 31398140 73468809 8372189959 12010830 0 1365017 0 0 0
1791314749 2850, 13801, 65, 0x0000000000000000 | 1.90 1.91 1.99 | cpu  242695587 31398140 73468822 8372193172 12010830 0 1365018 0 0 0
1791314750 2850, 13801, 65, 0x0000000000000000 | 1.90 1.91 1.99 | cpu  242695700 31398140 73468840 8372196452 12010830 0 1365018 0 0 0
1791314751 2842, 13801, 64, 0x0000000000000000 | 1.90 1.91 1.99 | cpu  242695809 31398140 73468856 8372199751 12010830 0 1365018 0 0 0
1791314752 2850, 13801, 68, 0x0000000000000000 | 1.90 1.91 1.99 | cpu  242695943 31398140 73468882 8372203021 12010830 0 1365018 0 0 0
1791314753 2850, 13801, 66, 0x0000000000000000 | 1.90 1.91 1.99 | cpu  242696113 31398140 73468940 8372206202 12010830 0 1365018 0 0 0
1791314754 2850, 13801, 64, 0x0000000000000000 | 1.91 1.91 1.99 | cpu  242696287 31398140 73468998 8372209373 12010830 0 1365019 0 0 0
1791314755 2850, 13801, 67, 0x0000000000000000 | 1.91 1.91 1.99 | cpu  242696427 31398140 73469102 8372212552 12010830 0 1365021 0 0 0
1791314756 2850, 13801, 66, 0x0000000000000000 | 1.91 1.91 1.99 | cpu  242696637 31398140 73469120 8372215730 12010830 0 1365022 0 0 0
1791314757 2850, 13801, 66, 0x0000000000000000 | 1.91 1.91 1.99 | cpu  242696831 31398140 73469163 8372218901 12010830 0 1365024 0 0 0
1791314758 2850, 13801, 65, 0x0000000000000000 | 1.91 1.91 1.99 | cpu  242697000 31398140 73469230 8372222067 12010830 0 1365024 0 0 0
1791314759 2850, 13801, 60, 0x0000000000000000 | 2.00 1.93 1.99 | cpu  242697134 31398140 73469319 8372225243 12010830 0 1365025 0 0 0
1791314760 2872, 13801, 56, 0x0000000000000000 | 2.00 1.93 1.99 | cpu  242697348 31398140 73469327 8372228410 12010830 0 1365025 0 0 0
1791314761 2797, 13801, 54, 0x0000000000000000 | 2.00 1.93 1.99 | cpu  242697479 31398140 73469337 8372231663 12010830 0 1365025 0 0 0
1791314763 2400, 13801, 53, 0x0000000000000000 | 2.00 1.93 1.99 | cpu  242697594 31398140 73469426 8372234854 12010830 0 1365027 0 0 0
1791314764 2400, 13801, 52, 0x0000000000000000 | 2.00 1.93 1.99 | cpu  242697719 31398140 73469490 8372238058 12010830 0 1365028 0 0 0
1791314765 2400, 13801, 52, 0x0000000000000000 | 2.00 1.93 1.99 | cpu  242697891 31398140 73469537 8372241236 12010830 0 1365028 0 0 0
1791314766 2400, 13801, 51, 0x0000000000000000 | 2.00 1.93 1.99 | cpu  242698019 31398140 73469628 8372244411 12010830 0 1365028 0 0 0
1791314767 2400, 13801, 51, 0x0000000000000000 | 2.00 1.93 1.99 | cpu  242698227 31398140 73469638 8372247588 12010830 0 1365028 0 0 0
1791314768 2400, 13801, 51, 0x0000000000000000 | 2.00 1.93 1.99 | cpu  242698444 31398140 73469647 8372250758 12010830 0 1365031 0 0 0
1791314769 2400, 13801, 50, 0x0000000000000000 | 2.08 1.95 2.00 | cpu  242698661 31398140 73469655 8372253926 12010830 0 1365032 0 0 0
1791314770 2445, 13801, 50, 0x0000000000000000 | 2.08 1.95 2.00 | cpu  242698731 31398140 73469707 8372257201 12010830 0 1365032 0 0 0
1791314771 2400, 13801, 50, 0x0000000000000000 | 2.08 1.95 2.00 | cpu  242698835 31398140 73469773 8372260424 12010830 0 1365032 0 0 0
1791314772 2400, 13801, 49, 0x0000000000000000 | 2.08 1.95 2.00 | cpu  242698937 31398140 73469890 8372263599 12010830 0 1365032 0 0 0
1791314773 2400, 13801, 49, 0x0000000000000000 | 2.08 1.95 2.00 | cpu  242699045 31398140 73470070 8372266708 12010830 0 1365032 0 0 0
1791314774 2400, 13801, 49, 0x0000000000000000 | 2.07 1.95 2.00 | cpu  242699217 31398140 73470115 8372269890 12010830 0 1365032 0 0 0
1791314775 2400, 13801, 49, 0x0000000000000000 | 2.07 1.95 2.00 | cpu  242699366 31398140 73470185 8372273059 12010830 0 1365032 0 0 0
1791314776 2400, 13801, 48, 0x0000000000000000 | 2.07 1.95 2.00 | cpu  242699544 31398140 73470224 8372276225 12010830 0 1365032 0 0 0
1791314777 2400, 13801, 48, 0x0000000000000000 | 2.07 1.95 2.00 | cpu  242699724 31398140 73470262 8372279396 12010830 0 1365032 0 0 0
1791314778 2400, 13801, 48, 0x0000000000000000 | 2.07 1.95 2.00 | cpu  242699862 31398140 73470341 8372282566 12010830 0 1365032 0 0 0
1791314779 2400, 13801, 48, 0x0000000000000000 | 2.07 1.95 2.00 | cpu  242700046 31398140 73470381 8372285729 12010830 0 1365033 0 0 0
1791314781 2400, 13801, 48, 0x0000000000000000 | 2.07 1.95 2.00 | cpu  242700262 31398140 73470391 8372288894 12010830 0 1365033 0 0 0
1791314782 2400, 13801, 48, 0x0000000000000000 | 2.07 1.95 2.00 | cpu  242700475 31398140 73470397 8372292066 12010830 0 1365033 0 0 0
1791314783 2400, 13801, 47, 0x0000000000000000 | 2.07 1.95 2.00 | cpu  242700693 31398140 73470405 8372295228 12010830 0 1365034 0 0 0
1791314784 2400, 13801, 47, 0x0000000000000000 | 1.98 1.94 1.99 | cpu  242700809 31398140 73470411 8372298494 12010830 0 1365035 0 0 0
1791314785 2400, 13801, 47, 0x0000000000000000 | 1.98 1.94 1.99 | cpu  242700903 31398140 73470429 8372301766 12010830 0 1365035 0 0 0
1791314786 2400, 13801, 47, 0x0000000000000000 | 1.98 1.94 1.99 | cpu  242701010 31398140 73470436 8372305043 12010830 0 1365035 0 0 0
1791314787 2400, 13801, 47, 0x0000000000000000 | 1.98 1.94 1.99 | cpu  242701120 31398140 73470446 8372308344 12010830 0 1365036 0 0 0
1791314788 337, 810, 46, 0x0000000000000000 | 1.98 1.94 1.99 | cpu  242701222 31398140 73470458 8372311648 12010830 0 1365036 0 0 0
1791314789 187, 405, 45, 0x0000000000000000 | 1.90 1.92 1.99 | cpu  242701339 31398140 73470519 8372314882 12010830 0 1365036 0 0 0
1791314790 180, 405, 45, 0x0000000000000000 | 1.90 1.92 1.99 | cpu  242701488 31398140 73470608 8372318061 12010830 0 1365036 0 0 0
1791314791 180, 405, 45, 0x0000000000000000 | 1.90 1.92 1.99 | cpu  242701613 31398140 73470713 8372321246 12010830 0 1365037 0 0 0
1791314792 180, 405, 45, 0x0000000000000000 | 1.90 1.92 1.99 | cpu  242701748 31398140 73470822 8372324424 12010830 0 1365037 0 0 0
