1791310631 180, 405, 50, 0x0000000000000000 | 2.73 2.46 2.06 | cpu  242078011 31397915 73266422 8359855200 12001918 0 1363299 0 0 0
1791310632 180, 405, 50, 0x0000000000000000 | 2.73 2.46 2.06 | cpu  242078198 31397915 73266472 8359858827 12001918 0 1363299 0 0 0
1791310633 180, 405, 51, 0x0000000000000000 | 2.59 2.44 2.05 | cpu  242078290 31397915 73266504 8359862179 12001918 0 1363300 0 0 0
1791310635 180, 405, 51, 0x0000000000000000 | 2.59 2.44 2.05 | cpu  242078339 31397915 73266535 8359865577 12001918 0 1363300 0 0 0
1791310636 180, 405, 51, 0x0000000000000000 | 2.59 2.44 2.05 | cpu  242078345 31397915 73266560 8359869017 12001918 0 1363300 0 0 0
1791310637 180, 405, 50, 0x0000000000000000 | 2.59 2.44 2.05 | cpu  242078413 31397915 73266583 8359872397 12001918 0 1363300 0 0 0
1791310638 180, 405, 51, 0x0000000000000000 | 2.46 2.41 2.05 | cpu  242078601 31397915 73266610 8359875566 12001918 0 1363300 0 0 0
1791310639 2400, 13801, 52, 0x0000000000000000 | 2.46 2.41 2.05 | cpu  242078743 31397915 73266652 8359878777 12001918 0 1363301 0 0 0
1791310640 2467, 13801, 53, 0x0000000000000000 | 2.46 2.41 2.05 | cpu  242078975 31397915 73266678 8359881914 12001918 0 1363301 0 0 0
1791310641 2467, 13801, 52, 0x0000000000000000 | 2.46 2.41 2.05 | cpu  242079184 31397915 73266747 8359885022 12001918 0 1363301 0 0 0
1791310642 2422, 13801, 52, 0x0000000000000000 | 2.46 2.41 2.05 | cpu  242079407 31397915 73266804 8359888127 12001918 0 1363301 0 0 0
1791310643 2460, 13801, 53, 0x0000000000000000 | 2.43 2.40 2.05 | cpu  242079620 31397915 73266859 8359891251 12001918 0 1363301 0 0 0
1791310644 2467, 13801, 53, 0x0000000000000000 | 2.43 2.40 2.05 | cpu  242079808 31397915 73266953 8359894367 12001918 0 1363301 0 0 0
1791310645 2437, 13801, 53, 0x0000000000000000 | 2.43 2.40 2.05 | cpu  242080035 31397915 73267015 8359897471 12001918 0 1363301 0 0 0
1791310646 2467, 13801, 54, 0x0000000000000000 | 2.43 2.40 2.05 | cpu  242080241 31397915 73267093 8359900584 12001918 0 1363301 0 0 0
1791310647 2467, 13801, 53, 0x0000000000000000 | 2.43 2.40 2.05 | cpu  242080433 31397915 73267268 8359903610 12001918 0 1363301 0 0 0
1791310648 2467, 13801, 54, 0x0000000000000000 | 2.39 2.40 2.05 | cpu  242080686 31397915 73267298 8359906716 12001918 0 1363301 0 0 0
1791310649 2467, 13801, 53, 0x0000000000000000 | 2.39 2.40 2.05 | cpu  242080943 31397915 73267328 8359909813 12001918 0 1363301 0 0 0
1791310651 2445, 13801, 53, 0x0000000000000000 | 2.39 2.40 2.05 | cpu  242081107 31397915 73267361 8359913011 12001918 0 1363301 0 0 0
1791310652 2467, 13801, 54, 0x0000000000000000 | 2.39 2.40 2.05 | cpu  242081258 31397915 73267483 8359916130 12001918 0 1363301 0 0 0
1791310653 2400, 13801, 53, 0x0000000000000000 | 2.28 2.37 2.04 | cpu  242081311 31397915 73267579 8359919377 12001918 0 1363301 0 0 0
1791310654 2400, 13801, 53, 0x0000000000000000 | 2.28 2.37 2.04 | cpu  242081332 31397915 73267684 8359922629 12001918 0 1363303 0 0 0
1791310655 2400, 13801, 53, 0x0000000000000000 | 2.28 2.37 2.04 | cpu  242081333 31397915 73267795 8359925900 12001918 0 1363303 0 0 0
1791310656 2422, 13801, 53, 0x0000000000000000 | 2.28 2.37 2.04 | cpu  242081381 31397915 73267859 8359929167 12001920 0 1363303 0 0 0
1791310657 2422, 13801, 53, 0x0000000000000000 | 2.28 2.37 2.04 | cpu  242081445 31397915 73267906 8359932443 12001920 0 1363303 0 0 0
1791310658 2422, 13801, 53, 0x0000000000000000 | 2.18 2.35 2.03 | cpu  242081515 31397915 73267957 8359935703 12001920 0 1363304 0 0 0
1791310659 2422, 13801, 53, 0x0000000000000000 | 2.18 2.35 2.03 | cpu  242081580 31397915 73268011 8359938980 12001920 0 1363305 0 0 0
1791310660 2422, 13801, 53, 0x0000000000000000 | 2.18 2.35 2.03 | cpu  242081643 31397915 73268061 8359942261 12001921 0 1363305 0 0 0
1791310661 2437, 13801, 54, 0x0000000000000000 | 2.18 2.35 2.03 | cpu  242081720 31397915 73268103 8359945531 12001922 0 1363305 0 0 0
1791310662 2595, 13801, 54, 0x0000000000000000 | 2.18 2.35 2.03 | cpu  242081826 31397915 73268114 8359948802 12001922 0 1363305 0 0 0
1791310663 2587, 13801, 54, 0x0000000000000000 | 2.08 2.33 2.03 | cpu  242081933 31397915 73268120 8359952085 12001922 0 1363305 0 0 0
1791310664 2400, 13801, 53, 0x0000000000000000 | 2.08 2.33 2.03 | cpu  242082038 31397915 73268128 8359955361 12001922 0 1363305 0 0 0
1791310665 2400, 13801, 53, 0x0000000000000000 | 2.08 2.33 2.03 | cpu  242082145 31397915 73268133 8359958647 12001922 0 1363305 0 0 0
1791310666 2400, 13801, 53, 0x0000000000000000 | 2.08 2.33 2.03 | cpu  242082201 31397915 73268189 8359961928 12001922 0 1363305 0 0 0
1791310667 2400, 13801, 54, 0x0000000000000000 | 2.08 2.32 2.03 | cpu  242082247 31397915 73268255 8359965204 12001922 0 1363305 0 0 0
1791310669 2400, 13801, 53, 0x0000000000000000 | 2.08 2.32 2.03 | cpu  242082289 31397915 73268326 8359968480 12001922 0 1363305 0 0 0
1791310670 2400, 13801, 54, 0x0000000000000000 | 2.08 2.32 2.03 | cpu  242082343 31397915 73268394 8359971752 12001922 0 1363305 0 0 0
1791310671 2400, 13801, 54, 0x0000000000000000 | 2.08 2.32 2.03 | cpu  242082439 31397915 73268521 8359974916 12001922 0 1363305 0 0 0
1791310672 2400, 13801, 54, 0x0000000000000000 | 2.08 2.32 2.03 | cpu  242082525 31397915 73268654 8359978092 12001922 0 1363305 0 0 0
1791310673 2400, 13801, 54, 0x0000000000000000 | 2.07 2.32 2.03 | cpu  242082622 31397915 73268777 8359981261 12001922 0 1363305 0 0 0
1791310674 2400, 13801, 54, 0x0000000000000000 | 2.07 2.32 2.03 | cpu  242082743 31397915 73268847 8359984461 12001922 0 1363305 0 0 0
1791310675 2400, 13801, 54, 0x0000000000000000 | 2.07 2.32 2.03 | cpu  242082789 31397915 73268913 8359987733 12001922 0 1363305 0 0 0
1791310676 2400, 13801, 54, 0x0000000000000000 | 2.07 2.32 2.03 | cpu  242082833 31397915 73268981 8359991009 12001922 0 1363305 0 0 0
1791310677 2400, 13801, 54, 0x0000000000000000 | 2.07 2.32 2.03 | cpu  242082877 31397915 73269050 8359994282 12001922 0 1363305 0 0 0
1791310678 2400, 13801, 54, 0x0000000000000000 | 1.98 2.30 2.02 | cpu  242082921 31397915 73269119 8359997556 12001922 0 1363306 0 0 0
1791310679 2400, 13801, 54, 0x0000000000000000 | 1.98 2.30 2.02 | cpu  242082966 31397915 73269191 8360000830 12001922 0 1363306 0 0 0
1791310680 2400, 13801, 54, 0x0000000000000000 | 1.98 2.30 2.02 | cpu  242083009 31397915 73269260 8360004105 12001922 0 1363306 0 0 0
1791310681 2400, 13801, 54, 0x0000000000000000 | 1.98 2.30 2.02 | cpu  242083060 31397915 73269335 8360007357 12001922 0 1363308 0 0 0
1791310682 2400, 13801, 54, 0x0000000000000000 | 1.98 2.30 2.02 | cpu  242083104 31397915 73269404 8360010631 12001923 0 1363308 0 0 0
1791310683 2400, 13801, 54, 0x0000000000000000 | 1.90 2.27 2.02 | cpu  242083150 31397915 73269469 8360013903 12001923 0 1363308 0 0 0
1791310684 2400, 13801, 54, 0x0000000000000000 | 1.90 2.27 2.02 | cpu  242083199 31397915 73269540 8360017167 12001923 0 1363310 0 0 0
1791310685 2400, 13801, 54, 0x0000000000000000 | 1.90 2.27 2.02 | cpu  242083242 31397915 73269608 8360020442 12001923 0 1363311 0 0 0
1791310687 2400, 13801, 54, 0x0000000000000000 | 1.90 2.27 2.02 | cpu  242083287 31397915 73269678 8360023717 12001923 0 1363311 0 0 0
1791310688 2400, 13801, 54, 0x0000000000000000 | 1.83 2.25 2.01 | cpu  242083334 31397915 73269763 8360026976 12001923 0 1363311 0 0 0
1791310689 2400, 13801, 54, 0x0000000000000000 | 1.83 2.25 2.01 | cpu  242083376 31397915 73269833 8360030253 12001923 0 1363311 0 0 0
1791310690 2400, 13801, 54, 0x0000000000000000 | 1.83 2.25 2.01 | cpu  242083422 31397915 73269900 8360033532 12001923 0 1363312 0 0 0
1791310691 2400, 13801, 54, 0x0000000000000000 | 1.83 2.25 2.01 | cpu  242083469 31397915 73269963 8360036806 12001923 0 1363312 0 0 0
1791310692 2400, 13801, 54, 0x0000000000000000 | 1.83 2.25 2.01 | cpu  242083527 31397915 73270026 8360040075 12001923 0 1363312 0 0 0
1791310693 2400, 13801, 54, 0x0000000000000000 | 1.77 2.23 2.00 | cpu  242083575 31397915 73270094 8360043350 12001923 0 1363314 0 0 0
1791310694 2400, 13801, 55, 0x0000000000000000 | 1.77 2.23 2.00 | cpu  242083626 31397915 73270166 8360046618 12001923 0 1363315 0 0 0
1791310695 2400, 13801, 55, 0x0000000000000000 | 1.77 2.23 2.00 | cpu  242083671 31397915 73270232 8360049893 12001923 0 1363315 0 0 0
1791310696 2400, 13801, 55, 0x0000000000000000 | 1.77 2.23 2.00 | cpu  242083717 31397915 73270298 8360053168 12001923 0 1363315 0 0 0
1791310697 2400, 13801, 55, 0x0000000000000000 | 1.77 2.23 2.00 | cpu  242083761 31397915 73270367 8360056442 12001923 0 1363315 0 0 0
1791310698 2400, 13801, 55, 0x0000000000000000 | 1.70 2.21 2.00 | cpu  242083804 31397915 73270435 8360059715 12001923 0 1363315 0 0 0
1791310699 2400, 13801, 55, 0x0000000000000000 | 1.70 2.21 2.00 | cpu  242083844 31397915 73270507 8360062985 12001923 0 1363315 0 0 0
1791310700 2400, 13801, 55, 0x0000000000000000 | 1.70 2.21 2.00 | cpu  242083888 31397915 73270575 8360066258 12001923 0 1363315 0 0 0
1791310701 2400, 13801, 55, 0x0000000000000000 | 1.70 2.21 2.00 | cpu  242083934 31397915 73270641 8360069531 12001923 0 1363317 0 0 0
1791310702 2400, 13801, 55, 0x0000000000000000 | 1.70 2.21 2.00 | cpu  242083979 31397915 73270709 8360072806 12001923 0 1363317 0 0 0
1791310703 2400, 13801, 55, 0x0000000000000000 | 1.65 2.19 1.99 | cpu  242084021 31397915 73270779 8360076081 12001923 0 1363317 0 0 0
1791310705 2400, 13801, 55, 0x0000000000000000 | 1.65 2.19 1.99 | cpu  242084068 31397915 73270852 8360079353 12001923 0 1363317 0 0 0
1791310706 2400, 13801, 55, 0x0000000000000000 | 1.65 2.19 1.99 | cpu  242084111 31397915 73270921 8360082633 12001923 0 1363317 0 0 0
1791310707 2400, 13801, 55, 0x0000000000000000 | 1.65 2.19 1.99 | cpu  242084193 31397915 73271019 8360085833 12001923 0 1363319 0 0 0
1791310708 2400, 13801, 55, 0x0000000000000000 | 1.59 2.17 1.99 | cpu  242084236 31397915 73271088 8360089114 12001923 0 1363320 0 0 0
1791310709 2400, 13801, 55, 0x0000000000000000 | 1.59 2.17 1.99 | cpu  242084279 31397915 73271159 8360092388 12001923 0 1363320 0 0 0
1791310710 2400, 13801, 55, 0x0000000000000000 | 1.59 2.17 1.99 | cpu  242084327 31397915 73271235 8360095651 12001923 0 1363321 0 0 0
1791310711 2400, 13801, 55, 0x0000000000000000 | 1.59 2.17 1.99 | cpu  242084375 31397915 73271344 8360098887 12001923 0 1363321 0 0 0
1791310712 2400, 13801, 55, 0x0000000000000000 | 1.59 2.17 1.99 | cpu  242084423 31397915 73271443 8360102128 12001923 0 1363321 0 0 0
1791310713 2400, 13801, 55, 0x0000000000000000 | 1.55 2.15 1.98 | cpu  242084470 31397915 73271509 8360105411 12001923 0 1363321 0 0 0
1791310714 2400, 13801, 55, 0x0000000000000000 | 1.55 2.15 1.98 | cpu  242084514 31397915 73271578 8360108685 12001923 0 1363321 0 0 0
1791310715 2400, 13801, 55, 0x0000000000000000 | 1.55 2.15 1.98 | cpu  242084562 31397915 73271654 8360111942 12001923 0 1363323 0 0 0
1791310716 2400, 13801, 55, 0x0000000000000000 | 1.55 2.15 1.98 | cpu  242084609 31397915 73271743 8360115189 12001923 0 1363324 0 0 0
1791310717 2400, 13801, 55, 0x0000000000000000 | 1.55 2.15 1.98 | cpu  242084658 31397915 73271906 8360118359 12001923 0 1363324 0 0 0
1791310718 2400, 13801, 55, 0x0000000000000000 | 1.50 2.13 1.98 | cpu  242084713 31397915 73271963 8360121637 12001923 0 1363324 0 0 0
1791310719 2400, 13801, 56, 0x0000000000000000 | 1.50 2.13 1.98 | cpu  242084861 31397915 73272026 8360124815 12001923 0 1363324 0 0 0
1791310720 2400, 13801, 56, 0x0000000000000000 | 1.50 2.13 1.98 | cpu  242084999 31397915 73272106 8360127983 12001923 0 1363324 0 0 0
1791310721 2400, 13801, 56, 0x0000000000000000 | 1.50 2.13 1.98 | cpu  242085181 31397915 73272154 8360131135 12001923 0 1363324 0 0 0
1791310723 2400, 13801, 56, 0x0000000000000000 | 1.54 2.13 1.98 | cpu  242085359 31397915 73272198 8360134293 12001923 0 1363324 0 0 0
1791310724 2422, 13801, 56, 0x0000000000000000 | 1.54 2.13 1.98 | cpu  242085504 31397915 73272270 8360137459 12001923 0 1363324 0 0 0
1791310725 2827, 13801, 57, 0x0000000000000000 | 1.54 2.13 1.98 | cpu  242085679 31397915 73272315 8360140624 12001923 0 1363324 0 0 0
1791310726 2872, 13801, 57, 0x0000000000000000 | 1.54 2.13 1.98 | cpu  242085827 31397915 73272388 8360143803 12001924 0 1363324 0 0 0
1791310727 2842, 13801, 69, 0x0000000000000000 | 1.54 2.13 1.98 | cpu  242085988 31397915 73272455 8360146985 12001924 0 1363324 0 0 0
1791310728 2842, 13801, 70, 0x0000000000000000 | 1.58 2.13 1.98 | cpu  242086202 31397915 73272461 8360150178 12001924 0 1363324 0 0 0
1791310729 2842, 13801, 70, 0x0000000000000000 | 1.58 2.13 1.98 | cpu  242086377 31397915 73272469 8360153408 12001924 0 1363324 0 0 0
1791310730 2842, 13801, 71, 0x0000000000000000 | 1.58 2.13 1.98 | cpu  242086485 31397915 73272474 8360156716 12001924 0 1363324 0 0 0
1791310731 2842, 13801, 72, 0x0000000000000000 | 1.58 2.13 1.98 | cpu  242086592 31397915 73272480 8360160007 12001924 0 1363325 0 0 0
1791310732 2857, 13801, 70, 0x0000000000000000 | 1.58 2.13 1.98 | cpu  242086703 31397915 73272496 8360163295 12001924 0 1363326 0 0 0
1791310733 2857, 13801, 62, 0x0000000000000000 | 1.53 2.11 1.97 | cpu  242086801 31397915 73272524 8360166564 12001924 0 1363329 0 0 0
1791310734 2865, 13801, 62, 0x0000000000000000 | 1.53 2.11 1.97 | cpu  242086900 31397915 73272547 8360169832 12001924 0 1363330 0 0 0
1791310735 2400, 13801, 65, 0x0000000000000000 | 1.53 2.11 1.97 | cpu  242087033 31397915 73272609 8360173023 12001924 0 1363330 0 0 0
1791310736 2767, 13801, 59, 0x0000000000000000 | 1.53 2.11 1.97 | cpu  242087190 31397915 73272680 8360176198 12001924 0 1363330 0 0 0
1791310737 2835, 13801, 73, 0x0000000000000004 | 1.53 2.11 1.97 | cpu  242087338 31397915 73272768 8360179367 12001924 0 1363332 0 0 0
1791310738 2835, 13801, 70, 0x0000000000000000 | 1.57 2.11 1.97 | cpu  242087556 31397915 73272789 8360182527 12001925 0 1363332 0 0 0
1791310740 2835, 13801, 71, 0x0000000000000000 | 1.57 2.11 1.97 | cpu  242087773 31397915 73272807 8360185700 12001925 0 1363333 0 0 0
1791310741 2842, 13801, 70, 0x0000000000000000 | 1.57 2.11 1.97 | cpu  242087906 31397915 73272821 8360188960 12001925 0 1363333 0 0 0
1791310742 2842, 13801, 71, 0x0000000000000004 | 1.57 2.11 1.97 | cpu  242088058 31397915 73272910 8360192107 12001926 0 1363333 0 0 0
1791310743 2827, 13801, 72, 0x0000000000000004 | 1.60 2.10 1.97 | cpu  242088177 31397915 73272963 8360195331 12001926 0 1363335 0 0 0
1791310744 2842, 13801, 72, 0x0000000000000004 | 1.60 2.10 1.97 | cpu  242088329 31397915 73273031 8360198523 12001926 0 1363336 0 0 0
1791310745 2835, 13801, 71, 0x0000000000000000 | 1.60 2.10 1.97 | cpu  242088436 31397915 73273049 8360201822 12001926 0 1363336 0 0 0
1791310746 2842, 13801, 70, 0x0000000000000000 | 1.60 2.10 1.97 | cpu  242088545 31397915 73273063 8360205108 12001926 0 1363337 0 0 0
1791310747 2835, 13801, 70, 0x0000000000000000 | 1.60 2.10 1.97 | cpu  242088662 31397915 73273099 8360208357 12001926 0 1363339 0 0 0
1791310748 2827, 13801, 70, 0x0000000000000000 | 1.64 2.10 1.97 | cpu  242088848 31397939 73273169 8360211465 12001927 0 1363339 0 0 0
1791310749 2827, 13801, 68, 0x0000000000000000 | 1.64 2.10 1.97 | cpu  242089029 31398022 73273246 8360214527 12001927 0 1363339 0 0 0
1791310750 2835, 13801, 72, 0x0000000000000000 | 1.64 2.10 1.97 | cpu  242089170 31398114 73273353 8360217583 12001927 0 1363339 0 0 0
1791310751 2842, 13801, 69, 0x0000000000000000 | 1.64 2.10 1.97 | cpu  242089413 31398140 73273427 8360220649 12001927 0 1363339 0 0 0
1791310752 2842, 13801, 70, 0x0000000000000000 | 1.64 2.10 1.97 | cpu  242089793 31398140 73273475 8360223618 12001927 0 1363340 0 0 0
1791310753 2842, 13801, 69, 0x0000000000000000 | 1.75 2.12 1.98 | cpu  242090050 31398140 73273572 8360226673 12001927 0 1363340 0 0 0
1791310754 2842, 13801, 70, 0x0000000000000000 | 1.75 2.12 1.98 | cpu  242090252 31398140 73273637 8360229803 12001928 0 1363341 0 0 0
1791310756 2827, 13801, 68, 0x0000000000000000 | 1.75 2.12 1.98 | cpu  242090486 31398140 73273728 8360232217 12002546 0 1363344 0 0 0
1791310757 2835, 13801, 70, 0x0000000000000004 | 1.75 2.12 1.98 | cpu  242090707 31398140 73273862 8360234489 12003300 0 1363353 0 0 0
1791310758 2827, 13801, 71, 0x0000000000000000 | 3.13 2.40 2.07 | cpu  242090895 31398140 73273965 8360236276 12004587 0 1363366 0 0 0
1791310759 2850, 13801, 70, 0x0000000000000000 | 3.13 2.40 2.07 | cpu  242091052 31398140 73274097 8360238023 12005904 0 1363376 0 0 0
1791310760 2842, 13801, 69, 0x0000000000000004 | 3.13 2.40 2.07 | cpu  242091212 31398140 73274226 8360240219 12006796 0 1363384 0 0 0
1791310761 2835, 13801, 71, 0x0000000000000004 | 3.13 2.40 2.07 | cpu  242091441 31398140 73274250 8360243369 12006796 0 1363385 0 0 0
1791310762 2827, 13801, 66, 0x0000000000000000 | 3.13 2.40 2.07 | cpu  242091654 31398140 73274269 8360246558 12006796 0 1363385 0 0 0
1791310763 2835, 13801, 72, 0x0000000000000004 | 3.04 2.39 2.07 | cpu  242091834 31398140 73274320 8360249726 12006796 0 1363385 0 0 0
1791310764 2842, 13801, 67, 0x0000000000000000 | 3.04 2.39 2.07 | cpu  242092016 31398140 73274368 8360252910 12006796 0 1363385 0 0 0
1791310765 2827, 13801, 71, 0x0000000000000000 | 3.04 2.39 2.07 | cpu  242092198 31398140 73274437 8360256069 12006796 0 1363385 0 0 0
1791310766 2827, 13801, 70, 0x0000000000000000 | 3.04 2.39 2.07 | cpu  242092356 31398140 73274510 8360259252 12006796 0 1363385 0 0 0
1791310767 2842, 13801, 70, 0x0000000000000004 | 3.04 2.39 2.07 | cpu  242092528 31398140 73274569 8360262436 12006796 0 1363385 0 0 0
1791310768 2842, 13801, 71, 0x0000000000000004 | 2.95 2.38 2.07 | cpu  242092682 31398140 73274649 8360265614 12006796 0 1363385 0 0 0
1791310769 2835, 13801, 71, 0x0000000000000000 | 2.95 2.38 2.07 | cpu  242092841 31398140 73274718 8360268797 12006796 0 1363385 0 0 0
1791310770 2842, 13801, 70, 0x0000000000000004 | 2.95 2.38 2.07 | cpu  242093056 31398140 73274735 8360271975 12006796 0 1363385 0 0 0
1791310772 2835, 13801, 70, 0x0000000000000000 | 2.95 2.38 2.07 | cpu  242093253 31398140 73274750 8360275179 12006796 0 1363385 0 0 0
1791310773 2842, 13801, 71, 0x0000000000000004 | 2.80 2.36 2.06 | cpu  242093369 31398140 73274771 8360278492 12006796 0 1363385 0 0 0
1791310774 2827, 13801, 71, 0x0000000000000004 | 2.80 2.36 2.06 | cpu  242093523 31398140 73274839 8360281698 12006796 0 1363385 0 0 0
1791310775 2842, 13801, 69, 0x0000000000000000 | 2.80 2.36 2.06 | cpu  242093677 31398140 73274920 8360284865 12006796 0 1363385 0 0 0
1791310776 2842, 13801, 72, 0x0000000000000004 | 2.80 2.36 2.06 | cpu  242093839 31398140 73274989 8360288041 12006796 0 1363385 0 0 0
1791310777 2827, 13801, 71, 0x0000000000000004 | 2.80 2.36 2.06 | cpu  242094054 31398140 73275004 8360291211 12006796 0 1363386 0 0 0
1791310778 2835, 13801, 70, 0x0000000000000004 | 2.73 2.35 2.06 | cpu  242094220 31398140 73275023 8360294434 12006797 0 1363386 0 0 0
1791310779 2827, 13801, 71, 0x0000000000000000 | 2.73 2.35 2.06 | cpu  242094331 31398140 73275041 8360297713 12006797 0 1363386 0 0 0
1791310780 2842, 13801, 70, 0x0000000000000000 | 2.73 2.35 2.06 | cpu  242094445 31398140 73275127 8360300914 12006797 0 1363386 0 0 0
1791310781 2835, 13801, 70, 0x0000000000000004 | 2.73 2.35 2.06 | cpu  242094591 31398140 73275226 8360304069 12006797 0 1363387 0 0 0
1791310782 2827, 13801, 71, 0x0000000000000000 | 2.73 2.35 2.06 | cpu  242094742 31398140 73275307 8360307220 12006797 0 1363387 0 0 0
1791310783 2842, 13801, 69, 0x0000000000000000 | 2.67 2.35 2.06 | cpu  242094906 31398140 73275394 8360310418 12006801 0 1363388 0 0 0
1791310784 2835, 13801, 69, 0x0000000000000000 | 2.67 2.35 2.06 | cpu  242095123 31398140 73275411 8360313581 12006801 0 1363388 0 0 0
1791310785 2835, 13801, 70, 0x0000000000000000 | 2.67 2.35 2.06 | cpu  242095280 31398140 73275454 8360316779 12006801 0 1363389 0 0 0
1791310786 2835, 13801, 71, 0x0000000000000004 | 2.67 2.35 2.06 | cpu  242095429 31398140 73275549 8360319972 12006801 0 1363389 0 0 0
1791310788 2835, 13801, 68, 0x0000000000000000 | 2.62 2.34 2.06 | cpu  242095615 31398140 73275594 8360323148 12006801 0 1363391 0 0 0
1791310789 2842, 13801, 72, 0x0000000000000004 | 2.62 2.34 2.06 | cpu  242095791 31398140 73275650 8360326347 12006801 0 1363391 0 0 0
1791310790 2835, 13801, 72, 0x0000000000000004 | 2.62 2.34 2.06 | cpu  242096018 31398140 73275736 8360329434 12006801 0 1363393 0 0 0
1791310791 2842, 13801, 70, 0x0000000000000000 | 2.62 2.34 2.06 | cpu  242096286 31398140 73275799 8360332545 12006801 0 1363393 0 0 0
1791310792 2842, 13801, 71, 0x0000000000000004 | 2.62 2.34 2.06 | cpu  242096499 31398140 73275816 8360335725 12006801 0 1363393 0 0 0
1791310793 2835, 13801, 71, 0x0000000000000004 | 2.57 2.34 2.06 | cpu  242096675 31398140 73275872 8360338897 12006802 0 1363394 0 0 0
1791310794 2835, 13801, 70, 0x0000000000000004 | 2.57 2.34 2.06 | cpu  242096860 31398140 73275918 8360342068 12006802 0 1363394 0 0 0
1791310795 2827, 13801, 72, 0x0000000000000000 | 2.57 2.34 2.06 | cpu  242097042 31398140 73275973 8360345252 12006802 0 1363394 0 0 0
1791310796 2857, 13801, 65, 0x0000000000000000 | 2.57 2.34 2.06 | cpu  242097194 31398140 73276051 8360348439 12006802 0 1363394 0 0 0
1791310797 2835, 13801, 71, 0x0000000000000004 | 2.57 2.34 2.06 | cpu  242097376 31398140 73276099 8360351611 12006802 0 1363394 0 0 0
1791310798 2835, 13801, 68, 0x0000000000000000 | 2.52 2.33 2.06 | cpu  242097550 31398140 73276149 8360354773 12006802 0 1363394 0 0 0
1791310799 2872, 13801, 59, 0x0000000000000000 | 2.52 2.33 2.06 | cpu  242097668 31398140 73276250 8360357946 12006802 0 1363394 0 0 0
1791310800 2797, 13801, 57, 0x0000000000000000 | 2.52 2.33 2.06 | cpu  242097850 31398140 73276298 8360361104 12006802 0 1363394 0 0 0
1791310801 2400, 13801, 56, 0x0000000000000000 | 2.52 2.33 2.06 | cpu  242098066 31398140 73276323 8360364243 12006802 0 1363394 0 0 0
1791310802 2400, 13801, 55, 0x0000000000000000 | 2.52 2.33 2.06 | cpu  242098261 31398140 73276362 8360367385 12006802 0 1363396 0 0 0
1791310804 2400, 13801, 54, 0x0000000000000000 | 2.48 2.32 2.06 | cpu  242098370 31398140 73276384 8360370648 12006802 0 1363396 0 0 0
1791310805 2400, 13801, 54, 0x0000000000000000 | 2.48 2.32 2.06 | cpu  242098469 31398140 73276400 8360373931 12006802 0 1363397 0 0 0
1791310806 2400, 13801, 53, 0x0000000000000000 | 2.48 2.32 2.06 | cpu  242098603 31398140 73276487 8360377099 12006802 0 1363397 0 0 0
1791310807 2400, 13801, 53, 0x0000000000000000 | 2.48 2.32 2.06 | cpu  242098753 31398140 73276563 8360380262 12006802 0 1363397 0 0 0
1791310808 2400, 13801, 53, 0x0000000000000000 | 2.44 2.32 2.06 | cpu  242098938 31398140 73276598 8360383435 12006802 0 1363398 0 0 0
1791310809 2400, 13801, 52, 0x0000000000000000 | 2.44 2.32 2.06 | cpu  242099080 31398140 73276682 8360386595 12006802 0 1363398 0 0 0
1791310810 2400, 13801, 52, 0x0000000000000000 | 2.44 2.32 2.06 | cpu  242099319 31398140 73276743 8360389674 12006802 0 1363398 0 0 0
1791310811 2400, 13801, 51, 0x0000000000000000 | 2.44 2.32 2.06 | cpu  242099534 31398140 73276782 8360392809 12006802 0 1363398 0 0 0
1791310812 2400, 13801, 51, 0x0000000000000000 | 2.44 2.32 2.06 | cpu  242099721 31398140 73276821 8360395970 12006802 0 1363398 0 0 0
1791310813 2400, 13801, 51, 0x0000000000000000 | 2.41 2.31 2.06 | cpu  242099872 31398140 73276888 8360399134 12006802 0 1363398 0 0 0
1791310814 2400, 13801, 51, 0x0000000000000000 | 2.41 2.31 2.06 | cpu  242100030 31398140 73276950 8360402301 12006802 0 1363398 0 0 0
1791310815 2400, 13801, 51, 0x0000000000000000 | 2.41 2.31 2.06 | cpu  242100188 31398140 73277010 8360405474 12006802 0 1363398 0 0 0
1791310816 2400, 13801, 50, 0x0000000000000000 | 2.41 2.31 2.06 | cpu  242100334 31398140 73277088 8360408648 12006802 0 1363398 0 0 0
1791310817 480, 810, 49, 0x0000000000000000 | 2.41 2.31 2.06 | cpu  242100517 31398140 73277133 8360411829 12006802 0 1363398 0 0 0
1791310818 367, 810, 49, 0x0000000000000000 | 2.37 2.31 2.06 | cpu  242100688 31398140 73277202 8360414993 12006802 0 1363399 0 0 0
1791310819 210, 405, 48, 0x0000000000000000 | 2.37 2.31 2.06 | cpu  242100820 31398140 73277332 8360418154 12006802 0 1363399 0 0 0
1791310820 180, 405, 48, 0x0000000000000000 | 2.37 2.31 2.06 | cpu  242101029 31398140 73277349 8360421337 12006802 0 1363399 0 0 0
1791310822 180, 405, 48, 0x0000000000000000 | 2.37 2.31 2.06 | cpu  242101185 31398140 73277369 8360424571 12006802 0 1363400 0 0 0
1791310823 180, 405, 48, 0x0000000000000000 | 2.26 2.29 2.05 | cpu  242101290 31398140 73277384 8360427873 12006802 0 1363400 0 0 0
1791310824 180, 405, 47, 0x0000000000000000 | 2.26 2.29 2.05 | cpu  242101439 31398140 73277455 8360431063 12006802 0 1363402 0 0 0
1791310825 180, 405, 47, 0x0000000000000000 | 2.26 2.29 2.05 | cpu  242101584 31398140 73277537 8360434240 12006802 0 1363402 0 0 0
1791310826 180, 405, 47, 0x0000000000000000 | 2.26 2.29 2.05 | cpu  242101752 31398140 73277602 8360437426 12006802 0 1363404 0 0 0
1791310827 180, 405, 47, 0x0000000000000000 | 2.26 2.29 2.05 | cpu  242101962 31398140 73277619 8360440610 12006802 0 1363404 0 0 0
1791310828 180, 405, 47, 0x0000000000000000 | 2.24 2.28 2.05 | cpu  242102171 31398140 73277636 8360443795 12006802 0 1363404 0 0 0
1791310829 180, 405, 46, 0x0000000000000000 | 2.24 2.28 2.05 | cpu  242102280 31398140 73277651 8360447076 12006802 0 1363405 0 0 0
1791310830 180, 405, 46, 0x0000000000000000 | 2.24 2.28 2.05 | cpu  242102395 31398140 73277672 8360450352 12006802 0 1363405 0 0 0
1791310831 180, 405, 46, 0x0000000000000000 | 2.24 2.28 2.05 | cpu  242102572 31398140 73277731 8360453528 12006802 0 1363407 0 0 0
1791310832 180, 405, 46, 0x0000000000000000 | 2.24 2.28 2.05 | cpu  242102753 31398140 73277810 8360456679 12006802 0 1363407 0 0 0
1791310833 180, 405, 46, 0x0000000000000000 | 2.22 2.28 2.05 | cpu  242102914 31398140 73277884 8360459851 12006802 0 1363407 0 0 0
1791310834 180, 405, 46, 0x0000000000000000 | 2.22 2.28 2.05 | cpu  242103125 31398140 73277902 8360463039 12006802 0 1363407 0 0 0
1791310835 180, 405, 46, 0x0000000000000000 | 2.22 2.28 2.05 | cpu  242103293 31398140 73277956 8360466237 12006802 0 1363407 0 0 0
1791310836 180, 405, 45, 0x0000000000000000 | 2.22 2.28 2.05 | cpu  242103469 31398140 73278009 8360469423 12006802 0 1363407 0 0 0
1791310838 180, 405, 45, 0x0000000000000000 | 2.20 2.27 2.05 | cpu  242103614 31398140 73278097 8360472605 12006802 0 1363407 0 0 0
1791310839 180, 405, 45, 0x0000000000000000 | 2.20 2.27 2.05 | cpu  242103770 31398140 73278180 8360475782 12006802 0 1363408 0 0 0
1791310840 180, 405, 45, 0x0000000000000000 | 2.20 2.27 2.05 | cpu  242104012 31398140 73278194 8360478947 12006802 0 1363408 0 0 0
1791310841 180, 405, 45, 0x0000000000000000 | 2.20 2.27 2.05 | cpu  242104199 31398140 73278243 8360482124 12006802 0 1363412 0 0 0
1791310842 180, 405, 45, 0x0000000000000000 | 2.20 2.27 2.05 | cpu  242104381 31398140 73278306 8360485291 12006803 0 1363412 0 0 0
1791310843 180, 405, 45, 0x0000000000000000 | 2.19 2.27 2.05 | cpu  242104539 31398140 73278413 8360488432 12006803 0 1363413 0 0 0
1791310844 180, 405, 45, 0x0000000000000000 | 2.19 2.27 2.05 | cpu  242104692 31398140 73278595 8360491508 12006803 0 1363413 0 0 0
1791310845 180, 405, 44, 0x0000000000000000 | 2.19 2.27 2.05 | cpu  242104907 31398140 73278607 8360494706 12006803 0 1363415 0 0 0
1791310846 180, 405, 44, 0x0000000000000000 | 2.19 2.27 2.05 | cpu  242105120 31398140 73278618 8360497897 12006803 0 1363415 0 0 0
1791310847 180, 405, 44, 0x0000000000000000 | 2.19 2.27 2.05 | cpu  242105233 31398140 73278639 8360501175 12006803 0 1363415 0 0 0
1791310848 180, 405, 44, 0x0000000000000000 | 2.09 2.24 2.05 | cpu  242105334 31398140 73278660 8360504461 12006803 0 1363415 0 0 0
1791310849 180, 405, 44, 0x0000000000000000 | 2.09 2.24 2.05 | cpu  242105436 31398140 73278681 8360507755 12006803 0 1363416 0 0 0
1791310850 180, 405, 44, 0x0000000000000000 | 2.09 2.24 2.05 | cpu  242105537 31398140 73278702 8360511054 12006803 0 1363416 0 0 0
1791310851 180, 405, 44, 0x0000000000000000 | 2.09 2.24 2.05 | cpu  242105645 31398140 73278709 8360514364 12006803 0 1363416 0 0 0
1791310853 180, 405, 44, 0x0000000000000000 | 2.17 2.26 2.05 | cpu  242105818 31398140 73278720 8360517598 12006803 0 1363417 0 0 0
1791310854 180, 405, 44, 0x0000000000000000 | 2.17 2.26 2.05 | cpu  242105980 31398140 73278787 8360520784 12006803 0 1363417 0 0 0
1791310855 180, 405, 43, 0x0000000000000000 | 2.17 2.26 2.05 | cpu  242106154 31398140 73278843 8360523968 12006803 0 1363417 0 0 0
1791310856 180, 405, 43, 0x0000000000000000 | 2.17 2.26 2.05 | cpu  242106326 31398140 73278899 8360527150 12006803 0 1363417 0 0 0
1791310857 180, 405, 43, 0x0000000000000000 | 2.17 2.26 2.05 | cpu  242106456 31398140 73278997 8360530334 12006803 0 1363417 0 0 0
1791310858 180, 405, 43, 0x0000000000000000 | 2.23 2.27 2.06 | cpu  242106583 31398140 73279137 8360533474 12006803 0 1363418 0 0 0
1791310859 180, 405, 43, 0x0000000000000000 | 2.23 2.27 2.06 | cpu  242106792 31398140 73279155 8360536655 12006803 0 1363418 0 0 0
1791310860 180, 405, 43, 0x0000000000000000 | 2.23 2.27 2.06 | cpu  242106951 31398140 73279161 8360539912 12006803 0 1363418 0 0 0
1791310861 180, 405, 43, 0x0000000000000000 | 2.23 2.27 2.06 | cpu  242107061 31398140 73279168 8360543210 12006803 0 1363418 0 0 0
1791310862 180, 405, 43, 0x0000000000000000 | 2.23 2.27 2.06 | cpu  242107166 31398140 73279181 8360546507 12006803 0 1363418 0 0 0
1791310863 180, 405, 43, 0x0000000000000000 | 2.13 2.25 2.05 | cpu  242107271 31398140 73279206 8360549792 12006803 0 1363420 0 0 0
1791310864 180, 405, 43, 0x0000000000000000 | 2.13 2.25 2.05 | cpu  242107372 31398140 73279228 8360553083 12006803 0 1363420 0 0 0
1791310865 180, 405, 42, 0x0000000000000000 | 2.13 2.25 2.05 | cpu  242107472 31398140 73279256 8360556364 12006803 0 1363420 0 0 0
1791310866 180, 405, 42, 0x0000000000000000 | 2.13 2.25 2.05 | cpu  242107575 31398140 73279275 8360559655 12006803 0 1363420 0 0 0
1791310867 180, 405, 42, 0x0000000000000000 | 2.13 2.25 2.05 | cpu  242107677 31398140 73279296 8360562951 12006803 0 1363420 0 0 0
1791310869 180, 405, 42, 0x0000000000000000 | 2.04 2.23 2.05 | cpu  242107777 31398140 73279318 8360566245 12006803 0 1363420 0 0 0
1791310870 180, 405, 42, 0x0000000000000000 | 2.04 2.23 2.05 | cpu  242107890 31398140 73279341 8360569514 12006803 0 1363425 0 0 0
1791310871 180, 405, 42, 0x0000000000000000 | 2.04 2.23 2.05 | cpu  242108001 31398140 73279361 8360572802 12006803 0 1363427 0 0 0
1791310872 180, 405, 42, 0x0000000000000000 | 2.04 2.23 2.05 | cpu  242108126 31398140 73279431 8360576018 12006804 0 1363428 0 0 0
1791310873 180, 405, 42, 0x0000000000000000 | 1.96 2.21 2.04 | cpu  242108233 31398140 73279440 8360579316 12006804 0 1363428 0 0 0
1791310874 180, 405, 42, 0x0000000000000000 | 1.96 2.21 2.04 | cpu  242108334 31398140 73279462 8360582601 12006804 0 1363430 0 0 0
1791310875 180, 405, 42, 0x0000000000000000 | 1.96 2.21 2.04 | cpu  242108442 31398140 73279485 8360585878 12006804 0 1363430 0 0 0
1791310876 180, 405, 42, 0x0000000000000000 | 1.96 2.21 2.04 | cpu  242108553 31398140 73279542 8360589122 12006804 0 1363430 0 0 0
1791310877 180, 405, 41, 0x0000000000000000 | 1.96 2.21 2.04 | cpu  242108711 31398140 73279613 8360592306 12006805 0 1363430 0 0 0
1791310878 180, 405, 42, 0x0000000000000000 | 1.96 2.20 2.04 | cpu  242108870 31398140 73279708 8360595450 12006805 0 1363434 0 0 0
1791310879 180, 405, 42, 0x0000000000000000 | 1.96 2.20 2.04 | cpu  242109081 31398140 73279729 8360598628 12006805 0 1363435 0 0 0
1791310880 180, 405, 42, 0x0000000000000000 | 1.96 2.20 2.04 | cpu  242109334 31398140 73279775 8360601731 12006805 0 1363435 0 0 0
1791310881 180, 405, 42, 0x0000000000000000 | 1.96 2.20 2.04 | cpu  242109542 31398140 73279795 8360604911 12006805 0 1363435 0 0 0
1791310882 180, 405, 42, 0x0000000000000000 | 1.96 2.20 2.04 | cpu  242109725 31398140 73279842 8360608083 12006805 0 1363437 0 0 0
1791310883 180, 405, 42, 0x0000000000000000 | 1.97 2.20 2.04 | cpu  242109912 31398140 73279883 8360611269 12006805 0 1363437 0 0 0
1791310885 180, 405, 42, 0x0000000000000000 | 1.97 2.20 2.04 | cpu  242110092 31398140 73279922 8360614452 12006805 0 1363437 0 0 0
1791310886 180, 405, 42, 0x0000000000000000 | 1.97 2.20 2.04 | cpu  242110233 31398140 73280012 8360617630 12006805 0 1363439 0 0 0
1791310887 180, 405, 42, 0x0000000000000000 | 1.97 2.20 2.04 | cpu  242110423 31398140 73280062 8360620782 12006805 0 1363439 0 0 0
1791310888 180, 405, 42, 0x0000000000000000 | 2.05 2.21 2.04 | cpu  242110641 31398140 73280143 8360623886 12006805 0 1363439 0 0 0
1791310889 180, 405, 42, 0x0000000000000000 | 2.05 2.21 2.04 | cpu  242110812 31398140 73280203 8360627066 12006805 0 1363439 0 0 0
1791310890 180, 405, 42, 0x0000000000000000 | 2.05 2.21 2.04 | cpu  242110948 31398140 73280299 8360630246 12006805 0 1363439 0 0 0
1791310891 180, 405, 42, 0x0000000000000000 | 2.05 2.21 2.04 | cpu  242111091 31398140 73280388 8360633435 12006805 0 1363439 0 0 0
1791310892 180, 405, 42, 0x0000000000000000 | 2.05 2.21 2.04 | cpu  242111246 31398140 73280470 8360636608 12006805 0 1363440 0 0 0
1791310893 180, 405, 42, 0x0000000000000000 | 2.04 2.21 2.04 | cpu  242111392 31398140 73280566 8360639786 12006805 0 1363442 0 0 0
1791310894 180, 405, 42, 0x0000000000000000 | 2.04 2.21 2.04 | cpu  242111601 31398140 73280587 8360642973 12006805 0 1363442 0 0 0
1791310895 180, 405, 42, 0x0000000000000000 | 2.04 2.21 2.04 | cpu  242111810 31398140 73280605 8360646167 12006805 0 1363442 0 0 0
1791310896 180, 405, 42, 0x0000000000000000 | 2.04 2.21 2.04 | cpu  242112018 31398140 73280626 8360649347 12006805 0 1363442 0 0 0
1791310897 180, 405, 42, 0x0000000000000000 | 2.04 2.21 2.04 | cpu  242112190 31398140 73280690 8360652514 12006805 0 1363442 0 0 0
1791310898 180, 405, 42, 0x0000000000000000 | 2.04 2.21 2.04 | cpu  242112331 31398140 73280779 8360655693 12006805 0 1363442 0 0 0
1791310899 180, 405, 42, 0x0000000000000000 | 2.04 2.21 2.04 | cpu  242112495 31398140 73280843 8360658875 12006805 0 1363442 0 0 0
1791310901 180, 405, 42, 0x0000000000000000 | 2.04 2.21 2.04 | cpu  242112709 31398140 73280849 8360662061 12006805 0 1363442 0 0 0
1791310902 180, 405, 42, 0x0000000000000000 | 2.04 2.21 2.04 | cpu  242112871 31398140 73280864 8360665293 12006806 0 1363444 0 0 0
1791310903 180, 405, 42, 0x0000000000000000 | 1.96 2.19 2.04 | cpu  242112979 31398140 73280870 8360668591 12006806 0 1363444 0 0 0
1791310904 180, 405, 42, 0x0000000000000000 | 1.96 2.19 2.04 | cpu  242113087 31398140 73280877 8360671886 12006806 0 1363444 0 0 0
1791310905 180, 405, 42, 0x0000000000000000 | 1.96 2.19 2.04 | cpu  242113193 31398140 73280893 8360675175 12006806 0 1363445 0 0 0
1791310906 180, 405, 42, 0x0000000000000000 | 1.96 2.19 2.04 | cpu  242113300 31398140 73280915 8360678475 12006806 0 1363445 0 0 0
1791310907 180, 405, 42, 0x0000000000000000 | 1.96 2.19 2.04 | cpu  242113409 31398140 73281014 8360681689 12006806 0 1363445 0 0 0
1791310908 180, 405, 42, 0x0000000000000000 | 1.88 2.17 2.03 | cpu  242113517 31398140 73281071 8360684943 12006806 0 1363446 0 0 0
1791310909 180, 405, 42, 0x0000000000000000 | 1.88 2.17 2.03 | cpu  242113621 31398140 73281095 8360688227 12006806 0 1363450 0 0 0
1791310910 180, 405, 42, 0x0000000000000000 | 1.88 2.17 2.03 | cpu  242113722 31398140 73281122 8360691512 12006806 0 1363450 0 0 0
1791310911 180, 405, 42, 0x0000000000000000 | 1.88 2.17 2.03 | cpu  242113823 31398140 73281144 8360694804 12006806 0 1363451 0 0 0
1791310912 180, 405, 42, 0x0000000000000000 | 1.88 2.17 2.03 | cpu  242113921 31398140 73281166 8360698091 12006806 0 1363451 0 0 0
1791310913 180, 405, 42, 0x0000000000000000 | 1.81 2.15 2.03 | cpu  242114027 31398140 73281187 8360701375 12006806 0 1363452 0 0 0
1791310914 172, 405, 42, 0x0000000000000000 | 1.81 2.15 2.03 | cpu  242114130 31398140 73281218 8360704663 12006806 0 1363453 0 0 0
1791310915 180, 405, 42, 0x0000000000000000 | 1.81 2.15 2.03 | cpu  242114231 31398140 73281239 8360707958 12006806 0 1363453 0 0 0
1791310917 180, 405, 42, 0x0000000000000000 | 1.81 2.15 2.03 | cpu  242114333 31398140 73281259 8360711250 12006806 0 1363453 0 0 0
1791310918 180, 405, 43, 0x0000000000000000 | 1.74 2.13 2.02 | cpu  242114439 31398140 73281286 8360714535 12006806 0 1363454 0 0 0
1791310919 180, 405, 43, 0x0000000000000000 | 1.74 2.13 2.02 | cpu  242114551 31398140 73281328 8360717787 12006806 0 1363457 0 0 0
1791310920 180, 405, 43, 0x0000000000000000 | 1.74 2.13 2.02 | cpu  242114686 31398140 73281408 8360720981 12006806 0 1363457 0 0 0
1791310921 180, 405, 43, 0x0000000000000000 | 1.74 2.13 2.02 | cpu  242114864 31398140 73281457 8360724167 12006806 0 1363458 0 0 0
1791310922 172, 405, 43, 0x0000000000000000 | 1.74 2.13 2.02 | cpu  242115051 31398140 73281496 8360727356 12006806 0 1363458 0 0 0
1791310923 180, 405, 43, 0x0000000000000000 | 1.77 2.12 2.02 | cpu  242115218 31398140 73281550 8360730548 12006806 0 1363458 0 0 0
1791310924 180, 405, 43, 0x0000000000000000 | 1.77 2.12 2.02 | cpu  242115348 31398140 73281648 8360733736 12006806 0 1363458 0 0 0
1791310925 180, 405, 43, 0x0000000000000000 | 1.77 2.12 2.02 | cpu  242115573 31398140 73281659 8360736923 12006806 0 1363459 0 0 0
1791310926 180, 405, 43, 0x0000000000000000 | 1.77 2.12 2.02 | cpu  242115764 31398140 73281691 8360740113 12006806 0 1363459 0 0 0
1791310927 180, 405, 43, 0x0000000000000000 | 1.77 2.12 2.02 | cpu  242115927 31398140 73281756 8360743305 12006806 0 1363459 0 0 0
1791310928 180, 405, 43, 0x0000000000000000 | 1.78 2.12 2.02 | cpu  242116053 31398140 73281860 8360746494 12006806 0 1363459 0 0 0
1791310929 180, 405, 43, 0x0000000000000000 | 1.78 2.12 2.02 | cpu  242116261 31398140 73281882 8360749677 12006806 0 1363460 0 0 0
1791310930 180, 405, 43, 0x0000000000000000 | 1.78 2.12 2.02 | cpu  242116450 31398140 73281903 8360752877 12006806 0 1363460 0 0 0
1791310931 180, 405, 43, 0x0000000000000000 | 1.78 2.12 2.02 | cpu  242116561 31398140 73281940 8360756134 12006806 0 1363461 0 0 0
1791310933 180, 405, 43, 0x0000000000000000 | 1.88 2.14 2.02 | cpu  242116723 31398140 73282009 8360759314 12006806 0 1363462 0 0 0
1791310934 180, 405, 43, 0x0000000000000000 | 1.88 2.14 2.02 | cpu  242116861 31398140 73282118 8360762472 12006806 0 1363463 0 0 0
1791310935 180, 405, 43, 0x0000000000000000 | 1.88 2.14 2.02 | cpu  242117039 31398140 73282203 8360765616 12006806 0 1363464 0 0 0
1791310936 180, 405, 43, 0x0000000000000000 | 1.88 2.14 2.02 | cpu  242117257 31398140 73282277 8360768735 12006806 0 1363466 0 0 0
1791310937 180, 405, 43, 0x0000000000000000 | 1.88 2.14 2.02 | cpu  242117377 31398140 73282291 8360772016 12006806 0 1363466 0 0 0
1791310938 180, 405, 43, 0x0000000000000000 | 1.89 2.13 2.02 | cpu  242117508 31398140 73282342 8360775248 12006806 0 1363467 0 0 0
1791310939 180, 405, 43, 0x0000000000000000 | 1.89 2.13 2.02 | cpu  242117638 31398140 73282441 8360778431 12006806 0 1363467 0 0 0
1791310940 180, 405, 43, 0x0000000000000000 | 1.89 2.13 2.02 | cpu  242117852 31398140 73282459 8360781609 12006806 0 1363467 0 0 0
1791310941 180, 405, 43, 0x0000000000000000 | 1.89 2.13 2.02 | cpu  242118014 31398140 73282501 8360784815 12006806 0 1363467 0 0 0
1791310942 180, 405, 43, 0x0000000000000000 | 1.89 2.13 2.02 | cpu  242118165 31398140 73282583 8360787991 12006806 0 1363467 0 0 0
1791310943 180, 405, 43, 0x0000000000000000 | 1.90 2.13 2.02 | cpu  242118309 31398140 73282669 8360791170 12006806 0 1363468 0 0 0
1791310944 180, 405, 43, 0x0000000000000000 | 1.90 2.13 2.02 | cpu  242118521 31398140 73282678 8360794366 12006806 0 1363468 0 0 0
1791310945 180, 405, 43, 0x0000000000000000 | 1.90 2.13 2.02 | cpu  242118736 31398140 73282691 8360797564 12006806 0 1363468 0 0 0
1791310946 180, 405, 43, 0x0000000000000000 | 1.90 2.13 2.02 | cpu  242118951 31398140 73282704 8360800755 12006806 0 1363468 0 0 0
1791310947 180, 405, 43, 0x0000000000000000 | 1.90 2.13 2.02 | cpu  242119166 31398140 73282718 8360803945 12006806 0 1363468 0 0 0
1791310949 180, 405, 43, 0x0000000000000000 | 1.91 2.13 2.02 | cpu  242119380 31398140 73282730 8360807126 12006806 0 1363468 0 0 0
1791310950 180, 405, 43, 0x0000000000000000 | 1.91 2.13 2.02 | cpu  242119563 31398140 73282773 8360810310 12006806 0 1363469 0 0 0
1791310951 180, 405, 43, 0x0000000000000000 | 1.91 2.13 2.02 | cpu  242119721 31398140 73282837 8360813498 12006806 0 1363469 0 0 0
1791310952 180, 405, 43, 0x0000000000000000 | 1.91 2.13 2.02 | cpu  242119866 31398140 73282912 8360816684 12006806 0 1363469 0 0 0
1791310953 180, 405, 43, 0x0000000000000000 | 1.92 2.13 2.02 | cpu  242120081 31398140 73282920 8360819875 12006806 0 1363469 0 0 0
1791310954 180, 405, 43, 0x0000000000000000 | 1.92 2.13 2.02 | cpu  242120295 31398140 73282926 8360823063 12006806 0 1363469 0 0 0
1791310955 180, 405, 43, 0x0000000000000000 | 1.92 2.13 2.02 | cpu  242120512 31398140 73282935 8360826249 12006806 0 1363470 0 0 0
1791310956 180, 405, 43, 0x0000000000000000 | 1.92 2.13 2.02 | cpu  242120727 31398140 73282942 8360829439 12006806 0 1363470 0 0 0
1791310957 180, 405, 43, 0x0000000000000000 | 1.92 2.13 2.02 | cpu  242120995 31398140 73282950 8360832571 12006807 0 1363471 0 0 0
1791310958 180, 405, 43, 0x0000000000000000 | 2.00 2.14 2.03 | cpu  242121323 31398140 73282961 8360835636 12006807 0 1363471 0 0 0
1791310959 180, 405, 43, 0x0000000000000000 | 2.00 2.14 2.03 | cpu  242121538 31398140 73282976 8360838818 12006807 0 1363471 0 0 0
1791310960 180, 405, 43, 0x0000000000000000 | 2.00 2.14 2.03 | cpu  242121730 31398140 73283013 8360841997 12006807 0 1363471 0 0 0
1791310961 180, 405, 43, 0x0000000000000000 | 2.00 2.14 2.03 | cpu  242121915 31398140 73283059 8360845178 12006807 0 1363471 0 0 0
1791310962 180, 405, 43, 0x0000000000000000 | 2.00 2.14 2.03 | cpu  242122092 31398140 73283125 8360848364 12006807 0 1363472 0 0 0
1791310963 180, 405, 43, 0x0000000000000000 | 2.00 2.14 2.03 | cpu  242122252 31398140 73283194 8360851552 12006807 0 1363472 0 0 0
1791310965 180, 405, 43, 0x0000000000000000 | 2.00 2.14 2.03 | cpu  242122422 31398140 73283252 8360854738 12006807 0 1363472 0 0 0
1791310966 180, 405, 43, 0x0000000000000000 | 2.00 2.14 2.03 | cpu  242122604 31398140 73283304 8360857916 12006807 0 1363472 0 0 0
1791310967 180, 405, 43, 0x0000000000000000 | 2.00 2.14 2.03 | cpu  242122736 31398140 73283405 8360861092 12006807 0 1363472 0 0 0
1791310968 180, 405, 43, 0x0000000000000000 | 2.00 2.14 2.03 | cpu  242122938 31398140 73283446 8360864264 12006807 0 1363472 0 0 0
1791310969 180, 405, 43, 0x0000000000000000 | 2.00 2.14 2.03 | cpu  242123140 31398140 73283477 8360867439 12006807 0 1363473 0 0 0
1791310970 180, 405, 43, 0x0000000000000000 | 2.00 2.14 2.03 | cpu  242123287 31398140 73283617 8360870557 12006807 0 1363473 0 0 0
1791310971 180, 405, 43, 0x0000000000000000 | 2.00 2.14 2.03 | cpu  242123463 31398140 73283735 8360873670 12006807 0 1363476 0 0 0
1791310972 180, 405, 44, 0x0000000000000000 | 2.00 2.14 2.03 | cpu  242123678 31398140 73283749 8360876849 12006807 0 1363477 0 0 0
1791310973 180, 405, 43, 0x0000000000000000 | 2.00 2.13 2.03 | cpu  242123894 31398140 73283762 8360880038 12006807 0 1363477 0 0 0
1791310974 180, 405, 44, 0x0000000000000000 | 2.00 2.13 2.03 | cpu  242124110 31398140 73283776 8360883226 12006807 0 1363478 0 0 0
1791310975 180, 405, 44, 0x0000000000000000 | 2.00 2.13 2.03 | cpu  242124325 31398140 73283790 8360886414 12006807 0 1363478 0 0 0
1791310976 180, 405, 44, 0x0000000000000000 | 2.00 2.13 2.03 | cpu  242124540 31398140 73283803 8360889602 12006807 0 1363478 0 0 0
1791310977 180, 405, 44, 0x0000000000000000 | 2.00 2.13 2.03 | cpu  242124759 31398140 73283819 8360892777 12006807 0 1363479 0 0 0
1791310978 180, 405, 44, 0x0000000000000000 | 2.08 2.15 2.03 | cpu  242124975 31398140 73283832 8360895966 12006807 0 1363479 0 0 0
1791310979 180, 405, 44, 0x0000000000000000 | 2.08 2.15 2.03 | cpu  242125107 31398140 73283848 8360899242 12006807 0 1363480 0 0 0
1791310981 180, 405, 44, 0x0000000000000000 | 2.08 2.15 2.03 | cpu  242125217 31398140 73283862 8360902549 12006807 0 1363480 0 0 0
1791310982 180, 405, 44, 0x0000000000000000 | 2.08 2.15 2.03 | cpu  242125327 31398140 73283879 8360905835 12006807 0 1363480 0 0 0
1791310983 180, 405, 44, 0x0000000000000000 | 2.07 2.15 2.03 | cpu  242125447 31398140 73283934 8360909075 12006807 0 1363482 0 0 0
1791310984 180, 405, 44, 0x0000000000000000 | 2.07 2.15 2.03 | cpu  242125563 31398140 73283979 8360912326 12006807 0 1363482 0 0 0
1791310985 180, 405, 44, 0x0000000000000000 | 2.07 2.15 2.03 | cpu  242125672 31398140 73283994 8360915617 12006807 0 1363483 0 0 0
1791310986 180, 405, 44, 0x0000000000000000 | 2.07 2.15 2.03 | cpu  242125780 31398140 73284008 8360918915 12006808 0 1363483 0 0 0
1791310987 180, 405, 44, 0x0000000000000000 | 2.07 2.15 2.03 | cpu  242125889 31398140 73284021 8360922209 12006808 0 1363483 0 0 0
1791310988 180, 405, 44, 0x0000000000000000 | 2.07 2.14 2.03 | cpu  242126094 31398140 73284039 8360925405 12006808 0 1363484 0 0 0
1791310989 180, 405, 44, 0x0000000000000000 | 2.07 2.14 2.03 | cpu  242126269 31398140 73284101 8360928586 12006808 0 1363488 0 0 0
1791310990 180, 405, 44, 0x0000000000000000 | 2.07 2.14 2.03 | cpu  242126450 31398140 73284149 8360931774 12006808 0 1363489 0 0 0
1791310991 180, 405, 44, 0x0000000000000000 | 2.07 2.14 2.03 | cpu  242126597 31398140 73284230 8360934960 12006808 0 1363489 0 0 0
1791310992 180, 405, 44, 0x0000000000000000 | 2.07 2.14 2.03 | cpu  242126785 31398140 73284276 8360938138 12006808 0 1363492 0 0 0
1791310993 180, 405, 44, 0x0000000000000000 | 2.06 2.14 2.03 | cpu  242126968 31398140 73284323 8360941323 12006808 0 1363492 0 0 0
1791310994 180, 405, 44, 0x0000000000000000 | 2.06 2.14 2.03 | cpu  242127110 31398140 73284412 8360944508 12006808 0 1363493 0 0 0
1791310996 180, 405, 44, 0x0000000000000000 | 2.06 2.14 2.03 | cpu  242127292 31398140 73284458 8360947691 12006808 0 1363493 0 0 0
1791310997 180, 405, 44, 0x0000000000000000 | 2.06 2.14 2.03 | cpu  242127476 31398140 73284508 8360950877 12006808 0 1363493 0 0 0
1791310998 180, 405, 44, 0x0000000000000000 | 2.06 2.14 2.03 | cpu  242127652 31398140 73284589 8360954033 12006808 0 1363496 0 0 0
1791310999 180, 405, 44, 0x0000000000000000 | 2.06 2.14 2.03 | cpu  242127791 31398140 73284738 8360957166 12006808 0 1363497 0 0 0
1791311000 180, 405, 44, 0x0000000000000000 | 2.06 2.14 2.03 | cpu  242128010 31398140 73284769 8360960338 12006808 0 1363497 0 0 0
1791311001 180, 405, 44, 0x0000000000000000 | 2.06 2.14 2.03 | cpu  242128172 31398140 73284789 8360963565 12006808 0 1363499 0 0 0
1791311002 180, 405, 44, 0x0000000000000000 | 2.06 2.14 2.03 | cpu  242128280 31398140 73284803 8360966855 12006808 0 1363501 0 0 0
1791311003 180, 405, 44, 0x0000000000000000 | 2.05 2.14 2.03 | cpu  242128389 31398140 73284817 8360970149 12006808 0 1363501 0 0 0
1791311004 180, 405, 44, 0x0000000000000000 | 2.05 2.14 2.03 | cpu  242128497 31398140 73284832 8360973437 12006808 0 1363501 0 0 0
1791311005 180, 405, 44, 0x0000000000000000 | 2.05 2.14 2.03 | cpu  242128605 31398140 73284846 8360976730 12006808 0 1363501 0 0 0
1791311006 172, 405, 44, 0x0000000000000000 | 2.05 2.14 2.03 | cpu  242128713 31398140 73284860 8360980024 12006808 0 1363501 0 0 0
1791311007 180, 405, 44, 0x0000000000000000 | 2.05 2.14 2.03 | cpu  242128822 31398140 73284874 8360983321 12006808 0 1363501 0 0 0
1791311008 180, 405, 44, 0x0000000000000000 | 1.97 2.12 2.02 | cpu  242128936 31398140 73284893 8360986612 12006808 0 1363501 0 0 0
1791311009 180, 405, 44, 0x0000000000000000 | 1.97 2.12 2.02 | cpu  242129044 31398140 73284905 8360989905 12006808 0 1363501 0 0 0
1791311010 180, 405, 44, 0x0000000000000000 | 1.97 2.12 2.02 | cpu  242129153 31398140 73284919 8360993206 12006808 0 1363502 0 0 0
1791311012 180, 405, 44, 0x0000000000000000 | 1.97 2.12 2.02 | cpu  242129265 31398140 73284935 8360996493 12006808 0 1363504 0 0 0
1791311013 180, 405, 44, 0x0000000000000000 | 1.89 2.10 2.02 | cpu  242129374 31398140 73284949 8360999789 12006808 0 1363504 0 0 0
1791311014 180, 405, 44, 0x0000000000000000 | 1.89 2.10 2.02 | cpu  242129483 31398140 73284964 8361003076 12006808 0 1363504 0 0 0
1791311015 180, 405, 44, 0x0000000000000000 | 1.89 2.10 2.02 | cpu  242129592 31398140 73284979 8361006365 12006808 0 1363504 0 0 0
1791311016 180, 405, 44, 0x0000000000000000 | 1.89 2.10 2.02 | cpu  242129700 31398140 73284994 8361009660 12006808 0 1363504 0 0 0
1791311017 180, 405, 44, 0x0000000000000000 | 1.89 2.10 2.02 | cpu  242129809 31398140 73285007 8361012958 12006808 0 1363504 0 0 0
1791311018 180, 405, 44, 0x0000000000000000 | 1.82 2.08 2.01 | cpu  242129917 31398140 73285021 8361016248 12006808 0 1363504 0 0 0
1791311019 180, 405, 44, 0x0000000000000000 | 1.82 2.08 2.01 | cpu  242130026 31398140 73285035 8361019543 12006808 0 1363505 0 0 0
1791311020 172, 405, 44, 0x0000000000000000 | 1.82 2.08 2.01 | cpu  242130135 31398140 73285047 8361022838 12006808 0 1363505 0 0 0
1791311021 180, 405, 44, 0x0000000000000000 | 1.82 2.08 2.01 | cpu  242130246 31398140 73285064 8361026119 12006808 0 1363505 0 0 0
1791311022 180, 405, 44, 0x0000000000000000 | 1.82 2.08 2.01 | cpu  242130360 31398140 73285085 8361029402 12006809 0 1363506 0 0 0
1791311023 180, 405, 44, 0x0000000000000000 | 1.83 2.08 2.01 | cpu  242130533 31398140 73285152 8361032576 12006809 0 1363507 0 0 0
1791311024 180, 405, 44, 0x0000000000000000 | 1.83 2.08 2.01 | cpu  242130776 31398140 73285236 8361035663 12006809 0 1363508 0 0 0
1791311025 180, 405, 44, 0x0000000000000000 | 1.83 2.08 2.01 | cpu  242131002 31398140 73285291 8361038794 12006809 0 1363508 0 0 0
1791311026 172, 405, 44, 0x0000000000000000 | 1.83 2.08 2.01 | cpu  242131218 31398140 73285304 8361041984 12006809 0 1363508 0 0 0
1791311028 180, 405, 44, 0x0000000000000000 | 1.93 2.09 2.02 | cpu  242131432 31398140 73285317 8361045172 12006809 0 1363508 0 0 0
1791311029 180, 405, 44, 0x0000000000000000 | 1.93 2.09 2.02 | cpu  242131650 31398140 73285335 8361048351 12006809 0 1363508 0 0 0
1791311030 180, 405, 44, 0x0000000000000000 | 1.93 2.09 2.02 | cpu  242131818 31398140 73285396 8361051534 12006809 0 1363508 0 0 0
1791311031 180, 405, 44, 0x0000000000000000 | 1.93 2.09 2.02 | cpu  242132003 31398140 73285449 8361054710 12006809 0 1363509 0 0 0
1791311032 180, 405, 44, 0x0000000000000000 | 1.93 2.09 2.02 | cpu  242132200 31398140 73285501 8361057858 12006809 0 1363509 0 0 0
1791311033 180, 405, 44, 0x0000000000000000 | 1.93 2.09 2.02 | cpu  242132364 31398140 73285608 8361060983 12006809 0 1363512 0 0 0
1791311034 180, 405, 44, 0x0000000000000000 | 1.93 2.09 2.02 | cpu  242132555 31398140 73285745 8361064054 12006809 0 1363515 0 0 0
1791311035 180, 405, 44, 0x0000000000000000 | 1.93 2.09 2.02 | cpu  242132738 31398140 73285789 8361067232 12006809 0 1363515 0 0 0
1791311036 180, 405, 44, 0x0000000000000000 | 1.93 2.09 2.02 | cpu  242132887 31398140 73285868 8361070409 12006809 0 1363515 0 0 0
1791311037 180, 405, 44, 0x0000000000000000 | 1.93 2.09 2.02 | cpu  242133019 31398140 73285979 8361073581 12006809 0 1363515 0 0 0
1791311038 180, 405, 44, 0x0000000000000000 | 1.94 2.09 2.02 | cpu  242133222 31398140 73286018 8361076750 12006809 0 1363515 0 0 0
1791311039 180, 405, 44, 0x0000000000000000 | 1.94 2.09 2.02 | cpu  242133414 31398140 73286056 8361079932 12006809 0 1363516 0 0 0
1791311040 180, 405, 44, 0x0000000000000000 | 1.94 2.09 2.02 | cpu  242133585 31398140 73286177 8361083046 12006809 0 1363516 0 0 0
1791311041 180, 405, 44, 0x0000000000000000 | 1.94 2.09 2.02 | cpu  242133743 31398140 73286307 8361086161 12006809 0 1363516 0 0 0
1791311042 180, 405, 44, 0x0000000000000000 | 1.94 2.09 2.02 | cpu  242133890 31398140 73286402 8361089333 12006809 0 1363516 0 0 0
1791311044 180, 405, 45, 0x0000000000000000 | 1.94 2.09 2.01 | cpu  242134109 31398140 73286415 8361092510 12006809 0 1363516 0 0 0
1791311045 180, 405, 44, 0x0000000000000000 | 1.94 2.09 2.01 | cpu  242134255 31398140 73286434 8361095779 12006809 0 1363516 0 0 0
1791311046 180, 405, 45, 0x0000000000000000 | 1.94 2.09 2.01 | cpu  242134368 31398140 73286456 8361099074 12006809 0 1363517 0 0 0
1791311047 180, 405, 45, 0x0000000000000000 | 1.94 2.09 2.01 | cpu  242134477 31398140 73286472 8361102353 12006809 0 1363518 0 0 0
1791311048 180, 405, 45, 0x0000000000000000 | 1.87 2.07 2.01 | cpu  242134587 31398140 73286486 8361105638 12006809 0 1363518 0 0 0
1791311049 2857, 13801, 57, 0x0000000000000000 | 1.87 2.07 2.01 | cpu  242134694 31398140 73286503 8361108922 12006809 0 1363519 0 0 0
1791311050 2857, 13801, 59, 0x0000000000000000 | 1.87 2.07 2.01 | cpu  242134800 31398140 73286522 8361112211 12006809 0 1363519 0 0 0
1791311051 2857, 13801, 61, 0x0000000000000000 | 1.87 2.07 2.01 | cpu  242134908 31398140 73286534 8361115497 12006809 0 1363519 0 0 0
1791311052 2857, 13801, 62, 0x0000000000000000 | 1.87 2.07 2.01 | cpu  242135018 31398140 73286552 8361118773 12006809 0 1363519 0 0 0
1791311053 2842, 13801, 63, 0x0000000000000004 | 1.88 2.07 2.01 | cpu  242135205 31398140 73286626 8361121918 12006809 0 1363520 0 0 0
1791311054 2835, 13801, 63, 0x0000000000000000 | 1.88 2.07 2.01 | cpu  242135358 31398140 73286713 8361125128 12006809 0 1363520 0 0 0
1791311055 2835, 13801, 65, 0x0000000000000000 | 1.88 2.07 2.01 | cpu  242135518 31398140 73286782 8361128310 12006809 0 1363520 0 0 0
1791311056 2842, 13801, 63, 0x0000000000000000 | 1.88 2.07 2.01 | cpu  242135735 31398140 73286798 8361131502 12006809 0 1363521 0 0 0
1791311057 2835, 13801, 64, 0x0000000000000000 | 1.88 2.07 2.01 | cpu  242135931 31398140 73286819 8361134696 12006809 0 1363521 0 0 0
1791311058 2842, 13801, 65, 0x0000000000000000 | 1.81 2.05 2.00 | cpu  242136044 31398140 73286847 8361137961 12006809 0 1363522 0 0 0
1791311060 2842, 13801, 66, 0x0000000000000004 | 1.81 2.05 2.00 | cpu  242136192 31398140 73286934 8361141140 12006810 0 1363522 0 0 0
1791311061 2835, 13801, 66, 0x0000000000000004 | 1.81 2.05 2.00 | cpu  242136346 31398140 73287009 8361144311 12006810 0 1363522 0 0 0
1791311062 2835, 13801, 65, 0x0000000000000000 | 1.81 2.05 2.00 | cpu  242136565 31398140 73287028 8361147482 12006810 0 1363524 0 0 0
1791311063 2835, 13801, 66, 0x0000000000000000 | 1.82 2.05 2.00 | cpu  242136783 31398140 73287048 8361150655 12006810 0 1363525 0 0 0
1791311064 2842, 13801, 64, 0x0000000000000000 | 1.82 2.05 2.00 | cpu  242136968 31398140 73287093 8361153832 12006810 0 1363525 0 0 0
1791311065 2857, 13801, 65, 0x0000000000000004 | 1.82 2.05 2.00 | cpu  242137104 31398140 73287199 8361157044 12006810 0 1363526 0 0 0
1791311066 2835, 13801, 68, 0x0000000000000004 | 1.82 2.05 2.00 | cpu  242137301 31398140 73287231 8361160224 12006810 0 1363526 0 0 0
1791311067 2842, 13801, 65, 0x0000000000000000 | 1.82 2.05 2.00 | cpu  242137481 31398140 73287285 8361163402 12006810 0 1363527 0 0 0
1791311068 2835, 13801, 67, 0x0000000000000004 | 1.84 2.05 2.00 | cpu  242137638 31398140 73287366 8361166572 12006810 0 1363529 0 0 0
1791311069 2842, 13801, 66, 0x0000000000000000 | 1.84 2.05 2.00 | cpu  242137797 31398140 73287437 8361169745 12006810 0 1363530 0 0 0
1791311070 2835, 13801, 69, 0x0000000000000004 | 1.84 2.05 2.00 | cpu  242138011 31398140 73287451 8361172920 12006810 0 1363531 0 0 0
1791311071 2842, 13801, 66, 0x0000000000000000 | 1.84 2.05 2.00 | cpu  242138201 31398140 73287492 8361176097 12006810 0 1363532 0 0 0
1791311072 2842, 13801, 63, 0x0000000000000000 | 1.84 2.05 2.00 | cpu  242138356 31398140 73287567 8361179277 12006810 0 1363532 0 0 0
1791311073 2835, 13801, 69, 0x0000000000000000 | 1.93 2.06 2.01 | cpu  242138504 31398140 73287648 8361182458 12006810 0 1363532 0 0 0
1791311074 2842, 13801, 68, 0x0000000000000004 | 1.93 2.06 2.01 | cpu  242138722 31398140 73287680 8361185605 12006810 0 1363532 0 0 0
1791311076 2835, 13801, 68, 0x0000000000000004 | 1.93 2.06 2.01 | cpu  242138937 31398140 73287699 8361188794 12006810 0 1363532 0 0 0
1791311077 2842, 13801, 67, 0x0000000000000000 | 1.93 2.06 2.01 | cpu  242139152 31398140 73287713 8361191979 12006810 0 1363532 0 0 0
1791311078 2835, 13801, 68, 0x0000000000000000 | 2.10 2.10 2.02 | cpu  242139384 31398140 73287730 8361195143 12006810 0 1363535 0 0 0
1791311079 2835, 13801, 66, 0x0000000000000000 | 2.10 2.10 2.02 | cpu  242139554 31398140 73287791 8361198320 12006810 0 1363535 0 0 0
1791311080 2835, 13801, 68, 0x0000000000000004 | 2.10 2.10 2.02 | cpu  242139694 31398140 73287888 8361201480 12006810 0 1363537 0 0 0
1791311081 2835, 13801, 69, 0x0000000000000004 | 2.10 2.10 2.02 | cpu  242139885 31398140 73287938 8361204640 12006810 0 1363537 0 0 0
1791311082 2842, 13801, 68, 0x0000000000000000 | 2.10 2.10 2.02 | cpu  242140098 31398140 73287961 8361207803 12006810 0 1363538 0 0 0
1791311083 2835, 13801, 69, 0x0000000000000000 | 2.09 2.09 2.02 | cpu  242140253 31398140 73288006 8361211006 12006810 0 1363538 0 0 0
1791311084 2842, 13801, 68, 0x0000000000000000 | 2.09 2.09 2.02 | cpu  242140461 31398140 73288054 8361214151 12006810 0 1363538 0 0 0
1791311085 2835, 13801, 70, 0x0000000000000004 | 2.09 2.09 2.02 | cpu  242140641 31398140 73288104 8361217337 12006810 0 1363538 0 0 0
1791311086 2835, 13801, 68, 0x0000000000000000 | 2.09 2.09 2.02 | cpu  242140769 31398140 73288207 8361220510 12006810 0 1363539 0 0 0
1791311087 2835, 13801, 69, 0x0000000000000004 | 2.09 2.09 2.02 | cpu  242140969 31398140 73288240 8361223705 12006810 0 1363539 0 0 0
1791311088 2835, 13801, 70, 0x0000000000000004 | 2.08 2.09 2.02 | cpu  242141186 31398140 73288257 8361226874 12006810 0 1363540 0 0 0
1791311089 2842, 13801, 67, 0x0000000000000000 | 2.08 2.09 2.02 | cpu  242141371 31398140 73288303 8361230044 12006810 0 1363540 0 0 0
1791311090 2835, 13801, 70, 0x0000000000000004 | 2.08 2.09 2.02 | cpu  242141550 31398140 73288353 8361233220 12006810 0 1363541 0 0 0
1791311092 2842, 13801, 68, 0x0000000000000000 | 2.08 2.09 2.02 | cpu  242141691 31398140 73288447 8361236396 12006810 0 1363541 0 0 0
1791311093 2850, 13801, 68, 0x0000000000000004 | 2.08 2.09 2.02 | cpu  242141881 31398140 73288497 8361239557 12006810 0 1363541 0 0 0
1791311094 2835, 13801, 70, 0x0000000000000004 | 2.08 2.09 2.02 | cpu  242142094 31398140 73288516 8361242734 12006810 0 1363541 0 0 0
1791311095 2842, 13801, 69, 0x0000000000000000 | 2.08 2.09 2.02 | cpu  242142265 31398140 73288582 8361245915 12006810 0 1363541 0 0 0
1791311096 2835, 13801, 69, 0x0000000000000000 | 2.08 2.09 2.02 | cpu  242142402 31398140 73288678 8361249082 12006810 0 1363541 0 0 0
1791311097 2835, 13801, 69, 0x0000000000000000 | 2.08 2.09 2.02 | cpu  242142588 31398140 73288812 8361252156 12006810 0 1363541 0 0 0
1791311098 2835, 13801, 70, 0x0000000000000004 | 2.07 2.09 2.02 | cpu  242142804 31398140 73288856 8361255315 12006810 0 1363542 0 0 0
1791311099 2835, 13801, 70, 0x0000000000000004 | 2.07 2.09 2.02 | cpu  242142966 31398140 73288871 8361258559 12006811 0 1363542 0 0 0
1791311100 2835, 13801, 70, 0x0000000000000004 | 2.07 2.09 2.02 | cpu  242143081 31398140 73288887 8361261842 12006811 0 1363542 0 0 0
1791311101 2835, 13801, 70, 0x0000000000000004 | 2.07 2.09 2.02 | cpu  242143272 31398140 73288976 8361264960 12006811 0 1363543 0 0 0
1791311102 2842, 13801, 69, 0x0000000000000000 | 2.07 2.09 2.02 | cpu  242143430 31398140 73289087 8361268099 12006811 0 1363544 0 0 0
1791311103 2835, 13801, 69, 0x0000000000000004 | 2.06 2.09 2.02 | cpu  242143616 31398140 73289132 8361271275 12006811 0 1363544 0 0 0
1791311104 2835, 13801, 70, 0x0000000000000004 | 2.06 2.09 2.02 | cpu  242143832 31398140 73289148 8361274447 12006811 0 1363545 0 0 0
1791311105 2835, 13801, 70, 0x0000000000000000 | 2.06 2.09 2.02 | cpu  242144000 31398140 73289210 8361277622 12006811 0 1363545 0 0 0
1791311106 2835, 13801, 71, 0x0000000000000000 | 2.06 2.09 2.02 | cpu  242144131 31398140 73289310 8361280811 12006811 0 1363545 0 0 0
1791311108 2835, 13801, 70, 0x0000000000000004 | 2.06 2.09 2.02 | cpu  242144334 31398140 73289338 8361283983 12006811 0 1363545 0 0 0
1791311109 2835, 13801, 70, 0x0000000000000004 | 2.06 2.09 2.01 | cpu  242144547 31398140 73289360 8361287158 12006811 0 1363545 0 0 0
1791311110 2842, 13801, 69, 0x0000000000000000 | 2.06 2.09 2.01 | cpu  242144659 31398140 73289378 8361290433 12006811 0 1363545 0 0 0
1791311111 2835, 13801, 70, 0x0000000000000004 | 2.06 2.09 2.01 | cpu  242144772 31398140 73289429 8361293676 12006811 0 1363546 0 0 0
1791311112 2835, 13801, 71, 0x0000000000000004 | 2.06 2.09 2.01 | cpu  242144935 31398140 73289476 8361296868 12006811 0 1363546 0 0 0
1791311113 2827, 13801, 70, 0x0000000000000004 | 2.05 2.08 2.01 | cpu  242145152 31398140 73289492 8361300043 12006811 0 1363547 0 0 0
1791311114 2835, 13801, 70, 0x0000000000000004 | 2.05 2.08 2.01 | cpu  242145326 31398140 73289556 8361303212 12006811 0 1363548 0 0 0
1791311115 2842, 13801, 69, 0x0000000000000000 | 2.05 2.08 2.01 | cpu  242145508 31398140 73289603 8361306379 12006811 0 1363548 0 0 0
1791311116 2835, 13801, 70, 0x0000000000000004 | 2.05 2.08 2.01 | cpu  242145687 31398140 73289653 8361309548 12006811 0 1363548 0 0 0
1791311117 2842, 13801, 68, 0x0000000000000000 | 2.05 2.08 2.01 | cpu  242145835 31398140 73289734 8361312721 12006811 0 1363548 0 0 0
1791311118 2842, 13801, 70, 0x0000000000000004 | 2.05 2.08 2.01 | cpu  242146017 31398140 73289780 8361315893 12006811 0 1363548 0 0 0
1791311119 2835, 13801, 71, 0x0000000000000000 | 2.05 2.08 2.01 | cpu  242146170 31398140 73289858 8361319061 12006811 0 1363549 0 0 0
1791311120 2842, 13801, 68, 0x0000000000000000 | 2.05 2.08 2.01 | cpu  242146331 31398140 73289928 8361322253 12006811 0 1363549 0 0 0
1791311121 2835, 13801, 69, 0x0000000000000000 | 2.05 2.08 2.01 | cpu  242146545 31398140 73289944 8361325437 12006811 0 1363549 0 0 0
1791311122 2835, 13801, 71, 0x0000000000000000 | 2.05 2.08 2.01 | cpu  242146711 31398140 73289959 8361328652 12006811 0 1363549 0 0 0
1791311123 2835, 13801, 71, 0x0000000000000004 | 1.96 2.06 2.01 | cpu  242146819 31398140 73289978 8361331949 12006811 0 1363549 0 0 0
1791311125 2835, 13801, 70, 0x0000000000000000 | 1.96 2.06 2.01 | cpu  242146927 31398140 73289993 8361335242 12006811 0 1363549 0 0 0
1791311126 2835, 13801, 71, 0x0000000000000004 | 1.96 2.06 2.01 | cpu  242147134 31398140 73290012 8361338416 12006811 0 1363550 0 0 0
1791311127 2835, 13801, 72, 0x0000000000000004 | 1.96 2.06 2.01 | cpu  242147294 31398140 73290090 8361341582 12006811 0 1363550 0 0 0
1791311128 2842, 13801, 68, 0x0000000000000000 | 1.97 2.06 2.01 | cpu  242147480 31398140 73290135 8361344771 12006811 0 1363553 0 0 0
1791311129 2835, 13801, 72, 0x0000000000000000 | 1.97 2.06 2.01 | cpu  242147669 31398140 73290183 8361347939 12006811 0 1363553 0 0 0
1791311130 2842, 13801, 69, 0x0000000000000000 | 1.97 2.06 2.01 | cpu  242147924 31398140 73290263 8361350999 12006811 0 1363553 0 0 0
1791311131 2835, 13801, 68, 0x0000000000000000 | 1.97 2.06 2.01 | cpu  242148148 31398140 73290313 8361354136 12006811 0 1363553 0 0 0
1791311132 2842, 13801, 71, 0x0000000000000000 | 1.97 2.06 2.01 | cpu  242148293 31398140 73290406 8361357316 12006811 0 1363553 0 0 0
1791311133 2835, 13801, 67, 0x0000000000000000 | 2.05 2.08 2.01 | cpu  242148481 31398140 73290460 8361360484 12006811 0 1363555 0 0 0
1791311134 2827, 13801, 72, 0x0000000000000000 | 2.05 2.08 2.01 | cpu  242148666 31398140 73290507 8361363655 12006811 0 1363555 0 0 0
1791311135 2842, 13801, 69, 0x0000000000000000 | 2.05 2.08 2.01 | cpu  242148845 31398140 73290559 8361366847 12006811 0 1363555 0 0 0
1791311136 2827, 13801, 71, 0x0000000000000004 | 2.05 2.08 2.01 | cpu  242149027 31398140 73290606 8361370019 12006811 0 1363556 0 0 0
1791311137 2842, 13801, 71, 0x0000000000000000 | 2.05 2.08 2.01 | cpu  242149197 31398140 73290671 8361373188 12006811 0 1363559 0 0 0
1791311138 2835, 13801, 70, 0x0000000000000004 | 2.05 2.08 2.01 | cpu  242149357 31398140 73290742 8361376358 12006811 0 1363559 0 0 0
1791311139 2827, 13801, 71, 0x0000000000000004 | 2.05 2.08 2.01 | cpu  242149541 31398140 73290786 8361379531 12006811 0 1363559 0 0 0
1791311141 2842, 13801, 67, 0x0000000000000000 | 2.05 2.08 2.01 | cpu  242149675 31398140 73290884 8361382704 12006811 0 1363559 0 0 0
1791311142 2827, 13801, 71, 0x0000000000000004 | 2.05 2.08 2.01 | cpu  242149864 31398140 73290936 8361385877 12006812 0 1363559 0 0 0
1791311143 2842, 13801, 70, 0x0000000000000004 | 2.04 2.08 2.01 | cpu  242150082 31398140 73290954 8361389046 12006812 0 1363560 0 0 0
1791311144 2827, 13801, 72, 0x0000000000000004 | 2.04 2.08 2.01 | cpu  242150239 31398140 73290969 8361392273 12006812 0 1363560 0 0 0
1791311145 2842, 13801, 70, 0x0000000000000000 | 2.04 2.08 2.01 | cpu  242150348 31398140 73290985 8361395565 12006812 0 1363560 0 0 0
1791311146 2842, 13801, 70, 0x0000000000000004 | 2.04 2.08 2.01 | cpu  242150456 31398140 73290999 8361398855 12006812 0 1363560 0 0 0
1791311147 2827, 13801, 71, 0x0000000000000004 | 2.04 2.08 2.01 | cpu  242150573 31398140 73291041 8361402104 12006812 0 1363561 0 0 0
1791311148 2835, 13801, 70, 0x0000000000000004 | 2.04 2.07 2.01 | cpu  242150752 31398140 73291097 8361405284 12006812 0 1363562 0 0 0
1791311149 2827, 13801, 73, 0x0000000000000000 | 2.04 2.07 2.01 | cpu  242150884 31398140 73291196 8361408451 12006812 0 1363562 0 0 0
1791311150 2835, 13801, 70, 0x0000000000000004 | 2.04 2.07 2.01 | cpu  242151077 31398140 73291233 8361411634 12006812 0 1363564 0 0 0
1791311151 2827, 13801, 72, 0x0000000000000000 | 2.04 2.07 2.01 | cpu  242151291 31398140 73291249 8361414819 12006812 0 1363564 0 0 0
1791311152 2827, 13801, 71, 0x0000000000000000 | 2.04 2.07 2.01 | cpu  242151452 31398140 73291283 8361418044 12006812 0 1363564 0 0 0
1791311153 2842, 13801, 71, 0x0000000000000004 | 1.95 2.06 2.01 | cpu  242151559 31398140 73291300 8361421357 12006812 0 1363564 0 0 0
1791311154 2827, 13801, 71, 0x0000000000000004 | 1.95 2.06 2.01 | cpu  242151668 31398140 73291316 8361424649 12006812 0 1363564 0 0 0
1791311155 2842, 13801, 70, 0x0000000000000004 | 1.95 2.06 2.01 | cpu  242151776 31398140 73291331 8361427943 12006812 0 1363565 0 0 0
1791311157 2827, 13801, 71, 0x0000000000000004 | 1.95 2.06 2.01 | cpu  242151885 31398140 73291346 8361431237 12006812 0 1363565 0 0 0
1791311158 2835, 13801, 70, 0x0000000000000004 | 1.88 2.04 2.00 | cpu  242152001 31398140 73291370 8361434501 12006812 0 1363567 0 0 0
1791311159 2827, 13801, 72, 0x0000000000000000 | 1.88 2.04 2.00 | cpu  242152114 31398140 73291392 8361437761 12006812 0 1363567 0 0 0
1791311160 2842, 13801, 71, 0x0000000000000000 | 1.88 2.04 2.00 | cpu  242152229 31398140 73291456 8361440986 12006812 0 1363569 0 0 0
1791311161 2835, 13801, 72, 0x0000000000000000 | 1.88 2.04 2.00 | cpu  242152342 31398140 73291541 8361444199 12006812 0 1363569 0 0 0
1791311162 2827, 13801, 71, 0x0000000000000004 | 1.88 2.04 2.00 | cpu  242152450 31398140 73291556 8361447488 12006812 0 1363569 0 0 0
1791311163 2827, 13801, 73, 0x0000000000000004 | 1.81 2.02 1.99 | cpu  242152557 31398140 73291570 8361450780 12006812 0 1363569 0 0 0
1791311164 2827, 13801, 71, 0x0000000000000004 | 1.81 2.02 1.99 | cpu  242152667 31398140 73291586 8361454059 12006812 0 1363569 0 0 0
1791311165 2827, 13801, 72, 0x0000000000000000 | 1.81 2.02 1.99 | cpu  242152775 31398140 73291602 8361457348 12006812 0 1363571 0 0 0
1791311166 2827, 13801, 73, 0x0000000000000004 | 1.81 2.02 1.99 | cpu  242152883 31398140 73291617 8361460631 12006812 0 1363571 0 0 0
1791311167 2842, 13801, 71, 0x0000000000000000 | 1.81 2.02 1.99 | cpu  242152992 31398140 73291631 8361463923 12006812 0 1363571 0 0 0
1791311168 2835, 13801, 71, 0x0000000000000004 | 1.74 2.00 1.99 | cpu  242153101 31398140 73291646 8361467209 12006812 0 1363571 0 0 0
1791311169 2835, 13801, 69, 0x0000000000000000 | 1.74 2.00 1.99 | cpu  242153209 31398140 73291661 8361470489 12006812 0 1363572 0 0 0
1791311170 2827, 13801, 72, 0x0000000000000004 | 1.74 2.00 1.99 | cpu  242153317 31398140 73291675 8361473781 12006812 0 1363572 0 0 0
1791311171 2827, 13801, 72, 0x0000000000000004 | 1.74 2.00 1.99 | cpu  242153427 31398140 73291693 8361477054 12006812 0 1363573 0 0 0
1791311173 2827, 13801, 72, 0x0000000000000004 | 1.74 2.00 1.99 | cpu  242153540 31398140 73291712 8361480359 12006812 0 1363575 0 0 0
1791311174 2835, 13801, 71, 0x0000000000000004 | 1.76 2.00 1.99 | cpu  242153647 31398140 73291732 8361483655 12006812 0 1363575 0 0 0
1791311175 2842, 13801, 70, 0x0000000000000000 | 1.76 2.00 1.99 | cpu  242153756 31398140 73291747 8361486943 12006812 0 1363576 0 0 0
1791311176 2827, 13801, 70, 0x0000000000000004 | 1.76 2.00 1.99 | cpu  242153866 31398140 73291767 8361490223 12006812 0 1363579 0 0 0
1791311177 2827, 13801, 72, 0x0000000000000004 | 1.76 2.00 1.99 | cpu  242154034 31398140 73291814 8361493421 12006812 0 1363580 0 0 0
1791311178 2827, 13801, 71, 0x0000000000000004 | 1.78 2.00 1.99 | cpu  242154217 31398140 73291860 8361496602 12006813 0 1363581 0 0 0
1791311179 2827, 13801, 71, 0x0000000000000004 | 1.78 2.00 1.99 | cpu  242154397 31398140 73291910 8361499779 12006813 0 1363582 0 0 0
1791311180 2827, 13801, 72, 0x0000000000000000 | 1.78 2.00 1.99 | cpu  242154549 31398140 73291988 8361502952 12006813 0 1363582 0 0 0
1791311181 2820, 13801, 71, 0x0000000000000004 | 1.78 2.00 1.99 | cpu  242154729 31398140 73292038 8361506132 12006813 0 1363583 0 0 0
1791311182 2842, 13801, 71, 0x0000000000000000 | 1.78 2.00 1.99 | cpu  242154883 31398140 73292120 8361509305 12006813 0 1363583 0 0 0
1791311183 2835, 13801, 71, 0x0000000000000004 | 1.80 2.00 1.99 | cpu  242155050 31398140 73292198 8361512458 12006813 0 1363584 0 0 0
1791311184 2827, 13801, 72, 0x0000000000000000 | 1.80 2.00 1.99 | cpu  242155265 31398140 73292214 8361515628 12006813 0 1363584 0 0 0
1791311185 2827, 13801, 71, 0x0000000000000004 | 1.80 2.00 1.99 | cpu  242155453 31398140 73292228 8361518836 12006813 0 1363584 0 0 0
1791311186 2827, 13801, 73, 0x0000000000000000 | 1.80 2.00 1.99 | cpu  242155562 31398140 73292244 8361522118 12006813 0 1363584 0 0 0
1791311187 2842, 13801, 71, 0x0000000000000000 | 1.80 2.00 1.99 | cpu  242155670 31398140 73292258 8361525399 12006813 0 1363584 0 0 0
1791311189 2827, 13801, 72, 0x0000000000000004 | 1.74 1.99 1.98 | cpu  242155779 31398140 73292273 8361528706 12006813 0 1363584 0 0 0
1791311190 2842, 13801, 71, 0x0000000000000000 | 1.74 1.99 1.98 | cpu  242155913 31398140 73292334 8361531917 12006813 0 1363586 0 0 0
1791311191 2827, 13801, 73, 0x0000000000000000 | 1.74 1.99 1.98 | cpu  242156058 31398140 73292438 8361535060 12006813 0 1363588 0 0 0
1791311192 2835, 13801, 70, 0x0000000000000000 | 1.74 1.99 1.98 | cpu  242156239 31398140 73292554 8361538169 12006813 0 1363592 0 0 0
1791311193 2827, 13801, 70, 0x0000000000000004 | 1.76 1.99 1.99 | cpu  242156454 31398140 73292568 8361541343 12006813 0 1363592 0 0 0
1791311194 2827, 13801, 71, 0x0000000000000004 | 1.76 1.99 1.99 | cpu  242156605 31398140 73292588 8361544576 12006813 0 1363593 0 0 0
1791311195 2835, 13801, 73, 0x0000000000000004 | 1.76 1.99 1.99 | cpu  242156713 31398140 73292602 8361547864 12006813 0 1363593 0 0 0
1791311196 2827, 13801, 72, 0x0000000000000004 | 1.76 1.99 1.99 | cpu  242156822 31398140 73292617 8361551166 12006813 0 1363593 0 0 0
1791311197 2835, 13801, 71, 0x0000000000000004 | 1.76 1.99 1.99 | cpu  242156930 31398140 73292630 8361554458 12006813 0 1363593 0 0 0
1791311198 2835, 13801, 71, 0x0000000000000000 | 1.78 1.99 1.99 | cpu  242157039 31398140 73292647 8361557737 12006813 0 1363593 0 0 0
1791311199 2842, 13801, 71, 0x0000000000000000 | 1.78 1.99 1.99 | cpu  242157189 31398140 73292662 8361560984 12006813 0 1363594 0 0 0
1791311200 2842, 13801, 70, 0x0000000000000004 | 1.78 1.99 1.99 | cpu  242157365 31398140 73292716 8361564171 12006813 0 1363594 0 0 0
1791311201 2827, 13801, 71, 0x0000000000000004 | 1.78 1.99 1.99 | cpu  242157548 31398140 73292766 8361567344 12006813 0 1363594 0 0 0
1791311202 2835, 13801, 72, 0x0000000000000004 | 1.78 1.99 1.99 | cpu  242157734 31398140 73292823 8361570530 12006813 0 1363594 0 0 0
1791311203 2827, 13801, 70, 0x0000000000000004 | 1.87 2.00 1.99 | cpu  242157884 31398140 73292904 8361573715 12006813 0 1363594 0 0 0
1791311205 2835, 13801, 72, 0x0000000000000004 | 1.87 2.00 1.99 | cpu  242158077 31398140 73292951 8361576875 12006813 0 1363594 0 0 0
1791311206 2827, 13801, 70, 0x0000000000000004 | 1.87 2.00 1.99 | cpu  242158243 31398140 73293028 8361580034 12006813 0 1363594 0 0 0
1791311207 2842, 13801, 71, 0x0000000000000000 | 1.87 2.00 1.99 | cpu  242158383 31398140 73293127 8361583203 12006813 0 1363594 0 0 0
1791311208 2842, 13801, 70, 0x0000000000000004 | 1.89 2.00 1.99 | cpu  242158596 31398140 73293141 8361586376 12006813 0 1363595 0 0 0
1791311209 2827, 13801, 72, 0x0000000000000004 | 1.89 2.00 1.99 | cpu  242158814 31398140 73293161 8361589540 12006813 0 1363595 0 0 0
1791311210 2842, 13801, 70, 0x0000000000000000 | 1.89 2.00 1.99 | cpu  242158979 31398140 73293231 8361592742 12006813 0 1363595 0 0 0
1791311211 2842, 13801, 66, 0x0000000000000000 | 1.89 2.00 1.99 | cpu  242159132 31398140 73293307 8361595919 12006813 0 1363595 0 0 0
1791311212 2842, 13801, 71, 0x0000000000000000 | 1.89 2.00 1.99 | cpu  242159285 31398140 73293384 8361599099 12006813 0 1363595 0 0 0
1791311213 2827, 13801, 70, 0x0000000000000004 | 1.89 2.00 1.99 | cpu  242159500 31398140 73293401 8361602282 12006813 0 1363596 0 0 0
1791311214 2842, 13801, 71, 0x0000000000000000 | 1.89 2.00 1.99 | cpu  242159677 31398140 73293417 8361605505 12006813 0 1363596 0 0 0
1791311215 2842, 13801, 71, 0x0000000000000000 | 1.89 2.00 1.99 | cpu  242159785 31398140 73293430 8361608798 12006813 0 1363596 0 0 0
1791311216 2820, 13801, 71, 0x0000000000000000 | 1.89 2.00 1.99 | cpu  242159895 31398140 73293448 8361612072 12006813 0 1363596 0 0 0
1791311217 2835, 13801, 72, 0x0000000000000004 | 1.89 2.00 1.99 | cpu  242160030 31398140 73293497 8361615315 12006813 0 1363596 0 0 0
1791311218 2827, 13801, 71, 0x0000000000000000 | 1.90 2.00 1.99 | cpu  242160196 31398140 73293563 8361618500 12006813 0 1363596 0 0 0
1791311219 2842, 13801, 71, 0x0000000000000000 | 1.90 2.00 1.99 | cpu  242160333 31398140 73293661 8361621673 12006814 0 1363596 0 0 0
1791311221 2827, 13801, 71, 0x0000000000000004 | 1.90 2.00 1.99 | cpu  242160548 31398140 73293677 8361624842 12006814 0 1363596 0 0 0
1791311222 2842, 13801, 71, 0x0000000000000000 | 1.90 2.00 1.99 | cpu  242160687 31398140 73293701 8361628087 12006814 0 1363597 0 0 0
1791311223 2835, 13801, 70, 0x0000000000000004 | 1.91 2.00 1.99 | cpu  242160808 31398140 73293748 8361631341 12006814 0 1363598 0 0 0
1791311224 2827, 13801, 71, 0x0000000000000004 | 1.91 2.00 1.99 | cpu  242160930 31398140 73293916 8361634448 12006814 0 1363598 0 0 0
1791311225 2827, 13801, 72, 0x0000000000000000 | 1.91 2.00 1.99 | cpu  242161043 31398140 73293941 8361637716 12006814 0 1363598 0 0 0
1791311226 2827, 13801, 71, 0x0000000000000004 | 1.91 2.00 1.99 | cpu  242161150 31398140 73293955 8361640998 12006814 0 1363598 0 0 0
1791311227 2842, 13801, 71, 0x0000000000000000 | 1.91 2.00 1.99 | cpu  242161304 31398140 73293992 8361644219 12006814 0 1363598 0 0 0
1791311228 2827, 13801, 72, 0x0000000000000004 | 1.84 1.98 1.99 | cpu  242161417 31398140 73294012 8361647502 12006814 0 1363600 0 0 0
1791311229 2835, 13801, 71, 0x0000000000000000 | 1.84 1.98 1.99 | cpu  242161530 31398140 73294041 8361650782 12006814 0 1363600 0 0 0
1791311230 2835, 13801, 71, 0x0000000000000004 | 1.84 1.98 1.99 | cpu  242161636 31398140 73294058 8361654077 12006814 0 1363600 0 0 0
1791311231 2827, 13801, 70, 0x0000000000000000 | 1.84 1.98 1.99 | cpu  242161745 31398140 73294074 8361657371 12006814 0 1363600 0 0 0
1791311232 2827, 13801, 70, 0x0000000000000004 | 1.84 1.98 1.99 | cpu  242161856 31398140 73294092 8361660663 12006814 0 1363600 0 0 0
1791311233 2835, 13801, 71, 0x0000000000000004 | 1.77 1.97 1.98 | cpu  242161969 31398140 73294113 8361663951 12006814 0 1363600 0 0 0
1791311234 2842, 13801, 69, 0x0000000000000000 | 1.77 1.97 1.98 | cpu  242162079 31398140 73294126 8361667241 12006814 0 1363600 0 0 0
1791311235 2835, 13801, 70, 0x0000000000000004 | 1.77 1.97 1.98 | cpu  242162206 31398140 73294177 8361670466 12006814 0 1363600 0 0 0
1791311237 2842, 13801, 71, 0x0000000000000000 | 1.77 1.97 1.98 | cpu  242162366 31398140 73294256 8361673631 12006814 0 1363601 0 0 0
1791311238 2842, 13801, 69, 0x0000000000000004 | 1.79 1.97 1.98 | cpu  242162526 31398140 73294336 8361676798 12006814 0 1363601 0 0 0
1791311239 2827, 13801, 72, 0x0000000000000004 | 1.79 1.97 1.98 | cpu  242162746 31398140 73294377 8361679923 12006814 0 1363601 0 0 0
1791311240 2835, 13801, 70, 0x0000000000000004 | 1.79 1.97 1.98 | cpu  242162930 31398140 73294493 8361683021 12006814 0 1363602 0 0 0
1791311241 2827, 13801, 70, 0x0000000000000004 | 1.79 1.97 1.98 | cpu  242163075 31398140 73294575 8361686193 12006814 0 1363602 0 0 0
1791311242 2842, 13801, 71, 0x0000000000000000 | 1.79 1.97 1.98 | cpu  242163244 31398140 73294642 8361689360 12006814 0 1363602 0 0 0
1791311243 2842, 13801, 70, 0x0000000000000000 | 1.81 1.97 1.98 | cpu  242163457 31398140 73294660 8361692536 12006814 0 1363602 0 0 0
1791311244 2827, 13801, 70, 0x0000000000000004 | 1.81 1.97 1.98 | cpu  242163673 31398140 73294674 8361695719 12006814 0 1363603 0 0 0
1791311245 2842, 13801, 71, 0x0000000000000004 | 1.81 1.97 1.98 | cpu  242163856 31398140 73294688 8361698938 12006814 0 1363604 0 0 0
1791311246 2827, 13801, 73, 0x0000000000000000 | 1.81 1.97 1.98 | cpu  242163964 31398140 73294703 8361702225 12006814 0 1363606 0 0 0
1791311247 2835, 13801, 71, 0x0000000000000004 | 1.81 1.97 1.98 | cpu  242164073 31398140 73294719 8361705522 12006814 0 1363606 0 0 0
1791311248 2827, 13801, 71, 0x0000000000000004 | 1.82 1.97 1.98 | cpu  242164181 31398140 73294737 8361708814 12006814 0 1363606 0 0 0
1791311249 2842, 13801, 70, 0x0000000000000000 | 1.82 1.97 1.98 | cpu  242164289 31398140 73294750 8361712103 12006814 0 1363606 0 0 0
1791311250 2835, 13801, 71, 0x0000000000000004 | 1.82 1.97 1.98 | cpu  242164400 31398140 73294768 8361715383 12006814 0 1363606 0 0 0
1791311251 2827, 13801, 72, 0x0000000000000000 | 1.82 1.97 1.98 | cpu  242164509 31398140 73294783 8361718670 12006814 0 1363606 0 0 0
1791311253 2835, 13801, 70, 0x0000000000000004 | 1.82 1.97 1.98 | cpu  242164616 31398140 73294797 8361721965 12006814 0 1363606 0 0 0
1791311254 2827, 13801, 71, 0x0000000000000004 | 1.76 1.95 1.98 | cpu  242164726 31398140 73294819 8361725244 12006814 0 1363606 0 0 0
1791311255 2835, 13801, 70, 0x0000000000000004 | 1.76 1.95 1.98 | cpu  242164839 31398140 73294860 8361728503 12006814 0 1363606 0 0 0
1791311256 2827, 13801, 72, 0x0000000000000000 | 1.76 1.95 1.98 | cpu  242164952 31398140 73294920 8361731751 12006814 0 1363606 0 0 0
1791311257 2842, 13801, 71, 0x0000000000000000 | 1.76 1.95 1.98 | cpu  242165060 31398140 73294933 8361735025 12006814 0 1363606 0 0 0
1791311258 2835, 13801, 70, 0x0000000000000004 | 1.70 1.94 1.97 | cpu  242165173 31398140 73294951 8361738296 12006814 0 1363607 0 0 0
1791311259 2835, 13801, 70, 0x0000000000000000 | 1.70 1.94 1.97 | cpu  242165314 31398140 73294983 8361741527 12006814 0 1363607 0 0 0
1791311260 2827, 13801, 71, 0x0000000000000004 | 1.70 1.94 1.97 | cpu  242165488 31398140 73295038 8361744702 12006814 0 1363607 0 0 0
1791311261 2827, 13801, 69, 0x0000000000000000 | 1.70 1.94 1.97 | cpu  242165670 31398140 73295086 8361747878 12006814 0 1363607 0 0 0
1791311262 2827, 13801, 72, 0x0000000000000000 | 1.70 1.94 1.97 | cpu  242165828 31398140 73295177 8361751049 12006815 0 1363608 0 0 0
1791311263 2827, 13801, 72, 0x0000000000000000 | 1.72 1.94 1.97 | cpu  242165991 31398140 73295252 8361754226 12006815 0 1363610 0 0 0
1791311264 2842, 13801, 71, 0x0000000000000000 | 1.72 1.94 1.97 | cpu  242166207 31398140 73295265 8361757413 12006815 0 1363611 0 0 0
1791311265 2827, 13801, 71, 0x0000000000000004 | 1.72 1.94 1.97 | cpu  242166393 31398140 73295282 8361760624 12006815 0 1363611 0 0 0
1791311266 2835, 13801, 71, 0x0000000000000000 | 1.72 1.94 1.97 | cpu  242166502 31398140 73295297 8361763910 12006815 0 1363611 0 0 0
1791311267 2835, 13801, 67, 0x0000000000000000 | 1.72 1.94 1.97 | cpu  242166608 31398140 73295314 8361767209 12006815 0 1363611 0 0 0
1791311269 2835, 13801, 69, 0x0000000000000000 | 1.66 1.92 1.97 | cpu  242166743 31398140 73295328 8361770467 12006815 0 1363612 0 0 0
1791311270 2827, 13801, 72, 0x0000000000000000 | 1.66 1.92 1.97 | cpu  242166964 31398140 73295351 8361773652 12006815 0 1363612 0 0 0
1791311271 2827, 13801, 72, 0x0000000000000000 | 1.66 1.92 1.97 | cpu  242167141 31398140 73295439 8361776806 12006815 0 1363612 0 0 0
1791311272 2842, 13801, 66, 0x0000000000000000 | 1.66 1.92 1.97 | cpu  242167334 31398140 73295527 8361779939 12006815 0 1363613 0 0 0
1791311273 2827, 13801, 71, 0x0000000000000000 | 1.69 1.93 1.97 | cpu  242167515 31398140 73295578 8361783119 12006815 0 1363614 0 0 0
1791311274 2835, 13801, 71, 0x0000000000000000 | 1.69 1.93 1.97 | cpu  242167668 31398140 73295662 8361786284 12006815 0 1363615 0 0 0
1791311275 2827, 13801, 72, 0x0000000000000000 | 1.69 1.93 1.97 | cpu  242167850 31398140 73295710 8361789467 12006815 0 1363616 0 0 0
1791311276 2827, 13801, 71, 0x0000000000000000 | 1.69 1.93 1.97 | cpu  242168032 31398140 73295758 8361792644 12006815 0 1363616 0 0 0
1791311277 2835, 13801, 69, 0x0000000000000000 | 1.69 1.93 1.97 | cpu  242168181 31398140 73295840 8361795826 12006815 0 1363616 0 0 0
1791311278 2827, 13801, 72, 0x0000000000000000 | 1.71 1.93 1.97 | cpu  242168319 31398140 73295933 8361799009 12006815 0 1363617 0 0 0
1791311279 2842, 13801, 70, 0x0000000000000000 | 1.71 1.93 1.97 | cpu  242168507 31398140 73295975 8361802194 12006815 0 1363617 0 0 0
1791311280 2835, 13801, 71, 0x0000000000000004 | 1.71 1.93 1.97 | cpu  242168722 31398140 73295991 8361805369 12006815 0 1363618 0 0 0
1791311281 2842, 13801, 70, 0x0000000000000000 | 1.71 1.93 1.97 | cpu  242168943 31398140 73296008 8361808534 12006815 0 1363618 0 0 0
1791311282 2842, 13801, 66, 0x0000000000000000 | 1.71 1.93 1.97 | cpu  242169111 31398140 73296072 8361811730 12006815 0 1363619 0 0 0
1791311283 2827, 13801, 71, 0x0000000000000004 | 1.74 1.93 1.97 | cpu  242169282 31398140 73296131 8361814914 12006815 0 1363619 0 0 0
1791311285 2835, 13801, 67, 0x0000000000000000 | 1.74 1.93 1.97 | cpu  242169423 31398140 73296239 8361818066 12006815 0 1363620 0 0 0
1791311286 2827, 13801, 70, 0x0000000000000004 | 1.74 1.93 1.97 | cpu  242169638 31398140 73296267 8361821228 12006815 0 1363620 0 0 0
1791311287 2842, 13801, 70, 0x0000000000000000 | 1.74 1.93 1.97 | cpu  242169863 31398140 73296311 8361824358 12006815 0 1363620 0 0 0
1791311288 2835, 13801, 70, 0x0000000000000004 | 1.76 1.93 1.97 | cpu  242170086 31398140 73296374 8361827473 12006815 0 1363621 0 0 0
1791311289 2842, 13801, 70, 0x0000000000000000 | 1.76 1.93 1.97 | cpu  242170306 31398140 73296478 8361830546 12006815 0 1363621 0 0 0
1791311290 2842, 13801, 66, 0x0000000000000000 | 1.76 1.93 1.97 | cpu  242170473 31398140 73296567 8361833689 12006815 0 1363621 0 0 0
1791311291 2827, 13801, 71, 0x0000000000000004 | 1.76 1.93 1.97 | cpu  242170603 31398140 73296667 8361836856 12006815 0 1363621 0 0 0
1791311292 2842, 13801, 71, 0x0000000000000004 | 1.76 1.93 1.97 | cpu  242170791 31398140 73296710 8361840034 12006815 0 1363624 0 0 0
1791311293 2827, 13801, 71, 0x0000000000000004 | 1.70 1.91 1.97 | cpu  242170958 31398140 73296727 8361843263 12006815 0 1363628 0 0 0
1791311294 2842, 13801, 69, 0x0000000000000000 | 1.70 1.91 1.97 | cpu  242171067 31398140 73296743 8361846543 12006815 0 1363629 0 0 0
1791311295 2827, 13801, 72, 0x0000000000000004 | 1.70 1.91 1.97 | cpu  242171174 31398140 73296759 8361849829 12006815 0 1363629 0 0 0
1791311296 2842, 13801, 69, 0x0000000000000000 | 1.70 1.91 1.97 | cpu  242171297 31398140 73296795 8361853081 12006815 0 1363629 0 0 0
1791311297 2842, 13801, 70, 0x0000000000000004 | 1.70 1.91 1.97 | cpu  242171483 31398140 73296846 8361856255 12006815 0 1363629 0 0 0
1791311298 2835, 13801, 70, 0x0000000000000004 | 1.80 1.93 1.97 | cpu  242171616 31398140 73296943 8361859433 12006815 0 1363629 0 0 0
1791311299 2842, 13801, 71, 0x0000000000000004 | 1.80 1.93 1.97 | cpu  242171806 31398140 73296985 8361862610 12006816 0 1363629 0 0 0
1791311301 2827, 13801, 70, 0x0000000000000004 | 1.80 1.93 1.97 | cpu  242172021 31398140 73296999 8361865791 12006816 0 1363629 0 0 0
1791311302 2835, 13801, 72, 0x0000000000000000 | 1.80 1.93 1.97 | cpu  242172202 31398140 73297049 8361868974 12006816 0 1363629 0 0 0
1791311303 2827, 13801, 72, 0x0000000000000000 | 1.82 1.93 1.97 | cpu  242172355 31398140 73297129 8361872152 12006816 0 1363629 0 0 0
1791311304 2842, 13801, 69, 0x0000000000000000 | 1.82 1.93 1.97 | cpu  242172509 31398140 73297206 8361875323 12006816 0 1363629 0 0 0
1791311305 2835, 13801, 72, 0x0000000000000000 | 1.82 1.93 1.97 | cpu  242172724 31398140 73297219 8361878504 12006816 0 1363630 0 0 0
1791311306 2827, 13801, 71, 0x0000000000000004 | 1.82 1.93 1.97 | cpu  242172845 31398140 73297234 8361881778 12006816 0 1363631 0 0 0
1791311307 2842, 13801, 72, 0x0000000000000004 | 1.82 1.93 1.97 | cpu  242172961 31398140 73297269 8361885038 12006816 0 1363632 0 0 0
1791311308 2827, 13801, 71, 0x0000000000000004 | 1.75 1.92 1.97 | cpu  242173075 31398140 73297290 8361888303 12006816 0 1363634 0 0 0
1791311309 2827, 13801, 70, 0x0000000000000004 | 1.75 1.92 1.97 | cpu  242173183 31398140 73297305 8361891588 12006816 0 1363634 0 0 0
1791311310 2835, 13801, 71, 0x0000000000000004 | 1.75 1.92 1.97 | cpu  242173291 31398140 73297321 8361894880 12006816 0 1363634 0 0 0
1791311311 2842, 13801, 69, 0x0000000000000000 | 1.75 1.92 1.97 | cpu  242173400 31398140 73297336 8361898172 12006816 0 1363635 0 0 0
1791311312 2835, 13801, 72, 0x0000000000000000 | 1.75 1.92 1.97 | cpu  242173508 31398140 73297349 8361901467 12006816 0 1363635 0 0 0
1791311313 2827, 13801, 72, 0x0000000000000000 | 1.69 1.90 1.96 | cpu  242173616 31398140 73297365 8361904755 12006816 0 1363636 0 0 0
1791311314 2827, 13801, 70, 0x0000000000000004 | 1.69 1.90 1.96 | cpu  242173744 31398140 73297414 8361907986 12006816 0 1363636 0 0 0
1791311315 2827, 13801, 70, 0x0000000000000004 | 1.69 1.90 1.96 | cpu  242173903 31398140 73297486 8361911168 12006816 0 1363637 0 0 0
1791311317 2835, 13801, 68, 0x0000000000000000 | 1.69 1.90 1.96 | cpu  242174045 31398140 73297574 8361914369 12006816 0 1363637 0 0 0
1791311318 2827, 13801, 72, 0x0000000000000000 | 1.69 1.90 1.96 | cpu  242174263 31398140 73297591 8361917548 12006816 0 1363637 0 0 0
1791311319 2842, 13801, 69, 0x0000000000000000 | 1.88 1.94 1.97 | cpu  242174412 31398140 73297639 8361920764 12006816 0 1363640 0 0 0
1791311320 2827, 13801, 71, 0x0000000000000004 | 1.88 1.94 1.97 | cpu  242174574 31398140 73297707 8361923946 12006816 0 1363640 0 0 0
1791311321 2835, 13801, 70, 0x0000000000000000 | 1.88 1.94 1.97 | cpu  242174718 31398140 73297796 8361927127 12006816 0 1363641 0 0 0
1791311322 2842, 13801, 66, 0x0000000000000000 | 1.88 1.94 1.97 | cpu  242174934 31398140 73297818 8361930294 12006816 0 1363641 0 0 0
1791311323 2827, 13801, 71, 0x0000000000000004 | 1.89 1.94 1.97 | cpu  242175139 31398140 73297849 8361933458 12006816 0 1363641 0 0 0
1791311324 2842, 13801, 71, 0x0000000000000004 | 1.89 1.94 1.97 | cpu  242175300 31398140 73297918 8361936634 12006816 0 1363641 0 0 0
1791311325 2827, 13801, 70, 0x0000000000000004 | 1.89 1.94 1.97 | cpu  242175466 31398140 73298019 8361939770 12006816 0 1363641 0 0 0
1791311326 2835, 13801, 70, 0x0000000000000004 | 1.89 1.94 1.97 | cpu  242175680 31398140 73298035 8361942944 12006816 0 1363642 0 0 0
1791311327 2827, 13801, 70, 0x0000000000000004 | 1.89 1.94 1.97 | cpu  242175870 31398140 73298074 8361946124 12006816 0 1363642 0 0 0
1791311328 2842, 13801, 69, 0x0000000000000000 | 1.90 1.94 1.97 | cpu  242176051 31398140 73298123 8361949297 12006816 0 1363642 0 0 0
1791311329 2842, 13801, 69, 0x0000000000000004 | 1.90 1.94 1.97 | cpu  242176233 31398140 73298173 8361952477 12006816 0 1363643 0 0 0
1791311330 2827, 13801, 71, 0x0000000000000004 | 1.90 1.94 1.97 | cpu  242176382 31398140 73298260 8361955648 12006816 0 1363643 0 0 0
1791311331 2827, 13801, 71, 0x0000000000000004 | 1.90 1.94 1.97 | cpu  242176549 31398140 73298323 8361958837 12006816 0 1363643 0 0 0
1791311332 2827, 13801, 71, 0x0000000000000004 | 1.90 1.94 1.97 | cpu  242176773 31398140 73298340 8361962005 12006816 0 1363643 0 0 0
1791311334 2827, 13801, 71, 0x0000000000000000 | 1.90 1.94 1.97 | cpu  242176992 31398140 73298359 8361965178 12006816 0 1363645 0 0 0
1791311335 2827, 13801, 71, 0x0000000000000004 | 1.90 1.94 1.97 | cpu  242177161 31398140 73298420 8361968359 12006816 0 1363645 0 0 0
1791311336 2842, 13801, 70, 0x0000000000000000 | 1.90 1.94 1.97 | cpu  242177309 31398140 73298501 8361971534 12006816 0 1363646 0 0 0
1791311337 2827, 13801, 72, 0x0000000000000000 | 1.90 1.94 1.97 | cpu  242177478 31398140 73298563 8361974711 12006816 0 1363646 0 0 0
1791311338 2835, 13801, 67, 0x0000000000000000 | 1.91 1.94 1.97 | cpu  242177693 31398140 73298577 8361977883 12006816 0 1363646 0 0 0
1791311339 2827, 13801, 70, 0x0000000000000004 | 1.91 1.94 1.97 | cpu  242177909 31398140 73298590 8361981068 12006816 0 1363646 0 0 0
1791311340 2827, 13801, 71, 0x0000000000000004 | 1.91 1.94 1.97 | cpu  242178095 31398140 73298606 8361984271 12006816 0 1363646 0 0 0
1791311341 2835, 13801, 71, 0x0000000000000000 | 1.91 1.94 1.97 | cpu  242178314 31398140 73298626 8361987501 12006816 0 1363647 0 0 0
1791311342 2827, 13801, 71, 0x0000000000000004 | 1.91 1.94 1.97 | cpu  242178497 31398140 73298680 8361990679 12006816 0 1363648 0 0 0
1791311343 2842, 13801, 70, 0x0000000000000000 | 2.00 1.96 1.98 | cpu  242178680 31398140 73298727 8361993852 12006817 0 1363648 0 0 0
1791311344 2827, 13801, 70, 0x0000000000000004 | 2.00 1.96 1.98 | cpu  242178893 31398140 73298777 8361996996 12006817 0 1363648 0 0 0
1791311345 2842, 13801, 70, 0x0000000000000000 | 2.00 1.96 1.98 | cpu  242179040 31398140 73298859 8362000166 12006817 0 1363648 0 0 0
1791311346 2842, 13801, 70, 0x0000000000000000 | 2.00 1.96 1.98 | cpu  242179225 31398140 73298902 8362003350 12006817 0 1363648 0 0 0
1791311347 2827, 13801, 71, 0x0000000000000004 | 2.00 1.96 1.98 | cpu  242179416 31398140 73298951 8362006516 12006817 0 1363649 0 0 0
1791311348 2842, 13801, 69, 0x0000000000000000 | 2.00 1.96 1.98 | cpu  242179555 31398140 73299041 8362009690 12006817 0 1363649 0 0 0
1791311350 2827, 13801, 71, 0x0000000000000004 | 2.00 1.96 1.98 | cpu  242179733 31398140 73299102 8362012860 12006817 0 1363649 0 0 0
1791311351 2842, 13801, 68, 0x0000000000000000 | 2.00 1.96 1.98 | cpu  242179939 31398140 73299144 8362016011 12006817 0 1363649 0 0 0
1791311352 2827, 13801, 70, 0x0000000000000004 | 2.00 1.96 1.98 | cpu  242180112 31398140 73299208 8362019185 12006817 0 1363649 0 0 0
1791311353 2842, 13801, 69, 0x0000000000000000 | 2.08 1.98 1.99 | cpu  242180308 31398140 73299342 8362022249 12006817 0 1363649 0 0 0
1791311354 2842, 13801, 69, 0x0000000000000000 | 2.08 1.98 1.99 | cpu  242180454 31398140 73299463 8362025387 12006817 0 1363649 0 0 0
1791311355 2827, 13801, 71, 0x0000000000000004 | 2.08 1.98 1.99 | cpu  242180634 31398140 73299515 8362028566 12006817 0 1363649 0 0 0
1791311356 2842, 13801, 71, 0x0000000000000004 | 2.08 1.98 1.99 | cpu  242180807 31398140 73299531 8362031791 12006817 0 1363649 0 0 0
1791311357 2827, 13801, 72, 0x0000000000000004 | 2.08 1.98 1.99 | cpu  242180922 31398140 73299566 8362035058 12006817 0 1363649 0 0 0
1791311358 2835, 13801, 72, 0x0000000000000004 | 2.07 1.98 1.99 | cpu  242181087 31398140 73299637 8362038228 12006817 0 1363649 0 0 0
1791311359 2827, 13801, 71, 0x0000000000000000 | 2.07 1.98 1.99 | cpu  242181234 31398140 73299728 8362041396 12006817 0 1363649 0 0 0
1791311360 2842, 13801, 70, 0x0000000000000000 | 2.07 1.98 1.99 | cpu  242181449 31398140 73299742 8362044570 12006817 0 1363649 0 0 0
1791311361 2842, 13801, 69, 0x0000000000000004 | 2.07 1.98 1.99 | cpu  242181663 31398140 73299757 8362047752 12006817 0 1363649 0 0 0
1791311362 2827, 13801, 71, 0x0000000000000004 | 2.07 1.98 1.99 | cpu  242181878 31398140 73299772 8362050930 12006817 0 1363649 0 0 0
1791311363 2835, 13801, 72, 0x0000000000000004 | 2.07 1.98 1.99 | cpu  242182056 31398140 73299828 8362054120 12006817 0 1363649 0 0 0
1791311364 2842, 13801, 71, 0x0000000000000004 | 2.07 1.98 1.99 | cpu  242182211 31398140 73299909 8362057303 12006817 0 1363651 0 0 0
1791311366 2835, 13801, 70, 0x0000000000000004 | 2.07 1.98 1.99 | cpu  242182368 31398140 73299984 8362060479 12006817 0 1363651 0 0 0
1791311367 2835, 13801, 70, 0x0000000000000004 | 2.07 1.98 1.99 | cpu  242182591 31398140 73300000 8362063642 12006817 0 1363654 0 0 0
1791311368 2842, 13801, 70, 0x0000000000000000 | 2.06 1.98 1.99 | cpu  242182768 31398140 73300053 8362066825 12006817 0 1363657 0 0 0
1791311369 2842, 13801, 69, 0x0000000000000004 | 2.06 1.98 1.99 | cpu  242182919 31398140 73300132 8362070014 12006817 0 1363657 0 0 0
1791311370 2827, 13801, 71, 0x0000000000000000 | 2.06 1.98 1.99 | cpu  242183079 31398140 73300203 8362073193 12006817 0 1363657 0 0 0
1791311371 2835, 13801, 71, 0x0000000000000000 | 2.06 1.98 1.99 | cpu  242183294 31398140 73300220 8362076372 12006817 0 1363658 0 0 0
1791311372 2835, 13801, 70, 0x0000000000000004 | 2.06 1.98 1.99 | cpu  242183502 31398140 73300233 8362079560 12006817 0 1363658 0 0 0
1791311373 2835, 13801, 70, 0x0000000000000004 | 1.98 1.96 1.98 | cpu  242183611 31398140 73300248 8362082850 12006817 0 1363658 0 0 0
1791311374 2827, 13801, 70, 0x0000000000000004 | 1.98 1.96 1.98 | cpu  242183720 31398140 73300263 8362086132 12006817 0 1363658 0 0 0
1791311375 2842, 13801, 69, 0x0000000000000000 | 1.98 1.96 1.98 | cpu  242183828 31398140 73300279 8362089418 12006817 0 1363659 0 0 0
1791311376 2835, 13801, 69, 0x0000000000000004 | 1.98 1.96 1.98 | cpu  242183939 31398140 73300297 8362092708 12006817 0 1363659 0 0 0
1791311377 2835, 13801, 71, 0x0000000000000004 | 1.98 1.96 1.98 | cpu  242184048 31398140 73300315 8362095983 12006817 0 1363660 0 0 0
1791311378 2835, 13801, 70, 0x0000000000000004 | 1.90 1.95 1.98 | cpu  242184157 31398140 73300335 8362099301 12006817 0 1363661 0 0 0
1791311379 2842, 13801, 70, 0x0000000000000000 | 1.90 1.95 1.98 | cpu  242184265 31398140 73300349 8362102596 12006817 0 1363661 0 0 0
1791311380 2842, 13801, 70, 0x0000000000000000 | 1.90 1.95 1.98 | cpu  242184374 31398140 73300362 8362105885 12006817 0 1363661 0 0 0
1791311382 2827, 13801, 71, 0x0000000000000000 | 1.90 1.95 1.98 | cpu  242184514 31398140 73300418 8362109091 12006818 0 1363661 0 0 0
1791311383 2842, 13801, 71, 0x0000000000000000 | 2.23 2.02 2.00 | cpu  242184690 31398140 73300485 8362112243 12006818 0 1363661 0 0 0
1791311384 2842, 13801, 72, 0x0000000000000000 | 2.23 2.02 2.00 | cpu  242184821 31398140 73300592 8362115416 12006818 0 1363661 0 0 0
1791311385 2827, 13801, 72, 0x0000000000000000 | 2.23 2.02 2.00 | cpu  242185031 31398140 73300626 8362118583 12006818 0 1363661 0 0 0
1791311386 2835, 13801, 71, 0x0000000000000004 | 2.23 2.02 2.00 | cpu  242185221 31398140 73300643 8362121795 12006818 0 1363661 0 0 0
1791311387 2827, 13801, 71, 0x0000000000000000 | 2.23 2.02 2.00 | cpu  242185333 31398140 73300661 8362125084 12006818 0 1363662 0 0 0
1791311388 2842, 13801, 69, 0x0000000000000000 | 2.21 2.01 2.00 | cpu  242185441 31398140 73300676 8362128367 12006818 0 1363662 0 0 0
1791311389 2842, 13801, 70, 0x0000000000000000 | 2.21 2.01 2.00 | cpu  242185551 31398140 73300691 8362131650 12006818 0 1363662 0 0 0
1791311390 2842, 13801, 69, 0x0000000000000000 | 2.21 2.01 2.00 | cpu  242185659 31398140 73300706 8362134936 12006818 0 1363663 0 0 0
1791311391 2842, 13801, 69, 0x0000000000000000 | 2.21 2.01 2.00 | cpu  242185767 31398140 73300719 8362138221 12006818 0 1363663 0 0 0
1791311392 2842, 13801, 70, 0x0000000000000000 | 2.21 2.01 2.00 | cpu  242185877 31398140 73300733 8362141501 12006818 0 1363663 0 0 0
1791311393 2842, 13801, 70, 0x0000000000000004 | 2.11 2.00 1.99 | cpu  242185981 31398140 73300745 8362144775 12006818 0 1363664 0 0 0
1791311394 2872, 13801, 58, 0x0000000000000000 | 2.11 2.00 1.99 | cpu  242186129 31398140 73300792 8362147969 12006818 0 1363664 0 0 0
1791311395 2707, 13801, 57, 0x0000000000000000 | 2.11 2.00 1.99 | cpu  242186282 31398140 73300858 8362151142 12006818 0 1363664 0 0 0
1791311396 2400, 13801, 55, 0x0000000000000000 | 2.11 2.00 1.99 | cpu  242186430 31398140 73300928 8362154316 12006818 0 1363664 0 0 0
1791311398 2400, 13801, 54, 0x0000000000000000 | 2.11 2.00 1.99 | cpu  242186650 31398140 73300939 8362157482 12006818 0 1363664 0 0 0
1791311399 2400, 13801, 54, 0x0000000000000000 | 2.10 2.00 1.99 | cpu  242186768 31398140 73300949 8362160742 12006818 0 1363667 0 0 0
1791311400 2400, 13801, 53, 0x0000000000000000 | 2.10 2.00 1.99 | cpu  242186910 31398140 73301036 8362163898 12006818 0 1363667 0 0 0
1791311401 2400, 13801, 53, 0x0000000000000000 | 2.10 2.00 1.99 | cpu  242187035 31398140 73301059 8362167139 12006818 0 1363667 0 0 0
1791311402 2400, 13801, 52, 0x0000000000000000 | 2.10 2.00 1.99 | cpu  242187165 31398140 73301100 8362170354 12006818 0 1363669 0 0 0
1791311403 2400, 13801, 52, 0x0000000000000000 | 2.01 1.98 1.99 | cpu  242187283 31398140 73301110 8362173617 12006818 0 1363670 0 0 0
1791311404 2400, 13801, 52, 0x0000000000000000 | 2.01 1.98 1.99 | cpu  242187365 31398140 73301141 8362176895 12006818 0 1363670 0 0 0
1791311405 2400, 13801, 51, 0x0000000000000000 | 2.01 1.98 1.99 | cpu  242187394 31398140 73301261 8362180163 12006818 0 1363670 0 0 0
1791311406 2400, 13801, 51, 0x0000000000000000 | 2.01 1.98 1.99 | cpu  242187413 31398140 73301513 8362183303 12006818 0 1363672 0 0 0
1791311407 2400, 13801, 51, 0x0000000000000000 | 2.01 1.98 1.99 | cpu  242187430 31398140 73301730 8362186476 12006818 0 1363675 0 0 0
1791311408 2400, 13801, 50, 0x0000000000000000 | 1.93 1.96 1.98 | cpu  242187487 31398140 73301902 8362189630 12006818 0 1363676 0 0 0
1791311409 2400, 13801, 50, 0x0000000000000000 | 1.93 1.96 1.98 | cpu  242187601 31398140 73302115 8362192692 12006819 0 1363676 0 0 0
1791311410 2400, 13801, 50, 0x0000000000000000 | 1.93 1.96 1.98 | cpu  242187782 31398140 73302262 8362195744 12006819 0 1363677 0 0 0
1791311411 2400, 13801, 50, 0x0000000000000000 | 1.93 1.96 1.98 | cpu  242187962 31398140 73302357 8362198861 12006819 0 1363678 0 0 0
1791311412 2400, 13801, 49, 0x0000000000000000 | 1.93 1.96 1.98 | cpu  242188106 31398140 73302539 8362201930 12006819 0 1363679 0 0 0
1791311413 2400, 13801, 49, 0x0000000000000000 | 1.94 1.97 1.98 | cpu  242188259 31398140 73302619 8362205085 12006819 0 1363683 0 0 0
1791311414 2400, 13801, 49, 0x0000000000000000 | 1.94 1.97 1.98 | cpu  242188430 31398140 73302674 8362208211 12006854 0 1363683 0 0 0
1791311416 2400, 13801, 49, 0x0000000000000000 | 1.94 1.97 1.98 | cpu  242188657 31398140 73302757 8362211185 12006954 0 1363684 0 0 0
1791311417 2400, 13801, 49, 0x0000000000000000 | 1.94 1.97 1.98 | cpu  242188834 31398140 73302832 8362214216 12007054 0 1363685 0 0 0
1791311418 2400, 13801, 48, 0x0000000000000000 | 2.34 2.05 2.01 | cpu  242188990 31398140 73302999 8362217176 12007155 0 1363685 0 0 0
1791311419 2400, 13801, 48, 0x0000000000000000 | 2.34 2.05 2.01 | cpu  242189145 31398140 73303067 8362220288 12007206 0 1363686 0 0 0
1791311420 2400, 13801, 48, 0x0000000000000000 | 2.34 2.05 2.01 | cpu  242189357 31398140 73303072 8362223454 12007206 0 1363689 0 0 0
1791311421 2400, 13801, 48, 0x0000000000000000 | 2.34 2.05 2.01 | cpu  242189535 31398140 73303080 8362226653 12007206 0 1363692 0 0 0
1791311422 2400, 13801, 48, 0x0000000000000000 | 2.34 2.05 2.01 | cpu  242189643 31398140 73303087 8362229951 12007206 0 1363692 0 0 0
1791311423 337, 810, 47, 0x0000000000000000 | 2.23 2.03 2.01 | cpu  242189751 31398140 73303093 8362233249 12007206 0 1363693 0 0 0
1791311424 187, 405, 46, 0x0000000000000000 | 2.23 2.03 2.01 | cpu  242189859 31398140 73303100 8362236548 12007206 0 1363694 0 0 0
1791311425 180, 405, 46, 0x0000000000000000 | 2.23 2.03 2.01 | cpu  242189966 31398140 73303106 8362239847 12007206 0 1363694 0 0 0
1791311426 180, 405, 46, 0x0000000000000000 | 2.23 2.03 2.01 | cpu  242190074 31398140 73303112 8362243151 12007206 0 1363694 0 0 0
1791311427 180, 405, 46, 0x0000000000000000 | 2.23 2.03 2.01 | cpu  242190188 31398140 73303118 8362246445 12007206 0 1363694 0 0 0
1791311428 180, 405, 46, 0x0000000000000000 | 2.14 2.01 2.00 | cpu  242190285 31398140 73303134 8362249750 12007206 0 1363694 0 0 0
1791311429 180, 405, 45, 0x0000000000000000 | 2.14 2.01 2.00 | cpu  242190392 31398140 73303150 8362253043 12007207 0 1363694 0 0 0
1791311430 180, 405, 45, 0x0000000000000000 | 2.14 2.01 2.00 | cpu  242190565 31398140 73303169 8362256269 12007207 0 1363694 0 0 0
1791311432 180, 405, 45, 0x0000000000000000 | 2.14 2.01 2.00 | cpu  242190743 31398140 73303219 8362259457 12007207 0 1363695 0 0 0
1791311433 180, 405, 45, 0x0000000000000000 | 2.14 2.01 2.00 | cpu  242190918 31398140 73303270 8362262639 12007207 0 1363695 0 0 0
1791311434 180, 405, 45, 0x0000000000000000 | 2.12 2.01 2.00 | cpu  242191011 31398140 73303404 8362265829 12007207 0 1363697 0 0 0
