1790989242 757, 7001, 54, 0x0000000000000000 | 4.99 3.27 2.98 | cpu  1565259250 172940179 202994351 31256236834 14099300 0 5073426 0 0 0
1790989243 472, 7001, 54, 0x0000000000000000 | 5.00 3.30 2.99 | cpu  1565260101 172940179 202994391 31256240253 14099300 0 5073426 0 0 0
1790989244 285, 810, 53, 0x0000000000000000 | 5.00 3.30 2.99 | cpu  1565260952 172940179 202994426 31256243657 14099303 0 5073426 0 0 0
1790989245 180, 405, 53, 0x0000000000000000 | 5.00 3.30 2.99 | cpu  1565261148 172940179 202994481 31256247833 14099303 0 5073426 0 0 0
1790989247 180, 405, 53, 0x0000000000000000 | 5.00 3.30 2.99 | cpu  1565261577 172940179 202994522 31256251768 14099304 0 5073427 0 0 0
1790989248 180, 405, 53, 0x0000000000000000 | 5.00 3.30 2.99 | cpu  1565261689 172940179 202994568 31256255991 14099305 0 5073427 0 0 0
1790989249 180, 405, 53, 0x0000000000000000 | 4.75 3.28 2.98 | cpu  1565261803 172940179 202994609 31256260245 14099305 0 5073427 0 0 0
1790989250 180, 405, 53, 0x0000000000000000 | 4.75 3.28 2.98 | cpu  1565261950 172940179 202994665 31256264453 14099306 0 5073427 0 0 0
1790989251 2400, 13801, 54, 0x0000000000000000 | 4.75 3.28 2.98 | cpu  1565262176 172940179 202994699 31256268447 14099309 0 5073427 0 0 0
1790989252 2407, 13801, 55, 0x0000000000000000 | 4.75 3.28 2.98 | cpu  1565262299 172940179 202994722 31256272559 14099311 0 5073427 0 0 0
1790989253 2407, 13801, 54, 0x0000000000000000 | 4.53 3.25 2.98 | cpu  1565262447 172940179 202994782 31256276658 14099311 0 5073427 0 0 0
1790989254 2407, 13801, 54, 0x0000000000000000 | 4.53 3.25 2.98 | cpu  1565262598 172940179 202994818 31256280760 14099312 0 5073427 0 0 0
1790989255 2407, 13801, 54, 0x0000000000000000 | 4.53 3.25 2.98 | cpu  1565262746 172940179 202994837 31256284888 14099312 0 5073427 0 0 0
1790989256 2407, 13801, 54, 0x0000000000000000 | 4.53 3.25 2.98 | cpu  1565262877 172940179 202994860 31256289015 14099314 0 5073427 0 0 0
1790989257 2407, 13801, 54, 0x0000000000000000 | 4.53 3.25 2.98 | cpu  1565263006 172940179 202994880 31256293188 14099314 0 5073427 0 0 0
1790989259 2400, 13801, 54, 0x0000000000000000 | 4.25 3.22 2.97 | cpu  1565263137 172940179 202994906 31256297343 14099315 0 5073427 0 0 0
1790989260 2400, 13801, 54, 0x0000000000000000 | 4.25 3.22 2.97 | cpu  1565263272 172940179 202994926 31256301458 14099318 0 5073427 0 0 0
1790989261 2407, 13801, 55, 0x0000000000000000 | 4.25 3.22 2.97 | cpu  1565263397 172940179 202994943 31256305622 14099319 0 5073427 0 0 0
1790989262 2407, 13801, 54, 0x0000000000000000 | 4.25 3.22 2.97 | cpu  1565263537 172940179 202994970 31256309752 14099320 0 5073427 0 0 0
1790989263 2407, 13801, 54, 0x0000000000000000 | 3.99 3.18 2.95 | cpu  1565263674 172940179 202994991 31256313911 14099320 0 5073427 0 0 0
1790989264 2407, 13801, 54, 0x0000000000000000 | 3.99 3.18 2.95 | cpu  1565263803 172940179 202995009 31256318042 14099321 0 5073427 0 0 0
1790989265 2407, 13801, 54, 0x0000000000000000 | 3.99 3.18 2.95 | cpu  1565263923 172940179 202995028 31256322216 14099323 0 5073427 0 0 0
1790989266 2400, 13801, 54, 0x0000000000000000 | 3.99 3.18 2.95 | cpu  1565264091 172940179 202995056 31256326331 14099324 0 5073427 0 0 0
1790989267 2400, 13801, 54, 0x0000000000000000 | 3.99 3.18 2.95 | cpu  1565264234 172940179 202995082 31256330448 14099324 0 5073427 0 0 0
1790989268 2400, 13801, 54, 0x0000000000000000 | 3.75 3.14 2.94 | cpu  1565264364 172940179 202995099 31256334604 14099325 0 5073427 0 0 0
1790989269 2407, 13801, 54, 0x0000000000000000 | 3.75 3.14 2.94 | cpu  1565264505 172940179 202995159 31256338722 14099325 0 5073427 0 0 0
1790989270 2407, 13801, 55, 0x0000000000000000 | 3.75 3.14 2.94 | cpu  1565264653 172940179 202995190 31256342848 14099327 0 5073427 0 0 0
1790989271 2407, 13801, 54, 0x0000000000000000 | 3.75 3.14 2.94 | cpu  1565264786 172940179 202995212 31256346965 14099330 0 5073427 0 0 0
1790989273 2407, 13801, 54, 0x0000000000000000 | 3.75 3.14 2.94 | cpu  1565264909 172940179 202995230 31256351139 14099330 0 5073427 0 0 0
1790989274 2407, 13801, 54, 0x0000000000000000 | 3.53 3.11 2.93 | cpu  1565265047 172940179 202995255 31256355288 14099330 0 5073427 0 0 0
1790989275 2400, 13801, 54, 0x0000000000000000 | 3.53 3.11 2.93 | cpu  1565265128 172940179 202995308 31256359471 14099331 0 5073427 0 0 0
1790989276 2415, 13801, 54, 0x0000000000000000 | 3.53 3.11 2.93 | cpu  1565265207 172940179 202995359 31256363646 14099332 0 5073427 0 0 0
1790989277 2415, 13801, 54, 0x0000000000000000 | 3.53 3.11 2.93 | cpu  1565265320 172940179 202995389 31256367790 14099332 0 5073427 0 0 0
1790989278 2400, 13801, 54, 0x0000000000000000 | 3.33 3.07 2.92 | cpu  1565265428 172940179 202995434 31256371916 14099333 0 5073428 0 0 0
1790989279 2400, 13801, 54, 0x0000000000000000 | 3.33 3.07 2.92 | cpu  1565265513 172940179 202995465 31256376076 14099333 0 5073428 0 0 0
1790989280 2400, 13801, 54, 0x0000000000000000 | 3.33 3.07 2.92 | cpu  1565265603 172940179 202995501 31256380244 14099334 0 5073428 0 0 0
1790989281 2400, 13801, 54, 0x0000000000000000 | 3.33 3.07 2.92 | cpu  1565265691 172940179 202995535 31256384396 14099337 0 5073428 0 0 0
1790989282 2400, 13801, 54, 0x0000000000000000 | 3.33 3.07 2.92 | cpu  1565265802 172940179 202995584 31256388519 14099338 0 5073428 0 0 0
1790989283 2400, 13801, 54, 0x0000000000000000 | 3.22 3.05 2.92 | cpu  1565265922 172940179 202995633 31256392645 14099338 0 5073428 0 0 0
1790989284 2400, 13801, 54, 0x0000000000000000 | 3.22 3.05 2.92 | cpu  1565266037 172940179 202995643 31256396801 14099340 0 5073428 0 0 0
1790989285 2400, 13801, 54, 0x0000000000000000 | 3.22 3.05 2.92 | cpu  1565266153 172940179 202995651 31256400967 14099340 0 5073428 0 0 0
1790989286 2400, 13801, 54, 0x0000000000000000 | 3.22 3.05 2.92 | cpu  1565266307 172940179 202995670 31256405076 14099341 0 5073428 0 0 0
1790989288 2400, 13801, 54, 0x0000000000000000 | 3.22 3.05 2.92 | cpu  1565266669 172940179 202995681 31256409004 14099343 0 5073428 0 0 0
1790989289 2400, 13801, 54, 0x0000000000000000 | 3.04 3.02 2.91 | cpu  1565267030 172940179 202995687 31256412931 14099343 0 5073428 0 0 0
1790989290 2400, 13801, 54, 0x0000000000000000 | 3.04 3.02 2.91 | cpu  1565267402 172940179 202995703 31256416822 14099344 0 5073428 0 0 0
1790989291 2400, 13801, 54, 0x0000000000000000 | 3.04 3.02 2.91 | cpu  1565267768 172940179 202995713 31256420749 14099345 0 5073428 0 0 0
1790989292 2400, 13801, 54, 0x0000000000000000 | 3.04 3.02 2.91 | cpu  1565268136 172940179 202995722 31256424667 14099346 0 5073429 0 0 0
1790989293 2400, 13801, 54, 0x0000000000000000 | 2.88 2.99 2.90 | cpu  1565268488 172940179 202995730 31256428606 14099348 0 5073429 0 0 0
1790989294 2400, 13801, 54, 0x0000000000000000 | 2.88 2.99 2.90 | cpu  1565268602 172940179 202995768 31256432749 14099349 0 5073429 0 0 0
1790989295 2400, 13801, 54, 0x0000000000000000 | 2.88 2.99 2.90 | cpu  1565268691 172940179 202995796 31256436925 14099349 0 5073429 0 0 0
1790989296 2400, 13801, 53, 0x0000000000000000 | 2.88 2.99 2.90 | cpu  1565268780 172940179 202995828 31256441097 14099350 0 5073429 0 0 0
1790989297 2400, 13801, 53, 0x0000000000000000 | 2.88 2.99 2.90 | cpu  1565268889 172940179 202995859 31256445233 14099350 0 5073429 0 0 0
1790989298 2400, 13801, 53, 0x0000000000000000 | 2.81 2.97 2.89 | cpu  1565269000 172940179 202995900 31256449366 14099352 0 5073429 0 0 0
1790989299 2400, 13801, 53, 0x0000000000000000 | 2.81 2.97 2.89 | cpu  1565269100 172940179 202995934 31256453509 14099352 0 5073429 0 0 0
1790989300 2400, 13801, 53, 0x0000000000000000 | 2.81 2.97 2.89 | cpu  1565269189 172940179 202995965 31256457660 14099354 0 5073429 0 0 0
1790989302 2400, 13801, 53, 0x0000000000000000 | 2.81 2.97 2.89 | cpu  1565269309 172940179 202996037 31256461762 14099354 0 5073429 0 0 0
1790989303 2400, 13801, 53, 0x0000000000000000 | 2.81 2.97 2.89 | cpu  1565269416 172940179 202996078 31256465885 14099356 0 5073429 0 0 0
1790989304 2400, 13801, 53, 0x0000000000000000 | 2.66 2.94 2.88 | cpu  1565269508 172940179 202996106 31256470037 14099357 0 5073429 0 0 0
1790989305 2400, 13801, 53, 0x0000000000000000 | 2.66 2.94 2.88 | cpu  1565269595 172940179 202996137 31256474203 14099358 0 5073429 0 0 0
1790989306 2400, 13801, 53, 0x0000000000000000 | 2.66 2.94 2.88 | cpu  1565269791 172940179 202996176 31256478256 14099359 0 5073429 0 0 0
1790989307 2400, 13801, 53, 0x0000000000000000 | 2.66 2.94 2.88 | cpu  1565270187 172940179 202996222 31256482087 14099359 0 5073429 0 0 0
1790989308 2400, 13801, 53, 0x0000000000000000 | 2.61 2.92 2.88 | cpu  1565270643 172940179 202996448 31256485697 14099361 0 5073429 0 0 0
1790989309 2400, 13801, 53, 0x0000000000000000 | 2.61 2.92 2.88 | cpu  1565271092 172940179 202996581 31256489419 14099361 0 5073429 0 0 0
1790989310 2400, 13801, 53, 0x0000000000000000 | 2.61 2.92 2.88 | cpu  1565272209 172940179 202996850 31256492323 14099362 0 5073429 0 0 0
1790989311 2400, 13801, 53, 0x0000000000000000 | 2.61 2.92 2.88 | cpu  1565272976 172940179 202997048 31256495645 14099363 0 5073429 0 0 0
1790989312 2400, 13801, 53, 0x0000000000000000 | 2.61 2.92 2.88 | cpu  1565273129 172940179 202997237 31256499599 14099364 0 5073429 0 0 0
1790989313 2400, 13801, 53, 0x0000000000000000 | 2.56 2.91 2.87 | cpu  1565273317 172940179 202997309 31256503622 14099365 0 5073429 0 0 0
1790989314 2400, 13801, 53, 0x0000000000000000 | 2.56 2.91 2.87 | cpu  1565273544 172940179 202997348 31256507647 14099367 0 5073429 0 0 0
1790989315 2400, 13801, 53, 0x0000000000000000 | 2.56 2.91 2.87 | cpu  1565273719 172940179 202997586 31256511574 14099369 0 5073429 0 0 0
1790989317 2400, 13801, 53, 0x0000000000000000 | 2.56 2.91 2.87 | cpu  1565273942 172940179 202997840 31256515383 14099372 0 5073429 0 0 0
1790989318 2400, 13801, 53, 0x0000000000000000 | 2.56 2.91 2.87 | cpu  1565274151 172940179 202998001 31256519291 14099377 0 5073429 0 0 0
1790989319 2400, 13801, 53, 0x0000000000000000 | 2.60 2.91 2.87 | cpu  1565274309 172940179 202998125 31256523279 14099391 0 5073429 0 0 0
1790989320 2400, 13801, 53, 0x0000000000000000 | 2.60 2.91 2.87 | cpu  1565274478 172940179 202998239 31256527265 14099402 0 5073429 0 0 0
1790989321 2400, 13801, 53, 0x0000000000000000 | 2.60 2.91 2.87 | cpu  1565274647 172940179 202998363 31256531263 14099404 0 5073429 0 0 0
1790989322 2400, 13801, 53, 0x0000000000000000 | 2.60 2.91 2.87 | cpu  1565274831 172940179 202998493 31256535241 14099409 0 5073430 0 0 0
1790989323 2400, 13801, 53, 0x0000000000000000 | 2.55 2.89 2.87 | cpu  1565274995 172940179 202998619 31256539242 14099412 0 5073430 0 0 0
1790989324 2400, 13801, 53, 0x0000000000000000 | 2.55 2.89 2.87 | cpu  1565275165 172940179 202998738 31256543233 14099416 0 5073430 0 0 0
1790989325 2400, 13801, 53, 0x0000000000000000 | 2.55 2.89 2.87 | cpu  1565275323 172940179 202998861 31256547244 14099419 0 5073430 0 0 0
1790989326 2400, 13801, 53, 0x0000000000000000 | 2.55 2.89 2.87 | cpu  1565275508 172940179 202998986 31256551229 14099422 0 5073430 0 0 0
1790989327 2400, 13801, 53, 0x0000000000000000 | 2.55 2.89 2.87 | cpu  1565275686 172940179 202999100 31256555202 14099426 0 5073430 0 0 0
1790989328 2400, 13801, 53, 0x0000000000000000 | 3.07 2.99 2.90 | cpu  1565275881 172940179 202999216 31256559178 14099429 0 5073430 0 0 0
1790989329 2400, 13801, 53, 0x0000000000000000 | 3.07 2.99 2.90 | cpu  1565276042 172940179 202999347 31256563191 14099439 0 5073430 0 0 0
1790989331 2400, 13801, 53, 0x0000000000000000 | 3.07 2.99 2.90 | cpu  1565276223 172940179 202999460 31256567193 14099451 0 5073430 0 0 0
1790989332 2400, 13801, 53, 0x0000000000000000 | 3.07 2.99 2.90 | cpu  1565276388 172940179 202999590 31256571178 14099461 0 5073430 0 0 0
1790989333 2400, 13801, 53, 0x0000000000000000 | 3.07 2.99 2.90 | cpu  1565276590 172940179 202999654 31256575196 14099463 0 5073430 0 0 0
1790989334 2400, 13801, 53, 0x0000000000000000 | 2.98 2.98 2.90 | cpu  1565276809 172940179 202999693 31256579212 14099464 0 5073430 0 0 0
1790989335 2400, 13801, 53, 0x0000000000000000 | 2.98 2.98 2.90 | cpu  1565277010 172940179 202999726 31256583268 14099464 0 5073430 0 0 0
1790989336 2400, 13801, 52, 0x0000000000000000 | 2.98 2.98 2.90 | cpu  1565277212 172940179 202999759 31256587303 14099465 0 5073430 0 0 0
1790989337 2400, 13801, 53, 0x0000000000000000 | 2.98 2.98 2.90 | cpu  1565277415 172940179 202999794 31256591345 14099466 0 5073430 0 0 0
1790989338 2400, 13801, 52, 0x0000000000000000 | 2.90 2.96 2.89 | cpu  1565277636 172940179 202999836 31256595358 14099468 0 5073430 0 0 0
1790989339 2400, 13801, 52, 0x0000000000000000 | 2.90 2.96 2.89 | cpu  1565277861 172940179 202999869 31256599371 14099468 0 5073430 0 0 0
1790989340 2400, 13801, 52, 0x0000000000000000 | 2.90 2.96 2.89 | cpu  1565278064 172940179 202999902 31256603411 14099469 0 5073430 0 0 0
1790989341 2400, 13801, 52, 0x0000000000000000 | 2.90 2.96 2.89 | cpu  1565278252 172940179 202999955 31256607466 14099470 0 5073430 0 0 0
1790989342 2400, 13801, 52, 0x0000000000000000 | 2.90 2.96 2.89 | cpu  1565278461 172940179 203000006 31256611504 14099471 0 5073430 0 0 0
1790989343 2400, 13801, 52, 0x0000000000000000 | 2.83 2.94 2.89 | cpu  1565278655 172940179 203000058 31256615535 14099473 0 5073430 0 0 0
1790989344 2400, 13801, 52, 0x0000000000000000 | 2.83 2.94 2.89 | cpu  1565279019 172940179 203000185 31256619345 14099473 0 5073430 0 0 0
1790989346 2400, 13801, 52, 0x0000000000000000 | 2.83 2.94 2.89 | cpu  1565279343 172940179 203000301 31256623191 14099473 0 5073430 0 0 0
1790989347 2400, 13801, 52, 0x0000000000000000 | 2.83 2.94 2.89 | cpu  1565279601 172940179 203000378 31256627137 14099475 0 5073430 0 0 0
1790989348 2400, 13801, 52, 0x0000000000000000 | 2.83 2.94 2.89 | cpu  1565279785 172940179 203000630 31256631047 14099476 0 5073431 0 0 0
1790989349 2400, 13801, 52, 0x0000000000000000 | 2.76 2.93 2.88 | cpu  1565279987 172940179 203000878 31256634873 14099481 0 5073431 0 0 0
1790989350 2400, 13801, 52, 0x0000000000000000 | 2.76 2.93 2.88 | cpu  1565280205 172940179 203000995 31256638843 14099485 0 5073431 0 0 0
1790989351 2400, 13801, 52, 0x0000000000000000 | 2.76 2.93 2.88 | cpu  1565280387 172940179 203001087 31256642852 14099489 0 5073431 0 0 0
1790989352 2400, 13801, 52, 0x0000000000000000 | 2.76 2.93 2.88 | cpu  1565280571 172940179 203001182 31256646847 14099493 0 5073431 0 0 0
1790989353 2400, 13801, 52, 0x0000000000000000 | 2.70 2.91 2.88 | cpu  1565280759 172940179 203001276 31256650851 14099497 0 5073431 0 0 0
1790989354 2400, 13801, 52, 0x0000000000000000 | 2.70 2.91 2.88 | cpu  1565280960 172940179 203001381 31256654838 14099500 0 5073431 0 0 0
1790989355 2400, 13801, 52, 0x0000000000000000 | 2.70 2.91 2.88 | cpu  1565281142 172940179 203001485 31256658838 14099505 0 5073431 0 0 0
1790989356 2400, 13801, 52, 0x0000000000000000 | 2.70 2.91 2.88 | cpu  1565281320 172940179 203001579 31256662853 14099508 0 5073431 0 0 0
1790989357 2400, 13801, 52, 0x0000000000000000 | 2.70 2.91 2.88 | cpu  1565281499 172940179 203001679 31256666859 14099513 0 5073431 0 0 0
1790989358 2400, 13801, 52, 0x0000000000000000 | 2.64 2.90 2.87 | cpu  1565281696 172940179 203001793 31256670856 14099516 0 5073431 0 0 0
1790989360 2400, 13801, 52, 0x0000000000000000 | 2.64 2.90 2.87 | cpu  1565281900 172940179 203001894 31256674815 14099520 0 5073431 0 0 0
1790989361 2400, 13801, 52, 0x0000000000000000 | 2.64 2.90 2.87 | cpu  1565282075 172940179 203001992 31256678805 14099524 0 5073431 0 0 0
1790989362 2400, 13801, 52, 0x0000000000000000 | 2.64 2.90 2.87 | cpu  1565282263 172940179 203002064 31256682832 14099526 0 5073431 0 0 0
1790989363 2400, 13801, 52, 0x0000000000000000 | 2.75 2.92 2.88 | cpu  1565282434 172940179 203002125 31256686871 14099526 0 5073431 0 0 0
1790989364 2400, 13801, 52, 0x0000000000000000 | 2.75 2.92 2.88 | cpu  1565282606 172940179 203002192 31256690901 14099527 0 5073431 0 0 0
1790989365 2400, 13801, 52, 0x0000000000000000 | 2.75 2.92 2.88 | cpu  1565282773 172940179 203002256 31256694941 14099527 0 5073431 0 0 0
1790989366 2400, 13801, 52, 0x0000000000000000 | 2.75 2.92 2.88 | cpu  1565282961 172940179 203002329 31256698974 14099529 0 5073431 0 0 0
1790989367 2400, 13801, 52, 0x0000000000000000 | 2.75 2.92 2.88 | cpu  1565283156 172940179 203002375 31256703000 14099529 0 5073431 0 0 0
1790989368 2400, 13801, 52, 0x0000000000000000 | 2.69 2.90 2.87 | cpu  1565283340 172940179 203002450 31256707021 14099531 0 5073431 0 0 0
1790989369 2400, 13801, 52, 0x0000000000000000 | 2.69 2.90 2.87 | cpu  1565283513 172940179 203002522 31256711066 14099531 0 5073431 0 0 0
1790989370 2400, 13801, 52, 0x0000000000000000 | 2.69 2.90 2.87 | cpu  1565283728 172940179 203002592 31256715069 14099532 0 5073431 0 0 0
1790989371 2400, 13801, 52, 0x0000000000000000 | 2.69 2.90 2.87 | cpu  1565283898 172940179 203002661 31256719127 14099533 0 5073431 0 0 0
1790989372 2400, 13801, 52, 0x0000000000000000 | 2.69 2.90 2.87 | cpu  1565284064 172940179 203002732 31256723169 14099534 0 5073431 0 0 0
1790989373 2400, 13801, 52, 0x0000000000000000 | 2.64 2.88 2.87 | cpu  1565284243 172940179 203002821 31256727187 14099534 0 5073431 0 0 0
1790989375 2400, 13801, 52, 0x0000000000000000 | 2.64 2.88 2.87 | cpu  1565284435 172940179 203002887 31256731224 14099535 0 5073431 0 0 0
1790989376 2400, 13801, 52, 0x0000000000000000 | 2.64 2.88 2.87 | cpu  1565284698 172940179 203003182 31256734947 14099538 0 5073431 0 0 0
1790989377 2400, 13801, 52, 0x0000000000000000 | 2.64 2.88 2.87 | cpu  1565285299 172940179 203003411 31256738522 14099538 0 5073431 0 0 0
1790989378 2400, 13801, 52, 0x0000000000000000 | 4.27 3.22 2.98 | cpu  1565285675 172940179 203003553 31256742289 14099538 0 5073431 0 0 0
1790989379 2400, 13801, 52, 0x0000000000000000 | 4.27 3.22 2.98 | cpu  1565286337 172940179 203003769 31256745788 14099539 0 5073431 0 0 0
1790989380 2400, 13801, 52, 0x0000000000000000 | 4.27 3.22 2.98 | cpu  1565287174 172940179 203003837 31256749183 14099541 0 5073432 0 0 0
1790989381 2400, 13801, 52, 0x0000000000000000 | 4.27 3.22 2.98 | cpu  1565287764 172940179 203003910 31256752801 14099542 0 5073432 0 0 0
1790989382 2400, 13801, 52, 0x0000000000000000 | 4.27 3.22 2.98 | cpu  1565288470 172940179 203003970 31256756311 14099543 0 5073432 0 0 0
1790989383 2400, 13801, 52, 0x0000000000000000 | 4.09 3.20 2.97 | cpu  1565289148 172940179 203004003 31256759874 14099543 0 5073432 0 0 0
1790989384 2400, 13801, 52, 0x0000000000000000 | 4.09 3.20 2.97 | cpu  1565289788 172940179 203004045 31256763478 14099546 0 5073432 0 0 0
1790989385 2400, 13801, 52, 0x0000000000000000 | 4.09 3.20 2.97 | cpu  1565290400 172940179 203004082 31256767117 14099546 0 5073432 0 0 0
1790989386 2400, 13801, 52, 0x0000000000000000 | 4.09 3.20 2.97 | cpu  1565291094 172940179 203004135 31256770668 14099547 0 5073432 0 0 0
1790989388 2400, 13801, 52, 0x0000000000000000 | 4.09 3.20 2.97 | cpu  1565291241 172940179 203004169 31256774764 14099548 0 5073432 0 0 0
1790989389 2400, 13801, 52, 0x0000000000000000 | 3.84 3.16 2.96 | cpu  1565291331 172940179 203004196 31256778929 14099548 0 5073432 0 0 0
1790989390 2400, 13801, 53, 0x0000000000000000 | 3.84 3.16 2.96 | cpu  1565291445 172940179 203004233 31256783068 14099549 0 5073432 0 0 0
1790989391 2400, 13801, 52, 0x0000000000000000 | 3.84 3.16 2.96 | cpu  1565291556 172940179 203004261 31256787188 14099550 0 5073432 0 0 0
1790989392 2400, 13801, 53, 0x0000000000000000 | 3.84 3.16 2.96 | cpu  1565291647 172940179 203004290 31256791340 14099551 0 5073432 0 0 0
1790989393 2400, 13801, 53, 0x0000000000000000 | 3.61 3.13 2.95 | cpu  1565291735 172940179 203004319 31256795493 14099553 0 5073432 0 0 0
1790989394 2400, 13801, 53, 0x0000000000000000 | 3.61 3.13 2.95 | cpu  1565291846 172940179 203004362 31256799629 14099554 0 5073432 0 0 0
1790989395 2400, 13801, 53, 0x0000000000000000 | 3.61 3.13 2.95 | cpu  1565291940 172940179 203004401 31256803762 14099554 0 5073432 0 0 0
1790989396 2400, 13801, 53, 0x0000000000000000 | 3.61 3.13 2.95 | cpu  1565292031 172940179 203004434 31256807920 14099555 0 5073432 0 0 0
1790989397 2400, 13801, 53, 0x0000000000000000 | 3.61 3.13 2.95 | cpu  1565292118 172940179 203004465 31256812078 14099555 0 5073432 0 0 0
1790989398 2400, 13801, 53, 0x0000000000000000 | 3.40 3.09 2.94 | cpu  1565292225 172940179 203004504 31256816209 14099556 0 5073432 0 0 0
1790989399 2400, 13801, 53, 0x0000000000000000 | 3.40 3.09 2.94 | cpu  1565292315 172940179 203004530 31256820382 14099556 0 5073432 0 0 0
1790989400 2400, 13801, 53, 0x0000000000000000 | 3.40 3.09 2.94 | cpu  1565292412 172940179 203004559 31256824523 14099559 0 5073433 0 0 0
1790989401 2400, 13801, 53, 0x0000000000000000 | 3.40 3.09 2.94 | cpu  1565292526 172940179 203004591 31256828659 14099560 0 5073433 0 0 0
1790989402 2400, 13801, 53, 0x0000000000000000 | 3.40 3.09 2.94 | cpu  1565292636 172940179 203004630 31256832774 14099561 0 5073433 0 0 0
1790989404 2400, 13801, 53, 0x0000000000000000 | 3.21 3.05 2.93 | cpu  1565292728 172940179 203004658 31256836925 14099562 0 5073433 0 0 0
1790989405 2400, 13801, 53, 0x0000000000000000 | 3.21 3.05 2.93 | cpu  1565292816 172940179 203004686 31256841086 14099562 0 5073433 0 0 0
1790989406 2400, 13801, 53, 0x0000000000000000 | 3.21 3.05 2.93 | cpu  1565292925 172940179 203004722 31256845217 14099563 0 5073433 0 0 0
1790989407 2400, 13801, 53, 0x0000000000000000 | 3.21 3.05 2.93 | cpu  1565293015 172940179 203004748 31256849377 14099565 0 5073433 0 0 0
1790989408 2400, 13801, 53, 0x0000000000000000 | 3.03 3.02 2.92 | cpu  1565293109 172940179 203004777 31256853520 14099566 0 5073433 0 0 0
1790989409 2400, 13801, 53, 0x0000000000000000 | 3.03 3.02 2.92 | cpu  1565293206 172940179 203004798 31256857689 14099566 0 5073433 0 0 0
1790989410 2400, 13801, 53, 0x0000000000000000 | 3.03 3.02 2.92 | cpu  1565293326 172940179 203004828 31256861822 14099569 0 5073433 0 0 0
1790989411 2400, 13801, 53, 0x0000000000000000 | 3.03 3.02 2.92 | cpu  1565293428 172940179 203004857 31256865980 14099569 0 5073433 0 0 0
1790989412 2400, 13801, 53, 0x0000000000000000 | 3.03 3.02 2.92 | cpu  1565293571 172940179 203004915 31256870066 14099571 0 5073433 0 0 0
1790989413 2400, 13801, 53, 0x0000000000000000 | 2.95 3.00 2.91 | cpu  1565293690 172940179 203004998 31256874133 14099571 0 5073433 0 0 0
1790989414 2407, 13801, 53, 0x0000000000000000 | 2.95 3.00 2.91 | cpu  1565293812 172940179 203005033 31256878261 14099573 0 5073433 0 0 0
1790989415 2407, 13801, 53, 0x0000000000000000 | 2.95 3.00 2.91 | cpu  1565293918 172940179 203005043 31256882430 14099573 0 5073433 0 0 0
1790989416 2415, 13801, 55, 0x0000000000000000 | 2.95 3.00 2.91 | cpu  1565294031 172940179 203005051 31256886597 14099574 0 5073433 0 0 0
1790989417 2415, 13801, 55, 0x0000000000000000 | 2.95 3.00 2.91 | cpu  1565294149 172940179 203005062 31256890766 14099574 0 5073433 0 0 0
1790989419 2415, 13801, 55, 0x0000000000000000 | 2.79 2.97 2.90 | cpu  1565294270 172940179 203005074 31256894909 14099576 0 5073433 0 0 0
1790989420 2407, 13801, 56, 0x0000000000000000 | 2.79 2.97 2.90 | cpu  1565294382 172940179 203005082 31256899077 14099577 0 5073433 0 0 0
1790989421 2415, 13801, 55, 0x0000000000000000 | 2.79 2.97 2.90 | cpu  1565294492 172940179 203005089 31256903246 14099578 0 5073433 0 0 0
1790989422 2407, 13801, 54, 0x0000000000000000 | 2.79 2.97 2.90 | cpu  1565294630 172940179 203005125 31256907363 14099579 0 5073433 0 0 0
1790989423 2415, 13801, 55, 0x0000000000000000 | 2.65 2.94 2.89 | cpu  1565294750 172940179 203005144 31256911501 14099580 0 5073433 0 0 0
1790989424 2407, 13801, 55, 0x0000000000000000 | 2.65 2.94 2.89 | cpu  1565294867 172940179 203005162 31256915627 14099581 0 5073433 0 0 0
1790989425 2400, 13801, 57, 0x0000000000000000 | 2.65 2.94 2.89 | cpu  1565294984 172940179 203005180 31256919775 14099581 0 5073433 0 0 0
1790989426 2415, 13801, 56, 0x0000000000000000 | 2.65 2.94 2.89 | cpu  1565295116 172940179 203005203 31256923896 14099582 0 5073433 0 0 0
1790989427 2415, 13801, 56, 0x0000000000000000 | 2.65 2.94 2.89 | cpu  1565295236 172940179 203005222 31256928065 14099582 0 5073433 0 0 0
1790989428 2400, 13801, 57, 0x0000000000000000 | 2.52 2.90 2.88 | cpu  1565295355 172940179 203005248 31256932205 14099584 0 5073433 0 0 0
1790989429 2407, 13801, 58, 0x0000000000000000 | 2.52 2.90 2.88 | cpu  1565295485 172940179 203005306 31256936299 14099586 0 5073433 0 0 0
1790989430 2407, 13801, 58, 0x0000000000000000 | 2.52 2.90 2.88 | cpu  1565295615 172940179 203005328 31256940432 14099587 0 5073433 0 0 0
1790989431 2407, 13801, 57, 0x0000000000000000 | 2.52 2.90 2.88 | cpu  1565295729 172940179 203005345 31256944582 14099588 0 5073433 0 0 0
1790989432 2407, 13801, 56, 0x0000000000000000 | 2.52 2.90 2.88 | cpu  1565295862 172940179 203005362 31256948701 14099588 0 5073433 0 0 0
1790989434 2407, 13801, 56, 0x0000000000000000 | 2.39 2.87 2.87 | cpu  1565295995 172940179 203005387 31256952831 14099588 0 5073433 0 0 0
1790989435 2407, 13801, 57, 0x0000000000000000 | 2.39 2.87 2.87 | cpu  1565296117 172940179 203005405 31256956990 14099590 0 5073433 0 0 0
1790989436 2415, 13801, 56, 0x0000000000000000 | 2.39 2.87 2.87 | cpu  1565296232 172940179 203005422 31256961136 14099591 0 5073433 0 0 0
1790989437 2415, 13801, 56, 0x0000000000000000 | 2.39 2.87 2.87 | cpu  1565296353 172940179 203005438 31256965294 14099591 0 5073433 0 0 0
1790989438 2407, 13801, 57, 0x0000000000000000 | 2.28 2.84 2.86 | cpu  1565296484 172940179 203005462 31256969422 14099592 0 5073433 0 0 0
1790989439 2407, 13801, 57, 0x0000000000000000 | 2.28 2.84 2.86 | cpu  1565296597 172940179 203005476 31256973587 14099592 0 5073433 0 0 0
1790989440 2400, 13801, 58, 0x0000000000000000 | 2.28 2.84 2.86 | cpu  1565296712 172940179 203005494 31256977733 14099597 0 5073433 0 0 0
1790989441 2400, 13801, 59, 0x0000000000000000 | 2.28 2.84 2.86 | cpu  1565296825 172940179 203005510 31256981890 14099597 0 5073433 0 0 0
1790989442 2407, 13801, 58, 0x0000000000000000 | 2.28 2.84 2.86 | cpu  1565296957 172940179 203005534 31256986006 14099599 0 5073433 0 0 0
1790989443 2415, 13801, 57, 0x0000000000000000 | 2.26 2.83 2.85 | cpu  1565297098 172940179 203005556 31256990128 14099599 0 5073433 0 0 0
1790989444 2407, 13801, 57, 0x0000000000000000 | 2.26 2.83 2.85 | cpu  1565297292 172940179 203005578 31256994204 14099601 0 5073434 0 0 0
1790989445 2407, 13801, 58, 0x0000000000000000 | 2.26 2.83 2.85 | cpu  1565297703 172940179 203005609 31256998057 14099603 0 5073434 0 0 0
1790989446 2400, 13801, 57, 0x0000000000000000 | 2.26 2.83 2.85 | cpu  1565298164 172940179 203005795 31257001704 14099604 0 5073434 0 0 0
1790989448 2407, 13801, 58, 0x0000000000000000 | 2.26 2.83 2.85 | cpu  1565298610 172940179 203005896 31257005445 14099606 0 5073434 0 0 0
1790989449 2415, 13801, 57, 0x0000000000000000 | 2.64 2.90 2.88 | cpu  1565299280 172940179 203006171 31257008829 14099606 0 5073434 0 0 0
1790989450 2415, 13801, 57, 0x0000000000000000 | 2.64 2.90 2.88 | cpu  1565300672 172940179 203006354 31257011542 14099607 0 5073434 0 0 0
1790989451 2407, 13801, 59, 0x0000000000000000 | 2.64 2.90 2.88 | cpu  1565300856 172940179 203006595 31257015470 14099608 0 5073434 0 0 0
1790989452 2407, 13801, 58, 0x0000000000000000 | 2.64 2.90 2.88 | cpu  1565301055 172940179 203006644 31257019504 14099610 0 5073434 0 0 0
1790989453 2407, 13801, 58, 0x0000000000000000 | 2.59 2.88 2.87 | cpu  1565301287 172940179 203006710 31257023494 14099610 0 5073434 0 0 0
1790989454 2415, 13801, 57, 0x0000000000000000 | 2.59 2.88 2.87 | cpu  1565301556 172940179 203006734 31257027490 14099611 0 5073434 0 0 0
1790989455 2407, 13801, 57, 0x0000000000000000 | 2.59 2.88 2.87 | cpu  1565301744 172940179 203006990 31257031369 14099611 0 5073434 0 0 0
1790989456 2407, 13801, 57, 0x0000000000000000 | 2.59 2.88 2.87 | cpu  1565301932 172940179 203007217 31257035269 14099614 0 5073434 0 0 0
1790989457 2407, 13801, 58, 0x0000000000000000 | 2.59 2.88 2.87 | cpu  1565302120 172940179 203007321 31257039265 14099621 0 5073434 0 0 0
1790989458 2407, 13801, 59, 0x0000000000000000 | 2.54 2.87 2.87 | cpu  1565302327 172940179 203007435 31257043213 14099636 0 5073434 0 0 0
1790989459 2407, 13801, 59, 0x0000000000000000 | 2.54 2.87 2.87 | cpu  1565302519 172940179 203007540 31257047193 14099642 0 5073434 0 0 0
1790989460 2407, 13801, 60, 0x0000000000000000 | 2.54 2.87 2.87 | cpu  1565302707 172940179 203007651 31257051196 14099646 0 5073434 0 0 0
1790989462 2415, 13801, 58, 0x0000000000000000 | 2.54 2.87 2.87 | cpu  1565302906 172940179 203007768 31257055183 14099649 0 5073434 0 0 0
1790989463 2407, 13801, 58, 0x0000000000000000 | 2.54 2.87 2.87 | cpu  1565303102 172940179 203007886 31257059166 14099651 0 5073434 0 0 0
1790989464 2407, 13801, 59, 0x0000000000000000 | 2.58 2.87 2.87 | cpu  1565303323 172940179 203007991 31257063115 14099655 0 5073434 0 0 0
1790989465 2407, 13801, 59, 0x0000000000000000 | 2.58 2.87 2.87 | cpu  1565303512 172940179 203008106 31257067106 14099659 0 5073434 0 0 0
1790989466 2407, 13801, 59, 0x0000000000000000 | 2.58 2.87 2.87 | cpu  1565303717 172940179 203008222 31257071075 14099663 0 5073434 0 0 0
1790989467 2415, 13801, 58, 0x0000000000000000 | 2.58 2.87 2.87 | cpu  1565303905 172940179 203008337 31257075050 14099665 0 5073434 0 0 0
1790989468 2407, 13801, 58, 0x0000000000000000 | 2.69 2.89 2.87 | cpu  1565304097 172940179 203008440 31257079024 14099668 0 5073434 0 0 0
1790989469 2407, 13801, 59, 0x0000000000000000 | 2.69 2.89 2.87 | cpu  1565304289 172940179 203008562 31257083005 14099672 0 5073434 0 0 0
1790989470 2415, 13801, 58, 0x0000000000000000 | 2.69 2.89 2.87 | cpu  1565304494 172940179 203008673 31257086964 14099681 0 5073435 0 0 0
1790989471 2415, 13801, 58, 0x0000000000000000 | 2.69 2.89 2.87 | cpu  1565304676 172940179 203008815 31257090932 14099688 0 5073435 0 0 0
1790989472 2407, 13801, 59, 0x0000000000000000 | 2.69 2.89 2.87 | cpu  1565304916 172940179 203008848 31257094939 14099689 0 5073435 0 0 0
1790989473 2407, 13801, 58, 0x0000000000000000 | 2.72 2.89 2.88 | cpu  1565305145 172940179 203008866 31257098963 14099689 0 5073435 0 0 0
1790989474 2407, 13801, 58, 0x0000000000000000 | 2.72 2.89 2.88 | cpu  1565305419 172940179 203008899 31257102943 14099693 0 5073435 0 0 0
1790989476 2400, 13801, 59, 0x0000000000000000 | 2.72 2.89 2.88 | cpu  1565305663 172940179 203008940 31257106933 14099695 0 5073435 0 0 0
1790989477 2407, 13801, 59, 0x0000000000000000 | 2.72 2.89 2.88 | cpu  1565305896 172940179 203008982 31257110941 14099695 0 5073435 0 0 0
1790989478 2407, 13801, 59, 0x0000000000000000 | 2.72 2.89 2.88 | cpu  1565306171 172940179 203009050 31257114894 14099697 0 5073435 0 0 0
1790989479 2400, 13801, 59, 0x0000000000000000 | 2.74 2.89 2.88 | cpu  1565306392 172940179 203009084 31257118949 14099697 0 5073435 0 0 0
1790989480 2407, 13801, 60, 0x0000000000000000 | 2.74 2.89 2.88 | cpu  1565306604 172940179 203009120 31257122984 14099699 0 5073435 0 0 0
1790989481 2407, 13801, 58, 0x0000000000000000 | 2.74 2.89 2.88 | cpu  1565306819 172940179 203009158 31257127037 14099700 0 5073435 0 0 0
1790989482 2415, 13801, 58, 0x0000000000000000 | 2.74 2.89 2.88 | cpu  1565307044 172940179 203009200 31257131058 14099701 0 5073435 0 0 0
1790989483 2407, 13801, 59, 0x0000000000000000 | 2.68 2.88 2.87 | cpu  1565307558 172940179 203009366 31257134655 14099701 0 5073435 0 0 0
1790989484 2407, 13801, 60, 0x0000000000000000 | 2.68 2.88 2.87 | cpu  1565307803 172940179 203009447 31257138633 14099702 0 5073435 0 0 0
1790989485 2407, 13801, 59, 0x0000000000000000 | 2.68 2.88 2.87 | cpu  1565308028 172940179 203009637 31257142520 14099702 0 5073435 0 0 0
1790989486 2407, 13801, 59, 0x0000000000000000 | 2.68 2.88 2.87 | cpu  1565308240 172940179 203009878 31257146362 14099705 0 5073435 0 0 0
1790989487 2407, 13801, 59, 0x0000000000000000 | 2.68 2.88 2.87 | cpu  1565308442 172940179 203009963 31257150367 14099709 0 5073435 0 0 0
1790989488 2407, 13801, 59, 0x0000000000000000 | 3.11 2.96 2.90 | cpu  1565308646 172940179 203010052 31257154352 14099714 0 5073435 0 0 0
1790989489 2407, 13801, 61, 0x0000000000000000 | 3.11 2.96 2.90 | cpu  1565308882 172940179 203010149 31257158315 14099718 0 5073435 0 0 0
1790989491 2415, 13801, 59, 0x0000000000000000 | 3.11 2.96 2.90 | cpu  1565309109 172940179 203010250 31257162286 14099721 0 5073435 0 0 0
1790989492 2415, 13801, 59, 0x0000000000000000 | 3.11 2.96 2.90 | cpu  1565309332 172940179 203010338 31257166250 14099726 0 5073435 0 0 0
1790989493 2415, 13801, 58, 0x0000000000000000 | 3.11 2.96 2.90 | cpu  1565309539 172940179 203010440 31257170241 14099732 0 5073435 0 0 0
1790989494 2415, 13801, 58, 0x0000000000000000 | 3.10 2.96 2.90 | cpu  1565309784 172940179 203010572 31257174135 14099734 0 5073435 0 0 0
1790989495 2407, 13801, 59, 0x0000000000000000 | 3.10 2.96 2.90 | cpu  1565310009 172940179 203010667 31257178109 14099739 0 5073435 0 0 0
1790989496 2407, 13801, 59, 0x0000000000000000 | 3.10 2.96 2.90 | cpu  1565310216 172940179 203010751 31257182090 14099743 0 5073435 0 0 0
1790989497 2407, 13801, 59, 0x0000000000000000 | 3.10 2.96 2.90 | cpu  1565310418 172940179 203010844 31257186095 14099747 0 5073435 0 0 0
1790989498 2407, 13801, 60, 0x0000000000000000 | 3.01 2.95 2.90 | cpu  1565310652 172940179 203010919 31257190075 14099750 0 5073436 0 0 0
1790989499 2407, 13801, 60, 0x0000000000000000 | 3.01 2.95 2.90 | cpu  1565310881 172940179 203010937 31257194106 14099751 0 5073436 0 0 0
1790989500 2407, 13801, 61, 0x0000000000000000 | 3.01 2.95 2.90 | cpu  1565311098 172940179 203010978 31257198150 14099754 0 5073436 0 0 0
1790989501 2407, 13801, 60, 0x0000000000000000 | 3.01 2.95 2.90 | cpu  1565311522 172940179 203011157 31257201925 14099755 0 5073436 0 0 0
1790989502 2400, 13801, 60, 0x0000000000000000 | 3.01 2.95 2.90 | cpu  1565312256 172940179 203011234 31257205407 14099756 0 5073436 0 0 0
1790989504 2407, 13801, 61, 0x0000000000000000 | 2.93 2.93 2.89 | cpu  1565312994 172940179 203011277 31257208901 14099757 0 5073436 0 0 0
1790989505 2407, 13801, 59, 0x0000000000000000 | 2.93 2.93 2.89 | cpu  1565313181 172940179 203011297 31257212982 14099758 0 5073436 0 0 0
1790989506 2407, 13801, 60, 0x0000000000000000 | 2.93 2.93 2.89 | cpu  1565313330 172940179 203011325 31257217103 14099760 0 5073436 0 0 0
1790989507 2407, 13801, 61, 0x0000000000000000 | 2.93 2.93 2.89 | cpu  1565313444 172940179 203011340 31257221269 14099761 0 5073436 0 0 0
1790989508 2407, 13801, 60, 0x0000000000000000 | 2.93 2.93 2.89 | cpu  1565313571 172940179 203011362 31257225391 14099762 0 5073436 0 0 0
1790989509 2407, 13801, 60, 0x0000000000000000 | 2.93 2.93 2.89 | cpu  1565313696 172940179 203011399 31257229506 14099762 0 5073436 0 0 0
1790989510 2407, 13801, 62, 0x0000000000000000 | 2.93 2.93 2.89 | cpu  1565313845 172940179 203011447 31257233599 14099764 0 5073436 0 0 0
1790989511 2407, 13801, 60, 0x0000000000000000 | 2.93 2.93 2.89 | cpu  1565313957 172940179 203011461 31257237738 14099767 0 5073436 0 0 0
1790989512 2415, 13801, 60, 0x0000000000000000 | 2.93 2.93 2.89 | cpu  1565314073 172940179 203011479 31257241877 14099768 0 5073436 0 0 0
1790989513 2415, 13801, 59, 0x0000000000000000 | 2.78 2.90 2.88 | cpu  1565314189 172940179 203011494 31257246035 14099768 0 5073436 0 0 0
1790989514 2407, 13801, 60, 0x0000000000000000 | 2.78 2.90 2.88 | cpu  1565314317 172940179 203011517 31257250172 14099769 0 5073436 0 0 0
1790989515 2400, 13801, 60, 0x0000000000000000 | 2.78 2.90 2.88 | cpu  1565314434 172940179 203011535 31257254342 14099769 0 5073436 0 0 0
1790989516 2407, 13801, 60, 0x0000000000000000 | 2.78 2.90 2.88 | cpu  1565314571 172940179 203011553 31257258473 14099772 0 5073436 0 0 0
1790989517 2407, 13801, 59, 0x0000000000000000 | 2.78 2.90 2.88 | cpu  1565314688 172940179 203011570 31257262617 14099772 0 5073436 0 0 0
1790989519 2407, 13801, 60, 0x0000000000000000 | 2.64 2.87 2.87 | cpu  1565314810 172940179 203011592 31257266741 14099773 0 5073436 0 0 0
1790989520 2407, 13801, 61, 0x0000000000000000 | 2.64 2.87 2.87 | cpu  1565314926 172940179 203011609 31257270915 14099774 0 5073436 0 0 0
1790989521 2407, 13801, 61, 0x0000000000000000 | 2.64 2.87 2.87 | cpu  1565315039 172940179 203011623 31257275090 14099775 0 5073436 0 0 0
1790989522 2415, 13801, 60, 0x0000000000000000 | 2.64 2.87 2.87 | cpu  1565315169 172940179 203011649 31257279214 14099777 0 5073436 0 0 0
1790989523 2407, 13801, 60, 0x0000000000000000 | 2.67 2.87 2.87 | cpu  1565315284 172940179 203011662 31257283367 14099777 0 5073436 0 0 0
1790989524 2407, 13801, 60, 0x0000000000000000 | 2.67 2.87 2.87 | cpu  1565315399 172940179 203011681 31257287504 14099779 0 5073436 0 0 0
1790989525 2407, 13801, 60, 0x0000000000000000 | 2.67 2.87 2.87 | cpu  1565315512 172940179 203011695 31257291641 14099779 0 5073436 0 0 0
1790989526 2407, 13801, 60, 0x0000000000000000 | 2.67 2.87 2.87 | cpu  1565315672 172940179 203011725 31257295749 14099781 0 5073436 0 0 0
1790989527 2407, 13801, 61, 0x0000000000000000 | 2.67 2.87 2.87 | cpu  1565315788 172940179 203011741 31257299905 14099781 0 5073436 0 0 0
1790989528 2400, 13801, 62, 0x0000000000000000 | 2.53 2.84 2.86 | cpu  1565315904 172940179 203011763 31257304085 14099782 0 5073436 0 0 0
1790989529 2400, 13801, 62, 0x0000000000000000 | 2.53 2.84 2.86 | cpu  1565316017 172940179 203011780 31257308252 14099782 0 5073436 0 0 0
1790989530 2407, 13801, 61, 0x0000000000000000 | 2.53 2.84 2.86 | cpu  1565316148 172940179 203011803 31257312384 14099783 0 5073436 0 0 0
1790989531 2415, 13801, 60, 0x0000000000000000 | 2.53 2.84 2.86 | cpu  1565316261 172940179 203011819 31257316547 14099787 0 5073437 0 0 0
1790989532 2407, 13801, 63, 0x0000000000000000 | 2.53 2.84 2.86 | cpu  1565316375 172940179 203011834 31257320712 14099788 0 5073437 0 0 0
1790989534 2407, 13801, 61, 0x0000000000000000 | 2.41 2.81 2.85 | cpu  1565316500 172940179 203011855 31257324859 14099788 0 5073437 0 0 0
1790989535 2407, 13801, 63, 0x0000000000000000 | 2.41 2.81 2.85 | cpu  1565316620 172940179 203011876 31257329017 14099789 0 5073437 0 0 0
1790989536 2407, 13801, 62, 0x0000000000000000 | 2.41 2.81 2.85 | cpu  1565316734 172940179 203011892 31257333162 14099790 0 5073437 0 0 0
1790989537 2407, 13801, 61, 0x0000000000000000 | 2.41 2.81 2.85 | cpu  1565316872 172940179 203011911 31257337287 14099793 0 5073437 0 0 0
1790989538 2400, 13801, 62, 0x0000000000000000 | 2.38 2.80 2.85 | cpu  1565317009 172940179 203011941 31257341408 14099795 0 5073437 0 0 0
1790989539 2407, 13801, 64, 0x0000000000000000 | 2.38 2.80 2.85 | cpu  1565317130 172940179 203011964 31257345567 14099795 0 5073437 0 0 0
1790989540 2400, 13801, 62, 0x0000000000000000 | 2.38 2.80 2.85 | cpu  1565317256 172940179 203012024 31257349674 14099796 0 5073437 0 0 0
1790989541 2407, 13801, 62, 0x0000000000000000 | 2.38 2.80 2.85 | cpu  1565317367 172940179 203012040 31257353829 14099797 0 5073437 0 0 0
1790989542 2407, 13801, 62, 0x0000000000000000 | 2.38 2.80 2.85 | cpu  1565317498 172940179 203012064 31257357989 14099800 0 5073437 0 0 0
1790989543 2407, 13801, 61, 0x0000000000000000 | 2.27 2.77 2.84 | cpu  1565317609 172940179 203012078 31257362153 14099800 0 5073437 0 0 0
1790989544 2415, 13801, 60, 0x0000000000000000 | 2.27 2.77 2.84 | cpu  1565317725 172940179 203012096 31257366305 14099801 0 5073437 0 0 0
1790989545 2407, 13801, 63, 0x0000000000000000 | 2.27 2.77 2.84 | cpu  1565317838 172940179 203012113 31257370471 14099801 0 5073437 0 0 0
1790989546 2400, 13801, 62, 0x0000000000000000 | 2.27 2.77 2.84 | cpu  1565317969 172940179 203012135 31257374600 14099802 0 5073437 0 0 0
1790989548 2400, 13801, 64, 0x0000000000000000 | 2.27 2.77 2.84 | cpu  1565318109 172940179 203012158 31257378731 14099805 0 5073437 0 0 0
1790989549 2400, 13801, 62, 0x0000000000000000 | 2.16 2.74 2.83 | cpu  1565318226 172940179 203012176 31257382894 14099805 0 5073437 0 0 0
1790989550 2407, 13801, 64, 0x0000000000000000 | 2.16 2.74 2.83 | cpu  1565318368 172940179 203012218 31257387000 14099806 0 5073437 0 0 0
1790989551 2407, 13801, 63, 0x0000000000000000 | 2.16 2.74 2.83 | cpu  1565318481 172940179 203012233 31257391156 14099807 0 5073437 0 0 0
1790989552 2407, 13801, 62, 0x0000000000000000 | 2.16 2.74 2.83 | cpu  1565318596 172940179 203012249 31257395308 14099808 0 5073437 0 0 0
1790989553 2407, 13801, 62, 0x0000000000000000 | 2.07 2.71 2.82 | cpu  1565318711 172940179 203012265 31257399459 14099810 0 5073437 0 0 0
1790989554 2400, 13801, 62, 0x0000000000000000 | 2.07 2.71 2.82 | cpu  1565318840 172940179 203012291 31257403590 14099811 0 5073437 0 0 0
1790989555 2407, 13801, 62, 0x0000000000000000 | 2.07 2.71 2.82 | cpu  1565318953 172940179 203012308 31257407736 14099811 0 5073438 0 0 0
1790989556 2407, 13801, 63, 0x0000000000000000 | 2.07 2.71 2.82 | cpu  1565319073 172940179 203012329 31257411896 14099812 0 5073438 0 0 0
1790989557 2400, 13801, 62, 0x0000000000000000 | 2.07 2.71 2.82 | cpu  1565319207 172940179 203012347 31257416045 14099812 0 5073438 0 0 0
1790989558 2400, 13801, 63, 0x0000000000000000 | 1.99 2.68 2.81 | cpu  1565319337 172940179 203012370 31257420193 14099814 0 5073438 0 0 0
1790989559 2407, 13801, 62, 0x0000000000000000 | 1.99 2.68 2.81 | cpu  1565319451 172940179 203012385 31257424357 14099814 0 5073438 0 0 0
1790989560 2400, 13801, 62, 0x0000000000000000 | 1.99 2.68 2.81 | cpu  1565319572 172940179 203012404 31257428499 14099817 0 5073438 0 0 0
1790989561 2407, 13801, 62, 0x0000000000000000 | 1.99 2.68 2.81 | cpu  1565319693 172940179 203012425 31257432670 14099818 0 5073438 0 0 0
1790989563 2407, 13801, 64, 0x0000000000000000 | 1.99 2.68 2.81 | cpu  1565319817 172940179 203012444 31257436826 14099819 0 5073438 0 0 0
1790989564 2407, 13801, 63, 0x0000000000000000 | 1.91 2.65 2.80 | cpu  1565319931 172940179 203012461 31257440978 14099820 0 5073438 0 0 0
1790989565 2407, 13801, 63, 0x0000000000000000 | 1.91 2.65 2.80 | cpu  1565320045 172940179 203012478 31257445145 14099820 0 5073438 0 0 0
1790989566 2415, 13801, 61, 0x0000000000000000 | 1.91 2.65 2.80 | cpu  1565320176 172940179 203012498 31257449271 14099822 0 5073438 0 0 0
1790989567 2407, 13801, 62, 0x0000000000000000 | 1.91 2.65 2.80 | cpu  1565320290 172940179 203012513 31257453426 14099822 0 5073438 0 0 0
1790989568 2407, 13801, 62, 0x0000000000000000 | 1.83 2.62 2.79 | cpu  1565320429 172940179 203012531 31257457570 14099824 0 5073438 0 0 0
1790989569 2407, 13801, 61, 0x0000000000000000 | 1.83 2.62 2.79 | cpu  1565320541 172940179 203012546 31257461718 14099824 0 5073438 0 0 0
1790989570 2407, 13801, 62, 0x0000000000000000 | 1.83 2.62 2.79 | cpu  1565320671 172940179 203012570 31257465837 14099825 0 5073438 0 0 0
1790989571 2407, 13801, 62, 0x0000000000000000 | 1.83 2.62 2.79 | cpu  1565320784 172940179 203012587 31257469976 14099828 0 5073438 0 0 0
1790989572 2400, 13801, 62, 0x0000000000000000 | 1.83 2.62 2.79 | cpu  1565320903 172940179 203012606 31257474130 14099829 0 5073438 0 0 0
1790989573 2407, 13801, 61, 0x0000000000000000 | 1.77 2.59 2.78 | cpu  1565321015 172940179 203012624 31257478287 14099829 0 5073438 0 0 0
1790989574 2407, 13801, 61, 0x0000000000000000 | 1.77 2.59 2.78 | cpu  1565321144 172940179 203012647 31257482405 14099830 0 5073438 0 0 0
1790989575 2400, 13801, 63, 0x0000000000000000 | 1.77 2.59 2.78 | cpu  1565321259 172940179 203012664 31257486582 14099831 0 5073438 0 0 0
1790989577 2415, 13801, 61, 0x0000000000000000 | 1.77 2.59 2.78 | cpu  1565321373 172940179 203012678 31257490736 14099831 0 5073438 0 0 0
1790989578 2415, 13801, 60, 0x0000000000000000 | 1.77 2.59 2.78 | cpu  1565321503 172940179 203012701 31257494855 14099833 0 5073438 0 0 0
1790989579 2407, 13801, 60, 0x0000000000000000 | 1.79 2.58 2.77 | cpu  1565321643 172940179 203012723 31257498993 14099834 0 5073438 0 0 0
1790989580 2407, 13801, 61, 0x0000000000000000 | 1.79 2.58 2.77 | cpu  1565321757 172940179 203012739 31257503143 14099835 0 5073438 0 0 0
1790989581 2407, 13801, 61, 0x0000000000000000 | 1.79 2.58 2.77 | cpu  1565321870 172940179 203012754 31257507302 14099836 0 5073438 0 0 0
1790989582 2407, 13801, 63, 0x0000000000000000 | 1.79 2.58 2.77 | cpu  1565321994 172940179 203012778 31257511460 14099837 0 5073438 0 0 0
1790989583 2400, 13801, 61, 0x0000000000000000 | 1.72 2.56 2.76 | cpu  1565322111 172940179 203012795 31257515611 14099839 0 5073438 0 0 0
1790989584 2415, 13801, 60, 0x0000000000000000 | 1.72 2.56 2.76 | cpu  1565322226 172940179 203012812 31257519745 14099840 0 5073438 0 0 0
1790989585 2407, 13801, 60, 0x0000000000000000 | 1.72 2.56 2.76 | cpu  1565322338 172940179 203012826 31257523911 14099840 0 5073438 0 0 0
1790989586 2407, 13801, 60, 0x0000000000000000 | 1.72 2.56 2.76 | cpu  1565322470 172940179 203012848 31257528027 14099841 0 5073438 0 0 0
1790989587 2407, 13801, 60, 0x0000000000000000 | 1.72 2.56 2.76 | cpu  1565322585 172940179 203012865 31257532189 14099841 0 5073438 0 0 0
1790989588 2407, 13801, 61, 0x0000000000000000 | 1.66 2.53 2.75 | cpu  1565322722 172940179 203012884 31257536323 14099844 0 5073438 0 0 0
1790989589 2415, 13801, 60, 0x0000000000000000 | 1.66 2.53 2.75 | cpu  1565322835 172940179 203012898 31257540473 14099844 0 5073438 0 0 0
1790989590 2407, 13801, 60, 0x0000000000000000 | 1.66 2.53 2.75 | cpu  1565322966 172940179 203012922 31257544620 14099846 0 5073438 0 0 0
1790989592 2400, 13801, 61, 0x0000000000000000 | 1.66 2.53 2.75 | cpu  1565323082 172940179 203012937 31257548778 14099848 0 5073438 0 0 0
1790989593 2400, 13801, 62, 0x0000000000000000 | 1.66 2.53 2.75 | cpu  1565323195 172940179 203012952 31257552951 14099848 0 5073438 0 0 0
1790989594 2407, 13801, 60, 0x0000000000000000 | 1.61 2.51 2.74 | cpu  1565323327 172940179 203012976 31257557094 14099850 0 5073438 0 0 0
1790989595 2407, 13801, 61, 0x0000000000000000 | 1.61 2.51 2.74 | cpu  1565323444 172940179 203012995 31257561276 14099850 0 5073438 0 0 0
1790989596 2407, 13801, 60, 0x0000000000000000 | 1.61 2.51 2.74 | cpu  1565323559 172940179 203013009 31257565428 14099851 0 5073439 0 0 0
1790989597 2400, 13801, 61, 0x0000000000000000 | 1.61 2.51 2.74 | cpu  1565323672 172940179 203013023 31257569587 14099851 0 5073439 0 0 0
1790989598 2400, 13801, 61, 0x0000000000000000 | 1.56 2.48 2.73 | cpu  1565323802 172940179 203013047 31257573720 14099852 0 5073439 0 0 0
1790989599 2400, 13801, 61, 0x0000000000000000 | 1.56 2.48 2.73 | cpu  1565323985 172940179 203013071 31257577792 14099852 0 5073439 0 0 0
1790989600 2407, 13801, 60, 0x0000000000000000 | 1.56 2.48 2.73 | cpu  1565324401 172940179 203013111 31257581646 14099855 0 5073439 0 0 0
1790989601 2407, 13801, 60, 0x0000000000000000 | 1.56 2.48 2.73 | cpu  1565324835 172940179 203013332 31257585305 14099856 0 5073439 0 0 0
1790989602 2415, 13801, 59, 0x0000000000000000 | 1.56 2.48 2.73 | cpu  1565325371 172940179 203013394 31257588989 14099858 0 5073439 0 0 0
1790989603 2415, 13801, 59, 0x0000000000000000 | 2.24 2.61 2.77 | cpu  1565326155 172940179 203013719 31257592183 14099858 0 5073439 0 0 0
1790989604 2407, 13801, 59, 0x0000000000000000 | 2.24 2.61 2.77 | cpu  1565327399 172940179 203013897 31257595040 14099859 0 5073439 0 0 0
1790989606 2407, 13801, 60, 0x0000000000000000 | 2.24 2.61 2.77 | cpu  1565327588 172940179 203014147 31257598990 14099861 0 5073439 0 0 0
1790989607 2407, 13801, 61, 0x0000000000000000 | 2.24 2.61 2.77 | cpu  1565327801 172940179 203014197 31257603030 14099863 0 5073439 0 0 0
1790989608 2407, 13801, 60, 0x0000000000000000 | 2.24 2.61 2.77 | cpu  1565328042 172940179 203014239 31257607039 14099864 0 5073439 0 0 0
1790989609 2400, 13801, 60, 0x0000000000000000 | 2.30 2.61 2.77 | cpu  1565328272 172940179 203014319 31257611063 14099864 0 5073439 0 0 0
1790989610 2407, 13801, 60, 0x0000000000000000 | 2.30 2.61 2.77 | cpu  1565328516 172940179 203014585 31257614973 14099865 0 5073439 0 0 0
1790989611 2407, 13801, 60, 0x0000000000000000 | 2.30 2.61 2.77 | cpu  1565328709 172940179 203014760 31257618887 14099866 0 5073439 0 0 0
1790989612 2407, 13801, 59, 0x0000000000000000 | 2.30 2.61 2.77 | cpu  1565328906 172940179 203014864 31257622854 14099867 0 5073439 0 0 0
1790989613 2407, 13801, 60, 0x0000000000000000 | 2.44 2.64 2.78 | cpu  1565329096 172940179 203014972 31257626850 14099867 0 5073439 0 0 0
1790989614 2407, 13801, 59, 0x0000000000000000 | 2.44 2.64 2.78 | cpu  1565329309 172940179 203015085 31257630813 14099868 0 5073439 0 0 0
1790989615 2407, 13801, 60, 0x0000000000000000 | 2.44 2.64 2.78 | cpu  1565329502 172940179 203015191 31257634825 14099868 0 5073440 0 0 0
1790989616 2407, 13801, 60, 0x0000000000000000 | 2.44 2.64 2.78 | cpu  1565329699 172940179 203015295 31257638814 14099869 0 5073440 0 0 0
1790989617 2407, 13801, 60, 0x0000000000000000 | 2.44 2.64 2.78 | cpu  1565329897 172940179 203015413 31257642825 14099869 0 5073440 0 0 0
1790989619 2407, 13801, 60, 0x0000000000000000 | 2.40 2.62 2.78 | cpu  1565330102 172940179 203015533 31257646793 14099871 0 5073440 0 0 0
1790989620 2407, 13801, 59, 0x0000000000000000 | 2.40 2.62 2.78 | cpu  1565330332 172940179 203015653 31257650747 14099875 0 5073440 0 0 0
1790989621 2415, 13801, 59, 0x0000000000000000 | 2.40 2.62 2.78 | cpu  1565330534 172940179 203015786 31257654702 14099876 0 5073440 0 0 0
1790989622 2407, 13801, 59, 0x0000000000000000 | 2.40 2.62 2.78 | cpu  1565330764 172940179 203015954 31257658576 14099879 0 5073440 0 0 0
1790989623 2407, 13801, 59, 0x0000000000000000 | 2.29 2.60 2.77 | cpu  1565330957 172940179 203016068 31257662560 14099879 0 5073440 0 0 0
1790989624 2400, 13801, 60, 0x0000000000000000 | 2.29 2.60 2.77 | cpu  1565331146 172940179 203016199 31257666557 14099880 0 5073441 0 0 0
1790989625 2407, 13801, 60, 0x0000000000000000 | 2.29 2.60 2.77 | cpu  1565331335 172940179 203016329 31257670516 14099880 0 5073441 0 0 0
1790989626 2407, 13801, 60, 0x0000000000000000 | 2.29 2.60 2.77 | cpu  1565331584 172940179 203016359 31257674527 14099881 0 5073441 0 0 0
1790989627 2415, 13801, 58, 0x0000000000000000 | 2.29 2.60 2.77 | cpu  1565331821 172940179 203016387 31257678544 14099883 0 5073441 0 0 0
1790989628 2407, 13801, 59, 0x0000000000000000 | 2.26 2.59 2.76 | cpu  1565332058 172940179 203016408 31257682573 14099884 0 5073441 0 0 0
1790989629 2400, 13801, 61, 0x0000000000000000 | 2.26 2.59 2.76 | cpu  1565332295 172940179 203016432 31257686613 14099884 0 5073441 0 0 0
1790989630 2407, 13801, 60, 0x0000000000000000 | 2.26 2.59 2.76 | cpu  1565332566 172940179 203016457 31257690606 14099886 0 5073441 0 0 0
1790989631 2407, 13801, 60, 0x0000000000000000 | 2.26 2.59 2.76 | cpu  1565332796 172940179 203016474 31257694645 14099886 0 5073441 0 0 0
1790989632 2400, 13801, 61, 0x0000000000000000 | 2.26 2.59 2.76 | cpu  1565333014 172940179 203016512 31257698690 14099889 0 5073441 0 0 0
1790989634 2415, 13801, 59, 0x0000000000000000 | 2.24 2.58 2.76 | cpu  1565333233 172940179 203016552 31257702714 14099889 0 5073441 0 0 0
1790989635 2415, 13801, 58, 0x0000000000000000 | 2.24 2.58 2.76 | cpu  1565333452 172940179 203016591 31257706736 14099891 0 5073441 0 0 0
1790989636 2407, 13801, 60, 0x0000000000000000 | 2.24 2.58 2.76 | cpu  1565333664 172940179 203016632 31257710782 14099892 0 5073441 0 0 0
1790989637 2407, 13801, 59, 0x0000000000000000 | 2.24 2.58 2.76 | cpu  1565334176 172940179 203016797 31257714391 14099892 0 5073441 0 0 0
1790989638 2407, 13801, 60, 0x0000000000000000 | 2.38 2.60 2.77 | cpu  1565334433 172940179 203016879 31257718350 14099893 0 5073441 0 0 0
1790989639 2407, 13801, 59, 0x0000000000000000 | 2.38 2.60 2.77 | cpu  1565334644 172940179 203017072 31257722268 14099893 0 5073441 0 0 0
1790989640 2400, 13801, 59, 0x0000000000000000 | 2.38 2.60 2.77 | cpu  1565334841 172940179 203017305 31257726124 14099897 0 5073441 0 0 0
1790989641 2407, 13801, 59, 0x0000000000000000 | 2.38 2.60 2.77 | cpu  1565335073 172940179 203017404 31257730095 14099898 0 5073441 0 0 0
1790989642 2407, 13801, 59, 0x0000000000000000 | 2.38 2.60 2.77 | cpu  1565335295 172940179 203017495 31257734059 14099899 0 5073441 0 0 0
1790989643 2407, 13801, 59, 0x0000000000000000 | 2.43 2.61 2.77 | cpu  1565335498 172940179 203017586 31257738061 14099899 0 5073441 0 0 0
1790989644 2407, 13801, 58, 0x0000000000000000 | 2.43 2.61 2.77 | cpu  1565335708 172940179 203017674 31257742041 14099900 0 5073441 0 0 0
1790989645 2407, 13801, 58, 0x0000000000000000 | 2.43 2.61 2.77 | cpu  1565335911 172940179 203017768 31257746044 14099900 0 5073441 0 0 0
1790989646 2407, 13801, 59, 0x0000000000000000 | 2.43 2.61 2.77 | cpu  1565336132 172940179 203017851 31257750012 14099902 0 5073441 0 0 0
1790989648 2407, 13801, 59, 0x0000000000000000 | 2.43 2.61 2.77 | cpu  1565336335 172940179 203017954 31257754015 14099904 0 5073441 0 0 0
1790989649 2407, 13801, 61, 0x0000000000000000 | 2.40 2.60 2.76 | cpu  1565336538 172940179 203018039 31257758029 14099904 0 5073441 0 0 0
1790989650 2407, 13801, 59, 0x0000000000000000 | 2.40 2.60 2.76 | cpu  1565336758 172940179 203018139 31257762018 14099905 0 5073441 0 0 0
1790989651 2407, 13801, 60, 0x0000000000000000 | 2.40 2.60 2.76 | cpu  1565336957 172940179 203018254 31257766001 14099906 0 5073441 0 0 0
1790989652 2400, 13801, 60, 0x0000000000000000 | 2.40 2.60 2.76 | cpu  1565337221 172940179 203018314 31257769997 14099907 0 5073441 0 0 0
1790989653 2407, 13801, 59, 0x0000000000000000 | 2.45 2.60 2.76 | cpu  1565337472 172940179 203018369 31257773982 14099907 0 5073441 0 0 0
1790989654 2400, 13801, 59, 0x0000000000000000 | 2.45 2.60 2.76 | cpu  1565337709 172940179 203018423 31257777980 14099908 0 5073441 0 0 0
1790989655 2407, 13801, 60, 0x0000000000000000 | 2.45 2.60 2.76 | cpu  1565338094 172940179 203018624 31257781687 14099908 0 5073441 0 0 0
1790989656 2407, 13801, 60, 0x0000000000000000 | 2.45 2.60 2.76 | cpu  1565338895 172940179 203018669 31257785140 14099910 0 5073441 0 0 0
1790989657 2407, 13801, 59, 0x0000000000000000 | 2.45 2.60 2.76 | cpu  1565339482 172940179 203018697 31257788844 14099910 0 5073441 0 0 0
1790989658 2407, 13801, 59, 0x0000000000000000 | 2.33 2.58 2.75 | cpu  1565339655 172940179 203018721 31257792927 14099911 0 5073441 0 0 0
1790989659 2407, 13801, 60, 0x0000000000000000 | 2.33 2.58 2.75 | cpu  1565339769 172940179 203018737 31257797071 14099911 0 5073442 0 0 0
1790989660 2407, 13801, 59, 0x0000000000000000 | 2.33 2.58 2.75 | cpu  1565339886 172940179 203018757 31257801225 14099913 0 5073442 0 0 0
1790989662 2407, 13801, 59, 0x0000000000000000 | 2.33 2.58 2.75 | cpu  1565340028 172940179 203018779 31257805345 14099913 0 5073442 0 0 0
1790989663 2407, 13801, 59, 0x0000000000000000 | 2.33 2.58 2.75 | cpu  1565340150 172940179 203018799 31257809496 14099914 0 5073442 0 0 0
1790989664 2407, 13801, 59, 0x0000000000000000 | 2.30 2.57 2.75 | cpu  1565340318 172940179 203018837 31257813567 14099916 0 5073442 0 0 0
1790989665 2407, 13801, 59, 0x0000000000000000 | 2.30 2.57 2.75 | cpu  1565340434 172940179 203018856 31257817700 14099916 0 5073442 0 0 0
1790989666 2407, 13801, 60, 0x0000000000000000 | 2.30 2.57 2.75 | cpu  1565340572 172940179 203018881 31257821821 14099919 0 5073442 0 0 0
1790989667 2407, 13801, 60, 0x0000000000000000 | 2.30 2.57 2.75 | cpu  1565340694 172940179 203018942 31257825911 14099920 0 5073442 0 0 0
1790989668 2400, 13801, 60, 0x0000000000000000 | 2.20 2.54 2.74 | cpu  1565340816 172940179 203018963 31257830060 14099921 0 5073442 0 0 0
1790989669 2415, 13801, 59, 0x0000000000000000 | 2.20 2.54 2.74 | cpu  1565340953 172940179 203019021 31257834161 14099921 0 5073442 0 0 0
1790989670 2407, 13801, 60, 0x0000000000000000 | 2.20 2.54 2.74 | cpu  1565341084 172940179 203019045 31257838291 14099924 0 5073442 0 0 0
1790989671 2407, 13801, 61, 0x0000000000000000 | 2.20 2.54 2.74 | cpu  1565341195 172940179 203019061 31257842432 14099925 0 5073442 0 0 0
1790989672 2407, 13801, 59, 0x0000000000000000 | 2.20 2.54 2.74 | cpu  1565341331 172940179 203019080 31257846568 14099926 0 5073442 0 0 0
1790989673 2407, 13801, 59, 0x0000000000000000 | 2.18 2.53 2.74 | cpu  1565341443 172940179 203019095 31257850721 14099926 0 5073442 0 0 0
1790989674 2400, 13801, 59, 0x0000000000000000 | 2.18 2.53 2.74 | cpu  1565341572 172940179 203019119 31257854838 14099927 0 5073442 0 0 0
1790989675 2407, 13801, 61, 0x0000000000000000 | 2.18 2.53 2.74 | cpu  1565341691 172940179 203019138 31257859001 14099928 0 5073442 0 0 0
1790989677 2407, 13801, 59, 0x0000000000000000 | 2.18 2.53 2.74 | cpu  1565341803 172940179 203019151 31257863140 14099928 0 5073442 0 0 0
1790989678 2407, 13801, 59, 0x0000000000000000 | 2.18 2.53 2.74 | cpu  1565341934 172940179 203019176 31257867244 14099930 0 5073442 0 0 0
1790989679 2407, 13801, 60, 0x0000000000000000 | 2.09 2.51 2.73 | cpu  1565342051 172940179 203019195 31257871408 14099932 0 5073442 0 0 0
1790989680 2407, 13801, 59, 0x0000000000000000 | 2.09 2.51 2.73 | cpu  1565342167 172940179 203019211 31257875558 14099934 0 5073442 0 0 0
1790989681 2407, 13801, 59, 0x0000000000000000 | 2.09 2.51 2.73 | cpu  1565342280 172940179 203019226 31257879710 14099935 0 5073442 0 0 0
1790989682 2415, 13801, 59, 0x0000000000000000 | 2.09 2.51 2.73 | cpu  1565342413 172940179 203019251 31257883845 14099936 0 5073442 0 0 0
1790989683 2407, 13801, 59, 0x0000000000000000 | 2.08 2.50 2.72 | cpu  1565342553 172940179 203019271 31257887956 14099937 0 5073442 0 0 0
1790989684 2415, 13801, 59, 0x0000000000000000 | 2.08 2.50 2.72 | cpu  1565342668 172940179 203019290 31257892108 14099938 0 5073442 0 0 0
1790989685 2407, 13801, 62, 0x0000000000000000 | 2.08 2.50 2.72 | cpu  1565342786 172940179 203019314 31257896259 14099940 0 5073442 0 0 0
1790989686 2400, 13801, 61, 0x0000000000000000 | 2.08 2.50 2.72 | cpu  1565342921 172940179 203019339 31257900383 14099941 0 5073442 0 0 0
1790989687 2407, 13801, 60, 0x0000000000000000 | 2.08 2.50 2.72 | cpu  1565343037 172940179 203019359 31257904519 14099941 0 5073442 0 0 0
1790989688 2415, 13801, 59, 0x0000000000000000 | 1.99 2.47 2.71 | cpu  1565343152 172940179 203019379 31257908671 14099942 0 5073443 0 0 0
1790989689 2415, 13801, 59, 0x0000000000000000 | 1.99 2.47 2.71 | cpu  1565343265 172940179 203019392 31257912824 14099942 0 5073443 0 0 0
1790989690 2407, 13801, 60, 0x0000000000000000 | 1.99 2.47 2.71 | cpu  1565343394 172940179 203019416 31257916957 14099946 0 5073443 0 0 0
1790989692 2407, 13801, 60, 0x0000000000000000 | 1.99 2.47 2.71 | cpu  1565343511 172940179 203019434 31257921133 14099948 0 5073443 0 0 0
1790989693 2415, 13801, 59, 0x0000000000000000 | 1.99 2.47 2.71 | cpu  1565343647 172940179 203019449 31257925267 14099948 0 5073443 0 0 0
1790989694 2407, 13801, 61, 0x0000000000000000 | 1.91 2.45 2.70 | cpu  1565343778 172940179 203019474 31257929411 14099949 0 5073443 0 0 0
1790989695 2407, 13801, 62, 0x0000000000000000 | 1.91 2.45 2.70 | cpu  1565343892 172940179 203019490 31257933588 14099949 0 5073443 0 0 0
1790989696 2407, 13801, 60, 0x0000000000000000 | 1.91 2.45 2.70 | cpu  1565344006 172940179 203019507 31257937727 14099950 0 5073443 0 0 0
1790989697 2415, 13801, 59, 0x0000000000000000 | 1.91 2.45 2.70 | cpu  1565344121 172940179 203019520 31257941873 14099951 0 5073443 0 0 0
1790989698 2415, 13801, 59, 0x0000000000000000 | 1.84 2.42 2.69 | cpu  1565344255 172940179 203019547 31257945979 14099953 0 5073443 0 0 0
1790989699 2407, 13801, 59, 0x0000000000000000 | 1.84 2.42 2.69 | cpu  1565344369 172940179 203019565 31257950132 14099953 0 5073443 0 0 0
1790989700 2415, 13801, 59, 0x0000000000000000 | 1.84 2.42 2.69 | cpu  1565344484 172940179 203019581 31257954281 14099954 0 5073443 0 0 0
1790989701 2407, 13801, 61, 0x0000000000000000 | 1.84 2.42 2.69 | cpu  1565344596 172940179 203019599 31257958430 14099955 0 5073443 0 0 0
1790989702 2407, 13801, 61, 0x0000000000000000 | 1.84 2.42 2.69 | cpu  1565344731 172940179 203019624 31257962546 14099958 0 5073443 0 0 0
1790989703 2407, 13801, 60, 0x0000000000000000 | 1.85 2.42 2.69 | cpu  1565344867 172940179 203019643 31257966676 14099958 0 5073443 0 0 0
1790989704 2407, 13801, 60, 0x0000000000000000 | 1.85 2.42 2.69 | cpu  1565344994 172940179 203019678 31257970819 14099959 0 5073443 0 0 0
1790989706 2407, 13801, 60, 0x0000000000000000 | 1.85 2.42 2.69 | cpu  1565345114 172940179 203019696 31257974969 14099959 0 5073443 0 0 0
1790989707 2407, 13801, 62, 0x0000000000000000 | 1.85 2.42 2.69 | cpu  1565345238 172940179 203019717 31257979100 14099960 0 5073443 0 0 0
1790989708 2407, 13801, 61, 0x0000000000000000 | 1.85 2.42 2.69 | cpu  1565345353 172940179 203019734 31257983262 14099962 0 5073443 0 0 0
1790989709 2407, 13801, 62, 0x0000000000000000 | 1.79 2.39 2.68 | cpu  1565345471 172940179 203019750 31257987396 14099962 0 5073443 0 0 0
1790989710 2407, 13801, 61, 0x0000000000000000 | 1.79 2.39 2.68 | cpu  1565345604 172940179 203019772 31257991525 14099963 0 5073443 0 0 0
1790989711 2407, 13801, 60, 0x0000000000000000 | 1.79 2.39 2.68 | cpu  1565345716 172940179 203019788 31257995671 14099964 0 5073443 0 0 0
1790989712 2407, 13801, 60, 0x0000000000000000 | 1.79 2.39 2.68 | cpu  1565345835 172940179 203019804 31257999822 14099964 0 5073443 0 0 0
1790989713 2400, 13801, 62, 0x0000000000000000 | 1.72 2.37 2.67 | cpu  1565345948 172940179 203019819 31258003984 14099964 0 5073443 0 0 0
1790989714 2415, 13801, 60, 0x0000000000000000 | 1.72 2.37 2.67 | cpu  1565346094 172940179 203019845 31258008092 14099965 0 5073443 0 0 0
1790989715 2415, 13801, 59, 0x0000000000000000 | 1.72 2.37 2.67 | cpu  1565346207 172940179 203019861 31258012238 14099967 0 5073444 0 0 0
1790989716 2407, 13801, 60, 0x0000000000000000 | 1.72 2.37 2.67 | cpu  1565346322 172940179 203019878 31258016385 14099968 0 5073444 0 0 0
1790989717 2415, 13801, 59, 0x0000000000000000 | 1.72 2.37 2.67 | cpu  1565346434 172940179 203019894 31258020539 14099968 0 5073444 0 0 0
1790989718 2415, 13801, 60, 0x0000000000000000 | 1.66 2.35 2.66 | cpu  1565346563 172940179 203019917 31258024667 14099969 0 5073444 0 0 0
1790989719 2415, 13801, 59, 0x0000000000000000 | 1.66 2.35 2.66 | cpu  1565346679 172940179 203019934 31258028811 14099970 0 5073444 0 0 0
1790989721 2407, 13801, 60, 0x0000000000000000 | 1.66 2.35 2.66 | cpu  1565346795 172940179 203019955 31258032943 14099972 0 5073444 0 0 0
1790989722 2407, 13801, 60, 0x0000000000000000 | 1.66 2.35 2.66 | cpu  1565346921 172940179 203019977 31258037101 14099973 0 5073444 0 0 0
1790989723 2407, 13801, 61, 0x0000000000000000 | 1.66 2.35 2.66 | cpu  1565347087 172940179 203020000 31258041194 14099974 0 5073444 0 0 0
1790989724 2400, 13801, 61, 0x0000000000000000 | 1.69 2.34 2.66 | cpu  1565347503 172940179 203020039 31258045024 14099976 0 5073444 0 0 0
1790989725 2400, 13801, 62, 0x0000000000000000 | 1.69 2.34 2.66 | cpu  1565347776 172940179 203020056 31258049001 14099976 0 5073444 0 0 0
1790989726 2407, 13801, 61, 0x0000000000000000 | 1.69 2.34 2.66 | cpu  1565348237 172940179 203020282 31258052619 14099979 0 5073444 0 0 0
1790989727 2407, 13801, 61, 0x0000000000000000 | 1.69 2.34 2.66 | cpu  1565348701 172940179 203020485 31258056388 14099979 0 5073444 0 0 0
1790989728 2407, 13801, 60, 0x0000000000000000 | 3.32 2.67 2.76 | cpu  1565350096 172940179 203020718 31258059066 14099980 0 5073445 0 0 0
1790989729 2400, 13801, 61, 0x0000000000000000 | 3.32 2.67 2.76 | cpu  1565350740 172940179 203020881 31258062580 14099980 0 5073445 0 0 0
1790989730 2407, 13801, 61, 0x0000000000000000 | 3.32 2.67 2.76 | cpu  1565350949 172940179 203021119 31258066411 14099982 0 5073445 0 0 0
1790989731 2407, 13801, 61, 0x0000000000000000 | 3.32 2.67 2.76 | cpu  1565351157 172940179 203021187 31258070415 14099983 0 5073445 0 0 0
1790989732 2400, 13801, 61, 0x0000000000000000 | 3.32 2.67 2.76 | cpu  1565351404 172940179 203021209 31258074457 14099984 0 5073445 0 0 0
1790989733 2407, 13801, 61, 0x0000000000000000 | 3.21 2.66 2.76 | cpu  1565351602 172940179 203021401 31258078348 14099985 0 5073445 0 0 0
1790989735 2407, 13801, 61, 0x0000000000000000 | 3.21 2.66 2.76 | cpu  1565351831 172940179 203021664 31258082182 14099987 0 5073445 0 0 0
1790989736 2407, 13801, 62, 0x0000000000000000 | 3.21 2.66 2.76 | cpu  1565352020 172940179 203021788 31258086134 14099988 0 5073445 0 0 0
1790989737 2407, 13801, 62, 0x0000000000000000 | 3.21 2.66 2.76 | cpu  1565352212 172940179 203021898 31258090128 14099988 0 5073445 0 0 0
1790989738 2407, 13801, 62, 0x0000000000000000 | 3.21 2.66 2.76 | cpu  1565352421 172940179 203022021 31258094094 14099989 0 5073445 0 0 0
1790989739 2407, 13801, 60, 0x0000000000000000 | 3.11 2.64 2.75 | cpu  1565352612 172940179 203022138 31258098083 14099989 0 5073445 0 0 0
1790989740 2400, 13801, 61, 0x0000000000000000 | 3.11 2.64 2.75 | cpu  1565352808 172940179 203022243 31258102040 14099993 0 5073446 0 0 0
1790989741 2407, 13801, 61, 0x0000000000000000 | 3.11 2.64 2.75 | cpu  1565352999 172940179 203022359 31258106068 14099994 0 5073446 0 0 0
1790989742 2407, 13801, 60, 0x0000000000000000 | 3.11 2.64 2.75 | cpu  1565353210 172940179 203022484 31258110039 14099995 0 5073446 0 0 0
1790989743 2407, 13801, 60, 0x0000000000000000 | 3.11 2.65 2.75 | cpu  1565353407 172940179 203022589 31258114012 14099996 0 5073446 0 0 0
1790989744 2415, 13801, 59, 0x0000000000000000 | 3.11 2.65 2.75 | cpu  1565353601 172940179 203022708 31258117998 14099997 0 5073446 0 0 0
1790989745 2407, 13801, 60, 0x0000000000000000 | 3.11 2.65 2.75 | cpu  1565353818 172940179 203022824 31258121948 14099998 0 5073446 0 0 0
1790989746 2407, 13801, 61, 0x0000000000000000 | 3.11 2.65 2.75 | cpu  1565354032 172940179 203022938 31258125916 14100000 0 5073446 0 0 0
1790989747 2407, 13801, 60, 0x0000000000000000 | 3.11 2.65 2.75 | cpu  1565354226 172940179 203023052 31258129896 14100001 0 5073447 0 0 0
1790989749 2407, 13801, 61, 0x0000000000000000 | 3.02 2.64 2.75 | cpu  1565354417 172940179 203023165 31258133862 14100001 0 5073447 0 0 0
1790989750 2415, 13801, 59, 0x0000000000000000 | 3.02 2.64 2.75 | cpu  1565354625 172940179 203023306 31258137794 14100001 0 5073447 0 0 0
1790989751 2407, 13801, 60, 0x0000000000000000 | 3.02 2.64 2.75 | cpu  1565354859 172940179 203023323 31258141822 14100003 0 5073447 0 0 0
1790989752 2407, 13801, 60, 0x0000000000000000 | 3.02 2.64 2.75 | cpu  1565355091 172940179 203023341 31258145861 14100003 0 5073447 0 0 0
1790989753 2407, 13801, 60, 0x0000000000000000 | 3.02 2.64 2.75 | cpu  1565355323 172940179 203023361 31258149887 14100004 0 5073447 0 0 0
1790989754 2400, 13801, 60, 0x0000000000000000 | 3.10 2.66 2.76 | cpu  1565355572 172940179 203023382 31258153888 14100006 0 5073447 0 0 0
1790989755 2407, 13801, 60, 0x0000000000000000 | 3.10 2.66 2.76 | cpu  1565355809 172940179 203023403 31258157913 14100006 0 5073447 0 0 0
1790989756 2407, 13801, 61, 0x0000000000000000 | 3.10 2.66 2.76 | cpu  1565356060 172940179 203023421 31258161933 14100007 0 5073447 0 0 0
1790989757 2407, 13801, 60, 0x0000000000000000 | 3.10 2.66 2.76 | cpu  1565356273 172940179 203023460 31258165966 14100008 0 5073447 0 0 0
1790989758 2407, 13801, 59, 0x0000000000000000 | 3.01 2.65 2.75 | cpu  1565356502 172940179 203023504 31258169977 14100010 0 5073447 0 0 0
1790989759 2407, 13801, 61, 0x0000000000000000 | 3.01 2.65 2.75 | cpu  1565356711 172940179 203023543 31258174028 14100010 0 5073447 0 0 0
1790989760 2407, 13801, 61, 0x0000000000000000 | 3.01 2.65 2.75 | cpu  1565357128 172940179 203023680 31258177773 14100011 0 5073447 0 0 0
1790989761 2415, 13801, 58, 0x0000000000000000 | 3.01 2.65 2.75 | cpu  1565357437 172940179 203023776 31258181661 14100012 0 5073447 0 0 0
1790989762 2407, 13801, 59, 0x0000000000000000 | 3.01 2.65 2.75 | cpu  1565357708 172940179 203023847 31258185620 14100014 0 5073447 0 0 0
1790989764 2407, 13801, 60, 0x0000000000000000 | 2.93 2.64 2.75 | cpu  1565357917 172940179 203024085 31258189543 14100015 0 5073447 0 0 0
1790989765 2415, 13801, 59, 0x0000000000000000 | 2.93 2.64 2.75 | cpu  1565358108 172940179 203024298 31258193421 14100015 0 5073448 0 0 0
1790989766 2415, 13801, 58, 0x0000000000000000 | 2.93 2.64 2.75 | cpu  1565358356 172940179 203024405 31258197351 14100017 0 5073448 0 0 0
1790989767 2407, 13801, 61, 0x0000000000000000 | 2.93 2.64 2.75 | cpu  1565358568 172940179 203024493 31258201339 14100017 0 5073448 0 0 0
1790989768 2400, 13801, 60, 0x0000000000000000 | 3.01 2.66 2.76 | cpu  1565358773 172940179 203024586 31258205330 14100019 0 5073448 0 0 0
1790989769 2400, 13801, 60, 0x0000000000000000 | 3.01 2.66 2.76 | cpu  1565358978 172940179 203024674 31258209307 14100019 0 5073448 0 0 0
1790989770 2407, 13801, 61, 0x0000000000000000 | 3.01 2.66 2.76 | cpu  1565359204 172940179 203024772 31258213270 14100020 0 5073448 0 0 0
1790989771 2407, 13801, 62, 0x0000000000000000 | 3.01 2.66 2.76 | cpu  1565359409 172940179 203024853 31258217247 14100021 0 5073448 0 0 0
1790989772 2407, 13801, 59, 0x0000000000000000 | 3.01 2.66 2.76 | cpu  1565359616 172940179 203024940 31258221254 14100022 0 5073448 0 0 0
1790989773 2407, 13801, 59, 0x0000000000000000 | 2.93 2.65 2.75 | cpu  1565359824 172940179 203025029 31258225256 14100022 0 5073448 0 0 0
1790989774 2407, 13801, 59, 0x0000000000000000 | 2.93 2.65 2.75 | cpu  1565360046 172940179 203025119 31258229250 14100023 0 5073448 0 0 0
1790989775 2407, 13801, 59, 0x0000000000000000 | 2.93 2.65 2.75 | cpu  1565360253 172940179 203025236 31258233197 14100025 0 5073448 0 0 0
1790989776 2407, 13801, 59, 0x0000000000000000 | 2.93 2.65 2.75 | cpu  1565360505 172940179 203025257 31258237195 14100026 0 5073448 0 0 0
1790989778 2407, 13801, 61, 0x0000000000000000 | 2.93 2.65 2.75 | cpu  1565360747 172940179 203025283 31258241211 14100026 0 5073448 0 0 0
1790989779 2407, 13801, 59, 0x0000000000000000 | 2.86 2.64 2.75 | cpu  1565360972 172940179 203025393 31258245169 14100027 0 5073448 0 0 0
1790989780 2407, 13801, 59, 0x0000000000000000 | 2.86 2.64 2.75 | cpu  1565361568 172940179 203025539 31258248733 14100028 0 5073448 0 0 0
1790989781 2407, 13801, 59, 0x0000000000000000 | 2.86 2.64 2.75 | cpu  1565362215 172940179 203025573 31258252341 14100030 0 5073448 0 0 0
1790989782 2407, 13801, 60, 0x0000000000000000 | 2.86 2.64 2.75 | cpu  1565362699 172940179 203025617 31258256094 14100031 0 5073448 0 0 0
1790989783 2407, 13801, 59, 0x0000000000000000 | 2.71 2.61 2.74 | cpu  1565362857 172940179 203025636 31258260239 14100031 0 5073449 0 0 0
1790989784 2407, 13801, 59, 0x0000000000000000 | 2.71 2.61 2.74 | cpu  1565362979 172940179 203025654 31258264395 14100032 0 5073449 0 0 0
1790989785 2407, 13801, 61, 0x0000000000000000 | 2.71 2.61 2.74 | cpu  1565363092 172940179 203025670 31258268558 14100032 0 5073449 0 0 0
1790989786 2400, 13801, 61, 0x0000000000000000 | 2.71 2.61 2.74 | cpu  1565363218 172940179 203025692 31258272707 14100033 0 5073449 0 0 0
1790989787 2400, 13801, 61, 0x0000000000000000 | 2.71 2.61 2.74 | cpu  1565363352 172940179 203025708 31258276829 14100035 0 5073449 0 0 0
1790989788 2400, 13801, 61, 0x0000000000000000 | 2.65 2.60 2.73 | cpu  1565363468 172940179 203025727 31258280976 14100037 0 5073449 0 0 0
1790989789 2415, 13801, 58, 0x0000000000000000 | 2.65 2.60 2.73 | cpu  1565363586 172940179 203025743 31258285124 14100037 0 5073449 0 0 0
1790989790 2407, 13801, 60, 0x0000000000000000 | 2.65 2.60 2.73 | cpu  1565363715 172940179 203025765 31258289239 14100038 0 5073449 0 0 0
1790989792 2407, 13801, 62, 0x0000000000000000 | 2.65 2.60 2.73 | cpu  1565363834 172940179 203025787 31258293408 14100040 0 5073449 0 0 0
1790989793 2415, 13801, 59, 0x0000000000000000 | 2.65 2.60 2.73 | cpu  1565363951 172940179 203025802 31258297555 14100041 0 5073449 0 0 0
1790989794 2407, 13801, 60, 0x0000000000000000 | 2.52 2.58 2.72 | cpu  1565364094 172940179 203025871 31258301615 14100041 0 5073449 0 0 0
1790989795 2407, 13801, 59, 0x0000000000000000 | 2.52 2.58 2.72 | cpu  1565364209 172940179 203025887 31258305772 14100043 0 5073449 0 0 0
1790989796 2407, 13801, 60, 0x0000000000000000 | 2.52 2.58 2.72 | cpu  1565364324 172940179 203025904 31258309915 14100044 0 5073449 0 0 0
1790989797 2407, 13801, 60, 0x0000000000000000 | 2.52 2.58 2.72 | cpu  1565364456 172940179 203025921 31258314036 14100044 0 5073449 0 0 0
1790989798 2407, 13801, 61, 0x0000000000000000 | 2.40 2.55 2.71 | cpu  1565364590 172940179 203025947 31258318164 14100045 0 5073449 0 0 0
1790989799 2407, 13801, 61, 0x0000000000000000 | 2.40 2.55 2.71 | cpu  1565364702 172940179 203025962 31258322324 14100047 0 5073449 0 0 0
1790989800 2407, 13801, 60, 0x0000000000000000 | 2.40 2.55 2.71 | cpu  1565364817 172940179 203025980 31258326466 14100050 0 5073449 0 0 0
1790989801 2407, 13801, 61, 0x0000000000000000 | 2.40 2.55 2.71 | cpu  1565364934 172940179 203026000 31258330624 14100050 0 5073449 0 0 0
1790989802 2415, 13801, 59, 0x0000000000000000 | 2.40 2.55 2.71 | cpu  1565365104 172940179 203026054 31258334686 14100052 0 5073449 0 0 0
1790989803 2407, 13801, 60, 0x0000000000000000 | 2.28 2.52 2.70 | cpu  1565365235 172940179 203026071 31258338823 14100052 0 5073450 0 0 0
1790989804 2407, 13801, 60, 0x0000000000000000 | 2.28 2.52 2.70 | cpu  1565365355 172940179 203026091 31258342948 14100054 0 5073450 0 0 0
1790989805 2407, 13801, 60, 0x0000000000000000 | 2.28 2.52 2.70 | cpu  1565365471 172940179 203026109 31258347110 14100055 0 5073450 0 0 0
1790989807 2407, 13801, 61, 0x0000000000000000 | 2.28 2.52 2.70 | cpu  1565365598 172940179 203026129 31258351228 14100056 0 5073450 0 0 0
1790989808 2407, 13801, 62, 0x0000000000000000 | 2.28 2.52 2.70 | cpu  1565365735 172940179 203026149 31258355368 14100057 0 5073450 0 0 0
1790989809 2407, 13801, 62, 0x0000000000000000 | 2.18 2.50 2.69 | cpu  1565365848 172940179 203026167 31258359526 14100057 0 5073450 0 0 0
1790989810 2407, 13801, 62, 0x0000000000000000 | 2.18 2.50 2.69 | cpu  1565365978 172940179 203026188 31258363657 14100058 0 5073450 0 0 0
1790989811 2400, 13801, 63, 0x0000000000000000 | 2.18 2.50 2.69 | cpu  1565366090 172940179 203026203 31258367801 14100059 0 5073450 0 0 0
1790989812 2407, 13801, 61, 0x0000000000000000 | 2.18 2.50 2.69 | cpu  1565366285 172940179 203026235 31258371851 14100060 0 5073450 0 0 0
1790989813 2407, 13801, 60, 0x0000000000000000 | 2.25 2.51 2.70 | cpu  1565366723 172940179 203026305 31258375647 14100062 0 5073450 0 0 0
1790989814 2415, 13801, 60, 0x0000000000000000 | 2.25 2.51 2.70 | cpu  1565367195 172940179 203026531 31258379261 14100063 0 5073450 0 0 0
1790989815 2407, 13801, 61, 0x0000000000000000 | 2.25 2.51 2.70 | cpu  1565367650 172940179 203026599 31258383054 14100063 0 5073450 0 0 0
1790989816 2407, 13801, 61, 0x0000000000000000 | 2.25 2.51 2.70 | cpu  1565368611 172940179 203026889 31258386118 14100064 0 5073450 0 0 0
1790989817 2407, 13801, 60, 0x0000000000000000 | 2.25 2.51 2.70 | cpu  1565369683 172940179 203027049 31258389170 14100064 0 5073451 0 0 0
1790989818 2407, 13801, 60, 0x0000000000000000 | 2.23 2.50 2.69 | cpu  1565369902 172940179 203027313 31258393072 14100067 0 5073451 0 0 0
1790989819 2407, 13801, 61, 0x0000000000000000 | 2.23 2.50 2.69 | cpu  1565370114 172940179 203027356 31258397105 14100068 0 5073451 0 0 0
1790989821 2407, 13801, 60, 0x0000000000000000 | 2.23 2.50 2.69 | cpu  1565370353 172940179 203027407 31258401115 14100069 0 5073451 0 0 0
1790989822 2407, 13801, 61, 0x0000000000000000 | 2.23 2.50 2.69 | cpu  1565370599 172940179 203027478 31258405143 14100069 0 5073451 0 0 0
1790989823 2415, 13801, 60, 0x0000000000000000 | 2.23 2.50 2.69 | cpu  1565370787 172940179 203027749 31258409125 14100071 0 5073451 0 0 0
1790989824 2415, 13801, 60, 0x0000000000000000 | 2.21 2.49 2.69 | cpu  1565370981 172940179 203027941 31258413035 14100074 0 5073451 0 0 0
1790989825 2407, 13801, 62, 0x0000000000000000 | 2.21 2.49 2.69 | cpu  1565371169 172940179 203028055 31258417015 14100074 0 5073451 0 0 0
1790989826 2407, 13801, 60, 0x0000000000000000 | 2.21 2.49 2.69 | cpu  1565371381 172940179 203028163 31258420985 14100076 0 5073451 0 0 0
1790989827 2407, 13801, 60, 0x0000000000000000 | 2.21 2.49 2.69 | cpu  1565371569 172940179 203028281 31258424973 14100076 0 5073451 0 0 0
1790989828 2415, 13801, 59, 0x0000000000000000 | 2.27 2.50 2.69 | cpu  1565371796 172940179 203028393 31258428907 14100077 0 5073451 0 0 0
1790989829 2407, 13801, 60, 0x0000000000000000 | 2.27 2.50 2.69 | cpu  1565371988 172940179 203028494 31258432918 14100078 0 5073451 0 0 0
1790989830 2407, 13801, 61, 0x0000000000000000 | 2.27 2.50 2.69 | cpu  1565372202 172940179 203028605 31258436871 14100079 0 5073451 0 0 0
1790989831 2407, 13801, 60, 0x0000000000000000 | 2.27 2.50 2.69 | cpu  1565372395 172940179 203028713 31258440889 14100080 0 5073451 0 0 0
1790989832 2407, 13801, 60, 0x0000000000000000 | 2.27 2.50 2.69 | cpu  1565372590 172940179 203028821 31258444885 14100081 0 5073451 0 0 0
1790989834 2400, 13801, 61, 0x0000000000000000 | 2.33 2.51 2.69 | cpu  1565372786 172940179 203028922 31258448856 14100082 0 5073451 0 0 0
1790989835 2400, 13801, 61, 0x0000000000000000 | 2.33 2.51 2.69 | cpu  1565372993 172940179 203029042 31258452813 14100083 0 5073451 0 0 0
1790989836 2407, 13801, 61, 0x0000000000000000 | 2.33 2.51 2.69 | cpu  1565373188 172940179 203029158 31258456818 14100086 0 5073451 0 0 0
1790989837 2407, 13801, 60, 0x0000000000000000 | 2.33 2.51 2.69 | cpu  1565373425 172940179 203029289 31258460754 14100087 0 5073451 0 0 0
1790989838 2407, 13801, 61, 0x0000000000000000 | 2.33 2.51 2.69 | cpu  1565373637 172940179 203029430 31258464663 14100088 0 5073451 0 0 0
1790989839 2407, 13801, 60, 0x0000000000000000 | 2.30 2.50 2.69 | cpu  1565373889 172940179 203029449 31258468685 14100088 0 5073451 0 0 0
1790989840 2407, 13801, 60, 0x0000000000000000 | 2.30 2.50 2.69 | cpu  1565374115 172940179 203029468 31258472709 14100089 0 5073451 0 0 0
1790989841 2407, 13801, 61, 0x0000000000000000 | 2.30 2.50 2.69 | cpu  1565374341 172940179 203029486 31258476743 14100091 0 5073451 0 0 0
1790989842 2400, 13801, 62, 0x0000000000000000 | 2.30 2.50 2.69 | cpu  1565374584 172940179 203029513 31258480751 14100093 0 5073451 0 0 0
1790989843 2400, 13801, 61, 0x0000000000000000 | 2.28 2.49 2.68 | cpu  1565374818 172940179 203029539 31258484775 14100093 0 5073451 0 0 0
1790989844 2400, 13801, 63, 0x0000000000000000 | 2.28 2.49 2.68 | cpu  1565375046 172940179 203029561 31258488795 14100094 0 5073451 0 0 0
1790989845 2407, 13801, 63, 0x0000000000000000 | 2.28 2.49 2.68 | cpu  1565375294 172940179 203029621 31258492785 14100094 0 5073451 0 0 0
1790989846 2407, 13801, 62, 0x0000000000000000 | 2.28 2.49 2.68 | cpu  1565375546 172940179 203029658 31258496773 14100095 0 5073451 0 0 0
1790989847 2407, 13801, 61, 0x0000000000000000 | 2.28 2.49 2.68 | cpu  1565375760 172940179 203029702 31258500816 14100096 0 5073452 0 0 0
1790989849 2415, 13801, 60, 0x0000000000000000 | 2.26 2.48 2.68 | cpu  1565375969 172940179 203029740 31258504861 14100098 0 5073452 0 0 0
1790989850 2400, 13801, 61, 0x0000000000000000 | 2.26 2.48 2.68 | cpu  1565376217 172940179 203029787 31258508877 14100098 0 5073452 0 0 0
1790989851 2407, 13801, 61, 0x0000000000000000 | 2.26 2.48 2.68 | cpu  1565376755 172940179 203029943 31258512585 14100100 0 5073452 0 0 0
1790989852 2407, 13801, 60, 0x0000000000000000 | 2.26 2.48 2.68 | cpu  1565376954 172940179 203030017 31258516596 14100101 0 5073452 0 0 0
1790989853 2407, 13801, 61, 0x0000000000000000 | 2.56 2.54 2.70 | cpu  1565377223 172940179 203030074 31258520567 14100101 0 5073452 0 0 0
1790989854 2407, 13801, 61, 0x0000000000000000 | 2.56 2.54 2.70 | cpu  1565377442 172940179 203030325 31258524414 14100102 0 5073452 0 0 0
1790989855 2407, 13801, 60, 0x0000000000000000 | 2.56 2.54 2.70 | cpu  1565377645 172940179 203030519 31258528304 14100103 0 5073453 0 0 0
1790989856 2407, 13801, 61, 0x0000000000000000 | 2.56 2.54 2.70 | cpu  1565377855 172940179 203030611 31258532313 14100105 0 5073453 0 0 0
1790989857 2407, 13801, 62, 0x0000000000000000 | 2.56 2.54 2.70 | cpu  1565378074 172940179 203030753 31258536256 14100105 0 5073453 0 0 0
1790989858 2407, 13801, 63, 0x0000000000000000 | 2.51 2.53 2.70 | cpu  1565378302 172940179 203030846 31258540232 14100107 0 5073453 0 0 0
1790989859 2407, 13801, 61, 0x0000000000000000 | 2.51 2.53 2.70 | cpu  1565378544 172940179 203030964 31258544166 14100107 0 5073453 0 0 0
1790989860 2407, 13801, 61, 0x0000000000000000 | 2.51 2.53 2.70 | cpu  1565378747 172940179 203031053 31258548180 14100108 0 5073454 0 0 0
1790989862 2407, 13801, 61, 0x0000000000000000 | 2.51 2.53 2.70 | cpu  1565378982 172940179 203031183 31258552109 14100109 0 5073454 0 0 0
1790989863 2415, 13801, 60, 0x0000000000000000 | 2.51 2.53 2.70 | cpu  1565379205 172940179 203031276 31258556070 14100110 0 5073454 0 0 0
1790989864 2400, 13801, 61, 0x0000000000000000 | 2.47 2.52 2.69 | cpu  1565379408 172940179 203031376 31258560068 14100112 0 5073454 0 0 0
1790989865 2407, 13801, 61, 0x0000000000000000 | 2.47 2.52 2.69 | cpu  1565379613 172940179 203031455 31258564054 14100112 0 5073454 0 0 0
1790989866 2407, 13801, 61, 0x0000000000000000 | 2.47 2.52 2.69 | cpu  1565379833 172940179 203031586 31258568007 14100114 0 5073454 0 0 0
1790989867 2407, 13801, 63, 0x0000000000000000 | 2.47 2.52 2.69 | cpu  1565380039 172940179 203031624 31258572056 14100114 0 5073454 0 0 0
1790989868 2415, 13801, 61, 0x0000000000000000 | 2.43 2.51 2.69 | cpu  1565380238 172940179 203031676 31258576104 14100115 0 5073454 0 0 0
1790989869 2407, 13801, 61, 0x0000000000000000 | 2.43 2.51 2.69 | cpu  1565380435 172940179 203031730 31258580135 14100115 0 5073454 0 0 0
1790989870 2407, 13801, 61, 0x0000000000000000 | 2.43 2.51 2.69 | cpu  1565380672 172940179 203031791 31258584119 14100117 0 5073454 0 0 0
1790989871 2415, 13801, 61, 0x0000000000000000 | 2.43 2.51 2.69 | cpu  1565380863 172940179 203031845 31258588169 14100117 0 5073454 0 0 0
1790989872 2400, 13801, 62, 0x0000000000000000 | 2.43 2.51 2.69 | cpu  1565381057 172940179 203031898 31258592231 14100119 0 5073455 0 0 0
1790989873 2400, 13801, 62, 0x0000000000000000 | 2.40 2.50 2.68 | cpu  1565381281 172940179 203031927 31258596292 14100119 0 5073455 0 0 0
1790989874 2407, 13801, 61, 0x0000000000000000 | 2.40 2.50 2.68 | cpu  1565381499 172940179 203032008 31258600297 14100121 0 5073455 0 0 0
1790989875 2407, 13801, 62, 0x0000000000000000 | 2.40 2.50 2.68 | cpu  1565381702 172940179 203032063 31258604318 14100122 0 5073455 0 0 0
1790989877 2407, 13801, 62, 0x0000000000000000 | 2.40 2.50 2.68 | cpu  1565381905 172940179 203032120 31258608350 14100122 0 5073455 0 0 0
1790989878 2407, 13801, 62, 0x0000000000000000 | 2.40 2.50 2.68 | cpu  1565382118 172940179 203032180 31258612368 14100122 0 5073455 0 0 0
1790989879 2407, 13801, 62, 0x0000000000000000 | 2.37 2.50 2.68 | cpu  1565382319 172940179 203032246 31258616423 14100123 0 5073455 0 0 0
1790989880 2407, 13801, 63, 0x0000000000000000 | 2.37 2.50 2.68 | cpu  1565382534 172940179 203032326 31258620412 14100125 0 5073455 0 0 0
1790989881 2407, 13801, 64, 0x0000000000000000 | 2.37 2.50 2.68 | cpu  1565382761 172940179 203032382 31258624444 14100127 0 5073455 0 0 0
1790989882 2407, 13801, 65, 0x0000000000000000 | 2.37 2.50 2.68 | cpu  1565383059 172940179 203032674 31258628144 14100128 0 5073456 0 0 0
1790989883 2407, 13801, 62, 0x0000000000000000 | 3.86 2.80 2.78 | cpu  1565383696 172940179 203032897 31258631648 14100128 0 5073456 0 0 0
1790989884 2400, 13801, 62, 0x0000000000000000 | 3.86 2.80 2.78 | cpu  1565384232 172940179 203032998 31258635287 14100129 0 5073456 0 0 0
1790989885 2407, 13801, 62, 0x0000000000000000 | 3.86 2.80 2.78 | cpu  1565384886 172940179 203033201 31258638717 14100129 0 5073456 0 0 0
1790989886 2415, 13801, 61, 0x0000000000000000 | 3.86 2.80 2.78 | cpu  1565385852 172940179 203033255 31258642024 14100132 0 5073456 0 0 0
1790989887 2415, 13801, 61, 0x0000000000000000 | 3.86 2.80 2.78 | cpu  1565386491 172940179 203033286 31258645651 14100132 0 5073456 0 0 0
1790989888 2407, 13801, 62, 0x0000000000000000 | 3.95 2.84 2.79 | cpu  1565387233 172940179 203033312 31258649174 14100133 0 5073456 0 0 0
1790989890 2407, 13801, 62, 0x0000000000000000 | 3.95 2.84 2.79 | cpu  1565387958 172940179 203033339 31258652700 14100133 0 5073456 0 0 0
1790989891 2407, 13801, 62, 0x0000000000000000 | 3.95 2.84 2.79 | cpu  1565388747 172940179 203033371 31258656181 14100136 0 5073456 0 0 0
1790989892 2400, 13801, 63, 0x0000000000000000 | 3.95 2.84 2.79 | cpu  1565389485 172940179 203033402 31258659679 14100137 0 5073457 0 0 0
1790989893 2407, 13801, 62, 0x0000000000000000 | 3.95 2.84 2.79 | cpu  1565390613 172940179 203033422 31258662807 14100138 0 5073457 0 0 0
1790989894 2407, 13801, 63, 0x0000000000000000 | 3.87 2.84 2.79 | cpu  1565390826 172940179 203033467 31258666854 14100140 0 5073457 0 0 0
1790989895 2407, 13801, 63, 0x0000000000000000 | 3.87 2.84 2.79 | cpu  1565390940 172940179 203033481 31258671019 14100140 0 5073457 0 0 0
1790989896 2407, 13801, 62, 0x0000000000000000 | 3.87 2.84 2.79 | cpu  1565391055 172940179 203033498 31258675154 14100141 0 5073457 0 0 0
1790989897 2407, 13801, 63, 0x0000000000000000 | 3.87 2.84 2.79 | cpu  1565391168 172940179 203033513 31258679321 14100141 0 5073457 0 0 0
1790989898 2400, 13801, 64, 0x0000000000000000 | 3.64 2.81 2.78 | cpu  1565391298 172940179 203033534 31258683445 14100142 0 5073457 0 0 0
1790989899 2407, 13801, 65, 0x0000000000000000 | 3.64 2.81 2.78 | cpu  1565391411 172940179 203033549 31258687576 14100143 0 5073457 0 0 0
1790989900 2400, 13801, 63, 0x0000000000000000 | 3.64 2.81 2.78 | cpu  1565391526 172940179 203033566 31258691738 14100144 0 5073457 0 0 0
1790989901 2400, 13801, 64, 0x0000000000000000 | 3.64 2.81 2.78 | cpu  1565391659 172940179 203033583 31258695860 14100145 0 5073457 0 0 0
1790989902 2407, 13801, 63, 0x0000000000000000 | 3.64 2.81 2.78 | cpu  1565391798 172940179 203033615 31258699970 14100146 0 5073457 0 0 0
1790989903 2407, 13801, 62, 0x0000000000000000 | 3.43 2.78 2.77 | cpu  1565391912 172940179 203033632 31258704122 14100146 0 5073457 0 0 0
1790989905 2407, 13801, 62, 0x0000000000000000 | 3.43 2.78 2.77 | cpu  1565392027 172940179 203033646 31258708273 14100148 0 5073457 0 0 0
1790989906 2407, 13801, 62, 0x0000000000000000 | 3.43 2.78 2.77 | cpu  1565392151 172940179 203033665 31258712410 14100148 0 5073457 0 0 0
1790989907 2415, 13801, 62, 0x0000000000000000 | 3.43 2.78 2.77 | cpu  1565392274 172940179 203033688 31258716559 14100151 0 5073457 0 0 0
1790989908 2415, 13801, 62, 0x0000000000000000 | 3.43 2.78 2.77 | cpu  1565392404 172940179 203033709 31258720681 14100152 0 5073457 0 0 0
1790989909 2407, 13801, 64, 0x0000000000000000 | 3.24 2.75 2.76 | cpu  1565392529 172940179 203033743 31258724804 14100152 0 5073457 0 0 0
1790989910 2407, 13801, 64, 0x0000000000000000 | 3.24 2.75 2.76 | cpu  1565392677 172940179 203033800 31258728893 14100153 0 5073457 0 0 0
1790989911 2407, 13801, 65, 0x0000000000000000 | 3.24 2.75 2.76 | cpu  1565392789 172940179 203033815 31258733065 14100154 0 5073457 0 0 0
1790989912 2407, 13801, 63, 0x0000000000000000 | 3.24 2.75 2.76 | cpu  1565392926 172940179 203033834 31258737174 14100156 0 5073457 0 0 0
1790989913 2407, 13801, 64, 0x0000000000000000 | 3.06 2.72 2.75 | cpu  1565393039 172940179 203033851 31258741334 14100156 0 5073457 0 0 0
1790989914 2407, 13801, 64, 0x0000000000000000 | 3.06 2.72 2.75 | cpu  1565393173 172940179 203033877 31258745466 14100157 0 5073457 0 0 0
1790989915 2415, 13801, 62, 0x0000000000000000 | 3.06 2.72 2.75 | cpu  1565393286 172940179 203033892 31258749608 14100157 0 5073458 0 0 0
1790989916 2407, 13801, 62, 0x0000000000000000 | 3.06 2.72 2.75 | cpu  1565393402 172940179 203033909 31258753784 14100159 0 5073458 0 0 0
1790989917 2407, 13801, 62, 0x0000000000000000 | 3.06 2.72 2.75 | cpu  1565393516 172940179 203033922 31258757937 14100159 0 5073458 0 0 0
1790989918 2407, 13801, 63, 0x0000000000000000 | 2.89 2.69 2.74 | cpu  1565393652 172940179 203033947 31258762052 14100160 0 5073458 0 0 0
1790989920 2407, 13801, 63, 0x0000000000000000 | 2.89 2.69 2.74 | cpu  1565393773 172940179 203033965 31258766208 14100163 0 5073458 0 0 0
1790989921 2407, 13801, 63, 0x0000000000000000 | 2.89 2.69 2.74 | cpu  1565393898 172940179 203034027 31258770293 14100165 0 5073458 0 0 0
1790989922 2407, 13801, 62, 0x0000000000000000 | 2.89 2.69 2.74 | cpu  1565394049 172940179 203034053 31258774409 14100167 0 5073458 0 0 0
1790989923 2407, 13801, 62, 0x0000000000000000 | 2.89 2.69 2.74 | cpu  1565394170 172940179 203034068 31258778563 14100169 0 5073458 0 0 0
1790989924 2407, 13801, 63, 0x0000000000000000 | 2.74 2.67 2.73 | cpu  1565394295 172940179 203034093 31258782681 14100170 0 5073458 0 0 0
1790989925 2407, 13801, 64, 0x0000000000000000 | 2.74 2.67 2.73 | cpu  1565394418 172940179 203034128 31258786820 14100170 0 5073458 0 0 0
1790989926 2407, 13801, 64, 0x0000000000000000 | 2.74 2.67 2.73 | cpu  1565394568 172940179 203034187 31258790885 14100172 0 5073458 0 0 0
1790989927 2407, 13801, 63, 0x0000000000000000 | 2.74 2.67 2.73 | cpu  1565394681 172940179 203034203 31258795050 14100172 0 5073458 0 0 0
1790989928 2407, 13801, 63, 0x0000000000000000 | 2.60 2.64 2.72 | cpu  1565394800 172940179 203034222 31258799203 14100173 0 5073458 0 0 0
1790989929 2407, 13801, 64, 0x0000000000000000 | 2.60 2.64 2.72 | cpu  1565394914 172940179 203034238 31258803366 14100174 0 5073458 0 0 0
1790989930 2407, 13801, 63, 0x0000000000000000 | 2.60 2.64 2.72 | cpu  1565395046 172940179 203034259 31258807484 14100175 0 5073458 0 0 0
1790989931 2407, 13801, 62, 0x0000000000000000 | 2.60 2.64 2.72 | cpu  1565395159 172940179 203034278 31258811628 14100176 0 5073458 0 0 0
1790989932 2400, 13801, 63, 0x0000000000000000 | 2.60 2.64 2.72 | cpu  1565395297 172940179 203034296 31258815741 14100177 0 5073458 0 0 0
1790989933 2400, 13801, 64, 0x0000000000000000 | 2.47 2.61 2.71 | cpu  1565395414 172940179 203034313 31258819897 14100177 0 5073458 0 0 0
1790989935 2407, 13801, 65, 0x0000000000000000 | 2.47 2.61 2.71 | cpu  1565395543 172940179 203034334 31258824043 14100179 0 5073458 0 0 0
1790989936 2407, 13801, 64, 0x0000000000000000 | 2.47 2.61 2.71 | cpu  1565395667 172940179 203034366 31258828207 14100180 0 5073458 0 0 0
1790989937 2407, 13801, 63, 0x0000000000000000 | 2.47 2.61 2.71 | cpu  1565395789 172940179 203034392 31258832335 14100181 0 5073458 0 0 0
1790989938 2407, 13801, 63, 0x0000000000000000 | 2.47 2.61 2.71 | cpu  1565395919 172940179 203034415 31258836469 14100182 0 5073458 0 0 0
1790989939 2407, 13801, 63, 0x0000000000000000 | 2.35 2.58 2.70 | cpu  1565396031 172940179 203034432 31258840623 14100182 0 5073458 0 0 0
1790989940 2407, 13801, 64, 0x0000000000000000 | 2.35 2.58 2.70 | cpu  1565396147 172940179 203034451 31258844765 14100183 0 5073458 0 0 0
1790989941 2407, 13801, 63, 0x0000000000000000 | 2.35 2.58 2.70 | cpu  1565396260 172940179 203034464 31258848919 14100184 0 5073458 0 0 0
1790989942 2407, 13801, 62, 0x0000000000000000 | 2.35 2.58 2.70 | cpu  1565396390 172940179 203034486 31258853036 14100187 0 5073458 0 0 0
1790989943 2400, 13801, 63, 0x0000000000000000 | 2.25 2.56 2.70 | cpu  1565396526 172940179 203034505 31258857183 14100187 0 5073459 0 0 0
1790989944 2407, 13801, 65, 0x0000000000000000 | 2.25 2.56 2.70 | cpu  1565396641 172940179 203034523 31258861331 14100188 0 5073459 0 0 0
1790989945 2407, 13801, 63, 0x0000000000000000 | 2.25 2.56 2.70 | cpu  1565396754 172940179 203034537 31258865479 14100188 0 5073459 0 0 0
1790989946 2407, 13801, 64, 0x0000000000000000 | 2.25 2.56 2.70 | cpu  1565396884 172940179 203034560 31258869612 14100189 0 5073459 0 0 0
1790989947 2400, 13801, 65, 0x0000000000000000 | 2.25 2.56 2.70 | cpu  1565396997 172940179 203034573 31258873763 14100189 0 5073459 0 0 0
1790989948 2407, 13801, 64, 0x0000000000000000 | 2.15 2.53 2.69 | cpu  1565397115 172940179 203034593 31258877900 14100191 0 5073459 0 0 0
1790989950 2407, 13801, 63, 0x0000000000000000 | 2.15 2.53 2.69 | cpu  1565397236 172940179 203034612 31258882038 14100191 0 5073459 0 0 0
1790989951 2400, 13801, 65, 0x0000000000000000 | 2.15 2.53 2.69 | cpu  1565397361 172940179 203034634 31258886158 14100193 0 5073459 0 0 0
1790989952 2407, 13801, 63, 0x0000000000000000 | 2.15 2.53 2.69 | cpu  1565397475 172940179 203034651 31258890297 14100194 0 5073459 0 0 0
1790989953 2407, 13801, 64, 0x0000000000000000 | 2.15 2.53 2.69 | cpu  1565397602 172940179 203034670 31258894433 14100194 0 5073459 0 0 0
1790989954 2407, 13801, 66, 0x0000000000000000 | 2.21 2.54 2.69 | cpu  1565397749 172940179 203034696 31258898540 14100196 0 5073459 0 0 0
1790989955 2407, 13801, 64, 0x0000000000000000 | 2.21 2.54 2.69 | cpu  1565397862 172940179 203034712 31258902697 14100198 0 5073459 0 0 0
1790989956 2407, 13801, 64, 0x0000000000000000 | 2.21 2.54 2.69 | cpu  1565397983 172940179 203034730 31258906823 14100199 0 5073459 0 0 0
1790989957 2407, 13801, 64, 0x0000000000000000 | 2.21 2.54 2.69 | cpu  1565398115 172940179 203034775 31258910919 14100199 0 5073459 0 0 0
1790989958 2407, 13801, 65, 0x0000000000000000 | 2.12 2.51 2.68 | cpu  1565398251 172940179 203034816 31258915024 14100200 0 5073459 0 0 0
1790989959 2407, 13801, 65, 0x0000000000000000 | 2.12 2.51 2.68 | cpu  1565398365 172940179 203034831 31258919167 14100200 0 5073459 0 0 0
1790989960 2415, 13801, 63, 0x0000000000000000 | 2.12 2.51 2.68 | cpu  1565398484 172940179 203034849 31258923328 14100201 0 5073459 0 0 0
1790989961 2400, 13801, 64, 0x0000000000000000 | 2.12 2.51 2.68 | cpu  1565398597 172940179 203034866 31258927480 14100204 0 5073459 0 0 0
1790989962 2407, 13801, 63, 0x0000000000000000 | 2.12 2.51 2.68 | cpu  1565398729 172940179 203034889 31258931626 14100206 0 5073459 0 0 0
1790989963 2415, 13801, 63, 0x0000000000000000 | 2.11 2.50 2.68 | cpu  1565398864 172940179 203034908 31258935755 14100207 0 5073459 0 0 0
1790989965 2415, 13801, 62, 0x0000000000000000 | 2.11 2.50 2.68 | cpu  1565398978 172940179 203034924 31258939912 14100207 0 5073459 0 0 0
1790989966 2415, 13801, 62, 0x0000000000000000 | 2.11 2.50 2.68 | cpu  1565399150 172940179 203034952 31258944006 14100207 0 5073459 0 0 0
1790989967 2415, 13801, 63, 0x0000000000000000 | 2.11 2.50 2.68 | cpu  1565399551 172940179 203034993 31258947844 14100210 0 5073459 0 0 0
1790989968 2407, 13801, 63, 0x0000000000000000 | 2.11 2.50 2.68 | cpu  1565399839 172940179 203035043 31258951820 14100211 0 5073459 0 0 0
1790989969 2415, 13801, 62, 0x0000000000000000 | 3.62 2.81 2.77 | cpu  1565400213 172940179 203035228 31258955566 14100211 0 5073459 0 0 0
1790989970 2415, 13801, 62, 0x0000000000000000 | 3.62 2.81 2.77 | cpu  1565400854 172940179 203035502 31258958946 14100212 0 5073460 0 0 0
1790989971 2415, 13801, 61, 0x0000000000000000 | 3.62 2.81 2.77 | cpu  1565402419 172940179 203035702 31258961480 14100213 0 5073460 0 0 0
1790989972 2407, 13801, 62, 0x0000000000000000 | 3.62 2.81 2.77 | cpu  1565402602 172940179 203035942 31258965411 14100214 0 5073460 0 0 0
1790989973 2407, 13801, 63, 0x0000000000000000 | 3.49 2.80 2.77 | cpu  1565402797 172940179 203035991 31258969445 14100214 0 5073460 0 0 0
1790989974 2407, 13801, 63, 0x0000000000000000 | 3.49 2.80 2.77 | cpu  1565403054 172940179 203036063 31258973387 14100218 0 5073460 0 0 0
1790989975 2407, 13801, 63, 0x0000000000000000 | 3.49 2.80 2.77 | cpu  1565403292 172940179 203036080 31258977424 14100218 0 5073460 0 0 0
1790989976 2400, 13801, 62, 0x0000000000000000 | 3.49 2.80 2.77 | cpu  1565403480 172940179 203036340 31258981299 14100220 0 5073460 0 0 0
1790989977 2415, 13801, 61, 0x0000000000000000 | 3.49 2.80 2.77 | cpu  1565403667 172940179 203036580 31258985170 14100223 0 5073460 0 0 0
1790989979 2415, 13801, 62, 0x0000000000000000 | 3.37 2.78 2.77 | cpu  1565403873 172940179 203036681 31258989124 14100229 0 5073460 0 0 0
1790989980 2407, 13801, 63, 0x0000000000000000 | 3.37 2.78 2.77 | cpu  1565404063 172940179 203036779 31258993099 14100244 0 5073460 0 0 0
1790989981 2407, 13801, 63, 0x0000000000000000 | 3.37 2.78 2.77 | cpu  1565404249 172940179 203036886 31258997105 14100251 0 5073460 0 0 0
1790989982 2415, 13801, 61, 0x0000000000000000 | 3.37 2.78 2.77 | cpu  1565404461 172940179 203037002 31259001062 14100254 0 5073460 0 0 0
1790989983 2415, 13801, 62, 0x0000000000000000 | 3.42 2.81 2.77 | cpu  1565404664 172940179 203037101 31259005042 14100257 0 5073460 0 0 0
1790989984 2415, 13801, 62, 0x0000000000000000 | 3.42 2.81 2.77 | cpu  1565404866 172940179 203037262 31259008959 14100261 0 5073460 0 0 0
1790989985 2415, 13801, 61, 0x0000000000000000 | 3.42 2.81 2.77 | cpu  1565405087 172940179 203037358 31259012927 14100264 0 5073460 0 0 0
1790989986 2407, 13801, 62, 0x0000000000000000 | 3.42 2.81 2.77 | cpu  1565405291 172940179 203037465 31259016919 14100268 0 5073460 0 0 0
1790989987 2407, 13801, 63, 0x0000000000000000 | 3.42 2.81 2.77 | cpu  1565405482 172940179 203037572 31259020910 14100271 0 5073460 0 0 0
1790989988 2407, 13801, 63, 0x0000000000000000 | 3.31 2.79 2.77 | cpu  1565405680 172940179 203037676 31259024898 14100274 0 5073460 0 0 0
1790989989 2407, 13801, 62, 0x0000000000000000 | 3.31 2.79 2.77 | cpu  1565405869 172940179 203037780 31259028899 14100277 0 5073460 0 0 0
1790989990 2407, 13801, 62, 0x0000000000000000 | 3.31 2.79 2.77 | cpu  1565406072 172940179 203037891 31259032874 14100287 0 5073460 0 0 0
1790989991 2407, 13801, 63, 0x0000000000000000 | 3.31 2.79 2.77 | cpu  1565406259 172940179 203037998 31259036883 14100299 0 5073460 0 0 0
1790989993 2407, 13801, 62, 0x0000000000000000 | 3.31 2.79 2.77 | cpu  1565406460 172940179 203038098 31259040877 14100302 0 5073460 0 0 0
1790989994 2407, 13801, 62, 0x0000000000000000 | 3.20 2.78 2.76 | cpu  1565406703 172940179 203038120 31259044911 14100302 0 5073460 0 0 0
1790989995 2400, 13801, 63, 0x0000000000000000 | 3.20 2.78 2.76 | cpu  1565406963 172940179 203038146 31259048908 14100303 0 5073460 0 0 0
1790989996 2407, 13801, 62, 0x0000000000000000 | 3.20 2.78 2.76 | cpu  1565407191 172940179 203038162 31259052942 14100304 0 5073461 0 0 0
1790989997 2407, 13801, 63, 0x0000000000000000 | 3.20 2.78 2.76 | cpu  1565407419 172940179 203038178 31259056982 14100304 0 5073461 0 0 0
1790989998 2400, 13801, 63, 0x0000000000000000 | 3.11 2.77 2.76 | cpu  1565407665 172940179 203038202 31259061009 14100305 0 5073461 0 0 0
1790989999 2400, 13801, 64, 0x0000000000000000 | 3.11 2.77 2.76 | cpu  1565407892 172940179 203038217 31259065045 14100305 0 5073461 0 0 0
1790990000 2400, 13801, 64, 0x0000000000000000 | 3.11 2.77 2.76 | cpu  1565408100 172940179 203038263 31259069086 14100308 0 5073461 0 0 0
1790990001 2407, 13801, 62, 0x0000000000000000 | 3.11 2.77 2.76 | cpu  1565408307 172940179 203038301 31259073139 14100309 0 5073461 0 0 0
1790990002 2407, 13801, 62, 0x0000000000000000 | 3.11 2.77 2.76 | cpu  1565408533 172940179 203038345 31259077149 14100310 0 5073461 0 0 0
1790990003 2407, 13801, 62, 0x0000000000000000 | 4.54 3.07 2.86 | cpu  1565409060 172940179 203038508 31259080764 14100310 0 5073461 0 0 0
1790990004 2407, 13801, 62, 0x0000000000000000 | 4.54 3.07 2.86 | cpu  1565409273 172940179 203038606 31259084757 14100311 0 5073461 0 0 0
1790990005 2407, 13801, 62, 0x0000000000000000 | 4.54 3.07 2.86 | cpu  1565409539 172940179 203038689 31259088738 14100311 0 5073461 0 0 0
1790990007 2407, 13801, 62, 0x0000000000000000 | 4.54 3.07 2.86 | cpu  1565409735 172940179 203038951 31259092583 14100313 0 5073461 0 0 0
1790990008 2407, 13801, 62, 0x0000000000000000 | 4.54 3.07 2.86 | cpu  1565409931 172940179 203039094 31259096525 14100317 0 5073461 0 0 0
1790990009 2407, 13801, 62, 0x0000000000000000 | 4.41 3.07 2.86 | cpu  1565410127 172940179 203039185 31259100521 14100323 0 5073461 0 0 0
1790990010 2400, 13801, 61, 0x0000000000000000 | 4.41 3.07 2.86 | cpu  1565410364 172940179 203039288 31259104479 14100326 0 5073461 0 0 0
1790990011 2407, 13801, 63, 0x0000000000000000 | 4.41 3.07 2.86 | cpu  1565410585 172940179 203039381 31259108445 14100330 0 5073461 0 0 0
1790990012 2407, 13801, 63, 0x0000000000000000 | 4.41 3.07 2.86 | cpu  1565410787 172940179 203039467 31259112452 14100334 0 5073461 0 0 0
1790990013 2407, 13801, 63, 0x0000000000000000 | 4.30 3.06 2.86 | cpu  1565410994 172940179 203039580 31259116451 14100338 0 5073461 0 0 0
1790990014 2415, 13801, 62, 0x0000000000000000 | 4.30 3.06 2.86 | cpu  1565411210 172940179 203039676 31259120423 14100342 0 5073461 0 0 0
1790990015 2407, 13801, 62, 0x0000000000000000 | 4.30 3.06 2.86 | cpu  1565411413 172940179 203039756 31259124435 14100346 0 5073461 0 0 0
1790990016 2407, 13801, 62, 0x0000000000000000 | 4.30 3.06 2.86 | cpu  1565411639 172940179 203039852 31259128404 14100351 0 5073461 0 0 0
1790990017 2400, 13801, 63, 0x0000000000000000 | 4.30 3.06 2.86 | cpu  1565411845 172940179 203039935 31259132401 14100355 0 5073461 0 0 0
1790990018 2400, 13801, 63, 0x0000000000000000 | 4.12 3.05 2.85 | cpu  1565412061 172940179 203040050 31259136355 14100359 0 5073461 0 0 0
1790990019 2407, 13801, 64, 0x0000000000000000 | 4.12 3.05 2.85 | cpu  1565412291 172940179 203040069 31259140390 14100360 0 5073461 0 0 0
1790990021 2407, 13801, 63, 0x0000000000000000 | 4.12 3.05 2.85 | cpu  1565412528 172940179 203040090 31259144472 14100363 0 5073462 0 0 0
1790990022 2407, 13801, 63, 0x0000000000000000 | 4.12 3.05 2.85 | cpu  1565412765 172940179 203040199 31259148417 14100363 0 5073462 0 0 0
1790990023 2407, 13801, 63, 0x0000000000000000 | 4.12 3.05 2.85 | cpu  1565413509 172940179 203040337 31259151840 14100364 0 5073462 0 0 0
1790990024 2407, 13801, 63, 0x0000000000000000 | 3.95 3.03 2.85 | cpu  1565414213 172940179 203040370 31259155360 14100366 0 5073462 0 0 0
1790990025 2407, 13801, 64, 0x0000000000000000 | 3.95 3.03 2.85 | cpu  1565414506 172940179 203040391 31259159340 14100366 0 5073462 0 0 0
1790990026 2407, 13801, 62, 0x0000000000000000 | 3.95 3.03 2.85 | cpu  1565414672 172940179 203040418 31259163416 14100369 0 5073462 0 0 0
1790990027 2415, 13801, 62, 0x0000000000000000 | 3.95 3.03 2.85 | cpu  1565414787 172940179 203040433 31259167566 14100369 0 5073462 0 0 0
1790990028 2407, 13801, 62, 0x0000000000000000 | 3.71 3.00 2.84 | cpu  1565414910 172940179 203040456 31259171706 14100370 0 5073462 0 0 0
1790990029 2407, 13801, 65, 0x0000000000000000 | 3.71 3.00 2.84 | cpu  1565415023 172940179 203040471 31259175855 14100370 0 5073462 0 0 0
1790990030 2407, 13801, 63, 0x0000000000000000 | 3.71 3.00 2.84 | cpu  1565415153 172940179 203040493 31259179966 14100371 0 5073462 0 0 0
1790990031 2407, 13801, 63, 0x0000000000000000 | 3.71 3.00 2.84 | cpu  1565415268 172940179 203040511 31259184132 14100374 0 5073462 0 0 0
1790990032 2407, 13801, 62, 0x0000000000000000 | 3.71 3.00 2.84 | cpu  1565415382 172940179 203040527 31259188277 14100375 0 5073462 0 0 0
1790990033 2407, 13801, 62, 0x0000000000000000 | 3.49 2.96 2.83 | cpu  1565415495 172940179 203040542 31259192435 14100375 0 5073462 0 0 0
1790990034 2407, 13801, 62, 0x0000000000000000 | 3.49 2.96 2.83 | cpu  1565415625 172940179 203040567 31259196569 14100376 0 5073462 0 0 0
1790990036 2407, 13801, 62, 0x0000000000000000 | 3.49 2.96 2.83 | cpu  1565415740 172940179 203040585 31259200724 14100377 0 5073462 0 0 0
1790990037 2407, 13801, 61, 0x0000000000000000 | 3.49 2.96 2.83 | cpu  1565415875 172940179 203040604 31259204866 14100379 0 5073462 0 0 0
1790990038 2407, 13801, 61, 0x0000000000000000 | 3.49 2.96 2.83 | cpu  1565416011 172940179 203040631 31259208986 14100380 0 5073462 0 0 0
1790990039 2400, 13801, 63, 0x0000000000000000 | 3.37 2.95 2.82 | cpu  1565416124 172940179 203040646 31259213136 14100380 0 5073462 0 0 0
1790990040 2400, 13801, 63, 0x0000000000000000 | 3.37 2.95 2.82 | cpu  1565416242 172940179 203040666 31259217264 14100383 0 5073462 0 0 0
1790990041 2407, 13801, 63, 0x0000000000000000 | 3.37 2.95 2.82 | cpu  1565416356 172940179 203040683 31259221406 14100384 0 5073462 0 0 0
1790990042 2407, 13801, 63, 0x0000000000000000 | 3.37 2.95 2.82 | cpu  1565416486 172940179 203040705 31259225516 14100385 0 5073463 0 0 0
1790990043 2415, 13801, 61, 0x0000000000000000 | 3.18 2.91 2.81 | cpu  1565416598 172940179 203040720 31259229647 14100385 0 5073463 0 0 0
1790990044 2415, 13801, 61, 0x0000000000000000 | 3.18 2.91 2.81 | cpu  1565416791 172940179 203040744 31259233705 14100387 0 5073463 0 0 0
1790990045 2407, 13801, 63, 0x0000000000000000 | 3.18 2.91 2.81 | cpu  1565417226 172940179 203040780 31259237546 14100389 0 5073463 0 0 0
1790990046 2407, 13801, 62, 0x0000000000000000 | 3.18 2.91 2.81 | cpu  1565417705 172940179 203041000 31259241151 14100390 0 5073463 0 0 0
1790990047 2407, 13801, 62, 0x0000000000000000 | 3.18 2.91 2.81 | cpu  1565418250 172940179 203041103 31259244824 14100390 0 5073463 0 0 0
1790990048 2415, 13801, 61, 0x0000000000000000 | 3.09 2.90 2.81 | cpu  1565419178 172940179 203041398 31259247889 14100392 0 5073463 0 0 0
1790990050 2415, 13801, 61, 0x0000000000000000 | 3.09 2.90 2.81 | cpu  1565420203 172940179 203041556 31259250996 14100392 0 5073463 0 0 0
1790990051 2407, 13801, 61, 0x0000000000000000 | 3.09 2.90 2.81 | cpu  1565420401 172940179 203041783 31259254866 14100394 0 5073463 0 0 0
1790990052 2400, 13801, 62, 0x0000000000000000 | 3.09 2.90 2.81 | cpu  1565420622 172940179 203041845 31259258883 14100396 0 5073463 0 0 0
1790990053 2400, 13801, 63, 0x0000000000000000 | 3.09 2.90 2.81 | cpu  1565420867 172940179 203041867 31259262950 14100396 0 5073463 0 0 0
1790990054 2400, 13801, 62, 0x0000000000000000 | 3.00 2.88 2.80 | cpu  1565421088 172940179 203042055 31259266839 14100398 0 5073463 0 0 0
1790990055 2400, 13801, 63, 0x0000000000000000 | 3.00 2.88 2.80 | cpu  1565421275 172940179 203042302 31259270720 14100398 0 5073463 0 0 0
1790990056 2400, 13801, 62, 0x0000000000000000 | 3.00 2.88 2.80 | cpu  1565421471 172940179 203042423 31259274719 14100399 0 5073463 0 0 0
1790990057 2415, 13801, 61, 0x0000000000000000 | 3.00 2.88 2.80 | cpu  1565421687 172940179 203042539 31259278707 14100403 0 5073463 0 0 0
1790990058 2407, 13801, 61, 0x0000000000000000 | 2.92 2.87 2.80 | cpu  1565421908 172940179 203042641 31259282659 14100404 0 5073463 0 0 0
1790990059 2407, 13801, 61, 0x0000000000000000 | 2.92 2.87 2.80 | cpu  1565422099 172940179 203042748 31259286663 14100404 0 5073463 0 0 0
1790990060 2407, 13801, 62, 0x0000000000000000 | 2.92 2.87 2.80 | cpu  1565422299 172940179 203042848 31259290651 14100405 0 5073463 0 0 0
1790990061 2407, 13801, 61, 0x0000000000000000 | 2.92 2.87 2.80 | cpu  1565422495 172940179 203042952 31259294667 14100406 0 5073463 0 0 0
1790990062 2407, 13801, 61, 0x0000000000000000 | 2.92 2.87 2.80 | cpu  1565422714 172940179 203043067 31259298631 14100408 0 5073464 0 0 0
1790990064 2407, 13801, 61, 0x0000000000000000 | 3.09 2.90 2.81 | cpu  1565422908 172940179 203043173 31259302619 14100409 0 5073464 0 0 0
1790990065 2407, 13801, 62, 0x0000000000000000 | 3.09 2.90 2.81 | cpu  1565423105 172940179 203043280 31259306593 14100409 0 5073464 0 0 0
1790990066 2400, 13801, 62, 0x0000000000000000 | 3.09 2.90 2.81 | cpu  1565423317 172940179 203043396 31259310564 14100409 0 5073464 0 0 0
1790990067 2407, 13801, 63, 0x0000000000000000 | 3.09 2.90 2.81 | cpu  1565423511 172940179 203043502 31259314548 14100410 0 5073464 0 0 0
1790990068 2415, 13801, 61, 0x0000000000000000 | 3.09 2.90 2.81 | cpu  1565423738 172940179 203043610 31259318526 14100414 0 5073464 0 0 0
1790990069 2407, 13801, 62, 0x0000000000000000 | 3.00 2.89 2.81 | cpu  1565423931 172940179 203043727 31259322511 14100414 0 5073464 0 0 0
1790990070 2407, 13801, 61, 0x0000000000000000 | 3.00 2.89 2.81 | cpu  1565424164 172940179 203043795 31259326503 14100415 0 5073464 0 0 0
1790990071 2407, 13801, 61, 0x0000000000000000 | 3.00 2.89 2.81 | cpu  1565424395 172940179 203043807 31259330544 14100416 0 5073464 0 0 0
1790990072 2407, 13801, 61, 0x0000000000000000 | 3.00 2.89 2.81 | cpu  1565424626 172940179 203043824 31259334573 14100417 0 5073464 0 0 0
1790990073 2407, 13801, 61, 0x0000000000000000 | 2.92 2.87 2.80 | cpu  1565424853 172940179 203043841 31259338602 14100418 0 5073464 0 0 0
1790990074 2407, 13801, 61, 0x0000000000000000 | 2.92 2.87 2.80 | cpu  1565425105 172940179 203043867 31259342595 14100420 0 5073464 0 0 0
1790990075 2407, 13801, 61, 0x0000000000000000 | 2.92 2.87 2.80 | cpu  1565425334 172940179 203043882 31259346632 14100420 0 5073464 0 0 0
1790990076 2407, 13801, 61, 0x0000000000000000 | 2.92 2.87 2.80 | cpu  1565425564 172940179 203043900 31259350667 14100421 0 5073464 0 0 0
1790990078 2407, 13801, 61, 0x0000000000000000 | 2.92 2.87 2.80 | cpu  1565425775 172940179 203043951 31259354693 14100421 0 5073464 0 0 0
1790990079 2407, 13801, 60, 0x0000000000000000 | 2.93 2.88 2.81 | cpu  1565426024 172940179 203043998 31259358678 14100422 0 5073464 0 0 0
1790990080 2407, 13801, 61, 0x0000000000000000 | 2.93 2.88 2.81 | cpu  1565426234 172940179 203044036 31259362720 14100425 0 5073464 0 0 0
1790990081 2415, 13801, 59, 0x0000000000000000 | 2.93 2.88 2.81 | cpu  1565426760 172940179 203044200 31259366328 14100426 0 5073464 0 0 0
1790990082 2407, 13801, 60, 0x0000000000000000 | 2.93 2.88 2.81 | cpu  1565426994 172940179 203044301 31259370272 14100427 0 5073464 0 0 0
1790990083 2407, 13801, 62, 0x0000000000000000 | 2.93 2.88 2.81 | cpu  1565427226 172940179 203044427 31259374253 14100429 0 5073464 0 0 0
1790990084 2407, 13801, 62, 0x0000000000000000 | 3.49 2.99 2.84 | cpu  1565427445 172940179 203044688 31259378052 14100431 0 5073464 0 0 0
1790990085 2407, 13801, 61, 0x0000000000000000 | 3.49 2.99 2.84 | cpu  1565427659 172940179 203044843 31259381983 14100431 0 5073464 0 0 0
1790990086 2400, 13801, 60, 0x0000000000000000 | 3.49 2.99 2.84 | cpu  1565427894 172940179 203044959 31259385897 14100432 0 5073464 0 0 0
1790990087 2407, 13801, 61, 0x0000000000000000 | 3.49 2.99 2.84 | cpu  1565428103 172940179 203045053 31259389899 14100434 0 5073465 0 0 0
1790990088 2407, 13801, 60, 0x0000000000000000 | 3.37 2.98 2.84 | cpu  1565428322 172940179 203045146 31259393884 14100436 0 5073465 0 0 0
1790990089 2407, 13801, 60, 0x0000000000000000 | 3.37 2.98 2.84 | cpu  1565428541 172940179 203045233 31259397852 14100436 0 5073465 0 0 0
1790990090 2407, 13801, 61, 0x0000000000000000 | 3.37 2.98 2.84 | cpu  1565428778 172940179 203045346 31259401814 14100437 0 5073465 0 0 0
1790990091 2407, 13801, 62, 0x0000000000000000 | 3.37 2.98 2.84 | cpu  1565428987 172940179 203045428 31259405805 14100439 0 5073465 0 0 0
1790990093 2407, 13801, 62, 0x0000000000000000 | 3.37 2.98 2.84 | cpu  1565429191 172940179 203045518 31259409801 14100439 0 5073465 0 0 0
1790990094 2407, 13801, 60, 0x0000000000000000 | 3.26 2.96 2.83 | cpu  1565429410 172940179 203045610 31259413775 14100439 0 5073465 0 0 0
1790990095 2407, 13801, 60, 0x0000000000000000 | 3.26 2.96 2.83 | cpu  1565429620 172940179 203045723 31259417763 14100443 0 5073465 0 0 0
1790990096 2400, 13801, 61, 0x0000000000000000 | 3.26 2.96 2.83 | cpu  1565429845 172940179 203045762 31259421797 14100445 0 5073465 0 0 0
1790990097 2407, 13801, 61, 0x0000000000000000 | 3.26 2.96 2.83 | cpu  1565430078 172940179 203045781 31259425832 14100445 0 5073465 0 0 0
1790990098 2407, 13801, 60, 0x0000000000000000 | 3.64 3.04 2.86 | cpu  1565430321 172940179 203045876 31259429834 14100446 0 5073465 0 0 0
1790990099 2407, 13801, 61, 0x0000000000000000 | 3.64 3.04 2.86 | cpu  1565430914 172940179 203046029 31259433394 14100446 0 5073465 0 0 0
1790990100 2407, 13801, 61, 0x0000000000000000 | 3.64 3.04 2.86 | cpu  1565431665 172940179 203046070 31259436852 14100450 0 5073465 0 0 0
1790990101 2407, 13801, 60, 0x0000000000000000 | 3.64 3.04 2.86 | cpu  1565432241 172940179 203046163 31259440465 14100451 0 5073465 0 0 0
1790990102 2407, 13801, 60, 0x0000000000000000 | 3.64 3.04 2.86 | cpu  1565432447 172940179 203046212 31259444498 14100452 0 5073466 0 0 0
1790990103 2407, 13801, 60, 0x0000000000000000 | 3.43 3.01 2.85 | cpu  1565432600 172940179 203046236 31259448626 14100452 0 5073466 0 0 0
1790990104 2400, 13801, 62, 0x0000000000000000 | 3.43 3.01 2.85 | cpu  1565432996 172940179 203046276 31259452496 14100456 0 5073466 0 0 0
1790990105 2400, 13801, 61, 0x0000000000000000 | 3.43 3.01 2.85 | cpu  1565433232 172940179 203046295 31259456536 14100456 0 5073466 0 0 0
1790990107 2407, 13801, 62, 0x0000000000000000 | 3.43 3.01 2.85 | cpu  1565433674 172940179 203046520 31259460160 14100458 0 5073466 0 0 0
1790990108 2407, 13801, 60, 0x0000000000000000 | 3.43 3.01 2.85 | cpu  1565434128 172940179 203046750 31259463796 14100460 0 5073466 0 0 0
1790990109 2407, 13801, 60, 0x0000000000000000 | 4.84 3.31 2.95 | cpu  1565435649 172940179 203046951 31259466376 14100460 0 5073466 0 0 0
1790990110 2400, 13801, 60, 0x0000000000000000 | 4.84 3.31 2.95 | cpu  1565436077 172940179 203047214 31259470008 14100461 0 5073466 0 0 0
1790990111 2400, 13801, 62, 0x0000000000000000 | 4.84 3.31 2.95 | cpu  1565436280 172940179 203047308 31259474020 14100462 0 5073466 0 0 0
1790990112 2407, 13801, 60, 0x0000000000000000 | 4.84 3.31 2.95 | cpu  1565436503 172940179 203047378 31259478014 14100466 0 5073466 0 0 0
1790990113 2407, 13801, 60, 0x0000000000000000 | 4.61 3.29 2.94 | cpu  1565436740 172940179 203047394 31259482028 14100466 0 5073466 0 0 0
1790990114 2407, 13801, 61, 0x0000000000000000 | 4.61 3.29 2.94 | cpu  1565436946 172940179 203047651 31259485847 14100470 0 5073467 0 0 0
1790990115 2415, 13801, 59, 0x0000000000000000 | 4.61 3.29 2.94 | cpu  1565437136 172940179 203047889 31259489718 14100470 0 5073467 0 0 0
1790990116 2407, 13801, 60, 0x0000000000000000 | 4.61 3.29 2.94 | cpu  1565437330 172940179 203048000 31259493697 14100471 0 5073467 0 0 0
1790990117 2407, 13801, 60, 0x0000000000000000 | 4.61 3.29 2.94 | cpu  1565437547 172940179 203048140 31259497599 14100471 0 5073467 0 0 0
1790990118 2407, 13801, 60, 0x0000000000000000 | 4.40 3.27 2.94 | cpu  1565437755 172940179 203048254 31259501557 14100472 0 5073467 0 0 0
1790990119 2407, 13801, 60, 0x0000000000000000 | 4.40 3.27 2.94 | cpu  1565437952 172940179 203048382 31259505564 14100474 0 5073467 0 0 0
1790990121 2407, 13801, 60, 0x0000000000000000 | 4.40 3.27 2.94 | cpu  1565438176 172940179 203048474 31259509534 14100475 0 5073467 0 0 0
1790990122 2407, 13801, 60, 0x0000000000000000 | 4.40 3.27 2.94 | cpu  1565438380 172940179 203048586 31259513514 14100475 0 5073467 0 0 0
1790990123 2407, 13801, 61, 0x0000000000000000 | 4.40 3.27 2.94 | cpu  1565438582 172940179 203048688 31259517506 14100476 0 5073467 0 0 0
1790990124 2407, 13801, 59, 0x0000000000000000 | 4.85 3.38 2.98 | cpu  1565438774 172940179 203048800 31259521515 14100478 0 5073467 0 0 0
1790990125 2407, 13801, 60, 0x0000000000000000 | 4.85 3.38 2.98 | cpu  1565438969 172940179 203048903 31259525501 14100480 0 5073467 0 0 0
1790990126 2400, 13801, 62, 0x0000000000000000 | 4.85 3.38 2.98 | cpu  1565439181 172940179 203049029 31259529450 14100481 0 5073467 0 0 0
1790990127 2407, 13801, 61, 0x0000000000000000 | 4.85 3.38 2.98 | cpu  1565439376 172940179 203049124 31259533426 14100481 0 5073467 0 0 0
1790990128 2415, 13801, 60, 0x0000000000000000 | 4.62 3.35 2.97 | cpu  1565439570 172940179 203049243 31259537401 14100482 0 5073467 0 0 0
1790990129 2415, 13801, 59, 0x0000000000000000 | 4.62 3.35 2.97 | cpu  1565439764 172940179 203049368 31259541408 14100482 0 5073467 0 0 0
1790990130 2407, 13801, 60, 0x0000000000000000 | 4.62 3.35 2.97 | cpu  1565440030 172940179 203049413 31259545380 14100486 0 5073467 0 0 0
1790990131 2407, 13801, 61, 0x0000000000000000 | 4.62 3.35 2.97 | cpu  1565440260 172940179 203049433 31259549389 14100487 0 5073467 0 0 0
1790990132 2407, 13801, 60, 0x0000000000000000 | 4.62 3.35 2.97 | cpu  1565440489 172940179 203049455 31259553416 14100488 0 5073467 0 0 0
1790990133 2407, 13801, 61, 0x0000000000000000 | 4.41 3.33 2.97 | cpu  1565440715 172940179 203049470 31259557455 14100488 0 5073467 0 0 0
1790990135 2407, 13801, 61, 0x0000000000000000 | 4.41 3.33 2.97 | cpu  1565440959 172940179 203049494 31259561460 14100489 0 5073468 0 0 0
1790990136 2407, 13801, 60, 0x0000000000000000 | 4.41 3.33 2.97 | cpu  1565441187 172940179 203049510 31259565494 14100491 0 5073468 0 0 0
1790990137 2407, 13801, 60, 0x0000000000000000 | 4.41 3.33 2.97 | cpu  1565441414 172940179 203049524 31259569532 14100492 0 5073468 0 0 0
1790990138 2407, 13801, 60, 0x0000000000000000 | 4.41 3.33 2.97 | cpu  1565441634 172940179 203049582 31259573546 14100493 0 5073468 0 0 0
1790990139 2407, 13801, 60, 0x0000000000000000 | 4.22 3.31 2.96 | cpu  1565441841 172940179 203049620 31259577584 14100493 0 5073468 0 0 0
1790990140 2407, 13801, 60, 0x0000000000000000 | 4.22 3.31 2.96 | cpu  1565442051 172940179 203049656 31259581621 14100494 0 5073468 0 0 0
1790990141 2407, 13801, 60, 0x0000000000000000 | 4.22 3.31 2.96 | cpu  1565442613 172940179 203049825 31259585209 14100494 0 5073468 0 0 0
1790990142 2407, 13801, 62, 0x0000000000000000 | 4.22 3.31 2.96 | cpu  1565442840 172940179 203049930 31259589183 14100495 0 5073468 0 0 0
1790990143 2407, 13801, 61, 0x0000000000000000 | 4.04 3.29 2.96 | cpu  1565443081 172940179 203050004 31259593185 14100497 0 5073468 0 0 0
1790990144 2407, 13801, 61, 0x0000000000000000 | 4.04 3.29 2.96 | cpu  1565443273 172940179 203050268 31259597040 14100498 0 5073468 0 0 0
1790990145 2400, 13801, 61, 0x0000000000000000 | 4.04 3.29 2.96 | cpu  1565443476 172940179 203050411 31259601010 14100498 0 5073468 0 0 0
1790990146 2400, 13801, 61, 0x0000000000000000 | 4.04 3.29 2.96 | cpu  1565443695 172940179 203050508 31259604980 14100499 0 5073468 0 0 0
1790990147 2400, 13801, 61, 0x0000000000000000 | 4.04 3.29 2.96 | cpu  1565443901 172940179 203050606 31259608980 14100499 0 5073468 0 0 0
1790990149 2400, 13801, 62, 0x0000000000000000 | 3.96 3.28 2.96 | cpu  1565444108 172940179 203050693 31259612971 14100500 0 5073468 0 0 0
1790990150 2407, 13801, 61, 0x0000000000000000 | 3.96 3.28 2.96 | cpu  1565444322 172940179 203050795 31259616960 14100500 0 5073468 0 0 0
1790990151 2407, 13801, 60, 0x0000000000000000 | 3.96 3.28 2.96 | cpu  1565444530 172940179 203050892 31259620950 14100502 0 5073468 0 0 0
1790990152 2407, 13801, 60, 0x0000000000000000 | 3.96 3.28 2.96 | cpu  1565444765 172940179 203050984 31259624916 14100505 0 5073468 0 0 0
1790990153 2415, 13801, 61, 0x0000000000000000 | 3.96 3.28 2.96 | cpu  1565444974 172940179 203051076 31259628929 14100505 0 5073468 0 0 0
1790990154 2407, 13801, 61, 0x0000000000000000 | 3.80 3.26 2.95 | cpu  1565445198 172940179 203051173 31259632869 14100506 0 5073468 0 0 0
1790990155 2407, 13801, 61, 0x0000000000000000 | 3.80 3.26 2.95 | cpu  1565445404 172940179 203051286 31259636870 14100506 0 5073468 0 0 0
1790990156 2415, 13801, 60, 0x0000000000000000 | 3.80 3.26 2.95 | cpu  1565445629 172940179 203051333 31259640899 14100507 0 5073468 0 0 0
1790990157 2407, 13801, 61, 0x0000000000000000 | 3.80 3.26 2.95 | cpu  1565445856 172940179 203051348 31259644944 14100509 0 5073469 0 0 0
1790990158 2407, 13801, 62, 0x0000000000000000 | 3.74 3.26 2.95 | cpu  1565446098 172940179 203051396 31259648959 14100510 0 5073469 0 0 0
1790990159 2407, 13801, 60, 0x0000000000000000 | 3.74 3.26 2.95 | cpu  1565446551 172940179 203051580 31259652627 14100510 0 5073469 0 0 0
1790990160 2407, 13801, 60, 0x0000000000000000 | 3.74 3.26 2.95 | cpu  1565447167 172940179 203051613 31259656247 14100513 0 5073469 0 0 0
1790990161 2407, 13801, 60, 0x0000000000000000 | 3.74 3.26 2.95 | cpu  1565447718 172940179 203051644 31259659945 14100513 0 5073469 0 0 0
1790990163 2400, 13801, 61, 0x0000000000000000 | 3.74 3.26 2.95 | cpu  1565448180 172940179 203051676 31259663758 14100515 0 5073469 0 0 0
1790990164 2407, 13801, 61, 0x0000000000000000 | 3.60 3.24 2.95 | cpu  1565448335 172940179 203051698 31259667862 14100516 0 5073469 0 0 0
1790990165 2407, 13801, 61, 0x0000000000000000 | 3.60 3.24 2.95 | cpu  1565448453 172940179 203051717 31259672015 14100516 0 5073469 0 0 0
1790990166 2400, 13801, 62, 0x0000000000000000 | 3.60 3.24 2.95 | cpu  1565448620 172940179 203051747 31259676111 14100518 0 5073469 0 0 0
1790990167 2407, 13801, 62, 0x0000000000000000 | 3.60 3.24 2.95 | cpu  1565449011 172940179 203051786 31259679956 14100518 0 5073469 0 0 0
1790990168 2407, 13801, 62, 0x0000000000000000 | 3.60 3.24 2.95 | cpu  1565449460 172940179 203051982 31259683588 14100520 0 5073469 0 0 0
1790990169 2407, 13801, 63, 0x0000000000000000 | 3.55 3.23 2.95 | cpu  1565449908 172940179 203052087 31259687338 14100520 0 5073469 0 0 0
1790990170 2415, 13801, 60, 0x0000000000000000 | 3.55 3.23 2.95 | cpu  1565450497 172940179 203052344 31259690800 14100521 0 5073470 0 0 0
1790990171 2415, 13801, 60, 0x0000000000000000 | 3.55 3.23 2.95 | cpu  1565451984 172940179 203052526 31259693422 14100522 0 5073470 0 0 0
1790990172 2407, 13801, 61, 0x0000000000000000 | 3.55 3.23 2.95 | cpu  1565452209 172940179 203052767 31259697263 14100523 0 5073470 0 0 0
1790990173 2407, 13801, 61, 0x0000000000000000 | 3.42 3.21 2.94 | cpu  1565452403 172940179 203052831 31259701292 14100523 0 5073470 0 0 0
1790990174 2407, 13801, 60, 0x0000000000000000 | 3.42 3.21 2.94 | cpu  1565452640 172940179 203052935 31259705225 14100525 0 5073470 0 0 0
1790990175 2407, 13801, 61, 0x0000000000000000 | 3.42 3.21 2.94 | cpu  1565452881 172940179 203052966 31259709242 14100525 0 5073470 0 0 0
1790990177 2407, 13801, 61, 0x0000000000000000 | 3.42 3.21 2.94 | cpu  1565453077 172940179 203053215 31259713137 14100527 0 5073470 0 0 0
1790990178 2400, 13801, 61, 0x0000000000000000 | 3.42 3.21 2.94 | cpu  1565453277 172940179 203053462 31259716982 14100527 0 5073470 0 0 0
1790990179 2407, 13801, 62, 0x0000000000000000 | 3.31 3.19 2.94 | cpu  1565453476 172940179 203053586 31259720947 14100529 0 5073470 0 0 0
1790990180 2407, 13801, 61, 0x0000000000000000 | 3.31 3.19 2.94 | cpu  1565453676 172940179 203053710 31259724915 14100530 0 5073470 0 0 0
1790990181 2407, 13801, 61, 0x0000000000000000 | 3.31 3.19 2.94 | cpu  1565453874 172940179 203053828 31259728886 14100532 0 5073470 0 0 0
1790990182 2407, 13801, 60, 0x0000000000000000 | 3.31 3.19 2.94 | cpu  1565454078 172940179 203053953 31259732851 14100533 0 5073470 0 0 0
1790990183 2407, 13801, 63, 0x0000000000000000 | 3.29 3.19 2.94 | cpu  1565454296 172940179 203054074 31259736807 14100533 0 5073470 0 0 0
1790990184 2407, 13801, 61, 0x0000000000000000 | 3.29 3.19 2.94 | cpu  1565454546 172940179 203054185 31259740734 14100534 0 5073470 0 0 0
1790990185 2415, 13801, 60, 0x0000000000000000 | 3.29 3.19 2.94 | cpu  1565454734 172940179 203054300 31259744730 14100534 0 5073470 0 0 0
1790990186 2415, 13801, 60, 0x0000000000000000 | 3.29 3.19 2.94 | cpu  1565454943 172940179 203054410 31259748678 14100536 0 5073470 0 0 0
1790990187 2407, 13801, 61, 0x0000000000000000 | 3.29 3.19 2.94 | cpu  1565455133 172940179 203054529 31259752694 14100537 0 5073470 0 0 0
1790990188 2407, 13801, 61, 0x0000000000000000 | 3.26 3.18 2.94 | cpu  1565455326 172940179 203054650 31259756665 14100539 0 5073470 0 0 0
1790990189 2407, 13801, 62, 0x0000000000000000 | 3.26 3.18 2.94 | cpu  1565455516 172940179 203054755 31259760651 14100539 0 5073470 0 0 0
1790990191 2407, 13801, 62, 0x0000000000000000 | 3.26 3.18 2.94 | cpu  1565455723 172940179 203054886 31259764609 14100540 0 5073470 0 0 0
1790990192 2407, 13801, 61, 0x0000000000000000 | 3.26 3.18 2.94 | cpu  1565455915 172940179 203055005 31259768608 14100542 0 5073470 0 0 0
1790990193 2407, 13801, 62, 0x0000000000000000 | 3.26 3.18 2.94 | cpu  1565456117 172940179 203055118 31259772578 14100545 0 5073470 0 0 0
1790990194 2407, 13801, 62, 0x0000000000000000 | 3.24 3.18 2.94 | cpu  1565456388 172940179 203055145 31259776575 14100547 0 5073470 0 0 0
1790990195 2407, 13801, 62, 0x0000000000000000 | 3.24 3.18 2.94 | cpu  1565456616 172940179 203055159 31259780620 14100547 0 5073470 0 0 0
1790990196 2407, 13801, 62, 0x0000000000000000 | 3.24 3.18 2.94 | cpu  1565456849 172940179 203055178 31259784644 14100549 0 5073470 0 0 0
1790990197 2407, 13801, 62, 0x0000000000000000 | 3.24 3.18 2.94 | cpu  1565457078 172940179 203055194 31259788689 14100549 0 5073470 0 0 0
1790990198 2415, 13801, 61, 0x0000000000000000 | 3.14 3.16 2.93 | cpu  1565457323 172940179 203055217 31259792711 14100550 0 5073470 0 0 0
1790990199 2407, 13801, 61, 0x0000000000000000 | 3.14 3.16 2.93 | cpu  1565457555 172940179 203055234 31259796739 14100551 0 5073470 0 0 0
1790990200 2407, 13801, 62, 0x0000000000000000 | 3.14 3.16 2.93 | cpu  1565457767 172940179 203055278 31259800780 14100552 0 5073470 0 0 0
1790990201 2407, 13801, 61, 0x0000000000000000 | 3.14 3.16 2.93 | cpu  1565457976 172940179 203055317 31259804838 14100553 0 5073470 0 0 0
1790990202 2407, 13801, 61, 0x0000000000000000 | 3.14 3.16 2.93 | cpu  1565458207 172940179 203055363 31259808840 14100554 0 5073470 0 0 0
1790990203 2407, 13801, 61, 0x0000000000000000 | 3.05 3.14 2.93 | cpu  1565458751 172940179 203055524 31259812450 14100554 0 5073470 0 0 0
1790990204 2407, 13801, 61, 0x0000000000000000 | 3.05 3.14 2.93 | cpu  1565458981 172940179 203055625 31259816425 14100556 0 5073470 0 0 0
1790990206 2407, 13801, 62, 0x0000000000000000 | 3.05 3.14 2.93 | cpu  1565459249 172940179 203055658 31259820450 14100556 0 5073470 0 0 0
1790990207 2407, 13801, 62, 0x0000000000000000 | 3.05 3.14 2.93 | cpu  1565459446 172940179 203055961 31259824263 14100558 0 5073470 0 0 0
1790990208 2407, 13801, 63, 0x0000000000000000 | 3.05 3.14 2.93 | cpu  1565459641 172940179 203056130 31259828206 14100559 0 5073470 0 0 0
1790990209 2407, 13801, 62, 0x0000000000000000 | 2.96 3.12 2.92 | cpu  1565459843 172940179 203056223 31259832196 14100559 0 5073471 0 0 0
1790990210 2407, 13801, 62, 0x0000000000000000 | 2.96 3.12 2.92 | cpu  1565460063 172940179 203056323 31259836182 14100561 0 5073471 0 0 0
1790990211 2407, 13801, 61, 0x0000000000000000 | 2.96 3.12 2.92 | cpu  1565460269 172940179 203056423 31259840170 14100562 0 5073471 0 0 0
1790990212 2407, 13801, 61, 0x0000000000000000 | 2.96 3.12 2.92 | cpu  1565460474 172940179 203056517 31259844157 14100563 0 5073471 0 0 0
1790990213 2407, 13801, 62, 0x0000000000000000 | 2.89 3.10 2.92 | cpu  1565460681 172940179 203056618 31259848160 14100563 0 5073471 0 0 0
1790990214 2407, 13801, 61, 0x0000000000000000 | 2.89 3.10 2.92 | cpu  1565460935 172940179 203056710 31259852107 14100565 0 5073471 0 0 0
1790990215 2407, 13801, 62, 0x0000000000000000 | 2.89 3.10 2.92 | cpu  1565461140 172940179 203056803 31259856102 14100565 0 5073471 0 0 0
1790990216 2407, 13801, 61, 0x0000000000000000 | 2.89 3.10 2.92 | cpu  1565461350 172940179 203056893 31259860128 14100567 0 5073471 0 0 0
1790990217 2407, 13801, 62, 0x0000000000000000 | 2.89 3.10 2.92 | cpu  1565461554 172940179 203056980 31259864120 14100568 0 5073471 0 0 0
1790990219 2400, 13801, 62, 0x0000000000000000 | 2.82 3.08 2.91 | cpu  1565461777 172940179 203057090 31259868076 14100569 0 5073472 0 0 0
1790990220 2415, 13801, 61, 0x0000000000000000 | 2.82 3.08 2.91 | cpu  1565461984 172940179 203057134 31259872124 14100571 0 5073472 0 0 0
1790990221 2415, 13801, 61, 0x0000000000000000 | 2.82 3.08 2.91 | cpu  1565462196 172940179 203057165 31259876161 14100572 0 5073472 0 0 0
1790990222 2407, 13801, 61, 0x0000000000000000 | 2.82 3.08 2.91 | cpu  1565462423 172940179 203057215 31259880159 14100573 0 5073472 0 0 0
1790990223 2400, 13801, 63, 0x0000000000000000 | 2.82 3.08 2.91 | cpu  1565462628 172940179 203057260 31259884217 14100573 0 5073472 0 0 0
1790990224 2407, 13801, 64, 0x0000000000000000 | 2.75 3.07 2.90 | cpu  1565462840 172940179 203057305 31259888250 14100576 0 5073472 0 0 0
1790990225 2415, 13801, 61, 0x0000000000000000 | 2.75 3.07 2.90 | cpu  1565463153 172940179 203057518 31259892006 14100576 0 5073472 0 0 0
1790990226 2415, 13801, 61, 0x0000000000000000 | 2.75 3.07 2.90 | cpu  1565463993 172940179 203057763 31259895210 14100578 0 5073472 0 0 0
1790990227 2407, 13801, 62, 0x0000000000000000 | 2.75 3.07 2.90 | cpu  1565464660 172940179 203057803 31259898789 14100579 0 5073472 0 0 0
1790990228 2407, 13801, 61, 0x0000000000000000 | 2.93 3.10 2.92 | cpu  1565465330 172940179 203057836 31259902359 14100580 0 5073472 0 0 0
1790990229 2407, 13801, 62, 0x0000000000000000 | 2.93 3.10 2.92 | cpu  1565466056 172940179 203057910 31259905828 14100580 0 5073472 0 0 0
1790990230 2407, 13801, 62, 0x0000000000000000 | 2.93 3.10 2.92 | cpu  1565466844 172940179 203057956 31259909282 14100581 0 5073472 0 0 0
1790990231 2407, 13801, 62, 0x0000000000000000 | 2.93 3.10 2.92 | cpu  1565467018 172940179 203057982 31259913373 14100582 0 5073472 0 0 0
1790990232 2415, 13801, 61, 0x0000000000000000 | 2.93 3.10 2.92 | cpu  1565467137 172940179 203058002 31259917517 14100585 0 5073472 0 0 0
1790990234 2407, 13801, 62, 0x0000000000000000 | 2.86 3.08 2.91 | cpu  1565467260 172940179 203058020 31259921661 14100585 0 5073472 0 0 0
1790990235 2407, 13801, 62, 0x0000000000000000 | 2.86 3.08 2.91 | cpu  1565467382 172940179 203058041 31259925791 14100587 0 5073472 0 0 0
1790990236 2407, 13801, 62, 0x0000000000000000 | 2.86 3.08 2.91 | cpu  1565467523 172940179 203058063 31259929935 14100588 0 5073472 0 0 0
1790990237 2400, 13801, 63, 0x0000000000000000 | 2.86 3.08 2.91 | cpu  1565467640 172940179 203058081 31259934085 14100588 0 5073473 0 0 0
1790990238 2407, 13801, 63, 0x0000000000000000 | 2.86 3.08 2.91 | cpu  1565467784 172940179 203058139 31259938175 14100589 0 5073473 0 0 0
1790990239 2415, 13801, 62, 0x0000000000000000 | 2.79 3.06 2.91 | cpu  1565467901 172940179 203058168 31259942314 14100590 0 5073473 0 0 0
1790990240 2407, 13801, 62, 0x0000000000000000 | 2.79 3.06 2.91 | cpu  1565468015 172940179 203058183 31259946457 14100592 0 5073473 0 0 0
1790990241 2407, 13801, 62, 0x0000000000000000 | 2.79 3.06 2.91 | cpu  1565468127 172940179 203058197 31259950598 14100592 0 5073473 0 0 0
1790990242 2407, 13801, 63, 0x0000000000000000 | 2.79 3.06 2.91 | cpu  1565468253 172940179 203058219 31259954720 14100594 0 5073473 0 0 0
1790990243 2415, 13801, 62, 0x0000000000000000 | 2.64 3.03 2.90 | cpu  1565468372 172940179 203058237 31259958854 14100594 0 5073473 0 0 0
1790990244 2415, 13801, 61, 0x0000000000000000 | 2.64 3.03 2.90 | cpu  1565468488 172940179 203058257 31259962985 14100596 0 5073473 0 0 0
1790990245 2407, 13801, 61, 0x0000000000000000 | 2.64 3.03 2.90 | cpu  1565468643 172940179 203058301 31259967053 14100599 0 5073473 0 0 0
1790990246 2407, 13801, 61, 0x0000000000000000 | 2.64 3.03 2.90 | cpu  1565468772 172940179 203058322 31259971167 14100600 0 5073473 0 0 0
1790990247 2415, 13801, 61, 0x0000000000000000 | 2.64 3.03 2.90 | cpu  1565468886 172940179 203058338 31259975327 14100600 0 5073473 0 0 0
1790990249 2415, 13801, 62, 0x0000000000000000 | 2.51 2.99 2.89 | cpu  1565468999 172940179 203058353 31259979484 14100601 0 5073473 0 0 0
1790990250 2415, 13801, 61, 0x0000000000000000 | 2.51 2.99 2.89 | cpu  1565469123 172940179 203058374 31259983628 14100601 0 5073473 0 0 0
1790990251 2407, 13801, 62, 0x0000000000000000 | 2.51 2.99 2.89 | cpu  1565469241 172940179 203058390 31259987785 14100604 0 5073474 0 0 0
1790990252 2407, 13801, 62, 0x0000000000000000 | 2.51 2.99 2.89 | cpu  1565469357 172940179 203058407 31259991951 14100605 0 5073474 0 0 0
1790990253 2400, 13801, 62, 0x0000000000000000 | 2.51 2.99 2.89 | cpu  1565469474 172940179 203058426 31259996096 14100605 0 5073474 0 0 0
1790990254 2407, 13801, 63, 0x0000000000000000 | 2.39 2.96 2.87 | cpu  1565469606 172940179 203058448 31260000216 14100606 0 5073474 0 0 0
1790990255 2407, 13801, 62, 0x0000000000000000 | 2.39 2.96 2.87 | cpu  1565469719 172940179 203058464 31260004376 14100606 0 5073474 0 0 0
1790990256 2407, 13801, 63, 0x0000000000000000 | 2.39 2.96 2.87 | cpu  1565469862 172940179 203058486 31260008494 14100607 0 5073474 0 0 0
1790990257 2400, 13801, 63, 0x0000000000000000 | 2.39 2.96 2.87 | cpu  1565469979 172940179 203058504 31260012633 14100608 0 5073474 0 0 0
1790990258 2400, 13801, 64, 0x0000000000000000 | 2.36 2.94 2.87 | cpu  1565470109 172940179 203058529 31260016765 14100610 0 5073474 0 0 0
1790990259 2407, 13801, 63, 0x0000000000000000 | 2.36 2.94 2.87 | cpu  1565470236 172940179 203058552 31260020929 14100611 0 5073474 0 0 0
1790990260 2407, 13801, 64, 0x0000000000000000 | 2.36 2.94 2.87 | cpu  1565470351 172940179 203058570 31260025092 14100612 0 5073474 0 0 0
1790990261 2415, 13801, 63, 0x0000000000000000 | 2.36 2.94 2.87 | cpu  1565470484 172940179 203058627 31260029182 14100613 0 5073474 0 0 0
1790990263 2400, 13801, 63, 0x0000000000000000 | 2.36 2.94 2.87 | cpu  1565470618 172940179 203058656 31260033292 14100614 0 5073474 0 0 0
1790990264 2407, 13801, 62, 0x0000000000000000 | 2.25 2.91 2.86 | cpu  1565470733 172940179 203058672 31260037452 14100616 0 5073475 0 0 0
1790990265 2407, 13801, 62, 0x0000000000000000 | 2.25 2.91 2.86 | cpu  1565470846 172940179 203058690 31260041597 14100618 0 5073475 0 0 0
1790990266 2407, 13801, 63, 0x0000000000000000 | 2.25 2.91 2.86 | cpu  1565470975 172940179 203058713 31260045720 14100618 0 5073475 0 0 0
1790990267 2407, 13801, 63, 0x0000000000000000 | 2.25 2.91 2.86 | cpu  1565471110 172940179 203058731 31260049869 14100619 0 5073475 0 0 0
1790990268 2407, 13801, 63, 0x0000000000000000 | 2.25 2.91 2.86 | cpu  1565471230 172940179 203058749 31260054012 14100620 0 5073475 0 0 0
1790990269 2407, 13801, 63, 0x0000000000000000 | 2.23 2.90 2.85 | cpu  1565471343 172940179 203058765 31260058182 14100620 0 5073475 0 0 0
1790990270 2407, 13801, 62, 0x0000000000000000 | 2.23 2.90 2.85 | cpu  1565471473 172940179 203058789 31260062321 14100623 0 5073475 0 0 0
1790990271 2415, 13801, 62, 0x0000000000000000 | 2.23 2.90 2.85 | cpu  1565471585 172940179 203058802 31260066470 14100624 0 5073475 0 0 0
1790990272 2407, 13801, 62, 0x0000000000000000 | 2.23 2.90 2.85 | cpu  1565471700 172940179 203058820 31260070625 14100625 0 5073475 0 0 0
1790990273 2407, 13801, 62, 0x0000000000000000 | 2.13 2.86 2.84 | cpu  1565471814 172940179 203058837 31260074794 14100625 0 5073475 0 0 0
1790990274 2407, 13801, 63, 0x0000000000000000 | 2.13 2.86 2.84 | cpu  1565471943 172940179 203058860 31260078935 14100627 0 5073475 0 0 0
1790990275 2407, 13801, 63, 0x0000000000000000 | 2.13 2.86 2.84 | cpu  1565472068 172940179 203058881 31260083081 14100627 0 5073475 0 0 0
1790990276 2407, 13801, 62, 0x0000000000000000 | 2.13 2.86 2.84 | cpu  1565472206 172940179 203058901 31260087222 14100630 0 5073475 0 0 0
1790990278 2400, 13801, 63, 0x0000000000000000 | 2.13 2.86 2.84 | cpu  1565472352 172940179 203058968 31260091306 14100630 0 5073475 0 0 0
1790990279 2407, 13801, 63, 0x0000000000000000 | 2.12 2.85 2.84 | cpu  1565472484 172940179 203058997 31260095420 14100631 0 5073475 0 0 0
1790990280 2407, 13801, 63, 0x0000000000000000 | 2.12 2.85 2.84 | cpu  1565472600 172940179 203059014 31260099570 14100634 0 5073475 0 0 0
1790990281 2415, 13801, 62, 0x0000000000000000 | 2.12 2.85 2.84 | cpu  1565472713 172940179 203059031 31260103713 14100635 0 5073475 0 0 0
1790990282 2415, 13801, 62, 0x0000000000000000 | 2.12 2.85 2.84 | cpu  1565472874 172940179 203059061 31260107805 14100636 0 5073476 0 0 0
1790990283 2407, 13801, 63, 0x0000000000000000 | 2.12 2.85 2.84 | cpu  1565473284 172940179 203059095 31260111645 14100636 0 5073476 0 0 0
1790990284 2400, 13801, 63, 0x0000000000000000 | 2.11 2.84 2.83 | cpu  1565473606 172940179 203059167 31260115545 14100637 0 5073476 0 0 0
1790990285 2407, 13801, 64, 0x0000000000000000 | 2.11 2.84 2.83 | cpu  1565473955 172940179 203059336 31260119323 14100638 0 5073476 0 0 0
1790990286 2407, 13801, 64, 0x0000000000000000 | 2.11 2.84 2.83 | cpu  1565474612 172940179 203059596 31260122704 14100640 0 5073476 0 0 0
1790990287 2407, 13801, 63, 0x0000000000000000 | 2.11 2.84 2.83 | cpu  1565476216 172940179 203059794 31260125201 14100641 0 5073476 0 0 0
1790990288 2415, 13801, 62, 0x0000000000000000 | 2.50 2.90 2.86 | cpu  1565476450 172940179 203060022 31260129067 14100642 0 5073476 0 0 0
1790990289 2407, 13801, 63, 0x0000000000000000 | 2.50 2.90 2.86 | cpu  1565476631 172940179 203060102 31260133102 14100643 0 5073476 0 0 0
1790990290 2407, 13801, 63, 0x0000000000000000 | 2.50 2.90 2.86 | cpu  1565476866 172940179 203060174 31260137084 14100644 0 5073476 0 0 0
1790990292 2400, 13801, 63, 0x0000000000000000 | 2.50 2.90 2.86 | cpu  1565477111 172940179 203060199 31260141133 14100646 0 5073476 0 0 0
1790990293 2400, 13801, 63, 0x0000000000000000 | 2.50 2.90 2.86 | cpu  1565477315 172940179 203060430 31260144995 14100646 0 5073476 0 0 0
1790990294 2407, 13801, 63, 0x0000000000000000 | 2.46 2.89 2.85 | cpu  1565477512 172940179 203060668 31260148840 14100646 0 5073476 0 0 0
1790990295 2400, 13801, 63, 0x0000000000000000 | 2.46 2.89 2.85 | cpu  1565477703 172940179 203060785 31260152836 14100648 0 5073476 0 0 0
1790990296 2407, 13801, 64, 0x0000000000000000 | 2.46 2.89 2.85 | cpu  1565477898 172940179 203060876 31260156830 14100649 0 5073476 0 0 0
1790990297 2415, 13801, 62, 0x0000000000000000 | 2.46 2.89 2.85 | cpu  1565478086 172940179 203060990 31260160819 14100649 0 5073476 0 0 0
1790990298 2415, 13801, 62, 0x0000000000000000 | 2.67 2.92 2.86 | cpu  1565478322 172940179 203061118 31260164753 14100652 0 5073476 0 0 0
1790990299 2407, 13801, 62, 0x0000000000000000 | 2.67 2.92 2.86 | cpu  1565478522 172940179 203061213 31260168748 14100652 0 5073476 0 0 0
1790990300 2407, 13801, 62, 0x0000000000000000 | 2.67 2.92 2.86 | cpu  1565478715 172940179 203061328 31260172727 14100653 0 5073476 0 0 0
1790990301 2407, 13801, 62, 0x0000000000000000 | 2.67 2.92 2.86 | cpu  1565478932 172940179 203061462 31260176676 14100654 0 5073476 0 0 0
1790990302 2407, 13801, 62, 0x0000000000000000 | 2.67 2.92 2.86 | cpu  1565479144 172940179 203061598 31260180621 14100655 0 5073476 0 0 0
1790990303 2407, 13801, 62, 0x0000000000000000 | 2.61 2.91 2.86 | cpu  1565479344 172940179 203061697 31260184617 14100656 0 5073476 0 0 0
1790990304 2407, 13801, 63, 0x0000000000000000 | 2.61 2.91 2.86 | cpu  1565479536 172940179 203061811 31260188623 14100657 0 5073476 0 0 0
1790990306 2407, 13801, 64, 0x0000000000000000 | 2.61 2.91 2.86 | cpu  1565479745 172940179 203061903 31260192604 14100657 0 5073476 0 0 0
1790990307 2407, 13801, 62, 0x0000000000000000 | 2.61 2.91 2.86 | cpu  1565479947 172940179 203062027 31260196597 14100659 0 5073476 0 0 0
1790990308 2407, 13801, 62, 0x0000000000000000 | 2.61 2.91 2.86 | cpu  1565480148 172940179 203062155 31260200565 14100661 0 5073476 0 0 0
1790990309 2407, 13801, 62, 0x0000000000000000 | 2.64 2.91 2.86 | cpu  1565480389 172940179 203062210 31260204550 14100661 0 5073476 0 0 0
1790990310 2407, 13801, 64, 0x0000000000000000 | 2.64 2.91 2.86 | cpu  1565480635 172940179 203062233 31260208573 14100662 0 5073476 0 0 0
1790990311 2407, 13801, 63, 0x0000000000000000 | 2.64 2.91 2.86 | cpu  1565480862 172940179 203062247 31260212608 14100663 0 5073476 0 0 0
1790990312 2407, 13801, 64, 0x0000000000000000 | 2.64 2.91 2.86 | cpu  1565481091 172940179 203062264 31260216648 14100664 0 5073476 0 0 0
1790990313 2400, 13801, 63, 0x0000000000000000 | 2.59 2.90 2.86 | cpu  1565481324 172940179 203062285 31260220683 14100666 0 5073476 0 0 0
1790990314 2407, 13801, 63, 0x0000000000000000 | 2.59 2.90 2.86 | cpu  1565481571 172940179 203062309 31260224694 14100667 0 5073476 0 0 0
1790990315 2407, 13801, 62, 0x0000000000000000 | 2.59 2.90 2.86 | cpu  1565481799 172940179 203062324 31260228740 14100667 0 5073476 0 0 0
1790990316 2407, 13801, 63, 0x0000000000000000 | 2.59 2.90 2.86 | cpu  1565482008 172940179 203062372 31260232774 14100669 0 5073476 0 0 0
1790990317 2407, 13801, 65, 0x0000000000000000 | 2.59 2.90 2.86 | cpu  1565482217 172940179 203062409 31260236835 14100669 0 5073476 0 0 0
1790990318 2415, 13801, 62, 0x0000000000000000 | 2.54 2.88 2.85 | cpu  1565482469 172940179 203062455 31260240843 14100672 0 5073476 0 0 0
1790990320 2407, 13801, 62, 0x0000000000000000 | 2.54 2.88 2.85 | cpu  1565482997 172940179 203062614 31260244454 14100673 0 5073476 0 0 0
1790990321 2407, 13801, 62, 0x0000000000000000 | 2.54 2.88 2.85 | cpu  1565483204 172940179 203062713 31260248454 14100674 0 5073476 0 0 0
1790990322 2407, 13801, 63, 0x0000000000000000 | 2.54 2.88 2.85 | cpu  1565483460 172940179 203062749 31260252495 14100674 0 5073476 0 0 0
1790990323 2407, 13801, 63, 0x0000000000000000 | 2.54 2.88 2.85 | cpu  1565483664 172940179 203063045 31260256368 14100676 0 5073476 0 0 0
1790990324 2415, 13801, 61, 0x0000000000000000 | 2.50 2.87 2.85 | cpu  1565483865 172940179 203063214 31260260294 14100679 0 5073477 0 0 0
1790990325 2407, 13801, 62, 0x0000000000000000 | 2.50 2.87 2.85 | cpu  1565484072 172940179 203063304 31260264277 14100679 0 5073477 0 0 0
1790990326 2400, 13801, 64, 0x0000000000000000 | 2.50 2.87 2.85 | cpu  1565484287 172940179 203063408 31260268245 14100680 0 5073477 0 0 0
1790990327 2415, 13801, 61, 0x0000000000000000 | 2.50 2.87 2.85 | cpu  1565484489 172940179 203063506 31260272241 14100680 0 5073477 0 0 0
1790990328 2407, 13801, 62, 0x0000000000000000 | 2.38 2.83 2.84 | cpu  1565484697 172940179 203063606 31260276219 14100682 0 5073477 0 0 0
1790990329 2407, 13801, 62, 0x0000000000000000 | 2.38 2.83 2.84 | cpu  1565484931 172940179 203063702 31260280201 14100684 0 5073477 0 0 0
1790990330 2415, 13801, 62, 0x0000000000000000 | 2.38 2.83 2.84 | cpu  1565485150 172940179 203063802 31260284171 14100685 0 5073477 0 0 0
1790990331 2415, 13801, 61, 0x0000000000000000 | 2.38 2.83 2.84 | cpu  1565485356 172940179 203063890 31260288158 14100686 0 5073477 0 0 0
1790990332 2400, 13801, 63, 0x0000000000000000 | 2.38 2.83 2.84 | cpu  1565485564 172940179 203063990 31260292168 14100688 0 5073477 0 0 0
1790990334 2407, 13801, 63, 0x0000000000000000 | 2.91 2.94 2.87 | cpu  1565485775 172940179 203064080 31260296145 14100688 0 5073477 0 0 0
1790990335 2407, 13801, 62, 0x0000000000000000 | 2.91 2.94 2.87 | cpu  1565485996 172940179 203064185 31260300116 14100690 0 5073477 0 0 0
1790990336 2400, 13801, 63, 0x0000000000000000 | 2.91 2.94 2.87 | cpu  1565486230 172940179 203064205 31260304150 14100691 0 5073477 0 0 0
1790990337 2407, 13801, 63, 0x0000000000000000 | 2.91 2.94 2.87 | cpu  1565486443 172940179 203064245 31260308198 14100691 0 5073477 0 0 0
1790990338 2407, 13801, 63, 0x0000000000000000 | 2.91 2.94 2.87 | cpu  1565486725 172940179 203064350 31260312110 14100692 0 5073477 0 0 0
1790990339 2407, 13801, 63, 0x0000000000000000 | 4.12 3.19 2.95 | cpu  1565487461 172940179 203064484 31260315519 14100693 0 5073477 0 0 0
1790990340 2407, 13801, 64, 0x0000000000000000 | 4.12 3.19 2.95 | cpu  1565488236 172940179 203064521 31260318967 14100696 0 5073477 0 0 0
1790990341 2407, 13801, 63, 0x0000000000000000 | 4.12 3.19 2.95 | cpu  1565488574 172940179 203064545 31260322893 14100696 0 5073477 0 0 0
1790990342 2415, 13801, 61, 0x0000000000000000 | 4.12 3.19 2.95 | cpu  1565488705 172940179 203064569 31260327038 14100697 0 5073477 0 0 0
1790990343 2400, 13801, 65, 0x0000000000000000 | 3.87 3.15 2.94 | cpu  1565488820 172940179 203064586 31260331214 14100697 0 5073477 0 0 0
1790990344 2407, 13801, 63, 0x0000000000000000 | 3.87 3.15 2.94 | cpu  1565488941 172940179 203064608 31260335368 14100698 0 5073477 0 0 0
1790990345 2407, 13801, 62, 0x0000000000000000 | 3.87 3.15 2.94 | cpu  1565489054 172940179 203064623 31260339533 14100699 0 5073477 0 0 0
1790990346 2407, 13801, 64, 0x0000000000000000 | 3.87 3.15 2.94 | cpu  1565489185 172940179 203064646 31260343665 14100701 0 5073477 0 0 0
1790990348 2407, 13801, 64, 0x0000000000000000 | 3.87 3.15 2.94 | cpu  1565489306 172940179 203064665 31260347810 14100701 0 5073477 0 0 0
1790990349 2407, 13801, 64, 0x0000000000000000 | 3.64 3.12 2.93 | cpu  1565489419 172940179 203064680 31260351968 14100702 0 5073477 0 0 0
1790990350 2407, 13801, 62, 0x0000000000000000 | 3.64 3.12 2.93 | cpu  1565489565 172940179 203064708 31260356077 14100702 0 5073477 0 0 0
1790990351 2407, 13801, 63, 0x0000000000000000 | 3.64 3.12 2.93 | cpu  1565489686 172940179 203064726 31260360213 14100704 0 5073477 0 0 0
1790990352 2400, 13801, 64, 0x0000000000000000 | 3.64 3.12 2.93 | cpu  1565489802 172940179 203064742 31260364359 14100705 0 5073478 0 0 0
1790990353 2407, 13801, 63, 0x0000000000000000 | 3.64 3.12 2.93 | cpu  1565489914 172940179 203064760 31260368534 14100705 0 5073478 0 0 0
1790990354 2407, 13801, 63, 0x0000000000000000 | 3.43 3.08 2.92 | cpu  1565490045 172940179 203064782 31260372680 14100708 0 5073478 0 0 0
1790990355 2407, 13801, 63, 0x0000000000000000 | 3.43 3.08 2.92 | cpu  1565490163 172940179 203064801 31260376829 14100708 0 5073478 0 0 0
1790990356 2407, 13801, 63, 0x0000000000000000 | 3.43 3.08 2.92 | cpu  1565490278 172940179 203064821 31260380984 14100709 0 5073478 0 0 0
1790990357 2407, 13801, 62, 0x0000000000000000 | 3.43 3.08 2.92 | cpu  1565490438 172940179 203064851 31260385068 14100710 0 5073478 0 0 0
1790990358 2407, 13801, 62, 0x0000000000000000 | 3.23 3.05 2.91 | cpu  1565490573 172940179 203064877 31260389200 14100711 0 5073478 0 0 0
1790990359 2407, 13801, 63, 0x0000000000000000 | 3.23 3.05 2.91 | cpu  1565490687 172940179 203064895 31260393382 14100711 0 5073478 0 0 0
1790990360 2400, 13801, 62, 0x0000000000000000 | 3.23 3.05 2.91 | cpu  1565490826 172940179 203064912 31260397530 14100713 0 5073478 0 0 0
1790990361 2407, 13801, 63, 0x0000000000000000 | 3.23 3.05 2.91 | cpu  1565490938 172940179 203064928 31260401688 14100714 0 5073478 0 0 0
1790990363 2407, 13801, 62, 0x0000000000000000 | 3.23 3.05 2.91 | cpu  1565491073 172940179 203064952 31260405818 14100715 0 5073478 0 0 0
1790990364 2407, 13801, 63, 0x0000000000000000 | 3.05 3.01 2.90 | cpu  1565491194 172940179 203064971 31260409960 14100716 0 5073478 0 0 0
1790990365 2407, 13801, 63, 0x0000000000000000 | 3.05 3.01 2.90 | cpu  1565491319 172940179 203065019 31260414086 14100716 0 5073478 0 0 0
1790990366 2407, 13801, 62, 0x0000000000000000 | 3.05 3.01 2.90 | cpu  1565491449 172940179 203065056 31260418189 14100719 0 5073478 0 0 0
1790990367 2407, 13801, 62, 0x0000000000000000 | 3.05 3.01 2.90 | cpu  1565491609 172940179 203065074 31260422288 14100719 0 5073479 0 0 0
1790990368 2407, 13801, 63, 0x0000000000000000 | 3.05 3.01 2.90 | cpu  1565492015 172940179 203065112 31260426137 14100720 0 5073479 0 0 0
1790990369 2407, 13801, 63, 0x0000000000000000 | 2.97 2.99 2.89 | cpu  1565492460 172940179 203065296 31260429822 14100720 0 5073479 0 0 0
1790990370 2407, 13801, 62, 0x0000000000000000 | 2.97 2.99 2.89 | cpu  1565492927 172940179 203065391 31260433545 14100723 0 5073479 0 0 0
1790990371 2407, 13801, 63, 0x0000000000000000 | 2.97 2.99 2.89 | cpu  1565493704 172940179 203065665 31260436790 14100726 0 5073479 0 0 0
1790990372 2400, 13801, 62, 0x0000000000000000 | 2.97 2.99 2.89 | cpu  1565494972 172940179 203065838 31260439613 14100727 0 5073479 0 0 0
1790990373 2400, 13801, 63, 0x0000000000000000 | 3.45 3.09 2.93 | cpu  1565495152 172940179 203066081 31260443498 14100727 0 5073479 0 0 0
1790990374 2407, 13801, 64, 0x0000000000000000 | 3.45 3.09 2.93 | cpu  1565495365 172940179 203066138 31260447527 14100728 0 5073479 0 0 0
1790990375 2407, 13801, 62, 0x0000000000000000 | 3.45 3.09 2.93 | cpu  1565495584 172940179 203066188 31260451571 14100728 0 5073479 0 0 0
1790990377 2407, 13801, 62, 0x0000000000000000 | 3.45 3.09 2.93 | cpu  1565495834 172940179 203066214 31260455594 14100730 0 5073479 0 0 0
1790990378 2407, 13801, 62, 0x0000000000000000 | 3.45 3.09 2.93 | cpu  1565496028 172940179 203066498 31260459414 14100730 0 5073479 0 0 0
1790990379 2407, 13801, 62, 0x0000000000000000 | 3.34 3.08 2.92 | cpu  1565496220 172940179 203066691 31260463301 14100731 0 5073479 0 0 0
1790990380 2407, 13801, 62, 0x0000000000000000 | 3.34 3.08 2.92 | cpu  1565496420 172940179 203066787 31260467290 14100732 0 5073479 0 0 0
1790990381 2407, 13801, 63, 0x0000000000000000 | 3.34 3.08 2.92 | cpu  1565496630 172940179 203066895 31260471268 14100732 0 5073479 0 0 0
1790990382 2407, 13801, 65, 0x0000000000000000 | 3.34 3.08 2.92 | cpu  1565496867 172940179 203067008 31260475214 14100734 0 5073479 0 0 0
1790990383 2407, 13801, 62, 0x0000000000000000 | 3.39 3.09 2.93 | cpu  1565497059 172940179 203067118 31260479206 14100735 0 5073479 0 0 0
1790990384 2407, 13801, 62, 0x0000000000000000 | 3.39 3.09 2.93 | cpu  1565497257 172940179 203067220 31260483209 14100736 0 5073479 0 0 0
1790990385 2407, 13801, 61, 0x0000000000000000 | 3.39 3.09 2.93 | cpu  1565497447 172940179 203067328 31260487191 14100736 0 5073479 0 0 0
1790990386 2407, 13801, 62, 0x0000000000000000 | 3.39 3.09 2.93 | cpu  1565497668 172940179 203067434 31260491150 14100737 0 5073479 0 0 0
1790990387 2407, 13801, 63, 0x0000000000000000 | 3.39 3.09 2.93 | cpu  1565497864 172940179 203067546 31260495147 14100737 0 5073479 0 0 0
1790990388 2400, 13801, 64, 0x0000000000000000 | 3.28 3.07 2.92 | cpu  1565498065 172940179 203067646 31260499104 14100738 0 5073480 0 0 0
1790990389 2400, 13801, 63, 0x0000000000000000 | 3.28 3.07 2.92 | cpu  1565498253 172940179 203067755 31260503095 14100738 0 5073480 0 0 0
1790990391 2407, 13801, 62, 0x0000000000000000 | 3.28 3.07 2.92 | cpu  1565498460 172940179 203067875 31260507042 14100740 0 5073480 0 0 0
1790990392 2415, 13801, 63, 0x0000000000000000 | 3.28 3.07 2.92 | cpu  1565498684 172940179 203067989 31260511003 14100745 0 5073480 0 0 0
1790990393 2407, 13801, 63, 0x0000000000000000 | 3.28 3.07 2.92 | cpu  1565498876 172940179 203068136 31260514952 14100745 0 5073480 0 0 0
1790990394 2407, 13801, 62, 0x0000000000000000 | 3.17 3.05 2.91 | cpu  1565499125 172940179 203068161 31260518977 14100745 0 5073480 0 0 0
1790990395 2400, 13801, 63, 0x0000000000000000 | 3.17 3.05 2.91 | cpu  1565499354 172940179 203068176 31260523012 14100746 0 5073480 0 0 0
1790990396 2400, 13801, 63, 0x0000000000000000 | 3.17 3.05 2.91 | cpu  1565499585 172940179 203068193 31260527040 14100747 0 5073480 0 0 0
1790990397 2407, 13801, 64, 0x0000000000000000 | 3.17 3.05 2.91 | cpu  1565499815 172940179 203068209 31260531093 14100748 0 5073480 0 0 0
1790990398 2407, 13801, 64, 0x0000000000000000 | 3.16 3.05 2.92 | cpu  1565500060 172940179 203068232 31260535102 14100750 0 5073480 0 0 0
1790990399 2407, 13801, 62, 0x0000000000000000 | 3.16 3.05 2.92 | cpu  1565500287 172940179 203068248 31260539142 14100750 0 5073480 0 0 0
1790990400 2400, 13801, 63, 0x0000000000000000 | 3.16 3.05 2.92 | cpu  1565500518 172940179 203068303 31260543160 14100752 0 5073480 0 0 0
1790990401 2400, 13801, 62, 0x0000000000000000 | 3.16 3.05 2.92 | cpu  1565500748 172940179 203068359 31260547162 14100753 0 5073480 0 0 0
1790990402 2407, 13801, 62, 0x0000000000000000 | 3.16 3.05 2.92 | cpu  1565501038 172940179 203068423 31260551095 14100754 0 5073480 0 0 0
1790990403 2407, 13801, 64, 0x0000000000000000 | 3.07 3.04 2.91 | cpu  1565501260 172940179 203068465 31260555133 14100754 0 5073480 0 0 0
1790990404 2407, 13801, 64, 0x0000000000000000 | 3.07 3.04 2.91 | cpu  1565501783 172940179 203068635 31260558737 14100757 0 5073480 0 0 0
1790990406 2415, 13801, 61, 0x0000000000000000 | 3.07 3.04 2.91 | cpu  1565502025 172940179 203068721 31260562703 14100757 0 5073480 0 0 0
1790990407 2415, 13801, 61, 0x0000000000000000 | 3.07 3.04 2.91 | cpu  1565502262 172940179 203068896 31260566612 14100758 0 5073480 0 0 0
1790990408 2415, 13801, 61, 0x0000000000000000 | 3.07 3.04 2.91 | cpu  1565502459 172940179 203069138 31260570483 14100759 0 5073480 0 0 0
1790990409 2407, 13801, 62, 0x0000000000000000 | 2.98 3.02 2.90 | cpu  1565502666 172940179 203069224 31260574492 14100759 0 5073480 0 0 0
1790990410 2407, 13801, 62, 0x0000000000000000 | 2.98 3.02 2.90 | cpu  1565502889 172940179 203069321 31260578446 14100760 0 5073480 0 0 0
1790990411 2407, 13801, 62, 0x0000000000000000 | 2.98 3.02 2.90 | cpu  1565503095 172940179 203069419 31260582460 14100763 0 5073480 0 0 0
1790990412 2400, 13801, 62, 0x0000000000000000 | 2.98 3.02 2.90 | cpu  1565503303 172940179 203069502 31260586446 14100764 0 5073480 0 0 0
1790990413 2400, 13801, 63, 0x0000000000000000 | 2.90 3.00 2.90 | cpu  1565503534 172940179 203069602 31260590434 14100764 0 5073480 0 0 0
1790990414 2400, 13801, 64, 0x0000000000000000 | 2.90 3.00 2.90 | cpu  1565503762 172940179 203069687 31260594408 14100765 0 5073480 0 0 0
1790990415 2415, 13801, 62, 0x0000000000000000 | 2.90 3.00 2.90 | cpu  1565503966 172940179 203069787 31260598401 14100765 0 5073480 0 0 0
1790990416 2407, 13801, 62, 0x0000000000000000 | 2.90 3.00 2.90 | cpu  1565504173 172940179 203069873 31260602396 14100766 0 5073481 0 0 0
1790990417 2407, 13801, 61, 0x0000000000000000 | 2.90 3.00 2.90 | cpu  1565504376 172940179 203069964 31260606393 14100766 0 5073481 0 0 0
1790990418 2407, 13801, 61, 0x0000000000000000 | 2.83 2.98 2.89 | cpu  1565504594 172940179 203070096 31260610344 14100769 0 5073481 0 0 0
1790990420 2407, 13801, 62, 0x0000000000000000 | 2.83 2.98 2.89 | cpu  1565504810 172940179 203070134 31260614378 14100770 0 5073481 0 0 0
1790990421 2407, 13801, 62, 0x0000000000000000 | 2.83 2.98 2.89 | cpu  1565505016 172940179 203070172 31260618415 14100771 0 5073481 0 0 0
1790990422 2400, 13801, 63, 0x0000000000000000 | 2.83 2.98 2.89 | cpu  1565505241 172940179 203070212 31260622423 14100771 0 5073481 0 0 0
1790990423 2407, 13801, 64, 0x0000000000000000 | 2.83 2.98 2.89 | cpu  1565505472 172940179 203070258 31260626446 14100773 0 5073481 0 0 0
1790990424 2400, 13801, 63, 0x0000000000000000 | 2.76 2.97 2.89 | cpu  1565505684 172940179 203070306 31260630540 14100774 0 5073481 0 0 0
1790990425 2400, 13801, 63, 0x0000000000000000 | 2.76 2.97 2.89 | cpu  1565505932 172940179 203070518 31260634373 14100775 0 5073481 0 0 0
1790990426 2407, 13801, 63, 0x0000000000000000 | 2.76 2.97 2.89 | cpu  1565506479 172940179 203070744 31260637952 14100776 0 5073481 0 0 0
1790990427 2415, 13801, 61, 0x0000000000000000 | 2.76 2.97 2.89 | cpu  1565507220 172940179 203070806 31260641437 14100776 0 5073481 0 0 0
1790990428 2415, 13801, 61, 0x0000000000000000 | 2.78 2.97 2.89 | cpu  1565507937 172940179 203070881 31260644943 14100778 0 5073481 0 0 0
1790990429 2415, 13801, 61, 0x0000000000000000 | 2.78 2.97 2.89 | cpu  1565508655 172940179 203070931 31260648454 14100778 0 5073482 0 0 0
1790990430 2415, 13801, 61, 0x0000000000000000 | 2.78 2.97 2.89 | cpu  1565509355 172940179 203070965 31260652012 14100779 0 5073482 0 0 0
1790990431 2415, 13801, 61, 0x0000000000000000 | 2.78 2.97 2.89 | cpu  1565509520 172940179 203070985 31260656132 14100779 0 5073482 0 0 0
1790990433 2407, 13801, 63, 0x0000000000000000 | 2.78 2.97 2.89 | cpu  1565509642 172940179 203071004 31260660296 14100782 0 5073482 0 0 0
1790990434 2415, 13801, 62, 0x0000000000000000 | 2.72 2.95 2.89 | cpu  1565509785 172940179 203071029 31260664424 14100782 0 5073482 0 0 0
1790990435 2415, 13801, 61, 0x0000000000000000 | 2.72 2.95 2.89 | cpu  1565509910 172940179 203071051 31260668564 14100784 0 5073482 0 0 0
1790990436 2400, 13801, 63, 0x0000000000000000 | 2.72 2.95 2.89 | cpu  1565510036 172940179 203071073 31260672700 14100785 0 5073482 0 0 0
1790990437 2400, 13801, 63, 0x0000000000000000 | 2.72 2.95 2.89 | cpu  1565510160 172940179 203071108 31260676813 14100785 0 5073482 0 0 0
1790990438 2407, 13801, 62, 0x0000000000000000 | 2.72 2.95 2.89 | cpu  1565510305 172940179 203071162 31260680898 14100786 0 5073482 0 0 0
1790990439 2407, 13801, 63, 0x0000000000000000 | 2.58 2.92 2.88 | cpu  1565510422 172940179 203071181 31260685053 14100788 0 5073482 0 0 0
1790990440 2407, 13801, 65, 0x0000000000000000 | 2.58 2.92 2.88 | cpu  1565510538 172940179 203071198 31260689212 14100789 0 5073482 0 0 0
1790990441 2407, 13801, 64, 0x0000000000000000 | 2.58 2.92 2.88 | cpu  1565510651 172940179 203071215 31260693387 14100790 0 5073482 0 0 0
1790990442 2415, 13801, 62, 0x0000000000000000 | 2.58 2.92 2.88 | cpu  1565510781 172940179 203071237 31260697520 14100791 0 5073482 0 0 0
1790990443 2407, 13801, 62, 0x0000000000000000 | 2.45 2.89 2.87 | cpu  1565510894 172940179 203071253 31260701683 14100793 0 5073482 0 0 0
1790990444 2407, 13801, 64, 0x0000000000000000 | 2.45 2.89 2.87 | cpu  1565511033 172940179 203071274 31260705829 14100794 0 5073482 0 0 0
1790990445 2407, 13801, 63, 0x0000000000000000 | 2.45 2.89 2.87 | cpu  1565511152 172940179 203071292 31260709986 14100794 0 5073482 0 0 0
1790990446 2407, 13801, 64, 0x0000000000000000 | 2.45 2.89 2.87 | cpu  1565511282 172940179 203071317 31260714127 14100795 0 5073482 0 0 0
1790990448 2400, 13801, 64, 0x0000000000000000 | 2.45 2.89 2.87 | cpu  1565511398 172940179 203071336 31260718295 14100796 0 5073482 0 0 0
1790990449 2407, 13801, 61, 0x0000000000000000 | 2.42 2.87 2.86 | cpu  1565511511 172940179 203071350 31260722465 14100796 0 5073483 0 0 0
1790990450 2407, 13801, 64, 0x0000000000000000 | 2.42 2.87 2.86 | cpu  1565511644 172940179 203071376 31260726596 14100798 0 5073483 0 0 0
1790990451 2415, 13801, 62, 0x0000000000000000 | 2.42 2.87 2.86 | cpu  1565511759 172940179 203071391 31260730751 14100800 0 5073483 0 0 0
1790990452 2407, 13801, 62, 0x0000000000000000 | 2.42 2.87 2.86 | cpu  1565511885 172940179 203071415 31260734879 14100801 0 5073483 0 0 0
1790990453 2407, 13801, 62, 0x0000000000000000 | 2.42 2.87 2.86 | cpu  1565512020 172940179 203071459 31260738982 14100801 0 5073483 0 0 0
1790990454 2407, 13801, 62, 0x0000000000000000 | 2.38 2.86 2.86 | cpu  1565512184 172940179 203071507 31260743031 14100802 0 5073483 0 0 0
1790990455 2407, 13801, 62, 0x0000000000000000 | 2.38 2.86 2.86 | cpu  1565512297 172940179 203071523 31260747191 14100803 0 5073483 0 0 0
1790990456 2407, 13801, 62, 0x0000000000000000 | 2.38 2.86 2.86 | cpu  1565512412 172940179 203071539 31260751341 14100805 0 5073483 0 0 0
1790990457 2407, 13801, 62, 0x0000000000000000 | 2.38 2.86 2.86 | cpu  1565512524 172940179 203071553 31260755498 14100805 0 5073483 0 0 0
1790990458 2400, 13801, 63, 0x0000000000000000 | 2.27 2.83 2.85 | cpu  1565512656 172940179 203071575 31260759634 14100807 0 5073483 0 0 0
1790990459 2407, 13801, 62, 0x0000000000000000 | 2.27 2.83 2.85 | cpu  1565512769 172940179 203071592 31260763796 14100807 0 5073483 0 0 0
1790990460 2415, 13801, 62, 0x0000000000000000 | 2.27 2.83 2.85 | cpu  1565512886 172940179 203071608 31260767967 14100810 0 5073483 0 0 0
1790990462 2407, 13801, 61, 0x0000000000000000 | 2.27 2.83 2.85 | cpu  1565513002 172940179 203071625 31260772103 14100811 0 5073483 0 0 0
1790990463 2400, 13801, 64, 0x0000000000000000 | 2.27 2.83 2.85 | cpu  1565513132 172940179 203071649 31260776213 14100812 0 5073483 0 0 0
1790990464 2407, 13801, 65, 0x0000000000000000 | 2.17 2.80 2.84 | cpu  1565513249 172940179 203071667 31260780382 14100813 0 5073483 0 0 0
1790990465 2407, 13801, 62, 0x0000000000000000 | 2.17 2.80 2.84 | cpu  1565513383 172940179 203071684 31260784521 14100813 0 5073483 0 0 0
1790990466 2415, 13801, 62, 0x0000000000000000 | 2.17 2.80 2.84 | cpu  1565513515 172940179 203071707 31260788673 14100818 0 5073483 0 0 0
1790990467 2415, 13801, 62, 0x0000000000000000 | 2.17 2.80 2.84 | cpu  1565513628 172940179 203071722 31260792837 14100818 0 5073483 0 0 0
1790990468 2407, 13801, 62, 0x0000000000000000 | 2.17 2.80 2.84 | cpu  1565513745 172940179 203071742 31260796990 14100819 0 5073483 0 0 0
1790990469 2407, 13801, 62, 0x0000000000000000 | 2.08 2.77 2.83 | cpu  1565513858 172940179 203071757 31260801150 14100819 0 5073483 0 0 0
1790990470 2407, 13801, 62, 0x0000000000000000 | 2.08 2.77 2.83 | cpu  1565513990 172940179 203071779 31260805268 14100820 0 5073483 0 0 0
1790990471 2407, 13801, 62, 0x0000000000000000 | 2.08 2.77 2.83 | cpu  1565514102 172940179 203071795 31260809429 14100821 0 5073483 0 0 0
1790990472 2415, 13801, 62, 0x0000000000000000 | 2.08 2.77 2.83 | cpu  1565514221 172940179 203071812 31260813584 14100823 0 5073483 0 0 0
1790990473 2400, 13801, 62, 0x0000000000000000 | 1.99 2.74 2.81 | cpu  1565514336 172940179 203071829 31260817766 14100823 0 5073483 0 0 0
1790990474 2400, 13801, 64, 0x0000000000000000 | 1.99 2.74 2.81 | cpu  1565514475 172940179 203071856 31260821911 14100825 0 5073484 0 0 0
1790990475 2407, 13801, 61, 0x0000000000000000 | 1.99 2.74 2.81 | cpu  1565514716 172940179 203071881 31260825918 14100826 0 5073484 0 0 0
1790990477 2407, 13801, 62, 0x0000000000000000 | 1.99 2.74 2.81 | cpu  1565515139 172940179 203071916 31260829784 14100827 0 5073484 0 0 0
1790990478 2407, 13801, 61, 0x0000000000000000 | 1.99 2.74 2.81 | cpu  1565515605 172940179 203072150 31260833394 14100829 0 5073484 0 0 0
1790990479 2407, 13801, 62, 0x0000000000000000 | 1.99 2.72 2.81 | cpu  1565516062 172940179 203072217 31260837168 14100830 0 5073484 0 0 0
1790990480 2407, 13801, 62, 0x0000000000000000 | 1.99 2.72 2.81 | cpu  1565516936 172940179 203072506 31260840305 14100831 0 5073484 0 0 0
1790990481 2407, 13801, 62, 0x0000000000000000 | 1.99 2.72 2.81 | cpu  1565518100 172940179 203072673 31260843258 14100832 0 5073484 0 0 0
1790990482 2407, 13801, 62, 0x0000000000000000 | 1.99 2.72 2.81 | cpu  1565518295 172940179 203072920 31260847112 14100833 0 5073484 0 0 0
1790990483 2407, 13801, 62, 0x0000000000000000 | 2.23 2.76 2.82 | cpu  1565518504 172940179 203072966 31260851144 14100836 0 5073485 0 0 0
1790990484 2400, 13801, 63, 0x0000000000000000 | 2.23 2.76 2.82 | cpu  1565518756 172940179 203073010 31260855156 14100836 0 5073485 0 0 0
1790990485 2400, 13801, 62, 0x0000000000000000 | 2.23 2.76 2.82 | cpu  1565519013 172940179 203073121 31260859116 14100836 0 5073485 0 0 0
1790990486 2407, 13801, 62, 0x0000000000000000 | 2.23 2.76 2.82 | cpu  1565519228 172940179 203073369 31260862959 14100837 0 5073485 0 0 0
1790990487 2400, 13801, 61, 0x0000000000000000 | 2.23 2.76 2.82 | cpu  1565519416 172940179 203073552 31260866897 14100837 0 5073485 0 0 0
1790990488 2415, 13801, 61, 0x0000000000000000 | 2.37 2.78 2.83 | cpu  1565519614 172940179 203073654 31260870882 14100840 0 5073485 0 0 0
1790990489 2407, 13801, 61, 0x0000000000000000 | 2.37 2.78 2.83 | cpu  1565519811 172940179 203073766 31260874873 14100840 0 5073485 0 0 0
1790990491 2407, 13801, 61, 0x0000000000000000 | 2.37 2.78 2.83 | cpu  1565520025 172940179 203073880 31260878858 14100842 0 5073485 0 0 0
1790990492 2407, 13801, 62, 0x0000000000000000 | 2.37 2.78 2.83 | cpu  1565520219 172940179 203074009 31260882840 14100843 0 5073485 0 0 0
1790990493 2407, 13801, 63, 0x0000000000000000 | 2.37 2.78 2.83 | cpu  1565520421 172940179 203074156 31260886772 14100843 0 5073485 0 0 0
1790990494 2407, 13801, 64, 0x0000000000000000 | 2.90 2.89 2.86 | cpu  1565520624 172940179 203074281 31260890740 14100844 0 5073485 0 0 0
1790990495 2400, 13801, 62, 0x0000000000000000 | 2.90 2.89 2.86 | cpu  1565520812 172940179 203074392 31260894745 14100844 0 5073485 0 0 0
1790990496 2415, 13801, 61, 0x0000000000000000 | 2.90 2.89 2.86 | cpu  1565521040 172940179 203074512 31260898679 14100846 0 5073485 0 0 0
1790990497 2407, 13801, 62, 0x0000000000000000 | 2.90 2.89 2.86 | cpu  1565521230 172940179 203074630 31260902678 14100846 0 5073485 0 0 0
1790990498 2407, 13801, 63, 0x0000000000000000 | 2.99 2.90 2.87 | cpu  1565521435 172940179 203074758 31260906633 14100849 0 5073485 0 0 0
1790990499 2407, 13801, 63, 0x0000000000000000 | 2.99 2.90 2.87 | cpu  1565521634 172940179 203074862 31260910623 14100849 0 5073485 0 0 0
1790990500 2415, 13801, 61, 0x0000000000000000 | 2.99 2.90 2.87 | cpu  1565521826 172940179 203074978 31260914617 14100850 0 5073485 0 0 0
1790990501 2415, 13801, 61, 0x0000000000000000 | 2.99 2.90 2.87 | cpu  1565522018 172940179 203075114 31260918564 14100852 0 5073485 0 0 0
1790990502 2407, 13801, 61, 0x0000000000000000 | 2.99 2.90 2.87 | cpu  1565522267 172940179 203075142 31260922562 14100853 0 5073485 0 0 0
1790990503 2407, 13801, 61, 0x0000000000000000 | 2.91 2.89 2.86 | cpu  1565522496 172940179 203075156 31260926596 14100853 0 5073485 0 0 0
1790990505 2415, 13801, 61, 0x0000000000000000 | 2.91 2.89 2.86 | cpu  1565522725 172940179 203075173 31260930621 14100854 0 5073485 0 0 0
1790990506 2407, 13801, 62, 0x0000000000000000 | 2.91 2.89 2.86 | cpu  1565522961 172940179 203075190 31260934646 14100854 0 5073485 0 0 0
1790990507 2407, 13801, 62, 0x0000000000000000 | 2.91 2.89 2.86 | cpu  1565523226 172940179 203075216 31260938639 14100857 0 5073485 0 0 0
1790990508 2407, 13801, 61, 0x0000000000000000 | 2.91 2.89 2.86 | cpu  1565523457 172940179 203075234 31260942662 14100858 0 5073485 0 0 0
1790990509 2400, 13801, 62, 0x0000000000000000 | 2.84 2.87 2.86 | cpu  1565523677 172940179 203075266 31260946717 14100858 0 5073486 0 0 0
1790990510 2400, 13801, 63, 0x0000000000000000 | 2.84 2.87 2.86 | cpu  1565523906 172940179 203075310 31260950735 14100859 0 5073486 0 0 0
1790990511 2407, 13801, 61, 0x0000000000000000 | 2.84 2.87 2.86 | cpu  1565524115 172940179 203075347 31260954791 14100860 0 5073486 0 0 0
1790990512 2407, 13801, 62, 0x0000000000000000 | 2.84 2.87 2.86 | cpu  1565524327 172940179 203075383 31260958840 14100861 0 5073486 0 0 0
1790990513 2400, 13801, 62, 0x0000000000000000 | 2.85 2.88 2.86 | cpu  1565524840 172940179 203075547 31260962450 14100861 0 5073486 0 0 0
1790990514 2407, 13801, 61, 0x0000000000000000 | 2.85 2.88 2.86 | cpu  1565525085 172940179 203075632 31260966432 14100862 0 5073486 0 0 0
1790990515 2415, 13801, 60, 0x0000000000000000 | 2.85 2.88 2.86 | cpu  1565525304 172940179 203075816 31260970338 14100862 0 5073486 0 0 0
1790990516 2415, 13801, 60, 0x0000000000000000 | 2.85 2.88 2.86 | cpu  1565525505 172940179 203076058 31260974183 14100863 0 5073486 0 0 0
1790990517 2407, 13801, 62, 0x0000000000000000 | 2.85 2.88 2.86 | cpu  1565525732 172940179 203076148 31260978168 14100863 0 5073486 0 0 0
1790990519 2407, 13801, 63, 0x0000000000000000 | 2.78 2.86 2.85 | cpu  1565525954 172940179 203076244 31260982157 14100865 0 5073486 0 0 0
1790990520 2407, 13801, 61, 0x0000000000000000 | 2.78 2.86 2.85 | cpu  1565526168 172940179 203076335 31260986136 14100868 0 5073486 0 0 0
1790990521 2407, 13801, 61, 0x0000000000000000 | 2.78 2.86 2.85 | cpu  1565526368 172940179 203076431 31260990144 14100870 0 5073486 0 0 0
1790990522 2407, 13801, 61, 0x0000000000000000 | 2.78 2.86 2.85 | cpu  1565526591 172940179 203076521 31260994126 14100871 0 5073486 0 0 0
1790990523 2415, 13801, 61, 0x0000000000000000 | 2.78 2.86 2.85 | cpu  1565526797 172940179 203076604 31260998099 14100872 0 5073486 0 0 0
1790990524 2415, 13801, 61, 0x0000000000000000 | 2.72 2.85 2.85 | cpu  1565527003 172940179 203076701 31261002108 14100872 0 5073486 0 0 0
1790990525 2415, 13801, 60, 0x0000000000000000 | 2.72 2.85 2.85 | cpu  1565527205 172940179 203076789 31261006094 14100872 0 5073486 0 0 0
1790990526 2407, 13801, 61, 0x0000000000000000 | 2.72 2.85 2.85 | cpu  1565527423 172940179 203076891 31261010061 14100875 0 5073486 0 0 0
1790990527 2415, 13801, 60, 0x0000000000000000 | 2.72 2.85 2.85 | cpu  1565527649 172940179 203077019 31261014002 14100877 0 5073486 0 0 0
1790990528 2415, 13801, 60, 0x0000000000000000 | 2.66 2.83 2.85 | cpu  1565527881 172940179 203077039 31261018021 14100878 0 5073486 0 0 0
1790990529 2400, 13801, 62, 0x0000000000000000 | 2.66 2.83 2.85 | cpu  1565528114 172940179 203077058 31261022061 14100878 0 5073486 0 0 0
1790990530 2407, 13801, 62, 0x0000000000000000 | 2.66 2.83 2.85 | cpu  1565528397 172940179 203077180 31261025976 14100880 0 5073486 0 0 0
1790990531 2415, 13801, 60, 0x0000000000000000 | 2.66 2.83 2.85 | cpu  1565528961 172940179 203077327 31261029559 14100882 0 5073486 0 0 0
1790990533 2415, 13801, 61, 0x0000000000000000 | 2.66 2.83 2.85 | cpu  1565529552 172940179 203077376 31261033216 14100884 0 5073486 0 0 0
1790990534 2415, 13801, 60, 0x0000000000000000 | 2.85 2.87 2.86 | cpu  1565530149 172940179 203077443 31261036831 14100884 0 5073486 0 0 0
1790990535 2407, 13801, 61, 0x0000000000000000 | 2.85 2.87 2.86 | cpu  1565530554 172940179 203077476 31261040708 14100885 0 5073486 0 0 0
1790990536 2407, 13801, 61, 0x0000000000000000 | 2.85 2.87 2.86 | cpu  1565530706 172940179 203077496 31261044827 14100886 0 5073486 0 0 0
1790990537 2407, 13801, 61, 0x0000000000000000 | 2.85 2.87 2.86 | cpu  1565530819 172940179 203077510 31261049001 14100887 0 5073486 0 0 0
1790990538 2407, 13801, 61, 0x0000000000000000 | 2.85 2.87 2.86 | cpu  1565530972 172940179 203077538 31261053109 14100888 0 5073486 0 0 0
1790990539 2407, 13801, 61, 0x0000000000000000 | 2.70 2.84 2.85 | cpu  1565531085 172940179 203077555 31261057263 14100888 0 5073486 0 0 0
1790990540 2407, 13801, 62, 0x0000000000000000 | 2.70 2.84 2.85 | cpu  1565531199 172940179 203077569 31261061403 14100890 0 5073486 0 0 0
1790990541 2407, 13801, 61, 0x0000000000000000 | 2.70 2.84 2.85 | cpu  1565531314 172940179 203077585 31261065535 14100890 0 5073487 0 0 0
1790990542 2400, 13801, 62, 0x0000000000000000 | 2.70 2.84 2.85 | cpu  1565531445 172940179 203077608 31261069647 14100892 0 5073487 0 0 0
1790990543 2400, 13801, 62, 0x0000000000000000 | 2.65 2.82 2.84 | cpu  1565531559 172940179 203077623 31261073806 14100893 0 5073487 0 0 0
1790990544 2407, 13801, 62, 0x0000000000000000 | 2.65 2.82 2.84 | cpu  1565531674 172940179 203077639 31261077952 14100894 0 5073487 0 0 0
1790990545 2407, 13801, 61, 0x0000000000000000 | 2.65 2.82 2.84 | cpu  1565531786 172940179 203077655 31261082101 14100894 0 5073487 0 0 0
1790990546 2407, 13801, 63, 0x0000000000000000 | 2.65 2.82 2.84 | cpu  1565531918 172940179 203077679 31261086242 14100895 0 5073487 0 0 0
1790990548 2407, 13801, 61, 0x0000000000000000 | 2.65 2.82 2.84 | cpu  1565532045 172940179 203077699 31261090381 14100896 0 5073487 0 0 0
1790990549 2400, 13801, 62, 0x0000000000000000 | 2.51 2.79 2.83 | cpu  1565532189 172940179 203077734 31261094477 14100896 0 5073487 0 0 0
1790990550 2407, 13801, 63, 0x0000000000000000 | 2.51 2.79 2.83 | cpu  1565532332 172940179 203077791 31261098566 14100898 0 5073487 0 0 0
1790990551 2407, 13801, 61, 0x0000000000000000 | 2.51 2.79 2.83 | cpu  1565532448 172940179 203077808 31261102707 14100900 0 5073487 0 0 0
1790990552 2407, 13801, 61, 0x0000000000000000 | 2.51 2.79 2.83 | cpu  1565532562 172940179 203077825 31261106849 14100901 0 5073487 0 0 0
1790990553 2415, 13801, 61, 0x0000000000000000 | 2.51 2.79 2.83 | cpu  1565532688 172940179 203077846 31261110974 14100901 0 5073487 0 0 0
1790990554 2407, 13801, 61, 0x0000000000000000 | 2.39 2.76 2.82 | cpu  1565532823 172940179 203077872 31261115096 14100902 0 5073487 0 0 0
1790990555 2407, 13801, 62, 0x0000000000000000 | 2.39 2.76 2.82 | cpu  1565532953 172940179 203077909 31261119213 14100904 0 5073487 0 0 0
1790990556 2407, 13801, 61, 0x0000000000000000 | 2.39 2.76 2.82 | cpu  1565533080 172940179 203077967 31261123317 14100905 0 5073487 0 0 0
1790990557 2415, 13801, 60, 0x0000000000000000 | 2.39 2.76 2.82 | cpu  1565533193 172940179 203077980 31261127473 14100905 0 5073487 0 0 0
1790990558 2407, 13801, 61, 0x0000000000000000 | 2.28 2.73 2.81 | cpu  1565533346 172940179 203078007 31261131583 14100907 0 5073487 0 0 0
1790990559 2407, 13801, 62, 0x0000000000000000 | 2.28 2.73 2.81 | cpu  1565533459 172940179 203078024 31261135749 14100907 0 5073487 0 0 0
1790990560 2407, 13801, 62, 0x0000000000000000 | 2.28 2.73 2.81 | cpu  1565533574 172940179 203078041 31261139912 14100911 0 5073487 0 0 0
1790990561 2407, 13801, 61, 0x0000000000000000 | 2.28 2.73 2.81 | cpu  1565533702 172940179 203078061 31261144073 14100911 0 5073488 0 0 0
1790990563 2407, 13801, 60, 0x0000000000000000 | 2.28 2.73 2.81 | cpu  1565534123 172940179 203078105 31261147902 14100913 0 5073488 0 0 0
1790990564 2407, 13801, 60, 0x0000000000000000 | 2.34 2.74 2.81 | cpu  1565534428 172940179 203078162 31261151853 14100914 0 5073488 0 0 0
1790990565 2407, 13801, 61, 0x0000000000000000 | 2.34 2.74 2.81 | cpu  1565534821 172940179 203078356 31261155550 14100914 0 5073488 0 0 0
1790990566 2407, 13801, 62, 0x0000000000000000 | 2.34 2.74 2.81 | cpu  1565535270 172940179 203078617 31261159142 14100918 0 5073488 0 0 0
1790990567 2407, 13801, 61, 0x0000000000000000 | 2.34 2.74 2.81 | cpu  1565536884 172940179 203078812 31261161633 14100918 0 5073488 0 0 0
1790990568 2407, 13801, 61, 0x0000000000000000 | 2.34 2.74 2.81 | cpu  1565537179 172940179 203079058 31261165417 14100920 0 5073488 0 0 0
1790990569 2400, 13801, 62, 0x0000000000000000 | 2.31 2.73 2.81 | cpu  1565537399 172940179 203079111 31261169440 14100920 0 5073488 0 0 0
1790990570 2400, 13801, 61, 0x0000000000000000 | 2.31 2.73 2.81 | cpu  1565537632 172940179 203079174 31261173436 14100922 0 5073488 0 0 0
1790990571 2407, 13801, 61, 0x0000000000000000 | 2.31 2.73 2.81 | cpu  1565537872 172940179 203079192 31261177483 14100923 0 5073488 0 0 0
1790990572 2407, 13801, 61, 0x0000000000000000 | 2.31 2.73 2.81 | cpu  1565538066 172940179 203079470 31261181318 14100924 0 5073488 0 0 0
1790990573 2407, 13801, 61, 0x0000000000000000 | 2.29 2.71 2.80 | cpu  1565538248 172940179 203079662 31261185208 14100924 0 5073488 0 0 0
1790990574 2407, 13801, 61, 0x0000000000000000 | 2.29 2.71 2.80 | cpu  1565538457 172940179 203079782 31261189202 14100928 0 5073488 0 0 0
1790990575 2407, 13801, 61, 0x0000000000000000 | 2.29 2.71 2.80 | cpu  1565538656 172940179 203079889 31261193193 14100928 0 5073488 0 0 0
1790990577 2407, 13801, 61, 0x0000000000000000 | 2.29 2.71 2.80 | cpu  1565538847 172940179 203080005 31261197179 14100930 0 5073488 0 0 0
1790990578 2407, 13801, 60, 0x0000000000000000 | 2.29 2.71 2.80 | cpu  1565539059 172940179 203080110 31261201152 14100930 0 5073488 0 0 0
1790990579 2407, 13801, 61, 0x0000000000000000 | 2.82 2.82 2.84 | cpu  1565539260 172940179 203080226 31261205123 14100932 0 5073488 0 0 0
1790990580 2400, 13801, 62, 0x0000000000000000 | 2.82 2.82 2.84 | cpu  1565539496 172940179 203080335 31261209073 14100935 0 5073488 0 0 0
1790990581 2407, 13801, 63, 0x0000000000000000 | 2.82 2.82 2.84 | cpu  1565539703 172940179 203080484 31261213010 14100936 0 5073488 0 0 0
1790990582 2407, 13801, 61, 0x0000000000000000 | 2.82 2.82 2.84 | cpu  1565539917 172940179 203080608 31261216955 14100938 0 5073488 0 0 0
1790990583 2400, 13801, 61, 0x0000000000000000 | 2.84 2.82 2.84 | cpu  1565540107 172940179 203080719 31261220951 14100938 0 5073488 0 0 0
1790990584 2407, 13801, 60, 0x0000000000000000 | 2.84 2.82 2.84 | cpu  1565540298 172940179 203080840 31261224957 14100939 0 5073488 0 0 0
1790990585 2407, 13801, 60, 0x0000000000000000 | 2.84 2.82 2.84 | cpu  1565540499 172940179 203080948 31261228927 14100941 0 5073488 0 0 0
1790990586 2407, 13801, 60, 0x0000000000000000 | 2.84 2.82 2.84 | cpu  1565540703 172940179 203081078 31261232895 14100943 0 5073488 0 0 0
1790990587 2407, 13801, 61, 0x0000000000000000 | 2.84 2.82 2.84 | cpu  1565540896 172940179 203081216 31261236843 14100943 0 5073488 0 0 0
1790990588 2407, 13801, 62, 0x0000000000000000 | 2.77 2.81 2.83 | cpu  1565541130 172940179 203081235 31261240885 14100944 0 5073488 0 0 0
1790990589 2400, 13801, 62, 0x0000000000000000 | 2.77 2.81 2.83 | cpu  1565541380 172940179 203081256 31261244922 14100945 0 5073488 0 0 0
1790990591 2400, 13801, 62, 0x0000000000000000 | 2.77 2.81 2.83 | cpu  1565541621 172940179 203081283 31261248952 14100949 0 5073488 0 0 0
1790990592 2400, 13801, 62, 0x0000000000000000 | 2.77 2.81 2.83 | cpu  1565541843 172940179 203081305 31261252980 14100951 0 5073488 0 0 0
1790990593 2407, 13801, 63, 0x0000000000000000 | 2.77 2.81 2.83 | cpu  1565542066 172940179 203081326 31261257042 14100951 0 5073488 0 0 0
1790990594 2407, 13801, 61, 0x0000000000000000 | 2.71 2.79 2.83 | cpu  1565542307 172940179 203081356 31261261063 14100953 0 5073488 0 0 0
1790990595 2407, 13801, 61, 0x0000000000000000 | 2.71 2.79 2.83 | cpu  1565542530 172940179 203081378 31261265095 14100953 0 5073488 0 0 0
1790990596 2407, 13801, 61, 0x0000000000000000 | 2.71 2.79 2.83 | cpu  1565542754 172940179 203081399 31261269145 14100955 0 5073488 0 0 0
1790990597 2400, 13801, 61, 0x0000000000000000 | 2.71 2.79 2.83 | cpu  1565542964 172940179 203081439 31261273189 14100955 0 5073488 0 0 0
1790990598 2407, 13801, 61, 0x0000000000000000 | 2.73 2.80 2.83 | cpu  1565543191 172940179 203081487 31261277197 14100958 0 5073488 0 0 0
1790990599 2407, 13801, 62, 0x0000000000000000 | 2.73 2.80 2.83 | cpu  1565543403 172940179 203081524 31261281258 14100958 0 5073488 0 0 0
1790990600 2407, 13801, 62, 0x0000000000000000 | 2.73 2.80 2.83 | cpu  1565543903 172940179 203081663 31261284939 14100960 0 5073489 0 0 0
1790990601 2400, 13801, 62, 0x0000000000000000 | 2.73 2.80 2.83 | cpu  1565544169 172940179 203081744 31261288878 14100960 0 5073489 0 0 0
1790990602 2407, 13801, 61, 0x0000000000000000 | 2.73 2.80 2.83 | cpu  1565544449 172940179 203081809 31261292823 14100962 0 5073489 0 0 0
1790990603 2407, 13801, 61, 0x0000000000000000 | 2.67 2.78 2.82 | cpu  1565544648 172940179 203082047 31261296696 14100962 0 5073489 0 0 0
1790990605 2407, 13801, 62, 0x0000000000000000 | 2.67 2.78 2.82 | cpu  1565544854 172940179 203082239 31261300581 14100966 0 5073489 0 0 0
1790990606 2407, 13801, 62, 0x0000000000000000 | 2.67 2.78 2.82 | cpu  1565545061 172940179 203082339 31261304580 14100966 0 5073489 0 0 0
1790990607 2407, 13801, 63, 0x0000000000000000 | 2.67 2.78 2.82 | cpu  1565545277 172940179 203082422 31261308559 14100967 0 5073489 0 0 0
1790990608 2407, 13801, 62, 0x0000000000000000 | 2.67 2.78 2.82 | cpu  1565545488 172940179 203082519 31261312562 14100969 0 5073489 0 0 0
1790990609 2407, 13801, 62, 0x0000000000000000 | 2.78 2.80 2.83 | cpu  1565545693 172940179 203082600 31261316559 14100969 0 5073489 0 0 0
1790990610 2415, 13801, 60, 0x0000000000000000 | 2.78 2.80 2.83 | cpu  1565545919 172940179 203082694 31261320516 14100970 0 5073489 0 0 0
1790990611 2407, 13801, 61, 0x0000000000000000 | 2.78 2.80 2.83 | cpu  1565546150 172940179 203082793 31261324480 14100971 0 5073489 0 0 0
1790990612 2407, 13801, 61, 0x0000000000000000 | 2.78 2.80 2.83 | cpu  1565546357 172940179 203082878 31261328471 14100971 0 5073489 0 0 0
1790990613 2407, 13801, 61, 0x0000000000000000 | 2.72 2.79 2.83 | cpu  1565546558 172940179 203082971 31261332471 14100971 0 5073489 0 0 0
1790990614 2407, 13801, 61, 0x0000000000000000 | 2.72 2.79 2.83 | cpu  1565546778 172940179 203083071 31261336435 14100973 0 5073489 0 0 0
1790990615 2407, 13801, 61, 0x0000000000000000 | 2.72 2.79 2.83 | cpu  1565546979 172940179 203083194 31261340448 14100973 0 5073489 0 0 0
1790990616 2407, 13801, 62, 0x0000000000000000 | 2.72 2.79 2.83 | cpu  1565547193 172940179 203083241 31261344497 14100974 0 5073489 0 0 0
1790990617 2400, 13801, 62, 0x0000000000000000 | 2.72 2.79 2.83 | cpu  1565547389 172940179 203083296 31261348532 14100975 0 5073489 0 0 0
1790990619 2407, 13801, 61, 0x0000000000000000 | 2.66 2.78 2.82 | cpu  1565547606 172940179 203083366 31261352544 14100976 0 5073489 0 0 0
1790990620 2400, 13801, 62, 0x0000000000000000 | 2.66 2.78 2.82 | cpu  1565547810 172940179 203083463 31261356560 14100978 0 5073489 0 0 0
1790990621 2400, 13801, 63, 0x0000000000000000 | 2.66 2.78 2.82 | cpu  1565548026 172940179 203083514 31261360578 14100978 0 5073489 0 0 0
1790990622 2415, 13801, 61, 0x0000000000000000 | 2.66 2.78 2.82 | cpu  1565548243 172940179 203083576 31261364584 14100979 0 5073489 0 0 0
1790990623 2415, 13801, 60, 0x0000000000000000 | 2.66 2.78 2.82 | cpu  1565548462 172940179 203083604 31261368611 14100980 0 5073489 0 0 0
1790990624 2407, 13801, 61, 0x0000000000000000 | 2.61 2.76 2.82 | cpu  1565548666 172940179 203083675 31261372639 14100981 0 5073489 0 0 0
1790990625 2407, 13801, 61, 0x0000000000000000 | 2.61 2.76 2.82 | cpu  1565548864 172940179 203083731 31261376692 14100981 0 5073489 0 0 0
1790990626 2407, 13801, 61, 0x0000000000000000 | 2.61 2.76 2.82 | cpu  1565549076 172940179 203083793 31261380713 14100983 0 5073489 0 0 0
1790990627 2407, 13801, 62, 0x0000000000000000 | 2.61 2.76 2.82 | cpu  1565549275 172940179 203083852 31261384728 14100983 0 5073489 0 0 0
1790990628 2400, 13801, 63, 0x0000000000000000 | 2.72 2.79 2.82 | cpu  1565549477 172940179 203083912 31261388781 14100985 0 5073489 0 0 0
1790990629 2400, 13801, 63, 0x0000000000000000 | 2.72 2.79 2.82 | cpu  1565549677 172940179 203084003 31261392782 14100986 0 5073489 0 0 0
1790990630 2407, 13801, 61, 0x0000000000000000 | 2.72 2.79 2.82 | cpu  1565549891 172940179 203084065 31261396793 14100987 0 5073489 0 0 0
1790990631 2407, 13801, 61, 0x0000000000000000 | 2.72 2.79 2.82 | cpu  1565550200 172940179 203084353 31261400496 14100988 0 5073489 0 0 0
1790990633 2407, 13801, 62, 0x0000000000000000 | 2.72 2.79 2.82 | cpu  1565550725 172940179 203084543 31261404083 14100989 0 5073489 0 0 0
1790990634 2407, 13801, 61, 0x0000000000000000 | 2.66 2.77 2.82 | cpu  1565551253 172940179 203084664 31261407753 14100989 0 5073490 0 0 0
1790990635 2407, 13801, 61, 0x0000000000000000 | 2.66 2.77 2.82 | cpu  1565551892 172940179 203084884 31261411191 14100992 0 5073490 0 0 0
1790990636 2415, 13801, 60, 0x0000000000000000 | 2.66 2.77 2.82 | cpu  1565552869 172940179 203084946 31261414434 14100994 0 5073490 0 0 0
1790990637 2415, 13801, 61, 0x0000000000000000 | 2.66 2.77 2.82 | cpu  1565553477 172940179 203084982 31261418084 14100994 0 5073490 0 0 0
1790990638 2407, 13801, 62, 0x0000000000000000 | 2.66 2.77 2.82 | cpu  1565554219 172940179 203085018 31261421588 14100995 0 5073490 0 0 0
1790990639 2400, 13801, 62, 0x0000000000000000 | 4.29 3.11 2.93 | cpu  1565554985 172940179 203085045 31261425087 14100995 0 5073490 0 0 0
1790990640 2407, 13801, 64, 0x0000000000000000 | 4.29 3.11 2.93 | cpu  1565555686 172940179 203085076 31261428665 14100998 0 5073490 0 0 0
1790990641 2415, 13801, 61, 0x0000000000000000 | 4.29 3.11 2.93 | cpu  1565556595 172940179 203085099 31261432015 14100999 0 5073490 0 0 0
1790990642 2407, 13801, 62, 0x0000000000000000 | 4.29 3.11 2.93 | cpu  1565557037 172940179 203085143 31261435823 14101000 0 5073490 0 0 0
1790990643 2407, 13801, 61, 0x0000000000000000 | 4.11 3.09 2.92 | cpu  1565557156 172940179 203085164 31261439961 14101000 0 5073491 0 0 0
1790990644 2400, 13801, 62, 0x0000000000000000 | 4.11 3.09 2.92 | cpu  1565557281 172940179 203085185 31261444086 14101001 0 5073491 0 0 0
1790990645 2400, 13801, 63, 0x0000000000000000 | 4.11 3.09 2.92 | cpu  1565557393 172940179 203085201 31261448241 14101001 0 5073491 0 0 0
1790990647 2400, 13801, 63, 0x0000000000000000 | 4.11 3.09 2.92 | cpu  1565557522 172940179 203085225 31261452368 14101003 0 5073491 0 0 0
1790990648 2407, 13801, 62, 0x0000000000000000 | 4.11 3.09 2.92 | cpu  1565557637 172940179 203085240 31261456512 14101005 0 5073491 0 0 0
1790990649 2407, 13801, 63, 0x0000000000000000 | 3.86 3.05 2.91 | cpu  1565557751 172940179 203085256 31261460642 14101005 0 5073491 0 0 0
1790990650 2415, 13801, 61, 0x0000000000000000 | 3.86 3.05 2.91 | cpu  1565557878 172940179 203085279 31261464784 14101005 0 5073491 0 0 0
1790990651 2407, 13801, 62, 0x0000000000000000 | 3.86 3.05 2.91 | cpu  1565557995 172940179 203085297 31261468932 14101007 0 5073491 0 0 0
1790990652 2407, 13801, 62, 0x0000000000000000 | 3.86 3.05 2.91 | cpu  1565558116 172940179 203085317 31261473088 14101010 0 5073491 0 0 0
1790990653 2407, 13801, 63, 0x0000000000000000 | 3.86 3.05 2.91 | cpu  1565558254 172940179 203085337 31261477230 14101010 0 5073491 0 0 0
1790990654 2407, 13801, 63, 0x0000000000000000 | 3.63 3.02 2.90 | cpu  1565558383 172940179 203085361 31261481360 14101011 0 5073491 0 0 0
1790990655 2407, 13801, 61, 0x0000000000000000 | 3.63 3.02 2.90 | cpu  1565558500 172940179 203085380 31261485515 14101011 0 5073491 0 0 0
1790990656 2400, 13801, 64, 0x0000000000000000 | 3.63 3.02 2.90 | cpu  1565558616 172940179 203085396 31261489671 14101012 0 5073491 0 0 0
1790990657 2407, 13801, 63, 0x0000000000000000 | 3.63 3.02 2.90 | cpu  1565558729 172940179 203085410 31261493818 14101012 0 5073491 0 0 0
1790990658 2407, 13801, 63, 0x0000000000000000 | 3.42 2.99 2.89 | cpu  1565558860 172940179 203085437 31261497940 14101016 0 5073491 0 0 0
1790990659 2407, 13801, 62, 0x0000000000000000 | 3.42 2.99 2.89 | cpu  1565558975 172940179 203085453 31261502089 14101017 0 5073491 0 0 0
1790990660 2407, 13801, 62, 0x0000000000000000 | 3.42 2.99 2.89 | cpu  1565559089 172940179 203085470 31261506240 14101018 0 5073491 0 0 0
1790990662 2407, 13801, 63, 0x0000000000000000 | 3.42 2.99 2.89 | cpu  1565559203 172940179 203085487 31261510392 14101019 0 5073491 0 0 0
1790990663 2407, 13801, 64, 0x0000000000000000 | 3.42 2.99 2.89 | cpu  1565559353 172940179 203085514 31261514521 14101020 0 5073491 0 0 0
1790990664 2407, 13801, 63, 0x0000000000000000 | 3.22 2.95 2.88 | cpu  1565559469 172940179 203085531 31261518666 14101022 0 5073491 0 0 0
1790990665 2407, 13801, 63, 0x0000000000000000 | 3.22 2.95 2.88 | cpu  1565559581 172940179 203085546 31261522828 14101022 0 5073491 0 0 0
1790990666 2415, 13801, 62, 0x0000000000000000 | 3.22 2.95 2.88 | cpu  1565559713 172940179 203085570 31261526963 14101024 0 5073491 0 0 0
1790990667 2407, 13801, 63, 0x0000000000000000 | 3.22 2.95 2.88 | cpu  1565559828 172940179 203085586 31261531104 14101024 0 5073491 0 0 0
1790990668 2407, 13801, 63, 0x0000000000000000 | 3.22 2.95 2.88 | cpu  1565559941 172940179 203085604 31261535251 14101026 0 5073491 0 0 0
1790990669 2400, 13801, 63, 0x0000000000000000 | 3.04 2.92 2.87 | cpu  1565560054 172940179 203085620 31261539400 14101026 0 5073491 0 0 0
1790990670 2400, 13801, 64, 0x0000000000000000 | 3.04 2.92 2.87 | cpu  1565560185 172940179 203085642 31261543523 14101027 0 5073492 0 0 0
1790990671 2407, 13801, 65, 0x0000000000000000 | 3.04 2.92 2.87 | cpu  1565560298 172940179 203085657 31261547672 14101029 0 5073492 0 0 0
1790990672 2407, 13801, 63, 0x0000000000000000 | 3.04 2.92 2.87 | cpu  1565560412 172940179 203085672 31261551809 14101030 0 5073492 0 0 0
1790990673 2400, 13801, 64, 0x0000000000000000 | 2.88 2.89 2.86 | cpu  1565560547 172940179 203085694 31261555929 14101030 0 5073492 0 0 0
1790990674 2400, 13801, 64, 0x0000000000000000 | 2.88 2.89 2.86 | cpu  1565560678 172940179 203085719 31261560075 14101031 0 5073492 0 0 0
1790990675 2407, 13801, 64, 0x0000000000000000 | 2.88 2.89 2.86 | cpu  1565560797 172940179 203085737 31261564230 14101031 0 5073492 0 0 0
1790990677 2407, 13801, 65, 0x0000000000000000 | 2.88 2.89 2.86 | cpu  1565560912 172940179 203085755 31261568373 14101033 0 5073492 0 0 0
1790990678 2407, 13801, 65, 0x0000000000000000 | 2.88 2.89 2.86 | cpu  1565561043 172940179 203085782 31261572487 14101033 0 5073492 0 0 0
1790990679 2415, 13801, 62, 0x0000000000000000 | 2.73 2.86 2.85 | cpu  1565561171 172940179 203085805 31261576618 14101035 0 5073492 0 0 0
1790990680 2407, 13801, 63, 0x0000000000000000 | 2.73 2.86 2.85 | cpu  1565561288 172940179 203085820 31261580766 14101036 0 5073492 0 0 0
1790990681 2407, 13801, 64, 0x0000000000000000 | 2.73 2.86 2.85 | cpu  1565561404 172940179 203085840 31261584902 14101037 0 5073492 0 0 0
1790990682 2407, 13801, 63, 0x0000000000000000 | 2.73 2.86 2.85 | cpu  1565561539 172940179 203085867 31261589031 14101038 0 5073492 0 0 0
1790990683 2407, 13801, 63, 0x0000000000000000 | 2.73 2.86 2.85 | cpu  1565561661 172940179 203085923 31261593123 14101038 0 5073493 0 0 0
1790990684 2407, 13801, 63, 0x0000000000000000 | 2.67 2.84 2.84 | cpu  1565561796 172940179 203085943 31261597234 14101042 0 5073493 0 0 0
1790990685 2407, 13801, 64, 0x0000000000000000 | 2.67 2.84 2.84 | cpu  1565561909 172940179 203085959 31261601395 14101042 0 5073493 0 0 0
1790990686 2407, 13801, 63, 0x0000000000000000 | 2.67 2.84 2.84 | cpu  1565562038 172940179 203085981 31261605522 14101043 0 5073493 0 0 0
1790990687 2407, 13801, 63, 0x0000000000000000 | 2.67 2.84 2.84 | cpu  1565562151 172940179 203085997 31261609661 14101043 0 5073493 0 0 0
1790990688 2407, 13801, 63, 0x0000000000000000 | 2.54 2.81 2.83 | cpu  1565562267 172940179 203086013 31261613809 14101044 0 5073493 0 0 0
1790990689 2407, 13801, 63, 0x0000000000000000 | 2.54 2.81 2.83 | cpu  1565562383 172940179 203086032 31261617958 14101045 0 5073493 0 0 0
1790990690 2407, 13801, 64, 0x0000000000000000 | 2.54 2.81 2.83 | cpu  1565562514 172940179 203086055 31261622091 14101047 0 5073493 0 0 0
1790990692 2400, 13801, 65, 0x0000000000000000 | 2.54 2.81 2.83 | cpu  1565562631 172940179 203086073 31261626267 14101049 0 5073493 0 0 0
1790990693 2407, 13801, 64, 0x0000000000000000 | 2.54 2.81 2.83 | cpu  1565562745 172940179 203086088 31261630450 14101049 0 5073493 0 0 0
1790990694 2407, 13801, 64, 0x0000000000000000 | 2.41 2.78 2.82 | cpu  1565562893 172940179 203086115 31261634582 14101049 0 5073493 0 0 0
1790990695 2407, 13801, 63, 0x0000000000000000 | 2.41 2.78 2.82 | cpu  1565563014 172940179 203086136 31261638734 14101053 0 5073493 0 0 0
1790990696 2400, 13801, 64, 0x0000000000000000 | 2.41 2.78 2.82 | cpu  1565563128 172940179 203086153 31261642897 14101054 0 5073493 0 0 0
1790990697 2407, 13801, 64, 0x0000000000000000 | 2.41 2.78 2.82 | cpu  1565563246 172940179 203086170 31261647040 14101054 0 5073493 0 0 0
1790990698 2400, 13801, 64, 0x0000000000000000 | 2.41 2.78 2.82 | cpu  1565563376 172940179 203086194 31261651173 14101055 0 5073493 0 0 0
1790990699 2407, 13801, 65, 0x0000000000000000 | 2.38 2.77 2.82 | cpu  1565563490 172940179 203086210 31261655327 14101055 0 5073493 0 0 0
1790990700 2407, 13801, 64, 0x0000000000000000 | 2.38 2.77 2.82 | cpu  1565563607 172940179 203086226 31261659473 14101059 0 5073493 0 0 0
1790990701 2407, 13801, 64, 0x0000000000000000 | 2.38 2.77 2.82 | cpu  1565563746 172940179 203086263 31261663565 14101060 0 5073493 0 0 0
1790990702 2407, 13801, 64, 0x0000000000000000 | 2.38 2.77 2.82 | cpu  1565563908 172940179 203086304 31261667643 14101061 0 5073493 0 0 0
1790990703 2407, 13801, 63, 0x0000000000000000 | 2.35 2.75 2.81 | cpu  1565564056 172940179 203086332 31261671766 14101061 0 5073493 0 0 0
1790990704 2407, 13801, 63, 0x0000000000000000 | 2.35 2.75 2.81 | cpu  1565564208 172940179 203086360 31261675874 14101062 0 5073493 0 0 0
1790990706 2407, 13801, 63, 0x0000000000000000 | 2.35 2.75 2.81 | cpu  1565564322 172940179 203086375 31261680035 14101064 0 5073493 0 0 0
1790990707 2407, 13801, 63, 0x0000000000000000 | 2.35 2.75 2.81 | cpu  1565564451 172940179 203086399 31261684153 14101064 0 5073493 0 0 0
1790990708 2407, 13801, 63, 0x0000000000000000 | 2.35 2.75 2.81 | cpu  1565564580 172940179 203086421 31261688290 14101065 0 5073493 0 0 0
1790990709 2407, 13801, 63, 0x0000000000000000 | 2.24 2.73 2.80 | cpu  1565564703 172940179 203086453 31261692422 14101065 0 5073493 0 0 0
1790990710 2407, 13801, 64, 0x0000000000000000 | 2.24 2.73 2.80 | cpu  1565564860 172940179 203086532 31261696468 14101066 0 5073493 0 0 0
1790990711 2415, 13801, 62, 0x0000000000000000 | 2.24 2.73 2.80 | cpu  1565564972 172940179 203086548 31261700621 14101067 0 5073493 0 0 0
1790990712 2415, 13801, 62, 0x0000000000000000 | 2.24 2.73 2.80 | cpu  1565565086 172940179 203086563 31261704757 14101068 0 5073493 0 0 0
1790990713 2407, 13801, 66, 0x0000000000000000 | 2.14 2.70 2.79 | cpu  1565565202 172940179 203086584 31261708910 14101068 0 5073493 0 0 0
1790990714 2407, 13801, 64, 0x0000000000000000 | 2.14 2.70 2.79 | cpu  1565565332 172940179 203086608 31261713020 14101069 0 5073493 0 0 0
1790990715 2407, 13801, 63, 0x0000000000000000 | 2.14 2.70 2.79 | cpu  1565565466 172940179 203086624 31261717145 14101069 0 5073493 0 0 0
1790990716 2407, 13801, 62, 0x0000000000000000 | 2.14 2.70 2.79 | cpu  1565565580 172940179 203086641 31261721294 14101071 0 5073493 0 0 0
1790990717 2407, 13801, 65, 0x0000000000000000 | 2.14 2.70 2.79 | cpu  1565565695 172940179 203086656 31261725464 14101071 0 5073493 0 0 0
1790990718 2407, 13801, 64, 0x0000000000000000 | 2.05 2.67 2.78 | cpu  1565565827 172940179 203086678 31261729579 14101072 0 5073493 0 0 0
1790990719 2415, 13801, 62, 0x0000000000000000 | 2.05 2.67 2.78 | cpu  1565565939 172940179 203086694 31261733708 14101072 0 5073493 0 0 0
1790990721 2407, 13801, 62, 0x0000000000000000 | 2.05 2.67 2.78 | cpu  1565566054 172940179 203086711 31261737868 14101073 0 5073493 0 0 0
1790990722 2407, 13801, 62, 0x0000000000000000 | 2.05 2.67 2.78 | cpu  1565566170 172940179 203086728 31261742029 14101074 0 5073494 0 0 0
1790990723 2407, 13801, 62, 0x0000000000000000 | 2.05 2.67 2.78 | cpu  1565566297 172940179 203086751 31261746177 14101078 0 5073494 0 0 0
1790990724 2415, 13801, 62, 0x0000000000000000 | 1.97 2.64 2.77 | cpu  1565566426 172940179 203086774 31261750295 14101079 0 5073494 0 0 0
1790990725 2407, 13801, 62, 0x0000000000000000 | 1.97 2.64 2.77 | cpu  1565566580 172940179 203086811 31261754398 14101079 0 5073494 0 0 0
1790990726 2407, 13801, 62, 0x0000000000000000 | 1.97 2.64 2.77 | cpu  1565566731 172940179 203086871 31261758473 14101081 0 5073494 0 0 0
1790990727 2400, 13801, 64, 0x0000000000000000 | 1.97 2.64 2.77 | cpu  1565566842 172940179 203086885 31261762618 14101081 0 5073494 0 0 0
1790990728 2407, 13801, 65, 0x0000000000000000 | 1.89 2.61 2.76 | cpu  1565566963 172940179 203086905 31261766755 14101082 0 5073494 0 0 0
1790990729 2400, 13801, 64, 0x0000000000000000 | 1.89 2.61 2.76 | cpu  1565567076 172940179 203086922 31261770907 14101083 0 5073494 0 0 0
1790990730 2407, 13801, 64, 0x0000000000000000 | 1.89 2.61 2.76 | cpu  1565567205 172940179 203086944 31261775028 14101085 0 5073494 0 0 0
1790990731 2407, 13801, 63, 0x0000000000000000 | 1.89 2.61 2.76 | cpu  1565567316 172940179 203086960 31261779169 14101085 0 5073494 0 0 0
1790990732 2407, 13801, 63, 0x0000000000000000 | 1.89 2.61 2.76 | cpu  1565567430 172940179 203086978 31261783314 14101087 0 5073494 0 0 0
1790990733 2415, 13801, 62, 0x0000000000000000 | 1.82 2.59 2.75 | cpu  1565567543 172940179 203086991 31261787460 14101087 0 5073494 0 0 0
1790990734 2415, 13801, 62, 0x0000000000000000 | 1.82 2.59 2.75 | cpu  1565567672 172940179 203087017 31261791573 14101088 0 5073494 0 0 0
1790990736 2407, 13801, 62, 0x0000000000000000 | 1.82 2.59 2.75 | cpu  1565567811 172940179 203087040 31261795690 14101088 0 5073494 0 0 0
1790990737 2407, 13801, 61, 0x0000000000000000 | 1.82 2.59 2.75 | cpu  1565567925 172940179 203087057 31261799833 14101089 0 5073494 0 0 0
1790990738 2407, 13801, 63, 0x0000000000000000 | 1.82 2.59 2.75 | cpu  1565568051 172940179 203087078 31261803995 14101090 0 5073494 0 0 0
1790990739 2407, 13801, 63, 0x0000000000000000 | 1.75 2.56 2.75 | cpu  1565568258 172940179 203087106 31261808048 14101091 0 5073494 0 0 0
1790990740 2407, 13801, 62, 0x0000000000000000 | 1.75 2.56 2.75 | cpu  1565568705 172940179 203087147 31261811853 14101092 0 5073495 0 0 0
1790990741 2407, 13801, 62, 0x0000000000000000 | 1.75 2.56 2.75 | cpu  1565569171 172940179 203087397 31261815472 14101093 0 5073495 0 0 0
1790990742 2407, 13801, 62, 0x0000000000000000 | 1.75 2.56 2.75 | cpu  1565569721 172940179 203087489 31261819123 14101094 0 5073495 0 0 0
1790990743 2400, 13801, 62, 0x0000000000000000 | 3.37 2.88 2.85 | cpu  1565570614 172940179 203087790 31261822221 14101094 0 5073495 0 0 0
1790990744 2407, 13801, 63, 0x0000000000000000 | 3.37 2.88 2.85 | cpu  1565571658 172940179 203087956 31261825300 14101097 0 5073495 0 0 0
1790990745 2407, 13801, 62, 0x0000000000000000 | 3.37 2.88 2.85 | cpu  1565571851 172940179 203088188 31261829176 14101097 0 5073495 0 0 0
1790990746 2407, 13801, 62, 0x0000000000000000 | 3.37 2.88 2.85 | cpu  1565572116 172940179 203088307 31261833085 14101098 0 5073495 0 0 0
1790990747 2407, 13801, 62, 0x0000000000000000 | 3.37 2.88 2.85 | cpu  1565572382 172940179 203088365 31261837028 14101104 0 5073495 0 0 0
1790990748 2407, 13801, 61, 0x0000000000000000 | 3.42 2.90 2.85 | cpu  1565572600 172940179 203088532 31261840963 14101105 0 5073495 0 0 0
1790990750 2407, 13801, 61, 0x0000000000000000 | 3.42 2.90 2.85 | cpu  1565572793 172940179 203088764 31261844848 14101107 0 5073495 0 0 0
1790990751 2407, 13801, 60, 0x0000000000000000 | 3.42 2.90 2.85 | cpu  1565573005 172940179 203088925 31261848779 14101111 0 5073495 0 0 0
1790990752 2400, 13801, 62, 0x0000000000000000 | 3.42 2.90 2.85 | cpu  1565573191 172940179 203089027 31261852779 14101126 0 5073495 0 0 0
1790990753 2415, 13801, 60, 0x0000000000000000 | 3.42 2.90 2.85 | cpu  1565573383 172940179 203089137 31261856770 14101135 0 5073495 0 0 0
1790990754 2415, 13801, 60, 0x0000000000000000 | 3.31 2.89 2.85 | cpu  1565573598 172940179 203089237 31261860728 14101139 0 5073495 0 0 0
1790990755 2407, 13801, 61, 0x0000000000000000 | 3.31 2.89 2.85 | cpu  1565573789 172940179 203089340 31261864746 14101142 0 5073495 0 0 0
1790990756 2415, 13801, 60, 0x0000000000000000 | 3.31 2.89 2.85 | cpu  1565574020 172940179 203089454 31261868693 14101146 0 5073495 0 0 0
1790990757 2415, 13801, 60, 0x0000000000000000 | 3.31 2.89 2.85 | cpu  1565574240 172940179 203089585 31261872648 14101150 0 5073495 0 0 0
1790990758 2415, 13801, 60, 0x0000000000000000 | 3.28 2.89 2.85 | cpu  1565574472 172940179 203089729 31261876576 14101153 0 5073496 0 0 0
1790990759 2407, 13801, 60, 0x0000000000000000 | 3.28 2.89 2.85 | cpu  1565574669 172940179 203089825 31261880564 14101156 0 5073496 0 0 0
1790990760 2407, 13801, 60, 0x0000000000000000 | 3.28 2.89 2.85 | cpu  1565574859 172940179 203089939 31261884563 14101160 0 5073496 0 0 0
1790990761 2407, 13801, 61, 0x0000000000000000 | 3.28 2.89 2.85 | cpu  1565575059 172940179 203090039 31261888545 14101163 0 5073496 0 0 0
1790990762 2407, 13801, 60, 0x0000000000000000 | 3.28 2.89 2.85 | cpu  1565575282 172940179 203090148 31261892500 14101170 0 5073496 0 0 0
1790990764 2400, 13801, 61, 0x0000000000000000 | 3.26 2.89 2.85 | cpu  1565575480 172940179 203090259 31261896468 14101183 0 5073496 0 0 0
1790990765 2400, 13801, 59, 0x0000000000000000 | 3.26 2.89 2.85 | cpu  1565575677 172940179 203090396 31261900422 14101191 0 5073496 0 0 0
1790990766 2400, 13801, 61, 0x0000000000000000 | 3.26 2.89 2.85 | cpu  1565575927 172940179 203090421 31261904444 14101191 0 5073496 0 0 0
1790990767 2407, 13801, 60, 0x0000000000000000 | 3.26 2.89 2.85 | cpu  1565576196 172940179 203090446 31261908438 14101191 0 5073496 0 0 0
1790990768 2400, 13801, 61, 0x0000000000000000 | 3.26 2.89 2.85 | cpu  1565576432 172940179 203090467 31261912461 14101192 0 5073497 0 0 0
1790990769 2400, 13801, 61, 0x0000000000000000 | 3.16 2.87 2.85 | cpu  1565576668 172940179 203090495 31261916472 14101192 0 5073497 0 0 0
1790990770 2400, 13801, 61, 0x0000000000000000 | 3.16 2.87 2.85 | cpu  1565576935 172940179 203090540 31261920461 14101196 0 5073497 0 0 0
1790990771 2400, 13801, 61, 0x0000000000000000 | 3.16 2.87 2.85 | cpu  1565577189 172940179 203090563 31261924454 14101197 0 5073497 0 0 0
1790990772 2400, 13801, 61, 0x0000000000000000 | 3.16 2.87 2.85 | cpu  1565577423 172940179 203090589 31261928478 14101198 0 5073497 0 0 0
1790990773 2407, 13801, 62, 0x0000000000000000 | 3.07 2.86 2.84 | cpu  1565577655 172940179 203090616 31261932519 14101198 0 5073497 0 0 0
1790990774 2407, 13801, 62, 0x0000000000000000 | 3.07 2.86 2.84 | cpu  1565577886 172940179 203090664 31261936542 14101199 0 5073497 0 0 0
1790990775 2407, 13801, 62, 0x0000000000000000 | 3.07 2.86 2.84 | cpu  1565578097 172940179 203090700 31261940588 14101199 0 5073497 0 0 0
1790990776 2407, 13801, 61, 0x0000000000000000 | 3.07 2.86 2.84 | cpu  1565578311 172940179 203090738 31261944635 14101202 0 5073497 0 0 0
1790990778 2407, 13801, 61, 0x0000000000000000 | 3.07 2.86 2.84 | cpu  1565578639 172940179 203090817 31261948540 14101202 0 5073497 0 0 0
1790990779 2407, 13801, 62, 0x0000000000000000 | 2.98 2.85 2.84 | cpu  1565579093 172940179 203090963 31261952228 14101203 0 5073497 0 0 0
1790990780 2415, 13801, 60, 0x0000000000000000 | 2.98 2.85 2.84 | cpu  1565579365 172940179 203091032 31261956164 14101204 0 5073497 0 0 0
1790990781 2407, 13801, 60, 0x0000000000000000 | 2.98 2.85 2.84 | cpu  1565579578 172940179 203091228 31261960059 14101205 0 5073497 0 0 0
1790990782 2407, 13801, 60, 0x0000000000000000 | 2.98 2.85 2.84 | cpu  1565579794 172940179 203091451 31261963953 14101207 0 5073497 0 0 0
1790990783 2415, 13801, 60, 0x0000000000000000 | 2.98 2.85 2.84 | cpu  1565580000 172940179 203091535 31261967951 14101211 0 5073497 0 0 0
1790990784 2407, 13801, 63, 0x0000000000000000 | 2.90 2.83 2.83 | cpu  1565580204 172940179 203091622 31261971946 14101215 0 5073497 0 0 0
1790990785 2400, 13801, 62, 0x0000000000000000 | 2.90 2.83 2.83 | cpu  1565580408 172940179 203091706 31261975970 14101219 0 5073497 0 0 0
1790990786 2407, 13801, 62, 0x0000000000000000 | 2.90 2.83 2.83 | cpu  1565580628 172940179 203091793 31261979966 14101224 0 5073497 0 0 0
1790990787 2415, 13801, 61, 0x0000000000000000 | 2.90 2.83 2.83 | cpu  1565580868 172940179 203091905 31261983893 14101228 0 5073497 0 0 0
1790990788 2407, 13801, 61, 0x0000000000000000 | 2.83 2.82 2.83 | cpu  1565581083 172940179 203091991 31261987890 14101232 0 5073497 0 0 0
1790990789 2407, 13801, 61, 0x0000000000000000 | 2.83 2.82 2.83 | cpu  1565581309 172940179 203092113 31261991817 14101236 0 5073498 0 0 0
1790990790 2407, 13801, 61, 0x0000000000000000 | 2.83 2.82 2.83 | cpu  1565581532 172940179 203092212 31261995774 14101240 0 5073498 0 0 0
1790990792 2407, 13801, 61, 0x0000000000000000 | 2.83 2.82 2.83 | cpu  1565581734 172940179 203092296 31261999780 14101244 0 5073498 0 0 0
1790990793 2407, 13801, 61, 0x0000000000000000 | 2.83 2.82 2.83 | cpu  1565581941 172940179 203092391 31262003775 14101248 0 5073498 0 0 0
1790990794 2407, 13801, 61, 0x0000000000000000 | 2.76 2.80 2.82 | cpu  1565582147 172940179 203092519 31262007719 14101252 0 5073498 0 0 0
1790990795 2407, 13801, 63, 0x0000000000000000 | 2.76 2.80 2.82 | cpu  1565582375 172940179 203092549 31262011756 14101254 0 5073498 0 0 0
1790990796 2407, 13801, 61, 0x0000000000000000 | 2.76 2.80 2.82 | cpu  1565582571 172940179 203092599 31262015806 14101256 0 5073498 0 0 0
1790990797 2407, 13801, 61, 0x0000000000000000 | 2.76 2.80 2.82 | cpu  1565582767 172940179 203092653 31262019864 14101256 0 5073498 0 0 0
1790990798 2407, 13801, 62, 0x0000000000000000 | 2.76 2.80 2.82 | cpu  1565582999 172940179 203092716 31262023874 14101257 0 5073498 0 0 0
1790990799 2407, 13801, 61, 0x0000000000000000 | 2.70 2.79 2.82 | cpu  1565583215 172940179 203092747 31262027920 14101258 0 5073498 0 0 0
1790990800 2407, 13801, 61, 0x0000000000000000 | 2.70 2.79 2.82 | cpu  1565583408 172940179 203092802 31262031966 14101260 0 5073498 0 0 0
1790990801 2415, 13801, 60, 0x0000000000000000 | 2.70 2.79 2.82 | cpu  1565583607 172940179 203092851 31262035999 14101260 0 5073498 0 0 0
1790990802 2415, 13801, 61, 0x0000000000000000 | 2.70 2.79 2.82 | cpu  1565583829 172940179 203092917 31262039999 14101262 0 5073498 0 0 0
1790990803 2407, 13801, 61, 0x0000000000000000 | 2.64 2.78 2.81 | cpu  1565584045 172940179 203092986 31262044001 14101262 0 5073498 0 0 0
1790990804 2415, 13801, 61, 0x0000000000000000 | 2.64 2.78 2.81 | cpu  1565584228 172940179 203093038 31262048027 14101263 0 5073498 0 0 0
1790990805 2400, 13801, 59, 0x0000000000000000 | 2.64 2.78 2.81 | cpu  1565584417 172940179 203093139 31262052027 14101263 0 5073498 0 0 0
1790990807 2400, 13801, 59, 0x0000000000000000 | 2.64 2.78 2.81 | cpu  1565584610 172940179 203093218 31262056040 14101265 0 5073498 0 0 0
1790990808 2400, 13801, 58, 0x0000000000000000 | 2.64 2.78 2.81 | cpu  1565584789 172940179 203093287 31262060076 14101265 0 5073498 0 0 0
1790990809 2400, 13801, 58, 0x0000000000000000 | 2.67 2.78 2.81 | cpu  1565584994 172940179 203093347 31262064098 14101265 0 5073498 0 0 0
1790990810 2400, 13801, 58, 0x0000000000000000 | 2.67 2.78 2.81 | cpu  1565585248 172940179 203093639 31262067860 14101267 0 5073498 0 0 0
1790990811 2400, 13801, 58, 0x0000000000000000 | 2.67 2.78 2.81 | cpu  1565585509 172940179 203093793 31262071734 14101269 0 5073498 0 0 0
1790990812 2400, 13801, 58, 0x0000000000000000 | 2.67 2.78 2.81 | cpu  1565586134 172940179 203094016 31262075162 14101270 0 5073498 0 0 0
1790990813 2400, 13801, 58, 0x0000000000000000 | 2.67 2.78 2.81 | cpu  1565586698 172940179 203094229 31262078710 14101270 0 5073498 0 0 0
1790990814 2400, 13801, 58, 0x0000000000000000 | 2.62 2.77 2.81 | cpu  1565587609 172940179 203094414 31262082194 14101270 0 5073498 0 0 0
1790990815 2400, 13801, 58, 0x0000000000000000 | 2.62 2.77 2.81 | cpu  1565588125 172940179 203094465 31262085934 14101270 0 5073498 0 0 0
1790990816 2400, 13801, 58, 0x0000000000000000 | 2.62 2.77 2.81 | cpu  1565588718 172940179 203094503 31262089593 14101273 0 5073498 0 0 0
1790990817 2400, 13801, 58, 0x0000000000000000 | 2.62 2.77 2.81 | cpu  1565589355 172940179 203094534 31262093220 14101273 0 5073498 0 0 0
1790990818 2400, 13801, 58, 0x0000000000000000 | 2.57 2.75 2.81 | cpu  1565589974 172940179 203094581 31262096837 14101274 0 5073498 0 0 0
1790990820 2400, 13801, 58, 0x0000000000000000 | 2.57 2.75 2.81 | cpu  1565590592 172940179 203094623 31262100471 14101274 0 5073498 0 0 0
1790990821 2400, 13801, 58, 0x0000000000000000 | 2.57 2.75 2.81 | cpu  1565591182 172940179 203094651 31262104126 14101278 0 5073499 0 0 0
1790990822 2400, 13801, 57, 0x0000000000000000 | 2.57 2.75 2.81 | cpu  1565591987 172940179 203094730 31262107522 14101278 0 5073499 0 0 0
1790990823 2400, 13801, 57, 0x0000000000000000 | 2.57 2.75 2.81 | cpu  1565592403 172940179 203094777 31262111359 14101279 0 5073499 0 0 0
1790990824 2400, 13801, 57, 0x0000000000000000 | 2.52 2.74 2.80 | cpu  1565592522 172940179 203094811 31262115509 14101280 0 5073499 0 0 0
1790990825 2400, 13801, 57, 0x0000000000000000 | 2.52 2.74 2.80 | cpu  1565592615 172940179 203094837 31262119689 14101280 0 5073499 0 0 0
1790990826 2400, 13801, 57, 0x0000000000000000 | 2.52 2.74 2.80 | cpu  1565592722 172940179 203094873 31262123828 14101282 0 5073499 0 0 0
1790990827 2400, 13801, 57, 0x0000000000000000 | 2.52 2.74 2.80 | cpu  1565592822 172940179 203094904 31262127977 14101282 0 5073499 0 0 0
1790990828 2400, 13801, 57, 0x0000000000000000 | 2.40 2.71 2.79 | cpu  1565592921 172940179 203094935 31262132124 14101283 0 5073499 0 0 0
1790990829 2400, 13801, 57, 0x0000000000000000 | 2.40 2.71 2.79 | cpu  1565593034 172940179 203094965 31262136255 14101284 0 5073499 0 0 0
1790990830 2400, 13801, 57, 0x0000000000000000 | 2.40 2.71 2.79 | cpu  1565593140 172940179 203095002 31262140405 14101286 0 5073499 0 0 0
1790990831 2400, 13801, 57, 0x0000000000000000 | 2.40 2.71 2.79 | cpu  1565593229 172940179 203095031 31262144577 14101289 0 5073499 0 0 0
1790990832 2400, 13801, 57, 0x0000000000000000 | 2.40 2.71 2.79 | cpu  1565593323 172940179 203095057 31262148752 14101290 0 5073499 0 0 0
1790990834 2400, 13801, 57, 0x0000000000000000 | 2.37 2.70 2.79 | cpu  1565593412 172940179 203095086 31262152928 14101290 0 5073499 0 0 0
1790990835 2400, 13801, 57, 0x0000000000000000 | 2.37 2.70 2.79 | cpu  1565593518 172940179 203095125 31262157087 14101291 0 5073499 0 0 0
1790990836 2400, 13801, 57, 0x0000000000000000 | 2.37 2.70 2.79 | cpu  1565593605 172940179 203095161 31262161253 14101293 0 5073499 0 0 0
1790990837 2400, 13801, 57, 0x0000000000000000 | 2.37 2.70 2.79 | cpu  1565593694 172940179 203095194 31262165418 14101293 0 5073499 0 0 0
1790990838 2400, 13801, 57, 0x0000000000000000 | 2.37 2.70 2.79 | cpu  1565593804 172940179 203095233 31262169547 14101295 0 5073499 0 0 0
1790990839 2400, 13801, 57, 0x0000000000000000 | 2.26 2.67 2.78 | cpu  1565593891 172940179 203095264 31262173725 14101295 0 5073499 0 0 0
1790990840 2400, 13801, 57, 0x0000000000000000 | 2.26 2.67 2.78 | cpu  1565594002 172940179 203095298 31262177863 14101296 0 5073499 0 0 0
1790990841 2400, 13801, 57, 0x0000000000000000 | 2.26 2.67 2.78 | cpu  1565594091 172940179 203095326 31262182033 14101298 0 5073499 0 0 0
1790990842 2400, 13801, 56, 0x0000000000000000 | 2.26 2.67 2.78 | cpu  1565594200 172940179 203095360 31262186187 14101299 0 5073499 0 0 0
1790990843 2400, 13801, 56, 0x0000000000000000 | 2.16 2.64 2.77 | cpu  1565594289 172940179 203095389 31262190344 14101299 0 5073499 0 0 0
1790990844 2400, 13801, 56, 0x0000000000000000 | 2.16 2.64 2.77 | cpu  1565594381 172940179 203095417 31262194492 14101301 0 5073499 0 0 0
1790990845 2400, 13801, 56, 0x0000000000000000 | 2.16 2.64 2.77 | cpu  1565594472 172940179 203095444 31262198670 14101301 0 5073499 0 0 0
1790990846 2400, 13801, 56, 0x0000000000000000 | 2.16 2.64 2.77 | cpu  1565594579 172940179 203095478 31262202802 14101302 0 5073499 0 0 0
1790990847 2400, 13801, 56, 0x0000000000000000 | 2.16 2.64 2.77 | cpu  1565594669 172940179 203095505 31262206959 14101302 0 5073499 0 0 0
1790990849 2400, 13801, 56, 0x0000000000000000 | 2.07 2.62 2.76 | cpu  1565594769 172940179 203095537 31262211114 14101303 0 5073499 0 0 0
1790990850 2400, 13801, 56, 0x0000000000000000 | 2.07 2.62 2.76 | cpu  1565594980 172940179 203095576 31262215143 14101304 0 5073499 0 0 0
1790990851 2400, 13801, 56, 0x0000000000000000 | 2.07 2.62 2.76 | cpu  1565595407 172940179 203095627 31262218957 14101306 0 5073500 0 0 0
1790990852 2400, 13801, 56, 0x0000000000000000 | 2.07 2.62 2.76 | cpu  1565595830 172940179 203095859 31262222595 14101308 0 5073500 0 0 0
1790990853 2400, 13801, 56, 0x0000000000000000 | 2.07 2.62 2.76 | cpu  1565596282 172940179 203096021 31262226275 14101308 0 5073500 0 0 0
1790990854 2400, 13801, 56, 0x0000000000000000 | 2.06 2.61 2.75 | cpu  1565597499 172940179 203096275 31262229093 14101309 0 5073500 0 0 0
1790990855 2400, 13801, 56, 0x0000000000000000 | 2.06 2.61 2.75 | cpu  1565598223 172940179 203096412 31262232532 14101310 0 5073500 0 0 0
1790990856 2400, 13801, 56, 0x0000000000000000 | 2.06 2.61 2.75 | cpu  1565598376 172940179 203096654 31262236431 14101312 0 5073500 0 0 0
1790990857 2400, 13801, 56, 0x0000000000000000 | 2.06 2.61 2.75 | cpu  1565598566 172940179 203096719 31262240479 14101312 0 5073500 0 0 0
1790990858 2400, 13801, 56, 0x0000000000000000 | 2.06 2.60 2.75 | cpu  1565598794 172940179 203096755 31262244513 14101313 0 5073500 0 0 0
1790990859 2400, 13801, 56, 0x0000000000000000 | 2.06 2.60 2.75 | cpu  1565598992 172940179 203096881 31262248502 14101313 0 5073500 0 0 0
1790990860 2400, 13801, 56, 0x0000000000000000 | 2.06 2.60 2.75 | cpu  1565599191 172940179 203097121 31262252359 14101316 0 5073500 0 0 0
1790990861 2400, 13801, 56, 0x0000000000000000 | 2.06 2.60 2.75 | cpu  1565599355 172940179 203097314 31262256314 14101320 0 5073500 0 0 0
1790990863 2400, 13801, 55, 0x0000000000000000 | 2.06 2.60 2.75 | cpu  1565599541 172940179 203097438 31262260304 14101329 0 5073500 0 0 0
1790990864 2400, 13801, 55, 0x0000000000000000 | 2.05 2.59 2.75 | cpu  1565599712 172940179 203097549 31262264309 14101343 0 5073500 0 0 0
1790990865 2400, 13801, 55, 0x0000000000000000 | 2.05 2.59 2.75 | cpu  1565599887 172940179 203097690 31262268286 14101346 0 5073500 0 0 0
1790990866 2415, 13801, 55, 0x0000000000000000 | 2.05 2.59 2.75 | cpu  1565600040 172940179 203097847 31262272269 14101349 0 5073500 0 0 0
1790990867 2415, 13801, 55, 0x0000000000000000 | 2.05 2.59 2.75 | cpu  1565600212 172940179 203098035 31262276198 14101353 0 5073500 0 0 0
1790990868 2400, 13801, 55, 0x0000000000000000 | 2.05 2.59 2.75 | cpu  1565600372 172940179 203098184 31262280181 14101357 0 5073500 0 0 0
