1791080491 720, 2619, 47, 0x0000000000000001 | 4.62 6.36 8.29 | cpu  2135659154 50789749 267056908 14489293451 1669746 0 10521544 0 0 0
1791080492 405, 2619, 47, 0x0000000000000001 | 4.62 6.36 8.29 | cpu  2135660042 50789749 267057005 14489317759 1669746 0 10521548 0 0 0
1791080493 345, 2619, 46, 0x0000000000000001 | 4.65 6.33 8.27 | cpu  2135660383 50789750 267057187 14489343177 1669746 0 10521554 0 0 0
1791080495 345, 2619, 46, 0x0000000000000001 | 4.65 6.33 8.27 | cpu  2135661412 50789750 267057451 14489368360 1669746 0 10521560 0 0 0
1791080496 345, 2619, 46, 0x0000000000000001 | 4.65 6.33 8.27 | cpu  2135661808 50789750 267057697 14489394891 1669746 0 10521564 0 0 0
1791080497 345, 2619, 46, 0x0000000000000001 | 4.65 6.33 8.27 | cpu  2135662100 50789750 267057879 14489419465 1669746 0 10521566 0 0 0
1791080498 1785, 2619, 47, 0x0000000000000000 | 4.52 6.28 8.24 | cpu  2135663085 50789750 267058133 14489447190 1669746 0 10521566 0 0 0
1791080499 1785, 2619, 47, 0x0000000000000000 | 4.52 6.28 8.24 | cpu  2135663798 50789750 267058249 14489471390 1669746 0 10521566 0 0 0
1791080501 1785, 2619, 47, 0x0000000000000000 | 4.52 6.28 8.24 | cpu  2135664377 50789750 267058345 14489496955 1669746 0 10521566 0 0 0
1791080502 1785, 2619, 46, 0x0000000000000000 | 4.52 6.28 8.24 | cpu  2135664975 50789750 267058386 14489521447 1669746 0 10521567 0 0 0
1791080503 1785, 2619, 47, 0x0000000000000000 | 4.52 6.28 8.24 | cpu  2135665578 50789750 267058469 14489546497 1669746 0 10521567 0 0 0
1791080504 1785, 2619, 46, 0x0000000000000000 | 4.56 6.26 8.22 | cpu  2135666243 50789750 267058647 14489571187 1669746 0 10521577 0 0 0
1791080505 1785, 2619, 46, 0x0000000000000000 | 4.56 6.26 8.22 | cpu  2135668279 50789750 267059521 14489595076 1669746 0 10521602 0 0 0
1791080506 1785, 2619, 46, 0x0000000000000000 | 4.56 6.26 8.22 | cpu  2135669064 50789750 267059854 14489620450 1669746 0 10521640 0 0 0
1791080508 1785, 2619, 46, 0x0000000000000000 | 4.56 6.26 8.22 | cpu  2135669744 50789750 267060180 14489645653 1669746 0 10521660 0 0 0
1791080509 1785, 2619, 46, 0x0000000000000000 | 4.59 6.24 8.20 | cpu  2135670429 50789750 267060367 14489670191 1669746 0 10521670 0 0 0
1791080510 1785, 2619, 46, 0x0000000000000000 | 4.59 6.24 8.20 | cpu  2135671128 50789750 267060578 14489694544 1669746 0 10521675 0 0 0
1791080511 1785, 2619, 46, 0x0000000000000000 | 4.59 6.24 8.20 | cpu  2135671851 50789750 267060626 14489719399 1669746 0 10521678 0 0 0
1791080512 1785, 2619, 46, 0x0000000000000000 | 4.59 6.24 8.20 | cpu  2135672468 50789750 267060726 14489744047 1669746 0 10521678 0 0 0
1791080513 1785, 2619, 46, 0x0000000000000000 | 4.54 6.20 8.18 | cpu  2135673108 50789750 267060786 14489769975 1669746 0 10521680 0 0 0
1791080514 1785, 2619, 46, 0x0000000000000000 | 4.54 6.20 8.18 | cpu  2135673794 50789750 267060937 14489794683 1669746 0 10521686 0 0 0
1791080516 1785, 2619, 46, 0x0000000000000000 | 4.54 6.20 8.18 | cpu  2135674513 50789750 267061272 14489819715 1669746 0 10521704 0 0 0
1791080517 1785, 2619, 46, 0x0000000000000000 | 4.54 6.20 8.18 | cpu  2135675202 50789750 267061649 14489843786 1669746 0 10521710 0 0 0
1791080518 1785, 2619, 45, 0x0000000000000000 | 4.54 6.20 8.18 | cpu  2135675566 50789750 267062102 14489869197 1669746 0 10521724 0 0 0
1791080519 1785, 2619, 45, 0x0000000000000000 | 4.66 6.19 8.17 | cpu  2135675854 50789750 267062465 14489894441 1669746 0 10521738 0 0 0
1791080520 1785, 2619, 45, 0x0000000000000000 | 4.66 6.19 8.17 | cpu  2135676129 50789751 267062808 14489919764 1669746 0 10521743 0 0 0
1791080522 1785, 2619, 45, 0x0000000000000000 | 4.66 6.19 8.17 | cpu  2135676490 50789751 267063102 14489948754 1669746 0 10521747 0 0 0
1791080523 1785, 2619, 45, 0x0000000000000000 | 4.66 6.19 8.17 | cpu  2135676799 50789751 267063226 14489973875 1669748 0 10521747 0 0 0
1791080524 1785, 2619, 45, 0x0000000000000000 | 4.53 6.14 8.14 | cpu  2135677126 50789751 267063326 14489999676 1669748 0 10521747 0 0 0
1791080525 1785, 2619, 45, 0x0000000000000000 | 4.53 6.14 8.14 | cpu  2135677461 50789751 267063474 14490025237 1669748 0 10521748 0 0 0
1791080526 1785, 2619, 45, 0x0000000000000000 | 4.53 6.14 8.14 | cpu  2135677868 50789751 267063612 14490051323 1669748 0 10521749 0 0 0
1791080527 1785, 2619, 45, 0x0000000000000000 | 4.53 6.14 8.14 | cpu  2135678241 50789752 267063778 14490077328 1669748 0 10521755 0 0 0
1791080529 1785, 2619, 45, 0x0000000000000000 | 4.57 6.12 8.12 | cpu  2135678648 50789752 267063966 14490103583 1669748 0 10521756 0 0 0
1791080530 1785, 2619, 45, 0x0000000000000000 | 4.57 6.12 8.12 | cpu  2135679028 50789752 267064124 14490129565 1669748 0 10521773 0 0 0
1791080531 1785, 2619, 45, 0x0000000000000000 | 4.57 6.12 8.12 | cpu  2135679408 50789752 267064293 14490155671 1669748 0 10521778 0 0 0
1791080532 1785, 2619, 45, 0x0000000000000000 | 4.57 6.12 8.12 | cpu  2135679681 50789752 267064453 14490180590 1669748 0 10521783 0 0 0
1791080533 1785, 2619, 45, 0x0000000000000000 | 4.60 6.10 8.11 | cpu  2135679982 50789753 267064586 14490205775 1669748 0 10521783 0 0 0
1791080534 1785, 2619, 45, 0x0000000000000000 | 4.60 6.10 8.11 | cpu  2135680309 50789753 267064842 14490230855 1669748 0 10521789 0 0 0
1791080536 1785, 2619, 45, 0x0000000000000000 | 4.60 6.10 8.11 | cpu  2135680635 50789753 267065042 14490256705 1669748 0 10521792 0 0 0
1791080537 1785, 2619, 44, 0x0000000000000000 | 4.60 6.10 8.11 | cpu  2135680937 50789753 267065179 14490282373 1669748 0 10521795 0 0 0
1791080538 1785, 2619, 44, 0x0000000000000000 | 4.60 6.10 8.11 | cpu  2135681286 50789753 267065354 14490307975 1669748 0 10521804 0 0 0
1791080539 1785, 2619, 44, 0x0000000000000000 | 4.63 6.08 8.09 | cpu  2135681605 50789753 267065560 14490333509 1669748 0 10521822 0 0 0
1791080540 1785, 2619, 44, 0x0000000000000000 | 4.63 6.08 8.09 | cpu  2135681921 50789753 267065726 14490358801 1669748 0 10521830 0 0 0
1791080542 1785, 2619, 44, 0x0000000000000000 | 4.63 6.08 8.09 | cpu  2135682235 50789753 267065896 14490387039 1669748 0 10521833 0 0 0
1791080543 1785, 2619, 44, 0x0000000000000000 | 4.63 6.08 8.09 | cpu  2135682559 50789754 267066074 14490412625 1669748 0 10521835 0 0 0
1791080544 1785, 2619, 44, 0x0000000000000000 | 4.58 6.05 8.07 | cpu  2135682892 50789754 267066282 14490437982 1669748 0 10521835 0 0 0
1791080545 1785, 2619, 44, 0x0000000000000000 | 4.58 6.05 8.07 | cpu  2135683214 50789754 267066470 14490463442 1669748 0 10521835 0 0 0
1791080546 1785, 2619, 44, 0x0000000000000000 | 4.58 6.05 8.07 | cpu  2135683552 50789754 267066613 14490489072 1669748 0 10521840 0 0 0
1791080547 1785, 2619, 44, 0x0000000000000000 | 4.58 6.05 8.07 | cpu  2135683854 50789754 267066739 14490514467 1669748 0 10521840 0 0 0
1791080549 1785, 2619, 44, 0x0000000000000000 | 4.62 6.03 8.05 | cpu  2135684162 50789754 267066881 14490539493 1669748 0 10521842 0 0 0
1791080550 1785, 2619, 44, 0x0000000000000000 | 4.62 6.03 8.05 | cpu  2135684467 50789754 267066999 14490565041 1669748 0 10521842 0 0 0
1791080551 1785, 2619, 44, 0x0000000000000000 | 4.62 6.03 8.05 | cpu  2135684798 50789754 267067184 14490591004 1669748 0 10521848 0 0 0
1791080552 1785, 2619, 44, 0x0000000000000000 | 4.62 6.03 8.05 | cpu  2135685081 50789754 267067348 14490617024 1669748 0 10521850 0 0 0
1791080553 1785, 2619, 44, 0x0000000000000000 | 4.62 6.03 8.05 | cpu  2135685412 50789754 267067536 14490643387 1669748 0 10521852 0 0 0
1791080554 1785, 2619, 44, 0x0000000000000000 | 4.65 6.02 8.03 | cpu  2135685765 50789754 267067778 14490669178 1669748 0 10521854 0 0 0
1791080556 1785, 2619, 44, 0x0000000000000000 | 4.65 6.02 8.03 | cpu  2135686112 50789755 267068025 14490694562 1669748 0 10521864 0 0 0
1791080557 1785, 2619, 44, 0x0000000000000000 | 4.65 6.02 8.03 | cpu  2135686416 50789755 267068152 14490719844 1669748 0 10521867 0 0 0
1791080558 1785, 2619, 44, 0x0000000000000000 | 4.65 6.02 8.03 | cpu  2135686757 50789755 267068288 14490745361 1669748 0 10521869 0 0 0
1791080559 1785, 2619, 44, 0x0000000000000000 | 4.59 5.98 8.01 | cpu  2135687060 50789755 267068393 14490770858 1669748 0 10521870 0 0 0
1791080560 1785, 2619, 44, 0x0000000000000000 | 4.59 5.98 8.01 | cpu  2135687352 50789755 267068472 14490796419 1669748 0 10521874 0 0 0
1791080562 1785, 2619, 44, 0x0000000000000000 | 4.59 5.98 8.01 | cpu  2135687658 50789755 267068620 14490824388 1669748 0 10521875 0 0 0
1791080563 1785, 2619, 44, 0x0000000000000000 | 4.59 5.98 8.01 | cpu  2135687988 50789755 267068792 14490850407 1669748 0 10521881 0 0 0
1791080564 1785, 2619, 43, 0x0000000000000000 | 4.55 5.95 7.99 | cpu  2135688325 50789755 267069014 14490876372 1669748 0 10521894 0 0 0
1791080565 1785, 2619, 43, 0x0000000000000000 | 4.55 5.95 7.99 | cpu  2135688695 50789755 267069314 14490901388 1669748 0 10521907 0 0 0
1791080566 1785, 2619, 43, 0x0000000000000000 | 4.55 5.95 7.99 | cpu  2135689229 50789755 267069793 14490930063 1669748 0 10521932 0 0 0
1791080568 1785, 2619, 43, 0x0000000000000000 | 4.55 5.95 7.99 | cpu  2135689634 50789755 267070069 14490955753 1669748 0 10521937 0 0 0
1791080569 1785, 2619, 43, 0x0000000000000000 | 4.58 5.93 7.97 | cpu  2135689946 50789756 267070316 14490980708 1669748 0 10521937 0 0 0
1791080570 1785, 2619, 43, 0x0000000000000000 | 4.58 5.93 7.97 | cpu  2135690285 50789756 267070462 14491005823 1669748 0 10521940 0 0 0
1791080571 1785, 2619, 43, 0x0000000000000000 | 4.58 5.93 7.97 | cpu  2135690639 50789756 267071757 14491030062 1669748 0 10521942 0 0 0
1791080572 1785, 2619, 43, 0x0000000000000000 | 4.58 5.93 7.97 | cpu  2135690913 50789756 267071836 14491055970 1669748 0 10521942 0 0 0
1791080573 1785, 2619, 43, 0x0000000000000000 | 4.54 5.90 7.95 | cpu  2135691232 50789756 267072017 14491082405 1669748 0 10521944 0 0 0
1791080575 1785, 2619, 43, 0x0000000000000000 | 4.54 5.90 7.95 | cpu  2135691576 50789756 267072266 14491107796 1669748 0 10521949 0 0 0
1791080576 1785, 2619, 43, 0x0000000000000000 | 4.54 5.90 7.95 | cpu  2135691941 50789756 267072540 14491134082 1669748 0 10521954 0 0 0
1791080577 1785, 2619, 43, 0x0000000000000000 | 4.54 5.90 7.95 | cpu  2135692252 50789756 267072785 14491158847 1669748 0 10521972 0 0 0
1791080578 1785, 2619, 43, 0x0000000000000000 | 4.54 5.90 7.95 | cpu  2135692623 50789756 267073039 14491184448 1669748 0 10521976 0 0 0
1791080579 1785, 2619, 43, 0x0000000000000000 | 4.57 5.88 7.94 | cpu  2135692938 50789756 267073196 14491210182 1669748 0 10521980 0 0 0
1791080580 1785, 2619, 43, 0x0000000000000000 | 4.57 5.88 7.94 | cpu  2135693236 50789756 267073278 14491236348 1669748 0 10521983 0 0 0
1791080582 1785, 2619, 43, 0x0000000000000000 | 4.57 5.88 7.94 | cpu  2135695176 50789758 267074718 14491259502 1669749 0 10521984 0 0 0
1791080583 1785, 2619, 43, 0x0000000000000000 | 4.57 5.88 7.94 | cpu  2135696532 50789759 267075914 14491282342 1669750 0 10521984 0 0 0
1791080584 1785, 2619, 43, 0x0000000000000000 | 4.45 5.84 7.91 | cpu  2135696785 50789759 267076092 14491307623 1669750 0 10521984 0 0 0
1791080585 1785, 2619, 43, 0x0000000000000000 | 4.45 5.84 7.91 | cpu  2135697058 50789759 267076402 14491332466 1669750 0 10521986 0 0 0
1791080586 1785, 2619, 43, 0x0000000000000000 | 4.45 5.84 7.91 | cpu  2135697590 50789759 267077038 14491358676 1669750 0 10521994 0 0 0
1791080587 1785, 2619, 43, 0x0000000000000000 | 4.45 5.84 7.91 | cpu  2135699040 50789759 267078707 14491380967 1669750 0 10521996 0 0 0
1791080589 1785, 2619, 43, 0x0000000000000000 | 6.09 6.15 8.00 | cpu  2135700814 50789759 267080114 14491404305 1669750 0 10522007 0 0 0
1791080590 1785, 2619, 43, 0x0000000000000000 | 6.09 6.15 8.00 | cpu  2135703133 50789759 267080761 14491426296 1669750 0 10522009 0 0 0
1791080591 1785, 2619, 43, 0x0000000000000000 | 6.09 6.15 8.00 | cpu  2135704790 50789759 267081398 14491450416 1669750 0 10522018 0 0 0
1791080592 1785, 2619, 43, 0x0000000000000000 | 6.09 6.15 8.00 | cpu  2135707316 50789759 267082142 14491472562 1669750 0 10522033 0 0 0
1791080593 1785, 2619, 43, 0x0000000000000000 | 6.09 6.15 8.00 | cpu  2135709344 50789759 267083131 14491494756 1669750 0 10522034 0 0 0
1791080594 1785, 2619, 43, 0x0000000000000000 | 14.81 7.96 8.58 | cpu  2135711354 50789759 267084189 14491516842 1669750 0 10522038 0 0 0
1791080596 1785, 2619, 43, 0x0000000000000000 | 14.81 7.96 8.58 | cpu  2135711674 50789759 267084533 14491542315 1669750 0 10522045 0 0 0
1791080597 1785, 2619, 43, 0x0000000000000000 | 14.81 7.96 8.58 | cpu  2135712201 50789760 267084972 14491566854 1669750 0 10522057 0 0 0
1791080598 1785, 2619, 43, 0x0000000000000000 | 14.81 7.96 8.58 | cpu  2135712735 50789760 267085457 14491591611 1669750 0 10522066 0 0 0
1791080599 1785, 2619, 43, 0x0000000000000000 | 14.43 8.00 8.58 | cpu  2135713257 50789760 267086121 14491615680 1669750 0 10522080 0 0 0
1791080600 1785, 2619, 43, 0x0000000000000000 | 14.43 8.00 8.58 | cpu  2135713825 50789760 267086694 14491641943 1669750 0 10522106 0 0 0
1791080601 1785, 2619, 43, 0x0000000000000000 | 14.43 8.00 8.58 | cpu  2135714143 50789760 267086888 14491666404 1669750 0 10522115 0 0 0
1791080603 1785, 2619, 43, 0x0000000000000000 | 14.43 8.00 8.58 | cpu  2135714401 50789760 267087214 14491691319 1669750 0 10522119 0 0 0
1791080604 1785, 2619, 43, 0x0000000000000000 | 13.59 7.93 8.56 | cpu  2135714670 50789760 267087490 14491717581 1669751 0 10522126 0 0 0
1791080605 1785, 2619, 43, 0x0000000000000000 | 13.59 7.93 8.56 | cpu  2135714956 50789760 267087708 14491742696 1669751 0 10522144 0 0 0
1791080606 1785, 2619, 43, 0x0000000000000000 | 13.59 7.93 8.56 | cpu  2135715395 50789763 267088229 14491770607 1669751 0 10522153 0 0 0
1791080607 1785, 2619, 43, 0x0000000000000000 | 13.59 7.93 8.56 | cpu  2135715939 50789763 267088928 14491795198 1669751 0 10522170 0 0 0
1791080608 1785, 2619, 43, 0x0000000000000000 | 12.90 7.88 8.54 | cpu  2135716432 50789764 267089586 14491820090 1669751 0 10522186 0 0 0
1791080610 1785, 2619, 44, 0x0000000000000000 | 12.90 7.88 8.54 | cpu  2135716927 50789764 267090119 14491844219 1669751 0 10522200 0 0 0
1791080611 1785, 2619, 44, 0x0000000000000000 | 12.90 7.88 8.54 | cpu  2135717434 50789764 267090704 14491868067 1669751 0 10522211 0 0 0
1791080612 1785, 2619, 44, 0x0000000000000000 | 12.90 7.88 8.54 | cpu  2135717746 50789764 267090830 14491892806 1669751 0 10522226 0 0 0
1791080613 1785, 2619, 44, 0x0000000000000000 | 12.90 7.88 8.54 | cpu  2135717996 50789764 267091004 14491916978 1669751 0 10522232 0 0 0
1791080614 1785, 2619, 44, 0x0000000000000000 | 12.11 7.80 8.51 | cpu  2135718259 50789765 267091160 14491942279 1669751 0 10522235 0 0 0
1791080615 1785, 2619, 44, 0x0000000000000000 | 12.11 7.80 8.51 | cpu  2135718525 50789765 267091363 14491966643 1669751 0 10522246 0 0 0
1791080616 1785, 2619, 44, 0x0000000000000000 | 12.11 7.80 8.51 | cpu  2135718884 50789765 267091570 14491991228 1669751 0 10522252 0 0 0
1791080618 1785, 2619, 44, 0x0000000000000000 | 12.11 7.80 8.51 | cpu  2135720120 50789765 267091865 14492016642 1669751 0 10522279 0 0 0
1791080619 1785, 2619, 44, 0x0000000000000000 | 11.46 7.74 8.49 | cpu  2135721825 50789765 267093142 14492039610 1669751 0 10522292 0 0 0
1791080620 1785, 2619, 44, 0x0000000000000000 | 11.46 7.74 8.49 | cpu  2135723719 50789765 267094515 14492062778 1669751 0 10522298 0 0 0
1791080621 1785, 2619, 44, 0x0000000000000000 | 11.46 7.74 8.49 | cpu  2135725274 50789765 267095967 14492086474 1669751 0 10522298 0 0 0
1791080622 1785, 2619, 44, 0x0000000000000000 | 11.46 7.74 8.49 | cpu  2135726865 50789765 267097231 14492108430 1669751 0 10522300 0 0 0
1791080623 1785, 2619, 44, 0x0000000000000000 | 11.46 7.74 8.49 | cpu  2135728659 50789765 267098581 14492129887 1669751 0 10522300 0 0 0
1791080624 1785, 2619, 44, 0x0000000000000000 | 10.86 7.67 8.46 | cpu  2135729305 50789765 267099092 14492153511 1669751 0 10522305 0 0 0
1791080626 1785, 2619, 44, 0x0000000000000000 | 10.86 7.67 8.46 | cpu  2135729688 50789765 267101675 14492176955 1669751 0 10522316 0 0 0
1791080627 1785, 2619, 44, 0x0000000000000000 | 10.86 7.67 8.46 | cpu  2135730124 50789765 267104647 14492198533 1669751 0 10522331 0 0 0
1791080628 1785, 2619, 44, 0x0000000000000000 | 10.86 7.67 8.46 | cpu  2135730675 50789765 267107678 14492220508 1669751 0 10522346 0 0 0
1791080629 1785, 2619, 44, 0x0000000000000000 | 10.39 7.63 8.44 | cpu  2135731182 50789765 267110608 14492242417 1669751 0 10522359 0 0 0
1791080630 1785, 2619, 44, 0x0000000000000000 | 10.39 7.63 8.44 | cpu  2135731783 50789765 267113355 14492264747 1669751 0 10522362 0 0 0
1791080631 1785, 2619, 44, 0x0000000000000000 | 10.39 7.63 8.44 | cpu  2135732457 50789765 267114429 14492288607 1669751 0 10522369 0 0 0
1791080632 1785, 2619, 44, 0x0000000000000000 | 10.39 7.63 8.44 | cpu  2135733130 50789765 267116910 14492310620 1669751 0 10522375 0 0 0
1791080634 1785, 2619, 44, 0x0000000000000000 | 9.80 7.55 8.41 | cpu  2135734016 50789765 267118337 14492333950 1669751 0 10522377 0 0 0
1791080635 1785, 2619, 44, 0x0000000000000000 | 9.80 7.55 8.41 | cpu  2135734713 50789765 267119897 14492356287 1669751 0 10522384 0 0 0
1791080636 1785, 2619, 44, 0x0000000000000000 | 9.80 7.55 8.41 | cpu  2135735188 50789765 267120901 14492383051 1669751 0 10522393 0 0 0
1791080637 1785, 2619, 44, 0x0000000000000000 | 9.80 7.55 8.41 | cpu  2135735576 50789766 267121001 14492408048 1669751 0 10522394 0 0 0
1791080638 1785, 2619, 44, 0x0000000000000000 | 9.80 7.55 8.41 | cpu  2135735968 50789766 267121103 14492433226 1669751 0 10522395 0 0 0
1791080639 1785, 2619, 44, 0x0000000000000000 | 9.42 7.51 8.39 | cpu  2135736730 50789766 267121819 14492456968 1669751 0 10522397 0 0 0
1791080641 1785, 2619, 44, 0x0000000000000000 | 9.42 7.51 8.39 | cpu  2135737726 50789766 267123787 14492479643 1669751 0 10522400 0 0 0
1791080642 1785, 2619, 44, 0x0000000000000000 | 9.42 7.51 8.39 | cpu  2135738128 50789766 267123875 14492504495 1669751 0 10522403 0 0 0
1791080643 1785, 2619, 44, 0x0000000000000000 | 9.42 7.51 8.39 | cpu  2135738501 50789766 267124087 14492529417 1669753 0 10522414 0 0 0
1791080644 1785, 2619, 44, 0x0000000000000000 | 9.22 7.50 8.39 | cpu  2135738894 50789766 267124346 14492555045 1669753 0 10522434 0 0 0
1791080645 1785, 2619, 44, 0x0000000000000000 | 9.22 7.50 8.39 | cpu  2135739326 50789766 267124660 14492580368 1669753 0 10522442 0 0 0
1791080646 1785, 2619, 44, 0x0000000000000000 | 9.22 7.50 8.39 | cpu  2135739688 50789766 267124944 14492604908 1669753 0 10522460 0 0 0
1791080647 1785, 2619, 44, 0x0000000000000000 | 9.22 7.50 8.39 | cpu  2135740116 50789766 267125270 14492630753 1669753 0 10522472 0 0 0
1791080649 1785, 2619, 44, 0x0000000000000000 | 8.88 7.46 8.37 | cpu  2135740802 50789766 267126605 14492654933 1669753 0 10522483 0 0 0
1791080650 1785, 2619, 44, 0x0000000000000000 | 8.88 7.46 8.37 | cpu  2135741310 50789766 267128935 14492678346 1669753 0 10522498 0 0 0
1791080651 1785, 2619, 44, 0x0000000000000000 | 8.88 7.46 8.37 | cpu  2135741826 50789766 267131908 14492700376 1669753 0 10522503 0 0 0
1791080652 1785, 2619, 44, 0x0000000000000000 | 8.88 7.46 8.37 | cpu  2135742471 50789766 267134977 14492722581 1669753 0 10522505 0 0 0
1791080653 1785, 2619, 44, 0x0000000000000000 | 8.88 7.46 8.37 | cpu  2135743365 50789766 267136520 14492746509 1669753 0 10522519 0 0 0
1791080654 1785, 2619, 45, 0x0000000000000000 | 8.41 7.38 8.34 | cpu  2135744009 50789766 267138643 14492768612 1669753 0 10522524 0 0 0
1791080656 1785, 2619, 45, 0x0000000000000000 | 8.41 7.38 8.34 | cpu  2135745031 50789767 267140463 14492791723 1669753 0 10522534 0 0 0
1791080657 1785, 2619, 45, 0x0000000000000000 | 8.41 7.38 8.34 | cpu  2135745643 50789767 267141804 14492814417 1669753 0 10522545 0 0 0
1791080658 1785, 2619, 44, 0x0000000000000000 | 8.41 7.38 8.34 | cpu  2135745940 50789767 267142141 14492839254 1669753 0 10522554 0 0 0
1791080659 1785, 2619, 45, 0x0000000000000000 | 8.22 7.36 8.33 | cpu  2135746522 50789767 267143311 14492864086 1669753 0 10522564 0 0 0
1791080660 1785, 2619, 45, 0x0000000000000000 | 8.22 7.36 8.33 | cpu  2135746966 50789769 267143636 14492889252 1669753 0 10522585 0 0 0
1791080661 1785, 2619, 45, 0x0000000000000000 | 8.22 7.36 8.33 | cpu  2135747293 50789769 267143770 14492913405 1669753 0 10522588 0 0 0
1791080662 1785, 2619, 45, 0x0000000000000000 | 8.22 7.36 8.33 | cpu  2135747941 50789769 267144172 14492937828 1669753 0 10522610 0 0 0
1791080663 1785, 2619, 45, 0x0000000000000000 | 7.96 7.32 8.31 | cpu  2135749294 50789769 267146409 14492958541 1669753 0 10522616 0 0 0
1791080665 1785, 2619, 45, 0x0000000000000000 | 7.96 7.32 8.31 | cpu  2135749780 50789769 267147254 14492982417 1669753 0 10522620 0 0 0
1791080666 1785, 2619, 45, 0x0000000000000000 | 7.96 7.32 8.31 | cpu  2135750156 50789769 267147389 14493009599 1669753 0 10522632 0 0 0
1791080667 1785, 2619, 45, 0x0000000000000000 | 7.96 7.32 8.31 | cpu  2135750576 50789769 267147617 14493034889 1669753 0 10522642 0 0 0
1791080668 1785, 2619, 45, 0x0000000000000000 | 7.96 7.32 8.31 | cpu  2135750997 50789769 267147942 14493060011 1669753 0 10522654 0 0 0
1791080669 1785, 2619, 45, 0x0000000000000000 | 7.80 7.30 8.30 | cpu  2135751416 50789769 267148154 14493086049 1669753 0 10522658 0 0 0
1791080670 1785, 2619, 45, 0x0000000000000000 | 7.80 7.30 8.30 | cpu  2135751788 50789769 267148280 14493111135 1669753 0 10522666 0 0 0
1791080672 1785, 2619, 45, 0x0000000000000000 | 7.80 7.30 8.30 | cpu  2135752257 50789769 267148768 14493135108 1669753 0 10522668 0 0 0
1791080673 1785, 2619, 45, 0x0000000000000000 | 7.80 7.30 8.30 | cpu  2135752911 50789769 267151020 14493157289 1669753 0 10522673 0 0 0
1791080674 1785, 2619, 45, 0x0000000000000000 | 7.42 7.23 8.27 | cpu  2135753577 50789769 267151926 14493180814 1669753 0 10522675 0 0 0
1791080675 1785, 2619, 45, 0x0000000000000000 | 7.42 7.23 8.27 | cpu  2135754149 50789770 267152286 14493205449 1669753 0 10522690 0 0 0
1791080676 1785, 2619, 45, 0x0000000000000000 | 7.42 7.23 8.27 | cpu  2135754562 50789770 267152685 14493230106 1669753 0 10522700 0 0 0
1791080677 1785, 2619, 45, 0x0000000000000000 | 7.42 7.23 8.27 | cpu  2135755232 50789770 267153312 14493253539 1669753 0 10522716 0 0 0
1791080678 1785, 2619, 45, 0x0000000000000000 | 7.63 7.27 8.28 | cpu  2135756080 50789770 267153792 14493279284 1669753 0 10522750 0 0 0
1791080680 1785, 2619, 45, 0x0000000000000000 | 7.63 7.27 8.28 | cpu  2135756663 50789770 267154268 14493305452 1669753 0 10522789 0 0 0
1791080681 1785, 2619, 45, 0x0000000000000000 | 7.63 7.27 8.28 | cpu  2135757369 50789770 267156792 14493327910 1669753 0 10522808 0 0 0
1791080682 1785, 2619, 45, 0x0000000000000000 | 7.63 7.27 8.28 | cpu  2135757926 50789770 267157368 14493352060 1669753 0 10522826 0 0 0
1791080683 1785, 2619, 45, 0x0000000000000000 | 7.63 7.27 8.28 | cpu  2135758430 50789770 267157712 14493377020 1669753 0 10522831 0 0 0
1791080684 1785, 2619, 45, 0x0000000000000000 | 7.34 7.22 8.25 | cpu  2135758829 50789770 267157951 14493402093 1669753 0 10522834 0 0 0
1791080685 1785, 2619, 45, 0x0000000000000000 | 7.34 7.22 8.25 | cpu  2135759379 50789770 267158305 14493426622 1669753 0 10522851 0 0 0
1791080687 1785, 2619, 45, 0x0000000000000000 | 7.34 7.22 8.25 | cpu  2135759895 50789770 267158557 14493450650 1669753 0 10522854 0 0 0
1791080688 1785, 2619, 45, 0x0000000000000000 | 7.34 7.22 8.25 | cpu  2135760253 50789770 267158668 14493475270 1669753 0 10522854 0 0 0
1791080689 1785, 2619, 45, 0x0000000000000000 | 7.31 7.22 8.25 | cpu  2135760810 50789770 267158837 14493500461 1669753 0 10522861 0 0 0
1791080690 1785, 2619, 45, 0x0000000000000000 | 7.31 7.22 8.25 | cpu  2135761477 50789771 267158952 14493524517 1669753 0 10522872 0 0 0
1791080691 1785, 2619, 45, 0x0000000000000000 | 7.31 7.22 8.25 | cpu  2135762089 50789771 267159183 14493550166 1669753 0 10522886 0 0 0
1791080692 1785, 2619, 45, 0x0000000000000000 | 7.31 7.22 8.25 | cpu  2135762607 50789771 267159374 14493574509 1669753 0 10522888 0 0 0
1791080693 1785, 2619, 45, 0x0000000000000000 | 7.31 7.22 8.25 | cpu  2135763471 50789771 267159547 14493598823 1669753 0 10522899 0 0 0
1791080695 1785, 2619, 45, 0x0000000000000000 | 6.96 7.15 8.22 | cpu  2135764685 50789771 267159682 14493623008 1669753 0 10522903 0 0 0
1791080696 1785, 2619, 45, 0x0000000000000000 | 6.96 7.15 8.22 | cpu  2135767549 50789771 267159817 14493644529 1669753 0 10522922 0 0 0
1791080697 1785, 2619, 45, 0x0000000000000000 | 6.96 7.15 8.22 | cpu  2135770980 50789771 267159950 14493666255 1669753 0 10522936 0 0 0
1791080698 1785, 2619, 45, 0x0000000000000000 | 6.96 7.15 8.22 | cpu  2135772500 50789771 267160138 14493689846 1669753 0 10522941 0 0 0
1791080699 1785, 2619, 45, 0x0000000000000000 | 6.89 7.13 8.21 | cpu  2135772880 50789771 267160307 14493714700 1669753 0 10522949 0 0 0
1791080700 1785, 2619, 45, 0x0000000000000000 | 6.89 7.13 8.21 | cpu  2135773212 50789771 267160357 14493739828 1669753 0 10522952 0 0 0
1791080701 1785, 2619, 45, 0x0000000000000000 | 6.89 7.13 8.21 | cpu  2135773521 50789771 267160396 14493764960 1669753 0 10522956 0 0 0
1791080702 1785, 2619, 45, 0x0000000000000000 | 6.89 7.13 8.21 | cpu  2135773876 50789771 267160455 14493790700 1669753 0 10522967 0 0 0
1791080704 1785, 2619, 45, 0x0000000000000000 | 6.57 7.06 8.18 | cpu  2135774236 50789771 267160548 14493815222 1669755 0 10522976 0 0 0
1791080705 1785, 2619, 45, 0x0000000000000000 | 6.57 7.06 8.18 | cpu  2135774641 50789771 267160740 14493840552 1669755 0 10522984 0 0 0
1791080706 1785, 2619, 45, 0x0000000000000000 | 6.57 7.06 8.18 | cpu  2135774985 50789771 267160960 14493865429 1669755 0 10522995 0 0 0
1791080707 1785, 2619, 45, 0x0000000000000000 | 6.57 7.06 8.18 | cpu  2135775396 50789771 267161292 14493890495 1669755 0 10523006 0 0 0
1791080708 1785, 2619, 45, 0x0000000000000000 | 6.57 7.06 8.18 | cpu  2135775841 50789771 267161721 14493916514 1669755 0 10523014 0 0 0
1791080709 1785, 2619, 45, 0x0000000000000000 | 6.69 7.07 8.18 | cpu  2135776253 50789771 267162133 14493942047 1669755 0 10523020 0 0 0
1791080711 1785, 2619, 45, 0x0000000000000000 | 6.69 7.07 8.18 | cpu  2135776586 50789771 267162310 14493966945 1669755 0 10523028 0 0 0
1791080712 1785, 2619, 45, 0x0000000000000000 | 6.69 7.07 8.18 | cpu  2135776934 50789771 267162449 14493991959 1669755 0 10523028 0 0 0
1791080713 1785, 2619, 45, 0x0000000000000000 | 6.69 7.07 8.18 | cpu  2135777276 50789771 267162582 14494017032 1669755 0 10523028 0 0 0
1791080714 1785, 2619, 45, 0x0000000000000000 | 6.39 7.01 8.15 | cpu  2135777631 50789771 267162676 14494042443 1669755 0 10523030 0 0 0
1791080715 1785, 2619, 45, 0x0000000000000000 | 6.39 7.01 8.15 | cpu  2135778038 50789771 267162800 14494068912 1669755 0 10523034 0 0 0
1791080716 1785, 2619, 45, 0x0000000000000000 | 6.39 7.01 8.15 | cpu  2135778392 50789771 267163009 14494094618 1669755 0 10523038 0 0 0
1791080718 1785, 2619, 45, 0x0000000000000000 | 6.39 7.01 8.15 | cpu  2135778786 50789771 267163221 14494119649 1669755 0 10523039 0 0 0
1791080719 1785, 2619, 45, 0x0000000000000000 | 6.28 6.97 8.13 | cpu  2135779182 50789771 267163430 14494144647 1669755 0 10523040 0 0 0
1791080720 1785, 2619, 45, 0x0000000000000000 | 6.28 6.97 8.13 | cpu  2135779560 50789771 267163617 14494170092 1669755 0 10523042 0 0 0
1791080721 1785, 2619, 45, 0x0000000000000000 | 6.28 6.97 8.13 | cpu  2135779890 50789771 267163742 14494195344 1669755 0 10523047 0 0 0
1791080722 1785, 2619, 45, 0x0000000000000000 | 6.28 6.97 8.13 | cpu  2135780240 50789771 267163835 14494220704 1669755 0 10523047 0 0 0
1791080723 1785, 2619, 45, 0x0000000000000000 | 6.28 6.97 8.13 | cpu  2135780578 50789771 267163881 14494246705 1669755 0 10523047 0 0 0
1791080725 1785, 2619, 45, 0x0000000000000000 | 6.02 6.91 8.10 | cpu  2135780930 50789771 267163935 14494272803 1669755 0 10523047 0 0 0
1791080726 1785, 2619, 45, 0x0000000000000000 | 6.02 6.91 8.10 | cpu  2135781256 50789774 267164040 14494297820 1669755 0 10523051 0 0 0
1791080727 1785, 2619, 45, 0x0000000000000000 | 6.02 6.91 8.10 | cpu  2135781660 50789774 267164176 14494322853 1669755 0 10523058 0 0 0
1791080728 1785, 2619, 45, 0x0000000000000000 | 6.02 6.91 8.10 | cpu  2135782050 50789774 267164396 14494348027 1669755 0 10523061 0 0 0
1791080729 1785, 2619, 45, 0x0000000000000000 | 5.94 6.87 8.09 | cpu  2135782442 50789774 267164610 14494372914 1669755 0 10523066 0 0 0
1791080730 1785, 2619, 45, 0x0000000000000000 | 5.94 6.87 8.09 | cpu  2135782798 50789774 267164767 14494397772 1669755 0 10523068 0 0 0
1791080731 1785, 2619, 45, 0x0000000000000000 | 5.94 6.87 8.09 | cpu  2135783116 50789774 267164889 14494423071 1669755 0 10523069 0 0 0
1791080733 1785, 2619, 45, 0x0000000000000000 | 5.94 6.87 8.09 | cpu  2135783478 50789774 267165092 14494448132 1669755 0 10523072 0 0 0
1791080734 1785, 2619, 45, 0x0000000000000000 | 5.70 6.81 8.06 | cpu  2135783822 50789774 267165266 14494472680 1669755 0 10523074 0 0 0
1791080735 1785, 2619, 45, 0x0000000000000000 | 5.70 6.81 8.06 | cpu  2135784170 50789774 267165338 14494497798 1669755 0 10523077 0 0 0
1791080736 1785, 2619, 45, 0x0000000000000000 | 5.70 6.81 8.06 | cpu  2135784504 50789775 267165460 14494524095 1669755 0 10523080 0 0 0
1791080737 1785, 2619, 45, 0x0000000000000000 | 5.70 6.81 8.06 | cpu  2135784884 50789775 267165587 14494549257 1669755 0 10523081 0 0 0
1791080738 1785, 2619, 45, 0x0000000000000000 | 5.70 6.81 8.06 | cpu  2135785284 50789775 267165752 14494574746 1669755 0 10523086 0 0 0
1791080739 1785, 2619, 45, 0x0000000000000000 | 5.81 6.81 8.05 | cpu  2135785693 50789775 267166054 14494600436 1669755 0 10523093 0 0 0
1791080741 1785, 2619, 45, 0x0000000000000000 | 5.81 6.81 8.05 | cpu  2135786031 50789775 267166265 14494625558 1669755 0 10523096 0 0 0
1791080742 1785, 2619, 45, 0x0000000000000000 | 5.81 6.81 8.05 | cpu  2135786401 50789775 267166491 14494650510 1669755 0 10523099 0 0 0
1791080743 1785, 2619, 45, 0x0000000000000000 | 5.81 6.81 8.05 | cpu  2135786760 50789775 267166734 14494675453 1669755 0 10523108 0 0 0
1791080744 1785, 2619, 45, 0x0000000000000000 | 5.74 6.78 8.04 | cpu  2135787146 50789775 267166970 14494700939 1669755 0 10523112 0 0 0
1791080745 1785, 2619, 45, 0x0000000000000000 | 5.74 6.78 8.04 | cpu  2135787597 50789775 267167242 14494728689 1669755 0 10523122 0 0 0
1791080747 1785, 2619, 45, 0x0000000000000000 | 5.74 6.78 8.04 | cpu  2135787983 50789775 267167414 14494753706 1669755 0 10523127 0 0 0
1791080748 1785, 2619, 45, 0x0000000000000000 | 5.74 6.78 8.04 | cpu  2135788370 50789775 267167538 14494779141 1669755 0 10523132 0 0 0
1791080749 1785, 2619, 45, 0x0000000000000000 | 5.60 6.74 8.01 | cpu  2135788751 50789775 267167644 14494803939 1669755 0 10523134 0 0 0
1791080750 1785, 2619, 45, 0x0000000000000000 | 5.60 6.74 8.01 | cpu  2135789127 50789776 267167744 14494829840 1669755 0 10523142 0 0 0
1791080751 1785, 2619, 45, 0x0000000000000000 | 5.60 6.74 8.01 | cpu  2135789452 50789776 267167867 14494854805 1669755 0 10523146 0 0 0
1791080752 1785, 2619, 44, 0x0000000000000000 | 5.60 6.74 8.01 | cpu  2135789826 50789776 267168012 14494881408 1669755 0 10523148 0 0 0
1791080754 1785, 2619, 45, 0x0000000000000000 | 5.63 6.72 8.00 | cpu  2135790200 50789776 267168150 14494907343 1669755 0 10523151 0 0 0
1791080755 1785, 2619, 45, 0x0000000000000000 | 5.63 6.72 8.00 | cpu  2135790582 50789776 267168332 14494933138 1669755 0 10523156 0 0 0
1791080756 1785, 2619, 44, 0x0000000000000000 | 5.63 6.72 8.00 | cpu  2135790935 50789776 267168526 14494957880 1669755 0 10523158 0 0 0
1791080757 1785, 2619, 45, 0x0000000000000000 | 5.63 6.72 8.00 | cpu  2135791342 50789776 267168676 14494983197 1669755 0 10523164 0 0 0
1791080758 1785, 2619, 45, 0x0000000000000000 | 5.63 6.72 8.00 | cpu  2135791708 50789776 267168786 14495007738 1669755 0 10523165 0 0 0
1791080759 1785, 2619, 45, 0x0000000000000000 | 5.50 6.68 7.98 | cpu  2135792076 50789776 267168890 14495033452 1669755 0 10523166 0 0 0
1791080760 1785, 2619, 44, 0x0000000000000000 | 5.50 6.68 7.98 | cpu  2135792385 50789776 267168929 14495058789 1669755 0 10523167 0 0 0
1791080762 1785, 2619, 45, 0x0000000000000000 | 5.50 6.68 7.98 | cpu  2135792749 50789776 267169038 14495084913 1669755 0 10523170 0 0 0
1791080763 1785, 2619, 45, 0x0000000000000000 | 5.50 6.68 7.98 | cpu  2135793117 50789776 267169223 14495110371 1669757 0 10523180 0 0 0
1791080764 1785, 2619, 44, 0x0000000000000000 | 5.38 6.63 7.96 | cpu  2135793487 50789776 267169361 14495136195 1669757 0 10523187 0 0 0
1791080765 1785, 2619, 44, 0x0000000000000000 | 5.38 6.63 7.96 | cpu  2135793870 50789776 267169576 14495161341 1669757 0 10523189 0 0 0
1791080766 1785, 2619, 45, 0x0000000000000000 | 5.38 6.63 7.96 | cpu  2135794218 50789776 267169767 14495186400 1669757 0 10523190 0 0 0
1791080767 1785, 2619, 45, 0x0000000000000000 | 5.38 6.63 7.96 | cpu  2135794618 50789776 267169974 14495211799 1669757 0 10523202 0 0 0
1791080769 1785, 2619, 45, 0x0000000000000000 | 5.27 6.59 7.94 | cpu  2135794999 50789776 267170105 14495236796 1669757 0 10523214 0 0 0
1791080770 1785, 2619, 45, 0x0000000000000000 | 5.27 6.59 7.94 | cpu  2135795354 50789776 267170194 14495262190 1669757 0 10523220 0 0 0
1791080771 1785, 2619, 44, 0x0000000000000000 | 5.27 6.59 7.94 | cpu  2135795666 50789776 267170230 14495287838 1669757 0 10523220 0 0 0
1791080772 1785, 2619, 45, 0x0000000000000000 | 5.27 6.59 7.94 | cpu  2135796016 50789776 267170270 14495313901 1669757 0 10523220 0 0 0
1791080773 1785, 2619, 45, 0x0000000000000000 | 5.27 6.59 7.94 | cpu  2135796400 50789776 267170384 14495340640 1669757 0 10523221 0 0 0
1791080774 1785, 2619, 45, 0x0000000000000000 | 5.17 6.55 7.92 | cpu  2135796777 50789777 267170540 14495366465 1669757 0 10523226 0 0 0
1791080776 1785, 2619, 44, 0x0000000000000000 | 5.17 6.55 7.92 | cpu  2135797126 50789777 267170730 14495391300 1669757 0 10523232 0 0 0
1791080777 1785, 2619, 44, 0x0000000000000000 | 5.17 6.55 7.92 | cpu  2135797522 50789777 267170962 14495416437 1669757 0 10523247 0 0 0
1791080778 1785, 2619, 44, 0x0000000000000000 | 5.17 6.55 7.92 | cpu  2135797922 50789777 267171167 14495441597 1669757 0 10523252 0 0 0
1791080779 1785, 2619, 44, 0x0000000000000000 | 5.16 6.52 7.90 | cpu  2135798318 50789777 267171384 14495466938 1669757 0 10523254 0 0 0
1791080780 1785, 2619, 44, 0x0000000000000000 | 5.16 6.52 7.90 | cpu  2135798658 50789777 267171444 14495494162 1669757 0 10523254 0 0 0
1791080781 1785, 2619, 44, 0x0000000000000000 | 5.16 6.52 7.90 | cpu  2135799006 50789777 267171484 14495520087 1669757 0 10523254 0 0 0
1791080783 1785, 2619, 44, 0x0000000000000000 | 5.16 6.52 7.90 | cpu  2135799444 50789777 267171730 14495545255 1669757 0 10523267 0 0 0
1791080784 1785, 2619, 44, 0x0000000000000000 | 5.14 6.49 7.89 | cpu  2135799800 50789777 267171783 14495570545 1669757 0 10523271 0 0 0
1791080785 1785, 2619, 44, 0x0000000000000000 | 5.14 6.49 7.89 | cpu  2135800212 50789777 267171944 14495595477 1669757 0 10523292 0 0 0
1791080786 1785, 2619, 44, 0x0000000000000000 | 5.14 6.49 7.89 | cpu  2135800619 50789777 267172988 14495620675 1669757 0 10523299 0 0 0
1791080787 1785, 2619, 44, 0x0000000000000000 | 5.14 6.49 7.89 | cpu  2135801148 50789777 267173308 14495646310 1669757 0 10523310 0 0 0
1791080788 1785, 2619, 44, 0x0000000000000000 | 5.14 6.49 7.89 | cpu  2135801632 50789777 267173621 14495671156 1669757 0 10523315 0 0 0
1791080790 1785, 2619, 44, 0x0000000000000000 | 5.29 6.50 7.88 | cpu  2135802032 50789777 267173932 14495696826 1669757 0 10523321 0 0 0
1791080791 1785, 2619, 44, 0x0000000000000000 | 5.29 6.50 7.88 | cpu  2135802350 50789777 267174054 14495721732 1669757 0 10523322 0 0 0
1791080792 1785, 2619, 44, 0x0000000000000000 | 5.29 6.50 7.88 | cpu  2135802695 50789777 267174100 14495747988 1669757 0 10523322 0 0 0
1791080793 1785, 2619, 44, 0x0000000000000000 | 5.29 6.50 7.88 | cpu  2135803027 50789778 267174135 14495773209 1669757 0 10523322 0 0 0
1791080794 1785, 2619, 44, 0x0000000000000000 | 5.19 6.46 7.86 | cpu  2135803371 50789778 267174180 14495798761 1669757 0 10523322 0 0 0
1791080795 1785, 2619, 44, 0x0000000000000000 | 5.19 6.46 7.86 | cpu  2135803716 50789778 267174287 14495824107 1669757 0 10523326 0 0 0
1791080797 1785, 2619, 44, 0x0000000000000000 | 5.19 6.46 7.86 | cpu  2135804104 50789778 267174485 14495849464 1669757 0 10523327 0 0 0
1791080798 1785, 2619, 44, 0x0000000000000000 | 5.19 6.46 7.86 | cpu  2135804502 50789778 267174797 14495874888 1669757 0 10523331 0 0 0
1791080799 1785, 2619, 44, 0x0000000000000000 | 5.41 6.49 7.86 | cpu  2135804904 50789778 267175079 14495899869 1669757 0 10523333 0 0 0
1791080800 1785, 2619, 44, 0x0000000000000000 | 5.41 6.49 7.86 | cpu  2135805278 50789778 267175287 14495927841 1669757 0 10523334 0 0 0
1791080801 1785, 2619, 44, 0x0000000000000000 | 5.41 6.49 7.86 | cpu  2135805674 50789778 267175442 14495953149 1669757 0 10523346 0 0 0
1791080803 1785, 2619, 44, 0x0000000000000000 | 5.41 6.49 7.86 | cpu  2135806029 50789778 267175570 14495978458 1669757 0 10523346 0 0 0
1791080804 1785, 2619, 44, 0x0000000000000000 | 5.22 6.43 7.83 | cpu  2135806365 50789778 267175614 14496004137 1669757 0 10523347 0 0 0
1791080805 1785, 2619, 44, 0x0000000000000000 | 5.22 6.43 7.83 | cpu  2135806713 50789778 267175661 14496030027 1669757 0 10523350 0 0 0
1791080806 1785, 2619, 44, 0x0000000000000000 | 5.22 6.43 7.83 | cpu  2135807064 50789778 267175769 14496055966 1669757 0 10523352 0 0 0
1791080807 1785, 2619, 44, 0x0000000000000000 | 5.22 6.43 7.83 | cpu  2135807446 50789778 267175901 14496081381 1669757 0 10523353 0 0 0
1791080808 1785, 2619, 44, 0x0000000000000000 | 5.22 6.43 7.83 | cpu  2135807844 50789779 267176085 14496106705 1669757 0 10523354 0 0 0
1791080810 1785, 2619, 44, 0x0000000000000000 | 5.20 6.41 7.82 | cpu  2135808254 50789779 267176306 14496132420 1669757 0 10523354 0 0 0
1791080811 1785, 2619, 44, 0x0000000000000000 | 5.20 6.41 7.82 | cpu  2135808588 50789779 267176454 14496158438 1669757 0 10523354 0 0 0
1791080812 1785, 2619, 44, 0x0000000000000000 | 5.20 6.41 7.82 | cpu  2135808948 50789779 267176594 14496184230 1669757 0 10523357 0 0 0
1791080813 1785, 2619, 44, 0x0000000000000000 | 5.20 6.41 7.82 | cpu  2135809309 50789779 267176733 14496210092 1669757 0 10523358 0 0 0
1791080814 1785, 2619, 44, 0x0000000000000000 | 5.11 6.37 7.80 | cpu  2135809662 50789779 267176838 14496235228 1669757 0 10523358 0 0 0
1791080815 1785, 2619, 44, 0x0000000000000000 | 5.11 6.37 7.80 | cpu  2135809985 50789779 267176905 14496260652 1669757 0 10523358 0 0 0
1791080817 1785, 2619, 44, 0x0000000000000000 | 5.11 6.37 7.80 | cpu  2135810364 50789779 267177036 14496286097 1669757 0 10523359 0 0 0
1791080818 1785, 2619, 44, 0x0000000000000000 | 5.11 6.37 7.80 | cpu  2135810756 50789779 267177152 14496311429 1669757 0 10523360 0 0 0
1791080819 1785, 2619, 44, 0x0000000000000000 | 5.10 6.34 7.78 | cpu  2135811150 50789779 267177364 14496336830 1669757 0 10523384 0 0 0
1791080820 1785, 2619, 44, 0x0000000000000000 | 5.10 6.34 7.78 | cpu  2135811569 50789779 267177678 14496365521 1669757 0 10523396 0 0 0
1791080821 1785, 2619, 44, 0x0000000000000000 | 5.10 6.34 7.78 | cpu  2135811949 50789779 267177928 14496390939 1669757 0 10523405 0 0 0
1791080823 1785, 2619, 44, 0x0000000000000000 | 5.10 6.34 7.78 | cpu  2135812311 50789779 267178163 14496415845 1669757 0 10523407 0 0 0
1791080824 1785, 2619, 44, 0x0000000000000000 | 5.25 6.35 7.78 | cpu  2135812675 50789779 267178404 14496441032 1669759 0 10523410 0 0 0
1791080825 1785, 2619, 44, 0x0000000000000000 | 5.25 6.35 7.78 | cpu  2135813044 50789780 267178657 14496466431 1669759 0 10523412 0 0 0
1791080826 1785, 2619, 44, 0x0000000000000000 | 5.25 6.35 7.78 | cpu  2135813398 50789780 267178859 14496491113 1669759 0 10523416 0 0 0
1791080827 1785, 2619, 44, 0x0000000000000000 | 5.25 6.35 7.78 | cpu  2135813763 50789780 267178979 14496516534 1669759 0 10523417 0 0 0
1791080828 1785, 2619, 44, 0x0000000000000000 | 5.25 6.35 7.78 | cpu  2135814155 50789780 267179092 14496542480 1669759 0 10523418 0 0 0
1791080829 1785, 2619, 44, 0x0000000000000000 | 5.15 6.31 7.76 | cpu  2135814586 50789780 267179226 14496568341 1669759 0 10523419 0 0 0
1791080831 1785, 2619, 44, 0x0000000000000000 | 5.15 6.31 7.76 | cpu  2135814909 50789780 267179298 14496594307 1669759 0 10523420 0 0 0
1791080832 1785, 2619, 44, 0x0000000000000000 | 5.15 6.31 7.76 | cpu  2135815282 50789780 267179422 14496619988 1669759 0 10523420 0 0 0
1791080833 1785, 2619, 44, 0x0000000000000000 | 5.15 6.31 7.76 | cpu  2135815641 50789780 267179557 14496645401 1669759 0 10523427 0 0 0
1791080834 1785, 2619, 44, 0x0000000000000000 | 5.06 6.28 7.74 | cpu  2135815995 50789780 267179700 14496671065 1669759 0 10523428 0 0 0
1791080835 1785, 2619, 44, 0x0000000000000000 | 5.06 6.28 7.74 | cpu  2135816338 50789780 267179865 14496696268 1669759 0 10523442 0 0 0
1791080836 1785, 2619, 44, 0x0000000000000000 | 5.06 6.28 7.74 | cpu  2135816733 50789780 267180089 14496722010 1669759 0 10523442 0 0 0
1791080838 1785, 2619, 44, 0x0000000000000000 | 5.06 6.28 7.74 | cpu  2135817135 50789781 267180217 14496747984 1669759 0 10523446 0 0 0
1791080839 1785, 2619, 44, 0x0000000000000000 | 4.97 6.24 7.72 | cpu  2135817511 50789781 267180340 14496773231 1669759 0 10523446 0 0 0
1791080840 1785, 2619, 44, 0x0000000000000000 | 4.97 6.24 7.72 | cpu  2135817889 50789781 267180508 14496801711 1669759 0 10523458 0 0 0
1791080841 1785, 2619, 44, 0x0000000000000000 | 4.97 6.24 7.72 | cpu  2135818236 50789781 267180552 14496826870 1669759 0 10523458 0 0 0
1791080842 1785, 2619, 44, 0x0000000000000000 | 4.97 6.24 7.72 | cpu  2135818587 50789781 267180660 14496852589 1669759 0 10523458 0 0 0
1791080844 1785, 2619, 44, 0x0000000000000000 | 4.97 6.22 7.70 | cpu  2135818952 50789781 267180794 14496878136 1669759 0 10523462 0 0 0
1791080845 1785, 2619, 44, 0x0000000000000000 | 4.97 6.22 7.70 | cpu  2135819330 50789781 267180953 14496903657 1669759 0 10523467 0 0 0
1791080846 1785, 2619, 44, 0x0000000000000000 | 4.97 6.22 7.70 | cpu  2135819690 50789782 267181153 14496929224 1669759 0 10523475 0 0 0
1791080847 1785, 2619, 44, 0x0000000000000000 | 4.97 6.22 7.70 | cpu  2135820042 50789782 267181411 14496954649 1669759 0 10523481 0 0 0
1791080848 1785, 2619, 44, 0x0000000000000000 | 4.97 6.22 7.70 | cpu  2135820412 50789782 267181647 14496980138 1669759 0 10523482 0 0 0
1791080849 1785, 2619, 44, 0x0000000000000000 | 4.98 6.20 7.69 | cpu  2135820769 50789782 267181860 14497006387 1669759 0 10523488 0 0 0
1791080851 1785, 2619, 44, 0x0000000000000000 | 4.98 6.20 7.69 | cpu  2135821025 50789782 267182041 14497030696 1669759 0 10523490 0 0 0
1791080852 1785, 2619, 44, 0x0000000000000000 | 4.98 6.20 7.69 | cpu  2135821526 50789782 267182477 14497056736 1669759 0 10523507 0 0 0
1791080853 1785, 2619, 44, 0x0000000000000000 | 4.98 6.20 7.69 | cpu  2135821936 50789782 267182874 14497082489 1669759 0 10523530 0 0 0
1791080854 1785, 2619, 44, 0x0000000000000000 | 4.98 6.18 7.67 | cpu  2135822356 50789782 267183206 14497108098 1669759 0 10523554 0 0 0
1791080855 1785, 2619, 44, 0x0000000000000000 | 4.98 6.18 7.67 | cpu  2135822645 50789782 267183462 14497132891 1669759 0 10523572 0 0 0
1791080857 1785, 2619, 44, 0x0000000000000000 | 4.98 6.18 7.67 | cpu  2135823087 50789782 267183815 14497158423 1669759 0 10523583 0 0 0
1791080858 1785, 2619, 44, 0x0000000000000000 | 4.98 6.18 7.67 | cpu  2135824454 50789782 267184152 14497182404 1669759 0 10523589 0 0 0
1791080859 1785, 2619, 44, 0x0000000000000000 | 5.06 6.17 7.66 | cpu  2135825834 50789782 267185406 14497205087 1669759 0 10523607 0 0 0
1791080860 1785, 2619, 44, 0x0000000000000000 | 5.06 6.17 7.66 | cpu  2135827608 50789782 267186907 14497228569 1669759 0 10523620 0 0 0
1791080861 1785, 2619, 44, 0x0000000000000000 | 5.06 6.17 7.66 | cpu  2135829203 50789782 267188423 14497251381 1669759 0 10523621 0 0 0
1791080862 1785, 2619, 44, 0x0000000000000000 | 5.06 6.17 7.66 | cpu  2135830744 50789782 267189942 14497273157 1669759 0 10523621 0 0 0
1791080863 1785, 2619, 44, 0x0000000000000000 | 5.06 6.17 7.66 | cpu  2135832404 50789782 267191642 14497296563 1669759 0 10523624 0 0 0
1791080865 1785, 2619, 44, 0x0000000000000000 | 4.90 6.12 7.64 | cpu  2135833122 50789782 267193476 14497320149 1669759 0 10523625 0 0 0
1791080866 1785, 2619, 44, 0x0000000000000000 | 4.90 6.12 7.64 | cpu  2135833538 50789782 267196401 14497342020 1669759 0 10523636 0 0 0
1791080867 1785, 2619, 44, 0x0000000000000000 | 4.90 6.12 7.64 | cpu  2135833996 50789782 267199740 14497364669 1669759 0 10523650 0 0 0
1791080868 1785, 2619, 44, 0x0000000000000000 | 4.90 6.12 7.64 | cpu  2135834524 50789783 267202789 14497387099 1669759 0 10523677 0 0 0
1791080869 1785, 2619, 44, 0x0000000000000000 | 4.90 6.10 7.62 | cpu  2135835163 50789783 267205598 14497408231 1669759 0 10523700 0 0 0
1791080870 1785, 2619, 44, 0x0000000000000000 | 4.90 6.10 7.62 | cpu  2135835862 50789784 267207080 14497431602 1669759 0 10523713 0 0 0
1791080871 1785, 2619, 44, 0x0000000000000000 | 4.90 6.10 7.62 | cpu  2135836454 50789784 267209869 14497453391 1669759 0 10523718 0 0 0
1791080873 1785, 2619, 44, 0x0000000000000000 | 4.90 6.10 7.62 | cpu  2135837396 50789784 267211597 14497477347 1669759 0 10523720 0 0 0
1791080874 1785, 2619, 44, 0x0000000000000000 | 4.91 6.08 7.61 | cpu  2135838096 50789784 267213492 14497500249 1669759 0 10523722 0 0 0
1791080875 1785, 2619, 44, 0x0000000000000000 | 4.91 6.08 7.61 | cpu  2135838385 50789784 267214109 14497524191 1669759 0 10523723 0 0 0
1791080876 1785, 2619, 44, 0x0000000000000000 | 4.91 6.08 7.61 | cpu  2135838991 50789784 267214709 14497548319 1669759 0 10523739 0 0 0
1791080877 1785, 2619, 44, 0x0000000000000000 | 4.91 6.08 7.61 | cpu  2135839513 50789784 267214905 14497573721 1669759 0 10523742 0 0 0
1791080878 1785, 2619, 44, 0x0000000000000000 | 4.91 6.08 7.61 | cpu  2135840000 50789784 267215012 14497597890 1669759 0 10523744 0 0 0
1791080880 1785, 2619, 44, 0x0000000000000000 | 5.00 6.08 7.60 | cpu  2135840969 50789784 267216665 14497620371 1669759 0 10523750 0 0 0
1791080881 1785, 2619, 44, 0x0000000000000000 | 5.00 6.08 7.60 | cpu  2135842030 50789784 267217875 14497642094 1669759 0 10523752 0 0 0
1791080882 1785, 2619, 44, 0x0000000000000000 | 5.00 6.08 7.60 | cpu  2135842592 50789784 267217991 14497666477 1669759 0 10523753 0 0 0
1791080883 1785, 2619, 44, 0x0000000000000000 | 5.00 6.08 7.60 | cpu  2135843065 50789784 267218099 14497691441 1669761 0 10523760 0 0 0
1791080884 1785, 2619, 44, 0x0000000000000000 | 5.00 6.06 7.59 | cpu  2135843539 50789784 267218217 14497715705 1669761 0 10523760 0 0 0
1791080885 1785, 2619, 44, 0x0000000000000000 | 5.00 6.06 7.59 | cpu  2135843978 50789784 267218324 14497740328 1669761 0 10523760 0 0 0
1791080886 1785, 2619, 44, 0x0000000000000000 | 5.00 6.06 7.59 | cpu  2135844493 50789784 267218532 14497765369 1669761 0 10523766 0 0 0
1791080887 1785, 2619, 44, 0x0000000000000000 | 5.00 6.06 7.59 | cpu  2135844983 50789784 267218735 14497789449 1669761 0 10523770 0 0 0
1791080889 1785, 2619, 44, 0x0000000000000000 | 5.00 6.06 7.59 | cpu  2135845686 50789784 267219765 14497813947 1669761 0 10523772 0 0 0
1791080890 1785, 2619, 44, 0x0000000000000000 | 4.92 6.03 7.57 | cpu  2135846279 50789784 267221893 14497838580 1669761 0 10523778 0 0 0
1791080891 1785, 2619, 44, 0x0000000000000000 | 4.92 6.03 7.57 | cpu  2135846874 50789784 267224814 14497860528 1669761 0 10523780 0 0 0
1791080892 1785, 2619, 44, 0x0000000000000000 | 4.92 6.03 7.57 | cpu  2135847571 50789784 267227634 14497882752 1669761 0 10523783 0 0 0
1791080893 1785, 2619, 44, 0x0000000000000000 | 4.92 6.03 7.57 | cpu  2135848484 50789784 267228715 14497905556 1669761 0 10523787 0 0 0
1791080894 1785, 2619, 44, 0x0000000000000000 | 4.85 5.99 7.55 | cpu  2135849354 50789784 267231224 14497927484 1669761 0 10523790 0 0 0
1791080895 1785, 2619, 45, 0x0000000000000000 | 4.85 5.99 7.55 | cpu  2135850136 50789784 267231822 14497949919 1669761 0 10523796 0 0 0
1791080897 1785, 2619, 45, 0x0000000000000000 | 4.85 5.99 7.55 | cpu  2135851220 50789784 267234193 14497971722 1669761 0 10523812 0 0 0
1791080898 1785, 2619, 45, 0x0000000000000000 | 4.85 5.99 7.55 | cpu  2135851620 50789784 267234502 14497996477 1669761 0 10523821 0 0 0
1791080899 1785, 2619, 45, 0x0000000000000000 | 5.02 6.01 7.54 | cpu  2135852021 50789784 267234900 14498021116 1669761 0 10523830 0 0 0
1791080900 1785, 2619, 45, 0x0000000000000000 | 5.02 6.01 7.54 | cpu  2135852613 50789784 267235842 14498044220 1669761 0 10523838 0 0 0
1791080901 1785, 2619, 45, 0x0000000000000000 | 5.02 6.01 7.54 | cpu  2135853124 50789784 267235999 14498069006 1669761 0 10523846 0 0 0
1791080902 1785, 2619, 45, 0x0000000000000000 | 5.02 6.01 7.54 | cpu  2135853608 50789785 267236098 14498094535 1669761 0 10523846 0 0 0
1791080903 1785, 2619, 45, 0x0000000000000000 | 5.02 6.01 7.54 | cpu  2135854526 50789785 267237771 14498116615 1669761 0 10523846 0 0 0
1791080904 1785, 2619, 45, 0x0000000000000000 | 4.86 5.96 7.52 | cpu  2135855549 50789785 267239043 14498139094 1669761 0 10523846 0 0 0
1791080906 1785, 2619, 45, 0x0000000000000000 | 4.86 5.96 7.52 | cpu  2135855972 50789785 267239086 14498163392 1669761 0 10523846 0 0 0
1791080907 1785, 2619, 45, 0x0000000000000000 | 4.86 5.96 7.52 | cpu  2135856454 50789785 267239197 14498187925 1669761 0 10523850 0 0 0
1791080908 1785, 2619, 45, 0x0000000000000000 | 4.86 5.96 7.52 | cpu  2135856960 50789785 267239349 14498212310 1669761 0 10523853 0 0 0
1791080909 1785, 2619, 45, 0x0000000000000000 | 4.95 5.96 7.51 | cpu  2135857455 50789785 267239555 14498236576 1669761 0 10523858 0 0 0
1791080910 1785, 2619, 45, 0x0000000000000000 | 4.95 5.96 7.51 | cpu  2135857921 50789785 267239753 14498261227 1669761 0 10523871 0 0 0
1791080911 1785, 2619, 45, 0x0000000000000000 | 4.95 5.96 7.51 | cpu  2135858414 50789785 267239898 14498286598 1669761 0 10523881 0 0 0
1791080912 1785, 2619, 45, 0x0000000000000000 | 4.95 5.96 7.51 | cpu  2135859288 50789785 267241166 14498310631 1669761 0 10523888 0 0 0
1791080914 1785, 2619, 45, 0x0000000000000000 | 4.95 5.96 7.51 | cpu  2135859922 50789785 267243349 14498333333 1669761 0 10523891 0 0 0
1791080915 1785, 2619, 45, 0x0000000000000000 | 4.71 5.90 7.48 | cpu  2135860389 50789785 267243632 14498358605 1669761 0 10523895 0 0 0
1791080916 1785, 2619, 45, 0x0000000000000000 | 4.71 5.90 7.48 | cpu  2135860925 50789785 267243799 14498383151 1669761 0 10523895 0 0 0
1791080917 1785, 2619, 45, 0x0000000000000000 | 4.71 5.90 7.48 | cpu  2135861368 50789785 267244032 14498408830 1669761 0 10523896 0 0 0
1791080918 1785, 2619, 45, 0x0000000000000000 | 4.71 5.90 7.48 | cpu  2135861979 50789785 267244266 14498433549 1669761 0 10523896 0 0 0
1791080919 1785, 2619, 45, 0x0000000000000000 | 4.66 5.86 7.46 | cpu  2135862578 50789785 267244538 14498458024 1669761 0 10523899 0 0 0
1791080920 1785, 2619, 45, 0x0000000000000000 | 4.66 5.86 7.46 | cpu  2135862938 50789785 267244707 14498482960 1669761 0 10523914 0 0 0
1791080922 1785, 2619, 45, 0x0000000000000000 | 4.66 5.86 7.46 | cpu  2135863614 50789785 267246343 14498506286 1669761 0 10523918 0 0 0
1791080923 1785, 2619, 45, 0x0000000000000000 | 4.66 5.86 7.46 | cpu  2135864023 50789785 267246528 14498530852 1669761 0 10523922 0 0 0
1791080924 1785, 2619, 45, 0x0000000000000000 | 4.60 5.83 7.44 | cpu  2135864583 50789785 267246780 14498554925 1669761 0 10523926 0 0 0
1791080925 1785, 2619, 45, 0x0000000000000000 | 4.60 5.83 7.44 | cpu  2135864946 50789785 267246954 14498579395 1669761 0 10523931 0 0 0
1791080926 1785, 2619, 45, 0x0000000000000000 | 4.60 5.83 7.44 | cpu  2135865499 50789785 267247268 14498603754 1669761 0 10523938 0 0 0
1791080927 1785, 2619, 45, 0x0000000000000000 | 4.60 5.83 7.44 | cpu  2135866042 50789785 267247582 14498629137 1669761 0 10523945 0 0 0
1791080928 1785, 2619, 45, 0x0000000000000000 | 4.60 5.83 7.44 | cpu  2135866408 50789785 267247800 14498653830 1669761 0 10523946 0 0 0
1791080930 1785, 2619, 45, 0x0000000000000000 | 4.87 5.87 7.45 | cpu  2135867041 50789785 267247946 14498681289 1669761 0 10523954 0 0 0
1791080931 1785, 2619, 45, 0x0000000000000000 | 4.87 5.87 7.45 | cpu  2135867680 50789785 267248076 14498706937 1669761 0 10523956 0 0 0
1791080932 1785, 2619, 45, 0x0000000000000000 | 4.87 5.87 7.45 | cpu  2135868304 50789786 267248217 14498731957 1669761 0 10523956 0 0 0
1791080933 1785, 2619, 45, 0x0000000000000000 | 4.87 5.87 7.45 | cpu  2135868717 50789786 267248430 14498756454 1669761 0 10523964 0 0 0
1791080934 1785, 2619, 45, 0x0000000000000000 | 4.80 5.84 7.43 | cpu  2135869449 50789786 267248573 14498780693 1669761 0 10523965 0 0 0
1791080935 1785, 2619, 45, 0x0000000000000000 | 4.80 5.84 7.43 | cpu  2135871073 50789786 267248673 14498803392 1669761 0 10523970 0 0 0
1791080936 1785, 2619, 45, 0x0000000000000000 | 4.80 5.84 7.43 | cpu  2135874457 50789786 267248818 14498825376 1669761 0 10523984 0 0 0
1791080938 1785, 2619, 45, 0x0000000000000000 | 4.80 5.84 7.43 | cpu  2135877592 50789786 267248973 14498848194 1669761 0 10523987 0 0 0
1791080939 1785, 2619, 45, 0x0000000000000000 | 4.90 5.84 7.42 | cpu  2135878615 50789786 267249172 14498872237 1669761 0 10523990 0 0 0
1791080940 1785, 2619, 45, 0x0000000000000000 | 4.90 5.84 7.42 | cpu  2135878984 50789786 267249323 14498896752 1669761 0 10523996 0 0 0
1791080941 1785, 2619, 45, 0x0000000000000000 | 4.90 5.84 7.42 | cpu  2135879329 50789786 267249395 14498921886 1669761 0 10523996 0 0 0
1791080942 1785, 2619, 45, 0x0000000000000000 | 4.90 5.84 7.42 | cpu  2135879668 50789786 267249435 14498947283 1669763 0 10523996 0 0 0
1791080943 1785, 2619, 45, 0x0000000000000000 | 4.90 5.84 7.42 | cpu  2135879993 50789786 267249478 14498972270 1669763 0 10523996 0 0 0
1791080945 1785, 2619, 45, 0x0000000000000000 | 4.75 5.79 7.40 | cpu  2135880333 50789786 267249526 14498999922 1669763 0 10523996 0 0 0
1791080946 1785, 2619, 45, 0x0000000000000000 | 4.75 5.79 7.40 | cpu  2135880697 50789786 267249683 14499024848 1669763 0 10524000 0 0 0
1791080947 1785, 2619, 45, 0x0000000000000000 | 4.75 5.79 7.40 | cpu  2135881099 50789786 267250001 14499050110 1669763 0 10524016 0 0 0
1791080948 1785, 2619, 45, 0x0000000000000000 | 4.75 5.79 7.40 | cpu  2135881519 50789786 267250310 14499075712 1669763 0 10524023 0 0 0
1791080949 1785, 2619, 45, 0x0000000000000000 | 4.85 5.80 7.39 | cpu  2135881922 50789786 267250573 14499101211 1669763 0 10524027 0 0 0
1791080950 1785, 2619, 45, 0x0000000000000000 | 4.85 5.80 7.39 | cpu  2135882281 50789786 267250766 14499126644 1669763 0 10524031 0 0 0
1791080952 1785, 2619, 45, 0x0000000000000000 | 4.85 5.80 7.39 | cpu  2135882650 50789786 267250884 14499151591 1669763 0 10524034 0 0 0
1791080953 1785, 2619, 45, 0x0000000000000000 | 4.85 5.80 7.39 | cpu  2135882990 50789786 267250916 14499177115 1669763 0 10524037 0 0 0
1791080954 1785, 2619, 45, 0x0000000000000000 | 4.78 5.77 7.37 | cpu  2135883340 50789786 267250952 14499203151 1669763 0 10524037 0 0 0
1791080955 1785, 2619, 45, 0x0000000000000000 | 4.78 5.77 7.37 | cpu  2135883632 50789786 267250990 14499227848 1669763 0 10524042 0 0 0
1791080956 1785, 2619, 45, 0x0000000000000000 | 4.78 5.77 7.37 | cpu  2135883989 50789786 267251082 14499253440 1669763 0 10524045 0 0 0
1791080957 1785, 2619, 45, 0x0000000000000000 | 4.78 5.77 7.37 | cpu  2135884396 50789786 267251312 14499279509 1669763 0 10524048 0 0 0
1791080958 1785, 2619, 45, 0x0000000000000000 | 4.78 5.77 7.37 | cpu  2135884795 50789786 267251505 14499304031 1669763 0 10524054 0 0 0
1791080960 1785, 2619, 45, 0x0000000000000000 | 4.88 5.77 7.36 | cpu  2135885164 50789786 267251712 14499329464 1669763 0 10524056 0 0 0
1791080961 1785, 2619, 45, 0x0000000000000000 | 4.88 5.77 7.36 | cpu  2135885550 50789786 267251924 14499353958 1669763 0 10524058 0 0 0
1791080962 1785, 2619, 45, 0x0000000000000000 | 4.88 5.77 7.36 | cpu  2135885920 50789786 267252064 14499379767 1669763 0 10524061 0 0 0
1791080963 1785, 2619, 45, 0x0000000000000000 | 4.88 5.77 7.36 | cpu  2135886282 50789786 267252192 14499404867 1669763 0 10524070 0 0 0
1791080964 1785, 2619, 45, 0x0000000000000000 | 4.81 5.74 7.34 | cpu  2135886625 50789786 267252332 14499430002 1669763 0 10524073 0 0 0
1791080965 1785, 2619, 45, 0x0000000000000000 | 4.81 5.74 7.34 | cpu  2135886924 50789786 267252461 14499454914 1669763 0 10524075 0 0 0
1791080966 1785, 2619, 45, 0x0000000000000000 | 4.81 5.74 7.34 | cpu  2135887295 50789786 267252585 14499480396 1669763 0 10524076 0 0 0
1791080968 1785, 2619, 45, 0x0000000000000000 | 4.81 5.74 7.34 | cpu  2135887676 50789786 267252718 14499506423 1669763 0 10524076 0 0 0
1791080969 1785, 2619, 45, 0x0000000000000000 | 5.06 5.78 7.35 | cpu  2135888121 50789786 267252933 14499531920 1669763 0 10524082 0 0 0
1791080970 1785, 2619, 45, 0x0000000000000000 | 5.06 5.78 7.35 | cpu  2135888489 50789786 267253121 14499556876 1669763 0 10524084 0 0 0
1791080971 1785, 2619, 45, 0x0000000000000000 | 5.06 5.78 7.35 | cpu  2135888865 50789787 267253308 14499582265 1669763 0 10524085 0 0 0
1791080972 1785, 2619, 45, 0x0000000000000000 | 5.06 5.78 7.35 | cpu  2135889226 50789787 267253432 14499607305 1669763 0 10524088 0 0 0
1791080973 1785, 2619, 45, 0x0000000000000000 | 5.06 5.78 7.35 | cpu  2135889584 50789787 267253566 14499632772 1669763 0 10524091 0 0 0
1791080975 1785, 2619, 45, 0x0000000000000000 | 4.98 5.75 7.33 | cpu  2135889894 50789787 267253646 14499657815 1669763 0 10524091 0 0 0
1791080976 1785, 2619, 45, 0x0000000000000000 | 4.98 5.75 7.33 | cpu  2135890251 50789787 267253707 14499683253 1669763 0 10524093 0 0 0
1791080977 1785, 2619, 45, 0x0000000000000000 | 4.98 5.75 7.33 | cpu  2135890637 50789787 267253845 14499707883 1669763 0 10524097 0 0 0
1791080978 1785, 2619, 45, 0x0000000000000000 | 4.98 5.75 7.33 | cpu  2135891015 50789787 267253979 14499733024 1669763 0 10524101 0 0 0
1791080979 1785, 2619, 45, 0x0000000000000000 | 5.06 5.75 7.32 | cpu  2135891413 50789787 267254240 14499760920 1669763 0 10524110 0 0 0
1791080980 1785, 2619, 45, 0x0000000000000000 | 5.06 5.75 7.32 | cpu  2135891828 50789787 267254573 14499786035 1669763 0 10524120 0 0 0
1791080982 1785, 2619, 45, 0x0000000000000000 | 5.06 5.75 7.32 | cpu  2135892206 50789787 267254820 14499811422 1669763 0 10524126 0 0 0
1791080983 1785, 2619, 45, 0x0000000000000000 | 5.06 5.75 7.32 | cpu  2135892558 50789787 267254958 14499836596 1669763 0 10524126 0 0 0
1791080984 1785, 2619, 45, 0x0000000000000000 | 4.97 5.72 7.30 | cpu  2135892921 50789787 267255092 14499861799 1669763 0 10524130 0 0 0
1791080985 1785, 2619, 45, 0x0000000000000000 | 4.97 5.72 7.30 | cpu  2135893234 50789787 267255220 14499887056 1669763 0 10524136 0 0 0
1791080986 1785, 2619, 45, 0x0000000000000000 | 4.97 5.72 7.30 | cpu  2135893606 50789787 267255335 14499912787 1669763 0 10524139 0 0 0
1791080987 1785, 2619, 45, 0x0000000000000000 | 4.97 5.72 7.30 | cpu  2135893964 50789787 267255464 14499937807 1669763 0 10524139 0 0 0
1791080989 1785, 2619, 45, 0x0000000000000000 | 4.97 5.72 7.30 | cpu  2135894352 50789787 267255567 14499963302 1669763 0 10524139 0 0 0
1791080990 1785, 2619, 45, 0x0000000000000000 | 4.90 5.70 7.29 | cpu  2135894707 50789787 267255676 14499989137 1669763 0 10524147 0 0 0
1791080991 1785, 2619, 45, 0x0000000000000000 | 4.90 5.70 7.29 | cpu  2135895090 50789787 267255817 14500015110 1669763 0 10524149 0 0 0
1791080992 1785, 2619, 45, 0x0000000000000000 | 4.90 5.70 7.29 | cpu  2135895462 50789787 267255995 14500040346 1669763 0 10524156 0 0 0
1791080993 1785, 2619, 45, 0x0000000000000000 | 4.90 5.70 7.29 | cpu  2135895832 50789787 267256257 14500066034 1669763 0 10524158 0 0 0
1791080994 1785, 2619, 45, 0x0000000000000000 | 4.99 5.70 7.28 | cpu  2135896174 50789788 267256485 14500091255 1669763 0 10524176 0 0 0
1791080996 1785, 2619, 45, 0x0000000000000000 | 4.99 5.70 7.28 | cpu  2135896561 50789788 267256776 14500116528 1669763 0 10524192 0 0 0
1791080997 1785, 2619, 45, 0x0000000000000000 | 4.99 5.70 7.28 | cpu  2135896972 50789788 267257090 14500141862 1669763 0 10524197 0 0 0
1791080998 1785, 2619, 45, 0x0000000000000000 | 4.99 5.70 7.28 | cpu  2135897357 50789788 267257293 14500166763 1669763 0 10524203 0 0 0
1791080999 1785, 2619, 44, 0x0000000000000000 | 4.91 5.67 7.26 | cpu  2135897737 50789788 267257406 14500192270 1669763 0 10524204 0 0 0
1791081000 1785, 2619, 44, 0x0000000000000000 | 4.91 5.67 7.26 | cpu  2135898088 50789788 267257509 14500217840 1669763 0 10524208 0 0 0
1791081001 1785, 2619, 45, 0x0000000000000000 | 4.91 5.67 7.26 | cpu  2135898464 50789788 267257614 14500242966 1669763 0 10524214 0 0 0
1791081003 1785, 2619, 45, 0x0000000000000000 | 4.91 5.67 7.26 | cpu  2135898846 50789788 267257730 14500269108 1669765 0 10524217 0 0 0
1791081004 1785, 2619, 45, 0x0000000000000000 | 4.99 5.68 7.25 | cpu  2135899233 50789788 267257896 14500294684 1669765 0 10524221 0 0 0
1791081005 1785, 2619, 45, 0x0000000000000000 | 4.99 5.68 7.25 | cpu  2135899542 50789788 267258020 14500319155 1669765 0 10524222 0 0 0
1791081006 1785, 2619, 45, 0x0000000000000000 | 4.99 5.68 7.25 | cpu  2135899919 50789788 267258191 14500344518 1669765 0 10524222 0 0 0
1791081007 1785, 2619, 45, 0x0000000000000000 | 4.99 5.68 7.25 | cpu  2135900304 50789788 267258413 14500369769 1669765 0 10524230 0 0 0
1791081008 1785, 2619, 45, 0x0000000000000000 | 4.99 5.68 7.25 | cpu  2135900713 50789788 267258622 14500395170 1669765 0 10524232 0 0 0
1791081009 1785, 2619, 44, 0x0000000000000000 | 4.91 5.65 7.24 | cpu  2135901047 50789788 267258750 14500419924 1669765 0 10524243 0 0 0
1791081011 1785, 2619, 44, 0x0000000000000000 | 4.91 5.65 7.24 | cpu  2135901436 50789788 267258870 14500445370 1669765 0 10524249 0 0 0
1791081012 1785, 2619, 44, 0x0000000000000000 | 4.91 5.65 7.24 | cpu  2135901783 50789788 267258914 14500471873 1669765 0 10524250 0 0 0
1791081013 1785, 2619, 44, 0x0000000000000000 | 4.91 5.65 7.24 | cpu  2135902120 50789788 267258955 14500497329 1669765 0 10524252 0 0 0
1791081014 1785, 2619, 44, 0x0000000000000000 | 4.84 5.62 7.22 | cpu  2135902509 50789788 267259045 14500525344 1669765 0 10524253 0 0 0
1791081015 1785, 2619, 44, 0x0000000000000000 | 4.84 5.62 7.22 | cpu  2135902892 50789788 267259204 14500551220 1669765 0 10524255 0 0 0
1791081017 1785, 2619, 44, 0x0000000000000000 | 4.84 5.62 7.22 | cpu  2135903279 50789788 267259404 14500576143 1669765 0 10524257 0 0 0
1791081018 1785, 2619, 44, 0x0000000000000000 | 4.84 5.62 7.22 | cpu  2135903658 50789788 267259628 14500601286 1669765 0 10524266 0 0 0
1791081019 1785, 2619, 44, 0x0000000000000000 | 4.85 5.61 7.21 | cpu  2135904043 50789788 267259828 14500625910 1669765 0 10524271 0 0 0
1791081020 1785, 2619, 44, 0x0000000000000000 | 4.85 5.61 7.21 | cpu  2135904447 50789788 267260044 14500652494 1669765 0 10524283 0 0 0
1791081021 1785, 2619, 44, 0x0000000000000000 | 4.85 5.61 7.21 | cpu  2135904793 50789788 267260136 14500677535 1669765 0 10524288 0 0 0
1791081022 1785, 2619, 44, 0x0000000000000000 | 4.85 5.61 7.21 | cpu  2135905136 50789788 267260170 14500703224 1669765 0 10524296 0 0 0
1791081024 1785, 2619, 44, 0x0000000000000000 | 4.85 5.61 7.21 | cpu  2135905469 50789789 267260218 14500728941 1669765 0 10524297 0 0 0
1791081025 1785, 2619, 44, 0x0000000000000000 | 4.79 5.58 7.19 | cpu  2135905868 50789789 267260284 14500755576 1669765 0 10524298 0 0 0
1791081026 1785, 2619, 44, 0x0000000000000000 | 4.79 5.58 7.19 | cpu  2135906378 50789789 267260489 14500780339 1669765 0 10524318 0 0 0
1791081027 1785, 2619, 44, 0x0000000000000000 | 4.79 5.58 7.19 | cpu  2135906934 50789789 267260803 14500806797 1669765 0 10524353 0 0 0
1791081028 1785, 2619, 44, 0x0000000000000000 | 4.79 5.58 7.19 | cpu  2135907401 50789789 267261084 14500831573 1669765 0 10524366 0 0 0
1791081029 1785, 2619, 44, 0x0000000000000000 | 4.80 5.58 7.18 | cpu  2135907771 50789789 267261308 14500857469 1669765 0 10524368 0 0 0
1791081031 1785, 2619, 44, 0x0000000000000000 | 4.80 5.58 7.18 | cpu  2135908189 50789789 267261592 14500882385 1669765 0 10524372 0 0 0
1791081032 1785, 2619, 44, 0x0000000000000000 | 4.80 5.58 7.18 | cpu  2135908569 50789789 267261844 14500907537 1669765 0 10524372 0 0 0
1791081033 1785, 2619, 44, 0x0000000000000000 | 4.80 5.58 7.18 | cpu  2135908914 50789789 267261993 14500932773 1669765 0 10524374 0 0 0
1791081034 1785, 2619, 44, 0x0000000000000000 | 4.74 5.55 7.16 | cpu  2135909266 50789790 267262134 14500960394 1669765 0 10524374 0 0 0
1791081035 1785, 2619, 44, 0x0000000000000000 | 4.74 5.55 7.16 | cpu  2135909610 50789790 267262276 14500985468 1669765 0 10524375 0 0 0
1791081036 1785, 2619, 44, 0x0000000000000000 | 4.74 5.55 7.16 | cpu  2135909965 50789790 267262465 14501010488 1669765 0 10524376 0 0 0
1791081038 1785, 2619, 44, 0x0000000000000000 | 4.74 5.55 7.16 | cpu  2135910369 50789790 267262726 14501036068 1669765 0 10524376 0 0 0
1791081039 1785, 2619, 44, 0x0000000000000000 | 4.84 5.56 7.15 | cpu  2135910776 50789790 267262922 14501061404 1669765 0 10524378 0 0 0
1791081040 1785, 2619, 44, 0x0000000000000000 | 4.84 5.56 7.15 | cpu  2135911135 50789790 267263138 14501086657 1669765 0 10524386 0 0 0
1791081041 1785, 2619, 44, 0x0000000000000000 | 4.84 5.56 7.15 | cpu  2135911516 50789790 267263350 14501111709 1669765 0 10524391 0 0 0
1791081042 1785, 2619, 44, 0x0000000000000000 | 4.84 5.56 7.15 | cpu  2135911880 50789790 267263485 14501137649 1669765 0 10524394 0 0 0
1791081043 1785, 2619, 44, 0x0000000000000000 | 4.84 5.56 7.15 | cpu  2135912228 50789790 267263599 14501162786 1669765 0 10524396 0 0 0
1791081045 1785, 2619, 44, 0x0000000000000000 | 4.85 5.55 7.14 | cpu  2135912531 50789790 267263636 14501187814 1669765 0 10524396 0 0 0
1791081046 1785, 2619, 44, 0x0000000000000000 | 4.85 5.55 7.14 | cpu  2135912867 50789790 267263672 14501212983 1669765 0 10524396 0 0 0
1791081047 1785, 2619, 44, 0x0000000000000000 | 4.85 5.55 7.14 | cpu  2135913231 50789790 267263778 14501238457 1669765 0 10524396 0 0 0
1791081048 1785, 2619, 44, 0x0000000000000000 | 4.85 5.55 7.14 | cpu  2135913593 50789791 267263903 14501263865 1669765 0 10524397 0 0 0
1791081049 1785, 2619, 44, 0x0000000000000000 | 4.94 5.56 7.14 | cpu  2135913958 50789791 267264082 14501289861 1669765 0 10524400 0 0 0
1791081050 1785, 2619, 44, 0x0000000000000000 | 4.94 5.56 7.14 | cpu  2135914362 50789791 267264282 14501314745 1669765 0 10524406 0 0 0
1791081051 1785, 2619, 44, 0x0000000000000000 | 4.94 5.56 7.14 | cpu  2135914787 50789791 267264509 14501339615 1669765 0 10524415 0 0 0
1791081053 1785, 2619, 44, 0x0000000000000000 | 4.94 5.56 7.14 | cpu  2135915146 50789791 267264636 14501364688 1669765 0 10524423 0 0 0
1791081054 1785, 2619, 44, 0x0000000000000000 | 5.03 5.56 7.13 | cpu  2135915510 50789791 267264761 14501389792 1669765 0 10524426 0 0 0
1791081055 1785, 2619, 44, 0x0000000000000000 | 5.03 5.56 7.13 | cpu  2135915834 50789791 267264871 14501415103 1669765 0 10524432 0 0 0
1791081056 1785, 2619, 44, 0x0000000000000000 | 5.03 5.56 7.13 | cpu  2135916177 50789791 267264926 14501441171 1669765 0 10524433 0 0 0
1791081057 1785, 2619, 44, 0x0000000000000000 | 5.03 5.56 7.13 | cpu  2135916557 50789792 267265082 14501466220 1669765 0 10524436 0 0 0
1791081058 1785, 2619, 44, 0x0000000000000000 | 5.03 5.56 7.13 | cpu  2135916935 50789792 267265299 14501492084 1669765 0 10524437 0 0 0
1791081060 1785, 2619, 44, 0x0000000000000000 | 4.95 5.54 7.11 | cpu  2135917264 50789792 267265419 14501516938 1669765 0 10524441 0 0 0
1791081061 1785, 2619, 44, 0x0000000000000000 | 4.95 5.54 7.11 | cpu  2135917673 50789792 267265621 14501542294 1669765 0 10524455 0 0 0
1791081062 1785, 2619, 44, 0x0000000000000000 | 4.95 5.54 7.11 | cpu  2135918057 50789792 267265844 14501568428 1669765 0 10524466 0 0 0
1791081063 1785, 2619, 44, 0x0000000000000000 | 4.95 5.54 7.11 | cpu  2135918430 50789792 267266090 14501593482 1669767 0 10524471 0 0 0
1791081064 1785, 2619, 44, 0x0000000000000000 | 4.95 5.53 7.10 | cpu  2135918778 50789792 267266314 14501618587 1669767 0 10524474 0 0 0
1791081065 1785, 2619, 44, 0x0000000000000000 | 4.95 5.53 7.10 | cpu  2135919147 50789792 267266550 14501643502 1669767 0 10524475 0 0 0
1791081067 1785, 2619, 44, 0x0000000000000000 | 4.95 5.53 7.10 | cpu  2135919517 50789792 267266775 14501668506 1669767 0 10524477 0 0 0
1791081068 1785, 2619, 44, 0x0000000000000000 | 4.95 5.53 7.10 | cpu  2135919894 50789792 267266992 14501693522 1669767 0 10524482 0 0 0
1791081069 1785, 2619, 44, 0x0000000000000000 | 5.04 5.54 7.09 | cpu  2135920275 50789792 267267206 14501717960 1669767 0 10524490 0 0 0
1791081070 1785, 2619, 44, 0x0000000000000000 | 5.04 5.54 7.09 | cpu  2135920614 50789792 267267328 14501743408 1669767 0 10524493 0 0 0
1791081071 1785, 2619, 44, 0x0000000000000000 | 5.04 5.54 7.09 | cpu  2135920988 50789792 267267464 14501769308 1669767 0 10524496 0 0 0
1791081072 1785, 2619, 44, 0x0000000000000000 | 5.04 5.54 7.09 | cpu  2135921349 50789792 267267636 14501794311 1669767 0 10524500 0 0 0
1791081073 1785, 2619, 44, 0x0000000000000000 | 5.04 5.54 7.09 | cpu  2135921706 50789792 267267768 14501819425 1669767 0 10524501 0 0 0
1791081075 1785, 2619, 44, 0x0000000000000000 | 4.95 5.51 7.08 | cpu  2135922035 50789792 267267897 14501844261 1669767 0 10524505 0 0 0
1791081076 1785, 2619, 44, 0x0000000000000000 | 4.95 5.51 7.08 | cpu  2135922401 50789792 267268034 14501869803 1669767 0 10524505 0 0 0
1791081077 1785, 2619, 44, 0x0000000000000000 | 4.95 5.51 7.08 | cpu  2135922790 50789792 267268238 14501894794 1669767 0 10524516 0 0 0
1791081078 1785, 2619, 44, 0x0000000000000000 | 4.95 5.51 7.08 | cpu  2135923171 50789792 267268401 14501920431 1669767 0 10524516 0 0 0
1791081079 1785, 2619, 44, 0x0000000000000000 | 4.88 5.48 7.06 | cpu  2135923512 50789792 267268501 14501945483 1669767 0 10524517 0 0 0
1791081080 1785, 2619, 44, 0x0000000000000000 | 4.88 5.48 7.06 | cpu  2135923898 50789793 267268622 14501971404 1669767 0 10524518 0 0 0
1791081082 1785, 2619, 44, 0x0000000000000000 | 4.88 5.48 7.06 | cpu  2135924276 50789794 267268754 14501996546 1669767 0 10524524 0 0 0
1791081083 1785, 2619, 44, 0x0000000000000000 | 4.88 5.48 7.06 | cpu  2135924749 50789794 267269048 14502022228 1669767 0 10524542 0 0 0
1791081084 1785, 2619, 44, 0x0000000000000000 | 4.97 5.49 7.05 | cpu  2135925184 50789794 267269250 14502050497 1669767 0 10524542 0 0 0
1791081085 1785, 2619, 44, 0x0000000000000000 | 4.97 5.49 7.05 | cpu  2135925580 50789794 267269485 14502075870 1669767 0 10524549 0 0 0
1791081086 1785, 2619, 44, 0x0000000000000000 | 4.97 5.49 7.05 | cpu  2135926035 50789794 267270822 14502100832 1669767 0 10524553 0 0 0
1791081087 1785, 2619, 44, 0x0000000000000000 | 4.97 5.49 7.05 | cpu  2135926385 50789794 267271130 14502125746 1669767 0 10524574 0 0 0
1791081089 1785, 2619, 44, 0x0000000000000000 | 4.97 5.49 7.05 | cpu  2135926744 50789794 267271379 14502151199 1669767 0 10524574 0 0 0
1791081090 1785, 2619, 44, 0x0000000000000000 | 4.97 5.48 7.04 | cpu  2135927025 50789794 267271581 14502176838 1669767 0 10524579 0 0 0
1791081091 1785, 2619, 44, 0x0000000000000000 | 4.97 5.48 7.04 | cpu  2135927343 50789794 267271754 14502202336 1669767 0 10524586 0 0 0
1791081092 1785, 2619, 44, 0x0000000000000000 | 4.97 5.48 7.04 | cpu  2135927588 50789794 267271912 14502227435 1669767 0 10524592 0 0 0
1791081093 1785, 2619, 44, 0x0000000000000000 | 4.97 5.48 7.04 | cpu  2135927835 50789794 267272016 14502253147 1669767 0 10524594 0 0 0
1791081094 1785, 2619, 44, 0x0000000000000000 | 4.89 5.46 7.03 | cpu  2135928066 50789794 267272162 14502278163 1669767 0 10524604 0 0 0
1791081096 1785, 2619, 44, 0x0000000000000000 | 4.89 5.46 7.03 | cpu  2135928354 50789794 267272496 14502304025 1669767 0 10524617 0 0 0
1791081097 1785, 2619, 44, 0x0000000000000000 | 4.89 5.46 7.03 | cpu  2135929058 50789794 267272912 14502328997 1669767 0 10524632 0 0 0
1791081098 1785, 2619, 44, 0x0000000000000000 | 4.89 5.46 7.03 | cpu  2135929622 50789794 267273566 14502354516 1669767 0 10524652 0 0 0
1791081099 1785, 2619, 44, 0x0000000000000000 | 5.14 5.50 7.03 | cpu  2135930410 50789794 267273915 14502379313 1669767 0 10524663 0 0 0
1791081100 1785, 2619, 44, 0x0000000000000000 | 5.14 5.50 7.03 | cpu  2135932039 50789794 267275352 14502402436 1669767 0 10524678 0 0 0
1791081101 1785, 2619, 44, 0x0000000000000000 | 5.14 5.50 7.03 | cpu  2135933675 50789794 267276978 14502424074 1669767 0 10524688 0 0 0
1791081103 1785, 2619, 44, 0x0000000000000000 | 5.14 5.50 7.03 | cpu  2135935418 50789794 267278492 14502446453 1669767 0 10524688 0 0 0
1791081104 1785, 2619, 44, 0x0000000000000000 | 5.14 5.50 7.03 | cpu  2135937155 50789794 267280010 14502468691 1669767 0 10524688 0 0 0
1791081105 1785, 2619, 44, 0x0000000000000000 | 4.97 5.46 7.01 | cpu  2135938813 50789794 267281258 14502490900 1669767 0 10524691 0 0 0
1791081106 1785, 2619, 44, 0x0000000000000000 | 4.97 5.46 7.01 | cpu  2135939285 50789794 267283085 14502513996 1669767 0 10524692 0 0 0
1791081107 1785, 2619, 44, 0x0000000000000000 | 4.97 5.46 7.01 | cpu  2135939716 50789794 267286146 14502536015 1669767 0 10524700 0 0 0
1791081108 1785, 2619, 44, 0x0000000000000000 | 4.97 5.46 7.01 | cpu  2135940192 50789794 267289158 14502558504 1669767 0 10524714 0 0 0
1791081109 1785, 2619, 44, 0x0000000000000000 | 4.73 5.40 6.98 | cpu  2135940698 50789794 267291806 14502581747 1669767 0 10524723 0 0 0
1791081111 1785, 2619, 44, 0x0000000000000000 | 4.73 5.40 6.98 | cpu  2135941298 50789794 267294645 14502603174 1669767 0 10524744 0 0 0
1791081112 1785, 2619, 44, 0x0000000000000000 | 4.73 5.40 6.98 | cpu  2135942033 50789794 267296210 14502626622 1669767 0 10524757 0 0 0
1791081113 1785, 2619, 44, 0x0000000000000000 | 4.73 5.40 6.98 | cpu  2135942748 50789794 267298830 14502648183 1669767 0 10524762 0 0 0
1791081114 1785, 2619, 44, 0x0000000000000000 | 4.43 5.33 6.95 | cpu  2135943606 50789794 267299802 14502671478 1669767 0 10524768 0 0 0
1791081115 1785, 2619, 44, 0x0000000000000000 | 4.43 5.33 6.95 | cpu  2135944487 50789795 267301712 14502693763 1669767 0 10524771 0 0 0
1791081116 1785, 2619, 44, 0x0000000000000000 | 4.43 5.33 6.95 | cpu  2135944770 50789795 267302508 14502718605 1669767 0 10524776 0 0 0
1791081117 1785, 2619, 44, 0x0000000000000000 | 4.43 5.33 6.95 | cpu  2135945276 50789795 267302850 14502742560 1669767 0 10524786 0 0 0
1791081118 1785, 2619, 44, 0x0000000000000000 | 4.43 5.33 6.95 | cpu  2135945643 50789795 267303027 14502766872 1669767 0 10524790 0 0 0
1791081120 1785, 2619, 44, 0x0000000000000000 | 4.16 5.26 6.92 | cpu  2135945988 50789795 267303136 14502790974 1669767 0 10524796 0 0 0
1791081121 1785, 2619, 44, 0x0000000000000000 | 4.16 5.26 6.92 | cpu  2135946876 50789796 267304581 14502814306 1669767 0 10524804 0 0 0
1791081122 1785, 2619, 44, 0x0000000000000000 | 4.16 5.26 6.92 | cpu  2135947878 50789796 267306000 14502837772 1669767 0 10524806 0 0 0
1791081123 1785, 2619, 44, 0x0000000000000000 | 4.16 5.26 6.92 | cpu  2135948226 50789796 267306134 14502862633 1669769 0 10524807 0 0 0
1791081124 1785, 2619, 44, 0x0000000000000000 | 4.14 5.24 6.90 | cpu  2135948562 50789796 267306234 14502887214 1669769 0 10524814 0 0 0
1791081125 1785, 2619, 44, 0x0000000000000000 | 4.14 5.24 6.90 | cpu  2135948922 50789796 267306354 14502912064 1669769 0 10524818 0 0 0
1791081126 1785, 2619, 44, 0x0000000000000000 | 4.14 5.24 6.90 | cpu  2135949289 50789796 267306503 14502936511 1669769 0 10524826 0 0 0
1791081128 1785, 2619, 44, 0x0000000000000000 | 4.14 5.24 6.90 | cpu  2135949692 50789796 267306716 14502961827 1669769 0 10524830 0 0 0
1791081129 1785, 2619, 44, 0x0000000000000000 | 7.34 5.88 7.10 | cpu  2135950107 50789796 267306926 14502990204 1669769 0 10524834 0 0 0
1791081130 1785, 2619, 44, 0x0000000000000000 | 7.34 5.88 7.10 | cpu  2135950843 50789796 267308235 14503013529 1669769 0 10524844 0 0 0
1791081131 1785, 2619, 44, 0x0000000000000000 | 7.34 5.88 7.10 | cpu  2135951248 50789796 267310997 14503035541 1669769 0 10524866 0 0 0
1791081132 1785, 2619, 44, 0x0000000000000000 | 7.34 5.88 7.10 | cpu  2135951710 50789797 267314060 14503057380 1669769 0 10524869 0 0 0
1791081133 1785, 2619, 45, 0x0000000000000000 | 7.34 5.88 7.10 | cpu  2135952300 50789797 267315792 14503080006 1669769 0 10524871 0 0 0
1791081134 1785, 2619, 44, 0x0000000000000000 | 16.04 7.71 7.69 | cpu  2135953063 50789797 267317444 14503102458 1669769 0 10524874 0 0 0
1791081136 1785, 2619, 44, 0x0000000000000000 | 16.04 7.71 7.69 | cpu  2135953892 50789797 267319418 14503124529 1669769 0 10524876 0 0 0
1791081137 1785, 2619, 44, 0x0000000000000000 | 16.04 7.71 7.69 | cpu  2135954874 50789797 267320990 14503147132 1669769 0 10524877 0 0 0
1791081138 1785, 2619, 45, 0x0000000000000000 | 16.04 7.71 7.69 | cpu  2135955277 50789798 267322014 14503170473 1669769 0 10524884 0 0 0
1791081139 1785, 2619, 45, 0x0000000000000000 | 15.23 7.68 7.68 | cpu  2135955547 50789798 267322295 14503195377 1669769 0 10524892 0 0 0
1791081140 1785, 2619, 45, 0x0000000000000000 | 15.23 7.68 7.68 | cpu  2135956034 50789798 267323371 14503219247 1669769 0 10524901 0 0 0
1791081141 1785, 2619, 45, 0x0000000000000000 | 15.23 7.68 7.68 | cpu  2135956427 50789798 267323564 14503243555 1669769 0 10524916 0 0 0
1791081142 1785, 2619, 45, 0x0000000000000000 | 15.23 7.68 7.68 | cpu  2135956817 50789798 267323813 14503268821 1669769 0 10524929 0 0 0
1791081144 1785, 2619, 45, 0x0000000000000000 | 15.23 7.68 7.68 | cpu  2135957712 50789798 267324982 14503295815 1669769 0 10524934 0 0 0
1791081145 1785, 2619, 45, 0x0000000000000000 | 14.17 7.58 7.65 | cpu  2135958736 50789798 267326633 14503318000 1669769 0 10524934 0 0 0
1791081146 1785, 2619, 45, 0x0000000000000000 | 14.17 7.58 7.65 | cpu  2135959076 50789798 267326662 14503343061 1669769 0 10524934 0 0 0
1791081147 1785, 2619, 45, 0x0000000000000000 | 14.17 7.58 7.65 | cpu  2135959436 50789798 267326728 14503367969 1669769 0 10524935 0 0 0
1791081148 1785, 2619, 45, 0x0000000000000000 | 14.17 7.58 7.65 | cpu  2135959844 50789798 267326901 14503393633 1669769 0 10524936 0 0 0
1791081149 1785, 2619, 45, 0x0000000000000000 | 13.52 7.56 7.64 | cpu  2135960246 50789798 267327198 14503419585 1669769 0 10524961 0 0 0
1791081151 1785, 2619, 45, 0x0000000000000000 | 13.52 7.56 7.64 | cpu  2135960850 50789798 267327681 14503446848 1669769 0 10524980 0 0 0
1791081152 1785, 2619, 45, 0x0000000000000000 | 13.52 7.56 7.64 | cpu  2135961295 50789798 267327946 14503471202 1669769 0 10524991 0 0 0
1791081153 1785, 2619, 45, 0x0000000000000000 | 13.52 7.56 7.64 | cpu  2135962000 50789798 267329847 14503494787 1669769 0 10524992 0 0 0
1791081154 1785, 2619, 45, 0x0000000000000000 | 12.76 7.50 7.62 | cpu  2135962824 50789798 267332306 14503516966 1669769 0 10524996 0 0 0
1791081155 1785, 2619, 45, 0x0000000000000000 | 12.76 7.50 7.62 | cpu  2135963257 50789799 267332571 14503540580 1669769 0 10525009 0 0 0
1791081156 1785, 2619, 45, 0x0000000000000000 | 12.76 7.50 7.62 | cpu  2135963762 50789799 267332784 14503565500 1669769 0 10525010 0 0 0
1791081158 1785, 2619, 45, 0x0000000000000000 | 12.76 7.50 7.62 | cpu  2135964196 50789799 267332952 14503591174 1669769 0 10525012 0 0 0
1791081159 1785, 2619, 45, 0x0000000000000000 | 12.76 7.50 7.62 | cpu  2135964730 50789799 267333189 14503615535 1669769 0 10525014 0 0 0
1791081160 1785, 2619, 45, 0x0000000000000000 | 12.05 7.44 7.60 | cpu  2135965252 50789799 267333471 14503639876 1669769 0 10525017 0 0 0
1791081161 1785, 2619, 45, 0x0000000000000000 | 12.05 7.44 7.60 | cpu  2135965641 50789799 267333672 14503665609 1669769 0 10525020 0 0 0
1791081162 1785, 2619, 45, 0x0000000000000000 | 12.05 7.44 7.60 | cpu  2135966251 50789799 267335368 14503688129 1669769 0 10525028 0 0 0
1791081163 1785, 2619, 45, 0x0000000000000000 | 12.05 7.44 7.60 | cpu  2135966736 50789799 267335543 14503713262 1669769 0 10525030 0 0 0
1791081164 1785, 2619, 45, 0x0000000000000000 | 11.33 7.37 7.57 | cpu  2135967263 50789799 267335792 14503738054 1669769 0 10525038 0 0 0
1791081166 1785, 2619, 45, 0x0000000000000000 | 11.33 7.37 7.57 | cpu  2135967686 50789799 267335967 14503762933 1669769 0 10525049 0 0 0
1791081167 1785, 2619, 45, 0x0000000000000000 | 11.33 7.37 7.57 | cpu  2135968284 50789799 267336184 14503788140 1669769 0 10525054 0 0 0
1791081168 1785, 2619, 45, 0x0000000000000000 | 11.33 7.37 7.57 | cpu  2135968820 50789799 267336466 14503812572 1669769 0 10525058 0 0 0
1791081169 1785, 2619, 45, 0x0000000000000000 | 10.74 7.31 7.55 | cpu  2135969160 50789799 267336564 14503837287 1669769 0 10525058 0 0 0
1791081170 1785, 2619, 45, 0x0000000000000000 | 10.74 7.31 7.55 | cpu  2135969711 50789799 267336704 14503861929 1669769 0 10525059 0 0 0
1791081171 1785, 2619, 45, 0x0000000000000000 | 10.74 7.31 7.55 | cpu  2135970352 50789799 267336859 14503886776 1669769 0 10525059 0 0 0
1791081172 1785, 2619, 45, 0x0000000000000000 | 10.74 7.31 7.55 | cpu  2135970950 50789799 267336965 14503910940 1669769 0 10525062 0 0 0
1791081174 1785, 2619, 45, 0x0000000000000000 | 10.74 7.31 7.55 | cpu  2135971446 50789799 267337178 14503938318 1669769 0 10525070 0 0 0
1791081175 1785, 2619, 45, 0x0000000000000000 | 10.28 7.27 7.54 | cpu  2135972233 50789799 267337465 14503962627 1669769 0 10525080 0 0 0
1791081176 1785, 2619, 45, 0x0000000000000000 | 10.28 7.27 7.54 | cpu  2135973165 50789799 267337690 14503987133 1669769 0 10525087 0 0 0
1791081177 1785, 2619, 45, 0x0000000000000000 | 10.28 7.27 7.54 | cpu  2135976288 50789799 267337829 14504009398 1669769 0 10525088 0 0 0
1791081178 1785, 2619, 45, 0x0000000000000000 | 10.28 7.27 7.54 | cpu  2135979315 50789799 267337987 14504030443 1669769 0 10525090 0 0 0
1791081179 1785, 2619, 45, 0x0000000000000000 | 9.86 7.23 7.53 | cpu  2135981554 50789799 267338138 14504053504 1669769 0 10525095 0 0 0
1791081180 1785, 2619, 45, 0x0000000000000000 | 9.86 7.23 7.53 | cpu  2135981939 50789799 267338340 14504078112 1669769 0 10525109 0 0 0
1791081182 1785, 2619, 45, 0x0000000000000000 | 9.86 7.23 7.53 | cpu  2135982301 50789799 267338439 14504102999 1669769 0 10525115 0 0 0
1791081183 1785, 2619, 45, 0x0000000000000000 | 9.86 7.23 7.53 | cpu  2135982639 50789799 267338474 14504128048 1669769 0 10525115 0 0 0
1791081184 1785, 2619, 45, 0x0000000000000000 | 9.86 7.23 7.53 | cpu  2135982944 50789799 267338512 14504153075 1669771 0 10525115 0 0 0
1791081185 1785, 2619, 45, 0x0000000000000000 | 9.31 7.16 7.50 | cpu  2135983268 50789799 267338557 14504177916 1669771 0 10525117 0 0 0
1791081186 1785, 2619, 45, 0x0000000000000000 | 9.31 7.16 7.50 | cpu  2135983618 50789799 267338644 14504202521 1669771 0 10525118 0 0 0
1791081187 1785, 2619, 45, 0x0000000000000000 | 9.31 7.16 7.50 | cpu  2135983995 50789799 267338894 14504227266 1669771 0 10525119 0 0 0
1791081188 1785, 2619, 45, 0x0000000000000000 | 9.31 7.16 7.50 | cpu  2135984364 50789799 267339230 14504253268 1669771 0 10525127 0 0 0
1791081190 1785, 2619, 45, 0x0000000000000000 | 8.96 7.13 7.49 | cpu  2135984752 50789799 267339431 14504277459 1669771 0 10525131 0 0 0
1791081191 1785, 2619, 45, 0x0000000000000000 | 8.96 7.13 7.49 | cpu  2135985134 50789799 267339635 14504301925 1669771 0 10525136 0 0 0
1791081192 1785, 2619, 45, 0x0000000000000000 | 8.96 7.13 7.49 | cpu  2135985528 50789799 267339845 14504327039 1669771 0 10525140 0 0 0
1791081193 1785, 2619, 45, 0x0000000000000000 | 8.96 7.13 7.49 | cpu  2135985888 50789799 267339914 14504353358 1669771 0 10525140 0 0 0
1791081194 1785, 2619, 45, 0x0000000000000000 | 8.49 7.06 7.46 | cpu  2135986192 50789800 267339952 14504378374 1669771 0 10525142 0 0 0
1791081195 1785, 2619, 45, 0x0000000000000000 | 8.49 7.06 7.46 | cpu  2135986603 50789800 267339998 14504403308 1669771 0 10525150 0 0 0
1791081196 1785, 2619, 45, 0x0000000000000000 | 8.49 7.06 7.46 | cpu  2135986945 50789800 267340035 14504428487 1669771 0 10525153 0 0 0
1791081198 1785, 2619, 45, 0x0000000000000000 | 8.49 7.06 7.46 | cpu  2135987320 50789800 267340150 14504453766 1669771 0 10525153 0 0 0
1791081199 1785, 2619, 45, 0x0000000000000000 | 8.49 7.06 7.46 | cpu  2135987828 50789800 267340428 14504480131 1669771 0 10525182 0 0 0
1791081200 1785, 2619, 45, 0x0000000000000000 | 8.29 7.04 7.45 | cpu  2135988358 50789800 267340731 14504505727 1669771 0 10525209 0 0 0
1791081201 1785, 2619, 45, 0x0000000000000000 | 8.29 7.04 7.45 | cpu  2135988886 50789800 267341018 14504532206 1669771 0 10525245 0 0 0
1791081202 1785, 2619, 45, 0x0000000000000000 | 8.29 7.04 7.45 | cpu  2135989354 50789800 267341237 14504557439 1669771 0 10525255 0 0 0
1791081203 1785, 2619, 45, 0x0000000000000000 | 8.29 7.04 7.45 | cpu  2135989670 50789800 267341361 14504582508 1669771 0 10525256 0 0 0
1791081205 1785, 2619, 45, 0x0000000000000000 | 8.02 7.01 7.44 | cpu  2135990016 50789800 267341453 14504607572 1669771 0 10525258 0 0 0
1791081206 1785, 2619, 45, 0x0000000000000000 | 8.02 7.01 7.44 | cpu  2135990363 50789800 267341516 14504633234 1669771 0 10525259 0 0 0
1791081207 1785, 2619, 45, 0x0000000000000000 | 8.02 7.01 7.44 | cpu  2135990712 50789800 267341616 14504658867 1669771 0 10525262 0 0 0
1791081208 1785, 2619, 45, 0x0000000000000000 | 8.02 7.01 7.44 | cpu  2135991074 50789800 267341730 14504683962 1669771 0 10525264 0 0 0
1791081209 1785, 2619, 45, 0x0000000000000000 | 7.78 6.97 7.43 | cpu  2135991422 50789800 267341888 14504709360 1669771 0 10525266 0 0 0
1791081210 1785, 2619, 45, 0x0000000000000000 | 7.78 6.97 7.43 | cpu  2135991828 50789800 267342094 14504734956 1669771 0 10525278 0 0 0
1791081212 1785, 2619, 45, 0x0000000000000000 | 7.78 6.97 7.43 | cpu  2135992239 50789801 267342306 14504760484 1669771 0 10525284 0 0 0
1791081213 1785, 2619, 45, 0x0000000000000000 | 7.78 6.97 7.43 | cpu  2135992602 50789801 267342474 14504785497 1669771 0 10525292 0 0 0
1791081214 1785, 2619, 45, 0x0000000000000000 | 7.78 6.97 7.43 | cpu  2135992933 50789801 267342602 14504810265 1669771 0 10525299 0 0 0
1791081215 1785, 2619, 45, 0x0000000000000000 | 7.56 6.94 7.41 | cpu  2135993289 50789801 267342745 14504835934 1669771 0 10525308 0 0 0
1791081216 1785, 2619, 45, 0x0000000000000000 | 7.56 6.94 7.41 | cpu  2135993630 50789801 267342807 14504861054 1669771 0 10525310 0 0 0
1791081217 1785, 2619, 45, 0x0000000000000000 | 7.56 6.94 7.41 | cpu  2135993984 50789801 267342879 14504887205 1669771 0 10525310 0 0 0
1791081218 1785, 2619, 45, 0x0000000000000000 | 7.56 6.94 7.41 | cpu  2135994318 50789801 267342988 14504912598 1669771 0 10525311 0 0 0
1791081220 1785, 2619, 45, 0x0000000000000000 | 7.27 6.89 7.40 | cpu  2135994694 50789802 267343102 14504937624 1669771 0 10525314 0 0 0
1791081221 1785, 2619, 45, 0x0000000000000000 | 7.27 6.89 7.40 | cpu  2135995197 50789802 267343274 14504963109 1669771 0 10525319 0 0 0
1791081222 1785, 2619, 45, 0x0000000000000000 | 7.27 6.89 7.40 | cpu  2135995693 50789802 267343551 14504988048 1669771 0 10525336 0 0 0
1791081223 1785, 2619, 45, 0x0000000000000000 | 7.27 6.89 7.40 | cpu  2135996111 50789802 267343844 14505016296 1669771 0 10525350 0 0 0
1791081224 1785, 2619, 45, 0x0000000000000000 | 7.25 6.89 7.39 | cpu  2135996593 50789802 267344328 14505041273 1669771 0 10525360 0 0 0
1791081226 1785, 2619, 45, 0x0000000000000000 | 7.25 6.89 7.39 | cpu  2135997002 50789802 267344667 14505067102 1669771 0 10525360 0 0 0
1791081227 1785, 2619, 45, 0x0000000000000000 | 7.25 6.89 7.39 | cpu  2135997457 50789802 267345042 14505093300 1669771 0 10525366 0 0 0
1791081228 1785, 2619, 45, 0x0000000000000000 | 7.25 6.89 7.39 | cpu  2135997900 50789802 267346176 14505117183 1669771 0 10525397 0 0 0
1791081229 1785, 2619, 45, 0x0000000000000000 | 7.07 6.86 7.38 | cpu  2135998249 50789802 267346384 14505142519 1669771 0 10525402 0 0 0
1791081230 1785, 2619, 45, 0x0000000000000000 | 7.07 6.86 7.38 | cpu  2135998622 50789802 267346508 14505168119 1669771 0 10525403 0 0 0
1791081231 1785, 2619, 45, 0x0000000000000000 | 7.07 6.86 7.38 | cpu  2135998997 50789802 267346624 14505193248 1669771 0 10525404 0 0 0
1791081233 1785, 2619, 45, 0x0000000000000000 | 7.07 6.86 7.38 | cpu  2135999365 50789802 267346760 14505218736 1669771 0 10525405 0 0 0
1791081234 1785, 2619, 45, 0x0000000000000000 | 7.07 6.86 7.38 | cpu  2135999694 50789802 267346887 14505244886 1669771 0 10525406 0 0 0
1791081235 1785, 2619, 45, 0x0000000000000000 | 6.82 6.81 7.36 | cpu  2136000051 50789802 267347022 14505270428 1669771 0 10525406 0 0 0
1791081236 1785, 2619, 45, 0x0000000000000000 | 6.82 6.81 7.36 | cpu  2136000438 50789802 267347170 14505296484 1669771 0 10525412 0 0 0
1791081237 1785, 2619, 45, 0x0000000000000000 | 6.82 6.81 7.36 | cpu  2136000806 50789802 267347332 14505321501 1669771 0 10525414 0 0 0
1791081238 1785, 2619, 45, 0x0000000000000000 | 6.82 6.81 7.36 | cpu  2136001163 50789802 267347512 14505347258 1669771 0 10525426 0 0 0
1791081240 1785, 2619, 44, 0x0000000000000000 | 6.60 6.77 7.34 | cpu  2136001552 50789802 267347638 14505372224 1669771 0 10525429 0 0 0
1791081241 1785, 2619, 44, 0x0000000000000000 | 6.60 6.77 7.34 | cpu  2136001937 50789802 267347755 14505398087 1669771 0 10525429 0 0 0
1791081242 1785, 2619, 45, 0x0000000000000000 | 6.60 6.77 7.34 | cpu  2136002325 50789802 267347872 14505424012 1669771 0 10525432 0 0 0
1791081243 1785, 2619, 44, 0x0000000000000000 | 6.60 6.77 7.34 | cpu  2136002670 50789802 267347927 14505452748 1669773 0 10525432 0 0 0
1791081244 1785, 2619, 45, 0x0000000000000000 | 6.47 6.74 7.33 | cpu  2136003041 50789802 267348056 14505478255 1669773 0 10525433 0 0 0
1791081246 1785, 2619, 45, 0x0000000000000000 | 6.47 6.74 7.33 | cpu  2136003394 50789802 267348193 14505503416 1669773 0 10525434 0 0 0
1791081247 1785, 2619, 45, 0x0000000000000000 | 6.47 6.74 7.33 | cpu  2136003754 50789802 267348337 14505529245 1669773 0 10525447 0 0 0
1791081248 1785, 2619, 45, 0x0000000000000000 | 6.47 6.74 7.33 | cpu  2136004218 50789802 267348556 14505554672 1669773 0 10525468 0 0 0
1791081249 1785, 2619, 45, 0x0000000000000000 | 6.35 6.71 7.32 | cpu  2136004576 50789802 267348753 14505580439 1669773 0 10525475 0 0 0
1791081250 1785, 2619, 44, 0x0000000000000000 | 6.35 6.71 7.32 | cpu  2136004953 50789803 267348908 14505604977 1669773 0 10525482 0 0 0
1791081251 1785, 2619, 44, 0x0000000000000000 | 6.35 6.71 7.32 | cpu  2136005360 50789803 267349024 14505630681 1669773 0 10525485 0 0 0
1791081253 1785, 2619, 44, 0x0000000000000000 | 6.35 6.71 7.32 | cpu  2136005707 50789803 267349172 14505655796 1669773 0 10525485 0 0 0
1791081254 1785, 2619, 44, 0x0000000000000000 | 6.35 6.71 7.32 | cpu  2136006020 50789803 267349259 14505680850 1669773 0 10525486 0 0 0
1791081255 1785, 2619, 44, 0x0000000000000000 | 6.08 6.65 7.29 | cpu  2136006370 50789803 267349328 14505706746 1669773 0 10525486 0 0 0
1791081256 1785, 2619, 44, 0x0000000000000000 | 6.08 6.65 7.29 | cpu  2136006742 50789803 267349461 14505732794 1669773 0 10525490 0 0 0
1791081257 1785, 2619, 44, 0x0000000000000000 | 6.08 6.65 7.29 | cpu  2136007120 50789803 267349620 14505758612 1669773 0 10525490 0 0 0
1791081258 1785, 2619, 44, 0x0000000000000000 | 6.08 6.65 7.29 | cpu  2136007487 50789803 267349822 14505784208 1669773 0 10525490 0 0 0
1791081260 1785, 2619, 44, 0x0000000000000000 | 6.00 6.62 7.28 | cpu  2136007898 50789803 267350024 14505809224 1669773 0 10525493 0 0 0
1791081261 1785, 2619, 44, 0x0000000000000000 | 6.00 6.62 7.28 | cpu  2136008278 50789803 267350242 14505834180 1669773 0 10525494 0 0 0
1791081262 1785, 2619, 44, 0x0000000000000000 | 6.00 6.62 7.28 | cpu  2136008650 50789803 267350375 14505858750 1669773 0 10525498 0 0 0
1791081263 1785, 2619, 44, 0x0000000000000000 | 6.00 6.62 7.28 | cpu  2136008990 50789803 267350419 14505884015 1669773 0 10525498 0 0 0
1791081264 1785, 2619, 44, 0x0000000000000000 | 5.76 6.56 7.26 | cpu  2136009306 50789803 267350472 14505910006 1669773 0 10525499 0 0 0
1791081265 1785, 2619, 44, 0x0000000000000000 | 5.76 6.56 7.26 | cpu  2136009657 50789803 267350559 14505935944 1669773 0 10525500 0 0 0
1791081266 1785, 2619, 44, 0x0000000000000000 | 5.76 6.56 7.26 | cpu  2136010116 50789804 267350886 14505960346 1669773 0 10525524 0 0 0
1791081268 1785, 2619, 44, 0x0000000000000000 | 5.76 6.56 7.26 | cpu  2136010542 50789804 267351121 14505984781 1669773 0 10525546 0 0 0
1791081269 1785, 2619, 44, 0x0000000000000000 | 5.76 6.56 7.26 | cpu  2136010924 50789804 267351376 14506009481 1669773 0 10525562 0 0 0
1791081270 1785, 2619, 44, 0x0000000000000000 | 5.78 6.55 7.25 | cpu  2136011402 50789804 267351694 14506035505 1669773 0 10525575 0 0 0
1791081271 1785, 2619, 44, 0x0000000000000000 | 5.78 6.55 7.25 | cpu  2136011842 50789804 267353119 14506059496 1669773 0 10525598 0 0 0
1791081272 1785, 2619, 44, 0x0000000000000000 | 5.78 6.55 7.25 | cpu  2136012238 50789805 267353430 14506084412 1669773 0 10525601 0 0 0
1791081273 1785, 2619, 44, 0x0000000000000000 | 5.78 6.55 7.25 | cpu  2136012545 50789805 267353498 14506109746 1669773 0 10525601 0 0 0
1791081275 1785, 2619, 44, 0x0000000000000000 | 5.55 6.49 7.23 | cpu  2136012886 50789805 267353540 14506135659 1669773 0 10525601 0 0 0
1791081276 1785, 2619, 44, 0x0000000000000000 | 5.55 6.49 7.23 | cpu  2136013255 50789805 267353585 14506161705 1669773 0 10525604 0 0 0
1791081277 1785, 2619, 44, 0x0000000000000000 | 5.55 6.49 7.23 | cpu  2136013624 50789805 267353661 14506186886 1669773 0 10525608 0 0 0
1791081278 1785, 2619, 44, 0x0000000000000000 | 5.55 6.49 7.23 | cpu  2136014138 50789805 267353907 14506215400 1669774 0 10525640 0 0 0
1791081279 1785, 2619, 44, 0x0000000000000000 | 5.83 6.53 7.24 | cpu  2136014549 50789805 267354193 14506240489 1669774 0 10525654 0 0 0
1791081281 1785, 2619, 44, 0x0000000000000000 | 5.83 6.53 7.24 | cpu  2136015012 50789806 267354453 14506266060 1669775 0 10525675 0 0 0
1791081282 1785, 2619, 44, 0x0000000000000000 | 5.83 6.53 7.24 | cpu  2136015612 50789806 267355014 14506291818 1669777 0 10525701 0 0 0
1791081283 1785, 2619, 44, 0x0000000000000000 | 5.83 6.53 7.24 | cpu  2136016044 50789806 267355228 14506317231 1669777 0 10525723 0 0 0
1791081284 1785, 2619, 44, 0x0000000000000000 | 5.76 6.51 7.23 | cpu  2136016558 50789806 267356527 14506344340 1669779 0 10525726 0 0 0
1791081285 1785, 2619, 44, 0x0000000000000000 | 5.76 6.51 7.23 | cpu  2136017007 50789806 267356592 14506369774 1669779 0 10525727 0 0 0
1791081287 1785, 2619, 44, 0x0000000000000000 | 5.76 6.51 7.23 | cpu  2136017484 50789806 267356675 14506394418 1669784 0 10525729 0 0 0
1791081288 1785, 2619, 44, 0x0000000000000000 | 5.76 6.51 7.23 | cpu  2136017934 50789806 267356960 14506419512 1669786 0 10525739 0 0 0
1791081289 1785, 2619, 44, 0x0000000000000000 | 5.76 6.51 7.23 | cpu  2136018398 50789806 267357177 14506444269 1669789 0 10525766 0 0 0
1791081290 1785, 2619, 44, 0x0000000000000000 | 5.78 6.50 7.22 | cpu  2136018864 50789806 267357409 14506469878 1669793 0 10525772 0 0 0
1791081291 1785, 2619, 44, 0x0000000000000000 | 5.78 6.50 7.22 | cpu  2136019308 50789806 267357648 14506494990 1669794 0 10525787 0 0 0
1791081292 1785, 2619, 44, 0x0000000000000000 | 5.78 6.50 7.22 | cpu  2136019782 50789806 267357884 14506520458 1669794 0 10525820 0 0 0
1791081293 1785, 2619, 44, 0x0000000000000000 | 5.78 6.50 7.22 | cpu  2136020332 50789806 267358050 14506544290 1669799 0 10525838 0 0 0
1791081295 1785, 2619, 44, 0x0000000000000000 | 6.04 6.54 7.23 | cpu  2136021037 50789807 267358228 14506569084 1669809 0 10525858 0 0 0
1791081296 1785, 2619, 44, 0x0000000000000000 | 6.04 6.54 7.23 | cpu  2136022270 50789808 267358391 14506592895 1669810 0 10525882 0 0 0
1791081297 1785, 2619, 44, 0x0000000000000000 | 6.04 6.54 7.23 | cpu  2136022964 50789808 267358560 14506617300 1669812 0 10525892 0 0 0
1791081298 1785, 2619, 44, 0x0000000000000000 | 6.04 6.54 7.23 | cpu  2136024291 50789808 267358781 14506644113 1669813 0 10525915 0 0 0
1791081299 1785, 2619, 44, 0x0000000000000000 | 5.96 6.51 7.22 | cpu  2136024795 50789808 267358957 14506669282 1669813 0 10525923 0 0 0
1791081300 1785, 2619, 44, 0x0000000000000000 | 5.96 6.51 7.22 | cpu  2136025280 50789808 267359112 14506694809 1669814 0 10525930 0 0 0
1791081302 1785, 2619, 44, 0x0000000000000000 | 5.96 6.51 7.22 | cpu  2136025814 50789808 267359328 14506719386 1669814 0 10525943 0 0 0
1791081303 1785, 2619, 44, 0x0000000000000000 | 5.96 6.51 7.22 | cpu  2136026372 50789808 267359633 14506744763 1669816 0 10525970 0 0 0
1791081304 1785, 2619, 44, 0x0000000000000000 | 6.04 6.52 7.22 | cpu  2136026831 50789808 267360016 14506771007 1669816 0 10525986 0 0 0
1791081305 1785, 2619, 44, 0x0000000000000000 | 6.04 6.52 7.22 | cpu  2136027302 50789808 267360284 14506795786 1669816 0 10525994 0 0 0
1791081306 1785, 2619, 44, 0x0000000000000000 | 6.04 6.52 7.22 | cpu  2136027787 50789808 267360460 14506821482 1669817 0 10526003 0 0 0
1791081307 1785, 2619, 44, 0x0000000000000000 | 6.04 6.52 7.22 | cpu  2136028178 50789808 267360674 14506846309 1669818 0 10526008 0 0 0
1791081309 1785, 2619, 44, 0x0000000000000000 | 6.04 6.52 7.22 | cpu  2136028561 50789808 267360845 14506871938 1669818 0 10526008 0 0 0
1791081310 1785, 2619, 44, 0x0000000000000000 | 6.04 6.51 7.21 | cpu  2136029029 50789808 267361006 14506897320 1669818 0 10526011 0 0 0
1791081311 1785, 2619, 44, 0x0000000000000000 | 6.04 6.51 7.21 | cpu  2136029515 50789808 267361146 14506923251 1669819 0 10526016 0 0 0
1791081312 1785, 2619, 44, 0x0000000000000000 | 6.04 6.51 7.21 | cpu  2136030678 50789808 267361275 14506947374 1669823 0 10526019 0 0 0
1791081313 1785, 2619, 44, 0x0000000000000000 | 6.04 6.51 7.21 | cpu  2136031091 50789808 267361436 14506971953 1669825 0 10526026 0 0 0
1791081314 1785, 2619, 44, 0x0000000000000000 | 6.27 6.55 7.22 | cpu  2136031670 50789809 267362198 14506997179 1669827 0 10526042 0 0 0
1791081316 1785, 2619, 44, 0x0000000000000000 | 6.27 6.55 7.22 | cpu  2136032131 50789810 267362348 14507021978 1669827 0 10526046 0 0 0
1791081317 1785, 2619, 44, 0x0000000000000000 | 6.27 6.55 7.22 | cpu  2136032568 50789810 267362515 14507046852 1669828 0 10526051 0 0 0
1791081318 1785, 2619, 44, 0x0000000000000000 | 6.27 6.55 7.22 | cpu  2136033223 50789810 267362810 14507072950 1669828 0 10526062 0 0 0
1791081319 1785, 2619, 44, 0x0000000000000000 | 6.33 6.56 7.22 | cpu  2136033681 50789810 267363224 14507097340 1669828 0 10526087 0 0 0
1791081320 1785, 2619, 44, 0x0000000000000000 | 6.33 6.56 7.22 | cpu  2136034169 50789810 267363492 14507123071 1669828 0 10526091 0 0 0
1791081321 1785, 2619, 44, 0x0000000000000000 | 6.33 6.56 7.22 | cpu  2136034635 50789810 267363664 14507148156 1669828 0 10526094 0 0 0
1791081323 1785, 2619, 44, 0x0000000000000000 | 6.33 6.56 7.22 | cpu  2136035090 50789810 267363807 14507172561 1669828 0 10526096 0 0 0
1791081324 1785, 2619, 44, 0x0000000000000000 | 6.33 6.56 7.22 | cpu  2136036168 50789810 267363891 14507196647 1669828 0 10526096 0 0 0
1791081325 1785, 2619, 44, 0x0000000000000000 | 6.15 6.52 7.20 | cpu  2136036762 50789810 267364925 14507221029 1669828 0 10526108 0 0 0
1791081326 1785, 2619, 44, 0x0000000000000000 | 6.15 6.52 7.20 | cpu  2136037252 50789810 267365104 14507246506 1669829 0 10526117 0 0 0
1791081327 1785, 2619, 44, 0x0000000000000000 | 6.15 6.52 7.20 | cpu  2136038286 50789810 267365339 14507272273 1669829 0 10526120 0 0 0
1791081328 1785, 2619, 44, 0x0000000000000000 | 6.15 6.52 7.20 | cpu  2136039340 50789810 267365637 14507296364 1669829 0 10526155 0 0 0
1791081329 1785, 2619, 44, 0x0000000000000000 | 6.21 6.53 7.20 | cpu  2136039879 50789810 267365898 14507320950 1669829 0 10526177 0 0 0
1791081331 1785, 2619, 44, 0x0000000000000000 | 6.21 6.53 7.20 | cpu  2136040253 50789810 267366208 14507345721 1669829 0 10526188 0 0 0
1791081332 1785, 2619, 44, 0x0000000000000000 | 6.21 6.53 7.20 | cpu  2136042278 50789810 267367878 14507368308 1669829 0 10526194 0 0 0
1791081333 1785, 2619, 44, 0x0000000000000000 | 6.21 6.53 7.20 | cpu  2136043670 50789810 267369672 14507390220 1669829 0 10526216 0 0 0
1791081334 1785, 2619, 44, 0x0000000000000000 | 6.04 6.48 7.18 | cpu  2136044146 50789810 267370071 14507415234 1669829 0 10526220 0 0 0
1791081335 1785, 2619, 44, 0x0000000000000000 | 6.04 6.48 7.18 | cpu  2136045000 50789810 267370163 14507439290 1669829 0 10526224 0 0 0
1791081336 1785, 2619, 44, 0x0000000000000000 | 6.04 6.48 7.18 | cpu  2136045624 50789810 267370274 14507464282 1669830 0 10526236 0 0 0
1791081338 1785, 2619, 44, 0x0000000000000000 | 6.04 6.48 7.18 | cpu  2136046108 50789810 267370429 14507489517 1669830 0 10526242 0 0 0
1791081339 1785, 2619, 44, 0x0000000000000000 | 6.04 6.48 7.18 | cpu  2136046566 50789810 267370602 14507514568 1669830 0 10526256 0 0 0
1791081340 1785, 2619, 44, 0x0000000000000000 | 6.11 6.49 7.18 | cpu  2136047075 50789810 267370836 14507540161 1669830 0 10526265 0 0 0
1791081341 1785, 2619, 44, 0x0000000000000000 | 6.11 6.49 7.18 | cpu  2136047593 50789810 267371034 14507565192 1669830 0 10526277 0 0 0
1791081342 1785, 2619, 44, 0x0000000000000000 | 6.11 6.49 7.18 | cpu  2136048011 50789810 267371233 14507590435 1669830 0 10526283 0 0 0
1791081343 1785, 2619, 44, 0x0000000000000000 | 6.11 6.49 7.18 | cpu  2136048399 50789810 267371338 14507615452 1669830 0 10526288 0 0 0
1791081344 1785, 2619, 44, 0x0000000000000000 | 5.94 6.45 7.16 | cpu  2136048859 50789810 267371372 14507641306 1669830 0 10526288 0 0 0
1791081346 1785, 2619, 44, 0x0000000000000000 | 5.94 6.45 7.16 | cpu  2136049244 50789810 267371405 14507667027 1669830 0 10526288 0 0 0
1791081347 1785, 2619, 44, 0x0000000000000000 | 5.94 6.45 7.16 | cpu  2136049739 50789810 267371447 14507692340 1669830 0 10526290 0 0 0
1791081348 1785, 2619, 44, 0x0000000000000000 | 5.94 6.45 7.16 | cpu  2136050121 50789810 267371514 14507716514 1669830 0 10526299 0 0 0
1791081349 1785, 2619, 44, 0x0000000000000000 | 5.95 6.44 7.16 | cpu  2136050645 50789810 267371726 14507741643 1669830 0 10526307 0 0 0
1791081350 1785, 2619, 44, 0x0000000000000000 | 5.95 6.44 7.16 | cpu  2136051534 50789810 267371962 14507766532 1669830 0 10526310 0 0 0
1791081351 1785, 2619, 44, 0x0000000000000000 | 5.95 6.44 7.16 | cpu  2136052356 50789810 267372198 14507790860 1669830 0 10526334 0 0 0
1791081353 1785, 2619, 44, 0x0000000000000000 | 5.95 6.44 7.16 | cpu  2136052967 50789810 267372430 14507815702 1669830 0 10526339 0 0 0
1791081354 1785, 2619, 44, 0x0000000000000000 | 5.95 6.44 7.16 | cpu  2136053503 50789810 267372626 14507840875 1669830 0 10526342 0 0 0
1791081355 1785, 2619, 44, 0x0000000000000000 | 6.11 6.47 7.16 | cpu  2136054016 50789810 267372715 14507865665 1669830 0 10526343 0 0 0
1791081356 1785, 2619, 44, 0x0000000000000000 | 6.11 6.47 7.16 | cpu  2136055205 50789810 267372773 14507889764 1669830 0 10526343 0 0 0
1791081357 1785, 2619, 44, 0x0000000000000000 | 6.11 6.47 7.16 | cpu  2136055873 50789810 267373737 14507913008 1669830 0 10526344 0 0 0
1791081358 1785, 2619, 44, 0x0000000000000000 | 6.11 6.47 7.16 | cpu  2136056356 50789810 267373791 14507938333 1669830 0 10526344 0 0 0
1791081359 1785, 2619, 44, 0x0000000000000000 | 6.18 6.48 7.16 | cpu  2136058078 50789810 267373998 14507962996 1669830 0 10526356 0 0 0
1791081361 1785, 2619, 44, 0x0000000000000000 | 6.18 6.48 7.16 | cpu  2136058744 50789810 267374267 14507988804 1669830 0 10526358 0 0 0
1791081362 1785, 2619, 44, 0x0000000000000000 | 6.18 6.48 7.16 | cpu  2136059420 50789810 267374530 14508012764 1669830 0 10526364 0 0 0
1791081363 1785, 2619, 44, 0x0000000000000000 | 6.18 6.48 7.16 | cpu  2136059996 50789810 267374828 14508037371 1669832 0 10526368 0 0 0
1791081364 1785, 2619, 44, 0x0000000000000000 | 16.58 8.63 7.85 | cpu  2136061524 50789810 267375079 14508062003 1669832 0 10526374 0 0 0
1791081365 1785, 2619, 44, 0x0000000000000000 | 16.58 8.63 7.85 | cpu  2136062142 50789810 267375244 14508086123 1669832 0 10526380 0 0 0
1791081366 1785, 2619, 44, 0x0000000000000000 | 16.58 8.63 7.85 | cpu  2136062930 50789810 267376786 14508109592 1669832 0 10526388 0 0 0
1791081368 1785, 2619, 44, 0x0000000000000000 | 16.58 8.63 7.85 | cpu  2136063456 50789810 267376994 14508137365 1669832 0 10526389 0 0 0
1791081369 1785, 2619, 44, 0x0000000000000000 | 16.58 8.63 7.85 | cpu  2136066184 50789810 267377248 14508160172 1669832 0 10526399 0 0 0
1791081370 1785, 2619, 44, 0x0000000000000000 | 16.37 8.72 7.89 | cpu  2136066962 50789811 267377502 14508185539 1669833 0 10526417 0 0 0
1791081371 1785, 2619, 44, 0x0000000000000000 | 16.37 8.72 7.89 | cpu  2136067669 50789811 267377729 14508211903 1669833 0 10526427 0 0 0
1791081372 1785, 2619, 44, 0x0000000000000000 | 16.37 8.72 7.89 | cpu  2136068817 50789811 267378079 14508237434 1669833 0 10526456 0 0 0
1791081374 1785, 2619, 44, 0x0000000000000000 | 16.37 8.72 7.89 | cpu  2136069354 50789811 267378351 14508262166 1669833 0 10526470 0 0 0
1791081375 1785, 2619, 44, 0x0000000000000000 | 15.62 8.69 7.88 | cpu  2136069858 50789811 267378648 14508287723 1669833 0 10526503 0 0 0
1791081376 1785, 2619, 44, 0x0000000000000000 | 15.62 8.69 7.88 | cpu  2136070300 50789811 267378806 14508312509 1669833 0 10526530 0 0 0
1791081377 1785, 2619, 44, 0x0000000000000000 | 15.62 8.69 7.88 | cpu  2136070787 50789811 267378980 14508338066 1669833 0 10526560 0 0 0
1791081378 1785, 2619, 44, 0x0000000000000000 | 15.62 8.69 7.88 | cpu  2136071143 50789811 267379068 14508362378 1669833 0 10526582 0 0 0
1791081379 1785, 2619, 44, 0x0000000000000000 | 14.93 8.66 7.88 | cpu  2136071569 50789811 267379185 14508388813 1669833 0 10526607 0 0 0
1791081381 1785, 2619, 44, 0x0000000000000000 | 14.93 8.66 7.88 | cpu  2136072003 50789811 267379354 14508414457 1669833 0 10526633 0 0 0
1791081382 1785, 2619, 44, 0x0000000000000000 | 14.93 8.66 7.88 | cpu  2136072457 50789811 267379544 14508439953 1669833 0 10526660 0 0 0
1791081383 1785, 2619, 44, 0x0000000000000000 | 14.93 8.66 7.88 | cpu  2136072848 50789811 267379691 14508464933 1669833 0 10526678 0 0 0
1791081384 1785, 2619, 44, 0x0000000000000000 | 14.14 8.60 7.86 | cpu  2136073308 50789811 267379920 14508490532 1669833 0 10526727 0 0 0
1791081385 1785, 2619, 44, 0x0000000000000000 | 14.14 8.60 7.86 | cpu  2136073738 50789811 267380110 14508516992 1669833 0 10526770 0 0 0
1791081386 1785, 2619, 44, 0x0000000000000000 | 14.14 8.60 7.86 | cpu  2136074190 50789811 267380268 14508543027 1669833 0 10526802 0 0 0
1791081388 1785, 2619, 44, 0x0000000000000000 | 14.14 8.60 7.86 | cpu  2136074581 50789811 267380418 14508568252 1669833 0 10526822 0 0 0
1791081389 1785, 2619, 44, 0x0000000000000000 | 14.14 8.60 7.86 | cpu  2136075023 50789811 267380602 14508594712 1669833 0 10526846 0 0 0
1791081390 1785, 2619, 44, 0x0000000000000000 | 13.64 8.59 7.86 | cpu  2136075482 50789812 267380769 14508621513 1669833 0 10526879 0 0 0
1791081391 1785, 2619, 44, 0x0000000000000000 | 13.64 8.59 7.86 | cpu  2136075902 50789812 267380927 14508646105 1669833 0 10526901 0 0 0
1791081392 1785, 2619, 43, 0x0000000000000000 | 13.64 8.59 7.86 | cpu  2136076364 50789812 267381076 14508674814 1669833 0 10526940 0 0 0
1791081394 1785, 2619, 44, 0x0000000000000000 | 13.64 8.59 7.86 | cpu  2136077424 50789812 267381355 14508700140 1669833 0 10526990 0 0 0
1791081395 1785, 2619, 44, 0x0000000000000000 | 12.71 8.48 7.83 | cpu  2136078228 50789812 267381734 14508725842 1669833 0 10527032 0 0 0
1791081396 1785, 2619, 44, 0x0000000000000000 | 12.71 8.48 7.83 | cpu  2136078573 50789812 267381984 14508752123 1669833 0 10527082 0 0 0
1791081397 1785, 2619, 43, 0x0000000000000000 | 12.71 8.48 7.83 | cpu  2136079014 50789812 267382152 14508780551 1669833 0 10527123 0 0 0
1791081399 1785, 2619, 44, 0x0000000000000000 | 12.71 8.48 7.83 | cpu  2136079439 50789812 267382317 14508805856 1669837 0 10527178 0 0 0
1791081400 1785, 2619, 44, 0x0000000000000000 | 12.09 8.42 7.81 | cpu  2136079910 50789812 267382556 14508831848 1669837 0 10527228 0 0 0
1791081401 1785, 2619, 44, 0x0000000000000000 | 12.09 8.42 7.81 | cpu  2136080360 50789812 267382757 14508857372 1669837 0 10527275 0 0 0
1791081402 1785, 2619, 44, 0x0000000000000000 | 12.09 8.42 7.81 | cpu  2136080813 50789813 267382909 14508883747 1669837 0 10527325 0 0 0
1791081404 1785, 2619, 44, 0x0000000000000000 | 12.09 8.42 7.81 | cpu  2136081223 50789813 267383030 14508908910 1669837 0 10527382 0 0 0
1791081405 1785, 2619, 43, 0x0000000000000000 | 11.45 8.35 7.79 | cpu  2136081659 50789813 267383142 14508935099 1669840 0 10527444 0 0 0
1791081406 1785, 2619, 43, 0x0000000000000000 | 11.45 8.35 7.79 | cpu  2136082086 50789813 267383241 14508961323 1669840 0 10527514 0 0 0
1791081407 1785, 2619, 44, 0x0000000000000000 | 11.45 8.35 7.79 | cpu  2136082508 50789813 267383401 14508987153 1669840 0 10527572 0 0 0
1791081408 1785, 2619, 44, 0x0000000000000000 | 11.45 8.35 7.79 | cpu  2136082892 50789813 267383554 14509013226 1669840 0 10527644 0 0 0
1791081410 1785, 2619, 44, 0x0000000000000000 | 11.09 8.33 7.79 | cpu  2136083362 50789814 267383790 14509039941 1669840 0 10527697 0 0 0
1791081411 1785, 2619, 44, 0x0000000000000000 | 11.09 8.33 7.79 | cpu  2136083845 50789814 267384040 14509066571 1669840 0 10527756 0 0 0
1791081412 1785, 2619, 44, 0x0000000000000000 | 11.09 8.33 7.79 | cpu  2136084324 50789814 267384296 14509092536 1669840 0 10527804 0 0 0
1791081413 1785, 2619, 44, 0x0000000000000000 | 11.09 8.33 7.79 | cpu  2136084765 50789814 267384452 14509117942 1669840 0 10527837 0 0 0
1791081414 1785, 2619, 44, 0x0000000000000000 | 10.68 8.29 7.78 | cpu  2136085216 50789814 267384646 14509144140 1669840 0 10527879 0 0 0
1791081416 1785, 2619, 44, 0x0000000000000000 | 10.68 8.29 7.78 | cpu  2136085620 50789814 267384761 14509170348 1669840 0 10527922 0 0 0
1791081417 1785, 2619, 43, 0x0000000000000000 | 10.68 8.29 7.78 | cpu  2136086030 50789814 267384831 14509196771 1669840 0 10527960 0 0 0
1791081418 1785, 2619, 44, 0x0000000000000000 | 10.68 8.29 7.78 | cpu  2136086424 50789814 267384986 14509221958 1669840 0 10527989 0 0 0
1791081419 1785, 2619, 44, 0x0000000000000000 | 10.55 8.30 7.79 | cpu  2136086858 50789814 267385167 14509247772 1669840 0 10528028 0 0 0
1791081420 1785, 2619, 44, 0x0000000000000000 | 10.55 8.30 7.79 | cpu  2136087336 50789814 267385425 14509273733 1669840 0 10528084 0 0 0
1791081422 1785, 2619, 43, 0x0000000000000000 | 10.55 8.30 7.79 | cpu  2136087832 50789814 267385681 14509300254 1669840 0 10528145 0 0 0
1791081423 1785, 2619, 44, 0x0000000000000000 | 10.55 8.30 7.79 | cpu  2136088256 50789814 267385903 14509325624 1669842 0 10528197 0 0 0
1791081424 1785, 2619, 44, 0x0000000000000000 | 10.55 8.30 7.79 | cpu  2136088740 50789814 267386107 14509352245 1669842 0 10528247 0 0 0
1791081425 1785, 2619, 44, 0x0000000000000000 | 10.26 8.28 7.78 | cpu  2136089144 50789814 267386181 14509378170 1669842 0 10528293 0 0 0
1791081426 1785, 2619, 44, 0x0000000000000000 | 10.26 8.28 7.78 | cpu  2136089528 50789814 267386247 14509404113 1669842 0 10528350 0 0 0
1791081428 1785, 2619, 44, 0x0000000000000000 | 10.26 8.28 7.78 | cpu  2136089916 50789814 267386312 14509430860 1669843 0 10528399 0 0 0
1791081429 1785, 2619, 43, 0x0000000000000000 | 10.26 8.28 7.78 | cpu  2136090332 50789814 267386398 14509457347 1669843 0 10528446 0 0 0
1791081430 1785, 2619, 43, 0x0000000000000000 | 9.84 8.22 7.77 | cpu  2136090797 50789814 267386671 14509483192 1669844 0 10528490 0 0 0
1791081431 1785, 2619, 43, 0x0000000000000000 | 9.84 8.22 7.77 | cpu  2136091273 50789814 267386954 14509509465 1669844 0 10528534 0 0 0
1791081433 1785, 2619, 43, 0x0000000000000000 | 9.84 8.22 7.77 | cpu  2136091822 50789815 267387245 14509537787 1669844 0 10528602 0 0 0
1791081434 1785, 2619, 44, 0x0000000000000000 | 9.84 8.22 7.77 | cpu  2136092296 50789815 267387496 14509564187 1669844 0 10528666 0 0 0
1791081435 1785, 2619, 43, 0x0000000000000000 | 9.61 8.20 7.76 | cpu  2136092760 50789815 267387774 14509590835 1669856 0 10528723 0 0 0
1791081436 1785, 2619, 44, 0x0000000000000000 | 9.61 8.20 7.76 | cpu  2136093168 50789815 267387934 14509616243 1669860 0 10528776 0 0 0
1791081438 1785, 2619, 44, 0x0000000000000000 | 9.61 8.20 7.76 | cpu  2136093578 50789815 267388006 14509644783 1669860 0 10528838 0 0 0
1791081439 1785, 2619, 44, 0x0000000000000000 | 9.61 8.20 7.76 | cpu  2136094007 50789815 267388074 14509671901 1669860 0 10528892 0 0 0
1791081440 1785, 2619, 44, 0x0000000000000000 | 9.24 8.15 7.75 | cpu  2136094446 50789815 267388188 14509698535 1669860 0 10528931 0 0 0
1791081441 1785, 2619, 44, 0x0000000000000000 | 9.24 8.15 7.75 | cpu  2136094913 50789815 267388432 14509724559 1669860 0 10528990 0 0 0
1791081443 1785, 2619, 43, 0x0000000000000000 | 9.24 8.15 7.75 | cpu  2136095389 50789815 267388670 14509752822 1669860 0 10529032 0 0 0
1791081444 1785, 2619, 44, 0x0000000000000000 | 9.24 8.15 7.75 | cpu  2136095883 50789815 267388926 14509779226 1669860 0 10529071 0 0 0
1791081445 1785, 2619, 43, 0x0000000000000000 | 8.90 8.10 7.73 | cpu  2136096344 50789815 267389156 14509805862 1669860 0 10529124 0 0 0
1791081446 1785, 2619, 43, 0x0000000000000000 | 8.90 8.10 7.73 | cpu  2136096782 50789815 267389319 14509832710 1669860 0 10529162 0 0 0
1791081448 1785, 2619, 43, 0x0000000000000000 | 8.90 8.10 7.73 | cpu  2136097212 50789815 267389446 14509860497 1669860 0 10529211 0 0 0
1791081449 1785, 2619, 43, 0x0000000000000000 | 8.90 8.10 7.73 | cpu  2136097619 50789815 267389504 14509886669 1669861 0 10529255 0 0 0
1791081450 1785, 2619, 44, 0x0000000000000000 | 8.59 8.04 7.72 | cpu  2136098045 50789815 267389606 14509913465 1669861 0 10529316 0 0 0
1791081451 1785, 2619, 44, 0x0000000000000000 | 8.59 8.04 7.72 | cpu  2136098483 50789815 267389754 14509939025 1669861 0 10529369 0 0 0
1791081452 1785, 2619, 43, 0x0000000000000000 | 8.59 8.04 7.72 | cpu  2136098966 50789815 267389940 14509967915 1669861 0 10529420 0 0 0
1791081454 1785, 2619, 44, 0x0000000000000000 | 8.59 8.04 7.72 | cpu  2136099432 50789815 267390162 14509993755 1669861 0 10529478 0 0 0
1791081455 1785, 2619, 44, 0x0000000000000000 | 8.38 8.01 7.71 | cpu  2136099918 50789815 267390399 14510020343 1669861 0 10529542 0 0 0
1791081456 1785, 2619, 44, 0x0000000000000000 | 8.38 8.01 7.71 | cpu  2136100372 50789815 267390564 14510047058 1669861 0 10529599 0 0 0
1791081457 1785, 2619, 43, 0x0000000000000000 | 8.38 8.01 7.71 | cpu  2136100837 50789815 267390740 14510076653 1669861 0 10529664 0 0 0
1791081459 1785, 2619, 43, 0x0000000000000000 | 8.38 8.01 7.71 | cpu  2136101278 50789815 267390910 14510102749 1669861 0 10529710 0 0 0
1791081460 1785, 2619, 43, 0x0000000000000000 | 8.03 7.94 7.69 | cpu  2136101705 50789815 267391000 14510129395 1669861 0 10529750 0 0 0
1791081461 1785, 2619, 44, 0x0000000000000000 | 8.03 7.94 7.69 | cpu  2136102154 50789815 267391155 14510155473 1669861 0 10529798 0 0 0
1791081462 1785, 2619, 43, 0x0000000000000000 | 8.03 7.94 7.69 | cpu  2136102613 50789815 267391309 14510183531 1669864 0 10529841 0 0 0
1791081464 1785, 2619, 44, 0x0000000000000000 | 8.03 7.94 7.69 | cpu  2136103081 50789816 267391468 14510210104 1669864 0 10529874 0 0 0
1791081465 1785, 2619, 44, 0x0000000000000000 | 7.87 7.91 7.68 | cpu  2136103548 50789816 267391707 14510236425 1669864 0 10529917 0 0 0
1791081466 1785, 2619, 44, 0x0000000000000000 | 7.87 7.91 7.68 | cpu  2136103993 50789816 267391889 14510263825 1669864 0 10529968 0 0 0
1791081467 1785, 2619, 44, 0x0000000000000000 | 7.87 7.91 7.68 | cpu  2136104440 50789816 267392096 14510292793 1669881 0 10530022 0 0 0
1791081469 1785, 2619, 44, 0x0000000000000000 | 7.87 7.91 7.68 | cpu  2136104872 50789816 267392276 14510318747 1669881 0 10530070 0 0 0
1791081470 1785, 2619, 43, 0x0000000000000000 | 7.72 7.88 7.67 | cpu  2136105316 50789816 267392496 14510345295 1669881 0 10530126 0 0 0
1791081471 1785, 2619, 43, 0x0000000000000000 | 7.72 7.88 7.67 | cpu  2136105756 50789816 267392654 14510371622 1669881 0 10530161 0 0 0
1791081472 1785, 2619, 43, 0x0000000000000000 | 7.72 7.88 7.67 | cpu  2136107441 50789816 267394169 14510395537 1669881 0 10530222 0 0 0
1791081474 1785, 2619, 43, 0x0000000000000000 | 7.72 7.88 7.67 | cpu  2136109146 50789816 267395901 14510418409 1669881 0 10530263 0 0 0
1791081475 1785, 2619, 44, 0x0000000000000000 | 7.50 7.83 7.65 | cpu  2136109520 50789816 267396115 14510444795 1669881 0 10530315 0 0 0
1791081476 1785, 2619, 44, 0x0000000000000000 | 7.50 7.83 7.65 | cpu  2136109892 50789816 267396329 14510470840 1669881 0 10530377 0 0 0
1791081477 1785, 2619, 44, 0x0000000000000000 | 7.50 7.83 7.65 | cpu  2136110549 50789816 267397096 14510496001 1669881 0 10530447 0 0 0
1791081478 1785, 2619, 44, 0x0000000000000000 | 7.50 7.83 7.65 | cpu  2136111523 50789816 267398380 14510519291 1669881 0 10530483 0 0 0
1791081480 1785, 2619, 44, 0x0000000000000000 | 13.23 9.01 8.04 | cpu  2136113109 50789816 267399948 14510541517 1669881 0 10530526 0 0 0
1791081481 1785, 2619, 44, 0x0000000000000000 | 13.23 9.01 8.04 | cpu  2136115719 50789816 267400677 14510563805 1669881 0 10530592 0 0 0
1791081482 1785, 2619, 44, 0x0000000000000000 | 13.23 9.01 8.04 | cpu  2136117450 50789816 267401204 14510588240 1669881 0 10530666 0 0 0
1791081483 1785, 2619, 44, 0x0000000000000000 | 13.23 9.01 8.04 | cpu  2136119682 50789816 267402045 14510610107 1669884 0 10530726 0 0 0
1791081484 1785, 2619, 44, 0x0000000000000000 | 12.57 8.95 8.02 | cpu  2136122341 50789816 267402921 14510633191 1669884 0 10530783 0 0 0
1791081485 1785, 2619, 44, 0x0000000000000000 | 12.57 8.95 8.02 | cpu  2136125120 50789816 267403620 14510655814 1669884 0 10530834 0 0 0
1791081487 1785, 2619, 44, 0x0000000000000000 | 12.57 8.95 8.02 | cpu  2136125994 50789816 267403953 14510681428 1669884 0 10530863 0 0 0
1791081488 1785, 2619, 44, 0x0000000000000000 | 12.57 8.95 8.02 | cpu  2136126486 50789816 267404534 14510706846 1669884 0 10530910 0 0 0
1791081489 1785, 2619, 44, 0x0000000000000000 | 12.12 8.91 8.02 | cpu  2136127114 50789816 267405302 14510732517 1669884 0 10530977 0 0 0
1791081490 1785, 2619, 44, 0x0000000000000000 | 12.12 8.91 8.02 | cpu  2136127729 50789816 267405728 14510758180 1669884 0 10531042 0 0 0
1791081491 1785, 2619, 44, 0x0000000000000000 | 12.12 8.91 8.02 | cpu  2136128301 50789818 267406351 14510782033 1669884 0 10531104 0 0 0
1791081493 1785, 2619, 44, 0x0000000000000000 | 12.12 8.91 8.02 | cpu  2136128758 50789818 267406690 14510808109 1669884 0 10531166 0 0 0
1791081494 1785, 2619, 44, 0x0000000000000000 | 12.12 8.91 8.02 | cpu  2136129109 50789818 267407100 14510833747 1669895 0 10531214 0 0 0
1791081495 1785, 2619, 44, 0x0000000000000000 | 11.71 8.88 8.01 | cpu  2136129447 50789818 267407494 14510859118 1669895 0 10531278 0 0 0
1791081496 1785, 2619, 44, 0x0000000000000000 | 11.71 8.88 8.01 | cpu  2136130000 50789818 267408198 14510884392 1669895 0 10531296 0 0 0
1791081497 1785, 2619, 44, 0x0000000000000000 | 11.71 8.88 8.01 | cpu  2136130506 50789819 267409052 14510908169 1669895 0 10531353 0 0 0
1791081499 1785, 2619, 44, 0x0000000000000000 | 11.71 8.88 8.01 | cpu  2136131087 50789819 267409726 14510932693 1669906 0 10531442 0 0 0
1791081500 1785, 2619, 44, 0x0000000000000000 | 11.25 8.83 8.00 | cpu  2136131661 50789821 267410435 14510958481 1669906 0 10531536 0 0 0
1791081501 1785, 2619, 44, 0x0000000000000000 | 11.25 8.83 8.00 | cpu  2136132206 50789821 267411119 14510983125 1669906 0 10531621 0 0 0
1791081502 1785, 2619, 44, 0x0000000000000000 | 11.25 8.83 8.00 | cpu  2136132547 50789821 267411374 14511010225 1669906 0 10531679 0 0 0
1791081503 1785, 2619, 44, 0x0000000000000000 | 11.25 8.83 8.00 | cpu  2136132962 50789821 267411783 14511036695 1669906 0 10531762 0 0 0
1791081505 1785, 2619, 44, 0x0000000000000000 | 10.83 8.79 7.99 | cpu  2136133387 50789821 267412144 14511062148 1669906 0 10531833 0 0 0
1791081506 1785, 2619, 44, 0x0000000000000000 | 10.83 8.79 7.99 | cpu  2136134536 50789822 267412527 14511086992 1669906 0 10531917 0 0 0
1791081507 1785, 2619, 44, 0x0000000000000000 | 10.83 8.79 7.99 | cpu  2136136403 50789822 267413713 14511111923 1669906 0 10531990 0 0 0
1791081508 1785, 2619, 44, 0x0000000000000000 | 10.83 8.79 7.99 | cpu  2136138179 50789822 267415103 14511135884 1669906 0 10532053 0 0 0
1791081509 1785, 2619, 44, 0x0000000000000000 | 10.45 8.74 7.98 | cpu  2136139950 50789822 267416418 14511157868 1669906 0 10532100 0 0 0
1791081511 1785, 2619, 44, 0x0000000000000000 | 10.45 8.74 7.98 | cpu  2136141583 50789822 267417850 14511180005 1669906 0 10532160 0 0 0
1791081512 1785, 2619, 44, 0x0000000000000000 | 10.45 8.74 7.98 | cpu  2136143463 50789822 267419218 14511202310 1669906 0 10532229 0 0 0
1791081513 1785, 2619, 44, 0x0000000000000000 | 10.45 8.74 7.98 | cpu  2136144635 50789823 267420175 14511226598 1669906 0 10532283 0 0 0
1791081514 1785, 2619, 44, 0x0000000000000000 | 10.33 8.74 7.98 | cpu  2136145026 50789823 267422306 14511250769 1669906 0 10532344 0 0 0
1791081515 1785, 2619, 44, 0x0000000000000000 | 10.33 8.74 7.98 | cpu  2136145482 50789823 267425182 14511272103 1669906 0 10532388 0 0 0
1791081516 1785, 2619, 44, 0x0000000000000000 | 10.33 8.74 7.98 | cpu  2136146010 50789823 267428029 14511295264 1669906 0 10532437 0 0 0
1791081518 1785, 2619, 44, 0x0000000000000000 | 10.33 8.74 7.98 | cpu  2136146487 50789823 267430660 14511317747 1669906 0 10532460 0 0 0
1791081519 1785, 2619, 44, 0x0000000000000000 | 10.33 8.74 7.98 | cpu  2136147130 50789823 267433652 14511340302 1669906 0 10532498 0 0 0
1791081520 1785, 2619, 45, 0x0000000000000000 | 9.98 8.70 7.97 | cpu  2136148050 50789823 267434957 14511363594 1669906 0 10532535 0 0 0
1791081521 1785, 2619, 45, 0x0000000000000000 | 9.98 8.70 7.97 | cpu  2136149033 50789823 267437895 14511385944 1669906 0 10532573 0 0 0
1791081522 1785, 2619, 45, 0x0000000000000000 | 9.98 8.70 7.97 | cpu  2136150030 50789823 267439334 14511409162 1669906 0 10532610 0 0 0
1791081523 1785, 2619, 45, 0x0000000000000000 | 9.98 8.70 7.97 | cpu  2136150894 50789823 267441383 14511431011 1669906 0 10532646 0 0 0
1791081525 1785, 2619, 45, 0x0000000000000000 | 9.82 8.69 7.97 | cpu  2136153274 50789824 267443101 14511452888 1669906 0 10532658 0 0 0
1791081526 1785, 2619, 45, 0x0000000000000000 | 9.82 8.69 7.97 | cpu  2136158164 50789824 267444647 14511472466 1669917 0 10532673 0 0 0
1791081527 1785, 2619, 45, 0x0000000000000000 | 9.82 8.69 7.97 | cpu  2136163409 50789824 267445156 14511494757 1669917 0 10532695 0 0 0
1791081528 1785, 2619, 45, 0x0000000000000000 | 9.82 8.69 7.97 | cpu  2136164484 50789824 267446611 14511518661 1669917 0 10532714 0 0 0
1791081529 1785, 2619, 45, 0x0000000000000000 | 9.52 8.64 7.96 | cpu  2136165724 50789824 267448631 14511540790 1669917 0 10532733 0 0 0
1791081530 1785, 2619, 45, 0x0000000000000000 | 9.52 8.64 7.96 | cpu  2136166234 50789824 267448912 14511566085 1669917 0 10532738 0 0 0
1791081532 1785, 2619, 45, 0x0000000000000000 | 9.52 8.64 7.96 | cpu  2136166658 50789824 267449157 14511590496 1669917 0 10532764 0 0 0
1791081533 1785, 2619, 45, 0x0000000000000000 | 9.52 8.64 7.96 | cpu  2136167075 50789824 267449442 14511615082 1669917 0 10532775 0 0 0
1791081534 1785, 2619, 45, 0x0000000000000000 | 9.52 8.64 7.96 | cpu  2136167517 50789824 267449890 14511641061 1669917 0 10532785 0 0 0
1791081535 1785, 2619, 45, 0x0000000000000000 | 9.31 8.61 7.96 | cpu  2136167946 50789824 267450298 14511665947 1669917 0 10532809 0 0 0
1791081536 1785, 2619, 45, 0x0000000000000000 | 9.31 8.61 7.96 | cpu  2136168349 50789824 267450570 14511691199 1669917 0 10532828 0 0 0
1791081537 1785, 2619, 45, 0x0000000000000000 | 9.31 8.61 7.96 | cpu  2136168924 50789824 267451384 14511715034 1669917 0 10532836 0 0 0
1791081539 1785, 2619, 45, 0x0000000000000000 | 9.31 8.61 7.96 | cpu  2136169374 50789824 267453114 14511738127 1669917 0 10532838 0 0 0
1791081540 1785, 2619, 45, 0x0000000000000000 | 8.89 8.54 7.93 | cpu  2136169840 50789824 267455778 14511759530 1669917 0 10532851 0 0 0
1791081541 1785, 2619, 45, 0x0000000000000000 | 8.89 8.54 7.93 | cpu  2136170623 50789824 267458901 14511782446 1669917 0 10532874 0 0 0
1791081542 1785, 2619, 45, 0x0000000000000000 | 8.89 8.54 7.93 | cpu  2136171416 50789824 267459977 14511808526 1669917 0 10532888 0 0 0
1791081543 1785, 2619, 45, 0x0000000000000000 | 8.89 8.54 7.93 | cpu  2136172249 50789824 267462855 14511830655 1669919 0 10532900 0 0 0
1791081544 1785, 2619, 45, 0x0000000000000000 | 8.50 8.46 7.91 | cpu  2136173109 50789824 267463959 14511854708 1669919 0 10532905 0 0 0
1791081546 1785, 2619, 45, 0x0000000000000000 | 8.50 8.46 7.91 | cpu  2136173982 50789824 267465964 14511877158 1669919 0 10532914 0 0 0
1791081547 1785, 2619, 45, 0x0000000000000000 | 8.50 8.46 7.91 | cpu  2136174245 50789824 267466198 14511902431 1669919 0 10532925 0 0 0
1791081548 1785, 2619, 45, 0x0000000000000000 | 8.50 8.46 7.91 | cpu  2136174466 50789824 267466398 14511926333 1669919 0 10532930 0 0 0
1791081549 1785, 2619, 45, 0x0000000000000000 | 8.50 8.46 7.91 | cpu  2136174947 50789824 267467218 14511949674 1669919 0 10532930 0 0 0
1791081550 1785, 2619, 45, 0x0000000000000000 | 8.22 8.40 7.90 | cpu  2136175311 50789824 267467332 14511974706 1669919 0 10532938 0 0 0
1791081551 1785, 2619, 45, 0x0000000000000000 | 8.22 8.40 7.90 | cpu  2136175697 50789824 267467508 14511999557 1669919 0 10532977 0 0 0
1791081552 1785, 2619, 45, 0x0000000000000000 | 8.22 8.40 7.90 | cpu  2136176531 50789824 267468735 14512021577 1669919 0 10532984 0 0 0
1791081553 1785, 2619, 45, 0x0000000000000000 | 8.22 8.40 7.90 | cpu  2136177608 50789824 267470288 14512044965 1669919 0 10532990 0 0 0
1791081555 1785, 2619, 45, 0x0000000000000000 | 7.88 8.33 7.88 | cpu  2136177989 50789824 267470382 14512070027 1669919 0 10532990 0 0 0
1791081556 1785, 2619, 45, 0x0000000000000000 | 7.88 8.33 7.88 | cpu  2136178370 50789824 267470462 14512095845 1669919 0 10532993 0 0 0
1791081557 1785, 2619, 45, 0x0000000000000000 | 7.88 8.33 7.88 | cpu  2136178707 50789825 267470530 14512121677 1669919 0 10532995 0 0 0
1791081558 1785, 2619, 45, 0x0000000000000000 | 7.88 8.33 7.88 | cpu  2136179082 50789825 267470649 14512147172 1669919 0 10532996 0 0 0
1791081559 1785, 2619, 45, 0x0000000000000000 | 7.57 8.26 7.85 | cpu  2136179461 50789825 267470775 14512172751 1669919 0 10532997 0 0 0
1791081560 1785, 2619, 45, 0x0000000000000000 | 7.57 8.26 7.85 | cpu  2136179844 50789825 267470912 14512197987 1669919 0 10533000 0 0 0
1791081562 1785, 2619, 45, 0x0000000000000000 | 7.57 8.26 7.85 | cpu  2136180629 50789825 267472128 14512221549 1669919 0 10533014 0 0 0
1791081563 1785, 2619, 45, 0x0000000000000000 | 7.57 8.26 7.85 | cpu  2136181452 50789825 267474210 14512243438 1669919 0 10533017 0 0 0
1791081564 1785, 2619, 45, 0x0000000000000000 | 7.57 8.26 7.85 | cpu  2136181886 50789825 267474471 14512268356 1669919 0 10533018 0 0 0
1791081565 1785, 2619, 45, 0x0000000000000000 | 7.36 8.20 7.84 | cpu  2136182400 50789825 267474710 14512292768 1669919 0 10533019 0 0 0
1791081566 1785, 2619, 45, 0x0000000000000000 | 7.36 8.20 7.84 | cpu  2136182811 50789825 267474826 14512316883 1669919 0 10533019 0 0 0
1791081567 1785, 2619, 45, 0x0000000000000000 | 7.36 8.20 7.84 | cpu  2136183350 50789825 267474971 14512341582 1669919 0 10533020 0 0 0
1791081568 1785, 2619, 45, 0x0000000000000000 | 7.36 8.20 7.84 | cpu  2136183859 50789825 267475114 14512366614 1669919 0 10533020 0 0 0
1791081569 1785, 2619, 45, 0x0000000000000000 | 7.09 8.13 7.82 | cpu  2136184276 50789825 267475667 14512392322 1669919 0 10533031 0 0 0
1791081571 1785, 2619, 45, 0x0000000000000000 | 7.09 8.13 7.82 | cpu  2136184959 50789826 267476838 14512416315 1669919 0 10533032 0 0 0
1791081572 1785, 2619, 45, 0x0000000000000000 | 7.09 8.13 7.82 | cpu  2136185417 50789826 267477061 14512441615 1669919 0 10533042 0 0 0
1791081573 1785, 2619, 45, 0x0000000000000000 | 7.09 8.13 7.82 | cpu  2136185987 50789826 267477368 14512466301 1669919 0 10533050 0 0 0
1791081574 1785, 2619, 45, 0x0000000000000000 | 7.09 8.13 7.82 | cpu  2136186532 50789826 267477680 14512490760 1669919 0 10533058 0 0 0
1791081575 1785, 2619, 45, 0x0000000000000000 | 7.00 8.10 7.81 | cpu  2136186968 50789826 267477920 14512516172 1669919 0 10533063 0 0 0
1791081576 1785, 2619, 45, 0x0000000000000000 | 7.00 8.10 7.81 | cpu  2136187470 50789826 267478209 14512541042 1669919 0 10533070 0 0 0
1791081578 1785, 2619, 45, 0x0000000000000000 | 7.00 8.10 7.81 | cpu  2136187843 50789826 267478269 14512566792 1669919 0 10533070 0 0 0
1791081579 1785, 2619, 45, 0x0000000000000000 | 7.00 8.10 7.81 | cpu  2136188453 50789826 267478335 14512591157 1669919 0 10533072 0 0 0
1791081580 1785, 2619, 45, 0x0000000000000000 | 6.92 8.06 7.80 | cpu  2136189075 50789826 267478416 14512616841 1669919 0 10533077 0 0 0
1791081581 1785, 2619, 45, 0x0000000000000000 | 6.92 8.06 7.80 | cpu  2136189621 50789826 267478628 14512641573 1669919 0 10533080 0 0 0
1791081582 1785, 2619, 45, 0x0000000000000000 | 6.92 8.06 7.80 | cpu  2136190025 50789826 267478980 14512665207 1669919 0 10533086 0 0 0
1791081583 1785, 2619, 45, 0x0000000000000000 | 6.92 8.06 7.80 | cpu  2136190939 50789826 267479280 14512689238 1669919 0 10533093 0 0 0
1791081584 1785, 2619, 45, 0x0000000000000000 | 15.74 9.87 8.39 | cpu  2136193608 50789826 267479556 14512713189 1669919 0 10533102 0 0 0
1791081586 1785, 2619, 45, 0x0000000000000000 | 15.74 9.87 8.39 | cpu  2136196881 50789826 267479818 14512734478 1669919 0 10533116 0 0 0
1791081587 1785, 2619, 45, 0x0000000000000000 | 15.74 9.87 8.39 | cpu  2136199085 50789826 267479961 14512755413 1669919 0 10533123 0 0 0
1791081588 1785, 2619, 45, 0x0000000000000000 | 15.74 9.87 8.39 | cpu  2136199993 50789826 267480178 14512779739 1669919 0 10533124 0 0 0
1791081589 1785, 2619, 45, 0x0000000000000000 | 15.74 9.87 8.39 | cpu  2136200345 50789826 267480352 14512804329 1669919 0 10533124 0 0 0
1791081590 1785, 2619, 45, 0x0000000000000000 | 14.88 9.79 8.37 | cpu  2136200729 50789827 267480490 14512829526 1669919 0 10533130 0 0 0
1791081591 1785, 2619, 45, 0x0000000000000000 | 14.88 9.79 8.37 | cpu  2136201123 50789827 267480625 14512854657 1669919 0 10533144 0 0 0
1791081592 1785, 2619, 46, 0x0000000000000000 | 14.88 9.79 8.37 | cpu  2136201548 50789827 267480987 14512879221 1669919 0 10533152 0 0 0
1791081594 1785, 2619, 45, 0x0000000000000000 | 14.88 9.79 8.37 | cpu  2136201976 50789827 267481176 14512905385 1669919 0 10533153 0 0 0
1791081595 1785, 2619, 45, 0x0000000000000000 | 14.09 9.71 8.35 | cpu  2136202436 50789827 267481384 14512931196 1669919 0 10533170 0 0 0
1791081596 1785, 2619, 45, 0x0000000000000000 | 14.09 9.71 8.35 | cpu  2136202861 50789827 267482719 14512955344 1669919 0 10533190 0 0 0
1791081597 1785, 2619, 45, 0x0000000000000000 | 14.09 9.71 8.35 | cpu  2136203187 50789828 267482831 14512980356 1669919 0 10533197 0 0 0
1791081598 1785, 2619, 45, 0x0000000000000000 | 14.09 9.71 8.35 | cpu  2136203546 50789828 267482956 14513005397 1669919 0 10533197 0 0 0
1791081599 1785, 2619, 45, 0x0000000000000000 | 13.44 9.65 8.34 | cpu  2136203909 50789828 267483084 14513030519 1669919 0 10533197 0 0 0
1791081601 1785, 2619, 45, 0x0000000000000000 | 13.44 9.65 8.34 | cpu  2136204264 50789828 267483226 14513055825 1669919 0 10533198 0 0 0
1791081602 1785, 2619, 45, 0x0000000000000000 | 13.44 9.65 8.34 | cpu  2136204626 50789828 267483390 14513081002 1669919 0 10533206 0 0 0
1791081603 1785, 2619, 45, 0x0000000000000000 | 13.44 9.65 8.34 | cpu  2136205042 50789828 267483563 14513106909 1669922 0 10533218 0 0 0
1791081604 1785, 2619, 45, 0x0000000000000000 | 13.44 9.65 8.34 | cpu  2136205434 50789828 267483686 14513132792 1669922 0 10533221 0 0 0
1791081605 1785, 2619, 45, 0x0000000000000000 | 12.68 9.56 8.31 | cpu  2136205796 50789828 267483799 14513157330 1669922 0 10533222 0 0 0
1791081606 1785, 2619, 46, 0x0000000000000000 | 12.68 9.56 8.31 | cpu  2136206152 50789828 267483904 14513182966 1669922 0 10533224 0 0 0
1791081607 1785, 2619, 46, 0x0000000000000000 | 12.68 9.56 8.31 | cpu  2136206474 50789828 267484016 14513208097 1669922 0 10533235 0 0 0
1791081609 1785, 2619, 45, 0x0000000000000000 | 12.68 9.56 8.31 | cpu  2136206845 50789828 267484150 14513234117 1669922 0 10533237 0 0 0
1791081610 1785, 2619, 45, 0x0000000000000000 | 11.99 9.46 8.29 | cpu  2136207211 50789828 267484297 14513259630 1669922 0 10533242 0 0 0
1791081611 1785, 2619, 45, 0x0000000000000000 | 11.99 9.46 8.29 | cpu  2136207584 50789828 267484465 14513284777 1669922 0 10533247 0 0 0
1791081612 1785, 2619, 45, 0x0000000000000000 | 11.99 9.46 8.29 | cpu  2136207944 50789828 267484686 14513310421 1669922 0 10533255 0 0 0
1791081613 1785, 2619, 45, 0x0000000000000000 | 11.99 9.46 8.29 | cpu  2136208368 50789828 267484942 14513335751 1669922 0 10533264 0 0 0
1791081614 1785, 2619, 45, 0x0000000000000000 | 11.43 9.39 8.27 | cpu  2136208750 50789828 267485162 14513361100 1669922 0 10533268 0 0 0
1791081616 1785, 2619, 45, 0x0000000000000000 | 11.43 9.39 8.27 | cpu  2136209140 50789828 267485381 14513386518 1669922 0 10533268 0 0 0
1791081617 1785, 2619, 45, 0x0000000000000000 | 11.43 9.39 8.27 | cpu  2136209522 50789828 267485518 14513412083 1669922 0 10533268 0 0 0
1791081618 1785, 2619, 45, 0x0000000000000000 | 11.43 9.39 8.27 | cpu  2136209890 50789829 267485698 14513437633 1669922 0 10533268 0 0 0
1791081619 1785, 2619, 45, 0x0000000000000000 | 11.43 9.39 8.27 | cpu  2136210284 50789829 267485952 14513463576 1669922 0 10533270 0 0 0
1791081620 1785, 2619, 45, 0x0000000000000000 | 11.07 9.35 8.26 | cpu  2136210664 50789829 267486184 14513489066 1669922 0 10533283 0 0 0
1791081622 1785, 2619, 45, 0x0000000000000000 | 11.07 9.35 8.26 | cpu  2136211056 50789829 267486382 14513517008 1669922 0 10533285 0 0 0
1791081623 1785, 2619, 45, 0x0000000000000000 | 11.07 9.35 8.26 | cpu  2136211440 50789829 267486603 14513542492 1669922 0 10533287 0 0 0
1791081624 1785, 2619, 45, 0x0000000000000000 | 11.07 9.35 8.26 | cpu  2136211864 50789829 267486815 14513568178 1669922 0 10533298 0 0 0
1791081625 1785, 2619, 45, 0x0000000000000000 | 10.51 9.26 8.24 | cpu  2136212250 50789829 267486926 14513593728 1669922 0 10533298 0 0 0
1791081626 1785, 2619, 45, 0x0000000000000000 | 10.51 9.26 8.24 | cpu  2136212609 50789829 267487011 14513622216 1669922 0 10533299 0 0 0
1791081628 1785, 2619, 45, 0x0000000000000000 | 10.51 9.26 8.24 | cpu  2136212952 50789829 267487054 14513647309 1669922 0 10533299 0 0 0
1791081629 1785, 2619, 45, 0x0000000000000000 | 10.51 9.26 8.24 | cpu  2136213304 50789829 267487096 14513673449 1669922 0 10533300 0 0 0
1791081630 1785, 2619, 45, 0x0000000000000000 | 10.06 9.19 8.22 | cpu  2136213671 50789829 267487262 14513698899 1669922 0 10533306 0 0 0
1791081631 1785, 2619, 45, 0x0000000000000000 | 10.06 9.19 8.22 | cpu  2136214062 50789829 267487530 14513724880 1669922 0 10533310 0 0 0
1791081632 1785, 2619, 45, 0x0000000000000000 | 10.06 9.19 8.22 | cpu  2136214421 50789829 267487728 14513750251 1669922 0 10533315 0 0 0
1791081633 1785, 2619, 45, 0x0000000000000000 | 10.06 9.19 8.22 | cpu  2136214814 50789829 267487940 14513775692 1669922 0 10533319 0 0 0
1791081635 1785, 2619, 45, 0x0000000000000000 | 9.66 9.12 8.21 | cpu  2136215200 50789830 267488149 14513800609 1669922 0 10533324 0 0 0
1791081636 1785, 2619, 45, 0x0000000000000000 | 9.66 9.12 8.21 | cpu  2136215611 50789830 267488357 14513825600 1669922 0 10533333 0 0 0
1791081637 1785, 2619, 45, 0x0000000000000000 | 9.66 9.12 8.21 | cpu  2136215913 50789830 267488405 14513850659 1669922 0 10533333 0 0 0
1791081638 1785, 2619, 45, 0x0000000000000000 | 9.66 9.12 8.21 | cpu  2136216252 50789830 267488442 14513876294 1669922 0 10533333 0 0 0
1791081639 1785, 2619, 45, 0x0000000000000000 | 9.66 9.12 8.21 | cpu  2136216592 50789830 267488479 14513901475 1669922 0 10533333 0 0 0
1791081640 1785, 2619, 45, 0x0000000000000000 | 9.29 9.05 8.19 | cpu  2136216924 50789830 267488520 14513926999 1669922 0 10533333 0 0 0
1791081642 1785, 2619, 45, 0x0000000000000000 | 9.29 9.05 8.19 | cpu  2136217280 50789830 267488651 14513953452 1669922 0 10533334 0 0 0
1791081643 1785, 2619, 45, 0x0000000000000000 | 9.29 9.05 8.19 | cpu  2136217672 50789830 267488877 14513978899 1669922 0 10533342 0 0 0
1791081644 1785, 2619, 45, 0x0000000000000000 | 9.29 9.05 8.19 | cpu  2136218076 50789830 267489078 14514003932 1669922 0 10533348 0 0 0
1791081645 1785, 2619, 45, 0x0000000000000000 | 9.10 9.02 8.18 | cpu  2136218476 50789830 267489298 14514028833 1669922 0 10533366 0 0 0
1791081646 1785, 2619, 45, 0x0000000000000000 | 9.10 9.02 8.18 | cpu  2136218852 50789830 267489502 14514053332 1669922 0 10533370 0 0 0
1791081647 1785, 2619, 45, 0x0000000000000000 | 9.10 9.02 8.18 | cpu  2136219179 50789830 267489634 14514078112 1669922 0 10533377 0 0 0
1791081648 1785, 2619, 45, 0x0000000000000000 | 9.10 9.02 8.18 | cpu  2136219552 50789830 267489705 14514104241 1669922 0 10533380 0 0 0
1791081650 1785, 2619, 45, 0x0000000000000000 | 8.77 8.95 8.16 | cpu  2136219922 50789830 267489794 14514129139 1669922 0 10533391 0 0 0
1791081651 1785, 2619, 45, 0x0000000000000000 | 8.77 8.95 8.16 | cpu  2136220365 50789830 267490067 14514154371 1669922 0 10533404 0 0 0
1791081652 1785, 2619, 45, 0x0000000000000000 | 8.77 8.95 8.16 | cpu  2136220740 50789830 267490235 14514179627 1669922 0 10533412 0 0 0
1791081653 1785, 2619, 45, 0x0000000000000000 | 8.77 8.95 8.16 | cpu  2136221208 50789830 267491484 14514204844 1669922 0 10533416 0 0 0
1791081654 1785, 2619, 45, 0x0000000000000000 | 8.87 8.97 8.17 | cpu  2136221667 50789830 267491944 14514230551 1669922 0 10533426 0 0 0
1791081655 1785, 2619, 45, 0x0000000000000000 | 8.87 8.97 8.17 | cpu  2136222066 50789830 267492166 14514255532 1669922 0 10533448 0 0 0
1791081657 1785, 2619, 45, 0x0000000000000000 | 8.87 8.97 8.17 | cpu  2136222413 50789830 267492344 14514280856 1669922 0 10533456 0 0 0
1791081658 1785, 2619, 45, 0x0000000000000000 | 8.87 8.97 8.17 | cpu  2136222786 50789830 267492474 14514306974 1669922 0 10533459 0 0 0
1791081659 1785, 2619, 45, 0x0000000000000000 | 8.87 8.97 8.17 | cpu  2136223200 50789830 267492624 14514331962 1669922 0 10533464 0 0 0
1791081660 1785, 2619, 45, 0x0000000000000000 | 8.40 8.87 8.15 | cpu  2136223556 50789831 267492702 14514357695 1669922 0 10533466 0 0 0
1791081661 1785, 2619, 45, 0x0000000000000000 | 8.40 8.87 8.15 | cpu  2136223975 50789831 267492834 14514386789 1669922 0 10533473 0 0 0
1791081663 1785, 2619, 45, 0x0000000000000000 | 8.40 8.87 8.15 | cpu  2136224458 50789831 267493146 14514411977 1669922 0 10533483 0 0 0
1791081664 1785, 2619, 45, 0x0000000000000000 | 8.40 8.87 8.15 | cpu  2136224840 50789831 267493370 14514436972 1669924 0 10533485 0 0 0
1791081665 1785, 2619, 45, 0x0000000000000000 | 8.21 8.82 8.13 | cpu  2136225308 50789831 267493649 14514462211 1669924 0 10533510 0 0 0
1791081666 1785, 2619, 45, 0x0000000000000000 | 8.21 8.82 8.13 | cpu  2136225746 50789831 267495044 14514485419 1669924 0 10533532 0 0 0
1791081667 1785, 2619, 45, 0x0000000000000000 | 8.21 8.82 8.13 | cpu  2136226080 50789831 267495202 14514510901 1669924 0 10533542 0 0 0
1791081668 1785, 2619, 44, 0x0000000000000000 | 8.21 8.82 8.13 | cpu  2136226441 50789831 267495332 14514536538 1669924 0 10533542 0 0 0
1791081669 1785, 2619, 45, 0x0000000000000000 | 8.03 8.77 8.12 | cpu  2136226828 50789831 267495496 14514562045 1669924 0 10533559 0 0 0
1791081671 1785, 2619, 44, 0x0000000000000000 | 8.03 8.77 8.12 | cpu  2136227170 50789831 267495590 14514586721 1669924 0 10533559 0 0 0
1791081672 1785, 2619, 44, 0x0000000000000000 | 8.03 8.77 8.12 | cpu  2136227496 50789831 267495665 14514612822 1669924 0 10533559 0 0 0
1791081673 1785, 2619, 44, 0x0000000000000000 | 8.03 8.77 8.12 | cpu  2136227867 50789831 267495793 14514638535 1669924 0 10533561 0 0 0
1791081674 1785, 2619, 44, 0x0000000000000000 | 8.03 8.77 8.12 | cpu  2136228253 50789831 267495900 14514664006 1669924 0 10533562 0 0 0
1791081675 1785, 2619, 44, 0x0000000000000000 | 7.79 8.71 8.11 | cpu  2136228627 50789831 267496030 14514689541 1669924 0 10533567 0 0 0
1791081676 1785, 2619, 44, 0x0000000000000000 | 7.79 8.71 8.11 | cpu  2136228980 50789831 267496205 14514714390 1669924 0 10533570 0 0 0
1791081678 1785, 2619, 44, 0x0000000000000000 | 7.79 8.71 8.11 | cpu  2136229338 50789831 267496343 14514739977 1669924 0 10533570 0 0 0
1791081679 1785, 2619, 44, 0x0000000000000000 | 7.79 8.71 8.11 | cpu  2136229708 50789831 267496480 14514766195 1669924 0 10533570 0 0 0
1791081680 1785, 2619, 44, 0x0000000000000000 | 7.49 8.63 8.08 | cpu  2136230068 50789831 267496617 14514791389 1669924 0 10533570 0 0 0
1791081681 1785, 2619, 44, 0x0000000000000000 | 7.49 8.63 8.08 | cpu  2136230439 50789831 267496768 14514819824 1669924 0 10533573 0 0 0
1791081682 1785, 2619, 44, 0x0000000000000000 | 7.49 8.63 8.08 | cpu  2136230825 50789831 267496922 14514845184 1669924 0 10533573 0 0 0
1791081684 1785, 2619, 44, 0x0000000000000000 | 7.49 8.63 8.08 | cpu  2136231210 50789831 267497041 14514871207 1669924 0 10533573 0 0 0
1791081685 1785, 2619, 44, 0x0000000000000000 | 7.21 8.55 8.06 | cpu  2136231520 50789831 267497196 14514896310 1669924 0 10533574 0 0 0
1791081686 1785, 2619, 44, 0x0000000000000000 | 7.21 8.55 8.06 | cpu  2136231817 50789831 267497366 14514921381 1669924 0 10533574 0 0 0
1791081687 1785, 2619, 44, 0x0000000000000000 | 7.21 8.55 8.06 | cpu  2136232069 50789831 267497485 14514946441 1669924 0 10533575 0 0 0
1791081688 1785, 2619, 44, 0x0000000000000000 | 7.21 8.55 8.06 | cpu  2136232369 50789834 267497662 14514972180 1669924 0 10533575 0 0 0
1791081689 1785, 2619, 44, 0x0000000000000000 | 6.95 8.48 8.04 | cpu  2136232663 50789834 267497853 14514998071 1669924 0 10533575 0 0 0
1791081691 1785, 2619, 44, 0x0000000000000000 | 6.95 8.48 8.04 | cpu  2136232970 50789834 267498051 14515024019 1669924 0 10533577 0 0 0
1791081692 1785, 2619, 44, 0x0000000000000000 | 6.95 8.48 8.04 | cpu  2136233258 50789834 267498255 14515049372 1669924 0 10533582 0 0 0
1791081693 1785, 2619, 44, 0x0000000000000000 | 6.95 8.48 8.04 | cpu  2136233587 50789834 267498549 14515074809 1669924 0 10533585 0 0 0
1791081694 1785, 2619, 44, 0x0000000000000000 | 6.95 8.48 8.04 | cpu  2136233960 50789834 267498740 14515101514 1669924 0 10533587 0 0 0
1791081695 1785, 2619, 44, 0x0000000000000000 | 6.71 8.40 8.02 | cpu  2136234280 50789834 267498976 14515126865 1669924 0 10533588 0 0 0
1791081696 1785, 2619, 44, 0x0000000000000000 | 6.71 8.40 8.02 | cpu  2136234555 50789834 267499187 14515152275 1669924 0 10533589 0 0 0
1791081698 1785, 2619, 44, 0x0000000000000000 | 6.71 8.40 8.02 | cpu  2136234825 50789834 267499285 14515178168 1669924 0 10533589 0 0 0
1791081699 1785, 2619, 44, 0x0000000000000000 | 6.71 8.40 8.02 | cpu  2136235112 50789834 267499428 14515203361 1669924 0 10533590 0 0 0
1791081700 1785, 2619, 43, 0x0000000000000000 | 6.50 8.33 8.00 | cpu  2136235411 50789834 267499622 14515228825 1669924 0 10533591 0 0 0
1791081701 1785, 2619, 43, 0x0000000000000000 | 6.50 8.33 8.00 | cpu  2136235704 50789834 267499814 14515257124 1669924 0 10533591 0 0 0
1791081702 1785, 2619, 43, 0x0000000000000000 | 6.50 8.33 8.00 | cpu  2136236013 50789834 267500075 14515282036 1669924 0 10533593 0 0 0
1791081703 1785, 2619, 43, 0x0000000000000000 | 6.50 8.33 8.00 | cpu  2136236404 50789834 267500342 14515307815 1669924 0 10533596 0 0 0
1791081705 1785, 2619, 43, 0x0000000000000000 | 6.38 8.28 7.98 | cpu  2136236741 50789834 267500592 14515333398 1669924 0 10533601 0 0 0
1791081706 1785, 2619, 43, 0x0000000000000000 | 6.38 8.28 7.98 | cpu  2136237058 50789835 267500757 14515358980 1669924 0 10533603 0 0 0
1791081707 1785, 2619, 43, 0x0000000000000000 | 6.38 8.28 7.98 | cpu  2136237320 50789835 267500873 14515384033 1669924 0 10533604 0 0 0
1791081708 1785, 2619, 43, 0x0000000000000000 | 6.38 8.28 7.98 | cpu  2136237606 50789835 267501003 14515409909 1669924 0 10533608 0 0 0
1791081709 1785, 2619, 43, 0x0000000000000000 | 6.18 8.20 7.96 | cpu  2136237882 50789835 267501092 14515435497 1669924 0 10533608 0 0 0
1791081710 1785, 2619, 43, 0x0000000000000000 | 6.18 8.20 7.96 | cpu  2136238189 50789835 267501260 14515461089 1669924 0 10533608 0 0 0
1791081712 1785, 2619, 43, 0x0000000000000000 | 6.18 8.20 7.96 | cpu  2136238472 50789835 267501441 14515486545 1669924 0 10533612 0 0 0
1791081713 1785, 2619, 43, 0x0000000000000000 | 6.18 8.20 7.96 | cpu  2136238794 50789835 267501703 14515511565 1669924 0 10533616 0 0 0
1791081714 1785, 2619, 43, 0x0000000000000000 | 6.18 8.20 7.96 | cpu  2136239208 50789835 267502019 14515537724 1669924 0 10533629 0 0 0
1791081715 1785, 2619, 43, 0x0000000000000000 | 6.17 8.17 7.95 | cpu  2136239681 50789835 267502414 14515564296 1669924 0 10533654 0 0 0
1791081716 1785, 2619, 43, 0x0000000000000000 | 6.17 8.17 7.95 | cpu  2136240078 50789835 267502751 14515590364 1669924 0 10533669 0 0 0
1791081718 1785, 2619, 43, 0x0000000000000000 | 6.17 8.17 7.95 | cpu  2136240524 50789835 267502958 14515615417 1669924 0 10533678 0 0 0
