1791082103 630, 2619, 49, 0x0000000000000001 | 6.29 6.89 7.33 | cpu  2136425897 50789858 267664959 14523876112 1669944 0 10535299 0 0 0
1791082104 360, 2619, 49, 0x0000000000000001 | 6.29 6.89 7.33 | cpu  2136426840 50789858 267665180 14523904451 1669944 0 10535310 0 0 0
1791082105 345, 2619, 49, 0x0000000000000001 | 6.10 6.84 7.31 | cpu  2136427114 50789858 267665399 14523930088 1669944 0 10535326 0 0 0
1791082107 345, 2619, 48, 0x0000000000000001 | 6.10 6.84 7.31 | cpu  2136427405 50789858 267665516 14523955490 1669944 0 10535332 0 0 0
1791082108 345, 2619, 48, 0x0000000000000001 | 6.10 6.84 7.31 | cpu  2136427770 50789858 267665690 14523981227 1669944 0 10535341 0 0 0
1791082109 345, 2619, 48, 0x0000000000000001 | 6.10 6.84 7.31 | cpu  2136428134 50789858 267665946 14524006832 1669944 0 10535349 0 0 0
1791082110 1785, 2619, 49, 0x0000000000000000 | 6.10 6.83 7.30 | cpu  2136429068 50789858 267666231 14524030890 1669944 0 10535363 0 0 0
1791082111 1785, 2619, 49, 0x0000000000000000 | 6.10 6.83 7.30 | cpu  2136429482 50789858 267666571 14524055637 1669944 0 10535374 0 0 0
1791082112 1785, 2619, 49, 0x0000000000000000 | 6.10 6.83 7.30 | cpu  2136429806 50789859 267666858 14524081473 1669944 0 10535380 0 0 0
1791082114 1785, 2619, 49, 0x0000000000000000 | 6.10 6.83 7.30 | cpu  2136430115 50789859 267667153 14524106351 1669944 0 10535387 0 0 0
1791082115 1785, 2619, 48, 0x0000000000000000 | 6.17 6.83 7.30 | cpu  2136430436 50789860 267667465 14524131387 1669944 0 10535408 0 0 0
1791082116 1785, 2619, 48, 0x0000000000000000 | 6.17 6.83 7.30 | cpu  2136430793 50789860 267667814 14524156426 1669944 0 10535412 0 0 0
1791082117 1785, 2619, 48, 0x0000000000000000 | 6.17 6.83 7.30 | cpu  2136431147 50789860 267668054 14524182735 1669944 0 10535420 0 0 0
1791082118 1785, 2619, 48, 0x0000000000000000 | 6.17 6.83 7.30 | cpu  2136431494 50789860 267668281 14524209131 1669944 0 10535422 0 0 0
1791082119 1785, 2619, 48, 0x0000000000000000 | 6.17 6.83 7.30 | cpu  2136431774 50789860 267668378 14524234525 1669944 0 10535424 0 0 0
1791082121 1785, 2619, 48, 0x0000000000000000 | 5.91 6.77 7.28 | cpu  2136432014 50789860 267668507 14524260093 1669944 0 10535424 0 0 0
1791082122 1785, 2619, 48, 0x0000000000000000 | 5.91 6.77 7.28 | cpu  2136432250 50789860 267668652 14524285207 1669944 0 10535424 0 0 0
1791082123 1785, 2619, 48, 0x0000000000000000 | 5.91 6.77 7.28 | cpu  2136435472 50789860 267668840 14524314837 1669944 0 10535443 0 0 0
1791082124 1785, 2619, 48, 0x0000000000000000 | 5.91 6.77 7.28 | cpu  2136438410 50789860 267669197 14524338683 1669944 0 10535451 0 0 0
1791082126 1785, 2619, 47, 0x0000000000000000 | 5.92 6.76 7.27 | cpu  2136441372 50789860 267669530 14524360719 1669944 0 10535457 0 0 0
1791082127 1785, 2619, 47, 0x0000000000000000 | 5.92 6.76 7.27 | cpu  2136444492 50789860 267669842 14524383525 1669944 0 10535481 0 0 0
1791082128 1785, 2619, 47, 0x0000000000000000 | 5.92 6.76 7.27 | cpu  2136446756 50789860 267670083 14524406412 1669944 0 10535499 0 0 0
1791082129 1785, 2619, 47, 0x0000000000000000 | 5.92 6.76 7.27 | cpu  2136447116 50789860 267670198 14524433616 1669944 0 10535503 0 0 0
1791082130 1785, 2619, 47, 0x0000000000000000 | 5.69 6.69 7.25 | cpu  2136447448 50789861 267670224 14524458720 1669944 0 10535503 0 0 0
1791082131 1785, 2619, 47, 0x0000000000000000 | 5.69 6.69 7.25 | cpu  2136447780 50789861 267670247 14524483884 1669944 0 10535503 0 0 0
1791082132 1785, 2619, 47, 0x0000000000000000 | 5.69 6.69 7.25 | cpu  2136448111 50789861 267670322 14524509745 1669944 0 10535505 0 0 0
1791082134 1785, 2619, 47, 0x0000000000000000 | 5.69 6.69 7.25 | cpu  2136448413 50789861 267670493 14524535117 1669944 0 10535506 0 0 0
1791082135 1785, 2619, 47, 0x0000000000000000 | 6.99 6.95 7.33 | cpu  2136448855 50789861 267670983 14524560939 1669945 0 10535522 0 0 0
1791082136 1785, 2619, 47, 0x0000000000000000 | 6.99 6.95 7.33 | cpu  2136449258 50789861 267671299 14524586767 1669945 0 10535531 0 0 0
1791082137 1785, 2619, 47, 0x0000000000000000 | 6.99 6.95 7.33 | cpu  2136449592 50789861 267671661 14524611556 1669945 0 10535533 0 0 0
1791082138 1785, 2619, 46, 0x0000000000000000 | 6.99 6.95 7.33 | cpu  2136450008 50789861 267672634 14524636503 1669945 0 10535543 0 0 0
1791082140 1785, 2619, 46, 0x0000000000000000 | 6.99 6.95 7.33 | cpu  2136450380 50789861 267672917 14524661420 1669945 0 10535554 0 0 0
1791082141 1785, 2619, 46, 0x0000000000000000 | 6.75 6.90 7.31 | cpu  2136450648 50789861 267673037 14524686524 1669945 0 10535558 0 0 0
1791082142 1785, 2619, 46, 0x0000000000000000 | 6.75 6.90 7.31 | cpu  2136450947 50789861 267673105 14524712014 1669945 0 10535559 0 0 0
1791082143 1785, 2619, 46, 0x0000000000000000 | 6.75 6.90 7.31 | cpu  2136451233 50789862 267673201 14524738088 1669947 0 10535559 0 0 0
1791082144 1785, 2619, 46, 0x0000000000000000 | 6.75 6.90 7.31 | cpu  2136451499 50789862 267673308 14524762991 1669947 0 10535566 0 0 0
1791082145 1785, 2619, 46, 0x0000000000000000 | 6.53 6.85 7.29 | cpu  2136451835 50789862 267673506 14524787899 1669947 0 10535574 0 0 0
1791082146 1785, 2619, 46, 0x0000000000000000 | 6.53 6.85 7.29 | cpu  2136452160 50789862 267673783 14524812773 1669947 0 10535577 0 0 0
1791082148 1785, 2619, 46, 0x0000000000000000 | 6.53 6.85 7.29 | cpu  2136452500 50789862 267674042 14524837941 1669947 0 10535580 0 0 0
1791082149 1785, 2619, 46, 0x0000000000000000 | 6.53 6.85 7.29 | cpu  2136452832 50789862 267674305 14524863231 1669947 0 10535580 0 0 0
1791082150 1785, 2619, 46, 0x0000000000000000 | 6.33 6.80 7.27 | cpu  2136453110 50789862 267674477 14524888407 1669947 0 10535582 0 0 0
1791082151 1785, 2619, 46, 0x0000000000000000 | 6.33 6.80 7.27 | cpu  2136453408 50789862 267674649 14524913807 1669947 0 10535583 0 0 0
1791082152 1785, 2619, 46, 0x0000000000000000 | 6.33 6.80 7.27 | cpu  2136453674 50789862 267674775 14524939744 1669947 0 10535588 0 0 0
1791082153 1785, 2619, 46, 0x0000000000000000 | 6.33 6.80 7.27 | cpu  2136453950 50789862 267674870 14524965249 1669947 0 10535589 0 0 0
1791082154 1785, 2619, 46, 0x0000000000000000 | 6.33 6.80 7.27 | cpu  2136454213 50789862 267675007 14524990274 1669947 0 10535589 0 0 0
1791082156 1785, 2619, 45, 0x0000000000000000 | 6.38 6.81 7.27 | cpu  2136454577 50789862 267675236 14525016378 1669947 0 10535592 0 0 0
1791082157 1785, 2619, 45, 0x0000000000000000 | 6.38 6.81 7.27 | cpu  2136454944 50789862 267675676 14525042155 1669947 0 10535606 0 0 0
1791082158 1785, 2619, 45, 0x0000000000000000 | 6.38 6.81 7.27 | cpu  2136455287 50789862 267676067 14525066834 1669947 0 10535611 0 0 0
1791082159 1785, 2619, 45, 0x0000000000000000 | 6.38 6.81 7.27 | cpu  2136455605 50789862 267676363 14525091830 1669947 0 10535612 0 0 0
1791082160 1785, 2619, 45, 0x0000000000000000 | 6.19 6.76 7.25 | cpu  2136455891 50789862 267676553 14525116739 1669947 0 10535613 0 0 0
1791082161 1785, 2619, 45, 0x0000000000000000 | 6.19 6.76 7.25 | cpu  2136456213 50789862 267676746 14525141276 1669947 0 10535613 0 0 0
1791082163 1785, 2619, 45, 0x0000000000000000 | 6.19 6.76 7.25 | cpu  2136456620 50789862 267677084 14525167532 1669947 0 10535622 0 0 0
1791082164 1785, 2619, 45, 0x0000000000000000 | 6.19 6.76 7.25 | cpu  2136456976 50789862 267677294 14525192498 1669947 0 10535623 0 0 0
1791082165 1785, 2619, 45, 0x0000000000000000 | 6.18 6.75 7.25 | cpu  2136457252 50789863 267677510 14525217583 1669947 0 10535623 0 0 0
1791082166 1785, 2619, 45, 0x0000000000000000 | 6.18 6.75 7.25 | cpu  2136457667 50789863 267678606 14525244419 1669947 0 10535626 0 0 0
1791082167 1785, 2619, 45, 0x0000000000000000 | 6.18 6.75 7.25 | cpu  2136458037 50789863 267678820 14525269299 1669947 0 10535635 0 0 0
1791082168 1785, 2619, 45, 0x0000000000000000 | 6.18 6.75 7.25 | cpu  2136458380 50789863 267679037 14525294987 1669947 0 10535649 0 0 0
1791082170 1785, 2619, 45, 0x0000000000000000 | 6.08 6.72 7.24 | cpu  2136458740 50789866 267679274 14525320624 1669947 0 10535664 0 0 0
1791082171 1785, 2619, 45, 0x0000000000000000 | 6.08 6.72 7.24 | cpu  2136459049 50789866 267679457 14525346434 1669947 0 10535672 0 0 0
1791082172 1785, 2619, 45, 0x0000000000000000 | 6.08 6.72 7.24 | cpu  2136459354 50789866 267679746 14525372168 1669947 0 10535681 0 0 0
1791082173 1785, 2619, 45, 0x0000000000000000 | 6.08 6.72 7.24 | cpu  2136459679 50789866 267680155 14525396975 1669947 0 10535691 0 0 0
1791082174 1785, 2619, 45, 0x0000000000000000 | 6.08 6.72 7.24 | cpu  2136459968 50789866 267680527 14525422587 1669947 0 10535694 0 0 0
1791082176 1785, 2619, 45, 0x0000000000000000 | 6.24 6.74 7.24 | cpu  2136460316 50789866 267680814 14525448020 1669947 0 10535696 0 0 0
1791082177 1785, 2619, 45, 0x0000000000000000 | 6.24 6.74 7.24 | cpu  2136460662 50789866 267681080 14525473968 1669947 0 10535698 0 0 0
1791082178 1785, 2619, 44, 0x0000000000000000 | 6.24 6.74 7.24 | cpu  2136460976 50789866 267681374 14525499268 1669947 0 10535700 0 0 0
1791082179 1785, 2619, 44, 0x0000000000000000 | 6.24 6.74 7.24 | cpu  2136461279 50789866 267681600 14525524438 1669947 0 10535700 0 0 0
1791082180 1785, 2619, 44, 0x0000000000000000 | 6.14 6.71 7.23 | cpu  2136461568 50789866 267681839 14525549967 1669947 0 10535702 0 0 0
1791082181 1785, 2619, 44, 0x0000000000000000 | 6.14 6.71 7.23 | cpu  2136461872 50789866 267682004 14525575033 1669947 0 10535702 0 0 0
1791082182 1785, 2619, 44, 0x0000000000000000 | 6.14 6.71 7.23 | cpu  2136462170 50789866 267682185 14525600124 1669947 0 10535704 0 0 0
1791082184 1785, 2619, 44, 0x0000000000000000 | 6.14 6.71 7.23 | cpu  2136462478 50789866 267682367 14525626136 1669947 0 10535706 0 0 0
1791082185 1785, 2619, 44, 0x0000000000000000 | 6.05 6.68 7.22 | cpu  2136462765 50789866 267682567 14525650987 1669947 0 10535708 0 0 0
1791082186 1785, 2619, 44, 0x0000000000000000 | 6.05 6.68 7.22 | cpu  2136463084 50789866 267682818 14525676654 1669947 0 10535710 0 0 0
1791082187 1785, 2619, 44, 0x0000000000000000 | 6.05 6.68 7.22 | cpu  2136463432 50789867 267682970 14525703216 1669947 0 10535715 0 0 0
1791082188 1785, 2619, 44, 0x0000000000000000 | 6.05 6.68 7.22 | cpu  2136463740 50789867 267683140 14525728514 1669947 0 10535721 0 0 0
1791082189 1785, 2619, 44, 0x0000000000000000 | 6.05 6.68 7.22 | cpu  2136464048 50789867 267683283 14525754174 1669947 0 10535728 0 0 0
1791082191 1785, 2619, 44, 0x0000000000000000 | 5.80 6.62 7.19 | cpu  2136464338 50789867 267683370 14525780181 1669947 0 10535728 0 0 0
1791082192 1785, 2619, 44, 0x0000000000000000 | 5.80 6.62 7.19 | cpu  2136464627 50789867 267683567 14525806297 1669947 0 10535729 0 0 0
1791082193 1785, 2619, 44, 0x0000000000000000 | 5.80 6.62 7.19 | cpu  2136464924 50789867 267683750 14525831741 1669947 0 10535731 0 0 0
1791082194 1785, 2619, 44, 0x0000000000000000 | 5.80 6.62 7.19 | cpu  2136465216 50789867 267683953 14525858340 1669947 0 10535742 0 0 0
1791082195 1785, 2619, 44, 0x0000000000000000 | 5.90 6.62 7.19 | cpu  2136465578 50789867 267684242 14525883592 1669947 0 10535756 0 0 0
1791082197 1785, 2619, 44, 0x0000000000000000 | 5.90 6.62 7.19 | cpu  2136465920 50789867 267684529 14525909603 1669947 0 10535756 0 0 0
1791082198 1785, 2619, 44, 0x0000000000000000 | 5.90 6.62 7.19 | cpu  2136466229 50789867 267684758 14525936071 1669947 0 10535758 0 0 0
1791082199 1785, 2619, 44, 0x0000000000000000 | 5.90 6.62 7.19 | cpu  2136466521 50789867 267684902 14525961782 1669947 0 10535762 0 0 0
1791082200 1785, 2619, 44, 0x0000000000000000 | 5.67 6.56 7.17 | cpu  2136466789 50789867 267685030 14525987447 1669947 0 10535765 0 0 0
1791082201 1785, 2619, 44, 0x0000000000000000 | 5.67 6.56 7.17 | cpu  2136467113 50789867 267685122 14526012960 1669947 0 10535768 0 0 0
1791082202 1785, 2619, 44, 0x0000000000000000 | 5.67 6.56 7.17 | cpu  2136467450 50789868 267685307 14526039891 1669949 0 10535783 0 0 0
1791082204 1785, 2619, 44, 0x0000000000000000 | 5.67 6.56 7.17 | cpu  2136467759 50789868 267685534 14526067986 1669949 0 10535787 0 0 0
1791082205 1785, 2619, 44, 0x0000000000000000 | 5.77 6.57 7.17 | cpu  2136468103 50789868 267685761 14526093842 1669949 0 10535799 0 0 0
1791082206 1785, 2619, 44, 0x0000000000000000 | 5.77 6.57 7.17 | cpu  2136468428 50789868 267686042 14526119657 1669949 0 10535810 0 0 0
1791082207 1785, 2619, 44, 0x0000000000000000 | 5.77 6.57 7.17 | cpu  2136468786 50789868 267686282 14526144714 1669949 0 10535827 0 0 0
1791082208 1785, 2619, 44, 0x0000000000000000 | 5.77 6.57 7.17 | cpu  2136469133 50789868 267686542 14526170129 1669949 0 10535831 0 0 0
1791082210 1785, 2619, 43, 0x0000000000000000 | 5.77 6.57 7.17 | cpu  2136469390 50789868 267686690 14526195331 1669949 0 10535832 0 0 0
1791082211 1785, 2619, 43, 0x0000000000000000 | 5.63 6.53 7.15 | cpu  2136469666 50789868 267686768 14526220820 1669949 0 10535834 0 0 0
1791082212 1785, 2619, 43, 0x0000000000000000 | 5.63 6.53 7.15 | cpu  2136469949 50789868 267686883 14526246443 1669949 0 10535835 0 0 0
1791082213 1785, 2619, 43, 0x0000000000000000 | 5.63 6.53 7.15 | cpu  2136470241 50789868 267686962 14526272258 1669949 0 10535835 0 0 0
1791082214 1785, 2619, 43, 0x0000000000000000 | 5.63 6.53 7.15 | cpu  2136470478 50789868 267687124 14526298127 1669949 0 10535836 0 0 0
1791082215 1785, 2619, 43, 0x0000000000000000 | 5.58 6.50 7.14 | cpu  2136470786 50789868 267687396 14526323070 1669949 0 10535839 0 0 0
1791082217 1785, 2619, 43, 0x0000000000000000 | 5.58 6.50 7.14 | cpu  2136471051 50789868 267687715 14526348083 1669949 0 10535840 0 0 0
1791082218 1785, 2619, 43, 0x0000000000000000 | 5.58 6.50 7.14 | cpu  2136471485 50789868 267688594 14526373650 1669949 0 10535850 0 0 0
1791082219 1785, 2619, 43, 0x0000000000000000 | 5.58 6.50 7.14 | cpu  2136472408 50789868 267690797 14526396118 1669949 0 10535856 0 0 0
1791082220 1785, 2619, 43, 0x0000000000000000 | 5.61 6.49 7.13 | cpu  2136473131 50789868 267691904 14526420183 1669949 0 10535861 0 0 0
1791082221 1785, 2619, 43, 0x0000000000000000 | 5.61 6.49 7.13 | cpu  2136473557 50789868 267692197 14526446266 1669949 0 10535874 0 0 0
1791082222 1785, 2619, 43, 0x0000000000000000 | 5.61 6.49 7.13 | cpu  2136474386 50789868 267692441 14526471465 1669949 0 10535883 0 0 0
1791082224 1785, 2619, 43, 0x0000000000000000 | 5.61 6.49 7.13 | cpu  2136474673 50789868 267692582 14526498952 1669949 0 10535883 0 0 0
1791082225 1785, 2619, 43, 0x0000000000000000 | 5.64 6.49 7.13 | cpu  2136474979 50789868 267692786 14526523976 1669949 0 10535884 0 0 0
1791082226 1785, 2619, 43, 0x0000000000000000 | 5.64 6.49 7.13 | cpu  2136475287 50789868 267692972 14526549464 1669949 0 10535884 0 0 0
1791082227 1785, 2619, 43, 0x0000000000000000 | 5.64 6.49 7.13 | cpu  2136475660 50789868 267693177 14526574754 1669949 0 10535885 0 0 0
1791082228 1785, 2619, 43, 0x0000000000000000 | 5.64 6.49 7.13 | cpu  2136476020 50789868 267693424 14526600580 1669949 0 10535890 0 0 0
1791082230 1785, 2619, 43, 0x0000000000000000 | 5.64 6.49 7.13 | cpu  2136476327 50789868 267693663 14526625463 1669949 0 10535894 0 0 0
1791082231 1785, 2619, 43, 0x0000000000000000 | 5.51 6.44 7.11 | cpu  2136476649 50789869 267693832 14526651727 1669949 0 10535901 0 0 0
1791082232 1785, 2619, 43, 0x0000000000000000 | 5.51 6.44 7.11 | cpu  2136476961 50789870 267694014 14526677732 1669949 0 10535913 0 0 0
1791082233 1785, 2619, 43, 0x0000000000000000 | 5.51 6.44 7.11 | cpu  2136477310 50789870 267694148 14526704121 1669949 0 10535915 0 0 0
1791082234 1785, 2619, 43, 0x0000000000000000 | 5.51 6.44 7.11 | cpu  2136477757 50789870 267694315 14526729892 1669949 0 10535922 0 0 0
1791082235 1785, 2619, 43, 0x0000000000000000 | 5.55 6.44 7.10 | cpu  2136478362 50789870 267694753 14526757006 1669949 0 10535947 0 0 0
1791082237 1785, 2619, 43, 0x0000000000000000 | 5.55 6.44 7.10 | cpu  2136478880 50789870 267695084 14526783441 1669949 0 10535970 0 0 0
1791082238 1785, 2619, 43, 0x0000000000000000 | 5.55 6.44 7.10 | cpu  2136479309 50789870 267695430 14526810234 1669949 0 10535984 0 0 0
1791082239 1785, 2619, 43, 0x0000000000000000 | 5.55 6.44 7.10 | cpu  2136479710 50789870 267696305 14526835495 1669949 0 10535988 0 0 0
1791082240 1785, 2619, 43, 0x0000000000000000 | 5.59 6.43 7.10 | cpu  2136480055 50789870 267696566 14526860274 1669949 0 10536012 0 0 0
1791082241 1785, 2619, 43, 0x0000000000000000 | 5.59 6.43 7.10 | cpu  2136480357 50789870 267696744 14526885502 1669949 0 10536015 0 0 0
1791082243 1785, 2619, 43, 0x0000000000000000 | 5.59 6.43 7.10 | cpu  2136480675 50789870 267696917 14526911596 1669949 0 10536015 0 0 0
1791082244 1785, 2619, 43, 0x0000000000000000 | 5.59 6.43 7.10 | cpu  2136480943 50789870 267697079 14526936984 1669949 0 10536016 0 0 0
1791082245 1785, 2619, 43, 0x0000000000000000 | 5.46 6.39 7.08 | cpu  2136481328 50789870 267697189 14526962028 1669949 0 10536021 0 0 0
1791082246 1785, 2619, 43, 0x0000000000000000 | 5.46 6.39 7.08 | cpu  2136481633 50789870 267697359 14526987104 1669949 0 10536024 0 0 0
1791082247 1785, 2619, 43, 0x0000000000000000 | 5.46 6.39 7.08 | cpu  2136481968 50789870 267697500 14527012505 1669949 0 10536028 0 0 0
1791082248 1785, 2619, 43, 0x0000000000000000 | 5.46 6.39 7.08 | cpu  2136482288 50789870 267697648 14527037340 1669949 0 10536031 0 0 0
1791082250 1785, 2619, 43, 0x0000000000000000 | 5.46 6.39 7.08 | cpu  2136482595 50789870 267697859 14527063733 1669949 0 10536034 0 0 0
1791082251 1785, 2619, 43, 0x0000000000000000 | 5.42 6.37 7.07 | cpu  2136482915 50789870 267698016 14527089119 1669949 0 10536036 0 0 0
1791082252 1785, 2619, 43, 0x0000000000000000 | 5.42 6.37 7.07 | cpu  2136483210 50789870 267698196 14527114135 1669949 0 10536038 0 0 0
1791082253 1785, 2619, 43, 0x0000000000000000 | 5.42 6.37 7.07 | cpu  2136483531 50789870 267698347 14527139190 1669949 0 10536041 0 0 0
1791082254 1785, 2619, 43, 0x0000000000000000 | 5.42 6.37 7.07 | cpu  2136483800 50789870 267698510 14527164310 1669949 0 10536047 0 0 0
1791082255 1785, 2619, 43, 0x0000000000000000 | 5.39 6.34 7.06 | cpu  2136484118 50789870 267698740 14527189278 1669949 0 10536051 0 0 0
1791082256 1785, 2619, 43, 0x0000000000000000 | 5.39 6.34 7.06 | cpu  2136484434 50789870 267698904 14527214317 1669949 0 10536056 0 0 0
1791082258 1785, 2619, 43, 0x0000000000000000 | 5.39 6.34 7.06 | cpu  2136484761 50789870 267699068 14527240590 1669949 0 10536064 0 0 0
1791082259 1785, 2619, 43, 0x0000000000000000 | 5.39 6.34 7.06 | cpu  2136485064 50789870 267699193 14527265579 1669949 0 10536066 0 0 0
1791082260 1785, 2619, 43, 0x0000000000000000 | 5.20 6.29 7.03 | cpu  2136485374 50789870 267699318 14527291106 1669949 0 10536067 0 0 0
1791082261 1785, 2619, 43, 0x0000000000000000 | 5.20 6.29 7.03 | cpu  2136485733 50789870 267699481 14527317846 1669949 0 10536074 0 0 0
1791082262 1785, 2619, 43, 0x0000000000000000 | 5.20 6.29 7.03 | cpu  2136486129 50789870 267699770 14527343953 1669951 0 10536088 0 0 0
1791082264 1785, 2619, 43, 0x0000000000000000 | 5.20 6.29 7.03 | cpu  2136486428 50789870 267699959 14527371815 1669951 0 10536089 0 0 0
1791082265 1785, 2619, 43, 0x0000000000000000 | 5.26 6.28 7.03 | cpu  2136486755 50789870 267700138 14527396735 1669951 0 10536092 0 0 0
1791082266 1785, 2619, 43, 0x0000000000000000 | 5.26 6.28 7.03 | cpu  2136487092 50789870 267700391 14527422075 1669951 0 10536096 0 0 0
1791082267 1785, 2619, 43, 0x0000000000000000 | 5.26 6.28 7.03 | cpu  2136487450 50789870 267700589 14527446975 1669951 0 10536108 0 0 0
1791082268 1785, 2619, 43, 0x0000000000000000 | 5.26 6.28 7.03 | cpu  2136487786 50789870 267700752 14527473247 1669951 0 10536109 0 0 0
1791082269 1785, 2619, 43, 0x0000000000000000 | 5.26 6.28 7.03 | cpu  2136488084 50789870 267700918 14527498682 1669951 0 10536116 0 0 0
1791082271 1785, 2619, 43, 0x0000000000000000 | 5.08 6.23 7.01 | cpu  2136488385 50789870 267701002 14527525496 1669951 0 10536118 0 0 0
1791082272 1785, 2619, 43, 0x0000000000000000 | 5.08 6.23 7.01 | cpu  2136488666 50789870 267701096 14527550634 1669951 0 10536119 0 0 0
1791082273 1785, 2619, 43, 0x0000000000000000 | 5.08 6.23 7.01 | cpu  2136489005 50789870 267701308 14527576028 1669951 0 10536122 0 0 0
1791082274 1785, 2619, 43, 0x0000000000000000 | 5.08 6.23 7.01 | cpu  2136489278 50789870 267701482 14527601837 1669951 0 10536123 0 0 0
1791082275 1785, 2619, 43, 0x0000000000000000 | 5.07 6.21 7.00 | cpu  2136489615 50789870 267701700 14527627263 1669951 0 10536127 0 0 0
1791082276 1785, 2619, 43, 0x0000000000000000 | 5.07 6.21 7.00 | cpu  2136489957 50789870 267701958 14527653050 1669951 0 10536134 0 0 0
1791082278 1785, 2619, 43, 0x0000000000000000 | 5.07 6.21 7.00 | cpu  2136490302 50789870 267702219 14527677960 1669951 0 10536142 0 0 0
1791082279 1785, 2619, 43, 0x0000000000000000 | 5.07 6.21 7.00 | cpu  2136490616 50789870 267702408 14527703310 1669951 0 10536156 0 0 0
1791082280 1785, 2619, 43, 0x0000000000000000 | 4.91 6.15 6.97 | cpu  2136490909 50789870 267702557 14527728415 1669951 0 10536158 0 0 0
1791082281 1785, 2619, 43, 0x0000000000000000 | 4.91 6.15 6.97 | cpu  2136492200 50789870 267703107 14527752375 1669951 0 10536158 0 0 0
1791082282 1785, 2619, 43, 0x0000000000000000 | 4.91 6.15 6.97 | cpu  2136492479 50789870 267703185 14527777796 1669951 0 10536159 0 0 0
1791082283 1785, 2619, 42, 0x0000000000000000 | 4.91 6.15 6.97 | cpu  2136492781 50789870 267703278 14527805076 1669951 0 10536160 0 0 0
1791082285 1785, 2619, 42, 0x0000000000000000 | 4.91 6.15 6.97 | cpu  2136493100 50789870 267703439 14527830545 1669951 0 10536160 0 0 0
1791082286 1785, 2619, 42, 0x0000000000000000 | 4.91 6.13 6.96 | cpu  2136493453 50789870 267703718 14527856649 1669951 0 10536178 0 0 0
1791082287 1785, 2619, 42, 0x0000000000000000 | 4.91 6.13 6.96 | cpu  2136493840 50789870 267703973 14527883180 1669951 0 10536194 0 0 0
1791082288 1785, 2619, 42, 0x0000000000000000 | 4.91 6.13 6.96 | cpu  2136494191 50789870 267704339 14527907988 1669951 0 10536201 0 0 0
1791082289 1785, 2619, 42, 0x0000000000000000 | 4.91 6.13 6.96 | cpu  2136494515 50789870 267704728 14527932702 1669951 0 10536209 0 0 0
1791082290 1785, 2619, 42, 0x0000000000000000 | 5.00 6.13 6.96 | cpu  2136494846 50789871 267705043 14527958530 1669951 0 10536210 0 0 0
1791082292 1785, 2619, 42, 0x0000000000000000 | 5.00 6.13 6.96 | cpu  2136495112 50789871 267705132 14527983632 1669951 0 10536211 0 0 0
1791082293 1785, 2619, 42, 0x0000000000000000 | 5.00 6.13 6.96 | cpu  2136495430 50789871 267705218 14528009131 1669951 0 10536211 0 0 0
1791082294 1785, 2619, 42, 0x0000000000000000 | 5.00 6.13 6.96 | cpu  2136495700 50789871 267705307 14528035375 1669951 0 10536212 0 0 0
1791082295 1785, 2619, 42, 0x0000000000000000 | 4.84 6.08 6.94 | cpu  2136496020 50789872 267705380 14528060454 1669951 0 10536215 0 0 0
1791082296 1785, 2619, 42, 0x0000000000000000 | 4.84 6.08 6.94 | cpu  2136496370 50789872 267705613 14528085779 1669951 0 10536217 0 0 0
1791082297 1785, 2619, 42, 0x0000000000000000 | 4.84 6.08 6.94 | cpu  2136496712 50789872 267705878 14528111612 1669951 0 10536219 0 0 0
1791082299 1785, 2619, 42, 0x0000000000000000 | 4.84 6.08 6.94 | cpu  2136497027 50789872 267706100 14528136779 1669951 0 10536225 0 0 0
1791082300 1785, 2619, 42, 0x0000000000000000 | 5.01 6.09 6.94 | cpu  2136497362 50789872 267706360 14528162087 1669951 0 10536226 0 0 0
1791082301 1785, 2619, 42, 0x0000000000000000 | 5.01 6.09 6.94 | cpu  2136497675 50789872 267706553 14528187080 1669951 0 10536232 0 0 0
1791082302 1785, 2619, 42, 0x0000000000000000 | 5.01 6.09 6.94 | cpu  2136497972 50789872 267706703 14528212056 1669951 0 10536234 0 0 0
1791082303 1785, 2619, 42, 0x0000000000000000 | 5.01 6.09 6.94 | cpu  2136498282 50789872 267706826 14528238021 1669951 0 10536243 0 0 0
1791082304 1785, 2619, 42, 0x0000000000000000 | 5.01 6.09 6.94 | cpu  2136498554 50789872 267706983 14528263334 1669951 0 10536243 0 0 0
1791082306 1785, 2619, 42, 0x0000000000000000 | 4.93 6.06 6.92 | cpu  2136498881 50789872 267707220 14528289920 1669951 0 10536249 0 0 0
1791082307 1785, 2619, 42, 0x0000000000000000 | 4.93 6.06 6.92 | cpu  2136499212 50789872 267707492 14528315232 1669951 0 10536257 0 0 0
1791082308 1785, 2619, 42, 0x0000000000000000 | 4.93 6.06 6.92 | cpu  2136499583 50789872 267707844 14528340878 1669951 0 10536264 0 0 0
1791082309 1785, 2619, 42, 0x0000000000000000 | 4.93 6.06 6.92 | cpu  2136499914 50789872 267708146 14528365987 1669951 0 10536264 0 0 0
1791082310 1785, 2619, 42, 0x0000000000000000 | 5.02 6.06 6.91 | cpu  2136500261 50789872 267708504 14528391055 1669951 0 10536264 0 0 0
1791082311 1785, 2619, 42, 0x0000000000000000 | 5.02 6.06 6.91 | cpu  2136500582 50789872 267708685 14528417130 1669951 0 10536265 0 0 0
1791082313 1785, 2619, 42, 0x0000000000000000 | 5.02 6.06 6.91 | cpu  2136500895 50789873 267708850 14528442207 1669951 0 10536268 0 0 0
1791082314 1785, 2619, 42, 0x0000000000000000 | 5.02 6.06 6.91 | cpu  2136501144 50789873 267708972 14528467098 1669951 0 10536269 0 0 0
1791082315 1785, 2619, 42, 0x0000000000000000 | 4.86 6.01 6.89 | cpu  2136501432 50789873 267709045 14528492310 1669951 0 10536272 0 0 0
1791082316 1785, 2619, 42, 0x0000000000000000 | 4.86 6.01 6.89 | cpu  2136501724 50789873 267709182 14528517391 1669951 0 10536275 0 0 0
1791082317 1785, 2619, 42, 0x0000000000000000 | 4.86 6.01 6.89 | cpu  2136502064 50789873 267709337 14528542452 1669951 0 10536285 0 0 0
1791082318 1785, 2619, 42, 0x0000000000000000 | 4.86 6.01 6.89 | cpu  2136502412 50789873 267709508 14528571351 1669951 0 10536291 0 0 0
1791082320 1785, 2619, 42, 0x0000000000000000 | 4.86 6.01 6.89 | cpu  2136502766 50789873 267709764 14528596215 1669951 0 10536295 0 0 0
1791082321 1785, 2619, 42, 0x0000000000000000 | 4.87 5.99 6.88 | cpu  2136503120 50789874 267709984 14528622052 1669951 0 10536301 0 0 0
1791082322 1785, 2619, 42, 0x0000000000000000 | 4.87 5.99 6.88 | cpu  2136503412 50789874 267710160 14528647107 1669951 0 10536304 0 0 0
1791082323 1785, 2619, 42, 0x0000000000000000 | 4.87 5.99 6.88 | cpu  2136503732 50789874 267710322 14528672111 1669953 0 10536307 0 0 0
1791082324 1785, 2619, 45, 0x0000000000000000 | 4.87 5.99 6.88 | cpu  2136504035 50789874 267710458 14528697938 1669953 0 10536307 0 0 0
1791082325 1785, 2619, 47, 0x0000000000000000 | 4.72 5.94 6.86 | cpu  2136504388 50789874 267710541 14528723976 1669953 0 10536310 0 0 0
1791082327 1785, 2619, 44, 0x0000000000000000 | 4.72 5.94 6.86 | cpu  2136504715 50789874 267710706 14528749467 1669953 0 10536311 0 0 0
1791082328 1785, 2619, 44, 0x0000000000000000 | 4.72 5.94 6.86 | cpu  2136505012 50789875 267710897 14528774534 1669953 0 10536312 0 0 0
1791082329 1785, 2619, 43, 0x0000000000000000 | 4.72 5.94 6.86 | cpu  2136505286 50789875 267711090 14528799765 1669953 0 10536319 0 0 0
1791082330 1785, 2619, 43, 0x0000000000000000 | 4.82 5.94 6.86 | cpu  2136505600 50789875 267711341 14528825756 1669953 0 10536330 0 0 0
1791082331 1785, 2619, 43, 0x0000000000000000 | 4.82 5.94 6.86 | cpu  2136505891 50789875 267711544 14528850817 1669953 0 10536330 0 0 0
1791082332 1785, 2619, 43, 0x0000000000000000 | 4.82 5.94 6.86 | cpu  2136506177 50789875 267711760 14528876499 1669953 0 10536330 0 0 0
1791082334 1785, 2619, 43, 0x0000000000000000 | 4.82 5.94 6.86 | cpu  2136506435 50789876 267711960 14528901808 1669953 0 10536332 0 0 0
1791082335 1785, 2619, 43, 0x0000000000000000 | 4.82 5.94 6.86 | cpu  2136506721 50789876 267712174 14528927406 1669953 0 10536339 0 0 0
1791082336 1785, 2619, 43, 0x0000000000000000 | 4.84 5.93 6.85 | cpu  2136507022 50789876 267712439 14528952759 1669953 0 10536342 0 0 0
1791082337 1785, 2619, 43, 0x0000000000000000 | 4.84 5.93 6.85 | cpu  2136507322 50789876 267712642 14528978361 1669953 0 10536344 0 0 0
1791082338 1785, 2619, 43, 0x0000000000000000 | 4.84 5.93 6.85 | cpu  2136507638 50789876 267712823 14529006309 1669953 0 10536346 0 0 0
1791082339 1785, 2619, 43, 0x0000000000000000 | 4.84 5.93 6.85 | cpu  2136507937 50789879 267713027 14529031920 1669953 0 10536352 0 0 0
1791082341 1785, 2619, 43, 0x0000000000000000 | 4.77 5.89 6.83 | cpu  2136508246 50789879 267713194 14529056888 1669953 0 10536354 0 0 0
1791082342 1785, 2619, 43, 0x0000000000000000 | 4.77 5.89 6.83 | cpu  2136508531 50789879 267713384 14529082398 1669953 0 10536356 0 0 0
1791082343 1785, 2619, 43, 0x0000000000000000 | 4.77 5.89 6.83 | cpu  2136508812 50789879 267713593 14529107428 1669953 0 10536358 0 0 0
1791082344 1785, 2619, 43, 0x0000000000000000 | 4.77 5.89 6.83 | cpu  2136509085 50789879 267713798 14529133506 1669953 0 10536363 0 0 0
1791082345 1785, 2619, 43, 0x0000000000000000 | 4.71 5.86 6.82 | cpu  2136509364 50789879 267714032 14529158991 1669953 0 10536365 0 0 0
1791082346 1785, 2619, 43, 0x0000000000000000 | 4.71 5.86 6.82 | cpu  2136509688 50789879 267714331 14529184405 1669953 0 10536368 0 0 0
1791082348 1785, 2619, 43, 0x0000000000000000 | 4.71 5.86 6.82 | cpu  2136509998 50789879 267714589 14529209285 1669953 0 10536370 0 0 0
1791082349 1785, 2619, 43, 0x0000000000000000 | 4.71 5.86 6.82 | cpu  2136510274 50789879 267714757 14529234546 1669953 0 10536371 0 0 0
1791082350 1785, 2619, 43, 0x0000000000000000 | 4.65 5.83 6.80 | cpu  2136510584 50789879 267715006 14529260622 1669953 0 10536372 0 0 0
1791082351 1785, 2619, 43, 0x0000000000000000 | 4.65 5.83 6.80 | cpu  2136510852 50789879 267715170 14529286086 1669953 0 10536372 0 0 0
1791082352 1785, 2619, 43, 0x0000000000000000 | 4.65 5.83 6.80 | cpu  2136511125 50789879 267715292 14529311478 1669953 0 10536374 0 0 0
1791082353 1785, 2619, 43, 0x0000000000000000 | 4.65 5.83 6.80 | cpu  2136511383 50789879 267715479 14529336699 1669953 0 10536374 0 0 0
1791082355 1785, 2619, 43, 0x0000000000000000 | 4.65 5.83 6.80 | cpu  2136511666 50789879 267715778 14529362044 1669953 0 10536375 0 0 0
1791082356 1785, 2619, 43, 0x0000000000000000 | 4.68 5.82 6.79 | cpu  2136511959 50789879 267716097 14529386871 1669953 0 10536378 0 0 0
1791082357 1785, 2619, 43, 0x0000000000000000 | 4.68 5.82 6.79 | cpu  2136512256 50789879 267716408 14529412041 1669953 0 10536378 0 0 0
1791082358 1785, 2619, 43, 0x0000000000000000 | 4.68 5.82 6.79 | cpu  2136513883 50789879 267717809 14529433223 1669953 0 10536384 0 0 0
1791082359 1785, 2619, 43, 0x0000000000000000 | 4.68 5.82 6.79 | cpu  2136514788 50789879 267719089 14529455926 1669953 0 10536398 0 0 0
1791082360 1785, 2619, 43, 0x0000000000000000 | 4.70 5.80 6.78 | cpu  2136515400 50789879 267719828 14529480024 1669953 0 10536401 0 0 0
1791082361 1785, 2619, 43, 0x0000000000000000 | 4.70 5.80 6.78 | cpu  2136515600 50789879 267720070 14529505033 1669953 0 10536401 0 0 0
1791082363 1785, 2619, 42, 0x0000000000000000 | 4.70 5.80 6.78 | cpu  2136515804 50789879 267720236 14529530134 1669953 0 10536401 0 0 0
1791082364 1785, 2619, 43, 0x0000000000000000 | 4.70 5.80 6.78 | cpu  2136517179 50789879 267722046 14529552963 1669953 0 10536405 0 0 0
1791082365 1785, 2619, 43, 0x0000000000000000 | 8.09 6.49 7.00 | cpu  2136518746 50789879 267723768 14529575271 1669953 0 10536409 0 0 0
1791082366 1785, 2619, 42, 0x0000000000000000 | 8.09 6.49 7.00 | cpu  2136521270 50789879 267724741 14529597781 1669953 0 10536410 0 0 0
1791082367 1785, 2619, 42, 0x0000000000000000 | 8.09 6.49 7.00 | cpu  2136522761 50789880 267725524 14529621788 1669953 0 10536426 0 0 0
1791082368 1785, 2619, 42, 0x0000000000000000 | 8.09 6.49 7.00 | cpu  2136525316 50789880 267726599 14529642794 1669953 0 10536475 0 0 0
1791082369 1785, 2619, 43, 0x0000000000000000 | 8.09 6.49 7.00 | cpu  2136527657 50789880 267727796 14529663886 1669953 0 10536489 0 0 0
1791082371 1785, 2619, 43, 0x0000000000000000 | 7.92 6.48 6.99 | cpu  2136530102 50789880 267728990 14529686420 1669953 0 10536508 0 0 0
1791082372 1785, 2619, 43, 0x0000000000000000 | 7.92 6.48 6.99 | cpu  2136530820 50789880 267729530 14529711295 1669953 0 10536520 0 0 0
1791082373 1785, 2619, 43, 0x0000000000000000 | 7.92 6.48 6.99 | cpu  2136531306 50789880 267730332 14529736136 1669953 0 10536544 0 0 0
1791082374 1785, 2619, 43, 0x0000000000000000 | 7.92 6.48 6.99 | cpu  2136531830 50789880 267731231 14529762185 1669953 0 10536571 0 0 0
1791082375 1785, 2619, 43, 0x0000000000000000 | 7.77 6.47 6.99 | cpu  2136532298 50789880 267731988 14529786901 1669953 0 10536592 0 0 0
1791082377 1785, 2619, 43, 0x0000000000000000 | 7.77 6.47 6.99 | cpu  2136532810 50789880 267732850 14529811580 1669953 0 10536610 0 0 0
1791082378 1785, 2619, 43, 0x0000000000000000 | 7.77 6.47 6.99 | cpu  2136533223 50789880 267733208 14529836468 1669953 0 10536631 0 0 0
1791082379 1785, 2619, 43, 0x0000000000000000 | 7.77 6.47 6.99 | cpu  2136533457 50789880 267733520 14529861801 1669953 0 10536632 0 0 0
1791082380 1785, 2619, 43, 0x0000000000000000 | 7.63 6.46 6.98 | cpu  2136533701 50789880 267733900 14529887140 1669953 0 10536641 0 0 0
1791082381 1785, 2619, 43, 0x0000000000000000 | 7.63 6.46 6.98 | cpu  2136533876 50789880 267734267 14529913129 1669954 0 10536643 0 0 0
1791082382 1785, 2619, 43, 0x0000000000000000 | 7.63 6.46 6.98 | cpu  2136534144 50789881 267734865 14529939884 1669954 0 10536651 0 0 0
1791082384 1785, 2619, 43, 0x0000000000000000 | 7.63 6.46 6.98 | cpu  2136534716 50789882 267735479 14529965003 1669955 0 10536678 0 0 0
1791082385 1785, 2619, 43, 0x0000000000000000 | 7.63 6.46 6.98 | cpu  2136535252 50789882 267736267 14529989490 1669955 0 10536704 0 0 0
1791082386 1785, 2619, 43, 0x0000000000000000 | 7.58 6.47 6.98 | cpu  2136535834 50789882 267737126 14530013203 1669955 0 10536730 0 0 0
1791082387 1785, 2619, 43, 0x0000000000000000 | 7.58 6.47 6.98 | cpu  2136536379 50789882 267738034 14530037938 1669955 0 10536757 0 0 0
1791082388 1785, 2619, 43, 0x0000000000000000 | 7.58 6.47 6.98 | cpu  2136536827 50789882 267738579 14530062743 1669955 0 10536773 0 0 0
1791082389 1785, 2619, 43, 0x0000000000000000 | 7.58 6.47 6.98 | cpu  2136537142 50789882 267738832 14530087669 1669955 0 10536776 0 0 0
1791082391 1785, 2619, 43, 0x0000000000000000 | 7.29 6.43 6.97 | cpu  2136537416 50789882 267739011 14530112193 1669955 0 10536788 0 0 0
1791082392 1785, 2619, 43, 0x0000000000000000 | 7.29 6.43 6.97 | cpu  2136537682 50789882 267739137 14530138591 1669955 0 10536790 0 0 0
1791082393 1785, 2619, 43, 0x0000000000000000 | 7.29 6.43 6.97 | cpu  2136538093 50789882 267739372 14530164323 1669955 0 10536794 0 0 0
1791082394 1785, 2619, 43, 0x0000000000000000 | 7.29 6.43 6.97 | cpu  2136539278 50789882 267739645 14530189692 1669955 0 10536807 0 0 0
1791082395 1785, 2619, 43, 0x0000000000000000 | 7.11 6.41 6.95 | cpu  2136540888 50789882 267740823 14530211172 1669955 0 10536817 0 0 0
1791082396 1785, 2619, 43, 0x0000000000000000 | 7.11 6.41 6.95 | cpu  2136542850 50789882 267742356 14530232928 1669955 0 10536828 0 0 0
1791082397 1785, 2619, 43, 0x0000000000000000 | 7.11 6.41 6.95 | cpu  2136544622 50789882 267743879 14530255406 1669955 0 10536847 0 0 0
1791082399 1785, 2619, 43, 0x0000000000000000 | 7.11 6.41 6.95 | cpu  2136546438 50789882 267745428 14530277943 1669955 0 10536865 0 0 0
1791082400 1785, 2619, 43, 0x0000000000000000 | 7.11 6.41 6.95 | cpu  2136548067 50789882 267746983 14530300061 1669955 0 10536882 0 0 0
1791082401 1785, 2619, 43, 0x0000000000000000 | 7.02 6.40 6.95 | cpu  2136548916 50789882 267747868 14530322862 1669955 0 10536888 0 0 0
1791082402 1785, 2619, 43, 0x0000000000000000 | 7.02 6.40 6.95 | cpu  2136549228 50789882 267749776 14530346589 1669955 0 10536896 0 0 0
1791082403 1785, 2619, 43, 0x0000000000000000 | 7.02 6.40 6.95 | cpu  2136549649 50789882 267753066 14530368062 1669955 0 10536901 0 0 0
1791082404 1785, 2619, 43, 0x0000000000000000 | 7.02 6.40 6.95 | cpu  2136550151 50789882 267755863 14530390124 1669955 0 10536910 0 0 0
1791082405 1785, 2619, 43, 0x0000000000000000 | 6.78 6.36 6.93 | cpu  2136550734 50789882 267758748 14530411869 1669955 0 10536914 0 0 0
1791082407 1785, 2619, 43, 0x0000000000000000 | 6.78 6.36 6.93 | cpu  2136551411 50789882 267761536 14530432958 1669955 0 10536916 0 0 0
1791082408 1785, 2619, 43, 0x0000000000000000 | 6.78 6.36 6.93 | cpu  2136552300 50789882 267763164 14530456992 1669955 0 10536929 0 0 0
1791082409 1785, 2619, 43, 0x0000000000000000 | 6.78 6.36 6.93 | cpu  2136553109 50789882 267765479 14530478859 1669955 0 10536945 0 0 0
1791082410 1785, 2619, 43, 0x0000000000000000 | 6.63 6.34 6.92 | cpu  2136554169 50789882 267766900 14530501823 1669955 0 10536985 0 0 0
1791082411 1785, 2619, 43, 0x0000000000000000 | 6.63 6.34 6.92 | cpu  2136554956 50789882 267768704 14530524991 1669955 0 10537001 0 0 0
1791082412 1785, 2619, 43, 0x0000000000000000 | 6.63 6.34 6.92 | cpu  2136555350 50789882 267769721 14530547954 1669955 0 10537002 0 0 0
1791082413 1785, 2619, 43, 0x0000000000000000 | 6.63 6.34 6.92 | cpu  2136555739 50789882 267769921 14530572660 1669955 0 10537009 0 0 0
1791082415 1785, 2619, 43, 0x0000000000000000 | 6.63 6.34 6.92 | cpu  2136556156 50789882 267770150 14530598944 1669955 0 10537009 0 0 0
1791082416 1785, 2619, 43, 0x0000000000000000 | 6.58 6.33 6.92 | cpu  2136556838 50789882 267770688 14530624322 1669955 0 10537015 0 0 0
1791082417 1785, 2619, 43, 0x0000000000000000 | 6.58 6.33 6.92 | cpu  2136558187 50789882 267772460 14530646552 1669955 0 10537028 0 0 0
1791082418 1785, 2619, 43, 0x0000000000000000 | 6.58 6.33 6.92 | cpu  2136558690 50789882 267773466 14530670065 1669955 0 10537035 0 0 0
1791082419 1785, 2619, 43, 0x0000000000000000 | 6.58 6.33 6.92 | cpu  2136559100 50789882 267773734 14530694330 1669955 0 10537045 0 0 0
1791082420 1785, 2619, 43, 0x0000000000000000 | 6.62 6.34 6.92 | cpu  2136559530 50789882 267774094 14530719439 1669955 0 10537046 0 0 0
1791082421 1785, 2619, 43, 0x0000000000000000 | 6.62 6.34 6.92 | cpu  2136559935 50789882 267774326 14530744682 1669955 0 10537046 0 0 0
1791082423 1785, 2619, 43, 0x0000000000000000 | 6.62 6.34 6.92 | cpu  2136560334 50789882 267774543 14530769375 1669955 0 10537050 0 0 0
1791082424 1785, 2619, 43, 0x0000000000000000 | 6.62 6.34 6.92 | cpu  2136560684 50789882 267774741 14530794143 1669955 0 10537051 0 0 0
1791082425 1785, 2619, 43, 0x0000000000000000 | 6.49 6.32 6.91 | cpu  2136561187 50789882 267775319 14530818068 1669955 0 10537060 0 0 0
1791082426 1785, 2619, 43, 0x0000000000000000 | 6.49 6.32 6.91 | cpu  2136561790 50789882 267777160 14530841115 1669955 0 10537062 0 0 0
1791082427 1785, 2619, 43, 0x0000000000000000 | 6.49 6.32 6.91 | cpu  2136562290 50789882 267780157 14530863327 1669955 0 10537068 0 0 0
1791082428 1785, 2619, 43, 0x0000000000000000 | 6.49 6.32 6.91 | cpu  2136562917 50789882 267782951 14530884612 1669955 0 10537080 0 0 0
1791082429 1785, 2619, 43, 0x0000000000000000 | 6.49 6.32 6.91 | cpu  2136563729 50789882 267784294 14530907759 1669955 0 10537083 0 0 0
1791082431 1785, 2619, 43, 0x0000000000000000 | 6.29 6.28 6.89 | cpu  2136564419 50789882 267787277 14530930477 1669955 0 10537090 0 0 0
1791082432 1785, 2619, 43, 0x0000000000000000 | 6.29 6.28 6.89 | cpu  2136565402 50789882 267788832 14530954355 1669955 0 10537092 0 0 0
1791082433 1785, 2619, 43, 0x0000000000000000 | 6.29 6.28 6.89 | cpu  2136566190 50789882 267790580 14530977597 1669955 0 10537099 0 0 0
1791082434 1785, 2619, 43, 0x0000000000000000 | 6.29 6.28 6.89 | cpu  2136566481 50789882 267790952 14531002502 1669955 0 10537101 0 0 0
1791082435 1785, 2619, 43, 0x0000000000000000 | 6.18 6.26 6.88 | cpu  2136566767 50789882 267791603 14531027539 1669955 0 10537101 0 0 0
1791082436 1785, 2619, 43, 0x0000000000000000 | 6.18 6.26 6.88 | cpu  2136567334 50789882 267792328 14531052343 1669955 0 10537101 0 0 0
1791082437 1785, 2619, 43, 0x0000000000000000 | 6.18 6.26 6.88 | cpu  2136567756 50789882 267792610 14531076978 1669955 0 10537108 0 0 0
1791082439 1785, 2619, 43, 0x0000000000000000 | 6.18 6.26 6.88 | cpu  2136568150 50789882 267792870 14531101662 1669955 0 10537111 0 0 0
1791082440 1785, 2619, 43, 0x0000000000000000 | 6.18 6.26 6.88 | cpu  2136569375 50789882 267794922 14531124411 1669955 0 10537121 0 0 0
1791082441 1785, 2619, 43, 0x0000000000000000 | 6.09 6.24 6.87 | cpu  2136570136 50789882 267795946 14531148203 1669955 0 10537136 0 0 0
1791082442 1785, 2619, 43, 0x0000000000000000 | 6.09 6.24 6.87 | cpu  2136570512 50789883 267796093 14531173119 1669955 0 10537136 0 0 0
1791082443 1785, 2619, 43, 0x0000000000000000 | 6.09 6.24 6.87 | cpu  2136570857 50789883 267796201 14531197981 1669957 0 10537137 0 0 0
1791082444 1785, 2619, 43, 0x0000000000000000 | 6.09 6.24 6.87 | cpu  2136571254 50789883 267796340 14531223697 1669957 0 10537142 0 0 0
1791082446 1785, 2619, 43, 0x0000000000000000 | 5.92 6.20 6.86 | cpu  2136571635 50789883 267796464 14531248909 1669957 0 10537146 0 0 0
1791082447 1785, 2619, 43, 0x0000000000000000 | 5.92 6.20 6.86 | cpu  2136572054 50789883 267796664 14531274040 1669957 0 10537150 0 0 0
1791082448 1785, 2619, 43, 0x0000000000000000 | 5.92 6.20 6.86 | cpu  2136572432 50789883 267796932 14531298767 1669957 0 10537150 0 0 0
1791082449 1785, 2619, 43, 0x0000000000000000 | 5.92 6.20 6.86 | cpu  2136573222 50789883 267798293 14531320944 1669957 0 10537152 0 0 0
1791082450 1785, 2619, 43, 0x0000000000000000 | 5.77 6.16 6.84 | cpu  2136574096 50789883 267800603 14531344279 1669957 0 10537163 0 0 0
1791082451 1785, 2619, 43, 0x0000000000000000 | 5.77 6.16 6.84 | cpu  2136574512 50789883 267800928 14531368745 1669957 0 10537176 0 0 0
1791082452 1785, 2619, 43, 0x0000000000000000 | 5.77 6.16 6.84 | cpu  2136575048 50789883 267801259 14531393222 1669957 0 10537176 0 0 0
1791082453 1785, 2619, 43, 0x0000000000000000 | 5.77 6.16 6.84 | cpu  2136575515 50789883 267801575 14531418102 1669957 0 10537180 0 0 0
1791082455 1785, 2619, 43, 0x0000000000000000 | 5.77 6.16 6.84 | cpu  2136576026 50789883 267801802 14531442898 1669957 0 10537182 0 0 0
1791082456 1785, 2619, 43, 0x0000000000000000 | 5.71 6.14 6.83 | cpu  2136576618 50789883 267802080 14531467566 1669957 0 10537182 0 0 0
1791082457 1785, 2619, 43, 0x0000000000000000 | 5.71 6.14 6.83 | cpu  2136577015 50789883 267802868 14531491272 1669957 0 10537187 0 0 0
1791082458 1785, 2619, 43, 0x0000000000000000 | 5.71 6.14 6.83 | cpu  2136577730 50789883 267804015 14531514302 1669957 0 10537191 0 0 0
1791082459 1785, 2619, 43, 0x0000000000000000 | 5.71 6.14 6.83 | cpu  2136578331 50789883 267804358 14531538782 1669957 0 10537196 0 0 0
1791082460 1785, 2619, 43, 0x0000000000000000 | 5.73 6.14 6.82 | cpu  2136578790 50789884 267804697 14531563930 1669957 0 10537215 0 0 0
1791082461 1785, 2619, 43, 0x0000000000000000 | 5.73 6.14 6.82 | cpu  2136579344 50789884 267805046 14531587958 1669957 0 10537216 0 0 0
1791082463 1785, 2619, 43, 0x0000000000000000 | 5.73 6.14 6.82 | cpu  2136579762 50789884 267805305 14531614966 1669957 0 10537218 0 0 0
1791082464 1785, 2619, 43, 0x0000000000000000 | 5.73 6.14 6.82 | cpu  2136580322 50789884 267805591 14531639316 1669957 0 10537225 0 0 0
1791082465 1785, 2619, 43, 0x0000000000000000 | 5.99 6.19 6.84 | cpu  2136580712 50789884 267805859 14531664819 1669957 0 10537226 0 0 0
1791082466 1785, 2619, 43, 0x0000000000000000 | 5.99 6.19 6.84 | cpu  2136581354 50789884 267806075 14531689443 1669957 0 10537230 0 0 0
1791082467 1785, 2619, 43, 0x0000000000000000 | 5.99 6.19 6.84 | cpu  2136582041 50789884 267806342 14531714515 1669957 0 10537232 0 0 0
1791082468 1785, 2619, 43, 0x0000000000000000 | 5.99 6.19 6.84 | cpu  2136582645 50789884 267806560 14531739145 1669957 0 10537242 0 0 0
1791082470 1785, 2619, 43, 0x0000000000000000 | 5.99 6.19 6.84 | cpu  2136583114 50789884 267806848 14531764099 1669957 0 10537252 0 0 0
1791082471 1785, 2619, 43, 0x0000000000000000 | 14.80 8.01 7.42 | cpu  2136583953 50789884 267807070 14531788243 1669957 0 10537254 0 0 0
1791082472 1785, 2619, 43, 0x0000000000000000 | 14.80 8.01 7.42 | cpu  2136587129 50789884 267807214 14531809590 1669957 0 10537255 0 0 0
1791082473 1785, 2619, 43, 0x0000000000000000 | 14.80 8.01 7.42 | cpu  2136590169 50789884 267807374 14531830995 1669957 0 10537259 0 0 0
1791082474 1785, 2619, 43, 0x0000000000000000 | 14.80 8.01 7.42 | cpu  2136592130 50789884 267807553 14531853732 1669957 0 10537259 0 0 0
1791082475 1785, 2619, 43, 0x0000000000000000 | 14.10 7.98 7.41 | cpu  2136592523 50789884 267807782 14531879489 1669957 0 10537259 0 0 0
1791082476 1785, 2619, 43, 0x0000000000000000 | 14.10 7.98 7.41 | cpu  2136592918 50789884 267808040 14531903737 1669957 0 10537259 0 0 0
1791082478 1785, 2619, 43, 0x0000000000000000 | 14.10 7.98 7.41 | cpu  2136593325 50789884 267808348 14531930292 1669957 0 10537272 0 0 0
1791082479 1785, 2619, 43, 0x0000000000000000 | 14.10 7.98 7.41 | cpu  2136593812 50789884 267808646 14531955584 1669957 0 10537281 0 0 0
1791082480 1785, 2619, 43, 0x0000000000000000 | 14.10 7.98 7.41 | cpu  2136594234 50789884 267808940 14531980322 1669957 0 10537286 0 0 0
1791082481 1785, 2619, 43, 0x0000000000000000 | 13.45 7.95 7.41 | cpu  2136594629 50789884 267809232 14532005444 1669957 0 10537286 0 0 0
1791082482 1785, 2619, 43, 0x0000000000000000 | 13.45 7.95 7.41 | cpu  2136595004 50789884 267809383 14532030791 1669957 0 10537291 0 0 0
1791082483 1785, 2619, 43, 0x0000000000000000 | 13.45 7.95 7.41 | cpu  2136595342 50789884 267809502 14532055911 1669957 0 10537292 0 0 0
1791082484 1785, 2619, 43, 0x0000000000000000 | 13.45 7.95 7.41 | cpu  2136595731 50789884 267809756 14532080773 1669957 0 10537292 0 0 0
1791082486 1785, 2619, 43, 0x0000000000000000 | 12.85 7.91 7.40 | cpu  2136596130 50789884 267810072 14532106009 1669957 0 10537298 0 0 0
1791082487 1785, 2619, 43, 0x0000000000000000 | 12.85 7.91 7.40 | cpu  2136596556 50789884 267810371 14532131108 1669957 0 10537306 0 0 0
1791082488 1785, 2619, 43, 0x0000000000000000 | 12.85 7.91 7.40 | cpu  2136596921 50789884 267810646 14532155643 1669957 0 10537331 0 0 0
1791082489 1785, 2619, 43, 0x0000000000000000 | 12.85 7.91 7.40 | cpu  2136597357 50789884 267810954 14532181297 1669957 0 10537334 0 0 0
1791082490 1785, 2619, 43, 0x0000000000000000 | 12.30 7.88 7.39 | cpu  2136597809 50789884 267811266 14532206778 1669957 0 10537339 0 0 0
1791082491 1785, 2619, 43, 0x0000000000000000 | 12.30 7.88 7.39 | cpu  2136598182 50789884 267811439 14532232197 1669957 0 10537339 0 0 0
1791082493 1785, 2619, 43, 0x0000000000000000 | 12.30 7.88 7.39 | cpu  2136598522 50789884 267811547 14532257932 1669957 0 10537339 0 0 0
1791082494 1785, 2619, 43, 0x0000000000000000 | 12.30 7.88 7.39 | cpu  2136598880 50789884 267811685 14532283287 1669957 0 10537342 0 0 0
1791082495 1785, 2619, 43, 0x0000000000000000 | 12.30 7.88 7.39 | cpu  2136599266 50789884 267811835 14532308262 1669958 0 10537344 0 0 0
1791082496 1785, 2619, 43, 0x0000000000000000 | 11.80 7.85 7.38 | cpu  2136599657 50789884 267812036 14532333186 1669958 0 10537350 0 0 0
1791082497 1785, 2619, 43, 0x0000000000000000 | 11.80 7.85 7.38 | cpu  2136600080 50789884 267812336 14532358461 1669958 0 10537364 0 0 0
1791082498 1785, 2619, 43, 0x0000000000000000 | 11.80 7.85 7.38 | cpu  2136600464 50789884 267812623 14532382996 1669958 0 10537374 0 0 0
1791082499 1785, 2619, 43, 0x0000000000000000 | 11.80 7.85 7.38 | cpu  2136600888 50789884 267812912 14532407525 1669958 0 10537376 0 0 0
1791082501 1785, 2619, 43, 0x0000000000000000 | 11.33 7.82 7.38 | cpu  2136601311 50789884 267813210 14532432274 1669958 0 10537382 0 0 0
1791082502 1785, 2619, 43, 0x0000000000000000 | 11.33 7.82 7.38 | cpu  2136601733 50789884 267813495 14532457604 1669958 0 10537390 0 0 0
1791082503 1785, 2619, 43, 0x0000000000000000 | 11.33 7.82 7.38 | cpu  2136602101 50789884 267813666 14532482647 1669959 0 10537396 0 0 0
1791082504 1785, 2619, 43, 0x0000000000000000 | 11.33 7.82 7.38 | cpu  2136602471 50789885 267813802 14532508002 1669959 0 10537397 0 0 0
1791082505 1785, 2619, 43, 0x0000000000000000 | 10.83 7.77 7.36 | cpu  2136602828 50789885 267813997 14532532914 1669959 0 10537399 0 0 0
1791082506 1785, 2619, 43, 0x0000000000000000 | 10.83 7.77 7.36 | cpu  2136603201 50789885 267814169 14532558903 1669959 0 10537400 0 0 0
1791082508 1785, 2619, 43, 0x0000000000000000 | 10.83 7.77 7.36 | cpu  2136603576 50789885 267814398 14532583505 1669959 0 10537410 0 0 0
1791082509 1785, 2619, 43, 0x0000000000000000 | 10.83 7.77 7.36 | cpu  2136603992 50789885 267814687 14532607948 1669959 0 10537420 0 0 0
1791082510 1785, 2619, 43, 0x0000000000000000 | 10.83 7.77 7.36 | cpu  2136604402 50789885 267814996 14532632225 1669959 0 10537425 0 0 0
1791082511 1785, 2619, 43, 0x0000000000000000 | 10.44 7.74 7.36 | cpu  2136604825 50789885 267815325 14532656893 1669959 0 10537436 0 0 0
1791082512 1785, 2619, 43, 0x0000000000000000 | 10.44 7.74 7.36 | cpu  2136605217 50789886 267815667 14532681632 1669959 0 10537445 0 0 0
1791082513 1785, 2619, 43, 0x0000000000000000 | 10.44 7.74 7.36 | cpu  2136605582 50789886 267815964 14532706290 1669959 0 10537450 0 0 0
1791082514 1785, 2619, 43, 0x0000000000000000 | 10.44 7.74 7.36 | cpu  2136605952 50789886 267816126 14532731534 1669959 0 10537454 0 0 0
1791082515 1785, 2619, 43, 0x0000000000000000 | 9.92 7.68 7.34 | cpu  2136606336 50789887 267816278 14532757709 1669959 0 10537455 0 0 0
1791082517 1785, 2619, 43, 0x0000000000000000 | 9.92 7.68 7.34 | cpu  2136606820 50789887 267816678 14532783490 1669959 0 10537459 0 0 0
1791082518 1785, 2619, 43, 0x0000000000000000 | 9.92 7.68 7.34 | cpu  2136607214 50789887 267816867 14532808474 1669959 0 10537463 0 0 0
1791082519 1785, 2619, 43, 0x0000000000000000 | 9.92 7.68 7.34 | cpu  2136607647 50789887 267817116 14532833613 1669959 0 10537476 0 0 0
1791082520 1785, 2619, 43, 0x0000000000000000 | 9.61 7.65 7.33 | cpu  2136608111 50789887 267817804 14532858950 1669959 0 10537485 0 0 0
1791082521 1785, 2619, 43, 0x0000000000000000 | 9.61 7.65 7.33 | cpu  2136608518 50789887 267818087 14532883638 1669959 0 10537487 0 0 0
1791082522 1785, 2619, 43, 0x0000000000000000 | 9.61 7.65 7.33 | cpu  2136608850 50789887 267818288 14532908364 1669959 0 10537487 0 0 0
1791082524 1785, 2619, 43, 0x0000000000000000 | 9.61 7.65 7.33 | cpu  2136609229 50789888 267818510 14532933190 1669959 0 10537491 0 0 0
1791082525 1785, 2619, 43, 0x0000000000000000 | 9.61 7.65 7.33 | cpu  2136609626 50789888 267818744 14532958484 1669959 0 10537499 0 0 0
1791082526 1785, 2619, 43, 0x0000000000000000 | 9.24 7.61 7.32 | cpu  2136610001 50789888 267818876 14532983762 1669959 0 10537502 0 0 0
1791082527 1785, 2619, 43, 0x0000000000000000 | 9.24 7.61 7.32 | cpu  2136610392 50789888 267819067 14533009164 1669959 0 10537502 0 0 0
1791082528 1785, 2619, 43, 0x0000000000000000 | 9.24 7.61 7.32 | cpu  2136610740 50789888 267819266 14533034273 1669959 0 10537505 0 0 0
1791082529 1785, 2619, 43, 0x0000000000000000 | 9.24 7.61 7.32 | cpu  2136611142 50789888 267819462 14533059415 1669959 0 10537505 0 0 0
1791082531 1785, 2619, 43, 0x0000000000000000 | 8.98 7.58 7.31 | cpu  2136611567 50789888 267819709 14533084265 1669959 0 10537510 0 0 0
1791082532 1785, 2619, 43, 0x0000000000000000 | 8.98 7.58 7.31 | cpu  2136611966 50789888 267819982 14533109362 1669959 0 10537512 0 0 0
1791082533 1785, 2619, 43, 0x0000000000000000 | 8.98 7.58 7.31 | cpu  2136612312 50789888 267820175 14533134063 1669959 0 10537515 0 0 0
1791082534 1785, 2619, 43, 0x0000000000000000 | 8.98 7.58 7.31 | cpu  2136612710 50789888 267820404 14533159828 1669959 0 10537522 0 0 0
1791082535 1785, 2619, 43, 0x0000000000000000 | 8.66 7.54 7.30 | cpu  2136613091 50789888 267820622 14533184765 1669959 0 10537525 0 0 0
1791082536 1785, 2619, 43, 0x0000000000000000 | 8.66 7.54 7.30 | cpu  2136613488 50789888 267820858 14533210152 1669959 0 10537532 0 0 0
1791082537 1785, 2619, 43, 0x0000000000000000 | 8.66 7.54 7.30 | cpu  2136613846 50789888 267821042 14533234961 1669959 0 10537532 0 0 0
1791082539 1785, 2619, 43, 0x0000000000000000 | 8.66 7.54 7.30 | cpu  2136614233 50789888 267821253 14533259903 1669959 0 10537532 0 0 0
1791082540 1785, 2619, 43, 0x0000000000000000 | 8.66 7.54 7.30 | cpu  2136614627 50789888 267821457 14533284744 1669959 0 10537532 0 0 0
1791082541 1785, 2619, 43, 0x0000000000000000 | 8.37 7.50 7.28 | cpu  2136615024 50789888 267821656 14533309601 1669959 0 10537533 0 0 0
1791082542 1785, 2619, 43, 0x0000000000000000 | 8.37 7.50 7.28 | cpu  2136615408 50789888 267821861 14533334257 1669959 0 10537533 0 0 0
1791082543 1785, 2619, 43, 0x0000000000000000 | 8.37 7.50 7.28 | cpu  2136615773 50789888 267822069 14533359249 1669959 0 10537536 0 0 0
1791082544 1785, 2619, 43, 0x0000000000000000 | 8.37 7.50 7.28 | cpu  2136616179 50789888 267822292 14533384626 1669959 0 10537539 0 0 0
1791082545 1785, 2619, 43, 0x0000000000000000 | 8.10 7.45 7.27 | cpu  2136616554 50789888 267822512 14533409468 1669959 0 10537539 0 0 0
1791082547 1785, 2619, 43, 0x0000000000000000 | 8.10 7.45 7.27 | cpu  2136616966 50789888 267822785 14533435256 1669959 0 10537542 0 0 0
1791082548 1785, 2619, 43, 0x0000000000000000 | 8.10 7.45 7.27 | cpu  2136617356 50789888 267823057 14533459869 1669959 0 10537549 0 0 0
1791082549 1785, 2619, 43, 0x0000000000000000 | 8.10 7.45 7.27 | cpu  2136617770 50789888 267823269 14533485437 1669959 0 10537549 0 0 0
1791082550 1785, 2619, 43, 0x0000000000000000 | 7.93 7.43 7.27 | cpu  2136618181 50789888 267823601 14533511117 1669959 0 10537549 0 0 0
1791082551 1785, 2619, 43, 0x0000000000000000 | 7.93 7.43 7.27 | cpu  2136618574 50789888 267823813 14533536138 1669959 0 10537550 0 0 0
1791082552 1785, 2619, 43, 0x0000000000000000 | 7.93 7.43 7.27 | cpu  2136618896 50789888 267823925 14533561040 1669959 0 10537550 0 0 0
1791082554 1785, 2619, 43, 0x0000000000000000 | 7.93 7.43 7.27 | cpu  2136619272 50789888 267824117 14533585941 1669959 0 10537552 0 0 0
1791082555 1785, 2619, 43, 0x0000000000000000 | 7.93 7.43 7.27 | cpu  2136619650 50789888 267824342 14533610827 1669959 0 10537552 0 0 0
1791082556 1785, 2619, 43, 0x0000000000000000 | 7.77 7.41 7.26 | cpu  2136620038 50789888 267824562 14533636141 1669959 0 10537555 0 0 0
1791082557 1785, 2619, 43, 0x0000000000000000 | 7.77 7.41 7.26 | cpu  2136620450 50789888 267824857 14533661785 1669959 0 10537570 0 0 0
1791082558 1785, 2619, 43, 0x0000000000000000 | 7.77 7.41 7.26 | cpu  2136620816 50789888 267825136 14533686561 1669959 0 10537572 0 0 0
1791082559 1785, 2619, 43, 0x0000000000000000 | 7.77 7.41 7.26 | cpu  2136621260 50789888 267825412 14533711992 1669959 0 10537578 0 0 0
1791082560 1785, 2619, 42, 0x0000000000000000 | 7.55 7.37 7.25 | cpu  2136621648 50789888 267825608 14533736021 1669959 0 10537578 0 0 0
1791082562 1785, 2619, 42, 0x0000000000000000 | 7.55 7.37 7.25 | cpu  2136622028 50789888 267825793 14533760863 1669959 0 10537578 0 0 0
1791082563 1785, 2619, 42, 0x0000000000000000 | 7.55 7.37 7.25 | cpu  2136622358 50789888 267825901 14533786124 1669959 0 10537579 0 0 0
1791082564 1785, 2619, 42, 0x0000000000000000 | 7.55 7.37 7.25 | cpu  2136622722 50789888 267826038 14533811461 1669960 0 10537582 0 0 0
1791082565 1785, 2619, 42, 0x0000000000000000 | 7.43 7.34 7.24 | cpu  2136623116 50789888 267826240 14533837278 1669960 0 10537582 0 0 0
1791082566 1785, 2619, 42, 0x0000000000000000 | 7.43 7.34 7.24 | cpu  2136623503 50789888 267826462 14533862741 1669960 0 10537582 0 0 0
1791082567 1785, 2619, 42, 0x0000000000000000 | 7.43 7.34 7.24 | cpu  2136623875 50789888 267826726 14533887386 1669960 0 10537587 0 0 0
1791082568 1785, 2619, 42, 0x0000000000000000 | 7.43 7.34 7.24 | cpu  2136624280 50789888 267827041 14533912210 1669960 0 10537587 0 0 0
1791082570 1785, 2619, 42, 0x0000000000000000 | 7.43 7.34 7.24 | cpu  2136624760 50789888 267827360 14533937181 1669960 0 10537592 0 0 0
1791082571 1785, 2619, 42, 0x0000000000000000 | 7.31 7.32 7.23 | cpu  2136625184 50789888 267827636 14533961996 1669960 0 10537595 0 0 0
1791082572 1785, 2619, 42, 0x0000000000000000 | 7.31 7.32 7.23 | cpu  2136625555 50789888 267827800 14533986973 1669960 0 10537595 0 0 0
1791082573 1785, 2619, 42, 0x0000000000000000 | 7.31 7.32 7.23 | cpu  2136625878 50789888 267827936 14534011698 1669960 0 10537601 0 0 0
1791082574 1785, 2619, 42, 0x0000000000000000 | 7.31 7.32 7.23 | cpu  2136626250 50789888 267828067 14534037390 1669960 0 10537601 0 0 0
1791082575 1785, 2619, 42, 0x0000000000000000 | 7.21 7.30 7.23 | cpu  2136626628 50789888 267828278 14534062598 1669960 0 10537602 0 0 0
1791082577 1785, 2619, 42, 0x0000000000000000 | 7.21 7.30 7.23 | cpu  2136627053 50789888 267828612 14534088688 1669960 0 10537617 0 0 0
1791082578 1785, 2619, 42, 0x0000000000000000 | 7.21 7.30 7.23 | cpu  2136627445 50789888 267828978 14534113475 1669960 0 10537626 0 0 0
1791082579 1785, 2619, 42, 0x0000000000000000 | 7.21 7.30 7.23 | cpu  2136627866 50789888 267829378 14534138020 1669960 0 10537629 0 0 0
1791082580 1785, 2619, 42, 0x0000000000000000 | 7.35 7.33 7.24 | cpu  2136628296 50789889 267829777 14534162590 1669960 0 10537644 0 0 0
1791082581 1785, 2619, 42, 0x0000000000000000 | 7.35 7.33 7.24 | cpu  2136628906 50789889 267830251 14534188444 1669960 0 10537665 0 0 0
1791082582 1785, 2619, 42, 0x0000000000000000 | 7.35 7.33 7.24 | cpu  2136629425 50789889 267830622 14534213902 1669960 0 10537687 0 0 0
1791082584 1785, 2619, 42, 0x0000000000000000 | 7.35 7.33 7.24 | cpu  2136629916 50789889 267830834 14534239075 1669960 0 10537707 0 0 0
1791082585 1785, 2619, 42, 0x0000000000000000 | 7.35 7.33 7.24 | cpu  2136630352 50789889 267831040 14534264712 1669960 0 10537721 0 0 0
1791082586 1785, 2619, 42, 0x0000000000000000 | 7.24 7.30 7.23 | cpu  2136630744 50789889 267831224 14534290915 1669960 0 10537723 0 0 0
1791082587 1785, 2619, 42, 0x0000000000000000 | 7.24 7.30 7.23 | cpu  2136631123 50789889 267831391 14534318686 1669960 0 10537724 0 0 0
1791082588 1785, 2619, 42, 0x0000000000000000 | 7.24 7.30 7.23 | cpu  2136631544 50789889 267831683 14534343847 1669960 0 10537730 0 0 0
1791082589 1785, 2619, 42, 0x0000000000000000 | 7.24 7.30 7.23 | cpu  2136631969 50789889 267831991 14534368205 1669960 0 10537735 0 0 0
1791082591 1785, 2619, 42, 0x0000000000000000 | 7.14 7.28 7.22 | cpu  2136632383 50789889 267832314 14534392399 1669960 0 10537742 0 0 0
1791082592 1785, 2619, 42, 0x0000000000000000 | 7.14 7.28 7.22 | cpu  2136632834 50789890 267832740 14534417601 1669960 0 10537749 0 0 0
1791082593 1785, 2619, 42, 0x0000000000000000 | 7.14 7.28 7.22 | cpu  2136633198 50789890 267833121 14534442243 1669960 0 10537757 0 0 0
1791082594 1785, 2619, 42, 0x0000000000000000 | 7.14 7.28 7.22 | cpu  2136633603 50789890 267833540 14534467419 1669960 0 10537768 0 0 0
1791082595 1785, 2619, 42, 0x0000000000000000 | 6.97 7.24 7.21 | cpu  2136633981 50789890 267833772 14534492335 1669960 0 10537770 0 0 0
1791082596 1785, 2619, 42, 0x0000000000000000 | 6.97 7.24 7.21 | cpu  2136634366 50789890 267834001 14534517111 1669960 0 10537774 0 0 0
1791082597 1785, 2619, 42, 0x0000000000000000 | 6.97 7.24 7.21 | cpu  2136634727 50789890 267834258 14534542123 1669960 0 10537779 0 0 0
1791082599 1785, 2619, 42, 0x0000000000000000 | 6.97 7.24 7.21 | cpu  2136635123 50789890 267834573 14534566926 1669960 0 10537780 0 0 0
1791082600 1785, 2619, 42, 0x0000000000000000 | 6.97 7.24 7.21 | cpu  2136635549 50789890 267834874 14534591690 1669960 0 10537781 0 0 0
1791082601 1785, 2619, 42, 0x0000000000000000 | 6.97 7.24 7.21 | cpu  2136635968 50789890 267835162 14534616509 1669960 0 10537781 0 0 0
1791082602 1785, 2619, 42, 0x0000000000000000 | 6.97 7.24 7.21 | cpu  2136636352 50789890 267835434 14534643340 1669960 0 10537782 0 0 0
1791082603 1785, 2619, 42, 0x0000000000000000 | 6.97 7.24 7.21 | cpu  2136636730 50789890 267835655 14534668262 1669960 0 10537785 0 0 0
1791082604 1785, 2619, 42, 0x0000000000000000 | 6.97 7.24 7.21 | cpu  2136637126 50789890 267835876 14534693614 1669960 0 10537786 0 0 0
1791082606 1785, 2619, 42, 0x0000000000000000 | 6.82 7.20 7.20 | cpu  2136637521 50789890 267836076 14534719339 1669960 0 10537789 0 0 0
1791082607 1785, 2619, 42, 0x0000000000000000 | 6.82 7.20 7.20 | cpu  2136637883 50789890 267836256 14534744250 1669960 0 10537793 0 0 0
1791082608 1785, 2619, 42, 0x0000000000000000 | 6.82 7.20 7.20 | cpu  2136638304 50789890 267836536 14534769076 1669960 0 10537804 0 0 0
1791082609 1785, 2619, 42, 0x0000000000000000 | 6.82 7.20 7.20 | cpu  2136638724 50789890 267836858 14534795015 1669960 0 10537805 0 0 0
1791082610 1785, 2619, 42, 0x0000000000000000 | 6.67 7.16 7.18 | cpu  2136639132 50789890 267837147 14534820225 1669960 0 10537805 0 0 0
1791082611 1785, 2619, 42, 0x0000000000000000 | 6.67 7.16 7.18 | cpu  2136639568 50789890 267837464 14534846074 1669960 0 10537807 0 0 0
1791082613 1785, 2619, 42, 0x0000000000000000 | 6.67 7.16 7.18 | cpu  2136639948 50789890 267837694 14534872242 1669960 0 10537809 0 0 0
1791082614 1785, 2619, 42, 0x0000000000000000 | 6.67 7.16 7.18 | cpu  2136640348 50789890 267837922 14534897763 1669960 0 10537809 0 0 0
1791082615 1785, 2619, 42, 0x0000000000000000 | 6.70 7.16 7.18 | cpu  2136640744 50789890 267838268 14534923815 1669960 0 10537814 0 0 0
1791082616 1785, 2619, 42, 0x0000000000000000 | 6.70 7.16 7.18 | cpu  2136641136 50789890 267838523 14534949185 1669960 0 10537815 0 0 0
1791082617 1785, 2619, 42, 0x0000000000000000 | 6.70 7.16 7.18 | cpu  2136641481 50789890 267838715 14534973948 1669960 0 10537816 0 0 0
1791082618 1785, 2619, 42, 0x0000000000000000 | 6.70 7.16 7.18 | cpu  2136641885 50789890 267838933 14534999377 1669960 0 10537817 0 0 0
1791082620 1785, 2619, 42, 0x0000000000000000 | 6.70 7.16 7.18 | cpu  2136642321 50789890 267839150 14535024335 1669960 0 10537827 0 0 0
1791082621 1785, 2619, 42, 0x0000000000000000 | 6.56 7.13 7.17 | cpu  2136642710 50789890 267839362 14535049159 1669960 0 10537829 0 0 0
1791082622 1785, 2619, 42, 0x0000000000000000 | 6.56 7.13 7.17 | cpu  2136643126 50789891 267839618 14535077138 1669960 0 10537841 0 0 0
1791082623 1785, 2619, 42, 0x0000000000000000 | 6.56 7.13 7.17 | cpu  2136643527 50789891 267839908 14535101862 1669960 0 10537851 0 0 0
1791082624 1785, 2619, 42, 0x0000000000000000 | 6.56 7.13 7.17 | cpu  2136643869 50789891 267840379 14535126462 1669961 0 10537860 0 0 0
1791082625 1785, 2619, 42, 0x0000000000000000 | 6.60 7.12 7.17 | cpu  2136644263 50789891 267840837 14535151980 1669961 0 10537860 0 0 0
1791082627 1785, 2619, 42, 0x0000000000000000 | 6.60 7.12 7.17 | cpu  2136644600 50789891 267841264 14535176567 1669961 0 10537865 0 0 0
1791082628 1785, 2619, 42, 0x0000000000000000 | 6.60 7.12 7.17 | cpu  2136644945 50789891 267841666 14535201394 1669961 0 10537881 0 0 0
1791082629 1785, 2619, 42, 0x0000000000000000 | 6.60 7.12 7.17 | cpu  2136645274 50789891 267842110 14535226932 1669961 0 10537890 0 0 0
1791082630 1785, 2619, 42, 0x0000000000000000 | 6.63 7.12 7.17 | cpu  2136645594 50789891 267842511 14535250924 1669961 0 10537897 0 0 0
1791082631 1785, 2619, 42, 0x0000000000000000 | 6.63 7.12 7.17 | cpu  2136645902 50789891 267842734 14535276450 1669961 0 10537898 0 0 0
1791082632 1785, 2619, 42, 0x0000000000000000 | 6.63 7.12 7.17 | cpu  2136646146 50789891 267842865 14535301734 1669961 0 10537899 0 0 0
1791082634 1785, 2619, 42, 0x0000000000000000 | 6.63 7.12 7.17 | cpu  2136647134 50789892 267843057 14535327179 1669961 0 10537919 0 0 0
1791082635 1785, 2619, 42, 0x0000000000000000 | 6.63 7.12 7.17 | cpu  2136648591 50789892 267843600 14535351050 1669961 0 10537941 0 0 0
1791082636 1785, 2619, 42, 0x0000000000000000 | 6.34 7.05 7.15 | cpu  2136650454 50789892 267844977 14535373420 1669961 0 10537942 0 0 0
1791082637 1785, 2619, 42, 0x0000000000000000 | 6.34 7.05 7.15 | cpu  2136652284 50789892 267846669 14535397487 1669961 0 10537948 0 0 0
1791082638 1785, 2619, 42, 0x0000000000000000 | 6.34 7.05 7.15 | cpu  2136654168 50789892 267848277 14535419533 1669961 0 10537956 0 0 0
1791082639 1785, 2619, 42, 0x0000000000000000 | 6.34 7.05 7.15 | cpu  2136655954 50789892 267849942 14535441811 1669961 0 10537966 0 0 0
1791082641 1785, 2619, 42, 0x0000000000000000 | 15.36 8.91 7.75 | cpu  2136657433 50789892 267851194 14535464375 1669961 0 10537971 0 0 0
1791082642 1785, 2619, 42, 0x0000000000000000 | 15.36 8.91 7.75 | cpu  2136657934 50789892 267854434 14535486815 1669961 0 10537977 0 0 0
1791082643 1785, 2619, 42, 0x0000000000000000 | 15.36 8.91 7.75 | cpu  2136658333 50789892 267857187 14535508178 1669961 0 10537978 0 0 0
1791082644 1785, 2619, 42, 0x0000000000000000 | 15.36 8.91 7.75 | cpu  2136658795 50789892 267860331 14535531331 1669961 0 10537980 0 0 0
1791082645 1785, 2619, 42, 0x0000000000000000 | 14.45 8.83 7.73 | cpu  2136659405 50789892 267863093 14535552756 1669961 0 10537983 0 0 0
1791082646 1785, 2619, 42, 0x0000000000000000 | 14.45 8.83 7.73 | cpu  2136659933 50789892 267864540 14535575860 1669961 0 10537983 0 0 0
1791082647 1785, 2619, 42, 0x0000000000000000 | 14.45 8.83 7.73 | cpu  2136660899 50789892 267867268 14535597111 1669961 0 10537984 0 0 0
1791082648 1785, 2619, 42, 0x0000000000000000 | 14.45 8.83 7.73 | cpu  2136661786 50789892 267868842 14535620504 1669961 0 10537994 0 0 0
1791082650 1785, 2619, 42, 0x0000000000000000 | 14.45 8.83 7.73 | cpu  2136662717 50789892 267870902 14535642740 1669961 0 10538006 0 0 0
1791082651 1785, 2619, 42, 0x0000000000000000 | 13.85 8.80 7.72 | cpu  2136663104 50789892 267871954 14535667421 1669961 0 10538008 0 0 0
1791082652 1785, 2619, 42, 0x0000000000000000 | 13.85 8.80 7.72 | cpu  2136663598 50789892 267872228 14535692345 1669961 0 10538010 0 0 0
1791082653 1785, 2619, 42, 0x0000000000000000 | 13.85 8.80 7.72 | cpu  2136664011 50789892 267872434 14535716964 1669961 0 10538019 0 0 0
1791082654 1785, 2619, 42, 0x0000000000000000 | 13.85 8.80 7.72 | cpu  2136664484 50789892 267873126 14535741924 1669961 0 10538019 0 0 0
1791082655 1785, 2619, 42, 0x0000000000000000 | 13.14 8.74 7.71 | cpu  2136665402 50789892 267875004 14535764101 1669961 0 10538021 0 0 0
1791082657 1785, 2619, 42, 0x0000000000000000 | 13.14 8.74 7.71 | cpu  2136665910 50789892 267875751 14535788270 1669961 0 10538022 0 0 0
1791082658 1785, 2619, 42, 0x0000000000000000 | 13.14 8.74 7.71 | cpu  2136666276 50789892 267875894 14535812947 1669961 0 10538022 0 0 0
1791082659 1785, 2619, 43, 0x0000000000000000 | 13.14 8.74 7.71 | cpu  2136666683 50789892 267876088 14535838104 1669961 0 10538023 0 0 0
1791082660 1785, 2619, 43, 0x0000000000000000 | 13.14 8.74 7.71 | cpu  2136667101 50789892 267876262 14535862462 1669961 0 10538033 0 0 0
1791082661 1785, 2619, 43, 0x0000000000000000 | 12.49 8.67 7.69 | cpu  2136667512 50789892 267876462 14535886790 1669961 0 10538033 0 0 0
1791082662 1785, 2619, 43, 0x0000000000000000 | 12.49 8.67 7.69 | cpu  2136667913 50789892 267876719 14535911696 1669961 0 10538039 0 0 0
1791082663 1785, 2619, 43, 0x0000000000000000 | 12.49 8.67 7.69 | cpu  2136668292 50789892 267877016 14535935404 1669961 0 10538047 0 0 0
1791082664 1785, 2619, 43, 0x0000000000000000 | 12.49 8.67 7.69 | cpu  2136669062 50789892 267878564 14535957810 1669961 0 10538062 0 0 0
1791082666 1785, 2619, 43, 0x0000000000000000 | 11.89 8.61 7.68 | cpu  2136669542 50789892 267881950 14535979780 1669961 0 10538065 0 0 0
1791082667 1785, 2619, 43, 0x0000000000000000 | 11.89 8.61 7.68 | cpu  2136670174 50789893 267884976 14536003799 1669961 0 10538067 0 0 0
1791082668 1785, 2619, 43, 0x0000000000000000 | 11.89 8.61 7.68 | cpu  2136670810 50789893 267886853 14536027392 1669961 0 10538086 0 0 0
1791082669 1785, 2619, 43, 0x0000000000000000 | 11.89 8.61 7.68 | cpu  2136671904 50789893 267889626 14536049052 1669961 0 10538101 0 0 0
1791082670 1785, 2619, 43, 0x0000000000000000 | 11.42 8.57 7.67 | cpu  2136672819 50789893 267891252 14536071770 1669961 0 10538108 0 0 0
1791082671 1785, 2619, 43, 0x0000000000000000 | 11.42 8.57 7.67 | cpu  2136673777 50789893 267893091 14536094494 1669961 0 10538113 0 0 0
1791082672 1785, 2619, 43, 0x0000000000000000 | 11.42 8.57 7.67 | cpu  2136674023 50789893 267893328 14536119296 1669961 0 10538113 0 0 0
1791082674 1785, 2619, 43, 0x0000000000000000 | 11.42 8.57 7.67 | cpu  2136674300 50789893 267893545 14536143787 1669961 0 10538116 0 0 0
1791082675 1785, 2619, 43, 0x0000000000000000 | 11.42 8.57 7.67 | cpu  2136674827 50789893 267894401 14536167782 1669961 0 10538116 0 0 0
1791082676 1785, 2619, 43, 0x0000000000000000 | 10.99 8.53 7.66 | cpu  2136675220 50789893 267894517 14536192203 1669961 0 10538118 0 0 0
1791082677 1785, 2619, 43, 0x0000000000000000 | 10.99 8.53 7.66 | cpu  2136675598 50789893 267894712 14536217850 1669961 0 10538119 0 0 0
1791082678 1785, 2619, 43, 0x0000000000000000 | 10.99 8.53 7.66 | cpu  2136676467 50789893 267897003 14536239117 1669961 0 10538130 0 0 0
1791082679 1785, 2619, 43, 0x0000000000000000 | 10.99 8.53 7.66 | cpu  2136677499 50789893 267898198 14536262097 1669961 0 10538138 0 0 0
1791082680 1785, 2619, 43, 0x0000000000000000 | 10.83 8.53 7.67 | cpu  2136677990 50789893 267898716 14536287602 1669961 0 10538151 0 0 0
1791082682 1785, 2619, 43, 0x0000000000000000 | 10.83 8.53 7.67 | cpu  2136678515 50789893 267899815 14536314412 1669961 0 10538175 0 0 0
1791082683 1785, 2619, 43, 0x0000000000000000 | 10.83 8.53 7.67 | cpu  2136679037 50789893 267900368 14536339208 1669961 0 10538198 0 0 0
1791082684 1785, 2619, 43, 0x0000000000000000 | 10.83 8.53 7.67 | cpu  2136679495 50789893 267900625 14536363952 1669962 0 10538200 0 0 0
1791082685 1785, 2619, 43, 0x0000000000000000 | 10.44 8.49 7.66 | cpu  2136679913 50789893 267900846 14536388878 1669962 0 10538201 0 0 0
1791082686 1785, 2619, 43, 0x0000000000000000 | 10.44 8.49 7.66 | cpu  2136680339 50789893 267901918 14536412330 1669962 0 10538206 0 0 0
1791082687 1785, 2619, 43, 0x0000000000000000 | 10.44 8.49 7.66 | cpu  2136680974 50789893 267903057 14536434001 1669962 0 10538214 0 0 0
1791082689 1785, 2619, 43, 0x0000000000000000 | 10.44 8.49 7.66 | cpu  2136681846 50789893 267905200 14536456615 1669962 0 10538220 0 0 0
1791082690 1785, 2619, 43, 0x0000000000000000 | 10.44 8.49 7.66 | cpu  2136682440 50789893 267905548 14536480746 1669962 0 10538224 0 0 0
1791082691 1785, 2619, 43, 0x0000000000000000 | 10.08 8.45 7.65 | cpu  2136683075 50789893 267905940 14536505959 1669963 0 10538224 0 0 0
1791082692 1785, 2619, 43, 0x0000000000000000 | 10.08 8.45 7.65 | cpu  2136683547 50789893 267906259 14536530801 1669963 0 10538224 0 0 0
1791082693 1785, 2619, 43, 0x0000000000000000 | 10.08 8.45 7.65 | cpu  2136684170 50789894 267906603 14536555744 1669963 0 10538227 0 0 0
1791082694 1785, 2619, 43, 0x0000000000000000 | 10.08 8.45 7.65 | cpu  2136684820 50789894 267906944 14536579662 1669963 0 10538230 0 0 0
1791082695 1785, 2619, 43, 0x0000000000000000 | 9.68 8.39 7.63 | cpu  2136685206 50789894 267907732 14536603967 1669963 0 10538232 0 0 0
1791082697 1785, 2619, 43, 0x0000000000000000 | 9.68 8.39 7.63 | cpu  2136685915 50789894 267909269 14536628970 1669963 0 10538232 0 0 0
1791082698 1785, 2619, 43, 0x0000000000000000 | 9.68 8.39 7.63 | cpu  2136686480 50789894 267909576 14536654320 1669963 0 10538232 0 0 0
1791082699 1785, 2619, 43, 0x0000000000000000 | 9.68 8.39 7.63 | cpu  2136686918 50789894 267909856 14536679360 1669963 0 10538236 0 0 0
1791082700 1785, 2619, 43, 0x0000000000000000 | 9.46 8.37 7.63 | cpu  2136687572 50789894 267910142 14536704391 1669963 0 10538236 0 0 0
1791082701 1785, 2619, 43, 0x0000000000000000 | 9.46 8.37 7.63 | cpu  2136688046 50789894 267910426 14536729218 1669963 0 10538239 0 0 0
1791082702 1785, 2619, 43, 0x0000000000000000 | 9.46 8.37 7.63 | cpu  2136688596 50789894 267910786 14536753407 1669963 0 10538251 0 0 0
1791082704 1785, 2619, 43, 0x0000000000000000 | 9.46 8.37 7.63 | cpu  2136688977 50789894 267911146 14536777674 1669963 0 10538254 0 0 0
1791082705 1785, 2619, 43, 0x0000000000000000 | 9.46 8.37 7.63 | cpu  2136689622 50789894 267911468 14536801520 1669963 0 10538263 0 0 0
1791082706 1785, 2619, 43, 0x0000000000000000 | 9.42 8.38 7.64 | cpu  2136690258 50789894 267911819 14536825948 1669963 0 10538266 0 0 0
1791082707 1785, 2619, 43, 0x0000000000000000 | 9.42 8.38 7.64 | cpu  2136690875 50789894 267912111 14536850226 1669963 0 10538271 0 0 0
1791082708 1785, 2619, 43, 0x0000000000000000 | 9.42 8.38 7.64 | cpu  2136691392 50789894 267912500 14536874313 1669963 0 10538280 0 0 0
1791082709 1785, 2619, 43, 0x0000000000000000 | 9.42 8.38 7.64 | cpu  2136692206 50789894 267912801 14536898938 1669963 0 10538285 0 0 0
1791082710 1785, 2619, 43, 0x0000000000000000 | 9.71 8.46 7.67 | cpu  2136695146 50789894 267913061 14536921219 1669963 0 10538299 0 0 0
1791082711 1785, 2619, 43, 0x0000000000000000 | 9.71 8.46 7.67 | cpu  2136698316 50789894 267913236 14536944823 1669963 0 10538304 0 0 0
1791082713 1785, 2619, 43, 0x0000000000000000 | 9.71 8.46 7.67 | cpu  2136700553 50789894 267913405 14536968232 1669963 0 10538324 0 0 0
1791082714 1785, 2619, 43, 0x0000000000000000 | 9.71 8.46 7.67 | cpu  2136700938 50789894 267913617 14536993286 1669963 0 10538327 0 0 0
1791082715 1785, 2619, 43, 0x0000000000000000 | 9.71 8.46 7.67 | cpu  2136701320 50789894 267913848 14537018686 1669963 0 10538373 0 0 0
1791082716 1785, 2619, 43, 0x0000000000000000 | 9.33 8.40 7.65 | cpu  2136701714 50789894 267914068 14537044546 1669963 0 10538380 0 0 0
1791082717 1785, 2619, 43, 0x0000000000000000 | 9.33 8.40 7.65 | cpu  2136702107 50789894 267914304 14537070728 1669963 0 10538381 0 0 0
1791082718 1785, 2619, 43, 0x0000000000000000 | 9.33 8.40 7.65 | cpu  2136702513 50789894 267914582 14537094916 1669963 0 10538386 0 0 0
1791082720 1785, 2619, 43, 0x0000000000000000 | 9.33 8.40 7.65 | cpu  2136702939 50789894 267914843 14537119898 1669963 0 10538394 0 0 0
1791082721 1785, 2619, 43, 0x0000000000000000 | 8.99 8.34 7.64 | cpu  2136703341 50789894 267915050 14537145241 1669963 0 10538397 0 0 0
1791082722 1785, 2619, 43, 0x0000000000000000 | 8.99 8.34 7.64 | cpu  2136703718 50789895 267915246 14537169816 1669963 0 10538409 0 0 0
1791082723 1785, 2619, 43, 0x0000000000000000 | 8.99 8.34 7.64 | cpu  2136704079 50789895 267915381 14537194470 1669963 0 10538413 0 0 0
1791082724 1785, 2619, 43, 0x0000000000000000 | 8.99 8.34 7.64 | cpu  2136704456 50789895 267915530 14537220328 1669963 0 10538418 0 0 0
1791082725 1785, 2619, 43, 0x0000000000000000 | 8.67 8.29 7.62 | cpu  2136704868 50789895 267915752 14537246887 1669963 0 10538425 0 0 0
1791082727 1785, 2619, 43, 0x0000000000000000 | 8.67 8.29 7.62 | cpu  2136705215 50789895 267915954 14537271960 1669963 0 10538427 0 0 0
1791082728 1785, 2619, 43, 0x0000000000000000 | 8.67 8.29 7.62 | cpu  2136705609 50789895 267916212 14537296499 1669963 0 10538443 0 0 0
1791082729 1785, 2619, 43, 0x0000000000000000 | 8.67 8.29 7.62 | cpu  2136706018 50789895 267916520 14537321318 1669963 0 10538451 0 0 0
1791082730 1785, 2619, 43, 0x0000000000000000 | 8.67 8.29 7.62 | cpu  2136706457 50789895 267916808 14537346345 1669963 0 10538457 0 0 0
1791082731 1785, 2619, 43, 0x0000000000000000 | 8.45 8.25 7.61 | cpu  2136706878 50789895 267917056 14537371860 1669963 0 10538463 0 0 0
1791082732 1785, 2619, 43, 0x0000000000000000 | 8.45 8.25 7.61 | cpu  2136707238 50789895 267917242 14537397089 1669963 0 10538464 0 0 0
1791082733 1785, 2619, 43, 0x0000000000000000 | 8.45 8.25 7.61 | cpu  2136707596 50789896 267917384 14537421647 1669963 0 10538464 0 0 0
1791082735 1785, 2619, 43, 0x0000000000000000 | 8.45 8.25 7.61 | cpu  2136707955 50789896 267917505 14537446285 1669963 0 10538466 0 0 0
1791082736 1785, 2619, 43, 0x0000000000000000 | 8.10 8.18 7.59 | cpu  2136708337 50789896 267917663 14537472288 1669963 0 10538468 0 0 0
1791082737 1785, 2619, 43, 0x0000000000000000 | 8.10 8.18 7.59 | cpu  2136708687 50789896 267917861 14537497573 1669963 0 10538470 0 0 0
1791082738 1785, 2619, 43, 0x0000000000000000 | 8.10 8.18 7.59 | cpu  2136709109 50789896 267918146 14537523134 1669963 0 10538471 0 0 0
1791082739 1785, 2619, 43, 0x0000000000000000 | 8.10 8.18 7.59 | cpu  2136709523 50789896 267918469 14537548502 1669963 0 10538474 0 0 0
1791082740 1785, 2619, 43, 0x0000000000000000 | 8.01 8.16 7.59 | cpu  2136709967 50789896 267918837 14537574181 1669963 0 10538475 0 0 0
1791082742 1785, 2619, 43, 0x0000000000000000 | 8.01 8.16 7.59 | cpu  2136710351 50789896 267919119 14537599254 1669963 0 10538480 0 0 0
1791082743 1785, 2619, 43, 0x0000000000000000 | 8.01 8.16 7.59 | cpu  2136710750 50789896 267919346 14537624642 1669963 0 10538481 0 0 0
1791082744 1785, 2619, 43, 0x0000000000000000 | 8.01 8.16 7.59 | cpu  2136711114 50789896 267919482 14537649260 1669964 0 10538481 0 0 0
1791082745 1785, 2619, 43, 0x0000000000000000 | 8.01 8.16 7.59 | cpu  2136711564 50789896 267919720 14537674504 1669964 0 10538485 0 0 0
1791082746 1785, 2619, 43, 0x0000000000000000 | 7.85 8.12 7.58 | cpu  2136711924 50789896 267919868 14537699500 1669964 0 10538485 0 0 0
1791082747 1785, 2619, 43, 0x0000000000000000 | 7.85 8.12 7.58 | cpu  2136712268 50789896 267920002 14537725267 1669964 0 10538485 0 0 0
1791082749 1785, 2619, 43, 0x0000000000000000 | 7.85 8.12 7.58 | cpu  2136712704 50789896 267920300 14537750762 1669964 0 10538486 0 0 0
1791082750 1785, 2619, 43, 0x0000000000000000 | 7.85 8.12 7.58 | cpu  2136713099 50789896 267920640 14537775553 1669964 0 10538488 0 0 0
1791082751 1785, 2619, 43, 0x0000000000000000 | 7.70 8.09 7.57 | cpu  2136713526 50789896 267920930 14537800766 1669964 0 10538496 0 0 0
1791082752 1785, 2619, 43, 0x0000000000000000 | 7.70 8.09 7.57 | cpu  2136713912 50789896 267921194 14537825667 1669964 0 10538507 0 0 0
1791082753 1785, 2619, 43, 0x0000000000000000 | 7.70 8.09 7.57 | cpu  2136714317 50789896 267921449 14537850786 1669964 0 10538510 0 0 0
1791082754 1785, 2619, 43, 0x0000000000000000 | 7.70 8.09 7.57 | cpu  2136714779 50789896 267921657 14537876556 1669964 0 10538515 0 0 0
1791082756 1785, 2619, 43, 0x0000000000000000 | 7.56 8.05 7.56 | cpu  2136715285 50789896 267921871 14537902485 1669964 0 10538529 0 0 0
1791082757 1785, 2619, 43, 0x0000000000000000 | 7.56 8.05 7.56 | cpu  2136715754 50789896 267922076 14537928468 1669964 0 10538543 0 0 0
1791082758 1785, 2619, 43, 0x0000000000000000 | 7.56 8.05 7.56 | cpu  2136716270 50789896 267922332 14537954184 1669964 0 10538570 0 0 0
1791082759 1785, 2619, 43, 0x0000000000000000 | 7.56 8.05 7.56 | cpu  2136716677 50789896 267922573 14537979086 1669964 0 10538572 0 0 0
1791082760 1785, 2619, 43, 0x0000000000000000 | 7.52 8.03 7.56 | cpu  2136717118 50789896 267922880 14538004469 1669964 0 10538582 0 0 0
1791082761 1785, 2619, 43, 0x0000000000000000 | 7.52 8.03 7.56 | cpu  2136717549 50789896 267923189 14538032154 1669964 0 10538590 0 0 0
1791082763 1785, 2619, 43, 0x0000000000000000 | 7.52 8.03 7.56 | cpu  2136717966 50789896 267923499 14538057436 1669964 0 10538594 0 0 0
1791082764 1785, 2619, 43, 0x0000000000000000 | 7.52 8.03 7.56 | cpu  2136718357 50789896 267923722 14538082895 1669964 0 10538594 0 0 0
1791082765 1785, 2619, 43, 0x0000000000000000 | 7.52 8.03 7.56 | cpu  2136718782 50789896 267923956 14538109158 1669964 0 10538598 0 0 0
1791082766 1785, 2619, 43, 0x0000000000000000 | 7.32 7.98 7.55 | cpu  2136719134 50789896 267924085 14538133766 1669964 0 10538598 0 0 0
1791082767 1785, 2619, 43, 0x0000000000000000 | 7.32 7.98 7.55 | cpu  2136719485 50789896 267924289 14538160108 1669964 0 10538601 0 0 0
1791082769 1785, 2619, 43, 0x0000000000000000 | 7.32 7.98 7.55 | cpu  2136719909 50789896 267924674 14538185750 1669964 0 10538614 0 0 0
1791082770 1785, 2619, 43, 0x0000000000000000 | 7.32 7.98 7.55 | cpu  2136720347 50789896 267925105 14538210381 1669964 0 10538624 0 0 0
1791082771 1785, 2619, 43, 0x0000000000000000 | 7.29 7.97 7.54 | cpu  2136720793 50789899 267925513 14538235849 1669964 0 10538628 0 0 0
1791082772 1785, 2619, 43, 0x0000000000000000 | 7.29 7.97 7.54 | cpu  2136721178 50789899 267925853 14538259851 1669964 0 10538632 0 0 0
1791082773 1785, 2619, 43, 0x0000000000000000 | 7.29 7.97 7.54 | cpu  2136721605 50789899 267926222 14538285133 1669964 0 10538633 0 0 0
1791082774 1785, 2619, 43, 0x0000000000000000 | 7.29 7.97 7.54 | cpu  2136721991 50789899 267926556 14538310222 1669964 0 10538636 0 0 0
1791082775 1785, 2619, 43, 0x0000000000000000 | 7.27 7.95 7.54 | cpu  2136722381 50789899 267926880 14538335212 1669964 0 10538640 0 0 0
1791082777 1785, 2619, 43, 0x0000000000000000 | 7.27 7.95 7.54 | cpu  2136722734 50789899 267927100 14538360302 1669964 0 10538642 0 0 0
1791082778 1785, 2619, 43, 0x0000000000000000 | 7.27 7.95 7.54 | cpu  2136723116 50789899 267927239 14538386535 1669964 0 10538644 0 0 0
1791082779 1785, 2619, 43, 0x0000000000000000 | 7.27 7.95 7.54 | cpu  2136723517 50789899 267927440 14538411556 1669964 0 10538644 0 0 0
1791082780 1785, 2619, 43, 0x0000000000000000 | 7.27 7.95 7.54 | cpu  2136723914 50789900 267927656 14538436522 1669964 0 10538649 0 0 0
1791082781 1785, 2619, 43, 0x0000000000000000 | 7.25 7.93 7.54 | cpu  2136724332 50789900 267927873 14538463443 1669964 0 10538652 0 0 0
1791082782 1785, 2619, 43, 0x0000000000000000 | 7.25 7.93 7.54 | cpu  2136724794 50789900 267928149 14538489548 1669964 0 10538661 0 0 0
1791082784 1785, 2619, 43, 0x0000000000000000 | 7.25 7.93 7.54 | cpu  2136725205 50789900 267928519 14538514296 1669964 0 10538678 0 0 0
1791082785 1785, 2619, 43, 0x0000000000000000 | 7.25 7.93 7.54 | cpu  2136725617 50789900 267928955 14538539459 1669964 0 10538700 0 0 0
1791082786 1785, 2619, 43, 0x0000000000000000 | 7.31 7.94 7.54 | cpu  2136726011 50789900 267929366 14538563326 1669964 0 10538705 0 0 0
1791082787 1785, 2619, 43, 0x0000000000000000 | 7.31 7.94 7.54 | cpu  2136726361 50789900 267929668 14538588086 1669964 0 10538708 0 0 0
1791082788 1785, 2619, 43, 0x0000000000000000 | 7.31 7.94 7.54 | cpu  2136726780 50789900 267930033 14538613881 1669964 0 10538720 0 0 0
1791082789 1785, 2619, 43, 0x0000000000000000 | 7.31 7.94 7.54 | cpu  2136727172 50789900 267930350 14538638674 1669964 0 10538730 0 0 0
1791082791 1785, 2619, 43, 0x0000000000000000 | 7.20 7.90 7.53 | cpu  2136727598 50789900 267930642 14538663499 1669964 0 10538732 0 0 0
1791082792 1785, 2619, 42, 0x0000000000000000 | 7.20 7.90 7.53 | cpu  2136727981 50789900 267930861 14538689319 1669964 0 10538737 0 0 0
1791082793 1785, 2619, 42, 0x0000000000000000 | 7.20 7.90 7.53 | cpu  2136728390 50789900 267931058 14538714654 1669964 0 10538739 0 0 0
1791082794 1785, 2619, 42, 0x0000000000000000 | 7.20 7.90 7.53 | cpu  2136728790 50789900 267931274 14538740121 1669964 0 10538744 0 0 0
1791082795 1785, 2619, 42, 0x0000000000000000 | 7.02 7.85 7.52 | cpu  2136729156 50789900 267931487 14538764714 1669964 0 10538751 0 0 0
1791082796 1785, 2619, 42, 0x0000000000000000 | 7.02 7.85 7.52 | cpu  2136729525 50789900 267931693 14538790971 1669964 0 10538754 0 0 0
1791082798 1785, 2619, 42, 0x0000000000000000 | 7.02 7.85 7.52 | cpu  2136729900 50789901 267931924 14538815961 1669964 0 10538760 0 0 0
1791082799 1785, 2619, 42, 0x0000000000000000 | 7.02 7.85 7.52 | cpu  2136730323 50789901 267932226 14538841123 1669964 0 10538770 0 0 0
1791082800 1785, 2619, 42, 0x0000000000000000 | 7.02 7.85 7.52 | cpu  2136730737 50789901 267932496 14538866470 1669964 0 10538772 0 0 0
1791082801 1785, 2619, 42, 0x0000000000000000 | 6.86 7.81 7.51 | cpu  2136731146 50789902 267932737 14538891322 1669964 0 10538779 0 0 0
1791082802 1785, 2619, 42, 0x0000000000000000 | 6.86 7.81 7.51 | cpu  2136731561 50789902 267932962 14538916267 1669964 0 10538787 0 0 0
1791082803 1785, 2619, 42, 0x0000000000000000 | 6.86 7.81 7.51 | cpu  2136732025 50789902 267933152 14538941743 1669964 0 10538789 0 0 0
1791082804 1785, 2619, 42, 0x0000000000000000 | 6.86 7.81 7.51 | cpu  2136732404 50789902 267933294 14538967525 1669965 0 10538792 0 0 0
1791082806 1785, 2619, 42, 0x0000000000000000 | 6.71 7.76 7.49 | cpu  2136732798 50789902 267933523 14538992588 1669965 0 10538798 0 0 0
1791082807 1785, 2619, 42, 0x0000000000000000 | 6.71 7.76 7.49 | cpu  2136733134 50789902 267933718 14539017008 1669965 0 10538798 0 0 0
1791082808 1785, 2619, 42, 0x0000000000000000 | 6.71 7.76 7.49 | cpu  2136733532 50789902 267933974 14539042550 1669965 0 10538798 0 0 0
1791082809 1785, 2619, 42, 0x0000000000000000 | 6.71 7.76 7.49 | cpu  2136733955 50789902 267934319 14539068620 1669965 0 10538800 0 0 0
1791082810 1785, 2619, 42, 0x0000000000000000 | 6.74 7.75 7.49 | cpu  2136734371 50789902 267934736 14539093387 1669965 0 10538808 0 0 0
1791082811 1785, 2619, 42, 0x0000000000000000 | 6.74 7.75 7.49 | cpu  2136734730 50789902 267935033 14539117747 1669965 0 10538809 0 0 0
1791082813 1785, 2619, 42, 0x0000000000000000 | 6.74 7.75 7.49 | cpu  2136735146 50789902 267935239 14539143633 1669965 0 10538809 0 0 0
1791082814 1785, 2619, 42, 0x0000000000000000 | 6.74 7.75 7.49 | cpu  2136735530 50789903 267935410 14539169499 1669965 0 10538812 0 0 0
1791082815 1785, 2619, 42, 0x0000000000000000 | 6.74 7.75 7.49 | cpu  2136735924 50789904 267935605 14539195293 1669965 0 10538820 0 0 0
1791082816 1785, 2619, 42, 0x0000000000000000 | 6.60 7.70 7.47 | cpu  2136736294 50789904 267935821 14539222625 1669965 0 10538824 0 0 0
1791082817 1785, 2619, 42, 0x0000000000000000 | 6.60 7.70 7.47 | cpu  2136736705 50789904 267936204 14539248452 1669965 0 10538828 0 0 0
1791082819 1785, 2619, 42, 0x0000000000000000 | 6.60 7.70 7.47 | cpu  2136737058 50789904 267936629 14539273752 1669965 0 10538850 0 0 0
1791082820 1785, 2619, 42, 0x0000000000000000 | 6.60 7.70 7.47 | cpu  2136737400 50789904 267937026 14539299955 1669965 0 10538866 0 0 0
1791082821 1785, 2619, 42, 0x0000000000000000 | 7.67 7.91 7.54 | cpu  2136737833 50789904 267937568 14539325178 1669965 0 10538878 0 0 0
1791082822 1785, 2619, 42, 0x0000000000000000 | 7.67 7.91 7.54 | cpu  2136738154 50789904 267937898 14539350315 1669965 0 10538878 0 0 0
1791082823 1785, 2619, 42, 0x0000000000000000 | 7.67 7.91 7.54 | cpu  2136738493 50789904 267938210 14539375147 1669965 0 10538880 0 0 0
1791082824 1785, 2619, 42, 0x0000000000000000 | 7.67 7.91 7.54 | cpu  2136738790 50789904 267939637 14539399175 1669965 0 10538882 0 0 0
1791082826 1785, 2619, 42, 0x0000000000000000 | 7.30 7.82 7.52 | cpu  2136739050 50789904 267939800 14539424724 1669965 0 10538886 0 0 0
1791082827 1785, 2619, 42, 0x0000000000000000 | 7.30 7.82 7.52 | cpu  2136739278 50789904 267939923 14539449821 1669965 0 10538888 0 0 0
1791082828 1785, 2619, 42, 0x0000000000000000 | 7.30 7.82 7.52 | cpu  2136739523 50789904 267940050 14539474984 1669965 0 10538888 0 0 0
1791082829 1785, 2619, 42, 0x0000000000000000 | 7.30 7.82 7.52 | cpu  2136739840 50789904 267940353 14539500852 1669965 0 10538897 0 0 0
1791082830 1785, 2619, 42, 0x0000000000000000 | 7.35 7.83 7.52 | cpu  2136740150 50789904 267940668 14539526706 1669965 0 10538916 0 0 0
1791082831 1785, 2619, 42, 0x0000000000000000 | 7.35 7.83 7.52 | cpu  2136740446 50789904 267941015 14539551933 1669965 0 10538934 0 0 0
1791082833 1785, 2619, 42, 0x0000000000000000 | 7.35 7.83 7.52 | cpu  2136740775 50789904 267941396 14539576341 1669965 0 10538937 0 0 0
1791082834 1785, 2619, 42, 0x0000000000000000 | 7.35 7.83 7.52 | cpu  2136741080 50789904 267941766 14539601208 1669965 0 10538939 0 0 0
1791082835 1785, 2619, 42, 0x0000000000000000 | 7.35 7.83 7.52 | cpu  2136741342 50789904 267942004 14539626305 1669965 0 10538943 0 0 0
1791082836 1785, 2619, 42, 0x0000000000000000 | 7.00 7.75 7.50 | cpu  2136741601 50789904 267942126 14539651918 1669965 0 10538945 0 0 0
1791082837 1785, 2619, 42, 0x0000000000000000 | 7.00 7.75 7.50 | cpu  2136741832 50789904 267942242 14539677753 1669965 0 10538946 0 0 0
1791082838 1785, 2619, 42, 0x0000000000000000 | 7.00 7.75 7.50 | cpu  2136742099 50789904 267942376 14539703341 1669965 0 10538946 0 0 0
1791082839 1785, 2619, 42, 0x0000000000000000 | 7.00 7.75 7.50 | cpu  2136742391 50789905 267942571 14539728175 1669965 0 10538952 0 0 0
1791082841 1785, 2619, 42, 0x0000000000000000 | 6.92 7.72 7.49 | cpu  2136742692 50789905 267942867 14539753102 1669965 0 10538960 0 0 0
1791082842 1785, 2619, 42, 0x0000000000000000 | 6.92 7.72 7.49 | cpu  2136742965 50789905 267943137 14539777915 1669965 0 10538977 0 0 0
1791082843 1785, 2619, 42, 0x0000000000000000 | 6.92 7.72 7.49 | cpu  2136743286 50789905 267943436 14539803740 1669965 0 10538979 0 0 0
1791082844 1785, 2619, 42, 0x0000000000000000 | 6.92 7.72 7.49 | cpu  2136743664 50789905 267943715 14539829578 1669965 0 10538990 0 0 0
1791082845 1785, 2619, 42, 0x0000000000000000 | 6.85 7.69 7.48 | cpu  2136743951 50789905 267943936 14539854961 1669965 0 10538998 0 0 0
1791082846 1785, 2619, 42, 0x0000000000000000 | 6.85 7.69 7.48 | cpu  2136744187 50789905 267944108 14539879992 1669965 0 10539003 0 0 0
1791082848 1785, 2619, 42, 0x0000000000000000 | 6.85 7.69 7.48 | cpu  2136744436 50789905 267944238 14539905679 1669965 0 10539004 0 0 0
1791082849 1785, 2619, 42, 0x0000000000000000 | 6.85 7.69 7.48 | cpu  2136744735 50789905 267944409 14539932562 1669965 0 10539008 0 0 0
1791082850 1785, 2619, 42, 0x0000000000000000 | 6.85 7.69 7.48 | cpu  2136745014 50789905 267944628 14539957604 1669965 0 10539010 0 0 0
1791082851 1785, 2619, 42, 0x0000000000000000 | 6.62 7.63 7.46 | cpu  2136745313 50789905 267944834 14539985684 1669965 0 10539014 0 0 0
1791082852 1785, 2619, 42, 0x0000000000000000 | 6.62 7.63 7.46 | cpu  2136745631 50789905 267945145 14540011875 1669965 0 10539020 0 0 0
1791082854 1785, 2619, 42, 0x0000000000000000 | 6.62 7.63 7.46 | cpu  2136745930 50789905 267945444 14540037259 1669965 0 10539035 0 0 0
1791082855 1785, 2619, 42, 0x0000000000000000 | 6.62 7.63 7.46 | cpu  2136746204 50789905 267945671 14540062768 1669965 0 10539037 0 0 0
1791082856 1785, 2619, 42, 0x0000000000000000 | 6.41 7.57 7.44 | cpu  2136746482 50789905 267945886 14540088302 1669965 0 10539040 0 0 0
1791082857 1785, 2619, 42, 0x0000000000000000 | 6.41 7.57 7.44 | cpu  2136746726 50789905 267946080 14540113217 1669965 0 10539041 0 0 0
1791082858 1785, 2619, 42, 0x0000000000000000 | 6.41 7.57 7.44 | cpu  2136746992 50789906 267946251 14540139719 1669965 0 10539044 0 0 0
1791082859 1785, 2619, 42, 0x0000000000000000 | 6.41 7.57 7.44 | cpu  2136747259 50789906 267946444 14540164594 1669965 0 10539047 0 0 0
1791082860 1785, 2619, 42, 0x0000000000000000 | 6.38 7.54 7.43 | cpu  2136747548 50789906 267946668 14540189684 1669965 0 10539056 0 0 0
1791082862 1785, 2619, 42, 0x0000000000000000 | 6.38 7.54 7.43 | cpu  2136747803 50789906 267946888 14540215190 1669965 0 10539058 0 0 0
1791082863 1785, 2619, 42, 0x0000000000000000 | 6.38 7.54 7.43 | cpu  2136748090 50789906 267947165 14540240798 1669965 0 10539062 0 0 0
1791082864 1785, 2619, 42, 0x0000000000000000 | 6.38 7.54 7.43 | cpu  2136748346 50789906 267947546 14540266673 1669967 0 10539072 0 0 0
1791082865 1785, 2619, 42, 0x0000000000000000 | 6.38 7.54 7.43 | cpu  2136748573 50789906 267947920 14540291646 1669967 0 10539074 0 0 0
1791082866 1785, 2619, 42, 0x0000000000000000 | 6.43 7.53 7.43 | cpu  2136748751 50789906 267948297 14540317082 1669967 0 10539074 0 0 0
1791082867 1785, 2619, 42, 0x0000000000000000 | 6.43 7.53 7.43 | cpu  2136748926 50789906 267948628 14540342976 1669967 0 10539080 0 0 0
1791082869 1785, 2619, 42, 0x0000000000000000 | 6.43 7.53 7.43 | cpu  2136749104 50789906 267948916 14540368086 1669967 0 10539086 0 0 0
1791082870 1785, 2619, 42, 0x0000000000000000 | 6.43 7.53 7.43 | cpu  2136749304 50789906 267949146 14540393579 1669967 0 10539100 0 0 0
1791082871 1785, 2619, 42, 0x0000000000000000 | 6.23 7.47 7.41 | cpu  2136749488 50789906 267949339 14540421688 1669967 0 10539103 0 0 0
1791082872 1785, 2619, 42, 0x0000000000000000 | 6.23 7.47 7.41 | cpu  2136749693 50789906 267949545 14540447166 1669967 0 10539106 0 0 0
1791082873 1785, 2619, 42, 0x0000000000000000 | 6.23 7.47 7.41 | cpu  2136749896 50789906 267949760 14540471887 1669967 0 10539108 0 0 0
1791082874 1785, 2619, 42, 0x0000000000000000 | 6.23 7.47 7.41 | cpu  2136750522 50789906 267950258 14540495215 1669967 0 10539114 0 0 0
1791082876 1785, 2619, 42, 0x0000000000000000 | 6.13 7.43 7.40 | cpu  2136750867 50789906 267950624 14540521138 1669967 0 10539123 0 0 0
1791082877 1785, 2619, 42, 0x0000000000000000 | 6.13 7.43 7.40 | cpu  2136751921 50789906 267951055 14540545815 1669967 0 10539145 0 0 0
1791082878 1785, 2619, 42, 0x0000000000000000 | 6.13 7.43 7.40 | cpu  2136753687 50789906 267952673 14540569081 1669967 0 10539150 0 0 0
1791082879 1785, 2619, 42, 0x0000000000000000 | 6.13 7.43 7.40 | cpu  2136755441 50789906 267954238 14540590858 1669967 0 10539166 0 0 0
1791082880 1785, 2619, 42, 0x0000000000000000 | 6.12 7.41 7.39 | cpu  2136757052 50789906 267955904 14540613791 1669967 0 10539176 0 0 0
1791082881 1785, 2619, 42, 0x0000000000000000 | 6.12 7.41 7.39 | cpu  2136758808 50789906 267957304 14540636121 1669967 0 10539192 0 0 0
1791082883 1785, 2619, 42, 0x0000000000000000 | 6.12 7.41 7.39 | cpu  2136760512 50789906 267958618 14540658574 1669967 0 10539199 0 0 0
1791082884 1785, 2619, 42, 0x0000000000000000 | 6.12 7.41 7.39 | cpu  2136760801 50789906 267961313 14540681072 1669967 0 10539204 0 0 0
1791082885 1785, 2619, 42, 0x0000000000000000 | 6.12 7.41 7.39 | cpu  2136761153 50789906 267964192 14540703242 1669967 0 10539208 0 0 0
1791082886 1785, 2619, 42, 0x0000000000000000 | 5.79 7.32 7.36 | cpu  2136761552 50789906 267967086 14540725663 1669967 0 10539211 0 0 0
1791082887 1785, 2619, 42, 0x0000000000000000 | 5.79 7.32 7.36 | cpu  2136761952 50789906 267970073 14540747815 1669967 0 10539212 0 0 0
1791082888 1785, 2619, 42, 0x0000000000000000 | 5.79 7.32 7.36 | cpu  2136762415 50789907 267971568 14540771263 1669967 0 10539214 0 0 0
1791082889 1785, 2619, 43, 0x0000000000000000 | 5.79 7.32 7.36 | cpu  2136763335 50789907 267973913 14540793316 1669967 0 10539224 0 0 0
1791082891 1785, 2619, 42, 0x0000000000000000 | 5.57 7.25 7.34 | cpu  2136764091 50789907 267975593 14540816173 1669967 0 10539234 0 0 0
1791082892 1785, 2619, 43, 0x0000000000000000 | 5.57 7.25 7.34 | cpu  2136765040 50789907 267977770 14540837915 1669967 0 10539244 0 0 0
1791082893 1785, 2619, 43, 0x0000000000000000 | 5.57 7.25 7.34 | cpu  2136765275 50789907 267978155 14540862282 1669967 0 10539256 0 0 0
1791082894 1785, 2619, 43, 0x0000000000000000 | 5.57 7.25 7.34 | cpu  2136765700 50789907 267979132 14540886887 1669967 0 10539258 0 0 0
1791082895 1785, 2619, 43, 0x0000000000000000 | 5.57 7.25 7.34 | cpu  2136766024 50789907 267979506 14540913021 1669967 0 10539269 0 0 0
1791082896 1785, 2619, 43, 0x0000000000000000 | 5.52 7.21 7.33 | cpu  2136766281 50789907 267979750 14540937892 1669967 0 10539273 0 0 0
1791082897 1785, 2619, 43, 0x0000000000000000 | 5.52 7.21 7.33 | cpu  2136767446 50789907 267981698 14540960599 1669967 0 10539278 0 0 0
1791082899 1785, 2619, 43, 0x0000000000000000 | 5.52 7.21 7.33 | cpu  2136767838 50789907 267982658 14540984902 1669967 0 10539280 0 0 0
1791082900 1785, 2619, 43, 0x0000000000000000 | 5.52 7.21 7.33 | cpu  2136768148 50789907 267982849 14541010547 1669967 0 10539281 0 0 0
1791082901 1785, 2619, 43, 0x0000000000000000 | 5.40 7.15 7.31 | cpu  2136768428 50789908 267983026 14541036343 1669967 0 10539281 0 0 0
1791082902 1785, 2619, 43, 0x0000000000000000 | 5.40 7.15 7.31 | cpu  2136768737 50789908 267983304 14541061237 1669967 0 10539284 0 0 0
1791082903 1785, 2619, 43, 0x0000000000000000 | 5.40 7.15 7.31 | cpu  2136769049 50789908 267983597 14541086342 1669967 0 10539287 0 0 0
1791082904 1785, 2619, 43, 0x0000000000000000 | 5.40 7.15 7.31 | cpu  2136769336 50789908 267983818 14541111376 1669967 0 10539297 0 0 0
1791082906 1785, 2619, 43, 0x0000000000000000 | 14.34 8.98 7.90 | cpu  2136769819 50789908 267985020 14541135545 1669967 0 10539298 0 0 0
1791082907 1785, 2619, 43, 0x0000000000000000 | 14.34 8.98 7.90 | cpu  2136770126 50789908 267986775 14541159379 1669967 0 10539304 0 0 0
1791082908 1785, 2619, 43, 0x0000000000000000 | 14.34 8.98 7.90 | cpu  2136770540 50789908 267989610 14541180738 1669967 0 10539309 0 0 0
1791082909 1785, 2619, 43, 0x0000000000000000 | 14.34 8.98 7.90 | cpu  2136771088 50789908 267992617 14541203550 1669967 0 10539314 0 0 0
1791082910 1785, 2619, 43, 0x0000000000000000 | 14.34 8.98 7.90 | cpu  2136771883 50789908 267993809 14541227090 1669967 0 10539329 0 0 0
1791082911 1785, 2619, 43, 0x0000000000000000 | 13.43 8.88 7.87 | cpu  2136772426 50789908 267995895 14541248697 1669967 0 10539331 0 0 0
1791082912 1785, 2619, 43, 0x0000000000000000 | 13.43 8.88 7.87 | cpu  2136773226 50789908 267997584 14541271608 1669967 0 10539341 0 0 0
1791082914 1785, 2619, 43, 0x0000000000000000 | 13.43 8.88 7.87 | cpu  2136773976 50789908 267999464 14541294416 1669967 0 10539350 0 0 0
1791082915 1785, 2619, 43, 0x0000000000000000 | 13.43 8.88 7.87 | cpu  2136774130 50789908 267999725 14541319850 1669967 0 10539352 0 0 0
1791082916 1785, 2619, 43, 0x0000000000000000 | 12.59 8.78 7.85 | cpu  2136774281 50789908 268000102 14541345420 1669967 0 10539352 0 0 0
1791082917 1785, 2619, 43, 0x0000000000000000 | 12.59 8.78 7.85 | cpu  2136774684 50789908 268000901 14541369360 1669967 0 10539355 0 0 0
1791082918 1785, 2619, 43, 0x0000000000000000 | 12.59 8.78 7.85 | cpu  2136774967 50789909 268001106 14541394060 1669967 0 10539359 0 0 0
1791082919 1785, 2619, 43, 0x0000000000000000 | 12.59 8.78 7.85 | cpu  2136775292 50789909 268001380 14541419464 1669967 0 10539378 0 0 0
1791082920 1785, 2619, 43, 0x0000000000000000 | 11.83 8.68 7.82 | cpu  2136776305 50789909 268003490 14541441264 1669967 0 10539385 0 0 0
1791082922 1785, 2619, 43, 0x0000000000000000 | 11.83 8.68 7.82 | cpu  2136776906 50789909 268004473 14541464972 1669967 0 10539394 0 0 0
1791082923 1785, 2619, 43, 0x0000000000000000 | 11.83 8.68 7.82 | cpu  2136777223 50789909 268004756 14541490403 1669967 0 10539408 0 0 0
1791082924 1785, 2619, 43, 0x0000000000000000 | 11.83 8.68 7.82 | cpu  2136777514 50789909 268004930 14541515421 1669967 0 10539409 0 0 0
1791082925 1785, 2619, 43, 0x0000000000000000 | 11.83 8.68 7.82 | cpu  2136777770 50789909 268005051 14541540275 1669969 0 10539412 0 0 0
1791082926 1785, 2619, 43, 0x0000000000000000 | 11.20 8.61 7.80 | cpu  2136777999 50789909 268005154 14541565076 1669969 0 10539412 0 0 0
1791082927 1785, 2619, 43, 0x0000000000000000 | 11.20 8.61 7.80 | cpu  2136778259 50789909 268005263 14541590162 1669969 0 10539414 0 0 0
1791082928 1785, 2619, 43, 0x0000000000000000 | 11.20 8.61 7.80 | cpu  2136778697 50789909 268005564 14541615704 1669969 0 10539436 0 0 0
1791082930 1785, 2619, 43, 0x0000000000000000 | 11.20 8.61 7.80 | cpu  2136779907 50789909 268008032 14541638114 1669969 0 10539464 0 0 0
1791082931 1785, 2619, 43, 0x0000000000000000 | 10.86 8.58 7.79 | cpu  2136780474 50789909 268009181 14541663823 1669969 0 10539497 0 0 0
1791082932 1785, 2619, 43, 0x0000000000000000 | 10.86 8.58 7.79 | cpu  2136780992 50789909 268009635 14541688022 1669969 0 10539514 0 0 0
1791082933 1785, 2619, 43, 0x0000000000000000 | 10.86 8.58 7.79 | cpu  2136781330 50789909 268009990 14541713064 1669969 0 10539519 0 0 0
1791082934 1785, 2619, 43, 0x0000000000000000 | 10.86 8.58 7.79 | cpu  2136781788 50789909 268010346 14541736966 1669969 0 10539525 0 0 0
1791082935 1785, 2619, 43, 0x0000000000000000 | 10.31 8.50 7.77 | cpu  2136782307 50789909 268010683 14541761703 1669969 0 10539526 0 0 0
1791082936 1785, 2619, 43, 0x0000000000000000 | 10.31 8.50 7.77 | cpu  2136782540 50789910 268010826 14541787118 1669969 0 10539528 0 0 0
1791082938 1785, 2619, 43, 0x0000000000000000 | 10.31 8.50 7.77 | cpu  2136783134 50789910 268012432 14541811708 1669969 0 10539528 0 0 0
1791082939 1785, 2619, 43, 0x0000000000000000 | 10.31 8.50 7.77 | cpu  2136783462 50789910 268012647 14541836571 1669969 0 10539529 0 0 0
1791082940 1785, 2619, 43, 0x0000000000000000 | 10.31 8.50 7.77 | cpu  2136783957 50789910 268013042 14541861418 1669969 0 10539539 0 0 0
1791082941 1785, 2619, 43, 0x0000000000000000 | 9.97 8.46 7.76 | cpu  2136784482 50789910 268013499 14541885334 1669969 0 10539550 0 0 0
1791082942 1785, 2619, 43, 0x0000000000000000 | 9.97 8.46 7.76 | cpu  2136784788 50789910 268013840 14541910000 1669969 0 10539557 0 0 0
1791082943 1785, 2619, 43, 0x0000000000000000 | 9.97 8.46 7.76 | cpu  2136785262 50789910 268014346 14541933844 1669969 0 10539571 0 0 0
1791082944 1785, 2619, 43, 0x0000000000000000 | 9.97 8.46 7.76 | cpu  2136785559 50789910 268014884 14541959175 1669969 0 10539582 0 0 0
1791082946 1785, 2619, 43, 0x0000000000000000 | 9.97 8.49 7.78 | cpu  2136786074 50789910 268015326 14541985156 1669969 0 10539610 0 0 0
1791082947 1785, 2619, 43, 0x0000000000000000 | 9.97 8.49 7.78 | cpu  2136786622 50789910 268015730 14542009647 1669969 0 10539636 0 0 0
1791082948 1785, 2619, 43, 0x0000000000000000 | 9.97 8.49 7.78 | cpu  2136787161 50789910 268015986 14542034270 1669969 0 10539642 0 0 0
1791082949 1785, 2619, 43, 0x0000000000000000 | 9.97 8.49 7.78 | cpu  2136787571 50789910 268016263 14542058761 1669969 0 10539646 0 0 0
1791082950 1785, 2619, 43, 0x0000000000000000 | 9.97 8.49 7.78 | cpu  2136788316 50789910 268016567 14542083038 1669969 0 10539651 0 0 0
1791082951 1785, 2619, 43, 0x0000000000000000 | 9.65 8.45 7.77 | cpu  2136790537 50789910 268016798 14542106562 1669969 0 10539655 0 0 0
1791082953 1785, 2619, 43, 0x0000000000000000 | 9.65 8.45 7.77 | cpu  2136793922 50789911 268017052 14542129681 1669969 0 10539659 0 0 0
1791082954 1785, 2619, 43, 0x0000000000000000 | 9.65 8.45 7.77 | cpu  2136796577 50789911 268017292 14542152644 1669969 0 10539675 0 0 0
1791082955 1785, 2619, 43, 0x0000000000000000 | 9.65 8.45 7.77 | cpu  2136796847 50789911 268017546 14542178035 1669969 0 10539687 0 0 0
1791082956 1785, 2619, 43, 0x0000000000000000 | 9.20 8.37 7.75 | cpu  2136797092 50789911 268017740 14542202835 1669969 0 10539687 0 0 0
1791082957 1785, 2619, 43, 0x0000000000000000 | 9.20 8.37 7.75 | cpu  2136797394 50789911 268017974 14542228159 1669969 0 10539690 0 0 0
1791082958 1785, 2619, 43, 0x0000000000000000 | 9.20 8.37 7.75 | cpu  2136797679 50789911 268018206 14542254237 1669969 0 10539696 0 0 0
1791082960 1785, 2619, 43, 0x0000000000000000 | 9.20 8.37 7.75 | cpu  2136797985 50789911 268018567 14542279623 1669969 0 10539703 0 0 0
1791082961 1785, 2619, 43, 0x0000000000000000 | 8.94 8.33 7.74 | cpu  2136798251 50789911 268018940 14542304277 1669969 0 10539704 0 0 0
1791082962 1785, 2619, 43, 0x0000000000000000 | 8.94 8.33 7.74 | cpu  2136798569 50789911 268019349 14542329801 1669969 0 10539704 0 0 0
1791082963 1785, 2619, 43, 0x0000000000000000 | 8.94 8.33 7.74 | cpu  2136798888 50789911 268019666 14542355502 1669969 0 10539704 0 0 0
1791082964 1785, 2619, 43, 0x0000000000000000 | 8.94 8.33 7.74 | cpu  2136799173 50789911 268019968 14542381047 1669969 0 10539704 0 0 0
1791082965 1785, 2619, 43, 0x0000000000000000 | 8.71 8.29 7.73 | cpu  2136799466 50789911 268020286 14542405946 1669969 0 10539706 0 0 0
1791082966 1785, 2619, 43, 0x0000000000000000 | 8.71 8.29 7.73 | cpu  2136799704 50789911 268020578 14542430924 1669969 0 10539706 0 0 0
1791082968 1785, 2619, 43, 0x0000000000000000 | 8.71 8.29 7.73 | cpu  2136799986 50789911 268020835 14542456323 1669969 0 10539709 0 0 0
1791082969 1785, 2619, 43, 0x0000000000000000 | 8.71 8.29 7.73 | cpu  2136800258 50789911 268021059 14542481862 1669969 0 10539712 0 0 0
1791082970 1785, 2619, 43, 0x0000000000000000 | 8.71 8.29 7.73 | cpu  2136800570 50789911 268021370 14542507143 1669969 0 10539717 0 0 0
1791082971 1785, 2619, 43, 0x0000000000000000 | 8.49 8.25 7.72 | cpu  2136800838 50789911 268021614 14542532186 1669969 0 10539719 0 0 0
1791082972 1785, 2619, 43, 0x0000000000000000 | 8.49 8.25 7.72 | cpu  2136801151 50789911 268021846 14542557655 1669969 0 10539726 0 0 0
1791082973 1785, 2619, 43, 0x0000000000000000 | 8.49 8.25 7.72 | cpu  2136801440 50789911 268022078 14542582611 1669969 0 10539730 0 0 0
1791082975 1785, 2619, 43, 0x0000000000000000 | 8.49 8.25 7.72 | cpu  2136801710 50789911 268022268 14542607893 1669969 0 10539731 0 0 0
1791082976 1785, 2619, 43, 0x0000000000000000 | 8.05 8.17 7.69 | cpu  2136801935 50789911 268022376 14542633037 1669969 0 10539732 0 0 0
1791082977 1785, 2619, 43, 0x0000000000000000 | 8.05 8.17 7.69 | cpu  2136802228 50789911 268022591 14542658107 1669969 0 10539734 0 0 0
1791082978 1785, 2619, 43, 0x0000000000000000 | 8.05 8.17 7.69 | cpu  2136802503 50789911 268022810 14542683676 1669969 0 10539734 0 0 0
1791082979 1785, 2619, 43, 0x0000000000000000 | 8.05 8.17 7.69 | cpu  2136802786 50789911 268023058 14542709231 1669969 0 10539734 0 0 0
1791082980 1785, 2619, 43, 0x0000000000000000 | 7.89 8.13 7.68 | cpu  2136803114 50789911 268023383 14542737403 1669969 0 10539745 0 0 0
1791082982 1785, 2619, 43, 0x0000000000000000 | 7.89 8.13 7.68 | cpu  2136803417 50789911 268023680 14542762449 1669969 0 10539747 0 0 0
1791082983 1785, 2619, 43, 0x0000000000000000 | 7.89 8.13 7.68 | cpu  2136803712 50789911 268023928 14542787494 1669969 0 10539747 0 0 0
1791082984 1785, 2619, 43, 0x0000000000000000 | 7.89 8.13 7.68 | cpu  2136803999 50789911 268024134 14542812533 1669970 0 10539747 0 0 0
1791082985 1785, 2619, 43, 0x0000000000000000 | 7.89 8.13 7.68 | cpu  2136804260 50789911 268024255 14542837748 1669970 0 10539747 0 0 0
1791082986 1785, 2619, 43, 0x0000000000000000 | 7.49 8.05 7.66 | cpu  2136804480 50789911 268024367 14542862780 1669970 0 10539747 0 0 0
1791082987 1785, 2619, 43, 0x0000000000000000 | 7.49 8.05 7.66 | cpu  2136804733 50789911 268024516 14542888646 1669970 0 10539748 0 0 0
1791082989 1785, 2619, 43, 0x0000000000000000 | 7.49 8.05 7.66 | cpu  2136805015 50789911 268024755 14542914144 1669970 0 10539753 0 0 0
1791082990 1785, 2619, 43, 0x0000000000000000 | 7.49 8.05 7.66 | cpu  2136805319 50789912 268025044 14542939649 1669970 0 10539756 0 0 0
1791082991 1785, 2619, 43, 0x0000000000000000 | 7.45 8.03 7.65 | cpu  2136805579 50789912 268025370 14542964157 1669970 0 10539764 0 0 0
1791082992 1785, 2619, 43, 0x0000000000000000 | 7.45 8.03 7.65 | cpu  2136805911 50789912 268025747 14542988965 1669970 0 10539766 0 0 0
1791082993 1785, 2619, 43, 0x0000000000000000 | 7.45 8.03 7.65 | cpu  2136806229 50789912 268026132 14543014271 1669970 0 10539769 0 0 0
1791082994 1785, 2619, 43, 0x0000000000000000 | 7.45 8.03 7.65 | cpu  2136806529 50789912 268026382 14543039300 1669970 0 10539776 0 0 0
1791082996 1785, 2619, 43, 0x0000000000000000 | 7.18 7.96 7.63 | cpu  2136806774 50789912 268026510 14543067068 1669970 0 10539776 0 0 0
1791082997 1785, 2619, 43, 0x0000000000000000 | 7.18 7.96 7.63 | cpu  2136807022 50789912 268026644 14543092751 1669970 0 10539776 0 0 0
1791082998 1785, 2619, 43, 0x0000000000000000 | 7.18 7.96 7.63 | cpu  2136807271 50789912 268026773 14543118165 1669970 0 10539777 0 0 0
1791082999 1785, 2619, 43, 0x0000000000000000 | 7.18 7.96 7.63 | cpu  2136807541 50789912 268026934 14543144214 1669970 0 10539777 0 0 0
1791083000 1785, 2619, 43, 0x0000000000000000 | 7.18 7.96 7.63 | cpu  2136807917 50789912 268027245 14543169575 1669970 0 10539778 0 0 0
1791083001 1785, 2619, 43, 0x0000000000000000 | 7.00 7.91 7.62 | cpu  2136808173 50789912 268027516 14543193921 1669970 0 10539780 0 0 0
1791083002 1785, 2619, 43, 0x0000000000000000 | 7.00 7.91 7.62 | cpu  2136808488 50789913 268027817 14543219707 1669970 0 10539784 0 0 0
1791083004 1785, 2619, 43, 0x0000000000000000 | 7.00 7.91 7.62 | cpu  2136808805 50789914 268028120 14543245234 1669970 0 10539784 0 0 0
1791083005 1785, 2619, 43, 0x0000000000000000 | 7.00 7.91 7.62 | cpu  2136809090 50789914 268028451 14543269769 1669970 0 10539796 0 0 0
1791083006 1785, 2619, 43, 0x0000000000000000 | 6.92 7.88 7.61 | cpu  2136809336 50789914 268028683 14543295507 1669970 0 10539799 0 0 0
1791083007 1785, 2619, 43, 0x0000000000000000 | 6.92 7.88 7.61 | cpu  2136809581 50789914 268028803 14543320357 1669970 0 10539799 0 0 0
1791083008 1785, 2619, 43, 0x0000000000000000 | 6.92 7.88 7.61 | cpu  2136809840 50789914 268028929 14543345926 1669970 0 10539800 0 0 0
1791083009 1785, 2619, 43, 0x0000000000000000 | 6.92 7.88 7.61 | cpu  2136810097 50789914 268029071 14543371487 1669970 0 10539800 0 0 0
1791083011 1785, 2619, 43, 0x0000000000000000 | 6.69 7.82 7.59 | cpu  2136810374 50789914 268029297 14543397765 1669970 0 10539806 0 0 0
1791083012 1785, 2619, 43, 0x0000000000000000 | 6.69 7.82 7.59 | cpu  2136810690 50789915 268029597 14543423188 1669970 0 10539811 0 0 0
1791083013 1785, 2619, 43, 0x0000000000000000 | 6.69 7.82 7.59 | cpu  2136810994 50789916 268029912 14543449073 1669970 0 10539822 0 0 0
1791083014 1785, 2619, 43, 0x0000000000000000 | 6.69 7.82 7.59 | cpu  2136811309 50789916 268030214 14543474323 1669970 0 10539824 0 0 0
1791083015 1785, 2619, 43, 0x0000000000000000 | 6.39 7.74 7.56 | cpu  2136811590 50789916 268030456 14543502867 1669970 0 10539830 0 0 0
1791083017 1785, 2619, 43, 0x0000000000000000 | 6.39 7.74 7.56 | cpu  2136811857 50789916 268030674 14543527898 1669970 0 10539831 0 0 0
1791083018 1785, 2619, 43, 0x0000000000000000 | 6.39 7.74 7.56 | cpu  2136812115 50789916 268030828 14543553955 1669970 0 10539832 0 0 0
1791083019 1785, 2619, 43, 0x0000000000000000 | 6.39 7.74 7.56 | cpu  2136812394 50789916 268030983 14543580691 1669970 0 10539838 0 0 0
1791083020 1785, 2619, 43, 0x0000000000000000 | 6.39 7.74 7.56 | cpu  2136812670 50789916 268031162 14543605808 1669970 0 10539840 0 0 0
1791083021 1785, 2619, 43, 0x0000000000000000 | 6.20 7.67 7.55 | cpu  2136812932 50789916 268031362 14543631038 1669970 0 10539844 0 0 0
1791083022 1785, 2619, 43, 0x0000000000000000 | 6.20 7.67 7.55 | cpu  2136813247 50789916 268031637 14543656500 1669970 0 10539847 0 0 0
1791083024 1785, 2619, 43, 0x0000000000000000 | 6.20 7.67 7.55 | cpu  2136813565 50789916 268031924 14543681416 1669970 0 10539850 0 0 0
1791083025 1785, 2619, 43, 0x0000000000000000 | 6.20 7.67 7.55 | cpu  2136813868 50789916 268032217 14543706755 1669970 0 10539858 0 0 0
1791083026 1785, 2619, 43, 0x0000000000000000 | 6.02 7.61 7.53 | cpu  2136814108 50789916 268032407 14543731140 1669970 0 10539865 0 0 0
1791083027 1785, 2619, 43, 0x0000000000000000 | 6.02 7.61 7.53 | cpu  2136814380 50789916 268032625 14543756436 1669970 0 10539867 0 0 0
1791083028 1785, 2619, 43, 0x0000000000000000 | 6.02 7.61 7.53 | cpu  2136814645 50789916 268032846 14543781708 1669970 0 10539874 0 0 0
1791083029 1785, 2619, 43, 0x0000000000000000 | 6.02 7.61 7.53 | cpu  2136814907 50789916 268032980 14543807528 1669970 0 10539878 0 0 0
1791083030 1785, 2619, 43, 0x0000000000000000 | 5.94 7.57 7.51 | cpu  2136815154 50789916 268033160 14543832112 1669970 0 10539883 0 0 0
1791083032 1785, 2619, 43, 0x0000000000000000 | 5.94 7.57 7.51 | cpu  2136815433 50789916 268033358 14543856789 1669970 0 10539883 0 0 0
1791083033 1785, 2619, 43, 0x0000000000000000 | 5.94 7.57 7.51 | cpu  2136815713 50789917 268033557 14543881362 1669970 0 10539885 0 0 0
1791083034 1785, 2619, 43, 0x0000000000000000 | 5.94 7.57 7.51 | cpu  2136816035 50789917 268033814 14543906953 1669970 0 10539890 0 0 0
1791083035 1785, 2619, 43, 0x0000000000000000 | 5.94 7.57 7.51 | cpu  2136816319 50789917 268034061 14543931878 1669970 0 10539892 0 0 0
1791083036 1785, 2619, 43, 0x0000000000000000 | 6.03 7.56 7.51 | cpu  2136816571 50789917 268034266 14543957292 1669970 0 10539893 0 0 0
1791083037 1785, 2619, 43, 0x0000000000000000 | 6.03 7.56 7.51 | cpu  2136816848 50789917 268034499 14543982653 1669970 0 10539902 0 0 0
1791083038 1785, 2619, 43, 0x0000000000000000 | 6.03 7.56 7.51 | cpu  2136817143 50789917 268034734 14544007777 1669970 0 10539910 0 0 0
1791083040 1785, 2619, 43, 0x0000000000000000 | 6.03 7.56 7.51 | cpu  2136817450 50789917 268035126 14544033112 1669970 0 10539928 0 0 0
1791083041 1785, 2619, 43, 0x0000000000000000 | 6.18 7.57 7.51 | cpu  2136817725 50789917 268035495 14544057815 1669970 0 10539942 0 0 0
1791083042 1785, 2619, 43, 0x0000000000000000 | 6.18 7.57 7.51 | cpu  2136818037 50789917 268035896 14544082674 1669970 0 10539944 0 0 0
1791083043 1785, 2619, 43, 0x0000000000000000 | 6.18 7.57 7.51 | cpu  2136818326 50789917 268036195 14544107140 1669970 0 10539947 0 0 0
1791083044 1785, 2619, 43, 0x0000000000000000 | 6.18 7.57 7.51 | cpu  2136818658 50789917 268036507 14544132799 1669971 0 10539960 0 0 0
1791083045 1785, 2619, 43, 0x0000000000000000 | 6.25 7.56 7.51 | cpu  2136818933 50789917 268036796 14544158861 1669971 0 10539966 0 0 0
1791083047 1785, 2619, 43, 0x0000000000000000 | 6.25 7.56 7.51 | cpu  2136819220 50789917 268037058 14544185155 1669971 0 10539980 0 0 0
1791083048 1785, 2619, 43, 0x0000000000000000 | 6.25 7.56 7.51 | cpu  2136819484 50789917 268037280 14544210243 1669971 0 10539985 0 0 0
1791083049 1785, 2619, 43, 0x0000000000000000 | 6.25 7.56 7.51 | cpu  2136819743 50789917 268037499 14544234892 1669971 0 10539989 0 0 0
1791083050 1785, 2619, 43, 0x0000000000000000 | 6.25 7.56 7.51 | cpu  2136820054 50789917 268037865 14544261273 1669971 0 10540006 0 0 0
1791083051 1785, 2619, 43, 0x0000000000000000 | 6.23 7.53 7.50 | cpu  2136820305 50789917 268038132 14544286527 1669971 0 10540011 0 0 0
1791083052 1785, 2619, 43, 0x0000000000000000 | 6.23 7.53 7.50 | cpu  2136820596 50789917 268038319 14544311154 1669971 0 10540012 0 0 0
1791083054 1785, 2619, 42, 0x0000000000000000 | 6.23 7.53 7.50 | cpu  2136820891 50789917 268038515 14544336410 1669971 0 10540012 0 0 0
1791083055 1785, 2619, 43, 0x0000000000000000 | 6.23 7.53 7.50 | cpu  2136821167 50789917 268038709 14544361877 1669971 0 10540015 0 0 0
1791083056 1785, 2619, 42, 0x0000000000000000 | 6.05 7.47 7.48 | cpu  2136821382 50789917 268038825 14544387043 1669971 0 10540017 0 0 0
1791083057 1785, 2619, 42, 0x0000000000000000 | 6.05 7.47 7.48 | cpu  2136821696 50789918 268039051 14544412296 1669971 0 10540022 0 0 0
1791083058 1785, 2619, 42, 0x0000000000000000 | 6.05 7.47 7.48 | cpu  2136821963 50789918 268039266 14544436975 1669971 0 10540034 0 0 0
1791083059 1785, 2619, 42, 0x0000000000000000 | 6.05 7.47 7.48 | cpu  2136822238 50789918 268039485 14544462448 1669971 0 10540038 0 0 0
1791083060 1785, 2619, 42, 0x0000000000000000 | 6.05 7.45 7.47 | cpu  2136822510 50789918 268039757 14544487313 1669971 0 10540040 0 0 0
1791083062 1785, 2619, 42, 0x0000000000000000 | 6.05 7.45 7.47 | cpu  2136822818 50789918 268040056 14544512581 1669971 0 10540046 0 0 0
1791083063 1785, 2619, 42, 0x0000000000000000 | 6.05 7.45 7.47 | cpu  2136823131 50789918 268040342 14544538537 1669971 0 10540054 0 0 0
1791083064 1785, 2619, 42, 0x0000000000000000 | 6.05 7.45 7.47 | cpu  2136823424 50789918 268040542 14544563830 1669971 0 10540057 0 0 0
1791083065 1785, 2619, 42, 0x0000000000000000 | 6.05 7.45 7.47 | cpu  2136823694 50789918 268040707 14544593358 1669971 0 10540060 0 0 0
1791083066 1785, 2619, 42, 0x0000000000000000 | 5.80 7.37 7.45 | cpu  2136823946 50789918 268040834 14544618543 1669971 0 10540065 0 0 0
1791083068 1785, 2619, 42, 0x0000000000000000 | 5.80 7.37 7.45 | cpu  2136824247 50789918 268040983 14544645224 1669971 0 10540071 0 0 0
1791083069 1785, 2619, 42, 0x0000000000000000 | 5.80 7.37 7.45 | cpu  2136824533 50789918 268041214 14544670939 1669971 0 10540077 0 0 0
1791083070 1785, 2619, 42, 0x0000000000000000 | 5.80 7.37 7.45 | cpu  2136824838 50789918 268041570 14544695916 1669971 0 10540087 0 0 0
1791083071 1785, 2619, 42, 0x0000000000000000 | 5.82 7.35 7.44 | cpu  2136825114 50789918 268041946 14544721098 1669971 0 10540095 0 0 0
1791083072 1785, 2619, 42, 0x0000000000000000 | 5.82 7.35 7.44 | cpu  2136825426 50789918 268042242 14544746373 1669971 0 10540102 0 0 0
1791083073 1785, 2619, 42, 0x0000000000000000 | 5.82 7.35 7.44 | cpu  2136825732 50789919 268042538 14544771329 1669971 0 10540109 0 0 0
1791083075 1785, 2619, 42, 0x0000000000000000 | 5.82 7.35 7.44 | cpu  2136826036 50789919 268042831 14544796998 1669971 0 10540112 0 0 0
1791083076 1785, 2619, 42, 0x0000000000000000 | 5.59 7.28 7.42 | cpu  2136826255 50789919 268042952 14544821941 1669971 0 10540113 0 0 0
1791083077 1785, 2619, 42, 0x0000000000000000 | 5.59 7.28 7.42 | cpu  2136826510 50789919 268043080 14544847708 1669971 0 10540114 0 0 0
1791083078 1785, 2619, 42, 0x0000000000000000 | 5.59 7.28 7.42 | cpu  2136826761 50789919 268043208 14544873434 1669971 0 10540115 0 0 0
1791083079 1785, 2619, 42, 0x0000000000000000 | 5.59 7.28 7.42 | cpu  2136827021 50789919 268043350 14544899044 1669971 0 10540122 0 0 0
1791083080 1785, 2619, 42, 0x0000000000000000 | 5.63 7.26 7.41 | cpu  2136827280 50789920 268043599 14544924758 1669971 0 10540136 0 0 0
1791083082 1785, 2619, 42, 0x0000000000000000 | 5.63 7.26 7.41 | cpu  2136827589 50789920 268043916 14544950692 1669971 0 10540150 0 0 0
1791083083 1785, 2619, 42, 0x0000000000000000 | 5.63 7.26 7.41 | cpu  2136827912 50789920 268044205 14544976091 1669971 0 10540157 0 0 0
1791083084 1785, 2619, 42, 0x0000000000000000 | 5.63 7.26 7.41 | cpu  2136828233 50789920 268044510 14545001584 1669971 0 10540165 0 0 0
1791083085 1785, 2619, 42, 0x0000000000000000 | 5.63 7.26 7.41 | cpu  2136828543 50789921 268044810 14545029354 1669971 0 10540188 0 0 0
1791083086 1785, 2619, 42, 0x0000000000000000 | 5.50 7.20 7.39 | cpu  2136828815 50789921 268045031 14545055880 1669971 0 10540192 0 0 0
1791083088 1785, 2619, 42, 0x0000000000000000 | 5.50 7.20 7.39 | cpu  2136829078 50789922 268045269 14545081742 1669971 0 10540193 0 0 0
1791083089 1785, 2619, 42, 0x0000000000000000 | 5.50 7.20 7.39 | cpu  2136829325 50789922 268045501 14545106357 1669971 0 10540195 0 0 0
1791083090 1785, 2619, 42, 0x0000000000000000 | 5.50 7.20 7.39 | cpu  2136829590 50789922 268045737 14545131428 1669971 0 10540199 0 0 0
1791083091 1785, 2619, 42, 0x0000000000000000 | 5.45 7.16 7.38 | cpu  2136829868 50789922 268046022 14545156222 1669971 0 10540214 0 0 0
1791083092 1785, 2619, 42, 0x0000000000000000 | 5.45 7.16 7.38 | cpu  2136830186 50789922 268046412 14545181119 1669971 0 10540224 0 0 0
1791083093 1785, 2619, 42, 0x0000000000000000 | 5.45 7.16 7.38 | cpu  2136830501 50789922 268046823 14545206406 1669971 0 10540228 0 0 0
1791083094 1785, 2619, 42, 0x0000000000000000 | 5.45 7.16 7.38 | cpu  2136830839 50789922 268047154 14545231775 1669971 0 10540232 0 0 0
1791083096 1785, 2619, 42, 0x0000000000000000 | 5.34 7.11 7.36 | cpu  2136831096 50789922 268047399 14545257087 1669971 0 10540233 0 0 0
1791083097 1785, 2619, 42, 0x0000000000000000 | 5.34 7.11 7.36 | cpu  2136831377 50789922 268047626 14545283073 1669971 0 10540237 0 0 0
1791083098 1785, 2619, 42, 0x0000000000000000 | 5.34 7.11 7.36 | cpu  2136831634 50789922 268047800 14545307829 1669971 0 10540238 0 0 0
1791083099 1785, 2619, 42, 0x0000000000000000 | 5.34 7.11 7.36 | cpu  2136831900 50789923 268047928 14545334200 1669971 0 10540242 0 0 0
1791083100 1785, 2619, 42, 0x0000000000000000 | 5.34 7.11 7.36 | cpu  2136832137 50789923 268048050 14545359384 1669971 0 10540243 0 0 0
1791083101 1785, 2619, 42, 0x0000000000000000 | 5.23 7.06 7.34 | cpu  2136832610 50789923 268048350 14545385789 1669971 0 10540252 0 0 0
1791083103 1785, 2619, 42, 0x0000000000000000 | 5.23 7.06 7.34 | cpu  2136833050 50789923 268048788 14545411820 1669971 0 10540287 0 0 0
1791083104 1785, 2619, 42, 0x0000000000000000 | 5.23 7.06 7.34 | cpu  2136833507 50789923 268049345 14545437853 1669972 0 10540335 0 0 0
1791083105 1785, 2619, 42, 0x0000000000000000 | 5.23 7.06 7.34 | cpu  2136833791 50789923 268049869 14545465275 1669972 0 10540357 0 0 0
1791083106 1785, 2619, 42, 0x0000000000000000 | 5.21 7.03 7.33 | cpu  2136834158 50789923 268050822 14545489641 1669972 0 10540370 0 0 0
1791083107 1785, 2619, 42, 0x0000000000000000 | 5.21 7.03 7.33 | cpu  2136835195 50789923 268053017 14545512626 1669972 0 10540372 0 0 0
1791083109 1785, 2619, 42, 0x0000000000000000 | 5.21 7.03 7.33 | cpu  2136835720 50789923 268053800 14545536612 1669972 0 10540379 0 0 0
1791083110 1785, 2619, 42, 0x0000000000000000 | 5.21 7.03 7.33 | cpu  2136836272 50789923 268054050 14545562136 1669972 0 10540388 0 0 0
1791083111 1785, 2619, 42, 0x0000000000000000 | 5.28 7.01 7.32 | cpu  2136836936 50789923 268054260 14545587274 1669972 0 10540392 0 0 0
1791083112 1785, 2619, 42, 0x0000000000000000 | 5.28 7.01 7.32 | cpu  2136837238 50789923 268054464 14545612729 1669972 0 10540395 0 0 0
1791083113 1785, 2619, 42, 0x0000000000000000 | 5.28 7.01 7.32 | cpu  2136837534 50789923 268054648 14545637819 1669972 0 10540396 0 0 0
1791083114 1785, 2619, 42, 0x0000000000000000 | 5.28 7.01 7.32 | cpu  2136837830 50789923 268054835 14545662402 1669972 0 10540399 0 0 0
1791083116 1785, 2619, 42, 0x0000000000000000 | 5.17 6.96 7.30 | cpu  2136838079 50789923 268055007 14545686896 1669972 0 10540400 0 0 0
1791083117 1785, 2619, 42, 0x0000000000000000 | 5.17 6.96 7.30 | cpu  2136838390 50789924 268055244 14545713655 1669972 0 10540408 0 0 0
1791083118 1785, 2619, 42, 0x0000000000000000 | 5.17 6.96 7.30 | cpu  2136838671 50789924 268055449 14545738662 1669972 0 10540413 0 0 0
1791083119 1785, 2619, 42, 0x0000000000000000 | 5.17 6.96 7.30 | cpu  2136839012 50789924 268055705 14545765341 1669972 0 10540421 0 0 0
1791083120 1785, 2619, 42, 0x0000000000000000 | 5.17 6.96 7.30 | cpu  2136839271 50789924 268055904 14545790567 1669972 0 10540424 0 0 0
1791083121 1785, 2619, 42, 0x0000000000000000 | 5.16 6.93 7.29 | cpu  2136839599 50789924 268056187 14545815828 1669972 0 10540431 0 0 0
1791083123 1785, 2619, 42, 0x0000000000000000 | 5.16 6.93 7.29 | cpu  2136839887 50789924 268056390 14545840376 1669972 0 10540431 0 0 0
1791083124 1785, 2619, 42, 0x0000000000000000 | 5.16 6.93 7.29 | cpu  2136840183 50789924 268056583 14545865510 1669972 0 10540432 0 0 0
1791083125 1785, 2619, 42, 0x0000000000000000 | 5.16 6.93 7.29 | cpu  2136840495 50789924 268056766 14545891094 1669972 0 10540432 0 0 0
1791083126 1785, 2619, 42, 0x0000000000000000 | 4.99 6.86 7.27 | cpu  2136840739 50789924 268056876 14545917239 1669972 0 10540433 0 0 0
1791083127 1785, 2619, 42, 0x0000000000000000 | 4.99 6.86 7.27 | cpu  2136841026 50789924 268057095 14545942826 1669972 0 10540433 0 0 0
1791083128 1785, 2619, 42, 0x0000000000000000 | 4.99 6.86 7.27 | cpu  2136841326 50789924 268057330 14545968098 1669972 0 10540442 0 0 0
1791083129 1785, 2619, 42, 0x0000000000000000 | 4.99 6.86 7.27 | cpu  2136841620 50789924 268057558 14545994443 1669972 0 10540444 0 0 0
1791083131 1785, 2619, 42, 0x0000000000000000 | 4.99 6.83 7.26 | cpu  2136841886 50789925 268057794 14546019657 1669972 0 10540448 0 0 0
1791083132 1785, 2619, 42, 0x0000000000000000 | 4.99 6.83 7.26 | cpu  2136842209 50789926 268058091 14546045057 1669972 0 10540453 0 0 0
1791083133 1785, 2619, 42, 0x0000000000000000 | 4.99 6.83 7.26 | cpu  2136842536 50789926 268058376 14546070785 1669972 0 10540457 0 0 0
1791083134 1785, 2619, 42, 0x0000000000000000 | 4.99 6.83 7.26 | cpu  2136842846 50789926 268058576 14546096377 1669972 0 10540464 0 0 0
1791083135 1785, 2619, 42, 0x0000000000000000 | 4.99 6.83 7.26 | cpu  2136843106 50789926 268058825 14546121920 1669972 0 10540466 0 0 0
1791083137 1785, 2619, 42, 0x0000000000000000 | 4.91 6.78 7.24 | cpu  2136843366 50789926 268058992 14546147056 1669972 0 10540466 0 0 0
1791083138 1785, 2619, 42, 0x0000000000000000 | 4.91 6.78 7.24 | cpu  2136843639 50789926 268059109 14546173062 1669972 0 10540466 0 0 0
1791083139 1785, 2619, 42, 0x0000000000000000 | 4.91 6.78 7.24 | cpu  2136843944 50789926 268059312 14546199341 1669972 0 10540469 0 0 0
1791083140 1785, 2619, 42, 0x0000000000000000 | 4.91 6.78 7.24 | cpu  2136844220 50789926 268059520 14546226249 1669972 0 10540479 0 0 0
1791083141 1785, 2619, 42, 0x0000000000000000 | 5.00 6.77 7.23 | cpu  2136844524 50789926 268059802 14546250904 1669972 0 10540495 0 0 0
1791083142 1785, 2619, 42, 0x0000000000000000 | 5.00 6.77 7.23 | cpu  2136844836 50789926 268060099 14546276252 1669972 0 10540496 0 0 0
1791083144 1785, 2619, 42, 0x0000000000000000 | 5.00 6.77 7.23 | cpu  2136845160 50789926 268060384 14546301407 1669972 0 10540496 0 0 0
1791083145 1785, 2619, 42, 0x0000000000000000 | 5.00 6.77 7.23 | cpu  2136845480 50789926 268060657 14546326351 1669972 0 10540504 0 0 0
1791083146 1785, 2619, 42, 0x0000000000000000 | 4.84 6.71 7.21 | cpu  2136845728 50789926 268060805 14546351872 1669972 0 10540504 0 0 0
1791083147 1785, 2619, 42, 0x0000000000000000 | 4.84 6.71 7.21 | cpu  2136845985 50789926 268060929 14546377499 1669972 0 10540504 0 0 0
1791083148 1785, 2619, 42, 0x0000000000000000 | 4.84 6.71 7.21 | cpu  2136846246 50789926 268061047 14546403135 1669972 0 10540506 0 0 0
1791083149 1785, 2619, 42, 0x0000000000000000 | 4.84 6.71 7.21 | cpu  2136846511 50789926 268061172 14546428567 1669972 0 10540507 0 0 0
1791083150 1785, 2619, 42, 0x0000000000000000 | 4.93 6.69 7.20 | cpu  2136846786 50789926 268061372 14546453482 1669972 0 10540516 0 0 0
1791083152 1785, 2619, 42, 0x0000000000000000 | 4.93 6.69 7.20 | cpu  2136847095 50789926 268061671 14546478731 1669972 0 10540525 0 0 0
1791083153 1785, 2619, 42, 0x0000000000000000 | 4.93 6.69 7.20 | cpu  2136847425 50789926 268061960 14546504534 1669972 0 10540529 0 0 0
1791083154 1785, 2619, 42, 0x0000000000000000 | 4.93 6.69 7.20 | cpu  2136847727 50789926 268062252 14546529385 1669972 0 10540539 0 0 0
1791083155 1785, 2619, 42, 0x0000000000000000 | 4.93 6.69 7.20 | cpu  2136848042 50789926 268062525 14546555141 1669972 0 10540555 0 0 0
1791083156 1785, 2619, 42, 0x0000000000000000 | 4.93 6.67 7.19 | cpu  2136848335 50789926 268062741 14546580672 1669972 0 10540564 0 0 0
1791083157 1785, 2619, 42, 0x0000000000000000 | 4.93 6.67 7.19 | cpu  2136848592 50789927 268062856 14546605920 1669972 0 10540566 0 0 0
1791083159 1785, 2619, 42, 0x0000000000000000 | 4.93 6.67 7.19 | cpu  2136848848 50789927 268062977 14546631123 1669972 0 10540567 0 0 0
1791083160 1785, 2619, 42, 0x0000000000000000 | 4.93 6.67 7.19 | cpu  2136849110 50789927 268063094 14546656302 1669972 0 10540567 0 0 0
1791083161 1785, 2619, 42, 0x0000000000000000 | 4.78 6.60 7.17 | cpu  2136849360 50789927 268063236 14546682292 1669972 0 10540574 0 0 0
1791083162 1785, 2619, 42, 0x0000000000000000 | 4.78 6.60 7.17 | cpu  2136849699 50789927 268063522 14546707664 1669972 0 10540584 0 0 0
1791083163 1785, 2619, 42, 0x0000000000000000 | 4.78 6.60 7.17 | cpu  2136850042 50789927 268063828 14546733325 1669973 0 10540591 0 0 0
1791083164 1785, 2619, 42, 0x0000000000000000 | 4.78 6.60 7.17 | cpu  2136850373 50789927 268064164 14546758206 1669974 0 10540596 0 0 0
1791083166 1785, 2619, 42, 0x0000000000000000 | 4.88 6.59 7.16 | cpu  2136850741 50789927 268064670 14546782097 1669974 0 10540613 0 0 0
1791083167 1785, 2619, 42, 0x0000000000000000 | 4.88 6.59 7.16 | cpu  2136851080 50789927 268064950 14546807236 1669974 0 10540614 0 0 0
1791083168 1785, 2619, 42, 0x0000000000000000 | 4.88 6.59 7.16 | cpu  2136851411 50789927 268065218 14546833683 1669974 0 10540620 0 0 0
1791083169 1785, 2619, 42, 0x0000000000000000 | 4.88 6.59 7.16 | cpu  2136852436 50789927 268065657 14546857379 1669974 0 10540621 0 0 0
1791083170 1785, 2619, 42, 0x0000000000000000 | 4.88 6.59 7.16 | cpu  2136852699 50789927 268067094 14546880577 1669974 0 10540624 0 0 0
1791083171 1785, 2619, 42, 0x0000000000000000 | 4.73 6.53 7.14 | cpu  2136852969 50789927 268067257 14546905684 1669974 0 10540625 0 0 0
1791083172 1785, 2619, 42, 0x0000000000000000 | 4.73 6.53 7.14 | cpu  2136853260 50789927 268067460 14546931231 1669974 0 10540628 0 0 0
1791083174 1785, 2619, 42, 0x0000000000000000 | 4.73 6.53 7.14 | cpu  2136853601 50789927 268067739 14546956670 1669974 0 10540635 0 0 0
1791083175 1785, 2619, 42, 0x0000000000000000 | 4.73 6.53 7.14 | cpu  2136853928 50789927 268068042 14546984761 1669974 0 10540639 0 0 0
1791083176 1785, 2619, 42, 0x0000000000000000 | 4.75 6.51 7.13 | cpu  2136854235 50789927 268068320 14547010304 1669974 0 10540647 0 0 0
1791083177 1785, 2619, 42, 0x0000000000000000 | 4.75 6.51 7.13 | cpu  2136854503 50789927 268068528 14547034992 1669974 0 10540650 0 0 0
1791083178 1785, 2619, 42, 0x0000000000000000 | 4.75 6.51 7.13 | cpu  2136854786 50789928 268068740 14547060176 1669974 0 10540651 0 0 0
1791083179 1785, 2619, 42, 0x0000000000000000 | 4.75 6.51 7.13 | cpu  2136855064 50789931 268068907 14547084987 1669974 0 10540651 0 0 0
1791083181 1785, 2619, 42, 0x0000000000000000 | 4.85 6.50 7.12 | cpu  2136855301 50789931 268069020 14547110117 1669974 0 10540651 0 0 0
1791083182 1785, 2619, 42, 0x0000000000000000 | 4.85 6.50 7.12 | cpu  2136855605 50789931 268069210 14547136145 1669974 0 10540652 0 0 0
1791083183 1785, 2619, 42, 0x0000000000000000 | 4.85 6.50 7.12 | cpu  2136855889 50789931 268069410 14547161135 1669974 0 10540652 0 0 0
1791083184 1785, 2619, 42, 0x0000000000000000 | 4.85 6.50 7.12 | cpu  2136856187 50789931 268069616 14547186398 1669974 0 10540652 0 0 0
1791083185 1785, 2619, 42, 0x0000000000000000 | 4.85 6.50 7.12 | cpu  2136856495 50789931 268069894 14547212054 1669974 0 10540653 0 0 0
1791083186 1785, 2619, 42, 0x0000000000000000 | 4.86 6.47 7.11 | cpu  2136856780 50789931 268070147 14547237566 1669974 0 10540654 0 0 0
1791083188 1785, 2619, 42, 0x0000000000000000 | 4.86 6.47 7.11 | cpu  2136857060 50789931 268070356 14547262678 1669974 0 10540662 0 0 0
1791083189 1785, 2619, 42, 0x0000000000000000 | 4.86 6.47 7.11 | cpu  2136857346 50789931 268070565 14547288048 1669974 0 10540664 0 0 0
1791083190 1785, 2619, 42, 0x0000000000000000 | 4.86 6.47 7.11 | cpu  2136857616 50789931 268070775 14547314527 1669974 0 10540669 0 0 0
1791083191 1785, 2619, 42, 0x0000000000000000 | 4.79 6.43 7.09 | cpu  2136857899 50789932 268070956 14547340005 1669974 0 10540669 0 0 0
1791083192 1785, 2619, 42, 0x0000000000000000 | 4.79 6.43 7.09 | cpu  2136858185 50789932 268071156 14547364887 1669974 0 10540670 0 0 0
1791083193 1785, 2619, 42, 0x0000000000000000 | 4.79 6.43 7.09 | cpu  2136858492 50789932 268071336 14547390198 1669974 0 10540670 0 0 0
1791083195 1785, 2619, 42, 0x0000000000000000 | 4.79 6.43 7.09 | cpu  2136858800 50789932 268071544 14547415216 1669974 0 10540677 0 0 0
1791083196 1785, 2619, 42, 0x0000000000000000 | 4.73 6.39 7.07 | cpu  2136859090 50789932 268071753 14547441295 1669974 0 10540678 0 0 0
1791083197 1785, 2619, 42, 0x0000000000000000 | 4.73 6.39 7.07 | cpu  2136859382 50789932 268071967 14547466246 1669974 0 10540680 0 0 0
1791083198 1785, 2619, 42, 0x0000000000000000 | 4.73 6.39 7.07 | cpu  2136859669 50789932 268072189 14547491594 1669974 0 10540680 0 0 0
1791083199 1785, 2619, 42, 0x0000000000000000 | 4.73 6.39 7.07 | cpu  2136859990 50789932 268072525 14547517794 1669974 0 10540682 0 0 0
1791083200 1785, 2619, 42, 0x0000000000000000 | 4.73 6.39 7.07 | cpu  2136860257 50789932 268072905 14547542764 1669974 0 10540687 0 0 0
1791083201 1785, 2619, 42, 0x0000000000000000 | 4.83 6.39 7.07 | cpu  2136860554 50789932 268073348 14547566918 1669974 0 10540694 0 0 0
1791083203 1785, 2619, 42, 0x0000000000000000 | 4.83 6.39 7.07 | cpu  2136860850 50789932 268073622 14547592045 1669974 0 10540704 0 0 0
1791083204 1785, 2619, 42, 0x0000000000000000 | 4.83 6.39 7.07 | cpu  2136861154 50789932 268073830 14547617749 1669974 0 10540705 0 0 0
1791083205 1785, 2619, 42, 0x0000000000000000 | 4.83 6.39 7.07 | cpu  2136861431 50789932 268074060 14547642661 1669974 0 10540707 0 0 0
1791083206 1785, 2619, 42, 0x0000000000000000 | 4.76 6.35 7.05 | cpu  2136861712 50789932 268074212 14547667754 1669974 0 10540709 0 0 0
1791083207 1785, 2619, 42, 0x0000000000000000 | 4.76 6.35 7.05 | cpu  2136861995 50789932 268074354 14547693038 1669974 0 10540709 0 0 0
1791083208 1785, 2619, 42, 0x0000000000000000 | 4.76 6.35 7.05 | cpu  2136862293 50789932 268074566 14547719423 1669974 0 10540709 0 0 0
1791083210 1785, 2619, 42, 0x0000000000000000 | 4.76 6.35 7.05 | cpu  2136862630 50789932 268074796 14547747472 1669974 0 10540713 0 0 0
1791083211 1785, 2619, 42, 0x0000000000000000 | 4.70 6.31 7.03 | cpu  2136862925 50789932 268075026 14547772855 1669974 0 10540713 0 0 0
1791083212 1785, 2619, 42, 0x0000000000000000 | 4.70 6.31 7.03 | cpu  2136863242 50789932 268075316 14547798298 1669974 0 10540715 0 0 0
1791083213 1785, 2619, 42, 0x0000000000000000 | 4.70 6.31 7.03 | cpu  2136863558 50789932 268075604 14547823215 1669974 0 10540720 0 0 0
1791083214 1785, 2619, 42, 0x0000000000000000 | 4.70 6.31 7.03 | cpu  2136863844 50789932 268075817 14547847886 1669974 0 10540720 0 0 0
1791083215 1785, 2619, 42, 0x0000000000000000 | 4.70 6.31 7.03 | cpu  2136864106 50789933 268075994 14547872823 1669974 0 10540720 0 0 0
1791083217 1785, 2619, 42, 0x0000000000000000 | 4.65 6.27 7.02 | cpu  2136864375 50789933 268076120 14547898969 1669974 0 10540720 0 0 0
1791083218 1785, 2619, 42, 0x0000000000000000 | 4.65 6.27 7.02 | cpu  2136864638 50789933 268076236 14547924570 1669974 0 10540721 0 0 0
1791083219 1785, 2619, 42, 0x0000000000000000 | 4.65 6.27 7.02 | cpu  2136864933 50789933 268076422 14547949401 1669974 0 10540722 0 0 0
1791083220 1785, 2619, 42, 0x0000000000000000 | 4.65 6.27 7.02 | cpu  2136865210 50789933 268076677 14547974690 1669974 0 10540734 0 0 0
1791083221 1785, 2619, 42, 0x0000000000000000 | 4.75 6.26 7.01 | cpu  2136865612 50789933 268077166 14547999511 1669974 0 10540744 0 0 0
1791083222 1785, 2619, 42, 0x0000000000000000 | 4.75 6.26 7.01 | cpu  2136865960 50789936 268077536 14548024393 1669974 0 10540747 0 0 0
1791083224 1785, 2619, 42, 0x0000000000000000 | 4.75 6.26 7.01 | cpu  2136866333 50789936 268077908 14548050452 1669974 0 10540748 0 0 0
1791083225 1785, 2619, 42, 0x0000000000000000 | 4.75 6.26 7.01 | cpu  2136866685 50789936 268078841 14548075378 1669975 0 10540758 0 0 0
1791083226 1785, 2619, 42, 0x0000000000000000 | 5.02 6.29 7.02 | cpu  2136866994 50789936 268079090 14548099962 1669975 0 10540762 0 0 0
1791083227 1785, 2619, 42, 0x0000000000000000 | 5.02 6.29 7.02 | cpu  2136867257 50789936 268079208 14548125635 1669975 0 10540762 0 0 0
1791083228 1785, 2619, 42, 0x0000000000000000 | 5.02 6.29 7.02 | cpu  2136867523 50789936 268079332 14548151592 1669975 0 10540763 0 0 0
1791083229 1785, 2619, 42, 0x0000000000000000 | 5.02 6.29 7.02 | cpu  2136867786 50789936 268079454 14548176785 1669975 0 10540764 0 0 0
1791083231 1785, 2619, 42, 0x0000000000000000 | 5.09 6.29 7.01 | cpu  2136868058 50789936 268079646 14548201647 1669975 0 10540766 0 0 0
1791083232 1785, 2619, 42, 0x0000000000000000 | 5.09 6.29 7.01 | cpu  2136868378 50789936 268080026 14548227023 1669975 0 10540768 0 0 0
1791083233 1785, 2619, 42, 0x0000000000000000 | 5.09 6.29 7.01 | cpu  2136868686 50789936 268080406 14548251354 1669975 0 10540768 0 0 0
1791083234 1785, 2619, 42, 0x0000000000000000 | 5.09 6.29 7.01 | cpu  2136869010 50789936 268080688 14548276460 1669975 0 10540768 0 0 0
1791083235 1785, 2619, 42, 0x0000000000000000 | 5.09 6.29 7.01 | cpu  2136869294 50789936 268080938 14548300928 1669975 0 10540770 0 0 0
1791083236 1785, 2619, 42, 0x0000000000000000 | 5.25 6.30 7.01 | cpu  2136869610 50789936 268081218 14548326732 1669975 0 10540770 0 0 0
1791083237 1785, 2619, 42, 0x0000000000000000 | 5.25 6.30 7.01 | cpu  2136869875 50789936 268081348 14548351954 1669975 0 10540770 0 0 0
1791083239 1785, 2619, 42, 0x0000000000000000 | 5.25 6.30 7.01 | cpu  2136870142 50789936 268081469 14548377966 1669975 0 10540770 0 0 0
1791083240 1785, 2619, 42, 0x0000000000000000 | 5.25 6.30 7.01 | cpu  2136870371 50789937 268081582 14548402785 1669975 0 10540770 0 0 0
1791083241 1785, 2619, 42, 0x0000000000000000 | 5.15 6.26 6.99 | cpu  2136870636 50789937 268081700 14548428079 1669975 0 10540772 0 0 0
1791083242 1785, 2619, 42, 0x0000000000000000 | 5.15 6.26 6.99 | cpu  2136870958 50789937 268081932 14548453233 1669975 0 10540776 0 0 0
1791083243 1785, 2619, 42, 0x0000000000000000 | 5.15 6.26 6.99 | cpu  2136871298 50789937 268082232 14548479054 1669975 0 10540778 0 0 0
1791083244 1785, 2619, 42, 0x0000000000000000 | 5.15 6.26 6.99 | cpu  2136871644 50789937 268082535 14548505217 1669975 0 10540782 0 0 0
1791083246 1785, 2619, 42, 0x0000000000000000 | 5.05 6.22 6.98 | cpu  2136873248 50789937 268083658 14548527104 1669975 0 10540784 0 0 0
1791083247 1785, 2619, 42, 0x0000000000000000 | 5.05 6.22 6.98 | cpu  2136873679 50789937 268084512 14548551461 1669975 0 10540788 0 0 0
1791083248 1785, 2619, 42, 0x0000000000000000 | 5.05 6.22 6.98 | cpu  2136873895 50789938 268084786 14548576946 1669975 0 10540790 0 0 0
1791083249 1785, 2619, 42, 0x0000000000000000 | 5.05 6.22 6.98 | cpu  2136874124 50789938 268085064 14548602860 1669975 0 10540792 0 0 0
1791083250 1785, 2619, 42, 0x0000000000000000 | 5.05 6.22 6.98 | cpu  2136875416 50789938 268086685 14548625283 1669975 0 10540792 0 0 0
1791083251 1785, 2619, 42, 0x0000000000000000 | 4.81 6.15 6.95 | cpu  2136877047 50789938 268088239 14548648112 1669975 0 10540795 0 0 0
1791083252 1785, 2619, 42, 0x0000000000000000 | 4.81 6.15 6.95 | cpu  2136879793 50789938 268089030 14548670911 1669975 0 10540800 0 0 0
1791083254 1785, 2619, 42, 0x0000000000000000 | 4.81 6.15 6.95 | cpu  2136881447 50789938 268089482 14548695638 1669975 0 10540816 0 0 0
1791083255 1785, 2619, 42, 0x0000000000000000 | 4.81 6.15 6.95 | cpu  2136883736 50789938 268090757 14548716935 1669975 0 10540831 0 0 0
1791083256 1785, 2619, 42, 0x0000000000000000 | 4.66 6.10 6.93 | cpu  2136885890 50789938 268091816 14548739047 1669975 0 10540836 0 0 0
1791083257 1785, 2619, 42, 0x0000000000000000 | 4.66 6.10 6.93 | cpu  2136888080 50789938 268092666 14548760519 1669975 0 10540836 0 0 0
1791083258 1785, 2619, 42, 0x0000000000000000 | 4.66 6.10 6.93 | cpu  2136888274 50789938 268093070 14548786008 1669975 0 10540839 0 0 0
1791083260 1785, 2619, 42, 0x0000000000000000 | 4.66 6.10 6.93 | cpu  2136888747 50789938 268093998 14548813197 1669975 0 10540855 0 0 0
1791083261 1785, 2619, 42, 0x0000000000000000 | 4.69 6.08 6.92 | cpu  2136889197 50789938 268094620 14548838437 1669975 0 10540872 0 0 0
1791083262 1785, 2619, 42, 0x0000000000000000 | 4.69 6.08 6.92 | cpu  2136889659 50789938 268095462 14548863228 1669975 0 10540899 0 0 0
1791083263 1785, 2619, 42, 0x0000000000000000 | 4.69 6.08 6.92 | cpu  2136890099 50789938 268096121 14548887611 1669975 0 10540918 0 0 0
1791083264 1785, 2619, 42, 0x0000000000000000 | 4.69 6.08 6.92 | cpu  2136890456 50789938 268096431 14548913815 1669975 0 10540935 0 0 0
1791083265 1785, 2619, 42, 0x0000000000000000 | 4.69 6.08 6.92 | cpu  2136890632 50789938 268096769 14548938854 1669975 0 10540936 0 0 0
1791083267 1785, 2619, 42, 0x0000000000000000 | 4.80 6.08 6.91 | cpu  2136890799 50789938 268097123 14548964275 1669975 0 10540938 0 0 0
1791083268 1785, 2619, 42, 0x0000000000000000 | 4.80 6.08 6.91 | cpu  2136891167 50789938 268097718 14548989192 1669975 0 10540946 0 0 0
1791083269 1785, 2619, 42, 0x0000000000000000 | 4.80 6.08 6.91 | cpu  2136891597 50789938 268098404 14549013533 1669975 0 10540968 0 0 0
1791083270 1785, 2619, 42, 0x0000000000000000 | 4.80 6.08 6.91 | cpu  2136892026 50789938 268098989 14549038434 1669975 0 10540984 0 0 0
1791083271 1785, 2619, 42, 0x0000000000000000 | 4.81 6.06 6.90 | cpu  2136892466 50789938 268099635 14549062801 1669975 0 10541000 0 0 0
1791083272 1785, 2619, 42, 0x0000000000000000 | 4.81 6.06 6.90 | cpu  2136892878 50789938 268100205 14549088746 1669975 0 10541025 0 0 0
1791083273 1785, 2619, 42, 0x0000000000000000 | 4.81 6.06 6.90 | cpu  2136893096 50789938 268100548 14549113691 1669975 0 10541040 0 0 0
1791083275 1785, 2619, 42, 0x0000000000000000 | 4.81 6.06 6.90 | cpu  2136893391 50789938 268100861 14549138376 1669975 0 10541049 0 0 0
1791083276 1785, 2619, 42, 0x0000000000000000 | 4.75 6.03 6.89 | cpu  2136893768 50789938 268101139 14549163834 1669975 0 10541067 0 0 0
1791083277 1785, 2619, 42, 0x0000000000000000 | 4.75 6.03 6.89 | cpu  2136894389 50789938 268101436 14549189118 1669975 0 10541087 0 0 0
1791083278 1785, 2619, 42, 0x0000000000000000 | 4.75 6.03 6.89 | cpu  2136895840 50789938 268101985 14549214091 1669975 0 10541130 0 0 0
1791083279 1785, 2619, 42, 0x0000000000000000 | 4.75 6.03 6.89 | cpu  2136897400 50789938 268103442 14549237833 1669975 0 10541144 0 0 0
1791083281 1785, 2619, 42, 0x0000000000000000 | 5.01 6.06 6.89 | cpu  2136899218 50789938 268105196 14549259754 1669975 0 10541159 0 0 0
1791083282 1785, 2619, 42, 0x0000000000000000 | 5.01 6.06 6.89 | cpu  2136900723 50789938 268106941 14549282230 1669975 0 10541181 0 0 0
1791083283 1785, 2619, 42, 0x0000000000000000 | 5.01 6.06 6.89 | cpu  2136902249 50789938 268108716 14549305140 1669975 0 10541201 0 0 0
1791083284 1785, 2619, 42, 0x0000000000000000 | 5.01 6.06 6.89 | cpu  2136903603 50789938 268110093 14549327886 1669977 0 10541214 0 0 0
1791083285 1785, 2619, 42, 0x0000000000000000 | 5.01 6.06 6.89 | cpu  2136903824 50789938 268111612 14549352188 1669977 0 10541225 0 0 0
1791083286 1785, 2619, 43, 0x0000000000000000 | 4.85 6.01 6.87 | cpu  2136904165 50789938 268114623 14549374389 1669977 0 10541253 0 0 0
1791083287 1785, 2619, 43, 0x0000000000000000 | 4.85 6.01 6.87 | cpu  2136904648 50789938 268117610 14549396521 1669977 0 10541263 0 0 0
1791083289 1785, 2619, 43, 0x0000000000000000 | 4.85 6.01 6.87 | cpu  2136904950 50789938 268120535 14549419106 1669977 0 10541264 0 0 0
1791083290 1785, 2619, 43, 0x0000000000000000 | 4.85 6.01 6.87 | cpu  2136905372 50789938 268123324 14549440335 1669977 0 10541266 0 0 0
1791083291 1785, 2619, 43, 0x0000000000000000 | 4.78 5.98 6.86 | cpu  2136905984 50789938 268124666 14549463643 1669977 0 10541266 0 0 0
1791083292 1785, 2619, 43, 0x0000000000000000 | 4.78 5.98 6.86 | cpu  2136906593 50789938 268127544 14549486342 1669977 0 10541272 0 0 0
1791083293 1785, 2619, 43, 0x0000000000000000 | 4.78 5.98 6.86 | cpu  2136907494 50789938 268129019 14549509110 1669977 0 10541279 0 0 0
1791083294 1785, 2619, 43, 0x0000000000000000 | 4.78 5.98 6.86 | cpu  2136908136 50789938 268130813 14549534577 1669977 0 10541298 0 0 0
1791083296 1785, 2619, 43, 0x0000000000000000 | 4.78 5.98 6.86 | cpu  2136908485 50789938 268131812 14549558781 1669977 0 10541307 0 0 0
1791083297 1785, 2619, 43, 0x0000000000000000 | 4.72 5.94 6.84 | cpu  2136908809 50789938 268132094 14549584686 1669977 0 10541314 0 0 0
1791083298 1785, 2619, 43, 0x0000000000000000 | 4.72 5.94 6.84 | cpu  2136909087 50789938 268132304 14549609814 1669977 0 10541316 0 0 0
1791083299 1785, 2619, 43, 0x0000000000000000 | 4.72 5.94 6.84 | cpu  2136909719 50789938 268133172 14549632970 1669977 0 10541319 0 0 0
1791083300 1785, 2619, 43, 0x0000000000000000 | 4.72 5.94 6.84 | cpu  2136910703 50789938 268135160 14549655322 1669977 0 10541322 0 0 0
1791083301 1785, 2619, 43, 0x0000000000000000 | 4.74 5.93 6.83 | cpu  2136911023 50789938 268135367 14549680362 1669977 0 10541328 0 0 0
1791083302 1785, 2619, 43, 0x0000000000000000 | 4.74 5.93 6.83 | cpu  2136911333 50789938 268135636 14549705303 1669977 0 10541331 0 0 0
1791083304 1785, 2619, 43, 0x0000000000000000 | 4.74 5.93 6.83 | cpu  2136911648 50789938 268135864 14549731111 1669977 0 10541333 0 0 0
1791083305 1785, 2619, 43, 0x0000000000000000 | 4.74 5.93 6.83 | cpu  2136911920 50789938 268136026 14549755919 1669977 0 10541333 0 0 0
1791083306 1785, 2619, 43, 0x0000000000000000 | 4.76 5.91 6.82 | cpu  2136912239 50789938 268136220 14549781819 1669977 0 10541337 0 0 0
1791083307 1785, 2619, 43, 0x0000000000000000 | 4.76 5.91 6.82 | cpu  2136912509 50789939 268136369 14549806918 1669977 0 10541337 0 0 0
1791083308 1785, 2619, 43, 0x0000000000000000 | 4.76 5.91 6.82 | cpu  2136913066 50789939 268137630 14549830491 1669977 0 10541338 0 0 0
1791083309 1785, 2619, 43, 0x0000000000000000 | 4.76 5.91 6.82 | cpu  2136913242 50789939 268139272 14549853128 1669977 0 10541338 0 0 0
1791083310 1785, 2619, 43, 0x0000000000000000 | 4.76 5.91 6.82 | cpu  2136913604 50789939 268142124 14549875146 1669977 0 10541346 0 0 0
1791083312 1785, 2619, 43, 0x0000000000000000 | 4.54 5.85 6.79 | cpu  2136914125 50789939 268145134 14549897854 1669977 0 10541354 0 0 0
1791083313 1785, 2619, 43, 0x0000000000000000 | 4.54 5.85 6.79 | cpu  2136915013 50789939 268146520 14549920883 1669977 0 10541379 0 0 0
1791083314 1785, 2619, 43, 0x0000000000000000 | 4.54 5.85 6.79 | cpu  2136915659 50789939 268149047 14549942860 1669977 0 10541390 0 0 0
1791083315 1785, 2619, 43, 0x0000000000000000 | 4.54 5.85 6.79 | cpu  2136916262 50789939 268149870 14549965763 1669977 0 10541393 0 0 0
1791083316 1785, 2619, 43, 0x0000000000000000 | 4.42 5.80 6.77 | cpu  2136917160 50789939 268152169 14549987930 1669977 0 10541403 0 0 0
1791083317 1785, 2619, 43, 0x0000000000000000 | 4.42 5.80 6.77 | cpu  2136917330 50789939 268152514 14550013002 1669977 0 10541410 0 0 0
1791083318 1785, 2619, 43, 0x0000000000000000 | 4.42 5.80 6.77 | cpu  2136917498 50789939 268152824 14550037943 1669977 0 10541410 0 0 0
1791083320 1785, 2619, 43, 0x0000000000000000 | 4.42 5.80 6.77 | cpu  2136917876 50789940 268153767 14550062365 1669977 0 10541411 0 0 0
1791083321 1785, 2619, 43, 0x0000000000000000 | 4.30 5.75 6.75 | cpu  2136918137 50789940 268153878 14550087497 1669977 0 10541411 0 0 0
1791083322 1785, 2619, 43, 0x0000000000000000 | 4.30 5.75 6.75 | cpu  2136918416 50789940 268154011 14550113044 1669977 0 10541411 0 0 0
1791083323 1785, 2619, 43, 0x0000000000000000 | 4.30 5.75 6.75 | cpu  2136919511 50789940 268155511 14550136552 1669977 0 10541415 0 0 0
1791083324 1785, 2619, 43, 0x0000000000000000 | 4.30 5.75 6.75 | cpu  2136920486 50789940 268156636 14550160602 1669977 0 10541423 0 0 0
1791083325 1785, 2619, 43, 0x0000000000000000 | 4.30 5.75 6.75 | cpu  2136920813 50789940 268156903 14550185905 1669977 0 10541425 0 0 0
1791083326 1785, 2619, 43, 0x0000000000000000 | 4.36 5.74 6.74 | cpu  2136921140 50789940 268157192 14550210638 1669977 0 10541432 0 0 0
1791083328 1785, 2619, 43, 0x0000000000000000 | 4.36 5.74 6.74 | cpu  2136921438 50789940 268157406 14550236904 1669977 0 10541434 0 0 0
1791083329 1785, 2619, 43, 0x0000000000000000 | 4.36 5.74 6.74 | cpu  2136921726 50789940 268157638 14550261783 1669977 0 10541435 0 0 0
1791083330 1785, 2619, 43, 0x0000000000000000 | 4.36 5.74 6.74 | cpu  2136921991 50789940 268157852 14550287648 1669977 0 10541438 0 0 0
1791083331 1785, 2619, 43, 0x0000000000000000 | 4.41 5.73 6.73 | cpu  2136922326 50789940 268158156 14550311602 1669977 0 10541444 0 0 0
1791083332 1785, 2619, 43, 0x0000000000000000 | 4.41 5.73 6.73 | cpu  2136923003 50789940 268159384 14550334655 1669977 0 10541454 0 0 0
1791083333 1785, 2619, 43, 0x0000000000000000 | 4.41 5.73 6.73 | cpu  2136923757 50789940 268161443 14550356123 1669977 0 10541461 0 0 0
1791083334 1785, 2619, 43, 0x0000000000000000 | 4.41 5.73 6.73 | cpu  2136924088 50789940 268161695 14550380754 1669977 0 10541464 0 0 0
1791083336 1785, 2619, 43, 0x0000000000000000 | 4.41 5.73 6.73 | cpu  2136924536 50789940 268161988 14550404526 1669977 0 10541466 0 0 0
1791083337 1785, 2619, 43, 0x0000000000000000 | 4.38 5.70 6.72 | cpu  2136924895 50789940 268162302 14550429172 1669977 0 10541468 0 0 0
1791083338 1785, 2619, 43, 0x0000000000000000 | 4.38 5.70 6.72 | cpu  2136925350 50789940 268162632 14550453591 1669977 0 10541472 0 0 0
1791083339 1785, 2619, 43, 0x0000000000000000 | 4.38 5.70 6.72 | cpu  2136925829 50789941 268162974 14550480674 1669977 0 10541479 0 0 0
1791083340 1785, 2619, 43, 0x0000000000000000 | 4.38 5.70 6.72 | cpu  2136926316 50789941 268163882 14550505024 1669977 0 10541480 0 0 0
1791083341 1785, 2619, 43, 0x0000000000000000 | 9.15 6.67 7.03 | cpu  2136926724 50789941 268164813 14550529397 1669977 0 10541485 0 0 0
1791083342 1785, 2619, 43, 0x0000000000000000 | 9.15 6.67 7.03 | cpu  2136927226 50789944 268165276 14550555008 1669977 0 10541513 0 0 0
1791083344 1785, 2619, 43, 0x0000000000000000 | 9.15 6.67 7.03 | cpu  2136927577 50789944 268165514 14550580617 1669978 0 10541514 0 0 0
1791083345 1785, 2619, 43, 0x0000000000000000 | 9.15 6.67 7.03 | cpu  2136927985 50789944 268165857 14550604889 1669978 0 10541520 0 0 0
1791083346 1785, 2619, 43, 0x0000000000000000 | 8.74 6.62 7.01 | cpu  2136928546 50789944 268166207 14550630761 1669978 0 10541521 0 0 0
1791083347 1785, 2619, 43, 0x0000000000000000 | 8.74 6.62 7.01 | cpu  2136928786 50789944 268166376 14550655039 1669978 0 10541522 0 0 0
1791083348 1785, 2619, 43, 0x0000000000000000 | 8.74 6.62 7.01 | cpu  2136929288 50789944 268166557 14550680312 1669978 0 10541536 0 0 0
1791083349 1785, 2619, 43, 0x0000000000000000 | 8.74 6.62 7.01 | cpu  2136929761 50789944 268166769 14550704291 1669978 0 10541540 0 0 0
1791083350 1785, 2619, 43, 0x0000000000000000 | 8.74 6.62 7.01 | cpu  2136930277 50789944 268166997 14550728788 1669978 0 10541542 0 0 0
1791083352 1785, 2619, 43, 0x0000000000000000 | 8.68 6.64 7.02 | cpu  2136930696 50789944 268167296 14550752671 1669978 0 10541548 0 0 0
1791083353 1785, 2619, 43, 0x0000000000000000 | 8.68 6.64 7.02 | cpu  2136931480 50789944 268167617 14550777491 1669978 0 10541560 0 0 0
1791083354 1785, 2619, 43, 0x0000000000000000 | 8.68 6.64 7.02 | cpu  2136932796 50789944 268167889 14550803479 1669978 0 10541563 0 0 0
1791083355 1785, 2619, 43, 0x0000000000000000 | 8.68 6.64 7.02 | cpu  2136936242 50789944 268168116 14550825910 1669978 0 10541569 0 0 0
1791083356 1785, 2619, 43, 0x0000000000000000 | 14.47 7.88 7.41 | cpu  2136939267 50789944 268168303 14550847013 1669978 0 10541582 0 0 0
1791083357 1785, 2619, 43, 0x0000000000000000 | 14.47 7.88 7.41 | cpu  2136940384 50789944 268168429 14550871378 1669978 0 10541584 0 0 0
1791083359 1785, 2619, 43, 0x0000000000000000 | 14.47 7.88 7.41 | cpu  2136940645 50789944 268168570 14550896647 1669978 0 10541585 0 0 0
1791083360 1785, 2619, 43, 0x0000000000000000 | 14.47 7.88 7.41 | cpu  2136940883 50789944 268168759 14550922272 1669978 0 10541585 0 0 0
1791083361 1785, 2619, 43, 0x0000000000000000 | 13.63 7.81 7.39 | cpu  2136941142 50789944 268168957 14550947544 1669978 0 10541586 0 0 0
1791083362 1785, 2619, 43, 0x0000000000000000 | 13.63 7.81 7.39 | cpu  2136941427 50789944 268169223 14550972787 1669978 0 10541588 0 0 0
1791083363 1785, 2619, 43, 0x0000000000000000 | 13.63 7.81 7.39 | cpu  2136941723 50789944 268169524 14550997522 1669978 0 10541588 0 0 0
1791083364 1785, 2619, 43, 0x0000000000000000 | 13.63 7.81 7.39 | cpu  2136942019 50789944 268169780 14551022811 1669978 0 10541589 0 0 0
1791083365 1785, 2619, 43, 0x0000000000000000 | 13.63 7.81 7.39 | cpu  2136942317 50789944 268170063 14551047299 1669978 0 10541589 0 0 0
1791083367 1785, 2619, 43, 0x0000000000000000 | 12.94 7.77 7.38 | cpu  2136942609 50789944 268170359 14551072163 1669978 0 10541591 0 0 0
1791083368 1785, 2619, 43, 0x0000000000000000 | 12.94 7.77 7.38 | cpu  2136942856 50789944 268170490 14551098028 1669978 0 10541592 0 0 0
1791083369 1785, 2619, 43, 0x0000000000000000 | 12.94 7.77 7.38 | cpu  2136943094 50789944 268170604 14551124490 1669978 0 10541594 0 0 0
1791083370 1785, 2619, 43, 0x0000000000000000 | 12.94 7.77 7.38 | cpu  2136943364 50789944 268170758 14551149531 1669978 0 10541598 0 0 0
1791083371 1785, 2619, 43, 0x0000000000000000 | 12.14 7.69 7.36 | cpu  2136943608 50789945 268170886 14551174535 1669978 0 10541598 0 0 0
1791083372 1785, 2619, 43, 0x0000000000000000 | 12.14 7.69 7.36 | cpu  2136943907 50789946 268171144 14551199903 1669978 0 10541598 0 0 0
1791083374 1785, 2619, 43, 0x0000000000000000 | 12.14 7.69 7.36 | cpu  2136944210 50789946 268171448 14551225585 1669978 0 10541604 0 0 0
1791083375 1785, 2619, 43, 0x0000000000000000 | 12.14 7.69 7.36 | cpu  2136944539 50789947 268171732 14551250314 1669978 0 10541608 0 0 0
1791083376 1785, 2619, 43, 0x0000000000000000 | 11.65 7.66 7.35 | cpu  2136944857 50789947 268172015 14551275283 1669978 0 10541624 0 0 0
1791083377 1785, 2619, 43, 0x0000000000000000 | 11.65 7.66 7.35 | cpu  2136945172 50789947 268172416 14551301042 1669978 0 10541652 0 0 0
1791083378 1785, 2619, 43, 0x0000000000000000 | 11.65 7.66 7.35 | cpu  2136945462 50789947 268172813 14551325457 1669978 0 10541661 0 0 0
1791083379 1785, 2619, 43, 0x0000000000000000 | 11.65 7.66 7.35 | cpu  2136945709 50789947 268173100 14551350193 1669978 0 10541661 0 0 0
1791083380 1785, 2619, 43, 0x0000000000000000 | 11.65 7.66 7.35 | cpu  2136945980 50789947 268173366 14551375633 1669978 0 10541662 0 0 0
1791083382 1785, 2619, 43, 0x0000000000000000 | 11.12 7.62 7.34 | cpu  2136946244 50789947 268173613 14551400694 1669978 0 10541662 0 0 0
1791083383 1785, 2619, 43, 0x0000000000000000 | 11.12 7.62 7.34 | cpu  2136946552 50789947 268173908 14551426137 1669978 0 10541665 0 0 0
1791083384 1785, 2619, 43, 0x0000000000000000 | 11.12 7.62 7.34 | cpu  2136946822 50789948 268174241 14551450754 1669978 0 10541668 0 0 0
1791083385 1785, 2619, 43, 0x0000000000000000 | 11.12 7.62 7.34 | cpu  2136947136 50789948 268174585 14551475613 1669978 0 10541677 0 0 0
1791083386 1785, 2619, 43, 0x0000000000000000 | 10.71 7.59 7.33 | cpu  2136947442 50789948 268174880 14551500562 1669978 0 10541694 0 0 0
1791083387 1785, 2619, 43, 0x0000000000000000 | 10.71 7.59 7.33 | cpu  2136947719 50789948 268175151 14551525648 1669978 0 10541698 0 0 0
1791083388 1785, 2619, 43, 0x0000000000000000 | 10.71 7.59 7.33 | cpu  2136947995 50789948 268175366 14551551136 1669978 0 10541698 0 0 0
1791083390 1785, 2619, 43, 0x0000000000000000 | 10.71 7.59 7.33 | cpu  2136948287 50789948 268175568 14551575684 1669978 0 10541704 0 0 0
1791083391 1785, 2619, 43, 0x0000000000000000 | 10.09 7.51 7.31 | cpu  2136948543 50789948 268175700 14551600755 1669978 0 10541705 0 0 0
1791083392 1785, 2619, 43, 0x0000000000000000 | 10.09 7.51 7.31 | cpu  2136948801 50789948 268175845 14551626258 1669978 0 10541705 0 0 0
1791083393 1785, 2619, 43, 0x0000000000000000 | 10.09 7.51 7.31 | cpu  2136949111 50789948 268176158 14551651005 1669978 0 10541714 0 0 0
1791083394 1785, 2619, 43, 0x0000000000000000 | 10.09 7.51 7.31 | cpu  2136949392 50789948 268176470 14551676544 1669978 0 10541728 0 0 0
1791083395 1785, 2619, 43, 0x0000000000000000 | 10.09 7.51 7.31 | cpu  2136949698 50789948 268176896 14551701458 1669978 0 10541738 0 0 0
1791083396 1785, 2619, 43, 0x0000000000000000 | 9.84 7.50 7.31 | cpu  2136950016 50789948 268177421 14551726720 1669978 0 10541746 0 0 0
1791083398 1785, 2619, 43, 0x0000000000000000 | 9.84 7.50 7.31 | cpu  2136950305 50789948 268177801 14551752466 1669978 0 10541757 0 0 0
1791083399 1785, 2619, 43, 0x0000000000000000 | 9.84 7.50 7.31 | cpu  2136950565 50789948 268178096 14551778127 1669978 0 10541761 0 0 0
1791083400 1785, 2619, 43, 0x0000000000000000 | 9.84 7.50 7.31 | cpu  2136950842 50789948 268178414 14551802555 1669978 0 10541774 0 0 0
1791083401 1785, 2619, 43, 0x0000000000000000 | 9.38 7.44 7.29 | cpu  2136951113 50789950 268178693 14551827371 1669978 0 10541781 0 0 0
1791083402 1785, 2619, 43, 0x0000000000000000 | 9.38 7.44 7.29 | cpu  2136951397 50789950 268178880 14551852819 1669978 0 10541791 0 0 0
1791083403 1785, 2619, 43, 0x0000000000000000 | 9.38 7.44 7.29 | cpu  2136951749 50789950 268179161 14551879546 1669980 0 10541806 0 0 0
1791083405 1785, 2619, 43, 0x0000000000000000 | 9.38 7.44 7.29 | cpu  2136952028 50789950 268179385 14551904842 1669980 0 10541808 0 0 0
1791083406 1785, 2619, 43, 0x0000000000000000 | 9.18 7.44 7.29 | cpu  2136952406 50789950 268179809 14551929727 1669980 0 10541815 0 0 0
1791083407 1785, 2619, 43, 0x0000000000000000 | 9.18 7.44 7.29 | cpu  2136952766 50789950 268180150 14551955466 1669980 0 10541832 0 0 0
1791083408 1785, 2619, 43, 0x0000000000000000 | 9.18 7.44 7.29 | cpu  2136953103 50789950 268180489 14551981711 1669980 0 10541853 0 0 0
1791083409 1785, 2619, 43, 0x0000000000000000 | 9.18 7.44 7.29 | cpu  2136953395 50789950 268181454 14552006154 1669980 0 10541878 0 0 0
1791083410 1785, 2619, 43, 0x0000000000000000 | 9.18 7.44 7.29 | cpu  2136953694 50789950 268181821 14552031057 1669980 0 10541891 0 0 0
1791083412 1785, 2619, 43, 0x0000000000000000 | 8.93 7.41 7.28 | cpu  2136953963 50789950 268182047 14552055944 1669980 0 10541894 0 0 0
1791083413 1785, 2619, 43, 0x0000000000000000 | 8.93 7.41 7.28 | cpu  2136954264 50789950 268182316 14552081800 1669980 0 10541899 0 0 0
1791083414 1785, 2619, 43, 0x0000000000000000 | 8.93 7.41 7.28 | cpu  2136954516 50789950 268182511 14552107098 1669980 0 10541900 0 0 0
1791083415 1785, 2619, 43, 0x0000000000000000 | 8.93 7.41 7.28 | cpu  2136954822 50789950 268182720 14552132704 1669980 0 10541903 0 0 0
1791083416 1785, 2619, 43, 0x0000000000000000 | 8.53 7.36 7.26 | cpu  2136955117 50789950 268182921 14552157855 1669980 0 10541905 0 0 0
1791083417 1785, 2619, 43, 0x0000000000000000 | 8.53 7.36 7.26 | cpu  2136955386 50789950 268183090 14552182923 1669980 0 10541906 0 0 0
1791083419 1785, 2619, 43, 0x0000000000000000 | 8.53 7.36 7.26 | cpu  2136955681 50789950 268183296 14552211278 1669980 0 10541910 0 0 0
1791083420 1785, 2619, 43, 0x0000000000000000 | 8.53 7.36 7.26 | cpu  2136955970 50789950 268183536 14552236849 1669980 0 10541922 0 0 0
1791083421 1785, 2619, 43, 0x0000000000000000 | 8.25 7.32 7.25 | cpu  2136956237 50789950 268183764 14552262180 1669980 0 10541923 0 0 0
1791083422 1785, 2619, 43, 0x0000000000000000 | 8.25 7.32 7.25 | cpu  2136956534 50789950 268184026 14552288771 1669980 0 10541923 0 0 0
1791083423 1785, 2619, 43, 0x0000000000000000 | 8.25 7.32 7.25 | cpu  2136956834 50789950 268184342 14552314141 1669980 0 10541924 0 0 0
1791083425 1785, 2619, 43, 0x0000000000000000 | 8.25 7.32 7.25 | cpu  2136957115 50789950 268184652 14552339216 1669980 0 10541932 0 0 0
1791083426 1785, 2619, 43, 0x0000000000000000 | 7.99 7.28 7.24 | cpu  2136957400 50789950 268184877 14552364713 1669980 0 10541933 0 0 0
1791083427 1785, 2619, 43, 0x0000000000000000 | 7.99 7.28 7.24 | cpu  2136957765 50789950 268185097 14552391032 1669980 0 10541944 0 0 0
1791083428 1785, 2619, 43, 0x0000000000000000 | 7.99 7.28 7.24 | cpu  2136958016 50789950 268185228 14552416189 1669980 0 10541946 0 0 0
1791083429 1785, 2619, 43, 0x0000000000000000 | 7.99 7.28 7.24 | cpu  2136958250 50789951 268185352 14552442365 1669980 0 10541948 0 0 0
1791083430 1785, 2619, 43, 0x0000000000000000 | 7.99 7.28 7.24 | cpu  2136958523 50789951 268185573 14552467459 1669980 0 10541949 0 0 0
1791083432 1785, 2619, 43, 0x0000000000000000 | 7.67 7.22 7.22 | cpu  2136958789 50789951 268185795 14552492913 1669980 0 10541954 0 0 0
1791083433 1785, 2619, 43, 0x0000000000000000 | 7.67 7.22 7.22 | cpu  2136959078 50789951 268186075 14552518280 1669980 0 10541958 0 0 0
1791083434 1785, 2619, 43, 0x0000000000000000 | 7.67 7.22 7.22 | cpu  2136959333 50789951 268186358 14552542725 1669980 0 10541959 0 0 0
1791083435 1785, 2619, 43, 0x0000000000000000 | 7.67 7.22 7.22 | cpu  2136959651 50789951 268186647 14552567790 1669980 0 10541973 0 0 0
1791083436 1785, 2619, 43, 0x0000000000000000 | 7.46 7.19 7.21 | cpu  2136959965 50789952 268186938 14552593850 1669980 0 10541974 0 0 0
1791083437 1785, 2619, 43, 0x0000000000000000 | 7.46 7.19 7.21 | cpu  2136960236 50789952 268187185 14552619279 1669980 0 10541976 0 0 0
1791083439 1785, 2619, 43, 0x0000000000000000 | 7.46 7.19 7.21 | cpu  2136960508 50789952 268187333 14552647798 1669980 0 10541976 0 0 0
1791083440 1785, 2619, 43, 0x0000000000000000 | 7.46 7.19 7.21 | cpu  2136960762 50789952 268187462 14552673480 1669980 0 10541976 0 0 0
1791083441 1785, 2619, 43, 0x0000000000000000 | 7.18 7.13 7.19 | cpu  2136961016 50789952 268187621 14552699085 1669980 0 10541978 0 0 0
1791083442 1785, 2619, 43, 0x0000000000000000 | 7.18 7.13 7.19 | cpu  2136961283 50789952 268187833 14552723749 1669980 0 10541983 0 0 0
1791083443 1785, 2619, 43, 0x0000000000000000 | 7.18 7.13 7.19 | cpu  2136961591 50789952 268188124 14552748695 1669980 0 10541989 0 0 0
1791083444 1785, 2619, 43, 0x0000000000000000 | 7.18 7.13 7.19 | cpu  2136961866 50789952 268188416 14552773769 1669980 0 10542004 0 0 0
1791083446 1785, 2619, 43, 0x0000000000000000 | 7.18 7.13 7.19 | cpu  2136962184 50789952 268188702 14552798728 1669980 0 10542010 0 0 0
1791083447 1785, 2619, 43, 0x0000000000000000 | 7.00 7.10 7.18 | cpu  2136962498 50789952 268188980 14552823332 1669980 0 10542023 0 0 0
1791083448 1785, 2619, 43, 0x0000000000000000 | 7.00 7.10 7.18 | cpu  2136962822 50789952 268189201 14552847908 1669980 0 10542028 0 0 0
1791083449 1785, 2619, 43, 0x0000000000000000 | 7.00 7.10 7.18 | cpu  2136963186 50789952 268189409 14552873322 1669980 0 10542050 0 0 0
1791083450 1785, 2619, 43, 0x0000000000000000 | 7.00 7.10 7.18 | cpu  2136963667 50789952 268189613 14552899600 1669980 0 10542062 0 0 0
1791083451 1785, 2619, 43, 0x0000000000000000 | 6.76 7.05 7.16 | cpu  2136964019 50789952 268189833 14552926282 1669980 0 10542074 0 0 0
1791083453 1785, 2619, 43, 0x0000000000000000 | 6.76 7.05 7.16 | cpu  2136964298 50789952 268190008 14552952566 1669980 0 10542080 0 0 0
1791083454 1785, 2619, 42, 0x0000000000000000 | 6.76 7.05 7.16 | cpu  2136964581 50789952 268190288 14552978228 1669980 0 10542090 0 0 0
1791083455 1785, 2619, 42, 0x0000000000000000 | 6.76 7.05 7.16 | cpu  2136964883 50789952 268190593 14553003317 1669980 0 10542093 0 0 0
1791083456 1785, 2619, 42, 0x0000000000000000 | 6.62 7.01 7.15 | cpu  2136965184 50789952 268190905 14553028786 1669980 0 10542098 0 0 0
1791083457 1785, 2619, 42, 0x0000000000000000 | 6.62 7.01 7.15 | cpu  2136965503 50789952 268191209 14553054497 1669980 0 10542109 0 0 0
1791083458 1785, 2619, 42, 0x0000000000000000 | 6.62 7.01 7.15 | cpu  2136965785 50789952 268191447 14553082522 1669980 0 10542114 0 0 0
1791083460 1785, 2619, 42, 0x0000000000000000 | 6.62 7.01 7.15 | cpu  2136966038 50789952 268191613 14553107253 1669980 0 10542118 0 0 0
1791083461 1785, 2619, 42, 0x0000000000000000 | 6.41 6.96 7.13 | cpu  2136966296 50789953 268191804 14553132412 1669980 0 10542123 0 0 0
1791083462 1785, 2619, 42, 0x0000000000000000 | 6.41 6.96 7.13 | cpu  2136966574 50789953 268192003 14553158313 1669980 0 10542126 0 0 0
1791083463 1785, 2619, 42, 0x0000000000000000 | 6.41 6.96 7.13 | cpu  2136966860 50789953 268192188 14553183946 1669980 0 10542130 0 0 0
1791083464 1785, 2619, 42, 0x0000000000000000 | 6.41 6.96 7.13 | cpu  2136967133 50789953 268192408 14553209238 1669981 0 10542139 0 0 0
1791083465 1785, 2619, 42, 0x0000000000000000 | 6.41 6.96 7.13 | cpu  2136967449 50789953 268192702 14553234756 1669981 0 10542145 0 0 0
1791083467 1785, 2619, 42, 0x0000000000000000 | 6.38 6.94 7.12 | cpu  2136967771 50789953 268192996 14553260088 1669981 0 10542151 0 0 0
1791083468 1785, 2619, 42, 0x0000000000000000 | 6.38 6.94 7.12 | cpu  2136968084 50789953 268193290 14553286426 1669981 0 10542153 0 0 0
1791083469 1785, 2619, 42, 0x0000000000000000 | 6.38 6.94 7.12 | cpu  2136968373 50789953 268193512 14553312576 1669981 0 10542159 0 0 0
1791083470 1785, 2619, 42, 0x0000000000000000 | 6.38 6.94 7.12 | cpu  2136968655 50789953 268193744 14553337980 1669981 0 10542162 0 0 0
1791083471 1785, 2619, 42, 0x0000000000000000 | 6.11 6.88 7.10 | cpu  2136968906 50789953 268193885 14553363067 1669981 0 10542162 0 0 0
1791083473 1785, 2619, 42, 0x0000000000000000 | 6.11 6.88 7.10 | cpu  2136969162 50789953 268194088 14553388528 1669981 0 10542164 0 0 0
1791083474 1785, 2619, 42, 0x0000000000000000 | 6.11 6.88 7.10 | cpu  2136969432 50789953 268194369 14553414193 1669981 0 10542169 0 0 0
1791083475 1785, 2619, 42, 0x0000000000000000 | 6.11 6.88 7.10 | cpu  2136969726 50789953 268194644 14553438849 1669981 0 10542171 0 0 0
1791083476 1785, 2619, 42, 0x0000000000000000 | 6.10 6.86 7.09 | cpu  2136970034 50789953 268194885 14553464056 1669981 0 10542176 0 0 0
1791083477 1785, 2619, 42, 0x0000000000000000 | 6.10 6.86 7.09 | cpu  2136970350 50789953 268195177 14553489027 1669981 0 10542181 0 0 0
1791083478 1785, 2619, 42, 0x0000000000000000 | 6.10 6.86 7.09 | cpu  2136970634 50789953 268195436 14553514569 1669981 0 10542181 0 0 0
1791083479 1785, 2619, 42, 0x0000000000000000 | 6.10 6.86 7.09 | cpu  2136970888 50789953 268195629 14553539803 1669981 0 10542181 0 0 0
1791083481 1785, 2619, 42, 0x0000000000000000 | 6.10 6.86 7.09 | cpu  2136971157 50789953 268195864 14553565332 1669981 0 10542184 0 0 0
1791083482 1785, 2619, 42, 0x0000000000000000 | 5.93 6.82 7.08 | cpu  2136971421 50789953 268196082 14553590475 1669981 0 10542186 0 0 0
1791083483 1785, 2619, 42, 0x0000000000000000 | 5.93 6.82 7.08 | cpu  2136971683 50789954 268196229 14553615605 1669981 0 10542186 0 0 0
1791083484 1785, 2619, 42, 0x0000000000000000 | 5.93 6.82 7.08 | cpu  2136971926 50789954 268196425 14553640700 1669981 0 10542187 0 0 0
1791083485 1785, 2619, 42, 0x0000000000000000 | 5.93 6.82 7.08 | cpu  2136972223 50789954 268196610 14553665723 1669981 0 10542187 0 0 0
1791083486 1785, 2619, 42, 0x0000000000000000 | 5.86 6.79 7.07 | cpu  2136972522 50789954 268196832 14553691104 1669981 0 10542191 0 0 0
1791083487 1785, 2619, 42, 0x0000000000000000 | 5.86 6.79 7.07 | cpu  2136972832 50789954 268197084 14553716520 1669981 0 10542191 0 0 0
1791083489 1785, 2619, 42, 0x0000000000000000 | 5.86 6.79 7.07 | cpu  2136973090 50789954 268197289 14553742787 1669981 0 10542191 0 0 0
1791083490 1785, 2619, 42, 0x0000000000000000 | 5.86 6.79 7.07 | cpu  2136973373 50789954 268197516 14553768789 1669981 0 10542194 0 0 0
1791083491 1785, 2619, 42, 0x0000000000000000 | 5.71 6.74 7.05 | cpu  2136973630 50789954 268197739 14553793392 1669981 0 10542195 0 0 0
1791083492 1785, 2619, 42, 0x0000000000000000 | 5.71 6.74 7.05 | cpu  2136973904 50789954 268197958 14553818863 1669981 0 10542198 0 0 0
1791083493 1785, 2619, 42, 0x0000000000000000 | 5.71 6.74 7.05 | cpu  2136974192 50789954 268198224 14553846713 1669981 0 10542199 0 0 0
1791083495 1785, 2619, 42, 0x0000000000000000 | 5.71 6.74 7.05 | cpu  2136974491 50789954 268198454 14553871895 1669981 0 10542201 0 0 0
1791083496 1785, 2619, 42, 0x0000000000000000 | 5.81 6.74 7.05 | cpu  2136974784 50789954 268198655 14553897135 1669981 0 10542201 0 0 0
1791083497 1785, 2619, 42, 0x0000000000000000 | 5.81 6.74 7.05 | cpu  2136975060 50789954 268198855 14553921423 1669981 0 10542202 0 0 0
1791083498 1785, 2619, 42, 0x0000000000000000 | 5.81 6.74 7.05 | cpu  2136975340 50789954 268199026 14553946469 1669981 0 10542204 0 0 0
1791083499 1785, 2619, 42, 0x0000000000000000 | 5.81 6.74 7.05 | cpu  2136975585 50789954 268199215 14553972064 1669981 0 10542204 0 0 0
1791083500 1785, 2619, 42, 0x0000000000000000 | 5.81 6.74 7.05 | cpu  2136975869 50789954 268199447 14553998422 1669981 0 10542204 0 0 0
1791083501 1785, 2619, 42, 0x0000000000000000 | 5.67 6.70 7.03 | cpu  2136976135 50789954 268199660 14554023067 1669981 0 10542205 0 0 0
1791083503 1785, 2619, 42, 0x0000000000000000 | 5.67 6.70 7.03 | cpu  2136976396 50789954 268199897 14554047688 1669981 0 10542207 0 0 0
1791083504 1785, 2619, 42, 0x0000000000000000 | 5.67 6.70 7.03 | cpu  2136976685 50789955 268200167 14554073344 1669981 0 10542212 0 0 0
1791083505 1785, 2619, 42, 0x0000000000000000 | 5.67 6.70 7.03 | cpu  2136976980 50789955 268200440 14554098306 1669981 0 10542215 0 0 0
1791083506 1785, 2619, 42, 0x0000000000000000 | 5.53 6.65 7.02 | cpu  2136977237 50789955 268200700 14554123442 1669981 0 10542216 0 0 0
1791083507 1785, 2619, 42, 0x0000000000000000 | 5.53 6.65 7.02 | cpu  2136977522 50789955 268200892 14554148043 1669981 0 10542220 0 0 0
1791083508 1785, 2619, 42, 0x0000000000000000 | 5.53 6.65 7.02 | cpu  2136977726 50789955 268201130 14554177188 1669981 0 10542221 0 0 0
1791083510 1785, 2619, 42, 0x0000000000000000 | 5.53 6.65 7.02 | cpu  2136977925 50789955 268201320 14554202533 1669981 0 10542221 0 0 0
1791083511 1785, 2619, 42, 0x0000000000000000 | 5.41 6.61 7.00 | cpu  2136978107 50789955 268201633 14554228046 1669981 0 10542223 0 0 0
1791083512 1785, 2619, 42, 0x0000000000000000 | 5.41 6.61 7.00 | cpu  2136978280 50789955 268201957 14554253183 1669981 0 10542223 0 0 0
1791083513 1785, 2619, 42, 0x0000000000000000 | 5.41 6.61 7.00 | cpu  2136978471 50789955 268202225 14554278723 1669981 0 10542229 0 0 0
1791083514 1785, 2619, 42, 0x0000000000000000 | 5.41 6.61 7.00 | cpu  2136978660 50789955 268202584 14554305564 1669981 0 10542255 0 0 0
1791083516 1785, 2619, 42, 0x0000000000000000 | 5.41 6.61 7.00 | cpu  2136978881 50789955 268202870 14554331214 1669981 0 10542266 0 0 0
1791083517 1785, 2619, 42, 0x0000000000000000 | 5.30 6.57 6.98 | cpu  2136979224 50789955 268203117 14554356779 1669981 0 10542272 0 0 0
1791083518 1785, 2619, 42, 0x0000000000000000 | 5.30 6.57 6.98 | cpu  2136980469 50789956 268203343 14554381844 1669981 0 10542309 0 0 0
1791083519 1785, 2619, 42, 0x0000000000000000 | 5.30 6.57 6.98 | cpu  2136981678 50789956 268204252 14554405190 1669981 0 10542317 0 0 0
1791083520 1785, 2619, 42, 0x0000000000000000 | 5.30 6.57 6.98 | cpu  2136983383 50789956 268205706 14554427512 1669981 0 10542320 0 0 0
1791083521 1785, 2619, 42, 0x0000000000000000 | 5.11 6.51 6.96 | cpu  2136984956 50789956 268206966 14554449373 1669981 0 10542320 0 0 0
1791083522 1785, 2619, 42, 0x0000000000000000 | 5.11 6.51 6.96 | cpu  2136986564 50789956 268208487 14554472395 1669981 0 10542328 0 0 0
1791083524 1785, 2619, 42, 0x0000000000000000 | 5.11 6.51 6.96 | cpu  2136987816 50789956 268209648 14554494859 1669981 0 10542335 0 0 0
1791083525 1785, 2619, 42, 0x0000000000000000 | 5.11 6.51 6.96 | cpu  2136989252 50789956 268210940 14554517269 1669982 0 10542344 0 0 0
1791083526 1785, 2619, 42, 0x0000000000000000 | 5.10 6.48 6.95 | cpu  2136989532 50789956 268213564 14554539967 1669982 0 10542350 0 0 0
1791083527 1785, 2619, 42, 0x0000000000000000 | 5.10 6.48 6.95 | cpu  2136989932 50789956 268216860 14554563112 1669982 0 10542362 0 0 0
1791083528 1785, 2619, 42, 0x0000000000000000 | 5.10 6.48 6.95 | cpu  2136990266 50789956 268219796 14554586392 1669982 0 10542365 0 0 0
1791083529 1785, 2619, 42, 0x0000000000000000 | 5.10 6.48 6.95 | cpu  2136990674 50789956 268222764 14554609667 1669982 0 10542365 0 0 0
1791083531 1785, 2619, 42, 0x0000000000000000 | 5.10 6.48 6.95 | cpu  2136991161 50789956 268224447 14554633074 1669982 0 10542368 0 0 0
1791083532 1785, 2619, 42, 0x0000000000000000 | 5.01 6.44 6.93 | cpu  2136992058 50789956 268226830 14554656135 1669982 0 10542373 0 0 0
1791083533 1785, 2619, 43, 0x0000000000000000 | 5.01 6.44 6.93 | cpu  2136992725 50789956 268228364 14554679418 1669982 0 10542377 0 0 0
1791083534 1785, 2619, 43, 0x0000000000000000 | 5.01 6.44 6.93 | cpu  2136993632 50789956 268230653 14554701460 1669982 0 10542391 0 0 0
1791083535 1785, 2619, 43, 0x0000000000000000 | 5.01 6.44 6.93 | cpu  2136993828 50789956 268231358 14554727240 1669982 0 10542392 0 0 0
1791083536 1785, 2619, 43, 0x0000000000000000 | 4.93 6.40 6.92 | cpu  2136994269 50789956 268231892 14554751541 1669982 0 10542395 0 0 0
1791083538 1785, 2619, 43, 0x0000000000000000 | 4.93 6.40 6.92 | cpu  2136994567 50789956 268232082 14554776703 1669982 0 10542395 0 0 0
1791083539 1785, 2619, 43, 0x0000000000000000 | 4.93 6.40 6.92 | cpu  2136994798 50789956 268232192 14554801012 1669982 0 10542396 0 0 0
1791083540 1785, 2619, 43, 0x0000000000000000 | 4.93 6.40 6.92 | cpu  2136995494 50789957 268234141 14554823550 1669982 0 10542396 0 0 0
1791083541 1785, 2619, 43, 0x0000000000000000 | 4.86 6.36 6.90 | cpu  2136996423 50789957 268235179 14554846334 1669982 0 10542399 0 0 0
1791083542 1785, 2619, 43, 0x0000000000000000 | 4.86 6.36 6.90 | cpu  2136996700 50789957 268235373 14554870996 1669982 0 10542402 0 0 0
1791083543 1785, 2619, 43, 0x0000000000000000 | 4.86 6.36 6.90 | cpu  2136997015 50789957 268235640 14554898915 1669982 0 10542412 0 0 0
1791083544 1785, 2619, 43, 0x0000000000000000 | 4.86 6.36 6.90 | cpu  2136997331 50789957 268235949 14554924286 1669982 0 10542424 0 0 0
1791083546 1785, 2619, 43, 0x0000000000000000 | 4.86 6.36 6.90 | cpu  2136997648 50789957 268236219 14554948916 1669982 0 10542429 0 0 0
1791083547 1785, 2619, 43, 0x0000000000000000 | 4.95 6.35 6.90 | cpu  2136997956 50789957 268236477 14554974017 1669982 0 10542442 0 0 0
1791083548 1785, 2619, 43, 0x0000000000000000 | 4.95 6.35 6.90 | cpu  2136998227 50789957 268236673 14554998981 1669982 0 10542448 0 0 0
1791083549 1785, 2619, 43, 0x0000000000000000 | 4.95 6.35 6.90 | cpu  2136998804 50789957 268238355 14555021692 1669982 0 10542450 0 0 0
1791083550 1785, 2619, 43, 0x0000000000000000 | 4.95 6.35 6.90 | cpu  2136999134 50789957 268241490 14555044014 1669982 0 10542453 0 0 0
1791083551 1785, 2619, 43, 0x0000000000000000 | 4.71 6.28 6.87 | cpu  2136999646 50789957 268244187 14555067073 1669982 0 10542454 0 0 0
1791083552 1785, 2619, 43, 0x0000000000000000 | 4.71 6.28 6.87 | cpu  2137000364 50789957 268245741 14555090186 1669982 0 10542458 0 0 0
1791083554 1785, 2619, 43, 0x0000000000000000 | 4.71 6.28 6.87 | cpu  2137000976 50789957 268248452 14555112137 1669982 0 10542469 0 0 0
1791083555 1785, 2619, 43, 0x0000000000000000 | 4.71 6.28 6.87 | cpu  2137001858 50789958 268250002 14555134753 1669982 0 10542474 0 0 0
1791083556 1785, 2619, 43, 0x0000000000000000 | 4.90 6.29 6.87 | cpu  2137002680 50789958 268251926 14555156999 1669982 0 10542486 0 0 0
1791083557 1785, 2619, 43, 0x0000000000000000 | 4.90 6.29 6.87 | cpu  2137002884 50789958 268252317 14555182036 1669982 0 10542500 0 0 0
1791083558 1785, 2619, 43, 0x0000000000000000 | 4.90 6.29 6.87 | cpu  2137003060 50789958 268252683 14555207398 1669982 0 10542503 0 0 0
1791083559 1785, 2619, 43, 0x0000000000000000 | 4.90 6.29 6.87 | cpu  2137003472 50789958 268253601 14555231977 1669982 0 10542505 0 0 0
1791083560 1785, 2619, 43, 0x0000000000000000 | 4.90 6.29 6.87 | cpu  2137003738 50789958 268253762 14555256788 1669982 0 10542506 0 0 0
1791083562 1785, 2619, 43, 0x0000000000000000 | 4.74 6.24 6.85 | cpu  2137003992 50789958 268253876 14555281722 1669982 0 10542506 0 0 0
1791083563 1785, 2619, 43, 0x0000000000000000 | 4.74 6.24 6.85 | cpu  2137005067 50789958 268255718 14555303748 1669982 0 10542507 0 0 0
1791083564 1785, 2619, 43, 0x0000000000000000 | 4.74 6.24 6.85 | cpu  2137005607 50789958 268256616 14555328125 1669982 0 10542512 0 0 0
1791083565 1785, 2619, 43, 0x0000000000000000 | 4.74 6.24 6.85 | cpu  2137005905 50789958 268256827 14555353735 1669982 0 10542513 0 0 0
1791083566 1785, 2619, 43, 0x0000000000000000 | 4.76 6.22 6.84 | cpu  2137006264 50789958 268257140 14555379501 1669982 0 10542520 0 0 0
1791083567 1785, 2619, 43, 0x0000000000000000 | 4.76 6.22 6.84 | cpu  2137006627 50789959 268257428 14555404268 1669982 0 10542526 0 0 0
1791083568 1785, 2619, 43, 0x0000000000000000 | 4.76 6.22 6.84 | cpu  2137006906 50789959 268257727 14555428860 1669982 0 10542546 0 0 0
1791083570 1785, 2619, 43, 0x0000000000000000 | 4.76 6.22 6.84 | cpu  2137007216 50789959 268258073 14555453438 1669982 0 10542562 0 0 0
1791083571 1785, 2619, 43, 0x0000000000000000 | 4.76 6.22 6.84 | cpu  2137007494 50789959 268258399 14555478306 1669983 0 10542573 0 0 0
1791083572 1785, 2619, 43, 0x0000000000000000 | 4.86 6.21 6.84 | cpu  2137008201 50789959 268260310 14555501743 1669983 0 10542576 0 0 0
1791083573 1785, 2619, 43, 0x0000000000000000 | 4.86 6.21 6.84 | cpu  2137008758 50789959 268261732 14555525406 1669983 0 10542580 0 0 0
1791083574 1785, 2619, 43, 0x0000000000000000 | 4.86 6.21 6.84 | cpu  2137009099 50789959 268262009 14555550697 1669983 0 10542583 0 0 0
1791083575 1785, 2619, 43, 0x0000000000000000 | 4.86 6.21 6.84 | cpu  2137009644 50789959 268262303 14555575587 1669983 0 10542583 0 0 0
1791083576 1785, 2619, 43, 0x0000000000000000 | 4.87 6.19 6.83 | cpu  2137010117 50789959 268262631 14555599726 1669983 0 10542583 0 0 0
1791083578 1785, 2619, 43, 0x0000000000000000 | 4.87 6.19 6.83 | cpu  2137010445 50789960 268262960 14555624639 1669983 0 10542586 0 0 0
1791083579 1785, 2619, 43, 0x0000000000000000 | 4.87 6.19 6.83 | cpu  2137010862 50789960 268263280 14555648965 1669983 0 10542588 0 0 0
1791083580 1785, 2619, 43, 0x0000000000000000 | 4.87 6.19 6.83 | cpu  2137011186 50789960 268264211 14555673249 1669983 0 10542590 0 0 0
1791083581 1785, 2619, 43, 0x0000000000000000 | 4.80 6.16 6.81 | cpu  2137011727 50789960 268265138 14555696920 1669983 0 10542592 0 0 0
1791083582 1785, 2619, 43, 0x0000000000000000 | 4.80 6.16 6.81 | cpu  2137012270 50789961 268265464 14555722569 1669983 0 10542594 0 0 0
1791083583 1785, 2619, 43, 0x0000000000000000 | 4.80 6.16 6.81 | cpu  2137012533 50789961 268265702 14555747281 1669983 0 10542597 0 0 0
1791083584 1785, 2619, 43, 0x0000000000000000 | 4.80 6.16 6.81 | cpu  2137012971 50789961 268266071 14555771719 1669984 0 10542600 0 0 0
1791083586 1785, 2619, 43, 0x0000000000000000 | 4.80 6.16 6.81 | cpu  2137013338 50789961 268266340 14555797135 1669984 0 10542600 0 0 0
1791083587 1785, 2619, 43, 0x0000000000000000 | 4.82 6.14 6.80 | cpu  2137013762 50789962 268266646 14555822724 1669984 0 10542601 0 0 0
1791083588 1785, 2619, 43, 0x0000000000000000 | 4.82 6.14 6.80 | cpu  2137014170 50789962 268266878 14555849062 1669984 0 10542614 0 0 0
1791083589 1785, 2619, 43, 0x0000000000000000 | 4.82 6.14 6.80 | cpu  2137014721 50789962 268267106 14555873877 1669984 0 10542622 0 0 0
1791083590 1785, 2619, 43, 0x0000000000000000 | 4.82 6.14 6.80 | cpu  2137015262 50789962 268267384 14555898256 1669984 0 10542627 0 0 0
1791083591 1785, 2619, 43, 0x0000000000000000 | 5.16 6.18 6.81 | cpu  2137015735 50789962 268267802 14555922862 1669984 0 10542630 0 0 0
1791083593 1785, 2619, 43, 0x0000000000000000 | 5.16 6.18 6.81 | cpu  2137015943 50789962 268268082 14555947219 1669984 0 10542630 0 0 0
1791083594 1785, 2619, 43, 0x0000000000000000 | 5.16 6.18 6.81 | cpu  2137016760 50789962 268268334 14555971596 1669984 0 10542632 0 0 0
1791083595 1785, 2619, 43, 0x0000000000000000 | 5.16 6.18 6.81 | cpu  2137019979 50789962 268268586 14555993688 1669984 0 10542634 0 0 0
1791083596 1785, 2619, 43, 0x0000000000000000 | 12.03 7.59 7.27 | cpu  2137023259 50789962 268268810 14556015839 1669984 0 10542637 0 0 0
1791083597 1785, 2619, 43, 0x0000000000000000 | 12.03 7.59 7.27 | cpu  2137025521 50789962 268269070 14556038718 1669984 0 10542642 0 0 0
1791083598 1785, 2619, 43, 0x0000000000000000 | 12.03 7.59 7.27 | cpu  2137025769 50789962 268269228 14556063190 1669984 0 10542644 0 0 0
1791083599 1785, 2619, 43, 0x0000000000000000 | 12.03 7.59 7.27 | cpu  2137026019 50789962 268269349 14556088509 1669984 0 10542645 0 0 0
1791083600 1785, 2619, 43, 0x0000000000000000 | 12.03 7.59 7.27 | cpu  2137026277 50789962 268269488 14556113693 1669984 0 10542645 0 0 0
1791083602 1785, 2619, 43, 0x0000000000000000 | 11.31 7.52 7.24 | cpu  2137026516 50789962 268269610 14556138534 1669984 0 10542646 0 0 0
1791083603 1785, 2619, 43, 0x0000000000000000 | 11.31 7.52 7.24 | cpu  2137026783 50789962 268269780 14556165543 1669984 0 10542650 0 0 0
1791083604 1785, 2619, 43, 0x0000000000000000 | 11.31 7.52 7.24 | cpu  2137027084 50789963 268270069 14556190198 1669984 0 10542652 0 0 0
1791083605 1785, 2619, 43, 0x0000000000000000 | 11.31 7.52 7.24 | cpu  2137027377 50789963 268270386 14556215871 1669984 0 10542656 0 0 0
1791083606 1785, 2619, 43, 0x0000000000000000 | 10.80 7.47 7.23 | cpu  2137027678 50789963 268270690 14556240933 1669984 0 10542656 0 0 0
1791083607 1785, 2619, 43, 0x0000000000000000 | 10.80 7.47 7.23 | cpu  2137027966 50789963 268270984 14556265291 1669984 0 10542658 0 0 0
1791083609 1785, 2619, 43, 0x0000000000000000 | 10.80 7.47 7.23 | cpu  2137028227 50789963 268271215 14556290587 1669984 0 10542672 0 0 0
1791083610 1785, 2619, 43, 0x0000000000000000 | 10.80 7.47 7.23 | cpu  2137028479 50789963 268271349 14556316213 1669984 0 10542672 0 0 0
1791083611 1785, 2619, 43, 0x0000000000000000 | 10.26 7.41 7.21 | cpu  2137028717 50789963 268271475 14556341060 1669984 0 10542672 0 0 0
1791083612 1785, 2619, 43, 0x0000000000000000 | 10.26 7.41 7.21 | cpu  2137028969 50789965 268271605 14556365634 1669984 0 10542672 0 0 0
1791083613 1785, 2619, 43, 0x0000000000000000 | 10.26 7.41 7.21 | cpu  2137029196 50789965 268271726 14556390700 1669984 0 10542673 0 0 0
1791083614 1785, 2619, 43, 0x0000000000000000 | 10.26 7.41 7.21 | cpu  2137029558 50789966 268271978 14556416748 1669984 0 10542673 0 0 0
1791083615 1785, 2619, 43, 0x0000000000000000 | 10.26 7.41 7.21 | cpu  2137029845 50789966 268272295 14556441856 1669984 0 10542676 0 0 0
1791083617 1785, 2619, 43, 0x0000000000000000 | 9.84 7.37 7.20 | cpu  2137030138 50789966 268272604 14556467013 1669984 0 10542677 0 0 0
1791083618 1785, 2619, 43, 0x0000000000000000 | 9.84 7.37 7.20 | cpu  2137030449 50789966 268272893 14556494376 1669984 0 10542677 0 0 0
1791083619 1785, 2619, 43, 0x0000000000000000 | 9.84 7.37 7.20 | cpu  2137030757 50789966 268273156 14556521121 1669984 0 10542678 0 0 0
1791083620 1785, 2619, 43, 0x0000000000000000 | 9.84 7.37 7.20 | cpu  2137031032 50789966 268273358 14556546449 1669984 0 10542684 0 0 0
1791083621 1785, 2619, 43, 0x0000000000000000 | 9.29 7.30 7.18 | cpu  2137031388 50789966 268273522 14556572104 1669984 0 10542691 0 0 0
1791083623 1785, 2619, 43, 0x0000000000000000 | 9.29 7.30 7.18 | cpu  2137031754 50789966 268273716 14556596816 1669984 0 10542704 0 0 0
1791083624 1785, 2619, 43, 0x0000000000000000 | 9.29 7.30 7.18 | cpu  2137032128 50789966 268273950 14556623389 1669984 0 10542718 0 0 0
1791083625 1785, 2619, 43, 0x0000000000000000 | 9.29 7.30 7.18 | cpu  2137032518 50789966 268274235 14556647510 1669984 0 10542734 0 0 0
1791083626 1785, 2619, 43, 0x0000000000000000 | 8.94 7.26 7.17 | cpu  2137032839 50789967 268274498 14556672668 1669984 0 10542738 0 0 0
1791083627 1785, 2619, 43, 0x0000000000000000 | 8.94 7.26 7.17 | cpu  2137033135 50789967 268274797 14556697407 1669984 0 10542744 0 0 0
1791083628 1785, 2619, 43, 0x0000000000000000 | 8.94 7.26 7.17 | cpu  2137033392 50789967 268275060 14556721979 1669984 0 10542752 0 0 0
1791083629 1785, 2619, 43, 0x0000000000000000 | 8.94 7.26 7.17 | cpu  2137033666 50789967 268275304 14556748269 1669984 0 10542756 0 0 0
1791083631 1785, 2619, 43, 0x0000000000000000 | 8.94 7.26 7.17 | cpu  2137033950 50789967 268275537 14556774265 1669984 0 10542760 0 0 0
1791083632 1785, 2619, 43, 0x0000000000000000 | 8.55 7.21 7.15 | cpu  2137034220 50789967 268275762 14556799950 1669984 0 10542766 0 0 0
1791083633 1785, 2619, 43, 0x0000000000000000 | 8.55 7.21 7.15 | cpu  2137034462 50789967 268276015 14556825635 1669984 0 10542769 0 0 0
1791083634 1785, 2619, 43, 0x0000000000000000 | 8.55 7.21 7.15 | cpu  2137034772 50789967 268276408 14556850796 1669984 0 10542769 0 0 0
1791083635 1785, 2619, 43, 0x0000000000000000 | 8.55 7.21 7.15 | cpu  2137035077 50789967 268276813 14556875684 1669984 0 10542774 0 0 0
1791083636 1785, 2619, 43, 0x0000000000000000 | 8.26 7.17 7.14 | cpu  2137035379 50789967 268277123 14556900440 1669984 0 10542778 0 0 0
1791083638 1785, 2619, 43, 0x0000000000000000 | 8.26 7.17 7.14 | cpu  2137035712 50789968 268277523 14556927913 1669984 0 10542791 0 0 0
1791083639 1785, 2619, 43, 0x0000000000000000 | 8.26 7.17 7.14 | cpu  2137036004 50789968 268277876 14556952718 1669984 0 10542798 0 0 0
1791083640 1785, 2619, 43, 0x0000000000000000 | 8.26 7.17 7.14 | cpu  2137036274 50789968 268278132 14556977461 1669984 0 10542800 0 0 0
1791083641 1785, 2619, 43, 0x0000000000000000 | 7.92 7.12 7.12 | cpu  2137036546 50789968 268278366 14557003034 1669984 0 10542802 0 0 0
1791083642 1785, 2619, 43, 0x0000000000000000 | 7.92 7.12 7.12 | cpu  2137036825 50789968 268278576 14557028083 1669984 0 10542806 0 0 0
1791083643 1785, 2619, 43, 0x0000000000000000 | 7.92 7.12 7.12 | cpu  2137037067 50789968 268278754 14557052987 1669984 0 10542806 0 0 0
1791083645 1785, 2619, 43, 0x0000000000000000 | 7.92 7.12 7.12 | cpu  2137037362 50789968 268278976 14557078338 1669985 0 10542808 0 0 0
1791083646 1785, 2619, 43, 0x0000000000000000 | 7.92 7.12 7.12 | cpu  2137037651 50789968 268279169 14557103330 1669985 0 10542808 0 0 0
1791083647 1785, 2619, 43, 0x0000000000000000 | 7.61 7.07 7.10 | cpu  2137037934 50789968 268279386 14557128232 1669985 0 10542808 0 0 0
1791083648 1785, 2619, 43, 0x0000000000000000 | 7.61 7.07 7.10 | cpu  2137038222 50789968 268279616 14557154083 1669985 0 10542810 0 0 0
1791083649 1785, 2619, 43, 0x0000000000000000 | 7.61 7.07 7.10 | cpu  2137038501 50789968 268279826 14557179057 1669985 0 10542812 0 0 0
1791083650 1785, 2619, 43, 0x0000000000000000 | 7.61 7.07 7.10 | cpu  2137038764 50789969 268280057 14557204012 1669985 0 10542813 0 0 0
1791083651 1785, 2619, 43, 0x0000000000000000 | 7.32 7.02 7.09 | cpu  2137039038 50789969 268280284 14557230146 1669985 0 10542814 0 0 0
1791083653 1785, 2619, 43, 0x0000000000000000 | 7.32 7.02 7.09 | cpu  2137039320 50789969 268280503 14557257568 1669985 0 10542816 0 0 0
1791083654 1785, 2619, 43, 0x0000000000000000 | 7.32 7.02 7.09 | cpu  2137039603 50789969 268280776 14557282069 1669985 0 10542818 0 0 0
1791083655 1785, 2619, 43, 0x0000000000000000 | 7.32 7.02 7.09 | cpu  2137039883 50789969 268281052 14557306542 1669985 0 10542823 0 0 0
1791083656 1785, 2619, 43, 0x0000000000000000 | 7.13 6.98 7.07 | cpu  2137040181 50789969 268281364 14557331676 1669985 0 10542824 0 0 0
1791083657 1785, 2619, 43, 0x0000000000000000 | 7.13 6.98 7.07 | cpu  2137040477 50789969 268281567 14557357107 1669985 0 10542824 0 0 0
1791083658 1785, 2619, 43, 0x0000000000000000 | 7.13 6.98 7.07 | cpu  2137040717 50789969 268281738 14557382084 1669985 0 10542824 0 0 0
1791083660 1785, 2619, 43, 0x0000000000000000 | 7.13 6.98 7.07 | cpu  2137040982 50789969 268281890 14557407211 1669985 0 10542826 0 0 0
1791083661 1785, 2619, 43, 0x0000000000000000 | 7.13 6.98 7.07 | cpu  2137041258 50789969 268282099 14557432227 1669985 0 10542830 0 0 0
1791083662 1785, 2619, 43, 0x0000000000000000 | 6.88 6.93 7.06 | cpu  2137041519 50789969 268282318 14557457077 1669985 0 10542831 0 0 0
1791083663 1785, 2619, 43, 0x0000000000000000 | 6.88 6.93 7.06 | cpu  2137041757 50789969 268282523 14557482349 1669985 0 10542834 0 0 0
1791083664 1785, 2619, 43, 0x0000000000000000 | 6.88 6.93 7.06 | cpu  2137042076 50789969 268282817 14557507468 1669985 0 10542836 0 0 0
1791083665 1785, 2619, 43, 0x0000000000000000 | 6.88 6.93 7.06 | cpu  2137042390 50789970 268283162 14557532318 1669985 0 10542837 0 0 0
1791083666 1785, 2619, 43, 0x0000000000000000 | 7.13 6.98 7.07 | cpu  2137042837 50789970 268283677 14557557044 1669985 0 10542849 0 0 0
1791083668 1785, 2619, 43, 0x0000000000000000 | 7.13 6.98 7.07 | cpu  2137043171 50789970 268283923 14557583649 1669985 0 10542849 0 0 0
1791083669 1785, 2619, 43, 0x0000000000000000 | 7.13 6.98 7.07 | cpu  2137043530 50789970 268284256 14557611712 1669985 0 10542854 0 0 0
1791083670 1785, 2619, 43, 0x0000000000000000 | 7.13 6.98 7.07 | cpu  2137043825 50789970 268285106 14557636569 1669985 0 10542860 0 0 0
1791083671 1785, 2619, 43, 0x0000000000000000 | 6.88 6.93 7.06 | cpu  2137044102 50789970 268285280 14557661634 1669985 0 10542867 0 0 0
1791083672 1785, 2619, 43, 0x0000000000000000 | 6.88 6.93 7.06 | cpu  2137044382 50789970 268285500 14557689928 1669985 0 10542869 0 0 0
1791083674 1785, 2619, 43, 0x0000000000000000 | 6.88 6.93 7.06 | cpu  2137044670 50789970 268285747 14557714846 1669985 0 10542875 0 0 0
1791083675 1785, 2619, 43, 0x0000000000000000 | 6.88 6.93 7.06 | cpu  2137044961 50789970 268286056 14557739619 1669985 0 10542879 0 0 0
1791083676 1785, 2619, 43, 0x0000000000000000 | 6.73 6.90 7.05 | cpu  2137045279 50789970 268286355 14557764983 1669985 0 10542880 0 0 0
1791083677 1785, 2619, 43, 0x0000000000000000 | 6.73 6.90 7.05 | cpu  2137045593 50789970 268286648 14557790363 1669985 0 10542880 0 0 0
1791083678 1785, 2619, 43, 0x0000000000000000 | 6.73 6.90 7.05 | cpu  2137045845 50789970 268286851 14557815584 1669985 0 10542880 0 0 0
1791083679 1785, 2619, 43, 0x0000000000000000 | 6.73 6.90 7.05 | cpu  2137046099 50789970 268286977 14557841354 1669985 0 10542880 0 0 0
1791083681 1785, 2619, 43, 0x0000000000000000 | 6.73 6.90 7.05 | cpu  2137046361 50789971 268287116 14557867620 1669985 0 10542881 0 0 0
1791083682 1785, 2619, 43, 0x0000000000000000 | 6.43 6.84 7.02 | cpu  2137046641 50789971 268287260 14557893952 1669985 0 10542882 0 0 0
1791083683 1785, 2619, 43, 0x0000000000000000 | 6.43 6.84 7.02 | cpu  2137046875 50789971 268287424 14557918891 1669985 0 10542884 0 0 0
1791083684 1785, 2619, 43, 0x0000000000000000 | 6.43 6.84 7.02 | cpu  2137047184 50789971 268287702 14557944263 1669985 0 10542891 0 0 0
1791083685 1785, 2619, 42, 0x0000000000000000 | 6.43 6.84 7.02 | cpu  2137047480 50789971 268288004 14557969151 1669985 0 10542896 0 0 0
1791083686 1785, 2619, 42, 0x0000000000000000 | 6.32 6.81 7.01 | cpu  2137047798 50789971 268288311 14557995175 1669985 0 10542902 0 0 0
1791083688 1785, 2619, 42, 0x0000000000000000 | 6.32 6.81 7.01 | cpu  2137048081 50789971 268288579 14558020696 1669985 0 10542907 0 0 0
1791083689 1785, 2619, 42, 0x0000000000000000 | 6.32 6.81 7.01 | cpu  2137048375 50789971 268288854 14558045650 1669985 0 10542908 0 0 0
1791083690 1785, 2619, 42, 0x0000000000000000 | 6.32 6.81 7.01 | cpu  2137048623 50789971 268289001 14558070768 1669985 0 10542908 0 0 0
1791083691 1785, 2619, 42, 0x0000000000000000 | 6.05 6.74 6.99 | cpu  2137048869 50789971 268289130 14558095830 1669985 0 10542908 0 0 0
1791083692 1785, 2619, 42, 0x0000000000000000 | 6.05 6.74 6.99 | cpu  2137049118 50789971 268289253 14558120878 1669985 0 10542908 0 0 0
1791083693 1785, 2619, 42, 0x0000000000000000 | 6.05 6.74 6.99 | cpu  2137049354 50789971 268289376 14558145715 1669985 0 10542908 0 0 0
1791083695 1785, 2619, 42, 0x0000000000000000 | 6.05 6.74 6.99 | cpu  2137049670 50789971 268289633 14558171146 1669985 0 10542911 0 0 0
1791083696 1785, 2619, 42, 0x0000000000000000 | 6.05 6.74 6.99 | cpu  2137050000 50789971 268289944 14558196864 1669985 0 10542916 0 0 0
1791083697 1785, 2619, 42, 0x0000000000000000 | 6.13 6.75 6.99 | cpu  2137050393 50789971 268290345 14558221303 1669985 0 10542931 0 0 0
1791083698 1785, 2619, 42, 0x0000000000000000 | 6.13 6.75 6.99 | cpu  2137050689 50789971 268290692 14558246284 1669985 0 10542942 0 0 0
1791083699 1785, 2619, 42, 0x0000000000000000 | 6.13 6.75 6.99 | cpu  2137050986 50789971 268291067 14558271457 1669985 0 10542943 0 0 0
1791083700 1785, 2619, 42, 0x0000000000000000 | 6.13 6.75 6.99 | cpu  2137051262 50789971 268291386 14558296235 1669985 0 10542946 0 0 0
1791083701 1785, 2619, 42, 0x0000000000000000 | 5.96 6.70 6.98 | cpu  2137051532 50789971 268291645 14558321899 1669985 0 10542946 0 0 0
1791083703 1785, 2619, 42, 0x0000000000000000 | 5.96 6.70 6.98 | cpu  2137051850 50789972 268291898 14558347173 1669985 0 10542948 0 0 0
1791083704 1785, 2619, 42, 0x0000000000000000 | 5.96 6.70 6.98 | cpu  2137052116 50789972 268292120 14558372075 1669987 0 10542957 0 0 0
1791083705 1785, 2619, 42, 0x0000000000000000 | 5.96 6.70 6.98 | cpu  2137052418 50789972 268292328 14558397088 1669987 0 10542957 0 0 0
1791083706 1785, 2619, 42, 0x0000000000000000 | 5.96 6.69 6.97 | cpu  2137052724 50789972 268292568 14558422338 1669987 0 10542957 0 0 0
1791083707 1785, 2619, 42, 0x0000000000000000 | 5.96 6.69 6.97 | cpu  2137053037 50789972 268292892 14558448671 1669987 0 10542960 0 0 0
1791083708 1785, 2619, 42, 0x0000000000000000 | 5.96 6.69 6.97 | cpu  2137053328 50789972 268293162 14558474212 1669987 0 10542960 0 0 0
1791083710 1785, 2619, 42, 0x0000000000000000 | 5.96 6.69 6.97 | cpu  2137053607 50789972 268293407 14558499650 1669987 0 10542962 0 0 0
1791083711 1785, 2619, 42, 0x0000000000000000 | 5.96 6.69 6.97 | cpu  2137053878 50789972 268293630 14558524330 1669987 0 10542967 0 0 0
1791083712 1785, 2619, 42, 0x0000000000000000 | 5.80 6.64 6.95 | cpu  2137054149 50789972 268293870 14558549427 1669987 0 10542973 0 0 0
1791083713 1785, 2619, 42, 0x0000000000000000 | 5.80 6.64 6.95 | cpu  2137054384 50789972 268294065 14558573529 1669987 0 10542973 0 0 0
1791083714 1785, 2619, 42, 0x0000000000000000 | 5.80 6.64 6.95 | cpu  2137054658 50789972 268294318 14558598512 1669987 0 10542979 0 0 0
1791083715 1785, 2619, 42, 0x0000000000000000 | 5.80 6.64 6.95 | cpu  2137054946 50789972 268294625 14558623394 1669987 0 10542981 0 0 0
1791083716 1785, 2619, 42, 0x0000000000000000 | 5.82 6.63 6.95 | cpu  2137055280 50789972 268294934 14558649081 1669987 0 10542983 0 0 0
1791083718 1785, 2619, 42, 0x0000000000000000 | 5.82 6.63 6.95 | cpu  2137055557 50789972 268295242 14558673441 1669987 0 10542988 0 0 0
1791083719 1785, 2619, 42, 0x0000000000000000 | 5.82 6.63 6.95 | cpu  2137055878 50789973 268295649 14558698675 1669987 0 10542993 0 0 0
1791083720 1785, 2619, 42, 0x0000000000000000 | 5.82 6.63 6.95 | cpu  2137056165 50789973 268295939 14558723408 1669987 0 10543001 0 0 0
1791083721 1785, 2619, 42, 0x0000000000000000 | 6.23 6.71 6.97 | cpu  2137056445 50789973 268296259 14558748320 1669987 0 10543004 0 0 0
1791083722 1785, 2619, 42, 0x0000000000000000 | 6.23 6.71 6.97 | cpu  2137056712 50789973 268296503 14558772900 1669987 0 10543005 0 0 0
1791083723 1785, 2619, 42, 0x0000000000000000 | 6.23 6.71 6.97 | cpu  2137056964 50789973 268296718 14558798972 1669987 0 10543009 0 0 0
1791083724 1785, 2619, 42, 0x0000000000000000 | 6.23 6.71 6.97 | cpu  2137057252 50789973 268296915 14558824514 1669987 0 10543011 0 0 0
1791083726 1785, 2619, 42, 0x0000000000000000 | 6.23 6.71 6.97 | cpu  2137057537 50789973 268297132 14558849596 1669987 0 10543011 0 0 0
1791083727 1785, 2619, 42, 0x0000000000000000 | 6.13 6.68 6.96 | cpu  2137057843 50789974 268297351 14558875123 1669987 0 10543011 0 0 0
1791083728 1785, 2619, 42, 0x0000000000000000 | 6.13 6.68 6.96 | cpu  2137058146 50789974 268297574 14558901250 1669987 0 10543017 0 0 0
1791083729 1785, 2619, 42, 0x0000000000000000 | 6.13 6.68 6.96 | cpu  2137058436 50789974 268297888 14558926514 1669987 0 10543019 0 0 0
1791083730 1785, 2619, 42, 0x0000000000000000 | 6.13 6.68 6.96 | cpu  2137058714 50789974 268298224 14558951881 1669987 0 10543021 0 0 0
1791083731 1785, 2619, 42, 0x0000000000000000 | 6.04 6.65 6.95 | cpu  2137058999 50789974 268298546 14558977859 1669987 0 10543024 0 0 0
1791083733 1785, 2619, 42, 0x0000000000000000 | 6.04 6.65 6.95 | cpu  2137059240 50789975 268298750 14559003324 1669987 0 10543024 0 0 0
1791083734 1785, 2619, 42, 0x0000000000000000 | 6.04 6.65 6.95 | cpu  2137059522 50789975 268298983 14559028685 1669987 0 10543027 0 0 0
1791083735 1785, 2619, 42, 0x0000000000000000 | 6.04 6.65 6.95 | cpu  2137059834 50789975 268299299 14559054556 1669987 0 10543040 0 0 0
1791083736 1785, 2619, 42, 0x0000000000000000 | 5.96 6.62 6.94 | cpu  2137060113 50789975 268299511 14559079617 1669987 0 10543043 0 0 0
1791083737 1785, 2619, 42, 0x0000000000000000 | 5.96 6.62 6.94 | cpu  2137060434 50789975 268299734 14559109712 1669987 0 10543045 0 0 0
1791083739 1785, 2619, 42, 0x0000000000000000 | 5.96 6.62 6.94 | cpu  2137060734 50789975 268299941 14559135615 1669987 0 10543046 0 0 0
1791083740 1785, 2619, 42, 0x0000000000000000 | 5.96 6.62 6.94 | cpu  2137060974 50789975 268300071 14559160453 1669987 0 10543046 0 0 0
1791083741 1785, 2619, 42, 0x0000000000000000 | 5.96 6.61 6.93 | cpu  2137061241 50789975 268300276 14559185389 1669987 0 10543046 0 0 0
1791083742 1785, 2619, 42, 0x0000000000000000 | 5.96 6.61 6.93 | cpu  2137061510 50789975 268300492 14559210472 1669987 0 10543047 0 0 0
1791083743 1785, 2619, 42, 0x0000000000000000 | 5.96 6.61 6.93 | cpu  2137061769 50789975 268300706 14559235726 1669987 0 10543050 0 0 0
1791083744 1785, 2619, 42, 0x0000000000000000 | 5.96 6.61 6.93 | cpu  2137062127 50789975 268301078 14559261219 1669987 0 10543059 0 0 0
1791083746 1785, 2619, 42, 0x0000000000000000 | 5.96 6.61 6.93 | cpu  2137062419 50789975 268301523 14559286289 1669987 0 10543072 0 0 0
1791083747 1785, 2619, 42, 0x0000000000000000 | 6.05 6.62 6.93 | cpu  2137062720 50789975 268301971 14559311586 1669987 0 10543081 0 0 0
1791083748 1785, 2619, 42, 0x0000000000000000 | 6.05 6.62 6.93 | cpu  2137062944 50789975 268302257 14559336927 1669987 0 10543082 0 0 0
1791083749 1785, 2619, 42, 0x0000000000000000 | 6.05 6.62 6.93 | cpu  2137063171 50789975 268302486 14559362455 1669987 0 10543082 0 0 0
1791083750 1785, 2619, 42, 0x0000000000000000 | 6.05 6.62 6.93 | cpu  2137063341 50789975 268302723 14559388061 1669987 0 10543085 0 0 0
1791083751 1785, 2619, 42, 0x0000000000000000 | 5.80 6.56 6.91 | cpu  2137063490 50789975 268302950 14559413690 1669987 0 10543086 0 0 0
1791083753 1785, 2619, 42, 0x0000000000000000 | 5.80 6.56 6.91 | cpu  2137063658 50789975 268303187 14559439123 1669987 0 10543088 0 0 0
1791083754 1785, 2619, 42, 0x0000000000000000 | 5.80 6.56 6.91 | cpu  2137063831 50789975 268303413 14559464726 1669987 0 10543088 0 0 0
1791083755 1785, 2619, 42, 0x0000000000000000 | 5.80 6.56 6.91 | cpu  2137064032 50789975 268303697 14559489475 1669987 0 10543090 0 0 0
1791083756 1785, 2619, 42, 0x0000000000000000 | 5.74 6.53 6.90 | cpu  2137064236 50789975 268303980 14559514613 1669987 0 10543091 0 0 0
1791083757 1785, 2619, 42, 0x0000000000000000 | 5.74 6.53 6.90 | cpu  2137064484 50789975 268304304 14559540624 1669987 0 10543098 0 0 0
1791083758 1785, 2619, 42, 0x0000000000000000 | 5.74 6.53 6.90 | cpu  2137065181 50789975 268304859 14559565604 1669987 0 10543112 0 0 0
1791083760 1785, 2619, 42, 0x0000000000000000 | 5.74 6.53 6.90 | cpu  2137065508 50789975 268305052 14559591294 1669987 0 10543116 0 0 0
1791083761 1785, 2619, 42, 0x0000000000000000 | 5.74 6.53 6.90 | cpu  2137066654 50789976 268305649 14559615333 1669987 0 10543132 0 0 0
1791083762 1785, 2619, 42, 0x0000000000000000 | 5.60 6.49 6.89 | cpu  2137068303 50789976 268307149 14559638685 1669987 0 10543136 0 0 0
1791083763 1785, 2619, 42, 0x0000000000000000 | 5.60 6.49 6.89 | cpu  2137069528 50789976 268308107 14559660971 1669987 0 10543141 0 0 0
1791083764 1785, 2619, 42, 0x0000000000000000 | 5.60 6.49 6.89 | cpu  2137071436 50789976 268309813 14559682874 1669988 0 10543150 0 0 0
1791083765 1785, 2619, 42, 0x0000000000000000 | 5.60 6.49 6.89 | cpu  2137073194 50789976 268311363 14559705081 1669988 0 10543162 0 0 0
1791083766 1785, 2619, 42, 0x0000000000000000 | 14.52 8.32 7.48 | cpu  2137074959 50789976 268312881 14559727571 1669988 0 10543168 0 0 0
1791083768 1785, 2619, 42, 0x0000000000000000 | 14.52 8.32 7.48 | cpu  2137075653 50789976 268315209 14559748414 1669988 0 10543177 0 0 0
1791083769 1785, 2619, 42, 0x0000000000000000 | 14.52 8.32 7.48 | cpu  2137076055 50789976 268318272 14559771019 1669988 0 10543186 0 0 0
1791083770 1785, 2619, 42, 0x0000000000000000 | 14.52 8.32 7.48 | cpu  2137076404 50789976 268321484 14559793019 1669988 0 10543193 0 0 0
1791083771 1785, 2619, 42, 0x0000000000000000 | 13.60 8.23 7.45 | cpu  2137076765 50789976 268324352 14559814920 1669988 0 10543193 0 0 0
1791083772 1785, 2619, 42, 0x0000000000000000 | 13.60 8.23 7.45 | cpu  2137077296 50789976 268327180 14559839178 1669988 0 10543197 0 0 0
1791083773 1785, 2619, 42, 0x0000000000000000 | 13.60 8.23 7.45 | cpu  2137077995 50789976 268328600 14559862765 1669988 0 10543212 0 0 0
1791083774 1785, 2619, 42, 0x0000000000000000 | 13.60 8.23 7.45 | cpu  2137078545 50789976 268331229 14559884535 1669988 0 10543219 0 0 0
1791083776 1785, 2619, 42, 0x0000000000000000 | 13.60 8.23 7.45 | cpu  2137079391 50789976 268332654 14559907033 1669988 0 10543222 0 0 0
1791083777 1785, 2619, 42, 0x0000000000000000 | 12.83 8.16 7.43 | cpu  2137080045 50789976 268334374 14559929450 1669988 0 10543229 0 0 0
1791083778 1785, 2619, 43, 0x0000000000000000 | 12.83 8.16 7.43 | cpu  2137080211 50789976 268335170 14559953169 1669988 0 10543234 0 0 0
1791083779 1785, 2619, 43, 0x0000000000000000 | 12.83 8.16 7.43 | cpu  2137080614 50789976 268335595 14559977408 1669988 0 10543236 0 0 0
1791083780 1785, 2619, 43, 0x0000000000000000 | 12.83 8.16 7.43 | cpu  2137080869 50789976 268335713 14560002565 1669988 0 10543240 0 0 0
1791083781 1785, 2619, 43, 0x0000000000000000 | 12.12 8.10 7.42 | cpu  2137081126 50789976 268335880 14560027568 1669988 0 10543243 0 0 0
1791083782 1785, 2619, 43, 0x0000000000000000 | 12.12 8.10 7.42 | cpu  2137081663 50789976 268337680 14560049077 1669988 0 10543249 0 0 0
1791083783 1785, 2619, 43, 0x0000000000000000 | 12.12 8.10 7.42 | cpu  2137082483 50789976 268338772 14560073129 1669988 0 10543250 0 0 0
1791083785 1785, 2619, 43, 0x0000000000000000 | 12.12 8.10 7.42 | cpu  2137082858 50789976 268339061 14560099075 1669988 0 10543263 0 0 0
1791083786 1785, 2619, 43, 0x0000000000000000 | 12.12 8.10 7.42 | cpu  2137083166 50789976 268339462 14560124278 1669988 0 10543271 0 0 0
1791083787 1785, 2619, 43, 0x0000000000000000 | 11.71 8.08 7.41 | cpu  2137083504 50789976 268339814 14560152256 1669988 0 10543272 0 0 0
1791083788 1785, 2619, 43, 0x0000000000000000 | 11.71 8.08 7.41 | cpu  2137083840 50789976 268340101 14560178182 1669988 0 10543280 0 0 0
1791083789 1785, 2619, 43, 0x0000000000000000 | 11.71 8.08 7.41 | cpu  2137084134 50789976 268340318 14560203488 1669988 0 10543288 0 0 0
1791083791 1785, 2619, 43, 0x0000000000000000 | 11.71 8.08 7.41 | cpu  2137084597 50789976 268340872 14560228826 1669988 0 10543292 0 0 0
1791083792 1785, 2619, 43, 0x0000000000000000 | 10.93 7.98 7.38 | cpu  2137084937 50789976 268342772 14560252591 1669988 0 10543293 0 0 0
1791083793 1785, 2619, 43, 0x0000000000000000 | 10.93 7.98 7.38 | cpu  2137085321 50789976 268346004 14560275166 1669988 0 10543296 0 0 0
1791083794 1785, 2619, 43, 0x0000000000000000 | 10.93 7.98 7.38 | cpu  2137085812 50789976 268349007 14560297451 1669988 0 10543300 0 0 0
1791083795 1785, 2619, 43, 0x0000000000000000 | 10.93 7.98 7.38 | cpu  2137086634 50789976 268350531 14560321563 1669988 0 10543324 0 0 0
1791083796 1785, 2619, 43, 0x0000000000000000 | 10.38 7.91 7.37 | cpu  2137087428 50789976 268352959 14560343953 1669988 0 10543348 0 0 0
1791083798 1785, 2619, 43, 0x0000000000000000 | 10.38 7.91 7.37 | cpu  2137088364 50789976 268354835 14560366931 1669988 0 10543370 0 0 0
1791083799 1785, 2619, 43, 0x0000000000000000 | 10.38 7.91 7.37 | cpu  2137088956 50789977 268356186 14560389696 1669988 0 10543380 0 0 0
1791083800 1785, 2619, 43, 0x0000000000000000 | 10.38 7.91 7.37 | cpu  2137089130 50789977 268356566 14560414543 1669988 0 10543382 0 0 0
1791083801 1785, 2619, 43, 0x0000000000000000 | 9.79 7.83 7.34 | cpu  2137089475 50789977 268357610 14560439858 1669988 0 10543385 0 0 0
1791083802 1785, 2619, 43, 0x0000000000000000 | 9.79 7.83 7.34 | cpu  2137089726 50789977 268357794 14560464615 1669988 0 10543386 0 0 0
1791083803 1785, 2619, 43, 0x0000000000000000 | 9.79 7.83 7.34 | cpu  2137090008 50789977 268357924 14560490312 1669988 0 10543391 0 0 0
1791083805 1785, 2619, 43, 0x0000000000000000 | 9.79 7.83 7.34 | cpu  2137090403 50789977 268358315 14560514953 1669988 0 10543393 0 0 0
1791083806 1785, 2619, 43, 0x0000000000000000 | 9.79 7.83 7.34 | cpu  2137091357 50789977 268360190 14560536905 1669988 0 10543403 0 0 0
1791083807 1785, 2619, 43, 0x0000000000000000 | 9.32 7.76 7.32 | cpu  2137091838 50789977 268361092 14560560394 1669988 0 10543404 0 0 0
1791083808 1785, 2619, 43, 0x0000000000000000 | 9.32 7.76 7.32 | cpu  2137092136 50789977 268361314 14560586008 1669988 0 10543404 0 0 0
1791083809 1785, 2619, 43, 0x0000000000000000 | 9.32 7.76 7.32 | cpu  2137092487 50789977 268361639 14560611657 1669988 0 10543409 0 0 0
1791083810 1785, 2619, 43, 0x0000000000000000 | 9.32 7.76 7.32 | cpu  2137092791 50789977 268361981 14560636448 1669988 0 10543409 0 0 0
1791083811 1785, 2619, 43, 0x0000000000000000 | 8.98 7.72 7.31 | cpu  2137093080 50789977 268362288 14560661338 1669988 0 10543409 0 0 0
1791083812 1785, 2619, 43, 0x0000000000000000 | 8.98 7.72 7.31 | cpu  2137093351 50789977 268362485 14560686087 1669988 0 10543409 0 0 0
1791083814 1785, 2619, 43, 0x0000000000000000 | 8.98 7.72 7.31 | cpu  2137093836 50789977 268363021 14560710215 1669988 0 10543409 0 0 0
1791083815 1785, 2619, 43, 0x0000000000000000 | 8.98 7.72 7.31 | cpu  2137094583 50789977 268365173 14560731834 1669988 0 10543410 0 0 0
1791083816 1785, 2619, 43, 0x0000000000000000 | 8.98 7.72 7.31 | cpu  2137094960 50789977 268366148 14560755960 1669988 0 10543422 0 0 0
1791083817 1785, 2619, 43, 0x0000000000000000 | 8.58 7.66 7.29 | cpu  2137095432 50789977 268366500 14560781139 1669988 0 10543424 0 0 0
1791083818 1785, 2619, 43, 0x0000000000000000 | 8.58 7.66 7.29 | cpu  2137095727 50789977 268366761 14560805978 1669988 0 10543425 0 0 0
1791083819 1785, 2619, 43, 0x0000000000000000 | 8.58 7.66 7.29 | cpu  2137096156 50789977 268367128 14560830288 1669988 0 10543429 0 0 0
1791083820 1785, 2619, 43, 0x0000000000000000 | 8.58 7.66 7.29 | cpu  2137096668 50789977 268367571 14560856388 1669988 0 10543429 0 0 0
1791083822 1785, 2619, 43, 0x0000000000000000 | 8.45 7.64 7.29 | cpu  2137096920 50789977 268367806 14560881131 1669988 0 10543431 0 0 0
1791083823 1785, 2619, 43, 0x0000000000000000 | 8.45 7.64 7.29 | cpu  2137097426 50789977 268369544 14560905118 1669988 0 10543434 0 0 0
1791083824 1785, 2619, 43, 0x0000000000000000 | 8.45 7.64 7.29 | cpu  2137097845 50789977 268369872 14560930382 1669989 0 10543448 0 0 0
1791083825 1785, 2619, 43, 0x0000000000000000 | 8.45 7.64 7.29 | cpu  2137098316 50789977 268370234 14560954452 1669989 0 10543456 0 0 0
1791083826 1785, 2619, 43, 0x0000000000000000 | 8.17 7.60 7.28 | cpu  2137098653 50789977 268370540 14560979004 1669989 0 10543461 0 0 0
1791083827 1785, 2619, 43, 0x0000000000000000 | 8.17 7.60 7.28 | cpu  2137099095 50789977 268370839 14561003488 1669989 0 10543461 0 0 0
1791083828 1785, 2619, 43, 0x0000000000000000 | 8.17 7.60 7.28 | cpu  2137099602 50789977 268371182 14561027969 1669989 0 10543462 0 0 0
1791083830 1785, 2619, 43, 0x0000000000000000 | 8.17 7.60 7.28 | cpu  2137099896 50789977 268371388 14561053619 1669989 0 10543470 0 0 0
1791083831 1785, 2619, 43, 0x0000000000000000 | 8.17 7.60 7.28 | cpu  2137100412 50789977 268371537 14561078642 1669989 0 10543484 0 0 0
1791083832 1785, 2619, 43, 0x0000000000000000 | 8.08 7.59 7.28 | cpu  2137100940 50789977 268371768 14561104234 1669989 0 10543490 0 0 0
1791083833 1785, 2619, 43, 0x0000000000000000 | 8.08 7.59 7.28 | cpu  2137101495 50789977 268372008 14561129320 1669989 0 10543495 0 0 0
1791083834 1785, 2619, 43, 0x0000000000000000 | 8.08 7.59 7.28 | cpu  2137101804 50789977 268372296 14561153877 1669989 0 10543497 0 0 0
1791083835 1785, 2619, 43, 0x0000000000000000 | 8.08 7.59 7.28 | cpu  2137102548 50789977 268372609 14561178641 1669989 0 10543507 0 0 0
1791083836 1785, 2619, 43, 0x0000000000000000 | 7.91 7.56 7.27 | cpu  2137104440 50789977 268372872 14561201820 1669989 0 10543510 0 0 0
1791083838 1785, 2619, 43, 0x0000000000000000 | 7.91 7.56 7.27 | cpu  2137107853 50789977 268373110 14561224247 1669989 0 10543512 0 0 0
1791083839 1785, 2619, 43, 0x0000000000000000 | 7.91 7.56 7.27 | cpu  2137110904 50789977 268373348 14561247187 1669989 0 10543517 0 0 0
1791083840 1785, 2619, 43, 0x0000000000000000 | 7.91 7.56 7.27 | cpu  2137111860 50789977 268373546 14561271144 1669989 0 10543526 0 0 0
1791083841 1785, 2619, 43, 0x0000000000000000 | 7.60 7.50 7.25 | cpu  2137112109 50789977 268373660 14561295883 1669989 0 10543526 0 0 0
1791083842 1785, 2619, 43, 0x0000000000000000 | 7.60 7.50 7.25 | cpu  2137112342 50789978 268373766 14561320830 1669989 0 10543526 0 0 0
1791083843 1785, 2619, 43, 0x0000000000000000 | 7.60 7.50 7.25 | cpu  2137112596 50789978 268373890 14561345412 1669989 0 10543527 0 0 0
1791083844 1785, 2619, 43, 0x0000000000000000 | 7.60 7.50 7.25 | cpu  2137112857 50789978 268374044 14561370279 1669989 0 10543529 0 0 0
1791083846 1785, 2619, 43, 0x0000000000000000 | 7.60 7.50 7.25 | cpu  2137113161 50789978 268374324 14561394749 1669989 0 10543531 0 0 0
1791083847 1785, 2619, 43, 0x0000000000000000 | 7.39 7.46 7.24 | cpu  2137113464 50789978 268374617 14561421973 1669989 0 10543532 0 0 0
1791083848 1785, 2619, 43, 0x0000000000000000 | 7.39 7.46 7.24 | cpu  2137113764 50789978 268374919 14561447042 1669989 0 10543532 0 0 0
1791083849 1785, 2619, 43, 0x0000000000000000 | 7.39 7.46 7.24 | cpu  2137114074 50789978 268375208 14561471947 1669989 0 10543532 0 0 0
1791083850 1785, 2619, 43, 0x0000000000000000 | 7.39 7.46 7.24 | cpu  2137114350 50789978 268375491 14561496874 1669989 0 10543536 0 0 0
1791083851 1785, 2619, 43, 0x0000000000000000 | 7.12 7.40 7.22 | cpu  2137114626 50789978 268375758 14561521687 1669989 0 10543540 0 0 0
1791083853 1785, 2619, 43, 0x0000000000000000 | 7.12 7.40 7.22 | cpu  2137114861 50789979 268375870 14561546882 1669989 0 10543540 0 0 0
1791083854 1785, 2619, 43, 0x0000000000000000 | 7.12 7.40 7.22 | cpu  2137115100 50789979 268375996 14561572027 1669989 0 10543541 0 0 0
1791083855 1785, 2619, 43, 0x0000000000000000 | 7.12 7.40 7.22 | cpu  2137115386 50789979 268376164 14561597702 1669989 0 10543550 0 0 0
1791083856 1785, 2619, 43, 0x0000000000000000 | 7.11 7.40 7.22 | cpu  2137115684 50789979 268376393 14561623120 1669989 0 10543558 0 0 0
1791083857 1785, 2619, 43, 0x0000000000000000 | 7.11 7.40 7.22 | cpu  2137115956 50789979 268376645 14561647410 1669989 0 10543558 0 0 0
1791083858 1785, 2619, 43, 0x0000000000000000 | 7.11 7.40 7.22 | cpu  2137116262 50789979 268376937 14561672324 1669989 0 10543559 0 0 0
1791083859 1785, 2619, 43, 0x0000000000000000 | 7.11 7.40 7.22 | cpu  2137116578 50789979 268377251 14561698219 1669989 0 10543570 0 0 0
1791083861 1785, 2619, 43, 0x0000000000000000 | 7.11 7.40 7.22 | cpu  2137116867 50789979 268377484 14561724252 1669989 0 10543581 0 0 0
1791083862 1785, 2619, 43, 0x0000000000000000 | 6.94 7.36 7.21 | cpu  2137117126 50789979 268377684 14561749653 1669989 0 10543586 0 0 0
1791083863 1785, 2619, 43, 0x0000000000000000 | 6.94 7.36 7.21 | cpu  2137117384 50789979 268377858 14561774727 1669989 0 10543592 0 0 0
1791083864 1785, 2619, 43, 0x0000000000000000 | 6.94 7.36 7.21 | cpu  2137117633 50789979 268377993 14561800179 1669989 0 10543593 0 0 0
1791083865 1785, 2619, 43, 0x0000000000000000 | 6.94 7.36 7.21 | cpu  2137117901 50789979 268378166 14561825368 1669989 0 10543596 0 0 0
1791083866 1785, 2619, 43, 0x0000000000000000 | 6.78 7.32 7.20 | cpu  2137118194 50789979 268378399 14561850633 1669989 0 10543601 0 0 0
1791083868 1785, 2619, 43, 0x0000000000000000 | 6.78 7.32 7.20 | cpu  2137118465 50789980 268378592 14561875928 1669989 0 10543601 0 0 0
1791083869 1785, 2619, 43, 0x0000000000000000 | 6.78 7.32 7.20 | cpu  2137118769 50789980 268378878 14561900871 1669989 0 10543602 0 0 0
1791083870 1785, 2619, 43, 0x0000000000000000 | 6.78 7.32 7.20 | cpu  2137119082 50789980 268379181 14561926280 1669989 0 10543612 0 0 0
1791083871 1785, 2619, 43, 0x0000000000000000 | 6.80 7.31 7.19 | cpu  2137119362 50789980 268379424 14561952134 1669989 0 10543619 0 0 0
1791083872 1785, 2619, 43, 0x0000000000000000 | 6.80 7.31 7.19 | cpu  2137119609 50789980 268379652 14561977125 1669989 0 10543619 0 0 0
1791083873 1785, 2619, 43, 0x0000000000000000 | 6.80 7.31 7.19 | cpu  2137119878 50789980 268379880 14562002664 1669989 0 10543620 0 0 0
1791083874 1785, 2619, 43, 0x0000000000000000 | 6.80 7.31 7.19 | cpu  2137120160 50789980 268380057 14562027374 1669989 0 10543624 0 0 0
1791083876 1785, 2619, 43, 0x0000000000000000 | 6.80 7.31 7.19 | cpu  2137120449 50789980 268380295 14562052356 1669989 0 10543627 0 0 0
1791083877 1785, 2619, 43, 0x0000000000000000 | 6.66 7.27 7.18 | cpu  2137120792 50789980 268380736 14562076633 1669989 0 10543638 0 0 0
1791083878 1785, 2619, 43, 0x0000000000000000 | 6.66 7.27 7.18 | cpu  2137121142 50789981 268381001 14562101558 1669989 0 10543642 0 0 0
1791083879 1785, 2619, 43, 0x0000000000000000 | 6.66 7.27 7.18 | cpu  2137121450 50789981 268381312 14562126450 1669989 0 10543644 0 0 0
1791083880 1785, 2619, 43, 0x0000000000000000 | 6.66 7.27 7.18 | cpu  2137121819 50789981 268382524 14562151997 1669989 0 10543651 0 0 0
1791083881 1785, 2619, 43, 0x0000000000000000 | 6.77 7.29 7.19 | cpu  2137122139 50789982 268382817 14562177100 1669989 0 10543663 0 0 0
1791083883 1785, 2619, 43, 0x0000000000000000 | 6.77 7.29 7.19 | cpu  2137122421 50789982 268383081 14562202929 1669990 0 10543674 0 0 0
1791083884 1785, 2619, 43, 0x0000000000000000 | 6.77 7.29 7.19 | cpu  2137122728 50789982 268383370 14562228169 1669991 0 10543687 0 0 0
1791083885 1785, 2619, 43, 0x0000000000000000 | 6.77 7.29 7.19 | cpu  2137123033 50789982 268383631 14562252981 1669991 0 10543690 0 0 0
1791083886 1785, 2619, 43, 0x0000000000000000 | 6.77 7.29 7.19 | cpu  2137129398 50789982 268384020 14562270761 1669991 0 10543704 0 0 0
1791083887 1785, 2619, 43, 0x0000000000000000 | 6.86 7.30 7.19 | cpu  2137129678 50789982 268384417 14562295245 1669991 0 10543730 0 0 0
1791083888 1785, 2619, 43, 0x0000000000000000 | 6.86 7.30 7.19 | cpu  2137136159 50789982 268384720 14562313906 1669991 0 10543748 0 0 0
1791083889 1785, 2619, 43, 0x0000000000000000 | 6.86 7.30 7.19 | cpu  2137136488 50789982 268384971 14562338585 1669991 0 10543757 0 0 0
1791083891 1785, 2619, 43, 0x0000000000000000 | 6.86 7.30 7.19 | cpu  2137136758 50789982 268385133 14562364114 1669991 0 10543757 0 0 0
1791083892 1785, 2619, 43, 0x0000000000000000 | 6.64 7.24 7.17 | cpu  2137137008 50789982 268385338 14562389607 1669991 0 10543762 0 0 0
1791083893 1785, 2619, 43, 0x0000000000000000 | 6.64 7.24 7.17 | cpu  2137137268 50789982 268385551 14562414141 1669991 0 10543769 0 0 0
1791083894 1785, 2619, 43, 0x0000000000000000 | 6.64 7.24 7.17 | cpu  2137137556 50789982 268385787 14562439882 1669991 0 10543773 0 0 0
1791083895 1785, 2619, 43, 0x0000000000000000 | 6.64 7.24 7.17 | cpu  2137137844 50789982 268386047 14562465043 1669991 0 10543776 0 0 0
1791083896 1785, 2619, 43, 0x0000000000000000 | 6.50 7.21 7.16 | cpu  2137138137 50789982 268386354 14562489871 1669991 0 10543780 0 0 0
1791083897 1785, 2619, 43, 0x0000000000000000 | 6.50 7.21 7.16 | cpu  2137138416 50789982 268386551 14562515155 1669991 0 10543781 0 0 0
1791083899 1785, 2619, 43, 0x0000000000000000 | 6.50 7.21 7.16 | cpu  2137138693 50789982 268386765 14562540435 1669991 0 10543781 0 0 0
1791083900 1785, 2619, 43, 0x0000000000000000 | 6.50 7.21 7.16 | cpu  2137139009 50789982 268386983 14562567020 1669991 0 10543784 0 0 0
1791083901 1785, 2619, 43, 0x0000000000000000 | 6.50 7.21 7.16 | cpu  2137139275 50789983 268387194 14562592845 1669991 0 10543787 0 0 0
1791083902 1785, 2619, 43, 0x0000000000000000 | 6.46 7.19 7.16 | cpu  2137139508 50789983 268387340 14562617695 1669991 0 10543787 0 0 0
