1791120598 555, 2619, 43, 0x0000000000000001 | 3.38 3.14 2.69 | cpu  2150707010 50794044 276897559 15359435362 1687072 0 10816511 0 0 0
1791120599 345, 2619, 43, 0x0000000000000001 | 3.38 3.14 2.69 | cpu  2150707557 50794044 276897747 15359462848 1687072 0 10816534 0 0 0
1791120600 345, 2619, 42, 0x0000000000000001 | 3.27 3.12 2.69 | cpu  2150707683 50794044 276897836 15359488924 1687072 0 10816555 0 0 0
1791120602 345, 2619, 42, 0x0000000000000001 | 3.27 3.12 2.69 | cpu  2150708470 50794044 276897994 15359514113 1687072 0 10816582 0 0 0
1791120603 345, 2619, 42, 0x0000000000000001 | 3.27 3.12 2.69 | cpu  2150708556 50794044 276898084 15359539945 1687072 0 10816598 0 0 0
1791120604 345, 2619, 42, 0x0000000000000001 | 3.27 3.12 2.69 | cpu  2150708639 50794044 276898231 15359565932 1687073 0 10816622 0 0 0
1791120605 1785, 2619, 42, 0x0000000000000000 | 3.27 3.12 2.69 | cpu  2150709290 50794044 276898611 15359591749 1687073 0 10816648 0 0 0
1791120606 1785, 2619, 42, 0x0000000000000000 | 3.65 3.20 2.72 | cpu  2150709749 50794044 276898942 15359617216 1687079 0 10816670 0 0 0
1791120608 1785, 2619, 42, 0x0000000000000000 | 3.65 3.20 2.72 | cpu  2150710227 50794044 276899206 15359642599 1687079 0 10816686 0 0 0
1791120609 1785, 2619, 42, 0x0000000000000000 | 3.65 3.20 2.72 | cpu  2150710607 50794044 276899456 15359668648 1687081 0 10816698 0 0 0
1791120610 1785, 2619, 42, 0x0000000000000000 | 3.65 3.20 2.72 | cpu  2150711082 50794044 276899674 15359694543 1687081 0 10816711 0 0 0
1791120611 1785, 2619, 43, 0x0000000000000000 | 3.44 3.17 2.71 | cpu  2150711506 50794044 276899766 15359719752 1687081 0 10816720 0 0 0
1791120612 1785, 2619, 42, 0x0000000000000000 | 3.44 3.17 2.71 | cpu  2150711911 50794044 276899838 15359745323 1687081 0 10816733 0 0 0
1791120613 1785, 2619, 42, 0x0000000000000000 | 3.44 3.17 2.71 | cpu  2150712366 50794044 276899913 15359771526 1687081 0 10816744 0 0 0
1791120615 1785, 2619, 42, 0x0000000000000000 | 3.44 3.17 2.71 | cpu  2150712882 50794044 276900031 15359796143 1687081 0 10816757 0 0 0
1791120616 1785, 2619, 42, 0x0000000000000000 | 3.40 3.16 2.71 | cpu  2150713241 50794044 276900209 15359821245 1687081 0 10816772 0 0 0
1791120617 1785, 2619, 42, 0x0000000000000000 | 3.40 3.16 2.71 | cpu  2150713702 50794045 276900602 15359846832 1687085 0 10816789 0 0 0
1791120618 1785, 2619, 42, 0x0000000000000000 | 3.40 3.16 2.71 | cpu  2150714193 50794045 276900886 15359873093 1687085 0 10816810 0 0 0
1791120619 1785, 2619, 42, 0x0000000000000000 | 3.40 3.16 2.71 | cpu  2150714684 50794045 276901118 15359898358 1687085 0 10816829 0 0 0
1791120621 1785, 2619, 42, 0x0000000000000000 | 3.29 3.14 2.71 | cpu  2150715271 50794045 276901320 15359926288 1687085 0 10816856 0 0 0
1791120622 1785, 2619, 42, 0x0000000000000000 | 3.29 3.14 2.71 | cpu  2150715871 50794045 276901551 15359950724 1687085 0 10816887 0 0 0
1791120623 1785, 2619, 42, 0x0000000000000000 | 3.29 3.14 2.71 | cpu  2150716410 50794045 276901790 15359976757 1687085 0 10816920 0 0 0
1791120624 1785, 2619, 42, 0x0000000000000000 | 3.29 3.14 2.71 | cpu  2150716919 50794045 276901936 15360002206 1687085 0 10816952 0 0 0
1791120625 1785, 2619, 41, 0x0000000000000000 | 3.29 3.14 2.71 | cpu  2150717242 50794045 276902076 15360027192 1687085 0 10816962 0 0 0
1791120626 1785, 2619, 41, 0x0000000000000000 | 3.35 3.16 2.71 | cpu  2150717334 50794045 276902356 15360051781 1687086 0 10816985 0 0 0
1791120628 1785, 2619, 41, 0x0000000000000000 | 3.35 3.16 2.71 | cpu  2150717456 50794045 276902792 15360078014 1687086 0 10817012 0 0 0
1791120629 1785, 2619, 41, 0x0000000000000000 | 3.35 3.16 2.71 | cpu  2150717547 50794045 276903268 15360104106 1687094 0 10817047 0 0 0
1791120630 1785, 2619, 41, 0x0000000000000000 | 3.35 3.16 2.71 | cpu  2150717632 50794045 276903633 15360129152 1687094 0 10817079 0 0 0
1791120631 1785, 2619, 41, 0x0000000000000000 | 3.24 3.14 2.71 | cpu  2150717736 50794046 276903802 15360155634 1687094 0 10817094 0 0 0
1791120632 1785, 2619, 41, 0x0000000000000000 | 3.24 3.14 2.71 | cpu  2150717849 50794046 276903987 15360181666 1687094 0 10817106 0 0 0
1791120634 1785, 2619, 41, 0x0000000000000000 | 3.24 3.14 2.71 | cpu  2150718014 50794046 276904190 15360207963 1687094 0 10817122 0 0 0
1791120635 1785, 2619, 41, 0x0000000000000000 | 3.24 3.14 2.71 | cpu  2150718122 50794046 276904328 15360235223 1687094 0 10817134 0 0 0
1791120636 1785, 2619, 41, 0x0000000000000000 | 3.22 3.14 2.71 | cpu  2150718237 50794046 276904537 15360261573 1687094 0 10817158 0 0 0
1791120637 1785, 2619, 41, 0x0000000000000000 | 3.22 3.14 2.71 | cpu  2150718393 50794046 276904771 15360286751 1687094 0 10817169 0 0 0
1791120638 1785, 2619, 41, 0x0000000000000000 | 3.22 3.14 2.71 | cpu  2150718566 50794046 276904934 15360312150 1687102 0 10817180 0 0 0
1791120639 1785, 2619, 41, 0x0000000000000000 | 3.22 3.14 2.71 | cpu  2150718763 50794046 276905137 15360338615 1687109 0 10817194 0 0 0
1791120641 1785, 2619, 41, 0x0000000000000000 | 3.12 3.12 2.71 | cpu  2150718898 50794046 276905315 15360365081 1687109 0 10817217 0 0 0
1791120642 1785, 2619, 41, 0x0000000000000000 | 3.12 3.12 2.71 | cpu  2150719026 50794046 276905582 15360391439 1687112 0 10817249 0 0 0
1791120643 1785, 2619, 41, 0x0000000000000000 | 3.12 3.12 2.71 | cpu  2150719109 50794046 276905768 15360416310 1687112 0 10817264 0 0 0
1791120644 1785, 2619, 40, 0x0000000000000000 | 3.12 3.12 2.71 | cpu  2150719210 50794046 276905977 15360442826 1687112 0 10817288 0 0 0
1791120645 1785, 2619, 40, 0x0000000000000000 | 3.27 3.15 2.72 | cpu  2150719337 50794047 276906428 15360471084 1687113 0 10817312 0 0 0
1791120647 1785, 2619, 40, 0x0000000000000000 | 3.27 3.15 2.72 | cpu  2150719442 50794047 276906757 15360496495 1687113 0 10817346 0 0 0
1791120648 1785, 2619, 40, 0x0000000000000000 | 3.27 3.15 2.72 | cpu  2150719575 50794047 276907033 15360522479 1687113 0 10817372 0 0 0
1791120649 1785, 2619, 40, 0x0000000000000000 | 3.27 3.15 2.72 | cpu  2150719710 50794047 276907324 15360548879 1687113 0 10817397 0 0 0
1791120650 1785, 2619, 40, 0x0000000000000000 | 3.27 3.15 2.72 | cpu  2150719819 50794047 276907582 15360574025 1687113 0 10817421 0 0 0
1791120651 1785, 2619, 40, 0x0000000000000000 | 3.25 3.15 2.72 | cpu  2150719916 50794047 276907824 15360599894 1687113 0 10817446 0 0 0
1791120653 1785, 2619, 40, 0x0000000000000000 | 3.25 3.15 2.72 | cpu  2150720025 50794047 276908104 15360625554 1687113 0 10817469 0 0 0
1791120654 1785, 2619, 40, 0x0000000000000000 | 3.25 3.15 2.72 | cpu  2150720114 50794047 276908308 15360651365 1687113 0 10817486 0 0 0
1791120655 1785, 2619, 40, 0x0000000000000000 | 3.25 3.15 2.72 | cpu  2150720211 50794047 276908600 15360677016 1687115 0 10817498 0 0 0
1791120656 1785, 2619, 40, 0x0000000000000000 | 3.55 3.21 2.75 | cpu  2150720330 50794047 276908896 15360701779 1687121 0 10817511 0 0 0
1791120657 1785, 2619, 40, 0x0000000000000000 | 3.55 3.21 2.75 | cpu  2150720448 50794047 276909273 15360728149 1687126 0 10817542 0 0 0
1791120658 1785, 2619, 40, 0x0000000000000000 | 3.55 3.21 2.75 | cpu  2150720564 50794047 276909494 15360754017 1687126 0 10817577 0 0 0
1791120660 1785, 2619, 40, 0x0000000000000000 | 3.55 3.21 2.75 | cpu  2150720673 50794047 276909688 15360780488 1687126 0 10817598 0 0 0
1791120661 1785, 2619, 40, 0x0000000000000000 | 3.35 3.17 2.74 | cpu  2150720743 50794047 276909804 15360806773 1687126 0 10817618 0 0 0
1791120662 1785, 2619, 40, 0x0000000000000000 | 3.35 3.17 2.74 | cpu  2150720810 50794047 276909912 15360832457 1687126 0 10817641 0 0 0
1791120663 1785, 2619, 40, 0x0000000000000000 | 3.35 3.17 2.74 | cpu  2150720894 50794047 276910063 15360858207 1687126 0 10817663 0 0 0
1791120664 1785, 2619, 40, 0x0000000000000000 | 3.35 3.17 2.74 | cpu  2150720987 50794047 276910284 15360884361 1687127 0 10817684 0 0 0
1791120666 1785, 2619, 40, 0x0000000000000000 | 3.08 3.12 2.72 | cpu  2150721099 50794047 276910523 15360910779 1687127 0 10817704 0 0 0
1791120667 1785, 2619, 40, 0x0000000000000000 | 3.08 3.12 2.72 | cpu  2150721212 50794047 276910822 15360936757 1687127 0 10817722 0 0 0
1791120668 1785, 2619, 40, 0x0000000000000000 | 3.08 3.12 2.72 | cpu  2150721360 50794047 276911084 15360962686 1687127 0 10817738 0 0 0
1791120669 1785, 2619, 40, 0x0000000000000000 | 3.08 3.12 2.72 | cpu  2150721502 50794047 276911340 15360987812 1687127 0 10817752 0 0 0
1791120670 1785, 2619, 40, 0x0000000000000000 | 3.07 3.12 2.72 | cpu  2150721612 50794047 276911647 15361016582 1687127 0 10817769 0 0 0
1791120672 1785, 2619, 39, 0x0000000000000000 | 3.07 3.12 2.72 | cpu  2150721688 50794047 276911790 15361042641 1687132 0 10817785 0 0 0
1791120673 1785, 2619, 39, 0x0000000000000000 | 3.07 3.12 2.72 | cpu  2150721758 50794047 276911962 15361068777 1687146 0 10817812 0 0 0
1791120674 1785, 2619, 39, 0x0000000000000000 | 3.07 3.12 2.72 | cpu  2150721840 50794047 276912074 15361095135 1687146 0 10817829 0 0 0
1791120675 1785, 2619, 39, 0x0000000000000000 | 3.07 3.12 2.72 | cpu  2150721927 50794047 276912251 15361121851 1687146 0 10817850 0 0 0
1791120676 1785, 2619, 39, 0x0000000000000000 | 3.31 3.17 2.74 | cpu  2150722033 50794048 276912516 15361147642 1687146 0 10817873 0 0 0
1791120678 1785, 2619, 39, 0x0000000000000000 | 3.31 3.17 2.74 | cpu  2150722168 50794048 276912811 15361174064 1687146 0 10817892 0 0 0
1791120679 1785, 2619, 39, 0x0000000000000000 | 3.31 3.17 2.74 | cpu  2150722295 50794048 276913104 15361200268 1687146 0 10817910 0 0 0
1791120680 1785, 2619, 39, 0x0000000000000000 | 3.31 3.17 2.74 | cpu  2150722442 50794048 276913418 15361226718 1687147 0 10817927 0 0 0
1791120681 1785, 2619, 39, 0x0000000000000000 | 3.28 3.16 2.74 | cpu  2150722533 50794048 276913642 15361252336 1687147 0 10817952 0 0 0
1791120682 1785, 2619, 39, 0x0000000000000000 | 3.28 3.16 2.74 | cpu  2150722617 50794048 276913798 15361279219 1687147 0 10817974 0 0 0
1791120684 1785, 2619, 39, 0x0000000000000000 | 3.28 3.16 2.74 | cpu  2150722700 50794048 276913954 15361305894 1687147 0 10817986 0 0 0
1791120685 1785, 2619, 39, 0x0000000000000000 | 3.28 3.16 2.74 | cpu  2150722770 50794048 276914068 15361332804 1687147 0 10818005 0 0 0
1791120686 1785, 2619, 39, 0x0000000000000000 | 3.10 3.13 2.73 | cpu  2150722850 50794048 276914192 15361358334 1687147 0 10818033 0 0 0
1791120687 1785, 2619, 39, 0x0000000000000000 | 3.10 3.13 2.73 | cpu  2150722968 50794048 276914438 15361384889 1687147 0 10818055 0 0 0
1791120688 1785, 2619, 39, 0x0000000000000000 | 3.10 3.13 2.73 | cpu  2150723099 50794048 276914793 15361411590 1687155 0 10818070 0 0 0
1791120690 1785, 2619, 39, 0x0000000000000000 | 3.10 3.13 2.73 | cpu  2150723240 50794048 276915099 15361437387 1687155 0 10818098 0 0 0
1791120691 1785, 2619, 39, 0x0000000000000000 | 3.25 3.16 2.75 | cpu  2150723406 50794049 276915441 15361462335 1687155 0 10818168 0 0 0
1791120692 1785, 2619, 39, 0x0000000000000000 | 3.25 3.16 2.75 | cpu  2150723534 50794049 276915706 15361488361 1687155 0 10818206 0 0 0
1791120693 1785, 2619, 39, 0x0000000000000000 | 3.25 3.16 2.75 | cpu  2150723737 50794049 276916114 15361514762 1687155 0 10818246 0 0 0
1791120694 1785, 2619, 39, 0x0000000000000000 | 3.25 3.16 2.75 | cpu  2150723827 50794049 276916377 15361541358 1687155 0 10818272 0 0 0
1791120695 1785, 2619, 39, 0x0000000000000000 | 3.31 3.17 2.75 | cpu  2150723937 50794049 276916526 15361566388 1687155 0 10818283 0 0 0
1791120697 1785, 2619, 39, 0x0000000000000000 | 3.31 3.17 2.75 | cpu  2150724091 50794049 276917655 15361591495 1687155 0 10818310 0 0 0
1791120698 1785, 2619, 39, 0x0000000000000000 | 3.31 3.17 2.75 | cpu  2150724212 50794049 276917885 15361618371 1687159 0 10818336 0 0 0
1791120699 1785, 2619, 39, 0x0000000000000000 | 3.31 3.17 2.75 | cpu  2150724352 50794049 276918146 15361644775 1687159 0 10818357 0 0 0
1791120700 1785, 2619, 39, 0x0000000000000000 | 3.31 3.17 2.75 | cpu  2150724560 50794049 276918496 15361672720 1687167 0 10818386 0 0 0
1791120702 1785, 2619, 39, 0x0000000000000000 | 3.37 3.19 2.76 | cpu  2150724731 50794049 276918690 15361698960 1687168 0 10818402 0 0 0
1791120703 1785, 2619, 39, 0x0000000000000000 | 3.37 3.19 2.76 | cpu  2150724888 50794049 276918830 15361725038 1687168 0 10818419 0 0 0
1791120704 1785, 2619, 39, 0x0000000000000000 | 3.37 3.19 2.76 | cpu  2150725054 50794049 276918963 15361751312 1687168 0 10818442 0 0 0
1791120705 1785, 2619, 39, 0x0000000000000000 | 3.37 3.19 2.76 | cpu  2150725217 50794049 276919110 15361777161 1687168 0 10818463 0 0 0
1791120706 1785, 2619, 39, 0x0000000000000000 | 3.34 3.18 2.76 | cpu  2150725368 50794050 276919202 15361805724 1687168 0 10818496 0 0 0
1791120708 1785, 2619, 39, 0x0000000000000000 | 3.34 3.18 2.76 | cpu  2150725543 50794052 276919344 15361832186 1687168 0 10818515 0 0 0
1791120709 1785, 2619, 39, 0x0000000000000000 | 3.34 3.18 2.76 | cpu  2150725741 50794052 276919458 15361858973 1687168 0 10818542 0 0 0
1791120710 1785, 2619, 39, 0x0000000000000000 | 3.34 3.18 2.76 | cpu  2150725930 50794052 276919618 15361886005 1687168 0 10818564 0 0 0
1791120711 1785, 2619, 39, 0x0000000000000000 | 3.23 3.16 2.76 | cpu  2150726104 50794052 276919801 15361912709 1687173 0 10818598 0 0 0
1791120712 1785, 2619, 39, 0x0000000000000000 | 3.23 3.16 2.76 | cpu  2150726269 50794052 276919944 15361938609 1687173 0 10818625 0 0 0
1791120714 1785, 2619, 39, 0x0000000000000000 | 3.23 3.16 2.76 | cpu  2150726422 50794052 276920091 15361964973 1687173 0 10818642 0 0 0
1791120715 1785, 2619, 39, 0x0000000000000000 | 3.23 3.16 2.76 | cpu  2150726580 50794052 276920246 15361991299 1687174 0 10818667 0 0 0
1791120716 1785, 2619, 39, 0x0000000000000000 | 3.29 3.18 2.76 | cpu  2150726732 50794052 276920386 15362017162 1687174 0 10818690 0 0 0
1791120717 1785, 2619, 39, 0x0000000000000000 | 3.29 3.18 2.76 | cpu  2150726920 50794052 276920595 15362043734 1687174 0 10818707 0 0 0
1791120718 1785, 2619, 39, 0x0000000000000000 | 3.29 3.18 2.76 | cpu  2150727098 50794052 276920726 15362070273 1687174 0 10818723 0 0 0
1791120720 1785, 2619, 39, 0x0000000000000000 | 3.29 3.18 2.76 | cpu  2150727260 50794052 276920867 15362095659 1687174 0 10818754 0 0 0
1791120721 1785, 2619, 39, 0x0000000000000000 | 3.19 3.16 2.76 | cpu  2150727420 50794052 276921002 15362122074 1687174 0 10818775 0 0 0
1791120722 1785, 2619, 39, 0x0000000000000000 | 3.19 3.16 2.76 | cpu  2150727563 50794053 276921068 15362148624 1687174 0 10818793 0 0 0
1791120723 1785, 2619, 39, 0x0000000000000000 | 3.19 3.16 2.76 | cpu  2150727779 50794053 276921238 15362173681 1687175 0 10818818 0 0 0
1791120724 1785, 2619, 39, 0x0000000000000000 | 3.19 3.16 2.76 | cpu  2150727944 50794054 276921383 15362199858 1687175 0 10818832 0 0 0
1791120726 1785, 2619, 39, 0x0000000000000000 | 3.17 3.15 2.76 | cpu  2150728106 50794054 276921592 15362226150 1687178 0 10818850 0 0 0
1791120727 1785, 2619, 39, 0x0000000000000000 | 3.17 3.15 2.76 | cpu  2150728275 50794054 276921836 15362250593 1687183 0 10818866 0 0 0
1791120728 1785, 2619, 39, 0x0000000000000000 | 3.17 3.15 2.76 | cpu  2150728468 50794054 276922079 15362276723 1687183 0 10818886 0 0 0
1791120729 1785, 2619, 39, 0x0000000000000000 | 3.17 3.15 2.76 | cpu  2150728674 50794054 276922298 15362303790 1687183 0 10818903 0 0 0
1791120730 1785, 2619, 39, 0x0000000000000000 | 3.17 3.15 2.76 | cpu  2150728857 50794054 276922446 15362330602 1687183 0 10818924 0 0 0
1791120732 1785, 2619, 39, 0x0000000000000000 | 3.32 3.18 2.77 | cpu  2150729021 50794054 276922614 15362357092 1687183 0 10818943 0 0 0
1791120733 1785, 2619, 39, 0x0000000000000000 | 3.32 3.18 2.77 | cpu  2150729151 50794054 276922674 15362382898 1687183 0 10818952 0 0 0
1791120734 1785, 2619, 39, 0x0000000000000000 | 3.32 3.18 2.77 | cpu  2150729309 50794054 276922808 15362409011 1687183 0 10818975 0 0 0
1791120735 1785, 2619, 39, 0x0000000000000000 | 3.32 3.18 2.77 | cpu  2150729471 50794054 276922995 15362437158 1687192 0 10818986 0 0 0
1791120736 1785, 2619, 39, 0x0000000000000000 | 3.21 3.16 2.77 | cpu  2150729619 50794054 276923148 15362462074 1687192 0 10818990 0 0 0
1791120737 1785, 2619, 39, 0x0000000000000000 | 3.21 3.16 2.77 | cpu  2150729796 50794054 276923348 15362487417 1687192 0 10818990 0 0 0
1791120739 1785, 2619, 39, 0x0000000000000000 | 3.21 3.16 2.77 | cpu  2150729966 50794054 276923622 15362512088 1687193 0 10818991 0 0 0
1791120740 1785, 2619, 39, 0x0000000000000000 | 3.21 3.16 2.77 | cpu  2150730181 50794054 276923900 15362537442 1687199 0 10818997 0 0 0
1791120741 1785, 2619, 39, 0x0000000000000000 | 3.20 3.16 2.77 | cpu  2150730364 50794054 276924077 15362562127 1687199 0 10818999 0 0 0
1791120742 1785, 2619, 39, 0x0000000000000000 | 3.20 3.16 2.77 | cpu  2150730502 50794054 276924156 15362587601 1687199 0 10819003 0 0 0
1791120743 1785, 2619, 39, 0x0000000000000000 | 3.20 3.16 2.77 | cpu  2150730653 50794054 276924208 15362613144 1687199 0 10819012 0 0 0
1791120744 1785, 2619, 39, 0x0000000000000000 | 3.20 3.16 2.77 | cpu  2150730814 50794054 276924259 15362639058 1687199 0 10819029 0 0 0
1791120745 1785, 2619, 39, 0x0000000000000000 | 3.26 3.18 2.78 | cpu  2150730954 50794054 276924306 15362664584 1687199 0 10819044 0 0 0
1791120747 1785, 2619, 39, 0x0000000000000000 | 3.26 3.18 2.78 | cpu  2150731143 50794054 276924451 15362690851 1687199 0 10819068 0 0 0
1791120748 1785, 2619, 39, 0x0000000000000000 | 3.26 3.18 2.78 | cpu  2150731354 50794054 276924690 15362716964 1687199 0 10819090 0 0 0
1791120749 1785, 2619, 39, 0x0000000000000000 | 3.26 3.18 2.78 | cpu  2150731579 50794054 276924925 15362743592 1687199 0 10819105 0 0 0
1791120750 1785, 2619, 39, 0x0000000000000000 | 3.26 3.18 2.78 | cpu  2150731780 50794054 276925150 15362770089 1687199 0 10819140 0 0 0
1791120751 1785, 2619, 39, 0x0000000000000000 | 3.32 3.19 2.78 | cpu  2150731964 50794055 276925372 15362794811 1687199 0 10819156 0 0 0
1791120753 1785, 2619, 39, 0x0000000000000000 | 3.32 3.19 2.78 | cpu  2150732139 50794055 276925591 15362820900 1687202 0 10819172 0 0 0
1791120754 1785, 2619, 39, 0x0000000000000000 | 3.32 3.19 2.78 | cpu  2150732293 50794055 276925676 15362847027 1687205 0 10819197 0 0 0
1791120755 1785, 2619, 39, 0x0000000000000000 | 3.32 3.19 2.78 | cpu  2150732432 50794055 276925723 15362872615 1687205 0 10819221 0 0 0
1791120756 1785, 2619, 39, 0x0000000000000000 | 3.29 3.19 2.78 | cpu  2150732558 50794055 276925776 15362897654 1687205 0 10819240 0 0 0
1791120757 1785, 2619, 39, 0x0000000000000000 | 3.29 3.19 2.78 | cpu  2150732720 50794055 276925877 15362924138 1687205 0 10819270 0 0 0
1791120758 1785, 2619, 39, 0x0000000000000000 | 3.29 3.19 2.78 | cpu  2150732900 50794055 276926072 15362949494 1687205 0 10819301 0 0 0
1791120760 1785, 2619, 39, 0x0000000000000000 | 3.29 3.19 2.78 | cpu  2150733111 50794055 276926303 15362975559 1687205 0 10819320 0 0 0
1791120761 1785, 2619, 39, 0x0000000000000000 | 3.35 3.20 2.79 | cpu  2150733284 50794055 276926518 15363001268 1687207 0 10819337 0 0 0
1791120762 1785, 2619, 39, 0x0000000000000000 | 3.35 3.20 2.79 | cpu  2150733476 50794055 276926743 15363026587 1687207 0 10819356 0 0 0
1791120763 1785, 2619, 39, 0x0000000000000000 | 3.35 3.20 2.79 | cpu  2150733640 50794056 276926886 15363052831 1687207 0 10819378 0 0 0
1791120764 1785, 2619, 39, 0x0000000000000000 | 3.35 3.20 2.79 | cpu  2150733810 50794056 276927066 15363079162 1687209 0 10819395 0 0 0
1791120766 1785, 2619, 39, 0x0000000000000000 | 3.24 3.18 2.79 | cpu  2150733952 50794056 276927146 15363105584 1687209 0 10819407 0 0 0
1791120767 1785, 2619, 39, 0x0000000000000000 | 3.24 3.18 2.79 | cpu  2150734095 50794056 276927198 15363131264 1687209 0 10819424 0 0 0
1791120768 1785, 2619, 39, 0x0000000000000000 | 3.24 3.18 2.79 | cpu  2150734273 50794056 276927322 15363157588 1687209 0 10819446 0 0 0
1791120769 1785, 2619, 39, 0x0000000000000000 | 3.24 3.18 2.79 | cpu  2150734448 50794056 276927458 15363184444 1687209 0 10819463 0 0 0
1791120770 1785, 2619, 39, 0x0000000000000000 | 3.24 3.18 2.79 | cpu  2150734634 50794056 276927650 15363210632 1687209 0 10819479 0 0 0
1791120772 1785, 2619, 39, 0x0000000000000000 | 3.38 3.21 2.80 | cpu  2150734831 50794056 276928035 15363236673 1687214 0 10819516 0 0 0
1791120773 1785, 2619, 39, 0x0000000000000000 | 3.38 3.21 2.80 | cpu  2150734994 50794056 276928359 15363262686 1687218 0 10819552 0 0 0
1791120774 1785, 2619, 39, 0x0000000000000000 | 3.38 3.21 2.80 | cpu  2150735149 50794056 276928531 15363287680 1687223 0 10819570 0 0 0
1791120775 1785, 2619, 39, 0x0000000000000000 | 3.38 3.21 2.80 | cpu  2150735316 50794056 276928677 15363316168 1687223 0 10819598 0 0 0
1791120776 1785, 2619, 39, 0x0000000000000000 | 3.27 3.19 2.79 | cpu  2150735478 50794056 276928840 15363342190 1687223 0 10819616 0 0 0
1791120778 1785, 2619, 39, 0x0000000000000000 | 3.27 3.19 2.79 | cpu  2150735643 50794056 276928980 15363368963 1687225 0 10819635 0 0 0
1791120779 1785, 2619, 39, 0x0000000000000000 | 3.27 3.19 2.79 | cpu  2150735804 50794056 276929118 15363394265 1687225 0 10819659 0 0 0
1791120780 1785, 2619, 39, 0x0000000000000000 | 3.27 3.19 2.79 | cpu  2150735996 50794056 276929310 15363422699 1687226 0 10819688 0 0 0
1791120781 1785, 2619, 39, 0x0000000000000000 | 3.17 3.17 2.79 | cpu  2150736170 50794056 276929453 15363448262 1687226 0 10819719 0 0 0
1791120782 1785, 2619, 39, 0x0000000000000000 | 3.17 3.17 2.79 | cpu  2150736352 50794056 276929631 15363474071 1687226 0 10819746 0 0 0
1791120784 1785, 2619, 39, 0x0000000000000000 | 3.17 3.17 2.79 | cpu  2150736526 50794056 276929778 15363500347 1687226 0 10819770 0 0 0
1791120785 1785, 2619, 39, 0x0000000000000000 | 3.17 3.17 2.79 | cpu  2150736680 50794056 276929934 15363526943 1687226 0 10819803 0 0 0
1791120786 1785, 2619, 39, 0x0000000000000000 | 3.08 3.15 2.79 | cpu  2150736831 50794056 276930089 15363553646 1687226 0 10819824 0 0 0
1791120787 1785, 2619, 39, 0x0000000000000000 | 3.08 3.15 2.79 | cpu  2150737002 50794056 276930254 15363579886 1687226 0 10819841 0 0 0
1791120788 1785, 2619, 39, 0x0000000000000000 | 3.08 3.15 2.79 | cpu  2150737208 50794056 276930496 15363606404 1687226 0 10819865 0 0 0
1791120790 1785, 2619, 39, 0x0000000000000000 | 3.08 3.15 2.79 | cpu  2150737375 50794056 276930630 15363631941 1687226 0 10819885 0 0 0
1791120791 1785, 2619, 39, 0x0000000000000000 | 2.99 3.13 2.78 | cpu  2150737526 50794056 276930759 15363657402 1687226 0 10819909 0 0 0
1791120792 1785, 2619, 39, 0x0000000000000000 | 2.99 3.13 2.78 | cpu  2150737702 50794056 276930880 15363682271 1687226 0 10819923 0 0 0
1791120793 1785, 2619, 39, 0x0000000000000000 | 2.99 3.13 2.78 | cpu  2150737844 50794056 276930976 15363708391 1687226 0 10819934 0 0 0
1791120794 1785, 2619, 39, 0x0000000000000000 | 2.99 3.13 2.78 | cpu  2150738005 50794056 276931188 15363734698 1687229 0 10819946 0 0 0
1791120795 1785, 2619, 39, 0x0000000000000000 | 2.99 3.13 2.78 | cpu  2150738149 50794056 276931361 15363760693 1687231 0 10819954 0 0 0
1791120797 1785, 2619, 39, 0x0000000000000000 | 2.91 3.11 2.78 | cpu  2150738314 50794056 276931514 15363787489 1687231 0 10819974 0 0 0
1791120798 1785, 2619, 39, 0x0000000000000000 | 2.91 3.11 2.78 | cpu  2150738493 50794057 276931720 15363813137 1687231 0 10819996 0 0 0
1791120799 1785, 2619, 39, 0x0000000000000000 | 2.91 3.11 2.78 | cpu  2150738686 50794057 276931962 15363839480 1687231 0 10820021 0 0 0
1791120800 1785, 2619, 39, 0x0000000000000000 | 2.91 3.11 2.78 | cpu  2150738883 50794057 276932169 15363865708 1687231 0 10820044 0 0 0
1791120801 1785, 2619, 39, 0x0000000000000000 | 2.84 3.09 2.77 | cpu  2150739068 50794057 276932287 15363891398 1687231 0 10820064 0 0 0
1791120803 1785, 2619, 39, 0x0000000000000000 | 2.84 3.09 2.77 | cpu  2150739235 50794057 276932398 15363917494 1687231 0 10820084 0 0 0
1791120804 1785, 2619, 39, 0x0000000000000000 | 2.84 3.09 2.77 | cpu  2150739368 50794057 276932450 15363943459 1687231 0 10820102 0 0 0
1791120805 1785, 2619, 39, 0x0000000000000000 | 2.84 3.09 2.77 | cpu  2150739504 50794057 276932569 15363972480 1687232 0 10820114 0 0 0
1791120806 1785, 2619, 39, 0x0000000000000000 | 2.85 3.09 2.77 | cpu  2150739654 50794057 276932695 15363997370 1687233 0 10820131 0 0 0
1791120807 1785, 2619, 39, 0x0000000000000000 | 2.85 3.09 2.77 | cpu  2150739826 50794057 276932954 15364023004 1687233 0 10820146 0 0 0
1791120808 1785, 2619, 39, 0x0000000000000000 | 2.85 3.09 2.77 | cpu  2150740020 50794057 276933277 15364047916 1687233 0 10820153 0 0 0
1791120810 1785, 2619, 39, 0x0000000000000000 | 2.85 3.09 2.77 | cpu  2150740212 50794057 276933725 15364073613 1687257 0 10820174 0 0 0
1791120811 1785, 2619, 39, 0x0000000000000000 | 2.94 3.11 2.78 | cpu  2150740384 50794057 276933966 15364098950 1687269 0 10820192 0 0 0
1791120812 1785, 2619, 39, 0x0000000000000000 | 2.94 3.11 2.78 | cpu  2150740584 50794057 276934185 15364124360 1687269 0 10820210 0 0 0
1791120813 1785, 2619, 39, 0x0000000000000000 | 2.94 3.11 2.78 | cpu  2150740739 50794057 276934296 15364150480 1687269 0 10820231 0 0 0
1791120814 1785, 2619, 39, 0x0000000000000000 | 2.94 3.11 2.78 | cpu  2150740880 50794057 276934354 15364176231 1687269 0 10820253 0 0 0
1791120815 1785, 2619, 39, 0x0000000000000000 | 2.95 3.10 2.78 | cpu  2150741009 50794057 276934407 15364202022 1687269 0 10820281 0 0 0
1791120817 1785, 2619, 39, 0x0000000000000000 | 2.95 3.10 2.78 | cpu  2150741146 50794057 276934456 15364228405 1687269 0 10820314 0 0 0
1791120818 1785, 2619, 39, 0x0000000000000000 | 2.95 3.10 2.78 | cpu  2150741313 50794057 276934594 15364254968 1687269 0 10820362 0 0 0
1791120819 1785, 2619, 39, 0x0000000000000000 | 2.95 3.10 2.78 | cpu  2150741500 50794057 276934826 15364280926 1687269 0 10820388 0 0 0
1791120820 1785, 2619, 39, 0x0000000000000000 | 2.95 3.10 2.78 | cpu  2150741691 50794057 276935026 15364306631 1687269 0 10820405 0 0 0
1791120821 1785, 2619, 39, 0x0000000000000000 | 2.95 3.10 2.78 | cpu  2150741891 50794057 276935243 15364331689 1687271 0 10820426 0 0 0
1791120823 1785, 2619, 39, 0x0000000000000000 | 2.95 3.10 2.78 | cpu  2150742087 50794057 276935465 15364357209 1687271 0 10820442 0 0 0
1791120824 1785, 2619, 39, 0x0000000000000000 | 2.95 3.10 2.78 | cpu  2150742249 50794057 276935628 15364383179 1687271 0 10820458 0 0 0
1791120825 1785, 2619, 39, 0x0000000000000000 | 2.95 3.10 2.78 | cpu  2150742393 50794057 276935764 15364411014 1687271 0 10820478 0 0 0
1791120826 1785, 2619, 39, 0x0000000000000000 | 3.04 3.12 2.79 | cpu  2150742533 50794057 276935883 15364436601 1687274 0 10820494 0 0 0
1791120827 1785, 2619, 39, 0x0000000000000000 | 3.04 3.12 2.79 | cpu  2150742668 50794057 276935922 15364461937 1687274 0 10820524 0 0 0
1791120828 1785, 2619, 39, 0x0000000000000000 | 3.04 3.12 2.79 | cpu  2150742825 50794057 276936025 15364486753 1687274 0 10820546 0 0 0
1791120830 1785, 2619, 39, 0x0000000000000000 | 3.04 3.12 2.79 | cpu  2150743006 50794058 276936220 15364512451 1687274 0 10820570 0 0 0
1791120831 1785, 2619, 39, 0x0000000000000000 | 3.03 3.12 2.79 | cpu  2150743188 50794058 276936424 15364537879 1687274 0 10820597 0 0 0
1791120832 1785, 2619, 39, 0x0000000000000000 | 3.03 3.12 2.79 | cpu  2150743374 50794058 276936650 15364562860 1687274 0 10820618 0 0 0
1791120833 1785, 2619, 39, 0x0000000000000000 | 3.03 3.12 2.79 | cpu  2150743570 50794058 276936879 15364589695 1687274 0 10820638 0 0 0
1791120834 1785, 2619, 39, 0x0000000000000000 | 3.03 3.12 2.79 | cpu  2150743731 50794058 276937028 15364616306 1687274 0 10820656 0 0 0
1791120836 1785, 2619, 39, 0x0000000000000000 | 2.95 3.10 2.79 | cpu  2150743883 50794058 276937160 15364641940 1687274 0 10820672 0 0 0
1791120837 1785, 2619, 39, 0x0000000000000000 | 2.95 3.10 2.79 | cpu  2150744030 50794059 276937275 15364667458 1687274 0 10820690 0 0 0
1791120838 1785, 2619, 39, 0x0000000000000000 | 2.95 3.10 2.79 | cpu  2150744173 50794059 276937360 15364694579 1687274 0 10820702 0 0 0
1791120839 1785, 2619, 39, 0x0000000000000000 | 2.95 3.10 2.79 | cpu  2150744343 50794059 276937487 15364721009 1687275 0 10820712 0 0 0
1791120840 1785, 2619, 39, 0x0000000000000000 | 2.95 3.10 2.79 | cpu  2150744487 50794059 276937570 15364745667 1687275 0 10820728 0 0 0
1791120841 1785, 2619, 39, 0x0000000000000000 | 2.87 3.08 2.78 | cpu  2150744633 50794059 276937718 15364770048 1687275 0 10820748 0 0 0
1791120843 1785, 2619, 39, 0x0000000000000000 | 2.87 3.08 2.78 | cpu  2150744810 50794059 276937916 15364795019 1687275 0 10820772 0 0 0
1791120844 1785, 2619, 39, 0x0000000000000000 | 2.87 3.08 2.78 | cpu  2150745003 50794059 276938222 15364819863 1687277 0 10820790 0 0 0
1791120845 1785, 2619, 39, 0x0000000000000000 | 2.87 3.08 2.78 | cpu  2150745176 50794059 276938619 15364847917 1687295 0 10820811 0 0 0
1791120846 1785, 2619, 39, 0x0000000000000000 | 3.04 3.11 2.80 | cpu  2150745352 50794059 276938829 15364873686 1687296 0 10820833 0 0 0
1791120847 1785, 2619, 39, 0x0000000000000000 | 3.04 3.11 2.80 | cpu  2150745530 50794060 276939048 15364898938 1687296 0 10820858 0 0 0
1791120848 1785, 2619, 39, 0x0000000000000000 | 3.04 3.11 2.80 | cpu  2150745697 50794060 276939209 15364925773 1687296 0 10820888 0 0 0
1791120850 1785, 2619, 39, 0x0000000000000000 | 3.04 3.11 2.80 | cpu  2150745843 50794060 276939281 15364954158 1687296 0 10820924 0 0 0
1791120851 1785, 2619, 39, 0x0000000000000000 | 2.96 3.09 2.79 | cpu  2150745978 50794060 276939336 15364980218 1687296 0 10820948 0 0 0
1791120852 1785, 2619, 39, 0x0000000000000000 | 2.96 3.09 2.79 | cpu  2150746117 50794060 276939392 15365006503 1687296 0 10820973 0 0 0
1791120853 1785, 2619, 39, 0x0000000000000000 | 2.96 3.09 2.79 | cpu  2150746274 50794060 276939474 15365032958 1687296 0 10820994 0 0 0
1791120855 1785, 2619, 39, 0x0000000000000000 | 2.96 3.09 2.79 | cpu  2150746463 50794060 276939695 15365059774 1687296 0 10821017 0 0 0
1791120856 1785, 2619, 39, 0x0000000000000000 | 2.96 3.09 2.79 | cpu  2150746626 50794060 276939920 15365085403 1687296 0 10821039 0 0 0
1791120857 1785, 2619, 39, 0x0000000000000000 | 2.96 3.09 2.79 | cpu  2150746830 50794060 276940135 15365111360 1687296 0 10821063 0 0 0
1791120858 1785, 2619, 39, 0x0000000000000000 | 2.96 3.09 2.79 | cpu  2150747032 50794060 276940386 15365137898 1687296 0 10821085 0 0 0
1791120859 1785, 2619, 39, 0x0000000000000000 | 2.96 3.09 2.79 | cpu  2150747227 50794060 276940638 15365164644 1687297 0 10821115 0 0 0
1791120861 1785, 2619, 39, 0x0000000000000000 | 3.05 3.11 2.80 | cpu  2150747374 50794060 276940737 15365191321 1687297 0 10821132 0 0 0
1791120862 1785, 2619, 39, 0x0000000000000000 | 3.05 3.11 2.80 | cpu  2150747514 50794060 276940792 15365217732 1687297 0 10821161 0 0 0
1791120863 1785, 2619, 39, 0x0000000000000000 | 3.05 3.11 2.80 | cpu  2150747657 50794060 276940844 15365243949 1687297 0 10821178 0 0 0
1791120864 1785, 2619, 39, 0x0000000000000000 | 3.05 3.11 2.80 | cpu  2150747790 50794060 276940892 15365269350 1687297 0 10821194 0 0 0
1791120865 1785, 2619, 39, 0x0000000000000000 | 3.05 3.11 2.80 | cpu  2150747955 50794060 276941032 15365295912 1687297 0 10821207 0 0 0
1791120867 1785, 2619, 39, 0x0000000000000000 | 3.04 3.10 2.80 | cpu  2150748142 50794060 276941276 15365321640 1687297 0 10821229 0 0 0
1791120868 1785, 2619, 39, 0x0000000000000000 | 3.04 3.10 2.80 | cpu  2150748350 50794060 276941623 15365347916 1687302 0 10821247 0 0 0
1791120869 1785, 2619, 39, 0x0000000000000000 | 3.04 3.10 2.80 | cpu  2150748548 50794060 276941878 15365373593 1687302 0 10821278 0 0 0
1791120870 1785, 2619, 40, 0x0000000000000000 | 3.04 3.10 2.80 | cpu  2150748697 50794060 276942209 15365398569 1687310 0 10821295 0 0 0
1791120871 1785, 2619, 39, 0x0000000000000000 | 3.28 3.15 2.82 | cpu  2150748862 50794060 276942366 15365425250 1687310 0 10821320 0 0 0
1791120872 1785, 2619, 39, 0x0000000000000000 | 3.28 3.15 2.82 | cpu  2150749020 50794060 276942477 15365451101 1687310 0 10821337 0 0 0
1791120874 1785, 2619, 39, 0x0000000000000000 | 3.28 3.15 2.82 | cpu  2150749157 50794060 276942532 15365477062 1687310 0 10821362 0 0 0
1791120875 1785, 2619, 39, 0x0000000000000000 | 3.28 3.15 2.82 | cpu  2150749291 50794060 276942592 15365503867 1687310 0 10821390 0 0 0
1791120876 1785, 2619, 39, 0x0000000000000000 | 3.34 3.17 2.83 | cpu  2150749472 50794060 276942746 15365529731 1687310 0 10821403 0 0 0
1791120877 1785, 2619, 39, 0x0000000000000000 | 3.34 3.17 2.83 | cpu  2150749645 50794060 276942904 15365554942 1687313 0 10821418 0 0 0
1791120878 1785, 2619, 39, 0x0000000000000000 | 3.34 3.17 2.83 | cpu  2150749848 50794060 276943162 15365581242 1687313 0 10821434 0 0 0
1791120880 1785, 2619, 39, 0x0000000000000000 | 3.34 3.17 2.83 | cpu  2150750037 50794060 276943396 15365606416 1687313 0 10821447 0 0 0
1791120881 1785, 2619, 39, 0x0000000000000000 | 3.39 3.18 2.83 | cpu  2150750182 50794060 276943545 15365631677 1687315 0 10821459 0 0 0
1791120882 1785, 2619, 39, 0x0000000000000000 | 3.39 3.18 2.83 | cpu  2150750337 50794060 276943702 15365658153 1687315 0 10821475 0 0 0
1791120883 1785, 2619, 39, 0x0000000000000000 | 3.39 3.18 2.83 | cpu  2150750483 50794060 276943984 15365682580 1687324 0 10821488 0 0 0
1791120884 1785, 2619, 39, 0x0000000000000000 | 3.39 3.18 2.83 | cpu  2150750668 50794060 276944076 15365707371 1687324 0 10821490 0 0 0
1791120885 1785, 2619, 39, 0x0000000000000000 | 3.39 3.18 2.83 | cpu  2150750791 50794060 276944129 15365732356 1687324 0 10821490 0 0 0
1791120886 1785, 2619, 39, 0x0000000000000000 | 3.52 3.21 2.84 | cpu  2150750952 50794060 276944259 15365757745 1687324 0 10821495 0 0 0
1791120888 1785, 2619, 39, 0x0000000000000000 | 3.52 3.21 2.84 | cpu  2150751134 50794060 276944378 15365783910 1687324 0 10821510 0 0 0
1791120889 1785, 2619, 39, 0x0000000000000000 | 3.52 3.21 2.84 | cpu  2150751297 50794060 276944504 15365808437 1687324 0 10821517 0 0 0
1791120890 1785, 2619, 39, 0x0000000000000000 | 3.52 3.21 2.84 | cpu  2150751462 50794060 276944745 15365833428 1687326 0 10821536 0 0 0
1791120891 1785, 2619, 39, 0x0000000000000000 | 3.40 3.19 2.84 | cpu  2150751627 50794060 276944900 15365860298 1687326 0 10821548 0 0 0
1791120892 1785, 2619, 39, 0x0000000000000000 | 3.40 3.19 2.84 | cpu  2150751782 50794060 276945047 15365886445 1687326 0 10821561 0 0 0
1791120893 1785, 2619, 39, 0x0000000000000000 | 3.40 3.19 2.84 | cpu  2150751936 50794060 276945200 15365913171 1687326 0 10821578 0 0 0
1791120895 1785, 2619, 39, 0x0000000000000000 | 3.40 3.19 2.84 | cpu  2150752097 50794060 276945368 15365941013 1687327 0 10821591 0 0 0
1791120896 1785, 2619, 39, 0x0000000000000000 | 3.53 3.22 2.85 | cpu  2150752281 50794061 276945577 15365965893 1687327 0 10821607 0 0 0
1791120897 1785, 2619, 39, 0x0000000000000000 | 3.53 3.22 2.85 | cpu  2150752456 50794061 276945705 15365990984 1687327 0 10821628 0 0 0
1791120898 1785, 2619, 39, 0x0000000000000000 | 3.53 3.22 2.85 | cpu  2150752633 50794061 276945841 15366016464 1687327 0 10821646 0 0 0
1791120899 1785, 2619, 39, 0x0000000000000000 | 3.53 3.22 2.85 | cpu  2150752822 50794061 276945964 15366042518 1687327 0 10821670 0 0 0
1791120900 1785, 2619, 39, 0x0000000000000000 | 3.53 3.22 2.85 | cpu  2150752954 50794061 276946042 15366069006 1687327 0 10821692 0 0 0
1791120902 1785, 2619, 39, 0x0000000000000000 | 3.32 3.18 2.84 | cpu  2150753180 50794061 276946266 15366095352 1687329 0 10821744 0 0 0
1791120903 1785, 2619, 39, 0x0000000000000000 | 3.32 3.18 2.84 | cpu  2150753352 50794061 276946441 15366120769 1687329 0 10821777 0 0 0
1791120904 1785, 2619, 39, 0x0000000000000000 | 3.32 3.18 2.84 | cpu  2150753516 50794061 276946608 15366147418 1687331 0 10821813 0 0 0
1791120905 1785, 2619, 39, 0x0000000000000000 | 3.32 3.18 2.84 | cpu  2150753681 50794061 276946798 15366172307 1687331 0 10821837 0 0 0
1791120906 1785, 2619, 39, 0x0000000000000000 | 3.54 3.23 2.86 | cpu  2150753917 50794061 276947101 15366198738 1687331 0 10821877 0 0 0
1791120908 1785, 2619, 39, 0x0000000000000000 | 3.54 3.23 2.86 | cpu  2150754145 50794061 276947379 15366225398 1687331 0 10821926 0 0 0
1791120909 1785, 2619, 39, 0x0000000000000000 | 3.54 3.23 2.86 | cpu  2150754340 50794061 276947541 15366251094 1687331 0 10821955 0 0 0
1791120910 1785, 2619, 39, 0x0000000000000000 | 3.54 3.23 2.86 | cpu  2150754492 50794061 276947687 15366275846 1687331 0 10821975 0 0 0
1791120911 1785, 2619, 39, 0x0000000000000000 | 3.41 3.21 2.85 | cpu  2150754635 50794061 276947756 15366302200 1687331 0 10821991 0 0 0
1791120912 1785, 2619, 39, 0x0000000000000000 | 3.41 3.21 2.85 | cpu  2150754777 50794061 276947822 15366328331 1687333 0 10822014 0 0 0
1791120914 1785, 2619, 39, 0x0000000000000000 | 3.41 3.21 2.85 | cpu  2150754937 50794061 276947985 15366354556 1687333 0 10822039 0 0 0
1791120915 1785, 2619, 39, 0x0000000000000000 | 3.41 3.21 2.85 | cpu  2150755084 50794061 276948124 15366380201 1687333 0 10822064 0 0 0
1791120916 1785, 2619, 39, 0x0000000000000000 | 3.38 3.21 2.85 | cpu  2150755270 50794062 276948355 15366406030 1687333 0 10822088 0 0 0
1791120917 1785, 2619, 39, 0x0000000000000000 | 3.38 3.21 2.85 | cpu  2150755466 50794062 276948616 15366432662 1687333 0 10822121 0 0 0
1791120918 1785, 2619, 39, 0x0000000000000000 | 3.38 3.21 2.85 | cpu  2150755670 50794062 276948838 15366457870 1687333 0 10822141 0 0 0
1791120919 1785, 2619, 39, 0x0000000000000000 | 3.38 3.21 2.85 | cpu  2150755868 50794062 276949046 15366482863 1687333 0 10822167 0 0 0
1791120921 1785, 2619, 39, 0x0000000000000000 | 3.27 3.19 2.85 | cpu  2150756016 50794062 276949149 15366509787 1687333 0 10822186 0 0 0
1791120922 1785, 2619, 39, 0x0000000000000000 | 3.27 3.19 2.85 | cpu  2150756149 50794062 276949257 15366535266 1687335 0 10822192 0 0 0
1791120923 1785, 2619, 39, 0x0000000000000000 | 3.27 3.19 2.85 | cpu  2150756284 50794062 276949327 15366561366 1687335 0 10822204 0 0 0
1791120924 1785, 2619, 39, 0x0000000000000000 | 3.27 3.19 2.85 | cpu  2150756424 50794062 276949422 15366586955 1687335 0 10822221 0 0 0
1791120925 1785, 2619, 39, 0x0000000000000000 | 3.27 3.19 2.85 | cpu  2150756573 50794062 276949672 15366612392 1687335 0 10822238 0 0 0
1791120926 1785, 2619, 39, 0x0000000000000000 | 3.65 3.27 2.88 | cpu  2150756772 50794062 276950072 15366638296 1687343 0 10822265 0 0 0
1791120928 1785, 2619, 39, 0x0000000000000000 | 3.65 3.27 2.88 | cpu  2150756962 50794062 276950314 15366664371 1687343 0 10822284 0 0 0
1791120929 1785, 2619, 39, 0x0000000000000000 | 3.65 3.27 2.88 | cpu  2150757158 50794062 276950536 15366689592 1687343 0 10822300 0 0 0
1791120930 1785, 2619, 39, 0x0000000000000000 | 3.65 3.27 2.88 | cpu  2150757366 50794062 276950768 15366715754 1687343 0 10822317 0 0 0
1791120931 1785, 2619, 39, 0x0000000000000000 | 3.60 3.26 2.88 | cpu  2150757541 50794062 276950970 15366741948 1687343 0 10822338 0 0 0
1791120932 1785, 2619, 39, 0x0000000000000000 | 3.60 3.26 2.88 | cpu  2150757684 50794062 276951047 15366768316 1687343 0 10822351 0 0 0
1791120934 1785, 2619, 39, 0x0000000000000000 | 3.60 3.26 2.88 | cpu  2150757863 50794062 276951194 15366793008 1687343 0 10822364 0 0 0
1791120935 1785, 2619, 39, 0x0000000000000000 | 3.60 3.26 2.88 | cpu  2150758083 50794062 276951303 15366817835 1687343 0 10822373 0 0 0
1791120936 1785, 2619, 39, 0x0000000000000000 | 3.63 3.27 2.88 | cpu  2150758396 50794062 276951444 15366844456 1687343 0 10822392 0 0 0
1791120937 1785, 2619, 39, 0x0000000000000000 | 3.63 3.27 2.88 | cpu  2150758730 50794062 276951704 15366870024 1687343 0 10822426 0 0 0
1791120938 1785, 2619, 39, 0x0000000000000000 | 3.63 3.27 2.88 | cpu  2150759087 50794062 276952095 15366896095 1687350 0 10822467 0 0 0
1791120939 1785, 2619, 39, 0x0000000000000000 | 3.63 3.27 2.88 | cpu  2150759404 50794062 276952478 15366923356 1687352 0 10822504 0 0 0
1791120941 1785, 2619, 39, 0x0000000000000000 | 3.98 3.35 2.91 | cpu  2150759682 50794062 276952803 15366950191 1687352 0 10822524 0 0 0
1791120942 1785, 2619, 39, 0x0000000000000000 | 3.98 3.35 2.91 | cpu  2150759927 50794062 276953122 15366976445 1687354 0 10822560 0 0 0
1791120943 1785, 2619, 39, 0x0000000000000000 | 3.98 3.35 2.91 | cpu  2150760170 50794062 276953447 15367002406 1687354 0 10822584 0 0 0
1791120944 1785, 2619, 39, 0x0000000000000000 | 3.98 3.35 2.91 | cpu  2150760345 50794062 276953532 15367027285 1687354 0 10822588 0 0 0
1791120945 1785, 2619, 39, 0x0000000000000000 | 3.98 3.35 2.91 | cpu  2150760458 50794062 276953564 15367052870 1687354 0 10822591 0 0 0
1791120947 1785, 2619, 39, 0x0000000000000000 | 3.82 3.33 2.91 | cpu  2150760631 50794062 276953665 15367078944 1687354 0 10822600 0 0 0
1791120948 1785, 2619, 39, 0x0000000000000000 | 3.82 3.33 2.91 | cpu  2150760819 50794062 276953818 15367104174 1687354 0 10822606 0 0 0
1791120949 1785, 2619, 39, 0x0000000000000000 | 3.82 3.33 2.91 | cpu  2150761046 50794062 276953986 15367129628 1687354 0 10822619 0 0 0
1791120950 1785, 2619, 39, 0x0000000000000000 | 3.82 3.33 2.91 | cpu  2150761240 50794062 276954194 15367154239 1687356 0 10822624 0 0 0
1791120951 1785, 2619, 39, 0x0000000000000000 | 4.08 3.39 2.93 | cpu  2150761488 50794062 276954679 15367180313 1687356 0 10822643 0 0 0
1791120952 1785, 2619, 39, 0x0000000000000000 | 4.08 3.39 2.93 | cpu  2150761679 50794062 276955008 15367205827 1687356 0 10822660 0 0 0
1791120954 1785, 2619, 39, 0x0000000000000000 | 4.08 3.39 2.93 | cpu  2150761880 50794062 276955285 15367231996 1687356 0 10822686 0 0 0
1791120955 1785, 2619, 39, 0x0000000000000000 | 4.08 3.39 2.93 | cpu  2150762052 50794062 276955512 15367257043 1687356 0 10822697 0 0 0
1791120956 1785, 2619, 39, 0x0000000000000000 | 3.91 3.37 2.92 | cpu  2150762243 50794063 276955713 15367282898 1687356 0 10822714 0 0 0
1791120957 1785, 2619, 39, 0x0000000000000000 | 3.91 3.37 2.92 | cpu  2150762454 50794063 276955939 15367308501 1687356 0 10822725 0 0 0
1791120958 1785, 2619, 39, 0x0000000000000000 | 3.91 3.37 2.92 | cpu  2150762622 50794063 276956154 15367333572 1687356 0 10822732 0 0 0
1791120959 1785, 2619, 39, 0x0000000000000000 | 3.91 3.37 2.92 | cpu  2150762776 50794063 276956315 15367360900 1687356 0 10822735 0 0 0
1791120961 1785, 2619, 39, 0x0000000000000000 | 3.91 3.37 2.92 | cpu  2150762978 50794063 276956498 15367386573 1687356 0 10822743 0 0 0
1791120962 1785, 2619, 39, 0x0000000000000000 | 4.16 3.43 2.94 | cpu  2150763191 50794063 276956683 15367411649 1687361 0 10822757 0 0 0
1791120963 1785, 2619, 39, 0x0000000000000000 | 4.16 3.43 2.94 | cpu  2150763352 50794063 276956823 15367437489 1687361 0 10822757 0 0 0
1791120964 1785, 2619, 39, 0x0000000000000000 | 4.16 3.43 2.94 | cpu  2150763528 50794063 276956986 15367463748 1687361 0 10822768 0 0 0
1791120965 1785, 2619, 39, 0x0000000000000000 | 4.16 3.43 2.94 | cpu  2150763677 50794063 276957135 15367489681 1687361 0 10822780 0 0 0
1791120966 1785, 2619, 39, 0x0000000000000000 | 4.14 3.44 2.95 | cpu  2150763854 50794063 276957411 15367514486 1687362 0 10822802 0 0 0
1791120968 1785, 2619, 39, 0x0000000000000000 | 4.14 3.44 2.95 | cpu  2150764042 50794063 276957678 15367539094 1687362 0 10822818 0 0 0
1791120969 1785, 2619, 39, 0x0000000000000000 | 4.14 3.44 2.95 | cpu  2150764236 50794064 276957908 15367564630 1687362 0 10822824 0 0 0
1791120970 1785, 2619, 39, 0x0000000000000000 | 4.14 3.44 2.95 | cpu  2150764384 50794064 276958034 15367589822 1687362 0 10822835 0 0 0
1791120971 1785, 2619, 39, 0x0000000000000000 | 3.97 3.41 2.95 | cpu  2150764552 50794064 276958163 15367614759 1687362 0 10822847 0 0 0
1791120972 1785, 2619, 39, 0x0000000000000000 | 3.97 3.41 2.95 | cpu  2150764697 50794064 276958248 15367640097 1687362 0 10822859 0 0 0
1791120973 1785, 2619, 39, 0x0000000000000000 | 3.97 3.41 2.95 | cpu  2150764855 50794064 276958398 15367664868 1687364 0 10822872 0 0 0
1791120974 1785, 2619, 39, 0x0000000000000000 | 3.97 3.41 2.95 | cpu  2150765023 50794064 276958594 15367692011 1687367 0 10822885 0 0 0
1791120976 1785, 2619, 39, 0x0000000000000000 | 3.89 3.41 2.95 | cpu  2150765181 50794064 276958756 15367717822 1687368 0 10822899 0 0 0
1791120977 1785, 2619, 39, 0x0000000000000000 | 3.89 3.41 2.95 | cpu  2150765360 50794064 276958978 15367743031 1687368 0 10822906 0 0 0
1791120978 1785, 2619, 39, 0x0000000000000000 | 3.89 3.41 2.95 | cpu  2150765567 50794064 276959216 15367767798 1687370 0 10822920 0 0 0
1791120979 1785, 2619, 39, 0x0000000000000000 | 3.89 3.41 2.95 | cpu  2150765756 50794064 276959367 15367793500 1687370 0 10822924 0 0 0
1791120980 1785, 2619, 39, 0x0000000000000000 | 3.89 3.41 2.95 | cpu  2150765944 50794064 276959488 15367818958 1687370 0 10822938 0 0 0
1791120981 1785, 2619, 39, 0x0000000000000000 | 3.74 3.38 2.94 | cpu  2150766124 50794064 276959602 15367844436 1687370 0 10822953 0 0 0
1791120983 1785, 2619, 39, 0x0000000000000000 | 3.74 3.38 2.94 | cpu  2150766290 50794064 276959754 15367870318 1687370 0 10822965 0 0 0
1791120984 1785, 2619, 39, 0x0000000000000000 | 3.74 3.38 2.94 | cpu  2150766464 50794064 276959918 15367895932 1687370 0 10822980 0 0 0
1791120985 1785, 2619, 39, 0x0000000000000000 | 3.74 3.38 2.94 | cpu  2150766635 50794064 276960152 15367921304 1687372 0 10822999 0 0 0
1791120986 1785, 2619, 39, 0x0000000000000000 | 3.68 3.38 2.94 | cpu  2150766845 50794064 276960424 15367946937 1687372 0 10823025 0 0 0
1791120987 1785, 2619, 39, 0x0000000000000000 | 3.68 3.38 2.94 | cpu  2150767077 50794064 276960760 15367973045 1687372 0 10823060 0 0 0
1791120988 1785, 2619, 39, 0x0000000000000000 | 3.68 3.38 2.94 | cpu  2150767314 50794064 276961111 15367997562 1687373 0 10823092 0 0 0
1791120990 1785, 2619, 39, 0x0000000000000000 | 3.68 3.38 2.94 | cpu  2150767543 50794064 276961434 15368023146 1687373 0 10823120 0 0 0
1791120991 1785, 2619, 39, 0x0000000000000000 | 3.87 3.42 2.96 | cpu  2150767760 50794064 276961654 15368047833 1687373 0 10823137 0 0 0
1791120992 1785, 2619, 39, 0x0000000000000000 | 3.87 3.42 2.96 | cpu  2150767938 50794064 276961768 15368074267 1687373 0 10823161 0 0 0
1791120993 1785, 2619, 39, 0x0000000000000000 | 3.87 3.42 2.96 | cpu  2150768105 50794064 276961815 15368101119 1687373 0 10823193 0 0 0
1791120994 1785, 2619, 39, 0x0000000000000000 | 3.87 3.42 2.96 | cpu  2150768258 50794064 276961869 15368128748 1687373 0 10823217 0 0 0
1791120996 1785, 2619, 39, 0x0000000000000000 | 3.87 3.42 2.96 | cpu  2150768421 50794064 276961928 15368155025 1687375 0 10823243 0 0 0
1791120997 1785, 2619, 39, 0x0000000000000000 | 3.64 3.38 2.95 | cpu  2150768630 50794064 276962126 15368181641 1687375 0 10823284 0 0 0
1791120998 1785, 2619, 39, 0x0000000000000000 | 3.64 3.38 2.95 | cpu  2150768834 50794064 276962402 15368208236 1687376 0 10823345 0 0 0
1791120999 1785, 2619, 39, 0x0000000000000000 | 3.64 3.38 2.95 | cpu  2150769071 50794064 276962718 15368236880 1687376 0 10823381 0 0 0
1791121001 1785, 2619, 39, 0x0000000000000000 | 3.64 3.38 2.95 | cpu  2150769277 50794064 276962976 15368263403 1687376 0 10823410 0 0 0
1791121002 1785, 2619, 39, 0x0000000000000000 | 3.59 3.37 2.95 | cpu  2150769492 50794064 276963209 15368290220 1687378 0 10823446 0 0 0
1791121003 1785, 2619, 39, 0x0000000000000000 | 3.59 3.37 2.95 | cpu  2150769659 50794064 276963333 15368316314 1687378 0 10823466 0 0 0
1791121004 1785, 2619, 39, 0x0000000000000000 | 3.59 3.37 2.95 | cpu  2150769800 50794064 276963393 15368345370 1687378 0 10823487 0 0 0
1791121005 1785, 2619, 39, 0x0000000000000000 | 3.59 3.37 2.95 | cpu  2150769941 50794064 276963460 15368371366 1687378 0 10823494 0 0 0
1791121007 1785, 2619, 39, 0x0000000000000000 | 3.46 3.35 2.94 | cpu  2150770095 50794064 276963518 15368397328 1687378 0 10823506 0 0 0
1791121008 1785, 2619, 39, 0x0000000000000000 | 3.46 3.35 2.94 | cpu  2150770322 50794064 276963675 15368422483 1687378 0 10823516 0 0 0
1791121009 1785, 2619, 39, 0x0000000000000000 | 3.46 3.35 2.94 | cpu  2150770526 50794064 276964046 15368447485 1687382 0 10823536 0 0 0
1791121010 1785, 2619, 39, 0x0000000000000000 | 3.46 3.35 2.94 | cpu  2150770700 50794065 276964362 15368472904 1687382 0 10823562 0 0 0
1791121011 1785, 2619, 39, 0x0000000000000000 | 3.82 3.43 2.97 | cpu  2150770902 50794065 276964773 15368499787 1687393 0 10823594 0 0 0
1791121012 1785, 2619, 39, 0x0000000000000000 | 3.82 3.43 2.97 | cpu  2150771087 50794065 276964988 15368526063 1687394 0 10823616 0 0 0
1791121014 1785, 2619, 39, 0x0000000000000000 | 3.82 3.43 2.97 | cpu  2150771262 50794065 276965135 15368552188 1687394 0 10823636 0 0 0
1791121015 1785, 2619, 39, 0x0000000000000000 | 3.82 3.43 2.97 | cpu  2150771419 50794065 276965318 15368578146 1687395 0 10823677 0 0 0
1791121016 1785, 2619, 39, 0x0000000000000000 | 3.68 3.40 2.96 | cpu  2150771567 50794065 276965390 15368603801 1687395 0 10823697 0 0 0
1791121017 1785, 2619, 39, 0x0000000000000000 | 3.68 3.40 2.96 | cpu  2150771729 50794065 276965465 15368630586 1687395 0 10823730 0 0 0
1791121018 1785, 2619, 39, 0x0000000000000000 | 3.68 3.40 2.96 | cpu  2150771910 50794065 276965685 15368658391 1687395 0 10823770 0 0 0
1791121020 1785, 2619, 39, 0x0000000000000000 | 3.68 3.40 2.96 | cpu  2150772101 50794065 276965821 15368685298 1687395 0 10823795 0 0 0
1791121021 1785, 2619, 39, 0x0000000000000000 | 3.78 3.43 2.97 | cpu  2150772310 50794065 276966053 15368711620 1687395 0 10823843 0 0 0
1791121022 1785, 2619, 39, 0x0000000000000000 | 3.78 3.43 2.97 | cpu  2150772491 50794065 276966273 15368736544 1687395 0 10823869 0 0 0
1791121023 1785, 2619, 39, 0x0000000000000000 | 3.78 3.43 2.97 | cpu  2150772651 50794065 276966490 15368762526 1687396 0 10823900 0 0 0
1791121024 1785, 2619, 39, 0x0000000000000000 | 3.78 3.43 2.97 | cpu  2150772795 50794066 276966726 15368788088 1687400 0 10823936 0 0 0
1791121026 1785, 2619, 39, 0x0000000000000000 | 3.78 3.43 2.97 | cpu  2150772961 50794066 276966876 15368814609 1687400 0 10823955 0 0 0
1791121027 1785, 2619, 39, 0x0000000000000000 | 3.72 3.42 2.98 | cpu  2150773118 50794066 276967014 15368840113 1687400 0 10823982 0 0 0
1791121028 1785, 2619, 39, 0x0000000000000000 | 3.72 3.42 2.98 | cpu  2150773298 50794066 276967144 15368866036 1687400 0 10824010 0 0 0
1791121029 1785, 2619, 39, 0x0000000000000000 | 3.72 3.42 2.98 | cpu  2150773486 50794066 276967306 15368894965 1687400 0 10824040 0 0 0
1791121030 1785, 2619, 39, 0x0000000000000000 | 3.72 3.42 2.98 | cpu  2150773666 50794066 276967545 15368919680 1687400 0 10824066 0 0 0
1791121032 1785, 2619, 39, 0x0000000000000000 | 3.74 3.43 2.98 | cpu  2150773908 50794066 276967825 15368946441 1687400 0 10824097 0 0 0
1791121033 1785, 2619, 39, 0x0000000000000000 | 3.74 3.43 2.98 | cpu  2150774098 50794066 276968084 15368972387 1687401 0 10824126 0 0 0
1791121034 1785, 2619, 39, 0x0000000000000000 | 3.74 3.43 2.98 | cpu  2150774262 50794066 276968241 15369001838 1687401 0 10824169 0 0 0
1791121035 1785, 2619, 39, 0x0000000000000000 | 3.74 3.43 2.98 | cpu  2150774414 50794066 276968385 15369026202 1687401 0 10824193 0 0 0
1791121036 1785, 2619, 39, 0x0000000000000000 | 3.68 3.43 2.98 | cpu  2150774578 50794066 276968539 15369051651 1687401 0 10824212 0 0 0
1791121038 1785, 2619, 39, 0x0000000000000000 | 3.68 3.43 2.98 | cpu  2150774766 50794066 276968712 15369077552 1687401 0 10824231 0 0 0
1791121039 1785, 2619, 39, 0x0000000000000000 | 3.68 3.43 2.98 | cpu  2150774958 50794066 276968919 15369103985 1687401 0 10824252 0 0 0
1791121040 1785, 2619, 39, 0x0000000000000000 | 3.68 3.43 2.98 | cpu  2150775122 50794066 276969087 15369128784 1687403 0 10824275 0 0 0
1791121041 1785, 2619, 39, 0x0000000000000000 | 3.63 3.42 2.98 | cpu  2150775296 50794066 276969288 15369154271 1687403 0 10824294 0 0 0
1791121042 1785, 2619, 39, 0x0000000000000000 | 3.63 3.42 2.98 | cpu  2150775470 50794066 276969444 15369180638 1687403 0 10824315 0 0 0
1791121044 1785, 2619, 39, 0x0000000000000000 | 3.63 3.42 2.98 | cpu  2150775616 50794066 276969525 15369206356 1687403 0 10824333 0 0 0
1791121045 1785, 2619, 39, 0x0000000000000000 | 3.63 3.42 2.98 | cpu  2150775764 50794066 276969683 15369231419 1687411 0 10824362 0 0 0
1791121046 1785, 2619, 39, 0x0000000000000000 | 3.74 3.44 2.99 | cpu  2150775916 50794066 276969920 15369256343 1687411 0 10824385 0 0 0
1791121047 1785, 2619, 39, 0x0000000000000000 | 3.74 3.44 2.99 | cpu  2150776072 50794066 276970187 15369281212 1687422 0 10824409 0 0 0
1791121048 1785, 2619, 39, 0x0000000000000000 | 3.74 3.44 2.99 | cpu  2150776259 50794066 276970420 15369307943 1687422 0 10824442 0 0 0
1791121049 1785, 2619, 39, 0x0000000000000000 | 3.74 3.44 2.99 | cpu  2150776431 50794066 276970659 15369333250 1687423 0 10824472 0 0 0
1791121050 1785, 2619, 39, 0x0000000000000000 | 3.74 3.44 2.99 | cpu  2150776629 50794066 276970851 15369357639 1687423 0 10824499 0 0 0
1791121052 1785, 2619, 39, 0x0000000000000000 | 3.68 3.44 2.99 | cpu  2150776816 50794067 276971014 15369383902 1687424 0 10824531 0 0 0
1791121053 1785, 2619, 39, 0x0000000000000000 | 3.68 3.44 2.99 | cpu  2150776978 50794067 276971112 15369410279 1687424 0 10824562 0 0 0
1791121054 1785, 2619, 39, 0x0000000000000000 | 3.68 3.44 2.99 | cpu  2150777125 50794067 276971178 15369439600 1687424 0 10824584 0 0 0
1791121055 1785, 2619, 39, 0x0000000000000000 | 3.68 3.44 2.99 | cpu  2150777276 50794067 276971256 15369466391 1687424 0 10824607 0 0 0
1791121057 1785, 2619, 39, 0x0000000000000000 | 3.54 3.41 2.99 | cpu  2150777456 50794067 276971405 15369493473 1687424 0 10824628 0 0 0
1791121058 1785, 2619, 39, 0x0000000000000000 | 3.54 3.41 2.99 | cpu  2150777622 50794067 276971605 15369519505 1687424 0 10824658 0 0 0
1791121059 1785, 2619, 39, 0x0000000000000000 | 3.54 3.41 2.99 | cpu  2150777805 50794067 276971850 15369545202 1687424 0 10824701 0 0 0
1791121060 1785, 2619, 39, 0x0000000000000000 | 3.54 3.41 2.99 | cpu  2150777988 50794067 276972052 15369570278 1687424 0 10824719 0 0 0
1791121061 1785, 2619, 39, 0x0000000000000000 | 3.58 3.42 2.99 | cpu  2150778189 50794067 276972310 15369596718 1687426 0 10824747 0 0 0
1791121063 1785, 2619, 39, 0x0000000000000000 | 3.58 3.42 2.99 | cpu  2150778462 50794067 276972527 15369622276 1687426 0 10824775 0 0 0
1791121064 1785, 2619, 39, 0x0000000000000000 | 3.58 3.42 2.99 | cpu  2150778752 50794067 276972663 15369649004 1687426 0 10824806 0 0 0
1791121065 1785, 2619, 39, 0x0000000000000000 | 3.58 3.42 2.99 | cpu  2150779040 50794067 276972841 15369675722 1687426 0 10824840 0 0 0
1791121066 1785, 2619, 39, 0x0000000000000000 | 3.61 3.43 3.00 | cpu  2150779322 50794067 276972988 15369702366 1687426 0 10824894 0 0 0
1791121067 1785, 2619, 39, 0x0000000000000000 | 3.61 3.43 3.00 | cpu  2150779500 50794067 276973086 15369728442 1687426 0 10824936 0 0 0
1791121068 1785, 2619, 39, 0x0000000000000000 | 3.61 3.43 3.00 | cpu  2150779692 50794067 276973338 15369754307 1687430 0 10824984 0 0 0
1791121070 1785, 2619, 39, 0x0000000000000000 | 3.61 3.43 3.00 | cpu  2150779886 50794067 276973613 15369780074 1687430 0 10825011 0 0 0
1791121071 1785, 2619, 39, 0x0000000000000000 | 3.97 3.51 3.03 | cpu  2150780206 50794067 276974053 15369806437 1687430 0 10825046 0 0 0
1791121072 1785, 2619, 39, 0x0000000000000000 | 3.97 3.51 3.03 | cpu  2150780462 50794067 276974336 15369832528 1687430 0 10825066 0 0 0
1791121073 1785, 2619, 39, 0x0000000000000000 | 3.97 3.51 3.03 | cpu  2150780658 50794067 276974665 15369858235 1687430 0 10825083 0 0 0
1791121074 1785, 2619, 39, 0x0000000000000000 | 3.97 3.51 3.03 | cpu  2150780855 50794068 276975324 15369881327 1687432 0 10825096 0 0 0
1791121076 1785, 2619, 39, 0x0000000000000000 | 3.97 3.51 3.03 | cpu  2150781034 50794068 276975454 15369906797 1687432 0 10825123 0 0 0
1791121077 1785, 2619, 39, 0x0000000000000000 | 3.81 3.48 3.02 | cpu  2150781161 50794068 276975616 15369932082 1687432 0 10825139 0 0 0
1791121078 1785, 2619, 39, 0x0000000000000000 | 3.81 3.48 3.02 | cpu  2150781303 50794068 276975740 15369958935 1687432 0 10825153 0 0 0
1791121079 1785, 2619, 39, 0x0000000000000000 | 3.81 3.48 3.02 | cpu  2150781488 50794068 276975912 15369987263 1687441 0 10825184 0 0 0
1791121080 1785, 2619, 39, 0x0000000000000000 | 3.81 3.48 3.02 | cpu  2150781680 50794068 276976246 15370012989 1687452 0 10825219 0 0 0
1791121082 1785, 2619, 39, 0x0000000000000000 | 4.06 3.54 3.04 | cpu  2150781891 50794068 276976494 15370039408 1687452 0 10825250 0 0 0
1791121083 1785, 2619, 39, 0x0000000000000000 | 4.06 3.54 3.04 | cpu  2150782101 50794068 276976714 15370064788 1687452 0 10825275 0 0 0
1791121084 1785, 2619, 39, 0x0000000000000000 | 4.06 3.54 3.04 | cpu  2150782282 50794068 276976908 15370093453 1687452 0 10825303 0 0 0
1791121085 1785, 2619, 39, 0x0000000000000000 | 4.06 3.54 3.04 | cpu  2150782449 50794068 276977056 15370119463 1687452 0 10825318 0 0 0
1791121086 1785, 2619, 39, 0x0000000000000000 | 3.98 3.53 3.04 | cpu  2150782607 50794068 276977174 15370145534 1687452 0 10825342 0 0 0
1791121088 1785, 2619, 39, 0x0000000000000000 | 3.98 3.53 3.04 | cpu  2150782752 50794068 276977232 15370171924 1687452 0 10825370 0 0 0
1791121089 1785, 2619, 39, 0x0000000000000000 | 3.98 3.53 3.04 | cpu  2150782908 50794069 276977326 15370197973 1687452 0 10825395 0 0 0
1791121090 1785, 2619, 39, 0x0000000000000000 | 3.98 3.53 3.04 | cpu  2150783061 50794069 276977486 15370223448 1687452 0 10825409 0 0 0
1791121091 1785, 2619, 39, 0x0000000000000000 | 3.82 3.51 3.04 | cpu  2150783255 50794069 276977612 15370249992 1687452 0 10825430 0 0 0
1791121092 1785, 2619, 39, 0x0000000000000000 | 3.82 3.51 3.04 | cpu  2150783447 50794069 276977854 15370275130 1687454 0 10825451 0 0 0
1791121093 1785, 2619, 39, 0x0000000000000000 | 3.82 3.51 3.04 | cpu  2150783634 50794069 276978096 15370300944 1687454 0 10825483 0 0 0
1791121095 1785, 2619, 39, 0x0000000000000000 | 3.82 3.51 3.04 | cpu  2150783790 50794069 276978247 15370327327 1687455 0 10825512 0 0 0
1791121096 1785, 2619, 39, 0x0000000000000000 | 3.75 3.50 3.04 | cpu  2150783963 50794069 276978395 15370354710 1687455 0 10825542 0 0 0
1791121097 1785, 2619, 39, 0x0000000000000000 | 3.75 3.50 3.04 | cpu  2150784129 50794069 276978545 15370380972 1687455 0 10825562 0 0 0
1791121098 1785, 2619, 39, 0x0000000000000000 | 3.75 3.50 3.04 | cpu  2150784277 50794069 276978653 15370406562 1687455 0 10825587 0 0 0
1791121099 1785, 2619, 39, 0x0000000000000000 | 3.75 3.50 3.04 | cpu  2150784434 50794069 276978783 15370433366 1687455 0 10825614 0 0 0
1791121101 1785, 2619, 39, 0x0000000000000000 | 3.75 3.50 3.04 | cpu  2150784603 50794070 276978916 15370459206 1687455 0 10825628 0 0 0
1791121102 1785, 2619, 39, 0x0000000000000000 | 3.69 3.49 3.04 | cpu  2150784782 50794070 276979046 15370484913 1687455 0 10825643 0 0 0
1791121103 1785, 2619, 39, 0x0000000000000000 | 3.69 3.49 3.04 | cpu  2150784969 50794070 276979200 15370511030 1687455 0 10825658 0 0 0
1791121104 1785, 2619, 39, 0x0000000000000000 | 3.69 3.49 3.04 | cpu  2150785121 50794070 276979422 15370536304 1687458 0 10825674 0 0 0
1791121105 1785, 2619, 39, 0x0000000000000000 | 3.69 3.49 3.04 | cpu  2150785290 50794070 276979568 15370562405 1687458 0 10825678 0 0 0
1791121107 1785, 2619, 39, 0x0000000000000000 | 3.80 3.52 3.05 | cpu  2150785446 50794070 276979710 15370587579 1687458 0 10825684 0 0 0
1791121108 1785, 2619, 39, 0x0000000000000000 | 3.80 3.52 3.05 | cpu  2150785600 50794070 276979859 15370613265 1687458 0 10825694 0 0 0
1791121109 1785, 2619, 39, 0x0000000000000000 | 3.80 3.52 3.05 | cpu  2150785769 50794070 276980184 15370641742 1687462 0 10825710 0 0 0
1791121110 1785, 2619, 39, 0x0000000000000000 | 3.80 3.52 3.05 | cpu  2150785945 50794070 276980459 15370666393 1687469 0 10825740 0 0 0
1791121111 1785, 2619, 39, 0x0000000000000000 | 3.73 3.51 3.05 | cpu  2150786128 50794070 276980582 15370692003 1687469 0 10825775 0 0 0
1791121112 1785, 2619, 39, 0x0000000000000000 | 3.73 3.51 3.05 | cpu  2150786307 50794070 276980712 15370717205 1687469 0 10825804 0 0 0
1791121114 1785, 2619, 39, 0x0000000000000000 | 3.73 3.51 3.05 | cpu  2150786478 50794071 276980828 15370743349 1687469 0 10825834 0 0 0
1791121115 1785, 2619, 39, 0x0000000000000000 | 3.73 3.51 3.05 | cpu  2150786613 50794071 276980928 15370769919 1687472 0 10825852 0 0 0
1791121116 1785, 2619, 39, 0x0000000000000000 | 3.60 3.48 3.04 | cpu  2150786774 50794071 276981067 15370795435 1687472 0 10825882 0 0 0
1791121117 1785, 2619, 39, 0x0000000000000000 | 3.60 3.48 3.04 | cpu  2150786936 50794071 276981209 15370821052 1687472 0 10825900 0 0 0
1791121118 1785, 2619, 39, 0x0000000000000000 | 3.60 3.48 3.04 | cpu  2150787077 50794071 276981325 15370845453 1687472 0 10825906 0 0 0
1791121119 1785, 2619, 39, 0x0000000000000000 | 3.60 3.48 3.04 | cpu  2150787240 50794071 276981515 15370870343 1687472 0 10825910 0 0 0
1791121121 1785, 2619, 39, 0x0000000000000000 | 3.60 3.48 3.04 | cpu  2150787430 50794071 276981754 15370896305 1687474 0 10825929 0 0 0
1791121122 1785, 2619, 39, 0x0000000000000000 | 3.55 3.47 3.04 | cpu  2150787633 50794071 276981948 15370922357 1687474 0 10825950 0 0 0
1791121123 1785, 2619, 39, 0x0000000000000000 | 3.55 3.47 3.04 | cpu  2150787810 50794071 276982090 15370948668 1687474 0 10825967 0 0 0
1791121124 1785, 2619, 39, 0x0000000000000000 | 3.55 3.47 3.04 | cpu  2150787948 50794071 276982182 15370973783 1687474 0 10825985 0 0 0
1791121125 1785, 2619, 39, 0x0000000000000000 | 3.55 3.47 3.04 | cpu  2150788085 50794072 276982229 15370999454 1687474 0 10826000 0 0 0
1791121126 1785, 2619, 39, 0x0000000000000000 | 3.42 3.45 3.03 | cpu  2150788232 50794072 276982302 15371025282 1687475 0 10826024 0 0 0
1791121128 1785, 2619, 39, 0x0000000000000000 | 3.42 3.45 3.03 | cpu  2150788400 50794072 276982441 15371050976 1687475 0 10826046 0 0 0
1791121129 1785, 2619, 39, 0x0000000000000000 | 3.42 3.45 3.03 | cpu  2150788586 50794072 276982660 15371079862 1687477 0 10826071 0 0 0
1791121130 1785, 2619, 39, 0x0000000000000000 | 3.42 3.45 3.03 | cpu  2150788777 50794072 276982912 15371106367 1687477 0 10826104 0 0 0
1791121131 1785, 2619, 39, 0x0000000000000000 | 3.47 3.46 3.04 | cpu  2150788968 50794072 276983174 15371132140 1687479 0 10826132 0 0 0
1791121132 1785, 2619, 39, 0x0000000000000000 | 3.47 3.46 3.04 | cpu  2150789158 50794072 276983397 15371157875 1687479 0 10826153 0 0 0
1791121134 1785, 2619, 39, 0x0000000000000000 | 3.47 3.46 3.04 | cpu  2150789350 50794072 276983601 15371184029 1687479 0 10826180 0 0 0
1791121135 1785, 2619, 39, 0x0000000000000000 | 3.47 3.46 3.04 | cpu  2150789480 50794072 276983664 15371209877 1687479 0 10826190 0 0 0
1791121136 1785, 2619, 39, 0x0000000000000000 | 3.35 3.43 3.03 | cpu  2150789620 50794072 276983711 15371236010 1687479 0 10826201 0 0 0
1791121137 1785, 2619, 39, 0x0000000000000000 | 3.35 3.43 3.03 | cpu  2150789764 50794072 276983770 15371261874 1687479 0 10826221 0 0 0
1791121138 1785, 2619, 39, 0x0000000000000000 | 3.35 3.43 3.03 | cpu  2150789902 50794072 276983824 15371287221 1687479 0 10826236 0 0 0
1791121140 1785, 2619, 39, 0x0000000000000000 | 3.35 3.43 3.03 | cpu  2150790067 50794072 276984015 15371313525 1687479 0 10826249 0 0 0
1791121141 1785, 2619, 39, 0x0000000000000000 | 3.35 3.43 3.03 | cpu  2150790251 50794072 276984257 15371339084 1687479 0 10826276 0 0 0
1791121142 1785, 2619, 39, 0x0000000000000000 | 3.32 3.43 3.03 | cpu  2150790454 50794072 276984494 15371364814 1687479 0 10826308 0 0 0
1791121143 1785, 2619, 39, 0x0000000000000000 | 3.32 3.43 3.03 | cpu  2150790637 50794072 276984841 15371389518 1687482 0 10826319 0 0 0
1791121144 1785, 2619, 39, 0x0000000000000000 | 3.32 3.43 3.03 | cpu  2150790802 50794072 276985166 15371414456 1687488 0 10826321 0 0 0
1791121145 1785, 2619, 39, 0x0000000000000000 | 3.32 3.43 3.03 | cpu  2150790995 50794073 276985358 15371439262 1687496 0 10826325 0 0 0
1791121146 1785, 2619, 39, 0x0000000000000000 | 3.22 3.40 3.03 | cpu  2150791163 50794073 276985399 15371464253 1687496 0 10826327 0 0 0
1791121148 1785, 2619, 39, 0x0000000000000000 | 3.22 3.40 3.03 | cpu  2150791368 50794073 276985525 15371489755 1687496 0 10826358 0 0 0
1791121149 1785, 2619, 39, 0x0000000000000000 | 3.22 3.40 3.03 | cpu  2150791536 50794073 276985627 15371518173 1687496 0 10826370 0 0 0
1791121150 1785, 2619, 39, 0x0000000000000000 | 3.22 3.40 3.03 | cpu  2150791722 50794073 276985748 15371543513 1687496 0 10826381 0 0 0
1791121151 1785, 2619, 39, 0x0000000000000000 | 3.36 3.43 3.04 | cpu  2150792167 50794073 276986051 15371569437 1687496 0 10826400 0 0 0
1791121152 1785, 2619, 39, 0x0000000000000000 | 3.36 3.43 3.04 | cpu  2150792537 50794073 276986469 15371594740 1687497 0 10826414 0 0 0
1791121154 1785, 2619, 39, 0x0000000000000000 | 3.36 3.43 3.04 | cpu  2150792946 50794073 276986845 15371620779 1687497 0 10826438 0 0 0
1791121155 1785, 2619, 39, 0x0000000000000000 | 3.36 3.43 3.04 | cpu  2150793176 50794073 276987220 15371646411 1687497 0 10826455 0 0 0
1791121156 1785, 2619, 39, 0x0000000000000000 | 3.25 3.40 3.03 | cpu  2150793434 50794073 276987391 15371672957 1687497 0 10826472 0 0 0
1791121157 1785, 2619, 39, 0x0000000000000000 | 3.25 3.40 3.03 | cpu  2150793613 50794073 276987532 15371698085 1687497 0 10826489 0 0 0
1791121158 1785, 2619, 39, 0x0000000000000000 | 3.25 3.40 3.03 | cpu  2150793779 50794073 276987640 15371724166 1687497 0 10826497 0 0 0
1791121160 1785, 2619, 39, 0x0000000000000000 | 3.25 3.40 3.03 | cpu  2150793898 50794073 276987684 15371749434 1687497 0 10826500 0 0 0
1791121161 1785, 2619, 39, 0x0000000000000000 | 3.25 3.40 3.03 | cpu  2150794063 50794073 276987817 15371774472 1687497 0 10826501 0 0 0
1791121162 1785, 2619, 39, 0x0000000000000000 | 3.23 3.40 3.03 | cpu  2150794392 50794073 276987977 15371800169 1687497 0 10826515 0 0 0
1791121163 1785, 2619, 39, 0x0000000000000000 | 3.23 3.40 3.03 | cpu  2150794717 50794073 276988238 15371826831 1687497 0 10826534 0 0 0
1791121164 1785, 2619, 39, 0x0000000000000000 | 3.23 3.40 3.03 | cpu  2150795118 50794073 276988550 15371852414 1687503 0 10826562 0 0 0
1791121165 1785, 2619, 39, 0x0000000000000000 | 3.23 3.40 3.03 | cpu  2150795407 50794073 276988810 15371877324 1687503 0 10826589 0 0 0
1791121166 1785, 2619, 39, 0x0000000000000000 | 3.13 3.37 3.03 | cpu  2150795611 50794073 276988999 15371902589 1687503 0 10826617 0 0 0
1791121168 1785, 2619, 39, 0x0000000000000000 | 3.13 3.37 3.03 | cpu  2150795782 50794073 276989159 15371928038 1687503 0 10826626 0 0 0
1791121169 1785, 2619, 39, 0x0000000000000000 | 3.13 3.37 3.03 | cpu  2150796031 50794073 276989501 15371955283 1687504 0 10826662 0 0 0
1791121170 1785, 2619, 39, 0x0000000000000000 | 3.13 3.37 3.03 | cpu  2150796301 50794073 276990036 15371980270 1687504 0 10826694 0 0 0
1791121171 1785, 2619, 39, 0x0000000000000000 | 3.20 3.38 3.03 | cpu  2150796541 50794073 276990447 15372006040 1687504 0 10826725 0 0 0
1791121172 1785, 2619, 39, 0x0000000000000000 | 3.20 3.38 3.03 | cpu  2150796736 50794073 276990672 15372031283 1687504 0 10826749 0 0 0
1791121174 1785, 2619, 39, 0x0000000000000000 | 3.20 3.38 3.03 | cpu  2150796932 50794073 276990919 15372059975 1687504 0 10826785 0 0 0
1791121175 1785, 2619, 39, 0x0000000000000000 | 3.20 3.38 3.03 | cpu  2150797131 50794073 276991214 15372085890 1687504 0 10826809 0 0 0
1791121176 1785, 2619, 39, 0x0000000000000000 | 3.43 3.43 3.05 | cpu  2150797306 50794073 276991492 15372111046 1687506 0 10826843 0 0 0
1791121177 1785, 2619, 39, 0x0000000000000000 | 3.43 3.43 3.05 | cpu  2150797492 50794073 276991756 15372137003 1687507 0 10826861 0 0 0
1791121178 1785, 2619, 40, 0x0000000000000000 | 3.43 3.43 3.05 | cpu  2150797667 50794073 276991926 15372163721 1687507 0 10826889 0 0 0
1791121180 1785, 2619, 39, 0x0000000000000000 | 3.43 3.43 3.05 | cpu  2150797830 50794073 276992069 15372189087 1687507 0 10826911 0 0 0
1791121181 1785, 2619, 39, 0x0000000000000000 | 3.43 3.43 3.05 | cpu  2150798020 50794074 276992295 15372214735 1687508 0 10826943 0 0 0
1791121182 1785, 2619, 39, 0x0000000000000000 | 3.71 3.49 3.07 | cpu  2150798191 50794074 276992470 15372239442 1687509 0 10826967 0 0 0
1791121183 1785, 2619, 39, 0x0000000000000000 | 3.71 3.49 3.07 | cpu  2150798404 50794074 276992604 15372264237 1687509 0 10826972 0 0 0
1791121184 1785, 2619, 39, 0x0000000000000000 | 3.71 3.49 3.07 | cpu  2150798555 50794074 276992694 15372288957 1687509 0 10826973 0 0 0
1791121185 1785, 2619, 39, 0x0000000000000000 | 3.71 3.49 3.07 | cpu  2150798704 50794074 276992797 15372314735 1687510 0 10826977 0 0 0
1791121186 1785, 2619, 39, 0x0000000000000000 | 3.50 3.45 3.06 | cpu  2150798861 50794074 276992868 15372340518 1687510 0 10826986 0 0 0
1791121188 1785, 2619, 39, 0x0000000000000000 | 3.50 3.45 3.06 | cpu  2150799024 50794074 276993000 15372366473 1687510 0 10827009 0 0 0
1791121189 1785, 2619, 39, 0x0000000000000000 | 3.50 3.45 3.06 | cpu  2150799195 50794074 276993150 15372390702 1687510 0 10827033 0 0 0
1791121190 1785, 2619, 39, 0x0000000000000000 | 3.50 3.45 3.06 | cpu  2150799348 50794074 276993339 15372416311 1687510 0 10827051 0 0 0
1791121191 1785, 2619, 39, 0x0000000000000000 | 3.54 3.46 3.06 | cpu  2150799544 50794074 276993580 15372442168 1687511 0 10827071 0 0 0
1791121192 1785, 2619, 39, 0x0000000000000000 | 3.54 3.46 3.06 | cpu  2150799734 50794074 276993818 15372468043 1687511 0 10827102 0 0 0
1791121193 1785, 2619, 39, 0x0000000000000000 | 3.54 3.46 3.06 | cpu  2150799922 50794074 276994018 15372493210 1687511 0 10827122 0 0 0
1791121195 1785, 2619, 39, 0x0000000000000000 | 3.54 3.46 3.06 | cpu  2150800091 50794074 276994145 15372519039 1687512 0 10827150 0 0 0
1791121196 1785, 2619, 39, 0x0000000000000000 | 3.49 3.45 3.06 | cpu  2150800248 50794074 276994234 15372545634 1687512 0 10827176 0 0 0
1791121197 1785, 2619, 39, 0x0000000000000000 | 3.49 3.45 3.06 | cpu  2150800382 50794074 276994286 15372570400 1687512 0 10827194 0 0 0
1791121198 1785, 2619, 39, 0x0000000000000000 | 3.49 3.45 3.06 | cpu  2150800526 50794074 276994349 15372597097 1687512 0 10827221 0 0 0
1791121199 1785, 2619, 39, 0x0000000000000000 | 3.49 3.45 3.06 | cpu  2150800682 50794074 276994480 15372622786 1687512 0 10827248 0 0 0
1791121200 1785, 2619, 39, 0x0000000000000000 | 3.49 3.45 3.06 | cpu  2150800873 50794074 276994676 15372648550 1687512 0 10827283 0 0 0
1791121202 1785, 2619, 39, 0x0000000000000000 | 3.61 3.47 3.07 | cpu  2150801079 50794074 276994940 15372675341 1687512 0 10827336 0 0 0
1791121203 1785, 2619, 39, 0x0000000000000000 | 3.61 3.47 3.07 | cpu  2150801331 50794074 276995230 15372701667 1687512 0 10827392 0 0 0
1791121204 1785, 2619, 39, 0x0000000000000000 | 3.61 3.47 3.07 | cpu  2150801505 50794074 276995480 15372725887 1687515 0 10827425 0 0 0
1791121205 1785, 2619, 39, 0x0000000000000000 | 3.61 3.47 3.07 | cpu  2150801696 50794074 276995711 15372751035 1687515 0 10827453 0 0 0
1791121206 1785, 2619, 39, 0x0000000000000000 | 3.40 3.43 3.06 | cpu  2150801842 50794074 276995788 15372776950 1687515 0 10827480 0 0 0
1791121208 1785, 2619, 39, 0x0000000000000000 | 3.40 3.43 3.06 | cpu  2150801977 50794074 276995837 15372802854 1687515 0 10827513 0 0 0
1791121209 1785, 2619, 39, 0x0000000000000000 | 3.40 3.43 3.06 | cpu  2150802104 50794074 276995889 15372828932 1687515 0 10827542 0 0 0
1791121210 1785, 2619, 39, 0x0000000000000000 | 3.40 3.43 3.06 | cpu  2150802244 50794074 276995950 15372855617 1687515 0 10827564 0 0 0
1791121211 1785, 2619, 39, 0x0000000000000000 | 3.53 3.46 3.07 | cpu  2150802441 50794074 276996143 15372881886 1687515 0 10827580 0 0 0
1791121212 1785, 2619, 39, 0x0000000000000000 | 3.53 3.46 3.07 | cpu  2150802631 50794074 276996392 15372907502 1687515 0 10827607 0 0 0
1791121213 1785, 2619, 39, 0x0000000000000000 | 3.53 3.46 3.07 | cpu  2150802842 50794074 276996615 15372935020 1687515 0 10827624 0 0 0
1791121215 1785, 2619, 39, 0x0000000000000000 | 3.53 3.46 3.07 | cpu  2150803054 50794074 276996929 15372960890 1687515 0 10827650 0 0 0
1791121216 1785, 2619, 39, 0x0000000000000000 | 3.89 3.53 3.10 | cpu  2150803246 50794074 276997211 15372986911 1687516 0 10827668 0 0 0
1791121217 1785, 2619, 39, 0x0000000000000000 | 3.89 3.53 3.10 | cpu  2150803405 50794074 276997476 15373013150 1687517 0 10827682 0 0 0
1791121218 1785, 2619, 39, 0x0000000000000000 | 3.89 3.53 3.10 | cpu  2150803544 50794074 276997542 15373038921 1687517 0 10827697 0 0 0
1791121219 1785, 2619, 39, 0x0000000000000000 | 3.89 3.53 3.10 | cpu  2150803668 50794075 276997605 15373064217 1687517 0 10827709 0 0 0
1791121221 1785, 2619, 39, 0x0000000000000000 | 3.89 3.53 3.10 | cpu  2150803805 50794075 276997764 15373090037 1687517 0 10827726 0 0 0
1791121222 1785, 2619, 39, 0x0000000000000000 | 4.06 3.58 3.11 | cpu  2150803989 50794075 276997986 15373115458 1687517 0 10827737 0 0 0
1791121223 1785, 2619, 39, 0x0000000000000000 | 4.06 3.58 3.11 | cpu  2150804191 50794075 276998272 15373142087 1687524 0 10827776 0 0 0
1791121224 1785, 2619, 39, 0x0000000000000000 | 4.06 3.58 3.11 | cpu  2150804379 50794075 276998499 15373168407 1687524 0 10827814 0 0 0
1791121225 1785, 2619, 39, 0x0000000000000000 | 4.06 3.58 3.11 | cpu  2150804585 50794075 276998746 15373194943 1687524 0 10827852 0 0 0
1791121227 1785, 2619, 39, 0x0000000000000000 | 3.97 3.57 3.11 | cpu  2150804760 50794075 276998952 15373221403 1687525 0 10827876 0 0 0
1791121228 1785, 2619, 39, 0x0000000000000000 | 3.97 3.57 3.11 | cpu  2150804918 50794075 276999102 15373247369 1687525 0 10827902 0 0 0
1791121229 1785, 2619, 39, 0x0000000000000000 | 3.97 3.57 3.11 | cpu  2150805068 50794075 276999250 15373272559 1687525 0 10827930 0 0 0
1791121230 1785, 2619, 39, 0x0000000000000000 | 3.97 3.57 3.11 | cpu  2150805231 50794075 276999360 15373299567 1687525 0 10827955 0 0 0
1791121231 1785, 2619, 39, 0x0000000000000000 | 3.98 3.57 3.12 | cpu  2150805392 50794075 276999444 15373325980 1687525 0 10827988 0 0 0
1791121233 1785, 2619, 39, 0x0000000000000000 | 3.98 3.57 3.12 | cpu  2150805585 50794075 276999676 15373352466 1687525 0 10828030 0 0 0
1791121234 1785, 2619, 39, 0x0000000000000000 | 3.98 3.57 3.12 | cpu  2150805786 50794075 276999896 15373378764 1687525 0 10828070 0 0 0
1791121235 1785, 2619, 39, 0x0000000000000000 | 3.98 3.57 3.12 | cpu  2150805996 50794076 277000188 15373404727 1687525 0 10828110 0 0 0
1791121236 1785, 2619, 39, 0x0000000000000000 | 4.06 3.60 3.13 | cpu  2150806202 50794076 277000522 15373430217 1687526 0 10828152 0 0 0
1791121237 1785, 2619, 39, 0x0000000000000000 | 4.06 3.60 3.13 | cpu  2150806377 50794076 277000831 15373456576 1687526 0 10828194 0 0 0
1791121239 1785, 2619, 39, 0x0000000000000000 | 4.06 3.60 3.13 | cpu  2150806536 50794076 277001107 15373483396 1687526 0 10828218 0 0 0
1791121240 1785, 2619, 39, 0x0000000000000000 | 4.06 3.60 3.13 | cpu  2150806703 50794076 277001366 15373508530 1687527 0 10828238 0 0 0
1791121241 1785, 2619, 39, 0x0000000000000000 | 4.13 3.62 3.14 | cpu  2150806874 50794076 277001542 15373534594 1687529 0 10828252 0 0 0
1791121242 1785, 2619, 39, 0x0000000000000000 | 4.13 3.62 3.14 | cpu  2150807058 50794076 277001679 15373560157 1687529 0 10828273 0 0 0
1791121243 1785, 2619, 39, 0x0000000000000000 | 4.13 3.62 3.14 | cpu  2150807232 50794076 277001836 15373585729 1687529 0 10828282 0 0 0
1791121244 1785, 2619, 39, 0x0000000000000000 | 4.13 3.62 3.14 | cpu  2150807388 50794076 277001962 15373612079 1687529 0 10828296 0 0 0
1791121246 1785, 2619, 39, 0x0000000000000000 | 4.13 3.62 3.14 | cpu  2150807635 50794076 277002090 15373636962 1687529 0 10828315 0 0 0
1791121247 1785, 2619, 39, 0x0000000000000000 | 4.04 3.61 3.14 | cpu  2150807790 50794076 277002279 15373661823 1687529 0 10828317 0 0 0
1791121248 1785, 2619, 39, 0x0000000000000000 | 4.04 3.61 3.14 | cpu  2150807931 50794076 277002572 15373686663 1687533 0 10828319 0 0 0
1791121249 1785, 2619, 39, 0x0000000000000000 | 4.04 3.61 3.14 | cpu  2150808802 50794076 277002860 15373711149 1687537 0 10828333 0 0 0
1791121250 1785, 2619, 39, 0x0000000000000000 | 4.04 3.61 3.14 | cpu  2150809015 50794076 277003130 15373736958 1687537 0 10828350 0 0 0
1791121251 1785, 2619, 39, 0x0000000000000000 | 3.96 3.60 3.14 | cpu  2150809244 50794076 277003346 15373763144 1687552 0 10828354 0 0 0
1791121253 1785, 2619, 39, 0x0000000000000000 | 3.96 3.60 3.14 | cpu  2150809431 50794076 277003572 15373788753 1687552 0 10828357 0 0 0
1791121254 1785, 2619, 39, 0x0000000000000000 | 3.96 3.60 3.14 | cpu  2150809595 50794076 277003704 15373813061 1687552 0 10828363 0 0 0
1791121255 1785, 2619, 39, 0x0000000000000000 | 3.96 3.60 3.14 | cpu  2150809774 50794076 277003846 15373838080 1687552 0 10828371 0 0 0
1791121256 1785, 2619, 39, 0x0000000000000000 | 3.96 3.61 3.14 | cpu  2150809980 50794077 277004015 15373863092 1687567 0 10828374 0 0 0
1791121257 1785, 2619, 39, 0x0000000000000000 | 3.96 3.61 3.14 | cpu  2150810151 50794077 277004120 15373888069 1687577 0 10828379 0 0 0
1791121258 1785, 2619, 39, 0x0000000000000000 | 3.96 3.61 3.14 | cpu  2150810322 50794077 277004201 15373913567 1687577 0 10828380 0 0 0
1791121259 1785, 2619, 39, 0x0000000000000000 | 3.96 3.61 3.14 | cpu  2150810474 50794077 277004336 15373938494 1687577 0 10828386 0 0 0
1791121261 1785, 2619, 39, 0x0000000000000000 | 3.96 3.61 3.14 | cpu  2150810702 50794078 277004486 15373963818 1687579 0 10828389 0 0 0
1791121262 1785, 2619, 39, 0x0000000000000000 | 3.89 3.60 3.14 | cpu  2150810880 50794078 277004676 15373989216 1687579 0 10828392 0 0 0
1791121263 1785, 2619, 39, 0x0000000000000000 | 3.89 3.60 3.14 | cpu  2150811052 50794078 277004912 15374014424 1687579 0 10828399 0 0 0
1791121264 1785, 2619, 39, 0x0000000000000000 | 3.89 3.60 3.14 | cpu  2150811293 50794078 277005116 15374039763 1687580 0 10828410 0 0 0
1791121265 1785, 2619, 39, 0x0000000000000000 | 3.89 3.60 3.14 | cpu  2150811530 50794078 277005335 15374065176 1687580 0 10828416 0 0 0
1791121266 1785, 2619, 39, 0x0000000000000000 | 3.73 3.57 3.13 | cpu  2150811691 50794078 277005450 15374090705 1687580 0 10828416 0 0 0
1791121267 1785, 2619, 39, 0x0000000000000000 | 3.73 3.57 3.13 | cpu  2150811962 50794078 277005515 15374117091 1687580 0 10828420 0 0 0
1791121269 1785, 2619, 39, 0x0000000000000000 | 3.73 3.57 3.13 | cpu  2150812209 50794078 277005579 15374141675 1687580 0 10828429 0 0 0
1791121270 1785, 2619, 39, 0x0000000000000000 | 3.73 3.57 3.13 | cpu  2150812363 50794078 277005634 15374167120 1687580 0 10828439 0 0 0
1791121271 1785, 2619, 39, 0x0000000000000000 | 3.73 3.57 3.13 | cpu  2150812526 50794078 277005765 15374192439 1687580 0 10828444 0 0 0
1791121272 1785, 2619, 39, 0x0000000000000000 | 3.68 3.56 3.13 | cpu  2150812731 50794078 277005971 15374218052 1687580 0 10828456 0 0 0
1791121273 1785, 2619, 39, 0x0000000000000000 | 3.68 3.56 3.13 | cpu  2150812977 50794078 277006199 15374242663 1687580 0 10828469 0 0 0
1791121274 1785, 2619, 39, 0x0000000000000000 | 3.68 3.56 3.13 | cpu  2150813156 50794078 277006383 15374268762 1687580 0 10828472 0 0 0
1791121275 1785, 2619, 39, 0x0000000000000000 | 3.68 3.56 3.13 | cpu  2150813342 50794078 277006585 15374293612 1687580 0 10828482 0 0 0
1791121277 1785, 2619, 39, 0x0000000000000000 | 3.62 3.55 3.13 | cpu  2150813521 50794078 277006806 15374318849 1687581 0 10828486 0 0 0
1791121278 1785, 2619, 39, 0x0000000000000000 | 3.62 3.55 3.13 | cpu  2150813694 50794078 277006864 15374344154 1687581 0 10828489 0 0 0
1791121279 1785, 2619, 39, 0x0000000000000000 | 3.62 3.55 3.13 | cpu  2150813838 50794078 277006912 15374369188 1687581 0 10828492 0 0 0
1791121280 1785, 2619, 39, 0x0000000000000000 | 3.62 3.55 3.13 | cpu  2150814036 50794078 277007035 15374395311 1687581 0 10828493 0 0 0
1791121281 1785, 2619, 39, 0x0000000000000000 | 3.73 3.57 3.14 | cpu  2150814228 50794078 277007196 15374420171 1687581 0 10828501 0 0 0
1791121282 1785, 2619, 39, 0x0000000000000000 | 3.73 3.57 3.14 | cpu  2150814478 50794078 277007451 15374445467 1687581 0 10828525 0 0 0
1791121284 1785, 2619, 39, 0x0000000000000000 | 3.73 3.57 3.14 | cpu  2150814693 50794078 277007726 15374469596 1687581 0 10828540 0 0 0
1791121285 1785, 2619, 39, 0x0000000000000000 | 3.73 3.57 3.14 | cpu  2150814961 50794078 277007952 15374494796 1687581 0 10828548 0 0 0
1791121286 1785, 2619, 39, 0x0000000000000000 | 3.73 3.57 3.14 | cpu  2150815214 50794078 277008152 15374519547 1687581 0 10828553 0 0 0
1791121287 1785, 2619, 39, 0x0000000000000000 | 3.75 3.58 3.15 | cpu  2150815430 50794078 277008370 15374545232 1687581 0 10828562 0 0 0
1791121288 1785, 2619, 39, 0x0000000000000000 | 3.75 3.58 3.15 | cpu  2150815584 50794079 277008508 15374570559 1687581 0 10828572 0 0 0
1791121289 1785, 2619, 39, 0x0000000000000000 | 3.75 3.58 3.15 | cpu  2150815714 50794079 277008606 15374596216 1687581 0 10828582 0 0 0
1791121290 1785, 2619, 39, 0x0000000000000000 | 3.75 3.58 3.15 | cpu  2150815880 50794079 277008658 15374621532 1687581 0 10828588 0 0 0
1791121292 1785, 2619, 39, 0x0000000000000000 | 3.61 3.55 3.14 | cpu  2150816122 50794079 277008758 15374646715 1687581 0 10828591 0 0 0
1791121293 1785, 2619, 39, 0x0000000000000000 | 3.61 3.55 3.14 | cpu  2150816366 50794079 277008924 15374671880 1687581 0 10828594 0 0 0
1791121294 1785, 2619, 39, 0x0000000000000000 | 3.61 3.55 3.14 | cpu  2150816591 50794079 277009150 15374697305 1687581 0 10828597 0 0 0
1791121295 1785, 2619, 39, 0x0000000000000000 | 3.61 3.55 3.14 | cpu  2150816883 50794079 277009380 15374722002 1687581 0 10828629 0 0 0
1791121296 1785, 2619, 39, 0x0000000000000000 | 3.72 3.58 3.15 | cpu  2150817163 50794079 277009608 15374747575 1687581 0 10828634 0 0 0
1791121297 1785, 2619, 39, 0x0000000000000000 | 3.72 3.58 3.15 | cpu  2150817410 50794079 277009827 15374772014 1687581 0 10828638 0 0 0
1791121298 1785, 2619, 39, 0x0000000000000000 | 3.72 3.58 3.15 | cpu  2150817650 50794080 277009959 15374797016 1687581 0 10828639 0 0 0
1791121299 1785, 2619, 39, 0x0000000000000000 | 3.72 3.58 3.15 | cpu  2150817844 50794080 277010114 15374821477 1687582 0 10828642 0 0 0
1791121301 1785, 2619, 39, 0x0000000000000000 | 3.72 3.58 3.15 | cpu  2150818019 50794080 277010251 15374846705 1687582 0 10828646 0 0 0
1791121302 1785, 2619, 39, 0x0000000000000000 | 3.51 3.54 3.14 | cpu  2150818212 50794080 277010302 15374871966 1687584 0 10828648 0 0 0
1791121303 1785, 2619, 39, 0x0000000000000000 | 3.51 3.54 3.14 | cpu  2150818403 50794080 277010413 15374898610 1687584 0 10828652 0 0 0
1791121304 1785, 2619, 39, 0x0000000000000000 | 3.51 3.54 3.14 | cpu  2150818600 50794080 277010564 15374923538 1687584 0 10828653 0 0 0
1791121305 1785, 2619, 39, 0x0000000000000000 | 3.51 3.54 3.14 | cpu  2150818822 50794080 277010680 15374949147 1687584 0 10828658 0 0 0
1791121306 1785, 2619, 39, 0x0000000000000000 | 3.55 3.54 3.14 | cpu  2150819069 50794080 277010852 15374974778 1687584 0 10828669 0 0 0
1791121308 1785, 2619, 39, 0x0000000000000000 | 3.55 3.54 3.14 | cpu  2150819324 50794081 277011056 15374999545 1687584 0 10828682 0 0 0
1791121309 1785, 2619, 39, 0x0000000000000000 | 3.55 3.54 3.14 | cpu  2150819542 50794081 277011182 15375024718 1687584 0 10828685 0 0 0
1791121310 1785, 2619, 39, 0x0000000000000000 | 3.55 3.54 3.14 | cpu  2150819833 50794081 277011334 15375049465 1687584 0 10828688 0 0 0
1791121311 1785, 2619, 39, 0x0000000000000000 | 3.50 3.53 3.14 | cpu  2150820020 50794081 277011472 15375074278 1687584 0 10828693 0 0 0
1791121312 1785, 2619, 39, 0x0000000000000000 | 3.50 3.53 3.14 | cpu  2150820203 50794081 277011625 15375099824 1687584 0 10828701 0 0 0
1791121313 1785, 2619, 39, 0x0000000000000000 | 3.50 3.53 3.14 | cpu  2150820468 50794081 277011785 15375128017 1687584 0 10828706 0 0 0
1791121315 1785, 2619, 39, 0x0000000000000000 | 3.50 3.53 3.14 | cpu  2150820694 50794081 277011918 15375152946 1687584 0 10828710 0 0 0
1791121316 1785, 2619, 39, 0x0000000000000000 | 3.50 3.53 3.14 | cpu  2150820887 50794081 277012030 15375178785 1687584 0 10828714 0 0 0
1791121317 1785, 2619, 39, 0x0000000000000000 | 3.38 3.51 3.14 | cpu  2150821120 50794081 277012134 15375203649 1687584 0 10828716 0 0 0
1791121318 1785, 2619, 39, 0x0000000000000000 | 3.38 3.51 3.14 | cpu  2150821359 50794081 277012236 15375228999 1687584 0 10828720 0 0 0
1791121319 1785, 2619, 39, 0x0000000000000000 | 3.38 3.51 3.14 | cpu  2150821565 50794081 277012372 15375253804 1687584 0 10828723 0 0 0
1791121320 1785, 2619, 39, 0x0000000000000000 | 3.38 3.51 3.14 | cpu  2150821778 50794081 277012521 15375279530 1687584 0 10828728 0 0 0
1791121321 1785, 2619, 39, 0x0000000000000000 | 3.27 3.48 3.13 | cpu  2150821955 50794081 277012678 15375305524 1687584 0 10828732 0 0 0
1791121323 1785, 2619, 39, 0x0000000000000000 | 3.27 3.48 3.13 | cpu  2150822125 50794081 277012825 15375330576 1687584 0 10828736 0 0 0
1791121324 1785, 2619, 39, 0x0000000000000000 | 3.27 3.48 3.13 | cpu  2150822285 50794082 277013021 15375356721 1687584 0 10828738 0 0 0
1791121325 1785, 2619, 39, 0x0000000000000000 | 3.27 3.48 3.13 | cpu  2150822469 50794082 277013181 15375381732 1687584 0 10828742 0 0 0
1791121326 1785, 2619, 39, 0x0000000000000000 | 3.25 3.47 3.13 | cpu  2150822632 50794082 277013286 15375406279 1687584 0 10828751 0 0 0
1791121327 1785, 2619, 39, 0x0000000000000000 | 3.25 3.47 3.13 | cpu  2150822806 50794082 277013397 15375431579 1687584 0 10828754 0 0 0
1791121328 1785, 2619, 39, 0x0000000000000000 | 3.25 3.47 3.13 | cpu  2150822919 50794082 277013441 15375456250 1687584 0 10828754 0 0 0
1791121329 1785, 2619, 39, 0x0000000000000000 | 3.25 3.47 3.13 | cpu  2150823044 50794082 277013472 15375482254 1687584 0 10828759 0 0 0
1791121331 1785, 2619, 39, 0x0000000000000000 | 3.25 3.47 3.13 | cpu  2150823194 50794082 277013596 15375507419 1687584 0 10828763 0 0 0
1791121332 1785, 2619, 39, 0x0000000000000000 | 3.15 3.45 3.12 | cpu  2150823340 50794082 277013719 15375532767 1687584 0 10828768 0 0 0
1791121333 1785, 2619, 39, 0x0000000000000000 | 3.15 3.45 3.12 | cpu  2150823506 50794082 277013899 15375558661 1687585 0 10828775 0 0 0
1791121334 1785, 2619, 39, 0x0000000000000000 | 3.15 3.45 3.12 | cpu  2150823649 50794082 277014093 15375583455 1687585 0 10828780 0 0 0
1791121335 1785, 2619, 39, 0x0000000000000000 | 3.15 3.45 3.12 | cpu  2150824007 50794082 277014337 15375609073 1687585 0 10828790 0 0 0
1791121336 1785, 2619, 39, 0x0000000000000000 | 3.30 3.48 3.13 | cpu  2150824492 50794082 277014653 15375635488 1687585 0 10828833 0 0 0
1791121338 1785, 2619, 39, 0x0000000000000000 | 3.30 3.48 3.13 | cpu  2150824765 50794082 277014840 15375660502 1687585 0 10828850 0 0 0
1791121339 1785, 2619, 39, 0x0000000000000000 | 3.30 3.48 3.13 | cpu  2150825031 50794082 277014950 15375685600 1687585 0 10828860 0 0 0
1791121340 1785, 2619, 39, 0x0000000000000000 | 3.30 3.48 3.13 | cpu  2150825937 50794082 277015036 15375709670 1687585 0 10828875 0 0 0
1791121341 1785, 2619, 39, 0x0000000000000000 | 3.35 3.48 3.14 | cpu  2150826138 50794082 277015088 15375734865 1687587 0 10828879 0 0 0
1791121342 1785, 2619, 39, 0x0000000000000000 | 3.35 3.48 3.14 | cpu  2150827050 50794082 277015279 15375759684 1687589 0 10828905 0 0 0
1791121343 1785, 2619, 39, 0x0000000000000000 | 3.35 3.48 3.14 | cpu  2150827345 50794082 277016049 15375783793 1687591 0 10828912 0 0 0
1791121344 1785, 2619, 39, 0x0000000000000000 | 3.35 3.48 3.14 | cpu  2150827536 50794082 277016356 15375808877 1687591 0 10828915 0 0 0
1791121346 1785, 2619, 39, 0x0000000000000000 | 3.35 3.48 3.14 | cpu  2150827806 50794082 277016752 15375833340 1687592 0 10828922 0 0 0
1791121347 1785, 2619, 39, 0x0000000000000000 | 3.49 3.51 3.15 | cpu  2150828087 50794082 277017074 15375858073 1687595 0 10828929 0 0 0
1791121348 1785, 2619, 39, 0x0000000000000000 | 3.49 3.51 3.15 | cpu  2150828373 50794082 277017436 15375885511 1687595 0 10828935 0 0 0
1791121349 1785, 2619, 39, 0x0000000000000000 | 3.49 3.51 3.15 | cpu  2150828524 50794082 277017587 15375911090 1687595 0 10828937 0 0 0
1791121350 1785, 2619, 39, 0x0000000000000000 | 3.49 3.51 3.15 | cpu  2150828840 50794082 277017773 15375936155 1687596 0 10828949 0 0 0
1791121351 1785, 2619, 39, 0x0000000000000000 | 3.53 3.52 3.15 | cpu  2150830441 50794082 277017980 15375959357 1687596 0 10828964 0 0 0
1791121352 1785, 2619, 39, 0x0000000000000000 | 3.53 3.52 3.15 | cpu  2150830738 50794082 277018124 15375984482 1687596 0 10828982 0 0 0
1791121354 1785, 2619, 39, 0x0000000000000000 | 3.53 3.52 3.15 | cpu  2150831796 50794082 277018335 15376008997 1687596 0 10828994 0 0 0
1791121355 1785, 2619, 39, 0x0000000000000000 | 3.53 3.52 3.15 | cpu  2150832302 50794082 277019524 15376033257 1687596 0 10829008 0 0 0
1791121356 1785, 2619, 39, 0x0000000000000000 | 3.53 3.52 3.15 | cpu  2150832661 50794082 277019748 15376057675 1687597 0 10829024 0 0 0
1791121357 1785, 2619, 39, 0x0000000000000000 | 3.73 3.56 3.17 | cpu  2150833017 50794082 277019957 15376081737 1687601 0 10829036 0 0 0
1791121358 1785, 2619, 39, 0x0000000000000000 | 3.73 3.56 3.17 | cpu  2150833375 50794082 277020183 15376106767 1687602 0 10829050 0 0 0
1791121359 1785, 2619, 39, 0x0000000000000000 | 3.73 3.56 3.17 | cpu  2150833694 50794082 277020360 15376131070 1687603 0 10829059 0 0 0
1791121360 1785, 2619, 39, 0x0000000000000000 | 3.73 3.56 3.17 | cpu  2150834003 50794082 277020652 15376155832 1687604 0 10829085 0 0 0
1791121362 1785, 2619, 39, 0x0000000000000000 | 3.75 3.57 3.17 | cpu  2150834318 50794082 277020842 15376181528 1687604 0 10829093 0 0 0
1791121363 1785, 2619, 39, 0x0000000000000000 | 3.75 3.57 3.17 | cpu  2150834474 50794082 277020882 15376206631 1687604 0 10829094 0 0 0
1791121364 1785, 2619, 39, 0x0000000000000000 | 3.75 3.57 3.17 | cpu  2150834602 50794082 277020946 15376232480 1687604 0 10829096 0 0 0
1791121365 1785, 2619, 39, 0x0000000000000000 | 3.75 3.57 3.17 | cpu  2150834764 50794082 277021071 15376258974 1687604 0 10829096 0 0 0
1791121366 1785, 2619, 39, 0x0000000000000000 | 3.69 3.56 3.17 | cpu  2150834951 50794082 277021228 15376283997 1687604 0 10829100 0 0 0
1791121367 1785, 2619, 39, 0x0000000000000000 | 3.69 3.56 3.17 | cpu  2150835138 50794083 277021431 15376309862 1687604 0 10829102 0 0 0
1791121369 1785, 2619, 39, 0x0000000000000000 | 3.69 3.56 3.17 | cpu  2150835300 50794083 277021647 15376335642 1687604 0 10829114 0 0 0
1791121370 1785, 2619, 39, 0x0000000000000000 | 3.69 3.56 3.17 | cpu  2150835452 50794083 277021810 15376360110 1687604 0 10829122 0 0 0
1791121371 1785, 2619, 39, 0x0000000000000000 | 3.69 3.56 3.17 | cpu  2150835596 50794083 277021933 15376385980 1687604 0 10829128 0 0 0
1791121372 1785, 2619, 39, 0x0000000000000000 | 3.55 3.53 3.17 | cpu  2150835760 50794083 277022063 15376412301 1687604 0 10829134 0 0 0
1791121373 1785, 2619, 39, 0x0000000000000000 | 3.55 3.53 3.17 | cpu  2150835916 50794083 277022119 15376438711 1687604 0 10829140 0 0 0
1791121374 1785, 2619, 39, 0x0000000000000000 | 3.55 3.53 3.17 | cpu  2150836181 50794083 277022208 15376463548 1687604 0 10829148 0 0 0
1791121376 1785, 2619, 39, 0x0000000000000000 | 3.55 3.53 3.17 | cpu  2150836459 50794084 277022349 15376489836 1687604 0 10829159 0 0 0
1791121377 1785, 2619, 39, 0x0000000000000000 | 3.51 3.52 3.17 | cpu  2150836757 50794084 277022451 15376514779 1687604 0 10829161 0 0 0
1791121378 1785, 2619, 39, 0x0000000000000000 | 3.51 3.52 3.17 | cpu  2150837042 50794084 277022602 15376539628 1687604 0 10829167 0 0 0
1791121379 1785, 2619, 39, 0x0000000000000000 | 3.51 3.52 3.17 | cpu  2150837281 50794084 277022756 15376564169 1687604 0 10829170 0 0 0
1791121380 1785, 2619, 39, 0x0000000000000000 | 3.51 3.52 3.17 | cpu  2150837570 50794084 277022890 15376588998 1687605 0 10829176 0 0 0
1791121381 1785, 2619, 39, 0x0000000000000000 | 3.55 3.53 3.17 | cpu  2150837920 50794084 277023019 15376614229 1687605 0 10829194 0 0 0
1791121382 1785, 2619, 39, 0x0000000000000000 | 3.55 3.53 3.17 | cpu  2150838642 50794084 277023160 15376638756 1687605 0 10829215 0 0 0
1791121384 1785, 2619, 39, 0x0000000000000000 | 3.55 3.53 3.17 | cpu  2150839284 50794084 277023277 15376663465 1687605 0 10829238 0 0 0
1791121385 1785, 2619, 39, 0x0000000000000000 | 3.55 3.53 3.17 | cpu  2150839589 50794084 277023432 15376688885 1687605 0 10829260 0 0 0
1791121386 1785, 2619, 39, 0x0000000000000000 | 3.55 3.53 3.17 | cpu  2150839946 50794084 277023562 15376713671 1687605 0 10829263 0 0 0
1791121387 1785, 2619, 39, 0x0000000000000000 | 3.66 3.56 3.18 | cpu  2150840350 50794084 277023687 15376738754 1687605 0 10829268 0 0 0
1791121388 1785, 2619, 39, 0x0000000000000000 | 3.66 3.56 3.18 | cpu  2150840887 50794084 277023814 15376762633 1687605 0 10829285 0 0 0
1791121389 1785, 2619, 39, 0x0000000000000000 | 3.66 3.56 3.18 | cpu  2150841812 50794084 277023908 15376787651 1687605 0 10829298 0 0 0
1791121390 1785, 2619, 39, 0x0000000000000000 | 3.66 3.56 3.18 | cpu  2150843825 50794084 277028558 15376807030 1687605 0 10829314 0 0 0
1791121391 1785, 2619, 39, 0x0000000000000000 | 10.58 4.99 3.65 | cpu  2150846870 50794084 277031556 15376825638 1687605 0 10829329 0 0 0
1791121393 1785, 2619, 39, 0x0000000000000000 | 10.58 4.99 3.65 | cpu  2150848991 50794084 277035453 15376844060 1687605 0 10829360 0 0 0
1791121394 1785, 2619, 39, 0x0000000000000000 | 10.58 4.99 3.65 | cpu  2150851178 50794084 277038293 15376862990 1687605 0 10829373 0 0 0
1791121395 1785, 2619, 39, 0x0000000000000000 | 10.58 4.99 3.65 | cpu  2150852241 50794084 277039902 15376885366 1687621 0 10829394 0 0 0
1791121396 1785, 2619, 39, 0x0000000000000000 | 10.58 4.99 3.65 | cpu  2150852736 50794085 277040989 15376910383 1687635 0 10829416 0 0 0
1791121397 1785, 2619, 39, 0x0000000000000000 | 10.69 5.11 3.69 | cpu  2150853046 50794085 277042313 15376934793 1687674 0 10829442 0 0 0
1791121398 1785, 2619, 39, 0x0000000000000000 | 10.69 5.11 3.69 | cpu  2150854157 50794085 277043290 15376956990 1687721 0 10829456 0 0 0
1791121399 1785, 2619, 39, 0x0000000000000000 | 10.69 5.11 3.69 | cpu  2150854416 50794085 277044596 15376980388 1687766 0 10829474 0 0 0
1791121401 1785, 2619, 39, 0x0000000000000000 | 10.69 5.11 3.69 | cpu  2150854617 50794085 277045945 15377005619 1687811 0 10829509 0 0 0
1791121402 1785, 2619, 39, 0x0000000000000000 | 11.04 5.27 3.75 | cpu  2150855406 50794086 277048002 15377029218 1687839 0 10829544 0 0 0
1791121403 1785, 2619, 39, 0x0000000000000000 | 11.04 5.27 3.75 | cpu  2150855814 50794086 277048940 15377053306 1687863 0 10829577 0 0 0
1791121404 1785, 2619, 39, 0x0000000000000000 | 11.04 5.27 3.75 | cpu  2150856003 50794086 277050336 15377077946 1687913 0 10829590 0 0 0
1791121405 1785, 2619, 39, 0x0000000000000000 | 11.04 5.27 3.75 | cpu  2150856213 50794086 277051748 15377102101 1687960 0 10829602 0 0 0
1791121406 1785, 2619, 39, 0x0000000000000000 | 10.79 5.32 3.78 | cpu  2150856461 50794086 277053109 15377126017 1687997 0 10829616 0 0 0
1791121408 1785, 2619, 39, 0x0000000000000000 | 10.79 5.32 3.78 | cpu  2150856693 50794086 277054604 15377150701 1688035 0 10829637 0 0 0
1791121409 1785, 2619, 39, 0x0000000000000000 | 10.79 5.32 3.78 | cpu  2150856889 50794086 277055911 15377175457 1688080 0 10829661 0 0 0
1791121410 1785, 2619, 39, 0x0000000000000000 | 10.79 5.32 3.78 | cpu  2150857232 50794086 277057036 15377199338 1688125 0 10829695 0 0 0
1791121411 1785, 2619, 39, 0x0000000000000000 | 10.89 5.43 3.82 | cpu  2150857742 50794086 277057958 15377223562 1688179 0 10829718 0 0 0
1791121412 1785, 2619, 39, 0x0000000000000000 | 10.89 5.43 3.82 | cpu  2150858240 50794086 277058756 15377247471 1688231 0 10829740 0 0 0
1791121413 1785, 2619, 39, 0x0000000000000000 | 10.89 5.43 3.82 | cpu  2150860251 50794086 277060099 15377268579 1688268 0 10829753 0 0 0
1791121415 1785, 2619, 39, 0x0000000000000000 | 10.89 5.43 3.82 | cpu  2150861272 50794086 277061497 15377291817 1688318 0 10829776 0 0 0
1791121416 1785, 2619, 39, 0x0000000000000000 | 10.89 5.43 3.82 | cpu  2150865202 50794086 277062972 15377313494 1688376 0 10829798 0 0 0
1791121417 1785, 2619, 39, 0x0000000000000000 | 11.06 5.55 3.87 | cpu  2150870290 50794086 277064357 15377333713 1688434 0 10829814 0 0 0
1791121418 1785, 2619, 39, 0x0000000000000000 | 11.06 5.55 3.87 | cpu  2150874064 50794086 277065520 15377353523 1688482 0 10829824 0 0 0
1791121419 1785, 2619, 39, 0x0000000000000000 | 11.06 5.55 3.87 | cpu  2150878868 50794086 277066906 15377372942 1688543 0 10829832 0 0 0
1791121420 1785, 2619, 39, 0x0000000000000000 | 11.06 5.55 3.87 | cpu  2150883321 50794086 277067757 15377393065 1688551 0 10829840 0 0 0
1791121421 1785, 2619, 39, 0x0000000000000000 | 19.30 7.36 4.46 | cpu  2150886831 50794086 277068439 15377413465 1688555 0 10829857 0 0 0
1791121423 1785, 2619, 39, 0x0000000000000000 | 19.30 7.36 4.46 | cpu  2150889153 50794086 277069736 15377437373 1688573 0 10829878 0 0 0
1791121424 1785, 2619, 39, 0x0000000000000000 | 19.30 7.36 4.46 | cpu  2150890130 50794086 277070202 15377461091 1688604 0 10829903 0 0 0
1791121425 1785, 2619, 39, 0x0000000000000000 | 19.30 7.36 4.46 | cpu  2150891486 50794086 277070779 15377485891 1688644 0 10829941 0 0 0
1791121426 1785, 2619, 39, 0x0000000000000000 | 18.24 7.33 4.47 | cpu  2150894700 50794086 277071721 15377507011 1688690 0 10829961 0 0 0
1791121427 1785, 2619, 39, 0x0000000000000000 | 18.24 7.33 4.47 | cpu  2150898096 50794086 277072665 15377528546 1688741 0 10829983 0 0 0
1791121428 1785, 2619, 39, 0x0000000000000000 | 18.24 7.33 4.47 | cpu  2150901208 50794086 277073698 15377549738 1688784 0 10829990 0 0 0
1791121430 1785, 2619, 39, 0x0000000000000000 | 18.24 7.33 4.47 | cpu  2150905623 50794086 277075091 15377570101 1688837 0 10830006 0 0 0
1791121431 1785, 2619, 39, 0x0000000000000000 | 18.24 7.33 4.47 | cpu  2150909556 50794086 277076524 15377591234 1688883 0 10830008 0 0 0
1791121432 1785, 2619, 39, 0x0000000000000000 | 18.22 7.51 4.54 | cpu  2150912986 50794086 277077912 15377610810 1688928 0 10830014 0 0 0
1791121433 1785, 2619, 39, 0x0000000000000000 | 18.22 7.51 4.54 | cpu  2150916359 50794086 277079149 15377631906 1688969 0 10830024 0 0 0
1791121434 1785, 2619, 39, 0x0000000000000000 | 18.22 7.51 4.54 | cpu  2150920311 50794086 277080433 15377653236 1689010 0 10830048 0 0 0
1791121435 1785, 2619, 39, 0x0000000000000000 | 18.22 7.51 4.54 | cpu  2150923125 50794086 277081723 15377673271 1689038 0 10830070 0 0 0
1791121437 1785, 2619, 39, 0x0000000000000000 | 18.20 7.68 4.62 | cpu  2150923784 50794086 277083178 15377696445 1689074 0 10830074 0 0 0
1791121438 1785, 2619, 39, 0x0000000000000000 | 18.20 7.68 4.62 | cpu  2150925813 50794086 277084017 15377718596 1689086 0 10830083 0 0 0
1791121439 1785, 2619, 39, 0x0000000000000000 | 18.20 7.68 4.62 | cpu  2150928535 50794086 277084271 15377741230 1689086 0 10830095 0 0 0
1791121440 1785, 2619, 39, 0x0000000000000000 | 18.20 7.68 4.62 | cpu  2150931367 50794086 277084508 15377764136 1689086 0 10830119 0 0 0
1791121441 1785, 2619, 39, 0x0000000000000000 | 26.03 9.48 5.22 | cpu  2150934102 50794086 277084671 15377787349 1689086 0 10830139 0 0 0
1791121442 1785, 2619, 39, 0x0000000000000000 | 26.03 9.48 5.22 | cpu  2150936797 50794086 277084812 15377809745 1689086 0 10830152 0 0 0
1791121443 1785, 2619, 39, 0x0000000000000000 | 26.03 9.48 5.22 | cpu  2150939543 50794086 277085399 15377831426 1689124 0 10830173 0 0 0
1791121444 1785, 2619, 39, 0x0000000000000000 | 26.03 9.48 5.22 | cpu  2150942218 50794086 277086092 15377852998 1689184 0 10830184 0 0 0
1791121446 1785, 2619, 39, 0x0000000000000000 | 26.03 9.48 5.22 | cpu  2150945097 50794086 277086724 15377874041 1689243 0 10830192 0 0 0
1791121447 1785, 2619, 39, 0x0000000000000000 | 24.59 9.46 5.23 | cpu  2150948016 50794086 277087536 15377896563 1689292 0 10830196 0 0 0
1791121448 1785, 2619, 39, 0x0000000000000000 | 24.59 9.46 5.23 | cpu  2150950694 50794087 277088246 15377918419 1689338 0 10830201 0 0 0
1791121449 1785, 2619, 39, 0x0000000000000000 | 24.59 9.46 5.23 | cpu  2150953602 50794087 277089008 15377939257 1689380 0 10830209 0 0 0
1791121450 1785, 2619, 39, 0x0000000000000000 | 24.59 9.46 5.23 | cpu  2150956518 50794087 277089898 15377960733 1689426 0 10830213 0 0 0
1791121451 1785, 2619, 39, 0x0000000000000000 | 32.39 11.33 5.86 | cpu  2150959332 50794087 277090642 15377982512 1689473 0 10830239 0 0 0
1791121453 1785, 2619, 39, 0x0000000000000000 | 32.39 11.33 5.86 | cpu  2150962138 50794087 277091393 15378006288 1689525 0 10830263 0 0 0
1791121454 1785, 2619, 39, 0x0000000000000000 | 32.39 11.33 5.86 | cpu  2150965279 50794087 277092122 15378028143 1689574 0 10830282 0 0 0
1791121455 1785, 2619, 39, 0x0000000000000000 | 32.39 11.33 5.86 | cpu  2150968295 50794087 277092891 15378050373 1689624 0 10830301 0 0 0
1791121456 1785, 2619, 39, 0x0000000000000000 | 32.39 11.33 5.86 | cpu  2150971419 50794087 277093690 15378071526 1689674 0 10830312 0 0 0
1791121457 1785, 2619, 39, 0x0000000000000000 | 30.68 11.32 5.89 | cpu  2150975348 50794087 277093876 15378093129 1689678 0 10830323 0 0 0
1791121458 1785, 2619, 39, 0x0000000000000000 | 30.68 11.32 5.89 | cpu  2150978894 50794087 277094034 15378114087 1689678 0 10830338 0 0 0
1791121459 1785, 2619, 39, 0x0000000000000000 | 30.68 11.32 5.89 | cpu  2150981314 50794087 277094453 15378136816 1689678 0 10830353 0 0 0
1791121461 1785, 2619, 39, 0x0000000000000000 | 30.68 11.32 5.89 | cpu  2150982704 50794087 277095119 15378160054 1689678 0 10830371 0 0 0
1791121462 1785, 2619, 39, 0x0000000000000000 | 29.02 11.30 5.91 | cpu  2150984168 50794087 277095617 15378182903 1689678 0 10830389 0 0 0
1791121463 1785, 2619, 39, 0x0000000000000000 | 29.02 11.30 5.91 | cpu  2150985559 50794087 277095862 15378206837 1689678 0 10830400 0 0 0
1791121464 1785, 2619, 39, 0x0000000000000000 | 29.02 11.30 5.91 | cpu  2150987105 50794087 277096122 15378230867 1689678 0 10830405 0 0 0
1791121465 1785, 2619, 39, 0x0000000000000000 | 29.02 11.30 5.91 | cpu  2150988682 50794087 277096434 15378254153 1689678 0 10830413 0 0 0
1791121466 1785, 2619, 39, 0x0000000000000000 | 28.22 11.43 5.98 | cpu  2150990862 50794087 277096868 15378279018 1689678 0 10830426 0 0 0
1791121467 1785, 2619, 39, 0x0000000000000000 | 28.22 11.43 5.98 | cpu  2150992548 50794087 277097106 15378303754 1689678 0 10830440 0 0 0
1791121469 1785, 2619, 39, 0x0000000000000000 | 28.22 11.43 5.98 | cpu  2150994063 50794087 277097236 15378327527 1689678 0 10830442 0 0 0
1791121470 1785, 2619, 39, 0x0000000000000000 | 28.22 11.43 5.98 | cpu  2150995710 50794087 277097360 15378351446 1689678 0 10830455 0 0 0
1791121471 1785, 2619, 39, 0x0000000000000000 | 28.22 11.43 5.98 | cpu  2150997305 50794087 277097430 15378376120 1689678 0 10830467 0 0 0
1791121472 1785, 2619, 39, 0x0000000000000000 | 26.28 11.30 5.97 | cpu  2150998666 50794087 277097564 15378399890 1689678 0 10830474 0 0 0
1791121473 1785, 2619, 39, 0x0000000000000000 | 26.28 11.30 5.97 | cpu  2151000071 50794087 277097780 15378424488 1689678 0 10830485 0 0 0
1791121474 1785, 2619, 39, 0x0000000000000000 | 26.28 11.30 5.97 | cpu  2151001491 50794087 277097969 15378449642 1689678 0 10830506 0 0 0
1791121476 1785, 2619, 39, 0x0000000000000000 | 26.28 11.30 5.97 | cpu  2151003030 50794087 277098158 15378473683 1689678 0 10830511 0 0 0
1791121477 1785, 2619, 39, 0x0000000000000000 | 24.49 11.18 5.96 | cpu  2151004568 50794087 277098412 15378498412 1689678 0 10830529 0 0 0
1791121478 1785, 2619, 39, 0x0000000000000000 | 24.49 11.18 5.96 | cpu  2151007184 50794087 277098643 15378520289 1689678 0 10830545 0 0 0
1791121479 1785, 2619, 39, 0x0000000000000000 | 24.49 11.18 5.96 | cpu  2151008808 50794087 277098923 15378543495 1689678 0 10830558 0 0 0
1791121480 1785, 2619, 39, 0x0000000000000000 | 24.49 11.18 5.96 | cpu  2151010652 50794087 277099096 15378567348 1689681 0 10830572 0 0 0
1791121481 1785, 2619, 39, 0x0000000000000000 | 22.77 11.04 5.94 | cpu  2151013137 50794087 277099147 15378589714 1689681 0 10830573 0 0 0
1791121482 1785, 2619, 39, 0x0000000000000000 | 22.77 11.04 5.94 | cpu  2151014900 50794087 277099197 15378613668 1689681 0 10830575 0 0 0
1791121484 1785, 2619, 39, 0x0000000000000000 | 22.77 11.04 5.94 | cpu  2151016529 50794087 277099230 15378637719 1689681 0 10830578 0 0 0
1791121485 1785, 2619, 39, 0x0000000000000000 | 22.77 11.04 5.94 | cpu  2151018079 50794087 277099317 15378661598 1689681 0 10830582 0 0 0
1791121486 1785, 2619, 39, 0x0000000000000000 | 22.77 11.04 5.94 | cpu  2151019754 50794087 277099510 15378685255 1689681 0 10830594 0 0 0
1791121487 1785, 2619, 39, 0x0000000000000000 | 21.43 10.96 5.94 | cpu  2151021122 50794087 277099732 15378708319 1689681 0 10830610 0 0 0
1791121488 1785, 2619, 39, 0x0000000000000000 | 21.43 10.96 5.94 | cpu  2151022581 50794087 277099959 15378731358 1689681 0 10830621 0 0 0
1791121489 1785, 2619, 39, 0x0000000000000000 | 21.43 10.96 5.94 | cpu  2151024582 50794087 277100192 15378754920 1689681 0 10830645 0 0 0
1791121490 1785, 2619, 39, 0x0000000000000000 | 21.43 10.96 5.94 | cpu  2151026910 50794090 277100412 15378778157 1689681 0 10830668 0 0 0
1791121492 1785, 2619, 39, 0x0000000000000000 | 29.00 12.70 6.53 | cpu  2151028970 50794090 277100642 15378800678 1689681 0 10830682 0 0 0
1791121493 1785, 2619, 39, 0x0000000000000000 | 29.00 12.70 6.53 | cpu  2151031068 50794090 277100695 15378824065 1689681 0 10830688 0 0 0
1791121494 1785, 2619, 39, 0x0000000000000000 | 29.00 12.70 6.53 | cpu  2151033278 50794090 277100742 15378847631 1689681 0 10830697 0 0 0
1791121495 1785, 2619, 39, 0x0000000000000000 | 29.00 12.70 6.53 | cpu  2151035534 50794090 277100798 15378871713 1689681 0 10830702 0 0 0
1791121496 1785, 2619, 39, 0x0000000000000000 | 27.08 12.58 6.52 | cpu  2151037676 50794090 277100913 15378895856 1689681 0 10830710 0 0 0
1791121497 1785, 2619, 39, 0x0000000000000000 | 27.08 12.58 6.52 | cpu  2151040320 50794090 277101117 15378917256 1689681 0 10830726 0 0 0
1791121498 1785, 2619, 39, 0x0000000000000000 | 27.08 12.58 6.52 | cpu  2151042576 50794090 277101320 15378940881 1689681 0 10830743 0 0 0
1791121500 1785, 2619, 39, 0x0000000000000000 | 27.08 12.58 6.52 | cpu  2151044602 50794090 277101610 15378963733 1689681 0 10830758 0 0 0
1791121501 1785, 2619, 39, 0x0000000000000000 | 27.08 12.58 6.52 | cpu  2151046376 50794090 277102109 15378987201 1689702 0 10830772 0 0 0
1791121502 1785, 2619, 39, 0x0000000000000000 | 25.87 12.57 6.55 | cpu  2151047331 50794091 277102852 15379011191 1689746 0 10830791 0 0 0
1791121503 1785, 2619, 39, 0x0000000000000000 | 25.87 12.57 6.55 | cpu  2151048345 50794091 277103557 15379034297 1689791 0 10830799 0 0 0
1791121504 1785, 2619, 39, 0x0000000000000000 | 25.87 12.57 6.55 | cpu  2151049262 50794091 277104127 15379058078 1689838 0 10830800 0 0 0
1791121505 1785, 2619, 39, 0x0000000000000000 | 25.87 12.57 6.55 | cpu  2151050604 50794091 277104290 15379082052 1689838 0 10830801 0 0 0
1791121506 1785, 2619, 39, 0x0000000000000000 | 24.12 12.42 6.54 | cpu  2151051784 50794091 277104510 15379107250 1689838 0 10830803 0 0 0
1791121508 1785, 2619, 39, 0x0000000000000000 | 24.12 12.42 6.54 | cpu  2151052816 50794091 277104711 15379131304 1689838 0 10830810 0 0 0
1791121509 1785, 2619, 39, 0x0000000000000000 | 24.12 12.42 6.54 | cpu  2151054154 50794091 277104932 15379155076 1689838 0 10830815 0 0 0
1791121510 1785, 2619, 39, 0x0000000000000000 | 24.12 12.42 6.54 | cpu  2151055621 50794091 277105358 15379178028 1689838 0 10830838 0 0 0
1791121511 1785, 2619, 39, 0x0000000000000000 | 24.12 12.42 6.54 | cpu  2151057160 50794091 277105787 15379202816 1689838 0 10830858 0 0 0
1791121512 1785, 2619, 39, 0x0000000000000000 | 22.67 12.32 6.54 | cpu  2151058333 50794091 277106055 15379226100 1689838 0 10830873 0 0 0
1791121513 1785, 2619, 39, 0x0000000000000000 | 22.67 12.32 6.54 | cpu  2151059724 50794091 277106306 15379250776 1689845 0 10830886 0 0 0
1791121514 1785, 2619, 39, 0x0000000000000000 | 22.67 12.32 6.54 | cpu  2151061615 50794091 277106544 15379275550 1689845 0 10830909 0 0 0
1791121516 1785, 2619, 39, 0x0000000000000000 | 22.67 12.32 6.54 | cpu  2151062627 50794091 277106632 15379300067 1689845 0 10830916 0 0 0
1791121517 1785, 2619, 39, 0x0000000000000000 | 21.17 12.18 6.52 | cpu  2151063832 50794091 277106809 15379326929 1689845 0 10830922 0 0 0
1791121518 1785, 2619, 39, 0x0000000000000000 | 21.17 12.18 6.52 | cpu  2151064886 50794091 277106945 15379351022 1689845 0 10830924 0 0 0
1791121519 1785, 2619, 39, 0x0000000000000000 | 21.17 12.18 6.52 | cpu  2151065948 50794091 277107062 15379375007 1689845 0 10830924 0 0 0
1791121520 1785, 2619, 39, 0x0000000000000000 | 21.17 12.18 6.52 | cpu  2151067198 50794091 277107218 15379399430 1689845 0 10830925 0 0 0
1791121521 1785, 2619, 39, 0x0000000000000000 | 28.69 13.89 7.11 | cpu  2151068186 50794091 277107454 15379423917 1689845 0 10830926 0 0 0
1791121523 1785, 2619, 39, 0x0000000000000000 | 28.69 13.89 7.11 | cpu  2151069707 50794091 277107585 15379447362 1689845 0 10830931 0 0 0
1791121524 1785, 2619, 39, 0x0000000000000000 | 28.69 13.89 7.11 | cpu  2151071485 50794091 277107819 15379470998 1689845 0 10830948 0 0 0
1791121525 1785, 2619, 39, 0x0000000000000000 | 28.69 13.89 7.11 | cpu  2151072710 50794091 277108024 15379494477 1689845 0 10830962 0 0 0
1791121526 1785, 2619, 39, 0x0000000000000000 | 28.69 13.89 7.11 | cpu  2151074199 50794091 277108208 15379518247 1689845 0 10830970 0 0 0
1791121527 1785, 2619, 38, 0x0000000000000000 | 26.79 13.74 7.10 | cpu  2151076413 50794091 277108409 15379540990 1689845 0 10830980 0 0 0
1791121528 1785, 2619, 39, 0x0000000000000000 | 26.79 13.74 7.10 | cpu  2151077906 50794091 277108528 15379564447 1689845 0 10830984 0 0 0
1791121529 1785, 2619, 39, 0x0000000000000000 | 26.79 13.74 7.10 | cpu  2151078919 50794091 277108637 15379588869 1689845 0 10830988 0 0 0
1791121531 1785, 2619, 39, 0x0000000000000000 | 26.79 13.74 7.10 | cpu  2151079978 50794091 277108753 15379612424 1689845 0 10830989 0 0 0
1791121532 1785, 2619, 38, 0x0000000000000000 | 24.89 13.56 7.07 | cpu  2151081283 50794091 277108836 15379639584 1689845 0 10830994 0 0 0
1791121533 1785, 2619, 39, 0x0000000000000000 | 24.89 13.56 7.07 | cpu  2151082951 50794091 277108990 15379663261 1689845 0 10831009 0 0 0
1791121534 1785, 2619, 39, 0x0000000000000000 | 24.89 13.56 7.07 | cpu  2151085120 50794091 277109148 15379686550 1689845 0 10831015 0 0 0
1791121535 1785, 2619, 39, 0x0000000000000000 | 24.89 13.56 7.07 | cpu  2151087316 50794091 277109288 15379708422 1689845 0 10831023 0 0 0
1791121536 1785, 2619, 39, 0x0000000000000000 | 23.29 13.42 7.06 | cpu  2151089784 50794091 277109538 15379732673 1689845 0 10831052 0 0 0
1791121537 1785, 2619, 39, 0x0000000000000000 | 23.29 13.42 7.06 | cpu  2151091832 50794091 277109790 15379754455 1689845 0 10831061 0 0 0
1791121539 1785, 2619, 39, 0x0000000000000000 | 23.29 13.42 7.06 | cpu  2151093969 50794091 277109969 15379777160 1689845 0 10831072 0 0 0
1791121540 1785, 2619, 39, 0x0000000000000000 | 23.29 13.42 7.06 | cpu  2151096266 50794091 277110094 15379800766 1689845 0 10831079 0 0 0
1791121541 1785, 2619, 38, 0x0000000000000000 | 23.29 13.42 7.06 | cpu  2151098528 50794091 277110202 15379825371 1689845 0 10831085 0 0 0
1791121542 1785, 2619, 38, 0x0000000000000000 | 30.40 15.05 7.63 | cpu  2151101032 50794091 277110285 15379848412 1689847 0 10831090 0 0 0
1791121543 1785, 2619, 39, 0x0000000000000000 | 30.40 15.05 7.63 | cpu  2151103390 50794091 277110324 15379871518 1689847 0 10831095 0 0 0
1791121544 1785, 2619, 39, 0x0000000000000000 | 30.40 15.05 7.63 | cpu  2151105364 50794091 277110454 15379894492 1689847 0 10831108 0 0 0
1791121545 1785, 2619, 39, 0x0000000000000000 | 30.40 15.05 7.63 | cpu  2151107811 50794091 277110608 15379916333 1689847 0 10831119 0 0 0
1791121547 1785, 2619, 38, 0x0000000000000000 | 28.36 14.89 7.61 | cpu  2151110078 50794091 277110846 15379941595 1689847 0 10831137 0 0 0
1791121548 1785, 2619, 39, 0x0000000000000000 | 28.36 14.89 7.61 | cpu  2151112237 50794091 277111076 15379963845 1689847 0 10831148 0 0 0
1791121549 1785, 2619, 39, 0x0000000000000000 | 28.36 14.89 7.61 | cpu  2151114479 50794092 277111270 15379986848 1689847 0 10831164 0 0 0
1791121550 1785, 2619, 39, 0x0000000000000000 | 28.36 14.89 7.61 | cpu  2151116797 50794092 277111506 15380009609 1689847 0 10831190 0 0 0
1791121551 1785, 2619, 38, 0x0000000000000000 | 26.33 14.69 7.59 | cpu  2151118970 50794092 277111608 15380033002 1689847 0 10831199 0 0 0
1791121552 1785, 2619, 38, 0x0000000000000000 | 26.33 14.69 7.59 | cpu  2151121278 50794092 277111753 15380054717 1689847 0 10831208 0 0 0
1791121553 1785, 2619, 38, 0x0000000000000000 | 26.33 14.69 7.59 | cpu  2151123525 50794092 277111900 15380077709 1689847 0 10831215 0 0 0
1791121555 1785, 2619, 38, 0x0000000000000000 | 26.33 14.69 7.59 | cpu  2151125550 50794092 277112000 15380100934 1689847 0 10831226 0 0 0
1791121556 1785, 2619, 38, 0x0000000000000000 | 26.33 14.69 7.59 | cpu  2151127873 50794093 277112145 15380124976 1689847 0 10831237 0 0 0
1791121557 1785, 2619, 38, 0x0000000000000000 | 24.78 14.56 7.58 | cpu  2151130221 50794093 277112449 15380146909 1689848 0 10831251 0 0 0
1791121558 1785, 2619, 38, 0x0000000000000000 | 24.78 14.56 7.58 | cpu  2151132284 50794093 277112699 15380170120 1689848 0 10831268 0 0 0
1791121559 1785, 2619, 38, 0x0000000000000000 | 24.78 14.56 7.58 | cpu  2151134618 50794093 277112910 15380192938 1689848 0 10831286 0 0 0
1791121560 1785, 2619, 38, 0x0000000000000000 | 24.78 14.56 7.58 | cpu  2151136856 50794093 277113148 15380215387 1689848 0 10831304 0 0 0
1791121561 1785, 2619, 38, 0x0000000000000000 | 23.20 14.40 7.57 | cpu  2151139064 50794093 277113376 15380238126 1689848 0 10831328 0 0 0
1791121563 1785, 2619, 38, 0x0000000000000000 | 23.20 14.40 7.57 | cpu  2151141220 50794093 277113495 15380261234 1689849 0 10831340 0 0 0
1791121564 1785, 2619, 38, 0x0000000000000000 | 23.20 14.40 7.57 | cpu  2151143311 50794093 277113560 15380284442 1689849 0 10831348 0 0 0
1791121565 1785, 2619, 38, 0x0000000000000000 | 23.20 14.40 7.57 | cpu  2151145474 50794093 277113596 15380308027 1689849 0 10831354 0 0 0
1791121566 1785, 2619, 38, 0x0000000000000000 | 23.20 14.40 7.57 | cpu  2151147592 50794093 277113668 15380331022 1689849 0 10831360 0 0 0
1791121567 1785, 2619, 38, 0x0000000000000000 | 21.66 14.23 7.55 | cpu  2151149720 50794093 277113819 15380354264 1689849 0 10831366 0 0 0
1791121568 1785, 2619, 38, 0x0000000000000000 | 21.66 14.23 7.55 | cpu  2151151278 50794093 277114135 15380377672 1689849 0 10831387 0 0 0
1791121569 1785, 2619, 38, 0x0000000000000000 | 21.66 14.23 7.55 | cpu  2151152946 50794093 277114723 15380401073 1689849 0 10831398 0 0 0
1791121571 1785, 2619, 38, 0x0000000000000000 | 21.66 14.23 7.55 | cpu  2151154696 50794093 277115255 15380424432 1689849 0 10831401 0 0 0
1791121572 1785, 2619, 38, 0x0000000000000000 | 20.49 14.11 7.55 | cpu  2151156297 50794093 277115665 15380447384 1689849 0 10831421 0 0 0
1791121573 1785, 2619, 38, 0x0000000000000000 | 20.49 14.11 7.55 | cpu  2151157795 50794093 277115997 15380471386 1689849 0 10831434 0 0 0
1791121574 1785, 2619, 38, 0x0000000000000000 | 20.49 14.11 7.55 | cpu  2151159370 50794094 277116356 15380495032 1689849 0 10831447 0 0 0
1791121575 1785, 2619, 38, 0x0000000000000000 | 20.49 14.11 7.55 | cpu  2151161006 50794094 277116653 15380518979 1689849 0 10831460 0 0 0
1791121576 1785, 2619, 38, 0x0000000000000000 | 19.33 13.97 7.54 | cpu  2151162586 50794094 277116905 15380542033 1689849 0 10831463 0 0 0
1791121577 1785, 2619, 38, 0x0000000000000000 | 19.33 13.97 7.54 | cpu  2151164051 50794094 277117107 15380565912 1689849 0 10831467 0 0 0
1791121579 1785, 2619, 38, 0x0000000000000000 | 19.33 13.97 7.54 | cpu  2151165821 50794094 277117384 15380589543 1689849 0 10831474 0 0 0
1791121580 1785, 2619, 38, 0x0000000000000000 | 19.33 13.97 7.54 | cpu  2151167889 50794094 277117640 15380611581 1689849 0 10831484 0 0 0
1791121581 1785, 2619, 38, 0x0000000000000000 | 19.33 13.97 7.54 | cpu  2151170466 50794094 277117911 15380634444 1689849 0 10831498 0 0 0
1791121582 1785, 2619, 38, 0x0000000000000000 | 18.18 13.83 7.52 | cpu  2151171250 50794094 277118269 15380659502 1689849 0 10831521 0 0 0
1791121583 1785, 2619, 38, 0x0000000000000000 | 18.18 13.83 7.52 | cpu  2151171706 50794095 277118537 15380685152 1689849 0 10831530 0 0 0
1791121584 1785, 2619, 38, 0x0000000000000000 | 18.18 13.83 7.52 | cpu  2151172247 50794095 277118811 15380710954 1689849 0 10831547 0 0 0
1791121585 1785, 2619, 38, 0x0000000000000000 | 18.18 13.83 7.52 | cpu  2151172676 50794095 277119154 15380736535 1689849 0 10831559 0 0 0
1791121587 1785, 2619, 38, 0x0000000000000000 | 17.12 13.68 7.51 | cpu  2151173059 50794095 277119345 15380762429 1689849 0 10831563 0 0 0
1791121588 1785, 2619, 38, 0x0000000000000000 | 17.12 13.68 7.51 | cpu  2151173632 50794095 277119588 15380787061 1689849 0 10831572 0 0 0
1791121589 1785, 2619, 38, 0x0000000000000000 | 17.12 13.68 7.51 | cpu  2151174164 50794096 277119829 15380812249 1689849 0 10831574 0 0 0
1791121590 1785, 2619, 38, 0x0000000000000000 | 17.12 13.68 7.51 | cpu  2151174945 50794096 277120069 15380838251 1689849 0 10831585 0 0 0
1791121591 1785, 2619, 38, 0x0000000000000000 | 16.07 13.52 7.49 | cpu  2151175931 50794096 277120279 15380865040 1689849 0 10831599 0 0 0
1791121593 1785, 2619, 38, 0x0000000000000000 | 16.07 13.52 7.49 | cpu  2151177284 50794096 277120444 15380889169 1689849 0 10831606 0 0 0
1791121594 1785, 2619, 38, 0x0000000000000000 | 16.07 13.52 7.49 | cpu  2151179645 50794096 277120748 15380912218 1689849 0 10831619 0 0 0
1791121595 1785, 2619, 38, 0x0000000000000000 | 16.07 13.52 7.49 | cpu  2151184410 50794096 277121039 15380933455 1689849 0 10831634 0 0 0
1791121596 1785, 2619, 38, 0x0000000000000000 | 16.07 13.52 7.49 | cpu  2151189205 50794096 277121268 15380953852 1689849 0 10831645 0 0 0
1791121597 1785, 2619, 38, 0x0000000000000000 | 15.10 13.36 7.47 | cpu  2151191034 50794096 277121560 15380976790 1689849 0 10831663 0 0 0
1791121598 1785, 2619, 38, 0x0000000000000000 | 15.10 13.36 7.47 | cpu  2151191720 50794096 277121762 15381001741 1689849 0 10831670 0 0 0
1791121599 1785, 2619, 38, 0x0000000000000000 | 15.10 13.36 7.47 | cpu  2151192126 50794096 277121890 15381027634 1689849 0 10831672 0 0 0
1791121601 1785, 2619, 38, 0x0000000000000000 | 15.10 13.36 7.47 | cpu  2151192526 50794096 277122074 15381053232 1689849 0 10831678 0 0 0
1791121602 1785, 2619, 38, 0x0000000000000000 | 14.22 13.20 7.45 | cpu  2151193690 50794097 277122624 15381076122 1689849 0 10831699 0 0 0
1791121603 1785, 2619, 38, 0x0000000000000000 | 14.22 13.20 7.45 | cpu  2151194018 50794097 277122811 15381102313 1689851 0 10831707 0 0 0
1791121604 1785, 2619, 38, 0x0000000000000000 | 14.22 13.20 7.45 | cpu  2151194300 50794097 277122968 15381128186 1689851 0 10831718 0 0 0
1791121605 1785, 2619, 38, 0x0000000000000000 | 14.22 13.20 7.45 | cpu  2151195110 50794097 277123150 15381152865 1689853 0 10831728 0 0 0
1791121606 1785, 2619, 38, 0x0000000000000000 | 13.40 13.05 7.43 | cpu  2151196048 50794097 277123291 15381176607 1689855 0 10831739 0 0 0
1791121608 1785, 2619, 38, 0x0000000000000000 | 13.40 13.05 7.43 | cpu  2151197031 50794097 277123492 15381200486 1689855 0 10831754 0 0 0
1791121609 1785, 2619, 38, 0x0000000000000000 | 13.40 13.05 7.43 | cpu  2151198102 50794097 277123748 15381224652 1689855 0 10831762 0 0 0
1791121610 1785, 2619, 38, 0x0000000000000000 | 13.40 13.05 7.43 | cpu  2151199337 50794097 277123937 15381247934 1689856 0 10831771 0 0 0
1791121611 1785, 2619, 38, 0x0000000000000000 | 13.40 13.05 7.43 | cpu  2151200508 50794097 277124352 15381271371 1689856 0 10831779 0 0 0
1791121612 1785, 2619, 38, 0x0000000000000000 | 12.80 12.93 7.43 | cpu  2151201598 50794097 277124451 15381294630 1689856 0 10831788 0 0 0
1791121613 1785, 2619, 38, 0x0000000000000000 | 12.80 12.93 7.43 | cpu  2151203594 50794097 277124544 15381319300 1689856 0 10831790 0 0 0
1791121614 1785, 2619, 38, 0x0000000000000000 | 12.80 12.93 7.43 | cpu  2151209725 50794097 277124768 15381339012 1689856 0 10831795 0 0 0
1791121615 1785, 2619, 38, 0x0000000000000000 | 12.80 12.93 7.43 | cpu  2151215492 50794097 277125046 15381357128 1689857 0 10831802 0 0 0
1791121617 1785, 2619, 38, 0x0000000000000000 | 14.34 13.25 7.56 | cpu  2151220176 50794097 277125298 15381375295 1689857 0 10831809 0 0 0
1791121618 1785, 2619, 38, 0x0000000000000000 | 14.34 13.25 7.56 | cpu  2151225788 50794097 277125820 15381393268 1689857 0 10831818 0 0 0
1791121619 1785, 2619, 38, 0x0000000000000000 | 14.34 13.25 7.56 | cpu  2151232031 50794098 277126298 15381412638 1689857 0 10831823 0 0 0
1791121620 1785, 2619, 38, 0x0000000000000000 | 14.34 13.25 7.56 | cpu  2151238243 50794098 277126608 15381432373 1689857 0 10831828 0 0 0
1791121621 1785, 2619, 38, 0x0000000000000000 | 14.34 13.25 7.56 | cpu  2151243536 50794098 277126939 15381450609 1689857 0 10831836 0 0 0
1791121622 1785, 2619, 38, 0x0000000000000000 | 31.61 16.85 8.75 | cpu  2151247423 50794098 277129076 15381469116 1689857 0 10831841 0 0 0
1791121623 1785, 2619, 38, 0x0000000000000000 | 31.61 16.85 8.75 | cpu  2151249800 50794098 277132372 15381488102 1689857 0 10831847 0 0 0
1791121624 1785, 2619, 38, 0x0000000000000000 | 31.61 16.85 8.75 | cpu  2151250645 50794098 277132426 15381513110 1689857 0 10831849 0 0 0
1791121626 1785, 2619, 38, 0x0000000000000000 | 31.61 16.85 8.75 | cpu  2151251600 50794098 277132456 15381536727 1689857 0 10831855 0 0 0
1791121627 1785, 2619, 38, 0x0000000000000000 | 29.24 16.60 8.72 | cpu  2151252515 50794098 277132530 15381560237 1689857 0 10831870 0 0 0
1791121628 1785, 2619, 38, 0x0000000000000000 | 29.24 16.60 8.72 | cpu  2151253480 50794098 277132729 15381584573 1689858 0 10831885 0 0 0
1791121629 1785, 2619, 38, 0x0000000000000000 | 29.24 16.60 8.72 | cpu  2151256096 50794098 277133144 15381607146 1689860 0 10831910 0 0 0
1791121630 1785, 2619, 38, 0x0000000000000000 | 29.24 16.60 8.72 | cpu  2151262007 50794098 277133455 15381625116 1689860 0 10831928 0 0 0
1791121631 1785, 2619, 38, 0x0000000000000000 | 45.32 20.14 9.91 | cpu  2151266982 50794098 277134022 15381644034 1689860 0 10831943 0 0 0
1791121632 1785, 2619, 38, 0x0000000000000000 | 45.32 20.14 9.91 | cpu  2151273004 50794098 277134371 15381662469 1689860 0 10831955 0 0 0
1791121633 1785, 2619, 38, 0x0000000000000000 | 45.32 20.14 9.91 | cpu  2151279015 50794098 277134998 15381681454 1689860 0 10831969 0 0 0
1791121635 1785, 2619, 38, 0x0000000000000000 | 45.32 20.14 9.91 | cpu  2151285189 50794098 277135045 15381700931 1689860 0 10831980 0 0 0
1791121636 1785, 2619, 38, 0x0000000000000000 | 45.32 20.14 9.91 | cpu  2151291505 50794098 277135210 15381720791 1689860 0 10831992 0 0 0
1791121637 1785, 2619, 38, 0x0000000000000000 | 49.30 21.39 10.36 | cpu  2151296796 50794098 277135498 15381739980 1689860 0 10831998 0 0 0
1791121638 1785, 2619, 38, 0x0000000000000000 | 49.30 21.39 10.36 | cpu  2151303092 50794098 277135632 15381759541 1689860 0 10832008 0 0 0
1791121639 1785, 2619, 38, 0x0000000000000000 | 49.30 21.39 10.36 | cpu  2151309423 50794098 277135822 15381779106 1689861 0 10832026 0 0 0
1791121640 1785, 2619, 38, 0x0000000000000000 | 49.30 21.39 10.36 | cpu  2151315872 50794098 277136105 15381798529 1689861 0 10832041 0 0 0
1791121642 1785, 2619, 38, 0x0000000000000000 | 52.39 22.49 10.78 | cpu  2151321738 50794098 277136371 15381816535 1689861 0 10832056 0 0 0
1791121643 1785, 2619, 38, 0x0000000000000000 | 52.39 22.49 10.78 | cpu  2151327890 50794098 277136647 15381835108 1689861 0 10832072 0 0 0
1791121644 1785, 2619, 38, 0x0000000000000000 | 52.39 22.49 10.78 | cpu  2151334180 50794098 277136815 15381853974 1689861 0 10832090 0 0 0
1791121645 1785, 2619, 38, 0x0000000000000000 | 52.39 22.49 10.78 | cpu  2151339986 50794098 277137085 15381872877 1689861 0 10832098 0 0 0
1791121646 1785, 2619, 38, 0x0000000000000000 | 52.39 22.49 10.78 | cpu  2151345095 50794098 277137216 15381891299 1689861 0 10832104 0 0 0
1791121647 1785, 2619, 38, 0x0000000000000000 | 57.25 24.00 11.33 | cpu  2151351019 50794098 277137259 15381910389 1689861 0 10832106 0 0 0
1791121648 1785, 2619, 38, 0x0000000000000000 | 57.25 24.00 11.33 | cpu  2151357133 50794098 277137396 15381929839 1689861 0 10832116 0 0 0
1791121649 1785, 2619, 38, 0x0000000000000000 | 57.25 24.00 11.33 | cpu  2151363584 50794098 277137658 15381948462 1689861 0 10832130 0 0 0
1791121651 1785, 2619, 38, 0x0000000000000000 | 57.25 24.00 11.33 | cpu  2151369530 50794098 277137802 15381967888 1689861 0 10832145 0 0 0
1791121652 1785, 2619, 38, 0x0000000000000000 | 53.14 23.70 11.30 | cpu  2151375778 50794098 277138046 15381986253 1689861 0 10832158 0 0 0
1791121653 1785, 2619, 38, 0x0000000000000000 | 53.14 23.70 11.30 | cpu  2151381858 50794098 277138270 15382006056 1689861 0 10832182 0 0 0
1791121654 1785, 2619, 38, 0x0000000000000000 | 53.14 23.70 11.30 | cpu  2151388269 50794098 277138452 15382025567 1689861 0 10832201 0 0 0
1791121655 1785, 2619, 38, 0x0000000000000000 | 53.14 23.70 11.30 | cpu  2151394478 50794098 277138624 15382045080 1689861 0 10832220 0 0 0
1791121656 1785, 2619, 38, 0x0000000000000000 | 58.10 25.21 11.86 | cpu  2151399579 50794098 277138796 15382063653 1689861 0 10832229 0 0 0
1791121657 1785, 2619, 38, 0x0000000000000000 | 58.10 25.21 11.86 | cpu  2151405586 50794098 277138966 15382081753 1689861 0 10832238 0 0 0
1791121658 1785, 2619, 38, 0x0000000000000000 | 58.10 25.21 11.86 | cpu  2151411736 50794098 277139089 15382100705 1689861 0 10832246 0 0 0
1791121660 1785, 2619, 38, 0x0000000000000000 | 58.10 25.21 11.86 | cpu  2151417594 50794098 277139217 15382119668 1689861 0 10832257 0 0 0
1791121661 1785, 2619, 38, 0x0000000000000000 | 58.10 25.21 11.86 | cpu  2151423866 50794098 277139394 15382140544 1689861 0 10832271 0 0 0
1791121662 1785, 2619, 38, 0x0000000000000000 | 56.97 25.53 12.03 | cpu  2151430074 50794098 277139558 15382159478 1689861 0 10832282 0 0 0
1791121663 1785, 2619, 38, 0x0000000000000000 | 56.97 25.53 12.03 | cpu  2151436061 50794098 277139774 15382177985 1689862 0 10832303 0 0 0
1791121664 1785, 2619, 38, 0x0000000000000000 | 56.97 25.53 12.03 | cpu  2151441493 50794098 277140672 15382196327 1689862 0 10832322 0 0 0
1791121665 1785, 2619, 38, 0x0000000000000000 | 56.97 25.53 12.03 | cpu  2151444399 50794098 277141312 15382217984 1689862 0 10832340 0 0 0
1791121666 1785, 2619, 37, 0x0000000000000000 | 58.41 26.35 12.37 | cpu  2151445507 50794098 277141533 15382241488 1689862 0 10832362 0 0 0
1791121668 1785, 2619, 38, 0x0000000000000000 | 58.41 26.35 12.37 | cpu  2151446648 50794098 277141772 15382265772 1689862 0 10832380 0 0 0
1791121669 1785, 2619, 38, 0x0000000000000000 | 58.41 26.35 12.37 | cpu  2151447791 50794098 277142065 15382290601 1689862 0 10832385 0 0 0
1791121670 1785, 2619, 38, 0x0000000000000000 | 58.41 26.35 12.37 | cpu  2151448869 50794098 277142288 15382314296 1689862 0 10832396 0 0 0
1791121671 1785, 2619, 38, 0x0000000000000000 | 58.41 26.35 12.37 | cpu  2151449893 50794098 277142487 15382338056 1689862 0 10832400 0 0 0
1791121672 1785, 2619, 38, 0x0000000000000000 | 54.22 26.01 12.33 | cpu  2151451014 50794098 277142693 15382361908 1689862 0 10832408 0 0 0
1791121673 1785, 2619, 38, 0x0000000000000000 | 54.22 26.01 12.33 | cpu  2151452100 50794098 277142794 15382385410 1689862 0 10832415 0 0 0
1791121674 1785, 2619, 38, 0x0000000000000000 | 54.22 26.01 12.33 | cpu  2151453258 50794098 277142891 15382410014 1689862 0 10832418 0 0 0
1791121675 1785, 2619, 38, 0x0000000000000000 | 54.22 26.01 12.33 | cpu  2151455263 50794098 277143976 15382431510 1689862 0 10832428 0 0 0
1791121677 1785, 2619, 38, 0x0000000000000000 | 53.80 26.39 12.53 | cpu  2151458990 50794098 277144482 15382451887 1689862 0 10832435 0 0 0
1791121678 1785, 2619, 38, 0x0000000000000000 | 53.80 26.39 12.53 | cpu  2151465368 50794098 277144704 15382471600 1689862 0 10832445 0 0 0
1791121679 1785, 2619, 38, 0x0000000000000000 | 53.80 26.39 12.53 | cpu  2151471797 50794099 277145033 15382491619 1689862 0 10832449 0 0 0
1791121680 1785, 2619, 38, 0x0000000000000000 | 53.80 26.39 12.53 | cpu  2151477882 50794099 277145362 15382509692 1689862 0 10832470 0 0 0
1791121681 1785, 2619, 38, 0x0000000000000000 | 53.80 26.39 12.53 | cpu  2151482600 50794099 277145654 15382528523 1689862 0 10832481 0 0 0
1791121682 1785, 2619, 38, 0x0000000000000000 | 60.62 28.26 13.21 | cpu  2151488933 50794099 277145948 15382547508 1689862 0 10832492 0 0 0
1791121683 1785, 2619, 38, 0x0000000000000000 | 60.62 28.26 13.21 | cpu  2151494989 50794099 277146160 15382565930 1689862 0 10832507 0 0 0
1791121685 1785, 2619, 38, 0x0000000000000000 | 60.62 28.26 13.21 | cpu  2151501352 50794099 277146390 15382585233 1689862 0 10832516 0 0 0
1791121686 1785, 2619, 38, 0x0000000000000000 | 60.62 28.26 13.21 | cpu  2151503534 50794099 277146540 15382607427 1689862 0 10832519 0 0 0
1791121687 1785, 2619, 38, 0x0000000000000000 | 56.25 27.89 13.17 | cpu  2151504727 50794099 277146824 15382631062 1689862 0 10832530 0 0 0
1791121688 1785, 2619, 38, 0x0000000000000000 | 56.25 27.89 13.17 | cpu  2151506094 50794099 277147174 15382656413 1689863 0 10832542 0 0 0
1791121689 1785, 2619, 38, 0x0000000000000000 | 56.25 27.89 13.17 | cpu  2151507110 50794099 277147669 15382679517 1689863 0 10832552 0 0 0
1791121690 1785, 2619, 38, 0x0000000000000000 | 56.25 27.89 13.17 | cpu  2151508122 50794099 277148606 15382702802 1689863 0 10832566 0 0 0
1791121691 1785, 2619, 37, 0x0000000000000000 | 52.30 27.54 13.14 | cpu  2151508649 50794099 277149512 15382726973 1689863 0 10832573 0 0 0
1791121693 1785, 2619, 37, 0x0000000000000000 | 52.30 27.54 13.14 | cpu  2151509597 50794099 277150719 15382749803 1689863 0 10832584 0 0 0
1791121694 1785, 2619, 37, 0x0000000000000000 | 52.30 27.54 13.14 | cpu  2151510340 50794099 277151355 15382773664 1689863 0 10832586 0 0 0
1791121695 1785, 2619, 38, 0x0000000000000000 | 52.30 27.54 13.14 | cpu  2151511890 50794099 277152615 15382796158 1689863 0 10832589 0 0 0
1791121696 1785, 2619, 38, 0x0000000000000000 | 52.30 27.54 13.14 | cpu  2151513108 50794100 277153434 15382818968 1689863 0 10832592 0 0 0
1791121697 1785, 2619, 38, 0x0000000000000000 | 48.35 27.14 13.08 | cpu  2151514019 50794100 277153878 15382843046 1689863 0 10832600 0 0 0
1791121698 1785, 2619, 38, 0x0000000000000000 | 48.35 27.14 13.08 | cpu  2151515232 50794100 277154475 15382867320 1689863 0 10832612 0 0 0
1791121699 1785, 2619, 38, 0x0000000000000000 | 48.35 27.14 13.08 | cpu  2151515702 50794101 277155414 15382891970 1689863 0 10832643 0 0 0
1791121701 1785, 2619, 37, 0x0000000000000000 | 48.35 27.14 13.08 | cpu  2151516325 50794101 277156227 15382916208 1689863 0 10832667 0 0 0
1791121702 1785, 2619, 37, 0x0000000000000000 | 45.12 26.82 13.06 | cpu  2151517015 50794101 277157099 15382940919 1689863 0 10832696 0 0 0
1791121703 1785, 2619, 38, 0x0000000000000000 | 45.12 26.82 13.06 | cpu  2151517946 50794102 277157974 15382965006 1689863 0 10832714 0 0 0
1791121704 1785, 2619, 38, 0x0000000000000000 | 45.12 26.82 13.06 | cpu  2151518849 50794102 277158795 15382988899 1689863 0 10832734 0 0 0
1791121705 1785, 2619, 37, 0x0000000000000000 | 45.12 26.82 13.06 | cpu  2151519776 50794102 277159434 15383013322 1689863 0 10832741 0 0 0
1791121706 1785, 2619, 37, 0x0000000000000000 | 42.31 26.54 13.04 | cpu  2151520490 50794102 277159936 15383037822 1689863 0 10832752 0 0 0
1791121708 1785, 2619, 37, 0x0000000000000000 | 42.31 26.54 13.04 | cpu  2151520990 50794102 277160462 15383063334 1689863 0 10832758 0 0 0
1791121709 1785, 2619, 37, 0x0000000000000000 | 42.31 26.54 13.04 | cpu  2151521518 50794102 277161083 15383088916 1689863 0 10832771 0 0 0
1791121710 1785, 2619, 38, 0x0000000000000000 | 42.31 26.54 13.04 | cpu  2151521957 50794102 277161812 15383114529 1689863 0 10832790 0 0 0
1791121711 1785, 2619, 38, 0x0000000000000000 | 42.31 26.54 13.04 | cpu  2151522177 50794102 277162078 15383140057 1689863 0 10832794 0 0 0
1791121712 1785, 2619, 38, 0x0000000000000000 | 39.32 26.18 13.00 | cpu  2151522426 50794102 277162376 15383165948 1689863 0 10832808 0 0 0
1791121713 1785, 2619, 38, 0x0000000000000000 | 39.32 26.18 13.00 | cpu  2151523915 50794102 277162688 15383190199 1689863 0 10832817 0 0 0
1791121715 1785, 2619, 37, 0x0000000000000000 | 39.32 26.18 13.00 | cpu  2151524444 50794102 277162982 15383215453 1689863 0 10832832 0 0 0
1791121716 1785, 2619, 38, 0x0000000000000000 | 39.32 26.18 13.00 | cpu  2151525033 50794102 277163237 15383239706 1689863 0 10832841 0 0 0
1791121717 1785, 2619, 38, 0x0000000000000000 | 36.49 25.81 12.95 | cpu  2151526490 50794102 277163346 15383263064 1689863 0 10832854 0 0 0
1791121718 1785, 2619, 38, 0x0000000000000000 | 36.49 25.81 12.95 | cpu  2151527175 50794102 277163466 15383288004 1689863 0 10832854 0 0 0
1791121719 1785, 2619, 38, 0x0000000000000000 | 36.49 25.81 12.95 | cpu  2151527499 50794102 277163596 15383314024 1689863 0 10832874 0 0 0
1791121720 1785, 2619, 37, 0x0000000000000000 | 36.49 25.81 12.95 | cpu  2151527797 50794102 277163800 15383341397 1689864 0 10832875 0 0 0
1791121722 1785, 2619, 38, 0x0000000000000000 | 33.97 25.47 12.91 | cpu  2151528928 50794102 277164016 15383366484 1689864 0 10832876 0 0 0
1791121723 1785, 2619, 38, 0x0000000000000000 | 33.97 25.47 12.91 | cpu  2151531666 50794102 277164468 15383389505 1689865 0 10832889 0 0 0
1791121724 1785, 2619, 38, 0x0000000000000000 | 33.97 25.47 12.91 | cpu  2151534478 50794102 277164671 15383411664 1689865 0 10832897 0 0 0
1791121725 1785, 2619, 37, 0x0000000000000000 | 33.97 25.47 12.91 | cpu  2151537100 50794102 277164886 15383434288 1689865 0 10832909 0 0 0
1791121726 1785, 2619, 38, 0x0000000000000000 | 33.97 25.47 12.91 | cpu  2151539474 50794102 277165057 15383456900 1689865 0 10832918 0 0 0
1791121727 1785, 2619, 38, 0x0000000000000000 | 40.62 26.99 13.47 | cpu  2151542307 50794102 277165376 15383480751 1689865 0 10832944 0 0 0
1791121729 1785, 2619, 38, 0x0000000000000000 | 40.62 26.99 13.47 | cpu  2151544999 50794102 277165647 15383503600 1689865 0 10832953 0 0 0
1791121730 1785, 2619, 38, 0x0000000000000000 | 40.62 26.99 13.47 | cpu  2151547522 50794102 277165870 15383525785 1689865 0 10832963 0 0 0
1791121731 1785, 2619, 38, 0x0000000000000000 | 40.62 26.99 13.47 | cpu  2151550197 50794102 277166014 15383548426 1689865 0 10832968 0 0 0
1791121732 1785, 2619, 38, 0x0000000000000000 | 46.58 28.45 14.01 | cpu  2151552956 50794102 277166199 15383570815 1689865 0 10832970 0 0 0
1791121733 1785, 2619, 38, 0x0000000000000000 | 46.58 28.45 14.01 | cpu  2151555583 50794102 277166367 15383594030 1689865 0 10832978 0 0 0
1791121734 1785, 2619, 38, 0x0000000000000000 | 46.58 28.45 14.01 | cpu  2151558318 50794102 277166611 15383616354 1689865 0 10832983 0 0 0
1791121735 1785, 2619, 38, 0x0000000000000000 | 46.58 28.45 14.01 | cpu  2151560826 50794102 277166834 15383640259 1689865 0 10832987 0 0 0
1791121737 1785, 2619, 37, 0x0000000000000000 | 43.17 28.04 13.96 | cpu  2151563414 50794103 277167063 15383662584 1689865 0 10832994 0 0 0
1791121738 1785, 2619, 38, 0x0000000000000000 | 43.17 28.04 13.96 | cpu  2151566208 50794103 277167193 15383686025 1689865 0 10833010 0 0 0
1791121739 1785, 2619, 38, 0x0000000000000000 | 43.17 28.04 13.96 | cpu  2151568764 50794103 277167376 15383708521 1689865 0 10833022 0 0 0
1791121740 1785, 2619, 38, 0x0000000000000000 | 43.17 28.04 13.96 | cpu  2151571376 50794103 277167646 15383730811 1689865 0 10833036 0 0 0
1791121741 1785, 2619, 38, 0x0000000000000000 | 43.17 28.04 13.96 | cpu  2151574008 50794103 277167824 15383753756 1689865 0 10833040 0 0 0
1791121742 1785, 2619, 38, 0x0000000000000000 | 40.35 27.71 13.92 | cpu  2151576614 50794103 277168128 15383776118 1689865 0 10833063 0 0 0
1791121743 1785, 2619, 38, 0x0000000000000000 | 40.35 27.71 13.92 | cpu  2151579289 50794103 277168300 15383798800 1689865 0 10833073 0 0 0
1791121745 1785, 2619, 38, 0x0000000000000000 | 40.35 27.71 13.92 | cpu  2151581673 50794103 277168477 15383820816 1689866 0 10833084 0 0 0
1791121746 1785, 2619, 38, 0x0000000000000000 | 40.35 27.71 13.92 | cpu  2151582256 50794103 277168684 15383845156 1689866 0 10833086 0 0 0
1791121747 1785, 2619, 38, 0x0000000000000000 | 37.52 27.33 13.88 | cpu  2151582715 50794103 277169042 15383870552 1689866 0 10833090 0 0 0
1791121748 1785, 2619, 38, 0x0000000000000000 | 37.52 27.33 13.88 | cpu  2151583996 50794103 277170023 15383894181 1689866 0 10833094 0 0 0
1791121749 1785, 2619, 38, 0x0000000000000000 | 37.52 27.33 13.88 | cpu  2151585168 50794103 277170585 15383919520 1689866 0 10833100 0 0 0
1791121750 1785, 2619, 38, 0x0000000000000000 | 37.52 27.33 13.88 | cpu  2151586386 50794103 277172005 15383942272 1689866 0 10833112 0 0 0
1791121752 1785, 2619, 38, 0x0000000000000000 | 34.92 26.96 13.83 | cpu  2151587231 50794103 277172447 15383966785 1689866 0 10833116 0 0 0
1791121753 1785, 2619, 37, 0x0000000000000000 | 34.92 26.96 13.83 | cpu  2151587475 50794103 277172721 15383992530 1689866 0 10833127 0 0 0
1791121754 1785, 2619, 38, 0x0000000000000000 | 34.92 26.96 13.83 | cpu  2151587675 50794103 277172908 15384018419 1689866 0 10833128 0 0 0
1791121755 1785, 2619, 38, 0x0000000000000000 | 34.92 26.96 13.83 | cpu  2151587839 50794103 277173041 15384046166 1689866 0 10833128 0 0 0
1791121756 1785, 2619, 38, 0x0000000000000000 | 32.44 26.58 13.78 | cpu  2151588132 50794103 277173336 15384072457 1689866 0 10833130 0 0 0
1791121758 1785, 2619, 38, 0x0000000000000000 | 32.44 26.58 13.78 | cpu  2151589469 50794103 277173421 15384097932 1689866 0 10833134 0 0 0
1791121759 1785, 2619, 38, 0x0000000000000000 | 32.44 26.58 13.78 | cpu  2151590115 50794103 277173618 15384122027 1689866 0 10833144 0 0 0
1791121760 1785, 2619, 38, 0x0000000000000000 | 32.44 26.58 13.78 | cpu  2151590647 50794103 277173950 15384146975 1689866 0 10833152 0 0 0
1791121761 1785, 2619, 38, 0x0000000000000000 | 32.44 26.58 13.78 | cpu  2151592214 50794103 277174474 15384171835 1689866 0 10833170 0 0 0
1791121762 1785, 2619, 38, 0x0000000000000000 | 30.40 26.25 13.74 | cpu  2151592996 50794103 277174937 15384195379 1689866 0 10833176 0 0 0
1791121763 1785, 2619, 37, 0x0000000000000000 | 30.40 26.25 13.74 | cpu  2151593470 50794103 277175483 15384219231 1689866 0 10833186 0 0 0
1791121764 1785, 2619, 37, 0x0000000000000000 | 30.40 26.25 13.74 | cpu  2151593863 50794103 277175734 15384244381 1689866 0 10833188 0 0 0
1791121766 1785, 2619, 37, 0x0000000000000000 | 30.40 26.25 13.74 | cpu  2151594161 50794103 277175872 15384269258 1689866 0 10833188 0 0 0
1791121767 1785, 2619, 37, 0x0000000000000000 | 28.29 25.89 13.69 | cpu  2151594566 50794103 277176062 15384294012 1689866 0 10833190 0 0 0
1791121768 1785, 2619, 37, 0x0000000000000000 | 28.29 25.89 13.69 | cpu  2151596005 50794103 277176183 15384317842 1689866 0 10833190 0 0 0
1791121769 1785, 2619, 37, 0x0000000000000000 | 28.29 25.89 13.69 | cpu  2151597402 50794103 277176359 15384341502 1689866 0 10833192 0 0 0
1791121770 1785, 2619, 37, 0x0000000000000000 | 28.29 25.89 13.69 | cpu  2151598827 50794103 277176623 15384365033 1689866 0 10833210 0 0 0
1791121771 1785, 2619, 37, 0x0000000000000000 | 28.29 25.89 13.69 | cpu  2151600542 50794103 277176996 15384389340 1689866 0 10833227 0 0 0
1791121772 1785, 2619, 37, 0x0000000000000000 | 26.74 25.60 13.66 | cpu  2151602245 50794103 277177194 15384413653 1689866 0 10833230 0 0 0
1791121774 1785, 2619, 37, 0x0000000000000000 | 26.74 25.60 13.66 | cpu  2151603668 50794103 277177458 15384437003 1689866 0 10833244 0 0 0
1791121775 1785, 2619, 37, 0x0000000000000000 | 26.74 25.60 13.66 | cpu  2151605240 50794103 277177748 15384462042 1689866 0 10833261 0 0 0
1791121776 1785, 2619, 37, 0x0000000000000000 | 26.74 25.60 13.66 | cpu  2151606698 50794103 277177913 15384486159 1689866 0 10833264 0 0 0
1791121777 1785, 2619, 37, 0x0000000000000000 | 25.08 25.28 13.62 | cpu  2151608265 50794103 277178030 15384509355 1689866 0 10833267 0 0 0
1791121778 1785, 2619, 37, 0x0000000000000000 | 25.08 25.28 13.62 | cpu  2151609642 50794103 277178201 15384532171 1689866 0 10833269 0 0 0
1791121779 1785, 2619, 37, 0x0000000000000000 | 25.08 25.28 13.62 | cpu  2151611146 50794103 277178289 15384556627 1689866 0 10833269 0 0 0
1791121780 1785, 2619, 37, 0x0000000000000000 | 25.08 25.28 13.62 | cpu  2151612594 50794103 277178477 15384580869 1689866 0 10833275 0 0 0
1791121782 1785, 2619, 37, 0x0000000000000000 | 23.47 24.94 13.57 | cpu  2151614290 50794103 277178780 15384605455 1689866 0 10833281 0 0 0
1791121783 1785, 2619, 37, 0x0000000000000000 | 23.47 24.94 13.57 | cpu  2151615761 50794103 277179154 15384628933 1689867 0 10833294 0 0 0
1791121784 1785, 2619, 37, 0x0000000000000000 | 23.47 24.94 13.57 | cpu  2151617234 50794103 277179525 15384652905 1689867 0 10833308 0 0 0
1791121785 1785, 2619, 37, 0x0000000000000000 | 23.47 24.94 13.57 | cpu  2151618516 50794103 277180014 15384676017 1689867 0 10833322 0 0 0
1791121786 1785, 2619, 37, 0x0000000000000000 | 23.47 24.94 13.57 | cpu  2151619970 50794104 277180188 15384699583 1689867 0 10833329 0 0 0
1791121787 1785, 2619, 37, 0x0000000000000000 | 23.11 24.84 13.60 | cpu  2151621350 50794104 277180397 15384723647 1689867 0 10833338 0 0 0
1791121788 1785, 2619, 37, 0x0000000000000000 | 23.11 24.84 13.60 | cpu  2151622671 50794104 277180537 15384747218 1689867 0 10833338 0 0 0
1791121790 1785, 2619, 37, 0x0000000000000000 | 23.11 24.84 13.60 | cpu  2151624043 50794104 277180706 15384771388 1689867 0 10833346 0 0 0
1791121791 1785, 2619, 37, 0x0000000000000000 | 23.11 24.84 13.60 | cpu  2151625464 50794104 277180928 15384795744 1689867 0 10833350 0 0 0
1791121792 1785, 2619, 37, 0x0000000000000000 | 21.58 24.50 13.55 | cpu  2151627020 50794104 277181200 15384819896 1689867 0 10833354 0 0 0
1791121793 1785, 2619, 37, 0x0000000000000000 | 21.58 24.50 13.55 | cpu  2151628508 50794104 277181498 15384843654 1689867 0 10833356 0 0 0
1791121794 1785, 2619, 37, 0x0000000000000000 | 21.58 24.50 13.55 | cpu  2151630015 50794104 277181891 15384867036 1689867 0 10833366 0 0 0
1791121795 1785, 2619, 37, 0x0000000000000000 | 21.58 24.50 13.55 | cpu  2151631437 50794104 277182279 15384890785 1689867 0 10833378 0 0 0
1791121796 1785, 2619, 37, 0x0000000000000000 | 20.10 24.14 13.49 | cpu  2151634440 50794104 277183548 15384912482 1689867 0 10833388 0 0 0
1791121798 1785, 2619, 37, 0x0000000000000000 | 20.10 24.14 13.49 | cpu  2151636333 50794104 277184212 15384936658 1689868 0 10833399 0 0 0
1791121799 1785, 2619, 37, 0x0000000000000000 | 20.10 24.14 13.49 | cpu  2151638479 50794104 277185253 15384958687 1689868 0 10833408 0 0 0
1791121800 1785, 2619, 37, 0x0000000000000000 | 20.10 24.14 13.49 | cpu  2151640413 50794104 277185594 15384982055 1689868 0 10833409 0 0 0
1791121801 1785, 2619, 36, 0x0000000000000000 | 20.10 24.14 13.49 | cpu  2151641779 50794104 277185796 15385005964 1689868 0 10833412 0 0 0
1791121802 1785, 2619, 36, 0x0000000000000000 | 18.89 23.82 13.45 | cpu  2151643332 50794104 277186108 15385031047 1689868 0 10833420 0 0 0
1791121803 1785, 2619, 36, 0x0000000000000000 | 18.89 23.82 13.45 | cpu  2151644867 50794104 277186397 15385054845 1689868 0 10833422 0 0 0
1791121805 1785, 2619, 36, 0x0000000000000000 | 18.89 23.82 13.45 | cpu  2151646555 50794104 277186771 15385078656 1689868 0 10833428 0 0 0
1791121806 1785, 2619, 36, 0x0000000000000000 | 18.89 23.82 13.45 | cpu  2151648102 50794107 277186969 15385103050 1689868 0 10833437 0 0 0
1791121807 1785, 2619, 36, 0x0000000000000000 | 17.69 23.49 13.40 | cpu  2151649706 50794107 277187200 15385128311 1689868 0 10833446 0 0 0
1791121808 1785, 2619, 36, 0x0000000000000000 | 17.69 23.49 13.40 | cpu  2151651267 50794107 277187518 15385153335 1689870 0 10833453 0 0 0
1791121809 1785, 2619, 36, 0x0000000000000000 | 17.69 23.49 13.40 | cpu  2151652641 50794107 277188016 15385177225 1689882 0 10833458 0 0 0
1791121810 1785, 2619, 36, 0x0000000000000000 | 17.69 23.49 13.40 | cpu  2151654188 50794107 277188496 15385201145 1689892 0 10833481 0 0 0
1791121812 1785, 2619, 36, 0x0000000000000000 | 16.68 23.19 13.35 | cpu  2151655823 50794108 277189076 15385225371 1689892 0 10833491 0 0 0
1791121813 1785, 2619, 36, 0x0000000000000000 | 16.68 23.19 13.35 | cpu  2151657398 50794108 277189358 15385249820 1689892 0 10833509 0 0 0
