1791089189 660, 2619, 49, 0x0000000000000001 | 8.62 9.97 9.38 | cpu  2139945668 50790214 270195021 14675964950 1671433 0 10582988 0 0 0
1791089190 420, 2619, 48, 0x0000000000000001 | 8.62 9.97 9.38 | cpu  2139947190 50790214 270196004 14675987442 1671433 0 10582991 0 0 0
1791089191 345, 2619, 47, 0x0000000000000001 | 8.49 9.92 9.37 | cpu  2139948272 50790214 270198193 14676008750 1671433 0 10582992 0 0 0
1791089192 345, 2619, 46, 0x0000000000000001 | 8.49 9.92 9.37 | cpu  2139949441 50790214 270198509 14676031919 1671433 0 10583000 0 0 0
1791089194 345, 2619, 46, 0x0000000000000001 | 8.49 9.92 9.37 | cpu  2139949932 50790214 270199397 14676055788 1671433 0 10583004 0 0 0
1791089195 345, 2619, 45, 0x0000000000000001 | 8.49 9.92 9.37 | cpu  2139950570 50790214 270199585 14676079886 1671433 0 10583017 0 0 0
1791089196 1785, 2619, 46, 0x0000000000000000 | 8.29 9.86 9.35 | cpu  2139951139 50790214 270199746 14676105029 1671433 0 10583025 0 0 0
1791089197 1785, 2619, 47, 0x0000000000000000 | 8.29 9.86 9.35 | cpu  2139952696 50790214 270200283 14676128425 1671433 0 10583034 0 0 0
1791089198 1785, 2619, 48, 0x0000000000000000 | 8.29 9.86 9.35 | cpu  2139954348 50790214 270202306 14676150266 1671433 0 10583054 0 0 0
1791089199 1785, 2619, 48, 0x0000000000000000 | 8.29 9.86 9.35 | cpu  2139955390 50790214 270202821 14676174498 1671433 0 10583061 0 0 0
1791089200 1785, 2619, 48, 0x0000000000000000 | 8.59 9.89 9.36 | cpu  2139956283 50790214 270203099 14676199906 1671433 0 10583082 0 0 0
1791089202 1785, 2619, 48, 0x0000000000000000 | 8.59 9.89 9.36 | cpu  2139957186 50790214 270203278 14676225216 1671433 0 10583094 0 0 0
1791089203 1785, 2619, 48, 0x0000000000000000 | 8.59 9.89 9.36 | cpu  2139958044 50790214 270203386 14676249581 1671433 0 10583095 0 0 0
1791089204 1785, 2619, 48, 0x0000000000000000 | 8.59 9.89 9.36 | cpu  2139958838 50790215 270203479 14676274925 1671433 0 10583097 0 0 0
1791089205 1785, 2619, 48, 0x0000000000000000 | 8.59 9.89 9.36 | cpu  2139959656 50790215 270203573 14676299962 1671433 0 10583100 0 0 0
1791089206 1785, 2619, 48, 0x0000000000000000 | 8.30 9.81 9.34 | cpu  2139960925 50790215 270204738 14676324199 1671433 0 10583104 0 0 0
1791089207 1785, 2619, 48, 0x0000000000000000 | 8.30 9.81 9.34 | cpu  2139961663 50790215 270206761 14676346324 1671433 0 10583106 0 0 0
1791089209 1785, 2619, 48, 0x0000000000000000 | 8.30 9.81 9.34 | cpu  2139962688 50790215 270209667 14676367452 1671433 0 10583121 0 0 0
1791089210 1785, 2619, 48, 0x0000000000000000 | 8.30 9.81 9.34 | cpu  2139963672 50790215 270212508 14676389334 1671433 0 10583134 0 0 0
1791089211 1785, 2619, 48, 0x0000000000000000 | 8.19 9.77 9.33 | cpu  2139964940 50790215 270213217 14676412175 1671433 0 10583154 0 0 0
1791089212 1785, 2619, 48, 0x0000000000000000 | 8.19 9.77 9.33 | cpu  2139966169 50790215 270216002 14676432893 1671433 0 10583178 0 0 0
1791089213 1785, 2619, 48, 0x0000000000000000 | 8.19 9.77 9.33 | cpu  2139967480 50790215 270216800 14676458325 1671433 0 10583197 0 0 0
1791089214 1785, 2619, 48, 0x0000000000000000 | 8.19 9.77 9.33 | cpu  2139968948 50790215 270219014 14676479371 1671433 0 10583208 0 0 0
1791089215 1785, 2619, 47, 0x0000000000000000 | 8.02 9.70 9.31 | cpu  2139969560 50790215 270219335 14676504690 1671433 0 10583211 0 0 0
1791089217 1785, 2619, 47, 0x0000000000000000 | 8.02 9.70 9.31 | cpu  2139969963 50790215 270219610 14676529686 1671433 0 10583214 0 0 0
1791089218 1785, 2619, 47, 0x0000000000000000 | 8.02 9.70 9.31 | cpu  2139970366 50790215 270220379 14676554613 1671433 0 10583222 0 0 0
1791089219 1785, 2619, 47, 0x0000000000000000 | 8.02 9.70 9.31 | cpu  2139970969 50790215 270220894 14676579533 1671433 0 10583233 0 0 0
1791089220 1785, 2619, 47, 0x0000000000000000 | 8.02 9.70 9.31 | cpu  2139971534 50790216 270221053 14676604447 1671433 0 10583246 0 0 0
1791089221 1785, 2619, 47, 0x0000000000000000 | 7.94 9.66 9.30 | cpu  2139972264 50790216 270221412 14676630233 1671433 0 10583256 0 0 0
1791089222 1785, 2619, 47, 0x0000000000000000 | 7.94 9.66 9.30 | cpu  2139973814 50790216 270223298 14676652285 1671433 0 10583273 0 0 0
1791089224 1785, 2619, 47, 0x0000000000000000 | 7.94 9.66 9.30 | cpu  2139974451 50790216 270224180 14676676259 1671435 0 10583276 0 0 0
1791089225 1785, 2619, 47, 0x0000000000000000 | 7.94 9.66 9.30 | cpu  2139975015 50790216 270224348 14676701163 1671435 0 10583284 0 0 0
1791089226 1785, 2619, 47, 0x0000000000000000 | 7.78 9.60 9.28 | cpu  2139975618 50790216 270224484 14676726500 1671435 0 10583289 0 0 0
1791089227 1785, 2619, 46, 0x0000000000000000 | 7.78 9.60 9.28 | cpu  2139976232 50790216 270224598 14676751764 1671435 0 10583290 0 0 0
1791089228 1785, 2619, 46, 0x0000000000000000 | 7.78 9.60 9.28 | cpu  2139976814 50790216 270224809 14676777505 1671435 0 10583298 0 0 0
1791089229 1785, 2619, 46, 0x0000000000000000 | 7.78 9.60 9.28 | cpu  2139977405 50790216 270224994 14676802833 1671435 0 10583305 0 0 0
1791089231 1785, 2619, 46, 0x0000000000000000 | 7.72 9.55 9.27 | cpu  2139978230 50790216 270225824 14676827568 1671435 0 10583312 0 0 0
1791089232 1785, 2619, 46, 0x0000000000000000 | 7.72 9.55 9.27 | cpu  2139979254 50790216 270227735 14676851538 1671435 0 10583323 0 0 0
1791089233 1785, 2619, 46, 0x0000000000000000 | 7.72 9.55 9.27 | cpu  2139979914 50790216 270228611 14676877690 1671435 0 10583341 0 0 0
1791089234 1785, 2619, 46, 0x0000000000000000 | 7.72 9.55 9.27 | cpu  2139980650 50790216 270228878 14676902990 1671435 0 10583350 0 0 0
1791089235 1785, 2619, 46, 0x0000000000000000 | 7.66 9.51 9.25 | cpu  2139981268 50790216 270229148 14676929070 1671435 0 10583354 0 0 0
1791089237 1785, 2619, 46, 0x0000000000000000 | 7.66 9.51 9.25 | cpu  2139982022 50790216 270229443 14676953526 1671435 0 10583360 0 0 0
1791089238 1785, 2619, 46, 0x0000000000000000 | 7.66 9.51 9.25 | cpu  2139982790 50790216 270229815 14676978367 1671435 0 10583368 0 0 0
1791089239 1785, 2619, 46, 0x0000000000000000 | 7.66 9.51 9.25 | cpu  2139983276 50790216 270230098 14677003377 1671435 0 10583377 0 0 0
1791089240 1785, 2619, 46, 0x0000000000000000 | 7.66 9.51 9.25 | cpu  2139984150 50790216 270231810 14677026069 1671435 0 10583383 0 0 0
1791089241 1785, 2619, 46, 0x0000000000000000 | 7.61 9.47 9.24 | cpu  2139984786 50790216 270232101 14677051103 1671435 0 10583394 0 0 0
1791089242 1785, 2619, 46, 0x0000000000000000 | 7.61 9.47 9.24 | cpu  2139985513 50790216 270232390 14677075488 1671435 0 10583400 0 0 0
1791089243 1785, 2619, 46, 0x0000000000000000 | 7.61 9.47 9.24 | cpu  2139986235 50790216 270232617 14677099802 1671435 0 10583402 0 0 0
1791089245 1785, 2619, 46, 0x0000000000000000 | 7.61 9.47 9.24 | cpu  2139986786 50790216 270232808 14677125682 1671435 0 10583404 0 0 0
1791089246 1785, 2619, 46, 0x0000000000000000 | 7.48 9.41 9.22 | cpu  2139987520 50790216 270233067 14677150850 1671435 0 10583404 0 0 0
1791089247 1785, 2619, 46, 0x0000000000000000 | 7.48 9.41 9.22 | cpu  2139988089 50790216 270233284 14677175321 1671435 0 10583407 0 0 0
1791089248 1785, 2619, 45, 0x0000000000000000 | 7.48 9.41 9.22 | cpu  2139988860 50790216 270233561 14677200642 1671435 0 10583416 0 0 0
1791089249 1785, 2619, 45, 0x0000000000000000 | 7.48 9.41 9.22 | cpu  2139989696 50790216 270234013 14677225651 1671435 0 10583436 0 0 0
1791089250 1785, 2619, 45, 0x0000000000000000 | 7.68 9.42 9.23 | cpu  2139990508 50790216 270234341 14677250578 1671435 0 10583448 0 0 0
1791089252 1785, 2619, 45, 0x0000000000000000 | 7.68 9.42 9.23 | cpu  2139991121 50790216 270234708 14677275874 1671435 0 10583454 0 0 0
1791089253 1785, 2619, 45, 0x0000000000000000 | 7.68 9.42 9.23 | cpu  2139992149 50790216 270234926 14677299992 1671435 0 10583459 0 0 0
1791089254 1785, 2619, 45, 0x0000000000000000 | 7.68 9.42 9.23 | cpu  2139994970 50790216 270235007 14677322672 1671435 0 10583464 0 0 0
1791089255 1785, 2619, 45, 0x0000000000000000 | 7.68 9.42 9.23 | cpu  2139998383 50790216 270235101 14677344777 1671435 0 10583466 0 0 0
1791089256 1785, 2619, 45, 0x0000000000000000 | 11.07 10.10 9.45 | cpu  2140001089 50790216 270235192 14677367143 1671435 0 10583467 0 0 0
1791089257 1785, 2619, 45, 0x0000000000000000 | 11.07 10.10 9.45 | cpu  2140001589 50790216 270235300 14677392155 1671435 0 10583467 0 0 0
1791089259 1785, 2619, 45, 0x0000000000000000 | 11.07 10.10 9.45 | cpu  2140002132 50790216 270235570 14677417604 1671435 0 10583475 0 0 0
1791089260 1785, 2619, 45, 0x0000000000000000 | 11.07 10.10 9.45 | cpu  2140002717 50790216 270235932 14677442259 1671435 0 10583483 0 0 0
1791089261 1785, 2619, 45, 0x0000000000000000 | 10.82 10.06 9.44 | cpu  2140003321 50790216 270236295 14677468061 1671435 0 10583492 0 0 0
1791089262 1785, 2619, 45, 0x0000000000000000 | 10.82 10.06 9.44 | cpu  2140003882 50790216 270236562 14677492395 1671435 0 10583501 0 0 0
1791089263 1785, 2619, 45, 0x0000000000000000 | 10.82 10.06 9.44 | cpu  2140004414 50790217 270236781 14677518400 1671435 0 10583504 0 0 0
1791089264 1785, 2619, 45, 0x0000000000000000 | 10.82 10.06 9.44 | cpu  2140005100 50790217 270237014 14677543739 1671435 0 10583522 0 0 0
1791089266 1785, 2619, 45, 0x0000000000000000 | 10.44 9.99 9.42 | cpu  2140005786 50790217 270237189 14677569732 1671435 0 10583540 0 0 0
1791089267 1785, 2619, 45, 0x0000000000000000 | 10.44 9.99 9.42 | cpu  2140006434 50790217 270237408 14677595955 1671435 0 10583565 0 0 0
1791089268 1785, 2619, 45, 0x0000000000000000 | 10.44 9.99 9.42 | cpu  2140006975 50790217 270237581 14677622108 1671435 0 10583577 0 0 0
1791089269 1785, 2619, 45, 0x0000000000000000 | 10.44 9.99 9.42 | cpu  2140007538 50790217 270237773 14677647527 1671435 0 10583578 0 0 0
1791089270 1785, 2619, 45, 0x0000000000000000 | 10.32 9.98 9.42 | cpu  2140008114 50790217 270238034 14677672159 1671435 0 10583583 0 0 0
1791089271 1785, 2619, 45, 0x0000000000000000 | 10.32 9.98 9.42 | cpu  2140008660 50790217 270238323 14677696970 1671435 0 10583590 0 0 0
1791089273 1785, 2619, 45, 0x0000000000000000 | 10.32 9.98 9.42 | cpu  2140009248 50790217 270238616 14677722711 1671435 0 10583597 0 0 0
1791089274 1785, 2619, 45, 0x0000000000000000 | 10.32 9.98 9.42 | cpu  2140009713 50790217 270238794 14677746966 1671435 0 10583599 0 0 0
1791089275 1785, 2619, 45, 0x0000000000000000 | 10.32 9.98 9.42 | cpu  2140010248 50790217 270238984 14677772428 1671435 0 10583607 0 0 0
1791089276 1785, 2619, 45, 0x0000000000000000 | 9.98 9.91 9.40 | cpu  2140010784 50790217 270239137 14677798277 1671435 0 10583608 0 0 0
1791089277 1785, 2619, 45, 0x0000000000000000 | 9.98 9.91 9.40 | cpu  2140011312 50790217 270239242 14677824277 1671435 0 10583608 0 0 0
1791089278 1785, 2619, 45, 0x0000000000000000 | 9.98 9.91 9.40 | cpu  2140011776 50790217 270239375 14677848460 1671435 0 10583608 0 0 0
1791089280 1785, 2619, 45, 0x0000000000000000 | 9.98 9.91 9.40 | cpu  2140012316 50790217 270239572 14677873237 1671435 0 10583612 0 0 0
1791089281 1785, 2619, 45, 0x0000000000000000 | 9.74 9.86 9.39 | cpu  2140012924 50790218 270239788 14677899550 1671435 0 10583615 0 0 0
1791089282 1785, 2619, 45, 0x0000000000000000 | 9.74 9.86 9.39 | cpu  2140013553 50790218 270240104 14677925499 1671435 0 10583634 0 0 0
1791089283 1785, 2619, 45, 0x0000000000000000 | 9.74 9.86 9.39 | cpu  2140014190 50790218 270240462 14677954743 1671435 0 10583647 0 0 0
1791089285 1785, 2619, 44, 0x0000000000000000 | 9.74 9.86 9.39 | cpu  2140014727 50790218 270240695 14677979891 1671438 0 10583653 0 0 0
1791089286 1785, 2619, 44, 0x0000000000000000 | 10.08 9.93 9.41 | cpu  2140021474 50790218 270241095 14677999796 1671438 0 10583686 0 0 0
1791089287 1785, 2619, 44, 0x0000000000000000 | 10.08 9.93 9.41 | cpu  2140024434 50790218 270241506 14678024257 1671438 0 10583697 0 0 0
1791089288 1785, 2619, 44, 0x0000000000000000 | 10.08 9.93 9.41 | cpu  2140028563 50790218 270241746 14678045500 1671438 0 10583717 0 0 0
1791089289 1785, 2619, 45, 0x0000000000000000 | 10.08 9.93 9.41 | cpu  2140029174 50790218 270241971 14678070747 1671438 0 10583739 0 0 0
1791089291 1785, 2619, 45, 0x0000000000000000 | 9.83 9.88 9.40 | cpu  2140029815 50790218 270242138 14678095522 1671438 0 10583748 0 0 0
1791089292 1785, 2619, 45, 0x0000000000000000 | 9.83 9.88 9.40 | cpu  2140030461 50790218 270242451 14678120611 1671438 0 10583755 0 0 0
1791089293 1785, 2619, 45, 0x0000000000000000 | 9.83 9.88 9.40 | cpu  2140031153 50790218 270242847 14678148871 1671438 0 10583767 0 0 0
1791089294 1785, 2619, 45, 0x0000000000000000 | 9.83 9.88 9.40 | cpu  2140031852 50790218 270243152 14678174457 1671438 0 10583802 0 0 0
1791089295 1785, 2619, 45, 0x0000000000000000 | 9.69 9.85 9.39 | cpu  2140032478 50790218 270243395 14678200243 1671438 0 10583809 0 0 0
1791089297 1785, 2619, 45, 0x0000000000000000 | 9.69 9.85 9.39 | cpu  2140033110 50790218 270243626 14678226068 1671438 0 10583816 0 0 0
1791089298 1785, 2619, 45, 0x0000000000000000 | 9.69 9.85 9.39 | cpu  2140033744 50790218 270243888 14678254070 1671438 0 10583818 0 0 0
1791089299 1785, 2619, 45, 0x0000000000000000 | 9.69 9.85 9.39 | cpu  2140034397 50790218 270244162 14678279310 1671438 0 10583829 0 0 0
1791089300 1785, 2619, 45, 0x0000000000000000 | 9.69 9.85 9.39 | cpu  2140035007 50790218 270244287 14678304482 1671438 0 10583831 0 0 0
1791089301 1785, 2619, 45, 0x0000000000000000 | 9.39 9.79 9.37 | cpu  2140035656 50790218 270244418 14678330656 1671438 0 10583840 0 0 0
1791089303 1785, 2619, 45, 0x0000000000000000 | 9.39 9.79 9.37 | cpu  2140036269 50790218 270244526 14678355683 1671438 0 10583840 0 0 0
1791089304 1785, 2619, 45, 0x0000000000000000 | 9.39 9.79 9.37 | cpu  2140036823 50790218 270244582 14678381729 1671438 0 10583842 0 0 0
1791089305 1785, 2619, 45, 0x0000000000000000 | 9.39 9.79 9.37 | cpu  2140037435 50790218 270244721 14678406711 1671438 0 10583846 0 0 0
1791089306 1785, 2619, 45, 0x0000000000000000 | 9.20 9.74 9.36 | cpu  2140038048 50790218 270244882 14678432517 1671438 0 10583851 0 0 0
1791089307 1785, 2619, 45, 0x0000000000000000 | 9.20 9.74 9.36 | cpu  2140038650 50790218 270245171 14678456940 1671438 0 10583858 0 0 0
1791089308 1785, 2619, 45, 0x0000000000000000 | 9.20 9.74 9.36 | cpu  2140039240 50790218 270245528 14678481974 1671438 0 10583865 0 0 0
1791089310 1785, 2619, 45, 0x0000000000000000 | 9.20 9.74 9.36 | cpu  2140039892 50790218 270245979 14678506934 1671438 0 10583871 0 0 0
1791089311 1785, 2619, 45, 0x0000000000000000 | 9.02 9.69 9.35 | cpu  2140040544 50790218 270246258 14678532771 1671438 0 10583875 0 0 0
1791089312 1785, 2619, 45, 0x0000000000000000 | 9.02 9.69 9.35 | cpu  2140041168 50790218 270246493 14678558095 1671438 0 10583876 0 0 0
1791089313 1785, 2619, 45, 0x0000000000000000 | 9.02 9.69 9.35 | cpu  2140041726 50790218 270246702 14678582137 1671438 0 10583883 0 0 0
1791089314 1785, 2619, 46, 0x0000000000000000 | 9.02 9.69 9.35 | cpu  2140042314 50790218 270246862 14678607626 1671438 0 10583886 0 0 0
1791089315 1785, 2619, 46, 0x0000000000000000 | 8.94 9.67 9.34 | cpu  2140042900 50790218 270246960 14678632273 1671438 0 10583890 0 0 0
1791089317 1785, 2619, 46, 0x0000000000000000 | 8.94 9.67 9.34 | cpu  2140043509 50790219 270247144 14678657696 1671438 0 10583899 0 0 0
1791089318 1785, 2619, 46, 0x0000000000000000 | 8.94 9.67 9.34 | cpu  2140044123 50790219 270247418 14678685055 1671438 0 10583908 0 0 0
1791089319 1785, 2619, 46, 0x0000000000000000 | 8.94 9.67 9.34 | cpu  2140044746 50790219 270247636 14678709958 1671438 0 10583926 0 0 0
1791089320 1785, 2619, 46, 0x0000000000000000 | 8.94 9.67 9.34 | cpu  2140045376 50790219 270247858 14678734881 1671438 0 10583938 0 0 0
1791089321 1785, 2619, 46, 0x0000000000000000 | 8.78 9.62 9.33 | cpu  2140046040 50790219 270248081 14678760157 1671438 0 10583948 0 0 0
1791089322 1785, 2619, 45, 0x0000000000000000 | 8.78 9.62 9.33 | cpu  2140046670 50790219 270248285 14678785186 1671438 0 10583953 0 0 0
1791089324 1785, 2619, 45, 0x0000000000000000 | 8.78 9.62 9.33 | cpu  2140047215 50790219 270248497 14678810062 1671438 0 10583956 0 0 0
1791089325 1785, 2619, 46, 0x0000000000000000 | 8.78 9.62 9.33 | cpu  2140047805 50790219 270248663 14678835137 1671438 0 10583958 0 0 0
1791089326 1785, 2619, 46, 0x0000000000000000 | 8.80 9.61 9.32 | cpu  2140048417 50790219 270248854 14678860541 1671438 0 10583961 0 0 0
1791089327 1785, 2619, 46, 0x0000000000000000 | 8.80 9.61 9.32 | cpu  2140049059 50790219 270249099 14678886232 1671438 0 10583972 0 0 0
1791089328 1785, 2619, 46, 0x0000000000000000 | 8.80 9.61 9.32 | cpu  2140049757 50790219 270249590 14678910988 1671438 0 10583991 0 0 0
1791089329 1785, 2619, 46, 0x0000000000000000 | 8.80 9.61 9.32 | cpu  2140050453 50790219 270249995 14678936055 1671438 0 10584011 0 0 0
1791089331 1785, 2619, 46, 0x0000000000000000 | 8.82 9.60 9.32 | cpu  2140051150 50790220 270250406 14678961380 1671438 0 10584022 0 0 0
1791089332 1785, 2619, 46, 0x0000000000000000 | 8.82 9.60 9.32 | cpu  2140051862 50790220 270251427 14678986047 1671438 0 10584048 0 0 0
1791089333 1785, 2619, 46, 0x0000000000000000 | 8.82 9.60 9.32 | cpu  2140052423 50790220 270251632 14679010377 1671438 0 10584064 0 0 0
1791089334 1785, 2619, 46, 0x0000000000000000 | 8.82 9.60 9.32 | cpu  2140053028 50790220 270251735 14679035857 1671438 0 10584064 0 0 0
1791089335 1785, 2619, 46, 0x0000000000000000 | 8.82 9.60 9.32 | cpu  2140053657 50790220 270251807 14679061665 1671438 0 10584067 0 0 0
1791089336 1785, 2619, 46, 0x0000000000000000 | 16.84 11.25 9.86 | cpu  2140054214 50790220 270251869 14679085847 1671438 0 10584076 0 0 0
1791089338 1785, 2619, 46, 0x0000000000000000 | 16.84 11.25 9.86 | cpu  2140054799 50790220 270251920 14679113833 1671438 0 10584078 0 0 0
1791089339 1785, 2619, 46, 0x0000000000000000 | 16.84 11.25 9.86 | cpu  2140055413 50790220 270252054 14679139215 1671438 0 10584080 0 0 0
1791089340 1785, 2619, 46, 0x0000000000000000 | 16.84 11.25 9.86 | cpu  2140056019 50790220 270252282 14679163580 1671438 0 10584086 0 0 0
1791089341 1785, 2619, 46, 0x0000000000000000 | 16.05 11.18 9.84 | cpu  2140056643 50790220 270252490 14679187785 1671438 0 10584090 0 0 0
1791089342 1785, 2619, 46, 0x0000000000000000 | 16.05 11.18 9.84 | cpu  2140057282 50790220 270252700 14679212659 1671438 0 10584106 0 0 0
1791089343 1785, 2619, 46, 0x0000000000000000 | 16.05 11.18 9.84 | cpu  2140057856 50790220 270252892 14679236871 1671438 0 10584116 0 0 0
1791089345 1785, 2619, 46, 0x0000000000000000 | 16.05 11.18 9.84 | cpu  2140058475 50790220 270253045 14679262831 1671440 0 10584133 0 0 0
1791089346 1785, 2619, 46, 0x0000000000000000 | 15.25 11.09 9.82 | cpu  2140059042 50790220 270253118 14679287302 1671440 0 10584144 0 0 0
1791089347 1785, 2619, 46, 0x0000000000000000 | 15.25 11.09 9.82 | cpu  2140059634 50790220 270253179 14679312475 1671440 0 10584146 0 0 0
1791089348 1785, 2619, 46, 0x0000000000000000 | 15.25 11.09 9.82 | cpu  2140060172 50790220 270253226 14679338222 1671440 0 10584147 0 0 0
1791089349 1785, 2619, 46, 0x0000000000000000 | 15.25 11.09 9.82 | cpu  2140060767 50790220 270253318 14679363159 1671440 0 10584151 0 0 0
1791089350 1785, 2619, 46, 0x0000000000000000 | 14.75 11.06 9.82 | cpu  2140061388 50790220 270253489 14679388197 1671440 0 10584153 0 0 0
1791089352 1785, 2619, 46, 0x0000000000000000 | 14.75 11.06 9.82 | cpu  2140062008 50790220 270253690 14679412531 1671440 0 10584177 0 0 0
1791089353 1785, 2619, 46, 0x0000000000000000 | 14.75 11.06 9.82 | cpu  2140062627 50790220 270253911 14679439110 1671440 0 10584186 0 0 0
1791089354 1785, 2619, 46, 0x0000000000000000 | 14.75 11.06 9.82 | cpu  2140063224 50790220 270254115 14679463086 1671440 0 10584188 0 0 0
1791089355 1785, 2619, 46, 0x0000000000000000 | 14.75 11.06 9.82 | cpu  2140063796 50790220 270254248 14679487252 1671440 0 10584191 0 0 0
1791089356 1785, 2619, 46, 0x0000000000000000 | 14.05 10.97 9.80 | cpu  2140064417 50790220 270254398 14679513128 1671440 0 10584196 0 0 0
1791089357 1785, 2619, 46, 0x0000000000000000 | 14.05 10.97 9.80 | cpu  2140065011 50790220 270254471 14679538744 1671440 0 10584196 0 0 0
1791089359 1785, 2619, 46, 0x0000000000000000 | 14.05 10.97 9.80 | cpu  2140065542 50790220 270254523 14679564149 1671440 0 10584198 0 0 0
1791089360 1785, 2619, 46, 0x0000000000000000 | 14.05 10.97 9.80 | cpu  2140066139 50790220 270254657 14679589039 1671440 0 10584214 0 0 0
1791089361 1785, 2619, 46, 0x0000000000000000 | 13.40 10.89 9.78 | cpu  2140066757 50790220 270254787 14679614450 1671440 0 10584216 0 0 0
1791089362 1785, 2619, 46, 0x0000000000000000 | 13.40 10.89 9.78 | cpu  2140067414 50790220 270254953 14679640417 1671440 0 10584222 0 0 0
1791089363 1785, 2619, 46, 0x0000000000000000 | 13.40 10.89 9.78 | cpu  2140068008 50790220 270255148 14679665320 1671440 0 10584242 0 0 0
1791089364 1785, 2619, 46, 0x0000000000000000 | 13.40 10.89 9.78 | cpu  2140068585 50790220 270255327 14679689695 1671440 0 10584258 0 0 0
1791089365 1785, 2619, 46, 0x0000000000000000 | 12.89 10.83 9.76 | cpu  2140069204 50790220 270255466 14679715400 1671440 0 10584268 0 0 0
1791089367 1785, 2619, 47, 0x0000000000000000 | 12.89 10.83 9.76 | cpu  2140069817 50790220 270255618 14679740899 1671440 0 10584270 0 0 0
1791089368 1785, 2619, 47, 0x0000000000000000 | 12.89 10.83 9.76 | cpu  2140070350 50790220 270255754 14679765517 1671440 0 10584278 0 0 0
1791089369 1785, 2619, 47, 0x0000000000000000 | 12.89 10.83 9.76 | cpu  2140070946 50790220 270255843 14679790712 1671440 0 10584283 0 0 0
1791089370 1785, 2619, 47, 0x0000000000000000 | 12.89 10.83 9.76 | cpu  2140071583 50790220 270255988 14679816098 1671440 0 10584287 0 0 0
1791089371 1785, 2619, 46, 0x0000000000000000 | 12.50 10.78 9.75 | cpu  2140072216 50790220 270256116 14679841936 1671440 0 10584290 0 0 0
1791089373 1785, 2619, 46, 0x0000000000000000 | 12.50 10.78 9.75 | cpu  2140072834 50790220 270256242 14679869291 1671440 0 10584304 0 0 0
1791089374 1785, 2619, 46, 0x0000000000000000 | 12.50 10.78 9.75 | cpu  2140073444 50790220 270256404 14679893790 1671440 0 10584317 0 0 0
1791089375 1785, 2619, 46, 0x0000000000000000 | 12.50 10.78 9.75 | cpu  2140074028 50790220 270256555 14679918470 1671440 0 10584321 0 0 0
1791089376 1785, 2619, 46, 0x0000000000000000 | 11.98 10.70 9.73 | cpu  2140074632 50790220 270256785 14679943663 1671440 0 10584332 0 0 0
1791089377 1785, 2619, 47, 0x0000000000000000 | 11.98 10.70 9.73 | cpu  2140075222 50790220 270256926 14679968192 1671440 0 10584350 0 0 0
1791089378 1785, 2619, 47, 0x0000000000000000 | 11.98 10.70 9.73 | cpu  2140075754 50790220 270257053 14679993071 1671440 0 10584358 0 0 0
1791089379 1785, 2619, 47, 0x0000000000000000 | 11.98 10.70 9.73 | cpu  2140076376 50790220 270257245 14680017997 1671440 0 10584373 0 0 0
1791089381 1785, 2619, 47, 0x0000000000000000 | 11.50 10.62 9.71 | cpu  2140076986 50790220 270257379 14680043128 1671440 0 10584380 0 0 0
1791089382 1785, 2619, 47, 0x0000000000000000 | 11.50 10.62 9.71 | cpu  2140077614 50790220 270257568 14680068006 1671440 0 10584386 0 0 0
1791089383 1785, 2619, 47, 0x0000000000000000 | 11.50 10.62 9.71 | cpu  2140078180 50790222 270257759 14680092953 1671440 0 10584390 0 0 0
1791089384 1785, 2619, 47, 0x0000000000000000 | 11.50 10.62 9.71 | cpu  2140078825 50790222 270257871 14680117959 1671440 0 10584393 0 0 0
1791089385 1785, 2619, 47, 0x0000000000000000 | 11.50 10.62 9.71 | cpu  2140079434 50790222 270258000 14680143350 1671440 0 10584394 0 0 0
1791089386 1785, 2619, 46, 0x0000000000000000 | 11.14 10.56 9.69 | cpu  2140080063 50790222 270258208 14680169708 1671440 0 10584397 0 0 0
1791089388 1785, 2619, 46, 0x0000000000000000 | 11.14 10.56 9.69 | cpu  2140080609 50790223 270258428 14680194232 1671440 0 10584403 0 0 0
1791089389 1785, 2619, 46, 0x0000000000000000 | 11.14 10.56 9.69 | cpu  2140081214 50790223 270258662 14680219148 1671440 0 10584409 0 0 0
1791089390 1785, 2619, 46, 0x0000000000000000 | 11.14 10.56 9.69 | cpu  2140081858 50790223 270258883 14680244446 1671440 0 10584415 0 0 0
1791089391 1785, 2619, 46, 0x0000000000000000 | 10.81 10.50 9.68 | cpu  2140082486 50790223 270259088 14680269801 1671440 0 10584418 0 0 0
1791089392 1785, 2619, 47, 0x0000000000000000 | 10.81 10.50 9.68 | cpu  2140083116 50790223 270259228 14680295141 1671440 0 10584418 0 0 0
1791089393 1785, 2619, 47, 0x0000000000000000 | 10.81 10.50 9.68 | cpu  2140083694 50790223 270259347 14680320335 1671440 0 10584421 0 0 0
1791089395 1785, 2619, 47, 0x0000000000000000 | 10.81 10.50 9.68 | cpu  2140084286 50790223 270259415 14680345799 1671440 0 10584427 0 0 0
1791089396 1785, 2619, 47, 0x0000000000000000 | 10.34 10.41 9.65 | cpu  2140084851 50790223 270259477 14680370476 1671440 0 10584427 0 0 0
1791089397 1785, 2619, 47, 0x0000000000000000 | 10.34 10.41 9.65 | cpu  2140085458 50790223 270259619 14680395911 1671440 0 10584429 0 0 0
1791089398 1785, 2619, 46, 0x0000000000000000 | 10.34 10.41 9.65 | cpu  2140085986 50790223 270259743 14680420713 1671440 0 10584432 0 0 0
1791089399 1785, 2619, 46, 0x0000000000000000 | 10.34 10.41 9.65 | cpu  2140086606 50790223 270259928 14680446081 1671440 0 10584439 0 0 0
1791089400 1785, 2619, 46, 0x0000000000000000 | 10.31 10.40 9.66 | cpu  2140087257 50790223 270260169 14680472187 1671440 0 10584445 0 0 0
1791089402 1785, 2619, 46, 0x0000000000000000 | 10.31 10.40 9.66 | cpu  2140087926 50790223 270260406 14680497699 1671440 0 10584450 0 0 0
1791089403 1785, 2619, 46, 0x0000000000000000 | 10.31 10.40 9.66 | cpu  2140088520 50790223 270260590 14680522900 1671440 0 10584456 0 0 0
1791089404 1785, 2619, 46, 0x0000000000000000 | 10.31 10.40 9.66 | cpu  2140089125 50790223 270260751 14680546934 1671443 0 10584471 0 0 0
1791089405 1785, 2619, 46, 0x0000000000000000 | 10.31 10.40 9.66 | cpu  2140089657 50790223 270260848 14680572095 1671443 0 10584473 0 0 0
1791089406 1785, 2619, 47, 0x0000000000000000 | 9.89 10.31 9.63 | cpu  2140090215 50790223 270260910 14680597011 1671443 0 10584473 0 0 0
1791089407 1785, 2619, 47, 0x0000000000000000 | 9.89 10.31 9.63 | cpu  2140090710 50790223 270261052 14680624344 1671443 0 10584475 0 0 0
1791089409 1785, 2619, 46, 0x0000000000000000 | 9.89 10.31 9.63 | cpu  2140091544 50790223 270262590 14680647225 1671443 0 10584482 0 0 0
1791089410 1785, 2619, 46, 0x0000000000000000 | 9.89 10.31 9.63 | cpu  2140092850 50790223 270264376 14680670385 1671443 0 10584504 0 0 0
1791089411 1785, 2619, 46, 0x0000000000000000 | 9.66 10.26 9.62 | cpu  2140093527 50790223 270264883 14680694556 1671443 0 10584536 0 0 0
1791089412 1785, 2619, 46, 0x0000000000000000 | 9.66 10.26 9.62 | cpu  2140094788 50790223 270265133 14680718056 1671443 0 10584552 0 0 0
1791089413 1785, 2619, 46, 0x0000000000000000 | 9.66 10.26 9.62 | cpu  2140095359 50790223 270265325 14680741995 1671443 0 10584558 0 0 0
1791089414 1785, 2619, 46, 0x0000000000000000 | 9.66 10.26 9.62 | cpu  2140095980 50790223 270265510 14680766569 1671443 0 10584565 0 0 0
1791089415 1785, 2619, 46, 0x0000000000000000 | 9.36 10.19 9.60 | cpu  2140096597 50790223 270265589 14680792295 1671443 0 10584572 0 0 0
1791089417 1785, 2619, 46, 0x0000000000000000 | 9.36 10.19 9.60 | cpu  2140097192 50790224 270265626 14680817863 1671443 0 10584572 0 0 0
1791089418 1785, 2619, 47, 0x0000000000000000 | 9.36 10.19 9.60 | cpu  2140097724 50790224 270265665 14680842399 1671443 0 10584577 0 0 0
1791089419 1785, 2619, 47, 0x0000000000000000 | 9.36 10.19 9.60 | cpu  2140098304 50790224 270265696 14680867414 1671443 0 10584578 0 0 0
1791089420 1785, 2619, 47, 0x0000000000000000 | 9.36 10.19 9.60 | cpu  2140098976 50790224 270265860 14680892390 1671443 0 10584601 0 0 0
1791089421 1785, 2619, 47, 0x0000000000000000 | 9.25 10.15 9.59 | cpu  2140099650 50790224 270266126 14680918161 1671443 0 10584628 0 0 0
1791089423 1785, 2619, 47, 0x0000000000000000 | 9.25 10.15 9.59 | cpu  2140100382 50790224 270266588 14680944596 1671443 0 10584652 0 0 0
1791089424 1785, 2619, 46, 0x0000000000000000 | 9.25 10.15 9.59 | cpu  2140101064 50790224 270266854 14680969143 1671443 0 10584664 0 0 0
1791089425 1785, 2619, 46, 0x0000000000000000 | 9.25 10.15 9.59 | cpu  2140101731 50790224 270267110 14680994465 1671443 0 10584665 0 0 0
1791089426 1785, 2619, 46, 0x0000000000000000 | 9.07 10.10 9.57 | cpu  2140102383 50790224 270267689 14681018605 1671443 0 10584673 0 0 0
1791089427 1785, 2619, 46, 0x0000000000000000 | 9.07 10.10 9.57 | cpu  2140103087 50790224 270267818 14681043592 1671443 0 10584684 0 0 0
1791089428 1785, 2619, 46, 0x0000000000000000 | 9.07 10.10 9.57 | cpu  2140103619 50790224 270267855 14681068760 1671443 0 10584688 0 0 0
1791089429 1785, 2619, 46, 0x0000000000000000 | 9.07 10.10 9.57 | cpu  2140104234 50790224 270267912 14681094343 1671443 0 10584692 0 0 0
1791089431 1785, 2619, 46, 0x0000000000000000 | 8.83 10.03 9.56 | cpu  2140104855 50790224 270268037 14681119576 1671443 0 10584703 0 0 0
1791089432 1785, 2619, 47, 0x0000000000000000 | 8.83 10.03 9.56 | cpu  2140105494 50790224 270268190 14681144904 1671443 0 10584710 0 0 0
1791089433 1785, 2619, 47, 0x0000000000000000 | 8.83 10.03 9.56 | cpu  2140106075 50790224 270268394 14681170025 1671443 0 10584728 0 0 0
1791089434 1785, 2619, 46, 0x0000000000000000 | 8.83 10.03 9.56 | cpu  2140106697 50790224 270268586 14681194000 1671443 0 10584758 0 0 0
1791089435 1785, 2619, 46, 0x0000000000000000 | 8.83 10.03 9.56 | cpu  2140107321 50790224 270268743 14681219554 1671443 0 10584770 0 0 0
1791089436 1785, 2619, 46, 0x0000000000000000 | 8.60 9.96 9.54 | cpu  2140107944 50790224 270268878 14681245149 1671443 0 10584779 0 0 0
1791089438 1785, 2619, 46, 0x0000000000000000 | 8.60 9.96 9.54 | cpu  2140108666 50790224 270269044 14681270320 1671443 0 10584799 0 0 0
1791089439 1785, 2619, 47, 0x0000000000000000 | 8.60 9.96 9.54 | cpu  2140109411 50790224 270269184 14681295980 1671443 0 10584814 0 0 0
1791089440 1785, 2619, 47, 0x0000000000000000 | 8.60 9.96 9.54 | cpu  2140110189 50790224 270269366 14681321784 1671443 0 10584841 0 0 0
1791089441 1785, 2619, 47, 0x0000000000000000 | 8.55 9.93 9.53 | cpu  2140110844 50790224 270269538 14681346557 1671443 0 10584853 0 0 0
1791089442 1785, 2619, 47, 0x0000000000000000 | 8.55 9.93 9.53 | cpu  2140111457 50790224 270269638 14681373145 1671443 0 10584854 0 0 0
1791089444 1785, 2619, 47, 0x0000000000000000 | 8.55 9.93 9.53 | cpu  2140112130 50790224 270269817 14681398009 1671443 0 10584862 0 0 0
1791089445 1785, 2619, 47, 0x0000000000000000 | 8.55 9.93 9.53 | cpu  2140112787 50790224 270270064 14681423712 1671443 0 10584888 0 0 0
1791089446 1785, 2619, 47, 0x0000000000000000 | 9.47 10.10 9.58 | cpu  2140113514 50790224 270270433 14681448649 1671443 0 10584904 0 0 0
1791089447 1785, 2619, 46, 0x0000000000000000 | 9.47 10.10 9.58 | cpu  2140114182 50790224 270270706 14681473856 1671443 0 10584905 0 0 0
1791089448 1785, 2619, 46, 0x0000000000000000 | 9.47 10.10 9.58 | cpu  2140114782 50790224 270270974 14681499522 1671443 0 10584911 0 0 0
1791089449 1785, 2619, 46, 0x0000000000000000 | 9.47 10.10 9.58 | cpu  2140115443 50790224 270271748 14681523533 1671443 0 10584913 0 0 0
1791089451 1785, 2619, 46, 0x0000000000000000 | 9.19 10.03 9.56 | cpu  2140116110 50790224 270271962 14681548435 1671443 0 10584930 0 0 0
1791089452 1785, 2619, 46, 0x0000000000000000 | 9.19 10.03 9.56 | cpu  2140116758 50790224 270272113 14681574227 1671443 0 10584934 0 0 0
1791089453 1785, 2619, 46, 0x0000000000000000 | 9.19 10.03 9.56 | cpu  2140117362 50790224 270272276 14681599950 1671443 0 10584946 0 0 0
1791089454 1785, 2619, 47, 0x0000000000000000 | 9.19 10.03 9.56 | cpu  2140118008 50790224 270272408 14681625323 1671443 0 10584959 0 0 0
1791089455 1785, 2619, 47, 0x0000000000000000 | 9.19 10.03 9.56 | cpu  2140118625 50790224 270272524 14681651026 1671443 0 10584967 0 0 0
1791089456 1785, 2619, 47, 0x0000000000000000 | 9.10 9.99 9.56 | cpu  2140119239 50790224 270272646 14681676001 1671443 0 10584971 0 0 0
1791089458 1785, 2619, 47, 0x0000000000000000 | 9.10 9.99 9.56 | cpu  2140119788 50790224 270272766 14681701015 1671443 0 10584978 0 0 0
1791089459 1785, 2619, 47, 0x0000000000000000 | 9.10 9.99 9.56 | cpu  2140120442 50790224 270272898 14681726009 1671443 0 10584984 0 0 0
1791089460 1785, 2619, 46, 0x0000000000000000 | 9.10 9.99 9.56 | cpu  2140121054 50790224 270273064 14681750494 1671443 0 10584986 0 0 0
1791089461 1785, 2619, 46, 0x0000000000000000 | 8.93 9.94 9.54 | cpu  2140121686 50790224 270273283 14681775641 1671443 0 10584993 0 0 0
1791089462 1785, 2619, 46, 0x0000000000000000 | 8.93 9.94 9.54 | cpu  2140122309 50790224 270273395 14681802952 1671443 0 10584999 0 0 0
1791089463 1785, 2619, 46, 0x0000000000000000 | 8.93 9.94 9.54 | cpu  2140122984 50790224 270273540 14681828952 1671445 0 10585011 0 0 0
1791089465 1785, 2619, 47, 0x0000000000000000 | 8.93 9.94 9.54 | cpu  2140123586 50790225 270273638 14681853773 1671445 0 10585015 0 0 0
1791089466 1785, 2619, 47, 0x0000000000000000 | 8.69 9.88 9.52 | cpu  2140124174 50790225 270273676 14681878887 1671445 0 10585018 0 0 0
1791089467 1785, 2619, 47, 0x0000000000000000 | 8.69 9.88 9.52 | cpu  2140124761 50790225 270273787 14681903141 1671445 0 10585020 0 0 0
1791089468 1785, 2619, 47, 0x0000000000000000 | 8.69 9.88 9.52 | cpu  2140125312 50790225 270273905 14681928060 1671445 0 10585027 0 0 0
1791089469 1785, 2619, 47, 0x0000000000000000 | 8.69 9.88 9.52 | cpu  2140125911 50790225 270274040 14681953046 1671445 0 10585034 0 0 0
1791089470 1785, 2619, 47, 0x0000000000000000 | 8.69 9.88 9.52 | cpu  2140127094 50790225 270274277 14681978538 1671445 0 10585056 0 0 0
1791089472 1785, 2619, 47, 0x0000000000000000 | 17.45 11.67 10.11 | cpu  2140128216 50790225 270274840 14682002874 1671445 0 10585073 0 0 0
1791089473 1785, 2619, 46, 0x0000000000000000 | 17.45 11.67 10.11 | cpu  2140128821 50790225 270275035 14682028264 1671445 0 10585076 0 0 0
1791089474 1785, 2619, 46, 0x0000000000000000 | 17.45 11.67 10.11 | cpu  2140129442 50790225 270275156 14682052623 1671445 0 10585085 0 0 0
1791089475 1785, 2619, 46, 0x0000000000000000 | 17.45 11.67 10.11 | cpu  2140130084 50790225 270275236 14682079156 1671445 0 10585091 0 0 0
1791089476 1785, 2619, 46, 0x0000000000000000 | 16.45 11.56 10.08 | cpu  2140130684 50790225 270275274 14682105007 1671445 0 10585094 0 0 0
1791089477 1785, 2619, 47, 0x0000000000000000 | 16.45 11.56 10.08 | cpu  2140131215 50790225 270275302 14682130270 1671445 0 10585106 0 0 0
1791089479 1785, 2619, 47, 0x0000000000000000 | 16.45 11.56 10.08 | cpu  2140131818 50790225 270275382 14682155194 1671445 0 10585112 0 0 0
1791089480 1785, 2619, 47, 0x0000000000000000 | 16.45 11.56 10.08 | cpu  2140132435 50790225 270275544 14682180153 1671445 0 10585120 0 0 0
1791089481 1785, 2619, 47, 0x0000000000000000 | 15.69 11.49 10.06 | cpu  2140133100 50790225 270275776 14682206291 1671445 0 10585136 0 0 0
1791089482 1785, 2619, 47, 0x0000000000000000 | 15.69 11.49 10.06 | cpu  2140133752 50790225 270275986 14682233932 1671445 0 10585142 0 0 0
1791089483 1785, 2619, 47, 0x0000000000000000 | 15.69 11.49 10.06 | cpu  2140134390 50790225 270276193 14682258655 1671445 0 10585143 0 0 0
1791089485 1785, 2619, 47, 0x0000000000000000 | 15.69 11.49 10.06 | cpu  2140135024 50790225 270276399 14682283448 1671445 0 10585146 0 0 0
1791089486 1785, 2619, 46, 0x0000000000000000 | 14.84 11.38 10.03 | cpu  2140135616 50790225 270276433 14682308700 1671445 0 10585147 0 0 0
1791089487 1785, 2619, 46, 0x0000000000000000 | 14.84 11.38 10.03 | cpu  2140136220 50790225 270276488 14682334088 1671445 0 10585162 0 0 0
1791089488 1785, 2619, 46, 0x0000000000000000 | 14.84 11.38 10.03 | cpu  2140136767 50790225 270276522 14682360296 1671445 0 10585165 0 0 0
1791089489 1785, 2619, 46, 0x0000000000000000 | 14.84 11.38 10.03 | cpu  2140137356 50790225 270276564 14682385361 1671445 0 10585169 0 0 0
1791089490 1785, 2619, 47, 0x0000000000000000 | 14.84 11.38 10.03 | cpu  2140137967 50790225 270276723 14682409787 1671445 0 10585173 0 0 0
1791089491 1785, 2619, 47, 0x0000000000000000 | 14.29 11.32 10.02 | cpu  2140138588 50790225 270276932 14682434197 1671445 0 10585188 0 0 0
1791089493 1785, 2619, 47, 0x0000000000000000 | 14.29 11.32 10.02 | cpu  2140139220 50790225 270277125 14682460115 1671445 0 10585204 0 0 0
1791089494 1785, 2619, 47, 0x0000000000000000 | 14.29 11.32 10.02 | cpu  2140139856 50790225 270277343 14682485020 1671445 0 10585211 0 0 0
1791089495 1785, 2619, 47, 0x0000000000000000 | 14.29 11.32 10.02 | cpu  2140140509 50790225 270277542 14682510820 1671445 0 10585216 0 0 0
1791089496 1785, 2619, 47, 0x0000000000000000 | 13.70 11.25 10.01 | cpu  2140141111 50790225 270277676 14682535503 1671445 0 10585224 0 0 0
1791089497 1785, 2619, 46, 0x0000000000000000 | 13.70 11.25 10.01 | cpu  2140141634 50790226 270277713 14682560035 1671445 0 10585229 0 0 0
1791089498 1785, 2619, 46, 0x0000000000000000 | 13.70 11.25 10.01 | cpu  2140142243 50790226 270277813 14682585394 1671445 0 10585240 0 0 0
1791089500 1785, 2619, 46, 0x0000000000000000 | 13.70 11.25 10.01 | cpu  2140142827 50790226 270277883 14682609977 1671445 0 10585243 0 0 0
1791089501 1785, 2619, 46, 0x0000000000000000 | 13.17 11.18 9.99 | cpu  2140143430 50790226 270277984 14682634481 1671445 0 10585247 0 0 0
1791089502 1785, 2619, 46, 0x0000000000000000 | 13.17 11.18 9.99 | cpu  2140144063 50790226 270278156 14682659418 1671445 0 10585249 0 0 0
1791089503 1785, 2619, 47, 0x0000000000000000 | 13.17 11.18 9.99 | cpu  2140144648 50790226 270278347 14682684409 1671445 0 10585253 0 0 0
1791089504 1785, 2619, 47, 0x0000000000000000 | 13.17 11.18 9.99 | cpu  2140145298 50790226 270278549 14682709209 1671445 0 10585260 0 0 0
1791089505 1785, 2619, 47, 0x0000000000000000 | 13.17 11.18 9.99 | cpu  2140145925 50790226 270278732 14682734205 1671445 0 10585265 0 0 0
1791089506 1785, 2619, 47, 0x0000000000000000 | 12.67 11.11 9.97 | cpu  2140146537 50790226 270278860 14682759281 1671445 0 10585265 0 0 0
1791089508 1785, 2619, 47, 0x0000000000000000 | 12.67 11.11 9.97 | cpu  2140147102 50790226 270278994 14682784449 1671445 0 10585274 0 0 0
1791089509 1785, 2619, 47, 0x0000000000000000 | 12.67 11.11 9.97 | cpu  2140147676 50790226 270279033 14682809012 1671445 0 10585274 0 0 0
1791089510 1785, 2619, 47, 0x0000000000000000 | 12.67 11.11 9.97 | cpu  2140148384 50790226 270279099 14682834703 1671445 0 10585279 0 0 0
1791089511 1785, 2619, 46, 0x0000000000000000 | 12.22 11.04 9.96 | cpu  2140149022 50790226 270279213 14682860019 1671445 0 10585282 0 0 0
1791089512 1785, 2619, 46, 0x0000000000000000 | 12.22 11.04 9.96 | cpu  2140149594 50790226 270279402 14682885290 1671445 0 10585285 0 0 0
1791089513 1785, 2619, 47, 0x0000000000000000 | 12.22 11.04 9.96 | cpu  2140150235 50790226 270279640 14682910043 1671445 0 10585287 0 0 0
1791089515 1785, 2619, 47, 0x0000000000000000 | 12.22 11.04 9.96 | cpu  2140150905 50790226 270279920 14682935358 1671445 0 10585292 0 0 0
1791089516 1785, 2619, 47, 0x0000000000000000 | 11.72 10.96 9.94 | cpu  2140151512 50790226 270280102 14682959854 1671445 0 10585310 0 0 0
1791089517 1785, 2619, 47, 0x0000000000000000 | 11.72 10.96 9.94 | cpu  2140152119 50790226 270280239 14682987336 1671445 0 10585314 0 0 0
1791089518 1785, 2619, 47, 0x0000000000000000 | 11.72 10.96 9.94 | cpu  2140152741 50790226 270280386 14683012740 1671445 0 10585316 0 0 0
1791089519 1785, 2619, 47, 0x0000000000000000 | 11.72 10.96 9.94 | cpu  2140153365 50790226 270280498 14683038165 1671445 0 10585316 0 0 0
1791089521 1785, 2619, 47, 0x0000000000000000 | 11.42 10.91 9.92 | cpu  2140154016 50790227 270280584 14683064508 1671445 0 10585316 0 0 0
1791089522 1785, 2619, 47, 0x0000000000000000 | 11.42 10.91 9.92 | cpu  2140154659 50790227 270280704 14683090310 1671445 0 10585318 0 0 0
1791089523 1785, 2619, 46, 0x0000000000000000 | 11.42 10.91 9.92 | cpu  2140155249 50790227 270280797 14683115500 1671445 0 10585320 0 0 0
1791089524 1785, 2619, 46, 0x0000000000000000 | 11.42 10.91 9.92 | cpu  2140155881 50790227 270280910 14683140521 1671447 0 10585326 0 0 0
1791089525 1785, 2619, 46, 0x0000000000000000 | 11.42 10.91 9.92 | cpu  2140156510 50790227 270281099 14683165102 1671447 0 10585332 0 0 0
1791089526 1785, 2619, 46, 0x0000000000000000 | 11.07 10.84 9.91 | cpu  2140157118 50790228 270281228 14683190080 1671447 0 10585337 0 0 0
1791089528 1785, 2619, 46, 0x0000000000000000 | 11.07 10.84 9.91 | cpu  2140157677 50790228 270281352 14683215234 1671447 0 10585339 0 0 0
1791089529 1785, 2619, 47, 0x0000000000000000 | 11.07 10.84 9.91 | cpu  2140158302 50790228 270281486 14683240716 1671447 0 10585349 0 0 0
1791089530 1785, 2619, 47, 0x0000000000000000 | 11.07 10.84 9.91 | cpu  2140158957 50790228 270281658 14683267736 1671447 0 10585350 0 0 0
1791089531 1785, 2619, 46, 0x0000000000000000 | 10.90 10.81 9.90 | cpu  2140159592 50790228 270281848 14683292669 1671447 0 10585358 0 0 0
1791089532 1785, 2619, 47, 0x0000000000000000 | 10.90 10.81 9.90 | cpu  2140160159 50790228 270281971 14683317575 1671447 0 10585361 0 0 0
1791089533 1785, 2619, 47, 0x0000000000000000 | 10.90 10.81 9.90 | cpu  2140160786 50790228 270282083 14683342652 1671447 0 10585365 0 0 0
1791089535 1785, 2619, 46, 0x0000000000000000 | 10.90 10.81 9.90 | cpu  2140161426 50790228 270282185 14683367772 1671447 0 10585365 0 0 0
1791089536 1785, 2619, 46, 0x0000000000000000 | 10.43 10.72 9.88 | cpu  2140162030 50790228 270282270 14683393137 1671447 0 10585369 0 0 0
1791089537 1785, 2619, 46, 0x0000000000000000 | 10.43 10.72 9.88 | cpu  2140162650 50790228 270282410 14683421022 1671447 0 10585374 0 0 0
1791089538 1785, 2619, 46, 0x0000000000000000 | 10.43 10.72 9.88 | cpu  2140163260 50790228 270282535 14683446177 1671447 0 10585380 0 0 0
1791089539 1785, 2619, 47, 0x0000000000000000 | 10.43 10.72 9.88 | cpu  2140163868 50790228 270282665 14683470948 1671447 0 10585386 0 0 0
1791089540 1785, 2619, 47, 0x0000000000000000 | 10.43 10.72 9.88 | cpu  2140164505 50790228 270282829 14683496358 1671447 0 10585397 0 0 0
1791089542 1785, 2619, 47, 0x0000000000000000 | 10.31 10.69 9.87 | cpu  2140165143 50790228 270283060 14683521712 1671447 0 10585401 0 0 0
1791089543 1785, 2619, 47, 0x0000000000000000 | 10.31 10.69 9.87 | cpu  2140165751 50790228 270283190 14683547305 1671447 0 10585405 0 0 0
1791089544 1785, 2619, 47, 0x0000000000000000 | 10.31 10.69 9.87 | cpu  2140166405 50790228 270283308 14683572807 1671447 0 10585406 0 0 0
1791089545 1785, 2619, 47, 0x0000000000000000 | 10.31 10.69 9.87 | cpu  2140167016 50790228 270283421 14683597880 1671447 0 10585409 0 0 0
1791089546 1785, 2619, 47, 0x0000000000000000 | 9.89 10.59 9.85 | cpu  2140167599 50790228 270283458 14683623115 1671447 0 10585416 0 0 0
1791089547 1785, 2619, 46, 0x0000000000000000 | 9.89 10.59 9.85 | cpu  2140168983 50790228 270284156 14683645007 1671447 0 10585427 0 0 0
1791089549 1785, 2619, 46, 0x0000000000000000 | 9.89 10.59 9.85 | cpu  2140170950 50790228 270285549 14683666774 1671447 0 10585443 0 0 0
1791089550 1785, 2619, 46, 0x0000000000000000 | 9.89 10.59 9.85 | cpu  2140171789 50790228 270286174 14683692042 1671447 0 10585454 0 0 0
1791089551 1785, 2619, 46, 0x0000000000000000 | 9.74 10.55 9.84 | cpu  2140172356 50790229 270286450 14683716528 1671447 0 10585468 0 0 0
1791089552 1785, 2619, 46, 0x0000000000000000 | 9.74 10.55 9.84 | cpu  2140172880 50790229 270286710 14683741544 1671447 0 10585488 0 0 0
1791089553 1785, 2619, 47, 0x0000000000000000 | 9.74 10.55 9.84 | cpu  2140174161 50790229 270288032 14683765064 1671447 0 10585491 0 0 0
1791089554 1785, 2619, 47, 0x0000000000000000 | 9.74 10.55 9.84 | cpu  2140175655 50790229 270289898 14683786877 1671447 0 10585496 0 0 0
1791089556 1785, 2619, 47, 0x0000000000000000 | 9.74 10.55 9.84 | cpu  2140178460 50790229 270290570 14683808335 1671447 0 10585499 0 0 0
1791089557 1785, 2619, 47, 0x0000000000000000 | 10.80 10.76 9.91 | cpu  2140180224 50790229 270290834 14683831465 1671447 0 10585503 0 0 0
1791089558 1785, 2619, 46, 0x0000000000000000 | 10.80 10.76 9.91 | cpu  2140182392 50790229 270291822 14683853328 1671447 0 10585512 0 0 0
1791089559 1785, 2619, 47, 0x0000000000000000 | 10.80 10.76 9.91 | cpu  2140185134 50790229 270292780 14683875361 1671447 0 10585527 0 0 0
1791089560 1785, 2619, 46, 0x0000000000000000 | 10.80 10.76 9.91 | cpu  2140187566 50790229 270293689 14683897214 1671447 0 10585531 0 0 0
1791089561 1785, 2619, 46, 0x0000000000000000 | 10.41 10.68 9.89 | cpu  2140189212 50790229 270294166 14683920146 1671447 0 10585546 0 0 0
1791089562 1785, 2619, 46, 0x0000000000000000 | 10.41 10.68 9.89 | cpu  2140189745 50790229 270294736 14683945536 1671447 0 10585548 0 0 0
1791089564 1785, 2619, 46, 0x0000000000000000 | 10.41 10.68 9.89 | cpu  2140190594 50790229 270295418 14683970540 1671447 0 10585570 0 0 0
1791089565 1785, 2619, 46, 0x0000000000000000 | 10.41 10.68 9.89 | cpu  2140191426 50790229 270296082 14683995199 1671447 0 10585586 0 0 0
1791089566 1785, 2619, 46, 0x0000000000000000 | 10.38 10.67 9.89 | cpu  2140192182 50790229 270296617 14684019097 1671447 0 10585602 0 0 0
1791089567 1785, 2619, 46, 0x0000000000000000 | 10.38 10.67 9.89 | cpu  2140192878 50790229 270297204 14684043512 1671447 0 10585613 0 0 0
1791089568 1785, 2619, 46, 0x0000000000000000 | 10.38 10.67 9.89 | cpu  2140193542 50790229 270297422 14684068387 1671447 0 10585637 0 0 0
1791089569 1785, 2619, 46, 0x0000000000000000 | 10.38 10.67 9.89 | cpu  2140194018 50790229 270297578 14684093944 1671447 0 10585642 0 0 0
1791089571 1785, 2619, 46, 0x0000000000000000 | 10.38 10.67 9.89 | cpu  2140194501 50790229 270297749 14684119051 1671447 0 10585652 0 0 0
1791089572 1785, 2619, 46, 0x0000000000000000 | 10.27 10.64 9.88 | cpu  2140195123 50790229 270298323 14684144785 1671447 0 10585659 0 0 0
1791089573 1785, 2619, 46, 0x0000000000000000 | 10.27 10.64 9.88 | cpu  2140195934 50790229 270298935 14684168873 1671447 0 10585672 0 0 0
1791089574 1785, 2619, 46, 0x0000000000000000 | 10.27 10.64 9.88 | cpu  2140196690 50790230 270299666 14684193610 1671447 0 10585702 0 0 0
1791089575 1785, 2619, 46, 0x0000000000000000 | 10.27 10.64 9.88 | cpu  2140197482 50790230 270300342 14684218578 1671447 0 10585732 0 0 0
1791089576 1785, 2619, 46, 0x0000000000000000 | 9.93 10.56 9.86 | cpu  2140198244 50790230 270300964 14684243320 1671447 0 10585741 0 0 0
1791089578 1785, 2619, 46, 0x0000000000000000 | 9.93 10.56 9.86 | cpu  2140198828 50790230 270301314 14684267190 1671447 0 10585770 0 0 0
1791089579 1785, 2619, 46, 0x0000000000000000 | 9.93 10.56 9.86 | cpu  2140199360 50790230 270301547 14684292077 1671447 0 10585772 0 0 0
1791089580 1785, 2619, 46, 0x0000000000000000 | 9.93 10.56 9.86 | cpu  2140199843 50790230 270301689 14684316716 1671447 0 10585780 0 0 0
1791089581 1785, 2619, 46, 0x0000000000000000 | 9.77 10.52 9.85 | cpu  2140200612 50790230 270301852 14684342655 1671447 0 10585786 0 0 0
1791089582 1785, 2619, 46, 0x0000000000000000 | 9.77 10.52 9.85 | cpu  2140202117 50790230 270302194 14684366328 1671447 0 10585805 0 0 0
1791089583 1785, 2619, 46, 0x0000000000000000 | 9.77 10.52 9.85 | cpu  2140203974 50790230 270303560 14684388302 1671447 0 10585814 0 0 0
1791089584 1785, 2619, 46, 0x0000000000000000 | 9.77 10.52 9.85 | cpu  2140206170 50790230 270304770 14684409845 1671450 0 10585820 0 0 0
1791089586 1785, 2619, 46, 0x0000000000000000 | 9.77 10.52 9.85 | cpu  2140208102 50790230 270306116 14684431155 1671450 0 10585828 0 0 0
1791089587 1785, 2619, 46, 0x0000000000000000 | 9.55 10.46 9.83 | cpu  2140210291 50790230 270307501 14684454229 1671450 0 10585832 0 0 0
1791089588 1785, 2619, 46, 0x0000000000000000 | 9.55 10.46 9.83 | cpu  2140212122 50790230 270308818 14684475916 1671450 0 10585834 0 0 0
1791089589 1785, 2619, 46, 0x0000000000000000 | 9.55 10.46 9.83 | cpu  2140213019 50790230 270309291 14684500582 1671450 0 10585841 0 0 0
1791089590 1785, 2619, 47, 0x0000000000000000 | 9.55 10.46 9.83 | cpu  2140213576 50790230 270311306 14684524151 1671450 0 10585846 0 0 0
1791089591 1785, 2619, 47, 0x0000000000000000 | 14.47 11.46 10.16 | cpu  2140214259 50790231 270314401 14684546471 1671450 0 10585852 0 0 0
1791089592 1785, 2619, 47, 0x0000000000000000 | 14.47 11.46 10.16 | cpu  2140214933 50790231 270316506 14684568488 1671450 0 10585859 0 0 0
1791089594 1785, 2619, 47, 0x0000000000000000 | 14.47 11.46 10.16 | cpu  2140215647 50790231 270319353 14684589312 1671450 0 10585872 0 0 0
1791089595 1785, 2619, 47, 0x0000000000000000 | 14.47 11.46 10.16 | cpu  2140216444 50790231 270322115 14684610634 1671450 0 10585882 0 0 0
1791089596 1785, 2619, 47, 0x0000000000000000 | 13.87 11.39 10.15 | cpu  2140217486 50790231 270322906 14684634755 1671450 0 10585894 0 0 0
1791089597 1785, 2619, 47, 0x0000000000000000 | 13.87 11.39 10.15 | cpu  2140218339 50790231 270325523 14684656406 1671450 0 10585905 0 0 0
1791089598 1785, 2619, 46, 0x0000000000000000 | 13.87 11.39 10.15 | cpu  2140219280 50790231 270326450 14684679769 1671450 0 10585909 0 0 0
1791089599 1785, 2619, 46, 0x0000000000000000 | 13.87 11.39 10.15 | cpu  2140220335 50790231 270328601 14684702690 1671450 0 10585913 0 0 0
1791089600 1785, 2619, 46, 0x0000000000000000 | 13.87 11.39 10.15 | cpu  2140220929 50790231 270328830 14684727164 1671450 0 10585918 0 0 0
1791089602 1785, 2619, 47, 0x0000000000000000 | 13.24 11.30 10.12 | cpu  2140221574 50790231 270329768 14684751436 1671450 0 10585928 0 0 0
1791089603 1785, 2619, 47, 0x0000000000000000 | 13.24 11.30 10.12 | cpu  2140222186 50790231 270329986 14684775757 1671450 0 10585942 0 0 0
1791089604 1785, 2619, 47, 0x0000000000000000 | 13.24 11.30 10.12 | cpu  2140222822 50790231 270330223 14684801091 1671450 0 10585951 0 0 0
1791089605 1785, 2619, 47, 0x0000000000000000 | 13.24 11.30 10.12 | cpu  2140223450 50790231 270330432 14684825659 1671450 0 10585972 0 0 0
1791089606 1785, 2619, 47, 0x0000000000000000 | 21.55 13.06 10.70 | cpu  2140225036 50790231 270332365 14684847140 1671450 0 10585977 0 0 0
1791089607 1785, 2619, 47, 0x0000000000000000 | 21.55 13.06 10.70 | cpu  2140225671 50790231 270333240 14684870007 1671450 0 10585984 0 0 0
1791089608 1785, 2619, 47, 0x0000000000000000 | 21.55 13.06 10.70 | cpu  2140226285 50790231 270333422 14684895569 1671450 0 10586007 0 0 0
1791089610 1785, 2619, 47, 0x0000000000000000 | 21.55 13.06 10.70 | cpu  2140226918 50790231 270333484 14684920069 1671450 0 10586016 0 0 0
1791089611 1785, 2619, 47, 0x0000000000000000 | 20.47 12.97 10.68 | cpu  2140227656 50790231 270333558 14684945578 1671450 0 10586022 0 0 0
1791089612 1785, 2619, 46, 0x0000000000000000 | 20.47 12.97 10.68 | cpu  2140228362 50790231 270333746 14684971010 1671450 0 10586047 0 0 0
1791089613 1785, 2619, 46, 0x0000000000000000 | 20.47 12.97 10.68 | cpu  2140229128 50790231 270333931 14684996853 1671450 0 10586065 0 0 0
1791089614 1785, 2619, 46, 0x0000000000000000 | 20.47 12.97 10.68 | cpu  2140229842 50790231 270334187 14685021048 1671450 0 10586101 0 0 0
1791089615 1785, 2619, 46, 0x0000000000000000 | 20.47 12.97 10.68 | cpu  2140230770 50790231 270335493 14685043962 1671450 0 10586125 0 0 0
1791089617 1785, 2619, 46, 0x0000000000000000 | 23.39 13.70 10.93 | cpu  2140231323 50790231 270338028 14685066243 1671450 0 10586128 0 0 0
1791089618 1785, 2619, 46, 0x0000000000000000 | 23.39 13.70 10.93 | cpu  2140232046 50790231 270340795 14685088234 1671450 0 10586135 0 0 0
1791089619 1785, 2619, 47, 0x0000000000000000 | 23.39 13.70 10.93 | cpu  2140232871 50790231 270342863 14685110976 1671450 0 10586141 0 0 0
1791089620 1785, 2619, 47, 0x0000000000000000 | 23.39 13.70 10.93 | cpu  2140233783 50790231 270344182 14685133942 1671450 0 10586147 0 0 0
1791089621 1785, 2619, 46, 0x0000000000000000 | 22.24 13.62 10.92 | cpu  2140234740 50790231 270346310 14685157023 1671450 0 10586154 0 0 0
1791089622 1785, 2619, 47, 0x0000000000000000 | 22.24 13.62 10.92 | cpu  2140235801 50790231 270347615 14685180572 1671450 0 10586170 0 0 0
1791089623 1785, 2619, 47, 0x0000000000000000 | 22.24 13.62 10.92 | cpu  2140236799 50790231 270349265 14685202319 1671450 0 10586182 0 0 0
1791089625 1785, 2619, 46, 0x0000000000000000 | 22.24 13.62 10.92 | cpu  2140237309 50790231 270349586 14685226562 1671450 0 10586190 0 0 0
1791089626 1785, 2619, 46, 0x0000000000000000 | 20.94 13.50 10.89 | cpu  2140237816 50790231 270349836 14685251240 1671450 0 10586203 0 0 0
1791089627 1785, 2619, 46, 0x0000000000000000 | 20.94 13.50 10.89 | cpu  2140238230 50790231 270349976 14685276113 1671450 0 10586208 0 0 0
1791089628 1785, 2619, 46, 0x0000000000000000 | 20.94 13.50 10.89 | cpu  2140238943 50790231 270350773 14685300642 1671450 0 10586212 0 0 0
1791089629 1785, 2619, 46, 0x0000000000000000 | 20.94 13.50 10.89 | cpu  2140239527 50790231 270350806 14685325900 1671450 0 10586216 0 0 0
1791089630 1785, 2619, 47, 0x0000000000000000 | 20.94 13.50 10.89 | cpu  2140240127 50790231 270350888 14685351362 1671450 0 10586223 0 0 0
1791089631 1785, 2619, 47, 0x0000000000000000 | 19.82 13.39 10.87 | cpu  2140241506 50790231 270352797 14685372695 1671450 0 10586232 0 0 0
1791089632 1785, 2619, 47, 0x0000000000000000 | 19.82 13.39 10.87 | cpu  2140242320 50790231 270353712 14685394951 1671450 0 10586244 0 0 0
1791089634 1785, 2619, 47, 0x0000000000000000 | 19.82 13.39 10.87 | cpu  2140242970 50790231 270353914 14685419803 1671450 0 10586259 0 0 0
1791089635 1785, 2619, 47, 0x0000000000000000 | 19.82 13.39 10.87 | cpu  2140243606 50790231 270354116 14685444521 1671450 0 10586268 0 0 0
1791089636 1785, 2619, 47, 0x0000000000000000 | 18.80 13.28 10.85 | cpu  2140244238 50790231 270354304 14685469401 1671450 0 10586283 0 0 0
1791089637 1785, 2619, 47, 0x0000000000000000 | 18.80 13.28 10.85 | cpu  2140244806 50790231 270354446 14685494666 1671450 0 10586289 0 0 0
1791089638 1785, 2619, 47, 0x0000000000000000 | 18.80 13.28 10.85 | cpu  2140245428 50790231 270354508 14685520802 1671450 0 10586290 0 0 0
1791089639 1785, 2619, 47, 0x0000000000000000 | 18.80 13.28 10.85 | cpu  2140245989 50790231 270354568 14685545525 1671450 0 10586304 0 0 0
1791089641 1785, 2619, 47, 0x0000000000000000 | 18.80 13.28 10.85 | cpu  2140247018 50790231 270356348 14685567285 1671450 0 10586316 0 0 0
1791089642 1785, 2619, 46, 0x0000000000000000 | 17.61 13.13 10.82 | cpu  2140247899 50790231 270357802 14685589199 1671450 0 10586330 0 0 0
1791089643 1785, 2619, 47, 0x0000000000000000 | 17.61 13.13 10.82 | cpu  2140248603 50790232 270358305 14685615016 1671450 0 10586347 0 0 0
1791089644 1785, 2619, 47, 0x0000000000000000 | 17.61 13.13 10.82 | cpu  2140249413 50790232 270358873 14685638249 1671452 0 10586376 0 0 0
1791089645 1785, 2619, 47, 0x0000000000000000 | 17.61 13.13 10.82 | cpu  2140250274 50790232 270359429 14685661972 1671452 0 10586395 0 0 0
1791089646 1785, 2619, 47, 0x0000000000000000 | 16.84 13.04 10.80 | cpu  2140250939 50790232 270359828 14685688814 1671452 0 10586408 0 0 0
1791089647 1785, 2619, 47, 0x0000000000000000 | 16.84 13.04 10.80 | cpu  2140251752 50790232 270360193 14685713843 1671452 0 10586414 0 0 0
1791089649 1785, 2619, 47, 0x0000000000000000 | 16.84 13.04 10.80 | cpu  2140252308 50790232 270360496 14685738557 1671452 0 10586422 0 0 0
1791089650 1785, 2619, 47, 0x0000000000000000 | 16.84 13.04 10.80 | cpu  2140253270 50790232 270362614 14685760949 1671452 0 10586425 0 0 0
1791089651 1785, 2619, 47, 0x0000000000000000 | 15.97 12.93 10.77 | cpu  2140253883 50790232 270362770 14685785571 1671452 0 10586427 0 0 0
1791089652 1785, 2619, 47, 0x0000000000000000 | 15.97 12.93 10.77 | cpu  2140254557 50790232 270362968 14685809520 1671452 0 10586432 0 0 0
1791089653 1785, 2619, 46, 0x0000000000000000 | 15.97 12.93 10.77 | cpu  2140255232 50790232 270363149 14685834123 1671452 0 10586432 0 0 0
1791089654 1785, 2619, 46, 0x0000000000000000 | 15.97 12.93 10.77 | cpu  2140256038 50790232 270363374 14685857958 1671452 0 10586441 0 0 0
1791089655 1785, 2619, 46, 0x0000000000000000 | 15.97 12.93 10.77 | cpu  2140256808 50790232 270363754 14685881674 1671452 0 10586453 0 0 0
1791089657 1785, 2619, 46, 0x0000000000000000 | 15.25 12.83 10.75 | cpu  2140257374 50790232 270363946 14685905927 1671452 0 10586466 0 0 0
1791089658 1785, 2619, 47, 0x0000000000000000 | 15.25 12.83 10.75 | cpu  2140258078 50790232 270364173 14685931467 1671452 0 10586479 0 0 0
1791089659 1785, 2619, 47, 0x0000000000000000 | 15.25 12.83 10.75 | cpu  2140258986 50790232 270364452 14685956319 1671452 0 10586497 0 0 0
1791089660 1785, 2619, 47, 0x0000000000000000 | 15.25 12.83 10.75 | cpu  2140259845 50790232 270364864 14685980405 1671452 0 10586510 0 0 0
1791089661 1785, 2619, 47, 0x0000000000000000 | 14.99 12.81 10.76 | cpu  2140260673 50790232 270365256 14686006321 1671452 0 10586520 0 0 0
1791089662 1785, 2619, 47, 0x0000000000000000 | 14.99 12.81 10.76 | cpu  2140261721 50790232 270365562 14686030197 1671452 0 10586530 0 0 0
1791089663 1785, 2619, 47, 0x0000000000000000 | 14.99 12.81 10.76 | cpu  2140262900 50790232 270365781 14686054344 1671452 0 10586532 0 0 0
1791089665 1785, 2619, 46, 0x0000000000000000 | 14.99 12.81 10.76 | cpu  2140266620 50790232 270366003 14686076193 1671452 0 10586543 0 0 0
1791089666 1785, 2619, 46, 0x0000000000000000 | 14.27 12.70 10.74 | cpu  2140270274 50790232 270366209 14686097873 1671452 0 10586551 0 0 0
1791089667 1785, 2619, 46, 0x0000000000000000 | 14.27 12.70 10.74 | cpu  2140272185 50790232 270366353 14686120181 1671452 0 10586561 0 0 0
1791089668 1785, 2619, 46, 0x0000000000000000 | 14.27 12.70 10.74 | cpu  2140272852 50790232 270366519 14686145742 1671452 0 10586574 0 0 0
1791089669 1785, 2619, 47, 0x0000000000000000 | 14.27 12.70 10.74 | cpu  2140273454 50790232 270366673 14686170403 1671452 0 10586583 0 0 0
1791089670 1785, 2619, 47, 0x0000000000000000 | 14.27 12.70 10.74 | cpu  2140274090 50790232 270366864 14686196265 1671452 0 10586588 0 0 0
1791089672 1785, 2619, 47, 0x0000000000000000 | 13.69 12.61 10.71 | cpu  2140274737 50790232 270367254 14686220071 1671452 0 10586611 0 0 0
1791089673 1785, 2619, 47, 0x0000000000000000 | 13.69 12.61 10.71 | cpu  2140275394 50790232 270367534 14686244379 1671452 0 10586628 0 0 0
1791089674 1785, 2619, 47, 0x0000000000000000 | 13.69 12.61 10.71 | cpu  2140276062 50790232 270367715 14686269167 1671452 0 10586639 0 0 0
1791089675 1785, 2619, 47, 0x0000000000000000 | 13.69 12.61 10.71 | cpu  2140276725 50790232 270367916 14686294830 1671452 0 10586641 0 0 0
1791089676 1785, 2619, 46, 0x0000000000000000 | 13.07 12.50 10.69 | cpu  2140277300 50790232 270368755 14686318937 1671452 0 10586650 0 0 0
1791089677 1785, 2619, 46, 0x0000000000000000 | 13.07 12.50 10.69 | cpu  2140277867 50790232 270368801 14686343638 1671452 0 10586652 0 0 0
1791089678 1785, 2619, 46, 0x0000000000000000 | 13.07 12.50 10.69 | cpu  2140278432 50790232 270368911 14686367652 1671452 0 10586654 0 0 0
1791089680 1785, 2619, 46, 0x0000000000000000 | 13.07 12.50 10.69 | cpu  2140279036 50790232 270369060 14686393344 1671452 0 10586660 0 0 0
1791089681 1785, 2619, 46, 0x0000000000000000 | 12.59 12.40 10.67 | cpu  2140279619 50790232 270369204 14686417943 1671452 0 10586663 0 0 0
1791089682 1785, 2619, 46, 0x0000000000000000 | 12.59 12.40 10.67 | cpu  2140280181 50790232 270369397 14686442922 1671452 0 10586670 0 0 0
1791089683 1785, 2619, 46, 0x0000000000000000 | 12.59 12.40 10.67 | cpu  2140280842 50790232 270369637 14686468393 1671452 0 10586686 0 0 0
1791089684 1785, 2619, 47, 0x0000000000000000 | 12.59 12.40 10.67 | cpu  2140281495 50790232 270369837 14686494151 1671452 0 10586689 0 0 0
1791089685 1785, 2619, 47, 0x0000000000000000 | 12.59 12.40 10.67 | cpu  2140282129 50790232 270370028 14686519598 1671452 0 10586691 0 0 0
1791089687 1785, 2619, 47, 0x0000000000000000 | 12.06 12.30 10.64 | cpu  2140282655 50790232 270370117 14686544011 1671452 0 10586694 0 0 0
1791089688 1785, 2619, 47, 0x0000000000000000 | 12.06 12.30 10.64 | cpu  2140283238 50790232 270370165 14686569465 1671452 0 10586694 0 0 0
1791089689 1785, 2619, 46, 0x0000000000000000 | 12.06 12.30 10.64 | cpu  2140283816 50790232 270370224 14686595486 1671452 0 10586694 0 0 0
1791089690 1785, 2619, 46, 0x0000000000000000 | 12.06 12.30 10.64 | cpu  2140284414 50790232 270370348 14686620599 1671452 0 10586697 0 0 0
1791089691 1785, 2619, 46, 0x0000000000000000 | 11.57 12.19 10.62 | cpu  2140284956 50790232 270370486 14686645448 1671452 0 10586699 0 0 0
1791089692 1785, 2619, 46, 0x0000000000000000 | 11.57 12.19 10.62 | cpu  2140285610 50790232 270370708 14686670787 1671452 0 10586704 0 0 0
1791089694 1785, 2619, 46, 0x0000000000000000 | 11.57 12.19 10.62 | cpu  2140286237 50790232 270370936 14686695254 1671452 0 10586716 0 0 0
1791089695 1785, 2619, 47, 0x0000000000000000 | 11.57 12.19 10.62 | cpu  2140286892 50790232 270371171 14686720609 1671452 0 10586728 0 0 0
1791089696 1785, 2619, 47, 0x0000000000000000 | 11.13 12.09 10.59 | cpu  2140287526 50790232 270371374 14686748492 1671452 0 10586731 0 0 0
1791089697 1785, 2619, 47, 0x0000000000000000 | 11.13 12.09 10.59 | cpu  2140288108 50790232 270371436 14686773768 1671452 0 10586733 0 0 0
1791089698 1785, 2619, 47, 0x0000000000000000 | 11.13 12.09 10.59 | cpu  2140288670 50790232 270371482 14686798504 1671452 0 10586737 0 0 0
1791089699 1785, 2619, 47, 0x0000000000000000 | 11.13 12.09 10.59 | cpu  2140289274 50790232 270371535 14686823135 1671452 0 10586740 0 0 0
1791089701 1785, 2619, 47, 0x0000000000000000 | 11.13 12.09 10.59 | cpu  2140289829 50790232 270371590 14686847397 1671452 0 10586745 0 0 0
1791089702 1785, 2619, 46, 0x0000000000000000 | 10.80 12.00 10.57 | cpu  2140290426 50790232 270371796 14686873247 1671452 0 10586749 0 0 0
1791089703 1785, 2619, 46, 0x0000000000000000 | 10.80 12.00 10.57 | cpu  2140291077 50790232 270372078 14686898491 1671452 0 10586750 0 0 0
1791089704 1785, 2619, 46, 0x0000000000000000 | 10.80 12.00 10.57 | cpu  2140291735 50790232 270372292 14686923340 1671454 0 10586761 0 0 0
1791089705 1785, 2619, 46, 0x0000000000000000 | 10.80 12.00 10.57 | cpu  2140292398 50790232 270372534 14686948833 1671454 0 10586778 0 0 0
1791089706 1785, 2619, 46, 0x0000000000000000 | 10.65 11.95 10.57 | cpu  2140292972 50790232 270372730 14686973978 1671454 0 10586786 0 0 0
1791089708 1785, 2619, 46, 0x0000000000000000 | 10.65 11.95 10.57 | cpu  2140293553 50790232 270372932 14686998569 1671454 0 10586788 0 0 0
1791089709 1785, 2619, 46, 0x0000000000000000 | 10.65 11.95 10.57 | cpu  2140294139 50790232 270373039 14687023534 1671454 0 10586792 0 0 0
1791089710 1785, 2619, 46, 0x0000000000000000 | 10.65 11.95 10.57 | cpu  2140294714 50790232 270373097 14687049105 1671454 0 10586795 0 0 0
1791089711 1785, 2619, 46, 0x0000000000000000 | 10.28 11.86 10.54 | cpu  2140295237 50790232 270373144 14687074379 1671454 0 10586796 0 0 0
1791089712 1785, 2619, 47, 0x0000000000000000 | 10.28 11.86 10.54 | cpu  2140295814 50790232 270373243 14687098436 1671454 0 10586798 0 0 0
1791089713 1785, 2619, 47, 0x0000000000000000 | 10.28 11.86 10.54 | cpu  2140296433 50790232 270373446 14687123258 1671454 0 10586815 0 0 0
1791089714 1785, 2619, 46, 0x0000000000000000 | 10.28 11.86 10.54 | cpu  2140297066 50790232 270373668 14687148082 1671454 0 10586826 0 0 0
1791089716 1785, 2619, 46, 0x0000000000000000 | 10.28 11.86 10.54 | cpu  2140297684 50790232 270373887 14687172779 1671454 0 10586830 0 0 0
1791089717 1785, 2619, 46, 0x0000000000000000 | 10.02 11.77 10.52 | cpu  2140298252 50790232 270374081 14687197750 1671454 0 10586843 0 0 0
1791089718 1785, 2619, 46, 0x0000000000000000 | 10.02 11.77 10.52 | cpu  2140298846 50790232 270374226 14687222137 1671454 0 10586848 0 0 0
1791089719 1785, 2619, 46, 0x0000000000000000 | 10.02 11.77 10.52 | cpu  2140299426 50790232 270374360 14687246684 1671454 0 10586860 0 0 0
1791089720 1785, 2619, 47, 0x0000000000000000 | 10.02 11.77 10.52 | cpu  2140300008 50790232 270374415 14687271966 1671454 0 10586860 0 0 0
1791089721 1785, 2619, 47, 0x0000000000000000 | 9.62 11.66 10.49 | cpu  2140300538 50790232 270374474 14687297091 1671454 0 10586865 0 0 0
1791089722 1785, 2619, 47, 0x0000000000000000 | 9.62 11.66 10.49 | cpu  2140301164 50790232 270374650 14687322314 1671454 0 10586872 0 0 0
1791089724 1785, 2619, 47, 0x0000000000000000 | 9.62 11.66 10.49 | cpu  2140301785 50790232 270374941 14687346694 1671454 0 10586880 0 0 0
1791089725 1785, 2619, 47, 0x0000000000000000 | 9.62 11.66 10.49 | cpu  2140302443 50790232 270375346 14687372062 1671454 0 10586890 0 0 0
1791089726 1785, 2619, 47, 0x0000000000000000 | 9.57 11.62 10.48 | cpu  2140303138 50790232 270375747 14687399795 1671454 0 10586919 0 0 0
1791089727 1785, 2619, 46, 0x0000000000000000 | 9.57 11.62 10.48 | cpu  2140303758 50790232 270376028 14687424241 1671454 0 10586922 0 0 0
1791089728 1785, 2619, 46, 0x0000000000000000 | 9.57 11.62 10.48 | cpu  2140304364 50790232 270376289 14687448944 1671454 0 10586932 0 0 0
1791089729 1785, 2619, 46, 0x0000000000000000 | 9.57 11.62 10.48 | cpu  2140304982 50790232 270376537 14687473825 1671454 0 10586937 0 0 0
1791089731 1785, 2619, 46, 0x0000000000000000 | 9.57 11.62 10.48 | cpu  2140305563 50790232 270376700 14687498380 1671454 0 10586944 0 0 0
1791089732 1785, 2619, 46, 0x0000000000000000 | 9.36 11.54 10.46 | cpu  2140306101 50790232 270376772 14687524182 1671454 0 10586948 0 0 0
1791089733 1785, 2619, 46, 0x0000000000000000 | 9.36 11.54 10.46 | cpu  2140306713 50790232 270376894 14687549259 1671454 0 10586950 0 0 0
1791089734 1785, 2619, 46, 0x0000000000000000 | 9.36 11.54 10.46 | cpu  2140307341 50790232 270377013 14687574562 1671454 0 10586952 0 0 0
1791089735 1785, 2619, 46, 0x0000000000000000 | 9.36 11.54 10.46 | cpu  2140307971 50790232 270377134 14687599968 1671454 0 10586953 0 0 0
1791089736 1785, 2619, 46, 0x0000000000000000 | 9.33 11.50 10.46 | cpu  2140308529 50790232 270377332 14687624540 1671454 0 10586961 0 0 0
1791089738 1785, 2619, 46, 0x0000000000000000 | 9.33 11.50 10.46 | cpu  2140309140 50790232 270377479 14687650183 1671454 0 10586962 0 0 0
1791089739 1785, 2619, 46, 0x0000000000000000 | 9.33 11.50 10.46 | cpu  2140309740 50790232 270377620 14687675520 1671454 0 10586962 0 0 0
1791089740 1785, 2619, 46, 0x0000000000000000 | 9.33 11.50 10.46 | cpu  2140310343 50790232 270377777 14687700439 1671454 0 10586965 0 0 0
1791089741 1785, 2619, 46, 0x0000000000000000 | 9.06 11.41 10.43 | cpu  2140310916 50790232 270377912 14687726489 1671454 0 10586966 0 0 0
1791089742 1785, 2619, 46, 0x0000000000000000 | 9.06 11.41 10.43 | cpu  2140311538 50790232 270378079 14687752002 1671454 0 10586978 0 0 0
1791089743 1785, 2619, 46, 0x0000000000000000 | 9.06 11.41 10.43 | cpu  2140312165 50790232 270378224 14687777305 1671454 0 10586986 0 0 0
1791089745 1785, 2619, 46, 0x0000000000000000 | 9.06 11.41 10.43 | cpu  2140312840 50790232 270378350 14687802693 1671454 0 10586992 0 0 0
1791089746 1785, 2619, 46, 0x0000000000000000 | 8.90 11.33 10.41 | cpu  2140313445 50790232 270378468 14687829820 1671454 0 10586996 0 0 0
1791089747 1785, 2619, 46, 0x0000000000000000 | 8.90 11.33 10.41 | cpu  2140314043 50790233 270378573 14687855107 1671454 0 10586996 0 0 0
1791089748 1785, 2619, 47, 0x0000000000000000 | 8.90 11.33 10.41 | cpu  2140314657 50790233 270378716 14687880689 1671454 0 10587000 0 0 0
1791089749 1785, 2619, 47, 0x0000000000000000 | 8.90 11.33 10.41 | cpu  2140315280 50790233 270378867 14687906925 1671454 0 10587002 0 0 0
1791089751 1785, 2619, 47, 0x0000000000000000 | 8.91 11.29 10.41 | cpu  2140315891 50790233 270379014 14687935014 1671454 0 10587005 0 0 0
1791089752 1785, 2619, 47, 0x0000000000000000 | 8.91 11.29 10.41 | cpu  2140316512 50790233 270379201 14687959708 1671454 0 10587017 0 0 0
1791089753 1785, 2619, 47, 0x0000000000000000 | 8.91 11.29 10.41 | cpu  2140317150 50790233 270379444 14687984438 1671454 0 10587030 0 0 0
1791089754 1785, 2619, 47, 0x0000000000000000 | 8.91 11.29 10.41 | cpu  2140317767 50790233 270379592 14688009036 1671454 0 10587031 0 0 0
1791089755 1785, 2619, 46, 0x0000000000000000 | 8.91 11.29 10.41 | cpu  2140318406 50790233 270379823 14688034723 1671454 0 10587031 0 0 0
1791089757 1785, 2619, 46, 0x0000000000000000 | 8.75 11.22 10.39 | cpu  2140318953 50790233 270380030 14688059421 1671454 0 10587034 0 0 0
1791089758 1785, 2619, 46, 0x0000000000000000 | 8.75 11.22 10.39 | cpu  2140319514 50790233 270380089 14688084103 1671454 0 10587034 0 0 0
1791089759 1785, 2619, 46, 0x0000000000000000 | 8.75 11.22 10.39 | cpu  2140320106 50790233 270380181 14688109304 1671454 0 10587038 0 0 0
1791089760 1785, 2619, 46, 0x0000000000000000 | 8.75 11.22 10.39 | cpu  2140320714 50790233 270380328 14688134405 1671454 0 10587044 0 0 0
1791089761 1785, 2619, 46, 0x0000000000000000 | 8.21 11.07 10.34 | cpu  2140321253 50790233 270380454 14688159356 1671454 0 10587044 0 0 0
1791089762 1785, 2619, 46, 0x0000000000000000 | 8.21 11.07 10.34 | cpu  2140321923 50790233 270380729 14688185944 1671454 0 10587060 0 0 0
1791089764 1785, 2619, 46, 0x0000000000000000 | 8.21 11.07 10.34 | cpu  2140322567 50790233 270380987 14688211202 1671454 0 10587068 0 0 0
1791089765 1785, 2619, 46, 0x0000000000000000 | 8.21 11.07 10.34 | cpu  2140323198 50790233 270381187 14688235660 1671456 0 10587073 0 0 0
1791089766 1785, 2619, 46, 0x0000000000000000 | 7.80 10.93 10.30 | cpu  2140323772 50790233 270381312 14688261414 1671456 0 10587079 0 0 0
1791089767 1785, 2619, 46, 0x0000000000000000 | 7.80 10.93 10.30 | cpu  2140324367 50790233 270381410 14688286784 1671456 0 10587079 0 0 0
1791089768 1785, 2619, 46, 0x0000000000000000 | 7.80 10.93 10.30 | cpu  2140324952 50790234 270381467 14688312018 1671456 0 10587086 0 0 0
1791089769 1785, 2619, 46, 0x0000000000000000 | 7.80 10.93 10.30 | cpu  2140325556 50790234 270381523 14688338470 1671456 0 10587090 0 0 0
1791089771 1785, 2619, 46, 0x0000000000000000 | 7.80 10.93 10.30 | cpu  2140326156 50790234 270381648 14688363019 1671456 0 10587105 0 0 0
1791089772 1785, 2619, 46, 0x0000000000000000 | 7.81 10.89 10.29 | cpu  2140326710 50790234 270381794 14688388066 1671456 0 10587112 0 0 0
1791089773 1785, 2619, 46, 0x0000000000000000 | 7.81 10.89 10.29 | cpu  2140327354 50790234 270382133 14688413203 1671456 0 10587121 0 0 0
1791089774 1785, 2619, 46, 0x0000000000000000 | 7.81 10.89 10.29 | cpu  2140327997 50790234 270382438 14688438337 1671456 0 10587131 0 0 0
1791089775 1785, 2619, 46, 0x0000000000000000 | 7.81 10.89 10.29 | cpu  2140328631 50790234 270382662 14688463237 1671456 0 10587139 0 0 0
1791089776 1785, 2619, 46, 0x0000000000000000 | 7.51 10.77 10.25 | cpu  2140329190 50790234 270382850 14688487525 1671456 0 10587146 0 0 0
1791089777 1785, 2619, 46, 0x0000000000000000 | 7.51 10.77 10.25 | cpu  2140329792 50790234 270382977 14688512952 1671456 0 10587146 0 0 0
1791089779 1785, 2619, 46, 0x0000000000000000 | 7.51 10.77 10.25 | cpu  2140330372 50790234 270383028 14688538634 1671456 0 10587147 0 0 0
1791089780 1785, 2619, 46, 0x0000000000000000 | 7.51 10.77 10.25 | cpu  2140330937 50790234 270383072 14688563313 1671456 0 10587147 0 0 0
1791089781 1785, 2619, 46, 0x0000000000000000 | 7.63 10.74 10.25 | cpu  2140331466 50790234 270383117 14688588807 1671456 0 10587150 0 0 0
1791089782 1785, 2619, 46, 0x0000000000000000 | 7.63 10.74 10.25 | cpu  2140332072 50790234 270383217 14688613953 1671456 0 10587152 0 0 0
1791089783 1785, 2619, 46, 0x0000000000000000 | 7.63 10.74 10.25 | cpu  2140332691 50790236 270383448 14688638783 1671456 0 10587158 0 0 0
1791089784 1785, 2619, 46, 0x0000000000000000 | 7.63 10.74 10.25 | cpu  2140333463 50790236 270383728 14688664319 1671456 0 10587185 0 0 0
1791089786 1785, 2619, 46, 0x0000000000000000 | 7.58 10.68 10.23 | cpu  2140334227 50790236 270384046 14688692516 1671456 0 10587216 0 0 0
1791089787 1785, 2619, 46, 0x0000000000000000 | 7.58 10.68 10.23 | cpu  2140334996 50790236 270384356 14688717539 1671456 0 10587239 0 0 0
1791089788 1785, 2619, 47, 0x0000000000000000 | 7.58 10.68 10.23 | cpu  2140335643 50790236 270384544 14688742671 1671456 0 10587255 0 0 0
1791089789 1785, 2619, 47, 0x0000000000000000 | 7.58 10.68 10.23 | cpu  2140336228 50790236 270384606 14688768119 1671456 0 10587258 0 0 0
1791089790 1785, 2619, 47, 0x0000000000000000 | 7.58 10.68 10.23 | cpu  2140336809 50790236 270384658 14688793424 1671456 0 10587259 0 0 0
1791089792 1785, 2619, 47, 0x0000000000000000 | 7.37 10.58 10.20 | cpu  2140337329 50790236 270384705 14688818494 1671456 0 10587260 0 0 0
1791089793 1785, 2619, 47, 0x0000000000000000 | 7.37 10.58 10.20 | cpu  2140337952 50790236 270384805 14688843708 1671456 0 10587262 0 0 0
1791089794 1785, 2619, 46, 0x0000000000000000 | 7.37 10.58 10.20 | cpu  2140338566 50790236 270384998 14688868672 1671456 0 10587266 0 0 0
1791089795 1785, 2619, 46, 0x0000000000000000 | 7.37 10.58 10.20 | cpu  2140339222 50790236 270385206 14688893631 1671456 0 10587277 0 0 0
1791089796 1785, 2619, 46, 0x0000000000000000 | 7.42 10.54 10.19 | cpu  2140339787 50790236 270385400 14688917990 1671456 0 10587286 0 0 0
1791089797 1785, 2619, 46, 0x0000000000000000 | 7.42 10.54 10.19 | cpu  2140340403 50790236 270385623 14688942871 1671456 0 10587297 0 0 0
1791089799 1785, 2619, 46, 0x0000000000000000 | 7.42 10.54 10.19 | cpu  2140341012 50790236 270385764 14688968584 1671456 0 10587302 0 0 0
1791089800 1785, 2619, 46, 0x0000000000000000 | 7.42 10.54 10.19 | cpu  2140341635 50790236 270385910 14688993881 1671456 0 10587310 0 0 0
1791089801 1785, 2619, 46, 0x0000000000000000 | 7.23 10.45 10.16 | cpu  2140342155 50790236 270385955 14689018806 1671456 0 10587310 0 0 0
1791089802 1785, 2619, 46, 0x0000000000000000 | 7.23 10.45 10.16 | cpu  2140342737 50790236 270386014 14689044327 1671456 0 10587310 0 0 0
1791089803 1785, 2619, 46, 0x0000000000000000 | 7.23 10.45 10.16 | cpu  2140343351 50790236 270386130 14689069807 1671456 0 10587311 0 0 0
1791089804 1785, 2619, 46, 0x0000000000000000 | 7.23 10.45 10.16 | cpu  2140344021 50790236 270386267 14689094598 1671456 0 10587318 0 0 0
1791089806 1785, 2619, 47, 0x0000000000000000 | 7.23 10.45 10.16 | cpu  2140344663 50790236 270386490 14689121456 1671456 0 10587323 0 0 0
1791089807 1785, 2619, 47, 0x0000000000000000 | 7.37 10.42 10.16 | cpu  2140345309 50790237 270386806 14689145998 1671456 0 10587330 0 0 0
1791089808 1785, 2619, 46, 0x0000000000000000 | 7.37 10.42 10.16 | cpu  2140345934 50790237 270387086 14689171254 1671456 0 10587341 0 0 0
1791089809 1785, 2619, 46, 0x0000000000000000 | 7.37 10.42 10.16 | cpu  2140346539 50790237 270387222 14689196635 1671456 0 10587354 0 0 0
1791089810 1785, 2619, 46, 0x0000000000000000 | 7.37 10.42 10.16 | cpu  2140347155 50790237 270387380 14689222257 1671456 0 10587360 0 0 0
1791089811 1785, 2619, 46, 0x0000000000000000 | 7.26 10.35 10.13 | cpu  2140347691 50790237 270387499 14689246775 1671456 0 10587364 0 0 0
1791089813 1785, 2619, 46, 0x0000000000000000 | 7.26 10.35 10.13 | cpu  2140348284 50790237 270387578 14689272729 1671456 0 10587365 0 0 0
1791089814 1785, 2619, 46, 0x0000000000000000 | 7.26 10.35 10.13 | cpu  2140348908 50790237 270387726 14689297792 1671456 0 10587369 0 0 0
1791089815 1785, 2619, 46, 0x0000000000000000 | 7.26 10.35 10.13 | cpu  2140349530 50790237 270387841 14689322753 1671456 0 10587372 0 0 0
1791089816 1785, 2619, 46, 0x0000000000000000 | 7.16 10.28 10.11 | cpu  2140350038 50790237 270387990 14689347526 1671456 0 10587374 0 0 0
1791089817 1785, 2619, 46, 0x0000000000000000 | 7.16 10.28 10.11 | cpu  2140350640 50790237 270388240 14689372909 1671456 0 10587384 0 0 0
1791089818 1785, 2619, 46, 0x0000000000000000 | 7.16 10.28 10.11 | cpu  2140351226 50790237 270388428 14689398422 1671456 0 10587392 0 0 0
1791089820 1785, 2619, 47, 0x0000000000000000 | 7.16 10.28 10.11 | cpu  2140351788 50790237 270388658 14689423903 1671456 0 10587395 0 0 0
1791089821 1785, 2619, 47, 0x0000000000000000 | 7.14 10.22 10.09 | cpu  2140352276 50790237 270388884 14689450005 1671456 0 10587400 0 0 0
1791089822 1785, 2619, 46, 0x0000000000000000 | 7.14 10.22 10.09 | cpu  2140352830 50790237 270389251 14689476078 1671458 0 10587413 0 0 0
1791089823 1785, 2619, 46, 0x0000000000000000 | 7.14 10.22 10.09 | cpu  2140353364 50790237 270389627 14689501399 1671458 0 10587430 0 0 0
1791089824 1785, 2619, 46, 0x0000000000000000 | 7.14 10.22 10.09 | cpu  2140353873 50790237 270389872 14689526137 1671460 0 10587434 0 0 0
1791089826 1785, 2619, 46, 0x0000000000000000 | 7.14 10.22 10.09 | cpu  2140354499 50790237 270390128 14689554552 1671460 0 10587446 0 0 0
1791089827 1785, 2619, 46, 0x0000000000000000 | 7.53 10.25 10.10 | cpu  2140355996 50790238 270390400 14689579265 1671460 0 10587461 0 0 0
1791089828 1785, 2619, 47, 0x0000000000000000 | 7.53 10.25 10.10 | cpu  2140357655 50790238 270391235 14689602536 1671460 0 10587485 0 0 0
1791089829 1785, 2619, 47, 0x0000000000000000 | 7.53 10.25 10.10 | cpu  2140359773 50790238 270392814 14689624825 1671460 0 10587502 0 0 0
1791089830 1785, 2619, 47, 0x0000000000000000 | 7.53 10.25 10.10 | cpu  2140361732 50790238 270394073 14689646079 1671460 0 10587515 0 0 0
1791089831 1785, 2619, 47, 0x0000000000000000 | 7.73 10.25 10.10 | cpu  2140363652 50790238 270395357 14689668066 1671460 0 10587522 0 0 0
1791089832 1785, 2619, 47, 0x0000000000000000 | 7.73 10.25 10.10 | cpu  2140365682 50790238 270396745 14689689178 1671460 0 10587531 0 0 0
1791089834 1785, 2619, 47, 0x0000000000000000 | 7.73 10.25 10.10 | cpu  2140367390 50790238 270397832 14689710358 1671460 0 10587545 0 0 0
1791089835 1785, 2619, 47, 0x0000000000000000 | 7.73 10.25 10.10 | cpu  2140368000 50790238 270400580 14689731582 1671460 0 10587556 0 0 0
1791089836 1785, 2619, 46, 0x0000000000000000 | 7.73 10.25 10.10 | cpu  2140368538 50790238 270402561 14689752308 1671460 0 10587567 0 0 0
1791089837 1785, 2619, 46, 0x0000000000000000 | 16.64 12.06 10.69 | cpu  2140369202 50790238 270405415 14689773426 1671460 0 10587578 0 0 0
1791089838 1785, 2619, 46, 0x0000000000000000 | 16.64 12.06 10.69 | cpu  2140369915 50790238 270408278 14689795327 1671460 0 10587587 0 0 0
1791089839 1785, 2619, 46, 0x0000000000000000 | 16.64 12.06 10.69 | cpu  2140370719 50790238 270411050 14689817284 1671460 0 10587594 0 0 0
1791089840 1785, 2619, 46, 0x0000000000000000 | 16.64 12.06 10.69 | cpu  2140371361 50790238 270411826 14689841099 1671460 0 10587600 0 0 0
1791089841 1785, 2619, 46, 0x0000000000000000 | 24.60 13.78 11.25 | cpu  2140372470 50790238 270414143 14689862385 1671460 0 10587607 0 0 0
1791089842 1785, 2619, 47, 0x0000000000000000 | 24.60 13.78 11.25 | cpu  2140373466 50790238 270415701 14689885721 1671460 0 10587616 0 0 0
1791089844 1785, 2619, 46, 0x0000000000000000 | 24.60 13.78 11.25 | cpu  2140374550 50790238 270417915 14689908647 1671460 0 10587626 0 0 0
1791089845 1785, 2619, 47, 0x0000000000000000 | 24.60 13.78 11.25 | cpu  2140375204 50790238 270418208 14689933090 1671460 0 10587628 0 0 0
1791089846 1785, 2619, 47, 0x0000000000000000 | 29.52 14.98 11.66 | cpu  2140375871 50790238 270419138 14689956416 1671460 0 10587637 0 0 0
1791089847 1785, 2619, 47, 0x0000000000000000 | 29.52 14.98 11.66 | cpu  2140376526 50790238 270419349 14689981611 1671460 0 10587648 0 0 0
1791089848 1785, 2619, 46, 0x0000000000000000 | 29.52 14.98 11.66 | cpu  2140377130 50790238 270419497 14690006800 1671460 0 10587657 0 0 0
1791089849 1785, 2619, 46, 0x0000000000000000 | 29.52 14.98 11.66 | cpu  2140378340 50790238 270420263 14690030607 1671460 0 10587664 0 0 0
1791089851 1785, 2619, 46, 0x0000000000000000 | 29.52 14.98 11.66 | cpu  2140379454 50790239 270422018 14690053239 1671460 0 10587671 0 0 0
1791089852 1785, 2619, 46, 0x0000000000000000 | 27.79 14.86 11.64 | cpu  2140380317 50790239 270422556 14690077687 1671460 0 10587691 0 0 0
1791089853 1785, 2619, 46, 0x0000000000000000 | 27.79 14.86 11.64 | cpu  2140380982 50790239 270422744 14690102499 1671460 0 10587696 0 0 0
1791089854 1785, 2619, 46, 0x0000000000000000 | 27.79 14.86 11.64 | cpu  2140381613 50790239 270422960 14690127236 1671460 0 10587704 0 0 0
1791089855 1785, 2619, 46, 0x0000000000000000 | 27.79 14.86 11.64 | cpu  2140382316 50790239 270424035 14690153117 1671460 0 10587706 0 0 0
1791089856 1785, 2619, 46, 0x0000000000000000 | 26.45 14.80 11.63 | cpu  2140382972 50790239 270424214 14690178025 1671460 0 10587733 0 0 0
1791089858 1785, 2619, 46, 0x0000000000000000 | 26.45 14.80 11.63 | cpu  2140383618 50790239 270424345 14690203840 1671460 0 10587740 0 0 0
1791089859 1785, 2619, 46, 0x0000000000000000 | 26.45 14.80 11.63 | cpu  2140384501 50790239 270425530 14690227341 1671460 0 10587746 0 0 0
1791089860 1785, 2619, 46, 0x0000000000000000 | 26.45 14.80 11.63 | cpu  2140385158 50790239 270427076 14690251245 1671460 0 10587752 0 0 0
1791089861 1785, 2619, 46, 0x0000000000000000 | 27.37 15.18 11.77 | cpu  2140385760 50790239 270429370 14690272857 1671460 0 10587756 0 0 0
1791089862 1785, 2619, 46, 0x0000000000000000 | 27.37 15.18 11.77 | cpu  2140386519 50790239 270432052 14690294227 1671460 0 10587756 0 0 0
1791089863 1785, 2619, 46, 0x0000000000000000 | 27.37 15.18 11.77 | cpu  2140387216 50790239 270433205 14690318000 1671460 0 10587764 0 0 0
1791089864 1785, 2619, 46, 0x0000000000000000 | 27.37 15.18 11.77 | cpu  2140388421 50790239 270435570 14690340318 1671460 0 10587778 0 0 0
1791089866 1785, 2619, 46, 0x0000000000000000 | 27.37 15.18 11.77 | cpu  2140389356 50790239 270437192 14690362165 1671460 0 10587784 0 0 0
1791089867 1785, 2619, 46, 0x0000000000000000 | 25.90 15.08 11.76 | cpu  2140390376 50790239 270438502 14690384973 1671460 0 10587795 0 0 0
1791089868 1785, 2619, 46, 0x0000000000000000 | 25.90 15.08 11.76 | cpu  2140391238 50790239 270439779 14690407559 1671460 0 10587807 0 0 0
1791089869 1785, 2619, 46, 0x0000000000000000 | 25.90 15.08 11.76 | cpu  2140391715 50790239 270439962 14690432940 1671460 0 10587811 0 0 0
1791089870 1785, 2619, 46, 0x0000000000000000 | 25.90 15.08 11.76 | cpu  2140392190 50790239 270440206 14690459174 1671460 0 10587812 0 0 0
1791089871 1785, 2619, 46, 0x0000000000000000 | 24.31 14.93 11.73 | cpu  2140392863 50790239 270441147 14690483189 1671460 0 10587814 0 0 0
1791089873 1785, 2619, 46, 0x0000000000000000 | 24.31 14.93 11.73 | cpu  2140393442 50790239 270441226 14690507671 1671460 0 10587814 0 0 0
1791089874 1785, 2619, 46, 0x0000000000000000 | 24.31 14.93 11.73 | cpu  2140394077 50790239 270441366 14690532596 1671460 0 10587820 0 0 0
1791089875 1785, 2619, 46, 0x0000000000000000 | 24.31 14.93 11.73 | cpu  2140395096 50790239 270442728 14690555465 1671460 0 10587823 0 0 0
1791089876 1785, 2619, 46, 0x0000000000000000 | 22.92 14.80 11.70 | cpu  2140396198 50790239 270444292 14690578040 1671460 0 10587825 0 0 0
1791089877 1785, 2619, 46, 0x0000000000000000 | 22.92 14.80 11.70 | cpu  2140396892 50790239 270444488 14690602317 1671460 0 10587828 0 0 0
1791089878 1785, 2619, 46, 0x0000000000000000 | 22.92 14.80 11.70 | cpu  2140397482 50790239 270444646 14690626556 1671460 0 10587832 0 0 0
1791089879 1785, 2619, 46, 0x0000000000000000 | 22.92 14.80 11.70 | cpu  2140398120 50790239 270444792 14690651885 1671460 0 10587839 0 0 0
1791089880 1785, 2619, 46, 0x0000000000000000 | 22.92 14.80 11.70 | cpu  2140398656 50790239 270444918 14690676098 1671460 0 10587844 0 0 0
1791089882 1785, 2619, 46, 0x0000000000000000 | 21.65 14.67 11.68 | cpu  2140399239 50790239 270444975 14690700716 1671460 0 10587846 0 0 0
1791089883 1785, 2619, 47, 0x0000000000000000 | 21.65 14.67 11.68 | cpu  2140399820 50790239 270445036 14690725268 1671460 0 10587850 0 0 0
1791089884 1785, 2619, 46, 0x0000000000000000 | 21.65 14.67 11.68 | cpu  2140400630 50790239 270446067 14690748845 1671460 0 10587856 0 0 0
1791089885 1785, 2619, 46, 0x0000000000000000 | 21.65 14.67 11.68 | cpu  2140401659 50790239 270447729 14690772813 1671460 0 10587862 0 0 0
1791089886 1785, 2619, 46, 0x0000000000000000 | 20.55 14.56 11.66 | cpu  2140402456 50790239 270448548 14690797219 1671463 0 10587870 0 0 0
1791089887 1785, 2619, 46, 0x0000000000000000 | 20.55 14.56 11.66 | cpu  2140403278 50790239 270448916 14690822810 1671463 0 10587876 0 0 0
1791089889 1785, 2619, 46, 0x0000000000000000 | 20.55 14.56 11.66 | cpu  2140403960 50790239 270449102 14690847016 1671463 0 10587878 0 0 0
1791089890 1785, 2619, 46, 0x0000000000000000 | 20.55 14.56 11.66 | cpu  2140404771 50790239 270449352 14690871446 1671463 0 10587881 0 0 0
1791089891 1785, 2619, 46, 0x0000000000000000 | 19.47 14.43 11.63 | cpu  2140405532 50790239 270449661 14690897096 1671463 0 10587894 0 0 0
1791089892 1785, 2619, 47, 0x0000000000000000 | 19.47 14.43 11.63 | cpu  2140406138 50790239 270450271 14690922365 1671463 0 10587906 0 0 0
1791089893 1785, 2619, 47, 0x0000000000000000 | 19.47 14.43 11.63 | cpu  2140407099 50790239 270451390 14690945824 1671463 0 10587916 0 0 0
1791089894 1785, 2619, 47, 0x0000000000000000 | 19.47 14.43 11.63 | cpu  2140408074 50790239 270451660 14690970492 1671463 0 10587918 0 0 0
1791089896 1785, 2619, 47, 0x0000000000000000 | 19.47 14.43 11.63 | cpu  2140408636 50790239 270451801 14690994854 1671463 0 10587918 0 0 0
1791089897 1785, 2619, 46, 0x0000000000000000 | 18.39 14.29 11.60 | cpu  2140409446 50790239 270452053 14691018638 1671463 0 10587920 0 0 0
1791089898 1785, 2619, 46, 0x0000000000000000 | 18.39 14.29 11.60 | cpu  2140410077 50790239 270452227 14691042892 1671463 0 10587921 0 0 0
1791089899 1785, 2619, 46, 0x0000000000000000 | 18.39 14.29 11.60 | cpu  2140410873 50790239 270452436 14691066976 1671463 0 10587928 0 0 0
1791089900 1785, 2619, 46, 0x0000000000000000 | 18.39 14.29 11.60 | cpu  2140411397 50790239 270452658 14691093728 1671463 0 10587940 0 0 0
1791089901 1785, 2619, 46, 0x0000000000000000 | 17.40 14.16 11.57 | cpu  2140412250 50790239 270452858 14691117833 1671463 0 10587964 0 0 0
1791089902 1785, 2619, 46, 0x0000000000000000 | 17.40 14.16 11.57 | cpu  2140413170 50790239 270453155 14691142941 1671463 0 10587994 0 0 0
1791089904 1785, 2619, 47, 0x0000000000000000 | 17.40 14.16 11.57 | cpu  2140414038 50790241 270453504 14691166814 1671463 0 10588012 0 0 0
1791089905 1785, 2619, 47, 0x0000000000000000 | 17.40 14.16 11.57 | cpu  2140414706 50790241 270453744 14691191044 1671463 0 10588018 0 0 0
1791089906 1785, 2619, 47, 0x0000000000000000 | 17.40 14.16 11.57 | cpu  2140415752 50790241 270453852 14691214800 1671463 0 10588022 0 0 0
1791089907 1785, 2619, 47, 0x0000000000000000 | 16.56 14.04 11.55 | cpu  2140418993 50790241 270453954 14691236570 1671463 0 10588034 0 0 0
1791089908 1785, 2619, 47, 0x0000000000000000 | 16.56 14.04 11.55 | cpu  2140422520 50790241 270454060 14691257635 1671463 0 10588040 0 0 0
1791089909 1785, 2619, 47, 0x0000000000000000 | 16.56 14.04 11.55 | cpu  2140425458 50790241 270454094 14691279709 1671463 0 10588045 0 0 0
1791089910 1785, 2619, 46, 0x0000000000000000 | 16.56 14.04 11.55 | cpu  2140425984 50790241 270454221 14691304032 1671463 0 10588063 0 0 0
1791089911 1785, 2619, 46, 0x0000000000000000 | 15.80 13.92 11.52 | cpu  2140426565 50790241 270454352 14691328330 1671463 0 10588076 0 0 0
1791089912 1785, 2619, 46, 0x0000000000000000 | 15.80 13.92 11.52 | cpu  2140427150 50790241 270454500 14691352727 1671463 0 10588096 0 0 0
1791089914 1785, 2619, 46, 0x0000000000000000 | 15.80 13.92 11.52 | cpu  2140427807 50790241 270454726 14691378304 1671463 0 10588122 0 0 0
1791089915 1785, 2619, 46, 0x0000000000000000 | 15.80 13.92 11.52 | cpu  2140428456 50790241 270454952 14691406309 1671463 0 10588135 0 0 0
1791089916 1785, 2619, 46, 0x0000000000000000 | 15.01 13.79 11.49 | cpu  2140429070 50790241 270455137 14691431127 1671463 0 10588140 0 0 0
1791089917 1785, 2619, 46, 0x0000000000000000 | 15.01 13.79 11.49 | cpu  2140429726 50790241 270455296 14691457076 1671463 0 10588140 0 0 0
1791089918 1785, 2619, 47, 0x0000000000000000 | 15.01 13.79 11.49 | cpu  2140430301 50790241 270455394 14691482033 1671463 0 10588148 0 0 0
1791089920 1785, 2619, 47, 0x0000000000000000 | 15.01 13.79 11.49 | cpu  2140430873 50790241 270455442 14691506902 1671463 0 10588148 0 0 0
1791089921 1785, 2619, 47, 0x0000000000000000 | 15.01 13.79 11.49 | cpu  2140431402 50790241 270455500 14691532420 1671463 0 10588150 0 0 0
1791089922 1785, 2619, 47, 0x0000000000000000 | 14.29 13.66 11.46 | cpu  2140432009 50790241 270455636 14691557961 1671463 0 10588166 0 0 0
1791089923 1785, 2619, 46, 0x0000000000000000 | 14.29 13.66 11.46 | cpu  2140432604 50790241 270455820 14691582416 1671463 0 10588168 0 0 0
1791089924 1785, 2619, 46, 0x0000000000000000 | 14.29 13.66 11.46 | cpu  2140433245 50790241 270456061 14691607701 1671463 0 10588172 0 0 0
1791089925 1785, 2619, 46, 0x0000000000000000 | 14.29 13.66 11.46 | cpu  2140433818 50790241 270456247 14691632148 1671463 0 10588174 0 0 0
1791089927 1785, 2619, 46, 0x0000000000000000 | 13.71 13.55 11.44 | cpu  2140434476 50790241 270456464 14691657423 1671463 0 10588182 0 0 0
1791089928 1785, 2619, 46, 0x0000000000000000 | 13.71 13.55 11.44 | cpu  2140435090 50790242 270456628 14691682012 1671463 0 10588183 0 0 0
1791089929 1785, 2619, 46, 0x0000000000000000 | 13.71 13.55 11.44 | cpu  2140435660 50790242 270456674 14691707413 1671463 0 10588185 0 0 0
1791089930 1785, 2619, 46, 0x0000000000000000 | 13.71 13.55 11.44 | cpu  2140436183 50790242 270456722 14691732263 1671463 0 10588186 0 0 0
1791089931 1785, 2619, 47, 0x0000000000000000 | 13.09 13.42 11.41 | cpu  2140436740 50790242 270456768 14691756667 1671463 0 10588187 0 0 0
1791089932 1785, 2619, 47, 0x0000000000000000 | 13.09 13.42 11.41 | cpu  2140437310 50790242 270456828 14691781803 1671463 0 10588187 0 0 0
1791089933 1785, 2619, 47, 0x0000000000000000 | 13.09 13.42 11.41 | cpu  2140437944 50790242 270457020 14691807156 1671463 0 10588194 0 0 0
1791089935 1785, 2619, 47, 0x0000000000000000 | 13.09 13.42 11.41 | cpu  2140438563 50790242 270457249 14691832032 1671463 0 10588199 0 0 0
1791089936 1785, 2619, 46, 0x0000000000000000 | 13.09 13.42 11.41 | cpu  2140439153 50790242 270457448 14691857414 1671463 0 10588212 0 0 0
1791089937 1785, 2619, 46, 0x0000000000000000 | 12.84 13.36 11.40 | cpu  2140439787 50790242 270457669 14691882323 1671463 0 10588216 0 0 0
1791089938 1785, 2619, 46, 0x0000000000000000 | 12.84 13.36 11.40 | cpu  2140440393 50790242 270457876 14691906953 1671463 0 10588229 0 0 0
1791089939 1785, 2619, 46, 0x0000000000000000 | 12.84 13.36 11.40 | cpu  2140440998 50790242 270457990 14691932511 1671463 0 10588232 0 0 0
1791089940 1785, 2619, 46, 0x0000000000000000 | 12.84 13.36 11.40 | cpu  2140441529 50790242 270458035 14691957861 1671463 0 10588236 0 0 0
1791089942 1785, 2619, 46, 0x0000000000000000 | 12.21 13.22 11.37 | cpu  2140442087 50790242 270458096 14691982564 1671463 0 10588237 0 0 0
1791089943 1785, 2619, 46, 0x0000000000000000 | 12.21 13.22 11.37 | cpu  2140442667 50790242 270458141 14692007975 1671463 0 10588237 0 0 0
1791089944 1785, 2619, 46, 0x0000000000000000 | 12.21 13.22 11.37 | cpu  2140443305 50790242 270458272 14692034346 1671463 0 10588242 0 0 0
1791089945 1785, 2619, 46, 0x0000000000000000 | 12.21 13.22 11.37 | cpu  2140443954 50790242 270458517 14692059928 1671463 0 10588258 0 0 0
1791089946 1785, 2619, 46, 0x0000000000000000 | 11.80 13.12 11.34 | cpu  2140444581 50790243 270458736 14692084411 1671465 0 10588282 0 0 0
1791089947 1785, 2619, 46, 0x0000000000000000 | 11.80 13.12 11.34 | cpu  2140445243 50790243 270458954 14692109274 1671465 0 10588306 0 0 0
1791089949 1785, 2619, 46, 0x0000000000000000 | 11.80 13.12 11.34 | cpu  2140445850 50790243 270459136 14692133910 1671465 0 10588319 0 0 0
1791089950 1785, 2619, 46, 0x0000000000000000 | 11.80 13.12 11.34 | cpu  2140446444 50790243 270459341 14692161060 1671465 0 10588324 0 0 0
1791089951 1785, 2619, 46, 0x0000000000000000 | 11.41 13.02 11.32 | cpu  2140447046 50790243 270459551 14692186027 1671465 0 10588344 0 0 0
1791089952 1785, 2619, 47, 0x0000000000000000 | 11.41 13.02 11.32 | cpu  2140447646 50790243 270459707 14692211685 1671465 0 10588360 0 0 0
1791089953 1785, 2619, 47, 0x0000000000000000 | 11.41 13.02 11.32 | cpu  2140448240 50790243 270459885 14692236461 1671465 0 10588362 0 0 0
1791089954 1785, 2619, 47, 0x0000000000000000 | 11.41 13.02 11.32 | cpu  2140448876 50790243 270460122 14692261928 1671465 0 10588368 0 0 0
1791089956 1785, 2619, 47, 0x0000000000000000 | 11.41 13.02 11.32 | cpu  2140449455 50790244 270460327 14692286518 1671465 0 10588374 0 0 0
1791089957 1785, 2619, 47, 0x0000000000000000 | 11.22 12.95 11.31 | cpu  2140450098 50790244 270460641 14692311609 1671465 0 10588382 0 0 0
1791089958 1785, 2619, 47, 0x0000000000000000 | 11.22 12.95 11.31 | cpu  2140450915 50790244 270460931 14692336627 1671465 0 10588409 0 0 0
1791089959 1785, 2619, 47, 0x0000000000000000 | 11.22 12.95 11.31 | cpu  2140451696 50790244 270461149 14692362688 1671465 0 10588438 0 0 0
1791089960 1785, 2619, 46, 0x0000000000000000 | 11.22 12.95 11.31 | cpu  2140452388 50790244 270461344 14692387592 1671465 0 10588467 0 0 0
1791089961 1785, 2619, 46, 0x0000000000000000 | 10.88 12.85 11.28 | cpu  2140453044 50790244 270461514 14692412312 1671465 0 10588484 0 0 0
1791089963 1785, 2619, 46, 0x0000000000000000 | 10.88 12.85 11.28 | cpu  2140453613 50790244 270461609 14692436968 1671465 0 10588487 0 0 0
1791089964 1785, 2619, 46, 0x0000000000000000 | 10.88 12.85 11.28 | cpu  2140454210 50790244 270461722 14692462049 1671465 0 10588495 0 0 0
1791089965 1785, 2619, 46, 0x0000000000000000 | 10.88 12.85 11.28 | cpu  2140454771 50790244 270461845 14692487474 1671465 0 10588495 0 0 0
1791089966 1785, 2619, 46, 0x0000000000000000 | 10.57 12.76 11.26 | cpu  2140455444 50790244 270462070 14692513427 1671465 0 10588502 0 0 0
1791089967 1785, 2619, 47, 0x0000000000000000 | 10.57 12.76 11.26 | cpu  2140456094 50790244 270462261 14692539253 1671465 0 10588509 0 0 0
1791089968 1785, 2619, 47, 0x0000000000000000 | 10.57 12.76 11.26 | cpu  2140456708 50790244 270462573 14692563093 1671465 0 10588522 0 0 0
1791089970 1785, 2619, 47, 0x0000000000000000 | 10.57 12.76 11.26 | cpu  2140457312 50790244 270462760 14692588060 1671465 0 10588543 0 0 0
1791089971 1785, 2619, 47, 0x0000000000000000 | 10.57 12.76 11.26 | cpu  2140457853 50790244 270462885 14692613574 1671465 0 10588545 0 0 0
1791089972 1785, 2619, 47, 0x0000000000000000 | 10.20 12.64 11.23 | cpu  2140458448 50790244 270463034 14692638640 1671465 0 10588550 0 0 0
1791089973 1785, 2619, 47, 0x0000000000000000 | 10.20 12.64 11.23 | cpu  2140459042 50790244 270463186 14692663257 1671465 0 10588573 0 0 0
1791089974 1785, 2619, 46, 0x0000000000000000 | 10.20 12.64 11.23 | cpu  2140459666 50790244 270463361 14692688551 1671465 0 10588596 0 0 0
1791089975 1785, 2619, 46, 0x0000000000000000 | 10.20 12.64 11.23 | cpu  2140460224 50790244 270463491 14692713646 1671465 0 10588598 0 0 0
1791089977 1785, 2619, 46, 0x0000000000000000 | 9.87 12.53 11.20 | cpu  2140460830 50790244 270463622 14692738594 1671465 0 10588601 0 0 0
1791089978 1785, 2619, 47, 0x0000000000000000 | 9.87 12.53 11.20 | cpu  2140461456 50790244 270463742 14692763885 1671465 0 10588606 0 0 0
1791089979 1785, 2619, 47, 0x0000000000000000 | 9.87 12.53 11.20 | cpu  2140462042 50790244 270463827 14692788658 1671465 0 10588609 0 0 0
1791089980 1785, 2619, 47, 0x0000000000000000 | 9.87 12.53 11.20 | cpu  2140462593 50790244 270463965 14692813886 1671465 0 10588620 0 0 0
1791089981 1785, 2619, 47, 0x0000000000000000 | 9.64 12.44 11.18 | cpu  2140463199 50790244 270464142 14692839418 1671465 0 10588626 0 0 0
1791089982 1785, 2619, 47, 0x0000000000000000 | 9.64 12.44 11.18 | cpu  2140463803 50790244 270464343 14692864323 1671465 0 10588635 0 0 0
1791089983 1785, 2619, 47, 0x0000000000000000 | 9.64 12.44 11.18 | cpu  2140464432 50790244 270464505 14692889789 1671465 0 10588638 0 0 0
1791089985 1785, 2619, 47, 0x0000000000000000 | 9.64 12.44 11.18 | cpu  2140465154 50790244 270464751 14692916882 1671465 0 10588650 0 0 0
1791089986 1785, 2619, 47, 0x0000000000000000 | 9.50 12.37 11.16 | cpu  2140465775 50790244 270464912 14692941705 1671465 0 10588665 0 0 0
1791089987 1785, 2619, 46, 0x0000000000000000 | 9.50 12.37 11.16 | cpu  2140466398 50790244 270465033 14692966936 1671465 0 10588669 0 0 0
1791089988 1785, 2619, 46, 0x0000000000000000 | 9.50 12.37 11.16 | cpu  2140467022 50790244 270465147 14692992763 1671465 0 10588672 0 0 0
1791089989 1785, 2619, 46, 0x0000000000000000 | 9.50 12.37 11.16 | cpu  2140467622 50790244 270465200 14693018249 1671465 0 10588675 0 0 0
1791089991 1785, 2619, 46, 0x0000000000000000 | 9.50 12.37 11.16 | cpu  2140468120 50790244 270465268 14693042030 1671465 0 10588675 0 0 0
1791089992 1785, 2619, 46, 0x0000000000000000 | 9.22 12.26 11.13 | cpu  2140468738 50790244 270465404 14693067907 1671465 0 10588675 0 0 0
1791089993 1785, 2619, 47, 0x0000000000000000 | 9.22 12.26 11.13 | cpu  2140469350 50790244 270465569 14693092947 1671465 0 10588682 0 0 0
1791089994 1785, 2619, 47, 0x0000000000000000 | 9.22 12.26 11.13 | cpu  2140469982 50790244 270465787 14693118303 1671465 0 10588695 0 0 0
1791089995 1785, 2619, 47, 0x0000000000000000 | 9.22 12.26 11.13 | cpu  2140470594 50790244 270466080 14693144573 1671465 0 10588703 0 0 0
1791089996 1785, 2619, 47, 0x0000000000000000 | 9.13 12.19 11.12 | cpu  2140471240 50790244 270466292 14693169480 1671465 0 10588711 0 0 0
1791089998 1785, 2619, 46, 0x0000000000000000 | 9.13 12.19 11.12 | cpu  2140471848 50790244 270466444 14693194227 1671465 0 10588716 0 0 0
1791089999 1785, 2619, 46, 0x0000000000000000 | 9.13 12.19 11.12 | cpu  2140472444 50790245 270466534 14693219467 1671465 0 10588722 0 0 0
1791090000 1785, 2619, 46, 0x0000000000000000 | 9.13 12.19 11.12 | cpu  2140472946 50790245 270466578 14693243504 1671465 0 10588724 0 0 0
1791090001 1785, 2619, 46, 0x0000000000000000 | 8.80 12.07 11.08 | cpu  2140473541 50790245 270466619 14693269171 1671465 0 10588724 0 0 0
1791090002 1785, 2619, 46, 0x0000000000000000 | 8.80 12.07 11.08 | cpu  2140474144 50790245 270466728 14693294429 1671465 0 10588726 0 0 0
1791090003 1785, 2619, 46, 0x0000000000000000 | 8.80 12.07 11.08 | cpu  2140474772 50790245 270466928 14693319733 1671465 0 10588738 0 0 0
1791090005 1785, 2619, 46, 0x0000000000000000 | 8.80 12.07 11.08 | cpu  2140475424 50790246 270467162 14693348270 1671465 0 10588741 0 0 0
1791090006 1785, 2619, 46, 0x0000000000000000 | 8.80 12.07 11.08 | cpu  2140476067 50790246 270467408 14693373726 1671467 0 10588754 0 0 0
1791090007 1785, 2619, 46, 0x0000000000000000 | 8.73 12.00 11.07 | cpu  2140476728 50790246 270467641 14693399175 1671467 0 10588784 0 0 0
1791090008 1785, 2619, 46, 0x0000000000000000 | 8.73 12.00 11.07 | cpu  2140477367 50790246 270467860 14693424226 1671467 0 10588787 0 0 0
1791090009 1785, 2619, 46, 0x0000000000000000 | 8.73 12.00 11.07 | cpu  2140477948 50790246 270467946 14693449348 1671467 0 10588790 0 0 0
1791090011 1785, 2619, 46, 0x0000000000000000 | 8.73 12.00 11.07 | cpu  2140478469 50790246 270468003 14693474617 1671467 0 10588793 0 0 0
1791090012 1785, 2619, 46, 0x0000000000000000 | 8.51 11.90 11.04 | cpu  2140479042 50790246 270468055 14693499597 1671467 0 10588795 0 0 0
1791090013 1785, 2619, 46, 0x0000000000000000 | 8.51 11.90 11.04 | cpu  2140479625 50790246 270468106 14693525006 1671467 0 10588796 0 0 0
1791090014 1785, 2619, 46, 0x0000000000000000 | 8.51 11.90 11.04 | cpu  2140480244 50790246 270468253 14693550744 1671467 0 10588796 0 0 0
1791090015 1785, 2619, 46, 0x0000000000000000 | 8.51 11.90 11.04 | cpu  2140480835 50790246 270468487 14693576345 1671467 0 10588808 0 0 0
1791090016 1785, 2619, 46, 0x0000000000000000 | 8.47 11.84 11.02 | cpu  2140481501 50790246 270468735 14693601258 1671467 0 10588822 0 0 0
1791090017 1785, 2619, 46, 0x0000000000000000 | 8.47 11.84 11.02 | cpu  2140482238 50790246 270469266 14693625748 1671467 0 10588852 0 0 0
1791090019 1785, 2619, 46, 0x0000000000000000 | 8.47 11.84 11.02 | cpu  2140482996 50790247 270469617 14693651268 1671467 0 10588890 0 0 0
1791090020 1785, 2619, 46, 0x0000000000000000 | 8.47 11.84 11.02 | cpu  2140483633 50790247 270470077 14693674663 1671467 0 10588902 0 0 0
1791090021 1785, 2619, 47, 0x0000000000000000 | 8.43 11.77 11.01 | cpu  2140484315 50790247 270470277 14693699575 1671467 0 10588903 0 0 0
1791090022 1785, 2619, 47, 0x0000000000000000 | 8.43 11.77 11.01 | cpu  2140484958 50790247 270470443 14693724878 1671467 0 10588905 0 0 0
1791090023 1785, 2619, 46, 0x0000000000000000 | 8.43 11.77 11.01 | cpu  2140485566 50790248 270470575 14693749945 1671467 0 10588906 0 0 0
1791090024 1785, 2619, 46, 0x0000000000000000 | 8.43 11.77 11.01 | cpu  2140486188 50790248 270470708 14693778014 1671467 0 10588919 0 0 0
1791090026 1785, 2619, 46, 0x0000000000000000 | 8.43 11.77 11.01 | cpu  2140486790 50790248 270470889 14693802530 1671467 0 10588930 0 0 0
1791090027 1785, 2619, 46, 0x0000000000000000 | 8.40 11.71 10.99 | cpu  2140487411 50790248 270471105 14693826868 1671467 0 10588936 0 0 0
1791090028 1785, 2619, 46, 0x0000000000000000 | 8.40 11.71 10.99 | cpu  2140488067 50790248 270472419 14693850434 1671467 0 10588962 0 0 0
1791090029 1785, 2619, 46, 0x0000000000000000 | 8.40 11.71 10.99 | cpu  2140488679 50790248 270472643 14693875160 1671467 0 10588973 0 0 0
1791090030 1785, 2619, 46, 0x0000000000000000 | 8.40 11.71 10.99 | cpu  2140489282 50790248 270472876 14693900466 1671467 0 10588986 0 0 0
1791090031 1785, 2619, 46, 0x0000000000000000 | 8.29 11.63 10.97 | cpu  2140489908 50790248 270473140 14693926195 1671467 0 10588989 0 0 0
1791090033 1785, 2619, 46, 0x0000000000000000 | 8.29 11.63 10.97 | cpu  2140490504 50790248 270473256 14693951834 1671467 0 10588992 0 0 0
1791090034 1785, 2619, 46, 0x0000000000000000 | 8.29 11.63 10.97 | cpu  2140491095 50790248 270473400 14693976777 1671467 0 10588994 0 0 0
1791090035 1785, 2619, 46, 0x0000000000000000 | 8.29 11.63 10.97 | cpu  2140491644 50790248 270473509 14694001475 1671467 0 10588999 0 0 0
1791090036 1785, 2619, 46, 0x0000000000000000 | 8.18 11.56 10.95 | cpu  2140492264 50790248 270473630 14694026522 1671467 0 10589000 0 0 0
1791090037 1785, 2619, 46, 0x0000000000000000 | 8.18 11.56 10.95 | cpu  2140492908 50790248 270473813 14694052144 1671467 0 10589012 0 0 0
1791090039 1785, 2619, 46, 0x0000000000000000 | 8.18 11.56 10.95 | cpu  2140493579 50790248 270474038 14694078544 1671467 0 10589015 0 0 0
1791090040 1785, 2619, 46, 0x0000000000000000 | 8.18 11.56 10.95 | cpu  2140494122 50790248 270474190 14694103265 1671467 0 10589016 0 0 0
1791090041 1785, 2619, 46, 0x0000000000000000 | 8.18 11.56 10.95 | cpu  2140494706 50790248 270474332 14694127821 1671467 0 10589018 0 0 0
1791090042 1785, 2619, 46, 0x0000000000000000 | 8.09 11.48 10.93 | cpu  2140495332 50790248 270474490 14694153225 1671467 0 10589024 0 0 0
1791090043 1785, 2619, 46, 0x0000000000000000 | 8.09 11.48 10.93 | cpu  2140495970 50790248 270474626 14694179032 1671467 0 10589027 0 0 0
1791090044 1785, 2619, 46, 0x0000000000000000 | 8.09 11.48 10.93 | cpu  2140496564 50790248 270474728 14694204073 1671467 0 10589028 0 0 0
1791090046 1785, 2619, 46, 0x0000000000000000 | 8.09 11.48 10.93 | cpu  2140497110 50790248 270474885 14694228790 1671467 0 10589031 0 0 0
1791090047 1785, 2619, 46, 0x0000000000000000 | 8.08 11.42 10.91 | cpu  2140497731 50790249 270474997 14694253805 1671467 0 10589031 0 0 0
1791090048 1785, 2619, 46, 0x0000000000000000 | 8.08 11.42 10.91 | cpu  2140498356 50790249 270475113 14694278884 1671467 0 10589031 0 0 0
1791090049 1785, 2619, 46, 0x0000000000000000 | 8.08 11.42 10.91 | cpu  2140498992 50790249 270475294 14694304281 1671467 0 10589032 0 0 0
1791090050 1785, 2619, 46, 0x0000000000000000 | 8.08 11.42 10.91 | cpu  2140499522 50790249 270475428 14694328957 1671467 0 10589038 0 0 0
1791090051 1785, 2619, 46, 0x0000000000000000 | 7.91 11.33 10.88 | cpu  2140500112 50790249 270475579 14694353978 1671467 0 10589042 0 0 0
1791090052 1785, 2619, 46, 0x0000000000000000 | 7.91 11.33 10.88 | cpu  2140500748 50790249 270475737 14694380395 1671467 0 10589043 0 0 0
1791090054 1785, 2619, 46, 0x0000000000000000 | 7.91 11.33 10.88 | cpu  2140501353 50790249 270475882 14694405861 1671467 0 10589045 0 0 0
1791090055 1785, 2619, 46, 0x0000000000000000 | 7.91 11.33 10.88 | cpu  2140501912 50790249 270476061 14694430955 1671467 0 10589052 0 0 0
1791090056 1785, 2619, 46, 0x0000000000000000 | 8.08 11.31 10.88 | cpu  2140502536 50790249 270476195 14694456803 1671467 0 10589054 0 0 0
1791090057 1785, 2619, 46, 0x0000000000000000 | 8.08 11.31 10.88 | cpu  2140503168 50790249 270476322 14694482336 1671467 0 10589056 0 0 0
1791090058 1785, 2619, 46, 0x0000000000000000 | 8.08 11.31 10.88 | cpu  2140503746 50790249 270476500 14694508067 1671467 0 10589058 0 0 0
1791090060 1785, 2619, 46, 0x0000000000000000 | 8.08 11.31 10.88 | cpu  2140504306 50790249 270476620 14694535995 1671467 0 10589061 0 0 0
1791090061 1785, 2619, 46, 0x0000000000000000 | 8.08 11.31 10.88 | cpu  2140504855 50790249 270476821 14694561446 1671467 0 10589064 0 0 0
1791090062 1785, 2619, 46, 0x0000000000000000 | 7.91 11.22 10.85 | cpu  2140505360 50790249 270477031 14694585499 1671467 0 10589065 0 0 0
1791090063 1785, 2619, 46, 0x0000000000000000 | 7.91 11.22 10.85 | cpu  2140505844 50790250 270477263 14694610054 1671467 0 10589069 0 0 0
1791090064 1785, 2619, 46, 0x0000000000000000 | 7.91 11.22 10.85 | cpu  2140506364 50790250 270477564 14694635098 1671467 0 10589080 0 0 0
1791090065 1785, 2619, 46, 0x0000000000000000 | 7.91 11.22 10.85 | cpu  2140506822 50790250 270477796 14694659265 1671467 0 10589090 0 0 0
1791090066 1785, 2619, 46, 0x0000000000000000 | 7.84 11.15 10.83 | cpu  2140507340 50790250 270477961 14694683937 1671469 0 10589103 0 0 0
1791090068 1785, 2619, 46, 0x0000000000000000 | 7.84 11.15 10.83 | cpu  2140507927 50790250 270478090 14694710139 1671469 0 10589116 0 0 0
1791090069 1785, 2619, 46, 0x0000000000000000 | 7.84 11.15 10.83 | cpu  2140508432 50790250 270478209 14694735453 1671469 0 10589120 0 0 0
1791090070 1785, 2619, 46, 0x0000000000000000 | 7.84 11.15 10.83 | cpu  2140508849 50790250 270478244 14694759995 1671469 0 10589121 0 0 0
1791090071 1785, 2619, 46, 0x0000000000000000 | 7.61 11.05 10.80 | cpu  2140509383 50790250 270478307 14694785195 1671469 0 10589124 0 0 0
1791090072 1785, 2619, 46, 0x0000000000000000 | 7.61 11.05 10.80 | cpu  2140510353 50790250 270478771 14694809108 1671469 0 10589134 0 0 0
1791090073 1785, 2619, 46, 0x0000000000000000 | 7.61 11.05 10.80 | cpu  2140511050 50790250 270478976 14694834649 1671469 0 10589145 0 0 0
1791090075 1785, 2619, 46, 0x0000000000000000 | 7.61 11.05 10.80 | cpu  2140512553 50790250 270479511 14694858475 1671469 0 10589176 0 0 0
1791090076 1785, 2619, 46, 0x0000000000000000 | 7.61 11.05 10.80 | cpu  2140514607 50790250 270481126 14694880418 1671469 0 10589194 0 0 0
1791090077 1785, 2619, 46, 0x0000000000000000 | 7.48 10.96 10.77 | cpu  2140516730 50790250 270482666 14694902658 1671469 0 10589213 0 0 0
1791090078 1785, 2619, 46, 0x0000000000000000 | 7.48 10.96 10.77 | cpu  2140518695 50790250 270484040 14694924315 1671469 0 10589221 0 0 0
1791090079 1785, 2619, 46, 0x0000000000000000 | 7.48 10.96 10.77 | cpu  2140520608 50790250 270485270 14694945565 1671469 0 10589236 0 0 0
1791090080 1785, 2619, 46, 0x0000000000000000 | 7.48 10.96 10.77 | cpu  2140522460 50790250 270486409 14694968246 1671469 0 10589239 0 0 0
1791090081 1785, 2619, 46, 0x0000000000000000 | 7.20 10.85 10.74 | cpu  2140523068 50790250 270488862 14694991686 1671469 0 10589241 0 0 0
1791090083 1785, 2619, 46, 0x0000000000000000 | 7.20 10.85 10.74 | cpu  2140523689 50790250 270491684 14695012810 1671469 0 10589244 0 0 0
1791090084 1785, 2619, 46, 0x0000000000000000 | 7.20 10.85 10.74 | cpu  2140524346 50790250 270494498 14695034402 1671469 0 10589249 0 0 0
1791090085 1785, 2619, 46, 0x0000000000000000 | 7.20 10.85 10.74 | cpu  2140525000 50790250 270496606 14695056415 1671469 0 10589255 0 0 0
1791090086 1785, 2619, 45, 0x0000000000000000 | 10.47 11.46 10.94 | cpu  2140525906 50790250 270499067 14695078825 1671469 0 10589266 0 0 0
1791090087 1785, 2619, 46, 0x0000000000000000 | 10.47 11.46 10.94 | cpu  2140526858 50790250 270499948 14695101666 1671469 0 10589281 0 0 0
1791090088 1785, 2619, 46, 0x0000000000000000 | 10.47 11.46 10.94 | cpu  2140527862 50790250 270502466 14695123397 1671469 0 10589290 0 0 0
1791090089 1785, 2619, 46, 0x0000000000000000 | 10.47 11.46 10.94 | cpu  2140528712 50790250 270503229 14695146207 1671469 0 10589293 0 0 0
1791090091 1785, 2619, 46, 0x0000000000000000 | 10.47 11.46 10.94 | cpu  2140529683 50790251 270505016 14695169459 1671469 0 10589295 0 0 0
1791090092 1785, 2619, 46, 0x0000000000000000 | 10.19 11.39 10.91 | cpu  2140530322 50790251 270505551 14695192944 1671469 0 10589300 0 0 0
1791090093 1785, 2619, 46, 0x0000000000000000 | 10.19 11.39 10.91 | cpu  2140530981 50790251 270506479 14695216113 1671469 0 10589304 0 0 0
1791090094 1785, 2619, 46, 0x0000000000000000 | 10.19 11.39 10.91 | cpu  2140531589 50790251 270506601 14695240886 1671469 0 10589310 0 0 0
1791090095 1785, 2619, 46, 0x0000000000000000 | 10.19 11.39 10.91 | cpu  2140532120 50790251 270506691 14695264885 1671469 0 10589320 0 0 0
1791090096 1785, 2619, 46, 0x0000000000000000 | 9.94 11.32 10.89 | cpu  2140532938 50790251 270507186 14695289487 1671469 0 10589326 0 0 0
1791090097 1785, 2619, 46, 0x0000000000000000 | 9.94 11.32 10.89 | cpu  2140534274 50790251 270508795 14695311585 1671469 0 10589333 0 0 0
1791090098 1785, 2619, 46, 0x0000000000000000 | 9.94 11.32 10.89 | cpu  2140535026 50790251 270509748 14695335480 1671469 0 10589343 0 0 0
1791090100 1785, 2619, 46, 0x0000000000000000 | 9.94 11.32 10.89 | cpu  2140535582 50790251 270509894 14695360179 1671469 0 10589358 0 0 0
1791090101 1785, 2619, 46, 0x0000000000000000 | 9.94 11.32 10.89 | cpu  2140536174 50790251 270510018 14695384780 1671469 0 10589367 0 0 0
1791090102 1785, 2619, 46, 0x0000000000000000 | 9.62 11.23 10.87 | cpu  2140536759 50790251 270510143 14695409166 1671469 0 10589372 0 0 0
1791090103 1785, 2619, 46, 0x0000000000000000 | 9.62 11.23 10.87 | cpu  2140537370 50790251 270510279 14695434084 1671469 0 10589379 0 0 0
1791090104 1785, 2619, 46, 0x0000000000000000 | 9.62 11.23 10.87 | cpu  2140537988 50790253 270510430 14695462517 1671469 0 10589385 0 0 0
1791090106 1785, 2619, 46, 0x0000000000000000 | 9.62 11.23 10.87 | cpu  2140538860 50790253 270511621 14695485583 1671469 0 10589404 0 0 0
1791090107 1785, 2619, 46, 0x0000000000000000 | 9.33 11.14 10.84 | cpu  2140539522 50790253 270513133 14695509278 1671469 0 10589413 0 0 0
1791090108 1785, 2619, 46, 0x0000000000000000 | 9.33 11.14 10.84 | cpu  2140540280 50790253 270516081 14695531810 1671469 0 10589429 0 0 0
1791090109 1785, 2619, 46, 0x0000000000000000 | 9.33 11.14 10.84 | cpu  2140541115 50790253 270519051 14695553495 1671469 0 10589441 0 0 0
1791090110 1785, 2619, 46, 0x0000000000000000 | 9.33 11.14 10.84 | cpu  2140542049 50790253 270519575 14695577840 1671469 0 10589460 0 0 0
1791090111 1785, 2619, 46, 0x0000000000000000 | 16.91 12.68 11.34 | cpu  2140543078 50790253 270522317 14695599180 1671469 0 10589474 0 0 0
1791090112 1785, 2619, 45, 0x0000000000000000 | 16.91 12.68 11.34 | cpu  2140544106 50790253 270523512 14695622447 1671469 0 10589488 0 0 0
1791090113 1785, 2619, 46, 0x0000000000000000 | 16.91 12.68 11.34 | cpu  2140545300 50790253 270525849 14695647069 1671469 0 10589494 0 0 0
1791090115 1785, 2619, 46, 0x0000000000000000 | 16.91 12.68 11.34 | cpu  2140546433 50790253 270526130 14695670868 1671469 0 10589522 0 0 0
1791090116 1785, 2619, 46, 0x0000000000000000 | 16.91 12.68 11.34 | cpu  2140546901 50790253 270526478 14695695196 1671469 0 10589528 0 0 0
1791090117 1785, 2619, 46, 0x0000000000000000 | 16.20 12.61 11.32 | cpu  2140547402 50790253 270526978 14695719432 1671469 0 10589529 0 0 0
1791090118 1785, 2619, 46, 0x0000000000000000 | 16.20 12.61 11.32 | cpu  2140548141 50790253 270527758 14695743556 1671469 0 10589545 0 0 0
1791090119 1785, 2619, 46, 0x0000000000000000 | 16.20 12.61 11.32 | cpu  2140548691 50790253 270527934 14695769064 1671469 0 10589551 0 0 0
1791090121 1785, 2619, 46, 0x0000000000000000 | 16.20 12.61 11.32 | cpu  2140549318 50790254 270528014 14695793999 1671469 0 10589560 0 0 0
1791090122 1785, 2619, 46, 0x0000000000000000 | 15.22 12.46 11.28 | cpu  2140551638 50790254 270529745 14695816224 1671469 0 10589565 0 0 0
1791090123 1785, 2619, 46, 0x0000000000000000 | 15.22 12.46 11.28 | cpu  2140552499 50790254 270530524 14695839743 1671469 0 10589576 0 0 0
1791090124 1785, 2619, 46, 0x0000000000000000 | 15.22 12.46 11.28 | cpu  2140553108 50790254 270530612 14695865212 1671469 0 10589579 0 0 0
1791090125 1785, 2619, 46, 0x0000000000000000 | 15.22 12.46 11.28 | cpu  2140553938 50790254 270530796 14695890132 1671469 0 10589603 0 0 0
1791090126 1785, 2619, 46, 0x0000000000000000 | 14.72 12.41 11.27 | cpu  2140554498 50790254 270531040 14695913989 1671473 0 10589607 0 0 0
1791090127 1785, 2619, 46, 0x0000000000000000 | 14.72 12.41 11.27 | cpu  2140555092 50790254 270531259 14695937929 1671473 0 10589609 0 0 0
1791090129 1785, 2619, 46, 0x0000000000000000 | 14.72 12.41 11.27 | cpu  2140556395 50790254 270531475 14695961762 1671473 0 10589616 0 0 0
1791090130 1785, 2619, 46, 0x0000000000000000 | 14.72 12.41 11.27 | cpu  2140556929 50790254 270531736 14695987134 1671473 0 10589626 0 0 0
1791090131 1785, 2619, 46, 0x0000000000000000 | 14.72 12.41 11.27 | cpu  2140558306 50790254 270533872 14696009699 1671473 0 10589638 0 0 0
1791090132 1785, 2619, 46, 0x0000000000000000 | 14.02 12.30 11.24 | cpu  2140559281 50790254 270535076 14696033268 1671473 0 10589660 0 0 0
1791090133 1785, 2619, 46, 0x0000000000000000 | 14.02 12.30 11.24 | cpu  2140560124 50790254 270535460 14696057238 1671473 0 10589685 0 0 0
1791090134 1785, 2619, 46, 0x0000000000000000 | 14.02 12.30 11.24 | cpu  2140560724 50790254 270535647 14696081929 1671473 0 10589697 0 0 0
1791090135 1785, 2619, 46, 0x0000000000000000 | 14.02 12.30 11.24 | cpu  2140561480 50790254 270535892 14696106106 1671473 0 10589709 0 0 0
1791090137 1785, 2619, 46, 0x0000000000000000 | 13.38 12.19 11.21 | cpu  2140562103 50790254 270536102 14696130121 1671473 0 10589712 0 0 0
1791090138 1785, 2619, 46, 0x0000000000000000 | 13.38 12.19 11.21 | cpu  2140562878 50790254 270536428 14696155106 1671473 0 10589718 0 0 0
1791090139 1785, 2619, 46, 0x0000000000000000 | 13.38 12.19 11.21 | cpu  2140563663 50790254 270537996 14696178261 1671473 0 10589726 0 0 0
1791090140 1785, 2619, 46, 0x0000000000000000 | 13.38 12.19 11.21 | cpu  2140564314 50790254 270538459 14696202211 1671473 0 10589735 0 0 0
1791090141 1785, 2619, 46, 0x0000000000000000 | 12.79 12.09 11.19 | cpu  2140564996 50790254 270538740 14696225519 1671473 0 10589742 0 0 0
1791090142 1785, 2619, 46, 0x0000000000000000 | 12.79 12.09 11.19 | cpu  2140565626 50790254 270538940 14696250700 1671473 0 10589747 0 0 0
1791090143 1785, 2619, 46, 0x0000000000000000 | 12.79 12.09 11.19 | cpu  2140566396 50790254 270539189 14696275547 1671473 0 10589754 0 0 0
1791090145 1785, 2619, 46, 0x0000000000000000 | 12.79 12.09 11.19 | cpu  2140567113 50790254 270539338 14696299537 1671473 0 10589755 0 0 0
1791090146 1785, 2619, 46, 0x0000000000000000 | 12.79 12.09 11.19 | cpu  2140567666 50790254 270539491 14696324196 1671473 0 10589758 0 0 0
1791090147 1785, 2619, 47, 0x0000000000000000 | 12.25 11.99 11.16 | cpu  2140568327 50790254 270539720 14696349037 1671473 0 10589763 0 0 0
1791090148 1785, 2619, 47, 0x0000000000000000 | 12.25 11.99 11.16 | cpu  2140569174 50790254 270539902 14696373277 1671473 0 10589773 0 0 0
1791090149 1785, 2619, 46, 0x0000000000000000 | 12.25 11.99 11.16 | cpu  2140569999 50790254 270540101 14696398853 1671473 0 10589777 0 0 0
1791090150 1785, 2619, 46, 0x0000000000000000 | 12.25 11.99 11.16 | cpu  2140570621 50790254 270540362 14696422130 1671473 0 10589791 0 0 0
1791090151 1785, 2619, 46, 0x0000000000000000 | 11.75 11.89 11.13 | cpu  2140571642 50790254 270540530 14696445416 1671473 0 10589793 0 0 0
1791090152 1785, 2619, 46, 0x0000000000000000 | 11.75 11.89 11.13 | cpu  2140573873 50790254 270540661 14696468894 1671473 0 10589798 0 0 0
1791090154 1785, 2619, 46, 0x0000000000000000 | 11.75 11.89 11.13 | cpu  2140577149 50790254 270540790 14696490574 1671473 0 10589812 0 0 0
1791090155 1785, 2619, 46, 0x0000000000000000 | 11.75 11.89 11.13 | cpu  2140579986 50790254 270540859 14696511928 1671473 0 10589821 0 0 0
1791090156 1785, 2619, 47, 0x0000000000000000 | 11.75 11.89 11.13 | cpu  2140583803 50790254 270541028 14696532317 1671473 0 10589833 0 0 0
1791090157 1785, 2619, 47, 0x0000000000000000 | 11.37 11.81 11.11 | cpu  2140584517 50790254 270541296 14696557162 1671473 0 10589854 0 0 0
1791090158 1785, 2619, 47, 0x0000000000000000 | 11.37 11.81 11.11 | cpu  2140585148 50790254 270541480 14696581949 1671473 0 10589868 0 0 0
1791090159 1785, 2619, 47, 0x0000000000000000 | 11.37 11.81 11.11 | cpu  2140585643 50790254 270541705 14696605865 1671473 0 10589877 0 0 0
1791090160 1785, 2619, 47, 0x0000000000000000 | 11.37 11.81 11.11 | cpu  2140586116 50790254 270541901 14696630451 1671473 0 10589879 0 0 0
1791090161 1785, 2619, 47, 0x0000000000000000 | 10.94 11.71 11.08 | cpu  2140586577 50790254 270542044 14696654974 1671473 0 10589880 0 0 0
1791090163 1785, 2619, 47, 0x0000000000000000 | 10.94 11.71 11.08 | cpu  2140587049 50790254 270542264 14696679578 1671473 0 10589894 0 0 0
1791090164 1785, 2619, 46, 0x0000000000000000 | 10.94 11.71 11.08 | cpu  2140587681 50790254 270542720 14696712038 1671473 0 10589904 0 0 0
1791090165 1785, 2619, 46, 0x0000000000000000 | 10.94 11.71 11.08 | cpu  2140588290 50790254 270543008 14696736947 1671473 0 10589918 0 0 0
1791090166 1785, 2619, 46, 0x0000000000000000 | 10.54 11.62 11.05 | cpu  2140588808 50790254 270543262 14696762333 1671473 0 10589946 0 0 0
1791090168 1785, 2619, 47, 0x0000000000000000 | 10.54 11.62 11.05 | cpu  2140589389 50790254 270543492 14696787830 1671473 0 10589972 0 0 0
1791090169 1785, 2619, 47, 0x0000000000000000 | 10.54 11.62 11.05 | cpu  2140590679 50790254 270543762 14696811766 1671473 0 10589987 0 0 0
1791090170 1785, 2619, 47, 0x0000000000000000 | 10.54 11.62 11.05 | cpu  2140591226 50790254 270543916 14696837605 1671473 0 10589992 0 0 0
1791090171 1785, 2619, 47, 0x0000000000000000 | 10.26 11.54 11.03 | cpu  2140591765 50790254 270543982 14696862393 1671473 0 10589994 0 0 0
1791090172 1785, 2619, 47, 0x0000000000000000 | 10.26 11.54 11.03 | cpu  2140592322 50790255 270544059 14696887611 1671473 0 10589994 0 0 0
1791090173 1785, 2619, 47, 0x0000000000000000 | 10.26 11.54 11.03 | cpu  2140593547 50790255 270544180 14696911076 1671473 0 10589998 0 0 0
1791090175 1785, 2619, 47, 0x0000000000000000 | 10.26 11.54 11.03 | cpu  2140594069 50790255 270544380 14696936562 1671473 0 10590003 0 0 0
1791090176 1785, 2619, 47, 0x0000000000000000 | 10.26 11.54 11.03 | cpu  2140594678 50790255 270544689 14696961363 1671473 0 10590015 0 0 0
1791090177 1785, 2619, 47, 0x0000000000000000 | 15.12 12.53 11.35 | cpu  2140595948 50790255 270545046 14696985923 1671473 0 10590044 0 0 0
1791090178 1785, 2619, 47, 0x0000000000000000 | 15.12 12.53 11.35 | cpu  2140596571 50790255 270545370 14697010797 1671473 0 10590057 0 0 0
1791090179 1785, 2619, 47, 0x0000000000000000 | 15.12 12.53 11.35 | cpu  2140597129 50790255 270545692 14697035957 1671473 0 10590066 0 0 0
1791090180 1785, 2619, 47, 0x0000000000000000 | 15.12 12.53 11.35 | cpu  2140598492 50790255 270546058 14697060015 1671473 0 10590104 0 0 0
1791090182 1785, 2619, 47, 0x0000000000000000 | 14.39 12.42 11.32 | cpu  2140599053 50790255 270546234 14697086096 1671473 0 10590110 0 0 0
1791090183 1785, 2619, 47, 0x0000000000000000 | 14.39 12.42 11.32 | cpu  2140599759 50790255 270546381 14697110713 1671473 0 10590114 0 0 0
1791090184 1785, 2619, 47, 0x0000000000000000 | 14.39 12.42 11.32 | cpu  2140600268 50790255 270546498 14697138592 1671473 0 10590119 0 0 0
1791090185 1785, 2619, 47, 0x0000000000000000 | 14.39 12.42 11.32 | cpu  2140600762 50790255 270546618 14697163736 1671473 0 10590121 0 0 0
1791090186 1785, 2619, 47, 0x0000000000000000 | 13.88 12.34 11.31 | cpu  2140601323 50790255 270546819 14697188595 1671475 0 10590144 0 0 0
1791090187 1785, 2619, 47, 0x0000000000000000 | 13.88 12.34 11.31 | cpu  2140602004 50790255 270547084 14697213379 1671475 0 10590161 0 0 0
1791090189 1785, 2619, 47, 0x0000000000000000 | 13.88 12.34 11.31 | cpu  2140602672 50790255 270547317 14697239183 1671475 0 10590182 0 0 0
1791090190 1785, 2619, 47, 0x0000000000000000 | 13.88 12.34 11.31 | cpu  2140603227 50790255 270547515 14697263431 1671475 0 10590205 0 0 0
1791090191 1785, 2619, 47, 0x0000000000000000 | 13.88 12.34 11.31 | cpu  2140603785 50790255 270547746 14697288090 1671475 0 10590222 0 0 0
1791090192 1785, 2619, 47, 0x0000000000000000 | 13.33 12.26 11.28 | cpu  2140604319 50790255 270547963 14697313161 1671475 0 10590235 0 0 0
1791090193 1785, 2619, 47, 0x0000000000000000 | 13.33 12.26 11.28 | cpu  2140604843 50790255 270548109 14697338237 1671475 0 10590251 0 0 0
1791090194 1785, 2619, 46, 0x0000000000000000 | 13.33 12.26 11.28 | cpu  2140605308 50790255 270548176 14697362700 1671475 0 10590251 0 0 0
1791090195 1785, 2619, 47, 0x0000000000000000 | 13.33 12.26 11.28 | cpu  2140605876 50790255 270548236 14697388093 1671475 0 10590256 0 0 0
1791090197 1785, 2619, 47, 0x0000000000000000 | 12.90 12.18 11.26 | cpu  2140606466 50790255 270548357 14697412751 1671475 0 10590256 0 0 0
1791090198 1785, 2619, 47, 0x0000000000000000 | 12.90 12.18 11.26 | cpu  2140607057 50790255 270548542 14697438415 1671475 0 10590267 0 0 0
1791090199 1785, 2619, 47, 0x0000000000000000 | 12.90 12.18 11.26 | cpu  2140607578 50790255 270548739 14697462076 1671475 0 10590287 0 0 0
1791090200 1785, 2619, 47, 0x0000000000000000 | 12.90 12.18 11.26 | cpu  2140608210 50790255 270548996 14697487749 1671475 0 10590292 0 0 0
1791090201 1785, 2619, 47, 0x0000000000000000 | 12.35 12.08 11.24 | cpu  2140608777 50790255 270549229 14697512380 1671475 0 10590298 0 0 0
1791090202 1785, 2619, 47, 0x0000000000000000 | 12.35 12.08 11.24 | cpu  2140609478 50790255 270549608 14697538506 1671475 0 10590315 0 0 0
1791090204 1785, 2619, 47, 0x0000000000000000 | 12.35 12.08 11.24 | cpu  2140610059 50790255 270549830 14697563850 1671475 0 10590334 0 0 0
1791090205 1785, 2619, 47, 0x0000000000000000 | 12.35 12.08 11.24 | cpu  2140611149 50790255 270549995 14697588031 1671475 0 10590345 0 0 0
1791090206 1785, 2619, 47, 0x0000000000000000 | 12.35 12.08 11.24 | cpu  2140612335 50790255 270550143 14697612286 1671475 0 10590378 0 0 0
1791090207 1785, 2619, 47, 0x0000000000000000 | 11.92 12.00 11.21 | cpu  2140612936 50790255 270550868 14697636620 1671475 0 10590396 0 0 0
1791090208 1785, 2619, 47, 0x0000000000000000 | 11.92 12.00 11.21 | cpu  2140614249 50790255 270551030 14697661870 1671475 0 10590415 0 0 0
1791090209 1785, 2619, 47, 0x0000000000000000 | 11.92 12.00 11.21 | cpu  2140614800 50790255 270551184 14697686707 1671475 0 10590433 0 0 0
1791090211 1785, 2619, 47, 0x0000000000000000 | 11.92 12.00 11.21 | cpu  2140615444 50790255 270551401 14697711653 1671475 0 10590462 0 0 0
1791090212 1785, 2619, 47, 0x0000000000000000 | 11.44 11.90 11.18 | cpu  2140616052 50790255 270551548 14697737494 1671475 0 10590479 0 0 0
1791090213 1785, 2619, 47, 0x0000000000000000 | 11.44 11.90 11.18 | cpu  2140616674 50790255 270551692 14697763022 1671475 0 10590499 0 0 0
1791090214 1785, 2619, 47, 0x0000000000000000 | 11.44 11.90 11.18 | cpu  2140617223 50790255 270551820 14697787621 1671475 0 10590513 0 0 0
1791090215 1785, 2619, 47, 0x0000000000000000 | 11.44 11.90 11.18 | cpu  2140617810 50790255 270551960 14697812333 1671475 0 10590534 0 0 0
1791090216 1785, 2619, 48, 0x0000000000000000 | 11.09 11.82 11.16 | cpu  2140618417 50790255 270552080 14697837517 1671475 0 10590544 0 0 0
1791090218 1785, 2619, 47, 0x0000000000000000 | 11.09 11.82 11.16 | cpu  2140619035 50790255 270552231 14697863044 1671475 0 10590551 0 0 0
1791090219 1785, 2619, 47, 0x0000000000000000 | 11.09 11.82 11.16 | cpu  2140619669 50790255 270552356 14697891238 1671475 0 10590565 0 0 0
1791090220 1785, 2619, 47, 0x0000000000000000 | 11.09 11.82 11.16 | cpu  2140620285 50790255 270552483 14697916219 1671475 0 10590570 0 0 0
1791090221 1785, 2619, 47, 0x0000000000000000 | 10.76 11.74 11.14 | cpu  2140620860 50790255 270552613 14697940314 1671475 0 10590585 0 0 0
1791090222 1785, 2619, 47, 0x0000000000000000 | 10.76 11.74 11.14 | cpu  2140621474 50790255 270552764 14697966145 1671475 0 10590604 0 0 0
1791090223 1785, 2619, 47, 0x0000000000000000 | 10.76 11.74 11.14 | cpu  2140622088 50790255 270552908 14697991916 1671475 0 10590629 0 0 0
1791090225 1785, 2619, 47, 0x0000000000000000 | 10.76 11.74 11.14 | cpu  2140622624 50790255 270553029 14698016237 1671475 0 10590647 0 0 0
1791090226 1785, 2619, 47, 0x0000000000000000 | 10.76 11.74 11.14 | cpu  2140623299 50790255 270553237 14698041192 1671475 0 10590663 0 0 0
1791090227 1785, 2619, 47, 0x0000000000000000 | 10.54 11.67 11.12 | cpu  2140623955 50790255 270553487 14698066756 1671475 0 10590686 0 0 0
1791090228 1785, 2619, 47, 0x0000000000000000 | 10.54 11.67 11.12 | cpu  2140624594 50790255 270553712 14698092105 1671475 0 10590687 0 0 0
1791090229 1785, 2619, 47, 0x0000000000000000 | 10.54 11.67 11.12 | cpu  2140625154 50790255 270553896 14698117611 1671475 0 10590691 0 0 0
1791090230 1785, 2619, 47, 0x0000000000000000 | 10.54 11.67 11.12 | cpu  2140625789 50790255 270554026 14698143441 1671475 0 10590702 0 0 0
1791090232 1785, 2619, 47, 0x0000000000000000 | 10.10 11.56 11.09 | cpu  2140626378 50790256 270554090 14698169427 1671475 0 10590707 0 0 0
1791090233 1785, 2619, 47, 0x0000000000000000 | 10.10 11.56 11.09 | cpu  2140626971 50790256 270554204 14698194337 1671475 0 10590718 0 0 0
1791090234 1785, 2619, 47, 0x0000000000000000 | 10.10 11.56 11.09 | cpu  2140627514 50790256 270554336 14698219528 1671475 0 10590750 0 0 0
1791090235 1785, 2619, 47, 0x0000000000000000 | 10.10 11.56 11.09 | cpu  2140628117 50790256 270554487 14698244971 1671475 0 10590777 0 0 0
1791090236 1785, 2619, 47, 0x0000000000000000 | 10.01 11.52 11.08 | cpu  2140628743 50790256 270554685 14698270368 1671475 0 10590788 0 0 0
1791090238 1785, 2619, 47, 0x0000000000000000 | 10.01 11.52 11.08 | cpu  2140629370 50790256 270554919 14698295029 1671475 0 10590811 0 0 0
1791090239 1785, 2619, 47, 0x0000000000000000 | 10.01 11.52 11.08 | cpu  2140630007 50790256 270555108 14698322508 1671475 0 10590825 0 0 0
1791090240 1785, 2619, 47, 0x0000000000000000 | 10.01 11.52 11.08 | cpu  2140630626 50790256 270555236 14698347573 1671475 0 10590832 0 0 0
1791090241 1785, 2619, 47, 0x0000000000000000 | 9.69 11.43 11.05 | cpu  2140631233 50790256 270555348 14698372691 1671475 0 10590842 0 0 0
1791090242 1785, 2619, 47, 0x0000000000000000 | 9.69 11.43 11.05 | cpu  2140631816 50790257 270555399 14698398328 1671475 0 10590842 0 0 0
1791090243 1785, 2619, 47, 0x0000000000000000 | 9.69 11.43 11.05 | cpu  2140632380 50790257 270555448 14698423024 1671475 0 10590848 0 0 0
1791090245 1785, 2619, 47, 0x0000000000000000 | 9.69 11.43 11.05 | cpu  2140632928 50790257 270555584 14698447431 1671475 0 10590869 0 0 0
1791090246 1785, 2619, 47, 0x0000000000000000 | 9.69 11.43 11.05 | cpu  2140633538 50790257 270555737 14698473264 1671477 0 10590876 0 0 0
1791090247 1785, 2619, 46, 0x0000000000000000 | 9.47 11.35 11.03 | cpu  2140634153 50790258 270555960 14698497916 1671477 0 10590895 0 0 0
1791090248 1785, 2619, 47, 0x0000000000000000 | 9.47 11.35 11.03 | cpu  2140634818 50790259 270556204 14698523801 1671477 0 10590918 0 0 0
1791090249 1785, 2619, 47, 0x0000000000000000 | 9.47 11.35 11.03 | cpu  2140635419 50790259 270556395 14698549110 1671477 0 10590934 0 0 0
1791090250 1785, 2619, 47, 0x0000000000000000 | 9.47 11.35 11.03 | cpu  2140636056 50790259 270556595 14698574107 1671477 0 10590958 0 0 0
1791090252 1785, 2619, 47, 0x0000000000000000 | 9.11 11.25 11.00 | cpu  2140636651 50790259 270556687 14698599767 1671477 0 10590976 0 0 0
1791090253 1785, 2619, 47, 0x0000000000000000 | 9.11 11.25 11.00 | cpu  2140637239 50790259 270556741 14698625111 1671477 0 10590988 0 0 0
1791090254 1785, 2619, 47, 0x0000000000000000 | 9.11 11.25 11.00 | cpu  2140637754 50790259 270556784 14698649905 1671477 0 10590998 0 0 0
1791090255 1785, 2619, 47, 0x0000000000000000 | 9.11 11.25 11.00 | cpu  2140638324 50790259 270556834 14698674874 1671477 0 10591009 0 0 0
1791090256 1785, 2619, 47, 0x0000000000000000 | 9.26 11.24 11.00 | cpu  2140638950 50790259 270556974 14698700376 1671477 0 10591050 0 0 0
1791090257 1785, 2619, 47, 0x0000000000000000 | 9.26 11.24 11.00 | cpu  2140639568 50790259 270557192 14698724812 1671477 0 10591062 0 0 0
1791090258 1785, 2619, 47, 0x0000000000000000 | 9.26 11.24 11.00 | cpu  2140640204 50790259 270557424 14698752461 1671477 0 10591074 0 0 0
1791090260 1785, 2619, 47, 0x0000000000000000 | 9.26 11.24 11.00 | cpu  2140640857 50790259 270557651 14698777695 1671477 0 10591097 0 0 0
1791090261 1785, 2619, 47, 0x0000000000000000 | 9.26 11.24 11.00 | cpu  2140641491 50790259 270557866 14698802654 1671477 0 10591121 0 0 0
1791090262 1785, 2619, 47, 0x0000000000000000 | 9.16 11.19 10.98 | cpu  2140642112 50790259 270558002 14698828549 1671477 0 10591138 0 0 0
1791090263 1785, 2619, 47, 0x0000000000000000 | 9.16 11.19 10.98 | cpu  2140642694 50790260 270558053 14698854173 1671477 0 10591138 0 0 0
1791090264 1785, 2619, 47, 0x0000000000000000 | 9.16 11.19 10.98 | cpu  2140643198 50790260 270558105 14698878777 1671477 0 10591146 0 0 0
1791090266 1785, 2619, 47, 0x0000000000000000 | 9.16 11.19 10.98 | cpu  2140643769 50790260 270558151 14698903889 1671477 0 10591161 0 0 0
1791090267 1785, 2619, 47, 0x0000000000000000 | 8.83 11.09 10.95 | cpu  2140644362 50790261 270558234 14698928861 1671477 0 10591168 0 0 0
1791090268 1785, 2619, 47, 0x0000000000000000 | 8.83 11.09 10.95 | cpu  2140645029 50790261 270558481 14698954064 1671477 0 10591188 0 0 0
1791090269 1785, 2619, 47, 0x0000000000000000 | 8.83 11.09 10.95 | cpu  2140645621 50790261 270558726 14698979079 1671477 0 10591203 0 0 0
1791090270 1785, 2619, 47, 0x0000000000000000 | 8.83 11.09 10.95 | cpu  2140646291 50790261 270559080 14699004773 1671477 0 10591232 0 0 0
1791090271 1785, 2619, 47, 0x0000000000000000 | 8.76 11.04 10.93 | cpu  2140646964 50790261 270559413 14699030236 1671477 0 10591254 0 0 0
1791090273 1785, 2619, 47, 0x0000000000000000 | 8.76 11.04 10.93 | cpu  2140647565 50790261 270559604 14699055185 1671477 0 10591264 0 0 0
1791090274 1785, 2619, 47, 0x0000000000000000 | 8.76 11.04 10.93 | cpu  2140648102 50790261 270559705 14699079875 1671477 0 10591268 0 0 0
1791090275 1785, 2619, 47, 0x0000000000000000 | 8.76 11.04 10.93 | cpu  2140648702 50790261 270559752 14699105894 1671477 0 10591275 0 0 0
1791090276 1785, 2619, 47, 0x0000000000000000 | 8.54 10.95 10.90 | cpu  2140649278 50790261 270559796 14699131033 1671477 0 10591281 0 0 0
1791090277 1785, 2619, 47, 0x0000000000000000 | 8.54 10.95 10.90 | cpu  2140649897 50790261 270559909 14699156970 1671477 0 10591287 0 0 0
1791090279 1785, 2619, 47, 0x0000000000000000 | 8.54 10.95 10.90 | cpu  2140650524 50790261 270560042 14699184542 1671477 0 10591292 0 0 0
1791090280 1785, 2619, 47, 0x0000000000000000 | 8.54 10.95 10.90 | cpu  2140651183 50790261 270560265 14699210252 1671477 0 10591299 0 0 0
1791090281 1785, 2619, 47, 0x0000000000000000 | 8.54 10.95 10.90 | cpu  2140651842 50790261 270560483 14699235973 1671477 0 10591314 0 0 0
1791090282 1785, 2619, 47, 0x0000000000000000 | 8.42 10.89 10.88 | cpu  2140652507 50790261 270560682 14699261393 1671477 0 10591330 0 0 0
1791090283 1785, 2619, 48, 0x0000000000000000 | 8.42 10.89 10.88 | cpu  2140653105 50790261 270560816 14699285877 1671477 0 10591342 0 0 0
1791090284 1785, 2619, 47, 0x0000000000000000 | 8.42 10.89 10.88 | cpu  2140653662 50790261 270560954 14699311901 1671477 0 10591346 0 0 0
1791090286 1785, 2619, 47, 0x0000000000000000 | 8.42 10.89 10.88 | cpu  2140654254 50790261 270561043 14699336990 1671477 0 10591354 0 0 0
1791090287 1785, 2619, 47, 0x0000000000000000 | 8.14 10.79 10.85 | cpu  2140654841 50790262 270561104 14699362130 1671477 0 10591354 0 0 0
1791090288 1785, 2619, 47, 0x0000000000000000 | 8.14 10.79 10.85 | cpu  2140655448 50790262 270561233 14699386948 1671477 0 10591362 0 0 0
1791090289 1785, 2619, 47, 0x0000000000000000 | 8.14 10.79 10.85 | cpu  2140656003 50790262 270561334 14699411821 1671477 0 10591365 0 0 0
1791090290 1785, 2619, 47, 0x0000000000000000 | 8.14 10.79 10.85 | cpu  2140656624 50790262 270561481 14699436783 1671477 0 10591369 0 0 0
1791090291 1785, 2619, 47, 0x0000000000000000 | 8.29 10.77 10.85 | cpu  2140657283 50790262 270561710 14699462864 1671477 0 10591382 0 0 0
1791090293 1785, 2619, 47, 0x0000000000000000 | 8.29 10.77 10.85 | cpu  2140657921 50790262 270561888 14699488667 1671477 0 10591403 0 0 0
1791090294 1785, 2619, 47, 0x0000000000000000 | 8.29 10.77 10.85 | cpu  2140658470 50790262 270562129 14699513034 1671477 0 10591415 0 0 0
1791090295 1785, 2619, 47, 0x0000000000000000 | 8.29 10.77 10.85 | cpu  2140659076 50790262 270562300 14699538527 1671477 0 10591428 0 0 0
1791090296 1785, 2619, 47, 0x0000000000000000 | 8.19 10.71 10.83 | cpu  2140659701 50790262 270562463 14699564383 1671477 0 10591442 0 0 0
1791090297 1785, 2619, 47, 0x0000000000000000 | 8.19 10.71 10.83 | cpu  2140660300 50790262 270562594 14699589443 1671477 0 10591445 0 0 0
1791090299 1785, 2619, 47, 0x0000000000000000 | 8.19 10.71 10.83 | cpu  2140660904 50790262 270562730 14699617000 1671477 0 10591452 0 0 0
1791090300 1785, 2619, 47, 0x0000000000000000 | 8.19 10.71 10.83 | cpu  2140661545 50790262 270562867 14699642428 1671477 0 10591460 0 0 0
1791090301 1785, 2619, 47, 0x0000000000000000 | 8.19 10.71 10.83 | cpu  2140662227 50790262 270563070 14699668700 1671477 0 10591473 0 0 0
1791090302 1785, 2619, 47, 0x0000000000000000 | 8.09 10.65 10.80 | cpu  2140662896 50790262 270563398 14699693812 1671477 0 10591489 0 0 0
1791090303 1785, 2619, 47, 0x0000000000000000 | 8.09 10.65 10.80 | cpu  2140663554 50790262 270563768 14699719266 1671477 0 10591498 0 0 0
1791090305 1785, 2619, 47, 0x0000000000000000 | 8.09 10.65 10.80 | cpu  2140664352 50790262 270564188 14699747235 1671477 0 10591521 0 0 0
1791090306 1785, 2619, 47, 0x0000000000000000 | 8.09 10.65 10.80 | cpu  2140665106 50790262 270564550 14699772581 1671480 0 10591555 0 0 0
1791090307 1785, 2619, 47, 0x0000000000000000 | 8.89 10.77 10.84 | cpu  2140665800 50790262 270564974 14699797393 1671480 0 10591584 0 0 0
1791090308 1785, 2619, 47, 0x0000000000000000 | 8.89 10.77 10.84 | cpu  2140666650 50790262 270566361 14699821378 1671480 0 10591603 0 0 0
1791090309 1785, 2619, 47, 0x0000000000000000 | 8.89 10.77 10.84 | cpu  2140667834 50790262 270568332 14699843051 1671480 0 10591617 0 0 0
1791090310 1785, 2619, 47, 0x0000000000000000 | 8.89 10.77 10.84 | cpu  2140668695 50790262 270569075 14699865969 1671480 0 10591627 0 0 0
1791090312 1785, 2619, 47, 0x0000000000000000 | 8.82 10.72 10.83 | cpu  2140669310 50790262 270569216 14699890956 1671480 0 10591634 0 0 0
1791090313 1785, 2619, 47, 0x0000000000000000 | 8.82 10.72 10.83 | cpu  2140670514 50790262 270569298 14699915577 1671480 0 10591645 0 0 0
1791090314 1785, 2619, 47, 0x0000000000000000 | 8.82 10.72 10.83 | cpu  2140671022 50790262 270569329 14699939998 1671480 0 10591646 0 0 0
1791090315 1785, 2619, 47, 0x0000000000000000 | 8.82 10.72 10.83 | cpu  2140671655 50790262 270569470 14699965514 1671480 0 10591651 0 0 0
1791090316 1785, 2619, 46, 0x0000000000000000 | 8.67 10.66 10.81 | cpu  2140672273 50790262 270569605 14699991027 1671480 0 10591665 0 0 0
1791090317 1785, 2619, 47, 0x0000000000000000 | 8.67 10.66 10.81 | cpu  2140672923 50790262 270569884 14700016503 1671480 0 10591679 0 0 0
1791090319 1785, 2619, 47, 0x0000000000000000 | 8.67 10.66 10.81 | cpu  2140673544 50790262 270570326 14700041165 1671480 0 10591701 0 0 0
1791090320 1785, 2619, 47, 0x0000000000000000 | 8.67 10.66 10.81 | cpu  2140674241 50790262 270570750 14700066208 1671480 0 10591719 0 0 0
1791090321 1785, 2619, 47, 0x0000000000000000 | 8.67 10.66 10.81 | cpu  2140674922 50790262 270571094 14700091888 1671480 0 10591734 0 0 0
1791090322 1785, 2619, 47, 0x0000000000000000 | 8.70 10.64 10.80 | cpu  2140675548 50790262 270571285 14700117002 1671480 0 10591738 0 0 0
1791090323 1785, 2619, 47, 0x0000000000000000 | 8.70 10.64 10.80 | cpu  2140676144 50790262 270571433 14700142053 1671480 0 10591741 0 0 0
1791090324 1785, 2619, 47, 0x0000000000000000 | 8.70 10.64 10.80 | cpu  2140676685 50790262 270571568 14700167237 1671480 0 10591742 0 0 0
1791090326 1785, 2619, 47, 0x0000000000000000 | 8.70 10.64 10.80 | cpu  2140677289 50790262 270571707 14700192689 1671480 0 10591743 0 0 0
1791090327 1785, 2619, 47, 0x0000000000000000 | 8.48 10.56 10.77 | cpu  2140677925 50790262 270571834 14700218256 1671480 0 10591754 0 0 0
1791090328 1785, 2619, 47, 0x0000000000000000 | 8.48 10.56 10.77 | cpu  2140678596 50790262 270572062 14700244266 1671480 0 10591786 0 0 0
1791090329 1785, 2619, 46, 0x0000000000000000 | 8.48 10.56 10.77 | cpu  2140679178 50790262 270572261 14700269661 1671480 0 10591799 0 0 0
1791090330 1785, 2619, 47, 0x0000000000000000 | 8.48 10.56 10.77 | cpu  2140679848 50790263 270572491 14700295644 1671480 0 10591818 0 0 0
1791090331 1785, 2619, 47, 0x0000000000000000 | 8.60 10.55 10.77 | cpu  2140680500 50790263 270572700 14700320256 1671480 0 10591843 0 0 0
1791090333 1785, 2619, 47, 0x0000000000000000 | 8.60 10.55 10.77 | cpu  2140681122 50790263 270572833 14700345273 1671480 0 10591848 0 0 0
1791090334 1785, 2619, 47, 0x0000000000000000 | 8.60 10.55 10.77 | cpu  2140681662 50790263 270572867 14700370647 1671480 0 10591849 0 0 0
1791090335 1785, 2619, 47, 0x0000000000000000 | 8.60 10.55 10.77 | cpu  2140682251 50790263 270572903 14700395768 1671480 0 10591855 0 0 0
1791090336 1785, 2619, 47, 0x0000000000000000 | 8.60 10.55 10.77 | cpu  2140682856 50790263 270572946 14700421695 1671480 0 10591858 0 0 0
1791090337 1785, 2619, 47, 0x0000000000000000 | 8.31 10.46 10.74 | cpu  2140683453 50790264 270573007 14700446851 1671480 0 10591858 0 0 0
1791090338 1785, 2619, 47, 0x0000000000000000 | 8.31 10.46 10.74 | cpu  2140684072 50790264 270573209 14700473216 1671480 0 10591868 0 0 0
1791090340 1785, 2619, 47, 0x0000000000000000 | 8.31 10.46 10.74 | cpu  2140684743 50790264 270573424 14700498525 1671480 0 10591882 0 0 0
1791090341 1785, 2619, 47, 0x0000000000000000 | 8.31 10.46 10.74 | cpu  2140685403 50790264 270573643 14700524327 1671480 0 10591891 0 0 0
1791090342 1785, 2619, 47, 0x0000000000000000 | 8.37 10.43 10.73 | cpu  2140686087 50790264 270573887 14700549657 1671480 0 10591903 0 0 0
1791090343 1785, 2619, 47, 0x0000000000000000 | 8.37 10.43 10.73 | cpu  2140686701 50790264 270574042 14700577266 1671480 0 10591909 0 0 0
1791090344 1785, 2619, 46, 0x0000000000000000 | 8.37 10.43 10.73 | cpu  2140687291 50790264 270574122 14700601933 1671480 0 10591910 0 0 0
1791090346 1785, 2619, 46, 0x0000000000000000 | 8.37 10.43 10.73 | cpu  2140687886 50790264 270574160 14700627641 1671480 0 10591912 0 0 0
1791090347 1785, 2619, 47, 0x0000000000000000 | 8.10 10.34 10.70 | cpu  2140688486 50790264 270574208 14700653234 1671480 0 10591914 0 0 0
1791090348 1785, 2619, 47, 0x0000000000000000 | 8.10 10.34 10.70 | cpu  2140689093 50790264 270574317 14700678272 1671480 0 10591917 0 0 0
1791090349 1785, 2619, 46, 0x0000000000000000 | 8.10 10.34 10.70 | cpu  2140689643 50790264 270574448 14700702829 1671480 0 10591920 0 0 0
1791090350 1785, 2619, 46, 0x0000000000000000 | 8.10 10.34 10.70 | cpu  2140690296 50790264 270574650 14700728081 1671480 0 10591927 0 0 0
1791090351 1785, 2619, 46, 0x0000000000000000 | 8.17 10.32 10.69 | cpu  2140690946 50790264 270574865 14700753413 1671480 0 10591945 0 0 0
1791090353 1785, 2619, 46, 0x0000000000000000 | 8.17 10.32 10.69 | cpu  2140691601 50790264 270575054 14700779343 1671480 0 10591951 0 0 0
1791090354 1785, 2619, 46, 0x0000000000000000 | 8.17 10.32 10.69 | cpu  2140692146 50790264 270575186 14700803681 1671480 0 10591962 0 0 0
1791090355 1785, 2619, 46, 0x0000000000000000 | 8.17 10.32 10.69 | cpu  2140692757 50790264 270575318 14700828704 1671480 0 10591963 0 0 0
1791090356 1785, 2619, 46, 0x0000000000000000 | 8.17 10.32 10.69 | cpu  2140693363 50790264 270575390 14700854277 1671480 0 10591964 0 0 0
1791090357 1785, 2619, 46, 0x0000000000000000 | 8.08 10.26 10.67 | cpu  2140693935 50790264 270575460 14700879738 1671480 0 10591967 0 0 0
1791090358 1785, 2619, 46, 0x0000000000000000 | 8.08 10.26 10.67 | cpu  2140694456 50790264 270575683 14700905095 1671480 0 10591972 0 0 0
1791090360 1785, 2619, 45, 0x0000000000000000 | 8.08 10.26 10.67 | cpu  2140695048 50790264 270575940 14700930843 1671480 0 10591979 0 0 0
1791090361 1785, 2619, 45, 0x0000000000000000 | 8.08 10.26 10.67 | cpu  2140695626 50790265 270576153 14700956334 1671480 0 10591985 0 0 0
1791090362 1785, 2619, 45, 0x0000000000000000 | 7.99 10.21 10.65 | cpu  2140696226 50790265 270576420 14700981675 1671480 0 10591994 0 0 0
1791090363 1785, 2619, 45, 0x0000000000000000 | 7.99 10.21 10.65 | cpu  2140696800 50790266 270576654 14701010207 1671480 0 10591997 0 0 0
1791090364 1785, 2619, 45, 0x0000000000000000 | 7.99 10.21 10.65 | cpu  2140697362 50790266 270576847 14701035737 1671480 0 10592003 0 0 0
1791090366 1785, 2619, 45, 0x0000000000000000 | 7.99 10.21 10.65 | cpu  2140697958 50790266 270577138 14701061916 1671482 0 10592011 0 0 0
1791090367 1785, 2619, 45, 0x0000000000000000 | 7.83 10.14 10.62 | cpu  2140698514 50790266 270577315 14701087293 1671482 0 10592019 0 0 0
1791090368 1785, 2619, 45, 0x0000000000000000 | 7.83 10.14 10.62 | cpu  2140699070 50790266 270577476 14701112728 1671482 0 10592029 0 0 0
1791090369 1785, 2619, 45, 0x0000000000000000 | 7.83 10.14 10.62 | cpu  2140699573 50790266 270577640 14701138442 1671482 0 10592032 0 0 0
1791090370 1785, 2619, 45, 0x0000000000000000 | 7.83 10.14 10.62 | cpu  2140700153 50790266 270577812 14701163985 1671482 0 10592040 0 0 0
1791090371 1785, 2619, 45, 0x0000000000000000 | 7.68 10.07 10.60 | cpu  2140701693 50790266 270578334 14701187767 1671482 0 10592043 0 0 0
1791090373 1785, 2619, 45, 0x0000000000000000 | 7.68 10.07 10.60 | cpu  2140702258 50790266 270578558 14701213433 1671482 0 10592048 0 0 0
1791090374 1785, 2619, 45, 0x0000000000000000 | 7.68 10.07 10.60 | cpu  2140702790 50790266 270578748 14701238620 1671482 0 10592054 0 0 0
1791090375 1785, 2619, 45, 0x0000000000000000 | 7.68 10.07 10.60 | cpu  2140703355 50790266 270578976 14701263411 1671482 0 10592076 0 0 0
1791090376 1785, 2619, 45, 0x0000000000000000 | 7.68 10.07 10.60 | cpu  2140703992 50790266 270579416 14701287967 1671482 0 10592095 0 0 0
1791090377 1785, 2619, 45, 0x0000000000000000 | 7.63 10.02 10.58 | cpu  2140704580 50790266 270579666 14701312893 1671482 0 10592100 0 0 0
1791090378 1785, 2619, 44, 0x0000000000000000 | 7.63 10.02 10.58 | cpu  2140705149 50790266 270579971 14701339000 1671482 0 10592106 0 0 0
1791090380 1785, 2619, 44, 0x0000000000000000 | 7.63 10.02 10.58 | cpu  2140705775 50790266 270581191 14701363807 1671482 0 10592116 0 0 0
1791090381 1785, 2619, 44, 0x0000000000000000 | 7.63 10.02 10.58 | cpu  2140706344 50790266 270581418 14701389494 1671482 0 10592132 0 0 0
1791090382 1785, 2619, 44, 0x0000000000000000 | 7.50 9.95 10.55 | cpu  2140706931 50790266 270581584 14701415437 1671482 0 10592137 0 0 0
1791090383 1785, 2619, 44, 0x0000000000000000 | 7.50 9.95 10.55 | cpu  2140707466 50790266 270581712 14701442585 1671482 0 10592146 0 0 0
1791090385 1785, 2619, 44, 0x0000000000000000 | 7.50 9.95 10.55 | cpu  2140708053 50790266 270581890 14701468542 1671482 0 10592162 0 0 0
1791090386 1785, 2619, 44, 0x0000000000000000 | 7.50 9.95 10.55 | cpu  2140708627 50790266 270582124 14701494564 1671482 0 10592168 0 0 0
1791090387 1785, 2619, 44, 0x0000000000000000 | 7.62 9.94 10.54 | cpu  2140709149 50790266 270582346 14701519563 1671482 0 10592179 0 0 0
1791090388 1785, 2619, 44, 0x0000000000000000 | 7.62 9.94 10.54 | cpu  2140709752 50790266 270582609 14701547703 1671482 0 10592190 0 0 0
1791090389 1785, 2619, 44, 0x0000000000000000 | 7.62 9.94 10.54 | cpu  2140710315 50790266 270582928 14701573882 1671482 0 10592194 0 0 0
1791090391 1785, 2619, 44, 0x0000000000000000 | 7.62 9.94 10.54 | cpu  2140710890 50790266 270583218 14701600023 1671482 0 10592198 0 0 0
1791090392 1785, 2619, 44, 0x0000000000000000 | 7.65 9.90 10.53 | cpu  2140711468 50790266 270583346 14701624483 1671482 0 10592210 0 0 0
