2026/10/03 02:03:15.963, 0, 0, 2647, 69.54, 4
2026/10/03 02:03:16.016, 0, 0, 2647, 69.54, 4
2026/10/03 02:03:16.066, 0, 0, 2647, 69.54, 4
2026/10/03 02:03:16.116, 0, 0, 2647, 69.54, 4
2026/10/03 02:03:16.167, 0, 0, 2647, 69.54, 4
2026/10/03 02:03:16.217, 0, 0, 2647, 69.54, 4
2026/10/03 02:03:16.267, 0, 0, 2647, 69.54, 4
2026/10/03 02:03:16.317, 0, 0, 2647, 69.54, 4
2026/10/03 02:03:16.367, 0, 0, 2647, 69.54, 4
2026/10/03 02:03:16.418, 0, 0, 2647, 69.54, 4
2026/10/03 02:03:16.468, 0, 0, 2647, 69.54, 4
2026/10/03 02:03:16.518, 0, 0, 2647, 69.54, 4
2026/10/03 02:03:16.568, 0, 0, 2647, 69.54, 4
2026/10/03 02:03:16.618, 0, 0, 2647, 67.51, 4
2026/10/03 02:03:16.668, 0, 0, 2647, 67.51, 4
2026/10/03 02:03:16.719, 0, 0, 2647, 67.51, 4
2026/10/03 02:03:16.769, 0, 0, 2647, 67.51, 4
2026/10/03 02:03:16.819, 0, 0, 2647, 67.51, 4
2026/10/03 02:03:16.869, 0, 0, 2647, 67.51, 4
2026/10/03 02:03:16.920, 0, 0, 2647, 67.51, 4
2026/10/03 02:03:16.970, 0, 0, 2647, 67.51, 4
2026/10/03 02:03:17.020, 0, 0, 2647, 67.51, 4
2026/10/03 02:03:17.070, 0, 0, 2647, 67.51, 4
2026/10/03 02:03:17.120, 0, 0, 2647, 66.90, 4
2026/10/03 02:03:17.170, 0, 0, 2647, 66.90, 4
2026/10/03 02:03:17.221, 0, 0, 2647, 66.90, 4
2026/10/03 02:03:17.271, 1, 0, 2647, 66.90, 4
2026/10/03 02:03:17.328, 3, 0, 2647, 66.90, 4
2026/10/03 02:03:17.378, 3, 0, 2647, 66.90, 4
2026/10/03 02:03:17.428, 3, 0, 2647, 66.90, 4
2026/10/03 02:03:17.478, 3, 0, 2647, 66.90, 4
2026/10/03 02:03:17.528, 3, 0, 2647, 66.90, 4
2026/10/03 02:03:17.579, 3, 0, 2520, 40.57, 4
2026/10/03 02:03:17.629, 3, 0, 2520, 40.57, 4
2026/10/03 02:03:17.679, 3, 0, 2520, 40.57, 4
2026/10/03 02:03:17.729, 3, 0, 2520, 40.57, 4
2026/10/03 02:03:17.780, 3, 0, 2520, 40.57, 4
2026/10/03 02:03:17.830, 3, 0, 2520, 40.57, 4
2026/10/03 02:03:17.880, 3, 0, 2520, 40.57, 4
2026/10/03 02:03:17.930, 3, 0, 2520, 40.57, 4
2026/10/03 02:03:17.980, 3, 0, 2520, 40.57, 4
2026/10/03 02:03:18.031, 3, 0, 2520, 40.57, 4
2026/10/03 02:03:18.081, 3, 0, 795, 37.09, 4
2026/10/03 02:03:18.131, 3, 0, 795, 37.09, 4
2026/10/03 02:03:18.181, 3, 0, 795, 37.09, 4
2026/10/03 02:03:18.231, 3, 0, 795, 37.09, 4
2026/10/03 02:03:18.282, 3, 0, 795, 37.09, 4
2026/10/03 02:03:18.332, 3, 0, 795, 37.09, 4
2026/10/03 02:03:18.382, 3, 0, 795, 37.09, 4
2026/10/03 02:03:18.432, 3, 0, 795, 37.09, 4
2026/10/03 02:03:18.483, 3, 0, 795, 37.09, 4
2026/10/03 02:03:18.533, 3, 0, 795, 37.09, 4
2026/10/03 02:03:18.583, 3, 0, 705, 36.46, 4
2026/10/03 02:03:18.633, 3, 0, 705, 36.46, 4
2026/10/03 02:03:18.683, 3, 0, 705, 36.46, 4
2026/10/03 02:03:18.734, 3, 0, 705, 36.46, 4
2026/10/03 02:03:18.784, 3, 0, 705, 36.46, 4
2026/10/03 02:03:18.834, 3, 0, 705, 36.46, 4
2026/10/03 02:03:18.884, 3, 0, 705, 36.46, 4
2026/10/03 02:03:18.935, 3, 0, 705, 36.46, 4
2026/10/03 02:03:18.985, 3, 0, 705, 36.46, 4
2026/10/03 02:03:19.035, 3, 0, 705, 36.46, 4
2026/10/03 02:03:19.085, 3, 0, 705, 36.46, 4
2026/10/03 02:03:19.135, 3, 0, 705, 36.46, 4
2026/10/03 02:03:19.185, 3, 0, 705, 36.46, 4
2026/10/03 02:03:19.236, 3, 0, 705, 36.46, 4
2026/10/03 02:03:19.286, 3, 0, 705, 36.46, 4
2026/10/03 02:03:19.336, 3, 0, 705, 36.46, 4
2026/10/03 02:03:19.386, 3, 0, 705, 36.46, 4
2026/10/03 02:03:19.436, 3, 0, 705, 36.46, 4
2026/10/03 02:03:19.487, 3, 0, 705, 36.46, 4
2026/10/03 02:03:19.537, 3, 0, 705, 36.46, 4
2026/10/03 02:03:19.587, 3, 0, 442, 36.36, 4
2026/10/03 02:03:19.637, 3, 0, 442, 36.36, 4
2026/10/03 02:03:19.688, 3, 0, 442, 36.36, 4
2026/10/03 02:03:19.738, 3, 0, 442, 36.36, 4
2026/10/03 02:03:19.788, 3, 0, 442, 36.36, 4
2026/10/03 02:03:19.838, 3, 0, 442, 36.36, 4
2026/10/03 02:03:19.888, 3, 0, 442, 36.36, 4
2026/10/03 02:03:19.939, 3, 0, 442, 36.36, 4
2026/10/03 02:03:19.989, 3, 0, 442, 36.36, 4
2026/10/03 02:03:20.039, 3, 0, 442, 36.36, 4
2026/10/03 02:03:20.089, 3, 0, 442, 36.36, 4
2026/10/03 02:03:20.139, 3, 0, 442, 36.36, 4
2026/10/03 02:03:20.190, 3, 0, 442, 36.36, 4
2026/10/03 02:03:20.240, 3, 0, 442, 36.36, 4
2026/10/03 02:03:20.290, 3, 0, 442, 36.36, 4
2026/10/03 02:03:20.340, 3, 0, 442, 36.36, 4
2026/10/03 02:03:20.391, 3, 0, 442, 36.36, 4
2026/10/03 02:03:20.441, 3, 0, 442, 36.36, 4
2026/10/03 02:03:20.491, 3, 0, 442, 36.36, 4
2026/10/03 02:03:20.541, 3, 0, 442, 36.36, 4
2026/10/03 02:03:20.591, 3, 0, 300, 34.18, 4
2026/10/03 02:03:20.642, 3, 0, 300, 34.18, 4
2026/10/03 02:03:20.692, 3, 0, 300, 34.18, 4
2026/10/03 02:03:20.742, 3, 0, 300, 34.18, 4
2026/10/03 02:03:20.793, 3, 0, 300, 34.18, 4
2026/10/03 02:03:20.843, 3, 0, 300, 34.18, 4
2026/10/03 02:03:20.893, 3, 0, 300, 34.18, 4
2026/10/03 02:03:20.943, 3, 0, 300, 34.18, 4
2026/10/03 02:03:20.993, 3, 0, 300, 34.18, 4
2026/10/03 02:03:21.044, 3, 0, 300, 34.18, 4
2026/10/03 02:03:21.094, 3, 0, 300, 34.18, 2
2026/10/03 02:03:21.144, 3, 0, 300, 34.18, 2
2026/10/03 02:03:21.194, 3, 0, 300, 34.18, 2
2026/10/03 02:03:21.244, 3, 0, 300, 34.18, 2
2026/10/03 02:03:21.294, 3, 0, 300, 34.18, 2
2026/10/03 02:03:21.345, 3, 0, 300, 34.18, 2
2026/10/03 02:03:21.395, 3, 0, 300, 34.18, 2
2026/10/03 02:03:21.445, 3, 0, 300, 34.18, 2
2026/10/03 02:03:21.495, 3, 0, 300, 34.18, 2
2026/10/03 02:03:21.546, 3, 0, 300, 34.18, 2
2026/10/03 02:03:21.596, 3, 0, 300, 29.34, 2
2026/10/03 02:03:21.646, 3, 0, 300, 29.34, 2
2026/10/03 02:03:21.696, 3, 0, 300, 29.34, 2
2026/10/03 02:03:21.746, 3, 0, 300, 29.34, 2
2026/10/03 02:03:21.796, 3, 0, 300, 29.34, 2
2026/10/03 02:03:21.847, 3, 0, 300, 29.34, 2
2026/10/03 02:03:21.897, 3, 0, 300, 29.34, 2
2026/10/03 02:03:21.947, 3, 0, 300, 29.34, 2
2026/10/03 02:03:21.997, 3, 0, 300, 29.34, 2
2026/10/03 02:03:22.047, 3, 0, 300, 29.34, 2
2026/10/03 02:03:22.097, 3, 0, 300, 29.34, 2
2026/10/03 02:03:22.148, 20, 0, 300, 29.34, 2
2026/10/03 02:03:22.205, 21, 0, 300, 29.34, 2
2026/10/03 02:03:22.255, 507, 0, 300, 29.34, 2
2026/10/03 02:03:22.306, 507, 0, 300, 29.34, 2
2026/10/03 02:03:22.356, 507, 0, 300, 29.34, 2
2026/10/03 02:03:22.406, 507, 0, 300, 29.34, 2
2026/10/03 02:03:22.456, 507, 0, 300, 29.34, 2
2026/10/03 02:03:22.507, 507, 0, 300, 29.34, 2
2026/10/03 02:03:22.557, 507, 0, 300, 29.34, 2
2026/10/03 02:03:22.607, 507, 0, 2647, 69.71, 4
2026/10/03 02:03:22.657, 507, 0, 2647, 69.71, 4
2026/10/03 02:03:22.707, 507, 0, 2647, 69.71, 4
2026/10/03 02:03:22.758, 507, 0, 2647, 69.71, 4
2026/10/03 02:03:22.808, 507, 0, 2647, 69.71, 4
2026/10/03 02:03:22.858, 507, 0, 2647, 69.71, 4
2026/10/03 02:03:22.910, 509, 0, 2647, 69.71, 4
2026/10/03 02:03:22.960, 509, 0, 2647, 69.71, 4
2026/10/03 02:03:23.010, 1109, 0, 2647, 69.71, 4
2026/10/03 02:03:23.061, 1109, 0, 2647, 69.71, 4
2026/10/03 02:03:23.111, 1109, 18, 2647, 69.61, 4
2026/10/03 02:03:23.161, 1109, 18, 2647, 69.61, 4
2026/10/03 02:03:23.211, 1709, 18, 2647, 69.61, 4
2026/10/03 02:03:23.262, 1711, 18, 2647, 69.61, 4
2026/10/03 02:03:23.312, 1833, 18, 2647, 69.61, 4
2026/10/03 02:03:23.362, 1995, 18, 2647, 69.61, 4
2026/10/03 02:03:23.412, 2177, 18, 2647, 69.61, 4
2026/10/03 02:03:23.462, 2339, 18, 2647, 69.61, 4
2026/10/03 02:03:23.513, 2521, 18, 2647, 69.61, 4
2026/10/03 02:03:23.563, 2683, 18, 2647, 69.61, 4
2026/10/03 02:03:23.613, 2867, 18, 2685, 73.67, 4
2026/10/03 02:03:23.663, 3029, 18, 2685, 73.67, 4
2026/10/03 02:03:23.713, 3211, 18, 2685, 73.67, 4
2026/10/03 02:03:23.764, 3373, 18, 2685, 73.67, 4
2026/10/03 02:03:23.814, 3455, 18, 2685, 73.67, 4
2026/10/03 02:03:23.864, 3455, 18, 2685, 73.67, 4
2026/10/03 02:03:23.914, 3455, 18, 2685, 73.67, 4
2026/10/03 02:03:23.964, 3455, 18, 2685, 73.67, 4
2026/10/03 02:03:24.015, 3455, 18, 2685, 73.67, 4
2026/10/03 02:03:24.065, 3455, 18, 2685, 73.67, 4
2026/10/03 02:03:24.115, 3455, 0, 2707, 68.51, 4
2026/10/03 02:03:24.165, 3455, 0, 2707, 68.51, 4
2026/10/03 02:03:24.216, 3455, 0, 2707, 68.51, 4
2026/10/03 02:03:24.266, 3455, 0, 2707, 68.51, 4
2026/10/03 02:03:24.316, 3455, 0, 2707, 68.51, 4
2026/10/03 02:03:24.367, 3455, 0, 2707, 68.51, 4
2026/10/03 02:03:24.417, 3455, 0, 2707, 68.51, 4
2026/10/03 02:03:24.467, 3455, 0, 2707, 68.51, 4
2026/10/03 02:03:24.517, 3455, 0, 2707, 68.51, 4
2026/10/03 02:03:24.567, 3655, 0, 2707, 68.51, 4
2026/10/03 02:03:24.618, 3655, 0, 2647, 67.49, 4
2026/10/03 02:03:24.668, 3655, 0, 2647, 67.49, 4
2026/10/03 02:03:24.718, 3655, 0, 2647, 67.49, 4
2026/10/03 02:03:24.768, 3675, 0, 2647, 67.49, 4
2026/10/03 02:03:24.818, 3675, 0, 2647, 67.49, 4
2026/10/03 02:03:24.868, 3775, 0, 2647, 67.49, 4
2026/10/03 02:03:24.919, 3775, 0, 2647, 67.49, 4
2026/10/03 02:03:24.969, 3775, 0, 2647, 67.49, 4
2026/10/03 02:03:25.019, 3857, 0, 2647, 67.49, 4
2026/10/03 02:03:25.069, 3857, 0, 2647, 67.49, 4
2026/10/03 02:03:25.119, 3857, 2, 2647, 71.21, 4
2026/10/03 02:03:25.170, 3857, 2, 2647, 71.21, 4
2026/10/03 02:03:25.220, 3857, 2, 2647, 71.21, 4
2026/10/03 02:03:25.270, 3857, 2, 2647, 71.21, 4
2026/10/03 02:03:25.320, 4057, 2, 2647, 71.21, 4
2026/10/03 02:03:25.370, 4057, 2, 2647, 71.21, 4
2026/10/03 02:03:25.421, 4057, 2, 2647, 71.21, 4
2026/10/03 02:03:25.471, 4077, 2, 2647, 71.21, 4
2026/10/03 02:03:25.521, 4077, 2, 2647, 71.21, 4
2026/10/03 02:03:25.572, 4177, 2, 2647, 68.86, 4
2026/10/03 02:03:25.622, 4177, 2, 2647, 68.86, 4
2026/10/03 02:03:25.672, 4197, 2, 2647, 68.86, 4
2026/10/03 02:03:25.723, 4197, 2, 2647, 68.86, 4
2026/10/03 02:03:25.773, 4197, 2, 2647, 68.86, 4
2026/10/03 02:03:25.823, 4197, 2, 2647, 68.86, 4
2026/10/03 02:03:25.873, 4197, 2, 2647, 68.86, 4
2026/10/03 02:03:25.923, 4377, 2, 2647, 68.86, 4
2026/10/03 02:03:25.974, 4377, 2, 2647, 68.86, 4
2026/10/03 02:03:26.024, 4377, 2, 2647, 68.86, 4
2026/10/03 02:03:26.074, 4377, 45, 2655, 69.24, 4
2026/10/03 02:03:26.124, 4397, 45, 2655, 69.24, 4
2026/10/03 02:03:26.175, 4397, 45, 2655, 69.24, 4
2026/10/03 02:03:26.225, 4497, 45, 2655, 69.24, 4
2026/10/03 02:03:26.275, 4497, 45, 2655, 69.24, 4
2026/10/03 02:03:26.325, 4517, 45, 2655, 69.24, 4
2026/10/03 02:03:26.375, 4517, 45, 2655, 69.24, 4
2026/10/03 02:03:26.425, 4517, 45, 2655, 69.24, 4
2026/10/03 02:03:26.476, 4697, 45, 2655, 69.24, 4
2026/10/03 02:03:26.526, 4697, 45, 2655, 69.24, 4
2026/10/03 02:03:26.576, 4737, 45, 2655, 70.00, 4
2026/10/03 02:03:26.626, 4737, 45, 2655, 70.00, 4
2026/10/03 02:03:26.676, 4817, 45, 2655, 70.00, 4
2026/10/03 02:03:26.726, 4817, 45, 2655, 70.00, 4
2026/10/03 02:03:26.777, 4837, 45, 2655, 70.00, 4
2026/10/03 02:03:26.827, 4837, 45, 2655, 70.00, 4
2026/10/03 02:03:26.877, 4837, 45, 2655, 70.00, 4
2026/10/03 02:03:26.927, 5037, 45, 2655, 70.00, 4
2026/10/03 02:03:26.977, 5037, 45, 2655, 70.00, 4
2026/10/03 02:03:27.027, 5037, 45, 2655, 70.00, 4
2026/10/03 02:03:27.078, 5057, 21, 2655, 68.56, 4
2026/10/03 02:03:27.128, 5057, 21, 2655, 68.56, 4
2026/10/03 02:03:27.178, 5157, 21, 2655, 68.56, 4
2026/10/03 02:03:27.228, 5157, 21, 2655, 68.56, 4
2026/10/03 02:03:27.278, 5157, 21, 2655, 68.56, 4
2026/10/03 02:03:27.328, 5157, 21, 2655, 68.56, 4
2026/10/03 02:03:27.379, 5297, 21, 2655, 68.56, 4
2026/10/03 02:03:27.429, 5357, 21, 2655, 68.56, 4
2026/10/03 02:03:27.479, 5357, 21, 2655, 68.56, 4
2026/10/03 02:03:27.529, 5377, 21, 2655, 68.56, 4
2026/10/03 02:03:27.579, 5377, 21, 2655, 68.14, 4
2026/10/03 02:03:27.630, 5477, 21, 2655, 68.14, 4
2026/10/03 02:03:27.680, 5477, 21, 2655, 68.14, 4
2026/10/03 02:03:27.730, 5477, 21, 2655, 68.14, 4
2026/10/03 02:03:27.780, 5477, 21, 2655, 68.14, 4
2026/10/03 02:03:27.830, 5477, 21, 2655, 68.14, 4
2026/10/03 02:03:27.881, 5477, 21, 2655, 68.14, 4
2026/10/03 02:03:27.931, 5677, 21, 2655, 68.14, 4
2026/10/03 02:03:27.981, 5677, 21, 2655, 68.14, 4
2026/10/03 02:03:28.031, 5697, 21, 2655, 68.14, 4
2026/10/03 02:03:28.081, 5697, 18, 2655, 68.38, 4
2026/10/03 02:03:28.132, 5797, 18, 2655, 68.38, 4
2026/10/03 02:03:28.182, 5797, 18, 2655, 68.38, 4
2026/10/03 02:03:28.232, 5817, 18, 2655, 68.38, 4
2026/10/03 02:03:28.282, 5817, 18, 2655, 68.38, 4
2026/10/03 02:03:28.332, 5817, 18, 2655, 68.38, 4
2026/10/03 02:03:28.382, 5817, 18, 2655, 68.38, 4
2026/10/03 02:03:28.433, 5997, 18, 2655, 68.38, 4
2026/10/03 02:03:28.483, 5997, 18, 2655, 68.38, 4
2026/10/03 02:03:28.533, 5997, 18, 2655, 68.38, 4
2026/10/03 02:03:28.583, 6017, 18, 2655, 68.36, 4
2026/10/03 02:03:28.633, 6017, 18, 2655, 68.36, 4
2026/10/03 02:03:28.683, 6117, 18, 2655, 68.36, 4
2026/10/03 02:03:28.734, 6137, 18, 2655, 68.36, 4
2026/10/03 02:03:28.784, 6137, 18, 2655, 68.36, 4
2026/10/03 02:03:28.834, 6137, 18, 2655, 68.36, 4
2026/10/03 02:03:28.884, 6137, 18, 2655, 68.36, 4
2026/10/03 02:03:28.934, 6317, 18, 2655, 68.36, 4
2026/10/03 02:03:28.984, 6317, 18, 2655, 68.36, 4
2026/10/03 02:03:29.035, 6317, 18, 2655, 68.36, 4
2026/10/03 02:03:29.085, 6357, 28, 2655, 70.63, 4
2026/10/03 02:03:29.135, 6357, 28, 2655, 70.63, 4
2026/10/03 02:03:29.185, 6437, 28, 2655, 70.63, 4
2026/10/03 02:03:29.235, 6437, 28, 2655, 70.63, 4
2026/10/03 02:03:29.285, 6457, 28, 2655, 70.63, 4
2026/10/03 02:03:29.336, 6457, 28, 2655, 70.63, 4
2026/10/03 02:03:29.386, 6657, 28, 2655, 70.63, 4
2026/10/03 02:03:29.436, 6657, 28, 2655, 70.63, 4
2026/10/03 02:03:29.486, 6657, 28, 2655, 70.63, 4
2026/10/03 02:03:29.536, 6677, 28, 2655, 70.63, 4
2026/10/03 02:03:29.587, 6677, 28, 2655, 68.36, 4
2026/10/03 02:03:29.637, 6777, 28, 2655, 68.36, 4
2026/10/03 02:03:29.687, 6777, 28, 2655, 68.36, 4
2026/10/03 02:03:29.737, 6777, 28, 2655, 68.36, 4
2026/10/03 02:03:29.787, 6777, 28, 2655, 68.36, 4
2026/10/03 02:03:29.838, 6777, 28, 2655, 68.36, 4
2026/10/03 02:03:29.888, 6977, 28, 2655, 68.36, 4
2026/10/03 02:03:29.938, 6977, 28, 2655, 68.36, 4
2026/10/03 02:03:29.988, 6997, 28, 2655, 68.36, 4
2026/10/03 02:03:30.038, 6997, 28, 2655, 68.36, 4
2026/10/03 02:03:30.089, 7097, 2, 2655, 69.48, 4
2026/10/03 02:03:30.139, 7097, 2, 2655, 69.48, 4
2026/10/03 02:03:30.189, 7097, 2, 2655, 69.48, 4
2026/10/03 02:03:30.239, 7097, 2, 2655, 69.48, 4
2026/10/03 02:03:30.289, 7097, 2, 2655, 69.48, 4
2026/10/03 02:03:30.340, 7297, 2, 2655, 69.48, 4
2026/10/03 02:03:30.390, 7297, 2, 2655, 69.48, 4
2026/10/03 02:03:30.440, 7297, 2, 2655, 69.48, 4
2026/10/03 02:03:30.491, 7317, 2, 2655, 69.48, 4
2026/10/03 02:03:30.541, 7317, 2, 2655, 69.48, 4
2026/10/03 02:03:30.591, 7317, 2, 2655, 69.15, 4
2026/10/03 02:03:30.641, 7317, 2, 2655, 69.15, 4
2026/10/03 02:03:30.691, 7317, 2, 2655, 69.15, 4
2026/10/03 02:03:30.742, 7417, 2, 2655, 69.15, 4
2026/10/03 02:03:30.792, 7417, 2, 2655, 69.15, 4
2026/10/03 02:03:30.842, 7437, 2, 2655, 69.15, 4
2026/10/03 02:03:30.892, 7437, 2, 2655, 69.15, 4
2026/10/03 02:03:30.942, 7437, 2, 2655, 69.15, 4
2026/10/03 02:03:30.993, 7437, 2, 2655, 69.15, 4
2026/10/03 02:03:31.043, 7617, 2, 2655, 69.15, 4
2026/10/03 02:03:31.093, 7617, 0, 2655, 67.04, 4
2026/10/03 02:03:31.143, 7617, 0, 2655, 67.04, 4
2026/10/03 02:03:31.193, 7617, 0, 2655, 67.04, 4
2026/10/03 02:03:31.244, 7637, 0, 2655, 67.04, 4
2026/10/03 02:03:31.294, 7637, 0, 2655, 67.04, 4
2026/10/03 02:03:31.344, 7637, 0, 2655, 67.04, 4
2026/10/03 02:03:31.394, 7737, 0, 2655, 67.04, 4
2026/10/03 02:03:31.444, 7757, 0, 2655, 67.04, 4
2026/10/03 02:03:31.495, 7757, 0, 2655, 67.04, 4
2026/10/03 02:03:31.545, 7757, 0, 2655, 67.04, 4
2026/10/03 02:03:31.595, 7757, 0, 2647, 69.08, 4
2026/10/03 02:03:31.645, 7937, 0, 2647, 69.08, 4
2026/10/03 02:03:31.695, 7937, 0, 2647, 69.08, 4
2026/10/03 02:03:31.746, 7937, 0, 2647, 69.08, 4
2026/10/03 02:03:31.796, 7977, 0, 2647, 69.08, 4
2026/10/03 02:03:31.846, 7977, 0, 2647, 69.08, 4
2026/10/03 02:03:31.896, 8057, 0, 2647, 69.08, 4
2026/10/03 02:03:31.946, 8057, 0, 2647, 69.08, 4
2026/10/03 02:03:31.997, 8077, 0, 2647, 69.08, 4
2026/10/03 02:03:32.047, 8077, 0, 2647, 69.08, 4
2026/10/03 02:03:32.097, 8077, 1, 2647, 67.27, 4
2026/10/03 02:03:32.147, 8077, 1, 2647, 67.27, 4
2026/10/03 02:03:32.197, 8077, 1, 2647, 67.27, 4
2026/10/03 02:03:32.248, 8277, 1, 2647, 67.27, 4
2026/10/03 02:03:32.298, 8277, 1, 2647, 67.27, 4
2026/10/03 02:03:32.348, 8297, 1, 2647, 67.27, 4
2026/10/03 02:03:32.398, 8297, 1, 2647, 67.27, 4
2026/10/03 02:03:32.448, 8397, 1, 2647, 67.27, 4
2026/10/03 02:03:32.499, 8397, 1, 2647, 67.27, 4
2026/10/03 02:03:32.549, 8397, 1, 2647, 67.27, 4
2026/10/03 02:03:32.599, 8397, 1, 2647, 68.52, 4
2026/10/03 02:03:32.649, 8397, 1, 2647, 68.52, 4
2026/10/03 02:03:32.699, 8397, 1, 2647, 68.52, 4
2026/10/03 02:03:32.750, 8397, 1, 2647, 68.52, 4
2026/10/03 02:03:32.800, 8597, 1, 2647, 68.52, 4
2026/10/03 02:03:32.850, 8597, 1, 2647, 68.52, 4
2026/10/03 02:03:32.900, 8597, 1, 2647, 68.52, 4
2026/10/03 02:03:32.950, 8617, 1, 2647, 68.52, 4
2026/10/03 02:03:33.001, 8617, 1, 2647, 68.52, 4
2026/10/03 02:03:33.051, 8717, 1, 2647, 68.52, 4
2026/10/03 02:03:33.101, 8717, 2, 2655, 70.46, 4
2026/10/03 02:03:33.151, 8717, 2, 2655, 70.46, 4
2026/10/03 02:03:33.201, 8717, 2, 2655, 70.46, 4
2026/10/03 02:03:33.251, 8917, 2, 2655, 70.46, 4
2026/10/03 02:03:33.302, 8917, 2, 2655, 70.46, 4
2026/10/03 02:03:33.352, 8917, 2, 2655, 70.46, 4
2026/10/03 02:03:33.402, 8937, 2, 2655, 70.46, 4
2026/10/03 02:03:33.452, 8937, 2, 2655, 70.46, 4
2026/10/03 02:03:33.502, 9037, 2, 2655, 70.46, 4
2026/10/03 02:03:33.553, 9037, 2, 2655, 70.46, 4
2026/10/03 02:03:33.603, 9057, 2, 2647, 67.65, 4
2026/10/03 02:03:33.653, 9057, 2, 2647, 67.65, 4
2026/10/03 02:03:33.703, 9057, 2, 2647, 67.65, 4
2026/10/03 02:03:33.753, 9237, 2, 2647, 67.65, 4
2026/10/03 02:03:33.804, 9237, 2, 2647, 67.65, 4
2026/10/03 02:03:33.854, 9237, 2, 2647, 67.65, 4
2026/10/03 02:03:33.904, 9257, 2, 2647, 67.65, 4
2026/10/03 02:03:33.954, 9257, 2, 2647, 67.65, 4
2026/10/03 02:03:34.004, 9357, 2, 2647, 67.65, 4
2026/10/03 02:03:34.055, 9357, 2, 2647, 67.65, 4
2026/10/03 02:03:34.105, 9377, 9, 2647, 69.88, 4
2026/10/03 02:03:34.155, 9377, 9, 2647, 69.88, 4
2026/10/03 02:03:34.205, 9377, 9, 2647, 69.88, 4
2026/10/03 02:03:34.255, 9377, 9, 2647, 69.88, 4
2026/10/03 02:03:34.305, 9557, 9, 2647, 69.88, 4
2026/10/03 02:03:34.356, 9557, 9, 2647, 69.88, 4
2026/10/03 02:03:34.406, 9557, 9, 2647, 69.88, 4
2026/10/03 02:03:34.456, 9557, 9, 2647, 69.88, 4
2026/10/03 02:03:34.506, 9597, 9, 2647, 69.88, 4
2026/10/03 02:03:34.557, 9597, 9, 2647, 69.88, 4
2026/10/03 02:03:34.607, 9677, 9, 2647, 68.67, 4
2026/10/03 02:03:34.657, 9677, 9, 2647, 68.67, 4
2026/10/03 02:03:34.707, 9697, 9, 2647, 68.67, 4
2026/10/03 02:03:34.758, 9697, 9, 2647, 68.67, 4
2026/10/03 02:03:34.808, 9697, 9, 2647, 68.67, 4
2026/10/03 02:03:34.858, 9897, 9, 2647, 68.67, 4
2026/10/03 02:03:34.909, 9897, 9, 2647, 68.67, 4
2026/10/03 02:03:34.959, 9917, 9, 2647, 68.67, 4
2026/10/03 02:03:35.009, 9917, 9, 2647, 68.67, 4
2026/10/03 02:03:35.059, 10017, 9, 2647, 68.67, 4
2026/10/03 02:03:35.109, 10017, 2, 2655, 67.11, 4
2026/10/03 02:03:35.159, 10017, 2, 2655, 67.11, 4
2026/10/03 02:03:35.210, 10017, 2, 2655, 67.11, 4
2026/10/03 02:03:35.260, 10017, 2, 2655, 67.11, 4
2026/10/03 02:03:35.310, 10217, 2, 2655, 67.11, 4
2026/10/03 02:03:35.360, 10217, 2, 2655, 67.11, 4
2026/10/03 02:03:35.410, 10217, 2, 2655, 67.11, 4
2026/10/03 02:03:35.461, 10237, 2, 2655, 67.11, 4
2026/10/03 02:03:35.511, 10237, 2, 2655, 67.11, 4
2026/10/03 02:03:35.561, 10337, 2, 2655, 67.11, 4
2026/10/03 02:03:35.611, 10337, 2, 2655, 67.91, 4
2026/10/03 02:03:35.661, 10337, 2, 2655, 67.91, 4
2026/10/03 02:03:35.711, 10337, 2, 2655, 67.91, 4
2026/10/03 02:03:35.762, 10337, 2, 2655, 67.91, 4
2026/10/03 02:03:35.812, 10537, 2, 2655, 67.91, 4
2026/10/03 02:03:35.862, 10537, 2, 2655, 67.91, 4
2026/10/03 02:03:35.912, 10557, 2, 2655, 67.91, 4
2026/10/03 02:03:35.962, 10557, 2, 2655, 67.91, 4
2026/10/03 02:03:36.013, 10657, 2, 2655, 67.91, 4
2026/10/03 02:03:36.063, 10657, 2, 2655, 67.91, 4
2026/10/03 02:03:36.113, 10677, 3, 2655, 67.25, 4
2026/10/03 02:03:36.163, 10677, 3, 2655, 67.25, 4
2026/10/03 02:03:36.213, 10677, 3, 2655, 67.25, 4
2026/10/03 02:03:36.263, 10677, 3, 2655, 67.25, 4
2026/10/03 02:03:36.314, 10857, 3, 2655, 67.25, 4
2026/10/03 02:03:36.364, 10857, 3, 2655, 67.25, 4
2026/10/03 02:03:36.414, 10857, 3, 2655, 67.25, 4
2026/10/03 02:03:36.464, 10877, 3, 2655, 67.25, 4
2026/10/03 02:03:36.514, 10877, 3, 2655, 67.25, 4
2026/10/03 02:03:36.565, 10977, 3, 2655, 67.25, 4
2026/10/03 02:03:36.615, 10977, 3, 2647, 69.29, 4
2026/10/03 02:03:36.665, 10997, 3, 2647, 69.29, 4
2026/10/03 02:03:36.715, 10997, 3, 2647, 69.29, 4
2026/10/03 02:03:36.765, 10997, 3, 2647, 69.29, 4
2026/10/03 02:03:36.816, 11177, 3, 2647, 69.29, 4
2026/10/03 02:03:36.866, 11177, 3, 2647, 69.29, 4
2026/10/03 02:03:36.916, 11177, 3, 2647, 69.29, 4
2026/10/03 02:03:36.966, 11217, 3, 2647, 69.29, 4
2026/10/03 02:03:37.016, 11217, 3, 2647, 69.29, 4
2026/10/03 02:03:37.067, 11297, 3, 2647, 69.29, 4
2026/10/03 02:03:37.117, 11297, 2, 2655, 68.98, 4
2026/10/03 02:03:37.167, 11317, 2, 2655, 68.98, 4
2026/10/03 02:03:37.217, 11317, 2, 2655, 68.98, 4
2026/10/03 02:03:37.267, 11317, 2, 2655, 68.98, 4
2026/10/03 02:03:37.318, 11517, 2, 2655, 68.98, 4
2026/10/03 02:03:37.368, 11517, 2, 2655, 68.98, 4
2026/10/03 02:03:37.418, 11537, 2, 2655, 68.98, 4
2026/10/03 02:03:37.468, 11537, 2, 2655, 68.98, 4
2026/10/03 02:03:37.518, 11637, 2, 2655, 68.98, 4
2026/10/03 02:03:37.568, 11637, 2, 2655, 68.98, 4
2026/10/03 02:03:37.619, 11637, 2, 2655, 68.61, 4
2026/10/03 02:03:37.669, 11637, 2, 2655, 68.61, 4
2026/10/03 02:03:37.719, 11637, 2, 2655, 68.61, 4
2026/10/03 02:03:37.770, 11837, 2, 2655, 68.61, 4
2026/10/03 02:03:37.820, 11837, 2, 2655, 68.61, 4
2026/10/03 02:03:37.870, 11837, 2, 2655, 68.61, 4
2026/10/03 02:03:37.920, 11857, 2, 2655, 68.61, 4
2026/10/03 02:03:37.970, 11857, 2, 2655, 68.61, 4
2026/10/03 02:03:38.021, 11957, 2, 2655, 68.61, 4
2026/10/03 02:03:38.071, 11957, 2, 2655, 68.61, 4
2026/10/03 02:03:38.121, 11957, 0, 2647, 69.41, 4
2026/10/03 02:03:38.171, 11957, 0, 2647, 69.41, 4
2026/10/03 02:03:38.222, 11957, 0, 2647, 69.41, 4
2026/10/03 02:03:38.272, 12157, 0, 2647, 69.41, 4
2026/10/03 02:03:38.322, 12157, 0, 2647, 69.41, 4
2026/10/03 02:03:38.372, 12177, 0, 2647, 69.41, 4
2026/10/03 02:03:38.422, 12177, 0, 2647, 69.41, 4
2026/10/03 02:03:38.472, 12177, 0, 2647, 69.41, 4
2026/10/03 02:03:38.523, 12277, 0, 2647, 69.41, 4
2026/10/03 02:03:38.573, 12297, 0, 2647, 68.46, 4
2026/10/03 02:03:38.623, 12297, 0, 2647, 68.46, 4
2026/10/03 02:03:38.673, 12297, 0, 2647, 68.46, 4
2026/10/03 02:03:38.724, 12477, 0, 2647, 68.46, 4
2026/10/03 02:03:38.774, 12477, 0, 2647, 68.46, 4
2026/10/03 02:03:38.825, 12477, 0, 2647, 68.46, 4
2026/10/03 02:03:38.875, 12497, 0, 2647, 68.46, 4
2026/10/03 02:03:38.925, 12497, 0, 2647, 68.46, 4
2026/10/03 02:03:38.975, 12597, 0, 2647, 68.46, 4
2026/10/03 02:03:39.026, 12597, 0, 2647, 68.46, 4
2026/10/03 02:03:39.076, 12617, 9, 2647, 68.38, 4
2026/10/03 02:03:39.126, 12617, 9, 2647, 68.38, 4
2026/10/03 02:03:39.176, 12617, 9, 2647, 68.38, 4
2026/10/03 02:03:39.226, 12797, 9, 2647, 68.38, 4
2026/10/03 02:03:39.276, 12797, 9, 2647, 68.38, 4
2026/10/03 02:03:39.327, 12797, 9, 2647, 68.38, 4
2026/10/03 02:03:39.377, 12837, 9, 2647, 68.38, 4
2026/10/03 02:03:39.427, 12837, 9, 2647, 68.38, 4
2026/10/03 02:03:39.477, 12917, 9, 2647, 68.38, 4
2026/10/03 02:03:39.528, 12917, 9, 2647, 68.38, 4
2026/10/03 02:03:39.578, 12917, 9, 2647, 67.84, 4
2026/10/03 02:03:39.628, 12937, 9, 2647, 67.84, 4
2026/10/03 02:03:39.678, 12937, 9, 2647, 67.84, 4
2026/10/03 02:03:39.728, 13137, 9, 2647, 67.84, 4
2026/10/03 02:03:39.778, 13137, 9, 2647, 67.84, 4
2026/10/03 02:03:39.829, 13137, 9, 2647, 67.84, 4
2026/10/03 02:03:39.879, 13157, 9, 2647, 67.84, 4
2026/10/03 02:03:39.929, 13157, 9, 2647, 67.84, 4
2026/10/03 02:03:39.979, 13257, 9, 2647, 67.84, 4
2026/10/03 02:03:40.030, 13257, 9, 2647, 67.84, 4
2026/10/03 02:03:40.080, 13257, 10, 2647, 68.21, 4
2026/10/03 02:03:40.130, 13257, 10, 2647, 68.21, 4
2026/10/03 02:03:40.180, 13257, 10, 2647, 68.21, 4
2026/10/03 02:03:40.230, 13457, 10, 2647, 68.21, 4
2026/10/03 02:03:40.281, 13457, 10, 2647, 68.21, 4
2026/10/03 02:03:40.331, 13477, 10, 2647, 68.21, 4
2026/10/03 02:03:40.381, 13477, 10, 2647, 68.21, 4
2026/10/03 02:03:40.431, 13477, 10, 2647, 68.21, 4
2026/10/03 02:03:40.481, 13577, 10, 2647, 68.21, 4
2026/10/03 02:03:40.531, 13577, 10, 2647, 68.21, 4
2026/10/03 02:03:40.582, 13577, 10, 2647, 70.37, 4
2026/10/03 02:03:40.632, 13577, 10, 2647, 70.37, 4
2026/10/03 02:03:40.682, 13577, 10, 2647, 70.37, 4
2026/10/03 02:03:40.732, 13777, 10, 2647, 70.37, 4
2026/10/03 02:03:40.782, 13777, 10, 2647, 70.37, 4
2026/10/03 02:03:40.833, 13777, 10, 2647, 70.37, 4
2026/10/03 02:03:40.883, 13777, 10, 2647, 70.37, 4
2026/10/03 02:03:40.933, 13797, 10, 2647, 70.37, 4
2026/10/03 02:03:40.983, 13797, 10, 2647, 70.37, 4
2026/10/03 02:03:41.033, 13797, 10, 2647, 70.37, 4
2026/10/03 02:03:41.083, 13897, 5, 2647, 67.79, 4
2026/10/03 02:03:41.134, 13917, 5, 2647, 67.79, 4
2026/10/03 02:03:41.184, 13917, 5, 2647, 67.79, 4
2026/10/03 02:03:41.234, 13917, 5, 2647, 67.79, 4
2026/10/03 02:03:41.284, 13917, 5, 2647, 67.79, 4
2026/10/03 02:03:41.335, 14097, 5, 2647, 67.79, 4
2026/10/03 02:03:41.385, 14097, 5, 2647, 67.79, 4
2026/10/03 02:03:41.435, 14097, 5, 2647, 67.79, 4
2026/10/03 02:03:41.485, 14117, 5, 2647, 67.79, 4
2026/10/03 02:03:41.535, 14117, 5, 2647, 67.79, 4
2026/10/03 02:03:41.586, 14217, 5, 2655, 69.73, 4
2026/10/03 02:03:41.636, 14217, 5, 2655, 69.73, 4
2026/10/03 02:03:41.686, 14237, 5, 2655, 69.73, 4
2026/10/03 02:03:41.736, 14237, 5, 2655, 69.73, 4
2026/10/03 02:03:41.787, 14237, 5, 2655, 69.73, 4
2026/10/03 02:03:41.837, 14417, 5, 2655, 69.73, 4
2026/10/03 02:03:41.887, 14417, 5, 2655, 69.73, 4
2026/10/03 02:03:41.937, 14417, 5, 2655, 69.73, 4
2026/10/03 02:03:41.988, 14417, 5, 2655, 69.73, 4
2026/10/03 02:03:42.038, 14457, 5, 2655, 69.73, 4
2026/10/03 02:03:42.088, 14457, 3, 2655, 69.03, 4
2026/10/03 02:03:42.138, 14537, 3, 2655, 69.03, 4
2026/10/03 02:03:42.188, 14537, 3, 2655, 69.03, 4
2026/10/03 02:03:42.239, 14557, 3, 2655, 69.03, 4
2026/10/03 02:03:42.289, 14557, 3, 2655, 69.03, 4
2026/10/03 02:03:42.339, 14557, 3, 2655, 69.03, 4
2026/10/03 02:03:42.389, 14757, 3, 2655, 69.03, 4
2026/10/03 02:03:42.439, 14757, 3, 2655, 69.03, 4
2026/10/03 02:03:42.489, 14777, 3, 2655, 69.03, 4
2026/10/03 02:03:42.539, 14777, 3, 2655, 69.03, 4
2026/10/03 02:03:42.590, 14877, 3, 2655, 67.05, 4
2026/10/03 02:03:42.640, 14877, 3, 2655, 67.05, 4
2026/10/03 02:03:42.690, 14877, 3, 2655, 67.05, 4
2026/10/03 02:03:42.740, 14877, 3, 2655, 67.05, 4
2026/10/03 02:03:42.790, 14877, 3, 2655, 67.05, 4
2026/10/03 02:03:42.840, 14877, 3, 2655, 67.05, 4
2026/10/03 02:03:42.891, 15077, 3, 2655, 67.05, 4
2026/10/03 02:03:42.941, 15077, 3, 2655, 67.05, 4
2026/10/03 02:03:42.991, 15097, 3, 2655, 67.05, 4
2026/10/03 02:03:43.041, 15097, 3, 2655, 67.05, 4
2026/10/03 02:03:43.091, 15197, 2, 2655, 68.83, 4
2026/10/03 02:03:43.141, 15197, 2, 2655, 68.83, 4
2026/10/03 02:03:43.192, 15197, 2, 2655, 68.83, 4
2026/10/03 02:03:43.242, 15197, 2, 2655, 68.83, 4
2026/10/03 02:03:43.292, 15197, 2, 2655, 68.83, 4
2026/10/03 02:03:43.342, 15397, 2, 2655, 68.83, 4
2026/10/03 02:03:43.392, 15397, 2, 2655, 68.83, 4
2026/10/03 02:03:43.443, 15397, 2, 2655, 68.83, 4
2026/10/03 02:03:43.493, 15417, 2, 2655, 68.83, 4
2026/10/03 02:03:43.543, 15417, 2, 2655, 68.83, 4
2026/10/03 02:03:43.593, 15517, 2, 2655, 67.21, 4
2026/10/03 02:03:43.643, 15537, 2, 2655, 67.21, 4
2026/10/03 02:03:43.693, 15537, 2, 2655, 67.21, 4
2026/10/03 02:03:43.744, 15537, 2, 2655, 67.21, 4
2026/10/03 02:03:43.794, 15717, 2, 2655, 67.21, 4
2026/10/03 02:03:43.844, 15717, 2, 2655, 67.21, 4
2026/10/03 02:03:43.894, 15717, 2, 2655, 67.21, 4
2026/10/03 02:03:43.944, 15737, 2, 2655, 67.21, 4
2026/10/03 02:03:43.995, 15737, 2, 2655, 67.21, 4
2026/10/03 02:03:44.045, 15837, 2, 2655, 67.21, 4
2026/10/03 02:03:44.095, 15837, 2, 2655, 68.45, 4
2026/10/03 02:03:44.145, 15857, 2, 2655, 68.45, 4
2026/10/03 02:03:44.196, 15857, 2, 2655, 68.45, 4
2026/10/03 02:03:44.246, 15857, 2, 2655, 68.45, 4
2026/10/03 02:03:44.296, 16037, 2, 2655, 68.45, 4
2026/10/03 02:03:44.346, 16037, 2, 2655, 68.45, 4
2026/10/03 02:03:44.396, 16077, 2, 2655, 68.45, 4
2026/10/03 02:03:44.447, 16077, 2, 2655, 68.45, 4
2026/10/03 02:03:44.497, 16157, 2, 2655, 68.45, 4
2026/10/03 02:03:44.547, 16157, 2, 2655, 68.45, 4
2026/10/03 02:03:44.597, 16177, 2, 2655, 69.91, 4
2026/10/03 02:03:44.647, 16177, 2, 2655, 69.91, 4
2026/10/03 02:03:44.698, 16177, 2, 2655, 69.91, 4
2026/10/03 02:03:44.748, 16377, 2, 2655, 69.91, 4
2026/10/03 02:03:44.798, 16377, 2, 2655, 69.91, 4
2026/10/03 02:03:44.848, 16377, 2, 2655, 69.91, 4
2026/10/03 02:03:44.899, 16397, 2, 2655, 69.91, 4
2026/10/03 02:03:44.949, 16397, 2, 2655, 69.91, 4
2026/10/03 02:03:44.999, 16497, 2, 2655, 69.91, 4
2026/10/03 02:03:45.049, 16497, 2, 2655, 69.91, 4
2026/10/03 02:03:45.099, 16497, 9, 2647, 67.96, 4
2026/10/03 02:03:45.150, 16497, 9, 2647, 67.96, 4
2026/10/03 02:03:45.200, 16497, 9, 2647, 67.96, 4
2026/10/03 02:03:45.250, 16697, 9, 2647, 67.96, 4
2026/10/03 02:03:45.300, 16697, 9, 2647, 67.96, 4
2026/10/03 02:03:45.350, 16717, 9, 2647, 67.96, 4
2026/10/03 02:03:45.401, 16717, 9, 2647, 67.96, 4
2026/10/03 02:03:45.451, 16817, 9, 2647, 67.96, 4
2026/10/03 02:03:45.501, 16817, 9, 2647, 67.96, 4
2026/10/03 02:03:45.551, 16817, 9, 2647, 67.96, 4
2026/10/03 02:03:45.601, 16817, 9, 2647, 69.96, 4
2026/10/03 02:03:45.652, 16817, 9, 2647, 69.96, 4
2026/10/03 02:03:45.702, 17017, 9, 2647, 69.96, 4
2026/10/03 02:03:45.752, 17017, 9, 2647, 69.96, 4
2026/10/03 02:03:45.802, 17017, 9, 2647, 69.96, 4
2026/10/03 02:03:45.852, 17037, 9, 2647, 69.96, 4
2026/10/03 02:03:45.903, 17037, 9, 2647, 69.96, 4
2026/10/03 02:03:45.953, 17137, 9, 2647, 69.96, 4
2026/10/03 02:03:46.003, 17137, 9, 2647, 69.96, 4
2026/10/03 02:03:46.053, 17157, 9, 2647, 69.96, 4
2026/10/03 02:03:46.104, 17157, 9, 2647, 68.66, 4
2026/10/03 02:03:46.154, 17337, 9, 2647, 68.66, 4
2026/10/03 02:03:46.204, 17337, 9, 2647, 68.66, 4
2026/10/03 02:03:46.254, 17337, 9, 2647, 68.66, 4
2026/10/03 02:03:46.304, 17357, 9, 2647, 68.66, 4
2026/10/03 02:03:46.355, 17357, 9, 2647, 68.66, 4
2026/10/03 02:03:46.405, 17457, 9, 2647, 68.66, 4
2026/10/03 02:03:46.455, 17457, 9, 2647, 68.66, 4
2026/10/03 02:03:46.505, 17477, 9, 2647, 68.66, 4
2026/10/03 02:03:46.555, 17477, 9, 2647, 68.66, 4
2026/10/03 02:03:46.606, 17477, 9, 2647, 67.93, 4
2026/10/03 02:03:46.656, 17657, 9, 2647, 67.93, 4
2026/10/03 02:03:46.706, 17657, 9, 2647, 67.93, 4
2026/10/03 02:03:46.756, 17697, 9, 2647, 67.93, 4
2026/10/03 02:03:46.806, 17697, 9, 2647, 67.93, 4
2026/10/03 02:03:46.857, 17777, 9, 2647, 67.93, 4
2026/10/03 02:03:46.907, 17777, 9, 2647, 67.93, 4
2026/10/03 02:03:46.957, 17797, 9, 2647, 67.93, 4
2026/10/03 02:03:47.007, 17797, 9, 2647, 67.93, 4
2026/10/03 02:03:47.057, 17797, 9, 2647, 67.93, 4
2026/10/03 02:03:47.108, 17997, 1, 2647, 68.39, 4
2026/10/03 02:03:47.158, 17997, 1, 2647, 68.39, 4
2026/10/03 02:03:47.208, 17997, 1, 2647, 68.39, 4
2026/10/03 02:03:47.258, 18017, 1, 2647, 68.39, 4
2026/10/03 02:03:47.309, 18017, 1, 2647, 68.39, 4
2026/10/03 02:03:47.359, 18117, 1, 2647, 68.39, 4
2026/10/03 02:03:47.409, 18117, 1, 2647, 68.39, 4
2026/10/03 02:03:47.459, 18117, 1, 2647, 68.39, 4
2026/10/03 02:03:47.509, 18117, 1, 2647, 68.39, 4
2026/10/03 02:03:47.560, 18117, 1, 2647, 68.39, 4
2026/10/03 02:03:47.610, 18117, 1, 2647, 67.87, 4
2026/10/03 02:03:47.660, 18317, 1, 2647, 67.87, 4
2026/10/03 02:03:47.710, 18317, 1, 2647, 67.87, 4
2026/10/03 02:03:47.760, 18337, 1, 2647, 67.87, 4
2026/10/03 02:03:47.811, 18337, 1, 2647, 67.87, 4
2026/10/03 02:03:47.861, 18437, 1, 2647, 67.87, 4
2026/10/03 02:03:47.911, 18437, 1, 2647, 67.87, 4
2026/10/03 02:03:47.961, 18437, 1, 2647, 67.87, 4
2026/10/03 02:03:48.011, 18437, 1, 2647, 67.87, 4
2026/10/03 02:03:48.062, 18437, 1, 2647, 67.87, 4
2026/10/03 02:03:48.112, 18637, 1, 2647, 69.96, 4
2026/10/03 02:03:48.162, 18637, 1, 2647, 69.96, 4
2026/10/03 02:03:48.212, 18657, 1, 2647, 69.96, 4
2026/10/03 02:03:48.263, 18657, 1, 2647, 69.96, 4
2026/10/03 02:03:48.313, 18757, 1, 2647, 69.96, 4
2026/10/03 02:03:48.363, 18757, 1, 2647, 69.96, 4
2026/10/03 02:03:48.413, 18777, 1, 2647, 69.96, 4
2026/10/03 02:03:48.463, 18777, 1, 2647, 69.96, 4
2026/10/03 02:03:48.514, 18777, 1, 2647, 69.96, 4
2026/10/03 02:03:48.564, 18957, 1, 2647, 69.96, 4
2026/10/03 02:03:48.614, 18957, 1, 2647, 69.16, 4
2026/10/03 02:03:48.664, 18957, 1, 2647, 69.16, 4
2026/10/03 02:03:48.714, 18977, 1, 2647, 69.16, 4
2026/10/03 02:03:48.765, 18977, 1, 2647, 69.16, 4
2026/10/03 02:03:48.815, 18977, 1, 2647, 69.16, 4
2026/10/03 02:03:48.865, 19077, 1, 2647, 69.16, 4
2026/10/03 02:03:48.915, 19077, 1, 2647, 69.16, 4
2026/10/03 02:03:48.966, 19097, 1, 2647, 69.16, 4
2026/10/03 02:03:49.016, 19097, 1, 2647, 69.16, 4
2026/10/03 02:03:49.066, 19097, 1, 2647, 69.16, 4
2026/10/03 02:03:49.116, 19097, 1, 2647, 69.33, 4
2026/10/03 02:03:49.166, 19097, 1, 2647, 69.33, 4
2026/10/03 02:03:49.217, 19097, 1, 2647, 69.33, 4
2026/10/03 02:03:49.267, 19097, 1, 2647, 69.33, 4
2026/10/03 02:03:49.317, 19097, 1, 2647, 69.33, 4
2026/10/03 02:03:49.367, 19097, 1, 2647, 69.33, 4
2026/10/03 02:03:49.417, 19097, 1, 2647, 69.33, 4
2026/10/03 02:03:49.468, 19097, 1, 2647, 69.33, 4
2026/10/03 02:03:49.518, 19097, 1, 2647, 69.33, 4
2026/10/03 02:03:49.568, 19097, 1, 2647, 69.33, 4
2026/10/03 02:03:49.618, 19097, 1, 2647, 69.35, 4
2026/10/03 02:03:49.668, 19097, 1, 2647, 69.35, 4
2026/10/03 02:03:49.719, 19097, 1, 2647, 69.35, 4
2026/10/03 02:03:49.769, 19097, 1, 2647, 69.35, 4
2026/10/03 02:03:49.819, 19097, 1, 2647, 69.35, 4
2026/10/03 02:03:49.869, 19097, 1, 2647, 69.35, 4
2026/10/03 02:03:49.920, 19097, 1, 2647, 69.35, 4
2026/10/03 02:03:49.970, 19097, 1, 2647, 69.35, 4
2026/10/03 02:03:50.020, 19097, 1, 2647, 69.35, 4
2026/10/03 02:03:50.071, 19097, 1, 2647, 69.35, 4
2026/10/03 02:03:50.121, 19097, 0, 2647, 67.83, 4
2026/10/03 02:03:50.171, 19097, 0, 2647, 67.83, 4
2026/10/03 02:03:50.222, 19097, 0, 2647, 67.83, 4
2026/10/03 02:03:50.272, 19097, 0, 2647, 67.83, 4
2026/10/03 02:03:50.322, 19097, 0, 2647, 67.83, 4
2026/10/03 02:03:50.372, 19097, 0, 2647, 67.83, 4
2026/10/03 02:03:50.422, 19097, 0, 2647, 67.83, 4
2026/10/03 02:03:50.473, 19097, 0, 2647, 67.83, 4
2026/10/03 02:03:50.523, 19097, 0, 2647, 67.83, 4
2026/10/03 02:03:50.573, 19097, 0, 2647, 68.54, 4
2026/10/03 02:03:50.623, 19097, 0, 2647, 68.54, 4
2026/10/03 02:03:50.674, 19097, 0, 2647, 68.54, 4
2026/10/03 02:03:50.724, 19097, 0, 2647, 68.54, 4
2026/10/03 02:03:50.774, 19097, 0, 2647, 68.54, 4
2026/10/03 02:03:50.824, 19097, 0, 2647, 68.54, 4
2026/10/03 02:03:50.875, 19097, 0, 2647, 68.54, 4
2026/10/03 02:03:50.925, 19097, 0, 2647, 68.54, 4
2026/10/03 02:03:50.975, 19097, 0, 2647, 68.54, 4
2026/10/03 02:03:51.025, 19097, 0, 2647, 68.54, 4
2026/10/03 02:03:51.075, 19097, 0, 2647, 67.76, 4
2026/10/03 02:03:51.126, 19097, 0, 2647, 67.76, 4
2026/10/03 02:03:51.176, 19097, 0, 2647, 67.76, 4
2026/10/03 02:03:51.226, 19097, 0, 2647, 67.76, 4
2026/10/03 02:03:51.276, 19097, 0, 2647, 67.76, 4
2026/10/03 02:03:51.327, 19097, 0, 2647, 67.76, 4
2026/10/03 02:03:51.377, 19097, 0, 2647, 67.76, 4
2026/10/03 02:03:51.427, 19097, 0, 2647, 67.76, 4
2026/10/03 02:03:51.477, 19097, 0, 2647, 67.76, 4
2026/10/03 02:03:51.527, 19097, 0, 2647, 67.76, 4
2026/10/03 02:03:51.577, 19097, 0, 2647, 68.10, 4
2026/10/03 02:03:51.628, 19097, 0, 2647, 68.10, 4
2026/10/03 02:03:51.678, 19097, 0, 2647, 68.10, 4
2026/10/03 02:03:51.728, 19097, 0, 2647, 68.10, 4
2026/10/03 02:03:51.779, 19097, 0, 2647, 68.10, 4
2026/10/03 02:03:51.829, 19097, 0, 2647, 68.10, 4
2026/10/03 02:03:51.879, 19097, 0, 2647, 68.10, 4
2026/10/03 02:03:51.929, 19097, 0, 2647, 68.10, 4
2026/10/03 02:03:51.980, 19097, 0, 2647, 68.10, 4
2026/10/03 02:03:52.030, 19097, 0, 2647, 68.10, 4
2026/10/03 02:03:52.080, 19097, 0, 2647, 70.34, 4
2026/10/03 02:03:52.130, 19097, 0, 2647, 70.34, 4
2026/10/03 02:03:52.181, 19097, 0, 2647, 70.34, 4
2026/10/03 02:03:52.231, 19097, 0, 2647, 70.34, 4
2026/10/03 02:03:52.281, 19097, 0, 2647, 70.34, 4
2026/10/03 02:03:52.331, 19097, 0, 2647, 70.34, 4
2026/10/03 02:03:52.381, 19097, 0, 2647, 70.34, 4
2026/10/03 02:03:52.432, 19097, 0, 2647, 70.34, 4
2026/10/03 02:03:52.482, 19097, 0, 2647, 70.34, 4
2026/10/03 02:03:52.532, 19097, 0, 2647, 70.34, 4
2026/10/03 02:03:52.582, 19097, 0, 2647, 67.57, 4
2026/10/03 02:03:52.632, 19097, 0, 2647, 67.57, 4
2026/10/03 02:03:52.683, 19097, 0, 2647, 67.57, 4
2026/10/03 02:03:52.733, 19097, 0, 2647, 67.57, 4
2026/10/03 02:03:52.783, 19097, 0, 2647, 67.57, 4
2026/10/03 02:03:52.833, 19097, 0, 2647, 67.57, 4
2026/10/03 02:03:52.883, 19097, 0, 2647, 67.57, 4
2026/10/03 02:03:52.934, 19097, 0, 2647, 67.57, 4
2026/10/03 02:03:52.984, 19097, 0, 2647, 67.57, 4
2026/10/03 02:03:53.034, 19097, 0, 2647, 67.57, 4
2026/10/03 02:03:53.084, 19097, 0, 2647, 69.79, 4
2026/10/03 02:03:53.134, 19097, 0, 2647, 69.79, 4
2026/10/03 02:03:53.185, 19097, 0, 2647, 69.79, 4
2026/10/03 02:03:53.235, 19097, 0, 2647, 69.79, 4
2026/10/03 02:03:53.285, 19097, 0, 2647, 69.79, 4
2026/10/03 02:03:53.335, 19097, 0, 2647, 69.79, 4
2026/10/03 02:03:53.386, 19097, 0, 2647, 69.79, 4
2026/10/03 02:03:53.436, 19097, 0, 2647, 69.79, 4
2026/10/03 02:03:53.486, 19097, 0, 2647, 69.79, 4
2026/10/03 02:03:53.536, 19097, 0, 2647, 69.79, 4
2026/10/03 02:03:53.586, 19097, 0, 2647, 68.91, 4
2026/10/03 02:03:53.637, 19097, 0, 2647, 68.91, 4
2026/10/03 02:03:53.687, 19097, 0, 2647, 68.91, 4
2026/10/03 02:03:53.737, 19097, 0, 2647, 68.91, 4
2026/10/03 02:03:53.787, 19097, 0, 2647, 68.91, 4
2026/10/03 02:03:53.837, 19097, 0, 2647, 68.91, 4
2026/10/03 02:03:53.888, 19097, 0, 2647, 68.91, 4
2026/10/03 02:03:53.938, 19097, 0, 2647, 68.91, 4
2026/10/03 02:03:53.988, 19097, 0, 2647, 68.91, 4
2026/10/03 02:03:54.038, 19097, 0, 2647, 68.91, 4
2026/10/03 02:03:54.089, 19097, 0, 2647, 66.82, 4
2026/10/03 02:03:54.139, 19097, 0, 2647, 66.82, 4
2026/10/03 02:03:54.189, 19097, 0, 2647, 66.82, 4
2026/10/03 02:03:54.239, 19097, 0, 2647, 66.82, 4
2026/10/03 02:03:54.289, 19097, 0, 2647, 66.82, 4
2026/10/03 02:03:54.340, 19097, 0, 2647, 66.82, 4
2026/10/03 02:03:54.390, 19097, 0, 2647, 66.82, 4
2026/10/03 02:03:54.440, 19097, 0, 2647, 66.82, 4
2026/10/03 02:03:54.490, 19097, 0, 2647, 66.82, 4
2026/10/03 02:03:54.540, 19097, 0, 2647, 66.82, 4
2026/10/03 02:03:54.591, 19097, 0, 2647, 68.56, 4
2026/10/03 02:03:54.641, 19097, 0, 2647, 68.56, 4
2026/10/03 02:03:54.691, 19097, 0, 2647, 68.56, 4
2026/10/03 02:03:54.741, 19097, 0, 2647, 68.56, 4
2026/10/03 02:03:54.792, 19097, 0, 2647, 68.56, 4
2026/10/03 02:03:54.842, 19097, 0, 2647, 68.56, 4
2026/10/03 02:03:54.892, 19097, 0, 2647, 68.56, 4
2026/10/03 02:03:54.942, 19097, 0, 2647, 68.56, 4
2026/10/03 02:03:54.992, 19097, 0, 2647, 68.56, 4
2026/10/03 02:03:55.043, 19097, 0, 2647, 68.56, 4
2026/10/03 02:03:55.093, 19097, 0, 2647, 66.96, 4
2026/10/03 02:03:55.143, 19097, 0, 2647, 66.96, 4
2026/10/03 02:03:55.193, 19097, 0, 2647, 66.96, 4
2026/10/03 02:03:55.244, 19097, 0, 2647, 66.96, 4
2026/10/03 02:03:55.294, 19097, 0, 2647, 66.96, 4
2026/10/03 02:03:55.344, 19097, 0, 2647, 66.96, 4
2026/10/03 02:03:55.394, 19097, 0, 2647, 66.96, 4
2026/10/03 02:03:55.444, 19097, 0, 2647, 66.96, 4
2026/10/03 02:03:55.495, 19097, 0, 2647, 66.96, 4
2026/10/03 02:03:55.545, 19097, 0, 2647, 66.96, 4
2026/10/03 02:03:55.595, 19097, 0, 2647, 68.18, 4
2026/10/03 02:03:55.645, 19097, 0, 2647, 68.18, 4
2026/10/03 02:03:55.695, 19097, 0, 2647, 68.18, 4
2026/10/03 02:03:55.746, 19097, 0, 2647, 68.18, 4
2026/10/03 02:03:55.796, 19097, 0, 2647, 68.18, 4
2026/10/03 02:03:55.846, 19097, 0, 2647, 68.18, 4
2026/10/03 02:03:55.896, 19097, 0, 2647, 68.18, 4
2026/10/03 02:03:55.946, 19097, 0, 2647, 68.18, 4
2026/10/03 02:03:55.997, 19097, 0, 2647, 68.18, 4
2026/10/03 02:03:56.048, 19097, 0, 2647, 68.18, 4
2026/10/03 02:03:56.098, 19097, 0, 2647, 69.96, 4
2026/10/03 02:03:56.149, 19097, 0, 2647, 69.96, 4
2026/10/03 02:03:56.200, 19097, 0, 2647, 69.96, 4
2026/10/03 02:03:56.250, 19097, 0, 2647, 69.96, 4
2026/10/03 02:03:56.301, 19097, 0, 2647, 69.96, 4
2026/10/03 02:03:56.351, 19097, 0, 2647, 69.96, 4
2026/10/03 02:03:56.401, 19097, 0, 2647, 69.96, 4
2026/10/03 02:03:56.452, 19097, 0, 2647, 69.96, 4
2026/10/03 02:03:56.502, 19097, 0, 2647, 69.96, 4
2026/10/03 02:03:56.552, 19097, 0, 2647, 69.96, 4
2026/10/03 02:03:56.602, 19097, 0, 2647, 68.00, 4
2026/10/03 02:03:56.653, 19097, 0, 2647, 68.00, 4
2026/10/03 02:03:56.703, 19097, 0, 2647, 68.00, 4
2026/10/03 02:03:56.753, 19097, 0, 2647, 68.00, 4
2026/10/03 02:03:56.803, 19097, 0, 2647, 68.00, 4
2026/10/03 02:03:56.853, 19097, 0, 2647, 68.00, 4
2026/10/03 02:03:56.904, 19097, 0, 2647, 68.00, 4
2026/10/03 02:03:56.954, 19097, 0, 2647, 68.00, 4
2026/10/03 02:03:57.004, 19097, 0, 2647, 68.00, 4
2026/10/03 02:03:57.054, 19097, 0, 2647, 68.00, 4
2026/10/03 02:03:57.104, 19097, 0, 2647, 69.64, 4
2026/10/03 02:03:57.155, 19097, 0, 2647, 69.64, 4
2026/10/03 02:03:57.205, 19097, 0, 2647, 69.64, 4
2026/10/03 02:03:57.255, 19097, 0, 2647, 69.64, 4
2026/10/03 02:03:57.305, 19097, 0, 2647, 69.64, 4
2026/10/03 02:03:57.355, 19097, 0, 2647, 69.64, 4
2026/10/03 02:03:57.406, 19097, 0, 2647, 69.64, 4
2026/10/03 02:03:57.456, 19097, 0, 2647, 69.64, 4
2026/10/03 02:03:57.506, 19097, 0, 2647, 69.64, 4
2026/10/03 02:03:57.556, 19097, 0, 2647, 69.64, 4
2026/10/03 02:03:57.607, 19097, 0, 2647, 68.23, 4
2026/10/03 02:03:57.657, 19097, 0, 2647, 68.23, 4
2026/10/03 02:03:57.707, 19097, 0, 2647, 68.23, 4
2026/10/03 02:03:57.757, 19097, 0, 2647, 68.23, 4
2026/10/03 02:03:57.808, 19097, 0, 2647, 68.23, 4
2026/10/03 02:03:57.858, 19097, 0, 2647, 68.23, 4
2026/10/03 02:03:57.908, 19097, 0, 2647, 68.23, 4
2026/10/03 02:03:57.958, 19097, 0, 2647, 68.23, 4
2026/10/03 02:03:58.009, 19097, 0, 2647, 68.23, 4
2026/10/03 02:03:58.059, 19097, 0, 2647, 68.23, 4
2026/10/03 02:03:58.109, 19097, 0, 2647, 67.69, 4
2026/10/03 02:03:58.159, 19097, 0, 2647, 67.69, 4
2026/10/03 02:03:58.209, 19097, 0, 2647, 67.69, 4
2026/10/03 02:03:58.259, 19097, 0, 2647, 67.69, 4
2026/10/03 02:03:58.310, 19097, 0, 2647, 67.69, 4
2026/10/03 02:03:58.360, 19097, 0, 2647, 67.69, 4
2026/10/03 02:03:58.410, 19097, 0, 2647, 67.69, 4
2026/10/03 02:03:58.460, 19097, 0, 2647, 67.69, 4
2026/10/03 02:03:58.510, 19097, 0, 2647, 67.69, 4
2026/10/03 02:03:58.560, 19097, 0, 2647, 67.69, 4
2026/10/03 02:03:58.611, 19097, 0, 2647, 68.33, 4
2026/10/03 02:03:58.661, 19097, 0, 2647, 68.33, 4
2026/10/03 02:03:58.711, 19097, 0, 2647, 68.33, 4
2026/10/03 02:03:58.761, 19097, 0, 2647, 68.33, 4
2026/10/03 02:03:58.811, 19097, 0, 2647, 68.33, 4
2026/10/03 02:03:58.862, 19097, 0, 2647, 68.33, 4
2026/10/03 02:03:58.912, 19097, 0, 2647, 68.33, 4
2026/10/03 02:03:58.962, 19097, 0, 2647, 68.33, 4
2026/10/03 02:03:59.012, 19097, 0, 2647, 68.33, 4
2026/10/03 02:03:59.062, 19097, 0, 2647, 68.33, 4
2026/10/03 02:03:59.113, 19097, 0, 2647, 67.90, 4
2026/10/03 02:03:59.163, 19097, 0, 2647, 67.90, 4
2026/10/03 02:03:59.213, 19097, 0, 2647, 67.90, 4
2026/10/03 02:03:59.263, 19097, 0, 2647, 67.90, 4
2026/10/03 02:03:59.314, 19097, 0, 2647, 67.90, 4
2026/10/03 02:03:59.364, 19097, 0, 2647, 67.90, 4
2026/10/03 02:03:59.414, 19097, 0, 2647, 67.90, 4
2026/10/03 02:03:59.464, 19097, 0, 2647, 67.90, 4
2026/10/03 02:03:59.514, 19097, 0, 2647, 67.90, 4
2026/10/03 02:03:59.565, 19097, 0, 2647, 67.90, 4
2026/10/03 02:03:59.615, 19097, 0, 2647, 69.79, 4
2026/10/03 02:03:59.665, 19097, 0, 2647, 69.79, 4
2026/10/03 02:03:59.715, 19097, 0, 2647, 69.79, 4
2026/10/03 02:03:59.765, 19097, 0, 2647, 69.79, 4
2026/10/03 02:03:59.816, 19097, 0, 2647, 69.79, 4
2026/10/03 02:03:59.866, 19097, 0, 2647, 69.79, 4
2026/10/03 02:03:59.916, 19097, 0, 2647, 69.79, 4
2026/10/03 02:03:59.966, 19097, 0, 2647, 69.79, 4
2026/10/03 02:04:00.016, 19097, 0, 2647, 69.79, 4
2026/10/03 02:04:00.066, 19097, 0, 2647, 69.79, 4
2026/10/03 02:04:00.117, 19097, 0, 2647, 68.78, 4
2026/10/03 02:04:00.167, 19097, 0, 2647, 68.78, 4
2026/10/03 02:04:00.217, 19097, 0, 2647, 68.78, 4
2026/10/03 02:04:00.267, 19097, 0, 2647, 68.78, 4
2026/10/03 02:04:00.318, 19097, 0, 2647, 68.78, 4
2026/10/03 02:04:00.368, 19097, 0, 2647, 68.78, 4
2026/10/03 02:04:00.419, 19097, 0, 2647, 68.78, 4
2026/10/03 02:04:00.469, 19097, 0, 2647, 68.78, 4
2026/10/03 02:04:00.519, 19097, 0, 2647, 68.78, 4
2026/10/03 02:04:00.569, 19097, 0, 2647, 68.78, 4
2026/10/03 02:04:00.620, 19097, 0, 2647, 68.91, 4
2026/10/03 02:04:00.670, 19097, 0, 2647, 68.91, 4
2026/10/03 02:04:00.720, 19097, 0, 2647, 68.91, 4
2026/10/03 02:04:00.770, 19097, 0, 2647, 68.91, 4
2026/10/03 02:04:00.820, 19097, 0, 2647, 68.91, 4
2026/10/03 02:04:00.870, 19097, 0, 2647, 68.91, 4
2026/10/03 02:04:00.921, 19097, 0, 2647, 68.91, 4
2026/10/03 02:04:00.971, 19097, 0, 2647, 68.91, 4
2026/10/03 02:04:01.021, 19097, 0, 2647, 68.91, 4
2026/10/03 02:04:01.071, 19097, 0, 2647, 68.91, 4
2026/10/03 02:04:01.121, 19097, 0, 2647, 69.31, 4
2026/10/03 02:04:01.172, 19097, 0, 2647, 69.31, 4
2026/10/03 02:04:01.222, 19097, 0, 2647, 69.31, 4
2026/10/03 02:04:01.272, 19097, 0, 2647, 69.31, 4
2026/10/03 02:04:01.323, 19097, 0, 2647, 69.31, 4
2026/10/03 02:04:01.373, 19097, 0, 2647, 69.31, 4
2026/10/03 02:04:01.423, 19097, 0, 2647, 69.31, 4
2026/10/03 02:04:01.473, 19097, 0, 2647, 69.31, 4
2026/10/03 02:04:01.528, 19097, 0, 2647, 69.31, 4
2026/10/03 02:04:01.591, 19097, 0, 2647, 67.50, 4
2026/10/03 02:04:01.641, 19097, 0, 2647, 67.50, 4
2026/10/03 02:04:01.692, 19097, 0, 2647, 67.50, 4
2026/10/03 02:04:01.742, 19097, 0, 2647, 67.50, 4
2026/10/03 02:04:01.792, 19097, 0, 2647, 67.50, 4
2026/10/03 02:04:01.842, 19097, 0, 2647, 67.50, 4
2026/10/03 02:04:01.892, 19097, 0, 2647, 67.50, 4
2026/10/03 02:04:01.943, 19097, 0, 2647, 67.50, 4
2026/10/03 02:04:01.993, 19097, 0, 2647, 67.50, 4
2026/10/03 02:04:02.043, 19097, 0, 2647, 67.50, 4
2026/10/03 02:04:02.093, 19097, 0, 2647, 68.70, 4
2026/10/03 02:04:02.144, 19097, 0, 2647, 68.70, 4
2026/10/03 02:04:02.194, 19097, 0, 2647, 68.70, 4
2026/10/03 02:04:02.244, 19097, 0, 2647, 68.70, 4
2026/10/03 02:04:02.294, 19097, 0, 2647, 68.70, 4
2026/10/03 02:04:02.345, 19097, 0, 2647, 68.70, 4
2026/10/03 02:04:02.395, 19097, 0, 2647, 68.70, 4
2026/10/03 02:04:02.445, 19097, 0, 2647, 68.70, 4
2026/10/03 02:04:02.496, 19097, 0, 2647, 68.70, 4
2026/10/03 02:04:02.546, 19097, 0, 2647, 68.70, 4
2026/10/03 02:04:02.596, 19097, 0, 2647, 67.23, 4
2026/10/03 02:04:02.646, 19097, 0, 2647, 67.23, 4
2026/10/03 02:04:02.696, 19097, 0, 2647, 67.23, 4
2026/10/03 02:04:02.746, 19097, 0, 2647, 67.23, 4
2026/10/03 02:04:02.797, 19097, 0, 2647, 67.23, 4
2026/10/03 02:04:02.847, 19097, 0, 2647, 67.23, 4
2026/10/03 02:04:02.897, 19097, 0, 2647, 67.23, 4
2026/10/03 02:04:02.947, 19097, 0, 2647, 67.23, 4
2026/10/03 02:04:02.997, 19097, 0, 2647, 67.23, 4
2026/10/03 02:04:03.047, 19097, 0, 2647, 67.23, 4
2026/10/03 02:04:03.097, 19097, 0, 2647, 68.17, 4
2026/10/03 02:04:03.150, 19097, 0, 2647, 68.17, 4
2026/10/03 02:04:03.200, 19097, 0, 2647, 68.17, 4
2026/10/03 02:04:03.254, 19097, 0, 2647, 68.17, 4
2026/10/03 02:04:03.304, 19097, 0, 2647, 68.17, 4
2026/10/03 02:04:03.354, 19097, 0, 2647, 68.17, 4
2026/10/03 02:04:03.404, 19097, 0, 2647, 68.17, 4
2026/10/03 02:04:03.454, 19097, 0, 2647, 68.17, 4
2026/10/03 02:04:03.505, 19097, 0, 2647, 68.17, 4
2026/10/03 02:04:03.555, 19097, 0, 2647, 68.17, 4
2026/10/03 02:04:03.605, 19097, 0, 2647, 70.48, 4
2026/10/03 02:04:03.655, 19097, 0, 2647, 70.48, 4
2026/10/03 02:04:03.705, 19097, 0, 2647, 70.48, 4
2026/10/03 02:04:03.756, 19097, 0, 2647, 70.48, 4
2026/10/03 02:04:03.806, 19097, 0, 2647, 70.48, 4
2026/10/03 02:04:03.856, 19097, 0, 2647, 70.48, 4
2026/10/03 02:04:03.906, 19097, 0, 2647, 70.48, 4
2026/10/03 02:04:03.956, 19097, 0, 2647, 70.48, 4
2026/10/03 02:04:04.007, 19097, 0, 2647, 70.48, 4
2026/10/03 02:04:04.057, 19097, 0, 2647, 70.48, 4
2026/10/03 02:04:04.107, 19097, 0, 2647, 67.14, 4
2026/10/03 02:04:04.157, 19097, 0, 2647, 67.14, 4
2026/10/03 02:04:04.207, 19097, 0, 2647, 67.14, 4
2026/10/03 02:04:04.258, 19097, 0, 2647, 67.14, 4
2026/10/03 02:04:04.308, 19097, 0, 2647, 67.14, 4
2026/10/03 02:04:04.358, 19097, 0, 2647, 67.14, 4
2026/10/03 02:04:04.408, 19097, 0, 2647, 67.14, 4
2026/10/03 02:04:04.458, 19097, 0, 2647, 67.14, 4
2026/10/03 02:04:04.508, 19097, 0, 2647, 67.14, 4
2026/10/03 02:04:04.558, 19097, 0, 2647, 67.14, 4
2026/10/03 02:04:04.609, 19097, 0, 2647, 69.98, 4
2026/10/03 02:04:04.659, 19097, 0, 2647, 69.98, 4
2026/10/03 02:04:04.709, 19097, 0, 2647, 69.98, 4
2026/10/03 02:04:04.759, 19097, 0, 2647, 69.98, 4
2026/10/03 02:04:04.810, 19097, 0, 2647, 69.98, 4
2026/10/03 02:04:04.860, 19097, 0, 2647, 69.98, 4
2026/10/03 02:04:04.910, 19097, 0, 2647, 69.98, 4
2026/10/03 02:04:04.960, 19097, 0, 2647, 69.98, 4
2026/10/03 02:04:05.020, 19097, 0, 2647, 69.98, 4
2026/10/03 02:04:05.070, 19097, 0, 2647, 69.98, 4
2026/10/03 02:04:05.120, 19097, 0, 2647, 69.17, 4
2026/10/03 02:04:05.170, 19097, 0, 2647, 69.17, 4
2026/10/03 02:04:05.221, 19097, 0, 2647, 69.17, 4
2026/10/03 02:04:05.271, 19097, 0, 2647, 69.17, 4
2026/10/03 02:04:05.321, 19097, 0, 2647, 69.17, 4
2026/10/03 02:04:05.372, 19097, 0, 2647, 69.17, 4
2026/10/03 02:04:05.422, 19097, 0, 2647, 69.17, 4
2026/10/03 02:04:05.473, 19097, 0, 2647, 69.17, 4
2026/10/03 02:04:05.523, 19097, 0, 2647, 69.17, 4
2026/10/03 02:04:05.573, 19097, 0, 2497, 30.95, 2
2026/10/03 02:04:05.623, 19097, 0, 2497, 30.95, 2
2026/10/03 02:04:05.673, 19097, 0, 2497, 30.95, 2
2026/10/03 02:04:05.723, 19097, 0, 2497, 30.95, 2
2026/10/03 02:04:05.774, 19097, 0, 2497, 30.95, 2
2026/10/03 02:04:05.824, 19097, 0, 2497, 30.95, 2
2026/10/03 02:04:05.874, 19097, 0, 2497, 30.95, 2
2026/10/03 02:04:05.924, 19097, 0, 2497, 30.95, 2
2026/10/03 02:04:05.975, 19097, 0, 2497, 30.95, 2
2026/10/03 02:04:06.026, 19097, 0, 2497, 30.95, 2
2026/10/03 02:04:06.076, 19097, 0, 465, 30.97, 2
2026/10/03 02:04:06.126, 19097, 0, 465, 30.97, 2
2026/10/03 02:04:06.176, 19097, 0, 465, 30.97, 2
2026/10/03 02:04:06.226, 19097, 0, 465, 30.97, 2
2026/10/03 02:04:06.277, 19097, 0, 465, 30.97, 2
2026/10/03 02:04:06.327, 19097, 0, 465, 30.97, 2
2026/10/03 02:04:06.377, 19097, 0, 465, 30.97, 2
2026/10/03 02:04:06.427, 19097, 0, 465, 30.97, 2
2026/10/03 02:04:06.477, 19097, 0, 465, 30.97, 2
2026/10/03 02:04:06.528, 19097, 0, 465, 30.97, 2
2026/10/03 02:04:06.578, 19097, 0, 405, 26.56, 2
2026/10/03 02:04:06.628, 19097, 0, 405, 26.56, 2
2026/10/03 02:04:06.678, 19097, 0, 405, 26.56, 2
2026/10/03 02:04:06.728, 19097, 0, 405, 26.56, 2
2026/10/03 02:04:06.778, 19097, 0, 405, 26.56, 2
2026/10/03 02:04:06.829, 19097, 0, 405, 26.56, 2
2026/10/03 02:04:06.879, 19097, 0, 405, 26.56, 2
2026/10/03 02:04:06.930, 19097, 0, 405, 26.56, 2
2026/10/03 02:04:06.980, 19097, 0, 405, 26.56, 2
2026/10/03 02:04:07.031, 19097, 0, 405, 26.56, 2
2026/10/03 02:04:07.081, 19097, 0, 405, 26.56, 1
2026/10/03 02:04:07.132, 19097, 0, 405, 26.56, 1
2026/10/03 02:04:07.182, 19097, 0, 405, 26.56, 1
2026/10/03 02:04:07.232, 19097, 0, 405, 26.56, 1
2026/10/03 02:04:07.283, 19097, 0, 405, 26.56, 1
2026/10/03 02:04:07.333, 19097, 0, 405, 26.56, 1
2026/10/03 02:04:07.383, 19097, 0, 405, 26.56, 1
2026/10/03 02:04:07.433, 19097, 0, 405, 26.56, 1
2026/10/03 02:04:07.483, 19097, 0, 405, 26.56, 1
2026/10/03 02:04:07.534, 19097, 0, 405, 26.56, 1
2026/10/03 02:04:07.584, 19097, 0, 300, 25.26, 1
2026/10/03 02:04:07.634, 19097, 0, 300, 25.26, 1
2026/10/03 02:04:07.684, 19097, 0, 300, 25.26, 1
2026/10/03 02:04:07.734, 19097, 0, 300, 25.26, 1
2026/10/03 02:04:07.785, 19097, 0, 300, 25.26, 1
2026/10/03 02:04:07.835, 19097, 0, 300, 25.26, 1
2026/10/03 02:04:07.885, 19097, 0, 300, 25.26, 1
2026/10/03 02:04:07.935, 19097, 0, 300, 25.26, 1
2026/10/03 02:04:07.985, 19097, 0, 300, 25.26, 1
2026/10/03 02:04:08.036, 19097, 0, 300, 25.26, 1
2026/10/03 02:04:08.086, 19097, 0, 300, 25.26, 1
2026/10/03 02:04:08.136, 19097, 0, 300, 25.26, 1
2026/10/03 02:04:08.186, 19097, 0, 300, 25.26, 1
2026/10/03 02:04:08.236, 19097, 0, 300, 25.26, 1
2026/10/03 02:04:08.287, 19097, 0, 300, 25.26, 1
2026/10/03 02:04:08.337, 19097, 0, 300, 25.26, 1
2026/10/03 02:04:08.388, 19097, 0, 300, 25.26, 1
2026/10/03 02:04:08.439, 19097, 0, 300, 25.26, 1
2026/10/03 02:04:08.489, 19097, 0, 300, 25.26, 1
2026/10/03 02:04:08.539, 19097, 0, 300, 25.26, 1
2026/10/03 02:04:08.589, 19097, 0, 300, 25.68, 1
2026/10/03 02:04:08.639, 19097, 0, 300, 25.68, 1
2026/10/03 02:04:08.690, 19097, 0, 300, 25.68, 1
2026/10/03 02:04:08.740, 19097, 0, 300, 25.68, 1
2026/10/03 02:04:08.790, 19097, 0, 300, 25.68, 1
2026/10/03 02:04:08.840, 19097, 0, 300, 25.68, 1
2026/10/03 02:04:08.890, 19097, 0, 300, 25.68, 1
2026/10/03 02:04:08.941, 19097, 0, 300, 25.68, 1
2026/10/03 02:04:08.991, 19097, 0, 300, 25.68, 1
2026/10/03 02:04:09.041, 19097, 0, 300, 25.68, 1
2026/10/03 02:04:09.091, 19097, 0, 300, 25.68, 1
2026/10/03 02:04:09.141, 19097, 0, 300, 25.68, 1
2026/10/03 02:04:09.191, 19097, 0, 300, 25.68, 1
2026/10/03 02:04:09.242, 19097, 0, 300, 25.68, 1
2026/10/03 02:04:09.293, 19097, 0, 300, 25.68, 1
2026/10/03 02:04:09.343, 19097, 0, 300, 25.68, 1
2026/10/03 02:04:09.393, 19097, 0, 300, 25.68, 1
2026/10/03 02:04:09.443, 19097, 0, 300, 25.68, 1
2026/10/03 02:04:09.527, 19097, 0, 300, 25.68, 1
2026/10/03 02:04:09.577, 19097, 0, 300, 25.13, 1
2026/10/03 02:04:09.628, 19097, 0, 300, 25.13, 1
2026/10/03 02:04:09.678, 19097, 0, 300, 25.13, 1
2026/10/03 02:04:09.728, 19097, 0, 300, 25.13, 1
2026/10/03 02:04:09.779, 19097, 0, 300, 25.13, 1
2026/10/03 02:04:09.829, 19097, 0, 300, 25.13, 1
2026/10/03 02:04:09.879, 19097, 0, 300, 25.13, 1
2026/10/03 02:04:09.929, 19097, 0, 300, 25.13, 1
2026/10/03 02:04:09.980, 19097, 0, 300, 25.13, 1
2026/10/03 02:04:10.030, 19097, 0, 300, 25.13, 1
2026/10/03 02:04:10.080, 19097, 0, 300, 25.13, 1
2026/10/03 02:04:10.130, 19097, 0, 300, 25.13, 1
2026/10/03 02:04:10.180, 19097, 0, 300, 25.13, 1
2026/10/03 02:04:10.231, 19097, 0, 300, 25.13, 1
2026/10/03 02:04:10.282, 19097, 0, 300, 25.13, 1
2026/10/03 02:04:10.333, 19097, 0, 300, 25.13, 1
2026/10/03 02:04:10.383, 19097, 0, 300, 25.13, 1
2026/10/03 02:04:10.433, 19097, 0, 300, 25.13, 1
2026/10/03 02:04:10.483, 19097, 0, 300, 25.13, 1
2026/10/03 02:04:10.534, 19097, 0, 300, 25.13, 1
2026/10/03 02:04:10.584, 19097, 0, 300, 24.84, 1
2026/10/03 02:04:10.634, 19097, 0, 300, 24.84, 1
2026/10/03 02:04:10.684, 19097, 0, 300, 24.84, 1
2026/10/03 02:04:10.734, 19097, 0, 300, 24.84, 1
2026/10/03 02:04:10.784, 19097, 0, 300, 24.84, 1
2026/10/03 02:04:10.835, 19097, 0, 300, 24.84, 1
2026/10/03 02:04:10.885, 19097, 0, 300, 24.84, 1
2026/10/03 02:04:10.935, 19097, 0, 300, 24.84, 1
2026/10/03 02:04:10.985, 19097, 0, 300, 24.84, 1
2026/10/03 02:04:11.035, 19097, 0, 300, 24.84, 1
2026/10/03 02:04:11.086, 19097, 0, 300, 24.84, 1
2026/10/03 02:04:11.136, 19097, 0, 300, 24.84, 1
2026/10/03 02:04:11.186, 19097, 0, 300, 24.84, 1
2026/10/03 02:04:11.236, 19097, 0, 300, 24.84, 1
2026/10/03 02:04:11.286, 19097, 0, 300, 24.84, 1
2026/10/03 02:04:11.337, 19097, 0, 300, 24.84, 1
2026/10/03 02:04:11.387, 19097, 0, 300, 24.84, 1
2026/10/03 02:04:11.437, 19097, 0, 300, 24.84, 1
2026/10/03 02:04:11.487, 19097, 0, 300, 24.84, 1
2026/10/03 02:04:11.538, 19097, 0, 300, 24.84, 1
2026/10/03 02:04:11.588, 19097, 0, 300, 25.67, 1
2026/10/03 02:04:11.638, 19097, 0, 300, 25.67, 1
2026/10/03 02:04:11.688, 19097, 0, 300, 25.67, 1
2026/10/03 02:04:11.738, 19097, 0, 300, 25.67, 1
2026/10/03 02:04:11.788, 19097, 0, 300, 25.67, 1
2026/10/03 02:04:11.839, 19097, 0, 300, 25.67, 1
2026/10/03 02:04:11.889, 19097, 0, 300, 25.67, 1
2026/10/03 02:04:11.939, 19097, 0, 300, 25.67, 1
2026/10/03 02:04:11.989, 19097, 0, 300, 25.67, 1
2026/10/03 02:04:12.040, 19097, 0, 300, 25.67, 1
2026/10/03 02:04:12.090, 19097, 0, 300, 25.67, 1
2026/10/03 02:04:12.140, 19097, 0, 300, 25.67, 1
2026/10/03 02:04:12.190, 19097, 0, 300, 25.67, 1
2026/10/03 02:04:12.240, 19097, 0, 300, 25.67, 1
2026/10/03 02:04:12.291, 19097, 0, 300, 25.67, 1
2026/10/03 02:04:12.341, 19097, 0, 300, 25.67, 1
2026/10/03 02:04:12.391, 19097, 0, 300, 25.67, 1
2026/10/03 02:04:12.441, 19097, 0, 300, 25.67, 1
2026/10/03 02:04:12.491, 19097, 0, 300, 25.67, 1
2026/10/03 02:04:12.542, 19097, 0, 300, 25.67, 1
2026/10/03 02:04:12.592, 19097, 0, 300, 25.53, 1
2026/10/03 02:04:12.642, 19097, 0, 300, 25.53, 1
2026/10/03 02:04:12.692, 19097, 0, 300, 25.53, 1
2026/10/03 02:04:12.743, 19097, 0, 300, 25.53, 1
2026/10/03 02:04:12.793, 19097, 0, 300, 25.53, 1
2026/10/03 02:04:12.843, 19097, 0, 300, 25.53, 1
2026/10/03 02:04:12.893, 19097, 0, 300, 25.53, 1
2026/10/03 02:04:12.943, 19097, 0, 300, 25.53, 1
2026/10/03 02:04:12.994, 19097, 0, 300, 25.53, 1
2026/10/03 02:04:13.044, 19097, 0, 300, 25.53, 1
2026/10/03 02:04:13.094, 19097, 0, 300, 25.53, 1
2026/10/03 02:04:13.144, 19097, 0, 300, 25.53, 1
2026/10/03 02:04:13.194, 19097, 0, 300, 25.53, 1
2026/10/03 02:04:13.244, 19097, 0, 300, 25.53, 1
2026/10/03 02:04:13.294, 19097, 0, 300, 25.53, 1
2026/10/03 02:04:13.345, 19097, 0, 300, 25.53, 1
2026/10/03 02:04:13.395, 19097, 0, 300, 25.53, 1
2026/10/03 02:04:13.445, 19097, 0, 300, 25.53, 1
2026/10/03 02:04:13.496, 19097, 0, 300, 25.53, 1
2026/10/03 02:04:13.546, 19097, 0, 300, 25.53, 1
2026/10/03 02:04:13.596, 19097, 0, 300, 24.68, 1
2026/10/03 02:04:13.647, 19097, 0, 300, 24.68, 1
2026/10/03 02:04:13.697, 19097, 0, 300, 24.68, 1
2026/10/03 02:04:13.747, 19097, 0, 300, 24.68, 1
2026/10/03 02:04:13.797, 19097, 0, 300, 24.68, 1
2026/10/03 02:04:13.847, 19097, 0, 300, 24.68, 1
2026/10/03 02:04:13.897, 19097, 0, 300, 24.68, 1
2026/10/03 02:04:13.947, 19097, 0, 300, 24.68, 1
2026/10/03 02:04:13.998, 19097, 0, 300, 24.68, 1
2026/10/03 02:04:14.048, 19097, 0, 300, 24.68, 1
2026/10/03 02:04:14.098, 19097, 0, 300, 24.68, 1
2026/10/03 02:04:14.148, 19097, 0, 300, 24.68, 1
2026/10/03 02:04:14.198, 19097, 0, 300, 24.68, 1
2026/10/03 02:04:14.248, 19097, 0, 300, 24.68, 1
2026/10/03 02:04:14.298, 19097, 0, 300, 24.68, 1
2026/10/03 02:04:14.349, 19097, 0, 300, 24.68, 1
2026/10/03 02:04:14.399, 19097, 0, 300, 24.68, 1
2026/10/03 02:04:14.449, 19097, 0, 300, 24.68, 1
2026/10/03 02:04:14.499, 19097, 0, 300, 24.68, 1
2026/10/03 02:04:14.549, 19097, 0, 300, 24.68, 1
2026/10/03 02:04:14.599, 19097, 0, 300, 23.61, 1
2026/10/03 02:04:14.649, 19097, 0, 300, 23.61, 1
2026/10/03 02:04:14.700, 19097, 0, 300, 23.61, 1
2026/10/03 02:04:14.750, 19097, 0, 300, 23.61, 1
2026/10/03 02:04:14.800, 19097, 0, 300, 23.61, 1
2026/10/03 02:04:14.850, 19097, 0, 300, 23.61, 1
2026/10/03 02:04:14.900, 19097, 0, 300, 23.61, 1
2026/10/03 02:04:14.950, 19097, 0, 300, 23.61, 1
2026/10/03 02:04:15.014, 19097, 0, 300, 23.61, 1
2026/10/03 02:04:15.064, 19097, 0, 300, 23.61, 1
2026/10/03 02:04:15.114, 19097, 0, 300, 23.61, 1
2026/10/03 02:04:15.164, 19097, 0, 300, 23.61, 1
2026/10/03 02:04:15.214, 19097, 0, 300, 23.61, 1
2026/10/03 02:04:15.265, 19097, 0, 300, 23.61, 1
2026/10/03 02:04:15.315, 19097, 0, 300, 23.61, 1
2026/10/03 02:04:15.365, 19097, 0, 300, 23.61, 1
2026/10/03 02:04:15.415, 19097, 0, 300, 23.61, 1
2026/10/03 02:04:15.466, 19097, 0, 300, 23.61, 1
2026/10/03 02:04:15.516, 19097, 0, 300, 23.61, 1
2026/10/03 02:04:15.566, 19097, 0, 300, 23.61, 1
2026/10/03 02:04:15.616, 19097, 0, 300, 23.61, 1
2026/10/03 02:04:15.666, 19097, 0, 300, 23.61, 1
2026/10/03 02:04:15.716, 19097, 0, 300, 23.61, 1
2026/10/03 02:04:15.766, 19097, 0, 300, 23.61, 1
2026/10/03 02:04:15.817, 19097, 0, 300, 23.61, 1
2026/10/03 02:04:15.867, 19097, 0, 300, 23.61, 1
2026/10/03 02:04:15.917, 19097, 0, 300, 23.61, 1
2026/10/03 02:04:15.967, 19097, 0, 300, 23.61, 1
2026/10/03 02:04:16.017, 19097, 0, 300, 23.61, 1
2026/10/03 02:04:16.067, 19097, 0, 300, 23.61, 1
2026/10/03 02:04:16.117, 19097, 0, 300, 23.61, 1
2026/10/03 02:04:16.168, 19097, 0, 300, 23.61, 1
2026/10/03 02:04:16.218, 19097, 0, 300, 23.61, 1
2026/10/03 02:04:16.268, 19097, 0, 300, 23.61, 1
2026/10/03 02:04:16.318, 19097, 0, 300, 23.61, 1
2026/10/03 02:04:16.368, 19097, 0, 300, 23.61, 1
2026/10/03 02:04:16.418, 19097, 0, 300, 23.61, 1
2026/10/03 02:04:16.468, 19097, 0, 300, 23.61, 1
2026/10/03 02:04:16.519, 19097, 0, 300, 23.61, 1
2026/10/03 02:04:16.569, 19097, 0, 300, 23.61, 1
2026/10/03 02:04:16.619, 19097, 0, 300, 22.92, 1
2026/10/03 02:04:16.669, 19097, 0, 300, 22.92, 1
2026/10/03 02:04:16.719, 19097, 0, 300, 22.92, 1
2026/10/03 02:04:16.769, 19097, 0, 300, 22.92, 1
2026/10/03 02:04:16.820, 19097, 0, 300, 22.92, 1
2026/10/03 02:04:16.870, 19097, 0, 300, 22.92, 1
2026/10/03 02:04:16.920, 19097, 0, 300, 22.92, 1
2026/10/03 02:04:16.970, 19097, 0, 300, 22.92, 1
2026/10/03 02:04:17.021, 19097, 0, 300, 22.92, 1
2026/10/03 02:04:17.071, 19097, 0, 300, 22.92, 1
2026/10/03 02:04:17.121, 19097, 0, 300, 22.92, 1
2026/10/03 02:04:17.171, 19097, 0, 300, 22.92, 1
2026/10/03 02:04:17.221, 19097, 0, 300, 22.92, 1
2026/10/03 02:04:17.272, 19097, 0, 300, 22.92, 1
2026/10/03 02:04:17.322, 19097, 0, 300, 22.92, 1
2026/10/03 02:04:17.372, 19097, 0, 300, 22.92, 1
2026/10/03 02:04:17.422, 19097, 0, 300, 22.92, 1
2026/10/03 02:04:17.472, 19097, 0, 300, 22.92, 1
2026/10/03 02:04:17.523, 19097, 0, 300, 22.92, 1
2026/10/03 02:04:17.573, 19097, 0, 300, 22.92, 1
2026/10/03 02:04:17.623, 19097, 0, 300, 23.82, 1
2026/10/03 02:04:17.673, 19097, 0, 300, 23.82, 1
2026/10/03 02:04:17.724, 19097, 0, 300, 23.82, 1
2026/10/03 02:04:17.774, 19097, 0, 300, 23.82, 1
2026/10/03 02:04:17.824, 19097, 0, 300, 23.82, 1
2026/10/03 02:04:17.874, 19097, 0, 300, 23.82, 1
2026/10/03 02:04:17.924, 19097, 0, 300, 23.82, 1
2026/10/03 02:04:17.975, 19097, 0, 300, 23.82, 1
2026/10/03 02:04:18.025, 19097, 0, 300, 23.82, 1
2026/10/03 02:04:18.075, 19097, 0, 300, 23.82, 1
2026/10/03 02:04:18.125, 19097, 0, 300, 23.82, 1
2026/10/03 02:04:18.176, 19097, 0, 300, 23.82, 1
2026/10/03 02:04:18.226, 19097, 0, 300, 23.82, 1
2026/10/03 02:04:18.276, 19097, 0, 300, 23.82, 1
2026/10/03 02:04:18.326, 19097, 0, 300, 23.82, 1
2026/10/03 02:04:18.376, 19097, 0, 300, 23.82, 1
2026/10/03 02:04:18.427, 19097, 0, 300, 23.82, 1
2026/10/03 02:04:18.477, 19097, 0, 300, 23.82, 1
2026/10/03 02:04:18.527, 19097, 0, 300, 23.82, 1
2026/10/03 02:04:18.577, 19097, 0, 300, 22.97, 1
2026/10/03 02:04:18.628, 19097, 0, 300, 22.97, 1
2026/10/03 02:04:18.678, 19097, 0, 300, 22.97, 1
2026/10/03 02:04:18.728, 19097, 0, 300, 22.97, 1
2026/10/03 02:04:18.778, 19097, 0, 300, 22.97, 1
2026/10/03 02:04:18.828, 19097, 0, 300, 22.97, 1
2026/10/03 02:04:18.879, 19097, 0, 300, 22.97, 1
2026/10/03 02:04:18.929, 19097, 0, 300, 22.97, 1
2026/10/03 02:04:18.979, 19097, 0, 300, 22.97, 1
2026/10/03 02:04:19.029, 19097, 0, 300, 22.97, 1
2026/10/03 02:04:19.080, 19097, 0, 300, 22.97, 1
2026/10/03 02:04:19.130, 19097, 0, 300, 22.97, 1
2026/10/03 02:04:19.180, 19097, 0, 300, 22.97, 1
2026/10/03 02:04:19.230, 19097, 0, 300, 22.97, 1
2026/10/03 02:04:19.280, 19097, 0, 300, 22.97, 1
2026/10/03 02:04:19.331, 19097, 0, 300, 22.97, 1
2026/10/03 02:04:19.381, 19097, 0, 300, 22.97, 1
2026/10/03 02:04:19.431, 19097, 0, 300, 22.97, 1
2026/10/03 02:04:19.481, 19097, 0, 300, 22.97, 1
2026/10/03 02:04:19.532, 19097, 0, 300, 22.97, 1
2026/10/03 02:04:19.582, 19097, 0, 300, 22.57, 1
2026/10/03 02:04:19.632, 19097, 0, 300, 22.57, 1
2026/10/03 02:04:19.682, 19097, 0, 300, 22.57, 1
2026/10/03 02:04:19.732, 19097, 0, 300, 22.57, 1
2026/10/03 02:04:19.783, 19097, 0, 300, 22.57, 1
2026/10/03 02:04:19.833, 19097, 0, 300, 22.57, 1
2026/10/03 02:04:19.883, 19097, 0, 300, 22.57, 1
2026/10/03 02:04:19.933, 19097, 0, 300, 22.57, 1
2026/10/03 02:04:19.984, 19097, 0, 300, 22.57, 1
2026/10/03 02:04:20.034, 19097, 0, 300, 22.57, 1
2026/10/03 02:04:20.084, 19097, 0, 300, 22.57, 1
2026/10/03 02:04:20.134, 19097, 0, 300, 22.57, 1
2026/10/03 02:04:20.184, 19097, 0, 300, 22.57, 1
2026/10/03 02:04:20.235, 19097, 0, 300, 22.57, 1
2026/10/03 02:04:20.285, 19097, 0, 300, 22.57, 1
2026/10/03 02:04:20.335, 19097, 0, 300, 22.57, 1
2026/10/03 02:04:20.385, 19097, 0, 300, 22.57, 1
2026/10/03 02:04:20.436, 19097, 0, 300, 22.57, 1
2026/10/03 02:04:20.486, 19097, 0, 300, 22.57, 1
2026/10/03 02:04:20.536, 19097, 0, 300, 22.57, 1
2026/10/03 02:04:20.586, 19097, 0, 300, 23.86, 1
2026/10/03 02:04:20.636, 19097, 0, 300, 23.86, 1
2026/10/03 02:04:20.687, 19097, 0, 300, 23.86, 1
2026/10/03 02:04:20.737, 19097, 0, 300, 23.86, 1
2026/10/03 02:04:20.787, 19097, 0, 300, 23.86, 1
2026/10/03 02:04:20.837, 19097, 0, 300, 23.86, 1
2026/10/03 02:04:20.888, 19097, 0, 300, 23.86, 1
2026/10/03 02:04:20.938, 19097, 0, 300, 23.86, 1
2026/10/03 02:04:20.988, 19097, 0, 300, 23.86, 1
2026/10/03 02:04:21.038, 19097, 0, 300, 23.86, 1
2026/10/03 02:04:21.088, 19097, 0, 300, 23.86, 1
2026/10/03 02:04:21.139, 19097, 0, 300, 23.86, 1
2026/10/03 02:04:21.189, 19097, 0, 300, 23.86, 1
2026/10/03 02:04:21.239, 19097, 0, 300, 23.86, 1
2026/10/03 02:04:21.289, 19097, 0, 300, 23.86, 1
2026/10/03 02:04:21.340, 19097, 0, 300, 23.86, 1
2026/10/03 02:04:21.390, 19097, 0, 300, 23.86, 1
2026/10/03 02:04:21.440, 19097, 0, 300, 23.86, 1
2026/10/03 02:04:21.490, 19097, 0, 300, 23.86, 1
2026/10/03 02:04:21.540, 19097, 0, 300, 23.86, 1
2026/10/03 02:04:21.591, 19097, 0, 300, 23.26, 1
2026/10/03 02:04:21.641, 19097, 0, 300, 23.26, 1
2026/10/03 02:04:21.691, 19097, 0, 300, 23.26, 1
2026/10/03 02:04:21.741, 19097, 0, 300, 23.26, 1
2026/10/03 02:04:21.791, 19097, 0, 300, 23.26, 1
2026/10/03 02:04:21.842, 19097, 0, 300, 23.26, 1
2026/10/03 02:04:21.892, 19097, 0, 300, 23.26, 1
2026/10/03 02:04:21.942, 19097, 0, 300, 23.26, 1
2026/10/03 02:04:21.992, 19097, 0, 300, 23.26, 1
2026/10/03 02:04:22.042, 19097, 0, 300, 23.26, 1
2026/10/03 02:04:22.092, 19097, 0, 300, 23.26, 1
2026/10/03 02:04:22.143, 19097, 0, 300, 23.26, 1
2026/10/03 02:04:22.193, 19097, 0, 300, 23.26, 1
2026/10/03 02:04:22.243, 19097, 0, 300, 23.26, 1
2026/10/03 02:04:22.293, 19097, 0, 300, 23.26, 1
2026/10/03 02:04:22.343, 19097, 0, 300, 23.26, 1
2026/10/03 02:04:22.394, 19097, 0, 300, 23.26, 1
2026/10/03 02:04:22.444, 19097, 0, 300, 23.26, 1
2026/10/03 02:04:22.494, 19097, 0, 300, 23.26, 1
2026/10/03 02:04:22.544, 19097, 0, 300, 23.26, 1
2026/10/03 02:04:22.594, 19097, 0, 300, 23.40, 1
2026/10/03 02:04:22.645, 19097, 0, 300, 23.40, 1
2026/10/03 02:04:22.695, 19097, 0, 300, 23.40, 1
2026/10/03 02:04:22.745, 19097, 0, 300, 23.40, 1
2026/10/03 02:04:22.795, 19097, 0, 300, 23.40, 1
2026/10/03 02:04:22.845, 19097, 0, 300, 23.40, 1
2026/10/03 02:04:22.896, 19097, 0, 300, 23.40, 1
2026/10/03 02:04:22.946, 19097, 0, 300, 23.40, 1
2026/10/03 02:04:22.996, 19097, 0, 300, 23.40, 1
2026/10/03 02:04:23.046, 19097, 0, 300, 23.40, 1
2026/10/03 02:04:23.097, 19097, 0, 300, 23.40, 1
2026/10/03 02:04:23.147, 19097, 0, 300, 23.40, 1
2026/10/03 02:04:23.197, 19097, 0, 300, 23.40, 1
2026/10/03 02:04:23.247, 19097, 0, 300, 23.40, 1
2026/10/03 02:04:23.297, 19097, 0, 300, 23.40, 1
2026/10/03 02:04:23.348, 19097, 0, 300, 23.40, 1
2026/10/03 02:04:23.398, 19097, 0, 300, 23.40, 1
2026/10/03 02:04:23.448, 19097, 0, 300, 23.40, 1
2026/10/03 02:04:23.498, 19097, 0, 300, 23.40, 1
2026/10/03 02:04:23.549, 19097, 0, 300, 23.40, 1
2026/10/03 02:04:23.599, 19097, 0, 300, 22.78, 1
2026/10/03 02:04:23.649, 19097, 0, 300, 22.78, 1
2026/10/03 02:04:23.699, 19097, 0, 300, 22.78, 1
2026/10/03 02:04:23.750, 19097, 0, 300, 22.78, 1
2026/10/03 02:04:23.800, 19097, 0, 300, 22.78, 1
2026/10/03 02:04:23.850, 19097, 0, 300, 22.78, 1
2026/10/03 02:04:23.900, 19097, 0, 300, 22.78, 1
2026/10/03 02:04:23.950, 19097, 0, 300, 22.78, 1
2026/10/03 02:04:24.001, 19097, 0, 300, 22.78, 1
2026/10/03 02:04:24.051, 19097, 0, 300, 22.78, 1
2026/10/03 02:04:24.101, 19097, 0, 300, 22.78, 1
2026/10/03 02:04:24.151, 19097, 0, 300, 22.78, 1
2026/10/03 02:04:24.201, 19097, 0, 300, 22.78, 1
2026/10/03 02:04:24.252, 19097, 0, 300, 22.78, 1
2026/10/03 02:04:24.302, 19097, 0, 300, 22.78, 1
2026/10/03 02:04:24.352, 19097, 0, 300, 22.78, 1
2026/10/03 02:04:24.402, 19097, 0, 300, 22.78, 1
2026/10/03 02:04:24.453, 19097, 0, 300, 22.78, 1
2026/10/03 02:04:24.503, 19097, 0, 300, 22.78, 1
2026/10/03 02:04:24.553, 19097, 0, 300, 22.78, 1
2026/10/03 02:04:24.603, 19097, 0, 300, 22.75, 1
2026/10/03 02:04:24.653, 19097, 0, 300, 22.75, 1
2026/10/03 02:04:24.704, 19097, 0, 300, 22.75, 1
2026/10/03 02:04:24.754, 19097, 0, 300, 22.75, 1
2026/10/03 02:04:24.804, 19097, 0, 300, 22.75, 1
2026/10/03 02:04:24.854, 19097, 0, 300, 22.75, 1
2026/10/03 02:04:24.904, 19097, 0, 300, 22.75, 1
2026/10/03 02:04:24.955, 19097, 0, 300, 22.75, 1
2026/10/03 02:04:25.005, 19097, 0, 300, 22.75, 1
2026/10/03 02:04:25.055, 19097, 0, 300, 22.75, 1
2026/10/03 02:04:25.105, 19097, 0, 300, 22.75, 1
2026/10/03 02:04:25.156, 19097, 0, 300, 22.75, 1
2026/10/03 02:04:25.206, 19097, 0, 300, 22.75, 1
2026/10/03 02:04:25.256, 19097, 0, 300, 22.75, 1
2026/10/03 02:04:25.306, 19097, 0, 300, 22.75, 1
2026/10/03 02:04:25.356, 19097, 0, 300, 22.75, 1
2026/10/03 02:04:25.407, 19097, 0, 300, 22.75, 1
2026/10/03 02:04:25.457, 19097, 0, 300, 22.75, 1
2026/10/03 02:04:25.507, 19097, 0, 300, 22.75, 1
2026/10/03 02:04:25.558, 19097, 0, 300, 22.75, 1
2026/10/03 02:04:25.609, 19097, 0, 300, 23.80, 1
2026/10/03 02:04:25.659, 19097, 0, 300, 23.80, 1
2026/10/03 02:04:25.709, 19097, 0, 300, 23.80, 1
2026/10/03 02:04:25.759, 19097, 0, 300, 23.80, 1
2026/10/03 02:04:25.809, 19097, 0, 300, 23.80, 1
2026/10/03 02:04:25.860, 19097, 0, 300, 23.80, 1
2026/10/03 02:04:25.910, 19097, 0, 300, 23.80, 1
2026/10/03 02:04:25.960, 19097, 0, 300, 23.80, 1
2026/10/03 02:04:26.011, 19097, 0, 300, 23.80, 1
2026/10/03 02:04:26.061, 19097, 0, 300, 23.80, 1
2026/10/03 02:04:26.111, 19097, 0, 300, 23.80, 1
2026/10/03 02:04:26.162, 19097, 0, 300, 23.80, 1
2026/10/03 02:04:26.212, 19097, 0, 300, 23.80, 1
2026/10/03 02:04:26.262, 19097, 0, 300, 23.80, 1
2026/10/03 02:04:26.312, 19097, 0, 300, 23.80, 1
2026/10/03 02:04:26.362, 19097, 0, 300, 23.80, 1
2026/10/03 02:04:26.413, 19097, 0, 300, 23.80, 1
2026/10/03 02:04:26.463, 19097, 0, 300, 23.80, 1
2026/10/03 02:04:26.513, 19097, 0, 300, 23.80, 1
2026/10/03 02:04:26.563, 19097, 0, 300, 23.80, 1
2026/10/03 02:04:26.615, 19097, 0, 300, 23.35, 1
2026/10/03 02:04:26.665, 19097, 0, 300, 23.35, 1
2026/10/03 02:04:26.715, 19097, 0, 300, 23.35, 1
2026/10/03 02:04:26.765, 19097, 0, 300, 23.35, 1
2026/10/03 02:04:26.815, 19097, 0, 300, 23.35, 1
2026/10/03 02:04:26.866, 19097, 0, 300, 23.35, 1
2026/10/03 02:04:26.916, 19097, 0, 300, 23.35, 1
2026/10/03 02:04:26.966, 19097, 0, 300, 23.35, 1
2026/10/03 02:04:27.016, 19097, 0, 300, 23.35, 1
2026/10/03 02:04:27.066, 19097, 0, 300, 23.35, 1
2026/10/03 02:04:27.117, 19097, 0, 300, 23.35, 1
2026/10/03 02:04:27.167, 19097, 0, 300, 23.35, 1
2026/10/03 02:04:27.217, 19097, 0, 300, 23.35, 1
2026/10/03 02:04:27.267, 19097, 0, 300, 23.35, 1
2026/10/03 02:04:27.317, 19097, 0, 300, 23.35, 1
2026/10/03 02:04:27.368, 19097, 0, 300, 23.35, 1
2026/10/03 02:04:27.418, 19097, 0, 300, 23.35, 1
2026/10/03 02:04:27.468, 19097, 0, 300, 23.35, 1
2026/10/03 02:04:27.518, 19097, 0, 300, 23.35, 1
2026/10/03 02:04:27.568, 19097, 0, 300, 23.35, 1
2026/10/03 02:04:27.619, 19097, 0, 300, 23.31, 1
2026/10/03 02:04:27.669, 19097, 0, 300, 23.31, 1
2026/10/03 02:04:27.719, 19097, 0, 300, 23.31, 1
2026/10/03 02:04:27.769, 19097, 0, 300, 23.31, 1
2026/10/03 02:04:27.820, 19097, 0, 300, 23.31, 1
2026/10/03 02:04:27.870, 19097, 0, 300, 23.31, 1
2026/10/03 02:04:27.920, 19097, 0, 300, 23.31, 1
2026/10/03 02:04:27.970, 19097, 0, 300, 23.31, 1
2026/10/03 02:04:28.020, 19097, 0, 300, 23.31, 1
2026/10/03 02:04:28.071, 19097, 0, 300, 23.31, 1
2026/10/03 02:04:28.121, 19097, 0, 300, 23.31, 1
2026/10/03 02:04:28.171, 19097, 0, 300, 23.31, 1
2026/10/03 02:04:28.221, 19097, 0, 300, 23.31, 1
2026/10/03 02:04:28.271, 19097, 0, 300, 23.31, 1
2026/10/03 02:04:28.322, 19097, 0, 300, 23.31, 1
2026/10/03 02:04:28.372, 19097, 0, 300, 23.31, 1
2026/10/03 02:04:28.422, 19097, 0, 300, 23.31, 1
2026/10/03 02:04:28.472, 19097, 0, 300, 23.31, 1
2026/10/03 02:04:28.522, 19097, 0, 300, 23.31, 1
2026/10/03 02:04:28.573, 19097, 0, 300, 23.31, 1
2026/10/03 02:04:28.623, 19097, 0, 300, 23.04, 1
2026/10/03 02:04:28.673, 19097, 0, 300, 23.04, 1
2026/10/03 02:04:28.723, 19097, 0, 300, 23.04, 1
2026/10/03 02:04:28.773, 19097, 0, 300, 23.04, 1
2026/10/03 02:04:28.824, 19097, 0, 300, 23.04, 1
2026/10/03 02:04:28.874, 19097, 0, 300, 23.04, 1
2026/10/03 02:04:28.924, 19097, 0, 300, 23.04, 1
2026/10/03 02:04:28.974, 19097, 0, 300, 23.04, 1
2026/10/03 02:04:29.024, 19097, 0, 300, 23.04, 1
2026/10/03 02:04:29.074, 19097, 0, 300, 23.04, 1
2026/10/03 02:04:29.125, 19097, 0, 300, 23.04, 1
2026/10/03 02:04:29.175, 19097, 0, 300, 23.04, 1
2026/10/03 02:04:29.225, 19097, 0, 300, 23.04, 1
2026/10/03 02:04:29.275, 19097, 0, 300, 23.04, 1
2026/10/03 02:04:29.325, 19097, 0, 300, 23.04, 1
2026/10/03 02:04:29.376, 19097, 0, 300, 23.04, 1
2026/10/03 02:04:29.426, 19097, 0, 300, 23.04, 1
2026/10/03 02:04:29.477, 19097, 0, 300, 23.04, 1
2026/10/03 02:04:29.527, 19097, 0, 300, 23.04, 1
2026/10/03 02:04:29.577, 19097, 0, 300, 23.04, 1
2026/10/03 02:04:29.627, 19097, 0, 300, 22.20, 1
2026/10/03 02:04:29.677, 19097, 0, 300, 22.20, 1
2026/10/03 02:04:29.728, 19097, 0, 300, 22.20, 1
2026/10/03 02:04:29.778, 19097, 0, 300, 22.20, 1
2026/10/03 02:04:29.828, 19097, 0, 300, 22.20, 1
2026/10/03 02:04:29.878, 19097, 0, 300, 22.20, 1
2026/10/03 02:04:29.928, 19097, 0, 300, 22.20, 1
2026/10/03 02:04:29.979, 19097, 0, 300, 22.20, 1
2026/10/03 02:04:30.029, 19097, 0, 300, 22.20, 1
2026/10/03 02:04:30.079, 19097, 0, 300, 22.20, 1
2026/10/03 02:04:30.129, 19097, 0, 300, 22.20, 1
2026/10/03 02:04:30.179, 19097, 0, 300, 22.20, 1
2026/10/03 02:04:30.230, 19097, 0, 300, 22.20, 1
2026/10/03 02:04:30.280, 19097, 0, 300, 22.20, 1
2026/10/03 02:04:30.330, 19097, 0, 300, 22.20, 1
2026/10/03 02:04:30.380, 19097, 0, 300, 22.20, 1
2026/10/03 02:04:30.430, 19277, 0, 300, 22.20, 1
2026/10/03 02:04:30.481, 19317, 0, 300, 22.20, 1
2026/10/03 02:04:30.531, 19359, 0, 300, 22.20, 1
2026/10/03 02:04:30.581, 19441, 0, 300, 69.50, 4
2026/10/03 02:04:30.631, 19441, 0, 300, 69.50, 4
2026/10/03 02:04:30.681, 19343, 0, 300, 69.50, 4
2026/10/03 02:04:30.732, 19325, 0, 300, 69.50, 4
2026/10/03 02:04:30.782, 19325, 0, 300, 69.50, 4
2026/10/03 02:04:30.832, 19327, 0, 300, 69.50, 4
2026/10/03 02:04:30.882, 19367, 0, 300, 69.50, 4
2026/10/03 02:04:30.932, 19369, 0, 300, 69.50, 4
2026/10/03 02:04:30.983, 19331, 0, 300, 69.50, 4
2026/10/03 02:04:31.043, 19351, 0, 300, 69.50, 4
2026/10/03 02:04:31.108, 19351, 66, 2917, 95.05, 4
2026/10/03 02:04:31.161, 19351, 66, 2917, 95.05, 4
2026/10/03 02:04:31.211, 19353, 66, 2917, 95.05, 4
2026/10/03 02:04:31.262, 19333, 66, 2917, 95.05, 4
2026/10/03 02:04:31.312, 19355, 66, 2917, 95.05, 4
2026/10/03 02:04:31.362, 19375, 66, 2917, 95.05, 4
2026/10/03 02:04:31.412, 19457, 66, 2917, 95.05, 4
2026/10/03 02:04:31.462, 19159, 66, 2917, 95.05, 4
2026/10/03 02:04:31.513, 19361, 66, 2917, 95.05, 4
2026/10/03 02:04:31.563, 19361, 66, 2917, 95.05, 4
2026/10/03 02:04:31.613, 19343, 66, 3045, 98.21, 4
2026/10/03 02:04:31.663, 19363, 66, 3045, 98.21, 4
2026/10/03 02:04:31.713, 19465, 66, 3045, 98.21, 4
2026/10/03 02:04:31.764, 19467, 66, 3045, 98.21, 4
2026/10/03 02:04:31.814, 19369, 66, 3045, 98.21, 4
2026/10/03 02:04:31.864, 19349, 66, 3045, 98.21, 4
2026/10/03 02:04:31.915, 19351, 66, 3045, 98.21, 4
2026/10/03 02:04:31.965, 19391, 66, 3045, 98.21, 4
2026/10/03 02:04:32.015, 19473, 66, 3045, 98.21, 4
2026/10/03 02:04:32.066, 19475, 66, 3045, 98.21, 4
2026/10/03 02:04:32.116, 19475, 84, 3045, 96.00, 4
2026/10/03 02:04:32.166, 19395, 84, 3045, 96.00, 4
2026/10/03 02:04:32.216, 19477, 84, 3045, 96.00, 4
2026/10/03 02:04:32.267, 19479, 84, 3045, 96.00, 4
2026/10/03 02:04:32.317, 19381, 84, 3045, 96.00, 4
2026/10/03 02:04:32.367, 19361, 84, 3045, 96.00, 4
2026/10/03 02:04:32.417, 19363, 84, 3045, 96.00, 4
2026/10/03 02:04:32.468, 19363, 84, 3045, 96.00, 4
2026/10/03 02:04:32.518, 19465, 84, 3045, 96.00, 4
2026/10/03 02:04:32.568, 19485, 84, 3045, 96.00, 4
2026/10/03 02:04:32.618, 19387, 84, 3045, 94.50, 4
2026/10/03 02:04:32.669, 19367, 84, 3045, 94.50, 4
2026/10/03 02:04:32.719, 19487, 84, 3045, 94.50, 4
2026/10/03 02:04:32.769, 19489, 84, 3045, 94.50, 4
2026/10/03 02:04:32.819, 19389, 84, 3045, 94.50, 4
2026/10/03 02:04:32.869, 19171, 84, 3045, 94.50, 4
2026/10/03 02:04:32.920, 19171, 84, 3045, 94.50, 4
2026/10/03 02:04:32.970, 19171, 84, 3045, 94.50, 4
2026/10/03 02:04:33.020, 19171, 84, 3045, 94.50, 4
2026/10/03 02:04:33.070, 19171, 84, 3045, 94.50, 4
2026/10/03 02:04:33.120, 19171, 0, 3045, 88.42, 4
2026/10/03 02:04:33.171, 19171, 0, 3045, 88.42, 4
2026/10/03 02:04:33.221, 19171, 0, 3045, 88.42, 4
2026/10/03 02:04:33.271, 19171, 0, 3045, 88.42, 4
2026/10/03 02:04:33.321, 19171, 0, 3045, 88.42, 4
2026/10/03 02:04:33.372, 19171, 0, 3045, 88.42, 4
2026/10/03 02:04:33.422, 19171, 0, 3045, 88.42, 4
2026/10/03 02:04:33.472, 19171, 0, 3045, 88.42, 4
2026/10/03 02:04:33.522, 19171, 0, 3045, 88.42, 4
2026/10/03 02:04:33.572, 19171, 0, 3045, 88.42, 4
2026/10/03 02:04:33.623, 19171, 0, 3045, 87.13, 4
2026/10/03 02:04:33.673, 19171, 0, 3045, 87.13, 4
2026/10/03 02:04:33.723, 19171, 0, 3045, 87.13, 4
2026/10/03 02:04:33.773, 19171, 0, 3045, 87.13, 4
2026/10/03 02:04:33.824, 19171, 0, 3045, 87.13, 4
2026/10/03 02:04:33.874, 19171, 0, 3045, 87.13, 4
2026/10/03 02:04:33.924, 19171, 0, 3045, 87.13, 4
2026/10/03 02:04:33.974, 19171, 0, 3045, 87.13, 4
2026/10/03 02:04:34.024, 19171, 0, 3045, 87.13, 4
2026/10/03 02:04:34.075, 19171, 0, 3045, 87.13, 4
2026/10/03 02:04:34.125, 19171, 0, 3045, 88.27, 4
2026/10/03 02:04:34.176, 19171, 0, 3045, 88.27, 4
2026/10/03 02:04:34.227, 19171, 0, 3045, 88.27, 4
2026/10/03 02:04:34.277, 19171, 0, 3045, 88.27, 4
2026/10/03 02:04:34.327, 19171, 0, 3045, 88.27, 4
2026/10/03 02:04:34.377, 19171, 0, 3045, 88.27, 4
2026/10/03 02:04:34.427, 19171, 0, 3045, 88.27, 4
2026/10/03 02:04:34.478, 19171, 0, 3045, 88.27, 4
2026/10/03 02:04:34.528, 19171, 0, 3045, 88.27, 4
2026/10/03 02:04:34.578, 19171, 0, 3045, 88.27, 4
2026/10/03 02:04:34.628, 19171, 0, 3045, 88.98, 4
2026/10/03 02:04:34.679, 19171, 0, 3045, 88.98, 4
2026/10/03 02:04:34.729, 19171, 0, 3045, 88.98, 4
2026/10/03 02:04:34.779, 19171, 0, 3045, 88.98, 4
2026/10/03 02:04:34.830, 19171, 0, 3045, 88.98, 4
2026/10/03 02:04:34.880, 19171, 0, 3045, 88.98, 4
2026/10/03 02:04:34.930, 19171, 0, 3045, 88.98, 4
2026/10/03 02:04:34.980, 19171, 0, 3045, 88.98, 4
2026/10/03 02:04:35.030, 19171, 0, 3045, 88.98, 4
2026/10/03 02:04:35.081, 19171, 0, 2782, 66.80, 4
2026/10/03 02:04:35.131, 19171, 0, 2782, 66.80, 4
2026/10/03 02:04:35.181, 19171, 0, 2782, 66.80, 4
2026/10/03 02:04:35.231, 19171, 0, 2782, 66.80, 4
2026/10/03 02:04:35.282, 19171, 0, 2782, 66.80, 4
2026/10/03 02:04:35.332, 19171, 0, 2782, 66.80, 4
2026/10/03 02:04:35.382, 19171, 0, 2782, 66.80, 4
2026/10/03 02:04:35.432, 19171, 0, 2782, 66.80, 4
2026/10/03 02:04:35.482, 19171, 0, 2782, 66.80, 4
2026/10/03 02:04:35.533, 19171, 0, 2782, 66.80, 4
2026/10/03 02:04:35.583, 19171, 0, 2647, 66.74, 4
2026/10/03 02:04:35.633, 19171, 0, 2647, 66.74, 4
2026/10/03 02:04:35.683, 19171, 0, 2647, 66.74, 4
2026/10/03 02:04:35.734, 19171, 0, 2647, 66.74, 4
2026/10/03 02:04:35.784, 19171, 0, 2647, 66.74, 4
2026/10/03 02:04:35.834, 19171, 0, 2647, 66.74, 4
2026/10/03 02:04:35.884, 19171, 0, 2647, 66.74, 4
2026/10/03 02:04:35.934, 19171, 0, 2647, 66.74, 4
2026/10/03 02:04:35.985, 19171, 0, 2647, 66.74, 4
2026/10/03 02:04:36.035, 19171, 0, 2647, 66.74, 4
2026/10/03 02:04:36.085, 19171, 0, 2647, 66.95, 4
2026/10/03 02:04:36.135, 19171, 0, 2647, 66.95, 4
2026/10/03 02:04:36.186, 19171, 0, 2647, 66.95, 4
2026/10/03 02:04:36.236, 19171, 0, 2647, 66.95, 4
2026/10/03 02:04:36.286, 19171, 0, 2647, 66.95, 4
2026/10/03 02:04:36.336, 19171, 0, 2647, 66.95, 4
2026/10/03 02:04:36.386, 19171, 0, 2647, 66.95, 4
2026/10/03 02:04:36.437, 19171, 0, 2647, 66.95, 4
2026/10/03 02:04:36.487, 19171, 0, 2647, 66.95, 4
2026/10/03 02:04:36.537, 19171, 0, 2647, 66.95, 4
2026/10/03 02:04:36.587, 19171, 0, 2647, 66.92, 4
2026/10/03 02:04:36.638, 19171, 0, 2647, 66.92, 4
2026/10/03 02:04:36.688, 19171, 0, 2647, 66.92, 4
2026/10/03 02:04:36.738, 19171, 0, 2647, 66.92, 4
2026/10/03 02:04:36.788, 19171, 0, 2647, 66.92, 4
2026/10/03 02:04:36.838, 19171, 0, 2647, 66.92, 4
2026/10/03 02:04:36.889, 19171, 0, 2647, 66.92, 4
2026/10/03 02:04:36.939, 19171, 0, 2647, 66.92, 4
2026/10/03 02:04:36.989, 19171, 0, 2647, 66.92, 4
2026/10/03 02:04:37.039, 19171, 0, 2647, 66.92, 4
2026/10/03 02:04:37.090, 19171, 0, 2647, 65.59, 4
2026/10/03 02:04:37.140, 19171, 0, 2647, 65.59, 4
2026/10/03 02:04:37.190, 19171, 0, 2647, 65.59, 4
2026/10/03 02:04:37.241, 19171, 0, 2647, 65.59, 4
2026/10/03 02:04:37.291, 19171, 0, 2647, 65.59, 4
2026/10/03 02:04:37.341, 19171, 0, 2647, 65.59, 4
2026/10/03 02:04:37.392, 19171, 0, 2647, 65.59, 4
2026/10/03 02:04:37.442, 19171, 0, 2647, 65.59, 4
2026/10/03 02:04:37.492, 19171, 0, 2647, 65.59, 4
2026/10/03 02:04:37.542, 19171, 0, 2647, 65.59, 4
2026/10/03 02:04:37.592, 19171, 0, 2647, 66.61, 4
2026/10/03 02:04:37.643, 19171, 0, 2647, 66.61, 4
2026/10/03 02:04:37.693, 19171, 0, 2647, 66.61, 4
2026/10/03 02:04:37.743, 19171, 0, 2647, 66.61, 4
2026/10/03 02:04:37.793, 19171, 0, 2647, 66.61, 4
2026/10/03 02:04:37.844, 19171, 0, 2647, 66.61, 4
2026/10/03 02:04:37.894, 19171, 0, 2647, 66.61, 4
2026/10/03 02:04:37.944, 19171, 0, 2647, 66.61, 4
2026/10/03 02:04:37.994, 19171, 0, 2647, 66.61, 4
2026/10/03 02:04:38.044, 19171, 0, 2647, 66.61, 4
2026/10/03 02:04:38.095, 19171, 0, 2647, 66.25, 4
2026/10/03 02:04:38.145, 19171, 0, 2647, 66.25, 4
2026/10/03 02:04:38.195, 19171, 0, 2647, 66.25, 4
2026/10/03 02:04:38.245, 19171, 0, 2647, 66.25, 4
2026/10/03 02:04:38.296, 19171, 0, 2647, 66.25, 4
2026/10/03 02:04:38.346, 19171, 0, 2647, 66.25, 4
2026/10/03 02:04:38.396, 19171, 0, 2647, 66.25, 4
2026/10/03 02:04:38.446, 19171, 0, 2647, 66.25, 4
2026/10/03 02:04:38.496, 19171, 0, 2647, 66.25, 4
2026/10/03 02:04:38.547, 19171, 0, 2647, 66.25, 4
2026/10/03 02:04:38.597, 19171, 0, 2647, 65.92, 4
2026/10/03 02:04:38.647, 19171, 0, 2647, 65.92, 4
2026/10/03 02:04:38.697, 19171, 0, 2647, 65.92, 4
2026/10/03 02:04:38.748, 19181, 0, 2647, 65.92, 4
2026/10/03 02:04:38.798, 19241, 0, 2647, 65.92, 4
2026/10/03 02:04:38.848, 19241, 0, 2647, 65.92, 4
2026/10/03 02:04:38.898, 19345, 0, 2647, 65.92, 4
2026/10/03 02:04:38.948, 19345, 0, 2647, 65.92, 4
2026/10/03 02:04:38.999, 19345, 0, 2647, 65.92, 4
2026/10/03 02:04:39.049, 19445, 0, 2647, 65.92, 4
2026/10/03 02:04:39.099, 19445, 6, 2685, 71.88, 4
2026/10/03 02:04:39.149, 19445, 6, 2685, 71.88, 4
2026/10/03 02:04:39.199, 19445, 6, 2685, 71.88, 4
2026/10/03 02:04:39.250, 19445, 6, 2685, 71.88, 4
2026/10/03 02:04:39.300, 19445, 6, 2685, 71.88, 4
2026/10/03 02:04:39.350, 19505, 6, 2685, 71.88, 4
2026/10/03 02:04:39.400, 19565, 6, 2685, 71.88, 4
2026/10/03 02:04:39.451, 19567, 6, 2685, 71.88, 4
2026/10/03 02:04:39.501, 19567, 6, 2685, 71.88, 4
2026/10/03 02:04:39.551, 19567, 6, 2685, 71.88, 4
2026/10/03 02:04:39.601, 19567, 6, 2700, 124.14, 4
2026/10/03 02:04:39.651, 19567, 6, 2700, 124.14, 4
2026/10/03 02:04:39.702, 19567, 6, 2700, 124.14, 4
2026/10/03 02:04:39.752, 19567, 6, 2700, 124.14, 4
2026/10/03 02:04:39.802, 19567, 6, 2700, 124.14, 4
2026/10/03 02:04:39.852, 19567, 6, 2700, 124.14, 4
2026/10/03 02:04:39.902, 19567, 6, 2700, 124.14, 4
2026/10/03 02:04:39.953, 19567, 6, 2700, 124.14, 4
2026/10/03 02:04:40.003, 19567, 6, 2700, 124.14, 4
2026/10/03 02:04:40.053, 19627, 6, 2700, 124.14, 4
2026/10/03 02:04:40.103, 19627, 16, 2820, 96.19, 4
2026/10/03 02:04:40.154, 19627, 16, 2820, 96.19, 4
2026/10/03 02:04:40.204, 19627, 16, 2820, 96.19, 4
2026/10/03 02:04:40.254, 19627, 16, 2820, 96.19, 4
2026/10/03 02:04:40.304, 19627, 16, 2820, 96.19, 4
2026/10/03 02:04:40.354, 19627, 16, 2820, 96.19, 4
2026/10/03 02:04:40.405, 19627, 16, 2820, 96.19, 4
2026/10/03 02:04:40.455, 19627, 16, 2820, 96.19, 4
2026/10/03 02:04:40.505, 19627, 16, 2820, 96.19, 4
2026/10/03 02:04:40.555, 19629, 16, 2820, 96.19, 4
2026/10/03 02:04:40.605, 19629, 16, 2827, 139.81, 4
2026/10/03 02:04:40.656, 19629, 16, 2827, 139.81, 4
2026/10/03 02:04:40.706, 19629, 16, 2827, 139.81, 4
2026/10/03 02:04:40.756, 19629, 16, 2827, 139.81, 4
2026/10/03 02:04:40.806, 19629, 16, 2827, 139.81, 4
2026/10/03 02:04:40.857, 19629, 16, 2827, 139.81, 4
2026/10/03 02:04:40.907, 19629, 16, 2827, 139.81, 4
2026/10/03 02:04:40.957, 19629, 16, 2827, 139.81, 4
2026/10/03 02:04:41.007, 19629, 16, 2827, 139.81, 4
2026/10/03 02:04:41.057, 19629, 16, 2827, 139.81, 4
2026/10/03 02:04:41.108, 19629, 21, 2812, 136.78, 4
2026/10/03 02:04:41.158, 19629, 21, 2812, 136.78, 4
2026/10/03 02:04:41.208, 19629, 21, 2812, 136.78, 4
2026/10/03 02:04:41.258, 19629, 21, 2812, 136.78, 4
2026/10/03 02:04:41.309, 19629, 21, 2812, 136.78, 4
2026/10/03 02:04:41.359, 19629, 21, 2812, 136.78, 4
2026/10/03 02:04:41.409, 19629, 21, 2812, 136.78, 4
2026/10/03 02:04:41.459, 19629, 21, 2812, 136.78, 4
2026/10/03 02:04:41.509, 19629, 21, 2812, 136.78, 4
2026/10/03 02:04:41.560, 19629, 21, 2812, 136.78, 4
2026/10/03 02:04:41.610, 19629, 21, 2797, 97.85, 4
2026/10/03 02:04:41.660, 19631, 21, 2797, 97.85, 4
2026/10/03 02:04:41.710, 19631, 21, 2797, 97.85, 4
2026/10/03 02:04:41.760, 19631, 21, 2797, 97.85, 4
2026/10/03 02:04:41.811, 19631, 21, 2797, 97.85, 4
2026/10/03 02:04:41.861, 19631, 21, 2797, 97.85, 4
2026/10/03 02:04:41.911, 19631, 21, 2797, 97.85, 4
2026/10/03 02:04:41.961, 19631, 21, 2797, 97.85, 4
2026/10/03 02:04:42.012, 19631, 21, 2797, 97.85, 4
2026/10/03 02:04:42.062, 19631, 21, 2797, 97.85, 4
2026/10/03 02:04:42.112, 19631, 17, 2805, 109.94, 4
2026/10/03 02:04:42.162, 19631, 17, 2805, 109.94, 4
2026/10/03 02:04:42.212, 19671, 17, 2805, 109.94, 4
2026/10/03 02:04:42.263, 19671, 17, 2805, 109.94, 4
2026/10/03 02:04:42.313, 19671, 17, 2805, 109.94, 4
2026/10/03 02:04:42.363, 19671, 17, 2805, 109.94, 4
2026/10/03 02:04:42.413, 19671, 17, 2805, 109.94, 4
2026/10/03 02:04:42.464, 19671, 17, 2805, 109.94, 4
2026/10/03 02:04:42.514, 19671, 17, 2805, 109.94, 4
2026/10/03 02:04:42.564, 19671, 17, 2805, 109.94, 4
2026/10/03 02:04:42.614, 19671, 17, 2820, 145.02, 4
2026/10/03 02:04:42.664, 19673, 17, 2820, 145.02, 4
2026/10/03 02:04:42.715, 19673, 17, 2820, 145.02, 4
2026/10/03 02:04:42.765, 19673, 17, 2820, 145.02, 4
2026/10/03 02:04:42.815, 19673, 17, 2820, 145.02, 4
2026/10/03 02:04:42.865, 19673, 17, 2820, 145.02, 4
2026/10/03 02:04:42.916, 19673, 17, 2820, 145.02, 4
2026/10/03 02:04:42.966, 19693, 17, 2820, 145.02, 4
2026/10/03 02:04:43.016, 19693, 17, 2820, 145.02, 4
2026/10/03 02:04:43.066, 19693, 17, 2820, 145.02, 4
2026/10/03 02:04:43.116, 19693, 39, 2805, 142.98, 4
2026/10/03 02:04:43.167, 19693, 39, 2805, 142.98, 4
2026/10/03 02:04:43.217, 19693, 39, 2805, 142.98, 4
2026/10/03 02:04:43.267, 19693, 39, 2805, 142.98, 4
2026/10/03 02:04:43.317, 19693, 39, 2805, 142.98, 4
2026/10/03 02:04:43.367, 19693, 39, 2805, 142.98, 4
2026/10/03 02:04:43.418, 19693, 39, 2805, 142.98, 4
2026/10/03 02:04:43.468, 19693, 39, 2805, 142.98, 4
2026/10/03 02:04:43.518, 19693, 39, 2805, 142.98, 4
2026/10/03 02:04:43.569, 19693, 39, 2805, 142.98, 4
2026/10/03 02:04:43.619, 19693, 39, 2940, 149.16, 4
2026/10/03 02:04:43.669, 19695, 39, 2940, 149.16, 4
2026/10/03 02:04:43.719, 19715, 39, 2940, 149.16, 4
2026/10/03 02:04:43.770, 19715, 39, 2940, 149.16, 4
2026/10/03 02:04:43.820, 19715, 39, 2940, 149.16, 4
2026/10/03 02:04:43.870, 19715, 39, 2940, 149.16, 4
2026/10/03 02:04:43.920, 19715, 39, 2940, 149.16, 4
2026/10/03 02:04:43.970, 19715, 39, 2940, 149.16, 4
2026/10/03 02:04:44.021, 19715, 39, 2940, 149.16, 4
2026/10/03 02:04:44.071, 19715, 39, 2940, 149.16, 4
2026/10/03 02:04:44.121, 19715, 20, 2940, 152.84, 4
2026/10/03 02:04:44.171, 19715, 20, 2940, 152.84, 4
2026/10/03 02:04:44.222, 19715, 20, 2940, 152.84, 4
2026/10/03 02:04:44.272, 19715, 20, 2940, 152.84, 4
2026/10/03 02:04:44.322, 19715, 20, 2940, 152.84, 4
2026/10/03 02:04:44.372, 19715, 20, 2940, 152.84, 4
2026/10/03 02:04:44.422, 19715, 20, 2940, 152.84, 4
2026/10/03 02:04:44.473, 19735, 20, 2940, 152.84, 4
2026/10/03 02:04:44.523, 19735, 20, 2940, 152.84, 4
2026/10/03 02:04:44.573, 19735, 20, 2940, 152.84, 4
2026/10/03 02:04:44.623, 19735, 20, 2940, 145.37, 4
2026/10/03 02:04:44.674, 19735, 20, 2940, 145.37, 4
2026/10/03 02:04:44.724, 19737, 20, 2940, 145.37, 4
2026/10/03 02:04:44.774, 19737, 20, 2940, 145.37, 4
2026/10/03 02:04:44.824, 19737, 20, 2940, 145.37, 4
2026/10/03 02:04:44.875, 19737, 20, 2940, 145.37, 4
2026/10/03 02:04:44.925, 19737, 20, 2940, 145.37, 4
2026/10/03 02:04:44.975, 19757, 20, 2940, 145.37, 4
2026/10/03 02:04:45.025, 19757, 20, 2940, 145.37, 4
2026/10/03 02:04:45.076, 19757, 20, 2940, 145.37, 4
2026/10/03 02:04:45.126, 19757, 23, 2940, 133.79, 4
2026/10/03 02:04:45.176, 19757, 23, 2940, 133.79, 4
2026/10/03 02:04:45.226, 19757, 23, 2940, 133.79, 4
2026/10/03 02:04:45.276, 19757, 23, 2940, 133.79, 4
2026/10/03 02:04:45.327, 19757, 23, 2940, 133.79, 4
2026/10/03 02:04:45.377, 19757, 23, 2940, 133.79, 4
2026/10/03 02:04:45.427, 19757, 23, 2940, 133.79, 4
2026/10/03 02:04:45.477, 20117, 23, 2940, 133.79, 4
2026/10/03 02:04:45.528, 20117, 23, 2940, 133.79, 4
2026/10/03 02:04:45.578, 20117, 23, 2940, 133.79, 4
2026/10/03 02:04:45.628, 20117, 23, 2805, 171.52, 4
2026/10/03 02:04:45.678, 20117, 23, 2805, 171.52, 4
2026/10/03 02:04:45.728, 20117, 23, 2805, 171.52, 4
2026/10/03 02:04:45.779, 20117, 23, 2805, 171.52, 4
2026/10/03 02:04:45.829, 20117, 23, 2805, 171.52, 4
2026/10/03 02:04:45.879, 20117, 23, 2805, 171.52, 4
2026/10/03 02:04:45.929, 20117, 23, 2805, 171.52, 4
2026/10/03 02:04:45.979, 20117, 23, 2805, 171.52, 4
2026/10/03 02:04:46.029, 20117, 23, 2805, 171.52, 4
2026/10/03 02:04:46.080, 20117, 23, 2805, 171.52, 4
2026/10/03 02:04:46.130, 20117, 24, 2835, 133.50, 4
2026/10/03 02:04:46.180, 20117, 24, 2835, 133.50, 4
2026/10/03 02:04:46.230, 20117, 24, 2835, 133.50, 4
2026/10/03 02:04:46.280, 20117, 24, 2835, 133.50, 4
2026/10/03 02:04:46.330, 20117, 24, 2835, 133.50, 4
2026/10/03 02:04:46.380, 20117, 24, 2835, 133.50, 4
2026/10/03 02:04:46.431, 20117, 24, 2835, 133.50, 4
2026/10/03 02:04:46.481, 20117, 24, 2835, 133.50, 4
2026/10/03 02:04:46.531, 20117, 24, 2835, 133.50, 4
2026/10/03 02:04:46.581, 20117, 24, 2850, 146.79, 4
2026/10/03 02:04:46.634, 20117, 24, 2850, 146.79, 4
2026/10/03 02:04:46.684, 20117, 24, 2850, 146.79, 4
2026/10/03 02:04:46.735, 20117, 24, 2850, 146.79, 4
2026/10/03 02:04:46.785, 20117, 24, 2850, 146.79, 4
2026/10/03 02:04:46.835, 20117, 24, 2850, 146.79, 4
2026/10/03 02:04:46.885, 20117, 24, 2850, 146.79, 4
2026/10/03 02:04:46.935, 20117, 24, 2850, 146.79, 4
2026/10/03 02:04:46.985, 20117, 24, 2850, 146.79, 4
2026/10/03 02:04:47.035, 20117, 24, 2850, 146.79, 4
2026/10/03 02:04:47.086, 20117, 21, 2827, 137.21, 4
2026/10/03 02:04:47.136, 20117, 21, 2827, 137.21, 4
2026/10/03 02:04:47.186, 20117, 21, 2827, 137.21, 4
2026/10/03 02:04:47.236, 20117, 21, 2827, 137.21, 4
2026/10/03 02:04:47.286, 20117, 21, 2827, 137.21, 4
2026/10/03 02:04:47.337, 20117, 21, 2827, 137.21, 4
2026/10/03 02:04:47.387, 20117, 21, 2827, 137.21, 4
2026/10/03 02:04:47.438, 20117, 21, 2827, 137.21, 4
2026/10/03 02:04:47.489, 20117, 21, 2827, 137.21, 4
2026/10/03 02:04:47.540, 20117, 21, 2827, 137.21, 4
2026/10/03 02:04:47.590, 20117, 21, 2865, 119.08, 4
2026/10/03 02:04:47.640, 20117, 21, 2865, 119.08, 4
2026/10/03 02:04:47.690, 20117, 21, 2865, 119.08, 4
2026/10/03 02:04:47.741, 20117, 21, 2865, 119.08, 4
2026/10/03 02:04:47.793, 20117, 21, 2865, 119.08, 4
2026/10/03 02:04:47.844, 20117, 21, 2865, 119.08, 4
2026/10/03 02:04:47.894, 20117, 21, 2865, 119.08, 4
2026/10/03 02:04:47.944, 20117, 21, 2865, 119.08, 4
2026/10/03 02:04:47.994, 20117, 21, 2865, 119.08, 4
2026/10/03 02:04:48.044, 20117, 21, 2865, 119.08, 4
2026/10/03 02:04:48.094, 20117, 42, 2917, 145.12, 4
2026/10/03 02:04:48.145, 20117, 42, 2917, 145.12, 4
2026/10/03 02:04:48.195, 20117, 42, 2917, 145.12, 4
2026/10/03 02:04:48.245, 20117, 42, 2917, 145.12, 4
2026/10/03 02:04:48.295, 20117, 42, 2917, 145.12, 4
2026/10/03 02:04:48.345, 20117, 42, 2917, 145.12, 4
2026/10/03 02:04:48.396, 20117, 42, 2917, 145.12, 4
2026/10/03 02:04:48.446, 20117, 42, 2917, 145.12, 4
2026/10/03 02:04:48.496, 20117, 42, 2917, 145.12, 4
2026/10/03 02:04:48.546, 20117, 42, 2917, 145.12, 4
2026/10/03 02:04:48.596, 20117, 42, 2992, 152.28, 4
2026/10/03 02:04:48.647, 20117, 42, 2992, 152.28, 4
2026/10/03 02:04:48.697, 20117, 42, 2992, 152.28, 4
2026/10/03 02:04:48.747, 20117, 42, 2992, 152.28, 4
2026/10/03 02:04:48.797, 20117, 42, 2992, 152.28, 4
2026/10/03 02:04:48.847, 20117, 42, 2992, 152.28, 4
2026/10/03 02:04:48.901, 20117, 42, 2992, 152.28, 4
2026/10/03 02:04:48.952, 20117, 42, 2992, 152.28, 4
2026/10/03 02:04:49.002, 20117, 42, 2992, 152.28, 4
2026/10/03 02:04:49.052, 20117, 42, 2992, 152.28, 4
2026/10/03 02:04:49.102, 20117, 23, 3007, 145.48, 4
2026/10/03 02:04:49.152, 20117, 23, 3007, 145.48, 4
2026/10/03 02:04:49.203, 20117, 23, 3007, 145.48, 4
2026/10/03 02:04:49.253, 20117, 23, 3007, 145.48, 4
2026/10/03 02:04:49.303, 20117, 23, 3007, 145.48, 4
2026/10/03 02:04:49.354, 20117, 23, 3007, 145.48, 4
2026/10/03 02:04:49.404, 20117, 23, 3007, 145.48, 4
2026/10/03 02:04:49.455, 20117, 23, 3007, 145.48, 4
2026/10/03 02:04:49.505, 20117, 23, 3007, 145.48, 4
2026/10/03 02:04:49.555, 20117, 23, 3007, 145.48, 4
2026/10/03 02:04:49.605, 20117, 23, 3000, 155.35, 4
2026/10/03 02:04:49.655, 20117, 23, 3000, 155.35, 4
2026/10/03 02:04:49.706, 20117, 23, 3000, 155.35, 4
2026/10/03 02:04:49.756, 20117, 23, 3000, 155.35, 4
2026/10/03 02:04:49.806, 20117, 23, 3000, 155.35, 4
2026/10/03 02:04:49.856, 20117, 23, 3000, 155.35, 4
2026/10/03 02:04:49.906, 20117, 23, 3000, 155.35, 4
2026/10/03 02:04:49.957, 20117, 23, 3000, 155.35, 4
2026/10/03 02:04:50.007, 20117, 23, 3000, 155.35, 4
2026/10/03 02:04:50.057, 20117, 23, 3000, 155.35, 4
2026/10/03 02:04:50.107, 20117, 21, 2857, 134.62, 4
2026/10/03 02:04:50.157, 20117, 21, 2857, 134.62, 4
2026/10/03 02:04:50.208, 20117, 21, 2857, 134.62, 4
2026/10/03 02:04:50.258, 20117, 21, 2857, 134.62, 4
2026/10/03 02:04:50.308, 20117, 21, 2857, 134.62, 4
2026/10/03 02:04:50.358, 20117, 21, 2857, 134.62, 4
2026/10/03 02:04:50.408, 20117, 21, 2857, 134.62, 4
2026/10/03 02:04:50.459, 20117, 21, 2857, 134.62, 4
2026/10/03 02:04:50.509, 20117, 21, 2857, 134.62, 4
2026/10/03 02:04:50.559, 20117, 21, 2857, 134.62, 4
2026/10/03 02:04:50.609, 20117, 21, 2790, 127.86, 4
2026/10/03 02:04:50.659, 20117, 21, 2790, 127.86, 4
2026/10/03 02:04:50.709, 20117, 21, 2790, 127.86, 4
2026/10/03 02:04:50.760, 20117, 21, 2790, 127.86, 4
2026/10/03 02:04:50.810, 20117, 21, 2790, 127.86, 4
2026/10/03 02:04:50.860, 20117, 21, 2790, 127.86, 4
2026/10/03 02:04:50.910, 20117, 21, 2790, 127.86, 4
2026/10/03 02:04:50.960, 20117, 21, 2790, 127.86, 4
2026/10/03 02:04:51.011, 20117, 21, 2790, 127.86, 4
2026/10/03 02:04:51.061, 20117, 21, 2790, 127.86, 4
2026/10/03 02:04:51.111, 20117, 26, 2835, 153.40, 4
2026/10/03 02:04:51.161, 20117, 26, 2835, 153.40, 4
2026/10/03 02:04:51.211, 20117, 26, 2835, 153.40, 4
2026/10/03 02:04:51.262, 20117, 26, 2835, 153.40, 4
2026/10/03 02:04:51.312, 20117, 26, 2835, 153.40, 4
2026/10/03 02:04:51.362, 20117, 26, 2835, 153.40, 4
2026/10/03 02:04:51.412, 20117, 26, 2835, 153.40, 4
2026/10/03 02:04:51.462, 20117, 26, 2835, 153.40, 4
2026/10/03 02:04:51.513, 20117, 26, 2835, 153.40, 4
2026/10/03 02:04:51.563, 20117, 26, 2835, 153.40, 4
2026/10/03 02:04:51.614, 20117, 26, 2820, 129.74, 4
2026/10/03 02:04:51.666, 20117, 26, 2820, 129.74, 4
2026/10/03 02:04:51.716, 20117, 26, 2820, 129.74, 4
2026/10/03 02:04:51.767, 20117, 26, 2820, 129.74, 4
2026/10/03 02:04:51.817, 20117, 26, 2820, 129.74, 4
2026/10/03 02:04:51.867, 20117, 26, 2820, 129.74, 4
2026/10/03 02:04:51.917, 20117, 26, 2820, 129.74, 4
2026/10/03 02:04:51.967, 20117, 26, 2820, 129.74, 4
2026/10/03 02:04:52.017, 20117, 26, 2820, 129.74, 4
2026/10/03 02:04:52.067, 20117, 26, 2820, 129.74, 4
2026/10/03 02:04:52.118, 20117, 23, 2842, 124.49, 4
2026/10/03 02:04:52.168, 20117, 23, 2842, 124.49, 4
2026/10/03 02:04:52.218, 20117, 23, 2842, 124.49, 4
2026/10/03 02:04:52.268, 20117, 23, 2842, 124.49, 4
2026/10/03 02:04:52.318, 20117, 23, 2842, 124.49, 4
2026/10/03 02:04:52.369, 20117, 23, 2842, 124.49, 4
2026/10/03 02:04:52.419, 20117, 23, 2842, 124.49, 4
2026/10/03 02:04:52.469, 20117, 23, 2842, 124.49, 4
2026/10/03 02:04:52.519, 20117, 23, 2842, 124.49, 4
2026/10/03 02:04:52.569, 20117, 23, 2842, 124.49, 4
2026/10/03 02:04:52.620, 20117, 23, 2857, 144.90, 4
2026/10/03 02:04:52.670, 20117, 23, 2857, 144.90, 4
2026/10/03 02:04:52.720, 20117, 23, 2857, 144.90, 4
2026/10/03 02:04:52.770, 20117, 23, 2857, 144.90, 4
2026/10/03 02:04:52.820, 20117, 23, 2857, 144.90, 4
2026/10/03 02:04:52.871, 20117, 23, 2857, 144.90, 4
2026/10/03 02:04:52.921, 20117, 23, 2857, 144.90, 4
2026/10/03 02:04:52.971, 20117, 23, 2857, 144.90, 4
2026/10/03 02:04:53.021, 20117, 23, 2857, 144.90, 4
2026/10/03 02:04:53.071, 20117, 23, 2857, 144.90, 4
2026/10/03 02:04:53.122, 20117, 23, 2812, 127.12, 4
2026/10/03 02:04:53.172, 20117, 23, 2812, 127.12, 4
2026/10/03 02:04:53.222, 20117, 23, 2812, 127.12, 4
2026/10/03 02:04:53.272, 20117, 23, 2812, 127.12, 4
2026/10/03 02:04:53.322, 20117, 23, 2812, 127.12, 4
2026/10/03 02:04:53.372, 20117, 23, 2812, 127.12, 4
2026/10/03 02:04:53.423, 20117, 23, 2812, 127.12, 4
2026/10/03 02:04:53.473, 20117, 23, 2812, 127.12, 4
2026/10/03 02:04:53.523, 20117, 23, 2812, 127.12, 4
2026/10/03 02:04:53.573, 20117, 23, 2812, 127.12, 4
2026/10/03 02:04:53.623, 20117, 23, 2857, 150.33, 4
2026/10/03 02:04:53.674, 20117, 23, 2857, 150.33, 4
2026/10/03 02:04:53.724, 20117, 23, 2857, 150.33, 4
2026/10/03 02:04:53.774, 20117, 23, 2857, 150.33, 4
2026/10/03 02:04:53.824, 20117, 23, 2857, 150.33, 4
2026/10/03 02:04:53.874, 20117, 23, 2857, 150.33, 4
2026/10/03 02:04:53.925, 20117, 23, 2857, 150.33, 4
2026/10/03 02:04:53.975, 20117, 23, 2857, 150.33, 4
2026/10/03 02:04:54.025, 20117, 23, 2857, 150.33, 4
2026/10/03 02:04:54.075, 20117, 23, 2857, 150.33, 4
2026/10/03 02:04:54.125, 20117, 23, 2812, 127.02, 4
2026/10/03 02:04:54.176, 20117, 23, 2812, 127.02, 4
2026/10/03 02:04:54.226, 20117, 23, 2812, 127.02, 4
2026/10/03 02:04:54.276, 20117, 23, 2812, 127.02, 4
2026/10/03 02:04:54.326, 20117, 23, 2812, 127.02, 4
2026/10/03 02:04:54.376, 20117, 23, 2812, 127.02, 4
2026/10/03 02:04:54.427, 20117, 23, 2812, 127.02, 4
2026/10/03 02:04:54.477, 20117, 23, 2812, 127.02, 4
2026/10/03 02:04:54.527, 20117, 23, 2812, 127.02, 4
2026/10/03 02:04:54.577, 20117, 23, 2812, 127.02, 4
2026/10/03 02:04:54.627, 20117, 23, 2842, 140.52, 4
2026/10/03 02:04:54.678, 20117, 23, 2842, 140.52, 4
2026/10/03 02:04:54.728, 20117, 23, 2842, 140.52, 4
2026/10/03 02:04:54.778, 20117, 23, 2842, 140.52, 4
2026/10/03 02:04:54.828, 20117, 23, 2842, 140.52, 4
2026/10/03 02:04:54.878, 20117, 23, 2842, 140.52, 4
2026/10/03 02:04:54.929, 20117, 23, 2842, 140.52, 4
2026/10/03 02:04:54.979, 20117, 23, 2842, 140.52, 4
2026/10/03 02:04:55.029, 20117, 23, 2842, 140.52, 4
2026/10/03 02:04:55.079, 20117, 23, 2842, 140.52, 4
2026/10/03 02:04:55.129, 20117, 25, 2820, 146.18, 4
2026/10/03 02:04:55.179, 20117, 25, 2820, 146.18, 4
2026/10/03 02:04:55.230, 20117, 25, 2820, 146.18, 4
2026/10/03 02:04:55.280, 20117, 25, 2820, 146.18, 4
2026/10/03 02:04:55.330, 20117, 25, 2820, 146.18, 4
2026/10/03 02:04:55.380, 20117, 25, 2820, 146.18, 4
2026/10/03 02:04:55.430, 20117, 25, 2820, 146.18, 4
2026/10/03 02:04:55.481, 20117, 25, 2820, 146.18, 4
2026/10/03 02:04:55.531, 20117, 25, 2820, 146.18, 4
2026/10/03 02:04:55.581, 20117, 25, 2857, 146.18, 4
2026/10/03 02:04:55.631, 20117, 25, 2857, 131.91, 4
2026/10/03 02:04:55.681, 20117, 25, 2857, 131.91, 4
2026/10/03 02:04:55.732, 20117, 25, 2857, 131.91, 4
2026/10/03 02:04:55.782, 20117, 25, 2857, 131.91, 4
2026/10/03 02:04:55.832, 20117, 25, 2857, 131.91, 4
2026/10/03 02:04:55.882, 20117, 25, 2857, 131.91, 4
2026/10/03 02:04:55.932, 20117, 25, 2857, 131.91, 4
2026/10/03 02:04:55.983, 20117, 25, 2857, 131.91, 4
2026/10/03 02:04:56.033, 20117, 25, 2857, 131.91, 4
2026/10/03 02:04:56.083, 20117, 24, 2805, 132.18, 4
2026/10/03 02:04:56.133, 20117, 24, 2805, 132.18, 4
2026/10/03 02:04:56.183, 20117, 24, 2805, 132.18, 4
2026/10/03 02:04:56.234, 20117, 24, 2805, 132.18, 4
2026/10/03 02:04:56.284, 20117, 24, 2805, 132.18, 4
2026/10/03 02:04:56.334, 20117, 24, 2805, 132.18, 4
2026/10/03 02:04:56.384, 20117, 24, 2805, 132.18, 4
2026/10/03 02:04:56.434, 20117, 24, 2805, 132.18, 4
2026/10/03 02:04:56.484, 20117, 24, 2805, 132.18, 4
2026/10/03 02:04:56.535, 20117, 24, 2805, 132.18, 4
2026/10/03 02:04:56.585, 20117, 24, 2835, 154.13, 4
2026/10/03 02:04:56.635, 20117, 24, 2835, 154.13, 4
2026/10/03 02:04:56.685, 20117, 24, 2835, 154.13, 4
2026/10/03 02:04:56.735, 20117, 24, 2835, 154.13, 4
2026/10/03 02:04:56.786, 20117, 24, 2835, 154.13, 4
2026/10/03 02:04:56.836, 20117, 24, 2835, 154.13, 4
2026/10/03 02:04:56.886, 20117, 24, 2835, 154.13, 4
2026/10/03 02:04:56.936, 20117, 24, 2835, 154.13, 4
2026/10/03 02:04:56.986, 20117, 24, 2835, 154.13, 4
2026/10/03 02:04:57.037, 20117, 24, 2835, 154.13, 4
2026/10/03 02:04:57.087, 20117, 23, 2820, 125.25, 4
2026/10/03 02:04:57.137, 20117, 23, 2820, 125.25, 4
2026/10/03 02:04:57.187, 20117, 23, 2820, 125.25, 4
2026/10/03 02:04:57.237, 20117, 23, 2820, 125.25, 4
2026/10/03 02:04:57.288, 20117, 23, 2820, 125.25, 4
2026/10/03 02:04:57.338, 20117, 23, 2820, 125.25, 4
2026/10/03 02:04:57.388, 20117, 23, 2820, 125.25, 4
2026/10/03 02:04:57.438, 20117, 23, 2820, 125.25, 4
2026/10/03 02:04:57.488, 20117, 23, 2820, 125.25, 4
2026/10/03 02:04:57.539, 20117, 23, 2820, 125.25, 4
2026/10/03 02:04:57.589, 20117, 23, 2857, 142.61, 4
2026/10/03 02:04:57.639, 20117, 23, 2857, 142.61, 4
2026/10/03 02:04:57.689, 20117, 23, 2857, 142.61, 4
2026/10/03 02:04:57.739, 20117, 23, 2857, 142.61, 4
2026/10/03 02:04:57.789, 20117, 23, 2857, 142.61, 4
2026/10/03 02:04:57.840, 20117, 23, 2857, 142.61, 4
2026/10/03 02:04:57.890, 20117, 23, 2857, 142.61, 4
2026/10/03 02:04:57.940, 20117, 23, 2857, 142.61, 4
2026/10/03 02:04:57.990, 20117, 23, 2857, 142.61, 4
2026/10/03 02:04:58.040, 20117, 23, 2857, 142.61, 4
2026/10/03 02:04:58.091, 20117, 23, 2812, 134.09, 4
2026/10/03 02:04:58.141, 20117, 23, 2812, 134.09, 4
2026/10/03 02:04:58.191, 20117, 23, 2812, 134.09, 4
2026/10/03 02:04:58.241, 20117, 23, 2812, 134.09, 4
2026/10/03 02:04:58.291, 20117, 23, 2812, 134.09, 4
2026/10/03 02:04:58.342, 20117, 23, 2812, 134.09, 4
2026/10/03 02:04:58.392, 20117, 23, 2812, 134.09, 4
2026/10/03 02:04:58.442, 20117, 23, 2812, 134.09, 4
2026/10/03 02:04:58.492, 20117, 23, 2812, 134.09, 4
2026/10/03 02:04:58.543, 20117, 23, 2812, 134.09, 4
2026/10/03 02:04:58.593, 20117, 23, 2857, 132.10, 4
2026/10/03 02:04:58.643, 20117, 23, 2857, 132.10, 4
2026/10/03 02:04:58.693, 20117, 23, 2857, 132.10, 4
2026/10/03 02:04:58.743, 20117, 23, 2857, 132.10, 4
2026/10/03 02:04:58.794, 20117, 23, 2857, 132.10, 4
2026/10/03 02:04:58.844, 20117, 23, 2857, 132.10, 4
2026/10/03 02:04:58.894, 20117, 23, 2857, 132.10, 4
2026/10/03 02:04:58.944, 20117, 23, 2857, 132.10, 4
2026/10/03 02:04:58.995, 20117, 23, 2857, 132.10, 4
2026/10/03 02:04:59.045, 20117, 23, 2857, 132.10, 4
2026/10/03 02:04:59.095, 20117, 26, 2820, 145.23, 4
2026/10/03 02:04:59.145, 20117, 26, 2820, 145.23, 4
2026/10/03 02:04:59.195, 20117, 26, 2820, 145.23, 4
2026/10/03 02:04:59.246, 20117, 26, 2820, 145.23, 4
2026/10/03 02:04:59.296, 20117, 26, 2820, 145.23, 4
2026/10/03 02:04:59.346, 20117, 26, 2820, 145.23, 4
2026/10/03 02:04:59.396, 20117, 26, 2820, 145.23, 4
2026/10/03 02:04:59.446, 20117, 26, 2820, 145.23, 4
2026/10/03 02:04:59.497, 20117, 26, 2820, 145.23, 4
2026/10/03 02:04:59.547, 20117, 26, 2820, 145.23, 4
2026/10/03 02:04:59.597, 20117, 26, 2842, 135.75, 4
2026/10/03 02:04:59.647, 20117, 26, 2842, 135.75, 4
2026/10/03 02:04:59.698, 20117, 26, 2842, 135.75, 4
2026/10/03 02:04:59.748, 20117, 26, 2842, 135.75, 4
2026/10/03 02:04:59.798, 20117, 26, 2842, 135.75, 4
2026/10/03 02:04:59.848, 20117, 26, 2842, 135.75, 4
2026/10/03 02:04:59.898, 20117, 26, 2842, 135.75, 4
2026/10/03 02:04:59.949, 20117, 26, 2842, 135.75, 4
2026/10/03 02:04:59.999, 20117, 26, 2842, 135.75, 4
2026/10/03 02:05:00.049, 20117, 26, 2842, 135.75, 4
2026/10/03 02:05:00.099, 20117, 23, 2812, 139.95, 4
2026/10/03 02:05:00.150, 20117, 23, 2812, 139.95, 4
2026/10/03 02:05:00.200, 20117, 23, 2812, 139.95, 4
2026/10/03 02:05:00.250, 20117, 23, 2812, 139.95, 4
2026/10/03 02:05:00.300, 20117, 23, 2812, 139.95, 4
2026/10/03 02:05:00.350, 20117, 23, 2812, 139.95, 4
2026/10/03 02:05:00.401, 20117, 23, 2812, 139.95, 4
2026/10/03 02:05:00.451, 20117, 23, 2812, 139.95, 4
2026/10/03 02:05:00.501, 20117, 23, 2812, 139.95, 4
2026/10/03 02:05:00.551, 20117, 23, 2812, 139.95, 4
2026/10/03 02:05:00.601, 20117, 23, 2850, 139.54, 4
2026/10/03 02:05:00.652, 20117, 23, 2850, 139.54, 4
2026/10/03 02:05:00.702, 20117, 23, 2850, 139.54, 4
2026/10/03 02:05:00.752, 20117, 23, 2850, 139.54, 4
2026/10/03 02:05:00.802, 20117, 23, 2850, 139.54, 4
2026/10/03 02:05:00.853, 20117, 23, 2850, 139.54, 4
2026/10/03 02:05:00.903, 20117, 23, 2850, 139.54, 4
2026/10/03 02:05:00.953, 20117, 23, 2850, 139.54, 4
2026/10/03 02:05:01.003, 20117, 23, 2850, 139.54, 4
2026/10/03 02:05:01.053, 20117, 23, 2850, 139.54, 4
2026/10/03 02:05:01.104, 20117, 24, 2812, 131.66, 4
2026/10/03 02:05:01.154, 20117, 24, 2812, 131.66, 4
2026/10/03 02:05:01.204, 20117, 24, 2812, 131.66, 4
2026/10/03 02:05:01.254, 20117, 24, 2812, 131.66, 4
2026/10/03 02:05:01.304, 20117, 24, 2812, 131.66, 4
2026/10/03 02:05:01.354, 20117, 24, 2812, 131.66, 4
2026/10/03 02:05:01.405, 20117, 24, 2812, 131.66, 4
2026/10/03 02:05:01.455, 20117, 24, 2812, 131.66, 4
2026/10/03 02:05:01.506, 20117, 24, 2812, 131.66, 4
2026/10/03 02:05:01.556, 20117, 24, 2812, 131.66, 4
2026/10/03 02:05:01.606, 20117, 24, 2850, 141.86, 4
2026/10/03 02:05:01.656, 20117, 24, 2850, 141.86, 4
2026/10/03 02:05:01.706, 20117, 24, 2850, 141.86, 4
2026/10/03 02:05:01.756, 20117, 24, 2850, 141.86, 4
2026/10/03 02:05:01.807, 20117, 24, 2850, 141.86, 4
2026/10/03 02:05:01.857, 20117, 24, 2850, 141.86, 4
2026/10/03 02:05:01.907, 20117, 24, 2850, 141.86, 4
2026/10/03 02:05:01.957, 20117, 24, 2850, 141.86, 4
2026/10/03 02:05:02.007, 20117, 24, 2850, 141.86, 4
2026/10/03 02:05:02.057, 20117, 24, 2850, 141.86, 4
2026/10/03 02:05:02.108, 20117, 25, 2835, 149.85, 4
2026/10/03 02:05:02.158, 20117, 25, 2835, 149.85, 4
2026/10/03 02:05:02.208, 20117, 25, 2835, 149.85, 4
2026/10/03 02:05:02.258, 20117, 25, 2835, 149.85, 4
2026/10/03 02:05:02.308, 20117, 25, 2835, 149.85, 4
2026/10/03 02:05:02.358, 20117, 25, 2835, 149.85, 4
2026/10/03 02:05:02.409, 20117, 25, 2835, 149.85, 4
2026/10/03 02:05:02.459, 20117, 25, 2835, 149.85, 4
2026/10/03 02:05:02.509, 20117, 25, 2835, 149.85, 4
2026/10/03 02:05:02.560, 20117, 25, 2835, 149.85, 4
2026/10/03 02:05:02.610, 20117, 25, 2827, 146.34, 4
2026/10/03 02:05:02.660, 20117, 25, 2827, 146.34, 4
2026/10/03 02:05:02.710, 20117, 25, 2827, 146.34, 4
2026/10/03 02:05:02.760, 20117, 25, 2827, 146.34, 4
2026/10/03 02:05:02.810, 20117, 25, 2827, 146.34, 4
2026/10/03 02:05:02.861, 20117, 25, 2827, 146.34, 4
2026/10/03 02:05:02.911, 20117, 25, 2827, 146.34, 4
2026/10/03 02:05:02.961, 20117, 25, 2827, 146.34, 4
2026/10/03 02:05:03.012, 20117, 25, 2827, 146.34, 4
2026/10/03 02:05:03.062, 20117, 25, 2827, 146.34, 4
2026/10/03 02:05:03.112, 20117, 20, 2820, 128.36, 4
2026/10/03 02:05:03.162, 20117, 20, 2820, 128.36, 4
2026/10/03 02:05:03.212, 20117, 20, 2820, 128.36, 4
2026/10/03 02:05:03.262, 20117, 20, 2820, 128.36, 4
2026/10/03 02:05:03.313, 20117, 20, 2820, 128.36, 4
2026/10/03 02:05:03.363, 20117, 20, 2820, 128.36, 4
2026/10/03 02:05:03.413, 20117, 20, 2820, 128.36, 4
2026/10/03 02:05:03.463, 20117, 20, 2820, 128.36, 4
2026/10/03 02:05:03.513, 20117, 20, 2820, 128.36, 4
2026/10/03 02:05:03.564, 20117, 20, 2820, 128.36, 4
2026/10/03 02:05:03.614, 20117, 20, 2812, 113.97, 4
2026/10/03 02:05:03.664, 20117, 20, 2812, 113.97, 4
2026/10/03 02:05:03.714, 20117, 20, 2812, 113.97, 4
2026/10/03 02:05:03.764, 20117, 20, 2812, 113.97, 4
2026/10/03 02:05:03.814, 20117, 20, 2812, 113.97, 4
2026/10/03 02:05:03.865, 20117, 20, 2812, 113.97, 4
2026/10/03 02:05:03.915, 20117, 20, 2812, 113.97, 4
2026/10/03 02:05:03.965, 20117, 20, 2812, 113.97, 4
2026/10/03 02:05:04.015, 20117, 20, 2812, 113.97, 4
2026/10/03 02:05:04.065, 20117, 20, 2812, 113.97, 4
2026/10/03 02:05:04.115, 20117, 21, 2835, 130.56, 4
2026/10/03 02:05:04.166, 20117, 21, 2835, 130.56, 4
2026/10/03 02:05:04.216, 20117, 21, 2835, 130.56, 4
2026/10/03 02:05:04.266, 20117, 21, 2835, 130.56, 4
2026/10/03 02:05:04.316, 20117, 21, 2835, 130.56, 4
2026/10/03 02:05:04.366, 20117, 21, 2835, 130.56, 4
2026/10/03 02:05:04.417, 20117, 21, 2835, 130.56, 4
2026/10/03 02:05:04.467, 20117, 21, 2835, 130.56, 4
2026/10/03 02:05:04.517, 20117, 21, 2835, 130.56, 4
2026/10/03 02:05:04.568, 20117, 21, 2835, 130.56, 4
2026/10/03 02:05:04.618, 20117, 21, 2835, 136.00, 4
2026/10/03 02:05:04.668, 20117, 21, 2835, 136.00, 4
2026/10/03 02:05:04.718, 20117, 21, 2835, 136.00, 4
2026/10/03 02:05:04.768, 20117, 21, 2835, 136.00, 4
2026/10/03 02:05:04.819, 20117, 21, 2835, 136.00, 4
2026/10/03 02:05:04.869, 20117, 21, 2835, 136.00, 4
2026/10/03 02:05:04.919, 20117, 21, 2835, 136.00, 4
2026/10/03 02:05:04.969, 20117, 21, 2835, 136.00, 4
2026/10/03 02:05:05.019, 20117, 21, 2835, 136.00, 4
2026/10/03 02:05:05.069, 20117, 21, 2835, 136.00, 4
2026/10/03 02:05:05.120, 20117, 24, 2820, 149.38, 4
2026/10/03 02:05:05.170, 20117, 24, 2820, 149.38, 4
2026/10/03 02:05:05.220, 20117, 24, 2820, 149.38, 4
2026/10/03 02:05:05.270, 20117, 24, 2820, 149.38, 4
2026/10/03 02:05:05.320, 20117, 24, 2820, 149.38, 4
2026/10/03 02:05:05.370, 20117, 24, 2820, 149.38, 4
2026/10/03 02:05:05.421, 20117, 24, 2820, 149.38, 4
2026/10/03 02:05:05.471, 20117, 24, 2820, 149.38, 4
2026/10/03 02:05:05.521, 20117, 24, 2820, 149.38, 4
2026/10/03 02:05:05.571, 20117, 24, 2820, 149.38, 4
2026/10/03 02:05:05.621, 20117, 24, 2812, 127.12, 4
2026/10/03 02:05:05.672, 20117, 24, 2812, 127.12, 4
2026/10/03 02:05:05.722, 20117, 24, 2812, 127.12, 4
2026/10/03 02:05:05.772, 20117, 24, 2812, 127.12, 4
2026/10/03 02:05:05.822, 20117, 24, 2812, 127.12, 4
2026/10/03 02:05:05.873, 20117, 24, 2812, 127.12, 4
2026/10/03 02:05:05.923, 20117, 24, 2812, 127.12, 4
2026/10/03 02:05:05.973, 20117, 24, 2812, 127.12, 4
2026/10/03 02:05:06.023, 20117, 24, 2812, 127.12, 4
2026/10/03 02:05:06.073, 20117, 24, 2812, 127.12, 4
2026/10/03 02:05:06.124, 20117, 22, 2857, 140.33, 4
2026/10/03 02:05:06.174, 20117, 22, 2857, 140.33, 4
2026/10/03 02:05:06.224, 20117, 22, 2857, 140.33, 4
2026/10/03 02:05:06.274, 20117, 22, 2857, 140.33, 4
2026/10/03 02:05:06.325, 20117, 22, 2857, 140.33, 4
2026/10/03 02:05:06.375, 20117, 22, 2857, 140.33, 4
2026/10/03 02:05:06.425, 20117, 22, 2857, 140.33, 4
2026/10/03 02:05:06.475, 20117, 22, 2857, 140.33, 4
2026/10/03 02:05:06.525, 20117, 22, 2857, 140.33, 4
2026/10/03 02:05:06.576, 20117, 22, 2857, 140.33, 4
2026/10/03 02:05:06.626, 20117, 22, 2812, 134.13, 4
2026/10/03 02:05:06.676, 20117, 22, 2812, 134.13, 4
2026/10/03 02:05:06.726, 20117, 22, 2812, 134.13, 4
2026/10/03 02:05:06.776, 20117, 22, 2812, 134.13, 4
2026/10/03 02:05:06.827, 20117, 22, 2812, 134.13, 4
2026/10/03 02:05:06.877, 20117, 22, 2812, 134.13, 4
2026/10/03 02:05:06.927, 20117, 22, 2812, 134.13, 4
2026/10/03 02:05:06.977, 20117, 22, 2812, 134.13, 4
2026/10/03 02:05:07.028, 20117, 22, 2812, 134.13, 4
2026/10/03 02:05:07.078, 20117, 22, 2812, 134.13, 4
2026/10/03 02:05:07.128, 20117, 25, 2835, 139.67, 4
2026/10/03 02:05:07.178, 20117, 25, 2835, 139.67, 4
2026/10/03 02:05:07.228, 20117, 25, 2835, 139.67, 4
2026/10/03 02:05:07.279, 20117, 25, 2835, 139.67, 4
2026/10/03 02:05:07.329, 20117, 25, 2835, 139.67, 4
2026/10/03 02:05:07.379, 20117, 25, 2835, 139.67, 4
2026/10/03 02:05:07.429, 20117, 25, 2835, 139.67, 4
2026/10/03 02:05:07.480, 20117, 25, 2835, 139.67, 4
2026/10/03 02:05:07.530, 20117, 25, 2835, 139.67, 4
2026/10/03 02:05:07.580, 20117, 25, 2835, 139.67, 4
2026/10/03 02:05:07.630, 20117, 25, 2820, 126.29, 4
2026/10/03 02:05:07.681, 20117, 25, 2820, 126.29, 4
2026/10/03 02:05:07.731, 20117, 25, 2820, 126.29, 4
2026/10/03 02:05:07.781, 20117, 25, 2820, 126.29, 4
2026/10/03 02:05:07.831, 20117, 25, 2820, 126.29, 4
2026/10/03 02:05:07.881, 20117, 25, 2820, 126.29, 4
2026/10/03 02:05:07.932, 20117, 25, 2820, 126.29, 4
2026/10/03 02:05:07.982, 20117, 25, 2820, 126.29, 4
2026/10/03 02:05:08.032, 20117, 25, 2820, 126.29, 4
2026/10/03 02:05:08.082, 20117, 25, 2857, 137.22, 4
2026/10/03 02:05:08.133, 20117, 25, 2857, 137.22, 4
2026/10/03 02:05:08.183, 20117, 25, 2857, 137.22, 4
2026/10/03 02:05:08.233, 20117, 25, 2857, 137.22, 4
2026/10/03 02:05:08.283, 20117, 25, 2857, 137.22, 4
2026/10/03 02:05:08.333, 20117, 25, 2857, 137.22, 4
2026/10/03 02:05:08.384, 20117, 25, 2857, 137.22, 4
2026/10/03 02:05:08.434, 20117, 25, 2857, 137.22, 4
2026/10/03 02:05:08.484, 20117, 25, 2857, 137.22, 4
2026/10/03 02:05:08.534, 20117, 25, 2857, 137.22, 4
2026/10/03 02:05:08.584, 20117, 25, 2812, 136.89, 4
2026/10/03 02:05:08.635, 20117, 25, 2812, 136.89, 4
2026/10/03 02:05:08.685, 20117, 25, 2812, 136.89, 4
2026/10/03 02:05:08.735, 20117, 25, 2812, 136.89, 4
2026/10/03 02:05:08.785, 20117, 25, 2812, 136.89, 4
2026/10/03 02:05:08.836, 20117, 25, 2812, 136.89, 4
2026/10/03 02:05:08.886, 20117, 25, 2812, 136.89, 4
2026/10/03 02:05:08.936, 20117, 25, 2812, 136.89, 4
2026/10/03 02:05:08.986, 20117, 25, 2812, 136.89, 4
2026/10/03 02:05:09.037, 20117, 25, 2812, 136.89, 4
2026/10/03 02:05:09.087, 20117, 24, 2857, 139.25, 4
2026/10/03 02:05:09.137, 20117, 24, 2857, 139.25, 4
2026/10/03 02:05:09.187, 20117, 24, 2857, 139.25, 4
2026/10/03 02:05:09.237, 20117, 24, 2857, 139.25, 4
2026/10/03 02:05:09.288, 20117, 24, 2857, 139.25, 4
2026/10/03 02:05:09.338, 20117, 24, 2857, 139.25, 4
2026/10/03 02:05:09.388, 20117, 24, 2857, 139.25, 4
2026/10/03 02:05:09.438, 20117, 24, 2857, 139.25, 4
2026/10/03 02:05:09.489, 20117, 24, 2857, 139.25, 4
2026/10/03 02:05:09.539, 20117, 24, 2857, 139.25, 4
2026/10/03 02:05:09.589, 20117, 24, 2805, 127.38, 4
2026/10/03 02:05:09.639, 20117, 24, 2805, 127.38, 4
2026/10/03 02:05:09.690, 20117, 24, 2805, 127.38, 4
2026/10/03 02:05:09.740, 20117, 24, 2805, 127.38, 4
2026/10/03 02:05:09.790, 20117, 24, 2805, 127.38, 4
2026/10/03 02:05:09.840, 20117, 24, 2805, 127.38, 4
2026/10/03 02:05:09.891, 20117, 24, 2805, 127.38, 4
2026/10/03 02:05:09.941, 20117, 24, 2805, 127.38, 4
2026/10/03 02:05:09.991, 20117, 24, 2805, 127.38, 4
2026/10/03 02:05:10.041, 20117, 24, 2805, 127.38, 4
2026/10/03 02:05:10.091, 20117, 24, 2857, 138.09, 4
2026/10/03 02:05:10.142, 20117, 24, 2857, 138.09, 4
2026/10/03 02:05:10.192, 20117, 24, 2857, 138.09, 4
2026/10/03 02:05:10.242, 20117, 24, 2857, 138.09, 4
2026/10/03 02:05:10.292, 20117, 24, 2857, 138.09, 4
2026/10/03 02:05:10.342, 20117, 24, 2857, 138.09, 4
2026/10/03 02:05:10.393, 20117, 24, 2857, 138.09, 4
2026/10/03 02:05:10.443, 20117, 24, 2857, 138.09, 4
2026/10/03 02:05:10.493, 20117, 24, 2857, 138.09, 4
2026/10/03 02:05:10.543, 20117, 24, 2857, 138.09, 4
2026/10/03 02:05:10.594, 20117, 24, 2812, 132.92, 4
2026/10/03 02:05:10.644, 20117, 24, 2812, 132.92, 4
2026/10/03 02:05:10.694, 20117, 24, 2812, 132.92, 4
2026/10/03 02:05:10.744, 20117, 24, 2812, 132.92, 4
2026/10/03 02:05:10.794, 20117, 24, 2812, 132.92, 4
2026/10/03 02:05:10.844, 20117, 24, 2812, 132.92, 4
2026/10/03 02:05:10.895, 20117, 24, 2812, 132.92, 4
2026/10/03 02:05:10.945, 20117, 24, 2812, 132.92, 4
2026/10/03 02:05:10.995, 20117, 24, 2812, 132.92, 4
2026/10/03 02:05:11.045, 20117, 24, 2812, 132.92, 4
2026/10/03 02:05:11.095, 20117, 22, 2827, 128.47, 4
2026/10/03 02:05:11.145, 20117, 22, 2827, 128.47, 4
2026/10/03 02:05:11.196, 20117, 22, 2827, 128.47, 4
2026/10/03 02:05:11.246, 20117, 22, 2827, 128.47, 4
2026/10/03 02:05:11.296, 20117, 22, 2827, 128.47, 4
2026/10/03 02:05:11.346, 20117, 22, 2827, 128.47, 4
2026/10/03 02:05:11.396, 20117, 22, 2827, 128.47, 4
2026/10/03 02:05:11.447, 20117, 22, 2827, 128.47, 4
2026/10/03 02:05:11.497, 20117, 22, 2827, 128.47, 4
2026/10/03 02:05:11.547, 20117, 22, 2827, 128.47, 4
2026/10/03 02:05:11.597, 20117, 22, 2827, 139.74, 4
2026/10/03 02:05:11.647, 20117, 22, 2827, 139.74, 4
2026/10/03 02:05:11.697, 20117, 22, 2827, 139.74, 4
2026/10/03 02:05:11.748, 20117, 22, 2827, 139.74, 4
2026/10/03 02:05:11.798, 20117, 22, 2827, 139.74, 4
2026/10/03 02:05:11.848, 20117, 22, 2827, 139.74, 4
2026/10/03 02:05:11.898, 20117, 22, 2827, 139.74, 4
2026/10/03 02:05:11.948, 20117, 22, 2827, 139.74, 4
2026/10/03 02:05:11.999, 20117, 22, 2827, 139.74, 4
2026/10/03 02:05:12.049, 20117, 22, 2827, 139.74, 4
2026/10/03 02:05:12.099, 20117, 23, 2812, 140.33, 4
2026/10/03 02:05:12.149, 20117, 23, 2812, 140.33, 4
2026/10/03 02:05:12.199, 20117, 23, 2812, 140.33, 4
2026/10/03 02:05:12.249, 20117, 23, 2812, 140.33, 4
2026/10/03 02:05:12.300, 20117, 23, 2812, 140.33, 4
2026/10/03 02:05:12.350, 20117, 23, 2812, 140.33, 4
2026/10/03 02:05:12.400, 20117, 23, 2812, 140.33, 4
2026/10/03 02:05:12.450, 20117, 23, 2812, 140.33, 4
2026/10/03 02:05:12.500, 20117, 23, 2812, 140.33, 4
2026/10/03 02:05:12.550, 20117, 23, 2812, 140.33, 4
2026/10/03 02:05:12.600, 20117, 23, 2797, 138.77, 4
2026/10/03 02:05:12.651, 20117, 23, 2797, 138.77, 4
2026/10/03 02:05:12.701, 20117, 23, 2797, 138.77, 4
2026/10/03 02:05:12.751, 20117, 23, 2797, 138.77, 4
2026/10/03 02:05:12.801, 20117, 23, 2797, 138.77, 4
2026/10/03 02:05:12.851, 20117, 23, 2797, 138.77, 4
2026/10/03 02:05:12.902, 20117, 23, 2797, 138.77, 4
2026/10/03 02:05:12.952, 20117, 23, 2797, 138.77, 4
2026/10/03 02:05:13.002, 20117, 23, 2797, 138.77, 4
2026/10/03 02:05:13.052, 20117, 23, 2797, 138.77, 4
2026/10/03 02:05:13.102, 20117, 24, 2827, 131.04, 4
2026/10/03 02:05:13.153, 20117, 24, 2827, 131.04, 4
2026/10/03 02:05:13.203, 20117, 24, 2827, 131.04, 4
2026/10/03 02:05:13.253, 20117, 24, 2827, 131.04, 4
2026/10/03 02:05:13.303, 20117, 24, 2827, 131.04, 4
2026/10/03 02:05:13.353, 20117, 24, 2827, 131.04, 4
2026/10/03 02:05:13.404, 20117, 24, 2827, 131.04, 4
2026/10/03 02:05:13.454, 20117, 24, 2827, 131.04, 4
2026/10/03 02:05:13.504, 20117, 24, 2827, 131.04, 4
2026/10/03 02:05:13.554, 20117, 24, 2827, 131.04, 4
2026/10/03 02:05:13.604, 20117, 24, 2850, 145.54, 4
2026/10/03 02:05:13.655, 20117, 24, 2850, 145.54, 4
2026/10/03 02:05:13.705, 20117, 24, 2850, 145.54, 4
2026/10/03 02:05:13.755, 20117, 24, 2850, 145.54, 4
2026/10/03 02:05:13.805, 20117, 24, 2850, 145.54, 4
2026/10/03 02:05:13.856, 20117, 24, 2850, 145.54, 4
2026/10/03 02:05:13.906, 20117, 24, 2850, 145.54, 4
2026/10/03 02:05:13.956, 20117, 24, 2850, 145.54, 4
2026/10/03 02:05:14.006, 20117, 24, 2850, 145.54, 4
2026/10/03 02:05:14.056, 20117, 24, 2850, 145.54, 4
2026/10/03 02:05:14.107, 20117, 24, 2812, 130.20, 4
2026/10/03 02:05:14.157, 20117, 24, 2812, 130.20, 4
2026/10/03 02:05:14.207, 20117, 24, 2812, 130.20, 4
2026/10/03 02:05:14.257, 20117, 24, 2812, 130.20, 4
2026/10/03 02:05:14.308, 20117, 24, 2812, 130.20, 4
2026/10/03 02:05:14.358, 20117, 24, 2812, 130.20, 4
2026/10/03 02:05:14.408, 20117, 24, 2812, 130.20, 4
2026/10/03 02:05:14.458, 20117, 24, 2812, 130.20, 4
2026/10/03 02:05:14.508, 20117, 24, 2812, 130.20, 4
2026/10/03 02:05:14.559, 20117, 24, 2812, 130.20, 4
2026/10/03 02:05:14.609, 20117, 24, 2857, 148.47, 4
2026/10/03 02:05:14.659, 20117, 24, 2857, 148.47, 4
2026/10/03 02:05:14.709, 20117, 24, 2857, 148.47, 4
2026/10/03 02:05:14.760, 20117, 24, 2857, 148.47, 4
2026/10/03 02:05:14.810, 20117, 24, 2857, 148.47, 4
2026/10/03 02:05:14.860, 20117, 24, 2857, 148.47, 4
2026/10/03 02:05:14.910, 20117, 24, 2857, 148.47, 4
2026/10/03 02:05:14.960, 20117, 24, 2857, 148.47, 4
2026/10/03 02:05:15.011, 20117, 24, 2857, 148.47, 4
2026/10/03 02:05:15.061, 20117, 24, 2857, 148.47, 4
2026/10/03 02:05:15.111, 20117, 24, 2812, 128.85, 4
2026/10/03 02:05:15.161, 20117, 24, 2812, 128.85, 4
2026/10/03 02:05:15.212, 20117, 24, 2812, 128.85, 4
2026/10/03 02:05:15.262, 20117, 24, 2812, 128.85, 4
2026/10/03 02:05:15.312, 20117, 24, 2812, 128.85, 4
2026/10/03 02:05:15.362, 20117, 24, 2812, 128.85, 4
2026/10/03 02:05:15.412, 20117, 24, 2812, 128.85, 4
2026/10/03 02:05:15.463, 20117, 24, 2812, 128.85, 4
2026/10/03 02:05:15.513, 20117, 24, 2812, 128.85, 4
2026/10/03 02:05:15.563, 20117, 24, 2812, 128.85, 4
2026/10/03 02:05:15.613, 20117, 24, 2857, 140.18, 4
2026/10/03 02:05:15.663, 20117, 24, 2857, 140.18, 4
2026/10/03 02:05:15.714, 20117, 24, 2857, 140.18, 4
2026/10/03 02:05:15.764, 20117, 24, 2857, 140.18, 4
2026/10/03 02:05:15.814, 20117, 24, 2857, 140.18, 4
2026/10/03 02:05:15.864, 20117, 24, 2857, 140.18, 4
2026/10/03 02:05:15.915, 20117, 24, 2857, 140.18, 4
2026/10/03 02:05:15.965, 20117, 24, 2857, 140.18, 4
2026/10/03 02:05:16.015, 20117, 24, 2857, 140.18, 4
2026/10/03 02:05:16.065, 20117, 24, 2857, 140.18, 4
2026/10/03 02:05:16.115, 20117, 25, 2820, 144.83, 4
2026/10/03 02:05:16.166, 20117, 25, 2820, 144.83, 4
2026/10/03 02:05:16.216, 20117, 25, 2820, 144.83, 4
2026/10/03 02:05:16.266, 20117, 25, 2820, 144.83, 4
2026/10/03 02:05:16.316, 20117, 25, 2820, 144.83, 4
2026/10/03 02:05:16.366, 20117, 25, 2820, 144.83, 4
2026/10/03 02:05:16.417, 20117, 25, 2820, 144.83, 4
2026/10/03 02:05:16.467, 20117, 25, 2820, 144.83, 4
2026/10/03 02:05:16.517, 20117, 25, 2820, 144.83, 4
2026/10/03 02:05:16.567, 20117, 25, 2820, 144.83, 4
2026/10/03 02:05:16.617, 20117, 25, 2820, 119.81, 4
2026/10/03 02:05:16.667, 20117, 25, 2820, 119.81, 4
2026/10/03 02:05:16.718, 20117, 25, 2820, 119.81, 4
2026/10/03 02:05:16.768, 20117, 25, 2820, 119.81, 4
2026/10/03 02:05:16.818, 20117, 25, 2820, 119.81, 4
2026/10/03 02:05:16.868, 20117, 25, 2820, 119.81, 4
2026/10/03 02:05:16.918, 20117, 25, 2820, 119.81, 4
2026/10/03 02:05:16.969, 20117, 25, 2820, 119.81, 4
2026/10/03 02:05:17.019, 20117, 25, 2820, 119.81, 4
2026/10/03 02:05:17.069, 20117, 25, 2820, 119.81, 4
2026/10/03 02:05:17.119, 20117, 18, 2835, 124.29, 4
2026/10/03 02:05:17.170, 20117, 18, 2835, 124.29, 4
2026/10/03 02:05:17.220, 20117, 18, 2835, 124.29, 4
2026/10/03 02:05:17.270, 20117, 18, 2835, 124.29, 4
2026/10/03 02:05:17.320, 20117, 18, 2835, 124.29, 4
2026/10/03 02:05:17.370, 20117, 18, 2835, 124.29, 4
2026/10/03 02:05:17.421, 20117, 18, 2835, 124.29, 4
2026/10/03 02:05:17.471, 20117, 18, 2835, 124.29, 4
2026/10/03 02:05:17.521, 20117, 18, 2835, 124.29, 4
2026/10/03 02:05:17.571, 20117, 18, 2835, 124.29, 4
2026/10/03 02:05:17.622, 20117, 18, 2835, 143.20, 4
2026/10/03 02:05:17.672, 20117, 18, 2835, 143.20, 4
2026/10/03 02:05:17.722, 20117, 18, 2835, 143.20, 4
2026/10/03 02:05:17.772, 20117, 18, 2835, 143.20, 4
2026/10/03 02:05:17.822, 20117, 18, 2835, 143.20, 4
2026/10/03 02:05:17.873, 20117, 18, 2835, 143.20, 4
2026/10/03 02:05:17.923, 20117, 18, 2835, 143.20, 4
2026/10/03 02:05:17.973, 20117, 18, 2835, 143.20, 4
2026/10/03 02:05:18.023, 20117, 18, 2835, 143.20, 4
2026/10/03 02:05:18.074, 20117, 18, 2835, 143.20, 4
2026/10/03 02:05:18.124, 20117, 22, 2820, 136.83, 4
2026/10/03 02:05:18.174, 20117, 22, 2820, 136.83, 4
2026/10/03 02:05:18.224, 20117, 22, 2820, 136.83, 4
2026/10/03 02:05:18.274, 20117, 22, 2820, 136.83, 4
2026/10/03 02:05:18.325, 20117, 22, 2820, 136.83, 4
2026/10/03 02:05:18.375, 20117, 22, 2820, 136.83, 4
2026/10/03 02:05:18.425, 20117, 22, 2820, 136.83, 4
2026/10/03 02:05:18.475, 20117, 22, 2820, 136.83, 4
2026/10/03 02:05:18.525, 20117, 22, 2820, 136.83, 4
2026/10/03 02:05:18.576, 20117, 22, 2820, 136.83, 4
2026/10/03 02:05:18.626, 20117, 22, 2835, 147.68, 4
2026/10/03 02:05:18.676, 20117, 22, 2835, 147.68, 4
2026/10/03 02:05:18.726, 20117, 22, 2835, 147.68, 4
2026/10/03 02:05:18.777, 20117, 22, 2835, 147.68, 4
2026/10/03 02:05:18.827, 20117, 22, 2835, 147.68, 4
2026/10/03 02:05:18.877, 20117, 22, 2835, 147.68, 4
2026/10/03 02:05:18.927, 20117, 22, 2835, 147.68, 4
2026/10/03 02:05:18.977, 20117, 22, 2835, 147.68, 4
2026/10/03 02:05:19.028, 20117, 22, 2835, 147.68, 4
2026/10/03 02:05:19.078, 20117, 22, 2835, 147.68, 4
2026/10/03 02:05:19.128, 20117, 25, 2805, 133.15, 4
2026/10/03 02:05:19.179, 20117, 25, 2805, 133.15, 4
2026/10/03 02:05:19.229, 20117, 25, 2805, 133.15, 4
2026/10/03 02:05:19.279, 20117, 25, 2805, 133.15, 4
2026/10/03 02:05:19.329, 20117, 25, 2805, 133.15, 4
2026/10/03 02:05:19.380, 20117, 25, 2805, 133.15, 4
2026/10/03 02:05:19.430, 20117, 25, 2805, 133.15, 4
2026/10/03 02:05:19.480, 20117, 25, 2805, 133.15, 4
2026/10/03 02:05:19.530, 20117, 25, 2805, 133.15, 4
2026/10/03 02:05:19.580, 20117, 25, 2805, 133.15, 4
2026/10/03 02:05:19.631, 20117, 25, 2835, 146.70, 4
2026/10/03 02:05:19.681, 20117, 25, 2835, 146.70, 4
2026/10/03 02:05:19.731, 20117, 25, 2835, 146.70, 4
2026/10/03 02:05:19.781, 20117, 25, 2835, 146.70, 4
2026/10/03 02:05:19.832, 20117, 25, 2835, 146.70, 4
2026/10/03 02:05:19.883, 20117, 25, 2835, 146.70, 4
2026/10/03 02:05:19.933, 20117, 25, 2835, 146.70, 4
2026/10/03 02:05:19.983, 20117, 25, 2835, 146.70, 4
2026/10/03 02:05:20.033, 20117, 25, 2835, 146.70, 4
2026/10/03 02:05:20.083, 20117, 23, 2827, 128.76, 4
2026/10/03 02:05:20.133, 20117, 23, 2827, 128.76, 4
2026/10/03 02:05:20.184, 20117, 23, 2827, 128.76, 4
2026/10/03 02:05:20.234, 20117, 23, 2827, 128.76, 4
2026/10/03 02:05:20.284, 20117, 23, 2827, 128.76, 4
2026/10/03 02:05:20.335, 20117, 23, 2827, 128.76, 4
2026/10/03 02:05:20.386, 20117, 23, 2827, 128.76, 4
2026/10/03 02:05:20.436, 20117, 23, 2827, 128.76, 4
2026/10/03 02:05:20.486, 20117, 23, 2827, 128.76, 4
2026/10/03 02:05:20.537, 20117, 23, 2827, 128.76, 4
2026/10/03 02:05:20.588, 20117, 23, 2827, 146.32, 4
2026/10/03 02:05:20.638, 20117, 23, 2827, 146.32, 4
2026/10/03 02:05:20.689, 20117, 23, 2827, 146.32, 4
2026/10/03 02:05:20.740, 20117, 23, 2827, 146.32, 4
2026/10/03 02:05:20.791, 20117, 23, 2827, 146.32, 4
2026/10/03 02:05:20.842, 20117, 23, 2827, 146.32, 4
2026/10/03 02:05:20.892, 20117, 23, 2827, 146.32, 4
2026/10/03 02:05:20.942, 20117, 23, 2827, 146.32, 4
2026/10/03 02:05:20.992, 20117, 23, 2827, 146.32, 4
2026/10/03 02:05:21.042, 20117, 23, 2827, 146.32, 4
2026/10/03 02:05:21.092, 20117, 23, 2812, 136.70, 4
2026/10/03 02:05:21.143, 20117, 23, 2812, 136.70, 4
2026/10/03 02:05:21.193, 20117, 23, 2812, 136.70, 4
2026/10/03 02:05:21.243, 20117, 23, 2812, 136.70, 4
2026/10/03 02:05:21.293, 20117, 23, 2812, 136.70, 4
2026/10/03 02:05:21.343, 20117, 23, 2812, 136.70, 4
2026/10/03 02:05:21.393, 20117, 23, 2812, 136.70, 4
2026/10/03 02:05:21.444, 20117, 23, 2812, 136.70, 4
2026/10/03 02:05:21.494, 20117, 23, 2812, 136.70, 4
2026/10/03 02:05:21.544, 20117, 23, 2812, 136.70, 4
2026/10/03 02:05:21.594, 20117, 23, 2835, 136.07, 4
2026/10/03 02:05:21.644, 20117, 23, 2835, 136.07, 4
2026/10/03 02:05:21.695, 20117, 23, 2835, 136.07, 4
2026/10/03 02:05:21.745, 20117, 23, 2835, 136.07, 4
2026/10/03 02:05:21.795, 20117, 23, 2835, 136.07, 4
2026/10/03 02:05:21.845, 20117, 23, 2835, 136.07, 4
2026/10/03 02:05:21.896, 20117, 23, 2835, 136.07, 4
2026/10/03 02:05:21.946, 20117, 23, 2835, 136.07, 4
2026/10/03 02:05:21.996, 20117, 23, 2835, 136.07, 4
2026/10/03 02:05:22.046, 20117, 23, 2835, 136.07, 4
2026/10/03 02:05:22.096, 20117, 24, 2805, 129.54, 4
2026/10/03 02:05:22.147, 20117, 24, 2805, 129.54, 4
2026/10/03 02:05:22.197, 20117, 24, 2805, 129.54, 4
2026/10/03 02:05:22.247, 20117, 24, 2805, 129.54, 4
2026/10/03 02:05:22.297, 20117, 24, 2805, 129.54, 4
2026/10/03 02:05:22.348, 20117, 24, 2805, 129.54, 4
2026/10/03 02:05:22.398, 20117, 24, 2805, 129.54, 4
2026/10/03 02:05:22.448, 20117, 24, 2805, 129.54, 4
2026/10/03 02:05:22.498, 20117, 24, 2805, 129.54, 4
2026/10/03 02:05:22.548, 20117, 24, 2805, 129.54, 4
2026/10/03 02:05:22.599, 20117, 24, 2842, 142.16, 4
2026/10/03 02:05:22.649, 20117, 24, 2842, 142.16, 4
2026/10/03 02:05:22.699, 20117, 24, 2842, 142.16, 4
2026/10/03 02:05:22.749, 20117, 24, 2842, 142.16, 4
2026/10/03 02:05:22.800, 20117, 24, 2842, 142.16, 4
2026/10/03 02:05:22.850, 20117, 24, 2842, 142.16, 4
2026/10/03 02:05:22.900, 20117, 24, 2842, 142.16, 4
2026/10/03 02:05:22.950, 20117, 24, 2842, 142.16, 4
2026/10/03 02:05:23.000, 20117, 24, 2842, 142.16, 4
2026/10/03 02:05:23.051, 20117, 24, 2842, 142.16, 4
2026/10/03 02:05:23.101, 20117, 25, 2850, 136.00, 4
2026/10/03 02:05:23.151, 20117, 25, 2850, 136.00, 4
2026/10/03 02:05:23.201, 20117, 25, 2850, 136.00, 4
2026/10/03 02:05:23.252, 20117, 25, 2850, 136.00, 4
2026/10/03 02:05:23.302, 20117, 25, 2850, 136.00, 4
2026/10/03 02:05:23.352, 20117, 25, 2850, 136.00, 4
2026/10/03 02:05:23.402, 20117, 25, 2850, 136.00, 4
2026/10/03 02:05:23.452, 20117, 25, 2850, 136.00, 4
2026/10/03 02:05:23.502, 20117, 25, 2850, 136.00, 4
2026/10/03 02:05:23.553, 20117, 25, 2850, 136.00, 4
2026/10/03 02:05:23.603, 20117, 25, 2880, 171.23, 4
2026/10/03 02:05:23.653, 20117, 25, 2880, 171.23, 4
2026/10/03 02:05:23.703, 20117, 25, 2880, 171.23, 4
2026/10/03 02:05:23.753, 20117, 25, 2880, 171.23, 4
2026/10/03 02:05:23.803, 20117, 25, 2880, 171.23, 4
2026/10/03 02:05:23.854, 20117, 25, 2880, 171.23, 4
2026/10/03 02:05:23.904, 20117, 25, 2880, 171.23, 4
2026/10/03 02:05:23.954, 20117, 25, 2880, 171.23, 4
2026/10/03 02:05:24.004, 20117, 25, 2880, 171.23, 4
2026/10/03 02:05:24.054, 20117, 25, 2880, 171.23, 4
2026/10/03 02:05:24.105, 20117, 25, 3030, 154.72, 4
2026/10/03 02:05:24.155, 20117, 25, 3030, 154.72, 4
2026/10/03 02:05:24.205, 20117, 25, 3030, 154.72, 4
2026/10/03 02:05:24.255, 20117, 25, 3030, 154.72, 4
2026/10/03 02:05:24.305, 20117, 25, 3030, 154.72, 4
2026/10/03 02:05:24.355, 20117, 25, 3030, 154.72, 4
2026/10/03 02:05:24.406, 20117, 25, 3030, 154.72, 4
2026/10/03 02:05:24.456, 20117, 25, 3030, 154.72, 4
2026/10/03 02:05:24.506, 20117, 25, 3030, 154.72, 4
2026/10/03 02:05:24.556, 20117, 25, 3030, 154.72, 4
2026/10/03 02:05:24.606, 20117, 25, 3030, 163.08, 4
2026/10/03 02:05:24.657, 20117, 25, 3030, 163.08, 4
2026/10/03 02:05:24.707, 20117, 25, 3030, 163.08, 4
2026/10/03 02:05:24.757, 20117, 25, 3030, 163.08, 4
2026/10/03 02:05:24.807, 20117, 25, 3030, 163.08, 4
2026/10/03 02:05:24.857, 20117, 25, 3030, 163.08, 4
2026/10/03 02:05:24.908, 20117, 25, 3030, 163.08, 4
2026/10/03 02:05:24.958, 20117, 25, 3030, 163.08, 4
2026/10/03 02:05:25.008, 20117, 25, 3030, 163.08, 4
2026/10/03 02:05:25.058, 20117, 25, 3030, 163.08, 4
2026/10/03 02:05:25.108, 20117, 24, 3030, 154.40, 4
2026/10/03 02:05:25.159, 20117, 24, 3030, 154.40, 4
2026/10/03 02:05:25.209, 20117, 24, 3030, 154.40, 4
2026/10/03 02:05:25.259, 20117, 24, 3030, 154.40, 4
2026/10/03 02:05:25.309, 20117, 24, 3030, 154.40, 4
2026/10/03 02:05:25.359, 20117, 24, 3030, 154.40, 4
2026/10/03 02:05:25.410, 20117, 24, 3030, 154.40, 4
2026/10/03 02:05:25.460, 20117, 24, 3030, 154.40, 4
2026/10/03 02:05:25.510, 20117, 24, 3030, 154.40, 4
2026/10/03 02:05:25.560, 20117, 24, 3030, 154.40, 4
2026/10/03 02:05:25.610, 20117, 24, 2835, 137.07, 4
2026/10/03 02:05:25.661, 20117, 24, 2835, 137.07, 4
2026/10/03 02:05:25.711, 20117, 24, 2835, 137.07, 4
2026/10/03 02:05:25.761, 20117, 24, 2835, 137.07, 4
2026/10/03 02:05:25.811, 20117, 24, 2835, 137.07, 4
2026/10/03 02:05:25.862, 20117, 24, 2835, 137.07, 4
2026/10/03 02:05:25.912, 20117, 24, 2835, 137.07, 4
2026/10/03 02:05:25.962, 20117, 24, 2835, 137.07, 4
2026/10/03 02:05:26.012, 20117, 24, 2835, 137.07, 4
2026/10/03 02:05:26.062, 20117, 24, 2835, 137.07, 4
2026/10/03 02:05:26.113, 20117, 27, 2827, 146.02, 4
2026/10/03 02:05:26.163, 20117, 27, 2827, 146.02, 4
2026/10/03 02:05:26.213, 20117, 27, 2827, 146.02, 4
2026/10/03 02:05:26.263, 20117, 27, 2827, 146.02, 4
2026/10/03 02:05:26.313, 20117, 27, 2827, 146.02, 4
2026/10/03 02:05:26.364, 20117, 27, 2827, 146.02, 4
2026/10/03 02:05:26.414, 20117, 27, 2827, 146.02, 4
2026/10/03 02:05:26.464, 20117, 27, 2827, 146.02, 4
2026/10/03 02:05:26.514, 20117, 27, 2827, 146.02, 4
2026/10/03 02:05:26.565, 20117, 27, 2827, 146.02, 4
2026/10/03 02:05:26.615, 20117, 27, 2842, 138.69, 4
2026/10/03 02:05:26.665, 20117, 27, 2842, 138.69, 4
2026/10/03 02:05:26.715, 20117, 27, 2842, 138.69, 4
2026/10/03 02:05:26.766, 20117, 27, 2842, 138.69, 4
2026/10/03 02:05:26.816, 20117, 27, 2842, 138.69, 4
2026/10/03 02:05:26.866, 20117, 27, 2842, 138.69, 4
2026/10/03 02:05:26.916, 20117, 27, 2842, 138.69, 4
2026/10/03 02:05:26.967, 20117, 27, 2842, 138.69, 4
2026/10/03 02:05:27.017, 20117, 27, 2842, 138.69, 4
2026/10/03 02:05:27.067, 20117, 27, 2842, 138.69, 4
2026/10/03 02:05:27.117, 20117, 23, 2805, 130.58, 4
2026/10/03 02:05:27.167, 20117, 23, 2805, 130.58, 4
2026/10/03 02:05:27.218, 20117, 23, 2805, 130.58, 4
2026/10/03 02:05:27.268, 20117, 23, 2805, 130.58, 4
2026/10/03 02:05:27.318, 20117, 23, 2805, 130.58, 4
2026/10/03 02:05:27.368, 20117, 23, 2805, 130.58, 4
2026/10/03 02:05:27.419, 20117, 23, 2805, 130.58, 4
2026/10/03 02:05:27.469, 20117, 23, 2805, 130.58, 4
2026/10/03 02:05:27.519, 20117, 23, 2805, 130.58, 4
2026/10/03 02:05:27.569, 20117, 23, 2805, 130.58, 4
2026/10/03 02:05:27.619, 20117, 23, 2857, 145.59, 4
2026/10/03 02:05:27.670, 20117, 23, 2857, 145.59, 4
2026/10/03 02:05:27.720, 20117, 23, 2857, 145.59, 4
2026/10/03 02:05:27.770, 20117, 23, 2857, 145.59, 4
2026/10/03 02:05:27.820, 20117, 23, 2857, 145.59, 4
2026/10/03 02:05:27.870, 20117, 23, 2857, 145.59, 4
2026/10/03 02:05:27.921, 20117, 23, 2857, 145.59, 4
2026/10/03 02:05:27.971, 20117, 23, 2857, 145.59, 4
2026/10/03 02:05:28.021, 20117, 23, 2857, 145.59, 4
2026/10/03 02:05:28.071, 20117, 23, 2857, 145.59, 4
2026/10/03 02:05:28.122, 20117, 24, 2812, 140.48, 4
2026/10/03 02:05:28.172, 20117, 24, 2812, 140.48, 4
2026/10/03 02:05:28.222, 20117, 24, 2812, 140.48, 4
2026/10/03 02:05:28.272, 20117, 24, 2812, 140.48, 4
2026/10/03 02:05:28.323, 20117, 24, 2812, 140.48, 4
2026/10/03 02:05:28.373, 20117, 24, 2812, 140.48, 4
2026/10/03 02:05:28.423, 20117, 24, 2812, 140.48, 4
2026/10/03 02:05:28.473, 20117, 24, 2812, 140.48, 4
2026/10/03 02:05:28.523, 20117, 24, 2812, 140.48, 4
2026/10/03 02:05:28.574, 20117, 24, 2812, 140.48, 4
2026/10/03 02:05:28.624, 20117, 24, 2805, 131.32, 4
2026/10/03 02:05:28.674, 20117, 24, 2805, 131.32, 4
2026/10/03 02:05:28.724, 20117, 24, 2805, 131.32, 4
2026/10/03 02:05:28.775, 20117, 24, 2805, 131.32, 4
2026/10/03 02:05:28.825, 20117, 24, 2805, 131.32, 4
2026/10/03 02:05:28.875, 20117, 24, 2805, 131.32, 4
2026/10/03 02:05:28.925, 20117, 24, 2805, 131.32, 4
2026/10/03 02:05:28.975, 20117, 24, 2805, 131.32, 4
2026/10/03 02:05:29.026, 20117, 24, 2805, 131.32, 4
2026/10/03 02:05:29.076, 20117, 24, 2805, 131.32, 4
2026/10/03 02:05:29.126, 20117, 20, 2850, 135.29, 4
2026/10/03 02:05:29.176, 20117, 20, 2850, 135.29, 4
2026/10/03 02:05:29.226, 20117, 20, 2850, 135.29, 4
2026/10/03 02:05:29.277, 20117, 20, 2850, 135.29, 4
2026/10/03 02:05:29.327, 20117, 20, 2850, 135.29, 4
2026/10/03 02:05:29.377, 20117, 20, 2850, 135.29, 4
2026/10/03 02:05:29.427, 20117, 20, 2850, 135.29, 4
2026/10/03 02:05:29.478, 20117, 20, 2850, 135.29, 4
2026/10/03 02:05:29.528, 20117, 20, 2850, 135.29, 4
2026/10/03 02:05:29.578, 20117, 20, 2850, 135.29, 4
2026/10/03 02:05:29.628, 20117, 20, 2827, 150.18, 4
2026/10/03 02:05:29.678, 20117, 20, 2827, 150.18, 4
2026/10/03 02:05:29.729, 20117, 20, 2827, 150.18, 4
2026/10/03 02:05:29.779, 20117, 20, 2827, 150.18, 4
2026/10/03 02:05:29.829, 20117, 20, 2827, 150.18, 4
2026/10/03 02:05:29.879, 20117, 20, 2827, 150.18, 4
2026/10/03 02:05:29.929, 20117, 20, 2827, 150.18, 4
2026/10/03 02:05:29.980, 20117, 20, 2827, 150.18, 4
2026/10/03 02:05:30.030, 20117, 20, 2827, 150.18, 4
2026/10/03 02:05:30.080, 20117, 20, 2827, 150.18, 4
2026/10/03 02:05:30.131, 20117, 24, 2820, 130.24, 4
2026/10/03 02:05:30.181, 20117, 24, 2820, 130.24, 4
2026/10/03 02:05:30.231, 20117, 24, 2820, 130.24, 4
2026/10/03 02:05:30.281, 20117, 24, 2820, 130.24, 4
2026/10/03 02:05:30.331, 20117, 24, 2820, 130.24, 4
2026/10/03 02:05:30.382, 20117, 24, 2820, 130.24, 4
2026/10/03 02:05:30.432, 20117, 24, 2820, 130.24, 4
2026/10/03 02:05:30.482, 20117, 24, 2820, 130.24, 4
2026/10/03 02:05:30.532, 20117, 24, 2820, 130.24, 4
2026/10/03 02:05:30.582, 20117, 24, 2850, 148.45, 4
2026/10/03 02:05:30.634, 20117, 24, 2850, 148.45, 4
2026/10/03 02:05:30.684, 20117, 24, 2850, 148.45, 4
2026/10/03 02:05:30.734, 20117, 24, 2850, 148.45, 4
2026/10/03 02:05:30.785, 20117, 24, 2850, 148.45, 4
2026/10/03 02:05:30.835, 20117, 24, 2850, 148.45, 4
2026/10/03 02:05:30.885, 20117, 24, 2850, 148.45, 4
2026/10/03 02:05:30.935, 20117, 24, 2850, 148.45, 4
2026/10/03 02:05:30.986, 20117, 24, 2850, 148.45, 4
2026/10/03 02:05:31.036, 20117, 24, 2850, 148.45, 4
2026/10/03 02:05:31.086, 20117, 25, 2820, 133.04, 4
2026/10/03 02:05:31.136, 20117, 25, 2820, 133.04, 4
2026/10/03 02:05:31.186, 20117, 25, 2820, 133.04, 4
2026/10/03 02:05:31.237, 20117, 25, 2820, 133.04, 4
2026/10/03 02:05:31.287, 20117, 25, 2820, 133.04, 4
2026/10/03 02:05:31.337, 20117, 25, 2820, 133.04, 4
2026/10/03 02:05:31.387, 20117, 25, 2820, 133.04, 4
2026/10/03 02:05:31.438, 20117, 25, 2820, 133.04, 4
2026/10/03 02:05:31.488, 20117, 25, 2820, 133.04, 4
2026/10/03 02:05:31.538, 20117, 25, 2820, 133.04, 4
2026/10/03 02:05:31.588, 20117, 25, 2842, 146.61, 4
2026/10/03 02:05:31.638, 20117, 25, 2842, 146.61, 4
2026/10/03 02:05:31.689, 20117, 25, 2842, 146.61, 4
2026/10/03 02:05:31.739, 20117, 25, 2842, 146.61, 4
2026/10/03 02:05:31.789, 20117, 25, 2842, 146.61, 4
2026/10/03 02:05:31.839, 20117, 25, 2842, 146.61, 4
2026/10/03 02:05:31.890, 20117, 25, 2842, 146.61, 4
2026/10/03 02:05:31.940, 20117, 25, 2842, 146.61, 4
2026/10/03 02:05:31.990, 20117, 25, 2842, 146.61, 4
2026/10/03 02:05:32.040, 20117, 25, 2842, 146.61, 4
2026/10/03 02:05:32.090, 20117, 21, 2842, 139.04, 4
2026/10/03 02:05:32.141, 20117, 21, 2842, 139.04, 4
2026/10/03 02:05:32.191, 20117, 21, 2842, 139.04, 4
2026/10/03 02:05:32.241, 20117, 21, 2842, 139.04, 4
2026/10/03 02:05:32.291, 20117, 21, 2842, 139.04, 4
2026/10/03 02:05:32.341, 20117, 21, 2842, 139.04, 4
2026/10/03 02:05:32.392, 20117, 21, 2842, 139.04, 4
2026/10/03 02:05:32.442, 20117, 21, 2842, 139.04, 4
2026/10/03 02:05:32.492, 20117, 21, 2842, 139.04, 4
2026/10/03 02:05:32.542, 20117, 21, 2842, 139.04, 4
2026/10/03 02:05:32.593, 20117, 21, 2820, 147.25, 4
2026/10/03 02:05:32.643, 20117, 21, 2820, 147.25, 4
2026/10/03 02:05:32.693, 20117, 21, 2820, 147.25, 4
2026/10/03 02:05:32.743, 20117, 21, 2820, 147.25, 4
2026/10/03 02:05:32.793, 20117, 21, 2820, 147.25, 4
2026/10/03 02:05:32.844, 20117, 21, 2820, 147.25, 4
2026/10/03 02:05:32.894, 20117, 21, 2820, 147.25, 4
2026/10/03 02:05:32.944, 20117, 21, 2820, 147.25, 4
2026/10/03 02:05:32.994, 20117, 21, 2820, 147.25, 4
2026/10/03 02:05:33.044, 20117, 21, 2820, 147.25, 4
2026/10/03 02:05:33.095, 20117, 24, 2857, 141.92, 4
2026/10/03 02:05:33.145, 20117, 24, 2857, 141.92, 4
2026/10/03 02:05:33.195, 20117, 24, 2857, 141.92, 4
2026/10/03 02:05:33.245, 20117, 24, 2857, 141.92, 4
2026/10/03 02:05:33.296, 20117, 24, 2857, 141.92, 4
2026/10/03 02:05:33.346, 20117, 24, 2857, 141.92, 4
2026/10/03 02:05:33.396, 20117, 24, 2857, 141.92, 4
2026/10/03 02:05:33.446, 20117, 24, 2857, 141.92, 4
2026/10/03 02:05:33.496, 20117, 24, 2857, 141.92, 4
2026/10/03 02:05:33.547, 20117, 24, 2857, 141.92, 4
2026/10/03 02:05:33.597, 20117, 24, 2805, 132.38, 4
2026/10/03 02:05:33.647, 20117, 24, 2805, 132.38, 4
2026/10/03 02:05:33.697, 20117, 24, 2805, 132.38, 4
2026/10/03 02:05:33.748, 20117, 24, 2805, 132.38, 4
2026/10/03 02:05:33.798, 20117, 24, 2805, 132.38, 4
2026/10/03 02:05:33.848, 20117, 24, 2805, 132.38, 4
2026/10/03 02:05:33.898, 20117, 24, 2805, 132.38, 4
2026/10/03 02:05:33.949, 20117, 24, 2805, 132.38, 4
2026/10/03 02:05:33.999, 20117, 24, 2805, 132.38, 4
2026/10/03 02:05:34.049, 20117, 24, 2805, 132.38, 4
2026/10/03 02:05:34.099, 20117, 25, 2835, 143.68, 4
2026/10/03 02:05:34.149, 20117, 25, 2835, 143.68, 4
2026/10/03 02:05:34.200, 20117, 25, 2835, 143.68, 4
2026/10/03 02:05:34.250, 20117, 25, 2835, 143.68, 4
2026/10/03 02:05:34.300, 20117, 25, 2835, 143.68, 4
2026/10/03 02:05:34.350, 20117, 25, 2835, 143.68, 4
2026/10/03 02:05:34.400, 20117, 25, 2835, 143.68, 4
2026/10/03 02:05:34.451, 20117, 25, 2835, 143.68, 4
2026/10/03 02:05:34.501, 20117, 25, 2835, 143.68, 4
2026/10/03 02:05:34.551, 20117, 25, 2835, 143.68, 4
2026/10/03 02:05:34.601, 20117, 25, 2835, 135.92, 4
2026/10/03 02:05:34.652, 20117, 25, 2835, 135.92, 4
2026/10/03 02:05:34.702, 20117, 25, 2835, 135.92, 4
2026/10/03 02:05:34.752, 20117, 25, 2835, 135.92, 4
2026/10/03 02:05:34.802, 20117, 25, 2835, 135.92, 4
2026/10/03 02:05:34.852, 20117, 25, 2835, 135.92, 4
2026/10/03 02:05:34.903, 20117, 25, 2835, 135.92, 4
2026/10/03 02:05:34.953, 20117, 25, 2835, 135.92, 4
2026/10/03 02:05:35.003, 20117, 25, 2835, 135.92, 4
2026/10/03 02:05:35.053, 20117, 25, 2835, 135.92, 4
2026/10/03 02:05:35.104, 20117, 25, 2827, 143.34, 4
2026/10/03 02:05:35.154, 20117, 25, 2827, 143.34, 4
2026/10/03 02:05:35.204, 20117, 25, 2827, 143.34, 4
2026/10/03 02:05:35.254, 20117, 25, 2827, 143.34, 4
2026/10/03 02:05:35.304, 20117, 25, 2827, 143.34, 4
2026/10/03 02:05:35.355, 20117, 25, 2827, 143.34, 4
2026/10/03 02:05:35.405, 20117, 25, 2827, 143.34, 4
2026/10/03 02:05:35.455, 20117, 25, 2827, 143.34, 4
2026/10/03 02:05:35.505, 20117, 25, 2827, 143.34, 4
2026/10/03 02:05:35.555, 20117, 25, 2827, 143.34, 4
2026/10/03 02:05:35.605, 20117, 25, 2842, 140.83, 4
2026/10/03 02:05:35.656, 20117, 25, 2842, 140.83, 4
2026/10/03 02:05:35.706, 20117, 25, 2842, 140.83, 4
2026/10/03 02:05:35.756, 20117, 25, 2842, 140.83, 4
2026/10/03 02:05:35.806, 20117, 25, 2842, 140.83, 4
2026/10/03 02:05:35.857, 20117, 25, 2842, 140.83, 4
2026/10/03 02:05:35.907, 20117, 25, 2842, 140.83, 4
2026/10/03 02:05:35.957, 20117, 25, 2842, 140.83, 4
2026/10/03 02:05:36.007, 20117, 25, 2842, 140.83, 4
2026/10/03 02:05:36.057, 20117, 25, 2842, 140.83, 4
2026/10/03 02:05:36.108, 20117, 23, 2805, 133.68, 4
2026/10/03 02:05:36.158, 20117, 23, 2805, 133.68, 4
2026/10/03 02:05:36.208, 20117, 23, 2805, 133.68, 4
2026/10/03 02:05:36.258, 20117, 23, 2805, 133.68, 4
2026/10/03 02:05:36.309, 20117, 23, 2805, 133.68, 4
2026/10/03 02:05:36.359, 20117, 23, 2805, 133.68, 4
2026/10/03 02:05:36.409, 20117, 23, 2805, 133.68, 4
2026/10/03 02:05:36.459, 20117, 23, 2805, 133.68, 4
2026/10/03 02:05:36.509, 20117, 23, 2805, 133.68, 4
2026/10/03 02:05:36.560, 20117, 23, 2805, 133.68, 4
2026/10/03 02:05:36.610, 20117, 23, 2835, 141.43, 4
2026/10/03 02:05:36.660, 20117, 23, 2835, 141.43, 4
2026/10/03 02:05:36.710, 20117, 23, 2835, 141.43, 4
2026/10/03 02:05:36.760, 20117, 23, 2835, 141.43, 4
2026/10/03 02:05:36.811, 20117, 23, 2835, 141.43, 4
2026/10/03 02:05:36.861, 20117, 23, 2835, 141.43, 4
2026/10/03 02:05:36.911, 20117, 23, 2835, 141.43, 4
2026/10/03 02:05:36.961, 20117, 23, 2835, 141.43, 4
2026/10/03 02:05:37.011, 20117, 23, 2835, 141.43, 4
2026/10/03 02:05:37.062, 20117, 23, 2835, 141.43, 4
2026/10/03 02:05:37.112, 20117, 22, 2842, 141.05, 4
2026/10/03 02:05:37.162, 20117, 22, 2842, 141.05, 4
2026/10/03 02:05:37.212, 20117, 22, 2842, 141.05, 4
2026/10/03 02:05:37.263, 20117, 22, 2842, 141.05, 4
2026/10/03 02:05:37.313, 20117, 22, 2842, 141.05, 4
2026/10/03 02:05:37.363, 20117, 22, 2842, 141.05, 4
2026/10/03 02:05:37.414, 20117, 22, 2842, 141.05, 4
2026/10/03 02:05:37.465, 20117, 22, 2842, 141.05, 4
2026/10/03 02:05:37.515, 20117, 22, 2842, 141.05, 4
2026/10/03 02:05:37.565, 20117, 22, 2842, 141.05, 4
2026/10/03 02:05:37.615, 20117, 22, 2797, 133.12, 4
2026/10/03 02:05:37.666, 20117, 22, 2797, 133.12, 4
2026/10/03 02:05:37.716, 20117, 22, 2797, 133.12, 4
2026/10/03 02:05:37.767, 20117, 22, 2797, 133.12, 4
2026/10/03 02:05:37.817, 20117, 22, 2797, 133.12, 4
2026/10/03 02:05:37.868, 20117, 22, 2797, 133.12, 4
2026/10/03 02:05:37.919, 20117, 22, 2797, 133.12, 4
2026/10/03 02:05:37.969, 20117, 22, 2797, 133.12, 4
2026/10/03 02:05:38.019, 20117, 22, 2797, 133.12, 4
2026/10/03 02:05:38.071, 20117, 22, 2797, 133.12, 4
2026/10/03 02:05:38.121, 20117, 25, 2835, 145.29, 4
2026/10/03 02:05:38.172, 20117, 25, 2835, 145.29, 4
2026/10/03 02:05:38.222, 20117, 25, 2835, 145.29, 4
2026/10/03 02:05:38.273, 20117, 25, 2835, 145.29, 4
2026/10/03 02:05:38.323, 20117, 25, 2835, 145.29, 4
2026/10/03 02:05:38.373, 20117, 25, 2835, 145.29, 4
2026/10/03 02:05:38.423, 20117, 25, 2835, 145.29, 4
2026/10/03 02:05:38.473, 20117, 25, 2835, 145.29, 4
2026/10/03 02:05:38.524, 20117, 25, 2835, 145.29, 4
2026/10/03 02:05:38.574, 20117, 25, 2835, 145.29, 4
2026/10/03 02:05:38.624, 20117, 25, 2827, 134.73, 4
2026/10/03 02:05:38.674, 20117, 25, 2827, 134.73, 4
2026/10/03 02:05:38.724, 20117, 25, 2827, 134.73, 4
2026/10/03 02:05:38.775, 20117, 25, 2827, 134.73, 4
2026/10/03 02:05:38.825, 20117, 25, 2827, 134.73, 4
2026/10/03 02:05:38.875, 20117, 25, 2827, 134.73, 4
2026/10/03 02:05:38.925, 20117, 25, 2827, 134.73, 4
2026/10/03 02:05:38.976, 20117, 25, 2827, 134.73, 4
2026/10/03 02:05:39.026, 20117, 25, 2827, 134.73, 4
2026/10/03 02:05:39.076, 20117, 25, 2827, 134.73, 4
2026/10/03 02:05:39.126, 20117, 25, 2790, 128.78, 4
2026/10/03 02:05:39.176, 20117, 25, 2790, 128.78, 4
2026/10/03 02:05:39.227, 20117, 25, 2790, 128.78, 4
2026/10/03 02:05:39.277, 20117, 25, 2790, 128.78, 4
2026/10/03 02:05:39.327, 20117, 25, 2790, 128.78, 4
2026/10/03 02:05:39.377, 20117, 25, 2790, 128.78, 4
2026/10/03 02:05:39.427, 20117, 25, 2790, 128.78, 4
2026/10/03 02:05:39.478, 20117, 25, 2790, 128.78, 4
2026/10/03 02:05:39.528, 20117, 25, 2790, 128.78, 4
2026/10/03 02:05:39.578, 20117, 25, 2790, 128.78, 4
2026/10/03 02:05:39.628, 20117, 25, 2850, 158.47, 4
2026/10/03 02:05:39.679, 20117, 25, 2850, 158.47, 4
2026/10/03 02:05:39.729, 20117, 25, 2850, 158.47, 4
2026/10/03 02:05:39.779, 20117, 25, 2850, 158.47, 4
2026/10/03 02:05:39.829, 20117, 25, 2850, 158.47, 4
2026/10/03 02:05:39.879, 20117, 25, 2850, 158.47, 4
2026/10/03 02:05:39.929, 20117, 25, 2850, 158.47, 4
2026/10/03 02:05:39.980, 20117, 25, 2850, 158.47, 4
2026/10/03 02:05:40.030, 20117, 25, 2850, 158.47, 4
2026/10/03 02:05:40.080, 20117, 25, 2850, 158.47, 4
2026/10/03 02:05:40.130, 20117, 29, 2820, 135.21, 4
2026/10/03 02:05:40.180, 20117, 29, 2820, 135.21, 4
2026/10/03 02:05:40.230, 20117, 29, 2820, 135.21, 4
2026/10/03 02:05:40.281, 20117, 29, 2820, 135.21, 4
2026/10/03 02:05:40.331, 20117, 29, 2820, 135.21, 4
2026/10/03 02:05:40.381, 20117, 29, 2820, 135.21, 4
2026/10/03 02:05:40.431, 20117, 29, 2820, 135.21, 4
2026/10/03 02:05:40.481, 20117, 29, 2820, 135.21, 4
2026/10/03 02:05:40.532, 20117, 29, 2820, 135.21, 4
2026/10/03 02:05:40.582, 20117, 29, 2820, 135.21, 4
2026/10/03 02:05:40.632, 20117, 29, 2850, 138.81, 4
2026/10/03 02:05:40.682, 20117, 29, 2850, 138.81, 4
2026/10/03 02:05:40.732, 20117, 29, 2850, 138.81, 4
2026/10/03 02:05:40.783, 20117, 29, 2850, 138.81, 4
2026/10/03 02:05:40.833, 20117, 29, 2850, 138.81, 4
2026/10/03 02:05:40.883, 20117, 29, 2850, 138.81, 4
2026/10/03 02:05:40.933, 20117, 29, 2850, 138.81, 4
2026/10/03 02:05:40.984, 20117, 29, 2850, 138.81, 4
2026/10/03 02:05:41.034, 20117, 29, 2850, 138.81, 4
2026/10/03 02:05:41.084, 20117, 24, 2857, 150.21, 4
2026/10/03 02:05:41.134, 20117, 24, 2857, 150.21, 4
2026/10/03 02:05:41.184, 20117, 24, 2857, 150.21, 4
2026/10/03 02:05:41.235, 20117, 24, 2857, 150.21, 4
2026/10/03 02:05:41.285, 20117, 24, 2857, 150.21, 4
2026/10/03 02:05:41.335, 20117, 24, 2857, 150.21, 4
2026/10/03 02:05:41.385, 20117, 24, 2857, 150.21, 4
2026/10/03 02:05:41.435, 20117, 24, 2857, 150.21, 4
2026/10/03 02:05:41.486, 20117, 24, 2857, 150.21, 4
2026/10/03 02:05:41.536, 20117, 24, 2857, 150.21, 4
2026/10/03 02:05:41.586, 20117, 24, 2820, 142.58, 4
2026/10/03 02:05:41.636, 20117, 24, 2820, 142.58, 4
2026/10/03 02:05:41.686, 20117, 24, 2820, 142.58, 4
2026/10/03 02:05:41.736, 20117, 24, 2820, 142.58, 4
2026/10/03 02:05:41.787, 20117, 24, 2820, 142.58, 4
2026/10/03 02:05:41.837, 20117, 24, 2820, 142.58, 4
2026/10/03 02:05:41.887, 20117, 24, 2820, 142.58, 4
2026/10/03 02:05:41.937, 20117, 24, 2820, 142.58, 4
2026/10/03 02:05:41.988, 20117, 24, 2820, 142.58, 4
2026/10/03 02:05:42.038, 20117, 24, 2820, 142.58, 4
2026/10/03 02:05:42.088, 20117, 20, 2857, 135.02, 4
2026/10/03 02:05:42.138, 20117, 20, 2857, 135.02, 4
2026/10/03 02:05:42.188, 20117, 20, 2857, 135.02, 4
2026/10/03 02:05:42.238, 20117, 20, 2857, 135.02, 4
2026/10/03 02:05:42.289, 20117, 20, 2857, 135.02, 4
2026/10/03 02:05:42.339, 20117, 20, 2857, 135.02, 4
2026/10/03 02:05:42.389, 20117, 20, 2857, 135.02, 4
2026/10/03 02:05:42.440, 20117, 20, 2857, 135.02, 4
2026/10/03 02:05:42.527, 20117, 20, 2857, 135.02, 4
2026/10/03 02:05:42.577, 20117, 20, 2857, 135.02, 4
2026/10/03 02:05:42.627, 20117, 20, 2835, 148.18, 4
2026/10/03 02:05:42.678, 20117, 20, 2835, 148.18, 4
2026/10/03 02:05:42.728, 20117, 20, 2835, 148.18, 4
2026/10/03 02:05:42.779, 20117, 20, 2835, 148.18, 4
2026/10/03 02:05:42.830, 20117, 20, 2835, 148.18, 4
2026/10/03 02:05:42.880, 20117, 20, 2835, 148.18, 4
2026/10/03 02:05:42.931, 20117, 20, 2835, 148.18, 4
2026/10/03 02:05:42.981, 20117, 20, 2835, 148.18, 4
2026/10/03 02:05:43.031, 20117, 20, 2835, 148.18, 4
2026/10/03 02:05:43.082, 20117, 20, 2835, 148.18, 4
2026/10/03 02:05:43.132, 20117, 23, 2827, 132.55, 4
2026/10/03 02:05:43.182, 20117, 23, 2827, 132.55, 4
2026/10/03 02:05:43.232, 20117, 23, 2827, 132.55, 4
2026/10/03 02:05:43.283, 20117, 23, 2827, 132.55, 4
2026/10/03 02:05:43.333, 20117, 23, 2827, 132.55, 4
2026/10/03 02:05:43.384, 20117, 23, 2827, 132.55, 4
2026/10/03 02:05:43.434, 20117, 23, 2827, 132.55, 4
2026/10/03 02:05:43.485, 20117, 23, 2827, 132.55, 4
2026/10/03 02:05:43.535, 20117, 23, 2827, 132.55, 4
2026/10/03 02:05:43.585, 20117, 23, 2842, 145.36, 4
2026/10/03 02:05:43.635, 20117, 23, 2842, 145.36, 4
2026/10/03 02:05:43.685, 20117, 23, 2842, 145.36, 4
2026/10/03 02:05:43.735, 20117, 23, 2842, 145.36, 4
2026/10/03 02:05:43.786, 20117, 23, 2842, 145.36, 4
2026/10/03 02:05:43.836, 20117, 23, 2842, 145.36, 4
2026/10/03 02:05:43.886, 20117, 23, 2842, 145.36, 4
2026/10/03 02:05:43.936, 20117, 23, 2842, 145.36, 4
2026/10/03 02:05:43.986, 20117, 23, 2842, 145.36, 4
2026/10/03 02:05:44.037, 20117, 23, 2842, 145.36, 4
2026/10/03 02:05:44.087, 20117, 25, 2820, 137.17, 4
2026/10/03 02:05:44.137, 20117, 25, 2820, 137.17, 4
2026/10/03 02:05:44.187, 20117, 25, 2820, 137.17, 4
2026/10/03 02:05:44.238, 20117, 25, 2820, 137.17, 4
2026/10/03 02:05:44.288, 20117, 25, 2820, 137.17, 4
2026/10/03 02:05:44.339, 20117, 25, 2820, 137.17, 4
2026/10/03 02:05:44.389, 20117, 25, 2820, 137.17, 4
2026/10/03 02:05:44.439, 20117, 25, 2820, 137.17, 4
2026/10/03 02:05:44.489, 20117, 25, 2820, 137.17, 4
2026/10/03 02:05:44.540, 20117, 25, 2820, 137.17, 4
2026/10/03 02:05:44.590, 20117, 25, 2827, 147.45, 4
2026/10/03 02:05:44.640, 20117, 25, 2827, 147.45, 4
2026/10/03 02:05:44.690, 20117, 25, 2827, 147.45, 4
2026/10/03 02:05:44.740, 20117, 25, 2827, 147.45, 4
2026/10/03 02:05:44.790, 20117, 25, 2827, 147.45, 4
2026/10/03 02:05:44.841, 20117, 25, 2827, 147.45, 4
2026/10/03 02:05:44.891, 20117, 25, 2827, 147.45, 4
2026/10/03 02:05:44.941, 20117, 25, 2827, 147.45, 4
2026/10/03 02:05:44.991, 20117, 25, 2827, 147.45, 4
2026/10/03 02:05:45.041, 20117, 25, 2827, 147.45, 4
2026/10/03 02:05:45.091, 20117, 24, 2812, 116.72, 4
2026/10/03 02:05:45.142, 20117, 24, 2812, 116.72, 4
2026/10/03 02:05:45.192, 20117, 24, 2812, 116.72, 4
2026/10/03 02:05:45.242, 20117, 24, 2812, 116.72, 4
2026/10/03 02:05:45.292, 20117, 24, 2812, 116.72, 4
2026/10/03 02:05:45.342, 20117, 24, 2812, 116.72, 4
2026/10/03 02:05:45.392, 20117, 24, 2812, 116.72, 4
2026/10/03 02:05:45.442, 20117, 24, 2812, 116.72, 4
2026/10/03 02:05:45.493, 20117, 24, 2812, 116.72, 4
2026/10/03 02:05:45.543, 20117, 24, 2812, 116.72, 4
2026/10/03 02:05:45.593, 20117, 24, 2850, 132.65, 4
2026/10/03 02:05:45.644, 20117, 24, 2850, 132.65, 4
2026/10/03 02:05:45.694, 20117, 24, 2850, 132.65, 4
2026/10/03 02:05:45.744, 20117, 24, 2850, 132.65, 4
2026/10/03 02:05:45.794, 20117, 24, 2850, 132.65, 4
2026/10/03 02:05:45.844, 20117, 24, 2850, 132.65, 4
2026/10/03 02:05:45.894, 20117, 24, 2850, 132.65, 4
2026/10/03 02:05:45.945, 20117, 24, 2850, 132.65, 4
2026/10/03 02:05:45.995, 20117, 24, 2850, 132.65, 4
2026/10/03 02:05:46.045, 20117, 24, 2850, 132.65, 4
2026/10/03 02:05:46.096, 20117, 27, 2835, 147.43, 4
2026/10/03 02:05:46.146, 20117, 27, 2835, 147.43, 4
2026/10/03 02:05:46.196, 20117, 27, 2835, 147.43, 4
2026/10/03 02:05:46.246, 20117, 27, 2835, 147.43, 4
2026/10/03 02:05:46.296, 20117, 27, 2835, 147.43, 4
2026/10/03 02:05:46.347, 20117, 27, 2835, 147.43, 4
2026/10/03 02:05:46.397, 20117, 27, 2835, 147.43, 4
2026/10/03 02:05:46.447, 20117, 27, 2835, 147.43, 4
2026/10/03 02:05:46.497, 20117, 27, 2835, 147.43, 4
2026/10/03 02:05:46.548, 20117, 27, 2835, 147.43, 4
2026/10/03 02:05:46.598, 20117, 27, 2820, 139.43, 4
2026/10/03 02:05:46.648, 20117, 27, 2820, 139.43, 4
2026/10/03 02:05:46.698, 20117, 27, 2820, 139.43, 4
2026/10/03 02:05:46.748, 20117, 27, 2820, 139.43, 4
2026/10/03 02:05:46.799, 20117, 27, 2820, 139.43, 4
2026/10/03 02:05:46.849, 20117, 27, 2820, 139.43, 4
2026/10/03 02:05:46.900, 20117, 27, 2820, 139.43, 4
2026/10/03 02:05:46.950, 20117, 27, 2820, 139.43, 4
2026/10/03 02:05:47.001, 20117, 27, 2820, 139.43, 4
2026/10/03 02:05:47.051, 20117, 27, 2820, 139.43, 4
2026/10/03 02:05:47.101, 20117, 25, 2820, 149.12, 4
2026/10/03 02:05:47.151, 20117, 25, 2820, 149.12, 4
2026/10/03 02:05:47.201, 20117, 25, 2820, 149.12, 4
2026/10/03 02:05:47.252, 20117, 25, 2820, 149.12, 4
2026/10/03 02:05:47.302, 20117, 25, 2820, 149.12, 4
2026/10/03 02:05:47.352, 20117, 25, 2820, 149.12, 4
2026/10/03 02:05:47.403, 20117, 25, 2820, 149.12, 4
2026/10/03 02:05:47.453, 20117, 25, 2820, 149.12, 4
2026/10/03 02:05:47.503, 20117, 25, 2820, 149.12, 4
2026/10/03 02:05:47.554, 20117, 25, 2820, 149.12, 4
2026/10/03 02:05:47.605, 20117, 25, 2820, 142.21, 4
2026/10/03 02:05:47.655, 20117, 25, 2820, 142.21, 4
2026/10/03 02:05:47.706, 20117, 25, 2820, 142.21, 4
2026/10/03 02:05:47.756, 20117, 25, 2820, 142.21, 4
2026/10/03 02:05:47.806, 20117, 25, 2820, 142.21, 4
2026/10/03 02:05:47.857, 20117, 25, 2820, 142.21, 4
2026/10/03 02:05:47.907, 20117, 25, 2820, 142.21, 4
2026/10/03 02:05:47.958, 20117, 25, 2820, 142.21, 4
2026/10/03 02:05:48.008, 20117, 25, 2820, 142.21, 4
2026/10/03 02:05:48.058, 20117, 25, 2820, 142.21, 4
2026/10/03 02:05:48.108, 20117, 25, 2812, 133.55, 4
2026/10/03 02:05:48.158, 20117, 25, 2812, 133.55, 4
2026/10/03 02:05:48.209, 20117, 25, 2812, 133.55, 4
2026/10/03 02:05:48.259, 20117, 25, 2812, 133.55, 4
2026/10/03 02:05:48.309, 20117, 25, 2812, 133.55, 4
2026/10/03 02:05:48.360, 20117, 25, 2812, 133.55, 4
2026/10/03 02:05:48.410, 20117, 25, 2812, 133.55, 4
2026/10/03 02:05:48.460, 20117, 25, 2812, 133.55, 4
2026/10/03 02:05:48.510, 20117, 25, 2812, 133.55, 4
2026/10/03 02:05:48.560, 20117, 25, 2812, 133.55, 4
2026/10/03 02:05:48.611, 20117, 25, 2842, 134.79, 4
2026/10/03 02:05:48.661, 20117, 25, 2842, 134.79, 4
2026/10/03 02:05:48.711, 20117, 25, 2842, 134.79, 4
2026/10/03 02:05:48.761, 20117, 25, 2842, 134.79, 4
2026/10/03 02:05:48.811, 20117, 25, 2842, 134.79, 4
2026/10/03 02:05:48.862, 20117, 25, 2842, 134.79, 4
2026/10/03 02:05:48.912, 20117, 25, 2842, 134.79, 4
2026/10/03 02:05:48.962, 20117, 25, 2842, 134.79, 4
2026/10/03 02:05:49.012, 20117, 25, 2842, 134.79, 4
2026/10/03 02:05:49.062, 20117, 25, 2842, 134.79, 4
2026/10/03 02:05:49.113, 20117, 25, 2827, 146.64, 4
2026/10/03 02:05:49.163, 20117, 25, 2827, 146.64, 4
2026/10/03 02:05:49.213, 20117, 25, 2827, 146.64, 4
2026/10/03 02:05:49.263, 20117, 25, 2827, 146.64, 4
2026/10/03 02:05:49.313, 20117, 25, 2827, 146.64, 4
2026/10/03 02:05:49.364, 20117, 25, 2827, 146.64, 4
2026/10/03 02:05:49.414, 20117, 25, 2827, 146.64, 4
2026/10/03 02:05:49.464, 20117, 25, 2827, 146.64, 4
2026/10/03 02:05:49.514, 20117, 25, 2827, 146.64, 4
2026/10/03 02:05:49.564, 20117, 25, 2827, 146.64, 4
2026/10/03 02:05:49.615, 20117, 25, 2805, 129.58, 4
2026/10/03 02:05:49.665, 20117, 25, 2805, 129.58, 4
2026/10/03 02:05:49.715, 20117, 25, 2805, 129.58, 4
2026/10/03 02:05:49.765, 20117, 25, 2805, 129.58, 4
2026/10/03 02:05:49.815, 20117, 25, 2805, 129.58, 4
2026/10/03 02:05:49.866, 20117, 25, 2805, 129.58, 4
2026/10/03 02:05:49.916, 20117, 25, 2805, 129.58, 4
2026/10/03 02:05:49.966, 20117, 25, 2805, 129.58, 4
2026/10/03 02:05:50.016, 20117, 25, 2805, 129.58, 4
2026/10/03 02:05:50.066, 20117, 25, 2805, 129.58, 4
2026/10/03 02:05:50.117, 20117, 25, 2842, 146.54, 4
2026/10/03 02:05:50.167, 20117, 25, 2842, 146.54, 4
2026/10/03 02:05:50.217, 20117, 25, 2842, 146.54, 4
2026/10/03 02:05:50.267, 20117, 25, 2842, 146.54, 4
2026/10/03 02:05:50.317, 20117, 25, 2842, 146.54, 4
2026/10/03 02:05:50.368, 20117, 25, 2842, 146.54, 4
2026/10/03 02:05:50.418, 20117, 25, 2842, 146.54, 4
2026/10/03 02:05:50.468, 20117, 25, 2842, 146.54, 4
2026/10/03 02:05:50.518, 20117, 25, 2842, 146.54, 4
2026/10/03 02:05:50.568, 20117, 25, 2842, 146.54, 4
2026/10/03 02:05:50.619, 20117, 25, 2820, 128.59, 4
2026/10/03 02:05:50.669, 20117, 25, 2820, 128.59, 4
2026/10/03 02:05:50.719, 20117, 25, 2820, 128.59, 4
2026/10/03 02:05:50.769, 20117, 25, 2820, 128.59, 4
2026/10/03 02:05:50.819, 20117, 25, 2820, 128.59, 4
2026/10/03 02:05:50.870, 20117, 25, 2820, 128.59, 4
2026/10/03 02:05:50.920, 20117, 25, 2820, 128.59, 4
2026/10/03 02:05:50.970, 20117, 25, 2820, 128.59, 4
2026/10/03 02:05:51.020, 20117, 25, 2820, 128.59, 4
2026/10/03 02:05:51.071, 20117, 25, 2820, 128.59, 4
2026/10/03 02:05:51.121, 20117, 23, 2820, 122.88, 4
2026/10/03 02:05:51.171, 20117, 23, 2820, 122.88, 4
2026/10/03 02:05:51.221, 20117, 23, 2820, 122.88, 4
2026/10/03 02:05:51.271, 20117, 23, 2820, 122.88, 4
2026/10/03 02:05:51.322, 20117, 23, 2820, 122.88, 4
2026/10/03 02:05:51.372, 20117, 23, 2820, 122.88, 4
2026/10/03 02:05:51.422, 20117, 23, 2820, 122.88, 4
2026/10/03 02:05:51.472, 20117, 23, 2820, 122.88, 4
2026/10/03 02:05:51.523, 20117, 23, 2820, 122.88, 4
2026/10/03 02:05:51.573, 20117, 23, 2820, 122.88, 4
2026/10/03 02:05:51.623, 20117, 23, 2835, 138.65, 4
2026/10/03 02:05:51.673, 20117, 23, 2835, 138.65, 4
2026/10/03 02:05:51.723, 20117, 23, 2835, 138.65, 4
2026/10/03 02:05:51.774, 20117, 23, 2835, 138.65, 4
2026/10/03 02:05:51.824, 20117, 23, 2835, 138.65, 4
2026/10/03 02:05:51.874, 20117, 23, 2835, 138.65, 4
2026/10/03 02:05:51.924, 20117, 23, 2835, 138.65, 4
2026/10/03 02:05:51.974, 20117, 23, 2835, 138.65, 4
2026/10/03 02:05:52.025, 20117, 23, 2835, 138.65, 4
2026/10/03 02:05:52.075, 20117, 23, 2835, 138.65, 4
2026/10/03 02:05:52.125, 20117, 24, 2820, 146.21, 4
2026/10/03 02:05:52.175, 20117, 24, 2820, 146.21, 4
2026/10/03 02:05:52.225, 20117, 24, 2820, 146.21, 4
2026/10/03 02:05:52.276, 20117, 24, 2820, 146.21, 4
2026/10/03 02:05:52.326, 20117, 24, 2820, 146.21, 4
2026/10/03 02:05:52.376, 20117, 24, 2820, 146.21, 4
2026/10/03 02:05:52.426, 20117, 24, 2820, 146.21, 4
2026/10/03 02:05:52.477, 20117, 24, 2820, 146.21, 4
2026/10/03 02:05:52.527, 20117, 24, 2820, 146.21, 4
2026/10/03 02:05:52.577, 20117, 24, 2820, 146.21, 4
2026/10/03 02:05:52.627, 20117, 24, 2805, 144.29, 4
2026/10/03 02:05:52.677, 20117, 24, 2805, 144.29, 4
2026/10/03 02:05:52.727, 20117, 24, 2805, 144.29, 4
2026/10/03 02:05:52.778, 20117, 24, 2805, 144.29, 4
2026/10/03 02:05:52.828, 20117, 24, 2805, 144.29, 4
2026/10/03 02:05:52.878, 20117, 24, 2805, 144.29, 4
2026/10/03 02:05:52.928, 20117, 24, 2805, 144.29, 4
2026/10/03 02:05:52.979, 20117, 24, 2805, 144.29, 4
2026/10/03 02:05:53.029, 20117, 24, 2805, 144.29, 4
2026/10/03 02:05:53.079, 20117, 24, 2805, 144.29, 4
2026/10/03 02:05:53.129, 20117, 21, 2827, 127.93, 4
2026/10/03 02:05:53.179, 20117, 21, 2827, 127.93, 4
2026/10/03 02:05:53.229, 20117, 21, 2827, 127.93, 4
2026/10/03 02:05:53.280, 20117, 21, 2827, 127.93, 4
2026/10/03 02:05:53.330, 20117, 21, 2827, 127.93, 4
2026/10/03 02:05:53.380, 20117, 21, 2827, 127.93, 4
2026/10/03 02:05:53.430, 20117, 21, 2827, 127.93, 4
2026/10/03 02:05:53.480, 20117, 21, 2827, 127.93, 4
2026/10/03 02:05:53.531, 20117, 21, 2827, 127.93, 4
2026/10/03 02:05:53.581, 20117, 21, 2827, 127.93, 4
2026/10/03 02:05:53.631, 20117, 21, 2820, 147.09, 4
2026/10/03 02:05:53.681, 20117, 21, 2820, 147.09, 4
2026/10/03 02:05:53.731, 20117, 21, 2820, 147.09, 4
2026/10/03 02:05:53.782, 20117, 21, 2820, 147.09, 4
2026/10/03 02:05:53.832, 20117, 21, 2820, 147.09, 4
2026/10/03 02:05:53.882, 20117, 21, 2820, 147.09, 4
2026/10/03 02:05:53.932, 20117, 21, 2820, 147.09, 4
2026/10/03 02:05:53.982, 20117, 21, 2820, 147.09, 4
2026/10/03 02:05:54.033, 20117, 21, 2820, 147.09, 4
2026/10/03 02:05:54.083, 20117, 21, 2820, 147.09, 4
2026/10/03 02:05:54.133, 20117, 20, 2797, 122.83, 4
2026/10/03 02:05:54.183, 20117, 20, 2797, 122.83, 4
2026/10/03 02:05:54.233, 20117, 20, 2797, 122.83, 4
2026/10/03 02:05:54.284, 20117, 20, 2797, 122.83, 4
2026/10/03 02:05:54.334, 20117, 20, 2797, 122.83, 4
2026/10/03 02:05:54.384, 20117, 20, 2797, 122.83, 4
2026/10/03 02:05:54.434, 20117, 20, 2797, 122.83, 4
2026/10/03 02:05:54.484, 20117, 20, 2797, 122.83, 4
2026/10/03 02:05:54.535, 20117, 20, 2797, 122.83, 4
2026/10/03 02:05:54.585, 20117, 20, 2835, 134.07, 4
2026/10/03 02:05:54.635, 20117, 20, 2835, 134.07, 4
2026/10/03 02:05:54.685, 20117, 20, 2835, 134.07, 4
2026/10/03 02:05:54.735, 20117, 20, 2835, 134.07, 4
2026/10/03 02:05:54.786, 20117, 20, 2835, 134.07, 4
2026/10/03 02:05:54.836, 20117, 20, 2835, 134.07, 4
2026/10/03 02:05:54.886, 20117, 20, 2835, 134.07, 4
2026/10/03 02:05:54.936, 20117, 20, 2835, 134.07, 4
2026/10/03 02:05:54.986, 20117, 20, 2835, 134.07, 4
2026/10/03 02:05:55.036, 20117, 20, 2835, 134.07, 4
2026/10/03 02:05:55.088, 20117, 23, 2812, 145.76, 4
2026/10/03 02:05:55.138, 20117, 23, 2812, 145.76, 4
2026/10/03 02:05:55.189, 20117, 23, 2812, 145.76, 4
2026/10/03 02:05:55.239, 20117, 23, 2812, 145.76, 4
2026/10/03 02:05:55.289, 20117, 23, 2812, 145.76, 4
2026/10/03 02:05:55.339, 20117, 23, 2812, 145.76, 4
2026/10/03 02:05:55.389, 20117, 23, 2812, 145.76, 4
2026/10/03 02:05:55.439, 20117, 23, 2812, 145.76, 4
2026/10/03 02:05:55.489, 20117, 23, 2812, 145.76, 4
2026/10/03 02:05:55.540, 20117, 23, 2812, 145.76, 4
2026/10/03 02:05:55.590, 20117, 23, 2812, 131.45, 4
2026/10/03 02:05:55.640, 20117, 23, 2812, 131.45, 4
2026/10/03 02:05:55.690, 20117, 23, 2812, 131.45, 4
2026/10/03 02:05:55.740, 20117, 23, 2812, 131.45, 4
2026/10/03 02:05:55.791, 20117, 23, 2812, 131.45, 4
2026/10/03 02:05:55.841, 20117, 23, 2812, 131.45, 4
2026/10/03 02:05:55.891, 20117, 23, 2812, 131.45, 4
2026/10/03 02:05:55.941, 20117, 23, 2812, 131.45, 4
2026/10/03 02:05:55.992, 20117, 23, 2812, 131.45, 4
2026/10/03 02:05:56.042, 20117, 23, 2812, 131.45, 4
2026/10/03 02:05:56.092, 20117, 25, 2812, 154.35, 4
2026/10/03 02:05:56.142, 20117, 25, 2812, 154.35, 4
2026/10/03 02:05:56.193, 20117, 25, 2812, 154.35, 4
2026/10/03 02:05:56.243, 20117, 25, 2812, 154.35, 4
2026/10/03 02:05:56.293, 20117, 25, 2812, 154.35, 4
2026/10/03 02:05:56.343, 20117, 25, 2812, 154.35, 4
2026/10/03 02:05:56.393, 20117, 25, 2812, 154.35, 4
2026/10/03 02:05:56.444, 20117, 25, 2812, 154.35, 4
2026/10/03 02:05:56.494, 20117, 25, 2812, 154.35, 4
2026/10/03 02:05:56.544, 20117, 25, 2812, 154.35, 4
2026/10/03 02:05:56.594, 20117, 25, 2812, 146.54, 4
2026/10/03 02:05:56.646, 20117, 25, 2812, 146.54, 4
2026/10/03 02:05:56.696, 20117, 25, 2812, 146.54, 4
2026/10/03 02:05:56.747, 20117, 25, 2812, 146.54, 4
2026/10/03 02:05:56.797, 20117, 25, 2812, 146.54, 4
2026/10/03 02:05:56.847, 20117, 25, 2812, 146.54, 4
2026/10/03 02:05:56.897, 20117, 25, 2812, 146.54, 4
2026/10/03 02:05:56.947, 20117, 25, 2812, 146.54, 4
2026/10/03 02:05:56.998, 20117, 25, 2812, 146.54, 4
2026/10/03 02:05:57.048, 20117, 25, 2812, 146.54, 4
2026/10/03 02:05:57.098, 20117, 24, 2820, 133.31, 4
2026/10/03 02:05:57.148, 20117, 24, 2820, 133.31, 4
2026/10/03 02:05:57.198, 20117, 24, 2820, 133.31, 4
2026/10/03 02:05:57.249, 20117, 24, 2820, 133.31, 4
2026/10/03 02:05:57.299, 20117, 24, 2820, 133.31, 4
2026/10/03 02:05:57.349, 20117, 24, 2820, 133.31, 4
2026/10/03 02:05:57.399, 20117, 24, 2820, 133.31, 4
2026/10/03 02:05:57.450, 20117, 24, 2820, 133.31, 4
2026/10/03 02:05:57.500, 20117, 24, 2820, 133.31, 4
2026/10/03 02:05:57.550, 20117, 24, 2820, 133.31, 4
2026/10/03 02:05:57.600, 20117, 24, 2835, 141.19, 4
2026/10/03 02:05:57.650, 20117, 24, 2835, 141.19, 4
2026/10/03 02:05:57.701, 20117, 24, 2835, 141.19, 4
2026/10/03 02:05:57.751, 20117, 24, 2835, 141.19, 4
2026/10/03 02:05:57.801, 20117, 24, 2835, 141.19, 4
2026/10/03 02:05:57.851, 20117, 24, 2835, 141.19, 4
2026/10/03 02:05:57.901, 20117, 24, 2835, 141.19, 4
2026/10/03 02:05:57.951, 20117, 24, 2835, 141.19, 4
2026/10/03 02:05:58.002, 20117, 24, 2835, 141.19, 4
2026/10/03 02:05:58.052, 20117, 24, 2835, 141.19, 4
2026/10/03 02:05:58.102, 20117, 25, 2805, 136.24, 4
2026/10/03 02:05:58.154, 20117, 25, 2805, 136.24, 4
2026/10/03 02:05:58.205, 20117, 25, 2805, 136.24, 4
2026/10/03 02:05:58.255, 20117, 25, 2805, 136.24, 4
2026/10/03 02:05:58.305, 20117, 25, 2805, 136.24, 4
2026/10/03 02:05:58.355, 20117, 25, 2805, 136.24, 4
2026/10/03 02:05:58.405, 20117, 25, 2805, 136.24, 4
2026/10/03 02:05:58.455, 20117, 25, 2805, 136.24, 4
2026/10/03 02:05:58.506, 20117, 25, 2805, 136.24, 4
2026/10/03 02:05:58.556, 20117, 25, 2805, 136.24, 4
2026/10/03 02:05:58.606, 20117, 25, 2820, 146.40, 4
2026/10/03 02:05:58.656, 20117, 25, 2820, 146.40, 4
2026/10/03 02:05:58.706, 20117, 25, 2820, 146.40, 4
2026/10/03 02:05:58.756, 20117, 25, 2820, 146.40, 4
2026/10/03 02:05:58.807, 20117, 25, 2820, 146.40, 4
2026/10/03 02:05:58.857, 20117, 25, 2820, 146.40, 4
2026/10/03 02:05:58.907, 20117, 25, 2820, 146.40, 4
2026/10/03 02:05:58.957, 20117, 25, 2820, 146.40, 4
2026/10/03 02:05:59.007, 20117, 25, 2820, 146.40, 4
2026/10/03 02:05:59.057, 20117, 25, 2820, 146.40, 4
2026/10/03 02:05:59.108, 20117, 19, 2820, 133.87, 4
2026/10/03 02:05:59.158, 20117, 19, 2820, 133.87, 4
2026/10/03 02:05:59.208, 20117, 19, 2820, 133.87, 4
2026/10/03 02:05:59.258, 20117, 19, 2820, 133.87, 4
2026/10/03 02:05:59.308, 20117, 19, 2820, 133.87, 4
2026/10/03 02:05:59.358, 20117, 19, 2820, 133.87, 4
2026/10/03 02:05:59.408, 20117, 19, 2820, 133.87, 4
2026/10/03 02:05:59.459, 20117, 19, 2820, 133.87, 4
2026/10/03 02:05:59.509, 20117, 19, 2820, 133.87, 4
2026/10/03 02:05:59.559, 20117, 19, 2820, 133.87, 4
2026/10/03 02:05:59.609, 20117, 19, 2805, 145.81, 4
2026/10/03 02:05:59.659, 20117, 19, 2805, 145.81, 4
2026/10/03 02:05:59.709, 20117, 19, 2805, 145.81, 4
2026/10/03 02:05:59.760, 20117, 19, 2805, 145.81, 4
2026/10/03 02:05:59.810, 20117, 19, 2805, 145.81, 4
2026/10/03 02:05:59.860, 20117, 19, 2805, 145.81, 4
2026/10/03 02:05:59.910, 20117, 19, 2805, 145.81, 4
2026/10/03 02:05:59.960, 20117, 19, 2805, 145.81, 4
2026/10/03 02:06:00.010, 20117, 19, 2805, 145.81, 4
2026/10/03 02:06:00.060, 20117, 19, 2805, 145.81, 4
2026/10/03 02:06:00.111, 20117, 21, 2827, 131.44, 4
2026/10/03 02:06:00.161, 20117, 21, 2827, 131.44, 4
2026/10/03 02:06:00.211, 20117, 21, 2827, 131.44, 4
2026/10/03 02:06:00.261, 20117, 21, 2827, 131.44, 4
2026/10/03 02:06:00.311, 20117, 21, 2827, 131.44, 4
2026/10/03 02:06:00.361, 20117, 21, 2827, 131.44, 4
2026/10/03 02:06:00.412, 20117, 21, 2827, 131.44, 4
2026/10/03 02:06:00.462, 20117, 21, 2827, 131.44, 4
2026/10/03 02:06:00.514, 20117, 21, 2827, 131.44, 4
2026/10/03 02:06:00.564, 20117, 21, 2827, 131.44, 4
2026/10/03 02:06:00.615, 20117, 21, 2812, 141.93, 4
2026/10/03 02:06:00.665, 20117, 21, 2812, 141.93, 4
2026/10/03 02:06:00.715, 20117, 21, 2812, 141.93, 4
2026/10/03 02:06:00.765, 20117, 21, 2812, 141.93, 4
2026/10/03 02:06:00.815, 20117, 21, 2812, 141.93, 4
2026/10/03 02:06:00.865, 20117, 21, 2812, 141.93, 4
2026/10/03 02:06:00.916, 20117, 21, 2812, 141.93, 4
2026/10/03 02:06:00.966, 20117, 21, 2812, 141.93, 4
2026/10/03 02:06:01.016, 20117, 21, 2812, 141.93, 4
2026/10/03 02:06:01.066, 20117, 21, 2812, 141.93, 4
2026/10/03 02:06:01.116, 20117, 23, 2790, 137.57, 4
2026/10/03 02:06:01.166, 20117, 23, 2790, 137.57, 4
2026/10/03 02:06:01.217, 20117, 23, 2790, 137.57, 4
2026/10/03 02:06:01.267, 20117, 23, 2790, 137.57, 4
2026/10/03 02:06:01.317, 20117, 23, 2790, 137.57, 4
2026/10/03 02:06:01.367, 20117, 23, 2790, 137.57, 4
2026/10/03 02:06:01.417, 20117, 23, 2790, 137.57, 4
2026/10/03 02:06:01.467, 20117, 23, 2790, 137.57, 4
2026/10/03 02:06:01.517, 20117, 23, 2790, 137.57, 4
2026/10/03 02:06:01.568, 20117, 23, 2790, 137.57, 4
2026/10/03 02:06:01.618, 20117, 23, 2820, 132.58, 4
2026/10/03 02:06:01.668, 20117, 23, 2820, 132.58, 4
2026/10/03 02:06:01.718, 20117, 23, 2820, 132.58, 4
2026/10/03 02:06:01.768, 20117, 23, 2820, 132.58, 4
2026/10/03 02:06:01.818, 20117, 23, 2820, 132.58, 4
2026/10/03 02:06:01.869, 20117, 23, 2820, 132.58, 4
2026/10/03 02:06:01.919, 20117, 23, 2820, 132.58, 4
2026/10/03 02:06:01.969, 20117, 23, 2820, 132.58, 4
2026/10/03 02:06:02.019, 20117, 23, 2820, 132.58, 4
2026/10/03 02:06:02.069, 20117, 23, 2820, 132.58, 4
2026/10/03 02:06:02.119, 20117, 24, 2850, 142.88, 4
2026/10/03 02:06:02.169, 20117, 24, 2850, 142.88, 4
2026/10/03 02:06:02.220, 20117, 24, 2850, 142.88, 4
2026/10/03 02:06:02.270, 20117, 24, 2850, 142.88, 4
2026/10/03 02:06:02.320, 20117, 24, 2850, 142.88, 4
2026/10/03 02:06:02.370, 20117, 24, 2850, 142.88, 4
2026/10/03 02:06:02.420, 20117, 24, 2850, 142.88, 4
2026/10/03 02:06:02.471, 20117, 24, 2850, 142.88, 4
2026/10/03 02:06:02.521, 20117, 24, 2850, 142.88, 4
2026/10/03 02:06:02.571, 20117, 24, 2850, 142.88, 4
2026/10/03 02:06:02.621, 20117, 24, 2820, 151.37, 4
2026/10/03 02:06:02.671, 20117, 24, 2820, 151.37, 4
2026/10/03 02:06:02.721, 20117, 24, 2820, 151.37, 4
2026/10/03 02:06:02.771, 20117, 24, 2820, 151.37, 4
2026/10/03 02:06:02.822, 20117, 24, 2820, 151.37, 4
2026/10/03 02:06:02.872, 20117, 24, 2820, 151.37, 4
2026/10/03 02:06:02.922, 20117, 24, 2820, 151.37, 4
2026/10/03 02:06:02.972, 20117, 24, 2820, 151.37, 4
2026/10/03 02:06:03.022, 20117, 24, 2820, 151.37, 4
2026/10/03 02:06:03.072, 20117, 24, 2820, 151.37, 4
2026/10/03 02:06:03.123, 20117, 24, 2827, 129.27, 4
2026/10/03 02:06:03.173, 20117, 24, 2827, 129.27, 4
2026/10/03 02:06:03.223, 20117, 24, 2827, 129.27, 4
2026/10/03 02:06:03.273, 20117, 24, 2827, 129.27, 4
2026/10/03 02:06:03.323, 20117, 24, 2827, 129.27, 4
2026/10/03 02:06:03.373, 20117, 24, 2827, 129.27, 4
2026/10/03 02:06:03.424, 20117, 24, 2827, 129.27, 4
2026/10/03 02:06:03.474, 20117, 24, 2827, 129.27, 4
2026/10/03 02:06:03.524, 20117, 24, 2827, 129.27, 4
2026/10/03 02:06:03.574, 20117, 24, 2827, 129.27, 4
2026/10/03 02:06:03.624, 20117, 24, 2842, 144.75, 4
2026/10/03 02:06:03.674, 20117, 24, 2842, 144.75, 4
2026/10/03 02:06:03.724, 20117, 24, 2842, 144.75, 4
2026/10/03 02:06:03.775, 20117, 24, 2842, 144.75, 4
2026/10/03 02:06:03.825, 20117, 24, 2842, 144.75, 4
2026/10/03 02:06:03.875, 20117, 24, 2842, 144.75, 4
2026/10/03 02:06:03.925, 20117, 24, 2842, 144.75, 4
2026/10/03 02:06:03.975, 20117, 24, 2842, 144.75, 4
2026/10/03 02:06:04.026, 20117, 24, 2842, 144.75, 4
2026/10/03 02:06:04.076, 20117, 24, 2842, 144.75, 4
2026/10/03 02:06:04.126, 20117, 25, 2812, 151.89, 4
2026/10/03 02:06:04.176, 20117, 25, 2812, 151.89, 4
2026/10/03 02:06:04.226, 20117, 25, 2812, 151.89, 4
2026/10/03 02:06:04.276, 20117, 25, 2812, 151.89, 4
2026/10/03 02:06:04.326, 20117, 25, 2812, 151.89, 4
2026/10/03 02:06:04.377, 20117, 25, 2812, 151.89, 4
2026/10/03 02:06:04.427, 20117, 25, 2812, 151.89, 4
2026/10/03 02:06:04.477, 20117, 25, 2812, 151.89, 4
2026/10/03 02:06:04.527, 20117, 25, 2812, 151.89, 4
2026/10/03 02:06:04.577, 20117, 25, 2812, 151.89, 4
2026/10/03 02:06:04.627, 20117, 25, 2835, 135.06, 4
2026/10/03 02:06:04.677, 20117, 25, 2835, 135.06, 4
2026/10/03 02:06:04.728, 20117, 25, 2835, 135.06, 4
2026/10/03 02:06:04.778, 20117, 25, 2835, 135.06, 4
2026/10/03 02:06:04.828, 20117, 25, 2835, 135.06, 4
2026/10/03 02:06:04.878, 20117, 25, 2835, 135.06, 4
2026/10/03 02:06:04.928, 20117, 25, 2835, 135.06, 4
2026/10/03 02:06:04.979, 20117, 25, 2835, 135.06, 4
2026/10/03 02:06:05.029, 20117, 25, 2835, 135.06, 4
2026/10/03 02:06:05.079, 20117, 25, 2835, 135.06, 4
2026/10/03 02:06:05.129, 20117, 25, 2842, 149.38, 4
2026/10/03 02:06:05.179, 20117, 25, 2842, 149.38, 4
2026/10/03 02:06:05.229, 20117, 25, 2842, 149.38, 4
2026/10/03 02:06:05.279, 20117, 25, 2842, 149.38, 4
2026/10/03 02:06:05.330, 20117, 25, 2842, 149.38, 4
2026/10/03 02:06:05.380, 20117, 25, 2842, 149.38, 4
2026/10/03 02:06:05.430, 20117, 25, 2842, 149.38, 4
2026/10/03 02:06:05.480, 20117, 25, 2842, 149.38, 4
2026/10/03 02:06:05.530, 20117, 25, 2842, 149.38, 4
2026/10/03 02:06:05.580, 20117, 25, 2842, 149.38, 4
2026/10/03 02:06:05.631, 20117, 25, 2820, 150.37, 4
2026/10/03 02:06:05.681, 20117, 25, 2820, 150.37, 4
2026/10/03 02:06:05.731, 20117, 25, 2820, 150.37, 4
2026/10/03 02:06:05.781, 20117, 25, 2820, 150.37, 4
2026/10/03 02:06:05.832, 20117, 25, 2820, 150.37, 4
2026/10/03 02:06:05.882, 20117, 25, 2820, 150.37, 4
2026/10/03 02:06:05.932, 20117, 25, 2820, 150.37, 4
2026/10/03 02:06:05.982, 20117, 25, 2820, 150.37, 4
2026/10/03 02:06:06.033, 20117, 25, 2820, 150.37, 4
2026/10/03 02:06:06.083, 20117, 25, 2820, 150.37, 4
2026/10/03 02:06:06.133, 20117, 25, 2812, 150.39, 4
2026/10/03 02:06:06.183, 20117, 25, 2812, 150.39, 4
2026/10/03 02:06:06.233, 20117, 25, 2812, 150.39, 4
2026/10/03 02:06:06.283, 20117, 25, 2812, 150.39, 4
2026/10/03 02:06:06.334, 20117, 25, 2812, 150.39, 4
2026/10/03 02:06:06.384, 20117, 25, 2812, 150.39, 4
2026/10/03 02:06:06.434, 20117, 25, 2812, 150.39, 4
2026/10/03 02:06:06.484, 20117, 25, 2812, 150.39, 4
2026/10/03 02:06:06.534, 20117, 25, 2812, 150.39, 4
2026/10/03 02:06:06.584, 20117, 25, 2805, 128.29, 4
2026/10/03 02:06:06.635, 20117, 25, 2805, 128.29, 4
2026/10/03 02:06:06.685, 20117, 25, 2805, 128.29, 4
2026/10/03 02:06:06.735, 20117, 25, 2805, 128.29, 4
2026/10/03 02:06:06.785, 20117, 25, 2805, 128.29, 4
2026/10/03 02:06:06.835, 20117, 25, 2805, 128.29, 4
2026/10/03 02:06:06.886, 20117, 25, 2805, 128.29, 4
2026/10/03 02:06:06.936, 20117, 25, 2805, 128.29, 4
2026/10/03 02:06:06.986, 20117, 25, 2805, 128.29, 4
2026/10/03 02:06:07.037, 20117, 25, 2805, 128.29, 4
2026/10/03 02:06:07.087, 20117, 19, 2842, 138.44, 4
2026/10/03 02:06:07.137, 20117, 19, 2842, 138.44, 4
2026/10/03 02:06:07.187, 20117, 19, 2842, 138.44, 4
2026/10/03 02:06:07.238, 20117, 19, 2842, 138.44, 4
2026/10/03 02:06:07.288, 20117, 19, 2842, 138.44, 4
2026/10/03 02:06:07.338, 20117, 19, 2842, 138.44, 4
2026/10/03 02:06:07.388, 20117, 19, 2842, 138.44, 4
2026/10/03 02:06:07.438, 20117, 19, 2842, 138.44, 4
2026/10/03 02:06:07.489, 20117, 19, 2842, 138.44, 4
2026/10/03 02:06:07.539, 20117, 19, 2842, 138.44, 4
2026/10/03 02:06:07.589, 20117, 19, 2827, 150.74, 4
2026/10/03 02:06:07.639, 20117, 19, 2827, 150.74, 4
2026/10/03 02:06:07.689, 20117, 19, 2827, 150.74, 4
2026/10/03 02:06:07.740, 20117, 19, 2827, 150.74, 4
2026/10/03 02:06:07.790, 20117, 19, 2827, 150.74, 4
2026/10/03 02:06:07.840, 20117, 19, 2827, 150.74, 4
2026/10/03 02:06:07.890, 20117, 19, 2827, 150.74, 4
2026/10/03 02:06:07.941, 20117, 19, 2827, 150.74, 4
2026/10/03 02:06:07.991, 20117, 19, 2827, 150.74, 4
2026/10/03 02:06:08.041, 20117, 19, 2827, 150.74, 4
2026/10/03 02:06:08.091, 20117, 23, 2812, 131.77, 4
2026/10/03 02:06:08.141, 20117, 23, 2812, 131.77, 4
2026/10/03 02:06:08.192, 20117, 23, 2812, 131.77, 4
2026/10/03 02:06:08.242, 20117, 23, 2812, 131.77, 4
2026/10/03 02:06:08.292, 20117, 23, 2812, 131.77, 4
2026/10/03 02:06:08.342, 20117, 23, 2812, 131.77, 4
2026/10/03 02:06:08.393, 20117, 23, 2812, 131.77, 4
2026/10/03 02:06:08.443, 20117, 23, 2812, 131.77, 4
2026/10/03 02:06:08.493, 20117, 23, 2812, 131.77, 4
2026/10/03 02:06:08.543, 20117, 23, 2812, 131.77, 4
2026/10/03 02:06:08.593, 20117, 23, 2842, 134.56, 4
2026/10/03 02:06:08.644, 20117, 23, 2842, 134.56, 4
2026/10/03 02:06:08.694, 20117, 23, 2842, 134.56, 4
2026/10/03 02:06:08.744, 20117, 23, 2842, 134.56, 4
2026/10/03 02:06:08.794, 20117, 23, 2842, 134.56, 4
2026/10/03 02:06:08.845, 20117, 23, 2842, 134.56, 4
2026/10/03 02:06:08.895, 20117, 23, 2842, 134.56, 4
2026/10/03 02:06:08.945, 20117, 23, 2842, 134.56, 4
2026/10/03 02:06:08.995, 20117, 23, 2842, 134.56, 4
2026/10/03 02:06:09.046, 20117, 23, 2842, 134.56, 4
2026/10/03 02:06:09.096, 20117, 25, 2820, 146.90, 4
2026/10/03 02:06:09.146, 20117, 25, 2820, 146.90, 4
2026/10/03 02:06:09.196, 20117, 25, 2820, 146.90, 4
2026/10/03 02:06:09.246, 20117, 25, 2820, 146.90, 4
2026/10/03 02:06:09.297, 20117, 25, 2820, 146.90, 4
2026/10/03 02:06:09.347, 20117, 25, 2820, 146.90, 4
2026/10/03 02:06:09.397, 20117, 25, 2820, 146.90, 4
2026/10/03 02:06:09.447, 20117, 25, 2820, 146.90, 4
2026/10/03 02:06:09.497, 20117, 25, 2820, 146.90, 4
2026/10/03 02:06:09.548, 20117, 25, 2820, 146.90, 4
2026/10/03 02:06:09.598, 20117, 25, 2805, 125.82, 4
2026/10/03 02:06:09.648, 20117, 25, 2805, 125.82, 4
2026/10/03 02:06:09.698, 20117, 25, 2805, 125.82, 4
2026/10/03 02:06:09.748, 20117, 25, 2805, 125.82, 4
2026/10/03 02:06:09.799, 20117, 25, 2805, 125.82, 4
2026/10/03 02:06:09.849, 20117, 25, 2805, 125.82, 4
2026/10/03 02:06:09.899, 20117, 25, 2805, 125.82, 4
2026/10/03 02:06:09.949, 20117, 25, 2805, 125.82, 4
2026/10/03 02:06:09.999, 20117, 25, 2805, 125.82, 4
2026/10/03 02:06:10.050, 20117, 25, 2805, 125.82, 4
2026/10/03 02:06:10.100, 20117, 22, 2820, 130.63, 4
2026/10/03 02:06:10.150, 20117, 22, 2820, 130.63, 4
2026/10/03 02:06:10.200, 20117, 22, 2820, 130.63, 4
2026/10/03 02:06:10.251, 20117, 22, 2820, 130.63, 4
2026/10/03 02:06:10.301, 20117, 22, 2820, 130.63, 4
2026/10/03 02:06:10.351, 20117, 22, 2820, 130.63, 4
2026/10/03 02:06:10.401, 20117, 22, 2820, 130.63, 4
2026/10/03 02:06:10.451, 20117, 22, 2820, 130.63, 4
2026/10/03 02:06:10.502, 20117, 22, 2820, 130.63, 4
2026/10/03 02:06:10.552, 20117, 22, 2820, 130.63, 4
2026/10/03 02:06:10.602, 20117, 22, 2835, 135.45, 4
2026/10/03 02:06:10.652, 20117, 22, 2835, 135.45, 4
2026/10/03 02:06:10.703, 20117, 22, 2835, 135.45, 4
2026/10/03 02:06:10.753, 20117, 22, 2835, 135.45, 4
2026/10/03 02:06:10.803, 20117, 22, 2835, 135.45, 4
2026/10/03 02:06:10.853, 20117, 22, 2835, 135.45, 4
2026/10/03 02:06:10.903, 20117, 22, 2835, 135.45, 4
2026/10/03 02:06:10.954, 20117, 22, 2835, 135.45, 4
2026/10/03 02:06:11.004, 20117, 22, 2835, 135.45, 4
2026/10/03 02:06:11.054, 20117, 22, 2835, 135.45, 4
2026/10/03 02:06:11.104, 20117, 26, 2812, 148.54, 4
2026/10/03 02:06:11.155, 20117, 26, 2812, 148.54, 4
2026/10/03 02:06:11.205, 20117, 26, 2812, 148.54, 4
2026/10/03 02:06:11.255, 20117, 26, 2812, 148.54, 4
2026/10/03 02:06:11.305, 20117, 26, 2812, 148.54, 4
2026/10/03 02:06:11.355, 20117, 26, 2812, 148.54, 4
2026/10/03 02:06:11.406, 20117, 26, 2812, 148.54, 4
2026/10/03 02:06:11.456, 20117, 26, 2812, 148.54, 4
2026/10/03 02:06:11.506, 20117, 26, 2812, 148.54, 4
2026/10/03 02:06:11.556, 20117, 26, 2812, 148.54, 4
2026/10/03 02:06:11.606, 20117, 26, 2827, 135.89, 4
2026/10/03 02:06:11.657, 20117, 26, 2827, 135.89, 4
2026/10/03 02:06:11.707, 20117, 26, 2827, 135.89, 4
2026/10/03 02:06:11.757, 20117, 26, 2827, 135.89, 4
2026/10/03 02:06:11.807, 20117, 26, 2827, 135.89, 4
2026/10/03 02:06:11.857, 20117, 26, 2827, 135.89, 4
2026/10/03 02:06:11.908, 20117, 26, 2827, 135.89, 4
2026/10/03 02:06:11.958, 20117, 26, 2827, 135.89, 4
2026/10/03 02:06:12.008, 20117, 26, 2827, 135.89, 4
2026/10/03 02:06:12.058, 20117, 26, 2827, 135.89, 4
2026/10/03 02:06:12.108, 20117, 24, 2797, 140.37, 4
2026/10/03 02:06:12.159, 20117, 24, 2797, 140.37, 4
2026/10/03 02:06:12.209, 20117, 24, 2797, 140.37, 4
2026/10/03 02:06:12.259, 20117, 24, 2797, 140.37, 4
2026/10/03 02:06:12.309, 20117, 24, 2797, 140.37, 4
2026/10/03 02:06:12.360, 20117, 24, 2797, 140.37, 4
2026/10/03 02:06:12.410, 20117, 24, 2797, 140.37, 4
2026/10/03 02:06:12.460, 20117, 24, 2797, 140.37, 4
2026/10/03 02:06:12.510, 20117, 24, 2797, 140.37, 4
2026/10/03 02:06:12.560, 20117, 24, 2797, 140.37, 4
2026/10/03 02:06:12.611, 20117, 24, 2850, 145.16, 4
2026/10/03 02:06:12.661, 20117, 24, 2850, 145.16, 4
2026/10/03 02:06:12.711, 20117, 24, 2850, 145.16, 4
2026/10/03 02:06:12.761, 20117, 24, 2850, 145.16, 4
2026/10/03 02:06:12.812, 20117, 24, 2850, 145.16, 4
2026/10/03 02:06:12.862, 20117, 24, 2850, 145.16, 4
2026/10/03 02:06:12.912, 20117, 24, 2850, 145.16, 4
2026/10/03 02:06:12.962, 20117, 24, 2850, 145.16, 4
2026/10/03 02:06:13.012, 20117, 24, 2850, 145.16, 4
2026/10/03 02:06:13.063, 20117, 24, 2850, 145.16, 4
2026/10/03 02:06:13.113, 20117, 24, 2805, 140.26, 4
2026/10/03 02:06:13.163, 20117, 24, 2805, 140.26, 4
2026/10/03 02:06:13.213, 20117, 24, 2805, 140.26, 4
2026/10/03 02:06:13.263, 20117, 24, 2805, 140.26, 4
2026/10/03 02:06:13.314, 20117, 24, 2805, 140.26, 4
2026/10/03 02:06:13.364, 20117, 24, 2805, 140.26, 4
2026/10/03 02:06:13.414, 20117, 24, 2805, 140.26, 4
2026/10/03 02:06:13.464, 20117, 24, 2805, 140.26, 4
2026/10/03 02:06:13.514, 20117, 24, 2805, 140.26, 4
2026/10/03 02:06:13.565, 20117, 24, 2805, 140.26, 4
2026/10/03 02:06:13.615, 20117, 24, 2835, 130.88, 4
2026/10/03 02:06:13.665, 20117, 24, 2835, 130.88, 4
2026/10/03 02:06:13.715, 20117, 24, 2835, 130.88, 4
2026/10/03 02:06:13.765, 20117, 24, 2835, 130.88, 4
2026/10/03 02:06:13.816, 20117, 24, 2835, 130.88, 4
2026/10/03 02:06:13.866, 20117, 24, 2835, 130.88, 4
2026/10/03 02:06:13.916, 20117, 24, 2835, 130.88, 4
2026/10/03 02:06:13.966, 20117, 24, 2835, 130.88, 4
2026/10/03 02:06:14.016, 20117, 24, 2835, 130.88, 4
2026/10/03 02:06:14.067, 20117, 24, 2835, 130.88, 4
2026/10/03 02:06:14.117, 20117, 25, 2835, 139.70, 4
2026/10/03 02:06:14.167, 20117, 25, 2835, 139.70, 4
2026/10/03 02:06:14.217, 20117, 25, 2835, 139.70, 4
2026/10/03 02:06:14.267, 20117, 25, 2835, 139.70, 4
2026/10/03 02:06:14.318, 20117, 25, 2835, 139.70, 4
2026/10/03 02:06:14.368, 20117, 25, 2835, 139.70, 4
2026/10/03 02:06:14.418, 20117, 25, 2835, 139.70, 4
2026/10/03 02:06:14.468, 20117, 25, 2835, 139.70, 4
2026/10/03 02:06:14.518, 20117, 25, 2835, 139.70, 4
2026/10/03 02:06:14.569, 20117, 25, 2835, 139.70, 4
2026/10/03 02:06:14.619, 20117, 25, 2812, 143.19, 4
2026/10/03 02:06:14.669, 20117, 25, 2812, 143.19, 4
2026/10/03 02:06:14.719, 20117, 25, 2812, 143.19, 4
2026/10/03 02:06:14.769, 20117, 25, 2812, 143.19, 4
2026/10/03 02:06:14.820, 20117, 25, 2812, 143.19, 4
2026/10/03 02:06:14.870, 20117, 25, 2812, 143.19, 4
2026/10/03 02:06:14.920, 20117, 25, 2812, 143.19, 4
2026/10/03 02:06:14.970, 20117, 25, 2812, 143.19, 4
2026/10/03 02:06:15.021, 20117, 25, 2812, 143.19, 4
2026/10/03 02:06:15.071, 20117, 25, 2812, 143.19, 4
2026/10/03 02:06:15.121, 20117, 22, 2820, 135.44, 4
2026/10/03 02:06:15.171, 20117, 22, 2820, 135.44, 4
2026/10/03 02:06:15.221, 20117, 22, 2820, 135.44, 4
2026/10/03 02:06:15.272, 20117, 22, 2820, 135.44, 4
2026/10/03 02:06:15.322, 20117, 22, 2820, 135.44, 4
2026/10/03 02:06:15.372, 20117, 22, 2820, 135.44, 4
2026/10/03 02:06:15.422, 20117, 22, 2820, 135.44, 4
2026/10/03 02:06:15.472, 20117, 22, 2820, 135.44, 4
2026/10/03 02:06:15.523, 20117, 22, 2820, 135.44, 4
2026/10/03 02:06:15.573, 20117, 22, 2820, 135.44, 4
2026/10/03 02:06:15.623, 20117, 22, 2820, 146.70, 4
2026/10/03 02:06:15.673, 20117, 22, 2820, 146.70, 4
2026/10/03 02:06:15.724, 20117, 22, 2820, 146.70, 4
2026/10/03 02:06:15.774, 20117, 22, 2820, 146.70, 4
2026/10/03 02:06:15.824, 20117, 22, 2820, 146.70, 4
2026/10/03 02:06:15.874, 20117, 22, 2820, 146.70, 4
2026/10/03 02:06:15.924, 20117, 22, 2820, 146.70, 4
2026/10/03 02:06:15.975, 20117, 22, 2820, 146.70, 4
2026/10/03 02:06:16.025, 20117, 22, 2820, 146.70, 4
2026/10/03 02:06:16.075, 20117, 22, 2820, 146.70, 4
2026/10/03 02:06:16.125, 20117, 20, 2827, 135.55, 4
2026/10/03 02:06:16.176, 20117, 20, 2827, 135.55, 4
2026/10/03 02:06:16.226, 20117, 20, 2827, 135.55, 4
2026/10/03 02:06:16.276, 20117, 20, 2827, 135.55, 4
2026/10/03 02:06:16.326, 20117, 20, 2827, 135.55, 4
2026/10/03 02:06:16.376, 20117, 20, 2827, 135.55, 4
2026/10/03 02:06:16.427, 20117, 20, 2827, 135.55, 4
2026/10/03 02:06:16.477, 20117, 20, 2827, 135.55, 4
2026/10/03 02:06:16.527, 20117, 20, 2827, 135.55, 4
2026/10/03 02:06:16.577, 20117, 20, 2827, 135.55, 4
2026/10/03 02:06:16.628, 20117, 20, 2812, 145.75, 4
2026/10/03 02:06:16.678, 20117, 20, 2812, 145.75, 4
2026/10/03 02:06:16.728, 20117, 20, 2812, 145.75, 4
2026/10/03 02:06:16.778, 20117, 20, 2812, 145.75, 4
2026/10/03 02:06:16.828, 20117, 20, 2812, 145.75, 4
2026/10/03 02:06:16.879, 20117, 20, 2812, 145.75, 4
2026/10/03 02:06:16.929, 20117, 20, 2812, 145.75, 4
2026/10/03 02:06:16.979, 20117, 20, 2812, 145.75, 4
2026/10/03 02:06:17.029, 20117, 20, 2812, 145.75, 4
2026/10/03 02:06:17.079, 20117, 20, 2812, 145.75, 4
2026/10/03 02:06:17.130, 20117, 24, 2850, 133.57, 4
2026/10/03 02:06:17.180, 20117, 24, 2850, 133.57, 4
2026/10/03 02:06:17.230, 20117, 24, 2850, 133.57, 4
2026/10/03 02:06:17.280, 20117, 24, 2850, 133.57, 4
2026/10/03 02:06:17.331, 20117, 24, 2850, 133.57, 4
2026/10/03 02:06:17.381, 20117, 24, 2850, 133.57, 4
2026/10/03 02:06:17.431, 20117, 24, 2850, 133.57, 4
2026/10/03 02:06:17.481, 20117, 24, 2850, 133.57, 4
2026/10/03 02:06:17.531, 20117, 24, 2850, 133.57, 4
2026/10/03 02:06:17.582, 20117, 24, 2850, 133.57, 4
2026/10/03 02:06:17.632, 20117, 24, 2790, 132.53, 4
2026/10/03 02:06:17.682, 20117, 24, 2790, 132.53, 4
2026/10/03 02:06:17.732, 20117, 24, 2790, 132.53, 4
2026/10/03 02:06:17.782, 20117, 24, 2790, 132.53, 4
2026/10/03 02:06:17.833, 20117, 24, 2790, 132.53, 4
2026/10/03 02:06:17.883, 20117, 24, 2790, 132.53, 4
2026/10/03 02:06:17.933, 20117, 24, 2790, 132.53, 4
2026/10/03 02:06:17.983, 20117, 24, 2790, 132.53, 4
2026/10/03 02:06:18.033, 20117, 24, 2790, 132.53, 4
2026/10/03 02:06:18.084, 20117, 24, 2790, 132.53, 4
2026/10/03 02:06:18.134, 20117, 26, 2827, 146.09, 4
2026/10/03 02:06:18.184, 20117, 26, 2827, 146.09, 4
2026/10/03 02:06:18.234, 20117, 26, 2827, 146.09, 4
2026/10/03 02:06:18.284, 20117, 26, 2827, 146.09, 4
2026/10/03 02:06:18.335, 20117, 26, 2827, 146.09, 4
2026/10/03 02:06:18.385, 20117, 26, 2827, 146.09, 4
2026/10/03 02:06:18.435, 20117, 26, 2827, 146.09, 4
2026/10/03 02:06:18.485, 20117, 26, 2827, 146.09, 4
2026/10/03 02:06:18.536, 20117, 26, 2827, 146.09, 4
2026/10/03 02:06:18.586, 20117, 26, 2812, 149.38, 4
2026/10/03 02:06:18.636, 20117, 26, 2812, 149.38, 4
2026/10/03 02:06:18.686, 20117, 26, 2812, 149.38, 4
2026/10/03 02:06:18.736, 20117, 26, 2812, 149.38, 4
2026/10/03 02:06:18.787, 20117, 26, 2812, 149.38, 4
2026/10/03 02:06:18.837, 20117, 26, 2812, 149.38, 4
2026/10/03 02:06:18.887, 20117, 26, 2812, 149.38, 4
2026/10/03 02:06:18.937, 20117, 26, 2812, 149.38, 4
2026/10/03 02:06:18.988, 20117, 26, 2812, 149.38, 4
2026/10/03 02:06:19.038, 20117, 26, 2812, 149.38, 4
2026/10/03 02:06:19.088, 20117, 24, 2805, 127.52, 4
2026/10/03 02:06:19.138, 20117, 24, 2805, 127.52, 4
2026/10/03 02:06:19.188, 20117, 24, 2805, 127.52, 4
2026/10/03 02:06:19.239, 20117, 24, 2805, 127.52, 4
2026/10/03 02:06:19.289, 20117, 24, 2805, 127.52, 4
2026/10/03 02:06:19.339, 20117, 24, 2805, 127.52, 4
2026/10/03 02:06:19.389, 20117, 24, 2805, 127.52, 4
2026/10/03 02:06:19.439, 20117, 24, 2805, 127.52, 4
2026/10/03 02:06:19.490, 20117, 24, 2805, 127.52, 4
2026/10/03 02:06:19.540, 20117, 24, 2805, 127.52, 4
2026/10/03 02:06:19.590, 20117, 24, 2850, 138.30, 4
2026/10/03 02:06:19.640, 20117, 24, 2850, 138.30, 4
2026/10/03 02:06:19.691, 20117, 24, 2850, 138.30, 4
2026/10/03 02:06:19.741, 20117, 24, 2850, 138.30, 4
2026/10/03 02:06:19.791, 20117, 24, 2850, 138.30, 4
2026/10/03 02:06:19.841, 20117, 24, 2850, 138.30, 4
2026/10/03 02:06:19.892, 20117, 24, 2850, 138.30, 4
2026/10/03 02:06:19.942, 20117, 24, 2850, 138.30, 4
2026/10/03 02:06:19.992, 20117, 24, 2850, 138.30, 4
2026/10/03 02:06:20.042, 20117, 24, 2850, 138.30, 4
2026/10/03 02:06:20.092, 20117, 24, 2797, 128.30, 4
2026/10/03 02:06:20.143, 20117, 24, 2797, 128.30, 4
2026/10/03 02:06:20.193, 20117, 24, 2797, 128.30, 4
2026/10/03 02:06:20.243, 20117, 24, 2797, 128.30, 4
2026/10/03 02:06:20.293, 20117, 24, 2797, 128.30, 4
2026/10/03 02:06:20.344, 20117, 24, 2797, 128.30, 4
2026/10/03 02:06:20.394, 20117, 24, 2797, 128.30, 4
2026/10/03 02:06:20.444, 20117, 24, 2797, 128.30, 4
2026/10/03 02:06:20.494, 20117, 24, 2797, 128.30, 4
2026/10/03 02:06:20.545, 20117, 24, 2797, 128.30, 4
2026/10/03 02:06:20.595, 20117, 24, 2842, 145.62, 4
2026/10/03 02:06:20.645, 20117, 24, 2842, 145.62, 4
2026/10/03 02:06:20.695, 20117, 24, 2842, 145.62, 4
2026/10/03 02:06:20.745, 20117, 24, 2842, 145.62, 4
2026/10/03 02:06:20.796, 20117, 24, 2842, 145.62, 4
2026/10/03 02:06:20.846, 20117, 24, 2842, 145.62, 4
2026/10/03 02:06:20.896, 20117, 24, 2842, 145.62, 4
2026/10/03 02:06:20.946, 20117, 24, 2842, 145.62, 4
2026/10/03 02:06:20.996, 20117, 24, 2842, 145.62, 4
2026/10/03 02:06:21.047, 20117, 24, 2842, 145.62, 4
2026/10/03 02:06:21.097, 20117, 24, 2805, 126.87, 4
2026/10/03 02:06:21.147, 20117, 24, 2805, 126.87, 4
2026/10/03 02:06:21.197, 20117, 24, 2805, 126.87, 4
2026/10/03 02:06:21.248, 20117, 24, 2805, 126.87, 4
2026/10/03 02:06:21.298, 20117, 24, 2805, 126.87, 4
2026/10/03 02:06:21.348, 20117, 24, 2805, 126.87, 4
2026/10/03 02:06:21.398, 20117, 24, 2805, 126.87, 4
2026/10/03 02:06:21.448, 20117, 24, 2805, 126.87, 4
2026/10/03 02:06:21.499, 20117, 24, 2805, 126.87, 4
2026/10/03 02:06:21.549, 20117, 24, 2805, 126.87, 4
2026/10/03 02:06:21.599, 20117, 24, 2835, 148.99, 4
2026/10/03 02:06:21.649, 20117, 24, 2835, 148.99, 4
2026/10/03 02:06:21.699, 20117, 24, 2835, 148.99, 4
2026/10/03 02:06:21.750, 20117, 24, 2835, 148.99, 4
2026/10/03 02:06:21.800, 20117, 24, 2835, 148.99, 4
2026/10/03 02:06:21.850, 20117, 24, 2835, 148.99, 4
2026/10/03 02:06:21.901, 20117, 24, 2835, 148.99, 4
2026/10/03 02:06:21.951, 20117, 24, 2835, 148.99, 4
2026/10/03 02:06:22.001, 20117, 24, 2835, 148.99, 4
2026/10/03 02:06:22.051, 20117, 24, 2835, 148.99, 4
2026/10/03 02:06:22.101, 20117, 25, 2820, 135.13, 4
2026/10/03 02:06:22.152, 20117, 25, 2820, 135.13, 4
2026/10/03 02:06:22.202, 20117, 25, 2820, 135.13, 4
2026/10/03 02:06:22.252, 20117, 25, 2820, 135.13, 4
2026/10/03 02:06:22.302, 20117, 25, 2820, 135.13, 4
2026/10/03 02:06:22.352, 20117, 25, 2820, 135.13, 4
2026/10/03 02:06:22.403, 20117, 25, 2820, 135.13, 4
2026/10/03 02:06:22.453, 20117, 25, 2820, 135.13, 4
2026/10/03 02:06:22.503, 20117, 25, 2820, 135.13, 4
2026/10/03 02:06:22.553, 20117, 25, 2820, 135.13, 4
2026/10/03 02:06:22.604, 20117, 25, 2820, 142.00, 4
2026/10/03 02:06:22.654, 20117, 25, 2820, 142.00, 4
2026/10/03 02:06:22.704, 20117, 25, 2820, 142.00, 4
2026/10/03 02:06:22.754, 20117, 25, 2820, 142.00, 4
2026/10/03 02:06:22.804, 20117, 25, 2820, 142.00, 4
2026/10/03 02:06:22.855, 20117, 25, 2820, 142.00, 4
2026/10/03 02:06:22.905, 20117, 25, 2820, 142.00, 4
2026/10/03 02:06:22.955, 20117, 25, 2820, 142.00, 4
2026/10/03 02:06:23.005, 20117, 25, 2820, 142.00, 4
2026/10/03 02:06:23.056, 20117, 25, 2820, 142.00, 4
2026/10/03 02:06:23.106, 20117, 26, 2842, 138.28, 4
2026/10/03 02:06:23.156, 20117, 26, 2842, 138.28, 4
2026/10/03 02:06:23.206, 20117, 26, 2842, 138.28, 4
2026/10/03 02:06:23.256, 20117, 26, 2842, 138.28, 4
2026/10/03 02:06:23.307, 20117, 26, 2842, 138.28, 4
2026/10/03 02:06:23.357, 20117, 26, 2842, 138.28, 4
2026/10/03 02:06:23.407, 20117, 26, 2842, 138.28, 4
2026/10/03 02:06:23.457, 20117, 26, 2842, 138.28, 4
2026/10/03 02:06:23.507, 20117, 26, 2842, 138.28, 4
2026/10/03 02:06:23.558, 20117, 26, 2842, 138.28, 4
2026/10/03 02:06:23.608, 20117, 26, 2820, 128.09, 4
2026/10/03 02:06:23.658, 20117, 26, 2820, 128.09, 4
2026/10/03 02:06:23.708, 20117, 26, 2820, 128.09, 4
2026/10/03 02:06:23.759, 20117, 26, 2820, 128.09, 4
2026/10/03 02:06:23.809, 20117, 26, 2820, 128.09, 4
2026/10/03 02:06:23.859, 20117, 26, 2820, 128.09, 4
2026/10/03 02:06:23.909, 20117, 26, 2820, 128.09, 4
2026/10/03 02:06:23.959, 20117, 26, 2820, 128.09, 4
2026/10/03 02:06:24.010, 20117, 26, 2820, 128.09, 4
2026/10/03 02:06:24.060, 20117, 26, 2820, 128.09, 4
2026/10/03 02:06:24.110, 20117, 25, 2850, 134.09, 4
2026/10/03 02:06:24.160, 20117, 25, 2850, 134.09, 4
2026/10/03 02:06:24.210, 20117, 25, 2850, 134.09, 4
2026/10/03 02:06:24.261, 20117, 25, 2850, 134.09, 4
2026/10/03 02:06:24.311, 20117, 25, 2850, 134.09, 4
2026/10/03 02:06:24.361, 20117, 25, 2850, 134.09, 4
2026/10/03 02:06:24.411, 20117, 25, 2850, 134.09, 4
2026/10/03 02:06:24.462, 20117, 25, 2850, 134.09, 4
2026/10/03 02:06:24.512, 20117, 25, 2850, 134.09, 4
2026/10/03 02:06:24.562, 20117, 25, 2850, 134.09, 4
2026/10/03 02:06:24.612, 20117, 25, 2812, 147.61, 4
2026/10/03 02:06:24.662, 20117, 25, 2812, 147.61, 4
2026/10/03 02:06:24.713, 20117, 25, 2812, 147.61, 4
2026/10/03 02:06:24.763, 20117, 25, 2812, 147.61, 4
2026/10/03 02:06:24.813, 20117, 25, 2812, 147.61, 4
2026/10/03 02:06:24.863, 20117, 25, 2812, 147.61, 4
2026/10/03 02:06:24.914, 20117, 25, 2812, 147.61, 4
2026/10/03 02:06:24.964, 20117, 25, 2812, 147.61, 4
2026/10/03 02:06:25.014, 20117, 25, 2812, 147.61, 4
2026/10/03 02:06:25.064, 20117, 25, 2812, 147.61, 4
2026/10/03 02:06:25.114, 20117, 20, 2842, 137.93, 4
2026/10/03 02:06:25.165, 20117, 20, 2842, 137.93, 4
2026/10/03 02:06:25.215, 20117, 20, 2842, 137.93, 4
2026/10/03 02:06:25.265, 20117, 20, 2842, 137.93, 4
2026/10/03 02:06:25.315, 20117, 20, 2842, 137.93, 4
2026/10/03 02:06:25.366, 20117, 20, 2842, 137.93, 4
2026/10/03 02:06:25.416, 20117, 20, 2842, 137.93, 4
2026/10/03 02:06:25.466, 20117, 20, 2842, 137.93, 4
2026/10/03 02:06:25.516, 20117, 20, 2842, 137.93, 4
2026/10/03 02:06:25.566, 20117, 20, 2842, 137.93, 4
2026/10/03 02:06:25.617, 20117, 20, 2805, 150.47, 4
2026/10/03 02:06:25.667, 20117, 20, 2805, 150.47, 4
2026/10/03 02:06:25.717, 20117, 20, 2805, 150.47, 4
2026/10/03 02:06:25.767, 20117, 20, 2805, 150.47, 4
2026/10/03 02:06:25.818, 20117, 20, 2805, 150.47, 4
2026/10/03 02:06:25.868, 20117, 20, 2805, 150.47, 4
2026/10/03 02:06:25.918, 20117, 20, 2805, 150.47, 4
2026/10/03 02:06:25.968, 20117, 20, 2805, 150.47, 4
2026/10/03 02:06:26.018, 20117, 20, 2805, 150.47, 4
2026/10/03 02:06:26.069, 20117, 20, 2805, 150.47, 4
2026/10/03 02:06:26.119, 20117, 21, 2850, 136.37, 4
2026/10/03 02:06:26.169, 20117, 21, 2850, 136.37, 4
2026/10/03 02:06:26.219, 20117, 21, 2850, 136.37, 4
2026/10/03 02:06:26.269, 20117, 21, 2850, 136.37, 4
2026/10/03 02:06:26.320, 20117, 21, 2850, 136.37, 4
2026/10/03 02:06:26.370, 20117, 21, 2850, 136.37, 4
2026/10/03 02:06:26.420, 20117, 21, 2850, 136.37, 4
2026/10/03 02:06:26.470, 20117, 21, 2850, 136.37, 4
2026/10/03 02:06:26.521, 20117, 21, 2850, 136.37, 4
2026/10/03 02:06:26.571, 20117, 21, 2850, 136.37, 4
2026/10/03 02:06:26.621, 20117, 21, 2812, 145.45, 4
2026/10/03 02:06:26.671, 20117, 21, 2812, 145.45, 4
2026/10/03 02:06:26.721, 20117, 21, 2812, 145.45, 4
2026/10/03 02:06:26.772, 20117, 21, 2812, 145.45, 4
2026/10/03 02:06:26.822, 20117, 21, 2812, 145.45, 4
2026/10/03 02:06:26.872, 20117, 21, 2812, 145.45, 4
2026/10/03 02:06:26.922, 20117, 21, 2812, 145.45, 4
2026/10/03 02:06:26.972, 20117, 21, 2812, 145.45, 4
2026/10/03 02:06:27.023, 20117, 21, 2812, 145.45, 4
2026/10/03 02:06:27.073, 20117, 21, 2812, 145.45, 4
2026/10/03 02:06:27.123, 20117, 21, 2850, 139.64, 4
2026/10/03 02:06:27.173, 20117, 21, 2850, 139.64, 4
2026/10/03 02:06:27.224, 20117, 21, 2850, 139.64, 4
2026/10/03 02:06:27.274, 20117, 21, 2850, 139.64, 4
2026/10/03 02:06:27.324, 20117, 21, 2850, 139.64, 4
2026/10/03 02:06:27.374, 20117, 21, 2850, 139.64, 4
2026/10/03 02:06:27.424, 20117, 21, 2850, 139.64, 4
2026/10/03 02:06:27.475, 20117, 21, 2850, 139.64, 4
2026/10/03 02:06:27.525, 20117, 21, 2850, 139.64, 4
2026/10/03 02:06:27.575, 20117, 21, 2850, 139.64, 4
2026/10/03 02:06:27.625, 20117, 21, 2812, 148.89, 4
2026/10/03 02:06:27.676, 20117, 21, 2812, 148.89, 4
2026/10/03 02:06:27.726, 20117, 21, 2812, 148.89, 4
2026/10/03 02:06:27.776, 20117, 21, 2812, 148.89, 4
2026/10/03 02:06:27.826, 20117, 21, 2812, 148.89, 4
2026/10/03 02:06:27.876, 20117, 21, 2812, 148.89, 4
2026/10/03 02:06:27.927, 20117, 21, 2812, 148.89, 4
2026/10/03 02:06:27.977, 20117, 21, 2812, 148.89, 4
2026/10/03 02:06:28.027, 20117, 21, 2812, 148.89, 4
2026/10/03 02:06:28.077, 20117, 21, 2812, 148.89, 4
2026/10/03 02:06:28.127, 20117, 26, 2842, 133.75, 4
2026/10/03 02:06:28.178, 20117, 26, 2842, 133.75, 4
2026/10/03 02:06:28.228, 20117, 26, 2842, 133.75, 4
2026/10/03 02:06:28.278, 20117, 26, 2842, 133.75, 4
2026/10/03 02:06:28.328, 20117, 26, 2842, 133.75, 4
2026/10/03 02:06:28.379, 20117, 26, 2842, 133.75, 4
2026/10/03 02:06:28.429, 20117, 26, 2842, 133.75, 4
2026/10/03 02:06:28.479, 20117, 26, 2842, 133.75, 4
2026/10/03 02:06:28.529, 20117, 26, 2842, 133.75, 4
2026/10/03 02:06:28.579, 20117, 26, 2842, 133.75, 4
2026/10/03 02:06:28.630, 20117, 26, 2797, 149.55, 4
2026/10/03 02:06:28.680, 20117, 26, 2797, 149.55, 4
2026/10/03 02:06:28.730, 20117, 26, 2797, 149.55, 4
2026/10/03 02:06:28.780, 20117, 26, 2797, 149.55, 4
2026/10/03 02:06:28.830, 20117, 26, 2797, 149.55, 4
2026/10/03 02:06:28.881, 20117, 26, 2797, 149.55, 4
2026/10/03 02:06:28.931, 20117, 26, 2797, 149.55, 4
2026/10/03 02:06:28.981, 20117, 26, 2797, 149.55, 4
2026/10/03 02:06:29.031, 20117, 26, 2797, 149.55, 4
2026/10/03 02:06:29.082, 20117, 26, 2797, 149.55, 4
2026/10/03 02:06:29.132, 20117, 22, 2850, 138.55, 4
2026/10/03 02:06:29.182, 20117, 22, 2850, 138.55, 4
2026/10/03 02:06:29.232, 20117, 22, 2850, 138.55, 4
2026/10/03 02:06:29.282, 20117, 22, 2850, 138.55, 4
2026/10/03 02:06:29.332, 20117, 22, 2850, 138.55, 4
2026/10/03 02:06:29.383, 20117, 22, 2850, 138.55, 4
2026/10/03 02:06:29.433, 20117, 22, 2850, 138.55, 4
2026/10/03 02:06:29.483, 20117, 22, 2850, 138.55, 4
2026/10/03 02:06:29.533, 20117, 22, 2850, 138.55, 4
2026/10/03 02:06:29.583, 20117, 22, 2850, 138.55, 4
2026/10/03 02:06:29.634, 20117, 22, 2805, 147.80, 4
2026/10/03 02:06:29.684, 20117, 22, 2805, 147.80, 4
2026/10/03 02:06:29.734, 20117, 22, 2805, 147.80, 4
2026/10/03 02:06:29.784, 20117, 22, 2805, 147.80, 4
2026/10/03 02:06:29.835, 20117, 22, 2805, 147.80, 4
2026/10/03 02:06:29.885, 20117, 22, 2805, 147.80, 4
2026/10/03 02:06:29.935, 20117, 22, 2805, 147.80, 4
2026/10/03 02:06:29.985, 20117, 22, 2805, 147.80, 4
2026/10/03 02:06:30.036, 20117, 22, 2805, 147.80, 4
2026/10/03 02:06:30.086, 20117, 20, 2842, 134.60, 4
2026/10/03 02:06:30.136, 20117, 20, 2842, 134.60, 4
2026/10/03 02:06:30.186, 20117, 20, 2842, 134.60, 4
2026/10/03 02:06:30.236, 20117, 20, 2842, 134.60, 4
2026/10/03 02:06:30.287, 20117, 20, 2842, 134.60, 4
2026/10/03 02:06:30.337, 20117, 20, 2842, 134.60, 4
2026/10/03 02:06:30.387, 20117, 20, 2842, 134.60, 4
2026/10/03 02:06:30.437, 20117, 20, 2842, 134.60, 4
2026/10/03 02:06:30.488, 20117, 20, 2842, 134.60, 4
2026/10/03 02:06:30.538, 20117, 20, 2842, 134.60, 4
2026/10/03 02:06:30.588, 20117, 20, 2805, 140.37, 4
2026/10/03 02:06:30.638, 20117, 20, 2805, 140.37, 4
2026/10/03 02:06:30.688, 20117, 20, 2805, 140.37, 4
2026/10/03 02:06:30.739, 20117, 20, 2805, 140.37, 4
2026/10/03 02:06:30.789, 20117, 20, 2805, 140.37, 4
2026/10/03 02:06:30.839, 20117, 20, 2805, 140.37, 4
2026/10/03 02:06:30.889, 20117, 20, 2805, 140.37, 4
2026/10/03 02:06:30.939, 20117, 20, 2805, 140.37, 4
2026/10/03 02:06:30.990, 20117, 20, 2805, 140.37, 4
2026/10/03 02:06:31.040, 20117, 20, 2805, 140.37, 4
2026/10/03 02:06:31.090, 20117, 26, 2850, 138.78, 4
2026/10/03 02:06:31.140, 20117, 26, 2850, 138.78, 4
2026/10/03 02:06:31.191, 20117, 26, 2850, 138.78, 4
2026/10/03 02:06:31.241, 20117, 26, 2850, 138.78, 4
2026/10/03 02:06:31.291, 20117, 26, 2850, 138.78, 4
2026/10/03 02:06:31.341, 20117, 26, 2850, 138.78, 4
2026/10/03 02:06:31.391, 20117, 26, 2850, 138.78, 4
2026/10/03 02:06:31.442, 20117, 26, 2850, 138.78, 4
2026/10/03 02:06:31.492, 20117, 26, 2850, 138.78, 4
2026/10/03 02:06:31.542, 20117, 26, 2850, 138.78, 4
2026/10/03 02:06:31.592, 20117, 26, 2797, 128.07, 4
2026/10/03 02:06:31.643, 20117, 26, 2797, 128.07, 4
2026/10/03 02:06:31.693, 20117, 26, 2797, 128.07, 4
2026/10/03 02:06:31.743, 20117, 26, 2797, 128.07, 4
2026/10/03 02:06:31.793, 20117, 26, 2797, 128.07, 4
2026/10/03 02:06:31.843, 20117, 26, 2797, 128.07, 4
2026/10/03 02:06:31.894, 20117, 26, 2797, 128.07, 4
2026/10/03 02:06:31.944, 20117, 26, 2797, 128.07, 4
2026/10/03 02:06:31.994, 20117, 26, 2797, 128.07, 4
2026/10/03 02:06:32.044, 20117, 26, 2797, 128.07, 4
2026/10/03 02:06:32.094, 20117, 25, 2835, 139.70, 4
2026/10/03 02:06:32.145, 20117, 25, 2835, 139.70, 4
2026/10/03 02:06:32.195, 20117, 25, 2835, 139.70, 4
2026/10/03 02:06:32.245, 20117, 25, 2835, 139.70, 4
2026/10/03 02:06:32.295, 20117, 25, 2835, 139.70, 4
2026/10/03 02:06:32.346, 20117, 25, 2835, 139.70, 4
2026/10/03 02:06:32.396, 20117, 25, 2835, 139.70, 4
2026/10/03 02:06:32.446, 20117, 25, 2835, 139.70, 4
2026/10/03 02:06:32.496, 20117, 25, 2835, 139.70, 4
2026/10/03 02:06:32.546, 20117, 25, 2835, 139.70, 4
2026/10/03 02:06:32.597, 20117, 25, 2820, 133.99, 4
2026/10/03 02:06:32.647, 20117, 25, 2820, 133.99, 4
2026/10/03 02:06:32.697, 20117, 25, 2820, 133.99, 4
2026/10/03 02:06:32.747, 20117, 25, 2820, 133.99, 4
2026/10/03 02:06:32.797, 20117, 25, 2820, 133.99, 4
2026/10/03 02:06:32.848, 20117, 25, 2820, 133.99, 4
2026/10/03 02:06:32.898, 20117, 25, 2820, 133.99, 4
2026/10/03 02:06:32.948, 20117, 25, 2820, 133.99, 4
2026/10/03 02:06:32.998, 20117, 25, 2820, 133.99, 4
2026/10/03 02:06:33.049, 20117, 25, 2820, 133.99, 4
2026/10/03 02:06:33.099, 20117, 24, 2805, 144.02, 4
2026/10/03 02:06:33.149, 20117, 24, 2805, 144.02, 4
2026/10/03 02:06:33.199, 20117, 24, 2805, 144.02, 4
2026/10/03 02:06:33.249, 20117, 24, 2805, 144.02, 4
2026/10/03 02:06:33.300, 20117, 24, 2805, 144.02, 4
2026/10/03 02:06:33.350, 20117, 24, 2805, 144.02, 4
2026/10/03 02:06:33.400, 20117, 24, 2805, 144.02, 4
2026/10/03 02:06:33.450, 20117, 24, 2805, 144.02, 4
2026/10/03 02:06:33.500, 20117, 24, 2805, 144.02, 4
2026/10/03 02:06:33.551, 20117, 24, 2805, 144.02, 4
2026/10/03 02:06:33.601, 20117, 24, 2835, 135.53, 4
2026/10/03 02:06:33.651, 20117, 24, 2835, 135.53, 4
2026/10/03 02:06:33.701, 20117, 24, 2835, 135.53, 4
2026/10/03 02:06:33.752, 20117, 24, 2835, 135.53, 4
2026/10/03 02:06:33.802, 20117, 24, 2835, 135.53, 4
2026/10/03 02:06:33.852, 20117, 24, 2835, 135.53, 4
2026/10/03 02:06:33.902, 20117, 24, 2835, 135.53, 4
2026/10/03 02:06:33.952, 20117, 24, 2835, 135.53, 4
2026/10/03 02:06:34.003, 20117, 24, 2835, 135.53, 4
2026/10/03 02:06:34.053, 20117, 24, 2835, 135.53, 4
2026/10/03 02:06:34.103, 20117, 25, 2835, 133.52, 4
2026/10/03 02:06:34.154, 20117, 25, 2835, 133.52, 4
2026/10/03 02:06:34.204, 20117, 25, 2835, 133.52, 4
2026/10/03 02:06:34.255, 20117, 25, 2835, 133.52, 4
2026/10/03 02:06:34.305, 20117, 25, 2835, 133.52, 4
2026/10/03 02:06:34.355, 20117, 25, 2835, 133.52, 4
2026/10/03 02:06:34.405, 20117, 25, 2835, 133.52, 4
2026/10/03 02:06:34.455, 20117, 25, 2835, 133.52, 4
2026/10/03 02:06:34.506, 20117, 25, 2835, 133.52, 4
2026/10/03 02:06:34.556, 20117, 25, 2835, 133.52, 4
2026/10/03 02:06:34.606, 20117, 25, 2850, 135.82, 4
2026/10/03 02:06:34.656, 20117, 25, 2850, 135.82, 4
2026/10/03 02:06:34.706, 20117, 25, 2850, 135.82, 4
2026/10/03 02:06:34.758, 20117, 25, 2850, 135.82, 4
2026/10/03 02:06:34.808, 20117, 25, 2850, 135.82, 4
2026/10/03 02:06:34.862, 20117, 25, 2850, 135.82, 4
2026/10/03 02:06:34.912, 20117, 25, 2850, 135.82, 4
2026/10/03 02:06:34.962, 20117, 25, 2850, 135.82, 4
2026/10/03 02:06:35.013, 20117, 25, 2850, 135.82, 4
2026/10/03 02:06:35.063, 20117, 25, 2850, 135.82, 4
2026/10/03 02:06:35.113, 20117, 25, 2820, 150.35, 4
2026/10/03 02:06:35.163, 20117, 25, 2820, 150.35, 4
2026/10/03 02:06:35.213, 20117, 25, 2820, 150.35, 4
2026/10/03 02:06:35.264, 20117, 25, 2820, 150.35, 4
2026/10/03 02:06:35.314, 20117, 25, 2820, 150.35, 4
2026/10/03 02:06:35.364, 20117, 25, 2820, 150.35, 4
2026/10/03 02:06:35.414, 20117, 25, 2820, 150.35, 4
2026/10/03 02:06:35.465, 20117, 25, 2820, 150.35, 4
2026/10/03 02:06:35.515, 20117, 25, 2820, 150.35, 4
2026/10/03 02:06:35.565, 20117, 25, 2820, 150.35, 4
2026/10/03 02:06:35.615, 20117, 25, 2820, 146.02, 4
2026/10/03 02:06:35.665, 20117, 25, 2820, 146.02, 4
2026/10/03 02:06:35.716, 20117, 25, 2820, 146.02, 4
2026/10/03 02:06:35.766, 20117, 25, 2820, 146.02, 4
2026/10/03 02:06:35.816, 20117, 25, 2820, 146.02, 4
2026/10/03 02:06:35.866, 20117, 25, 2820, 146.02, 4
2026/10/03 02:06:35.916, 20117, 25, 2820, 146.02, 4
2026/10/03 02:06:35.967, 20117, 25, 2820, 146.02, 4
2026/10/03 02:06:36.017, 20117, 25, 2820, 146.02, 4
2026/10/03 02:06:36.067, 20117, 25, 2820, 146.02, 4
2026/10/03 02:06:36.117, 20117, 24, 2820, 98.51, 4
2026/10/03 02:06:36.167, 20117, 24, 2820, 98.51, 4
2026/10/03 02:06:36.217, 20117, 24, 2820, 98.51, 4
2026/10/03 02:06:36.268, 20117, 24, 2820, 98.51, 4
2026/10/03 02:06:36.318, 20117, 24, 2820, 98.51, 4
2026/10/03 02:06:36.368, 20117, 24, 2820, 98.51, 4
2026/10/03 02:06:36.418, 20117, 24, 2820, 98.51, 4
2026/10/03 02:06:36.468, 20117, 24, 2820, 98.51, 4
2026/10/03 02:06:36.519, 20117, 24, 2820, 98.51, 4
2026/10/03 02:06:36.569, 20117, 24, 2820, 98.51, 4
2026/10/03 02:06:36.619, 20117, 24, 2850, 137.45, 4
2026/10/03 02:06:36.669, 20117, 24, 2850, 137.45, 4
2026/10/03 02:06:36.719, 20117, 24, 2850, 137.45, 4
2026/10/03 02:06:36.770, 20117, 24, 2850, 137.45, 4
2026/10/03 02:06:36.820, 20117, 24, 2850, 137.45, 4
2026/10/03 02:06:36.870, 20117, 24, 2850, 137.45, 4
2026/10/03 02:06:36.920, 20117, 24, 2850, 137.45, 4
2026/10/03 02:06:36.970, 20117, 24, 2850, 137.45, 4
2026/10/03 02:06:37.021, 20117, 24, 2850, 137.45, 4
2026/10/03 02:06:37.071, 20117, 24, 2850, 137.45, 4
2026/10/03 02:06:37.126, 20117, 26, 2812, 150.13, 4
2026/10/03 02:06:37.176, 20117, 26, 2812, 150.13, 4
2026/10/03 02:06:37.226, 20117, 26, 2812, 150.13, 4
2026/10/03 02:06:37.276, 20117, 26, 2812, 150.13, 4
2026/10/03 02:06:37.327, 20117, 26, 2812, 150.13, 4
2026/10/03 02:06:37.377, 20117, 26, 2812, 150.13, 4
2026/10/03 02:06:37.427, 20117, 26, 2812, 150.13, 4
2026/10/03 02:06:37.477, 20117, 26, 2812, 150.13, 4
2026/10/03 02:06:37.528, 20117, 26, 2812, 150.13, 4
2026/10/03 02:06:37.578, 20117, 26, 2812, 150.13, 4
2026/10/03 02:06:37.628, 20117, 26, 2842, 132.65, 4
2026/10/03 02:06:37.678, 20117, 26, 2842, 132.65, 4
2026/10/03 02:06:37.728, 20117, 26, 2842, 132.65, 4
2026/10/03 02:06:37.778, 20117, 26, 2842, 132.65, 4
2026/10/03 02:06:37.829, 20117, 26, 2842, 132.65, 4
2026/10/03 02:06:37.879, 20117, 26, 2842, 132.65, 4
2026/10/03 02:06:37.929, 20117, 26, 2842, 132.65, 4
2026/10/03 02:06:37.979, 20117, 26, 2842, 132.65, 4
2026/10/03 02:06:38.029, 20117, 26, 2842, 132.65, 4
2026/10/03 02:06:38.080, 20117, 26, 2842, 132.65, 4
2026/10/03 02:06:38.130, 20117, 21, 2842, 134.08, 4
2026/10/03 02:06:38.180, 20117, 21, 2842, 134.08, 4
2026/10/03 02:06:38.231, 20117, 21, 2842, 134.08, 4
2026/10/03 02:06:38.281, 20117, 21, 2842, 134.08, 4
2026/10/03 02:06:38.331, 20117, 21, 2842, 134.08, 4
2026/10/03 02:06:38.381, 20117, 21, 2842, 134.08, 4
2026/10/03 02:06:38.431, 20117, 21, 2842, 134.08, 4
2026/10/03 02:06:38.482, 20117, 21, 2842, 134.08, 4
2026/10/03 02:06:38.532, 20117, 21, 2842, 134.08, 4
2026/10/03 02:06:38.582, 20117, 21, 2842, 134.08, 4
2026/10/03 02:06:38.632, 20117, 21, 2820, 145.98, 4
2026/10/03 02:06:38.682, 20117, 21, 2820, 145.98, 4
2026/10/03 02:06:38.733, 20117, 21, 2820, 145.98, 4
2026/10/03 02:06:38.783, 20117, 21, 2820, 145.98, 4
2026/10/03 02:06:38.833, 20117, 21, 2820, 145.98, 4
2026/10/03 02:06:38.883, 20117, 21, 2820, 145.98, 4
2026/10/03 02:06:38.933, 20117, 21, 2820, 145.98, 4
2026/10/03 02:06:38.984, 20117, 21, 2820, 145.98, 4
2026/10/03 02:06:39.034, 20117, 21, 2820, 145.98, 4
2026/10/03 02:06:39.084, 20117, 21, 2820, 145.98, 4
2026/10/03 02:06:39.134, 20117, 23, 2805, 125.30, 4
2026/10/03 02:06:39.184, 20117, 23, 2805, 125.30, 4
2026/10/03 02:06:39.234, 20117, 23, 2805, 125.30, 4
2026/10/03 02:06:39.285, 20117, 23, 2805, 125.30, 4
2026/10/03 02:06:39.335, 20117, 23, 2805, 125.30, 4
2026/10/03 02:06:39.385, 20117, 23, 2805, 125.30, 4
2026/10/03 02:06:39.435, 20117, 23, 2805, 125.30, 4
2026/10/03 02:06:39.485, 20117, 23, 2805, 125.30, 4
2026/10/03 02:06:39.536, 20117, 23, 2805, 125.30, 4
2026/10/03 02:06:39.586, 20117, 23, 2835, 143.25, 4
2026/10/03 02:06:39.636, 20117, 23, 2835, 143.25, 4
2026/10/03 02:06:39.686, 20117, 23, 2835, 143.25, 4
2026/10/03 02:06:39.736, 20117, 23, 2835, 143.25, 4
2026/10/03 02:06:39.787, 20117, 23, 2835, 143.25, 4
2026/10/03 02:06:39.837, 20117, 23, 2835, 143.25, 4
2026/10/03 02:06:39.887, 20117, 23, 2835, 143.25, 4
2026/10/03 02:06:39.937, 20117, 23, 2835, 143.25, 4
2026/10/03 02:06:39.987, 20117, 23, 2835, 143.25, 4
2026/10/03 02:06:40.037, 20117, 23, 2835, 143.25, 4
2026/10/03 02:06:40.088, 20117, 22, 2812, 144.13, 4
2026/10/03 02:06:40.138, 20117, 22, 2812, 144.13, 4
2026/10/03 02:06:40.188, 20117, 22, 2812, 144.13, 4
2026/10/03 02:06:40.238, 20117, 22, 2812, 144.13, 4
2026/10/03 02:06:40.288, 20117, 22, 2812, 144.13, 4
2026/10/03 02:06:40.338, 20117, 22, 2812, 144.13, 4
2026/10/03 02:06:40.388, 20117, 22, 2812, 144.13, 4
2026/10/03 02:06:40.439, 20117, 22, 2812, 144.13, 4
2026/10/03 02:06:40.489, 20117, 22, 2812, 144.13, 4
2026/10/03 02:06:40.539, 20117, 22, 2812, 144.13, 4
2026/10/03 02:06:40.589, 20117, 22, 2812, 149.02, 4
2026/10/03 02:06:40.639, 20117, 22, 2812, 149.02, 4
2026/10/03 02:06:40.689, 20117, 22, 2812, 149.02, 4
2026/10/03 02:06:40.740, 20117, 22, 2812, 149.02, 4
2026/10/03 02:06:40.790, 20117, 22, 2812, 149.02, 4
2026/10/03 02:06:40.840, 20117, 22, 2812, 149.02, 4
2026/10/03 02:06:40.890, 20117, 22, 2812, 149.02, 4
2026/10/03 02:06:40.941, 20117, 22, 2812, 149.02, 4
2026/10/03 02:06:40.991, 20117, 22, 2812, 149.02, 4
2026/10/03 02:06:41.041, 20117, 22, 2812, 149.02, 4
2026/10/03 02:06:41.091, 20117, 25, 2880, 137.05, 4
2026/10/03 02:06:41.141, 20117, 25, 2880, 137.05, 4
2026/10/03 02:06:41.191, 20117, 25, 2880, 137.05, 4
2026/10/03 02:06:41.242, 20117, 25, 2880, 137.05, 4
2026/10/03 02:06:41.292, 20117, 25, 2880, 137.05, 4
2026/10/03 02:06:41.342, 20117, 25, 2880, 137.05, 4
2026/10/03 02:06:41.392, 20117, 25, 2880, 137.05, 4
2026/10/03 02:06:41.443, 20117, 25, 2880, 137.05, 4
2026/10/03 02:06:41.493, 20117, 25, 2880, 137.05, 4
2026/10/03 02:06:41.543, 20117, 25, 2880, 137.05, 4
2026/10/03 02:06:41.593, 20117, 25, 2835, 148.81, 4
2026/10/03 02:06:41.643, 20117, 25, 2835, 148.81, 4
2026/10/03 02:06:41.694, 20117, 25, 2835, 148.81, 4
2026/10/03 02:06:41.744, 20117, 25, 2835, 148.81, 4
2026/10/03 02:06:41.794, 20117, 25, 2835, 148.81, 4
2026/10/03 02:06:41.844, 20117, 25, 2835, 148.81, 4
2026/10/03 02:06:41.894, 20117, 25, 2835, 148.81, 4
2026/10/03 02:06:41.944, 20117, 25, 2835, 148.81, 4
2026/10/03 02:06:41.995, 20117, 25, 2835, 148.81, 4
2026/10/03 02:06:42.045, 20117, 25, 2835, 148.81, 4
2026/10/03 02:06:42.095, 20117, 24, 2827, 137.32, 4
2026/10/03 02:06:42.145, 20117, 24, 2827, 137.32, 4
2026/10/03 02:06:42.195, 20117, 24, 2827, 137.32, 4
2026/10/03 02:06:42.246, 20117, 24, 2827, 137.32, 4
2026/10/03 02:06:42.296, 20117, 24, 2827, 137.32, 4
2026/10/03 02:06:42.346, 20117, 24, 2827, 137.32, 4
2026/10/03 02:06:42.396, 20117, 24, 2827, 137.32, 4
2026/10/03 02:06:42.446, 20117, 24, 2827, 137.32, 4
2026/10/03 02:06:42.497, 20117, 24, 2827, 137.32, 4
2026/10/03 02:06:42.547, 20117, 24, 2827, 137.32, 4
2026/10/03 02:06:42.597, 20117, 24, 2835, 147.52, 4
2026/10/03 02:06:42.647, 20117, 24, 2835, 147.52, 4
2026/10/03 02:06:42.697, 20117, 24, 2835, 147.52, 4
2026/10/03 02:06:42.748, 20117, 24, 2835, 147.52, 4
2026/10/03 02:06:42.798, 20117, 24, 2835, 147.52, 4
2026/10/03 02:06:42.848, 20117, 24, 2835, 147.52, 4
2026/10/03 02:06:42.898, 20117, 24, 2835, 147.52, 4
2026/10/03 02:06:42.948, 20117, 24, 2835, 147.52, 4
2026/10/03 02:06:42.999, 20117, 24, 2835, 147.52, 4
2026/10/03 02:06:43.049, 20117, 24, 2835, 147.52, 4
2026/10/03 02:06:43.099, 20117, 25, 2812, 133.67, 4
2026/10/03 02:06:43.149, 20117, 25, 2812, 133.67, 4
2026/10/03 02:06:43.199, 20117, 25, 2812, 133.67, 4
2026/10/03 02:06:43.250, 20117, 25, 2812, 133.67, 4
2026/10/03 02:06:43.300, 20117, 25, 2812, 133.67, 4
2026/10/03 02:06:43.350, 20117, 25, 2812, 133.67, 4
2026/10/03 02:06:43.400, 20117, 25, 2812, 133.67, 4
2026/10/03 02:06:43.450, 20117, 25, 2812, 133.67, 4
2026/10/03 02:06:43.501, 20117, 25, 2812, 133.67, 4
2026/10/03 02:06:43.551, 20117, 25, 2812, 133.67, 4
2026/10/03 02:06:43.601, 20117, 25, 2835, 148.16, 4
2026/10/03 02:06:43.651, 20117, 25, 2835, 148.16, 4
2026/10/03 02:06:43.701, 20117, 25, 2835, 148.16, 4
2026/10/03 02:06:43.752, 20117, 25, 2835, 148.16, 4
2026/10/03 02:06:43.802, 20117, 25, 2835, 148.16, 4
2026/10/03 02:06:43.852, 20117, 25, 2835, 148.16, 4
2026/10/03 02:06:43.902, 20117, 25, 2835, 148.16, 4
2026/10/03 02:06:43.952, 20117, 25, 2835, 148.16, 4
2026/10/03 02:06:44.003, 20117, 25, 2835, 148.16, 4
2026/10/03 02:06:44.053, 20117, 25, 2835, 148.16, 4
2026/10/03 02:06:44.103, 20117, 24, 2820, 136.86, 4
2026/10/03 02:06:44.153, 20117, 24, 2820, 136.86, 4
2026/10/03 02:06:44.203, 20117, 24, 2820, 136.86, 4
2026/10/03 02:06:44.254, 20117, 24, 2820, 136.86, 4
2026/10/03 02:06:44.304, 20117, 24, 2820, 136.86, 4
2026/10/03 02:06:44.354, 20117, 24, 2820, 136.86, 4
2026/10/03 02:06:44.404, 20117, 24, 2820, 136.86, 4
2026/10/03 02:06:44.454, 20117, 24, 2820, 136.86, 4
2026/10/03 02:06:44.504, 20117, 24, 2820, 136.86, 4
2026/10/03 02:06:44.555, 20117, 24, 2820, 136.86, 4
2026/10/03 02:06:44.605, 20117, 24, 2820, 145.50, 4
2026/10/03 02:06:44.655, 20117, 24, 2820, 145.50, 4
2026/10/03 02:06:44.705, 20117, 24, 2820, 145.50, 4
2026/10/03 02:06:44.755, 20117, 24, 2820, 145.50, 4
2026/10/03 02:06:44.806, 20117, 24, 2820, 145.50, 4
2026/10/03 02:06:44.856, 20117, 24, 2820, 145.50, 4
2026/10/03 02:06:44.906, 20117, 24, 2820, 145.50, 4
2026/10/03 02:06:44.956, 20117, 24, 2820, 145.50, 4
2026/10/03 02:06:45.006, 20117, 24, 2820, 145.50, 4
2026/10/03 02:06:45.057, 20117, 24, 2820, 145.50, 4
2026/10/03 02:06:45.107, 20117, 24, 2842, 131.81, 4
2026/10/03 02:06:45.157, 20117, 24, 2842, 131.81, 4
2026/10/03 02:06:45.207, 20117, 24, 2842, 131.81, 4
2026/10/03 02:06:45.257, 20117, 24, 2842, 131.81, 4
2026/10/03 02:06:45.307, 20117, 24, 2842, 131.81, 4
2026/10/03 02:06:45.358, 20117, 24, 2842, 131.81, 4
2026/10/03 02:06:45.408, 20117, 24, 2842, 131.81, 4
2026/10/03 02:06:45.458, 20117, 24, 2842, 131.81, 4
2026/10/03 02:06:45.508, 20117, 24, 2842, 131.81, 4
2026/10/03 02:06:45.559, 20117, 24, 2842, 131.81, 4
2026/10/03 02:06:45.609, 20117, 24, 2850, 142.56, 4
2026/10/03 02:06:45.659, 20117, 24, 2850, 142.56, 4
2026/10/03 02:06:45.709, 20117, 24, 2850, 142.56, 4
2026/10/03 02:06:45.759, 20117, 24, 2850, 142.56, 4
2026/10/03 02:06:45.809, 20117, 24, 2850, 142.56, 4
2026/10/03 02:06:45.860, 20117, 24, 2850, 142.56, 4
2026/10/03 02:06:45.910, 20117, 24, 2850, 142.56, 4
2026/10/03 02:06:45.960, 20117, 24, 2850, 142.56, 4
2026/10/03 02:06:46.010, 20117, 24, 2850, 142.56, 4
2026/10/03 02:06:46.060, 20117, 24, 2850, 142.56, 4
2026/10/03 02:06:46.111, 20117, 25, 2827, 152.13, 4
2026/10/03 02:06:46.161, 20117, 25, 2827, 152.13, 4
2026/10/03 02:06:46.211, 20117, 25, 2827, 152.13, 4
2026/10/03 02:06:46.261, 20117, 25, 2827, 152.13, 4
2026/10/03 02:06:46.311, 20117, 25, 2827, 152.13, 4
2026/10/03 02:06:46.362, 20117, 25, 2827, 152.13, 4
2026/10/03 02:06:46.412, 20117, 25, 2827, 152.13, 4
2026/10/03 02:06:46.462, 20117, 25, 2827, 152.13, 4
2026/10/03 02:06:46.512, 20117, 25, 2827, 152.13, 4
2026/10/03 02:06:46.562, 20117, 25, 2827, 152.13, 4
2026/10/03 02:06:46.612, 20117, 25, 2812, 145.93, 4
2026/10/03 02:06:46.663, 20117, 25, 2812, 145.93, 4
2026/10/03 02:06:46.713, 20117, 25, 2812, 145.93, 4
2026/10/03 02:06:46.763, 20117, 25, 2812, 145.93, 4
2026/10/03 02:06:46.813, 20117, 25, 2812, 145.93, 4
2026/10/03 02:06:46.863, 20117, 25, 2812, 145.93, 4
2026/10/03 02:06:46.914, 20117, 25, 2812, 145.93, 4
2026/10/03 02:06:46.964, 20117, 25, 2812, 145.93, 4
2026/10/03 02:06:47.014, 20117, 25, 2812, 145.93, 4
2026/10/03 02:06:47.064, 20117, 25, 2812, 145.93, 4
2026/10/03 02:06:47.114, 20117, 23, 2820, 125.68, 4
2026/10/03 02:06:47.165, 20117, 23, 2820, 125.68, 4
2026/10/03 02:06:47.215, 20117, 23, 2820, 125.68, 4
2026/10/03 02:06:47.265, 20117, 23, 2820, 125.68, 4
2026/10/03 02:06:47.315, 20117, 23, 2820, 125.68, 4
2026/10/03 02:06:47.365, 20117, 23, 2820, 125.68, 4
2026/10/03 02:06:47.416, 20117, 23, 2820, 125.68, 4
2026/10/03 02:06:47.466, 20117, 23, 2820, 125.68, 4
2026/10/03 02:06:47.516, 20117, 23, 2820, 125.68, 4
2026/10/03 02:06:47.566, 20117, 23, 2820, 125.68, 4
2026/10/03 02:06:47.616, 20117, 23, 2835, 129.81, 4
2026/10/03 02:06:47.666, 20117, 23, 2835, 129.81, 4
2026/10/03 02:06:47.717, 20117, 23, 2835, 129.81, 4
2026/10/03 02:06:47.767, 20117, 23, 2835, 129.81, 4
2026/10/03 02:06:47.817, 20117, 23, 2835, 129.81, 4
2026/10/03 02:06:47.867, 20117, 23, 2835, 129.81, 4
2026/10/03 02:06:47.917, 20117, 23, 2835, 129.81, 4
2026/10/03 02:06:47.968, 20117, 23, 2835, 129.81, 4
2026/10/03 02:06:48.018, 20117, 23, 2835, 129.81, 4
2026/10/03 02:06:48.068, 20117, 23, 2835, 129.81, 4
2026/10/03 02:06:48.118, 20117, 24, 2820, 149.70, 4
2026/10/03 02:06:48.169, 20117, 24, 2820, 149.70, 4
2026/10/03 02:06:48.219, 20117, 24, 2820, 149.70, 4
2026/10/03 02:06:48.269, 20117, 24, 2820, 149.70, 4
2026/10/03 02:06:48.319, 20117, 24, 2820, 149.70, 4
2026/10/03 02:06:48.369, 20117, 24, 2820, 149.70, 4
2026/10/03 02:06:48.420, 20117, 24, 2820, 149.70, 4
2026/10/03 02:06:48.470, 20117, 24, 2820, 149.70, 4
2026/10/03 02:06:48.520, 20117, 24, 2820, 149.70, 4
2026/10/03 02:06:48.570, 20117, 24, 2820, 149.70, 4
2026/10/03 02:06:48.620, 20117, 24, 2812, 134.99, 4
2026/10/03 02:06:48.671, 20117, 24, 2812, 134.99, 4
2026/10/03 02:06:48.721, 20117, 24, 2812, 134.99, 4
2026/10/03 02:06:48.771, 20117, 24, 2812, 134.99, 4
2026/10/03 02:06:48.821, 20117, 24, 2812, 134.99, 4
2026/10/03 02:06:48.871, 20117, 24, 2812, 134.99, 4
2026/10/03 02:06:48.922, 20117, 24, 2812, 134.99, 4
2026/10/03 02:06:48.972, 20117, 24, 2812, 134.99, 4
2026/10/03 02:06:49.022, 20117, 24, 2812, 134.99, 4
2026/10/03 02:06:49.072, 20117, 24, 2812, 134.99, 4
2026/10/03 02:06:49.122, 20117, 20, 2842, 134.28, 4
2026/10/03 02:06:49.172, 20117, 20, 2842, 134.28, 4
2026/10/03 02:06:49.223, 20117, 20, 2842, 134.28, 4
2026/10/03 02:06:49.273, 20117, 20, 2842, 134.28, 4
2026/10/03 02:06:49.323, 20117, 20, 2842, 134.28, 4
2026/10/03 02:06:49.373, 20117, 20, 2842, 134.28, 4
2026/10/03 02:06:49.424, 20117, 20, 2842, 134.28, 4
2026/10/03 02:06:49.474, 20117, 20, 2842, 134.28, 4
2026/10/03 02:06:49.524, 20117, 20, 2842, 134.28, 4
2026/10/03 02:06:49.574, 20117, 20, 2842, 134.28, 4
2026/10/03 02:06:49.624, 20117, 20, 2812, 150.17, 4
2026/10/03 02:06:49.675, 20117, 20, 2812, 150.17, 4
2026/10/03 02:06:49.725, 20117, 20, 2812, 150.17, 4
2026/10/03 02:06:49.775, 20117, 20, 2812, 150.17, 4
2026/10/03 02:06:49.825, 20117, 20, 2812, 150.17, 4
2026/10/03 02:06:49.875, 20117, 20, 2812, 150.17, 4
2026/10/03 02:06:49.926, 20117, 20, 2812, 150.17, 4
2026/10/03 02:06:49.976, 20117, 20, 2812, 150.17, 4
2026/10/03 02:06:50.026, 20117, 20, 2812, 150.17, 4
2026/10/03 02:06:50.076, 20117, 20, 2812, 150.17, 4
2026/10/03 02:06:50.126, 20117, 24, 2820, 135.38, 4
2026/10/03 02:06:50.176, 20117, 24, 2820, 135.38, 4
2026/10/03 02:06:50.227, 20117, 24, 2820, 135.38, 4
2026/10/03 02:06:50.277, 20117, 24, 2820, 135.38, 4
2026/10/03 02:06:50.327, 20117, 24, 2820, 135.38, 4
2026/10/03 02:06:50.377, 20117, 24, 2820, 135.38, 4
2026/10/03 02:06:50.428, 20117, 24, 2820, 135.38, 4
2026/10/03 02:06:50.478, 20117, 24, 2820, 135.38, 4
2026/10/03 02:06:50.528, 20117, 24, 2820, 135.38, 4
2026/10/03 02:06:50.578, 20117, 24, 2820, 135.38, 4
2026/10/03 02:06:50.628, 20117, 24, 2835, 156.19, 4
2026/10/03 02:06:50.679, 20117, 24, 2835, 156.19, 4
2026/10/03 02:06:50.729, 20117, 24, 2835, 156.19, 4
2026/10/03 02:06:50.779, 20117, 24, 2835, 156.19, 4
2026/10/03 02:06:50.829, 20117, 24, 2835, 156.19, 4
2026/10/03 02:06:50.879, 20117, 24, 2835, 156.19, 4
2026/10/03 02:06:50.929, 20117, 24, 2835, 156.19, 4
2026/10/03 02:06:50.980, 20117, 24, 2835, 156.19, 4
2026/10/03 02:06:51.030, 20117, 24, 2835, 156.19, 4
2026/10/03 02:06:51.080, 20117, 24, 2835, 156.19, 4
2026/10/03 02:06:51.130, 20117, 25, 2820, 147.11, 4
2026/10/03 02:06:51.180, 20117, 25, 2820, 147.11, 4
2026/10/03 02:06:51.231, 20117, 25, 2820, 147.11, 4
2026/10/03 02:06:51.281, 20117, 25, 2820, 147.11, 4
2026/10/03 02:06:51.331, 20117, 25, 2820, 147.11, 4
2026/10/03 02:06:51.381, 20117, 25, 2820, 147.11, 4
2026/10/03 02:06:51.431, 20117, 25, 2820, 147.11, 4
2026/10/03 02:06:51.482, 20117, 25, 2820, 147.11, 4
2026/10/03 02:06:51.532, 20117, 25, 2820, 147.11, 4
2026/10/03 02:06:51.582, 20117, 25, 2820, 147.11, 4
2026/10/03 02:06:51.632, 20117, 25, 2842, 136.96, 4
2026/10/03 02:06:51.682, 20117, 25, 2842, 136.96, 4
2026/10/03 02:06:51.733, 20117, 25, 2842, 136.96, 4
2026/10/03 02:06:51.783, 20117, 25, 2842, 136.96, 4
2026/10/03 02:06:51.833, 20117, 25, 2842, 136.96, 4
2026/10/03 02:06:51.883, 20117, 25, 2842, 136.96, 4
2026/10/03 02:06:51.933, 20117, 25, 2842, 136.96, 4
2026/10/03 02:06:51.984, 20117, 25, 2842, 136.96, 4
2026/10/03 02:06:52.034, 20117, 25, 2842, 136.96, 4
2026/10/03 02:06:52.084, 20117, 25, 2842, 136.96, 4
2026/10/03 02:06:52.134, 20117, 25, 2827, 150.94, 4
2026/10/03 02:06:52.184, 20117, 25, 2827, 150.94, 4
2026/10/03 02:06:52.235, 20117, 25, 2827, 150.94, 4
2026/10/03 02:06:52.285, 20117, 25, 2827, 150.94, 4
2026/10/03 02:06:52.335, 20117, 25, 2827, 150.94, 4
2026/10/03 02:06:52.385, 20117, 25, 2827, 150.94, 4
2026/10/03 02:06:52.435, 20117, 25, 2827, 150.94, 4
2026/10/03 02:06:52.486, 20117, 25, 2827, 150.94, 4
2026/10/03 02:06:52.536, 20117, 25, 2827, 150.94, 4
2026/10/03 02:06:52.586, 20117, 25, 2812, 150.94, 4
2026/10/03 02:06:52.636, 20117, 25, 2812, 133.10, 4
2026/10/03 02:06:52.686, 20117, 25, 2812, 133.10, 4
2026/10/03 02:06:52.737, 20117, 25, 2812, 133.10, 4
2026/10/03 02:06:52.787, 20117, 25, 2812, 133.10, 4
2026/10/03 02:06:52.837, 20117, 25, 2812, 133.10, 4
2026/10/03 02:06:52.887, 20117, 25, 2812, 133.10, 4
2026/10/03 02:06:52.937, 20117, 25, 2812, 133.10, 4
2026/10/03 02:06:52.988, 20117, 25, 2812, 133.10, 4
2026/10/03 02:06:53.038, 20117, 25, 2812, 133.10, 4
2026/10/03 02:06:53.088, 20117, 25, 2850, 149.55, 4
2026/10/03 02:06:53.138, 20117, 25, 2850, 149.55, 4
2026/10/03 02:06:53.188, 20117, 25, 2850, 149.55, 4
2026/10/03 02:06:53.239, 20117, 25, 2850, 149.55, 4
2026/10/03 02:06:53.289, 20117, 25, 2850, 149.55, 4
2026/10/03 02:06:53.339, 20117, 25, 2850, 149.55, 4
2026/10/03 02:06:53.389, 20117, 25, 2850, 149.55, 4
2026/10/03 02:06:53.439, 20117, 25, 2850, 149.55, 4
2026/10/03 02:06:53.490, 20117, 25, 2850, 149.55, 4
2026/10/03 02:06:53.540, 20117, 25, 2850, 149.55, 4
2026/10/03 02:06:53.590, 20117, 25, 2805, 127.24, 4
2026/10/03 02:06:53.640, 20117, 25, 2805, 127.24, 4
2026/10/03 02:06:53.690, 20117, 25, 2805, 127.24, 4
2026/10/03 02:06:53.740, 20117, 25, 2805, 127.24, 4
2026/10/03 02:06:53.791, 20117, 25, 2805, 127.24, 4
2026/10/03 02:06:53.841, 20117, 25, 2805, 127.24, 4
2026/10/03 02:06:53.891, 20117, 25, 2805, 127.24, 4
2026/10/03 02:06:53.941, 20117, 25, 2805, 127.24, 4
2026/10/03 02:06:53.992, 20117, 25, 2805, 127.24, 4
2026/10/03 02:06:54.042, 20117, 25, 2805, 127.24, 4
2026/10/03 02:06:54.092, 20117, 19, 2835, 136.47, 4
2026/10/03 02:06:54.142, 20117, 19, 2835, 136.47, 4
2026/10/03 02:06:54.192, 20117, 19, 2835, 136.47, 4
2026/10/03 02:06:54.243, 20117, 19, 2835, 136.47, 4
2026/10/03 02:06:54.293, 20117, 19, 2835, 136.47, 4
2026/10/03 02:06:54.343, 20117, 19, 2835, 136.47, 4
2026/10/03 02:06:54.393, 20117, 19, 2835, 136.47, 4
2026/10/03 02:06:54.443, 20117, 19, 2835, 136.47, 4
2026/10/03 02:06:54.494, 20117, 19, 2835, 136.47, 4
2026/10/03 02:06:54.544, 20117, 19, 2835, 136.47, 4
2026/10/03 02:06:54.594, 20117, 19, 2812, 149.88, 4
2026/10/03 02:06:54.644, 20117, 19, 2812, 149.88, 4
2026/10/03 02:06:54.694, 20117, 19, 2812, 149.88, 4
2026/10/03 02:06:54.745, 20117, 19, 2812, 149.88, 4
2026/10/03 02:06:54.795, 20117, 19, 2812, 149.88, 4
2026/10/03 02:06:54.845, 20117, 19, 2812, 149.88, 4
2026/10/03 02:06:54.895, 20117, 19, 2812, 149.88, 4
2026/10/03 02:06:54.945, 20117, 19, 2812, 149.88, 4
2026/10/03 02:06:54.996, 20117, 19, 2812, 149.88, 4
2026/10/03 02:06:55.046, 20117, 19, 2812, 149.88, 4
2026/10/03 02:06:55.096, 20117, 21, 2805, 126.67, 4
2026/10/03 02:06:55.146, 20117, 21, 2805, 126.67, 4
2026/10/03 02:06:55.196, 20117, 21, 2805, 126.67, 4
2026/10/03 02:06:55.246, 20117, 21, 2805, 126.67, 4
2026/10/03 02:06:55.297, 20117, 21, 2805, 126.67, 4
2026/10/03 02:06:55.347, 20117, 21, 2805, 126.67, 4
2026/10/03 02:06:55.397, 20117, 21, 2805, 126.67, 4
2026/10/03 02:06:55.447, 20117, 21, 2805, 126.67, 4
2026/10/03 02:06:55.497, 20117, 21, 2805, 126.67, 4
2026/10/03 02:06:55.549, 20117, 21, 2805, 126.67, 4
2026/10/03 02:06:55.599, 20117, 21, 2842, 128.49, 4
2026/10/03 02:06:55.650, 20117, 21, 2842, 128.49, 4
2026/10/03 02:06:55.701, 20117, 21, 2842, 128.49, 4
2026/10/03 02:06:55.751, 20117, 21, 2842, 128.49, 4
2026/10/03 02:06:55.801, 20117, 21, 2842, 128.49, 4
2026/10/03 02:06:55.852, 20117, 21, 2842, 128.49, 4
2026/10/03 02:06:55.902, 20117, 21, 2842, 128.49, 4
2026/10/03 02:06:55.953, 20117, 21, 2842, 128.49, 4
2026/10/03 02:06:56.003, 20117, 21, 2842, 128.49, 4
2026/10/03 02:06:56.054, 20117, 21, 2842, 128.49, 4
2026/10/03 02:06:56.104, 20117, 23, 2827, 152.21, 4
2026/10/03 02:06:56.158, 20117, 23, 2827, 152.21, 4
2026/10/03 02:06:56.208, 20117, 23, 2827, 152.21, 4
2026/10/03 02:06:56.258, 20117, 23, 2827, 152.21, 4
2026/10/03 02:06:56.309, 20117, 23, 2827, 152.21, 4
2026/10/03 02:06:56.359, 20117, 23, 2827, 152.21, 4
2026/10/03 02:06:56.409, 20117, 23, 2827, 152.21, 4
2026/10/03 02:06:56.459, 20117, 23, 2827, 152.21, 4
2026/10/03 02:06:56.509, 20117, 23, 2827, 152.21, 4
2026/10/03 02:06:56.559, 20117, 23, 2827, 152.21, 4
2026/10/03 02:06:56.610, 20117, 23, 2827, 149.10, 4
2026/10/03 02:06:56.660, 20117, 23, 2827, 149.10, 4
2026/10/03 02:06:56.710, 20117, 23, 2827, 149.10, 4
2026/10/03 02:06:56.761, 20117, 23, 2827, 149.10, 4
2026/10/03 02:06:56.811, 20117, 23, 2827, 149.10, 4
2026/10/03 02:06:56.861, 20117, 23, 2827, 149.10, 4
2026/10/03 02:06:56.911, 20117, 23, 2827, 149.10, 4
2026/10/03 02:06:56.961, 20117, 23, 2827, 149.10, 4
2026/10/03 02:06:57.011, 20117, 23, 2827, 149.10, 4
2026/10/03 02:06:57.062, 20117, 23, 2827, 149.10, 4
2026/10/03 02:06:57.112, 20117, 48, 2805, 118.68, 4
2026/10/03 02:06:57.162, 20117, 48, 2805, 118.68, 4
2026/10/03 02:06:57.213, 20117, 48, 2805, 118.68, 4
2026/10/03 02:06:57.263, 20117, 48, 2805, 118.68, 4
2026/10/03 02:06:57.313, 20117, 48, 2805, 118.68, 4
2026/10/03 02:06:57.363, 20117, 48, 2805, 118.68, 4
2026/10/03 02:06:57.414, 20117, 48, 2805, 118.68, 4
2026/10/03 02:06:57.464, 20117, 48, 2805, 118.68, 4
2026/10/03 02:06:57.514, 20117, 48, 2805, 118.68, 4
2026/10/03 02:06:57.564, 20117, 48, 2805, 118.68, 4
2026/10/03 02:06:57.614, 20117, 48, 3030, 146.05, 4
2026/10/03 02:06:57.664, 20117, 48, 3030, 146.05, 4
2026/10/03 02:06:57.715, 20117, 48, 3030, 146.05, 4
2026/10/03 02:06:57.765, 20117, 48, 3030, 146.05, 4
2026/10/03 02:06:57.815, 20117, 48, 3030, 146.05, 4
2026/10/03 02:06:57.865, 20117, 48, 3030, 146.05, 4
2026/10/03 02:06:57.916, 20117, 48, 3030, 146.05, 4
2026/10/03 02:06:57.966, 20117, 48, 3030, 146.05, 4
2026/10/03 02:06:58.016, 20117, 48, 3030, 146.05, 4
2026/10/03 02:06:58.066, 20117, 48, 3030, 146.05, 4
2026/10/03 02:06:58.117, 20117, 25, 3030, 156.22, 4
2026/10/03 02:06:58.167, 20117, 25, 3030, 156.22, 4
2026/10/03 02:06:58.217, 20117, 25, 3030, 156.22, 4
2026/10/03 02:06:58.268, 20117, 25, 3030, 156.22, 4
2026/10/03 02:06:58.318, 20117, 25, 3030, 156.22, 4
2026/10/03 02:06:58.368, 20117, 25, 3030, 156.22, 4
2026/10/03 02:06:58.418, 20117, 25, 3030, 156.22, 4
2026/10/03 02:06:58.468, 20117, 25, 3030, 156.22, 4
2026/10/03 02:06:58.518, 20117, 25, 3030, 156.22, 4
2026/10/03 02:06:58.569, 20117, 25, 3030, 156.22, 4
2026/10/03 02:06:58.619, 20117, 25, 3030, 140.80, 4
2026/10/03 02:06:58.669, 20117, 25, 3030, 140.80, 4
2026/10/03 02:06:58.719, 20117, 25, 3030, 140.80, 4
2026/10/03 02:06:58.769, 20117, 25, 3030, 140.80, 4
2026/10/03 02:06:58.820, 20117, 25, 3030, 140.80, 4
2026/10/03 02:06:58.870, 20117, 25, 3030, 140.80, 4
2026/10/03 02:06:58.920, 20117, 25, 3030, 140.80, 4
2026/10/03 02:06:58.970, 20117, 25, 3030, 140.80, 4
2026/10/03 02:06:59.021, 20117, 25, 3030, 140.80, 4
2026/10/03 02:06:59.071, 20117, 25, 3030, 140.80, 4
2026/10/03 02:06:59.121, 20117, 22, 3030, 142.12, 4
2026/10/03 02:06:59.171, 20117, 22, 3030, 142.12, 4
2026/10/03 02:06:59.221, 20117, 22, 3030, 142.12, 4
2026/10/03 02:06:59.272, 20117, 22, 3030, 142.12, 4
2026/10/03 02:06:59.322, 20117, 22, 3030, 142.12, 4
2026/10/03 02:06:59.372, 20117, 22, 3030, 142.12, 4
2026/10/03 02:06:59.422, 20117, 22, 3030, 142.12, 4
2026/10/03 02:06:59.473, 20117, 22, 3030, 142.12, 4
2026/10/03 02:06:59.523, 20117, 22, 3030, 142.12, 4
2026/10/03 02:06:59.573, 20117, 22, 3030, 142.12, 4
2026/10/03 02:06:59.623, 20117, 22, 2880, 147.05, 4
2026/10/03 02:06:59.673, 20117, 22, 2880, 147.05, 4
2026/10/03 02:06:59.724, 20117, 22, 2880, 147.05, 4
2026/10/03 02:06:59.774, 20117, 22, 2880, 147.05, 4
2026/10/03 02:06:59.824, 20117, 22, 2880, 147.05, 4
2026/10/03 02:06:59.875, 20117, 22, 2880, 147.05, 4
2026/10/03 02:06:59.925, 20117, 22, 2880, 147.05, 4
2026/10/03 02:06:59.975, 20117, 22, 2880, 147.05, 4
2026/10/03 02:07:00.025, 20117, 22, 2880, 147.05, 4
2026/10/03 02:07:00.076, 20117, 22, 2880, 147.05, 4
2026/10/03 02:07:00.126, 20117, 33, 2820, 136.68, 4
2026/10/03 02:07:00.176, 20117, 33, 2820, 136.68, 4
2026/10/03 02:07:00.226, 20117, 33, 2820, 136.68, 4
2026/10/03 02:07:00.276, 20117, 33, 2820, 136.68, 4
2026/10/03 02:07:00.327, 20117, 33, 2820, 136.68, 4
2026/10/03 02:07:00.377, 20117, 33, 2820, 136.68, 4
2026/10/03 02:07:00.427, 20117, 33, 2820, 136.68, 4
2026/10/03 02:07:00.477, 20117, 33, 2820, 136.68, 4
2026/10/03 02:07:00.527, 20117, 33, 2820, 136.68, 4
2026/10/03 02:07:00.578, 20117, 33, 2820, 136.68, 4
2026/10/03 02:07:00.628, 20117, 33, 2857, 132.65, 4
2026/10/03 02:07:00.678, 20117, 33, 2857, 132.65, 4
2026/10/03 02:07:00.728, 20117, 33, 2857, 132.65, 4
2026/10/03 02:07:00.778, 20117, 33, 2857, 132.65, 4
2026/10/03 02:07:00.828, 20117, 33, 2857, 132.65, 4
2026/10/03 02:07:00.879, 20117, 33, 2857, 132.65, 4
2026/10/03 02:07:00.929, 20117, 33, 2857, 132.65, 4
2026/10/03 02:07:00.979, 20117, 33, 2857, 132.65, 4
2026/10/03 02:07:01.029, 20117, 33, 2857, 132.65, 4
2026/10/03 02:07:01.079, 20117, 33, 2857, 132.65, 4
2026/10/03 02:07:01.129, 20117, 26, 2805, 145.08, 4
2026/10/03 02:07:01.180, 20117, 26, 2805, 145.08, 4
2026/10/03 02:07:01.230, 20117, 26, 2805, 145.08, 4
2026/10/03 02:07:01.280, 20117, 26, 2805, 145.08, 4
2026/10/03 02:07:01.330, 20117, 26, 2805, 145.08, 4
2026/10/03 02:07:01.380, 20117, 26, 2805, 145.08, 4
2026/10/03 02:07:01.430, 20117, 26, 2805, 145.08, 4
2026/10/03 02:07:01.481, 20117, 26, 2805, 145.08, 4
2026/10/03 02:07:01.531, 20117, 26, 2805, 145.08, 4
2026/10/03 02:07:01.581, 20117, 26, 2805, 145.08, 4
2026/10/03 02:07:01.631, 20117, 26, 2805, 151.68, 4
2026/10/03 02:07:01.681, 20117, 26, 2805, 151.68, 4
2026/10/03 02:07:01.732, 20117, 26, 2805, 151.68, 4
2026/10/03 02:07:01.782, 20117, 26, 2805, 151.68, 4
2026/10/03 02:07:01.832, 20117, 26, 2805, 151.68, 4
2026/10/03 02:07:01.882, 20117, 26, 2805, 151.68, 4
2026/10/03 02:07:01.932, 20117, 26, 2805, 151.68, 4
2026/10/03 02:07:01.983, 20117, 26, 2805, 151.68, 4
2026/10/03 02:07:02.033, 20117, 26, 2805, 151.68, 4
2026/10/03 02:07:02.083, 20117, 26, 2805, 151.68, 4
2026/10/03 02:07:02.133, 20117, 23, 2827, 126.22, 4
2026/10/03 02:07:02.183, 20117, 23, 2827, 126.22, 4
2026/10/03 02:07:02.234, 20117, 23, 2827, 126.22, 4
2026/10/03 02:07:02.284, 20117, 23, 2827, 126.22, 4
2026/10/03 02:07:02.334, 20117, 23, 2827, 126.22, 4
2026/10/03 02:07:02.384, 20117, 23, 2827, 126.22, 4
2026/10/03 02:07:02.434, 20117, 23, 2827, 126.22, 4
2026/10/03 02:07:02.485, 20117, 23, 2827, 126.22, 4
2026/10/03 02:07:02.535, 20117, 23, 2827, 126.22, 4
2026/10/03 02:07:02.585, 20117, 23, 2827, 126.22, 4
2026/10/03 02:07:02.635, 20117, 23, 2850, 137.06, 4
2026/10/03 02:07:02.685, 20117, 23, 2850, 137.06, 4
2026/10/03 02:07:02.735, 20117, 23, 2850, 137.06, 4
2026/10/03 02:07:02.786, 20117, 23, 2850, 137.06, 4
2026/10/03 02:07:02.836, 20117, 23, 2850, 137.06, 4
2026/10/03 02:07:02.886, 20117, 23, 2850, 137.06, 4
2026/10/03 02:07:02.936, 20117, 23, 2850, 137.06, 4
2026/10/03 02:07:02.986, 20117, 23, 2850, 137.06, 4
2026/10/03 02:07:03.037, 20117, 23, 2850, 137.06, 4
2026/10/03 02:07:03.087, 20117, 26, 2820, 149.18, 4
2026/10/03 02:07:03.137, 20117, 26, 2820, 149.18, 4
2026/10/03 02:07:03.187, 20117, 26, 2820, 149.18, 4
2026/10/03 02:07:03.237, 20117, 26, 2820, 149.18, 4
2026/10/03 02:07:03.288, 20117, 26, 2820, 149.18, 4
2026/10/03 02:07:03.338, 20117, 26, 2820, 149.18, 4
2026/10/03 02:07:03.388, 20117, 26, 2820, 149.18, 4
2026/10/03 02:07:03.438, 20117, 26, 2820, 149.18, 4
2026/10/03 02:07:03.488, 20117, 26, 2820, 149.18, 4
2026/10/03 02:07:03.538, 20117, 26, 2820, 149.18, 4
2026/10/03 02:07:03.589, 20117, 26, 2827, 134.48, 4
2026/10/03 02:07:03.639, 20117, 26, 2827, 134.48, 4
2026/10/03 02:07:03.689, 20117, 26, 2827, 134.48, 4
2026/10/03 02:07:03.739, 20117, 26, 2827, 134.48, 4
2026/10/03 02:07:03.790, 20117, 26, 2827, 134.48, 4
2026/10/03 02:07:03.840, 20117, 26, 2827, 134.48, 4
2026/10/03 02:07:03.890, 20117, 26, 2827, 134.48, 4
2026/10/03 02:07:03.940, 20117, 26, 2827, 134.48, 4
2026/10/03 02:07:03.990, 20117, 26, 2827, 134.48, 4
2026/10/03 02:07:04.040, 20117, 26, 2827, 134.48, 4
2026/10/03 02:07:04.091, 20117, 26, 2842, 149.40, 4
2026/10/03 02:07:04.141, 20117, 26, 2842, 149.40, 4
2026/10/03 02:07:04.191, 20117, 26, 2842, 149.40, 4
2026/10/03 02:07:04.241, 20117, 26, 2842, 149.40, 4
2026/10/03 02:07:04.291, 20117, 26, 2842, 149.40, 4
2026/10/03 02:07:04.341, 20117, 26, 2842, 149.40, 4
2026/10/03 02:07:04.392, 20117, 26, 2842, 149.40, 4
2026/10/03 02:07:04.442, 20117, 26, 2842, 149.40, 4
2026/10/03 02:07:04.492, 20117, 26, 2842, 149.40, 4
2026/10/03 02:07:04.542, 20117, 26, 2842, 149.40, 4
2026/10/03 02:07:04.592, 20117, 26, 2812, 150.62, 4
2026/10/03 02:07:04.643, 20117, 26, 2812, 150.62, 4
2026/10/03 02:07:04.693, 20117, 26, 2812, 150.62, 4
2026/10/03 02:07:04.743, 20117, 26, 2812, 150.62, 4
2026/10/03 02:07:04.793, 20117, 26, 2812, 150.62, 4
2026/10/03 02:07:04.843, 20117, 26, 2812, 150.62, 4
2026/10/03 02:07:04.894, 20117, 26, 2812, 150.62, 4
2026/10/03 02:07:04.944, 20117, 26, 2812, 150.62, 4
2026/10/03 02:07:04.994, 20117, 26, 2812, 150.62, 4
2026/10/03 02:07:05.045, 20117, 26, 2812, 150.62, 4
2026/10/03 02:07:05.095, 20117, 25, 2812, 146.96, 4
2026/10/03 02:07:05.145, 20117, 25, 2812, 146.96, 4
2026/10/03 02:07:05.195, 20117, 25, 2812, 146.96, 4
2026/10/03 02:07:05.245, 20117, 25, 2812, 146.96, 4
2026/10/03 02:07:05.296, 20117, 25, 2812, 146.96, 4
2026/10/03 02:07:05.346, 20117, 25, 2812, 146.96, 4
2026/10/03 02:07:05.396, 20117, 25, 2812, 146.96, 4
2026/10/03 02:07:05.446, 20117, 25, 2812, 146.96, 4
2026/10/03 02:07:05.496, 20117, 25, 2812, 146.96, 4
2026/10/03 02:07:05.546, 20117, 25, 2812, 146.96, 4
2026/10/03 02:07:05.597, 20117, 25, 2812, 118.81, 4
2026/10/03 02:07:05.647, 20117, 25, 2812, 118.81, 4
2026/10/03 02:07:05.697, 20117, 25, 2812, 118.81, 4
2026/10/03 02:07:05.747, 20117, 25, 2812, 118.81, 4
2026/10/03 02:07:05.797, 20117, 25, 2812, 118.81, 4
2026/10/03 02:07:05.848, 20117, 25, 2812, 118.81, 4
2026/10/03 02:07:05.898, 20117, 25, 2812, 118.81, 4
2026/10/03 02:07:05.948, 20117, 25, 2812, 118.81, 4
2026/10/03 02:07:05.998, 20117, 25, 2812, 118.81, 4
2026/10/03 02:07:06.048, 20117, 25, 2812, 118.81, 4
2026/10/03 02:07:06.099, 20117, 19, 2842, 138.75, 4
2026/10/03 02:07:06.149, 20117, 19, 2842, 138.75, 4
2026/10/03 02:07:06.199, 20117, 19, 2842, 138.75, 4
2026/10/03 02:07:06.250, 20117, 19, 2842, 138.75, 4
2026/10/03 02:07:06.300, 20117, 19, 2842, 138.75, 4
2026/10/03 02:07:06.351, 20117, 19, 2842, 138.75, 4
2026/10/03 02:07:06.401, 20117, 19, 2842, 138.75, 4
2026/10/03 02:07:06.452, 20117, 19, 2842, 138.75, 4
2026/10/03 02:07:06.502, 20117, 19, 2842, 138.75, 4
2026/10/03 02:07:06.553, 20117, 19, 2842, 138.75, 4
2026/10/03 02:07:06.603, 20117, 19, 2820, 142.58, 4
2026/10/03 02:07:06.653, 20117, 19, 2820, 142.58, 4
2026/10/03 02:07:06.703, 20117, 19, 2820, 142.58, 4
2026/10/03 02:07:06.754, 20117, 19, 2820, 142.58, 4
2026/10/03 02:07:06.804, 20117, 19, 2820, 142.58, 4
2026/10/03 02:07:06.854, 20117, 19, 2820, 142.58, 4
2026/10/03 02:07:06.904, 20117, 19, 2820, 142.58, 4
2026/10/03 02:07:06.955, 20117, 19, 2820, 142.58, 4
2026/10/03 02:07:07.005, 20117, 19, 2820, 142.58, 4
2026/10/03 02:07:07.055, 20117, 19, 2820, 142.58, 4
2026/10/03 02:07:07.105, 20117, 27, 2812, 149.10, 4
2026/10/03 02:07:07.155, 20117, 27, 2812, 149.10, 4
2026/10/03 02:07:07.206, 20117, 27, 2812, 149.10, 4
2026/10/03 02:07:07.256, 20117, 27, 2812, 149.10, 4
2026/10/03 02:07:07.306, 20117, 27, 2812, 149.10, 4
2026/10/03 02:07:07.356, 20117, 27, 2812, 149.10, 4
2026/10/03 02:07:07.406, 20117, 27, 2812, 149.10, 4
2026/10/03 02:07:07.457, 20117, 27, 2812, 149.10, 4
2026/10/03 02:07:07.507, 20117, 27, 2812, 149.10, 4
2026/10/03 02:07:07.557, 20117, 27, 2812, 149.10, 4
2026/10/03 02:07:07.607, 20117, 27, 2850, 138.93, 4
2026/10/03 02:07:07.657, 20117, 27, 2850, 138.93, 4
2026/10/03 02:07:07.707, 20117, 27, 2850, 138.93, 4
2026/10/03 02:07:07.758, 20117, 27, 2850, 138.93, 4
2026/10/03 02:07:07.808, 20117, 27, 2850, 138.93, 4
2026/10/03 02:07:07.859, 20117, 27, 2850, 138.93, 4
2026/10/03 02:07:07.909, 20117, 27, 2850, 138.93, 4
2026/10/03 02:07:07.960, 20117, 27, 2850, 138.93, 4
2026/10/03 02:07:08.011, 20117, 27, 2850, 138.93, 4
2026/10/03 02:07:08.061, 20117, 27, 2850, 138.93, 4
2026/10/03 02:07:08.111, 20117, 24, 2827, 149.44, 4
2026/10/03 02:07:08.161, 20117, 24, 2827, 149.44, 4
2026/10/03 02:07:08.213, 20117, 24, 2827, 149.44, 4
2026/10/03 02:07:08.263, 20117, 24, 2827, 149.44, 4
2026/10/03 02:07:08.313, 20117, 24, 2827, 149.44, 4
2026/10/03 02:07:08.364, 20117, 24, 2827, 149.44, 4
2026/10/03 02:07:08.414, 20117, 24, 2827, 149.44, 4
2026/10/03 02:07:08.464, 20117, 24, 2827, 149.44, 4
2026/10/03 02:07:08.514, 20117, 24, 2827, 149.44, 4
2026/10/03 02:07:08.564, 20117, 24, 2827, 149.44, 4
2026/10/03 02:07:08.615, 20117, 24, 2820, 153.07, 4
2026/10/03 02:07:08.665, 20117, 24, 2820, 153.07, 4
2026/10/03 02:07:08.715, 20117, 24, 2820, 153.07, 4
2026/10/03 02:07:08.765, 20117, 24, 2820, 153.07, 4
2026/10/03 02:07:08.815, 20117, 24, 2820, 153.07, 4
2026/10/03 02:07:08.866, 20117, 24, 2820, 153.07, 4
2026/10/03 02:07:08.916, 20117, 24, 2820, 153.07, 4
2026/10/03 02:07:08.966, 20117, 24, 2820, 153.07, 4
2026/10/03 02:07:09.016, 20117, 24, 2820, 153.07, 4
2026/10/03 02:07:09.066, 20117, 24, 2820, 153.07, 4
2026/10/03 02:07:09.116, 20117, 27, 2820, 149.74, 4
2026/10/03 02:07:09.167, 20117, 27, 2820, 149.74, 4
2026/10/03 02:07:09.217, 20117, 27, 2820, 149.74, 4
2026/10/03 02:07:09.267, 20117, 27, 2820, 149.74, 4
2026/10/03 02:07:09.317, 20117, 27, 2820, 149.74, 4
2026/10/03 02:07:09.367, 20117, 27, 2820, 149.74, 4
2026/10/03 02:07:09.417, 20117, 27, 2820, 149.74, 4
2026/10/03 02:07:09.468, 20117, 27, 2820, 149.74, 4
2026/10/03 02:07:09.518, 20117, 27, 2820, 149.74, 4
2026/10/03 02:07:09.568, 20117, 27, 2820, 149.74, 4
2026/10/03 02:07:09.618, 20117, 27, 2805, 121.69, 4
2026/10/03 02:07:09.668, 20117, 27, 2805, 121.69, 4
2026/10/03 02:07:09.719, 20117, 27, 2805, 121.69, 4
2026/10/03 02:07:09.769, 20117, 27, 2805, 121.69, 4
2026/10/03 02:07:09.819, 20117, 27, 2805, 121.69, 4
2026/10/03 02:07:09.869, 20117, 27, 2805, 121.69, 4
2026/10/03 02:07:09.919, 20117, 27, 2805, 121.69, 4
2026/10/03 02:07:09.969, 20117, 27, 2805, 121.69, 4
2026/10/03 02:07:10.020, 20117, 27, 2805, 121.69, 4
2026/10/03 02:07:10.070, 20117, 27, 2805, 121.69, 4
2026/10/03 02:07:10.120, 20117, 25, 2820, 124.25, 4
2026/10/03 02:07:10.170, 20117, 25, 2820, 124.25, 4
2026/10/03 02:07:10.220, 20117, 25, 2820, 124.25, 4
2026/10/03 02:07:10.271, 20117, 25, 2820, 124.25, 4
2026/10/03 02:07:10.321, 20117, 25, 2820, 124.25, 4
2026/10/03 02:07:10.371, 20117, 25, 2820, 124.25, 4
2026/10/03 02:07:10.421, 20117, 25, 2820, 124.25, 4
2026/10/03 02:07:10.471, 20117, 25, 2820, 124.25, 4
2026/10/03 02:07:10.522, 20117, 25, 2820, 124.25, 4
2026/10/03 02:07:10.572, 20117, 25, 2820, 124.25, 4
2026/10/03 02:07:10.622, 20117, 25, 2850, 137.88, 4
2026/10/03 02:07:10.672, 20117, 25, 2850, 137.88, 4
2026/10/03 02:07:10.723, 20117, 25, 2850, 137.88, 4
2026/10/03 02:07:10.773, 20117, 25, 2850, 137.88, 4
2026/10/03 02:07:10.823, 20117, 25, 2850, 137.88, 4
2026/10/03 02:07:10.873, 20117, 25, 2850, 137.88, 4
2026/10/03 02:07:10.923, 20117, 25, 2850, 137.88, 4
2026/10/03 02:07:10.974, 20117, 25, 2850, 137.88, 4
2026/10/03 02:07:11.024, 20117, 25, 2850, 137.88, 4
2026/10/03 02:07:11.074, 20117, 25, 2850, 137.88, 4
2026/10/03 02:07:11.124, 20117, 23, 2820, 140.81, 4
2026/10/03 02:07:11.174, 20117, 23, 2820, 140.81, 4
2026/10/03 02:07:11.225, 20117, 23, 2820, 140.81, 4
2026/10/03 02:07:11.275, 20117, 23, 2820, 140.81, 4
2026/10/03 02:07:11.325, 20117, 23, 2820, 140.81, 4
2026/10/03 02:07:11.375, 20117, 23, 2820, 140.81, 4
2026/10/03 02:07:11.425, 20117, 23, 2820, 140.81, 4
2026/10/03 02:07:11.476, 20117, 23, 2820, 140.81, 4
2026/10/03 02:07:11.526, 20117, 23, 2820, 140.81, 4
2026/10/03 02:07:11.576, 20117, 23, 2820, 140.81, 4
2026/10/03 02:07:11.626, 20117, 23, 2842, 131.28, 4
2026/10/03 02:07:11.677, 20117, 23, 2842, 131.28, 4
2026/10/03 02:07:11.727, 20117, 23, 2842, 131.28, 4
2026/10/03 02:07:11.777, 20117, 23, 2842, 131.28, 4
2026/10/03 02:07:11.827, 20117, 23, 2842, 131.28, 4
2026/10/03 02:07:11.878, 20117, 23, 2842, 131.28, 4
2026/10/03 02:07:11.928, 20117, 23, 2842, 131.28, 4
2026/10/03 02:07:11.978, 20117, 23, 2842, 131.28, 4
2026/10/03 02:07:12.028, 20117, 23, 2842, 131.28, 4
2026/10/03 02:07:12.078, 20117, 23, 2842, 131.28, 4
2026/10/03 02:07:12.128, 20117, 26, 2812, 140.67, 4
2026/10/03 02:07:12.179, 20117, 26, 2812, 140.67, 4
2026/10/03 02:07:12.229, 20117, 26, 2812, 140.67, 4
2026/10/03 02:07:12.279, 20117, 26, 2812, 140.67, 4
2026/10/03 02:07:12.329, 20117, 26, 2812, 140.67, 4
2026/10/03 02:07:12.380, 20117, 26, 2812, 140.67, 4
2026/10/03 02:07:12.430, 20117, 26, 2812, 140.67, 4
2026/10/03 02:07:12.480, 20117, 26, 2812, 140.67, 4
2026/10/03 02:07:12.530, 20117, 26, 2812, 140.67, 4
2026/10/03 02:07:12.580, 20117, 26, 2812, 140.67, 4
2026/10/03 02:07:12.631, 20117, 26, 2842, 134.80, 4
2026/10/03 02:07:12.681, 20117, 26, 2842, 134.80, 4
2026/10/03 02:07:12.731, 20117, 26, 2842, 134.80, 4
2026/10/03 02:07:12.781, 20117, 26, 2842, 134.80, 4
2026/10/03 02:07:12.832, 20117, 26, 2842, 134.80, 4
2026/10/03 02:07:12.882, 20117, 26, 2842, 134.80, 4
2026/10/03 02:07:12.932, 20117, 26, 2842, 134.80, 4
2026/10/03 02:07:12.982, 20117, 26, 2842, 134.80, 4
2026/10/03 02:07:13.032, 20117, 26, 2842, 134.80, 4
2026/10/03 02:07:13.083, 20117, 26, 2842, 134.80, 4
2026/10/03 02:07:13.133, 20117, 18, 2820, 129.59, 4
2026/10/03 02:07:13.183, 20117, 18, 2820, 129.59, 4
2026/10/03 02:07:13.233, 20117, 18, 2820, 129.59, 4
2026/10/03 02:07:13.283, 20117, 18, 2820, 129.59, 4
2026/10/03 02:07:13.333, 20117, 18, 2820, 129.59, 4
2026/10/03 02:07:13.384, 20117, 18, 2820, 129.59, 4
2026/10/03 02:07:13.434, 20117, 18, 2820, 129.59, 4
2026/10/03 02:07:13.484, 20117, 18, 2820, 129.59, 4
2026/10/03 02:07:13.534, 20117, 18, 2820, 129.59, 4
2026/10/03 02:07:13.584, 20117, 18, 2820, 129.59, 4
2026/10/03 02:07:13.634, 20117, 18, 2827, 136.94, 4
2026/10/03 02:07:13.685, 20117, 18, 2827, 136.94, 4
2026/10/03 02:07:13.735, 20117, 18, 2827, 136.94, 4
2026/10/03 02:07:13.785, 20117, 18, 2827, 136.94, 4
2026/10/03 02:07:13.835, 20117, 18, 2827, 136.94, 4
2026/10/03 02:07:13.885, 20117, 18, 2827, 136.94, 4
2026/10/03 02:07:13.936, 20117, 18, 2827, 136.94, 4
2026/10/03 02:07:13.986, 20117, 18, 2827, 136.94, 4
2026/10/03 02:07:14.036, 20117, 18, 2827, 136.94, 4
2026/10/03 02:07:14.086, 20117, 18, 2827, 136.94, 4
2026/10/03 02:07:14.136, 20117, 24, 2827, 151.87, 4
2026/10/03 02:07:14.187, 20117, 24, 2827, 151.87, 4
2026/10/03 02:07:14.237, 20117, 24, 2827, 151.87, 4
2026/10/03 02:07:14.287, 20117, 24, 2827, 151.87, 4
2026/10/03 02:07:14.337, 20117, 24, 2827, 151.87, 4
2026/10/03 02:07:14.387, 20117, 24, 2827, 151.87, 4
2026/10/03 02:07:14.438, 20117, 24, 2827, 151.87, 4
2026/10/03 02:07:14.488, 20117, 24, 2827, 151.87, 4
2026/10/03 02:07:14.538, 20117, 24, 2827, 151.87, 4
2026/10/03 02:07:14.588, 20117, 24, 2812, 130.95, 4
2026/10/03 02:07:14.638, 20117, 24, 2812, 130.95, 4
2026/10/03 02:07:14.689, 20117, 24, 2812, 130.95, 4
2026/10/03 02:07:14.739, 20117, 24, 2812, 130.95, 4
2026/10/03 02:07:14.789, 20117, 24, 2812, 130.95, 4
2026/10/03 02:07:14.839, 20117, 24, 2812, 130.95, 4
2026/10/03 02:07:14.889, 20117, 24, 2812, 130.95, 4
2026/10/03 02:07:14.940, 20117, 24, 2812, 130.95, 4
2026/10/03 02:07:14.990, 20117, 24, 2812, 130.95, 4
2026/10/03 02:07:15.040, 20117, 24, 2812, 130.95, 4
2026/10/03 02:07:15.090, 20117, 26, 2842, 150.74, 4
2026/10/03 02:07:15.140, 20117, 26, 2842, 150.74, 4
2026/10/03 02:07:15.191, 20117, 26, 2842, 150.74, 4
2026/10/03 02:07:15.241, 20117, 26, 2842, 150.74, 4
2026/10/03 02:07:15.291, 20117, 26, 2842, 150.74, 4
2026/10/03 02:07:15.341, 20117, 26, 2842, 150.74, 4
2026/10/03 02:07:15.391, 20117, 26, 2842, 150.74, 4
2026/10/03 02:07:15.442, 20117, 26, 2842, 150.74, 4
2026/10/03 02:07:15.492, 20117, 26, 2842, 150.74, 4
2026/10/03 02:07:15.542, 20117, 26, 2842, 150.74, 4
2026/10/03 02:07:15.592, 20117, 26, 2812, 126.81, 4
2026/10/03 02:07:15.642, 20117, 26, 2812, 126.81, 4
2026/10/03 02:07:15.693, 20117, 26, 2812, 126.81, 4
2026/10/03 02:07:15.743, 20117, 26, 2812, 126.81, 4
2026/10/03 02:07:15.793, 20117, 26, 2812, 126.81, 4
2026/10/03 02:07:15.843, 20117, 26, 2812, 126.81, 4
2026/10/03 02:07:15.893, 20117, 26, 2812, 126.81, 4
2026/10/03 02:07:15.943, 20117, 26, 2812, 126.81, 4
2026/10/03 02:07:15.994, 20117, 26, 2812, 126.81, 4
2026/10/03 02:07:16.044, 20117, 26, 2812, 126.81, 4
2026/10/03 02:07:16.094, 20117, 25, 2850, 146.17, 4
2026/10/03 02:07:16.144, 20117, 25, 2850, 146.17, 4
2026/10/03 02:07:16.195, 20117, 25, 2850, 146.17, 4
2026/10/03 02:07:16.245, 20117, 25, 2850, 146.17, 4
2026/10/03 02:07:16.295, 20117, 25, 2850, 146.17, 4
2026/10/03 02:07:16.345, 20117, 25, 2850, 146.17, 4
2026/10/03 02:07:16.395, 20117, 25, 2850, 146.17, 4
2026/10/03 02:07:16.445, 20117, 25, 2850, 146.17, 4
2026/10/03 02:07:16.496, 20117, 25, 2850, 146.17, 4
2026/10/03 02:07:16.546, 20117, 25, 2850, 146.17, 4
2026/10/03 02:07:16.596, 20117, 25, 2812, 148.82, 4
2026/10/03 02:07:16.646, 20117, 25, 2812, 148.82, 4
2026/10/03 02:07:16.696, 20117, 25, 2812, 148.82, 4
2026/10/03 02:07:16.746, 20117, 25, 2812, 148.82, 4
2026/10/03 02:07:16.796, 20117, 25, 2812, 148.82, 4
2026/10/03 02:07:16.847, 20117, 25, 2812, 148.82, 4
2026/10/03 02:07:16.897, 20117, 25, 2812, 148.82, 4
2026/10/03 02:07:16.947, 20117, 25, 2812, 148.82, 4
2026/10/03 02:07:16.997, 20117, 25, 2812, 148.82, 4
2026/10/03 02:07:17.048, 20117, 25, 2812, 148.82, 4
2026/10/03 02:07:17.098, 20117, 17, 2835, 134.95, 4
2026/10/03 02:07:17.148, 20117, 17, 2835, 134.95, 4
2026/10/03 02:07:17.198, 20117, 17, 2835, 134.95, 4
2026/10/03 02:07:17.248, 20117, 17, 2835, 134.95, 4
2026/10/03 02:07:17.298, 20117, 17, 2835, 134.95, 4
2026/10/03 02:07:17.349, 20117, 17, 2835, 134.95, 4
2026/10/03 02:07:17.399, 20117, 17, 2835, 134.95, 4
2026/10/03 02:07:17.449, 20117, 17, 2835, 134.95, 4
2026/10/03 02:07:17.499, 20117, 17, 2835, 134.95, 4
2026/10/03 02:07:17.549, 20117, 17, 2835, 134.95, 4
2026/10/03 02:07:17.599, 20117, 17, 2805, 142.25, 4
2026/10/03 02:07:17.649, 20117, 17, 2805, 142.25, 4
2026/10/03 02:07:17.700, 20117, 17, 2805, 142.25, 4
2026/10/03 02:07:17.750, 20117, 17, 2805, 142.25, 4
2026/10/03 02:07:17.800, 20117, 17, 2805, 142.25, 4
2026/10/03 02:07:17.850, 20117, 17, 2805, 142.25, 4
2026/10/03 02:07:17.900, 20117, 17, 2805, 142.25, 4
2026/10/03 02:07:17.950, 20117, 17, 2805, 142.25, 4
2026/10/03 02:07:18.001, 20117, 17, 2805, 142.25, 4
2026/10/03 02:07:18.051, 20117, 17, 2805, 142.25, 4
2026/10/03 02:07:18.101, 20117, 22, 2835, 132.82, 4
2026/10/03 02:07:18.151, 20117, 22, 2835, 132.82, 4
2026/10/03 02:07:18.201, 20117, 22, 2835, 132.82, 4
2026/10/03 02:07:18.251, 20117, 22, 2835, 132.82, 4
2026/10/03 02:07:18.301, 20117, 22, 2835, 132.82, 4
2026/10/03 02:07:18.352, 20117, 22, 2835, 132.82, 4
2026/10/03 02:07:18.402, 20117, 22, 2835, 132.82, 4
2026/10/03 02:07:18.452, 20117, 22, 2835, 132.82, 4
2026/10/03 02:07:18.502, 20117, 22, 2835, 132.82, 4
2026/10/03 02:07:18.552, 20117, 22, 2835, 132.82, 4
2026/10/03 02:07:18.602, 20117, 22, 2835, 153.95, 4
2026/10/03 02:07:18.653, 20117, 22, 2835, 153.95, 4
2026/10/03 02:07:18.703, 20117, 22, 2835, 153.95, 4
2026/10/03 02:07:18.753, 20117, 22, 2835, 153.95, 4
2026/10/03 02:07:18.803, 20117, 22, 2835, 153.95, 4
2026/10/03 02:07:18.853, 20117, 22, 2835, 153.95, 4
2026/10/03 02:07:18.904, 20117, 22, 2835, 153.95, 4
2026/10/03 02:07:18.954, 20117, 22, 2835, 153.95, 4
2026/10/03 02:07:19.004, 20117, 22, 2835, 153.95, 4
2026/10/03 02:07:19.054, 20117, 22, 2835, 153.95, 4
2026/10/03 02:07:19.104, 20117, 26, 2820, 151.17, 4
2026/10/03 02:07:19.154, 20117, 26, 2820, 151.17, 4
2026/10/03 02:07:19.205, 20117, 26, 2820, 151.17, 4
2026/10/03 02:07:19.255, 20117, 26, 2820, 151.17, 4
2026/10/03 02:07:19.305, 20117, 26, 2820, 151.17, 4
2026/10/03 02:07:19.355, 20117, 26, 2820, 151.17, 4
2026/10/03 02:07:19.405, 20117, 26, 2820, 151.17, 4
2026/10/03 02:07:19.455, 20117, 26, 2820, 151.17, 4
2026/10/03 02:07:19.506, 20117, 26, 2820, 151.17, 4
2026/10/03 02:07:19.556, 20117, 26, 2820, 151.17, 4
2026/10/03 02:07:19.606, 20117, 26, 2827, 122.65, 4
2026/10/03 02:07:19.656, 20117, 26, 2827, 122.65, 4
2026/10/03 02:07:19.706, 20117, 26, 2827, 122.65, 4
2026/10/03 02:07:19.756, 20117, 26, 2827, 122.65, 4
2026/10/03 02:07:19.807, 20117, 26, 2827, 122.65, 4
2026/10/03 02:07:19.857, 20117, 26, 2827, 122.65, 4
2026/10/03 02:07:19.907, 20117, 26, 2827, 122.65, 4
2026/10/03 02:07:19.957, 20117, 26, 2827, 122.65, 4
2026/10/03 02:07:20.007, 20117, 26, 2827, 122.65, 4
2026/10/03 02:07:20.058, 20117, 26, 2827, 122.65, 4
2026/10/03 02:07:20.108, 20117, 19, 2842, 138.77, 4
2026/10/03 02:07:20.158, 20117, 19, 2842, 138.77, 4
2026/10/03 02:07:20.208, 20117, 19, 2842, 138.77, 4
2026/10/03 02:07:20.258, 20117, 19, 2842, 138.77, 4
2026/10/03 02:07:20.308, 20117, 19, 2842, 138.77, 4
2026/10/03 02:07:20.359, 20117, 19, 2842, 138.77, 4
2026/10/03 02:07:20.409, 20117, 19, 2842, 138.77, 4
2026/10/03 02:07:20.459, 20117, 19, 2842, 138.77, 4
2026/10/03 02:07:20.509, 20117, 19, 2842, 138.77, 4
2026/10/03 02:07:20.559, 20117, 19, 2842, 138.77, 4
2026/10/03 02:07:20.609, 20117, 19, 2827, 150.83, 4
2026/10/03 02:07:20.659, 20117, 19, 2827, 150.83, 4
2026/10/03 02:07:20.710, 20117, 19, 2827, 150.83, 4
2026/10/03 02:07:20.760, 20117, 19, 2827, 150.83, 4
2026/10/03 02:07:20.810, 20117, 19, 2827, 150.83, 4
2026/10/03 02:07:20.860, 20117, 19, 2827, 150.83, 4
2026/10/03 02:07:20.910, 20117, 19, 2827, 150.83, 4
2026/10/03 02:07:20.960, 20117, 19, 2827, 150.83, 4
2026/10/03 02:07:21.011, 20117, 19, 2827, 150.83, 4
2026/10/03 02:07:21.061, 20117, 19, 2827, 150.83, 4
2026/10/03 02:07:21.111, 20117, 23, 2812, 125.74, 4
2026/10/03 02:07:21.161, 20117, 23, 2812, 125.74, 4
2026/10/03 02:07:21.211, 20117, 23, 2812, 125.74, 4
2026/10/03 02:07:21.262, 20117, 23, 2812, 125.74, 4
2026/10/03 02:07:21.312, 20117, 23, 2812, 125.74, 4
2026/10/03 02:07:21.362, 20117, 23, 2812, 125.74, 4
2026/10/03 02:07:21.412, 20117, 23, 2812, 125.74, 4
2026/10/03 02:07:21.462, 20117, 23, 2812, 125.74, 4
2026/10/03 02:07:21.512, 20117, 23, 2812, 125.74, 4
2026/10/03 02:07:21.562, 20117, 23, 2812, 125.74, 4
2026/10/03 02:07:21.613, 20117, 23, 2842, 135.04, 4
2026/10/03 02:07:21.663, 20117, 23, 2842, 135.04, 4
2026/10/03 02:07:21.713, 20117, 23, 2842, 135.04, 4
2026/10/03 02:07:21.763, 20117, 23, 2842, 135.04, 4
2026/10/03 02:07:21.813, 20117, 23, 2842, 135.04, 4
2026/10/03 02:07:21.864, 20117, 23, 2842, 135.04, 4
2026/10/03 02:07:21.914, 20117, 23, 2842, 135.04, 4
2026/10/03 02:07:21.964, 20117, 23, 2842, 135.04, 4
2026/10/03 02:07:22.014, 20117, 23, 2842, 135.04, 4
2026/10/03 02:07:22.064, 20117, 23, 2842, 135.04, 4
2026/10/03 02:07:22.114, 20117, 25, 2827, 148.46, 4
2026/10/03 02:07:22.164, 20117, 25, 2827, 148.46, 4
2026/10/03 02:07:22.215, 20117, 25, 2827, 148.46, 4
2026/10/03 02:07:22.265, 20117, 25, 2827, 148.46, 4
2026/10/03 02:07:22.315, 20117, 25, 2827, 148.46, 4
2026/10/03 02:07:22.365, 20117, 25, 2827, 148.46, 4
2026/10/03 02:07:22.415, 20117, 25, 2827, 148.46, 4
2026/10/03 02:07:22.465, 20117, 25, 2827, 148.46, 4
2026/10/03 02:07:22.515, 20117, 25, 2827, 148.46, 4
2026/10/03 02:07:22.566, 20117, 25, 2827, 148.46, 4
2026/10/03 02:07:22.616, 20117, 25, 2812, 130.66, 4
2026/10/03 02:07:22.666, 20117, 25, 2812, 130.66, 4
2026/10/03 02:07:22.716, 20117, 25, 2812, 130.66, 4
2026/10/03 02:07:22.766, 20117, 25, 2812, 130.66, 4
2026/10/03 02:07:22.816, 20117, 25, 2812, 130.66, 4
2026/10/03 02:07:22.867, 20117, 25, 2812, 130.66, 4
2026/10/03 02:07:22.917, 20117, 25, 2812, 130.66, 4
2026/10/03 02:07:22.967, 20117, 25, 2812, 130.66, 4
2026/10/03 02:07:23.017, 20117, 25, 2812, 130.66, 4
2026/10/03 02:07:23.067, 20117, 25, 2812, 130.66, 4
2026/10/03 02:07:23.117, 20117, 24, 2850, 142.68, 4
2026/10/03 02:07:23.167, 20117, 24, 2850, 142.68, 4
2026/10/03 02:07:23.218, 20117, 24, 2850, 142.68, 4
2026/10/03 02:07:23.268, 20117, 24, 2850, 142.68, 4
2026/10/03 02:07:23.318, 20117, 24, 2850, 142.68, 4
2026/10/03 02:07:23.368, 20117, 24, 2850, 142.68, 4
2026/10/03 02:07:23.418, 20117, 24, 2850, 142.68, 4
2026/10/03 02:07:23.468, 20117, 24, 2850, 142.68, 4
2026/10/03 02:07:23.519, 20117, 24, 2850, 142.68, 4
2026/10/03 02:07:23.569, 20117, 24, 2850, 142.68, 4
2026/10/03 02:07:23.619, 20117, 24, 2805, 124.98, 4
2026/10/03 02:07:23.670, 20117, 24, 2805, 124.98, 4
2026/10/03 02:07:23.720, 20117, 24, 2805, 124.98, 4
2026/10/03 02:07:23.770, 20117, 24, 2805, 124.98, 4
2026/10/03 02:07:23.821, 20117, 24, 2805, 124.98, 4
2026/10/03 02:07:23.871, 20117, 24, 2805, 124.98, 4
2026/10/03 02:07:23.921, 20117, 24, 2805, 124.98, 4
2026/10/03 02:07:23.971, 20117, 24, 2805, 124.98, 4
2026/10/03 02:07:24.021, 20117, 24, 2805, 124.98, 4
2026/10/03 02:07:24.072, 20117, 24, 2805, 124.98, 4
2026/10/03 02:07:24.122, 20117, 22, 2842, 136.18, 4
2026/10/03 02:07:24.172, 20117, 22, 2842, 136.18, 4
2026/10/03 02:07:24.222, 20117, 22, 2842, 136.18, 4
2026/10/03 02:07:24.272, 20117, 22, 2842, 136.18, 4
2026/10/03 02:07:24.323, 20117, 22, 2842, 136.18, 4
2026/10/03 02:07:24.373, 20117, 22, 2842, 136.18, 4
2026/10/03 02:07:24.423, 20117, 22, 2842, 136.18, 4
2026/10/03 02:07:24.473, 20117, 22, 2842, 136.18, 4
2026/10/03 02:07:24.524, 20117, 22, 2842, 136.18, 4
2026/10/03 02:07:24.574, 20117, 22, 2842, 136.18, 4
2026/10/03 02:07:24.624, 20117, 22, 2827, 147.77, 4
2026/10/03 02:07:24.674, 20117, 22, 2827, 147.77, 4
2026/10/03 02:07:24.724, 20117, 22, 2827, 147.77, 4
2026/10/03 02:07:24.775, 20117, 22, 2827, 147.77, 4
2026/10/03 02:07:24.825, 20117, 22, 2827, 147.77, 4
2026/10/03 02:07:24.875, 20117, 22, 2827, 147.77, 4
2026/10/03 02:07:24.925, 20117, 22, 2827, 147.77, 4
2026/10/03 02:07:24.976, 20117, 22, 2827, 147.77, 4
2026/10/03 02:07:25.026, 20117, 22, 2827, 147.77, 4
2026/10/03 02:07:25.076, 20117, 22, 2827, 147.77, 4
2026/10/03 02:07:25.126, 20117, 24, 2812, 137.24, 4
2026/10/03 02:07:25.176, 20117, 24, 2812, 137.24, 4
2026/10/03 02:07:25.227, 20117, 24, 2812, 137.24, 4
2026/10/03 02:07:25.277, 20117, 24, 2812, 137.24, 4
2026/10/03 02:07:25.327, 20117, 24, 2812, 137.24, 4
2026/10/03 02:07:25.377, 20117, 24, 2812, 137.24, 4
2026/10/03 02:07:25.427, 20117, 24, 2812, 137.24, 4
2026/10/03 02:07:25.477, 20117, 24, 2812, 137.24, 4
2026/10/03 02:07:25.528, 20117, 24, 2812, 137.24, 4
2026/10/03 02:07:25.578, 20117, 24, 2812, 137.24, 4
2026/10/03 02:07:25.628, 20117, 24, 2827, 143.19, 4
2026/10/03 02:07:25.678, 20117, 24, 2827, 143.19, 4
2026/10/03 02:07:25.728, 20117, 24, 2827, 143.19, 4
2026/10/03 02:07:25.779, 20117, 24, 2827, 143.19, 4
2026/10/03 02:07:25.829, 20117, 24, 2827, 143.19, 4
2026/10/03 02:07:25.879, 20117, 24, 2827, 143.19, 4
2026/10/03 02:07:25.929, 20117, 24, 2827, 143.19, 4
2026/10/03 02:07:25.979, 20117, 24, 2827, 143.19, 4
2026/10/03 02:07:26.030, 20117, 24, 2827, 143.19, 4
2026/10/03 02:07:26.080, 20117, 24, 2827, 143.19, 4
2026/10/03 02:07:26.130, 20117, 22, 2835, 134.80, 4
2026/10/03 02:07:26.180, 20117, 22, 2835, 134.80, 4
2026/10/03 02:07:26.230, 20117, 22, 2835, 134.80, 4
2026/10/03 02:07:26.281, 20117, 22, 2835, 134.80, 4
2026/10/03 02:07:26.331, 20117, 22, 2835, 134.80, 4
2026/10/03 02:07:26.381, 20117, 22, 2835, 134.80, 4
2026/10/03 02:07:26.431, 20117, 22, 2835, 134.80, 4
2026/10/03 02:07:26.481, 20117, 22, 2835, 134.80, 4
2026/10/03 02:07:26.531, 20117, 22, 2835, 134.80, 4
2026/10/03 02:07:26.582, 20117, 22, 2835, 134.80, 4
2026/10/03 02:07:26.632, 20117, 22, 2805, 146.34, 4
2026/10/03 02:07:26.682, 20117, 22, 2805, 146.34, 4
2026/10/03 02:07:26.732, 20117, 22, 2805, 146.34, 4
2026/10/03 02:07:26.782, 20117, 22, 2805, 146.34, 4
2026/10/03 02:07:26.833, 20117, 22, 2805, 146.34, 4
2026/10/03 02:07:26.883, 20117, 22, 2805, 146.34, 4
2026/10/03 02:07:26.933, 20117, 22, 2805, 146.34, 4
2026/10/03 02:07:26.983, 20117, 22, 2805, 146.34, 4
2026/10/03 02:07:27.033, 20117, 22, 2805, 146.34, 4
2026/10/03 02:07:27.084, 20117, 22, 2805, 146.34, 4
2026/10/03 02:07:27.134, 20117, 25, 2850, 146.95, 4
2026/10/03 02:07:27.184, 20117, 25, 2850, 146.95, 4
2026/10/03 02:07:27.234, 20117, 25, 2850, 146.95, 4
2026/10/03 02:07:27.284, 20117, 25, 2850, 146.95, 4
2026/10/03 02:07:27.335, 20117, 25, 2850, 146.95, 4
2026/10/03 02:07:27.385, 20117, 25, 2850, 146.95, 4
2026/10/03 02:07:27.435, 20117, 25, 2850, 146.95, 4
2026/10/03 02:07:27.485, 20117, 25, 2850, 146.95, 4
2026/10/03 02:07:27.535, 20117, 25, 2850, 146.95, 4
2026/10/03 02:07:27.586, 20117, 25, 2850, 146.95, 4
2026/10/03 02:07:27.636, 20117, 25, 2805, 131.51, 4
2026/10/03 02:07:27.686, 20117, 25, 2805, 131.51, 4
2026/10/03 02:07:27.736, 20117, 25, 2805, 131.51, 4
2026/10/03 02:07:27.786, 20117, 25, 2805, 131.51, 4
2026/10/03 02:07:27.836, 20117, 25, 2805, 131.51, 4
2026/10/03 02:07:27.886, 20117, 25, 2805, 131.51, 4
2026/10/03 02:07:27.937, 20117, 25, 2805, 131.51, 4
2026/10/03 02:07:27.987, 20117, 25, 2805, 131.51, 4
2026/10/03 02:07:28.037, 20117, 25, 2805, 131.51, 4
2026/10/03 02:07:28.087, 20117, 25, 2805, 131.51, 4
2026/10/03 02:07:28.137, 20117, 25, 2842, 144.22, 4
2026/10/03 02:07:28.187, 20117, 25, 2842, 144.22, 4
2026/10/03 02:07:28.238, 20117, 25, 2842, 144.22, 4
2026/10/03 02:07:28.288, 20117, 25, 2842, 144.22, 4
2026/10/03 02:07:28.338, 20117, 25, 2842, 144.22, 4
2026/10/03 02:07:28.388, 20117, 25, 2842, 144.22, 4
2026/10/03 02:07:28.438, 20117, 25, 2842, 144.22, 4
2026/10/03 02:07:28.488, 20117, 25, 2842, 144.22, 4
2026/10/03 02:07:28.539, 20117, 25, 2842, 144.22, 4
2026/10/03 02:07:28.589, 20117, 25, 2782, 139.33, 4
2026/10/03 02:07:28.639, 20117, 25, 2782, 139.33, 4
2026/10/03 02:07:28.689, 20117, 25, 2782, 139.33, 4
2026/10/03 02:07:28.739, 20117, 25, 2782, 139.33, 4
2026/10/03 02:07:28.790, 20117, 25, 2782, 139.33, 4
2026/10/03 02:07:28.840, 20117, 25, 2782, 139.33, 4
2026/10/03 02:07:28.891, 20117, 25, 2782, 139.33, 4
2026/10/03 02:07:28.941, 20117, 25, 2782, 139.33, 4
2026/10/03 02:07:28.991, 20117, 25, 2782, 139.33, 4
2026/10/03 02:07:29.042, 20117, 25, 2782, 139.33, 4
2026/10/03 02:07:29.092, 20117, 34, 3030, 136.61, 4
2026/10/03 02:07:29.142, 20117, 34, 3030, 136.61, 4
2026/10/03 02:07:29.192, 20117, 34, 3030, 136.61, 4
2026/10/03 02:07:29.243, 20117, 34, 3030, 136.61, 4
2026/10/03 02:07:29.293, 20117, 34, 3030, 136.61, 4
2026/10/03 02:07:29.346, 20117, 34, 3030, 136.61, 4
2026/10/03 02:07:29.396, 20117, 34, 3030, 136.61, 4
2026/10/03 02:07:29.449, 20117, 34, 3030, 136.61, 4
2026/10/03 02:07:29.500, 20117, 34, 3030, 136.61, 4
2026/10/03 02:07:29.554, 20117, 34, 3030, 136.61, 4
2026/10/03 02:07:29.604, 20117, 34, 3030, 148.23, 4
2026/10/03 02:07:29.654, 20117, 34, 3030, 148.23, 4
2026/10/03 02:07:29.704, 20117, 34, 3030, 148.23, 4
2026/10/03 02:07:29.755, 20117, 34, 3030, 148.23, 4
2026/10/03 02:07:29.805, 20117, 34, 3030, 148.23, 4
2026/10/03 02:07:29.855, 20117, 34, 3030, 148.23, 4
2026/10/03 02:07:29.905, 20117, 34, 3030, 148.23, 4
2026/10/03 02:07:29.955, 20117, 34, 3030, 148.23, 4
2026/10/03 02:07:30.006, 20117, 34, 3030, 148.23, 4
2026/10/03 02:07:30.056, 20117, 34, 3030, 148.23, 4
2026/10/03 02:07:30.106, 20117, 25, 3030, 158.86, 4
2026/10/03 02:07:30.156, 20117, 25, 3030, 158.86, 4
2026/10/03 02:07:30.206, 20117, 25, 3030, 158.86, 4
2026/10/03 02:07:30.257, 20117, 25, 3030, 158.86, 4
2026/10/03 02:07:30.307, 20117, 25, 3030, 158.86, 4
2026/10/03 02:07:30.357, 20117, 25, 3030, 158.86, 4
2026/10/03 02:07:30.407, 20117, 25, 3030, 158.86, 4
2026/10/03 02:07:30.458, 20117, 25, 3030, 158.86, 4
2026/10/03 02:07:30.508, 20117, 25, 3030, 158.86, 4
2026/10/03 02:07:30.558, 20117, 25, 3030, 158.86, 4
2026/10/03 02:07:30.608, 20117, 25, 2992, 149.74, 4
2026/10/03 02:07:30.658, 20117, 25, 2992, 149.74, 4
2026/10/03 02:07:30.709, 20117, 25, 2992, 149.74, 4
2026/10/03 02:07:30.759, 20117, 25, 2992, 149.74, 4
2026/10/03 02:07:30.809, 20117, 25, 2992, 149.74, 4
2026/10/03 02:07:30.859, 20117, 25, 2992, 149.74, 4
2026/10/03 02:07:30.910, 20117, 25, 2992, 149.74, 4
2026/10/03 02:07:30.960, 20117, 25, 2992, 149.74, 4
2026/10/03 02:07:31.010, 20117, 25, 2992, 149.74, 4
2026/10/03 02:07:31.060, 20117, 25, 2992, 149.74, 4
2026/10/03 02:07:31.110, 20117, 24, 2805, 149.92, 4
2026/10/03 02:07:31.160, 20117, 24, 2805, 149.92, 4
2026/10/03 02:07:31.211, 20117, 24, 2805, 149.92, 4
2026/10/03 02:07:31.261, 20117, 24, 2805, 149.92, 4
2026/10/03 02:07:31.311, 20117, 24, 2805, 149.92, 4
2026/10/03 02:07:31.361, 20117, 24, 2805, 149.92, 4
2026/10/03 02:07:31.411, 20117, 24, 2805, 149.92, 4
2026/10/03 02:07:31.462, 20117, 24, 2805, 149.92, 4
2026/10/03 02:07:31.512, 20117, 24, 2805, 149.92, 4
2026/10/03 02:07:31.562, 20117, 24, 2805, 149.92, 4
2026/10/03 02:07:31.612, 20117, 24, 2917, 147.66, 4
2026/10/03 02:07:31.662, 20117, 24, 2917, 147.66, 4
2026/10/03 02:07:31.713, 20117, 24, 2917, 147.66, 4
2026/10/03 02:07:31.763, 20117, 24, 2917, 147.66, 4
2026/10/03 02:07:31.813, 20117, 24, 2917, 147.66, 4
2026/10/03 02:07:31.863, 20117, 24, 2917, 147.66, 4
2026/10/03 02:07:31.913, 20117, 24, 2917, 147.66, 4
2026/10/03 02:07:31.963, 20117, 24, 2917, 147.66, 4
2026/10/03 02:07:32.014, 20117, 24, 2917, 147.66, 4
2026/10/03 02:07:32.064, 20117, 24, 2917, 147.66, 4
2026/10/03 02:07:32.114, 20117, 25, 2910, 139.96, 4
2026/10/03 02:07:32.164, 20117, 25, 2910, 139.96, 4
2026/10/03 02:07:32.214, 20117, 25, 2910, 139.96, 4
2026/10/03 02:07:32.264, 20117, 25, 2910, 139.96, 4
2026/10/03 02:07:32.315, 20117, 25, 2910, 139.96, 4
2026/10/03 02:07:32.366, 20117, 25, 2910, 139.96, 4
2026/10/03 02:07:32.416, 20117, 25, 2910, 139.96, 4
2026/10/03 02:07:32.466, 20117, 25, 2910, 139.96, 4
2026/10/03 02:07:32.516, 20117, 25, 2910, 139.96, 4
2026/10/03 02:07:32.567, 20117, 25, 2910, 139.96, 4
2026/10/03 02:07:32.617, 20117, 25, 2932, 131.34, 4
2026/10/03 02:07:32.667, 20117, 25, 2932, 131.34, 4
2026/10/03 02:07:32.717, 20117, 25, 2932, 131.34, 4
2026/10/03 02:07:32.768, 20117, 25, 2932, 131.34, 4
2026/10/03 02:07:32.818, 20117, 25, 2932, 131.34, 4
2026/10/03 02:07:32.868, 20117, 25, 2932, 131.34, 4
2026/10/03 02:07:32.918, 20117, 25, 2932, 131.34, 4
2026/10/03 02:07:32.968, 20117, 25, 2932, 131.34, 4
2026/10/03 02:07:33.019, 20117, 25, 2932, 131.34, 4
2026/10/03 02:07:33.069, 20117, 25, 2932, 131.34, 4
2026/10/03 02:07:33.120, 20117, 21, 2925, 151.77, 4
2026/10/03 02:07:33.170, 20117, 21, 2925, 151.77, 4
2026/10/03 02:07:33.220, 20117, 21, 2925, 151.77, 4
2026/10/03 02:07:33.271, 20117, 21, 2925, 151.77, 4
2026/10/03 02:07:33.321, 20117, 21, 2925, 151.77, 4
2026/10/03 02:07:33.371, 20117, 21, 2925, 151.77, 4
2026/10/03 02:07:33.421, 20117, 21, 2925, 151.77, 4
2026/10/03 02:07:33.472, 20117, 21, 2925, 151.77, 4
2026/10/03 02:07:33.522, 20117, 21, 2925, 151.77, 4
2026/10/03 02:07:33.572, 20117, 21, 2925, 151.77, 4
2026/10/03 02:07:33.622, 20117, 21, 3030, 146.86, 4
2026/10/03 02:07:33.672, 20117, 21, 3030, 146.86, 4
2026/10/03 02:07:33.723, 20117, 21, 3030, 146.86, 4
2026/10/03 02:07:33.773, 20117, 21, 3030, 146.86, 4
2026/10/03 02:07:33.824, 20117, 21, 3030, 146.86, 4
2026/10/03 02:07:33.874, 20117, 21, 3030, 146.86, 4
2026/10/03 02:07:33.924, 20117, 21, 3030, 146.86, 4
2026/10/03 02:07:33.974, 20117, 21, 3030, 146.86, 4
2026/10/03 02:07:34.025, 20117, 21, 3030, 146.86, 4
2026/10/03 02:07:34.075, 20117, 21, 3030, 146.86, 4
2026/10/03 02:07:34.125, 20117, 21, 3030, 155.44, 4
2026/10/03 02:07:34.175, 20117, 21, 3030, 155.44, 4
2026/10/03 02:07:34.225, 20117, 21, 3030, 155.44, 4
2026/10/03 02:07:34.275, 20117, 21, 3030, 155.44, 4
2026/10/03 02:07:34.326, 20117, 21, 3030, 155.44, 4
2026/10/03 02:07:34.376, 20117, 21, 3030, 155.44, 4
2026/10/03 02:07:34.426, 20117, 21, 3030, 155.44, 4
2026/10/03 02:07:34.476, 20117, 21, 3030, 155.44, 4
2026/10/03 02:07:34.527, 20117, 21, 3030, 155.44, 4
2026/10/03 02:07:34.577, 20117, 21, 3030, 155.44, 4
2026/10/03 02:07:34.627, 20117, 21, 3030, 146.57, 4
2026/10/03 02:07:34.677, 20117, 21, 3030, 146.57, 4
2026/10/03 02:07:34.727, 20117, 21, 3030, 146.57, 4
2026/10/03 02:07:34.777, 20117, 21, 3030, 146.57, 4
2026/10/03 02:07:34.828, 20117, 21, 3030, 146.57, 4
2026/10/03 02:07:34.878, 20117, 21, 3030, 146.57, 4
2026/10/03 02:07:34.928, 20117, 21, 3030, 146.57, 4
2026/10/03 02:07:34.978, 20117, 21, 3030, 146.57, 4
2026/10/03 02:07:35.028, 20117, 21, 3030, 146.57, 4
2026/10/03 02:07:35.078, 20117, 21, 3030, 146.57, 4
2026/10/03 02:07:35.128, 20117, 0, 2647, 69.52, 4
2026/10/03 02:07:35.178, 20117, 0, 2647, 69.52, 4
2026/10/03 02:07:35.229, 20117, 0, 2647, 69.52, 4
2026/10/03 02:07:35.279, 20117, 0, 2647, 69.52, 4
2026/10/03 02:07:35.329, 20117, 0, 2647, 69.52, 4
2026/10/03 02:07:35.379, 20117, 0, 2647, 69.52, 4
2026/10/03 02:07:35.430, 20117, 0, 2647, 69.52, 4
2026/10/03 02:07:35.480, 20117, 0, 2647, 69.52, 4
2026/10/03 02:07:35.530, 20117, 0, 2647, 69.52, 4
2026/10/03 02:07:35.580, 20117, 0, 2647, 69.52, 4
2026/10/03 02:07:35.630, 20117, 0, 2647, 69.43, 4
2026/10/03 02:07:35.680, 20117, 0, 2647, 69.43, 4
2026/10/03 02:07:35.731, 20117, 0, 2647, 69.43, 4
2026/10/03 02:07:35.781, 20117, 0, 2647, 69.43, 4
2026/10/03 02:07:35.831, 20117, 0, 2647, 69.43, 4
2026/10/03 02:07:35.881, 20117, 0, 2647, 69.43, 4
2026/10/03 02:07:35.931, 20117, 0, 2647, 69.43, 4
2026/10/03 02:07:35.981, 20117, 0, 2647, 69.43, 4
2026/10/03 02:07:36.032, 20117, 0, 2647, 69.43, 4
2026/10/03 02:07:36.082, 20117, 0, 2647, 69.43, 4
2026/10/03 02:07:36.132, 20117, 0, 2655, 67.67, 4
2026/10/03 02:07:36.182, 20117, 0, 2655, 67.67, 4
2026/10/03 02:07:36.232, 20117, 0, 2655, 67.67, 4
2026/10/03 02:07:36.283, 20117, 0, 2655, 67.67, 4
2026/10/03 02:07:36.333, 20117, 0, 2655, 67.67, 4
2026/10/03 02:07:36.383, 20117, 0, 2655, 67.67, 4
2026/10/03 02:07:36.433, 20117, 0, 2655, 67.67, 4
2026/10/03 02:07:36.483, 20117, 0, 2655, 67.67, 4
2026/10/03 02:07:36.533, 20117, 0, 2655, 67.67, 4
2026/10/03 02:07:36.583, 20117, 0, 2655, 67.67, 4
2026/10/03 02:07:36.634, 20117, 0, 2647, 68.67, 4
2026/10/03 02:07:36.684, 20117, 0, 2647, 68.67, 4
2026/10/03 02:07:36.735, 20117, 0, 2647, 68.67, 4
2026/10/03 02:07:36.785, 20117, 0, 2647, 68.67, 4
2026/10/03 02:07:36.835, 20117, 0, 2647, 68.67, 4
2026/10/03 02:07:36.885, 20117, 0, 2647, 68.67, 4
2026/10/03 02:07:36.935, 20117, 0, 2647, 68.67, 4
2026/10/03 02:07:36.985, 20117, 0, 2647, 68.67, 4
2026/10/03 02:07:37.036, 20117, 0, 2647, 68.67, 4
2026/10/03 02:07:37.086, 20117, 0, 2647, 68.67, 4
2026/10/03 02:07:37.136, 20117, 0, 2647, 67.91, 4
2026/10/03 02:07:37.186, 20117, 0, 2647, 67.91, 4
2026/10/03 02:07:37.236, 20117, 0, 2647, 67.91, 4
2026/10/03 02:07:37.287, 20117, 0, 2647, 67.91, 4
2026/10/03 02:07:37.337, 20117, 0, 2647, 67.91, 4
2026/10/03 02:07:37.387, 20117, 0, 2647, 67.91, 4
2026/10/03 02:07:37.437, 20117, 0, 2647, 67.91, 4
2026/10/03 02:07:37.487, 20117, 0, 2647, 67.91, 4
2026/10/03 02:07:37.537, 20117, 0, 2647, 67.91, 4
2026/10/03 02:07:37.588, 20117, 0, 2647, 67.91, 4
2026/10/03 02:07:37.638, 20117, 0, 2647, 68.22, 4
2026/10/03 02:07:37.688, 20117, 0, 2647, 68.22, 4
2026/10/03 02:07:37.738, 20117, 0, 2647, 68.22, 4
2026/10/03 02:07:37.788, 20117, 0, 2647, 68.22, 4
2026/10/03 02:07:37.838, 20117, 0, 2647, 68.22, 4
2026/10/03 02:07:37.888, 20117, 0, 2647, 68.22, 4
2026/10/03 02:07:37.939, 20117, 0, 2647, 68.22, 4
2026/10/03 02:07:37.989, 20117, 0, 2647, 68.22, 4
2026/10/03 02:07:38.039, 20117, 0, 2647, 68.22, 4
2026/10/03 02:07:38.089, 20117, 0, 2647, 71.01, 4
2026/10/03 02:07:38.139, 20117, 0, 2647, 71.01, 4
2026/10/03 02:07:38.190, 20117, 0, 2647, 71.01, 4
2026/10/03 02:07:38.240, 20119, 0, 2647, 71.01, 4
2026/10/03 02:07:38.290, 20119, 0, 2647, 71.01, 4
2026/10/03 02:07:38.340, 20119, 0, 2647, 71.01, 4
2026/10/03 02:07:38.390, 20119, 0, 2647, 71.01, 4
2026/10/03 02:07:38.440, 20119, 0, 2647, 71.01, 4
2026/10/03 02:07:38.491, 20119, 0, 2647, 71.01, 4
2026/10/03 02:07:38.541, 20119, 0, 2647, 71.01, 4
2026/10/03 02:07:38.591, 20119, 0, 2655, 67.73, 4
2026/10/03 02:07:38.641, 20119, 0, 2655, 67.73, 4
2026/10/03 02:07:38.691, 20119, 0, 2655, 67.73, 4
2026/10/03 02:07:38.741, 20119, 0, 2655, 67.73, 4
2026/10/03 02:07:38.791, 20119, 0, 2655, 67.73, 4
2026/10/03 02:07:38.842, 20119, 0, 2655, 67.73, 4
2026/10/03 02:07:38.892, 20119, 0, 2655, 67.73, 4
2026/10/03 02:07:38.942, 20119, 0, 2655, 67.73, 4
2026/10/03 02:07:38.992, 20119, 0, 2655, 67.73, 4
2026/10/03 02:07:39.042, 20119, 0, 2655, 67.73, 4
2026/10/03 02:07:39.092, 20119, 0, 2647, 69.72, 4
2026/10/03 02:07:39.142, 20119, 0, 2647, 69.72, 4
2026/10/03 02:07:39.193, 20119, 0, 2647, 69.72, 4
2026/10/03 02:07:39.243, 20121, 0, 2647, 69.72, 4
2026/10/03 02:07:39.293, 20121, 0, 2647, 69.72, 4
2026/10/03 02:07:39.343, 20121, 0, 2647, 69.72, 4
2026/10/03 02:07:39.393, 20121, 0, 2647, 69.72, 4
2026/10/03 02:07:39.443, 20121, 0, 2647, 69.72, 4
2026/10/03 02:07:39.494, 20121, 0, 2647, 69.72, 4
2026/10/03 02:07:39.544, 20121, 0, 2647, 69.72, 4
2026/10/03 02:07:39.594, 20121, 0, 2655, 69.00, 4
2026/10/03 02:07:39.644, 20121, 0, 2655, 69.00, 4
2026/10/03 02:07:39.694, 20121, 0, 2655, 69.00, 4
2026/10/03 02:07:39.744, 20121, 0, 2655, 69.00, 4
2026/10/03 02:07:39.794, 20121, 0, 2655, 69.00, 4
2026/10/03 02:07:39.845, 20121, 0, 2655, 69.00, 4
2026/10/03 02:07:39.895, 20121, 0, 2655, 69.00, 4
2026/10/03 02:07:39.945, 20121, 0, 2655, 69.00, 4
2026/10/03 02:07:39.995, 20121, 0, 2655, 69.00, 4
2026/10/03 02:07:40.045, 20121, 0, 2655, 69.00, 4
2026/10/03 02:07:40.095, 20121, 0, 2655, 67.30, 4
2026/10/03 02:07:40.145, 20121, 0, 2655, 67.30, 4
2026/10/03 02:07:40.196, 20121, 0, 2655, 67.30, 4
2026/10/03 02:07:40.246, 20121, 0, 2655, 67.30, 4
2026/10/03 02:07:40.296, 20121, 0, 2655, 67.30, 4
2026/10/03 02:07:40.346, 20121, 0, 2655, 67.30, 4
2026/10/03 02:07:40.396, 20121, 0, 2655, 67.30, 4
2026/10/03 02:07:40.447, 20121, 0, 2655, 67.30, 4
2026/10/03 02:07:40.497, 20121, 0, 2655, 67.30, 4
2026/10/03 02:07:40.547, 20121, 0, 2655, 67.30, 4
2026/10/03 02:07:40.597, 20121, 0, 2647, 68.86, 4
2026/10/03 02:07:40.647, 20121, 0, 2647, 68.86, 4
2026/10/03 02:07:40.697, 20121, 0, 2647, 68.86, 4
2026/10/03 02:07:40.747, 20121, 0, 2647, 68.86, 4
2026/10/03 02:07:40.798, 20121, 0, 2647, 68.86, 4
2026/10/03 02:07:40.848, 20121, 0, 2647, 68.86, 4
2026/10/03 02:07:40.898, 20121, 0, 2647, 68.86, 4
2026/10/03 02:07:40.948, 20121, 0, 2647, 68.86, 4
2026/10/03 02:07:40.998, 20121, 0, 2647, 68.86, 4
2026/10/03 02:07:41.048, 20121, 0, 2647, 68.86, 4
2026/10/03 02:07:41.099, 20121, 0, 2647, 67.53, 4
2026/10/03 02:07:41.149, 20121, 0, 2647, 67.53, 4
2026/10/03 02:07:41.199, 20121, 0, 2647, 67.53, 4
2026/10/03 02:07:41.249, 20121, 0, 2647, 67.53, 4
2026/10/03 02:07:41.299, 20121, 0, 2647, 67.53, 4
2026/10/03 02:07:41.349, 20121, 0, 2647, 67.53, 4
2026/10/03 02:07:41.399, 20121, 0, 2647, 67.53, 4
2026/10/03 02:07:41.450, 20121, 0, 2647, 67.53, 4
2026/10/03 02:07:41.500, 20121, 0, 2647, 67.53, 4
2026/10/03 02:07:41.550, 20121, 0, 2647, 67.53, 4
2026/10/03 02:07:41.600, 20121, 0, 2647, 69.08, 4
2026/10/03 02:07:41.650, 20121, 0, 2647, 69.08, 4
2026/10/03 02:07:41.700, 20121, 0, 2647, 69.08, 4
2026/10/03 02:07:41.751, 20121, 0, 2647, 69.08, 4
2026/10/03 02:07:41.801, 20121, 0, 2647, 69.08, 4
2026/10/03 02:07:41.851, 20121, 0, 2647, 69.08, 4
2026/10/03 02:07:41.901, 20121, 0, 2647, 69.08, 4
2026/10/03 02:07:41.951, 20121, 0, 2647, 69.08, 4
2026/10/03 02:07:42.001, 20123, 0, 2647, 69.08, 4
2026/10/03 02:07:42.051, 20123, 0, 2647, 69.08, 4
2026/10/03 02:07:42.102, 20123, 5, 2647, 71.32, 4
2026/10/03 02:07:42.152, 20123, 5, 2647, 71.32, 4
2026/10/03 02:07:42.202, 20123, 5, 2647, 71.32, 4
2026/10/03 02:07:42.252, 20123, 5, 2647, 71.32, 4
2026/10/03 02:07:42.302, 20123, 5, 2647, 71.32, 4
2026/10/03 02:07:42.352, 20123, 5, 2647, 71.32, 4
2026/10/03 02:07:42.402, 20123, 5, 2647, 71.32, 4
2026/10/03 02:07:42.453, 20123, 5, 2647, 71.32, 4
2026/10/03 02:07:42.503, 20123, 5, 2647, 71.32, 4
2026/10/03 02:07:42.553, 20123, 5, 2647, 71.32, 4
2026/10/03 02:07:42.603, 20123, 5, 2647, 67.94, 4
2026/10/03 02:07:42.653, 20123, 5, 2647, 67.94, 4
2026/10/03 02:07:42.703, 20123, 5, 2647, 67.94, 4
2026/10/03 02:07:42.754, 20123, 5, 2647, 67.94, 4
2026/10/03 02:07:42.804, 20123, 5, 2647, 67.94, 4
2026/10/03 02:07:42.854, 20123, 5, 2647, 67.94, 4
2026/10/03 02:07:42.904, 20123, 5, 2647, 67.94, 4
2026/10/03 02:07:42.954, 20125, 5, 2647, 67.94, 4
2026/10/03 02:07:43.004, 20125, 5, 2647, 67.94, 4
2026/10/03 02:07:43.054, 20125, 5, 2647, 67.94, 4
2026/10/03 02:07:43.105, 20125, 1, 2647, 70.10, 4
2026/10/03 02:07:43.155, 20125, 1, 2647, 70.10, 4
2026/10/03 02:07:43.205, 20125, 1, 2647, 70.10, 4
2026/10/03 02:07:43.255, 20125, 1, 2647, 70.10, 4
2026/10/03 02:07:43.305, 20125, 1, 2647, 70.10, 4
2026/10/03 02:07:43.355, 20125, 1, 2647, 70.10, 4
2026/10/03 02:07:43.406, 20125, 1, 2647, 70.10, 4
2026/10/03 02:07:43.456, 20125, 1, 2647, 70.10, 4
2026/10/03 02:07:43.506, 20125, 1, 2647, 70.10, 4
2026/10/03 02:07:43.556, 20125, 1, 2647, 70.10, 4
2026/10/03 02:07:43.606, 20125, 1, 2655, 68.13, 4
2026/10/03 02:07:43.656, 20125, 1, 2655, 68.13, 4
2026/10/03 02:07:43.706, 20125, 1, 2655, 68.13, 4
2026/10/03 02:07:43.757, 20125, 1, 2655, 68.13, 4
2026/10/03 02:07:43.807, 20127, 1, 2655, 68.13, 4
2026/10/03 02:07:43.857, 20127, 1, 2655, 68.13, 4
2026/10/03 02:07:43.907, 20127, 1, 2655, 68.13, 4
2026/10/03 02:07:43.957, 20127, 1, 2655, 68.13, 4
2026/10/03 02:07:44.007, 20127, 1, 2655, 68.13, 4
2026/10/03 02:07:44.057, 20127, 1, 2655, 68.13, 4
2026/10/03 02:07:44.108, 20127, 0, 2655, 67.82, 4
2026/10/03 02:07:44.158, 20127, 0, 2655, 67.82, 4
2026/10/03 02:07:44.208, 20127, 0, 2655, 67.82, 4
2026/10/03 02:07:44.258, 20127, 0, 2655, 67.82, 4
2026/10/03 02:07:44.308, 20127, 0, 2655, 67.82, 4
2026/10/03 02:07:44.359, 20127, 0, 2655, 67.82, 4
2026/10/03 02:07:44.409, 20127, 0, 2655, 67.82, 4
2026/10/03 02:07:44.459, 20127, 0, 2655, 67.82, 4
2026/10/03 02:07:44.509, 20127, 0, 2655, 67.82, 4
2026/10/03 02:07:44.559, 20127, 0, 2655, 67.82, 4
2026/10/03 02:07:44.609, 20127, 0, 2647, 68.09, 4
2026/10/03 02:07:44.660, 20127, 0, 2647, 68.09, 4
2026/10/03 02:07:44.710, 20127, 0, 2647, 68.09, 4
2026/10/03 02:07:44.760, 20127, 0, 2647, 68.09, 4
2026/10/03 02:07:44.810, 20127, 0, 2647, 68.09, 4
2026/10/03 02:07:44.860, 20127, 0, 2647, 68.09, 4
2026/10/03 02:07:44.910, 20127, 0, 2647, 68.09, 4
2026/10/03 02:07:44.960, 20127, 0, 2647, 68.09, 4
2026/10/03 02:07:45.011, 20127, 0, 2647, 68.09, 4
2026/10/03 02:07:45.061, 20127, 0, 2647, 68.09, 4
2026/10/03 02:07:45.111, 20127, 0, 2647, 67.59, 4
2026/10/03 02:07:45.161, 20127, 0, 2647, 67.59, 4
2026/10/03 02:07:45.211, 20127, 0, 2647, 67.59, 4
2026/10/03 02:07:45.261, 20127, 0, 2647, 67.59, 4
2026/10/03 02:07:45.311, 20127, 0, 2647, 67.59, 4
2026/10/03 02:07:45.362, 20127, 0, 2647, 67.59, 4
2026/10/03 02:07:45.412, 20127, 0, 2647, 67.59, 4
2026/10/03 02:07:45.462, 20127, 0, 2647, 67.59, 4
2026/10/03 02:07:45.512, 20127, 0, 2647, 67.59, 4
2026/10/03 02:07:45.562, 20127, 0, 2647, 67.59, 4
2026/10/03 02:07:45.612, 20127, 0, 2647, 69.76, 4
2026/10/03 02:07:45.662, 20127, 0, 2647, 69.76, 4
2026/10/03 02:07:45.713, 20127, 0, 2647, 69.76, 4
2026/10/03 02:07:45.763, 20127, 0, 2647, 69.76, 4
2026/10/03 02:07:45.813, 20127, 0, 2647, 69.76, 4
2026/10/03 02:07:45.863, 20127, 0, 2647, 69.76, 4
2026/10/03 02:07:45.914, 20127, 0, 2647, 69.76, 4
2026/10/03 02:07:45.964, 20127, 0, 2647, 69.76, 4
2026/10/03 02:07:46.014, 20127, 0, 2647, 69.76, 4
2026/10/03 02:07:46.064, 20127, 0, 2647, 69.76, 4
2026/10/03 02:07:46.114, 20127, 0, 2647, 68.93, 4
2026/10/03 02:07:46.164, 20127, 0, 2647, 68.93, 4
2026/10/03 02:07:46.214, 20127, 0, 2647, 68.93, 4
2026/10/03 02:07:46.265, 20127, 0, 2647, 68.93, 4
2026/10/03 02:07:46.315, 20127, 0, 2647, 68.93, 4
2026/10/03 02:07:46.365, 20127, 0, 2647, 68.93, 4
2026/10/03 02:07:46.415, 20127, 0, 2647, 68.93, 4
2026/10/03 02:07:46.465, 20127, 0, 2647, 68.93, 4
2026/10/03 02:07:46.515, 20127, 0, 2647, 68.93, 4
2026/10/03 02:07:46.565, 20129, 0, 2647, 68.93, 4
2026/10/03 02:07:46.616, 20129, 0, 2647, 69.12, 4
2026/10/03 02:07:46.666, 20129, 0, 2647, 69.12, 4
2026/10/03 02:07:46.716, 20129, 0, 2647, 69.12, 4
2026/10/03 02:07:46.766, 20129, 0, 2647, 69.12, 4
2026/10/03 02:07:46.816, 20129, 0, 2647, 69.12, 4
2026/10/03 02:07:46.866, 20129, 0, 2647, 69.12, 4
2026/10/03 02:07:46.916, 20129, 0, 2647, 69.12, 4
2026/10/03 02:07:46.967, 20129, 0, 2647, 69.12, 4
2026/10/03 02:07:47.017, 20129, 0, 2647, 69.12, 4
2026/10/03 02:07:47.067, 20129, 0, 2647, 69.12, 4
2026/10/03 02:07:47.117, 20129, 0, 2647, 69.29, 4
2026/10/03 02:07:47.167, 20129, 0, 2647, 69.29, 4
2026/10/03 02:07:47.217, 20129, 0, 2647, 69.29, 4
2026/10/03 02:07:47.267, 20129, 0, 2647, 69.29, 4
2026/10/03 02:07:47.318, 20129, 0, 2647, 69.29, 4
2026/10/03 02:07:47.368, 20129, 0, 2647, 69.29, 4
2026/10/03 02:07:47.418, 20129, 0, 2647, 69.29, 4
2026/10/03 02:07:47.468, 20131, 0, 2647, 69.29, 4
2026/10/03 02:07:47.518, 20131, 0, 2647, 69.29, 4
2026/10/03 02:07:47.568, 20131, 0, 2647, 69.29, 4
2026/10/03 02:07:47.619, 20131, 0, 2647, 68.35, 4
2026/10/03 02:07:47.669, 20131, 0, 2647, 68.35, 4
2026/10/03 02:07:47.719, 20131, 0, 2647, 68.35, 4
2026/10/03 02:07:47.769, 20131, 0, 2647, 68.35, 4
2026/10/03 02:07:47.819, 20131, 0, 2647, 68.35, 4
2026/10/03 02:07:47.869, 20131, 0, 2647, 68.35, 4
2026/10/03 02:07:47.920, 20131, 0, 2647, 68.35, 4
2026/10/03 02:07:47.970, 20131, 0, 2647, 68.35, 4
2026/10/03 02:07:48.020, 20131, 0, 2647, 68.35, 4
2026/10/03 02:07:48.070, 20131, 0, 2647, 68.35, 4
2026/10/03 02:07:48.120, 20131, 0, 2647, 68.81, 4
2026/10/03 02:07:48.170, 20131, 0, 2647, 68.81, 4
2026/10/03 02:07:48.221, 20131, 0, 2647, 68.81, 4
2026/10/03 02:07:48.271, 20131, 0, 2647, 68.81, 4
2026/10/03 02:07:48.321, 20131, 0, 2647, 68.81, 4
2026/10/03 02:07:48.371, 20131, 0, 2647, 68.81, 4
2026/10/03 02:07:48.421, 20131, 0, 2647, 68.81, 4
2026/10/03 02:07:48.472, 20131, 0, 2647, 68.81, 4
2026/10/03 02:07:48.522, 20131, 0, 2647, 68.81, 4
2026/10/03 02:07:48.572, 20131, 0, 2647, 68.81, 4
2026/10/03 02:07:48.622, 20131, 0, 2647, 67.53, 4
2026/10/03 02:07:48.672, 20131, 0, 2647, 67.53, 4
2026/10/03 02:07:48.722, 20131, 0, 2647, 67.53, 4
2026/10/03 02:07:48.772, 20131, 0, 2647, 67.53, 4
2026/10/03 02:07:48.823, 20131, 0, 2647, 67.53, 4
2026/10/03 02:07:48.873, 20131, 0, 2647, 67.53, 4
2026/10/03 02:07:48.923, 20131, 0, 2647, 67.53, 4
2026/10/03 02:07:48.973, 20131, 0, 2647, 67.53, 4
2026/10/03 02:07:49.023, 20131, 0, 2647, 67.53, 4
2026/10/03 02:07:49.073, 20131, 0, 2647, 67.53, 4
2026/10/03 02:07:49.123, 20131, 0, 2647, 68.09, 4
2026/10/03 02:07:49.174, 20131, 0, 2647, 68.09, 4
2026/10/03 02:07:49.224, 20131, 0, 2647, 68.09, 4
2026/10/03 02:07:49.274, 20131, 0, 2647, 68.09, 4
2026/10/03 02:07:49.324, 20131, 0, 2647, 68.09, 4
2026/10/03 02:07:49.374, 20131, 0, 2647, 68.09, 4
2026/10/03 02:07:49.424, 20131, 0, 2647, 68.09, 4
2026/10/03 02:07:49.474, 20131, 0, 2647, 68.09, 4
2026/10/03 02:07:49.525, 20131, 0, 2647, 68.09, 4
2026/10/03 02:07:49.575, 20131, 0, 2647, 68.09, 4
2026/10/03 02:07:49.625, 20131, 0, 2647, 70.49, 4
2026/10/03 02:07:49.675, 20131, 0, 2647, 70.49, 4
2026/10/03 02:07:49.725, 20131, 0, 2647, 70.49, 4
2026/10/03 02:07:49.775, 20131, 0, 2647, 70.49, 4
2026/10/03 02:07:49.825, 20131, 0, 2647, 70.49, 4
2026/10/03 02:07:49.876, 20131, 0, 2647, 70.49, 4
2026/10/03 02:07:49.926, 20131, 0, 2647, 70.49, 4
2026/10/03 02:07:49.976, 20131, 0, 2647, 70.49, 4
2026/10/03 02:07:50.026, 20131, 0, 2647, 70.49, 4
2026/10/03 02:07:50.076, 20131, 0, 2647, 70.49, 4
2026/10/03 02:07:50.126, 20133, 0, 2647, 67.40, 4
2026/10/03 02:07:50.176, 20133, 0, 2647, 67.40, 4
2026/10/03 02:07:50.227, 20133, 0, 2647, 67.40, 4
2026/10/03 02:07:50.277, 20133, 0, 2647, 67.40, 4
2026/10/03 02:07:50.327, 20133, 0, 2647, 67.40, 4
2026/10/03 02:07:50.377, 20133, 0, 2647, 67.40, 4
2026/10/03 02:07:50.427, 20133, 0, 2647, 67.40, 4
2026/10/03 02:07:50.477, 20133, 0, 2647, 67.40, 4
2026/10/03 02:07:50.528, 20133, 0, 2647, 67.40, 4
2026/10/03 02:07:50.578, 20133, 0, 2647, 67.40, 4
2026/10/03 02:07:50.628, 20133, 0, 2647, 69.93, 4
2026/10/03 02:07:50.678, 20133, 0, 2647, 69.93, 4
2026/10/03 02:07:50.728, 20133, 0, 2647, 69.93, 4
2026/10/03 02:07:50.778, 20133, 0, 2647, 69.93, 4
2026/10/03 02:07:50.828, 20133, 0, 2647, 69.93, 4
2026/10/03 02:07:50.879, 20133, 0, 2647, 69.93, 4
2026/10/03 02:07:50.929, 20133, 0, 2647, 69.93, 4
2026/10/03 02:07:50.979, 20135, 0, 2647, 69.93, 4
2026/10/03 02:07:51.029, 20135, 0, 2647, 69.93, 4
2026/10/03 02:07:51.079, 20135, 0, 2647, 69.93, 4
2026/10/03 02:07:51.129, 20135, 6, 2647, 69.44, 4
2026/10/03 02:07:51.179, 20135, 6, 2647, 69.44, 4
2026/10/03 02:07:51.230, 20135, 6, 2647, 69.44, 4
2026/10/03 02:07:51.280, 20135, 6, 2647, 69.44, 4
2026/10/03 02:07:51.330, 20135, 6, 2647, 69.44, 4
2026/10/03 02:07:51.380, 20135, 6, 2647, 69.44, 4
2026/10/03 02:07:51.431, 20135, 6, 2647, 69.44, 4
2026/10/03 02:07:51.481, 20135, 6, 2647, 69.44, 4
2026/10/03 02:07:51.531, 20135, 6, 2647, 69.44, 4
2026/10/03 02:07:51.581, 20135, 6, 2647, 69.44, 4
2026/10/03 02:07:51.631, 20135, 6, 2647, 67.54, 4
2026/10/03 02:07:51.681, 20135, 6, 2647, 67.54, 4
2026/10/03 02:07:51.732, 20135, 6, 2647, 67.54, 4
2026/10/03 02:07:51.782, 20135, 6, 2647, 67.54, 4
2026/10/03 02:07:51.832, 20135, 6, 2647, 67.54, 4
2026/10/03 02:07:51.882, 20135, 6, 2647, 67.54, 4
2026/10/03 02:07:51.932, 20135, 6, 2647, 67.54, 4
2026/10/03 02:07:51.982, 20135, 6, 2647, 67.54, 4
2026/10/03 02:07:52.032, 20135, 6, 2647, 67.54, 4
2026/10/03 02:07:52.083, 20135, 6, 2647, 67.54, 4
2026/10/03 02:07:52.133, 20135, 0, 2647, 68.94, 4
2026/10/03 02:07:52.183, 20135, 0, 2647, 68.94, 4
2026/10/03 02:07:52.233, 20135, 0, 2647, 68.94, 4
2026/10/03 02:07:52.283, 20135, 0, 2647, 68.94, 4
2026/10/03 02:07:52.333, 20135, 0, 2647, 68.94, 4
2026/10/03 02:07:52.383, 20135, 0, 2647, 68.94, 4
2026/10/03 02:07:52.434, 20135, 0, 2647, 68.94, 4
2026/10/03 02:07:52.484, 20135, 0, 2647, 68.94, 4
2026/10/03 02:07:52.534, 20135, 0, 2647, 68.94, 4
2026/10/03 02:07:52.584, 20135, 0, 2647, 68.94, 4
2026/10/03 02:07:52.634, 20135, 0, 2647, 67.60, 4
2026/10/03 02:07:52.684, 20135, 0, 2647, 67.60, 4
2026/10/03 02:07:52.735, 20135, 0, 2647, 67.60, 4
2026/10/03 02:07:52.785, 20135, 0, 2647, 67.60, 4
2026/10/03 02:07:52.835, 20135, 0, 2647, 67.60, 4
2026/10/03 02:07:52.885, 20135, 0, 2647, 67.60, 4
2026/10/03 02:07:52.935, 20135, 0, 2647, 67.60, 4
2026/10/03 02:07:52.985, 20135, 0, 2647, 67.60, 4
2026/10/03 02:07:53.035, 20135, 0, 2647, 67.60, 4
2026/10/03 02:07:53.086, 20135, 0, 2647, 67.60, 4
2026/10/03 02:07:53.136, 20135, 0, 2655, 69.18, 4
2026/10/03 02:07:53.186, 20135, 0, 2655, 69.18, 4
2026/10/03 02:07:53.236, 20135, 0, 2655, 69.18, 4
2026/10/03 02:07:53.286, 20135, 0, 2655, 69.18, 4
2026/10/03 02:07:53.336, 20135, 0, 2655, 69.18, 4
2026/10/03 02:07:53.387, 20135, 0, 2655, 69.18, 4
2026/10/03 02:07:53.437, 20135, 0, 2655, 69.18, 4
2026/10/03 02:07:53.487, 20135, 0, 2655, 69.18, 4
2026/10/03 02:07:53.537, 20135, 0, 2655, 69.18, 4
2026/10/03 02:07:53.587, 20135, 0, 2655, 69.18, 4
2026/10/03 02:07:53.637, 20135, 0, 2647, 69.83, 4
2026/10/03 02:07:53.687, 20135, 0, 2647, 69.83, 4
2026/10/03 02:07:53.737, 20137, 0, 2647, 69.83, 4
2026/10/03 02:07:53.788, 20137, 0, 2647, 69.83, 4
2026/10/03 02:07:53.838, 20137, 0, 2647, 69.83, 4
2026/10/03 02:07:53.888, 20137, 0, 2647, 69.83, 4
2026/10/03 02:07:53.938, 20137, 0, 2647, 69.83, 4
2026/10/03 02:07:53.988, 20137, 0, 2647, 69.83, 4
2026/10/03 02:07:54.038, 20137, 0, 2647, 69.83, 4
2026/10/03 02:07:54.088, 20137, 0, 2655, 68.18, 4
2026/10/03 02:07:54.139, 20137, 0, 2655, 68.18, 4
2026/10/03 02:07:54.189, 20137, 0, 2655, 68.18, 4
2026/10/03 02:07:54.239, 20137, 0, 2655, 68.18, 4
2026/10/03 02:07:54.289, 20137, 0, 2655, 68.18, 4
2026/10/03 02:07:54.339, 20137, 0, 2655, 68.18, 4
2026/10/03 02:07:54.389, 20137, 0, 2655, 68.18, 4
2026/10/03 02:07:54.440, 20137, 0, 2655, 68.18, 4
2026/10/03 02:07:54.490, 20137, 0, 2655, 68.18, 4
2026/10/03 02:07:54.540, 20137, 0, 2655, 68.18, 4
2026/10/03 02:07:54.590, 20139, 0, 2655, 69.79, 4
2026/10/03 02:07:54.641, 20139, 0, 2655, 69.79, 4
2026/10/03 02:07:54.691, 20139, 0, 2655, 69.79, 4
2026/10/03 02:07:54.742, 20139, 0, 2655, 69.79, 4
2026/10/03 02:07:54.792, 20139, 0, 2655, 69.79, 4
2026/10/03 02:07:54.843, 20139, 0, 2655, 69.79, 4
2026/10/03 02:07:54.893, 20139, 0, 2655, 69.79, 4
2026/10/03 02:07:54.944, 20139, 0, 2655, 69.79, 4
2026/10/03 02:07:54.994, 20139, 0, 2655, 69.79, 4
2026/10/03 02:07:55.045, 20139, 0, 2655, 69.79, 4
2026/10/03 02:07:55.095, 20139, 0, 2655, 69.53, 4
2026/10/03 02:07:55.145, 20139, 0, 2655, 69.53, 4
2026/10/03 02:07:55.195, 20139, 0, 2655, 69.53, 4
2026/10/03 02:07:55.245, 20139, 0, 2655, 69.53, 4
2026/10/03 02:07:55.296, 20139, 0, 2655, 69.53, 4
2026/10/03 02:07:55.347, 20139, 0, 2655, 69.53, 4
2026/10/03 02:07:55.397, 20139, 0, 2655, 69.53, 4
2026/10/03 02:07:55.447, 20139, 0, 2655, 69.53, 4
2026/10/03 02:07:55.498, 20139, 0, 2655, 69.53, 4
2026/10/03 02:07:55.549, 20139, 0, 2655, 69.53, 4
2026/10/03 02:07:55.599, 20139, 0, 2647, 68.42, 4
2026/10/03 02:07:55.650, 20139, 0, 2647, 68.42, 4
2026/10/03 02:07:55.700, 20139, 0, 2647, 68.42, 4
2026/10/03 02:07:55.750, 20139, 0, 2647, 68.42, 4
2026/10/03 02:07:55.800, 20139, 0, 2647, 68.42, 4
2026/10/03 02:07:55.850, 20139, 0, 2647, 68.42, 4
2026/10/03 02:07:55.900, 20139, 0, 2647, 68.42, 4
2026/10/03 02:07:55.950, 20139, 0, 2647, 68.42, 4
2026/10/03 02:07:56.001, 20139, 0, 2647, 68.42, 4
2026/10/03 02:07:56.051, 20139, 0, 2647, 68.42, 4
2026/10/03 02:07:56.101, 20139, 0, 2647, 68.19, 4
2026/10/03 02:07:56.151, 20139, 0, 2647, 68.19, 4
2026/10/03 02:07:56.201, 20139, 0, 2647, 68.19, 4
2026/10/03 02:07:56.251, 20139, 0, 2647, 68.19, 4
2026/10/03 02:07:56.301, 20139, 0, 2647, 68.19, 4
2026/10/03 02:07:56.352, 20139, 0, 2647, 68.19, 4
2026/10/03 02:07:56.402, 20139, 0, 2647, 68.19, 4
2026/10/03 02:07:56.452, 20139, 0, 2647, 68.19, 4
2026/10/03 02:07:56.502, 20139, 0, 2647, 68.19, 4
2026/10/03 02:07:56.552, 20139, 0, 2647, 68.19, 4
2026/10/03 02:07:56.602, 20139, 0, 2655, 67.75, 4
2026/10/03 02:07:56.652, 20139, 0, 2655, 67.75, 4
2026/10/03 02:07:56.703, 20139, 0, 2655, 67.75, 4
2026/10/03 02:07:56.753, 20139, 0, 2655, 67.75, 4
2026/10/03 02:07:56.803, 20139, 0, 2655, 67.75, 4
2026/10/03 02:07:56.853, 20139, 0, 2655, 67.75, 4
2026/10/03 02:07:56.903, 20139, 0, 2655, 67.75, 4
2026/10/03 02:07:56.953, 20139, 0, 2655, 67.75, 4
2026/10/03 02:07:57.003, 20139, 0, 2655, 67.75, 4
2026/10/03 02:07:57.054, 20139, 0, 2655, 67.75, 4
2026/10/03 02:07:57.104, 20139, 0, 2647, 69.72, 4
2026/10/03 02:07:57.154, 20139, 0, 2647, 69.72, 4
2026/10/03 02:07:57.204, 20139, 0, 2647, 69.72, 4
2026/10/03 02:07:57.254, 20139, 0, 2647, 69.72, 4
2026/10/03 02:07:57.304, 20141, 0, 2647, 69.72, 4
2026/10/03 02:07:57.354, 20141, 0, 2647, 69.72, 4
2026/10/03 02:07:57.405, 20141, 0, 2647, 69.72, 4
2026/10/03 02:07:57.455, 20141, 0, 2647, 69.72, 4
2026/10/03 02:07:57.505, 20141, 0, 2647, 69.72, 4
2026/10/03 02:07:57.555, 20141, 0, 2647, 69.72, 4
2026/10/03 02:07:57.605, 20141, 0, 2655, 68.49, 4
2026/10/03 02:07:57.655, 20141, 0, 2655, 68.49, 4
2026/10/03 02:07:57.705, 20141, 0, 2655, 68.49, 4
2026/10/03 02:07:57.756, 20141, 0, 2655, 68.49, 4
2026/10/03 02:07:57.806, 20143, 0, 2655, 68.49, 4
2026/10/03 02:07:57.856, 20143, 0, 2655, 68.49, 4
2026/10/03 02:07:57.906, 20143, 0, 2655, 68.49, 4
2026/10/03 02:07:57.956, 20143, 0, 2655, 68.49, 4
2026/10/03 02:07:58.006, 20143, 0, 2655, 68.49, 4
2026/10/03 02:07:58.056, 20143, 0, 2655, 68.49, 4
2026/10/03 02:07:58.107, 20143, 0, 2655, 69.11, 4
2026/10/03 02:07:58.157, 20143, 0, 2655, 69.11, 4
2026/10/03 02:07:58.207, 20143, 0, 2655, 69.11, 4
2026/10/03 02:07:58.257, 20143, 0, 2655, 69.11, 4
2026/10/03 02:07:58.307, 20143, 0, 2655, 69.11, 4
2026/10/03 02:07:58.357, 20143, 0, 2655, 69.11, 4
2026/10/03 02:07:58.408, 20143, 0, 2655, 69.11, 4
2026/10/03 02:07:58.458, 20143, 0, 2655, 69.11, 4
2026/10/03 02:07:58.508, 20143, 0, 2655, 69.11, 4
2026/10/03 02:07:58.558, 20143, 0, 2655, 69.11, 4
2026/10/03 02:07:58.608, 20143, 0, 2655, 69.18, 4
2026/10/03 02:07:58.658, 20143, 0, 2655, 69.18, 4
2026/10/03 02:07:58.709, 20143, 0, 2655, 69.18, 4
2026/10/03 02:07:58.759, 20143, 0, 2655, 69.18, 4
2026/10/03 02:07:58.809, 20143, 0, 2655, 69.18, 4
2026/10/03 02:07:58.859, 20143, 0, 2655, 69.18, 4
2026/10/03 02:07:58.909, 20143, 0, 2655, 69.18, 4
2026/10/03 02:07:58.959, 20143, 0, 2655, 69.18, 4
2026/10/03 02:07:59.009, 20143, 0, 2655, 69.18, 4
2026/10/03 02:07:59.060, 20143, 0, 2655, 69.18, 4
2026/10/03 02:07:59.110, 20143, 0, 2647, 67.29, 4
2026/10/03 02:07:59.160, 20143, 0, 2647, 67.29, 4
2026/10/03 02:07:59.210, 20143, 0, 2647, 67.29, 4
2026/10/03 02:07:59.260, 20143, 0, 2647, 67.29, 4
2026/10/03 02:07:59.310, 20143, 0, 2647, 67.29, 4
2026/10/03 02:07:59.360, 20143, 0, 2647, 67.29, 4
2026/10/03 02:07:59.411, 20143, 0, 2647, 67.29, 4
2026/10/03 02:07:59.461, 20143, 0, 2647, 67.29, 4
2026/10/03 02:07:59.511, 20143, 0, 2647, 67.29, 4
2026/10/03 02:07:59.561, 20143, 0, 2647, 67.29, 4
2026/10/03 02:07:59.611, 20143, 0, 2647, 68.72, 4
2026/10/03 02:07:59.661, 20143, 0, 2647, 68.72, 4
2026/10/03 02:07:59.711, 20143, 0, 2647, 68.72, 4
2026/10/03 02:07:59.762, 20143, 0, 2647, 68.72, 4
2026/10/03 02:07:59.812, 20143, 0, 2647, 68.72, 4
2026/10/03 02:07:59.862, 20143, 0, 2647, 68.72, 4
2026/10/03 02:07:59.912, 20143, 0, 2647, 68.72, 4
2026/10/03 02:07:59.962, 20143, 0, 2647, 68.72, 4
2026/10/03 02:08:00.012, 20143, 0, 2647, 68.72, 4
2026/10/03 02:08:00.063, 20143, 0, 2647, 68.72, 4
2026/10/03 02:08:00.113, 20143, 0, 2655, 67.57, 4
2026/10/03 02:08:00.163, 20143, 0, 2655, 67.57, 4
2026/10/03 02:08:00.213, 20143, 0, 2655, 67.57, 4
2026/10/03 02:08:00.263, 20143, 0, 2655, 67.57, 4
2026/10/03 02:08:00.313, 20143, 0, 2655, 67.57, 4
2026/10/03 02:08:00.363, 20143, 0, 2655, 67.57, 4
2026/10/03 02:08:00.414, 20143, 0, 2655, 67.57, 4
2026/10/03 02:08:00.464, 20143, 0, 2655, 67.57, 4
2026/10/03 02:08:00.514, 20143, 0, 2655, 67.57, 4
2026/10/03 02:08:00.564, 20143, 0, 2655, 67.57, 4
2026/10/03 02:08:00.614, 20143, 0, 2647, 68.10, 4
2026/10/03 02:08:00.664, 20143, 0, 2647, 68.10, 4
2026/10/03 02:08:00.714, 20145, 0, 2647, 68.10, 4
2026/10/03 02:08:00.765, 20145, 0, 2647, 68.10, 4
2026/10/03 02:08:00.815, 20145, 0, 2647, 68.10, 4
2026/10/03 02:08:00.865, 20145, 0, 2647, 68.10, 4
2026/10/03 02:08:00.915, 20145, 0, 2647, 68.10, 4
2026/10/03 02:08:00.966, 20145, 0, 2647, 68.10, 4
2026/10/03 02:08:01.016, 20145, 0, 2647, 68.10, 4
2026/10/03 02:08:01.066, 20145, 0, 2647, 68.10, 4
2026/10/03 02:08:01.116, 20145, 0, 2655, 70.60, 4
2026/10/03 02:08:01.166, 20145, 0, 2655, 70.60, 4
2026/10/03 02:08:01.216, 20147, 0, 2655, 70.60, 4
2026/10/03 02:08:01.266, 20147, 0, 2655, 70.60, 4
2026/10/03 02:08:01.317, 20147, 0, 2655, 70.60, 4
2026/10/03 02:08:01.367, 20147, 0, 2655, 70.60, 4
2026/10/03 02:08:01.417, 20147, 0, 2655, 70.60, 4
2026/10/03 02:08:01.467, 20147, 0, 2655, 70.60, 4
2026/10/03 02:08:01.517, 20147, 0, 2655, 70.60, 4
2026/10/03 02:08:01.567, 20147, 0, 2655, 70.60, 4
2026/10/03 02:08:01.617, 20147, 0, 2655, 67.38, 4
2026/10/03 02:08:01.668, 20147, 0, 2655, 67.38, 4
2026/10/03 02:08:01.718, 20147, 0, 2655, 67.38, 4
2026/10/03 02:08:01.768, 20147, 0, 2655, 67.38, 4
2026/10/03 02:08:01.818, 20147, 0, 2655, 67.38, 4
2026/10/03 02:08:01.868, 20147, 0, 2655, 67.38, 4
2026/10/03 02:08:01.918, 20147, 0, 2655, 67.38, 4
2026/10/03 02:08:01.968, 20147, 0, 2655, 67.38, 4
2026/10/03 02:08:02.019, 20147, 0, 2655, 67.38, 4
2026/10/03 02:08:02.069, 20147, 0, 2655, 67.38, 4
2026/10/03 02:08:02.119, 20147, 0, 2655, 70.03, 4
2026/10/03 02:08:02.169, 20147, 0, 2655, 70.03, 4
2026/10/03 02:08:02.219, 20147, 0, 2655, 70.03, 4
2026/10/03 02:08:02.270, 20147, 0, 2655, 70.03, 4
2026/10/03 02:08:02.320, 20147, 0, 2655, 70.03, 4
2026/10/03 02:08:02.370, 20147, 0, 2655, 70.03, 4
2026/10/03 02:08:02.420, 20147, 0, 2655, 70.03, 4
2026/10/03 02:08:02.470, 20147, 0, 2655, 70.03, 4
2026/10/03 02:08:02.520, 20147, 0, 2655, 70.03, 4
2026/10/03 02:08:02.571, 20147, 0, 2655, 70.03, 4
2026/10/03 02:08:02.621, 20147, 0, 2647, 69.07, 4
2026/10/03 02:08:02.671, 20147, 0, 2647, 69.07, 4
2026/10/03 02:08:02.721, 20147, 0, 2647, 69.07, 4
2026/10/03 02:08:02.771, 20147, 0, 2647, 69.07, 4
2026/10/03 02:08:02.821, 20147, 0, 2647, 69.07, 4
2026/10/03 02:08:02.872, 20147, 0, 2647, 69.07, 4
2026/10/03 02:08:02.922, 20147, 0, 2647, 69.07, 4
2026/10/03 02:08:02.972, 20147, 0, 2647, 69.07, 4
2026/10/03 02:08:03.022, 20147, 0, 2647, 69.07, 4
2026/10/03 02:08:03.072, 20147, 0, 2647, 69.07, 4
2026/10/03 02:08:03.122, 20147, 0, 2647, 67.35, 4
2026/10/03 02:08:03.172, 20147, 0, 2647, 67.35, 4
2026/10/03 02:08:03.223, 20147, 0, 2647, 67.35, 4
2026/10/03 02:08:03.273, 20149, 0, 2647, 67.35, 4
2026/10/03 02:08:03.323, 20149, 0, 2647, 67.35, 4
2026/10/03 02:08:03.373, 20149, 0, 2647, 67.35, 4
2026/10/03 02:08:03.423, 20149, 0, 2647, 67.35, 4
2026/10/03 02:08:03.473, 20149, 0, 2647, 67.35, 4
2026/10/03 02:08:03.523, 20149, 0, 2647, 67.35, 4
2026/10/03 02:08:03.574, 20149, 0, 2647, 67.35, 4
2026/10/03 02:08:03.624, 20149, 0, 2655, 68.68, 4
2026/10/03 02:08:03.674, 20149, 0, 2655, 68.68, 4
2026/10/03 02:08:03.724, 20149, 0, 2655, 68.68, 4
2026/10/03 02:08:03.774, 20149, 0, 2655, 68.68, 4
2026/10/03 02:08:03.824, 20149, 0, 2655, 68.68, 4
2026/10/03 02:08:03.874, 20149, 0, 2655, 68.68, 4
2026/10/03 02:08:03.925, 20149, 0, 2655, 68.68, 4
2026/10/03 02:08:03.975, 20149, 0, 2655, 68.68, 4
2026/10/03 02:08:04.025, 20149, 0, 2655, 68.68, 4
2026/10/03 02:08:04.075, 20149, 0, 2655, 68.68, 4
2026/10/03 02:08:04.125, 20149, 0, 2647, 67.35, 4
2026/10/03 02:08:04.175, 20149, 0, 2647, 67.35, 4
2026/10/03 02:08:04.225, 20149, 0, 2647, 67.35, 4
2026/10/03 02:08:04.276, 20149, 0, 2647, 67.35, 4
2026/10/03 02:08:04.326, 20149, 0, 2647, 67.35, 4
2026/10/03 02:08:04.376, 20149, 0, 2647, 67.35, 4
2026/10/03 02:08:04.426, 20149, 0, 2647, 67.35, 4
2026/10/03 02:08:04.476, 20149, 0, 2647, 67.35, 4
2026/10/03 02:08:04.527, 20149, 0, 2647, 67.35, 4
2026/10/03 02:08:04.577, 20149, 0, 2647, 67.35, 4
2026/10/03 02:08:04.627, 20149, 0, 2655, 69.05, 4
2026/10/03 02:08:04.677, 20149, 0, 2655, 69.05, 4
2026/10/03 02:08:04.728, 20151, 0, 2655, 69.05, 4
2026/10/03 02:08:04.778, 20151, 0, 2655, 69.05, 4
2026/10/03 02:08:04.828, 20151, 0, 2655, 69.05, 4
2026/10/03 02:08:04.878, 20151, 0, 2655, 69.05, 4
2026/10/03 02:08:04.928, 20151, 0, 2655, 69.05, 4
2026/10/03 02:08:04.978, 20151, 0, 2655, 69.05, 4
2026/10/03 02:08:05.028, 20151, 0, 2655, 69.05, 4
2026/10/03 02:08:05.079, 20151, 0, 2655, 69.05, 4
2026/10/03 02:08:05.129, 20151, 0, 2655, 69.85, 4
2026/10/03 02:08:05.179, 20151, 0, 2655, 69.85, 4
2026/10/03 02:08:05.229, 20151, 0, 2655, 69.85, 4
2026/10/03 02:08:05.279, 20151, 0, 2655, 69.85, 4
2026/10/03 02:08:05.329, 20151, 0, 2655, 69.85, 4
2026/10/03 02:08:05.380, 20151, 0, 2655, 69.85, 4
2026/10/03 02:08:05.430, 20151, 0, 2655, 69.85, 4
2026/10/03 02:08:05.480, 20151, 0, 2655, 69.85, 4
2026/10/03 02:08:05.530, 20151, 0, 2655, 69.85, 4
2026/10/03 02:08:05.580, 20151, 0, 2655, 69.85, 4
2026/10/03 02:08:05.630, 20151, 0, 2655, 68.26, 4
2026/10/03 02:08:05.680, 20151, 0, 2655, 68.26, 4
2026/10/03 02:08:05.731, 20151, 0, 2655, 68.26, 4
2026/10/03 02:08:05.781, 20151, 0, 2655, 68.26, 4
2026/10/03 02:08:05.831, 20151, 0, 2655, 68.26, 4
2026/10/03 02:08:05.881, 20151, 0, 2655, 68.26, 4
2026/10/03 02:08:05.931, 20151, 0, 2655, 68.26, 4
2026/10/03 02:08:05.981, 20151, 0, 2655, 68.26, 4
2026/10/03 02:08:06.031, 20151, 0, 2655, 68.26, 4
2026/10/03 02:08:06.082, 20151, 0, 2655, 68.26, 4
2026/10/03 02:08:06.132, 20151, 0, 2647, 69.35, 4
2026/10/03 02:08:06.182, 20151, 0, 2647, 69.35, 4
2026/10/03 02:08:06.232, 20151, 0, 2647, 69.35, 4
2026/10/03 02:08:06.282, 20151, 0, 2647, 69.35, 4
2026/10/03 02:08:06.332, 20151, 0, 2647, 69.35, 4
2026/10/03 02:08:06.382, 20151, 0, 2647, 69.35, 4
2026/10/03 02:08:06.433, 20151, 0, 2647, 69.35, 4
2026/10/03 02:08:06.483, 20151, 0, 2647, 69.35, 4
2026/10/03 02:08:06.533, 20151, 0, 2647, 69.35, 4
2026/10/03 02:08:06.583, 20151, 0, 2647, 69.35, 4
2026/10/03 02:08:06.633, 20151, 0, 2647, 68.07, 4
2026/10/03 02:08:06.683, 20151, 0, 2647, 68.07, 4
2026/10/03 02:08:06.733, 20151, 0, 2647, 68.07, 4
2026/10/03 02:08:06.784, 20153, 0, 2647, 68.07, 4
2026/10/03 02:08:06.834, 20153, 0, 2647, 68.07, 4
2026/10/03 02:08:06.884, 20153, 0, 2647, 68.07, 4
2026/10/03 02:08:06.934, 20153, 0, 2647, 68.07, 4
2026/10/03 02:08:06.984, 20153, 0, 2647, 68.07, 4
2026/10/03 02:08:07.034, 20153, 0, 2647, 68.07, 4
2026/10/03 02:08:07.084, 20153, 0, 2647, 68.07, 4
2026/10/03 02:08:07.135, 20153, 0, 2655, 68.19, 4
2026/10/03 02:08:07.185, 20153, 0, 2655, 68.19, 4
2026/10/03 02:08:07.235, 20153, 0, 2655, 68.19, 4
2026/10/03 02:08:07.285, 20153, 0, 2655, 68.19, 4
2026/10/03 02:08:07.335, 20153, 0, 2655, 68.19, 4
2026/10/03 02:08:07.385, 20153, 0, 2655, 68.19, 4
2026/10/03 02:08:07.435, 20153, 0, 2655, 68.19, 4
2026/10/03 02:08:07.486, 20153, 0, 2655, 68.19, 4
2026/10/03 02:08:07.536, 20153, 0, 2655, 68.19, 4
2026/10/03 02:08:07.586, 20153, 0, 2655, 68.19, 4
2026/10/03 02:08:07.636, 20153, 0, 2647, 67.86, 4
2026/10/03 02:08:07.686, 20153, 0, 2647, 67.86, 4
2026/10/03 02:08:07.736, 20153, 0, 2647, 67.86, 4
2026/10/03 02:08:07.787, 20153, 0, 2647, 67.86, 4
2026/10/03 02:08:07.837, 20153, 0, 2647, 67.86, 4
2026/10/03 02:08:07.887, 20153, 0, 2647, 67.86, 4
2026/10/03 02:08:07.937, 20153, 0, 2647, 67.86, 4
2026/10/03 02:08:07.987, 20153, 0, 2647, 67.86, 4
2026/10/03 02:08:08.037, 20153, 0, 2647, 67.86, 4
2026/10/03 02:08:08.087, 20153, 0, 2647, 67.86, 4
2026/10/03 02:08:08.138, 20153, 0, 2655, 67.94, 4
2026/10/03 02:08:08.188, 20155, 0, 2655, 67.94, 4
2026/10/03 02:08:08.238, 20155, 0, 2655, 67.94, 4
2026/10/03 02:08:08.288, 20155, 0, 2655, 67.94, 4
2026/10/03 02:08:08.338, 20155, 0, 2655, 67.94, 4
2026/10/03 02:08:08.388, 20155, 0, 2655, 67.94, 4
2026/10/03 02:08:08.438, 20155, 0, 2655, 67.94, 4
2026/10/03 02:08:08.489, 20155, 0, 2655, 67.94, 4
2026/10/03 02:08:08.539, 20155, 0, 2655, 67.94, 4
2026/10/03 02:08:08.589, 20155, 0, 2655, 69.77, 4
2026/10/03 02:08:08.640, 20155, 0, 2655, 69.77, 4
2026/10/03 02:08:08.690, 20155, 0, 2655, 69.77, 4
2026/10/03 02:08:08.741, 20155, 0, 2655, 69.77, 4
2026/10/03 02:08:08.791, 20155, 0, 2655, 69.77, 4
2026/10/03 02:08:08.841, 20155, 0, 2655, 69.77, 4
2026/10/03 02:08:08.891, 20155, 0, 2655, 69.77, 4
2026/10/03 02:08:08.941, 20155, 0, 2655, 69.77, 4
2026/10/03 02:08:08.991, 20155, 0, 2655, 69.77, 4
2026/10/03 02:08:09.041, 20155, 0, 2655, 69.77, 4
2026/10/03 02:08:09.092, 20155, 0, 2647, 68.08, 4
2026/10/03 02:08:09.142, 20155, 0, 2647, 68.08, 4
2026/10/03 02:08:09.192, 20155, 0, 2647, 68.08, 4
2026/10/03 02:08:09.242, 20155, 0, 2647, 68.08, 4
2026/10/03 02:08:09.292, 20155, 0, 2647, 68.08, 4
2026/10/03 02:08:09.342, 20155, 0, 2647, 68.08, 4
2026/10/03 02:08:09.393, 20155, 0, 2647, 68.08, 4
2026/10/03 02:08:09.443, 20155, 0, 2647, 68.08, 4
2026/10/03 02:08:09.493, 20155, 0, 2647, 68.08, 4
2026/10/03 02:08:09.543, 20155, 0, 2647, 68.08, 4
2026/10/03 02:08:09.593, 20155, 0, 2647, 68.94, 4
2026/10/03 02:08:09.643, 20155, 0, 2647, 68.94, 4
2026/10/03 02:08:09.693, 20155, 0, 2647, 68.94, 4
2026/10/03 02:08:09.743, 20155, 0, 2647, 68.94, 4
2026/10/03 02:08:09.794, 20155, 0, 2647, 68.94, 4
2026/10/03 02:08:09.844, 20155, 0, 2647, 68.94, 4
2026/10/03 02:08:09.894, 20155, 0, 2647, 68.94, 4
2026/10/03 02:08:09.944, 20155, 0, 2647, 68.94, 4
2026/10/03 02:08:09.994, 20155, 0, 2647, 68.94, 4
2026/10/03 02:08:10.044, 20155, 0, 2647, 68.94, 4
2026/10/03 02:08:10.095, 20155, 0, 2647, 68.80, 4
2026/10/03 02:08:10.145, 20155, 0, 2647, 68.80, 4
2026/10/03 02:08:10.195, 20155, 0, 2647, 68.80, 4
2026/10/03 02:08:10.245, 20155, 0, 2647, 68.80, 4
2026/10/03 02:08:10.295, 20157, 0, 2647, 68.80, 4
2026/10/03 02:08:10.345, 20157, 0, 2647, 68.80, 4
2026/10/03 02:08:10.395, 20157, 0, 2647, 68.80, 4
2026/10/03 02:08:10.446, 20157, 0, 2647, 68.80, 4
2026/10/03 02:08:10.496, 20157, 0, 2647, 68.80, 4
2026/10/03 02:08:10.546, 20157, 0, 2647, 68.80, 4
2026/10/03 02:08:10.596, 20157, 0, 2655, 67.05, 4
2026/10/03 02:08:10.646, 20157, 0, 2655, 67.05, 4
2026/10/03 02:08:10.696, 20157, 0, 2655, 67.05, 4
2026/10/03 02:08:10.746, 20157, 0, 2655, 67.05, 4
2026/10/03 02:08:10.797, 20157, 0, 2655, 67.05, 4
2026/10/03 02:08:10.847, 20157, 0, 2655, 67.05, 4
2026/10/03 02:08:10.897, 20157, 0, 2655, 67.05, 4
2026/10/03 02:08:10.947, 20157, 0, 2655, 67.05, 4
2026/10/03 02:08:10.997, 20157, 0, 2655, 67.05, 4
2026/10/03 02:08:11.047, 20157, 0, 2655, 67.05, 4
2026/10/03 02:08:11.097, 20157, 0, 2647, 68.45, 4
2026/10/03 02:08:11.148, 20157, 0, 2647, 68.45, 4
2026/10/03 02:08:11.198, 20157, 0, 2647, 68.45, 4
2026/10/03 02:08:11.248, 20159, 0, 2647, 68.45, 4
2026/10/03 02:08:11.298, 20159, 0, 2647, 68.45, 4
2026/10/03 02:08:11.348, 20159, 0, 2647, 68.45, 4
2026/10/03 02:08:11.398, 20159, 0, 2647, 68.45, 4
2026/10/03 02:08:11.448, 20159, 0, 2647, 68.45, 4
2026/10/03 02:08:11.499, 20159, 0, 2647, 68.45, 4
2026/10/03 02:08:11.549, 20159, 0, 2647, 68.45, 4
2026/10/03 02:08:11.599, 20159, 0, 2655, 66.98, 4
2026/10/03 02:08:11.649, 20159, 0, 2655, 66.98, 4
2026/10/03 02:08:11.699, 20159, 0, 2655, 66.98, 4
2026/10/03 02:08:11.749, 20159, 0, 2655, 66.98, 4
2026/10/03 02:08:11.799, 20159, 0, 2655, 66.98, 4
2026/10/03 02:08:11.850, 20159, 0, 2655, 66.98, 4
2026/10/03 02:08:11.900, 20159, 0, 2655, 66.98, 4
2026/10/03 02:08:11.950, 20159, 0, 2655, 66.98, 4
2026/10/03 02:08:12.000, 20159, 0, 2655, 66.98, 4
2026/10/03 02:08:12.050, 20159, 0, 2655, 66.98, 4
2026/10/03 02:08:12.100, 20159, 0, 2655, 68.01, 4
2026/10/03 02:08:12.150, 20159, 0, 2655, 68.01, 4
2026/10/03 02:08:12.201, 20159, 0, 2655, 68.01, 4
2026/10/03 02:08:12.251, 20159, 0, 2655, 68.01, 4
2026/10/03 02:08:12.301, 20159, 0, 2655, 68.01, 4
2026/10/03 02:08:12.351, 20159, 0, 2655, 68.01, 4
2026/10/03 02:08:12.401, 20159, 0, 2655, 68.01, 4
2026/10/03 02:08:12.451, 20159, 0, 2655, 68.01, 4
2026/10/03 02:08:12.501, 20159, 0, 2655, 68.01, 4
2026/10/03 02:08:12.552, 20159, 0, 2655, 68.01, 4
2026/10/03 02:08:12.602, 20159, 0, 2655, 70.50, 4
2026/10/03 02:08:12.652, 20159, 0, 2655, 70.50, 4
2026/10/03 02:08:12.702, 20159, 0, 2655, 70.50, 4
2026/10/03 02:08:12.752, 20159, 0, 2655, 70.50, 4
2026/10/03 02:08:12.803, 20159, 0, 2655, 70.50, 4
2026/10/03 02:08:12.853, 20159, 0, 2655, 70.50, 4
2026/10/03 02:08:12.903, 20159, 0, 2655, 70.50, 4
2026/10/03 02:08:12.953, 20159, 0, 2655, 70.50, 4
2026/10/03 02:08:13.003, 20159, 0, 2655, 70.50, 4
2026/10/03 02:08:13.053, 20159, 0, 2655, 70.50, 4
2026/10/03 02:08:13.103, 20159, 0, 2647, 67.42, 4
2026/10/03 02:08:13.154, 20159, 0, 2647, 67.42, 4
2026/10/03 02:08:13.204, 20159, 0, 2647, 67.42, 4
2026/10/03 02:08:13.254, 20159, 0, 2647, 67.42, 4
2026/10/03 02:08:13.304, 20159, 0, 2647, 67.42, 4
2026/10/03 02:08:13.354, 20159, 0, 2647, 67.42, 4
2026/10/03 02:08:13.404, 20159, 0, 2647, 67.42, 4
2026/10/03 02:08:13.455, 20159, 0, 2647, 67.42, 4
2026/10/03 02:08:13.505, 20159, 0, 2647, 67.42, 4
2026/10/03 02:08:13.555, 20159, 0, 2647, 67.42, 4
2026/10/03 02:08:13.605, 20159, 0, 2647, 69.78, 4
2026/10/03 02:08:13.655, 20159, 0, 2647, 69.78, 4
2026/10/03 02:08:13.705, 20159, 0, 2647, 69.78, 4
2026/10/03 02:08:13.755, 20161, 0, 2647, 69.78, 4
2026/10/03 02:08:13.806, 20161, 0, 2647, 69.78, 4
2026/10/03 02:08:13.856, 20161, 0, 2647, 69.78, 4
2026/10/03 02:08:13.906, 20161, 0, 2647, 69.78, 4
2026/10/03 02:08:13.956, 20161, 0, 2647, 69.78, 4
2026/10/03 02:08:14.006, 20161, 0, 2647, 69.78, 4
2026/10/03 02:08:14.056, 20161, 0, 2647, 69.78, 4
2026/10/03 02:08:14.106, 20161, 0, 2655, 68.42, 4
2026/10/03 02:08:14.157, 20161, 0, 2655, 68.42, 4
2026/10/03 02:08:14.207, 20161, 0, 2655, 68.42, 4
2026/10/03 02:08:14.257, 20161, 0, 2655, 68.42, 4
2026/10/03 02:08:14.307, 20161, 0, 2655, 68.42, 4
2026/10/03 02:08:14.357, 20161, 0, 2655, 68.42, 4
2026/10/03 02:08:14.407, 20161, 0, 2655, 68.42, 4
2026/10/03 02:08:14.457, 20161, 0, 2655, 68.42, 4
2026/10/03 02:08:14.508, 20161, 0, 2655, 68.42, 4
2026/10/03 02:08:14.558, 20161, 0, 2655, 68.42, 4
2026/10/03 02:08:14.608, 20161, 0, 2647, 67.22, 4
2026/10/03 02:08:14.658, 20163, 0, 2647, 67.22, 4
2026/10/03 02:08:14.708, 20163, 0, 2647, 67.22, 4
2026/10/03 02:08:14.758, 20163, 0, 2647, 67.22, 4
2026/10/03 02:08:14.808, 20163, 0, 2647, 67.22, 4
2026/10/03 02:08:14.859, 20163, 0, 2647, 67.22, 4
2026/10/03 02:08:14.909, 20163, 0, 2647, 67.22, 4
2026/10/03 02:08:14.959, 20163, 0, 2647, 67.22, 4
2026/10/03 02:08:15.009, 20163, 0, 2647, 67.22, 4
2026/10/03 02:08:15.059, 20163, 0, 2647, 67.22, 4
2026/10/03 02:08:15.109, 20163, 0, 2655, 68.31, 4
2026/10/03 02:08:15.159, 20163, 0, 2655, 68.31, 4
2026/10/03 02:08:15.210, 20163, 0, 2655, 68.31, 4
2026/10/03 02:08:15.260, 20163, 0, 2655, 68.31, 4
2026/10/03 02:08:15.310, 20163, 0, 2655, 68.31, 4
2026/10/03 02:08:15.360, 20163, 0, 2655, 68.31, 4
2026/10/03 02:08:15.410, 20163, 0, 2655, 68.31, 4
2026/10/03 02:08:15.460, 20163, 0, 2655, 68.31, 4
2026/10/03 02:08:15.510, 20163, 0, 2655, 68.31, 4
2026/10/03 02:08:15.561, 20163, 0, 2655, 68.31, 4
2026/10/03 02:08:15.611, 20163, 0, 2647, 67.38, 4
2026/10/03 02:08:15.661, 20163, 0, 2647, 67.38, 4
2026/10/03 02:08:15.711, 20163, 0, 2647, 67.38, 4
2026/10/03 02:08:15.761, 20163, 0, 2647, 67.38, 4
2026/10/03 02:08:15.812, 20163, 0, 2647, 67.38, 4
2026/10/03 02:08:15.862, 20163, 0, 2647, 67.38, 4
2026/10/03 02:08:15.912, 20163, 0, 2647, 67.38, 4
2026/10/03 02:08:15.962, 20163, 0, 2647, 67.38, 4
2026/10/03 02:08:16.012, 20163, 0, 2647, 67.38, 4
2026/10/03 02:08:16.062, 20163, 0, 2647, 67.38, 4
2026/10/03 02:08:16.113, 20163, 0, 2647, 68.92, 4
2026/10/03 02:08:16.163, 20163, 0, 2647, 68.92, 4
2026/10/03 02:08:16.213, 20163, 0, 2647, 68.92, 4
2026/10/03 02:08:16.263, 20163, 0, 2647, 68.92, 4
2026/10/03 02:08:16.313, 20163, 0, 2647, 68.92, 4
2026/10/03 02:08:16.363, 20163, 0, 2647, 68.92, 4
2026/10/03 02:08:16.413, 20163, 0, 2647, 68.92, 4
2026/10/03 02:08:16.464, 20163, 0, 2647, 68.92, 4
2026/10/03 02:08:16.514, 20163, 0, 2647, 68.92, 4
2026/10/03 02:08:16.564, 20163, 0, 2647, 68.92, 4
2026/10/03 02:08:16.614, 20163, 0, 2647, 69.18, 4
2026/10/03 02:08:16.664, 20163, 0, 2647, 69.18, 4
2026/10/03 02:08:16.714, 20163, 0, 2647, 69.18, 4
2026/10/03 02:08:16.764, 20163, 0, 2647, 69.18, 4
2026/10/03 02:08:16.815, 20163, 0, 2647, 69.18, 4
2026/10/03 02:08:16.865, 20163, 0, 2647, 69.18, 4
2026/10/03 02:08:16.915, 20163, 0, 2647, 69.18, 4
2026/10/03 02:08:16.965, 20163, 0, 2647, 69.18, 4
2026/10/03 02:08:17.015, 20163, 0, 2647, 69.18, 4
2026/10/03 02:08:17.065, 20163, 0, 2647, 69.18, 4
2026/10/03 02:08:17.115, 20163, 0, 2647, 68.17, 4
2026/10/03 02:08:17.166, 20163, 0, 2647, 68.17, 4
2026/10/03 02:08:17.216, 20165, 0, 2647, 68.17, 4
2026/10/03 02:08:17.266, 20165, 0, 2647, 68.17, 4
2026/10/03 02:08:17.316, 20165, 0, 2647, 68.17, 4
2026/10/03 02:08:17.366, 20165, 0, 2647, 68.17, 4
2026/10/03 02:08:17.416, 20165, 0, 2647, 68.17, 4
2026/10/03 02:08:17.466, 20165, 0, 2647, 68.17, 4
2026/10/03 02:08:17.517, 20165, 0, 2647, 68.17, 4
2026/10/03 02:08:17.567, 20165, 0, 2647, 68.17, 4
2026/10/03 02:08:17.617, 20165, 0, 2655, 69.09, 4
2026/10/03 02:08:17.667, 20165, 0, 2655, 69.09, 4
2026/10/03 02:08:17.717, 20165, 0, 2655, 69.09, 4
2026/10/03 02:08:17.767, 20165, 0, 2655, 69.09, 4
2026/10/03 02:08:17.817, 20165, 0, 2655, 69.09, 4
2026/10/03 02:08:17.868, 20165, 0, 2655, 69.09, 4
2026/10/03 02:08:17.918, 20165, 0, 2655, 69.09, 4
2026/10/03 02:08:17.968, 20165, 0, 2655, 69.09, 4
2026/10/03 02:08:18.018, 20165, 0, 2655, 69.09, 4
2026/10/03 02:08:18.068, 20165, 0, 2655, 69.09, 4
2026/10/03 02:08:18.118, 20165, 0, 2647, 67.56, 4
2026/10/03 02:08:18.168, 20167, 0, 2647, 67.56, 4
2026/10/03 02:08:18.219, 20167, 0, 2647, 67.56, 4
2026/10/03 02:08:18.269, 20167, 0, 2647, 67.56, 4
2026/10/03 02:08:18.319, 20167, 0, 2647, 67.56, 4
2026/10/03 02:08:18.369, 20167, 0, 2647, 67.56, 4
2026/10/03 02:08:18.419, 20167, 0, 2647, 67.56, 4
2026/10/03 02:08:18.469, 20167, 0, 2647, 67.56, 4
2026/10/03 02:08:18.519, 20167, 0, 2647, 67.56, 4
2026/10/03 02:08:18.570, 20167, 0, 2647, 67.56, 4
2026/10/03 02:08:18.620, 20167, 0, 2655, 67.98, 4
2026/10/03 02:08:18.670, 20167, 0, 2655, 67.98, 4
2026/10/03 02:08:18.720, 20167, 0, 2655, 67.98, 4
2026/10/03 02:08:18.770, 20167, 0, 2655, 67.98, 4
2026/10/03 02:08:18.820, 20167, 0, 2655, 67.98, 4
2026/10/03 02:08:18.870, 20167, 0, 2655, 67.98, 4
2026/10/03 02:08:18.921, 20167, 0, 2655, 67.98, 4
2026/10/03 02:08:18.971, 20167, 0, 2655, 67.98, 4
2026/10/03 02:08:19.021, 20167, 0, 2655, 67.98, 4
2026/10/03 02:08:19.071, 20167, 0, 2655, 67.98, 4
2026/10/03 02:08:19.121, 20167, 0, 2655, 67.67, 4
2026/10/03 02:08:19.171, 20167, 0, 2655, 67.67, 4
2026/10/03 02:08:19.222, 20167, 0, 2655, 67.67, 4
2026/10/03 02:08:19.272, 20167, 0, 2655, 67.67, 4
2026/10/03 02:08:19.322, 20167, 0, 2655, 67.67, 4
2026/10/03 02:08:19.372, 20167, 0, 2655, 67.67, 4
2026/10/03 02:08:19.422, 20167, 0, 2655, 67.67, 4
2026/10/03 02:08:19.472, 20167, 0, 2655, 67.67, 4
2026/10/03 02:08:19.523, 20167, 0, 2655, 67.67, 4
2026/10/03 02:08:19.573, 20167, 0, 2655, 67.67, 4
2026/10/03 02:08:19.623, 20167, 0, 2647, 67.53, 4
2026/10/03 02:08:19.673, 20167, 0, 2647, 67.53, 4
2026/10/03 02:08:19.723, 20167, 0, 2647, 67.53, 4
2026/10/03 02:08:19.774, 20167, 0, 2647, 67.53, 4
2026/10/03 02:08:19.824, 20167, 0, 2647, 67.53, 4
2026/10/03 02:08:19.875, 20167, 0, 2647, 67.53, 4
2026/10/03 02:08:19.925, 20167, 0, 2647, 67.53, 4
2026/10/03 02:08:19.975, 20167, 0, 2647, 67.53, 4
2026/10/03 02:08:20.025, 20167, 0, 2647, 67.53, 4
2026/10/03 02:08:20.075, 20167, 0, 2647, 67.53, 4
2026/10/03 02:08:20.125, 20167, 0, 2647, 69.76, 4
2026/10/03 02:08:20.175, 20167, 0, 2647, 69.76, 4
2026/10/03 02:08:20.225, 20167, 0, 2647, 69.76, 4
2026/10/03 02:08:20.276, 20167, 0, 2647, 69.76, 4
2026/10/03 02:08:20.326, 20167, 0, 2647, 69.76, 4
2026/10/03 02:08:20.376, 20167, 0, 2647, 69.76, 4
2026/10/03 02:08:20.426, 20167, 0, 2647, 69.76, 4
2026/10/03 02:08:20.476, 20167, 0, 2647, 69.76, 4
2026/10/03 02:08:20.526, 20167, 0, 2647, 69.76, 4
2026/10/03 02:08:20.576, 20167, 0, 2647, 69.76, 4
2026/10/03 02:08:20.627, 20167, 0, 2647, 67.97, 4
2026/10/03 02:08:20.677, 20167, 0, 2647, 67.97, 4
2026/10/03 02:08:20.727, 20167, 0, 2647, 67.97, 4
2026/10/03 02:08:20.777, 20169, 0, 2647, 67.97, 4
2026/10/03 02:08:20.827, 20169, 0, 2647, 67.97, 4
2026/10/03 02:08:20.877, 20169, 0, 2647, 67.97, 4
2026/10/03 02:08:20.928, 20169, 0, 2647, 67.97, 4
2026/10/03 02:08:20.978, 20169, 0, 2647, 67.97, 4
2026/10/03 02:08:21.028, 20169, 0, 2647, 67.97, 4
2026/10/03 02:08:21.078, 20169, 0, 2647, 67.97, 4
2026/10/03 02:08:21.128, 20169, 0, 2655, 69.25, 4
2026/10/03 02:08:21.178, 20169, 0, 2655, 69.25, 4
2026/10/03 02:08:21.228, 20169, 0, 2655, 69.25, 4
2026/10/03 02:08:21.279, 20169, 0, 2655, 69.25, 4
2026/10/03 02:08:21.329, 20169, 0, 2655, 69.25, 4
2026/10/03 02:08:21.379, 20169, 0, 2655, 69.25, 4
2026/10/03 02:08:21.429, 20169, 0, 2655, 69.25, 4
2026/10/03 02:08:21.479, 20169, 0, 2655, 69.25, 4
2026/10/03 02:08:21.529, 20169, 0, 2655, 69.25, 4
2026/10/03 02:08:21.579, 20169, 0, 2655, 69.25, 4
2026/10/03 02:08:21.630, 20169, 0, 2647, 69.08, 4
2026/10/03 02:08:21.680, 20169, 0, 2647, 69.08, 4
2026/10/03 02:08:21.730, 20171, 0, 2647, 69.08, 4
2026/10/03 02:08:21.780, 20171, 0, 2647, 69.08, 4
2026/10/03 02:08:21.830, 20171, 0, 2647, 69.08, 4
2026/10/03 02:08:21.880, 20171, 0, 2647, 69.08, 4
2026/10/03 02:08:21.930, 20171, 0, 2647, 69.08, 4
2026/10/03 02:08:21.981, 20171, 0, 2647, 69.08, 4
2026/10/03 02:08:22.031, 20171, 0, 2647, 69.08, 4
2026/10/03 02:08:22.081, 20171, 0, 2647, 69.08, 4
2026/10/03 02:08:22.131, 20171, 0, 2655, 67.14, 4
2026/10/03 02:08:22.181, 20171, 0, 2655, 67.14, 4
2026/10/03 02:08:22.231, 20171, 0, 2655, 67.14, 4
2026/10/03 02:08:22.281, 20171, 0, 2655, 67.14, 4
2026/10/03 02:08:22.332, 20171, 0, 2655, 67.14, 4
2026/10/03 02:08:22.382, 20171, 0, 2655, 67.14, 4
2026/10/03 02:08:22.432, 20171, 0, 2655, 67.14, 4
2026/10/03 02:08:22.482, 20171, 0, 2655, 67.14, 4
2026/10/03 02:08:22.532, 20171, 0, 2655, 67.14, 4
2026/10/03 02:08:22.582, 20171, 0, 2655, 67.14, 4
2026/10/03 02:08:22.632, 20173, 0, 2655, 68.68, 4
2026/10/03 02:08:22.683, 20173, 0, 2655, 68.68, 4
2026/10/03 02:08:22.733, 20173, 0, 2655, 68.68, 4
2026/10/03 02:08:22.783, 20173, 0, 2655, 68.68, 4
2026/10/03 02:08:22.833, 20173, 0, 2655, 68.68, 4
2026/10/03 02:08:22.883, 20173, 0, 2655, 68.68, 4
2026/10/03 02:08:22.933, 20173, 0, 2655, 68.68, 4
2026/10/03 02:08:22.984, 20173, 0, 2655, 68.68, 4
2026/10/03 02:08:23.034, 20173, 0, 2655, 68.68, 4
2026/10/03 02:08:23.084, 20173, 0, 2655, 68.68, 4
2026/10/03 02:08:23.134, 20173, 0, 2655, 67.48, 4
2026/10/03 02:08:23.184, 20173, 0, 2655, 67.48, 4
2026/10/03 02:08:23.234, 20173, 0, 2655, 67.48, 4
2026/10/03 02:08:23.285, 20173, 0, 2655, 67.48, 4
2026/10/03 02:08:23.335, 20173, 0, 2655, 67.48, 4
2026/10/03 02:08:23.385, 20173, 0, 2655, 67.48, 4
2026/10/03 02:08:23.435, 20173, 0, 2655, 67.48, 4
2026/10/03 02:08:23.485, 20173, 0, 2655, 67.48, 4
2026/10/03 02:08:23.535, 20173, 0, 2655, 67.48, 4
2026/10/03 02:08:23.585, 20173, 0, 2655, 67.48, 4
2026/10/03 02:08:23.636, 20173, 0, 2647, 68.34, 4
2026/10/03 02:08:23.686, 20173, 0, 2647, 68.34, 4
2026/10/03 02:08:23.736, 20173, 0, 2647, 68.34, 4
2026/10/03 02:08:23.786, 20173, 0, 2647, 68.34, 4
2026/10/03 02:08:23.836, 20173, 0, 2647, 68.34, 4
2026/10/03 02:08:23.886, 20173, 0, 2647, 68.34, 4
2026/10/03 02:08:23.936, 20173, 0, 2647, 68.34, 4
2026/10/03 02:08:23.987, 20173, 0, 2647, 68.34, 4
2026/10/03 02:08:24.037, 20173, 0, 2647, 68.34, 4
2026/10/03 02:08:24.087, 20173, 0, 2647, 68.34, 4
2026/10/03 02:08:24.137, 20173, 0, 2647, 70.50, 4
2026/10/03 02:08:24.187, 20173, 0, 2647, 70.50, 4
2026/10/03 02:08:24.237, 20173, 0, 2647, 70.50, 4
2026/10/03 02:08:24.287, 20173, 0, 2647, 70.50, 4
2026/10/03 02:08:24.338, 20173, 0, 2647, 70.50, 4
2026/10/03 02:08:24.388, 20173, 0, 2647, 70.50, 4
2026/10/03 02:08:24.438, 20173, 0, 2647, 70.50, 4
2026/10/03 02:08:24.488, 20173, 0, 2647, 70.50, 4
2026/10/03 02:08:24.538, 20173, 0, 2647, 70.50, 4
2026/10/03 02:08:24.588, 20173, 0, 2647, 70.50, 4
2026/10/03 02:08:24.638, 20173, 0, 2655, 67.43, 4
2026/10/03 02:08:24.689, 20173, 0, 2655, 67.43, 4
2026/10/03 02:08:24.739, 20173, 0, 2655, 67.43, 4
2026/10/03 02:08:24.789, 20173, 0, 2655, 67.43, 4
2026/10/03 02:08:24.839, 20173, 0, 2655, 67.43, 4
2026/10/03 02:08:24.889, 20173, 0, 2655, 67.43, 4
2026/10/03 02:08:24.939, 20173, 0, 2655, 67.43, 4
2026/10/03 02:08:24.989, 20173, 0, 2655, 67.43, 4
2026/10/03 02:08:25.040, 20173, 0, 2655, 67.43, 4
2026/10/03 02:08:25.090, 20173, 0, 2647, 69.63, 4
2026/10/03 02:08:25.140, 20173, 0, 2647, 69.63, 4
2026/10/03 02:08:25.190, 20173, 0, 2647, 69.63, 4
2026/10/03 02:08:25.240, 20173, 0, 2647, 69.63, 4
2026/10/03 02:08:25.290, 20173, 0, 2647, 69.63, 4
2026/10/03 02:08:25.340, 20173, 0, 2647, 69.63, 4
2026/10/03 02:08:25.391, 20175, 0, 2647, 69.63, 4
2026/10/03 02:08:25.441, 20175, 0, 2647, 69.63, 4
2026/10/03 02:08:25.491, 20175, 0, 2647, 69.63, 4
2026/10/03 02:08:25.541, 20175, 0, 2647, 69.63, 4
2026/10/03 02:08:25.591, 20175, 0, 2655, 68.54, 4
2026/10/03 02:08:25.641, 20175, 0, 2655, 68.54, 4
2026/10/03 02:08:25.691, 20175, 0, 2655, 68.54, 4
2026/10/03 02:08:25.742, 20175, 0, 2655, 68.54, 4
2026/10/03 02:08:25.792, 20175, 0, 2655, 68.54, 4
2026/10/03 02:08:25.842, 20175, 0, 2655, 68.54, 4
2026/10/03 02:08:25.892, 20175, 0, 2655, 68.54, 4
2026/10/03 02:08:25.942, 20175, 0, 2655, 68.54, 4
2026/10/03 02:08:25.992, 20175, 0, 2655, 68.54, 4
2026/10/03 02:08:26.042, 20175, 0, 2655, 68.54, 4
2026/10/03 02:08:26.093, 20175, 0, 2655, 67.39, 4
2026/10/03 02:08:26.143, 20175, 0, 2655, 67.39, 4
2026/10/03 02:08:26.193, 20175, 0, 2655, 67.39, 4
2026/10/03 02:08:26.243, 20175, 0, 2655, 67.39, 4
2026/10/03 02:08:26.293, 20177, 0, 2655, 67.39, 4
2026/10/03 02:08:26.343, 20177, 0, 2655, 67.39, 4
2026/10/03 02:08:26.393, 20177, 0, 2655, 67.39, 4
2026/10/03 02:08:26.444, 20177, 0, 2655, 67.39, 4
2026/10/03 02:08:26.494, 20177, 0, 2655, 67.39, 4
2026/10/03 02:08:26.544, 20177, 0, 2655, 67.39, 4
2026/10/03 02:08:26.594, 20177, 0, 2655, 68.07, 4
2026/10/03 02:08:26.644, 20177, 0, 2655, 68.07, 4
2026/10/03 02:08:26.694, 20177, 0, 2655, 68.07, 4
2026/10/03 02:08:26.744, 20177, 0, 2655, 68.07, 4
2026/10/03 02:08:26.795, 20177, 0, 2655, 68.07, 4
2026/10/03 02:08:26.845, 20177, 0, 2655, 68.07, 4
2026/10/03 02:08:26.895, 20177, 0, 2655, 68.07, 4
2026/10/03 02:08:26.945, 20177, 0, 2655, 68.07, 4
2026/10/03 02:08:26.995, 20177, 0, 2655, 68.07, 4
2026/10/03 02:08:27.045, 20177, 0, 2655, 68.07, 4
2026/10/03 02:08:27.096, 20177, 0, 2647, 67.32, 4
2026/10/03 02:08:27.146, 20177, 0, 2647, 67.32, 4
2026/10/03 02:08:27.196, 20177, 0, 2647, 67.32, 4
2026/10/03 02:08:27.246, 20177, 0, 2647, 67.32, 4
2026/10/03 02:08:27.296, 20177, 0, 2647, 67.32, 4
2026/10/03 02:08:27.346, 20177, 0, 2647, 67.32, 4
2026/10/03 02:08:27.396, 20177, 0, 2647, 67.32, 4
2026/10/03 02:08:27.447, 20177, 0, 2647, 67.32, 4
2026/10/03 02:08:27.497, 20177, 0, 2647, 67.32, 4
2026/10/03 02:08:27.547, 20177, 0, 2647, 67.32, 4
2026/10/03 02:08:27.597, 20177, 0, 2647, 69.43, 4
2026/10/03 02:08:27.647, 20177, 0, 2647, 69.43, 4
2026/10/03 02:08:27.697, 20177, 0, 2647, 69.43, 4
2026/10/03 02:08:27.747, 20177, 0, 2647, 69.43, 4
2026/10/03 02:08:27.798, 20177, 0, 2647, 69.43, 4
2026/10/03 02:08:27.848, 20177, 0, 2647, 69.43, 4
2026/10/03 02:08:27.898, 20177, 0, 2647, 69.43, 4
2026/10/03 02:08:27.948, 20177, 0, 2647, 69.43, 4
2026/10/03 02:08:27.998, 20177, 0, 2647, 69.43, 4
2026/10/03 02:08:28.048, 20177, 0, 2647, 69.43, 4
2026/10/03 02:08:28.098, 20177, 3, 2647, 69.77, 4
2026/10/03 02:08:28.148, 20177, 3, 2647, 69.77, 4
2026/10/03 02:08:28.199, 20177, 3, 2647, 69.77, 4
2026/10/03 02:08:28.249, 20177, 3, 2647, 69.77, 4
2026/10/03 02:08:28.299, 20177, 3, 2647, 69.77, 4
2026/10/03 02:08:28.349, 20177, 3, 2647, 69.77, 4
2026/10/03 02:08:28.399, 20177, 3, 2647, 69.77, 4
2026/10/03 02:08:28.449, 20177, 3, 2647, 69.77, 4
2026/10/03 02:08:28.499, 20177, 3, 2647, 69.77, 4
2026/10/03 02:08:28.550, 20177, 3, 2647, 69.77, 4
2026/10/03 02:08:28.600, 20177, 3, 2647, 68.74, 4
2026/10/03 02:08:28.650, 20177, 3, 2647, 68.74, 4
2026/10/03 02:08:28.700, 20177, 3, 2647, 68.74, 4
2026/10/03 02:08:28.750, 20177, 3, 2647, 68.74, 4
2026/10/03 02:08:28.800, 20177, 3, 2647, 68.74, 4
2026/10/03 02:08:28.850, 20177, 3, 2647, 68.74, 4
2026/10/03 02:08:28.901, 20177, 3, 2647, 68.74, 4
2026/10/03 02:08:28.951, 20177, 3, 2647, 68.74, 4
2026/10/03 02:08:29.001, 20179, 3, 2647, 68.74, 4
2026/10/03 02:08:29.051, 20179, 3, 2647, 68.74, 4
2026/10/03 02:08:29.101, 20179, 2, 2647, 69.99, 4
2026/10/03 02:08:29.151, 20179, 2, 2647, 69.99, 4
2026/10/03 02:08:29.202, 20179, 2, 2647, 69.99, 4
2026/10/03 02:08:29.252, 20179, 2, 2647, 69.99, 4
2026/10/03 02:08:29.302, 20179, 2, 2647, 69.99, 4
2026/10/03 02:08:29.352, 20179, 2, 2647, 69.99, 4
2026/10/03 02:08:29.403, 20179, 2, 2647, 69.99, 4
2026/10/03 02:08:29.453, 20179, 2, 2647, 69.99, 4
2026/10/03 02:08:29.503, 20179, 2, 2647, 69.99, 4
2026/10/03 02:08:29.553, 20179, 2, 2647, 69.99, 4
2026/10/03 02:08:29.603, 20179, 2, 2647, 68.32, 4
2026/10/03 02:08:29.653, 20179, 2, 2647, 68.32, 4
2026/10/03 02:08:29.703, 20179, 2, 2647, 68.32, 4
2026/10/03 02:08:29.754, 20179, 2, 2647, 68.32, 4
2026/10/03 02:08:29.804, 20179, 2, 2647, 68.32, 4
2026/10/03 02:08:29.854, 20179, 2, 2647, 68.32, 4
2026/10/03 02:08:29.904, 20181, 2, 2647, 68.32, 4
2026/10/03 02:08:29.954, 20181, 2, 2647, 68.32, 4
2026/10/03 02:08:30.004, 20181, 2, 2647, 68.32, 4
2026/10/03 02:08:30.054, 20181, 2, 2647, 68.32, 4
2026/10/03 02:08:30.105, 20181, 0, 2647, 68.24, 4
2026/10/03 02:08:30.155, 20181, 0, 2647, 68.24, 4
2026/10/03 02:08:30.205, 20181, 0, 2647, 68.24, 4
2026/10/03 02:08:30.255, 20181, 0, 2647, 68.24, 4
2026/10/03 02:08:30.305, 20181, 0, 2647, 68.24, 4
2026/10/03 02:08:30.355, 20181, 0, 2647, 68.24, 4
2026/10/03 02:08:30.406, 20181, 0, 2647, 68.24, 4
2026/10/03 02:08:30.456, 20181, 0, 2647, 68.24, 4
2026/10/03 02:08:30.506, 20181, 0, 2647, 68.24, 4
2026/10/03 02:08:30.556, 20181, 0, 2647, 68.24, 4
2026/10/03 02:08:30.606, 20181, 0, 2647, 67.63, 4
2026/10/03 02:08:30.656, 20181, 0, 2647, 67.63, 4
2026/10/03 02:08:30.706, 20181, 0, 2647, 67.63, 4
2026/10/03 02:08:30.757, 20181, 0, 2647, 67.63, 4
2026/10/03 02:08:30.807, 20181, 0, 2647, 67.63, 4
2026/10/03 02:08:30.857, 20181, 0, 2647, 67.63, 4
2026/10/03 02:08:30.907, 20181, 0, 2647, 67.63, 4
2026/10/03 02:08:30.957, 20181, 0, 2647, 67.63, 4
2026/10/03 02:08:31.007, 20181, 0, 2647, 67.63, 4
2026/10/03 02:08:31.057, 20181, 0, 2647, 67.63, 4
2026/10/03 02:08:31.108, 20181, 0, 2647, 67.88, 4
2026/10/03 02:08:31.158, 20181, 0, 2647, 67.88, 4
2026/10/03 02:08:31.208, 20181, 0, 2647, 67.88, 4
2026/10/03 02:08:31.258, 20181, 0, 2647, 67.88, 4
2026/10/03 02:08:31.308, 20181, 0, 2647, 67.88, 4
2026/10/03 02:08:31.358, 20181, 0, 2647, 67.88, 4
2026/10/03 02:08:31.408, 20181, 0, 2647, 67.88, 4
2026/10/03 02:08:31.459, 20181, 0, 2647, 67.88, 4
2026/10/03 02:08:31.509, 20181, 0, 2647, 67.88, 4
2026/10/03 02:08:31.559, 20181, 0, 2647, 67.88, 4
2026/10/03 02:08:31.609, 20181, 0, 2647, 70.11, 4
2026/10/03 02:08:31.659, 20181, 0, 2647, 70.11, 4
2026/10/03 02:08:31.709, 20181, 0, 2647, 70.11, 4
2026/10/03 02:08:31.759, 20181, 0, 2647, 70.11, 4
2026/10/03 02:08:31.810, 20181, 0, 2647, 70.11, 4
2026/10/03 02:08:31.860, 20181, 0, 2647, 70.11, 4
2026/10/03 02:08:31.910, 20181, 0, 2647, 70.11, 4
2026/10/03 02:08:31.960, 20181, 0, 2647, 70.11, 4
2026/10/03 02:08:32.010, 20181, 0, 2647, 70.11, 4
2026/10/03 02:08:32.060, 20181, 0, 2647, 70.11, 4
2026/10/03 02:08:32.110, 20181, 0, 2647, 67.58, 4
2026/10/03 02:08:32.161, 20181, 0, 2647, 67.58, 4
2026/10/03 02:08:32.211, 20181, 0, 2647, 67.58, 4
2026/10/03 02:08:32.261, 20181, 0, 2647, 67.58, 4
2026/10/03 02:08:32.311, 20181, 0, 2647, 67.58, 4
2026/10/03 02:08:32.361, 20181, 0, 2647, 67.58, 4
2026/10/03 02:08:32.411, 20181, 0, 2647, 67.58, 4
2026/10/03 02:08:32.461, 20181, 0, 2647, 67.58, 4
2026/10/03 02:08:32.512, 20181, 0, 2647, 67.58, 4
2026/10/03 02:08:32.562, 20183, 0, 2647, 67.58, 4
2026/10/03 02:08:32.612, 20183, 0, 2647, 69.27, 4
2026/10/03 02:08:32.662, 20183, 0, 2647, 69.27, 4
2026/10/03 02:08:32.712, 20183, 0, 2647, 69.27, 4
2026/10/03 02:08:32.762, 20183, 0, 2647, 69.27, 4
2026/10/03 02:08:32.812, 20183, 0, 2647, 69.27, 4
2026/10/03 02:08:32.863, 20183, 0, 2647, 69.27, 4
2026/10/03 02:08:32.913, 20183, 0, 2647, 69.27, 4
2026/10/03 02:08:32.963, 20183, 0, 2647, 69.27, 4
2026/10/03 02:08:33.013, 20183, 0, 2647, 69.27, 4
2026/10/03 02:08:33.063, 20183, 0, 2647, 69.27, 4
2026/10/03 02:08:33.113, 20183, 2, 2647, 69.11, 4
2026/10/03 02:08:33.163, 20183, 2, 2647, 69.11, 4
2026/10/03 02:08:33.214, 20183, 2, 2647, 69.11, 4
2026/10/03 02:08:33.264, 20183, 2, 2647, 69.11, 4
2026/10/03 02:08:33.314, 20183, 2, 2647, 69.11, 4
2026/10/03 02:08:33.364, 20183, 2, 2647, 69.11, 4
2026/10/03 02:08:33.414, 20183, 2, 2647, 69.11, 4
2026/10/03 02:08:33.464, 20185, 2, 2647, 69.11, 4
2026/10/03 02:08:33.514, 20185, 2, 2647, 69.11, 4
2026/10/03 02:08:33.565, 20185, 2, 2647, 69.11, 4
2026/10/03 02:08:33.615, 20185, 2, 2647, 67.45, 4
2026/10/03 02:08:33.665, 20185, 2, 2647, 67.45, 4
2026/10/03 02:08:33.715, 20185, 2, 2647, 67.45, 4
2026/10/03 02:08:33.765, 20185, 2, 2647, 67.45, 4
2026/10/03 02:08:33.815, 20185, 2, 2647, 67.45, 4
2026/10/03 02:08:33.866, 20185, 2, 2647, 67.45, 4
2026/10/03 02:08:33.916, 20185, 2, 2647, 67.45, 4
2026/10/03 02:08:33.966, 20185, 2, 2647, 67.45, 4
2026/10/03 02:08:34.016, 20185, 2, 2647, 67.45, 4
2026/10/03 02:08:34.066, 20185, 2, 2647, 67.45, 4
2026/10/03 02:08:34.116, 20185, 0, 2647, 68.84, 4
2026/10/03 02:08:34.166, 20185, 0, 2647, 68.84, 4
2026/10/03 02:08:34.217, 20185, 0, 2647, 68.84, 4
2026/10/03 02:08:34.267, 20185, 0, 2647, 68.84, 4
2026/10/03 02:08:34.317, 20185, 0, 2647, 68.84, 4
2026/10/03 02:08:34.367, 20185, 0, 2647, 68.84, 4
2026/10/03 02:08:34.417, 20185, 0, 2647, 68.84, 4
2026/10/03 02:08:34.467, 20185, 0, 2647, 68.84, 4
2026/10/03 02:08:34.517, 20185, 0, 2647, 68.84, 4
2026/10/03 02:08:34.568, 20185, 0, 2647, 68.84, 4
2026/10/03 02:08:34.618, 20185, 0, 2647, 67.03, 4
2026/10/03 02:08:34.668, 20185, 0, 2647, 67.03, 4
2026/10/03 02:08:34.718, 20185, 0, 2647, 67.03, 4
2026/10/03 02:08:34.768, 20185, 0, 2647, 67.03, 4
2026/10/03 02:08:34.819, 20185, 0, 2647, 67.03, 4
2026/10/03 02:08:34.869, 20185, 0, 2647, 67.03, 4
2026/10/03 02:08:34.919, 20185, 0, 2647, 67.03, 4
2026/10/03 02:08:34.969, 20185, 0, 2647, 67.03, 4
2026/10/03 02:08:35.019, 20185, 0, 2647, 67.03, 4
2026/10/03 02:08:35.069, 20185, 0, 2647, 67.03, 4
2026/10/03 02:08:35.119, 20185, 0, 2647, 68.24, 4
2026/10/03 02:08:35.170, 20185, 0, 2647, 68.24, 4
2026/10/03 02:08:35.220, 20185, 0, 2647, 68.24, 4
2026/10/03 02:08:35.270, 20185, 0, 2647, 68.24, 4
2026/10/03 02:08:35.320, 20185, 0, 2647, 68.24, 4
2026/10/03 02:08:35.370, 20185, 0, 2647, 68.24, 4
2026/10/03 02:08:35.420, 20185, 0, 2647, 68.24, 4
2026/10/03 02:08:35.470, 20185, 0, 2647, 68.24, 4
2026/10/03 02:08:35.521, 20185, 0, 2647, 68.24, 4
2026/10/03 02:08:35.571, 20185, 0, 2647, 68.24, 4
2026/10/03 02:08:35.621, 20185, 0, 2647, 70.11, 4
2026/10/03 02:08:35.671, 20185, 0, 2647, 70.11, 4
2026/10/03 02:08:35.721, 20185, 0, 2647, 70.11, 4
2026/10/03 02:08:35.771, 20185, 0, 2647, 70.11, 4
2026/10/03 02:08:35.821, 20185, 0, 2647, 70.11, 4
2026/10/03 02:08:35.872, 20185, 0, 2647, 70.11, 4
2026/10/03 02:08:35.922, 20185, 0, 2647, 70.11, 4
2026/10/03 02:08:35.972, 20187, 0, 2647, 70.11, 4
2026/10/03 02:08:36.022, 20187, 0, 2647, 70.11, 4
2026/10/03 02:08:36.072, 20187, 0, 2647, 70.11, 4
2026/10/03 02:08:36.123, 20187, 1, 2647, 68.15, 4
2026/10/03 02:08:36.173, 20187, 1, 2647, 68.15, 4
2026/10/03 02:08:36.223, 20187, 1, 2647, 68.15, 4
2026/10/03 02:08:36.273, 20187, 1, 2647, 68.15, 4
2026/10/03 02:08:36.323, 20187, 1, 2647, 68.15, 4
2026/10/03 02:08:36.373, 20187, 1, 2647, 68.15, 4
2026/10/03 02:08:36.423, 20189, 1, 2647, 68.15, 4
2026/10/03 02:08:36.474, 20189, 1, 2647, 68.15, 4
2026/10/03 02:08:36.524, 20189, 1, 2647, 68.15, 4
2026/10/03 02:08:36.574, 20189, 1, 2647, 68.15, 4
2026/10/03 02:08:36.624, 20189, 1, 2647, 69.92, 4
2026/10/03 02:08:36.674, 20189, 1, 2647, 69.92, 4
2026/10/03 02:08:36.724, 20189, 1, 2647, 69.92, 4
2026/10/03 02:08:36.774, 20189, 1, 2647, 69.92, 4
2026/10/03 02:08:36.825, 20189, 1, 2647, 69.92, 4
2026/10/03 02:08:36.875, 20189, 1, 2647, 69.92, 4
2026/10/03 02:08:36.925, 20189, 1, 2647, 69.92, 4
2026/10/03 02:08:36.975, 20189, 1, 2647, 69.92, 4
2026/10/03 02:08:37.025, 20189, 1, 2647, 69.92, 4
2026/10/03 02:08:37.075, 20189, 1, 2647, 69.92, 4
2026/10/03 02:08:37.125, 20189, 0, 2655, 68.34, 4
2026/10/03 02:08:37.176, 20189, 0, 2655, 68.34, 4
2026/10/03 02:08:37.226, 20189, 0, 2655, 68.34, 4
2026/10/03 02:08:37.276, 20189, 0, 2655, 68.34, 4
2026/10/03 02:08:37.326, 20189, 0, 2655, 68.34, 4
2026/10/03 02:08:37.376, 20189, 0, 2655, 68.34, 4
2026/10/03 02:08:37.426, 20189, 0, 2655, 68.34, 4
2026/10/03 02:08:37.477, 20189, 0, 2655, 68.34, 4
2026/10/03 02:08:37.527, 20189, 0, 2655, 68.34, 4
2026/10/03 02:08:37.577, 20189, 0, 2655, 68.34, 4
2026/10/03 02:08:37.627, 20189, 0, 2647, 67.89, 4
2026/10/03 02:08:37.677, 20189, 0, 2647, 67.89, 4
2026/10/03 02:08:37.727, 20189, 0, 2647, 67.89, 4
2026/10/03 02:08:37.777, 20189, 0, 2647, 67.89, 4
2026/10/03 02:08:37.828, 20189, 0, 2647, 67.89, 4
2026/10/03 02:08:37.878, 20189, 0, 2647, 67.89, 4
2026/10/03 02:08:37.928, 20189, 0, 2647, 67.89, 4
2026/10/03 02:08:37.978, 20189, 0, 2647, 67.89, 4
2026/10/03 02:08:38.028, 20189, 0, 2647, 67.89, 4
2026/10/03 02:08:38.078, 20189, 0, 2647, 67.89, 4
2026/10/03 02:08:38.128, 20189, 0, 2647, 68.16, 4
2026/10/03 02:08:38.179, 20189, 0, 2647, 68.16, 4
2026/10/03 02:08:38.229, 20189, 0, 2647, 68.16, 4
2026/10/03 02:08:38.279, 20189, 0, 2647, 68.16, 4
2026/10/03 02:08:38.329, 20189, 0, 2647, 68.16, 4
2026/10/03 02:08:38.379, 20189, 0, 2647, 68.16, 4
2026/10/03 02:08:38.429, 20189, 0, 2647, 68.16, 4
2026/10/03 02:08:38.479, 20189, 0, 2647, 68.16, 4
2026/10/03 02:08:38.530, 20189, 0, 2647, 68.16, 4
2026/10/03 02:08:38.580, 20189, 0, 2647, 68.16, 4
2026/10/03 02:08:38.630, 20189, 0, 2647, 67.25, 4
2026/10/03 02:08:38.680, 20189, 0, 2647, 67.25, 4
2026/10/03 02:08:38.730, 20189, 0, 2647, 67.25, 4
2026/10/03 02:08:38.780, 20189, 0, 2647, 67.25, 4
2026/10/03 02:08:38.831, 20189, 0, 2647, 67.25, 4
2026/10/03 02:08:38.881, 20189, 0, 2647, 67.25, 4
2026/10/03 02:08:38.931, 20189, 0, 2647, 67.25, 4
2026/10/03 02:08:38.981, 20189, 0, 2647, 67.25, 4
2026/10/03 02:08:39.031, 20189, 0, 2647, 67.25, 4
2026/10/03 02:08:39.081, 20189, 0, 2647, 67.25, 4
2026/10/03 02:08:39.131, 20189, 0, 2655, 69.27, 4
2026/10/03 02:08:39.182, 20189, 0, 2655, 69.27, 4
2026/10/03 02:08:39.232, 20189, 0, 2655, 69.27, 4
2026/10/03 02:08:39.282, 20189, 0, 2655, 69.27, 4
2026/10/03 02:08:39.332, 20189, 0, 2655, 69.27, 4
2026/10/03 02:08:39.382, 20189, 0, 2655, 69.27, 4
2026/10/03 02:08:39.432, 20189, 0, 2655, 69.27, 4
2026/10/03 02:08:39.482, 20189, 0, 2655, 69.27, 4
2026/10/03 02:08:39.533, 20189, 0, 2655, 69.27, 4
2026/10/03 02:08:39.583, 20189, 0, 2655, 69.27, 4
2026/10/03 02:08:39.633, 20191, 0, 2647, 69.01, 4
2026/10/03 02:08:39.683, 20191, 0, 2647, 69.01, 4
2026/10/03 02:08:39.733, 20191, 0, 2647, 69.01, 4
2026/10/03 02:08:39.783, 20191, 0, 2647, 69.01, 4
2026/10/03 02:08:39.833, 20191, 0, 2647, 69.01, 4
2026/10/03 02:08:39.884, 20191, 0, 2647, 69.01, 4
2026/10/03 02:08:39.934, 20191, 0, 2647, 69.01, 4
2026/10/03 02:08:39.984, 20191, 0, 2647, 69.01, 4
2026/10/03 02:08:40.034, 20191, 0, 2647, 69.01, 4
2026/10/03 02:08:40.084, 20193, 0, 2647, 69.01, 4
2026/10/03 02:08:40.134, 20193, 0, 2647, 68.51, 4
2026/10/03 02:08:40.184, 20193, 0, 2647, 68.51, 4
2026/10/03 02:08:40.235, 20193, 0, 2647, 68.51, 4
2026/10/03 02:08:40.285, 20193, 0, 2647, 68.51, 4
2026/10/03 02:08:40.335, 20193, 0, 2647, 68.51, 4
2026/10/03 02:08:40.385, 20193, 0, 2647, 68.51, 4
2026/10/03 02:08:40.435, 20193, 0, 2647, 68.51, 4
2026/10/03 02:08:40.485, 20193, 0, 2647, 68.51, 4
2026/10/03 02:08:40.535, 20193, 0, 2647, 68.51, 4
2026/10/03 02:08:40.586, 20193, 0, 2647, 68.51, 4
2026/10/03 02:08:40.636, 20193, 0, 2647, 69.10, 4
2026/10/03 02:08:40.686, 20193, 0, 2647, 69.10, 4
2026/10/03 02:08:40.736, 20193, 0, 2647, 69.10, 4
2026/10/03 02:08:40.786, 20193, 0, 2647, 69.10, 4
2026/10/03 02:08:40.836, 20193, 0, 2647, 69.10, 4
2026/10/03 02:08:40.887, 20193, 0, 2647, 69.10, 4
2026/10/03 02:08:40.937, 20193, 0, 2647, 69.10, 4
2026/10/03 02:08:40.987, 20193, 0, 2647, 69.10, 4
2026/10/03 02:08:41.037, 20193, 0, 2647, 69.10, 4
2026/10/03 02:08:41.087, 20193, 0, 2647, 69.10, 4
2026/10/03 02:08:41.137, 20193, 0, 2647, 67.41, 4
2026/10/03 02:08:41.188, 20193, 0, 2647, 67.41, 4
2026/10/03 02:08:41.238, 20193, 0, 2647, 67.41, 4
2026/10/03 02:08:41.288, 20193, 0, 2647, 67.41, 4
2026/10/03 02:08:41.338, 20193, 0, 2647, 67.41, 4
2026/10/03 02:08:41.388, 20193, 0, 2647, 67.41, 4
2026/10/03 02:08:41.438, 20193, 0, 2647, 67.41, 4
2026/10/03 02:08:41.489, 20193, 0, 2647, 67.41, 4
2026/10/03 02:08:41.539, 20193, 0, 2647, 67.41, 4
2026/10/03 02:08:41.589, 20193, 0, 2647, 68.22, 4
2026/10/03 02:08:41.639, 20193, 0, 2647, 68.22, 4
2026/10/03 02:08:41.689, 20193, 0, 2647, 68.22, 4
2026/10/03 02:08:41.739, 20193, 0, 2647, 68.22, 4
2026/10/03 02:08:41.789, 20193, 0, 2647, 68.22, 4
2026/10/03 02:08:41.840, 20193, 0, 2647, 68.22, 4
2026/10/03 02:08:41.890, 20193, 0, 2647, 68.22, 4
2026/10/03 02:08:41.940, 20193, 0, 2647, 68.22, 4
2026/10/03 02:08:41.990, 20193, 0, 2647, 68.22, 4
2026/10/03 02:08:42.040, 20193, 0, 2647, 68.22, 4
2026/10/03 02:08:42.090, 20193, 0, 2647, 67.45, 4
2026/10/03 02:08:42.140, 20193, 0, 2647, 67.45, 4
2026/10/03 02:08:42.191, 20195, 0, 2647, 67.45, 4
2026/10/03 02:08:42.241, 20195, 0, 2647, 67.45, 4
2026/10/03 02:08:42.291, 20195, 0, 2647, 67.45, 4
2026/10/03 02:08:42.341, 20195, 0, 2647, 67.45, 4
2026/10/03 02:08:42.391, 20195, 0, 2647, 67.45, 4
2026/10/03 02:08:42.441, 20195, 0, 2647, 67.45, 4
2026/10/03 02:08:42.491, 20195, 0, 2647, 67.45, 4
2026/10/03 02:08:42.542, 20195, 0, 2647, 67.45, 4
2026/10/03 02:08:42.592, 20195, 0, 2655, 67.80, 4
2026/10/03 02:08:42.642, 20195, 0, 2655, 67.80, 4
2026/10/03 02:08:42.692, 20195, 0, 2655, 67.80, 4
2026/10/03 02:08:42.742, 20195, 0, 2655, 67.80, 4
2026/10/03 02:08:42.792, 20195, 0, 2655, 67.80, 4
2026/10/03 02:08:42.842, 20195, 0, 2655, 67.80, 4
2026/10/03 02:08:42.893, 20195, 0, 2655, 67.80, 4
2026/10/03 02:08:42.943, 20195, 0, 2655, 67.80, 4
2026/10/03 02:08:42.993, 20195, 0, 2655, 67.80, 4
2026/10/03 02:08:43.043, 20195, 0, 2655, 67.80, 4
2026/10/03 02:08:43.093, 20195, 0, 2647, 70.34, 4
2026/10/03 02:08:43.143, 20195, 0, 2647, 70.34, 4
2026/10/03 02:08:43.193, 20195, 0, 2647, 70.34, 4
2026/10/03 02:08:43.244, 20195, 0, 2647, 70.34, 4
2026/10/03 02:08:43.294, 20195, 0, 2647, 70.34, 4
2026/10/03 02:08:43.344, 20195, 0, 2647, 70.34, 4
2026/10/03 02:08:43.394, 20195, 0, 2647, 70.34, 4
2026/10/03 02:08:43.444, 20195, 0, 2647, 70.34, 4
2026/10/03 02:08:43.494, 20195, 0, 2647, 70.34, 4
2026/10/03 02:08:43.544, 20195, 0, 2647, 70.34, 4
2026/10/03 02:08:43.595, 20197, 0, 2655, 67.33, 4
2026/10/03 02:08:43.645, 20197, 0, 2655, 67.33, 4
2026/10/03 02:08:43.695, 20197, 0, 2655, 67.33, 4
2026/10/03 02:08:43.745, 20197, 0, 2655, 67.33, 4
2026/10/03 02:08:43.795, 20197, 0, 2655, 67.33, 4
2026/10/03 02:08:43.845, 20197, 0, 2655, 67.33, 4
2026/10/03 02:08:43.896, 20197, 0, 2655, 67.33, 4
2026/10/03 02:08:43.946, 20197, 0, 2655, 67.33, 4
2026/10/03 02:08:43.996, 20197, 0, 2655, 67.33, 4
2026/10/03 02:08:44.046, 20197, 0, 2655, 67.33, 4
2026/10/03 02:08:44.096, 20197, 0, 2647, 69.58, 4
2026/10/03 02:08:44.146, 20197, 0, 2647, 69.58, 4
2026/10/03 02:08:44.197, 20197, 0, 2647, 69.58, 4
2026/10/03 02:08:44.247, 20197, 0, 2647, 69.58, 4
2026/10/03 02:08:44.297, 20197, 0, 2647, 69.58, 4
2026/10/03 02:08:44.347, 20197, 0, 2647, 69.58, 4
2026/10/03 02:08:44.397, 20197, 0, 2647, 69.58, 4
2026/10/03 02:08:44.447, 20197, 0, 2647, 69.58, 4
2026/10/03 02:08:44.498, 20197, 0, 2647, 69.58, 4
2026/10/03 02:08:44.548, 20197, 0, 2647, 69.58, 4
2026/10/03 02:08:44.598, 20197, 0, 2647, 68.68, 4
2026/10/03 02:08:44.648, 20197, 0, 2647, 68.68, 4
2026/10/03 02:08:44.698, 20197, 0, 2647, 68.68, 4
2026/10/03 02:08:44.748, 20197, 0, 2647, 68.68, 4
2026/10/03 02:08:44.799, 20197, 0, 2647, 68.68, 4
2026/10/03 02:08:44.849, 20197, 0, 2647, 68.68, 4
2026/10/03 02:08:44.899, 20197, 0, 2647, 68.68, 4
2026/10/03 02:08:44.949, 20197, 0, 2647, 68.68, 4
2026/10/03 02:08:44.999, 20197, 0, 2647, 68.68, 4
2026/10/03 02:08:45.049, 20197, 0, 2647, 68.68, 4
2026/10/03 02:08:45.099, 20197, 0, 2647, 66.94, 4
2026/10/03 02:08:45.150, 20197, 0, 2647, 66.94, 4
2026/10/03 02:08:45.200, 20197, 0, 2647, 66.94, 4
2026/10/03 02:08:45.250, 20197, 0, 2647, 66.94, 4
2026/10/03 02:08:45.300, 20197, 0, 2647, 66.94, 4
2026/10/03 02:08:45.350, 20197, 0, 2647, 66.94, 4
2026/10/03 02:08:45.400, 20197, 0, 2647, 66.94, 4
2026/10/03 02:08:45.450, 20197, 0, 2647, 66.94, 4
2026/10/03 02:08:45.501, 20197, 0, 2647, 66.94, 4
2026/10/03 02:08:45.551, 20197, 0, 2647, 66.94, 4
2026/10/03 02:08:45.601, 20197, 0, 2647, 68.58, 4
2026/10/03 02:08:45.651, 20197, 0, 2647, 68.58, 4
2026/10/03 02:08:45.701, 20197, 0, 2647, 68.58, 4
2026/10/03 02:08:45.751, 20197, 0, 2647, 68.58, 4
2026/10/03 02:08:45.801, 20199, 0, 2647, 68.58, 4
2026/10/03 02:08:45.852, 20199, 0, 2647, 68.58, 4
2026/10/03 02:08:45.902, 20199, 0, 2647, 68.58, 4
2026/10/03 02:08:45.952, 20199, 0, 2647, 68.58, 4
2026/10/03 02:08:46.002, 20199, 0, 2647, 68.58, 4
2026/10/03 02:08:46.052, 20199, 0, 2647, 68.58, 4
2026/10/03 02:08:46.102, 20199, 0, 2655, 66.97, 4
2026/10/03 02:08:46.153, 20199, 0, 2655, 66.97, 4
2026/10/03 02:08:46.203, 20199, 0, 2655, 66.97, 4
2026/10/03 02:08:46.253, 20199, 0, 2655, 66.97, 4
2026/10/03 02:08:46.303, 20199, 0, 2655, 66.97, 4
2026/10/03 02:08:46.353, 20199, 0, 2655, 66.97, 4
2026/10/03 02:08:46.403, 20199, 0, 2655, 66.97, 4
2026/10/03 02:08:46.453, 20199, 0, 2655, 66.97, 4
2026/10/03 02:08:46.504, 20199, 0, 2655, 66.97, 4
2026/10/03 02:08:46.554, 20199, 0, 2655, 66.97, 4
2026/10/03 02:08:46.604, 20199, 0, 2647, 68.29, 4
2026/10/03 02:08:46.654, 20199, 0, 2647, 68.29, 4
2026/10/03 02:08:46.704, 20199, 0, 2647, 68.29, 4
2026/10/03 02:08:46.754, 20199, 0, 2647, 68.29, 4
2026/10/03 02:08:46.804, 20199, 0, 2647, 68.29, 4
2026/10/03 02:08:46.855, 20199, 0, 2647, 68.29, 4
2026/10/03 02:08:46.905, 20199, 0, 2647, 68.29, 4
2026/10/03 02:08:46.955, 20199, 0, 2647, 68.29, 4
2026/10/03 02:08:47.005, 20199, 0, 2647, 68.29, 4
2026/10/03 02:08:47.055, 20199, 0, 2647, 68.29, 4
2026/10/03 02:08:47.105, 20199, 0, 2655, 69.97, 4
2026/10/03 02:08:47.155, 20201, 0, 2655, 69.97, 4
2026/10/03 02:08:47.206, 20201, 0, 2655, 69.97, 4
2026/10/03 02:08:47.256, 20201, 0, 2655, 69.97, 4
2026/10/03 02:08:47.306, 20201, 0, 2655, 69.97, 4
2026/10/03 02:08:47.356, 20201, 0, 2655, 69.97, 4
2026/10/03 02:08:47.406, 20201, 0, 2655, 69.97, 4
2026/10/03 02:08:47.456, 20201, 0, 2655, 69.97, 4
2026/10/03 02:08:47.506, 20201, 0, 2655, 69.97, 4
2026/10/03 02:08:47.557, 20201, 0, 2655, 69.97, 4
2026/10/03 02:08:47.607, 20201, 0, 2655, 67.62, 4
2026/10/03 02:08:47.657, 20201, 0, 2655, 67.62, 4
2026/10/03 02:08:47.707, 20201, 0, 2655, 67.62, 4
2026/10/03 02:08:47.757, 20201, 0, 2655, 67.62, 4
2026/10/03 02:08:47.807, 20201, 0, 2655, 67.62, 4
2026/10/03 02:08:47.858, 20201, 0, 2655, 67.62, 4
2026/10/03 02:08:47.908, 20201, 0, 2655, 67.62, 4
2026/10/03 02:08:47.958, 20201, 0, 2655, 67.62, 4
2026/10/03 02:08:48.008, 20201, 0, 2655, 67.62, 4
2026/10/03 02:08:48.058, 20201, 0, 2655, 67.62, 4
2026/10/03 02:08:48.108, 20201, 0, 2647, 69.41, 4
2026/10/03 02:08:48.158, 20201, 0, 2647, 69.41, 4
2026/10/03 02:08:48.209, 20201, 0, 2647, 69.41, 4
2026/10/03 02:08:48.259, 20201, 0, 2647, 69.41, 4
2026/10/03 02:08:48.309, 20201, 0, 2647, 69.41, 4
2026/10/03 02:08:48.359, 20201, 0, 2647, 69.41, 4
2026/10/03 02:08:48.409, 20201, 0, 2647, 69.41, 4
2026/10/03 02:08:48.459, 20201, 0, 2647, 69.41, 4
2026/10/03 02:08:48.510, 20201, 0, 2647, 69.41, 4
2026/10/03 02:08:48.560, 20201, 0, 2647, 69.41, 4
2026/10/03 02:08:48.610, 20201, 0, 2647, 68.00, 4
2026/10/03 02:08:48.660, 20201, 0, 2647, 68.00, 4
2026/10/03 02:08:48.710, 20201, 0, 2647, 68.00, 4
2026/10/03 02:08:48.760, 20201, 0, 2647, 68.00, 4
2026/10/03 02:08:48.810, 20201, 0, 2647, 68.00, 4
2026/10/03 02:08:48.861, 20201, 0, 2647, 68.00, 4
2026/10/03 02:08:48.911, 20201, 0, 2647, 68.00, 4
2026/10/03 02:08:48.961, 20201, 0, 2647, 68.00, 4
2026/10/03 02:08:49.011, 20201, 0, 2647, 68.00, 4
2026/10/03 02:08:49.061, 20201, 0, 2647, 68.00, 4
2026/10/03 02:08:49.111, 20201, 0, 2647, 67.67, 4
2026/10/03 02:08:49.161, 20201, 0, 2647, 67.67, 4
2026/10/03 02:08:49.212, 20201, 0, 2647, 67.67, 4
2026/10/03 02:08:49.262, 20201, 0, 2647, 67.67, 4
2026/10/03 02:08:49.312, 20201, 0, 2647, 67.67, 4
2026/10/03 02:08:49.362, 20201, 0, 2647, 67.67, 4
2026/10/03 02:08:49.412, 20203, 0, 2647, 67.67, 4
2026/10/03 02:08:49.462, 20203, 0, 2647, 67.67, 4
2026/10/03 02:08:49.512, 20203, 0, 2647, 67.67, 4
2026/10/03 02:08:49.563, 20203, 0, 2647, 67.67, 4
2026/10/03 02:08:49.613, 20203, 0, 2655, 67.91, 4
2026/10/03 02:08:49.663, 20203, 0, 2655, 67.91, 4
2026/10/03 02:08:49.713, 20203, 0, 2655, 67.91, 4
2026/10/03 02:08:49.763, 20203, 0, 2655, 67.91, 4
2026/10/03 02:08:49.813, 20203, 0, 2655, 67.91, 4
2026/10/03 02:08:49.863, 20203, 0, 2655, 67.91, 4
2026/10/03 02:08:49.914, 20203, 0, 2655, 67.91, 4
2026/10/03 02:08:49.964, 20203, 0, 2655, 67.91, 4
2026/10/03 02:08:50.014, 20203, 0, 2655, 67.91, 4
2026/10/03 02:08:50.064, 20203, 0, 2655, 67.91, 4
2026/10/03 02:08:50.114, 20203, 0, 2647, 67.37, 4
2026/10/03 02:08:50.164, 20203, 0, 2647, 67.37, 4
2026/10/03 02:08:50.214, 20203, 0, 2647, 67.37, 4
2026/10/03 02:08:50.265, 20203, 0, 2647, 67.37, 4
2026/10/03 02:08:50.315, 20205, 0, 2647, 67.37, 4
2026/10/03 02:08:50.365, 20205, 0, 2647, 67.37, 4
2026/10/03 02:08:50.415, 20205, 0, 2647, 67.37, 4
2026/10/03 02:08:50.465, 20205, 0, 2647, 67.37, 4
2026/10/03 02:08:50.515, 20205, 0, 2647, 67.37, 4
2026/10/03 02:08:50.565, 20205, 0, 2647, 67.37, 4
2026/10/03 02:08:50.616, 20205, 0, 2655, 69.45, 4
2026/10/03 02:08:50.666, 20205, 0, 2655, 69.45, 4
2026/10/03 02:08:50.716, 20205, 0, 2655, 69.45, 4
2026/10/03 02:08:50.766, 20205, 0, 2655, 69.45, 4
2026/10/03 02:08:50.816, 20205, 0, 2655, 69.45, 4
2026/10/03 02:08:50.866, 20205, 0, 2655, 69.45, 4
2026/10/03 02:08:50.916, 20205, 0, 2655, 69.45, 4
2026/10/03 02:08:50.967, 20205, 0, 2655, 69.45, 4
2026/10/03 02:08:51.017, 20205, 0, 2655, 69.45, 4
2026/10/03 02:08:51.067, 20205, 0, 2655, 69.45, 4
2026/10/03 02:08:51.117, 20205, 0, 2655, 68.26, 4
2026/10/03 02:08:51.167, 20205, 0, 2655, 68.26, 4
2026/10/03 02:08:51.217, 20205, 0, 2655, 68.26, 4
2026/10/03 02:08:51.267, 20205, 0, 2655, 68.26, 4
2026/10/03 02:08:51.318, 20205, 0, 2655, 68.26, 4
2026/10/03 02:08:51.368, 20205, 0, 2655, 68.26, 4
2026/10/03 02:08:51.418, 20205, 0, 2655, 68.26, 4
2026/10/03 02:08:51.468, 20205, 0, 2655, 68.26, 4
2026/10/03 02:08:51.518, 20205, 0, 2655, 68.26, 4
2026/10/03 02:08:51.568, 20205, 0, 2655, 68.26, 4
2026/10/03 02:08:51.619, 20205, 0, 2655, 68.75, 4
2026/10/03 02:08:51.669, 20205, 0, 2655, 68.75, 4
2026/10/03 02:08:51.719, 20205, 0, 2655, 68.75, 4
2026/10/03 02:08:51.769, 20205, 0, 2655, 68.75, 4
2026/10/03 02:08:51.819, 20205, 0, 2655, 68.75, 4
2026/10/03 02:08:51.869, 20205, 0, 2655, 68.75, 4
2026/10/03 02:08:51.920, 20205, 0, 2655, 68.75, 4
2026/10/03 02:08:51.970, 20205, 0, 2655, 68.75, 4
2026/10/03 02:08:52.020, 20205, 0, 2655, 68.75, 4
2026/10/03 02:08:52.070, 20205, 0, 2655, 68.75, 4
2026/10/03 02:08:52.120, 20205, 0, 2647, 68.98, 4
2026/10/03 02:08:52.170, 20205, 0, 2647, 68.98, 4
2026/10/03 02:08:52.221, 20205, 0, 2647, 68.98, 4
2026/10/03 02:08:52.271, 20205, 0, 2647, 68.98, 4
2026/10/03 02:08:52.321, 20205, 0, 2647, 68.98, 4
2026/10/03 02:08:52.371, 20205, 0, 2647, 68.98, 4
2026/10/03 02:08:52.421, 20205, 0, 2647, 68.98, 4
2026/10/03 02:08:52.471, 20205, 0, 2647, 68.98, 4
2026/10/03 02:08:52.521, 20205, 0, 2647, 68.98, 4
2026/10/03 02:08:52.572, 20205, 0, 2647, 68.98, 4
2026/10/03 02:08:52.622, 20205, 0, 2647, 67.41, 4
2026/10/03 02:08:52.672, 20205, 0, 2647, 67.41, 4
2026/10/03 02:08:52.722, 20205, 0, 2647, 67.41, 4
2026/10/03 02:08:52.772, 20205, 0, 2647, 67.41, 4
2026/10/03 02:08:52.822, 20205, 0, 2647, 67.41, 4
2026/10/03 02:08:52.872, 20205, 0, 2647, 67.41, 4
2026/10/03 02:08:52.923, 20205, 0, 2647, 67.41, 4
2026/10/03 02:08:52.973, 20207, 0, 2647, 67.41, 4
2026/10/03 02:08:53.023, 20207, 0, 2647, 67.41, 4
2026/10/03 02:08:53.073, 20207, 0, 2647, 67.41, 4
2026/10/03 02:08:53.123, 20207, 4, 2647, 68.87, 4
2026/10/03 02:08:53.173, 20207, 4, 2647, 68.87, 4
2026/10/03 02:08:53.223, 20207, 4, 2647, 68.87, 4
2026/10/03 02:08:53.274, 20207, 4, 2647, 68.87, 4
2026/10/03 02:08:53.324, 20207, 4, 2647, 68.87, 4
2026/10/03 02:08:53.374, 20207, 4, 2647, 68.87, 4
2026/10/03 02:08:53.424, 20207, 4, 2647, 68.87, 4
2026/10/03 02:08:53.474, 20207, 4, 2647, 68.87, 4
2026/10/03 02:08:53.524, 20207, 4, 2647, 68.87, 4
2026/10/03 02:08:53.575, 20207, 4, 2647, 68.87, 4
2026/10/03 02:08:53.625, 20207, 4, 2647, 67.03, 4
2026/10/03 02:08:53.675, 20207, 4, 2647, 67.03, 4
2026/10/03 02:08:53.725, 20207, 4, 2647, 67.03, 4
2026/10/03 02:08:53.775, 20207, 4, 2647, 67.03, 4
2026/10/03 02:08:53.825, 20207, 4, 2647, 67.03, 4
2026/10/03 02:08:53.875, 20207, 4, 2647, 67.03, 4
2026/10/03 02:08:53.926, 20209, 4, 2647, 67.03, 4
2026/10/03 02:08:53.976, 20209, 4, 2647, 67.03, 4
2026/10/03 02:08:54.026, 20209, 4, 2647, 67.03, 4
2026/10/03 02:08:54.076, 20209, 4, 2647, 67.03, 4
2026/10/03 02:08:54.126, 20209, 0, 2647, 67.79, 4
2026/10/03 02:08:54.176, 20209, 0, 2647, 67.79, 4
2026/10/03 02:08:54.226, 20209, 0, 2647, 67.79, 4
2026/10/03 02:08:54.277, 20209, 0, 2647, 67.79, 4
2026/10/03 02:08:54.327, 20209, 0, 2647, 67.79, 4
2026/10/03 02:08:54.377, 20209, 0, 2647, 67.79, 4
2026/10/03 02:08:54.427, 20209, 0, 2647, 67.79, 4
2026/10/03 02:08:54.477, 20209, 0, 2647, 67.79, 4
2026/10/03 02:08:54.527, 20209, 0, 2647, 67.79, 4
2026/10/03 02:08:54.577, 20209, 0, 2647, 67.79, 4
2026/10/03 02:08:54.628, 20209, 0, 2655, 70.23, 4
2026/10/03 02:08:54.678, 20209, 0, 2655, 70.23, 4
2026/10/03 02:08:54.728, 20209, 0, 2655, 70.23, 4
2026/10/03 02:08:54.778, 20209, 0, 2655, 70.23, 4
2026/10/03 02:08:54.828, 20209, 0, 2655, 70.23, 4
2026/10/03 02:08:54.878, 20209, 0, 2655, 70.23, 4
2026/10/03 02:08:54.929, 20209, 0, 2655, 70.23, 4
2026/10/03 02:08:54.979, 20209, 0, 2655, 70.23, 4
2026/10/03 02:08:55.029, 20209, 0, 2655, 70.23, 4
2026/10/03 02:08:55.079, 20209, 0, 2655, 70.23, 4
2026/10/03 02:08:55.129, 20209, 0, 2655, 67.00, 4
2026/10/03 02:08:55.179, 20209, 0, 2655, 67.00, 4
2026/10/03 02:08:55.229, 20209, 0, 2655, 67.00, 4
2026/10/03 02:08:55.280, 20209, 0, 2655, 67.00, 4
2026/10/03 02:08:55.330, 20209, 0, 2655, 67.00, 4
2026/10/03 02:08:55.380, 20209, 0, 2655, 67.00, 4
2026/10/03 02:08:55.430, 20209, 0, 2655, 67.00, 4
2026/10/03 02:08:55.480, 20209, 0, 2655, 67.00, 4
2026/10/03 02:08:55.530, 20209, 0, 2655, 67.00, 4
2026/10/03 02:08:55.581, 20209, 0, 2655, 67.00, 4
2026/10/03 02:08:55.631, 20209, 0, 2647, 69.30, 4
2026/10/03 02:08:55.681, 20209, 0, 2647, 69.30, 4
2026/10/03 02:08:55.731, 20209, 0, 2647, 69.30, 4
2026/10/03 02:08:55.781, 20209, 0, 2647, 69.30, 4
2026/10/03 02:08:55.831, 20209, 0, 2647, 69.30, 4
2026/10/03 02:08:55.881, 20209, 0, 2647, 69.30, 4
2026/10/03 02:08:55.932, 20209, 0, 2647, 69.30, 4
2026/10/03 02:08:55.982, 20209, 0, 2647, 69.30, 4
2026/10/03 02:08:56.032, 20209, 0, 2647, 69.30, 4
2026/10/03 02:08:56.082, 20209, 0, 2647, 69.30, 4
2026/10/03 02:08:56.132, 20209, 0, 2647, 68.49, 4
2026/10/03 02:08:56.182, 20209, 0, 2647, 68.49, 4
2026/10/03 02:08:56.232, 20209, 0, 2647, 68.49, 4
2026/10/03 02:08:56.283, 20209, 0, 2647, 68.49, 4
2026/10/03 02:08:56.333, 20209, 0, 2647, 68.49, 4
2026/10/03 02:08:56.383, 20209, 0, 2647, 68.49, 4
2026/10/03 02:08:56.433, 20209, 0, 2647, 68.49, 4
2026/10/03 02:08:56.483, 20209, 0, 2647, 68.49, 4
2026/10/03 02:08:56.533, 20211, 0, 2647, 68.49, 4
2026/10/03 02:08:56.584, 20211, 0, 2647, 68.49, 4
2026/10/03 02:08:56.634, 20211, 0, 2647, 66.93, 4
2026/10/03 02:08:56.684, 20211, 0, 2647, 66.93, 4
2026/10/03 02:08:56.734, 20211, 0, 2647, 66.93, 4
2026/10/03 02:08:56.784, 20211, 0, 2647, 66.93, 4
2026/10/03 02:08:56.834, 20211, 0, 2647, 66.93, 4
2026/10/03 02:08:56.884, 20211, 0, 2647, 66.93, 4
2026/10/03 02:08:56.935, 20211, 0, 2647, 66.93, 4
2026/10/03 02:08:56.985, 20211, 0, 2647, 66.93, 4
2026/10/03 02:08:57.035, 20211, 0, 2647, 66.93, 4
2026/10/03 02:08:57.085, 20211, 0, 2647, 66.93, 4
2026/10/03 02:08:57.135, 20211, 0, 2647, 68.35, 4
2026/10/03 02:08:57.185, 20211, 0, 2647, 68.35, 4
2026/10/03 02:08:57.235, 20211, 0, 2647, 68.35, 4
2026/10/03 02:08:57.286, 20211, 0, 2647, 68.35, 4
2026/10/03 02:08:57.336, 20211, 0, 2647, 68.35, 4
2026/10/03 02:08:57.386, 20211, 0, 2647, 68.35, 4
2026/10/03 02:08:57.436, 20211, 0, 2647, 68.35, 4
2026/10/03 02:08:57.486, 20211, 0, 2647, 68.35, 4
2026/10/03 02:08:57.536, 20211, 0, 2647, 68.35, 4
2026/10/03 02:08:57.586, 20213, 0, 2647, 68.35, 4
2026/10/03 02:08:57.637, 20213, 0, 2647, 67.08, 4
2026/10/03 02:08:57.687, 20213, 0, 2647, 67.08, 4
2026/10/03 02:08:57.737, 20213, 0, 2647, 67.08, 4
2026/10/03 02:08:57.787, 20213, 0, 2647, 67.08, 4
2026/10/03 02:08:57.837, 20213, 0, 2647, 67.08, 4
2026/10/03 02:08:57.887, 20213, 0, 2647, 67.08, 4
2026/10/03 02:08:57.937, 20213, 0, 2647, 67.08, 4
2026/10/03 02:08:57.988, 20213, 0, 2647, 67.08, 4
2026/10/03 02:08:58.038, 20213, 0, 2647, 67.08, 4
2026/10/03 02:08:58.088, 20213, 0, 2647, 67.08, 4
2026/10/03 02:08:58.138, 20213, 0, 2647, 68.32, 4
2026/10/03 02:08:58.188, 20213, 0, 2647, 68.32, 4
2026/10/03 02:08:58.238, 20213, 0, 2647, 68.32, 4
2026/10/03 02:08:58.288, 20213, 0, 2647, 68.32, 4
2026/10/03 02:08:58.339, 20213, 0, 2647, 68.32, 4
2026/10/03 02:08:58.389, 20213, 0, 2647, 68.32, 4
2026/10/03 02:08:58.439, 20213, 0, 2647, 68.32, 4
2026/10/03 02:08:58.489, 20215, 0, 2647, 68.32, 4
2026/10/03 02:08:58.539, 20215, 0, 2647, 68.32, 4
2026/10/03 02:08:58.589, 20215, 0, 2647, 70.16, 4
2026/10/03 02:08:58.640, 20215, 0, 2647, 70.16, 4
2026/10/03 02:08:58.690, 20215, 0, 2647, 70.16, 4
2026/10/03 02:08:58.740, 20215, 0, 2647, 70.16, 4
2026/10/03 02:08:58.790, 20215, 0, 2647, 70.16, 4
2026/10/03 02:08:58.840, 20215, 0, 2647, 70.16, 4
2026/10/03 02:08:58.890, 20215, 0, 2647, 70.16, 4
2026/10/03 02:08:58.940, 20215, 0, 2647, 70.16, 4
2026/10/03 02:08:58.991, 20215, 0, 2647, 70.16, 4
2026/10/03 02:08:59.041, 20215, 0, 2647, 70.16, 4
2026/10/03 02:08:59.091, 20215, 0, 2647, 67.90, 4
2026/10/03 02:08:59.141, 20215, 0, 2647, 67.90, 4
2026/10/03 02:08:59.191, 20215, 0, 2647, 67.90, 4
2026/10/03 02:08:59.241, 20215, 0, 2647, 67.90, 4
2026/10/03 02:08:59.292, 20215, 0, 2647, 67.90, 4
2026/10/03 02:08:59.342, 20215, 0, 2647, 67.90, 4
2026/10/03 02:08:59.392, 20215, 0, 2647, 67.90, 4
2026/10/03 02:08:59.442, 20215, 0, 2647, 67.90, 4
2026/10/03 02:08:59.492, 20215, 0, 2647, 67.90, 4
2026/10/03 02:08:59.542, 20215, 0, 2647, 67.90, 4
2026/10/03 02:08:59.592, 20215, 0, 2647, 69.45, 4
2026/10/03 02:08:59.643, 20215, 0, 2647, 69.45, 4
2026/10/03 02:08:59.693, 20215, 0, 2647, 69.45, 4
2026/10/03 02:08:59.743, 20215, 0, 2647, 69.45, 4
2026/10/03 02:08:59.793, 20215, 0, 2647, 69.45, 4
2026/10/03 02:08:59.843, 20215, 0, 2647, 69.45, 4
2026/10/03 02:08:59.893, 20215, 0, 2647, 69.45, 4
2026/10/03 02:08:59.943, 20215, 0, 2647, 69.45, 4
2026/10/03 02:08:59.994, 20215, 0, 2647, 69.45, 4
2026/10/03 02:09:00.044, 20215, 0, 2647, 69.45, 4
2026/10/03 02:09:00.094, 20215, 0, 2647, 68.03, 4
2026/10/03 02:09:00.144, 20215, 0, 2647, 68.03, 4
2026/10/03 02:09:00.194, 20215, 0, 2647, 68.03, 4
2026/10/03 02:09:00.244, 20215, 0, 2647, 68.03, 4
2026/10/03 02:09:00.295, 20215, 0, 2647, 68.03, 4
2026/10/03 02:09:00.345, 20215, 0, 2647, 68.03, 4
2026/10/03 02:09:00.395, 20215, 0, 2647, 68.03, 4
2026/10/03 02:09:00.445, 20215, 0, 2647, 68.03, 4
2026/10/03 02:09:00.495, 20215, 0, 2647, 68.03, 4
2026/10/03 02:09:00.545, 20215, 0, 2647, 68.03, 4
2026/10/03 02:09:00.595, 20215, 0, 2655, 67.68, 4
2026/10/03 02:09:00.646, 20215, 0, 2655, 67.68, 4
2026/10/03 02:09:00.696, 20215, 0, 2655, 67.68, 4
2026/10/03 02:09:00.746, 20215, 0, 2655, 67.68, 4
2026/10/03 02:09:00.796, 20215, 0, 2655, 67.68, 4
2026/10/03 02:09:00.846, 20215, 0, 2655, 67.68, 4
2026/10/03 02:09:00.896, 20215, 0, 2655, 67.68, 4
2026/10/03 02:09:00.947, 20215, 0, 2655, 67.68, 4
2026/10/03 02:09:00.997, 20215, 0, 2655, 67.68, 4
2026/10/03 02:09:01.047, 20215, 0, 2655, 67.68, 4
2026/10/03 02:09:01.097, 20215, 0, 2647, 67.67, 4
2026/10/03 02:09:01.150, 20217, 0, 2647, 67.67, 4
2026/10/03 02:09:01.200, 20217, 0, 2647, 67.67, 4
2026/10/03 02:09:01.254, 20217, 0, 2647, 67.67, 4
2026/10/03 02:09:01.304, 20217, 0, 2647, 67.67, 4
2026/10/03 02:09:01.355, 20217, 0, 2647, 67.67, 4
2026/10/03 02:09:01.405, 20217, 0, 2647, 67.67, 4
2026/10/03 02:09:01.455, 20217, 0, 2647, 67.67, 4
2026/10/03 02:09:01.505, 20217, 0, 2647, 67.67, 4
2026/10/03 02:09:01.556, 20217, 0, 2647, 67.67, 4
2026/10/03 02:09:01.606, 20217, 0, 2655, 67.67, 4
2026/10/03 02:09:01.656, 20217, 0, 2655, 67.67, 4
2026/10/03 02:09:01.707, 20217, 0, 2655, 67.67, 4
2026/10/03 02:09:01.758, 20217, 0, 2655, 67.67, 4
2026/10/03 02:09:01.811, 20217, 0, 2655, 67.67, 4
2026/10/03 02:09:01.861, 20217, 0, 2655, 67.67, 4
2026/10/03 02:09:01.911, 20217, 0, 2655, 67.67, 4
2026/10/03 02:09:01.962, 20217, 0, 2655, 67.67, 4
2026/10/03 02:09:02.012, 20217, 0, 2655, 67.67, 4
2026/10/03 02:09:02.062, 20217, 0, 2655, 67.67, 4
2026/10/03 02:09:02.112, 20219, 0, 2647, 69.93, 4
2026/10/03 02:09:02.163, 20219, 0, 2647, 69.93, 4
2026/10/03 02:09:02.213, 20219, 0, 2647, 69.93, 4
2026/10/03 02:09:02.263, 20219, 0, 2647, 69.93, 4
2026/10/03 02:09:02.313, 20219, 0, 2647, 69.93, 4
2026/10/03 02:09:02.364, 20219, 0, 2647, 69.93, 4
2026/10/03 02:09:02.414, 20219, 0, 2647, 69.93, 4
2026/10/03 02:09:02.464, 20219, 0, 2647, 69.93, 4
2026/10/03 02:09:02.514, 20219, 0, 2647, 69.93, 4
2026/10/03 02:09:02.564, 20219, 0, 2647, 69.93, 4
2026/10/03 02:09:02.615, 20219, 0, 2647, 68.70, 4
2026/10/03 02:09:02.665, 20219, 0, 2647, 68.70, 4
2026/10/03 02:09:02.715, 20219, 0, 2647, 68.70, 4
2026/10/03 02:09:02.765, 20219, 0, 2647, 68.70, 4
2026/10/03 02:09:02.815, 20219, 0, 2647, 68.70, 4
2026/10/03 02:09:02.866, 20219, 0, 2647, 68.70, 4
2026/10/03 02:09:02.916, 20219, 0, 2647, 68.70, 4
2026/10/03 02:09:02.966, 20219, 0, 2647, 68.70, 4
2026/10/03 02:09:03.016, 20219, 0, 2647, 68.70, 4
2026/10/03 02:09:03.066, 20219, 0, 2647, 68.70, 4
2026/10/03 02:09:03.116, 20219, 0, 2647, 69.24, 4
2026/10/03 02:09:03.167, 20219, 0, 2647, 69.24, 4
2026/10/03 02:09:03.217, 20219, 0, 2647, 69.24, 4
2026/10/03 02:09:03.267, 20219, 0, 2647, 69.24, 4
2026/10/03 02:09:03.317, 20219, 0, 2647, 69.24, 4
2026/10/03 02:09:03.367, 20219, 0, 2647, 69.24, 4
2026/10/03 02:09:03.418, 20219, 0, 2647, 69.24, 4
2026/10/03 02:09:03.468, 20219, 0, 2647, 69.24, 4
2026/10/03 02:09:03.518, 20219, 0, 2647, 69.24, 4
2026/10/03 02:09:03.568, 20219, 0, 2647, 69.24, 4
2026/10/03 02:09:03.618, 20219, 0, 2647, 69.34, 4
2026/10/03 02:09:03.669, 20219, 0, 2647, 69.34, 4
2026/10/03 02:09:03.719, 20219, 0, 2647, 69.34, 4
2026/10/03 02:09:03.769, 20219, 0, 2647, 69.34, 4
2026/10/03 02:09:03.819, 20219, 0, 2647, 69.34, 4
2026/10/03 02:09:03.869, 20219, 0, 2647, 69.34, 4
2026/10/03 02:09:03.920, 20219, 0, 2647, 69.34, 4
2026/10/03 02:09:03.970, 20219, 0, 2647, 69.34, 4
2026/10/03 02:09:04.020, 20219, 0, 2647, 69.34, 4
2026/10/03 02:09:04.070, 20219, 0, 2647, 69.34, 4
2026/10/03 02:09:04.120, 20219, 0, 2655, 67.38, 4
2026/10/03 02:09:04.171, 20219, 0, 2655, 67.38, 4
2026/10/03 02:09:04.221, 20219, 0, 2655, 67.38, 4
2026/10/03 02:09:04.271, 20219, 0, 2655, 67.38, 4
2026/10/03 02:09:04.321, 20219, 0, 2655, 67.38, 4
2026/10/03 02:09:04.372, 20219, 0, 2655, 67.38, 4
2026/10/03 02:09:04.422, 20219, 0, 2655, 67.38, 4
2026/10/03 02:09:04.472, 20219, 0, 2655, 67.38, 4
2026/10/03 02:09:04.522, 20219, 0, 2655, 67.38, 4
2026/10/03 02:09:04.572, 20219, 0, 2655, 67.38, 4
2026/10/03 02:09:04.623, 20219, 0, 2647, 68.74, 4
2026/10/03 02:09:04.673, 20219, 0, 2647, 68.74, 4
2026/10/03 02:09:04.723, 20219, 0, 2647, 68.74, 4
2026/10/03 02:09:04.773, 20219, 0, 2647, 68.74, 4
2026/10/03 02:09:04.823, 20219, 0, 2647, 68.74, 4
2026/10/03 02:09:04.874, 20219, 0, 2647, 68.74, 4
2026/10/03 02:09:04.924, 20219, 0, 2647, 68.74, 4
2026/10/03 02:09:04.974, 20221, 0, 2647, 68.74, 4
2026/10/03 02:09:05.024, 20221, 0, 2647, 68.74, 4
2026/10/03 02:09:05.075, 20221, 0, 2647, 68.74, 4
2026/10/03 02:09:05.125, 20221, 3, 2647, 68.02, 4
2026/10/03 02:09:05.175, 20221, 3, 2647, 68.02, 4
2026/10/03 02:09:05.225, 20221, 3, 2647, 68.02, 4
2026/10/03 02:09:05.275, 20221, 3, 2647, 68.02, 4
2026/10/03 02:09:05.326, 20221, 3, 2647, 68.02, 4
2026/10/03 02:09:05.376, 20221, 3, 2647, 68.02, 4
2026/10/03 02:09:05.426, 20221, 3, 2647, 68.02, 4
2026/10/03 02:09:05.476, 20221, 3, 2647, 68.02, 4
2026/10/03 02:09:05.526, 20221, 3, 2647, 68.02, 4
2026/10/03 02:09:05.577, 20221, 3, 2647, 68.02, 4
2026/10/03 02:09:05.627, 20221, 3, 2647, 68.80, 4
2026/10/03 02:09:05.677, 20221, 3, 2647, 68.80, 4
2026/10/03 02:09:05.727, 20221, 3, 2647, 68.80, 4
2026/10/03 02:09:05.777, 20221, 3, 2647, 68.80, 4
2026/10/03 02:09:05.828, 20221, 3, 2647, 68.80, 4
2026/10/03 02:09:05.878, 20223, 3, 2647, 68.80, 4
2026/10/03 02:09:05.928, 20223, 3, 2647, 68.80, 4
2026/10/03 02:09:05.978, 20223, 3, 2647, 68.80, 4
2026/10/03 02:09:06.028, 20223, 3, 2647, 68.80, 4
2026/10/03 02:09:06.079, 20223, 3, 2647, 68.80, 4
2026/10/03 02:09:06.129, 20223, 0, 2655, 70.48, 4
2026/10/03 02:09:06.179, 20223, 0, 2655, 70.48, 4
2026/10/03 02:09:06.229, 20223, 0, 2655, 70.48, 4
2026/10/03 02:09:06.279, 20223, 0, 2655, 70.48, 4
2026/10/03 02:09:06.329, 20223, 0, 2655, 70.48, 4
2026/10/03 02:09:06.380, 20223, 0, 2655, 70.48, 4
2026/10/03 02:09:06.430, 20223, 0, 2655, 70.48, 4
2026/10/03 02:09:06.480, 20223, 0, 2655, 70.48, 4
2026/10/03 02:09:06.530, 20223, 0, 2655, 70.48, 4
2026/10/03 02:09:06.580, 20223, 0, 2655, 70.48, 4
2026/10/03 02:09:06.631, 20223, 0, 2647, 67.24, 4
2026/10/03 02:09:06.683, 20223, 0, 2647, 67.24, 4
2026/10/03 02:09:06.733, 20223, 0, 2647, 67.24, 4
2026/10/03 02:09:06.783, 20223, 0, 2647, 67.24, 4
2026/10/03 02:09:06.833, 20223, 0, 2647, 67.24, 4
2026/10/03 02:09:06.883, 20223, 0, 2647, 67.24, 4
2026/10/03 02:09:06.934, 20223, 0, 2647, 67.24, 4
2026/10/03 02:09:06.984, 20223, 0, 2647, 67.24, 4
2026/10/03 02:09:07.034, 20223, 0, 2647, 67.24, 4
2026/10/03 02:09:07.084, 20223, 0, 2647, 67.24, 4
2026/10/03 02:09:07.134, 20223, 0, 2647, 70.06, 4
2026/10/03 02:09:07.184, 20223, 0, 2647, 70.06, 4
2026/10/03 02:09:07.235, 20223, 0, 2647, 70.06, 4
2026/10/03 02:09:07.285, 20223, 0, 2647, 70.06, 4
2026/10/03 02:09:07.335, 20223, 0, 2647, 70.06, 4
2026/10/03 02:09:07.385, 20223, 0, 2647, 70.06, 4
2026/10/03 02:09:07.435, 20223, 0, 2647, 70.06, 4
2026/10/03 02:09:07.486, 20223, 0, 2647, 70.06, 4
2026/10/03 02:09:07.536, 20223, 0, 2647, 70.06, 4
2026/10/03 02:09:07.587, 20223, 0, 2647, 70.06, 4
2026/10/03 02:09:07.637, 20223, 0, 2647, 68.61, 4
2026/10/03 02:09:07.687, 20223, 0, 2647, 68.61, 4
2026/10/03 02:09:07.737, 20223, 0, 2647, 68.61, 4
2026/10/03 02:09:07.788, 20223, 0, 2647, 68.61, 4
2026/10/03 02:09:07.838, 20223, 0, 2647, 68.61, 4
2026/10/03 02:09:07.888, 20223, 0, 2647, 68.61, 4
2026/10/03 02:09:07.938, 20223, 0, 2647, 68.61, 4
2026/10/03 02:09:07.988, 20223, 0, 2647, 68.61, 4
2026/10/03 02:09:08.039, 20223, 0, 2647, 68.61, 4
2026/10/03 02:09:08.089, 20223, 0, 2647, 68.61, 4
2026/10/03 02:09:08.139, 20223, 0, 2655, 67.34, 4
2026/10/03 02:09:08.189, 20223, 0, 2655, 67.34, 4
2026/10/03 02:09:08.239, 20223, 0, 2655, 67.34, 4
2026/10/03 02:09:08.290, 20223, 0, 2655, 67.34, 4
2026/10/03 02:09:08.340, 20223, 0, 2655, 67.34, 4
2026/10/03 02:09:08.390, 20223, 0, 2655, 67.34, 4
2026/10/03 02:09:08.440, 20223, 0, 2655, 67.34, 4
2026/10/03 02:09:08.490, 20223, 0, 2655, 67.34, 4
2026/10/03 02:09:08.541, 20223, 0, 2655, 67.34, 4
2026/10/03 02:09:08.591, 20223, 0, 2647, 68.73, 4
2026/10/03 02:09:08.641, 20225, 0, 2647, 68.73, 4
2026/10/03 02:09:08.691, 20225, 0, 2647, 68.73, 4
2026/10/03 02:09:08.741, 20225, 0, 2647, 68.73, 4
2026/10/03 02:09:08.792, 20225, 0, 2647, 68.73, 4
2026/10/03 02:09:08.842, 20225, 0, 2647, 68.73, 4
2026/10/03 02:09:08.892, 20225, 0, 2647, 68.73, 4
2026/10/03 02:09:08.942, 20225, 0, 2647, 68.73, 4
2026/10/03 02:09:08.992, 20225, 0, 2647, 68.73, 4
2026/10/03 02:09:09.043, 20225, 0, 2647, 68.73, 4
2026/10/03 02:09:09.093, 20225, 0, 2655, 67.49, 4
2026/10/03 02:09:09.143, 20225, 0, 2655, 67.49, 4
2026/10/03 02:09:09.193, 20225, 0, 2655, 67.49, 4
2026/10/03 02:09:09.243, 20225, 0, 2655, 67.49, 4
2026/10/03 02:09:09.293, 20225, 0, 2655, 67.49, 4
2026/10/03 02:09:09.344, 20225, 0, 2655, 67.49, 4
2026/10/03 02:09:09.394, 20225, 0, 2655, 67.49, 4
2026/10/03 02:09:09.444, 20225, 0, 2655, 67.49, 4
2026/10/03 02:09:09.494, 20225, 0, 2655, 67.49, 4
2026/10/03 02:09:09.544, 20225, 0, 2655, 67.49, 4
2026/10/03 02:09:09.595, 20227, 0, 2647, 68.98, 4
2026/10/03 02:09:09.645, 20227, 0, 2647, 68.98, 4
2026/10/03 02:09:09.695, 20227, 0, 2647, 68.98, 4
2026/10/03 02:09:09.745, 20227, 0, 2647, 68.98, 4
2026/10/03 02:09:09.795, 20227, 0, 2647, 68.98, 4
2026/10/03 02:09:09.846, 20227, 0, 2647, 68.98, 4
2026/10/03 02:09:09.896, 20227, 0, 2647, 68.98, 4
2026/10/03 02:09:09.946, 20227, 0, 2647, 68.98, 4
2026/10/03 02:09:09.996, 20227, 0, 2647, 68.98, 4
2026/10/03 02:09:10.046, 20227, 0, 2647, 68.98, 4
2026/10/03 02:09:10.096, 20227, 0, 2647, 69.45, 4
2026/10/03 02:09:10.147, 20227, 0, 2647, 69.45, 4
2026/10/03 02:09:10.197, 20227, 0, 2647, 69.45, 4
2026/10/03 02:09:10.247, 20227, 0, 2647, 69.45, 4
2026/10/03 02:09:10.297, 20227, 0, 2647, 69.45, 4
2026/10/03 02:09:10.348, 20227, 0, 2647, 69.45, 4
2026/10/03 02:09:10.398, 20227, 0, 2647, 69.45, 4
2026/10/03 02:09:10.448, 20227, 0, 2647, 69.45, 4
2026/10/03 02:09:10.498, 20227, 0, 2647, 69.45, 4
2026/10/03 02:09:10.548, 20227, 0, 2647, 69.45, 4
2026/10/03 02:09:10.598, 20227, 0, 2647, 67.90, 4
2026/10/03 02:09:10.649, 20227, 0, 2647, 67.90, 4
2026/10/03 02:09:10.699, 20227, 0, 2647, 67.90, 4
2026/10/03 02:09:10.749, 20227, 0, 2647, 67.90, 4
2026/10/03 02:09:10.799, 20227, 0, 2647, 67.90, 4
2026/10/03 02:09:10.849, 20227, 0, 2647, 67.90, 4
2026/10/03 02:09:10.900, 20227, 0, 2647, 67.90, 4
2026/10/03 02:09:10.950, 20227, 0, 2647, 67.90, 4
2026/10/03 02:09:11.000, 20227, 0, 2647, 67.90, 4
2026/10/03 02:09:11.050, 20227, 0, 2647, 67.90, 4
2026/10/03 02:09:11.100, 20227, 0, 2647, 69.14, 4
2026/10/03 02:09:11.151, 20227, 0, 2647, 69.14, 4
2026/10/03 02:09:11.201, 20227, 0, 2647, 69.14, 4
2026/10/03 02:09:11.251, 20227, 0, 2647, 69.14, 4
2026/10/03 02:09:11.301, 20227, 0, 2647, 69.14, 4
2026/10/03 02:09:11.352, 20227, 0, 2647, 69.14, 4
2026/10/03 02:09:11.402, 20227, 0, 2647, 69.14, 4
2026/10/03 02:09:11.452, 20227, 0, 2647, 69.14, 4
2026/10/03 02:09:11.502, 20227, 0, 2647, 69.14, 4
2026/10/03 02:09:11.552, 20227, 0, 2647, 69.14, 4
2026/10/03 02:09:11.603, 20227, 0, 2647, 67.83, 4
2026/10/03 02:09:11.653, 20227, 0, 2647, 67.83, 4
2026/10/03 02:09:11.703, 20227, 0, 2647, 67.83, 4
2026/10/03 02:09:11.753, 20227, 0, 2647, 67.83, 4
2026/10/03 02:09:11.804, 20227, 0, 2647, 67.83, 4
2026/10/03 02:09:11.854, 20227, 0, 2647, 67.83, 4
2026/10/03 02:09:11.904, 20227, 0, 2647, 67.83, 4
2026/10/03 02:09:11.954, 20227, 0, 2647, 67.83, 4
2026/10/03 02:09:12.004, 20227, 0, 2647, 67.83, 4
2026/10/03 02:09:12.055, 20227, 0, 2647, 67.83, 4
2026/10/03 02:09:12.105, 20227, 0, 2647, 67.89, 4
2026/10/03 02:09:12.155, 20227, 0, 2647, 67.89, 4
2026/10/03 02:09:12.206, 20227, 0, 2647, 67.89, 4
2026/10/03 02:09:12.256, 20227, 0, 2647, 67.89, 4
2026/10/03 02:09:12.306, 20227, 0, 2647, 67.89, 4
2026/10/03 02:09:12.356, 20227, 0, 2647, 67.89, 4
2026/10/03 02:09:12.407, 20227, 0, 2647, 67.89, 4
2026/10/03 02:09:12.457, 20227, 0, 2647, 67.89, 4
2026/10/03 02:09:12.507, 20227, 0, 2647, 67.89, 4
2026/10/03 02:09:12.557, 20227, 0, 2647, 67.89, 4
2026/10/03 02:09:12.608, 20229, 0, 2647, 70.28, 4
2026/10/03 02:09:12.658, 20229, 0, 2647, 70.28, 4
2026/10/03 02:09:12.708, 20229, 0, 2647, 70.28, 4
2026/10/03 02:09:12.758, 20229, 0, 2647, 70.28, 4
2026/10/03 02:09:12.808, 20229, 0, 2647, 70.28, 4
2026/10/03 02:09:12.860, 20229, 0, 2647, 70.28, 4
2026/10/03 02:09:12.910, 20229, 0, 2647, 70.28, 4
2026/10/03 02:09:12.960, 20229, 0, 2647, 70.28, 4
2026/10/03 02:09:13.010, 20229, 0, 2647, 70.28, 4
2026/10/03 02:09:13.061, 20231, 0, 2647, 70.28, 4
2026/10/03 02:09:13.111, 20231, 0, 2647, 67.64, 4
2026/10/03 02:09:13.161, 20231, 0, 2647, 67.64, 4
2026/10/03 02:09:13.211, 20231, 0, 2647, 67.64, 4
2026/10/03 02:09:13.262, 20231, 0, 2647, 67.64, 4
2026/10/03 02:09:13.312, 20231, 0, 2647, 67.64, 4
2026/10/03 02:09:13.362, 20231, 0, 2647, 67.64, 4
2026/10/03 02:09:13.412, 20231, 0, 2647, 67.64, 4
2026/10/03 02:09:13.462, 20231, 0, 2647, 67.64, 4
2026/10/03 02:09:13.513, 20231, 0, 2647, 67.64, 4
2026/10/03 02:09:13.563, 20231, 0, 2647, 67.64, 4
2026/10/03 02:09:13.613, 20231, 0, 2647, 70.02, 4
2026/10/03 02:09:13.663, 20231, 0, 2647, 70.02, 4
2026/10/03 02:09:13.713, 20231, 0, 2647, 70.02, 4
2026/10/03 02:09:13.764, 20231, 0, 2647, 70.02, 4
2026/10/03 02:09:13.814, 20231, 0, 2647, 70.02, 4
2026/10/03 02:09:13.864, 20231, 0, 2647, 70.02, 4
2026/10/03 02:09:13.915, 20231, 0, 2647, 70.02, 4
2026/10/03 02:09:13.965, 20231, 0, 2647, 70.02, 4
2026/10/03 02:09:14.015, 20231, 0, 2647, 70.02, 4
2026/10/03 02:09:14.065, 20231, 0, 2647, 70.02, 4
2026/10/03 02:09:14.116, 20231, 0, 2647, 67.89, 4
2026/10/03 02:09:14.166, 20231, 0, 2647, 67.89, 4
2026/10/03 02:09:14.216, 20231, 0, 2647, 67.89, 4
2026/10/03 02:09:14.266, 20231, 0, 2647, 67.89, 4
2026/10/03 02:09:14.316, 20231, 0, 2647, 67.89, 4
2026/10/03 02:09:14.367, 20231, 0, 2647, 67.89, 4
2026/10/03 02:09:14.417, 20231, 0, 2647, 67.89, 4
2026/10/03 02:09:14.467, 20231, 0, 2647, 67.89, 4
2026/10/03 02:09:14.517, 20231, 0, 2647, 67.89, 4
2026/10/03 02:09:14.567, 20231, 0, 2647, 67.89, 4
2026/10/03 02:09:14.617, 20231, 0, 2647, 69.00, 4
2026/10/03 02:09:14.668, 20231, 0, 2647, 69.00, 4
2026/10/03 02:09:14.718, 20231, 0, 2647, 69.00, 4
2026/10/03 02:09:14.768, 20231, 0, 2647, 69.00, 4
2026/10/03 02:09:14.818, 20231, 0, 2647, 69.00, 4
2026/10/03 02:09:14.868, 20231, 0, 2647, 69.00, 4
2026/10/03 02:09:14.919, 20231, 0, 2647, 69.00, 4
2026/10/03 02:09:14.969, 20231, 0, 2647, 69.00, 4
2026/10/03 02:09:15.019, 20231, 0, 2647, 69.00, 4
2026/10/03 02:09:15.069, 20231, 0, 2647, 69.00, 4
2026/10/03 02:09:15.120, 20231, 0, 2647, 69.02, 4
2026/10/03 02:09:15.170, 20231, 0, 2647, 69.02, 4
2026/10/03 02:09:15.220, 20231, 0, 2647, 69.02, 4
2026/10/03 02:09:15.270, 20231, 0, 2647, 69.02, 4
2026/10/03 02:09:15.320, 20231, 0, 2647, 69.02, 4
2026/10/03 02:09:15.370, 20231, 0, 2647, 69.02, 4
2026/10/03 02:09:15.421, 20231, 0, 2647, 69.02, 4
2026/10/03 02:09:15.471, 20231, 0, 2647, 69.02, 4
2026/10/03 02:09:15.533, 20231, 0, 2647, 69.02, 4
2026/10/03 02:09:15.596, 20231, 0, 2647, 67.88, 4
2026/10/03 02:09:15.646, 20231, 0, 2647, 67.88, 4
2026/10/03 02:09:15.697, 20231, 0, 2647, 67.88, 4
2026/10/03 02:09:15.747, 20231, 0, 2647, 67.88, 4
2026/10/03 02:09:15.797, 20231, 0, 2647, 67.88, 4
2026/10/03 02:09:15.847, 20231, 0, 2647, 67.88, 4
2026/10/03 02:09:15.897, 20231, 0, 2647, 67.88, 4
2026/10/03 02:09:15.948, 20231, 0, 2647, 67.88, 4
2026/10/03 02:09:15.998, 20231, 0, 2647, 67.88, 4
2026/10/03 02:09:16.048, 20231, 0, 2647, 67.88, 4
2026/10/03 02:09:16.098, 20231, 0, 2647, 68.84, 4
2026/10/03 02:09:16.148, 20231, 0, 2647, 68.84, 4
2026/10/03 02:09:16.199, 20231, 0, 2647, 68.84, 4
2026/10/03 02:09:16.249, 20231, 0, 2647, 68.84, 4
2026/10/03 02:09:16.299, 20231, 0, 2647, 68.84, 4
2026/10/03 02:09:16.349, 20231, 0, 2647, 68.84, 4
2026/10/03 02:09:16.399, 20231, 0, 2647, 68.84, 4
2026/10/03 02:09:16.450, 20233, 0, 2647, 68.84, 4
2026/10/03 02:09:16.500, 20233, 0, 2647, 68.84, 4
2026/10/03 02:09:16.550, 20233, 0, 2647, 68.84, 4
2026/10/03 02:09:16.600, 20233, 0, 2647, 67.56, 4
2026/10/03 02:09:16.651, 20233, 0, 2647, 67.56, 4
2026/10/03 02:09:16.701, 20233, 0, 2647, 67.56, 4
2026/10/03 02:09:16.751, 20233, 0, 2647, 67.56, 4
2026/10/03 02:09:16.801, 20233, 0, 2647, 67.56, 4
2026/10/03 02:09:16.851, 20233, 0, 2647, 67.56, 4
2026/10/03 02:09:16.902, 20235, 0, 2647, 67.56, 4
2026/10/03 02:09:16.952, 20235, 0, 2647, 67.56, 4
2026/10/03 02:09:17.002, 20235, 0, 2647, 67.56, 4
2026/10/03 02:09:17.052, 20235, 0, 2647, 67.56, 4
2026/10/03 02:09:17.102, 20235, 0, 2655, 67.76, 4
2026/10/03 02:09:17.153, 20235, 0, 2655, 67.76, 4
2026/10/03 02:09:17.203, 20235, 0, 2655, 67.76, 4
2026/10/03 02:09:17.253, 20235, 0, 2655, 67.76, 4
2026/10/03 02:09:17.303, 20235, 0, 2655, 67.76, 4
2026/10/03 02:09:17.353, 20235, 0, 2655, 67.76, 4
2026/10/03 02:09:17.403, 20235, 0, 2655, 67.76, 4
2026/10/03 02:09:17.454, 20235, 0, 2655, 67.76, 4
2026/10/03 02:09:17.504, 20235, 0, 2655, 67.76, 4
2026/10/03 02:09:17.554, 20235, 0, 2655, 67.76, 4
2026/10/03 02:09:17.604, 20235, 0, 2655, 70.20, 4
2026/10/03 02:09:17.654, 20235, 0, 2655, 70.20, 4
2026/10/03 02:09:17.705, 20235, 0, 2655, 70.20, 4
2026/10/03 02:09:17.755, 20235, 0, 2655, 70.20, 4
2026/10/03 02:09:17.805, 20235, 0, 2655, 70.20, 4
2026/10/03 02:09:17.855, 20235, 0, 2655, 70.20, 4
2026/10/03 02:09:17.905, 20235, 0, 2655, 70.20, 4
2026/10/03 02:09:17.956, 20235, 0, 2655, 70.20, 4
2026/10/03 02:09:18.006, 20235, 0, 2655, 70.20, 4
2026/10/03 02:09:18.056, 20235, 0, 2655, 70.20, 4
2026/10/03 02:09:18.106, 20235, 0, 2647, 67.12, 4
2026/10/03 02:09:18.156, 20235, 0, 2647, 67.12, 4
2026/10/03 02:09:18.207, 20235, 0, 2647, 67.12, 4
2026/10/03 02:09:18.257, 20235, 0, 2647, 67.12, 4
2026/10/03 02:09:18.307, 20235, 0, 2647, 67.12, 4
2026/10/03 02:09:18.357, 20235, 0, 2647, 67.12, 4
2026/10/03 02:09:18.407, 20235, 0, 2647, 67.12, 4
2026/10/03 02:09:18.458, 20235, 0, 2647, 67.12, 4
2026/10/03 02:09:18.508, 20235, 0, 2647, 67.12, 4
2026/10/03 02:09:18.558, 20235, 0, 2647, 67.12, 4
2026/10/03 02:09:18.608, 20235, 0, 2647, 69.42, 4
2026/10/03 02:09:18.659, 20235, 0, 2647, 69.42, 4
2026/10/03 02:09:18.710, 20235, 0, 2647, 69.42, 4
2026/10/03 02:09:18.760, 20235, 0, 2647, 69.42, 4
2026/10/03 02:09:18.811, 20235, 0, 2647, 69.42, 4
2026/10/03 02:09:18.861, 20235, 0, 2647, 69.42, 4
2026/10/03 02:09:18.916, 20235, 0, 2647, 69.42, 4
2026/10/03 02:09:18.966, 20235, 0, 2647, 69.42, 4
2026/10/03 02:09:19.016, 20235, 0, 2647, 69.42, 4
2026/10/03 02:09:19.067, 20237, 0, 2647, 69.42, 4
2026/10/03 02:09:19.117, 20237, 0, 2647, 68.25, 4
2026/10/03 02:09:19.167, 20237, 0, 2647, 68.25, 4
2026/10/03 02:09:19.217, 20237, 0, 2647, 68.25, 4
2026/10/03 02:09:19.267, 20237, 0, 2647, 68.25, 4
2026/10/03 02:09:19.317, 20237, 0, 2647, 68.25, 4
2026/10/03 02:09:19.368, 20237, 0, 2647, 68.25, 4
2026/10/03 02:09:19.418, 20237, 0, 2647, 68.25, 4
2026/10/03 02:09:19.468, 20237, 0, 2647, 68.25, 4
2026/10/03 02:09:19.518, 20237, 0, 2647, 68.25, 4
2026/10/03 02:09:19.568, 20237, 0, 2647, 68.25, 4
2026/10/03 02:09:19.619, 20237, 0, 2647, 67.18, 4
2026/10/03 02:09:19.669, 20237, 0, 2647, 67.18, 4
2026/10/03 02:09:19.719, 20237, 0, 2647, 67.18, 4
2026/10/03 02:09:19.769, 20237, 0, 2647, 67.18, 4
2026/10/03 02:09:19.820, 20237, 0, 2647, 67.18, 4
2026/10/03 02:09:19.870, 20237, 0, 2647, 67.18, 4
2026/10/03 02:09:19.920, 20237, 0, 2647, 67.18, 4
2026/10/03 02:09:19.970, 20237, 0, 2647, 67.18, 4
2026/10/03 02:09:20.020, 20237, 0, 2647, 67.18, 4
2026/10/03 02:09:20.071, 20237, 0, 2647, 67.18, 4
2026/10/03 02:09:20.121, 20237, 0, 2647, 68.34, 4
2026/10/03 02:09:20.171, 20237, 0, 2647, 68.34, 4
2026/10/03 02:09:20.221, 20237, 0, 2647, 68.34, 4
2026/10/03 02:09:20.271, 20237, 0, 2647, 68.34, 4
2026/10/03 02:09:20.322, 20237, 0, 2647, 68.34, 4
2026/10/03 02:09:20.372, 20237, 0, 2647, 68.34, 4
2026/10/03 02:09:20.422, 20237, 0, 2647, 68.34, 4
2026/10/03 02:09:20.472, 20237, 0, 2647, 68.34, 4
2026/10/03 02:09:20.522, 20239, 0, 2647, 68.34, 4
2026/10/03 02:09:20.573, 20239, 0, 2647, 68.34, 4
2026/10/03 02:09:20.623, 20239, 0, 2647, 67.59, 4
2026/10/03 02:09:20.673, 20239, 0, 2647, 67.59, 4
2026/10/03 02:09:20.723, 20239, 0, 2647, 67.59, 4
2026/10/03 02:09:20.774, 20239, 0, 2647, 67.59, 4
2026/10/03 02:09:20.824, 20239, 0, 2647, 67.59, 4
2026/10/03 02:09:20.874, 20239, 0, 2647, 67.59, 4
2026/10/03 02:09:20.924, 20239, 0, 2647, 67.59, 4
2026/10/03 02:09:20.975, 20239, 0, 2647, 67.59, 4
2026/10/03 02:09:21.025, 20239, 0, 2647, 67.59, 4
2026/10/03 02:09:21.076, 20239, 0, 2647, 67.59, 4
2026/10/03 02:09:21.127, 20239, 6, 2647, 69.28, 4
2026/10/03 02:09:21.177, 20239, 6, 2647, 69.28, 4
2026/10/03 02:09:21.227, 20239, 6, 2647, 69.28, 4
2026/10/03 02:09:21.277, 20239, 6, 2647, 69.28, 4
2026/10/03 02:09:21.327, 20239, 6, 2647, 69.28, 4
2026/10/03 02:09:21.378, 20239, 6, 2647, 69.28, 4
2026/10/03 02:09:21.428, 20239, 6, 2647, 69.28, 4
2026/10/03 02:09:21.478, 20239, 6, 2647, 69.28, 4
2026/10/03 02:09:21.528, 20239, 6, 2647, 69.28, 4
2026/10/03 02:09:21.578, 20239, 6, 2647, 69.28, 4
2026/10/03 02:09:21.629, 20239, 6, 2647, 68.99, 4
2026/10/03 02:09:21.679, 20239, 6, 2647, 68.99, 4
2026/10/03 02:09:21.729, 20239, 6, 2647, 68.99, 4
2026/10/03 02:09:21.779, 20239, 6, 2647, 68.99, 4
2026/10/03 02:09:21.829, 20239, 6, 2647, 68.99, 4
2026/10/03 02:09:21.880, 20239, 6, 2647, 68.99, 4
2026/10/03 02:09:21.930, 20239, 6, 2647, 68.99, 4
2026/10/03 02:09:21.980, 20239, 6, 2647, 68.99, 4
2026/10/03 02:09:22.030, 20239, 6, 2647, 68.99, 4
2026/10/03 02:09:22.081, 20239, 6, 2647, 68.99, 4
2026/10/03 02:09:22.131, 20239, 0, 2647, 68.37, 4
2026/10/03 02:09:22.181, 20239, 0, 2647, 68.37, 4
2026/10/03 02:09:22.231, 20239, 0, 2647, 68.37, 4
2026/10/03 02:09:22.282, 20239, 0, 2647, 68.37, 4
2026/10/03 02:09:22.332, 20239, 0, 2647, 68.37, 4
2026/10/03 02:09:22.382, 20239, 0, 2647, 68.37, 4
2026/10/03 02:09:22.432, 20239, 0, 2647, 68.37, 4
2026/10/03 02:09:22.482, 20239, 0, 2647, 68.37, 4
2026/10/03 02:09:22.533, 20239, 0, 2647, 68.37, 4
2026/10/03 02:09:22.583, 20239, 0, 2647, 68.37, 4
2026/10/03 02:09:22.633, 20239, 0, 2647, 69.07, 4
2026/10/03 02:09:22.683, 20239, 0, 2647, 69.07, 4
2026/10/03 02:09:22.733, 20241, 0, 2647, 69.07, 4
2026/10/03 02:09:22.784, 20241, 0, 2647, 69.07, 4
2026/10/03 02:09:22.834, 20241, 0, 2647, 69.07, 4
2026/10/03 02:09:22.884, 20241, 0, 2647, 69.07, 4
2026/10/03 02:09:22.935, 20241, 0, 2647, 69.07, 4
2026/10/03 02:09:22.985, 20241, 0, 2647, 69.07, 4
2026/10/03 02:09:23.035, 20241, 0, 2647, 69.07, 4
2026/10/03 02:09:23.085, 20241, 0, 2647, 69.07, 4
2026/10/03 02:09:23.135, 20241, 0, 2655, 67.90, 4
2026/10/03 02:09:23.185, 20241, 0, 2655, 67.90, 4
2026/10/03 02:09:23.235, 20241, 0, 2655, 67.90, 4
2026/10/03 02:09:23.286, 20241, 0, 2655, 67.90, 4
2026/10/03 02:09:23.336, 20241, 0, 2655, 67.90, 4
2026/10/03 02:09:23.386, 20241, 0, 2655, 67.90, 4
2026/10/03 02:09:23.437, 20241, 0, 2655, 67.90, 4
2026/10/03 02:09:23.487, 20241, 0, 2655, 67.90, 4
2026/10/03 02:09:23.537, 20241, 0, 2655, 67.90, 4
2026/10/03 02:09:23.587, 20241, 0, 2655, 67.90, 4
2026/10/03 02:09:23.637, 20241, 0, 2647, 67.97, 4
2026/10/03 02:09:23.687, 20241, 0, 2647, 67.97, 4
2026/10/03 02:09:23.738, 20241, 0, 2647, 67.97, 4
2026/10/03 02:09:23.788, 20241, 0, 2647, 67.97, 4
2026/10/03 02:09:23.839, 20241, 0, 2647, 67.97, 4
2026/10/03 02:09:23.889, 20241, 0, 2647, 67.97, 4
2026/10/03 02:09:23.939, 20241, 0, 2647, 67.97, 4
2026/10/03 02:09:23.989, 20241, 0, 2647, 67.97, 4
2026/10/03 02:09:24.039, 20241, 0, 2647, 67.97, 4
2026/10/03 02:09:24.090, 20241, 0, 2655, 67.68, 4
2026/10/03 02:09:24.140, 20241, 0, 2655, 67.68, 4
2026/10/03 02:09:24.190, 20243, 0, 2655, 67.68, 4
2026/10/03 02:09:24.240, 20243, 0, 2655, 67.68, 4
2026/10/03 02:09:24.291, 20243, 0, 2655, 67.68, 4
2026/10/03 02:09:24.341, 20243, 0, 2655, 67.68, 4
2026/10/03 02:09:24.391, 20243, 0, 2655, 67.68, 4
2026/10/03 02:09:24.441, 20243, 0, 2655, 67.68, 4
2026/10/03 02:09:24.492, 20243, 0, 2655, 67.68, 4
2026/10/03 02:09:24.542, 20243, 0, 2655, 67.68, 4
2026/10/03 02:09:24.592, 20243, 0, 2655, 67.60, 4
2026/10/03 02:09:24.642, 20243, 0, 2655, 67.60, 4
2026/10/03 02:09:24.693, 20243, 0, 2655, 67.60, 4
2026/10/03 02:09:24.743, 20243, 0, 2655, 67.60, 4
2026/10/03 02:09:24.793, 20243, 0, 2655, 67.60, 4
2026/10/03 02:09:24.843, 20243, 0, 2655, 67.60, 4
2026/10/03 02:09:24.893, 20243, 0, 2655, 67.60, 4
2026/10/03 02:09:24.943, 20243, 0, 2655, 67.60, 4
2026/10/03 02:09:24.994, 20243, 0, 2655, 67.60, 4
2026/10/03 02:09:25.044, 20243, 0, 2655, 67.60, 4
2026/10/03 02:09:25.094, 20243, 0, 2655, 70.11, 4
2026/10/03 02:09:25.144, 20243, 0, 2655, 70.11, 4
2026/10/03 02:09:25.194, 20243, 0, 2655, 70.11, 4
2026/10/03 02:09:25.245, 20243, 0, 2655, 70.11, 4
2026/10/03 02:09:25.295, 20243, 0, 2655, 70.11, 4
2026/10/03 02:09:25.345, 20243, 0, 2655, 70.11, 4
2026/10/03 02:09:25.395, 20243, 0, 2655, 70.11, 4
2026/10/03 02:09:25.445, 20243, 0, 2655, 70.11, 4
2026/10/03 02:09:25.496, 20243, 0, 2655, 70.11, 4
2026/10/03 02:09:25.546, 20243, 0, 2655, 70.11, 4
2026/10/03 02:09:25.596, 20243, 0, 2647, 68.04, 4
2026/10/03 02:09:25.646, 20243, 0, 2647, 68.04, 4
2026/10/03 02:09:25.696, 20243, 0, 2647, 68.04, 4
2026/10/03 02:09:25.747, 20243, 0, 2647, 68.04, 4
2026/10/03 02:09:25.797, 20243, 0, 2647, 68.04, 4
2026/10/03 02:09:25.847, 20243, 0, 2647, 68.04, 4
2026/10/03 02:09:25.898, 20243, 0, 2647, 68.04, 4
2026/10/03 02:09:25.950, 20243, 0, 2647, 68.04, 4
2026/10/03 02:09:26.000, 20243, 0, 2647, 68.04, 4
2026/10/03 02:09:26.051, 20243, 0, 2647, 68.04, 4
2026/10/03 02:09:26.101, 20243, 0, 2647, 69.48, 4
2026/10/03 02:09:26.151, 20243, 0, 2647, 69.48, 4
2026/10/03 02:09:26.201, 20243, 0, 2647, 69.48, 4
2026/10/03 02:09:26.251, 20243, 0, 2647, 69.48, 4
2026/10/03 02:09:26.302, 20243, 0, 2647, 69.48, 4
2026/10/03 02:09:26.352, 20245, 0, 2647, 69.48, 4
2026/10/03 02:09:26.402, 20245, 0, 2647, 69.48, 4
2026/10/03 02:09:26.453, 20245, 0, 2647, 69.48, 4
2026/10/03 02:09:26.503, 20245, 0, 2647, 69.48, 4
2026/10/03 02:09:26.553, 20245, 0, 2647, 69.48, 4
2026/10/03 02:09:26.603, 20245, 0, 2655, 69.17, 4
2026/10/03 02:09:26.653, 20245, 0, 2655, 69.17, 4
2026/10/03 02:09:26.704, 20245, 0, 2655, 69.17, 4
2026/10/03 02:09:26.754, 20245, 0, 2655, 69.17, 4
2026/10/03 02:09:26.804, 20245, 0, 2655, 69.17, 4
2026/10/03 02:09:26.854, 20245, 0, 2655, 69.17, 4
2026/10/03 02:09:26.904, 20245, 0, 2655, 69.17, 4
2026/10/03 02:09:26.955, 20245, 0, 2655, 69.17, 4
2026/10/03 02:09:27.005, 20245, 0, 2655, 69.17, 4
2026/10/03 02:09:27.055, 20245, 0, 2655, 69.17, 4
2026/10/03 02:09:27.105, 20245, 0, 2647, 66.92, 4
2026/10/03 02:09:27.155, 20245, 0, 2647, 66.92, 4
2026/10/03 02:09:27.206, 20245, 0, 2647, 66.92, 4
2026/10/03 02:09:27.256, 20245, 0, 2647, 66.92, 4
2026/10/03 02:09:27.306, 20245, 0, 2647, 66.92, 4
2026/10/03 02:09:27.356, 20247, 0, 2647, 66.92, 4
2026/10/03 02:09:27.406, 20247, 0, 2647, 66.92, 4
2026/10/03 02:09:27.457, 20247, 0, 2647, 66.92, 4
2026/10/03 02:09:27.507, 20247, 0, 2647, 66.92, 4
2026/10/03 02:09:27.557, 20247, 0, 2647, 66.92, 4
2026/10/03 02:09:27.607, 20247, 0, 2655, 68.47, 4
2026/10/03 02:09:27.658, 20247, 0, 2655, 68.47, 4
2026/10/03 02:09:27.708, 20247, 0, 2655, 68.47, 4
2026/10/03 02:09:27.758, 20247, 0, 2655, 68.47, 4
2026/10/03 02:09:27.808, 20247, 0, 2655, 68.47, 4
2026/10/03 02:09:27.858, 20247, 0, 2655, 68.47, 4
2026/10/03 02:09:27.909, 20247, 0, 2655, 68.47, 4
2026/10/03 02:09:27.959, 20247, 0, 2655, 68.47, 4
2026/10/03 02:09:28.009, 20247, 0, 2655, 68.47, 4
2026/10/03 02:09:28.059, 20247, 0, 2655, 68.47, 4
2026/10/03 02:09:28.109, 20247, 0, 2655, 66.92, 4
2026/10/03 02:09:28.160, 20247, 0, 2655, 66.92, 4
2026/10/03 02:09:28.210, 20247, 0, 2655, 66.92, 4
2026/10/03 02:09:28.260, 20247, 0, 2655, 66.92, 4
2026/10/03 02:09:28.310, 20247, 0, 2655, 66.92, 4
2026/10/03 02:09:28.361, 20247, 0, 2655, 66.92, 4
2026/10/03 02:09:28.411, 20247, 0, 2655, 66.92, 4
2026/10/03 02:09:28.461, 20247, 0, 2655, 66.92, 4
2026/10/03 02:09:28.511, 20247, 0, 2655, 66.92, 4
2026/10/03 02:09:28.561, 20247, 0, 2655, 66.92, 4
2026/10/03 02:09:28.611, 20247, 0, 2655, 68.07, 4
2026/10/03 02:09:28.666, 20247, 0, 2655, 68.07, 4
2026/10/03 02:09:28.716, 20247, 0, 2655, 68.07, 4
2026/10/03 02:09:28.767, 20247, 0, 2655, 68.07, 4
2026/10/03 02:09:28.817, 20247, 0, 2655, 68.07, 4
2026/10/03 02:09:28.867, 20247, 0, 2655, 68.07, 4
2026/10/03 02:09:28.917, 20247, 0, 2655, 68.07, 4
2026/10/03 02:09:28.967, 20247, 0, 2655, 68.07, 4
2026/10/03 02:09:29.017, 20247, 0, 2655, 68.07, 4
2026/10/03 02:09:29.067, 20247, 0, 2655, 68.07, 4
2026/10/03 02:09:29.118, 20247, 0, 2647, 70.09, 4
2026/10/03 02:09:29.168, 20247, 0, 2647, 70.09, 4
2026/10/03 02:09:29.218, 20247, 0, 2647, 70.09, 4
2026/10/03 02:09:29.268, 20247, 0, 2647, 70.09, 4
2026/10/03 02:09:29.318, 20247, 0, 2647, 70.09, 4
2026/10/03 02:09:29.369, 20247, 0, 2647, 70.09, 4
2026/10/03 02:09:29.419, 20247, 0, 2647, 70.09, 4
2026/10/03 02:09:29.469, 20247, 0, 2647, 70.09, 4
2026/10/03 02:09:29.519, 20247, 0, 2647, 70.09, 4
2026/10/03 02:09:29.569, 20247, 0, 2647, 70.09, 4
2026/10/03 02:09:29.620, 20247, 0, 2647, 67.38, 4
2026/10/03 02:09:29.670, 20247, 0, 2647, 67.38, 4
2026/10/03 02:09:29.720, 20247, 0, 2647, 67.38, 4
2026/10/03 02:09:29.770, 20247, 0, 2647, 67.38, 4
2026/10/03 02:09:29.820, 20247, 0, 2647, 67.38, 4
2026/10/03 02:09:29.870, 20247, 0, 2647, 67.38, 4
2026/10/03 02:09:29.921, 20247, 0, 2647, 67.38, 4
2026/10/03 02:09:29.971, 20247, 0, 2647, 67.38, 4
2026/10/03 02:09:30.021, 20249, 0, 2647, 67.38, 4
2026/10/03 02:09:30.071, 20249, 0, 2647, 67.38, 4
2026/10/03 02:09:30.121, 20249, 3, 2647, 69.79, 4
2026/10/03 02:09:30.171, 20249, 3, 2647, 69.79, 4
2026/10/03 02:09:30.222, 20249, 3, 2647, 69.79, 4
2026/10/03 02:09:30.272, 20249, 3, 2647, 69.79, 4
2026/10/03 02:09:30.322, 20249, 3, 2647, 69.79, 4
2026/10/03 02:09:30.372, 20249, 3, 2647, 69.79, 4
2026/10/03 02:09:30.422, 20249, 3, 2647, 69.79, 4
2026/10/03 02:09:30.472, 20249, 3, 2647, 69.79, 4
2026/10/03 02:09:30.523, 20249, 3, 2647, 69.79, 4
2026/10/03 02:09:30.573, 20249, 3, 2647, 69.79, 4
2026/10/03 02:09:30.623, 20249, 3, 2647, 68.46, 4
2026/10/03 02:09:30.673, 20249, 3, 2647, 68.46, 4
2026/10/03 02:09:30.723, 20249, 3, 2647, 68.46, 4
2026/10/03 02:09:30.774, 20249, 3, 2647, 68.46, 4
2026/10/03 02:09:30.824, 20249, 3, 2647, 68.46, 4
2026/10/03 02:09:30.874, 20249, 3, 2647, 68.46, 4
2026/10/03 02:09:30.924, 20249, 3, 2647, 68.46, 4
2026/10/03 02:09:30.975, 20251, 3, 2647, 68.46, 4
2026/10/03 02:09:31.025, 20251, 3, 2647, 68.46, 4
2026/10/03 02:09:31.075, 20251, 3, 2647, 68.46, 4
2026/10/03 02:09:31.125, 20251, 1, 2647, 67.72, 4
2026/10/03 02:09:31.175, 20251, 1, 2647, 67.72, 4
2026/10/03 02:09:31.225, 20251, 1, 2647, 67.72, 4
2026/10/03 02:09:31.276, 20251, 1, 2647, 67.72, 4
2026/10/03 02:09:31.326, 20251, 1, 2647, 67.72, 4
2026/10/03 02:09:31.376, 20251, 1, 2647, 67.72, 4
2026/10/03 02:09:31.426, 20251, 1, 2647, 67.72, 4
2026/10/03 02:09:31.476, 20251, 1, 2647, 67.72, 4
2026/10/03 02:09:31.526, 20251, 1, 2647, 67.72, 4
2026/10/03 02:09:31.576, 20251, 1, 2647, 67.72, 4
2026/10/03 02:09:31.627, 20251, 1, 2647, 68.39, 4
2026/10/03 02:09:31.677, 20251, 1, 2647, 68.39, 4
2026/10/03 02:09:31.727, 20251, 1, 2647, 68.39, 4
2026/10/03 02:09:31.777, 20251, 1, 2647, 68.39, 4
2026/10/03 02:09:31.827, 20251, 1, 2647, 68.39, 4
2026/10/03 02:09:31.878, 20251, 1, 2647, 68.39, 4
2026/10/03 02:09:31.928, 20251, 1, 2647, 68.39, 4
2026/10/03 02:09:31.978, 20251, 1, 2647, 68.39, 4
2026/10/03 02:09:32.028, 20251, 1, 2647, 68.39, 4
2026/10/03 02:09:32.078, 20251, 1, 2647, 68.39, 4
2026/10/03 02:09:32.128, 20251, 0, 2655, 67.47, 4
2026/10/03 02:09:32.178, 20251, 0, 2655, 67.47, 4
2026/10/03 02:09:32.229, 20251, 0, 2655, 67.47, 4
2026/10/03 02:09:32.279, 20251, 0, 2655, 67.47, 4
2026/10/03 02:09:32.329, 20251, 0, 2655, 67.47, 4
2026/10/03 02:09:32.379, 20251, 0, 2655, 67.47, 4
2026/10/03 02:09:32.429, 20251, 0, 2655, 67.47, 4
2026/10/03 02:09:32.479, 20251, 0, 2655, 67.47, 4
2026/10/03 02:09:32.529, 20251, 0, 2655, 67.47, 4
2026/10/03 02:09:32.580, 20251, 0, 2655, 67.47, 4
2026/10/03 02:09:32.630, 20251, 0, 2647, 69.30, 4
2026/10/03 02:09:32.680, 20251, 0, 2647, 69.30, 4
2026/10/03 02:09:32.730, 20251, 0, 2647, 69.30, 4
2026/10/03 02:09:32.780, 20251, 0, 2647, 69.30, 4
2026/10/03 02:09:32.830, 20251, 0, 2647, 69.30, 4
2026/10/03 02:09:32.881, 20251, 0, 2647, 69.30, 4
2026/10/03 02:09:32.931, 20251, 0, 2647, 69.30, 4
2026/10/03 02:09:32.981, 20251, 0, 2647, 69.30, 4
2026/10/03 02:09:33.031, 20251, 0, 2647, 69.30, 4
2026/10/03 02:09:33.081, 20251, 0, 2647, 69.30, 4
2026/10/03 02:09:33.131, 20251, 0, 2647, 68.50, 4
2026/10/03 02:09:33.181, 20251, 0, 2647, 68.50, 4
2026/10/03 02:09:33.232, 20251, 0, 2647, 68.50, 4
2026/10/03 02:09:33.282, 20251, 0, 2647, 68.50, 4
2026/10/03 02:09:33.332, 20251, 0, 2647, 68.50, 4
2026/10/03 02:09:33.382, 20251, 0, 2647, 68.50, 4
2026/10/03 02:09:33.432, 20251, 0, 2647, 68.50, 4
2026/10/03 02:09:33.482, 20251, 0, 2647, 68.50, 4
2026/10/03 02:09:33.532, 20251, 0, 2647, 68.50, 4
2026/10/03 02:09:33.583, 20251, 0, 2647, 68.50, 4
2026/10/03 02:09:33.633, 20251, 0, 2647, 68.25, 4
2026/10/03 02:09:33.683, 20251, 0, 2647, 68.25, 4
2026/10/03 02:09:33.733, 20251, 0, 2647, 68.25, 4
2026/10/03 02:09:33.783, 20251, 0, 2647, 68.25, 4
2026/10/03 02:09:33.833, 20253, 0, 2647, 68.25, 4
2026/10/03 02:09:33.883, 20253, 0, 2647, 68.25, 4
2026/10/03 02:09:33.934, 20253, 0, 2647, 68.25, 4
2026/10/03 02:09:33.984, 20253, 0, 2647, 68.25, 4
2026/10/03 02:09:34.034, 20253, 0, 2647, 68.25, 4
2026/10/03 02:09:34.084, 20253, 0, 2647, 68.25, 4
2026/10/03 02:09:34.134, 20253, 0, 2655, 69.16, 4
2026/10/03 02:09:34.184, 20253, 0, 2655, 69.16, 4
2026/10/03 02:09:34.235, 20253, 0, 2655, 69.16, 4
2026/10/03 02:09:34.285, 20253, 0, 2655, 69.16, 4
2026/10/03 02:09:34.335, 20253, 0, 2655, 69.16, 4
2026/10/03 02:09:34.385, 20253, 0, 2655, 69.16, 4
2026/10/03 02:09:34.436, 20253, 0, 2655, 69.16, 4
2026/10/03 02:09:34.486, 20253, 0, 2655, 69.16, 4
2026/10/03 02:09:34.536, 20253, 0, 2655, 69.16, 4
2026/10/03 02:09:34.586, 20253, 0, 2655, 69.16, 4
2026/10/03 02:09:34.636, 20253, 0, 2647, 67.40, 4
2026/10/03 02:09:34.687, 20253, 0, 2647, 67.40, 4
2026/10/03 02:09:34.737, 20253, 0, 2647, 67.40, 4
2026/10/03 02:09:34.787, 20253, 0, 2647, 67.40, 4
2026/10/03 02:09:34.837, 20253, 0, 2647, 67.40, 4
2026/10/03 02:09:34.887, 20253, 0, 2647, 67.40, 4
2026/10/03 02:09:34.937, 20255, 0, 2647, 67.40, 4
2026/10/03 02:09:34.988, 20255, 0, 2647, 67.40, 4
2026/10/03 02:09:35.038, 20255, 0, 2647, 67.40, 4
2026/10/03 02:09:35.088, 20255, 0, 2647, 67.40, 4
2026/10/03 02:09:35.138, 20255, 2, 2647, 68.42, 4
2026/10/03 02:09:35.188, 20255, 2, 2647, 68.42, 4
2026/10/03 02:09:35.238, 20255, 2, 2647, 68.42, 4
2026/10/03 02:09:35.289, 20255, 2, 2647, 68.42, 4
2026/10/03 02:09:35.339, 20255, 2, 2647, 68.42, 4
2026/10/03 02:09:35.389, 20255, 2, 2647, 68.42, 4
2026/10/03 02:09:35.439, 20255, 2, 2647, 68.42, 4
2026/10/03 02:09:35.489, 20255, 2, 2647, 68.42, 4
2026/10/03 02:09:35.539, 20255, 2, 2647, 68.42, 4
2026/10/03 02:09:35.590, 20255, 2, 2647, 67.12, 4
2026/10/03 02:09:35.640, 20255, 2, 2647, 67.12, 4
2026/10/03 02:09:35.690, 20255, 2, 2647, 67.12, 4
2026/10/03 02:09:35.740, 20255, 2, 2647, 67.12, 4
2026/10/03 02:09:35.790, 20255, 2, 2647, 67.12, 4
2026/10/03 02:09:35.840, 20255, 2, 2647, 67.12, 4
2026/10/03 02:09:35.891, 20255, 2, 2647, 67.12, 4
2026/10/03 02:09:35.941, 20255, 2, 2647, 67.12, 4
2026/10/03 02:09:35.991, 20255, 2, 2647, 67.12, 4
2026/10/03 02:09:36.041, 20255, 2, 2647, 67.12, 4
2026/10/03 02:09:36.091, 20255, 0, 2655, 67.59, 4
2026/10/03 02:09:36.142, 20255, 0, 2655, 67.59, 4
2026/10/03 02:09:36.192, 20255, 0, 2655, 67.59, 4
2026/10/03 02:09:36.242, 20255, 0, 2655, 67.59, 4
2026/10/03 02:09:36.292, 20255, 0, 2655, 67.59, 4
2026/10/03 02:09:36.342, 20255, 0, 2655, 67.59, 4
2026/10/03 02:09:36.392, 20255, 0, 2655, 67.59, 4
2026/10/03 02:09:36.442, 20255, 0, 2655, 67.59, 4
2026/10/03 02:09:36.493, 20255, 0, 2655, 67.59, 4
2026/10/03 02:09:36.543, 20255, 0, 2655, 67.59, 4
2026/10/03 02:09:36.593, 20255, 0, 2647, 69.73, 4
2026/10/03 02:09:36.643, 20255, 0, 2647, 69.73, 4
2026/10/03 02:09:36.693, 20255, 0, 2647, 69.73, 4
2026/10/03 02:09:36.743, 20255, 0, 2647, 69.73, 4
2026/10/03 02:09:36.793, 20255, 0, 2647, 69.73, 4
2026/10/03 02:09:36.844, 20255, 0, 2647, 69.73, 4
2026/10/03 02:09:36.894, 20255, 0, 2647, 69.73, 4
2026/10/03 02:09:36.944, 20255, 0, 2647, 69.73, 4
2026/10/03 02:09:36.994, 20255, 0, 2647, 69.73, 4
2026/10/03 02:09:37.044, 20255, 0, 2647, 69.73, 4
2026/10/03 02:09:37.094, 20255, 0, 2647, 67.44, 4
2026/10/03 02:09:37.145, 20255, 0, 2647, 67.44, 4
2026/10/03 02:09:37.195, 20255, 0, 2647, 67.44, 4
2026/10/03 02:09:37.246, 20255, 0, 2647, 67.44, 4
2026/10/03 02:09:37.296, 20255, 0, 2647, 67.44, 4
2026/10/03 02:09:37.346, 20255, 0, 2647, 67.44, 4
2026/10/03 02:09:37.396, 20255, 0, 2647, 67.44, 4
2026/10/03 02:09:37.446, 20255, 0, 2647, 67.44, 4
2026/10/03 02:09:37.497, 20255, 0, 2647, 67.44, 4
2026/10/03 02:09:37.547, 20255, 0, 2647, 67.44, 4
2026/10/03 02:09:37.597, 20255, 0, 2647, 69.25, 4
2026/10/03 02:09:37.647, 20257, 0, 2647, 69.25, 4
2026/10/03 02:09:37.697, 20257, 0, 2647, 69.25, 4
2026/10/03 02:09:37.747, 20257, 0, 2647, 69.25, 4
2026/10/03 02:09:37.797, 20257, 0, 2647, 69.25, 4
2026/10/03 02:09:37.848, 20257, 0, 2647, 69.25, 4
2026/10/03 02:09:37.898, 20257, 0, 2647, 69.25, 4
2026/10/03 02:09:37.948, 20257, 0, 2647, 69.25, 4
2026/10/03 02:09:37.998, 20257, 0, 2647, 69.25, 4
2026/10/03 02:09:38.048, 20257, 0, 2647, 69.25, 4
2026/10/03 02:09:38.098, 20257, 0, 2655, 68.68, 4
2026/10/03 02:09:38.149, 20257, 0, 2655, 68.68, 4
2026/10/03 02:09:38.199, 20257, 0, 2655, 68.68, 4
2026/10/03 02:09:38.249, 20257, 0, 2655, 68.68, 4
2026/10/03 02:09:38.299, 20257, 0, 2655, 68.68, 4
2026/10/03 02:09:38.349, 20257, 0, 2655, 68.68, 4
2026/10/03 02:09:38.399, 20257, 0, 2655, 68.68, 4
2026/10/03 02:09:38.449, 20257, 0, 2655, 68.68, 4
2026/10/03 02:09:38.500, 20257, 0, 2655, 68.68, 4
2026/10/03 02:09:38.550, 20257, 0, 2655, 68.68, 4
2026/10/03 02:09:38.600, 20257, 0, 2647, 66.90, 4
2026/10/03 02:09:38.650, 20257, 0, 2647, 66.90, 4
2026/10/03 02:09:38.700, 20259, 0, 2647, 66.90, 4
2026/10/03 02:09:38.750, 20259, 0, 2647, 66.90, 4
2026/10/03 02:09:38.804, 20259, 0, 2647, 66.90, 4
2026/10/03 02:09:38.854, 20259, 0, 2647, 66.90, 4
2026/10/03 02:09:38.904, 20259, 0, 2647, 66.90, 4
2026/10/03 02:09:38.955, 20259, 0, 2647, 66.90, 4
2026/10/03 02:09:39.005, 20259, 0, 2647, 66.90, 4
2026/10/03 02:09:39.056, 20259, 0, 2647, 66.90, 4
2026/10/03 02:09:39.106, 20259, 0, 2655, 68.40, 4
2026/10/03 02:09:39.156, 20259, 0, 2655, 68.40, 4
2026/10/03 02:09:39.206, 20259, 0, 2655, 68.40, 4
2026/10/03 02:09:39.257, 20259, 0, 2655, 68.40, 4
2026/10/03 02:09:39.307, 20259, 0, 2655, 68.40, 4
2026/10/03 02:09:39.357, 20259, 0, 2655, 68.40, 4
2026/10/03 02:09:39.408, 20259, 0, 2655, 68.40, 4
2026/10/03 02:09:39.458, 20259, 0, 2655, 68.40, 4
2026/10/03 02:09:39.508, 20259, 0, 2655, 68.40, 4
2026/10/03 02:09:39.559, 20259, 0, 2655, 68.40, 4
2026/10/03 02:09:39.609, 20259, 0, 2655, 66.73, 4
2026/10/03 02:09:39.659, 20259, 0, 2655, 66.73, 4
2026/10/03 02:09:39.709, 20261, 0, 2655, 66.73, 4
2026/10/03 02:09:39.759, 20261, 0, 2655, 66.73, 4
2026/10/03 02:09:39.809, 20261, 0, 2655, 66.73, 4
2026/10/03 02:09:39.859, 20261, 0, 2655, 66.73, 4
2026/10/03 02:09:39.910, 20261, 0, 2655, 66.73, 4
2026/10/03 02:09:39.960, 20261, 0, 2655, 66.73, 4
2026/10/03 02:09:40.010, 20261, 0, 2655, 66.73, 4
2026/10/03 02:09:40.060, 20261, 0, 2655, 66.73, 4
2026/10/03 02:09:40.110, 20261, 0, 2655, 68.24, 4
2026/10/03 02:09:40.160, 20261, 0, 2655, 68.24, 4
2026/10/03 02:09:40.210, 20261, 0, 2655, 68.24, 4
2026/10/03 02:09:40.261, 20261, 0, 2655, 68.24, 4
2026/10/03 02:09:40.311, 20261, 0, 2655, 68.24, 4
2026/10/03 02:09:40.361, 20261, 0, 2655, 68.24, 4
2026/10/03 02:09:40.411, 20261, 0, 2655, 68.24, 4
2026/10/03 02:09:40.461, 20261, 0, 2655, 68.24, 4
2026/10/03 02:09:40.511, 20261, 0, 2655, 68.24, 4
2026/10/03 02:09:40.561, 20261, 0, 2655, 68.24, 4
2026/10/03 02:09:40.612, 20261, 0, 2647, 69.80, 4
2026/10/03 02:09:40.662, 20261, 0, 2647, 69.80, 4
2026/10/03 02:09:40.712, 20261, 0, 2647, 69.80, 4
2026/10/03 02:09:40.762, 20261, 0, 2647, 69.80, 4
2026/10/03 02:09:40.812, 20261, 0, 2647, 69.80, 4
2026/10/03 02:09:40.863, 20261, 0, 2647, 69.80, 4
2026/10/03 02:09:40.913, 20261, 0, 2647, 69.80, 4
2026/10/03 02:09:40.963, 20261, 0, 2647, 69.80, 4
2026/10/03 02:09:41.013, 20261, 0, 2647, 69.80, 4
2026/10/03 02:09:41.064, 20261, 0, 2647, 69.80, 4
2026/10/03 02:09:41.114, 20261, 0, 2647, 67.59, 4
2026/10/03 02:09:41.164, 20261, 0, 2647, 67.59, 4
2026/10/03 02:09:41.214, 20261, 0, 2647, 67.59, 4
2026/10/03 02:09:41.264, 20261, 0, 2647, 67.59, 4
2026/10/03 02:09:41.315, 20261, 0, 2647, 67.59, 4
2026/10/03 02:09:41.365, 20261, 0, 2647, 67.59, 4
2026/10/03 02:09:41.415, 20261, 0, 2647, 67.59, 4
2026/10/03 02:09:41.465, 20261, 0, 2647, 67.59, 4
2026/10/03 02:09:41.516, 20261, 0, 2647, 67.59, 4
2026/10/03 02:09:41.566, 20261, 0, 2647, 67.59, 4
2026/10/03 02:09:41.616, 20261, 0, 2647, 70.14, 4
2026/10/03 02:09:41.666, 20261, 0, 2647, 70.14, 4
2026/10/03 02:09:41.716, 20261, 0, 2647, 70.14, 4
2026/10/03 02:09:41.767, 20261, 0, 2647, 70.14, 4
2026/10/03 02:09:41.817, 20261, 0, 2647, 70.14, 4
2026/10/03 02:09:41.867, 20261, 0, 2647, 70.14, 4
2026/10/03 02:09:41.917, 20261, 0, 2647, 70.14, 4
2026/10/03 02:09:41.968, 20261, 0, 2647, 70.14, 4
2026/10/03 02:09:42.018, 20261, 0, 2647, 70.14, 4
2026/10/03 02:09:42.068, 20261, 0, 2647, 70.14, 4
2026/10/03 02:09:42.118, 20261, 0, 2647, 68.34, 4
2026/10/03 02:09:42.168, 20261, 0, 2647, 68.34, 4
2026/10/03 02:09:42.219, 20261, 0, 2647, 68.34, 4
2026/10/03 02:09:42.269, 20261, 0, 2647, 68.34, 4
2026/10/03 02:09:42.319, 20261, 0, 2647, 68.34, 4
2026/10/03 02:09:42.369, 20261, 0, 2647, 68.34, 4
2026/10/03 02:09:42.420, 20261, 0, 2647, 68.34, 4
2026/10/03 02:09:42.470, 20263, 0, 2647, 68.34, 4
2026/10/03 02:09:42.520, 20263, 0, 2647, 68.34, 4
2026/10/03 02:09:42.570, 20263, 0, 2647, 68.34, 4
2026/10/03 02:09:42.620, 20263, 0, 2647, 67.61, 4
2026/10/03 02:09:42.671, 20263, 0, 2647, 67.61, 4
2026/10/03 02:09:42.721, 20263, 0, 2647, 67.61, 4
2026/10/03 02:09:42.771, 20263, 0, 2647, 67.61, 4
2026/10/03 02:09:42.821, 20263, 0, 2647, 67.61, 4
2026/10/03 02:09:42.871, 20263, 0, 2647, 67.61, 4
2026/10/03 02:09:42.922, 20263, 0, 2647, 67.61, 4
2026/10/03 02:09:42.972, 20263, 0, 2647, 67.61, 4
2026/10/03 02:09:43.022, 20263, 0, 2647, 67.61, 4
2026/10/03 02:09:43.072, 20263, 0, 2647, 67.61, 4
2026/10/03 02:09:43.123, 20263, 2, 2647, 68.09, 4
2026/10/03 02:09:43.173, 20263, 2, 2647, 68.09, 4
2026/10/03 02:09:43.223, 20263, 2, 2647, 68.09, 4
2026/10/03 02:09:43.273, 20263, 2, 2647, 68.09, 4
2026/10/03 02:09:43.323, 20263, 2, 2647, 68.09, 4
2026/10/03 02:09:43.374, 20265, 2, 2647, 68.09, 4
2026/10/03 02:09:43.424, 20265, 2, 2647, 68.09, 4
2026/10/03 02:09:43.474, 20265, 2, 2647, 68.09, 4
2026/10/03 02:09:43.524, 20265, 2, 2647, 68.09, 4
2026/10/03 02:09:43.575, 20265, 2, 2647, 68.09, 4
2026/10/03 02:09:43.625, 20265, 2, 2655, 67.29, 4
2026/10/03 02:09:43.675, 20265, 2, 2655, 67.29, 4
2026/10/03 02:09:43.725, 20265, 2, 2655, 67.29, 4
2026/10/03 02:09:43.775, 20265, 2, 2655, 67.29, 4
2026/10/03 02:09:43.826, 20265, 2, 2655, 67.29, 4
2026/10/03 02:09:43.876, 20265, 2, 2655, 67.29, 4
2026/10/03 02:09:43.926, 20265, 2, 2655, 67.29, 4
2026/10/03 02:09:43.976, 20265, 2, 2655, 67.29, 4
2026/10/03 02:09:44.026, 20265, 2, 2655, 67.29, 4
2026/10/03 02:09:44.077, 20265, 2, 2655, 67.29, 4
2026/10/03 02:09:44.127, 20265, 0, 2647, 69.24, 4
2026/10/03 02:09:44.177, 20265, 0, 2647, 69.24, 4
2026/10/03 02:09:44.227, 20265, 0, 2647, 69.24, 4
2026/10/03 02:09:44.278, 20265, 0, 2647, 69.24, 4
2026/10/03 02:09:44.328, 20265, 0, 2647, 69.24, 4
2026/10/03 02:09:44.378, 20265, 0, 2647, 69.24, 4
2026/10/03 02:09:44.428, 20265, 0, 2647, 69.24, 4
2026/10/03 02:09:44.478, 20265, 0, 2647, 69.24, 4
2026/10/03 02:09:44.529, 20265, 0, 2647, 69.24, 4
2026/10/03 02:09:44.579, 20265, 0, 2647, 69.24, 4
2026/10/03 02:09:44.629, 20265, 0, 2647, 68.34, 4
2026/10/03 02:09:44.679, 20265, 0, 2647, 68.34, 4
2026/10/03 02:09:44.729, 20265, 0, 2647, 68.34, 4
2026/10/03 02:09:44.780, 20265, 0, 2647, 68.34, 4
2026/10/03 02:09:44.830, 20265, 0, 2647, 68.34, 4
2026/10/03 02:09:44.880, 20265, 0, 2647, 68.34, 4
2026/10/03 02:09:44.930, 20265, 0, 2647, 68.34, 4
2026/10/03 02:09:44.981, 20265, 0, 2647, 68.34, 4
2026/10/03 02:09:45.031, 20265, 0, 2647, 68.34, 4
2026/10/03 02:09:45.081, 20265, 0, 2647, 68.34, 4
2026/10/03 02:09:45.131, 20265, 0, 2647, 68.37, 4
2026/10/03 02:09:45.181, 20265, 0, 2647, 68.37, 4
2026/10/03 02:09:45.232, 20265, 0, 2647, 68.37, 4
2026/10/03 02:09:45.282, 20265, 0, 2647, 68.37, 4
2026/10/03 02:09:45.332, 20265, 0, 2647, 68.37, 4
2026/10/03 02:09:45.382, 20265, 0, 2647, 68.37, 4
2026/10/03 02:09:45.432, 20265, 0, 2647, 68.37, 4
2026/10/03 02:09:45.483, 20265, 0, 2647, 68.37, 4
2026/10/03 02:09:45.533, 20265, 0, 2647, 68.37, 4
2026/10/03 02:09:45.583, 20265, 0, 2647, 68.37, 4
2026/10/03 02:09:45.633, 20265, 0, 2647, 69.24, 4
2026/10/03 02:09:45.683, 20265, 0, 2647, 69.24, 4
2026/10/03 02:09:45.733, 20265, 0, 2647, 69.24, 4
2026/10/03 02:09:45.784, 20265, 0, 2647, 69.24, 4
2026/10/03 02:09:45.834, 20265, 0, 2647, 69.24, 4
2026/10/03 02:09:45.884, 20265, 0, 2647, 69.24, 4
2026/10/03 02:09:45.934, 20265, 0, 2647, 69.24, 4
2026/10/03 02:09:45.984, 20265, 0, 2647, 69.24, 4
2026/10/03 02:09:46.034, 20265, 0, 2647, 69.24, 4
2026/10/03 02:09:46.084, 20267, 0, 2647, 69.24, 4
2026/10/03 02:09:46.135, 20267, 0, 2647, 67.15, 4
2026/10/03 02:09:46.185, 20267, 0, 2647, 67.15, 4
2026/10/03 02:09:46.235, 20267, 0, 2647, 67.15, 4
2026/10/03 02:09:46.285, 20267, 0, 2647, 67.15, 4
2026/10/03 02:09:46.335, 20267, 0, 2647, 67.15, 4
2026/10/03 02:09:46.385, 20267, 0, 2647, 67.15, 4
2026/10/03 02:09:46.435, 20267, 0, 2647, 67.15, 4
2026/10/03 02:09:46.486, 20267, 0, 2647, 67.15, 4
2026/10/03 02:09:46.536, 20267, 0, 2647, 67.15, 4
2026/10/03 02:09:46.586, 20267, 0, 2647, 67.15, 4
2026/10/03 02:09:46.636, 20267, 0, 2647, 68.17, 4
2026/10/03 02:09:46.686, 20267, 0, 2647, 68.17, 4
2026/10/03 02:09:46.736, 20267, 0, 2647, 68.17, 4
2026/10/03 02:09:46.787, 20267, 0, 2647, 68.17, 4
2026/10/03 02:09:46.837, 20267, 0, 2647, 68.17, 4
2026/10/03 02:09:46.887, 20267, 0, 2647, 68.17, 4
2026/10/03 02:09:46.937, 20267, 0, 2647, 68.17, 4
2026/10/03 02:09:46.987, 20267, 0, 2647, 68.17, 4
2026/10/03 02:09:47.038, 20269, 0, 2647, 68.17, 4
2026/10/03 02:09:47.088, 20269, 0, 2647, 68.17, 4
2026/10/03 02:09:47.138, 20269, 0, 2647, 67.22, 4
2026/10/03 02:09:47.188, 20269, 0, 2647, 67.22, 4
2026/10/03 02:09:47.238, 20269, 0, 2647, 67.22, 4
2026/10/03 02:09:47.290, 20269, 0, 2647, 67.22, 4
2026/10/03 02:09:47.340, 20269, 0, 2647, 67.22, 4
2026/10/03 02:09:47.391, 20269, 0, 2647, 67.22, 4
2026/10/03 02:09:47.441, 20269, 0, 2647, 67.22, 4
2026/10/03 02:09:47.491, 20269, 0, 2647, 67.22, 4
2026/10/03 02:09:47.542, 20269, 0, 2647, 67.22, 4
2026/10/03 02:09:47.592, 20269, 0, 2647, 67.69, 4
2026/10/03 02:09:47.642, 20269, 0, 2647, 67.69, 4
2026/10/03 02:09:47.692, 20269, 0, 2647, 67.69, 4
2026/10/03 02:09:47.742, 20269, 0, 2647, 67.69, 4
2026/10/03 02:09:47.793, 20269, 0, 2647, 67.69, 4
2026/10/03 02:09:47.843, 20269, 0, 2647, 67.69, 4
2026/10/03 02:09:47.893, 20269, 0, 2647, 67.69, 4
2026/10/03 02:09:47.943, 20269, 0, 2647, 67.69, 4
2026/10/03 02:09:47.993, 20269, 0, 2647, 67.69, 4
2026/10/03 02:09:48.043, 20269, 0, 2647, 67.69, 4
2026/10/03 02:09:48.094, 20269, 0, 2647, 69.92, 4
2026/10/03 02:09:48.144, 20269, 0, 2647, 69.92, 4
2026/10/03 02:09:48.194, 20269, 0, 2647, 69.92, 4
2026/10/03 02:09:48.244, 20269, 0, 2647, 69.92, 4
2026/10/03 02:09:48.294, 20269, 0, 2647, 69.92, 4
2026/10/03 02:09:48.345, 20269, 0, 2647, 69.92, 4
2026/10/03 02:09:48.395, 20269, 0, 2647, 69.92, 4
2026/10/03 02:09:48.446, 20269, 0, 2647, 69.92, 4
2026/10/03 02:09:48.496, 20269, 0, 2647, 69.92, 4
2026/10/03 02:09:48.547, 20269, 0, 2647, 69.92, 4
2026/10/03 02:09:48.597, 20269, 0, 2647, 66.90, 4
2026/10/03 02:09:48.647, 20269, 0, 2647, 66.90, 4
2026/10/03 02:09:48.698, 20269, 0, 2647, 66.90, 4
2026/10/03 02:09:48.748, 20269, 0, 2647, 66.90, 4
2026/10/03 02:09:48.798, 20269, 0, 2647, 66.90, 4
2026/10/03 02:09:48.848, 20269, 0, 2647, 66.90, 4
2026/10/03 02:09:48.899, 20269, 0, 2647, 66.90, 4
2026/10/03 02:09:48.950, 20269, 0, 2647, 66.90, 4
2026/10/03 02:09:49.000, 20269, 0, 2647, 66.90, 4
2026/10/03 02:09:49.051, 20269, 0, 2647, 66.90, 4
2026/10/03 02:09:49.101, 20269, 0, 2655, 69.36, 4
2026/10/03 02:09:49.151, 20269, 0, 2655, 69.36, 4
2026/10/03 02:09:49.201, 20269, 0, 2655, 69.36, 4
2026/10/03 02:09:49.251, 20269, 0, 2655, 69.36, 4
2026/10/03 02:09:49.301, 20269, 0, 2655, 69.36, 4
2026/10/03 02:09:49.352, 20269, 0, 2655, 69.36, 4
2026/10/03 02:09:49.402, 20269, 0, 2655, 69.36, 4
2026/10/03 02:09:49.452, 20269, 0, 2655, 69.36, 4
2026/10/03 02:09:49.502, 20269, 0, 2655, 69.36, 4
2026/10/03 02:09:49.552, 20269, 0, 2655, 69.36, 4
2026/10/03 02:09:49.603, 20269, 0, 2647, 68.59, 4
2026/10/03 02:09:49.653, 20269, 0, 2647, 68.59, 4
2026/10/03 02:09:49.703, 20269, 0, 2647, 68.59, 4
2026/10/03 02:09:49.753, 20269, 0, 2647, 68.59, 4
2026/10/03 02:09:49.804, 20269, 0, 2647, 68.59, 4
2026/10/03 02:09:49.854, 20271, 0, 2647, 68.59, 4
2026/10/03 02:09:49.904, 20271, 0, 2647, 68.59, 4
2026/10/03 02:09:49.954, 20271, 0, 2647, 68.59, 4
2026/10/03 02:09:50.004, 20271, 0, 2647, 68.59, 4
2026/10/03 02:09:50.054, 20271, 0, 2647, 68.59, 4
2026/10/03 02:09:50.105, 20271, 0, 2655, 66.69, 4
2026/10/03 02:09:50.155, 20271, 0, 2655, 66.69, 4
2026/10/03 02:09:50.205, 20271, 0, 2655, 66.69, 4
2026/10/03 02:09:50.255, 20271, 0, 2655, 66.69, 4
2026/10/03 02:09:50.305, 20271, 0, 2655, 66.69, 4
2026/10/03 02:09:50.355, 20271, 0, 2655, 66.69, 4
2026/10/03 02:09:50.405, 20271, 0, 2655, 66.69, 4
2026/10/03 02:09:50.456, 20271, 0, 2655, 66.69, 4
2026/10/03 02:09:50.506, 20271, 0, 2655, 66.69, 4
2026/10/03 02:09:50.556, 20271, 0, 2655, 66.69, 4
2026/10/03 02:09:50.606, 20271, 0, 2655, 68.16, 4
2026/10/03 02:09:50.656, 20271, 0, 2655, 68.16, 4
2026/10/03 02:09:50.706, 20273, 0, 2655, 68.16, 4
2026/10/03 02:09:50.756, 20273, 0, 2655, 68.16, 4
2026/10/03 02:09:50.807, 20273, 0, 2655, 68.16, 4
2026/10/03 02:09:50.857, 20273, 0, 2655, 68.16, 4
2026/10/03 02:09:50.907, 20273, 0, 2655, 68.16, 4
2026/10/03 02:09:50.957, 20273, 0, 2655, 68.16, 4
2026/10/03 02:09:51.007, 20273, 0, 2655, 68.16, 4
2026/10/03 02:09:51.057, 20273, 0, 2655, 68.16, 4
2026/10/03 02:09:51.107, 20273, 0, 2655, 66.66, 4
2026/10/03 02:09:51.158, 20273, 0, 2655, 66.66, 4
2026/10/03 02:09:51.208, 20273, 0, 2655, 66.66, 4
2026/10/03 02:09:51.258, 20273, 0, 2655, 66.66, 4
2026/10/03 02:09:51.308, 20273, 0, 2655, 66.66, 4
2026/10/03 02:09:51.359, 20273, 0, 2655, 66.66, 4
2026/10/03 02:09:51.409, 20273, 0, 2655, 66.66, 4
2026/10/03 02:09:51.459, 20273, 0, 2655, 66.66, 4
2026/10/03 02:09:51.509, 20273, 0, 2655, 66.66, 4
2026/10/03 02:09:51.559, 20273, 0, 2655, 66.66, 4
2026/10/03 02:09:51.609, 20273, 0, 2647, 68.45, 4
2026/10/03 02:09:51.659, 20273, 0, 2647, 68.45, 4
2026/10/03 02:09:51.709, 20273, 0, 2647, 68.45, 4
2026/10/03 02:09:51.760, 20273, 0, 2647, 68.45, 4
2026/10/03 02:09:51.810, 20273, 0, 2647, 68.45, 4
2026/10/03 02:09:51.860, 20273, 0, 2647, 68.45, 4
2026/10/03 02:09:51.910, 20273, 0, 2647, 68.45, 4
2026/10/03 02:09:51.960, 20273, 0, 2647, 68.45, 4
2026/10/03 02:09:52.010, 20273, 0, 2647, 68.45, 4
2026/10/03 02:09:52.061, 20273, 0, 2647, 68.45, 4
2026/10/03 02:09:52.111, 20273, 0, 2647, 69.74, 4
2026/10/03 02:09:52.161, 20273, 0, 2647, 69.74, 4
2026/10/03 02:09:52.211, 20273, 0, 2647, 69.74, 4
2026/10/03 02:09:52.261, 20273, 0, 2647, 69.74, 4
2026/10/03 02:09:52.312, 20273, 0, 2647, 69.74, 4
2026/10/03 02:09:52.362, 20273, 0, 2647, 69.74, 4
2026/10/03 02:09:52.412, 20273, 0, 2647, 69.74, 4
2026/10/03 02:09:52.462, 20273, 0, 2647, 69.74, 4
2026/10/03 02:09:52.513, 20273, 0, 2647, 69.74, 4
2026/10/03 02:09:52.563, 20273, 0, 2647, 69.74, 4
2026/10/03 02:09:52.613, 20273, 0, 2647, 68.31, 4
2026/10/03 02:09:52.663, 20273, 0, 2647, 68.31, 4
2026/10/03 02:09:52.713, 20273, 0, 2647, 68.31, 4
2026/10/03 02:09:52.764, 20273, 0, 2647, 68.31, 4
2026/10/03 02:09:52.814, 20273, 0, 2647, 68.31, 4
2026/10/03 02:09:52.864, 20273, 0, 2647, 68.31, 4
2026/10/03 02:09:52.914, 20273, 0, 2647, 68.31, 4
2026/10/03 02:09:52.965, 20273, 0, 2647, 68.31, 4
2026/10/03 02:09:53.015, 20273, 0, 2647, 68.31, 4
2026/10/03 02:09:53.065, 20273, 0, 2647, 68.31, 4
2026/10/03 02:09:53.115, 20273, 0, 2647, 69.50, 4
2026/10/03 02:09:53.165, 20273, 0, 2647, 69.50, 4
2026/10/03 02:09:53.216, 20273, 0, 2647, 69.50, 4
2026/10/03 02:09:53.266, 20273, 0, 2647, 69.50, 4
2026/10/03 02:09:53.316, 20273, 0, 2647, 69.50, 4
2026/10/03 02:09:53.366, 20273, 0, 2647, 69.50, 4
2026/10/03 02:09:53.416, 20273, 0, 2647, 69.50, 4
2026/10/03 02:09:53.467, 20275, 0, 2647, 69.50, 4
2026/10/03 02:09:53.517, 20275, 0, 2647, 69.50, 4
2026/10/03 02:09:53.567, 20275, 0, 2647, 69.50, 4
2026/10/03 02:09:53.617, 20275, 0, 2647, 68.30, 4
2026/10/03 02:09:53.667, 20275, 0, 2647, 68.30, 4
2026/10/03 02:09:53.718, 20275, 0, 2647, 68.30, 4
2026/10/03 02:09:53.768, 20275, 0, 2647, 68.30, 4
2026/10/03 02:09:53.818, 20275, 0, 2647, 68.30, 4
2026/10/03 02:09:53.868, 20275, 0, 2647, 68.30, 4
2026/10/03 02:09:53.919, 20277, 0, 2647, 68.30, 4
2026/10/03 02:09:53.969, 20277, 0, 2647, 68.30, 4
2026/10/03 02:09:54.019, 20277, 0, 2647, 68.30, 4
2026/10/03 02:09:54.069, 20277, 0, 2647, 68.30, 4
2026/10/03 02:09:54.119, 20277, 0, 2647, 67.44, 4
2026/10/03 02:09:54.170, 20277, 0, 2647, 67.44, 4
2026/10/03 02:09:54.220, 20277, 0, 2647, 67.44, 4
2026/10/03 02:09:54.270, 20277, 0, 2647, 67.44, 4
2026/10/03 02:09:54.320, 20277, 0, 2647, 67.44, 4
2026/10/03 02:09:54.371, 20277, 0, 2647, 67.44, 4
2026/10/03 02:09:54.421, 20277, 0, 2647, 67.44, 4
2026/10/03 02:09:54.471, 20277, 0, 2647, 67.44, 4
2026/10/03 02:09:54.521, 20277, 0, 2647, 67.44, 4
2026/10/03 02:09:54.571, 20277, 0, 2647, 67.44, 4
2026/10/03 02:09:54.622, 20277, 0, 2655, 67.84, 4
2026/10/03 02:09:54.672, 20277, 0, 2655, 67.84, 4
2026/10/03 02:09:54.722, 20277, 0, 2655, 67.84, 4
2026/10/03 02:09:54.772, 20277, 0, 2655, 67.84, 4
2026/10/03 02:09:54.822, 20277, 0, 2655, 67.84, 4
2026/10/03 02:09:54.873, 20277, 0, 2655, 67.84, 4
2026/10/03 02:09:54.923, 20277, 0, 2655, 67.84, 4
2026/10/03 02:09:54.973, 20277, 0, 2655, 67.84, 4
2026/10/03 02:09:55.023, 20277, 0, 2655, 67.84, 4
2026/10/03 02:09:55.073, 20277, 0, 2655, 67.84, 4
2026/10/03 02:09:55.124, 20277, 0, 2647, 67.39, 4
2026/10/03 02:09:55.174, 20277, 0, 2647, 67.39, 4
2026/10/03 02:09:55.224, 20277, 0, 2647, 67.39, 4
2026/10/03 02:09:55.274, 20277, 0, 2647, 67.39, 4
2026/10/03 02:09:55.325, 20277, 0, 2647, 67.39, 4
2026/10/03 02:09:55.375, 20277, 0, 2647, 67.39, 4
2026/10/03 02:09:55.425, 20277, 0, 2647, 67.39, 4
2026/10/03 02:09:55.475, 20277, 0, 2647, 67.39, 4
2026/10/03 02:09:55.525, 20277, 0, 2647, 67.39, 4
2026/10/03 02:09:55.576, 20277, 0, 2647, 67.39, 4
2026/10/03 02:09:55.626, 20277, 0, 2647, 69.42, 4
2026/10/03 02:09:55.676, 20277, 0, 2647, 69.42, 4
2026/10/03 02:09:55.726, 20277, 0, 2647, 69.42, 4
2026/10/03 02:09:55.776, 20277, 0, 2647, 69.42, 4
2026/10/03 02:09:55.827, 20277, 0, 2647, 69.42, 4
2026/10/03 02:09:55.877, 20277, 0, 2647, 69.42, 4
2026/10/03 02:09:55.927, 20277, 0, 2647, 69.42, 4
2026/10/03 02:09:55.977, 20277, 0, 2647, 69.42, 4
2026/10/03 02:09:56.028, 20277, 0, 2647, 69.42, 4
2026/10/03 02:09:56.078, 20279, 0, 2647, 69.42, 4
2026/10/03 02:09:56.128, 20279, 0, 2647, 68.36, 4
2026/10/03 02:09:56.178, 20279, 0, 2647, 68.36, 4
2026/10/03 02:09:56.228, 20279, 0, 2647, 68.36, 4
2026/10/03 02:09:56.279, 20279, 0, 2647, 68.36, 4
2026/10/03 02:09:56.329, 20279, 0, 2647, 68.36, 4
2026/10/03 02:09:56.379, 20279, 0, 2647, 68.36, 4
2026/10/03 02:09:56.429, 20279, 0, 2647, 68.36, 4
2026/10/03 02:09:56.479, 20279, 0, 2647, 68.36, 4
2026/10/03 02:09:56.530, 20279, 0, 2647, 68.36, 4
2026/10/03 02:09:56.580, 20279, 0, 2647, 68.36, 4
2026/10/03 02:09:56.630, 20279, 0, 2647, 68.68, 4
2026/10/03 02:09:56.680, 20279, 0, 2647, 68.68, 4
2026/10/03 02:09:56.731, 20279, 0, 2647, 68.68, 4
2026/10/03 02:09:56.781, 20279, 0, 2647, 68.68, 4
2026/10/03 02:09:56.831, 20279, 0, 2647, 68.68, 4
2026/10/03 02:09:56.881, 20279, 0, 2647, 68.68, 4
2026/10/03 02:09:56.931, 20279, 0, 2647, 68.68, 4
2026/10/03 02:09:56.982, 20279, 0, 2647, 68.68, 4
2026/10/03 02:09:57.032, 20279, 0, 2647, 68.68, 4
2026/10/03 02:09:57.082, 20279, 0, 2647, 68.68, 4
2026/10/03 02:09:57.132, 20279, 0, 2647, 69.02, 4
2026/10/03 02:09:57.183, 20279, 0, 2647, 69.02, 4
2026/10/03 02:09:57.233, 20279, 0, 2647, 69.02, 4
2026/10/03 02:09:57.283, 20279, 0, 2647, 69.02, 4
2026/10/03 02:09:57.333, 20279, 0, 2647, 69.02, 4
2026/10/03 02:09:57.383, 20279, 0, 2647, 69.02, 4
2026/10/03 02:09:57.434, 20279, 0, 2647, 69.02, 4
2026/10/03 02:09:57.484, 20279, 0, 2647, 69.02, 4
2026/10/03 02:09:57.534, 20279, 0, 2647, 69.02, 4
2026/10/03 02:09:57.584, 20281, 0, 2647, 69.02, 4
2026/10/03 02:09:57.635, 20281, 0, 2647, 67.42, 4
2026/10/03 02:09:57.685, 20281, 0, 2647, 67.42, 4
2026/10/03 02:09:57.735, 20281, 0, 2647, 67.42, 4
2026/10/03 02:09:57.785, 20281, 0, 2647, 67.42, 4
2026/10/03 02:09:57.835, 20281, 0, 2647, 67.42, 4
2026/10/03 02:09:57.886, 20281, 0, 2647, 67.42, 4
2026/10/03 02:09:57.936, 20281, 0, 2647, 67.42, 4
2026/10/03 02:09:57.986, 20281, 0, 2647, 67.42, 4
2026/10/03 02:09:58.037, 20281, 0, 2647, 67.42, 4
2026/10/03 02:09:58.087, 20281, 0, 2647, 67.42, 4
2026/10/03 02:09:58.137, 20281, 0, 2647, 68.16, 4
2026/10/03 02:09:58.187, 20281, 0, 2647, 68.16, 4
2026/10/03 02:09:58.237, 20281, 0, 2647, 68.16, 4
2026/10/03 02:09:58.288, 20281, 0, 2647, 68.16, 4
2026/10/03 02:09:58.338, 20281, 0, 2647, 68.16, 4
2026/10/03 02:09:58.388, 20281, 0, 2647, 68.16, 4
2026/10/03 02:09:58.438, 20281, 0, 2647, 68.16, 4
2026/10/03 02:09:58.488, 20281, 0, 2647, 68.16, 4
2026/10/03 02:09:58.539, 20281, 0, 2647, 68.16, 4
2026/10/03 02:09:58.589, 20281, 0, 2647, 68.16, 4
2026/10/03 02:09:58.639, 20281, 0, 2647, 67.18, 4
2026/10/03 02:09:58.689, 20281, 0, 2647, 67.18, 4
2026/10/03 02:09:58.740, 20281, 0, 2647, 67.18, 4
2026/10/03 02:09:58.790, 20281, 0, 2647, 67.18, 4
2026/10/03 02:09:58.840, 20281, 0, 2647, 67.18, 4
2026/10/03 02:09:58.890, 20281, 0, 2647, 67.18, 4
2026/10/03 02:09:58.940, 20281, 0, 2647, 67.18, 4
2026/10/03 02:09:58.991, 20281, 0, 2647, 67.18, 4
2026/10/03 02:09:59.041, 20281, 0, 2647, 67.18, 4
2026/10/03 02:09:59.091, 20281, 0, 2647, 67.55, 4
2026/10/03 02:09:59.141, 20281, 0, 2647, 67.55, 4
2026/10/03 02:09:59.191, 20281, 0, 2647, 67.55, 4
2026/10/03 02:09:59.242, 20281, 0, 2647, 67.55, 4
2026/10/03 02:09:59.292, 20281, 0, 2647, 67.55, 4
2026/10/03 02:09:59.342, 20281, 0, 2647, 67.55, 4
2026/10/03 02:09:59.392, 20281, 0, 2647, 67.55, 4
2026/10/03 02:09:59.443, 20281, 0, 2647, 67.55, 4
2026/10/03 02:09:59.493, 20281, 0, 2647, 67.55, 4
2026/10/03 02:09:59.543, 20281, 0, 2647, 67.55, 4
2026/10/03 02:09:59.593, 20281, 0, 2647, 70.21, 4
2026/10/03 02:09:59.643, 20281, 0, 2647, 70.21, 4
2026/10/03 02:09:59.694, 20281, 0, 2647, 70.21, 4
2026/10/03 02:09:59.744, 20283, 0, 2647, 70.21, 4
2026/10/03 02:09:59.794, 20283, 0, 2647, 70.21, 4
2026/10/03 02:09:59.844, 20283, 0, 2647, 70.21, 4
2026/10/03 02:09:59.895, 20283, 0, 2647, 70.21, 4
2026/10/03 02:09:59.945, 20283, 0, 2647, 70.21, 4
2026/10/03 02:09:59.995, 20283, 0, 2647, 70.21, 4
2026/10/03 02:10:00.045, 20283, 0, 2647, 70.21, 4
2026/10/03 02:10:00.095, 20283, 0, 2655, 67.17, 4
2026/10/03 02:10:00.146, 20283, 0, 2655, 67.17, 4
2026/10/03 02:10:00.196, 20283, 0, 2655, 67.17, 4
2026/10/03 02:10:00.246, 20283, 0, 2655, 67.17, 4
2026/10/03 02:10:00.296, 20283, 0, 2655, 67.17, 4
2026/10/03 02:10:00.347, 20283, 0, 2655, 67.17, 4
2026/10/03 02:10:00.397, 20283, 0, 2655, 67.17, 4
2026/10/03 02:10:00.447, 20283, 0, 2655, 67.17, 4
2026/10/03 02:10:00.497, 20283, 0, 2655, 67.17, 4
2026/10/03 02:10:00.547, 20283, 0, 2655, 67.17, 4
2026/10/03 02:10:00.598, 20283, 0, 2647, 69.51, 4
2026/10/03 02:10:00.648, 20283, 0, 2647, 69.51, 4
2026/10/03 02:10:00.698, 20283, 0, 2647, 69.51, 4
2026/10/03 02:10:00.748, 20283, 0, 2647, 69.51, 4
2026/10/03 02:10:00.799, 20283, 0, 2647, 69.51, 4
2026/10/03 02:10:00.849, 20283, 0, 2647, 69.51, 4
2026/10/03 02:10:00.899, 20283, 0, 2647, 69.51, 4
2026/10/03 02:10:00.949, 20283, 0, 2647, 69.51, 4
2026/10/03 02:10:00.999, 20283, 0, 2647, 69.51, 4
2026/10/03 02:10:01.050, 20283, 0, 2647, 69.51, 4
2026/10/03 02:10:01.100, 20283, 0, 2655, 68.64, 4
2026/10/03 02:10:01.150, 20283, 0, 2655, 68.64, 4
2026/10/03 02:10:01.200, 20283, 0, 2655, 68.64, 4
2026/10/03 02:10:01.250, 20285, 0, 2655, 68.64, 4
2026/10/03 02:10:01.301, 20285, 0, 2655, 68.64, 4
2026/10/03 02:10:01.351, 20285, 0, 2655, 68.64, 4
2026/10/03 02:10:01.401, 20285, 0, 2655, 68.64, 4
2026/10/03 02:10:01.451, 20285, 0, 2655, 68.64, 4
2026/10/03 02:10:01.502, 20285, 0, 2655, 68.64, 4
2026/10/03 02:10:01.554, 20285, 0, 2655, 68.64, 4
2026/10/03 02:10:01.604, 20285, 0, 2655, 66.97, 4
2026/10/03 02:10:01.654, 20285, 0, 2655, 66.97, 4
2026/10/03 02:10:01.705, 20285, 0, 2655, 66.97, 4
2026/10/03 02:10:01.756, 20285, 0, 2655, 66.97, 4
2026/10/03 02:10:01.807, 20285, 0, 2655, 66.97, 4
2026/10/03 02:10:01.857, 20285, 0, 2655, 66.97, 4
2026/10/03 02:10:01.907, 20285, 0, 2655, 66.97, 4
2026/10/03 02:10:01.957, 20285, 0, 2655, 66.97, 4
2026/10/03 02:10:02.007, 20285, 0, 2655, 66.97, 4
2026/10/03 02:10:02.058, 20285, 0, 2655, 66.97, 4
2026/10/03 02:10:02.108, 20285, 0, 2655, 68.25, 4
2026/10/03 02:10:02.158, 20285, 0, 2655, 68.25, 4
2026/10/03 02:10:02.208, 20285, 0, 2655, 68.25, 4
2026/10/03 02:10:02.258, 20285, 0, 2655, 68.25, 4
2026/10/03 02:10:02.310, 20285, 0, 2655, 68.25, 4
2026/10/03 02:10:02.360, 20285, 0, 2655, 68.25, 4
2026/10/03 02:10:02.410, 20285, 0, 2655, 68.25, 4
2026/10/03 02:10:02.460, 20285, 0, 2655, 68.25, 4
2026/10/03 02:10:02.510, 20285, 0, 2655, 68.25, 4
2026/10/03 02:10:02.560, 20285, 0, 2655, 68.25, 4
2026/10/03 02:10:02.611, 20285, 0, 2647, 67.00, 4
2026/10/03 02:10:02.661, 20285, 0, 2647, 67.00, 4
2026/10/03 02:10:02.711, 20285, 0, 2647, 67.00, 4
2026/10/03 02:10:02.761, 20285, 0, 2647, 67.00, 4
2026/10/03 02:10:02.811, 20285, 0, 2647, 67.00, 4
2026/10/03 02:10:02.862, 20285, 0, 2647, 67.00, 4
2026/10/03 02:10:02.912, 20285, 0, 2647, 67.00, 4
2026/10/03 02:10:02.962, 20285, 0, 2647, 67.00, 4
2026/10/03 02:10:03.012, 20285, 0, 2647, 67.00, 4
2026/10/03 02:10:03.062, 20285, 0, 2647, 67.00, 4
2026/10/03 02:10:03.112, 20285, 0, 2647, 68.64, 4
2026/10/03 02:10:03.163, 20285, 0, 2647, 68.64, 4
2026/10/03 02:10:03.213, 20285, 0, 2647, 68.64, 4
2026/10/03 02:10:03.263, 20285, 0, 2647, 68.64, 4
2026/10/03 02:10:03.313, 20285, 0, 2647, 68.64, 4
2026/10/03 02:10:03.363, 20285, 0, 2647, 68.64, 4
2026/10/03 02:10:03.414, 20285, 0, 2647, 68.64, 4
2026/10/03 02:10:03.465, 20287, 0, 2647, 68.64, 4
2026/10/03 02:10:03.515, 20287, 0, 2647, 68.64, 4
2026/10/03 02:10:03.565, 20287, 0, 2647, 68.64, 4
2026/10/03 02:10:03.615, 20287, 0, 2647, 70.56, 4
2026/10/03 02:10:03.665, 20287, 0, 2647, 70.56, 4
2026/10/03 02:10:03.715, 20287, 0, 2647, 70.56, 4
2026/10/03 02:10:03.765, 20287, 0, 2647, 70.56, 4
2026/10/03 02:10:03.815, 20287, 0, 2647, 70.56, 4
2026/10/03 02:10:03.866, 20287, 0, 2647, 70.56, 4
2026/10/03 02:10:03.916, 20287, 0, 2647, 70.56, 4
2026/10/03 02:10:03.966, 20287, 0, 2647, 70.56, 4
2026/10/03 02:10:04.016, 20287, 0, 2647, 70.56, 4
2026/10/03 02:10:04.066, 20287, 0, 2647, 70.56, 4
2026/10/03 02:10:04.117, 20287, 0, 2647, 67.83, 4
2026/10/03 02:10:04.167, 20287, 0, 2647, 67.83, 4
2026/10/03 02:10:04.217, 20287, 0, 2647, 67.83, 4
2026/10/03 02:10:04.267, 20287, 0, 2647, 67.83, 4
2026/10/03 02:10:04.318, 20287, 0, 2647, 67.83, 4
2026/10/03 02:10:04.368, 20287, 0, 2647, 67.83, 4
2026/10/03 02:10:04.418, 20287, 0, 2647, 67.83, 4
2026/10/03 02:10:04.468, 20289, 0, 2647, 67.83, 4
2026/10/03 02:10:04.518, 20289, 0, 2647, 67.83, 4
2026/10/03 02:10:04.569, 20289, 0, 2647, 67.83, 4
2026/10/03 02:10:04.619, 20289, 0, 2647, 69.61, 4
2026/10/03 02:10:04.669, 20289, 0, 2647, 69.61, 4
2026/10/03 02:10:04.719, 20289, 0, 2647, 69.61, 4
2026/10/03 02:10:04.769, 20289, 0, 2647, 69.61, 4
2026/10/03 02:10:04.820, 20289, 0, 2647, 69.61, 4
2026/10/03 02:10:04.870, 20289, 0, 2647, 69.61, 4
2026/10/03 02:10:04.920, 20289, 0, 2647, 69.61, 4
2026/10/03 02:10:04.970, 20289, 0, 2647, 69.61, 4
2026/10/03 02:10:05.020, 20289, 0, 2647, 69.61, 4
2026/10/03 02:10:05.071, 20289, 0, 2647, 69.61, 4
2026/10/03 02:10:05.121, 20289, 0, 2647, 68.43, 4
2026/10/03 02:10:05.171, 20289, 0, 2647, 68.43, 4
2026/10/03 02:10:05.221, 20289, 0, 2647, 68.43, 4
2026/10/03 02:10:05.271, 20289, 0, 2647, 68.43, 4
2026/10/03 02:10:05.322, 20289, 0, 2647, 68.43, 4
2026/10/03 02:10:05.372, 20289, 0, 2647, 68.43, 4
2026/10/03 02:10:05.422, 20289, 0, 2647, 68.43, 4
2026/10/03 02:10:05.472, 20289, 0, 2647, 68.43, 4
2026/10/03 02:10:05.522, 20289, 0, 2647, 68.43, 4
2026/10/03 02:10:05.573, 20289, 0, 2647, 68.43, 4
2026/10/03 02:10:05.623, 20289, 0, 2647, 67.79, 4
2026/10/03 02:10:05.673, 20289, 0, 2647, 67.79, 4
2026/10/03 02:10:05.723, 20289, 0, 2647, 67.79, 4
2026/10/03 02:10:05.773, 20289, 0, 2647, 67.79, 4
2026/10/03 02:10:05.824, 20289, 0, 2647, 67.79, 4
2026/10/03 02:10:05.874, 20289, 0, 2647, 67.79, 4
2026/10/03 02:10:05.924, 20289, 0, 2647, 67.79, 4
2026/10/03 02:10:05.974, 20289, 0, 2647, 67.79, 4
2026/10/03 02:10:06.025, 20289, 0, 2647, 67.79, 4
2026/10/03 02:10:06.075, 20289, 0, 2647, 67.79, 4
2026/10/03 02:10:06.125, 20289, 0, 2647, 67.72, 4
2026/10/03 02:10:06.175, 20289, 0, 2647, 67.72, 4
2026/10/03 02:10:06.225, 20289, 0, 2647, 67.72, 4
2026/10/03 02:10:06.276, 20289, 0, 2647, 67.72, 4
2026/10/03 02:10:06.326, 20289, 0, 2647, 67.72, 4
2026/10/03 02:10:06.376, 20289, 0, 2647, 67.72, 4
2026/10/03 02:10:06.426, 20289, 0, 2647, 67.72, 4
2026/10/03 02:10:06.477, 20289, 0, 2647, 67.72, 4
2026/10/03 02:10:06.527, 20289, 0, 2647, 67.72, 4
2026/10/03 02:10:06.577, 20289, 0, 2647, 67.72, 4
2026/10/03 02:10:06.627, 20289, 0, 2647, 67.65, 4
2026/10/03 02:10:06.677, 20289, 0, 2647, 67.65, 4
2026/10/03 02:10:06.728, 20289, 0, 2647, 67.65, 4
2026/10/03 02:10:06.778, 20289, 0, 2647, 67.65, 4
2026/10/03 02:10:06.828, 20289, 0, 2647, 67.65, 4
2026/10/03 02:10:06.878, 20289, 0, 2647, 67.65, 4
2026/10/03 02:10:06.928, 20289, 0, 2647, 67.65, 4
2026/10/03 02:10:06.979, 20289, 0, 2647, 67.65, 4
2026/10/03 02:10:07.029, 20289, 0, 2647, 67.65, 4
2026/10/03 02:10:07.079, 20289, 0, 2647, 67.65, 4
2026/10/03 02:10:07.129, 20289, 0, 2647, 69.37, 4
2026/10/03 02:10:07.179, 20289, 0, 2647, 69.37, 4
2026/10/03 02:10:07.230, 20291, 0, 2647, 69.37, 4
2026/10/03 02:10:07.282, 20291, 0, 2647, 69.37, 4
2026/10/03 02:10:07.332, 20291, 0, 2647, 69.37, 4
2026/10/03 02:10:07.383, 20291, 0, 2647, 69.37, 4
2026/10/03 02:10:07.433, 20291, 0, 2647, 69.37, 4
2026/10/03 02:10:07.483, 20291, 0, 2647, 69.37, 4
2026/10/03 02:10:07.533, 20291, 0, 2647, 69.37, 4
2026/10/03 02:10:07.583, 20291, 0, 2647, 69.37, 4
2026/10/03 02:10:07.634, 20291, 0, 2655, 68.05, 4
2026/10/03 02:10:07.684, 20291, 0, 2655, 68.05, 4
2026/10/03 02:10:07.734, 20291, 0, 2655, 68.05, 4
2026/10/03 02:10:07.784, 20291, 0, 2655, 68.05, 4
2026/10/03 02:10:07.834, 20291, 0, 2655, 68.05, 4
2026/10/03 02:10:07.884, 20291, 0, 2655, 68.05, 4
2026/10/03 02:10:07.935, 20291, 0, 2655, 68.05, 4
2026/10/03 02:10:07.985, 20291, 0, 2655, 68.05, 4
2026/10/03 02:10:08.035, 20291, 0, 2655, 68.05, 4
2026/10/03 02:10:08.085, 20291, 0, 2655, 68.05, 4
2026/10/03 02:10:08.135, 20291, 0, 2647, 68.92, 4
2026/10/03 02:10:08.186, 20293, 0, 2647, 68.92, 4
2026/10/03 02:10:08.236, 20293, 0, 2647, 68.92, 4
2026/10/03 02:10:08.286, 20293, 0, 2647, 68.92, 4
2026/10/03 02:10:08.336, 20293, 0, 2647, 68.92, 4
2026/10/03 02:10:08.387, 20293, 0, 2647, 68.92, 4
2026/10/03 02:10:08.437, 20293, 0, 2647, 68.92, 4
2026/10/03 02:10:08.487, 20293, 0, 2647, 68.92, 4
2026/10/03 02:10:08.537, 20293, 0, 2647, 68.92, 4
2026/10/03 02:10:08.587, 20293, 0, 2647, 68.92, 4
2026/10/03 02:10:08.638, 20293, 0, 2655, 68.99, 4
2026/10/03 02:10:08.688, 20293, 0, 2655, 68.99, 4
2026/10/03 02:10:08.738, 20293, 0, 2655, 68.99, 4
2026/10/03 02:10:08.788, 20293, 0, 2655, 68.99, 4
2026/10/03 02:10:08.838, 20293, 0, 2655, 68.99, 4
2026/10/03 02:10:08.889, 20293, 0, 2655, 68.99, 4
2026/10/03 02:10:08.939, 20293, 0, 2655, 68.99, 4
2026/10/03 02:10:08.989, 20293, 0, 2655, 68.99, 4
2026/10/03 02:10:09.039, 20293, 0, 2655, 68.99, 4
2026/10/03 02:10:09.090, 20293, 0, 2655, 68.99, 4
2026/10/03 02:10:09.140, 20293, 0, 2655, 67.44, 4
2026/10/03 02:10:09.190, 20293, 0, 2655, 67.44, 4
2026/10/03 02:10:09.240, 20293, 0, 2655, 67.44, 4
2026/10/03 02:10:09.290, 20293, 0, 2655, 67.44, 4
2026/10/03 02:10:09.341, 20293, 0, 2655, 67.44, 4
2026/10/03 02:10:09.391, 20293, 0, 2655, 67.44, 4
2026/10/03 02:10:09.441, 20293, 0, 2655, 67.44, 4
2026/10/03 02:10:09.491, 20293, 0, 2655, 67.44, 4
2026/10/03 02:10:09.541, 20293, 0, 2655, 67.44, 4
2026/10/03 02:10:09.592, 20293, 0, 2655, 67.44, 4
2026/10/03 02:10:09.642, 20293, 0, 2655, 68.48, 4
2026/10/03 02:10:09.692, 20293, 0, 2655, 68.48, 4
2026/10/03 02:10:09.742, 20293, 0, 2655, 68.48, 4
2026/10/03 02:10:09.793, 20293, 0, 2655, 68.48, 4
2026/10/03 02:10:09.843, 20293, 0, 2655, 68.48, 4
2026/10/03 02:10:09.893, 20293, 0, 2655, 68.48, 4
2026/10/03 02:10:09.943, 20293, 0, 2655, 68.48, 4
2026/10/03 02:10:09.993, 20293, 0, 2655, 68.48, 4
2026/10/03 02:10:10.044, 20293, 0, 2655, 68.48, 4
2026/10/03 02:10:10.094, 20293, 0, 2647, 67.10, 4
2026/10/03 02:10:10.144, 20293, 0, 2647, 67.10, 4
2026/10/03 02:10:10.194, 20293, 0, 2647, 67.10, 4
2026/10/03 02:10:10.244, 20293, 0, 2647, 67.10, 4
2026/10/03 02:10:10.295, 20293, 0, 2647, 67.10, 4
2026/10/03 02:10:10.345, 20293, 0, 2647, 67.10, 4
2026/10/03 02:10:10.395, 20293, 0, 2647, 67.10, 4
2026/10/03 02:10:10.445, 20293, 0, 2647, 67.10, 4
2026/10/03 02:10:10.495, 20293, 0, 2647, 67.10, 4
2026/10/03 02:10:10.546, 20293, 0, 2647, 67.10, 4
2026/10/03 02:10:10.596, 20293, 0, 2647, 67.75, 4
2026/10/03 02:10:10.646, 20293, 0, 2647, 67.75, 4
2026/10/03 02:10:10.696, 20293, 0, 2647, 67.75, 4
2026/10/03 02:10:10.747, 20293, 0, 2647, 67.75, 4
2026/10/03 02:10:10.797, 20293, 0, 2647, 67.75, 4
2026/10/03 02:10:10.847, 20293, 0, 2647, 67.75, 4
2026/10/03 02:10:10.897, 20295, 0, 2647, 67.75, 4
2026/10/03 02:10:10.947, 20295, 0, 2647, 67.75, 4
2026/10/03 02:10:10.998, 20295, 0, 2647, 67.75, 4
2026/10/03 02:10:11.048, 20295, 0, 2647, 67.75, 4
2026/10/03 02:10:11.098, 20295, 0, 2647, 70.70, 4
2026/10/03 02:10:11.148, 20295, 0, 2647, 70.70, 4
2026/10/03 02:10:11.198, 20295, 0, 2647, 70.70, 4
2026/10/03 02:10:11.249, 20295, 0, 2647, 70.70, 4
2026/10/03 02:10:11.299, 20295, 0, 2647, 70.70, 4
2026/10/03 02:10:11.349, 20295, 0, 2647, 70.70, 4
2026/10/03 02:10:11.399, 20295, 0, 2647, 70.70, 4
2026/10/03 02:10:11.450, 20295, 0, 2647, 70.70, 4
2026/10/03 02:10:11.500, 20295, 0, 2647, 70.70, 4
2026/10/03 02:10:11.550, 20295, 0, 2647, 70.70, 4
2026/10/03 02:10:11.600, 20295, 0, 2647, 67.15, 4
2026/10/03 02:10:11.650, 20295, 0, 2647, 67.15, 4
2026/10/03 02:10:11.701, 20295, 0, 2647, 67.15, 4
2026/10/03 02:10:11.751, 20295, 0, 2647, 67.15, 4
2026/10/03 02:10:11.801, 20295, 0, 2647, 67.15, 4
2026/10/03 02:10:11.851, 20295, 0, 2647, 67.15, 4
2026/10/03 02:10:11.902, 20295, 0, 2647, 67.15, 4
2026/10/03 02:10:11.952, 20297, 0, 2647, 67.15, 4
2026/10/03 02:10:12.002, 20297, 0, 2647, 67.15, 4
2026/10/03 02:10:12.052, 20297, 0, 2647, 67.15, 4
2026/10/03 02:10:12.102, 20297, 3, 2647, 69.92, 4
2026/10/03 02:10:12.153, 20297, 3, 2647, 69.92, 4
2026/10/03 02:10:12.203, 20297, 3, 2647, 69.92, 4
2026/10/03 02:10:12.253, 20297, 3, 2647, 69.92, 4
2026/10/03 02:10:12.303, 20297, 3, 2647, 69.92, 4
2026/10/03 02:10:12.353, 20297, 3, 2647, 69.92, 4
2026/10/03 02:10:12.404, 20297, 3, 2647, 69.92, 4
2026/10/03 02:10:12.454, 20297, 3, 2647, 69.92, 4
2026/10/03 02:10:12.504, 20297, 3, 2647, 69.92, 4
2026/10/03 02:10:12.554, 20297, 3, 2647, 69.92, 4
2026/10/03 02:10:12.605, 20297, 3, 2647, 68.42, 4
2026/10/03 02:10:12.655, 20297, 3, 2647, 68.42, 4
2026/10/03 02:10:12.705, 20297, 3, 2647, 68.42, 4
2026/10/03 02:10:12.755, 20297, 3, 2647, 68.42, 4
2026/10/03 02:10:12.805, 20297, 3, 2647, 68.42, 4
2026/10/03 02:10:12.856, 20297, 3, 2647, 68.42, 4
2026/10/03 02:10:12.906, 20297, 3, 2647, 68.42, 4
2026/10/03 02:10:12.956, 20297, 3, 2647, 68.42, 4
2026/10/03 02:10:13.006, 20297, 3, 2647, 68.42, 4
2026/10/03 02:10:13.057, 20297, 3, 2647, 68.42, 4
2026/10/03 02:10:13.107, 20297, 0, 2655, 67.32, 4
2026/10/03 02:10:13.157, 20297, 0, 2655, 67.32, 4
2026/10/03 02:10:13.207, 20297, 0, 2655, 67.32, 4
2026/10/03 02:10:13.257, 20297, 0, 2655, 67.32, 4
2026/10/03 02:10:13.308, 20297, 0, 2655, 67.32, 4
2026/10/03 02:10:13.358, 20297, 0, 2655, 67.32, 4
2026/10/03 02:10:13.408, 20297, 0, 2655, 67.32, 4
2026/10/03 02:10:13.458, 20297, 0, 2655, 67.32, 4
2026/10/03 02:10:13.509, 20297, 0, 2655, 67.32, 4
2026/10/03 02:10:13.559, 20297, 0, 2655, 67.32, 4
2026/10/03 02:10:13.609, 20297, 0, 2647, 68.41, 4
2026/10/03 02:10:13.659, 20297, 0, 2647, 68.41, 4
2026/10/03 02:10:13.709, 20297, 0, 2647, 68.41, 4
2026/10/03 02:10:13.760, 20297, 0, 2647, 68.41, 4
2026/10/03 02:10:13.810, 20297, 0, 2647, 68.41, 4
2026/10/03 02:10:13.860, 20297, 0, 2647, 68.41, 4
2026/10/03 02:10:13.910, 20297, 0, 2647, 68.41, 4
2026/10/03 02:10:13.960, 20297, 0, 2647, 68.41, 4
2026/10/03 02:10:14.011, 20297, 0, 2647, 68.41, 4
2026/10/03 02:10:14.061, 20297, 0, 2647, 68.41, 4
2026/10/03 02:10:14.111, 20297, 0, 2647, 67.15, 4
2026/10/03 02:10:14.161, 20297, 0, 2647, 67.15, 4
2026/10/03 02:10:14.212, 20297, 0, 2647, 67.15, 4
2026/10/03 02:10:14.262, 20297, 0, 2647, 67.15, 4
2026/10/03 02:10:14.312, 20297, 0, 2647, 67.15, 4
2026/10/03 02:10:14.362, 20297, 0, 2647, 67.15, 4
2026/10/03 02:10:14.412, 20297, 0, 2647, 67.15, 4
2026/10/03 02:10:14.463, 20297, 0, 2647, 67.15, 4
2026/10/03 02:10:14.513, 20297, 0, 2647, 67.15, 4
2026/10/03 02:10:14.563, 20299, 0, 2647, 67.15, 4
2026/10/03 02:10:14.613, 20299, 0, 2647, 68.54, 4
2026/10/03 02:10:14.664, 20299, 0, 2647, 68.54, 4
2026/10/03 02:10:14.714, 20299, 0, 2647, 68.54, 4
2026/10/03 02:10:14.764, 20299, 0, 2647, 68.54, 4
2026/10/03 02:10:14.814, 20299, 0, 2647, 68.54, 4
2026/10/03 02:10:14.864, 20299, 0, 2647, 68.54, 4
2026/10/03 02:10:14.915, 20299, 0, 2647, 68.54, 4
2026/10/03 02:10:14.965, 20299, 0, 2647, 68.54, 4
2026/10/03 02:10:15.015, 20299, 0, 2647, 68.54, 4
2026/10/03 02:10:15.065, 20299, 0, 2647, 68.54, 4
2026/10/03 02:10:15.116, 20299, 0, 2647, 69.21, 4
2026/10/03 02:10:15.166, 20299, 0, 2647, 69.21, 4
2026/10/03 02:10:15.216, 20299, 0, 2647, 69.21, 4
2026/10/03 02:10:15.266, 20299, 0, 2647, 69.21, 4
2026/10/03 02:10:15.316, 20299, 0, 2647, 69.21, 4
2026/10/03 02:10:15.367, 20299, 0, 2647, 69.21, 4
2026/10/03 02:10:15.417, 20299, 0, 2647, 69.21, 4
2026/10/03 02:10:15.467, 20299, 0, 2647, 69.21, 4
2026/10/03 02:10:15.517, 20301, 0, 2647, 69.21, 4
2026/10/03 02:10:15.567, 20301, 0, 2647, 69.21, 4
2026/10/03 02:10:15.618, 20301, 0, 2647, 68.08, 4
2026/10/03 02:10:15.668, 20301, 0, 2647, 68.08, 4
2026/10/03 02:10:15.718, 20301, 0, 2647, 68.08, 4
2026/10/03 02:10:15.768, 20301, 0, 2647, 68.08, 4
2026/10/03 02:10:15.819, 20301, 0, 2647, 68.08, 4
2026/10/03 02:10:15.869, 20301, 0, 2647, 68.08, 4
2026/10/03 02:10:15.919, 20301, 0, 2647, 68.08, 4
2026/10/03 02:10:15.969, 20301, 0, 2647, 68.08, 4
2026/10/03 02:10:16.019, 20301, 0, 2647, 68.08, 4
2026/10/03 02:10:16.070, 20301, 0, 2647, 68.08, 4
2026/10/03 02:10:16.120, 20301, 2, 2647, 69.67, 4
2026/10/03 02:10:16.170, 20301, 2, 2647, 69.67, 4
2026/10/03 02:10:16.220, 20301, 2, 2647, 69.67, 4
2026/10/03 02:10:16.271, 20301, 2, 2647, 69.67, 4
2026/10/03 02:10:16.321, 20301, 2, 2647, 69.67, 4
2026/10/03 02:10:16.371, 20301, 2, 2647, 69.67, 4
2026/10/03 02:10:16.421, 20301, 2, 2647, 69.67, 4
2026/10/03 02:10:16.472, 20303, 2, 2647, 69.67, 4
2026/10/03 02:10:16.522, 20303, 2, 2647, 69.67, 4
2026/10/03 02:10:16.572, 20303, 2, 2647, 69.67, 4
2026/10/03 02:10:16.622, 20303, 2, 2647, 68.49, 4
2026/10/03 02:10:16.672, 20303, 2, 2647, 68.49, 4
2026/10/03 02:10:16.723, 20303, 2, 2647, 68.49, 4
2026/10/03 02:10:16.773, 20303, 2, 2647, 68.49, 4
2026/10/03 02:10:16.823, 20303, 2, 2647, 68.49, 4
2026/10/03 02:10:16.873, 20303, 2, 2647, 68.49, 4
2026/10/03 02:10:16.923, 20303, 2, 2647, 68.49, 4
2026/10/03 02:10:16.974, 20303, 2, 2647, 68.49, 4
2026/10/03 02:10:17.024, 20303, 2, 2647, 68.49, 4
2026/10/03 02:10:17.074, 20303, 2, 2647, 68.49, 4
2026/10/03 02:10:17.124, 20303, 0, 2647, 67.76, 4
2026/10/03 02:10:17.175, 20303, 0, 2647, 67.76, 4
2026/10/03 02:10:17.225, 20303, 0, 2647, 67.76, 4
2026/10/03 02:10:17.275, 20303, 0, 2647, 67.76, 4
2026/10/03 02:10:17.325, 20303, 0, 2647, 67.76, 4
2026/10/03 02:10:17.375, 20303, 0, 2647, 67.76, 4
2026/10/03 02:10:17.426, 20303, 0, 2647, 67.76, 4
2026/10/03 02:10:17.476, 20303, 0, 2647, 67.76, 4
2026/10/03 02:10:17.526, 20303, 0, 2647, 67.76, 4
2026/10/03 02:10:17.576, 20303, 0, 2647, 67.76, 4
2026/10/03 02:10:17.627, 20303, 0, 2647, 67.49, 4
2026/10/03 02:10:17.677, 20303, 0, 2647, 67.49, 4
2026/10/03 02:10:17.727, 20303, 0, 2647, 67.49, 4
2026/10/03 02:10:17.777, 20303, 0, 2647, 67.49, 4
2026/10/03 02:10:17.827, 20303, 0, 2647, 67.49, 4
2026/10/03 02:10:17.878, 20303, 0, 2647, 67.49, 4
2026/10/03 02:10:17.928, 20303, 0, 2647, 67.49, 4
2026/10/03 02:10:17.978, 20303, 0, 2647, 67.49, 4
2026/10/03 02:10:18.028, 20303, 0, 2647, 67.49, 4
2026/10/03 02:10:18.079, 20303, 0, 2647, 67.49, 4
2026/10/03 02:10:18.129, 20303, 0, 2647, 67.19, 4
2026/10/03 02:10:18.179, 20303, 0, 2647, 67.19, 4
2026/10/03 02:10:18.229, 20303, 0, 2647, 67.19, 4
2026/10/03 02:10:18.279, 20303, 0, 2647, 67.19, 4
2026/10/03 02:10:18.330, 20303, 0, 2647, 67.19, 4
2026/10/03 02:10:18.380, 20303, 0, 2647, 67.19, 4
2026/10/03 02:10:18.430, 20303, 0, 2647, 67.19, 4
2026/10/03 02:10:18.480, 20303, 0, 2647, 67.19, 4
2026/10/03 02:10:18.531, 20303, 0, 2647, 67.19, 4
2026/10/03 02:10:18.581, 20303, 0, 2647, 67.19, 4
2026/10/03 02:10:18.631, 20303, 0, 2655, 69.61, 4
2026/10/03 02:10:18.681, 20303, 0, 2655, 69.61, 4
2026/10/03 02:10:18.731, 20303, 0, 2655, 69.61, 4
2026/10/03 02:10:18.782, 20303, 0, 2655, 69.61, 4
2026/10/03 02:10:18.832, 20303, 0, 2655, 69.61, 4
2026/10/03 02:10:18.882, 20303, 0, 2655, 69.61, 4
2026/10/03 02:10:18.932, 20303, 0, 2655, 69.61, 4
2026/10/03 02:10:18.983, 20303, 0, 2655, 69.61, 4
2026/10/03 02:10:19.033, 20303, 0, 2655, 69.61, 4
2026/10/03 02:10:19.083, 20303, 0, 2655, 69.61, 4
2026/10/03 02:10:19.133, 20303, 0, 2647, 67.91, 4
2026/10/03 02:10:19.183, 20303, 0, 2647, 67.91, 4
2026/10/03 02:10:19.234, 20305, 0, 2647, 67.91, 4
2026/10/03 02:10:19.284, 20305, 0, 2647, 67.91, 4
2026/10/03 02:10:19.334, 20305, 0, 2647, 67.91, 4
2026/10/03 02:10:19.384, 20305, 0, 2647, 67.91, 4
2026/10/03 02:10:19.434, 20305, 0, 2647, 67.91, 4
2026/10/03 02:10:19.485, 20305, 0, 2647, 67.91, 4
2026/10/03 02:10:19.535, 20305, 0, 2647, 67.91, 4
2026/10/03 02:10:19.585, 20305, 0, 2647, 67.91, 4
2026/10/03 02:10:19.635, 20305, 0, 2655, 69.05, 4
2026/10/03 02:10:19.686, 20305, 0, 2655, 69.05, 4
2026/10/03 02:10:19.736, 20305, 0, 2655, 69.05, 4
2026/10/03 02:10:19.786, 20305, 0, 2655, 69.05, 4
2026/10/03 02:10:19.836, 20305, 0, 2655, 69.05, 4
2026/10/03 02:10:19.886, 20305, 0, 2655, 69.05, 4
2026/10/03 02:10:19.937, 20305, 0, 2655, 69.05, 4
2026/10/03 02:10:19.987, 20305, 0, 2655, 69.05, 4
2026/10/03 02:10:20.037, 20305, 0, 2655, 69.05, 4
2026/10/03 02:10:20.087, 20305, 0, 2655, 69.05, 4
2026/10/03 02:10:20.138, 20307, 0, 2655, 68.79, 4
2026/10/03 02:10:20.188, 20307, 0, 2655, 68.79, 4
2026/10/03 02:10:20.238, 20307, 0, 2655, 68.79, 4
2026/10/03 02:10:20.288, 20307, 0, 2655, 68.79, 4
2026/10/03 02:10:20.338, 20307, 0, 2655, 68.79, 4
2026/10/03 02:10:20.389, 20307, 0, 2655, 68.79, 4
2026/10/03 02:10:20.439, 20307, 0, 2655, 68.79, 4
2026/10/03 02:10:20.489, 20307, 0, 2655, 68.79, 4
2026/10/03 02:10:20.539, 20307, 0, 2655, 68.79, 4
2026/10/03 02:10:20.589, 20307, 0, 2655, 68.79, 4
2026/10/03 02:10:20.640, 20307, 0, 2647, 67.11, 4
2026/10/03 02:10:20.690, 20307, 0, 2647, 67.11, 4
2026/10/03 02:10:20.740, 20307, 0, 2647, 67.11, 4
2026/10/03 02:10:20.790, 20307, 0, 2647, 67.11, 4
2026/10/03 02:10:20.841, 20307, 0, 2647, 67.11, 4
2026/10/03 02:10:20.891, 20307, 0, 2647, 67.11, 4
2026/10/03 02:10:20.941, 20307, 0, 2647, 67.11, 4
2026/10/03 02:10:20.991, 20307, 0, 2647, 67.11, 4
2026/10/03 02:10:21.041, 20307, 0, 2647, 67.11, 4
2026/10/03 02:10:21.092, 20307, 0, 2647, 67.11, 4
2026/10/03 02:10:21.142, 20307, 0, 2647, 68.27, 4
2026/10/03 02:10:21.192, 20307, 0, 2647, 68.27, 4
2026/10/03 02:10:21.242, 20307, 0, 2647, 68.27, 4
2026/10/03 02:10:21.293, 20307, 0, 2647, 68.27, 4
2026/10/03 02:10:21.343, 20307, 0, 2647, 68.27, 4
2026/10/03 02:10:21.393, 20307, 0, 2647, 68.27, 4
2026/10/03 02:10:21.443, 20307, 0, 2647, 68.27, 4
2026/10/03 02:10:21.493, 20307, 0, 2647, 68.27, 4
2026/10/03 02:10:21.544, 20307, 0, 2647, 68.27, 4
2026/10/03 02:10:21.594, 20307, 0, 2647, 68.27, 4
2026/10/03 02:10:21.644, 20307, 0, 2647, 66.79, 4
2026/10/03 02:10:21.694, 20307, 0, 2647, 66.79, 4
2026/10/03 02:10:21.745, 20307, 0, 2647, 66.79, 4
2026/10/03 02:10:21.795, 20307, 0, 2647, 66.79, 4
2026/10/03 02:10:21.845, 20307, 0, 2647, 66.79, 4
2026/10/03 02:10:21.895, 20307, 0, 2647, 66.79, 4
2026/10/03 02:10:21.945, 20307, 0, 2647, 66.79, 4
2026/10/03 02:10:21.996, 20307, 0, 2647, 66.79, 4
2026/10/03 02:10:22.046, 20307, 0, 2647, 66.79, 4
2026/10/03 02:10:22.096, 20307, 0, 2655, 67.90, 4
2026/10/03 02:10:22.146, 20307, 0, 2655, 67.90, 4
2026/10/03 02:10:22.197, 20307, 0, 2655, 67.90, 4
2026/10/03 02:10:22.247, 20307, 0, 2655, 67.90, 4
2026/10/03 02:10:22.297, 20307, 0, 2655, 67.90, 4
2026/10/03 02:10:22.347, 20307, 0, 2655, 67.90, 4
2026/10/03 02:10:22.397, 20307, 0, 2655, 67.90, 4
2026/10/03 02:10:22.448, 20307, 0, 2655, 67.90, 4
2026/10/03 02:10:22.498, 20307, 0, 2655, 67.90, 4
2026/10/03 02:10:22.548, 20307, 0, 2655, 67.90, 4
2026/10/03 02:10:22.598, 20307, 0, 2647, 70.42, 4
2026/10/03 02:10:22.649, 20307, 0, 2647, 70.42, 4
2026/10/03 02:10:22.699, 20307, 0, 2647, 70.42, 4
2026/10/03 02:10:22.749, 20307, 0, 2647, 70.42, 4
2026/10/03 02:10:22.799, 20309, 0, 2647, 70.42, 4
2026/10/03 02:10:22.849, 20309, 0, 2647, 70.42, 4
2026/10/03 02:10:22.900, 20309, 0, 2647, 70.42, 4
2026/10/03 02:10:22.950, 20309, 0, 2647, 70.42, 4
2026/10/03 02:10:23.000, 20309, 0, 2647, 70.42, 4
2026/10/03 02:10:23.050, 20309, 0, 2647, 70.42, 4
2026/10/03 02:10:23.100, 20309, 0, 2655, 67.03, 4
2026/10/03 02:10:23.151, 20309, 0, 2655, 67.03, 4
2026/10/03 02:10:23.201, 20309, 0, 2655, 67.03, 4
2026/10/03 02:10:23.251, 20309, 0, 2655, 67.03, 4
2026/10/03 02:10:23.301, 20309, 0, 2655, 67.03, 4
2026/10/03 02:10:23.352, 20309, 0, 2655, 67.03, 4
2026/10/03 02:10:23.402, 20309, 0, 2655, 67.03, 4
2026/10/03 02:10:23.452, 20309, 0, 2655, 67.03, 4
2026/10/03 02:10:23.502, 20309, 0, 2655, 67.03, 4
2026/10/03 02:10:23.552, 20309, 0, 2655, 67.03, 4
2026/10/03 02:10:23.603, 20309, 0, 2655, 69.36, 4
2026/10/03 02:10:23.653, 20309, 0, 2655, 69.36, 4
2026/10/03 02:10:23.703, 20309, 0, 2655, 69.36, 4
2026/10/03 02:10:23.753, 20311, 0, 2655, 69.36, 4
2026/10/03 02:10:23.804, 20311, 0, 2655, 69.36, 4
2026/10/03 02:10:23.854, 20311, 0, 2655, 69.36, 4
2026/10/03 02:10:23.904, 20311, 0, 2655, 69.36, 4
2026/10/03 02:10:23.954, 20311, 0, 2655, 69.36, 4
2026/10/03 02:10:24.004, 20311, 0, 2655, 69.36, 4
2026/10/03 02:10:24.055, 20311, 0, 2655, 69.36, 4
2026/10/03 02:10:24.105, 20311, 0, 2655, 68.32, 4
2026/10/03 02:10:24.155, 20311, 0, 2655, 68.32, 4
2026/10/03 02:10:24.205, 20311, 0, 2655, 68.32, 4
2026/10/03 02:10:24.256, 20311, 0, 2655, 68.32, 4
2026/10/03 02:10:24.306, 20311, 0, 2655, 68.32, 4
2026/10/03 02:10:24.356, 20311, 0, 2655, 68.32, 4
2026/10/03 02:10:24.406, 20311, 0, 2655, 68.32, 4
2026/10/03 02:10:24.456, 20311, 0, 2655, 68.32, 4
2026/10/03 02:10:24.507, 20311, 0, 2655, 68.32, 4
2026/10/03 02:10:24.557, 20311, 0, 2655, 68.32, 4
2026/10/03 02:10:24.607, 20311, 0, 2647, 67.08, 4
2026/10/03 02:10:24.658, 20311, 0, 2647, 67.08, 4
2026/10/03 02:10:24.708, 20311, 0, 2647, 67.08, 4
2026/10/03 02:10:24.758, 20311, 0, 2647, 67.08, 4
2026/10/03 02:10:24.808, 20311, 0, 2647, 67.08, 4
2026/10/03 02:10:24.858, 20311, 0, 2647, 67.08, 4
2026/10/03 02:10:24.909, 20311, 0, 2647, 67.08, 4
2026/10/03 02:10:24.959, 20311, 0, 2647, 67.08, 4
2026/10/03 02:10:25.009, 20311, 0, 2647, 67.08, 4
2026/10/03 02:10:25.059, 20311, 0, 2647, 67.08, 4
2026/10/03 02:10:25.109, 20311, 0, 2647, 68.32, 4
2026/10/03 02:10:25.160, 20311, 0, 2647, 68.32, 4
2026/10/03 02:10:25.210, 20311, 0, 2647, 68.32, 4
2026/10/03 02:10:25.260, 20311, 0, 2647, 68.32, 4
2026/10/03 02:10:25.310, 20311, 0, 2647, 68.32, 4
2026/10/03 02:10:25.361, 20311, 0, 2647, 68.32, 4
2026/10/03 02:10:25.411, 20311, 0, 2647, 68.32, 4
2026/10/03 02:10:25.461, 20311, 0, 2647, 68.32, 4
2026/10/03 02:10:25.511, 20311, 0, 2647, 68.32, 4
2026/10/03 02:10:25.561, 20311, 0, 2647, 68.32, 4
2026/10/03 02:10:25.612, 20311, 0, 2647, 67.91, 4
2026/10/03 02:10:25.662, 20311, 0, 2647, 67.91, 4
2026/10/03 02:10:25.712, 20311, 0, 2647, 67.91, 4
2026/10/03 02:10:25.762, 20311, 0, 2647, 67.91, 4
2026/10/03 02:10:25.813, 20311, 0, 2647, 67.91, 4
2026/10/03 02:10:25.863, 20311, 0, 2647, 67.91, 4
2026/10/03 02:10:25.913, 20311, 0, 2647, 67.91, 4
2026/10/03 02:10:25.963, 20311, 0, 2647, 67.91, 4
2026/10/03 02:10:26.013, 20311, 0, 2647, 67.91, 4
2026/10/03 02:10:26.064, 20311, 0, 2647, 67.91, 4
2026/10/03 02:10:26.114, 20311, 0, 2647, 69.03, 4
2026/10/03 02:10:26.164, 20311, 0, 2647, 69.03, 4
2026/10/03 02:10:26.214, 20311, 0, 2647, 69.03, 4
2026/10/03 02:10:26.265, 20311, 0, 2647, 69.03, 4
2026/10/03 02:10:26.315, 20311, 0, 2647, 69.03, 4
2026/10/03 02:10:26.365, 20311, 0, 2647, 69.03, 4
2026/10/03 02:10:26.415, 20311, 0, 2647, 69.03, 4
2026/10/03 02:10:26.465, 20313, 0, 2647, 69.03, 4
2026/10/03 02:10:26.516, 20313, 0, 2647, 69.03, 4
2026/10/03 02:10:26.566, 20313, 0, 2647, 69.03, 4
2026/10/03 02:10:26.616, 20313, 0, 2647, 68.17, 4
2026/10/03 02:10:26.666, 20313, 0, 2647, 68.17, 4
2026/10/03 02:10:26.717, 20313, 0, 2647, 68.17, 4
2026/10/03 02:10:26.767, 20313, 0, 2647, 68.17, 4
2026/10/03 02:10:26.817, 20313, 0, 2647, 68.17, 4
2026/10/03 02:10:26.867, 20313, 0, 2647, 68.17, 4
2026/10/03 02:10:26.917, 20313, 0, 2647, 68.17, 4
2026/10/03 02:10:26.968, 20313, 0, 2647, 68.17, 4
2026/10/03 02:10:27.018, 20313, 0, 2647, 68.17, 4
2026/10/03 02:10:27.068, 20313, 0, 2647, 68.17, 4
2026/10/03 02:10:27.118, 20313, 0, 2647, 68.83, 4
2026/10/03 02:10:27.168, 20313, 0, 2647, 68.83, 4
2026/10/03 02:10:27.219, 20313, 0, 2647, 68.83, 4
2026/10/03 02:10:27.269, 20313, 0, 2647, 68.83, 4
2026/10/03 02:10:27.319, 20313, 0, 2647, 68.83, 4
2026/10/03 02:10:27.369, 20315, 0, 2647, 68.83, 4
2026/10/03 02:10:27.420, 20315, 0, 2647, 68.83, 4
2026/10/03 02:10:27.470, 20315, 0, 2647, 68.83, 4
2026/10/03 02:10:27.520, 20315, 0, 2647, 68.83, 4
2026/10/03 02:10:27.570, 20315, 0, 2647, 68.83, 4
2026/10/03 02:10:27.620, 20315, 0, 2655, 68.92, 4
2026/10/03 02:10:27.671, 20315, 0, 2655, 68.92, 4
2026/10/03 02:10:27.721, 20315, 0, 2655, 68.92, 4
2026/10/03 02:10:27.771, 20315, 0, 2655, 68.92, 4
2026/10/03 02:10:27.821, 20315, 0, 2655, 68.92, 4
2026/10/03 02:10:27.872, 20315, 0, 2655, 68.92, 4
2026/10/03 02:10:27.922, 20315, 0, 2655, 68.92, 4
2026/10/03 02:10:27.972, 20315, 0, 2655, 68.92, 4
2026/10/03 02:10:28.022, 20315, 0, 2655, 68.92, 4
2026/10/03 02:10:28.072, 20315, 0, 2655, 68.92, 4
2026/10/03 02:10:28.123, 20315, 0, 2647, 67.32, 4
2026/10/03 02:10:28.173, 20315, 0, 2647, 67.32, 4
2026/10/03 02:10:28.223, 20315, 0, 2647, 67.32, 4
2026/10/03 02:10:28.273, 20315, 0, 2647, 67.32, 4
2026/10/03 02:10:28.324, 20315, 0, 2647, 67.32, 4
2026/10/03 02:10:28.374, 20315, 0, 2647, 67.32, 4
2026/10/03 02:10:28.424, 20315, 0, 2647, 67.32, 4
2026/10/03 02:10:28.474, 20315, 0, 2647, 67.32, 4
2026/10/03 02:10:28.524, 20315, 0, 2647, 67.32, 4
2026/10/03 02:10:28.575, 20315, 0, 2647, 67.32, 4
2026/10/03 02:10:28.625, 20315, 0, 2647, 68.30, 4
2026/10/03 02:10:28.675, 20315, 0, 2647, 68.30, 4
2026/10/03 02:10:28.725, 20315, 0, 2647, 68.30, 4
2026/10/03 02:10:28.775, 20315, 0, 2647, 68.30, 4
2026/10/03 02:10:28.826, 20315, 0, 2647, 68.30, 4
2026/10/03 02:10:28.876, 20315, 0, 2647, 68.30, 4
2026/10/03 02:10:28.926, 20315, 0, 2647, 68.30, 4
2026/10/03 02:10:28.976, 20315, 0, 2647, 68.30, 4
2026/10/03 02:10:29.027, 20315, 0, 2647, 68.30, 4
2026/10/03 02:10:29.077, 20317, 0, 2647, 68.30, 4
2026/10/03 02:10:29.127, 20317, 0, 2647, 77.44, 4
2026/10/03 02:10:29.177, 20317, 0, 2647, 77.44, 4
2026/10/03 02:10:29.227, 20317, 0, 2647, 77.44, 4
2026/10/03 02:10:29.278, 20557, 0, 2647, 77.44, 4
2026/10/03 02:10:29.328, 20557, 0, 2647, 77.44, 4
2026/10/03 02:10:29.378, 20557, 0, 2647, 77.44, 4
2026/10/03 02:10:29.428, 20557, 0, 2647, 77.44, 4
2026/10/03 02:10:29.479, 20557, 0, 2647, 77.44, 4
2026/10/03 02:10:29.529, 20557, 0, 2647, 77.44, 4
2026/10/03 02:10:29.579, 20557, 0, 2647, 77.44, 4
2026/10/03 02:10:29.629, 20557, 0, 2865, 67.99, 4
2026/10/03 02:10:29.680, 20557, 0, 2865, 67.99, 4
2026/10/03 02:10:29.730, 20557, 0, 2865, 67.99, 4
2026/10/03 02:10:29.780, 20557, 0, 2865, 67.99, 4
2026/10/03 02:10:29.830, 20601, 0, 2865, 67.99, 4
2026/10/03 02:10:29.881, 20629, 0, 2865, 67.99, 4
2026/10/03 02:10:29.931, 20649, 0, 2865, 67.99, 4
2026/10/03 02:10:29.981, 20649, 0, 2865, 67.99, 4
2026/10/03 02:10:30.031, 20649, 0, 2865, 67.99, 4
2026/10/03 02:10:30.082, 20649, 0, 2865, 67.99, 4
2026/10/03 02:10:30.132, 20649, 1, 2865, 108.31, 4
2026/10/03 02:10:30.182, 20649, 1, 2865, 108.31, 4
2026/10/03 02:10:30.232, 20649, 1, 2865, 108.31, 4
2026/10/03 02:10:30.283, 20649, 1, 2865, 108.31, 4
2026/10/03 02:10:30.333, 20649, 1, 2865, 108.31, 4
2026/10/03 02:10:30.383, 20649, 1, 2865, 108.31, 4
2026/10/03 02:10:30.433, 20021, 1, 2865, 108.31, 4
2026/10/03 02:10:30.483, 20021, 1, 2865, 108.31, 4
2026/10/03 02:10:30.534, 20047, 1, 2865, 108.31, 4
2026/10/03 02:10:30.584, 20047, 1, 2865, 108.31, 4
2026/10/03 02:10:30.634, 20047, 1, 2707, 103.01, 4
2026/10/03 02:10:30.684, 20047, 1, 2707, 103.01, 4
2026/10/03 02:10:30.735, 20047, 1, 2707, 103.01, 4
2026/10/03 02:10:30.785, 20047, 1, 2707, 103.01, 4
2026/10/03 02:10:30.835, 20047, 1, 2707, 103.01, 4
2026/10/03 02:10:30.885, 20069, 1, 2707, 103.01, 4
2026/10/03 02:10:30.936, 20095, 1, 2707, 103.01, 4
2026/10/03 02:10:30.986, 20095, 1, 2707, 103.01, 4
2026/10/03 02:10:31.036, 20095, 1, 2707, 103.01, 4
2026/10/03 02:10:31.086, 20095, 1, 2707, 103.01, 4
2026/10/03 02:10:31.136, 20095, 7, 2722, 104.34, 4
2026/10/03 02:10:31.187, 20095, 7, 2722, 104.34, 4
2026/10/03 02:10:31.237, 20095, 7, 2722, 104.34, 4
2026/10/03 02:10:31.287, 20117, 7, 2722, 104.34, 4
2026/10/03 02:10:31.337, 20143, 7, 2722, 104.34, 4
2026/10/03 02:10:31.388, 20143, 7, 2722, 104.34, 4
2026/10/03 02:10:31.438, 20143, 7, 2722, 104.34, 4
2026/10/03 02:10:31.488, 20143, 7, 2722, 104.34, 4
2026/10/03 02:10:31.538, 20143, 7, 2722, 104.34, 4
2026/10/03 02:10:31.588, 20143, 7, 2722, 104.34, 4
2026/10/03 02:10:31.639, 20143, 7, 2715, 68.51, 4
2026/10/03 02:10:31.689, 20165, 7, 2715, 68.51, 4
2026/10/03 02:10:31.739, 20173, 7, 2715, 68.51, 4
2026/10/03 02:10:31.790, 20193, 7, 2715, 68.51, 4
2026/10/03 02:10:31.840, 20193, 7, 2715, 68.51, 4
2026/10/03 02:10:31.890, 20193, 7, 2715, 68.51, 4
2026/10/03 02:10:31.940, 20193, 7, 2715, 68.51, 4
2026/10/03 02:10:31.990, 20193, 7, 2715, 68.51, 4
2026/10/03 02:10:32.041, 20193, 7, 2715, 68.51, 4
2026/10/03 02:10:32.091, 20193, 7, 2715, 68.51, 4
2026/10/03 02:10:32.141, 20215, 0, 2850, 67.54, 4
2026/10/03 02:10:32.192, 20339, 0, 2850, 67.54, 4
2026/10/03 02:10:32.242, 20441, 0, 2850, 67.54, 4
2026/10/03 02:10:32.292, 21121, 0, 2850, 67.54, 4
2026/10/03 02:10:32.342, 21881, 0, 2850, 67.54, 4
2026/10/03 02:10:32.393, 22661, 0, 2850, 67.54, 4
2026/10/03 02:10:32.443, 22661, 0, 2850, 67.54, 4
2026/10/03 02:10:32.493, 22661, 0, 2850, 67.54, 4
2026/10/03 02:10:32.543, 22661, 0, 2850, 67.54, 4
2026/10/03 02:10:32.593, 22661, 0, 2850, 67.54, 4
2026/10/03 02:10:32.644, 22661, 0, 2887, 362.11, 4
2026/10/03 02:10:32.694, 22661, 0, 2887, 362.11, 4
2026/10/03 02:10:32.744, 22661, 0, 2887, 362.11, 4
2026/10/03 02:10:32.794, 22661, 0, 2887, 362.11, 4
2026/10/03 02:10:32.845, 22661, 0, 2887, 362.11, 4
2026/10/03 02:10:32.895, 22661, 0, 2887, 362.11, 4
2026/10/03 02:10:32.945, 22661, 0, 2887, 362.11, 4
2026/10/03 02:10:32.995, 22661, 0, 2887, 362.11, 4
2026/10/03 02:10:33.045, 22661, 0, 2887, 362.11, 4
2026/10/03 02:10:33.096, 22661, 0, 2887, 362.11, 4
2026/10/03 02:10:33.146, 22661, 24, 3030, 122.15, 4
2026/10/03 02:10:33.196, 22661, 24, 3030, 122.15, 4
2026/10/03 02:10:33.246, 22661, 24, 3030, 122.15, 4
2026/10/03 02:10:33.297, 22661, 24, 3030, 122.15, 4
2026/10/03 02:10:33.347, 22661, 24, 3030, 122.15, 4
2026/10/03 02:10:33.397, 22661, 24, 3030, 122.15, 4
2026/10/03 02:10:33.447, 22661, 24, 3030, 122.15, 4
2026/10/03 02:10:33.497, 22661, 24, 3030, 122.15, 4
2026/10/03 02:10:33.548, 22661, 24, 3030, 122.15, 4
2026/10/03 02:10:33.598, 22661, 24, 3022, 109.73, 4
2026/10/03 02:10:33.648, 22661, 24, 3022, 109.73, 4
2026/10/03 02:10:33.698, 22661, 24, 3022, 109.73, 4
2026/10/03 02:10:33.749, 22661, 24, 3022, 109.73, 4
2026/10/03 02:10:33.799, 22661, 24, 3022, 109.73, 4
2026/10/03 02:10:33.849, 22661, 24, 3022, 109.73, 4
2026/10/03 02:10:33.899, 22661, 24, 3022, 109.73, 4
2026/10/03 02:10:33.949, 22661, 24, 3022, 109.73, 4
2026/10/03 02:10:34.000, 22661, 24, 3022, 109.73, 4
2026/10/03 02:10:34.050, 22661, 24, 3022, 109.73, 4
2026/10/03 02:10:34.100, 22661, 54, 3015, 352.94, 4
2026/10/03 02:10:34.150, 22661, 54, 3015, 352.94, 4
2026/10/03 02:10:34.201, 22661, 54, 3015, 352.94, 4
2026/10/03 02:10:34.251, 22661, 54, 3015, 352.94, 4
2026/10/03 02:10:34.301, 22661, 54, 3015, 352.94, 4
2026/10/03 02:10:34.351, 22661, 54, 3015, 352.94, 4
2026/10/03 02:10:34.401, 22661, 54, 3015, 352.94, 4
2026/10/03 02:10:34.452, 22661, 54, 3015, 352.94, 4
2026/10/03 02:10:34.502, 22661, 54, 3015, 352.94, 4
2026/10/03 02:10:34.552, 22661, 54, 3015, 352.94, 4
2026/10/03 02:10:34.602, 22661, 54, 3015, 444.98, 4
2026/10/03 02:10:34.653, 22661, 54, 3015, 444.98, 4
2026/10/03 02:10:34.703, 22661, 54, 3015, 444.98, 4
2026/10/03 02:10:34.753, 22661, 54, 3015, 444.98, 4
2026/10/03 02:10:34.803, 22661, 54, 3015, 444.98, 4
2026/10/03 02:10:34.853, 22661, 54, 3015, 444.98, 4
2026/10/03 02:10:34.904, 22661, 54, 3015, 444.98, 4
2026/10/03 02:10:34.954, 22661, 54, 3015, 444.98, 4
2026/10/03 02:10:35.004, 22661, 54, 3015, 444.98, 4
2026/10/03 02:10:35.054, 22661, 54, 3015, 444.98, 4
2026/10/03 02:10:35.105, 22661, 14, 3022, 195.37, 4
2026/10/03 02:10:35.155, 22661, 14, 3022, 195.37, 4
2026/10/03 02:10:35.205, 22661, 14, 3022, 195.37, 4
2026/10/03 02:10:35.255, 22661, 14, 3022, 195.37, 4
2026/10/03 02:10:35.305, 22661, 14, 3022, 195.37, 4
2026/10/03 02:10:35.356, 22661, 14, 3022, 195.37, 4
2026/10/03 02:10:35.406, 22661, 14, 3022, 195.37, 4
2026/10/03 02:10:35.456, 22661, 14, 3022, 195.37, 4
2026/10/03 02:10:35.506, 22661, 14, 3022, 195.37, 4
2026/10/03 02:10:35.556, 22661, 14, 3022, 195.37, 4
2026/10/03 02:10:35.607, 22661, 14, 3022, 109.51, 4
2026/10/03 02:10:35.657, 22661, 14, 3022, 109.51, 4
2026/10/03 02:10:35.707, 22661, 14, 3022, 109.51, 4
2026/10/03 02:10:35.757, 22661, 14, 3022, 109.51, 4
2026/10/03 02:10:35.808, 22661, 14, 3022, 109.51, 4
2026/10/03 02:10:35.858, 22661, 14, 3022, 109.51, 4
2026/10/03 02:10:35.908, 22661, 14, 3022, 109.51, 4
2026/10/03 02:10:35.958, 22661, 14, 3022, 109.51, 4
2026/10/03 02:10:36.008, 22661, 14, 3022, 109.51, 4
2026/10/03 02:10:36.059, 22661, 14, 3022, 109.51, 4
2026/10/03 02:10:36.109, 22661, 72, 3015, 253.65, 4
2026/10/03 02:10:36.159, 22661, 72, 3015, 253.65, 4
2026/10/03 02:10:36.209, 22661, 72, 3015, 253.65, 4
2026/10/03 02:10:36.260, 22661, 72, 3015, 253.65, 4
2026/10/03 02:10:36.310, 22661, 72, 3015, 253.65, 4
2026/10/03 02:10:36.360, 22661, 72, 3015, 253.65, 4
2026/10/03 02:10:36.410, 22661, 72, 3015, 253.65, 4
2026/10/03 02:10:36.460, 22661, 72, 3015, 253.65, 4
2026/10/03 02:10:36.511, 22661, 72, 3015, 253.65, 4
2026/10/03 02:10:36.561, 22661, 72, 3015, 253.65, 4
2026/10/03 02:10:36.611, 22661, 72, 3015, 472.86, 4
2026/10/03 02:10:36.661, 22661, 72, 3015, 472.86, 4
2026/10/03 02:10:36.712, 22661, 72, 3015, 472.86, 4
2026/10/03 02:10:36.762, 22661, 72, 3015, 472.86, 4
2026/10/03 02:10:36.812, 22661, 72, 3015, 472.86, 4
2026/10/03 02:10:36.862, 22661, 72, 3015, 472.86, 4
2026/10/03 02:10:36.912, 22661, 72, 3015, 472.86, 4
2026/10/03 02:10:36.963, 22661, 72, 3015, 472.86, 4
2026/10/03 02:10:37.013, 22661, 72, 3015, 472.86, 4
2026/10/03 02:10:37.063, 22661, 72, 3015, 472.86, 4
2026/10/03 02:10:37.113, 22661, 95, 3030, 432.78, 4
2026/10/03 02:10:37.164, 22661, 95, 3030, 432.78, 4
2026/10/03 02:10:37.214, 22661, 95, 3030, 432.78, 4
2026/10/03 02:10:37.264, 22661, 95, 3030, 432.78, 4
2026/10/03 02:10:37.314, 22661, 95, 3030, 432.78, 4
2026/10/03 02:10:37.364, 22661, 95, 3030, 432.78, 4
2026/10/03 02:10:37.415, 22661, 95, 3030, 432.78, 4
2026/10/03 02:10:37.465, 22661, 95, 3030, 432.78, 4
2026/10/03 02:10:37.515, 22661, 95, 3030, 432.78, 4
2026/10/03 02:10:37.565, 22661, 95, 3030, 432.78, 4
2026/10/03 02:10:37.616, 22661, 95, 3015, 111.34, 4
2026/10/03 02:10:37.666, 22661, 95, 3015, 111.34, 4
2026/10/03 02:10:37.716, 22661, 95, 3015, 111.34, 4
2026/10/03 02:10:37.766, 22661, 95, 3015, 111.34, 4
2026/10/03 02:10:37.816, 22661, 95, 3015, 111.34, 4
2026/10/03 02:10:37.867, 22661, 95, 3015, 111.34, 4
2026/10/03 02:10:37.917, 22661, 95, 3015, 111.34, 4
2026/10/03 02:10:37.967, 22661, 95, 3015, 111.34, 4
2026/10/03 02:10:38.017, 22661, 95, 3015, 111.34, 4
2026/10/03 02:10:38.068, 22661, 95, 3015, 111.34, 4
2026/10/03 02:10:38.118, 22661, 80, 3015, 160.06, 4
2026/10/03 02:10:38.168, 22661, 80, 3015, 160.06, 4
2026/10/03 02:10:38.218, 22661, 80, 3015, 160.06, 4
2026/10/03 02:10:38.268, 22661, 80, 3015, 160.06, 4
2026/10/03 02:10:38.319, 22661, 80, 3015, 160.06, 4
2026/10/03 02:10:38.369, 22661, 80, 3015, 160.06, 4
2026/10/03 02:10:38.419, 22661, 80, 3015, 160.06, 4
2026/10/03 02:10:38.469, 22661, 80, 3015, 160.06, 4
2026/10/03 02:10:38.520, 22661, 80, 3015, 160.06, 4
2026/10/03 02:10:38.570, 22661, 80, 3015, 160.06, 4
2026/10/03 02:10:38.620, 22661, 80, 3015, 433.73, 4
2026/10/03 02:10:38.670, 22661, 80, 3015, 433.73, 4
2026/10/03 02:10:38.720, 22661, 80, 3015, 433.73, 4
2026/10/03 02:10:38.771, 22661, 80, 3015, 433.73, 4
2026/10/03 02:10:38.821, 22661, 80, 3015, 433.73, 4
2026/10/03 02:10:38.871, 22661, 80, 3015, 433.73, 4
2026/10/03 02:10:38.921, 22661, 80, 3015, 433.73, 4
2026/10/03 02:10:38.972, 22661, 80, 3015, 433.73, 4
2026/10/03 02:10:39.022, 22661, 80, 3015, 433.73, 4
2026/10/03 02:10:39.072, 22661, 80, 3015, 433.73, 4
2026/10/03 02:10:39.122, 22661, 13, 3015, 291.41, 4
2026/10/03 02:10:39.172, 22661, 13, 3015, 291.41, 4
2026/10/03 02:10:39.223, 22661, 13, 3015, 291.41, 4
2026/10/03 02:10:39.273, 22661, 13, 3015, 291.41, 4
2026/10/03 02:10:39.323, 22661, 13, 3015, 291.41, 4
2026/10/03 02:10:39.373, 22661, 13, 3015, 291.41, 4
2026/10/03 02:10:39.424, 22661, 13, 3015, 291.41, 4
2026/10/03 02:10:39.474, 22661, 13, 3015, 291.41, 4
2026/10/03 02:10:39.524, 22661, 13, 3015, 291.41, 4
2026/10/03 02:10:39.574, 22661, 13, 3015, 291.41, 4
2026/10/03 02:10:39.624, 22661, 13, 3022, 109.67, 4
2026/10/03 02:10:39.675, 22661, 13, 3022, 109.67, 4
2026/10/03 02:10:39.725, 22661, 13, 3022, 109.67, 4
2026/10/03 02:10:39.775, 22661, 13, 3022, 109.67, 4
2026/10/03 02:10:39.825, 22661, 13, 3022, 109.67, 4
2026/10/03 02:10:39.876, 22661, 13, 3022, 109.67, 4
2026/10/03 02:10:39.926, 22661, 13, 3022, 109.67, 4
2026/10/03 02:10:39.976, 22661, 13, 3022, 109.67, 4
2026/10/03 02:10:40.026, 22661, 13, 3022, 109.67, 4
2026/10/03 02:10:40.076, 22661, 13, 3022, 109.67, 4
2026/10/03 02:10:40.127, 22661, 78, 3015, 181.82, 4
2026/10/03 02:10:40.177, 22661, 78, 3015, 181.82, 4
2026/10/03 02:10:40.227, 22661, 78, 3015, 181.82, 4
2026/10/03 02:10:40.277, 22661, 78, 3015, 181.82, 4
2026/10/03 02:10:40.328, 22661, 78, 3015, 181.82, 4
2026/10/03 02:10:40.378, 22661, 78, 3015, 181.82, 4
2026/10/03 02:10:40.428, 22661, 78, 3015, 181.82, 4
2026/10/03 02:10:40.478, 22661, 78, 3015, 181.82, 4
2026/10/03 02:10:40.528, 22661, 78, 3015, 181.82, 4
2026/10/03 02:10:40.579, 22661, 78, 3015, 181.82, 4
2026/10/03 02:10:40.629, 22661, 78, 3015, 473.70, 4
2026/10/03 02:10:40.679, 22661, 78, 3015, 473.70, 4
2026/10/03 02:10:40.729, 22661, 78, 3015, 473.70, 4
2026/10/03 02:10:40.780, 22661, 78, 3015, 473.70, 4
2026/10/03 02:10:40.830, 22661, 78, 3015, 473.70, 4
2026/10/03 02:10:40.880, 22661, 78, 3015, 473.70, 4
2026/10/03 02:10:40.930, 22661, 78, 3015, 473.70, 4
2026/10/03 02:10:40.980, 22661, 78, 3015, 473.70, 4
2026/10/03 02:10:41.031, 22661, 78, 3015, 473.70, 4
2026/10/03 02:10:41.081, 22661, 78, 3015, 473.70, 4
2026/10/03 02:10:41.131, 22661, 13, 3015, 295.22, 4
2026/10/03 02:10:41.181, 22661, 13, 3015, 295.22, 4
2026/10/03 02:10:41.231, 22661, 13, 3015, 295.22, 4
2026/10/03 02:10:41.282, 22661, 13, 3015, 295.22, 4
2026/10/03 02:10:41.332, 22661, 13, 3015, 295.22, 4
2026/10/03 02:10:41.382, 22661, 13, 3015, 295.22, 4
2026/10/03 02:10:41.432, 22661, 13, 3015, 295.22, 4
2026/10/03 02:10:41.483, 22661, 13, 3015, 295.22, 4
2026/10/03 02:10:41.533, 22661, 13, 3015, 295.22, 4
2026/10/03 02:10:41.583, 22661, 13, 3015, 295.22, 4
2026/10/03 02:10:41.634, 22661, 13, 3022, 112.42, 4
2026/10/03 02:10:41.684, 22661, 13, 3022, 112.42, 4
2026/10/03 02:10:41.734, 22661, 13, 3022, 112.42, 4
2026/10/03 02:10:41.784, 22661, 13, 3022, 112.42, 4
2026/10/03 02:10:41.834, 22661, 13, 3022, 112.42, 4
2026/10/03 02:10:41.885, 22661, 13, 3022, 112.42, 4
2026/10/03 02:10:41.935, 22661, 13, 3022, 112.42, 4
2026/10/03 02:10:41.985, 22661, 13, 3022, 112.42, 4
2026/10/03 02:10:42.035, 22661, 13, 3022, 112.42, 4
2026/10/03 02:10:42.086, 22661, 13, 3022, 112.42, 4
2026/10/03 02:10:42.136, 22661, 98, 3007, 506.84, 4
2026/10/03 02:10:42.186, 22661, 98, 3007, 506.84, 4
2026/10/03 02:10:42.236, 22661, 98, 3007, 506.84, 4
2026/10/03 02:10:42.286, 22661, 98, 3007, 506.84, 4
2026/10/03 02:10:42.337, 22661, 98, 3007, 506.84, 4
2026/10/03 02:10:42.387, 22661, 98, 3007, 506.84, 4
2026/10/03 02:10:42.437, 22661, 98, 3007, 506.84, 4
2026/10/03 02:10:42.487, 22661, 98, 3007, 506.84, 4
2026/10/03 02:10:42.538, 22661, 98, 3007, 506.84, 4
2026/10/03 02:10:42.588, 22661, 98, 3007, 506.84, 4
2026/10/03 02:10:42.638, 22661, 98, 3000, 514.69, 4
2026/10/03 02:10:42.688, 22661, 98, 3000, 514.69, 4
2026/10/03 02:10:42.738, 22661, 98, 3000, 514.69, 4
2026/10/03 02:10:42.789, 22661, 98, 3000, 514.69, 4
2026/10/03 02:10:42.839, 22661, 98, 3000, 514.69, 4
2026/10/03 02:10:42.889, 22661, 98, 3000, 514.69, 4
2026/10/03 02:10:42.939, 22661, 98, 3000, 514.69, 4
2026/10/03 02:10:42.989, 22661, 98, 3000, 514.69, 4
2026/10/03 02:10:43.040, 22661, 98, 3000, 514.69, 4
2026/10/03 02:10:43.090, 22661, 98, 3000, 514.69, 4
2026/10/03 02:10:43.140, 22661, 98, 2985, 515.65, 4
2026/10/03 02:10:43.190, 22661, 98, 2985, 515.65, 4
2026/10/03 02:10:43.242, 22661, 98, 2985, 515.65, 4
2026/10/03 02:10:43.292, 22661, 98, 2985, 515.65, 4
2026/10/03 02:10:43.342, 22661, 98, 2985, 515.65, 4
2026/10/03 02:10:43.393, 22661, 98, 2985, 515.65, 4
2026/10/03 02:10:43.443, 22661, 98, 2985, 515.65, 4
2026/10/03 02:10:43.493, 22661, 98, 2985, 515.65, 4
2026/10/03 02:10:43.543, 22661, 98, 2985, 515.65, 4
2026/10/03 02:10:43.594, 22661, 98, 2985, 515.65, 4
2026/10/03 02:10:43.644, 22661, 98, 2985, 509.82, 4
2026/10/03 02:10:43.694, 22661, 98, 2985, 509.82, 4
2026/10/03 02:10:43.744, 22661, 98, 2985, 509.82, 4
2026/10/03 02:10:43.794, 22661, 98, 2985, 509.82, 4
2026/10/03 02:10:43.845, 22661, 98, 2985, 509.82, 4
2026/10/03 02:10:43.895, 22661, 98, 2985, 509.82, 4
2026/10/03 02:10:43.945, 22661, 98, 2985, 509.82, 4
2026/10/03 02:10:43.995, 22661, 98, 2985, 509.82, 4
2026/10/03 02:10:44.045, 22661, 98, 2985, 509.82, 4
2026/10/03 02:10:44.096, 22661, 98, 2985, 509.82, 4
2026/10/03 02:10:44.146, 22661, 98, 2985, 510.96, 4
2026/10/03 02:10:44.196, 22661, 98, 2985, 510.96, 4
2026/10/03 02:10:44.246, 22661, 98, 2985, 510.96, 4
2026/10/03 02:10:44.297, 22661, 98, 2985, 510.96, 4
2026/10/03 02:10:44.347, 22661, 98, 2985, 510.96, 4
2026/10/03 02:10:44.397, 22661, 98, 2985, 510.96, 4
2026/10/03 02:10:44.447, 22661, 98, 2985, 510.96, 4
2026/10/03 02:10:44.497, 22661, 98, 2985, 510.96, 4
2026/10/03 02:10:44.548, 22661, 98, 2985, 510.96, 4
2026/10/03 02:10:44.598, 22661, 98, 2985, 515.52, 4
2026/10/03 02:10:44.648, 22661, 98, 2985, 515.52, 4
2026/10/03 02:10:44.698, 22661, 98, 2985, 515.52, 4
2026/10/03 02:10:44.749, 22661, 98, 2985, 515.52, 4
2026/10/03 02:10:44.799, 22661, 98, 2985, 515.52, 4
2026/10/03 02:10:44.849, 22661, 98, 2985, 515.52, 4
2026/10/03 02:10:44.899, 22661, 98, 2985, 515.52, 4
2026/10/03 02:10:44.949, 22661, 98, 2985, 515.52, 4
2026/10/03 02:10:45.000, 22661, 98, 2985, 515.52, 4
2026/10/03 02:10:45.050, 22661, 98, 2985, 515.52, 4
2026/10/03 02:10:45.100, 22661, 98, 2985, 518.04, 4
2026/10/03 02:10:45.150, 22661, 98, 2985, 518.04, 4
2026/10/03 02:10:45.201, 22661, 98, 2985, 518.04, 4
2026/10/03 02:10:45.251, 22661, 98, 2985, 518.04, 4
2026/10/03 02:10:45.301, 22661, 98, 2985, 518.04, 4
2026/10/03 02:10:45.351, 22661, 98, 2985, 518.04, 4
2026/10/03 02:10:45.401, 22661, 98, 2985, 518.04, 4
2026/10/03 02:10:45.452, 22661, 98, 2985, 518.04, 4
2026/10/03 02:10:45.502, 22661, 98, 2985, 518.04, 4
2026/10/03 02:10:45.553, 22661, 98, 2985, 518.04, 4
2026/10/03 02:10:45.604, 22661, 98, 2985, 523.31, 4
2026/10/03 02:10:45.654, 22661, 98, 2985, 523.31, 4
2026/10/03 02:10:45.704, 22661, 98, 2985, 523.31, 4
2026/10/03 02:10:45.754, 22661, 98, 2985, 523.31, 4
2026/10/03 02:10:45.804, 22661, 98, 2985, 523.31, 4
2026/10/03 02:10:45.855, 22661, 98, 2985, 523.31, 4
2026/10/03 02:10:45.905, 22661, 98, 2985, 523.31, 4
2026/10/03 02:10:45.955, 22661, 98, 2985, 523.31, 4
2026/10/03 02:10:46.005, 22661, 98, 2985, 523.31, 4
2026/10/03 02:10:46.056, 22661, 98, 2985, 523.31, 4
2026/10/03 02:10:46.106, 22661, 98, 2985, 517.06, 4
2026/10/03 02:10:46.156, 22661, 98, 2985, 517.06, 4
2026/10/03 02:10:46.206, 22661, 98, 2985, 517.06, 4
2026/10/03 02:10:46.256, 22661, 98, 2985, 517.06, 4
2026/10/03 02:10:46.307, 22661, 98, 2985, 517.06, 4
2026/10/03 02:10:46.357, 22661, 98, 2985, 517.06, 4
2026/10/03 02:10:46.407, 22661, 98, 2985, 517.06, 4
2026/10/03 02:10:46.457, 22661, 98, 2985, 517.06, 4
2026/10/03 02:10:46.508, 22661, 98, 2985, 517.06, 4
2026/10/03 02:10:46.558, 22661, 98, 2985, 517.06, 4
2026/10/03 02:10:46.608, 22661, 98, 2985, 519.20, 4
2026/10/03 02:10:46.658, 22661, 98, 2985, 519.20, 4
2026/10/03 02:10:46.708, 22661, 98, 2985, 519.20, 4
2026/10/03 02:10:46.759, 22661, 98, 2985, 519.20, 4
2026/10/03 02:10:46.809, 22661, 98, 2985, 519.20, 4
2026/10/03 02:10:46.859, 22661, 98, 2985, 519.20, 4
2026/10/03 02:10:46.909, 22661, 98, 2985, 519.20, 4
2026/10/03 02:10:46.960, 22661, 98, 2985, 519.20, 4
2026/10/03 02:10:47.010, 22661, 98, 2985, 519.20, 4
2026/10/03 02:10:47.060, 22661, 98, 2985, 519.20, 4
2026/10/03 02:10:47.110, 22661, 98, 2985, 519.10, 4
2026/10/03 02:10:47.161, 22661, 98, 2985, 519.10, 4
2026/10/03 02:10:47.211, 22661, 98, 2985, 519.10, 4
2026/10/03 02:10:47.261, 22661, 98, 2985, 519.10, 4
2026/10/03 02:10:47.311, 22661, 98, 2985, 519.10, 4
2026/10/03 02:10:47.361, 22661, 98, 2985, 519.10, 4
2026/10/03 02:10:47.412, 22661, 98, 2985, 519.10, 4
2026/10/03 02:10:47.462, 22661, 98, 2985, 519.10, 4
2026/10/03 02:10:47.512, 22661, 98, 2985, 519.10, 4
2026/10/03 02:10:47.562, 22661, 98, 2985, 519.10, 4
2026/10/03 02:10:47.613, 22661, 98, 2985, 520.99, 4
2026/10/03 02:10:47.663, 22661, 98, 2985, 520.99, 4
2026/10/03 02:10:47.713, 22661, 98, 2985, 520.99, 4
2026/10/03 02:10:47.763, 22661, 98, 2985, 520.99, 4
2026/10/03 02:10:47.813, 22661, 98, 2985, 520.99, 4
2026/10/03 02:10:47.864, 22661, 98, 2985, 520.99, 4
2026/10/03 02:10:47.914, 22661, 98, 2985, 520.99, 4
2026/10/03 02:10:47.964, 22661, 98, 2985, 520.99, 4
2026/10/03 02:10:48.014, 22661, 98, 2985, 520.99, 4
2026/10/03 02:10:48.065, 22661, 98, 2985, 520.99, 4
2026/10/03 02:10:48.115, 22661, 98, 2985, 521.97, 4
2026/10/03 02:10:48.165, 22661, 98, 2985, 521.97, 4
2026/10/03 02:10:48.215, 22661, 98, 2985, 521.97, 4
2026/10/03 02:10:48.265, 22661, 98, 2985, 521.97, 4
2026/10/03 02:10:48.316, 22661, 98, 2985, 521.97, 4
2026/10/03 02:10:48.366, 22661, 98, 2985, 521.97, 4
2026/10/03 02:10:48.416, 22661, 98, 2985, 521.97, 4
2026/10/03 02:10:48.466, 22661, 98, 2985, 521.97, 4
2026/10/03 02:10:48.517, 22661, 98, 2985, 521.97, 4
2026/10/03 02:10:48.567, 22661, 98, 2985, 521.97, 4
2026/10/03 02:10:48.617, 22661, 98, 2985, 521.10, 4
2026/10/03 02:10:48.667, 22661, 98, 2985, 521.10, 4
2026/10/03 02:10:48.717, 22661, 98, 2985, 521.10, 4
2026/10/03 02:10:48.768, 22661, 98, 2985, 521.10, 4
2026/10/03 02:10:48.818, 22661, 98, 2985, 521.10, 4
2026/10/03 02:10:48.868, 22661, 98, 2985, 521.10, 4
2026/10/03 02:10:48.918, 22661, 98, 2985, 521.10, 4
2026/10/03 02:10:48.969, 22661, 98, 2985, 521.10, 4
2026/10/03 02:10:49.019, 22661, 98, 2985, 521.10, 4
2026/10/03 02:10:49.069, 22661, 98, 2985, 521.10, 4
2026/10/03 02:10:49.119, 22661, 98, 2985, 525.46, 4
2026/10/03 02:10:49.169, 22661, 98, 2985, 525.46, 4
2026/10/03 02:10:49.220, 22661, 98, 2985, 525.46, 4
2026/10/03 02:10:49.270, 22661, 98, 2985, 525.46, 4
2026/10/03 02:10:49.320, 22661, 98, 2985, 525.46, 4
2026/10/03 02:10:49.370, 22661, 98, 2985, 525.46, 4
2026/10/03 02:10:49.421, 22661, 98, 2985, 525.46, 4
2026/10/03 02:10:49.471, 22661, 98, 2985, 525.46, 4
2026/10/03 02:10:49.521, 22661, 98, 2985, 525.46, 4
2026/10/03 02:10:49.571, 22661, 98, 2985, 525.46, 4
2026/10/03 02:10:49.621, 22661, 98, 2985, 517.29, 4
2026/10/03 02:10:49.672, 22661, 98, 2985, 517.29, 4
2026/10/03 02:10:49.722, 22661, 98, 2985, 517.29, 4
2026/10/03 02:10:49.772, 22661, 98, 2985, 517.29, 4
2026/10/03 02:10:49.822, 22661, 98, 2985, 517.29, 4
2026/10/03 02:10:49.873, 22661, 98, 2985, 517.29, 4
2026/10/03 02:10:49.923, 22661, 98, 2985, 517.29, 4
2026/10/03 02:10:49.973, 22661, 98, 2985, 517.29, 4
2026/10/03 02:10:50.023, 22661, 98, 2985, 517.29, 4
2026/10/03 02:10:50.073, 22661, 98, 2985, 517.29, 4
2026/10/03 02:10:50.124, 22661, 98, 2985, 523.71, 4
2026/10/03 02:10:50.174, 22661, 98, 2985, 523.71, 4
2026/10/03 02:10:50.224, 22661, 98, 2985, 523.71, 4
2026/10/03 02:10:50.274, 22661, 98, 2985, 523.71, 4
2026/10/03 02:10:50.324, 22661, 98, 2985, 523.71, 4
2026/10/03 02:10:50.375, 22661, 98, 2985, 523.71, 4
2026/10/03 02:10:50.425, 22661, 98, 2985, 523.71, 4
2026/10/03 02:10:50.475, 22661, 98, 2985, 523.71, 4
2026/10/03 02:10:50.525, 22661, 98, 2985, 523.71, 4
2026/10/03 02:10:50.576, 22661, 98, 2985, 523.71, 4
2026/10/03 02:10:50.626, 22661, 98, 2985, 521.96, 4
2026/10/03 02:10:50.676, 22661, 98, 2985, 521.96, 4
2026/10/03 02:10:50.726, 22661, 98, 2985, 521.96, 4
2026/10/03 02:10:50.777, 22661, 98, 2985, 521.96, 4
2026/10/03 02:10:50.827, 22661, 98, 2985, 521.96, 4
2026/10/03 02:10:50.877, 22661, 98, 2985, 521.96, 4
2026/10/03 02:10:50.927, 22661, 98, 2985, 521.96, 4
2026/10/03 02:10:50.977, 22661, 98, 2985, 521.96, 4
2026/10/03 02:10:51.028, 22661, 98, 2985, 521.96, 4
2026/10/03 02:10:51.078, 22661, 98, 2985, 521.96, 4
2026/10/03 02:10:51.128, 22661, 98, 2985, 523.24, 4
2026/10/03 02:10:51.178, 22661, 98, 2985, 523.24, 4
2026/10/03 02:10:51.228, 22661, 98, 2985, 523.24, 4
2026/10/03 02:10:51.279, 22661, 98, 2985, 523.24, 4
2026/10/03 02:10:51.329, 22661, 98, 2985, 523.24, 4
2026/10/03 02:10:51.379, 22661, 98, 2985, 523.24, 4
2026/10/03 02:10:51.429, 22661, 98, 2985, 523.24, 4
2026/10/03 02:10:51.480, 22661, 98, 2985, 523.24, 4
2026/10/03 02:10:51.530, 22661, 98, 2985, 523.24, 4
2026/10/03 02:10:51.580, 22661, 98, 2985, 523.24, 4
2026/10/03 02:10:51.630, 22661, 98, 2985, 523.14, 4
2026/10/03 02:10:51.681, 22661, 98, 2985, 523.14, 4
2026/10/03 02:10:51.731, 22661, 98, 2985, 523.14, 4
2026/10/03 02:10:51.781, 22661, 98, 2985, 523.14, 4
2026/10/03 02:10:51.831, 22661, 98, 2985, 523.14, 4
2026/10/03 02:10:51.881, 22661, 98, 2985, 523.14, 4
2026/10/03 02:10:51.932, 22661, 98, 2985, 523.14, 4
2026/10/03 02:10:51.982, 22661, 98, 2985, 523.14, 4
2026/10/03 02:10:52.032, 22661, 98, 2985, 523.14, 4
2026/10/03 02:10:52.082, 22661, 98, 2985, 523.14, 4
2026/10/03 02:10:52.133, 22661, 76, 2992, 99.66, 4
2026/10/03 02:10:52.183, 22661, 76, 2992, 99.66, 4
2026/10/03 02:10:52.233, 22661, 76, 2992, 99.66, 4
2026/10/03 02:10:52.283, 22661, 76, 2992, 99.66, 4
2026/10/03 02:10:52.333, 22661, 76, 2992, 99.66, 4
2026/10/03 02:10:52.384, 22661, 76, 2992, 99.66, 4
2026/10/03 02:10:52.434, 22661, 76, 2992, 99.66, 4
2026/10/03 02:10:52.484, 22661, 76, 2992, 99.66, 4
2026/10/03 02:10:52.534, 22661, 76, 2992, 99.66, 4
2026/10/03 02:10:52.585, 22661, 76, 2992, 99.66, 4
2026/10/03 02:10:52.635, 22661, 76, 3030, 94.17, 4
2026/10/03 02:10:52.685, 22661, 76, 3030, 94.17, 4
2026/10/03 02:10:52.735, 22661, 76, 3030, 94.17, 4
2026/10/03 02:10:52.785, 22661, 76, 3030, 94.17, 4
2026/10/03 02:10:52.836, 22661, 76, 3030, 94.17, 4
2026/10/03 02:10:52.886, 22661, 76, 3030, 94.17, 4
2026/10/03 02:10:52.936, 22661, 76, 3030, 94.17, 4
2026/10/03 02:10:52.986, 22661, 76, 3030, 94.17, 4
2026/10/03 02:10:53.036, 22661, 76, 3030, 94.17, 4
2026/10/03 02:10:53.087, 22661, 76, 3030, 94.17, 4
2026/10/03 02:10:53.137, 22661, 0, 3030, 95.50, 4
2026/10/03 02:10:53.187, 22661, 0, 3030, 95.50, 4
2026/10/03 02:10:53.237, 22661, 0, 3030, 95.50, 4
2026/10/03 02:10:53.288, 22661, 0, 3030, 95.50, 4
2026/10/03 02:10:53.338, 22661, 0, 3030, 95.50, 4
2026/10/03 02:10:53.388, 22661, 0, 3030, 95.50, 4
2026/10/03 02:10:53.438, 22661, 0, 3030, 95.50, 4
2026/10/03 02:10:53.488, 22661, 0, 3030, 95.50, 4
2026/10/03 02:10:53.539, 22661, 0, 3030, 95.50, 4
2026/10/03 02:10:53.589, 22661, 0, 3030, 95.50, 4
2026/10/03 02:10:53.639, 22661, 0, 3030, 92.50, 4
2026/10/03 02:10:53.689, 22661, 0, 3030, 92.50, 4
2026/10/03 02:10:53.740, 22661, 0, 3030, 92.50, 4
2026/10/03 02:10:53.790, 22661, 0, 3030, 92.50, 4
2026/10/03 02:10:53.840, 22661, 0, 3030, 92.50, 4
2026/10/03 02:10:53.891, 22661, 0, 3030, 92.50, 4
2026/10/03 02:10:53.941, 22661, 0, 3030, 92.50, 4
2026/10/03 02:10:53.991, 22661, 0, 3030, 92.50, 4
2026/10/03 02:10:54.041, 22661, 0, 3030, 92.50, 4
2026/10/03 02:10:54.091, 22661, 0, 3030, 92.50, 4
2026/10/03 02:10:54.142, 22661, 0, 2782, 70.86, 4
2026/10/03 02:10:54.192, 22661, 0, 2782, 70.86, 4
2026/10/03 02:10:54.242, 22661, 0, 2782, 70.86, 4
2026/10/03 02:10:54.293, 22661, 0, 2782, 70.86, 4
2026/10/03 02:10:54.343, 22661, 0, 2782, 70.86, 4
2026/10/03 02:10:54.393, 22661, 0, 2782, 70.86, 4
2026/10/03 02:10:54.443, 22661, 0, 2782, 70.86, 4
2026/10/03 02:10:54.493, 22659, 0, 2782, 70.86, 4
2026/10/03 02:10:54.544, 22656, 0, 2782, 70.86, 4
2026/10/03 02:10:54.594, 22656, 0, 2782, 70.86, 4
2026/10/03 02:10:54.644, 22656, 0, 2647, 71.86, 4
2026/10/03 02:10:54.694, 0, 0, 2647, 71.86, 4
