2026/10/03 01:55:32.682, 0, 0, 735, 43.22, 4
2026/10/03 01:55:32.737, 0, 0, 735, 43.22, 4
2026/10/03 01:55:32.787, 0, 0, 735, 43.22, 4
2026/10/03 01:55:32.837, 0, 0, 735, 43.22, 4
2026/10/03 01:55:32.887, 0, 0, 735, 43.22, 4
2026/10/03 01:55:32.938, 0, 0, 735, 43.22, 4
2026/10/03 01:55:32.989, 0, 0, 735, 43.22, 4
2026/10/03 01:55:33.039, 0, 0, 735, 43.22, 4
2026/10/03 01:55:33.089, 0, 0, 735, 43.22, 4
2026/10/03 01:55:33.142, 0, 0, 735, 43.22, 4
2026/10/03 01:55:33.242, 0, 0, 735, 43.22, 4
2026/10/03 01:55:33.293, 0, 0, 735, 43.22, 4
2026/10/03 01:55:33.343, 0, 0, 735, 43.22, 4
2026/10/03 01:55:33.393, 0, 0, 735, 43.22, 4
2026/10/03 01:55:33.443, 0, 0, 735, 43.22, 4
2026/10/03 01:55:33.493, 0, 0, 735, 43.22, 4
2026/10/03 01:55:33.543, 0, 0, 735, 43.22, 4
2026/10/03 01:55:33.594, 0, 0, 465, 36.07, 4
2026/10/03 01:55:33.644, 0, 0, 465, 36.07, 4
2026/10/03 01:55:33.694, 0, 0, 465, 36.07, 4
2026/10/03 01:55:33.744, 0, 0, 465, 36.07, 4
2026/10/03 01:55:33.794, 0, 0, 465, 36.07, 4
2026/10/03 01:55:33.845, 0, 0, 465, 36.07, 4
2026/10/03 01:55:33.895, 0, 0, 465, 36.07, 4
2026/10/03 01:55:33.945, 0, 0, 465, 36.07, 4
2026/10/03 01:55:33.995, 1, 0, 465, 36.07, 4
2026/10/03 01:55:34.054, 1, 0, 465, 36.07, 4
2026/10/03 01:55:34.105, 3, 0, 465, 36.07, 4
2026/10/03 01:55:34.155, 3, 0, 465, 36.07, 4
2026/10/03 01:55:34.205, 3, 0, 465, 36.07, 4
2026/10/03 01:55:34.255, 3, 0, 465, 36.07, 4
2026/10/03 01:55:34.305, 3, 0, 465, 36.07, 4
2026/10/03 01:55:34.356, 3, 0, 465, 36.07, 4
2026/10/03 01:55:34.406, 3, 0, 465, 36.07, 4
2026/10/03 01:55:34.456, 3, 0, 465, 36.07, 4
2026/10/03 01:55:34.506, 3, 0, 465, 36.07, 4
2026/10/03 01:55:34.556, 3, 0, 300, 36.97, 4
2026/10/03 01:55:34.607, 3, 0, 300, 36.97, 4
2026/10/03 01:55:34.657, 3, 0, 300, 36.97, 4
2026/10/03 01:55:34.707, 3, 0, 300, 36.97, 4
2026/10/03 01:55:34.757, 3, 0, 300, 36.97, 4
2026/10/03 01:55:34.807, 3, 0, 300, 36.97, 4
2026/10/03 01:55:34.858, 3, 0, 300, 36.97, 4
2026/10/03 01:55:34.908, 3, 0, 300, 36.97, 4
2026/10/03 01:55:34.958, 3, 0, 300, 36.97, 4
2026/10/03 01:55:35.008, 3, 0, 300, 36.97, 4
2026/10/03 01:55:35.058, 3, 0, 300, 34.79, 4
2026/10/03 01:55:35.109, 3, 0, 300, 34.79, 4
2026/10/03 01:55:35.159, 3, 0, 300, 34.79, 4
2026/10/03 01:55:35.209, 3, 0, 300, 34.79, 4
2026/10/03 01:55:35.259, 3, 0, 300, 34.79, 4
2026/10/03 01:55:35.309, 3, 0, 300, 34.79, 4
2026/10/03 01:55:35.360, 3, 0, 300, 34.79, 4
2026/10/03 01:55:35.410, 3, 0, 300, 34.79, 4
2026/10/03 01:55:35.460, 3, 0, 300, 34.79, 4
2026/10/03 01:55:35.510, 3, 0, 300, 34.79, 4
2026/10/03 01:55:35.560, 3, 0, 300, 34.79, 2
2026/10/03 01:55:35.610, 3, 0, 300, 34.79, 2
2026/10/03 01:55:35.661, 3, 0, 300, 34.79, 2
2026/10/03 01:55:35.711, 3, 0, 300, 34.79, 2
2026/10/03 01:55:35.761, 3, 0, 300, 34.79, 2
2026/10/03 01:55:35.811, 3, 0, 300, 34.79, 2
2026/10/03 01:55:35.862, 3, 0, 300, 34.79, 2
2026/10/03 01:55:35.942, 3, 0, 300, 34.79, 2
2026/10/03 01:55:36.042, 3, 0, 300, 34.79, 2
2026/10/03 01:55:36.093, 3, 0, 300, 27.94, 2
2026/10/03 01:55:36.143, 3, 0, 300, 27.94, 2
2026/10/03 01:55:36.193, 3, 0, 300, 27.94, 2
2026/10/03 01:55:36.243, 3, 0, 300, 27.94, 2
2026/10/03 01:55:36.293, 3, 0, 300, 27.94, 2
2026/10/03 01:55:36.343, 3, 0, 300, 27.94, 2
2026/10/03 01:55:36.394, 3, 0, 300, 27.94, 2
2026/10/03 01:55:36.444, 3, 0, 300, 27.94, 2
2026/10/03 01:55:36.494, 3, 0, 300, 27.94, 2
2026/10/03 01:55:36.544, 3, 0, 300, 27.94, 2
2026/10/03 01:55:36.594, 3, 0, 300, 27.94, 2
2026/10/03 01:55:36.644, 3, 0, 300, 27.94, 2
2026/10/03 01:55:36.695, 3, 0, 300, 27.94, 2
2026/10/03 01:55:36.745, 3, 0, 300, 27.94, 2
2026/10/03 01:55:36.795, 3, 0, 300, 27.94, 2
2026/10/03 01:55:36.846, 3, 0, 300, 27.94, 2
2026/10/03 01:55:36.896, 3, 0, 300, 27.94, 2
2026/10/03 01:55:36.946, 3, 0, 300, 27.94, 2
2026/10/03 01:55:36.996, 3, 0, 300, 27.94, 2
2026/10/03 01:55:37.046, 3, 0, 300, 27.94, 2
2026/10/03 01:55:37.096, 3, 0, 300, 25.16, 1
2026/10/03 01:55:37.147, 3, 0, 300, 25.16, 1
2026/10/03 01:55:37.197, 3, 0, 300, 25.16, 1
2026/10/03 01:55:37.247, 3, 0, 300, 25.16, 1
2026/10/03 01:55:37.297, 3, 0, 300, 25.16, 1
2026/10/03 01:55:37.347, 3, 0, 300, 25.16, 1
2026/10/03 01:55:37.397, 3, 0, 300, 25.16, 1
2026/10/03 01:55:37.448, 3, 0, 300, 25.16, 1
2026/10/03 01:55:37.498, 3, 0, 300, 25.16, 1
2026/10/03 01:55:37.548, 3, 0, 300, 25.16, 1
2026/10/03 01:55:37.598, 3, 0, 300, 25.16, 1
2026/10/03 01:55:37.649, 3, 0, 300, 25.16, 1
2026/10/03 01:55:37.699, 3, 0, 300, 25.16, 1
2026/10/03 01:55:37.749, 3, 0, 300, 25.16, 1
2026/10/03 01:55:37.799, 3, 0, 300, 25.16, 1
2026/10/03 01:55:37.849, 3, 0, 300, 25.16, 1
2026/10/03 01:55:37.899, 3, 0, 300, 25.16, 1
2026/10/03 01:55:37.950, 3, 0, 300, 25.16, 1
2026/10/03 01:55:38.000, 3, 0, 300, 25.16, 1
2026/10/03 01:55:38.050, 3, 0, 300, 24.20, 1
2026/10/03 01:55:38.100, 3, 0, 300, 24.20, 1
2026/10/03 01:55:38.151, 3, 0, 300, 24.20, 1
2026/10/03 01:55:38.201, 3, 0, 300, 24.20, 1
2026/10/03 01:55:38.251, 3, 0, 300, 24.20, 1
2026/10/03 01:55:38.301, 3, 0, 300, 24.20, 1
2026/10/03 01:55:38.351, 3, 0, 300, 24.20, 1
2026/10/03 01:55:38.401, 3, 0, 300, 24.20, 1
2026/10/03 01:55:38.452, 3, 0, 300, 24.20, 1
2026/10/03 01:55:38.502, 3, 0, 300, 24.20, 1
2026/10/03 01:55:38.552, 3, 0, 300, 24.20, 1
2026/10/03 01:55:38.602, 3, 0, 300, 24.20, 1
2026/10/03 01:55:38.652, 3, 0, 300, 24.20, 1
2026/10/03 01:55:38.703, 3, 0, 300, 24.20, 1
2026/10/03 01:55:38.753, 3, 0, 300, 24.20, 1
2026/10/03 01:55:38.803, 3, 0, 300, 24.20, 1
2026/10/03 01:55:38.853, 3, 0, 300, 24.20, 1
2026/10/03 01:55:38.903, 3, 0, 300, 24.20, 1
2026/10/03 01:55:38.953, 3, 0, 300, 24.20, 1
2026/10/03 01:55:39.003, 3, 0, 300, 24.20, 1
2026/10/03 01:55:39.054, 3, 0, 300, 25.34, 1
2026/10/03 01:55:39.104, 3, 0, 300, 25.34, 1
2026/10/03 01:55:39.154, 3, 0, 300, 25.34, 1
2026/10/03 01:55:39.204, 3, 0, 300, 25.34, 1
2026/10/03 01:55:39.254, 20, 0, 300, 25.34, 1
2026/10/03 01:55:39.321, 21, 0, 300, 25.34, 1
2026/10/03 01:55:39.373, 507, 0, 300, 25.34, 1
2026/10/03 01:55:39.423, 507, 0, 300, 25.34, 1
2026/10/03 01:55:39.473, 507, 0, 300, 25.34, 1
2026/10/03 01:55:39.523, 507, 0, 300, 25.34, 1
2026/10/03 01:55:39.573, 507, 0, 1537, 69.69, 4
2026/10/03 01:55:39.623, 507, 0, 1537, 69.69, 4
2026/10/03 01:55:39.674, 507, 0, 1537, 69.69, 4
2026/10/03 01:55:39.724, 507, 0, 1537, 69.69, 4
2026/10/03 01:55:39.774, 507, 0, 1537, 69.69, 4
2026/10/03 01:55:39.824, 507, 0, 1537, 69.69, 4
2026/10/03 01:55:39.874, 507, 0, 1537, 69.69, 4
2026/10/03 01:55:39.924, 507, 0, 1537, 69.69, 4
2026/10/03 01:55:39.974, 507, 0, 1537, 69.69, 4
2026/10/03 01:55:40.032, 509, 0, 1537, 69.69, 4
2026/10/03 01:55:40.082, 1109, 2, 2647, 68.79, 4
2026/10/03 01:55:40.132, 1109, 2, 2647, 68.79, 4
2026/10/03 01:55:40.182, 1109, 2, 2647, 68.79, 4
2026/10/03 01:55:40.232, 1109, 2, 2647, 68.79, 4
2026/10/03 01:55:40.282, 1709, 2, 2647, 68.79, 4
2026/10/03 01:55:40.332, 1791, 2, 2647, 68.79, 4
2026/10/03 01:55:40.383, 2015, 2, 2647, 68.79, 4
2026/10/03 01:55:40.433, 2237, 2, 2647, 68.79, 4
2026/10/03 01:55:40.483, 2481, 2, 2647, 68.79, 4
2026/10/03 01:55:40.533, 2705, 2, 2647, 68.79, 4
2026/10/03 01:55:40.583, 2967, 2, 2670, 76.66, 4
2026/10/03 01:55:40.633, 3211, 2, 2670, 76.66, 4
2026/10/03 01:55:40.683, 3435, 2, 2670, 76.66, 4
2026/10/03 01:55:40.734, 3455, 2, 2670, 76.66, 4
2026/10/03 01:55:40.784, 3455, 2, 2670, 76.66, 4
2026/10/03 01:55:40.834, 3455, 2, 2670, 76.66, 4
2026/10/03 01:55:40.884, 3455, 2, 2670, 76.66, 4
2026/10/03 01:55:40.935, 3455, 2, 2670, 76.66, 4
2026/10/03 01:55:40.985, 3455, 2, 2670, 76.66, 4
2026/10/03 01:55:41.035, 3455, 2, 2670, 76.66, 4
2026/10/03 01:55:41.085, 3455, 0, 2685, 67.95, 4
2026/10/03 01:55:41.135, 3455, 0, 2685, 67.95, 4
2026/10/03 01:55:41.185, 3455, 0, 2685, 67.95, 4
2026/10/03 01:55:41.235, 3455, 0, 2685, 67.95, 4
2026/10/03 01:55:41.286, 3455, 0, 2685, 67.95, 4
2026/10/03 01:55:41.336, 3655, 0, 2685, 67.95, 4
2026/10/03 01:55:41.386, 3655, 0, 2685, 67.95, 4
2026/10/03 01:55:41.436, 3655, 0, 2685, 67.95, 4
2026/10/03 01:55:41.486, 3675, 0, 2685, 67.95, 4
2026/10/03 01:55:41.537, 3675, 0, 2685, 67.95, 4
2026/10/03 01:55:41.587, 3675, 0, 2647, 67.54, 4
2026/10/03 01:55:41.637, 3775, 0, 2647, 67.54, 4
2026/10/03 01:55:41.687, 3775, 0, 2647, 67.54, 4
2026/10/03 01:55:41.737, 3857, 0, 2647, 67.54, 4
2026/10/03 01:55:41.787, 3857, 0, 2647, 67.54, 4
2026/10/03 01:55:41.838, 3857, 0, 2647, 67.54, 4
2026/10/03 01:55:41.888, 3857, 0, 2647, 67.54, 4
2026/10/03 01:55:41.938, 3857, 0, 2647, 67.54, 4
2026/10/03 01:55:41.988, 3857, 0, 2647, 67.54, 4
2026/10/03 01:55:42.038, 4057, 0, 2647, 67.54, 4
2026/10/03 01:55:42.089, 4057, 0, 2670, 69.12, 4
2026/10/03 01:55:42.139, 4057, 0, 2670, 69.12, 4
2026/10/03 01:55:42.189, 4057, 0, 2670, 69.12, 4
2026/10/03 01:55:42.239, 4077, 0, 2670, 69.12, 4
2026/10/03 01:55:42.289, 4077, 0, 2670, 69.12, 4
2026/10/03 01:55:42.340, 4177, 0, 2670, 69.12, 4
2026/10/03 01:55:42.390, 4177, 0, 2670, 69.12, 4
2026/10/03 01:55:42.440, 4197, 0, 2670, 69.12, 4
2026/10/03 01:55:42.490, 4197, 0, 2670, 69.12, 4
2026/10/03 01:55:42.540, 4197, 0, 2670, 69.12, 4
2026/10/03 01:55:42.591, 4377, 0, 2647, 68.97, 4
2026/10/03 01:55:42.641, 4377, 0, 2647, 68.97, 4
2026/10/03 01:55:42.691, 4377, 0, 2647, 68.97, 4
2026/10/03 01:55:42.741, 4397, 0, 2647, 68.97, 4
2026/10/03 01:55:42.792, 4397, 0, 2647, 68.97, 4
2026/10/03 01:55:42.842, 4397, 0, 2647, 68.97, 4
2026/10/03 01:55:42.892, 4497, 0, 2647, 68.97, 4
2026/10/03 01:55:42.942, 4517, 0, 2647, 68.97, 4
2026/10/03 01:55:42.992, 4517, 0, 2647, 68.97, 4
2026/10/03 01:55:43.043, 4517, 0, 2647, 68.97, 4
2026/10/03 01:55:43.093, 4517, 1, 2647, 68.32, 4
2026/10/03 01:55:43.143, 4697, 1, 2647, 68.32, 4
2026/10/03 01:55:43.193, 4697, 1, 2647, 68.32, 4
2026/10/03 01:55:43.244, 4697, 1, 2647, 68.32, 4
2026/10/03 01:55:43.294, 4737, 1, 2647, 68.32, 4
2026/10/03 01:55:43.344, 4737, 1, 2647, 68.32, 4
2026/10/03 01:55:43.394, 4817, 1, 2647, 68.32, 4
2026/10/03 01:55:43.444, 4817, 1, 2647, 68.32, 4
2026/10/03 01:55:43.498, 4837, 1, 2647, 68.32, 4
2026/10/03 01:55:43.549, 4837, 1, 2647, 68.32, 4
2026/10/03 01:55:43.599, 4837, 1, 2647, 69.78, 4
2026/10/03 01:55:43.649, 4837, 1, 2647, 69.78, 4
2026/10/03 01:55:43.699, 4837, 1, 2647, 69.78, 4
2026/10/03 01:55:43.750, 5037, 1, 2647, 69.78, 4
2026/10/03 01:55:43.802, 5037, 1, 2647, 69.78, 4
2026/10/03 01:55:43.852, 5057, 1, 2647, 69.78, 4
2026/10/03 01:55:43.903, 5057, 1, 2647, 69.78, 4
2026/10/03 01:55:43.953, 5057, 1, 2647, 69.78, 4
2026/10/03 01:55:44.003, 5157, 1, 2647, 69.78, 4
2026/10/03 01:55:44.053, 5157, 6, 2647, 67.79, 4
2026/10/03 01:55:44.103, 5157, 6, 2647, 67.79, 4
2026/10/03 01:55:44.153, 5157, 6, 2647, 67.79, 4
2026/10/03 01:55:44.204, 5157, 6, 2647, 67.79, 4
2026/10/03 01:55:44.254, 5357, 6, 2647, 67.79, 4
2026/10/03 01:55:44.304, 5357, 6, 2647, 67.79, 4
2026/10/03 01:55:44.354, 5357, 6, 2647, 67.79, 4
2026/10/03 01:55:44.405, 5377, 6, 2647, 67.79, 4
2026/10/03 01:55:44.455, 5377, 6, 2647, 67.79, 4
2026/10/03 01:55:44.505, 5477, 6, 2647, 67.79, 4
2026/10/03 01:55:44.556, 5477, 6, 2647, 68.39, 4
2026/10/03 01:55:44.606, 5477, 6, 2647, 68.39, 4
2026/10/03 01:55:44.656, 5477, 6, 2647, 68.39, 4
2026/10/03 01:55:44.706, 5477, 6, 2647, 68.39, 4
2026/10/03 01:55:44.756, 5677, 6, 2647, 68.39, 4
2026/10/03 01:55:44.807, 5677, 6, 2647, 68.39, 4
2026/10/03 01:55:44.857, 5677, 6, 2647, 68.39, 4
2026/10/03 01:55:44.907, 5697, 6, 2647, 68.39, 4
2026/10/03 01:55:44.957, 5697, 6, 2647, 68.39, 4
2026/10/03 01:55:45.008, 5797, 6, 2647, 68.39, 4
2026/10/03 01:55:45.058, 5797, 5, 2647, 67.43, 4
2026/10/03 01:55:45.108, 5817, 5, 2647, 67.43, 4
2026/10/03 01:55:45.158, 5817, 5, 2647, 67.43, 4
2026/10/03 01:55:45.208, 5817, 5, 2647, 67.43, 4
2026/10/03 01:55:45.259, 5817, 5, 2647, 67.43, 4
2026/10/03 01:55:45.309, 5997, 5, 2647, 67.43, 4
2026/10/03 01:55:45.359, 5997, 5, 2647, 67.43, 4
2026/10/03 01:55:45.410, 6017, 5, 2647, 67.43, 4
2026/10/03 01:55:45.460, 6017, 5, 2647, 67.43, 4
2026/10/03 01:55:45.510, 6017, 5, 2647, 67.43, 4
2026/10/03 01:55:45.560, 6117, 5, 2647, 67.70, 4
2026/10/03 01:55:45.610, 6137, 5, 2647, 67.70, 4
2026/10/03 01:55:45.660, 6137, 5, 2647, 67.70, 4
2026/10/03 01:55:45.711, 6137, 5, 2647, 67.70, 4
2026/10/03 01:55:45.761, 6137, 5, 2647, 67.70, 4
2026/10/03 01:55:45.811, 6317, 5, 2647, 67.70, 4
2026/10/03 01:55:45.861, 6317, 5, 2647, 67.70, 4
2026/10/03 01:55:45.911, 6357, 5, 2647, 67.70, 4
2026/10/03 01:55:45.961, 6357, 5, 2647, 67.70, 4
2026/10/03 01:55:46.012, 6357, 5, 2647, 67.70, 4
2026/10/03 01:55:46.062, 6437, 1, 2647, 69.94, 4
2026/10/03 01:55:46.113, 6437, 1, 2647, 69.94, 4
2026/10/03 01:55:46.163, 6457, 1, 2647, 69.94, 4
2026/10/03 01:55:46.213, 6457, 1, 2647, 69.94, 4
2026/10/03 01:55:46.264, 6457, 1, 2647, 69.94, 4
2026/10/03 01:55:46.314, 6457, 1, 2647, 69.94, 4
2026/10/03 01:55:46.364, 6657, 1, 2647, 69.94, 4
2026/10/03 01:55:46.415, 6657, 1, 2647, 69.94, 4
2026/10/03 01:55:46.465, 6657, 1, 2647, 69.94, 4
2026/10/03 01:55:46.515, 6677, 1, 2647, 69.94, 4
2026/10/03 01:55:46.565, 6677, 1, 2655, 67.46, 4
2026/10/03 01:55:46.616, 6677, 1, 2655, 67.46, 4
2026/10/03 01:55:46.666, 6677, 1, 2655, 67.46, 4
2026/10/03 01:55:46.716, 6777, 1, 2655, 67.46, 4
2026/10/03 01:55:46.766, 6777, 1, 2655, 67.46, 4
2026/10/03 01:55:46.817, 6777, 1, 2655, 67.46, 4
2026/10/03 01:55:46.867, 6777, 1, 2655, 67.46, 4
2026/10/03 01:55:46.917, 6777, 1, 2655, 67.46, 4
2026/10/03 01:55:46.967, 6777, 1, 2655, 67.46, 4
2026/10/03 01:55:47.018, 6977, 1, 2655, 67.46, 4
2026/10/03 01:55:47.068, 6977, 0, 2655, 69.20, 4
2026/10/03 01:55:47.118, 6977, 0, 2655, 69.20, 4
2026/10/03 01:55:47.168, 6997, 0, 2655, 69.20, 4
2026/10/03 01:55:47.218, 6997, 0, 2655, 69.20, 4
2026/10/03 01:55:47.269, 7097, 0, 2655, 69.20, 4
2026/10/03 01:55:47.319, 7097, 0, 2655, 69.20, 4
2026/10/03 01:55:47.369, 7097, 0, 2655, 69.20, 4
2026/10/03 01:55:47.419, 7097, 0, 2655, 69.20, 4
2026/10/03 01:55:47.470, 7097, 0, 2655, 69.20, 4
2026/10/03 01:55:47.520, 7097, 0, 2655, 69.20, 4
2026/10/03 01:55:47.570, 7297, 0, 2655, 68.75, 4
2026/10/03 01:55:47.620, 7297, 0, 2655, 68.75, 4
2026/10/03 01:55:47.670, 7317, 0, 2655, 68.75, 4
2026/10/03 01:55:47.721, 7317, 0, 2655, 68.75, 4
2026/10/03 01:55:47.771, 7317, 0, 2655, 68.75, 4
2026/10/03 01:55:47.821, 7317, 0, 2655, 68.75, 4
2026/10/03 01:55:47.871, 7317, 0, 2655, 68.75, 4
2026/10/03 01:55:47.921, 7317, 0, 2655, 68.75, 4
2026/10/03 01:55:47.972, 7417, 0, 2655, 68.75, 4
2026/10/03 01:55:48.022, 7417, 0, 2655, 68.75, 4
2026/10/03 01:55:48.072, 7437, 6, 2647, 67.29, 4
2026/10/03 01:55:48.123, 7437, 6, 2647, 67.29, 4
2026/10/03 01:55:48.173, 7437, 6, 2647, 67.29, 4
2026/10/03 01:55:48.223, 7437, 6, 2647, 67.29, 4
2026/10/03 01:55:48.273, 7617, 6, 2647, 67.29, 4
2026/10/03 01:55:48.324, 7617, 6, 2647, 67.29, 4
2026/10/03 01:55:48.374, 7637, 6, 2647, 67.29, 4
2026/10/03 01:55:48.424, 7637, 6, 2647, 67.29, 4
2026/10/03 01:55:48.475, 7637, 6, 2647, 67.29, 4
2026/10/03 01:55:48.525, 7737, 6, 2647, 67.29, 4
2026/10/03 01:55:48.575, 7737, 6, 2647, 68.71, 4
2026/10/03 01:55:48.625, 7737, 6, 2647, 68.71, 4
2026/10/03 01:55:48.676, 7757, 6, 2647, 68.71, 4
2026/10/03 01:55:48.726, 7757, 6, 2647, 68.71, 4
2026/10/03 01:55:48.776, 7757, 6, 2647, 68.71, 4
2026/10/03 01:55:48.826, 7937, 6, 2647, 68.71, 4
2026/10/03 01:55:48.876, 7937, 6, 2647, 68.71, 4
2026/10/03 01:55:48.927, 7937, 6, 2647, 68.71, 4
2026/10/03 01:55:48.977, 7977, 6, 2647, 68.71, 4
2026/10/03 01:55:49.027, 7977, 6, 2647, 68.71, 4
2026/10/03 01:55:49.077, 8057, 1, 2655, 67.08, 4
2026/10/03 01:55:49.128, 8057, 1, 2655, 67.08, 4
2026/10/03 01:55:49.178, 8077, 1, 2655, 67.08, 4
2026/10/03 01:55:49.228, 8077, 1, 2655, 67.08, 4
2026/10/03 01:55:49.278, 8077, 1, 2655, 67.08, 4
2026/10/03 01:55:49.328, 8077, 1, 2655, 67.08, 4
2026/10/03 01:55:49.379, 8277, 1, 2655, 67.08, 4
2026/10/03 01:55:49.429, 8277, 1, 2655, 67.08, 4
2026/10/03 01:55:49.479, 8297, 1, 2655, 67.08, 4
2026/10/03 01:55:49.529, 8297, 1, 2655, 67.08, 4
2026/10/03 01:55:49.579, 8397, 1, 2655, 68.33, 4
2026/10/03 01:55:49.630, 8397, 1, 2655, 68.33, 4
2026/10/03 01:55:49.680, 8397, 1, 2655, 68.33, 4
2026/10/03 01:55:49.730, 8397, 1, 2655, 68.33, 4
2026/10/03 01:55:49.780, 8397, 1, 2655, 68.33, 4
2026/10/03 01:55:49.830, 8397, 1, 2655, 68.33, 4
2026/10/03 01:55:49.881, 8597, 1, 2655, 68.33, 4
2026/10/03 01:55:49.931, 8597, 1, 2655, 68.33, 4
2026/10/03 01:55:49.981, 8617, 1, 2655, 68.33, 4
2026/10/03 01:55:50.031, 8617, 1, 2655, 68.33, 4
2026/10/03 01:55:50.081, 8617, 1, 2655, 69.88, 4
2026/10/03 01:55:50.132, 8717, 1, 2655, 69.88, 4
2026/10/03 01:55:50.182, 8717, 1, 2655, 69.88, 4
2026/10/03 01:55:50.233, 8717, 1, 2655, 69.88, 4
2026/10/03 01:55:50.283, 8717, 1, 2655, 69.88, 4
2026/10/03 01:55:50.333, 8717, 1, 2655, 69.88, 4
2026/10/03 01:55:50.384, 8917, 1, 2655, 69.88, 4
2026/10/03 01:55:50.434, 8917, 1, 2655, 69.88, 4
2026/10/03 01:55:50.484, 8917, 1, 2655, 69.88, 4
2026/10/03 01:55:50.534, 8937, 1, 2655, 69.88, 4
2026/10/03 01:55:50.585, 8937, 1, 2655, 67.55, 4
2026/10/03 01:55:50.635, 9037, 1, 2655, 67.55, 4
2026/10/03 01:55:50.685, 9037, 1, 2655, 67.55, 4
2026/10/03 01:55:50.735, 9057, 1, 2655, 67.55, 4
2026/10/03 01:55:50.786, 9057, 1, 2655, 67.55, 4
2026/10/03 01:55:50.836, 9057, 1, 2655, 67.55, 4
2026/10/03 01:55:50.886, 9057, 1, 2655, 67.55, 4
2026/10/03 01:55:50.936, 9237, 1, 2655, 67.55, 4
2026/10/03 01:55:50.986, 9237, 1, 2655, 67.55, 4
2026/10/03 01:55:51.037, 9257, 1, 2655, 67.55, 4
2026/10/03 01:55:51.087, 9257, 8, 2655, 69.84, 4
2026/10/03 01:55:51.137, 9257, 8, 2655, 69.84, 4
2026/10/03 01:55:51.187, 9357, 8, 2655, 69.84, 4
2026/10/03 01:55:51.237, 9357, 8, 2655, 69.84, 4
2026/10/03 01:55:51.288, 9377, 8, 2655, 69.84, 4
2026/10/03 01:55:51.338, 9377, 8, 2655, 69.84, 4
2026/10/03 01:55:51.388, 9377, 8, 2655, 69.84, 4
2026/10/03 01:55:51.438, 9557, 8, 2655, 69.84, 4
2026/10/03 01:55:51.489, 9557, 8, 2655, 69.84, 4
2026/10/03 01:55:51.539, 9557, 8, 2655, 69.84, 4
2026/10/03 01:55:51.589, 9597, 8, 2655, 68.71, 4
2026/10/03 01:55:51.639, 9597, 8, 2655, 68.71, 4
2026/10/03 01:55:51.689, 9597, 8, 2655, 68.71, 4
2026/10/03 01:55:51.740, 9677, 8, 2655, 68.71, 4
2026/10/03 01:55:51.790, 9697, 8, 2655, 68.71, 4
2026/10/03 01:55:51.840, 9697, 8, 2655, 68.71, 4
2026/10/03 01:55:51.891, 9697, 8, 2655, 68.71, 4
2026/10/03 01:55:51.941, 9697, 8, 2655, 68.71, 4
2026/10/03 01:55:51.991, 9897, 8, 2655, 68.71, 4
2026/10/03 01:55:52.042, 9897, 8, 2655, 68.71, 4
2026/10/03 01:55:52.092, 9897, 9, 2655, 67.80, 4
2026/10/03 01:55:52.142, 9917, 9, 2655, 67.80, 4
2026/10/03 01:55:52.192, 9917, 9, 2655, 67.80, 4
2026/10/03 01:55:52.242, 10017, 9, 2655, 67.80, 4
2026/10/03 01:55:52.293, 10017, 9, 2655, 67.80, 4
2026/10/03 01:55:52.343, 10017, 9, 2655, 67.80, 4
2026/10/03 01:55:52.393, 10017, 9, 2655, 67.80, 4
2026/10/03 01:55:52.443, 10017, 9, 2655, 67.80, 4
2026/10/03 01:55:52.493, 10217, 9, 2655, 67.80, 4
2026/10/03 01:55:52.544, 10217, 9, 2655, 67.80, 4
2026/10/03 01:55:52.594, 10217, 9, 2655, 68.24, 4
2026/10/03 01:55:52.644, 10237, 9, 2655, 68.24, 4
2026/10/03 01:55:52.694, 10237, 9, 2655, 68.24, 4
2026/10/03 01:55:52.745, 10337, 9, 2655, 68.24, 4
2026/10/03 01:55:52.795, 10337, 9, 2655, 68.24, 4
2026/10/03 01:55:52.845, 10337, 9, 2655, 68.24, 4
2026/10/03 01:55:52.895, 10337, 9, 2655, 68.24, 4
2026/10/03 01:55:52.946, 10337, 9, 2655, 68.24, 4
2026/10/03 01:55:52.996, 10337, 9, 2655, 68.24, 4
2026/10/03 01:55:53.046, 10537, 9, 2655, 68.24, 4
2026/10/03 01:55:53.097, 10537, 0, 2655, 67.58, 4
2026/10/03 01:55:53.147, 10537, 0, 2655, 67.58, 4
2026/10/03 01:55:53.197, 10557, 0, 2655, 67.58, 4
2026/10/03 01:55:53.247, 10557, 0, 2655, 67.58, 4
2026/10/03 01:55:53.298, 10657, 0, 2655, 67.58, 4
2026/10/03 01:55:53.348, 10657, 0, 2655, 67.58, 4
2026/10/03 01:55:53.399, 10677, 0, 2655, 67.58, 4
2026/10/03 01:55:53.449, 10677, 0, 2655, 67.58, 4
2026/10/03 01:55:53.499, 10677, 0, 2655, 67.58, 4
2026/10/03 01:55:53.550, 10677, 0, 2647, 69.21, 4
2026/10/03 01:55:53.600, 10857, 0, 2647, 69.21, 4
2026/10/03 01:55:53.650, 10857, 0, 2647, 69.21, 4
2026/10/03 01:55:53.700, 10877, 0, 2647, 69.21, 4
2026/10/03 01:55:53.751, 10877, 0, 2647, 69.21, 4
2026/10/03 01:55:53.801, 10877, 0, 2647, 69.21, 4
2026/10/03 01:55:53.851, 10977, 0, 2647, 69.21, 4
2026/10/03 01:55:53.901, 10977, 0, 2647, 69.21, 4
2026/10/03 01:55:53.951, 10997, 0, 2647, 69.21, 4
2026/10/03 01:55:54.002, 10997, 0, 2647, 69.21, 4
2026/10/03 01:55:54.052, 10997, 1, 2647, 68.75, 4
2026/10/03 01:55:54.102, 11177, 1, 2647, 68.75, 4
2026/10/03 01:55:54.152, 11177, 1, 2647, 68.75, 4
2026/10/03 01:55:54.203, 11177, 1, 2647, 68.75, 4
2026/10/03 01:55:54.253, 11217, 1, 2647, 68.75, 4
2026/10/03 01:55:54.303, 11217, 1, 2647, 68.75, 4
2026/10/03 01:55:54.353, 11297, 1, 2647, 68.75, 4
2026/10/03 01:55:54.403, 11297, 1, 2647, 68.75, 4
2026/10/03 01:55:54.454, 11317, 1, 2647, 68.75, 4
2026/10/03 01:55:54.504, 11317, 1, 2647, 68.75, 4
2026/10/03 01:55:54.554, 11317, 1, 2647, 68.93, 4
2026/10/03 01:55:54.604, 11317, 1, 2647, 68.93, 4
2026/10/03 01:55:54.655, 11517, 1, 2647, 68.93, 4
2026/10/03 01:55:54.705, 11517, 1, 2647, 68.93, 4
2026/10/03 01:55:54.755, 11517, 1, 2647, 68.93, 4
2026/10/03 01:55:54.805, 11537, 1, 2647, 68.93, 4
2026/10/03 01:55:54.855, 11537, 1, 2647, 68.93, 4
2026/10/03 01:55:54.906, 11637, 1, 2647, 68.93, 4
2026/10/03 01:55:54.956, 11637, 1, 2647, 68.93, 4
2026/10/03 01:55:55.006, 11637, 1, 2647, 68.93, 4
2026/10/03 01:55:55.056, 11637, 1, 2647, 69.32, 4
2026/10/03 01:55:55.107, 11637, 1, 2647, 69.32, 4
2026/10/03 01:55:55.157, 11837, 1, 2647, 69.32, 4
2026/10/03 01:55:55.207, 11837, 1, 2647, 69.32, 4
2026/10/03 01:55:55.257, 11837, 1, 2647, 69.32, 4
2026/10/03 01:55:55.307, 11857, 1, 2647, 69.32, 4
2026/10/03 01:55:55.358, 11857, 1, 2647, 69.32, 4
2026/10/03 01:55:55.408, 11857, 1, 2647, 69.32, 4
2026/10/03 01:55:55.458, 11957, 1, 2647, 69.32, 4
2026/10/03 01:55:55.508, 11957, 1, 2647, 69.32, 4
2026/10/03 01:55:55.559, 11957, 1, 2647, 67.48, 4
2026/10/03 01:55:55.610, 11957, 1, 2647, 67.48, 4
2026/10/03 01:55:55.660, 11957, 1, 2647, 67.48, 4
2026/10/03 01:55:55.710, 11957, 1, 2647, 67.48, 4
2026/10/03 01:55:55.760, 12157, 1, 2647, 67.48, 4
2026/10/03 01:55:55.810, 12157, 1, 2647, 67.48, 4
2026/10/03 01:55:55.861, 12157, 1, 2647, 67.48, 4
2026/10/03 01:55:55.911, 12177, 1, 2647, 67.48, 4
2026/10/03 01:55:55.961, 12177, 1, 2647, 67.48, 4
2026/10/03 01:55:56.011, 12277, 1, 2647, 67.48, 4
2026/10/03 01:55:56.062, 12277, 0, 2647, 68.13, 4
2026/10/03 01:55:56.112, 12297, 0, 2647, 68.13, 4
2026/10/03 01:55:56.162, 12297, 0, 2647, 68.13, 4
2026/10/03 01:55:56.212, 12297, 0, 2647, 68.13, 4
2026/10/03 01:55:56.262, 12297, 0, 2647, 68.13, 4
2026/10/03 01:55:56.313, 12477, 0, 2647, 68.13, 4
2026/10/03 01:55:56.363, 12477, 0, 2647, 68.13, 4
2026/10/03 01:55:56.413, 12497, 0, 2647, 68.13, 4
2026/10/03 01:55:56.463, 12497, 0, 2647, 68.13, 4
2026/10/03 01:55:56.514, 12497, 0, 2647, 68.13, 4
2026/10/03 01:55:56.564, 12597, 0, 2647, 67.28, 4
2026/10/03 01:55:56.614, 12617, 0, 2647, 67.28, 4
2026/10/03 01:55:56.664, 12617, 0, 2647, 67.28, 4
2026/10/03 01:55:56.714, 12617, 0, 2647, 67.28, 4
2026/10/03 01:55:56.765, 12617, 0, 2647, 67.28, 4
2026/10/03 01:55:56.815, 12797, 0, 2647, 67.28, 4
2026/10/03 01:55:56.865, 12797, 0, 2647, 67.28, 4
2026/10/03 01:55:56.915, 12797, 0, 2647, 67.28, 4
2026/10/03 01:55:56.965, 12837, 0, 2647, 67.28, 4
2026/10/03 01:55:57.016, 12837, 0, 2647, 67.28, 4
2026/10/03 01:55:57.066, 12837, 2, 2655, 67.86, 4
2026/10/03 01:55:57.116, 12917, 2, 2655, 67.86, 4
2026/10/03 01:55:57.166, 12937, 2, 2655, 67.86, 4
2026/10/03 01:55:57.216, 12937, 2, 2655, 67.86, 4
2026/10/03 01:55:57.267, 12937, 2, 2655, 67.86, 4
2026/10/03 01:55:57.317, 12937, 2, 2655, 67.86, 4
2026/10/03 01:55:57.367, 13137, 2, 2655, 67.86, 4
2026/10/03 01:55:57.417, 13137, 2, 2655, 67.86, 4
2026/10/03 01:55:57.468, 13137, 2, 2655, 67.86, 4
2026/10/03 01:55:57.518, 13157, 2, 2655, 67.86, 4
2026/10/03 01:55:57.568, 13157, 2, 2655, 70.11, 4
2026/10/03 01:55:57.618, 13157, 2, 2655, 70.11, 4
2026/10/03 01:55:57.668, 13257, 2, 2655, 70.11, 4
2026/10/03 01:55:57.719, 13257, 2, 2655, 70.11, 4
2026/10/03 01:55:57.769, 13257, 2, 2655, 70.11, 4
2026/10/03 01:55:57.820, 13257, 2, 2655, 70.11, 4
2026/10/03 01:55:57.870, 13257, 2, 2655, 70.11, 4
2026/10/03 01:55:57.920, 13257, 2, 2655, 70.11, 4
2026/10/03 01:55:57.971, 13457, 2, 2655, 70.11, 4
2026/10/03 01:55:58.021, 13457, 2, 2655, 70.11, 4
2026/10/03 01:55:58.071, 13457, 13, 2655, 67.67, 4
2026/10/03 01:55:58.121, 13477, 13, 2655, 67.67, 4
2026/10/03 01:55:58.172, 13477, 13, 2655, 67.67, 4
2026/10/03 01:55:58.222, 13477, 13, 2655, 67.67, 4
2026/10/03 01:55:58.272, 13577, 13, 2655, 67.67, 4
2026/10/03 01:55:58.322, 13577, 13, 2655, 67.67, 4
2026/10/03 01:55:58.372, 13577, 13, 2655, 67.67, 4
2026/10/03 01:55:58.423, 13577, 13, 2655, 67.67, 4
2026/10/03 01:55:58.473, 13577, 13, 2655, 67.67, 4
2026/10/03 01:55:58.523, 13777, 13, 2655, 67.67, 4
2026/10/03 01:55:58.573, 13777, 13, 2655, 69.42, 4
2026/10/03 01:55:58.624, 13777, 13, 2655, 69.42, 4
2026/10/03 01:55:58.674, 13797, 13, 2655, 69.42, 4
2026/10/03 01:55:58.724, 13797, 13, 2655, 69.42, 4
2026/10/03 01:55:58.774, 13897, 13, 2655, 69.42, 4
2026/10/03 01:55:58.825, 13897, 13, 2655, 69.42, 4
2026/10/03 01:55:58.875, 13917, 13, 2655, 69.42, 4
2026/10/03 01:55:58.925, 13917, 13, 2655, 69.42, 4
2026/10/03 01:55:58.975, 13917, 13, 2655, 69.42, 4
2026/10/03 01:55:59.026, 13917, 13, 2655, 69.42, 4
2026/10/03 01:55:59.076, 14097, 0, 2655, 68.64, 4
2026/10/03 01:55:59.126, 14097, 0, 2655, 68.64, 4
2026/10/03 01:55:59.176, 14097, 0, 2655, 68.64, 4
2026/10/03 01:55:59.226, 14117, 0, 2655, 68.64, 4
2026/10/03 01:55:59.277, 14117, 0, 2655, 68.64, 4
2026/10/03 01:55:59.327, 14217, 0, 2655, 68.64, 4
2026/10/03 01:55:59.377, 14217, 0, 2655, 68.64, 4
2026/10/03 01:55:59.427, 14237, 0, 2655, 68.64, 4
2026/10/03 01:55:59.477, 14237, 0, 2655, 68.64, 4
2026/10/03 01:55:59.528, 14237, 0, 2655, 68.64, 4
2026/10/03 01:55:59.578, 14417, 0, 2647, 67.03, 4
2026/10/03 01:55:59.628, 14417, 0, 2647, 67.03, 4
2026/10/03 01:55:59.678, 14417, 0, 2647, 67.03, 4
2026/10/03 01:55:59.729, 14457, 0, 2647, 67.03, 4
2026/10/03 01:55:59.779, 14457, 0, 2647, 67.03, 4
2026/10/03 01:55:59.829, 14537, 0, 2647, 67.03, 4
2026/10/03 01:55:59.879, 14537, 0, 2647, 67.03, 4
2026/10/03 01:55:59.929, 14557, 0, 2647, 67.03, 4
2026/10/03 01:55:59.979, 14557, 0, 2647, 67.03, 4
2026/10/03 01:56:00.030, 14557, 0, 2647, 67.03, 4
2026/10/03 01:56:00.080, 14557, 1, 2647, 69.00, 4
2026/10/03 01:56:00.130, 14757, 1, 2647, 69.00, 4
2026/10/03 01:56:00.180, 14757, 1, 2647, 69.00, 4
2026/10/03 01:56:00.230, 14757, 1, 2647, 69.00, 4
2026/10/03 01:56:00.280, 14777, 1, 2647, 69.00, 4
2026/10/03 01:56:00.330, 14777, 1, 2647, 69.00, 4
2026/10/03 01:56:00.381, 14777, 1, 2647, 69.00, 4
2026/10/03 01:56:00.431, 14877, 1, 2647, 69.00, 4
2026/10/03 01:56:00.481, 14877, 1, 2647, 69.00, 4
2026/10/03 01:56:00.531, 14877, 1, 2647, 69.00, 4
2026/10/03 01:56:00.581, 14877, 1, 2647, 67.50, 4
2026/10/03 01:56:00.631, 14877, 1, 2647, 67.50, 4
2026/10/03 01:56:00.682, 15077, 1, 2647, 67.50, 4
2026/10/03 01:56:00.733, 15077, 1, 2647, 67.50, 4
2026/10/03 01:56:00.783, 15077, 1, 2647, 67.50, 4
2026/10/03 01:56:00.833, 15097, 1, 2647, 67.50, 4
2026/10/03 01:56:00.883, 15097, 1, 2647, 67.50, 4
2026/10/03 01:56:00.933, 15197, 1, 2647, 67.50, 4
2026/10/03 01:56:00.984, 15197, 1, 2647, 67.50, 4
2026/10/03 01:56:01.034, 15197, 1, 2647, 67.50, 4
2026/10/03 01:56:01.084, 15197, 6, 2647, 68.66, 4
2026/10/03 01:56:01.134, 15197, 6, 2647, 68.66, 4
2026/10/03 01:56:01.184, 15197, 6, 2647, 68.66, 4
2026/10/03 01:56:01.235, 15397, 6, 2647, 68.66, 4
2026/10/03 01:56:01.285, 15397, 6, 2647, 68.66, 4
2026/10/03 01:56:01.335, 15397, 6, 2647, 68.66, 4
2026/10/03 01:56:01.385, 15397, 6, 2647, 68.66, 4
2026/10/03 01:56:01.435, 15397, 6, 2647, 68.66, 4
2026/10/03 01:56:01.486, 15417, 6, 2647, 68.66, 4
2026/10/03 01:56:01.536, 15417, 6, 2647, 68.66, 4
2026/10/03 01:56:01.587, 15417, 6, 2647, 69.78, 4
2026/10/03 01:56:01.637, 15417, 6, 2647, 69.78, 4
2026/10/03 01:56:01.687, 15517, 6, 2647, 69.78, 4
2026/10/03 01:56:01.737, 15517, 6, 2647, 69.78, 4
2026/10/03 01:56:01.788, 15537, 6, 2647, 69.78, 4
2026/10/03 01:56:01.838, 15537, 6, 2647, 69.78, 4
2026/10/03 01:56:01.888, 15537, 6, 2647, 69.78, 4
2026/10/03 01:56:01.938, 15537, 6, 2647, 69.78, 4
2026/10/03 01:56:01.988, 15537, 6, 2647, 69.78, 4
2026/10/03 01:56:02.039, 15537, 6, 2647, 69.78, 4
2026/10/03 01:56:02.089, 15537, 0, 2655, 67.35, 4
2026/10/03 01:56:02.139, 15717, 0, 2655, 67.35, 4
2026/10/03 01:56:02.189, 15717, 0, 2655, 67.35, 4
2026/10/03 01:56:02.239, 15717, 0, 2655, 67.35, 4
2026/10/03 01:56:02.289, 15717, 0, 2655, 67.35, 4
2026/10/03 01:56:02.340, 15737, 0, 2655, 67.35, 4
2026/10/03 01:56:02.390, 15737, 0, 2655, 67.35, 4
2026/10/03 01:56:02.440, 15737, 0, 2655, 67.35, 4
2026/10/03 01:56:02.490, 15737, 0, 2655, 67.35, 4
2026/10/03 01:56:02.540, 15837, 0, 2655, 67.35, 4
2026/10/03 01:56:02.591, 15837, 0, 2647, 69.04, 4
2026/10/03 01:56:02.641, 15837, 0, 2647, 69.04, 4
2026/10/03 01:56:02.691, 15857, 0, 2647, 69.04, 4
2026/10/03 01:56:02.742, 15857, 0, 2647, 69.04, 4
2026/10/03 01:56:02.792, 15857, 0, 2647, 69.04, 4
2026/10/03 01:56:02.842, 15857, 0, 2647, 69.04, 4
2026/10/03 01:56:02.893, 15857, 0, 2647, 69.04, 4
2026/10/03 01:56:02.943, 15857, 0, 2647, 69.04, 4
2026/10/03 01:56:02.994, 16037, 0, 2647, 69.04, 4
2026/10/03 01:56:03.044, 16037, 0, 2647, 69.04, 4
2026/10/03 01:56:03.094, 16037, 12, 2655, 68.75, 4
2026/10/03 01:56:03.145, 16077, 12, 2655, 68.75, 4
2026/10/03 01:56:03.195, 16077, 12, 2655, 68.75, 4
2026/10/03 01:56:03.245, 16077, 12, 2655, 68.75, 4
2026/10/03 01:56:03.295, 16157, 12, 2655, 68.75, 4
2026/10/03 01:56:03.345, 16157, 12, 2655, 68.75, 4
2026/10/03 01:56:03.396, 16177, 12, 2655, 68.75, 4
2026/10/03 01:56:03.446, 16177, 12, 2655, 68.75, 4
2026/10/03 01:56:03.496, 16177, 12, 2655, 68.75, 4
2026/10/03 01:56:03.546, 16177, 12, 2655, 68.75, 4
2026/10/03 01:56:03.596, 16177, 12, 2647, 67.99, 4
2026/10/03 01:56:03.647, 16377, 12, 2647, 67.99, 4
2026/10/03 01:56:03.697, 16377, 12, 2647, 67.99, 4
2026/10/03 01:56:03.747, 16377, 12, 2647, 67.99, 4
2026/10/03 01:56:03.797, 16397, 12, 2647, 67.99, 4
2026/10/03 01:56:03.848, 16397, 12, 2647, 67.99, 4
2026/10/03 01:56:03.898, 16397, 12, 2647, 67.99, 4
2026/10/03 01:56:03.948, 16497, 12, 2647, 67.99, 4
2026/10/03 01:56:03.998, 16497, 12, 2647, 67.99, 4
2026/10/03 01:56:04.048, 16497, 12, 2647, 67.99, 4
2026/10/03 01:56:04.099, 16497, 7, 2647, 68.18, 4
2026/10/03 01:56:04.149, 16497, 7, 2647, 68.18, 4
2026/10/03 01:56:04.199, 16497, 7, 2647, 68.18, 4
2026/10/03 01:56:04.249, 16497, 7, 2647, 68.18, 4
2026/10/03 01:56:04.300, 16497, 7, 2647, 68.18, 4
2026/10/03 01:56:04.350, 16697, 7, 2647, 68.18, 4
2026/10/03 01:56:04.400, 16697, 7, 2647, 68.18, 4
2026/10/03 01:56:04.450, 16697, 7, 2647, 68.18, 4
2026/10/03 01:56:04.501, 16697, 7, 2647, 68.18, 4
2026/10/03 01:56:04.551, 16717, 7, 2647, 67.38, 4
2026/10/03 01:56:04.601, 16717, 7, 2647, 67.38, 4
2026/10/03 01:56:04.651, 16717, 7, 2647, 67.38, 4
2026/10/03 01:56:04.701, 16817, 7, 2647, 67.38, 4
2026/10/03 01:56:04.752, 16817, 7, 2647, 67.38, 4
2026/10/03 01:56:04.802, 16817, 7, 2647, 67.38, 4
2026/10/03 01:56:04.852, 16817, 7, 2647, 67.38, 4
2026/10/03 01:56:04.902, 16817, 7, 2647, 67.38, 4
2026/10/03 01:56:04.952, 16817, 7, 2647, 67.38, 4
2026/10/03 01:56:05.003, 16817, 7, 2647, 67.38, 4
2026/10/03 01:56:05.053, 17017, 0, 2655, 69.45, 4
2026/10/03 01:56:05.103, 17017, 0, 2655, 69.45, 4
2026/10/03 01:56:05.153, 17017, 0, 2655, 69.45, 4
2026/10/03 01:56:05.203, 17037, 0, 2655, 69.45, 4
2026/10/03 01:56:05.254, 17037, 0, 2655, 69.45, 4
2026/10/03 01:56:05.304, 17037, 0, 2655, 69.45, 4
2026/10/03 01:56:05.354, 17137, 0, 2655, 69.45, 4
2026/10/03 01:56:05.405, 17157, 0, 2655, 69.45, 4
2026/10/03 01:56:05.455, 17157, 0, 2655, 69.45, 4
2026/10/03 01:56:05.505, 17157, 0, 2655, 69.45, 4
2026/10/03 01:56:05.556, 17157, 0, 2647, 68.65, 4
2026/10/03 01:56:05.606, 17157, 0, 2647, 68.65, 4
2026/10/03 01:56:05.656, 17337, 0, 2647, 68.65, 4
2026/10/03 01:56:05.706, 17337, 0, 2647, 68.65, 4
2026/10/03 01:56:05.756, 17357, 0, 2647, 68.65, 4
2026/10/03 01:56:05.807, 17357, 0, 2647, 68.65, 4
2026/10/03 01:56:05.857, 17457, 0, 2647, 68.65, 4
2026/10/03 01:56:05.907, 17457, 0, 2647, 68.65, 4
2026/10/03 01:56:05.957, 17477, 0, 2647, 68.65, 4
2026/10/03 01:56:06.007, 17477, 0, 2647, 68.65, 4
2026/10/03 01:56:06.057, 17477, 1, 2647, 68.98, 4
2026/10/03 01:56:06.107, 17477, 1, 2647, 68.98, 4
2026/10/03 01:56:06.158, 17657, 1, 2647, 68.98, 4
2026/10/03 01:56:06.208, 17657, 1, 2647, 68.98, 4
2026/10/03 01:56:06.258, 17697, 1, 2647, 68.98, 4
2026/10/03 01:56:06.308, 17697, 1, 2647, 68.98, 4
2026/10/03 01:56:06.358, 17697, 1, 2647, 68.98, 4
2026/10/03 01:56:06.409, 17777, 1, 2647, 68.98, 4
2026/10/03 01:56:06.459, 17777, 1, 2647, 68.98, 4
2026/10/03 01:56:06.509, 17797, 1, 2647, 68.98, 4
2026/10/03 01:56:06.559, 17797, 1, 2647, 69.81, 4
2026/10/03 01:56:06.609, 17797, 1, 2647, 69.81, 4
2026/10/03 01:56:06.659, 17997, 1, 2647, 69.81, 4
2026/10/03 01:56:06.709, 17997, 1, 2647, 69.81, 4
2026/10/03 01:56:06.760, 17997, 1, 2647, 69.81, 4
2026/10/03 01:56:06.810, 18017, 1, 2647, 69.81, 4
2026/10/03 01:56:06.860, 18017, 1, 2647, 69.81, 4
2026/10/03 01:56:06.910, 18117, 1, 2647, 69.81, 4
2026/10/03 01:56:06.961, 18117, 1, 2647, 69.81, 4
2026/10/03 01:56:07.011, 18117, 1, 2647, 69.81, 4
2026/10/03 01:56:07.061, 18117, 7, 2647, 67.66, 4
2026/10/03 01:56:07.111, 18117, 7, 2647, 67.66, 4
2026/10/03 01:56:07.161, 18117, 7, 2647, 67.66, 4
2026/10/03 01:56:07.211, 18317, 7, 2647, 67.66, 4
2026/10/03 01:56:07.262, 18317, 7, 2647, 67.66, 4
2026/10/03 01:56:07.312, 18337, 7, 2647, 67.66, 4
2026/10/03 01:56:07.362, 18337, 7, 2647, 67.66, 4
2026/10/03 01:56:07.412, 18337, 7, 2647, 67.66, 4
2026/10/03 01:56:07.462, 18437, 7, 2647, 67.66, 4
2026/10/03 01:56:07.513, 18437, 7, 2647, 67.66, 4
2026/10/03 01:56:07.563, 18437, 7, 2647, 68.33, 4
2026/10/03 01:56:07.613, 18437, 7, 2647, 68.33, 4
2026/10/03 01:56:07.663, 18637, 7, 2647, 68.33, 4
2026/10/03 01:56:07.714, 18637, 7, 2647, 68.33, 4
2026/10/03 01:56:07.764, 18637, 7, 2647, 68.33, 4
2026/10/03 01:56:07.814, 18657, 7, 2647, 68.33, 4
2026/10/03 01:56:07.864, 18657, 7, 2647, 68.33, 4
2026/10/03 01:56:07.914, 18757, 7, 2647, 68.33, 4
2026/10/03 01:56:07.965, 18757, 7, 2647, 68.33, 4
2026/10/03 01:56:08.015, 18777, 7, 2647, 68.33, 4
2026/10/03 01:56:08.065, 18777, 7, 2647, 67.61, 4
2026/10/03 01:56:08.115, 18777, 7, 2647, 67.61, 4
2026/10/03 01:56:08.165, 18777, 7, 2647, 67.61, 4
2026/10/03 01:56:08.216, 18957, 7, 2647, 67.61, 4
2026/10/03 01:56:08.266, 18957, 7, 2647, 67.61, 4
2026/10/03 01:56:08.316, 18957, 7, 2647, 67.61, 4
2026/10/03 01:56:08.366, 18977, 7, 2647, 67.61, 4
2026/10/03 01:56:08.416, 18977, 7, 2647, 67.61, 4
2026/10/03 01:56:08.466, 19077, 7, 2647, 67.61, 4
2026/10/03 01:56:08.517, 19077, 7, 2647, 67.61, 4
2026/10/03 01:56:08.567, 19097, 7, 2647, 68.14, 4
2026/10/03 01:56:08.617, 19097, 7, 2647, 68.14, 4
2026/10/03 01:56:08.667, 19097, 7, 2647, 68.14, 4
2026/10/03 01:56:08.717, 19097, 7, 2647, 68.14, 4
2026/10/03 01:56:08.768, 19097, 7, 2647, 68.14, 4
2026/10/03 01:56:08.818, 19097, 7, 2647, 68.14, 4
2026/10/03 01:56:08.868, 19097, 7, 2647, 68.14, 4
2026/10/03 01:56:08.918, 19097, 7, 2647, 68.14, 4
2026/10/03 01:56:08.968, 19097, 7, 2647, 68.14, 4
2026/10/03 01:56:09.019, 19097, 7, 2647, 68.14, 4
2026/10/03 01:56:09.069, 19097, 0, 2647, 70.19, 4
2026/10/03 01:56:09.119, 19097, 0, 2647, 70.19, 4
2026/10/03 01:56:09.169, 19097, 0, 2647, 70.19, 4
2026/10/03 01:56:09.219, 19097, 0, 2647, 70.19, 4
2026/10/03 01:56:09.270, 19097, 0, 2647, 70.19, 4
2026/10/03 01:56:09.320, 19097, 0, 2647, 70.19, 4
2026/10/03 01:56:09.370, 19097, 0, 2647, 70.19, 4
2026/10/03 01:56:09.420, 19097, 0, 2647, 70.19, 4
2026/10/03 01:56:09.471, 19097, 0, 2647, 70.19, 4
2026/10/03 01:56:09.521, 19097, 0, 2647, 70.19, 4
2026/10/03 01:56:09.571, 19097, 0, 2647, 67.02, 4
2026/10/03 01:56:09.621, 19097, 0, 2647, 67.02, 4
2026/10/03 01:56:09.672, 19097, 0, 2647, 67.02, 4
2026/10/03 01:56:09.722, 19097, 0, 2647, 67.02, 4
2026/10/03 01:56:09.772, 19097, 0, 2647, 67.02, 4
2026/10/03 01:56:09.822, 19097, 0, 2647, 67.02, 4
2026/10/03 01:56:09.873, 19097, 0, 2647, 67.02, 4
2026/10/03 01:56:09.923, 19097, 0, 2647, 67.02, 4
2026/10/03 01:56:09.973, 19097, 0, 2647, 67.02, 4
2026/10/03 01:56:10.023, 19097, 0, 2647, 67.02, 4
2026/10/03 01:56:10.073, 19097, 0, 2647, 69.51, 4
2026/10/03 01:56:10.123, 19097, 0, 2647, 69.51, 4
2026/10/03 01:56:10.174, 19097, 0, 2647, 69.51, 4
2026/10/03 01:56:10.224, 19097, 0, 2647, 69.51, 4
2026/10/03 01:56:10.274, 19097, 0, 2647, 69.51, 4
2026/10/03 01:56:10.324, 19097, 0, 2647, 69.51, 4
2026/10/03 01:56:10.375, 19097, 0, 2647, 69.51, 4
2026/10/03 01:56:10.425, 19097, 0, 2647, 69.51, 4
2026/10/03 01:56:10.475, 19097, 0, 2647, 69.51, 4
2026/10/03 01:56:10.525, 19097, 0, 2647, 69.51, 4
2026/10/03 01:56:10.575, 19097, 0, 2647, 68.60, 4
2026/10/03 01:56:10.626, 19097, 0, 2647, 68.60, 4
2026/10/03 01:56:10.676, 19097, 0, 2647, 68.60, 4
2026/10/03 01:56:10.726, 19097, 0, 2647, 68.60, 4
2026/10/03 01:56:10.776, 19097, 0, 2647, 68.60, 4
2026/10/03 01:56:10.826, 19097, 0, 2647, 68.60, 4
2026/10/03 01:56:10.877, 19097, 0, 2647, 68.60, 4
2026/10/03 01:56:10.927, 19097, 0, 2647, 68.60, 4
2026/10/03 01:56:10.977, 19097, 0, 2647, 68.60, 4
2026/10/03 01:56:11.027, 19097, 0, 2647, 68.60, 4
2026/10/03 01:56:11.077, 19097, 0, 2647, 66.94, 4
2026/10/03 01:56:11.128, 19097, 0, 2647, 66.94, 4
2026/10/03 01:56:11.178, 19097, 0, 2647, 66.94, 4
2026/10/03 01:56:11.228, 19097, 0, 2647, 66.94, 4
2026/10/03 01:56:11.278, 19097, 0, 2647, 66.94, 4
2026/10/03 01:56:11.329, 19097, 0, 2647, 66.94, 4
2026/10/03 01:56:11.379, 19097, 0, 2647, 66.94, 4
2026/10/03 01:56:11.429, 19097, 0, 2647, 66.94, 4
2026/10/03 01:56:11.479, 19097, 0, 2647, 66.94, 4
2026/10/03 01:56:11.529, 19097, 0, 2647, 66.94, 4
2026/10/03 01:56:11.580, 19097, 0, 2647, 68.21, 4
2026/10/03 01:56:11.630, 19097, 0, 2647, 68.21, 4
2026/10/03 01:56:11.680, 19097, 0, 2647, 68.21, 4
2026/10/03 01:56:11.730, 19097, 0, 2647, 68.21, 4
2026/10/03 01:56:11.780, 19097, 0, 2647, 68.21, 4
2026/10/03 01:56:11.831, 19097, 0, 2647, 68.21, 4
2026/10/03 01:56:11.881, 19097, 0, 2647, 68.21, 4
2026/10/03 01:56:11.931, 19097, 0, 2647, 68.21, 4
2026/10/03 01:56:11.981, 19097, 0, 2647, 68.21, 4
2026/10/03 01:56:12.031, 19097, 0, 2647, 68.21, 4
2026/10/03 01:56:12.081, 19097, 0, 2647, 67.20, 4
2026/10/03 01:56:12.132, 19097, 0, 2647, 67.20, 4
2026/10/03 01:56:12.182, 19097, 0, 2647, 67.20, 4
2026/10/03 01:56:12.232, 19097, 0, 2647, 67.20, 4
2026/10/03 01:56:12.282, 19097, 0, 2647, 67.20, 4
2026/10/03 01:56:12.332, 19097, 0, 2647, 67.20, 4
2026/10/03 01:56:12.383, 19097, 0, 2647, 67.20, 4
2026/10/03 01:56:12.433, 19097, 0, 2647, 67.20, 4
2026/10/03 01:56:12.483, 19097, 0, 2647, 67.20, 4
2026/10/03 01:56:12.533, 19097, 0, 2647, 67.20, 4
2026/10/03 01:56:12.583, 19097, 0, 2647, 68.54, 4
2026/10/03 01:56:12.634, 19097, 0, 2647, 68.54, 4
2026/10/03 01:56:12.684, 19097, 0, 2647, 68.54, 4
2026/10/03 01:56:12.734, 19097, 0, 2647, 68.54, 4
2026/10/03 01:56:12.784, 19097, 0, 2647, 68.54, 4
2026/10/03 01:56:12.834, 19097, 0, 2647, 68.54, 4
2026/10/03 01:56:12.885, 19097, 0, 2647, 68.54, 4
2026/10/03 01:56:12.935, 19097, 0, 2647, 68.54, 4
2026/10/03 01:56:12.985, 19097, 0, 2647, 68.54, 4
2026/10/03 01:56:13.035, 19097, 0, 2647, 68.54, 4
2026/10/03 01:56:13.085, 19097, 0, 2647, 69.14, 4
2026/10/03 01:56:13.136, 19097, 0, 2647, 69.14, 4
2026/10/03 01:56:13.186, 19097, 0, 2647, 69.14, 4
2026/10/03 01:56:13.236, 19097, 0, 2647, 69.14, 4
2026/10/03 01:56:13.286, 19097, 0, 2647, 69.14, 4
2026/10/03 01:56:13.336, 19097, 0, 2647, 69.14, 4
2026/10/03 01:56:13.387, 19097, 0, 2647, 69.14, 4
2026/10/03 01:56:13.437, 19097, 0, 2647, 69.14, 4
2026/10/03 01:56:13.487, 19097, 0, 2647, 69.14, 4
2026/10/03 01:56:13.537, 19097, 0, 2647, 69.14, 4
2026/10/03 01:56:13.587, 19097, 0, 2647, 67.73, 4
2026/10/03 01:56:13.638, 19097, 0, 2647, 67.73, 4
2026/10/03 01:56:13.688, 19097, 0, 2647, 67.73, 4
2026/10/03 01:56:13.738, 19097, 0, 2647, 67.73, 4
2026/10/03 01:56:13.788, 19097, 0, 2647, 67.73, 4
2026/10/03 01:56:13.838, 19097, 0, 2647, 67.73, 4
2026/10/03 01:56:13.888, 19097, 0, 2647, 67.73, 4
2026/10/03 01:56:13.939, 19097, 0, 2647, 67.73, 4
2026/10/03 01:56:13.989, 19097, 0, 2647, 67.73, 4
2026/10/03 01:56:14.039, 19097, 0, 2647, 67.73, 4
2026/10/03 01:56:14.089, 19097, 0, 2647, 69.00, 4
2026/10/03 01:56:14.139, 19097, 0, 2647, 69.00, 4
2026/10/03 01:56:14.190, 19097, 0, 2647, 69.00, 4
2026/10/03 01:56:14.240, 19097, 0, 2647, 69.00, 4
2026/10/03 01:56:14.290, 19097, 0, 2647, 69.00, 4
2026/10/03 01:56:14.340, 19097, 0, 2647, 69.00, 4
2026/10/03 01:56:14.390, 19097, 0, 2647, 69.00, 4
2026/10/03 01:56:14.441, 19097, 0, 2647, 69.00, 4
2026/10/03 01:56:14.491, 19097, 0, 2647, 69.00, 4
2026/10/03 01:56:14.541, 19097, 0, 2647, 69.00, 4
2026/10/03 01:56:14.591, 19097, 0, 2647, 67.65, 4
2026/10/03 01:56:14.641, 19097, 0, 2647, 67.65, 4
2026/10/03 01:56:14.692, 19097, 0, 2647, 67.65, 4
2026/10/03 01:56:14.742, 19097, 0, 2647, 67.65, 4
2026/10/03 01:56:14.792, 19097, 0, 2647, 67.65, 4
2026/10/03 01:56:14.842, 19097, 0, 2647, 67.65, 4
2026/10/03 01:56:14.892, 19097, 0, 2647, 67.65, 4
2026/10/03 01:56:14.943, 19097, 0, 2647, 67.65, 4
2026/10/03 01:56:14.993, 19097, 0, 2647, 67.65, 4
2026/10/03 01:56:15.043, 19097, 0, 2647, 67.65, 4
2026/10/03 01:56:15.093, 19097, 0, 2647, 67.75, 4
2026/10/03 01:56:15.143, 19097, 0, 2647, 67.75, 4
2026/10/03 01:56:15.193, 19097, 0, 2647, 67.75, 4
2026/10/03 01:56:15.244, 19097, 0, 2647, 67.75, 4
2026/10/03 01:56:15.294, 19097, 0, 2647, 67.75, 4
2026/10/03 01:56:15.344, 19097, 0, 2647, 67.75, 4
2026/10/03 01:56:15.394, 19097, 0, 2647, 67.75, 4
2026/10/03 01:56:15.444, 19097, 0, 2647, 67.75, 4
2026/10/03 01:56:15.495, 19097, 0, 2647, 67.75, 4
2026/10/03 01:56:15.545, 19097, 0, 2647, 67.75, 4
2026/10/03 01:56:15.595, 19097, 0, 2647, 67.56, 4
2026/10/03 01:56:15.645, 19097, 0, 2647, 67.56, 4
2026/10/03 01:56:15.695, 19097, 0, 2647, 67.56, 4
2026/10/03 01:56:15.746, 19097, 0, 2647, 67.56, 4
2026/10/03 01:56:15.796, 19097, 0, 2647, 67.56, 4
2026/10/03 01:56:15.846, 19097, 0, 2647, 67.56, 4
2026/10/03 01:56:15.896, 19097, 0, 2647, 67.56, 4
2026/10/03 01:56:15.946, 19097, 0, 2647, 67.56, 4
2026/10/03 01:56:15.997, 19097, 0, 2647, 67.56, 4
2026/10/03 01:56:16.047, 19097, 0, 2647, 67.56, 4
2026/10/03 01:56:16.097, 19097, 0, 2647, 67.34, 4
2026/10/03 01:56:16.147, 19097, 0, 2647, 67.34, 4
2026/10/03 01:56:16.197, 19097, 0, 2647, 67.34, 4
2026/10/03 01:56:16.248, 19097, 0, 2647, 67.34, 4
2026/10/03 01:56:16.298, 19097, 0, 2647, 67.34, 4
2026/10/03 01:56:16.348, 19097, 0, 2647, 67.34, 4
2026/10/03 01:56:16.398, 19097, 0, 2647, 67.34, 4
2026/10/03 01:56:16.448, 19097, 0, 2647, 67.34, 4
2026/10/03 01:56:16.499, 19097, 0, 2647, 67.34, 4
2026/10/03 01:56:16.549, 19097, 0, 2647, 67.34, 4
2026/10/03 01:56:16.599, 19097, 0, 2647, 69.55, 4
2026/10/03 01:56:16.649, 19097, 0, 2647, 69.55, 4
2026/10/03 01:56:16.699, 19097, 0, 2647, 69.55, 4
2026/10/03 01:56:16.750, 19097, 0, 2647, 69.55, 4
2026/10/03 01:56:16.800, 19097, 0, 2647, 69.55, 4
2026/10/03 01:56:16.850, 19097, 0, 2647, 69.55, 4
2026/10/03 01:56:16.900, 19097, 0, 2647, 69.55, 4
2026/10/03 01:56:16.950, 19097, 0, 2647, 69.55, 4
2026/10/03 01:56:17.000, 19097, 0, 2647, 69.55, 4
2026/10/03 01:56:17.051, 19097, 0, 2647, 67.79, 4
2026/10/03 01:56:17.101, 19097, 0, 2647, 67.79, 4
2026/10/03 01:56:17.151, 19097, 0, 2647, 67.79, 4
2026/10/03 01:56:17.201, 19097, 0, 2647, 67.79, 4
2026/10/03 01:56:17.251, 19097, 0, 2647, 67.79, 4
2026/10/03 01:56:17.302, 19097, 0, 2647, 67.79, 4
2026/10/03 01:56:17.352, 19097, 0, 2647, 67.79, 4
2026/10/03 01:56:17.402, 19097, 0, 2647, 67.79, 4
2026/10/03 01:56:17.452, 19097, 0, 2647, 67.79, 4
2026/10/03 01:56:17.502, 19097, 0, 2647, 67.79, 4
2026/10/03 01:56:17.553, 19097, 0, 2647, 68.65, 4
2026/10/03 01:56:17.603, 19097, 0, 2647, 68.65, 4
2026/10/03 01:56:17.653, 19097, 0, 2647, 68.65, 4
2026/10/03 01:56:17.703, 19097, 0, 2647, 68.65, 4
2026/10/03 01:56:17.753, 19097, 0, 2647, 68.65, 4
2026/10/03 01:56:17.804, 19097, 0, 2647, 68.65, 4
2026/10/03 01:56:17.854, 19097, 0, 2647, 68.65, 4
2026/10/03 01:56:17.904, 19097, 0, 2647, 68.65, 4
2026/10/03 01:56:17.954, 19097, 0, 2647, 68.65, 4
2026/10/03 01:56:18.004, 19097, 0, 2647, 68.65, 4
2026/10/03 01:56:18.055, 19097, 0, 2647, 68.80, 4
2026/10/03 01:56:18.105, 19097, 0, 2647, 68.80, 4
2026/10/03 01:56:18.155, 19097, 0, 2647, 68.80, 4
2026/10/03 01:56:18.205, 19097, 0, 2647, 68.80, 4
2026/10/03 01:56:18.255, 19097, 0, 2647, 68.80, 4
2026/10/03 01:56:18.306, 19097, 0, 2647, 68.80, 4
2026/10/03 01:56:18.356, 19097, 0, 2647, 68.80, 4
2026/10/03 01:56:18.406, 19097, 0, 2647, 68.80, 4
2026/10/03 01:56:18.456, 19097, 0, 2647, 68.80, 4
2026/10/03 01:56:18.506, 19097, 0, 2647, 68.80, 4
2026/10/03 01:56:18.557, 19097, 0, 2647, 66.75, 4
2026/10/03 01:56:18.607, 19097, 0, 2647, 66.75, 4
2026/10/03 01:56:18.657, 19097, 0, 2647, 66.75, 4
2026/10/03 01:56:18.707, 19097, 0, 2647, 66.75, 4
2026/10/03 01:56:18.757, 19097, 0, 2647, 66.75, 4
2026/10/03 01:56:18.808, 19097, 0, 2647, 66.75, 4
2026/10/03 01:56:18.858, 19097, 0, 2647, 66.75, 4
2026/10/03 01:56:18.909, 19097, 0, 2647, 66.75, 4
2026/10/03 01:56:18.959, 19097, 0, 2647, 66.75, 4
2026/10/03 01:56:19.009, 19097, 0, 2647, 66.75, 4
2026/10/03 01:56:19.059, 19097, 0, 2647, 68.20, 4
2026/10/03 01:56:19.109, 19097, 0, 2647, 68.20, 4
2026/10/03 01:56:19.160, 19097, 0, 2647, 68.20, 4
2026/10/03 01:56:19.210, 19097, 0, 2647, 68.20, 4
2026/10/03 01:56:19.260, 19097, 0, 2647, 68.20, 4
2026/10/03 01:56:19.310, 19097, 0, 2647, 68.20, 4
2026/10/03 01:56:19.360, 19097, 0, 2647, 68.20, 4
2026/10/03 01:56:19.411, 19097, 0, 2647, 68.20, 4
2026/10/03 01:56:19.461, 19097, 0, 2647, 68.20, 4
2026/10/03 01:56:19.511, 19097, 0, 2647, 68.20, 4
2026/10/03 01:56:19.561, 19097, 0, 2647, 66.61, 4
2026/10/03 01:56:19.611, 19097, 0, 2647, 66.61, 4
2026/10/03 01:56:19.662, 19097, 0, 2647, 66.61, 4
2026/10/03 01:56:19.712, 19097, 0, 2647, 66.61, 4
2026/10/03 01:56:19.762, 19097, 0, 2647, 66.61, 4
2026/10/03 01:56:19.812, 19097, 0, 2647, 66.61, 4
2026/10/03 01:56:19.862, 19097, 0, 2647, 66.61, 4
2026/10/03 01:56:19.913, 19097, 0, 2647, 66.61, 4
2026/10/03 01:56:19.963, 19097, 0, 2647, 66.61, 4
2026/10/03 01:56:20.013, 19097, 0, 2647, 66.61, 4
2026/10/03 01:56:20.063, 19097, 0, 2647, 67.41, 4
2026/10/03 01:56:20.113, 19097, 0, 2647, 67.41, 4
2026/10/03 01:56:20.164, 19097, 0, 2647, 67.41, 4
2026/10/03 01:56:20.214, 19097, 0, 2647, 67.41, 4
2026/10/03 01:56:20.264, 19097, 0, 2647, 67.41, 4
2026/10/03 01:56:20.314, 19097, 0, 2647, 67.41, 4
2026/10/03 01:56:20.364, 19097, 0, 2647, 67.41, 4
2026/10/03 01:56:20.415, 19097, 0, 2647, 67.41, 4
2026/10/03 01:56:20.465, 19097, 0, 2647, 67.41, 4
2026/10/03 01:56:20.515, 19097, 0, 2647, 67.41, 4
2026/10/03 01:56:20.565, 19097, 0, 2647, 70.04, 4
2026/10/03 01:56:20.615, 19097, 0, 2647, 70.04, 4
2026/10/03 01:56:20.666, 19097, 0, 2647, 70.04, 4
2026/10/03 01:56:20.716, 19097, 0, 2647, 70.04, 4
2026/10/03 01:56:20.766, 19097, 0, 2647, 70.04, 4
2026/10/03 01:56:20.816, 19097, 0, 2647, 70.04, 4
2026/10/03 01:56:20.866, 19097, 0, 2647, 70.04, 4
2026/10/03 01:56:20.916, 19097, 0, 2647, 70.04, 4
2026/10/03 01:56:20.970, 19097, 0, 2647, 70.04, 4
2026/10/03 01:56:21.020, 19097, 0, 2647, 70.04, 4
2026/10/03 01:56:21.071, 19097, 0, 2647, 66.74, 4
2026/10/03 01:56:21.121, 19097, 0, 2647, 66.74, 4
2026/10/03 01:56:21.171, 19097, 0, 2647, 66.74, 4
2026/10/03 01:56:21.221, 19097, 0, 2647, 66.74, 4
2026/10/03 01:56:21.271, 19097, 0, 2647, 66.74, 4
2026/10/03 01:56:21.321, 19097, 0, 2647, 66.74, 4
2026/10/03 01:56:21.374, 19097, 0, 2647, 66.74, 4
2026/10/03 01:56:21.424, 19097, 0, 2647, 66.74, 4
2026/10/03 01:56:21.475, 19097, 0, 2647, 66.74, 4
2026/10/03 01:56:21.525, 19097, 0, 2647, 66.74, 4
2026/10/03 01:56:21.575, 19097, 0, 2647, 69.50, 4
2026/10/03 01:56:21.625, 19097, 0, 2647, 69.50, 4
2026/10/03 01:56:21.675, 19097, 0, 2647, 69.50, 4
2026/10/03 01:56:21.725, 19097, 0, 2647, 69.50, 4
2026/10/03 01:56:21.776, 19097, 0, 2647, 69.50, 4
2026/10/03 01:56:21.826, 19097, 0, 2647, 69.50, 4
2026/10/03 01:56:21.876, 19097, 0, 2647, 69.50, 4
2026/10/03 01:56:21.926, 19097, 0, 2647, 69.50, 4
2026/10/03 01:56:21.976, 19097, 0, 2647, 69.50, 4
2026/10/03 01:56:22.026, 19097, 0, 2647, 69.50, 4
2026/10/03 01:56:22.077, 19097, 0, 2647, 67.85, 4
2026/10/03 01:56:22.127, 19097, 0, 2647, 67.85, 4
2026/10/03 01:56:22.177, 19097, 0, 2647, 67.85, 4
2026/10/03 01:56:22.227, 19097, 0, 2647, 67.85, 4
2026/10/03 01:56:22.277, 19097, 0, 2647, 67.85, 4
2026/10/03 01:56:22.327, 19097, 0, 2647, 67.85, 4
2026/10/03 01:56:22.378, 19097, 0, 2647, 67.85, 4
2026/10/03 01:56:22.428, 19097, 0, 2647, 67.85, 4
2026/10/03 01:56:22.478, 19097, 0, 2647, 67.85, 4
2026/10/03 01:56:22.528, 19097, 0, 2647, 67.85, 4
2026/10/03 01:56:22.578, 19097, 0, 2647, 66.64, 4
2026/10/03 01:56:22.628, 19097, 0, 2647, 66.64, 4
2026/10/03 01:56:22.678, 19097, 0, 2647, 66.64, 4
2026/10/03 01:56:22.729, 19097, 0, 2647, 66.64, 4
2026/10/03 01:56:22.779, 19097, 0, 2647, 66.64, 4
2026/10/03 01:56:22.829, 19097, 0, 2647, 66.64, 4
2026/10/03 01:56:22.879, 19097, 0, 2647, 66.64, 4
2026/10/03 01:56:22.930, 19097, 0, 2647, 66.64, 4
2026/10/03 01:56:22.980, 19097, 0, 2647, 66.64, 4
2026/10/03 01:56:23.030, 19097, 0, 2647, 66.64, 4
2026/10/03 01:56:23.080, 19097, 0, 2647, 67.81, 4
2026/10/03 01:56:23.131, 19097, 0, 2647, 67.81, 4
2026/10/03 01:56:23.181, 19097, 0, 2647, 67.81, 4
2026/10/03 01:56:23.231, 19097, 0, 2647, 67.81, 4
2026/10/03 01:56:23.285, 19097, 0, 2647, 67.81, 4
2026/10/03 01:56:23.335, 19097, 0, 2647, 67.81, 4
2026/10/03 01:56:23.385, 19097, 0, 2647, 67.81, 4
2026/10/03 01:56:23.435, 19097, 0, 2647, 67.81, 4
2026/10/03 01:56:23.485, 19097, 0, 2647, 67.81, 4
2026/10/03 01:56:23.536, 19097, 0, 2647, 67.81, 4
2026/10/03 01:56:23.586, 19097, 0, 2647, 66.74, 4
2026/10/03 01:56:23.636, 19097, 0, 2647, 66.74, 4
2026/10/03 01:56:23.686, 19097, 0, 2647, 66.74, 4
2026/10/03 01:56:23.736, 19097, 0, 2647, 66.74, 4
2026/10/03 01:56:23.786, 19097, 0, 2647, 66.74, 4
2026/10/03 01:56:23.836, 19097, 0, 2647, 66.74, 4
2026/10/03 01:56:23.886, 19097, 0, 2647, 66.74, 4
2026/10/03 01:56:23.936, 19097, 0, 2647, 66.74, 4
2026/10/03 01:56:23.987, 19097, 0, 2647, 66.74, 4
2026/10/03 01:56:24.037, 19097, 0, 2647, 66.74, 4
2026/10/03 01:56:24.090, 19097, 0, 2647, 68.56, 4
2026/10/03 01:56:24.140, 19097, 0, 2647, 68.56, 4
2026/10/03 01:56:24.191, 19097, 0, 2647, 68.56, 4
2026/10/03 01:56:24.241, 19097, 0, 2647, 68.56, 4
2026/10/03 01:56:24.291, 19097, 0, 2647, 68.56, 4
2026/10/03 01:56:24.341, 19097, 0, 2647, 68.56, 4
2026/10/03 01:56:24.391, 19097, 0, 2647, 68.56, 4
2026/10/03 01:56:24.441, 19097, 0, 2647, 68.56, 4
2026/10/03 01:56:24.491, 19097, 0, 2647, 68.56, 4
2026/10/03 01:56:24.541, 19097, 0, 2647, 68.56, 4
2026/10/03 01:56:24.591, 19097, 0, 2647, 68.73, 4
2026/10/03 01:56:24.642, 19097, 0, 2647, 68.73, 4
2026/10/03 01:56:24.692, 19097, 0, 2647, 68.73, 4
2026/10/03 01:56:24.742, 19097, 0, 2647, 68.73, 4
2026/10/03 01:56:24.792, 19097, 0, 2647, 68.73, 4
2026/10/03 01:56:24.842, 19097, 0, 2647, 68.73, 4
2026/10/03 01:56:24.892, 19097, 0, 2647, 68.73, 4
2026/10/03 01:56:24.942, 19097, 0, 2647, 68.73, 4
2026/10/03 01:56:24.992, 19097, 0, 2647, 68.73, 4
2026/10/03 01:56:25.043, 19097, 0, 2647, 68.73, 4
2026/10/03 01:56:25.093, 19097, 0, 2647, 67.91, 4
2026/10/03 01:56:25.143, 19097, 0, 2647, 67.91, 4
2026/10/03 01:56:25.193, 19097, 0, 2647, 67.91, 4
2026/10/03 01:56:25.243, 19097, 0, 2647, 67.91, 4
2026/10/03 01:56:25.293, 19097, 0, 2647, 67.91, 4
2026/10/03 01:56:25.343, 19097, 0, 2647, 67.91, 4
2026/10/03 01:56:25.393, 19097, 0, 2647, 67.91, 4
2026/10/03 01:56:25.443, 19097, 0, 2647, 67.91, 4
2026/10/03 01:56:25.493, 19097, 0, 2647, 67.91, 4
2026/10/03 01:56:25.544, 19097, 0, 2647, 67.91, 4
2026/10/03 01:56:25.594, 19097, 0, 2385, 32.55, 2
2026/10/03 01:56:25.644, 19097, 0, 2385, 32.55, 2
2026/10/03 01:56:25.694, 19097, 0, 2385, 32.55, 2
2026/10/03 01:56:25.744, 19097, 0, 2385, 32.55, 2
2026/10/03 01:56:25.794, 19097, 0, 2385, 32.55, 2
2026/10/03 01:56:25.846, 19097, 0, 2385, 32.55, 2
2026/10/03 01:56:25.896, 19097, 0, 2385, 32.55, 2
2026/10/03 01:56:25.950, 19097, 0, 2385, 32.55, 2
2026/10/03 01:56:26.000, 19097, 0, 2385, 32.55, 2
2026/10/03 01:56:26.054, 19097, 0, 465, 29.47, 2
2026/10/03 01:56:26.105, 19097, 0, 465, 29.47, 2
2026/10/03 01:56:26.155, 19097, 0, 465, 29.47, 2
2026/10/03 01:56:26.205, 19097, 0, 465, 29.47, 2
2026/10/03 01:56:26.255, 19097, 0, 465, 29.47, 2
2026/10/03 01:56:26.305, 19097, 0, 465, 29.47, 2
2026/10/03 01:56:26.356, 19097, 0, 465, 29.47, 2
2026/10/03 01:56:26.406, 19097, 0, 465, 29.47, 2
2026/10/03 01:56:26.457, 19097, 0, 465, 29.47, 2
2026/10/03 01:56:26.507, 19097, 0, 465, 29.47, 2
2026/10/03 01:56:26.558, 19097, 0, 405, 25.18, 2
2026/10/03 01:56:26.608, 19097, 0, 405, 25.18, 2
2026/10/03 01:56:26.659, 19097, 0, 405, 25.18, 2
2026/10/03 01:56:26.709, 19097, 0, 405, 25.18, 2
2026/10/03 01:56:26.759, 19097, 0, 405, 25.18, 2
2026/10/03 01:56:26.809, 19097, 0, 405, 25.18, 2
2026/10/03 01:56:26.859, 19097, 0, 405, 25.18, 2
2026/10/03 01:56:26.910, 19097, 0, 405, 25.18, 2
2026/10/03 01:56:26.960, 19097, 0, 405, 25.18, 2
2026/10/03 01:56:27.010, 19097, 0, 405, 25.18, 2
2026/10/03 01:56:27.060, 19097, 0, 405, 25.18, 2
2026/10/03 01:56:27.110, 19097, 0, 405, 25.18, 2
2026/10/03 01:56:27.161, 19097, 0, 405, 25.18, 2
2026/10/03 01:56:27.211, 19097, 0, 405, 25.18, 2
2026/10/03 01:56:27.261, 19097, 0, 405, 25.18, 2
2026/10/03 01:56:27.311, 19097, 0, 405, 25.18, 2
2026/10/03 01:56:27.361, 19097, 0, 405, 25.18, 2
2026/10/03 01:56:27.412, 19097, 0, 405, 25.18, 2
2026/10/03 01:56:27.462, 19097, 0, 405, 25.18, 2
2026/10/03 01:56:27.512, 19097, 0, 405, 25.18, 2
2026/10/03 01:56:27.562, 19097, 0, 300, 24.27, 1
2026/10/03 01:56:27.613, 19097, 0, 300, 24.27, 1
2026/10/03 01:56:27.663, 19097, 0, 300, 24.27, 1
2026/10/03 01:56:27.713, 19097, 0, 300, 24.27, 1
2026/10/03 01:56:27.763, 19097, 0, 300, 24.27, 1
2026/10/03 01:56:27.813, 19097, 0, 300, 24.27, 1
2026/10/03 01:56:27.864, 19097, 0, 300, 24.27, 1
2026/10/03 01:56:27.914, 19097, 0, 300, 24.27, 1
2026/10/03 01:56:27.964, 19097, 0, 300, 24.27, 1
2026/10/03 01:56:28.014, 19097, 0, 300, 24.27, 1
2026/10/03 01:56:28.064, 19097, 0, 300, 24.27, 1
2026/10/03 01:56:28.115, 19097, 0, 300, 24.27, 1
2026/10/03 01:56:28.165, 19097, 0, 300, 24.27, 1
2026/10/03 01:56:28.215, 19097, 0, 300, 24.27, 1
2026/10/03 01:56:28.265, 19097, 0, 300, 24.27, 1
2026/10/03 01:56:28.316, 19097, 0, 300, 24.27, 1
2026/10/03 01:56:28.366, 19097, 0, 300, 24.27, 1
2026/10/03 01:56:28.416, 19097, 0, 300, 24.27, 1
2026/10/03 01:56:28.466, 19097, 0, 300, 24.27, 1
2026/10/03 01:56:28.516, 19097, 0, 300, 24.27, 1
2026/10/03 01:56:28.567, 19097, 0, 292, 24.93, 1
2026/10/03 01:56:28.617, 19097, 0, 292, 24.93, 1
2026/10/03 01:56:28.667, 19097, 0, 292, 24.93, 1
2026/10/03 01:56:28.717, 19097, 0, 292, 24.93, 1
2026/10/03 01:56:28.768, 19097, 0, 292, 24.93, 1
2026/10/03 01:56:28.818, 19097, 0, 292, 24.93, 1
2026/10/03 01:56:28.868, 19097, 0, 292, 24.93, 1
2026/10/03 01:56:28.918, 19097, 0, 292, 24.93, 1
2026/10/03 01:56:28.968, 19097, 0, 292, 24.93, 1
2026/10/03 01:56:29.019, 19097, 0, 292, 24.93, 1
2026/10/03 01:56:29.069, 19097, 0, 292, 24.93, 1
2026/10/03 01:56:29.119, 19097, 0, 292, 24.93, 1
2026/10/03 01:56:29.169, 19097, 0, 292, 24.93, 1
2026/10/03 01:56:29.219, 19097, 0, 292, 24.93, 1
2026/10/03 01:56:29.270, 19097, 0, 292, 24.93, 1
2026/10/03 01:56:29.320, 19097, 0, 292, 24.93, 1
2026/10/03 01:56:29.370, 19097, 0, 292, 24.93, 1
2026/10/03 01:56:29.420, 19097, 0, 292, 24.93, 1
2026/10/03 01:56:29.471, 19097, 0, 292, 24.93, 1
2026/10/03 01:56:29.521, 19097, 0, 292, 24.93, 1
2026/10/03 01:56:29.571, 19097, 0, 300, 24.52, 1
2026/10/03 01:56:29.621, 19097, 0, 300, 24.52, 1
2026/10/03 01:56:29.671, 19097, 0, 300, 24.52, 1
2026/10/03 01:56:29.722, 19097, 0, 300, 24.52, 1
2026/10/03 01:56:29.772, 19097, 0, 300, 24.52, 1
2026/10/03 01:56:29.822, 19097, 0, 300, 24.52, 1
2026/10/03 01:56:29.872, 19097, 0, 300, 24.52, 1
2026/10/03 01:56:29.923, 19097, 0, 300, 24.52, 1
2026/10/03 01:56:29.973, 19097, 0, 300, 24.52, 1
2026/10/03 01:56:30.023, 19097, 0, 300, 24.52, 1
2026/10/03 01:56:30.073, 19097, 0, 300, 24.52, 1
2026/10/03 01:56:30.123, 19097, 0, 300, 24.52, 1
2026/10/03 01:56:30.174, 19097, 0, 300, 24.52, 1
2026/10/03 01:56:30.224, 19097, 0, 300, 24.52, 1
2026/10/03 01:56:30.274, 19097, 0, 300, 24.52, 1
2026/10/03 01:56:30.324, 19097, 0, 300, 24.52, 1
2026/10/03 01:56:30.374, 19097, 0, 300, 24.52, 1
2026/10/03 01:56:30.425, 19097, 0, 300, 24.52, 1
2026/10/03 01:56:30.475, 19097, 0, 300, 24.52, 1
2026/10/03 01:56:30.525, 19097, 0, 300, 24.52, 1
2026/10/03 01:56:30.575, 19097, 0, 300, 23.97, 1
2026/10/03 01:56:30.626, 19097, 0, 300, 23.97, 1
2026/10/03 01:56:30.676, 19097, 0, 300, 23.97, 1
2026/10/03 01:56:30.726, 19097, 0, 300, 23.97, 1
2026/10/03 01:56:30.776, 19097, 0, 300, 23.97, 1
2026/10/03 01:56:30.826, 19097, 0, 300, 23.97, 1
2026/10/03 01:56:30.877, 19097, 0, 300, 23.97, 1
2026/10/03 01:56:30.927, 19097, 0, 300, 23.97, 1
2026/10/03 01:56:30.977, 19097, 0, 300, 23.97, 1
2026/10/03 01:56:31.027, 19097, 0, 300, 23.97, 1
2026/10/03 01:56:31.077, 19097, 0, 300, 23.97, 1
2026/10/03 01:56:31.128, 19097, 0, 300, 23.97, 1
2026/10/03 01:56:31.178, 19097, 0, 300, 23.97, 1
2026/10/03 01:56:31.228, 19097, 0, 300, 23.97, 1
2026/10/03 01:56:31.278, 19097, 0, 300, 23.97, 1
2026/10/03 01:56:31.329, 19097, 0, 300, 23.97, 1
2026/10/03 01:56:31.379, 19097, 0, 300, 23.97, 1
2026/10/03 01:56:31.429, 19097, 0, 300, 23.97, 1
2026/10/03 01:56:31.479, 19097, 0, 300, 23.97, 1
2026/10/03 01:56:31.529, 19097, 0, 300, 23.97, 1
2026/10/03 01:56:31.580, 19097, 0, 300, 24.05, 1
2026/10/03 01:56:31.630, 19097, 0, 300, 24.05, 1
2026/10/03 01:56:31.680, 19097, 0, 300, 24.05, 1
2026/10/03 01:56:31.730, 19097, 0, 300, 24.05, 1
2026/10/03 01:56:31.781, 19097, 0, 300, 24.05, 1
2026/10/03 01:56:31.831, 19097, 0, 300, 24.05, 1
2026/10/03 01:56:31.881, 19097, 0, 300, 24.05, 1
2026/10/03 01:56:31.931, 19097, 0, 300, 24.05, 1
2026/10/03 01:56:31.981, 19097, 0, 300, 24.05, 1
2026/10/03 01:56:32.032, 19097, 0, 300, 24.05, 1
2026/10/03 01:56:32.082, 19097, 0, 300, 24.05, 1
2026/10/03 01:56:32.132, 19097, 0, 300, 24.05, 1
2026/10/03 01:56:32.182, 19097, 0, 300, 24.05, 1
2026/10/03 01:56:32.233, 19097, 0, 300, 24.05, 1
2026/10/03 01:56:32.283, 19097, 0, 300, 24.05, 1
2026/10/03 01:56:32.333, 19097, 0, 300, 24.05, 1
2026/10/03 01:56:32.383, 19097, 0, 300, 24.05, 1
2026/10/03 01:56:32.433, 19097, 0, 300, 24.05, 1
2026/10/03 01:56:32.484, 19097, 0, 300, 24.05, 1
2026/10/03 01:56:32.534, 19097, 0, 300, 24.05, 1
2026/10/03 01:56:32.584, 19097, 0, 300, 25.19, 1
2026/10/03 01:56:32.634, 19097, 0, 300, 25.19, 1
2026/10/03 01:56:32.684, 19097, 0, 300, 25.19, 1
2026/10/03 01:56:32.735, 19097, 0, 300, 25.19, 1
2026/10/03 01:56:32.785, 19097, 0, 300, 25.19, 1
2026/10/03 01:56:32.835, 19097, 0, 300, 25.19, 1
2026/10/03 01:56:32.885, 19097, 0, 300, 25.19, 1
2026/10/03 01:56:32.936, 19097, 0, 300, 25.19, 1
2026/10/03 01:56:32.986, 19097, 0, 300, 25.19, 1
2026/10/03 01:56:33.036, 19097, 0, 300, 25.19, 1
2026/10/03 01:56:33.086, 19097, 0, 300, 25.19, 1
2026/10/03 01:56:33.136, 19097, 0, 300, 25.19, 1
2026/10/03 01:56:33.187, 19097, 0, 300, 25.19, 1
2026/10/03 01:56:33.237, 19097, 0, 300, 25.19, 1
2026/10/03 01:56:33.287, 19097, 0, 300, 25.19, 1
2026/10/03 01:56:33.337, 19097, 0, 300, 25.19, 1
2026/10/03 01:56:33.387, 19097, 0, 300, 25.19, 1
2026/10/03 01:56:33.438, 19097, 0, 300, 25.19, 1
2026/10/03 01:56:33.488, 19097, 0, 300, 25.19, 1
2026/10/03 01:56:33.538, 19097, 0, 300, 25.19, 1
2026/10/03 01:56:33.588, 19097, 0, 300, 24.38, 1
2026/10/03 01:56:33.639, 19097, 0, 300, 24.38, 1
2026/10/03 01:56:33.689, 19097, 0, 300, 24.38, 1
2026/10/03 01:56:33.739, 19097, 0, 300, 24.38, 1
2026/10/03 01:56:33.789, 19097, 0, 300, 24.38, 1
2026/10/03 01:56:33.839, 19097, 0, 300, 24.38, 1
2026/10/03 01:56:33.890, 19097, 0, 300, 24.38, 1
2026/10/03 01:56:33.940, 19097, 0, 300, 24.38, 1
2026/10/03 01:56:33.990, 19097, 0, 300, 24.38, 1
2026/10/03 01:56:34.040, 19097, 0, 300, 24.38, 1
2026/10/03 01:56:34.090, 19097, 0, 300, 24.38, 1
2026/10/03 01:56:34.141, 19097, 0, 300, 24.38, 1
2026/10/03 01:56:34.191, 19097, 0, 300, 24.38, 1
2026/10/03 01:56:34.241, 19097, 0, 300, 24.38, 1
2026/10/03 01:56:34.291, 19097, 0, 300, 24.38, 1
2026/10/03 01:56:34.342, 19097, 0, 300, 24.38, 1
2026/10/03 01:56:34.392, 19097, 0, 300, 24.38, 1
2026/10/03 01:56:34.442, 19097, 0, 300, 24.38, 1
2026/10/03 01:56:34.492, 19097, 0, 300, 24.38, 1
2026/10/03 01:56:34.542, 19097, 0, 300, 24.38, 1
2026/10/03 01:56:34.593, 19097, 0, 300, 22.21, 1
2026/10/03 01:56:34.643, 19097, 0, 300, 22.21, 1
2026/10/03 01:56:34.693, 19097, 0, 300, 22.21, 1
2026/10/03 01:56:34.743, 19097, 0, 300, 22.21, 1
2026/10/03 01:56:34.794, 19097, 0, 300, 22.21, 1
2026/10/03 01:56:34.844, 19097, 0, 300, 22.21, 1
2026/10/03 01:56:34.894, 19097, 0, 300, 22.21, 1
2026/10/03 01:56:34.944, 19097, 0, 300, 22.21, 1
2026/10/03 01:56:34.994, 19097, 0, 300, 22.21, 1
2026/10/03 01:56:35.045, 19097, 0, 300, 22.21, 1
2026/10/03 01:56:35.095, 19097, 0, 300, 22.21, 1
2026/10/03 01:56:35.145, 19097, 0, 300, 22.21, 1
2026/10/03 01:56:35.195, 19097, 0, 300, 22.21, 1
2026/10/03 01:56:35.245, 19097, 0, 300, 22.21, 1
2026/10/03 01:56:35.296, 19097, 0, 300, 22.21, 1
2026/10/03 01:56:35.346, 19097, 0, 300, 22.21, 1
2026/10/03 01:56:35.396, 19097, 0, 300, 22.21, 1
2026/10/03 01:56:35.446, 19097, 0, 300, 22.21, 1
2026/10/03 01:56:35.497, 19097, 0, 300, 22.21, 1
2026/10/03 01:56:35.547, 19097, 0, 300, 22.21, 1
2026/10/03 01:56:35.597, 19097, 0, 300, 22.31, 1
2026/10/03 01:56:35.647, 19097, 0, 300, 22.31, 1
2026/10/03 01:56:35.697, 19097, 0, 300, 22.31, 1
2026/10/03 01:56:35.748, 19097, 0, 300, 22.31, 1
2026/10/03 01:56:35.798, 19097, 0, 300, 22.31, 1
2026/10/03 01:56:35.848, 19097, 0, 300, 22.31, 1
2026/10/03 01:56:35.898, 19097, 0, 300, 22.31, 1
2026/10/03 01:56:35.948, 19097, 0, 300, 22.31, 1
2026/10/03 01:56:35.999, 19097, 0, 300, 22.31, 1
2026/10/03 01:56:36.049, 19097, 0, 300, 22.31, 1
2026/10/03 01:56:36.099, 19097, 0, 300, 22.31, 1
2026/10/03 01:56:36.149, 19097, 0, 300, 22.31, 1
2026/10/03 01:56:36.200, 19097, 0, 300, 22.31, 1
2026/10/03 01:56:36.250, 19097, 0, 300, 22.31, 1
2026/10/03 01:56:36.300, 19097, 0, 300, 22.31, 1
2026/10/03 01:56:36.350, 19097, 0, 300, 22.31, 1
2026/10/03 01:56:36.400, 19097, 0, 300, 22.31, 1
2026/10/03 01:56:36.451, 19097, 0, 300, 22.31, 1
2026/10/03 01:56:36.501, 19097, 0, 300, 22.31, 1
2026/10/03 01:56:36.551, 19097, 0, 300, 22.31, 1
2026/10/03 01:56:36.601, 19097, 0, 300, 22.54, 1
2026/10/03 01:56:36.651, 19097, 0, 300, 22.54, 1
2026/10/03 01:56:36.702, 19097, 0, 300, 22.54, 1
2026/10/03 01:56:36.752, 19097, 0, 300, 22.54, 1
2026/10/03 01:56:36.802, 19097, 0, 300, 22.54, 1
2026/10/03 01:56:36.852, 19097, 0, 300, 22.54, 1
2026/10/03 01:56:36.903, 19097, 0, 300, 22.54, 1
2026/10/03 01:56:36.953, 19097, 0, 300, 22.54, 1
2026/10/03 01:56:37.003, 19097, 0, 300, 22.54, 1
2026/10/03 01:56:37.053, 19097, 0, 300, 22.54, 1
2026/10/03 01:56:37.103, 19097, 0, 300, 22.54, 1
2026/10/03 01:56:37.154, 19097, 0, 300, 22.54, 1
2026/10/03 01:56:37.204, 19097, 0, 300, 22.54, 1
2026/10/03 01:56:37.254, 19097, 0, 300, 22.54, 1
2026/10/03 01:56:37.304, 19097, 0, 300, 22.54, 1
2026/10/03 01:56:37.355, 19097, 0, 300, 22.54, 1
2026/10/03 01:56:37.405, 19097, 0, 300, 22.54, 1
2026/10/03 01:56:37.455, 19097, 0, 300, 22.54, 1
2026/10/03 01:56:37.505, 19097, 0, 300, 22.54, 1
2026/10/03 01:56:37.555, 19097, 0, 300, 22.66, 1
2026/10/03 01:56:37.606, 19097, 0, 300, 22.66, 1
2026/10/03 01:56:37.656, 19097, 0, 300, 22.66, 1
2026/10/03 01:56:37.706, 19097, 0, 300, 22.66, 1
2026/10/03 01:56:37.756, 19097, 0, 300, 22.66, 1
2026/10/03 01:56:37.806, 19097, 0, 300, 22.66, 1
2026/10/03 01:56:37.857, 19097, 0, 300, 22.66, 1
2026/10/03 01:56:37.907, 19097, 0, 300, 22.66, 1
2026/10/03 01:56:37.957, 19097, 0, 300, 22.66, 1
2026/10/03 01:56:38.007, 19097, 0, 300, 22.66, 1
2026/10/03 01:56:38.058, 19097, 0, 300, 22.66, 1
2026/10/03 01:56:38.108, 19097, 0, 300, 22.66, 1
2026/10/03 01:56:38.158, 19097, 0, 300, 22.66, 1
2026/10/03 01:56:38.208, 19097, 0, 300, 22.66, 1
2026/10/03 01:56:38.258, 19097, 0, 300, 22.66, 1
2026/10/03 01:56:38.309, 19097, 0, 300, 22.66, 1
2026/10/03 01:56:38.359, 19097, 0, 300, 22.66, 1
2026/10/03 01:56:38.409, 19097, 0, 300, 22.66, 1
2026/10/03 01:56:38.459, 19097, 0, 300, 22.66, 1
2026/10/03 01:56:38.509, 19097, 0, 300, 22.66, 1
2026/10/03 01:56:38.560, 19097, 0, 300, 23.36, 1
2026/10/03 01:56:38.610, 19097, 0, 300, 23.36, 1
2026/10/03 01:56:38.660, 19097, 0, 300, 23.36, 1
2026/10/03 01:56:38.710, 19097, 0, 300, 23.36, 1
2026/10/03 01:56:38.761, 19097, 0, 300, 23.36, 1
2026/10/03 01:56:38.811, 19097, 0, 300, 23.36, 1
2026/10/03 01:56:38.861, 19097, 0, 300, 23.36, 1
2026/10/03 01:56:38.911, 19097, 0, 300, 23.36, 1
2026/10/03 01:56:38.961, 19097, 0, 300, 23.36, 1
2026/10/03 01:56:39.012, 19097, 0, 300, 23.36, 1
2026/10/03 01:56:39.062, 19097, 0, 300, 23.36, 1
2026/10/03 01:56:39.112, 19097, 0, 300, 23.36, 1
2026/10/03 01:56:39.162, 19097, 0, 300, 23.36, 1
2026/10/03 01:56:39.213, 19097, 0, 300, 23.36, 1
2026/10/03 01:56:39.263, 19097, 0, 300, 23.36, 1
2026/10/03 01:56:39.313, 19097, 0, 300, 23.36, 1
2026/10/03 01:56:39.363, 19097, 0, 300, 23.36, 1
2026/10/03 01:56:39.413, 19097, 0, 300, 23.36, 1
2026/10/03 01:56:39.464, 19097, 0, 300, 23.36, 1
2026/10/03 01:56:39.514, 19097, 0, 300, 23.36, 1
2026/10/03 01:56:39.564, 19097, 0, 300, 22.02, 1
2026/10/03 01:56:39.614, 19097, 0, 300, 22.02, 1
2026/10/03 01:56:39.665, 19097, 0, 300, 22.02, 1
2026/10/03 01:56:39.715, 19097, 0, 300, 22.02, 1
2026/10/03 01:56:39.765, 19097, 0, 300, 22.02, 1
2026/10/03 01:56:39.815, 19097, 0, 300, 22.02, 1
2026/10/03 01:56:39.865, 19097, 0, 300, 22.02, 1
2026/10/03 01:56:39.916, 19097, 0, 300, 22.02, 1
2026/10/03 01:56:39.966, 19097, 0, 300, 22.02, 1
2026/10/03 01:56:40.016, 19097, 0, 300, 22.02, 1
2026/10/03 01:56:40.066, 19097, 0, 300, 22.02, 1
2026/10/03 01:56:40.117, 19097, 0, 300, 22.02, 1
2026/10/03 01:56:40.167, 19097, 0, 300, 22.02, 1
2026/10/03 01:56:40.217, 19097, 0, 300, 22.02, 1
2026/10/03 01:56:40.267, 19097, 0, 300, 22.02, 1
2026/10/03 01:56:40.317, 19097, 0, 300, 22.02, 1
2026/10/03 01:56:40.368, 19097, 0, 300, 22.02, 1
2026/10/03 01:56:40.418, 19097, 0, 300, 22.02, 1
2026/10/03 01:56:40.468, 19097, 0, 300, 22.02, 1
2026/10/03 01:56:40.518, 19097, 0, 300, 22.02, 1
2026/10/03 01:56:40.568, 19097, 0, 300, 22.09, 1
2026/10/03 01:56:40.619, 19097, 0, 300, 22.09, 1
2026/10/03 01:56:40.669, 19097, 0, 300, 22.09, 1
2026/10/03 01:56:40.719, 19097, 0, 300, 22.09, 1
2026/10/03 01:56:40.769, 19097, 0, 300, 22.09, 1
2026/10/03 01:56:40.820, 19097, 0, 300, 22.09, 1
2026/10/03 01:56:40.870, 19097, 0, 300, 22.09, 1
2026/10/03 01:56:40.920, 19097, 0, 300, 22.09, 1
2026/10/03 01:56:40.970, 19097, 0, 300, 22.09, 1
2026/10/03 01:56:41.020, 19097, 0, 300, 22.09, 1
2026/10/03 01:56:41.071, 19097, 0, 300, 22.09, 1
2026/10/03 01:56:41.121, 19097, 0, 300, 22.09, 1
2026/10/03 01:56:41.171, 19097, 0, 300, 22.09, 1
2026/10/03 01:56:41.221, 19097, 0, 300, 22.09, 1
2026/10/03 01:56:41.271, 19097, 0, 300, 22.09, 1
2026/10/03 01:56:41.322, 19097, 0, 300, 22.09, 1
2026/10/03 01:56:41.372, 19097, 0, 300, 22.09, 1
2026/10/03 01:56:41.422, 19097, 0, 300, 22.09, 1
2026/10/03 01:56:41.472, 19097, 0, 300, 22.09, 1
2026/10/03 01:56:41.522, 19097, 0, 300, 22.09, 1
2026/10/03 01:56:41.573, 19097, 0, 300, 22.68, 1
2026/10/03 01:56:41.623, 19097, 0, 300, 22.68, 1
2026/10/03 01:56:41.673, 19097, 0, 300, 22.68, 1
2026/10/03 01:56:41.723, 19097, 0, 300, 22.68, 1
2026/10/03 01:56:41.774, 19097, 0, 300, 22.68, 1
2026/10/03 01:56:41.825, 19097, 0, 300, 22.68, 1
2026/10/03 01:56:41.875, 19097, 0, 300, 22.68, 1
2026/10/03 01:56:41.925, 19097, 0, 300, 22.68, 1
2026/10/03 01:56:41.975, 19097, 0, 300, 22.68, 1
2026/10/03 01:56:42.026, 19097, 0, 300, 22.68, 1
2026/10/03 01:56:42.076, 19097, 0, 300, 22.68, 1
2026/10/03 01:56:42.127, 19097, 0, 300, 22.68, 1
2026/10/03 01:56:42.177, 19097, 0, 300, 22.68, 1
2026/10/03 01:56:42.227, 19097, 0, 300, 22.68, 1
2026/10/03 01:56:42.277, 19097, 0, 300, 22.68, 1
2026/10/03 01:56:42.327, 19097, 0, 300, 22.68, 1
2026/10/03 01:56:42.378, 19097, 0, 300, 22.68, 1
2026/10/03 01:56:42.428, 19097, 0, 300, 22.68, 1
2026/10/03 01:56:42.479, 19097, 0, 300, 22.68, 1
2026/10/03 01:56:42.529, 19097, 0, 300, 22.68, 1
2026/10/03 01:56:42.579, 19097, 0, 300, 22.45, 1
2026/10/03 01:56:42.629, 19097, 0, 300, 22.45, 1
2026/10/03 01:56:42.679, 19097, 0, 300, 22.45, 1
2026/10/03 01:56:42.730, 19097, 0, 300, 22.45, 1
2026/10/03 01:56:42.780, 19097, 0, 300, 22.45, 1
2026/10/03 01:56:42.830, 19097, 0, 300, 22.45, 1
2026/10/03 01:56:42.880, 19097, 0, 300, 22.45, 1
2026/10/03 01:56:42.930, 19097, 0, 300, 22.45, 1
2026/10/03 01:56:42.980, 19097, 0, 300, 22.45, 1
2026/10/03 01:56:43.031, 19097, 0, 300, 22.45, 1
2026/10/03 01:56:43.081, 19097, 0, 300, 22.45, 1
2026/10/03 01:56:43.131, 19097, 0, 300, 22.45, 1
2026/10/03 01:56:43.181, 19097, 0, 300, 22.45, 1
2026/10/03 01:56:43.231, 19097, 0, 300, 22.45, 1
2026/10/03 01:56:43.282, 19097, 0, 300, 22.45, 1
2026/10/03 01:56:43.332, 19097, 0, 300, 22.45, 1
2026/10/03 01:56:43.383, 19097, 0, 300, 22.45, 1
2026/10/03 01:56:43.433, 19097, 0, 300, 22.45, 1
2026/10/03 01:56:43.483, 19097, 0, 300, 22.45, 1
2026/10/03 01:56:43.534, 19097, 0, 300, 22.45, 1
2026/10/03 01:56:43.584, 19097, 0, 300, 23.13, 1
2026/10/03 01:56:43.634, 19097, 0, 300, 23.13, 1
2026/10/03 01:56:43.684, 19097, 0, 300, 23.13, 1
2026/10/03 01:56:43.735, 19097, 0, 300, 23.13, 1
2026/10/03 01:56:43.785, 19097, 0, 300, 23.13, 1
2026/10/03 01:56:43.835, 19097, 0, 300, 23.13, 1
2026/10/03 01:56:43.885, 19097, 0, 300, 23.13, 1
2026/10/03 01:56:43.935, 19097, 0, 300, 23.13, 1
2026/10/03 01:56:43.986, 19097, 0, 300, 23.13, 1
2026/10/03 01:56:44.036, 19097, 0, 300, 23.13, 1
2026/10/03 01:56:44.086, 19097, 0, 300, 23.13, 1
2026/10/03 01:56:44.136, 19097, 0, 300, 23.13, 1
2026/10/03 01:56:44.187, 19097, 0, 300, 23.13, 1
2026/10/03 01:56:44.237, 19097, 0, 300, 23.13, 1
2026/10/03 01:56:44.287, 19097, 0, 300, 23.13, 1
2026/10/03 01:56:44.337, 19097, 0, 300, 23.13, 1
2026/10/03 01:56:44.387, 19097, 0, 300, 23.13, 1
2026/10/03 01:56:44.438, 19097, 0, 300, 23.13, 1
2026/10/03 01:56:44.488, 19097, 0, 300, 23.13, 1
2026/10/03 01:56:44.538, 19097, 0, 300, 23.13, 1
2026/10/03 01:56:44.589, 19097, 0, 300, 21.53, 1
2026/10/03 01:56:44.639, 19097, 0, 300, 21.53, 1
2026/10/03 01:56:44.689, 19097, 0, 300, 21.53, 1
2026/10/03 01:56:44.740, 19097, 0, 300, 21.53, 1
2026/10/03 01:56:44.790, 19097, 0, 300, 21.53, 1
2026/10/03 01:56:44.840, 19097, 0, 300, 21.53, 1
2026/10/03 01:56:44.891, 19097, 0, 300, 21.53, 1
2026/10/03 01:56:44.941, 19097, 0, 300, 21.53, 1
2026/10/03 01:56:44.991, 19097, 0, 300, 21.53, 1
2026/10/03 01:56:45.042, 19097, 0, 300, 21.53, 1
2026/10/03 01:56:45.092, 19097, 0, 300, 21.53, 1
2026/10/03 01:56:45.142, 19097, 0, 300, 21.53, 1
2026/10/03 01:56:45.192, 19097, 0, 300, 21.53, 1
2026/10/03 01:56:45.242, 19097, 0, 300, 21.53, 1
2026/10/03 01:56:45.293, 19097, 0, 300, 21.53, 1
2026/10/03 01:56:45.343, 19097, 0, 300, 21.53, 1
2026/10/03 01:56:45.393, 19097, 0, 300, 21.53, 1
2026/10/03 01:56:45.444, 19097, 0, 300, 21.53, 1
2026/10/03 01:56:45.494, 19097, 0, 300, 21.53, 1
2026/10/03 01:56:45.544, 19097, 0, 300, 21.53, 1
2026/10/03 01:56:45.594, 19097, 0, 300, 21.49, 1
2026/10/03 01:56:45.644, 19097, 0, 300, 21.49, 1
2026/10/03 01:56:45.695, 19097, 0, 300, 21.49, 1
2026/10/03 01:56:45.745, 19097, 0, 300, 21.49, 1
2026/10/03 01:56:45.796, 19097, 0, 300, 21.49, 1
2026/10/03 01:56:45.846, 19097, 0, 300, 21.49, 1
2026/10/03 01:56:45.896, 19097, 0, 300, 21.49, 1
2026/10/03 01:56:45.946, 19097, 0, 300, 21.49, 1
2026/10/03 01:56:45.996, 19097, 0, 300, 21.49, 1
2026/10/03 01:56:46.047, 19097, 0, 300, 21.49, 1
2026/10/03 01:56:46.097, 19097, 0, 300, 21.49, 1
2026/10/03 01:56:46.147, 19097, 0, 300, 21.49, 1
2026/10/03 01:56:46.197, 19097, 0, 300, 21.49, 1
2026/10/03 01:56:46.248, 19097, 0, 300, 21.49, 1
2026/10/03 01:56:46.298, 19097, 0, 300, 21.49, 1
2026/10/03 01:56:46.349, 19097, 0, 300, 21.49, 1
2026/10/03 01:56:46.399, 19097, 0, 300, 21.49, 1
2026/10/03 01:56:46.450, 19097, 0, 300, 21.49, 1
2026/10/03 01:56:46.501, 19097, 0, 300, 21.49, 1
2026/10/03 01:56:46.551, 19097, 0, 300, 21.49, 1
2026/10/03 01:56:46.601, 19097, 0, 300, 22.50, 1
2026/10/03 01:56:46.651, 19097, 0, 300, 22.50, 1
2026/10/03 01:56:46.702, 19097, 0, 300, 22.50, 1
2026/10/03 01:56:46.752, 19097, 0, 300, 22.50, 1
2026/10/03 01:56:46.802, 19097, 0, 300, 22.50, 1
2026/10/03 01:56:46.853, 19097, 0, 300, 22.50, 1
2026/10/03 01:56:46.903, 19097, 0, 300, 22.50, 1
2026/10/03 01:56:46.953, 19097, 0, 300, 22.50, 1
2026/10/03 01:56:47.004, 19097, 0, 300, 22.50, 1
2026/10/03 01:56:47.054, 19097, 0, 300, 22.50, 1
2026/10/03 01:56:47.104, 19097, 0, 300, 22.50, 1
2026/10/03 01:56:47.154, 19097, 0, 300, 22.50, 1
2026/10/03 01:56:47.204, 19097, 0, 300, 22.50, 1
2026/10/03 01:56:47.255, 19097, 0, 300, 22.50, 1
2026/10/03 01:56:47.305, 19097, 0, 300, 22.50, 1
2026/10/03 01:56:47.355, 19097, 0, 300, 22.50, 1
2026/10/03 01:56:47.405, 19097, 0, 300, 22.50, 1
2026/10/03 01:56:47.456, 19097, 0, 300, 22.50, 1
2026/10/03 01:56:47.506, 19097, 0, 300, 22.50, 1
2026/10/03 01:56:47.557, 19097, 0, 300, 22.50, 1
2026/10/03 01:56:47.607, 19097, 0, 300, 22.22, 1
2026/10/03 01:56:47.657, 19097, 0, 300, 22.22, 1
2026/10/03 01:56:47.707, 19097, 0, 300, 22.22, 1
2026/10/03 01:56:47.758, 19277, 0, 300, 22.22, 1
2026/10/03 01:56:47.808, 19317, 0, 300, 22.22, 1
2026/10/03 01:56:47.858, 19319, 0, 300, 22.22, 1
2026/10/03 01:56:47.909, 19339, 0, 300, 22.22, 1
2026/10/03 01:56:47.959, 19321, 0, 300, 22.22, 1
2026/10/03 01:56:48.009, 19343, 0, 300, 22.22, 1
2026/10/03 01:56:48.059, 19343, 45, 1702, 70.41, 4
2026/10/03 01:56:48.110, 19445, 45, 1702, 70.41, 4
2026/10/03 01:56:48.160, 19327, 45, 1702, 70.41, 4
2026/10/03 01:56:48.211, 19347, 45, 1702, 70.41, 4
2026/10/03 01:56:48.261, 19349, 45, 1702, 70.41, 4
2026/10/03 01:56:48.311, 19451, 45, 1702, 70.41, 4
2026/10/03 01:56:48.361, 19451, 45, 1702, 70.41, 4
2026/10/03 01:56:48.412, 19433, 45, 1702, 70.41, 4
2026/10/03 01:56:48.462, 19355, 45, 1702, 70.41, 4
2026/10/03 01:56:48.512, 19355, 45, 1702, 70.41, 4
2026/10/03 01:56:48.562, 19337, 45, 3045, 93.58, 4
2026/10/03 01:56:48.612, 19459, 45, 3045, 93.58, 4
2026/10/03 01:56:48.663, 19459, 45, 3045, 93.58, 4
2026/10/03 01:56:48.713, 19461, 45, 3045, 93.58, 4
2026/10/03 01:56:48.763, 19343, 45, 3045, 93.58, 4
2026/10/03 01:56:48.813, 19363, 45, 3045, 93.58, 4
2026/10/03 01:56:48.864, 19385, 45, 3045, 93.58, 4
2026/10/03 01:56:48.914, 19467, 45, 3045, 93.58, 4
2026/10/03 01:56:48.964, 19369, 45, 3045, 93.58, 4
2026/10/03 01:56:49.014, 19349, 45, 3045, 93.58, 4
2026/10/03 01:56:49.064, 19351, 55, 3045, 96.63, 4
2026/10/03 01:56:49.114, 19351, 55, 3045, 96.63, 4
2026/10/03 01:56:49.165, 19473, 55, 3045, 96.63, 4
2026/10/03 01:56:49.215, 19475, 55, 3045, 96.63, 4
2026/10/03 01:56:49.265, 19475, 55, 3045, 96.63, 4
2026/10/03 01:56:49.315, 19457, 55, 3045, 96.63, 4
2026/10/03 01:56:49.365, 19359, 55, 3045, 96.63, 4
2026/10/03 01:56:49.416, 19379, 55, 3045, 96.63, 4
2026/10/03 01:56:49.466, 19381, 55, 3045, 96.63, 4
2026/10/03 01:56:49.516, 19361, 55, 3045, 96.63, 4
2026/10/03 01:56:49.566, 19483, 55, 3045, 95.48, 4
2026/10/03 01:56:49.617, 19385, 55, 3045, 95.48, 4
2026/10/03 01:56:49.667, 19387, 55, 3045, 95.48, 4
2026/10/03 01:56:49.717, 19487, 55, 3045, 95.48, 4
2026/10/03 01:56:49.767, 19489, 55, 3045, 95.48, 4
2026/10/03 01:56:49.817, 19491, 55, 3045, 95.48, 4
2026/10/03 01:56:49.867, 19171, 55, 3045, 95.48, 4
2026/10/03 01:56:49.918, 19171, 55, 3045, 95.48, 4
2026/10/03 01:56:49.968, 19171, 55, 3045, 95.48, 4
2026/10/03 01:56:50.018, 19171, 55, 3045, 95.48, 4
2026/10/03 01:56:50.068, 19171, 0, 3045, 87.33, 4
2026/10/03 01:56:50.119, 19171, 0, 3045, 87.33, 4
2026/10/03 01:56:50.169, 19171, 0, 3045, 87.33, 4
2026/10/03 01:56:50.219, 19171, 0, 3045, 87.33, 4
2026/10/03 01:56:50.269, 19171, 0, 3045, 87.33, 4
2026/10/03 01:56:50.320, 19171, 0, 3045, 87.33, 4
2026/10/03 01:56:50.370, 19171, 0, 3045, 87.33, 4
2026/10/03 01:56:50.420, 19171, 0, 3045, 87.33, 4
2026/10/03 01:56:50.470, 19171, 0, 3045, 87.33, 4
2026/10/03 01:56:50.520, 19171, 0, 3045, 87.33, 4
2026/10/03 01:56:50.571, 19171, 0, 3045, 87.93, 4
2026/10/03 01:56:50.621, 19171, 0, 3045, 87.93, 4
2026/10/03 01:56:50.671, 19171, 0, 3045, 87.93, 4
2026/10/03 01:56:50.721, 19171, 0, 3045, 87.93, 4
2026/10/03 01:56:50.771, 19171, 0, 3045, 87.93, 4
2026/10/03 01:56:50.822, 19171, 0, 3045, 87.93, 4
2026/10/03 01:56:50.872, 19171, 0, 3045, 87.93, 4
2026/10/03 01:56:50.922, 19171, 0, 3045, 87.93, 4
2026/10/03 01:56:50.972, 19171, 0, 3045, 87.93, 4
2026/10/03 01:56:51.022, 19171, 0, 3045, 87.93, 4
2026/10/03 01:56:51.073, 19171, 0, 3045, 89.14, 4
2026/10/03 01:56:51.123, 19171, 0, 3045, 89.14, 4
2026/10/03 01:56:51.173, 19171, 0, 3045, 89.14, 4
2026/10/03 01:56:51.224, 19171, 0, 3045, 89.14, 4
2026/10/03 01:56:51.274, 19171, 0, 3045, 89.14, 4
2026/10/03 01:56:51.324, 19171, 0, 3045, 89.14, 4
2026/10/03 01:56:51.375, 19171, 0, 3045, 89.14, 4
2026/10/03 01:56:51.425, 19171, 0, 3045, 89.14, 4
2026/10/03 01:56:51.475, 19171, 0, 3045, 89.14, 4
2026/10/03 01:56:51.525, 19171, 0, 3045, 89.14, 4
2026/10/03 01:56:51.576, 19171, 0, 3045, 87.77, 4
2026/10/03 01:56:51.626, 19171, 0, 3045, 87.77, 4
2026/10/03 01:56:51.676, 19171, 0, 3045, 87.77, 4
2026/10/03 01:56:51.726, 19171, 0, 3045, 87.77, 4
2026/10/03 01:56:51.776, 19171, 0, 3045, 87.77, 4
2026/10/03 01:56:51.827, 19171, 0, 3045, 87.77, 4
2026/10/03 01:56:51.877, 19171, 0, 3045, 87.77, 4
2026/10/03 01:56:51.928, 19171, 0, 3045, 87.77, 4
2026/10/03 01:56:51.978, 19171, 0, 3045, 87.77, 4
2026/10/03 01:56:52.028, 19171, 0, 3045, 87.77, 4
2026/10/03 01:56:52.079, 19171, 0, 2647, 66.58, 4
2026/10/03 01:56:52.129, 19171, 0, 2647, 66.58, 4
2026/10/03 01:56:52.179, 19171, 0, 2647, 66.58, 4
2026/10/03 01:56:52.230, 19171, 0, 2647, 66.58, 4
2026/10/03 01:56:52.280, 19171, 0, 2647, 66.58, 4
2026/10/03 01:56:52.330, 19171, 0, 2647, 66.58, 4
2026/10/03 01:56:52.381, 19171, 0, 2647, 66.58, 4
2026/10/03 01:56:52.431, 19171, 0, 2647, 66.58, 4
2026/10/03 01:56:52.481, 19171, 0, 2647, 66.58, 4
2026/10/03 01:56:52.532, 19171, 0, 2647, 66.58, 4
2026/10/03 01:56:52.582, 19171, 0, 2647, 67.03, 4
2026/10/03 01:56:52.633, 19171, 0, 2647, 67.03, 4
2026/10/03 01:56:52.683, 19171, 0, 2647, 67.03, 4
2026/10/03 01:56:52.733, 19171, 0, 2647, 67.03, 4
2026/10/03 01:56:52.784, 19171, 0, 2647, 67.03, 4
2026/10/03 01:56:52.834, 19171, 0, 2647, 67.03, 4
2026/10/03 01:56:52.884, 19171, 0, 2647, 67.03, 4
2026/10/03 01:56:52.934, 19171, 0, 2647, 67.03, 4
2026/10/03 01:56:52.985, 19171, 0, 2647, 67.03, 4
2026/10/03 01:56:53.035, 19171, 0, 2647, 67.03, 4
2026/10/03 01:56:53.085, 19171, 0, 2647, 66.61, 4
2026/10/03 01:56:53.135, 19171, 0, 2647, 66.61, 4
2026/10/03 01:56:53.185, 19171, 0, 2647, 66.61, 4
2026/10/03 01:56:53.236, 19171, 0, 2647, 66.61, 4
2026/10/03 01:56:53.286, 19171, 0, 2647, 66.61, 4
2026/10/03 01:56:53.336, 19171, 0, 2647, 66.61, 4
2026/10/03 01:56:53.386, 19171, 0, 2647, 66.61, 4
2026/10/03 01:56:53.437, 19171, 0, 2647, 66.61, 4
2026/10/03 01:56:53.487, 19171, 0, 2647, 66.61, 4
2026/10/03 01:56:53.537, 19171, 0, 2647, 66.61, 4
2026/10/03 01:56:53.588, 19171, 0, 2647, 65.49, 4
2026/10/03 01:56:53.638, 19171, 0, 2647, 65.49, 4
2026/10/03 01:56:53.688, 19171, 0, 2647, 65.49, 4
2026/10/03 01:56:53.738, 19171, 0, 2647, 65.49, 4
2026/10/03 01:56:53.789, 19171, 0, 2647, 65.49, 4
2026/10/03 01:56:53.839, 19171, 0, 2647, 65.49, 4
2026/10/03 01:56:53.889, 19171, 0, 2647, 65.49, 4
2026/10/03 01:56:53.940, 19171, 0, 2647, 65.49, 4
2026/10/03 01:56:53.990, 19171, 0, 2647, 65.49, 4
2026/10/03 01:56:54.040, 19171, 0, 2647, 65.49, 4
2026/10/03 01:56:54.090, 19171, 0, 2647, 66.46, 4
2026/10/03 01:56:54.141, 19171, 0, 2647, 66.46, 4
2026/10/03 01:56:54.191, 19171, 0, 2647, 66.46, 4
2026/10/03 01:56:54.241, 19171, 0, 2647, 66.46, 4
2026/10/03 01:56:54.291, 19171, 0, 2647, 66.46, 4
2026/10/03 01:56:54.341, 19171, 0, 2647, 66.46, 4
2026/10/03 01:56:54.392, 19171, 0, 2647, 66.46, 4
2026/10/03 01:56:54.442, 19171, 0, 2647, 66.46, 4
2026/10/03 01:56:54.493, 19171, 0, 2647, 66.46, 4
2026/10/03 01:56:54.543, 19171, 0, 2647, 66.46, 4
2026/10/03 01:56:54.593, 19171, 0, 2647, 65.75, 4
2026/10/03 01:56:54.643, 19171, 0, 2647, 65.75, 4
2026/10/03 01:56:54.694, 19171, 0, 2647, 65.75, 4
2026/10/03 01:56:54.744, 19171, 0, 2647, 65.75, 4
2026/10/03 01:56:54.794, 19171, 0, 2647, 65.75, 4
2026/10/03 01:56:54.844, 19171, 0, 2647, 65.75, 4
2026/10/03 01:56:54.894, 19171, 0, 2647, 65.75, 4
2026/10/03 01:56:54.945, 19171, 0, 2647, 65.75, 4
2026/10/03 01:56:54.995, 19171, 0, 2647, 65.75, 4
2026/10/03 01:56:55.045, 19171, 0, 2647, 65.75, 4
2026/10/03 01:56:55.095, 19171, 0, 2647, 65.67, 4
2026/10/03 01:56:55.146, 19171, 0, 2647, 65.67, 4
2026/10/03 01:56:55.196, 19171, 0, 2647, 65.67, 4
2026/10/03 01:56:55.246, 19171, 0, 2647, 65.67, 4
2026/10/03 01:56:55.297, 19171, 0, 2647, 65.67, 4
2026/10/03 01:56:55.347, 19181, 0, 2647, 65.67, 4
2026/10/03 01:56:55.397, 19221, 0, 2647, 65.67, 4
2026/10/03 01:56:55.447, 19241, 0, 2647, 65.67, 4
2026/10/03 01:56:55.498, 19283, 0, 2647, 65.67, 4
2026/10/03 01:56:55.548, 19345, 0, 2647, 65.67, 4
2026/10/03 01:56:55.598, 19345, 0, 2662, 75.60, 4
2026/10/03 01:56:55.649, 19405, 0, 2662, 75.60, 4
2026/10/03 01:56:55.699, 19445, 0, 2662, 75.60, 4
2026/10/03 01:56:55.749, 19445, 0, 2662, 75.60, 4
2026/10/03 01:56:55.799, 19445, 0, 2662, 75.60, 4
2026/10/03 01:56:55.850, 19445, 0, 2662, 75.60, 4
2026/10/03 01:56:55.900, 19445, 0, 2662, 75.60, 4
2026/10/03 01:56:55.950, 19445, 0, 2662, 75.60, 4
2026/10/03 01:56:56.000, 19565, 0, 2662, 75.60, 4
2026/10/03 01:56:56.051, 19565, 0, 2662, 75.60, 4
2026/10/03 01:56:56.101, 19567, 7, 2722, 96.53, 4
2026/10/03 01:56:56.151, 19567, 7, 2722, 96.53, 4
2026/10/03 01:56:56.201, 19567, 7, 2722, 96.53, 4
2026/10/03 01:56:56.252, 19567, 7, 2722, 96.53, 4
2026/10/03 01:56:56.302, 19567, 7, 2722, 96.53, 4
2026/10/03 01:56:56.352, 19567, 7, 2722, 96.53, 4
2026/10/03 01:56:56.402, 19567, 7, 2722, 96.53, 4
2026/10/03 01:56:56.453, 19567, 7, 2722, 96.53, 4
2026/10/03 01:56:56.503, 19567, 7, 2722, 96.53, 4
2026/10/03 01:56:56.553, 19567, 7, 2722, 96.53, 4
2026/10/03 01:56:56.603, 19567, 7, 2805, 140.68, 4
2026/10/03 01:56:56.653, 19567, 7, 2805, 140.68, 4
2026/10/03 01:56:56.704, 19567, 7, 2805, 140.68, 4
2026/10/03 01:56:56.754, 19627, 7, 2805, 140.68, 4
2026/10/03 01:56:56.804, 19627, 7, 2805, 140.68, 4
2026/10/03 01:56:56.854, 19627, 7, 2805, 140.68, 4
2026/10/03 01:56:56.904, 19627, 7, 2805, 140.68, 4
2026/10/03 01:56:56.955, 19627, 7, 2805, 140.68, 4
2026/10/03 01:56:57.005, 19627, 7, 2805, 140.68, 4
2026/10/03 01:56:57.055, 19627, 7, 2805, 140.68, 4
2026/10/03 01:56:57.105, 19627, 19, 2827, 129.60, 4
2026/10/03 01:56:57.155, 19627, 19, 2827, 129.60, 4
2026/10/03 01:56:57.205, 19627, 19, 2827, 129.60, 4
2026/10/03 01:56:57.256, 19629, 19, 2827, 129.60, 4
2026/10/03 01:56:57.306, 19629, 19, 2827, 129.60, 4
2026/10/03 01:56:57.356, 19629, 19, 2827, 129.60, 4
2026/10/03 01:56:57.406, 19629, 19, 2827, 129.60, 4
2026/10/03 01:56:57.456, 19629, 19, 2827, 129.60, 4
2026/10/03 01:56:57.507, 19629, 19, 2827, 129.60, 4
2026/10/03 01:56:57.557, 19629, 19, 2827, 129.60, 4
2026/10/03 01:56:57.607, 19629, 19, 2805, 93.59, 4
2026/10/03 01:56:57.657, 19629, 19, 2805, 93.59, 4
2026/10/03 01:56:57.707, 19629, 19, 2805, 93.59, 4
2026/10/03 01:56:57.758, 19629, 19, 2805, 93.59, 4
2026/10/03 01:56:57.808, 19629, 19, 2805, 93.59, 4
2026/10/03 01:56:57.858, 19629, 19, 2805, 93.59, 4
2026/10/03 01:56:57.908, 19629, 19, 2805, 93.59, 4
2026/10/03 01:56:57.958, 19629, 19, 2805, 93.59, 4
2026/10/03 01:56:58.008, 19629, 19, 2805, 93.59, 4
2026/10/03 01:56:58.059, 19629, 20, 2820, 144.35, 4
2026/10/03 01:56:58.109, 19629, 20, 2820, 144.35, 4
2026/10/03 01:56:58.159, 19629, 20, 2820, 144.35, 4
2026/10/03 01:56:58.209, 19629, 20, 2820, 144.35, 4
2026/10/03 01:56:58.259, 19629, 20, 2820, 144.35, 4
2026/10/03 01:56:58.310, 19629, 20, 2820, 144.35, 4
2026/10/03 01:56:58.360, 19631, 20, 2820, 144.35, 4
2026/10/03 01:56:58.410, 19631, 20, 2820, 144.35, 4
2026/10/03 01:56:58.460, 19631, 20, 2820, 144.35, 4
2026/10/03 01:56:58.510, 19631, 20, 2820, 144.35, 4
2026/10/03 01:56:58.560, 19631, 20, 2820, 131.14, 4
2026/10/03 01:56:58.611, 19631, 20, 2820, 131.14, 4
2026/10/03 01:56:58.661, 19631, 20, 2820, 131.14, 4
2026/10/03 01:56:58.711, 19631, 20, 2820, 131.14, 4
2026/10/03 01:56:58.761, 19631, 20, 2820, 131.14, 4
2026/10/03 01:56:58.811, 19631, 20, 2820, 131.14, 4
2026/10/03 01:56:58.862, 19631, 20, 2820, 131.14, 4
2026/10/03 01:56:58.912, 19631, 20, 2820, 131.14, 4
2026/10/03 01:56:58.962, 19671, 20, 2820, 131.14, 4
2026/10/03 01:56:59.012, 19671, 20, 2820, 131.14, 4
2026/10/03 01:56:59.062, 19671, 18, 2797, 114.44, 4
2026/10/03 01:56:59.113, 19671, 18, 2797, 114.44, 4
2026/10/03 01:56:59.163, 19671, 18, 2797, 114.44, 4
2026/10/03 01:56:59.213, 19671, 18, 2797, 114.44, 4
2026/10/03 01:56:59.263, 19671, 18, 2797, 114.44, 4
2026/10/03 01:56:59.313, 19671, 18, 2797, 114.44, 4
2026/10/03 01:56:59.363, 19671, 18, 2797, 114.44, 4
2026/10/03 01:56:59.414, 19671, 18, 2797, 114.44, 4
2026/10/03 01:56:59.464, 19673, 18, 2797, 114.44, 4
2026/10/03 01:56:59.514, 19673, 18, 2797, 114.44, 4
2026/10/03 01:56:59.564, 19673, 18, 2820, 139.37, 4
2026/10/03 01:56:59.614, 19673, 18, 2820, 139.37, 4
2026/10/03 01:56:59.665, 19673, 18, 2820, 139.37, 4
2026/10/03 01:56:59.715, 19673, 18, 2820, 139.37, 4
2026/10/03 01:56:59.765, 19693, 18, 2820, 139.37, 4
2026/10/03 01:56:59.815, 19693, 18, 2820, 139.37, 4
2026/10/03 01:56:59.865, 19693, 18, 2820, 139.37, 4
2026/10/03 01:56:59.915, 19693, 18, 2820, 139.37, 4
2026/10/03 01:56:59.966, 19693, 18, 2820, 139.37, 4
2026/10/03 01:57:00.016, 19693, 18, 2820, 139.37, 4
2026/10/03 01:57:00.066, 19693, 17, 2782, 98.29, 4
2026/10/03 01:57:00.116, 19693, 17, 2782, 98.29, 4
2026/10/03 01:57:00.166, 19693, 17, 2782, 98.29, 4
2026/10/03 01:57:00.217, 19693, 17, 2782, 98.29, 4
2026/10/03 01:57:00.267, 19693, 17, 2782, 98.29, 4
2026/10/03 01:57:00.317, 19693, 17, 2782, 98.29, 4
2026/10/03 01:57:00.367, 19693, 17, 2782, 98.29, 4
2026/10/03 01:57:00.417, 19693, 17, 2782, 98.29, 4
2026/10/03 01:57:00.467, 19693, 17, 2782, 98.29, 4
2026/10/03 01:57:00.518, 19693, 17, 2782, 98.29, 4
2026/10/03 01:57:00.568, 19695, 17, 2820, 145.56, 4
2026/10/03 01:57:00.618, 19715, 17, 2820, 145.56, 4
2026/10/03 01:57:00.668, 19715, 17, 2820, 145.56, 4
2026/10/03 01:57:00.718, 19715, 17, 2820, 145.56, 4
2026/10/03 01:57:00.769, 19715, 17, 2820, 145.56, 4
2026/10/03 01:57:00.819, 19715, 17, 2820, 145.56, 4
2026/10/03 01:57:00.869, 19715, 17, 2820, 145.56, 4
2026/10/03 01:57:00.919, 19715, 17, 2820, 145.56, 4
2026/10/03 01:57:00.969, 19715, 17, 2820, 145.56, 4
2026/10/03 01:57:01.019, 19715, 17, 2820, 145.56, 4
2026/10/03 01:57:01.070, 19715, 18, 2812, 124.24, 4
2026/10/03 01:57:01.120, 19715, 18, 2812, 124.24, 4
2026/10/03 01:57:01.171, 19715, 18, 2812, 124.24, 4
2026/10/03 01:57:01.221, 19715, 18, 2812, 124.24, 4
2026/10/03 01:57:01.271, 19715, 18, 2812, 124.24, 4
2026/10/03 01:57:01.322, 19715, 18, 2812, 124.24, 4
2026/10/03 01:57:01.373, 19715, 18, 2812, 124.24, 4
2026/10/03 01:57:01.423, 19735, 18, 2812, 124.24, 4
2026/10/03 01:57:01.473, 19735, 18, 2812, 124.24, 4
2026/10/03 01:57:01.523, 19735, 18, 2812, 124.24, 4
2026/10/03 01:57:01.574, 19735, 18, 2797, 91.49, 4
2026/10/03 01:57:01.624, 19735, 18, 2797, 91.49, 4
2026/10/03 01:57:01.675, 19737, 18, 2797, 91.49, 4
2026/10/03 01:57:01.725, 19737, 18, 2797, 91.49, 4
2026/10/03 01:57:01.775, 19737, 18, 2797, 91.49, 4
2026/10/03 01:57:01.825, 19737, 18, 2797, 91.49, 4
2026/10/03 01:57:01.875, 19737, 18, 2797, 91.49, 4
2026/10/03 01:57:01.927, 19737, 18, 2797, 91.49, 4
2026/10/03 01:57:01.977, 19757, 18, 2797, 91.49, 4
2026/10/03 01:57:02.028, 19757, 18, 2797, 91.49, 4
2026/10/03 01:57:02.079, 19757, 22, 2820, 141.81, 4
2026/10/03 01:57:02.129, 19757, 22, 2820, 141.81, 4
2026/10/03 01:57:02.179, 19757, 22, 2820, 141.81, 4
2026/10/03 01:57:02.230, 19757, 22, 2820, 141.81, 4
2026/10/03 01:57:02.280, 19757, 22, 2820, 141.81, 4
2026/10/03 01:57:02.330, 19757, 22, 2820, 141.81, 4
2026/10/03 01:57:02.380, 19757, 22, 2820, 141.81, 4
2026/10/03 01:57:02.430, 19757, 22, 2820, 141.81, 4
2026/10/03 01:57:02.481, 19757, 22, 2820, 141.81, 4
2026/10/03 01:57:02.531, 20117, 22, 2820, 141.81, 4
2026/10/03 01:57:02.581, 20117, 22, 2812, 158.99, 4
2026/10/03 01:57:02.631, 20117, 22, 2812, 158.99, 4
2026/10/03 01:57:02.681, 20117, 22, 2812, 158.99, 4
2026/10/03 01:57:02.732, 20117, 22, 2812, 158.99, 4
2026/10/03 01:57:02.782, 20117, 22, 2812, 158.99, 4
2026/10/03 01:57:02.832, 20117, 22, 2812, 158.99, 4
2026/10/03 01:57:02.882, 20117, 22, 2812, 158.99, 4
2026/10/03 01:57:02.932, 20117, 22, 2812, 158.99, 4
2026/10/03 01:57:02.982, 20117, 22, 2812, 158.99, 4
2026/10/03 01:57:03.033, 20117, 22, 2812, 158.99, 4
2026/10/03 01:57:03.083, 20117, 20, 2767, 90.38, 4
2026/10/03 01:57:03.133, 20117, 20, 2767, 90.38, 4
2026/10/03 01:57:03.183, 20117, 20, 2767, 90.38, 4
2026/10/03 01:57:03.233, 20117, 20, 2767, 90.38, 4
2026/10/03 01:57:03.284, 20117, 20, 2767, 90.38, 4
2026/10/03 01:57:03.334, 20117, 20, 2767, 90.38, 4
2026/10/03 01:57:03.384, 20117, 20, 2767, 90.38, 4
2026/10/03 01:57:03.434, 20117, 20, 2767, 90.38, 4
2026/10/03 01:57:03.484, 20117, 20, 2767, 90.38, 4
2026/10/03 01:57:03.534, 20117, 20, 2767, 90.38, 4
2026/10/03 01:57:03.585, 20117, 20, 2835, 144.33, 4
2026/10/03 01:57:03.635, 20117, 20, 2835, 144.33, 4
2026/10/03 01:57:03.685, 20117, 20, 2835, 144.33, 4
2026/10/03 01:57:03.735, 20117, 20, 2835, 144.33, 4
2026/10/03 01:57:03.785, 20117, 20, 2835, 144.33, 4
2026/10/03 01:57:03.835, 20117, 20, 2835, 144.33, 4
2026/10/03 01:57:03.886, 20117, 20, 2835, 144.33, 4
2026/10/03 01:57:03.936, 20117, 20, 2835, 144.33, 4
2026/10/03 01:57:03.986, 20117, 20, 2835, 144.33, 4
2026/10/03 01:57:04.036, 20117, 20, 2835, 144.33, 4
2026/10/03 01:57:04.086, 20117, 22, 2827, 149.03, 4
2026/10/03 01:57:04.136, 20117, 22, 2827, 149.03, 4
2026/10/03 01:57:04.187, 20117, 22, 2827, 149.03, 4
2026/10/03 01:57:04.237, 20117, 22, 2827, 149.03, 4
2026/10/03 01:57:04.287, 20117, 22, 2827, 149.03, 4
2026/10/03 01:57:04.337, 20117, 22, 2827, 149.03, 4
2026/10/03 01:57:04.387, 20117, 22, 2827, 149.03, 4
2026/10/03 01:57:04.437, 20117, 22, 2827, 149.03, 4
2026/10/03 01:57:04.488, 20117, 22, 2827, 149.03, 4
2026/10/03 01:57:04.538, 20117, 22, 2827, 149.03, 4
2026/10/03 01:57:04.588, 20117, 22, 2835, 143.18, 4
2026/10/03 01:57:04.638, 20117, 22, 2835, 143.18, 4
2026/10/03 01:57:04.688, 20117, 22, 2835, 143.18, 4
2026/10/03 01:57:04.738, 20117, 22, 2835, 143.18, 4
2026/10/03 01:57:04.789, 20117, 22, 2835, 143.18, 4
2026/10/03 01:57:04.839, 20117, 22, 2835, 143.18, 4
2026/10/03 01:57:04.889, 20117, 22, 2835, 143.18, 4
2026/10/03 01:57:04.939, 20117, 22, 2835, 143.18, 4
2026/10/03 01:57:04.989, 20117, 22, 2835, 143.18, 4
2026/10/03 01:57:05.039, 20117, 22, 2835, 143.18, 4
2026/10/03 01:57:05.089, 20117, 22, 2820, 137.57, 4
2026/10/03 01:57:05.140, 20117, 22, 2820, 137.57, 4
2026/10/03 01:57:05.190, 20117, 22, 2820, 137.57, 4
2026/10/03 01:57:05.240, 20117, 22, 2820, 137.57, 4
2026/10/03 01:57:05.290, 20117, 22, 2820, 137.57, 4
2026/10/03 01:57:05.340, 20117, 22, 2820, 137.57, 4
2026/10/03 01:57:05.390, 20117, 22, 2820, 137.57, 4
2026/10/03 01:57:05.440, 20117, 22, 2820, 137.57, 4
2026/10/03 01:57:05.491, 20117, 22, 2820, 137.57, 4
2026/10/03 01:57:05.541, 20117, 22, 2820, 137.57, 4
2026/10/03 01:57:05.591, 20117, 22, 2827, 148.15, 4
2026/10/03 01:57:05.641, 20117, 22, 2827, 148.15, 4
2026/10/03 01:57:05.691, 20117, 22, 2827, 148.15, 4
2026/10/03 01:57:05.741, 20117, 22, 2827, 148.15, 4
2026/10/03 01:57:05.791, 20117, 22, 2827, 148.15, 4
2026/10/03 01:57:05.842, 20117, 22, 2827, 148.15, 4
2026/10/03 01:57:05.892, 20117, 22, 2827, 148.15, 4
2026/10/03 01:57:05.942, 20117, 22, 2827, 148.15, 4
2026/10/03 01:57:05.992, 20117, 22, 2827, 148.15, 4
2026/10/03 01:57:06.042, 20117, 22, 2827, 148.15, 4
2026/10/03 01:57:06.093, 20117, 24, 2827, 146.64, 4
2026/10/03 01:57:06.143, 20117, 24, 2827, 146.64, 4
2026/10/03 01:57:06.193, 20117, 24, 2827, 146.64, 4
2026/10/03 01:57:06.243, 20117, 24, 2827, 146.64, 4
2026/10/03 01:57:06.293, 20117, 24, 2827, 146.64, 4
2026/10/03 01:57:06.344, 20117, 24, 2827, 146.64, 4
2026/10/03 01:57:06.394, 20117, 24, 2827, 146.64, 4
2026/10/03 01:57:06.444, 20117, 24, 2827, 146.64, 4
2026/10/03 01:57:06.512, 20117, 24, 2827, 146.64, 4
2026/10/03 01:57:06.578, 20117, 24, 2827, 140.42, 4
2026/10/03 01:57:06.628, 20117, 24, 2827, 140.42, 4
2026/10/03 01:57:06.682, 20117, 24, 2827, 140.42, 4
2026/10/03 01:57:06.732, 20117, 24, 2827, 140.42, 4
2026/10/03 01:57:06.782, 20117, 24, 2827, 140.42, 4
2026/10/03 01:57:06.833, 20117, 24, 2827, 140.42, 4
2026/10/03 01:57:06.883, 20117, 24, 2827, 140.42, 4
2026/10/03 01:57:06.933, 20117, 24, 2827, 140.42, 4
2026/10/03 01:57:06.983, 20117, 24, 2827, 140.42, 4
2026/10/03 01:57:07.033, 20117, 24, 2827, 140.42, 4
2026/10/03 01:57:07.083, 20117, 20, 2835, 136.71, 4
2026/10/03 01:57:07.134, 20117, 20, 2835, 136.71, 4
2026/10/03 01:57:07.184, 20117, 20, 2835, 136.71, 4
2026/10/03 01:57:07.234, 20117, 20, 2835, 136.71, 4
2026/10/03 01:57:07.284, 20117, 20, 2835, 136.71, 4
2026/10/03 01:57:07.335, 20117, 20, 2835, 136.71, 4
2026/10/03 01:57:07.385, 20117, 20, 2835, 136.71, 4
2026/10/03 01:57:07.435, 20117, 20, 2835, 136.71, 4
2026/10/03 01:57:07.486, 20117, 20, 2835, 136.71, 4
2026/10/03 01:57:07.536, 20117, 20, 2835, 136.71, 4
2026/10/03 01:57:07.587, 20117, 20, 2820, 124.34, 4
2026/10/03 01:57:07.637, 20117, 20, 2820, 124.34, 4
2026/10/03 01:57:07.687, 20117, 20, 2820, 124.34, 4
2026/10/03 01:57:07.737, 20117, 20, 2820, 124.34, 4
2026/10/03 01:57:07.787, 20117, 20, 2820, 124.34, 4
2026/10/03 01:57:07.837, 20117, 20, 2820, 124.34, 4
2026/10/03 01:57:07.888, 20117, 20, 2820, 124.34, 4
2026/10/03 01:57:07.938, 20117, 20, 2820, 124.34, 4
2026/10/03 01:57:07.988, 20117, 20, 2820, 124.34, 4
2026/10/03 01:57:08.038, 20117, 20, 2820, 124.34, 4
2026/10/03 01:57:08.089, 20117, 19, 2812, 105.63, 4
2026/10/03 01:57:08.139, 20117, 19, 2812, 105.63, 4
2026/10/03 01:57:08.189, 20117, 19, 2812, 105.63, 4
2026/10/03 01:57:08.239, 20117, 19, 2812, 105.63, 4
2026/10/03 01:57:08.289, 20117, 19, 2812, 105.63, 4
2026/10/03 01:57:08.340, 20117, 19, 2812, 105.63, 4
2026/10/03 01:57:08.390, 20117, 19, 2812, 105.63, 4
2026/10/03 01:57:08.440, 20117, 19, 2812, 105.63, 4
2026/10/03 01:57:08.490, 20117, 19, 2812, 105.63, 4
2026/10/03 01:57:08.540, 20117, 19, 2812, 105.63, 4
2026/10/03 01:57:08.591, 20117, 19, 2790, 115.19, 4
2026/10/03 01:57:08.641, 20117, 19, 2790, 115.19, 4
2026/10/03 01:57:08.691, 20117, 19, 2790, 115.19, 4
2026/10/03 01:57:08.741, 20117, 19, 2790, 115.19, 4
2026/10/03 01:57:08.791, 20117, 19, 2790, 115.19, 4
2026/10/03 01:57:08.842, 20117, 19, 2790, 115.19, 4
2026/10/03 01:57:08.892, 20117, 19, 2790, 115.19, 4
2026/10/03 01:57:08.942, 20117, 19, 2790, 115.19, 4
2026/10/03 01:57:08.992, 20117, 19, 2790, 115.19, 4
2026/10/03 01:57:09.043, 20117, 19, 2790, 115.19, 4
2026/10/03 01:57:09.094, 20117, 20, 2850, 131.08, 4
2026/10/03 01:57:09.144, 20117, 20, 2850, 131.08, 4
2026/10/03 01:57:09.194, 20117, 20, 2850, 131.08, 4
2026/10/03 01:57:09.246, 20117, 20, 2850, 131.08, 4
2026/10/03 01:57:09.296, 20117, 20, 2850, 131.08, 4
2026/10/03 01:57:09.350, 20117, 20, 2850, 131.08, 4
2026/10/03 01:57:09.400, 20117, 20, 2850, 131.08, 4
2026/10/03 01:57:09.454, 20117, 20, 2850, 131.08, 4
2026/10/03 01:57:09.504, 20117, 20, 2850, 131.08, 4
2026/10/03 01:57:09.554, 20117, 20, 2850, 131.08, 4
2026/10/03 01:57:09.605, 20117, 20, 2842, 133.09, 4
2026/10/03 01:57:09.655, 20117, 20, 2842, 133.09, 4
2026/10/03 01:57:09.705, 20117, 20, 2842, 133.09, 4
2026/10/03 01:57:09.755, 20117, 20, 2842, 133.09, 4
2026/10/03 01:57:09.805, 20117, 20, 2842, 133.09, 4
2026/10/03 01:57:09.856, 20117, 20, 2842, 133.09, 4
2026/10/03 01:57:09.906, 20117, 20, 2842, 133.09, 4
2026/10/03 01:57:09.956, 20117, 20, 2842, 133.09, 4
2026/10/03 01:57:10.007, 20117, 20, 2842, 133.09, 4
2026/10/03 01:57:10.057, 20117, 20, 2842, 133.09, 4
2026/10/03 01:57:10.107, 20117, 23, 2820, 149.62, 4
2026/10/03 01:57:10.157, 20117, 23, 2820, 149.62, 4
2026/10/03 01:57:10.207, 20117, 23, 2820, 149.62, 4
2026/10/03 01:57:10.258, 20117, 23, 2820, 149.62, 4
2026/10/03 01:57:10.308, 20117, 23, 2820, 149.62, 4
2026/10/03 01:57:10.358, 20117, 23, 2820, 149.62, 4
2026/10/03 01:57:10.408, 20117, 23, 2820, 149.62, 4
2026/10/03 01:57:10.458, 20117, 23, 2820, 149.62, 4
2026/10/03 01:57:10.509, 20117, 23, 2820, 149.62, 4
2026/10/03 01:57:10.559, 20117, 23, 2797, 124.07, 4
2026/10/03 01:57:10.609, 20117, 23, 2797, 124.07, 4
2026/10/03 01:57:10.659, 20117, 23, 2797, 124.07, 4
2026/10/03 01:57:10.709, 20117, 23, 2797, 124.07, 4
2026/10/03 01:57:10.759, 20117, 23, 2797, 124.07, 4
2026/10/03 01:57:10.810, 20117, 23, 2797, 124.07, 4
2026/10/03 01:57:10.860, 20117, 23, 2797, 124.07, 4
2026/10/03 01:57:10.910, 20117, 23, 2797, 124.07, 4
2026/10/03 01:57:10.960, 20117, 23, 2797, 124.07, 4
2026/10/03 01:57:11.010, 20117, 23, 2797, 124.07, 4
2026/10/03 01:57:11.061, 20117, 19, 2805, 111.14, 4
2026/10/03 01:57:11.111, 20117, 19, 2805, 111.14, 4
2026/10/03 01:57:11.161, 20117, 19, 2805, 111.14, 4
2026/10/03 01:57:11.211, 20117, 19, 2805, 111.14, 4
2026/10/03 01:57:11.261, 20117, 19, 2805, 111.14, 4
2026/10/03 01:57:11.312, 20117, 19, 2805, 111.14, 4
2026/10/03 01:57:11.362, 20117, 19, 2805, 111.14, 4
2026/10/03 01:57:11.412, 20117, 19, 2805, 111.14, 4
2026/10/03 01:57:11.462, 20117, 19, 2805, 111.14, 4
2026/10/03 01:57:11.512, 20117, 19, 2805, 111.14, 4
2026/10/03 01:57:11.563, 20117, 19, 2835, 127.44, 4
2026/10/03 01:57:11.613, 20117, 19, 2835, 127.44, 4
2026/10/03 01:57:11.663, 20117, 19, 2835, 127.44, 4
2026/10/03 01:57:11.713, 20117, 19, 2835, 127.44, 4
2026/10/03 01:57:11.763, 20117, 19, 2835, 127.44, 4
2026/10/03 01:57:11.814, 20117, 19, 2835, 127.44, 4
2026/10/03 01:57:11.864, 20117, 19, 2835, 127.44, 4
2026/10/03 01:57:11.914, 20117, 19, 2835, 127.44, 4
2026/10/03 01:57:11.964, 20117, 19, 2835, 127.44, 4
2026/10/03 01:57:12.014, 20117, 19, 2835, 127.44, 4
2026/10/03 01:57:12.064, 20117, 15, 2835, 122.10, 4
2026/10/03 01:57:12.115, 20117, 15, 2835, 122.10, 4
2026/10/03 01:57:12.165, 20117, 15, 2835, 122.10, 4
2026/10/03 01:57:12.217, 20117, 15, 2835, 122.10, 4
2026/10/03 01:57:12.267, 20117, 15, 2835, 122.10, 4
2026/10/03 01:57:12.317, 20117, 15, 2835, 122.10, 4
2026/10/03 01:57:12.368, 20117, 15, 2835, 122.10, 4
2026/10/03 01:57:12.418, 20117, 15, 2835, 122.10, 4
2026/10/03 01:57:12.468, 20117, 15, 2835, 122.10, 4
2026/10/03 01:57:12.518, 20117, 15, 2835, 122.10, 4
2026/10/03 01:57:12.568, 20117, 15, 2805, 125.59, 4
2026/10/03 01:57:12.619, 20117, 15, 2805, 125.59, 4
2026/10/03 01:57:12.669, 20117, 15, 2805, 125.59, 4
2026/10/03 01:57:12.719, 20117, 15, 2805, 125.59, 4
2026/10/03 01:57:12.769, 20117, 15, 2805, 125.59, 4
2026/10/03 01:57:12.819, 20117, 15, 2805, 125.59, 4
2026/10/03 01:57:12.870, 20117, 15, 2805, 125.59, 4
2026/10/03 01:57:12.920, 20117, 15, 2805, 125.59, 4
2026/10/03 01:57:12.970, 20117, 15, 2805, 125.59, 4
2026/10/03 01:57:13.020, 20117, 15, 2805, 125.59, 4
2026/10/03 01:57:13.071, 20117, 18, 2842, 128.55, 4
2026/10/03 01:57:13.121, 20117, 18, 2842, 128.55, 4
2026/10/03 01:57:13.171, 20117, 18, 2842, 128.55, 4
2026/10/03 01:57:13.222, 20117, 18, 2842, 128.55, 4
2026/10/03 01:57:13.272, 20117, 18, 2842, 128.55, 4
2026/10/03 01:57:13.322, 20117, 18, 2842, 128.55, 4
2026/10/03 01:57:13.372, 20117, 18, 2842, 128.55, 4
2026/10/03 01:57:13.422, 20117, 18, 2842, 128.55, 4
2026/10/03 01:57:13.473, 20117, 18, 2842, 128.55, 4
2026/10/03 01:57:13.523, 20117, 18, 2842, 128.55, 4
2026/10/03 01:57:13.573, 20117, 18, 2820, 143.86, 4
2026/10/03 01:57:13.623, 20117, 18, 2820, 143.86, 4
2026/10/03 01:57:13.674, 20117, 18, 2820, 143.86, 4
2026/10/03 01:57:13.724, 20117, 18, 2820, 143.86, 4
2026/10/03 01:57:13.774, 20117, 18, 2820, 143.86, 4
2026/10/03 01:57:13.824, 20117, 18, 2820, 143.86, 4
2026/10/03 01:57:13.874, 20117, 18, 2820, 143.86, 4
2026/10/03 01:57:13.925, 20117, 18, 2820, 143.86, 4
2026/10/03 01:57:13.975, 20117, 18, 2820, 143.86, 4
2026/10/03 01:57:14.025, 20117, 18, 2820, 143.86, 4
2026/10/03 01:57:14.075, 20117, 21, 2805, 121.30, 4
2026/10/03 01:57:14.125, 20117, 21, 2805, 121.30, 4
2026/10/03 01:57:14.176, 20117, 21, 2805, 121.30, 4
2026/10/03 01:57:14.226, 20117, 21, 2805, 121.30, 4
2026/10/03 01:57:14.276, 20117, 21, 2805, 121.30, 4
2026/10/03 01:57:14.326, 20117, 21, 2805, 121.30, 4
2026/10/03 01:57:14.377, 20117, 21, 2805, 121.30, 4
2026/10/03 01:57:14.427, 20117, 21, 2805, 121.30, 4
2026/10/03 01:57:14.477, 20117, 21, 2805, 121.30, 4
2026/10/03 01:57:14.527, 20117, 21, 2805, 121.30, 4
2026/10/03 01:57:14.577, 20117, 21, 2835, 166.77, 4
2026/10/03 01:57:14.628, 20117, 21, 2835, 166.77, 4
2026/10/03 01:57:14.678, 20117, 21, 2835, 166.77, 4
2026/10/03 01:57:14.728, 20117, 21, 2835, 166.77, 4
2026/10/03 01:57:14.778, 20117, 21, 2835, 166.77, 4
2026/10/03 01:57:14.828, 20117, 21, 2835, 166.77, 4
2026/10/03 01:57:14.879, 20117, 21, 2835, 166.77, 4
2026/10/03 01:57:14.929, 20117, 21, 2835, 166.77, 4
2026/10/03 01:57:14.979, 20117, 21, 2835, 166.77, 4
2026/10/03 01:57:15.029, 20117, 21, 2835, 166.77, 4
2026/10/03 01:57:15.079, 20117, 16, 2812, 123.15, 4
2026/10/03 01:57:15.130, 20117, 16, 2812, 123.15, 4
2026/10/03 01:57:15.180, 20117, 16, 2812, 123.15, 4
2026/10/03 01:57:15.230, 20117, 16, 2812, 123.15, 4
2026/10/03 01:57:15.280, 20117, 16, 2812, 123.15, 4
2026/10/03 01:57:15.330, 20117, 16, 2812, 123.15, 4
2026/10/03 01:57:15.381, 20117, 16, 2812, 123.15, 4
2026/10/03 01:57:15.431, 20117, 16, 2812, 123.15, 4
2026/10/03 01:57:15.481, 20117, 16, 2812, 123.15, 4
2026/10/03 01:57:15.531, 20117, 16, 2812, 123.15, 4
2026/10/03 01:57:15.581, 20117, 16, 2812, 108.15, 4
2026/10/03 01:57:15.632, 20117, 16, 2812, 108.15, 4
2026/10/03 01:57:15.682, 20117, 16, 2812, 108.15, 4
2026/10/03 01:57:15.732, 20117, 16, 2812, 108.15, 4
2026/10/03 01:57:15.782, 20117, 16, 2812, 108.15, 4
2026/10/03 01:57:15.832, 20117, 16, 2812, 108.15, 4
2026/10/03 01:57:15.883, 20117, 16, 2812, 108.15, 4
2026/10/03 01:57:15.933, 20117, 16, 2812, 108.15, 4
2026/10/03 01:57:15.983, 20117, 16, 2812, 108.15, 4
2026/10/03 01:57:16.033, 20117, 16, 2812, 108.15, 4
2026/10/03 01:57:16.083, 20117, 22, 2827, 120.54, 4
2026/10/03 01:57:16.133, 20117, 22, 2827, 120.54, 4
2026/10/03 01:57:16.184, 20117, 22, 2827, 120.54, 4
2026/10/03 01:57:16.234, 20117, 22, 2827, 120.54, 4
2026/10/03 01:57:16.284, 20117, 22, 2827, 120.54, 4
2026/10/03 01:57:16.334, 20117, 22, 2827, 120.54, 4
2026/10/03 01:57:16.385, 20117, 22, 2827, 120.54, 4
2026/10/03 01:57:16.435, 20117, 22, 2827, 120.54, 4
2026/10/03 01:57:16.485, 20117, 22, 2827, 120.54, 4
2026/10/03 01:57:16.535, 20117, 22, 2827, 120.54, 4
2026/10/03 01:57:16.585, 20117, 22, 2850, 133.62, 4
2026/10/03 01:57:16.636, 20117, 22, 2850, 133.62, 4
2026/10/03 01:57:16.686, 20117, 22, 2850, 133.62, 4
2026/10/03 01:57:16.736, 20117, 22, 2850, 133.62, 4
2026/10/03 01:57:16.786, 20117, 22, 2850, 133.62, 4
2026/10/03 01:57:16.837, 20117, 22, 2850, 133.62, 4
2026/10/03 01:57:16.887, 20117, 22, 2850, 133.62, 4
2026/10/03 01:57:16.937, 20117, 22, 2850, 133.62, 4
2026/10/03 01:57:16.987, 20117, 22, 2850, 133.62, 4
2026/10/03 01:57:17.037, 20117, 22, 2850, 133.62, 4
2026/10/03 01:57:17.088, 20117, 24, 2820, 142.48, 4
2026/10/03 01:57:17.138, 20117, 24, 2820, 142.48, 4
2026/10/03 01:57:17.188, 20117, 24, 2820, 142.48, 4
2026/10/03 01:57:17.238, 20117, 24, 2820, 142.48, 4
2026/10/03 01:57:17.288, 20117, 24, 2820, 142.48, 4
2026/10/03 01:57:17.339, 20117, 24, 2820, 142.48, 4
2026/10/03 01:57:17.389, 20117, 24, 2820, 142.48, 4
2026/10/03 01:57:17.439, 20117, 24, 2820, 142.48, 4
2026/10/03 01:57:17.489, 20117, 24, 2820, 142.48, 4
2026/10/03 01:57:17.540, 20117, 24, 2820, 142.48, 4
2026/10/03 01:57:17.590, 20117, 24, 2827, 126.98, 4
2026/10/03 01:57:17.640, 20117, 24, 2827, 126.98, 4
2026/10/03 01:57:17.690, 20117, 24, 2827, 126.98, 4
2026/10/03 01:57:17.740, 20117, 24, 2827, 126.98, 4
2026/10/03 01:57:17.791, 20117, 24, 2827, 126.98, 4
2026/10/03 01:57:17.841, 20117, 24, 2827, 126.98, 4
2026/10/03 01:57:17.891, 20117, 24, 2827, 126.98, 4
2026/10/03 01:57:17.941, 20117, 24, 2827, 126.98, 4
2026/10/03 01:57:17.992, 20117, 24, 2827, 126.98, 4
2026/10/03 01:57:18.042, 20117, 24, 2827, 126.98, 4
2026/10/03 01:57:18.092, 20117, 23, 2850, 136.86, 4
2026/10/03 01:57:18.142, 20117, 23, 2850, 136.86, 4
2026/10/03 01:57:18.192, 20117, 23, 2850, 136.86, 4
2026/10/03 01:57:18.243, 20117, 23, 2850, 136.86, 4
2026/10/03 01:57:18.293, 20117, 23, 2850, 136.86, 4
2026/10/03 01:57:18.343, 20117, 23, 2850, 136.86, 4
2026/10/03 01:57:18.393, 20117, 23, 2850, 136.86, 4
2026/10/03 01:57:18.443, 20117, 23, 2850, 136.86, 4
2026/10/03 01:57:18.494, 20117, 23, 2850, 136.86, 4
2026/10/03 01:57:18.544, 20117, 23, 2850, 136.86, 4
2026/10/03 01:57:18.594, 20117, 23, 2812, 146.07, 4
2026/10/03 01:57:18.644, 20117, 23, 2812, 146.07, 4
2026/10/03 01:57:18.695, 20117, 23, 2812, 146.07, 4
2026/10/03 01:57:18.745, 20117, 23, 2812, 146.07, 4
2026/10/03 01:57:18.795, 20117, 23, 2812, 146.07, 4
2026/10/03 01:57:18.845, 20117, 23, 2812, 146.07, 4
2026/10/03 01:57:18.895, 20117, 23, 2812, 146.07, 4
2026/10/03 01:57:18.946, 20117, 23, 2812, 146.07, 4
2026/10/03 01:57:18.996, 20117, 23, 2812, 146.07, 4
2026/10/03 01:57:19.046, 20117, 23, 2812, 146.07, 4
2026/10/03 01:57:19.096, 20117, 21, 2827, 118.89, 4
2026/10/03 01:57:19.147, 20117, 21, 2827, 118.89, 4
2026/10/03 01:57:19.197, 20117, 21, 2827, 118.89, 4
2026/10/03 01:57:19.247, 20117, 21, 2827, 118.89, 4
2026/10/03 01:57:19.297, 20117, 21, 2827, 118.89, 4
2026/10/03 01:57:19.347, 20117, 21, 2827, 118.89, 4
2026/10/03 01:57:19.398, 20117, 21, 2827, 118.89, 4
2026/10/03 01:57:19.448, 20117, 21, 2827, 118.89, 4
2026/10/03 01:57:19.498, 20117, 21, 2827, 118.89, 4
2026/10/03 01:57:19.548, 20117, 21, 2827, 118.89, 4
2026/10/03 01:57:19.598, 20117, 21, 2842, 132.69, 4
2026/10/03 01:57:19.649, 20117, 21, 2842, 132.69, 4
2026/10/03 01:57:19.699, 20117, 21, 2842, 132.69, 4
2026/10/03 01:57:19.749, 20117, 21, 2842, 132.69, 4
2026/10/03 01:57:19.799, 20117, 21, 2842, 132.69, 4
2026/10/03 01:57:19.850, 20117, 21, 2842, 132.69, 4
2026/10/03 01:57:19.900, 20117, 21, 2842, 132.69, 4
2026/10/03 01:57:19.950, 20117, 21, 2842, 132.69, 4
2026/10/03 01:57:20.000, 20117, 21, 2842, 132.69, 4
2026/10/03 01:57:20.050, 20117, 21, 2842, 132.69, 4
2026/10/03 01:57:20.101, 20117, 20, 2797, 131.76, 4
2026/10/03 01:57:20.151, 20117, 20, 2797, 131.76, 4
2026/10/03 01:57:20.201, 20117, 20, 2797, 131.76, 4
2026/10/03 01:57:20.251, 20117, 20, 2797, 131.76, 4
2026/10/03 01:57:20.302, 20117, 20, 2797, 131.76, 4
2026/10/03 01:57:20.352, 20117, 20, 2797, 131.76, 4
2026/10/03 01:57:20.403, 20117, 20, 2797, 131.76, 4
2026/10/03 01:57:20.453, 20117, 20, 2797, 131.76, 4
2026/10/03 01:57:20.503, 20117, 20, 2797, 131.76, 4
2026/10/03 01:57:20.553, 20117, 20, 2797, 131.76, 4
2026/10/03 01:57:20.604, 20117, 20, 2827, 137.72, 4
2026/10/03 01:57:20.654, 20117, 20, 2827, 137.72, 4
2026/10/03 01:57:20.704, 20117, 20, 2827, 137.72, 4
2026/10/03 01:57:20.755, 20117, 20, 2827, 137.72, 4
2026/10/03 01:57:20.806, 20117, 20, 2827, 137.72, 4
2026/10/03 01:57:20.858, 20117, 20, 2827, 137.72, 4
2026/10/03 01:57:20.908, 20117, 20, 2827, 137.72, 4
2026/10/03 01:57:20.959, 20117, 20, 2827, 137.72, 4
2026/10/03 01:57:21.009, 20117, 20, 2827, 137.72, 4
2026/10/03 01:57:21.059, 20117, 20, 2835, 144.03, 4
2026/10/03 01:57:21.109, 20117, 20, 2835, 144.03, 4
2026/10/03 01:57:21.159, 20117, 20, 2835, 144.03, 4
2026/10/03 01:57:21.209, 20117, 20, 2835, 144.03, 4
2026/10/03 01:57:21.259, 20117, 20, 2835, 144.03, 4
2026/10/03 01:57:21.310, 20117, 20, 2835, 144.03, 4
2026/10/03 01:57:21.360, 20117, 20, 2835, 144.03, 4
2026/10/03 01:57:21.410, 20117, 20, 2835, 144.03, 4
2026/10/03 01:57:21.460, 20117, 20, 2835, 144.03, 4
2026/10/03 01:57:21.510, 20117, 20, 2835, 144.03, 4
2026/10/03 01:57:21.560, 20117, 20, 2827, 127.66, 4
2026/10/03 01:57:21.610, 20117, 20, 2827, 127.66, 4
2026/10/03 01:57:21.661, 20117, 20, 2827, 127.66, 4
2026/10/03 01:57:21.711, 20117, 20, 2827, 127.66, 4
2026/10/03 01:57:21.761, 20117, 20, 2827, 127.66, 4
2026/10/03 01:57:21.811, 20117, 20, 2827, 127.66, 4
2026/10/03 01:57:21.861, 20117, 20, 2827, 127.66, 4
2026/10/03 01:57:21.911, 20117, 20, 2827, 127.66, 4
2026/10/03 01:57:21.962, 20117, 20, 2827, 127.66, 4
2026/10/03 01:57:22.012, 20117, 20, 2827, 127.66, 4
2026/10/03 01:57:22.062, 20117, 20, 2812, 119.35, 4
2026/10/03 01:57:22.112, 20117, 20, 2812, 119.35, 4
2026/10/03 01:57:22.162, 20117, 20, 2812, 119.35, 4
2026/10/03 01:57:22.212, 20117, 20, 2812, 119.35, 4
2026/10/03 01:57:22.262, 20117, 20, 2812, 119.35, 4
2026/10/03 01:57:22.313, 20117, 20, 2812, 119.35, 4
2026/10/03 01:57:22.363, 20117, 20, 2812, 119.35, 4
2026/10/03 01:57:22.413, 20117, 20, 2812, 119.35, 4
2026/10/03 01:57:22.463, 20117, 20, 2812, 119.35, 4
2026/10/03 01:57:22.513, 20117, 20, 2812, 119.35, 4
2026/10/03 01:57:22.563, 20117, 20, 2820, 103.57, 4
2026/10/03 01:57:22.614, 20117, 20, 2820, 103.57, 4
2026/10/03 01:57:22.664, 20117, 20, 2820, 103.57, 4
2026/10/03 01:57:22.714, 20117, 20, 2820, 103.57, 4
2026/10/03 01:57:22.764, 20117, 20, 2820, 103.57, 4
2026/10/03 01:57:22.814, 20117, 20, 2820, 103.57, 4
2026/10/03 01:57:22.864, 20117, 20, 2820, 103.57, 4
2026/10/03 01:57:22.915, 20117, 20, 2820, 103.57, 4
2026/10/03 01:57:22.965, 20117, 20, 2820, 103.57, 4
2026/10/03 01:57:23.015, 20117, 20, 2820, 103.57, 4
2026/10/03 01:57:23.065, 20117, 22, 2820, 150.49, 4
2026/10/03 01:57:23.116, 20117, 22, 2820, 150.49, 4
2026/10/03 01:57:23.166, 20117, 22, 2820, 150.49, 4
2026/10/03 01:57:23.216, 20117, 22, 2820, 150.49, 4
2026/10/03 01:57:23.266, 20117, 22, 2820, 150.49, 4
2026/10/03 01:57:23.316, 20117, 22, 2820, 150.49, 4
2026/10/03 01:57:23.366, 20117, 22, 2820, 150.49, 4
2026/10/03 01:57:23.417, 20117, 22, 2820, 150.49, 4
2026/10/03 01:57:23.467, 20117, 22, 2820, 150.49, 4
2026/10/03 01:57:23.517, 20117, 22, 2820, 150.49, 4
2026/10/03 01:57:23.567, 20117, 22, 2827, 143.92, 4
2026/10/03 01:57:23.617, 20117, 22, 2827, 143.92, 4
2026/10/03 01:57:23.667, 20117, 22, 2827, 143.92, 4
2026/10/03 01:57:23.718, 20117, 22, 2827, 143.92, 4
2026/10/03 01:57:23.768, 20117, 22, 2827, 143.92, 4
2026/10/03 01:57:23.818, 20117, 22, 2827, 143.92, 4
2026/10/03 01:57:23.868, 20117, 22, 2827, 143.92, 4
2026/10/03 01:57:23.918, 20117, 22, 2827, 143.92, 4
2026/10/03 01:57:23.968, 20117, 22, 2827, 143.92, 4
2026/10/03 01:57:24.019, 20117, 22, 2827, 143.92, 4
2026/10/03 01:57:24.069, 20117, 20, 2820, 135.41, 4
2026/10/03 01:57:24.119, 20117, 20, 2820, 135.41, 4
2026/10/03 01:57:24.169, 20117, 20, 2820, 135.41, 4
2026/10/03 01:57:24.219, 20117, 20, 2820, 135.41, 4
2026/10/03 01:57:24.269, 20117, 20, 2820, 135.41, 4
2026/10/03 01:57:24.320, 20117, 20, 2820, 135.41, 4
2026/10/03 01:57:24.370, 20117, 20, 2820, 135.41, 4
2026/10/03 01:57:24.420, 20117, 20, 2820, 135.41, 4
2026/10/03 01:57:24.470, 20117, 20, 2820, 135.41, 4
2026/10/03 01:57:24.520, 20117, 20, 2820, 135.41, 4
2026/10/03 01:57:24.570, 20117, 20, 2812, 120.68, 4
2026/10/03 01:57:24.620, 20117, 20, 2812, 120.68, 4
2026/10/03 01:57:24.671, 20117, 20, 2812, 120.68, 4
2026/10/03 01:57:24.721, 20117, 20, 2812, 120.68, 4
2026/10/03 01:57:24.771, 20117, 20, 2812, 120.68, 4
2026/10/03 01:57:24.821, 20117, 20, 2812, 120.68, 4
2026/10/03 01:57:24.871, 20117, 20, 2812, 120.68, 4
2026/10/03 01:57:24.921, 20117, 20, 2812, 120.68, 4
2026/10/03 01:57:24.972, 20117, 20, 2812, 120.68, 4
2026/10/03 01:57:25.022, 20117, 20, 2812, 120.68, 4
2026/10/03 01:57:25.072, 20117, 17, 2790, 112.02, 4
2026/10/03 01:57:25.122, 20117, 17, 2790, 112.02, 4
2026/10/03 01:57:25.172, 20117, 17, 2790, 112.02, 4
2026/10/03 01:57:25.222, 20117, 17, 2790, 112.02, 4
2026/10/03 01:57:25.272, 20117, 17, 2790, 112.02, 4
2026/10/03 01:57:25.323, 20117, 17, 2790, 112.02, 4
2026/10/03 01:57:25.373, 20117, 17, 2790, 112.02, 4
2026/10/03 01:57:25.423, 20117, 17, 2790, 112.02, 4
2026/10/03 01:57:25.473, 20117, 17, 2790, 112.02, 4
2026/10/03 01:57:25.523, 20117, 17, 2790, 112.02, 4
2026/10/03 01:57:25.573, 20117, 17, 2805, 109.81, 4
2026/10/03 01:57:25.624, 20117, 17, 2805, 109.81, 4
2026/10/03 01:57:25.674, 20117, 17, 2805, 109.81, 4
2026/10/03 01:57:25.724, 20117, 17, 2805, 109.81, 4
2026/10/03 01:57:25.774, 20117, 17, 2805, 109.81, 4
2026/10/03 01:57:25.824, 20117, 17, 2805, 109.81, 4
2026/10/03 01:57:25.874, 20117, 17, 2805, 109.81, 4
2026/10/03 01:57:25.925, 20117, 17, 2805, 109.81, 4
2026/10/03 01:57:25.975, 20117, 17, 2805, 109.81, 4
2026/10/03 01:57:26.025, 20117, 17, 2805, 109.81, 4
2026/10/03 01:57:26.075, 20117, 17, 2790, 100.65, 4
2026/10/03 01:57:26.125, 20117, 17, 2790, 100.65, 4
2026/10/03 01:57:26.175, 20117, 17, 2790, 100.65, 4
2026/10/03 01:57:26.225, 20117, 17, 2790, 100.65, 4
2026/10/03 01:57:26.276, 20117, 17, 2790, 100.65, 4
2026/10/03 01:57:26.326, 20117, 17, 2790, 100.65, 4
2026/10/03 01:57:26.376, 20117, 17, 2790, 100.65, 4
2026/10/03 01:57:26.426, 20117, 17, 2790, 100.65, 4
2026/10/03 01:57:26.476, 20117, 17, 2790, 100.65, 4
2026/10/03 01:57:26.526, 20117, 17, 2790, 100.65, 4
2026/10/03 01:57:26.577, 20117, 17, 2812, 141.23, 4
2026/10/03 01:57:26.627, 20117, 17, 2812, 141.23, 4
2026/10/03 01:57:26.677, 20117, 17, 2812, 141.23, 4
2026/10/03 01:57:26.727, 20117, 17, 2812, 141.23, 4
2026/10/03 01:57:26.777, 20117, 17, 2812, 141.23, 4
2026/10/03 01:57:26.827, 20117, 17, 2812, 141.23, 4
2026/10/03 01:57:26.877, 20117, 17, 2812, 141.23, 4
2026/10/03 01:57:26.928, 20117, 17, 2812, 141.23, 4
2026/10/03 01:57:26.978, 20117, 17, 2812, 141.23, 4
2026/10/03 01:57:27.028, 20117, 17, 2812, 141.23, 4
2026/10/03 01:57:27.078, 20117, 23, 2835, 150.55, 4
2026/10/03 01:57:27.128, 20117, 23, 2835, 150.55, 4
2026/10/03 01:57:27.178, 20117, 23, 2835, 150.55, 4
2026/10/03 01:57:27.229, 20117, 23, 2835, 150.55, 4
2026/10/03 01:57:27.279, 20117, 23, 2835, 150.55, 4
2026/10/03 01:57:27.329, 20117, 23, 2835, 150.55, 4
2026/10/03 01:57:27.379, 20117, 23, 2835, 150.55, 4
2026/10/03 01:57:27.429, 20117, 23, 2835, 150.55, 4
2026/10/03 01:57:27.479, 20117, 23, 2835, 150.55, 4
2026/10/03 01:57:27.529, 20117, 23, 2835, 150.55, 4
2026/10/03 01:57:27.580, 20117, 23, 2820, 145.59, 4
2026/10/03 01:57:27.630, 20117, 23, 2820, 145.59, 4
2026/10/03 01:57:27.680, 20117, 23, 2820, 145.59, 4
2026/10/03 01:57:27.730, 20117, 23, 2820, 145.59, 4
2026/10/03 01:57:27.780, 20117, 23, 2820, 145.59, 4
2026/10/03 01:57:27.830, 20117, 23, 2820, 145.59, 4
2026/10/03 01:57:27.880, 20117, 23, 2820, 145.59, 4
2026/10/03 01:57:27.931, 20117, 23, 2820, 145.59, 4
2026/10/03 01:57:27.981, 20117, 23, 2820, 145.59, 4
2026/10/03 01:57:28.031, 20117, 23, 2820, 145.59, 4
2026/10/03 01:57:28.081, 20117, 23, 2820, 150.67, 4
2026/10/03 01:57:28.131, 20117, 23, 2820, 150.67, 4
2026/10/03 01:57:28.181, 20117, 23, 2820, 150.67, 4
2026/10/03 01:57:28.232, 20117, 23, 2820, 150.67, 4
2026/10/03 01:57:28.282, 20117, 23, 2820, 150.67, 4
2026/10/03 01:57:28.332, 20117, 23, 2820, 150.67, 4
2026/10/03 01:57:28.382, 20117, 23, 2820, 150.67, 4
2026/10/03 01:57:28.432, 20117, 23, 2820, 150.67, 4
2026/10/03 01:57:28.483, 20117, 23, 2820, 150.67, 4
2026/10/03 01:57:28.533, 20117, 23, 2820, 150.67, 4
2026/10/03 01:57:28.583, 20117, 23, 2820, 148.35, 4
2026/10/03 01:57:28.633, 20117, 23, 2820, 148.35, 4
2026/10/03 01:57:28.683, 20117, 23, 2820, 148.35, 4
2026/10/03 01:57:28.733, 20117, 23, 2820, 148.35, 4
2026/10/03 01:57:28.783, 20117, 23, 2820, 148.35, 4
2026/10/03 01:57:28.834, 20117, 23, 2820, 148.35, 4
2026/10/03 01:57:28.884, 20117, 23, 2820, 148.35, 4
2026/10/03 01:57:28.934, 20117, 23, 2820, 148.35, 4
2026/10/03 01:57:28.984, 20117, 23, 2820, 148.35, 4
2026/10/03 01:57:29.034, 20117, 23, 2820, 148.35, 4
2026/10/03 01:57:29.084, 20117, 21, 2812, 128.38, 4
2026/10/03 01:57:29.135, 20117, 21, 2812, 128.38, 4
2026/10/03 01:57:29.185, 20117, 21, 2812, 128.38, 4
2026/10/03 01:57:29.235, 20117, 21, 2812, 128.38, 4
2026/10/03 01:57:29.285, 20117, 21, 2812, 128.38, 4
2026/10/03 01:57:29.335, 20117, 21, 2812, 128.38, 4
2026/10/03 01:57:29.385, 20117, 21, 2812, 128.38, 4
2026/10/03 01:57:29.436, 20117, 21, 2812, 128.38, 4
2026/10/03 01:57:29.486, 20117, 21, 2812, 128.38, 4
2026/10/03 01:57:29.536, 20117, 21, 2812, 128.38, 4
2026/10/03 01:57:29.586, 20117, 21, 2820, 119.04, 4
2026/10/03 01:57:29.636, 20117, 21, 2820, 119.04, 4
2026/10/03 01:57:29.686, 20117, 21, 2820, 119.04, 4
2026/10/03 01:57:29.737, 20117, 21, 2820, 119.04, 4
2026/10/03 01:57:29.787, 20117, 21, 2820, 119.04, 4
2026/10/03 01:57:29.837, 20117, 21, 2820, 119.04, 4
2026/10/03 01:57:29.887, 20117, 21, 2820, 119.04, 4
2026/10/03 01:57:29.937, 20117, 21, 2820, 119.04, 4
2026/10/03 01:57:29.987, 20117, 21, 2820, 119.04, 4
2026/10/03 01:57:30.037, 20117, 21, 2820, 119.04, 4
2026/10/03 01:57:30.088, 20117, 20, 2820, 122.43, 4
2026/10/03 01:57:30.138, 20117, 20, 2820, 122.43, 4
2026/10/03 01:57:30.188, 20117, 20, 2820, 122.43, 4
2026/10/03 01:57:30.238, 20117, 20, 2820, 122.43, 4
2026/10/03 01:57:30.288, 20117, 20, 2820, 122.43, 4
2026/10/03 01:57:30.338, 20117, 20, 2820, 122.43, 4
2026/10/03 01:57:30.388, 20117, 20, 2820, 122.43, 4
2026/10/03 01:57:30.439, 20117, 20, 2820, 122.43, 4
2026/10/03 01:57:30.489, 20117, 20, 2820, 122.43, 4
2026/10/03 01:57:30.539, 20117, 20, 2820, 122.43, 4
2026/10/03 01:57:30.589, 20117, 20, 2812, 137.26, 4
2026/10/03 01:57:30.639, 20117, 20, 2812, 137.26, 4
2026/10/03 01:57:30.689, 20117, 20, 2812, 137.26, 4
2026/10/03 01:57:30.740, 20117, 20, 2812, 137.26, 4
2026/10/03 01:57:30.790, 20117, 20, 2812, 137.26, 4
2026/10/03 01:57:30.840, 20117, 20, 2812, 137.26, 4
2026/10/03 01:57:30.890, 20117, 20, 2812, 137.26, 4
2026/10/03 01:57:30.940, 20117, 20, 2812, 137.26, 4
2026/10/03 01:57:30.990, 20117, 20, 2812, 137.26, 4
2026/10/03 01:57:31.040, 20117, 20, 2812, 137.26, 4
2026/10/03 01:57:31.091, 20117, 23, 2842, 132.88, 4
2026/10/03 01:57:31.141, 20117, 23, 2842, 132.88, 4
2026/10/03 01:57:31.191, 20117, 23, 2842, 132.88, 4
2026/10/03 01:57:31.241, 20117, 23, 2842, 132.88, 4
2026/10/03 01:57:31.291, 20117, 23, 2842, 132.88, 4
2026/10/03 01:57:31.341, 20117, 23, 2842, 132.88, 4
2026/10/03 01:57:31.392, 20117, 23, 2842, 132.88, 4
2026/10/03 01:57:31.442, 20117, 23, 2842, 132.88, 4
2026/10/03 01:57:31.492, 20117, 23, 2842, 132.88, 4
2026/10/03 01:57:31.542, 20117, 23, 2842, 132.88, 4
2026/10/03 01:57:31.592, 20117, 23, 2850, 146.32, 4
2026/10/03 01:57:31.642, 20117, 23, 2850, 146.32, 4
2026/10/03 01:57:31.693, 20117, 23, 2850, 146.32, 4
2026/10/03 01:57:31.743, 20117, 23, 2850, 146.32, 4
2026/10/03 01:57:31.793, 20117, 23, 2850, 146.32, 4
2026/10/03 01:57:31.843, 20117, 23, 2850, 146.32, 4
2026/10/03 01:57:31.893, 20117, 23, 2850, 146.32, 4
2026/10/03 01:57:31.943, 20117, 23, 2850, 146.32, 4
2026/10/03 01:57:31.993, 20117, 23, 2850, 146.32, 4
2026/10/03 01:57:32.044, 20117, 23, 2850, 146.32, 4
2026/10/03 01:57:32.094, 20117, 23, 2797, 126.40, 4
2026/10/03 01:57:32.144, 20117, 23, 2797, 126.40, 4
2026/10/03 01:57:32.194, 20117, 23, 2797, 126.40, 4
2026/10/03 01:57:32.244, 20117, 23, 2797, 126.40, 4
2026/10/03 01:57:32.294, 20117, 23, 2797, 126.40, 4
2026/10/03 01:57:32.345, 20117, 23, 2797, 126.40, 4
2026/10/03 01:57:32.395, 20117, 23, 2797, 126.40, 4
2026/10/03 01:57:32.445, 20117, 23, 2797, 126.40, 4
2026/10/03 01:57:32.495, 20117, 23, 2797, 126.40, 4
2026/10/03 01:57:32.545, 20117, 23, 2797, 126.40, 4
2026/10/03 01:57:32.595, 20117, 23, 2835, 129.97, 4
2026/10/03 01:57:32.646, 20117, 23, 2835, 129.97, 4
2026/10/03 01:57:32.696, 20117, 23, 2835, 129.97, 4
2026/10/03 01:57:32.746, 20117, 23, 2835, 129.97, 4
2026/10/03 01:57:32.796, 20117, 23, 2835, 129.97, 4
2026/10/03 01:57:32.846, 20117, 23, 2835, 129.97, 4
2026/10/03 01:57:32.896, 20117, 23, 2835, 129.97, 4
2026/10/03 01:57:32.946, 20117, 23, 2835, 129.97, 4
2026/10/03 01:57:32.997, 20117, 23, 2835, 129.97, 4
2026/10/03 01:57:33.047, 20117, 23, 2835, 129.97, 4
2026/10/03 01:57:33.097, 20117, 21, 2820, 124.29, 4
2026/10/03 01:57:33.147, 20117, 21, 2820, 124.29, 4
2026/10/03 01:57:33.197, 20117, 21, 2820, 124.29, 4
2026/10/03 01:57:33.247, 20117, 21, 2820, 124.29, 4
2026/10/03 01:57:33.298, 20117, 21, 2820, 124.29, 4
2026/10/03 01:57:33.348, 20117, 21, 2820, 124.29, 4
2026/10/03 01:57:33.398, 20117, 21, 2820, 124.29, 4
2026/10/03 01:57:33.448, 20117, 21, 2820, 124.29, 4
2026/10/03 01:57:33.498, 20117, 21, 2820, 124.29, 4
2026/10/03 01:57:33.548, 20117, 21, 2820, 124.29, 4
2026/10/03 01:57:33.598, 20117, 21, 2827, 129.01, 4
2026/10/03 01:57:33.649, 20117, 21, 2827, 129.01, 4
2026/10/03 01:57:33.699, 20117, 21, 2827, 129.01, 4
2026/10/03 01:57:33.749, 20117, 21, 2827, 129.01, 4
2026/10/03 01:57:33.799, 20117, 21, 2827, 129.01, 4
2026/10/03 01:57:33.849, 20117, 21, 2827, 129.01, 4
2026/10/03 01:57:33.899, 20117, 21, 2827, 129.01, 4
2026/10/03 01:57:33.949, 20117, 21, 2827, 129.01, 4
2026/10/03 01:57:34.000, 20117, 21, 2827, 129.01, 4
2026/10/03 01:57:34.050, 20117, 21, 2827, 129.01, 4
2026/10/03 01:57:34.100, 20117, 23, 2827, 121.05, 4
2026/10/03 01:57:34.150, 20117, 23, 2827, 121.05, 4
2026/10/03 01:57:34.200, 20117, 23, 2827, 121.05, 4
2026/10/03 01:57:34.250, 20117, 23, 2827, 121.05, 4
2026/10/03 01:57:34.301, 20117, 23, 2827, 121.05, 4
2026/10/03 01:57:34.351, 20117, 23, 2827, 121.05, 4
2026/10/03 01:57:34.401, 20117, 23, 2827, 121.05, 4
2026/10/03 01:57:34.451, 20117, 23, 2827, 121.05, 4
2026/10/03 01:57:34.502, 20117, 23, 2827, 121.05, 4
2026/10/03 01:57:34.552, 20117, 23, 2827, 121.05, 4
2026/10/03 01:57:34.602, 20117, 23, 2827, 123.29, 4
2026/10/03 01:57:34.652, 20117, 23, 2827, 123.29, 4
2026/10/03 01:57:34.702, 20117, 23, 2827, 123.29, 4
2026/10/03 01:57:34.752, 20117, 23, 2827, 123.29, 4
2026/10/03 01:57:34.802, 20117, 23, 2827, 123.29, 4
2026/10/03 01:57:34.853, 20117, 23, 2827, 123.29, 4
2026/10/03 01:57:34.903, 20117, 23, 2827, 123.29, 4
2026/10/03 01:57:34.953, 20117, 23, 2827, 123.29, 4
2026/10/03 01:57:35.003, 20117, 23, 2827, 123.29, 4
2026/10/03 01:57:35.053, 20117, 23, 2827, 123.29, 4
2026/10/03 01:57:35.103, 20117, 22, 2820, 118.25, 4
2026/10/03 01:57:35.154, 20117, 22, 2820, 118.25, 4
2026/10/03 01:57:35.204, 20117, 22, 2820, 118.25, 4
2026/10/03 01:57:35.254, 20117, 22, 2820, 118.25, 4
2026/10/03 01:57:35.304, 20117, 22, 2820, 118.25, 4
2026/10/03 01:57:35.354, 20117, 22, 2820, 118.25, 4
2026/10/03 01:57:35.404, 20117, 22, 2820, 118.25, 4
2026/10/03 01:57:35.455, 20117, 22, 2820, 118.25, 4
2026/10/03 01:57:35.505, 20117, 22, 2820, 118.25, 4
2026/10/03 01:57:35.555, 20117, 22, 2820, 118.25, 4
2026/10/03 01:57:35.605, 20117, 22, 2820, 113.76, 4
2026/10/03 01:57:35.655, 20117, 22, 2820, 113.76, 4
2026/10/03 01:57:35.705, 20117, 22, 2820, 113.76, 4
2026/10/03 01:57:35.755, 20117, 22, 2820, 113.76, 4
2026/10/03 01:57:35.806, 20117, 22, 2820, 113.76, 4
2026/10/03 01:57:35.856, 20117, 22, 2820, 113.76, 4
2026/10/03 01:57:35.906, 20117, 22, 2820, 113.76, 4
2026/10/03 01:57:35.956, 20117, 22, 2820, 113.76, 4
2026/10/03 01:57:36.006, 20117, 22, 2820, 113.76, 4
2026/10/03 01:57:36.058, 20117, 22, 2820, 113.76, 4
2026/10/03 01:57:36.108, 20117, 21, 2827, 107.71, 4
2026/10/03 01:57:36.158, 20117, 21, 2827, 107.71, 4
2026/10/03 01:57:36.208, 20117, 21, 2827, 107.71, 4
2026/10/03 01:57:36.258, 20117, 21, 2827, 107.71, 4
2026/10/03 01:57:36.308, 20117, 21, 2827, 107.71, 4
2026/10/03 01:57:36.358, 20117, 21, 2827, 107.71, 4
2026/10/03 01:57:36.409, 20117, 21, 2827, 107.71, 4
2026/10/03 01:57:36.459, 20117, 21, 2827, 107.71, 4
2026/10/03 01:57:36.509, 20117, 21, 2827, 107.71, 4
2026/10/03 01:57:36.559, 20117, 21, 2827, 107.71, 4
2026/10/03 01:57:36.609, 20117, 21, 2827, 106.67, 4
2026/10/03 01:57:36.659, 20117, 21, 2827, 106.67, 4
2026/10/03 01:57:36.710, 20117, 21, 2827, 106.67, 4
2026/10/03 01:57:36.760, 20117, 21, 2827, 106.67, 4
2026/10/03 01:57:36.811, 20117, 21, 2827, 106.67, 4
2026/10/03 01:57:36.861, 20117, 21, 2827, 106.67, 4
2026/10/03 01:57:36.911, 20117, 21, 2827, 106.67, 4
2026/10/03 01:57:36.961, 20117, 21, 2827, 106.67, 4
2026/10/03 01:57:37.011, 20117, 21, 2827, 106.67, 4
2026/10/03 01:57:37.062, 20117, 21, 2827, 134.40, 4
2026/10/03 01:57:37.112, 20117, 21, 2827, 134.40, 4
2026/10/03 01:57:37.163, 20117, 21, 2827, 134.40, 4
2026/10/03 01:57:37.293, 20117, 21, 2827, 134.40, 4
2026/10/03 01:57:37.346, 20117, 21, 2827, 134.40, 4
2026/10/03 01:57:37.396, 20117, 21, 2827, 134.40, 4
2026/10/03 01:57:37.446, 20117, 21, 2827, 134.40, 4
2026/10/03 01:57:37.496, 20117, 21, 2827, 134.40, 4
2026/10/03 01:57:37.546, 20117, 21, 2827, 134.40, 4
2026/10/03 01:57:37.596, 20117, 21, 2827, 133.74, 4
2026/10/03 01:57:37.647, 20117, 21, 2827, 133.74, 4
2026/10/03 01:57:37.697, 20117, 21, 2827, 133.74, 4
2026/10/03 01:57:37.750, 20117, 21, 2827, 133.74, 4
2026/10/03 01:57:37.800, 20117, 21, 2827, 133.74, 4
2026/10/03 01:57:37.852, 20117, 21, 2827, 133.74, 4
2026/10/03 01:57:37.902, 20117, 21, 2827, 133.74, 4
2026/10/03 01:57:37.954, 20117, 21, 2827, 133.74, 4
2026/10/03 01:57:38.005, 20117, 21, 2827, 133.74, 4
2026/10/03 01:57:38.055, 20117, 21, 2827, 133.74, 4
2026/10/03 01:57:38.105, 20117, 20, 2842, 128.15, 4
2026/10/03 01:57:38.155, 20117, 20, 2842, 128.15, 4
2026/10/03 01:57:38.205, 20117, 20, 2842, 128.15, 4
2026/10/03 01:57:38.255, 20117, 20, 2842, 128.15, 4
2026/10/03 01:57:38.306, 20117, 20, 2842, 128.15, 4
2026/10/03 01:57:38.356, 20117, 20, 2842, 128.15, 4
2026/10/03 01:57:38.406, 20117, 20, 2842, 128.15, 4
2026/10/03 01:57:38.456, 20117, 20, 2842, 128.15, 4
2026/10/03 01:57:38.506, 20117, 20, 2842, 128.15, 4
2026/10/03 01:57:38.557, 20117, 20, 2842, 128.15, 4
2026/10/03 01:57:38.607, 20117, 20, 2790, 128.66, 4
2026/10/03 01:57:38.657, 20117, 20, 2790, 128.66, 4
2026/10/03 01:57:38.707, 20117, 20, 2790, 128.66, 4
2026/10/03 01:57:38.757, 20117, 20, 2790, 128.66, 4
2026/10/03 01:57:38.807, 20117, 20, 2790, 128.66, 4
2026/10/03 01:57:38.858, 20117, 20, 2790, 128.66, 4
2026/10/03 01:57:38.908, 20117, 20, 2790, 128.66, 4
2026/10/03 01:57:38.958, 20117, 20, 2790, 128.66, 4
2026/10/03 01:57:39.008, 20117, 20, 2790, 128.66, 4
2026/10/03 01:57:39.059, 20117, 20, 2790, 128.66, 4
2026/10/03 01:57:39.109, 20117, 16, 2820, 118.15, 4
2026/10/03 01:57:39.159, 20117, 16, 2820, 118.15, 4
2026/10/03 01:57:39.210, 20117, 16, 2820, 118.15, 4
2026/10/03 01:57:39.260, 20117, 16, 2820, 118.15, 4
2026/10/03 01:57:39.310, 20117, 16, 2820, 118.15, 4
2026/10/03 01:57:39.360, 20117, 16, 2820, 118.15, 4
2026/10/03 01:57:39.410, 20117, 16, 2820, 118.15, 4
2026/10/03 01:57:39.460, 20117, 16, 2820, 118.15, 4
2026/10/03 01:57:39.511, 20117, 16, 2820, 118.15, 4
2026/10/03 01:57:39.561, 20117, 16, 2797, 141.44, 4
2026/10/03 01:57:39.611, 20117, 16, 2797, 141.44, 4
2026/10/03 01:57:39.661, 20117, 16, 2797, 141.44, 4
2026/10/03 01:57:39.711, 20117, 16, 2797, 141.44, 4
2026/10/03 01:57:39.762, 20117, 16, 2797, 141.44, 4
2026/10/03 01:57:39.812, 20117, 16, 2797, 141.44, 4
2026/10/03 01:57:39.862, 20117, 16, 2797, 141.44, 4
2026/10/03 01:57:39.912, 20117, 16, 2797, 141.44, 4
2026/10/03 01:57:39.962, 20117, 16, 2797, 141.44, 4
2026/10/03 01:57:40.012, 20117, 16, 2797, 141.44, 4
2026/10/03 01:57:40.063, 20117, 21, 2760, 90.59, 4
2026/10/03 01:57:40.113, 20117, 21, 2760, 90.59, 4
2026/10/03 01:57:40.163, 20117, 21, 2760, 90.59, 4
2026/10/03 01:57:40.213, 20117, 21, 2760, 90.59, 4
2026/10/03 01:57:40.263, 20117, 21, 2760, 90.59, 4
2026/10/03 01:57:40.314, 20117, 21, 2760, 90.59, 4
2026/10/03 01:57:40.364, 20117, 21, 2760, 90.59, 4
2026/10/03 01:57:40.414, 20117, 21, 2760, 90.59, 4
2026/10/03 01:57:40.464, 20117, 21, 2760, 90.59, 4
2026/10/03 01:57:40.514, 20117, 21, 2760, 90.59, 4
2026/10/03 01:57:40.565, 20117, 21, 2812, 143.64, 4
2026/10/03 01:57:40.615, 20117, 21, 2812, 143.64, 4
2026/10/03 01:57:40.665, 20117, 21, 2812, 143.64, 4
2026/10/03 01:57:40.715, 20117, 21, 2812, 143.64, 4
2026/10/03 01:57:40.765, 20117, 21, 2812, 143.64, 4
2026/10/03 01:57:40.815, 20117, 21, 2812, 143.64, 4
2026/10/03 01:57:40.866, 20117, 21, 2812, 143.64, 4
2026/10/03 01:57:40.916, 20117, 21, 2812, 143.64, 4
2026/10/03 01:57:40.966, 20117, 21, 2812, 143.64, 4
2026/10/03 01:57:41.016, 20117, 21, 2812, 143.64, 4
2026/10/03 01:57:41.066, 20117, 21, 2760, 98.22, 4
2026/10/03 01:57:41.116, 20117, 21, 2760, 98.22, 4
2026/10/03 01:57:41.167, 20117, 21, 2760, 98.22, 4
2026/10/03 01:57:41.217, 20117, 21, 2760, 98.22, 4
2026/10/03 01:57:41.267, 20117, 21, 2760, 98.22, 4
2026/10/03 01:57:41.317, 20117, 21, 2760, 98.22, 4
2026/10/03 01:57:41.367, 20117, 21, 2760, 98.22, 4
2026/10/03 01:57:41.418, 20117, 21, 2760, 98.22, 4
2026/10/03 01:57:41.468, 20117, 21, 2760, 98.22, 4
2026/10/03 01:57:41.518, 20117, 21, 2760, 98.22, 4
2026/10/03 01:57:41.568, 20117, 21, 2797, 144.11, 4
2026/10/03 01:57:41.618, 20117, 21, 2797, 144.11, 4
2026/10/03 01:57:41.669, 20117, 21, 2797, 144.11, 4
2026/10/03 01:57:41.719, 20117, 21, 2797, 144.11, 4
2026/10/03 01:57:41.769, 20117, 21, 2797, 144.11, 4
2026/10/03 01:57:41.819, 20117, 21, 2797, 144.11, 4
2026/10/03 01:57:41.869, 20117, 21, 2797, 144.11, 4
2026/10/03 01:57:41.919, 20117, 21, 2797, 144.11, 4
2026/10/03 01:57:41.970, 20117, 21, 2797, 144.11, 4
2026/10/03 01:57:42.020, 20117, 21, 2797, 144.11, 4
2026/10/03 01:57:42.070, 20117, 16, 2805, 109.26, 4
2026/10/03 01:57:42.120, 20117, 16, 2805, 109.26, 4
2026/10/03 01:57:42.170, 20117, 16, 2805, 109.26, 4
2026/10/03 01:57:42.221, 20117, 16, 2805, 109.26, 4
2026/10/03 01:57:42.271, 20117, 16, 2805, 109.26, 4
2026/10/03 01:57:42.321, 20117, 16, 2805, 109.26, 4
2026/10/03 01:57:42.372, 20117, 16, 2805, 109.26, 4
2026/10/03 01:57:42.422, 20117, 16, 2805, 109.26, 4
2026/10/03 01:57:42.472, 20117, 16, 2805, 109.26, 4
2026/10/03 01:57:42.522, 20117, 16, 2805, 109.26, 4
2026/10/03 01:57:42.572, 20117, 16, 2805, 142.61, 4
2026/10/03 01:57:42.622, 20117, 16, 2805, 142.61, 4
2026/10/03 01:57:42.673, 20117, 16, 2805, 142.61, 4
2026/10/03 01:57:42.723, 20117, 16, 2805, 142.61, 4
2026/10/03 01:57:42.773, 20117, 16, 2805, 142.61, 4
2026/10/03 01:57:42.823, 20117, 16, 2805, 142.61, 4
2026/10/03 01:57:42.873, 20117, 16, 2805, 142.61, 4
2026/10/03 01:57:42.923, 20117, 16, 2805, 142.61, 4
2026/10/03 01:57:42.974, 20117, 16, 2805, 142.61, 4
2026/10/03 01:57:43.024, 20117, 16, 2805, 142.61, 4
2026/10/03 01:57:43.074, 20117, 18, 2782, 103.88, 4
2026/10/03 01:57:43.124, 20117, 18, 2782, 103.88, 4
2026/10/03 01:57:43.174, 20117, 18, 2782, 103.88, 4
2026/10/03 01:57:43.225, 20117, 18, 2782, 103.88, 4
2026/10/03 01:57:43.275, 20117, 18, 2782, 103.88, 4
2026/10/03 01:57:43.325, 20117, 18, 2782, 103.88, 4
2026/10/03 01:57:43.376, 20117, 18, 2782, 103.88, 4
2026/10/03 01:57:43.426, 20117, 18, 2782, 103.88, 4
2026/10/03 01:57:43.476, 20117, 18, 2782, 103.88, 4
2026/10/03 01:57:43.526, 20117, 18, 2782, 103.88, 4
2026/10/03 01:57:43.576, 20117, 18, 2782, 103.61, 4
2026/10/03 01:57:43.627, 20117, 18, 2782, 103.61, 4
2026/10/03 01:57:43.677, 20117, 18, 2782, 103.61, 4
2026/10/03 01:57:43.727, 20117, 18, 2782, 103.61, 4
2026/10/03 01:57:43.777, 20117, 18, 2782, 103.61, 4
2026/10/03 01:57:43.827, 20117, 18, 2782, 103.61, 4
2026/10/03 01:57:43.877, 20117, 18, 2782, 103.61, 4
2026/10/03 01:57:43.928, 20117, 18, 2782, 103.61, 4
2026/10/03 01:57:43.978, 20117, 18, 2782, 103.61, 4
2026/10/03 01:57:44.028, 20117, 18, 2782, 103.61, 4
2026/10/03 01:57:44.078, 20117, 23, 2805, 141.54, 4
2026/10/03 01:57:44.128, 20117, 23, 2805, 141.54, 4
2026/10/03 01:57:44.179, 20117, 23, 2805, 141.54, 4
2026/10/03 01:57:44.229, 20117, 23, 2805, 141.54, 4
2026/10/03 01:57:44.279, 20117, 23, 2805, 141.54, 4
2026/10/03 01:57:44.329, 20117, 23, 2805, 141.54, 4
2026/10/03 01:57:44.379, 20117, 23, 2805, 141.54, 4
2026/10/03 01:57:44.429, 20117, 23, 2805, 141.54, 4
2026/10/03 01:57:44.480, 20117, 23, 2805, 141.54, 4
2026/10/03 01:57:44.530, 20117, 23, 2805, 141.54, 4
2026/10/03 01:57:44.580, 20117, 23, 2767, 108.27, 4
2026/10/03 01:57:44.630, 20117, 23, 2767, 108.27, 4
2026/10/03 01:57:44.680, 20117, 23, 2767, 108.27, 4
2026/10/03 01:57:44.731, 20117, 23, 2767, 108.27, 4
2026/10/03 01:57:44.781, 20117, 23, 2767, 108.27, 4
2026/10/03 01:57:44.831, 20117, 23, 2767, 108.27, 4
2026/10/03 01:57:44.881, 20117, 23, 2767, 108.27, 4
2026/10/03 01:57:44.931, 20117, 23, 2767, 108.27, 4
2026/10/03 01:57:44.981, 20117, 23, 2767, 108.27, 4
2026/10/03 01:57:45.032, 20117, 23, 2767, 108.27, 4
2026/10/03 01:57:45.082, 20117, 19, 2782, 104.07, 4
2026/10/03 01:57:45.132, 20117, 19, 2782, 104.07, 4
2026/10/03 01:57:45.182, 20117, 19, 2782, 104.07, 4
2026/10/03 01:57:45.232, 20117, 19, 2782, 104.07, 4
2026/10/03 01:57:45.282, 20117, 19, 2782, 104.07, 4
2026/10/03 01:57:45.332, 20117, 19, 2782, 104.07, 4
2026/10/03 01:57:45.383, 20117, 19, 2782, 104.07, 4
2026/10/03 01:57:45.433, 20117, 19, 2782, 104.07, 4
2026/10/03 01:57:45.483, 20117, 19, 2782, 104.07, 4
2026/10/03 01:57:45.533, 20117, 19, 2782, 104.07, 4
2026/10/03 01:57:45.583, 20117, 19, 2827, 141.58, 4
2026/10/03 01:57:45.633, 20117, 19, 2827, 141.58, 4
2026/10/03 01:57:45.684, 20117, 19, 2827, 141.58, 4
2026/10/03 01:57:45.734, 20117, 19, 2827, 141.58, 4
2026/10/03 01:57:45.784, 20117, 19, 2827, 141.58, 4
2026/10/03 01:57:45.834, 20117, 19, 2827, 141.58, 4
2026/10/03 01:57:45.884, 20117, 19, 2827, 141.58, 4
2026/10/03 01:57:45.935, 20117, 19, 2827, 141.58, 4
2026/10/03 01:57:45.985, 20117, 19, 2827, 141.58, 4
2026/10/03 01:57:46.035, 20117, 19, 2827, 141.58, 4
2026/10/03 01:57:46.085, 20117, 23, 2782, 131.05, 4
2026/10/03 01:57:46.135, 20117, 23, 2782, 131.05, 4
2026/10/03 01:57:46.186, 20117, 23, 2782, 131.05, 4
2026/10/03 01:57:46.236, 20117, 23, 2782, 131.05, 4
2026/10/03 01:57:46.286, 20117, 23, 2782, 131.05, 4
2026/10/03 01:57:46.336, 20117, 23, 2782, 131.05, 4
2026/10/03 01:57:46.386, 20117, 23, 2782, 131.05, 4
2026/10/03 01:57:46.436, 20117, 23, 2782, 131.05, 4
2026/10/03 01:57:46.487, 20117, 23, 2782, 131.05, 4
2026/10/03 01:57:46.537, 20117, 23, 2782, 131.05, 4
2026/10/03 01:57:46.587, 20117, 23, 2820, 136.52, 4
2026/10/03 01:57:46.637, 20117, 23, 2820, 136.52, 4
2026/10/03 01:57:46.687, 20117, 23, 2820, 136.52, 4
2026/10/03 01:57:46.738, 20117, 23, 2820, 136.52, 4
2026/10/03 01:57:46.788, 20117, 23, 2820, 136.52, 4
2026/10/03 01:57:46.838, 20117, 23, 2820, 136.52, 4
2026/10/03 01:57:46.888, 20117, 23, 2820, 136.52, 4
2026/10/03 01:57:46.938, 20117, 23, 2820, 136.52, 4
2026/10/03 01:57:46.989, 20117, 23, 2820, 136.52, 4
2026/10/03 01:57:47.039, 20117, 23, 2820, 136.52, 4
2026/10/03 01:57:47.089, 20117, 22, 2775, 110.54, 4
2026/10/03 01:57:47.139, 20117, 22, 2775, 110.54, 4
2026/10/03 01:57:47.189, 20117, 22, 2775, 110.54, 4
2026/10/03 01:57:47.240, 20117, 22, 2775, 110.54, 4
2026/10/03 01:57:47.290, 20117, 22, 2775, 110.54, 4
2026/10/03 01:57:47.340, 20117, 22, 2775, 110.54, 4
2026/10/03 01:57:47.390, 20117, 22, 2775, 110.54, 4
2026/10/03 01:57:47.440, 20117, 22, 2775, 110.54, 4
2026/10/03 01:57:47.490, 20117, 22, 2775, 110.54, 4
2026/10/03 01:57:47.541, 20117, 22, 2775, 110.54, 4
2026/10/03 01:57:47.591, 20117, 22, 2812, 146.72, 4
2026/10/03 01:57:47.641, 20117, 22, 2812, 146.72, 4
2026/10/03 01:57:47.691, 20117, 22, 2812, 146.72, 4
2026/10/03 01:57:47.741, 20117, 22, 2812, 146.72, 4
2026/10/03 01:57:47.792, 20117, 22, 2812, 146.72, 4
2026/10/03 01:57:47.842, 20117, 22, 2812, 146.72, 4
2026/10/03 01:57:47.892, 20117, 22, 2812, 146.72, 4
2026/10/03 01:57:47.942, 20117, 22, 2812, 146.72, 4
2026/10/03 01:57:47.992, 20117, 22, 2812, 146.72, 4
2026/10/03 01:57:48.043, 20117, 22, 2812, 146.72, 4
2026/10/03 01:57:48.093, 20117, 18, 2775, 102.63, 4
2026/10/03 01:57:48.143, 20117, 18, 2775, 102.63, 4
2026/10/03 01:57:48.193, 20117, 18, 2775, 102.63, 4
2026/10/03 01:57:48.243, 20117, 18, 2775, 102.63, 4
2026/10/03 01:57:48.294, 20117, 18, 2775, 102.63, 4
2026/10/03 01:57:48.344, 20117, 18, 2775, 102.63, 4
2026/10/03 01:57:48.394, 20117, 18, 2775, 102.63, 4
2026/10/03 01:57:48.444, 20117, 18, 2775, 102.63, 4
2026/10/03 01:57:48.494, 20117, 18, 2775, 102.63, 4
2026/10/03 01:57:48.545, 20117, 18, 2775, 102.63, 4
2026/10/03 01:57:48.595, 20117, 18, 2820, 145.82, 4
2026/10/03 01:57:48.645, 20117, 18, 2820, 145.82, 4
2026/10/03 01:57:48.695, 20117, 18, 2820, 145.82, 4
2026/10/03 01:57:48.745, 20117, 18, 2820, 145.82, 4
2026/10/03 01:57:48.796, 20117, 18, 2820, 145.82, 4
2026/10/03 01:57:48.846, 20117, 18, 2820, 145.82, 4
2026/10/03 01:57:48.896, 20117, 18, 2820, 145.82, 4
2026/10/03 01:57:48.946, 20117, 18, 2820, 145.82, 4
2026/10/03 01:57:48.996, 20117, 18, 2820, 145.82, 4
2026/10/03 01:57:49.047, 20117, 18, 2820, 145.82, 4
2026/10/03 01:57:49.097, 20117, 26, 2805, 147.50, 4
2026/10/03 01:57:49.147, 20117, 26, 2805, 147.50, 4
2026/10/03 01:57:49.197, 20117, 26, 2805, 147.50, 4
2026/10/03 01:57:49.248, 20117, 26, 2805, 147.50, 4
2026/10/03 01:57:49.298, 20117, 26, 2805, 147.50, 4
2026/10/03 01:57:49.348, 20117, 26, 2805, 147.50, 4
2026/10/03 01:57:49.398, 20117, 26, 2805, 147.50, 4
2026/10/03 01:57:49.448, 20117, 26, 2805, 147.50, 4
2026/10/03 01:57:49.499, 20117, 26, 2805, 147.50, 4
2026/10/03 01:57:49.549, 20117, 26, 2805, 147.50, 4
2026/10/03 01:57:49.599, 20117, 26, 2812, 150.31, 4
2026/10/03 01:57:49.649, 20117, 26, 2812, 150.31, 4
2026/10/03 01:57:49.700, 20117, 26, 2812, 150.31, 4
2026/10/03 01:57:49.750, 20117, 26, 2812, 150.31, 4
2026/10/03 01:57:49.800, 20117, 26, 2812, 150.31, 4
2026/10/03 01:57:49.850, 20117, 26, 2812, 150.31, 4
2026/10/03 01:57:49.900, 20117, 26, 2812, 150.31, 4
2026/10/03 01:57:49.951, 20117, 26, 2812, 150.31, 4
2026/10/03 01:57:50.001, 20117, 26, 2812, 150.31, 4
2026/10/03 01:57:50.051, 20117, 26, 2812, 150.31, 4
2026/10/03 01:57:50.101, 20117, 25, 2820, 146.90, 4
2026/10/03 01:57:50.152, 20117, 25, 2820, 146.90, 4
2026/10/03 01:57:50.202, 20117, 25, 2820, 146.90, 4
2026/10/03 01:57:50.252, 20117, 25, 2820, 146.90, 4
2026/10/03 01:57:50.302, 20117, 25, 2820, 146.90, 4
2026/10/03 01:57:50.352, 20117, 25, 2820, 146.90, 4
2026/10/03 01:57:50.403, 20117, 25, 2820, 146.90, 4
2026/10/03 01:57:50.453, 20117, 25, 2820, 146.90, 4
2026/10/03 01:57:50.503, 20117, 25, 2820, 146.90, 4
2026/10/03 01:57:50.553, 20117, 25, 2820, 146.90, 4
2026/10/03 01:57:50.603, 20117, 25, 2805, 145.29, 4
2026/10/03 01:57:50.654, 20117, 25, 2805, 145.29, 4
2026/10/03 01:57:50.704, 20117, 25, 2805, 145.29, 4
2026/10/03 01:57:50.754, 20117, 25, 2805, 145.29, 4
2026/10/03 01:57:50.804, 20117, 25, 2805, 145.29, 4
2026/10/03 01:57:50.855, 20117, 25, 2805, 145.29, 4
2026/10/03 01:57:50.905, 20117, 25, 2805, 145.29, 4
2026/10/03 01:57:50.955, 20117, 25, 2805, 145.29, 4
2026/10/03 01:57:51.005, 20117, 25, 2805, 145.29, 4
2026/10/03 01:57:51.055, 20117, 25, 2805, 145.29, 4
2026/10/03 01:57:51.106, 20117, 23, 2805, 141.41, 4
2026/10/03 01:57:51.156, 20117, 23, 2805, 141.41, 4
2026/10/03 01:57:51.206, 20117, 23, 2805, 141.41, 4
2026/10/03 01:57:51.256, 20117, 23, 2805, 141.41, 4
2026/10/03 01:57:51.307, 20117, 23, 2805, 141.41, 4
2026/10/03 01:57:51.357, 20117, 23, 2805, 141.41, 4
2026/10/03 01:57:51.407, 20117, 23, 2805, 141.41, 4
2026/10/03 01:57:51.457, 20117, 23, 2805, 141.41, 4
2026/10/03 01:57:51.507, 20117, 23, 2805, 141.41, 4
2026/10/03 01:57:51.558, 20117, 23, 2805, 141.41, 4
2026/10/03 01:57:51.608, 20117, 23, 2812, 143.46, 4
2026/10/03 01:57:51.658, 20117, 23, 2812, 143.46, 4
2026/10/03 01:57:51.708, 20117, 23, 2812, 143.46, 4
2026/10/03 01:57:51.759, 20117, 23, 2812, 143.46, 4
2026/10/03 01:57:51.809, 20117, 23, 2812, 143.46, 4
2026/10/03 01:57:51.859, 20117, 23, 2812, 143.46, 4
2026/10/03 01:57:51.909, 20117, 23, 2812, 143.46, 4
2026/10/03 01:57:51.959, 20117, 23, 2812, 143.46, 4
2026/10/03 01:57:52.010, 20117, 23, 2812, 143.46, 4
2026/10/03 01:57:52.060, 20117, 23, 2827, 135.34, 4
2026/10/03 01:57:52.110, 20117, 23, 2827, 135.34, 4
2026/10/03 01:57:52.160, 20117, 23, 2827, 135.34, 4
2026/10/03 01:57:52.211, 20117, 23, 2827, 135.34, 4
2026/10/03 01:57:52.261, 20117, 23, 2827, 135.34, 4
2026/10/03 01:57:52.311, 20117, 23, 2827, 135.34, 4
2026/10/03 01:57:52.361, 20117, 23, 2827, 135.34, 4
2026/10/03 01:57:52.411, 20117, 23, 2827, 135.34, 4
2026/10/03 01:57:52.462, 20117, 23, 2827, 135.34, 4
2026/10/03 01:57:52.512, 20117, 23, 2827, 135.34, 4
2026/10/03 01:57:52.562, 20117, 23, 2797, 116.05, 4
2026/10/03 01:57:52.612, 20117, 23, 2797, 116.05, 4
2026/10/03 01:57:52.662, 20117, 23, 2797, 116.05, 4
2026/10/03 01:57:52.713, 20117, 23, 2797, 116.05, 4
2026/10/03 01:57:52.763, 20117, 23, 2797, 116.05, 4
2026/10/03 01:57:52.813, 20117, 23, 2797, 116.05, 4
2026/10/03 01:57:52.863, 20117, 23, 2797, 116.05, 4
2026/10/03 01:57:52.914, 20117, 23, 2797, 116.05, 4
2026/10/03 01:57:52.964, 20117, 23, 2797, 116.05, 4
2026/10/03 01:57:53.014, 20117, 23, 2797, 116.05, 4
2026/10/03 01:57:53.064, 20117, 21, 2805, 113.80, 4
2026/10/03 01:57:53.114, 20117, 21, 2805, 113.80, 4
2026/10/03 01:57:53.165, 20117, 21, 2805, 113.80, 4
2026/10/03 01:57:53.215, 20117, 21, 2805, 113.80, 4
2026/10/03 01:57:53.265, 20117, 21, 2805, 113.80, 4
2026/10/03 01:57:53.315, 20117, 21, 2805, 113.80, 4
2026/10/03 01:57:53.366, 20117, 21, 2805, 113.80, 4
2026/10/03 01:57:53.416, 20117, 21, 2805, 113.80, 4
2026/10/03 01:57:53.466, 20117, 21, 2805, 113.80, 4
2026/10/03 01:57:53.516, 20117, 21, 2805, 113.80, 4
2026/10/03 01:57:53.566, 20117, 21, 2820, 147.64, 4
2026/10/03 01:57:53.617, 20117, 21, 2820, 147.64, 4
2026/10/03 01:57:53.667, 20117, 21, 2820, 147.64, 4
2026/10/03 01:57:53.717, 20117, 21, 2820, 147.64, 4
2026/10/03 01:57:53.767, 20117, 21, 2820, 147.64, 4
2026/10/03 01:57:53.817, 20117, 21, 2820, 147.64, 4
2026/10/03 01:57:53.868, 20117, 21, 2820, 147.64, 4
2026/10/03 01:57:53.918, 20117, 21, 2820, 147.64, 4
2026/10/03 01:57:53.968, 20117, 21, 2820, 147.64, 4
2026/10/03 01:57:54.018, 20117, 21, 2820, 147.64, 4
2026/10/03 01:57:54.069, 20117, 24, 2820, 148.25, 4
2026/10/03 01:57:54.119, 20117, 24, 2820, 148.25, 4
2026/10/03 01:57:54.169, 20117, 24, 2820, 148.25, 4
2026/10/03 01:57:54.219, 20117, 24, 2820, 148.25, 4
2026/10/03 01:57:54.269, 20117, 24, 2820, 148.25, 4
2026/10/03 01:57:54.320, 20117, 24, 2820, 148.25, 4
2026/10/03 01:57:54.370, 20117, 24, 2820, 148.25, 4
2026/10/03 01:57:54.420, 20117, 24, 2820, 148.25, 4
2026/10/03 01:57:54.470, 20117, 24, 2820, 148.25, 4
2026/10/03 01:57:54.521, 20117, 24, 2820, 148.25, 4
2026/10/03 01:57:54.571, 20117, 24, 2812, 130.34, 4
2026/10/03 01:57:54.621, 20117, 24, 2812, 130.34, 4
2026/10/03 01:57:54.671, 20117, 24, 2812, 130.34, 4
2026/10/03 01:57:54.721, 20117, 24, 2812, 130.34, 4
2026/10/03 01:57:54.772, 20117, 24, 2812, 130.34, 4
2026/10/03 01:57:54.822, 20117, 24, 2812, 130.34, 4
2026/10/03 01:57:54.872, 20117, 24, 2812, 130.34, 4
2026/10/03 01:57:54.922, 20117, 24, 2812, 130.34, 4
2026/10/03 01:57:54.973, 20117, 24, 2812, 130.34, 4
2026/10/03 01:57:55.023, 20117, 24, 2812, 130.34, 4
2026/10/03 01:57:55.073, 20117, 18, 2805, 117.71, 4
2026/10/03 01:57:55.123, 20117, 18, 2805, 117.71, 4
2026/10/03 01:57:55.173, 20117, 18, 2805, 117.71, 4
2026/10/03 01:57:55.224, 20117, 18, 2805, 117.71, 4
2026/10/03 01:57:55.274, 20117, 18, 2805, 117.71, 4
2026/10/03 01:57:55.324, 20117, 18, 2805, 117.71, 4
2026/10/03 01:57:55.375, 20117, 18, 2805, 117.71, 4
2026/10/03 01:57:55.425, 20117, 18, 2805, 117.71, 4
2026/10/03 01:57:55.475, 20117, 18, 2805, 117.71, 4
2026/10/03 01:57:55.525, 20117, 18, 2805, 117.71, 4
2026/10/03 01:57:55.576, 20117, 18, 2805, 104.86, 4
2026/10/03 01:57:55.626, 20117, 18, 2805, 104.86, 4
2026/10/03 01:57:55.676, 20117, 18, 2805, 104.86, 4
2026/10/03 01:57:55.726, 20117, 18, 2805, 104.86, 4
2026/10/03 01:57:55.777, 20117, 18, 2805, 104.86, 4
2026/10/03 01:57:55.827, 20117, 18, 2805, 104.86, 4
2026/10/03 01:57:55.877, 20117, 18, 2805, 104.86, 4
2026/10/03 01:57:55.927, 20117, 18, 2805, 104.86, 4
2026/10/03 01:57:55.978, 20117, 18, 2805, 104.86, 4
2026/10/03 01:57:56.028, 20117, 18, 2805, 104.86, 4
2026/10/03 01:57:56.078, 20117, 21, 2805, 110.61, 4
2026/10/03 01:57:56.128, 20117, 21, 2805, 110.61, 4
2026/10/03 01:57:56.178, 20117, 21, 2805, 110.61, 4
2026/10/03 01:57:56.229, 20117, 21, 2805, 110.61, 4
2026/10/03 01:57:56.279, 20117, 21, 2805, 110.61, 4
2026/10/03 01:57:56.329, 20117, 21, 2805, 110.61, 4
2026/10/03 01:57:56.379, 20117, 21, 2805, 110.61, 4
2026/10/03 01:57:56.429, 20117, 21, 2805, 110.61, 4
2026/10/03 01:57:56.480, 20117, 21, 2805, 110.61, 4
2026/10/03 01:57:56.530, 20117, 21, 2805, 110.61, 4
2026/10/03 01:57:56.580, 20117, 21, 2812, 152.71, 4
2026/10/03 01:57:56.630, 20117, 21, 2812, 152.71, 4
2026/10/03 01:57:56.680, 20117, 21, 2812, 152.71, 4
2026/10/03 01:57:56.731, 20117, 21, 2812, 152.71, 4
2026/10/03 01:57:56.781, 20117, 21, 2812, 152.71, 4
2026/10/03 01:57:56.831, 20117, 21, 2812, 152.71, 4
2026/10/03 01:57:56.881, 20117, 21, 2812, 152.71, 4
2026/10/03 01:57:56.932, 20117, 21, 2812, 152.71, 4
2026/10/03 01:57:56.982, 20117, 21, 2812, 152.71, 4
2026/10/03 01:57:57.032, 20117, 21, 2812, 152.71, 4
2026/10/03 01:57:57.082, 20117, 23, 2812, 143.41, 4
2026/10/03 01:57:57.132, 20117, 23, 2812, 143.41, 4
2026/10/03 01:57:57.183, 20117, 23, 2812, 143.41, 4
2026/10/03 01:57:57.233, 20117, 23, 2812, 143.41, 4
2026/10/03 01:57:57.283, 20117, 23, 2812, 143.41, 4
2026/10/03 01:57:57.333, 20117, 23, 2812, 143.41, 4
2026/10/03 01:57:57.384, 20117, 23, 2812, 143.41, 4
2026/10/03 01:57:57.434, 20117, 23, 2812, 143.41, 4
2026/10/03 01:57:57.484, 20117, 23, 2812, 143.41, 4
2026/10/03 01:57:57.534, 20117, 23, 2812, 143.41, 4
2026/10/03 01:57:57.584, 20117, 23, 2805, 147.31, 4
2026/10/03 01:57:57.635, 20117, 23, 2805, 147.31, 4
2026/10/03 01:57:57.685, 20117, 23, 2805, 147.31, 4
2026/10/03 01:57:57.735, 20117, 23, 2805, 147.31, 4
2026/10/03 01:57:57.785, 20117, 23, 2805, 147.31, 4
2026/10/03 01:57:57.836, 20117, 23, 2805, 147.31, 4
2026/10/03 01:57:57.886, 20117, 23, 2805, 147.31, 4
2026/10/03 01:57:57.936, 20117, 23, 2805, 147.31, 4
2026/10/03 01:57:57.986, 20117, 23, 2805, 147.31, 4
2026/10/03 01:57:58.036, 20117, 23, 2805, 147.31, 4
2026/10/03 01:57:58.087, 20117, 21, 2812, 131.86, 4
2026/10/03 01:57:58.137, 20117, 21, 2812, 131.86, 4
2026/10/03 01:57:58.187, 20117, 21, 2812, 131.86, 4
2026/10/03 01:57:58.237, 20117, 21, 2812, 131.86, 4
2026/10/03 01:57:58.288, 20117, 21, 2812, 131.86, 4
2026/10/03 01:57:58.338, 20117, 21, 2812, 131.86, 4
2026/10/03 01:57:58.388, 20117, 21, 2812, 131.86, 4
2026/10/03 01:57:58.439, 20117, 21, 2812, 131.86, 4
2026/10/03 01:57:58.489, 20117, 21, 2812, 131.86, 4
2026/10/03 01:57:58.539, 20117, 21, 2812, 131.86, 4
2026/10/03 01:57:58.589, 20117, 21, 2782, 131.53, 4
2026/10/03 01:57:58.639, 20117, 21, 2782, 131.53, 4
2026/10/03 01:57:58.690, 20117, 21, 2782, 131.53, 4
2026/10/03 01:57:58.740, 20117, 21, 2782, 131.53, 4
2026/10/03 01:57:58.790, 20117, 21, 2782, 131.53, 4
2026/10/03 01:57:58.840, 20117, 21, 2782, 131.53, 4
2026/10/03 01:57:58.890, 20117, 21, 2782, 131.53, 4
2026/10/03 01:57:58.941, 20117, 21, 2782, 131.53, 4
2026/10/03 01:57:58.991, 20117, 21, 2782, 131.53, 4
2026/10/03 01:57:59.041, 20117, 21, 2782, 131.53, 4
2026/10/03 01:57:59.091, 20117, 19, 2805, 113.98, 4
2026/10/03 01:57:59.142, 20117, 19, 2805, 113.98, 4
2026/10/03 01:57:59.192, 20117, 19, 2805, 113.98, 4
2026/10/03 01:57:59.242, 20117, 19, 2805, 113.98, 4
2026/10/03 01:57:59.292, 20117, 19, 2805, 113.98, 4
2026/10/03 01:57:59.342, 20117, 19, 2805, 113.98, 4
2026/10/03 01:57:59.393, 20117, 19, 2805, 113.98, 4
2026/10/03 01:57:59.443, 20117, 19, 2805, 113.98, 4
2026/10/03 01:57:59.493, 20117, 19, 2805, 113.98, 4
2026/10/03 01:57:59.544, 20117, 19, 2805, 113.98, 4
2026/10/03 01:57:59.595, 20117, 19, 2797, 146.95, 4
2026/10/03 01:57:59.645, 20117, 19, 2797, 146.95, 4
2026/10/03 01:57:59.695, 20117, 19, 2797, 146.95, 4
2026/10/03 01:57:59.746, 20117, 19, 2797, 146.95, 4
2026/10/03 01:57:59.796, 20117, 19, 2797, 146.95, 4
2026/10/03 01:57:59.846, 20117, 19, 2797, 146.95, 4
2026/10/03 01:57:59.896, 20117, 19, 2797, 146.95, 4
2026/10/03 01:57:59.946, 20117, 19, 2797, 146.95, 4
2026/10/03 01:57:59.996, 20117, 19, 2797, 146.95, 4
2026/10/03 01:58:00.047, 20117, 19, 2797, 146.95, 4
2026/10/03 01:58:00.097, 20117, 20, 2775, 93.05, 4
2026/10/03 01:58:00.147, 20117, 20, 2775, 93.05, 4
2026/10/03 01:58:00.198, 20117, 20, 2775, 93.05, 4
2026/10/03 01:58:00.248, 20117, 20, 2775, 93.05, 4
2026/10/03 01:58:00.298, 20117, 20, 2775, 93.05, 4
2026/10/03 01:58:00.348, 20117, 20, 2775, 93.05, 4
2026/10/03 01:58:00.399, 20117, 20, 2775, 93.05, 4
2026/10/03 01:58:00.450, 20117, 20, 2775, 93.05, 4
2026/10/03 01:58:00.500, 20117, 20, 2775, 93.05, 4
2026/10/03 01:58:00.551, 20117, 20, 2775, 93.05, 4
2026/10/03 01:58:00.602, 20117, 20, 2805, 129.18, 4
2026/10/03 01:58:00.652, 20117, 20, 2805, 129.18, 4
2026/10/03 01:58:00.703, 20117, 20, 2805, 129.18, 4
2026/10/03 01:58:00.753, 20117, 20, 2805, 129.18, 4
2026/10/03 01:58:00.804, 20117, 20, 2805, 129.18, 4
2026/10/03 01:58:00.854, 20117, 20, 2805, 129.18, 4
2026/10/03 01:58:00.905, 20117, 20, 2805, 129.18, 4
2026/10/03 01:58:00.955, 20117, 20, 2805, 129.18, 4
2026/10/03 01:58:01.006, 20117, 20, 2805, 129.18, 4
2026/10/03 01:58:01.057, 20117, 20, 2805, 129.18, 4
2026/10/03 01:58:01.107, 20117, 22, 2775, 142.00, 4
2026/10/03 01:58:01.157, 20117, 22, 2775, 142.00, 4
2026/10/03 01:58:01.208, 20117, 22, 2775, 142.00, 4
2026/10/03 01:58:01.258, 20117, 22, 2775, 142.00, 4
2026/10/03 01:58:01.308, 20117, 22, 2775, 142.00, 4
2026/10/03 01:58:01.358, 20117, 22, 2775, 142.00, 4
2026/10/03 01:58:01.409, 20117, 22, 2775, 142.00, 4
2026/10/03 01:58:01.459, 20117, 22, 2775, 142.00, 4
2026/10/03 01:58:01.509, 20117, 22, 2775, 142.00, 4
2026/10/03 01:58:01.560, 20117, 22, 2775, 142.00, 4
2026/10/03 01:58:01.610, 20117, 22, 2782, 107.39, 4
2026/10/03 01:58:01.661, 20117, 22, 2782, 107.39, 4
2026/10/03 01:58:01.711, 20117, 22, 2782, 107.39, 4
2026/10/03 01:58:01.762, 20117, 22, 2782, 107.39, 4
2026/10/03 01:58:01.812, 20117, 22, 2782, 107.39, 4
2026/10/03 01:58:01.863, 20117, 22, 2782, 107.39, 4
2026/10/03 01:58:01.913, 20117, 22, 2782, 107.39, 4
2026/10/03 01:58:01.964, 20117, 22, 2782, 107.39, 4
2026/10/03 01:58:02.014, 20117, 22, 2782, 107.39, 4
2026/10/03 01:58:02.065, 20117, 25, 2730, 136.68, 4
2026/10/03 01:58:02.115, 20117, 25, 2730, 136.68, 4
2026/10/03 01:58:02.165, 20117, 25, 2730, 136.68, 4
2026/10/03 01:58:02.216, 20117, 25, 2730, 136.68, 4
2026/10/03 01:58:02.266, 20117, 25, 2730, 136.68, 4
2026/10/03 01:58:02.317, 20117, 25, 2730, 136.68, 4
2026/10/03 01:58:02.368, 20117, 25, 2730, 136.68, 4
2026/10/03 01:58:02.419, 20117, 25, 2730, 136.68, 4
2026/10/03 01:58:02.469, 20117, 25, 2730, 136.68, 4
2026/10/03 01:58:02.520, 20117, 25, 2730, 136.68, 4
2026/10/03 01:58:02.571, 20117, 25, 2790, 77.85, 4
2026/10/03 01:58:02.621, 20117, 25, 2790, 77.85, 4
2026/10/03 01:58:02.672, 20117, 25, 2790, 77.85, 4
2026/10/03 01:58:02.722, 20117, 25, 2790, 77.85, 4
2026/10/03 01:58:02.773, 20117, 25, 2790, 77.85, 4
2026/10/03 01:58:02.823, 20117, 25, 2790, 77.85, 4
2026/10/03 01:58:02.873, 20117, 25, 2790, 77.85, 4
2026/10/03 01:58:02.923, 20117, 25, 2790, 77.85, 4
2026/10/03 01:58:02.974, 20117, 25, 2790, 77.85, 4
2026/10/03 01:58:03.024, 20117, 25, 2790, 77.85, 4
2026/10/03 01:58:03.075, 20117, 15, 2730, 114.99, 4
2026/10/03 01:58:03.125, 20117, 15, 2730, 114.99, 4
2026/10/03 01:58:03.175, 20117, 15, 2730, 114.99, 4
2026/10/03 01:58:03.225, 20117, 15, 2730, 114.99, 4
2026/10/03 01:58:03.275, 20117, 15, 2730, 114.99, 4
2026/10/03 01:58:03.326, 20117, 15, 2730, 114.99, 4
2026/10/03 01:58:03.377, 20117, 15, 2730, 114.99, 4
2026/10/03 01:58:03.427, 20117, 15, 2730, 114.99, 4
2026/10/03 01:58:03.477, 20117, 15, 2730, 114.99, 4
2026/10/03 01:58:03.527, 20117, 15, 2730, 114.99, 4
2026/10/03 01:58:03.577, 20117, 15, 2730, 124.49, 4
2026/10/03 01:58:03.630, 20117, 15, 2730, 124.49, 4
2026/10/03 01:58:03.680, 20117, 15, 2730, 124.49, 4
2026/10/03 01:58:03.731, 20117, 15, 2730, 124.49, 4
2026/10/03 01:58:03.781, 20117, 15, 2730, 124.49, 4
2026/10/03 01:58:03.831, 20117, 15, 2730, 124.49, 4
2026/10/03 01:58:03.881, 20117, 15, 2730, 124.49, 4
2026/10/03 01:58:03.931, 20117, 15, 2730, 124.49, 4
2026/10/03 01:58:03.981, 20117, 15, 2730, 124.49, 4
2026/10/03 01:58:04.032, 20117, 15, 2730, 124.49, 4
2026/10/03 01:58:04.082, 20117, 25, 2797, 146.67, 4
2026/10/03 01:58:04.132, 20117, 25, 2797, 146.67, 4
2026/10/03 01:58:04.182, 20117, 25, 2797, 146.67, 4
2026/10/03 01:58:04.232, 20117, 25, 2797, 146.67, 4
2026/10/03 01:58:04.282, 20117, 25, 2797, 146.67, 4
2026/10/03 01:58:04.333, 20117, 25, 2797, 146.67, 4
2026/10/03 01:58:04.383, 20117, 25, 2797, 146.67, 4
2026/10/03 01:58:04.433, 20117, 25, 2797, 146.67, 4
2026/10/03 01:58:04.483, 20117, 25, 2797, 146.67, 4
2026/10/03 01:58:04.533, 20117, 25, 2797, 146.67, 4
2026/10/03 01:58:04.583, 20117, 25, 2805, 131.93, 4
2026/10/03 01:58:04.634, 20117, 25, 2805, 131.93, 4
2026/10/03 01:58:04.684, 20117, 25, 2805, 131.93, 4
2026/10/03 01:58:04.734, 20117, 25, 2805, 131.93, 4
2026/10/03 01:58:04.784, 20117, 25, 2805, 131.93, 4
2026/10/03 01:58:04.834, 20117, 25, 2805, 131.93, 4
2026/10/03 01:58:04.884, 20117, 25, 2805, 131.93, 4
2026/10/03 01:58:04.935, 20117, 25, 2805, 131.93, 4
2026/10/03 01:58:04.985, 20117, 25, 2805, 131.93, 4
2026/10/03 01:58:05.035, 20117, 25, 2805, 131.93, 4
2026/10/03 01:58:05.085, 20117, 17, 2760, 89.16, 4
2026/10/03 01:58:05.135, 20117, 17, 2760, 89.16, 4
2026/10/03 01:58:05.185, 20117, 17, 2760, 89.16, 4
2026/10/03 01:58:05.236, 20117, 17, 2760, 89.16, 4
2026/10/03 01:58:05.286, 20117, 17, 2760, 89.16, 4
2026/10/03 01:58:05.336, 20117, 17, 2760, 89.16, 4
2026/10/03 01:58:05.386, 20117, 17, 2760, 89.16, 4
2026/10/03 01:58:05.436, 20117, 17, 2760, 89.16, 4
2026/10/03 01:58:05.487, 20117, 17, 2760, 89.16, 4
2026/10/03 01:58:05.537, 20117, 17, 2760, 89.16, 4
2026/10/03 01:58:05.587, 20117, 17, 2790, 167.82, 4
2026/10/03 01:58:05.637, 20117, 17, 2790, 167.82, 4
2026/10/03 01:58:05.688, 20117, 17, 2790, 167.82, 4
2026/10/03 01:58:05.738, 20117, 17, 2790, 167.82, 4
2026/10/03 01:58:05.788, 20117, 17, 2790, 167.82, 4
2026/10/03 01:58:05.838, 20117, 17, 2790, 167.82, 4
2026/10/03 01:58:05.888, 20117, 17, 2790, 167.82, 4
2026/10/03 01:58:05.939, 20117, 17, 2790, 167.82, 4
2026/10/03 01:58:05.989, 20117, 17, 2790, 167.82, 4
2026/10/03 01:58:06.039, 20117, 17, 2790, 167.82, 4
2026/10/03 01:58:06.089, 20117, 24, 2827, 152.90, 4
2026/10/03 01:58:06.139, 20117, 24, 2827, 152.90, 4
2026/10/03 01:58:06.190, 20117, 24, 2827, 152.90, 4
2026/10/03 01:58:06.240, 20117, 24, 2827, 152.90, 4
2026/10/03 01:58:06.290, 20117, 24, 2827, 152.90, 4
2026/10/03 01:58:06.340, 20117, 24, 2827, 152.90, 4
2026/10/03 01:58:06.390, 20117, 24, 2827, 152.90, 4
2026/10/03 01:58:06.440, 20117, 24, 2827, 152.90, 4
2026/10/03 01:58:06.491, 20117, 24, 2827, 152.90, 4
2026/10/03 01:58:06.541, 20117, 24, 2827, 152.90, 4
2026/10/03 01:58:06.591, 20117, 24, 2797, 113.22, 4
2026/10/03 01:58:06.641, 20117, 24, 2797, 113.22, 4
2026/10/03 01:58:06.692, 20117, 24, 2797, 113.22, 4
2026/10/03 01:58:06.742, 20117, 24, 2797, 113.22, 4
2026/10/03 01:58:06.792, 20117, 24, 2797, 113.22, 4
2026/10/03 01:58:06.842, 20117, 24, 2797, 113.22, 4
2026/10/03 01:58:06.892, 20117, 24, 2797, 113.22, 4
2026/10/03 01:58:06.943, 20117, 24, 2797, 113.22, 4
2026/10/03 01:58:06.993, 20117, 24, 2797, 113.22, 4
2026/10/03 01:58:07.043, 20117, 24, 2797, 113.22, 4
2026/10/03 01:58:07.093, 20117, 21, 2820, 115.06, 4
2026/10/03 01:58:07.143, 20117, 21, 2820, 115.06, 4
2026/10/03 01:58:07.193, 20117, 21, 2820, 115.06, 4
2026/10/03 01:58:07.244, 20117, 21, 2820, 115.06, 4
2026/10/03 01:58:07.294, 20117, 21, 2820, 115.06, 4
2026/10/03 01:58:07.344, 20117, 21, 2820, 115.06, 4
2026/10/03 01:58:07.394, 20117, 21, 2820, 115.06, 4
2026/10/03 01:58:07.444, 20117, 21, 2820, 115.06, 4
2026/10/03 01:58:07.495, 20117, 21, 2820, 115.06, 4
2026/10/03 01:58:07.545, 20117, 21, 2820, 115.06, 4
2026/10/03 01:58:07.595, 20117, 21, 2812, 109.85, 4
2026/10/03 01:58:07.645, 20117, 21, 2812, 109.85, 4
2026/10/03 01:58:07.696, 20117, 21, 2812, 109.85, 4
2026/10/03 01:58:07.746, 20117, 21, 2812, 109.85, 4
2026/10/03 01:58:07.796, 20117, 21, 2812, 109.85, 4
2026/10/03 01:58:07.846, 20117, 21, 2812, 109.85, 4
2026/10/03 01:58:07.896, 20117, 21, 2812, 109.85, 4
2026/10/03 01:58:07.946, 20117, 21, 2812, 109.85, 4
2026/10/03 01:58:07.997, 20117, 21, 2812, 109.85, 4
2026/10/03 01:58:08.047, 20117, 21, 2812, 109.85, 4
2026/10/03 01:58:08.097, 20117, 20, 2827, 129.75, 4
2026/10/03 01:58:08.147, 20117, 20, 2827, 129.75, 4
2026/10/03 01:58:08.197, 20117, 20, 2827, 129.75, 4
2026/10/03 01:58:08.248, 20117, 20, 2827, 129.75, 4
2026/10/03 01:58:08.298, 20117, 20, 2827, 129.75, 4
2026/10/03 01:58:08.348, 20117, 20, 2827, 129.75, 4
2026/10/03 01:58:08.398, 20117, 20, 2827, 129.75, 4
2026/10/03 01:58:08.449, 20117, 20, 2827, 129.75, 4
2026/10/03 01:58:08.499, 20117, 20, 2827, 129.75, 4
2026/10/03 01:58:08.549, 20117, 20, 2827, 129.75, 4
2026/10/03 01:58:08.599, 20117, 20, 2827, 138.10, 4
2026/10/03 01:58:08.649, 20117, 20, 2827, 138.10, 4
2026/10/03 01:58:08.699, 20117, 20, 2827, 138.10, 4
2026/10/03 01:58:08.750, 20117, 20, 2827, 138.10, 4
2026/10/03 01:58:08.800, 20117, 20, 2827, 138.10, 4
2026/10/03 01:58:08.850, 20117, 20, 2827, 138.10, 4
2026/10/03 01:58:08.900, 20117, 20, 2827, 138.10, 4
2026/10/03 01:58:08.950, 20117, 20, 2827, 138.10, 4
2026/10/03 01:58:09.001, 20117, 20, 2827, 138.10, 4
2026/10/03 01:58:09.051, 20117, 20, 2827, 138.10, 4
2026/10/03 01:58:09.101, 20117, 23, 2827, 152.09, 4
2026/10/03 01:58:09.151, 20117, 23, 2827, 152.09, 4
2026/10/03 01:58:09.201, 20117, 23, 2827, 152.09, 4
2026/10/03 01:58:09.252, 20117, 23, 2827, 152.09, 4
2026/10/03 01:58:09.302, 20117, 23, 2827, 152.09, 4
2026/10/03 01:58:09.352, 20117, 23, 2827, 152.09, 4
2026/10/03 01:58:09.402, 20117, 23, 2827, 152.09, 4
2026/10/03 01:58:09.452, 20117, 23, 2827, 152.09, 4
2026/10/03 01:58:09.502, 20117, 23, 2827, 152.09, 4
2026/10/03 01:58:09.553, 20117, 23, 2827, 152.09, 4
2026/10/03 01:58:09.603, 20117, 23, 2820, 150.25, 4
2026/10/03 01:58:09.653, 20117, 23, 2820, 150.25, 4
2026/10/03 01:58:09.703, 20117, 23, 2820, 150.25, 4
2026/10/03 01:58:09.753, 20117, 23, 2820, 150.25, 4
2026/10/03 01:58:09.804, 20117, 23, 2820, 150.25, 4
2026/10/03 01:58:09.854, 20117, 23, 2820, 150.25, 4
2026/10/03 01:58:09.904, 20117, 23, 2820, 150.25, 4
2026/10/03 01:58:09.954, 20117, 23, 2820, 150.25, 4
2026/10/03 01:58:10.005, 20117, 23, 2820, 150.25, 4
2026/10/03 01:58:10.055, 20117, 23, 2820, 150.25, 4
2026/10/03 01:58:10.105, 20117, 24, 2820, 148.89, 4
2026/10/03 01:58:10.155, 20117, 24, 2820, 148.89, 4
2026/10/03 01:58:10.205, 20117, 24, 2820, 148.89, 4
2026/10/03 01:58:10.256, 20117, 24, 2820, 148.89, 4
2026/10/03 01:58:10.306, 20117, 24, 2820, 148.89, 4
2026/10/03 01:58:10.356, 20117, 24, 2820, 148.89, 4
2026/10/03 01:58:10.406, 20117, 24, 2820, 148.89, 4
2026/10/03 01:58:10.456, 20117, 24, 2820, 148.89, 4
2026/10/03 01:58:10.507, 20117, 24, 2820, 148.89, 4
2026/10/03 01:58:10.557, 20117, 24, 2820, 148.89, 4
2026/10/03 01:58:10.607, 20117, 24, 2820, 124.06, 4
2026/10/03 01:58:10.657, 20117, 24, 2820, 124.06, 4
2026/10/03 01:58:10.708, 20117, 24, 2820, 124.06, 4
2026/10/03 01:58:10.758, 20117, 24, 2820, 124.06, 4
2026/10/03 01:58:10.808, 20117, 24, 2820, 124.06, 4
2026/10/03 01:58:10.858, 20117, 24, 2820, 124.06, 4
2026/10/03 01:58:10.908, 20117, 24, 2820, 124.06, 4
2026/10/03 01:58:10.959, 20117, 24, 2820, 124.06, 4
2026/10/03 01:58:11.009, 20117, 24, 2820, 124.06, 4
2026/10/03 01:58:11.059, 20117, 24, 2820, 124.06, 4
2026/10/03 01:58:11.109, 20117, 23, 2842, 134.93, 4
2026/10/03 01:58:11.159, 20117, 23, 2842, 134.93, 4
2026/10/03 01:58:11.210, 20117, 23, 2842, 134.93, 4
2026/10/03 01:58:11.260, 20117, 23, 2842, 134.93, 4
2026/10/03 01:58:11.310, 20117, 23, 2842, 134.93, 4
2026/10/03 01:58:11.360, 20117, 23, 2842, 134.93, 4
2026/10/03 01:58:11.411, 20117, 23, 2842, 134.93, 4
2026/10/03 01:58:11.461, 20117, 23, 2842, 134.93, 4
2026/10/03 01:58:11.511, 20117, 23, 2842, 134.93, 4
2026/10/03 01:58:11.561, 20117, 23, 2812, 178.10, 4
2026/10/03 01:58:11.611, 20117, 23, 2812, 178.10, 4
2026/10/03 01:58:11.662, 20117, 23, 2812, 178.10, 4
2026/10/03 01:58:11.712, 20117, 23, 2812, 178.10, 4
2026/10/03 01:58:11.762, 20117, 23, 2812, 178.10, 4
2026/10/03 01:58:11.812, 20117, 23, 2812, 178.10, 4
2026/10/03 01:58:11.862, 20117, 23, 2812, 178.10, 4
2026/10/03 01:58:11.913, 20117, 23, 2812, 178.10, 4
2026/10/03 01:58:11.963, 20117, 23, 2812, 178.10, 4
2026/10/03 01:58:12.013, 20117, 23, 2812, 178.10, 4
2026/10/03 01:58:12.063, 20117, 23, 2827, 154.34, 4
2026/10/03 01:58:12.114, 20117, 23, 2827, 154.34, 4
2026/10/03 01:58:12.164, 20117, 23, 2827, 154.34, 4
2026/10/03 01:58:12.214, 20117, 23, 2827, 154.34, 4
2026/10/03 01:58:12.264, 20117, 23, 2827, 154.34, 4
2026/10/03 01:58:12.314, 20117, 23, 2827, 154.34, 4
2026/10/03 01:58:12.365, 20117, 23, 2827, 154.34, 4
2026/10/03 01:58:12.415, 20117, 23, 2827, 154.34, 4
2026/10/03 01:58:12.465, 20117, 23, 2827, 154.34, 4
2026/10/03 01:58:12.515, 20117, 23, 2827, 154.34, 4
2026/10/03 01:58:12.565, 20117, 23, 2820, 138.57, 4
2026/10/03 01:58:12.616, 20117, 23, 2820, 138.57, 4
2026/10/03 01:58:12.666, 20117, 23, 2820, 138.57, 4
2026/10/03 01:58:12.716, 20117, 23, 2820, 138.57, 4
2026/10/03 01:58:12.766, 20117, 23, 2820, 138.57, 4
2026/10/03 01:58:12.816, 20117, 23, 2820, 138.57, 4
2026/10/03 01:58:12.867, 20117, 23, 2820, 138.57, 4
2026/10/03 01:58:12.917, 20117, 23, 2820, 138.57, 4
2026/10/03 01:58:12.967, 20117, 23, 2820, 138.57, 4
2026/10/03 01:58:13.017, 20117, 23, 2820, 138.57, 4
2026/10/03 01:58:13.067, 20117, 24, 2827, 150.85, 4
2026/10/03 01:58:13.118, 20117, 24, 2827, 150.85, 4
2026/10/03 01:58:13.168, 20117, 24, 2827, 150.85, 4
2026/10/03 01:58:13.218, 20117, 24, 2827, 150.85, 4
2026/10/03 01:58:13.268, 20117, 24, 2827, 150.85, 4
2026/10/03 01:58:13.319, 20117, 24, 2827, 150.85, 4
2026/10/03 01:58:13.369, 20117, 24, 2827, 150.85, 4
2026/10/03 01:58:13.419, 20117, 24, 2827, 150.85, 4
2026/10/03 01:58:13.469, 20117, 24, 2827, 150.85, 4
2026/10/03 01:58:13.519, 20117, 24, 2827, 150.85, 4
2026/10/03 01:58:13.570, 20117, 24, 2812, 139.63, 4
2026/10/03 01:58:13.620, 20117, 24, 2812, 139.63, 4
2026/10/03 01:58:13.670, 20117, 24, 2812, 139.63, 4
2026/10/03 01:58:13.720, 20117, 24, 2812, 139.63, 4
2026/10/03 01:58:13.771, 20117, 24, 2812, 139.63, 4
2026/10/03 01:58:13.821, 20117, 24, 2812, 139.63, 4
2026/10/03 01:58:13.871, 20117, 24, 2812, 139.63, 4
2026/10/03 01:58:13.921, 20117, 24, 2812, 139.63, 4
2026/10/03 01:58:13.971, 20117, 24, 2812, 139.63, 4
2026/10/03 01:58:14.022, 20117, 24, 2812, 139.63, 4
2026/10/03 01:58:14.072, 20117, 22, 2835, 128.23, 4
2026/10/03 01:58:14.122, 20117, 22, 2835, 128.23, 4
2026/10/03 01:58:14.172, 20117, 22, 2835, 128.23, 4
2026/10/03 01:58:14.223, 20117, 22, 2835, 128.23, 4
2026/10/03 01:58:14.273, 20117, 22, 2835, 128.23, 4
2026/10/03 01:58:14.323, 20117, 22, 2835, 128.23, 4
2026/10/03 01:58:14.373, 20117, 22, 2835, 128.23, 4
2026/10/03 01:58:14.423, 20117, 22, 2835, 128.23, 4
2026/10/03 01:58:14.474, 20117, 22, 2835, 128.23, 4
2026/10/03 01:58:14.524, 20117, 22, 2835, 128.23, 4
2026/10/03 01:58:14.574, 20117, 22, 2842, 141.24, 4
2026/10/03 01:58:14.624, 20117, 22, 2842, 141.24, 4
2026/10/03 01:58:14.674, 20117, 22, 2842, 141.24, 4
2026/10/03 01:58:14.725, 20117, 22, 2842, 141.24, 4
2026/10/03 01:58:14.775, 20117, 22, 2842, 141.24, 4
2026/10/03 01:58:14.825, 20117, 22, 2842, 141.24, 4
2026/10/03 01:58:14.875, 20117, 22, 2842, 141.24, 4
2026/10/03 01:58:14.926, 20117, 22, 2842, 141.24, 4
2026/10/03 01:58:14.976, 20117, 22, 2842, 141.24, 4
2026/10/03 01:58:15.026, 20117, 22, 2842, 141.24, 4
2026/10/03 01:58:15.076, 20117, 24, 2820, 146.90, 4
2026/10/03 01:58:15.126, 20117, 24, 2820, 146.90, 4
2026/10/03 01:58:15.177, 20117, 24, 2820, 146.90, 4
2026/10/03 01:58:15.227, 20117, 24, 2820, 146.90, 4
2026/10/03 01:58:15.277, 20117, 24, 2820, 146.90, 4
2026/10/03 01:58:15.327, 20117, 24, 2820, 146.90, 4
2026/10/03 01:58:15.378, 20117, 24, 2820, 146.90, 4
2026/10/03 01:58:15.428, 20117, 24, 2820, 146.90, 4
2026/10/03 01:58:15.478, 20117, 24, 2820, 146.90, 4
2026/10/03 01:58:15.528, 20117, 24, 2820, 146.90, 4
2026/10/03 01:58:15.578, 20117, 24, 2827, 130.88, 4
2026/10/03 01:58:15.629, 20117, 24, 2827, 130.88, 4
2026/10/03 01:58:15.679, 20117, 24, 2827, 130.88, 4
2026/10/03 01:58:15.729, 20117, 24, 2827, 130.88, 4
2026/10/03 01:58:15.779, 20117, 24, 2827, 130.88, 4
2026/10/03 01:58:15.830, 20117, 24, 2827, 130.88, 4
2026/10/03 01:58:15.880, 20117, 24, 2827, 130.88, 4
2026/10/03 01:58:15.930, 20117, 24, 2827, 130.88, 4
2026/10/03 01:58:15.980, 20117, 24, 2827, 130.88, 4
2026/10/03 01:58:16.030, 20117, 24, 2827, 130.88, 4
2026/10/03 01:58:16.081, 20117, 22, 2842, 135.03, 4
2026/10/03 01:58:16.131, 20117, 22, 2842, 135.03, 4
2026/10/03 01:58:16.181, 20117, 22, 2842, 135.03, 4
2026/10/03 01:58:16.231, 20117, 22, 2842, 135.03, 4
2026/10/03 01:58:16.281, 20117, 22, 2842, 135.03, 4
2026/10/03 01:58:16.332, 20117, 22, 2842, 135.03, 4
2026/10/03 01:58:16.382, 20117, 22, 2842, 135.03, 4
2026/10/03 01:58:16.432, 20117, 22, 2842, 135.03, 4
2026/10/03 01:58:16.482, 20117, 22, 2842, 135.03, 4
2026/10/03 01:58:16.533, 20117, 22, 2842, 135.03, 4
2026/10/03 01:58:16.583, 20117, 22, 2820, 148.40, 4
2026/10/03 01:58:16.633, 20117, 22, 2820, 148.40, 4
2026/10/03 01:58:16.683, 20117, 22, 2820, 148.40, 4
2026/10/03 01:58:16.733, 20117, 22, 2820, 148.40, 4
2026/10/03 01:58:16.784, 20117, 22, 2820, 148.40, 4
2026/10/03 01:58:16.834, 20117, 22, 2820, 148.40, 4
2026/10/03 01:58:16.884, 20117, 22, 2820, 148.40, 4
2026/10/03 01:58:16.934, 20117, 22, 2820, 148.40, 4
2026/10/03 01:58:16.984, 20117, 22, 2820, 148.40, 4
2026/10/03 01:58:17.035, 20117, 22, 2820, 148.40, 4
2026/10/03 01:58:17.085, 20117, 22, 2820, 127.04, 4
2026/10/03 01:58:17.135, 20117, 22, 2820, 127.04, 4
2026/10/03 01:58:17.185, 20117, 22, 2820, 127.04, 4
2026/10/03 01:58:17.236, 20117, 22, 2820, 127.04, 4
2026/10/03 01:58:17.286, 20117, 22, 2820, 127.04, 4
2026/10/03 01:58:17.336, 20117, 22, 2820, 127.04, 4
2026/10/03 01:58:17.386, 20117, 22, 2820, 127.04, 4
2026/10/03 01:58:17.436, 20117, 22, 2820, 127.04, 4
2026/10/03 01:58:17.487, 20117, 22, 2820, 127.04, 4
2026/10/03 01:58:17.537, 20117, 22, 2820, 127.04, 4
2026/10/03 01:58:17.587, 20117, 22, 2842, 130.89, 4
2026/10/03 01:58:17.637, 20117, 22, 2842, 130.89, 4
2026/10/03 01:58:17.688, 20117, 22, 2842, 130.89, 4
2026/10/03 01:58:17.738, 20117, 22, 2842, 130.89, 4
2026/10/03 01:58:17.788, 20117, 22, 2842, 130.89, 4
2026/10/03 01:58:17.838, 20117, 22, 2842, 130.89, 4
2026/10/03 01:58:17.888, 20117, 22, 2842, 130.89, 4
2026/10/03 01:58:17.939, 20117, 22, 2842, 130.89, 4
2026/10/03 01:58:17.989, 20117, 22, 2842, 130.89, 4
2026/10/03 01:58:18.039, 20117, 22, 2842, 130.89, 4
2026/10/03 01:58:18.089, 20117, 23, 2842, 139.04, 4
2026/10/03 01:58:18.140, 20117, 23, 2842, 139.04, 4
2026/10/03 01:58:18.190, 20117, 23, 2842, 139.04, 4
2026/10/03 01:58:18.240, 20117, 23, 2842, 139.04, 4
2026/10/03 01:58:18.290, 20117, 23, 2842, 139.04, 4
2026/10/03 01:58:18.340, 20117, 23, 2842, 139.04, 4
2026/10/03 01:58:18.391, 20117, 23, 2842, 139.04, 4
2026/10/03 01:58:18.441, 20117, 23, 2842, 139.04, 4
2026/10/03 01:58:18.491, 20117, 23, 2842, 139.04, 4
2026/10/03 01:58:18.541, 20117, 23, 2842, 139.04, 4
2026/10/03 01:58:18.591, 20117, 23, 2820, 150.13, 4
2026/10/03 01:58:18.642, 20117, 23, 2820, 150.13, 4
2026/10/03 01:58:18.692, 20117, 23, 2820, 150.13, 4
2026/10/03 01:58:18.742, 20117, 23, 2820, 150.13, 4
2026/10/03 01:58:18.792, 20117, 23, 2820, 150.13, 4
2026/10/03 01:58:18.843, 20117, 23, 2820, 150.13, 4
2026/10/03 01:58:18.893, 20117, 23, 2820, 150.13, 4
2026/10/03 01:58:18.943, 20117, 23, 2820, 150.13, 4
2026/10/03 01:58:18.993, 20117, 23, 2820, 150.13, 4
2026/10/03 01:58:19.043, 20117, 23, 2820, 150.13, 4
2026/10/03 01:58:19.094, 20117, 20, 2812, 120.26, 4
2026/10/03 01:58:19.144, 20117, 20, 2812, 120.26, 4
2026/10/03 01:58:19.194, 20117, 20, 2812, 120.26, 4
2026/10/03 01:58:19.244, 20117, 20, 2812, 120.26, 4
2026/10/03 01:58:19.295, 20117, 20, 2812, 120.26, 4
2026/10/03 01:58:19.345, 20117, 20, 2812, 120.26, 4
2026/10/03 01:58:19.395, 20117, 20, 2812, 120.26, 4
2026/10/03 01:58:19.445, 20117, 20, 2812, 120.26, 4
2026/10/03 01:58:19.495, 20117, 20, 2812, 120.26, 4
2026/10/03 01:58:19.546, 20117, 20, 2812, 120.26, 4
2026/10/03 01:58:19.596, 20117, 20, 2842, 140.00, 4
2026/10/03 01:58:19.646, 20117, 20, 2842, 140.00, 4
2026/10/03 01:58:19.696, 20117, 20, 2842, 140.00, 4
2026/10/03 01:58:19.750, 20117, 20, 2842, 140.00, 4
2026/10/03 01:58:19.800, 20117, 20, 2842, 140.00, 4
2026/10/03 01:58:19.854, 20117, 20, 2842, 140.00, 4
2026/10/03 01:58:19.904, 20117, 20, 2842, 140.00, 4
2026/10/03 01:58:19.958, 20117, 20, 2842, 140.00, 4
2026/10/03 01:58:20.008, 20117, 20, 2842, 140.00, 4
2026/10/03 01:58:20.059, 20117, 20, 2842, 140.00, 4
2026/10/03 01:58:20.109, 20117, 20, 2820, 145.47, 4
2026/10/03 01:58:20.196, 20117, 20, 2820, 145.47, 4
2026/10/03 01:58:20.246, 20117, 20, 2820, 145.47, 4
2026/10/03 01:58:20.296, 20117, 20, 2820, 145.47, 4
2026/10/03 01:58:20.347, 20117, 20, 2820, 145.47, 4
2026/10/03 01:58:20.397, 20117, 20, 2820, 145.47, 4
2026/10/03 01:58:20.447, 20117, 20, 2820, 145.47, 4
2026/10/03 01:58:20.497, 20117, 20, 2820, 145.47, 4
2026/10/03 01:58:20.550, 20117, 20, 2820, 145.47, 4
2026/10/03 01:58:20.601, 20117, 20, 2827, 133.78, 4
2026/10/03 01:58:20.651, 20117, 20, 2827, 133.78, 4
2026/10/03 01:58:20.701, 20117, 20, 2827, 133.78, 4
2026/10/03 01:58:20.751, 20117, 20, 2827, 133.78, 4
2026/10/03 01:58:20.802, 20117, 20, 2827, 133.78, 4
2026/10/03 01:58:20.852, 20117, 20, 2827, 133.78, 4
2026/10/03 01:58:20.902, 20117, 20, 2827, 133.78, 4
2026/10/03 01:58:20.952, 20117, 20, 2827, 133.78, 4
2026/10/03 01:58:21.002, 20117, 20, 2827, 133.78, 4
2026/10/03 01:58:21.053, 20117, 20, 2827, 133.78, 4
2026/10/03 01:58:21.103, 20117, 20, 2827, 146.88, 4
2026/10/03 01:58:21.153, 20117, 20, 2827, 146.88, 4
2026/10/03 01:58:21.203, 20117, 20, 2827, 146.88, 4
2026/10/03 01:58:21.253, 20117, 20, 2827, 146.88, 4
2026/10/03 01:58:21.304, 20117, 20, 2827, 146.88, 4
2026/10/03 01:58:21.354, 20117, 20, 2827, 146.88, 4
2026/10/03 01:58:21.407, 20117, 20, 2827, 146.88, 4
2026/10/03 01:58:21.458, 20117, 20, 2827, 146.88, 4
2026/10/03 01:58:21.508, 20117, 20, 2827, 146.88, 4
2026/10/03 01:58:21.558, 20117, 20, 2827, 146.88, 4
2026/10/03 01:58:21.608, 20117, 20, 2827, 132.61, 4
2026/10/03 01:58:21.658, 20117, 20, 2827, 132.61, 4
2026/10/03 01:58:21.709, 20117, 20, 2827, 132.61, 4
2026/10/03 01:58:21.759, 20117, 20, 2827, 132.61, 4
2026/10/03 01:58:21.809, 20117, 20, 2827, 132.61, 4
2026/10/03 01:58:21.859, 20117, 20, 2827, 132.61, 4
2026/10/03 01:58:21.909, 20117, 20, 2827, 132.61, 4
2026/10/03 01:58:21.959, 20117, 20, 2827, 132.61, 4
2026/10/03 01:58:22.010, 20117, 20, 2827, 132.61, 4
2026/10/03 01:58:22.060, 20117, 20, 2827, 132.61, 4
2026/10/03 01:58:22.110, 20117, 19, 2805, 137.04, 4
2026/10/03 01:58:22.160, 20117, 19, 2805, 137.04, 4
2026/10/03 01:58:22.210, 20117, 19, 2805, 137.04, 4
2026/10/03 01:58:22.261, 20117, 19, 2805, 137.04, 4
2026/10/03 01:58:22.311, 20117, 19, 2805, 137.04, 4
2026/10/03 01:58:22.361, 20117, 19, 2805, 137.04, 4
2026/10/03 01:58:22.411, 20117, 19, 2805, 137.04, 4
2026/10/03 01:58:22.461, 20117, 19, 2805, 137.04, 4
2026/10/03 01:58:22.512, 20117, 19, 2805, 137.04, 4
2026/10/03 01:58:22.562, 20117, 19, 2835, 140.06, 4
2026/10/03 01:58:22.612, 20117, 19, 2835, 140.06, 4
2026/10/03 01:58:22.662, 20117, 19, 2835, 140.06, 4
2026/10/03 01:58:22.712, 20117, 19, 2835, 140.06, 4
2026/10/03 01:58:22.762, 20117, 19, 2835, 140.06, 4
2026/10/03 01:58:22.812, 20117, 19, 2835, 140.06, 4
2026/10/03 01:58:22.863, 20117, 19, 2835, 140.06, 4
2026/10/03 01:58:22.913, 20117, 19, 2835, 140.06, 4
2026/10/03 01:58:22.963, 20117, 19, 2835, 140.06, 4
2026/10/03 01:58:23.013, 20117, 19, 2835, 140.06, 4
2026/10/03 01:58:23.063, 20117, 19, 2820, 149.46, 4
2026/10/03 01:58:23.114, 20117, 19, 2820, 149.46, 4
2026/10/03 01:58:23.164, 20117, 19, 2820, 149.46, 4
2026/10/03 01:58:23.214, 20117, 19, 2820, 149.46, 4
2026/10/03 01:58:23.264, 20117, 19, 2820, 149.46, 4
2026/10/03 01:58:23.315, 20117, 19, 2820, 149.46, 4
2026/10/03 01:58:23.365, 20117, 19, 2820, 149.46, 4
2026/10/03 01:58:23.415, 20117, 19, 2820, 149.46, 4
2026/10/03 01:58:23.465, 20117, 19, 2820, 149.46, 4
2026/10/03 01:58:23.515, 20117, 19, 2820, 149.46, 4
2026/10/03 01:58:23.566, 20117, 19, 2805, 131.74, 4
2026/10/03 01:58:23.616, 20117, 19, 2805, 131.74, 4
2026/10/03 01:58:23.666, 20117, 19, 2805, 131.74, 4
2026/10/03 01:58:23.716, 20117, 19, 2805, 131.74, 4
2026/10/03 01:58:23.766, 20117, 19, 2805, 131.74, 4
2026/10/03 01:58:23.817, 20117, 19, 2805, 131.74, 4
2026/10/03 01:58:23.867, 20117, 19, 2805, 131.74, 4
2026/10/03 01:58:23.917, 20117, 19, 2805, 131.74, 4
2026/10/03 01:58:23.969, 20117, 19, 2805, 131.74, 4
2026/10/03 01:58:24.019, 20117, 19, 2805, 131.74, 4
2026/10/03 01:58:24.069, 20117, 16, 2827, 118.46, 4
2026/10/03 01:58:24.119, 20117, 16, 2827, 118.46, 4
2026/10/03 01:58:24.170, 20117, 16, 2827, 118.46, 4
2026/10/03 01:58:24.220, 20117, 16, 2827, 118.46, 4
2026/10/03 01:58:24.270, 20117, 16, 2827, 118.46, 4
2026/10/03 01:58:24.320, 20117, 16, 2827, 118.46, 4
2026/10/03 01:58:24.370, 20117, 16, 2827, 118.46, 4
2026/10/03 01:58:24.420, 20117, 16, 2827, 118.46, 4
2026/10/03 01:58:24.470, 20117, 16, 2827, 118.46, 4
2026/10/03 01:58:24.521, 20117, 16, 2827, 118.46, 4
2026/10/03 01:58:24.571, 20117, 16, 2797, 99.92, 4
2026/10/03 01:58:24.621, 20117, 16, 2797, 99.92, 4
2026/10/03 01:58:24.671, 20117, 16, 2797, 99.92, 4
2026/10/03 01:58:24.721, 20117, 16, 2797, 99.92, 4
2026/10/03 01:58:24.772, 20117, 16, 2797, 99.92, 4
2026/10/03 01:58:24.822, 20117, 16, 2797, 99.92, 4
2026/10/03 01:58:24.872, 20117, 16, 2797, 99.92, 4
2026/10/03 01:58:24.922, 20117, 16, 2797, 99.92, 4
2026/10/03 01:58:24.973, 20117, 16, 2797, 99.92, 4
2026/10/03 01:58:25.023, 20117, 16, 2797, 99.92, 4
2026/10/03 01:58:25.073, 20117, 13, 2797, 115.69, 4
2026/10/03 01:58:25.123, 20117, 13, 2797, 115.69, 4
2026/10/03 01:58:25.173, 20117, 13, 2797, 115.69, 4
2026/10/03 01:58:25.223, 20117, 13, 2797, 115.69, 4
2026/10/03 01:58:25.274, 20117, 13, 2797, 115.69, 4
2026/10/03 01:58:25.324, 20117, 13, 2797, 115.69, 4
2026/10/03 01:58:25.374, 20117, 13, 2797, 115.69, 4
2026/10/03 01:58:25.424, 20117, 13, 2797, 115.69, 4
2026/10/03 01:58:25.474, 20117, 13, 2797, 115.69, 4
2026/10/03 01:58:25.525, 20117, 13, 2797, 115.69, 4
2026/10/03 01:58:25.575, 20117, 13, 2805, 120.03, 4
2026/10/03 01:58:25.625, 20117, 13, 2805, 120.03, 4
2026/10/03 01:58:25.675, 20117, 13, 2805, 120.03, 4
2026/10/03 01:58:25.725, 20117, 13, 2805, 120.03, 4
2026/10/03 01:58:25.776, 20117, 13, 2805, 120.03, 4
2026/10/03 01:58:25.826, 20117, 13, 2805, 120.03, 4
2026/10/03 01:58:25.876, 20117, 13, 2805, 120.03, 4
2026/10/03 01:58:25.926, 20117, 13, 2805, 120.03, 4
2026/10/03 01:58:25.976, 20117, 13, 2805, 120.03, 4
2026/10/03 01:58:26.027, 20117, 13, 2805, 120.03, 4
2026/10/03 01:58:26.077, 20117, 14, 2797, 123.11, 4
2026/10/03 01:58:26.127, 20117, 14, 2797, 123.11, 4
2026/10/03 01:58:26.177, 20117, 14, 2797, 123.11, 4
2026/10/03 01:58:26.227, 20117, 14, 2797, 123.11, 4
2026/10/03 01:58:26.278, 20117, 14, 2797, 123.11, 4
2026/10/03 01:58:26.328, 20117, 14, 2797, 123.11, 4
2026/10/03 01:58:26.378, 20117, 14, 2797, 123.11, 4
2026/10/03 01:58:26.428, 20117, 14, 2797, 123.11, 4
2026/10/03 01:58:26.478, 20117, 14, 2797, 123.11, 4
2026/10/03 01:58:26.529, 20117, 14, 2797, 123.11, 4
2026/10/03 01:58:26.579, 20117, 14, 2797, 134.18, 4
2026/10/03 01:58:26.629, 20117, 14, 2797, 134.18, 4
2026/10/03 01:58:26.679, 20117, 14, 2797, 134.18, 4
2026/10/03 01:58:26.730, 20117, 14, 2797, 134.18, 4
2026/10/03 01:58:26.780, 20117, 14, 2797, 134.18, 4
2026/10/03 01:58:26.830, 20117, 14, 2797, 134.18, 4
2026/10/03 01:58:26.880, 20117, 14, 2797, 134.18, 4
2026/10/03 01:58:26.930, 20117, 14, 2797, 134.18, 4
2026/10/03 01:58:26.981, 20117, 14, 2797, 134.18, 4
2026/10/03 01:58:27.031, 20117, 14, 2797, 134.18, 4
2026/10/03 01:58:27.081, 20117, 14, 2797, 128.73, 4
2026/10/03 01:58:27.131, 20117, 14, 2797, 128.73, 4
2026/10/03 01:58:27.181, 20117, 14, 2797, 128.73, 4
2026/10/03 01:58:27.232, 20117, 14, 2797, 128.73, 4
2026/10/03 01:58:27.282, 20117, 14, 2797, 128.73, 4
2026/10/03 01:58:27.332, 20117, 14, 2797, 128.73, 4
2026/10/03 01:58:27.382, 20117, 14, 2797, 128.73, 4
2026/10/03 01:58:27.432, 20117, 14, 2797, 128.73, 4
2026/10/03 01:58:27.483, 20117, 14, 2797, 128.73, 4
2026/10/03 01:58:27.533, 20117, 14, 2797, 128.73, 4
2026/10/03 01:58:27.583, 20117, 14, 2812, 143.30, 4
2026/10/03 01:58:27.633, 20117, 14, 2812, 143.30, 4
2026/10/03 01:58:27.683, 20117, 14, 2812, 143.30, 4
2026/10/03 01:58:27.734, 20117, 14, 2812, 143.30, 4
2026/10/03 01:58:27.784, 20117, 14, 2812, 143.30, 4
2026/10/03 01:58:27.834, 20117, 14, 2812, 143.30, 4
2026/10/03 01:58:27.884, 20117, 14, 2812, 143.30, 4
2026/10/03 01:58:27.934, 20117, 14, 2812, 143.30, 4
2026/10/03 01:58:27.985, 20117, 14, 2812, 143.30, 4
2026/10/03 01:58:28.035, 20117, 14, 2812, 143.30, 4
2026/10/03 01:58:28.085, 20117, 21, 2805, 139.92, 4
2026/10/03 01:58:28.135, 20117, 21, 2805, 139.92, 4
2026/10/03 01:58:28.185, 20117, 21, 2805, 139.92, 4
2026/10/03 01:58:28.236, 20117, 21, 2805, 139.92, 4
2026/10/03 01:58:28.286, 20117, 21, 2805, 139.92, 4
2026/10/03 01:58:28.336, 20117, 21, 2805, 139.92, 4
2026/10/03 01:58:28.386, 20117, 21, 2805, 139.92, 4
2026/10/03 01:58:28.436, 20117, 21, 2805, 139.92, 4
2026/10/03 01:58:28.487, 20117, 21, 2805, 139.92, 4
2026/10/03 01:58:28.537, 20117, 21, 2805, 139.92, 4
2026/10/03 01:58:28.587, 20117, 21, 2797, 138.94, 4
2026/10/03 01:58:28.637, 20117, 21, 2797, 138.94, 4
2026/10/03 01:58:28.687, 20117, 21, 2797, 138.94, 4
2026/10/03 01:58:28.738, 20117, 21, 2797, 138.94, 4
2026/10/03 01:58:28.788, 20117, 21, 2797, 138.94, 4
2026/10/03 01:58:28.838, 20117, 21, 2797, 138.94, 4
2026/10/03 01:58:28.888, 20117, 21, 2797, 138.94, 4
2026/10/03 01:58:28.938, 20117, 21, 2797, 138.94, 4
2026/10/03 01:58:28.988, 20117, 21, 2797, 138.94, 4
2026/10/03 01:58:29.039, 20117, 21, 2797, 138.94, 4
2026/10/03 01:58:29.089, 20117, 24, 2842, 151.10, 4
2026/10/03 01:58:29.139, 20117, 24, 2842, 151.10, 4
2026/10/03 01:58:29.189, 20117, 24, 2842, 151.10, 4
2026/10/03 01:58:29.239, 20117, 24, 2842, 151.10, 4
2026/10/03 01:58:29.290, 20117, 24, 2842, 151.10, 4
2026/10/03 01:58:29.340, 20117, 24, 2842, 151.10, 4
2026/10/03 01:58:29.390, 20117, 24, 2842, 151.10, 4
2026/10/03 01:58:29.440, 20117, 24, 2842, 151.10, 4
2026/10/03 01:58:29.490, 20117, 24, 2842, 151.10, 4
2026/10/03 01:58:29.541, 20117, 24, 2842, 151.10, 4
2026/10/03 01:58:29.591, 20117, 24, 2827, 137.85, 4
2026/10/03 01:58:29.641, 20117, 24, 2827, 137.85, 4
2026/10/03 01:58:29.691, 20117, 24, 2827, 137.85, 4
2026/10/03 01:58:29.741, 20117, 24, 2827, 137.85, 4
2026/10/03 01:58:29.791, 20117, 24, 2827, 137.85, 4
2026/10/03 01:58:29.842, 20117, 24, 2827, 137.85, 4
2026/10/03 01:58:29.892, 20117, 24, 2827, 137.85, 4
2026/10/03 01:58:29.942, 20117, 24, 2827, 137.85, 4
2026/10/03 01:58:29.992, 20117, 24, 2827, 137.85, 4
2026/10/03 01:58:30.042, 20117, 24, 2827, 137.85, 4
2026/10/03 01:58:30.093, 20117, 20, 2827, 132.47, 4
2026/10/03 01:58:30.143, 20117, 20, 2827, 132.47, 4
2026/10/03 01:58:30.193, 20117, 20, 2827, 132.47, 4
2026/10/03 01:58:30.243, 20117, 20, 2827, 132.47, 4
2026/10/03 01:58:30.293, 20117, 20, 2827, 132.47, 4
2026/10/03 01:58:30.344, 20117, 20, 2827, 132.47, 4
2026/10/03 01:58:30.394, 20117, 20, 2827, 132.47, 4
2026/10/03 01:58:30.444, 20117, 20, 2827, 132.47, 4
2026/10/03 01:58:30.494, 20117, 20, 2827, 132.47, 4
2026/10/03 01:58:30.544, 20117, 20, 2827, 132.47, 4
2026/10/03 01:58:30.595, 20117, 20, 2827, 150.59, 4
2026/10/03 01:58:30.645, 20117, 20, 2827, 150.59, 4
2026/10/03 01:58:30.695, 20117, 20, 2827, 150.59, 4
2026/10/03 01:58:30.745, 20117, 20, 2827, 150.59, 4
2026/10/03 01:58:30.795, 20117, 20, 2827, 150.59, 4
2026/10/03 01:58:30.846, 20117, 20, 2827, 150.59, 4
2026/10/03 01:58:30.896, 20117, 20, 2827, 150.59, 4
2026/10/03 01:58:30.946, 20117, 20, 2827, 150.59, 4
2026/10/03 01:58:30.996, 20117, 20, 2827, 150.59, 4
2026/10/03 01:58:31.046, 20117, 20, 2827, 150.59, 4
2026/10/03 01:58:31.097, 20117, 23, 2820, 141.38, 4
2026/10/03 01:58:31.147, 20117, 23, 2820, 141.38, 4
2026/10/03 01:58:31.197, 20117, 23, 2820, 141.38, 4
2026/10/03 01:58:31.247, 20117, 23, 2820, 141.38, 4
2026/10/03 01:58:31.297, 20117, 23, 2820, 141.38, 4
2026/10/03 01:58:31.348, 20117, 23, 2820, 141.38, 4
2026/10/03 01:58:31.398, 20117, 23, 2820, 141.38, 4
2026/10/03 01:58:31.448, 20117, 23, 2820, 141.38, 4
2026/10/03 01:58:31.498, 20117, 23, 2820, 141.38, 4
2026/10/03 01:58:31.548, 20117, 23, 2820, 141.38, 4
2026/10/03 01:58:31.599, 20117, 23, 2835, 134.07, 4
2026/10/03 01:58:31.649, 20117, 23, 2835, 134.07, 4
2026/10/03 01:58:31.699, 20117, 23, 2835, 134.07, 4
2026/10/03 01:58:31.749, 20117, 23, 2835, 134.07, 4
2026/10/03 01:58:31.799, 20117, 23, 2835, 134.07, 4
2026/10/03 01:58:31.850, 20117, 23, 2835, 134.07, 4
2026/10/03 01:58:31.900, 20117, 23, 2835, 134.07, 4
2026/10/03 01:58:31.950, 20117, 23, 2835, 134.07, 4
2026/10/03 01:58:32.000, 20117, 23, 2835, 134.07, 4
2026/10/03 01:58:32.050, 20117, 23, 2835, 134.07, 4
2026/10/03 01:58:32.100, 20117, 22, 2850, 139.26, 4
2026/10/03 01:58:32.151, 20117, 22, 2850, 139.26, 4
2026/10/03 01:58:32.201, 20117, 22, 2850, 139.26, 4
2026/10/03 01:58:32.251, 20117, 22, 2850, 139.26, 4
2026/10/03 01:58:32.301, 20117, 22, 2850, 139.26, 4
2026/10/03 01:58:32.351, 20117, 22, 2850, 139.26, 4
2026/10/03 01:58:32.402, 20117, 22, 2850, 139.26, 4
2026/10/03 01:58:32.452, 20117, 22, 2850, 139.26, 4
2026/10/03 01:58:32.502, 20117, 22, 2850, 139.26, 4
2026/10/03 01:58:32.552, 20117, 22, 2850, 139.26, 4
2026/10/03 01:58:32.602, 20117, 22, 2820, 148.36, 4
2026/10/03 01:58:32.653, 20117, 22, 2820, 148.36, 4
2026/10/03 01:58:32.703, 20117, 22, 2820, 148.36, 4
2026/10/03 01:58:32.753, 20117, 22, 2820, 148.36, 4
2026/10/03 01:58:32.803, 20117, 22, 2820, 148.36, 4
2026/10/03 01:58:32.853, 20117, 22, 2820, 148.36, 4
2026/10/03 01:58:32.904, 20117, 22, 2820, 148.36, 4
2026/10/03 01:58:32.954, 20117, 22, 2820, 148.36, 4
2026/10/03 01:58:33.004, 20117, 22, 2820, 148.36, 4
2026/10/03 01:58:33.054, 20117, 22, 2820, 148.36, 4
2026/10/03 01:58:33.104, 20117, 23, 2827, 139.98, 4
2026/10/03 01:58:33.155, 20117, 23, 2827, 139.98, 4
2026/10/03 01:58:33.205, 20117, 23, 2827, 139.98, 4
2026/10/03 01:58:33.255, 20117, 23, 2827, 139.98, 4
2026/10/03 01:58:33.305, 20117, 23, 2827, 139.98, 4
2026/10/03 01:58:33.355, 20117, 23, 2827, 139.98, 4
2026/10/03 01:58:33.406, 20117, 23, 2827, 139.98, 4
2026/10/03 01:58:33.456, 20117, 23, 2827, 139.98, 4
2026/10/03 01:58:33.506, 20117, 23, 2827, 139.98, 4
2026/10/03 01:58:33.556, 20117, 23, 2827, 139.98, 4
2026/10/03 01:58:33.606, 20117, 23, 2812, 128.01, 4
2026/10/03 01:58:33.657, 20117, 23, 2812, 128.01, 4
2026/10/03 01:58:33.707, 20117, 23, 2812, 128.01, 4
2026/10/03 01:58:33.757, 20117, 23, 2812, 128.01, 4
2026/10/03 01:58:33.807, 20117, 23, 2812, 128.01, 4
2026/10/03 01:58:33.857, 20117, 23, 2812, 128.01, 4
2026/10/03 01:58:33.907, 20117, 23, 2812, 128.01, 4
2026/10/03 01:58:33.958, 20117, 23, 2812, 128.01, 4
2026/10/03 01:58:34.008, 20117, 23, 2812, 128.01, 4
2026/10/03 01:58:34.058, 20117, 23, 2812, 128.01, 4
2026/10/03 01:58:34.109, 20117, 20, 2812, 124.30, 4
2026/10/03 01:58:34.159, 20117, 20, 2812, 124.30, 4
2026/10/03 01:58:34.209, 20117, 20, 2812, 124.30, 4
2026/10/03 01:58:34.259, 20117, 20, 2812, 124.30, 4
2026/10/03 01:58:34.310, 20117, 20, 2812, 124.30, 4
2026/10/03 01:58:34.360, 20117, 20, 2812, 124.30, 4
2026/10/03 01:58:34.410, 20117, 20, 2812, 124.30, 4
2026/10/03 01:58:34.460, 20117, 20, 2812, 124.30, 4
2026/10/03 01:58:34.510, 20117, 20, 2812, 124.30, 4
2026/10/03 01:58:34.561, 20117, 20, 2812, 124.30, 4
2026/10/03 01:58:34.611, 20117, 20, 2820, 184.90, 4
2026/10/03 01:58:34.661, 20117, 20, 2820, 184.90, 4
2026/10/03 01:58:34.711, 20117, 20, 2820, 184.90, 4
2026/10/03 01:58:34.761, 20117, 20, 2820, 184.90, 4
2026/10/03 01:58:34.812, 20117, 20, 2820, 184.90, 4
2026/10/03 01:58:34.862, 20117, 20, 2820, 184.90, 4
2026/10/03 01:58:34.912, 20117, 20, 2820, 184.90, 4
2026/10/03 01:58:34.962, 20117, 20, 2820, 184.90, 4
2026/10/03 01:58:35.012, 20117, 20, 2820, 184.90, 4
2026/10/03 01:58:35.063, 20117, 24, 2820, 146.37, 4
2026/10/03 01:58:35.113, 20117, 24, 2820, 146.37, 4
2026/10/03 01:58:35.163, 20117, 24, 2820, 146.37, 4
2026/10/03 01:58:35.213, 20117, 24, 2820, 146.37, 4
2026/10/03 01:58:35.263, 20117, 24, 2820, 146.37, 4
2026/10/03 01:58:35.314, 20117, 24, 2820, 146.37, 4
2026/10/03 01:58:35.364, 20117, 24, 2820, 146.37, 4
2026/10/03 01:58:35.414, 20117, 24, 2820, 146.37, 4
2026/10/03 01:58:35.464, 20117, 24, 2820, 146.37, 4
2026/10/03 01:58:35.514, 20117, 24, 2820, 146.37, 4
2026/10/03 01:58:35.564, 20117, 24, 2812, 128.18, 4
2026/10/03 01:58:35.614, 20117, 24, 2812, 128.18, 4
2026/10/03 01:58:35.665, 20117, 24, 2812, 128.18, 4
2026/10/03 01:58:35.715, 20117, 24, 2812, 128.18, 4
2026/10/03 01:58:35.765, 20117, 24, 2812, 128.18, 4
2026/10/03 01:58:35.815, 20117, 24, 2812, 128.18, 4
2026/10/03 01:58:35.865, 20117, 24, 2812, 128.18, 4
2026/10/03 01:58:35.915, 20117, 24, 2812, 128.18, 4
2026/10/03 01:58:35.965, 20117, 24, 2812, 128.18, 4
2026/10/03 01:58:36.016, 20117, 24, 2812, 128.18, 4
2026/10/03 01:58:36.066, 20117, 19, 2797, 111.33, 4
2026/10/03 01:58:36.116, 20117, 19, 2797, 111.33, 4
2026/10/03 01:58:36.166, 20117, 19, 2797, 111.33, 4
2026/10/03 01:58:36.216, 20117, 19, 2797, 111.33, 4
2026/10/03 01:58:36.266, 20117, 19, 2797, 111.33, 4
2026/10/03 01:58:36.317, 20117, 19, 2797, 111.33, 4
2026/10/03 01:58:36.367, 20117, 19, 2797, 111.33, 4
2026/10/03 01:58:36.417, 20117, 19, 2797, 111.33, 4
2026/10/03 01:58:36.467, 20117, 19, 2797, 111.33, 4
2026/10/03 01:58:36.517, 20117, 19, 2797, 111.33, 4
2026/10/03 01:58:36.567, 20117, 19, 2827, 148.04, 4
2026/10/03 01:58:36.617, 20117, 19, 2827, 148.04, 4
2026/10/03 01:58:36.668, 20117, 19, 2827, 148.04, 4
2026/10/03 01:58:36.718, 20117, 19, 2827, 148.04, 4
2026/10/03 01:58:36.768, 20117, 19, 2827, 148.04, 4
2026/10/03 01:58:36.818, 20117, 19, 2827, 148.04, 4
2026/10/03 01:58:36.868, 20117, 19, 2827, 148.04, 4
2026/10/03 01:58:36.919, 20117, 19, 2827, 148.04, 4
2026/10/03 01:58:36.969, 20117, 19, 2827, 148.04, 4
2026/10/03 01:58:37.019, 20117, 19, 2827, 148.04, 4
2026/10/03 01:58:37.069, 20117, 24, 2820, 142.63, 4
2026/10/03 01:58:37.119, 20117, 24, 2820, 142.63, 4
2026/10/03 01:58:37.170, 20117, 24, 2820, 142.63, 4
2026/10/03 01:58:37.220, 20117, 24, 2820, 142.63, 4
2026/10/03 01:58:37.270, 20117, 24, 2820, 142.63, 4
2026/10/03 01:58:37.320, 20117, 24, 2820, 142.63, 4
2026/10/03 01:58:37.370, 20117, 24, 2820, 142.63, 4
2026/10/03 01:58:37.421, 20117, 24, 2820, 142.63, 4
2026/10/03 01:58:37.471, 20117, 24, 2820, 142.63, 4
2026/10/03 01:58:37.521, 20117, 24, 2820, 142.63, 4
2026/10/03 01:58:37.571, 20117, 24, 2820, 142.60, 4
2026/10/03 01:58:37.621, 20117, 24, 2820, 142.60, 4
2026/10/03 01:58:37.671, 20117, 24, 2820, 142.60, 4
2026/10/03 01:58:37.722, 20117, 24, 2820, 142.60, 4
2026/10/03 01:58:37.772, 20117, 24, 2820, 142.60, 4
2026/10/03 01:58:37.822, 20117, 24, 2820, 142.60, 4
2026/10/03 01:58:37.872, 20117, 24, 2820, 142.60, 4
2026/10/03 01:58:37.923, 20117, 24, 2820, 142.60, 4
2026/10/03 01:58:37.973, 20117, 24, 2820, 142.60, 4
2026/10/03 01:58:38.023, 20117, 24, 2820, 142.60, 4
2026/10/03 01:58:38.073, 20117, 24, 2820, 140.42, 4
2026/10/03 01:58:38.124, 20117, 24, 2820, 140.42, 4
2026/10/03 01:58:38.174, 20117, 24, 2820, 140.42, 4
2026/10/03 01:58:38.224, 20117, 24, 2820, 140.42, 4
2026/10/03 01:58:38.275, 20117, 24, 2820, 140.42, 4
2026/10/03 01:58:38.325, 20117, 24, 2820, 140.42, 4
2026/10/03 01:58:38.375, 20117, 24, 2820, 140.42, 4
2026/10/03 01:58:38.425, 20117, 24, 2820, 140.42, 4
2026/10/03 01:58:38.476, 20117, 24, 2820, 140.42, 4
2026/10/03 01:58:38.526, 20117, 24, 2820, 140.42, 4
2026/10/03 01:58:38.576, 20117, 24, 2812, 134.64, 4
2026/10/03 01:58:38.626, 20117, 24, 2812, 134.64, 4
2026/10/03 01:58:38.676, 20117, 24, 2812, 134.64, 4
2026/10/03 01:58:38.726, 20117, 24, 2812, 134.64, 4
2026/10/03 01:58:38.777, 20117, 24, 2812, 134.64, 4
2026/10/03 01:58:38.827, 20117, 24, 2812, 134.64, 4
2026/10/03 01:58:38.877, 20117, 24, 2812, 134.64, 4
2026/10/03 01:58:38.927, 20117, 24, 2812, 134.64, 4
2026/10/03 01:58:38.977, 20117, 24, 2812, 134.64, 4
2026/10/03 01:58:39.028, 20117, 24, 2812, 134.64, 4
2026/10/03 01:58:39.078, 20117, 18, 2820, 122.21, 4
2026/10/03 01:58:39.128, 20117, 18, 2820, 122.21, 4
2026/10/03 01:58:39.178, 20117, 18, 2820, 122.21, 4
2026/10/03 01:58:39.228, 20117, 18, 2820, 122.21, 4
2026/10/03 01:58:39.279, 20117, 18, 2820, 122.21, 4
2026/10/03 01:58:39.329, 20117, 18, 2820, 122.21, 4
2026/10/03 01:58:39.379, 20117, 18, 2820, 122.21, 4
2026/10/03 01:58:39.429, 20117, 18, 2820, 122.21, 4
2026/10/03 01:58:39.479, 20117, 18, 2820, 122.21, 4
2026/10/03 01:58:39.529, 20117, 18, 2820, 122.21, 4
2026/10/03 01:58:39.580, 20117, 18, 2820, 127.79, 4
2026/10/03 01:58:39.630, 20117, 18, 2820, 127.79, 4
2026/10/03 01:58:39.680, 20117, 18, 2820, 127.79, 4
2026/10/03 01:58:39.730, 20117, 18, 2820, 127.79, 4
2026/10/03 01:58:39.780, 20117, 18, 2820, 127.79, 4
2026/10/03 01:58:39.831, 20117, 18, 2820, 127.79, 4
2026/10/03 01:58:39.882, 20117, 18, 2820, 127.79, 4
2026/10/03 01:58:39.932, 20117, 18, 2820, 127.79, 4
2026/10/03 01:58:39.983, 20117, 18, 2820, 127.79, 4
2026/10/03 01:58:40.033, 20117, 18, 2820, 127.79, 4
2026/10/03 01:58:40.083, 20117, 23, 2812, 134.91, 4
2026/10/03 01:58:40.133, 20117, 23, 2812, 134.91, 4
2026/10/03 01:58:40.183, 20117, 23, 2812, 134.91, 4
2026/10/03 01:58:40.233, 20117, 23, 2812, 134.91, 4
2026/10/03 01:58:40.283, 20117, 23, 2812, 134.91, 4
2026/10/03 01:58:40.334, 20117, 23, 2812, 134.91, 4
2026/10/03 01:58:40.384, 20117, 23, 2812, 134.91, 4
2026/10/03 01:58:40.434, 20117, 23, 2812, 134.91, 4
2026/10/03 01:58:40.484, 20117, 23, 2812, 134.91, 4
2026/10/03 01:58:40.534, 20117, 23, 2812, 134.91, 4
2026/10/03 01:58:40.585, 20117, 23, 2805, 129.92, 4
2026/10/03 01:58:40.635, 20117, 23, 2805, 129.92, 4
2026/10/03 01:58:40.685, 20117, 23, 2805, 129.92, 4
2026/10/03 01:58:40.735, 20117, 23, 2805, 129.92, 4
2026/10/03 01:58:40.785, 20117, 23, 2805, 129.92, 4
2026/10/03 01:58:40.836, 20117, 23, 2805, 129.92, 4
2026/10/03 01:58:40.886, 20117, 23, 2805, 129.92, 4
2026/10/03 01:58:40.936, 20117, 23, 2805, 129.92, 4
2026/10/03 01:58:40.986, 20117, 23, 2805, 129.92, 4
2026/10/03 01:58:41.036, 20117, 23, 2805, 129.92, 4
2026/10/03 01:58:41.086, 20117, 23, 2835, 148.20, 4
2026/10/03 01:58:41.137, 20117, 23, 2835, 148.20, 4
2026/10/03 01:58:41.187, 20117, 23, 2835, 148.20, 4
2026/10/03 01:58:41.237, 20117, 23, 2835, 148.20, 4
2026/10/03 01:58:41.287, 20117, 23, 2835, 148.20, 4
2026/10/03 01:58:41.337, 20117, 23, 2835, 148.20, 4
2026/10/03 01:58:41.388, 20117, 23, 2835, 148.20, 4
2026/10/03 01:58:41.438, 20117, 23, 2835, 148.20, 4
2026/10/03 01:58:41.488, 20117, 23, 2835, 148.20, 4
2026/10/03 01:58:41.538, 20117, 23, 2835, 148.20, 4
2026/10/03 01:58:41.588, 20117, 23, 2812, 142.82, 4
2026/10/03 01:58:41.639, 20117, 23, 2812, 142.82, 4
2026/10/03 01:58:41.689, 20117, 23, 2812, 142.82, 4
2026/10/03 01:58:41.739, 20117, 23, 2812, 142.82, 4
2026/10/03 01:58:41.789, 20117, 23, 2812, 142.82, 4
2026/10/03 01:58:41.839, 20117, 23, 2812, 142.82, 4
2026/10/03 01:58:41.890, 20117, 23, 2812, 142.82, 4
2026/10/03 01:58:41.940, 20117, 23, 2812, 142.82, 4
2026/10/03 01:58:41.990, 20117, 23, 2812, 142.82, 4
2026/10/03 01:58:42.040, 20117, 23, 2812, 142.82, 4
2026/10/03 01:58:42.090, 20117, 25, 2812, 152.91, 4
2026/10/03 01:58:42.141, 20117, 25, 2812, 152.91, 4
2026/10/03 01:58:42.191, 20117, 25, 2812, 152.91, 4
2026/10/03 01:58:42.241, 20117, 25, 2812, 152.91, 4
2026/10/03 01:58:42.291, 20117, 25, 2812, 152.91, 4
2026/10/03 01:58:42.341, 20117, 25, 2812, 152.91, 4
2026/10/03 01:58:42.392, 20117, 25, 2812, 152.91, 4
2026/10/03 01:58:42.442, 20117, 25, 2812, 152.91, 4
2026/10/03 01:58:42.492, 20117, 25, 2812, 152.91, 4
2026/10/03 01:58:42.542, 20117, 25, 2812, 152.91, 4
2026/10/03 01:58:42.592, 20117, 25, 2812, 148.21, 4
2026/10/03 01:58:42.643, 20117, 25, 2812, 148.21, 4
2026/10/03 01:58:42.693, 20117, 25, 2812, 148.21, 4
2026/10/03 01:58:42.743, 20117, 25, 2812, 148.21, 4
2026/10/03 01:58:42.793, 20117, 25, 2812, 148.21, 4
2026/10/03 01:58:42.843, 20117, 25, 2812, 148.21, 4
2026/10/03 01:58:42.893, 20117, 25, 2812, 148.21, 4
2026/10/03 01:58:42.944, 20117, 25, 2812, 148.21, 4
2026/10/03 01:58:42.994, 20117, 25, 2812, 148.21, 4
2026/10/03 01:58:43.044, 20117, 25, 2812, 148.21, 4
2026/10/03 01:58:43.094, 20117, 24, 2812, 145.19, 4
2026/10/03 01:58:43.144, 20117, 24, 2812, 145.19, 4
2026/10/03 01:58:43.195, 20117, 24, 2812, 145.19, 4
2026/10/03 01:58:43.245, 20117, 24, 2812, 145.19, 4
2026/10/03 01:58:43.295, 20117, 24, 2812, 145.19, 4
2026/10/03 01:58:43.346, 20117, 24, 2812, 145.19, 4
2026/10/03 01:58:43.396, 20117, 24, 2812, 145.19, 4
2026/10/03 01:58:43.446, 20117, 24, 2812, 145.19, 4
2026/10/03 01:58:43.496, 20117, 24, 2812, 145.19, 4
2026/10/03 01:58:43.547, 20117, 24, 2812, 145.19, 4
2026/10/03 01:58:43.597, 20117, 24, 2812, 141.84, 4
2026/10/03 01:58:43.647, 20117, 24, 2812, 141.84, 4
2026/10/03 01:58:43.697, 20117, 24, 2812, 141.84, 4
2026/10/03 01:58:43.747, 20117, 24, 2812, 141.84, 4
2026/10/03 01:58:43.797, 20117, 24, 2812, 141.84, 4
2026/10/03 01:58:43.848, 20117, 24, 2812, 141.84, 4
2026/10/03 01:58:43.898, 20117, 24, 2812, 141.84, 4
2026/10/03 01:58:43.948, 20117, 24, 2812, 141.84, 4
2026/10/03 01:58:43.999, 20117, 24, 2812, 141.84, 4
2026/10/03 01:58:44.049, 20117, 24, 2812, 141.84, 4
2026/10/03 01:58:44.099, 20117, 24, 2820, 147.80, 4
2026/10/03 01:58:44.149, 20117, 24, 2820, 147.80, 4
2026/10/03 01:58:44.199, 20117, 24, 2820, 147.80, 4
2026/10/03 01:58:44.250, 20117, 24, 2820, 147.80, 4
2026/10/03 01:58:44.300, 20117, 24, 2820, 147.80, 4
2026/10/03 01:58:44.350, 20117, 24, 2820, 147.80, 4
2026/10/03 01:58:44.400, 20117, 24, 2820, 147.80, 4
2026/10/03 01:58:44.450, 20117, 24, 2820, 147.80, 4
2026/10/03 01:58:44.500, 20117, 24, 2820, 147.80, 4
2026/10/03 01:58:44.551, 20117, 24, 2820, 147.80, 4
2026/10/03 01:58:44.601, 20117, 24, 2805, 145.83, 4
2026/10/03 01:58:44.651, 20117, 24, 2805, 145.83, 4
2026/10/03 01:58:44.701, 20117, 24, 2805, 145.83, 4
2026/10/03 01:58:44.751, 20117, 24, 2805, 145.83, 4
2026/10/03 01:58:44.801, 20117, 24, 2805, 145.83, 4
2026/10/03 01:58:44.852, 20117, 24, 2805, 145.83, 4
2026/10/03 01:58:44.902, 20117, 24, 2805, 145.83, 4
2026/10/03 01:58:44.952, 20117, 24, 2805, 145.83, 4
2026/10/03 01:58:45.002, 20117, 24, 2805, 145.83, 4
2026/10/03 01:58:45.052, 20117, 24, 2805, 145.83, 4
2026/10/03 01:58:45.103, 20117, 23, 2812, 136.38, 4
2026/10/03 01:58:45.153, 20117, 23, 2812, 136.38, 4
2026/10/03 01:58:45.203, 20117, 23, 2812, 136.38, 4
2026/10/03 01:58:45.253, 20117, 23, 2812, 136.38, 4
2026/10/03 01:58:45.303, 20117, 23, 2812, 136.38, 4
2026/10/03 01:58:45.353, 20117, 23, 2812, 136.38, 4
2026/10/03 01:58:45.404, 20117, 23, 2812, 136.38, 4
2026/10/03 01:58:45.454, 20117, 23, 2812, 136.38, 4
2026/10/03 01:58:45.504, 20117, 23, 2812, 136.38, 4
2026/10/03 01:58:45.554, 20117, 23, 2812, 136.38, 4
2026/10/03 01:58:45.604, 20117, 23, 2812, 128.43, 4
2026/10/03 01:58:45.655, 20117, 23, 2812, 128.43, 4
2026/10/03 01:58:45.705, 20117, 23, 2812, 128.43, 4
2026/10/03 01:58:45.755, 20117, 23, 2812, 128.43, 4
2026/10/03 01:58:45.805, 20117, 23, 2812, 128.43, 4
2026/10/03 01:58:45.855, 20117, 23, 2812, 128.43, 4
2026/10/03 01:58:45.906, 20117, 23, 2812, 128.43, 4
2026/10/03 01:58:45.956, 20117, 23, 2812, 128.43, 4
2026/10/03 01:58:46.006, 20117, 23, 2812, 128.43, 4
2026/10/03 01:58:46.056, 20117, 23, 2812, 128.43, 4
2026/10/03 01:58:46.106, 20117, 18, 2805, 128.95, 4
2026/10/03 01:58:46.157, 20117, 18, 2805, 128.95, 4
2026/10/03 01:58:46.207, 20117, 18, 2805, 128.95, 4
2026/10/03 01:58:46.257, 20117, 18, 2805, 128.95, 4
2026/10/03 01:58:46.307, 20117, 18, 2805, 128.95, 4
2026/10/03 01:58:46.357, 20117, 18, 2805, 128.95, 4
2026/10/03 01:58:46.407, 20117, 18, 2805, 128.95, 4
2026/10/03 01:58:46.458, 20117, 18, 2805, 128.95, 4
2026/10/03 01:58:46.508, 20117, 18, 2805, 128.95, 4
2026/10/03 01:58:46.558, 20117, 18, 2805, 128.95, 4
2026/10/03 01:58:46.608, 20117, 18, 2797, 127.72, 4
2026/10/03 01:58:46.658, 20117, 18, 2797, 127.72, 4
2026/10/03 01:58:46.709, 20117, 18, 2797, 127.72, 4
2026/10/03 01:58:46.759, 20117, 18, 2797, 127.72, 4
2026/10/03 01:58:46.809, 20117, 18, 2797, 127.72, 4
2026/10/03 01:58:46.859, 20117, 18, 2797, 127.72, 4
2026/10/03 01:58:46.909, 20117, 18, 2797, 127.72, 4
2026/10/03 01:58:46.959, 20117, 18, 2797, 127.72, 4
2026/10/03 01:58:47.010, 20117, 18, 2797, 127.72, 4
2026/10/03 01:58:47.060, 20117, 18, 2797, 127.72, 4
2026/10/03 01:58:47.110, 20117, 18, 2820, 129.25, 4
2026/10/03 01:58:47.160, 20117, 18, 2820, 129.25, 4
2026/10/03 01:58:47.210, 20117, 18, 2820, 129.25, 4
2026/10/03 01:58:47.261, 20117, 18, 2820, 129.25, 4
2026/10/03 01:58:47.311, 20117, 18, 2820, 129.25, 4
2026/10/03 01:58:47.361, 20117, 18, 2820, 129.25, 4
2026/10/03 01:58:47.411, 20117, 18, 2820, 129.25, 4
2026/10/03 01:58:47.461, 20117, 18, 2820, 129.25, 4
2026/10/03 01:58:47.512, 20117, 18, 2820, 129.25, 4
2026/10/03 01:58:47.562, 20117, 18, 2820, 129.25, 4
2026/10/03 01:58:47.612, 20117, 18, 2820, 130.16, 4
2026/10/03 01:58:47.662, 20117, 18, 2820, 130.16, 4
2026/10/03 01:58:47.712, 20117, 18, 2820, 130.16, 4
2026/10/03 01:58:47.763, 20117, 18, 2820, 130.16, 4
2026/10/03 01:58:47.813, 20117, 18, 2820, 130.16, 4
2026/10/03 01:58:47.863, 20117, 18, 2820, 130.16, 4
2026/10/03 01:58:47.913, 20117, 18, 2820, 130.16, 4
2026/10/03 01:58:47.963, 20117, 18, 2820, 130.16, 4
2026/10/03 01:58:48.014, 20117, 18, 2820, 130.16, 4
2026/10/03 01:58:48.064, 20117, 18, 2820, 128.79, 4
2026/10/03 01:58:48.114, 20117, 18, 2820, 128.79, 4
2026/10/03 01:58:48.164, 20117, 18, 2820, 128.79, 4
2026/10/03 01:58:48.214, 20117, 18, 2820, 128.79, 4
2026/10/03 01:58:48.265, 20117, 18, 2820, 128.79, 4
2026/10/03 01:58:48.315, 20117, 18, 2820, 128.79, 4
2026/10/03 01:58:48.365, 20117, 18, 2820, 128.79, 4
2026/10/03 01:58:48.415, 20117, 18, 2820, 128.79, 4
2026/10/03 01:58:48.465, 20117, 18, 2820, 128.79, 4
2026/10/03 01:58:48.516, 20117, 18, 2820, 128.79, 4
2026/10/03 01:58:48.566, 20117, 18, 2827, 130.73, 4
2026/10/03 01:58:48.616, 20117, 18, 2827, 130.73, 4
2026/10/03 01:58:48.666, 20117, 18, 2827, 130.73, 4
2026/10/03 01:58:48.716, 20117, 18, 2827, 130.73, 4
2026/10/03 01:58:48.767, 20117, 18, 2827, 130.73, 4
2026/10/03 01:58:48.817, 20117, 18, 2827, 130.73, 4
2026/10/03 01:58:48.867, 20117, 18, 2827, 130.73, 4
2026/10/03 01:58:48.917, 20117, 18, 2827, 130.73, 4
2026/10/03 01:58:48.967, 20117, 18, 2827, 130.73, 4
2026/10/03 01:58:49.018, 20117, 18, 2827, 130.73, 4
2026/10/03 01:58:49.068, 20117, 23, 2812, 131.56, 4
2026/10/03 01:58:49.118, 20117, 23, 2812, 131.56, 4
2026/10/03 01:58:49.168, 20117, 23, 2812, 131.56, 4
2026/10/03 01:58:49.218, 20117, 23, 2812, 131.56, 4
2026/10/03 01:58:49.269, 20117, 23, 2812, 131.56, 4
2026/10/03 01:58:49.319, 20117, 23, 2812, 131.56, 4
2026/10/03 01:58:49.369, 20117, 23, 2812, 131.56, 4
2026/10/03 01:58:49.419, 20117, 23, 2812, 131.56, 4
2026/10/03 01:58:49.469, 20117, 23, 2812, 131.56, 4
2026/10/03 01:58:49.519, 20117, 23, 2812, 131.56, 4
2026/10/03 01:58:49.570, 20117, 23, 2812, 146.87, 4
2026/10/03 01:58:49.620, 20117, 23, 2812, 146.87, 4
2026/10/03 01:58:49.670, 20117, 23, 2812, 146.87, 4
2026/10/03 01:58:49.720, 20117, 23, 2812, 146.87, 4
2026/10/03 01:58:49.770, 20117, 23, 2812, 146.87, 4
2026/10/03 01:58:49.821, 20117, 23, 2812, 146.87, 4
2026/10/03 01:58:49.871, 20117, 23, 2812, 146.87, 4
2026/10/03 01:58:49.921, 20117, 23, 2812, 146.87, 4
2026/10/03 01:58:49.971, 20117, 23, 2812, 146.87, 4
2026/10/03 01:58:50.022, 20117, 23, 2812, 146.87, 4
2026/10/03 01:58:50.072, 20117, 24, 2812, 149.12, 4
2026/10/03 01:58:50.122, 20117, 24, 2812, 149.12, 4
2026/10/03 01:58:50.172, 20117, 24, 2812, 149.12, 4
2026/10/03 01:58:50.222, 20117, 24, 2812, 149.12, 4
2026/10/03 01:58:50.272, 20117, 24, 2812, 149.12, 4
2026/10/03 01:58:50.323, 20117, 24, 2812, 149.12, 4
2026/10/03 01:58:50.373, 20117, 24, 2812, 149.12, 4
2026/10/03 01:58:50.423, 20117, 24, 2812, 149.12, 4
2026/10/03 01:58:50.473, 20117, 24, 2812, 149.12, 4
2026/10/03 01:58:50.524, 20117, 24, 2812, 149.12, 4
2026/10/03 01:58:50.574, 20117, 24, 2812, 143.71, 4
2026/10/03 01:58:50.624, 20117, 24, 2812, 143.71, 4
2026/10/03 01:58:50.674, 20117, 24, 2812, 143.71, 4
2026/10/03 01:58:50.724, 20117, 24, 2812, 143.71, 4
2026/10/03 01:58:50.775, 20117, 24, 2812, 143.71, 4
2026/10/03 01:58:50.825, 20117, 24, 2812, 143.71, 4
2026/10/03 01:58:50.875, 20117, 24, 2812, 143.71, 4
2026/10/03 01:58:50.925, 20117, 24, 2812, 143.71, 4
2026/10/03 01:58:50.975, 20117, 24, 2812, 143.71, 4
2026/10/03 01:58:51.026, 20117, 24, 2812, 143.71, 4
2026/10/03 01:58:51.076, 20117, 25, 2812, 149.51, 4
2026/10/03 01:58:51.126, 20117, 25, 2812, 149.51, 4
2026/10/03 01:58:51.176, 20117, 25, 2812, 149.51, 4
2026/10/03 01:58:51.226, 20117, 25, 2812, 149.51, 4
2026/10/03 01:58:51.276, 20117, 25, 2812, 149.51, 4
2026/10/03 01:58:51.327, 20117, 25, 2812, 149.51, 4
2026/10/03 01:58:51.377, 20117, 25, 2812, 149.51, 4
2026/10/03 01:58:51.427, 20117, 25, 2812, 149.51, 4
2026/10/03 01:58:51.477, 20117, 25, 2812, 149.51, 4
2026/10/03 01:58:51.527, 20117, 25, 2812, 149.51, 4
2026/10/03 01:58:51.578, 20117, 25, 2812, 144.85, 4
2026/10/03 01:58:51.628, 20117, 25, 2812, 144.85, 4
2026/10/03 01:58:51.678, 20117, 25, 2812, 144.85, 4
2026/10/03 01:58:51.728, 20117, 25, 2812, 144.85, 4
2026/10/03 01:58:51.778, 20117, 25, 2812, 144.85, 4
2026/10/03 01:58:51.829, 20117, 25, 2812, 144.85, 4
2026/10/03 01:58:51.879, 20117, 25, 2812, 144.85, 4
2026/10/03 01:58:51.929, 20117, 25, 2812, 144.85, 4
2026/10/03 01:58:51.979, 20117, 25, 2812, 144.85, 4
2026/10/03 01:58:52.029, 20117, 25, 2812, 144.85, 4
2026/10/03 01:58:52.080, 20117, 22, 2805, 136.48, 4
2026/10/03 01:58:52.130, 20117, 22, 2805, 136.48, 4
2026/10/03 01:58:52.180, 20117, 22, 2805, 136.48, 4
2026/10/03 01:58:52.230, 20117, 22, 2805, 136.48, 4
2026/10/03 01:58:52.280, 20117, 22, 2805, 136.48, 4
2026/10/03 01:58:52.331, 20117, 22, 2805, 136.48, 4
2026/10/03 01:58:52.381, 20117, 22, 2805, 136.48, 4
2026/10/03 01:58:52.431, 20117, 22, 2805, 136.48, 4
2026/10/03 01:58:52.481, 20117, 22, 2805, 136.48, 4
2026/10/03 01:58:52.531, 20117, 22, 2805, 136.48, 4
2026/10/03 01:58:52.582, 20117, 22, 2797, 138.24, 4
2026/10/03 01:58:52.632, 20117, 22, 2797, 138.24, 4
2026/10/03 01:58:52.682, 20117, 22, 2797, 138.24, 4
2026/10/03 01:58:52.732, 20117, 22, 2797, 138.24, 4
2026/10/03 01:58:52.782, 20117, 22, 2797, 138.24, 4
2026/10/03 01:58:52.833, 20117, 22, 2797, 138.24, 4
2026/10/03 01:58:52.883, 20117, 22, 2797, 138.24, 4
2026/10/03 01:58:52.933, 20117, 22, 2797, 138.24, 4
2026/10/03 01:58:52.983, 20117, 22, 2797, 138.24, 4
2026/10/03 01:58:53.033, 20117, 22, 2797, 138.24, 4
2026/10/03 01:58:53.084, 20117, 24, 2835, 149.85, 4
2026/10/03 01:58:53.134, 20117, 24, 2835, 149.85, 4
2026/10/03 01:58:53.184, 20117, 24, 2835, 149.85, 4
2026/10/03 01:58:53.234, 20117, 24, 2835, 149.85, 4
2026/10/03 01:58:53.285, 20117, 24, 2835, 149.85, 4
2026/10/03 01:58:53.335, 20117, 24, 2835, 149.85, 4
2026/10/03 01:58:53.386, 20117, 24, 2835, 149.85, 4
2026/10/03 01:58:53.436, 20117, 24, 2835, 149.85, 4
2026/10/03 01:58:53.486, 20117, 24, 2835, 149.85, 4
2026/10/03 01:58:53.536, 20117, 24, 2835, 149.85, 4
2026/10/03 01:58:53.587, 20117, 24, 2835, 139.96, 4
2026/10/03 01:58:53.637, 20117, 24, 2835, 139.96, 4
2026/10/03 01:58:53.688, 20117, 24, 2835, 139.96, 4
2026/10/03 01:58:53.738, 20117, 24, 2835, 139.96, 4
2026/10/03 01:58:53.788, 20117, 24, 2835, 139.96, 4
2026/10/03 01:58:53.838, 20117, 24, 2835, 139.96, 4
2026/10/03 01:58:53.888, 20117, 24, 2835, 139.96, 4
2026/10/03 01:58:53.939, 20117, 24, 2835, 139.96, 4
2026/10/03 01:58:53.989, 20117, 24, 2835, 139.96, 4
2026/10/03 01:58:54.039, 20117, 24, 2835, 139.96, 4
2026/10/03 01:58:54.089, 20117, 24, 2820, 144.51, 4
2026/10/03 01:58:54.139, 20117, 24, 2820, 144.51, 4
2026/10/03 01:58:54.190, 20117, 24, 2820, 144.51, 4
2026/10/03 01:58:54.240, 20117, 24, 2820, 144.51, 4
2026/10/03 01:58:54.290, 20117, 24, 2820, 144.51, 4
2026/10/03 01:58:54.340, 20117, 24, 2820, 144.51, 4
2026/10/03 01:58:54.390, 20117, 24, 2820, 144.51, 4
2026/10/03 01:58:54.441, 20117, 24, 2820, 144.51, 4
2026/10/03 01:58:54.491, 20117, 24, 2820, 144.51, 4
2026/10/03 01:58:54.541, 20117, 24, 2820, 144.51, 4
2026/10/03 01:58:54.591, 20117, 24, 2805, 126.68, 4
2026/10/03 01:58:54.641, 20117, 24, 2805, 126.68, 4
2026/10/03 01:58:54.692, 20117, 24, 2805, 126.68, 4
2026/10/03 01:58:54.742, 20117, 24, 2805, 126.68, 4
2026/10/03 01:58:54.792, 20117, 24, 2805, 126.68, 4
2026/10/03 01:58:54.842, 20117, 24, 2805, 126.68, 4
2026/10/03 01:58:54.892, 20117, 24, 2805, 126.68, 4
2026/10/03 01:58:54.943, 20117, 24, 2805, 126.68, 4
2026/10/03 01:58:54.993, 20117, 24, 2805, 126.68, 4
2026/10/03 01:58:55.043, 20117, 24, 2805, 126.68, 4
2026/10/03 01:58:55.093, 20117, 21, 2805, 113.59, 4
2026/10/03 01:58:55.143, 20117, 21, 2805, 113.59, 4
2026/10/03 01:58:55.194, 20117, 21, 2805, 113.59, 4
2026/10/03 01:58:55.244, 20117, 21, 2805, 113.59, 4
2026/10/03 01:58:55.294, 20117, 21, 2805, 113.59, 4
2026/10/03 01:58:55.344, 20117, 21, 2805, 113.59, 4
2026/10/03 01:58:55.394, 20117, 21, 2805, 113.59, 4
2026/10/03 01:58:55.445, 20117, 21, 2805, 113.59, 4
2026/10/03 01:58:55.495, 20117, 21, 2805, 113.59, 4
2026/10/03 01:58:55.545, 20117, 21, 2805, 113.59, 4
2026/10/03 01:58:55.595, 20117, 21, 2812, 108.78, 4
2026/10/03 01:58:55.645, 20117, 21, 2812, 108.78, 4
2026/10/03 01:58:55.695, 20117, 21, 2812, 108.78, 4
2026/10/03 01:58:55.746, 20117, 21, 2812, 108.78, 4
2026/10/03 01:58:55.796, 20117, 21, 2812, 108.78, 4
2026/10/03 01:58:55.846, 20117, 21, 2812, 108.78, 4
2026/10/03 01:58:55.896, 20117, 21, 2812, 108.78, 4
2026/10/03 01:58:55.946, 20117, 21, 2812, 108.78, 4
2026/10/03 01:58:55.997, 20117, 21, 2812, 108.78, 4
2026/10/03 01:58:56.047, 20117, 21, 2812, 108.78, 4
2026/10/03 01:58:56.097, 20117, 21, 2820, 136.25, 4
2026/10/03 01:58:56.147, 20117, 21, 2820, 136.25, 4
2026/10/03 01:58:56.198, 20117, 21, 2820, 136.25, 4
2026/10/03 01:58:56.248, 20117, 21, 2820, 136.25, 4
2026/10/03 01:58:56.298, 20117, 21, 2820, 136.25, 4
2026/10/03 01:58:56.348, 20117, 21, 2820, 136.25, 4
2026/10/03 01:58:56.398, 20117, 21, 2820, 136.25, 4
2026/10/03 01:58:56.449, 20117, 21, 2820, 136.25, 4
2026/10/03 01:58:56.499, 20117, 21, 2820, 136.25, 4
2026/10/03 01:58:56.549, 20117, 21, 2820, 136.25, 4
2026/10/03 01:58:56.599, 20117, 21, 2820, 132.27, 4
2026/10/03 01:58:56.649, 20117, 21, 2820, 132.27, 4
2026/10/03 01:58:56.700, 20117, 21, 2820, 132.27, 4
2026/10/03 01:58:56.750, 20117, 21, 2820, 132.27, 4
2026/10/03 01:58:56.800, 20117, 21, 2820, 132.27, 4
2026/10/03 01:58:56.850, 20117, 21, 2820, 132.27, 4
2026/10/03 01:58:56.901, 20117, 21, 2820, 132.27, 4
2026/10/03 01:58:56.952, 20117, 21, 2820, 132.27, 4
2026/10/03 01:58:57.003, 20117, 21, 2820, 132.27, 4
2026/10/03 01:58:57.053, 20117, 21, 2820, 132.27, 4
2026/10/03 01:58:57.103, 20117, 20, 2820, 127.29, 4
2026/10/03 01:58:57.154, 20117, 20, 2820, 127.29, 4
2026/10/03 01:58:57.204, 20117, 20, 2820, 127.29, 4
2026/10/03 01:58:57.255, 20117, 20, 2820, 127.29, 4
2026/10/03 01:58:57.305, 20117, 20, 2820, 127.29, 4
2026/10/03 01:58:57.355, 20117, 20, 2820, 127.29, 4
2026/10/03 01:58:57.405, 20117, 20, 2820, 127.29, 4
2026/10/03 01:58:57.455, 20117, 20, 2820, 127.29, 4
2026/10/03 01:58:57.505, 20117, 20, 2820, 127.29, 4
2026/10/03 01:58:57.555, 20117, 20, 2820, 127.29, 4
2026/10/03 01:58:57.606, 20117, 20, 2835, 149.72, 4
2026/10/03 01:58:57.658, 20117, 20, 2835, 149.72, 4
2026/10/03 01:58:57.708, 20117, 20, 2835, 149.72, 4
2026/10/03 01:58:57.759, 20117, 20, 2835, 149.72, 4
2026/10/03 01:58:57.809, 20117, 20, 2835, 149.72, 4
2026/10/03 01:58:57.859, 20117, 20, 2835, 149.72, 4
2026/10/03 01:58:57.909, 20117, 20, 2835, 149.72, 4
2026/10/03 01:58:57.959, 20117, 20, 2835, 149.72, 4
2026/10/03 01:58:58.009, 20117, 20, 2835, 149.72, 4
2026/10/03 01:58:58.060, 20117, 20, 2835, 149.72, 4
2026/10/03 01:58:58.110, 20117, 21, 2820, 124.21, 4
2026/10/03 01:58:58.160, 20117, 21, 2820, 124.21, 4
2026/10/03 01:58:58.210, 20117, 21, 2820, 124.21, 4
2026/10/03 01:58:58.260, 20117, 21, 2820, 124.21, 4
2026/10/03 01:58:58.310, 20117, 21, 2820, 124.21, 4
2026/10/03 01:58:58.361, 20117, 21, 2820, 124.21, 4
2026/10/03 01:58:58.411, 20117, 21, 2820, 124.21, 4
2026/10/03 01:58:58.461, 20117, 21, 2820, 124.21, 4
2026/10/03 01:58:58.511, 20117, 21, 2820, 124.21, 4
2026/10/03 01:58:58.561, 20117, 21, 2820, 124.21, 4
2026/10/03 01:58:58.612, 20117, 21, 2842, 136.02, 4
2026/10/03 01:58:58.662, 20117, 21, 2842, 136.02, 4
2026/10/03 01:58:58.712, 20117, 21, 2842, 136.02, 4
2026/10/03 01:58:58.762, 20117, 21, 2842, 136.02, 4
2026/10/03 01:58:58.812, 20117, 21, 2842, 136.02, 4
2026/10/03 01:58:58.862, 20117, 21, 2842, 136.02, 4
2026/10/03 01:58:58.913, 20117, 21, 2842, 136.02, 4
2026/10/03 01:58:58.963, 20117, 21, 2842, 136.02, 4
2026/10/03 01:58:59.013, 20117, 21, 2842, 136.02, 4
2026/10/03 01:58:59.063, 20117, 21, 2812, 120.63, 4
2026/10/03 01:58:59.113, 20117, 21, 2812, 120.63, 4
2026/10/03 01:58:59.164, 20117, 21, 2812, 120.63, 4
2026/10/03 01:58:59.214, 20117, 21, 2812, 120.63, 4
2026/10/03 01:58:59.264, 20117, 21, 2812, 120.63, 4
2026/10/03 01:58:59.314, 20117, 21, 2812, 120.63, 4
2026/10/03 01:58:59.364, 20117, 21, 2812, 120.63, 4
2026/10/03 01:58:59.414, 20117, 21, 2812, 120.63, 4
2026/10/03 01:58:59.465, 20117, 21, 2812, 120.63, 4
2026/10/03 01:58:59.515, 20117, 21, 2812, 120.63, 4
2026/10/03 01:58:59.565, 20117, 21, 2820, 119.12, 4
2026/10/03 01:58:59.615, 20117, 21, 2820, 119.12, 4
2026/10/03 01:58:59.665, 20117, 21, 2820, 119.12, 4
2026/10/03 01:58:59.716, 20117, 21, 2820, 119.12, 4
2026/10/03 01:58:59.766, 20117, 21, 2820, 119.12, 4
2026/10/03 01:58:59.816, 20117, 21, 2820, 119.12, 4
2026/10/03 01:58:59.866, 20117, 21, 2820, 119.12, 4
2026/10/03 01:58:59.916, 20117, 21, 2820, 119.12, 4
2026/10/03 01:58:59.966, 20117, 21, 2820, 119.12, 4
2026/10/03 01:59:00.017, 20117, 21, 2820, 119.12, 4
2026/10/03 01:59:00.067, 20117, 20, 2820, 114.61, 4
2026/10/03 01:59:00.117, 20117, 20, 2820, 114.61, 4
2026/10/03 01:59:00.167, 20117, 20, 2820, 114.61, 4
2026/10/03 01:59:00.217, 20117, 20, 2820, 114.61, 4
2026/10/03 01:59:00.268, 20117, 20, 2820, 114.61, 4
2026/10/03 01:59:00.318, 20117, 20, 2820, 114.61, 4
2026/10/03 01:59:00.368, 20117, 20, 2820, 114.61, 4
2026/10/03 01:59:00.418, 20117, 20, 2820, 114.61, 4
2026/10/03 01:59:00.468, 20117, 20, 2820, 114.61, 4
2026/10/03 01:59:00.518, 20117, 20, 2820, 114.61, 4
2026/10/03 01:59:00.569, 20117, 20, 2812, 112.60, 4
2026/10/03 01:59:00.619, 20117, 20, 2812, 112.60, 4
2026/10/03 01:59:00.669, 20117, 20, 2812, 112.60, 4
2026/10/03 01:59:00.719, 20117, 20, 2812, 112.60, 4
2026/10/03 01:59:00.769, 20117, 20, 2812, 112.60, 4
2026/10/03 01:59:00.820, 20117, 20, 2812, 112.60, 4
2026/10/03 01:59:00.870, 20117, 20, 2812, 112.60, 4
2026/10/03 01:59:00.920, 20117, 20, 2812, 112.60, 4
2026/10/03 01:59:00.970, 20117, 20, 2812, 112.60, 4
2026/10/03 01:59:01.020, 20117, 20, 2812, 112.60, 4
2026/10/03 01:59:01.071, 20117, 22, 2805, 119.45, 4
2026/10/03 01:59:01.121, 20117, 22, 2805, 119.45, 4
2026/10/03 01:59:01.171, 20117, 22, 2805, 119.45, 4
2026/10/03 01:59:01.221, 20117, 22, 2805, 119.45, 4
2026/10/03 01:59:01.271, 20117, 22, 2805, 119.45, 4
2026/10/03 01:59:01.321, 20117, 22, 2805, 119.45, 4
2026/10/03 01:59:01.372, 20117, 22, 2805, 119.45, 4
2026/10/03 01:59:01.422, 20117, 22, 2805, 119.45, 4
2026/10/03 01:59:01.472, 20117, 22, 2805, 119.45, 4
2026/10/03 01:59:01.522, 20117, 22, 2805, 119.45, 4
2026/10/03 01:59:01.572, 20117, 22, 2805, 147.24, 4
2026/10/03 01:59:01.622, 20117, 22, 2805, 147.24, 4
2026/10/03 01:59:01.673, 20117, 22, 2805, 147.24, 4
2026/10/03 01:59:01.723, 20117, 22, 2805, 147.24, 4
2026/10/03 01:59:01.773, 20117, 22, 2805, 147.24, 4
2026/10/03 01:59:01.823, 20117, 22, 2805, 147.24, 4
2026/10/03 01:59:01.873, 20117, 22, 2805, 147.24, 4
2026/10/03 01:59:01.924, 20117, 22, 2805, 147.24, 4
2026/10/03 01:59:01.974, 20117, 22, 2805, 147.24, 4
2026/10/03 01:59:02.024, 20117, 22, 2805, 147.24, 4
2026/10/03 01:59:02.074, 20117, 19, 2805, 114.27, 4
2026/10/03 01:59:02.124, 20117, 19, 2805, 114.27, 4
2026/10/03 01:59:02.175, 20117, 19, 2805, 114.27, 4
2026/10/03 01:59:02.225, 20117, 19, 2805, 114.27, 4
2026/10/03 01:59:02.275, 20117, 19, 2805, 114.27, 4
2026/10/03 01:59:02.325, 20117, 19, 2805, 114.27, 4
2026/10/03 01:59:02.375, 20117, 19, 2805, 114.27, 4
2026/10/03 01:59:02.426, 20117, 19, 2805, 114.27, 4
2026/10/03 01:59:02.476, 20117, 19, 2805, 114.27, 4
2026/10/03 01:59:02.526, 20117, 19, 2805, 114.27, 4
2026/10/03 01:59:02.576, 20117, 19, 2812, 121.36, 4
2026/10/03 01:59:02.626, 20117, 19, 2812, 121.36, 4
2026/10/03 01:59:02.677, 20117, 19, 2812, 121.36, 4
2026/10/03 01:59:02.727, 20117, 19, 2812, 121.36, 4
2026/10/03 01:59:02.777, 20117, 19, 2812, 121.36, 4
2026/10/03 01:59:02.827, 20117, 19, 2812, 121.36, 4
2026/10/03 01:59:02.877, 20117, 19, 2812, 121.36, 4
2026/10/03 01:59:02.928, 20117, 19, 2812, 121.36, 4
2026/10/03 01:59:02.978, 20117, 19, 2812, 121.36, 4
2026/10/03 01:59:03.028, 20117, 19, 2812, 121.36, 4
2026/10/03 01:59:03.078, 20117, 20, 2805, 123.28, 4
2026/10/03 01:59:03.128, 20117, 20, 2805, 123.28, 4
2026/10/03 01:59:03.179, 20117, 20, 2805, 123.28, 4
2026/10/03 01:59:03.229, 20117, 20, 2805, 123.28, 4
2026/10/03 01:59:03.279, 20117, 20, 2805, 123.28, 4
2026/10/03 01:59:03.329, 20117, 20, 2805, 123.28, 4
2026/10/03 01:59:03.380, 20117, 20, 2805, 123.28, 4
2026/10/03 01:59:03.430, 20117, 20, 2805, 123.28, 4
2026/10/03 01:59:03.480, 20117, 20, 2805, 123.28, 4
2026/10/03 01:59:03.530, 20117, 20, 2805, 123.28, 4
2026/10/03 01:59:03.580, 20117, 20, 2812, 104.96, 4
2026/10/03 01:59:03.631, 20117, 20, 2812, 104.96, 4
2026/10/03 01:59:03.681, 20117, 20, 2812, 104.96, 4
2026/10/03 01:59:03.731, 20117, 20, 2812, 104.96, 4
2026/10/03 01:59:03.781, 20117, 20, 2812, 104.96, 4
2026/10/03 01:59:03.831, 20117, 20, 2812, 104.96, 4
2026/10/03 01:59:03.882, 20117, 20, 2812, 104.96, 4
2026/10/03 01:59:03.932, 20117, 20, 2812, 104.96, 4
2026/10/03 01:59:03.982, 20117, 20, 2812, 104.96, 4
2026/10/03 01:59:04.032, 20117, 20, 2812, 104.96, 4
2026/10/03 01:59:04.082, 20117, 19, 2805, 82.30, 4
2026/10/03 01:59:04.133, 20117, 19, 2805, 82.30, 4
2026/10/03 01:59:04.183, 20117, 19, 2805, 82.30, 4
2026/10/03 01:59:04.233, 20117, 19, 2805, 82.30, 4
2026/10/03 01:59:04.283, 20117, 19, 2805, 82.30, 4
2026/10/03 01:59:04.333, 20117, 19, 2805, 82.30, 4
2026/10/03 01:59:04.384, 20117, 19, 2805, 82.30, 4
2026/10/03 01:59:04.434, 20117, 19, 2805, 82.30, 4
2026/10/03 01:59:04.484, 20117, 19, 2805, 82.30, 4
2026/10/03 01:59:04.534, 20117, 19, 2805, 82.30, 4
2026/10/03 01:59:04.585, 20117, 19, 2797, 77.11, 4
2026/10/03 01:59:04.635, 20117, 19, 2797, 77.11, 4
2026/10/03 01:59:04.685, 20117, 19, 2797, 77.11, 4
2026/10/03 01:59:04.735, 20117, 19, 2797, 77.11, 4
2026/10/03 01:59:04.785, 20117, 19, 2797, 77.11, 4
2026/10/03 01:59:04.836, 20117, 19, 2797, 77.11, 4
2026/10/03 01:59:04.886, 20117, 19, 2797, 77.11, 4
2026/10/03 01:59:04.936, 20117, 19, 2797, 77.11, 4
2026/10/03 01:59:04.986, 20117, 19, 2797, 77.11, 4
2026/10/03 01:59:05.037, 20117, 19, 2797, 77.11, 4
2026/10/03 01:59:05.087, 20117, 24, 2767, 78.94, 4
2026/10/03 01:59:05.137, 20117, 24, 2767, 78.94, 4
2026/10/03 01:59:05.187, 20117, 24, 2767, 78.94, 4
2026/10/03 01:59:05.237, 20117, 24, 2767, 78.94, 4
2026/10/03 01:59:05.288, 20117, 24, 2767, 78.94, 4
2026/10/03 01:59:05.338, 20117, 24, 2767, 78.94, 4
2026/10/03 01:59:05.388, 20117, 24, 2767, 78.94, 4
2026/10/03 01:59:05.438, 20117, 24, 2767, 78.94, 4
2026/10/03 01:59:05.488, 20117, 24, 2767, 78.94, 4
2026/10/03 01:59:05.539, 20117, 24, 2767, 78.94, 4
2026/10/03 01:59:05.589, 20117, 24, 2775, 78.93, 4
2026/10/03 01:59:05.639, 20117, 24, 2775, 78.93, 4
2026/10/03 01:59:05.689, 20117, 24, 2775, 78.93, 4
2026/10/03 01:59:05.740, 20117, 24, 2775, 78.93, 4
2026/10/03 01:59:05.790, 20117, 24, 2775, 78.93, 4
2026/10/03 01:59:05.840, 20117, 24, 2775, 78.93, 4
2026/10/03 01:59:05.890, 20117, 24, 2775, 78.93, 4
2026/10/03 01:59:05.940, 20117, 24, 2775, 78.93, 4
2026/10/03 01:59:05.991, 20117, 24, 2775, 78.93, 4
2026/10/03 01:59:06.041, 20117, 24, 2775, 78.93, 4
2026/10/03 01:59:06.091, 20117, 30, 2782, 81.04, 4
2026/10/03 01:59:06.141, 20117, 30, 2782, 81.04, 4
2026/10/03 01:59:06.192, 20117, 30, 2782, 81.04, 4
2026/10/03 01:59:06.242, 20117, 30, 2782, 81.04, 4
2026/10/03 01:59:06.292, 20117, 30, 2782, 81.04, 4
2026/10/03 01:59:06.342, 20117, 30, 2782, 81.04, 4
2026/10/03 01:59:06.392, 20117, 30, 2782, 81.04, 4
2026/10/03 01:59:06.443, 20117, 30, 2782, 81.04, 4
2026/10/03 01:59:06.493, 20117, 30, 2782, 81.04, 4
2026/10/03 01:59:06.543, 20117, 30, 2782, 81.04, 4
2026/10/03 01:59:06.593, 20117, 30, 2745, 107.58, 4
2026/10/03 01:59:06.643, 20117, 30, 2745, 107.58, 4
2026/10/03 01:59:06.694, 20117, 30, 2745, 107.58, 4
2026/10/03 01:59:06.744, 20117, 30, 2745, 107.58, 4
2026/10/03 01:59:06.794, 20117, 30, 2745, 107.58, 4
2026/10/03 01:59:06.844, 20117, 30, 2745, 107.58, 4
2026/10/03 01:59:06.895, 20117, 30, 2745, 107.58, 4
2026/10/03 01:59:06.945, 20117, 30, 2745, 107.58, 4
2026/10/03 01:59:06.995, 20117, 30, 2745, 107.58, 4
2026/10/03 01:59:07.045, 20117, 30, 2745, 107.58, 4
2026/10/03 01:59:07.095, 20117, 34, 2745, 127.02, 4
2026/10/03 01:59:07.146, 20117, 34, 2745, 127.02, 4
2026/10/03 01:59:07.196, 20117, 34, 2745, 127.02, 4
2026/10/03 01:59:07.246, 20117, 34, 2745, 127.02, 4
2026/10/03 01:59:07.296, 20117, 34, 2745, 127.02, 4
2026/10/03 01:59:07.347, 20117, 34, 2745, 127.02, 4
2026/10/03 01:59:07.397, 20117, 34, 2745, 127.02, 4
2026/10/03 01:59:07.447, 20117, 34, 2745, 127.02, 4
2026/10/03 01:59:07.497, 20117, 34, 2745, 127.02, 4
2026/10/03 01:59:07.547, 20117, 34, 2745, 127.02, 4
2026/10/03 01:59:07.598, 20117, 34, 2745, 147.79, 4
2026/10/03 01:59:07.648, 20117, 34, 2745, 147.79, 4
2026/10/03 01:59:07.698, 20117, 34, 2745, 147.79, 4
2026/10/03 01:59:07.748, 20117, 34, 2745, 147.79, 4
2026/10/03 01:59:07.799, 20117, 34, 2745, 147.79, 4
2026/10/03 01:59:07.849, 20117, 34, 2745, 147.79, 4
2026/10/03 01:59:07.899, 20117, 34, 2745, 147.79, 4
2026/10/03 01:59:07.949, 20117, 34, 2745, 147.79, 4
2026/10/03 01:59:07.999, 20117, 34, 2745, 147.79, 4
2026/10/03 01:59:08.050, 20117, 34, 2745, 147.79, 4
2026/10/03 01:59:08.100, 20117, 34, 2760, 147.13, 4
2026/10/03 01:59:08.150, 20117, 34, 2760, 147.13, 4
2026/10/03 01:59:08.200, 20117, 34, 2760, 147.13, 4
2026/10/03 01:59:08.250, 20117, 34, 2760, 147.13, 4
2026/10/03 01:59:08.301, 20117, 34, 2760, 147.13, 4
2026/10/03 01:59:08.351, 20117, 34, 2760, 147.13, 4
2026/10/03 01:59:08.401, 20117, 34, 2760, 147.13, 4
2026/10/03 01:59:08.451, 20117, 34, 2760, 147.13, 4
2026/10/03 01:59:08.502, 20117, 34, 2760, 147.13, 4
2026/10/03 01:59:08.552, 20117, 34, 2760, 147.13, 4
2026/10/03 01:59:08.602, 20117, 34, 2775, 140.12, 4
2026/10/03 01:59:08.652, 20117, 34, 2775, 140.12, 4
2026/10/03 01:59:08.702, 20117, 34, 2775, 140.12, 4
2026/10/03 01:59:08.753, 20117, 34, 2775, 140.12, 4
2026/10/03 01:59:08.803, 20117, 34, 2775, 140.12, 4
2026/10/03 01:59:08.853, 20117, 34, 2775, 140.12, 4
2026/10/03 01:59:08.903, 20117, 34, 2775, 140.12, 4
2026/10/03 01:59:08.953, 20117, 34, 2775, 140.12, 4
2026/10/03 01:59:09.004, 20117, 34, 2775, 140.12, 4
2026/10/03 01:59:09.054, 20117, 34, 2775, 140.12, 4
2026/10/03 01:59:09.104, 20117, 34, 2775, 141.14, 4
2026/10/03 01:59:09.154, 20117, 34, 2775, 141.14, 4
2026/10/03 01:59:09.205, 20117, 34, 2775, 141.14, 4
2026/10/03 01:59:09.255, 20117, 34, 2775, 141.14, 4
2026/10/03 01:59:09.305, 20117, 34, 2775, 141.14, 4
2026/10/03 01:59:09.355, 20117, 34, 2775, 141.14, 4
2026/10/03 01:59:09.405, 20117, 34, 2775, 141.14, 4
2026/10/03 01:59:09.456, 20117, 34, 2775, 141.14, 4
2026/10/03 01:59:09.506, 20117, 34, 2775, 141.14, 4
2026/10/03 01:59:09.556, 20117, 34, 2775, 141.14, 4
2026/10/03 01:59:09.606, 20117, 34, 2775, 138.76, 4
2026/10/03 01:59:09.657, 20117, 34, 2775, 138.76, 4
2026/10/03 01:59:09.707, 20117, 34, 2775, 138.76, 4
2026/10/03 01:59:09.757, 20117, 34, 2775, 138.76, 4
2026/10/03 01:59:09.807, 20117, 34, 2775, 138.76, 4
2026/10/03 01:59:09.857, 20117, 34, 2775, 138.76, 4
2026/10/03 01:59:09.908, 20117, 34, 2775, 138.76, 4
2026/10/03 01:59:09.958, 20117, 34, 2775, 138.76, 4
2026/10/03 01:59:10.008, 20117, 34, 2775, 138.76, 4
2026/10/03 01:59:10.058, 20117, 34, 2775, 138.76, 4
2026/10/03 01:59:10.109, 20117, 34, 2782, 143.96, 4
2026/10/03 01:59:10.159, 20117, 34, 2782, 143.96, 4
2026/10/03 01:59:10.209, 20117, 34, 2782, 143.96, 4
2026/10/03 01:59:10.259, 20117, 34, 2782, 143.96, 4
2026/10/03 01:59:10.309, 20117, 34, 2782, 143.96, 4
2026/10/03 01:59:10.360, 20117, 34, 2782, 143.96, 4
2026/10/03 01:59:10.410, 20117, 34, 2782, 143.96, 4
2026/10/03 01:59:10.460, 20117, 34, 2782, 143.96, 4
2026/10/03 01:59:10.510, 20117, 34, 2782, 143.96, 4
2026/10/03 01:59:10.560, 20117, 34, 2782, 143.96, 4
2026/10/03 01:59:10.611, 20117, 34, 2782, 140.98, 4
2026/10/03 01:59:10.661, 20117, 34, 2782, 140.98, 4
2026/10/03 01:59:10.711, 20117, 34, 2782, 140.98, 4
2026/10/03 01:59:10.761, 20117, 34, 2782, 140.98, 4
2026/10/03 01:59:10.812, 20117, 34, 2782, 140.98, 4
2026/10/03 01:59:10.862, 20117, 34, 2782, 140.98, 4
2026/10/03 01:59:10.912, 20117, 34, 2782, 140.98, 4
2026/10/03 01:59:10.962, 20117, 34, 2782, 140.98, 4
2026/10/03 01:59:11.012, 20117, 34, 2782, 140.98, 4
2026/10/03 01:59:11.063, 20117, 34, 2790, 140.98, 4
2026/10/03 01:59:11.113, 20117, 31, 2790, 136.46, 4
2026/10/03 01:59:11.163, 20117, 31, 2790, 136.46, 4
2026/10/03 01:59:11.213, 20117, 31, 2790, 136.46, 4
2026/10/03 01:59:11.263, 20117, 31, 2790, 136.46, 4
2026/10/03 01:59:11.314, 20117, 31, 2790, 136.46, 4
2026/10/03 01:59:11.364, 20117, 31, 2790, 136.46, 4
2026/10/03 01:59:11.414, 20117, 31, 2790, 136.46, 4
2026/10/03 01:59:11.464, 20117, 31, 2790, 136.46, 4
2026/10/03 01:59:11.515, 20117, 31, 2790, 136.46, 4
2026/10/03 01:59:11.565, 20117, 31, 2820, 131.95, 4
2026/10/03 01:59:11.615, 20117, 31, 2820, 131.95, 4
2026/10/03 01:59:11.665, 20117, 31, 2820, 131.95, 4
2026/10/03 01:59:11.715, 20117, 31, 2820, 131.95, 4
2026/10/03 01:59:11.766, 20117, 31, 2820, 131.95, 4
2026/10/03 01:59:11.816, 20117, 31, 2820, 131.95, 4
2026/10/03 01:59:11.866, 20117, 31, 2820, 131.95, 4
2026/10/03 01:59:11.916, 20117, 31, 2820, 131.95, 4
2026/10/03 01:59:11.967, 20117, 31, 2820, 131.95, 4
2026/10/03 01:59:12.017, 20117, 31, 2820, 131.95, 4
2026/10/03 01:59:12.067, 20117, 25, 2827, 147.41, 4
2026/10/03 01:59:12.117, 20117, 25, 2827, 147.41, 4
2026/10/03 01:59:12.167, 20117, 25, 2827, 147.41, 4
2026/10/03 01:59:12.218, 20117, 25, 2827, 147.41, 4
2026/10/03 01:59:12.268, 20117, 25, 2827, 147.41, 4
2026/10/03 01:59:12.318, 20117, 25, 2827, 147.41, 4
2026/10/03 01:59:12.368, 20117, 25, 2827, 147.41, 4
2026/10/03 01:59:12.418, 20117, 25, 2827, 147.41, 4
2026/10/03 01:59:12.469, 20117, 25, 2827, 147.41, 4
2026/10/03 01:59:12.519, 20117, 25, 2827, 147.41, 4
2026/10/03 01:59:12.569, 20117, 25, 2805, 144.88, 4
2026/10/03 01:59:12.619, 20117, 25, 2805, 144.88, 4
2026/10/03 01:59:12.670, 20117, 25, 2805, 144.88, 4
2026/10/03 01:59:12.720, 20117, 25, 2805, 144.88, 4
2026/10/03 01:59:12.770, 20117, 25, 2805, 144.88, 4
2026/10/03 01:59:12.820, 20117, 25, 2805, 144.88, 4
2026/10/03 01:59:12.870, 20117, 25, 2805, 144.88, 4
2026/10/03 01:59:12.921, 20117, 25, 2805, 144.88, 4
2026/10/03 01:59:12.971, 20117, 25, 2805, 144.88, 4
2026/10/03 01:59:13.021, 20117, 25, 2805, 144.88, 4
2026/10/03 01:59:13.071, 20117, 22, 2805, 126.54, 4
2026/10/03 01:59:13.121, 20117, 22, 2805, 126.54, 4
2026/10/03 01:59:13.172, 20117, 22, 2805, 126.54, 4
2026/10/03 01:59:13.222, 20117, 22, 2805, 126.54, 4
2026/10/03 01:59:13.272, 20117, 22, 2805, 126.54, 4
2026/10/03 01:59:13.322, 20117, 22, 2805, 126.54, 4
2026/10/03 01:59:13.373, 20117, 22, 2805, 126.54, 4
2026/10/03 01:59:13.423, 20117, 22, 2805, 126.54, 4
2026/10/03 01:59:13.473, 20117, 22, 2805, 126.54, 4
2026/10/03 01:59:13.523, 20117, 22, 2805, 126.54, 4
2026/10/03 01:59:13.573, 20117, 22, 2842, 148.97, 4
2026/10/03 01:59:13.624, 20117, 22, 2842, 148.97, 4
2026/10/03 01:59:13.674, 20117, 22, 2842, 148.97, 4
2026/10/03 01:59:13.724, 20117, 22, 2842, 148.97, 4
2026/10/03 01:59:13.774, 20117, 22, 2842, 148.97, 4
2026/10/03 01:59:13.824, 20117, 22, 2842, 148.97, 4
2026/10/03 01:59:13.875, 20117, 22, 2842, 148.97, 4
2026/10/03 01:59:13.925, 20117, 22, 2842, 148.97, 4
2026/10/03 01:59:13.975, 20117, 22, 2842, 148.97, 4
2026/10/03 01:59:14.025, 20117, 22, 2842, 148.97, 4
2026/10/03 01:59:14.076, 20117, 24, 2820, 148.77, 4
2026/10/03 01:59:14.126, 20117, 24, 2820, 148.77, 4
2026/10/03 01:59:14.176, 20117, 24, 2820, 148.77, 4
2026/10/03 01:59:14.226, 20117, 24, 2820, 148.77, 4
2026/10/03 01:59:14.276, 20117, 24, 2820, 148.77, 4
2026/10/03 01:59:14.327, 20117, 24, 2820, 148.77, 4
2026/10/03 01:59:14.377, 20117, 24, 2820, 148.77, 4
2026/10/03 01:59:14.427, 20117, 24, 2820, 148.77, 4
2026/10/03 01:59:14.477, 20117, 24, 2820, 148.77, 4
2026/10/03 01:59:14.527, 20117, 24, 2820, 148.77, 4
2026/10/03 01:59:14.578, 20117, 24, 2820, 154.12, 4
2026/10/03 01:59:14.628, 20117, 24, 2820, 154.12, 4
2026/10/03 01:59:14.678, 20117, 24, 2820, 154.12, 4
2026/10/03 01:59:14.728, 20117, 24, 2820, 154.12, 4
2026/10/03 01:59:14.779, 20117, 24, 2820, 154.12, 4
2026/10/03 01:59:14.829, 20117, 24, 2820, 154.12, 4
2026/10/03 01:59:14.879, 20117, 24, 2820, 154.12, 4
2026/10/03 01:59:14.929, 20117, 24, 2820, 154.12, 4
2026/10/03 01:59:14.980, 20117, 24, 2820, 154.12, 4
2026/10/03 01:59:15.030, 20117, 24, 2820, 154.12, 4
2026/10/03 01:59:15.080, 20117, 24, 2812, 147.29, 4
2026/10/03 01:59:15.130, 20117, 24, 2812, 147.29, 4
2026/10/03 01:59:15.180, 20117, 24, 2812, 147.29, 4
2026/10/03 01:59:15.231, 20117, 24, 2812, 147.29, 4
2026/10/03 01:59:15.281, 20117, 24, 2812, 147.29, 4
2026/10/03 01:59:15.331, 20117, 24, 2812, 147.29, 4
2026/10/03 01:59:15.381, 20117, 24, 2812, 147.29, 4
2026/10/03 01:59:15.432, 20117, 24, 2812, 147.29, 4
2026/10/03 01:59:15.482, 20117, 24, 2812, 147.29, 4
2026/10/03 01:59:15.532, 20117, 24, 2812, 147.29, 4
2026/10/03 01:59:15.582, 20117, 24, 2812, 148.24, 4
2026/10/03 01:59:15.632, 20117, 24, 2812, 148.24, 4
2026/10/03 01:59:15.683, 20117, 24, 2812, 148.24, 4
2026/10/03 01:59:15.733, 20117, 24, 2812, 148.24, 4
2026/10/03 01:59:15.783, 20117, 24, 2812, 148.24, 4
2026/10/03 01:59:15.833, 20117, 24, 2812, 148.24, 4
2026/10/03 01:59:15.884, 20117, 24, 2812, 148.24, 4
2026/10/03 01:59:15.934, 20117, 24, 2812, 148.24, 4
2026/10/03 01:59:15.984, 20117, 24, 2812, 148.24, 4
2026/10/03 01:59:16.034, 20117, 24, 2812, 148.24, 4
2026/10/03 01:59:16.084, 20117, 20, 2812, 133.81, 4
2026/10/03 01:59:16.135, 20117, 20, 2812, 133.81, 4
2026/10/03 01:59:16.185, 20117, 20, 2812, 133.81, 4
2026/10/03 01:59:16.235, 20117, 20, 2812, 133.81, 4
2026/10/03 01:59:16.286, 20117, 20, 2812, 133.81, 4
2026/10/03 01:59:16.336, 20117, 20, 2812, 133.81, 4
2026/10/03 01:59:16.386, 20117, 20, 2812, 133.81, 4
2026/10/03 01:59:16.436, 20117, 20, 2812, 133.81, 4
2026/10/03 01:59:16.486, 20117, 20, 2812, 133.81, 4
2026/10/03 01:59:16.537, 20117, 20, 2812, 133.81, 4
2026/10/03 01:59:16.587, 20117, 20, 2797, 119.54, 4
2026/10/03 01:59:16.637, 20117, 20, 2797, 119.54, 4
2026/10/03 01:59:16.687, 20117, 20, 2797, 119.54, 4
2026/10/03 01:59:16.737, 20117, 20, 2797, 119.54, 4
2026/10/03 01:59:16.788, 20117, 20, 2797, 119.54, 4
2026/10/03 01:59:16.838, 20117, 20, 2797, 119.54, 4
2026/10/03 01:59:16.888, 20117, 20, 2797, 119.54, 4
2026/10/03 01:59:16.938, 20117, 20, 2797, 119.54, 4
2026/10/03 01:59:16.989, 20117, 20, 2797, 119.54, 4
2026/10/03 01:59:17.039, 20117, 20, 2797, 119.54, 4
2026/10/03 01:59:17.089, 20117, 20, 2805, 107.03, 4
2026/10/03 01:59:17.139, 20117, 20, 2805, 107.03, 4
2026/10/03 01:59:17.189, 20117, 20, 2805, 107.03, 4
2026/10/03 01:59:17.240, 20117, 20, 2805, 107.03, 4
2026/10/03 01:59:17.290, 20117, 20, 2805, 107.03, 4
2026/10/03 01:59:17.340, 20117, 20, 2805, 107.03, 4
2026/10/03 01:59:17.390, 20117, 20, 2805, 107.03, 4
2026/10/03 01:59:17.441, 20117, 20, 2805, 107.03, 4
2026/10/03 01:59:17.491, 20117, 20, 2805, 107.03, 4
2026/10/03 01:59:17.541, 20117, 20, 2805, 107.03, 4
2026/10/03 01:59:17.591, 20117, 20, 2812, 114.84, 4
2026/10/03 01:59:17.642, 20117, 20, 2812, 114.84, 4
2026/10/03 01:59:17.692, 20117, 20, 2812, 114.84, 4
2026/10/03 01:59:17.743, 20117, 20, 2812, 114.84, 4
2026/10/03 01:59:17.793, 20117, 20, 2812, 114.84, 4
2026/10/03 01:59:17.843, 20117, 20, 2812, 114.84, 4
2026/10/03 01:59:17.893, 20117, 20, 2812, 114.84, 4
2026/10/03 01:59:17.943, 20117, 20, 2812, 114.84, 4
2026/10/03 01:59:17.994, 20117, 20, 2812, 114.84, 4
2026/10/03 01:59:18.044, 20117, 20, 2812, 114.84, 4
2026/10/03 01:59:18.094, 20117, 22, 2827, 147.08, 4
2026/10/03 01:59:18.144, 20117, 22, 2827, 147.08, 4
2026/10/03 01:59:18.195, 20117, 22, 2827, 147.08, 4
2026/10/03 01:59:18.246, 20117, 22, 2827, 147.08, 4
2026/10/03 01:59:18.296, 20117, 22, 2827, 147.08, 4
2026/10/03 01:59:18.349, 20117, 22, 2827, 147.08, 4
2026/10/03 01:59:18.399, 20117, 22, 2827, 147.08, 4
2026/10/03 01:59:18.449, 20117, 22, 2827, 147.08, 4
2026/10/03 01:59:18.499, 20117, 22, 2827, 147.08, 4
2026/10/03 01:59:18.549, 20117, 22, 2827, 147.08, 4
2026/10/03 01:59:18.599, 20117, 22, 2812, 146.51, 4
2026/10/03 01:59:18.654, 20117, 22, 2812, 146.51, 4
2026/10/03 01:59:18.704, 20117, 22, 2812, 146.51, 4
2026/10/03 01:59:18.758, 20117, 22, 2812, 146.51, 4
2026/10/03 01:59:18.808, 20117, 22, 2812, 146.51, 4
2026/10/03 01:59:18.859, 20117, 22, 2812, 146.51, 4
2026/10/03 01:59:18.909, 20117, 22, 2812, 146.51, 4
2026/10/03 01:59:18.959, 20117, 22, 2812, 146.51, 4
2026/10/03 01:59:19.009, 20117, 22, 2812, 146.51, 4
2026/10/03 01:59:19.059, 20117, 22, 2812, 146.51, 4
2026/10/03 01:59:19.109, 20117, 23, 2812, 145.48, 4
2026/10/03 01:59:19.159, 20117, 23, 2812, 145.48, 4
2026/10/03 01:59:19.209, 20117, 23, 2812, 145.48, 4
2026/10/03 01:59:19.259, 20117, 23, 2812, 145.48, 4
2026/10/03 01:59:19.310, 20117, 23, 2812, 145.48, 4
2026/10/03 01:59:19.360, 20117, 23, 2812, 145.48, 4
2026/10/03 01:59:19.410, 20117, 23, 2812, 145.48, 4
2026/10/03 01:59:19.460, 20117, 23, 2812, 145.48, 4
2026/10/03 01:59:19.510, 20117, 23, 2812, 145.48, 4
2026/10/03 01:59:19.560, 20117, 23, 2812, 145.48, 4
2026/10/03 01:59:19.610, 20117, 23, 2842, 157.56, 4
2026/10/03 01:59:19.661, 20117, 23, 2842, 157.56, 4
2026/10/03 01:59:19.711, 20117, 23, 2842, 157.56, 4
2026/10/03 01:59:19.761, 20117, 23, 2842, 157.56, 4
2026/10/03 01:59:19.811, 20117, 23, 2842, 157.56, 4
2026/10/03 01:59:19.861, 20117, 23, 2842, 157.56, 4
2026/10/03 01:59:19.911, 20117, 23, 2842, 157.56, 4
2026/10/03 01:59:19.961, 20117, 23, 2842, 157.56, 4
2026/10/03 01:59:20.012, 20117, 23, 2842, 157.56, 4
2026/10/03 01:59:20.062, 20117, 23, 2842, 157.56, 4
2026/10/03 01:59:20.112, 20117, 24, 2835, 147.85, 4
2026/10/03 01:59:20.162, 20117, 24, 2835, 147.85, 4
2026/10/03 01:59:20.212, 20117, 24, 2835, 147.85, 4
2026/10/03 01:59:20.262, 20117, 24, 2835, 147.85, 4
2026/10/03 01:59:20.312, 20117, 24, 2835, 147.85, 4
2026/10/03 01:59:20.363, 20117, 24, 2835, 147.85, 4
2026/10/03 01:59:20.413, 20117, 24, 2835, 147.85, 4
2026/10/03 01:59:20.463, 20117, 24, 2835, 147.85, 4
2026/10/03 01:59:20.513, 20117, 24, 2835, 147.85, 4
2026/10/03 01:59:20.563, 20117, 24, 2835, 142.67, 4
2026/10/03 01:59:20.614, 20117, 24, 2835, 142.67, 4
2026/10/03 01:59:20.664, 20117, 24, 2835, 142.67, 4
2026/10/03 01:59:20.714, 20117, 24, 2835, 142.67, 4
2026/10/03 01:59:20.764, 20117, 24, 2835, 142.67, 4
2026/10/03 01:59:20.814, 20117, 24, 2835, 142.67, 4
2026/10/03 01:59:20.865, 20117, 24, 2835, 142.67, 4
2026/10/03 01:59:20.915, 20117, 24, 2835, 142.67, 4
2026/10/03 01:59:20.965, 20117, 24, 2835, 142.67, 4
2026/10/03 01:59:21.015, 20117, 24, 2835, 142.67, 4
2026/10/03 01:59:21.065, 20117, 23, 2827, 140.70, 4
2026/10/03 01:59:21.115, 20117, 23, 2827, 140.70, 4
2026/10/03 01:59:21.165, 20117, 23, 2827, 140.70, 4
2026/10/03 01:59:21.216, 20117, 23, 2827, 140.70, 4
2026/10/03 01:59:21.266, 20117, 23, 2827, 140.70, 4
2026/10/03 01:59:21.316, 20117, 23, 2827, 140.70, 4
2026/10/03 01:59:21.366, 20117, 23, 2827, 140.70, 4
2026/10/03 01:59:21.416, 20117, 23, 2827, 140.70, 4
2026/10/03 01:59:21.466, 20117, 23, 2827, 140.70, 4
2026/10/03 01:59:21.516, 20117, 23, 2827, 140.70, 4
2026/10/03 01:59:21.567, 20117, 23, 2827, 151.16, 4
2026/10/03 01:59:21.617, 20117, 23, 2827, 151.16, 4
2026/10/03 01:59:21.667, 20117, 23, 2827, 151.16, 4
2026/10/03 01:59:21.717, 20117, 23, 2827, 151.16, 4
2026/10/03 01:59:21.767, 20117, 23, 2827, 151.16, 4
2026/10/03 01:59:21.817, 20117, 23, 2827, 151.16, 4
2026/10/03 01:59:21.867, 20117, 23, 2827, 151.16, 4
2026/10/03 01:59:21.918, 20117, 23, 2827, 151.16, 4
2026/10/03 01:59:21.968, 20117, 23, 2827, 151.16, 4
2026/10/03 01:59:22.018, 20117, 23, 2827, 151.16, 4
2026/10/03 01:59:22.068, 20117, 23, 2827, 149.47, 4
2026/10/03 01:59:22.118, 20117, 23, 2827, 149.47, 4
2026/10/03 01:59:22.168, 20117, 23, 2827, 149.47, 4
2026/10/03 01:59:22.219, 20117, 23, 2827, 149.47, 4
2026/10/03 01:59:22.269, 20117, 23, 2827, 149.47, 4
2026/10/03 01:59:22.319, 20117, 23, 2827, 149.47, 4
2026/10/03 01:59:22.369, 20117, 23, 2827, 149.47, 4
2026/10/03 01:59:22.419, 20117, 23, 2827, 149.47, 4
2026/10/03 01:59:22.469, 20117, 23, 2827, 149.47, 4
2026/10/03 01:59:22.519, 20117, 23, 2827, 149.47, 4
2026/10/03 01:59:22.570, 20117, 23, 2842, 134.65, 4
2026/10/03 01:59:22.620, 20117, 23, 2842, 134.65, 4
2026/10/03 01:59:22.670, 20117, 23, 2842, 134.65, 4
2026/10/03 01:59:22.720, 20117, 23, 2842, 134.65, 4
2026/10/03 01:59:22.770, 20117, 23, 2842, 134.65, 4
2026/10/03 01:59:22.820, 20117, 23, 2842, 134.65, 4
2026/10/03 01:59:22.870, 20117, 23, 2842, 134.65, 4
2026/10/03 01:59:22.921, 20117, 23, 2842, 134.65, 4
2026/10/03 01:59:22.971, 20117, 23, 2842, 134.65, 4
2026/10/03 01:59:23.022, 20117, 23, 2842, 134.65, 4
2026/10/03 01:59:23.072, 20117, 26, 2835, 152.20, 4
2026/10/03 01:59:23.123, 20117, 26, 2835, 152.20, 4
2026/10/03 01:59:23.173, 20117, 26, 2835, 152.20, 4
2026/10/03 01:59:23.223, 20117, 26, 2835, 152.20, 4
2026/10/03 01:59:23.273, 20117, 26, 2835, 152.20, 4
2026/10/03 01:59:23.323, 20117, 26, 2835, 152.20, 4
2026/10/03 01:59:23.374, 20117, 26, 2835, 152.20, 4
2026/10/03 01:59:23.424, 20117, 26, 2835, 152.20, 4
2026/10/03 01:59:23.474, 20117, 26, 2835, 152.20, 4
2026/10/03 01:59:23.524, 20117, 26, 2835, 152.20, 4
2026/10/03 01:59:23.574, 20117, 26, 2797, 80.50, 4
2026/10/03 01:59:23.624, 20117, 26, 2797, 80.50, 4
2026/10/03 01:59:23.675, 20117, 26, 2797, 80.50, 4
2026/10/03 01:59:23.725, 20117, 26, 2797, 80.50, 4
2026/10/03 01:59:23.776, 20117, 26, 2797, 80.50, 4
2026/10/03 01:59:23.826, 20117, 26, 2797, 80.50, 4
2026/10/03 01:59:23.876, 20117, 26, 2797, 80.50, 4
2026/10/03 01:59:23.993, 20117, 26, 2797, 80.50, 4
2026/10/03 01:59:24.043, 20117, 26, 2797, 80.50, 4
2026/10/03 01:59:24.094, 20117, 27, 2812, 140.17, 4
2026/10/03 01:59:24.144, 20117, 27, 2812, 140.17, 4
2026/10/03 01:59:24.194, 20117, 27, 2812, 140.17, 4
2026/10/03 01:59:24.245, 20117, 27, 2812, 140.17, 4
2026/10/03 01:59:24.295, 20117, 27, 2812, 140.17, 4
2026/10/03 01:59:24.346, 20117, 27, 2812, 140.17, 4
2026/10/03 01:59:24.396, 20117, 27, 2812, 140.17, 4
2026/10/03 01:59:24.447, 20117, 27, 2812, 140.17, 4
2026/10/03 01:59:24.497, 20117, 27, 2812, 140.17, 4
2026/10/03 01:59:24.550, 20117, 27, 2812, 140.17, 4
2026/10/03 01:59:24.600, 20117, 27, 2820, 144.25, 4
2026/10/03 01:59:24.651, 20117, 27, 2820, 144.25, 4
2026/10/03 01:59:24.701, 20117, 27, 2820, 144.25, 4
2026/10/03 01:59:24.754, 20117, 27, 2820, 144.25, 4
2026/10/03 01:59:24.804, 20117, 27, 2820, 144.25, 4
2026/10/03 01:59:24.855, 20117, 27, 2820, 144.25, 4
2026/10/03 01:59:24.906, 20117, 27, 2820, 144.25, 4
2026/10/03 01:59:24.956, 20117, 27, 2820, 144.25, 4
2026/10/03 01:59:25.007, 20117, 27, 2820, 144.25, 4
2026/10/03 01:59:25.057, 20117, 27, 2820, 144.25, 4
2026/10/03 01:59:25.107, 20117, 20, 2805, 123.26, 4
2026/10/03 01:59:25.157, 20117, 20, 2805, 123.26, 4
2026/10/03 01:59:25.207, 20117, 20, 2805, 123.26, 4
2026/10/03 01:59:25.257, 20117, 20, 2805, 123.26, 4
2026/10/03 01:59:25.308, 20117, 20, 2805, 123.26, 4
2026/10/03 01:59:25.359, 20117, 20, 2805, 123.26, 4
2026/10/03 01:59:25.409, 20117, 20, 2805, 123.26, 4
2026/10/03 01:59:25.459, 20117, 20, 2805, 123.26, 4
2026/10/03 01:59:25.514, 20117, 20, 2805, 123.26, 4
2026/10/03 01:59:25.564, 20117, 20, 2820, 156.51, 4
2026/10/03 01:59:25.614, 20117, 20, 2820, 156.51, 4
2026/10/03 01:59:25.664, 20117, 20, 2820, 156.51, 4
2026/10/03 01:59:25.715, 20117, 20, 2820, 156.51, 4
2026/10/03 01:59:25.765, 20117, 20, 2820, 156.51, 4
2026/10/03 01:59:25.815, 20117, 20, 2820, 156.51, 4
2026/10/03 01:59:25.865, 20117, 20, 2820, 156.51, 4
2026/10/03 01:59:25.915, 20117, 20, 2820, 156.51, 4
2026/10/03 01:59:25.965, 20117, 20, 2820, 156.51, 4
2026/10/03 01:59:26.016, 20117, 20, 2820, 156.51, 4
2026/10/03 01:59:26.066, 20117, 19, 2812, 129.17, 4
2026/10/03 01:59:26.116, 20117, 19, 2812, 129.17, 4
2026/10/03 01:59:26.166, 20117, 19, 2812, 129.17, 4
2026/10/03 01:59:26.216, 20117, 19, 2812, 129.17, 4
2026/10/03 01:59:26.266, 20117, 19, 2812, 129.17, 4
2026/10/03 01:59:26.317, 20117, 19, 2812, 129.17, 4
2026/10/03 01:59:26.367, 20117, 19, 2812, 129.17, 4
2026/10/03 01:59:26.417, 20117, 19, 2812, 129.17, 4
2026/10/03 01:59:26.467, 20117, 19, 2812, 129.17, 4
2026/10/03 01:59:26.517, 20117, 19, 2812, 129.17, 4
2026/10/03 01:59:26.568, 20117, 19, 2790, 109.39, 4
2026/10/03 01:59:26.618, 20117, 19, 2790, 109.39, 4
2026/10/03 01:59:26.668, 20117, 19, 2790, 109.39, 4
2026/10/03 01:59:26.718, 20117, 19, 2790, 109.39, 4
2026/10/03 01:59:26.768, 20117, 19, 2790, 109.39, 4
2026/10/03 01:59:26.818, 20117, 19, 2790, 109.39, 4
2026/10/03 01:59:26.868, 20117, 19, 2790, 109.39, 4
2026/10/03 01:59:26.919, 20117, 19, 2790, 109.39, 4
2026/10/03 01:59:26.969, 20117, 19, 2790, 109.39, 4
2026/10/03 01:59:27.019, 20117, 19, 2790, 109.39, 4
2026/10/03 01:59:27.069, 20117, 25, 2820, 147.52, 4
2026/10/03 01:59:27.119, 20117, 25, 2820, 147.52, 4
2026/10/03 01:59:27.169, 20117, 25, 2820, 147.52, 4
2026/10/03 01:59:27.220, 20117, 25, 2820, 147.52, 4
2026/10/03 01:59:27.270, 20117, 25, 2820, 147.52, 4
2026/10/03 01:59:27.320, 20117, 25, 2820, 147.52, 4
2026/10/03 01:59:27.370, 20117, 25, 2820, 147.52, 4
2026/10/03 01:59:27.420, 20117, 25, 2820, 147.52, 4
2026/10/03 01:59:27.471, 20117, 25, 2820, 147.52, 4
2026/10/03 01:59:27.521, 20117, 25, 2820, 147.52, 4
2026/10/03 01:59:27.571, 20117, 25, 2790, 113.22, 4
2026/10/03 01:59:27.621, 20117, 25, 2790, 113.22, 4
2026/10/03 01:59:27.671, 20117, 25, 2790, 113.22, 4
2026/10/03 01:59:27.722, 20117, 25, 2790, 113.22, 4
2026/10/03 01:59:27.772, 20117, 25, 2790, 113.22, 4
2026/10/03 01:59:27.822, 20117, 25, 2790, 113.22, 4
2026/10/03 01:59:27.872, 20117, 25, 2790, 113.22, 4
2026/10/03 01:59:27.923, 20117, 25, 2790, 113.22, 4
2026/10/03 01:59:27.973, 20117, 25, 2790, 113.22, 4
2026/10/03 01:59:28.023, 20117, 25, 2790, 113.22, 4
2026/10/03 01:59:28.074, 20117, 20, 2797, 125.61, 4
2026/10/03 01:59:28.126, 20117, 20, 2797, 125.61, 4
2026/10/03 01:59:28.176, 20117, 20, 2797, 125.61, 4
2026/10/03 01:59:28.227, 20117, 20, 2797, 125.61, 4
2026/10/03 01:59:28.277, 20117, 20, 2797, 125.61, 4
2026/10/03 01:59:28.327, 20117, 20, 2797, 125.61, 4
2026/10/03 01:59:28.377, 20117, 20, 2797, 125.61, 4
2026/10/03 01:59:28.427, 20117, 20, 2797, 125.61, 4
2026/10/03 01:59:28.477, 20117, 20, 2797, 125.61, 4
2026/10/03 01:59:28.527, 20117, 20, 2797, 125.61, 4
2026/10/03 01:59:28.578, 20117, 20, 2820, 143.73, 4
2026/10/03 01:59:28.628, 20117, 20, 2820, 143.73, 4
2026/10/03 01:59:28.678, 20117, 20, 2820, 143.73, 4
2026/10/03 01:59:28.728, 20117, 20, 2820, 143.73, 4
2026/10/03 01:59:28.778, 20117, 20, 2820, 143.73, 4
2026/10/03 01:59:28.828, 20117, 20, 2820, 143.73, 4
2026/10/03 01:59:28.879, 20117, 20, 2820, 143.73, 4
2026/10/03 01:59:28.929, 20117, 20, 2820, 143.73, 4
2026/10/03 01:59:28.979, 20117, 20, 2820, 143.73, 4
2026/10/03 01:59:29.029, 20117, 20, 2820, 143.73, 4
2026/10/03 01:59:29.079, 20117, 24, 2820, 149.09, 4
2026/10/03 01:59:29.129, 20117, 24, 2820, 149.09, 4
2026/10/03 01:59:29.180, 20117, 24, 2820, 149.09, 4
2026/10/03 01:59:29.230, 20117, 24, 2820, 149.09, 4
2026/10/03 01:59:29.280, 20117, 24, 2820, 149.09, 4
2026/10/03 01:59:29.330, 20117, 24, 2820, 149.09, 4
2026/10/03 01:59:29.380, 20117, 24, 2820, 149.09, 4
2026/10/03 01:59:29.430, 20117, 24, 2820, 149.09, 4
2026/10/03 01:59:29.481, 20117, 24, 2820, 149.09, 4
2026/10/03 01:59:29.531, 20117, 24, 2820, 149.09, 4
2026/10/03 01:59:29.581, 20117, 24, 2820, 152.04, 4
2026/10/03 01:59:29.631, 20117, 24, 2820, 152.04, 4
2026/10/03 01:59:29.681, 20117, 24, 2820, 152.04, 4
2026/10/03 01:59:29.731, 20117, 24, 2820, 152.04, 4
2026/10/03 01:59:29.782, 20117, 24, 2820, 152.04, 4
2026/10/03 01:59:29.832, 20117, 24, 2820, 152.04, 4
2026/10/03 01:59:29.882, 20117, 24, 2820, 152.04, 4
2026/10/03 01:59:29.932, 20117, 24, 2820, 152.04, 4
2026/10/03 01:59:29.982, 20117, 24, 2820, 152.04, 4
2026/10/03 01:59:30.032, 20117, 24, 2820, 152.04, 4
2026/10/03 01:59:30.082, 20117, 24, 2812, 78.21, 4
2026/10/03 01:59:30.133, 20117, 24, 2812, 78.21, 4
2026/10/03 01:59:30.183, 20117, 24, 2812, 78.21, 4
2026/10/03 01:59:30.233, 20117, 24, 2812, 78.21, 4
2026/10/03 01:59:30.283, 20117, 24, 2812, 78.21, 4
2026/10/03 01:59:30.333, 20117, 24, 2812, 78.21, 4
2026/10/03 01:59:30.383, 20117, 24, 2812, 78.21, 4
2026/10/03 01:59:30.433, 20117, 24, 2812, 78.21, 4
2026/10/03 01:59:30.484, 20117, 24, 2812, 78.21, 4
2026/10/03 01:59:30.534, 20117, 24, 2812, 78.21, 4
2026/10/03 01:59:30.584, 20117, 24, 2820, 132.60, 4
2026/10/03 01:59:30.634, 20117, 24, 2820, 132.60, 4
2026/10/03 01:59:30.684, 20117, 24, 2820, 132.60, 4
2026/10/03 01:59:30.734, 20117, 24, 2820, 132.60, 4
2026/10/03 01:59:30.785, 20117, 24, 2820, 132.60, 4
2026/10/03 01:59:30.835, 20117, 24, 2820, 132.60, 4
2026/10/03 01:59:30.885, 20117, 24, 2820, 132.60, 4
2026/10/03 01:59:30.995, 20117, 24, 2820, 132.60, 4
2026/10/03 01:59:31.045, 20117, 24, 2820, 132.60, 4
2026/10/03 01:59:31.095, 20117, 23, 2782, 105.54, 4
2026/10/03 01:59:31.145, 20117, 23, 2782, 105.54, 4
2026/10/03 01:59:31.195, 20117, 23, 2782, 105.54, 4
2026/10/03 01:59:31.246, 20117, 23, 2782, 105.54, 4
2026/10/03 01:59:31.297, 20117, 23, 2782, 105.54, 4
2026/10/03 01:59:31.347, 20117, 23, 2782, 105.54, 4
2026/10/03 01:59:31.397, 20117, 23, 2782, 105.54, 4
2026/10/03 01:59:31.450, 20117, 23, 2782, 105.54, 4
2026/10/03 01:59:31.500, 20117, 23, 2782, 105.54, 4
2026/10/03 01:59:31.551, 20117, 23, 2782, 105.54, 4
2026/10/03 01:59:31.601, 20117, 23, 2820, 118.66, 4
2026/10/03 01:59:31.651, 20117, 23, 2820, 118.66, 4
2026/10/03 01:59:31.701, 20117, 23, 2820, 118.66, 4
2026/10/03 01:59:31.751, 20117, 23, 2820, 118.66, 4
2026/10/03 01:59:31.802, 20117, 23, 2820, 118.66, 4
2026/10/03 01:59:31.852, 20117, 23, 2820, 118.66, 4
2026/10/03 01:59:31.902, 20117, 23, 2820, 118.66, 4
2026/10/03 01:59:31.952, 20117, 23, 2820, 118.66, 4
2026/10/03 01:59:32.002, 20117, 23, 2820, 118.66, 4
2026/10/03 01:59:32.054, 20117, 23, 2820, 118.66, 4
2026/10/03 01:59:32.104, 20117, 18, 2835, 131.04, 4
2026/10/03 01:59:32.155, 20117, 18, 2835, 131.04, 4
2026/10/03 01:59:32.205, 20117, 18, 2835, 131.04, 4
2026/10/03 01:59:32.255, 20117, 18, 2835, 131.04, 4
2026/10/03 01:59:32.305, 20117, 18, 2835, 131.04, 4
2026/10/03 01:59:32.355, 20117, 18, 2835, 131.04, 4
2026/10/03 01:59:32.405, 20117, 18, 2835, 131.04, 4
2026/10/03 01:59:32.458, 20117, 18, 2835, 131.04, 4
2026/10/03 01:59:32.508, 20117, 18, 2835, 131.04, 4
2026/10/03 01:59:32.559, 20117, 18, 2835, 131.04, 4
2026/10/03 01:59:32.609, 20117, 18, 2812, 111.92, 4
2026/10/03 01:59:32.659, 20117, 18, 2812, 111.92, 4
2026/10/03 01:59:32.709, 20117, 18, 2812, 111.92, 4
2026/10/03 01:59:32.759, 20117, 18, 2812, 111.92, 4
2026/10/03 01:59:32.809, 20117, 18, 2812, 111.92, 4
2026/10/03 01:59:32.859, 20117, 18, 2812, 111.92, 4
2026/10/03 01:59:32.909, 20117, 18, 2812, 111.92, 4
2026/10/03 01:59:32.960, 20117, 18, 2812, 111.92, 4
2026/10/03 01:59:33.010, 20117, 18, 2812, 111.92, 4
2026/10/03 01:59:33.060, 20117, 18, 2812, 111.92, 4
2026/10/03 01:59:33.110, 20117, 20, 2812, 108.03, 4
2026/10/03 01:59:33.162, 20117, 20, 2812, 108.03, 4
2026/10/03 01:59:33.212, 20117, 20, 2812, 108.03, 4
2026/10/03 01:59:33.262, 20117, 20, 2812, 108.03, 4
2026/10/03 01:59:33.313, 20117, 20, 2812, 108.03, 4
2026/10/03 01:59:33.363, 20117, 20, 2812, 108.03, 4
2026/10/03 01:59:33.413, 20117, 20, 2812, 108.03, 4
2026/10/03 01:59:33.463, 20117, 20, 2812, 108.03, 4
2026/10/03 01:59:33.513, 20117, 20, 2812, 108.03, 4
2026/10/03 01:59:33.563, 20117, 20, 2812, 108.03, 4
2026/10/03 01:59:33.613, 20117, 20, 2820, 152.57, 4
2026/10/03 01:59:33.664, 20117, 20, 2820, 152.57, 4
2026/10/03 01:59:33.714, 20117, 20, 2820, 152.57, 4
2026/10/03 01:59:33.764, 20117, 20, 2820, 152.57, 4
2026/10/03 01:59:33.814, 20117, 20, 2820, 152.57, 4
2026/10/03 01:59:33.866, 20117, 20, 2820, 152.57, 4
2026/10/03 01:59:33.917, 20117, 20, 2820, 152.57, 4
2026/10/03 01:59:33.967, 20117, 20, 2820, 152.57, 4
2026/10/03 01:59:34.017, 20117, 20, 2820, 152.57, 4
2026/10/03 01:59:34.067, 20117, 24, 2820, 133.93, 4
2026/10/03 01:59:34.117, 20117, 24, 2820, 133.93, 4
2026/10/03 01:59:34.167, 20117, 24, 2820, 133.93, 4
2026/10/03 01:59:34.218, 20117, 24, 2820, 133.93, 4
2026/10/03 01:59:34.268, 20117, 24, 2820, 133.93, 4
2026/10/03 01:59:34.318, 20117, 24, 2820, 133.93, 4
2026/10/03 01:59:34.368, 20117, 24, 2820, 133.93, 4
2026/10/03 01:59:34.418, 20117, 24, 2820, 133.93, 4
2026/10/03 01:59:34.470, 20117, 24, 2820, 133.93, 4
2026/10/03 01:59:34.520, 20117, 24, 2820, 133.93, 4
2026/10/03 01:59:34.571, 20117, 24, 2797, 122.00, 4
2026/10/03 01:59:34.621, 20117, 24, 2797, 122.00, 4
2026/10/03 01:59:34.671, 20117, 24, 2797, 122.00, 4
2026/10/03 01:59:34.721, 20117, 24, 2797, 122.00, 4
2026/10/03 01:59:34.771, 20117, 24, 2797, 122.00, 4
2026/10/03 01:59:34.821, 20117, 24, 2797, 122.00, 4
2026/10/03 01:59:34.871, 20117, 24, 2797, 122.00, 4
2026/10/03 01:59:34.922, 20117, 24, 2797, 122.00, 4
2026/10/03 01:59:34.972, 20117, 24, 2797, 122.00, 4
2026/10/03 01:59:35.022, 20117, 24, 2797, 122.00, 4
2026/10/03 01:59:35.072, 20117, 25, 2790, 114.74, 4
2026/10/03 01:59:35.123, 20117, 25, 2790, 114.74, 4
2026/10/03 01:59:35.173, 20117, 25, 2790, 114.74, 4
2026/10/03 01:59:35.223, 20117, 25, 2790, 114.74, 4
2026/10/03 01:59:35.273, 20117, 25, 2790, 114.74, 4
2026/10/03 01:59:35.323, 20117, 25, 2790, 114.74, 4
2026/10/03 01:59:35.373, 20117, 25, 2790, 114.74, 4
2026/10/03 01:59:35.424, 20117, 25, 2790, 114.74, 4
2026/10/03 01:59:35.474, 20117, 25, 2790, 114.74, 4
2026/10/03 01:59:35.524, 20117, 25, 2790, 114.74, 4
2026/10/03 01:59:35.574, 20117, 25, 2827, 119.43, 4
2026/10/03 01:59:35.624, 20117, 25, 2827, 119.43, 4
2026/10/03 01:59:35.674, 20117, 25, 2827, 119.43, 4
2026/10/03 01:59:35.726, 20117, 25, 2827, 119.43, 4
2026/10/03 01:59:35.776, 20117, 25, 2827, 119.43, 4
2026/10/03 01:59:35.827, 20117, 25, 2827, 119.43, 4
2026/10/03 01:59:35.877, 20117, 25, 2827, 119.43, 4
2026/10/03 01:59:35.927, 20117, 25, 2827, 119.43, 4
2026/10/03 01:59:35.977, 20117, 25, 2827, 119.43, 4
2026/10/03 01:59:36.028, 20117, 25, 2827, 119.43, 4
2026/10/03 01:59:36.078, 20117, 19, 2812, 114.85, 4
2026/10/03 01:59:36.128, 20117, 19, 2812, 114.85, 4
2026/10/03 01:59:36.178, 20117, 19, 2812, 114.85, 4
2026/10/03 01:59:36.228, 20117, 19, 2812, 114.85, 4
2026/10/03 01:59:36.278, 20117, 19, 2812, 114.85, 4
2026/10/03 01:59:36.329, 20117, 19, 2812, 114.85, 4
2026/10/03 01:59:36.379, 20117, 19, 2812, 114.85, 4
2026/10/03 01:59:36.429, 20117, 19, 2812, 114.85, 4
2026/10/03 01:59:36.479, 20117, 19, 2812, 114.85, 4
2026/10/03 01:59:36.529, 20117, 19, 2812, 114.85, 4
2026/10/03 01:59:36.579, 20117, 19, 2827, 113.92, 4
2026/10/03 01:59:36.630, 20117, 19, 2827, 113.92, 4
2026/10/03 01:59:36.680, 20117, 19, 2827, 113.92, 4
2026/10/03 01:59:36.730, 20117, 19, 2827, 113.92, 4
2026/10/03 01:59:36.780, 20117, 19, 2827, 113.92, 4
2026/10/03 01:59:36.830, 20117, 19, 2827, 113.92, 4
2026/10/03 01:59:36.880, 20117, 19, 2827, 113.92, 4
2026/10/03 01:59:36.930, 20117, 19, 2827, 113.92, 4
2026/10/03 01:59:36.980, 20117, 19, 2827, 113.92, 4
2026/10/03 01:59:37.031, 20117, 19, 2827, 113.92, 4
2026/10/03 01:59:37.081, 20117, 23, 2737, 147.23, 4
2026/10/03 01:59:37.131, 20117, 23, 2737, 147.23, 4
2026/10/03 01:59:37.181, 20117, 23, 2737, 147.23, 4
2026/10/03 01:59:37.232, 20117, 23, 2737, 147.23, 4
2026/10/03 01:59:37.282, 20117, 23, 2737, 147.23, 4
2026/10/03 01:59:37.332, 20117, 23, 2737, 147.23, 4
2026/10/03 01:59:37.382, 20117, 23, 2737, 147.23, 4
2026/10/03 01:59:37.432, 20117, 23, 2737, 147.23, 4
2026/10/03 01:59:37.482, 20117, 23, 2737, 147.23, 4
2026/10/03 01:59:37.532, 20117, 23, 2737, 147.23, 4
2026/10/03 01:59:37.582, 20117, 23, 2812, 130.98, 4
2026/10/03 01:59:37.633, 20117, 23, 2812, 130.98, 4
2026/10/03 01:59:37.683, 20117, 23, 2812, 130.98, 4
2026/10/03 01:59:37.733, 20117, 23, 2812, 130.98, 4
2026/10/03 01:59:37.783, 20117, 23, 2812, 130.98, 4
2026/10/03 01:59:37.833, 20117, 23, 2812, 130.98, 4
2026/10/03 01:59:37.883, 20117, 23, 2812, 130.98, 4
2026/10/03 01:59:37.933, 20117, 23, 2812, 130.98, 4
2026/10/03 01:59:37.983, 20117, 23, 2812, 130.98, 4
2026/10/03 01:59:38.034, 20117, 23, 2812, 130.98, 4
2026/10/03 01:59:38.084, 20117, 20, 2805, 144.07, 4
2026/10/03 01:59:38.134, 20117, 20, 2805, 144.07, 4
2026/10/03 01:59:38.184, 20117, 20, 2805, 144.07, 4
2026/10/03 01:59:38.234, 20117, 20, 2805, 144.07, 4
2026/10/03 01:59:38.284, 20117, 20, 2805, 144.07, 4
2026/10/03 01:59:38.334, 20117, 20, 2805, 144.07, 4
2026/10/03 01:59:38.385, 20117, 20, 2805, 144.07, 4
2026/10/03 01:59:38.436, 20117, 20, 2805, 144.07, 4
2026/10/03 01:59:38.486, 20117, 20, 2805, 144.07, 4
2026/10/03 01:59:38.536, 20117, 20, 2805, 144.07, 4
2026/10/03 01:59:38.587, 20117, 20, 2835, 134.95, 4
2026/10/03 01:59:38.637, 20117, 20, 2835, 134.95, 4
2026/10/03 01:59:38.687, 20117, 20, 2835, 134.95, 4
2026/10/03 01:59:38.737, 20117, 20, 2835, 134.95, 4
2026/10/03 01:59:38.787, 20117, 20, 2835, 134.95, 4
2026/10/03 01:59:38.838, 20117, 20, 2835, 134.95, 4
2026/10/03 01:59:38.888, 20117, 20, 2835, 134.95, 4
2026/10/03 01:59:38.938, 20117, 20, 2835, 134.95, 4
2026/10/03 01:59:38.989, 20117, 20, 2835, 134.95, 4
2026/10/03 01:59:39.039, 20117, 20, 2835, 134.95, 4
2026/10/03 01:59:39.089, 20117, 48, 2805, 86.75, 4
2026/10/03 01:59:39.139, 20117, 48, 2805, 86.75, 4
2026/10/03 01:59:39.189, 20117, 48, 2805, 86.75, 4
2026/10/03 01:59:39.239, 20117, 48, 2805, 86.75, 4
2026/10/03 01:59:39.289, 20117, 48, 2805, 86.75, 4
2026/10/03 01:59:39.340, 20117, 48, 2805, 86.75, 4
2026/10/03 01:59:39.390, 20117, 48, 2805, 86.75, 4
2026/10/03 01:59:39.440, 20117, 48, 2805, 86.75, 4
2026/10/03 01:59:39.490, 20117, 48, 2805, 86.75, 4
2026/10/03 01:59:39.540, 20117, 48, 2805, 86.75, 4
2026/10/03 01:59:39.590, 20117, 48, 2805, 121.16, 4
2026/10/03 01:59:39.640, 20117, 48, 2805, 121.16, 4
2026/10/03 01:59:39.691, 20117, 48, 2805, 121.16, 4
2026/10/03 01:59:39.741, 20117, 48, 2805, 121.16, 4
2026/10/03 01:59:39.791, 20117, 48, 2805, 121.16, 4
2026/10/03 01:59:39.841, 20117, 48, 2805, 121.16, 4
2026/10/03 01:59:39.891, 20117, 48, 2805, 121.16, 4
2026/10/03 01:59:39.941, 20117, 48, 2805, 121.16, 4
2026/10/03 01:59:39.991, 20117, 48, 2805, 121.16, 4
2026/10/03 01:59:40.042, 20117, 48, 2805, 121.16, 4
2026/10/03 01:59:40.092, 20117, 23, 2805, 146.32, 4
2026/10/03 01:59:40.142, 20117, 23, 2805, 146.32, 4
2026/10/03 01:59:40.193, 20117, 23, 2805, 146.32, 4
2026/10/03 01:59:40.243, 20117, 23, 2805, 146.32, 4
2026/10/03 01:59:40.293, 20117, 23, 2805, 146.32, 4
2026/10/03 01:59:40.343, 20117, 23, 2805, 146.32, 4
2026/10/03 01:59:40.393, 20117, 23, 2805, 146.32, 4
2026/10/03 01:59:40.443, 20117, 23, 2805, 146.32, 4
2026/10/03 01:59:40.493, 20117, 23, 2805, 146.32, 4
2026/10/03 01:59:40.543, 20117, 23, 2805, 146.32, 4
2026/10/03 01:59:40.594, 20117, 23, 2827, 150.18, 4
2026/10/03 01:59:40.644, 20117, 23, 2827, 150.18, 4
2026/10/03 01:59:40.694, 20117, 23, 2827, 150.18, 4
2026/10/03 01:59:40.745, 20117, 23, 2827, 150.18, 4
2026/10/03 01:59:40.795, 20117, 23, 2827, 150.18, 4
2026/10/03 01:59:40.845, 20117, 23, 2827, 150.18, 4
2026/10/03 01:59:40.895, 20117, 23, 2827, 150.18, 4
2026/10/03 01:59:40.945, 20117, 23, 2827, 150.18, 4
2026/10/03 01:59:40.996, 20117, 23, 2827, 150.18, 4
2026/10/03 01:59:41.046, 20117, 23, 2827, 150.18, 4
2026/10/03 01:59:41.096, 20117, 17, 2782, 97.71, 4
2026/10/03 01:59:41.146, 20117, 17, 2782, 97.71, 4
2026/10/03 01:59:41.196, 20117, 17, 2782, 97.71, 4
2026/10/03 01:59:41.246, 20117, 17, 2782, 97.71, 4
2026/10/03 01:59:41.296, 20117, 17, 2782, 97.71, 4
2026/10/03 01:59:41.347, 20117, 17, 2782, 97.71, 4
2026/10/03 01:59:41.397, 20117, 17, 2782, 97.71, 4
2026/10/03 01:59:41.447, 20117, 17, 2782, 97.71, 4
2026/10/03 01:59:41.497, 20117, 17, 2782, 97.71, 4
2026/10/03 01:59:41.547, 20117, 17, 2782, 97.71, 4
2026/10/03 01:59:41.597, 20117, 17, 2820, 137.61, 4
2026/10/03 01:59:41.647, 20117, 17, 2820, 137.61, 4
2026/10/03 01:59:41.697, 20117, 17, 2820, 137.61, 4
2026/10/03 01:59:41.748, 20117, 17, 2820, 137.61, 4
2026/10/03 01:59:41.798, 20117, 17, 2820, 137.61, 4
2026/10/03 01:59:41.848, 20117, 17, 2820, 137.61, 4
2026/10/03 01:59:41.898, 20117, 17, 2820, 137.61, 4
2026/10/03 01:59:41.948, 20117, 17, 2820, 137.61, 4
2026/10/03 01:59:41.998, 20117, 17, 2820, 137.61, 4
2026/10/03 01:59:42.048, 20117, 17, 2820, 137.61, 4
2026/10/03 01:59:42.098, 20117, 16, 2782, 104.10, 4
2026/10/03 01:59:42.149, 20117, 16, 2782, 104.10, 4
2026/10/03 01:59:42.199, 20117, 16, 2782, 104.10, 4
2026/10/03 01:59:42.249, 20117, 16, 2782, 104.10, 4
2026/10/03 01:59:42.299, 20117, 16, 2782, 104.10, 4
2026/10/03 01:59:42.349, 20117, 16, 2782, 104.10, 4
2026/10/03 01:59:42.399, 20117, 16, 2782, 104.10, 4
2026/10/03 01:59:42.449, 20117, 16, 2782, 104.10, 4
2026/10/03 01:59:42.499, 20117, 16, 2782, 104.10, 4
2026/10/03 01:59:42.550, 20117, 16, 2782, 104.10, 4
2026/10/03 01:59:42.600, 20117, 16, 2812, 111.39, 4
2026/10/03 01:59:42.650, 20117, 16, 2812, 111.39, 4
2026/10/03 01:59:42.700, 20117, 16, 2812, 111.39, 4
2026/10/03 01:59:42.750, 20117, 16, 2812, 111.39, 4
2026/10/03 01:59:42.800, 20117, 16, 2812, 111.39, 4
2026/10/03 01:59:42.851, 20117, 16, 2812, 111.39, 4
2026/10/03 01:59:42.901, 20117, 16, 2812, 111.39, 4
2026/10/03 01:59:42.951, 20117, 16, 2812, 111.39, 4
2026/10/03 01:59:43.001, 20117, 16, 2812, 111.39, 4
2026/10/03 01:59:43.051, 20117, 16, 2812, 111.39, 4
2026/10/03 01:59:43.101, 20117, 23, 2805, 147.92, 4
2026/10/03 01:59:43.151, 20117, 23, 2805, 147.92, 4
2026/10/03 01:59:43.201, 20117, 23, 2805, 147.92, 4
2026/10/03 01:59:43.252, 20117, 23, 2805, 147.92, 4
2026/10/03 01:59:43.302, 20117, 23, 2805, 147.92, 4
2026/10/03 01:59:43.352, 20117, 23, 2805, 147.92, 4
2026/10/03 01:59:43.402, 20117, 23, 2805, 147.92, 4
2026/10/03 01:59:43.452, 20117, 23, 2805, 147.92, 4
2026/10/03 01:59:43.502, 20117, 23, 2805, 147.92, 4
2026/10/03 01:59:43.552, 20117, 23, 2805, 147.92, 4
2026/10/03 01:59:43.602, 20117, 23, 2820, 140.91, 4
2026/10/03 01:59:43.653, 20117, 23, 2820, 140.91, 4
2026/10/03 01:59:43.703, 20117, 23, 2820, 140.91, 4
2026/10/03 01:59:43.753, 20117, 23, 2820, 140.91, 4
2026/10/03 01:59:43.803, 20117, 23, 2820, 140.91, 4
2026/10/03 01:59:43.853, 20117, 23, 2820, 140.91, 4
2026/10/03 01:59:43.903, 20117, 23, 2820, 140.91, 4
2026/10/03 01:59:43.953, 20117, 23, 2820, 140.91, 4
2026/10/03 01:59:44.004, 20117, 23, 2820, 140.91, 4
2026/10/03 01:59:44.054, 20117, 23, 2820, 140.91, 4
2026/10/03 01:59:44.104, 20117, 31, 2812, 77.36, 4
2026/10/03 01:59:44.154, 20117, 31, 2812, 77.36, 4
2026/10/03 01:59:44.204, 20117, 31, 2812, 77.36, 4
2026/10/03 01:59:44.254, 20117, 31, 2812, 77.36, 4
2026/10/03 01:59:44.304, 20117, 31, 2812, 77.36, 4
2026/10/03 01:59:44.354, 20117, 31, 2812, 77.36, 4
2026/10/03 01:59:44.405, 20117, 31, 2812, 77.36, 4
2026/10/03 01:59:44.455, 20117, 31, 2812, 77.36, 4
2026/10/03 01:59:44.505, 20117, 31, 2812, 77.36, 4
2026/10/03 01:59:44.555, 20117, 31, 2812, 77.36, 4
2026/10/03 01:59:44.605, 20117, 31, 2812, 147.86, 4
2026/10/03 01:59:44.655, 20117, 31, 2812, 147.86, 4
2026/10/03 01:59:44.705, 20117, 31, 2812, 147.86, 4
2026/10/03 01:59:44.755, 20117, 31, 2812, 147.86, 4
2026/10/03 01:59:44.806, 20117, 31, 2812, 147.86, 4
2026/10/03 01:59:44.856, 20117, 31, 2812, 147.86, 4
2026/10/03 01:59:44.906, 20117, 31, 2812, 147.86, 4
2026/10/03 01:59:44.956, 20117, 31, 2812, 147.86, 4
2026/10/03 01:59:45.006, 20117, 31, 2812, 147.86, 4
2026/10/03 01:59:45.056, 20117, 31, 2812, 147.86, 4
2026/10/03 01:59:45.106, 20117, 26, 2820, 154.93, 4
2026/10/03 01:59:45.157, 20117, 26, 2820, 154.93, 4
2026/10/03 01:59:45.207, 20117, 26, 2820, 154.93, 4
2026/10/03 01:59:45.257, 20117, 26, 2820, 154.93, 4
2026/10/03 01:59:45.307, 20117, 26, 2820, 154.93, 4
2026/10/03 01:59:45.357, 20117, 26, 2820, 154.93, 4
2026/10/03 01:59:45.407, 20117, 26, 2820, 154.93, 4
2026/10/03 01:59:45.457, 20117, 26, 2820, 154.93, 4
2026/10/03 01:59:45.508, 20117, 26, 2820, 154.93, 4
2026/10/03 01:59:45.558, 20117, 26, 2820, 154.93, 4
2026/10/03 01:59:45.608, 20117, 26, 2797, 116.22, 4
2026/10/03 01:59:45.658, 20117, 26, 2797, 116.22, 4
2026/10/03 01:59:45.708, 20117, 26, 2797, 116.22, 4
2026/10/03 01:59:45.758, 20117, 26, 2797, 116.22, 4
2026/10/03 01:59:45.808, 20117, 26, 2797, 116.22, 4
2026/10/03 01:59:45.859, 20117, 26, 2797, 116.22, 4
2026/10/03 01:59:45.909, 20117, 26, 2797, 116.22, 4
2026/10/03 01:59:45.959, 20117, 26, 2797, 116.22, 4
2026/10/03 01:59:46.009, 20117, 26, 2797, 116.22, 4
2026/10/03 01:59:46.059, 20117, 26, 2797, 116.22, 4
2026/10/03 01:59:46.109, 20117, 25, 2812, 147.22, 4
2026/10/03 01:59:46.160, 20117, 25, 2812, 147.22, 4
2026/10/03 01:59:46.210, 20117, 25, 2812, 147.22, 4
2026/10/03 01:59:46.260, 20117, 25, 2812, 147.22, 4
2026/10/03 01:59:46.310, 20117, 25, 2812, 147.22, 4
2026/10/03 01:59:46.360, 20117, 25, 2812, 147.22, 4
2026/10/03 01:59:46.411, 20117, 25, 2812, 147.22, 4
2026/10/03 01:59:46.461, 20117, 25, 2812, 147.22, 4
2026/10/03 01:59:46.511, 20117, 25, 2812, 147.22, 4
2026/10/03 01:59:46.561, 20117, 25, 2812, 147.22, 4
2026/10/03 01:59:46.611, 20117, 25, 2797, 112.78, 4
2026/10/03 01:59:46.662, 20117, 25, 2797, 112.78, 4
2026/10/03 01:59:46.712, 20117, 25, 2797, 112.78, 4
2026/10/03 01:59:46.762, 20117, 25, 2797, 112.78, 4
2026/10/03 01:59:46.812, 20117, 25, 2797, 112.78, 4
2026/10/03 01:59:46.862, 20117, 25, 2797, 112.78, 4
2026/10/03 01:59:46.913, 20117, 25, 2797, 112.78, 4
2026/10/03 01:59:46.963, 20117, 25, 2797, 112.78, 4
2026/10/03 01:59:47.013, 20117, 25, 2797, 112.78, 4
2026/10/03 01:59:47.063, 20117, 25, 2797, 112.78, 4
2026/10/03 01:59:47.113, 20117, 24, 2805, 150.09, 4
2026/10/03 01:59:47.163, 20117, 24, 2805, 150.09, 4
2026/10/03 01:59:47.214, 20117, 24, 2805, 150.09, 4
2026/10/03 01:59:47.264, 20117, 24, 2805, 150.09, 4
2026/10/03 01:59:47.314, 20117, 24, 2805, 150.09, 4
2026/10/03 01:59:47.364, 20117, 24, 2805, 150.09, 4
2026/10/03 01:59:47.414, 20117, 24, 2805, 150.09, 4
2026/10/03 01:59:47.465, 20117, 24, 2805, 150.09, 4
2026/10/03 01:59:47.515, 20117, 24, 2805, 150.09, 4
2026/10/03 01:59:47.565, 20117, 24, 2812, 145.60, 4
2026/10/03 01:59:47.615, 20117, 24, 2812, 145.60, 4
2026/10/03 01:59:47.665, 20117, 24, 2812, 145.60, 4
2026/10/03 01:59:47.716, 20117, 24, 2812, 145.60, 4
2026/10/03 01:59:47.766, 20117, 24, 2812, 145.60, 4
2026/10/03 01:59:47.816, 20117, 24, 2812, 145.60, 4
2026/10/03 01:59:47.866, 20117, 24, 2812, 145.60, 4
2026/10/03 01:59:47.916, 20117, 24, 2812, 145.60, 4
2026/10/03 01:59:47.966, 20117, 24, 2812, 145.60, 4
2026/10/03 01:59:48.017, 20117, 24, 2812, 145.60, 4
2026/10/03 01:59:48.067, 20117, 25, 2812, 148.61, 4
2026/10/03 01:59:48.117, 20117, 25, 2812, 148.61, 4
2026/10/03 01:59:48.167, 20117, 25, 2812, 148.61, 4
2026/10/03 01:59:48.217, 20117, 25, 2812, 148.61, 4
2026/10/03 01:59:48.268, 20117, 25, 2812, 148.61, 4
2026/10/03 01:59:48.318, 20117, 25, 2812, 148.61, 4
2026/10/03 01:59:48.368, 20117, 25, 2812, 148.61, 4
2026/10/03 01:59:48.418, 20117, 25, 2812, 148.61, 4
2026/10/03 01:59:48.469, 20117, 25, 2812, 148.61, 4
2026/10/03 01:59:48.519, 20117, 25, 2812, 148.61, 4
2026/10/03 01:59:48.569, 20117, 25, 2805, 139.94, 4
2026/10/03 01:59:48.619, 20117, 25, 2805, 139.94, 4
2026/10/03 01:59:48.669, 20117, 25, 2805, 139.94, 4
2026/10/03 01:59:48.720, 20117, 25, 2805, 139.94, 4
2026/10/03 01:59:48.770, 20117, 25, 2805, 139.94, 4
2026/10/03 01:59:48.820, 20117, 25, 2805, 139.94, 4
2026/10/03 01:59:48.870, 20117, 25, 2805, 139.94, 4
2026/10/03 01:59:48.920, 20117, 25, 2805, 139.94, 4
2026/10/03 01:59:48.971, 20117, 25, 2805, 139.94, 4
2026/10/03 01:59:49.021, 20117, 25, 2805, 139.94, 4
2026/10/03 01:59:49.071, 20117, 24, 2805, 143.01, 4
2026/10/03 01:59:49.121, 20117, 24, 2805, 143.01, 4
2026/10/03 01:59:49.171, 20117, 24, 2805, 143.01, 4
2026/10/03 01:59:49.222, 20117, 24, 2805, 143.01, 4
2026/10/03 01:59:49.272, 20117, 24, 2805, 143.01, 4
2026/10/03 01:59:49.322, 20117, 24, 2805, 143.01, 4
2026/10/03 01:59:49.372, 20117, 24, 2805, 143.01, 4
2026/10/03 01:59:49.422, 20117, 24, 2805, 143.01, 4
2026/10/03 01:59:49.473, 20117, 24, 2805, 143.01, 4
2026/10/03 01:59:49.523, 20117, 24, 2805, 143.01, 4
2026/10/03 01:59:49.573, 20117, 24, 2797, 123.30, 4
2026/10/03 01:59:49.623, 20117, 24, 2797, 123.30, 4
2026/10/03 01:59:49.673, 20117, 24, 2797, 123.30, 4
2026/10/03 01:59:49.724, 20117, 24, 2797, 123.30, 4
2026/10/03 01:59:49.774, 20117, 24, 2797, 123.30, 4
2026/10/03 01:59:49.824, 20117, 24, 2797, 123.30, 4
2026/10/03 01:59:49.874, 20117, 24, 2797, 123.30, 4
2026/10/03 01:59:49.924, 20117, 24, 2797, 123.30, 4
2026/10/03 01:59:49.975, 20117, 24, 2797, 123.30, 4
2026/10/03 01:59:50.025, 20117, 24, 2797, 123.30, 4
2026/10/03 01:59:50.075, 20117, 22, 2790, 98.19, 4
2026/10/03 01:59:50.125, 20117, 22, 2790, 98.19, 4
2026/10/03 01:59:50.175, 20117, 22, 2790, 98.19, 4
2026/10/03 01:59:50.226, 20117, 22, 2790, 98.19, 4
2026/10/03 01:59:50.276, 20117, 22, 2790, 98.19, 4
2026/10/03 01:59:50.326, 20117, 22, 2790, 98.19, 4
2026/10/03 01:59:50.376, 20117, 22, 2790, 98.19, 4
2026/10/03 01:59:50.426, 20117, 22, 2790, 98.19, 4
2026/10/03 01:59:50.477, 20117, 22, 2790, 98.19, 4
2026/10/03 01:59:50.527, 20117, 22, 2790, 98.19, 4
2026/10/03 01:59:50.577, 20117, 22, 2805, 139.86, 4
2026/10/03 01:59:50.627, 20117, 22, 2805, 139.86, 4
2026/10/03 01:59:50.677, 20117, 22, 2805, 139.86, 4
2026/10/03 01:59:50.728, 20117, 22, 2805, 139.86, 4
2026/10/03 01:59:50.778, 20117, 22, 2805, 139.86, 4
2026/10/03 01:59:50.828, 20117, 22, 2805, 139.86, 4
2026/10/03 01:59:50.878, 20117, 22, 2805, 139.86, 4
2026/10/03 01:59:50.928, 20117, 22, 2805, 139.86, 4
2026/10/03 01:59:50.978, 20117, 22, 2805, 139.86, 4
2026/10/03 01:59:51.029, 20117, 22, 2805, 139.86, 4
2026/10/03 01:59:51.079, 20117, 22, 2797, 140.36, 4
2026/10/03 01:59:51.129, 20117, 22, 2797, 140.36, 4
2026/10/03 01:59:51.179, 20117, 22, 2797, 140.36, 4
2026/10/03 01:59:51.230, 20117, 22, 2797, 140.36, 4
2026/10/03 01:59:51.280, 20117, 22, 2797, 140.36, 4
2026/10/03 01:59:51.330, 20117, 22, 2797, 140.36, 4
2026/10/03 01:59:51.380, 20117, 22, 2797, 140.36, 4
2026/10/03 01:59:51.430, 20117, 22, 2797, 140.36, 4
2026/10/03 01:59:51.480, 20117, 22, 2797, 140.36, 4
2026/10/03 01:59:51.531, 20117, 22, 2797, 140.36, 4
2026/10/03 01:59:51.581, 20117, 22, 2767, 101.93, 4
2026/10/03 01:59:51.631, 20117, 22, 2767, 101.93, 4
2026/10/03 01:59:51.681, 20117, 22, 2767, 101.93, 4
2026/10/03 01:59:51.731, 20117, 22, 2767, 101.93, 4
2026/10/03 01:59:51.782, 20117, 22, 2767, 101.93, 4
2026/10/03 01:59:51.832, 20117, 22, 2767, 101.93, 4
2026/10/03 01:59:51.882, 20117, 22, 2767, 101.93, 4
2026/10/03 01:59:51.932, 20117, 22, 2767, 101.93, 4
2026/10/03 01:59:51.982, 20117, 22, 2767, 101.93, 4
2026/10/03 01:59:52.033, 20117, 22, 2767, 101.93, 4
2026/10/03 01:59:52.083, 20117, 25, 2820, 150.73, 4
2026/10/03 01:59:52.133, 20117, 25, 2820, 150.73, 4
2026/10/03 01:59:52.183, 20117, 25, 2820, 150.73, 4
2026/10/03 01:59:52.233, 20117, 25, 2820, 150.73, 4
2026/10/03 01:59:52.285, 20117, 25, 2820, 150.73, 4
2026/10/03 01:59:52.335, 20117, 25, 2820, 150.73, 4
2026/10/03 01:59:52.385, 20117, 25, 2820, 150.73, 4
2026/10/03 01:59:52.435, 20117, 25, 2820, 150.73, 4
2026/10/03 01:59:52.486, 20117, 25, 2820, 150.73, 4
2026/10/03 01:59:52.536, 20117, 25, 2820, 150.73, 4
2026/10/03 01:59:52.586, 20117, 25, 2805, 134.53, 4
2026/10/03 01:59:52.636, 20117, 25, 2805, 134.53, 4
2026/10/03 01:59:52.686, 20117, 25, 2805, 134.53, 4
2026/10/03 01:59:52.736, 20117, 25, 2805, 134.53, 4
2026/10/03 01:59:52.786, 20117, 25, 2805, 134.53, 4
2026/10/03 01:59:52.837, 20117, 25, 2805, 134.53, 4
2026/10/03 01:59:52.887, 20117, 25, 2805, 134.53, 4
2026/10/03 01:59:52.937, 20117, 25, 2805, 134.53, 4
2026/10/03 01:59:52.987, 20117, 25, 2805, 134.53, 4
2026/10/03 01:59:53.037, 20117, 25, 2805, 134.53, 4
2026/10/03 01:59:53.088, 20117, 25, 2790, 139.05, 4
2026/10/03 01:59:53.138, 20117, 25, 2790, 139.05, 4
2026/10/03 01:59:53.188, 20117, 25, 2790, 139.05, 4
2026/10/03 01:59:53.238, 20117, 25, 2790, 139.05, 4
2026/10/03 01:59:53.288, 20117, 25, 2790, 139.05, 4
2026/10/03 01:59:53.339, 20117, 25, 2790, 139.05, 4
2026/10/03 01:59:53.389, 20117, 25, 2790, 139.05, 4
2026/10/03 01:59:53.439, 20117, 25, 2790, 139.05, 4
2026/10/03 01:59:53.489, 20117, 25, 2790, 139.05, 4
2026/10/03 01:59:53.539, 20117, 25, 2790, 139.05, 4
2026/10/03 01:59:53.590, 20117, 25, 2812, 140.27, 4
2026/10/03 01:59:53.640, 20117, 25, 2812, 140.27, 4
2026/10/03 01:59:53.690, 20117, 25, 2812, 140.27, 4
2026/10/03 01:59:53.740, 20117, 25, 2812, 140.27, 4
2026/10/03 01:59:53.790, 20117, 25, 2812, 140.27, 4
2026/10/03 01:59:53.841, 20117, 25, 2812, 140.27, 4
2026/10/03 01:59:53.891, 20117, 25, 2812, 140.27, 4
2026/10/03 01:59:53.941, 20117, 25, 2812, 140.27, 4
2026/10/03 01:59:53.991, 20117, 25, 2812, 140.27, 4
2026/10/03 01:59:54.041, 20117, 25, 2812, 140.27, 4
2026/10/03 01:59:54.092, 20117, 16, 2797, 120.21, 4
2026/10/03 01:59:54.142, 20117, 16, 2797, 120.21, 4
2026/10/03 01:59:54.192, 20117, 16, 2797, 120.21, 4
2026/10/03 01:59:54.242, 20117, 16, 2797, 120.21, 4
2026/10/03 01:59:54.293, 20117, 16, 2797, 120.21, 4
2026/10/03 01:59:54.343, 20117, 16, 2797, 120.21, 4
2026/10/03 01:59:54.393, 20117, 16, 2797, 120.21, 4
2026/10/03 01:59:54.443, 20117, 16, 2797, 120.21, 4
2026/10/03 01:59:54.493, 20117, 16, 2797, 120.21, 4
2026/10/03 01:59:54.544, 20117, 16, 2797, 120.21, 4
2026/10/03 01:59:54.594, 20117, 16, 2805, 142.65, 4
2026/10/03 01:59:54.644, 20117, 16, 2805, 142.65, 4
2026/10/03 01:59:54.694, 20117, 16, 2805, 142.65, 4
2026/10/03 01:59:54.744, 20117, 16, 2805, 142.65, 4
2026/10/03 01:59:54.795, 20117, 16, 2805, 142.65, 4
2026/10/03 01:59:54.845, 20117, 16, 2805, 142.65, 4
2026/10/03 01:59:54.895, 20117, 16, 2805, 142.65, 4
2026/10/03 01:59:54.945, 20117, 16, 2805, 142.65, 4
2026/10/03 01:59:54.995, 20117, 16, 2805, 142.65, 4
2026/10/03 01:59:55.046, 20117, 16, 2805, 142.65, 4
2026/10/03 01:59:55.096, 20117, 18, 2812, 129.58, 4
2026/10/03 01:59:55.146, 20117, 18, 2812, 129.58, 4
2026/10/03 01:59:55.196, 20117, 18, 2812, 129.58, 4
2026/10/03 01:59:55.247, 20117, 18, 2812, 129.58, 4
2026/10/03 01:59:55.297, 20117, 18, 2812, 129.58, 4
2026/10/03 01:59:55.347, 20117, 18, 2812, 129.58, 4
2026/10/03 01:59:55.397, 20117, 18, 2812, 129.58, 4
2026/10/03 01:59:55.447, 20117, 18, 2812, 129.58, 4
2026/10/03 01:59:55.498, 20117, 18, 2812, 129.58, 4
2026/10/03 01:59:55.548, 20117, 18, 2812, 129.58, 4
2026/10/03 01:59:55.598, 20117, 18, 2782, 115.90, 4
2026/10/03 01:59:55.648, 20117, 18, 2782, 115.90, 4
2026/10/03 01:59:55.699, 20117, 18, 2782, 115.90, 4
2026/10/03 01:59:55.749, 20117, 18, 2782, 115.90, 4
2026/10/03 01:59:55.799, 20117, 18, 2782, 115.90, 4
2026/10/03 01:59:55.849, 20117, 18, 2782, 115.90, 4
2026/10/03 01:59:55.899, 20117, 18, 2782, 115.90, 4
2026/10/03 01:59:55.950, 20117, 18, 2782, 115.90, 4
2026/10/03 01:59:56.000, 20117, 18, 2782, 115.90, 4
2026/10/03 01:59:56.050, 20117, 18, 2782, 115.90, 4
2026/10/03 01:59:56.100, 20117, 22, 2820, 150.77, 4
2026/10/03 01:59:56.151, 20117, 22, 2820, 150.77, 4
2026/10/03 01:59:56.201, 20117, 22, 2820, 150.77, 4
2026/10/03 01:59:56.251, 20117, 22, 2820, 150.77, 4
2026/10/03 01:59:56.301, 20117, 22, 2820, 150.77, 4
2026/10/03 01:59:56.351, 20117, 22, 2820, 150.77, 4
2026/10/03 01:59:56.402, 20117, 22, 2820, 150.77, 4
2026/10/03 01:59:56.452, 20117, 22, 2820, 150.77, 4
2026/10/03 01:59:56.502, 20117, 22, 2820, 150.77, 4
2026/10/03 01:59:56.552, 20117, 22, 2820, 150.77, 4
2026/10/03 01:59:56.602, 20117, 22, 2812, 129.80, 4
2026/10/03 01:59:56.653, 20117, 22, 2812, 129.80, 4
2026/10/03 01:59:56.703, 20117, 22, 2812, 129.80, 4
2026/10/03 01:59:56.753, 20117, 22, 2812, 129.80, 4
2026/10/03 01:59:56.803, 20117, 22, 2812, 129.80, 4
2026/10/03 01:59:56.853, 20117, 22, 2812, 129.80, 4
2026/10/03 01:59:56.904, 20117, 22, 2812, 129.80, 4
2026/10/03 01:59:56.954, 20117, 22, 2812, 129.80, 4
2026/10/03 01:59:57.004, 20117, 22, 2812, 129.80, 4
2026/10/03 01:59:57.054, 20117, 22, 2812, 129.80, 4
2026/10/03 01:59:57.105, 20117, 16, 2797, 121.40, 4
2026/10/03 01:59:57.155, 20117, 16, 2797, 121.40, 4
2026/10/03 01:59:57.205, 20117, 16, 2797, 121.40, 4
2026/10/03 01:59:57.255, 20117, 16, 2797, 121.40, 4
2026/10/03 01:59:57.305, 20117, 16, 2797, 121.40, 4
2026/10/03 01:59:57.356, 20117, 16, 2797, 121.40, 4
2026/10/03 01:59:57.406, 20117, 16, 2797, 121.40, 4
2026/10/03 01:59:57.456, 20117, 16, 2797, 121.40, 4
2026/10/03 01:59:57.506, 20117, 16, 2797, 121.40, 4
2026/10/03 01:59:57.556, 20117, 16, 2797, 121.40, 4
2026/10/03 01:59:57.607, 20117, 16, 2805, 116.65, 4
2026/10/03 01:59:57.657, 20117, 16, 2805, 116.65, 4
2026/10/03 01:59:57.707, 20117, 16, 2805, 116.65, 4
2026/10/03 01:59:57.757, 20117, 16, 2805, 116.65, 4
2026/10/03 01:59:57.808, 20117, 16, 2805, 116.65, 4
2026/10/03 01:59:57.858, 20117, 16, 2805, 116.65, 4
2026/10/03 01:59:57.908, 20117, 16, 2805, 116.65, 4
2026/10/03 01:59:57.958, 20117, 16, 2805, 116.65, 4
2026/10/03 01:59:58.008, 20117, 16, 2805, 116.65, 4
2026/10/03 01:59:58.059, 20117, 16, 2805, 116.65, 4
2026/10/03 01:59:58.109, 20117, 19, 2812, 112.94, 4
2026/10/03 01:59:58.159, 20117, 19, 2812, 112.94, 4
2026/10/03 01:59:58.209, 20117, 19, 2812, 112.94, 4
2026/10/03 01:59:58.259, 20117, 19, 2812, 112.94, 4
2026/10/03 01:59:58.310, 20117, 19, 2812, 112.94, 4
2026/10/03 01:59:58.360, 20117, 19, 2812, 112.94, 4
2026/10/03 01:59:58.410, 20117, 19, 2812, 112.94, 4
2026/10/03 01:59:58.460, 20117, 19, 2812, 112.94, 4
2026/10/03 01:59:58.510, 20117, 19, 2812, 112.94, 4
2026/10/03 01:59:58.560, 20117, 19, 2812, 112.94, 4
2026/10/03 01:59:58.611, 20117, 19, 2835, 150.84, 4
2026/10/03 01:59:58.661, 20117, 19, 2835, 150.84, 4
2026/10/03 01:59:58.712, 20117, 19, 2835, 150.84, 4
2026/10/03 01:59:58.762, 20117, 19, 2835, 150.84, 4
2026/10/03 01:59:58.812, 20117, 19, 2835, 150.84, 4
2026/10/03 01:59:58.862, 20117, 19, 2835, 150.84, 4
2026/10/03 01:59:58.912, 20117, 19, 2835, 150.84, 4
2026/10/03 01:59:58.963, 20117, 19, 2835, 150.84, 4
2026/10/03 01:59:59.013, 20117, 19, 2835, 150.84, 4
2026/10/03 01:59:59.063, 20117, 19, 2835, 150.84, 4
2026/10/03 01:59:59.113, 20117, 22, 2835, 143.04, 4
2026/10/03 01:59:59.163, 20117, 22, 2835, 143.04, 4
2026/10/03 01:59:59.214, 20117, 22, 2835, 143.04, 4
2026/10/03 01:59:59.264, 20117, 22, 2835, 143.04, 4
2026/10/03 01:59:59.314, 20117, 22, 2835, 143.04, 4
2026/10/03 01:59:59.364, 20117, 22, 2835, 143.04, 4
2026/10/03 01:59:59.415, 20117, 22, 2835, 143.04, 4
2026/10/03 01:59:59.465, 20117, 22, 2835, 143.04, 4
2026/10/03 01:59:59.515, 20117, 22, 2835, 143.04, 4
2026/10/03 01:59:59.565, 20117, 22, 2797, 115.57, 4
2026/10/03 01:59:59.615, 20117, 22, 2797, 115.57, 4
2026/10/03 01:59:59.666, 20117, 22, 2797, 115.57, 4
2026/10/03 01:59:59.716, 20117, 22, 2797, 115.57, 4
2026/10/03 01:59:59.766, 20117, 22, 2797, 115.57, 4
2026/10/03 01:59:59.816, 20117, 22, 2797, 115.57, 4
2026/10/03 01:59:59.866, 20117, 22, 2797, 115.57, 4
2026/10/03 01:59:59.917, 20117, 22, 2797, 115.57, 4
2026/10/03 01:59:59.967, 20117, 22, 2797, 115.57, 4
2026/10/03 02:00:00.017, 20117, 22, 2797, 115.57, 4
2026/10/03 02:00:00.067, 20117, 20, 2812, 137.09, 4
2026/10/03 02:00:00.118, 20117, 20, 2812, 137.09, 4
2026/10/03 02:00:00.168, 20117, 20, 2812, 137.09, 4
2026/10/03 02:00:00.218, 20117, 20, 2812, 137.09, 4
2026/10/03 02:00:00.268, 20117, 20, 2812, 137.09, 4
2026/10/03 02:00:00.318, 20117, 20, 2812, 137.09, 4
2026/10/03 02:00:00.369, 20117, 20, 2812, 137.09, 4
2026/10/03 02:00:00.419, 20117, 20, 2812, 137.09, 4
2026/10/03 02:00:00.469, 20117, 20, 2812, 137.09, 4
2026/10/03 02:00:00.519, 20117, 20, 2812, 137.09, 4
2026/10/03 02:00:00.569, 20117, 20, 2827, 150.83, 4
2026/10/03 02:00:00.620, 20117, 20, 2827, 150.83, 4
2026/10/03 02:00:00.670, 20117, 20, 2827, 150.83, 4
2026/10/03 02:00:00.720, 20117, 20, 2827, 150.83, 4
2026/10/03 02:00:00.770, 20117, 20, 2827, 150.83, 4
2026/10/03 02:00:00.821, 20117, 20, 2827, 150.83, 4
2026/10/03 02:00:00.871, 20117, 20, 2827, 150.83, 4
2026/10/03 02:00:00.921, 20117, 20, 2827, 150.83, 4
2026/10/03 02:00:00.971, 20117, 20, 2827, 150.83, 4
2026/10/03 02:00:01.021, 20117, 20, 2827, 150.83, 4
2026/10/03 02:00:01.072, 20117, 25, 2827, 149.77, 4
2026/10/03 02:00:01.122, 20117, 25, 2827, 149.77, 4
2026/10/03 02:00:01.172, 20117, 25, 2827, 149.77, 4
2026/10/03 02:00:01.222, 20117, 25, 2827, 149.77, 4
2026/10/03 02:00:01.272, 20117, 25, 2827, 149.77, 4
2026/10/03 02:00:01.323, 20117, 25, 2827, 149.77, 4
2026/10/03 02:00:01.373, 20117, 25, 2827, 149.77, 4
2026/10/03 02:00:01.423, 20117, 25, 2827, 149.77, 4
2026/10/03 02:00:01.473, 20117, 25, 2827, 149.77, 4
2026/10/03 02:00:01.523, 20117, 25, 2827, 149.77, 4
2026/10/03 02:00:01.574, 20117, 25, 2820, 124.59, 4
2026/10/03 02:00:01.624, 20117, 25, 2820, 124.59, 4
2026/10/03 02:00:01.674, 20117, 25, 2820, 124.59, 4
2026/10/03 02:00:01.724, 20117, 25, 2820, 124.59, 4
2026/10/03 02:00:01.774, 20117, 25, 2820, 124.59, 4
2026/10/03 02:00:01.824, 20117, 25, 2820, 124.59, 4
2026/10/03 02:00:01.875, 20117, 25, 2820, 124.59, 4
2026/10/03 02:00:01.925, 20117, 25, 2820, 124.59, 4
2026/10/03 02:00:01.975, 20117, 25, 2820, 124.59, 4
2026/10/03 02:00:02.025, 20117, 25, 2820, 124.59, 4
2026/10/03 02:00:02.075, 20117, 24, 2835, 122.53, 4
2026/10/03 02:00:02.125, 20117, 24, 2835, 122.53, 4
2026/10/03 02:00:02.176, 20117, 24, 2835, 122.53, 4
2026/10/03 02:00:02.226, 20117, 24, 2835, 122.53, 4
2026/10/03 02:00:02.276, 20117, 24, 2835, 122.53, 4
2026/10/03 02:00:02.326, 20117, 24, 2835, 122.53, 4
2026/10/03 02:00:02.376, 20117, 24, 2835, 122.53, 4
2026/10/03 02:00:02.427, 20117, 24, 2835, 122.53, 4
2026/10/03 02:00:02.477, 20117, 24, 2835, 122.53, 4
2026/10/03 02:00:02.527, 20117, 24, 2835, 122.53, 4
2026/10/03 02:00:02.577, 20117, 24, 2835, 134.36, 4
2026/10/03 02:00:02.627, 20117, 24, 2835, 134.36, 4
2026/10/03 02:00:02.677, 20117, 24, 2835, 134.36, 4
2026/10/03 02:00:02.728, 20117, 24, 2835, 134.36, 4
2026/10/03 02:00:02.778, 20117, 24, 2835, 134.36, 4
2026/10/03 02:00:02.828, 20117, 24, 2835, 134.36, 4
2026/10/03 02:00:02.879, 20117, 24, 2835, 134.36, 4
2026/10/03 02:00:02.930, 20117, 24, 2835, 134.36, 4
2026/10/03 02:00:02.980, 20117, 24, 2835, 134.36, 4
2026/10/03 02:00:03.030, 20117, 24, 2835, 134.36, 4
2026/10/03 02:00:03.080, 20117, 21, 2842, 134.59, 4
2026/10/03 02:00:03.131, 20117, 21, 2842, 134.59, 4
2026/10/03 02:00:03.181, 20117, 21, 2842, 134.59, 4
2026/10/03 02:00:03.231, 20117, 21, 2842, 134.59, 4
2026/10/03 02:00:03.281, 20117, 21, 2842, 134.59, 4
2026/10/03 02:00:03.331, 20117, 21, 2842, 134.59, 4
2026/10/03 02:00:03.381, 20117, 21, 2842, 134.59, 4
2026/10/03 02:00:03.432, 20117, 21, 2842, 134.59, 4
2026/10/03 02:00:03.482, 20117, 21, 2842, 134.59, 4
2026/10/03 02:00:03.532, 20117, 21, 2842, 134.59, 4
2026/10/03 02:00:03.582, 20117, 21, 2812, 146.04, 4
2026/10/03 02:00:03.632, 20117, 21, 2812, 146.04, 4
2026/10/03 02:00:03.682, 20117, 21, 2812, 146.04, 4
2026/10/03 02:00:03.732, 20117, 21, 2812, 146.04, 4
2026/10/03 02:00:03.783, 20117, 21, 2812, 146.04, 4
2026/10/03 02:00:03.833, 20117, 21, 2812, 146.04, 4
2026/10/03 02:00:03.883, 20117, 21, 2812, 146.04, 4
2026/10/03 02:00:03.933, 20117, 21, 2812, 146.04, 4
2026/10/03 02:00:03.983, 20117, 21, 2812, 146.04, 4
2026/10/03 02:00:04.033, 20117, 21, 2812, 146.04, 4
2026/10/03 02:00:04.084, 20117, 23, 2812, 154.45, 4
2026/10/03 02:00:04.134, 20117, 23, 2812, 154.45, 4
2026/10/03 02:00:04.184, 20117, 23, 2812, 154.45, 4
2026/10/03 02:00:04.234, 20117, 23, 2812, 154.45, 4
2026/10/03 02:00:04.284, 20117, 23, 2812, 154.45, 4
2026/10/03 02:00:04.334, 20117, 23, 2812, 154.45, 4
2026/10/03 02:00:04.385, 20117, 23, 2812, 154.45, 4
2026/10/03 02:00:04.435, 20117, 23, 2812, 154.45, 4
2026/10/03 02:00:04.485, 20117, 23, 2812, 154.45, 4
2026/10/03 02:00:04.535, 20117, 23, 2812, 154.45, 4
2026/10/03 02:00:04.585, 20117, 23, 2812, 124.28, 4
2026/10/03 02:00:04.635, 20117, 23, 2812, 124.28, 4
2026/10/03 02:00:04.685, 20117, 23, 2812, 124.28, 4
2026/10/03 02:00:04.736, 20117, 23, 2812, 124.28, 4
2026/10/03 02:00:04.786, 20117, 23, 2812, 124.28, 4
2026/10/03 02:00:04.836, 20117, 23, 2812, 124.28, 4
2026/10/03 02:00:04.886, 20117, 23, 2812, 124.28, 4
2026/10/03 02:00:04.936, 20117, 23, 2812, 124.28, 4
2026/10/03 02:00:04.986, 20117, 23, 2812, 124.28, 4
2026/10/03 02:00:05.036, 20117, 23, 2812, 124.28, 4
2026/10/03 02:00:05.087, 20117, 23, 2835, 128.55, 4
2026/10/03 02:00:05.137, 20117, 23, 2835, 128.55, 4
2026/10/03 02:00:05.187, 20117, 23, 2835, 128.55, 4
2026/10/03 02:00:05.237, 20117, 23, 2835, 128.55, 4
2026/10/03 02:00:05.287, 20117, 23, 2835, 128.55, 4
2026/10/03 02:00:05.337, 20117, 23, 2835, 128.55, 4
2026/10/03 02:00:05.388, 20117, 23, 2835, 128.55, 4
2026/10/03 02:00:05.438, 20117, 23, 2835, 128.55, 4
2026/10/03 02:00:05.488, 20117, 23, 2835, 128.55, 4
2026/10/03 02:00:05.538, 20117, 23, 2835, 128.55, 4
2026/10/03 02:00:05.588, 20117, 23, 2835, 134.23, 4
2026/10/03 02:00:05.638, 20117, 23, 2835, 134.23, 4
2026/10/03 02:00:05.688, 20117, 23, 2835, 134.23, 4
2026/10/03 02:00:05.739, 20117, 23, 2835, 134.23, 4
2026/10/03 02:00:05.789, 20117, 23, 2835, 134.23, 4
2026/10/03 02:00:05.839, 20117, 23, 2835, 134.23, 4
2026/10/03 02:00:05.889, 20117, 23, 2835, 134.23, 4
2026/10/03 02:00:05.939, 20117, 23, 2835, 134.23, 4
2026/10/03 02:00:05.989, 20117, 23, 2835, 134.23, 4
2026/10/03 02:00:06.040, 20117, 23, 2835, 134.23, 4
2026/10/03 02:00:06.090, 20117, 25, 2805, 142.23, 4
2026/10/03 02:00:06.140, 20117, 25, 2805, 142.23, 4
2026/10/03 02:00:06.190, 20117, 25, 2805, 142.23, 4
2026/10/03 02:00:06.240, 20117, 25, 2805, 142.23, 4
2026/10/03 02:00:06.290, 20117, 25, 2805, 142.23, 4
2026/10/03 02:00:06.340, 20117, 25, 2805, 142.23, 4
2026/10/03 02:00:06.391, 20117, 25, 2805, 142.23, 4
2026/10/03 02:00:06.441, 20117, 25, 2805, 142.23, 4
2026/10/03 02:00:06.491, 20117, 25, 2805, 142.23, 4
2026/10/03 02:00:06.541, 20117, 25, 2805, 142.23, 4
2026/10/03 02:00:06.591, 20117, 25, 2820, 126.82, 4
2026/10/03 02:00:06.641, 20117, 25, 2820, 126.82, 4
2026/10/03 02:00:06.692, 20117, 25, 2820, 126.82, 4
2026/10/03 02:00:06.742, 20117, 25, 2820, 126.82, 4
2026/10/03 02:00:06.792, 20117, 25, 2820, 126.82, 4
2026/10/03 02:00:06.842, 20117, 25, 2820, 126.82, 4
2026/10/03 02:00:06.892, 20117, 25, 2820, 126.82, 4
2026/10/03 02:00:06.943, 20117, 25, 2820, 126.82, 4
2026/10/03 02:00:06.993, 20117, 25, 2820, 126.82, 4
2026/10/03 02:00:07.043, 20117, 25, 2820, 126.82, 4
2026/10/03 02:00:07.093, 20117, 23, 2835, 132.30, 4
2026/10/03 02:00:07.143, 20117, 23, 2835, 132.30, 4
2026/10/03 02:00:07.193, 20117, 23, 2835, 132.30, 4
2026/10/03 02:00:07.243, 20117, 23, 2835, 132.30, 4
2026/10/03 02:00:07.294, 20117, 23, 2835, 132.30, 4
2026/10/03 02:00:07.344, 20117, 23, 2835, 132.30, 4
2026/10/03 02:00:07.394, 20117, 23, 2835, 132.30, 4
2026/10/03 02:00:07.444, 20117, 23, 2835, 132.30, 4
2026/10/03 02:00:07.494, 20117, 23, 2835, 132.30, 4
2026/10/03 02:00:07.544, 20117, 23, 2835, 132.30, 4
2026/10/03 02:00:07.594, 20117, 23, 2805, 149.78, 4
2026/10/03 02:00:07.645, 20117, 23, 2805, 149.78, 4
2026/10/03 02:00:07.695, 20117, 23, 2805, 149.78, 4
2026/10/03 02:00:07.745, 20117, 23, 2805, 149.78, 4
2026/10/03 02:00:07.795, 20117, 23, 2805, 149.78, 4
2026/10/03 02:00:07.845, 20117, 23, 2805, 149.78, 4
2026/10/03 02:00:07.895, 20117, 23, 2805, 149.78, 4
2026/10/03 02:00:07.946, 20117, 23, 2805, 149.78, 4
2026/10/03 02:00:07.996, 20117, 23, 2805, 149.78, 4
2026/10/03 02:00:08.046, 20117, 23, 2805, 149.78, 4
2026/10/03 02:00:08.096, 20117, 22, 2812, 132.58, 4
2026/10/03 02:00:08.146, 20117, 22, 2812, 132.58, 4
2026/10/03 02:00:08.196, 20117, 22, 2812, 132.58, 4
2026/10/03 02:00:08.247, 20117, 22, 2812, 132.58, 4
2026/10/03 02:00:08.297, 20117, 22, 2812, 132.58, 4
2026/10/03 02:00:08.347, 20117, 22, 2812, 132.58, 4
2026/10/03 02:00:08.397, 20117, 22, 2812, 132.58, 4
2026/10/03 02:00:08.447, 20117, 22, 2812, 132.58, 4
2026/10/03 02:00:08.497, 20117, 22, 2812, 132.58, 4
2026/10/03 02:00:08.547, 20117, 22, 2812, 132.58, 4
2026/10/03 02:00:08.598, 20117, 22, 2827, 129.60, 4
2026/10/03 02:00:08.648, 20117, 22, 2827, 129.60, 4
2026/10/03 02:00:08.698, 20117, 22, 2827, 129.60, 4
2026/10/03 02:00:08.748, 20117, 22, 2827, 129.60, 4
2026/10/03 02:00:08.798, 20117, 22, 2827, 129.60, 4
2026/10/03 02:00:08.848, 20117, 22, 2827, 129.60, 4
2026/10/03 02:00:08.899, 20117, 22, 2827, 129.60, 4
2026/10/03 02:00:08.949, 20117, 22, 2827, 129.60, 4
2026/10/03 02:00:08.999, 20117, 22, 2827, 129.60, 4
2026/10/03 02:00:09.049, 20117, 22, 2827, 129.60, 4
2026/10/03 02:00:09.099, 20117, 23, 2805, 140.05, 4
2026/10/03 02:00:09.149, 20117, 23, 2805, 140.05, 4
2026/10/03 02:00:09.199, 20117, 23, 2805, 140.05, 4
2026/10/03 02:00:09.250, 20117, 23, 2805, 140.05, 4
2026/10/03 02:00:09.300, 20117, 23, 2805, 140.05, 4
2026/10/03 02:00:09.350, 20117, 23, 2805, 140.05, 4
2026/10/03 02:00:09.400, 20117, 23, 2805, 140.05, 4
2026/10/03 02:00:09.450, 20117, 23, 2805, 140.05, 4
2026/10/03 02:00:09.500, 20117, 23, 2805, 140.05, 4
2026/10/03 02:00:09.550, 20117, 23, 2805, 140.05, 4
2026/10/03 02:00:09.601, 20117, 23, 2805, 145.07, 4
2026/10/03 02:00:09.651, 20117, 23, 2805, 145.07, 4
2026/10/03 02:00:09.701, 20117, 23, 2805, 145.07, 4
2026/10/03 02:00:09.751, 20117, 23, 2805, 145.07, 4
2026/10/03 02:00:09.801, 20117, 23, 2805, 145.07, 4
2026/10/03 02:00:09.851, 20117, 23, 2805, 145.07, 4
2026/10/03 02:00:09.902, 20117, 23, 2805, 145.07, 4
2026/10/03 02:00:09.952, 20117, 23, 2805, 145.07, 4
2026/10/03 02:00:10.002, 20117, 23, 2805, 145.07, 4
2026/10/03 02:00:10.052, 20117, 23, 2805, 145.07, 4
2026/10/03 02:00:10.102, 20117, 18, 2812, 101.30, 4
2026/10/03 02:00:10.152, 20117, 18, 2812, 101.30, 4
2026/10/03 02:00:10.202, 20117, 18, 2812, 101.30, 4
2026/10/03 02:00:10.253, 20117, 18, 2812, 101.30, 4
2026/10/03 02:00:10.303, 20117, 18, 2812, 101.30, 4
2026/10/03 02:00:10.353, 20117, 18, 2812, 101.30, 4
2026/10/03 02:00:10.403, 20117, 18, 2812, 101.30, 4
2026/10/03 02:00:10.453, 20117, 18, 2812, 101.30, 4
2026/10/03 02:00:10.503, 20117, 18, 2812, 101.30, 4
2026/10/03 02:00:10.553, 20117, 18, 2812, 101.30, 4
2026/10/03 02:00:10.604, 20117, 18, 2827, 121.22, 4
2026/10/03 02:00:10.654, 20117, 18, 2827, 121.22, 4
2026/10/03 02:00:10.704, 20117, 18, 2827, 121.22, 4
2026/10/03 02:00:10.755, 20117, 18, 2827, 121.22, 4
2026/10/03 02:00:10.805, 20117, 18, 2827, 121.22, 4
2026/10/03 02:00:10.855, 20117, 18, 2827, 121.22, 4
2026/10/03 02:00:10.906, 20117, 18, 2827, 121.22, 4
2026/10/03 02:00:10.956, 20117, 18, 2827, 121.22, 4
2026/10/03 02:00:11.006, 20117, 18, 2827, 121.22, 4
2026/10/03 02:00:11.056, 20117, 18, 2827, 121.22, 4
2026/10/03 02:00:11.107, 20117, 21, 2827, 114.83, 4
2026/10/03 02:00:11.157, 20117, 21, 2827, 114.83, 4
2026/10/03 02:00:11.208, 20117, 21, 2827, 114.83, 4
2026/10/03 02:00:11.258, 20117, 21, 2827, 114.83, 4
2026/10/03 02:00:11.309, 20117, 21, 2827, 114.83, 4
2026/10/03 02:00:11.359, 20117, 21, 2827, 114.83, 4
2026/10/03 02:00:11.409, 20117, 21, 2827, 114.83, 4
2026/10/03 02:00:11.460, 20117, 21, 2827, 114.83, 4
2026/10/03 02:00:11.510, 20117, 21, 2827, 114.83, 4
2026/10/03 02:00:11.560, 20117, 21, 2827, 114.83, 4
2026/10/03 02:00:11.610, 20117, 21, 2812, 121.26, 4
2026/10/03 02:00:11.660, 20117, 21, 2812, 121.26, 4
2026/10/03 02:00:11.710, 20117, 21, 2812, 121.26, 4
2026/10/03 02:00:11.761, 20117, 21, 2812, 121.26, 4
2026/10/03 02:00:11.811, 20117, 21, 2812, 121.26, 4
2026/10/03 02:00:11.861, 20117, 21, 2812, 121.26, 4
2026/10/03 02:00:11.911, 20117, 21, 2812, 121.26, 4
2026/10/03 02:00:11.961, 20117, 21, 2812, 121.26, 4
2026/10/03 02:00:12.011, 20117, 21, 2812, 121.26, 4
2026/10/03 02:00:12.061, 20117, 21, 2812, 121.26, 4
2026/10/03 02:00:12.112, 20117, 19, 2812, 129.96, 4
2026/10/03 02:00:12.162, 20117, 19, 2812, 129.96, 4
2026/10/03 02:00:12.212, 20117, 19, 2812, 129.96, 4
2026/10/03 02:00:12.262, 20117, 19, 2812, 129.96, 4
2026/10/03 02:00:12.312, 20117, 19, 2812, 129.96, 4
2026/10/03 02:00:12.362, 20117, 19, 2812, 129.96, 4
2026/10/03 02:00:12.413, 20117, 19, 2812, 129.96, 4
2026/10/03 02:00:12.463, 20117, 19, 2812, 129.96, 4
2026/10/03 02:00:12.513, 20117, 19, 2812, 129.96, 4
2026/10/03 02:00:12.563, 20117, 19, 2812, 129.96, 4
2026/10/03 02:00:12.613, 20117, 19, 2812, 133.74, 4
2026/10/03 02:00:12.663, 20117, 19, 2812, 133.74, 4
2026/10/03 02:00:12.713, 20117, 19, 2812, 133.74, 4
2026/10/03 02:00:12.764, 20117, 19, 2812, 133.74, 4
2026/10/03 02:00:12.814, 20117, 19, 2812, 133.74, 4
2026/10/03 02:00:12.864, 20117, 19, 2812, 133.74, 4
2026/10/03 02:00:12.914, 20117, 19, 2812, 133.74, 4
2026/10/03 02:00:12.964, 20117, 19, 2812, 133.74, 4
2026/10/03 02:00:13.014, 20117, 19, 2812, 133.74, 4
2026/10/03 02:00:13.064, 20117, 19, 2812, 133.74, 4
2026/10/03 02:00:13.115, 20117, 24, 2812, 135.28, 4
2026/10/03 02:00:13.165, 20117, 24, 2812, 135.28, 4
2026/10/03 02:00:13.215, 20117, 24, 2812, 135.28, 4
2026/10/03 02:00:13.265, 20117, 24, 2812, 135.28, 4
2026/10/03 02:00:13.315, 20117, 24, 2812, 135.28, 4
2026/10/03 02:00:13.365, 20117, 24, 2812, 135.28, 4
2026/10/03 02:00:13.416, 20117, 24, 2812, 135.28, 4
2026/10/03 02:00:13.466, 20117, 24, 2812, 135.28, 4
2026/10/03 02:00:13.516, 20117, 24, 2812, 135.28, 4
2026/10/03 02:00:13.566, 20117, 24, 2805, 145.62, 4
2026/10/03 02:00:13.616, 20117, 24, 2805, 145.62, 4
2026/10/03 02:00:13.666, 20117, 24, 2805, 145.62, 4
2026/10/03 02:00:13.717, 20117, 24, 2805, 145.62, 4
2026/10/03 02:00:13.767, 20117, 24, 2805, 145.62, 4
2026/10/03 02:00:13.817, 20117, 24, 2805, 145.62, 4
2026/10/03 02:00:13.867, 20117, 24, 2805, 145.62, 4
2026/10/03 02:00:13.917, 20117, 24, 2805, 145.62, 4
2026/10/03 02:00:13.967, 20117, 24, 2805, 145.62, 4
2026/10/03 02:00:14.017, 20117, 24, 2805, 145.62, 4
2026/10/03 02:00:14.068, 20117, 20, 2805, 135.88, 4
2026/10/03 02:00:14.118, 20117, 20, 2805, 135.88, 4
2026/10/03 02:00:14.168, 20117, 20, 2805, 135.88, 4
2026/10/03 02:00:14.218, 20117, 20, 2805, 135.88, 4
2026/10/03 02:00:14.268, 20117, 20, 2805, 135.88, 4
2026/10/03 02:00:14.318, 20117, 20, 2805, 135.88, 4
2026/10/03 02:00:14.368, 20117, 20, 2805, 135.88, 4
2026/10/03 02:00:14.419, 20117, 20, 2805, 135.88, 4
2026/10/03 02:00:14.469, 20117, 20, 2805, 135.88, 4
2026/10/03 02:00:14.519, 20117, 20, 2805, 135.88, 4
2026/10/03 02:00:14.569, 20117, 20, 2797, 125.70, 4
2026/10/03 02:00:14.619, 20117, 20, 2797, 125.70, 4
2026/10/03 02:00:14.669, 20117, 20, 2797, 125.70, 4
2026/10/03 02:00:14.720, 20117, 20, 2797, 125.70, 4
2026/10/03 02:00:14.770, 20117, 20, 2797, 125.70, 4
2026/10/03 02:00:14.820, 20117, 20, 2797, 125.70, 4
2026/10/03 02:00:14.870, 20117, 20, 2797, 125.70, 4
2026/10/03 02:00:14.920, 20117, 20, 2797, 125.70, 4
2026/10/03 02:00:14.970, 20117, 20, 2797, 125.70, 4
2026/10/03 02:00:15.020, 20117, 20, 2797, 125.70, 4
2026/10/03 02:00:15.071, 20117, 18, 2805, 126.07, 4
2026/10/03 02:00:15.121, 20117, 18, 2805, 126.07, 4
2026/10/03 02:00:15.171, 20117, 18, 2805, 126.07, 4
2026/10/03 02:00:15.221, 20117, 18, 2805, 126.07, 4
2026/10/03 02:00:15.271, 20117, 18, 2805, 126.07, 4
2026/10/03 02:00:15.321, 20117, 18, 2805, 126.07, 4
2026/10/03 02:00:15.371, 20117, 18, 2805, 126.07, 4
2026/10/03 02:00:15.422, 20117, 18, 2805, 126.07, 4
2026/10/03 02:00:15.472, 20117, 18, 2805, 126.07, 4
2026/10/03 02:00:15.522, 20117, 18, 2805, 126.07, 4
2026/10/03 02:00:15.572, 20117, 18, 2790, 70.58, 4
2026/10/03 02:00:15.622, 20117, 18, 2790, 70.58, 4
2026/10/03 02:00:15.672, 20117, 18, 2790, 70.58, 4
2026/10/03 02:00:15.722, 20117, 18, 2790, 70.58, 4
2026/10/03 02:00:15.773, 20117, 18, 2790, 70.58, 4
2026/10/03 02:00:15.823, 20117, 18, 2790, 70.58, 4
2026/10/03 02:00:15.873, 20117, 18, 2790, 70.58, 4
2026/10/03 02:00:15.923, 20117, 18, 2790, 70.58, 4
2026/10/03 02:00:15.973, 20117, 18, 2790, 70.58, 4
2026/10/03 02:00:16.023, 20117, 18, 2790, 70.58, 4
2026/10/03 02:00:16.074, 20117, 0, 2647, 67.48, 4
2026/10/03 02:00:16.124, 20117, 0, 2647, 67.48, 4
2026/10/03 02:00:16.174, 20117, 0, 2647, 67.48, 4
2026/10/03 02:00:16.224, 20117, 0, 2647, 67.48, 4
2026/10/03 02:00:16.274, 20117, 0, 2647, 67.48, 4
2026/10/03 02:00:16.324, 20117, 0, 2647, 67.48, 4
2026/10/03 02:00:16.374, 20117, 0, 2647, 67.48, 4
2026/10/03 02:00:16.425, 20117, 0, 2647, 67.48, 4
2026/10/03 02:00:16.475, 20117, 0, 2647, 67.48, 4
2026/10/03 02:00:16.525, 20117, 0, 2647, 67.48, 4
2026/10/03 02:00:16.575, 20117, 0, 2655, 69.00, 4
2026/10/03 02:00:16.625, 20117, 0, 2655, 69.00, 4
2026/10/03 02:00:16.675, 20117, 0, 2655, 69.00, 4
2026/10/03 02:00:16.725, 20117, 0, 2655, 69.00, 4
2026/10/03 02:00:16.776, 20117, 0, 2655, 69.00, 4
2026/10/03 02:00:16.826, 20117, 0, 2655, 69.00, 4
2026/10/03 02:00:16.876, 20117, 0, 2655, 69.00, 4
2026/10/03 02:00:16.926, 20117, 0, 2655, 69.00, 4
2026/10/03 02:00:16.976, 20117, 0, 2655, 69.00, 4
2026/10/03 02:00:17.026, 20117, 0, 2655, 69.00, 4
2026/10/03 02:00:17.076, 20117, 0, 2655, 67.24, 4
2026/10/03 02:00:17.127, 20117, 0, 2655, 67.24, 4
2026/10/03 02:00:17.178, 20117, 0, 2655, 67.24, 4
2026/10/03 02:00:17.228, 20117, 0, 2655, 67.24, 4
2026/10/03 02:00:17.279, 20117, 0, 2655, 67.24, 4
2026/10/03 02:00:17.329, 20117, 0, 2655, 67.24, 4
2026/10/03 02:00:17.379, 20117, 0, 2655, 67.24, 4
2026/10/03 02:00:17.429, 20117, 0, 2655, 67.24, 4
2026/10/03 02:00:17.479, 20117, 0, 2655, 67.24, 4
2026/10/03 02:00:17.529, 20117, 0, 2655, 67.24, 4
2026/10/03 02:00:17.580, 20117, 0, 2655, 68.43, 4
2026/10/03 02:00:17.630, 20117, 0, 2655, 68.43, 4
2026/10/03 02:00:17.680, 20117, 0, 2655, 68.43, 4
2026/10/03 02:00:17.730, 20117, 0, 2655, 68.43, 4
2026/10/03 02:00:17.780, 20117, 0, 2655, 68.43, 4
2026/10/03 02:00:17.830, 20117, 0, 2655, 68.43, 4
2026/10/03 02:00:17.880, 20117, 0, 2655, 68.43, 4
2026/10/03 02:00:17.931, 20117, 0, 2655, 68.43, 4
2026/10/03 02:00:17.981, 20117, 0, 2655, 68.43, 4
2026/10/03 02:00:18.031, 20117, 0, 2655, 68.43, 4
2026/10/03 02:00:18.081, 20117, 0, 2647, 70.42, 4
2026/10/03 02:00:18.131, 20117, 0, 2647, 70.42, 4
2026/10/03 02:00:18.181, 20117, 0, 2647, 70.42, 4
2026/10/03 02:00:18.231, 20117, 0, 2647, 70.42, 4
2026/10/03 02:00:18.281, 20117, 0, 2647, 70.42, 4
2026/10/03 02:00:18.331, 20117, 0, 2647, 70.42, 4
2026/10/03 02:00:18.382, 20117, 0, 2647, 70.42, 4
2026/10/03 02:00:18.432, 20117, 0, 2647, 70.42, 4
2026/10/03 02:00:18.482, 20117, 0, 2647, 70.42, 4
2026/10/03 02:00:18.532, 20117, 0, 2647, 70.42, 4
2026/10/03 02:00:18.582, 20117, 0, 2647, 67.40, 4
2026/10/03 02:00:18.632, 20117, 0, 2647, 67.40, 4
2026/10/03 02:00:18.682, 20117, 0, 2647, 67.40, 4
2026/10/03 02:00:18.732, 20117, 0, 2647, 67.40, 4
2026/10/03 02:00:18.782, 20117, 0, 2647, 67.40, 4
2026/10/03 02:00:18.833, 20117, 0, 2647, 67.40, 4
2026/10/03 02:00:18.883, 20117, 0, 2647, 67.40, 4
2026/10/03 02:00:18.933, 20117, 0, 2647, 67.40, 4
2026/10/03 02:00:18.983, 20117, 0, 2647, 67.40, 4
2026/10/03 02:00:19.033, 20119, 0, 2647, 67.40, 4
2026/10/03 02:00:19.083, 20119, 0, 2647, 69.88, 4
2026/10/03 02:00:19.133, 20119, 0, 2647, 69.88, 4
2026/10/03 02:00:19.183, 20119, 0, 2647, 69.88, 4
2026/10/03 02:00:19.234, 20119, 0, 2647, 69.88, 4
2026/10/03 02:00:19.284, 20119, 0, 2647, 69.88, 4
2026/10/03 02:00:19.334, 20119, 0, 2647, 69.88, 4
2026/10/03 02:00:19.384, 20119, 0, 2647, 69.88, 4
2026/10/03 02:00:19.434, 20119, 0, 2647, 69.88, 4
2026/10/03 02:00:19.484, 20119, 0, 2647, 69.88, 4
2026/10/03 02:00:19.534, 20119, 0, 2647, 69.88, 4
2026/10/03 02:00:19.584, 20119, 0, 2647, 68.72, 4
2026/10/03 02:00:19.635, 20119, 0, 2647, 68.72, 4
2026/10/03 02:00:19.685, 20119, 0, 2647, 68.72, 4
2026/10/03 02:00:19.735, 20119, 0, 2647, 68.72, 4
2026/10/03 02:00:19.785, 20119, 0, 2647, 68.72, 4
2026/10/03 02:00:19.835, 20119, 0, 2647, 68.72, 4
2026/10/03 02:00:19.885, 20119, 0, 2647, 68.72, 4
2026/10/03 02:00:19.935, 20119, 0, 2647, 68.72, 4
2026/10/03 02:00:19.985, 20119, 0, 2647, 68.72, 4
2026/10/03 02:00:20.036, 20121, 0, 2647, 68.72, 4
2026/10/03 02:00:20.086, 20121, 0, 2647, 67.32, 4
2026/10/03 02:00:20.136, 20121, 0, 2647, 67.32, 4
2026/10/03 02:00:20.186, 20121, 0, 2647, 67.32, 4
2026/10/03 02:00:20.236, 20121, 0, 2647, 67.32, 4
2026/10/03 02:00:20.286, 20121, 0, 2647, 67.32, 4
2026/10/03 02:00:20.336, 20121, 0, 2647, 67.32, 4
2026/10/03 02:00:20.386, 20121, 0, 2647, 67.32, 4
2026/10/03 02:00:20.437, 20121, 0, 2647, 67.32, 4
2026/10/03 02:00:20.487, 20121, 0, 2647, 67.32, 4
2026/10/03 02:00:20.537, 20121, 0, 2647, 67.32, 4
2026/10/03 02:00:20.587, 20121, 0, 2647, 68.32, 4
2026/10/03 02:00:20.637, 20121, 0, 2647, 68.32, 4
2026/10/03 02:00:20.687, 20121, 0, 2647, 68.32, 4
2026/10/03 02:00:20.737, 20121, 0, 2647, 68.32, 4
2026/10/03 02:00:20.787, 20121, 0, 2647, 68.32, 4
2026/10/03 02:00:20.837, 20121, 0, 2647, 68.32, 4
2026/10/03 02:00:20.888, 20121, 0, 2647, 68.32, 4
2026/10/03 02:00:20.938, 20121, 0, 2647, 68.32, 4
2026/10/03 02:00:20.988, 20121, 0, 2647, 68.32, 4
2026/10/03 02:00:21.038, 20121, 0, 2647, 68.32, 4
2026/10/03 02:00:21.088, 20121, 5, 2647, 67.77, 4
2026/10/03 02:00:21.138, 20121, 5, 2647, 67.77, 4
2026/10/03 02:00:21.188, 20121, 5, 2647, 67.77, 4
2026/10/03 02:00:21.238, 20121, 5, 2647, 67.77, 4
2026/10/03 02:00:21.289, 20121, 5, 2647, 67.77, 4
2026/10/03 02:00:21.339, 20121, 5, 2647, 67.77, 4
2026/10/03 02:00:21.389, 20121, 5, 2647, 67.77, 4
2026/10/03 02:00:21.439, 20121, 5, 2647, 67.77, 4
2026/10/03 02:00:21.489, 20121, 5, 2647, 67.77, 4
2026/10/03 02:00:21.539, 20121, 5, 2647, 67.77, 4
2026/10/03 02:00:21.589, 20121, 5, 2647, 69.27, 4
2026/10/03 02:00:21.640, 20121, 5, 2647, 69.27, 4
2026/10/03 02:00:21.690, 20121, 5, 2647, 69.27, 4
2026/10/03 02:00:21.740, 20121, 5, 2647, 69.27, 4
2026/10/03 02:00:21.790, 20121, 5, 2647, 69.27, 4
2026/10/03 02:00:21.840, 20121, 5, 2647, 69.27, 4
2026/10/03 02:00:21.890, 20121, 5, 2647, 69.27, 4
2026/10/03 02:00:21.940, 20121, 5, 2647, 69.27, 4
2026/10/03 02:00:21.991, 20121, 5, 2647, 69.27, 4
2026/10/03 02:00:22.041, 20121, 5, 2647, 69.27, 4
2026/10/03 02:00:22.091, 20121, 0, 2647, 69.10, 4
2026/10/03 02:00:22.141, 20121, 0, 2647, 69.10, 4
2026/10/03 02:00:22.191, 20121, 0, 2647, 69.10, 4
2026/10/03 02:00:22.241, 20121, 0, 2647, 69.10, 4
2026/10/03 02:00:22.291, 20121, 0, 2647, 69.10, 4
2026/10/03 02:00:22.341, 20121, 0, 2647, 69.10, 4
2026/10/03 02:00:22.392, 20121, 0, 2647, 69.10, 4
2026/10/03 02:00:22.442, 20121, 0, 2647, 69.10, 4
2026/10/03 02:00:22.492, 20121, 0, 2647, 69.10, 4
2026/10/03 02:00:22.542, 20121, 0, 2647, 69.10, 4
2026/10/03 02:00:22.592, 20121, 0, 2647, 68.68, 4
2026/10/03 02:00:22.643, 20121, 0, 2647, 68.68, 4
2026/10/03 02:00:22.693, 20121, 0, 2647, 68.68, 4
2026/10/03 02:00:22.743, 20123, 0, 2647, 68.68, 4
2026/10/03 02:00:22.793, 20123, 0, 2647, 68.68, 4
2026/10/03 02:00:22.843, 20123, 0, 2647, 68.68, 4
2026/10/03 02:00:22.893, 20123, 0, 2647, 68.68, 4
2026/10/03 02:00:22.946, 20123, 0, 2647, 68.68, 4
2026/10/03 02:00:22.996, 20123, 0, 2647, 68.68, 4
2026/10/03 02:00:23.046, 20123, 0, 2647, 68.68, 4
2026/10/03 02:00:23.097, 20123, 0, 2655, 69.39, 4
2026/10/03 02:00:23.149, 20123, 0, 2655, 69.39, 4
2026/10/03 02:00:23.199, 20123, 0, 2655, 69.39, 4
2026/10/03 02:00:23.249, 20123, 0, 2655, 69.39, 4
2026/10/03 02:00:23.299, 20123, 0, 2655, 69.39, 4
2026/10/03 02:00:23.349, 20123, 0, 2655, 69.39, 4
2026/10/03 02:00:23.399, 20123, 0, 2655, 69.39, 4
2026/10/03 02:00:23.449, 20123, 0, 2655, 69.39, 4
2026/10/03 02:00:23.500, 20123, 0, 2655, 69.39, 4
2026/10/03 02:00:23.550, 20123, 0, 2655, 69.39, 4
2026/10/03 02:00:23.602, 20123, 0, 2647, 68.00, 4
2026/10/03 02:00:23.654, 20123, 0, 2647, 68.00, 4
2026/10/03 02:00:23.705, 20125, 0, 2647, 68.00, 4
2026/10/03 02:00:23.755, 20125, 0, 2647, 68.00, 4
2026/10/03 02:00:23.805, 20125, 0, 2647, 68.00, 4
2026/10/03 02:00:23.855, 20125, 0, 2647, 68.00, 4
2026/10/03 02:00:23.905, 20125, 0, 2647, 68.00, 4
2026/10/03 02:00:23.955, 20125, 0, 2647, 68.00, 4
2026/10/03 02:00:24.005, 20125, 0, 2647, 68.00, 4
2026/10/03 02:00:24.055, 20125, 0, 2647, 68.00, 4
2026/10/03 02:00:24.105, 20125, 0, 2655, 68.41, 4
2026/10/03 02:00:24.156, 20125, 0, 2655, 68.41, 4
2026/10/03 02:00:24.206, 20125, 0, 2655, 68.41, 4
2026/10/03 02:00:24.256, 20125, 0, 2655, 68.41, 4
2026/10/03 02:00:24.306, 20125, 0, 2655, 68.41, 4
2026/10/03 02:00:24.356, 20125, 0, 2655, 68.41, 4
2026/10/03 02:00:24.406, 20125, 0, 2655, 68.41, 4
2026/10/03 02:00:24.458, 20125, 0, 2655, 68.41, 4
2026/10/03 02:00:24.508, 20125, 0, 2655, 68.41, 4
2026/10/03 02:00:24.559, 20125, 0, 2655, 68.41, 4
2026/10/03 02:00:24.609, 20125, 0, 2655, 67.63, 4
2026/10/03 02:00:24.659, 20125, 0, 2655, 67.63, 4
2026/10/03 02:00:24.709, 20127, 0, 2655, 67.63, 4
2026/10/03 02:00:24.759, 20127, 0, 2655, 67.63, 4
2026/10/03 02:00:24.809, 20127, 0, 2655, 67.63, 4
2026/10/03 02:00:24.859, 20127, 0, 2655, 67.63, 4
2026/10/03 02:00:24.909, 20127, 0, 2655, 67.63, 4
2026/10/03 02:00:24.960, 20127, 0, 2655, 67.63, 4
2026/10/03 02:00:25.010, 20127, 0, 2655, 67.63, 4
2026/10/03 02:00:25.060, 20127, 0, 2655, 67.63, 4
2026/10/03 02:00:25.110, 20127, 0, 2655, 68.08, 4
2026/10/03 02:00:25.160, 20127, 0, 2655, 68.08, 4
2026/10/03 02:00:25.210, 20127, 0, 2655, 68.08, 4
2026/10/03 02:00:25.260, 20127, 0, 2655, 68.08, 4
2026/10/03 02:00:25.311, 20127, 0, 2655, 68.08, 4
2026/10/03 02:00:25.361, 20127, 0, 2655, 68.08, 4
2026/10/03 02:00:25.411, 20127, 0, 2655, 68.08, 4
2026/10/03 02:00:25.461, 20127, 0, 2655, 68.08, 4
2026/10/03 02:00:25.511, 20127, 0, 2655, 68.08, 4
2026/10/03 02:00:25.561, 20127, 0, 2655, 68.08, 4
2026/10/03 02:00:25.611, 20127, 0, 2647, 70.14, 4
2026/10/03 02:00:25.662, 20127, 0, 2647, 70.14, 4
2026/10/03 02:00:25.712, 20127, 0, 2647, 70.14, 4
2026/10/03 02:00:25.762, 20127, 0, 2647, 70.14, 4
2026/10/03 02:00:25.812, 20127, 0, 2647, 70.14, 4
2026/10/03 02:00:25.862, 20127, 0, 2647, 70.14, 4
2026/10/03 02:00:25.912, 20127, 0, 2647, 70.14, 4
2026/10/03 02:00:25.962, 20127, 0, 2647, 70.14, 4
2026/10/03 02:00:26.012, 20127, 0, 2647, 70.14, 4
2026/10/03 02:00:26.063, 20127, 0, 2647, 70.14, 4
2026/10/03 02:00:26.113, 20127, 0, 2647, 67.83, 4
2026/10/03 02:00:26.163, 20127, 0, 2647, 67.83, 4
2026/10/03 02:00:26.213, 20127, 0, 2647, 67.83, 4
2026/10/03 02:00:26.263, 20127, 0, 2647, 67.83, 4
2026/10/03 02:00:26.313, 20127, 0, 2647, 67.83, 4
2026/10/03 02:00:26.363, 20127, 0, 2647, 67.83, 4
2026/10/03 02:00:26.413, 20127, 0, 2647, 67.83, 4
2026/10/03 02:00:26.464, 20127, 0, 2647, 67.83, 4
2026/10/03 02:00:26.514, 20127, 0, 2647, 67.83, 4
2026/10/03 02:00:26.564, 20127, 0, 2647, 67.83, 4
2026/10/03 02:00:26.614, 20127, 0, 2647, 69.65, 4
2026/10/03 02:00:26.664, 20127, 0, 2647, 69.65, 4
2026/10/03 02:00:26.714, 20127, 0, 2647, 69.65, 4
2026/10/03 02:00:26.764, 20127, 0, 2647, 69.65, 4
2026/10/03 02:00:26.814, 20127, 0, 2647, 69.65, 4
2026/10/03 02:00:26.865, 20127, 0, 2647, 69.65, 4
2026/10/03 02:00:26.915, 20127, 0, 2647, 69.65, 4
2026/10/03 02:00:26.965, 20127, 0, 2647, 69.65, 4
2026/10/03 02:00:27.015, 20127, 0, 2647, 69.65, 4
2026/10/03 02:00:27.065, 20127, 0, 2647, 69.65, 4
2026/10/03 02:00:27.115, 20127, 0, 2655, 68.88, 4
2026/10/03 02:00:27.166, 20127, 0, 2655, 68.88, 4
2026/10/03 02:00:27.216, 20127, 0, 2655, 68.88, 4
2026/10/03 02:00:27.266, 20127, 0, 2655, 68.88, 4
2026/10/03 02:00:27.316, 20127, 0, 2655, 68.88, 4
2026/10/03 02:00:27.366, 20127, 0, 2655, 68.88, 4
2026/10/03 02:00:27.416, 20127, 0, 2655, 68.88, 4
2026/10/03 02:00:27.466, 20127, 0, 2655, 68.88, 4
2026/10/03 02:00:27.516, 20127, 0, 2655, 68.88, 4
2026/10/03 02:00:27.566, 20127, 0, 2647, 67.24, 4
2026/10/03 02:00:27.617, 20127, 0, 2647, 67.24, 4
2026/10/03 02:00:27.667, 20127, 0, 2647, 67.24, 4
2026/10/03 02:00:27.717, 20129, 0, 2647, 67.24, 4
2026/10/03 02:00:27.767, 20129, 0, 2647, 67.24, 4
2026/10/03 02:00:27.817, 20129, 0, 2647, 67.24, 4
2026/10/03 02:00:27.867, 20129, 0, 2647, 67.24, 4
2026/10/03 02:00:27.917, 20129, 0, 2647, 67.24, 4
2026/10/03 02:00:27.967, 20129, 0, 2647, 67.24, 4
2026/10/03 02:00:28.018, 20129, 0, 2647, 67.24, 4
2026/10/03 02:00:28.068, 20129, 0, 2655, 68.85, 4
2026/10/03 02:00:28.118, 20129, 0, 2655, 68.85, 4
2026/10/03 02:00:28.168, 20129, 0, 2655, 68.85, 4
2026/10/03 02:00:28.218, 20129, 0, 2655, 68.85, 4
2026/10/03 02:00:28.268, 20129, 0, 2655, 68.85, 4
2026/10/03 02:00:28.318, 20129, 0, 2655, 68.85, 4
2026/10/03 02:00:28.368, 20129, 0, 2655, 68.85, 4
2026/10/03 02:00:28.419, 20129, 0, 2655, 68.85, 4
2026/10/03 02:00:28.469, 20129, 0, 2655, 68.85, 4
2026/10/03 02:00:28.519, 20129, 0, 2655, 68.85, 4
2026/10/03 02:00:28.569, 20129, 0, 2655, 67.09, 4
2026/10/03 02:00:28.619, 20129, 0, 2655, 67.09, 4
2026/10/03 02:00:28.669, 20131, 0, 2655, 67.09, 4
2026/10/03 02:00:28.719, 20131, 0, 2655, 67.09, 4
2026/10/03 02:00:28.769, 20131, 0, 2655, 67.09, 4
2026/10/03 02:00:28.820, 20131, 0, 2655, 67.09, 4
2026/10/03 02:00:28.870, 20131, 0, 2655, 67.09, 4
2026/10/03 02:00:28.920, 20131, 0, 2655, 67.09, 4
2026/10/03 02:00:28.970, 20131, 0, 2655, 67.09, 4
2026/10/03 02:00:29.020, 20131, 0, 2655, 67.09, 4
2026/10/03 02:00:29.070, 20131, 0, 2655, 68.40, 4
2026/10/03 02:00:29.120, 20131, 0, 2655, 68.40, 4
2026/10/03 02:00:29.171, 20131, 0, 2655, 68.40, 4
2026/10/03 02:00:29.221, 20131, 0, 2655, 68.40, 4
2026/10/03 02:00:29.271, 20131, 0, 2655, 68.40, 4
2026/10/03 02:00:29.321, 20131, 0, 2655, 68.40, 4
2026/10/03 02:00:29.371, 20131, 0, 2655, 68.40, 4
2026/10/03 02:00:29.421, 20131, 0, 2655, 68.40, 4
2026/10/03 02:00:29.471, 20131, 0, 2655, 68.40, 4
2026/10/03 02:00:29.521, 20131, 0, 2655, 68.40, 4
2026/10/03 02:00:29.571, 20131, 0, 2647, 70.47, 4
2026/10/03 02:00:29.622, 20131, 0, 2647, 70.47, 4
2026/10/03 02:00:29.672, 20131, 0, 2647, 70.47, 4
2026/10/03 02:00:29.722, 20131, 0, 2647, 70.47, 4
2026/10/03 02:00:29.772, 20131, 0, 2647, 70.47, 4
2026/10/03 02:00:29.822, 20131, 0, 2647, 70.47, 4
2026/10/03 02:00:29.872, 20131, 0, 2647, 70.47, 4
2026/10/03 02:00:29.923, 20131, 0, 2647, 70.47, 4
2026/10/03 02:00:29.973, 20131, 0, 2647, 70.47, 4
2026/10/03 02:00:30.023, 20131, 0, 2647, 70.47, 4
2026/10/03 02:00:30.073, 20131, 0, 2647, 68.02, 4
2026/10/03 02:00:30.123, 20131, 0, 2647, 68.02, 4
2026/10/03 02:00:30.173, 20131, 0, 2647, 68.02, 4
2026/10/03 02:00:30.223, 20131, 0, 2647, 68.02, 4
2026/10/03 02:00:30.273, 20131, 0, 2647, 68.02, 4
2026/10/03 02:00:30.324, 20131, 0, 2647, 68.02, 4
2026/10/03 02:00:30.374, 20131, 0, 2647, 68.02, 4
2026/10/03 02:00:30.424, 20131, 0, 2647, 68.02, 4
2026/10/03 02:00:30.475, 20131, 0, 2647, 68.02, 4
2026/10/03 02:00:30.525, 20131, 0, 2647, 68.02, 4
2026/10/03 02:00:30.576, 20131, 0, 2647, 69.89, 4
2026/10/03 02:00:30.626, 20131, 0, 2647, 69.89, 4
2026/10/03 02:00:30.677, 20131, 0, 2647, 69.89, 4
2026/10/03 02:00:30.727, 20131, 0, 2647, 69.89, 4
2026/10/03 02:00:30.777, 20131, 0, 2647, 69.89, 4
2026/10/03 02:00:30.827, 20131, 0, 2647, 69.89, 4
2026/10/03 02:00:30.877, 20131, 0, 2647, 69.89, 4
2026/10/03 02:00:30.928, 20131, 0, 2647, 69.89, 4
2026/10/03 02:00:30.978, 20131, 0, 2647, 69.89, 4
2026/10/03 02:00:31.028, 20131, 0, 2647, 69.89, 4
2026/10/03 02:00:31.079, 20131, 0, 2647, 68.71, 4
2026/10/03 02:00:31.129, 20131, 0, 2647, 68.71, 4
2026/10/03 02:00:31.179, 20131, 0, 2647, 68.71, 4
2026/10/03 02:00:31.229, 20131, 0, 2647, 68.71, 4
2026/10/03 02:00:31.279, 20131, 0, 2647, 68.71, 4
2026/10/03 02:00:31.329, 20131, 0, 2647, 68.71, 4
2026/10/03 02:00:31.380, 20131, 0, 2647, 68.71, 4
2026/10/03 02:00:31.430, 20131, 0, 2647, 68.71, 4
2026/10/03 02:00:31.480, 20131, 0, 2647, 68.71, 4
2026/10/03 02:00:31.530, 20133, 0, 2647, 68.71, 4
2026/10/03 02:00:31.580, 20133, 0, 2647, 68.71, 4
2026/10/03 02:00:31.630, 20133, 0, 2647, 68.71, 4
2026/10/03 02:00:31.680, 20133, 0, 2647, 68.71, 4
2026/10/03 02:00:31.731, 20133, 0, 2647, 68.71, 4
2026/10/03 02:00:31.781, 20133, 0, 2647, 68.71, 4
2026/10/03 02:00:31.831, 20133, 0, 2647, 68.71, 4
2026/10/03 02:00:31.881, 20133, 0, 2647, 68.71, 4
2026/10/03 02:00:31.931, 20133, 0, 2647, 68.71, 4
2026/10/03 02:00:31.981, 20133, 0, 2647, 68.71, 4
2026/10/03 02:00:32.032, 20133, 0, 2647, 68.71, 4
2026/10/03 02:00:32.082, 20133, 2, 2647, 69.00, 4
2026/10/03 02:00:32.132, 20133, 2, 2647, 69.00, 4
2026/10/03 02:00:32.182, 20133, 2, 2647, 69.00, 4
2026/10/03 02:00:32.233, 20133, 2, 2647, 69.00, 4
2026/10/03 02:00:32.283, 20133, 2, 2647, 69.00, 4
2026/10/03 02:00:32.334, 20135, 2, 2647, 69.00, 4
2026/10/03 02:00:32.384, 20135, 2, 2647, 69.00, 4
2026/10/03 02:00:32.435, 20135, 2, 2647, 69.00, 4
2026/10/03 02:00:32.485, 20135, 2, 2647, 69.00, 4
2026/10/03 02:00:32.536, 20135, 2, 2647, 69.00, 4
2026/10/03 02:00:32.586, 20135, 2, 2655, 67.86, 4
2026/10/03 02:00:32.637, 20135, 2, 2655, 67.86, 4
2026/10/03 02:00:32.687, 20135, 2, 2655, 67.86, 4
2026/10/03 02:00:32.737, 20135, 2, 2655, 67.86, 4
2026/10/03 02:00:32.788, 20135, 2, 2655, 67.86, 4
2026/10/03 02:00:32.839, 20135, 2, 2655, 67.86, 4
2026/10/03 02:00:32.889, 20135, 2, 2655, 67.86, 4
2026/10/03 02:00:32.939, 20135, 2, 2655, 67.86, 4
2026/10/03 02:00:32.990, 20135, 2, 2655, 67.86, 4
2026/10/03 02:00:33.040, 20135, 2, 2655, 67.86, 4
2026/10/03 02:00:33.091, 20135, 0, 2647, 69.36, 4
2026/10/03 02:00:33.141, 20135, 0, 2647, 69.36, 4
2026/10/03 02:00:33.192, 20135, 0, 2647, 69.36, 4
2026/10/03 02:00:33.242, 20135, 0, 2647, 69.36, 4
2026/10/03 02:00:33.292, 20135, 0, 2647, 69.36, 4
2026/10/03 02:00:33.343, 20135, 0, 2647, 69.36, 4
2026/10/03 02:00:33.393, 20135, 0, 2647, 69.36, 4
2026/10/03 02:00:33.443, 20135, 0, 2647, 69.36, 4
2026/10/03 02:00:33.493, 20135, 0, 2647, 69.36, 4
2026/10/03 02:00:33.543, 20135, 0, 2647, 69.36, 4
2026/10/03 02:00:33.594, 20135, 0, 2647, 68.99, 4
2026/10/03 02:00:33.644, 20135, 0, 2647, 68.99, 4
2026/10/03 02:00:33.694, 20135, 0, 2647, 68.99, 4
2026/10/03 02:00:33.744, 20135, 0, 2647, 68.99, 4
2026/10/03 02:00:33.795, 20135, 0, 2647, 68.99, 4
2026/10/03 02:00:33.845, 20135, 0, 2647, 68.99, 4
2026/10/03 02:00:33.895, 20135, 0, 2647, 68.99, 4
2026/10/03 02:00:33.945, 20135, 0, 2647, 68.99, 4
2026/10/03 02:00:33.996, 20135, 0, 2647, 68.99, 4
2026/10/03 02:00:34.046, 20135, 0, 2647, 68.99, 4
2026/10/03 02:00:34.096, 20135, 0, 2655, 68.87, 4
2026/10/03 02:00:34.146, 20135, 0, 2655, 68.87, 4
2026/10/03 02:00:34.196, 20135, 0, 2655, 68.87, 4
2026/10/03 02:00:34.246, 20135, 0, 2655, 68.87, 4
2026/10/03 02:00:34.297, 20135, 0, 2655, 68.87, 4
2026/10/03 02:00:34.347, 20135, 0, 2655, 68.87, 4
2026/10/03 02:00:34.397, 20135, 0, 2655, 68.87, 4
2026/10/03 02:00:34.447, 20135, 0, 2655, 68.87, 4
2026/10/03 02:00:34.497, 20135, 0, 2655, 68.87, 4
2026/10/03 02:00:34.547, 20135, 0, 2655, 68.87, 4
2026/10/03 02:00:34.598, 20135, 0, 2647, 69.39, 4
2026/10/03 02:00:34.648, 20135, 0, 2647, 69.39, 4
2026/10/03 02:00:34.698, 20135, 0, 2647, 69.39, 4
2026/10/03 02:00:34.748, 20135, 0, 2647, 69.39, 4
2026/10/03 02:00:34.798, 20137, 0, 2647, 69.39, 4
2026/10/03 02:00:34.848, 20137, 0, 2647, 69.39, 4
2026/10/03 02:00:34.899, 20137, 0, 2647, 69.39, 4
2026/10/03 02:00:34.949, 20137, 0, 2647, 69.39, 4
2026/10/03 02:00:34.999, 20137, 0, 2647, 69.39, 4
2026/10/03 02:00:35.049, 20137, 0, 2647, 69.39, 4
2026/10/03 02:00:35.099, 20137, 0, 2655, 67.64, 4
2026/10/03 02:00:35.149, 20137, 0, 2655, 67.64, 4
2026/10/03 02:00:35.199, 20137, 0, 2655, 67.64, 4
2026/10/03 02:00:35.250, 20137, 0, 2655, 67.64, 4
2026/10/03 02:00:35.300, 20137, 0, 2655, 67.64, 4
2026/10/03 02:00:35.350, 20137, 0, 2655, 67.64, 4
2026/10/03 02:00:35.400, 20137, 0, 2655, 67.64, 4
2026/10/03 02:00:35.450, 20137, 0, 2655, 67.64, 4
2026/10/03 02:00:35.500, 20137, 0, 2655, 67.64, 4
2026/10/03 02:00:35.550, 20137, 0, 2655, 67.64, 4
2026/10/03 02:00:35.601, 20137, 0, 2655, 68.32, 4
2026/10/03 02:00:35.651, 20137, 0, 2655, 68.32, 4
2026/10/03 02:00:35.701, 20139, 0, 2655, 68.32, 4
2026/10/03 02:00:35.752, 20139, 0, 2655, 68.32, 4
2026/10/03 02:00:35.802, 20139, 0, 2655, 68.32, 4
2026/10/03 02:00:35.854, 20139, 0, 2655, 68.32, 4
2026/10/03 02:00:35.904, 20139, 0, 2655, 68.32, 4
2026/10/03 02:00:35.955, 20139, 0, 2655, 68.32, 4
2026/10/03 02:00:36.005, 20139, 0, 2655, 68.32, 4
2026/10/03 02:00:36.055, 20139, 0, 2655, 68.32, 4
2026/10/03 02:00:36.105, 20139, 0, 2655, 67.62, 4
2026/10/03 02:00:36.155, 20139, 0, 2655, 67.62, 4
2026/10/03 02:00:36.206, 20139, 0, 2655, 67.62, 4
2026/10/03 02:00:36.258, 20139, 0, 2655, 67.62, 4
2026/10/03 02:00:36.308, 20139, 0, 2655, 67.62, 4
2026/10/03 02:00:36.393, 20139, 0, 2655, 67.62, 4
2026/10/03 02:00:36.444, 20139, 0, 2655, 67.62, 4
2026/10/03 02:00:36.494, 20139, 0, 2655, 67.62, 4
2026/10/03 02:00:36.546, 20139, 0, 2655, 67.62, 4
2026/10/03 02:00:36.596, 20139, 0, 2647, 68.01, 4
2026/10/03 02:00:36.649, 20139, 0, 2647, 68.01, 4
2026/10/03 02:00:36.699, 20139, 0, 2647, 68.01, 4
2026/10/03 02:00:36.750, 20139, 0, 2647, 68.01, 4
2026/10/03 02:00:36.800, 20139, 0, 2647, 68.01, 4
2026/10/03 02:00:36.850, 20139, 0, 2647, 68.01, 4
2026/10/03 02:00:36.900, 20139, 0, 2647, 68.01, 4
2026/10/03 02:00:36.950, 20139, 0, 2647, 68.01, 4
2026/10/03 02:00:37.000, 20139, 0, 2647, 68.01, 4
2026/10/03 02:00:37.050, 20139, 0, 2647, 68.01, 4
2026/10/03 02:00:37.100, 20139, 0, 2647, 70.29, 4
2026/10/03 02:00:37.151, 20139, 0, 2647, 70.29, 4
2026/10/03 02:00:37.201, 20139, 0, 2647, 70.29, 4
2026/10/03 02:00:37.251, 20139, 0, 2647, 70.29, 4
2026/10/03 02:00:37.301, 20139, 0, 2647, 70.29, 4
2026/10/03 02:00:37.351, 20139, 0, 2647, 70.29, 4
2026/10/03 02:00:37.401, 20139, 0, 2647, 70.29, 4
2026/10/03 02:00:37.454, 20139, 0, 2647, 70.29, 4
2026/10/03 02:00:37.504, 20139, 0, 2647, 70.29, 4
2026/10/03 02:00:37.555, 20139, 0, 2647, 70.29, 4
2026/10/03 02:00:37.605, 20139, 0, 2655, 68.14, 4
2026/10/03 02:00:37.655, 20139, 0, 2655, 68.14, 4
2026/10/03 02:00:37.706, 20139, 0, 2655, 68.14, 4
2026/10/03 02:00:37.756, 20139, 0, 2655, 68.14, 4
2026/10/03 02:00:37.806, 20139, 0, 2655, 68.14, 4
2026/10/03 02:00:37.856, 20139, 0, 2655, 68.14, 4
2026/10/03 02:00:37.906, 20139, 0, 2655, 68.14, 4
2026/10/03 02:00:37.956, 20139, 0, 2655, 68.14, 4
2026/10/03 02:00:38.006, 20139, 0, 2655, 68.14, 4
2026/10/03 02:00:38.057, 20139, 0, 2655, 68.14, 4
2026/10/03 02:00:38.108, 20139, 0, 2647, 69.70, 4
2026/10/03 02:00:38.158, 20139, 0, 2647, 69.70, 4
2026/10/03 02:00:38.208, 20141, 0, 2647, 69.70, 4
2026/10/03 02:00:38.258, 20141, 0, 2647, 69.70, 4
2026/10/03 02:00:38.308, 20141, 0, 2647, 69.70, 4
2026/10/03 02:00:38.358, 20141, 0, 2647, 69.70, 4
2026/10/03 02:00:38.408, 20141, 0, 2647, 69.70, 4
2026/10/03 02:00:38.459, 20141, 0, 2647, 69.70, 4
2026/10/03 02:00:38.509, 20141, 0, 2647, 69.70, 4
2026/10/03 02:00:38.559, 20141, 0, 2647, 69.70, 4
2026/10/03 02:00:38.609, 20141, 0, 2655, 69.12, 4
2026/10/03 02:00:38.662, 20143, 0, 2655, 69.12, 4
2026/10/03 02:00:38.712, 20143, 0, 2655, 69.12, 4
2026/10/03 02:00:38.762, 20143, 0, 2655, 69.12, 4
2026/10/03 02:00:38.813, 20143, 0, 2655, 69.12, 4
2026/10/03 02:00:38.863, 20143, 0, 2655, 69.12, 4
2026/10/03 02:00:38.913, 20143, 0, 2655, 69.12, 4
2026/10/03 02:00:38.963, 20143, 0, 2655, 69.12, 4
2026/10/03 02:00:39.013, 20143, 0, 2655, 69.12, 4
2026/10/03 02:00:39.063, 20143, 0, 2655, 69.12, 4
2026/10/03 02:00:39.114, 20143, 0, 2655, 67.42, 4
2026/10/03 02:00:39.166, 20143, 0, 2655, 67.42, 4
2026/10/03 02:00:39.216, 20143, 0, 2655, 67.42, 4
2026/10/03 02:00:39.267, 20143, 0, 2655, 67.42, 4
2026/10/03 02:00:39.317, 20143, 0, 2655, 67.42, 4
2026/10/03 02:00:39.367, 20143, 0, 2655, 67.42, 4
2026/10/03 02:00:39.417, 20143, 0, 2655, 67.42, 4
2026/10/03 02:00:39.467, 20143, 0, 2655, 67.42, 4
2026/10/03 02:00:39.517, 20143, 0, 2655, 67.42, 4
2026/10/03 02:00:39.567, 20143, 0, 2647, 68.81, 4
2026/10/03 02:00:39.618, 20143, 0, 2647, 68.81, 4
2026/10/03 02:00:39.668, 20143, 0, 2647, 68.81, 4
2026/10/03 02:00:39.718, 20143, 0, 2647, 68.81, 4
2026/10/03 02:00:39.768, 20143, 0, 2647, 68.81, 4
2026/10/03 02:00:39.818, 20143, 0, 2647, 68.81, 4
2026/10/03 02:00:39.868, 20143, 0, 2647, 68.81, 4
2026/10/03 02:00:39.918, 20143, 0, 2647, 68.81, 4
2026/10/03 02:00:39.970, 20143, 0, 2647, 68.81, 4
2026/10/03 02:00:40.021, 20143, 0, 2647, 68.81, 4
2026/10/03 02:00:40.071, 20143, 0, 2647, 67.36, 4
2026/10/03 02:00:40.121, 20143, 0, 2647, 67.36, 4
2026/10/03 02:00:40.171, 20143, 0, 2647, 67.36, 4
2026/10/03 02:00:40.221, 20143, 0, 2647, 67.36, 4
2026/10/03 02:00:40.271, 20143, 0, 2647, 67.36, 4
2026/10/03 02:00:40.321, 20143, 0, 2647, 67.36, 4
2026/10/03 02:00:40.371, 20143, 0, 2647, 67.36, 4
2026/10/03 02:00:40.421, 20143, 0, 2647, 67.36, 4
2026/10/03 02:00:40.472, 20143, 0, 2647, 67.36, 4
2026/10/03 02:00:40.522, 20143, 0, 2647, 67.36, 4
2026/10/03 02:00:40.572, 20143, 0, 2647, 68.71, 4
2026/10/03 02:00:40.622, 20143, 0, 2647, 68.71, 4
2026/10/03 02:00:40.672, 20143, 0, 2647, 68.71, 4
2026/10/03 02:00:40.722, 20143, 0, 2647, 68.71, 4
2026/10/03 02:00:40.772, 20143, 0, 2647, 68.71, 4
2026/10/03 02:00:40.822, 20143, 0, 2647, 68.71, 4
2026/10/03 02:00:40.873, 20143, 0, 2647, 68.71, 4
2026/10/03 02:00:40.923, 20143, 0, 2647, 68.71, 4
2026/10/03 02:00:40.973, 20143, 0, 2647, 68.71, 4
2026/10/03 02:00:41.024, 20143, 0, 2647, 68.71, 4
2026/10/03 02:00:41.074, 20143, 0, 2655, 70.42, 4
2026/10/03 02:00:41.124, 20143, 0, 2655, 70.42, 4
2026/10/03 02:00:41.174, 20143, 0, 2655, 70.42, 4
2026/10/03 02:00:41.224, 20143, 0, 2655, 70.42, 4
2026/10/03 02:00:41.274, 20143, 0, 2655, 70.42, 4
2026/10/03 02:00:41.324, 20143, 0, 2655, 70.42, 4
2026/10/03 02:00:41.375, 20143, 0, 2655, 70.42, 4
2026/10/03 02:00:41.425, 20143, 0, 2655, 70.42, 4
2026/10/03 02:00:41.478, 20143, 0, 2655, 70.42, 4
2026/10/03 02:00:41.529, 20143, 0, 2655, 70.42, 4
2026/10/03 02:00:41.579, 20145, 0, 2647, 67.91, 4
2026/10/03 02:00:41.629, 20145, 0, 2647, 67.91, 4
2026/10/03 02:00:41.679, 20145, 0, 2647, 67.91, 4
2026/10/03 02:00:41.729, 20145, 0, 2647, 67.91, 4
2026/10/03 02:00:41.779, 20145, 0, 2647, 67.91, 4
2026/10/03 02:00:41.830, 20145, 0, 2647, 67.91, 4
2026/10/03 02:00:41.880, 20145, 0, 2647, 67.91, 4
2026/10/03 02:00:41.930, 20145, 0, 2647, 67.91, 4
2026/10/03 02:00:41.980, 20145, 0, 2647, 67.91, 4
2026/10/03 02:00:42.030, 20147, 0, 2647, 67.91, 4
2026/10/03 02:00:42.080, 20147, 1, 2647, 69.87, 4
2026/10/03 02:00:42.130, 20147, 1, 2647, 69.87, 4
2026/10/03 02:00:42.180, 20147, 1, 2647, 69.87, 4
2026/10/03 02:00:42.231, 20147, 1, 2647, 69.87, 4
2026/10/03 02:00:42.281, 20147, 1, 2647, 69.87, 4
2026/10/03 02:00:42.331, 20147, 1, 2647, 69.87, 4
2026/10/03 02:00:42.381, 20147, 1, 2647, 69.87, 4
2026/10/03 02:00:42.431, 20147, 1, 2647, 69.87, 4
2026/10/03 02:00:42.481, 20147, 1, 2647, 69.87, 4
2026/10/03 02:00:42.531, 20147, 1, 2647, 69.87, 4
2026/10/03 02:00:42.582, 20147, 1, 2647, 68.93, 4
2026/10/03 02:00:42.632, 20147, 1, 2647, 68.93, 4
2026/10/03 02:00:42.682, 20147, 1, 2647, 68.93, 4
2026/10/03 02:00:42.732, 20147, 1, 2647, 68.93, 4
2026/10/03 02:00:42.782, 20147, 1, 2647, 68.93, 4
2026/10/03 02:00:42.832, 20147, 1, 2647, 68.93, 4
2026/10/03 02:00:42.883, 20147, 1, 2647, 68.93, 4
2026/10/03 02:00:42.933, 20147, 1, 2647, 68.93, 4
2026/10/03 02:00:42.983, 20147, 1, 2647, 68.93, 4
2026/10/03 02:00:43.034, 20147, 1, 2647, 68.93, 4
2026/10/03 02:00:43.084, 20147, 0, 2647, 68.33, 4
2026/10/03 02:00:43.135, 20147, 0, 2647, 68.33, 4
2026/10/03 02:00:43.185, 20147, 0, 2647, 68.33, 4
2026/10/03 02:00:43.235, 20147, 0, 2647, 68.33, 4
2026/10/03 02:00:43.285, 20147, 0, 2647, 68.33, 4
2026/10/03 02:00:43.335, 20147, 0, 2647, 68.33, 4
2026/10/03 02:00:43.390, 20147, 0, 2647, 68.33, 4
2026/10/03 02:00:43.440, 20147, 0, 2647, 68.33, 4
2026/10/03 02:00:43.491, 20147, 0, 2647, 68.33, 4
2026/10/03 02:00:43.541, 20147, 0, 2647, 68.33, 4
2026/10/03 02:00:43.592, 20147, 0, 2647, 68.52, 4
2026/10/03 02:00:43.642, 20147, 0, 2647, 68.52, 4
2026/10/03 02:00:43.693, 20147, 0, 2647, 68.52, 4
2026/10/03 02:00:43.743, 20147, 0, 2647, 68.52, 4
2026/10/03 02:00:43.793, 20147, 0, 2647, 68.52, 4
2026/10/03 02:00:43.844, 20147, 0, 2647, 68.52, 4
2026/10/03 02:00:43.894, 20147, 0, 2647, 68.52, 4
2026/10/03 02:00:43.945, 20147, 0, 2647, 68.52, 4
2026/10/03 02:00:43.995, 20149, 0, 2647, 68.52, 4
2026/10/03 02:00:44.045, 20149, 0, 2647, 68.52, 4
2026/10/03 02:00:44.095, 20149, 3, 2647, 68.65, 4
2026/10/03 02:00:44.145, 20149, 3, 2647, 68.65, 4
2026/10/03 02:00:44.195, 20149, 3, 2647, 68.65, 4
2026/10/03 02:00:44.245, 20149, 3, 2647, 68.65, 4
2026/10/03 02:00:44.296, 20149, 3, 2647, 68.65, 4
2026/10/03 02:00:44.346, 20149, 3, 2647, 68.65, 4
2026/10/03 02:00:44.396, 20149, 3, 2647, 68.65, 4
2026/10/03 02:00:44.446, 20149, 3, 2647, 68.65, 4
2026/10/03 02:00:44.496, 20149, 3, 2647, 68.65, 4
2026/10/03 02:00:44.546, 20149, 3, 2647, 68.65, 4
2026/10/03 02:00:44.597, 20149, 3, 2647, 69.71, 4
2026/10/03 02:00:44.647, 20149, 3, 2647, 69.71, 4
2026/10/03 02:00:44.697, 20149, 3, 2647, 69.71, 4
2026/10/03 02:00:44.747, 20149, 3, 2647, 69.71, 4
2026/10/03 02:00:44.797, 20149, 3, 2647, 69.71, 4
2026/10/03 02:00:44.847, 20149, 3, 2647, 69.71, 4
2026/10/03 02:00:44.898, 20149, 3, 2647, 69.71, 4
2026/10/03 02:00:44.948, 20149, 3, 2647, 69.71, 4
2026/10/03 02:00:44.998, 20149, 3, 2647, 69.71, 4
2026/10/03 02:00:45.048, 20149, 3, 2647, 69.71, 4
2026/10/03 02:00:45.098, 20149, 0, 2655, 68.91, 4
2026/10/03 02:00:45.148, 20149, 0, 2655, 68.91, 4
2026/10/03 02:00:45.198, 20149, 0, 2655, 68.91, 4
2026/10/03 02:00:45.249, 20149, 0, 2655, 68.91, 4
2026/10/03 02:00:45.299, 20151, 0, 2655, 68.91, 4
2026/10/03 02:00:45.349, 20151, 0, 2655, 68.91, 4
2026/10/03 02:00:45.399, 20151, 0, 2655, 68.91, 4
2026/10/03 02:00:45.449, 20151, 0, 2655, 68.91, 4
2026/10/03 02:00:45.499, 20151, 0, 2655, 68.91, 4
2026/10/03 02:00:45.549, 20151, 0, 2655, 68.91, 4
2026/10/03 02:00:45.600, 20151, 0, 2655, 69.08, 4
2026/10/03 02:00:45.650, 20151, 0, 2655, 69.08, 4
2026/10/03 02:00:45.700, 20151, 0, 2655, 69.08, 4
2026/10/03 02:00:45.750, 20151, 0, 2655, 69.08, 4
2026/10/03 02:00:45.800, 20151, 0, 2655, 69.08, 4
2026/10/03 02:00:45.850, 20151, 0, 2655, 69.08, 4
2026/10/03 02:00:45.901, 20151, 0, 2655, 69.08, 4
2026/10/03 02:00:45.951, 20151, 0, 2655, 69.08, 4
2026/10/03 02:00:46.001, 20151, 0, 2655, 69.08, 4
2026/10/03 02:00:46.051, 20151, 0, 2655, 69.08, 4
2026/10/03 02:00:46.101, 20151, 0, 2655, 69.25, 4
2026/10/03 02:00:46.151, 20151, 0, 2655, 69.25, 4
2026/10/03 02:00:46.202, 20151, 0, 2655, 69.25, 4
2026/10/03 02:00:46.252, 20151, 0, 2655, 69.25, 4
2026/10/03 02:00:46.302, 20151, 0, 2655, 69.25, 4
2026/10/03 02:00:46.352, 20151, 0, 2655, 69.25, 4
2026/10/03 02:00:46.402, 20151, 0, 2655, 69.25, 4
2026/10/03 02:00:46.452, 20151, 0, 2655, 69.25, 4
2026/10/03 02:00:46.502, 20151, 0, 2655, 69.25, 4
2026/10/03 02:00:46.553, 20151, 0, 2655, 69.25, 4
2026/10/03 02:00:46.603, 20151, 0, 2647, 67.73, 4
2026/10/03 02:00:46.653, 20151, 0, 2647, 67.73, 4
2026/10/03 02:00:46.703, 20151, 0, 2647, 67.73, 4
2026/10/03 02:00:46.753, 20151, 0, 2647, 67.73, 4
2026/10/03 02:00:46.803, 20151, 0, 2647, 67.73, 4
2026/10/03 02:00:46.853, 20151, 0, 2647, 67.73, 4
2026/10/03 02:00:46.904, 20151, 0, 2647, 67.73, 4
2026/10/03 02:00:46.954, 20151, 0, 2647, 67.73, 4
2026/10/03 02:00:47.004, 20151, 0, 2647, 67.73, 4
2026/10/03 02:00:47.054, 20151, 0, 2647, 67.73, 4
2026/10/03 02:00:47.104, 20151, 0, 2647, 68.46, 4
2026/10/03 02:00:47.154, 20151, 0, 2647, 68.46, 4
2026/10/03 02:00:47.204, 20151, 0, 2647, 68.46, 4
2026/10/03 02:00:47.254, 20151, 0, 2647, 68.46, 4
2026/10/03 02:00:47.305, 20153, 0, 2647, 68.46, 4
2026/10/03 02:00:47.355, 20153, 0, 2647, 68.46, 4
2026/10/03 02:00:47.405, 20153, 0, 2647, 68.46, 4
2026/10/03 02:00:47.455, 20153, 0, 2647, 68.46, 4
2026/10/03 02:00:47.505, 20153, 0, 2647, 68.46, 4
2026/10/03 02:00:47.555, 20153, 0, 2647, 68.46, 4
2026/10/03 02:00:47.605, 20153, 0, 2655, 67.27, 4
2026/10/03 02:00:47.656, 20153, 0, 2655, 67.27, 4
2026/10/03 02:00:47.706, 20153, 0, 2655, 67.27, 4
2026/10/03 02:00:47.756, 20153, 0, 2655, 67.27, 4
2026/10/03 02:00:47.806, 20153, 0, 2655, 67.27, 4
2026/10/03 02:00:47.864, 20153, 0, 2655, 67.27, 4
2026/10/03 02:00:47.934, 20153, 0, 2655, 67.27, 4
2026/10/03 02:00:47.985, 20153, 0, 2655, 67.27, 4
2026/10/03 02:00:48.037, 20153, 0, 2655, 67.27, 4
2026/10/03 02:00:48.087, 20153, 0, 2647, 67.90, 4
2026/10/03 02:00:48.137, 20153, 0, 2647, 67.90, 4
2026/10/03 02:00:48.188, 20153, 0, 2647, 67.90, 4
2026/10/03 02:00:48.238, 20153, 0, 2647, 67.90, 4
2026/10/03 02:00:48.288, 20153, 0, 2647, 67.90, 4
2026/10/03 02:00:48.338, 20153, 0, 2647, 67.90, 4
2026/10/03 02:00:48.388, 20153, 0, 2647, 67.90, 4
2026/10/03 02:00:48.438, 20153, 0, 2647, 67.90, 4
2026/10/03 02:00:48.488, 20153, 0, 2647, 67.90, 4
2026/10/03 02:00:48.539, 20153, 0, 2647, 67.90, 4
2026/10/03 02:00:48.589, 20155, 0, 2655, 70.28, 4
2026/10/03 02:00:48.639, 20155, 0, 2655, 70.28, 4
2026/10/03 02:00:48.689, 20155, 0, 2655, 70.28, 4
2026/10/03 02:00:48.739, 20155, 0, 2655, 70.28, 4
2026/10/03 02:00:48.790, 20155, 0, 2655, 70.28, 4
2026/10/03 02:00:48.840, 20155, 0, 2655, 70.28, 4
2026/10/03 02:00:48.890, 20155, 0, 2655, 70.28, 4
2026/10/03 02:00:48.940, 20155, 0, 2655, 70.28, 4
2026/10/03 02:00:48.990, 20155, 0, 2655, 70.28, 4
2026/10/03 02:00:49.042, 20155, 0, 2655, 70.28, 4
2026/10/03 02:00:49.092, 20155, 0, 2647, 67.42, 4
2026/10/03 02:00:49.143, 20155, 0, 2647, 67.42, 4
2026/10/03 02:00:49.193, 20155, 0, 2647, 67.42, 4
2026/10/03 02:00:49.243, 20155, 0, 2647, 67.42, 4
2026/10/03 02:00:49.293, 20155, 0, 2647, 67.42, 4
2026/10/03 02:00:49.343, 20155, 0, 2647, 67.42, 4
2026/10/03 02:00:49.394, 20155, 0, 2647, 67.42, 4
2026/10/03 02:00:49.444, 20155, 0, 2647, 67.42, 4
2026/10/03 02:00:49.495, 20155, 0, 2647, 67.42, 4
2026/10/03 02:00:49.545, 20155, 0, 2647, 67.42, 4
2026/10/03 02:00:49.595, 20155, 0, 2647, 69.58, 4
2026/10/03 02:00:49.645, 20155, 0, 2647, 69.58, 4
2026/10/03 02:00:49.709, 20155, 0, 2647, 69.58, 4
2026/10/03 02:00:49.760, 20155, 0, 2647, 69.58, 4
2026/10/03 02:00:49.811, 20155, 0, 2647, 69.58, 4
2026/10/03 02:00:49.861, 20155, 0, 2647, 69.58, 4
2026/10/03 02:00:49.912, 20155, 0, 2647, 69.58, 4
2026/10/03 02:00:49.962, 20155, 0, 2647, 69.58, 4
2026/10/03 02:00:50.012, 20155, 0, 2647, 69.58, 4
2026/10/03 02:00:50.063, 20155, 0, 2647, 69.58, 4
2026/10/03 02:00:50.113, 20155, 0, 2647, 68.51, 4
2026/10/03 02:00:50.163, 20155, 0, 2647, 68.51, 4
2026/10/03 02:00:50.213, 20155, 0, 2647, 68.51, 4
2026/10/03 02:00:50.263, 20155, 0, 2647, 68.51, 4
2026/10/03 02:00:50.313, 20155, 0, 2647, 68.51, 4
2026/10/03 02:00:50.363, 20155, 0, 2647, 68.51, 4
2026/10/03 02:00:50.414, 20155, 0, 2647, 68.51, 4
2026/10/03 02:00:50.464, 20155, 0, 2647, 68.51, 4
2026/10/03 02:00:50.514, 20157, 0, 2647, 68.51, 4
2026/10/03 02:00:50.564, 20157, 0, 2647, 68.51, 4
2026/10/03 02:00:50.614, 20157, 0, 2647, 67.03, 4
2026/10/03 02:00:50.664, 20157, 0, 2647, 67.03, 4
2026/10/03 02:00:50.715, 20157, 0, 2647, 67.03, 4
2026/10/03 02:00:50.765, 20157, 0, 2647, 67.03, 4
2026/10/03 02:00:50.815, 20157, 0, 2647, 67.03, 4
2026/10/03 02:00:50.865, 20157, 0, 2647, 67.03, 4
2026/10/03 02:00:50.915, 20157, 0, 2647, 67.03, 4
2026/10/03 02:00:50.966, 20157, 0, 2647, 67.03, 4
2026/10/03 02:00:51.016, 20157, 0, 2647, 67.03, 4
2026/10/03 02:00:51.066, 20157, 0, 2647, 67.03, 4
2026/10/03 02:00:51.116, 20157, 0, 2647, 68.23, 4
2026/10/03 02:00:51.166, 20157, 0, 2647, 68.23, 4
2026/10/03 02:00:51.216, 20157, 0, 2647, 68.23, 4
2026/10/03 02:00:51.267, 20157, 0, 2647, 68.23, 4
2026/10/03 02:00:51.317, 20157, 0, 2647, 68.23, 4
2026/10/03 02:00:51.367, 20159, 0, 2647, 68.23, 4
2026/10/03 02:00:51.417, 20159, 0, 2647, 68.23, 4
2026/10/03 02:00:51.467, 20159, 0, 2647, 68.23, 4
2026/10/03 02:00:51.517, 20159, 0, 2647, 68.23, 4
2026/10/03 02:00:51.567, 20159, 0, 2655, 66.94, 4
2026/10/03 02:00:51.618, 20159, 0, 2655, 66.94, 4
2026/10/03 02:00:51.668, 20159, 0, 2655, 66.94, 4
2026/10/03 02:00:51.718, 20159, 0, 2655, 66.94, 4
2026/10/03 02:00:51.768, 20159, 0, 2655, 66.94, 4
2026/10/03 02:00:51.818, 20159, 0, 2655, 66.94, 4
2026/10/03 02:00:51.868, 20159, 0, 2655, 66.94, 4
2026/10/03 02:00:51.918, 20159, 0, 2655, 66.94, 4
2026/10/03 02:00:51.969, 20159, 0, 2655, 66.94, 4
2026/10/03 02:00:52.019, 20159, 0, 2655, 66.94, 4
2026/10/03 02:00:52.069, 20159, 0, 2655, 68.63, 4
2026/10/03 02:00:52.119, 20159, 0, 2655, 68.63, 4
2026/10/03 02:00:52.169, 20159, 0, 2655, 68.63, 4
2026/10/03 02:00:52.219, 20159, 0, 2655, 68.63, 4
2026/10/03 02:00:52.269, 20159, 0, 2655, 68.63, 4
2026/10/03 02:00:52.320, 20159, 0, 2655, 68.63, 4
2026/10/03 02:00:52.370, 20159, 0, 2655, 68.63, 4
2026/10/03 02:00:52.420, 20159, 0, 2655, 68.63, 4
2026/10/03 02:00:52.470, 20159, 0, 2655, 68.63, 4
2026/10/03 02:00:52.520, 20159, 0, 2655, 68.63, 4
2026/10/03 02:00:52.570, 20159, 0, 2655, 69.78, 4
2026/10/03 02:00:52.620, 20159, 0, 2655, 69.78, 4
2026/10/03 02:00:52.671, 20159, 0, 2655, 69.78, 4
2026/10/03 02:00:52.721, 20159, 0, 2655, 69.78, 4
2026/10/03 02:00:52.771, 20159, 0, 2655, 69.78, 4
2026/10/03 02:00:52.821, 20159, 0, 2655, 69.78, 4
2026/10/03 02:00:52.872, 20159, 0, 2655, 69.78, 4
2026/10/03 02:00:52.922, 20159, 0, 2655, 69.78, 4
2026/10/03 02:00:52.972, 20159, 0, 2655, 69.78, 4
2026/10/03 02:00:53.022, 20159, 0, 2655, 69.78, 4
2026/10/03 02:00:53.072, 20159, 0, 2647, 68.08, 4
2026/10/03 02:00:53.122, 20159, 0, 2647, 68.08, 4
2026/10/03 02:00:53.172, 20159, 0, 2647, 68.08, 4
2026/10/03 02:00:53.223, 20159, 0, 2647, 68.08, 4
2026/10/03 02:00:53.273, 20159, 0, 2647, 68.08, 4
2026/10/03 02:00:53.323, 20159, 0, 2647, 68.08, 4
2026/10/03 02:00:53.373, 20159, 0, 2647, 68.08, 4
2026/10/03 02:00:53.423, 20159, 0, 2647, 68.08, 4
2026/10/03 02:00:53.473, 20159, 0, 2647, 68.08, 4
2026/10/03 02:00:53.524, 20159, 0, 2647, 68.08, 4
2026/10/03 02:00:53.575, 20161, 0, 2647, 69.32, 4
2026/10/03 02:00:53.625, 20161, 0, 2647, 69.32, 4
2026/10/03 02:00:53.675, 20161, 0, 2647, 69.32, 4
2026/10/03 02:00:53.725, 20161, 0, 2647, 69.32, 4
2026/10/03 02:00:53.775, 20161, 0, 2647, 69.32, 4
2026/10/03 02:00:53.825, 20161, 0, 2647, 69.32, 4
2026/10/03 02:00:53.875, 20161, 0, 2647, 69.32, 4
2026/10/03 02:00:53.926, 20161, 0, 2647, 69.32, 4
2026/10/03 02:00:53.976, 20161, 0, 2647, 69.32, 4
2026/10/03 02:00:54.027, 20161, 0, 2647, 69.32, 4
2026/10/03 02:00:54.077, 20161, 0, 2647, 68.36, 4
2026/10/03 02:00:54.127, 20161, 0, 2647, 68.36, 4
2026/10/03 02:00:54.177, 20161, 0, 2647, 68.36, 4
2026/10/03 02:00:54.227, 20161, 0, 2647, 68.36, 4
2026/10/03 02:00:54.277, 20161, 0, 2647, 68.36, 4
2026/10/03 02:00:54.327, 20161, 0, 2647, 68.36, 4
2026/10/03 02:00:54.378, 20163, 0, 2647, 68.36, 4
2026/10/03 02:00:54.428, 20163, 0, 2647, 68.36, 4
2026/10/03 02:00:54.478, 20163, 0, 2647, 68.36, 4
2026/10/03 02:00:54.528, 20163, 0, 2647, 68.36, 4
2026/10/03 02:00:54.578, 20163, 0, 2655, 67.75, 4
2026/10/03 02:00:54.628, 20163, 0, 2655, 67.75, 4
2026/10/03 02:00:54.678, 20163, 0, 2655, 67.75, 4
2026/10/03 02:00:54.729, 20163, 0, 2655, 67.75, 4
2026/10/03 02:00:54.779, 20163, 0, 2655, 67.75, 4
2026/10/03 02:00:54.829, 20163, 0, 2655, 67.75, 4
2026/10/03 02:00:54.879, 20163, 0, 2655, 67.75, 4
2026/10/03 02:00:54.929, 20163, 0, 2655, 67.75, 4
2026/10/03 02:00:54.980, 20163, 0, 2655, 67.75, 4
2026/10/03 02:00:55.030, 20163, 0, 2655, 67.75, 4
2026/10/03 02:00:55.080, 20163, 0, 2655, 68.14, 4
2026/10/03 02:00:55.130, 20163, 0, 2655, 68.14, 4
2026/10/03 02:00:55.180, 20163, 0, 2655, 68.14, 4
2026/10/03 02:00:55.230, 20163, 0, 2655, 68.14, 4
2026/10/03 02:00:55.281, 20163, 0, 2655, 68.14, 4
2026/10/03 02:00:55.331, 20163, 0, 2655, 68.14, 4
2026/10/03 02:00:55.381, 20163, 0, 2655, 68.14, 4
2026/10/03 02:00:55.431, 20163, 0, 2655, 68.14, 4
2026/10/03 02:00:55.481, 20163, 0, 2655, 68.14, 4
2026/10/03 02:00:55.531, 20163, 0, 2655, 68.14, 4
2026/10/03 02:00:55.581, 20163, 0, 2655, 67.77, 4
2026/10/03 02:00:55.632, 20163, 0, 2655, 67.77, 4
2026/10/03 02:00:55.682, 20163, 0, 2655, 67.77, 4
2026/10/03 02:00:55.732, 20163, 0, 2655, 67.77, 4
2026/10/03 02:00:55.782, 20163, 0, 2655, 67.77, 4
2026/10/03 02:00:55.832, 20163, 0, 2655, 67.77, 4
2026/10/03 02:00:55.883, 20163, 0, 2655, 67.77, 4
2026/10/03 02:00:55.933, 20163, 0, 2655, 67.77, 4
2026/10/03 02:00:55.983, 20163, 0, 2655, 67.77, 4
2026/10/03 02:00:56.033, 20163, 0, 2655, 67.77, 4
2026/10/03 02:00:56.083, 20163, 0, 2647, 69.49, 4
2026/10/03 02:00:56.133, 20163, 0, 2647, 69.49, 4
2026/10/03 02:00:56.183, 20163, 0, 2647, 69.49, 4
2026/10/03 02:00:56.234, 20163, 0, 2647, 69.49, 4
2026/10/03 02:00:56.284, 20163, 0, 2647, 69.49, 4
2026/10/03 02:00:56.334, 20163, 0, 2647, 69.49, 4
2026/10/03 02:00:56.384, 20163, 0, 2647, 69.49, 4
2026/10/03 02:00:56.434, 20163, 0, 2647, 69.49, 4
2026/10/03 02:00:56.484, 20163, 0, 2647, 69.49, 4
2026/10/03 02:00:56.534, 20163, 0, 2647, 69.49, 4
2026/10/03 02:00:56.585, 20163, 0, 2647, 68.38, 4
2026/10/03 02:00:56.635, 20165, 0, 2647, 68.38, 4
2026/10/03 02:00:56.685, 20165, 0, 2647, 68.38, 4
2026/10/03 02:00:56.735, 20165, 0, 2647, 68.38, 4
2026/10/03 02:00:56.785, 20165, 0, 2647, 68.38, 4
2026/10/03 02:00:56.835, 20165, 0, 2647, 68.38, 4
2026/10/03 02:00:56.886, 20165, 0, 2647, 68.38, 4
2026/10/03 02:00:56.936, 20165, 0, 2647, 68.38, 4
2026/10/03 02:00:56.986, 20165, 0, 2647, 68.38, 4
2026/10/03 02:00:57.036, 20165, 0, 2647, 68.38, 4
2026/10/03 02:00:57.086, 20165, 0, 2655, 68.82, 4
2026/10/03 02:00:57.136, 20165, 0, 2655, 68.82, 4
2026/10/03 02:00:57.186, 20165, 0, 2655, 68.82, 4
2026/10/03 02:00:57.237, 20165, 0, 2655, 68.82, 4
2026/10/03 02:00:57.287, 20165, 0, 2655, 68.82, 4
2026/10/03 02:00:57.337, 20165, 0, 2655, 68.82, 4
2026/10/03 02:00:57.387, 20165, 0, 2655, 68.82, 4
2026/10/03 02:00:57.437, 20167, 0, 2655, 68.82, 4
2026/10/03 02:00:57.487, 20167, 0, 2655, 68.82, 4
2026/10/03 02:00:57.538, 20167, 0, 2655, 68.82, 4
2026/10/03 02:00:57.588, 20167, 0, 2647, 69.73, 4
2026/10/03 02:00:57.638, 20167, 0, 2647, 69.73, 4
2026/10/03 02:00:57.688, 20167, 0, 2647, 69.73, 4
2026/10/03 02:00:57.738, 20167, 0, 2647, 69.73, 4
2026/10/03 02:00:57.788, 20167, 0, 2647, 69.73, 4
2026/10/03 02:00:57.838, 20167, 0, 2647, 69.73, 4
2026/10/03 02:00:57.888, 20167, 0, 2647, 69.73, 4
2026/10/03 02:00:57.939, 20167, 0, 2647, 69.73, 4
2026/10/03 02:00:57.989, 20167, 0, 2647, 69.73, 4
2026/10/03 02:00:58.039, 20167, 0, 2647, 69.73, 4
2026/10/03 02:00:58.089, 20167, 0, 2655, 67.72, 4
2026/10/03 02:00:58.139, 20167, 0, 2655, 67.72, 4
2026/10/03 02:00:58.189, 20167, 0, 2655, 67.72, 4
2026/10/03 02:00:58.239, 20167, 0, 2655, 67.72, 4
2026/10/03 02:00:58.290, 20167, 0, 2655, 67.72, 4
2026/10/03 02:00:58.340, 20167, 0, 2655, 67.72, 4
2026/10/03 02:00:58.390, 20167, 0, 2655, 67.72, 4
2026/10/03 02:00:58.440, 20167, 0, 2655, 67.72, 4
2026/10/03 02:00:58.490, 20167, 0, 2655, 67.72, 4
2026/10/03 02:00:58.540, 20167, 0, 2655, 67.72, 4
2026/10/03 02:00:58.591, 20167, 0, 2655, 68.83, 4
2026/10/03 02:00:58.641, 20167, 0, 2655, 68.83, 4
2026/10/03 02:00:58.691, 20167, 0, 2655, 68.83, 4
2026/10/03 02:00:58.741, 20167, 0, 2655, 68.83, 4
2026/10/03 02:00:58.791, 20167, 0, 2655, 68.83, 4
2026/10/03 02:00:58.841, 20167, 0, 2655, 68.83, 4
2026/10/03 02:00:58.892, 20167, 0, 2655, 68.83, 4
2026/10/03 02:00:58.942, 20167, 0, 2655, 68.83, 4
2026/10/03 02:00:58.992, 20167, 0, 2655, 68.83, 4
2026/10/03 02:00:59.042, 20167, 0, 2655, 68.83, 4
2026/10/03 02:00:59.092, 20167, 0, 2647, 67.36, 4
2026/10/03 02:00:59.142, 20167, 0, 2647, 67.36, 4
2026/10/03 02:00:59.193, 20167, 0, 2647, 67.36, 4
2026/10/03 02:00:59.243, 20167, 0, 2647, 67.36, 4
2026/10/03 02:00:59.293, 20167, 0, 2647, 67.36, 4
2026/10/03 02:00:59.343, 20167, 0, 2647, 67.36, 4
2026/10/03 02:00:59.393, 20167, 0, 2647, 67.36, 4
2026/10/03 02:00:59.443, 20167, 0, 2647, 67.36, 4
2026/10/03 02:00:59.494, 20167, 0, 2647, 67.36, 4
2026/10/03 02:00:59.544, 20167, 0, 2647, 67.36, 4
2026/10/03 02:00:59.594, 20167, 0, 2647, 67.84, 4
2026/10/03 02:00:59.644, 20167, 0, 2647, 67.84, 4
2026/10/03 02:00:59.694, 20167, 0, 2647, 67.84, 4
2026/10/03 02:00:59.744, 20167, 0, 2647, 67.84, 4
2026/10/03 02:00:59.794, 20167, 0, 2647, 67.84, 4
2026/10/03 02:00:59.845, 20167, 0, 2647, 67.84, 4
2026/10/03 02:00:59.895, 20167, 0, 2647, 67.84, 4
2026/10/03 02:00:59.945, 20169, 0, 2647, 67.84, 4
2026/10/03 02:00:59.995, 20169, 0, 2647, 67.84, 4
2026/10/03 02:01:00.045, 20169, 0, 2647, 67.84, 4
2026/10/03 02:01:00.095, 20169, 4, 2647, 71.44, 4
2026/10/03 02:01:00.145, 20169, 4, 2647, 71.44, 4
2026/10/03 02:01:00.196, 20169, 4, 2647, 71.44, 4
2026/10/03 02:01:00.246, 20169, 4, 2647, 71.44, 4
2026/10/03 02:01:00.296, 20169, 4, 2647, 71.44, 4
2026/10/03 02:01:00.346, 20169, 4, 2647, 71.44, 4
2026/10/03 02:01:00.396, 20169, 4, 2647, 71.44, 4
2026/10/03 02:01:00.446, 20169, 4, 2647, 71.44, 4
2026/10/03 02:01:00.496, 20169, 4, 2647, 71.44, 4
2026/10/03 02:01:00.547, 20169, 4, 2647, 71.44, 4
2026/10/03 02:01:00.597, 20169, 4, 2647, 67.30, 4
2026/10/03 02:01:00.647, 20169, 4, 2647, 67.30, 4
2026/10/03 02:01:00.697, 20169, 4, 2647, 67.30, 4
2026/10/03 02:01:00.747, 20169, 4, 2647, 67.30, 4
2026/10/03 02:01:00.797, 20169, 4, 2647, 67.30, 4
2026/10/03 02:01:00.847, 20171, 4, 2647, 67.30, 4
2026/10/03 02:01:00.898, 20171, 4, 2647, 67.30, 4
2026/10/03 02:01:00.948, 20171, 4, 2647, 67.30, 4
2026/10/03 02:01:00.998, 20171, 4, 2647, 67.30, 4
2026/10/03 02:01:01.048, 20171, 4, 2647, 67.30, 4
2026/10/03 02:01:01.098, 20171, 0, 2655, 70.11, 4
2026/10/03 02:01:01.148, 20171, 0, 2655, 70.11, 4
2026/10/03 02:01:01.198, 20171, 0, 2655, 70.11, 4
2026/10/03 02:01:01.248, 20171, 0, 2655, 70.11, 4
2026/10/03 02:01:01.299, 20171, 0, 2655, 70.11, 4
2026/10/03 02:01:01.349, 20171, 0, 2655, 70.11, 4
2026/10/03 02:01:01.399, 20171, 0, 2655, 70.11, 4
2026/10/03 02:01:01.449, 20171, 0, 2655, 70.11, 4
2026/10/03 02:01:01.499, 20171, 0, 2655, 70.11, 4
2026/10/03 02:01:01.549, 20171, 0, 2655, 70.11, 4
2026/10/03 02:01:01.599, 20171, 0, 2655, 68.59, 4
2026/10/03 02:01:01.650, 20171, 0, 2655, 68.59, 4
2026/10/03 02:01:01.700, 20171, 0, 2655, 68.59, 4
2026/10/03 02:01:01.750, 20173, 0, 2655, 68.59, 4
2026/10/03 02:01:01.800, 20173, 0, 2655, 68.59, 4
2026/10/03 02:01:01.850, 20173, 0, 2655, 68.59, 4
2026/10/03 02:01:01.900, 20173, 0, 2655, 68.59, 4
2026/10/03 02:01:01.951, 20173, 0, 2655, 68.59, 4
2026/10/03 02:01:02.001, 20173, 0, 2655, 68.59, 4
2026/10/03 02:01:02.051, 20173, 0, 2655, 68.59, 4
2026/10/03 02:01:02.101, 20173, 0, 2655, 67.00, 4
2026/10/03 02:01:02.151, 20173, 0, 2655, 67.00, 4
2026/10/03 02:01:02.201, 20173, 0, 2655, 67.00, 4
2026/10/03 02:01:02.252, 20173, 0, 2655, 67.00, 4
2026/10/03 02:01:02.302, 20173, 0, 2655, 67.00, 4
2026/10/03 02:01:02.353, 20173, 0, 2655, 67.00, 4
2026/10/03 02:01:02.403, 20173, 0, 2655, 67.00, 4
2026/10/03 02:01:02.453, 20173, 0, 2655, 67.00, 4
2026/10/03 02:01:02.504, 20173, 0, 2655, 67.00, 4
2026/10/03 02:01:02.554, 20173, 0, 2655, 67.00, 4
2026/10/03 02:01:02.604, 20173, 0, 2647, 68.31, 4
2026/10/03 02:01:02.654, 20173, 0, 2647, 68.31, 4
2026/10/03 02:01:02.705, 20173, 0, 2647, 68.31, 4
2026/10/03 02:01:02.755, 20173, 0, 2647, 68.31, 4
2026/10/03 02:01:02.805, 20173, 0, 2647, 68.31, 4
2026/10/03 02:01:02.855, 20173, 0, 2647, 68.31, 4
2026/10/03 02:01:02.905, 20173, 0, 2647, 68.31, 4
2026/10/03 02:01:02.955, 20173, 0, 2647, 68.31, 4
2026/10/03 02:01:03.005, 20173, 0, 2647, 68.31, 4
2026/10/03 02:01:03.055, 20173, 0, 2647, 68.31, 4
2026/10/03 02:01:03.106, 20173, 0, 2647, 67.32, 4
2026/10/03 02:01:03.156, 20173, 0, 2647, 67.32, 4
2026/10/03 02:01:03.206, 20173, 0, 2647, 67.32, 4
2026/10/03 02:01:03.256, 20173, 0, 2647, 67.32, 4
2026/10/03 02:01:03.306, 20173, 0, 2647, 67.32, 4
2026/10/03 02:01:03.356, 20173, 0, 2647, 67.32, 4
2026/10/03 02:01:03.406, 20173, 0, 2647, 67.32, 4
2026/10/03 02:01:03.457, 20173, 0, 2647, 67.32, 4
2026/10/03 02:01:03.507, 20173, 0, 2647, 67.32, 4
2026/10/03 02:01:03.557, 20173, 0, 2647, 67.32, 4
2026/10/03 02:01:03.607, 20173, 0, 2655, 68.88, 4
2026/10/03 02:01:03.657, 20173, 0, 2655, 68.88, 4
2026/10/03 02:01:03.708, 20173, 0, 2655, 68.88, 4
2026/10/03 02:01:03.758, 20173, 0, 2655, 68.88, 4
2026/10/03 02:01:03.808, 20173, 0, 2655, 68.88, 4
2026/10/03 02:01:03.858, 20173, 0, 2655, 68.88, 4
2026/10/03 02:01:03.908, 20173, 0, 2655, 68.88, 4
2026/10/03 02:01:03.958, 20173, 0, 2655, 68.88, 4
2026/10/03 02:01:04.008, 20173, 0, 2655, 68.88, 4
2026/10/03 02:01:04.058, 20173, 0, 2655, 68.88, 4
2026/10/03 02:01:04.109, 20173, 0, 2647, 69.58, 4
2026/10/03 02:01:04.159, 20173, 0, 2647, 69.58, 4
2026/10/03 02:01:04.209, 20175, 0, 2647, 69.58, 4
2026/10/03 02:01:04.259, 20175, 0, 2647, 69.58, 4
2026/10/03 02:01:04.309, 20175, 0, 2647, 69.58, 4
2026/10/03 02:01:04.359, 20175, 0, 2647, 69.58, 4
2026/10/03 02:01:04.410, 20175, 0, 2647, 69.58, 4
2026/10/03 02:01:04.460, 20175, 0, 2647, 69.58, 4
2026/10/03 02:01:04.510, 20175, 0, 2647, 69.58, 4
2026/10/03 02:01:04.560, 20175, 0, 2647, 69.58, 4
2026/10/03 02:01:04.610, 20175, 0, 2655, 68.13, 4
2026/10/03 02:01:04.661, 20175, 0, 2655, 68.13, 4
2026/10/03 02:01:04.711, 20175, 0, 2655, 68.13, 4
2026/10/03 02:01:04.761, 20175, 0, 2655, 68.13, 4
2026/10/03 02:01:04.811, 20175, 0, 2655, 68.13, 4
2026/10/03 02:01:04.861, 20175, 0, 2655, 68.13, 4
2026/10/03 02:01:04.911, 20175, 0, 2655, 68.13, 4
2026/10/03 02:01:04.962, 20175, 0, 2655, 68.13, 4
2026/10/03 02:01:05.012, 20175, 0, 2655, 68.13, 4
2026/10/03 02:01:05.062, 20177, 0, 2655, 68.13, 4
2026/10/03 02:01:05.112, 20177, 0, 2647, 69.36, 4
2026/10/03 02:01:05.162, 20177, 0, 2647, 69.36, 4
2026/10/03 02:01:05.212, 20177, 0, 2647, 69.36, 4
2026/10/03 02:01:05.263, 20177, 0, 2647, 69.36, 4
2026/10/03 02:01:05.313, 20177, 0, 2647, 69.36, 4
2026/10/03 02:01:05.363, 20177, 0, 2647, 69.36, 4
2026/10/03 02:01:05.413, 20177, 0, 2647, 69.36, 4
2026/10/03 02:01:05.463, 20177, 0, 2647, 69.36, 4
2026/10/03 02:01:05.513, 20177, 0, 2647, 69.36, 4
2026/10/03 02:01:05.563, 20177, 0, 2647, 69.36, 4
2026/10/03 02:01:05.614, 20177, 0, 2647, 68.12, 4
2026/10/03 02:01:05.664, 20177, 0, 2647, 68.12, 4
2026/10/03 02:01:05.714, 20177, 0, 2647, 68.12, 4
2026/10/03 02:01:05.764, 20177, 0, 2647, 68.12, 4
2026/10/03 02:01:05.814, 20177, 0, 2647, 68.12, 4
2026/10/03 02:01:05.864, 20177, 0, 2647, 68.12, 4
2026/10/03 02:01:05.915, 20177, 0, 2647, 68.12, 4
2026/10/03 02:01:05.965, 20177, 0, 2647, 68.12, 4
2026/10/03 02:01:06.015, 20177, 0, 2647, 68.12, 4
2026/10/03 02:01:06.065, 20177, 0, 2647, 68.12, 4
2026/10/03 02:01:06.115, 20177, 0, 2647, 68.06, 4
2026/10/03 02:01:06.165, 20177, 0, 2647, 68.06, 4
2026/10/03 02:01:06.215, 20177, 0, 2647, 68.06, 4
2026/10/03 02:01:06.265, 20177, 0, 2647, 68.06, 4
2026/10/03 02:01:06.316, 20177, 0, 2647, 68.06, 4
2026/10/03 02:01:06.366, 20177, 0, 2647, 68.06, 4
2026/10/03 02:01:06.416, 20177, 0, 2647, 68.06, 4
2026/10/03 02:01:06.466, 20177, 0, 2647, 68.06, 4
2026/10/03 02:01:06.516, 20177, 0, 2647, 68.06, 4
2026/10/03 02:01:06.566, 20177, 0, 2647, 68.06, 4
2026/10/03 02:01:06.616, 20177, 0, 2647, 67.81, 4
2026/10/03 02:01:06.667, 20177, 0, 2647, 67.81, 4
2026/10/03 02:01:06.717, 20177, 0, 2647, 67.81, 4
2026/10/03 02:01:06.767, 20177, 0, 2647, 67.81, 4
2026/10/03 02:01:06.817, 20177, 0, 2647, 67.81, 4
2026/10/03 02:01:06.867, 20177, 0, 2647, 67.81, 4
2026/10/03 02:01:06.917, 20177, 0, 2647, 67.81, 4
2026/10/03 02:01:06.967, 20177, 0, 2647, 67.81, 4
2026/10/03 02:01:07.018, 20177, 0, 2647, 67.81, 4
2026/10/03 02:01:07.068, 20177, 0, 2655, 67.87, 4
2026/10/03 02:01:07.118, 20177, 0, 2655, 67.87, 4
2026/10/03 02:01:07.168, 20177, 0, 2655, 67.87, 4
2026/10/03 02:01:07.218, 20177, 0, 2655, 67.87, 4
2026/10/03 02:01:07.268, 20177, 0, 2655, 67.87, 4
2026/10/03 02:01:07.318, 20177, 0, 2655, 67.87, 4
2026/10/03 02:01:07.369, 20177, 0, 2655, 67.87, 4
2026/10/03 02:01:07.419, 20177, 0, 2655, 67.87, 4
2026/10/03 02:01:07.469, 20177, 0, 2655, 67.87, 4
2026/10/03 02:01:07.519, 20177, 0, 2655, 67.87, 4
2026/10/03 02:01:07.569, 20179, 0, 2647, 69.66, 4
2026/10/03 02:01:07.619, 20179, 0, 2647, 69.66, 4
2026/10/03 02:01:07.669, 20179, 0, 2647, 69.66, 4
2026/10/03 02:01:07.720, 20179, 0, 2647, 69.66, 4
2026/10/03 02:01:07.770, 20179, 0, 2647, 69.66, 4
2026/10/03 02:01:07.820, 20179, 0, 2647, 69.66, 4
2026/10/03 02:01:07.870, 20179, 0, 2647, 69.66, 4
2026/10/03 02:01:07.920, 20179, 0, 2647, 69.66, 4
2026/10/03 02:01:07.970, 20179, 0, 2647, 69.66, 4
2026/10/03 02:01:08.020, 20179, 0, 2647, 69.66, 4
2026/10/03 02:01:08.071, 20179, 2, 2647, 68.47, 4
2026/10/03 02:01:08.121, 20179, 2, 2647, 68.47, 4
2026/10/03 02:01:08.171, 20179, 2, 2647, 68.47, 4
2026/10/03 02:01:08.221, 20179, 2, 2647, 68.47, 4
2026/10/03 02:01:08.271, 20179, 2, 2647, 68.47, 4
2026/10/03 02:01:08.321, 20179, 2, 2647, 68.47, 4
2026/10/03 02:01:08.372, 20181, 2, 2647, 68.47, 4
2026/10/03 02:01:08.422, 20181, 2, 2647, 68.47, 4
2026/10/03 02:01:08.472, 20181, 2, 2647, 68.47, 4
2026/10/03 02:01:08.522, 20181, 2, 2647, 68.47, 4
2026/10/03 02:01:08.572, 20181, 2, 2647, 69.11, 4
2026/10/03 02:01:08.622, 20181, 2, 2647, 69.11, 4
2026/10/03 02:01:08.672, 20181, 2, 2647, 69.11, 4
2026/10/03 02:01:08.723, 20181, 2, 2647, 69.11, 4
2026/10/03 02:01:08.773, 20181, 2, 2647, 69.11, 4
2026/10/03 02:01:08.823, 20181, 2, 2647, 69.11, 4
2026/10/03 02:01:08.873, 20181, 2, 2647, 69.11, 4
2026/10/03 02:01:08.923, 20181, 2, 2647, 69.11, 4
2026/10/03 02:01:08.974, 20181, 2, 2647, 69.11, 4
2026/10/03 02:01:09.024, 20181, 2, 2647, 69.11, 4
2026/10/03 02:01:09.074, 20181, 0, 2647, 69.21, 4
2026/10/03 02:01:09.124, 20181, 0, 2647, 69.21, 4
2026/10/03 02:01:09.174, 20181, 0, 2647, 69.21, 4
2026/10/03 02:01:09.224, 20181, 0, 2647, 69.21, 4
2026/10/03 02:01:09.274, 20181, 0, 2647, 69.21, 4
2026/10/03 02:01:09.325, 20181, 0, 2647, 69.21, 4
2026/10/03 02:01:09.375, 20181, 0, 2647, 69.21, 4
2026/10/03 02:01:09.425, 20181, 0, 2647, 69.21, 4
2026/10/03 02:01:09.475, 20181, 0, 2647, 69.21, 4
2026/10/03 02:01:09.525, 20181, 0, 2647, 69.21, 4
2026/10/03 02:01:09.575, 20181, 0, 2647, 67.51, 4
2026/10/03 02:01:09.625, 20181, 0, 2647, 67.51, 4
2026/10/03 02:01:09.676, 20181, 0, 2647, 67.51, 4
2026/10/03 02:01:09.726, 20181, 0, 2647, 67.51, 4
2026/10/03 02:01:09.776, 20181, 0, 2647, 67.51, 4
2026/10/03 02:01:09.826, 20181, 0, 2647, 67.51, 4
2026/10/03 02:01:09.876, 20181, 0, 2647, 67.51, 4
2026/10/03 02:01:09.926, 20181, 0, 2647, 67.51, 4
2026/10/03 02:01:09.976, 20181, 0, 2647, 67.51, 4
2026/10/03 02:01:10.027, 20181, 0, 2647, 67.51, 4
2026/10/03 02:01:10.077, 20181, 0, 2647, 68.67, 4
2026/10/03 02:01:10.127, 20181, 0, 2647, 68.67, 4
2026/10/03 02:01:10.177, 20181, 0, 2647, 68.67, 4
2026/10/03 02:01:10.227, 20181, 0, 2647, 68.67, 4
2026/10/03 02:01:10.277, 20181, 0, 2647, 68.67, 4
2026/10/03 02:01:10.327, 20181, 0, 2647, 68.67, 4
2026/10/03 02:01:10.378, 20181, 0, 2647, 68.67, 4
2026/10/03 02:01:10.428, 20181, 0, 2647, 68.67, 4
2026/10/03 02:01:10.478, 20181, 0, 2647, 68.67, 4
2026/10/03 02:01:10.528, 20181, 0, 2647, 68.67, 4
2026/10/03 02:01:10.578, 20181, 0, 2647, 67.39, 4
2026/10/03 02:01:10.628, 20181, 0, 2647, 67.39, 4
2026/10/03 02:01:10.678, 20181, 0, 2647, 67.39, 4
2026/10/03 02:01:10.729, 20181, 0, 2647, 67.39, 4
2026/10/03 02:01:10.779, 20181, 0, 2647, 67.39, 4
2026/10/03 02:01:10.829, 20181, 0, 2647, 67.39, 4
2026/10/03 02:01:10.882, 20181, 0, 2647, 67.39, 4
2026/10/03 02:01:10.932, 20183, 0, 2647, 67.39, 4
2026/10/03 02:01:10.983, 20183, 0, 2647, 67.39, 4
2026/10/03 02:01:11.033, 20183, 0, 2647, 67.39, 4
2026/10/03 02:01:11.083, 20183, 0, 2647, 68.54, 4
2026/10/03 02:01:11.133, 20183, 0, 2647, 68.54, 4
2026/10/03 02:01:11.183, 20183, 0, 2647, 68.54, 4
2026/10/03 02:01:11.233, 20183, 0, 2647, 68.54, 4
2026/10/03 02:01:11.286, 20183, 0, 2647, 68.54, 4
2026/10/03 02:01:11.336, 20183, 0, 2647, 68.54, 4
2026/10/03 02:01:11.386, 20183, 0, 2647, 68.54, 4
2026/10/03 02:01:11.437, 20183, 0, 2647, 68.54, 4
2026/10/03 02:01:11.487, 20183, 0, 2647, 68.54, 4
2026/10/03 02:01:11.537, 20183, 0, 2647, 68.54, 4
2026/10/03 02:01:11.587, 20183, 0, 2655, 70.82, 4
2026/10/03 02:01:11.637, 20183, 0, 2655, 70.82, 4
2026/10/03 02:01:11.687, 20183, 0, 2655, 70.82, 4
2026/10/03 02:01:11.737, 20183, 0, 2655, 70.82, 4
2026/10/03 02:01:11.788, 20185, 0, 2655, 70.82, 4
2026/10/03 02:01:11.838, 20185, 0, 2655, 70.82, 4
2026/10/03 02:01:11.888, 20185, 0, 2655, 70.82, 4
2026/10/03 02:01:11.938, 20185, 0, 2655, 70.82, 4
2026/10/03 02:01:11.988, 20185, 0, 2655, 70.82, 4
2026/10/03 02:01:12.039, 20185, 0, 2655, 70.82, 4
2026/10/03 02:01:12.089, 20185, 0, 2655, 67.76, 4
2026/10/03 02:01:12.139, 20185, 0, 2655, 67.76, 4
2026/10/03 02:01:12.189, 20185, 0, 2655, 67.76, 4
2026/10/03 02:01:12.240, 20185, 0, 2655, 67.76, 4
2026/10/03 02:01:12.290, 20185, 0, 2655, 67.76, 4
2026/10/03 02:01:12.340, 20185, 0, 2655, 67.76, 4
2026/10/03 02:01:12.390, 20185, 0, 2655, 67.76, 4
2026/10/03 02:01:12.440, 20185, 0, 2655, 67.76, 4
2026/10/03 02:01:12.491, 20185, 0, 2655, 67.76, 4
2026/10/03 02:01:12.541, 20185, 0, 2655, 67.76, 4
2026/10/03 02:01:12.592, 20185, 0, 2647, 70.72, 4
2026/10/03 02:01:12.642, 20185, 0, 2647, 70.72, 4
2026/10/03 02:01:12.692, 20185, 0, 2647, 70.72, 4
2026/10/03 02:01:12.743, 20185, 0, 2647, 70.72, 4
2026/10/03 02:01:12.793, 20185, 0, 2647, 70.72, 4
2026/10/03 02:01:12.843, 20185, 0, 2647, 70.72, 4
2026/10/03 02:01:12.893, 20185, 0, 2647, 70.72, 4
2026/10/03 02:01:12.943, 20185, 0, 2647, 70.72, 4
2026/10/03 02:01:12.993, 20185, 0, 2647, 70.72, 4
2026/10/03 02:01:13.046, 20185, 0, 2647, 70.72, 4
2026/10/03 02:01:13.096, 20185, 0, 2647, 68.72, 4
2026/10/03 02:01:13.147, 20185, 0, 2647, 68.72, 4
2026/10/03 02:01:13.197, 20185, 0, 2647, 68.72, 4
2026/10/03 02:01:13.247, 20185, 0, 2647, 68.72, 4
2026/10/03 02:01:13.297, 20185, 0, 2647, 68.72, 4
2026/10/03 02:01:13.347, 20185, 0, 2647, 68.72, 4
2026/10/03 02:01:13.398, 20185, 0, 2647, 68.72, 4
2026/10/03 02:01:13.448, 20185, 0, 2647, 68.72, 4
2026/10/03 02:01:13.498, 20185, 0, 2647, 68.72, 4
2026/10/03 02:01:13.548, 20185, 0, 2647, 68.72, 4
2026/10/03 02:01:13.598, 20185, 0, 2647, 67.87, 4
2026/10/03 02:01:13.649, 20185, 0, 2647, 67.87, 4
2026/10/03 02:01:13.699, 20185, 0, 2647, 67.87, 4
2026/10/03 02:01:13.749, 20185, 0, 2647, 67.87, 4
2026/10/03 02:01:13.799, 20185, 0, 2647, 67.87, 4
2026/10/03 02:01:13.849, 20185, 0, 2647, 67.87, 4
2026/10/03 02:01:13.900, 20185, 0, 2647, 67.87, 4
2026/10/03 02:01:13.950, 20185, 0, 2647, 67.87, 4
2026/10/03 02:01:14.000, 20185, 0, 2647, 67.87, 4
2026/10/03 02:01:14.050, 20185, 0, 2647, 67.87, 4
2026/10/03 02:01:14.100, 20185, 0, 2655, 68.73, 4
2026/10/03 02:01:14.150, 20185, 0, 2655, 68.73, 4
2026/10/03 02:01:14.201, 20185, 0, 2655, 68.73, 4
2026/10/03 02:01:14.251, 20185, 0, 2655, 68.73, 4
2026/10/03 02:01:14.301, 20185, 0, 2655, 68.73, 4
2026/10/03 02:01:14.351, 20185, 0, 2655, 68.73, 4
2026/10/03 02:01:14.401, 20185, 0, 2655, 68.73, 4
2026/10/03 02:01:14.452, 20185, 0, 2655, 68.73, 4
2026/10/03 02:01:14.502, 20185, 0, 2655, 68.73, 4
2026/10/03 02:01:14.552, 20185, 0, 2655, 68.73, 4
2026/10/03 02:01:14.602, 20185, 0, 2647, 67.57, 4
2026/10/03 02:01:14.652, 20187, 0, 2647, 67.57, 4
2026/10/03 02:01:14.703, 20187, 0, 2647, 67.57, 4
2026/10/03 02:01:14.753, 20187, 0, 2647, 67.57, 4
2026/10/03 02:01:14.803, 20187, 0, 2647, 67.57, 4
2026/10/03 02:01:14.853, 20187, 0, 2647, 67.57, 4
2026/10/03 02:01:14.903, 20187, 0, 2647, 67.57, 4
2026/10/03 02:01:14.954, 20187, 0, 2647, 67.57, 4
2026/10/03 02:01:15.004, 20187, 0, 2647, 67.57, 4
2026/10/03 02:01:15.054, 20189, 0, 2647, 67.57, 4
2026/10/03 02:01:15.104, 20189, 0, 2655, 68.95, 4
2026/10/03 02:01:15.155, 20189, 0, 2655, 68.95, 4
2026/10/03 02:01:15.205, 20189, 0, 2655, 68.95, 4
2026/10/03 02:01:15.255, 20189, 0, 2655, 68.95, 4
2026/10/03 02:01:15.305, 20189, 0, 2655, 68.95, 4
2026/10/03 02:01:15.355, 20189, 0, 2655, 68.95, 4
2026/10/03 02:01:15.406, 20189, 0, 2655, 68.95, 4
2026/10/03 02:01:15.456, 20189, 0, 2655, 68.95, 4
2026/10/03 02:01:15.506, 20189, 0, 2655, 68.95, 4
2026/10/03 02:01:15.556, 20189, 0, 2655, 68.95, 4
2026/10/03 02:01:15.606, 20189, 0, 2647, 69.86, 4
2026/10/03 02:01:15.656, 20189, 0, 2647, 69.86, 4
2026/10/03 02:01:15.706, 20189, 0, 2647, 69.86, 4
2026/10/03 02:01:15.757, 20189, 0, 2647, 69.86, 4
2026/10/03 02:01:15.807, 20189, 0, 2647, 69.86, 4
2026/10/03 02:01:15.857, 20189, 0, 2647, 69.86, 4
2026/10/03 02:01:15.907, 20189, 0, 2647, 69.86, 4
2026/10/03 02:01:15.957, 20189, 0, 2647, 69.86, 4
2026/10/03 02:01:16.007, 20189, 0, 2647, 69.86, 4
2026/10/03 02:01:16.057, 20189, 0, 2647, 69.86, 4
2026/10/03 02:01:16.108, 20189, 0, 2647, 68.38, 4
2026/10/03 02:01:16.158, 20189, 0, 2647, 68.38, 4
2026/10/03 02:01:16.208, 20189, 0, 2647, 68.38, 4
2026/10/03 02:01:16.258, 20189, 0, 2647, 68.38, 4
2026/10/03 02:01:16.308, 20189, 0, 2647, 68.38, 4
2026/10/03 02:01:16.358, 20189, 0, 2647, 68.38, 4
2026/10/03 02:01:16.408, 20189, 0, 2647, 68.38, 4
2026/10/03 02:01:16.458, 20189, 0, 2647, 68.38, 4
2026/10/03 02:01:16.509, 20189, 0, 2647, 68.38, 4
2026/10/03 02:01:16.559, 20189, 0, 2647, 68.38, 4
2026/10/03 02:01:16.609, 20189, 0, 2647, 69.53, 4
2026/10/03 02:01:16.659, 20189, 0, 2647, 69.53, 4
2026/10/03 02:01:16.709, 20189, 0, 2647, 69.53, 4
2026/10/03 02:01:16.759, 20189, 0, 2647, 69.53, 4
2026/10/03 02:01:16.809, 20189, 0, 2647, 69.53, 4
2026/10/03 02:01:16.859, 20189, 0, 2647, 69.53, 4
2026/10/03 02:01:16.909, 20189, 0, 2647, 69.53, 4
2026/10/03 02:01:16.960, 20189, 0, 2647, 69.53, 4
2026/10/03 02:01:17.010, 20189, 0, 2647, 69.53, 4
2026/10/03 02:01:17.060, 20189, 0, 2647, 69.53, 4
2026/10/03 02:01:17.110, 20189, 0, 2647, 67.70, 4
2026/10/03 02:01:17.160, 20189, 0, 2647, 67.70, 4
2026/10/03 02:01:17.210, 20189, 0, 2647, 67.70, 4
2026/10/03 02:01:17.260, 20189, 0, 2647, 67.70, 4
2026/10/03 02:01:17.310, 20189, 0, 2647, 67.70, 4
2026/10/03 02:01:17.361, 20189, 0, 2647, 67.70, 4
2026/10/03 02:01:17.411, 20189, 0, 2647, 67.70, 4
2026/10/03 02:01:17.461, 20189, 0, 2647, 67.70, 4
2026/10/03 02:01:17.511, 20189, 0, 2647, 67.70, 4
2026/10/03 02:01:17.561, 20189, 0, 2647, 67.70, 4
2026/10/03 02:01:17.611, 20189, 0, 2655, 68.18, 4
2026/10/03 02:01:17.661, 20189, 0, 2655, 68.18, 4
2026/10/03 02:01:17.711, 20189, 0, 2655, 68.18, 4
2026/10/03 02:01:17.762, 20189, 0, 2655, 68.18, 4
2026/10/03 02:01:17.812, 20189, 0, 2655, 68.18, 4
2026/10/03 02:01:17.862, 20189, 0, 2655, 68.18, 4
2026/10/03 02:01:17.912, 20189, 0, 2655, 68.18, 4
2026/10/03 02:01:17.962, 20189, 0, 2655, 68.18, 4
2026/10/03 02:01:18.012, 20189, 0, 2655, 68.18, 4
2026/10/03 02:01:18.062, 20189, 0, 2655, 68.18, 4
2026/10/03 02:01:18.113, 20189, 0, 2647, 67.64, 4
2026/10/03 02:01:18.163, 20189, 0, 2647, 67.64, 4
2026/10/03 02:01:18.213, 20191, 0, 2647, 67.64, 4
2026/10/03 02:01:18.263, 20191, 0, 2647, 67.64, 4
2026/10/03 02:01:18.313, 20191, 0, 2647, 67.64, 4
2026/10/03 02:01:18.363, 20191, 0, 2647, 67.64, 4
2026/10/03 02:01:18.413, 20191, 0, 2647, 67.64, 4
2026/10/03 02:01:18.464, 20191, 0, 2647, 67.64, 4
2026/10/03 02:01:18.514, 20191, 0, 2647, 67.64, 4
2026/10/03 02:01:18.564, 20191, 0, 2647, 67.64, 4
2026/10/03 02:01:18.614, 20191, 0, 2655, 67.53, 4
2026/10/03 02:01:18.664, 20193, 0, 2655, 67.53, 4
2026/10/03 02:01:18.714, 20193, 0, 2655, 67.53, 4
2026/10/03 02:01:18.764, 20193, 0, 2655, 67.53, 4
2026/10/03 02:01:18.815, 20193, 0, 2655, 67.53, 4
2026/10/03 02:01:18.865, 20193, 0, 2655, 67.53, 4
2026/10/03 02:01:18.915, 20193, 0, 2655, 67.53, 4
2026/10/03 02:01:18.965, 20193, 0, 2655, 67.53, 4
2026/10/03 02:01:19.015, 20193, 0, 2655, 67.53, 4
2026/10/03 02:01:19.065, 20193, 0, 2655, 67.53, 4
2026/10/03 02:01:19.115, 20193, 0, 2655, 69.96, 4
2026/10/03 02:01:19.166, 20193, 0, 2655, 69.96, 4
2026/10/03 02:01:19.216, 20193, 0, 2655, 69.96, 4
2026/10/03 02:01:19.266, 20193, 0, 2655, 69.96, 4
2026/10/03 02:01:19.316, 20193, 0, 2655, 69.96, 4
2026/10/03 02:01:19.366, 20193, 0, 2655, 69.96, 4
2026/10/03 02:01:19.416, 20193, 0, 2655, 69.96, 4
2026/10/03 02:01:19.467, 20193, 0, 2655, 69.96, 4
2026/10/03 02:01:19.517, 20193, 0, 2655, 69.96, 4
2026/10/03 02:01:19.567, 20193, 0, 2647, 69.96, 4
2026/10/03 02:01:19.617, 20193, 0, 2647, 67.98, 4
2026/10/03 02:01:19.667, 20193, 0, 2647, 67.98, 4
2026/10/03 02:01:19.717, 20193, 0, 2647, 67.98, 4
2026/10/03 02:01:19.767, 20193, 0, 2647, 67.98, 4
2026/10/03 02:01:19.818, 20193, 0, 2647, 67.98, 4
2026/10/03 02:01:19.868, 20193, 0, 2647, 67.98, 4
2026/10/03 02:01:19.918, 20193, 0, 2647, 67.98, 4
2026/10/03 02:01:19.968, 20193, 0, 2647, 67.98, 4
2026/10/03 02:01:20.018, 20193, 0, 2647, 67.98, 4
2026/10/03 02:01:20.068, 20193, 0, 2647, 69.12, 4
2026/10/03 02:01:20.118, 20193, 0, 2647, 69.12, 4
2026/10/03 02:01:20.169, 20193, 0, 2647, 69.12, 4
2026/10/03 02:01:20.219, 20193, 0, 2647, 69.12, 4
2026/10/03 02:01:20.269, 20193, 0, 2647, 69.12, 4
2026/10/03 02:01:20.319, 20193, 0, 2647, 69.12, 4
2026/10/03 02:01:20.369, 20193, 0, 2647, 69.12, 4
2026/10/03 02:01:20.419, 20193, 0, 2647, 69.12, 4
2026/10/03 02:01:20.469, 20193, 0, 2647, 69.12, 4
2026/10/03 02:01:20.520, 20193, 0, 2647, 69.12, 4
2026/10/03 02:01:20.570, 20193, 0, 2647, 69.05, 4
2026/10/03 02:01:20.620, 20193, 0, 2647, 69.05, 4
2026/10/03 02:01:20.670, 20193, 0, 2647, 69.05, 4
2026/10/03 02:01:20.720, 20195, 0, 2647, 69.05, 4
2026/10/03 02:01:20.770, 20195, 0, 2647, 69.05, 4
2026/10/03 02:01:20.820, 20195, 0, 2647, 69.05, 4
2026/10/03 02:01:20.871, 20195, 0, 2647, 69.05, 4
2026/10/03 02:01:20.921, 20195, 0, 2647, 69.05, 4
2026/10/03 02:01:20.971, 20195, 0, 2647, 69.05, 4
2026/10/03 02:01:21.021, 20195, 0, 2647, 69.05, 4
2026/10/03 02:01:21.071, 20195, 0, 2655, 67.03, 4
2026/10/03 02:01:21.121, 20195, 0, 2655, 67.03, 4
2026/10/03 02:01:21.171, 20195, 0, 2655, 67.03, 4
2026/10/03 02:01:21.222, 20195, 0, 2655, 67.03, 4
2026/10/03 02:01:21.272, 20195, 0, 2655, 67.03, 4
2026/10/03 02:01:21.322, 20195, 0, 2655, 67.03, 4
2026/10/03 02:01:21.372, 20195, 0, 2655, 67.03, 4
2026/10/03 02:01:21.422, 20195, 0, 2655, 67.03, 4
2026/10/03 02:01:21.472, 20195, 0, 2655, 67.03, 4
2026/10/03 02:01:21.523, 20195, 0, 2655, 67.03, 4
2026/10/03 02:01:21.573, 20195, 0, 2647, 68.70, 4
2026/10/03 02:01:21.623, 20195, 0, 2647, 68.70, 4
2026/10/03 02:01:21.673, 20195, 0, 2647, 68.70, 4
2026/10/03 02:01:21.723, 20195, 0, 2647, 68.70, 4
2026/10/03 02:01:21.773, 20195, 0, 2647, 68.70, 4
2026/10/03 02:01:21.823, 20195, 0, 2647, 68.70, 4
2026/10/03 02:01:21.873, 20195, 0, 2647, 68.70, 4
2026/10/03 02:01:21.924, 20195, 0, 2647, 68.70, 4
2026/10/03 02:01:21.974, 20195, 0, 2647, 68.70, 4
2026/10/03 02:01:22.024, 20197, 0, 2647, 68.70, 4
2026/10/03 02:01:22.074, 20197, 0, 2647, 67.08, 4
2026/10/03 02:01:22.124, 20197, 0, 2647, 67.08, 4
2026/10/03 02:01:22.174, 20197, 0, 2647, 67.08, 4
2026/10/03 02:01:22.225, 20197, 0, 2647, 67.08, 4
2026/10/03 02:01:22.275, 20197, 0, 2647, 67.08, 4
2026/10/03 02:01:22.325, 20197, 0, 2647, 67.08, 4
2026/10/03 02:01:22.375, 20197, 0, 2647, 67.08, 4
2026/10/03 02:01:22.425, 20197, 0, 2647, 67.08, 4
2026/10/03 02:01:22.475, 20197, 0, 2647, 67.08, 4
2026/10/03 02:01:22.525, 20197, 0, 2647, 67.08, 4
2026/10/03 02:01:22.576, 20197, 0, 2647, 68.79, 4
2026/10/03 02:01:22.626, 20197, 0, 2647, 68.79, 4
2026/10/03 02:01:22.676, 20197, 0, 2647, 68.79, 4
2026/10/03 02:01:22.726, 20197, 0, 2647, 68.79, 4
2026/10/03 02:01:22.776, 20197, 0, 2647, 68.79, 4
2026/10/03 02:01:22.827, 20197, 0, 2647, 68.79, 4
2026/10/03 02:01:22.877, 20197, 0, 2647, 68.79, 4
2026/10/03 02:01:22.927, 20197, 0, 2647, 68.79, 4
2026/10/03 02:01:22.977, 20197, 0, 2647, 68.79, 4
2026/10/03 02:01:23.027, 20197, 0, 2647, 68.79, 4
2026/10/03 02:01:23.077, 20197, 0, 2647, 70.53, 4
2026/10/03 02:01:23.128, 20197, 0, 2647, 70.53, 4
2026/10/03 02:01:23.178, 20197, 0, 2647, 70.53, 4
2026/10/03 02:01:23.228, 20197, 0, 2647, 70.53, 4
2026/10/03 02:01:23.278, 20197, 0, 2647, 70.53, 4
2026/10/03 02:01:23.328, 20197, 0, 2647, 70.53, 4
2026/10/03 02:01:23.378, 20197, 0, 2647, 70.53, 4
2026/10/03 02:01:23.428, 20197, 0, 2647, 70.53, 4
2026/10/03 02:01:23.479, 20197, 0, 2647, 70.53, 4
2026/10/03 02:01:23.529, 20197, 0, 2647, 70.53, 4
2026/10/03 02:01:23.579, 20197, 0, 2647, 67.49, 4
2026/10/03 02:01:23.629, 20197, 0, 2647, 67.49, 4
2026/10/03 02:01:23.679, 20197, 0, 2647, 67.49, 4
2026/10/03 02:01:23.729, 20197, 0, 2647, 67.49, 4
2026/10/03 02:01:23.779, 20197, 0, 2647, 67.49, 4
2026/10/03 02:01:23.830, 20197, 0, 2647, 67.49, 4
2026/10/03 02:01:23.880, 20197, 0, 2647, 67.49, 4
2026/10/03 02:01:23.930, 20197, 0, 2647, 67.49, 4
2026/10/03 02:01:23.980, 20197, 0, 2647, 67.49, 4
2026/10/03 02:01:24.030, 20197, 0, 2647, 67.49, 4
2026/10/03 02:01:24.080, 20199, 0, 2647, 69.81, 4
2026/10/03 02:01:24.130, 20199, 0, 2647, 69.81, 4
2026/10/03 02:01:24.181, 20199, 0, 2647, 69.81, 4
2026/10/03 02:01:24.231, 20199, 0, 2647, 69.81, 4
2026/10/03 02:01:24.281, 20199, 0, 2647, 69.81, 4
2026/10/03 02:01:24.331, 20199, 0, 2647, 69.81, 4
2026/10/03 02:01:24.381, 20199, 0, 2647, 69.81, 4
2026/10/03 02:01:24.431, 20199, 0, 2647, 69.81, 4
2026/10/03 02:01:24.481, 20199, 0, 2647, 69.81, 4
2026/10/03 02:01:24.532, 20199, 0, 2647, 69.81, 4
2026/10/03 02:01:24.582, 20199, 0, 2647, 68.81, 4
2026/10/03 02:01:24.632, 20199, 0, 2647, 68.81, 4
2026/10/03 02:01:24.682, 20199, 0, 2647, 68.81, 4
2026/10/03 02:01:24.732, 20199, 0, 2647, 68.81, 4
2026/10/03 02:01:24.782, 20199, 0, 2647, 68.81, 4
2026/10/03 02:01:24.832, 20199, 0, 2647, 68.81, 4
2026/10/03 02:01:24.883, 20199, 0, 2647, 68.81, 4
2026/10/03 02:01:24.933, 20199, 0, 2647, 68.81, 4
2026/10/03 02:01:24.983, 20199, 0, 2647, 68.81, 4
2026/10/03 02:01:25.033, 20199, 0, 2647, 68.81, 4
2026/10/03 02:01:25.083, 20199, 1, 2647, 67.88, 4
2026/10/03 02:01:25.133, 20199, 1, 2647, 67.88, 4
2026/10/03 02:01:25.183, 20199, 1, 2647, 67.88, 4
2026/10/03 02:01:25.234, 20199, 1, 2647, 67.88, 4
2026/10/03 02:01:25.284, 20199, 1, 2647, 67.88, 4
2026/10/03 02:01:25.334, 20199, 1, 2647, 67.88, 4
2026/10/03 02:01:25.384, 20199, 1, 2647, 67.88, 4
2026/10/03 02:01:25.434, 20201, 1, 2647, 67.88, 4
2026/10/03 02:01:25.484, 20201, 1, 2647, 67.88, 4
2026/10/03 02:01:25.535, 20201, 1, 2647, 67.88, 4
2026/10/03 02:01:25.585, 20201, 1, 2647, 68.91, 4
2026/10/03 02:01:25.635, 20201, 1, 2647, 68.91, 4
2026/10/03 02:01:25.685, 20201, 1, 2647, 68.91, 4
2026/10/03 02:01:25.735, 20201, 1, 2647, 68.91, 4
2026/10/03 02:01:25.785, 20201, 1, 2647, 68.91, 4
2026/10/03 02:01:25.835, 20201, 1, 2647, 68.91, 4
2026/10/03 02:01:25.886, 20201, 1, 2647, 68.91, 4
2026/10/03 02:01:25.936, 20201, 1, 2647, 68.91, 4
2026/10/03 02:01:25.986, 20201, 1, 2647, 68.91, 4
2026/10/03 02:01:26.036, 20201, 1, 2647, 68.91, 4
2026/10/03 02:01:26.086, 20201, 0, 2655, 67.79, 4
2026/10/03 02:01:26.136, 20201, 0, 2655, 67.79, 4
2026/10/03 02:01:26.187, 20201, 0, 2655, 67.79, 4
2026/10/03 02:01:26.237, 20201, 0, 2655, 67.79, 4
2026/10/03 02:01:26.287, 20201, 0, 2655, 67.79, 4
2026/10/03 02:01:26.337, 20201, 0, 2655, 67.79, 4
2026/10/03 02:01:26.387, 20201, 0, 2655, 67.79, 4
2026/10/03 02:01:26.437, 20201, 0, 2655, 67.79, 4
2026/10/03 02:01:26.488, 20201, 0, 2655, 67.79, 4
2026/10/03 02:01:26.538, 20201, 0, 2655, 67.79, 4
2026/10/03 02:01:26.588, 20201, 0, 2647, 69.19, 4
2026/10/03 02:01:26.638, 20201, 0, 2647, 69.19, 4
2026/10/03 02:01:26.688, 20201, 0, 2647, 69.19, 4
2026/10/03 02:01:26.738, 20201, 0, 2647, 69.19, 4
2026/10/03 02:01:26.788, 20201, 0, 2647, 69.19, 4
2026/10/03 02:01:26.839, 20201, 0, 2647, 69.19, 4
2026/10/03 02:01:26.889, 20201, 0, 2647, 69.19, 4
2026/10/03 02:01:26.939, 20201, 0, 2647, 69.19, 4
2026/10/03 02:01:26.989, 20201, 0, 2647, 69.19, 4
2026/10/03 02:01:27.039, 20201, 0, 2647, 69.19, 4
2026/10/03 02:01:27.089, 20201, 0, 2647, 69.12, 4
2026/10/03 02:01:27.139, 20201, 0, 2647, 69.12, 4
2026/10/03 02:01:27.190, 20201, 0, 2647, 69.12, 4
2026/10/03 02:01:27.240, 20201, 0, 2647, 69.12, 4
2026/10/03 02:01:27.290, 20201, 0, 2647, 69.12, 4
2026/10/03 02:01:27.340, 20201, 0, 2647, 69.12, 4
2026/10/03 02:01:27.390, 20201, 0, 2647, 69.12, 4
2026/10/03 02:01:27.440, 20201, 0, 2647, 69.12, 4
2026/10/03 02:01:27.490, 20203, 0, 2647, 69.12, 4
2026/10/03 02:01:27.541, 20203, 0, 2647, 69.12, 4
2026/10/03 02:01:27.591, 20203, 0, 2647, 69.38, 4
2026/10/03 02:01:27.641, 20203, 0, 2647, 69.38, 4
2026/10/03 02:01:27.692, 20203, 0, 2647, 69.38, 4
2026/10/03 02:01:27.742, 20203, 0, 2647, 69.38, 4
2026/10/03 02:01:27.793, 20203, 0, 2647, 69.38, 4
2026/10/03 02:01:27.843, 20203, 0, 2647, 69.38, 4
2026/10/03 02:01:27.893, 20203, 0, 2647, 69.38, 4
2026/10/03 02:01:27.943, 20203, 0, 2647, 69.38, 4
2026/10/03 02:01:27.993, 20203, 0, 2647, 69.38, 4
2026/10/03 02:01:28.043, 20203, 0, 2647, 69.38, 4
2026/10/03 02:01:28.094, 20203, 0, 2647, 70.70, 4
2026/10/03 02:01:28.144, 20203, 0, 2647, 70.70, 4
2026/10/03 02:01:28.194, 20203, 0, 2647, 70.70, 4
2026/10/03 02:01:28.244, 20203, 0, 2647, 70.70, 4
2026/10/03 02:01:28.294, 20203, 0, 2647, 70.70, 4
2026/10/03 02:01:28.346, 20203, 0, 2647, 70.70, 4
2026/10/03 02:01:28.396, 20205, 0, 2647, 70.70, 4
2026/10/03 02:01:28.449, 20205, 0, 2647, 70.70, 4
2026/10/03 02:01:28.499, 20205, 0, 2647, 70.70, 4
2026/10/03 02:01:28.550, 20205, 0, 2647, 70.70, 4
2026/10/03 02:01:28.600, 20205, 0, 2655, 67.85, 4
2026/10/03 02:01:28.650, 20205, 0, 2655, 67.85, 4
2026/10/03 02:01:28.701, 20205, 0, 2655, 67.85, 4
2026/10/03 02:01:28.751, 20205, 0, 2655, 67.85, 4
2026/10/03 02:01:28.801, 20205, 0, 2655, 67.85, 4
2026/10/03 02:01:28.851, 20205, 0, 2655, 67.85, 4
2026/10/03 02:01:28.901, 20205, 0, 2655, 67.85, 4
2026/10/03 02:01:28.954, 20205, 0, 2655, 67.85, 4
2026/10/03 02:01:29.004, 20205, 0, 2655, 67.85, 4
2026/10/03 02:01:29.054, 20205, 0, 2655, 67.85, 4
2026/10/03 02:01:29.105, 20205, 0, 2655, 68.52, 4
2026/10/03 02:01:29.155, 20205, 0, 2655, 68.52, 4
2026/10/03 02:01:29.206, 20205, 0, 2655, 68.52, 4
2026/10/03 02:01:29.257, 20205, 0, 2655, 68.52, 4
2026/10/03 02:01:29.307, 20205, 0, 2655, 68.52, 4
2026/10/03 02:01:29.357, 20205, 0, 2655, 68.52, 4
2026/10/03 02:01:29.408, 20205, 0, 2655, 68.52, 4
2026/10/03 02:01:29.458, 20205, 0, 2655, 68.52, 4
2026/10/03 02:01:29.509, 20205, 0, 2655, 68.52, 4
2026/10/03 02:01:29.559, 20205, 0, 2655, 68.52, 4
2026/10/03 02:01:29.610, 20205, 0, 2655, 67.96, 4
2026/10/03 02:01:29.660, 20205, 0, 2655, 67.96, 4
2026/10/03 02:01:29.711, 20205, 0, 2655, 67.96, 4
2026/10/03 02:01:29.762, 20205, 0, 2655, 67.96, 4
2026/10/03 02:01:29.812, 20205, 0, 2655, 67.96, 4
2026/10/03 02:01:29.863, 20205, 0, 2655, 67.96, 4
2026/10/03 02:01:29.913, 20205, 0, 2655, 67.96, 4
2026/10/03 02:01:29.963, 20205, 0, 2655, 67.96, 4
2026/10/03 02:01:30.013, 20205, 0, 2655, 67.96, 4
2026/10/03 02:01:30.063, 20205, 0, 2655, 67.96, 4
2026/10/03 02:01:30.113, 20205, 0, 2647, 68.30, 4
2026/10/03 02:01:30.164, 20205, 0, 2647, 68.30, 4
2026/10/03 02:01:30.214, 20205, 0, 2647, 68.30, 4
2026/10/03 02:01:30.264, 20205, 0, 2647, 68.30, 4
2026/10/03 02:01:30.314, 20205, 0, 2647, 68.30, 4
2026/10/03 02:01:30.364, 20205, 0, 2647, 68.30, 4
2026/10/03 02:01:30.414, 20205, 0, 2647, 68.30, 4
2026/10/03 02:01:30.464, 20205, 0, 2647, 68.30, 4
2026/10/03 02:01:30.515, 20205, 0, 2647, 68.30, 4
2026/10/03 02:01:30.565, 20205, 0, 2647, 68.30, 4
2026/10/03 02:01:30.615, 20205, 0, 2647, 70.21, 4
2026/10/03 02:01:30.665, 20205, 0, 2647, 70.21, 4
2026/10/03 02:01:30.715, 20205, 0, 2647, 70.21, 4
2026/10/03 02:01:30.765, 20205, 0, 2647, 70.21, 4
2026/10/03 02:01:30.816, 20205, 0, 2647, 70.21, 4
2026/10/03 02:01:30.866, 20205, 0, 2647, 70.21, 4
2026/10/03 02:01:30.916, 20205, 0, 2647, 70.21, 4
2026/10/03 02:01:30.966, 20205, 0, 2647, 70.21, 4
2026/10/03 02:01:31.016, 20205, 0, 2647, 70.21, 4
2026/10/03 02:01:31.066, 20205, 0, 2647, 70.21, 4
2026/10/03 02:01:31.117, 20207, 0, 2647, 68.04, 4
2026/10/03 02:01:31.167, 20207, 0, 2647, 68.04, 4
2026/10/03 02:01:31.217, 20207, 0, 2647, 68.04, 4
2026/10/03 02:01:31.267, 20207, 0, 2647, 68.04, 4
2026/10/03 02:01:31.317, 20207, 0, 2647, 68.04, 4
2026/10/03 02:01:31.367, 20207, 0, 2647, 68.04, 4
2026/10/03 02:01:31.418, 20207, 0, 2647, 68.04, 4
2026/10/03 02:01:31.468, 20207, 0, 2647, 68.04, 4
2026/10/03 02:01:31.518, 20207, 0, 2647, 68.04, 4
2026/10/03 02:01:31.568, 20207, 0, 2655, 69.63, 4
2026/10/03 02:01:31.618, 20207, 0, 2655, 69.63, 4
2026/10/03 02:01:31.668, 20207, 0, 2655, 69.63, 4
2026/10/03 02:01:31.718, 20207, 0, 2655, 69.63, 4
2026/10/03 02:01:31.769, 20207, 0, 2655, 69.63, 4
2026/10/03 02:01:31.819, 20207, 0, 2655, 69.63, 4
2026/10/03 02:01:31.869, 20207, 0, 2655, 69.63, 4
2026/10/03 02:01:31.919, 20207, 0, 2655, 69.63, 4
2026/10/03 02:01:31.969, 20207, 0, 2655, 69.63, 4
2026/10/03 02:01:32.019, 20207, 0, 2655, 69.63, 4
2026/10/03 02:01:32.069, 20207, 0, 2647, 69.08, 4
2026/10/03 02:01:32.120, 20209, 0, 2647, 69.08, 4
2026/10/03 02:01:32.170, 20209, 0, 2647, 69.08, 4
2026/10/03 02:01:32.220, 20209, 0, 2647, 69.08, 4
2026/10/03 02:01:32.270, 20209, 0, 2647, 69.08, 4
2026/10/03 02:01:32.320, 20209, 0, 2647, 69.08, 4
2026/10/03 02:01:32.370, 20209, 0, 2647, 69.08, 4
2026/10/03 02:01:32.420, 20209, 0, 2647, 69.08, 4
2026/10/03 02:01:32.471, 20209, 0, 2647, 69.08, 4
2026/10/03 02:01:32.521, 20209, 0, 2647, 69.08, 4
2026/10/03 02:01:32.571, 20209, 0, 2647, 66.71, 4
2026/10/03 02:01:32.621, 20209, 0, 2647, 66.71, 4
2026/10/03 02:01:32.671, 20209, 0, 2647, 66.71, 4
2026/10/03 02:01:32.721, 20209, 0, 2647, 66.71, 4
2026/10/03 02:01:32.771, 20209, 0, 2647, 66.71, 4
2026/10/03 02:01:32.822, 20209, 0, 2647, 66.71, 4
2026/10/03 02:01:32.872, 20209, 0, 2647, 66.71, 4
2026/10/03 02:01:32.922, 20209, 0, 2647, 66.71, 4
2026/10/03 02:01:32.972, 20209, 0, 2647, 66.71, 4
2026/10/03 02:01:33.023, 20209, 0, 2647, 66.71, 4
2026/10/03 02:01:33.073, 20209, 4, 2647, 69.30, 4
2026/10/03 02:01:33.123, 20209, 4, 2647, 69.30, 4
2026/10/03 02:01:33.174, 20209, 4, 2647, 69.30, 4
2026/10/03 02:01:33.224, 20209, 4, 2647, 69.30, 4
2026/10/03 02:01:33.275, 20209, 4, 2647, 69.30, 4
2026/10/03 02:01:33.326, 20209, 4, 2647, 69.30, 4
2026/10/03 02:01:33.376, 20209, 4, 2647, 69.30, 4
2026/10/03 02:01:33.426, 20209, 4, 2647, 69.30, 4
2026/10/03 02:01:33.477, 20209, 4, 2647, 69.30, 4
2026/10/03 02:01:33.527, 20209, 4, 2647, 69.30, 4
2026/10/03 02:01:33.577, 20209, 4, 2647, 67.30, 4
2026/10/03 02:01:33.627, 20209, 4, 2647, 67.30, 4
2026/10/03 02:01:33.677, 20209, 4, 2647, 67.30, 4
2026/10/03 02:01:33.728, 20209, 4, 2647, 67.30, 4
2026/10/03 02:01:33.778, 20209, 4, 2647, 67.30, 4
2026/10/03 02:01:33.828, 20209, 4, 2647, 67.30, 4
2026/10/03 02:01:33.878, 20209, 4, 2647, 67.30, 4
2026/10/03 02:01:33.928, 20209, 4, 2647, 67.30, 4
2026/10/03 02:01:33.978, 20209, 4, 2647, 67.30, 4
2026/10/03 02:01:34.028, 20209, 4, 2647, 67.30, 4
2026/10/03 02:01:34.079, 20209, 0, 2647, 68.43, 4
2026/10/03 02:01:34.129, 20209, 0, 2647, 68.43, 4
2026/10/03 02:01:34.179, 20209, 0, 2647, 68.43, 4
2026/10/03 02:01:34.229, 20209, 0, 2647, 68.43, 4
2026/10/03 02:01:34.279, 20209, 0, 2647, 68.43, 4
2026/10/03 02:01:34.329, 20209, 0, 2647, 68.43, 4
2026/10/03 02:01:34.379, 20209, 0, 2647, 68.43, 4
2026/10/03 02:01:34.430, 20209, 0, 2647, 68.43, 4
2026/10/03 02:01:34.480, 20209, 0, 2647, 68.43, 4
2026/10/03 02:01:34.530, 20209, 0, 2647, 68.43, 4
2026/10/03 02:01:34.580, 20211, 0, 2647, 70.28, 4
2026/10/03 02:01:34.630, 20211, 0, 2647, 70.28, 4
2026/10/03 02:01:34.680, 20211, 0, 2647, 70.28, 4
2026/10/03 02:01:34.731, 20211, 0, 2647, 70.28, 4
2026/10/03 02:01:34.781, 20211, 0, 2647, 70.28, 4
2026/10/03 02:01:34.831, 20211, 0, 2647, 70.28, 4
2026/10/03 02:01:34.881, 20211, 0, 2647, 70.28, 4
2026/10/03 02:01:34.931, 20211, 0, 2647, 70.28, 4
2026/10/03 02:01:34.981, 20211, 0, 2647, 70.28, 4
2026/10/03 02:01:35.032, 20211, 0, 2647, 70.28, 4
2026/10/03 02:01:35.082, 20211, 0, 2647, 67.81, 4
2026/10/03 02:01:35.132, 20211, 0, 2647, 67.81, 4
2026/10/03 02:01:35.182, 20211, 0, 2647, 67.81, 4
2026/10/03 02:01:35.232, 20211, 0, 2647, 67.81, 4
2026/10/03 02:01:35.282, 20211, 0, 2647, 67.81, 4
2026/10/03 02:01:35.332, 20211, 0, 2647, 67.81, 4
2026/10/03 02:01:35.383, 20211, 0, 2647, 67.81, 4
2026/10/03 02:01:35.433, 20211, 0, 2647, 67.81, 4
2026/10/03 02:01:35.483, 20213, 0, 2647, 67.81, 4
2026/10/03 02:01:35.533, 20213, 0, 2647, 67.81, 4
2026/10/03 02:01:35.583, 20213, 0, 2647, 70.66, 4
2026/10/03 02:01:35.633, 20213, 0, 2647, 70.66, 4
2026/10/03 02:01:35.683, 20213, 0, 2647, 70.66, 4
2026/10/03 02:01:35.734, 20213, 0, 2647, 70.66, 4
2026/10/03 02:01:35.784, 20213, 0, 2647, 70.66, 4
2026/10/03 02:01:35.834, 20213, 0, 2647, 70.66, 4
2026/10/03 02:01:35.884, 20213, 0, 2647, 70.66, 4
2026/10/03 02:01:35.934, 20213, 0, 2647, 70.66, 4
2026/10/03 02:01:35.984, 20213, 0, 2647, 70.66, 4
2026/10/03 02:01:36.034, 20213, 0, 2647, 70.66, 4
2026/10/03 02:01:36.084, 20213, 2, 2647, 68.79, 4
2026/10/03 02:01:36.135, 20213, 2, 2647, 68.79, 4
2026/10/03 02:01:36.185, 20213, 2, 2647, 68.79, 4
2026/10/03 02:01:36.235, 20213, 2, 2647, 68.79, 4
2026/10/03 02:01:36.285, 20213, 2, 2647, 68.79, 4
2026/10/03 02:01:36.335, 20213, 2, 2647, 68.79, 4
2026/10/03 02:01:36.385, 20213, 2, 2647, 68.79, 4
2026/10/03 02:01:36.435, 20215, 2, 2647, 68.79, 4
2026/10/03 02:01:36.485, 20215, 2, 2647, 68.79, 4
2026/10/03 02:01:36.536, 20215, 2, 2647, 68.79, 4
2026/10/03 02:01:36.586, 20215, 2, 2647, 68.29, 4
2026/10/03 02:01:36.636, 20215, 2, 2647, 68.29, 4
2026/10/03 02:01:36.686, 20215, 2, 2647, 68.29, 4
2026/10/03 02:01:36.736, 20215, 2, 2647, 68.29, 4
2026/10/03 02:01:36.786, 20215, 2, 2647, 68.29, 4
2026/10/03 02:01:36.837, 20215, 2, 2647, 68.29, 4
2026/10/03 02:01:36.887, 20215, 2, 2647, 68.29, 4
2026/10/03 02:01:36.937, 20215, 2, 2647, 68.29, 4
2026/10/03 02:01:36.987, 20215, 2, 2647, 68.29, 4
2026/10/03 02:01:37.037, 20215, 2, 2647, 68.29, 4
2026/10/03 02:01:37.088, 20215, 0, 2647, 68.50, 4
2026/10/03 02:01:37.138, 20215, 0, 2647, 68.50, 4
2026/10/03 02:01:37.188, 20215, 0, 2647, 68.50, 4
2026/10/03 02:01:37.238, 20215, 0, 2647, 68.50, 4
2026/10/03 02:01:37.288, 20215, 0, 2647, 68.50, 4
2026/10/03 02:01:37.338, 20215, 0, 2647, 68.50, 4
2026/10/03 02:01:37.388, 20215, 0, 2647, 68.50, 4
2026/10/03 02:01:37.439, 20215, 0, 2647, 68.50, 4
2026/10/03 02:01:37.489, 20215, 0, 2647, 68.50, 4
2026/10/03 02:01:37.539, 20215, 0, 2647, 68.50, 4
2026/10/03 02:01:37.589, 20215, 0, 2647, 67.61, 4
2026/10/03 02:01:37.639, 20215, 0, 2647, 67.61, 4
2026/10/03 02:01:37.690, 20215, 0, 2647, 67.61, 4
2026/10/03 02:01:37.740, 20215, 0, 2647, 67.61, 4
2026/10/03 02:01:37.790, 20215, 0, 2647, 67.61, 4
2026/10/03 02:01:37.840, 20215, 0, 2647, 67.61, 4
2026/10/03 02:01:37.890, 20215, 0, 2647, 67.61, 4
2026/10/03 02:01:37.940, 20215, 0, 2647, 67.61, 4
2026/10/03 02:01:37.991, 20215, 0, 2647, 67.61, 4
2026/10/03 02:01:38.041, 20215, 0, 2647, 67.61, 4
2026/10/03 02:01:38.091, 20215, 0, 2647, 69.56, 4
2026/10/03 02:01:38.141, 20215, 0, 2647, 69.56, 4
2026/10/03 02:01:38.191, 20215, 0, 2647, 69.56, 4
2026/10/03 02:01:38.241, 20215, 0, 2647, 69.56, 4
2026/10/03 02:01:38.291, 20215, 0, 2647, 69.56, 4
2026/10/03 02:01:38.342, 20215, 0, 2647, 69.56, 4
2026/10/03 02:01:38.392, 20215, 0, 2647, 69.56, 4
2026/10/03 02:01:38.442, 20215, 0, 2647, 69.56, 4
2026/10/03 02:01:38.492, 20215, 0, 2647, 69.56, 4
2026/10/03 02:01:38.542, 20215, 0, 2647, 69.56, 4
2026/10/03 02:01:38.592, 20215, 0, 2655, 69.36, 4
2026/10/03 02:01:38.642, 20215, 0, 2655, 69.36, 4
2026/10/03 02:01:38.692, 20215, 0, 2655, 69.36, 4
2026/10/03 02:01:38.743, 20215, 0, 2655, 69.36, 4
2026/10/03 02:01:38.793, 20215, 0, 2655, 69.36, 4
2026/10/03 02:01:38.843, 20215, 0, 2655, 69.36, 4
2026/10/03 02:01:38.893, 20215, 0, 2655, 69.36, 4
2026/10/03 02:01:38.943, 20215, 0, 2655, 69.36, 4
2026/10/03 02:01:38.993, 20215, 0, 2655, 69.36, 4
2026/10/03 02:01:39.043, 20215, 0, 2655, 69.36, 4
2026/10/03 02:01:39.094, 20215, 0, 2647, 69.06, 4
2026/10/03 02:01:39.144, 20215, 0, 2647, 69.06, 4
2026/10/03 02:01:39.194, 20215, 0, 2647, 69.06, 4
2026/10/03 02:01:39.244, 20215, 0, 2647, 69.06, 4
2026/10/03 02:01:39.294, 20215, 0, 2647, 69.06, 4
2026/10/03 02:01:39.344, 20215, 0, 2647, 69.06, 4
2026/10/03 02:01:39.395, 20215, 0, 2647, 69.06, 4
2026/10/03 02:01:39.445, 20217, 0, 2647, 69.06, 4
2026/10/03 02:01:39.495, 20217, 0, 2647, 69.06, 4
2026/10/03 02:01:39.545, 20217, 0, 2647, 69.06, 4
2026/10/03 02:01:39.595, 20217, 0, 2647, 70.06, 4
2026/10/03 02:01:39.645, 20217, 0, 2647, 70.06, 4
2026/10/03 02:01:39.695, 20217, 0, 2647, 70.06, 4
2026/10/03 02:01:39.746, 20217, 0, 2647, 70.06, 4
2026/10/03 02:01:39.796, 20217, 0, 2647, 70.06, 4
2026/10/03 02:01:39.846, 20217, 0, 2647, 70.06, 4
2026/10/03 02:01:39.896, 20217, 0, 2647, 70.06, 4
2026/10/03 02:01:39.946, 20217, 0, 2647, 70.06, 4
2026/10/03 02:01:39.996, 20217, 0, 2647, 70.06, 4
2026/10/03 02:01:40.046, 20217, 0, 2647, 70.06, 4
2026/10/03 02:01:40.097, 20217, 0, 2647, 68.29, 4
2026/10/03 02:01:40.147, 20217, 0, 2647, 68.29, 4
2026/10/03 02:01:40.197, 20217, 0, 2647, 68.29, 4
2026/10/03 02:01:40.247, 20217, 0, 2647, 68.29, 4
2026/10/03 02:01:40.297, 20217, 0, 2647, 68.29, 4
2026/10/03 02:01:40.347, 20217, 0, 2647, 68.29, 4
2026/10/03 02:01:40.397, 20219, 0, 2647, 68.29, 4
2026/10/03 02:01:40.448, 20219, 0, 2647, 68.29, 4
2026/10/03 02:01:40.498, 20219, 0, 2647, 68.29, 4
2026/10/03 02:01:40.548, 20219, 0, 2647, 68.29, 4
2026/10/03 02:01:40.598, 20219, 0, 2647, 68.59, 4
2026/10/03 02:01:40.648, 20219, 0, 2647, 68.59, 4
2026/10/03 02:01:40.698, 20219, 0, 2647, 68.59, 4
2026/10/03 02:01:40.748, 20219, 0, 2647, 68.59, 4
2026/10/03 02:01:40.799, 20219, 0, 2647, 68.59, 4
2026/10/03 02:01:40.849, 20219, 0, 2647, 68.59, 4
2026/10/03 02:01:40.899, 20219, 0, 2647, 68.59, 4
2026/10/03 02:01:40.949, 20219, 0, 2647, 68.59, 4
2026/10/03 02:01:40.999, 20219, 0, 2647, 68.59, 4
2026/10/03 02:01:41.049, 20219, 0, 2647, 68.59, 4
2026/10/03 02:01:41.100, 20219, 0, 2647, 67.62, 4
2026/10/03 02:01:41.150, 20219, 0, 2647, 67.62, 4
2026/10/03 02:01:41.200, 20219, 0, 2647, 67.62, 4
2026/10/03 02:01:41.250, 20219, 0, 2647, 67.62, 4
2026/10/03 02:01:41.300, 20219, 0, 2647, 67.62, 4
2026/10/03 02:01:41.350, 20219, 0, 2647, 67.62, 4
2026/10/03 02:01:41.401, 20219, 0, 2647, 67.62, 4
2026/10/03 02:01:41.451, 20219, 0, 2647, 67.62, 4
2026/10/03 02:01:41.501, 20219, 0, 2647, 67.62, 4
2026/10/03 02:01:41.551, 20219, 0, 2647, 67.62, 4
2026/10/03 02:01:41.601, 20219, 0, 2647, 68.10, 4
2026/10/03 02:01:41.651, 20219, 0, 2647, 68.10, 4
2026/10/03 02:01:41.701, 20219, 0, 2647, 68.10, 4
2026/10/03 02:01:41.752, 20219, 0, 2647, 68.10, 4
2026/10/03 02:01:41.802, 20219, 0, 2647, 68.10, 4
2026/10/03 02:01:41.852, 20219, 0, 2647, 68.10, 4
2026/10/03 02:01:41.902, 20219, 0, 2647, 68.10, 4
2026/10/03 02:01:41.952, 20219, 0, 2647, 68.10, 4
2026/10/03 02:01:42.002, 20219, 0, 2647, 68.10, 4
2026/10/03 02:01:42.052, 20219, 0, 2647, 68.10, 4
2026/10/03 02:01:42.103, 20219, 0, 2647, 70.43, 4
2026/10/03 02:01:42.153, 20219, 0, 2647, 70.43, 4
2026/10/03 02:01:42.203, 20219, 0, 2647, 70.43, 4
2026/10/03 02:01:42.253, 20219, 0, 2647, 70.43, 4
2026/10/03 02:01:42.303, 20219, 0, 2647, 70.43, 4
2026/10/03 02:01:42.353, 20219, 0, 2647, 70.43, 4
2026/10/03 02:01:42.404, 20219, 0, 2647, 70.43, 4
2026/10/03 02:01:42.454, 20219, 0, 2647, 70.43, 4
2026/10/03 02:01:42.504, 20219, 0, 2647, 70.43, 4
2026/10/03 02:01:42.554, 20219, 0, 2647, 70.43, 4
2026/10/03 02:01:42.604, 20219, 0, 2655, 67.35, 4
2026/10/03 02:01:42.654, 20219, 0, 2655, 67.35, 4
2026/10/03 02:01:42.704, 20219, 0, 2655, 67.35, 4
2026/10/03 02:01:42.755, 20219, 0, 2655, 67.35, 4
2026/10/03 02:01:42.805, 20219, 0, 2655, 67.35, 4
2026/10/03 02:01:42.855, 20219, 0, 2655, 67.35, 4
2026/10/03 02:01:42.905, 20219, 0, 2655, 67.35, 4
2026/10/03 02:01:42.955, 20219, 0, 2655, 67.35, 4
2026/10/03 02:01:43.005, 20219, 0, 2655, 67.35, 4
2026/10/03 02:01:43.055, 20219, 0, 2655, 67.35, 4
2026/10/03 02:01:43.106, 20219, 0, 2647, 69.56, 4
2026/10/03 02:01:43.156, 20219, 0, 2647, 69.56, 4
2026/10/03 02:01:43.206, 20219, 0, 2647, 69.56, 4
2026/10/03 02:01:43.256, 20219, 0, 2647, 69.56, 4
2026/10/03 02:01:43.306, 20219, 0, 2647, 69.56, 4
2026/10/03 02:01:43.356, 20219, 0, 2647, 69.56, 4
2026/10/03 02:01:43.406, 20219, 0, 2647, 69.56, 4
2026/10/03 02:01:43.457, 20221, 0, 2647, 69.56, 4
2026/10/03 02:01:43.507, 20221, 0, 2647, 69.56, 4
2026/10/03 02:01:43.557, 20221, 0, 2647, 69.56, 4
2026/10/03 02:01:43.607, 20221, 0, 2647, 69.42, 4
2026/10/03 02:01:43.657, 20221, 0, 2647, 69.42, 4
2026/10/03 02:01:43.707, 20221, 0, 2647, 69.42, 4
2026/10/03 02:01:43.757, 20221, 0, 2647, 69.42, 4
2026/10/03 02:01:43.808, 20221, 0, 2647, 69.42, 4
2026/10/03 02:01:43.858, 20221, 0, 2647, 69.42, 4
2026/10/03 02:01:43.908, 20221, 0, 2647, 69.42, 4
2026/10/03 02:01:43.958, 20221, 0, 2647, 69.42, 4
2026/10/03 02:01:44.008, 20221, 0, 2647, 69.42, 4
2026/10/03 02:01:44.058, 20221, 0, 2647, 69.42, 4
2026/10/03 02:01:44.108, 20221, 0, 2647, 67.16, 4
2026/10/03 02:01:44.159, 20221, 0, 2647, 67.16, 4
2026/10/03 02:01:44.209, 20221, 0, 2647, 67.16, 4
2026/10/03 02:01:44.259, 20221, 0, 2647, 67.16, 4
2026/10/03 02:01:44.309, 20221, 0, 2647, 67.16, 4
2026/10/03 02:01:44.359, 20223, 0, 2647, 67.16, 4
2026/10/03 02:01:44.409, 20223, 0, 2647, 67.16, 4
2026/10/03 02:01:44.459, 20223, 0, 2647, 67.16, 4
2026/10/03 02:01:44.510, 20223, 0, 2647, 67.16, 4
2026/10/03 02:01:44.560, 20223, 0, 2647, 67.16, 4
2026/10/03 02:01:44.610, 20223, 0, 2655, 68.66, 4
2026/10/03 02:01:44.660, 20223, 0, 2655, 68.66, 4
2026/10/03 02:01:44.710, 20223, 0, 2655, 68.66, 4
2026/10/03 02:01:44.760, 20223, 0, 2655, 68.66, 4
2026/10/03 02:01:44.810, 20223, 0, 2655, 68.66, 4
2026/10/03 02:01:44.860, 20223, 0, 2655, 68.66, 4
2026/10/03 02:01:44.911, 20223, 0, 2655, 68.66, 4
2026/10/03 02:01:44.961, 20223, 0, 2655, 68.66, 4
2026/10/03 02:01:45.011, 20223, 0, 2655, 68.66, 4
2026/10/03 02:01:45.061, 20223, 0, 2655, 68.66, 4
2026/10/03 02:01:45.111, 20223, 0, 2647, 67.08, 4
2026/10/03 02:01:45.161, 20223, 0, 2647, 67.08, 4
2026/10/03 02:01:45.211, 20223, 0, 2647, 67.08, 4
2026/10/03 02:01:45.262, 20223, 0, 2647, 67.08, 4
2026/10/03 02:01:45.312, 20223, 0, 2647, 67.08, 4
2026/10/03 02:01:45.362, 20223, 0, 2647, 67.08, 4
2026/10/03 02:01:45.412, 20223, 0, 2647, 67.08, 4
2026/10/03 02:01:45.462, 20223, 0, 2647, 67.08, 4
2026/10/03 02:01:45.512, 20223, 0, 2647, 67.08, 4
2026/10/03 02:01:45.563, 20223, 0, 2647, 67.08, 4
2026/10/03 02:01:45.613, 20223, 0, 2647, 68.37, 4
2026/10/03 02:01:45.663, 20223, 0, 2647, 68.37, 4
2026/10/03 02:01:45.713, 20223, 0, 2647, 68.37, 4
2026/10/03 02:01:45.763, 20223, 0, 2647, 68.37, 4
2026/10/03 02:01:45.813, 20223, 0, 2647, 68.37, 4
2026/10/03 02:01:45.864, 20223, 0, 2647, 68.37, 4
2026/10/03 02:01:45.914, 20223, 0, 2647, 68.37, 4
2026/10/03 02:01:45.964, 20223, 0, 2647, 68.37, 4
2026/10/03 02:01:46.014, 20223, 0, 2647, 68.37, 4
2026/10/03 02:01:46.064, 20223, 0, 2647, 68.37, 4
2026/10/03 02:01:46.115, 20223, 0, 2647, 70.38, 4
2026/10/03 02:01:46.165, 20223, 0, 2647, 70.38, 4
2026/10/03 02:01:46.215, 20223, 0, 2647, 70.38, 4
2026/10/03 02:01:46.265, 20223, 0, 2647, 70.38, 4
2026/10/03 02:01:46.315, 20223, 0, 2647, 70.38, 4
2026/10/03 02:01:46.365, 20223, 0, 2647, 70.38, 4
2026/10/03 02:01:46.416, 20223, 0, 2647, 70.38, 4
2026/10/03 02:01:46.466, 20223, 0, 2647, 70.38, 4
2026/10/03 02:01:46.516, 20223, 0, 2647, 70.38, 4
2026/10/03 02:01:46.566, 20223, 0, 2647, 70.38, 4
2026/10/03 02:01:46.616, 20223, 0, 2655, 67.70, 4
2026/10/03 02:01:46.667, 20223, 0, 2655, 67.70, 4
2026/10/03 02:01:46.717, 20223, 0, 2655, 67.70, 4
2026/10/03 02:01:46.767, 20223, 0, 2655, 67.70, 4
2026/10/03 02:01:46.817, 20223, 0, 2655, 67.70, 4
2026/10/03 02:01:46.867, 20223, 0, 2655, 67.70, 4
2026/10/03 02:01:46.918, 20223, 0, 2655, 67.70, 4
2026/10/03 02:01:46.968, 20223, 0, 2655, 67.70, 4
2026/10/03 02:01:47.018, 20223, 0, 2655, 67.70, 4
2026/10/03 02:01:47.069, 20223, 0, 2647, 69.42, 4
2026/10/03 02:01:47.119, 20223, 0, 2647, 69.42, 4
2026/10/03 02:01:47.169, 20223, 0, 2647, 69.42, 4
2026/10/03 02:01:47.220, 20225, 0, 2647, 69.42, 4
2026/10/03 02:01:47.270, 20225, 0, 2647, 69.42, 4
2026/10/03 02:01:47.321, 20225, 0, 2647, 69.42, 4
2026/10/03 02:01:47.371, 20225, 0, 2647, 69.42, 4
2026/10/03 02:01:47.422, 20225, 0, 2647, 69.42, 4
2026/10/03 02:01:47.472, 20225, 0, 2647, 69.42, 4
2026/10/03 02:01:47.523, 20225, 0, 2647, 69.42, 4
2026/10/03 02:01:47.573, 20225, 0, 2655, 68.16, 4
2026/10/03 02:01:47.624, 20225, 0, 2655, 68.16, 4
2026/10/03 02:01:47.674, 20225, 0, 2655, 68.16, 4
2026/10/03 02:01:47.725, 20225, 0, 2655, 68.16, 4
2026/10/03 02:01:47.775, 20225, 0, 2655, 68.16, 4
2026/10/03 02:01:47.825, 20225, 0, 2655, 68.16, 4
2026/10/03 02:01:47.875, 20225, 0, 2655, 68.16, 4
2026/10/03 02:01:47.925, 20225, 0, 2655, 68.16, 4
2026/10/03 02:01:47.975, 20225, 0, 2655, 68.16, 4
2026/10/03 02:01:48.025, 20225, 0, 2655, 68.16, 4
2026/10/03 02:01:48.075, 20227, 0, 2655, 67.69, 4
2026/10/03 02:01:48.126, 20227, 0, 2655, 67.69, 4
2026/10/03 02:01:48.176, 20227, 0, 2655, 67.69, 4
2026/10/03 02:01:48.226, 20227, 0, 2655, 67.69, 4
2026/10/03 02:01:48.276, 20227, 0, 2655, 67.69, 4
2026/10/03 02:01:48.326, 20227, 0, 2655, 67.69, 4
2026/10/03 02:01:48.376, 20227, 0, 2655, 67.69, 4
2026/10/03 02:01:48.427, 20227, 0, 2655, 67.69, 4
2026/10/03 02:01:48.477, 20227, 0, 2655, 67.69, 4
2026/10/03 02:01:48.527, 20227, 0, 2655, 67.69, 4
2026/10/03 02:01:48.577, 20227, 0, 2647, 68.05, 4
2026/10/03 02:01:48.627, 20227, 0, 2647, 68.05, 4
2026/10/03 02:01:48.678, 20227, 0, 2647, 68.05, 4
2026/10/03 02:01:48.728, 20227, 0, 2647, 68.05, 4
2026/10/03 02:01:48.778, 20227, 0, 2647, 68.05, 4
2026/10/03 02:01:48.828, 20227, 0, 2647, 68.05, 4
2026/10/03 02:01:48.878, 20227, 0, 2647, 68.05, 4
2026/10/03 02:01:48.928, 20227, 0, 2647, 68.05, 4
2026/10/03 02:01:48.978, 20227, 0, 2647, 68.05, 4
2026/10/03 02:01:49.028, 20227, 0, 2647, 68.05, 4
2026/10/03 02:01:49.078, 20227, 0, 2647, 67.55, 4
2026/10/03 02:01:49.129, 20227, 0, 2647, 67.55, 4
2026/10/03 02:01:49.179, 20227, 0, 2647, 67.55, 4
2026/10/03 02:01:49.229, 20227, 0, 2647, 67.55, 4
2026/10/03 02:01:49.279, 20227, 0, 2647, 67.55, 4
2026/10/03 02:01:49.329, 20227, 0, 2647, 67.55, 4
2026/10/03 02:01:49.379, 20227, 0, 2647, 67.55, 4
2026/10/03 02:01:49.429, 20227, 0, 2647, 67.55, 4
2026/10/03 02:01:49.479, 20227, 0, 2647, 67.55, 4
2026/10/03 02:01:49.530, 20227, 0, 2647, 67.55, 4
2026/10/03 02:01:49.580, 20227, 0, 2647, 69.48, 4
2026/10/03 02:01:49.630, 20227, 0, 2647, 69.48, 4
2026/10/03 02:01:49.680, 20227, 0, 2647, 69.48, 4
2026/10/03 02:01:49.730, 20227, 0, 2647, 69.48, 4
2026/10/03 02:01:49.780, 20227, 0, 2647, 69.48, 4
2026/10/03 02:01:49.830, 20227, 0, 2647, 69.48, 4
2026/10/03 02:01:49.880, 20227, 0, 2647, 69.48, 4
2026/10/03 02:01:49.930, 20227, 0, 2647, 69.48, 4
2026/10/03 02:01:49.981, 20227, 0, 2647, 69.48, 4
2026/10/03 02:01:50.031, 20227, 0, 2647, 69.48, 4
2026/10/03 02:01:50.081, 20227, 0, 2655, 68.46, 4
2026/10/03 02:01:50.131, 20227, 0, 2655, 68.46, 4
2026/10/03 02:01:50.181, 20227, 0, 2655, 68.46, 4
2026/10/03 02:01:50.231, 20227, 0, 2655, 68.46, 4
2026/10/03 02:01:50.281, 20227, 0, 2655, 68.46, 4
2026/10/03 02:01:50.331, 20227, 0, 2655, 68.46, 4
2026/10/03 02:01:50.382, 20227, 0, 2655, 68.46, 4
2026/10/03 02:01:50.432, 20227, 0, 2655, 68.46, 4
2026/10/03 02:01:50.482, 20227, 0, 2655, 68.46, 4
2026/10/03 02:01:50.532, 20227, 0, 2655, 68.46, 4
2026/10/03 02:01:50.582, 20227, 0, 2647, 69.03, 4
2026/10/03 02:01:50.632, 20227, 0, 2647, 69.03, 4
2026/10/03 02:01:50.682, 20227, 0, 2647, 69.03, 4
2026/10/03 02:01:50.732, 20227, 0, 2647, 69.03, 4
2026/10/03 02:01:50.783, 20227, 0, 2647, 69.03, 4
2026/10/03 02:01:50.833, 20229, 0, 2647, 69.03, 4
2026/10/03 02:01:50.883, 20229, 0, 2647, 69.03, 4
2026/10/03 02:01:50.933, 20229, 0, 2647, 69.03, 4
2026/10/03 02:01:50.983, 20229, 0, 2647, 69.03, 4
2026/10/03 02:01:51.033, 20229, 0, 2647, 69.03, 4
2026/10/03 02:01:51.083, 20229, 0, 2655, 69.06, 4
2026/10/03 02:01:51.133, 20229, 0, 2655, 69.06, 4
2026/10/03 02:01:51.183, 20229, 0, 2655, 69.06, 4
2026/10/03 02:01:51.234, 20229, 0, 2655, 69.06, 4
2026/10/03 02:01:51.284, 20231, 0, 2655, 69.06, 4
2026/10/03 02:01:51.334, 20231, 0, 2655, 69.06, 4
2026/10/03 02:01:51.384, 20231, 0, 2655, 69.06, 4
2026/10/03 02:01:51.434, 20231, 0, 2655, 69.06, 4
2026/10/03 02:01:51.484, 20231, 0, 2655, 69.06, 4
2026/10/03 02:01:51.535, 20231, 0, 2655, 69.06, 4
2026/10/03 02:01:51.585, 20231, 0, 2655, 67.43, 4
2026/10/03 02:01:51.635, 20231, 0, 2655, 67.43, 4
2026/10/03 02:01:51.685, 20231, 0, 2655, 67.43, 4
2026/10/03 02:01:51.735, 20231, 0, 2655, 67.43, 4
2026/10/03 02:01:51.785, 20231, 0, 2655, 67.43, 4
2026/10/03 02:01:51.835, 20231, 0, 2655, 67.43, 4
2026/10/03 02:01:51.885, 20231, 0, 2655, 67.43, 4
2026/10/03 02:01:51.936, 20231, 0, 2655, 67.43, 4
2026/10/03 02:01:51.986, 20231, 0, 2655, 67.43, 4
2026/10/03 02:01:52.036, 20231, 0, 2655, 67.43, 4
2026/10/03 02:01:52.086, 20231, 0, 2655, 68.36, 4
2026/10/03 02:01:52.136, 20231, 0, 2655, 68.36, 4
2026/10/03 02:01:52.186, 20231, 0, 2655, 68.36, 4
2026/10/03 02:01:52.236, 20231, 0, 2655, 68.36, 4
2026/10/03 02:01:52.286, 20231, 0, 2655, 68.36, 4
2026/10/03 02:01:52.337, 20231, 0, 2655, 68.36, 4
2026/10/03 02:01:52.387, 20231, 0, 2655, 68.36, 4
2026/10/03 02:01:52.437, 20231, 0, 2655, 68.36, 4
2026/10/03 02:01:52.487, 20231, 0, 2655, 68.36, 4
2026/10/03 02:01:52.537, 20231, 0, 2655, 68.36, 4
2026/10/03 02:01:52.587, 20231, 0, 2647, 67.42, 4
2026/10/03 02:01:52.638, 20231, 0, 2647, 67.42, 4
2026/10/03 02:01:52.688, 20231, 0, 2647, 67.42, 4
2026/10/03 02:01:52.738, 20231, 0, 2647, 67.42, 4
2026/10/03 02:01:52.788, 20231, 0, 2647, 67.42, 4
2026/10/03 02:01:52.838, 20231, 0, 2647, 67.42, 4
2026/10/03 02:01:52.888, 20231, 0, 2647, 67.42, 4
2026/10/03 02:01:52.938, 20231, 0, 2647, 67.42, 4
2026/10/03 02:01:52.989, 20231, 0, 2647, 67.42, 4
2026/10/03 02:01:53.039, 20231, 0, 2647, 67.42, 4
2026/10/03 02:01:53.089, 20231, 0, 2647, 68.06, 4
2026/10/03 02:01:53.139, 20231, 0, 2647, 68.06, 4
2026/10/03 02:01:53.189, 20231, 0, 2647, 68.06, 4
2026/10/03 02:01:53.239, 20231, 0, 2647, 68.06, 4
2026/10/03 02:01:53.289, 20231, 0, 2647, 68.06, 4
2026/10/03 02:01:53.340, 20231, 0, 2647, 68.06, 4
2026/10/03 02:01:53.390, 20231, 0, 2647, 68.06, 4
2026/10/03 02:01:53.440, 20231, 0, 2647, 68.06, 4
2026/10/03 02:01:53.490, 20231, 0, 2647, 68.06, 4
2026/10/03 02:01:53.540, 20231, 0, 2647, 68.06, 4
2026/10/03 02:01:53.590, 20231, 0, 2647, 71.14, 4
2026/10/03 02:01:53.640, 20231, 0, 2647, 71.14, 4
2026/10/03 02:01:53.691, 20231, 0, 2647, 71.14, 4
2026/10/03 02:01:53.741, 20231, 0, 2647, 71.14, 4
2026/10/03 02:01:53.791, 20231, 0, 2647, 71.14, 4
2026/10/03 02:01:53.841, 20231, 0, 2647, 71.14, 4
2026/10/03 02:01:53.891, 20231, 0, 2647, 71.14, 4
2026/10/03 02:01:53.941, 20231, 0, 2647, 71.14, 4
2026/10/03 02:01:53.991, 20231, 0, 2647, 71.14, 4
2026/10/03 02:01:54.042, 20231, 0, 2647, 71.14, 4
2026/10/03 02:01:54.092, 20231, 0, 2647, 67.62, 4
2026/10/03 02:01:54.142, 20231, 0, 2647, 67.62, 4
2026/10/03 02:01:54.192, 20231, 0, 2647, 67.62, 4
2026/10/03 02:01:54.242, 20231, 0, 2647, 67.62, 4
2026/10/03 02:01:54.292, 20233, 0, 2647, 67.62, 4
2026/10/03 02:01:54.342, 20233, 0, 2647, 67.62, 4
2026/10/03 02:01:54.393, 20233, 0, 2647, 67.62, 4
2026/10/03 02:01:54.443, 20233, 0, 2647, 67.62, 4
2026/10/03 02:01:54.493, 20233, 0, 2647, 67.62, 4
2026/10/03 02:01:54.543, 20233, 0, 2647, 67.62, 4
2026/10/03 02:01:54.593, 20233, 0, 2655, 69.96, 4
2026/10/03 02:01:54.643, 20233, 0, 2655, 69.96, 4
2026/10/03 02:01:54.693, 20233, 0, 2655, 69.96, 4
2026/10/03 02:01:54.744, 20235, 0, 2655, 69.96, 4
2026/10/03 02:01:54.794, 20235, 0, 2655, 69.96, 4
2026/10/03 02:01:54.844, 20235, 0, 2655, 69.96, 4
2026/10/03 02:01:54.894, 20235, 0, 2655, 69.96, 4
2026/10/03 02:01:54.944, 20235, 0, 2655, 69.96, 4
2026/10/03 02:01:54.994, 20235, 0, 2655, 69.96, 4
2026/10/03 02:01:55.044, 20235, 0, 2655, 69.96, 4
2026/10/03 02:01:55.095, 20235, 0, 2655, 68.95, 4
2026/10/03 02:01:55.145, 20235, 0, 2655, 68.95, 4
2026/10/03 02:01:55.195, 20235, 0, 2655, 68.95, 4
2026/10/03 02:01:55.245, 20235, 0, 2655, 68.95, 4
2026/10/03 02:01:55.295, 20235, 0, 2655, 68.95, 4
2026/10/03 02:01:55.345, 20235, 0, 2655, 68.95, 4
2026/10/03 02:01:55.396, 20235, 0, 2655, 68.95, 4
2026/10/03 02:01:55.446, 20235, 0, 2655, 68.95, 4
2026/10/03 02:01:55.496, 20235, 0, 2655, 68.95, 4
2026/10/03 02:01:55.546, 20235, 0, 2655, 68.95, 4
2026/10/03 02:01:55.596, 20235, 0, 2655, 67.39, 4
2026/10/03 02:01:55.646, 20235, 0, 2655, 67.39, 4
2026/10/03 02:01:55.697, 20235, 0, 2655, 67.39, 4
2026/10/03 02:01:55.747, 20235, 0, 2655, 67.39, 4
2026/10/03 02:01:55.797, 20235, 0, 2655, 67.39, 4
2026/10/03 02:01:55.847, 20235, 0, 2655, 67.39, 4
2026/10/03 02:01:55.897, 20235, 0, 2655, 67.39, 4
2026/10/03 02:01:55.947, 20235, 0, 2655, 67.39, 4
2026/10/03 02:01:55.997, 20235, 0, 2655, 67.39, 4
2026/10/03 02:01:56.048, 20235, 0, 2655, 67.39, 4
2026/10/03 02:01:56.098, 20235, 0, 2647, 68.72, 4
2026/10/03 02:01:56.148, 20235, 0, 2647, 68.72, 4
2026/10/03 02:01:56.198, 20235, 0, 2647, 68.72, 4
2026/10/03 02:01:56.248, 20235, 0, 2647, 68.72, 4
2026/10/03 02:01:56.298, 20235, 0, 2647, 68.72, 4
2026/10/03 02:01:56.348, 20235, 0, 2647, 68.72, 4
2026/10/03 02:01:56.399, 20235, 0, 2647, 68.72, 4
2026/10/03 02:01:56.449, 20235, 0, 2647, 68.72, 4
2026/10/03 02:01:56.499, 20235, 0, 2647, 68.72, 4
2026/10/03 02:01:56.549, 20235, 0, 2647, 68.72, 4
2026/10/03 02:01:56.599, 20235, 0, 2647, 67.35, 4
2026/10/03 02:01:56.649, 20235, 0, 2647, 67.35, 4
2026/10/03 02:01:56.699, 20235, 0, 2647, 67.35, 4
2026/10/03 02:01:56.750, 20235, 0, 2647, 67.35, 4
2026/10/03 02:01:56.800, 20237, 0, 2647, 67.35, 4
2026/10/03 02:01:56.850, 20237, 0, 2647, 67.35, 4
2026/10/03 02:01:56.900, 20237, 0, 2647, 67.35, 4
2026/10/03 02:01:56.950, 20237, 0, 2647, 67.35, 4
2026/10/03 02:01:57.000, 20237, 0, 2647, 67.35, 4
2026/10/03 02:01:57.050, 20237, 0, 2647, 67.35, 4
2026/10/03 02:01:57.101, 20237, 0, 2655, 68.67, 4
2026/10/03 02:01:57.151, 20237, 0, 2655, 68.67, 4
2026/10/03 02:01:57.201, 20237, 0, 2655, 68.67, 4
2026/10/03 02:01:57.251, 20237, 0, 2655, 68.67, 4
2026/10/03 02:01:57.301, 20237, 0, 2655, 68.67, 4
2026/10/03 02:01:57.351, 20237, 0, 2655, 68.67, 4
2026/10/03 02:01:57.401, 20237, 0, 2655, 68.67, 4
2026/10/03 02:01:57.452, 20237, 0, 2655, 68.67, 4
2026/10/03 02:01:57.502, 20237, 0, 2655, 68.67, 4
2026/10/03 02:01:57.552, 20237, 0, 2655, 68.67, 4
2026/10/03 02:01:57.602, 20237, 0, 2647, 69.79, 4
2026/10/03 02:01:57.652, 20237, 0, 2647, 69.79, 4
2026/10/03 02:01:57.702, 20237, 0, 2647, 69.79, 4
2026/10/03 02:01:57.752, 20237, 0, 2647, 69.79, 4
2026/10/03 02:01:57.803, 20237, 0, 2647, 69.79, 4
2026/10/03 02:01:57.853, 20237, 0, 2647, 69.79, 4
2026/10/03 02:01:57.903, 20237, 0, 2647, 69.79, 4
2026/10/03 02:01:57.953, 20237, 0, 2647, 69.79, 4
2026/10/03 02:01:58.003, 20237, 0, 2647, 69.79, 4
2026/10/03 02:01:58.053, 20237, 0, 2647, 69.79, 4
2026/10/03 02:01:58.103, 20237, 0, 2655, 68.24, 4
2026/10/03 02:01:58.154, 20239, 0, 2655, 68.24, 4
2026/10/03 02:01:58.204, 20239, 0, 2655, 68.24, 4
2026/10/03 02:01:58.254, 20239, 0, 2655, 68.24, 4
2026/10/03 02:01:58.304, 20239, 0, 2655, 68.24, 4
2026/10/03 02:01:58.354, 20239, 0, 2655, 68.24, 4
2026/10/03 02:01:58.404, 20239, 0, 2655, 68.24, 4
2026/10/03 02:01:58.455, 20239, 0, 2655, 68.24, 4
2026/10/03 02:01:58.505, 20239, 0, 2655, 68.24, 4
2026/10/03 02:01:58.555, 20239, 0, 2655, 68.24, 4
2026/10/03 02:01:58.605, 20239, 0, 2655, 69.60, 4
2026/10/03 02:01:58.655, 20239, 0, 2655, 69.60, 4
2026/10/03 02:01:58.705, 20239, 0, 2655, 69.60, 4
2026/10/03 02:01:58.755, 20239, 0, 2655, 69.60, 4
2026/10/03 02:01:58.806, 20239, 0, 2655, 69.60, 4
2026/10/03 02:01:58.856, 20239, 0, 2655, 69.60, 4
2026/10/03 02:01:58.906, 20239, 0, 2655, 69.60, 4
2026/10/03 02:01:58.956, 20239, 0, 2655, 69.60, 4
2026/10/03 02:01:59.006, 20239, 0, 2655, 69.60, 4
2026/10/03 02:01:59.056, 20239, 0, 2655, 69.60, 4
2026/10/03 02:01:59.107, 20239, 0, 2647, 68.16, 4
2026/10/03 02:01:59.157, 20239, 0, 2647, 68.16, 4
2026/10/03 02:01:59.207, 20239, 0, 2647, 68.16, 4
2026/10/03 02:01:59.257, 20239, 0, 2647, 68.16, 4
2026/10/03 02:01:59.307, 20239, 0, 2647, 68.16, 4
2026/10/03 02:01:59.357, 20239, 0, 2647, 68.16, 4
2026/10/03 02:01:59.408, 20239, 0, 2647, 68.16, 4
2026/10/03 02:01:59.458, 20239, 0, 2647, 68.16, 4
2026/10/03 02:01:59.508, 20239, 0, 2647, 68.16, 4
2026/10/03 02:01:59.558, 20239, 0, 2647, 68.16, 4
2026/10/03 02:01:59.608, 20239, 0, 2647, 67.96, 4
2026/10/03 02:01:59.658, 20239, 0, 2647, 67.96, 4
2026/10/03 02:01:59.709, 20239, 0, 2647, 67.96, 4
2026/10/03 02:01:59.759, 20239, 0, 2647, 67.96, 4
2026/10/03 02:01:59.809, 20239, 0, 2647, 67.96, 4
2026/10/03 02:01:59.859, 20239, 0, 2647, 67.96, 4
2026/10/03 02:01:59.909, 20239, 0, 2647, 67.96, 4
2026/10/03 02:01:59.959, 20239, 0, 2647, 67.96, 4
2026/10/03 02:02:00.009, 20239, 0, 2647, 67.96, 4
2026/10/03 02:02:00.060, 20239, 0, 2647, 67.96, 4
2026/10/03 02:02:00.110, 20239, 0, 2647, 68.03, 4
2026/10/03 02:02:00.160, 20239, 0, 2647, 68.03, 4
2026/10/03 02:02:00.210, 20239, 0, 2647, 68.03, 4
2026/10/03 02:02:00.260, 20239, 0, 2647, 68.03, 4
2026/10/03 02:02:00.310, 20241, 0, 2647, 68.03, 4
2026/10/03 02:02:00.360, 20241, 0, 2647, 68.03, 4
2026/10/03 02:02:00.411, 20241, 0, 2647, 68.03, 4
2026/10/03 02:02:00.461, 20241, 0, 2647, 68.03, 4
2026/10/03 02:02:00.511, 20241, 0, 2647, 68.03, 4
2026/10/03 02:02:00.561, 20241, 0, 2647, 68.03, 4
2026/10/03 02:02:00.611, 20241, 0, 2655, 67.86, 4
2026/10/03 02:02:00.661, 20241, 0, 2655, 67.86, 4
2026/10/03 02:02:00.712, 20241, 0, 2655, 67.86, 4
2026/10/03 02:02:00.762, 20241, 0, 2655, 67.86, 4
2026/10/03 02:02:00.812, 20241, 0, 2655, 67.86, 4
2026/10/03 02:02:00.862, 20241, 0, 2655, 67.86, 4
2026/10/03 02:02:00.912, 20241, 0, 2655, 67.86, 4
2026/10/03 02:02:00.962, 20241, 0, 2655, 67.86, 4
2026/10/03 02:02:01.012, 20241, 0, 2655, 67.86, 4
2026/10/03 02:02:01.063, 20241, 0, 2655, 67.86, 4
2026/10/03 02:02:01.113, 20241, 0, 2647, 69.89, 4
2026/10/03 02:02:01.163, 20241, 0, 2647, 69.89, 4
2026/10/03 02:02:01.213, 20241, 0, 2647, 69.89, 4
2026/10/03 02:02:01.263, 20241, 0, 2647, 69.89, 4
2026/10/03 02:02:01.313, 20241, 0, 2647, 69.89, 4
2026/10/03 02:02:01.363, 20241, 0, 2647, 69.89, 4
2026/10/03 02:02:01.414, 20241, 0, 2647, 69.89, 4
2026/10/03 02:02:01.464, 20241, 0, 2647, 69.89, 4
2026/10/03 02:02:01.514, 20241, 0, 2647, 69.89, 4
2026/10/03 02:02:01.564, 20241, 0, 2647, 69.89, 4
2026/10/03 02:02:01.614, 20241, 0, 2655, 68.48, 4
2026/10/03 02:02:01.664, 20243, 0, 2655, 68.48, 4
2026/10/03 02:02:01.714, 20243, 0, 2655, 68.48, 4
2026/10/03 02:02:01.765, 20243, 0, 2655, 68.48, 4
2026/10/03 02:02:01.815, 20243, 0, 2655, 68.48, 4
2026/10/03 02:02:01.865, 20243, 0, 2655, 68.48, 4
2026/10/03 02:02:01.915, 20243, 0, 2655, 68.48, 4
2026/10/03 02:02:01.965, 20243, 0, 2655, 68.48, 4
2026/10/03 02:02:02.015, 20243, 0, 2655, 68.48, 4
2026/10/03 02:02:02.065, 20243, 0, 2655, 68.48, 4
2026/10/03 02:02:02.116, 20243, 0, 2655, 68.85, 4
2026/10/03 02:02:02.166, 20243, 0, 2655, 68.85, 4
2026/10/03 02:02:02.216, 20243, 0, 2655, 68.85, 4
2026/10/03 02:02:02.266, 20243, 0, 2655, 68.85, 4
2026/10/03 02:02:02.316, 20243, 0, 2655, 68.85, 4
2026/10/03 02:02:02.366, 20243, 0, 2655, 68.85, 4
2026/10/03 02:02:02.416, 20243, 0, 2655, 68.85, 4
2026/10/03 02:02:02.467, 20243, 0, 2655, 68.85, 4
2026/10/03 02:02:02.517, 20243, 0, 2655, 68.85, 4
2026/10/03 02:02:02.567, 20243, 0, 2655, 68.85, 4
2026/10/03 02:02:02.617, 20243, 0, 2647, 69.08, 4
2026/10/03 02:02:02.667, 20243, 0, 2647, 69.08, 4
2026/10/03 02:02:02.718, 20243, 0, 2647, 69.08, 4
2026/10/03 02:02:02.768, 20243, 0, 2647, 69.08, 4
2026/10/03 02:02:02.818, 20243, 0, 2647, 69.08, 4
2026/10/03 02:02:02.868, 20243, 0, 2647, 69.08, 4
2026/10/03 02:02:02.918, 20243, 0, 2647, 69.08, 4
2026/10/03 02:02:02.968, 20243, 0, 2647, 69.08, 4
2026/10/03 02:02:03.018, 20243, 0, 2647, 69.08, 4
2026/10/03 02:02:03.069, 20243, 0, 2647, 67.54, 4
2026/10/03 02:02:03.119, 20243, 0, 2647, 67.54, 4
2026/10/03 02:02:03.169, 20243, 0, 2647, 67.54, 4
2026/10/03 02:02:03.219, 20243, 0, 2647, 67.54, 4
2026/10/03 02:02:03.269, 20243, 0, 2647, 67.54, 4
2026/10/03 02:02:03.319, 20243, 0, 2647, 67.54, 4
2026/10/03 02:02:03.369, 20243, 0, 2647, 67.54, 4
2026/10/03 02:02:03.420, 20243, 0, 2647, 67.54, 4
2026/10/03 02:02:03.470, 20243, 0, 2647, 67.54, 4
2026/10/03 02:02:03.520, 20243, 0, 2647, 67.54, 4
2026/10/03 02:02:03.570, 20243, 0, 2647, 68.62, 4
2026/10/03 02:02:03.620, 20243, 0, 2647, 68.62, 4
2026/10/03 02:02:03.670, 20243, 0, 2647, 68.62, 4
2026/10/03 02:02:03.720, 20243, 0, 2647, 68.62, 4
2026/10/03 02:02:03.771, 20243, 0, 2647, 68.62, 4
2026/10/03 02:02:03.821, 20245, 0, 2647, 68.62, 4
2026/10/03 02:02:03.871, 20245, 0, 2647, 68.62, 4
2026/10/03 02:02:03.921, 20245, 0, 2647, 68.62, 4
2026/10/03 02:02:03.971, 20245, 0, 2647, 68.62, 4
2026/10/03 02:02:04.021, 20245, 0, 2647, 68.62, 4
2026/10/03 02:02:04.071, 20245, 0, 2655, 67.36, 4
2026/10/03 02:02:04.122, 20245, 0, 2655, 67.36, 4
2026/10/03 02:02:04.172, 20245, 0, 2655, 67.36, 4
2026/10/03 02:02:04.222, 20245, 0, 2655, 67.36, 4
2026/10/03 02:02:04.272, 20245, 0, 2655, 67.36, 4
2026/10/03 02:02:04.322, 20245, 0, 2655, 67.36, 4
2026/10/03 02:02:04.372, 20245, 0, 2655, 67.36, 4
2026/10/03 02:02:04.423, 20245, 0, 2655, 67.36, 4
2026/10/03 02:02:04.473, 20245, 0, 2655, 67.36, 4
2026/10/03 02:02:04.523, 20245, 0, 2655, 67.36, 4
2026/10/03 02:02:04.573, 20245, 0, 2647, 68.03, 4
2026/10/03 02:02:04.623, 20245, 0, 2647, 68.03, 4
2026/10/03 02:02:04.673, 20245, 0, 2647, 68.03, 4
2026/10/03 02:02:04.723, 20247, 0, 2647, 68.03, 4
2026/10/03 02:02:04.774, 20247, 0, 2647, 68.03, 4
2026/10/03 02:02:04.824, 20247, 0, 2647, 68.03, 4
2026/10/03 02:02:04.874, 20247, 0, 2647, 68.03, 4
2026/10/03 02:02:04.924, 20247, 0, 2647, 68.03, 4
2026/10/03 02:02:04.975, 20247, 0, 2647, 68.03, 4
2026/10/03 02:02:05.025, 20247, 0, 2647, 68.03, 4
2026/10/03 02:02:05.075, 20247, 0, 2655, 70.48, 4
2026/10/03 02:02:05.125, 20247, 0, 2655, 70.48, 4
2026/10/03 02:02:05.175, 20247, 0, 2655, 70.48, 4
2026/10/03 02:02:05.225, 20247, 0, 2655, 70.48, 4
2026/10/03 02:02:05.275, 20247, 0, 2655, 70.48, 4
2026/10/03 02:02:05.326, 20247, 0, 2655, 70.48, 4
2026/10/03 02:02:05.376, 20247, 0, 2655, 70.48, 4
2026/10/03 02:02:05.426, 20247, 0, 2655, 70.48, 4
2026/10/03 02:02:05.476, 20247, 0, 2655, 70.48, 4
2026/10/03 02:02:05.526, 20247, 0, 2655, 70.48, 4
2026/10/03 02:02:05.576, 20247, 0, 2655, 67.38, 4
2026/10/03 02:02:05.626, 20247, 0, 2655, 67.38, 4
2026/10/03 02:02:05.677, 20247, 0, 2655, 67.38, 4
2026/10/03 02:02:05.727, 20247, 0, 2655, 67.38, 4
2026/10/03 02:02:05.777, 20247, 0, 2655, 67.38, 4
2026/10/03 02:02:05.827, 20247, 0, 2655, 67.38, 4
2026/10/03 02:02:05.877, 20247, 0, 2655, 67.38, 4
2026/10/03 02:02:05.927, 20247, 0, 2655, 67.38, 4
2026/10/03 02:02:05.978, 20247, 0, 2655, 67.38, 4
2026/10/03 02:02:06.028, 20247, 0, 2655, 67.38, 4
2026/10/03 02:02:06.078, 20247, 0, 2647, 69.74, 4
2026/10/03 02:02:06.128, 20247, 0, 2647, 69.74, 4
2026/10/03 02:02:06.178, 20247, 0, 2647, 69.74, 4
2026/10/03 02:02:06.228, 20247, 0, 2647, 69.74, 4
2026/10/03 02:02:06.278, 20247, 0, 2647, 69.74, 4
2026/10/03 02:02:06.329, 20247, 0, 2647, 69.74, 4
2026/10/03 02:02:06.379, 20247, 0, 2647, 69.74, 4
2026/10/03 02:02:06.429, 20247, 0, 2647, 69.74, 4
2026/10/03 02:02:06.479, 20247, 0, 2647, 69.74, 4
2026/10/03 02:02:06.529, 20247, 0, 2647, 69.74, 4
2026/10/03 02:02:06.579, 20247, 0, 2647, 68.86, 4
2026/10/03 02:02:06.629, 20247, 0, 2647, 68.86, 4
2026/10/03 02:02:06.679, 20247, 0, 2647, 68.86, 4
2026/10/03 02:02:06.730, 20247, 0, 2647, 68.86, 4
2026/10/03 02:02:06.780, 20247, 0, 2647, 68.86, 4
2026/10/03 02:02:06.830, 20247, 0, 2647, 68.86, 4
2026/10/03 02:02:06.880, 20247, 0, 2647, 68.86, 4
2026/10/03 02:02:06.930, 20247, 0, 2647, 68.86, 4
2026/10/03 02:02:06.980, 20247, 0, 2647, 68.86, 4
2026/10/03 02:02:07.030, 20247, 0, 2647, 68.86, 4
2026/10/03 02:02:07.080, 20247, 0, 2647, 67.35, 4
2026/10/03 02:02:07.131, 20247, 0, 2647, 67.35, 4
2026/10/03 02:02:07.181, 20247, 0, 2647, 67.35, 4
2026/10/03 02:02:07.231, 20249, 0, 2647, 67.35, 4
2026/10/03 02:02:07.281, 20249, 0, 2647, 67.35, 4
2026/10/03 02:02:07.331, 20249, 0, 2647, 67.35, 4
2026/10/03 02:02:07.381, 20249, 0, 2647, 67.35, 4
2026/10/03 02:02:07.431, 20249, 0, 2647, 67.35, 4
2026/10/03 02:02:07.482, 20249, 0, 2647, 67.35, 4
2026/10/03 02:02:07.532, 20249, 0, 2647, 67.35, 4
2026/10/03 02:02:07.582, 20249, 0, 2655, 68.84, 4
2026/10/03 02:02:07.632, 20249, 0, 2655, 68.84, 4
2026/10/03 02:02:07.682, 20249, 0, 2655, 68.84, 4
2026/10/03 02:02:07.732, 20249, 0, 2655, 68.84, 4
2026/10/03 02:02:07.782, 20249, 0, 2655, 68.84, 4
2026/10/03 02:02:07.832, 20249, 0, 2655, 68.84, 4
2026/10/03 02:02:07.883, 20249, 0, 2655, 68.84, 4
2026/10/03 02:02:07.933, 20249, 0, 2655, 68.84, 4
2026/10/03 02:02:07.983, 20249, 0, 2655, 68.84, 4
2026/10/03 02:02:08.033, 20249, 0, 2655, 68.84, 4
2026/10/03 02:02:08.083, 20249, 0, 2647, 67.23, 4
2026/10/03 02:02:08.133, 20249, 0, 2647, 67.23, 4
2026/10/03 02:02:08.183, 20249, 0, 2647, 67.23, 4
2026/10/03 02:02:08.233, 20249, 0, 2647, 67.23, 4
2026/10/03 02:02:08.284, 20251, 0, 2647, 67.23, 4
2026/10/03 02:02:08.334, 20251, 0, 2647, 67.23, 4
2026/10/03 02:02:08.384, 20251, 0, 2647, 67.23, 4
2026/10/03 02:02:08.434, 20251, 0, 2647, 67.23, 4
2026/10/03 02:02:08.484, 20251, 0, 2647, 67.23, 4
2026/10/03 02:02:08.534, 20251, 0, 2647, 67.23, 4
2026/10/03 02:02:08.584, 20251, 0, 2655, 68.93, 4
2026/10/03 02:02:08.634, 20251, 0, 2655, 68.93, 4
2026/10/03 02:02:08.684, 20251, 0, 2655, 68.93, 4
2026/10/03 02:02:08.735, 20251, 0, 2655, 68.93, 4
2026/10/03 02:02:08.785, 20251, 0, 2655, 68.93, 4
2026/10/03 02:02:08.835, 20251, 0, 2655, 68.93, 4
2026/10/03 02:02:08.885, 20251, 0, 2655, 68.93, 4
2026/10/03 02:02:08.935, 20251, 0, 2655, 68.93, 4
2026/10/03 02:02:08.985, 20251, 0, 2655, 68.93, 4
2026/10/03 02:02:09.035, 20251, 0, 2655, 68.93, 4
2026/10/03 02:02:09.085, 20251, 0, 2655, 69.51, 4
2026/10/03 02:02:09.136, 20251, 0, 2655, 69.51, 4
2026/10/03 02:02:09.186, 20251, 0, 2655, 69.51, 4
2026/10/03 02:02:09.236, 20251, 0, 2655, 69.51, 4
2026/10/03 02:02:09.286, 20251, 0, 2655, 69.51, 4
2026/10/03 02:02:09.336, 20251, 0, 2655, 69.51, 4
2026/10/03 02:02:09.387, 20251, 0, 2655, 69.51, 4
2026/10/03 02:02:09.437, 20251, 0, 2655, 69.51, 4
2026/10/03 02:02:09.488, 20251, 0, 2655, 69.51, 4
2026/10/03 02:02:09.538, 20251, 0, 2655, 69.51, 4
2026/10/03 02:02:09.588, 20251, 0, 2655, 68.25, 4
2026/10/03 02:02:09.638, 20251, 0, 2655, 68.25, 4
2026/10/03 02:02:09.688, 20251, 0, 2655, 68.25, 4
2026/10/03 02:02:09.738, 20251, 0, 2655, 68.25, 4
2026/10/03 02:02:09.789, 20251, 0, 2655, 68.25, 4
2026/10/03 02:02:09.839, 20251, 0, 2655, 68.25, 4
2026/10/03 02:02:09.889, 20251, 0, 2655, 68.25, 4
2026/10/03 02:02:09.939, 20251, 0, 2655, 68.25, 4
2026/10/03 02:02:09.989, 20251, 0, 2655, 68.25, 4
2026/10/03 02:02:10.039, 20251, 0, 2655, 68.25, 4
2026/10/03 02:02:10.090, 20251, 0, 2647, 69.31, 4
2026/10/03 02:02:10.140, 20251, 0, 2647, 69.31, 4
2026/10/03 02:02:10.190, 20251, 0, 2647, 69.31, 4
2026/10/03 02:02:10.240, 20251, 0, 2647, 69.31, 4
2026/10/03 02:02:10.290, 20251, 0, 2647, 69.31, 4
2026/10/03 02:02:10.340, 20251, 0, 2647, 69.31, 4
2026/10/03 02:02:10.390, 20251, 0, 2647, 69.31, 4
2026/10/03 02:02:10.441, 20251, 0, 2647, 69.31, 4
2026/10/03 02:02:10.491, 20251, 0, 2647, 69.31, 4
2026/10/03 02:02:10.541, 20251, 0, 2647, 69.31, 4
2026/10/03 02:02:10.591, 20251, 0, 2647, 68.31, 4
2026/10/03 02:02:10.641, 20251, 0, 2647, 68.31, 4
2026/10/03 02:02:10.691, 20251, 0, 2647, 68.31, 4
2026/10/03 02:02:10.741, 20251, 0, 2647, 68.31, 4
2026/10/03 02:02:10.792, 20251, 0, 2647, 68.31, 4
2026/10/03 02:02:10.842, 20251, 0, 2647, 68.31, 4
2026/10/03 02:02:10.892, 20253, 0, 2647, 68.31, 4
2026/10/03 02:02:10.942, 20253, 0, 2647, 68.31, 4
2026/10/03 02:02:10.992, 20253, 0, 2647, 68.31, 4
2026/10/03 02:02:11.042, 20253, 0, 2647, 68.31, 4
2026/10/03 02:02:11.092, 20253, 0, 2655, 67.86, 4
2026/10/03 02:02:11.142, 20253, 0, 2655, 67.86, 4
2026/10/03 02:02:11.193, 20253, 0, 2655, 67.86, 4
2026/10/03 02:02:11.243, 20253, 0, 2655, 67.86, 4
2026/10/03 02:02:11.293, 20253, 0, 2655, 67.86, 4
2026/10/03 02:02:11.343, 20253, 0, 2655, 67.86, 4
2026/10/03 02:02:11.393, 20253, 0, 2655, 67.86, 4
2026/10/03 02:02:11.444, 20253, 0, 2655, 67.86, 4
2026/10/03 02:02:11.494, 20253, 0, 2655, 67.86, 4
2026/10/03 02:02:11.544, 20253, 0, 2655, 67.86, 4
2026/10/03 02:02:11.594, 20253, 0, 2647, 67.72, 4
2026/10/03 02:02:11.644, 20253, 0, 2647, 67.72, 4
2026/10/03 02:02:11.694, 20253, 0, 2647, 67.72, 4
2026/10/03 02:02:11.744, 20253, 0, 2647, 67.72, 4
2026/10/03 02:02:11.795, 20253, 0, 2647, 67.72, 4
2026/10/03 02:02:11.845, 20253, 0, 2647, 67.72, 4
2026/10/03 02:02:11.895, 20255, 0, 2647, 67.72, 4
2026/10/03 02:02:11.950, 20255, 0, 2647, 67.72, 4
2026/10/03 02:02:12.000, 20255, 0, 2647, 67.72, 4
2026/10/03 02:02:12.051, 20255, 0, 2647, 67.72, 4
2026/10/03 02:02:12.101, 20255, 0, 2655, 67.63, 4
2026/10/03 02:02:12.151, 20255, 0, 2655, 67.63, 4
2026/10/03 02:02:12.202, 20255, 0, 2655, 67.63, 4
2026/10/03 02:02:12.252, 20255, 0, 2655, 67.63, 4
2026/10/03 02:02:12.302, 20255, 0, 2655, 67.63, 4
2026/10/03 02:02:12.352, 20255, 0, 2655, 67.63, 4
2026/10/03 02:02:12.402, 20255, 0, 2655, 67.63, 4
2026/10/03 02:02:12.452, 20255, 0, 2655, 67.63, 4
2026/10/03 02:02:12.502, 20255, 0, 2655, 67.63, 4
2026/10/03 02:02:12.552, 20255, 0, 2655, 67.63, 4
2026/10/03 02:02:12.602, 20255, 0, 2655, 69.68, 4
2026/10/03 02:02:12.653, 20255, 0, 2655, 69.68, 4
2026/10/03 02:02:12.703, 20255, 0, 2655, 69.68, 4
2026/10/03 02:02:12.753, 20255, 0, 2655, 69.68, 4
2026/10/03 02:02:12.803, 20255, 0, 2655, 69.68, 4
2026/10/03 02:02:12.853, 20255, 0, 2655, 69.68, 4
2026/10/03 02:02:12.903, 20255, 0, 2655, 69.68, 4
2026/10/03 02:02:12.953, 20255, 0, 2655, 69.68, 4
2026/10/03 02:02:13.004, 20255, 0, 2655, 69.68, 4
2026/10/03 02:02:13.054, 20255, 0, 2655, 69.68, 4
2026/10/03 02:02:13.104, 20255, 0, 2655, 68.16, 4
2026/10/03 02:02:13.154, 20255, 0, 2655, 68.16, 4
2026/10/03 02:02:13.204, 20255, 0, 2655, 68.16, 4
2026/10/03 02:02:13.254, 20255, 0, 2655, 68.16, 4
2026/10/03 02:02:13.304, 20255, 0, 2655, 68.16, 4
2026/10/03 02:02:13.355, 20255, 0, 2655, 68.16, 4
2026/10/03 02:02:13.405, 20255, 0, 2655, 68.16, 4
2026/10/03 02:02:13.455, 20255, 0, 2655, 68.16, 4
2026/10/03 02:02:13.505, 20255, 0, 2655, 68.16, 4
2026/10/03 02:02:13.555, 20255, 0, 2655, 68.16, 4
2026/10/03 02:02:13.605, 20255, 0, 2647, 69.26, 4
2026/10/03 02:02:13.655, 20255, 0, 2647, 69.26, 4
2026/10/03 02:02:13.705, 20255, 0, 2647, 69.26, 4
2026/10/03 02:02:13.755, 20255, 0, 2647, 69.26, 4
2026/10/03 02:02:13.806, 20255, 0, 2647, 69.26, 4
2026/10/03 02:02:13.856, 20255, 0, 2647, 69.26, 4
2026/10/03 02:02:13.906, 20255, 0, 2647, 69.26, 4
2026/10/03 02:02:13.956, 20255, 0, 2647, 69.26, 4
2026/10/03 02:02:14.006, 20255, 0, 2647, 69.26, 4
2026/10/03 02:02:14.056, 20255, 0, 2647, 69.26, 4
2026/10/03 02:02:14.106, 20255, 0, 2647, 69.09, 4
2026/10/03 02:02:14.156, 20255, 0, 2647, 69.09, 4
2026/10/03 02:02:14.207, 20255, 0, 2647, 69.09, 4
2026/10/03 02:02:14.257, 20255, 0, 2647, 69.09, 4
2026/10/03 02:02:14.307, 20255, 0, 2647, 69.09, 4
2026/10/03 02:02:14.357, 20257, 0, 2647, 69.09, 4
2026/10/03 02:02:14.407, 20257, 0, 2647, 69.09, 4
2026/10/03 02:02:14.457, 20257, 0, 2647, 69.09, 4
2026/10/03 02:02:14.507, 20257, 0, 2647, 69.09, 4
2026/10/03 02:02:14.557, 20257, 0, 2647, 69.09, 4
2026/10/03 02:02:14.608, 20257, 0, 2655, 67.27, 4
2026/10/03 02:02:14.658, 20257, 0, 2655, 67.27, 4
2026/10/03 02:02:14.708, 20257, 0, 2655, 67.27, 4
2026/10/03 02:02:14.758, 20257, 0, 2655, 67.27, 4
2026/10/03 02:02:14.808, 20257, 0, 2655, 67.27, 4
2026/10/03 02:02:14.858, 20257, 0, 2655, 67.27, 4
2026/10/03 02:02:14.908, 20257, 0, 2655, 67.27, 4
2026/10/03 02:02:14.958, 20257, 0, 2655, 67.27, 4
2026/10/03 02:02:15.008, 20257, 0, 2655, 67.27, 4
2026/10/03 02:02:15.059, 20257, 0, 2655, 67.27, 4
2026/10/03 02:02:15.109, 20257, 0, 2647, 68.59, 4
2026/10/03 02:02:15.159, 20257, 0, 2647, 68.59, 4
2026/10/03 02:02:15.209, 20257, 0, 2647, 68.59, 4
2026/10/03 02:02:15.259, 20259, 0, 2647, 68.59, 4
2026/10/03 02:02:15.309, 20259, 0, 2647, 68.59, 4
2026/10/03 02:02:15.359, 20259, 0, 2647, 68.59, 4
2026/10/03 02:02:15.409, 20259, 0, 2647, 68.59, 4
2026/10/03 02:02:15.459, 20259, 0, 2647, 68.59, 4
2026/10/03 02:02:15.510, 20259, 0, 2647, 68.59, 4
2026/10/03 02:02:15.560, 20259, 0, 2647, 68.59, 4
2026/10/03 02:02:15.610, 20259, 0, 2655, 67.05, 4
2026/10/03 02:02:15.660, 20259, 0, 2655, 67.05, 4
2026/10/03 02:02:15.711, 20259, 0, 2655, 67.05, 4
2026/10/03 02:02:15.761, 20259, 0, 2655, 67.05, 4
2026/10/03 02:02:15.811, 20259, 0, 2655, 67.05, 4
2026/10/03 02:02:15.861, 20259, 0, 2655, 67.05, 4
2026/10/03 02:02:15.912, 20259, 0, 2655, 67.05, 4
2026/10/03 02:02:15.962, 20259, 0, 2655, 67.05, 4
2026/10/03 02:02:16.012, 20259, 0, 2655, 67.05, 4
2026/10/03 02:02:16.062, 20259, 0, 2655, 67.05, 4
2026/10/03 02:02:16.112, 20259, 0, 2655, 68.13, 4
2026/10/03 02:02:16.162, 20261, 0, 2655, 68.13, 4
2026/10/03 02:02:16.212, 20261, 0, 2655, 68.13, 4
2026/10/03 02:02:16.262, 20261, 0, 2655, 68.13, 4
2026/10/03 02:02:16.313, 20261, 0, 2655, 68.13, 4
2026/10/03 02:02:16.363, 20261, 0, 2655, 68.13, 4
2026/10/03 02:02:16.413, 20261, 0, 2655, 68.13, 4
2026/10/03 02:02:16.463, 20261, 0, 2655, 68.13, 4
2026/10/03 02:02:16.513, 20261, 0, 2655, 68.13, 4
2026/10/03 02:02:16.563, 20261, 0, 2655, 68.13, 4
2026/10/03 02:02:16.613, 20261, 0, 2655, 70.14, 4
2026/10/03 02:02:16.664, 20261, 0, 2655, 70.14, 4
2026/10/03 02:02:16.714, 20261, 0, 2655, 70.14, 4
2026/10/03 02:02:16.764, 20261, 0, 2655, 70.14, 4
2026/10/03 02:02:16.814, 20261, 0, 2655, 70.14, 4
2026/10/03 02:02:16.864, 20261, 0, 2655, 70.14, 4
2026/10/03 02:02:16.914, 20261, 0, 2655, 70.14, 4
2026/10/03 02:02:16.964, 20261, 0, 2655, 70.14, 4
2026/10/03 02:02:17.014, 20261, 0, 2655, 70.14, 4
2026/10/03 02:02:17.065, 20261, 0, 2655, 70.14, 4
2026/10/03 02:02:17.115, 20261, 0, 2647, 67.20, 4
2026/10/03 02:02:17.165, 20261, 0, 2647, 67.20, 4
2026/10/03 02:02:17.215, 20261, 0, 2647, 67.20, 4
2026/10/03 02:02:17.265, 20261, 0, 2647, 67.20, 4
2026/10/03 02:02:17.315, 20261, 0, 2647, 67.20, 4
2026/10/03 02:02:17.365, 20261, 0, 2647, 67.20, 4
2026/10/03 02:02:17.415, 20261, 0, 2647, 67.20, 4
2026/10/03 02:02:17.465, 20261, 0, 2647, 67.20, 4
2026/10/03 02:02:17.516, 20261, 0, 2647, 67.20, 4
2026/10/03 02:02:17.566, 20261, 0, 2647, 67.20, 4
2026/10/03 02:02:17.616, 20261, 0, 2647, 69.74, 4
2026/10/03 02:02:17.666, 20261, 0, 2647, 69.74, 4
2026/10/03 02:02:17.716, 20261, 0, 2647, 69.74, 4
2026/10/03 02:02:17.766, 20261, 0, 2647, 69.74, 4
2026/10/03 02:02:17.816, 20261, 0, 2647, 69.74, 4
2026/10/03 02:02:17.866, 20261, 0, 2647, 69.74, 4
2026/10/03 02:02:17.917, 20261, 0, 2647, 69.74, 4
2026/10/03 02:02:17.967, 20261, 0, 2647, 69.74, 4
2026/10/03 02:02:18.017, 20261, 0, 2647, 69.74, 4
2026/10/03 02:02:18.067, 20261, 0, 2647, 69.74, 4
2026/10/03 02:02:18.117, 20261, 0, 2655, 68.60, 4
2026/10/03 02:02:18.167, 20261, 0, 2655, 68.60, 4
2026/10/03 02:02:18.217, 20261, 0, 2655, 68.60, 4
2026/10/03 02:02:18.267, 20261, 0, 2655, 68.60, 4
2026/10/03 02:02:18.317, 20261, 0, 2655, 68.60, 4
2026/10/03 02:02:18.368, 20261, 0, 2655, 68.60, 4
2026/10/03 02:02:18.418, 20261, 0, 2655, 68.60, 4
2026/10/03 02:02:18.468, 20261, 0, 2655, 68.60, 4
2026/10/03 02:02:18.518, 20261, 0, 2655, 68.60, 4
2026/10/03 02:02:18.568, 20261, 0, 2647, 68.60, 4
2026/10/03 02:02:18.618, 20261, 0, 2647, 67.22, 4
2026/10/03 02:02:18.668, 20261, 0, 2647, 67.22, 4
2026/10/03 02:02:18.718, 20263, 0, 2647, 67.22, 4
2026/10/03 02:02:18.769, 20263, 0, 2647, 67.22, 4
2026/10/03 02:02:18.819, 20263, 0, 2647, 67.22, 4
2026/10/03 02:02:18.869, 20263, 0, 2647, 67.22, 4
2026/10/03 02:02:18.919, 20263, 0, 2647, 67.22, 4
2026/10/03 02:02:18.969, 20263, 0, 2647, 67.22, 4
2026/10/03 02:02:19.019, 20263, 0, 2647, 67.22, 4
2026/10/03 02:02:19.069, 20263, 0, 2655, 68.03, 4
2026/10/03 02:02:19.119, 20263, 0, 2655, 68.03, 4
2026/10/03 02:02:19.170, 20263, 0, 2655, 68.03, 4
2026/10/03 02:02:19.220, 20263, 0, 2655, 68.03, 4
2026/10/03 02:02:19.270, 20263, 0, 2655, 68.03, 4
2026/10/03 02:02:19.320, 20263, 0, 2655, 68.03, 4
2026/10/03 02:02:19.370, 20263, 0, 2655, 68.03, 4
2026/10/03 02:02:19.420, 20263, 0, 2655, 68.03, 4
2026/10/03 02:02:19.470, 20263, 0, 2655, 68.03, 4
2026/10/03 02:02:19.520, 20263, 0, 2655, 68.03, 4
2026/10/03 02:02:19.570, 20265, 0, 2655, 67.26, 4
2026/10/03 02:02:19.621, 20265, 0, 2655, 67.26, 4
2026/10/03 02:02:19.671, 20265, 0, 2655, 67.26, 4
2026/10/03 02:02:19.721, 20265, 0, 2655, 67.26, 4
2026/10/03 02:02:19.771, 20265, 0, 2655, 67.26, 4
2026/10/03 02:02:19.821, 20265, 0, 2655, 67.26, 4
2026/10/03 02:02:19.871, 20265, 0, 2655, 67.26, 4
2026/10/03 02:02:19.922, 20265, 0, 2655, 67.26, 4
2026/10/03 02:02:19.972, 20265, 0, 2655, 67.26, 4
2026/10/03 02:02:20.022, 20265, 0, 2655, 67.26, 4
2026/10/03 02:02:20.072, 20265, 0, 2647, 68.84, 4
2026/10/03 02:02:20.122, 20265, 0, 2647, 68.84, 4
2026/10/03 02:02:20.172, 20265, 0, 2647, 68.84, 4
2026/10/03 02:02:20.223, 20265, 0, 2647, 68.84, 4
2026/10/03 02:02:20.273, 20265, 0, 2647, 68.84, 4
2026/10/03 02:02:20.323, 20265, 0, 2647, 68.84, 4
2026/10/03 02:02:20.373, 20265, 0, 2647, 68.84, 4
2026/10/03 02:02:20.423, 20265, 0, 2647, 68.84, 4
2026/10/03 02:02:20.473, 20265, 0, 2647, 68.84, 4
2026/10/03 02:02:20.523, 20265, 0, 2647, 68.84, 4
2026/10/03 02:02:20.573, 20265, 0, 2647, 69.04, 4
2026/10/03 02:02:20.624, 20265, 0, 2647, 69.04, 4
2026/10/03 02:02:20.674, 20265, 0, 2647, 69.04, 4
2026/10/03 02:02:20.724, 20265, 0, 2647, 69.04, 4
2026/10/03 02:02:20.774, 20265, 0, 2647, 69.04, 4
2026/10/03 02:02:20.824, 20265, 0, 2647, 69.04, 4
2026/10/03 02:02:20.874, 20265, 0, 2647, 69.04, 4
2026/10/03 02:02:20.924, 20265, 0, 2647, 69.04, 4
2026/10/03 02:02:20.974, 20265, 0, 2647, 69.04, 4
2026/10/03 02:02:21.025, 20265, 0, 2647, 69.04, 4
2026/10/03 02:02:21.075, 20265, 0, 2647, 68.38, 4
2026/10/03 02:02:21.125, 20265, 0, 2647, 68.38, 4
2026/10/03 02:02:21.175, 20265, 0, 2647, 68.38, 4
2026/10/03 02:02:21.225, 20265, 0, 2647, 68.38, 4
2026/10/03 02:02:21.275, 20265, 0, 2647, 68.38, 4
2026/10/03 02:02:21.325, 20265, 0, 2647, 68.38, 4
2026/10/03 02:02:21.375, 20265, 0, 2647, 68.38, 4
2026/10/03 02:02:21.425, 20265, 0, 2647, 68.38, 4
2026/10/03 02:02:21.476, 20265, 0, 2647, 68.38, 4
2026/10/03 02:02:21.526, 20265, 0, 2647, 68.38, 4
2026/10/03 02:02:21.576, 20265, 0, 2655, 69.16, 4
2026/10/03 02:02:21.626, 20265, 0, 2655, 69.16, 4
2026/10/03 02:02:21.676, 20265, 0, 2655, 69.16, 4
2026/10/03 02:02:21.726, 20265, 0, 2655, 69.16, 4
2026/10/03 02:02:21.776, 20265, 0, 2655, 69.16, 4
2026/10/03 02:02:21.826, 20265, 0, 2655, 69.16, 4
2026/10/03 02:02:21.877, 20265, 0, 2655, 69.16, 4
2026/10/03 02:02:21.927, 20265, 0, 2655, 69.16, 4
2026/10/03 02:02:21.977, 20265, 0, 2655, 69.16, 4
2026/10/03 02:02:22.027, 20265, 0, 2655, 69.16, 4
2026/10/03 02:02:22.077, 20265, 0, 2647, 67.64, 4
2026/10/03 02:02:22.127, 20265, 0, 2647, 67.64, 4
2026/10/03 02:02:22.177, 20265, 0, 2647, 67.64, 4
2026/10/03 02:02:22.227, 20265, 0, 2647, 67.64, 4
2026/10/03 02:02:22.278, 20267, 0, 2647, 67.64, 4
2026/10/03 02:02:22.328, 20267, 0, 2647, 67.64, 4
2026/10/03 02:02:22.378, 20267, 0, 2647, 67.64, 4
2026/10/03 02:02:22.428, 20267, 0, 2647, 67.64, 4
2026/10/03 02:02:22.478, 20267, 0, 2647, 67.64, 4
2026/10/03 02:02:22.528, 20267, 0, 2647, 67.64, 4
2026/10/03 02:02:22.578, 20267, 0, 2655, 67.82, 4
2026/10/03 02:02:22.628, 20267, 0, 2655, 67.82, 4
2026/10/03 02:02:22.678, 20267, 0, 2655, 67.82, 4
2026/10/03 02:02:22.729, 20267, 0, 2655, 67.82, 4
2026/10/03 02:02:22.779, 20267, 0, 2655, 67.82, 4
2026/10/03 02:02:22.829, 20267, 0, 2655, 67.82, 4
2026/10/03 02:02:22.879, 20267, 0, 2655, 67.82, 4
2026/10/03 02:02:22.929, 20267, 0, 2655, 67.82, 4
2026/10/03 02:02:22.979, 20267, 0, 2655, 67.82, 4
2026/10/03 02:02:23.029, 20267, 0, 2655, 67.82, 4
2026/10/03 02:02:23.079, 20267, 0, 2655, 67.57, 4
2026/10/03 02:02:23.130, 20267, 0, 2655, 67.57, 4
2026/10/03 02:02:23.180, 20269, 0, 2655, 67.57, 4
2026/10/03 02:02:23.230, 20269, 0, 2655, 67.57, 4
2026/10/03 02:02:23.280, 20269, 0, 2655, 67.57, 4
2026/10/03 02:02:23.330, 20269, 0, 2655, 67.57, 4
2026/10/03 02:02:23.380, 20269, 0, 2655, 67.57, 4
2026/10/03 02:02:23.430, 20269, 0, 2655, 67.57, 4
2026/10/03 02:02:23.481, 20269, 0, 2655, 67.57, 4
2026/10/03 02:02:23.531, 20269, 0, 2655, 67.57, 4
2026/10/03 02:02:23.581, 20269, 0, 2655, 67.83, 4
2026/10/03 02:02:23.631, 20269, 0, 2655, 67.83, 4
2026/10/03 02:02:23.681, 20269, 0, 2655, 67.83, 4
2026/10/03 02:02:23.731, 20269, 0, 2655, 67.83, 4
2026/10/03 02:02:23.781, 20269, 0, 2655, 67.83, 4
2026/10/03 02:02:23.832, 20269, 0, 2655, 67.83, 4
2026/10/03 02:02:23.882, 20269, 0, 2655, 67.83, 4
2026/10/03 02:02:23.932, 20269, 0, 2655, 67.83, 4
2026/10/03 02:02:23.982, 20269, 0, 2655, 67.83, 4
2026/10/03 02:02:24.032, 20269, 0, 2655, 67.83, 4
2026/10/03 02:02:24.082, 20269, 0, 2647, 69.80, 4
2026/10/03 02:02:24.132, 20269, 0, 2647, 69.80, 4
2026/10/03 02:02:24.182, 20269, 0, 2647, 69.80, 4
2026/10/03 02:02:24.232, 20269, 0, 2647, 69.80, 4
2026/10/03 02:02:24.283, 20269, 0, 2647, 69.80, 4
2026/10/03 02:02:24.333, 20269, 0, 2647, 69.80, 4
2026/10/03 02:02:24.383, 20269, 0, 2647, 69.80, 4
2026/10/03 02:02:24.433, 20269, 0, 2647, 69.80, 4
2026/10/03 02:02:24.483, 20269, 0, 2647, 69.80, 4
2026/10/03 02:02:24.533, 20269, 0, 2647, 69.80, 4
2026/10/03 02:02:24.583, 20269, 0, 2647, 67.86, 4
2026/10/03 02:02:24.633, 20269, 0, 2647, 67.86, 4
2026/10/03 02:02:24.684, 20269, 0, 2647, 67.86, 4
2026/10/03 02:02:24.734, 20269, 0, 2647, 67.86, 4
2026/10/03 02:02:24.784, 20269, 0, 2647, 67.86, 4
2026/10/03 02:02:24.834, 20269, 0, 2647, 67.86, 4
2026/10/03 02:02:24.884, 20269, 0, 2647, 67.86, 4
2026/10/03 02:02:24.934, 20269, 0, 2647, 67.86, 4
2026/10/03 02:02:24.984, 20269, 0, 2647, 67.86, 4
2026/10/03 02:02:25.034, 20269, 0, 2647, 67.86, 4
2026/10/03 02:02:25.085, 20269, 0, 2655, 69.16, 4
2026/10/03 02:02:25.135, 20269, 0, 2655, 69.16, 4
2026/10/03 02:02:25.185, 20269, 0, 2655, 69.16, 4
2026/10/03 02:02:25.235, 20269, 0, 2655, 69.16, 4
2026/10/03 02:02:25.285, 20269, 0, 2655, 69.16, 4
2026/10/03 02:02:25.335, 20269, 0, 2655, 69.16, 4
2026/10/03 02:02:25.385, 20269, 0, 2655, 69.16, 4
2026/10/03 02:02:25.435, 20269, 0, 2655, 69.16, 4
2026/10/03 02:02:25.486, 20269, 0, 2655, 69.16, 4
2026/10/03 02:02:25.536, 20269, 0, 2655, 69.16, 4
2026/10/03 02:02:25.586, 20269, 0, 2647, 69.04, 4
2026/10/03 02:02:25.636, 20269, 0, 2647, 69.04, 4
2026/10/03 02:02:25.686, 20269, 0, 2647, 69.04, 4
2026/10/03 02:02:25.736, 20269, 0, 2647, 69.04, 4
2026/10/03 02:02:25.786, 20271, 0, 2647, 69.04, 4
2026/10/03 02:02:25.836, 20271, 0, 2647, 69.04, 4
2026/10/03 02:02:25.887, 20271, 0, 2647, 69.04, 4
2026/10/03 02:02:25.937, 20271, 0, 2647, 69.04, 4
2026/10/03 02:02:25.987, 20271, 0, 2647, 69.04, 4
2026/10/03 02:02:26.037, 20271, 0, 2647, 69.04, 4
2026/10/03 02:02:26.087, 20271, 0, 2655, 67.07, 4
2026/10/03 02:02:26.137, 20271, 0, 2655, 67.07, 4
2026/10/03 02:02:26.187, 20271, 0, 2655, 67.07, 4
2026/10/03 02:02:26.237, 20271, 0, 2655, 67.07, 4
2026/10/03 02:02:26.287, 20271, 0, 2655, 67.07, 4
2026/10/03 02:02:26.338, 20271, 0, 2655, 67.07, 4
2026/10/03 02:02:26.388, 20271, 0, 2655, 67.07, 4
2026/10/03 02:02:26.438, 20271, 0, 2655, 67.07, 4
2026/10/03 02:02:26.488, 20271, 0, 2655, 67.07, 4
2026/10/03 02:02:26.538, 20271, 0, 2655, 67.07, 4
2026/10/03 02:02:26.588, 20271, 0, 2655, 68.85, 4
2026/10/03 02:02:26.638, 20271, 0, 2655, 68.85, 4
2026/10/03 02:02:26.688, 20273, 0, 2655, 68.85, 4
2026/10/03 02:02:26.738, 20273, 0, 2655, 68.85, 4
2026/10/03 02:02:26.789, 20273, 0, 2655, 68.85, 4
2026/10/03 02:02:26.839, 20273, 0, 2655, 68.85, 4
2026/10/03 02:02:26.889, 20273, 0, 2655, 68.85, 4
2026/10/03 02:02:26.939, 20273, 0, 2655, 68.85, 4
2026/10/03 02:02:26.989, 20273, 0, 2655, 68.85, 4
2026/10/03 02:02:27.039, 20273, 0, 2655, 68.85, 4
2026/10/03 02:02:27.089, 20273, 0, 2655, 67.20, 4
2026/10/03 02:02:27.140, 20273, 0, 2655, 67.20, 4
2026/10/03 02:02:27.190, 20273, 0, 2655, 67.20, 4
2026/10/03 02:02:27.240, 20273, 0, 2655, 67.20, 4
2026/10/03 02:02:27.290, 20273, 0, 2655, 67.20, 4
2026/10/03 02:02:27.340, 20273, 0, 2655, 67.20, 4
2026/10/03 02:02:27.390, 20273, 0, 2655, 67.20, 4
2026/10/03 02:02:27.440, 20273, 0, 2655, 67.20, 4
2026/10/03 02:02:27.491, 20273, 0, 2655, 67.20, 4
2026/10/03 02:02:27.541, 20273, 0, 2655, 67.20, 4
2026/10/03 02:02:27.591, 20273, 0, 2647, 68.19, 4
2026/10/03 02:02:27.641, 20273, 0, 2647, 68.19, 4
2026/10/03 02:02:27.691, 20273, 0, 2647, 68.19, 4
2026/10/03 02:02:27.741, 20273, 0, 2647, 68.19, 4
2026/10/03 02:02:27.791, 20273, 0, 2647, 68.19, 4
2026/10/03 02:02:27.841, 20273, 0, 2647, 68.19, 4
2026/10/03 02:02:27.892, 20273, 0, 2647, 68.19, 4
2026/10/03 02:02:27.942, 20273, 0, 2647, 68.19, 4
2026/10/03 02:02:27.992, 20273, 0, 2647, 68.19, 4
2026/10/03 02:02:28.042, 20273, 0, 2647, 68.19, 4
2026/10/03 02:02:28.092, 20273, 0, 2647, 70.28, 4
2026/10/03 02:02:28.142, 20273, 0, 2647, 70.28, 4
2026/10/03 02:02:28.192, 20273, 0, 2647, 70.28, 4
2026/10/03 02:02:28.242, 20273, 0, 2647, 70.28, 4
2026/10/03 02:02:28.293, 20273, 0, 2647, 70.28, 4
2026/10/03 02:02:28.343, 20273, 0, 2647, 70.28, 4
2026/10/03 02:02:28.393, 20273, 0, 2647, 70.28, 4
2026/10/03 02:02:28.446, 20273, 0, 2647, 70.28, 4
2026/10/03 02:02:28.496, 20273, 0, 2647, 70.28, 4
2026/10/03 02:02:28.547, 20273, 0, 2647, 70.28, 4
2026/10/03 02:02:28.597, 20273, 0, 2655, 67.55, 4
2026/10/03 02:02:28.650, 20273, 0, 2655, 67.55, 4
2026/10/03 02:02:28.700, 20273, 0, 2655, 67.55, 4
2026/10/03 02:02:28.753, 20273, 0, 2655, 67.55, 4
2026/10/03 02:02:28.804, 20273, 0, 2655, 67.55, 4
2026/10/03 02:02:28.854, 20273, 0, 2655, 67.55, 4
2026/10/03 02:02:28.904, 20273, 0, 2655, 67.55, 4
2026/10/03 02:02:28.954, 20273, 0, 2655, 67.55, 4
2026/10/03 02:02:29.004, 20273, 0, 2655, 67.55, 4
2026/10/03 02:02:29.054, 20273, 0, 2655, 67.55, 4
2026/10/03 02:02:29.105, 20273, 0, 2647, 69.79, 4
2026/10/03 02:02:29.155, 20273, 0, 2647, 69.79, 4
2026/10/03 02:02:29.205, 20273, 0, 2647, 69.79, 4
2026/10/03 02:02:29.255, 20275, 0, 2647, 69.79, 4
2026/10/03 02:02:29.305, 20275, 0, 2647, 69.79, 4
2026/10/03 02:02:29.355, 20275, 0, 2647, 69.79, 4
2026/10/03 02:02:29.406, 20275, 0, 2647, 69.79, 4
2026/10/03 02:02:29.456, 20275, 0, 2647, 69.79, 4
2026/10/03 02:02:29.506, 20275, 0, 2647, 69.79, 4
2026/10/03 02:02:29.556, 20275, 0, 2647, 69.79, 4
2026/10/03 02:02:29.606, 20275, 0, 2655, 68.99, 4
2026/10/03 02:02:29.656, 20275, 0, 2655, 68.99, 4
2026/10/03 02:02:29.706, 20277, 0, 2655, 68.99, 4
2026/10/03 02:02:29.757, 20277, 0, 2655, 68.99, 4
2026/10/03 02:02:29.807, 20277, 0, 2655, 68.99, 4
2026/10/03 02:02:29.857, 20277, 0, 2655, 68.99, 4
2026/10/03 02:02:29.907, 20277, 0, 2655, 68.99, 4
2026/10/03 02:02:29.957, 20277, 0, 2655, 68.99, 4
2026/10/03 02:02:30.007, 20277, 0, 2655, 68.99, 4
2026/10/03 02:02:30.057, 20277, 0, 2655, 68.99, 4
2026/10/03 02:02:30.108, 20277, 0, 2655, 67.31, 4
2026/10/03 02:02:30.158, 20277, 0, 2655, 67.31, 4
2026/10/03 02:02:30.208, 20277, 0, 2655, 67.31, 4
2026/10/03 02:02:30.258, 20277, 0, 2655, 67.31, 4
2026/10/03 02:02:30.308, 20277, 0, 2655, 67.31, 4
2026/10/03 02:02:30.358, 20277, 0, 2655, 67.31, 4
2026/10/03 02:02:30.409, 20277, 0, 2655, 67.31, 4
2026/10/03 02:02:30.459, 20277, 0, 2655, 67.31, 4
2026/10/03 02:02:30.509, 20277, 0, 2655, 67.31, 4
2026/10/03 02:02:30.559, 20277, 0, 2655, 67.31, 4
2026/10/03 02:02:30.609, 20277, 0, 2655, 68.25, 4
2026/10/03 02:02:30.659, 20277, 0, 2655, 68.25, 4
2026/10/03 02:02:30.710, 20277, 0, 2655, 68.25, 4
2026/10/03 02:02:30.760, 20277, 0, 2655, 68.25, 4
2026/10/03 02:02:30.810, 20277, 0, 2655, 68.25, 4
2026/10/03 02:02:30.860, 20277, 0, 2655, 68.25, 4
2026/10/03 02:02:30.910, 20277, 0, 2655, 68.25, 4
2026/10/03 02:02:30.960, 20277, 0, 2655, 68.25, 4
2026/10/03 02:02:31.010, 20277, 0, 2655, 68.25, 4
2026/10/03 02:02:31.061, 20277, 0, 2655, 68.25, 4
2026/10/03 02:02:31.111, 20277, 0, 2647, 67.47, 4
2026/10/03 02:02:31.161, 20277, 0, 2647, 67.47, 4
2026/10/03 02:02:31.211, 20277, 0, 2647, 67.47, 4
2026/10/03 02:02:31.261, 20277, 0, 2647, 67.47, 4
2026/10/03 02:02:31.311, 20277, 0, 2647, 67.47, 4
2026/10/03 02:02:31.362, 20277, 0, 2647, 67.47, 4
2026/10/03 02:02:31.412, 20277, 0, 2647, 67.47, 4
2026/10/03 02:02:31.462, 20277, 0, 2647, 67.47, 4
2026/10/03 02:02:31.512, 20277, 0, 2647, 67.47, 4
2026/10/03 02:02:31.562, 20277, 0, 2647, 67.47, 4
2026/10/03 02:02:31.612, 20277, 0, 2647, 69.29, 4
2026/10/03 02:02:31.662, 20277, 0, 2647, 69.29, 4
2026/10/03 02:02:31.713, 20277, 0, 2647, 69.29, 4
2026/10/03 02:02:31.763, 20279, 0, 2647, 69.29, 4
2026/10/03 02:02:31.813, 20279, 0, 2647, 69.29, 4
2026/10/03 02:02:31.863, 20279, 0, 2647, 69.29, 4
2026/10/03 02:02:31.913, 20279, 0, 2647, 69.29, 4
2026/10/03 02:02:31.963, 20279, 0, 2647, 69.29, 4
2026/10/03 02:02:32.013, 20279, 0, 2647, 69.29, 4
2026/10/03 02:02:32.063, 20279, 0, 2647, 69.29, 4
2026/10/03 02:02:32.114, 20279, 0, 2655, 69.59, 4
2026/10/03 02:02:32.164, 20279, 0, 2655, 69.59, 4
2026/10/03 02:02:32.214, 20279, 0, 2655, 69.59, 4
2026/10/03 02:02:32.264, 20279, 0, 2655, 69.59, 4
2026/10/03 02:02:32.314, 20279, 0, 2655, 69.59, 4
2026/10/03 02:02:32.364, 20279, 0, 2655, 69.59, 4
2026/10/03 02:02:32.415, 20279, 0, 2655, 69.59, 4
2026/10/03 02:02:32.465, 20279, 0, 2655, 69.59, 4
2026/10/03 02:02:32.515, 20279, 0, 2655, 69.59, 4
2026/10/03 02:02:32.565, 20279, 0, 2655, 69.59, 4
2026/10/03 02:02:32.615, 20279, 0, 2647, 68.55, 4
2026/10/03 02:02:32.665, 20279, 0, 2647, 68.55, 4
2026/10/03 02:02:32.715, 20279, 0, 2647, 68.55, 4
2026/10/03 02:02:32.765, 20279, 0, 2647, 68.55, 4
2026/10/03 02:02:32.816, 20279, 0, 2647, 68.55, 4
2026/10/03 02:02:32.866, 20279, 0, 2647, 68.55, 4
2026/10/03 02:02:32.916, 20279, 0, 2647, 68.55, 4
2026/10/03 02:02:32.966, 20279, 0, 2647, 68.55, 4
2026/10/03 02:02:33.016, 20279, 0, 2647, 68.55, 4
2026/10/03 02:02:33.066, 20279, 0, 2647, 68.55, 4
2026/10/03 02:02:33.116, 20281, 0, 2655, 69.32, 4
2026/10/03 02:02:33.167, 20281, 0, 2655, 69.32, 4
2026/10/03 02:02:33.217, 20281, 0, 2655, 69.32, 4
2026/10/03 02:02:33.267, 20281, 0, 2655, 69.32, 4
2026/10/03 02:02:33.317, 20281, 0, 2655, 69.32, 4
2026/10/03 02:02:33.367, 20281, 0, 2655, 69.32, 4
2026/10/03 02:02:33.417, 20281, 0, 2655, 69.32, 4
2026/10/03 02:02:33.467, 20281, 0, 2655, 69.32, 4
2026/10/03 02:02:33.518, 20281, 0, 2655, 69.32, 4
2026/10/03 02:02:33.568, 20281, 0, 2655, 69.32, 4
2026/10/03 02:02:33.618, 20281, 0, 2647, 68.10, 4
2026/10/03 02:02:33.668, 20281, 0, 2647, 68.10, 4
2026/10/03 02:02:33.718, 20281, 0, 2647, 68.10, 4
2026/10/03 02:02:33.768, 20281, 0, 2647, 68.10, 4
2026/10/03 02:02:33.819, 20281, 0, 2647, 68.10, 4
2026/10/03 02:02:33.869, 20281, 0, 2647, 68.10, 4
2026/10/03 02:02:33.919, 20281, 0, 2647, 68.10, 4
2026/10/03 02:02:33.969, 20281, 0, 2647, 68.10, 4
2026/10/03 02:02:34.019, 20281, 0, 2647, 68.10, 4
2026/10/03 02:02:34.069, 20281, 0, 2647, 68.29, 4
2026/10/03 02:02:34.119, 20281, 0, 2647, 68.29, 4
2026/10/03 02:02:34.169, 20281, 0, 2647, 68.29, 4
2026/10/03 02:02:34.220, 20281, 0, 2647, 68.29, 4
2026/10/03 02:02:34.270, 20281, 0, 2647, 68.29, 4
2026/10/03 02:02:34.320, 20281, 0, 2647, 68.29, 4
2026/10/03 02:02:34.370, 20281, 0, 2647, 68.29, 4
2026/10/03 02:02:34.420, 20281, 0, 2647, 68.29, 4
2026/10/03 02:02:34.470, 20281, 0, 2647, 68.29, 4
2026/10/03 02:02:34.520, 20281, 0, 2647, 68.29, 4
2026/10/03 02:02:34.571, 20281, 0, 2647, 67.75, 4
2026/10/03 02:02:34.621, 20281, 0, 2647, 67.75, 4
2026/10/03 02:02:34.671, 20281, 0, 2647, 67.75, 4
2026/10/03 02:02:34.721, 20281, 0, 2647, 67.75, 4
2026/10/03 02:02:34.771, 20281, 0, 2647, 67.75, 4
2026/10/03 02:02:34.821, 20281, 0, 2647, 67.75, 4
2026/10/03 02:02:34.871, 20281, 0, 2647, 67.75, 4
2026/10/03 02:02:34.922, 20281, 0, 2647, 67.75, 4
2026/10/03 02:02:34.972, 20281, 0, 2647, 67.75, 4
2026/10/03 02:02:35.022, 20281, 0, 2647, 67.75, 4
2026/10/03 02:02:35.072, 20281, 0, 2647, 67.91, 4
2026/10/03 02:02:35.122, 20281, 0, 2647, 67.91, 4
2026/10/03 02:02:35.172, 20283, 0, 2647, 67.91, 4
2026/10/03 02:02:35.223, 20283, 0, 2647, 67.91, 4
2026/10/03 02:02:35.273, 20283, 0, 2647, 67.91, 4
2026/10/03 02:02:35.323, 20283, 0, 2647, 67.91, 4
2026/10/03 02:02:35.373, 20283, 0, 2647, 67.91, 4
2026/10/03 02:02:35.423, 20283, 0, 2647, 67.91, 4
2026/10/03 02:02:35.473, 20283, 0, 2647, 67.91, 4
2026/10/03 02:02:35.523, 20283, 0, 2647, 67.91, 4
2026/10/03 02:02:35.574, 20283, 0, 2655, 70.07, 4
2026/10/03 02:02:35.624, 20283, 0, 2655, 70.07, 4
2026/10/03 02:02:35.674, 20283, 0, 2655, 70.07, 4
2026/10/03 02:02:35.724, 20283, 0, 2655, 70.07, 4
2026/10/03 02:02:35.774, 20283, 0, 2655, 70.07, 4
2026/10/03 02:02:35.824, 20283, 0, 2655, 70.07, 4
2026/10/03 02:02:35.874, 20283, 0, 2655, 70.07, 4
2026/10/03 02:02:35.925, 20283, 0, 2655, 70.07, 4
2026/10/03 02:02:35.975, 20283, 0, 2655, 70.07, 4
2026/10/03 02:02:36.025, 20283, 0, 2655, 70.07, 4
2026/10/03 02:02:36.075, 20283, 0, 2647, 67.85, 4
2026/10/03 02:02:36.125, 20283, 0, 2647, 67.85, 4
2026/10/03 02:02:36.176, 20283, 0, 2647, 67.85, 4
2026/10/03 02:02:36.226, 20283, 0, 2647, 67.85, 4
2026/10/03 02:02:36.276, 20283, 0, 2647, 67.85, 4
2026/10/03 02:02:36.326, 20283, 0, 2647, 67.85, 4
2026/10/03 02:02:36.376, 20283, 0, 2647, 67.85, 4
2026/10/03 02:02:36.426, 20283, 0, 2647, 67.85, 4
2026/10/03 02:02:36.476, 20283, 0, 2647, 67.85, 4
2026/10/03 02:02:36.527, 20283, 0, 2647, 67.85, 4
2026/10/03 02:02:36.577, 20285, 0, 2647, 69.43, 4
2026/10/03 02:02:36.627, 20285, 0, 2647, 69.43, 4
2026/10/03 02:02:36.677, 20285, 0, 2647, 69.43, 4
2026/10/03 02:02:36.727, 20285, 0, 2647, 69.43, 4
2026/10/03 02:02:36.777, 20285, 0, 2647, 69.43, 4
2026/10/03 02:02:36.827, 20285, 0, 2647, 69.43, 4
2026/10/03 02:02:36.878, 20285, 0, 2647, 69.43, 4
2026/10/03 02:02:36.928, 20285, 0, 2647, 69.43, 4
2026/10/03 02:02:36.978, 20285, 0, 2647, 69.43, 4
2026/10/03 02:02:37.028, 20285, 0, 2647, 69.43, 4
2026/10/03 02:02:37.078, 20285, 4, 2647, 69.54, 4
2026/10/03 02:02:37.128, 20285, 4, 2647, 69.54, 4
2026/10/03 02:02:37.178, 20285, 4, 2647, 69.54, 4
2026/10/03 02:02:37.229, 20285, 4, 2647, 69.54, 4
2026/10/03 02:02:37.279, 20285, 4, 2647, 69.54, 4
2026/10/03 02:02:37.329, 20285, 4, 2647, 69.54, 4
2026/10/03 02:02:37.379, 20285, 4, 2647, 69.54, 4
2026/10/03 02:02:37.429, 20285, 4, 2647, 69.54, 4
2026/10/03 02:02:37.479, 20285, 4, 2647, 69.54, 4
2026/10/03 02:02:37.530, 20285, 4, 2647, 69.54, 4
2026/10/03 02:02:37.580, 20285, 4, 2647, 67.11, 4
2026/10/03 02:02:37.630, 20285, 4, 2647, 67.11, 4
2026/10/03 02:02:37.680, 20285, 4, 2647, 67.11, 4
2026/10/03 02:02:37.730, 20285, 4, 2647, 67.11, 4
2026/10/03 02:02:37.780, 20285, 4, 2647, 67.11, 4
2026/10/03 02:02:37.830, 20285, 4, 2647, 67.11, 4
2026/10/03 02:02:37.881, 20285, 4, 2647, 67.11, 4
2026/10/03 02:02:37.931, 20285, 4, 2647, 67.11, 4
2026/10/03 02:02:37.981, 20285, 4, 2647, 67.11, 4
2026/10/03 02:02:38.031, 20285, 4, 2647, 67.11, 4
2026/10/03 02:02:38.081, 20285, 0, 2647, 68.73, 4
2026/10/03 02:02:38.131, 20285, 0, 2647, 68.73, 4
2026/10/03 02:02:38.181, 20285, 0, 2647, 68.73, 4
2026/10/03 02:02:38.232, 20285, 0, 2647, 68.73, 4
2026/10/03 02:02:38.282, 20285, 0, 2647, 68.73, 4
2026/10/03 02:02:38.332, 20285, 0, 2647, 68.73, 4
2026/10/03 02:02:38.382, 20285, 0, 2647, 68.73, 4
2026/10/03 02:02:38.432, 20285, 0, 2647, 68.73, 4
2026/10/03 02:02:38.482, 20285, 0, 2647, 68.73, 4
2026/10/03 02:02:38.532, 20285, 0, 2647, 68.73, 4
2026/10/03 02:02:38.583, 20287, 0, 2647, 67.10, 4
2026/10/03 02:02:38.633, 20287, 0, 2647, 67.10, 4
2026/10/03 02:02:38.683, 20287, 0, 2647, 67.10, 4
2026/10/03 02:02:38.733, 20287, 0, 2647, 67.10, 4
2026/10/03 02:02:38.783, 20287, 0, 2647, 67.10, 4
2026/10/03 02:02:38.833, 20287, 0, 2647, 67.10, 4
2026/10/03 02:02:38.884, 20287, 0, 2647, 67.10, 4
2026/10/03 02:02:38.934, 20287, 0, 2647, 67.10, 4
2026/10/03 02:02:38.984, 20287, 0, 2647, 67.10, 4
2026/10/03 02:02:39.034, 20287, 0, 2647, 67.10, 4
2026/10/03 02:02:39.084, 20287, 0, 2647, 68.40, 4
2026/10/03 02:02:39.134, 20287, 0, 2647, 68.40, 4
2026/10/03 02:02:39.184, 20287, 0, 2647, 68.40, 4
2026/10/03 02:02:39.235, 20287, 0, 2647, 68.40, 4
2026/10/03 02:02:39.285, 20287, 0, 2647, 68.40, 4
2026/10/03 02:02:39.335, 20287, 0, 2647, 68.40, 4
2026/10/03 02:02:39.385, 20287, 0, 2647, 68.40, 4
2026/10/03 02:02:39.435, 20287, 0, 2647, 68.40, 4
2026/10/03 02:02:39.485, 20289, 0, 2647, 68.40, 4
2026/10/03 02:02:39.535, 20289, 0, 2647, 68.40, 4
2026/10/03 02:02:39.586, 20289, 0, 2647, 70.92, 4
2026/10/03 02:02:39.636, 20289, 0, 2647, 70.92, 4
2026/10/03 02:02:39.686, 20289, 0, 2647, 70.92, 4
2026/10/03 02:02:39.736, 20289, 0, 2647, 70.92, 4
2026/10/03 02:02:39.786, 20289, 0, 2647, 70.92, 4
2026/10/03 02:02:39.836, 20289, 0, 2647, 70.92, 4
2026/10/03 02:02:39.886, 20289, 0, 2647, 70.92, 4
2026/10/03 02:02:39.937, 20289, 0, 2647, 70.92, 4
2026/10/03 02:02:39.987, 20289, 0, 2647, 70.92, 4
2026/10/03 02:02:40.037, 20289, 0, 2647, 70.92, 4
2026/10/03 02:02:40.087, 20289, 0, 2647, 67.87, 4
2026/10/03 02:02:40.137, 20289, 0, 2647, 67.87, 4
2026/10/03 02:02:40.187, 20289, 0, 2647, 67.87, 4
2026/10/03 02:02:40.237, 20289, 0, 2647, 67.87, 4
2026/10/03 02:02:40.288, 20289, 0, 2647, 67.87, 4
2026/10/03 02:02:40.338, 20289, 0, 2647, 67.87, 4
2026/10/03 02:02:40.388, 20289, 0, 2647, 67.87, 4
2026/10/03 02:02:40.438, 20289, 0, 2647, 67.87, 4
2026/10/03 02:02:40.488, 20289, 0, 2647, 67.87, 4
2026/10/03 02:02:40.538, 20289, 0, 2647, 67.87, 4
2026/10/03 02:02:40.589, 20289, 0, 2655, 69.55, 4
2026/10/03 02:02:40.639, 20289, 0, 2655, 69.55, 4
2026/10/03 02:02:40.689, 20289, 0, 2655, 69.55, 4
2026/10/03 02:02:40.739, 20289, 0, 2655, 69.55, 4
2026/10/03 02:02:40.789, 20289, 0, 2655, 69.55, 4
2026/10/03 02:02:40.839, 20289, 0, 2655, 69.55, 4
2026/10/03 02:02:40.889, 20289, 0, 2655, 69.55, 4
2026/10/03 02:02:40.940, 20289, 0, 2655, 69.55, 4
2026/10/03 02:02:40.990, 20289, 0, 2655, 69.55, 4
2026/10/03 02:02:41.040, 20289, 0, 2655, 69.55, 4
2026/10/03 02:02:41.090, 20289, 0, 2647, 68.71, 4
2026/10/03 02:02:41.140, 20289, 0, 2647, 68.71, 4
2026/10/03 02:02:41.191, 20289, 0, 2647, 68.71, 4
2026/10/03 02:02:41.241, 20289, 0, 2647, 68.71, 4
2026/10/03 02:02:41.291, 20289, 0, 2647, 68.71, 4
2026/10/03 02:02:41.341, 20289, 0, 2647, 68.71, 4
2026/10/03 02:02:41.391, 20289, 0, 2647, 68.71, 4
2026/10/03 02:02:41.441, 20289, 0, 2647, 68.71, 4
2026/10/03 02:02:41.491, 20289, 0, 2647, 68.71, 4
2026/10/03 02:02:41.542, 20289, 0, 2647, 68.71, 4
2026/10/03 02:02:41.592, 20289, 0, 2647, 67.55, 4
2026/10/03 02:02:41.642, 20289, 0, 2647, 67.55, 4
2026/10/03 02:02:41.692, 20289, 0, 2647, 67.55, 4
2026/10/03 02:02:41.743, 20289, 0, 2647, 67.55, 4
2026/10/03 02:02:41.793, 20289, 0, 2647, 67.55, 4
2026/10/03 02:02:41.843, 20289, 0, 2647, 67.55, 4
2026/10/03 02:02:41.893, 20289, 0, 2647, 67.55, 4
2026/10/03 02:02:41.943, 20289, 0, 2647, 67.55, 4
2026/10/03 02:02:41.993, 20289, 0, 2647, 67.55, 4
2026/10/03 02:02:42.044, 20291, 0, 2647, 67.55, 4
2026/10/03 02:02:42.094, 20291, 0, 2647, 68.07, 4
2026/10/03 02:02:42.144, 20291, 0, 2647, 68.07, 4
2026/10/03 02:02:42.194, 20291, 0, 2647, 68.07, 4
2026/10/03 02:02:42.244, 20291, 0, 2647, 68.07, 4
2026/10/03 02:02:42.294, 20291, 0, 2647, 68.07, 4
2026/10/03 02:02:42.344, 20291, 0, 2647, 68.07, 4
2026/10/03 02:02:42.395, 20291, 0, 2647, 68.07, 4
2026/10/03 02:02:42.445, 20291, 0, 2647, 68.07, 4
2026/10/03 02:02:42.495, 20291, 0, 2647, 68.07, 4
2026/10/03 02:02:42.545, 20291, 0, 2647, 68.07, 4
2026/10/03 02:02:42.595, 20291, 0, 2647, 67.50, 4
2026/10/03 02:02:42.645, 20291, 0, 2647, 67.50, 4
2026/10/03 02:02:42.695, 20291, 0, 2647, 67.50, 4
2026/10/03 02:02:42.746, 20291, 0, 2647, 67.50, 4
2026/10/03 02:02:42.796, 20291, 0, 2647, 67.50, 4
2026/10/03 02:02:42.846, 20291, 0, 2647, 67.50, 4
2026/10/03 02:02:42.896, 20291, 0, 2647, 67.50, 4
2026/10/03 02:02:42.946, 20291, 0, 2647, 67.50, 4
2026/10/03 02:02:42.996, 20293, 0, 2647, 67.50, 4
2026/10/03 02:02:43.047, 20293, 0, 2647, 67.50, 4
2026/10/03 02:02:43.097, 20293, 1, 2647, 69.45, 4
2026/10/03 02:02:43.147, 20293, 1, 2647, 69.45, 4
2026/10/03 02:02:43.197, 20293, 1, 2647, 69.45, 4
2026/10/03 02:02:43.247, 20293, 1, 2647, 69.45, 4
2026/10/03 02:02:43.297, 20293, 1, 2647, 69.45, 4
2026/10/03 02:02:43.347, 20293, 1, 2647, 69.45, 4
2026/10/03 02:02:43.398, 20293, 1, 2647, 69.45, 4
2026/10/03 02:02:43.448, 20293, 1, 2647, 69.45, 4
2026/10/03 02:02:43.498, 20293, 1, 2647, 69.45, 4
2026/10/03 02:02:43.548, 20293, 1, 2647, 69.45, 4
2026/10/03 02:02:43.599, 20293, 1, 2647, 68.99, 4
2026/10/03 02:02:43.649, 20293, 1, 2647, 68.99, 4
2026/10/03 02:02:43.699, 20293, 1, 2647, 68.99, 4
2026/10/03 02:02:43.749, 20293, 1, 2647, 68.99, 4
2026/10/03 02:02:43.799, 20293, 1, 2647, 68.99, 4
2026/10/03 02:02:43.849, 20293, 1, 2647, 68.99, 4
2026/10/03 02:02:43.899, 20293, 1, 2647, 68.99, 4
2026/10/03 02:02:43.950, 20293, 1, 2647, 68.99, 4
2026/10/03 02:02:44.000, 20293, 1, 2647, 68.99, 4
2026/10/03 02:02:44.050, 20293, 1, 2647, 68.99, 4
2026/10/03 02:02:44.100, 20293, 0, 2647, 68.53, 4
2026/10/03 02:02:44.150, 20293, 0, 2647, 68.53, 4
2026/10/03 02:02:44.200, 20293, 0, 2647, 68.53, 4
2026/10/03 02:02:44.251, 20293, 0, 2647, 68.53, 4
2026/10/03 02:02:44.301, 20293, 0, 2647, 68.53, 4
2026/10/03 02:02:44.351, 20293, 0, 2647, 68.53, 4
2026/10/03 02:02:44.401, 20293, 0, 2647, 68.53, 4
2026/10/03 02:02:44.451, 20293, 0, 2647, 68.53, 4
2026/10/03 02:02:44.501, 20293, 0, 2647, 68.53, 4
2026/10/03 02:02:44.552, 20293, 0, 2647, 68.53, 4
2026/10/03 02:02:44.602, 20293, 0, 2647, 68.96, 4
2026/10/03 02:02:44.652, 20293, 0, 2647, 68.96, 4
2026/10/03 02:02:44.702, 20293, 0, 2647, 68.96, 4
2026/10/03 02:02:44.752, 20293, 0, 2647, 68.96, 4
2026/10/03 02:02:44.802, 20293, 0, 2647, 68.96, 4
2026/10/03 02:02:44.852, 20293, 0, 2647, 68.96, 4
2026/10/03 02:02:44.903, 20293, 0, 2647, 68.96, 4
2026/10/03 02:02:44.953, 20293, 0, 2647, 68.96, 4
2026/10/03 02:02:45.003, 20293, 0, 2647, 68.96, 4
2026/10/03 02:02:45.054, 20293, 0, 2647, 68.96, 4
2026/10/03 02:02:45.104, 20293, 0, 2647, 67.51, 4
2026/10/03 02:02:45.155, 20293, 0, 2647, 67.51, 4
2026/10/03 02:02:45.205, 20293, 0, 2647, 67.51, 4
2026/10/03 02:02:45.256, 20293, 0, 2647, 67.51, 4
2026/10/03 02:02:45.306, 20293, 0, 2647, 67.51, 4
2026/10/03 02:02:45.357, 20293, 0, 2647, 67.51, 4
2026/10/03 02:02:45.407, 20293, 0, 2647, 67.51, 4
2026/10/03 02:02:45.458, 20293, 0, 2647, 67.51, 4
2026/10/03 02:02:45.508, 20293, 0, 2647, 67.51, 4
2026/10/03 02:02:45.558, 20293, 0, 2647, 67.51, 4
2026/10/03 02:02:45.609, 20295, 0, 2647, 67.87, 4
2026/10/03 02:02:45.659, 20295, 0, 2647, 67.87, 4
2026/10/03 02:02:45.710, 20295, 0, 2647, 67.87, 4
2026/10/03 02:02:45.760, 20295, 0, 2647, 67.87, 4
2026/10/03 02:02:45.811, 20295, 0, 2647, 67.87, 4
2026/10/03 02:02:45.861, 20295, 0, 2647, 67.87, 4
2026/10/03 02:02:45.911, 20295, 0, 2647, 67.87, 4
2026/10/03 02:02:45.961, 20295, 0, 2647, 67.87, 4
2026/10/03 02:02:46.011, 20295, 0, 2647, 67.87, 4
2026/10/03 02:02:46.061, 20295, 0, 2647, 67.87, 4
2026/10/03 02:02:46.111, 20295, 0, 2647, 67.08, 4
2026/10/03 02:02:46.162, 20295, 0, 2647, 67.08, 4
2026/10/03 02:02:46.212, 20295, 0, 2647, 67.08, 4
2026/10/03 02:02:46.262, 20295, 0, 2647, 67.08, 4
2026/10/03 02:02:46.312, 20295, 0, 2647, 67.08, 4
2026/10/03 02:02:46.362, 20295, 0, 2647, 67.08, 4
2026/10/03 02:02:46.412, 20295, 0, 2647, 67.08, 4
2026/10/03 02:02:46.462, 20297, 0, 2647, 67.08, 4
2026/10/03 02:02:46.513, 20297, 0, 2647, 67.08, 4
2026/10/03 02:02:46.563, 20297, 0, 2647, 67.08, 4
2026/10/03 02:02:46.613, 20297, 0, 2647, 68.21, 4
2026/10/03 02:02:46.664, 20297, 0, 2647, 68.21, 4
2026/10/03 02:02:46.714, 20297, 0, 2647, 68.21, 4
2026/10/03 02:02:46.764, 20297, 0, 2647, 68.21, 4
2026/10/03 02:02:46.814, 20297, 0, 2647, 68.21, 4
2026/10/03 02:02:46.864, 20297, 0, 2647, 68.21, 4
2026/10/03 02:02:46.914, 20297, 0, 2647, 68.21, 4
2026/10/03 02:02:46.964, 20297, 0, 2647, 68.21, 4
2026/10/03 02:02:47.015, 20297, 0, 2647, 68.21, 4
2026/10/03 02:02:47.065, 20297, 0, 2647, 68.21, 4
2026/10/03 02:02:47.115, 20297, 0, 2647, 70.37, 4
2026/10/03 02:02:47.165, 20297, 0, 2647, 70.37, 4
2026/10/03 02:02:47.215, 20297, 0, 2647, 70.37, 4
2026/10/03 02:02:47.265, 20297, 0, 2647, 70.37, 4
2026/10/03 02:02:47.315, 20297, 0, 2647, 70.37, 4
2026/10/03 02:02:47.366, 20297, 0, 2647, 70.37, 4
2026/10/03 02:02:47.416, 20297, 0, 2647, 70.37, 4
2026/10/03 02:02:47.466, 20297, 0, 2647, 70.37, 4
2026/10/03 02:02:47.516, 20297, 0, 2647, 70.37, 4
2026/10/03 02:02:47.566, 20297, 0, 2647, 70.37, 4
2026/10/03 02:02:47.616, 20297, 0, 2655, 67.09, 4
2026/10/03 02:02:47.667, 20297, 0, 2655, 67.09, 4
2026/10/03 02:02:47.717, 20297, 0, 2655, 67.09, 4
2026/10/03 02:02:47.767, 20297, 0, 2655, 67.09, 4
2026/10/03 02:02:47.817, 20297, 0, 2655, 67.09, 4
2026/10/03 02:02:47.867, 20297, 0, 2655, 67.09, 4
2026/10/03 02:02:47.917, 20297, 0, 2655, 67.09, 4
2026/10/03 02:02:47.968, 20297, 0, 2655, 67.09, 4
2026/10/03 02:02:48.018, 20297, 0, 2655, 67.09, 4
2026/10/03 02:02:48.068, 20297, 0, 2655, 67.09, 4
2026/10/03 02:02:48.118, 20297, 0, 2647, 69.15, 4
2026/10/03 02:02:48.168, 20297, 0, 2647, 69.15, 4
2026/10/03 02:02:48.218, 20297, 0, 2647, 69.15, 4
2026/10/03 02:02:48.268, 20297, 0, 2647, 69.15, 4
2026/10/03 02:02:48.319, 20297, 0, 2647, 69.15, 4
2026/10/03 02:02:48.369, 20297, 0, 2647, 69.15, 4
2026/10/03 02:02:48.419, 20297, 0, 2647, 69.15, 4
2026/10/03 02:02:48.469, 20297, 0, 2647, 69.15, 4
2026/10/03 02:02:48.519, 20297, 0, 2647, 69.15, 4
2026/10/03 02:02:48.569, 20297, 0, 2647, 68.45, 4
2026/10/03 02:02:48.619, 20297, 0, 2647, 68.45, 4
2026/10/03 02:02:48.670, 20297, 0, 2647, 68.45, 4
2026/10/03 02:02:48.720, 20297, 0, 2647, 68.45, 4
2026/10/03 02:02:48.770, 20297, 0, 2647, 68.45, 4
2026/10/03 02:02:48.820, 20297, 0, 2647, 68.45, 4
2026/10/03 02:02:48.870, 20297, 0, 2647, 68.45, 4
2026/10/03 02:02:48.920, 20297, 0, 2647, 68.45, 4
2026/10/03 02:02:48.970, 20297, 0, 2647, 68.45, 4
2026/10/03 02:02:49.021, 20299, 0, 2647, 68.45, 4
2026/10/03 02:02:49.071, 20299, 4, 2647, 67.28, 4
2026/10/03 02:02:49.121, 20299, 4, 2647, 67.28, 4
2026/10/03 02:02:49.171, 20299, 4, 2647, 67.28, 4
2026/10/03 02:02:49.221, 20299, 4, 2647, 67.28, 4
2026/10/03 02:02:49.271, 20299, 4, 2647, 67.28, 4
2026/10/03 02:02:49.321, 20299, 4, 2647, 67.28, 4
2026/10/03 02:02:49.372, 20299, 4, 2647, 67.28, 4
2026/10/03 02:02:49.422, 20299, 4, 2647, 67.28, 4
2026/10/03 02:02:49.472, 20299, 4, 2647, 67.28, 4
2026/10/03 02:02:49.522, 20299, 4, 2647, 67.28, 4
2026/10/03 02:02:49.572, 20299, 4, 2647, 68.40, 4
2026/10/03 02:02:49.622, 20299, 4, 2647, 68.40, 4
2026/10/03 02:02:49.672, 20299, 4, 2647, 68.40, 4
2026/10/03 02:02:49.723, 20299, 4, 2647, 68.40, 4
2026/10/03 02:02:49.773, 20299, 4, 2647, 68.40, 4
2026/10/03 02:02:49.823, 20299, 4, 2647, 68.40, 4
2026/10/03 02:02:49.873, 20299, 4, 2647, 68.40, 4
2026/10/03 02:02:49.923, 20301, 4, 2647, 68.40, 4
2026/10/03 02:02:49.973, 20301, 4, 2647, 68.40, 4
2026/10/03 02:02:50.023, 20301, 4, 2647, 68.40, 4
2026/10/03 02:02:50.074, 20301, 1, 2647, 67.23, 4
2026/10/03 02:02:50.124, 20301, 1, 2647, 67.23, 4
2026/10/03 02:02:50.174, 20301, 1, 2647, 67.23, 4
2026/10/03 02:02:50.224, 20301, 1, 2647, 67.23, 4
2026/10/03 02:02:50.274, 20301, 1, 2647, 67.23, 4
2026/10/03 02:02:50.324, 20301, 1, 2647, 67.23, 4
2026/10/03 02:02:50.374, 20301, 1, 2647, 67.23, 4
2026/10/03 02:02:50.425, 20301, 1, 2647, 67.23, 4
2026/10/03 02:02:50.475, 20301, 1, 2647, 67.23, 4
2026/10/03 02:02:50.525, 20301, 1, 2647, 67.23, 4
2026/10/03 02:02:50.575, 20301, 1, 2655, 68.36, 4
2026/10/03 02:02:50.625, 20301, 1, 2655, 68.36, 4
2026/10/03 02:02:50.675, 20301, 1, 2655, 68.36, 4
2026/10/03 02:02:50.725, 20301, 1, 2655, 68.36, 4
2026/10/03 02:02:50.776, 20303, 1, 2655, 68.36, 4
2026/10/03 02:02:50.826, 20303, 1, 2655, 68.36, 4
2026/10/03 02:02:50.876, 20303, 1, 2655, 68.36, 4
2026/10/03 02:02:50.926, 20303, 1, 2655, 68.36, 4
2026/10/03 02:02:50.976, 20303, 1, 2655, 68.36, 4
2026/10/03 02:02:51.027, 20303, 1, 2655, 68.36, 4
2026/10/03 02:02:51.077, 20303, 0, 2655, 69.87, 4
2026/10/03 02:02:51.127, 20303, 0, 2655, 69.87, 4
2026/10/03 02:02:51.177, 20303, 0, 2655, 69.87, 4
2026/10/03 02:02:51.227, 20303, 0, 2655, 69.87, 4
2026/10/03 02:02:51.277, 20303, 0, 2655, 69.87, 4
2026/10/03 02:02:51.328, 20303, 0, 2655, 69.87, 4
2026/10/03 02:02:51.378, 20303, 0, 2655, 69.87, 4
2026/10/03 02:02:51.428, 20303, 0, 2655, 69.87, 4
2026/10/03 02:02:51.478, 20303, 0, 2655, 69.87, 4
2026/10/03 02:02:51.528, 20303, 0, 2655, 69.87, 4
2026/10/03 02:02:51.578, 20303, 0, 2647, 67.69, 4
2026/10/03 02:02:51.628, 20303, 0, 2647, 67.69, 4
2026/10/03 02:02:51.679, 20303, 0, 2647, 67.69, 4
2026/10/03 02:02:51.729, 20303, 0, 2647, 67.69, 4
2026/10/03 02:02:51.779, 20303, 0, 2647, 67.69, 4
2026/10/03 02:02:51.829, 20303, 0, 2647, 67.69, 4
2026/10/03 02:02:51.879, 20303, 0, 2647, 67.69, 4
2026/10/03 02:02:51.929, 20303, 0, 2647, 67.69, 4
2026/10/03 02:02:51.980, 20303, 0, 2647, 67.69, 4
2026/10/03 02:02:52.030, 20303, 0, 2647, 67.69, 4
2026/10/03 02:02:52.080, 20303, 0, 2647, 69.44, 4
2026/10/03 02:02:52.130, 20303, 0, 2647, 69.44, 4
2026/10/03 02:02:52.180, 20303, 0, 2647, 69.44, 4
2026/10/03 02:02:52.230, 20303, 0, 2647, 69.44, 4
2026/10/03 02:02:52.280, 20303, 0, 2647, 69.44, 4
2026/10/03 02:02:52.331, 20303, 0, 2647, 69.44, 4
2026/10/03 02:02:52.381, 20303, 0, 2647, 69.44, 4
2026/10/03 02:02:52.431, 20303, 0, 2647, 69.44, 4
2026/10/03 02:02:52.481, 20303, 0, 2647, 69.44, 4
2026/10/03 02:02:52.531, 20303, 0, 2647, 69.44, 4
2026/10/03 02:02:52.581, 20303, 0, 2647, 68.75, 4
2026/10/03 02:02:52.631, 20303, 0, 2647, 68.75, 4
2026/10/03 02:02:52.682, 20303, 0, 2647, 68.75, 4
2026/10/03 02:02:52.732, 20303, 0, 2647, 68.75, 4
2026/10/03 02:02:52.782, 20303, 0, 2647, 68.75, 4
2026/10/03 02:02:52.832, 20303, 0, 2647, 68.75, 4
2026/10/03 02:02:52.882, 20303, 0, 2647, 68.75, 4
2026/10/03 02:02:52.933, 20303, 0, 2647, 68.75, 4
2026/10/03 02:02:52.983, 20303, 0, 2647, 68.75, 4
2026/10/03 02:02:53.033, 20303, 0, 2647, 68.75, 4
2026/10/03 02:02:53.083, 20303, 0, 2647, 67.73, 4
2026/10/03 02:02:53.133, 20303, 0, 2647, 67.73, 4
2026/10/03 02:02:53.183, 20303, 0, 2647, 67.73, 4
2026/10/03 02:02:53.234, 20303, 0, 2647, 67.73, 4
2026/10/03 02:02:53.284, 20303, 0, 2647, 67.73, 4
2026/10/03 02:02:53.334, 20303, 0, 2647, 67.73, 4
2026/10/03 02:02:53.384, 20303, 0, 2647, 67.73, 4
2026/10/03 02:02:53.434, 20303, 0, 2647, 67.73, 4
2026/10/03 02:02:53.484, 20305, 0, 2647, 67.73, 4
2026/10/03 02:02:53.535, 20305, 0, 2647, 67.73, 4
2026/10/03 02:02:53.585, 20305, 0, 2647, 68.56, 4
2026/10/03 02:02:53.635, 20305, 0, 2647, 68.56, 4
2026/10/03 02:02:53.685, 20305, 0, 2647, 68.56, 4
2026/10/03 02:02:53.735, 20305, 0, 2647, 68.56, 4
2026/10/03 02:02:53.785, 20305, 0, 2647, 68.56, 4
2026/10/03 02:02:53.835, 20305, 0, 2647, 68.56, 4
2026/10/03 02:02:53.886, 20305, 0, 2647, 68.56, 4
2026/10/03 02:02:53.936, 20305, 0, 2647, 68.56, 4
2026/10/03 02:02:53.986, 20305, 0, 2647, 68.56, 4
2026/10/03 02:02:54.036, 20305, 0, 2647, 68.56, 4
2026/10/03 02:02:54.086, 20305, 0, 2647, 67.55, 4
2026/10/03 02:02:54.136, 20305, 0, 2647, 67.55, 4
2026/10/03 02:02:54.187, 20305, 0, 2647, 67.55, 4
2026/10/03 02:02:54.237, 20305, 0, 2647, 67.55, 4
2026/10/03 02:02:54.287, 20305, 0, 2647, 67.55, 4
2026/10/03 02:02:54.337, 20307, 0, 2647, 67.55, 4
2026/10/03 02:02:54.387, 20307, 0, 2647, 67.55, 4
2026/10/03 02:02:54.437, 20307, 0, 2647, 67.55, 4
2026/10/03 02:02:54.488, 20307, 0, 2647, 67.55, 4
2026/10/03 02:02:54.538, 20307, 0, 2647, 67.55, 4
2026/10/03 02:02:54.588, 20307, 0, 2655, 69.38, 4
2026/10/03 02:02:54.638, 20307, 0, 2655, 69.38, 4
2026/10/03 02:02:54.688, 20307, 0, 2655, 69.38, 4
2026/10/03 02:02:54.738, 20307, 0, 2655, 69.38, 4
2026/10/03 02:02:54.788, 20307, 0, 2655, 69.38, 4
2026/10/03 02:02:54.839, 20307, 0, 2655, 69.38, 4
2026/10/03 02:02:54.889, 20307, 0, 2655, 69.38, 4
2026/10/03 02:02:54.939, 20307, 0, 2655, 69.38, 4
2026/10/03 02:02:54.989, 20307, 0, 2655, 69.38, 4
2026/10/03 02:02:55.039, 20307, 0, 2655, 69.38, 4
2026/10/03 02:02:55.089, 20307, 0, 2647, 68.75, 4
2026/10/03 02:02:55.140, 20307, 0, 2647, 68.75, 4
2026/10/03 02:02:55.190, 20307, 0, 2647, 68.75, 4
2026/10/03 02:02:55.240, 20307, 0, 2647, 68.75, 4
2026/10/03 02:02:55.290, 20307, 0, 2647, 68.75, 4
2026/10/03 02:02:55.340, 20307, 0, 2647, 68.75, 4
2026/10/03 02:02:55.391, 20307, 0, 2647, 68.75, 4
2026/10/03 02:02:55.441, 20307, 0, 2647, 68.75, 4
2026/10/03 02:02:55.491, 20307, 0, 2647, 68.75, 4
2026/10/03 02:02:55.541, 20307, 0, 2647, 68.75, 4
2026/10/03 02:02:55.591, 20307, 0, 2647, 68.90, 4
2026/10/03 02:02:55.641, 20307, 0, 2647, 68.90, 4
2026/10/03 02:02:55.692, 20307, 0, 2647, 68.90, 4
2026/10/03 02:02:55.742, 20307, 0, 2647, 68.90, 4
2026/10/03 02:02:55.792, 20307, 0, 2647, 68.90, 4
2026/10/03 02:02:55.842, 20307, 0, 2647, 68.90, 4
2026/10/03 02:02:55.892, 20307, 0, 2647, 68.90, 4
2026/10/03 02:02:55.942, 20307, 0, 2647, 68.90, 4
2026/10/03 02:02:55.992, 20307, 0, 2647, 68.90, 4
2026/10/03 02:02:56.043, 20307, 0, 2647, 68.90, 4
2026/10/03 02:02:56.093, 20307, 4, 2647, 69.86, 4
2026/10/03 02:02:56.143, 20307, 4, 2647, 69.86, 4
2026/10/03 02:02:56.193, 20307, 4, 2647, 69.86, 4
2026/10/03 02:02:56.244, 20307, 4, 2647, 69.86, 4
2026/10/03 02:02:56.294, 20307, 4, 2647, 69.86, 4
2026/10/03 02:02:56.344, 20307, 4, 2647, 69.86, 4
2026/10/03 02:02:56.394, 20307, 4, 2647, 69.86, 4
2026/10/03 02:02:56.444, 20307, 4, 2647, 69.86, 4
2026/10/03 02:02:56.494, 20307, 4, 2647, 69.86, 4
2026/10/03 02:02:56.544, 20307, 4, 2647, 69.86, 4
2026/10/03 02:02:56.595, 20307, 4, 2647, 67.72, 4
2026/10/03 02:02:56.645, 20307, 4, 2647, 67.72, 4
2026/10/03 02:02:56.695, 20307, 4, 2647, 67.72, 4
2026/10/03 02:02:56.745, 20307, 4, 2647, 67.72, 4
2026/10/03 02:02:56.795, 20307, 4, 2647, 67.72, 4
2026/10/03 02:02:56.845, 20307, 4, 2647, 67.72, 4
2026/10/03 02:02:56.895, 20309, 4, 2647, 67.72, 4
2026/10/03 02:02:56.946, 20309, 4, 2647, 67.72, 4
2026/10/03 02:02:56.996, 20309, 4, 2647, 67.72, 4
2026/10/03 02:02:57.046, 20309, 4, 2647, 67.72, 4
2026/10/03 02:02:57.096, 20309, 0, 2655, 68.38, 4
2026/10/03 02:02:57.146, 20309, 0, 2655, 68.38, 4
2026/10/03 02:02:57.196, 20309, 0, 2655, 68.38, 4
2026/10/03 02:02:57.246, 20309, 0, 2655, 68.38, 4
2026/10/03 02:02:57.297, 20309, 0, 2655, 68.38, 4
2026/10/03 02:02:57.347, 20309, 0, 2655, 68.38, 4
2026/10/03 02:02:57.397, 20309, 0, 2655, 68.38, 4
2026/10/03 02:02:57.447, 20309, 0, 2655, 68.38, 4
2026/10/03 02:02:57.497, 20309, 0, 2655, 68.38, 4
2026/10/03 02:02:57.547, 20309, 0, 2655, 68.38, 4
2026/10/03 02:02:57.597, 20309, 0, 2655, 67.05, 4
2026/10/03 02:02:57.648, 20309, 0, 2655, 67.05, 4
2026/10/03 02:02:57.698, 20309, 0, 2655, 67.05, 4
2026/10/03 02:02:57.748, 20311, 0, 2655, 67.05, 4
2026/10/03 02:02:57.798, 20311, 0, 2655, 67.05, 4
2026/10/03 02:02:57.848, 20311, 0, 2655, 67.05, 4
2026/10/03 02:02:57.898, 20311, 0, 2655, 67.05, 4
2026/10/03 02:02:57.949, 20311, 0, 2655, 67.05, 4
2026/10/03 02:02:57.999, 20311, 0, 2655, 67.05, 4
2026/10/03 02:02:58.049, 20311, 0, 2655, 67.05, 4
2026/10/03 02:02:58.099, 20311, 0, 2655, 67.71, 4
2026/10/03 02:02:58.149, 20311, 0, 2655, 67.71, 4
2026/10/03 02:02:58.199, 20311, 0, 2655, 67.71, 4
2026/10/03 02:02:58.249, 20311, 0, 2655, 67.71, 4
2026/10/03 02:02:58.300, 20311, 0, 2655, 67.71, 4
2026/10/03 02:02:58.350, 20311, 0, 2655, 67.71, 4
2026/10/03 02:02:58.400, 20311, 0, 2655, 67.71, 4
2026/10/03 02:02:58.450, 20311, 0, 2655, 67.71, 4
2026/10/03 02:02:58.500, 20311, 0, 2655, 67.71, 4
2026/10/03 02:02:58.550, 20311, 0, 2655, 67.71, 4
2026/10/03 02:02:58.600, 20311, 0, 2647, 70.17, 4
2026/10/03 02:02:58.651, 20311, 0, 2647, 70.17, 4
2026/10/03 02:02:58.701, 20311, 0, 2647, 70.17, 4
2026/10/03 02:02:58.751, 20311, 0, 2647, 70.17, 4
2026/10/03 02:02:58.801, 20311, 0, 2647, 70.17, 4
2026/10/03 02:02:58.851, 20311, 0, 2647, 70.17, 4
2026/10/03 02:02:58.901, 20311, 0, 2647, 70.17, 4
2026/10/03 02:02:58.951, 20311, 0, 2647, 70.17, 4
2026/10/03 02:02:59.002, 20311, 0, 2647, 70.17, 4
2026/10/03 02:02:59.052, 20311, 0, 2647, 70.17, 4
2026/10/03 02:02:59.102, 20311, 0, 2647, 67.17, 4
2026/10/03 02:02:59.152, 20311, 0, 2647, 67.17, 4
2026/10/03 02:02:59.202, 20311, 0, 2647, 67.17, 4
2026/10/03 02:02:59.252, 20311, 0, 2647, 67.17, 4
2026/10/03 02:02:59.303, 20311, 0, 2647, 67.17, 4
2026/10/03 02:02:59.353, 20311, 0, 2647, 67.17, 4
2026/10/03 02:02:59.403, 20311, 0, 2647, 67.17, 4
2026/10/03 02:02:59.453, 20311, 0, 2647, 67.17, 4
2026/10/03 02:02:59.503, 20311, 0, 2647, 67.17, 4
2026/10/03 02:02:59.553, 20311, 0, 2647, 67.17, 4
2026/10/03 02:02:59.603, 20311, 0, 2655, 69.55, 4
2026/10/03 02:02:59.654, 20311, 0, 2655, 69.55, 4
2026/10/03 02:02:59.704, 20311, 0, 2655, 69.55, 4
2026/10/03 02:02:59.754, 20311, 0, 2655, 69.55, 4
2026/10/03 02:02:59.804, 20311, 0, 2655, 69.55, 4
2026/10/03 02:02:59.855, 20311, 0, 2655, 69.55, 4
2026/10/03 02:02:59.905, 20311, 0, 2655, 69.55, 4
2026/10/03 02:02:59.955, 20311, 0, 2655, 69.55, 4
2026/10/03 02:03:00.005, 20311, 0, 2655, 69.55, 4
2026/10/03 02:03:00.055, 20311, 0, 2655, 69.55, 4
2026/10/03 02:03:00.105, 20311, 0, 2647, 68.67, 4
2026/10/03 02:03:00.155, 20311, 0, 2647, 68.67, 4
2026/10/03 02:03:00.206, 20313, 0, 2647, 68.67, 4
2026/10/03 02:03:00.256, 20313, 0, 2647, 68.67, 4
2026/10/03 02:03:00.306, 20313, 0, 2647, 68.67, 4
2026/10/03 02:03:00.356, 20313, 0, 2647, 68.67, 4
2026/10/03 02:03:00.406, 20313, 0, 2647, 68.67, 4
2026/10/03 02:03:00.456, 20313, 0, 2647, 68.67, 4
2026/10/03 02:03:00.506, 20313, 0, 2647, 68.67, 4
2026/10/03 02:03:00.557, 20313, 0, 2647, 68.67, 4
2026/10/03 02:03:00.607, 20313, 0, 2655, 67.09, 4
2026/10/03 02:03:00.657, 20313, 0, 2655, 67.09, 4
2026/10/03 02:03:00.707, 20313, 0, 2655, 67.09, 4
2026/10/03 02:03:00.757, 20313, 0, 2655, 67.09, 4
2026/10/03 02:03:00.807, 20313, 0, 2655, 67.09, 4
2026/10/03 02:03:00.858, 20313, 0, 2655, 67.09, 4
2026/10/03 02:03:00.908, 20313, 0, 2655, 67.09, 4
2026/10/03 02:03:00.958, 20313, 0, 2655, 67.09, 4
2026/10/03 02:03:01.008, 20313, 0, 2655, 67.09, 4
2026/10/03 02:03:01.058, 20315, 0, 2655, 67.09, 4
2026/10/03 02:03:01.108, 20315, 0, 2647, 68.64, 4
2026/10/03 02:03:01.158, 20315, 0, 2647, 68.64, 4
2026/10/03 02:03:01.209, 20315, 0, 2647, 68.64, 4
2026/10/03 02:03:01.259, 20315, 0, 2647, 68.64, 4
2026/10/03 02:03:01.309, 20315, 0, 2647, 68.64, 4
2026/10/03 02:03:01.359, 20315, 0, 2647, 68.64, 4
2026/10/03 02:03:01.409, 20315, 0, 2647, 68.64, 4
2026/10/03 02:03:01.459, 20315, 0, 2647, 68.64, 4
2026/10/03 02:03:01.510, 20315, 0, 2647, 68.64, 4
2026/10/03 02:03:01.560, 20315, 0, 2647, 68.64, 4
2026/10/03 02:03:01.610, 20315, 0, 2647, 67.18, 4
2026/10/03 02:03:01.660, 20315, 0, 2647, 67.18, 4
2026/10/03 02:03:01.710, 20315, 0, 2647, 67.18, 4
2026/10/03 02:03:01.760, 20315, 0, 2647, 67.18, 4
2026/10/03 02:03:01.811, 20315, 0, 2647, 67.18, 4
2026/10/03 02:03:01.861, 20315, 0, 2647, 67.18, 4
2026/10/03 02:03:01.911, 20315, 0, 2647, 67.18, 4
2026/10/03 02:03:01.961, 20315, 0, 2647, 67.18, 4
2026/10/03 02:03:02.011, 20315, 0, 2647, 67.18, 4
2026/10/03 02:03:02.061, 20315, 0, 2647, 67.18, 4
2026/10/03 02:03:02.112, 20315, 0, 2647, 68.72, 4
2026/10/03 02:03:02.162, 20315, 0, 2647, 68.72, 4
2026/10/03 02:03:02.212, 20315, 0, 2647, 68.72, 4
2026/10/03 02:03:02.262, 20315, 0, 2647, 68.72, 4
2026/10/03 02:03:02.312, 20315, 0, 2647, 68.72, 4
2026/10/03 02:03:02.362, 20315, 0, 2647, 68.72, 4
2026/10/03 02:03:02.412, 20315, 0, 2647, 68.72, 4
2026/10/03 02:03:02.463, 20315, 0, 2647, 68.72, 4
2026/10/03 02:03:02.513, 20315, 0, 2647, 68.72, 4
2026/10/03 02:03:02.563, 20315, 0, 2647, 68.72, 4
2026/10/03 02:03:02.613, 20315, 0, 2647, 69.80, 4
2026/10/03 02:03:02.663, 20315, 0, 2647, 69.80, 4
2026/10/03 02:03:02.713, 20315, 0, 2647, 69.80, 4
2026/10/03 02:03:02.763, 20317, 0, 2647, 69.80, 4
2026/10/03 02:03:02.814, 20317, 0, 2647, 69.80, 4
2026/10/03 02:03:02.864, 20317, 0, 2647, 69.80, 4
2026/10/03 02:03:02.914, 20317, 0, 2647, 69.80, 4
2026/10/03 02:03:02.964, 20317, 0, 2647, 69.80, 4
2026/10/03 02:03:03.015, 20389, 0, 2647, 69.80, 4
2026/10/03 02:03:03.065, 20409, 0, 2647, 69.80, 4
2026/10/03 02:03:03.115, 20409, 6, 2812, 88.72, 4
2026/10/03 02:03:03.165, 20409, 6, 2812, 88.72, 4
2026/10/03 02:03:03.215, 20409, 6, 2812, 88.72, 4
2026/10/03 02:03:03.266, 20409, 6, 2812, 88.72, 4
2026/10/03 02:03:03.316, 20409, 6, 2812, 88.72, 4
2026/10/03 02:03:03.366, 20409, 6, 2812, 88.72, 4
2026/10/03 02:03:03.416, 20409, 6, 2812, 88.72, 4
2026/10/03 02:03:03.467, 20409, 6, 2812, 88.72, 4
2026/10/03 02:03:03.517, 20409, 6, 2812, 88.72, 4
2026/10/03 02:03:03.567, 20409, 6, 2812, 88.72, 4
2026/10/03 02:03:03.617, 18461, 6, 2932, 69.38, 4
2026/10/03 02:03:03.667, 18461, 6, 2932, 69.38, 4
2026/10/03 02:03:03.718, 18585, 6, 2932, 69.38, 4
2026/10/03 02:03:03.768, 18585, 6, 2932, 69.38, 4
2026/10/03 02:03:03.818, 18625, 6, 2932, 69.38, 4
2026/10/03 02:03:03.868, 18685, 6, 2932, 69.38, 4
2026/10/03 02:03:03.919, 18705, 6, 2932, 69.38, 4
2026/10/03 02:03:03.969, 18765, 6, 2932, 69.38, 4
2026/10/03 02:03:04.019, 18805, 6, 2932, 69.38, 4
2026/10/03 02:03:04.069, 18845, 6, 2880, 180.65, 4
2026/10/03 02:03:04.119, 18885, 23, 2880, 180.65, 4
2026/10/03 02:03:04.170, 18925, 23, 2880, 180.65, 4
2026/10/03 02:03:04.220, 19005, 23, 2880, 180.65, 4
2026/10/03 02:03:04.270, 19065, 23, 2880, 180.65, 4
2026/10/03 02:03:04.320, 19085, 23, 2880, 180.65, 4
2026/10/03 02:03:04.370, 19145, 23, 2880, 180.65, 4
2026/10/03 02:03:04.421, 19185, 23, 2880, 180.65, 4
2026/10/03 02:03:04.471, 19225, 23, 2880, 180.65, 4
2026/10/03 02:03:04.521, 19265, 23, 2880, 180.65, 4
2026/10/03 02:03:04.571, 19345, 23, 3045, 188.18, 4
2026/10/03 02:03:04.622, 19385, 23, 3045, 188.18, 4
2026/10/03 02:03:04.672, 19425, 23, 3045, 188.18, 4
2026/10/03 02:03:04.722, 19505, 23, 3045, 188.18, 4
2026/10/03 02:03:04.772, 19565, 23, 3045, 188.18, 4
2026/10/03 02:03:04.822, 19605, 23, 3045, 188.18, 4
2026/10/03 02:03:04.873, 19645, 23, 3045, 188.18, 4
2026/10/03 02:03:04.923, 19685, 23, 3045, 188.18, 4
2026/10/03 02:03:04.973, 19765, 23, 3045, 188.18, 4
2026/10/03 02:03:05.023, 19805, 23, 3045, 188.18, 4
2026/10/03 02:03:05.073, 19865, 26, 3045, 195.95, 4
2026/10/03 02:03:05.124, 19905, 26, 3045, 195.95, 4
2026/10/03 02:03:05.174, 19985, 26, 3045, 195.95, 4
2026/10/03 02:03:05.224, 20025, 26, 3045, 195.95, 4
2026/10/03 02:03:05.274, 20065, 26, 3045, 195.95, 4
2026/10/03 02:03:05.325, 20105, 26, 3045, 195.95, 4
2026/10/03 02:03:05.375, 20145, 26, 3045, 195.95, 4
2026/10/03 02:03:05.425, 20185, 26, 3045, 195.95, 4
2026/10/03 02:03:05.475, 20265, 26, 3045, 195.95, 4
2026/10/03 02:03:05.525, 20305, 26, 3045, 195.95, 4
2026/10/03 02:03:05.576, 20345, 26, 3045, 184.57, 4
2026/10/03 02:03:05.626, 20385, 26, 3045, 184.57, 4
2026/10/03 02:03:05.676, 20465, 26, 3045, 184.57, 4
2026/10/03 02:03:05.726, 20525, 26, 3045, 184.57, 4
2026/10/03 02:03:05.776, 20545, 26, 3045, 184.57, 4
2026/10/03 02:03:05.827, 20647, 26, 3045, 184.57, 4
2026/10/03 02:03:05.877, 20647, 26, 3045, 184.57, 4
2026/10/03 02:03:05.927, 20647, 26, 3045, 184.57, 4
2026/10/03 02:03:05.977, 20647, 26, 3045, 184.57, 4
2026/10/03 02:03:06.028, 20647, 26, 3045, 184.57, 4
2026/10/03 02:03:06.078, 20647, 19, 3030, 113.07, 4
2026/10/03 02:03:06.128, 20647, 19, 3030, 113.07, 4
2026/10/03 02:03:06.178, 20647, 19, 3030, 113.07, 4
2026/10/03 02:03:06.228, 20647, 19, 3030, 113.07, 4
2026/10/03 02:03:06.279, 20647, 19, 3030, 113.07, 4
2026/10/03 02:03:06.329, 20647, 19, 3030, 113.07, 4
2026/10/03 02:03:06.379, 20647, 19, 3030, 113.07, 4
2026/10/03 02:03:06.429, 20647, 19, 3030, 113.07, 4
2026/10/03 02:03:06.480, 20647, 19, 3030, 113.07, 4
2026/10/03 02:03:06.530, 20647, 19, 3030, 113.07, 4
2026/10/03 02:03:06.580, 20647, 19, 3030, 181.18, 4
2026/10/03 02:03:06.630, 20647, 19, 3030, 181.18, 4
2026/10/03 02:03:06.680, 20647, 19, 3030, 181.18, 4
2026/10/03 02:03:06.731, 20647, 19, 3030, 181.18, 4
2026/10/03 02:03:06.781, 20647, 19, 3030, 181.18, 4
2026/10/03 02:03:06.831, 20647, 19, 3030, 181.18, 4
2026/10/03 02:03:06.881, 20647, 19, 3030, 181.18, 4
2026/10/03 02:03:06.932, 20647, 19, 3030, 181.18, 4
2026/10/03 02:03:06.982, 20647, 19, 3030, 181.18, 4
2026/10/03 02:03:07.032, 20647, 19, 3030, 181.18, 4
2026/10/03 02:03:07.082, 20647, 23, 3030, 186.86, 4
2026/10/03 02:03:07.132, 20647, 23, 3030, 186.86, 4
2026/10/03 02:03:07.183, 20647, 23, 3030, 186.86, 4
2026/10/03 02:03:07.233, 20647, 23, 3030, 186.86, 4
2026/10/03 02:03:07.283, 20647, 23, 3030, 186.86, 4
2026/10/03 02:03:07.333, 20647, 23, 3030, 186.86, 4
2026/10/03 02:03:07.384, 20647, 23, 3030, 186.86, 4
2026/10/03 02:03:07.434, 20647, 23, 3030, 186.86, 4
2026/10/03 02:03:07.484, 20647, 23, 3030, 186.86, 4
2026/10/03 02:03:07.534, 20647, 23, 3030, 186.86, 4
2026/10/03 02:03:07.584, 20647, 23, 3030, 179.57, 4
2026/10/03 02:03:07.635, 20647, 23, 3030, 179.57, 4
2026/10/03 02:03:07.685, 20647, 23, 3030, 179.57, 4
2026/10/03 02:03:07.735, 20647, 23, 3030, 179.57, 4
2026/10/03 02:03:07.785, 20647, 23, 3030, 179.57, 4
2026/10/03 02:03:07.835, 20647, 23, 3030, 179.57, 4
2026/10/03 02:03:07.886, 20647, 23, 3030, 179.57, 4
2026/10/03 02:03:07.936, 20647, 23, 3030, 179.57, 4
2026/10/03 02:03:07.986, 20647, 23, 3030, 179.57, 4
2026/10/03 02:03:08.036, 20647, 23, 3030, 179.57, 4
2026/10/03 02:03:08.087, 20647, 23, 3030, 177.86, 4
2026/10/03 02:03:08.137, 20647, 23, 3030, 177.86, 4
2026/10/03 02:03:08.187, 20647, 23, 3030, 177.86, 4
2026/10/03 02:03:08.237, 20647, 23, 3030, 177.86, 4
2026/10/03 02:03:08.287, 20647, 23, 3030, 177.86, 4
2026/10/03 02:03:08.338, 20647, 23, 3030, 177.86, 4
2026/10/03 02:03:08.388, 20647, 23, 3030, 177.86, 4
2026/10/03 02:03:08.438, 20647, 23, 3030, 177.86, 4
2026/10/03 02:03:08.488, 20647, 23, 3030, 177.86, 4
2026/10/03 02:03:08.539, 20647, 23, 3030, 177.86, 4
2026/10/03 02:03:08.589, 20647, 23, 3037, 306.22, 4
2026/10/03 02:03:08.639, 20647, 23, 3037, 306.22, 4
2026/10/03 02:03:08.689, 20647, 23, 3037, 306.22, 4
2026/10/03 02:03:08.739, 20647, 23, 3037, 306.22, 4
2026/10/03 02:03:08.790, 20647, 23, 3037, 306.22, 4
2026/10/03 02:03:08.840, 20647, 23, 3037, 306.22, 4
2026/10/03 02:03:08.890, 20647, 23, 3037, 306.22, 4
2026/10/03 02:03:08.940, 20647, 23, 3037, 306.22, 4
2026/10/03 02:03:08.991, 20647, 23, 3037, 306.22, 4
2026/10/03 02:03:09.041, 20647, 23, 3037, 306.22, 4
2026/10/03 02:03:09.091, 20647, 97, 3030, 307.40, 4
2026/10/03 02:03:09.141, 20647, 97, 3030, 307.40, 4
2026/10/03 02:03:09.191, 20647, 97, 3030, 307.40, 4
2026/10/03 02:03:09.242, 20647, 97, 3030, 307.40, 4
2026/10/03 02:03:09.292, 20647, 97, 3030, 307.40, 4
2026/10/03 02:03:09.342, 20647, 97, 3030, 307.40, 4
2026/10/03 02:03:09.392, 20647, 97, 3030, 307.40, 4
2026/10/03 02:03:09.443, 20647, 97, 3030, 307.40, 4
2026/10/03 02:03:09.493, 20647, 97, 3030, 307.40, 4
2026/10/03 02:03:09.543, 20647, 97, 3030, 307.40, 4
2026/10/03 02:03:09.593, 20647, 97, 3030, 302.78, 4
2026/10/03 02:03:09.644, 20647, 97, 3030, 302.78, 4
2026/10/03 02:03:09.694, 20647, 97, 3030, 302.78, 4
2026/10/03 02:03:09.744, 20647, 97, 3030, 302.78, 4
2026/10/03 02:03:09.794, 20647, 97, 3030, 302.78, 4
2026/10/03 02:03:09.844, 20647, 97, 3030, 302.78, 4
2026/10/03 02:03:09.895, 20647, 97, 3030, 302.78, 4
2026/10/03 02:03:09.945, 20647, 97, 3030, 302.78, 4
2026/10/03 02:03:09.995, 20647, 97, 3030, 302.78, 4
2026/10/03 02:03:10.045, 20647, 97, 3030, 302.78, 4
2026/10/03 02:03:10.095, 20647, 97, 3030, 311.59, 4
2026/10/03 02:03:10.146, 20647, 97, 3030, 311.59, 4
2026/10/03 02:03:10.196, 20647, 97, 3030, 311.59, 4
2026/10/03 02:03:10.246, 20647, 97, 3030, 311.59, 4
2026/10/03 02:03:10.296, 20647, 97, 3030, 311.59, 4
2026/10/03 02:03:10.346, 20647, 97, 3030, 311.59, 4
2026/10/03 02:03:10.397, 20647, 97, 3030, 311.59, 4
2026/10/03 02:03:10.447, 20647, 97, 3030, 311.59, 4
2026/10/03 02:03:10.497, 20647, 97, 3030, 311.59, 4
2026/10/03 02:03:10.547, 20647, 97, 3030, 311.59, 4
2026/10/03 02:03:10.597, 20647, 97, 3030, 308.76, 4
2026/10/03 02:03:10.648, 20647, 97, 3030, 308.76, 4
2026/10/03 02:03:10.698, 20647, 97, 3030, 308.76, 4
2026/10/03 02:03:10.748, 20647, 97, 3030, 308.76, 4
2026/10/03 02:03:10.798, 20647, 97, 3030, 308.76, 4
2026/10/03 02:03:10.848, 20647, 97, 3030, 308.76, 4
2026/10/03 02:03:10.899, 20647, 97, 3030, 308.76, 4
2026/10/03 02:03:10.949, 20647, 97, 3030, 308.76, 4
2026/10/03 02:03:10.999, 20647, 97, 3030, 308.76, 4
2026/10/03 02:03:11.049, 20647, 97, 3030, 308.76, 4
2026/10/03 02:03:11.100, 20647, 97, 3030, 311.98, 4
2026/10/03 02:03:11.150, 20647, 97, 3030, 311.98, 4
2026/10/03 02:03:11.200, 20647, 97, 3030, 311.98, 4
2026/10/03 02:03:11.250, 20647, 97, 3030, 311.98, 4
2026/10/03 02:03:11.300, 20647, 97, 3030, 311.98, 4
2026/10/03 02:03:11.351, 20647, 97, 3030, 311.98, 4
2026/10/03 02:03:11.401, 20647, 97, 3030, 311.98, 4
2026/10/03 02:03:11.451, 20647, 97, 3030, 311.98, 4
2026/10/03 02:03:11.501, 20647, 97, 3030, 311.98, 4
2026/10/03 02:03:11.552, 20647, 97, 3030, 311.98, 4
2026/10/03 02:03:11.602, 20647, 97, 3030, 311.53, 4
2026/10/03 02:03:11.652, 20647, 97, 3030, 311.53, 4
2026/10/03 02:03:11.702, 20647, 97, 3030, 311.53, 4
2026/10/03 02:03:11.752, 20647, 97, 3030, 311.53, 4
2026/10/03 02:03:11.803, 20647, 97, 3030, 311.53, 4
2026/10/03 02:03:11.853, 20647, 97, 3030, 311.53, 4
2026/10/03 02:03:11.903, 20647, 97, 3030, 311.53, 4
2026/10/03 02:03:11.953, 20647, 97, 3030, 311.53, 4
2026/10/03 02:03:12.004, 20647, 97, 3030, 311.53, 4
2026/10/03 02:03:12.054, 20647, 97, 3030, 311.53, 4
2026/10/03 02:03:12.104, 20647, 97, 3030, 311.09, 4
2026/10/03 02:03:12.154, 20647, 97, 3030, 311.09, 4
2026/10/03 02:03:12.204, 20647, 97, 3030, 311.09, 4
2026/10/03 02:03:12.255, 20647, 97, 3030, 311.09, 4
2026/10/03 02:03:12.305, 20647, 97, 3030, 311.09, 4
2026/10/03 02:03:12.355, 20647, 97, 3030, 311.09, 4
2026/10/03 02:03:12.405, 20647, 97, 3030, 311.09, 4
2026/10/03 02:03:12.456, 20647, 97, 3030, 311.09, 4
2026/10/03 02:03:12.506, 20647, 97, 3030, 311.09, 4
2026/10/03 02:03:12.556, 20647, 97, 3030, 311.09, 4
2026/10/03 02:03:12.606, 20647, 97, 3030, 312.47, 4
2026/10/03 02:03:12.656, 20647, 97, 3030, 312.47, 4
2026/10/03 02:03:12.707, 20647, 97, 3030, 312.47, 4
2026/10/03 02:03:12.757, 20647, 97, 3030, 312.47, 4
2026/10/03 02:03:12.807, 20647, 97, 3030, 312.47, 4
2026/10/03 02:03:12.857, 20647, 97, 3030, 312.47, 4
2026/10/03 02:03:12.907, 20647, 97, 3030, 312.47, 4
2026/10/03 02:03:12.958, 20647, 97, 3030, 312.47, 4
2026/10/03 02:03:13.008, 20647, 97, 3030, 312.47, 4
2026/10/03 02:03:13.058, 20647, 97, 3030, 312.47, 4
2026/10/03 02:03:13.108, 20647, 97, 3030, 312.27, 4
2026/10/03 02:03:13.159, 20647, 97, 3030, 312.27, 4
2026/10/03 02:03:13.209, 20647, 97, 3030, 312.27, 4
2026/10/03 02:03:13.259, 20647, 97, 3030, 312.27, 4
2026/10/03 02:03:13.309, 20647, 97, 3030, 312.27, 4
2026/10/03 02:03:13.360, 20647, 97, 3030, 312.27, 4
2026/10/03 02:03:13.410, 20647, 97, 3030, 312.27, 4
2026/10/03 02:03:13.460, 20647, 97, 3030, 312.27, 4
2026/10/03 02:03:13.510, 20647, 97, 3030, 312.27, 4
2026/10/03 02:03:13.560, 20647, 97, 3030, 312.27, 4
2026/10/03 02:03:13.611, 20647, 97, 3037, 92.46, 4
2026/10/03 02:03:13.661, 20647, 97, 3037, 92.46, 4
2026/10/03 02:03:13.711, 20647, 97, 3037, 92.46, 4
2026/10/03 02:03:13.761, 20647, 97, 3037, 92.46, 4
2026/10/03 02:03:13.812, 20647, 97, 3037, 92.46, 4
2026/10/03 02:03:13.862, 20647, 97, 3037, 92.46, 4
2026/10/03 02:03:13.912, 20647, 97, 3037, 92.46, 4
2026/10/03 02:03:13.962, 20647, 97, 3037, 92.46, 4
2026/10/03 02:03:14.012, 20647, 97, 3037, 92.46, 4
2026/10/03 02:03:14.063, 20647, 97, 3037, 92.46, 4
2026/10/03 02:03:14.113, 20647, 0, 3045, 92.57, 4
2026/10/03 02:03:14.163, 20647, 0, 3045, 92.57, 4
2026/10/03 02:03:14.213, 20647, 0, 3045, 92.57, 4
2026/10/03 02:03:14.264, 20647, 0, 3045, 92.57, 4
2026/10/03 02:03:14.314, 20647, 0, 3045, 92.57, 4
2026/10/03 02:03:14.364, 20647, 0, 3045, 92.57, 4
2026/10/03 02:03:14.414, 20647, 0, 3045, 92.57, 4
2026/10/03 02:03:14.464, 20647, 0, 3045, 92.57, 4
2026/10/03 02:03:14.515, 20647, 0, 3045, 92.57, 4
2026/10/03 02:03:14.565, 20647, 0, 3045, 92.57, 4
2026/10/03 02:03:14.615, 20647, 0, 3045, 90.74, 4
2026/10/03 02:03:14.666, 20647, 0, 3045, 90.74, 4
2026/10/03 02:03:14.716, 20647, 0, 3045, 90.74, 4
2026/10/03 02:03:14.766, 20647, 0, 3045, 90.74, 4
2026/10/03 02:03:14.816, 20647, 0, 3045, 90.74, 4
2026/10/03 02:03:14.866, 20647, 0, 3045, 90.74, 4
2026/10/03 02:03:14.916, 20647, 0, 3045, 90.74, 4
2026/10/03 02:03:14.967, 20647, 0, 3045, 90.74, 4
2026/10/03 02:03:15.017, 20647, 0, 3045, 90.74, 4
2026/10/03 02:03:15.067, 20647, 0, 3045, 90.74, 4
2026/10/03 02:03:15.117, 20647, 0, 3045, 71.88, 4
2026/10/03 02:03:15.168, 20647, 0, 3045, 71.88, 4
2026/10/03 02:03:15.218, 20647, 0, 3045, 71.88, 4
2026/10/03 02:03:15.268, 20645, 0, 3045, 71.88, 4
2026/10/03 02:03:15.318, 20645, 0, 3045, 71.88, 4
2026/10/03 02:03:15.369, 20642, 0, 3045, 71.88, 4
2026/10/03 02:03:15.419, 20642, 0, 3045, 71.88, 4
2026/10/03 02:03:15.469, 20642, 0, 3045, 71.88, 4
2026/10/03 02:03:15.519, 0, 0, 2647, 69.54, 4
